2026-08-27 12:09:04,577 | INFO  | baostock 登录成功
2026-08-27 12:09:04,615 | INFO  | 共 3193 只，已完成 10，本次下载 3183 只 (2015~2026 年)
2026-08-27 12:09:09,830 | INFO  | [1/3183] sh.600016 18笔分红 | 已用5s ETA16593s
2026-08-27 12:09:09,831 | INFO  | [2/3183] sh.600017 12笔分红 | 已用5s ETA8295s
2026-08-27 12:09:09,831 | INFO  | [3/3183] sh.600018 14笔分红 | 已用5s ETA5529s
2026-08-27 12:09:09,831 | INFO  | [4/3183] sh.600019 17笔分红 | 已用5s ETA4145s
2026-08-27 12:09:09,831 | INFO  | [5/3183] sh.600020 12笔分红 | 已用5s ETA3315s
2026-08-27 12:09:09,831 | INFO  | [6/3183] sh.600021 11笔分红 | 已用5s ETA2762s
2026-08-27 12:09:09,832 | INFO  | [7/3183] sh.600022 3笔分红 | 已用5s ETA2367s
2026-08-27 12:09:09,838 | INFO  | [8/3183] sh.600023 11笔分红 | 已用5s ETA2073s
2026-08-27 12:09:12,974 | INFO  | [9/3183] sh.600025 9笔分红 | 已用8s ETA2948s
2026-08-27 12:09:12,975 | INFO  | [10/3183] sh.600026 12笔分红 | 已用8s ETA2652s
2026-08-27 12:09:12,975 | INFO  | [11/3183] sh.600027 14笔分红 | 已用8s ETA2411s
2026-08-27 12:09:12,975 | INFO  | [12/3183] sh.600028 23笔分红 | 已用8s ETA2209s
2026-08-27 12:09:12,975 | INFO  | [13/3183] sh.600029 5笔分红 | 已用8s ETA2038s
2026-08-27 12:09:12,976 | INFO  | [14/3183] sh.600030 14笔分红 | 已用8s ETA1892s
2026-08-27 12:09:12,976 | INFO  | [15/3183] sh.600031 14笔分红 | 已用8s ETA1766s
2026-08-27 12:09:12,976 | INFO  | [16/3183] sh.600032 7笔分红 | 已用8s ETA1655s
2026-08-27 12:09:13,688 | INFO  | [17/3183] sh.600059 11笔分红 | 已用9s ETA1690s
2026-08-27 12:09:13,689 | INFO  | [18/3183] sh.600060 12笔分红 | 已用9s ETA1595s
2026-08-27 12:09:13,689 | INFO  | [19/3183] sh.600061 11笔分红 | 已用9s ETA1511s
2026-08-27 12:09:13,689 | INFO  | [20/3183] sh.600062 14笔分红 | 已用9s ETA1435s
2026-08-27 12:09:13,689 | INFO  | [21/3183] sh.600063 11笔分红 | 已用9s ETA1366s
2026-08-27 12:09:13,690 | INFO  | [22/3183] sh.600064 12笔分红 | 已用9s ETA1304s
2026-08-27 12:09:13,690 | INFO  | [23/3183] sh.600066 15笔分红 | 已用9s ETA1247s
2026-08-27 12:09:13,690 | INFO  | [24/3183] sh.600067 8笔分红 | 已用9s ETA1194s
2026-08-27 12:09:15,074 | INFO  | [25/3183] sh.600071 0笔分红 | 已用10s ETA1321s
2026-08-27 12:09:15,075 | INFO  | [26/3183] sh.600072 9笔分红 | 已用10s ETA1270s
2026-08-27 12:09:15,075 | INFO  | [27/3183] sh.600073 10笔分红 | 已用10s ETA1223s
2026-08-27 12:09:15,075 | INFO  | [28/3183] sh.600075 7笔分红 | 已用10s ETA1179s
2026-08-27 12:09:15,075 | INFO  | [29/3183] sh.600076 2笔分红 | 已用10s ETA1138s
2026-08-27 12:09:15,075 | INFO  | [30/3183] sh.600078 8笔分红 | 已用10s ETA1099s
2026-08-27 12:09:15,075 | INFO  | [31/3183] sh.600079 12笔分红 | 已用10s ETA1064s
2026-08-27 12:09:15,075 | INFO  | [32/3183] sh.600080 6笔分红 | 已用10s ETA1030s
2026-08-27 12:09:15,892 | INFO  | [33/3183] sh.600033 14笔分红 | 已用11s ETA1076s
2026-08-27 12:09:15,892 | INFO  | [34/3183] sh.600035 12笔分红 | 已用11s ETA1044s
2026-08-27 12:09:15,892 | INFO  | [35/3183] sh.600036 13笔分红 | 已用11s ETA1014s
2026-08-27 12:09:15,892 | INFO  | [36/3183] sh.600037 12笔分红 | 已用11s ETA986s
2026-08-27 12:09:15,893 | INFO  | [37/3183] sh.600038 12笔分红 | 已用11s ETA959s
2026-08-27 12:09:15,893 | INFO  | [38/3183] sh.600039 14笔分红 | 已用11s ETA933s
2026-08-27 12:09:15,893 | INFO  | [39/3183] sh.600048 12笔分红 | 已用11s ETA909s
2026-08-27 12:09:15,893 | INFO  | [40/3183] sh.600050 16笔分红 | 已用11s ETA886s
2026-08-27 12:09:16,470 | INFO  | [41/3183] sh.600081 12笔分红 | 已用12s ETA908s
2026-08-27 12:09:16,471 | INFO  | [42/3183] sh.600082 3笔分红 | 已用12s ETA887s
2026-08-27 12:09:16,471 | INFO  | [43/3183] sh.600084 0笔分红 | 已用12s ETA866s
2026-08-27 12:09:16,471 | INFO  | [44/3183] sh.600085 14笔分红 | 已用12s ETA846s
2026-08-27 12:09:16,471 | INFO  | [45/3183] sh.600088 9笔分红 | 已用12s ETA827s
2026-08-27 12:09:16,471 | INFO  | [46/3183] sh.600089 12笔分红 | 已用12s ETA808s
2026-08-27 12:09:16,472 | INFO  | [47/3183] sh.600094 6笔分红 | 已用12s ETA791s
2026-08-27 12:09:16,472 | INFO  | [48/3183] sh.600095 10笔分红 | 已用12s ETA774s
2026-08-27 12:09:20,593 | INFO  | [49/3183] sh.600096 5笔分红 | 已用16s ETA1022s
2026-08-27 12:09:20,594 | INFO  | [50/3183] sh.600097 10笔分红 | 已用16s ETA1001s
2026-08-27 12:09:20,594 | INFO  | [51/3183] sh.600098 13笔分红 | 已用16s ETA981s
2026-08-27 12:09:20,594 | INFO  | [52/3183] sh.600099 6笔分红 | 已用16s ETA962s
2026-08-27 12:09:20,594 | INFO  | [53/3183] sh.600100 7笔分红 | 已用16s ETA944s
2026-08-27 12:09:20,595 | INFO  | [54/3183] sh.600101 13笔分红 | 已用16s ETA926s
2026-08-27 12:09:20,601 | INFO  | [55/3183] sh.600103 4笔分红 | 已用16s ETA909s
2026-08-27 12:09:20,601 | INFO  | [56/3183] sh.600104 12笔分红 | 已用16s ETA893s
2026-08-27 12:09:21,651 | INFO  | [57/3183] sh.600105 10笔分红 | 已用17s ETA934s
2026-08-27 12:09:21,652 | INFO  | [58/3183] sh.600106 12笔分红 | 已用17s ETA918s
2026-08-27 12:09:21,653 | INFO  | [59/3183] sh.600107 0笔分红 | 已用17s ETA902s
2026-08-27 12:09:21,653 | INFO  | [60/3183] sh.600108 11笔分红 | 已用17s ETA887s
2026-08-27 12:09:21,653 | INFO  | [61/3183] sh.600109 12笔分红 | 已用17s ETA872s
2026-08-27 12:09:21,653 | INFO  | [62/3183] sh.600110 3笔分红 | 已用17s ETA858s
2026-08-27 12:09:21,653 | INFO  | [63/3183] sh.600111 11笔分红 | 已用17s ETA844s
2026-08-27 12:09:21,654 | INFO  | [64/3183] sh.600113 11笔分红 | 已用17s ETA830s
2026-08-27 12:09:21,967 | INFO  | [65/3183] sh.600123 10笔分红 | 已用17s ETA832s
2026-08-27 12:09:21,968 | INFO  | [66/3183] sh.600125 13笔分红 | 已用17s ETA820s
2026-08-27 12:09:21,968 | INFO  | [67/3183] sh.600126 8笔分红 | 已用17s ETA807s
2026-08-27 12:09:21,968 | INFO  | [68/3183] sh.600127 0笔分红 | 已用17s ETA795s
2026-08-27 12:09:21,968 | INFO  | [69/3183] sh.600128 11笔分红 | 已用17s ETA783s
2026-08-27 12:09:21,968 | INFO  | [70/3183] sh.600129 3笔分红 | 已用17s ETA772s
2026-08-27 12:09:21,968 | INFO  | [71/3183] sh.600130 0笔分红 | 已用17s ETA761s
2026-08-27 12:09:21,969 | INFO  | [72/3183] sh.600131 13笔分红 | 已用17s ETA750s
2026-08-27 12:09:21,998 | INFO  | [73/3183] sh.600114 13笔分红 | 已用17s ETA741s
2026-08-27 12:09:21,999 | INFO  | [74/3183] sh.600115 4笔分红 | 已用17s ETA730s
2026-08-27 12:09:21,999 | INFO  | [75/3183] sh.600116 15笔分红 | 已用17s ETA720s
2026-08-27 12:09:21,999 | INFO  | [76/3183] sh.600117 0笔分红 | 已用17s ETA711s
2026-08-27 12:09:21,999 | INFO  | [77/3183] sh.600118 12笔分红 | 已用17s ETA701s
2026-08-27 12:09:21,999 | INFO  | [78/3183] sh.600119 3笔分红 | 已用17s ETA692s
2026-08-27 12:09:22,000 | INFO  | [79/3183] sh.600120 13笔分红 | 已用17s ETA683s
2026-08-27 12:09:22,000 | INFO  | [80/3183] sh.600121 1笔分红 | 已用17s ETA674s
2026-08-27 12:09:23,375 | INFO  | [81/3183] sh.600051 11笔分红 | 已用19s ETA718s
2026-08-27 12:09:23,375 | INFO  | [82/3183] sh.600052 5笔分红 | 已用19s ETA709s
2026-08-27 12:09:23,375 | INFO  | [83/3183] sh.600053 5笔分红 | 已用19s ETA701s
2026-08-27 12:09:23,375 | INFO  | [84/3183] sh.600054 11笔分红 | 已用19s ETA692s
2026-08-27 12:09:23,375 | INFO  | [85/3183] sh.600055 11笔分红 | 已用19s ETA684s
2026-08-27 12:09:23,375 | INFO  | [86/3183] sh.600056 14笔分红 | 已用19s ETA676s
2026-08-27 12:09:23,376 | INFO  | [87/3183] sh.600057 12笔分红 | 已用19s ETA668s
2026-08-27 12:09:23,376 | INFO  | [88/3183] sh.600058 2笔分红 | 已用19s ETA660s
2026-08-27 12:09:24,493 | INFO  | [89/3183] sh.600132 13笔分红 | 已用20s ETA691s
2026-08-27 12:09:24,494 | INFO  | [90/3183] sh.600133 9笔分红 | 已用20s ETA683s
2026-08-27 12:09:24,494 | INFO  | [91/3183] sh.600135 9笔分红 | 已用20s ETA675s
2026-08-27 12:09:24,494 | INFO  | [92/3183] sh.600136 2笔分红 | 已用20s ETA668s
2026-08-27 12:09:24,494 | INFO  | [93/3183] sh.600137 9笔分红 | 已用20s ETA660s
2026-08-27 12:09:24,494 | INFO  | [94/3183] sh.600138 9笔分红 | 已用20s ETA653s
2026-08-27 12:09:24,494 | INFO  | [95/3183] sh.600141 12笔分红 | 已用20s ETA646s
2026-08-27 12:09:24,494 | INFO  | [96/3183] sh.600143 12笔分红 | 已用20s ETA639s
2026-08-27 12:09:30,084 | INFO  | [97/3183] sh.600166 4笔分红 | 已用25s ETA810s
2026-08-27 12:09:30,084 | INFO  | [98/3183] sh.600167 10笔分红 | 已用25s ETA802s
2026-08-27 12:09:30,084 | INFO  | [99/3183] sh.600168 11笔分红 | 已用25s ETA793s
2026-08-27 12:09:30,084 | INFO  | [100/3183] sh.600169 0笔分红 | 已用25s ETA785s
2026-08-27 12:09:30,084 | INFO  | [101/3183] sh.600170 12笔分红 | 已用25s ETA777s
2026-08-27 12:09:30,084 | INFO  | [102/3183] sh.600171 12笔分红 | 已用25s ETA769s
2026-08-27 12:09:30,086 | INFO  | [103/3183] sh.600172 3笔分红 | 已用25s ETA762s
2026-08-27 12:09:30,086 | INFO  | [104/3183] sh.600173 10笔分红 | 已用25s ETA754s
2026-08-27 12:09:30,666 | INFO  | [105/3183] sh.600176 13笔分红 | 已用26s ETA764s
2026-08-27 12:09:30,667 | INFO  | [106/3183] sh.600177 18笔分红 | 已用26s ETA756s
2026-08-27 12:09:30,667 | INFO  | [107/3183] sh.600178 8笔分红 | 已用26s ETA749s
2026-08-27 12:09:30,667 | INFO  | [108/3183] sh.600179 1笔分红 | 已用26s ETA742s
2026-08-27 12:09:30,667 | INFO  | [109/3183] sh.600180 14笔分红 | 已用26s ETA735s
2026-08-27 12:09:30,667 | INFO  | [110/3183] sh.600182 14笔分红 | 已用26s ETA728s
2026-08-27 12:09:30,668 | INFO  | [111/3183] sh.600183 13笔分红 | 已用26s ETA721s
2026-08-27 12:09:30,668 | INFO  | [112/3183] sh.600184 10笔分红 | 已用26s ETA714s
2026-08-27 12:09:30,698 | INFO  | [113/3183] sh.600157 5笔分红 | 已用26s ETA709s
2026-08-27 12:09:30,698 | INFO  | [114/3183] sh.600158 11笔分红 | 已用26s ETA702s
2026-08-27 12:09:30,698 | INFO  | [115/3183] sh.600159 8笔分红 | 已用26s ETA696s
2026-08-27 12:09:30,698 | INFO  | [116/3183] sh.600160 14笔分红 | 已用26s ETA690s
2026-08-27 12:09:30,699 | INFO  | [117/3183] sh.600161 11笔分红 | 已用26s ETA684s
2026-08-27 12:09:30,699 | INFO  | [118/3183] sh.600162 13笔分红 | 已用26s ETA678s
2026-08-27 12:09:30,699 | INFO  | [119/3183] sh.600163 5笔分红 | 已用26s ETA672s
2026-08-27 12:09:30,699 | INFO  | [120/3183] sh.600165 0笔分红 | 已用26s ETA666s
2026-08-27 12:09:30,729 | INFO  | [121/3183] sh.600196 12笔分红 | 已用26s ETA661s
2026-08-27 12:09:30,730 | INFO  | [122/3183] sh.600197 12笔分红 | 已用26s ETA655s
2026-08-27 12:09:30,730 | INFO  | [123/3183] sh.600198 0笔分红 | 已用26s ETA650s
2026-08-27 12:09:30,730 | INFO  | [124/3183] sh.600199 4笔分红 | 已用26s ETA644s
2026-08-27 12:09:30,730 | INFO  | [125/3183] sh.600201 12笔分红 | 已用26s ETA639s
2026-08-27 12:09:30,731 | INFO  | [126/3183] sh.600202 4笔分红 | 已用26s ETA634s
2026-08-27 12:09:30,731 | INFO  | [127/3183] sh.600203 3笔分红 | 已用26s ETA628s
2026-08-27 12:09:30,731 | INFO  | [128/3183] sh.600206 9笔分红 | 已用26s ETA623s
2026-08-27 12:09:31,484 | INFO  | [129/3183] sh.600148 7笔分红 | 已用27s ETA636s
2026-08-27 12:09:31,484 | INFO  | [130/3183] sh.600149 0笔分红 | 已用27s ETA631s
2026-08-27 12:09:31,485 | INFO  | [131/3183] sh.600150 9笔分红 | 已用27s ETA626s
2026-08-27 12:09:31,485 | INFO  | [132/3183] sh.600151 2笔分红 | 已用27s ETA621s
2026-08-27 12:09:31,485 | INFO  | [133/3183] sh.600152 1笔分红 | 已用27s ETA616s
2026-08-27 12:09:31,485 | INFO  | [134/3183] sh.600153 14笔分红 | 已用27s ETA611s
2026-08-27 12:09:31,485 | INFO  | [135/3183] sh.600155 1笔分红 | 已用27s ETA607s
2026-08-27 12:09:31,485 | INFO  | [136/3183] sh.600156 3笔分红 | 已用27s ETA602s
2026-08-27 12:09:38,795 | INFO  | [137/3183] sh.600185 4笔分红 | 已用34s ETA760s
2026-08-27 12:09:38,796 | INFO  | [138/3183] sh.600186 0笔分红 | 已用34s ETA754s
2026-08-27 12:09:38,798 | INFO  | [139/3183] sh.600187 0笔分红 | 已用34s ETA749s
2026-08-27 12:09:38,798 | INFO  | [140/3183] sh.600188 15笔分红 | 已用34s ETA743s
2026-08-27 12:09:38,799 | INFO  | [141/3183] sh.600189 3笔分红 | 已用34s ETA737s
2026-08-27 12:09:38,799 | INFO  | [142/3183] sh.600191 7笔分红 | 已用34s ETA732s
2026-08-27 12:09:38,800 | INFO  | [143/3183] sh.600192 6笔分红 | 已用34s ETA727s
2026-08-27 12:09:38,801 | INFO  | [144/3183] sh.600195 12笔分红 | 已用34s ETA721s
2026-08-27 12:09:39,798 | INFO  | [145/3183] sh.600229 10笔分红 | 已用35s ETA737s
2026-08-27 12:09:39,799 | INFO  | [146/3183] sh.600230 11笔分红 | 已用35s ETA732s
2026-08-27 12:09:39,799 | INFO  | [147/3183] sh.600231 7笔分红 | 已用35s ETA727s
2026-08-27 12:09:39,799 | INFO  | [148/3183] sh.600232 13笔分红 | 已用35s ETA722s
2026-08-27 12:09:39,800 | INFO  | [149/3183] sh.600233 12笔分红 | 已用35s ETA716s
2026-08-27 12:09:39,800 | INFO  | [150/3183] sh.600234 0笔分红 | 已用35s ETA711s
2026-08-27 12:09:39,801 | INFO  | [151/3183] sh.600235 11笔分红 | 已用35s ETA707s
2026-08-27 12:09:39,801 | INFO  | [152/3183] sh.600236 15笔分红 | 已用35s ETA702s
2026-08-27 12:09:40,075 | INFO  | [153/3183] sh.600207 0笔分红 | 已用35s ETA702s
2026-08-27 12:09:40,076 | INFO  | [154/3183] sh.600208 7笔分红 | 已用35s ETA697s
2026-08-27 12:09:40,076 | INFO  | [155/3183] sh.600210 12笔分红 | 已用35s ETA693s
2026-08-27 12:09:40,076 | INFO  | [156/3183] sh.600211 16笔分红 | 已用35s ETA688s
2026-08-27 12:09:40,077 | INFO  | [157/3183] sh.600212 0笔分红 | 已用35s ETA683s
2026-08-27 12:09:40,077 | INFO  | [158/3183] sh.600215 10笔分红 | 已用35s ETA679s
2026-08-27 12:09:40,077 | INFO  | [159/3183] sh.600216 12笔分红 | 已用35s ETA674s
2026-08-27 12:09:40,077 | INFO  | [160/3183] sh.600217 2笔分红 | 已用35s ETA670s
2026-08-27 12:09:40,817 | INFO  | [161/3183] sh.600237 1笔分红 | 已用36s ETA680s
2026-08-27 12:09:40,818 | INFO  | [162/3183] sh.600238 0笔分红 | 已用36s ETA675s
2026-08-27 12:09:40,818 | INFO  | [163/3183] sh.600239 4笔分红 | 已用36s ETA671s
2026-08-27 12:09:40,818 | INFO  | [164/3183] sh.600241 2笔分红 | 已用36s ETA666s
2026-08-27 12:09:40,818 | INFO  | [165/3183] sh.600243 2笔分红 | 已用36s ETA662s
2026-08-27 12:09:40,819 | INFO  | [166/3183] sh.600246 3笔分红 | 已用36s ETA658s
2026-08-27 12:09:40,819 | INFO  | [167/3183] sh.600248 13笔分红 | 已用36s ETA654s
2026-08-27 12:09:40,819 | INFO  | [168/3183] sh.600249 3笔分红 | 已用36s ETA650s
2026-08-27 12:09:40,910 | INFO  | [169/3183] sh.600218 13笔分红 | 已用36s ETA647s
2026-08-27 12:09:40,911 | INFO  | [170/3183] sh.600219 15笔分红 | 已用36s ETA643s
2026-08-27 12:09:40,911 | INFO  | [171/3183] sh.600221 3笔分红 | 已用36s ETA639s
2026-08-27 12:09:40,911 | INFO  | [172/3183] sh.600222 7笔分红 | 已用36s ETA635s
2026-08-27 12:09:40,912 | INFO  | [173/3183] sh.600223 8笔分红 | 已用36s ETA632s
2026-08-27 12:09:40,912 | INFO  | [174/3183] sh.600226 3笔分红 | 已用36s ETA628s
2026-08-27 12:09:40,912 | INFO  | [175/3183] sh.600227 0笔分红 | 已用36s ETA624s
2026-08-27 12:09:40,912 | INFO  | [176/3183] sh.600228 0笔分红 | 已用36s ETA620s
2026-08-27 12:09:41,858 | INFO  | [177/3183] sh.600250 0笔分红 | 已用37s ETA632s
2026-08-27 12:09:41,858 | INFO  | [178/3183] sh.600251 12笔分红 | 已用37s ETA629s
2026-08-27 12:09:41,858 | INFO  | [179/3183] sh.600252 10笔分红 | 已用37s ETA625s
2026-08-27 12:09:41,859 | INFO  | [180/3183] sh.600255 2笔分红 | 已用37s ETA621s
2026-08-27 12:09:41,859 | INFO  | [181/3183] sh.600256 9笔分红 | 已用37s ETA618s
2026-08-27 12:09:41,859 | INFO  | [182/3183] sh.600257 1笔分红 | 已用37s ETA614s
2026-08-27 12:09:41,859 | INFO  | [183/3183] sh.600258 10笔分红 | 已用37s ETA611s
2026-08-27 12:09:41,859 | INFO  | [184/3183] sh.600259 1笔分红 | 已用37s ETA607s
2026-08-27 12:09:46,673 | INFO  | [185/3183] sh.600307 0笔分红 | 已用42s ETA682s
2026-08-27 12:09:46,674 | INFO  | [186/3183] sh.600308 10笔分红 | 已用42s ETA678s
2026-08-27 12:09:46,674 | INFO  | [187/3183] sh.600309 13笔分红 | 已用42s ETA674s
2026-08-27 12:09:46,675 | INFO  | [188/3183] sh.600310 12笔分红 | 已用42s ETA670s
2026-08-27 12:09:46,675 | INFO  | [189/3183] sh.600312 15笔分红 | 已用42s ETA666s
2026-08-27 12:09:46,675 | INFO  | [190/3183] sh.600313 4笔分红 | 已用42s ETA663s
2026-08-27 12:09:46,675 | INFO  | [191/3183] sh.600315 13笔分红 | 已用42s ETA659s
2026-08-27 12:09:46,675 | INFO  | [192/3183] sh.600316 12笔分红 | 已用42s ETA655s
2026-08-27 12:09:46,720 | INFO  | [193/3183] sh.600318 5笔分红 | 已用42s ETA652s
2026-08-27 12:09:46,721 | INFO  | [194/3183] sh.600319 0笔分红 | 已用42s ETA649s
2026-08-27 12:09:46,721 | INFO  | [195/3183] sh.600320 9笔分红 | 已用42s ETA645s
2026-08-27 12:09:46,721 | INFO  | [196/3183] sh.600322 2笔分红 | 已用42s ETA642s
2026-08-27 12:09:46,722 | INFO  | [197/3183] sh.600323 13笔分红 | 已用42s ETA638s
2026-08-27 12:09:46,722 | INFO  | [198/3183] sh.600325 13笔分红 | 已用42s ETA635s
2026-08-27 12:09:46,722 | INFO  | [199/3183] sh.600326 8笔分红 | 已用42s ETA631s
2026-08-27 12:09:46,722 | INFO  | [200/3183] sh.600327 12笔分红 | 已用42s ETA628s
2026-08-27 12:09:48,240 | INFO  | [201/3183] sh.600295 12笔分红 | 已用44s ETA647s
2026-08-27 12:09:48,240 | INFO  | [202/3183] sh.600298 12笔分红 | 已用44s ETA644s
2026-08-27 12:09:48,240 | INFO  | [203/3183] sh.600299 13笔分红 | 已用44s ETA640s
2026-08-27 12:09:48,240 | INFO  | [204/3183] sh.600300 10笔分红 | 已用44s ETA637s
2026-08-27 12:09:48,241 | INFO  | [205/3183] sh.600301 1笔分红 | 已用44s ETA634s
2026-08-27 12:09:48,241 | INFO  | [206/3183] sh.600302 1笔分红 | 已用44s ETA630s
2026-08-27 12:09:48,241 | INFO  | [207/3183] sh.600303 4笔分红 | 已用44s ETA627s
2026-08-27 12:09:48,242 | INFO  | [208/3183] sh.600305 12笔分红 | 已用44s ETA624s
2026-08-27 12:09:48,318 | INFO  | [209/3183] sh.600272 12笔分红 | 已用44s ETA622s
2026-08-27 12:09:48,318 | INFO  | [210/3183] sh.600273 20笔分红 | 已用44s ETA619s
2026-08-27 12:09:48,318 | INFO  | [211/3183] sh.600276 12笔分红 | 已用44s ETA616s
2026-08-27 12:09:48,319 | INFO  | [212/3183] sh.600278 14笔分红 | 已用44s ETA612s
2026-08-27 12:09:48,319 | INFO  | [213/3183] sh.600279 12笔分红 | 已用44s ETA609s
2026-08-27 12:09:48,319 | INFO  | [214/3183] sh.600280 4笔分红 | 已用44s ETA606s
2026-08-27 12:09:48,319 | INFO  | [215/3183] sh.600281 0笔分红 | 已用44s ETA603s
2026-08-27 12:09:48,319 | INFO  | [216/3183] sh.600282 11笔分红 | 已用44s ETA600s
2026-08-27 12:09:49,877 | INFO  | [217/3183] sh.600283 8笔分红 | 已用45s ETA619s
2026-08-27 12:09:49,877 | INFO  | [218/3183] sh.600284 14笔分红 | 已用45s ETA616s
2026-08-27 12:09:49,877 | INFO  | [219/3183] sh.600285 12笔分红 | 已用45s ETA613s
2026-08-27 12:09:49,877 | INFO  | [220/3183] sh.600287 8笔分红 | 已用45s ETA610s
2026-08-27 12:09:49,878 | INFO  | [221/3183] sh.600288 11笔分红 | 已用45s ETA607s
2026-08-27 12:09:49,878 | INFO  | [222/3183] sh.600289 3笔分红 | 已用45s ETA604s
2026-08-27 12:09:49,878 | INFO  | [223/3183] sh.600292 10笔分红 | 已用45s ETA601s
2026-08-27 12:09:49,878 | INFO  | [224/3183] sh.600293 3笔分红 | 已用45s ETA598s
2026-08-27 12:09:53,843 | INFO  | [225/3183] sh.600261 12笔分红 | 已用49s ETA647s
2026-08-27 12:09:53,844 | INFO  | [226/3183] sh.600262 10笔分红 | 已用49s ETA644s
2026-08-27 12:09:53,844 | INFO  | [227/3183] sh.600265 0笔分红 | 已用49s ETA641s
2026-08-27 12:09:53,844 | INFO  | [228/3183] sh.600266 13笔分红 | 已用49s ETA638s
2026-08-27 12:09:53,844 | INFO  | [229/3183] sh.600267 10笔分红 | 已用49s ETA635s
2026-08-27 12:09:53,844 | INFO  | [230/3183] sh.600268 12笔分红 | 已用49s ETA632s
2026-08-27 12:09:53,845 | INFO  | [231/3183] sh.600269 12笔分红 | 已用49s ETA629s
2026-08-27 12:09:53,845 | INFO  | [232/3183] sh.600271 11笔分红 | 已用49s ETA626s
2026-08-27 12:09:55,134 | INFO  | [233/3183] sh.600337 6笔分红 | 已用51s ETA640s
2026-08-27 12:09:55,135 | INFO  | [234/3183] sh.600338 6笔分红 | 已用51s ETA637s
2026-08-27 12:09:55,135 | INFO  | [235/3183] sh.600339 10笔分红 | 已用51s ETA634s
2026-08-27 12:09:55,135 | INFO  | [236/3183] sh.600340 6笔分红 | 已用51s ETA631s
2026-08-27 12:09:55,135 | INFO  | [237/3183] sh.600343 2笔分红 | 已用51s ETA628s
2026-08-27 12:09:55,135 | INFO  | [238/3183] sh.600345 12笔分红 | 已用51s ETA625s
2026-08-27 12:09:55,135 | INFO  | [239/3183] sh.600346 10笔分红 | 已用51s ETA622s
2026-08-27 12:09:55,135 | INFO  | [240/3183] sh.600348 9笔分红 | 已用51s ETA619s
2026-08-27 12:09:55,797 | INFO  | [241/3183] sh.600350 12笔分红 | 已用51s ETA625s
2026-08-27 12:09:55,797 | INFO  | [242/3183] sh.600351 14笔分红 | 已用51s ETA622s
2026-08-27 12:09:55,797 | INFO  | [243/3183] sh.600352 15笔分红 | 已用51s ETA619s
2026-08-27 12:09:55,797 | INFO  | [244/3183] sh.600353 10笔分红 | 已用51s ETA616s
2026-08-27 12:09:55,798 | INFO  | [245/3183] sh.600354 0笔分红 | 已用51s ETA614s
2026-08-27 12:09:55,798 | INFO  | [246/3183] sh.600356 12笔分红 | 已用51s ETA611s
2026-08-27 12:09:55,798 | INFO  | [247/3183] sh.600358 0笔分红 | 已用51s ETA608s
2026-08-27 12:09:55,798 | INFO  | [248/3183] sh.600359 0笔分红 | 已用51s ETA606s
WARNING:root:登录失败(10002007)，15s 后重试
WARNING:root:登录失败(10002007)，15s 后重试
2026-08-27 12:09:58,489 | INFO  | [249/3183] sh.600328 12笔分红 | 已用54s ETA635s
2026-08-27 12:09:58,490 | INFO  | [250/3183] sh.600329 14笔分红 | 已用54s ETA632s
2026-08-27 12:09:58,490 | INFO  | [251/3183] sh.600330 8笔分红 | 已用54s ETA629s
2026-08-27 12:09:58,490 | INFO  | [252/3183] sh.600331 0笔分红 | 已用54s ETA627s
2026-08-27 12:09:58,490 | INFO  | [253/3183] sh.600332 13笔分红 | 已用54s ETA624s
2026-08-27 12:09:58,490 | INFO  | [254/3183] sh.600333 4笔分红 | 已用54s ETA621s
2026-08-27 12:09:58,491 | INFO  | [255/3183] sh.600335 14笔分红 | 已用54s ETA619s
2026-08-27 12:09:58,491 | INFO  | [256/3183] sh.600336 10笔分红 | 已用54s ETA616s
2026-08-27 12:09:58,879 | INFO  | [257/3183] sh.600360 13笔分红 | 已用54s ETA618s
2026-08-27 12:09:58,879 | INFO  | [258/3183] sh.600361 10笔分红 | 已用54s ETA615s
2026-08-27 12:09:58,879 | INFO  | [259/3183] sh.600362 13笔分红 | 已用54s ETA613s
2026-08-27 12:09:58,880 | INFO  | [260/3183] sh.600363 11笔分红 | 已用54s ETA610s
2026-08-27 12:09:58,880 | INFO  | [261/3183] sh.600365 0笔分红 | 已用54s ETA608s
2026-08-27 12:09:58,880 | INFO  | [262/3183] sh.600366 12笔分红 | 已用54s ETA605s
2026-08-27 12:09:58,880 | INFO  | [263/3183] sh.600367 13笔分红 | 已用54s ETA602s
2026-08-27 12:09:58,880 | INFO  | [264/3183] sh.600368 10笔分红 | 已用54s ETA600s
2026-08-27 12:09:59,740 | INFO  | [265/3183] sh.600369 17笔分红 | 已用55s ETA607s
2026-08-27 12:09:59,740 | INFO  | [266/3183] sh.600370 9笔分红 | 已用55s ETA605s
2026-08-27 12:09:59,740 | INFO  | [267/3183] sh.600371 12笔分红 | 已用55s ETA602s
2026-08-27 12:09:59,740 | INFO  | [268/3183] sh.600372 13笔分红 | 已用55s ETA600s
2026-08-27 12:09:59,741 | INFO  | [269/3183] sh.600373 12笔分红 | 已用55s ETA597s
2026-08-27 12:09:59,741 | INFO  | [270/3183] sh.600375 0笔分红 | 已用55s ETA595s
2026-08-27 12:09:59,741 | INFO  | [271/3183] sh.600376 9笔分红 | 已用55s ETA592s
2026-08-27 12:09:59,741 | INFO  | [272/3183] sh.600377 12笔分红 | 已用55s ETA590s
2026-08-27 12:10:00,972 | INFO  | [273/3183] sh.600389 16笔分红 | 已用56s ETA601s
2026-08-27 12:10:00,972 | INFO  | [274/3183] sh.600390 11笔分红 | 已用56s ETA598s
2026-08-27 12:10:00,972 | INFO  | [275/3183] sh.600391 3笔分红 | 已用56s ETA596s
2026-08-27 12:10:00,973 | INFO  | [276/3183] sh.600392 12笔分红 | 已用56s ETA594s
2026-08-27 12:10:00,973 | INFO  | [277/3183] sh.600395 12笔分红 | 已用56s ETA591s
2026-08-27 12:10:00,973 | INFO  | [278/3183] sh.600396 3笔分红 | 已用56s ETA589s
2026-08-27 12:10:00,973 | INFO  | [279/3183] sh.600397 0笔分红 | 已用56s ETA587s
2026-08-27 12:10:00,973 | INFO  | [280/3183] sh.600398 13笔分红 | 已用56s ETA584s
2026-08-27 12:10:02,517 | INFO  | [281/3183] sh.600399 4笔分红 | 已用58s ETA598s
2026-08-27 12:10:02,517 | INFO  | [282/3183] sh.600400 11笔分红 | 已用58s ETA596s
2026-08-27 12:10:02,517 | INFO  | [283/3183] sh.600403 6笔分红 | 已用58s ETA593s
2026-08-27 12:10:02,517 | INFO  | [284/3183] sh.600405 1笔分红 | 已用58s ETA591s
2026-08-27 12:10:02,517 | INFO  | [285/3183] sh.600406 14笔分红 | 已用58s ETA589s
2026-08-27 12:10:02,518 | INFO  | [286/3183] sh.600408 0笔分红 | 已用58s ETA587s
2026-08-27 12:10:02,518 | INFO  | [287/3183] sh.600409 12笔分红 | 已用58s ETA584s
2026-08-27 12:10:02,518 | INFO  | [288/3183] sh.600410 9笔分红 | 已用58s ETA582s
2026-08-27 12:10:06,312 | INFO  | [289/3183] sh.600444 8笔分红 | 已用62s ETA618s
2026-08-27 12:10:06,312 | INFO  | [290/3183] sh.600446 10笔分红 | 已用62s ETA615s
2026-08-27 12:10:06,312 | INFO  | [291/3183] sh.600448 0笔分红 | 已用62s ETA613s
2026-08-27 12:10:06,312 | INFO  | [292/3183] sh.600449 12笔分红 | 已用62s ETA611s
2026-08-27 12:10:06,313 | INFO  | [293/3183] sh.600452 14笔分红 | 已用62s ETA609s
2026-08-27 12:10:06,313 | INFO  | [294/3183] sh.600455 0笔分红 | 已用62s ETA606s
2026-08-27 12:10:06,313 | INFO  | [295/3183] sh.600456 12笔分红 | 已用62s ETA604s
2026-08-27 12:10:06,313 | INFO  | [296/3183] sh.600458 13笔分红 | 已用62s ETA602s
2026-08-27 12:10:08,750 | INFO  | [297/3183] sh.600415 12笔分红 | 已用64s ETA623s
2026-08-27 12:10:08,750 | INFO  | [298/3183] sh.600416 4笔分红 | 已用64s ETA621s
2026-08-27 12:10:08,751 | INFO  | [299/3183] sh.600418 8笔分红 | 已用64s ETA619s
2026-08-27 12:10:08,751 | INFO  | [300/3183] sh.600419 9笔分红 | 已用64s ETA616s
2026-08-27 12:10:08,751 | INFO  | [301/3183] sh.600420 14笔分红 | 已用64s ETA614s
2026-08-27 12:10:08,751 | INFO  | [302/3183] sh.600422 11笔分红 | 已用64s ETA612s
2026-08-27 12:10:08,751 | INFO  | [303/3183] sh.600423 1笔分红 | 已用64s ETA610s
2026-08-27 12:10:08,751 | INFO  | [304/3183] sh.600425 6笔分红 | 已用64s ETA607s
2026-08-27 12:10:09,734 | INFO  | [305/3183] sh.600459 12笔分红 | 已用65s ETA614s
2026-08-27 12:10:09,734 | INFO  | [306/3183] sh.600460 11笔分红 | 已用65s ETA612s
2026-08-27 12:10:09,734 | INFO  | [307/3183] sh.600461 11笔分红 | 已用65s ETA610s
2026-08-27 12:10:09,735 | INFO  | [308/3183] sh.600463 6笔分红 | 已用65s ETA608s
2026-08-27 12:10:09,735 | INFO  | [309/3183] sh.600467 12笔分红 | 已用65s ETA606s
2026-08-27 12:10:09,735 | INFO  | [310/3183] sh.600468 9笔分红 | 已用65s ETA604s
2026-08-27 12:10:09,735 | INFO  | [311/3183] sh.600469 12笔分红 | 已用65s ETA601s
2026-08-27 12:10:09,735 | INFO  | [312/3183] sh.600470 2笔分红 | 已用65s ETA599s
2026-08-27 12:10:10,030 | INFO  | [313/3183] sh.600378 12笔分红 | 已用65s ETA600s
2026-08-27 12:10:10,030 | INFO  | [314/3183] sh.600379 14笔分红 | 已用65s ETA598s
2026-08-27 12:10:10,032 | INFO  | [315/3183] sh.600380 12笔分红 | 已用65s ETA596s
2026-08-27 12:10:10,032 | INFO  | [316/3183] sh.600381 0笔分红 | 已用65s ETA594s
2026-08-27 12:10:10,032 | INFO  | [317/3183] sh.600382 13笔分红 | 已用65s ETA591s
2026-08-27 12:10:10,032 | INFO  | [318/3183] sh.600383 10笔分红 | 已用65s ETA589s
2026-08-27 12:10:10,032 | INFO  | [319/3183] sh.600386 12笔分红 | 已用65s ETA587s
2026-08-27 12:10:10,032 | INFO  | [320/3183] sh.600388 12笔分红 | 已用65s ETA585s
2026-08-27 12:10:10,624 | INFO  | [321/3183] sh.600475 15笔分红 | 已用66s ETA589s
2026-08-27 12:10:10,624 | INFO  | [322/3183] sh.600476 0笔分红 | 已用66s ETA586s
2026-08-27 12:10:10,624 | INFO  | [323/3183] sh.600477 15笔分红 | 已用66s ETA584s
2026-08-27 12:10:10,625 | INFO  | [324/3183] sh.600478 1笔分红 | 已用66s ETA582s
2026-08-27 12:10:10,625 | INFO  | [325/3183] sh.600479 12笔分红 | 已用66s ETA580s
2026-08-27 12:10:10,625 | INFO  | [326/3183] sh.600480 14笔分红 | 已用66s ETA578s
2026-08-27 12:10:10,625 | INFO  | [327/3183] sh.600481 11笔分红 | 已用66s ETA577s
2026-08-27 12:10:10,625 | INFO  | [328/3183] sh.600482 10笔分红 | 已用66s ETA575s
2026-08-27 12:10:11,128 | INFO  | [329/3183] sh.600426 14笔分红 | 已用67s ETA577s
2026-08-27 12:10:11,128 | INFO  | [330/3183] sh.600428 9笔分红 | 已用67s ETA575s
2026-08-27 12:10:11,129 | INFO  | [331/3183] sh.600429 8笔分红 | 已用67s ETA573s
2026-08-27 12:10:11,129 | INFO  | [332/3183] sh.600433 10笔分红 | 已用67s ETA571s
2026-08-27 12:10:11,129 | INFO  | [333/3183] sh.600435 10笔分红 | 已用67s ETA569s
2026-08-27 12:10:11,129 | INFO  | [334/3183] sh.600436 14笔分红 | 已用67s ETA567s
2026-08-27 12:10:11,129 | INFO  | [335/3183] sh.600438 10笔分红 | 已用67s ETA565s
2026-08-27 12:10:11,129 | INFO  | [336/3183] sh.600439 7笔分红 | 已用67s ETA564s
2026-08-27 12:10:17,877 | INFO  | [337/3183] sh.600483 13笔分红 | 已用73s ETA619s
2026-08-27 12:10:17,878 | INFO  | [338/3183] sh.600486 13笔分红 | 已用73s ETA617s
2026-08-27 12:10:17,878 | INFO  | [339/3183] sh.600487 12笔分红 | 已用73s ETA615s
2026-08-27 12:10:17,878 | INFO  | [340/3183] sh.600488 12笔分红 | 已用73s ETA613s
2026-08-27 12:10:17,878 | INFO  | [341/3183] sh.600489 11笔分红 | 已用73s ETA611s
2026-08-27 12:10:17,878 | INFO  | [342/3183] sh.600490 2笔分红 | 已用73s ETA609s
2026-08-27 12:10:17,879 | INFO  | [343/3183] sh.600491 8笔分红 | 已用73s ETA607s
2026-08-27 12:10:17,879 | INFO  | [344/3183] sh.600493 12笔分红 | 已用73s ETA605s
2026-08-27 12:10:18,967 | INFO  | [345/3183] sh.600521 11笔分红 | 已用74s ETA612s
2026-08-27 12:10:18,967 | INFO  | [346/3183] sh.600522 12笔分红 | 已用74s ETA610s
2026-08-27 12:10:18,967 | INFO  | [347/3183] sh.600523 12笔分红 | 已用74s ETA608s
2026-08-27 12:10:18,967 | INFO  | [348/3183] sh.600525 4笔分红 | 已用74s ETA606s
2026-08-27 12:10:18,967 | INFO  | [349/3183] sh.600526 5笔分红 | 已用74s ETA604s
2026-08-27 12:10:18,968 | INFO  | [350/3183] sh.600527 12笔分红 | 已用74s ETA602s
2026-08-27 12:10:18,968 | INFO  | [351/3183] sh.600528 12笔分红 | 已用74s ETA600s
2026-08-27 12:10:18,968 | INFO  | [352/3183] sh.600529 14笔分红 | 已用74s ETA598s
2026-08-27 12:10:20,101 | INFO  | [353/3183] sh.600503 9笔分红 | 已用75s ETA605s
2026-08-27 12:10:20,102 | INFO  | [354/3183] sh.600505 12笔分红 | 已用75s ETA603s
2026-08-27 12:10:20,102 | INFO  | [355/3183] sh.600506 1笔分红 | 已用75s ETA601s
2026-08-27 12:10:20,102 | INFO  | [356/3183] sh.600507 10笔分红 | 已用75s ETA599s
2026-08-27 12:10:20,103 | INFO  | [357/3183] sh.600508 12笔分红 | 已用75s ETA598s
2026-08-27 12:10:20,103 | INFO  | [358/3183] sh.600509 9笔分红 | 已用75s ETA596s
2026-08-27 12:10:20,103 | INFO  | [359/3183] sh.600510 12笔分红 | 已用75s ETA594s
2026-08-27 12:10:20,103 | INFO  | [360/3183] sh.600511 12笔分红 | 已用75s ETA592s
2026-08-27 12:10:20,929 | INFO  | [361/3183] sh.600530 5笔分红 | 已用76s ETA597s
2026-08-27 12:10:20,929 | INFO  | [362/3183] sh.600531 12笔分红 | 已用76s ETA595s
2026-08-27 12:10:20,929 | INFO  | [363/3183] sh.600533 9笔分红 | 已用76s ETA593s
2026-08-27 12:10:20,930 | INFO  | [364/3183] sh.600535 15笔分红 | 已用76s ETA591s
2026-08-27 12:10:20,930 | INFO  | [365/3183] sh.600536 9笔分红 | 已用76s ETA589s
2026-08-27 12:10:20,930 | INFO  | [366/3183] sh.600537 5笔分红 | 已用76s ETA587s
2026-08-27 12:10:20,931 | INFO  | [367/3183] sh.600538 0笔分红 | 已用76s ETA586s
2026-08-27 12:10:20,931 | INFO  | [368/3183] sh.600539 0笔分红 | 已用76s ETA584s
2026-08-27 12:10:21,274 | INFO  | [369/3183] sh.600495 11笔分红 | 已用77s ETA585s
2026-08-27 12:10:21,276 | INFO  | [370/3183] sh.600496 11笔分红 | 已用77s ETA583s
2026-08-27 12:10:21,276 | INFO  | [371/3183] sh.600497 12笔分红 | 已用77s ETA581s
2026-08-27 12:10:21,276 | INFO  | [372/3183] sh.600498 12笔分红 | 已用77s ETA579s
2026-08-27 12:10:21,276 | INFO  | [373/3183] sh.600499 10笔分红 | 已用77s ETA578s
2026-08-27 12:10:21,276 | INFO  | [374/3183] sh.600500 9笔分红 | 已用77s ETA576s
2026-08-27 12:10:21,277 | INFO  | [375/3183] sh.600501 5笔分红 | 已用77s ETA574s
2026-08-27 12:10:21,277 | INFO  | [376/3183] sh.600502 14笔分红 | 已用77s ETA572s
2026-08-27 12:10:25,790 | INFO  | [377/3183] sh.600512 10笔分红 | 已用81s ETA604s
2026-08-27 12:10:25,790 | INFO  | [378/3183] sh.600513 12笔分红 | 已用81s ETA602s
2026-08-27 12:10:25,790 | INFO  | [379/3183] sh.600515 2笔分红 | 已用81s ETA601s
2026-08-27 12:10:25,790 | INFO  | [380/3183] sh.600516 6笔分红 | 已用81s ETA599s
2026-08-27 12:10:25,790 | INFO  | [381/3183] sh.600517 12笔分红 | 已用81s ETA597s
2026-08-27 12:10:25,791 | INFO  | [382/3183] sh.600518 5笔分红 | 已用81s ETA595s
2026-08-27 12:10:25,791 | INFO  | [383/3183] sh.600519 14笔分红 | 已用81s ETA593s
2026-08-27 12:10:25,791 | INFO  | [384/3183] sh.600520 0笔分红 | 已用81s ETA592s
2026-08-27 12:10:25,976 | INFO  | [385/3183] sh.600551 14笔分红 | 已用81s ETA591s
2026-08-27 12:10:25,977 | INFO  | [386/3183] sh.600552 8笔分红 | 已用81s ETA590s
2026-08-27 12:10:25,977 | INFO  | [387/3183] sh.600556 7笔分红 | 已用81s ETA588s
2026-08-27 12:10:25,977 | INFO  | [388/3183] sh.600557 8笔分红 | 已用81s ETA586s
2026-08-27 12:10:25,977 | INFO  | [389/3183] sh.600558 13笔分红 | 已用81s ETA584s
2026-08-27 12:10:25,977 | INFO  | [390/3183] sh.600559 12笔分红 | 已用81s ETA583s
2026-08-27 12:10:25,978 | INFO  | [391/3183] sh.600560 13笔分红 | 已用81s ETA581s
2026-08-27 12:10:25,978 | INFO  | [392/3183] sh.600561 6笔分红 | 已用81s ETA579s
2026-08-27 12:10:29,465 | INFO  | [393/3183] sh.600572 10笔分红 | 已用85s ETA602s
2026-08-27 12:10:29,465 | INFO  | [394/3183] sh.600573 12笔分红 | 已用85s ETA601s
2026-08-27 12:10:29,465 | INFO  | [395/3183] sh.600575 3笔分红 | 已用85s ETA599s
2026-08-27 12:10:29,466 | INFO  | [396/3183] sh.600576 0笔分红 | 已用85s ETA597s
2026-08-27 12:10:29,466 | INFO  | [397/3183] sh.600577 16笔分红 | 已用85s ETA595s
2026-08-27 12:10:29,466 | INFO  | [398/3183] sh.600578 11笔分红 | 已用85s ETA594s
2026-08-27 12:10:29,466 | INFO  | [399/3183] sh.600579 0笔分红 | 已用85s ETA592s
2026-08-27 12:10:29,466 | INFO  | [400/3183] sh.600580 12笔分红 | 已用85s ETA590s
2026-08-27 12:10:31,227 | INFO  | [401/3183] sh.600540 0笔分红 | 已用87s ETA601s
2026-08-27 12:10:31,229 | INFO  | [402/3183] sh.600543 2笔分红 | 已用87s ETA599s
2026-08-27 12:10:31,229 | INFO  | [403/3183] sh.600545 5笔分红 | 已用87s ETA597s
2026-08-27 12:10:31,229 | INFO  | [404/3183] sh.600546 8笔分红 | 已用87s ETA596s
2026-08-27 12:10:31,229 | INFO  | [405/3183] sh.600547 16笔分红 | 已用87s ETA594s
2026-08-27 12:10:31,229 | INFO  | [406/3183] sh.600548 12笔分红 | 已用87s ETA592s
2026-08-27 12:10:31,229 | INFO  | [407/3183] sh.600549 13笔分红 | 已用87s ETA591s
2026-08-27 12:10:31,229 | INFO  | [408/3183] sh.600550 0笔分红 | 已用87s ETA589s
2026-08-27 12:10:31,697 | INFO  | [409/3183] sh.600562 13笔分红 | 已用87s ETA591s
2026-08-27 12:10:31,698 | INFO  | [410/3183] sh.600563 12笔分红 | 已用87s ETA589s
2026-08-27 12:10:31,698 | INFO  | [411/3183] sh.600566 13笔分红 | 已用87s ETA587s
2026-08-27 12:10:31,698 | INFO  | [412/3183] sh.600567 7笔分红 | 已用87s ETA586s
2026-08-27 12:10:31,698 | INFO  | [413/3183] sh.600568 4笔分红 | 已用87s ETA584s
2026-08-27 12:10:31,699 | INFO  | [414/3183] sh.600569 4笔分红 | 已用87s ETA582s
2026-08-27 12:10:31,699 | INFO  | [415/3183] sh.600570 12笔分红 | 已用87s ETA581s
2026-08-27 12:10:31,699 | INFO  | [416/3183] sh.600571 11笔分红 | 已用87s ETA579s
2026-08-27 12:10:36,041 | INFO  | [417/3183] sh.600598 13笔分红 | 已用91s ETA606s
2026-08-27 12:10:36,042 | INFO  | [418/3183] sh.600600 12笔分红 | 已用91s ETA605s
2026-08-27 12:10:36,042 | INFO  | [419/3183] sh.600601 4笔分红 | 已用91s ETA603s
2026-08-27 12:10:36,043 | INFO  | [420/3183] sh.600602 11笔分红 | 已用91s ETA601s
2026-08-27 12:10:36,043 | INFO  | [421/3183] sh.600603 3笔分红 | 已用91s ETA600s
2026-08-27 12:10:36,044 | INFO  | [422/3183] sh.600604 10笔分红 | 已用91s ETA598s
2026-08-27 12:10:36,044 | INFO  | [423/3183] sh.600605 13笔分红 | 已用91s ETA597s
2026-08-27 12:10:36,045 | INFO  | [424/3183] sh.600606 6笔分红 | 已用91s ETA595s
2026-08-27 12:10:37,524 | INFO  | [425/3183] sh.600581 0笔分红 | 已用93s ETA603s
2026-08-27 12:10:37,524 | INFO  | [426/3183] sh.600582 12笔分红 | 已用93s ETA601s
2026-08-27 12:10:37,525 | INFO  | [427/3183] sh.600583 12笔分红 | 已用93s ETA600s
2026-08-27 12:10:37,525 | INFO  | [428/3183] sh.600584 11笔分红 | 已用93s ETA598s
2026-08-27 12:10:37,525 | INFO  | [429/3183] sh.600585 13笔分红 | 已用93s ETA596s
2026-08-27 12:10:37,526 | INFO  | [430/3183] sh.600586 8笔分红 | 已用93s ETA595s
2026-08-27 12:10:37,526 | INFO  | [431/3183] sh.600587 13笔分红 | 已用93s ETA593s
2026-08-27 12:10:37,526 | INFO  | [432/3183] sh.600588 9笔分红 | 已用93s ETA592s
2026-08-27 12:10:37,600 | INFO  | [433/3183] sh.600589 5笔分红 | 已用93s ETA591s
2026-08-27 12:10:37,600 | INFO  | [434/3183] sh.600590 6笔分红 | 已用93s ETA589s
2026-08-27 12:10:37,601 | INFO  | [435/3183] sh.600592 13笔分红 | 已用93s ETA587s
2026-08-27 12:10:37,601 | INFO  | [436/3183] sh.600593 3笔分红 | 已用93s ETA586s
2026-08-27 12:10:37,601 | INFO  | [437/3183] sh.600594 8笔分红 | 已用93s ETA584s
2026-08-27 12:10:37,602 | INFO  | [438/3183] sh.600595 1笔分红 | 已用93s ETA583s
2026-08-27 12:10:37,602 | INFO  | [439/3183] sh.600596 12笔分红 | 已用93s ETA581s
2026-08-27 12:10:37,602 | INFO  | [440/3183] sh.600597 11笔分红 | 已用93s ETA580s
2026-08-27 12:10:38,677 | INFO  | [441/3183] sh.600609 1笔分红 | 已用94s ETA585s
2026-08-27 12:10:38,678 | INFO  | [442/3183] sh.600610 0笔分红 | 已用94s ETA583s
2026-08-27 12:10:38,678 | INFO  | [443/3183] sh.600611 12笔分红 | 已用94s ETA582s
2026-08-27 12:10:38,678 | INFO  | [444/3183] sh.600612 13笔分红 | 已用94s ETA580s
2026-08-27 12:10:38,678 | INFO  | [445/3183] sh.600613 9笔分红 | 已用94s ETA579s
2026-08-27 12:10:38,679 | INFO  | [446/3183] sh.600615 1笔分红 | 已用94s ETA577s
2026-08-27 12:10:38,679 | INFO  | [447/3183] sh.600616 11笔分红 | 已用94s ETA576s
2026-08-27 12:10:38,679 | INFO  | [448/3183] sh.600617 5笔分红 | 已用94s ETA574s
2026-08-27 12:10:44,964 | INFO  | [449/3183] sh.600640 10笔分红 | 已用100s ETA611s
2026-08-27 12:10:44,964 | INFO  | [450/3183] sh.600641 10笔分红 | 已用100s ETA609s
2026-08-27 12:10:44,964 | INFO  | [451/3183] sh.600642 12笔分红 | 已用100s ETA608s
2026-08-27 12:10:44,965 | INFO  | [452/3183] sh.600643 8笔分红 | 已用100s ETA606s
2026-08-27 12:10:44,965 | INFO  | [453/3183] sh.600644 1笔分红 | 已用100s ETA605s
2026-08-27 12:10:44,965 | INFO  | [454/3183] sh.600645 0笔分红 | 已用100s ETA603s
2026-08-27 12:10:44,965 | INFO  | [455/3183] sh.600648 12笔分红 | 已用100s ETA602s
2026-08-27 12:10:44,966 | INFO  | [456/3183] sh.600649 11笔分红 | 已用100s ETA600s
2026-08-27 12:10:45,461 | INFO  | [457/3183] sh.600628 12笔分红 | 已用101s ETA602s
2026-08-27 12:10:45,461 | INFO  | [458/3183] sh.600629 9笔分红 | 已用101s ETA600s
2026-08-27 12:10:45,461 | INFO  | [459/3183] sh.600630 6笔分红 | 已用101s ETA598s
2026-08-27 12:10:45,462 | INFO  | [460/3183] sh.600633 14笔分红 | 已用101s ETA597s
2026-08-27 12:10:45,462 | INFO  | [461/3183] sh.600635 12笔分红 | 已用101s ETA595s
2026-08-27 12:10:45,462 | INFO  | [462/3183] sh.600637 13笔分红 | 已用101s ETA594s
2026-08-27 12:10:45,462 | INFO  | [463/3183] sh.600638 11笔分红 | 已用101s ETA592s
2026-08-27 12:10:45,463 | INFO  | [464/3183] sh.600639 12笔分红 | 已用101s ETA591s
2026-08-27 12:10:45,947 | INFO  | [465/3183] sh.600650 12笔分红 | 已用101s ETA592s
2026-08-27 12:10:45,947 | INFO  | [466/3183] sh.600651 4笔分红 | 已用101s ETA591s
2026-08-27 12:10:45,947 | INFO  | [467/3183] sh.600653 0笔分红 | 已用101s ETA589s
2026-08-27 12:10:45,947 | INFO  | [468/3183] sh.600654 2笔分红 | 已用101s ETA588s
2026-08-27 12:10:45,947 | INFO  | [469/3183] sh.600655 11笔分红 | 已用101s ETA586s
2026-08-27 12:10:45,947 | INFO  | [470/3183] sh.600657 8笔分红 | 已用101s ETA585s
2026-08-27 12:10:45,948 | INFO  | [471/3183] sh.600658 9笔分红 | 已用101s ETA583s
2026-08-27 12:10:45,948 | INFO  | [472/3183] sh.600660 14笔分红 | 已用101s ETA582s
2026-08-27 12:10:46,334 | INFO  | [473/3183] sh.600671 0笔分红 | 已用102s ETA583s
2026-08-27 12:10:46,335 | INFO  | [474/3183] sh.600673 5笔分红 | 已用102s ETA581s
2026-08-27 12:10:46,335 | INFO  | [475/3183] sh.600674 12笔分红 | 已用102s ETA580s
2026-08-27 12:10:46,335 | INFO  | [476/3183] sh.600675 7笔分红 | 已用102s ETA578s
2026-08-27 12:10:46,335 | INFO  | [477/3183] sh.600676 6笔分红 | 已用102s ETA577s
2026-08-27 12:10:46,335 | INFO  | [478/3183] sh.600678 0笔分红 | 已用102s ETA576s
2026-08-27 12:10:46,335 | INFO  | [479/3183] sh.600679 4笔分红 | 已用102s ETA574s
2026-08-27 12:10:46,335 | INFO  | [480/3183] sh.600681 15笔分红 | 已用102s ETA573s
2026-08-27 12:10:48,513 | INFO  | [481/3183] sh.600618 9笔分红 | 已用104s ETA584s
2026-08-27 12:10:48,514 | INFO  | [482/3183] sh.600619 12笔分红 | 已用104s ETA582s
2026-08-27 12:10:48,514 | INFO  | [483/3183] sh.600620 12笔分红 | 已用104s ETA581s
2026-08-27 12:10:48,514 | INFO  | [484/3183] sh.600621 13笔分红 | 已用104s ETA579s
2026-08-27 12:10:48,514 | INFO  | [485/3183] sh.600622 7笔分红 | 已用104s ETA578s
2026-08-27 12:10:48,515 | INFO  | [486/3183] sh.600623 12笔分红 | 已用104s ETA577s
2026-08-27 12:10:48,515 | INFO  | [487/3183] sh.600624 6笔分红 | 已用104s ETA575s
2026-08-27 12:10:48,515 | INFO  | [488/3183] sh.600626 8笔分红 | 已用104s ETA574s
2026-08-27 12:10:52,767 | INFO  | [489/3183] sh.600661 2笔分红 | 已用108s ETA596s
2026-08-27 12:10:52,768 | INFO  | [490/3183] sh.600662 11笔分红 | 已用108s ETA594s
2026-08-27 12:10:52,768 | INFO  | [491/3183] sh.600663 14笔分红 | 已用108s ETA593s
2026-08-27 12:10:52,768 | INFO  | [492/3183] sh.600664 3笔分红 | 已用108s ETA592s
2026-08-27 12:10:52,768 | INFO  | [493/3183] sh.600665 9笔分红 | 已用108s ETA590s
2026-08-27 12:10:52,769 | INFO  | [494/3183] sh.600666 1笔分红 | 已用108s ETA589s
2026-08-27 12:10:52,769 | INFO  | [495/3183] sh.600667 11笔分红 | 已用108s ETA587s
2026-08-27 12:10:52,769 | INFO  | [496/3183] sh.600668 12笔分红 | 已用108s ETA586s
2026-08-27 12:10:53,001 | INFO  | [497/3183] sh.600682 9笔分红 | 已用108s ETA586s
2026-08-27 12:10:53,002 | INFO  | [498/3183] sh.600683 6笔分红 | 已用108s ETA584s
2026-08-27 12:10:53,002 | INFO  | [499/3183] sh.600684 6笔分红 | 已用108s ETA583s
2026-08-27 12:10:53,002 | INFO  | [500/3183] sh.600685 10笔分红 | 已用108s ETA582s
2026-08-27 12:10:53,002 | INFO  | [501/3183] sh.600686 12笔分红 | 已用108s ETA580s
2026-08-27 12:10:53,002 | INFO  | [502/3183] sh.600688 8笔分红 | 已用108s ETA579s
2026-08-27 12:10:53,002 | INFO  | [503/3183] sh.600689 5笔分红 | 已用108s ETA577s
2026-08-27 12:10:53,002 | INFO  | [504/3183] sh.600690 13笔分红 | 已用108s ETA576s
2026-08-27 12:10:53,609 | INFO  | [505/3183] sh.600703 11笔分红 | 已用109s ETA578s
2026-08-27 12:10:53,610 | INFO  | [506/3183] sh.600704 13笔分红 | 已用109s ETA577s
2026-08-27 12:10:53,610 | INFO  | [507/3183] sh.600706 2笔分红 | 已用109s ETA575s
2026-08-27 12:10:53,610 | INFO  | [508/3183] sh.600707 1笔分红 | 已用109s ETA574s
2026-08-27 12:10:53,610 | INFO  | [509/3183] sh.600708 10笔分红 | 已用109s ETA573s
2026-08-27 12:10:53,610 | INFO  | [510/3183] sh.600710 10笔分红 | 已用109s ETA571s
2026-08-27 12:10:53,611 | INFO  | [511/3183] sh.600711 11笔分红 | 已用109s ETA570s
2026-08-27 12:10:53,611 | INFO  | [512/3183] sh.600712 4笔分红 | 已用109s ETA569s
2026-08-27 12:10:55,891 | INFO  | [513/3183] sh.600721 1笔分红 | 已用111s ETA579s
2026-08-27 12:10:55,892 | INFO  | [514/3183] sh.600722 0笔分红 | 已用111s ETA578s
2026-08-27 12:10:55,892 | INFO  | [515/3183] sh.600724 10笔分红 | 已用111s ETA576s
2026-08-27 12:10:55,892 | INFO  | [516/3183] sh.600725 0笔分红 | 已用111s ETA575s
2026-08-27 12:10:55,892 | INFO  | [517/3183] sh.600726 0笔分红 | 已用111s ETA574s
2026-08-27 12:10:55,892 | INFO  | [518/3183] sh.600727 6笔分红 | 已用111s ETA572s
2026-08-27 12:10:55,894 | INFO  | [519/3183] sh.600728 7笔分红 | 已用111s ETA571s
2026-08-27 12:10:55,894 | INFO  | [520/3183] sh.600729 13笔分红 | 已用111s ETA570s
2026-08-27 12:10:56,235 | INFO  | [521/3183] sh.600713 11笔分红 | 已用112s ETA570s
2026-08-27 12:10:56,236 | INFO  | [522/3183] sh.600714 4笔分红 | 已用112s ETA569s
2026-08-27 12:10:56,236 | INFO  | [523/3183] sh.600715 1笔分红 | 已用112s ETA568s
2026-08-27 12:10:56,236 | INFO  | [524/3183] sh.600716 5笔分红 | 已用112s ETA566s
2026-08-27 12:10:56,236 | INFO  | [525/3183] sh.600717 12笔分红 | 已用112s ETA565s
2026-08-27 12:10:56,237 | INFO  | [526/3183] sh.600718 7笔分红 | 已用112s ETA564s
2026-08-27 12:10:56,237 | INFO  | [527/3183] sh.600719 7笔分红 | 已用112s ETA563s
2026-08-27 12:10:56,238 | INFO  | [528/3183] sh.600720 11笔分红 | 已用112s ETA561s
2026-08-27 12:10:59,082 | INFO  | [529/3183] sh.600746 7笔分红 | 已用114s ETA574s
2026-08-27 12:10:59,083 | INFO  | [530/3183] sh.600748 10笔分红 | 已用114s ETA573s
2026-08-27 12:10:59,083 | INFO  | [531/3183] sh.600749 0笔分红 | 已用114s ETA572s
2026-08-27 12:10:59,083 | INFO  | [532/3183] sh.600750 17笔分红 | 已用114s ETA570s
2026-08-27 12:10:59,083 | INFO  | [533/3183] sh.600751 1笔分红 | 已用114s ETA569s
2026-08-27 12:10:59,083 | INFO  | [534/3183] sh.600753 0笔分红 | 已用114s ETA568s
2026-08-27 12:10:59,083 | INFO  | [535/3183] sh.600754 13笔分红 | 已用114s ETA567s
2026-08-27 12:10:59,084 | INFO  | [536/3183] sh.600755 14笔分红 | 已用114s ETA565s
2026-08-27 12:11:00,293 | INFO  | [537/3183] sh.600691 0笔分红 | 已用116s ETA570s
2026-08-27 12:11:00,293 | INFO  | [538/3183] sh.600692 1笔分红 | 已用116s ETA569s
2026-08-27 12:11:00,293 | INFO  | [539/3183] sh.600693 8笔分红 | 已用116s ETA567s
2026-08-27 12:11:00,294 | INFO  | [540/3183] sh.600694 11笔分红 | 已用116s ETA566s
2026-08-27 12:11:00,294 | INFO  | [541/3183] sh.600697 12笔分红 | 已用116s ETA565s
2026-08-27 12:11:00,294 | INFO  | [542/3183] sh.600698 0笔分红 | 已用116s ETA564s
2026-08-27 12:11:00,295 | INFO  | [543/3183] sh.600699 9笔分红 | 已用116s ETA562s
2026-08-27 12:11:00,295 | INFO  | [544/3183] sh.600702 12笔分红 | 已用116s ETA561s
2026-08-27 12:11:02,254 | INFO  | [545/3183] sh.600738 10笔分红 | 已用118s ETA569s
2026-08-27 12:11:02,255 | INFO  | [546/3183] sh.600739 9笔分红 | 已用118s ETA568s
2026-08-27 12:11:02,255 | INFO  | [547/3183] sh.600740 8笔分红 | 已用118s ETA567s
2026-08-27 12:11:02,255 | INFO  | [548/3183] sh.600741 12笔分红 | 已用118s ETA566s
2026-08-27 12:11:02,256 | INFO  | [549/3183] sh.600742 15笔分红 | 已用118s ETA564s
2026-08-27 12:11:02,256 | INFO  | [550/3183] sh.600743 7笔分红 | 已用118s ETA563s
2026-08-27 12:11:02,256 | INFO  | [551/3183] sh.600744 0笔分红 | 已用118s ETA562s
2026-08-27 12:11:02,256 | INFO  | [552/3183] sh.600745 5笔分红 | 已用118s ETA561s
WARNING:root:登录失败(10002007)，30s 后重试
WARNING:root:登录失败(10002007)，30s 后重试
2026-08-27 12:11:06,049 | INFO  | [553/3183] sh.600756 7笔分红 | 已用121s ETA578s
2026-08-27 12:11:06,049 | INFO  | [554/3183] sh.600757 12笔分红 | 已用121s ETA576s
2026-08-27 12:11:06,050 | INFO  | [555/3183] sh.600758 8笔分红 | 已用121s ETA575s
2026-08-27 12:11:06,050 | INFO  | [556/3183] sh.600759 2笔分红 | 已用121s ETA574s
2026-08-27 12:11:06,050 | INFO  | [557/3183] sh.600760 10笔分红 | 已用121s ETA573s
2026-08-27 12:11:06,050 | INFO  | [558/3183] sh.600761 14笔分红 | 已用121s ETA571s
2026-08-27 12:11:06,051 | INFO  | [559/3183] sh.600763 4笔分红 | 已用121s ETA570s
2026-08-27 12:11:06,051 | INFO  | [560/3183] sh.600764 10笔分红 | 已用121s ETA569s
2026-08-27 12:11:06,064 | INFO  | [561/3183] sh.600765 12笔分红 | 已用121s ETA568s
2026-08-27 12:11:06,064 | INFO  | [562/3183] sh.600768 3笔分红 | 已用121s ETA566s
2026-08-27 12:11:06,065 | INFO  | [563/3183] sh.600769 0笔分红 | 已用121s ETA565s
2026-08-27 12:11:06,065 | INFO  | [564/3183] sh.600770 0笔分红 | 已用121s ETA564s
2026-08-27 12:11:06,065 | INFO  | [565/3183] sh.600771 0笔分红 | 已用121s ETA563s
2026-08-27 12:11:06,066 | INFO  | [566/3183] sh.600773 11笔分红 | 已用121s ETA562s
2026-08-27 12:11:06,066 | INFO  | [567/3183] sh.600774 7笔分红 | 已用121s ETA560s
2026-08-27 12:11:06,066 | INFO  | [568/3183] sh.600775 10笔分红 | 已用121s ETA559s
2026-08-27 12:11:08,754 | INFO  | [569/3183] sh.600785 7笔分红 | 已用124s ETA570s
2026-08-27 12:11:08,755 | INFO  | [570/3183] sh.600787 11笔分红 | 已用124s ETA569s
2026-08-27 12:11:08,755 | INFO  | [571/3183] sh.600789 11笔分红 | 已用124s ETA568s
2026-08-27 12:11:08,756 | INFO  | [572/3183] sh.600790 12笔分红 | 已用124s ETA567s
2026-08-27 12:11:08,756 | INFO  | [573/3183] sh.600791 8笔分红 | 已用124s ETA565s
2026-08-27 12:11:08,756 | INFO  | [574/3183] sh.600792 1笔分红 | 已用124s ETA564s
2026-08-27 12:11:08,757 | INFO  | [575/3183] sh.600793 0笔分红 | 已用124s ETA563s
2026-08-27 12:11:08,757 | INFO  | [576/3183] sh.600794 11笔分红 | 已用124s ETA562s
2026-08-27 12:11:10,012 | INFO  | [577/3183] sh.600776 12笔分红 | 已用125s ETA566s
2026-08-27 12:11:10,013 | INFO  | [578/3183] sh.600777 0笔分红 | 已用125s ETA565s
2026-08-27 12:11:10,013 | INFO  | [579/3183] sh.600778 1笔分红 | 已用125s ETA564s
2026-08-27 12:11:10,013 | INFO  | [580/3183] sh.600779 11笔分红 | 已用125s ETA563s
2026-08-27 12:11:10,013 | INFO  | [581/3183] sh.600780 5笔分红 | 已用125s ETA562s
2026-08-27 12:11:10,014 | INFO  | [582/3183] sh.600782 11笔分红 | 已用125s ETA560s
2026-08-27 12:11:10,014 | INFO  | [583/3183] sh.600783 12笔分红 | 已用125s ETA559s
2026-08-27 12:11:10,014 | INFO  | [584/3183] sh.600784 10笔分红 | 已用125s ETA558s
2026-08-27 12:11:13,446 | INFO  | [585/3183] sh.600730 6笔分红 | 已用129s ETA572s
2026-08-27 12:11:13,447 | INFO  | [586/3183] sh.600731 3笔分红 | 已用129s ETA571s
2026-08-27 12:11:13,447 | INFO  | [587/3183] sh.600732 2笔分红 | 已用129s ETA570s
2026-08-27 12:11:13,447 | INFO  | [588/3183] sh.600733 0笔分红 | 已用129s ETA569s
2026-08-27 12:11:13,447 | INFO  | [589/3183] sh.600734 0笔分红 | 已用129s ETA567s
2026-08-27 12:11:13,448 | INFO  | [590/3183] sh.600735 7笔分红 | 已用129s ETA566s
2026-08-27 12:11:13,448 | INFO  | [591/3183] sh.600736 11笔分红 | 已用129s ETA565s
2026-08-27 12:11:13,448 | INFO  | [592/3183] sh.600737 13笔分红 | 已用129s ETA564s
2026-08-27 12:11:13,777 | INFO  | [593/3183] sh.600816 4笔分红 | 已用129s ETA564s
2026-08-27 12:11:13,777 | INFO  | [594/3183] sh.600817 8笔分红 | 已用129s ETA563s
2026-08-27 12:11:13,777 | INFO  | [595/3183] sh.600818 4笔分红 | 已用129s ETA562s
2026-08-27 12:11:13,777 | INFO  | [596/3183] sh.600819 13笔分红 | 已用129s ETA561s
2026-08-27 12:11:13,777 | INFO  | [597/3183] sh.600820 15笔分红 | 已用129s ETA559s
2026-08-27 12:11:13,778 | INFO  | [598/3183] sh.600821 5笔分红 | 已用129s ETA558s
2026-08-27 12:11:13,778 | INFO  | [599/3183] sh.600822 0笔分红 | 已用129s ETA557s
2026-08-27 12:11:13,778 | INFO  | [600/3183] sh.600824 11笔分红 | 已用129s ETA556s
2026-08-27 12:11:13,822 | INFO  | [601/3183] sh.600795 14笔分红 | 已用129s ETA555s
2026-08-27 12:11:13,823 | INFO  | [602/3183] sh.600796 7笔分红 | 已用129s ETA554s
2026-08-27 12:11:13,823 | INFO  | [603/3183] sh.600797 9笔分红 | 已用129s ETA553s
2026-08-27 12:11:13,823 | INFO  | [604/3183] sh.600798 12笔分红 | 已用129s ETA552s
2026-08-27 12:11:13,823 | INFO  | [605/3183] sh.600800 0笔分红 | 已用129s ETA551s
2026-08-27 12:11:13,823 | INFO  | [606/3183] sh.600801 13笔分红 | 已用129s ETA549s
2026-08-27 12:11:13,825 | INFO  | [607/3183] sh.600802 6笔分红 | 已用129s ETA548s
2026-08-27 12:11:13,825 | INFO  | [608/3183] sh.600803 13笔分红 | 已用129s ETA547s
2026-08-27 12:11:17,322 | INFO  | [609/3183] sh.600805 6笔分红 | 已用133s ETA561s
2026-08-27 12:11:17,322 | INFO  | [610/3183] sh.600807 0笔分红 | 已用133s ETA560s
2026-08-27 12:11:17,322 | INFO  | [611/3183] sh.600808 7笔分红 | 已用133s ETA559s
2026-08-27 12:11:17,323 | INFO  | [612/3183] sh.600809 12笔分红 | 已用133s ETA558s
2026-08-27 12:11:17,323 | INFO  | [613/3183] sh.600810 8笔分红 | 已用133s ETA556s
2026-08-27 12:11:17,324 | INFO  | [614/3183] sh.600812 11笔分红 | 已用133s ETA555s
2026-08-27 12:11:17,324 | INFO  | [615/3183] sh.600814 13笔分红 | 已用133s ETA554s
2026-08-27 12:11:17,324 | INFO  | [616/3183] sh.600815 0笔分红 | 已用133s ETA553s
2026-08-27 12:11:18,170 | INFO  | [617/3183] sh.600825 10笔分红 | 已用134s ETA555s
2026-08-27 12:11:18,170 | INFO  | [618/3183] sh.600826 14笔分红 | 已用134s ETA554s
2026-08-27 12:11:18,170 | INFO  | [619/3183] sh.600827 11笔分红 | 已用134s ETA553s
2026-08-27 12:11:18,171 | INFO  | [620/3183] sh.600828 11笔分红 | 已用134s ETA552s
2026-08-27 12:11:18,171 | INFO  | [621/3183] sh.600829 4笔分红 | 已用134s ETA551s
2026-08-27 12:11:18,171 | INFO  | [622/3183] sh.600830 9笔分红 | 已用134s ETA550s
2026-08-27 12:11:18,171 | INFO  | [623/3183] sh.600831 7笔分红 | 已用134s ETA549s
2026-08-27 12:11:18,172 | INFO  | [624/3183] sh.600833 12笔分红 | 已用134s ETA548s
2026-08-27 12:11:20,892 | INFO  | [625/3183] sh.600857 6笔分红 | 已用136s ETA558s
2026-08-27 12:11:20,893 | INFO  | [626/3183] sh.600858 10笔分红 | 已用136s ETA557s
2026-08-27 12:11:20,893 | INFO  | [627/3183] sh.600859 11笔分红 | 已用136s ETA556s
2026-08-27 12:11:20,893 | INFO  | [628/3183] sh.600860 0笔分红 | 已用136s ETA554s
2026-08-27 12:11:20,893 | INFO  | [629/3183] sh.600861 9笔分红 | 已用136s ETA553s
2026-08-27 12:11:20,893 | INFO  | [630/3183] sh.600862 10笔分红 | 已用136s ETA552s
2026-08-27 12:11:20,894 | INFO  | [631/3183] sh.600863 12笔分红 | 已用136s ETA551s
2026-08-27 12:11:20,894 | INFO  | [632/3183] sh.600864 9笔分红 | 已用136s ETA550s
2026-08-27 12:11:21,915 | INFO  | [633/3183] sh.600834 14笔分红 | 已用137s ETA553s
2026-08-27 12:11:21,915 | INFO  | [634/3183] sh.600835 14笔分红 | 已用137s ETA552s
2026-08-27 12:11:21,916 | INFO  | [635/3183] sh.600838 12笔分红 | 已用137s ETA551s
2026-08-27 12:11:21,916 | INFO  | [636/3183] sh.600839 10笔分红 | 已用137s ETA550s
2026-08-27 12:11:21,916 | INFO  | [637/3183] sh.600841 8笔分红 | 已用137s ETA549s
2026-08-27 12:11:21,916 | INFO  | [638/3183] sh.600843 3笔分红 | 已用137s ETA548s
2026-08-27 12:11:21,917 | INFO  | [639/3183] sh.600844 0笔分红 | 已用137s ETA547s
2026-08-27 12:11:21,917 | INFO  | [640/3183] sh.600845 12笔分红 | 已用137s ETA546s
2026-08-27 12:11:22,520 | INFO  | [641/3183] sh.600865 8笔分红 | 已用138s ETA547s
2026-08-27 12:11:22,521 | INFO  | [642/3183] sh.600866 3笔分红 | 已用138s ETA546s
2026-08-27 12:11:22,521 | INFO  | [643/3183] sh.600867 13笔分红 | 已用138s ETA545s
2026-08-27 12:11:22,521 | INFO  | [644/3183] sh.600868 7笔分红 | 已用138s ETA544s
2026-08-27 12:11:22,522 | INFO  | [645/3183] sh.600869 4笔分红 | 已用138s ETA543s
2026-08-27 12:11:22,522 | INFO  | [646/3183] sh.600871 0笔分红 | 已用138s ETA542s
2026-08-27 12:11:22,522 | INFO  | [647/3183] sh.600872 11笔分红 | 已用138s ETA541s
2026-08-27 12:11:22,522 | INFO  | [648/3183] sh.600873 13笔分红 | 已用138s ETA539s
2026-08-27 12:11:25,209 | INFO  | [649/3183] sh.600874 11笔分红 | 已用141s ETA549s
2026-08-27 12:11:25,210 | INFO  | [650/3183] sh.600875 10笔分红 | 已用141s ETA548s
2026-08-27 12:11:25,210 | INFO  | [651/3183] sh.600876 0笔分红 | 已用141s ETA547s
2026-08-27 12:11:25,210 | INFO  | [652/3183] sh.600877 0笔分红 | 已用141s ETA546s
2026-08-27 12:11:25,210 | INFO  | [653/3183] sh.600879 6笔分红 | 已用141s ETA545s
2026-08-27 12:11:25,211 | INFO  | [654/3183] sh.600880 10笔分红 | 已用141s ETA544s
2026-08-27 12:11:25,211 | INFO  | [655/3183] sh.600881 2笔分红 | 已用141s ETA543s
2026-08-27 12:11:25,211 | INFO  | [656/3183] sh.600882 0笔分红 | 已用141s ETA542s
2026-08-27 12:11:26,164 | INFO  | [657/3183] sh.600846 12笔分红 | 已用142s ETA544s
2026-08-27 12:11:26,165 | INFO  | [658/3183] sh.600847 0笔分红 | 已用142s ETA543s
2026-08-27 12:11:26,165 | INFO  | [659/3183] sh.600848 9笔分红 | 已用142s ETA542s
2026-08-27 12:11:26,165 | INFO  | [660/3183] sh.600850 13笔分红 | 已用142s ETA541s
2026-08-27 12:11:26,166 | INFO  | [661/3183] sh.600851 12笔分红 | 已用142s ETA540s
2026-08-27 12:11:26,166 | INFO  | [662/3183] sh.600853 14笔分红 | 已用142s ETA539s
2026-08-27 12:11:26,166 | INFO  | [663/3183] sh.600854 9笔分红 | 已用142s ETA538s
2026-08-27 12:11:26,167 | INFO  | [664/3183] sh.600855 9笔分红 | 已用142s ETA537s
2026-08-27 12:11:30,347 | INFO  | [665/3183] sh.600926 12笔分红 | 已用146s ETA552s
2026-08-27 12:11:30,348 | INFO  | [666/3183] sh.600927 8笔分红 | 已用146s ETA551s
2026-08-27 12:11:30,348 | INFO  | [667/3183] sh.600928 8笔分红 | 已用146s ETA550s
2026-08-27 12:11:30,348 | INFO  | [668/3183] sh.600929 9笔分红 | 已用146s ETA549s
2026-08-27 12:11:30,348 | INFO  | [669/3183] sh.600930 1笔分红 | 已用146s ETA548s
2026-08-27 12:11:30,349 | INFO  | [670/3183] sh.600933 9笔分红 | 已用146s ETA547s
2026-08-27 12:11:30,349 | INFO  | [671/3183] sh.600935 3笔分红 | 已用146s ETA546s
2026-08-27 12:11:30,349 | INFO  | [672/3183] sh.600936 3笔分红 | 已用146s ETA545s
2026-08-27 12:11:31,113 | INFO  | [673/3183] sh.600893 12笔分红 | 已用146s ETA546s
2026-08-27 12:11:31,114 | INFO  | [674/3183] sh.600894 14笔分红 | 已用146s ETA545s
2026-08-27 12:11:31,114 | INFO  | [675/3183] sh.600895 14笔分红 | 已用146s ETA544s
2026-08-27 12:11:31,114 | INFO  | [676/3183] sh.600897 12笔分红 | 已用146s ETA543s
2026-08-27 12:11:31,115 | INFO  | [677/3183] sh.600900 14笔分红 | 已用147s ETA542s
2026-08-27 12:11:31,115 | INFO  | [678/3183] sh.600901 11笔分红 | 已用147s ETA541s
2026-08-27 12:11:31,115 | INFO  | [679/3183] sh.600903 10笔分红 | 已用147s ETA540s
2026-08-27 12:11:31,116 | INFO  | [680/3183] sh.600905 6笔分红 | 已用147s ETA539s
2026-08-27 12:11:31,519 | INFO  | [681/3183] sh.600906 7笔分红 | 已用147s ETA540s
2026-08-27 12:11:31,520 | INFO  | [682/3183] sh.600908 11笔分红 | 已用147s ETA539s
2026-08-27 12:11:31,520 | INFO  | [683/3183] sh.600909 11笔分红 | 已用147s ETA538s
2026-08-27 12:11:31,520 | INFO  | [684/3183] sh.600916 6笔分红 | 已用147s ETA537s
2026-08-27 12:11:31,521 | INFO  | [685/3183] sh.600917 14笔分红 | 已用147s ETA536s
2026-08-27 12:11:31,521 | INFO  | [686/3183] sh.600918 7笔分红 | 已用147s ETA535s
2026-08-27 12:11:31,521 | INFO  | [687/3183] sh.600919 12笔分红 | 已用147s ETA534s
2026-08-27 12:11:31,521 | INFO  | [688/3183] sh.600925 4笔分红 | 已用147s ETA533s
2026-08-27 12:11:31,740 | INFO  | [689/3183] sh.600883 12笔分红 | 已用147s ETA533s
2026-08-27 12:11:31,740 | INFO  | [690/3183] sh.600884 10笔分红 | 已用147s ETA532s
2026-08-27 12:11:31,740 | INFO  | [691/3183] sh.600885 12笔分红 | 已用147s ETA531s
2026-08-27 12:11:31,741 | INFO  | [692/3183] sh.600886 12笔分红 | 已用147s ETA530s
2026-08-27 12:11:31,741 | INFO  | [693/3183] sh.600887 13笔分红 | 已用147s ETA529s
2026-08-27 12:11:31,741 | INFO  | [694/3183] sh.600888 11笔分红 | 已用147s ETA528s
2026-08-27 12:11:31,741 | INFO  | [695/3183] sh.600889 5笔分红 | 已用147s ETA527s
2026-08-27 12:11:31,741 | INFO  | [696/3183] sh.600892 0笔分红 | 已用147s ETA526s
2026-08-27 12:11:34,041 | INFO  | [697/3183] sh.600938 8笔分红 | 已用149s ETA533s
2026-08-27 12:11:34,041 | INFO  | [698/3183] sh.600939 7笔分红 | 已用149s ETA532s
2026-08-27 12:11:34,041 | INFO  | [699/3183] sh.600941 9笔分红 | 已用149s ETA531s
2026-08-27 12:11:34,042 | INFO  | [700/3183] sh.600955 5笔分红 | 已用149s ETA530s
2026-08-27 12:11:34,042 | INFO  | [701/3183] sh.600956 7笔分红 | 已用149s ETA529s
2026-08-27 12:11:34,042 | INFO  | [702/3183] sh.600958 15笔分红 | 已用149s ETA528s
2026-08-27 12:11:34,042 | INFO  | [703/3183] sh.600959 10笔分红 | 已用149s ETA527s
2026-08-27 12:11:34,042 | INFO  | [704/3183] sh.600960 7笔分红 | 已用149s ETA526s
2026-08-27 12:11:38,223 | INFO  | [705/3183] sh.600981 11笔分红 | 已用154s ETA540s
2026-08-27 12:11:38,224 | INFO  | [706/3183] sh.600982 12笔分红 | 已用154s ETA539s
2026-08-27 12:11:38,224 | INFO  | [707/3183] sh.600983 10笔分红 | 已用154s ETA538s
2026-08-27 12:11:38,224 | INFO  | [708/3183] sh.600984 2笔分红 | 已用154s ETA537s
2026-08-27 12:11:38,225 | INFO  | [709/3183] sh.600985 12笔分红 | 已用154s ETA536s
2026-08-27 12:11:38,225 | INFO  | [710/3183] sh.600986 5笔分红 | 已用154s ETA535s
2026-08-27 12:11:38,225 | INFO  | [711/3183] sh.600987 13笔分红 | 已用154s ETA534s
2026-08-27 12:11:38,225 | INFO  | [712/3183] sh.600988 3笔分红 | 已用154s ETA533s
2026-08-27 12:11:40,558 | INFO  | [713/3183] sh.600989 13笔分红 | 已用156s ETA540s
2026-08-27 12:11:40,558 | INFO  | [714/3183] sh.600990 9笔分红 | 已用156s ETA539s
2026-08-27 12:11:40,559 | INFO  | [715/3183] sh.600992 11笔分红 | 已用156s ETA538s
2026-08-27 12:11:40,559 | INFO  | [716/3183] sh.600993 12笔分红 | 已用156s ETA537s
2026-08-27 12:11:40,559 | INFO  | [717/3183] sh.600995 14笔分红 | 已用156s ETA536s
2026-08-27 12:11:40,559 | INFO  | [718/3183] sh.600996 4笔分红 | 已用156s ETA535s
2026-08-27 12:11:40,560 | INFO  | [719/3183] sh.600997 11笔分红 | 已用156s ETA534s
2026-08-27 12:11:40,560 | INFO  | [720/3183] sh.600998 9笔分红 | 已用156s ETA533s
2026-08-27 12:11:40,774 | INFO  | [721/3183] sh.600970 12笔分红 | 已用156s ETA533s
2026-08-27 12:11:40,775 | INFO  | [722/3183] sh.600971 9笔分红 | 已用156s ETA532s
2026-08-27 12:11:40,775 | INFO  | [723/3183] sh.600973 7笔分红 | 已用156s ETA531s
2026-08-27 12:11:40,775 | INFO  | [724/3183] sh.600975 5笔分红 | 已用156s ETA530s
2026-08-27 12:11:40,775 | INFO  | [725/3183] sh.600976 12笔分红 | 已用156s ETA529s
2026-08-27 12:11:40,775 | INFO  | [726/3183] sh.600977 9笔分红 | 已用156s ETA528s
2026-08-27 12:11:40,776 | INFO  | [727/3183] sh.600979 9笔分红 | 已用156s ETA528s
2026-08-27 12:11:40,776 | INFO  | [728/3183] sh.600980 11笔分红 | 已用156s ETA527s
2026-08-27 12:11:40,790 | INFO  | [729/3183] sh.600999 16笔分红 | 已用156s ETA526s
2026-08-27 12:11:40,791 | INFO  | [730/3183] sh.601000 13笔分红 | 已用156s ETA525s
2026-08-27 12:11:40,791 | INFO  | [731/3183] sh.601001 6笔分红 | 已用156s ETA524s
2026-08-27 12:11:40,792 | INFO  | [732/3183] sh.601002 7笔分红 | 已用156s ETA523s
2026-08-27 12:11:40,792 | INFO  | [733/3183] sh.601003 8笔分红 | 已用156s ETA522s
2026-08-27 12:11:40,792 | INFO  | [734/3183] sh.601005 0笔分红 | 已用156s ETA521s
2026-08-27 12:11:40,792 | INFO  | [735/3183] sh.601006 14笔分红 | 已用156s ETA520s
2026-08-27 12:11:40,792 | INFO  | [736/3183] sh.601007 11笔分红 | 已用156s ETA519s
2026-08-27 12:11:40,821 | INFO  | [737/3183] sh.600961 0笔分红 | 已用156s ETA518s
2026-08-27 12:11:40,822 | INFO  | [738/3183] sh.600962 0笔分红 | 已用156s ETA518s
2026-08-27 12:11:40,822 | INFO  | [739/3183] sh.600963 8笔分红 | 已用156s ETA517s
2026-08-27 12:11:40,822 | INFO  | [740/3183] sh.600965 11笔分红 | 已用156s ETA516s
2026-08-27 12:11:40,823 | INFO  | [741/3183] sh.600966 10笔分红 | 已用156s ETA515s
2026-08-27 12:11:40,823 | INFO  | [742/3183] sh.600967 13笔分红 | 已用156s ETA514s
2026-08-27 12:11:40,823 | INFO  | [743/3183] sh.600968 7笔分红 | 已用156s ETA513s
2026-08-27 12:11:40,823 | INFO  | [744/3183] sh.600969 10笔分红 | 已用156s ETA512s
2026-08-27 12:11:41,864 | INFO  | [745/3183] sh.601008 12笔分红 | 已用157s ETA515s
2026-08-27 12:11:41,864 | INFO  | [746/3183] sh.601009 14笔分红 | 已用157s ETA514s
2026-08-27 12:11:41,864 | INFO  | [747/3183] sh.601010 12笔分红 | 已用157s ETA513s
2026-08-27 12:11:41,865 | INFO  | [748/3183] sh.601011 3笔分红 | 已用157s ETA512s
2026-08-27 12:11:41,865 | INFO  | [749/3183] sh.601012 11笔分红 | 已用157s ETA511s
2026-08-27 12:11:41,865 | INFO  | [750/3183] sh.601015 6笔分红 | 已用157s ETA510s
2026-08-27 12:11:41,866 | INFO  | [751/3183] sh.601016 13笔分红 | 已用157s ETA509s
2026-08-27 12:11:41,866 | INFO  | [752/3183] sh.601018 14笔分红 | 已用157s ETA508s
2026-08-27 12:11:46,610 | INFO  | [753/3183] sh.601086 11笔分红 | 已用162s ETA523s
2026-08-27 12:11:46,611 | INFO  | [754/3183] sh.601088 13笔分红 | 已用162s ETA522s
2026-08-27 12:11:46,611 | INFO  | [755/3183] sh.601089 4笔分红 | 已用162s ETA521s
2026-08-27 12:11:46,611 | INFO  | [756/3183] sh.601096 5笔分红 | 已用162s ETA520s
2026-08-27 12:11:46,612 | INFO  | [757/3183] sh.601098 14笔分红 | 已用162s ETA519s
2026-08-27 12:11:46,612 | INFO  | [758/3183] sh.601099 4笔分红 | 已用162s ETA518s
2026-08-27 12:11:46,612 | INFO  | [759/3183] sh.601100 13笔分红 | 已用162s ETA517s
2026-08-27 12:11:46,613 | INFO  | [760/3183] sh.601101 11笔分红 | 已用162s ETA516s
2026-08-27 12:11:47,232 | INFO  | [761/3183] sh.601019 10笔分红 | 已用163s ETA518s
2026-08-27 12:11:47,233 | INFO  | [762/3183] sh.601020 7笔分红 | 已用163s ETA517s
2026-08-27 12:11:47,233 | INFO  | [763/3183] sh.601021 10笔分红 | 已用163s ETA516s
2026-08-27 12:11:47,233 | INFO  | [764/3183] sh.601022 5笔分红 | 已用163s ETA515s
2026-08-27 12:11:47,234 | INFO  | [765/3183] sh.601026 2笔分红 | 已用163s ETA514s
2026-08-27 12:11:47,234 | INFO  | [766/3183] sh.601033 3笔分红 | 已用163s ETA513s
2026-08-27 12:11:47,234 | INFO  | [767/3183] sh.601038 10笔分红 | 已用163s ETA512s
2026-08-27 12:11:47,235 | INFO  | [768/3183] sh.601058 14笔分红 | 已用163s ETA511s
2026-08-27 12:11:48,844 | INFO  | [769/3183] sh.601138 9笔分红 | 已用164s ETA516s
2026-08-27 12:11:48,844 | INFO  | [770/3183] sh.601139 12笔分红 | 已用164s ETA515s
2026-08-27 12:11:48,844 | INFO  | [771/3183] sh.601155 6笔分红 | 已用164s ETA514s
2026-08-27 12:11:48,844 | INFO  | [772/3183] sh.601156 5笔分红 | 已用164s ETA513s
2026-08-27 12:11:48,844 | INFO  | [773/3183] sh.601158 13笔分红 | 已用164s ETA512s
2026-08-27 12:11:48,846 | INFO  | [774/3183] sh.601162 4笔分红 | 已用164s ETA511s
2026-08-27 12:11:48,846 | INFO  | [775/3183] sh.601163 10笔分红 | 已用164s ETA510s
2026-08-27 12:11:48,846 | INFO  | [776/3183] sh.601166 13笔分红 | 已用164s ETA509s
2026-08-27 12:11:49,294 | INFO  | [777/3183] sh.601106 1笔分红 | 已用165s ETA510s
2026-08-27 12:11:49,294 | INFO  | [778/3183] sh.601107 12笔分红 | 已用165s ETA509s
2026-08-27 12:11:49,295 | INFO  | [779/3183] sh.601108 12笔分红 | 已用165s ETA508s
2026-08-27 12:11:49,295 | INFO  | [780/3183] sh.601111 6笔分红 | 已用165s ETA507s
2026-08-27 12:11:49,295 | INFO  | [781/3183] sh.601112 1笔分红 | 已用165s ETA506s
2026-08-27 12:11:49,296 | INFO  | [782/3183] sh.601113 3笔分红 | 已用165s ETA506s
2026-08-27 12:11:49,296 | INFO  | [783/3183] sh.601116 12笔分红 | 已用165s ETA505s
2026-08-27 12:11:49,296 | INFO  | [784/3183] sh.601117 14笔分红 | 已用165s ETA504s
2026-08-27 12:11:52,685 | INFO  | [785/3183] sh.601168 12笔分红 | 已用168s ETA513s
2026-08-27 12:11:52,685 | INFO  | [786/3183] sh.601169 13笔分红 | 已用168s ETA513s
2026-08-27 12:11:52,686 | INFO  | [787/3183] sh.601177 11笔分红 | 已用168s ETA512s
2026-08-27 12:11:52,686 | INFO  | [788/3183] sh.601179 15笔分红 | 已用168s ETA511s
2026-08-27 12:11:52,686 | INFO  | [789/3183] sh.601186 14笔分红 | 已用168s ETA510s
2026-08-27 12:11:52,686 | INFO  | [790/3183] sh.601187 8笔分红 | 已用168s ETA509s
2026-08-27 12:11:52,686 | INFO  | [791/3183] sh.601188 12笔分红 | 已用168s ETA508s
2026-08-27 12:11:52,688 | INFO  | [792/3183] sh.601198 14笔分红 | 已用168s ETA507s
2026-08-27 12:11:53,531 | INFO  | [793/3183] sh.601059 6笔分红 | 已用169s ETA509s
2026-08-27 12:11:53,533 | INFO  | [794/3183] sh.601061 5笔分红 | 已用169s ETA508s
2026-08-27 12:11:53,533 | INFO  | [795/3183] sh.601065 4笔分红 | 已用169s ETA507s
2026-08-27 12:11:53,533 | INFO  | [796/3183] sh.601066 11笔分红 | 已用169s ETA507s
2026-08-27 12:11:53,533 | INFO  | [797/3183] sh.601068 2笔分红 | 已用169s ETA506s
2026-08-27 12:11:53,534 | INFO  | [798/3183] sh.601069 11笔分红 | 已用169s ETA505s
2026-08-27 12:11:53,534 | INFO  | [799/3183] sh.601077 9笔分红 | 已用169s ETA504s
2026-08-27 12:11:53,534 | INFO  | [800/3183] sh.601083 5笔分红 | 已用169s ETA503s
2026-08-27 12:11:55,337 | INFO  | [801/3183] sh.601199 14笔分红 | 已用171s ETA508s
2026-08-27 12:11:55,337 | INFO  | [802/3183] sh.601200 9笔分红 | 已用171s ETA507s
2026-08-27 12:11:55,337 | INFO  | [803/3183] sh.601208 12笔分红 | 已用171s ETA506s
2026-08-27 12:11:55,338 | INFO  | [804/3183] sh.601211 14笔分红 | 已用171s ETA505s
2026-08-27 12:11:55,338 | INFO  | [805/3183] sh.601212 8笔分红 | 已用171s ETA504s
2026-08-27 12:11:55,338 | INFO  | [806/3183] sh.601216 12笔分红 | 已用171s ETA503s
2026-08-27 12:11:55,339 | INFO  | [807/3183] sh.601218 11笔分红 | 已用171s ETA503s
2026-08-27 12:11:55,339 | INFO  | [808/3183] sh.601222 12笔分红 | 已用171s ETA502s
2026-08-27 12:11:55,568 | INFO  | [809/3183] sh.601118 7笔分红 | 已用171s ETA502s
2026-08-27 12:11:55,569 | INFO  | [810/3183] sh.601121 5笔分红 | 已用171s ETA501s
2026-08-27 12:11:55,569 | INFO  | [811/3183] sh.601126 12笔分红 | 已用171s ETA500s
2026-08-27 12:11:55,569 | INFO  | [812/3183] sh.601127 8笔分红 | 已用171s ETA499s
2026-08-27 12:11:55,570 | INFO  | [813/3183] sh.601128 11笔分红 | 已用171s ETA498s
2026-08-27 12:11:55,570 | INFO  | [814/3183] sh.601133 7笔分红 | 已用171s ETA498s
2026-08-27 12:11:55,570 | INFO  | [815/3183] sh.601136 6笔分红 | 已用171s ETA497s
2026-08-27 12:11:55,570 | INFO  | [816/3183] sh.601137 13笔分红 | 已用171s ETA496s
2026-08-27 12:11:56,570 | INFO  | [817/3183] sh.601279 3笔分红 | 已用172s ETA498s
2026-08-27 12:11:56,570 | INFO  | [818/3183] sh.601288 15笔分红 | 已用172s ETA497s
2026-08-27 12:11:56,571 | INFO  | [819/3183] sh.601298 10笔分红 | 已用172s ETA496s
2026-08-27 12:11:56,571 | INFO  | [820/3183] sh.601311 12笔分红 | 已用172s ETA496s
2026-08-27 12:11:56,571 | INFO  | [821/3183] sh.601318 28笔分红 | 已用172s ETA495s
2026-08-27 12:11:56,571 | INFO  | [822/3183] sh.601319 12笔分红 | 已用172s ETA494s
2026-08-27 12:11:56,572 | INFO  | [823/3183] sh.601326 10笔分红 | 已用172s ETA493s
2026-08-27 12:11:56,572 | INFO  | [824/3183] sh.601328 15笔分红 | 已用172s ETA492s
2026-08-27 12:11:57,153 | INFO  | [825/3183] sh.601225 14笔分红 | 已用173s ETA493s
2026-08-27 12:11:57,153 | INFO  | [826/3183] sh.601226 11笔分红 | 已用173s ETA492s
2026-08-27 12:11:57,153 | INFO  | [827/3183] sh.601228 10笔分红 | 已用173s ETA492s
2026-08-27 12:11:57,154 | INFO  | [828/3183] sh.601229 12笔分红 | 已用173s ETA491s
2026-08-27 12:11:57,154 | INFO  | [829/3183] sh.601231 12笔分红 | 已用173s ETA490s
2026-08-27 12:11:57,154 | INFO  | [830/3183] sh.601233 11笔分红 | 已用173s ETA489s
2026-08-27 12:11:57,154 | INFO  | [831/3183] sh.601236 9笔分红 | 已用173s ETA488s
2026-08-27 12:11:57,155 | INFO  | [832/3183] sh.601238 22笔分红 | 已用173s ETA488s
2026-08-27 12:11:58,492 | INFO  | [833/3183] sh.601330 10笔分红 | 已用174s ETA491s
2026-08-27 12:11:58,492 | INFO  | [834/3183] sh.601333 9笔分红 | 已用174s ETA490s
2026-08-27 12:11:58,493 | INFO  | [835/3183] sh.601336 14笔分红 | 已用174s ETA489s
2026-08-27 12:11:58,493 | INFO  | [836/3183] sh.601339 15笔分红 | 已用174s ETA488s
2026-08-27 12:11:58,493 | INFO  | [837/3183] sh.601360 11笔分红 | 已用174s ETA487s
2026-08-27 12:11:58,493 | INFO  | [838/3183] sh.601366 9笔分红 | 已用174s ETA487s
2026-08-27 12:11:58,493 | INFO  | [839/3183] sh.601368 11笔分红 | 已用174s ETA486s
2026-08-27 12:11:58,494 | INFO  | [840/3183] sh.601369 14笔分红 | 已用174s ETA485s
2026-08-27 12:12:04,701 | INFO  | [841/3183] sh.601512 7笔分红 | 已用180s ETA501s
2026-08-27 12:12:04,701 | INFO  | [842/3183] sh.601515 10笔分红 | 已用180s ETA501s
2026-08-27 12:12:04,701 | INFO  | [843/3183] sh.601518 9笔分红 | 已用180s ETA500s
2026-08-27 12:12:04,701 | INFO  | [844/3183] sh.601519 0笔分红 | 已用180s ETA499s
2026-08-27 12:12:04,702 | INFO  | [845/3183] sh.601528 5笔分红 | 已用180s ETA498s
2026-08-27 12:12:04,702 | INFO  | [846/3183] sh.601555 14笔分红 | 已用180s ETA497s
2026-08-27 12:12:04,702 | INFO  | [847/3183] sh.601566 12笔分红 | 已用180s ETA497s
2026-08-27 12:12:04,703 | INFO  | [848/3183] sh.601567 12笔分红 | 已用180s ETA496s
2026-08-27 12:12:04,827 | INFO  | [849/3183] sh.601375 14笔分红 | 已用180s ETA495s
2026-08-27 12:12:04,827 | INFO  | [850/3183] sh.601377 14笔分红 | 已用180s ETA495s
2026-08-27 12:12:04,827 | INFO  | [851/3183] sh.601388 10笔分红 | 已用180s ETA494s
2026-08-27 12:12:04,827 | INFO  | [852/3183] sh.601390 15笔分红 | 已用180s ETA493s
2026-08-27 12:12:04,828 | INFO  | [853/3183] sh.601398 15笔分红 | 已用180s ETA492s
2026-08-27 12:12:04,828 | INFO  | [854/3183] sh.601399 0笔分红 | 已用180s ETA491s
2026-08-27 12:12:04,828 | INFO  | [855/3183] sh.601456 5笔分红 | 已用180s ETA491s
2026-08-27 12:12:04,828 | INFO  | [856/3183] sh.601500 8笔分红 | 已用180s ETA490s
2026-08-27 12:12:07,570 | INFO  | [857/3183] sh.601601 12笔分红 | 已用183s ETA497s
2026-08-27 12:12:07,570 | INFO  | [858/3183] sh.601606 7笔分红 | 已用183s ETA496s
2026-08-27 12:12:07,571 | INFO  | [859/3183] sh.601607 14笔分红 | 已用183s ETA495s
2026-08-27 12:12:07,571 | INFO  | [860/3183] sh.601608 11笔分红 | 已用183s ETA494s
2026-08-27 12:12:07,571 | INFO  | [861/3183] sh.601609 7笔分红 | 已用183s ETA493s
2026-08-27 12:12:07,571 | INFO  | [862/3183] sh.601611 11笔分红 | 已用183s ETA493s
2026-08-27 12:12:07,572 | INFO  | [863/3183] sh.601615 9笔分红 | 已用183s ETA492s
2026-08-27 12:12:07,572 | INFO  | [864/3183] sh.601616 9笔分红 | 已用183s ETA491s
2026-08-27 12:12:07,695 | INFO  | [865/3183] sh.601618 11笔分红 | 已用183s ETA491s
2026-08-27 12:12:07,696 | INFO  | [866/3183] sh.601619 11笔分红 | 已用183s ETA490s
2026-08-27 12:12:07,696 | INFO  | [867/3183] sh.601628 16笔分红 | 已用183s ETA489s
2026-08-27 12:12:07,696 | INFO  | [868/3183] sh.601633 14笔分红 | 已用183s ETA488s
2026-08-27 12:12:07,697 | INFO  | [869/3183] sh.601636 11笔分红 | 已用183s ETA488s
2026-08-27 12:12:07,697 | INFO  | [870/3183] sh.601658 9笔分红 | 已用183s ETA487s
2026-08-27 12:12:07,697 | INFO  | [871/3183] sh.601665 8笔分红 | 已用183s ETA486s
2026-08-27 12:12:07,698 | INFO  | [872/3183] sh.601666 8笔分红 | 已用183s ETA485s
2026-08-27 12:12:09,796 | INFO  | [873/3183] sh.601668 12笔分红 | 已用185s ETA490s
2026-08-27 12:12:09,796 | INFO  | [874/3183] sh.601669 12笔分红 | 已用185s ETA489s
2026-08-27 12:12:09,797 | INFO  | [875/3183] sh.601677 14笔分红 | 已用185s ETA488s
2026-08-27 12:12:09,797 | INFO  | [876/3183] sh.601678 14笔分红 | 已用185s ETA488s
2026-08-27 12:12:09,798 | INFO  | [877/3183] sh.601686 7笔分红 | 已用185s ETA487s
2026-08-27 12:12:09,798 | INFO  | [878/3183] sh.601688 15笔分红 | 已用185s ETA486s
2026-08-27 12:12:09,798 | INFO  | [879/3183] sh.601689 10笔分红 | 已用185s ETA485s
2026-08-27 12:12:09,798 | INFO  | [880/3183] sh.601696 9笔分红 | 已用185s ETA485s
2026-08-27 12:12:09,843 | INFO  | [881/3183] sh.601568 7笔分红 | 已用185s ETA484s
2026-08-27 12:12:09,843 | INFO  | [882/3183] sh.601577 9笔分红 | 已用185s ETA483s
2026-08-27 12:12:09,843 | INFO  | [883/3183] sh.601579 11笔分红 | 已用185s ETA482s
2026-08-27 12:12:09,845 | INFO  | [884/3183] sh.601588 9笔分红 | 已用185s ETA482s
2026-08-27 12:12:09,845 | INFO  | [885/3183] sh.601595 8笔分红 | 已用185s ETA481s
2026-08-27 12:12:09,845 | INFO  | [886/3183] sh.601598 12笔分红 | 已用185s ETA480s
2026-08-27 12:12:09,846 | INFO  | [887/3183] sh.601599 5笔分红 | 已用185s ETA479s
2026-08-27 12:12:09,846 | INFO  | [888/3183] sh.601600 7笔分红 | 已用185s ETA479s
2026-08-27 12:12:13,417 | INFO  | [889/3183] sh.601766 13笔分红 | 已用189s ETA487s
2026-08-27 12:12:13,417 | INFO  | [890/3183] sh.601777 3笔分红 | 已用189s ETA486s
2026-08-27 12:12:13,417 | INFO  | [891/3183] sh.601778 7笔分红 | 已用189s ETA486s
2026-08-27 12:12:13,418 | INFO  | [892/3183] sh.601788 14笔分红 | 已用189s ETA485s
2026-08-27 12:12:13,418 | INFO  | [893/3183] sh.601789 12笔分红 | 已用189s ETA484s
2026-08-27 12:12:13,418 | INFO  | [894/3183] sh.601798 2笔分红 | 已用189s ETA483s
2026-08-27 12:12:13,419 | INFO  | [895/3183] sh.601799 14笔分红 | 已用189s ETA483s
2026-08-27 12:12:13,419 | INFO  | [896/3183] sh.601800 14笔分红 | 已用189s ETA482s
2026-08-27 12:12:13,559 | INFO  | [897/3183] sh.601698 8笔分红 | 已用189s ETA482s
2026-08-27 12:12:13,559 | INFO  | [898/3183] sh.601699 11笔分红 | 已用189s ETA481s
2026-08-27 12:12:13,559 | INFO  | [899/3183] sh.601700 10笔分红 | 已用189s ETA480s
2026-08-27 12:12:13,560 | INFO  | [900/3183] sh.601702 6笔分红 | 已用189s ETA479s
2026-08-27 12:12:13,560 | INFO  | [901/3183] sh.601717 12笔分红 | 已用189s ETA479s
2026-08-27 12:12:13,560 | INFO  | [902/3183] sh.601718 8笔分红 | 已用189s ETA478s
2026-08-27 12:12:13,561 | INFO  | [903/3183] sh.601727 5笔分红 | 已用189s ETA477s
2026-08-27 12:12:13,561 | INFO  | [904/3183] sh.601728 9笔分红 | 已用189s ETA476s
2026-08-27 12:12:15,984 | INFO  | [905/3183] sh.601838 9笔分红 | 已用191s ETA482s
2026-08-27 12:12:15,985 | INFO  | [906/3183] sh.601857 24笔分红 | 已用191s ETA481s
2026-08-27 12:12:15,985 | INFO  | [907/3183] sh.601858 10笔分红 | 已用191s ETA480s
2026-08-27 12:12:15,985 | INFO  | [908/3183] sh.601860 10笔分红 | 已用191s ETA479s
2026-08-27 12:12:15,986 | INFO  | [909/3183] sh.601865 9笔分红 | 已用191s ETA479s
2026-08-27 12:12:15,986 | INFO  | [910/3183] sh.601866 10笔分红 | 已用191s ETA478s
2026-08-27 12:12:15,986 | INFO  | [911/3183] sh.601868 6笔分红 | 已用191s ETA477s
2026-08-27 12:12:15,987 | INFO  | [912/3183] sh.601869 9笔分红 | 已用191s ETA477s
2026-08-27 12:12:17,798 | INFO  | [913/3183] sh.601801 14笔分红 | 已用193s ETA480s
2026-08-27 12:12:17,799 | INFO  | [914/3183] sh.601808 12笔分红 | 已用193s ETA480s
2026-08-27 12:12:17,799 | INFO  | [915/3183] sh.601811 14笔分红 | 已用193s ETA479s
2026-08-27 12:12:17,799 | INFO  | [916/3183] sh.601816 9笔分红 | 已用193s ETA478s
2026-08-27 12:12:17,799 | INFO  | [917/3183] sh.601818 14笔分红 | 已用193s ETA477s
2026-08-27 12:12:17,800 | INFO  | [918/3183] sh.601825 9笔分红 | 已用193s ETA477s
2026-08-27 12:12:17,800 | INFO  | [919/3183] sh.601827 6笔分红 | 已用193s ETA476s
2026-08-27 12:12:17,800 | INFO  | [920/3183] sh.601828 5笔分红 | 已用193s ETA475s
2026-08-27 12:12:21,825 | INFO  | [921/3183] sh.601872 14笔分红 | 已用197s ETA484s
2026-08-27 12:12:21,825 | INFO  | [922/3183] sh.601877 15笔分红 | 已用197s ETA484s
2026-08-27 12:12:21,825 | INFO  | [923/3183] sh.601878 11笔分红 | 已用197s ETA483s
2026-08-27 12:12:21,826 | INFO  | [924/3183] sh.601880 12笔分红 | 已用197s ETA482s
2026-08-27 12:12:21,826 | INFO  | [925/3183] sh.601881 14笔分红 | 已用197s ETA481s
2026-08-27 12:12:21,826 | INFO  | [926/3183] sh.601882 11笔分红 | 已用197s ETA481s
2026-08-27 12:12:21,827 | INFO  | [927/3183] sh.601886 14笔分红 | 已用197s ETA480s
2026-08-27 12:12:21,827 | INFO  | [928/3183] sh.601888 13笔分红 | 已用197s ETA479s
2026-08-27 12:12:21,919 | INFO  | [929/3183] sh.601985 12笔分红 | 已用197s ETA479s
2026-08-27 12:12:21,920 | INFO  | [930/3183] sh.601988 15笔分红 | 已用197s ETA478s
2026-08-27 12:12:21,920 | INFO  | [931/3183] sh.601990 10笔分红 | 已用197s ETA477s
2026-08-27 12:12:21,920 | INFO  | [932/3183] sh.601991 11笔分红 | 已用197s ETA477s
2026-08-27 12:12:21,921 | INFO  | [933/3183] sh.601992 12笔分红 | 已用197s ETA476s
2026-08-27 12:12:21,921 | INFO  | [934/3183] sh.601995 8笔分红 | 已用197s ETA475s
2026-08-27 12:12:21,921 | INFO  | [935/3183] sh.601996 9笔分红 | 已用197s ETA474s
2026-08-27 12:12:21,922 | INFO  | [936/3183] sh.601997 10笔分红 | 已用197s ETA474s
2026-08-27 12:12:22,889 | INFO  | [937/3183] sh.601919 10笔分红 | 已用198s ETA475s
2026-08-27 12:12:22,890 | INFO  | [938/3183] sh.601921 6笔分红 | 已用198s ETA475s
2026-08-27 12:12:22,890 | INFO  | [939/3183] sh.601928 14笔分红 | 已用198s ETA474s
2026-08-27 12:12:22,890 | INFO  | [940/3183] sh.601929 7笔分红 | 已用198s ETA473s
2026-08-27 12:12:22,891 | INFO  | [941/3183] sh.601933 8笔分红 | 已用198s ETA472s
2026-08-27 12:12:22,891 | INFO  | [942/3183] sh.601939 14笔分红 | 已用198s ETA472s
2026-08-27 12:12:22,891 | INFO  | [943/3183] sh.601949 9笔分红 | 已用198s ETA471s
2026-08-27 12:12:22,891 | INFO  | [944/3183] sh.601952 11笔分红 | 已用198s ETA470s
WARNING:root:登录失败(10002007)，45s 后重试
WARNING:root:登录失败(10002007)，45s 后重试
2026-08-27 12:12:24,473 | INFO  | [945/3183] sh.601956 6笔分红 | 已用200s ETA473s
2026-08-27 12:12:24,473 | INFO  | [946/3183] sh.601958 11笔分红 | 已用200s ETA473s
2026-08-27 12:12:24,473 | INFO  | [947/3183] sh.601963 8笔分红 | 已用200s ETA472s
2026-08-27 12:12:24,473 | INFO  | [948/3183] sh.601965 14笔分红 | 已用200s ETA471s
2026-08-27 12:12:24,474 | INFO  | [949/3183] sh.601966 13笔分红 | 已用200s ETA470s
2026-08-27 12:12:24,474 | INFO  | [950/3183] sh.601968 13笔分红 | 已用200s ETA470s
2026-08-27 12:12:24,474 | INFO  | [951/3183] sh.601969 8笔分红 | 已用200s ETA469s
2026-08-27 12:12:24,475 | INFO  | [952/3183] sh.601975 1笔分红 | 已用200s ETA468s
2026-08-27 12:12:27,508 | INFO  | [953/3183] sh.601890 12笔分红 | 已用203s ETA475s
2026-08-27 12:12:27,508 | INFO  | [954/3183] sh.601898 13笔分红 | 已用203s ETA474s
2026-08-27 12:12:27,508 | INFO  | [955/3183] sh.601899 16笔分红 | 已用203s ETA473s
2026-08-27 12:12:27,509 | INFO  | [956/3183] sh.601900 12笔分红 | 已用203s ETA473s
2026-08-27 12:12:27,509 | INFO  | [957/3183] sh.601901 12笔分红 | 已用203s ETA472s
2026-08-27 12:12:27,509 | INFO  | [958/3183] sh.601908 7笔分红 | 已用203s ETA471s
2026-08-27 12:12:27,509 | INFO  | [959/3183] sh.601916 6笔分红 | 已用203s ETA471s
2026-08-27 12:12:27,510 | INFO  | [960/3183] sh.601918 8笔分红 | 已用203s ETA470s
2026-08-27 12:12:29,010 | INFO  | [961/3183] sh.601998 13笔分红 | 已用204s ETA473s
2026-08-27 12:12:29,010 | INFO  | [962/3183] sh.601999 12笔分红 | 已用204s ETA472s
2026-08-27 12:12:29,010 | INFO  | [963/3183] sh.603000 12笔分红 | 已用204s ETA471s
2026-08-27 12:12:29,010 | INFO  | [964/3183] sh.603001 10笔分红 | 已用204s ETA470s
2026-08-27 12:12:29,011 | INFO  | [965/3183] sh.603002 12笔分红 | 已用204s ETA470s
2026-08-27 12:12:29,011 | INFO  | [966/3183] sh.603004 3笔分红 | 已用204s ETA469s
2026-08-27 12:12:29,011 | INFO  | [967/3183] sh.603005 12笔分红 | 已用204s ETA468s
2026-08-27 12:12:29,012 | INFO  | [968/3183] sh.603006 12笔分红 | 已用204s ETA468s
2026-08-27 12:12:31,177 | INFO  | [969/3183] sh.603007 5笔分红 | 已用207s ETA472s
2026-08-27 12:12:31,178 | INFO  | [970/3183] sh.603008 10笔分红 | 已用207s ETA471s
2026-08-27 12:12:31,178 | INFO  | [971/3183] sh.603009 9笔分红 | 已用207s ETA471s
2026-08-27 12:12:31,178 | INFO  | [972/3183] sh.603010 12笔分红 | 已用207s ETA470s
2026-08-27 12:12:31,179 | INFO  | [973/3183] sh.603011 7笔分红 | 已用207s ETA469s
2026-08-27 12:12:31,179 | INFO  | [974/3183] sh.603012 12笔分红 | 已用207s ETA468s
2026-08-27 12:12:31,179 | INFO  | [975/3183] sh.603013 10笔分红 | 已用207s ETA468s
2026-08-27 12:12:31,179 | INFO  | [976/3183] sh.603014 2笔分红 | 已用207s ETA467s
2026-08-27 12:12:31,193 | INFO  | [977/3183] sh.603015 11笔分红 | 已用207s ETA466s
2026-08-27 12:12:31,194 | INFO  | [978/3183] sh.603016 10笔分红 | 已用207s ETA466s
2026-08-27 12:12:31,194 | INFO  | [979/3183] sh.603017 12笔分红 | 已用207s ETA465s
2026-08-27 12:12:31,194 | INFO  | [980/3183] sh.603018 12笔分红 | 已用207s ETA464s
2026-08-27 12:12:31,195 | INFO  | [981/3183] sh.603019 14笔分红 | 已用207s ETA464s
2026-08-27 12:12:31,195 | INFO  | [982/3183] sh.603020 12笔分红 | 已用207s ETA463s
2026-08-27 12:12:31,195 | INFO  | [983/3183] sh.603021 4笔分红 | 已用207s ETA462s
2026-08-27 12:12:31,195 | INFO  | [984/3183] sh.603022 8笔分红 | 已用207s ETA462s
2026-08-27 12:12:31,958 | INFO  | [985/3183] sh.603032 5笔分红 | 已用207s ETA463s
2026-08-27 12:12:31,958 | INFO  | [986/3183] sh.603033 6笔分红 | 已用207s ETA462s
2026-08-27 12:12:31,958 | INFO  | [987/3183] sh.603035 10笔分红 | 已用207s ETA461s
2026-08-27 12:12:31,959 | INFO  | [988/3183] sh.603036 10笔分红 | 已用207s ETA461s
2026-08-27 12:12:31,959 | INFO  | [989/3183] sh.603037 10笔分红 | 已用207s ETA460s
2026-08-27 12:12:31,959 | INFO  | [990/3183] sh.603038 10笔分红 | 已用207s ETA459s
2026-08-27 12:12:31,960 | INFO  | [991/3183] sh.603039 12笔分红 | 已用207s ETA459s
2026-08-27 12:12:31,960 | INFO  | [992/3183] sh.603040 15笔分红 | 已用207s ETA458s
2026-08-27 12:12:37,637 | INFO  | [993/3183] sh.603023 6笔分红 | 已用213s ETA470s
2026-08-27 12:12:37,638 | INFO  | [994/3183] sh.603025 12笔分红 | 已用213s ETA469s
2026-08-27 12:12:37,638 | INFO  | [995/3183] sh.603026 9笔分红 | 已用213s ETA468s
2026-08-27 12:12:37,638 | INFO  | [996/3183] sh.603027 13笔分红 | 已用213s ETA468s
2026-08-27 12:12:37,639 | INFO  | [997/3183] sh.603028 7笔分红 | 已用213s ETA467s
2026-08-27 12:12:37,639 | INFO  | [998/3183] sh.603029 10笔分红 | 已用213s ETA466s
2026-08-27 12:12:37,639 | INFO  | [999/3183] sh.603030 7笔分红 | 已用213s ETA466s
2026-08-27 12:12:37,640 | INFO  | [1000/3183] sh.603031 6笔分红 | 已用213s ETA465s
2026-08-27 12:12:38,768 | INFO  | [1001/3183] sh.603062 6笔分红 | 已用214s ETA467s
2026-08-27 12:12:38,768 | INFO  | [1002/3183] sh.603063 9笔分红 | 已用214s ETA466s
2026-08-27 12:12:38,768 | INFO  | [1003/3183] sh.603065 6笔分红 | 已用214s ETA465s
2026-08-27 12:12:38,768 | INFO  | [1004/3183] sh.603066 13笔分红 | 已用214s ETA465s
2026-08-27 12:12:38,769 | INFO  | [1005/3183] sh.603067 10笔分红 | 已用214s ETA464s
2026-08-27 12:12:38,769 | INFO  | [1006/3183] sh.603068 6笔分红 | 已用214s ETA463s
2026-08-27 12:12:38,769 | INFO  | [1007/3183] sh.603069 4笔分红 | 已用214s ETA463s
2026-08-27 12:12:38,770 | INFO  | [1008/3183] sh.603070 5笔分红 | 已用214s ETA462s
2026-08-27 12:12:39,378 | INFO  | [1009/3183] sh.603071 6笔分红 | 已用215s ETA463s
2026-08-27 12:12:39,379 | INFO  | [1010/3183] sh.603072 2笔分红 | 已用215s ETA462s
2026-08-27 12:12:39,379 | INFO  | [1011/3183] sh.603073 4笔分红 | 已用215s ETA461s
2026-08-27 12:12:39,379 | INFO  | [1012/3183] sh.603075 3笔分红 | 已用215s ETA461s
2026-08-27 12:12:39,380 | INFO  | [1013/3183] sh.603076 8笔分红 | 已用215s ETA460s
2026-08-27 12:12:39,380 | INFO  | [1014/3183] sh.603077 7笔分红 | 已用215s ETA459s
2026-08-27 12:12:39,380 | INFO  | [1015/3183] sh.603078 11笔分红 | 已用215s ETA459s
2026-08-27 12:12:39,380 | INFO  | [1016/3183] sh.603079 8笔分红 | 已用215s ETA458s
2026-08-27 12:12:39,707 | INFO  | [1017/3183] sh.603080 8笔分红 | 已用215s ETA458s
2026-08-27 12:12:39,708 | INFO  | [1018/3183] sh.603081 9笔分红 | 已用215s ETA457s
2026-08-27 12:12:39,708 | INFO  | [1019/3183] sh.603082 3笔分红 | 已用215s ETA457s
2026-08-27 12:12:39,708 | INFO  | [1020/3183] sh.603083 8笔分红 | 已用215s ETA456s
2026-08-27 12:12:39,709 | INFO  | [1021/3183] sh.603085 4笔分红 | 已用215s ETA455s
2026-08-27 12:12:39,709 | INFO  | [1022/3183] sh.603086 6笔分红 | 已用215s ETA455s
2026-08-27 12:12:39,709 | INFO  | [1023/3183] sh.603087 8笔分红 | 已用215s ETA454s
2026-08-27 12:12:39,710 | INFO  | [1024/3183] sh.603088 12笔分红 | 已用215s ETA454s
2026-08-27 12:12:39,722 | INFO  | [1025/3183] sh.603052 3笔分红 | 已用215s ETA453s
2026-08-27 12:12:39,723 | INFO  | [1026/3183] sh.603053 7笔分红 | 已用215s ETA452s
2026-08-27 12:12:39,723 | INFO  | [1027/3183] sh.603055 9笔分红 | 已用215s ETA452s
2026-08-27 12:12:39,723 | INFO  | [1028/3183] sh.603057 5笔分红 | 已用215s ETA451s
2026-08-27 12:12:39,724 | INFO  | [1029/3183] sh.603058 10笔分红 | 已用215s ETA450s
2026-08-27 12:12:39,724 | INFO  | [1030/3183] sh.603059 8笔分红 | 已用215s ETA450s
2026-08-27 12:12:39,724 | INFO  | [1031/3183] sh.603060 10笔分红 | 已用215s ETA449s
2026-08-27 12:12:39,724 | INFO  | [1032/3183] sh.603061 4笔分红 | 已用215s ETA448s
2026-08-27 12:12:43,569 | INFO  | [1033/3183] sh.603041 9笔分红 | 已用219s ETA456s
2026-08-27 12:12:43,569 | INFO  | [1034/3183] sh.603042 5笔分红 | 已用219s ETA455s
2026-08-27 12:12:43,569 | INFO  | [1035/3183] sh.603043 10笔分红 | 已用219s ETA454s
2026-08-27 12:12:43,569 | INFO  | [1036/3183] sh.603045 7笔分红 | 已用219s ETA454s
2026-08-27 12:12:43,570 | INFO  | [1037/3183] sh.603048 7笔分红 | 已用219s ETA453s
2026-08-27 12:12:43,570 | INFO  | [1038/3183] sh.603049 2笔分红 | 已用219s ETA452s
2026-08-27 12:12:43,570 | INFO  | [1039/3183] sh.603050 10笔分红 | 已用219s ETA452s
2026-08-27 12:12:43,571 | INFO  | [1040/3183] sh.603051 3笔分红 | 已用219s ETA451s
2026-08-27 12:12:44,050 | INFO  | [1041/3183] sh.603098 10笔分红 | 已用219s ETA452s
2026-08-27 12:12:44,051 | INFO  | [1042/3183] sh.603099 9笔分红 | 已用219s ETA451s
2026-08-27 12:12:44,051 | INFO  | [1043/3183] sh.603100 14笔分红 | 已用219s ETA450s
2026-08-27 12:12:44,051 | INFO  | [1044/3183] sh.603101 5笔分红 | 已用219s ETA450s
2026-08-27 12:12:44,051 | INFO  | [1045/3183] sh.603102 5笔分红 | 已用219s ETA449s
2026-08-27 12:12:44,052 | INFO  | [1046/3183] sh.603103 5笔分红 | 已用219s ETA448s
2026-08-27 12:12:44,052 | INFO  | [1047/3183] sh.603105 7笔分红 | 已用219s ETA448s
2026-08-27 12:12:44,052 | INFO  | [1048/3183] sh.603106 5笔分红 | 已用219s ETA447s
2026-08-27 12:12:45,895 | INFO  | [1049/3183] sh.603107 3笔分红 | 已用221s ETA450s
2026-08-27 12:12:45,895 | INFO  | [1050/3183] sh.603108 8笔分红 | 已用221s ETA450s
2026-08-27 12:12:45,896 | INFO  | [1051/3183] sh.603109 7笔分红 | 已用221s ETA449s
2026-08-27 12:12:45,896 | INFO  | [1052/3183] sh.603110 7笔分红 | 已用221s ETA448s
2026-08-27 12:12:45,896 | INFO  | [1053/3183] sh.603111 7笔分红 | 已用221s ETA448s
2026-08-27 12:12:45,897 | INFO  | [1054/3183] sh.603112 8笔分红 | 已用221s ETA447s
2026-08-27 12:12:45,897 | INFO  | [1055/3183] sh.603113 10笔分红 | 已用221s ETA446s
2026-08-27 12:12:45,897 | INFO  | [1056/3183] sh.603115 7笔分红 | 已用221s ETA446s
2026-08-27 12:12:46,965 | INFO  | [1057/3183] sh.603124 2笔分红 | 已用222s ETA447s
2026-08-27 12:12:46,966 | INFO  | [1058/3183] sh.603125 4笔分红 | 已用222s ETA447s
2026-08-27 12:12:46,966 | INFO  | [1059/3183] sh.603126 12笔分红 | 已用222s ETA446s
2026-08-27 12:12:46,966 | INFO  | [1060/3183] sh.603127 9笔分红 | 已用222s ETA445s
2026-08-27 12:12:46,967 | INFO  | [1061/3183] sh.603128 14笔分红 | 已用222s ETA445s
2026-08-27 12:12:46,967 | INFO  | [1062/3183] sh.603129 9笔分红 | 已用222s ETA444s
2026-08-27 12:12:46,967 | INFO  | [1063/3183] sh.603130 5笔分红 | 已用222s ETA443s
2026-08-27 12:12:46,967 | INFO  | [1064/3183] sh.603131 7笔分红 | 已用222s ETA443s
2026-08-27 12:12:49,356 | INFO  | [1065/3183] sh.603116 11笔分红 | 已用225s ETA447s
2026-08-27 12:12:49,357 | INFO  | [1066/3183] sh.603117 6笔分红 | 已用225s ETA446s
2026-08-27 12:12:49,357 | INFO  | [1067/3183] sh.603118 11笔分红 | 已用225s ETA446s
2026-08-27 12:12:49,357 | INFO  | [1068/3183] sh.603119 4笔分红 | 已用225s ETA445s
2026-08-27 12:12:49,358 | INFO  | [1069/3183] sh.603120 1笔分红 | 已用225s ETA444s
2026-08-27 12:12:49,358 | INFO  | [1070/3183] sh.603121 6笔分红 | 已用225s ETA444s
2026-08-27 12:12:49,358 | INFO  | [1071/3183] sh.603122 4笔分红 | 已用225s ETA443s
2026-08-27 12:12:49,358 | INFO  | [1072/3183] sh.603123 8笔分红 | 已用225s ETA443s
2026-08-27 12:12:49,513 | INFO  | [1073/3183] sh.603089 9笔分红 | 已用225s ETA442s
2026-08-27 12:12:49,514 | INFO  | [1074/3183] sh.603090 9笔分红 | 已用225s ETA442s
2026-08-27 12:12:49,514 | INFO  | [1075/3183] sh.603091 2笔分红 | 已用225s ETA441s
2026-08-27 12:12:49,514 | INFO  | [1076/3183] sh.603092 1笔分红 | 已用225s ETA440s
2026-08-27 12:12:49,514 | INFO  | [1077/3183] sh.603093 6笔分红 | 已用225s ETA440s
2026-08-27 12:12:49,515 | INFO  | [1078/3183] sh.603095 8笔分红 | 已用225s ETA439s
2026-08-27 12:12:49,515 | INFO  | [1079/3183] sh.603096 10笔分红 | 已用225s ETA439s
2026-08-27 12:12:49,515 | INFO  | [1080/3183] sh.603097 4笔分红 | 已用225s ETA438s
2026-08-27 12:12:52,618 | INFO  | [1081/3183] sh.603153 4笔分红 | 已用228s ETA443s
2026-08-27 12:12:52,618 | INFO  | [1082/3183] sh.603155 7笔分红 | 已用228s ETA443s
2026-08-27 12:12:52,618 | INFO  | [1083/3183] sh.603156 11笔分红 | 已用228s ETA442s
2026-08-27 12:12:52,619 | INFO  | [1084/3183] sh.603158 12笔分红 | 已用228s ETA441s
2026-08-27 12:12:52,619 | INFO  | [1085/3183] sh.603159 10笔分红 | 已用228s ETA441s
2026-08-27 12:12:52,619 | INFO  | [1086/3183] sh.603160 10笔分红 | 已用228s ETA440s
2026-08-27 12:12:52,619 | INFO  | [1087/3183] sh.603161 6笔分红 | 已用228s ETA440s
2026-08-27 12:12:52,620 | INFO  | [1088/3183] sh.603162 6笔分红 | 已用228s ETA439s
2026-08-27 12:12:53,320 | INFO  | [1089/3183] sh.603132 9笔分红 | 已用229s ETA440s
2026-08-27 12:12:53,321 | INFO  | [1090/3183] sh.603135 3笔分红 | 已用229s ETA439s
2026-08-27 12:12:53,321 | INFO  | [1091/3183] sh.603136 7笔分红 | 已用229s ETA439s
2026-08-27 12:12:53,321 | INFO  | [1092/3183] sh.603137 2笔分红 | 已用229s ETA438s
2026-08-27 12:12:53,321 | INFO  | [1093/3183] sh.603138 6笔分红 | 已用229s ETA437s
2026-08-27 12:12:53,322 | INFO  | [1094/3183] sh.603139 5笔分红 | 已用229s ETA437s
2026-08-27 12:12:53,322 | INFO  | [1095/3183] sh.603150 5笔分红 | 已用229s ETA436s
2026-08-27 12:12:53,322 | INFO  | [1096/3183] sh.603151 5笔分红 | 已用229s ETA436s
2026-08-27 12:12:55,113 | INFO  | [1097/3183] sh.603163 5笔分红 | 已用230s ETA438s
2026-08-27 12:12:55,113 | INFO  | [1098/3183] sh.603165 12笔分红 | 已用230s ETA438s
2026-08-27 12:12:55,113 | INFO  | [1099/3183] sh.603166 13笔分红 | 已用230s ETA437s
2026-08-27 12:12:55,113 | INFO  | [1100/3183] sh.603167 14笔分红 | 已用230s ETA436s
2026-08-27 12:12:55,114 | INFO  | [1101/3183] sh.603168 7笔分红 | 已用230s ETA436s
2026-08-27 12:12:55,114 | INFO  | [1102/3183] sh.603169 4笔分红 | 已用230s ETA435s
2026-08-27 12:12:55,114 | INFO  | [1103/3183] sh.603170 6笔分红 | 已用230s ETA435s
2026-08-27 12:12:55,115 | INFO  | [1104/3183] sh.603171 5笔分红 | 已用230s ETA434s
2026-08-27 12:12:55,345 | INFO  | [1105/3183] sh.603190 6笔分红 | 已用231s ETA434s
2026-08-27 12:12:55,346 | INFO  | [1106/3183] sh.603191 4笔分红 | 已用231s ETA433s
2026-08-27 12:12:55,346 | INFO  | [1107/3183] sh.603192 8笔分红 | 已用231s ETA433s
2026-08-27 12:12:55,346 | INFO  | [1108/3183] sh.603193 5笔分红 | 已用231s ETA432s
2026-08-27 12:12:55,346 | INFO  | [1109/3183] sh.603194 3笔分红 | 已用231s ETA432s
2026-08-27 12:12:55,347 | INFO  | [1110/3183] sh.603195 7笔分红 | 已用231s ETA431s
2026-08-27 12:12:55,347 | INFO  | [1111/3183] sh.603196 8笔分红 | 已用231s ETA430s
2026-08-27 12:12:55,347 | INFO  | [1112/3183] sh.603197 12笔分红 | 已用231s ETA430s
2026-08-27 12:12:56,138 | INFO  | [1113/3183] sh.603172 3笔分红 | 已用232s ETA431s
2026-08-27 12:12:56,138 | INFO  | [1114/3183] sh.603173 4笔分红 | 已用232s ETA430s
2026-08-27 12:12:56,139 | INFO  | [1115/3183] sh.603175 1笔分红 | 已用232s ETA429s
2026-08-27 12:12:56,139 | INFO  | [1116/3183] sh.603176 5笔分红 | 已用232s ETA429s
2026-08-27 12:12:56,139 | INFO  | [1117/3183] sh.603177 3笔分红 | 已用232s ETA428s
2026-08-27 12:12:56,140 | INFO  | [1118/3183] sh.603178 8笔分红 | 已用232s ETA428s
2026-08-27 12:12:56,140 | INFO  | [1119/3183] sh.603179 9笔分红 | 已用232s ETA427s
2026-08-27 12:12:56,141 | INFO  | [1120/3183] sh.603180 10笔分红 | 已用232s ETA426s
2026-08-27 12:12:58,020 | INFO  | [1121/3183] sh.603181 7笔分红 | 已用233s ETA429s
2026-08-27 12:12:58,021 | INFO  | [1122/3183] sh.603182 5笔分红 | 已用233s ETA429s
2026-08-27 12:12:58,021 | INFO  | [1123/3183] sh.603183 9笔分红 | 已用233s ETA428s
2026-08-27 12:12:58,022 | INFO  | [1124/3183] sh.603185 8笔分红 | 已用233s ETA428s
2026-08-27 12:12:58,022 | INFO  | [1125/3183] sh.603186 8笔分红 | 已用233s ETA427s
2026-08-27 12:12:58,022 | INFO  | [1126/3183] sh.603187 9笔分红 | 已用233s ETA426s
2026-08-27 12:12:58,022 | INFO  | [1127/3183] sh.603188 4笔分红 | 已用233s ETA426s
2026-08-27 12:12:58,023 | INFO  | [1128/3183] sh.603189 9笔分红 | 已用233s ETA425s
2026-08-27 12:13:00,098 | INFO  | [1129/3183] sh.603198 12笔分红 | 已用235s ETA428s
2026-08-27 12:13:00,098 | INFO  | [1130/3183] sh.603199 11笔分红 | 已用235s ETA428s
2026-08-27 12:13:00,099 | INFO  | [1131/3183] sh.603200 8笔分红 | 已用235s ETA427s
2026-08-27 12:13:00,099 | INFO  | [1132/3183] sh.603201 6笔分红 | 已用235s ETA427s
2026-08-27 12:13:00,099 | INFO  | [1133/3183] sh.603202 3笔分红 | 已用235s ETA426s
2026-08-27 12:13:00,100 | INFO  | [1134/3183] sh.603203 10笔分红 | 已用235s ETA425s
2026-08-27 12:13:00,100 | INFO  | [1135/3183] sh.603205 2笔分红 | 已用235s ETA425s
2026-08-27 12:13:00,100 | INFO  | [1136/3183] sh.603206 4笔分红 | 已用235s ETA424s
2026-08-27 12:13:01,081 | INFO  | [1137/3183] sh.603215 5笔分红 | 已用236s ETA426s
2026-08-27 12:13:01,081 | INFO  | [1138/3183] sh.603216 5笔分红 | 已用236s ETA425s
2026-08-27 12:13:01,082 | INFO  | [1139/3183] sh.603217 7笔分红 | 已用236s ETA424s
2026-08-27 12:13:01,082 | INFO  | [1140/3183] sh.603218 10笔分红 | 已用236s ETA424s
2026-08-27 12:13:01,082 | INFO  | [1141/3183] sh.603219 5笔分红 | 已用236s ETA423s
2026-08-27 12:13:01,082 | INFO  | [1142/3183] sh.603220 8笔分红 | 已用236s ETA423s
2026-08-27 12:13:01,084 | INFO  | [1143/3183] sh.603221 7笔分红 | 已用236s ETA422s
2026-08-27 12:13:01,084 | INFO  | [1144/3183] sh.603222 8笔分红 | 已用236s ETA421s
2026-08-27 12:13:05,213 | INFO  | [1145/3183] sh.603232 7笔分红 | 已用241s ETA428s
2026-08-27 12:13:05,214 | INFO  | [1146/3183] sh.603233 11笔分红 | 已用241s ETA428s
2026-08-27 12:13:05,214 | INFO  | [1147/3183] sh.603235 4笔分红 | 已用241s ETA427s
2026-08-27 12:13:05,214 | INFO  | [1148/3183] sh.603236 11笔分红 | 已用241s ETA426s
2026-08-27 12:13:05,214 | INFO  | [1149/3183] sh.603237 5笔分红 | 已用241s ETA426s
2026-08-27 12:13:05,215 | INFO  | [1150/3183] sh.603238 10笔分红 | 已用241s ETA425s
2026-08-27 12:13:05,215 | INFO  | [1151/3183] sh.603239 10笔分红 | 已用241s ETA425s
2026-08-27 12:13:05,215 | INFO  | [1152/3183] sh.603248 1笔分红 | 已用241s ETA424s
2026-08-27 12:13:05,431 | INFO  | [1153/3183] sh.603223 13笔分红 | 已用241s ETA424s
2026-08-27 12:13:05,432 | INFO  | [1154/3183] sh.603225 8笔分红 | 已用241s ETA423s
2026-08-27 12:13:05,433 | INFO  | [1155/3183] sh.603226 6笔分红 | 已用241s ETA423s
2026-08-27 12:13:05,433 | INFO  | [1156/3183] sh.603227 10笔分红 | 已用241s ETA422s
2026-08-27 12:13:05,433 | INFO  | [1157/3183] sh.603228 11笔分红 | 已用241s ETA422s
2026-08-27 12:13:05,433 | INFO  | [1158/3183] sh.603229 9笔分红 | 已用241s ETA421s
2026-08-27 12:13:05,434 | INFO  | [1159/3183] sh.603230 5笔分红 | 已用241s ETA421s
2026-08-27 12:13:05,434 | INFO  | [1160/3183] sh.603231 4笔分红 | 已用241s ETA420s
2026-08-27 12:13:07,288 | INFO  | [1161/3183] sh.603207 3笔分红 | 已用243s ETA423s
2026-08-27 12:13:07,288 | INFO  | [1162/3183] sh.603208 9笔分红 | 已用243s ETA422s
2026-08-27 12:13:07,288 | INFO  | [1163/3183] sh.603209 5笔分红 | 已用243s ETA421s
2026-08-27 12:13:07,288 | INFO  | [1164/3183] sh.603210 1笔分红 | 已用243s ETA421s
2026-08-27 12:13:07,289 | INFO  | [1165/3183] sh.603211 4笔分红 | 已用243s ETA420s
2026-08-27 12:13:07,289 | INFO  | [1166/3183] sh.603212 6笔分红 | 已用243s ETA420s
2026-08-27 12:13:07,289 | INFO  | [1167/3183] sh.603213 5笔分红 | 已用243s ETA419s
2026-08-27 12:13:07,289 | INFO  | [1168/3183] sh.603214 11笔分红 | 已用243s ETA419s
2026-08-27 12:13:07,380 | INFO  | [1169/3183] sh.603255 3笔分红 | 已用243s ETA418s
2026-08-27 12:13:07,380 | INFO  | [1170/3183] sh.603256 6笔分红 | 已用243s ETA418s
2026-08-27 12:13:07,380 | INFO  | [1171/3183] sh.603257 2笔分红 | 已用243s ETA417s
2026-08-27 12:13:07,380 | INFO  | [1172/3183] sh.603258 11笔分红 | 已用243s ETA417s
2026-08-27 12:13:07,380 | INFO  | [1173/3183] sh.603259 9笔分红 | 已用243s ETA416s
2026-08-27 12:13:07,381 | INFO  | [1174/3183] sh.603260 8笔分红 | 已用243s ETA415s
2026-08-27 12:13:07,381 | INFO  | [1175/3183] sh.603261 2笔分红 | 已用243s ETA415s
2026-08-27 12:13:07,381 | INFO  | [1176/3183] sh.603262 1笔分红 | 已用243s ETA414s
2026-08-27 12:13:10,382 | INFO  | [1177/3183] sh.603266 10笔分红 | 已用246s ETA419s
2026-08-27 12:13:10,383 | INFO  | [1178/3183] sh.603267 9笔分红 | 已用246s ETA418s
2026-08-27 12:13:10,383 | INFO  | [1179/3183] sh.603268 5笔分红 | 已用246s ETA418s
2026-08-27 12:13:10,383 | INFO  | [1180/3183] sh.603269 9笔分红 | 已用246s ETA417s
2026-08-27 12:13:10,383 | INFO  | [1181/3183] sh.603270 7笔分红 | 已用246s ETA417s
2026-08-27 12:13:10,384 | INFO  | [1182/3183] sh.603271 3笔分红 | 已用246s ETA416s
2026-08-27 12:13:10,384 | INFO  | [1183/3183] sh.603272 4笔分红 | 已用246s ETA415s
2026-08-27 12:13:10,384 | INFO  | [1184/3183] sh.603273 6笔分红 | 已用246s ETA415s
2026-08-27 12:13:12,522 | INFO  | [1185/3183] sh.603275 4笔分红 | 已用248s ETA418s
2026-08-27 12:13:12,523 | INFO  | [1186/3183] sh.603276 3笔分红 | 已用248s ETA417s
2026-08-27 12:13:12,523 | INFO  | [1187/3183] sh.603277 13笔分红 | 已用248s ETA417s
2026-08-27 12:13:12,523 | INFO  | [1188/3183] sh.603278 5笔分红 | 已用248s ETA416s
2026-08-27 12:13:12,523 | INFO  | [1189/3183] sh.603279 10笔分红 | 已用248s ETA416s
2026-08-27 12:13:12,523 | INFO  | [1190/3183] sh.603280 4笔分红 | 已用248s ETA415s
2026-08-27 12:13:12,525 | INFO  | [1191/3183] sh.603281 4笔分红 | 已用248s ETA415s
2026-08-27 12:13:12,525 | INFO  | [1192/3183] sh.603282 4笔分红 | 已用248s ETA414s
2026-08-27 12:13:12,569 | INFO  | [1193/3183] sh.603313 4笔分红 | 已用248s ETA414s
2026-08-27 12:13:12,570 | INFO  | [1194/3183] sh.603315 9笔分红 | 已用248s ETA413s
2026-08-27 12:13:12,570 | INFO  | [1195/3183] sh.603316 5笔分红 | 已用248s ETA412s
2026-08-27 12:13:12,570 | INFO  | [1196/3183] sh.603317 8笔分红 | 已用248s ETA412s
2026-08-27 12:13:12,570 | INFO  | [1197/3183] sh.603318 8笔分红 | 已用248s ETA411s
2026-08-27 12:13:12,571 | INFO  | [1198/3183] sh.603319 11笔分红 | 已用248s ETA411s
2026-08-27 12:13:12,571 | INFO  | [1199/3183] sh.603320 9笔分红 | 已用248s ETA410s
2026-08-27 12:13:12,571 | INFO  | [1200/3183] sh.603321 10笔分红 | 已用248s ETA410s
2026-08-27 12:13:14,279 | INFO  | [1201/3183] sh.603293 0笔分红 | 已用250s ETA412s
2026-08-27 12:13:14,280 | INFO  | [1202/3183] sh.603296 3笔分红 | 已用250s ETA411s
2026-08-27 12:13:14,280 | INFO  | [1203/3183] sh.603297 8笔分红 | 已用250s ETA411s
2026-08-27 12:13:14,280 | INFO  | [1204/3183] sh.603298 11笔分红 | 已用250s ETA410s
2026-08-27 12:13:14,280 | INFO  | [1205/3183] sh.603299 11笔分红 | 已用250s ETA410s
2026-08-27 12:13:14,281 | INFO  | [1206/3183] sh.603300 5笔分红 | 已用250s ETA409s
2026-08-27 12:13:14,281 | INFO  | [1207/3183] sh.603301 9笔分红 | 已用250s ETA409s
2026-08-27 12:13:14,281 | INFO  | [1208/3183] sh.603303 11笔分红 | 已用250s ETA408s
2026-08-27 12:13:14,808 | INFO  | [1209/3183] sh.603283 8笔分红 | 已用250s ETA409s
2026-08-27 12:13:14,808 | INFO  | [1210/3183] sh.603284 1笔分红 | 已用250s ETA408s
2026-08-27 12:13:14,809 | INFO  | [1211/3183] sh.603285 2笔分红 | 已用250s ETA407s
2026-08-27 12:13:14,809 | INFO  | [1212/3183] sh.603286 6笔分红 | 已用250s ETA407s
2026-08-27 12:13:14,809 | INFO  | [1213/3183] sh.603288 13笔分红 | 已用250s ETA406s
2026-08-27 12:13:14,809 | INFO  | [1214/3183] sh.603289 9笔分红 | 已用250s ETA406s
2026-08-27 12:13:14,810 | INFO  | [1215/3183] sh.603290 7笔分红 | 已用250s ETA405s
2026-08-27 12:13:14,810 | INFO  | [1216/3183] sh.603291 5笔分红 | 已用250s ETA405s
2026-08-27 12:13:18,895 | INFO  | [1217/3183] sh.603305 8笔分红 | 已用254s ETA411s
2026-08-27 12:13:18,896 | INFO  | [1218/3183] sh.603306 12笔分红 | 已用254s ETA410s
2026-08-27 12:13:18,896 | INFO  | [1219/3183] sh.603307 6笔分红 | 已用254s ETA410s
2026-08-27 12:13:18,896 | INFO  | [1220/3183] sh.603308 12笔分红 | 已用254s ETA409s
2026-08-27 12:13:18,897 | INFO  | [1221/3183] sh.603309 12笔分红 | 已用254s ETA409s
2026-08-27 12:13:18,897 | INFO  | [1222/3183] sh.603310 3笔分红 | 已用254s ETA408s
2026-08-27 12:13:18,897 | INFO  | [1223/3183] sh.603311 11笔分红 | 已用254s ETA408s
2026-08-27 12:13:18,897 | INFO  | [1224/3183] sh.603312 4笔分红 | 已用254s ETA407s
2026-08-27 12:13:19,287 | INFO  | [1225/3183] sh.603322 3笔分红 | 已用255s ETA407s
2026-08-27 12:13:19,288 | INFO  | [1226/3183] sh.603323 11笔分红 | 已用255s ETA407s
2026-08-27 12:13:19,288 | INFO  | [1227/3183] sh.603324 5笔分红 | 已用255s ETA406s
2026-08-27 12:13:19,288 | INFO  | [1228/3183] sh.603325 5笔分红 | 已用255s ETA405s
2026-08-27 12:13:19,288 | INFO  | [1229/3183] sh.603326 10笔分红 | 已用255s ETA405s
2026-08-27 12:13:19,288 | INFO  | [1230/3183] sh.603327 7笔分红 | 已用255s ETA404s
2026-08-27 12:13:19,289 | INFO  | [1231/3183] sh.603328 16笔分红 | 已用255s ETA404s
2026-08-27 12:13:19,289 | INFO  | [1232/3183] sh.603329 8笔分红 | 已用255s ETA403s
2026-08-27 12:13:20,826 | INFO  | [1233/3183] sh.603330 7笔分红 | 已用256s ETA405s
2026-08-27 12:13:20,827 | INFO  | [1234/3183] sh.603331 7笔分红 | 已用256s ETA405s
2026-08-27 12:13:20,827 | INFO  | [1235/3183] sh.603332 8笔分红 | 已用256s ETA404s
2026-08-27 12:13:20,827 | INFO  | [1236/3183] sh.603333 5笔分红 | 已用256s ETA404s
2026-08-27 12:13:20,828 | INFO  | [1237/3183] sh.603334 1笔分红 | 已用256s ETA403s
2026-08-27 12:13:20,828 | INFO  | [1238/3183] sh.603335 5笔分红 | 已用256s ETA403s
2026-08-27 12:13:20,828 | INFO  | [1239/3183] sh.603336 8笔分红 | 已用256s ETA402s
2026-08-27 12:13:20,828 | INFO  | [1240/3183] sh.603337 11笔分红 | 已用256s ETA401s
2026-08-27 12:13:22,245 | INFO  | [1241/3183] sh.603352 1笔分红 | 已用258s ETA403s
2026-08-27 12:13:22,246 | INFO  | [1242/3183] sh.603353 10笔分红 | 已用258s ETA403s
2026-08-27 12:13:22,246 | INFO  | [1243/3183] sh.603355 11笔分红 | 已用258s ETA402s
2026-08-27 12:13:22,246 | INFO  | [1244/3183] sh.603356 3笔分红 | 已用258s ETA402s
2026-08-27 12:13:22,246 | INFO  | [1245/3183] sh.603357 10笔分红 | 已用258s ETA401s
2026-08-27 12:13:22,247 | INFO  | [1246/3183] sh.603358 13笔分红 | 已用258s ETA401s
2026-08-27 12:13:22,247 | INFO  | [1247/3183] sh.603359 7笔分红 | 已用258s ETA400s
2026-08-27 12:13:22,247 | INFO  | [1248/3183] sh.603360 8笔分红 | 已用258s ETA399s
2026-08-27 12:13:22,277 | INFO  | [1249/3183] sh.603363 4笔分红 | 已用258s ETA399s
2026-08-27 12:13:22,277 | INFO  | [1250/3183] sh.603365 11笔分红 | 已用258s ETA398s
2026-08-27 12:13:22,277 | INFO  | [1251/3183] sh.603366 10笔分红 | 已用258s ETA398s
2026-08-27 12:13:22,277 | INFO  | [1252/3183] sh.603367 11笔分红 | 已用258s ETA397s
2026-08-27 12:13:22,278 | INFO  | [1253/3183] sh.603368 12笔分红 | 已用258s ETA397s
2026-08-27 12:13:22,278 | INFO  | [1254/3183] sh.603369 12笔分红 | 已用258s ETA396s
2026-08-27 12:13:22,278 | INFO  | [1255/3183] sh.603370 1笔分红 | 已用258s ETA396s
2026-08-27 12:13:22,278 | INFO  | [1256/3183] sh.603373 4笔分红 | 已用258s ETA395s
2026-08-27 12:13:22,789 | INFO  | [1257/3183] sh.603338 12笔分红 | 已用258s ETA396s
2026-08-27 12:13:22,789 | INFO  | [1258/3183] sh.603339 11笔分红 | 已用258s ETA395s
2026-08-27 12:13:22,789 | INFO  | [1259/3183] sh.603341 3笔分红 | 已用258s ETA395s
2026-08-27 12:13:22,789 | INFO  | [1260/3183] sh.603344 2笔分红 | 已用258s ETA394s
2026-08-27 12:13:22,791 | INFO  | [1261/3183] sh.603345 14笔分红 | 已用258s ETA394s
2026-08-27 12:13:22,791 | INFO  | [1262/3183] sh.603348 7笔分红 | 已用258s ETA393s
2026-08-27 12:13:22,791 | INFO  | [1263/3183] sh.603350 4笔分红 | 已用258s ETA392s
2026-08-27 12:13:22,791 | INFO  | [1264/3183] sh.603351 8笔分红 | 已用258s ETA392s
2026-08-27 12:13:28,660 | INFO  | [1265/3183] sh.603383 11笔分红 | 已用264s ETA400s
2026-08-27 12:13:28,661 | INFO  | [1266/3183] sh.603385 7笔分红 | 已用264s ETA400s
2026-08-27 12:13:28,661 | INFO  | [1267/3183] sh.603386 7笔分红 | 已用264s ETA399s
2026-08-27 12:13:28,662 | INFO  | [1268/3183] sh.603387 12笔分红 | 已用264s ETA399s
2026-08-27 12:13:28,662 | INFO  | [1269/3183] sh.603389 3笔分红 | 已用264s ETA398s
2026-08-27 12:13:28,663 | INFO  | [1270/3183] sh.603390 7笔分红 | 已用264s ETA398s
2026-08-27 12:13:28,663 | INFO  | [1271/3183] sh.603391 3笔分红 | 已用264s ETA397s
2026-08-27 12:13:28,663 | INFO  | [1272/3183] sh.603392 4笔分红 | 已用264s ETA397s
2026-08-27 12:13:28,896 | INFO  | [1273/3183] sh.603375 3笔分红 | 已用264s ETA397s
2026-08-27 12:13:28,898 | INFO  | [1274/3183] sh.603376 1笔分红 | 已用264s ETA396s
2026-08-27 12:13:28,898 | INFO  | [1275/3183] sh.603377 6笔分红 | 已用264s ETA395s
2026-08-27 12:13:28,898 | INFO  | [1276/3183] sh.603378 6笔分红 | 已用264s ETA395s
2026-08-27 12:13:28,899 | INFO  | [1277/3183] sh.603379 8笔分红 | 已用264s ETA394s
2026-08-27 12:13:28,899 | INFO  | [1278/3183] sh.603380 9笔分红 | 已用264s ETA394s
2026-08-27 12:13:28,899 | INFO  | [1279/3183] sh.603381 1笔分红 | 已用264s ETA393s
2026-08-27 12:13:28,900 | INFO  | [1280/3183] sh.603382 2笔分红 | 已用264s ETA393s
2026-08-27 12:13:29,613 | INFO  | [1281/3183] sh.603393 8笔分红 | 已用265s ETA393s
2026-08-27 12:13:29,616 | INFO  | [1282/3183] sh.603395 2笔分红 | 已用265s ETA393s
2026-08-27 12:13:29,617 | INFO  | [1283/3183] sh.603396 9笔分红 | 已用265s ETA392s
2026-08-27 12:13:29,617 | INFO  | [1284/3183] sh.603398 4笔分红 | 已用265s ETA392s
2026-08-27 12:13:29,617 | INFO  | [1285/3183] sh.603399 4笔分红 | 已用265s ETA391s
2026-08-27 12:13:29,619 | INFO  | [1286/3183] sh.603400 3笔分红 | 已用265s ETA391s
2026-08-27 12:13:29,620 | INFO  | [1287/3183] sh.603402 1笔分红 | 已用265s ETA390s
2026-08-27 12:13:29,621 | INFO  | [1288/3183] sh.603406 2笔分红 | 已用265s ETA390s
2026-08-27 12:13:29,722 | INFO  | [1289/3183] sh.603439 5笔分红 | 已用265s ETA390s
2026-08-27 12:13:29,723 | INFO  | [1290/3183] sh.603444 15笔分红 | 已用265s ETA389s
2026-08-27 12:13:29,724 | INFO  | [1291/3183] sh.603456 13笔分红 | 已用265s ETA389s
2026-08-27 12:13:29,724 | INFO  | [1292/3183] sh.603458 7笔分红 | 已用265s ETA388s
2026-08-27 12:13:29,725 | INFO  | [1293/3183] sh.603459 0笔分红 | 已用265s ETA388s
2026-08-27 12:13:29,726 | INFO  | [1294/3183] sh.603466 8笔分红 | 已用265s ETA387s
2026-08-27 12:13:29,727 | INFO  | [1295/3183] sh.603468 0笔分红 | 已用265s ETA387s
2026-08-27 12:13:29,727 | INFO  | [1296/3183] sh.603477 9笔分红 | 已用265s ETA386s
2026-08-27 12:13:32,354 | INFO  | [1297/3183] sh.603486 7笔分红 | 已用268s ETA389s
2026-08-27 12:13:32,355 | INFO  | [1298/3183] sh.603488 8笔分红 | 已用268s ETA389s
2026-08-27 12:13:32,355 | INFO  | [1299/3183] sh.603489 7笔分红 | 已用268s ETA388s
2026-08-27 12:13:32,355 | INFO  | [1300/3183] sh.603496 10笔分红 | 已用268s ETA388s
2026-08-27 12:13:32,355 | INFO  | [1301/3183] sh.603499 8笔分红 | 已用268s ETA387s
2026-08-27 12:13:32,356 | INFO  | [1302/3183] sh.603500 9笔分红 | 已用268s ETA387s
2026-08-27 12:13:32,356 | INFO  | [1303/3183] sh.603501 11笔分红 | 已用268s ETA386s
2026-08-27 12:13:32,356 | INFO  | [1304/3183] sh.603505 11笔分红 | 已用268s ETA386s
2026-08-27 12:13:33,582 | INFO  | [1305/3183] sh.603407 0笔分红 | 已用269s ETA387s
2026-08-27 12:13:33,583 | INFO  | [1306/3183] sh.603408 9笔分红 | 已用269s ETA387s
2026-08-27 12:13:33,583 | INFO  | [1307/3183] sh.603409 2笔分红 | 已用269s ETA386s
2026-08-27 12:13:33,584 | INFO  | [1308/3183] sh.603416 11笔分红 | 已用269s ETA386s
2026-08-27 12:13:33,584 | INFO  | [1309/3183] sh.603418 1笔分红 | 已用269s ETA385s
2026-08-27 12:13:33,584 | INFO  | [1310/3183] sh.603421 8笔分红 | 已用269s ETA385s
2026-08-27 12:13:33,585 | INFO  | [1311/3183] sh.603429 6笔分红 | 已用269s ETA384s
2026-08-27 12:13:33,585 | INFO  | [1312/3183] sh.603435 0笔分红 | 已用269s ETA384s
2026-08-27 12:13:36,538 | INFO  | [1313/3183] sh.603506 8笔分红 | 已用272s ETA387s
2026-08-27 12:13:36,539 | INFO  | [1314/3183] sh.603507 8笔分红 | 已用272s ETA387s
2026-08-27 12:13:36,539 | INFO  | [1315/3183] sh.603508 13笔分红 | 已用272s ETA386s
2026-08-27 12:13:36,539 | INFO  | [1316/3183] sh.603511 6笔分红 | 已用272s ETA386s
2026-08-27 12:13:36,539 | INFO  | [1317/3183] sh.603515 10笔分红 | 已用272s ETA385s
2026-08-27 12:13:36,540 | INFO  | [1318/3183] sh.603516 9笔分红 | 已用272s ETA385s
2026-08-27 12:13:36,540 | INFO  | [1319/3183] sh.603517 10笔分红 | 已用272s ETA384s
2026-08-27 12:13:36,540 | INFO  | [1320/3183] sh.603518 9笔分红 | 已用272s ETA384s
2026-08-27 12:13:38,006 | INFO  | [1321/3183] sh.603566 13笔分红 | 已用273s ETA385s
2026-08-27 12:13:38,007 | INFO  | [1322/3183] sh.603567 9笔分红 | 已用273s ETA385s
2026-08-27 12:13:38,007 | INFO  | [1323/3183] sh.603568 11笔分红 | 已用273s ETA384s
2026-08-27 12:13:38,007 | INFO  | [1324/3183] sh.603569 9笔分红 | 已用273s ETA384s
2026-08-27 12:13:38,008 | INFO  | [1325/3183] sh.603577 10笔分红 | 已用273s ETA383s
2026-08-27 12:13:38,008 | INFO  | [1326/3183] sh.603578 7笔分红 | 已用273s ETA383s
2026-08-27 12:13:38,008 | INFO  | [1327/3183] sh.603579 12笔分红 | 已用273s ETA382s
2026-08-27 12:13:38,009 | INFO  | [1328/3183] sh.603580 8笔分红 | 已用273s ETA382s
2026-08-27 12:13:38,943 | INFO  | [1329/3183] sh.603583 8笔分红 | 已用274s ETA383s
2026-08-27 12:13:38,943 | INFO  | [1330/3183] sh.603585 9笔分红 | 已用274s ETA382s
2026-08-27 12:13:38,943 | INFO  | [1331/3183] sh.603586 9笔分红 | 已用274s ETA382s
2026-08-27 12:13:38,943 | INFO  | [1332/3183] sh.603587 9笔分红 | 已用274s ETA381s
2026-08-27 12:13:38,944 | INFO  | [1333/3183] sh.603588 13笔分红 | 已用274s ETA381s
2026-08-27 12:13:38,944 | INFO  | [1334/3183] sh.603589 11笔分红 | 已用274s ETA380s
2026-08-27 12:13:38,944 | INFO  | [1335/3183] sh.603590 8笔分红 | 已用274s ETA380s
2026-08-27 12:13:38,945 | INFO  | [1336/3183] sh.603595 6笔分红 | 已用274s ETA379s
2026-08-27 12:13:42,529 | INFO  | [1337/3183] sh.603607 11笔分红 | 已用278s ETA384s
2026-08-27 12:13:42,530 | INFO  | [1338/3183] sh.603608 6笔分红 | 已用278s ETA383s
2026-08-27 12:13:42,530 | INFO  | [1339/3183] sh.603609 9笔分红 | 已用278s ETA383s
2026-08-27 12:13:42,530 | INFO  | [1340/3183] sh.603610 7笔分红 | 已用278s ETA382s
2026-08-27 12:13:42,531 | INFO  | [1341/3183] sh.603611 11笔分红 | 已用278s ETA382s
2026-08-27 12:13:42,531 | INFO  | [1342/3183] sh.603612 9笔分红 | 已用278s ETA381s
2026-08-27 12:13:42,532 | INFO  | [1343/3183] sh.603613 6笔分红 | 已用278s ETA381s
2026-08-27 12:13:42,532 | INFO  | [1344/3183] sh.603615 8笔分红 | 已用278s ETA380s
2026-08-27 12:13:43,440 | INFO  | [1345/3183] sh.603536 5笔分红 | 已用279s ETA381s
2026-08-27 12:13:43,440 | INFO  | [1346/3183] sh.603538 8笔分红 | 已用279s ETA381s
2026-08-27 12:13:43,441 | INFO  | [1347/3183] sh.603551 9笔分红 | 已用279s ETA380s
2026-08-27 12:13:43,442 | INFO  | [1348/3183] sh.603556 10笔分红 | 已用279s ETA380s
2026-08-27 12:13:43,442 | INFO  | [1349/3183] sh.603557 3笔分红 | 已用279s ETA379s
2026-08-27 12:13:43,442 | INFO  | [1350/3183] sh.603558 15笔分红 | 已用279s ETA379s
2026-08-27 12:13:43,443 | INFO  | [1351/3183] sh.603559 3笔分红 | 已用279s ETA378s
2026-08-27 12:13:43,443 | INFO  | [1352/3183] sh.603565 8笔分红 | 已用279s ETA378s
2026-08-27 12:13:43,766 | INFO  | [1353/3183] sh.603596 8笔分红 | 已用279s ETA378s
2026-08-27 12:13:43,767 | INFO  | [1354/3183] sh.603598 2笔分红 | 已用279s ETA377s
2026-08-27 12:13:43,767 | INFO  | [1355/3183] sh.603599 11笔分红 | 已用279s ETA377s
2026-08-27 12:13:43,767 | INFO  | [1356/3183] sh.603600 16笔分红 | 已用279s ETA376s
2026-08-27 12:13:43,768 | INFO  | [1357/3183] sh.603601 15笔分红 | 已用279s ETA376s
2026-08-27 12:13:43,768 | INFO  | [1358/3183] sh.603602 9笔分红 | 已用279s ETA375s
2026-08-27 12:13:43,769 | INFO  | [1359/3183] sh.603605 12笔分红 | 已用279s ETA375s
2026-08-27 12:13:43,771 | INFO  | [1360/3183] sh.603606 12笔分红 | 已用279s ETA374s
2026-08-27 12:13:46,870 | INFO  | [1361/3183] sh.603519 13笔分红 | 已用282s ETA378s
2026-08-27 12:13:46,871 | INFO  | [1362/3183] sh.603520 12笔分红 | 已用282s ETA377s
2026-08-27 12:13:46,871 | INFO  | [1363/3183] sh.603527 9笔分红 | 已用282s ETA377s
2026-08-27 12:13:46,871 | INFO  | [1364/3183] sh.603528 7笔分红 | 已用282s ETA376s
2026-08-27 12:13:46,872 | INFO  | [1365/3183] sh.603529 8笔分红 | 已用282s ETA376s
2026-08-27 12:13:46,872 | INFO  | [1366/3183] sh.603530 7笔分红 | 已用282s ETA375s
2026-08-27 12:13:46,872 | INFO  | [1367/3183] sh.603533 8笔分红 | 已用282s ETA375s
2026-08-27 12:13:46,873 | INFO  | [1368/3183] sh.603535 9笔分红 | 已用282s ETA374s
2026-08-27 12:13:47,525 | INFO  | [1369/3183] sh.603633 8笔分红 | 已用283s ETA375s
2026-08-27 12:13:47,526 | INFO  | [1370/3183] sh.603636 10笔分红 | 已用283s ETA374s
2026-08-27 12:13:47,527 | INFO  | [1371/3183] sh.603637 10笔分红 | 已用283s ETA374s
2026-08-27 12:13:47,527 | INFO  | [1372/3183] sh.603638 12笔分红 | 已用283s ETA373s
2026-08-27 12:13:47,528 | INFO  | [1373/3183] sh.603639 10笔分红 | 已用283s ETA373s
2026-08-27 12:13:47,528 | INFO  | [1374/3183] sh.603648 9笔分红 | 已用283s ETA372s
2026-08-27 12:13:47,528 | INFO  | [1375/3183] sh.603650 10笔分红 | 已用283s ETA372s
2026-08-27 12:13:47,529 | INFO  | [1376/3183] sh.603655 11笔分红 | 已用283s ETA372s
2026-08-27 12:13:48,709 | INFO  | [1377/3183] sh.603656 10笔分红 | 已用284s ETA373s
2026-08-27 12:13:48,711 | INFO  | [1378/3183] sh.603657 7笔分红 | 已用284s ETA372s
2026-08-27 12:13:48,712 | INFO  | [1379/3183] sh.603658 11笔分红 | 已用284s ETA372s
2026-08-27 12:13:48,712 | INFO  | [1380/3183] sh.603659 9笔分红 | 已用284s ETA371s
2026-08-27 12:13:48,713 | INFO  | [1381/3183] sh.603660 7笔分红 | 已用284s ETA371s
2026-08-27 12:13:48,713 | INFO  | [1382/3183] sh.603661 8笔分红 | 已用284s ETA370s
2026-08-27 12:13:48,713 | INFO  | [1383/3183] sh.603662 7笔分红 | 已用284s ETA370s
2026-08-27 12:13:48,714 | INFO  | [1384/3183] sh.603663 10笔分红 | 已用284s ETA369s
2026-08-27 12:13:49,660 | INFO  | [1385/3183] sh.603616 4笔分红 | 已用285s ETA370s
2026-08-27 12:13:49,661 | INFO  | [1386/3183] sh.603617 9笔分红 | 已用285s ETA370s
2026-08-27 12:13:49,661 | INFO  | [1387/3183] sh.603618 11笔分红 | 已用285s ETA369s
2026-08-27 12:13:49,662 | INFO  | [1388/3183] sh.603619 10笔分红 | 已用285s ETA369s
2026-08-27 12:13:49,662 | INFO  | [1389/3183] sh.603626 4笔分红 | 已用285s ETA368s
2026-08-27 12:13:49,662 | INFO  | [1390/3183] sh.603628 9笔分红 | 已用285s ETA368s
2026-08-27 12:13:49,663 | INFO  | [1391/3183] sh.603629 9笔分红 | 已用285s ETA367s
2026-08-27 12:13:49,663 | INFO  | [1392/3183] sh.603630 9笔分红 | 已用285s ETA367s
2026-08-27 12:13:50,440 | INFO  | [1393/3183] sh.603665 4笔分红 | 已用286s ETA367s
2026-08-27 12:13:50,440 | INFO  | [1394/3183] sh.603666 5笔分红 | 已用286s ETA367s
2026-08-27 12:13:50,441 | INFO  | [1395/3183] sh.603667 10笔分红 | 已用286s ETA366s
2026-08-27 12:13:50,441 | INFO  | [1396/3183] sh.603668 7笔分红 | 已用286s ETA366s
2026-08-27 12:13:50,442 | INFO  | [1397/3183] sh.603669 8笔分红 | 已用286s ETA365s
2026-08-27 12:13:50,443 | INFO  | [1398/3183] sh.603676 11笔分红 | 已用286s ETA365s
2026-08-27 12:13:50,444 | INFO  | [1399/3183] sh.603677 12笔分红 | 已用286s ETA364s
2026-08-27 12:13:50,445 | INFO  | [1400/3183] sh.603678 14笔分红 | 已用286s ETA364s
2026-08-27 12:13:53,270 | INFO  | [1401/3183] sh.603679 5笔分红 | 已用289s ETA367s
2026-08-27 12:13:53,271 | INFO  | [1402/3183] sh.603680 10笔分红 | 已用289s ETA367s
2026-08-27 12:13:53,271 | INFO  | [1403/3183] sh.603681 8笔分红 | 已用289s ETA366s
2026-08-27 12:13:53,272 | INFO  | [1404/3183] sh.603682 8笔分红 | 已用289s ETA366s
2026-08-27 12:13:53,272 | INFO  | [1405/3183] sh.603683 9笔分红 | 已用289s ETA365s
2026-08-27 12:13:53,273 | INFO  | [1406/3183] sh.603685 9笔分红 | 已用289s ETA365s
2026-08-27 12:13:53,273 | INFO  | [1407/3183] sh.603686 12笔分红 | 已用289s ETA364s
2026-08-27 12:13:53,273 | INFO  | [1408/3183] sh.603687 7笔分红 | 已用289s ETA364s
2026-08-27 12:13:55,376 | INFO  | [1409/3183] sh.603712 7笔分红 | 已用291s ETA366s
2026-08-27 12:13:55,376 | INFO  | [1410/3183] sh.603713 8笔分红 | 已用291s ETA366s
2026-08-27 12:13:55,377 | INFO  | [1411/3183] sh.603716 3笔分红 | 已用291s ETA365s
2026-08-27 12:13:55,377 | INFO  | [1412/3183] sh.603717 1笔分红 | 已用291s ETA365s
2026-08-27 12:13:55,377 | INFO  | [1413/3183] sh.603718 9笔分红 | 已用291s ETA364s
2026-08-27 12:13:55,378 | INFO  | [1414/3183] sh.603719 8笔分红 | 已用291s ETA364s
2026-08-27 12:13:55,378 | INFO  | [1415/3183] sh.603721 5笔分红 | 已用291s ETA363s
2026-08-27 12:13:55,378 | INFO  | [1416/3183] sh.603722 8笔分红 | 已用291s ETA363s
2026-08-27 12:13:55,810 | INFO  | [1417/3183] sh.603700 8笔分红 | 已用291s ETA363s
2026-08-27 12:13:55,811 | INFO  | [1418/3183] sh.603701 11笔分红 | 已用291s ETA362s
2026-08-27 12:13:55,812 | INFO  | [1419/3183] sh.603703 5笔分红 | 已用291s ETA362s
2026-08-27 12:13:55,812 | INFO  | [1420/3183] sh.603706 8笔分红 | 已用291s ETA362s
2026-08-27 12:13:55,813 | INFO  | [1421/3183] sh.603707 9笔分红 | 已用291s ETA361s
2026-08-27 12:13:55,813 | INFO  | [1422/3183] sh.603708 11笔分红 | 已用291s ETA361s
2026-08-27 12:13:55,813 | INFO  | [1423/3183] sh.603709 6笔分红 | 已用291s ETA360s
2026-08-27 12:13:55,814 | INFO  | [1424/3183] sh.603711 10笔分红 | 已用291s ETA360s
2026-08-27 12:13:57,697 | INFO  | [1425/3183] sh.603738 11笔分红 | 已用293s ETA362s
2026-08-27 12:13:57,698 | INFO  | [1426/3183] sh.603739 8笔分红 | 已用293s ETA361s
2026-08-27 12:13:57,698 | INFO  | [1427/3183] sh.603755 8笔分红 | 已用293s ETA361s
2026-08-27 12:13:57,699 | INFO  | [1428/3183] sh.603757 12笔分红 | 已用293s ETA360s
2026-08-27 12:13:57,699 | INFO  | [1429/3183] sh.603758 6笔分红 | 已用293s ETA360s
2026-08-27 12:13:57,699 | INFO  | [1430/3183] sh.603759 4笔分红 | 已用293s ETA359s
2026-08-27 12:13:57,700 | INFO  | [1431/3183] sh.603766 13笔分红 | 已用293s ETA359s
2026-08-27 12:13:57,700 | INFO  | [1432/3183] sh.603767 9笔分红 | 已用293s ETA358s
WARNING:root:登录失败(10002007)，60s 后重试
WARNING:root:登录失败(10002007)，60s 后重试
2026-08-27 12:14:00,209 | INFO  | [1433/3183] sh.603688 13笔分红 | 已用296s ETA361s
2026-08-27 12:14:00,210 | INFO  | [1434/3183] sh.603689 11笔分红 | 已用296s ETA361s
2026-08-27 12:14:00,211 | INFO  | [1435/3183] sh.603690 8笔分红 | 已用296s ETA360s
2026-08-27 12:14:00,211 | INFO  | [1436/3183] sh.603693 9笔分红 | 已用296s ETA360s
2026-08-27 12:14:00,211 | INFO  | [1437/3183] sh.603696 12笔分红 | 已用296s ETA359s
2026-08-27 12:14:00,212 | INFO  | [1438/3183] sh.603697 11笔分红 | 已用296s ETA359s
2026-08-27 12:14:00,212 | INFO  | [1439/3183] sh.603698 13笔分红 | 已用296s ETA358s
2026-08-27 12:14:00,213 | INFO  | [1440/3183] sh.603699 14笔分红 | 已用296s ETA358s
2026-08-27 12:14:02,244 | INFO  | [1441/3183] sh.603725 7笔分红 | 已用298s ETA360s
2026-08-27 12:14:02,245 | INFO  | [1442/3183] sh.603726 10笔分红 | 已用298s ETA359s
2026-08-27 12:14:02,245 | INFO  | [1443/3183] sh.603727 10笔分红 | 已用298s ETA359s
2026-08-27 12:14:02,246 | INFO  | [1444/3183] sh.603728 9笔分红 | 已用298s ETA358s
2026-08-27 12:14:02,246 | INFO  | [1445/3183] sh.603729 5笔分红 | 已用298s ETA358s
2026-08-27 12:14:02,247 | INFO  | [1446/3183] sh.603730 9笔分红 | 已用298s ETA358s
2026-08-27 12:14:02,247 | INFO  | [1447/3183] sh.603733 9笔分红 | 已用298s ETA357s
2026-08-27 12:14:02,247 | INFO  | [1448/3183] sh.603737 10笔分红 | 已用298s ETA357s
2026-08-27 12:14:02,786 | INFO  | [1449/3183] sh.603788 12笔分红 | 已用298s ETA357s
2026-08-27 12:14:02,787 | INFO  | [1450/3183] sh.603789 2笔分红 | 已用298s ETA356s
2026-08-27 12:14:02,787 | INFO  | [1451/3183] sh.603790 8笔分红 | 已用298s ETA356s
2026-08-27 12:14:02,787 | INFO  | [1452/3183] sh.603797 7笔分红 | 已用298s ETA355s
2026-08-27 12:14:02,788 | INFO  | [1453/3183] sh.603798 11笔分红 | 已用298s ETA355s
2026-08-27 12:14:02,788 | INFO  | [1454/3183] sh.603799 9笔分红 | 已用298s ETA355s
2026-08-27 12:14:02,788 | INFO  | [1455/3183] sh.603800 7笔分红 | 已用298s ETA354s
2026-08-27 12:14:02,789 | INFO  | [1456/3183] sh.603801 9笔分红 | 已用298s ETA354s
2026-08-27 12:14:03,986 | INFO  | [1457/3183] sh.603768 8笔分红 | 已用299s ETA355s
2026-08-27 12:14:03,986 | INFO  | [1458/3183] sh.603773 6笔分红 | 已用299s ETA354s
2026-08-27 12:14:03,986 | INFO  | [1459/3183] sh.603776 8笔分红 | 已用299s ETA354s
2026-08-27 12:14:03,988 | INFO  | [1460/3183] sh.603777 6笔分红 | 已用299s ETA353s
2026-08-27 12:14:03,988 | INFO  | [1461/3183] sh.603778 4笔分红 | 已用299s ETA353s
2026-08-27 12:14:03,989 | INFO  | [1462/3183] sh.603779 4笔分红 | 已用299s ETA352s
2026-08-27 12:14:03,989 | INFO  | [1463/3183] sh.603786 7笔分红 | 已用299s ETA352s
2026-08-27 12:14:03,990 | INFO  | [1464/3183] sh.603787 11笔分红 | 已用299s ETA352s
2026-08-27 12:14:05,841 | INFO  | [1465/3183] sh.603803 5笔分红 | 已用301s ETA353s
2026-08-27 12:14:05,842 | INFO  | [1466/3183] sh.603806 12笔分红 | 已用301s ETA353s
2026-08-27 12:14:05,842 | INFO  | [1467/3183] sh.603808 12笔分红 | 已用301s ETA352s
2026-08-27 12:14:05,842 | INFO  | [1468/3183] sh.603809 10笔分红 | 已用301s ETA352s
2026-08-27 12:14:05,842 | INFO  | [1469/3183] sh.603810 6笔分红 | 已用301s ETA351s
2026-08-27 12:14:05,843 | INFO  | [1470/3183] sh.603811 10笔分红 | 已用301s ETA351s
2026-08-27 12:14:05,843 | INFO  | [1471/3183] sh.603813 6笔分红 | 已用301s ETA351s
2026-08-27 12:14:05,843 | INFO  | [1472/3183] sh.603815 6笔分红 | 已用301s ETA350s
2026-08-27 12:14:08,469 | INFO  | [1473/3183] sh.603855 12笔分红 | 已用304s ETA353s
2026-08-27 12:14:08,470 | INFO  | [1474/3183] sh.603856 10笔分红 | 已用304s ETA352s
2026-08-27 12:14:08,470 | INFO  | [1475/3183] sh.603858 10笔分红 | 已用304s ETA352s
2026-08-27 12:14:08,471 | INFO  | [1476/3183] sh.603859 8笔分红 | 已用304s ETA351s
2026-08-27 12:14:08,471 | INFO  | [1477/3183] sh.603860 9笔分红 | 已用304s ETA351s
2026-08-27 12:14:08,471 | INFO  | [1478/3183] sh.603861 11笔分红 | 已用304s ETA351s
2026-08-27 12:14:08,472 | INFO  | [1479/3183] sh.603863 1笔分红 | 已用304s ETA350s
2026-08-27 12:14:08,472 | INFO  | [1480/3183] sh.603866 12笔分红 | 已用304s ETA350s
2026-08-27 12:14:09,089 | INFO  | [1481/3183] sh.603816 10笔分红 | 已用304s ETA350s
2026-08-27 12:14:09,090 | INFO  | [1482/3183] sh.603817 12笔分红 | 已用304s ETA349s
2026-08-27 12:14:09,090 | INFO  | [1483/3183] sh.603818 4笔分红 | 已用304s ETA349s
2026-08-27 12:14:09,090 | INFO  | [1484/3183] sh.603819 10笔分红 | 已用304s ETA349s
2026-08-27 12:14:09,091 | INFO  | [1485/3183] sh.603822 7笔分红 | 已用304s ETA348s
2026-08-27 12:14:09,091 | INFO  | [1486/3183] sh.603823 10笔分红 | 已用304s ETA348s
2026-08-27 12:14:09,091 | INFO  | [1487/3183] sh.603825 5笔分红 | 已用304s ETA347s
2026-08-27 12:14:09,091 | INFO  | [1488/3183] sh.603826 5笔分红 | 已用304s ETA347s
2026-08-27 12:14:10,313 | INFO  | [1489/3183] sh.603867 8笔分红 | 已用306s ETA348s
2026-08-27 12:14:10,314 | INFO  | [1490/3183] sh.603868 11笔分红 | 已用306s ETA347s
2026-08-27 12:14:10,314 | INFO  | [1491/3183] sh.603869 9笔分红 | 已用306s ETA347s
2026-08-27 12:14:10,314 | INFO  | [1492/3183] sh.603871 11笔分红 | 已用306s ETA346s
2026-08-27 12:14:10,315 | INFO  | [1493/3183] sh.603876 10笔分红 | 已用306s ETA346s
2026-08-27 12:14:10,315 | INFO  | [1494/3183] sh.603877 10笔分红 | 已用306s ETA346s
2026-08-27 12:14:10,315 | INFO  | [1495/3183] sh.603878 10笔分红 | 已用306s ETA345s
2026-08-27 12:14:10,316 | INFO  | [1496/3183] sh.603879 5笔分红 | 已用306s ETA345s
2026-08-27 12:14:11,996 | INFO  | [1497/3183] sh.603880 4笔分红 | 已用307s ETA346s
2026-08-27 12:14:11,997 | INFO  | [1498/3183] sh.603881 12笔分红 | 已用307s ETA346s
2026-08-27 12:14:11,997 | INFO  | [1499/3183] sh.603882 9笔分红 | 已用307s ETA345s
2026-08-27 12:14:11,998 | INFO  | [1500/3183] sh.603883 13笔分红 | 已用307s ETA345s
2026-08-27 12:14:11,998 | INFO  | [1501/3183] sh.603885 10笔分红 | 已用307s ETA344s
2026-08-27 12:14:11,998 | INFO  | [1502/3183] sh.603886 10笔分红 | 已用307s ETA344s
2026-08-27 12:14:11,999 | INFO  | [1503/3183] sh.603887 5笔分红 | 已用307s ETA344s
2026-08-27 12:14:11,999 | INFO  | [1504/3183] sh.603888 10笔分红 | 已用307s ETA343s
2026-08-27 12:14:14,741 | INFO  | [1505/3183] sh.603889 12笔分红 | 已用310s ETA346s
2026-08-27 12:14:14,741 | INFO  | [1506/3183] sh.603890 8笔分红 | 已用310s ETA345s
2026-08-27 12:14:14,742 | INFO  | [1507/3183] sh.603893 10笔分红 | 已用310s ETA345s
2026-08-27 12:14:14,742 | INFO  | [1508/3183] sh.603895 4笔分红 | 已用310s ETA344s
2026-08-27 12:14:14,742 | INFO  | [1509/3183] sh.603896 8笔分红 | 已用310s ETA344s
2026-08-27 12:14:14,742 | INFO  | [1510/3183] sh.603897 14笔分红 | 已用310s ETA344s
2026-08-27 12:14:14,744 | INFO  | [1511/3183] sh.603898 12笔分红 | 已用310s ETA343s
2026-08-27 12:14:14,744 | INFO  | [1512/3183] sh.603899 12笔分红 | 已用310s ETA343s
2026-08-27 12:14:15,845 | INFO  | [1513/3183] sh.603900 8笔分红 | 已用311s ETA344s
2026-08-27 12:14:15,846 | INFO  | [1514/3183] sh.603901 11笔分红 | 已用311s ETA343s
2026-08-27 12:14:15,847 | INFO  | [1515/3183] sh.603903 8笔分红 | 已用311s ETA343s
2026-08-27 12:14:15,847 | INFO  | [1516/3183] sh.603906 5笔分红 | 已用311s ETA342s
2026-08-27 12:14:15,847 | INFO  | [1517/3183] sh.603908 9笔分红 | 已用311s ETA342s
2026-08-27 12:14:15,848 | INFO  | [1518/3183] sh.603909 10笔分红 | 已用311s ETA341s
2026-08-27 12:14:15,848 | INFO  | [1519/3183] sh.603912 9笔分红 | 已用311s ETA341s
2026-08-27 12:14:15,848 | INFO  | [1520/3183] sh.603915 9笔分红 | 已用311s ETA341s
2026-08-27 12:14:16,371 | INFO  | [1521/3183] sh.603828 6笔分红 | 已用312s ETA341s
2026-08-27 12:14:16,372 | INFO  | [1522/3183] sh.603829 9笔分红 | 已用312s ETA340s
2026-08-27 12:14:16,372 | INFO  | [1523/3183] sh.603833 10笔分红 | 已用312s ETA340s
2026-08-27 12:14:16,372 | INFO  | [1524/3183] sh.603836 5笔分红 | 已用312s ETA339s
2026-08-27 12:14:16,373 | INFO  | [1525/3183] sh.603838 8笔分红 | 已用312s ETA339s
2026-08-27 12:14:16,373 | INFO  | [1526/3183] sh.603839 11笔分红 | 已用312s ETA339s
2026-08-27 12:14:16,373 | INFO  | [1527/3183] sh.603843 7笔分红 | 已用312s ETA338s
2026-08-27 12:14:16,374 | INFO  | [1528/3183] sh.603848 9笔分红 | 已用312s ETA338s
2026-08-27 12:14:17,024 | INFO  | [1529/3183] sh.603928 11笔分红 | 已用312s ETA338s
2026-08-27 12:14:17,025 | INFO  | [1530/3183] sh.603929 11笔分红 | 已用312s ETA338s
2026-08-27 12:14:17,025 | INFO  | [1531/3183] sh.603931 6笔分红 | 已用312s ETA337s
2026-08-27 12:14:17,025 | INFO  | [1532/3183] sh.603933 10笔分红 | 已用312s ETA337s
2026-08-27 12:14:17,025 | INFO  | [1533/3183] sh.603936 9笔分红 | 已用312s ETA336s
2026-08-27 12:14:17,026 | INFO  | [1534/3183] sh.603937 7笔分红 | 已用312s ETA336s
2026-08-27 12:14:17,026 | INFO  | [1535/3183] sh.603938 9笔分红 | 已用312s ETA335s
2026-08-27 12:14:17,026 | INFO  | [1536/3183] sh.603939 14笔分红 | 已用312s ETA335s
2026-08-27 12:14:18,120 | INFO  | [1537/3183] sh.603916 9笔分红 | 已用314s ETA336s
2026-08-27 12:14:18,121 | INFO  | [1538/3183] sh.603917 9笔分红 | 已用314s ETA335s
2026-08-27 12:14:18,121 | INFO  | [1539/3183] sh.603918 9笔分红 | 已用314s ETA335s
2026-08-27 12:14:18,121 | INFO  | [1540/3183] sh.603919 11笔分红 | 已用314s ETA334s
2026-08-27 12:14:18,122 | INFO  | [1541/3183] sh.603920 10笔分红 | 已用314s ETA334s
2026-08-27 12:14:18,122 | INFO  | [1542/3183] sh.603922 5笔分红 | 已用314s ETA334s
2026-08-27 12:14:18,122 | INFO  | [1543/3183] sh.603926 9笔分红 | 已用314s ETA333s
2026-08-27 12:14:18,123 | INFO  | [1544/3183] sh.603927 9笔分红 | 已用314s ETA333s
2026-08-27 12:14:23,108 | INFO  | [1545/3183] sh.603948 7笔分红 | 已用318s ETA338s
2026-08-27 12:14:23,108 | INFO  | [1546/3183] sh.603949 7笔分红 | 已用318s ETA337s
2026-08-27 12:14:23,108 | INFO  | [1547/3183] sh.603950 5笔分红 | 已用318s ETA337s
2026-08-27 12:14:23,108 | INFO  | [1548/3183] sh.603955 4笔分红 | 已用318s ETA336s
2026-08-27 12:14:23,109 | INFO  | [1549/3183] sh.603956 7笔分红 | 已用318s ETA336s
2026-08-27 12:14:23,109 | INFO  | [1550/3183] sh.603958 3笔分红 | 已用318s ETA336s
2026-08-27 12:14:23,109 | INFO  | [1551/3183] sh.603959 3笔分红 | 已用318s ETA335s
2026-08-27 12:14:23,109 | INFO  | [1552/3183] sh.603960 12笔分红 | 已用318s ETA335s
2026-08-27 12:14:23,828 | INFO  | [1553/3183] sh.603979 11笔分红 | 已用319s ETA335s
2026-08-27 12:14:23,829 | INFO  | [1554/3183] sh.603980 9笔分红 | 已用319s ETA335s
2026-08-27 12:14:23,829 | INFO  | [1555/3183] sh.603982 3笔分红 | 已用319s ETA334s
2026-08-27 12:14:23,829 | INFO  | [1556/3183] sh.603983 9笔分红 | 已用319s ETA334s
2026-08-27 12:14:23,829 | INFO  | [1557/3183] sh.603985 8笔分红 | 已用319s ETA333s
2026-08-27 12:14:23,829 | INFO  | [1558/3183] sh.603986 9笔分红 | 已用319s ETA333s
2026-08-27 12:14:23,830 | INFO  | [1559/3183] sh.603987 9笔分红 | 已用319s ETA333s
2026-08-27 12:14:23,830 | INFO  | [1560/3183] sh.603988 14笔分红 | 已用319s ETA332s
2026-08-27 12:14:24,122 | INFO  | [1561/3183] sh.603999 11笔分红 | 已用320s ETA332s
2026-08-27 12:14:24,123 | INFO  | [1562/3183] sh.605001 5笔分红 | 已用320s ETA332s
2026-08-27 12:14:24,123 | INFO  | [1563/3183] sh.605003 6笔分红 | 已用320s ETA331s
2026-08-27 12:14:24,123 | INFO  | [1564/3183] sh.605005 6笔分红 | 已用320s ETA331s
2026-08-27 12:14:24,123 | INFO  | [1565/3183] sh.605006 4笔分红 | 已用320s ETA330s
2026-08-27 12:14:24,123 | INFO  | [1566/3183] sh.605007 6笔分红 | 已用320s ETA330s
2026-08-27 12:14:24,124 | INFO  | [1567/3183] sh.605008 2笔分红 | 已用320s ETA329s
2026-08-27 12:14:24,124 | INFO  | [1568/3183] sh.605009 9笔分红 | 已用320s ETA329s
2026-08-27 12:14:25,045 | INFO  | [1569/3183] sh.605011 7笔分红 | 已用320s ETA330s
2026-08-27 12:14:25,046 | INFO  | [1570/3183] sh.605016 9笔分红 | 已用320s ETA329s
2026-08-27 12:14:25,046 | INFO  | [1571/3183] sh.605018 7笔分红 | 已用320s ETA329s
2026-08-27 12:14:25,046 | INFO  | [1572/3183] sh.605020 5笔分红 | 已用320s ETA328s
2026-08-27 12:14:25,046 | INFO  | [1573/3183] sh.605028 9笔分红 | 已用320s ETA328s
2026-08-27 12:14:25,046 | INFO  | [1574/3183] sh.605033 7笔分红 | 已用320s ETA328s
2026-08-27 12:14:25,046 | INFO  | [1575/3183] sh.605050 8笔分红 | 已用320s ETA327s
2026-08-27 12:14:25,046 | INFO  | [1576/3183] sh.605055 3笔分红 | 已用320s ETA327s
2026-08-27 12:14:25,107 | INFO  | [1577/3183] sh.603966 10笔分红 | 已用320s ETA326s
2026-08-27 12:14:25,109 | INFO  | [1578/3183] sh.603967 8笔分红 | 已用320s ETA326s
2026-08-27 12:14:25,109 | INFO  | [1579/3183] sh.603968 9笔分红 | 已用320s ETA326s
2026-08-27 12:14:25,109 | INFO  | [1580/3183] sh.603969 11笔分红 | 已用320s ETA325s
2026-08-27 12:14:25,109 | INFO  | [1581/3183] sh.603970 9笔分红 | 已用320s ETA325s
2026-08-27 12:14:25,109 | INFO  | [1582/3183] sh.603976 10笔分红 | 已用320s ETA324s
2026-08-27 12:14:25,109 | INFO  | [1583/3183] sh.603977 10笔分红 | 已用320s ETA324s
2026-08-27 12:14:25,110 | INFO  | [1584/3183] sh.603978 2笔分红 | 已用320s ETA324s
2026-08-27 12:14:27,843 | INFO  | [1585/3183] sh.605111 7笔分红 | 已用323s ETA326s
2026-08-27 12:14:27,843 | INFO  | [1586/3183] sh.605116 6笔分红 | 已用323s ETA325s
2026-08-27 12:14:27,844 | INFO  | [1587/3183] sh.605117 8笔分红 | 已用323s ETA325s
2026-08-27 12:14:27,844 | INFO  | [1588/3183] sh.605118 8笔分红 | 已用323s ETA325s
2026-08-27 12:14:27,844 | INFO  | [1589/3183] sh.605122 3笔分红 | 已用323s ETA324s
2026-08-27 12:14:27,844 | INFO  | [1590/3183] sh.605123 8笔分红 | 已用323s ETA324s
2026-08-27 12:14:27,844 | INFO  | [1591/3183] sh.605128 6笔分红 | 已用323s ETA323s
2026-08-27 12:14:27,844 | INFO  | [1592/3183] sh.605133 6笔分红 | 已用323s ETA323s
2026-08-27 12:14:29,890 | INFO  | [1593/3183] sh.605056 7笔分红 | 已用325s ETA325s
2026-08-27 12:14:29,890 | INFO  | [1594/3183] sh.605058 6笔分红 | 已用325s ETA324s
2026-08-27 12:14:29,890 | INFO  | [1595/3183] sh.605060 6笔分红 | 已用325s ETA324s
2026-08-27 12:14:29,891 | INFO  | [1596/3183] sh.605066 6笔分红 | 已用325s ETA323s
2026-08-27 12:14:29,891 | INFO  | [1597/3183] sh.605068 4笔分红 | 已用325s ETA323s
2026-08-27 12:14:29,891 | INFO  | [1598/3183] sh.605069 1笔分红 | 已用325s ETA323s
2026-08-27 12:14:29,891 | INFO  | [1599/3183] sh.605077 7笔分红 | 已用325s ETA322s
2026-08-27 12:14:29,891 | INFO  | [1600/3183] sh.605080 5笔分红 | 已用325s ETA322s
2026-08-27 12:14:32,651 | INFO  | [1601/3183] sh.605136 5笔分红 | 已用328s ETA324s
2026-08-27 12:14:32,652 | INFO  | [1602/3183] sh.605138 6笔分红 | 已用328s ETA324s
2026-08-27 12:14:32,652 | INFO  | [1603/3183] sh.605151 5笔分红 | 已用328s ETA323s
2026-08-27 12:14:32,652 | INFO  | [1604/3183] sh.605155 6笔分红 | 已用328s ETA323s
2026-08-27 12:14:32,652 | INFO  | [1605/3183] sh.605158 6笔分红 | 已用328s ETA323s
2026-08-27 12:14:32,653 | INFO  | [1606/3183] sh.605162 5笔分红 | 已用328s ETA322s
2026-08-27 12:14:32,653 | INFO  | [1607/3183] sh.605166 6笔分红 | 已用328s ETA322s
2026-08-27 12:14:32,653 | INFO  | [1608/3183] sh.605167 5笔分红 | 已用328s ETA321s
2026-08-27 12:14:32,653 | INFO  | [1609/3183] sh.603989 12笔分红 | 已用328s ETA321s
2026-08-27 12:14:32,653 | INFO  | [1610/3183] sh.603990 5笔分红 | 已用328s ETA320s
2026-08-27 12:14:32,653 | INFO  | [1611/3183] sh.603991 3笔分红 | 已用328s ETA320s
2026-08-27 12:14:32,654 | INFO  | [1612/3183] sh.603992 10笔分红 | 已用328s ETA320s
2026-08-27 12:14:32,654 | INFO  | [1613/3183] sh.603993 12笔分红 | 已用328s ETA319s
2026-08-27 12:14:32,654 | INFO  | [1614/3183] sh.603995 8笔分红 | 已用328s ETA319s
2026-08-27 12:14:32,654 | INFO  | [1615/3183] sh.603997 8笔分红 | 已用328s ETA318s
2026-08-27 12:14:32,655 | INFO  | [1616/3183] sh.603998 17笔分红 | 已用328s ETA318s
2026-08-27 12:14:33,790 | INFO  | [1617/3183] sh.605086 8笔分红 | 已用329s ETA319s
2026-08-27 12:14:33,791 | INFO  | [1618/3183] sh.605088 7笔分红 | 已用329s ETA318s
2026-08-27 12:14:33,791 | INFO  | [1619/3183] sh.605089 5笔分红 | 已用329s ETA318s
2026-08-27 12:14:33,791 | INFO  | [1620/3183] sh.605090 9笔分红 | 已用329s ETA318s
2026-08-27 12:14:33,791 | INFO  | [1621/3183] sh.605098 11笔分红 | 已用329s ETA317s
2026-08-27 12:14:33,791 | INFO  | [1622/3183] sh.605099 6笔分红 | 已用329s ETA317s
2026-08-27 12:14:33,792 | INFO  | [1623/3183] sh.605100 7笔分红 | 已用329s ETA316s
2026-08-27 12:14:33,792 | INFO  | [1624/3183] sh.605108 6笔分红 | 已用329s ETA316s
2026-08-27 12:14:36,018 | INFO  | [1625/3183] sh.605228 6笔分红 | 已用331s ETA318s
2026-08-27 12:14:36,019 | INFO  | [1626/3183] sh.605255 8笔分红 | 已用331s ETA317s
2026-08-27 12:14:36,019 | INFO  | [1627/3183] sh.605258 6笔分红 | 已用331s ETA317s
2026-08-27 12:14:36,019 | INFO  | [1628/3183] sh.605259 5笔分红 | 已用331s ETA317s
2026-08-27 12:14:36,019 | INFO  | [1629/3183] sh.605266 6笔分红 | 已用331s ETA316s
2026-08-27 12:14:36,019 | INFO  | [1630/3183] sh.605268 6笔分红 | 已用331s ETA316s
2026-08-27 12:14:36,020 | INFO  | [1631/3183] sh.605277 6笔分红 | 已用331s ETA315s
2026-08-27 12:14:36,020 | INFO  | [1632/3183] sh.605286 8笔分红 | 已用331s ETA315s
2026-08-27 12:14:36,872 | INFO  | [1633/3183] sh.605188 6笔分红 | 已用332s ETA315s
2026-08-27 12:14:36,873 | INFO  | [1634/3183] sh.605189 6笔分红 | 已用332s ETA315s
2026-08-27 12:14:36,873 | INFO  | [1635/3183] sh.605196 4笔分红 | 已用332s ETA315s
2026-08-27 12:14:36,873 | INFO  | [1636/3183] sh.605198 6笔分红 | 已用332s ETA314s
2026-08-27 12:14:36,874 | INFO  | [1637/3183] sh.605199 2笔分红 | 已用332s ETA314s
2026-08-27 12:14:36,874 | INFO  | [1638/3183] sh.605208 6笔分红 | 已用332s ETA313s
2026-08-27 12:14:36,874 | INFO  | [1639/3183] sh.605218 7笔分红 | 已用332s ETA313s
2026-08-27 12:14:36,874 | INFO  | [1640/3183] sh.605222 6笔分红 | 已用332s ETA313s
2026-08-27 12:14:37,679 | INFO  | [1641/3183] sh.605168 7笔分红 | 已用333s ETA313s
2026-08-27 12:14:37,680 | INFO  | [1642/3183] sh.605169 6笔分红 | 已用333s ETA313s
2026-08-27 12:14:37,680 | INFO  | [1643/3183] sh.605177 4笔分红 | 已用333s ETA312s
2026-08-27 12:14:37,680 | INFO  | [1644/3183] sh.605178 1笔分红 | 已用333s ETA312s
2026-08-27 12:14:37,680 | INFO  | [1645/3183] sh.605179 7笔分红 | 已用333s ETA311s
2026-08-27 12:14:37,680 | INFO  | [1646/3183] sh.605180 5笔分红 | 已用333s ETA311s
2026-08-27 12:14:37,681 | INFO  | [1647/3183] sh.605183 6笔分红 | 已用333s ETA311s
2026-08-27 12:14:37,681 | INFO  | [1648/3183] sh.605186 4笔分红 | 已用333s ETA310s
2026-08-27 12:14:41,529 | INFO  | [1649/3183] sh.605358 5笔分红 | 已用337s ETA313s
2026-08-27 12:14:41,530 | INFO  | [1650/3183] sh.605365 5笔分红 | 已用337s ETA313s
2026-08-27 12:14:41,530 | INFO  | [1651/3183] sh.605366 4笔分红 | 已用337s ETA313s
2026-08-27 12:14:41,530 | INFO  | [1652/3183] sh.605368 7笔分红 | 已用337s ETA312s
2026-08-27 12:14:41,531 | INFO  | [1653/3183] sh.605369 8笔分红 | 已用337s ETA312s
2026-08-27 12:14:41,531 | INFO  | [1654/3183] sh.605376 7笔分红 | 已用337s ETA311s
2026-08-27 12:14:41,531 | INFO  | [1655/3183] sh.605377 8笔分红 | 已用337s ETA311s
2026-08-27 12:14:41,531 | INFO  | [1656/3183] sh.605378 6笔分红 | 已用337s ETA311s
2026-08-27 12:14:43,487 | INFO  | [1657/3183] sh.605287 4笔分红 | 已用339s ETA312s
2026-08-27 12:14:43,488 | INFO  | [1658/3183] sh.605288 6笔分红 | 已用339s ETA312s
2026-08-27 12:14:43,488 | INFO  | [1659/3183] sh.605289 3笔分红 | 已用339s ETA311s
2026-08-27 12:14:43,488 | INFO  | [1660/3183] sh.605296 4笔分红 | 已用339s ETA311s
2026-08-27 12:14:43,488 | INFO  | [1661/3183] sh.605298 6笔分红 | 已用339s ETA311s
2026-08-27 12:14:43,488 | INFO  | [1662/3183] sh.605299 6笔分红 | 已用339s ETA310s
2026-08-27 12:14:43,488 | INFO  | [1663/3183] sh.605300 5笔分红 | 已用339s ETA310s
2026-08-27 12:14:43,489 | INFO  | [1664/3183] sh.605303 2笔分红 | 已用339s ETA309s
2026-08-27 12:14:44,596 | INFO  | [1665/3183] sh.605388 5笔分红 | 已用340s ETA310s
2026-08-27 12:14:44,596 | INFO  | [1666/3183] sh.605389 8笔分红 | 已用340s ETA310s
2026-08-27 12:14:44,596 | INFO  | [1667/3183] sh.605398 6笔分红 | 已用340s ETA309s
2026-08-27 12:14:44,596 | INFO  | [1668/3183] sh.605399 5笔分红 | 已用340s ETA309s
2026-08-27 12:14:44,596 | INFO  | [1669/3183] sh.605488 7笔分红 | 已用340s ETA308s
2026-08-27 12:14:44,597 | INFO  | [1670/3183] sh.605499 8笔分红 | 已用340s ETA308s
2026-08-27 12:14:44,597 | INFO  | [1671/3183] sh.605500 6笔分红 | 已用340s ETA308s
2026-08-27 12:14:44,597 | INFO  | [1672/3183] sh.605507 6笔分红 | 已用340s ETA307s
2026-08-27 12:14:45,516 | INFO  | [1673/3183] sh.605599 5笔分红 | 已用341s ETA308s
2026-08-27 12:14:45,516 | INFO  | [1674/3183] sz.000001 14笔分红 | 已用341s ETA307s
2026-08-27 12:14:45,516 | INFO  | [1675/3183] sz.000002 9笔分红 | 已用341s ETA307s
2026-08-27 12:14:45,517 | INFO  | [1676/3183] sz.000006 9笔分红 | 已用341s ETA307s
2026-08-27 12:14:45,517 | INFO  | [1677/3183] sz.000007 0笔分红 | 已用341s ETA306s
2026-08-27 12:14:45,517 | INFO  | [1678/3183] sz.000008 4笔分红 | 已用341s ETA306s
2026-08-27 12:14:45,517 | INFO  | [1679/3183] sz.000009 12笔分红 | 已用341s ETA305s
2026-08-27 12:14:45,518 | INFO  | [1680/3183] sz.000010 0笔分红 | 已用341s ETA305s
2026-08-27 12:14:46,358 | INFO  | [1681/3183] sh.605305 8笔分红 | 已用342s ETA305s
2026-08-27 12:14:46,358 | INFO  | [1682/3183] sh.605318 5笔分红 | 已用342s ETA305s
2026-08-27 12:14:46,358 | INFO  | [1683/3183] sh.605319 7笔分红 | 已用342s ETA305s
2026-08-27 12:14:46,358 | INFO  | [1684/3183] sh.605333 4笔分红 | 已用342s ETA304s
2026-08-27 12:14:46,359 | INFO  | [1685/3183] sh.605336 5笔分红 | 已用342s ETA304s
2026-08-27 12:14:46,359 | INFO  | [1686/3183] sh.605337 7笔分红 | 已用342s ETA303s
2026-08-27 12:14:46,359 | INFO  | [1687/3183] sh.605338 6笔分红 | 已用342s ETA303s
2026-08-27 12:14:46,359 | INFO  | [1688/3183] sh.605339 6笔分红 | 已用342s ETA303s
2026-08-27 12:14:47,547 | INFO  | [1689/3183] sh.605555 5笔分红 | 已用343s ETA303s
2026-08-27 12:14:47,547 | INFO  | [1690/3183] sh.605566 5笔分红 | 已用343s ETA303s
2026-08-27 12:14:47,547 | INFO  | [1691/3183] sh.605567 4笔分红 | 已用343s ETA303s
2026-08-27 12:14:47,547 | INFO  | [1692/3183] sh.605577 5笔分红 | 已用343s ETA302s
2026-08-27 12:14:47,548 | INFO  | [1693/3183] sh.605580 6笔分红 | 已用343s ETA302s
2026-08-27 12:14:47,548 | INFO  | [1694/3183] sh.605588 3笔分红 | 已用343s ETA301s
2026-08-27 12:14:47,548 | INFO  | [1695/3183] sh.605589 6笔分红 | 已用343s ETA301s
2026-08-27 12:14:47,548 | INFO  | [1696/3183] sh.605598 5笔分红 | 已用343s ETA301s
2026-08-27 12:14:50,276 | INFO  | [1697/3183] sz.000011 11笔分红 | 已用346s ETA303s
2026-08-27 12:14:50,276 | INFO  | [1698/3183] sz.000012 12笔分红 | 已用346s ETA302s
2026-08-27 12:14:50,277 | INFO  | [1699/3183] sz.000014 10笔分红 | 已用346s ETA302s
2026-08-27 12:14:50,277 | INFO  | [1700/3183] sz.000016 6笔分红 | 已用346s ETA302s
2026-08-27 12:14:50,278 | INFO  | [1701/3183] sz.000017 0笔分红 | 已用346s ETA301s
2026-08-27 12:14:50,278 | INFO  | [1702/3183] sz.000019 9笔分红 | 已用346s ETA301s
2026-08-27 12:14:50,278 | INFO  | [1703/3183] sz.000020 0笔分红 | 已用346s ETA300s
2026-08-27 12:14:50,278 | INFO  | [1704/3183] sz.000021 12笔分红 | 已用346s ETA300s
2026-08-27 12:14:51,940 | INFO  | [1705/3183] sz.000034 9笔分红 | 已用347s ETA301s
2026-08-27 12:14:51,940 | INFO  | [1706/3183] sz.000035 4笔分红 | 已用347s ETA301s
2026-08-27 12:14:51,940 | INFO  | [1707/3183] sz.000036 7笔分红 | 已用347s ETA300s
2026-08-27 12:14:51,941 | INFO  | [1708/3183] sz.000037 2笔分红 | 已用347s ETA300s
2026-08-27 12:14:51,941 | INFO  | [1709/3183] sz.000039 12笔分红 | 已用347s ETA300s
2026-08-27 12:14:51,941 | INFO  | [1710/3183] sz.000042 10笔分红 | 已用347s ETA299s
2026-08-27 12:14:51,941 | INFO  | [1711/3183] sz.000045 6笔分红 | 已用347s ETA299s
2026-08-27 12:14:51,941 | INFO  | [1712/3183] sz.000048 7笔分红 | 已用347s ETA298s
2026-08-27 12:14:52,141 | INFO  | [1713/3183] sz.000025 7笔分红 | 已用348s ETA298s
2026-08-27 12:14:52,142 | INFO  | [1714/3183] sz.000026 12笔分红 | 已用348s ETA298s
2026-08-27 12:14:52,142 | INFO  | [1715/3183] sz.000027 12笔分红 | 已用348s ETA297s
2026-08-27 12:14:52,142 | INFO  | [1716/3183] sz.000028 13笔分红 | 已用348s ETA297s
2026-08-27 12:14:52,142 | INFO  | [1717/3183] sz.000029 8笔分红 | 已用348s ETA297s
2026-08-27 12:14:52,143 | INFO  | [1718/3183] sz.000030 12笔分红 | 已用348s ETA296s
2026-08-27 12:14:52,143 | INFO  | [1719/3183] sz.000031 6笔分红 | 已用348s ETA296s
2026-08-27 12:14:52,143 | INFO  | [1720/3183] sz.000032 11笔分红 | 已用348s ETA296s
2026-08-27 12:14:52,903 | INFO  | [1721/3183] sz.000049 12笔分红 | 已用348s ETA296s
2026-08-27 12:14:52,904 | INFO  | [1722/3183] sz.000050 8笔分红 | 已用348s ETA295s
2026-08-27 12:14:52,904 | INFO  | [1723/3183] sz.000055 10笔分红 | 已用348s ETA295s
2026-08-27 12:14:52,904 | INFO  | [1724/3183] sz.000056 2笔分红 | 已用348s ETA295s
2026-08-27 12:14:52,904 | INFO  | [1725/3183] sz.000058 11笔分红 | 已用348s ETA294s
2026-08-27 12:14:52,904 | INFO  | [1726/3183] sz.000059 8笔分红 | 已用348s ETA294s
2026-08-27 12:14:52,904 | INFO  | [1727/3183] sz.000060 13笔分红 | 已用348s ETA294s
2026-08-27 12:14:52,904 | INFO  | [1728/3183] sz.000061 13笔分红 | 已用348s ETA293s
2026-08-27 12:14:57,543 | INFO  | [1729/3183] sz.000409 0笔分红 | 已用353s ETA297s
2026-08-27 12:14:57,544 | INFO  | [1730/3183] sz.000410 1笔分红 | 已用353s ETA296s
2026-08-27 12:14:57,544 | INFO  | [1731/3183] sz.000411 8笔分红 | 已用353s ETA296s
2026-08-27 12:14:57,544 | INFO  | [1732/3183] sz.000415 3笔分红 | 已用353s ETA296s
2026-08-27 12:14:57,544 | INFO  | [1733/3183] sz.000417 12笔分红 | 已用353s ETA295s
2026-08-27 12:14:57,545 | INFO  | [1734/3183] sz.000419 9笔分红 | 已用353s ETA295s
2026-08-27 12:14:57,545 | INFO  | [1735/3183] sz.000420 0笔分红 | 已用353s ETA295s
2026-08-27 12:14:57,545 | INFO  | [1736/3183] sz.000421 12笔分红 | 已用353s ETA294s
2026-08-27 12:14:57,558 | INFO  | [1737/3183] sz.000088 13笔分红 | 已用353s ETA294s
2026-08-27 12:14:57,558 | INFO  | [1738/3183] sz.000089 10笔分红 | 已用353s ETA293s
2026-08-27 12:14:57,558 | INFO  | [1739/3183] sz.000090 12笔分红 | 已用353s ETA293s
2026-08-27 12:14:57,560 | INFO  | [1740/3183] sz.000096 12笔分红 | 已用353s ETA293s
2026-08-27 12:14:57,560 | INFO  | [1741/3183] sz.000099 12笔分红 | 已用353s ETA292s
2026-08-27 12:14:57,560 | INFO  | [1742/3183] sz.000100 11笔分红 | 已用353s ETA292s
2026-08-27 12:14:57,560 | INFO  | [1743/3183] sz.000151 6笔分红 | 已用353s ETA292s
2026-08-27 12:14:57,560 | INFO  | [1744/3183] sz.000153 7笔分红 | 已用353s ETA291s
2026-08-27 12:14:58,482 | INFO  | [1745/3183] sz.000155 2笔分红 | 已用354s ETA292s
2026-08-27 12:14:58,483 | INFO  | [1746/3183] sz.000156 11笔分红 | 已用354s ETA291s
2026-08-27 12:14:58,483 | INFO  | [1747/3183] sz.000157 13笔分红 | 已用354s ETA291s
2026-08-27 12:14:58,483 | INFO  | [1748/3183] sz.000158 4笔分红 | 已用354s ETA291s
2026-08-27 12:14:58,483 | INFO  | [1749/3183] sz.000159 10笔分红 | 已用354s ETA290s
2026-08-27 12:14:58,484 | INFO  | [1750/3183] sz.000166 13笔分红 | 已用354s ETA290s
2026-08-27 12:14:58,484 | INFO  | [1751/3183] sz.000301 10笔分红 | 已用354s ETA289s
2026-08-27 12:14:58,484 | INFO  | [1752/3183] sz.000333 13笔分红 | 已用354s ETA289s
2026-08-27 12:15:01,143 | INFO  | [1753/3183] sz.000062 16笔分红 | 已用357s ETA291s
2026-08-27 12:15:01,144 | INFO  | [1754/3183] sz.000063 9笔分红 | 已用357s ETA290s
2026-08-27 12:15:01,144 | INFO  | [1755/3183] sz.000065 12笔分红 | 已用357s ETA290s
2026-08-27 12:15:01,144 | INFO  | [1756/3183] sz.000066 6笔分红 | 已用357s ETA290s
2026-08-27 12:15:01,145 | INFO  | [1757/3183] sz.000068 0笔分红 | 已用357s ETA289s
2026-08-27 12:15:01,145 | INFO  | [1758/3183] sz.000069 8笔分红 | 已用357s ETA289s
2026-08-27 12:15:01,145 | INFO  | [1759/3183] sz.000070 6笔分红 | 已用357s ETA289s
2026-08-27 12:15:01,145 | INFO  | [1760/3183] sz.000078 2笔分红 | 已用357s ETA288s
2026-08-27 12:15:01,580 | INFO  | [1761/3183] sz.000338 23笔分红 | 已用357s ETA288s
2026-08-27 12:15:01,580 | INFO  | [1762/3183] sz.000400 15笔分红 | 已用357s ETA288s
2026-08-27 12:15:01,580 | INFO  | [1763/3183] sz.000401 8笔分红 | 已用357s ETA288s
2026-08-27 12:15:01,581 | INFO  | [1764/3183] sz.000402 9笔分红 | 已用357s ETA287s
2026-08-27 12:15:01,581 | INFO  | [1765/3183] sz.000403 6笔分红 | 已用357s ETA287s
2026-08-27 12:15:01,581 | INFO  | [1766/3183] sz.000404 12笔分红 | 已用357s ETA286s
2026-08-27 12:15:01,581 | INFO  | [1767/3183] sz.000407 9笔分红 | 已用357s ETA286s
2026-08-27 12:15:01,582 | INFO  | [1768/3183] sz.000408 8笔分红 | 已用357s ETA286s
2026-08-27 12:15:03,309 | INFO  | [1769/3183] sz.000422 6笔分红 | 已用359s ETA287s
2026-08-27 12:15:03,310 | INFO  | [1770/3183] sz.000423 15笔分红 | 已用359s ETA286s
2026-08-27 12:15:03,310 | INFO  | [1771/3183] sz.000425 11笔分红 | 已用359s ETA286s
2026-08-27 12:15:03,310 | INFO  | [1772/3183] sz.000426 7笔分红 | 已用359s ETA286s
2026-08-27 12:15:03,310 | INFO  | [1773/3183] sz.000428 0笔分红 | 已用359s ETA285s
2026-08-27 12:15:03,312 | INFO  | [1774/3183] sz.000429 12笔分红 | 已用359s ETA285s
2026-08-27 12:15:03,312 | INFO  | [1775/3183] sz.000430 1笔分红 | 已用359s ETA285s
2026-08-27 12:15:03,312 | INFO  | [1776/3183] sz.000488 8笔分红 | 已用359s ETA284s
2026-08-27 12:15:04,928 | INFO  | [1777/3183] sz.000510 1笔分红 | 已用360s ETA285s
2026-08-27 12:15:04,928 | INFO  | [1778/3183] sz.000513 12笔分红 | 已用360s ETA285s
2026-08-27 12:15:04,928 | INFO  | [1779/3183] sz.000514 9笔分红 | 已用360s ETA284s
2026-08-27 12:15:04,928 | INFO  | [1780/3183] sz.000516 3笔分红 | 已用360s ETA284s
2026-08-27 12:15:04,929 | INFO  | [1781/3183] sz.000517 9笔分红 | 已用360s ETA284s
2026-08-27 12:15:04,929 | INFO  | [1782/3183] sz.000518 0笔分红 | 已用360s ETA283s
2026-08-27 12:15:04,929 | INFO  | [1783/3183] sz.000519 7笔分红 | 已用360s ETA283s
2026-08-27 12:15:04,929 | INFO  | [1784/3183] sz.000520 0笔分红 | 已用360s ETA283s
2026-08-27 12:15:05,465 | INFO  | [1785/3183] sz.000498 13笔分红 | 已用361s ETA283s
2026-08-27 12:15:05,465 | INFO  | [1786/3183] sz.000501 13笔分红 | 已用361s ETA282s
2026-08-27 12:15:05,466 | INFO  | [1787/3183] sz.000503 0笔分红 | 已用361s ETA282s
2026-08-27 12:15:05,466 | INFO  | [1788/3183] sz.000504 0笔分红 | 已用361s ETA282s
2026-08-27 12:15:05,466 | INFO  | [1789/3183] sz.000505 2笔分红 | 已用361s ETA281s
2026-08-27 12:15:05,466 | INFO  | [1790/3183] sz.000506 0笔分红 | 已用361s ETA281s
2026-08-27 12:15:05,467 | INFO  | [1791/3183] sz.000507 12笔分红 | 已用361s ETA280s
2026-08-27 12:15:05,467 | INFO  | [1792/3183] sz.000509 0笔分红 | 已用361s ETA280s
2026-08-27 12:15:07,407 | INFO  | [1793/3183] sz.000521 12笔分红 | 已用363s ETA281s
2026-08-27 12:15:07,407 | INFO  | [1794/3183] sz.000523 6笔分红 | 已用363s ETA281s
2026-08-27 12:15:07,408 | INFO  | [1795/3183] sz.000524 6笔分红 | 已用363s ETA281s
2026-08-27 12:15:07,408 | INFO  | [1796/3183] sz.000525 5笔分红 | 已用363s ETA280s
2026-08-27 12:15:07,408 | INFO  | [1797/3183] sz.000526 0笔分红 | 已用363s ETA280s
2026-08-27 12:15:07,408 | INFO  | [1798/3183] sz.000528 12笔分红 | 已用363s ETA279s
2026-08-27 12:15:07,409 | INFO  | [1799/3183] sz.000529 10笔分红 | 已用363s ETA279s
2026-08-27 12:15:07,409 | INFO  | [1800/3183] sz.000530 12笔分红 | 已用363s ETA279s
2026-08-27 12:15:08,371 | INFO  | [1801/3183] sz.000541 12笔分红 | 已用364s ETA279s
2026-08-27 12:15:08,372 | INFO  | [1802/3183] sz.000543 12笔分红 | 已用364s ETA279s
2026-08-27 12:15:08,372 | INFO  | [1803/3183] sz.000544 12笔分红 | 已用364s ETA278s
2026-08-27 12:15:08,372 | INFO  | [1804/3183] sz.000545 4笔分红 | 已用364s ETA278s
2026-08-27 12:15:08,372 | INFO  | [1805/3183] sz.000546 6笔分红 | 已用364s ETA278s
2026-08-27 12:15:08,372 | INFO  | [1806/3183] sz.000547 6笔分红 | 已用364s ETA277s
2026-08-27 12:15:08,373 | INFO  | [1807/3183] sz.000548 10笔分红 | 已用364s ETA277s
2026-08-27 12:15:08,373 | INFO  | [1808/3183] sz.000550 12笔分红 | 已用364s ETA277s
2026-08-27 12:15:10,679 | INFO  | [1809/3183] sz.000551 7笔分红 | 已用366s ETA278s
2026-08-27 12:15:10,680 | INFO  | [1810/3183] sz.000552 13笔分红 | 已用366s ETA278s
2026-08-27 12:15:10,680 | INFO  | [1811/3183] sz.000553 8笔分红 | 已用366s ETA277s
2026-08-27 12:15:10,680 | INFO  | [1812/3183] sz.000554 9笔分红 | 已用366s ETA277s
2026-08-27 12:15:10,680 | INFO  | [1813/3183] sz.000555 11笔分红 | 已用366s ETA277s
2026-08-27 12:15:10,680 | INFO  | [1814/3183] sz.000557 2笔分红 | 已用366s ETA276s
2026-08-27 12:15:10,681 | INFO  | [1815/3183] sz.000558 1笔分红 | 已用366s ETA276s
2026-08-27 12:15:10,681 | INFO  | [1816/3183] sz.000559 12笔分红 | 已用366s ETA276s
2026-08-27 12:15:12,121 | INFO  | [1817/3183] sz.000531 13笔分红 | 已用368s ETA276s
2026-08-27 12:15:12,123 | INFO  | [1818/3183] sz.000532 12笔分红 | 已用368s ETA276s
2026-08-27 12:15:12,123 | INFO  | [1819/3183] sz.000533 3笔分红 | 已用368s ETA276s
2026-08-27 12:15:12,123 | INFO  | [1820/3183] sz.000534 11笔分红 | 已用368s ETA275s
2026-08-27 12:15:12,123 | INFO  | [1821/3183] sz.000536 3笔分红 | 已用368s ETA275s
2026-08-27 12:15:12,123 | INFO  | [1822/3183] sz.000537 11笔分红 | 已用368s ETA275s
2026-08-27 12:15:12,124 | INFO  | [1823/3183] sz.000538 12笔分红 | 已用368s ETA274s
2026-08-27 12:15:12,124 | INFO  | [1824/3183] sz.000539 10笔分红 | 已用368s ETA274s
2026-08-27 12:15:12,355 | INFO  | [1825/3183] sz.000560 9笔分红 | 已用368s ETA274s
2026-08-27 12:15:12,355 | INFO  | [1826/3183] sz.000561 1笔分红 | 已用368s ETA273s
2026-08-27 12:15:12,355 | INFO  | [1827/3183] sz.000563 16笔分红 | 已用368s ETA273s
2026-08-27 12:15:12,355 | INFO  | [1828/3183] sz.000564 3笔分红 | 已用368s ETA273s
2026-08-27 12:15:12,355 | INFO  | [1829/3183] sz.000565 13笔分红 | 已用368s ETA272s
2026-08-27 12:15:12,356 | INFO  | [1830/3183] sz.000566 3笔分红 | 已用368s ETA272s
2026-08-27 12:15:12,356 | INFO  | [1831/3183] sz.000567 4笔分红 | 已用368s ETA272s
2026-08-27 12:15:12,356 | INFO  | [1832/3183] sz.000568 14笔分红 | 已用368s ETA271s
2026-08-27 12:15:14,137 | INFO  | [1833/3183] sz.000589 9笔分红 | 已用370s ETA272s
2026-08-27 12:15:14,138 | INFO  | [1834/3183] sz.000590 0笔分红 | 已用370s ETA272s
2026-08-27 12:15:14,138 | INFO  | [1835/3183] sz.000591 12笔分红 | 已用370s ETA271s
2026-08-27 12:15:14,138 | INFO  | [1836/3183] sz.000592 0笔分红 | 已用370s ETA271s
2026-08-27 12:15:14,138 | INFO  | [1837/3183] sz.000593 1笔分红 | 已用370s ETA271s
2026-08-27 12:15:14,138 | INFO  | [1838/3183] sz.000595 0笔分红 | 已用370s ETA270s
2026-08-27 12:15:14,138 | INFO  | [1839/3183] sz.000596 14笔分红 | 已用370s ETA270s
2026-08-27 12:15:14,139 | INFO  | [1840/3183] sz.000597 7笔分红 | 已用370s ETA270s
2026-08-27 12:15:15,076 | INFO  | [1841/3183] sz.000570 10笔分红 | 已用370s ETA270s
2026-08-27 12:15:15,077 | INFO  | [1842/3183] sz.000571 2笔分红 | 已用370s ETA270s
2026-08-27 12:15:15,077 | INFO  | [1843/3183] sz.000572 1笔分红 | 已用370s ETA269s
2026-08-27 12:15:15,077 | INFO  | [1844/3183] sz.000573 9笔分红 | 已用370s ETA269s
2026-08-27 12:15:15,077 | INFO  | [1845/3183] sz.000576 1笔分红 | 已用370s ETA269s
2026-08-27 12:15:15,077 | INFO  | [1846/3183] sz.000581 14笔分红 | 已用370s ETA268s
2026-08-27 12:15:15,077 | INFO  | [1847/3183] sz.000582 14笔分红 | 已用370s ETA268s
2026-08-27 12:15:15,077 | INFO  | [1848/3183] sz.000586 0笔分红 | 已用370s ETA268s
2026-08-27 12:15:17,586 | INFO  | [1849/3183] sz.000609 1笔分红 | 已用373s ETA269s
2026-08-27 12:15:17,588 | INFO  | [1850/3183] sz.000610 3笔分红 | 已用373s ETA269s
2026-08-27 12:15:17,588 | INFO  | [1851/3183] sz.000612 9笔分红 | 已用373s ETA268s
2026-08-27 12:15:17,588 | INFO  | [1852/3183] sz.000615 3笔分红 | 已用373s ETA268s
2026-08-27 12:15:17,588 | INFO  | [1853/3183] sz.000617 11笔分红 | 已用373s ETA268s
2026-08-27 12:15:17,588 | INFO  | [1854/3183] sz.000619 5笔分红 | 已用373s ETA267s
2026-08-27 12:15:17,589 | INFO  | [1855/3183] sz.000620 4笔分红 | 已用373s ETA267s
2026-08-27 12:15:17,589 | INFO  | [1856/3183] sz.000623 14笔分红 | 已用373s ETA267s
2026-08-27 12:15:19,961 | INFO  | [1857/3183] sz.000598 12笔分红 | 已用375s ETA268s
2026-08-27 12:15:19,962 | INFO  | [1858/3183] sz.000599 8笔分红 | 已用375s ETA268s
2026-08-27 12:15:19,962 | INFO  | [1859/3183] sz.000600 12笔分红 | 已用375s ETA267s
2026-08-27 12:15:19,962 | INFO  | [1860/3183] sz.000601 10笔分红 | 已用375s ETA267s
2026-08-27 12:15:19,963 | INFO  | [1861/3183] sz.000603 5笔分红 | 已用375s ETA267s
2026-08-27 12:15:19,963 | INFO  | [1862/3183] sz.000605 9笔分红 | 已用375s ETA266s
2026-08-27 12:15:19,963 | INFO  | [1863/3183] sz.000607 4笔分红 | 已用375s ETA266s
2026-08-27 12:15:19,963 | INFO  | [1864/3183] sz.000608 1笔分红 | 已用375s ETA266s
2026-08-27 12:15:21,659 | INFO  | [1865/3183] sz.000656 7笔分红 | 已用377s ETA266s
2026-08-27 12:15:21,659 | INFO  | [1866/3183] sz.000657 5笔分红 | 已用377s ETA266s
2026-08-27 12:15:21,659 | INFO  | [1867/3183] sz.000659 0笔分红 | 已用377s ETA266s
2026-08-27 12:15:21,660 | INFO  | [1868/3183] sz.000661 12笔分红 | 已用377s ETA265s
2026-08-27 12:15:21,660 | INFO  | [1869/3183] sz.000663 0笔分红 | 已用377s ETA265s
2026-08-27 12:15:21,660 | INFO  | [1870/3183] sz.000665 6笔分红 | 已用377s ETA265s
2026-08-27 12:15:21,660 | INFO  | [1871/3183] sz.000668 5笔分红 | 已用377s ETA264s
2026-08-27 12:15:21,660 | INFO  | [1872/3183] sz.000669 3笔分红 | 已用377s ETA264s
2026-08-27 12:15:22,093 | INFO  | [1873/3183] sz.000635 6笔分红 | 已用377s ETA264s
2026-08-27 12:15:22,093 | INFO  | [1874/3183] sz.000636 12笔分红 | 已用377s ETA264s
2026-08-27 12:15:22,093 | INFO  | [1875/3183] sz.000637 7笔分红 | 已用377s ETA263s
2026-08-27 12:15:22,093 | INFO  | [1876/3183] sz.000639 5笔分红 | 已用377s ETA263s
2026-08-27 12:15:22,094 | INFO  | [1877/3183] sz.000650 11笔分红 | 已用377s ETA263s
2026-08-27 12:15:22,094 | INFO  | [1878/3183] sz.000651 17笔分红 | 已用377s ETA262s
2026-08-27 12:15:22,094 | INFO  | [1879/3183] sz.000652 11笔分红 | 已用377s ETA262s
2026-08-27 12:15:22,094 | INFO  | [1880/3183] sz.000655 10笔分红 | 已用377s ETA262s
2026-08-27 12:15:24,282 | INFO  | [1881/3183] sz.000625 12笔分红 | 已用380s ETA263s
2026-08-27 12:15:24,282 | INFO  | [1882/3183] sz.000626 2笔分红 | 已用380s ETA262s
2026-08-27 12:15:24,282 | INFO  | [1883/3183] sz.000628 6笔分红 | 已用380s ETA262s
2026-08-27 12:15:24,283 | INFO  | [1884/3183] sz.000629 0笔分红 | 已用380s ETA262s
2026-08-27 12:15:24,283 | INFO  | [1885/3183] sz.000630 12笔分红 | 已用380s ETA261s
2026-08-27 12:15:24,283 | INFO  | [1886/3183] sz.000631 9笔分红 | 已用380s ETA261s
2026-08-27 12:15:24,283 | INFO  | [1887/3183] sz.000632 0笔分红 | 已用380s ETA261s
2026-08-27 12:15:24,284 | INFO  | [1888/3183] sz.000633 0笔分红 | 已用380s ETA260s
2026-08-27 12:15:24,732 | INFO  | [1889/3183] sz.000682 8笔分红 | 已用380s ETA260s
2026-08-27 12:15:24,733 | INFO  | [1890/3183] sz.000683 7笔分红 | 已用380s ETA260s
2026-08-27 12:15:24,733 | INFO  | [1891/3183] sz.000685 12笔分红 | 已用380s ETA260s
2026-08-27 12:15:24,733 | INFO  | [1892/3183] sz.000686 14笔分红 | 已用380s ETA259s
2026-08-27 12:15:24,734 | INFO  | [1893/3183] sz.000688 5笔分红 | 已用380s ETA259s
2026-08-27 12:15:24,734 | INFO  | [1894/3183] sz.000690 13笔分红 | 已用380s ETA259s
2026-08-27 12:15:24,734 | INFO  | [1895/3183] sz.000691 0笔分红 | 已用380s ETA258s
2026-08-27 12:15:24,734 | INFO  | [1896/3183] sz.000692 1笔分红 | 已用380s ETA258s
2026-08-27 12:15:28,698 | INFO  | [1897/3183] sz.000695 0笔分红 | 已用384s ETA260s
2026-08-27 12:15:28,699 | INFO  | [1898/3183] sz.000697 2笔分红 | 已用384s ETA260s
2026-08-27 12:15:28,699 | INFO  | [1899/3183] sz.000698 3笔分红 | 已用384s ETA260s
2026-08-27 12:15:28,699 | INFO  | [1900/3183] sz.000700 11笔分红 | 已用384s ETA259s
2026-08-27 12:15:28,699 | INFO  | [1901/3183] sz.000701 5笔分红 | 已用384s ETA259s
2026-08-27 12:15:28,700 | INFO  | [1902/3183] sz.000702 0笔分红 | 已用384s ETA259s
2026-08-27 12:15:28,700 | INFO  | [1903/3183] sz.000703 9笔分红 | 已用384s ETA258s
2026-08-27 12:15:28,700 | INFO  | [1904/3183] sz.000705 9笔分红 | 已用384s ETA258s
2026-08-27 12:15:28,963 | INFO  | [1905/3183] sz.000670 0笔分红 | 已用384s ETA258s
2026-08-27 12:15:28,964 | INFO  | [1906/3183] sz.000672 13笔分红 | 已用384s ETA258s
2026-08-27 12:15:28,964 | INFO  | [1907/3183] sz.000676 3笔分红 | 已用384s ETA257s
2026-08-27 12:15:28,964 | INFO  | [1908/3183] sz.000677 0笔分红 | 已用384s ETA257s
2026-08-27 12:15:28,966 | INFO  | [1909/3183] sz.000678 0笔分红 | 已用384s ETA257s
2026-08-27 12:15:28,966 | INFO  | [1910/3183] sz.000679 2笔分红 | 已用384s ETA256s
2026-08-27 12:15:28,966 | INFO  | [1911/3183] sz.000680 9笔分红 | 已用384s ETA256s
2026-08-27 12:15:28,967 | INFO  | [1912/3183] sz.000681 11笔分红 | 已用384s ETA255s
2026-08-27 12:15:30,963 | INFO  | [1913/3183] sz.000707 4笔分红 | 已用386s ETA256s
2026-08-27 12:15:30,963 | INFO  | [1914/3183] sz.000708 13笔分红 | 已用386s ETA256s
2026-08-27 12:15:30,963 | INFO  | [1915/3183] sz.000709 10笔分红 | 已用386s ETA256s
2026-08-27 12:15:30,963 | INFO  | [1916/3183] sz.000710 0笔分红 | 已用386s ETA255s
2026-08-27 12:15:30,964 | INFO  | [1917/3183] sz.000711 1笔分红 | 已用386s ETA255s
2026-08-27 12:15:30,964 | INFO  | [1918/3183] sz.000712 5笔分红 | 已用386s ETA255s
2026-08-27 12:15:30,964 | INFO  | [1919/3183] sz.000713 11笔分红 | 已用386s ETA254s
2026-08-27 12:15:30,965 | INFO  | [1920/3183] sz.000715 11笔分红 | 已用386s ETA254s
2026-08-27 12:15:32,903 | INFO  | [1921/3183] sz.000736 9笔分红 | 已用388s ETA255s
2026-08-27 12:15:32,903 | INFO  | [1922/3183] sz.000737 3笔分红 | 已用388s ETA255s
2026-08-27 12:15:32,903 | INFO  | [1923/3183] sz.000738 12笔分红 | 已用388s ETA254s
2026-08-27 12:15:32,904 | INFO  | [1924/3183] sz.000739 13笔分红 | 已用388s ETA254s
2026-08-27 12:15:32,904 | INFO  | [1925/3183] sz.000750 14笔分红 | 已用388s ETA254s
2026-08-27 12:15:32,904 | INFO  | [1926/3183] sz.000751 2笔分红 | 已用388s ETA253s
2026-08-27 12:15:32,905 | INFO  | [1927/3183] sz.000752 4笔分红 | 已用388s ETA253s
2026-08-27 12:15:32,905 | INFO  | [1928/3183] sz.000753 10笔分红 | 已用388s ETA253s
2026-08-27 12:15:33,773 | INFO  | [1929/3183] sz.000716 6笔分红 | 已用389s ETA253s
2026-08-27 12:15:33,775 | INFO  | [1930/3183] sz.000717 4笔分红 | 已用389s ETA253s
2026-08-27 12:15:33,775 | INFO  | [1931/3183] sz.000718 13笔分红 | 已用389s ETA252s
2026-08-27 12:15:33,775 | INFO  | [1932/3183] sz.000719 12笔分红 | 已用389s ETA252s
2026-08-27 12:15:33,775 | INFO  | [1933/3183] sz.000720 0笔分红 | 已用389s ETA252s
2026-08-27 12:15:33,776 | INFO  | [1934/3183] sz.000721 0笔分红 | 已用389s ETA251s
2026-08-27 12:15:33,776 | INFO  | [1935/3183] sz.000722 9笔分红 | 已用389s ETA251s
2026-08-27 12:15:33,776 | INFO  | [1936/3183] sz.000723 4笔分红 | 已用389s ETA251s
2026-08-27 12:15:35,024 | INFO  | [1937/3183] sz.000755 3笔分红 | 已用390s ETA251s
2026-08-27 12:15:35,024 | INFO  | [1938/3183] sz.000756 12笔分红 | 已用390s ETA251s
2026-08-27 12:15:35,025 | INFO  | [1939/3183] sz.000757 0笔分红 | 已用390s ETA250s
2026-08-27 12:15:35,025 | INFO  | [1940/3183] sz.000758 7笔分红 | 已用390s ETA250s
2026-08-27 12:15:35,025 | INFO  | [1941/3183] sz.000759 6笔分红 | 已用390s ETA250s
2026-08-27 12:15:35,025 | INFO  | [1942/3183] sz.000761 6笔分红 | 已用390s ETA249s
2026-08-27 12:15:35,026 | INFO  | [1943/3183] sz.000762 3笔分红 | 已用390s ETA249s
2026-08-27 12:15:35,026 | INFO  | [1944/3183] sz.000766 0笔分红 | 已用390s ETA249s
2026-08-27 12:15:37,599 | INFO  | [1945/3183] sz.000767 0笔分红 | 已用393s ETA250s
2026-08-27 12:15:37,600 | INFO  | [1946/3183] sz.000768 12笔分红 | 已用393s ETA250s
2026-08-27 12:15:37,600 | INFO  | [1947/3183] sz.000776 14笔分红 | 已用393s ETA249s
2026-08-27 12:15:37,600 | INFO  | [1948/3183] sz.000777 14笔分红 | 已用393s ETA249s
2026-08-27 12:15:37,601 | INFO  | [1949/3183] sz.000778 12笔分红 | 已用393s ETA249s
2026-08-27 12:15:37,601 | INFO  | [1950/3183] sz.000779 5笔分红 | 已用393s ETA248s
2026-08-27 12:15:37,601 | INFO  | [1951/3183] sz.000782 9笔分红 | 已用393s ETA248s
2026-08-27 12:15:37,601 | INFO  | [1952/3183] sz.000783 12笔分红 | 已用393s ETA248s
2026-08-27 12:15:37,831 | INFO  | [1953/3183] sz.000725 12笔分红 | 已用393s ETA248s
2026-08-27 12:15:37,832 | INFO  | [1954/3183] sz.000726 15笔分红 | 已用393s ETA247s
2026-08-27 12:15:37,832 | INFO  | [1955/3183] sz.000727 0笔分红 | 已用393s ETA247s
2026-08-27 12:15:37,832 | INFO  | [1956/3183] sz.000728 16笔分红 | 已用393s ETA247s
2026-08-27 12:15:37,833 | INFO  | [1957/3183] sz.000729 13笔分红 | 已用393s ETA246s
2026-08-27 12:15:37,833 | INFO  | [1958/3183] sz.000731 9笔分红 | 已用393s ETA246s
2026-08-27 12:15:37,833 | INFO  | [1959/3183] sz.000733 12笔分红 | 已用393s ETA246s
2026-08-27 12:15:37,833 | INFO  | [1960/3183] sz.000735 8笔分红 | 已用393s ETA245s
2026-08-27 12:15:40,576 | INFO  | [1961/3183] sz.000816 3笔分红 | 已用396s ETA247s
2026-08-27 12:15:40,577 | INFO  | [1962/3183] sz.000818 9笔分红 | 已用396s ETA246s
2026-08-27 12:15:40,577 | INFO  | [1963/3183] sz.000819 8笔分红 | 已用396s ETA246s
2026-08-27 12:15:40,577 | INFO  | [1964/3183] sz.000820 0笔分红 | 已用396s ETA246s
2026-08-27 12:15:40,577 | INFO  | [1965/3183] sz.000821 6笔分红 | 已用396s ETA245s
2026-08-27 12:15:40,578 | INFO  | [1966/3183] sz.000822 7笔分红 | 已用396s ETA245s
2026-08-27 12:15:40,578 | INFO  | [1967/3183] sz.000823 12笔分红 | 已用396s ETA245s
2026-08-27 12:15:40,578 | INFO  | [1968/3183] sz.000825 9笔分红 | 已用396s ETA244s
2026-08-27 12:15:42,791 | INFO  | [1969/3183] sz.000785 7笔分红 | 已用398s ETA245s
2026-08-27 12:15:42,791 | INFO  | [1970/3183] sz.000786 12笔分红 | 已用398s ETA245s
2026-08-27 12:15:42,791 | INFO  | [1971/3183] sz.000788 8笔分红 | 已用398s ETA245s
2026-08-27 12:15:42,791 | INFO  | [1972/3183] sz.000789 12笔分红 | 已用398s ETA245s
2026-08-27 12:15:42,792 | INFO  | [1973/3183] sz.000790 8笔分红 | 已用398s ETA244s
2026-08-27 12:15:42,792 | INFO  | [1974/3183] sz.000791 12笔分红 | 已用398s ETA244s
2026-08-27 12:15:42,793 | INFO  | [1975/3183] sz.000792 3笔分红 | 已用398s ETA244s
2026-08-27 12:15:42,793 | INFO  | [1976/3183] sz.000793 4笔分红 | 已用398s ETA243s
2026-08-27 12:15:43,456 | INFO  | [1977/3183] sz.000795 5笔分红 | 已用399s ETA243s
2026-08-27 12:15:43,457 | INFO  | [1978/3183] sz.000796 1笔分红 | 已用399s ETA243s
2026-08-27 12:15:43,457 | INFO  | [1979/3183] sz.000797 9笔分红 | 已用399s ETA243s
2026-08-27 12:15:43,457 | INFO  | [1980/3183] sz.000798 1笔分红 | 已用399s ETA242s
2026-08-27 12:15:43,458 | INFO  | [1981/3183] sz.000799 10笔分红 | 已用399s ETA242s
2026-08-27 12:15:43,458 | INFO  | [1982/3183] sz.000800 9笔分红 | 已用399s ETA242s
2026-08-27 12:15:43,458 | INFO  | [1983/3183] sz.000801 11笔分红 | 已用399s ETA241s
2026-08-27 12:15:43,458 | INFO  | [1984/3183] sz.000802 4笔分红 | 已用399s ETA241s
2026-08-27 12:15:43,551 | INFO  | [1985/3183] sz.000803 0笔分红 | 已用399s ETA241s
2026-08-27 12:15:43,552 | INFO  | [1986/3183] sz.000807 8笔分红 | 已用399s ETA240s
2026-08-27 12:15:43,552 | INFO  | [1987/3183] sz.000809 1笔分红 | 已用399s ETA240s
2026-08-27 12:15:43,552 | INFO  | [1988/3183] sz.000810 12笔分红 | 已用399s ETA240s
2026-08-27 12:15:43,552 | INFO  | [1989/3183] sz.000811 13笔分红 | 已用399s ETA239s
2026-08-27 12:15:43,552 | INFO  | [1990/3183] sz.000812 7笔分红 | 已用399s ETA239s
2026-08-27 12:15:43,553 | INFO  | [1991/3183] sz.000813 2笔分红 | 已用399s ETA239s
2026-08-27 12:15:43,553 | INFO  | [1992/3183] sz.000815 0笔分红 | 已用399s ETA239s
2026-08-27 12:15:45,281 | INFO  | [1993/3183] sz.000826 5笔分红 | 已用401s ETA239s
2026-08-27 12:15:45,282 | INFO  | [1994/3183] sz.000828 14笔分红 | 已用401s ETA239s
2026-08-27 12:15:45,282 | INFO  | [1995/3183] sz.000829 7笔分红 | 已用401s ETA239s
2026-08-27 12:15:45,282 | INFO  | [1996/3183] sz.000830 10笔分红 | 已用401s ETA238s
2026-08-27 12:15:45,282 | INFO  | [1997/3183] sz.000831 5笔分红 | 已用401s ETA238s
2026-08-27 12:15:45,282 | INFO  | [1998/3183] sz.000833 10笔分红 | 已用401s ETA238s
2026-08-27 12:15:45,283 | INFO  | [1999/3183] sz.000837 2笔分红 | 已用401s ETA237s
2026-08-27 12:15:45,283 | INFO  | [2000/3183] sz.000838 7笔分红 | 已用401s ETA237s
2026-08-27 12:15:49,817 | INFO  | [2001/3183] sz.000862 0笔分红 | 已用405s ETA239s
2026-08-27 12:15:49,818 | INFO  | [2002/3183] sz.000863 8笔分红 | 已用405s ETA239s
2026-08-27 12:15:49,819 | INFO  | [2003/3183] sz.000868 1笔分红 | 已用405s ETA239s
2026-08-27 12:15:49,819 | INFO  | [2004/3183] sz.000869 13笔分红 | 已用405s ETA238s
2026-08-27 12:15:49,819 | INFO  | [2005/3183] sz.000875 6笔分红 | 已用405s ETA238s
2026-08-27 12:15:49,819 | INFO  | [2006/3183] sz.000876 7笔分红 | 已用405s ETA238s
2026-08-27 12:15:49,820 | INFO  | [2007/3183] sz.000877 10笔分红 | 已用405s ETA237s
2026-08-27 12:15:49,820 | INFO  | [2008/3183] sz.000878 7笔分红 | 已用405s ETA237s
WARNING:root:登录失败(10002007)，60s 后重试
WARNING:root:登录失败(10002007)，60s 后重试
2026-08-27 12:15:50,804 | INFO  | [2009/3183] sz.000900 12笔分红 | 已用406s ETA237s
2026-08-27 12:15:50,804 | INFO  | [2010/3183] sz.000901 6笔分红 | 已用406s ETA237s
2026-08-27 12:15:50,804 | INFO  | [2011/3183] sz.000902 12笔分红 | 已用406s ETA237s
2026-08-27 12:15:50,805 | INFO  | [2012/3183] sz.000903 10笔分红 | 已用406s ETA236s
2026-08-27 12:15:50,805 | INFO  | [2013/3183] sz.000905 15笔分红 | 已用406s ETA236s
2026-08-27 12:15:50,805 | INFO  | [2014/3183] sz.000906 12笔分红 | 已用406s ETA236s
2026-08-27 12:15:50,805 | INFO  | [2015/3183] sz.000908 2笔分红 | 已用406s ETA235s
2026-08-27 12:15:50,806 | INFO  | [2016/3183] sz.000909 4笔分红 | 已用406s ETA235s
2026-08-27 12:15:51,647 | INFO  | [2017/3183] sz.000889 5笔分红 | 已用407s ETA235s
2026-08-27 12:15:51,648 | INFO  | [2018/3183] sz.000890 2笔分红 | 已用407s ETA235s
2026-08-27 12:15:51,648 | INFO  | [2019/3183] sz.000892 0笔分红 | 已用407s ETA235s
2026-08-27 12:15:51,648 | INFO  | [2020/3183] sz.000893 1笔分红 | 已用407s ETA234s
2026-08-27 12:15:51,649 | INFO  | [2021/3183] sz.000895 19笔分红 | 已用407s ETA234s
2026-08-27 12:15:51,649 | INFO  | [2022/3183] sz.000897 1笔分红 | 已用407s ETA234s
2026-08-27 12:15:51,649 | INFO  | [2023/3183] sz.000898 8笔分红 | 已用407s ETA233s
2026-08-27 12:15:51,649 | INFO  | [2024/3183] sz.000899 9笔分红 | 已用407s ETA233s
2026-08-27 12:15:52,852 | INFO  | [2025/3183] sz.000839 4笔分红 | 已用408s ETA233s
2026-08-27 12:15:52,852 | INFO  | [2026/3183] sz.000848 11笔分红 | 已用408s ETA233s
2026-08-27 12:15:52,853 | INFO  | [2027/3183] sz.000850 12笔分红 | 已用408s ETA233s
2026-08-27 12:15:52,853 | INFO  | [2028/3183] sz.000852 0笔分红 | 已用408s ETA233s
2026-08-27 12:15:52,853 | INFO  | [2029/3183] sz.000856 1笔分红 | 已用408s ETA232s
2026-08-27 12:15:52,853 | INFO  | [2030/3183] sz.000858 14笔分红 | 已用408s ETA232s
2026-08-27 12:15:52,853 | INFO  | [2031/3183] sz.000859 7笔分红 | 已用408s ETA232s
2026-08-27 12:15:52,853 | INFO  | [2032/3183] sz.000860 9笔分红 | 已用408s ETA231s
2026-08-27 12:15:54,540 | INFO  | [2033/3183] sz.000880 12笔分红 | 已用410s ETA232s
2026-08-27 12:15:54,540 | INFO  | [2034/3183] sz.000881 7笔分红 | 已用410s ETA232s
2026-08-27 12:15:54,540 | INFO  | [2035/3183] sz.000882 7笔分红 | 已用410s ETA231s
2026-08-27 12:15:54,540 | INFO  | [2036/3183] sz.000883 13笔分红 | 已用410s ETA231s
2026-08-27 12:15:54,541 | INFO  | [2037/3183] sz.000885 12笔分红 | 已用410s ETA231s
2026-08-27 12:15:54,541 | INFO  | [2038/3183] sz.000886 8笔分红 | 已用410s ETA230s
2026-08-27 12:15:54,541 | INFO  | [2039/3183] sz.000887 14笔分红 | 已用410s ETA230s
2026-08-27 12:15:54,541 | INFO  | [2040/3183] sz.000888 11笔分红 | 已用410s ETA230s
2026-08-27 12:15:57,149 | INFO  | [2041/3183] sz.000921 11笔分红 | 已用413s ETA231s
2026-08-27 12:15:57,150 | INFO  | [2042/3183] sz.000922 7笔分红 | 已用413s ETA231s
2026-08-27 12:15:57,150 | INFO  | [2043/3183] sz.000923 8笔分红 | 已用413s ETA230s
2026-08-27 12:15:57,150 | INFO  | [2044/3183] sz.000925 3笔分红 | 已用413s ETA230s
2026-08-27 12:15:57,151 | INFO  | [2045/3183] sz.000926 9笔分红 | 已用413s ETA230s
2026-08-27 12:15:57,151 | INFO  | [2046/3183] sz.000927 3笔分红 | 已用413s ETA229s
2026-08-27 12:15:57,151 | INFO  | [2047/3183] sz.000928 12笔分红 | 已用413s ETA229s
2026-08-27 12:15:57,151 | INFO  | [2048/3183] sz.000929 1笔分红 | 已用413s ETA229s
2026-08-27 12:15:57,196 | INFO  | [2049/3183] sz.000910 12笔分红 | 已用413s ETA228s
2026-08-27 12:15:57,196 | INFO  | [2050/3183] sz.000911 0笔分红 | 已用413s ETA228s
2026-08-27 12:15:57,196 | INFO  | [2051/3183] sz.000912 0笔分红 | 已用413s ETA228s
2026-08-27 12:15:57,197 | INFO  | [2052/3183] sz.000913 8笔分红 | 已用413s ETA227s
2026-08-27 12:15:57,197 | INFO  | [2053/3183] sz.000915 14笔分红 | 已用413s ETA227s
2026-08-27 12:15:57,197 | INFO  | [2054/3183] sz.000917 10笔分红 | 已用413s ETA227s
2026-08-27 12:15:57,197 | INFO  | [2055/3183] sz.000919 12笔分红 | 已用413s ETA226s
2026-08-27 12:15:57,198 | INFO  | [2056/3183] sz.000920 13笔分红 | 已用413s ETA226s
2026-08-27 12:15:57,867 | INFO  | [2057/3183] sz.000930 7笔分红 | 已用413s ETA226s
2026-08-27 12:15:57,868 | INFO  | [2058/3183] sz.000931 1笔分红 | 已用413s ETA226s
2026-08-27 12:15:57,868 | INFO  | [2059/3183] sz.000932 7笔分红 | 已用413s ETA226s
2026-08-27 12:15:57,868 | INFO  | [2060/3183] sz.000933 11笔分红 | 已用413s ETA225s
2026-08-27 12:15:57,869 | INFO  | [2061/3183] sz.000935 6笔分红 | 已用413s ETA225s
2026-08-27 12:15:57,869 | INFO  | [2062/3183] sz.000936 14笔分红 | 已用413s ETA225s
2026-08-27 12:15:57,869 | INFO  | [2063/3183] sz.000937 13笔分红 | 已用413s ETA224s
2026-08-27 12:15:57,869 | INFO  | [2064/3183] sz.000938 11笔分红 | 已用413s ETA224s
2026-08-27 12:15:58,338 | INFO  | [2065/3183] sz.000948 12笔分红 | 已用414s ETA224s
2026-08-27 12:15:58,338 | INFO  | [2066/3183] sz.000949 10笔分红 | 已用414s ETA224s
2026-08-27 12:15:58,338 | INFO  | [2067/3183] sz.000950 9笔分红 | 已用414s ETA223s
2026-08-27 12:15:58,338 | INFO  | [2068/3183] sz.000951 14笔分红 | 已用414s ETA223s
2026-08-27 12:15:58,339 | INFO  | [2069/3183] sz.000952 4笔分红 | 已用414s ETA223s
2026-08-27 12:15:58,339 | INFO  | [2070/3183] sz.000953 0笔分红 | 已用414s ETA222s
2026-08-27 12:15:58,340 | INFO  | [2071/3183] sz.000955 0笔分红 | 已用414s ETA222s
2026-08-27 12:15:58,340 | INFO  | [2072/3183] sz.000957 8笔分红 | 已用414s ETA222s
2026-08-27 12:16:00,866 | INFO  | [2073/3183] sz.000968 8笔分红 | 已用416s ETA223s
2026-08-27 12:16:00,867 | INFO  | [2074/3183] sz.000969 6笔分红 | 已用416s ETA223s
2026-08-27 12:16:00,867 | INFO  | [2075/3183] sz.000970 12笔分红 | 已用416s ETA222s
2026-08-27 12:16:00,867 | INFO  | [2076/3183] sz.000972 0笔分红 | 已用416s ETA222s
2026-08-27 12:16:00,868 | INFO  | [2077/3183] sz.000973 10笔分红 | 已用416s ETA222s
2026-08-27 12:16:00,868 | INFO  | [2078/3183] sz.000975 11笔分红 | 已用416s ETA221s
2026-08-27 12:16:00,868 | INFO  | [2079/3183] sz.000977 13笔分红 | 已用416s ETA221s
2026-08-27 12:16:00,868 | INFO  | [2080/3183] sz.000978 5笔分红 | 已用416s ETA221s
2026-08-27 12:16:03,769 | INFO  | [2081/3183] sz.000993 3笔分红 | 已用419s ETA222s
2026-08-27 12:16:03,769 | INFO  | [2082/3183] sz.000995 0笔分红 | 已用419s ETA222s
2026-08-27 12:16:03,769 | INFO  | [2083/3183] sz.000997 12笔分红 | 已用419s ETA221s
2026-08-27 12:16:03,770 | INFO  | [2084/3183] sz.000998 8笔分红 | 已用419s ETA221s
2026-08-27 12:16:03,770 | INFO  | [2085/3183] sz.000999 14笔分红 | 已用419s ETA221s
2026-08-27 12:16:03,770 | INFO  | [2086/3183] sz.001201 2笔分红 | 已用419s ETA220s
2026-08-27 12:16:03,771 | INFO  | [2087/3183] sz.001202 3笔分红 | 已用419s ETA220s
2026-08-27 12:16:03,771 | INFO  | [2088/3183] sz.001203 5笔分红 | 已用419s ETA220s
WARNING:root:sz.001231 第1次失败: error_code=10001011 msg=黑名单用户，请与管理员联系
WARNING:root:sz.001219 第1次失败: error_code=10001011 msg=黑名单用户，请与管理员联系
WARNING:root:sz.000989 第1次失败: error_code=10001011 msg=黑名单用户，请与管理员联系
WARNING:root:sz.000965 第1次失败: error_code=10001011 msg=黑名单用户，请与管理员联系
WARNING:root:sz.001227 第1次失败: error_code=10001011 msg=黑名单用户，请与管理员联系
WARNING:root:sz.001212 第1次失败: error_code=10001011 msg=黑名单用户，请与管理员联系
WARNING:root:登录失败(10001011)，15s 后重试
WARNING:root:登录失败(10001011)，15s 后重试
WARNING:root:登录失败(10001011)，15s 后重试
WARNING:root:登录失败(10001011)，15s 后重试
WARNING:root:登录失败(10001011)，15s 后重试
WARNING:root:登录失败(10001011)，15s 后重试
WARNING:root:登录失败(10001011)，30s 后重试
WARNING:root:登录失败(10001011)，30s 后重试
WARNING:root:登录失败(10001011)，30s 后重试
WARNING:root:登录失败(10001011)，30s 后重试
WARNING:root:登录失败(10001011)，30s 后重试
WARNING:root:登录失败(10001011)，30s 后重试
WARNING:root:登录失败(10001011)，60s 后重试
WARNING:root:登录失败(10002007)，60s 后重试
WARNING:root:登录失败(10002007)，45s 后重试
WARNING:root:登录失败(10002007)，45s 后重试
WARNING:root:登录失败(10002007)，45s 后重试
WARNING:root:登录失败(10002007)，45s 后重试
WARNING:root:登录失败(10002007)，45s 后重试
WARNING:root:登录失败(10002007)，45s 后重试
WARNING:root:登录失败(10001011)，15s 后重试
WARNING:root:登录失败(10001011)，30s 后重试
WARNING:root:登录失败(10001011)，60s 后重试
WARNING:root:登录失败(10001011)，60s 后重试
WARNING:root:登录失败(10001011)，60s 后重试
WARNING:root:登录失败(10001011)，60s 后重试
WARNING:root:登录失败(10001011)，60s 后重试
WARNING:root:登录失败(10001011)，60s 后重试
WARNING:root:登录失败(10001011)，60s 后重试
WARNING:root:登录失败(10001011)，60s 后重试
WARNING:root:登录失败(10002007)，45s 后重试
WARNING:root:登录失败(10001011)，60s 后重试
WARNING:root:登录失败(10001011)，60s 后重试
WARNING:root:登录失败(10001011)，60s 后重试
WARNING:root:登录失败(10001011)，60s 后重试
WARNING:root:登录失败(10002007)，15s 后重试
WARNING:root:登录失败(10001011)，30s 后重试
WARNING:root:登录失败(10001011)，60s 后重试
WARNING:root:登录失败(10001011)，60s 后重试
WARNING:root:登录失败(10001011)，60s 后重试
WARNING:root:登录失败(10001011)，60s 后重试
WARNING:root:登录失败(10002007)，60s 后重试
WARNING:root:登录失败(10002007)，45s 后重试
WARNING:root:登录失败(10002007)，60s 后重试
WARNING:root:登录失败(10002007)，60s 后重试
WARNING:root:sz.000989 重登失败
WARNING:root:sz.000989 第2次失败: error_code=10001011 msg=黑名单用户，请与管理员联系
WARNING:root:sz.001231 重登失败
WARNING:root:sz.001231 第2次失败: error_code=10001011 msg=黑名单用户，请与管理员联系
WARNING:root:sz.001219 重登失败
WARNING:root:sz.001219 第2次失败: error_code=10001011 msg=黑名单用户，请与管理员联系
WARNING:root:sz.000965 重登失败
WARNING:root:sz.000965 第2次失败: error_code=10001011 msg=黑名单用户，请与管理员联系
WARNING:root:登录失败(10001011)，15s 后重试
WARNING:root:登录失败(10001011)，15s 后重试
WARNING:root:登录失败(10001011)，15s 后重试
WARNING:root:登录失败(10001011)，15s 后重试
WARNING:root:登录失败(10001011)，60s 后重试
WARNING:root:登录失败(10001011)，30s 后重试
WARNING:root:登录失败(10001011)，30s 后重试
WARNING:root:登录失败(10001011)，60s 后重试
WARNING:root:登录失败(10001011)，30s 后重试
WARNING:root:登录失败(10001011)，30s 后重试
WARNING:root:sz.001212 重登失败
WARNING:root:sz.001227 重登失败
WARNING:root:登录失败(10001011)，45s 后重试
WARNING:root:登录失败(10001011)，45s 后重试
WARNING:root:登录失败(10001011)，45s 后重试
WARNING:root:登录失败(10001011)，45s 后重试
WARNING:root:sz.001212 第2次失败: error_code=10002007 msg=网络接收错误。
WARNING:root:sz.001227 第2次失败: error_code=10002007 msg=网络接收错误。
WARNING:root:登录失败(10001011)，60s 后重试
WARNING:root:登录失败(10001011)，60s 后重试
WARNING:root:登录失败(10001011)，60s 后重试
WARNING:root:登录失败(10001011)，60s 后重试
WARNING:root:登录失败(10001011)，60s 后重试
WARNING:root:登录失败(10001011)，60s 后重试
WARNING:root:登录失败(10001011)，15s 后重试
WARNING:root:登录失败(10001011)，15s 后重试
WARNING:root:登录失败(10001011)，60s 后重试
WARNING:root:登录失败(10002007)，15s 后重试
WARNING:root:登录失败(10001011)，60s 后重试
WARNING:root:登录失败(10001011)，60s 后重试
WARNING:root:登录失败(10001011)，30s 后重试
WARNING:root:登录失败(10001011)，60s 后重试
WARNING:root:登录失败(10001011)，60s 后重试
WARNING:root:登录失败(10002007)，30s 后重试
WARNING:root:登录失败(10001011)，30s 后重试
WARNING:root:登录失败(10001011)，15s 后重试
WARNING:root:登录失败(10001011)，45s 后重试
WARNING:root:登录失败(10001011)，60s 后重试
WARNING:root:登录失败(10001011)，60s 后重试
WARNING:root:登录失败(10001011)，60s 后重试
WARNING:root:登录失败(10001011)，30s 后重试
WARNING:root:登录失败(10001011)，60s 后重试
WARNING:root:登录失败(10002007)，45s 后重试
WARNING:root:登录失败(10002007)，45s 后重试
WARNING:root:登录失败(10001011)，45s 后重试
WARNING:root:登录失败(10001011)，60s 后重试
WARNING:root:sz.000965 重登失败
WARNING:root:sz.000989 重登失败
WARNING:root:sz.000965 第3次失败: error_code=10001011 msg=黑名单用户，请与管理员联系
WARNING:root:sz.000989 第3次失败: error_code=10001011 msg=黑名单用户，请与管理员联系
WARNING:root:sz.001231 重登失败
WARNING:root:登录失败(10001011)，60s 后重试
WARNING:root:sz.001231 第3次失败: error_code=10001011 msg=黑名单用户，请与管理员联系
WARNING:root:sz.001219 重登失败
WARNING:root:sz.001219 第3次失败: error_code=10001011 msg=黑名单用户，请与管理员联系
WARNING:root:登录失败(10001011)，15s 后重试
WARNING:root:登录失败(10001011)，15s 后重试
WARNING:root:登录失败(10001011)，15s 后重试
WARNING:root:登录失败(10001011)，15s 后重试
WARNING:root:登录失败(10001011)，30s 后重试
WARNING:root:登录失败(10001011)，60s 后重试
WARNING:root:登录失败(10001011)，60s 后重试
WARNING:root:登录失败(10002007)，60s 后重试
WARNING:root:登录失败(10002007)，60s 后重试
WARNING:root:登录失败(10002007)，30s 后重试
WARNING:root:登录失败(10001011)，45s 后重试
WARNING:root:登录失败(10002007)，30s 后重试
WARNING:root:登录失败(10002007)，30s 后重试
WARNING:root:登录失败(10001011)，45s 后重试
WARNING:root:登录失败(10001011)，45s 后重试
WARNING:root:登录失败(10001011)，60s 后重试
WARNING:root:登录失败(10001011)，45s 后重试
WARNING:root:登录失败(10001011)，60s 后重试
WARNING:root:登录失败(10001011)，60s 后重试
WARNING:root:登录失败(10001011)，60s 后重试
WARNING:root:sz.001212 重登失败
WARNING:root:sz.001212 第3次失败: error_code=10001011 msg=黑名单用户，请与管理员联系
WARNING:root:登录失败(10001011)，60s 后重试
WARNING:root:登录失败(10001011)，15s 后重试
WARNING:root:登录失败(10001011)，60s 后重试
WARNING:root:登录失败(10002007)，60s 后重试
WARNING:root:登录失败(10001011)，15s 后重试
WARNING:root:登录失败(10001011)，30s 后重试
WARNING:root:登录失败(10001011)，60s 后重试
WARNING:root:登录失败(10001011)，30s 后重试
WARNING:root:登录失败(10002007)，60s 后重试
WARNING:root:登录失败(10002007)，60s 后重试
WARNING:root:登录失败(10001011)，45s 后重试
WARNING:root:登录失败(10001011)，45s 后重试
WARNING:root:登录失败(10001011)，60s 后重试
WARNING:root:登录失败(10001011)，60s 后重试
WARNING:root:登录失败(10001011)，60s 后重试
WARNING:root:sz.001227 重登失败
WARNING:root:sz.001227 第3次失败: error_code=10001011 msg=黑名单用户，请与管理员联系
WARNING:root:登录失败(10001011)，15s 后重试
WARNING:root:登录失败(10001011)，60s 后重试
WARNING:root:登录失败(10001011)，30s 后重试
WARNING:root:登录失败(10001011)，60s 后重试
WARNING:root:登录失败(10001011)，60s 后重试
WARNING:root:sz.001231 重登失败
WARNING:root:sz.001231 第4次失败: error_code=10001011 msg=黑名单用户，请与管理员联系
WARNING:root:登录失败(10001011)，15s 后重试
WARNING:root:登录失败(10001011)，15s 后重试
WARNING:root:登录失败(10002007)，60s 后重试
WARNING:root:登录失败(10002007)，60s 后重试
WARNING:root:登录失败(10001011)，45s 后重试
WARNING:root:登录失败(10001011)，30s 后重试
WARNING:root:登录失败(10001011)，60s 后重试
WARNING:root:登录失败(10001011)，30s 后重试
WARNING:root:登录失败(10001011)，45s 后重试
WARNING:root:登录失败(10001011)，60s 后重试
WARNING:root:sz.001219 重登失败
WARNING:root:sz.001219 第4次失败: error_code=10001011 msg=黑名单用户，请与管理员联系
WARNING:root:登录失败(10001011)，45s 后重试
WARNING:root:登录失败(10001011)，15s 后重试
WARNING:root:登录失败(10001011)，60s 后重试
WARNING:root:登录失败(10001011)，60s 后重试
WARNING:root:sz.000989 重登失败
WARNING:root:sz.000989 第4次失败: error_code=10001011 msg=黑名单用户，请与管理员联系
WARNING:root:登录失败(10001011)，15s 后重试
WARNING:root:登录失败(10001011)，60s 后重试
WARNING:root:登录失败(10001011)，60s 后重试
WARNING:root:登录失败(10001011)，30s 后重试
WARNING:root:登录失败(10001011)，60s 后重试
WARNING:root:登录失败(10001011)，60s 后重试
WARNING:root:登录失败(10002007)，60s 后重试
WARNING:root:登录失败(10002007)，30s 后重试
WARNING:root:sz.000965 重登失败
WARNING:root:sz.000965 第4次失败: error_code=10001011 msg=黑名单用户，请与管理员联系
WARNING:root:登录失败(10001011)，45s 后重试
WARNING:root:登录失败(10001011)，15s 后重试
WARNING:root:登录失败(10001011)，45s 后重试
WARNING:root:登录失败(10001011)，60s 后重试
WARNING:root:登录失败(10001011)，60s 后重试
WARNING:root:登录失败(10001011)，60s 后重试
WARNING:root:登录失败(10001011)，15s 后重试
WARNING:root:登录失败(10001011)，30s 后重试
WARNING:root:登录失败(10001011)，60s 后重试
WARNING:root:登录失败(10002007)，30s 后重试
WARNING:root:登录失败(10002007)，60s 后重试
WARNING:root:登录失败(10002007)，60s 后重试
WARNING:root:登录失败(10001011)，45s 后重试
WARNING:root:登录失败(10001011)，45s 后重试
WARNING:root:sz.001227 重登失败
WARNING:root:sz.001227 第4次失败: error_code=10001011 msg=黑名单用户，请与管理员联系
WARNING:root:登录失败(10001011)，60s 后重试
WARNING:root:sz.001212 重登失败
WARNING:root:sz.001212 第4次失败: error_code=10001011 msg=黑名单用户，请与管理员联系
WARNING:root:登录失败(10001011)，15s 后重试
WARNING:root:登录失败(10001011)，15s 后重试
WARNING:root:登录失败(10001011)，60s 后重试
WARNING:root:登录失败(10001011)，30s 后重试
WARNING:root:登录失败(10001011)，30s 后重试
WARNING:root:登录失败(10001011)，60s 后重试
WARNING:root:登录失败(10001011)，45s 后重试
WARNING:root:登录失败(10001011)，60s 后重试
WARNING:root:登录失败(10001011)，45s 后重试
WARNING:root:登录失败(10001011)，60s 后重试
WARNING:root:登录失败(10001011)，60s 后重试
WARNING:root:登录失败(10002007)，60s 后重试
WARNING:root:登录失败(10002007)，60s 后重试
WARNING:root:登录失败(10001011)，15s 后重试
WARNING:root:登录失败(10001011)，60s 后重试
WARNING:root:登录失败(10001011)，60s 后重试
WARNING:root:登录失败(10001011)，30s 后重试
WARNING:root:登录失败(10001011)，60s 后重试
WARNING:root:sz.000989 重登失败
WARNING:root:sz.000989 第5次失败: error_code=10001011 msg=黑名单用户，请与管理员联系
WARNING:root:登录失败(10001011)，15s 后重试
WARNING:root:登录失败(10001011)，45s 后重试
WARNING:root:sz.001219 重登失败
WARNING:root:sz.001219 第5次失败: error_code=10001011 msg=黑名单用户，请与管理员联系
WARNING:root:sz.001231 重登失败
WARNING:root:登录失败(10001011)，60s 后重试
WARNING:root:登录失败(10001011)，15s 后重试
WARNING:root:登录失败(10001011)，30s 后重试
WARNING:root:登录失败(10001011)，60s 后重试
WARNING:root:sz.001231 第5次失败: error_code=10002007 msg=网络接收错误。
WARNING:root:登录失败(10001011)，60s 后重试
WARNING:root:登录失败(10001011)，60s 后重试
WARNING:root:登录失败(10001011)，60s 后重试
WARNING:root:登录失败(10002007)，30s 后重试
WARNING:root:登录失败(10001011)，45s 后重试
WARNING:root:登录失败(10001011)，60s 后重试
WARNING:root:登录失败(10001011)，15s 后重试
WARNING:root:sz.000965 重登失败
WARNING:root:sz.000965 第5次失败: error_code=10001011 msg=黑名单用户，请与管理员联系
WARNING:root:登录失败(10001011)，60s 后重试
WARNING:root:登录失败(10001011)，15s 后重试
WARNING:root:登录失败(10001011)，60s 后重试
WARNING:root:登录失败(10001011)，30s 后重试
WARNING:root:登录失败(10001011)，15s 后重试
WARNING:root:登录失败(10002007)，30s 后重试
WARNING:root:登录失败(10002007)，45s 后重试
WARNING:root:登录失败(10002007)，60s 后重试
WARNING:root:登录失败(10001011)，30s 后重试
WARNING:root:登录失败(10002007)，60s 后重试
WARNING:root:登录失败(10001011)，45s 后重试
WARNING:root:登录失败(10001011)，45s 后重试
WARNING:root:登录失败(10001011)，60s 后重试
WARNING:root:登录失败(10001011)，60s 后重试
WARNING:root:登录失败(10001011)，45s 后重试
WARNING:root:登录失败(10001011)，60s 后重试
WARNING:root:sz.001227 重登失败
WARNING:root:登录失败(10001011)，60s 后重试
WARNING:root:sz.001212 重登失败
WARNING:root:登录失败(10001011)，60s 后重试
WARNING:root:登录失败(10001011)，60s 后重试
WARNING:root:登录失败(10001011)，15s 后重试
WARNING:root:sz.001227 第5次失败: error_code=10002007 msg=网络接收错误。
WARNING:root:登录失败(10001011)，60s 后重试
WARNING:root:sz.001212 第5次失败: error_code=10002007 msg=网络接收错误。
WARNING:root:登录失败(10001011)，60s 后重试
WARNING:root:登录失败(10001011)，30s 后重试
WARNING:root:登录失败(10001011)，60s 后重试
WARNING:root:登录失败(10001011)，15s 后重试
WARNING:root:sz.001219 重登失败
WARNING:root:sz.001220 第1次失败: error_code=10001011 msg=黑名单用户，请与管理员联系
WARNING:root:登录失败(10001011)，15s 后重试
WARNING:root:登录失败(10001011)，30s 后重试
WARNING:root:登录失败(10001011)，60s 后重试
WARNING:root:登录失败(10001011)，30s 后重试
WARNING:root:登录失败(10001011)，60s 后重试
WARNING:root:登录失败(10002007)，60s 后重试
WARNING:root:登录失败(10002007)，15s 后重试
WARNING:root:登录失败(10002007)，45s 后重试
WARNING:root:登录失败(10002007)，60s 后重试
WARNING:root:登录失败(10001011)，45s 后重试
WARNING:root:登录失败(10001011)，30s 后重试
WARNING:root:登录失败(10001011)，45s 后重试
WARNING:root:sz.000989 重登失败
WARNING:root:sz.000990 第1次失败: error_code=10001011 msg=黑名单用户，请与管理员联系
WARNING:root:登录失败(10001011)，15s 后重试
WARNING:root:登录失败(10001011)，45s 后重试
WARNING:root:登录失败(10001011)，60s 后重试
WARNING:root:登录失败(10001011)，60s 后重试
WARNING:root:sz.000965 重登失败
WARNING:root:sz.000966 第1次失败: error_code=10001011 msg=黑名单用户，请与管理员联系
WARNING:root:登录失败(10001011)，30s 后重试
WARNING:root:登录失败(10001011)，15s 后重试
WARNING:root:登录失败(10001011)，60s 后重试
WARNING:root:登录失败(10001011)，45s 后重试
WARNING:root:登录失败(10001011)，30s 后重试
WARNING:root:登录失败(10001011)，60s 后重试
WARNING:root:登录失败(10001011)，60s 后重试
WARNING:root:登录失败(10002007)，60s 后重试
WARNING:root:登录失败(10001011)，60s 后重试
WARNING:root:登录失败(10002007)，60s 后重试
WARNING:root:sz.001231 重登失败
WARNING:root:sz.001232 第1次失败: error_code=10001011 msg=黑名单用户，请与管理员联系
WARNING:root:登录失败(10001011)，45s 后重试
WARNING:root:登录失败(10001011)，15s 后重试
WARNING:root:登录失败(10001011)，60s 后重试
WARNING:root:登录失败(10001011)，30s 后重试
WARNING:root:登录失败(10001011)，60s 后重试
WARNING:root:登录失败(10001011)，60s 后重试
WARNING:root:登录失败(10001011)，45s 后重试
WARNING:root:登录失败(10001011)，60s 后重试
WARNING:root:登录失败(10001011)，60s 后重试
WARNING:root:登录失败(10001011)，60s 后重试
WARNING:root:登录失败(10001011)，60s 后重试
WARNING:root:登录失败(10002007)，60s 后重试
WARNING:root:登录失败(10002007)，60s 后重试
WARNING:root:登录失败(10001011)，60s 后重试
WARNING:root:登录失败(10002007)，15s 后重试
WARNING:root:登录失败(10001011)，15s 后重试
WARNING:root:登录失败(10001011)，30s 后重试
WARNING:root:登录失败(10001011)，30s 后重试
WARNING:root:登录失败(10001011)，60s 后重试
WARNING:root:sz.001212 重登失败
2026-08-27 12:47:40,151 | INFO  | [2089/3183] sz.001205 5笔分红 | 已用2316s ETA1213s
2026-08-27 12:47:40,151 | INFO  | [2090/3183] sz.001206 11笔分红 | 已用2316s ETA1211s
2026-08-27 12:47:40,151 | INFO  | [2091/3183] sz.001207 7笔分红 | 已用2316s ETA1209s
2026-08-27 12:47:40,151 | INFO  | [2092/3183] sz.001208 6笔分红 | 已用2316s ETA1208s
2026-08-27 12:47:40,151 | INFO  | [2093/3183] sz.001209 5笔分红 | 已用2316s ETA1206s
2026-08-27 12:47:40,151 | INFO  | [2094/3183] sz.001210 7笔分红 | 已用2316s ETA1204s
2026-08-27 12:47:40,152 | INFO  | [2095/3183] sz.001211 3笔分红 | 已用2316s ETA1203s
2026-08-27 12:47:40,152 | ERROR | [2096/3183] sz.001212 失败: sz.001212 下载失败(重试5次): error_code=10002007 msg=网络接收错误。
WARNING:root:sz.001282 第1次失败: error_code=10001011 msg=黑名单用户，请与管理员联系
WARNING:root:登录失败(10001011)，60s 后重试
WARNING:root:登录失败(10001011)，45s 后重试
WARNING:root:登录失败(10001011)，45s 后重试
WARNING:root:登录失败(10001011)，15s 后重试
WARNING:root:登录失败(10001011)，60s 后重试
WARNING:root:sz.001227 重登失败
WARNING:root:sz.001228 第1次失败: error_code=10002007 msg=网络接收错误。
WARNING:root:sz.000990 重登失败
WARNING:root:sz.000990 第2次失败: error_code=10001011 msg=黑名单用户，请与管理员联系
WARNING:root:登录失败(10001011)，15s 后重试
WARNING:root:登录失败(10001011)，60s 后重试
WARNING:root:登录失败(10001011)，60s 后重试
WARNING:root:登录失败(10001011)，60s 后重试
WARNING:root:登录失败(10001011)，30s 后重试
WARNING:root:登录失败(10002007)，60s 后重试
WARNING:root:登录失败(10002007)，30s 后重试
WARNING:root:sz.001220 重登失败
WARNING:root:sz.001220 第2次失败: error_code=10001011 msg=黑名单用户，请与管理员联系
WARNING:root:登录失败(10001011)，15s 后重试
WARNING:root:登录失败(10001011)，15s 后重试
WARNING:root:登录失败(10001011)，30s 后重试
WARNING:root:登录失败(10001011)，45s 后重试
WARNING:root:登录失败(10001011)，30s 后重试
WARNING:root:登录失败(10001011)，45s 后重试
WARNING:root:sz.001232 重登失败
WARNING:root:sz.001232 第2次失败: error_code=10001011 msg=黑名单用户，请与管理员联系
WARNING:root:登录失败(10001011)，45s 后重试
WARNING:root:sz.000966 重登失败
WARNING:root:登录失败(10001011)，15s 后重试
WARNING:root:登录失败(10001011)，45s 后重试
WARNING:root:登录失败(10001011)，60s 后重试
WARNING:root:登录失败(10001011)，30s 后重试
WARNING:root:登录失败(10001011)，60s 后重试
WARNING:root:sz.000966 第2次失败: error_code=10002007 msg=网络接收错误。
WARNING:root:登录失败(10002007)，60s 后重试
WARNING:root:登录失败(10002007)，60s 后重试
WARNING:root:登录失败(10001011)，60s 后重试
WARNING:root:登录失败(10001011)，45s 后重试
WARNING:root:登录失败(10001011)，60s 后重试
WARNING:root:登录失败(10001011)，15s 后重试
WARNING:root:登录失败(10001011)，60s 后重试
WARNING:root:登录失败(10001011)，60s 后重试
WARNING:root:登录失败(10001011)，30s 后重试
WARNING:root:登录失败(10001011)，60s 后重试
WARNING:root:登录失败(10001011)，60s 后重试
WARNING:root:登录失败(10001011)，60s 后重试
WARNING:root:登录失败(10001011)，60s 后重试
WARNING:root:登录失败(10001011)，60s 后重试
WARNING:root:登录失败(10002007)，60s 后重试
WARNING:root:登录失败(10001011)，60s 后重试
WARNING:root:登录失败(10001011)，15s 后重试
WARNING:root:登录失败(10002007)，60s 后重试
WARNING:root:登录失败(10002007)，45s 后重试
WARNING:root:登录失败(10001011)，30s 后重试
WARNING:root:登录失败(10001011)，60s 后重试
WARNING:root:sz.000990 重登失败
WARNING:root:sz.000990 第3次失败: error_code=10001011 msg=黑名单用户，请与管理员联系
WARNING:root:登录失败(10001011)，45s 后重试
WARNING:root:sz.001282 重登失败
WARNING:root:sz.001282 第2次失败: error_code=10001011 msg=黑名单用户，请与管理员联系
WARNING:root:登录失败(10001011)，15s 后重试
WARNING:root:登录失败(10001011)，15s 后重试
WARNING:root:登录失败(10001011)，60s 后重试
WARNING:root:登录失败(10001011)，15s 后重试
WARNING:root:登录失败(10001011)，30s 后重试
WARNING:root:登录失败(10001011)，30s 后重试
WARNING:root:登录失败(10001011)，60s 后重试
WARNING:root:sz.001228 重登失败
WARNING:root:sz.001228 第2次失败: error_code=10001011 msg=黑名单用户，请与管理员联系
WARNING:root:登录失败(10001011)，15s 后重试
WARNING:root:登录失败(10002007)，60s 后重试
WARNING:root:登录失败(10001011)，45s 后重试
WARNING:root:登录失败(10001011)，60s 后重试
WARNING:root:登录失败(10001011)，45s 后重试
WARNING:root:登录失败(10002007)，30s 后重试
WARNING:root:登录失败(10002007)，60s 后重试
WARNING:root:登录失败(10001011)，30s 后重试
WARNING:root:登录失败(10001011)，45s 后重试
WARNING:root:登录失败(10001011)，45s 后重试
WARNING:root:登录失败(10001011)，60s 后重试
WARNING:root:登录失败(10001011)，60s 后重试
WARNING:root:登录失败(10001011)，60s 后重试
WARNING:root:sz.001232 重登失败
WARNING:root:登录失败(10001011)，60s 后重试
WARNING:root:sz.001220 重登失败
WARNING:root:登录失败(10001011)，60s 后重试
WARNING:root:登录失败(10001011)，60s 后重试
WARNING:root:sz.001232 第3次失败: error_code=10002007 msg=网络接收错误。
WARNING:root:sz.001220 第3次失败: error_code=10002007 msg=网络接收错误。
WARNING:root:登录失败(10001011)，60s 后重试
WARNING:root:登录失败(10001011)，60s 后重试
Traceback (most recent call last):
  File "<string>", line 1, in <module>
  File "C:\Program Files\Python39\lib\multiprocessing\spawn.py", line 107, in spawn_main
    new_handle = reduction.duplicate(pipe_handle,
  File "C:\Program Files\Python39\lib\multiprocessing\reduction.py", line 79, in duplicate
Traceback (most recent call last):
  File "<string>", line 1, in <module>
  File "C:\Program Files\Python39\lib\multiprocessing\spawn.py", line 107, in spawn_main
    new_handle = reduction.duplicate(pipe_handle,
  File "C:\Program Files\Python39\lib\multiprocessing\reduction.py", line 79, in duplicate
    return _winapi.DuplicateHandle(
PermissionError: [WinError 5] 拒绝访问。
    return _winapi.DuplicateHandle(
PermissionError: [WinError 5] 拒绝访问。
Traceback (most recent call last):
  File "<string>", line 1, in <module>
  File "C:\Program Files\Python39\lib\multiprocessing\spawn.py", line 102, in spawn_main
    source_process = _winapi.OpenProcess(
OSError: [WinError 87] 参数错误。
Traceback (most recent call last):
  File "<string>", line 1, in <module>
  File "C:\Program Files\Python39\lib\multiprocessing\spawn.py", line 102, in spawn_main
    source_process = _winapi.OpenProcess(
OSError: [WinError 87] 参数错误。
Traceback (most recent call last):
  File "<string>", line 1, in <module>
  File "C:\Program Files\Python39\lib\multiprocessing\spawn.py", line 102, in spawn_main
    source_process = _winapi.OpenProcess(
OSError: [WinError 87] 参数错误。
Traceback (most recent call last):
  File "<string>", line 1, in <module>
  File "C:\Program Files\Python39\lib\multiprocessing\spawn.py", line 102, in spawn_main
    source_process = _winapi.OpenProcess(
OSError: [WinError 87] 参数错误。
