2026-08-25 16:00:31,165 | INFO  | baostock 登录成功
2026-08-25 16:00:36,416 | INFO  | 数据区间: 2016-08-27 ~ 2026-08-24
2026-08-25 16:00:57,985 | INFO  | 共 5211 只 A 股
2026-08-25 16:01:02,309 | INFO  | [1/5211] sh.600000 浦发银行 取到2424条 | 已用4s ETA 22527s
2026-08-25 16:01:05,000 | INFO  | [2/5211] sh.600004 白云机场 取到2424条 | 已用7s ETA 18270s
2026-08-25 16:01:08,928 | INFO  | [3/5211] sh.600006 东风股份 取到2424条 | 已用11s ETA 18996s
2026-08-25 16:01:12,112 | INFO  | [4/5211] sh.600007 中国国贸 取到2424条 | 已用14s ETA 18390s
2026-08-25 16:01:15,896 | INFO  | [5/5211] sh.600008 首创环保 取到2424条 | 已用18s ETA 18649s
2026-08-25 16:01:33,140 | INFO  | [6/5211] sh.600009 上海机场 取到2424条 | 已用35s ETA 30497s
2026-08-25 16:01:36,516 | INFO  | [7/5211] sh.600010 包钢股份 取到2424条 | 已用39s ETA 28645s
2026-08-25 16:01:41,601 | INFO  | [8/5211] sh.600011 华能国际 取到2424条 | 已用44s ETA 28367s
2026-08-25 16:01:47,148 | INFO  | [9/5211] sh.600012 皖通高速 取到2424条 | 已用49s ETA 28416s
2026-08-25 16:02:20,535 | INFO  | [10/5211] sh.600015 华夏银行 取到2424条 | 已用83s ETA 42934s
2026-08-25 16:02:25,110 | INFO  | [11/5211] sh.600016 民生银行 取到2424条 | 已用87s ETA 41186s
2026-08-25 16:02:26,305 | INFO  | [12/5211] sh.600017 日照港 取到2424条 | 已用88s ETA 38265s
2026-08-25 16:02:30,182 | INFO  | [13/5211] sh.600018 上港集团 取到2424条 | 已用92s ETA 36865s
2026-08-25 16:02:47,091 | INFO  | [14/5211] sh.600019 宝钢股份 取到2424条 | 已用109s ETA 40502s
2026-08-25 16:02:51,290 | INFO  | [15/5211] sh.600020 中原高速 取到2424条 | 已用113s ETA 39249s
2026-08-25 16:02:57,262 | INFO  | [16/5211] sh.600021 上海电力 取到2424条 | 已用119s ETA 38728s
2026-08-25 16:03:16,305 | INFO  | [17/5211] sh.600022 山东钢铁 取到2424条 | 已用138s ETA 42261s
2026-08-25 16:03:26,903 | INFO  | [18/5211] sh.600023 浙能电力 取到2424条 | 已用149s ETA 42963s
2026-08-25 16:03:29,530 | INFO  | [19/5211] sh.600025 华能水电 取到2108条 | 已用152s ETA 41412s
2026-08-25 16:03:37,120 | INFO  | [20/5211] sh.600026 中远海能 取到2424条 | 已用159s ETA 41303s
2026-08-25 16:03:45,170 | INFO  | [21/5211] sh.600027 华电国际 取到2424条 | 已用167s ETA 41319s
2026-08-25 16:03:51,114 | INFO  | [22/5211] sh.600028 中国石化 取到2424条 | 已用173s ETA 40835s
2026-08-25 16:03:57,191 | INFO  | [23/5211] sh.600029 南方航空 取到2424条 | 已用179s ETA 40423s
2026-08-25 16:04:04,172 | INFO  | [24/5211] sh.600030 中信证券 取到2424条 | 已用186s ETA 40240s
2026-08-25 16:04:08,917 | INFO  | [25/5211] sh.600031 三一重工 取到2424条 | 已用191s ETA 39607s
2026-08-25 16:04:12,128 | INFO  | [26/5211] sh.600032 浙江新能 取到1275条 | 已用194s ETA 38717s
2026-08-25 16:04:20,396 | INFO  | [27/5211] sh.600033 福建高速 取到2424条 | 已用202s ETA 38863s
2026-08-25 16:04:23,322 | INFO  | [28/5211] sh.600035 楚天高速 取到2424条 | 已用205s ETA 38009s
2026-08-25 16:04:29,461 | INFO  | [29/5211] sh.600036 招商银行 取到2424条 | 已用211s ETA 37789s
2026-08-25 16:04:33,021 | INFO  | [30/5211] sh.600037 歌华有线 取到2424条 | 已用215s ETA 37137s
2026-08-25 16:04:39,638 | INFO  | [31/5211] sh.600038 中直股份 取到2424条 | 已用222s ETA 37037s
2026-08-25 16:04:46,901 | INFO  | [32/5211] sh.600039 四川路桥 取到2424条 | 已用229s ETA 37049s
2026-08-25 16:04:50,762 | INFO  | [33/5211] sh.600048 保利发展 取到2424条 | 已用233s ETA 36525s
2026-08-25 16:04:59,184 | INFO  | [34/5211] sh.600050 中国联通 取到2424条 | 已用241s ETA 36726s
2026-08-25 16:05:03,858 | INFO  | [35/5211] sh.600051 宁波联合 取到2424条 | 已用246s ETA 36361s
2026-08-25 16:05:09,668 | INFO  | [36/5211] sh.600052 东望时代 取到2424条 | 已用252s ETA 36179s
2026-08-25 16:05:13,495 | INFO  | [37/5211] sh.600053 *ST九鼎 取到2424条 | 已用256s ETA 35730s
2026-08-25 16:05:20,507 | INFO  | [38/5211] sh.600054 黄山旅游 取到2424条 | 已用263s ETA 35738s
2026-08-25 16:05:25,968 | INFO  | [39/5211] sh.600055 万东医疗 取到2424条 | 已用268s ETA 35539s
2026-08-25 16:05:33,644 | INFO  | [40/5211] sh.600056 中国医药 取到2424条 | 已用276s ETA 35636s
2026-08-25 16:05:37,252 | INFO  | [41/5211] sh.600057 厦门象屿 取到2424条 | 已用279s ETA 35215s
2026-08-25 16:05:51,212 | INFO  | [42/5211] sh.600058 五矿发展 取到2424条 | 已用293s ETA 36088s
2026-08-25 16:05:56,429 | INFO  | [43/5211] sh.600059 古越龙山 取到2424条 | 已用298s ETA 35869s
2026-08-25 16:06:00,402 | INFO  | [44/5211] sh.600060 海信视像 取到2424条 | 已用302s ETA 35513s
2026-08-25 16:06:05,021 | INFO  | [45/5211] sh.600061 国投资本 取到2424条 | 已用307s ETA 35248s
2026-08-25 16:06:08,741 | INFO  | [46/5211] sh.600062 华润双鹤 取到2424条 | 已用311s ETA 34892s
2026-08-25 16:06:11,848 | INFO  | [47/5211] sh.600063 皖维高新 取到2424条 | 已用314s ETA 34485s
2026-08-25 16:06:15,666 | INFO  | [48/5211] sh.600064 南京高科 取到2424条 | 已用318s ETA 34171s
2026-08-25 16:06:22,001 | INFO  | [49/5211] sh.600066 宇通客车 取到2424条 | 已用324s ETA 34134s
2026-08-25 16:06:25,089 | INFO  | [50/5211] sh.600067 冠城新材 取到2424条 | 已用327s ETA 33764s
2026-08-25 16:06:30,434 | INFO  | [51/5211] sh.600071 凤凰光学 取到2424条 | 已用332s ETA 33636s
2026-08-25 16:06:42,292 | INFO  | [52/5211] sh.600072 中船科技 取到2424条 | 已用344s ETA 34159s
2026-08-25 16:06:48,108 | INFO  | [53/5211] sh.600073 光明肉业 取到2424条 | 已用350s ETA 34074s
2026-08-25 16:06:53,946 | INFO  | [54/5211] sh.600075 新疆天业 取到2424条 | 已用356s ETA 33994s
2026-08-25 16:06:57,322 | INFO  | [55/5211] sh.600076 康欣新材 取到2424条 | 已用359s ETA 33686s
2026-08-25 16:07:00,334 | INFO  | [56/5211] sh.600078 澄星股份 取到2424条 | 已用362s ETA 33355s
2026-08-25 16:07:08,006 | INFO  | [57/5211] sh.600079 ST人福 取到2424条 | 已用370s ETA 33458s
2026-08-25 16:07:12,130 | INFO  | [58/5211] sh.600080 ST金花 取到2424条 | 已用374s ETA 33241s
2026-08-25 16:07:18,103 | INFO  | [59/5211] sh.600081 东风科技 取到2424条 | 已用380s ETA 33193s
2026-08-25 16:07:25,241 | INFO  | [60/5211] sh.600082 ST海泰 取到2424条 | 已用387s ETA 33246s
2026-08-25 16:07:27,709 | INFO  | [61/5211] sh.600084 *ST尼雅 取到2424条 | 已用390s ETA 32903s
2026-08-25 16:07:31,672 | INFO  | [62/5211] sh.600085 同仁堂 取到2424条 | 已用394s ETA 32695s
2026-08-25 16:07:38,580 | INFO  | [63/5211] sh.600088 中视传媒 取到2424条 | 已用401s ETA 32734s
2026-08-25 16:07:42,598 | INFO  | [64/5211] sh.600089 特变电工 取到2424条 | 已用405s ETA 32540s
2026-08-25 16:07:45,526 | INFO  | [65/5211] sh.600094 大名城 取到2424条 | 已用408s ETA 32265s
2026-08-25 16:07:53,610 | INFO  | [66/5211] sh.600095 湘财股份 取到2424条 | 已用416s ETA 32400s
2026-08-25 16:07:55,963 | INFO  | [67/5211] sh.600096 云天化 取到2424条 | 已用418s ETA 32091s
2026-08-25 16:07:59,087 | INFO  | [68/5211] sh.600097 开创国际 取到2424条 | 已用421s ETA 31849s
2026-08-25 16:08:05,942 | INFO  | [69/5211] sh.600098 广州发展 取到2424条 | 已用428s ETA 31892s
2026-08-25 16:08:10,628 | INFO  | [70/5211] sh.600099 林海股份 取到2424条 | 已用433s ETA 31774s
2026-08-25 16:08:17,660 | INFO  | [71/5211] sh.600100 同方股份 取到2424条 | 已用440s ETA 31830s
2026-08-25 16:08:23,729 | INFO  | [72/5211] sh.600101 明星电力 取到2424条 | 已用446s ETA 31815s
2026-08-25 16:08:27,519 | INFO  | [73/5211] sh.600103 青山纸业 取到2424条 | 已用450s ETA 31640s
2026-08-25 16:08:30,321 | INFO  | [74/5211] sh.600104 上汽集团 取到2424条 | 已用452s ETA 31401s
2026-08-25 16:08:36,610 | INFO  | [75/5211] sh.600105 永鼎股份 取到2424条 | 已用459s ETA 31407s
2026-08-25 16:08:44,500 | INFO  | [76/5211] sh.600106 重庆路桥 取到2424条 | 已用467s ETA 31520s
2026-08-25 16:08:50,024 | INFO  | [77/5211] sh.600107 *ST尔雅 取到2424条 | 已用472s ETA 31473s
2026-08-25 16:08:56,139 | INFO  | [78/5211] sh.600108 亚盛集团 取到2424条 | 已用478s ETA 31466s
2026-08-25 16:08:58,930 | INFO  | [79/5211] sh.600109 国金证券 取到2424条 | 已用481s ETA 31243s
2026-08-25 16:09:01,320 | INFO  | [80/5211] sh.600110 诺德股份 取到2424条 | 已用483s ETA 31000s
2026-08-25 16:09:05,754 | INFO  | [81/5211] sh.600111 北方稀土 取到2424条 | 已用488s ETA 30892s
2026-08-25 16:09:09,121 | INFO  | [82/5211] sh.600113 浙江东日 取到2424条 | 已用491s ETA 30720s
2026-08-25 16:09:14,753 | INFO  | [83/5211] sh.600114 东睦股份 取到2424条 | 已用497s ETA 30692s
2026-08-25 16:09:19,536 | INFO  | [84/5211] sh.600115 中国东航 取到2424条 | 已用502s ETA 30612s
2026-08-25 16:09:28,551 | INFO  | [85/5211] sh.600116 三峡水利 取到2424条 | 已用511s ETA 30790s
2026-08-25 16:09:34,313 | INFO  | [86/5211] sh.600117 西宁特钢 取到2424条 | 已用516s ETA 30770s
2026-08-25 16:09:41,816 | INFO  | [87/5211] sh.600118 中国卫星 取到2424条 | 已用524s ETA 30852s
2026-08-25 16:09:47,173 | INFO  | [88/5211] sh.600119 *ST长投 取到2424条 | 已用529s ETA 30807s
2026-08-25 16:09:51,979 | INFO  | [89/5211] sh.600120 浙江东方 取到2424条 | 已用534s ETA 30732s
2026-08-25 16:09:55,822 | INFO  | [90/5211] sh.600121 郑州煤电 取到2424条 | 已用538s ETA 30603s
2026-08-25 16:09:59,391 | INFO  | [91/5211] sh.600123 兰花科创 取到2424条 | 已用541s ETA 30462s
2026-08-25 16:10:02,245 | INFO  | [92/5211] sh.600125 铁龙物流 取到2424条 | 已用544s ETA 30283s
2026-08-25 16:10:25,198 | INFO  | [93/5211] sh.600126 杭钢股份 取到2424条 | 已用567s ETA 31215s
2026-08-25 16:10:29,382 | INFO  | [94/5211] sh.600127 金健米业 取到2424条 | 已用571s ETA 31105s
2026-08-25 16:10:51,204 | INFO  | [95/5211] sh.600128 苏豪弘业 取到2424条 | 已用593s ETA 31946s
2026-08-25 16:10:56,925 | INFO  | [96/5211] sh.600129 太极集团 取到2424条 | 已用599s ETA 31912s
2026-08-25 16:11:00,663 | INFO  | [97/5211] sh.600130 波导股份 取到2424条 | 已用603s ETA 31774s
2026-08-25 16:11:05,887 | INFO  | [98/5211] sh.600131 国网信通 取到2424条 | 已用608s ETA 31716s
2026-08-25 16:11:18,726 | INFO  | [99/5211] sh.600132 重庆啤酒 取到2424条 | 已用621s ETA 32053s
2026-08-25 16:11:27,356 | INFO  | [100/5211] sh.600133 东湖高新 取到2424条 | 已用629s ETA 32167s
2026-08-25 16:11:33,807 | INFO  | [101/5211] sh.600135 乐凯胶片 取到2424条 | 已用636s ETA 32169s
2026-08-25 16:11:36,379 | INFO  | [102/5211] sh.600136 ST明诚 取到2424条 | 已用638s ETA 31976s
2026-08-25 16:11:42,084 | INFO  | [103/5211] sh.600137 浪莎股份 取到2424条 | 已用644s ETA 31942s
2026-08-25 16:11:46,406 | INFO  | [104/5211] sh.600138 中青旅 取到2424条 | 已用648s ETA 31841s
2026-08-25 16:12:03,392 | INFO  | [105/5211] sh.600141 兴发集团 取到2424条 | 已用665s ETA 32358s
2026-08-25 16:12:06,541 | INFO  | [106/5211] sh.600143 金发科技 取到2424条 | 已用669s ETA 32198s
2026-08-25 16:12:11,812 | INFO  | [107/5211] sh.600148 长春一东 取到2424条 | 已用674s ETA 32142s
2026-08-25 16:12:16,238 | INFO  | [108/5211] sh.600149 廊坊发展 取到2424条 | 已用678s ETA 32047s
2026-08-25 16:12:19,476 | INFO  | [109/5211] sh.600150 中国船舶 取到2424条 | 已用681s ETA 31899s
2026-08-25 16:12:22,336 | INFO  | [110/5211] sh.600151 航天机电 取到2424条 | 已用684s ETA 31735s
2026-08-25 16:12:27,618 | INFO  | [111/5211] sh.600152 维科技术 取到2424条 | 已用690s ETA 31686s
2026-08-25 16:12:31,680 | INFO  | [112/5211] sh.600153 建发股份 取到2424条 | 已用694s ETA 31582s
2026-08-25 16:12:36,796 | INFO  | [113/5211] sh.600155 华创云信 取到2424条 | 已用699s ETA 31527s
2026-08-25 16:12:40,369 | INFO  | [114/5211] sh.600156 华升股份 取到2424条 | 已用702s ETA 31404s
2026-08-25 16:12:48,889 | INFO  | [115/5211] sh.600157 永泰能源 取到2424条 | 已用711s ETA 31502s
2026-08-25 16:12:53,455 | INFO  | [116/5211] sh.600158 中体产业 取到2424条 | 已用715s ETA 31425s
2026-08-25 16:13:03,449 | INFO  | [117/5211] sh.600159 大龙地产 取到2424条 | 已用725s ETA 31586s
2026-08-25 16:13:08,422 | INFO  | [118/5211] sh.600160 巨化股份 取到2424条 | 已用730s ETA 31526s
2026-08-25 16:13:10,440 | INFO  | [119/5211] sh.600161 天坛生物 取到2424条 | 已用732s ETA 31342s
2026-08-25 16:13:12,431 | INFO  | [120/5211] sh.600162 香江控股 取到2424条 | 已用734s ETA 31159s
2026-08-25 16:13:16,208 | INFO  | [121/5211] sh.600163 中闽能源 取到2424条 | 已用738s ETA 31054s
2026-08-25 16:13:21,442 | INFO  | [122/5211] sh.600165 ST宁科 取到2424条 | 已用743s ETA 31012s
2026-08-25 16:13:31,167 | INFO  | [123/5211] sh.600166 福田汽车 取到2424条 | 已用753s ETA 31156s
2026-08-25 16:13:36,010 | INFO  | [124/5211] sh.600167 联美控股 取到2424条 | 已用758s ETA 31097s
2026-08-25 16:13:39,642 | INFO  | [125/5211] sh.600168 武汉控股 取到2424条 | 已用762s ETA 30990s
2026-08-25 16:13:43,678 | INFO  | [126/5211] sh.600169 ST太重 取到2424条 | 已用766s ETA 30901s
2026-08-25 16:13:46,710 | INFO  | [127/5211] sh.600170 上海建工 取到2424条 | 已用769s ETA 30773s
2026-08-25 16:13:53,759 | INFO  | [128/5211] sh.600171 上海贝岭 取到2424条 | 已用776s ETA 30807s
2026-08-25 16:13:58,538 | INFO  | [129/5211] sh.600172 黄河旋风 取到2424条 | 已用781s ETA 30750s
2026-08-25 16:14:02,491 | INFO  | [130/5211] sh.600173 卧龙新能 取到2424条 | 已用785s ETA 30662s
2026-08-25 16:14:14,228 | INFO  | [131/5211] sh.600176 中国巨石 取到2424条 | 已用796s ETA 30877s
2026-08-25 16:14:44,411 | INFO  | [132/5211] sh.600177 雅戈尔 取到2424条 | 已用826s ETA 31799s
2026-08-25 16:14:51,352 | INFO  | [133/5211] sh.600178 东安动力 取到2424条 | 已用833s ETA 31818s
2026-08-25 16:14:54,294 | INFO  | [134/5211] sh.600179 安通控股 取到2424条 | 已用836s ETA 31686s
2026-08-25 16:14:58,924 | INFO  | [135/5211] sh.600180 *ST瑞茂 取到2424条 | 已用841s ETA 31619s
2026-08-25 16:15:05,075 | INFO  | [136/5211] sh.600182 S佳通 取到2424条 | 已用847s ETA 31610s
2026-08-25 16:15:11,940 | INFO  | [137/5211] sh.600183 生益科技 取到2424条 | 已用854s ETA 31628s
2026-08-25 16:15:18,296 | INFO  | [138/5211] sh.600184 光电股份 取到2424条 | 已用860s ETA 31626s
2026-08-25 16:15:33,890 | INFO  | [139/5211] sh.600185 珠免集团 取到2424条 | 已用876s ETA 31961s
2026-08-25 16:15:36,226 | INFO  | [140/5211] sh.600186 莲花控股 取到2424条 | 已用878s ETA 31811s
2026-08-25 16:15:41,321 | INFO  | [141/5211] sh.600187 *ST国中 取到2424条 | 已用883s ETA 31762s
2026-08-25 16:15:45,589 | INFO  | [142/5211] sh.600188 兖矿能源 取到2424条 | 已用888s ETA 31685s
2026-08-25 16:15:49,628 | INFO  | [143/5211] sh.600189 泉阳泉 取到2424条 | 已用892s ETA 31600s
2026-08-25 16:16:00,308 | INFO  | [144/5211] sh.600191 华资实业 取到2424条 | 已用902s ETA 31750s
2026-08-25 16:16:05,962 | INFO  | [145/5211] sh.600192 长城电工 取到2424条 | 已用908s ETA 31723s
2026-08-25 16:16:08,698 | INFO  | [146/5211] sh.600195 中牧股份 取到2424条 | 已用911s ETA 31594s
2026-08-25 16:16:15,238 | INFO  | [147/5211] sh.600196 复星医药 取到2424条 | 已用917s ETA 31598s
2026-08-25 16:16:21,685 | INFO  | [148/5211] sh.600197 伊力特 取到2424条 | 已用924s ETA 31599s
2026-08-25 16:16:25,747 | INFO  | [149/5211] sh.600198 大唐电信 取到2424条 | 已用928s ETA 31519s
2026-08-25 16:16:28,374 | INFO  | [150/5211] sh.600199 金种子酒 取到2424条 | 已用930s ETA 31391s
2026-08-25 16:16:34,720 | INFO  | [151/5211] sh.600201 生物股份 取到2424条 | 已用937s ETA 31390s
2026-08-25 16:16:39,574 | INFO  | [152/5211] sh.600202 哈空调 取到2424条 | 已用942s ETA 31339s
2026-08-25 16:16:42,439 | INFO  | [153/5211] sh.600203 福日电子 取到2424条 | 已用944s ETA 31223s
2026-08-25 16:16:53,708 | INFO  | [154/5211] sh.600206 有研新材 取到2424条 | 已用956s ETA 31384s
2026-08-25 16:16:58,896 | INFO  | [155/5211] sh.600207 安彩高科 取到2424条 | 已用961s ETA 31344s
2026-08-25 16:17:04,842 | INFO  | [156/5211] sh.600208 衢州发展 取到2424条 | 已用967s ETA 31330s
2026-08-25 16:17:07,254 | INFO  | [157/5211] sh.600210 紫江企业 取到2424条 | 已用969s ETA 31202s
2026-08-25 16:17:16,372 | INFO  | [158/5211] sh.600211 西藏药业 取到2424条 | 已用978s ETA 31290s
2026-08-25 16:17:20,235 | INFO  | [159/5211] sh.600212 绿能慧充 取到2424条 | 已用982s ETA 31210s
2026-08-25 16:17:25,207 | INFO  | [160/5211] sh.600215 派斯林 取到2424条 | 已用987s ETA 31165s
2026-08-25 16:17:31,771 | INFO  | [161/5211] sh.600216 浙江医药 取到2424条 | 已用994s ETA 31172s
2026-08-25 16:17:43,353 | INFO  | [162/5211] sh.600217 中再资环 取到2424条 | 已用1005s ETA 31334s
2026-08-25 16:17:47,846 | INFO  | [163/5211] sh.600218 全柴动力 取到2424条 | 已用1010s ETA 31275s
2026-08-25 16:17:57,487 | INFO  | [164/5211] sh.600219 南山铝业 取到2424条 | 已用1020s ETA 31375s
2026-08-25 16:18:01,144 | INFO  | [165/5211] sh.600221 海航控股 取到2424条 | 已用1023s ETA 31290s
2026-08-25 16:18:04,803 | INFO  | [166/5211] sh.600222 太龙药业 取到2424条 | 已用1027s ETA 31207s
2026-08-25 16:18:08,430 | INFO  | [167/5211] sh.600223 福瑞达 取到2424条 | 已用1030s ETA 31123s
2026-08-25 16:18:13,824 | INFO  | [168/5211] sh.600226 亨通股份 取到2424条 | 已用1036s ETA 31094s
2026-08-25 16:18:17,479 | INFO  | [169/5211] sh.600227 赤天化 取到2424条 | 已用1039s ETA 31013s
2026-08-25 16:18:49,377 | INFO  | [170/5211] sh.600228 返利科技 取到2424条 | 已用1071s ETA 31770s
2026-08-25 16:18:55,406 | INFO  | [171/5211] sh.600229 城市传媒 取到2424条 | 已用1077s ETA 31756s
2026-08-25 16:19:03,099 | INFO  | [172/5211] sh.600230 沧州大化 取到2424条 | 已用1085s ETA 31790s
2026-08-25 16:19:08,040 | INFO  | [173/5211] sh.600231 凌钢股份 取到2424条 | 已用1090s ETA 31744s
2026-08-25 16:19:18,322 | INFO  | [174/5211] sh.600232 金鹰股份 取到2424条 | 已用1100s ETA 31853s
2026-08-25 16:19:21,328 | INFO  | [175/5211] sh.600233 圆通速递 取到2424条 | 已用1103s ETA 31751s
2026-08-25 16:19:24,075 | INFO  | [176/5211] sh.600234 科新发展 取到2424条 | 已用1106s ETA 31643s
2026-08-25 16:19:28,531 | INFO  | [177/5211] sh.600235 民丰特纸 取到2424条 | 已用1111s ETA 31585s
2026-08-25 16:19:34,483 | INFO  | [178/5211] sh.600236 桂冠电力 取到2424条 | 已用1116s ETA 31569s
2026-08-25 16:19:46,944 | INFO  | [179/5211] sh.600237 铜峰电子 取到2424条 | 已用1129s ETA 31737s
2026-08-25 16:19:53,655 | INFO  | [180/5211] sh.600238 ST椰岛 取到2424条 | 已用1136s ETA 31742s
2026-08-25 16:20:06,681 | INFO  | [181/5211] sh.600239 ST云城 取到2424条 | 已用1149s ETA 31922s
2026-08-25 16:20:11,448 | INFO  | [182/5211] sh.600241 时代万恒 取到2424条 | 已用1153s ETA 31872s
2026-08-25 16:20:16,297 | INFO  | [183/5211] sh.600243 *ST海华 取到2424条 | 已用1158s ETA 31825s
2026-08-25 16:20:21,919 | INFO  | [184/5211] sh.600246 万通发展 取到2424条 | 已用1164s ETA 31799s
2026-08-25 16:20:26,117 | INFO  | [185/5211] sh.600248 陕建股份 取到2424条 | 已用1168s ETA 31735s
2026-08-25 16:20:32,408 | INFO  | [186/5211] sh.600249 两面针 取到2424条 | 已用1174s ETA 31728s
2026-08-25 16:20:35,982 | INFO  | [187/5211] sh.600250 南京商旅 取到2424条 | 已用1178s ETA 31648s
2026-08-25 16:20:38,814 | INFO  | [188/5211] sh.600251 冠农股份 取到2424条 | 已用1181s ETA 31549s
2026-08-25 16:20:46,962 | INFO  | [189/5211] sh.600252 中恒集团 取到2424条 | 已用1189s ETA 31593s
2026-08-25 16:20:51,985 | INFO  | [190/5211] sh.600255 鑫科材料 取到2424条 | 已用1194s ETA 31553s
2026-08-25 16:20:56,612 | INFO  | [191/5211] sh.600256 广汇能源 取到2424条 | 已用1199s ETA 31503s
2026-08-25 16:21:00,193 | INFO  | [192/5211] sh.600257 大湖股份 取到2424条 | 已用1202s ETA 31426s
2026-08-25 16:21:06,052 | INFO  | [193/5211] sh.600258 首旅酒店 取到2424条 | 已用1208s ETA 31410s
2026-08-25 16:21:14,202 | INFO  | [194/5211] sh.600259 中稀有色 取到2424条 | 已用1216s ETA 31452s
2026-08-25 16:21:17,532 | INFO  | [195/5211] sh.600261 阳光照明 取到2424条 | 已用1220s ETA 31370s
2026-08-25 16:21:27,632 | INFO  | [196/5211] sh.600262 北方股份 取到2424条 | 已用1230s ETA 31463s
2026-08-25 16:21:32,495 | INFO  | [197/5211] sh.600265 *ST景谷 取到2424条 | 已用1235s ETA 31420s
2026-08-25 16:21:35,891 | INFO  | [198/5211] sh.600266 城建发展 取到2424条 | 已用1238s ETA 31342s
2026-08-25 16:21:38,822 | INFO  | [199/5211] sh.600267 海正药业 取到2424条 | 已用1241s ETA 31252s
2026-08-25 16:21:46,593 | INFO  | [200/5211] sh.600268 国电南自 取到2424条 | 已用1249s ETA 31284s
2026-08-25 16:21:51,271 | INFO  | [201/5211] sh.600269 赣粤高速 取到2424条 | 已用1253s ETA 31239s
2026-08-25 16:21:55,141 | INFO  | [202/5211] sh.600271 航天信息 取到2424条 | 已用1257s ETA 31174s
2026-08-25 16:21:58,031 | INFO  | [203/5211] sh.600272 开开实业 取到2424条 | 已用1260s ETA 31085s
2026-08-25 16:22:03,784 | INFO  | [204/5211] sh.600273 嘉化能源 取到2424条 | 已用1266s ETA 31068s
2026-08-25 16:22:24,918 | INFO  | [205/5211] sh.600276 恒瑞医药 取到2424条 | 已用1287s ETA 31426s
2026-08-25 16:22:33,851 | INFO  | [206/5211] sh.600278 东方创业 取到2424条 | 已用1296s ETA 31484s
2026-08-25 16:22:40,153 | INFO  | [207/5211] sh.600279 重庆港 取到2424条 | 已用1302s ETA 31478s
2026-08-25 16:22:49,184 | INFO  | [208/5211] sh.600280 中央商场 取到2424条 | 已用1311s ETA 31538s
2026-08-25 16:22:52,808 | INFO  | [209/5211] sh.600281 华阳新材 取到2424条 | 已用1315s ETA 31468s
2026-08-25 16:22:56,850 | INFO  | [210/5211] sh.600282 南钢股份 取到2424条 | 已用1319s ETA 31408s
2026-08-25 16:23:04,575 | INFO  | [211/5211] sh.600283 钱江水利 取到2424条 | 已用1327s ETA 31436s
2026-08-25 16:23:16,304 | INFO  | [212/5211] sh.600284 浦东建设 取到2424条 | 已用1338s ETA 31558s
2026-08-25 16:23:21,495 | INFO  | [213/5211] sh.600285 羚锐制药 取到2424条 | 已用1344s ETA 31525s
2026-08-25 16:23:26,136 | INFO  | [214/5211] sh.600287 苏豪时尚 取到2424条 | 已用1348s ETA 31480s
2026-08-25 16:23:35,515 | INFO  | [215/5211] sh.600288 大恒科技 取到2424条 | 已用1358s ETA 31545s
2026-08-25 16:23:37,968 | INFO  | [216/5211] sh.600289 ST信通 取到2424条 | 已用1360s ETA 31450s
2026-08-25 16:23:45,670 | INFO  | [217/5211] sh.600292 电投水电 取到2424条 | 已用1368s ETA 31476s
2026-08-25 16:23:58,654 | INFO  | [218/5211] sh.600293 三峡新材 取到2424条 | 已用1381s ETA 31622s
2026-08-25 16:24:02,492 | INFO  | [219/5211] sh.600295 鄂尔多斯 取到2424条 | 已用1385s ETA 31559s
2026-08-25 16:24:31,856 | INFO  | [220/5211] sh.600298 安琪酵母 取到2424条 | 已用1414s ETA 32076s
2026-08-25 16:24:34,371 | INFO  | [221/5211] sh.600299 安迪苏 取到2424条 | 已用1416s ETA 31981s
2026-08-25 16:24:37,087 | INFO  | [222/5211] sh.600300 维维股份 取到2424条 | 已用1419s ETA 31891s
2026-08-25 16:24:40,582 | INFO  | [223/5211] sh.600301 华锡有色 取到2424条 | 已用1423s ETA 31820s
2026-08-25 16:24:44,972 | INFO  | [224/5211] sh.600302 ST标准 取到2424条 | 已用1427s ETA 31770s
2026-08-25 16:24:49,800 | INFO  | [225/5211] sh.600303 曙光股份 取到2424条 | 已用1432s ETA 31729s
2026-08-25 16:24:57,949 | INFO  | [226/5211] sh.600305 恒顺醋业 取到2424条 | 已用1440s ETA 31762s
2026-08-25 16:25:01,817 | INFO  | [227/5211] sh.600307 酒钢宏兴 取到2424条 | 已用1444s ETA 31701s
2026-08-25 16:25:05,120 | INFO  | [228/5211] sh.600308 华泰股份 取到2424条 | 已用1447s ETA 31628s
2026-08-25 16:25:07,995 | INFO  | [229/5211] sh.600309 万华化学 取到2424条 | 已用1450s ETA 31546s
2026-08-25 16:25:13,638 | INFO  | [230/5211] sh.600310 广西能源 取到2424条 | 已用1456s ETA 31524s
2026-08-25 16:25:21,885 | INFO  | [231/5211] sh.600312 平高电气 取到2424条 | 已用1464s ETA 31559s
2026-08-25 16:25:33,327 | INFO  | [232/5211] sh.600313 农发种业 取到2424条 | 已用1475s ETA 31663s
2026-08-25 16:25:41,274 | INFO  | [233/5211] sh.600315 上海家化 取到2424条 | 已用1483s ETA 31690s
2026-08-25 16:25:49,500 | INFO  | [234/5211] sh.600316 洪都航空 取到2424条 | 已用1492s ETA 31723s
2026-08-25 16:25:53,915 | INFO  | [235/5211] sh.600318 新力金融 取到2424条 | 已用1496s ETA 31676s
2026-08-25 16:26:01,561 | INFO  | [236/5211] sh.600319 亚星化学 取到2424条 | 已用1504s ETA 31696s
2026-08-25 16:26:07,212 | INFO  | [237/5211] sh.600320 振华重工 取到2424条 | 已用1509s ETA 31675s
2026-08-25 16:26:10,904 | INFO  | [238/5211] sh.600322 津投城开 取到2424条 | 已用1513s ETA 31612s
2026-08-25 16:26:17,731 | INFO  | [239/5211] sh.600323 瀚蓝环境 取到2424条 | 已用1520s ETA 31616s
2026-08-25 16:26:20,163 | INFO  | [240/5211] sh.600325 华发股份 取到2424条 | 已用1522s ETA 31528s
2026-08-25 16:26:25,477 | INFO  | [241/5211] sh.600326 西藏天路 取到2424条 | 已用1527s ETA 31501s
2026-08-25 16:26:28,186 | INFO  | [242/5211] sh.600327 大东方 取到2424条 | 已用1530s ETA 31420s
2026-08-25 16:26:31,109 | INFO  | [243/5211] sh.600328 中盐化工 取到2424条 | 已用1533s ETA 31344s
2026-08-25 16:26:38,916 | INFO  | [244/5211] sh.600329 达仁堂 取到2424条 | 已用1541s ETA 31368s
2026-08-25 16:26:42,698 | INFO  | [245/5211] sh.600330 天通股份 取到2424条 | 已用1545s ETA 31310s
2026-08-25 16:26:46,802 | INFO  | [246/5211] sh.600331 宏达股份 取到2424条 | 已用1549s ETA 31260s
2026-08-25 16:26:51,414 | INFO  | [247/5211] sh.600332 白云山 取到2424条 | 已用1553s ETA 31220s
2026-08-25 16:26:54,997 | INFO  | [248/5211] sh.600333 长春燃气 取到2424条 | 已用1557s ETA 31159s
2026-08-25 16:27:11,750 | INFO  | [249/5211] sh.600335 国机汽车 取到2424条 | 已用1574s ETA 31362s
2026-08-25 16:27:20,984 | INFO  | [250/5211] sh.600336 澳柯玛 取到2424条 | 已用1583s ETA 31413s
2026-08-25 16:27:26,941 | INFO  | [251/5211] sh.600337 ST美克 取到2424条 | 已用1589s ETA 31399s
2026-08-25 16:27:30,307 | INFO  | [252/5211] sh.600338 西藏珠峰 取到2424条 | 已用1592s ETA 31335s
2026-08-25 16:27:35,608 | INFO  | [253/5211] sh.600339 中油工程 取到2424条 | 已用1598s ETA 31308s
2026-08-25 16:27:45,943 | INFO  | [254/5211] sh.600340 *ST华幸 取到2424条 | 已用1608s ETA 31380s
2026-08-25 16:27:55,162 | INFO  | [255/5211] sh.600343 航天动力 取到2424条 | 已用1617s ETA 31430s
2026-08-25 16:27:58,180 | INFO  | [256/5211] sh.600345 长江通信 取到2424条 | 已用1620s ETA 31360s
2026-08-25 16:28:03,211 | INFO  | [257/5211] sh.600346 恒力石化 取到2424条 | 已用1625s ETA 31328s
2026-08-25 16:28:07,422 | INFO  | [258/5211] sh.600348 华阳股份 取到2424条 | 已用1629s ETA 31281s
2026-08-25 16:28:09,897 | INFO  | [259/5211] sh.600350 山东高速 取到2424条 | 已用1632s ETA 31202s
2026-08-25 16:28:14,614 | INFO  | [260/5211] sh.600351 亚宝药业 取到2424条 | 已用1637s ETA 31165s
2026-08-25 16:28:16,909 | INFO  | [261/5211] sh.600352 浙江龙盛 取到2424条 | 已用1639s ETA 31083s
2026-08-25 16:28:23,148 | INFO  | [262/5211] sh.600353 旭光电子 取到2424条 | 已用1645s ETA 31076s
2026-08-25 16:28:26,553 | INFO  | [263/5211] sh.600354 敦煌种业 取到2424条 | 已用1649s ETA 31016s
2026-08-25 16:28:29,331 | INFO  | [264/5211] sh.600356 恒丰纸业 取到2424条 | 已用1651s ETA 30944s
2026-08-25 16:28:32,970 | INFO  | [265/5211] sh.600358 国旅联合 取到2424条 | 已用1655s ETA 30889s
2026-08-25 16:28:36,226 | INFO  | [266/5211] sh.600359 新农开发 取到2424条 | 已用1658s ETA 30827s
2026-08-25 16:28:40,225 | INFO  | [267/5211] sh.600360 华微电子 取到2424条 | 已用1662s ETA 30779s
2026-08-25 16:28:44,997 | INFO  | [268/5211] sh.600361 创新新材 取到2424条 | 已用1667s ETA 30746s
2026-08-25 16:28:50,534 | INFO  | [269/5211] sh.600362 江西铜业 取到2424条 | 已用1673s ETA 30728s
2026-08-25 16:28:54,082 | INFO  | [270/5211] sh.600363 联创光电 取到2424条 | 已用1676s ETA 30673s
2026-08-25 16:28:57,316 | INFO  | [271/5211] sh.600365 ST通葡 取到2424条 | 已用1679s ETA 30612s
2026-08-25 16:28:59,899 | INFO  | [272/5211] sh.600366 宁波韵升 取到2424条 | 已用1682s ETA 30540s
2026-08-25 16:29:04,597 | INFO  | [273/5211] sh.600367 红星发展 取到2424条 | 已用1687s ETA 30507s
2026-08-25 16:29:18,527 | INFO  | [274/5211] sh.600368 五洲交通 取到2424条 | 已用1701s ETA 30641s
2026-08-25 16:29:23,263 | INFO  | [275/5211] sh.600369 西南证券 取到2424条 | 已用1705s ETA 30608s
2026-08-25 16:29:25,671 | INFO  | [276/5211] sh.600370 *ST三房 取到2424条 | 已用1708s ETA 30534s
2026-08-25 16:29:30,518 | INFO  | [277/5211] sh.600371 万向德农 取到2424条 | 已用1713s ETA 30504s
2026-08-25 16:29:34,986 | INFO  | [278/5211] sh.600372 中航机载 取到2424条 | 已用1717s ETA 30467s
2026-08-25 16:29:42,706 | INFO  | [279/5211] sh.600373 中文传媒 取到2424条 | 已用1725s ETA 30489s
2026-08-25 16:29:44,893 | INFO  | [280/5211] sh.600375 汉马科技 取到2424条 | 已用1727s ETA 30412s
2026-08-25 16:29:48,592 | INFO  | [281/5211] sh.600376 首开股份 取到2424条 | 已用1731s ETA 30363s
2026-08-25 16:29:58,049 | INFO  | [282/5211] sh.600377 宁沪高速 取到2424条 | 已用1740s ETA 30414s
2026-08-25 16:30:18,990 | INFO  | [283/5211] sh.600378 昊华科技 取到2424条 | 已用1761s ETA 30665s
2026-08-25 16:30:26,738 | INFO  | [284/5211] sh.600379 宝光股份 取到2424条 | 已用1769s ETA 30685s
2026-08-25 16:30:33,590 | INFO  | [285/5211] sh.600380 健康元 取到2424条 | 已用1776s ETA 30690s
2026-08-25 16:30:41,019 | INFO  | [286/5211] sh.600381 *ST春天 取到2424条 | 已用1783s ETA 30704s
2026-08-25 16:30:45,124 | INFO  | [287/5211] sh.600382 广东明珠 取到2424条 | 已用1787s ETA 30662s
2026-08-25 16:30:50,964 | INFO  | [288/5211] sh.600383 金地集团 取到2424条 | 已用1793s ETA 30649s
2026-08-25 16:30:56,628 | INFO  | [289/5211] sh.600386 北巴传媒 取到2424条 | 已用1799s ETA 30633s
2026-08-25 16:31:01,220 | INFO  | [290/5211] sh.600388 紫金龙净 取到2424条 | 已用1803s ETA 30599s
2026-08-25 16:31:21,941 | INFO  | [291/5211] sh.600389 江山股份 取到2424条 | 已用1824s ETA 30838s
2026-08-25 16:31:27,241 | INFO  | [292/5211] sh.600390 五矿资本 取到2424条 | 已用1829s ETA 30815s
2026-08-25 16:31:34,566 | INFO  | [293/5211] sh.600391 航发科技 取到2424条 | 已用1837s ETA 30827s
2026-08-25 16:31:39,317 | INFO  | [294/5211] sh.600392 盛和资源 取到2424条 | 已用1841s ETA 30795s
2026-08-25 16:31:43,400 | INFO  | [295/5211] sh.600395 盘江股份 取到2424条 | 已用1845s ETA 30753s
2026-08-25 16:31:49,214 | INFO  | [296/5211] sh.600396 华电辽能 取到2424条 | 已用1851s ETA 30739s
2026-08-25 16:31:52,333 | INFO  | [297/5211] sh.600397 江钨装备 取到2424条 | 已用1854s ETA 30681s
2026-08-25 16:31:57,925 | INFO  | [298/5211] sh.600398 海澜之家 取到2424条 | 已用1860s ETA 30664s
2026-08-25 16:32:01,651 | INFO  | [299/5211] sh.600399 抚顺特钢 取到2424条 | 已用1864s ETA 30616s
2026-08-25 16:32:04,728 | INFO  | [300/5211] sh.600400 红豆股份 取到2424条 | 已用1867s ETA 30559s
2026-08-25 16:32:09,647 | INFO  | [301/5211] sh.600403 大有能源 取到2424条 | 已用1872s ETA 30531s
2026-08-25 16:32:15,203 | INFO  | [302/5211] sh.600405 动力源 取到2424条 | 已用1877s ETA 30514s
2026-08-25 16:32:23,384 | INFO  | [303/5211] sh.600406 国电南瑞 取到2424条 | 已用1885s ETA 30540s
2026-08-25 16:32:25,377 | INFO  | [304/5211] sh.600408 安泰集团 取到2424条 | 已用1887s ETA 30465s
2026-08-25 16:32:31,727 | INFO  | [305/5211] sh.600409 三友化工 取到2424条 | 已用1894s ETA 30461s
2026-08-25 16:32:36,381 | INFO  | [306/5211] sh.600410 华胜天成 取到2424条 | 已用1898s ETA 30430s
2026-08-25 16:32:42,447 | INFO  | [307/5211] sh.600415 小商品城 取到2424条 | 已用1904s ETA 30422s
2026-08-25 16:32:48,749 | INFO  | [308/5211] sh.600416 湘电股份 取到2424条 | 已用1911s ETA 30417s
2026-08-25 16:32:54,806 | INFO  | [309/5211] sh.600418 江淮汽车 取到2424条 | 已用1917s ETA 30409s
2026-08-25 16:32:57,853 | INFO  | [310/5211] sh.600419 天润乳业 取到2424条 | 已用1920s ETA 30352s
2026-08-25 16:33:00,682 | INFO  | [311/5211] sh.600420 国药现代 取到2424条 | 已用1923s ETA 30293s
2026-08-25 16:33:06,503 | INFO  | [312/5211] sh.600422 昆药集团 取到2424条 | 已用1929s ETA 30281s
2026-08-25 16:33:09,311 | INFO  | [313/5211] sh.600423 *ST柳化 取到2424条 | 已用1931s ETA 30222s
2026-08-25 16:33:12,906 | INFO  | [314/5211] sh.600425 青松建化 取到2424条 | 已用1935s ETA 30176s
2026-08-25 16:33:18,874 | INFO  | [315/5211] sh.600426 华鲁恒升 取到2424条 | 已用1941s ETA 30167s
2026-08-25 16:33:25,065 | INFO  | [316/5211] sh.600428 中远海特 取到2424条 | 已用1947s ETA 30161s
2026-08-25 16:33:27,641 | INFO  | [317/5211] sh.600429 三元股份 取到2424条 | 已用1950s ETA 30100s
2026-08-25 16:33:32,948 | INFO  | [318/5211] sh.600433 冠豪高新 取到2424条 | 已用1955s ETA 30081s
2026-08-25 16:33:38,370 | INFO  | [319/5211] sh.600435 北方导航 取到2424条 | 已用1960s ETA 30063s
2026-08-25 16:33:41,575 | INFO  | [320/5211] sh.600436 片仔癀 取到2424条 | 已用1964s ETA 30012s
2026-08-25 16:33:46,736 | INFO  | [321/5211] sh.600438 通威股份 取到2424条 | 已用1969s ETA 29991s
2026-08-25 16:33:49,181 | INFO  | [322/5211] sh.600439 ST瑞贝卡 取到2424条 | 已用1971s ETA 29929s
2026-08-25 16:33:53,795 | INFO  | [323/5211] sh.600444 国机通用 取到2424条 | 已用1976s ETA 29900s
2026-08-25 16:33:58,497 | INFO  | [324/5211] sh.600446 金证股份 取到2424条 | 已用1981s ETA 29873s
2026-08-25 16:34:07,977 | INFO  | [325/5211] sh.600448 华纺股份 取到2424条 | 已用1990s ETA 29917s
2026-08-25 16:34:15,200 | INFO  | [326/5211] sh.600449 宁夏建材 取到2424条 | 已用1997s ETA 29928s
2026-08-25 16:34:26,607 | INFO  | [327/5211] sh.600452 涪陵电力 取到2424条 | 已用2009s ETA 30000s
2026-08-25 16:34:31,885 | INFO  | [328/5211] sh.600455 博通股份 取到2424条 | 已用2014s ETA 29981s
2026-08-25 16:34:38,281 | INFO  | [329/5211] sh.600456 宝钛股份 取到2424条 | 已用2020s ETA 29979s
2026-08-25 16:34:41,130 | INFO  | [330/5211] sh.600458 时代新材 取到2424条 | 已用2023s ETA 29924s
2026-08-25 16:34:46,282 | INFO  | [331/5211] sh.600459 贵研铂业 取到2424条 | 已用2028s ETA 29904s
2026-08-25 16:35:00,377 | INFO  | [332/5211] sh.600460 士兰微 取到2424条 | 已用2042s ETA 30015s
2026-08-25 16:35:04,203 | INFO  | [333/5211] sh.600461 洪城环境 取到2424条 | 已用2046s ETA 29974s
2026-08-25 16:35:07,500 | INFO  | [334/5211] sh.600463 空港股份 取到2424条 | 已用2050s ETA 29927s
2026-08-25 16:35:12,184 | INFO  | [335/5211] sh.600467 好当家 取到2424条 | 已用2054s ETA 29899s
2026-08-25 16:35:15,788 | INFO  | [336/5211] sh.600468 百利电气 取到2424条 | 已用2058s ETA 29857s
2026-08-25 16:35:19,759 | INFO  | [337/5211] sh.600469 风神股份 取到2424条 | 已用2062s ETA 29819s
2026-08-25 16:35:24,763 | INFO  | [338/5211] sh.600470 六国化工 取到2424条 | 已用2067s ETA 29797s
2026-08-25 16:35:32,174 | INFO  | [339/5211] sh.600475 华光环能 取到2424条 | 已用2074s ETA 29810s
2026-08-25 16:36:59,433 | WARNING | sh.600476 第1次请求失败: error_code=10002007 msg=网络接收错误。
2026-08-25 16:37:36,246 | INFO  | [340/5211] sh.600476 *ST湘邮 取到2424条 | 已用2198s ETA 31493s
2026-08-25 16:37:41,368 | INFO  | [341/5211] sh.600477 杭萧钢构 取到2424条 | 已用2203s ETA 31468s
2026-08-25 16:37:46,813 | INFO  | [342/5211] sh.600478 科力远 取到2424条 | 已用2209s ETA 31447s
2026-08-25 16:37:49,485 | INFO  | [343/5211] sh.600479 千金药业 取到2424条 | 已用2211s ETA 31387s
2026-08-25 16:37:53,722 | INFO  | [344/5211] sh.600480 凌云股份 取到2424条 | 已用2216s ETA 31349s
2026-08-25 16:37:57,552 | INFO  | [345/5211] sh.600481 双良节能 取到2424条 | 已用2220s ETA 31306s
2026-08-25 16:38:02,850 | INFO  | [346/5211] sh.600482 中国动力 取到2424条 | 已用2225s ETA 31283s
2026-08-25 16:38:05,815 | INFO  | [347/5211] sh.600483 福能股份 取到2424条 | 已用2228s ETA 31228s
2026-08-25 16:38:09,167 | INFO  | [348/5211] sh.600486 扬农化工 取到2424条 | 已用2231s ETA 31179s
2026-08-25 16:38:13,680 | INFO  | [349/5211] sh.600487 亨通光电 取到2424条 | 已用2236s ETA 31146s
2026-08-25 16:38:15,321 | INFO  | [350/5211] sh.600488 津药药业 取到2424条 | 已用2237s ETA 31073s
2026-08-25 16:38:19,404 | INFO  | [351/5211] sh.600489 中金黄金 取到2424条 | 已用2241s ETA 31035s
2026-08-25 16:38:25,615 | INFO  | [352/5211] sh.600490 鹏欣资源 取到2424条 | 已用2248s ETA 31026s
2026-08-25 16:38:28,099 | INFO  | [353/5211] sh.600491 ST龙元 取到2424条 | 已用2250s ETA 30966s
2026-08-25 16:38:32,662 | INFO  | [354/5211] sh.600493 凤竹纺织 取到2424条 | 已用2255s ETA 30935s
2026-08-25 16:38:39,520 | INFO  | [355/5211] sh.600495 晋西车轴 取到2424条 | 已用2262s ETA 30935s
2026-08-25 16:38:42,445 | INFO  | [356/5211] sh.600496 精工钢构 取到2424条 | 已用2264s ETA 30882s
2026-08-25 16:38:46,468 | INFO  | [357/5211] sh.600497 驰宏锌锗 取到2424条 | 已用2268s ETA 30844s
2026-08-25 16:38:49,143 | INFO  | [358/5211] sh.600498 烽火通信 取到2424条 | 已用2271s ETA 30788s
2026-08-25 16:38:54,557 | INFO  | [359/5211] sh.600499 科达制造 取到2424条 | 已用2277s ETA 30769s
2026-08-25 16:38:59,367 | INFO  | [360/5211] sh.600500 中化国际 取到2424条 | 已用2281s ETA 30742s
2026-08-25 16:39:06,132 | INFO  | [361/5211] sh.600501 航天晨光 取到2424条 | 已用2288s ETA 30741s
2026-08-25 16:39:10,783 | INFO  | [362/5211] sh.600502 安徽建工 取到2424条 | 已用2293s ETA 30712s
2026-08-25 16:39:14,242 | INFO  | [363/5211] sh.600503 华丽家族 取到2424条 | 已用2296s ETA 30667s
2026-08-25 16:39:18,559 | INFO  | [364/5211] sh.600505 西昌电力 取到2424条 | 已用2301s ETA 30634s
2026-08-25 16:39:29,636 | INFO  | [365/5211] sh.600506 统一股份 取到2424条 | 已用2312s ETA 30691s
2026-08-25 16:39:33,702 | INFO  | [366/5211] sh.600507 方大特钢 取到2424条 | 已用2316s ETA 30655s
2026-08-25 16:39:39,251 | INFO  | [367/5211] sh.600508 上海能源 取到2424条 | 已用2321s ETA 30638s
2026-08-25 16:39:42,757 | INFO  | [368/5211] sh.600509 天富能源 取到2424条 | 已用2325s ETA 30595s
2026-08-25 16:39:45,880 | INFO  | [369/5211] sh.600510 黑牡丹 取到2424条 | 已用2328s ETA 30547s
2026-08-25 16:39:55,368 | INFO  | [370/5211] sh.600511 国药股份 取到2424条 | 已用2337s ETA 30582s
2026-08-25 16:39:57,637 | INFO  | [371/5211] sh.600512 腾达建设 取到2424条 | 已用2340s ETA 30523s
2026-08-25 16:40:02,617 | INFO  | [372/5211] sh.600513 联环药业 取到2424条 | 已用2345s ETA 30499s
2026-08-25 16:40:08,846 | INFO  | [373/5211] sh.600515 海南机场 取到2424条 | 已用2351s ETA 30492s
2026-08-25 16:40:14,217 | INFO  | [374/5211] sh.600516 方大炭素 取到2424条 | 已用2356s ETA 30474s
2026-08-25 16:40:17,609 | INFO  | [375/5211] sh.600517 国网英大 取到2424条 | 已用2360s ETA 30430s
2026-08-25 16:40:22,719 | INFO  | [376/5211] sh.600518 康美药业 取到2424条 | 已用2365s ETA 30408s
2026-08-25 16:40:27,664 | INFO  | [377/5211] sh.600519 贵州茅台 取到2424条 | 已用2370s ETA 30385s
2026-08-25 16:40:30,844 | INFO  | [378/5211] sh.600520 三佳科技 取到2424条 | 已用2373s ETA 30339s
2026-08-25 16:40:35,064 | INFO  | [379/5211] sh.600521 华海药业 取到2424条 | 已用2377s ETA 30306s
2026-08-25 16:40:37,824 | INFO  | [380/5211] sh.600522 中天科技 取到2424条 | 已用2380s ETA 30255s
2026-08-25 16:40:41,101 | INFO  | [381/5211] sh.600523 贵航股份 取到2424条 | 已用2383s ETA 30211s
2026-08-25 16:40:45,556 | INFO  | [382/5211] sh.600525 ST长园 取到2424条 | 已用2388s ETA 30182s
2026-08-25 16:40:50,385 | INFO  | [383/5211] sh.600526 菲达环保 取到2424条 | 已用2392s ETA 30158s
2026-08-25 16:40:52,375 | INFO  | [384/5211] sh.600527 江南高纤 取到2424条 | 已用2394s ETA 30098s
2026-08-25 16:40:55,965 | INFO  | [385/5211] sh.600528 中铁工业 取到2424条 | 已用2398s ETA 30059s
2026-08-25 16:41:00,353 | INFO  | [386/5211] sh.600529 山东药玻 取到2424条 | 已用2402s ETA 30030s
2026-08-25 16:41:03,735 | INFO  | [387/5211] sh.600530 ST交昂 取到2424条 | 已用2406s ETA 29988s
2026-08-25 16:41:09,122 | INFO  | [388/5211] sh.600531 豫光金铅 取到2424条 | 已用2411s ETA 29971s
2026-08-25 16:41:12,258 | INFO  | [389/5211] sh.600533 栖霞建设 取到2424条 | 已用2414s ETA 29927s
2026-08-25 16:41:19,085 | INFO  | [390/5211] sh.600535 天士力 取到2424条 | 已用2421s ETA 29929s
2026-08-25 16:41:23,529 | INFO  | [391/5211] sh.600536 中国软件 取到2424条 | 已用2426s ETA 29901s
2026-08-25 16:41:54,537 | INFO  | [392/5211] sh.600537 *ST亿晶 取到2424条 | 已用2457s ETA 30199s
2026-08-25 16:41:59,207 | INFO  | [393/5211] sh.600538 国发股份 取到2424条 | 已用2461s ETA 30173s
2026-08-25 16:42:04,009 | INFO  | [394/5211] sh.600539 狮头股份 取到2424条 | 已用2466s ETA 30149s
2026-08-25 16:42:09,285 | INFO  | [395/5211] sh.600540 新赛股份 取到2424条 | 已用2471s ETA 30131s
2026-08-25 16:42:13,257 | INFO  | [396/5211] sh.600543 *ST莫高 取到2424条 | 已用2475s ETA 30097s
2026-08-25 16:42:16,442 | INFO  | [397/5211] sh.600545 卓郎智能 取到2424条 | 已用2478s ETA 30054s
2026-08-25 16:42:26,470 | INFO  | [398/5211] sh.600546 山煤国际 取到2424条 | 已用2488s ETA 30093s
2026-08-25 16:42:32,634 | INFO  | [399/5211] sh.600547 山东黄金 取到2424条 | 已用2495s ETA 30086s
2026-08-25 16:42:40,475 | INFO  | [400/5211] sh.600548 深高速 取到2424条 | 已用2502s ETA 30099s
2026-08-25 16:42:43,925 | INFO  | [401/5211] sh.600549 厦门钨业 取到2424条 | 已用2506s ETA 30059s
2026-08-25 16:42:47,164 | INFO  | [402/5211] sh.600550 保变电气 取到2424条 | 已用2509s ETA 30017s
2026-08-25 16:42:56,275 | INFO  | [403/5211] sh.600551 时代出版 取到2424条 | 已用2518s ETA 30045s
2026-08-25 16:43:01,965 | INFO  | [404/5211] sh.600552 凯盛科技 取到2424条 | 已用2524s ETA 30032s
2026-08-25 16:43:18,177 | INFO  | [405/5211] sh.600556 天下秀 取到2424条 | 已用2540s ETA 30144s
2026-08-25 16:43:22,975 | INFO  | [406/5211] sh.600557 康缘药业 取到2424条 | 已用2545s ETA 30120s
2026-08-25 16:43:26,790 | INFO  | [407/5211] sh.600558 大西洋 取到2424条 | 已用2549s ETA 30085s
2026-08-25 16:43:31,723 | INFO  | [408/5211] sh.600559 老白干酒 取到2424条 | 已用2554s ETA 30063s
2026-08-25 16:43:36,083 | INFO  | [409/5211] sh.600560 金自天正 取到2424条 | 已用2558s ETA 30034s
2026-08-25 16:43:38,991 | INFO  | [410/5211] sh.600561 江西长运 取到2424条 | 已用2561s ETA 29989s
2026-08-25 16:43:42,623 | INFO  | [411/5211] sh.600562 国睿科技 取到2424条 | 已用2565s ETA 29952s
2026-08-25 16:43:47,209 | INFO  | [412/5211] sh.600563 法拉电子 取到2424条 | 已用2569s ETA 29926s
2026-08-25 16:43:54,532 | INFO  | [413/5211] sh.600566 济川药业 取到2424条 | 已用2577s ETA 29933s
2026-08-25 16:44:01,807 | INFO  | [414/5211] sh.600567 山鹰国际 取到2424条 | 已用2584s ETA 29939s
2026-08-25 16:44:13,104 | INFO  | [415/5211] sh.600568 ST中珠 取到2424条 | 已用2595s ETA 29991s
2026-08-25 16:44:20,595 | INFO  | [416/5211] sh.600569 安阳钢铁 取到2424条 | 已用2603s ETA 29999s
2026-08-25 16:44:32,436 | INFO  | [417/5211] sh.600570 恒生电子 取到2424条 | 已用2614s ETA 30057s
2026-08-25 16:44:40,531 | INFO  | [418/5211] sh.600571 信雅达 取到2424条 | 已用2623s ETA 30071s
2026-08-25 16:44:59,908 | INFO  | [419/5211] sh.600572 康恩贝 取到2424条 | 已用2642s ETA 30215s
2026-08-25 16:45:03,866 | INFO  | [420/5211] sh.600573 惠泉啤酒 取到2424条 | 已用2646s ETA 30182s
2026-08-25 16:45:08,361 | INFO  | [421/5211] sh.600575 淮河能源 取到2424条 | 已用2650s ETA 30155s
2026-08-25 16:45:10,559 | INFO  | [422/5211] sh.600576 祥源文旅 取到2424条 | 已用2653s ETA 30102s
2026-08-25 16:45:14,038 | INFO  | [423/5211] sh.600577 精达股份 取到2424条 | 已用2656s ETA 30064s
2026-08-25 16:45:16,732 | INFO  | [424/5211] sh.600578 京能电力 取到2424条 | 已用2659s ETA 30018s
2026-08-25 16:45:26,942 | INFO  | [425/5211] sh.600579 中化装备 取到2424条 | 已用2669s ETA 30056s
2026-08-25 16:45:32,208 | INFO  | [426/5211] sh.600580 卧龙电驱 取到2424条 | 已用2674s ETA 30038s
2026-08-25 16:45:36,687 | INFO  | [427/5211] sh.600581 *ST八钢 取到2424条 | 已用2679s ETA 30011s
2026-08-25 16:45:41,625 | INFO  | [428/5211] sh.600582 天地科技 取到2424条 | 已用2684s ETA 29990s
2026-08-25 16:45:45,085 | INFO  | [429/5211] sh.600583 海油工程 取到2424条 | 已用2687s ETA 29953s
2026-08-25 16:45:52,179 | INFO  | [430/5211] sh.600584 长电科技 取到2424条 | 已用2694s ETA 29956s
2026-08-25 16:46:08,103 | INFO  | [431/5211] sh.600585 海螺水泥 取到2424条 | 已用2710s ETA 30057s
2026-08-25 16:46:16,961 | INFO  | [432/5211] sh.600586 金晶科技 取到2424条 | 已用2719s ETA 30079s
2026-08-25 16:46:20,335 | INFO  | [433/5211] sh.600587 新华医疗 取到2424条 | 已用2722s ETA 30040s
2026-08-25 16:46:28,392 | INFO  | [434/5211] sh.600588 用友网络 取到2424条 | 已用2730s ETA 30053s
2026-08-25 16:46:30,846 | INFO  | [435/5211] sh.600589 大位科技 取到2424条 | 已用2733s ETA 30005s
2026-08-25 16:46:42,883 | INFO  | [436/5211] sh.600590 泰豪科技 取到2424条 | 已用2745s ETA 30062s
2026-08-25 16:46:47,202 | INFO  | [437/5211] sh.600592 龙溪股份 取到2424条 | 已用2749s ETA 30034s
2026-08-25 16:46:52,146 | INFO  | [438/5211] sh.600593 大连圣亚 取到2424条 | 已用2754s ETA 30013s
2026-08-25 16:47:08,858 | INFO  | [439/5211] sh.600594 益佰制药 取到2424条 | 已用2771s ETA 30120s
2026-08-25 16:47:12,617 | INFO  | [440/5211] sh.600595 中孚实业 取到2424条 | 已用2775s ETA 30086s
2026-08-25 16:47:16,771 | INFO  | [441/5211] sh.600596 新安股份 取到2424条 | 已用2779s ETA 30056s
2026-08-25 16:47:26,851 | INFO  | [442/5211] sh.600597 光明乳业 取到2424条 | 已用2789s ETA 30091s
2026-08-25 16:47:34,890 | INFO  | [443/5211] sh.600598 北大荒 取到2424条 | 已用2797s ETA 30103s
2026-08-25 16:47:40,431 | INFO  | [444/5211] sh.600600 青岛啤酒 取到2424条 | 已用2802s ETA 30088s
2026-08-25 16:47:44,928 | INFO  | [445/5211] sh.600601 方正科技 取到2424条 | 已用2807s ETA 30063s
2026-08-25 16:47:56,742 | INFO  | [446/5211] sh.600602 云赛智联 取到2424条 | 已用2819s ETA 30115s
2026-08-25 16:48:09,601 | INFO  | [447/5211] sh.600603 广汇物流 取到2424条 | 已用2832s ETA 30179s
2026-08-25 16:48:14,763 | INFO  | [448/5211] sh.600604 市北高新 取到2424条 | 已用2837s ETA 30160s
2026-08-25 16:48:18,809 | INFO  | [449/5211] sh.600605 汇通能源 取到2424条 | 已用2841s ETA 30129s
2026-08-25 16:48:25,313 | INFO  | [450/5211] sh.600606 绿地控股 取到2424条 | 已用2847s ETA 30125s
2026-08-25 16:48:33,670 | INFO  | [451/5211] sh.600609 金杯汽车 取到2424条 | 已用2856s ETA 30140s
2026-08-25 16:48:38,735 | INFO  | [452/5211] sh.600610 中毅达 取到2424条 | 已用2861s ETA 30120s
2026-08-25 16:48:42,573 | INFO  | [453/5211] sh.600611 大众交通 取到2424条 | 已用2865s ETA 30088s
2026-08-25 16:48:49,303 | INFO  | [454/5211] sh.600612 老凤祥 取到2424条 | 已用2871s ETA 30086s
2026-08-25 16:48:53,140 | INFO  | [455/5211] sh.600613 神奇制药 取到2424条 | 已用2875s ETA 30053s
2026-08-25 16:49:02,554 | INFO  | [456/5211] sh.600615 鑫源智造 取到2424条 | 已用2885s ETA 30079s
2026-08-25 16:49:07,729 | INFO  | [457/5211] sh.600616 金枫酒业 取到2424条 | 已用2890s ETA 30061s
2026-08-25 16:49:10,075 | INFO  | [458/5211] sh.600617 国新能源 取到2424条 | 已用2892s ETA 30013s
2026-08-25 16:49:12,157 | INFO  | [459/5211] sh.600618 氯碱化工 取到2424条 | 已用2894s ETA 29963s
2026-08-25 16:49:17,466 | INFO  | [460/5211] sh.600619 海立股份 取到2424条 | 已用2899s ETA 29947s
2026-08-25 16:49:22,083 | INFO  | [461/5211] sh.600620 天宸股份 取到2424条 | 已用2904s ETA 29923s
2026-08-25 16:49:30,086 | INFO  | [462/5211] sh.600621 华鑫股份 取到2424条 | 已用2912s ETA 29934s
2026-08-25 16:49:32,221 | INFO  | [463/5211] sh.600622 光大嘉宝 取到2424条 | 已用2914s ETA 29885s
2026-08-25 16:49:39,900 | INFO  | [464/5211] sh.600623 华谊集团 取到2424条 | 已用2922s ETA 29893s
2026-08-25 16:49:44,545 | INFO  | [465/5211] sh.600624 ST复华 取到2424条 | 已用2927s ETA 29870s
2026-08-25 16:49:47,197 | INFO  | [466/5211] sh.600626 申达股份 取到2424条 | 已用2929s ETA 29826s
2026-08-25 16:49:51,202 | INFO  | [467/5211] sh.600628 新世界 取到2424条 | 已用2933s ETA 29797s
2026-08-25 16:49:54,446 | INFO  | [468/5211] sh.600629 华建集团 取到2424条 | 已用2936s ETA 29760s
2026-08-25 16:49:59,961 | INFO  | [469/5211] sh.600630 龙头股份 取到2424条 | 已用2942s ETA 29746s
2026-08-25 16:50:03,903 | INFO  | [470/5211] sh.600633 浙数文化 取到2424条 | 已用2946s ETA 29716s
2026-08-25 16:50:09,282 | INFO  | [471/5211] sh.600635 大众公用 取到2424条 | 已用2951s ETA 29701s
2026-08-25 16:50:17,833 | INFO  | [472/5211] sh.600637 东方明珠 取到2424条 | 已用2960s ETA 29718s
2026-08-25 16:50:22,011 | INFO  | [473/5211] sh.600638 新黄浦 取到2424条 | 已用2964s ETA 29690s
2026-08-25 16:50:25,805 | INFO  | [474/5211] sh.600639 浦东金桥 取到2424条 | 已用2968s ETA 29659s
2026-08-25 16:50:31,307 | INFO  | [475/5211] sh.600640 国脉文化 取到2424条 | 已用2973s ETA 29646s
2026-08-25 16:50:41,155 | INFO  | [476/5211] sh.600641 先导基电 取到2424条 | 已用2983s ETA 29675s
2026-08-25 16:50:46,481 | INFO  | [477/5211] sh.600642 申能股份 取到2424条 | 已用2988s ETA 29659s
2026-08-25 16:50:50,282 | INFO  | [478/5211] sh.600643 爱建集团 取到2424条 | 已用2992s ETA 29629s
2026-08-25 16:50:54,489 | INFO  | [479/5211] sh.600644 乐山电力 取到2424条 | 已用2997s ETA 29602s
2026-08-25 16:50:58,527 | INFO  | [480/5211] sh.600645 中源协和 取到2424条 | 已用3001s ETA 29574s
2026-08-25 16:51:05,088 | INFO  | [481/5211] sh.600648 外高桥 取到2424条 | 已用3007s ETA 29571s
2026-08-25 16:51:07,687 | INFO  | [482/5211] sh.600649 城投控股 取到2424条 | 已用3010s ETA 29529s
2026-08-25 16:51:11,985 | INFO  | [483/5211] sh.600650 锦江在线 取到2424条 | 已用3014s ETA 29503s
2026-08-25 16:51:15,313 | INFO  | [484/5211] sh.600651 飞乐音响 取到2424条 | 已用3017s ETA 29469s
2026-08-25 16:51:17,655 | INFO  | [485/5211] sh.600653 申华控股 取到2424条 | 已用3020s ETA 29425s
2026-08-25 16:51:20,396 | INFO  | [486/5211] sh.600654 中安科 取到2424条 | 已用3022s ETA 29385s
2026-08-25 16:51:23,871 | INFO  | [487/5211] sh.600655 豫园股份 取到2424条 | 已用3026s ETA 29352s
2026-08-25 16:51:29,707 | INFO  | [488/5211] sh.600657 信达地产 取到2424条 | 已用3032s ETA 29342s
2026-08-25 16:51:42,913 | INFO  | [489/5211] sh.600658 电子城 取到2424条 | 已用3045s ETA 29403s
2026-08-25 16:51:45,752 | INFO  | [490/5211] sh.600660 福耀玻璃 取到2424条 | 已用3048s ETA 29364s
2026-08-25 16:51:51,980 | INFO  | [491/5211] sh.600661 昂立教育 取到2424条 | 已用3054s ETA 29358s
2026-08-25 16:51:59,557 | INFO  | [492/5211] sh.600662 外服控股 取到2424条 | 已用3062s ETA 29365s
2026-08-25 16:52:02,629 | INFO  | [493/5211] sh.600663 陆家嘴 取到2424条 | 已用3065s ETA 29329s
2026-08-25 16:52:07,173 | INFO  | [494/5211] sh.600664 哈药股份 取到2424条 | 已用3069s ETA 29306s
2026-08-25 16:52:09,623 | INFO  | [495/5211] sh.600665 天地源 取到2424条 | 已用3072s ETA 29264s
2026-08-25 16:52:19,778 | INFO  | [496/5211] sh.600666 奥瑞德 取到2424条 | 已用3082s ETA 29296s
2026-08-25 16:52:24,853 | INFO  | [497/5211] sh.600667 太极实业 取到2424条 | 已用3087s ETA 29279s
2026-08-25 16:52:26,639 | INFO  | [498/5211] sh.600668 尖峰集团 取到2424条 | 已用3089s ETA 29231s
2026-08-25 16:52:31,603 | INFO  | [499/5211] sh.600671 天目药业 取到2424条 | 已用3094s ETA 29213s
2026-08-25 16:52:35,444 | INFO  | [500/5211] sh.600673 东阳光 取到2424条 | 已用3097s ETA 29184s
2026-08-25 16:52:39,755 | INFO  | [501/5211] sh.600674 川投能源 取到2424条 | 已用3102s ETA 29160s
2026-08-25 16:52:45,047 | INFO  | [502/5211] sh.600675 中华企业 取到2424条 | 已用3107s ETA 29146s
2026-08-25 16:52:47,881 | INFO  | [503/5211] sh.600676 久事动娱 取到2424条 | 已用3110s ETA 29108s
2026-08-25 16:52:52,276 | INFO  | [504/5211] sh.600678 ST金顶 取到2424条 | 已用3114s ETA 29085s
2026-08-25 16:52:57,712 | INFO  | [505/5211] sh.600679 上海凤凰 取到2424条 | 已用3120s ETA 29072s
2026-08-25 16:53:03,001 | INFO  | [506/5211] sh.600681 百川能源 取到2424条 | 已用3125s ETA 29058s
2026-08-25 16:53:06,271 | INFO  | [507/5211] sh.600682 南京新百 取到2424条 | 已用3128s ETA 29025s
2026-08-25 16:53:11,696 | INFO  | [508/5211] sh.600683 京投发展 取到2424条 | 已用3134s ETA 29012s
2026-08-25 16:53:15,988 | INFO  | [509/5211] sh.600684 珠江股份 取到2424条 | 已用3138s ETA 28988s
2026-08-25 16:53:19,363 | INFO  | [510/5211] sh.600685 中船防务 取到2424条 | 已用3141s ETA 28956s
2026-08-25 16:53:27,166 | INFO  | [511/5211] sh.600686 金龙汽车 取到2424条 | 已用3149s ETA 28965s
2026-08-25 16:53:29,783 | INFO  | [512/5211] sh.600688 上海石化 取到2424条 | 已用3152s ETA 28926s
2026-08-25 16:53:39,117 | INFO  | [513/5211] sh.600689 上海三毛 取到2424条 | 已用3161s ETA 28949s
2026-08-25 16:53:42,440 | INFO  | [514/5211] sh.600690 海尔智家 取到2424条 | 已用3164s ETA 28917s
2026-08-25 16:53:45,843 | INFO  | [515/5211] sh.600691 潞化科技 取到2424条 | 已用3168s ETA 28886s
2026-08-25 16:54:17,157 | INFO  | [516/5211] sh.600692 亚通股份 取到2424条 | 已用3199s ETA 29109s
2026-08-25 16:54:19,619 | INFO  | [517/5211] sh.600693 东百集团 取到2424条 | 已用3202s ETA 29069s
2026-08-25 16:54:30,344 | INFO  | [518/5211] sh.600694 大商股份 取到2424条 | 已用3212s ETA 29103s
2026-08-25 16:54:33,450 | INFO  | [519/5211] sh.600697 欧亚集团 取到2424条 | 已用3215s ETA 29069s
2026-08-25 16:54:36,605 | INFO  | [520/5211] sh.600698 湖南天雁 取到2424条 | 已用3219s ETA 29036s
2026-08-25 16:54:40,018 | INFO  | [521/5211] sh.600699 均胜电子 取到2424条 | 已用3222s ETA 29004s
2026-08-25 16:54:43,216 | INFO  | [522/5211] sh.600702 舍得酒业 取到2424条 | 已用3225s ETA 28971s
2026-08-25 16:54:50,294 | INFO  | [523/5211] sh.600703 三安光电 取到2424条 | 已用3232s ETA 28973s
2026-08-25 16:54:54,774 | INFO  | [524/5211] sh.600704 物产中大 取到2424条 | 已用3237s ETA 28952s
2026-08-25 16:54:59,046 | INFO  | [525/5211] sh.600706 曲江文旅 取到2424条 | 已用3241s ETA 28929s
2026-08-25 16:55:04,227 | INFO  | [526/5211] sh.600707 彩虹股份 取到2424条 | 已用3246s ETA 28914s
2026-08-25 16:55:12,729 | INFO  | [527/5211] sh.600708 光明地产 取到2424条 | 已用3255s ETA 28928s
2026-08-25 16:55:15,360 | INFO  | [528/5211] sh.600710 苏美达 取到2424条 | 已用3257s ETA 28891s
2026-08-25 16:55:20,200 | INFO  | [529/5211] sh.600711 盛屯矿业 取到2424条 | 已用3262s ETA 28873s
2026-08-25 16:55:28,015 | INFO  | [530/5211] sh.600712 南宁百货 取到2424条 | 已用3270s ETA 28881s
2026-08-25 16:55:31,283 | INFO  | [531/5211] sh.600713 南京医药 取到2424条 | 已用3273s ETA 28849s
2026-08-25 16:55:34,417 | INFO  | [532/5211] sh.600714 金瑞矿业 取到2424条 | 已用3276s ETA 28817s
2026-08-25 16:55:38,194 | INFO  | [533/5211] sh.600715 文投控股 取到2424条 | 已用3280s ETA 28790s
2026-08-25 16:55:41,993 | INFO  | [534/5211] sh.600716 凤凰股份 取到2424条 | 已用3284s ETA 28763s
2026-08-25 16:55:44,021 | INFO  | [535/5211] sh.600717 天津港 取到2424条 | 已用3286s ETA 28721s
2026-08-25 16:55:47,691 | INFO  | [536/5211] sh.600718 东软集团 取到2424条 | 已用3290s ETA 28693s
2026-08-25 16:55:53,513 | INFO  | [537/5211] sh.600719 大连热电 取到2424条 | 已用3296s ETA 28684s
2026-08-25 16:56:07,487 | INFO  | [538/5211] sh.600720 中交设计 取到2424条 | 已用3310s ETA 28746s
2026-08-25 16:56:11,689 | INFO  | [539/5211] sh.600721 百花医药 取到2424条 | 已用3314s ETA 28723s
2026-08-25 16:56:16,813 | INFO  | [540/5211] sh.600722 金牛化工 取到2424条 | 已用3319s ETA 28708s
2026-08-25 16:56:24,407 | INFO  | [541/5211] sh.600724 宁波富达 取到2424条 | 已用3326s ETA 28714s
2026-08-25 16:56:26,008 | INFO  | [542/5211] sh.600725 云维股份 取到2424条 | 已用3328s ETA 28669s
2026-08-25 16:56:29,862 | INFO  | [543/5211] sh.600726 华电能源 取到2424条 | 已用3332s ETA 28643s
2026-08-25 16:56:36,350 | INFO  | [544/5211] sh.600727 鲁北化工 取到2424条 | 已用3338s ETA 28640s
2026-08-25 16:56:38,703 | INFO  | [545/5211] sh.600728 佳都科技 取到2424条 | 已用3341s ETA 28601s
2026-08-25 16:56:40,988 | INFO  | [546/5211] sh.600729 重百集团 取到2424条 | 已用3343s ETA 28562s
2026-08-25 16:56:44,942 | INFO  | [547/5211] sh.600730 *ST高科 取到2424条 | 已用3347s ETA 28538s
2026-08-25 16:56:53,154 | INFO  | [548/5211] sh.600731 湖南海利 取到2424条 | 已用3355s ETA 28550s
2026-08-25 16:56:58,161 | INFO  | [549/5211] sh.600732 爱旭股份 取到2424条 | 已用3360s ETA 28534s
2026-08-25 16:57:01,937 | INFO  | [550/5211] sh.600733 北汽蓝谷 取到2424条 | 已用3364s ETA 28508s
2026-08-25 16:57:07,446 | INFO  | [551/5211] sh.600734 *ST实达 取到2424条 | 已用3369s ETA 28497s
2026-08-25 16:57:11,041 | INFO  | [552/5211] sh.600735 ST新华锦 取到2424条 | 已用3373s ETA 28469s
2026-08-25 16:57:21,049 | INFO  | [553/5211] sh.600736 苏州高新 取到2424条 | 已用3383s ETA 28496s
2026-08-25 16:57:26,929 | INFO  | [554/5211] sh.600737 中粮糖业 取到2424条 | 已用3389s ETA 28488s
2026-08-25 16:57:35,566 | INFO  | [555/5211] sh.600738 丽尚国潮 取到2424条 | 已用3398s ETA 28503s
2026-08-25 16:57:37,976 | INFO  | [556/5211] sh.600739 辽宁成大 取到2424条 | 已用3400s ETA 28466s
2026-08-25 16:57:39,715 | INFO  | [557/5211] sh.600740 山西焦化 取到2424条 | 已用3402s ETA 28423s
2026-08-25 16:57:50,444 | INFO  | [558/5211] sh.600741 华域汽车 取到2424条 | 已用3412s ETA 28456s
2026-08-25 16:57:55,256 | INFO  | [559/5211] sh.600742 富维股份 取到2424条 | 已用3417s ETA 28439s
2026-08-25 16:57:58,445 | INFO  | [560/5211] sh.600743 华远控股 取到2424条 | 已用3420s ETA 28408s
2026-08-25 16:58:04,318 | INFO  | [561/5211] sh.600744 华银电力 取到2424条 | 已用3426s ETA 28400s
2026-08-25 16:58:09,704 | INFO  | [562/5211] sh.600745 *ST闻泰 取到2424条 | 已用3432s ETA 28388s
2026-08-25 16:58:21,454 | INFO  | [563/5211] sh.600746 江苏索普 取到2424条 | 已用3443s ETA 28428s
2026-08-25 16:58:24,566 | INFO  | [564/5211] sh.600748 上实发展 取到2424条 | 已用3447s ETA 28398s
2026-08-25 16:58:32,185 | INFO  | [565/5211] sh.600749 西藏旅游 取到2424条 | 已用3454s ETA 28404s
2026-08-25 16:58:38,702 | INFO  | [566/5211] sh.600750 华润江中 取到2424条 | 已用3461s ETA 28401s
2026-08-25 16:58:41,775 | INFO  | [567/5211] sh.600751 海航科技 取到2424条 | 已用3464s ETA 28370s
2026-08-25 16:58:49,336 | INFO  | [568/5211] sh.600753 ST海钦 取到2424条 | 已用3471s ETA 28376s
2026-08-25 16:58:51,682 | INFO  | [569/5211] sh.600754 锦江酒店 取到2424条 | 已用3474s ETA 28339s
2026-08-25 16:59:01,711 | INFO  | [570/5211] sh.600755 厦门国贸 取到2424条 | 已用3484s ETA 28365s
2026-08-25 16:59:08,824 | INFO  | [571/5211] sh.600756 浪潮软件 取到2424条 | 已用3491s ETA 28367s
2026-08-25 16:59:12,782 | INFO  | [572/5211] sh.600757 长江传媒 取到2424条 | 已用3495s ETA 28343s
2026-08-25 16:59:17,649 | INFO  | [573/5211] sh.600758 辽宁能源 取到2424条 | 已用3500s ETA 28327s
2026-08-25 16:59:23,071 | INFO  | [574/5211] sh.600759 ST洲际 取到2424条 | 已用3505s ETA 28315s
2026-08-25 16:59:27,534 | INFO  | [575/5211] sh.600760 中航沈飞 取到2424条 | 已用3510s ETA 28296s
2026-08-25 16:59:31,507 | INFO  | [576/5211] sh.600761 安徽合力 取到2424条 | 已用3514s ETA 28273s
2026-08-25 16:59:42,161 | INFO  | [577/5211] sh.600763 通策医疗 取到2424条 | 已用3524s ETA 28303s
2026-08-25 16:59:44,248 | INFO  | [578/5211] sh.600764 中国海防 取到2424条 | 已用3526s ETA 28265s
2026-08-25 16:59:49,808 | INFO  | [579/5211] sh.600765 中航重机 取到2424条 | 已用3532s ETA 28255s
2026-08-25 16:59:52,682 | INFO  | [580/5211] sh.600768 富邦新材 取到2424条 | 已用3535s ETA 28223s
2026-08-25 17:00:03,858 | INFO  | [581/5211] sh.600769 祥龙电业 取到2424条 | 已用3546s ETA 28257s
2026-08-25 17:00:14,205 | INFO  | [582/5211] sh.600770 综艺股份 取到2424条 | 已用3556s ETA 28285s
2026-08-25 17:00:17,648 | INFO  | [583/5211] sh.600771 广誉远 取到2424条 | 已用3560s ETA 28257s
2026-08-25 17:00:27,630 | INFO  | [584/5211] sh.600773 西藏城投 取到2424条 | 已用3570s ETA 28282s
2026-08-25 17:00:47,208 | INFO  | [585/5211] sh.600774 汉商集团 取到2424条 | 已用3589s ETA 28382s
2026-08-25 17:00:50,899 | INFO  | [586/5211] sh.600775 南京熊猫 取到2424条 | 已用3593s ETA 28357s
2026-08-25 17:00:55,478 | INFO  | [587/5211] sh.600776 东方通信 取到2424条 | 已用3597s ETA 28339s
2026-08-25 17:00:57,399 | INFO  | [588/5211] sh.600777 新潮能源 取到2424条 | 已用3599s ETA 28299s
2026-08-25 17:01:05,620 | INFO  | [589/5211] sh.600778 友好集团 取到2424条 | 已用3608s ETA 28310s
2026-08-25 17:01:12,259 | INFO  | [590/5211] sh.600779 水井坊 取到2424条 | 已用3614s ETA 28308s
2026-08-25 17:01:23,166 | INFO  | [591/5211] sh.600780 通宝能源 取到2424条 | 已用3625s ETA 28339s
2026-08-25 17:01:28,802 | INFO  | [592/5211] sh.600782 新钢股份 取到2424条 | 已用3631s ETA 28329s
2026-08-25 17:01:35,132 | INFO  | [593/5211] sh.600783 鲁信创投 取到2424条 | 已用3637s ETA 28324s
2026-08-25 17:01:38,940 | INFO  | [594/5211] sh.600784 鲁银投资 取到2424条 | 已用3641s ETA 28300s
2026-08-25 17:01:50,049 | INFO  | [595/5211] sh.600785 新华百货 取到2424条 | 已用3652s ETA 28333s
2026-08-25 17:01:53,905 | INFO  | [596/5211] sh.600787 中储股份 取到2424条 | 已用3656s ETA 28309s
2026-08-25 17:02:01,721 | INFO  | [597/5211] sh.600789 鲁抗医药 取到2424条 | 已用3664s ETA 28316s
2026-08-25 17:02:05,398 | INFO  | [598/5211] sh.600790 轻纺城 取到2424条 | 已用3667s ETA 28291s
2026-08-25 17:02:08,004 | INFO  | [599/5211] sh.600791 京能置业 取到2424条 | 已用3670s ETA 28257s
2026-08-25 17:02:13,251 | INFO  | [600/5211] sh.600792 云煤能源 取到2424条 | 已用3675s ETA 28244s
2026-08-25 17:02:17,082 | INFO  | [601/5211] sh.600793 宜宾纸业 取到2424条 | 已用3679s ETA 28221s
2026-08-25 17:02:22,799 | INFO  | [602/5211] sh.600794 保税科技 取到2424条 | 已用3685s ETA 28211s
2026-08-25 17:02:32,468 | INFO  | [603/5211] sh.600795 国电电力 取到2424条 | 已用3694s ETA 28232s
2026-08-25 17:02:35,075 | INFO  | [604/5211] sh.600796 钱江生化 取到2424条 | 已用3697s ETA 28199s
2026-08-25 17:02:40,988 | INFO  | [605/5211] sh.600797 浙大网新 取到2424条 | 已用3703s ETA 28192s
2026-08-25 17:02:44,920 | INFO  | [606/5211] sh.600798 宁波海运 取到2424条 | 已用3707s ETA 28169s
2026-08-25 17:02:48,658 | INFO  | [607/5211] sh.600800 渤海化学 取到2424条 | 已用3711s ETA 28145s
2026-08-25 17:02:55,654 | INFO  | [608/5211] sh.600801 华新建材 取到2424条 | 已用3718s ETA 28145s
2026-08-25 17:03:06,556 | INFO  | [609/5211] sh.600802 福建水泥 取到2424条 | 已用3729s ETA 28176s
2026-08-25 17:03:10,398 | INFO  | [610/5211] sh.600803 新奥股份 取到2424条 | 已用3732s ETA 28152s
2026-08-25 17:03:14,786 | INFO  | [611/5211] sh.600805 悦达投资 取到2424条 | 已用3737s ETA 28133s
2026-08-25 17:03:18,901 | INFO  | [612/5211] sh.600807 济高发展 取到2424条 | 已用3741s ETA 28112s
2026-08-25 17:04:20,193 | INFO  | [613/5211] sh.600808 马钢股份 取到2424条 | 已用3802s ETA 28520s
2026-08-25 17:04:25,448 | INFO  | [614/5211] sh.600809 山西汾酒 取到2424条 | 已用3807s ETA 28506s
2026-08-25 17:04:28,208 | INFO  | [615/5211] sh.600810 神马股份 取到2424条 | 已用3810s ETA 28474s
2026-08-25 17:04:34,421 | INFO  | [616/5211] sh.600812 华北制药 取到2424条 | 已用3816s ETA 28468s
2026-08-25 17:04:39,979 | INFO  | [617/5211] sh.600814 杭州解百 取到2424条 | 已用3822s ETA 28457s
2026-08-25 17:04:42,135 | INFO  | [618/5211] sh.600815 厦工股份 取到2424条 | 已用3824s ETA 28421s
2026-08-25 17:04:47,351 | INFO  | [619/5211] sh.600816 建元信托 取到2424条 | 已用3829s ETA 28408s
2026-08-25 17:04:50,827 | INFO  | [620/5211] sh.600817 宇通重工 取到2424条 | 已用3833s ETA 28382s
2026-08-25 17:04:53,033 | INFO  | [621/5211] sh.600818 ST中路 取到2424条 | 已用3835s ETA 28346s
2026-08-25 17:04:58,579 | INFO  | [622/5211] sh.600819 耀皮玻璃 取到2424条 | 已用3841s ETA 28335s
2026-08-25 17:05:42,186 | WARNING | sh.600820 第1次请求失败: error_code=10002007 msg=网络接收错误。
2026-08-25 17:06:20,639 | INFO  | [623/5211] sh.600820 隧道股份 取到2424条 | 已用3923s ETA 28888s
2026-08-25 17:06:30,011 | INFO  | [624/5211] sh.600821 金开新能 取到2424条 | 已用3932s ETA 28904s
2026-08-25 17:06:34,168 | INFO  | [625/5211] sh.600822 上海物贸 取到2424条 | 已用3936s ETA 28882s
2026-08-25 17:06:38,128 | INFO  | [626/5211] sh.600824 益民集团 取到2424条 | 已用3940s ETA 28859s
2026-08-25 17:06:39,916 | INFO  | [627/5211] sh.600825 新华传媒 取到2424条 | 已用3942s ETA 28819s
2026-08-25 17:06:42,667 | INFO  | [628/5211] sh.600826 兰生股份 取到2424条 | 已用3945s ETA 28787s
2026-08-25 17:06:46,556 | INFO  | [629/5211] sh.600827 百联股份 取到2424条 | 已用3949s ETA 28764s
2026-08-25 17:06:51,967 | INFO  | [630/5211] sh.600828 茂业商业 取到2424条 | 已用3954s ETA 28751s
2026-08-25 17:06:59,809 | INFO  | [631/5211] sh.600829 人民同泰 取到2424条 | 已用3962s ETA 28756s
2026-08-25 17:07:09,009 | INFO  | [632/5211] sh.600830 香溢融通 取到2424条 | 已用3971s ETA 28771s
2026-08-25 17:07:13,738 | INFO  | [633/5211] sh.600831 广电网络 取到2424条 | 已用3976s ETA 28754s
2026-08-25 17:07:17,521 | INFO  | [634/5211] sh.600833 第一医药 取到2424条 | 已用3980s ETA 28729s
2026-08-25 17:07:20,085 | INFO  | [635/5211] sh.600834 申通地铁 取到2424条 | 已用3982s ETA 28696s
2026-08-25 17:07:37,078 | INFO  | [636/5211] sh.600835 上海机电 取到2424条 | 已用3999s ETA 28767s
2026-08-25 17:07:41,554 | INFO  | [637/5211] sh.600838 上海九百 取到2424条 | 已用4004s ETA 28748s
2026-08-25 17:07:53,522 | INFO  | [638/5211] sh.600839 四川长虹 取到2424条 | 已用4016s ETA 28782s
2026-08-25 17:07:57,665 | INFO  | [639/5211] sh.600841 动力新科 取到2424条 | 已用4020s ETA 28761s
2026-08-25 17:08:01,178 | INFO  | [640/5211] sh.600843 上工申贝 取到2424条 | 已用4023s ETA 28734s
2026-08-25 17:08:06,027 | INFO  | [641/5211] sh.600844 金煤科技 取到2424条 | 已用4028s ETA 28718s
2026-08-25 17:08:10,978 | INFO  | [642/5211] sh.600845 宝信软件 取到2424条 | 已用4033s ETA 28702s
2026-08-25 17:08:15,362 | INFO  | [643/5211] sh.600846 同济科技 取到2424条 | 已用4037s ETA 28682s
2026-08-25 17:08:19,090 | INFO  | [644/5211] sh.600847 万里股份 取到2424条 | 已用4041s ETA 28658s
2026-08-25 17:08:24,186 | INFO  | [645/5211] sh.600848 上海临港 取到2424条 | 已用4046s ETA 28643s
2026-08-25 17:08:26,937 | INFO  | [646/5211] sh.600850 电科数字 取到2424条 | 已用4049s ETA 28612s
2026-08-25 17:08:33,150 | INFO  | [647/5211] sh.600851 海欣股份 取到2424条 | 已用4055s ETA 28606s
2026-08-25 17:08:36,078 | INFO  | [648/5211] sh.600853 龙建股份 取到2424条 | 已用4058s ETA 28576s
2026-08-25 17:08:39,273 | INFO  | [649/5211] sh.600854 春兰股份 取到2424条 | 已用4061s ETA 28548s
2026-08-25 17:08:46,670 | INFO  | [650/5211] sh.600855 航天长峰 取到2424条 | 已用4069s ETA 28550s
2026-08-25 17:08:51,418 | INFO  | [651/5211] sh.600857 宁波中百 取到2424条 | 已用4073s ETA 28533s
2026-08-25 17:08:58,173 | INFO  | [652/5211] sh.600858 银座股份 取到2424条 | 已用4080s ETA 28530s
2026-08-25 17:09:04,481 | INFO  | [653/5211] sh.600859 王府井 取到2424条 | 已用4086s ETA 28524s
2026-08-25 17:09:08,078 | INFO  | [654/5211] sh.600860 京城股份 取到2424条 | 已用4090s ETA 28499s
2026-08-25 17:09:15,236 | INFO  | [655/5211] sh.600861 北京人力 取到2424条 | 已用4097s ETA 28499s
2026-08-25 17:09:22,604 | INFO  | [656/5211] sh.600862 中航高科 取到2424条 | 已用4105s ETA 28501s
2026-08-25 17:09:26,583 | INFO  | [657/5211] sh.600863 华能蒙电 取到2424条 | 已用4109s ETA 28479s
2026-08-25 17:09:30,460 | INFO  | [658/5211] sh.600864 哈投股份 取到2424条 | 已用4112s ETA 28456s
2026-08-25 17:09:36,999 | INFO  | [659/5211] sh.600865 百大集团 取到2424条 | 已用4119s ETA 28452s
2026-08-25 17:09:41,437 | INFO  | [660/5211] sh.600866 星湖科技 取到2424条 | 已用4123s ETA 28433s
2026-08-25 17:09:45,799 | INFO  | [661/5211] sh.600867 通化东宝 取到2424条 | 已用4128s ETA 28414s
2026-08-25 17:09:48,254 | INFO  | [662/5211] sh.600868 梅雁吉祥 取到2424条 | 已用4130s ETA 28382s
2026-08-25 17:09:52,097 | INFO  | [663/5211] sh.600869 远东股份 取到2424条 | 已用4134s ETA 28359s
2026-08-25 17:09:59,747 | INFO  | [664/5211] sh.600871 石化油服 取到2424条 | 已用4142s ETA 28362s
2026-08-25 17:10:06,059 | INFO  | [665/5211] sh.600872 中炬高新 取到2424条 | 已用4148s ETA 28357s
2026-08-25 17:10:11,118 | INFO  | [666/5211] sh.600873 梅花生物 取到2424条 | 已用4153s ETA 28342s
2026-08-25 17:10:15,841 | INFO  | [667/5211] sh.600874 创业环保 取到2424条 | 已用4158s ETA 28326s
2026-08-25 17:10:30,942 | INFO  | [668/5211] sh.600875 东方电气 取到2424条 | 已用4173s ETA 28380s
2026-08-25 17:10:36,296 | INFO  | [669/5211] sh.600876 凯盛新能 取到2424条 | 已用4178s ETA 28368s
2026-08-25 17:10:48,417 | INFO  | [670/5211] sh.600877 电科芯片 取到2424条 | 已用4190s ETA 28401s
2026-08-25 17:10:52,748 | INFO  | [671/5211] sh.600879 航天电子 取到2424条 | 已用4195s ETA 28382s
2026-08-25 17:10:55,722 | INFO  | [672/5211] sh.600880 博瑞传播 取到2424条 | 已用4198s ETA 28353s
2026-08-25 17:11:00,095 | INFO  | [673/5211] sh.600881 亚泰集团 取到2424条 | 已用4202s ETA 28335s
2026-08-25 17:11:03,691 | INFO  | [674/5211] sh.600882 妙可蓝多 取到2424条 | 已用4206s ETA 28311s
2026-08-25 17:11:10,421 | INFO  | [675/5211] sh.600883 博闻科技 取到2424条 | 已用4212s ETA 28308s
2026-08-25 17:11:16,674 | INFO  | [676/5211] sh.600884 杉杉股份 取到2424条 | 已用4219s ETA 28301s
2026-08-25 17:11:23,612 | INFO  | [677/5211] sh.600885 宏发股份 取到2424条 | 已用4226s ETA 28300s
2026-08-25 17:11:27,475 | INFO  | [678/5211] sh.600886 国投电力 取到2424条 | 已用4229s ETA 28278s
2026-08-25 17:11:32,891 | INFO  | [679/5211] sh.600887 伊利股份 取到2424条 | 已用4235s ETA 28266s
2026-08-25 17:11:40,113 | INFO  | [680/5211] sh.600888 新疆众和 取到2424条 | 已用4242s ETA 28266s
2026-08-25 17:11:53,557 | INFO  | [681/5211] sh.600889 *ST京化 取到2424条 | 已用4256s ETA 28308s
2026-08-25 17:11:56,310 | INFO  | [682/5211] sh.600892 大晟文化 取到2424条 | 已用4258s ETA 28279s
2026-08-25 17:12:01,315 | INFO  | [683/5211] sh.600893 航发动力 取到2424条 | 已用4263s ETA 28264s
2026-08-25 17:12:07,411 | INFO  | [684/5211] sh.600894 广日股份 取到2424条 | 已用4269s ETA 28257s
2026-08-25 17:12:17,387 | INFO  | [685/5211] sh.600895 张江高科 取到2424条 | 已用4279s ETA 28275s
2026-08-25 17:12:25,684 | INFO  | [686/5211] sh.600897 厦门空港 取到2424条 | 已用4288s ETA 28283s
2026-08-25 17:12:37,472 | INFO  | [687/5211] sh.600900 长江电力 取到2424条 | 已用4299s ETA 28313s
2026-08-25 17:12:47,464 | INFO  | [688/5211] sh.600901 江苏金租 取到2060条 | 已用4309s ETA 28331s
2026-08-25 17:12:55,433 | INFO  | [689/5211] sh.600903 贵州燃气 取到2136条 | 已用4317s ETA 28336s
2026-08-25 17:12:56,800 | INFO  | [690/5211] sh.600905 三峡能源 取到1263条 | 已用4319s ETA 28298s
2026-08-25 17:13:02,437 | INFO  | [691/5211] sh.600906 财达证券 取到1287条 | 已用4324s ETA 28287s
2026-08-25 17:13:05,161 | INFO  | [692/5211] sh.600908 无锡银行 取到2407条 | 已用4327s ETA 28258s
2026-08-25 17:13:09,460 | INFO  | [693/5211] sh.600909 华安证券 取到2360条 | 已用4331s ETA 28239s
2026-08-25 17:13:13,162 | INFO  | [694/5211] sh.600916 中国黄金 取到1343条 | 已用4335s ETA 28216s
2026-08-25 17:13:17,953 | INFO  | [695/5211] sh.600917 重庆燃气 取到2424条 | 已用4340s ETA 28200s
2026-08-25 17:13:20,168 | INFO  | [696/5211] sh.600918 中泰证券 取到1511条 | 已用4342s ETA 28168s
2026-08-25 17:13:26,271 | INFO  | [697/5211] sh.600919 江苏银行 取到2424条 | 已用4348s ETA 28161s
2026-08-25 17:13:28,582 | INFO  | [698/5211] sh.600925 苏能股份 取到826条 | 已用4351s ETA 28129s
2026-08-25 17:13:32,138 | INFO  | [699/5211] sh.600926 杭州银行 取到2388条 | 已用4354s ETA 28106s
2026-08-25 17:13:34,555 | INFO  | [700/5211] sh.600927 永安期货 取到1131条 | 已用4357s ETA 28075s
2026-08-25 17:13:35,856 | INFO  | [701/5211] sh.600928 西安银行 取到1817条 | 已用4358s ETA 28037s
2026-08-25 17:13:40,539 | INFO  | [702/5211] sh.600929 雪天盐业 取到2043条 | 已用4363s ETA 28021s
2026-08-25 17:13:41,273 | INFO  | [703/5211] sh.600930 华电新能 取到270条 | 已用4363s ETA 27980s
2026-08-25 17:13:45,624 | INFO  | [704/5211] sh.600933 爱柯迪 取到2128条 | 已用4368s ETA 27962s
2026-08-25 17:13:47,188 | INFO  | [705/5211] sh.600935 华塑股份 取到1150条 | 已用4369s ETA 27926s
2026-08-25 17:13:59,651 | INFO  | [706/5211] sh.600936 北投科技 取到2424条 | 已用4382s ETA 27959s
2026-08-25 17:14:01,874 | INFO  | [707/5211] sh.600938 中国海油 取到1054条 | 已用4384s ETA 27928s
2026-08-25 17:14:06,955 | INFO  | [708/5211] sh.600939 重庆建工 取到2311条 | 已用4389s ETA 27915s
2026-08-25 17:14:09,543 | INFO  | [709/5211] sh.600941 中国移动 取到1123条 | 已用4392s ETA 27885s
2026-08-25 17:14:15,912 | INFO  | [710/5211] sh.600955 维远股份 取到1195条 | 已用4398s ETA 27880s
2026-08-25 17:14:17,903 | INFO  | [711/5211] sh.600956 新天绿能 取到1495条 | 已用4400s ETA 27848s
2026-08-25 17:14:25,390 | INFO  | [712/5211] sh.600958 东方证券 取到2424条 | 已用4407s ETA 27850s
2026-08-25 17:14:32,735 | INFO  | [713/5211] sh.600959 江苏有线 取到2424条 | 已用4415s ETA 27851s
2026-08-25 17:14:36,192 | INFO  | [714/5211] sh.600960 渤海汽车 取到2424条 | 已用4418s ETA 27827s
2026-08-25 17:14:39,637 | INFO  | [715/5211] sh.600961 株冶集团 取到2424条 | 已用4422s ETA 27804s
2026-08-25 17:14:42,192 | INFO  | [716/5211] sh.600962 国投中鲁 取到2424条 | 已用4424s ETA 27775s
2026-08-25 17:14:46,643 | INFO  | [717/5211] sh.600963 岳阳林纸 取到2424条 | 已用4429s ETA 27758s
2026-08-25 17:14:58,410 | INFO  | [718/5211] sh.600965 *ST福成 取到2424条 | 已用4440s ETA 27787s
2026-08-25 17:15:04,480 | INFO  | [719/5211] sh.600966 博汇纸业 取到2424条 | 已用4446s ETA 27780s
2026-08-25 17:15:11,265 | INFO  | [720/5211] sh.600967 内蒙一机 取到2424条 | 已用4453s ETA 27777s
2026-08-25 17:15:14,234 | INFO  | [721/5211] sh.600968 海油发展 取到1739条 | 已用4456s ETA 27751s
2026-08-25 17:15:19,386 | INFO  | [722/5211] sh.600969 郴电国际 取到2424条 | 已用4461s ETA 27739s
2026-08-25 17:15:28,174 | INFO  | [723/5211] sh.600970 中材国际 取到2424条 | 已用4470s ETA 27749s
2026-08-25 17:15:30,953 | INFO  | [724/5211] sh.600971 恒源煤电 取到2424条 | 已用4473s ETA 27721s
2026-08-25 17:15:37,171 | INFO  | [725/5211] sh.600973 宝胜股份 取到2424条 | 已用4479s ETA 27715s
2026-08-25 17:15:49,347 | INFO  | [726/5211] sh.600975 新五丰 取到2424条 | 已用4491s ETA 27746s
2026-08-25 17:15:53,894 | INFO  | [727/5211] sh.600976 健民集团 取到2424条 | 已用4496s ETA 27730s
2026-08-25 17:15:58,432 | INFO  | [728/5211] sh.600977 中国电影 取到2424条 | 已用4500s ETA 27714s
2026-08-25 17:16:06,105 | INFO  | [729/5211] sh.600979 广安爱众 取到2424条 | 已用4508s ETA 27717s
2026-08-25 17:16:11,436 | INFO  | [730/5211] sh.600980 北矿科技 取到2424条 | 已用4513s ETA 27705s
2026-08-25 17:16:15,047 | INFO  | [731/5211] sh.600981 苏豪汇鸿 取到2424条 | 已用4517s ETA 27683s
2026-08-25 17:16:20,538 | INFO  | [732/5211] sh.600982 宁波能源 取到2424条 | 已用4523s ETA 27673s
2026-08-25 17:16:28,083 | INFO  | [733/5211] sh.600983 惠而浦 取到2424条 | 已用4530s ETA 27675s
2026-08-25 17:16:31,183 | INFO  | [734/5211] sh.600984 建设机械 取到2424条 | 已用4533s ETA 27650s
2026-08-25 17:16:34,459 | INFO  | [735/5211] sh.600985 淮北矿业 取到2424条 | 已用4536s ETA 27626s
2026-08-25 17:16:38,267 | INFO  | [736/5211] sh.600986 浙文互联 取到2424条 | 已用4540s ETA 27606s
2026-08-25 17:16:43,379 | INFO  | [737/5211] sh.600987 航民股份 取到2424条 | 已用4545s ETA 27593s
2026-08-25 17:16:47,448 | INFO  | [738/5211] sh.600988 赤峰黄金 取到2424条 | 已用4549s ETA 27574s
2026-08-25 17:16:50,325 | INFO  | [739/5211] sh.600989 宝丰能源 取到1767条 | 已用4552s ETA 27548s
2026-08-25 17:16:55,090 | INFO  | [740/5211] sh.600990 四创电子 取到2424条 | 已用4557s ETA 27534s
2026-08-25 17:17:04,294 | INFO  | [741/5211] sh.600992 贵绳股份 取到2424条 | 已用4566s ETA 27546s
2026-08-25 17:17:09,905 | INFO  | [742/5211] sh.600993 马应龙 取到2424条 | 已用4572s ETA 27536s
2026-08-25 17:17:14,119 | INFO  | [743/5211] sh.600995 南网储能 取到2424条 | 已用4576s ETA 27518s
2026-08-25 17:17:45,822 | INFO  | [744/5211] sh.600996 贵广网络 取到2346条 | 已用4608s ETA 27666s
2026-08-25 17:17:57,889 | INFO  | [745/5211] sh.600997 开滦股份 取到2424条 | 已用4620s ETA 27695s
2026-08-25 17:18:17,757 | INFO  | [746/5211] sh.600998 九州通 取到2424条 | 已用4640s ETA 27770s
2026-08-25 17:18:20,934 | INFO  | [747/5211] sh.600999 招商证券 取到2424条 | 已用4643s ETA 27746s
2026-08-25 17:18:25,014 | INFO  | [748/5211] sh.601000 唐山港 取到2424条 | 已用4647s ETA 27727s
2026-08-25 17:18:29,606 | INFO  | [749/5211] sh.601001 晋控煤业 取到2424条 | 已用4652s ETA 27711s
2026-08-25 17:18:32,811 | INFO  | [750/5211] sh.601002 晋亿实业 取到2424条 | 已用4655s ETA 27687s
2026-08-25 17:18:35,990 | INFO  | [751/5211] sh.601003 柳钢股份 取到2424条 | 已用4658s ETA 27663s
2026-08-25 17:18:39,502 | INFO  | [752/5211] sh.601005 重庆钢铁 取到2424条 | 已用4662s ETA 27641s
2026-08-25 17:18:47,136 | INFO  | [753/5211] sh.601006 大秦铁路 取到2424条 | 已用4669s ETA 27643s
2026-08-25 17:18:52,867 | INFO  | [754/5211] sh.601007 金陵饭店 取到2424条 | 已用4675s ETA 27634s
2026-08-25 17:18:59,098 | INFO  | [755/5211] sh.601008 连云港 取到2424条 | 已用4681s ETA 27628s
2026-08-25 17:19:02,671 | INFO  | [756/5211] sh.601009 南京银行 取到2424条 | 已用4685s ETA 27606s
2026-08-25 17:19:06,795 | INFO  | [757/5211] sh.601010 ST文峰 取到2424条 | 已用4689s ETA 27588s
2026-08-25 17:19:11,633 | INFO  | [758/5211] sh.601011 宝泰隆 取到2424条 | 已用4694s ETA 27574s
2026-08-25 17:19:17,020 | INFO  | [759/5211] sh.601012 隆基绿能 取到2424条 | 已用4699s ETA 27563s
2026-08-25 17:19:22,499 | INFO  | [760/5211] sh.601015 陕西黑猫 取到2424条 | 已用4705s ETA 27552s
2026-08-25 17:19:26,598 | INFO  | [761/5211] sh.601016 节能风电 取到2424条 | 已用4709s ETA 27534s
2026-08-25 17:19:29,602 | INFO  | [762/5211] sh.601018 宁波港 取到2424条 | 已用4712s ETA 27509s
2026-08-25 17:19:34,279 | INFO  | [763/5211] sh.601019 山东出版 取到2125条 | 已用4716s ETA 27494s
2026-08-25 17:19:46,178 | INFO  | [764/5211] sh.601020 华钰矿业 取到2424条 | 已用4728s ETA 27521s
2026-08-25 17:19:56,368 | INFO  | [765/5211] sh.601021 春秋航空 取到2424条 | 已用4738s ETA 27538s
2026-08-25 17:19:57,208 | INFO  | [766/5211] sh.601022 宁波远洋 取到899条 | 已用4739s ETA 27501s
2026-08-25 17:19:59,243 | INFO  | [767/5211] sh.601026 道生天合 取到209条 | 已用4741s ETA 27471s
2026-08-25 17:20:02,053 | INFO  | [768/5211] sh.601033 永兴股份 取到628条 | 已用4744s ETA 27445s
2026-08-25 17:20:04,412 | INFO  | [769/5211] sh.601038 一拖股份 取到2424条 | 已用4746s ETA 27417s
2026-08-25 17:20:10,498 | INFO  | [770/5211] sh.601058 赛轮轮胎 取到2424条 | 已用4753s ETA 27410s
2026-08-25 17:20:12,073 | INFO  | [771/5211] sh.601059 信达证券 取到866条 | 已用4754s ETA 27378s
2026-08-25 17:20:13,692 | INFO  | [772/5211] sh.601061 中信金属 取到819条 | 已用4756s ETA 27345s
2026-08-25 17:20:15,930 | INFO  | [773/5211] sh.601065 江盐集团 取到819条 | 已用4758s ETA 27317s
2026-08-25 17:20:18,889 | INFO  | [774/5211] sh.601066 中信建投 取到1986条 | 已用4761s ETA 27292s
2026-08-25 17:20:21,798 | INFO  | [775/5211] sh.601068 中铝国际 取到1934条 | 已用4764s ETA 27267s
2026-08-25 17:20:26,828 | INFO  | [776/5211] sh.601069 西部黄金 取到2424条 | 已用4769s ETA 27255s
2026-08-25 17:20:30,017 | INFO  | [777/5211] sh.601077 渝农商行 取到1656条 | 已用4772s ETA 27232s
2026-08-25 17:20:31,624 | INFO  | [778/5211] sh.601083 锦江航运 取到659条 | 已用4774s ETA 27200s
2026-08-25 17:20:35,076 | INFO  | [779/5211] sh.601086 国芳集团 取到2158条 | 已用4777s ETA 27179s
2026-08-25 17:20:38,100 | INFO  | [780/5211] sh.601088 中国神华 取到2424条 | 已用4780s ETA 27155s
2026-08-25 17:20:40,275 | INFO  | [781/5211] sh.601089 福元医药 取到1008条 | 已用4782s ETA 27126s
2026-08-25 17:20:42,332 | INFO  | [782/5211] sh.601096 宏盛华源 取到646条 | 已用4784s ETA 27097s
2026-08-25 17:20:46,590 | INFO  | [783/5211] sh.601098 中南传媒 取到2424条 | 已用4789s ETA 27080s
2026-08-25 17:20:52,724 | INFO  | [784/5211] sh.601099 太平洋 取到2424条 | 已用4795s ETA 27074s
2026-08-25 17:20:57,039 | INFO  | [785/5211] sh.601100 恒立液压 取到2424条 | 已用4799s ETA 27058s
2026-08-25 17:21:02,949 | INFO  | [786/5211] sh.601101 昊华能源 取到2424条 | 已用4805s ETA 27051s
2026-08-25 17:21:05,243 | INFO  | [787/5211] sh.601106 中国一重 取到2424条 | 已用4807s ETA 27023s
2026-08-25 17:21:12,117 | INFO  | [788/5211] sh.601107 四川成渝 取到2424条 | 已用4814s ETA 27021s
2026-08-25 17:21:14,840 | INFO  | [789/5211] sh.601108 财通证券 取到2146条 | 已用4817s ETA 26996s
2026-08-25 17:21:24,855 | INFO  | [790/5211] sh.601111 中国国航 取到2424条 | 已用4827s ETA 27012s
2026-08-25 17:21:25,655 | INFO  | [791/5211] sh.601112 振石股份 取到137条 | 已用4828s ETA 26976s
2026-08-25 17:21:32,028 | INFO  | [792/5211] sh.601113 华鼎股份 取到2424条 | 已用4834s ETA 26972s
2026-08-25 17:21:37,460 | INFO  | [793/5211] sh.601116 三江购物 取到2424条 | 已用4839s ETA 26962s
2026-08-25 17:21:41,356 | INFO  | [794/5211] sh.601117 中国化学 取到2424条 | 已用4843s ETA 26944s
2026-08-25 17:21:45,876 | INFO  | [795/5211] sh.601118 海南橡胶 取到2424条 | 已用4848s ETA 26929s
2026-08-25 17:21:47,313 | INFO  | [796/5211] sh.601121 宝地矿业 取到839条 | 已用4849s ETA 26897s
2026-08-25 17:21:50,606 | INFO  | [797/5211] sh.601126 四方股份 取到2424条 | 已用4853s ETA 26875s
2026-08-25 17:21:53,020 | INFO  | [798/5211] sh.601127 赛力斯 取到2424条 | 已用4855s ETA 26849s
2026-08-25 17:22:03,567 | INFO  | [799/5211] sh.601128 常熟银行 取到2402条 | 已用4866s ETA 26867s
2026-08-25 17:22:04,596 | INFO  | [800/5211] sh.601133 柏诚股份 取到819条 | 已用4867s ETA 26833s
2026-08-25 17:22:05,989 | INFO  | [801/5211] sh.601136 首创证券 取到889条 | 已用4868s ETA 26801s
2026-08-25 17:22:10,124 | INFO  | [802/5211] sh.601137 博威合金 取到2424条 | 已用4872s ETA 26785s
2026-08-25 17:22:13,378 | INFO  | [803/5211] sh.601138 工业富联 取到1993条 | 已用4875s ETA 26763s
2026-08-25 17:22:18,044 | INFO  | [804/5211] sh.601139 深圳燃气 取到2424条 | 已用4880s ETA 26749s
2026-08-25 17:22:21,178 | INFO  | [805/5211] sh.601155 新城控股 取到2424条 | 已用4883s ETA 26727s
2026-08-25 17:22:25,048 | INFO  | [806/5211] sh.601156 东航物流 取到1264条 | 已用4887s ETA 26709s
2026-08-25 17:22:33,068 | INFO  | [807/5211] sh.601158 重庆水务 取到2424条 | 已用4895s ETA 26714s
2026-08-25 17:22:37,444 | INFO  | [808/5211] sh.601162 天风证券 取到1905条 | 已用4899s ETA 26698s
2026-08-25 17:22:40,362 | INFO  | [809/5211] sh.601163 三角轮胎 取到2415条 | 已用4902s ETA 26675s
2026-08-25 17:22:44,937 | INFO  | [810/5211] sh.601166 兴业银行 取到2424条 | 已用4907s ETA 26661s
2026-08-25 17:22:47,260 | INFO  | [811/5211] sh.601168 西部矿业 取到2424条 | 已用4909s ETA 26635s
2026-08-25 17:22:55,049 | INFO  | [812/5211] sh.601169 北京银行 取到2424条 | 已用4917s ETA 26638s
2026-08-25 17:22:58,350 | INFO  | [813/5211] sh.601177 杭齿前进 取到2424条 | 已用4920s ETA 26617s
2026-08-25 17:23:08,311 | INFO  | [814/5211] sh.601179 中国西电 取到2424条 | 已用4930s ETA 26632s
2026-08-25 17:23:12,700 | INFO  | [815/5211] sh.601186 中国铁建 取到2424条 | 已用4935s ETA 26617s
2026-08-25 17:23:16,191 | INFO  | [816/5211] sh.601187 厦门银行 取到1415条 | 已用4938s ETA 26597s
2026-08-25 17:23:19,211 | INFO  | [817/5211] sh.601188 龙江交通 取到2424条 | 已用4941s ETA 26575s
2026-08-25 17:23:24,675 | INFO  | [818/5211] sh.601198 东兴证券 取到2424条 | 已用4947s ETA 26566s
2026-08-25 17:23:31,308 | INFO  | [819/5211] sh.601199 江南水务 取到2424条 | 已用4953s ETA 26563s
2026-08-25 17:23:35,144 | INFO  | [820/5211] sh.601200 上海环境 取到2283条 | 已用4957s ETA 26545s
2026-08-25 17:23:37,533 | INFO  | [821/5211] sh.601208 东材科技 取到2424条 | 已用4960s ETA 26519s
2026-08-25 17:23:43,407 | INFO  | [822/5211] sh.601211 国泰海通 取到2424条 | 已用4965s ETA 26512s
2026-08-25 17:23:50,601 | INFO  | [823/5211] sh.601212 白银有色 取到2315条 | 已用4973s ETA 26513s
2026-08-25 17:23:54,961 | INFO  | [824/5211] sh.601216 君正集团 取到2424条 | 已用4977s ETA 26498s
2026-08-25 17:24:26,975 | INFO  | [825/5211] sh.601218 吉鑫科技 取到2424条 | 已用5009s ETA 26630s
2026-08-25 17:24:34,741 | INFO  | [826/5211] sh.601222 林洋能源 取到2424条 | 已用5017s ETA 26633s
2026-08-25 17:24:40,137 | INFO  | [827/5211] sh.601225 陕西煤业 取到2424条 | 已用5022s ETA 26623s
2026-08-25 17:24:46,194 | INFO  | [828/5211] sh.601226 华电科工 取到2424条 | 已用5028s ETA 26617s
2026-08-25 17:24:51,776 | INFO  | [829/5211] sh.601228 广州港 取到2285条 | 已用5034s ETA 26608s
2026-08-25 17:25:03,539 | INFO  | [830/5211] sh.601229 上海银行 取到2374条 | 已用5046s ETA 26632s
2026-08-25 17:25:09,218 | INFO  | [831/5211] sh.601231 环旭电子 取到2424条 | 已用5051s ETA 26624s
2026-08-25 17:25:15,809 | INFO  | [832/5211] sh.601233 桐昆股份 取到2424条 | 已用5058s ETA 26620s
2026-08-25 17:26:13,261 | INFO  | [833/5211] sh.601236 红塔证券 取到1732条 | 已用5115s ETA 26884s
2026-08-25 17:26:17,844 | INFO  | [834/5211] sh.601238 广汽集团 取到2424条 | 已用5120s ETA 26870s
2026-08-25 17:26:22,034 | INFO  | [835/5211] sh.601279 英利汽车 取到1300条 | 已用5124s ETA 26854s
2026-08-25 17:26:25,368 | INFO  | [836/5211] sh.601288 农业银行 取到2424条 | 已用5127s ETA 26833s
2026-08-25 17:26:26,733 | INFO  | [837/5211] sh.601298 青岛港 取到1841条 | 已用5129s ETA 26802s
2026-08-25 17:26:32,042 | INFO  | [838/5211] sh.601311 骆驼股份 取到2424条 | 已用5134s ETA 26791s
2026-08-25 17:26:36,061 | INFO  | [839/5211] sh.601318 中国平安 取到2424条 | 已用5138s ETA 26774s
2026-08-25 17:26:41,180 | INFO  | [840/5211] sh.601319 中国人保 取到1885条 | 已用5143s ETA 26763s
2026-08-25 17:26:44,712 | INFO  | [841/5211] sh.601326 秦港股份 取到2190条 | 已用5147s ETA 26743s
2026-08-25 17:26:47,192 | INFO  | [842/5211] sh.601328 交通银行 取到2424条 | 已用5149s ETA 26718s
2026-08-25 17:26:48,958 | INFO  | [843/5211] sh.601330 绿色动力 取到1992条 | 已用5151s ETA 26690s
2026-08-25 17:26:53,281 | INFO  | [844/5211] sh.601333 广深铁路 取到2424条 | 已用5155s ETA 26674s
2026-08-25 17:27:03,781 | INFO  | [845/5211] sh.601336 新华保险 取到2424条 | 已用5166s ETA 26691s
2026-08-25 17:27:06,243 | INFO  | [846/5211] sh.601339 百隆东方 取到2424条 | 已用5168s ETA 26666s
2026-08-25 17:27:15,323 | INFO  | [847/5211] sh.601360 三六零 取到2424条 | 已用5177s ETA 26675s
2026-08-25 17:27:20,327 | INFO  | [848/5211] sh.601366 利群股份 取到2277条 | 已用5182s ETA 26663s
2026-08-25 17:27:32,563 | INFO  | [849/5211] sh.601368 绿城水务 取到2424条 | 已用5195s ETA 26689s
2026-08-25 17:27:36,517 | INFO  | [850/5211] sh.601369 陕鼓动力 取到2424条 | 已用5199s ETA 26672s
2026-08-25 17:27:38,814 | INFO  | [851/5211] sh.601375 中原证券 取到2341条 | 已用5201s ETA 26646s
2026-08-25 17:27:44,089 | INFO  | [852/5211] sh.601377 兴业证券 取到2424条 | 已用5206s ETA 26635s
2026-08-25 17:27:47,844 | INFO  | [853/5211] sh.601388 怡球资源 取到2424条 | 已用5210s ETA 26617s
2026-08-25 17:27:56,986 | INFO  | [854/5211] sh.601390 中国中铁 取到2424条 | 已用5219s ETA 26627s
2026-08-25 17:28:02,149 | INFO  | [855/5211] sh.601398 工商银行 取到2424条 | 已用5224s ETA 26616s
2026-08-25 17:28:06,116 | INFO  | [856/5211] sh.601399 国机重装 取到1508条 | 已用5228s ETA 26599s
2026-08-25 17:28:08,966 | INFO  | [857/5211] sh.601456 国联民生 取到1471条 | 已用5231s ETA 26576s
2026-08-25 17:28:14,448 | INFO  | [858/5211] sh.601500 通用股份 取到2411条 | 已用5236s ETA 26567s
2026-08-25 17:28:17,764 | INFO  | [859/5211] sh.601512 中新集团 取到1618条 | 已用5240s ETA 26547s
2026-08-25 17:28:21,553 | INFO  | [860/5211] sh.601515 衢州东峰 取到2424条 | 已用5244s ETA 26529s
2026-08-25 17:28:28,211 | INFO  | [861/5211] sh.601518 吉林高速 取到2424条 | 已用5250s ETA 26526s
2026-08-25 17:28:46,151 | INFO  | [862/5211] sh.601519 大智慧 取到2424条 | 已用5268s ETA 26579s
2026-08-25 17:28:48,813 | INFO  | [863/5211] sh.601528 瑞丰银行 取到1253条 | 已用5271s ETA 26556s
2026-08-25 17:28:52,203 | INFO  | [864/5211] sh.601555 东吴证券 取到2424条 | 已用5274s ETA 26536s
2026-08-25 17:28:55,678 | INFO  | [865/5211] sh.601566 九牧王 取到2424条 | 已用5278s ETA 26517s
2026-08-25 17:28:58,445 | INFO  | [866/5211] sh.601567 三星电气 取到2424条 | 已用5280s ETA 26494s
2026-08-25 17:29:00,869 | INFO  | [867/5211] sh.601568 北元化工 取到1420条 | 已用5283s ETA 26469s
2026-08-25 17:29:02,414 | INFO  | [868/5211] sh.601577 长沙银行 取到1917条 | 已用5284s ETA 26440s
2026-08-25 17:29:09,370 | INFO  | [869/5211] sh.601579 会稽山 取到2424条 | 已用5291s ETA 26439s
2026-08-25 17:29:20,748 | INFO  | [870/5211] sh.601588 北辰实业 取到2424条 | 已用5303s ETA 26459s
2026-08-25 17:29:27,027 | INFO  | [871/5211] sh.601595 上海电影 取到2424条 | 已用5309s ETA 26454s
2026-08-25 17:29:31,523 | INFO  | [872/5211] sh.601598 中国外运 取到1842条 | 已用5314s ETA 26440s
2026-08-25 17:29:34,733 | INFO  | [873/5211] sh.601599 浙文影业 取到2424条 | 已用5317s ETA 26419s
2026-08-25 17:29:45,310 | INFO  | [874/5211] sh.601600 中国铝业 取到2424条 | 已用5327s ETA 26435s
2026-08-25 17:29:53,004 | INFO  | [875/5211] sh.601601 中国太保 取到2424条 | 已用5335s ETA 26437s
2026-08-25 17:30:01,092 | INFO  | [876/5211] sh.601606 长城军工 取到1953条 | 已用5343s ETA 26441s
2026-08-25 17:30:10,996 | INFO  | [877/5211] sh.601607 上海医药 取到2424条 | 已用5353s ETA 26454s
2026-08-25 17:30:31,857 | INFO  | [878/5211] sh.601608 中信重工 取到2424条 | 已用5374s ETA 26520s
2026-08-25 17:30:35,229 | INFO  | [879/5211] sh.601609 金田股份 取到1538条 | 已用5377s ETA 26501s
2026-08-25 17:30:41,519 | INFO  | [880/5211] sh.601611 中国核建 取到2424条 | 已用5384s ETA 26496s
2026-08-25 17:30:43,872 | INFO  | [881/5211] sh.601615 明阳智能 取到1839条 | 已用5386s ETA 26471s
2026-08-25 17:30:48,830 | INFO  | [882/5211] sh.601616 广电电气 取到2424条 | 已用5391s ETA 26459s
2026-08-25 17:30:53,642 | INFO  | [883/5211] sh.601618 中国中冶 取到2424条 | 已用5396s ETA 26447s
2026-08-25 17:30:58,064 | INFO  | [884/5211] sh.601619 嘉泽新能 取到2209条 | 已用5400s ETA 26432s
2026-08-25 17:31:10,801 | INFO  | [885/5211] sh.601628 中国人寿 取到2424条 | 已用5413s ETA 26459s
2026-08-25 17:31:19,257 | INFO  | [886/5211] sh.601633 长城汽车 取到2424条 | 已用5421s ETA 26464s
2026-08-25 17:31:23,396 | INFO  | [887/5211] sh.601636 旗滨集团 取到2424条 | 已用5425s ETA 26448s
2026-08-25 17:31:32,058 | INFO  | [888/5211] sh.601658 邮储银行 取到1626条 | 已用5434s ETA 26454s
2026-08-25 17:31:34,618 | INFO  | [889/5211] sh.601665 齐鲁银行 取到1258条 | 已用5437s ETA 26431s
2026-08-25 17:31:39,499 | INFO  | [890/5211] sh.601666 平煤股份 取到2424条 | 已用5442s ETA 26419s
2026-08-25 17:31:42,988 | INFO  | [891/5211] sh.601668 中国建筑 取到2424条 | 已用5445s ETA 26400s
2026-08-25 17:31:48,400 | INFO  | [892/5211] sh.601669 中国电建 取到2424条 | 已用5450s ETA 26391s
2026-08-25 17:31:51,555 | INFO  | [893/5211] sh.601677 明泰铝业 取到2424条 | 已用5454s ETA 26370s
2026-08-25 17:31:54,788 | INFO  | [894/5211] sh.601678 滨化股份 取到2424条 | 已用5457s ETA 26350s
2026-08-25 17:31:56,597 | INFO  | [895/5211] sh.601686 友发集团 取到1387条 | 已用5459s ETA 26323s
2026-08-25 17:32:00,193 | INFO  | [896/5211] sh.601688 华泰证券 取到2424条 | 已用5462s ETA 26305s
2026-08-25 17:32:06,569 | INFO  | [897/5211] sh.601689 拓普集团 取到2424条 | 已用5469s ETA 26300s
2026-08-25 17:32:08,298 | INFO  | [898/5211] sh.601696 中银证券 取到1577条 | 已用5470s ETA 26273s
2026-08-25 17:32:13,731 | INFO  | [899/5211] sh.601698 中国卫通 取到1737条 | 已用5476s ETA 26264s
2026-08-25 17:32:17,036 | INFO  | [900/5211] sh.601699 潞安环能 取到2424条 | 已用5479s ETA 26245s
2026-08-25 17:32:22,537 | INFO  | [901/5211] sh.601700 风范股份 取到2424条 | 已用5485s ETA 26236s
2026-08-25 17:32:24,500 | INFO  | [902/5211] sh.601702 华峰铝业 取到1445条 | 已用5487s ETA 26210s
2026-08-25 17:32:32,722 | INFO  | [903/5211] sh.601717 中创智领 取到2424条 | 已用5495s ETA 26214s
2026-08-25 17:32:40,023 | INFO  | [904/5211] sh.601718 ST际华 取到2424条 | 已用5502s ETA 26214s
2026-08-25 17:32:47,864 | INFO  | [905/5211] sh.601727 上海电气 取到2424条 | 已用5510s ETA 26216s
2026-08-25 17:32:51,213 | INFO  | [906/5211] sh.601728 中国电信 取到1213条 | 已用5513s ETA 26197s
2026-08-25 17:32:57,960 | INFO  | [907/5211] sh.601766 中国中车 取到2424条 | 已用5520s ETA 26194s
2026-08-25 17:33:03,881 | INFO  | [908/5211] sh.601777 千里科技 取到2424条 | 已用5526s ETA 26187s
2026-08-25 17:33:05,901 | INFO  | [909/5211] sh.601778 晶科科技 取到1522条 | 已用5528s ETA 26162s
2026-08-25 17:33:12,194 | INFO  | [910/5211] sh.601788 光大证券 取到2424条 | 已用5534s ETA 26157s
2026-08-25 17:33:15,714 | INFO  | [911/5211] sh.601789 宁波建工 取到2424条 | 已用5538s ETA 26139s
2026-08-25 17:33:19,172 | INFO  | [912/5211] sh.601798 蓝科高新 取到2424条 | 已用5541s ETA 26120s
2026-08-25 17:33:23,191 | INFO  | [913/5211] sh.601799 星宇股份 取到2424条 | 已用5545s ETA 26104s
2026-08-25 17:33:26,848 | INFO  | [914/5211] sh.601800 中国交建 取到2424条 | 已用5549s ETA 26087s
2026-08-25 17:33:31,582 | INFO  | [915/5211] sh.601801 皖新传媒 取到2424条 | 已用5554s ETA 26075s
2026-08-25 17:33:34,664 | INFO  | [916/5211] sh.601808 中海油服 取到2424条 | 已用5557s ETA 26055s
2026-08-25 17:33:37,101 | INFO  | [917/5211] sh.601811 新华文轩 取到2424条 | 已用5559s ETA 26031s
2026-08-25 17:33:39,219 | INFO  | [918/5211] sh.601816 京沪高铁 取到1600条 | 已用5561s ETA 26007s
2026-08-25 17:33:42,667 | INFO  | [919/5211] sh.601818 光大银行 取到2424条 | 已用5565s ETA 25989s
2026-08-25 17:33:44,588 | INFO  | [920/5211] sh.601825 沪农商行 取到1214条 | 已用5567s ETA 25963s
2026-08-25 17:33:47,246 | INFO  | [921/5211] sh.601827 三峰环境 取到1509条 | 已用5569s ETA 25942s
2026-08-25 17:33:50,606 | INFO  | [922/5211] sh.601828 美凯龙 取到2086条 | 已用5573s ETA 25923s
2026-08-25 17:34:00,563 | INFO  | [923/5211] sh.601838 成都银行 取到2076条 | 已用5583s ETA 25935s
2026-08-25 17:34:03,849 | INFO  | [924/5211] sh.601857 中国石油 取到2424条 | 已用5586s ETA 25916s
2026-08-25 17:34:08,974 | INFO  | [925/5211] sh.601858 中国科传 取到2330条 | 已用5591s ETA 25906s
2026-08-25 17:34:15,600 | INFO  | [926/5211] sh.601860 紫金银行 取到1853条 | 已用5598s ETA 25903s
2026-08-25 17:34:19,235 | INFO  | [927/5211] sh.601865 福莱特 取到1827条 | 已用5601s ETA 25885s
2026-08-25 17:34:21,488 | INFO  | [928/5211] sh.601866 中远海发 取到2424条 | 已用5604s ETA 25862s
2026-08-25 17:34:22,944 | INFO  | [929/5211] sh.601868 中国能建 取到1188条 | 已用5605s ETA 25835s
2026-08-25 17:34:28,068 | INFO  | [930/5211] sh.601869 长飞光纤 取到1964条 | 已用5610s ETA 25824s
2026-08-25 17:34:45,503 | INFO  | [931/5211] sh.601872 招商轮船 取到2424条 | 已用5628s ETA 25871s
2026-08-25 17:34:50,633 | INFO  | [932/5211] sh.601877 正泰电器 取到2424条 | 已用5633s ETA 25861s
2026-08-25 17:34:55,767 | INFO  | [933/5211] sh.601878 浙商证券 取到2227条 | 已用5638s ETA 25850s
2026-08-25 17:34:57,430 | INFO  | [934/5211] sh.601880 辽港股份 取到2424条 | 已用5639s ETA 25824s
2026-08-25 17:35:02,407 | INFO  | [935/5211] sh.601881 中国银河 取到2327条 | 已用5644s ETA 25813s
2026-08-25 17:35:05,902 | INFO  | [936/5211] sh.601882 海天精工 取到2381条 | 已用5648s ETA 25796s
2026-08-25 17:35:12,924 | INFO  | [937/5211] sh.601886 江河集团 取到2424条 | 已用5655s ETA 25794s
2026-08-25 17:35:17,418 | INFO  | [938/5211] sh.601888 中国中免 取到2424条 | 已用5659s ETA 25781s
2026-08-25 17:35:24,989 | INFO  | [939/5211] sh.601890 亚星锚链 取到2424条 | 已用5667s ETA 25782s
2026-08-25 17:35:29,794 | INFO  | [940/5211] sh.601898 中煤能源 取到2424条 | 已用5672s ETA 25771s
2026-08-25 17:35:33,459 | INFO  | [941/5211] sh.601899 紫金矿业 取到2424条 | 已用5675s ETA 25754s
2026-08-25 17:35:41,983 | INFO  | [942/5211] sh.601900 南方传媒 取到2424条 | 已用5684s ETA 25759s
2026-08-25 17:35:47,975 | INFO  | [943/5211] sh.601901 方正证券 取到2424条 | 已用5690s ETA 25753s
2026-08-25 17:35:51,271 | INFO  | [944/5211] sh.601908 京运通 取到2424条 | 已用5693s ETA 25734s
2026-08-25 17:35:53,796 | INFO  | [945/5211] sh.601916 浙商银行 取到1636条 | 已用5696s ETA 25713s
2026-08-25 17:35:58,524 | INFO  | [946/5211] sh.601918 新集能源 取到2424条 | 已用5701s ETA 25701s
2026-08-25 17:36:01,594 | INFO  | [947/5211] sh.601919 中远海控 取到2424条 | 已用5704s ETA 25681s
2026-08-25 17:36:05,076 | INFO  | [948/5211] sh.601921 浙版传媒 取到1233条 | 已用5707s ETA 25664s
2026-08-25 17:36:14,405 | INFO  | [949/5211] sh.601928 凤凰传媒 取到2424条 | 已用5716s ETA 25673s
2026-08-25 17:36:27,728 | INFO  | [950/5211] sh.601929 吉视传媒 取到2424条 | 已用5730s ETA 25699s
2026-08-25 17:36:31,501 | INFO  | [951/5211] sh.601933 永辉超市 取到2424条 | 已用5734s ETA 25683s
2026-08-25 17:36:37,622 | INFO  | [952/5211] sh.601939 建设银行 取到2424条 | 已用5740s ETA 25678s
2026-08-25 17:36:41,892 | INFO  | [953/5211] sh.601949 中国出版 取到2187条 | 已用5744s ETA 25664s
2026-08-25 17:36:47,671 | INFO  | [954/5211] sh.601952 苏垦农发 取到2255条 | 已用5750s ETA 25657s
2026-08-25 17:36:49,405 | INFO  | [955/5211] sh.601956 东贝集团 取到1372条 | 已用5751s ETA 25631s
2026-08-25 17:36:55,261 | INFO  | [956/5211] sh.601958 金钼股份 取到2424条 | 已用5757s ETA 25625s
2026-08-25 17:37:57,181 | INFO  | [957/5211] sh.601963 重庆银行 取到1343条 | 已用5819s ETA 25867s
2026-08-25 17:38:01,834 | INFO  | [958/5211] sh.601965 中国汽研 取到2424条 | 已用5824s ETA 25855s
2026-08-25 17:38:07,398 | INFO  | [959/5211] sh.601966 玲珑轮胎 取到2424条 | 已用5829s ETA 25846s
2026-08-25 17:38:10,044 | INFO  | [960/5211] sh.601968 宝钢包装 取到2424条 | 已用5832s ETA 25825s
2026-08-25 17:38:15,466 | INFO  | [961/5211] sh.601969 海南矿业 取到2424条 | 已用5837s ETA 25816s
2026-08-25 17:38:17,201 | INFO  | [962/5211] sh.601975 招商南油 取到1850条 | 已用5839s ETA 25791s
2026-08-25 17:38:20,068 | INFO  | [963/5211] sh.601985 中国核电 取到2424条 | 已用5842s ETA 25771s
2026-08-25 17:38:29,344 | INFO  | [964/5211] sh.601988 中国银行 取到2424条 | 已用5851s ETA 25779s
2026-08-25 17:38:32,222 | INFO  | [965/5211] sh.601990 南京证券 取到1990条 | 已用5854s ETA 25759s
2026-08-25 17:38:35,502 | INFO  | [966/5211] sh.601991 大唐发电 取到2424条 | 已用5858s ETA 25740s
2026-08-25 17:38:38,448 | INFO  | [967/5211] sh.601992 金隅集团 取到2424条 | 已用5860s ETA 25721s
2026-08-25 17:38:40,993 | INFO  | [968/5211] sh.601995 中金公司 取到1411条 | 已用5863s ETA 25699s
2026-08-25 17:38:43,936 | INFO  | [969/5211] sh.601996 丰林集团 取到2424条 | 已用5866s ETA 25679s
2026-08-25 17:38:46,283 | INFO  | [970/5211] sh.601997 贵阳银行 取到2424条 | 已用5868s ETA 25657s
2026-08-25 17:38:49,900 | INFO  | [971/5211] sh.601998 中信银行 取到2424条 | 已用5872s ETA 25640s
2026-08-25 17:38:52,878 | INFO  | [972/5211] sh.601999 出版传媒 取到2424条 | 已用5875s ETA 25621s
2026-08-25 17:38:55,704 | INFO  | [973/5211] sh.603000 人民网 取到2424条 | 已用5878s ETA 25601s
2026-08-25 17:38:56,551 | INFO  | [974/5211] sh.603001 奥康国际 取到2424条 | 已用5879s ETA 25572s
2026-08-25 17:38:58,954 | INFO  | [975/5211] sh.603002 宏昌电子 取到2424条 | 已用5881s ETA 25551s
2026-08-25 17:39:03,253 | INFO  | [976/5211] sh.603004 鼎龙科技 取到643条 | 已用5885s ETA 25537s
2026-08-25 17:39:06,370 | INFO  | [977/5211] sh.603005 晶方科技 取到2424条 | 已用5888s ETA 25518s
2026-08-25 17:39:09,810 | INFO  | [978/5211] sh.603006 联明股份 取到2424条 | 已用5892s ETA 25501s
2026-08-25 17:39:14,774 | INFO  | [979/5211] sh.603007 顺景科技 取到2424条 | 已用5897s ETA 25491s
2026-08-25 17:39:21,628 | INFO  | [980/5211] sh.603008 ST喜临门 取到2424条 | 已用5904s ETA 25488s
2026-08-25 17:39:25,419 | INFO  | [981/5211] sh.603009 北特科技 取到2424条 | 已用5907s ETA 25472s
2026-08-25 17:39:28,967 | INFO  | [982/5211] sh.603010 万盛股份 取到2424条 | 已用5911s ETA 25456s
2026-08-25 17:39:34,862 | INFO  | [983/5211] sh.603011 合锻智能 取到2424条 | 已用5917s ETA 25449s
2026-08-25 17:39:40,846 | INFO  | [984/5211] sh.603012 创力集团 取到2424条 | 已用5923s ETA 25443s
2026-08-25 17:39:46,616 | INFO  | [985/5211] sh.603013 亚普股份 取到2015条 | 已用5929s ETA 25436s
2026-08-25 17:39:47,092 | INFO  | [986/5211] sh.603014 威高血净 取到311条 | 已用5929s ETA 25406s
2026-08-25 17:39:52,596 | INFO  | [987/5211] sh.603015 弘讯科技 取到2424条 | 已用5935s ETA 25398s
2026-08-25 17:39:56,984 | INFO  | [988/5211] sh.603016 新宏泰 取到2424条 | 已用5939s ETA 25385s
2026-08-25 17:40:02,552 | INFO  | [989/5211] sh.603017 中衡设计 取到2424条 | 已用5945s ETA 25377s
2026-08-25 17:40:08,091 | INFO  | [990/5211] sh.603018 华设集团 取到2424条 | 已用5950s ETA 25369s
2026-08-25 17:40:15,991 | INFO  | [991/5211] sh.603019 中科曙光 取到2424条 | 已用5958s ETA 25371s
2026-08-25 17:40:48,612 | INFO  | [992/5211] sh.603020 爱普股份 取到2000条 | 已用5991s ETA 25478s
2026-08-25 17:40:48,748 | WARNING | sh.603021 第1次请求失败: error_code=10002007 msg=网络接收错误。
2026-08-25 17:40:51,927 | INFO  | [993/5211] sh.603021 *ST华鹏 取到2424条 | 已用5994s ETA 25461s
2026-08-25 17:40:52,612 | INFO  | [994/5211] sh.603022 新通联 取到2424条 | 已用5995s ETA 25432s
2026-08-25 17:40:53,513 | INFO  | [995/5211] sh.603023 威帝股份 取到2424条 | 已用5996s ETA 25404s
2026-08-25 17:40:54,303 | INFO  | [996/5211] sh.603025 大豪科技 取到2424条 | 已用5996s ETA 25376s
2026-08-25 17:40:55,266 | INFO  | [997/5211] sh.603026 石大胜华 取到2424条 | 已用5997s ETA 25349s
2026-08-25 17:40:55,758 | INFO  | [998/5211] sh.603027 千禾味业 取到2424条 | 已用5998s ETA 25319s
2026-08-25 17:40:56,053 | INFO  | [999/5211] sh.603028 赛福天 取到2424条 | 已用5998s ETA 25289s
2026-08-25 17:40:56,664 | INFO  | [1000/5211] sh.603029 天鹅股份 取到2424条 | 已用5999s ETA 25260s
2026-08-25 17:40:56,848 | INFO  | [1001/5211] sh.603030 全筑股份 取到2424条 | 已用5999s ETA 25230s
2026-08-25 17:40:57,352 | INFO  | [1002/5211] sh.603031 安孚科技 取到2424条 | 已用5999s ETA 25201s
2026-08-25 17:40:57,970 | INFO  | [1003/5211] sh.603032 德新科技 取到2339条 | 已用6000s ETA 25172s
2026-08-25 17:40:58,497 | INFO  | [1004/5211] sh.603033 三维股份 取到2359条 | 已用6001s ETA 25144s
2026-08-25 17:40:59,747 | INFO  | [1005/5211] sh.603035 常熟汽饰 取到2339条 | 已用6002s ETA 25118s
2026-08-25 17:41:01,137 | INFO  | [1006/5211] sh.603036 如通股份 取到2357条 | 已用6003s ETA 25093s
2026-08-25 17:41:02,175 | INFO  | [1007/5211] sh.603037 凯众股份 取到2328条 | 已用6004s ETA 25066s
2026-08-25 17:41:03,017 | INFO  | [1008/5211] sh.603038 华立股份 取到2332条 | 已用6005s ETA 25039s
2026-08-25 17:41:03,421 | INFO  | [1009/5211] sh.603039 泛微网络 取到2333条 | 已用6005s ETA 25010s
2026-08-25 17:41:04,659 | INFO  | [1010/5211] sh.603040 新坐标 取到2319条 | 已用6007s ETA 24984s
2026-08-25 17:41:05,616 | INFO  | [1011/5211] sh.603041 美思德 取到2284条 | 已用6008s ETA 24958s
2026-08-25 17:41:06,730 | INFO  | [1012/5211] sh.603042 华脉科技 取到2243条 | 已用6009s ETA 24932s
2026-08-25 17:41:07,643 | INFO  | [1013/5211] sh.603043 广州酒家 取到2226条 | 已用6010s ETA 24905s
2026-08-25 17:41:08,331 | INFO  | [1014/5211] sh.603045 福达合金 取到2009条 | 已用6010s ETA 24877s
2026-08-25 17:41:09,158 | INFO  | [1015/5211] sh.603048 浙江黎明 取到1158条 | 已用6011s ETA 24850s
2026-08-25 17:41:09,711 | INFO  | [1016/5211] sh.603049 中策橡胶 取到299条 | 已用6012s ETA 24822s
2026-08-25 17:41:10,438 | INFO  | [1017/5211] sh.603050 科林电气 取到2275条 | 已用6012s ETA 24795s
2026-08-25 17:41:10,874 | INFO  | [1018/5211] sh.603051 鹿山新材 取到1071条 | 已用6013s ETA 24766s
2026-08-25 17:41:11,329 | INFO  | [1019/5211] sh.603052 可川科技 取到941条 | 已用6013s ETA 24738s
2026-08-25 17:41:12,465 | INFO  | [1020/5211] sh.603053 成都燃气 取到1621条 | 已用6014s ETA 24712s
2026-08-25 17:41:13,471 | INFO  | [1021/5211] sh.603055 台华新材 取到2164条 | 已用6015s ETA 24686s
2026-08-25 17:41:14,362 | INFO  | [1022/5211] sh.603057 紫燕食品 取到947条 | 已用6016s ETA 24660s
2026-08-25 17:41:16,262 | INFO  | [1023/5211] sh.603058 永吉股份 取到2347条 | 已用6018s ETA 24638s
2026-08-25 17:41:17,311 | INFO  | [1024/5211] sh.603059 倍加洁 取到2059条 | 已用6019s ETA 24612s
2026-08-25 17:41:18,975 | INFO  | [1025/5211] sh.603060 国检集团 取到2379条 | 已用6021s ETA 24589s
2026-08-25 17:41:19,573 | INFO  | [1026/5211] sh.603061 金海通 取到844条 | 已用6022s ETA 24562s
2026-08-25 17:41:20,076 | INFO  | [1027/5211] sh.603062 麦加芯彩 取到679条 | 已用6022s ETA 24534s
2026-08-25 17:41:20,837 | INFO  | [1028/5211] sh.603063 禾望电气 取到2203条 | 已用6023s ETA 24507s
2026-08-25 17:41:21,098 | INFO  | [1029/5211] sh.603065 宿迁联盛 取到832条 | 已用6023s ETA 24479s
2026-08-25 17:41:21,491 | INFO  | [1030/5211] sh.603066 音飞储存 取到2424条 | 已用6024s ETA 24451s
2026-08-25 17:41:22,022 | INFO  | [1031/5211] sh.603067 振华股份 取到2413条 | 已用6024s ETA 24423s
2026-08-25 17:41:22,346 | INFO  | [1032/5211] sh.603068 博通集成 取到1787条 | 已用6024s ETA 24395s
2026-08-25 17:41:23,204 | INFO  | [1033/5211] sh.603069 海汽集团 取到2424条 | 已用6025s ETA 24369s
2026-08-25 17:41:23,723 | INFO  | [1034/5211] sh.603070 万控智造 取到1082条 | 已用6026s ETA 24342s
2026-08-25 17:41:24,223 | INFO  | [1035/5211] sh.603071 物产环能 取到1136条 | 已用6026s ETA 24315s
2026-08-25 17:41:24,901 | INFO  | [1036/5211] sh.603072 天和磁材 取到397条 | 已用6027s ETA 24288s
2026-08-25 17:41:25,877 | INFO  | [1037/5211] sh.603073 彩蝶实业 取到835条 | 已用6028s ETA 24263s
2026-08-25 17:41:26,557 | INFO  | [1038/5211] sh.603075 热威股份 取到714条 | 已用6029s ETA 24236s
2026-08-25 17:41:27,674 | INFO  | [1039/5211] sh.603076 乐惠国际 取到2132条 | 已用6030s ETA 24212s
2026-08-25 17:41:29,426 | INFO  | [1040/5211] sh.603077 和邦生物 取到2424条 | 已用6031s ETA 24190s
2026-08-25 17:41:30,724 | INFO  | [1041/5211] sh.603078 江化微 取到2279条 | 已用6033s ETA 24166s
2026-08-25 17:41:31,542 | INFO  | [1042/5211] sh.603079 圣达生物 取到2185条 | 已用6034s ETA 24140s
2026-08-25 17:41:32,589 | INFO  | [1043/5211] sh.603080 新疆火炬 取到2096条 | 已用6035s ETA 24115s
2026-08-25 17:41:33,487 | INFO  | [1044/5211] sh.603081 大丰实业 取到2271条 | 已用6036s ETA 24090s
2026-08-25 17:41:34,567 | INFO  | [1045/5211] sh.603082 北自科技 取到620条 | 已用6037s ETA 24065s
2026-08-25 17:41:36,286 | INFO  | [1046/5211] sh.603083 剑桥科技 取到2133条 | 已用6038s ETA 24044s
2026-08-25 17:41:37,098 | INFO  | [1047/5211] sh.603085 天成自控 取到2424条 | 已用6039s ETA 24018s
2026-08-25 17:41:38,468 | INFO  | [1048/5211] sh.603086 先达股份 取到2257条 | 已用6040s ETA 23995s
2026-08-25 17:41:39,030 | INFO  | [1049/5211] sh.603087 甘李药业 取到1495条 | 已用6041s ETA 23968s
2026-08-25 17:41:39,991 | INFO  | [1050/5211] sh.603088 宁波精达 取到2424条 | 已用6042s ETA 23944s
2026-08-25 17:41:41,056 | INFO  | [1051/5211] sh.603089 正裕工业 取到2324条 | 已用6043s ETA 23919s
2026-08-25 17:41:41,889 | INFO  | [1052/5211] sh.603090 宏盛股份 取到2422条 | 已用6044s ETA 23894s
2026-08-25 17:41:42,255 | INFO  | [1053/5211] sh.603091 众鑫股份 取到466条 | 已用6044s ETA 23867s
2026-08-25 17:41:42,665 | INFO  | [1054/5211] sh.603092 德力佳 取到194条 | 已用6045s ETA 23840s
2026-08-25 17:41:43,859 | INFO  | [1055/5211] sh.603093 南华期货 取到1692条 | 已用6046s ETA 23817s
2026-08-25 17:41:44,686 | INFO  | [1056/5211] sh.603095 越剑智能 取到1543条 | 已用6047s ETA 23792s
2026-08-25 17:41:45,473 | INFO  | [1057/5211] sh.603096 新经典 取到2268条 | 已用6047s ETA 23767s
2026-08-25 17:41:46,359 | INFO  | [1058/5211] sh.603097 江苏华辰 取到1042条 | 已用6048s ETA 23742s
2026-08-25 17:41:47,414 | INFO  | [1059/5211] sh.603098 森特股份 取到2352条 | 已用6049s ETA 23718s
2026-08-25 17:41:48,885 | INFO  | [1060/5211] sh.603099 长白山 取到2424条 | 已用6051s ETA 23696s
2026-08-25 17:41:49,980 | INFO  | [1061/5211] sh.603100 川仪股份 取到2424条 | 已用6052s ETA 23672s
2026-08-25 17:41:51,401 | INFO  | [1062/5211] sh.603101 汇嘉时代 取到2424条 | 已用6053s ETA 23649s
2026-08-25 17:41:52,175 | INFO  | [1063/5211] sh.603102 百合股份 取到1109条 | 已用6054s ETA 23624s
2026-08-25 17:41:53,218 | INFO  | [1064/5211] sh.603103 横店影视 取到2154条 | 已用6055s ETA 23601s
2026-08-25 17:41:53,634 | INFO  | [1065/5211] sh.603105 芯能科技 取到1973条 | 已用6056s ETA 23574s
2026-08-25 17:41:54,538 | INFO  | [1066/5211] sh.603106 恒银科技 取到2165条 | 已用6057s ETA 23550s
2026-08-25 17:41:55,303 | INFO  | [1067/5211] sh.603107 上海汽配 取到683条 | 已用6057s ETA 23525s
2026-08-25 17:41:56,293 | INFO  | [1068/5211] sh.603108 润达医疗 取到2424条 | 已用6058s ETA 23501s
2026-08-25 17:41:56,711 | INFO  | [1069/5211] sh.603109 神驰机电 取到1611条 | 已用6059s ETA 23475s
2026-08-25 17:41:57,600 | INFO  | [1070/5211] sh.603110 东方材料 取到2153条 | 已用6060s ETA 23451s
2026-08-25 17:41:58,523 | INFO  | [1071/5211] sh.603111 康尼机电 取到2424条 | 已用6061s ETA 23427s
2026-08-25 17:41:59,583 | INFO  | [1072/5211] sh.603112 华翔股份 取到1437条 | 已用6062s ETA 23404s
2026-08-25 17:42:01,024 | INFO  | [1073/5211] sh.603113 金能科技 取到2257条 | 已用6063s ETA 23382s
2026-08-25 17:42:01,742 | INFO  | [1074/5211] sh.603115 海星股份 取到1707条 | 已用6064s ETA 23357s
2026-08-25 17:42:02,908 | INFO  | [1075/5211] sh.603116 红蜻蜓 取到2424条 | 已用6065s ETA 23334s
2026-08-25 17:42:03,469 | INFO  | [1076/5211] sh.603117 万林物流 取到2424条 | 已用6065s ETA 23309s
2026-08-25 17:42:04,813 | INFO  | [1077/5211] sh.603118 共进股份 取到2424条 | 已用6067s ETA 23287s
2026-08-25 17:42:05,258 | INFO  | [1078/5211] sh.603119 浙江荣泰 取到743条 | 已用6067s ETA 23262s
2026-08-25 17:42:05,518 | INFO  | [1079/5211] sh.603120 肯特催化 取到331条 | 已用6068s ETA 23235s
2026-08-25 17:42:06,128 | INFO  | [1080/5211] sh.603121 华培动力 取到1847条 | 已用6068s ETA 23211s
2026-08-25 17:42:06,617 | INFO  | [1081/5211] sh.603122 合富中国 取到1098条 | 已用6069s ETA 23185s
2026-08-25 17:42:07,558 | INFO  | [1082/5211] sh.603123 翠微股份 取到2424条 | 已用6070s ETA 23162s
2026-08-25 17:42:08,018 | INFO  | [1083/5211] sh.603124 江南新材 取到349条 | 已用6070s ETA 23137s
2026-08-25 17:42:08,526 | INFO  | [1084/5211] sh.603125 常青科技 取到819条 | 已用6071s ETA 23112s
2026-08-25 17:42:09,534 | INFO  | [1085/5211] sh.603126 中材节能 取到2424条 | 已用6072s ETA 23089s
2026-08-25 17:42:10,414 | INFO  | [1086/5211] sh.603127 昭衍新药 取到2183条 | 已用6072s ETA 23065s
2026-08-25 17:42:11,806 | INFO  | [1087/5211] sh.603128 华贸物流 取到2424条 | 已用6074s ETA 23044s
2026-08-25 17:42:12,675 | INFO  | [1088/5211] sh.603129 春风动力 取到2188条 | 已用6075s ETA 23020s
2026-08-25 17:42:13,311 | INFO  | [1089/5211] sh.603130 云中马 取到913条 | 已用6075s ETA 22996s
2026-08-25 17:42:13,620 | INFO  | [1090/5211] sh.603131 上海沪工 取到2424条 | 已用6076s ETA 22970s
2026-08-25 17:42:13,923 | INFO  | [1091/5211] sh.603132 金徽股份 取到1094条 | 已用6076s ETA 22945s
2026-08-25 17:42:14,301 | INFO  | [1092/5211] sh.603135 中重科技 取到819条 | 已用6076s ETA 22920s
2026-08-25 17:42:14,963 | INFO  | [1093/5211] sh.603136 天目湖 取到2160条 | 已用6077s ETA 22896s
2026-08-25 17:42:15,634 | INFO  | [1094/5211] sh.603137 恒尚节能 取到812条 | 已用6078s ETA 22872s
2026-08-25 17:42:16,110 | INFO  | [1095/5211] sh.603138 海量数据 取到2302条 | 已用6078s ETA 22847s
2026-08-25 17:42:17,822 | INFO  | [1096/5211] sh.603139 康惠股份 取到2270条 | 已用6080s ETA 22827s
2026-08-25 17:42:18,298 | INFO  | [1097/5211] sh.603150 万朗磁塑 取到1110条 | 已用6080s ETA 22803s
2026-08-25 17:42:18,567 | INFO  | [1098/5211] sh.603151 邦基科技 取到935条 | 已用6081s ETA 22777s
2026-08-25 17:42:19,101 | INFO  | [1099/5211] sh.603153 上海建科 取到838条 | 已用6081s ETA 22753s
2026-08-25 17:42:19,484 | INFO  | [1100/5211] sh.603155 新亚强 取到1449条 | 已用6081s ETA 22728s
2026-08-25 17:42:20,239 | INFO  | [1101/5211] sh.603156 养元饮品 取到2068条 | 已用6082s ETA 22705s
2026-08-25 17:42:21,300 | INFO  | [1102/5211] sh.603158 腾龙股份 取到2424条 | 已用6083s ETA 22683s
2026-08-25 17:42:22,225 | INFO  | [1103/5211] sh.603159 上海亚虹 取到2424条 | 已用6084s ETA 22660s
2026-08-25 17:42:22,911 | INFO  | [1104/5211] sh.603160 汇顶科技 取到2396条 | 已用6085s ETA 22637s
2026-08-25 17:42:23,856 | INFO  | [1105/5211] sh.603161 科华控股 取到2094条 | 已用6086s ETA 22614s
2026-08-25 17:42:24,273 | INFO  | [1106/5211] sh.603162 海通发展 取到826条 | 已用6086s ETA 22590s
2026-08-25 17:42:24,701 | INFO  | [1107/5211] sh.603163 圣晖集成 取到939条 | 已用6087s ETA 22565s
2026-08-25 17:42:27,133 | INFO  | [1108/5211] sh.603165 荣晟环保 取到2331条 | 已用6089s ETA 22549s
2026-08-25 17:42:28,467 | INFO  | [1109/5211] sh.603166 福达股份 取到2424条 | 已用6090s ETA 22528s
2026-08-25 17:42:29,434 | INFO  | [1110/5211] sh.603167 渤海轮渡 取到2424条 | 已用6091s ETA 22505s
2026-08-25 17:42:30,235 | INFO  | [1111/5211] sh.603168 莎普爱思 取到2424条 | 已用6092s ETA 22483s
2026-08-25 17:42:31,496 | INFO  | [1112/5211] sh.603169 兰石重装 取到2424条 | 已用6094s ETA 22462s
2026-08-25 17:42:32,938 | INFO  | [1113/5211] sh.603170 宝立食品 取到997条 | 已用6095s ETA 22441s
2026-08-25 17:42:34,076 | INFO  | [1114/5211] sh.603171 税友股份 取到1250条 | 已用6096s ETA 22420s
2026-08-25 17:42:34,604 | INFO  | [1115/5211] sh.603172 万丰股份 取到800条 | 已用6097s ETA 22396s
2026-08-25 17:42:35,294 | INFO  | [1116/5211] sh.603173 福斯达 取到868条 | 已用6097s ETA 22373s
2026-08-25 17:42:35,750 | INFO  | [1117/5211] sh.603175 超颖电子 取到204条 | 已用6098s ETA 22349s
2026-08-25 17:42:37,154 | INFO  | [1118/5211] sh.603176 汇通集团 取到1125条 | 已用6099s ETA 22329s
2026-08-25 17:42:38,232 | INFO  | [1119/5211] sh.603177 德创环保 取到2321条 | 已用6100s ETA 22308s
2026-08-25 17:42:38,936 | INFO  | [1120/5211] sh.603178 圣龙股份 取到2286条 | 已用6101s ETA 22285s
2026-08-25 17:42:40,242 | INFO  | [1121/5211] sh.603179 新泉股份 取到2293条 | 已用6102s ETA 22264s
2026-08-25 17:42:40,947 | INFO  | [1122/5211] sh.603180 金牌家居 取到2256条 | 已用6103s ETA 22242s
2026-08-25 17:42:43,786 | INFO  | [1123/5211] sh.603181 皇马科技 取到2184条 | 已用6106s ETA 22227s
2026-08-25 17:42:44,736 | INFO  | [1124/5211] sh.603182 嘉华股份 取到957条 | 已用6107s ETA 22205s
2026-08-25 17:42:47,121 | INFO  | [1125/5211] sh.603183 建研院 取到2176条 | 已用6109s ETA 22188s
2026-08-25 17:42:48,194 | INFO  | [1126/5211] sh.603185 弘元绿能 取到1855条 | 已用6110s ETA 22167s
2026-08-25 17:42:49,154 | INFO  | [1127/5211] sh.603186 华正新材 取到2341条 | 已用6111s ETA 22146s
2026-08-25 17:42:50,069 | INFO  | [1128/5211] sh.603187 海容冷链 取到1876条 | 已用6112s ETA 22124s
2026-08-25 17:42:51,295 | INFO  | [1129/5211] sh.603188 亚邦股份 取到2424条 | 已用6113s ETA 22103s
2026-08-25 17:42:52,074 | INFO  | [1130/5211] sh.603189 *ST网达 取到2412条 | 已用6114s ETA 22081s
2026-08-25 17:42:52,690 | INFO  | [1131/5211] sh.603190 亚通精工 取到854条 | 已用6115s ETA 22058s
2026-08-25 17:42:53,753 | INFO  | [1132/5211] sh.603191 望变电气 取到1049条 | 已用6116s ETA 22037s
2026-08-25 17:42:54,544 | INFO  | [1133/5211] sh.603192 汇得科技 取到1937条 | 已用6117s ETA 22015s
2026-08-25 17:42:55,286 | INFO  | [1134/5211] sh.603193 润本股份 取到694条 | 已用6117s ETA 21993s
2026-08-25 17:42:55,601 | INFO  | [1135/5211] sh.603194 中力股份 取到404条 | 已用6118s ETA 21970s
2026-08-25 17:42:56,403 | INFO  | [1136/5211] sh.603195 公牛集团 取到1591条 | 已用6118s ETA 21948s
2026-08-25 17:42:57,140 | INFO  | [1137/5211] sh.603196 璞源材料 取到2245条 | 已用6119s ETA 21926s
2026-08-25 17:42:58,742 | INFO  | [1138/5211] sh.603197 保隆科技 取到2251条 | 已用6121s ETA 21907s
2026-08-25 17:43:00,802 | INFO  | [1139/5211] sh.603198 迎驾贡酒 取到2424条 | 已用6123s ETA 21889s
2026-08-25 17:43:03,144 | INFO  | [1140/5211] sh.603199 九华旅游 取到2424条 | 已用6125s ETA 21873s
2026-08-25 17:43:05,344 | INFO  | [1141/5211] sh.603200 上海洗霸 取到2244条 | 已用6127s ETA 21857s
2026-08-25 17:43:06,404 | INFO  | [1142/5211] sh.603201 常润股份 取到987条 | 已用6128s ETA 21836s
2026-08-25 17:43:07,039 | INFO  | [1143/5211] sh.603202 天有为 取到325条 | 已用6129s ETA 21814s
2026-08-25 17:43:08,363 | INFO  | [1144/5211] sh.603203 快克智能 取到2380条 | 已用6130s ETA 21794s
2026-08-25 17:43:09,279 | INFO  | [1145/5211] sh.603205 健尔康 取到437条 | 已用6131s ETA 21773s
2026-08-25 17:43:09,638 | INFO  | [1146/5211] sh.603206 嘉环科技 取到1046条 | 已用6132s ETA 21750s
2026-08-25 17:43:10,026 | INFO  | [1147/5211] sh.603207 小方制药 取到483条 | 已用6132s ETA 21727s
2026-08-25 17:43:10,767 | INFO  | [1148/5211] sh.603208 江山欧派 取到2318条 | 已用6133s ETA 21705s
2026-08-25 17:43:12,043 | INFO  | [1149/5211] sh.603209 兴通股份 取到1072条 | 已用6134s ETA 21685s
2026-08-25 17:43:12,673 | INFO  | [1150/5211] sh.603210 泰鸿万立 取到336条 | 已用6135s ETA 21663s
2026-08-25 17:43:13,274 | INFO  | [1151/5211] sh.603211 晋拓股份 取到991条 | 已用6135s ETA 21641s
2026-08-25 17:43:13,750 | INFO  | [1152/5211] sh.603212 赛伍技术 取到1532条 | 已用6136s ETA 21619s
2026-08-25 17:43:14,113 | INFO  | [1153/5211] sh.603213 镇洋发展 取到1161条 | 已用6136s ETA 21596s
2026-08-25 17:43:14,820 | INFO  | [1154/5211] sh.603214 爱婴室 取到2039条 | 已用6137s ETA 21575s
2026-08-25 17:43:15,403 | INFO  | [1155/5211] sh.603215 比依股份 取到1096条 | 已用6137s ETA 21553s
2026-08-25 17:43:15,894 | INFO  | [1156/5211] sh.603216 梦天家居 取到1137条 | 已用6138s ETA 21530s
2026-08-25 17:43:16,342 | INFO  | [1157/5211] sh.603217 元利科技 取到1743条 | 已用6138s ETA 21508s
2026-08-25 17:43:17,211 | INFO  | [1158/5211] sh.603218 日月股份 取到2344条 | 已用6139s ETA 21487s
2026-08-25 17:43:17,668 | INFO  | [1159/5211] sh.603219 富佳股份 取到1154条 | 已用6140s ETA 21465s
2026-08-25 17:43:18,234 | INFO  | [1160/5211] sh.603220 中贝通信 取到1886条 | 已用6140s ETA 21443s
2026-08-25 17:43:18,813 | INFO  | [1161/5211] sh.603221 爱丽家居 取到1559条 | 已用6141s ETA 21421s
2026-08-25 17:43:19,995 | INFO  | [1162/5211] sh.603222 济民健康 取到2424条 | 已用6142s ETA 21402s
2026-08-25 17:43:21,924 | INFO  | [1163/5211] sh.603223 恒通股份 取到2424条 | 已用6144s ETA 21385s
2026-08-25 17:43:23,363 | INFO  | [1164/5211] sh.603225 新凤鸣 取到2273条 | 已用6145s ETA 21366s
2026-08-25 17:43:25,206 | INFO  | [1165/5211] sh.603226 菲林格尔 取到2234条 | 已用6147s ETA 21349s
2026-08-25 17:43:27,800 | INFO  | [1166/5211] sh.603227 雪峰科技 取到2424条 | 已用6150s ETA 21334s
2026-08-25 17:43:30,116 | INFO  | [1167/5211] sh.603228 景旺电子 取到2338条 | 已用6152s ETA 21319s
2026-08-25 17:43:31,205 | INFO  | [1168/5211] sh.603229 奥翔药业 取到2259条 | 已用6153s ETA 21299s
2026-08-25 17:43:32,510 | INFO  | [1169/5211] sh.603230 内蒙新华 取到1130条 | 已用6155s ETA 21280s
2026-08-25 17:43:33,849 | INFO  | [1170/5211] sh.603231 索宝蛋白 取到651条 | 已用6156s ETA 21261s
2026-08-25 17:43:36,490 | INFO  | [1171/5211] sh.603232 格尔软件 取到2270条 | 已用6159s ETA 21247s
2026-08-25 17:43:39,222 | INFO  | [1172/5211] sh.603233 大参林 取到2202条 | 已用6161s ETA 21233s
2026-08-25 17:43:40,351 | INFO  | [1173/5211] sh.603235 天新药业 取到1000条 | 已用6162s ETA 21214s
2026-08-25 17:43:41,653 | INFO  | [1174/5211] sh.603236 移远通信 取到1725条 | 已用6164s ETA 21195s
2026-08-25 17:43:42,036 | INFO  | [1175/5211] sh.603237 五芳斋 取到964条 | 已用6164s ETA 21173s
2026-08-25 17:43:42,839 | INFO  | [1176/5211] sh.603238 诺邦股份 取到2310条 | 已用6165s ETA 21152s
2026-08-25 17:43:43,260 | INFO  | [1177/5211] sh.603239 浙江仙通 取到2342条 | 已用6165s ETA 21131s
2026-08-25 17:43:43,443 | INFO  | [1178/5211] sh.603248 锡华科技 取到162条 | 已用6165s ETA 21108s
2026-08-25 17:43:43,997 | INFO  | [1179/5211] sh.603255 鼎际得 取到973条 | 已用6166s ETA 21087s
2026-08-25 17:43:44,371 | INFO  | [1180/5211] sh.603256 宏和科技 取到1722条 | 已用6166s ETA 21065s
2026-08-25 17:43:44,562 | INFO  | [1181/5211] sh.603257 中国瑞林 取到337条 | 已用6167s ETA 21043s
2026-08-25 17:43:46,159 | INFO  | [1182/5211] sh.603258 电魂网络 取到2389条 | 已用6168s ETA 21025s
2026-08-25 17:43:48,460 | INFO  | [1183/5211] sh.603259 药明康德 取到2016条 | 已用6170s ETA 21010s
2026-08-25 17:43:50,504 | INFO  | [1184/5211] sh.603260 合盛硅业 取到2142条 | 已用6173s ETA 20994s
2026-08-25 17:43:51,565 | INFO  | [1185/5211] sh.603261 立航科技 取到1079条 | 已用6174s ETA 20975s
2026-08-25 17:43:52,527 | INFO  | [1186/5211] sh.603262 技源集团 取到265条 | 已用6175s ETA 20955s
2026-08-25 17:43:54,196 | INFO  | [1187/5211] sh.603266 天龙股份 取到2336条 | 已用6176s ETA 20938s
2026-08-25 17:43:55,316 | INFO  | [1188/5211] sh.603267 鸿远电子 取到1768条 | 已用6177s ETA 20919s
2026-08-25 17:43:57,698 | INFO  | [1189/5211] sh.603268 松发股份 取到2424条 | 已用6180s ETA 20904s
2026-08-25 17:43:59,313 | INFO  | [1190/5211] sh.603269 海鸥股份 取到2253条 | 已用6181s ETA 20887s
2026-08-25 17:43:59,687 | INFO  | [1191/5211] sh.603270 金帝股份 取到720条 | 已用6182s ETA 20865s
2026-08-25 17:44:00,333 | INFO  | [1192/5211] sh.603271 永杰新材 取到356条 | 已用6182s ETA 20845s
2026-08-25 17:44:00,724 | INFO  | [1193/5211] sh.603272 *ST联翔 取到1036条 | 已用6183s ETA 20823s
2026-08-25 17:44:01,090 | INFO  | [1194/5211] sh.603273 天元智能 取到690条 | 已用6183s ETA 20802s
2026-08-25 17:44:01,718 | INFO  | [1195/5211] sh.603275 众辰科技 取到727条 | 已用6184s ETA 20781s
2026-08-25 17:44:02,198 | INFO  | [1196/5211] sh.603276 恒兴新材 取到704条 | 已用6184s ETA 20761s
2026-08-25 17:44:03,127 | INFO  | [1197/5211] sh.603277 银都股份 取到2172条 | 已用6185s ETA 20741s
2026-08-25 17:44:04,276 | INFO  | [1198/5211] sh.603278 大业股份 取到2132条 | 已用6186s ETA 20723s
2026-08-25 17:44:04,683 | INFO  | [1199/5211] sh.603279 景津装备 取到1716条 | 已用6187s ETA 20701s
2026-08-25 17:44:05,085 | INFO  | [1200/5211] sh.603280 南方路机 取到921条 | 已用6187s ETA 20680s
2026-08-25 17:44:05,793 | INFO  | [1201/5211] sh.603281 江瀚新材 取到867条 | 已用6188s ETA 20660s
2026-08-25 17:44:06,224 | INFO  | [1202/5211] sh.603282 亚光股份 取到836条 | 已用6188s ETA 20639s
2026-08-25 17:44:08,044 | INFO  | [1203/5211] sh.603283 赛腾股份 取到2102条 | 已用6190s ETA 20623s
2026-08-25 17:44:08,970 | INFO  | [1204/5211] sh.603284 林平发展 取到129条 | 已用6191s ETA 20604s
2026-08-25 17:44:09,429 | INFO  | [1205/5211] sh.603285 键邦股份 取到519条 | 已用6191s ETA 20583s
2026-08-25 17:44:11,271 | INFO  | [1206/5211] sh.603286 日盈电子 取到2226条 | 已用6193s ETA 20567s
2026-08-25 17:44:12,855 | INFO  | [1207/5211] sh.603288 海天味业 取到2424条 | 已用6195s ETA 20550s
2026-08-25 17:44:13,982 | INFO  | [1208/5211] sh.603289 泰瑞机器 取到2141条 | 已用6196s ETA 20532s
2026-08-25 17:44:15,327 | INFO  | [1209/5211] sh.603290 斯达半导 取到1593条 | 已用6197s ETA 20514s
2026-08-25 17:44:16,174 | INFO  | [1210/5211] sh.603291 联合水务 取到828条 | 已用6198s ETA 20495s
2026-08-25 17:44:16,756 | INFO  | [1211/5211] sh.603293 埃泰克 取到89条 | 已用6199s ETA 20475s
2026-08-25 17:44:17,119 | INFO  | [1212/5211] sh.603296 华勤技术 取到738条 | 已用6199s ETA 20454s
2026-08-25 17:44:19,505 | INFO  | [1213/5211] sh.603297 永新光学 取到1928条 | 已用6202s ETA 20440s
2026-08-25 17:44:21,741 | INFO  | [1214/5211] sh.603298 杭叉集团 取到2345条 | 已用6204s ETA 20425s
2026-08-25 17:44:23,916 | INFO  | [1215/5211] sh.603299 苏盐井神 取到2424条 | 已用6206s ETA 20411s
2026-08-25 17:44:26,888 | INFO  | [1216/5211] sh.603300 海南华铁 取到2424条 | 已用6209s ETA 20398s
2026-08-25 17:44:28,519 | INFO  | [1217/5211] sh.603301 振德医疗 取到2032条 | 已用6211s ETA 20382s
2026-08-25 17:44:31,144 | INFO  | [1218/5211] sh.603303 得邦照明 取到2284条 | 已用6213s ETA 20369s
2026-08-25 17:44:33,695 | INFO  | [1219/5211] sh.603305 旭升集团 取到2217条 | 已用6216s ETA 20355s
2026-08-25 17:44:35,209 | INFO  | [1220/5211] sh.603306 华懋科技 取到2424条 | 已用6217s ETA 20338s
2026-08-25 17:44:36,430 | INFO  | [1221/5211] sh.603307 扬州金泉 取到855条 | 已用6218s ETA 20321s
2026-08-25 17:44:39,871 | INFO  | [1222/5211] sh.603308 应流股份 取到2424条 | 已用6222s ETA 20310s
2026-08-25 17:44:42,121 | INFO  | [1223/5211] sh.603309 维力医疗 取到2424条 | 已用6224s ETA 20296s
2026-08-25 17:44:42,944 | INFO  | [1224/5211] sh.603310 巍华新材 取到491条 | 已用6225s ETA 20277s
2026-08-25 17:44:44,728 | INFO  | [1225/5211] sh.603311 金海高科 取到2424条 | 已用6227s ETA 20261s
2026-08-25 17:44:45,251 | INFO  | [1226/5211] sh.603312 西典新能 取到633条 | 已用6227s ETA 20241s
2026-08-25 17:44:47,937 | INFO  | [1227/5211] sh.603313 梦百合 取到2398条 | 已用6230s ETA 20228s
2026-08-25 17:44:50,284 | INFO  | [1228/5211] sh.603315 福鞍股份 取到2424条 | 已用6232s ETA 20214s
2026-08-25 17:44:52,812 | INFO  | [1229/5211] sh.603316 诚邦股份 取到2232条 | 已用6235s ETA 20201s
2026-08-25 17:44:53,900 | INFO  | [1230/5211] sh.603317 天味食品 取到1786条 | 已用6236s ETA 20183s
2026-08-25 17:44:55,566 | INFO  | [1231/5211] sh.603318 水发燃气 取到2424条 | 已用6238s ETA 20167s
2026-08-25 17:44:56,716 | INFO  | [1232/5211] sh.603319 美湖股份 取到2364条 | 已用6239s ETA 20149s
2026-08-25 17:44:58,315 | INFO  | [1233/5211] sh.603320 迪贝电气 取到2264条 | 已用6240s ETA 20133s
2026-08-25 17:44:59,057 | INFO  | [1234/5211] sh.603321 梅轮电梯 取到2168条 | 已用6241s ETA 20114s
2026-08-25 17:45:00,771 | INFO  | [1235/5211] sh.603322 超讯科技 取到2424条 | 已用6243s ETA 20098s
2026-08-25 17:45:03,076 | INFO  | [1236/5211] sh.603323 苏农银行 取到2365条 | 已用6245s ETA 20084s
2026-08-25 17:45:04,633 | INFO  | [1237/5211] sh.603324 盛剑科技 取到1306条 | 已用6247s ETA 20068s
2026-08-25 17:45:05,692 | INFO  | [1238/5211] sh.603325 博隆技术 取到634条 | 已用6248s ETA 20050s
2026-08-25 17:45:08,787 | INFO  | [1239/5211] sh.603326 我乐家居 取到2233条 | 已用6251s ETA 20039s
2026-08-25 17:45:11,548 | INFO  | [1240/5211] sh.603327 福蓉科技 取到1762条 | 已用6254s ETA 20027s
2026-08-25 17:45:13,042 | INFO  | [1241/5211] sh.603328 依顿电子 取到2424条 | 已用6255s ETA 20010s
2026-08-25 17:45:16,294 | INFO  | [1242/5211] sh.603329 上海雅仕 取到2098条 | 已用6258s ETA 19999s
2026-08-25 17:45:19,135 | INFO  | [1243/5211] sh.603330 天洋新材 取到2317条 | 已用6261s ETA 19987s
2026-08-25 17:45:22,140 | INFO  | [1244/5211] sh.603331 百达精工 取到2220条 | 已用6264s ETA 19976s
2026-08-25 17:45:26,628 | INFO  | [1245/5211] sh.603332 苏州龙杰 取到1843条 | 已用6269s ETA 19969s
2026-08-25 17:45:28,548 | INFO  | [1246/5211] sh.603333 福华尚纬 取到2424条 | 已用6271s ETA 19954s
2026-08-25 17:45:28,708 | INFO  | [1247/5211] sh.603334 丰倍生物 取到196条 | 已用6271s ETA 19934s
2026-08-25 17:45:30,655 | INFO  | [1248/5211] sh.603335 迪生力 取到2231条 | 已用6273s ETA 19919s
2026-08-25 17:45:33,375 | INFO  | [1249/5211] sh.603336 宏辉果蔬 取到2368条 | 已用6275s ETA 19906s
2026-08-25 17:45:35,767 | INFO  | [1250/5211] sh.603337 杰克科技 取到2329条 | 已用6278s ETA 19893s
2026-08-25 17:45:37,254 | INFO  | [1251/5211] sh.603338 浙江鼎力 取到2424条 | 已用6279s ETA 19877s
2026-08-25 17:45:40,149 | INFO  | [1252/5211] sh.603339 四方科技 取到2424条 | 已用6282s ETA 19865s
2026-08-25 17:45:40,586 | INFO  | [1253/5211] sh.603341 龙旗科技 取到603条 | 已用6283s ETA 19846s
2026-08-25 17:45:41,541 | INFO  | [1254/5211] sh.603344 星德胜 取到590条 | 已用6284s ETA 19828s
2026-08-25 17:45:43,975 | INFO  | [1255/5211] sh.603345 安井食品 取到2310条 | 已用6286s ETA 19815s
2026-08-25 17:45:46,841 | INFO  | [1256/5211] sh.603348 文灿股份 取到2022条 | 已用6289s ETA 19803s
2026-08-25 17:45:47,488 | INFO  | [1257/5211] sh.603350 安乃达 取到521条 | 已用6290s ETA 19784s
2026-08-25 17:45:48,551 | INFO  | [1258/5211] sh.603351 威尔药业 取到1834条 | 已用6291s ETA 19767s
2026-08-25 17:45:48,949 | INFO  | [1259/5211] sh.603352 至信股份 取到147条 | 已用6291s ETA 19747s
2026-08-25 17:45:50,866 | INFO  | [1260/5211] sh.603353 和顺石油 取到1549条 | 已用6293s ETA 19733s
2026-08-25 17:45:52,257 | INFO  | [1261/5211] sh.603355 莱克电气 取到2424条 | 已用6294s ETA 19716s
2026-08-25 17:45:56,472 | INFO  | [1262/5211] sh.603356 华菱精工 取到2081条 | 已用6298s ETA 19709s
2026-08-25 17:46:00,412 | INFO  | [1263/5211] sh.603357 设计总院 取到2201条 | 已用6302s ETA 19701s
2026-08-25 17:46:02,337 | INFO  | [1264/5211] sh.603358 华达科技 取到2325条 | 已用6304s ETA 19686s
2026-08-25 17:46:05,250 | INFO  | [1265/5211] sh.603359 *ST东珠 取到2178条 | 已用6307s ETA 19675s
2026-08-25 17:46:07,264 | INFO  | [1266/5211] sh.603360 百傲化学 取到2322条 | 已用6309s ETA 19660s
2026-08-25 17:46:08,630 | INFO  | [1267/5211] sh.603363 傲农生物 取到2161条 | 已用6311s ETA 19644s
2026-08-25 17:46:09,885 | INFO  | [1268/5211] sh.603365 水星家纺 取到2127条 | 已用6312s ETA 19628s
2026-08-25 17:46:11,840 | INFO  | [1269/5211] sh.603366 日出东方 取到2424条 | 已用6314s ETA 19613s
2026-08-25 17:46:14,286 | INFO  | [1270/5211] sh.603367 辰欣药业 取到2158条 | 已用6316s ETA 19600s
2026-08-25 17:46:16,825 | INFO  | [1271/5211] sh.603368 柳药集团 取到2424条 | 已用6319s ETA 19588s
2026-08-25 17:46:18,886 | INFO  | [1272/5211] sh.603369 今世缘 取到2424条 | 已用6321s ETA 19574s
2026-08-25 17:46:19,283 | INFO  | [1273/5211] sh.603370 华新精科 取到233条 | 已用6321s ETA 19555s
2026-08-25 17:46:20,238 | INFO  | [1274/5211] sh.603373 安邦护卫 取到648条 | 已用6322s ETA 19537s
2026-08-25 17:46:21,728 | INFO  | [1275/5211] sh.603375 盛景微 取到624条 | 已用6324s ETA 19522s
2026-08-25 17:46:22,081 | INFO  | [1276/5211] sh.603376 大明电子 取到195条 | 已用6324s ETA 19503s
2026-08-25 17:46:24,307 | INFO  | [1277/5211] sh.603377 ST东时 取到2424条 | 已用6326s ETA 19489s
2026-08-25 17:46:25,655 | INFO  | [1278/5211] sh.603378 *ST亚士 取到2159条 | 已用6328s ETA 19473s
2026-08-25 17:46:30,179 | INFO  | [1279/5211] sh.603379 三美股份 取到1795条 | 已用6332s ETA 19467s
2026-08-25 17:46:33,555 | INFO  | [1280/5211] sh.603380 易德龙 取到2229条 | 已用6336s ETA 19457s
2026-08-25 17:46:34,337 | INFO  | [1281/5211] sh.603381 永臻股份 取到526条 | 已用6336s ETA 19439s
2026-08-25 17:46:35,500 | INFO  | [1282/5211] sh.603382 海阳科技 取到294条 | 已用6338s ETA 19423s
2026-08-25 17:46:38,036 | INFO  | [1283/5211] sh.603383 顶点软件 取到2250条 | 已用6340s ETA 19411s
2026-08-25 17:46:40,889 | INFO  | [1284/5211] sh.603385 惠达卫浴 取到2282条 | 已用6343s ETA 19399s
2026-08-25 17:46:43,222 | INFO  | [1285/5211] sh.603386 骏亚科技 取到2171条 | 已用6345s ETA 19386s
2026-08-25 17:46:45,481 | INFO  | [1286/5211] sh.603387 基蛋生物 取到2212条 | 已用6347s ETA 19373s
2026-08-25 17:46:48,784 | INFO  | [1287/5211] sh.603389 亚振家居 取到2353条 | 已用6351s ETA 19363s
2026-08-25 17:46:50,158 | INFO  | [1288/5211] sh.603390 通达电气 取到1637条 | 已用6352s ETA 19347s
2026-08-25 17:46:50,572 | INFO  | [1289/5211] sh.603391 力聚热能 取到501条 | 已用6353s ETA 19329s
2026-08-25 17:46:51,497 | INFO  | [1290/5211] sh.603392 万泰生物 取到1533条 | 已用6354s ETA 19312s
2026-08-25 17:46:54,738 | INFO  | [1291/5211] sh.603393 新天然气 取到2414条 | 已用6357s ETA 19302s
2026-08-25 17:46:54,998 | INFO  | [1292/5211] sh.603395 红四方 取到424条 | 已用6357s ETA 19283s
2026-08-25 17:46:56,746 | INFO  | [1293/5211] sh.603396 金辰股份 取到2150条 | 已用6359s ETA 19268s
2026-08-25 17:46:58,947 | INFO  | [1294/5211] sh.603398 *ST沐邦 取到2424条 | 已用6361s ETA 19255s
2026-08-25 17:47:00,646 | INFO  | [1295/5211] sh.603399 永杉锂业 取到2424条 | 已用6363s ETA 19240s
2026-08-25 17:47:01,720 | INFO  | [1296/5211] sh.603400 华之杰 取到288条 | 已用6364s ETA 19224s
2026-08-25 17:47:02,069 | INFO  | [1297/5211] sh.603402 陕西旅游 取到154条 | 已用6364s ETA 19205s
2026-08-25 17:47:02,687 | INFO  | [1298/5211] sh.603406 天富龙 取到253条 | 已用6365s ETA 19187s
2026-08-25 17:47:03,020 | INFO  | [1299/5211] sh.603407 长裕集团 取到75条 | 已用6365s ETA 19169s
2026-08-25 17:47:04,263 | INFO  | [1300/5211] sh.603408 建霖家居 取到1472条 | 已用6366s ETA 19153s
2026-08-25 17:47:05,707 | INFO  | [1301/5211] sh.603409 汇通控股 取到361条 | 已用6368s ETA 19137s
2026-08-25 17:47:07,464 | INFO  | [1302/5211] sh.603416 信捷电气 取到2349条 | 已用6369s ETA 19123s
2026-08-25 17:47:08,384 | INFO  | [1303/5211] sh.603418 友升股份 取到221条 | 已用6370s ETA 19106s
2026-08-25 17:47:12,124 | INFO  | [1304/5211] sh.603421 鼎信通讯 取到2400条 | 已用6374s ETA 19098s
2026-08-25 17:47:14,313 | INFO  | [1305/5211] sh.603429 *ST集友 取到2326条 | 已用6376s ETA 19085s
2026-08-25 17:47:14,467 | INFO  | [1306/5211] sh.603435 嘉德利 取到66条 | 已用6376s ETA 19066s
2026-08-25 17:47:15,371 | INFO  | [1307/5211] sh.603439 三力制药 取到1534条 | 已用6377s ETA 19049s
2026-08-25 17:47:18,287 | INFO  | [1308/5211] sh.603444 吉比特 取到2340条 | 已用6380s ETA 19038s
2026-08-25 17:47:20,497 | INFO  | [1309/5211] sh.603456 九洲药业 取到2424条 | 已用6383s ETA 19026s
2026-08-25 17:47:25,523 | INFO  | [1310/5211] sh.603458 勘设股份 取到2195条 | 已用6388s ETA 19021s
2026-08-25 17:47:26,083 | INFO  | [1311/5211] sh.603459 红板科技 取到95条 | 已用6388s ETA 19003s
2026-08-25 17:47:27,821 | INFO  | [1312/5211] sh.603466 风语筑 取到2148条 | 已用6390s ETA 18989s
2026-08-25 17:47:27,954 | INFO  | [1313/5211] sh.603468 津富士达 取到13条 | 已用6390s ETA 18970s
2026-08-25 17:47:33,979 | INFO  | [1314/5211] sh.603477 巨星农牧 取到2107条 | 已用6396s ETA 18969s
2026-08-25 17:47:37,479 | INFO  | [1315/5211] sh.603486 科沃斯 取到2002条 | 已用6399s ETA 18960s
2026-08-25 17:47:42,711 | INFO  | [1316/5211] sh.603488 展鹏科技 取到2254条 | 已用6405s ETA 18956s
2026-08-25 17:47:43,955 | INFO  | [1317/5211] sh.603489 八方股份 取到1647条 | 已用6406s ETA 18941s
2026-08-25 17:47:45,979 | INFO  | [1318/5211] sh.603496 恒为科技 取到2240条 | 已用6408s ETA 18927s
2026-08-25 17:47:48,335 | INFO  | [1319/5211] sh.603499 翔港科技 取到2152条 | 已用6410s ETA 18915s
2026-08-25 17:47:51,165 | INFO  | [1320/5211] sh.603500 祥和实业 取到2177条 | 已用6413s ETA 18904s
2026-08-25 17:47:53,203 | INFO  | [1321/5211] sh.603501 豪威集团 取到2262条 | 已用6415s ETA 18891s
2026-08-25 17:47:56,865 | INFO  | [1322/5211] sh.603505 金石资源 取到2263条 | 已用6419s ETA 18883s
2026-08-25 17:47:58,827 | INFO  | [1323/5211] sh.603506 南都物业 取到2075条 | 已用6421s ETA 18869s
2026-08-25 17:48:01,687 | INFO  | [1324/5211] sh.603507 振江股份 取到2137条 | 已用6424s ETA 18859s
2026-08-25 17:48:05,710 | INFO  | [1325/5211] sh.603508 思维列控 取到2424条 | 已用6428s ETA 18851s
2026-08-25 17:48:06,679 | INFO  | [1326/5211] sh.603511 爱慕股份 取到1271条 | 已用6429s ETA 18835s
2026-08-25 17:48:08,410 | INFO  | [1327/5211] sh.603515 欧普照明 取到2424条 | 已用6430s ETA 18821s
2026-08-25 17:48:12,599 | INFO  | [1328/5211] sh.603516 淳中科技 取到2074条 | 已用6435s ETA 18814s
2026-08-25 17:48:15,422 | INFO  | [1329/5211] sh.603517 ST绝味 取到2293条 | 已用6437s ETA 18804s
2026-08-25 17:48:17,516 | INFO  | [1330/5211] sh.603518 锦泓集团 取到2424条 | 已用6440s ETA 18791s
2026-08-25 17:48:19,293 | INFO  | [1331/5211] sh.603519 立霸股份 取到2424条 | 已用6441s ETA 18777s
2026-08-25 17:48:25,236 | INFO  | [1332/5211] sh.603520 司太立 取到2424条 | 已用6447s ETA 18775s
2026-08-25 17:48:28,390 | INFO  | [1333/5211] sh.603527 众源新材 取到2174条 | 已用6450s ETA 18766s
2026-08-25 17:48:29,889 | INFO  | [1334/5211] sh.603528 多伦科技 取到2424条 | 已用6452s ETA 18751s
2026-08-25 17:48:30,252 | INFO  | [1335/5211] sh.603529 爱玛科技 取到1261条 | 已用6452s ETA 18733s
2026-08-25 17:48:31,374 | INFO  | [1336/5211] sh.603530 神马电力 取到1711条 | 已用6453s ETA 18718s
2026-08-25 17:48:33,244 | INFO  | [1337/5211] sh.603533 掌阅科技 取到2164条 | 已用6455s ETA 18704s
2026-08-25 17:48:36,397 | INFO  | [1338/5211] sh.603535 嘉诚国际 取到2196条 | 已用6458s ETA 18695s
2026-08-25 17:48:38,008 | INFO  | [1339/5211] sh.603536 惠发食品 取到2236条 | 已用6460s ETA 18681s
2026-08-25 17:48:39,667 | INFO  | [1340/5211] sh.603538 美诺华 取到2280条 | 已用6462s ETA 18667s
2026-08-25 17:48:42,769 | INFO  | [1341/5211] sh.603551 奥普科技 取到1601条 | 已用6465s ETA 18657s
2026-08-25 17:48:46,326 | INFO  | [1342/5211] sh.603556 海兴电力 取到2378条 | 已用6468s ETA 18648s
2026-08-25 17:48:47,684 | INFO  | [1343/5211] sh.603557 *ST起步 取到2188条 | 已用6470s ETA 18634s
2026-08-25 17:48:50,406 | INFO  | [1344/5211] sh.603558 健盛集团 取到2424条 | 已用6472s ETA 18623s
2026-08-25 17:48:52,693 | INFO  | [1345/5211] sh.603559 中通国脉 取到2362条 | 已用6475s ETA 18611s
2026-08-25 17:48:53,272 | INFO  | [1346/5211] sh.603565 中谷物流 取到1431条 | 已用6475s ETA 18594s
2026-08-25 17:48:55,976 | INFO  | [1347/5211] sh.603566 普莱柯 取到2424条 | 已用6478s ETA 18583s
2026-08-25 17:48:59,585 | INFO  | [1348/5211] sh.603567 珍宝岛 取到2424条 | 已用6482s ETA 18574s
2026-08-25 17:49:00,888 | INFO  | [1349/5211] sh.603568 伟明环保 取到2424条 | 已用6483s ETA 18560s
2026-08-25 17:49:02,551 | INFO  | [1350/5211] sh.603569 长久物流 取到2424条 | 已用6485s ETA 18546s
2026-08-25 17:49:03,679 | INFO  | [1351/5211] sh.603577 汇金通 取到2348条 | 已用6486s ETA 18531s
2026-08-25 17:49:05,303 | INFO  | [1352/5211] sh.603578 三星新材 取到2302条 | 已用6487s ETA 18517s
2026-08-25 17:49:08,582 | INFO  | [1353/5211] sh.603579 荣泰健康 取到2335条 | 已用6491s ETA 18508s
2026-08-25 17:49:10,963 | INFO  | [1354/5211] sh.603580 艾艾精工 取到2247条 | 已用6493s ETA 18496s
2026-08-25 17:49:12,395 | INFO  | [1355/5211] sh.603583 捷昌驱动 取到1919条 | 已用6494s ETA 18482s
2026-08-25 17:49:14,739 | INFO  | [1356/5211] sh.603585 苏利股份 取到2354条 | 已用6497s ETA 18470s
2026-08-25 17:49:21,897 | INFO  | [1357/5211] sh.603586 金麒麟 取到2281条 | 已用6504s ETA 18472s
2026-08-25 17:49:26,135 | INFO  | [1358/5211] sh.603587 地素时尚 取到1984条 | 已用6508s ETA 18465s
2026-08-25 17:49:27,202 | INFO  | [1359/5211] sh.603588 高能环境 取到2424条 | 已用6509s ETA 18450s
2026-08-25 17:49:30,568 | INFO  | [1360/5211] sh.603589 口子窖 取到2424条 | 已用6513s ETA 18441s
2026-08-25 17:49:33,358 | INFO  | [1361/5211] sh.603590 康辰药业 取到1938条 | 已用6515s ETA 18431s
2026-08-25 17:49:35,410 | INFO  | [1362/5211] sh.603595 ST东尼 取到2215条 | 已用6517s ETA 18418s
2026-08-25 17:49:36,951 | INFO  | [1363/5211] sh.603596 伯特利 取到2021条 | 已用6519s ETA 18404s
2026-08-25 17:49:39,336 | INFO  | [1364/5211] sh.603598 引力传媒 取到2424条 | 已用6521s ETA 18393s
2026-08-25 17:49:41,901 | INFO  | [1365/5211] sh.603599 广信股份 取到2424条 | 已用6524s ETA 18382s
2026-08-25 17:49:43,774 | INFO  | [1366/5211] sh.603600 永艺股份 取到2424条 | 已用6526s ETA 18369s
2026-08-25 17:49:46,401 | INFO  | [1367/5211] sh.603601 再升科技 取到2424条 | 已用6528s ETA 18358s
2026-08-25 17:49:48,907 | INFO  | [1368/5211] sh.603602 纵横通信 取到2194条 | 已用6531s ETA 18347s
2026-08-25 17:49:52,395 | INFO  | [1369/5211] sh.603605 珀莱雅 取到2130条 | 已用6534s ETA 18338s
2026-08-25 17:49:53,436 | INFO  | [1370/5211] sh.603606 东方电缆 取到2424条 | 已用6535s ETA 18323s
2026-08-25 17:49:56,205 | INFO  | [1371/5211] sh.603607 京华激光 取到2145条 | 已用6538s ETA 18313s
2026-08-25 17:50:02,402 | INFO  | [1372/5211] sh.603608 天创时尚 取到2424条 | 已用6544s ETA 18312s
2026-08-25 17:50:03,145 | INFO  | [1373/5211] sh.603609 禾丰股份 取到2424条 | 已用6545s ETA 18296s
2026-08-25 17:50:03,726 | INFO  | [1374/5211] sh.603610 麒盛科技 取到1656条 | 已用6546s ETA 18279s
2026-08-25 17:50:06,865 | INFO  | [1375/5211] sh.603611 诺力股份 取到2424条 | 已用6549s ETA 18270s
2026-08-25 17:50:08,015 | INFO  | [1376/5211] sh.603612 索通发展 取到2211条 | 已用6550s ETA 18255s
2026-08-25 17:50:09,922 | INFO  | [1377/5211] sh.603613 国联股份 取到1715条 | 已用6552s ETA 18243s
2026-08-25 17:50:13,965 | INFO  | [1378/5211] sh.603615 茶花股份 取到2317条 | 已用6556s ETA 18236s
2026-08-25 17:50:20,065 | INFO  | [1379/5211] sh.603616 韩建河山 取到2424条 | 已用6562s ETA 18235s
2026-08-25 17:50:22,400 | INFO  | [1380/5211] sh.603617 君禾股份 取到2222条 | 已用6564s ETA 18223s
2026-08-25 17:50:24,551 | INFO  | [1381/5211] sh.603618 杭电股份 取到2424条 | 已用6567s ETA 18211s
2026-08-25 17:50:25,974 | INFO  | [1382/5211] sh.603619 中曼石油 取到2128条 | 已用6568s ETA 18197s
2026-08-25 17:50:28,494 | INFO  | [1383/5211] sh.603626 科森科技 取到2319条 | 已用6571s ETA 18186s
2026-08-25 17:50:30,155 | INFO  | [1384/5211] sh.603628 清源股份 取到2334条 | 已用6572s ETA 18173s
2026-08-25 17:50:31,068 | INFO  | [1385/5211] sh.603629 利通电子 取到1859条 | 已用6573s ETA 18158s
2026-08-25 17:50:32,957 | INFO  | [1386/5211] sh.603630 拉芳家化 取到2297条 | 已用6575s ETA 18145s
2026-08-25 17:50:34,963 | INFO  | [1387/5211] sh.603633 徕木股份 取到2373条 | 已用6577s ETA 18133s
2026-08-25 17:50:40,364 | INFO  | [1388/5211] sh.603636 南威软件 取到2424条 | 已用6582s ETA 18130s
2026-08-25 17:50:41,708 | INFO  | [1389/5211] sh.603637 镇海股份 取到2320条 | 已用6584s ETA 18116s
2026-08-25 17:50:44,058 | INFO  | [1390/5211] sh.603638 艾迪精密 取到2328条 | 已用6586s ETA 18105s
2026-08-25 17:50:45,441 | INFO  | [1391/5211] sh.603639 海利尔 取到2334条 | 已用6587s ETA 18091s
2026-08-25 17:50:45,862 | INFO  | [1392/5211] sh.603648 畅联股份 取到2170条 | 已用6588s ETA 18074s
2026-08-25 17:50:46,459 | INFO  | [1393/5211] sh.603650 彤程新材 取到1981条 | 已用6588s ETA 18058s
2026-08-25 17:50:47,473 | INFO  | [1394/5211] sh.603655 朗博科技 取到2098条 | 已用6589s ETA 18043s
2026-08-25 17:50:48,369 | INFO  | [1395/5211] sh.603656 泰禾智能 取到2291条 | 已用6590s ETA 18028s
2026-08-25 17:50:50,282 | INFO  | [1396/5211] sh.603657 春光科技 取到1958条 | 已用6592s ETA 18015s
2026-08-25 17:50:51,987 | INFO  | [1397/5211] sh.603658 安图生物 取到2421条 | 已用6594s ETA 18003s
2026-08-25 17:50:53,546 | INFO  | [1398/5211] sh.603659 璞泰来 取到2138条 | 已用6596s ETA 17989s
2026-08-25 17:50:56,675 | INFO  | [1399/5211] sh.603660 苏州科达 取到2363条 | 已用6599s ETA 17980s
2026-08-25 17:50:58,177 | INFO  | [1400/5211] sh.603661 恒林股份 取到2126条 | 已用6600s ETA 17967s
2026-08-25 17:50:59,294 | INFO  | [1401/5211] sh.603662 柯力传感 取到1710条 | 已用6601s ETA 17952s
2026-08-25 17:51:00,297 | INFO  | [1402/5211] sh.603663 三祥新材 取到2424条 | 已用6602s ETA 17937s
2026-08-25 17:51:01,782 | INFO  | [1403/5211] sh.603665 康隆达 取到2297条 | 已用6604s ETA 17924s
2026-08-25 17:51:04,166 | INFO  | [1404/5211] sh.603666 亿嘉和 取到1991条 | 已用6606s ETA 17913s
2026-08-25 17:51:05,292 | INFO  | [1405/5211] sh.603667 五洲新春 取到2390条 | 已用6607s ETA 17899s
2026-08-25 17:51:07,364 | INFO  | [1406/5211] sh.603668 天马科技 取到2331条 | 已用6609s ETA 17887s
2026-08-25 17:51:16,100 | INFO  | [1407/5211] sh.603669 灵康药业 取到2424条 | 已用6618s ETA 17893s
2026-08-25 17:51:18,153 | INFO  | [1408/5211] sh.603676 卫信康 取到2208条 | 已用6620s ETA 17881s
2026-08-25 17:51:20,611 | INFO  | [1409/5211] sh.603677 奇精机械 取到2322条 | 已用6623s ETA 17870s
2026-08-25 17:51:22,183 | INFO  | [1410/5211] sh.603678 火炬电子 取到2424条 | 已用6624s ETA 17857s
2026-08-25 17:51:24,252 | INFO  | [1411/5211] sh.603679 华体科技 取到2230条 | 已用6626s ETA 17845s
2026-08-25 17:51:25,256 | INFO  | [1412/5211] sh.603680 今创集团 取到2062条 | 已用6627s ETA 17831s
2026-08-25 17:51:26,172 | INFO  | [1413/5211] sh.603681 永冠新材 取到1800条 | 已用6628s ETA 17816s
2026-08-25 17:51:30,157 | INFO  | [1414/5211] sh.603682 锦和商管 取到1539条 | 已用6632s ETA 17809s
2026-08-25 17:51:31,885 | INFO  | [1415/5211] sh.603683 晶华新材 取到2148条 | 已用6634s ETA 17797s
2026-08-25 17:51:33,631 | INFO  | [1416/5211] sh.603685 晨丰科技 取到2122条 | 已用6636s ETA 17784s
2026-08-25 17:51:35,208 | INFO  | [1417/5211] sh.603686 福龙马 取到2424条 | 已用6637s ETA 17771s
2026-08-25 17:51:37,764 | INFO  | [1418/5211] sh.603687 大胜达 取到1717条 | 已用6640s ETA 17761s
2026-08-25 17:51:39,670 | INFO  | [1419/5211] sh.603688 石英股份 取到2424条 | 已用6642s ETA 17749s
2026-08-25 17:51:42,430 | INFO  | [1420/5211] sh.603689 皖天然气 取到2336条 | 已用6644s ETA 17739s
2026-08-25 17:51:44,711 | INFO  | [1421/5211] sh.603690 至纯科技 取到2333条 | 已用6647s ETA 17728s
2026-08-25 17:51:46,162 | INFO  | [1422/5211] sh.603693 江苏新能 取到1977条 | 已用6648s ETA 17714s
2026-08-25 17:51:51,187 | INFO  | [1423/5211] sh.603696 安记食品 取到2424条 | 已用6653s ETA 17711s
2026-08-25 17:51:52,955 | INFO  | [1424/5211] sh.603697 有友食品 取到1773条 | 已用6655s ETA 17698s
2026-08-25 17:51:58,259 | INFO  | [1425/5211] sh.603698 航天工程 取到2424条 | 已用6660s ETA 17695s
2026-08-25 17:52:01,135 | INFO  | [1426/5211] sh.603699 纽威股份 取到2424条 | 已用6663s ETA 17686s
2026-08-25 17:52:02,432 | INFO  | [1427/5211] sh.603700 宁水集团 取到1840条 | 已用6664s ETA 17672s
2026-08-25 17:52:05,105 | INFO  | [1428/5211] sh.603701 德宏股份 取到2424条 | 已用6667s ETA 17662s
2026-08-25 17:52:07,660 | INFO  | [1429/5211] sh.603703 盛洋科技 取到2424条 | 已用6670s ETA 17652s
2026-08-25 17:52:12,054 | INFO  | [1430/5211] sh.603706 东方环宇 取到1973条 | 已用6674s ETA 17647s
2026-08-25 17:52:14,931 | INFO  | [1431/5211] sh.603707 健友股份 取到2210条 | 已用6677s ETA 17637s
2026-08-25 17:52:18,234 | INFO  | [1432/5211] sh.603708 家家悦 取到2355条 | 已用6680s ETA 17629s
2026-08-25 17:52:22,112 | INFO  | [1433/5211] sh.603709 中源家居 取到2070条 | 已用6684s ETA 17622s
2026-08-25 17:52:23,869 | INFO  | [1434/5211] sh.603711 香飘飘 取到2119条 | 已用6686s ETA 17610s
2026-08-25 17:52:26,347 | INFO  | [1435/5211] sh.603712 七一二 取到2063条 | 已用6688s ETA 17599s
2026-08-25 17:52:27,767 | INFO  | [1436/5211] sh.603713 密尔克卫 取到1969条 | 已用6690s ETA 17586s
2026-08-25 17:52:30,063 | INFO  | [1437/5211] sh.603716 塞力医疗 取到2386条 | 已用6692s ETA 17575s
2026-08-25 17:52:31,686 | INFO  | [1438/5211] sh.603717 天域生物 取到2287条 | 已用6694s ETA 17563s
2026-08-25 17:52:33,702 | INFO  | [1439/5211] sh.603718 *ST海利 取到2424条 | 已用6696s ETA 17551s
2026-08-25 17:52:36,343 | INFO  | [1440/5211] sh.603719 良品铺子 取到1579条 | 已用6698s ETA 17541s
2026-08-25 17:52:37,617 | INFO  | [1441/5211] sh.603721 中广天择 取到2193条 | 已用6700s ETA 17528s
2026-08-25 17:52:39,154 | INFO  | [1442/5211] sh.603722 阿科力 取到2145条 | 已用6701s ETA 17515s
2026-08-25 17:52:41,639 | INFO  | [1443/5211] sh.603725 天安新材 取到2175条 | 已用6704s ETA 17505s
2026-08-25 17:52:44,027 | INFO  | [1444/5211] sh.603726 朗迪集团 取到2424条 | 已用6706s ETA 17494s
2026-08-25 17:52:48,255 | INFO  | [1445/5211] sh.603727 博迈科 取到2370条 | 已用6710s ETA 17488s
2026-08-25 17:52:51,836 | INFO  | [1446/5211] sh.603728 鸣志电器 取到2259条 | 已用6714s ETA 17481s
2026-08-25 17:52:54,300 | INFO  | [1447/5211] sh.603729 ST龙韵 取到2424条 | 已用6716s ETA 17471s
2026-08-25 17:52:58,534 | INFO  | [1448/5211] sh.603730 岱美股份 取到2203条 | 已用6721s ETA 17465s
2026-08-25 17:53:01,415 | INFO  | [1449/5211] sh.603733 仙鹤股份 取到2026条 | 已用6723s ETA 17456s
2026-08-25 17:53:12,188 | INFO  | [1450/5211] sh.603737 三棵树 取到2424条 | 已用6734s ETA 17467s
2026-08-25 17:53:15,526 | INFO  | [1451/5211] sh.603738 泰晶科技 取到2404条 | 已用6738s ETA 17459s
2026-08-25 17:53:18,285 | INFO  | [1452/5211] sh.603739 蔚蓝生物 取到1844条 | 已用6740s ETA 17450s
2026-08-25 17:53:21,514 | INFO  | [1453/5211] sh.603755 日辰股份 取到1694条 | 已用6744s ETA 17441s
2026-08-25 17:53:23,305 | INFO  | [1454/5211] sh.603757 大元泵业 取到2216条 | 已用6745s ETA 17429s
2026-08-25 17:53:26,002 | INFO  | [1455/5211] sh.603758 秦安股份 取到2253条 | 已用6748s ETA 17420s
2026-08-25 17:53:27,563 | INFO  | [1456/5211] sh.603759 海天股份 取到1313条 | 已用6750s ETA 17407s
2026-08-25 17:53:33,272 | INFO  | [1457/5211] sh.603766 隆鑫通用 取到2424条 | 已用6755s ETA 17405s
2026-08-25 17:53:37,738 | INFO  | [1458/5211] sh.603767 中马传动 取到2236条 | 已用6760s ETA 17400s
2026-08-25 17:53:44,678 | INFO  | [1459/5211] sh.603768 常青股份 取到2288条 | 已用6767s ETA 17401s
2026-08-25 17:53:48,521 | INFO  | [1460/5211] sh.603773 沃格光电 取到2029条 | 已用6771s ETA 17395s
2026-08-25 17:53:51,494 | INFO  | [1461/5211] sh.603776 永安行 取到2189条 | 已用6774s ETA 17386s
2026-08-25 17:53:59,347 | INFO  | [1462/5211] sh.603777 来伊份 取到2399条 | 已用6781s ETA 17389s
2026-08-25 17:54:02,492 | INFO  | [1463/5211] sh.603778 国晟科技 取到2424条 | 已用6785s ETA 17381s
2026-08-25 17:54:06,386 | INFO  | [1464/5211] sh.603779 威龙股份 取到2424条 | 已用6788s ETA 17374s
2026-08-25 17:54:09,162 | INFO  | [1465/5211] sh.603786 科博达 取到1666条 | 已用6791s ETA 17365s
2026-08-25 17:54:11,448 | INFO  | [1466/5211] sh.603787 新日股份 取到2266条 | 已用6793s ETA 17354s
2026-08-25 17:54:16,959 | INFO  | [1467/5211] sh.603788 宁波高发 取到2424条 | 已用6799s ETA 17352s
2026-08-25 17:54:19,799 | INFO  | [1468/5211] sh.603789 ST星农 取到2424条 | 已用6802s ETA 17343s
2026-08-25 17:54:24,648 | INFO  | [1469/5211] sh.603790 雅运股份 取到1926条 | 已用6807s ETA 17339s
2026-08-25 17:54:27,655 | INFO  | [1470/5211] sh.603797 联泰环保 取到2276条 | 已用6810s ETA 17330s
2026-08-25 17:54:29,706 | INFO  | [1471/5211] sh.603798 康普顿 取到2424条 | 已用6812s ETA 17319s
2026-08-25 17:54:32,692 | INFO  | [1472/5211] sh.603799 华友钴业 取到2424条 | 已用6815s ETA 17310s
2026-08-25 17:54:40,374 | INFO  | [1473/5211] sh.603800 洪田股份 取到2424条 | 已用6822s ETA 17313s
2026-08-25 17:54:49,268 | INFO  | [1474/5211] sh.603801 志邦家居 取到2223条 | 已用6831s ETA 17319s
2026-08-25 17:54:53,195 | INFO  | [1475/5211] sh.603803 瑞斯康达 取到2271条 | 已用6835s ETA 17313s
2026-08-25 17:54:56,334 | INFO  | [1476/5211] sh.603806 福斯特 取到2424条 | 已用6838s ETA 17304s
2026-08-25 17:54:58,257 | INFO  | [1477/5211] sh.603808 歌力思 取到2424条 | 已用6840s ETA 17293s
2026-08-25 17:55:00,001 | INFO  | [1478/5211] sh.603809 豪能股份 取到2121条 | 已用6842s ETA 17281s
2026-08-25 17:55:00,854 | INFO  | [1479/5211] sh.603810 丰山集团 取到1923条 | 已用6843s ETA 17267s
2026-08-25 17:55:05,951 | INFO  | [1480/5211] sh.603811 诚意药业 取到2295条 | 已用6848s ETA 17263s
2026-08-25 17:55:10,104 | INFO  | [1481/5211] sh.603813 原尚股份 取到2167条 | 已用6852s ETA 17258s
2026-08-25 17:55:16,737 | INFO  | [1482/5211] sh.603815 交建股份 取到1662条 | 已用6859s ETA 17258s
2026-08-25 17:55:20,140 | INFO  | [1483/5211] sh.603816 顾家家居 取到2397条 | 已用6862s ETA 17250s
2026-08-25 17:55:24,906 | INFO  | [1484/5211] sh.603817 海峡环保 取到2312条 | 已用6867s ETA 17246s
2026-08-25 17:55:26,088 | INFO  | [1485/5211] sh.603818 曲美家居 取到2424条 | 已用6868s ETA 17233s
2026-08-25 17:55:30,621 | INFO  | [1486/5211] sh.603819 神力股份 取到2367条 | 已用6873s ETA 17228s
2026-08-25 17:55:32,845 | INFO  | [1487/5211] sh.603822 ST嘉澳 取到2424条 | 已用6875s ETA 17217s
2026-08-25 17:55:37,085 | INFO  | [1488/5211] sh.603823 百合花 取到2350条 | 已用6879s ETA 17212s
2026-08-25 17:55:39,447 | INFO  | [1489/5211] sh.603825 ST华扬 取到2200条 | 已用6881s ETA 17201s
2026-08-25 17:55:42,558 | INFO  | [1490/5211] sh.603826 坤彩科技 取到2275条 | 已用6885s ETA 17193s
2026-08-25 17:55:44,271 | INFO  | [1491/5211] sh.603828 *ST利达 取到2424条 | 已用6886s ETA 17181s
2026-08-25 17:55:45,429 | INFO  | [1492/5211] sh.603829 洛凯股份 取到2151条 | 已用6887s ETA 17168s
2026-08-25 17:55:47,741 | INFO  | [1493/5211] sh.603833 欧派家居 取到2286条 | 已用6890s ETA 17157s
2026-08-25 17:55:48,706 | INFO  | [1494/5211] sh.603836 海程邦达 取到1274条 | 已用6891s ETA 17144s
2026-08-25 17:55:50,657 | INFO  | [1495/5211] sh.603838 *ST四通 取到2424条 | 已用6893s ETA 17133s
2026-08-25 17:55:53,151 | INFO  | [1496/5211] sh.603839 安正时尚 取到2316条 | 已用6895s ETA 17123s
2026-08-25 17:55:55,258 | INFO  | [1497/5211] sh.603843 *ST正平 取到2419条 | 已用6897s ETA 17112s
2026-08-25 17:55:57,172 | INFO  | [1498/5211] sh.603848 好太太 取到2118条 | 已用6899s ETA 17101s
2026-08-25 17:55:58,283 | INFO  | [1499/5211] sh.603855 华荣股份 取到2248条 | 已用6900s ETA 17087s
2026-08-25 17:56:00,783 | INFO  | [1500/5211] sh.603856 东宏股份 取到2137条 | 已用6903s ETA 17078s
2026-08-25 17:56:02,190 | INFO  | [1501/5211] sh.603858 步长制药 取到2372条 | 已用6904s ETA 17065s
2026-08-25 17:56:04,987 | INFO  | [1502/5211] sh.603859 能科科技 取到2392条 | 已用6907s ETA 17056s
2026-08-25 17:56:07,366 | INFO  | [1503/5211] sh.603860 中公高科 取到2200条 | 已用6909s ETA 17046s
2026-08-25 17:56:11,014 | INFO  | [1504/5211] sh.603861 白云电器 取到2424条 | 已用6913s ETA 17039s
2026-08-25 17:56:12,158 | INFO  | [1505/5211] sh.603863 松炀资源 取到1742条 | 已用6914s ETA 17026s
2026-08-25 17:56:14,618 | INFO  | [1506/5211] sh.603866 桃李面包 取到2424条 | 已用6917s ETA 17016s
2026-08-25 17:56:19,218 | INFO  | [1507/5211] sh.603867 新化股份 取到1738条 | 已用6921s ETA 17011s
2026-08-25 17:56:21,446 | INFO  | [1508/5211] sh.603868 飞科电器 取到2424条 | 已用6923s ETA 17001s
2026-08-25 17:56:24,817 | INFO  | [1509/5211] sh.603869 ST智知 取到2424条 | 已用6927s ETA 16993s
2026-08-25 17:56:28,152 | INFO  | [1510/5211] sh.603871 嘉友国际 取到2072条 | 已用6930s ETA 16986s
2026-08-25 17:56:33,235 | INFO  | [1511/5211] sh.603876 鼎胜新材 取到2028条 | 已用6935s ETA 16982s
2026-08-25 17:56:35,882 | INFO  | [1512/5211] sh.603877 太平鸟 取到2337条 | 已用6938s ETA 16973s
2026-08-25 17:56:37,807 | INFO  | [1513/5211] sh.603878 武进不锈 取到2351条 | 已用6940s ETA 16962s
2026-08-25 17:56:39,783 | INFO  | [1514/5211] sh.603879 永悦科技 取到2235条 | 已用6942s ETA 16951s
2026-08-25 17:56:43,407 | INFO  | [1515/5211] sh.603880 南卫股份 取到2197条 | 已用6945s ETA 16944s
2026-08-25 17:56:45,324 | INFO  | [1516/5211] sh.603881 数据港 取到2320条 | 已用6947s ETA 16933s
2026-08-25 17:56:48,552 | INFO  | [1517/5211] sh.603882 金域医学 取到2173条 | 已用6951s ETA 16925s
2026-08-25 17:56:50,290 | INFO  | [1518/5211] sh.603883 老百姓 取到2424条 | 已用6952s ETA 16914s
2026-08-25 17:56:51,377 | INFO  | [1519/5211] sh.603885 吉祥航空 取到2424条 | 已用6953s ETA 16901s
2026-08-25 17:56:54,325 | INFO  | [1520/5211] sh.603886 元祖股份 取到2344条 | 已用6956s ETA 16892s
2026-08-25 17:56:56,806 | INFO  | [1521/5211] sh.603887 城地香江 取到2401条 | 已用6959s ETA 16882s
2026-08-25 17:56:59,513 | INFO  | [1522/5211] sh.603888 新华网 取到2387条 | 已用6962s ETA 16873s
2026-08-25 17:57:02,478 | INFO  | [1523/5211] sh.603889 新澳股份 取到2424条 | 已用6964s ETA 16865s
2026-08-25 17:57:07,083 | INFO  | [1524/5211] sh.603890 春秋电子 取到2111条 | 已用6969s ETA 16860s
2026-08-25 17:57:08,264 | INFO  | [1525/5211] sh.603893 瑞芯微 取到1590条 | 已用6970s ETA 16848s
2026-08-25 17:57:10,963 | INFO  | [1526/5211] sh.603895 天永智能 取到2083条 | 已用6973s ETA 16838s
2026-08-25 17:57:13,430 | INFO  | [1527/5211] sh.603896 寿仙谷 取到2258条 | 已用6975s ETA 16829s
2026-08-25 17:57:15,623 | INFO  | [1528/5211] sh.603897 长城科技 取到2034条 | 已用6978s ETA 16818s
2026-08-25 17:57:19,838 | INFO  | [1529/5211] sh.603898 好莱客 取到2424条 | 已用6982s ETA 16813s
2026-08-25 17:57:26,272 | INFO  | [1530/5211] sh.603899 晨光股份 取到2424条 | 已用6988s ETA 16813s
2026-08-25 17:57:35,686 | INFO  | [1531/5211] sh.603900 莱绅通灵 取到2369条 | 已用6998s ETA 16820s
2026-08-25 17:57:41,298 | INFO  | [1532/5211] sh.603901 永创智能 取到2424条 | 已用7003s ETA 16818s
2026-08-25 17:57:42,562 | INFO  | [1533/5211] sh.603903 中持股份 取到2296条 | 已用7005s ETA 16806s
2026-08-25 17:57:45,599 | INFO  | [1534/5211] sh.603906 龙蟠科技 取到2279条 | 已用7008s ETA 16797s
2026-08-25 17:57:47,420 | INFO  | [1535/5211] sh.603908 牧高笛 取到2301条 | 已用7009s ETA 16786s
2026-08-25 17:57:50,204 | INFO  | [1536/5211] sh.603909 建发合诚 取到2424条 | 已用7012s ETA 16777s
2026-08-25 17:57:52,861 | INFO  | [1537/5211] sh.603912 佳力图 取到2140条 | 已用7015s ETA 16768s
2026-08-25 17:57:54,345 | INFO  | [1538/5211] sh.603915 国茂股份 取到1747条 | 已用7016s ETA 16756s
2026-08-25 17:58:01,829 | INFO  | [1539/5211] sh.603916 苏博特 取到2133条 | 已用7024s ETA 16759s
2026-08-25 17:58:04,205 | INFO  | [1540/5211] sh.603917 合力科技 取到2117条 | 已用7026s ETA 16749s
2026-08-25 17:58:06,935 | INFO  | [1541/5211] sh.603918 金桥信息 取到2424条 | 已用7029s ETA 16740s
2026-08-25 17:58:09,981 | INFO  | [1542/5211] sh.603919 金徽酒 取到2424条 | 已用7032s ETA 16732s
2026-08-25 17:58:13,069 | INFO  | [1543/5211] sh.603920 世运电路 取到2267条 | 已用7035s ETA 16724s
2026-08-25 17:58:15,446 | INFO  | [1544/5211] sh.603922 ST金鸿顺 取到2147条 | 已用7037s ETA 16714s
2026-08-25 17:58:19,855 | INFO  | [1545/5211] sh.603926 铁流股份 取到2258条 | 已用7042s ETA 16709s
2026-08-25 17:58:22,320 | INFO  | [1546/5211] sh.603927 中科软 取到1686条 | 已用7044s ETA 16700s
2026-08-25 17:58:25,849 | INFO  | [1547/5211] sh.603928 兴业股份 取到2356条 | 已用7048s ETA 16693s
2026-08-25 17:58:28,913 | INFO  | [1548/5211] sh.603929 亚翔集成 取到2342条 | 已用7051s ETA 16684s
2026-08-25 17:58:30,442 | INFO  | [1549/5211] sh.603931 格林达 取到1458条 | 已用7052s ETA 16673s
2026-08-25 17:58:33,622 | INFO  | [1550/5211] sh.603933 睿能科技 取到2219条 | 已用7056s ETA 16665s
2026-08-25 17:58:37,633 | INFO  | [1551/5211] sh.603936 博敏电子 取到2424条 | 已用7060s ETA 16659s
2026-08-25 17:58:39,270 | INFO  | [1552/5211] sh.603937 丽岛新材 取到2139条 | 已用7061s ETA 16648s
2026-08-25 17:58:40,869 | INFO  | [1553/5211] sh.603938 三孚股份 取到2225条 | 已用7063s ETA 16636s
2026-08-25 17:58:53,590 | INFO  | [1554/5211] sh.603939 益丰药房 取到2424条 | 已用7076s ETA 16651s
2026-08-25 17:58:57,877 | INFO  | [1555/5211] sh.603948 建业股份 取到1574条 | 已用7080s ETA 16646s
2026-08-25 17:58:59,598 | INFO  | [1556/5211] sh.603949 雪龙集团 取到1568条 | 已用7082s ETA 16635s
2026-08-25 17:59:01,205 | INFO  | [1557/5211] sh.603950 长源东谷 取到1517条 | 已用7083s ETA 16623s
2026-08-25 17:59:02,432 | INFO  | [1558/5211] sh.603955 大千生态 取到2298条 | 已用7084s ETA 16611s
2026-08-25 17:59:06,715 | INFO  | [1559/5211] sh.603956 威派格 取到1822条 | 已用7089s ETA 16606s
2026-08-25 17:59:09,053 | INFO  | [1560/5211] sh.603958 哈森股份 取到2424条 | 已用7091s ETA 16596s
2026-08-25 17:59:13,424 | INFO  | [1561/5211] sh.603959 ST百利 取到2424条 | 已用7095s ETA 16591s
2026-08-25 17:59:16,813 | INFO  | [1562/5211] sh.603960 克来机电 取到2296条 | 已用7099s ETA 16584s
2026-08-25 17:59:22,713 | INFO  | [1563/5211] sh.603966 法兰泰克 取到2325条 | 已用7105s ETA 16582s
2026-08-25 17:59:24,883 | INFO  | [1564/5211] sh.603967 中创物流 取到1777条 | 已用7107s ETA 16572s
2026-08-25 17:59:35,378 | INFO  | [1565/5211] sh.603968 醋化股份 取到2424条 | 已用7117s ETA 16581s
2026-08-25 17:59:39,566 | INFO  | [1566/5211] sh.603969 银龙股份 取到2424条 | 已用7122s ETA 16576s
2026-08-25 17:59:41,539 | INFO  | [1567/5211] sh.603970 中农立华 取到2129条 | 已用7124s ETA 16566s
2026-08-25 17:59:45,426 | INFO  | [1568/5211] sh.603976 正川股份 取到2186条 | 已用7127s ETA 16559s
2026-08-25 17:59:48,740 | INFO  | [1569/5211] sh.603977 国泰集团 取到2377条 | 已用7131s ETA 16552s
2026-08-25 17:59:51,839 | INFO  | [1570/5211] sh.603978 深圳新星 取到2197条 | 已用7134s ETA 16544s
2026-08-25 17:59:53,704 | INFO  | [1571/5211] sh.603979 金诚信 取到2424条 | 已用7136s ETA 16533s
2026-08-25 17:59:59,405 | INFO  | [1572/5211] sh.603980 吉华集团 取到2234条 | 已用7141s ETA 16532s
2026-08-25 18:00:29,206 | INFO  | [1573/5211] sh.603982 泉峰汽车 取到1763条 | 已用7171s ETA 16585s
2026-08-25 18:00:35,954 | INFO  | [1574/5211] sh.603983 丸美生物 取到1718条 | 已用7178s ETA 16586s
2026-08-25 18:00:44,906 | INFO  | [1575/5211] sh.603985 恒润股份 取到2261条 | 已用7187s ETA 16592s
2026-08-25 18:00:55,445 | INFO  | [1576/5211] sh.603986 兆易创新 取到2424条 | 已用7197s ETA 16601s
2026-08-25 18:01:02,501 | INFO  | [1577/5211] sh.603987 康德莱 取到2371条 | 已用7205s ETA 16602s
2026-08-25 18:01:11,111 | INFO  | [1578/5211] sh.603988 中电电机 取到2424条 | 已用7213s ETA 16607s
2026-08-25 18:01:14,769 | INFO  | [1579/5211] sh.603989 艾华集团 取到2424条 | 已用7217s ETA 16600s
2026-08-25 18:01:23,078 | INFO  | [1580/5211] sh.603990 麦迪科技 取到2358条 | 已用7225s ETA 16604s
2026-08-25 18:01:27,421 | INFO  | [1581/5211] sh.603991 领先股份 取到2300条 | 已用7229s ETA 16599s
2026-08-25 18:01:30,141 | INFO  | [1582/5211] sh.603992 松霖科技 取到1696条 | 已用7232s ETA 16590s
2026-08-25 18:01:35,863 | INFO  | [1583/5211] sh.603993 洛阳钼业 取到2424条 | 已用7238s ETA 16588s
2026-08-25 18:01:38,155 | INFO  | [1584/5211] sh.603995 甬金股份 取到1616条 | 已用7240s ETA 16578s
2026-08-25 18:01:42,657 | INFO  | [1585/5211] sh.603997 继峰股份 取到2424条 | 已用7245s ETA 16574s
2026-08-25 18:01:50,610 | INFO  | [1586/5211] sh.603998 方盛制药 取到2424条 | 已用7253s ETA 16577s
2026-08-25 18:01:53,981 | INFO  | [1587/5211] sh.603999 读者传媒 取到2424条 | 已用7256s ETA 16569s
2026-08-25 18:01:55,191 | INFO  | [1588/5211] sh.605001 威奥股份 取到1519条 | 已用7257s ETA 16557s
2026-08-25 18:01:58,594 | INFO  | [1589/5211] sh.605003 众望布艺 取到1444条 | 已用7261s ETA 16550s
2026-08-25 18:02:01,877 | INFO  | [1590/5211] sh.605005 合兴股份 取到1356条 | 已用7264s ETA 16542s
2026-08-25 18:02:04,966 | INFO  | [1591/5211] sh.605006 山东玻纤 取到1447条 | 已用7267s ETA 16535s
2026-08-25 18:02:06,544 | INFO  | [1592/5211] sh.605007 五洲特纸 取到1405条 | 已用7269s ETA 16523s
2026-08-25 18:02:08,006 | INFO  | [1593/5211] sh.605008 长鸿高科 取到1456条 | 已用7270s ETA 16512s
2026-08-25 18:02:11,565 | INFO  | [1594/5211] sh.605009 豪悦护理 取到1441条 | 已用7274s ETA 16505s
2026-08-25 18:02:20,687 | INFO  | [1595/5211] sh.605011 杭州热电 取到1250条 | 已用7283s ETA 16511s
2026-08-25 18:02:22,028 | INFO  | [1596/5211] sh.605016 百龙创园 取到1296条 | 已用7284s ETA 16499s
2026-08-25 18:02:25,091 | INFO  | [1597/5211] sh.605018 长华集团 取到1429条 | 已用7287s ETA 16491s
2026-08-25 18:02:30,743 | INFO  | [1598/5211] sh.605020 永和股份 取到1243条 | 已用7293s ETA 16489s
2026-08-25 18:02:32,161 | INFO  | [1599/5211] sh.605028 世茂能源 取到1242条 | 已用7294s ETA 16477s
2026-08-25 18:02:33,980 | INFO  | [1600/5211] sh.605033 美邦股份 取到1194条 | 已用7296s ETA 16466s
2026-08-25 18:02:35,023 | INFO  | [1601/5211] sh.605050 福然德 取到1432条 | 已用7297s ETA 16454s
2026-08-25 18:02:36,772 | INFO  | [1602/5211] sh.605055 迎丰股份 取到1348条 | 已用7299s ETA 16443s
2026-08-25 18:02:38,511 | INFO  | [1603/5211] sh.605056 咸亨国际 取到1236条 | 已用7301s ETA 16432s
2026-08-25 18:02:40,758 | INFO  | [1604/5211] sh.605058 澳弘电子 取到1419条 | 已用7303s ETA 16422s
2026-08-25 18:02:42,763 | INFO  | [1605/5211] sh.605060 联德股份 取到1332条 | 已用7305s ETA 16412s
2026-08-25 18:02:44,792 | INFO  | [1606/5211] sh.605066 天正电气 取到1466条 | 已用7307s ETA 16402s
2026-08-25 18:02:46,071 | INFO  | [1607/5211] sh.605068 明新旭腾 取到1396条 | 已用7308s ETA 16390s
2026-08-25 18:02:49,272 | INFO  | [1608/5211] sh.605069 正和生态 取到1217条 | 已用7311s ETA 16382s
2026-08-25 18:02:50,033 | INFO  | [1609/5211] sh.605077 华康股份 取到1341条 | 已用7312s ETA 16369s
2026-08-25 18:02:51,294 | INFO  | [1610/5211] sh.605080 浙江自然 取到1288条 | 已用7313s ETA 16357s
2026-08-25 18:02:57,388 | INFO  | [1611/5211] sh.605086 龙高股份 取到1299条 | 已用7319s ETA 16356s
2026-08-25 18:03:03,717 | INFO  | [1612/5211] sh.605088 冠盛股份 取到1460条 | 已用7326s ETA 16356s
2026-08-25 18:03:04,484 | INFO  | [1613/5211] sh.605089 味知香 取到1292条 | 已用7326s ETA 16343s
2026-08-25 18:03:08,430 | INFO  | [1614/5211] sh.605090 九丰能源 取到1275条 | 已用7330s ETA 16337s
2026-08-25 18:03:11,232 | INFO  | [1615/5211] sh.605098 行动教育 取到1296条 | 已用7333s ETA 16328s
2026-08-25 18:03:12,740 | INFO  | [1616/5211] sh.605099 共创草坪 取到1428条 | 已用7335s ETA 16317s
2026-08-25 18:03:15,804 | INFO  | [1617/5211] sh.605100 华丰股份 取到1464条 | 已用7338s ETA 16309s
2026-08-25 18:03:18,178 | INFO  | [1618/5211] sh.605108 同庆楼 取到1482条 | 已用7340s ETA 16300s
2026-08-25 18:03:21,988 | INFO  | [1619/5211] sh.605111 新洁能 取到1430条 | 已用7344s ETA 16294s
2026-08-25 18:03:27,047 | INFO  | [1620/5211] sh.605116 奥锐特 取到1435条 | 已用7349s ETA 16290s
2026-08-25 18:03:28,618 | INFO  | [1621/5211] sh.605117 德业股份 取到1297条 | 已用7351s ETA 16279s
2026-08-25 18:03:31,230 | INFO  | [1622/5211] sh.605118 力鼎光电 取到1472条 | 已用7353s ETA 16271s
2026-08-25 18:03:32,338 | INFO  | [1623/5211] sh.605122 四方新材 取到1325条 | 已用7354s ETA 16258s
2026-08-25 18:03:34,665 | INFO  | [1624/5211] sh.605123 派克新材 取到1454条 | 已用7357s ETA 16249s
2026-08-25 18:03:36,585 | INFO  | [1625/5211] sh.605128 上海沿浦 取到1439条 | 已用7359s ETA 16239s
2026-08-25 18:03:38,301 | INFO  | [1626/5211] sh.605133 嵘泰股份 取到1335条 | 已用7360s ETA 16228s
2026-08-25 18:03:41,572 | INFO  | [1627/5211] sh.605136 丽人丽妆 取到1429条 | 已用7364s ETA 16221s
2026-08-25 18:03:43,057 | INFO  | [1628/5211] sh.605138 盛泰集团 取到1172条 | 已用7365s ETA 16209s
2026-08-25 18:03:44,359 | INFO  | [1629/5211] sh.605151 西上海 取到1380条 | 已用7366s ETA 16198s
2026-08-25 18:03:45,368 | INFO  | [1630/5211] sh.605155 西大门 取到1368条 | 已用7367s ETA 16186s
2026-08-25 18:03:46,228 | INFO  | [1631/5211] sh.605158 华达新材 取到1468条 | 已用7368s ETA 16173s
2026-08-25 18:03:47,490 | INFO  | [1632/5211] sh.605162 新中港 取到1245条 | 已用7370s ETA 16161s
2026-08-25 18:03:49,276 | INFO  | [1633/5211] sh.605166 聚合顺 取到1500条 | 已用7371s ETA 16151s
2026-08-25 18:03:50,581 | INFO  | [1634/5211] sh.605167 利柏特 取到1232条 | 已用7373s ETA 16139s
2026-08-25 18:03:53,363 | INFO  | [1635/5211] sh.605168 三人行 取到1515条 | 已用7375s ETA 16131s
2026-08-25 18:03:56,327 | INFO  | [1636/5211] sh.605169 洪通燃气 取到1412条 | 已用7378s ETA 16123s
2026-08-25 18:03:59,587 | INFO  | [1637/5211] sh.605177 东亚药业 取到1394条 | 已用7382s ETA 16116s
2026-08-25 18:04:04,277 | INFO  | [1638/5211] sh.605178 时空科技 取到1456条 | 已用7386s ETA 16112s
2026-08-25 18:04:06,007 | INFO  | [1639/5211] sh.605179 一鸣食品 取到1371条 | 已用7388s ETA 16101s
2026-08-25 18:04:15,600 | INFO  | [1640/5211] sh.605180 华生科技 取到1289条 | 已用7398s ETA 16108s
2026-08-25 18:04:18,022 | INFO  | [1641/5211] sh.605183 确成股份 取到1386条 | 已用7400s ETA 16099s
2026-08-25 18:04:22,872 | INFO  | [1642/5211] sh.605186 健麾信息 取到1375条 | 已用7405s ETA 16095s
2026-08-25 18:04:26,681 | INFO  | [1643/5211] sh.605188 国光连锁 取到1474条 | 已用7409s ETA 16089s
2026-08-25 18:04:28,553 | INFO  | [1644/5211] sh.605189 富春染织 取到1272条 | 已用7411s ETA 16079s
2026-08-25 18:04:30,550 | INFO  | [1645/5211] sh.605196 华通线缆 取到1285条 | 已用7413s ETA 16069s
2026-08-25 18:04:33,276 | INFO  | [1646/5211] sh.605198 安德利 取到1436条 | 已用7415s ETA 16060s
2026-08-25 18:04:34,555 | INFO  | [1647/5211] sh.605199 ST葫芦娃 取到1486条 | 已用7417s ETA 16049s
2026-08-25 18:04:36,104 | INFO  | [1648/5211] sh.605208 永茂泰 取到1327条 | 已用7418s ETA 16038s
2026-08-25 18:04:37,325 | INFO  | [1649/5211] sh.605218 伟时电子 取到1430条 | 已用7419s ETA 16026s
2026-08-25 18:04:38,672 | INFO  | [1650/5211] sh.605222 起帆电缆 取到1471条 | 已用7421s ETA 16015s
2026-08-25 18:04:40,038 | INFO  | [1651/5211] sh.605228 神通科技 取到1355条 | 已用7422s ETA 16004s
2026-08-25 18:04:41,303 | INFO  | [1652/5211] sh.605255 天普股份 取到1454条 | 已用7423s ETA 15992s
2026-08-25 18:04:42,440 | INFO  | [1653/5211] sh.605258 协和电子 取到1388条 | 已用7424s ETA 15981s
2026-08-25 18:04:43,059 | INFO  | [1654/5211] sh.605259 绿田机械 取到1261条 | 已用7425s ETA 15968s
2026-08-25 18:04:43,754 | INFO  | [1655/5211] sh.605266 健之佳 取到1390条 | 已用7426s ETA 15955s
2026-08-25 18:04:44,341 | INFO  | [1656/5211] sh.605268 王力安防 取到1335条 | 已用7426s ETA 15942s
2026-08-25 18:04:45,249 | INFO  | [1657/5211] sh.605277 新亚电子 取到1365条 | 已用7427s ETA 15930s
2026-08-25 18:04:47,336 | INFO  | [1658/5211] sh.605286 同力天启 取到1317条 | 已用7429s ETA 15921s
2026-08-25 18:04:48,727 | INFO  | [1659/5211] sh.605287 德才股份 取到1246条 | 已用7431s ETA 15910s
2026-08-25 18:04:50,566 | INFO  | [1660/5211] sh.605288 凯迪股份 取到1513条 | 已用7433s ETA 15899s
2026-08-25 18:04:52,591 | INFO  | [1661/5211] sh.605289 罗曼股份 取到1293条 | 已用7435s ETA 15890s
2026-08-25 18:04:54,107 | INFO  | [1662/5211] sh.605296 神农集团 取到1272条 | 已用7436s ETA 15879s
2026-08-25 18:04:55,662 | INFO  | [1663/5211] sh.605298 必得科技 取到1332条 | 已用7438s ETA 15868s
2026-08-25 18:04:58,133 | INFO  | [1664/5211] sh.605299 舒华体育 取到1380条 | 已用7440s ETA 15859s
2026-08-25 18:05:03,687 | INFO  | [1665/5211] sh.605300 佳禾食品 取到1289条 | 已用7446s ETA 15857s
2026-08-25 18:05:06,619 | INFO  | [1666/5211] sh.605303 园林股份 取到1332条 | 已用7449s ETA 15850s
2026-08-25 18:05:11,310 | INFO  | [1667/5211] sh.605305 中际联合 取到1288条 | 已用7453s ETA 15846s
2026-08-25 18:05:14,142 | INFO  | [1668/5211] sh.605318 法狮龙 取到1470条 | 已用7456s ETA 15838s
2026-08-25 18:05:17,405 | INFO  | [1669/5211] sh.605319 无锡振华 取到1266条 | 已用7459s ETA 15831s
2026-08-25 18:05:26,431 | INFO  | [1670/5211] sh.605333 沪光股份 取到1459条 | 已用7468s ETA 15836s
2026-08-25 18:05:30,013 | INFO  | [1671/5211] sh.605336 *ST帅电 取到1421条 | 已用7472s ETA 15829s
2026-08-25 18:05:33,793 | INFO  | [1672/5211] sh.605337 李子园 取到1342条 | 已用7476s ETA 15823s
2026-08-25 18:05:41,367 | INFO  | [1673/5211] sh.605338 巴比食品 取到1426条 | 已用7483s ETA 15826s
2026-08-25 18:05:43,241 | INFO  | [1674/5211] sh.605339 南侨食品 取到1280条 | 已用7485s ETA 15816s
2026-08-25 18:05:44,819 | INFO  | [1675/5211] sh.605358 立昂微 取到1441条 | 已用7487s ETA 15805s
2026-08-25 18:05:50,551 | INFO  | [1676/5211] sh.605365 立达信 取到1236条 | 已用7493s ETA 15803s
2026-08-25 18:05:51,562 | INFO  | [1677/5211] sh.605366 宏柏新材 取到1463条 | 已用7494s ETA 15791s
2026-08-25 18:05:53,070 | INFO  | [1678/5211] sh.605368 蓝天燃气 取到1348条 | 已用7495s ETA 15781s
2026-08-25 18:05:58,198 | INFO  | [1679/5211] sh.605369 拱东医疗 取到1438条 | 已用7500s ETA 15778s
2026-08-25 18:05:59,588 | INFO  | [1680/5211] sh.605376 博迁新材 取到1385条 | 已用7502s ETA 15767s
2026-08-25 18:06:04,153 | INFO  | [1681/5211] sh.605377 华旺科技 取到1371条 | 已用7506s ETA 15763s
2026-08-25 18:06:08,748 | INFO  | [1682/5211] sh.605378 野马电池 取到1303条 | 已用7511s ETA 15758s
2026-08-25 18:06:13,082 | INFO  | [1683/5211] sh.605388 均瑶健康 取到1459条 | 已用7515s ETA 15754s
2026-08-25 18:06:14,338 | INFO  | [1684/5211] sh.605389 长龄液压 取到1317条 | 已用7516s ETA 15742s
2026-08-25 18:06:16,846 | INFO  | [1685/5211] sh.605398 新炬网络 取到1354条 | 已用7519s ETA 15734s
2026-08-25 18:06:18,704 | INFO  | [1686/5211] sh.605399 晨光新材 取到1469条 | 已用7521s ETA 15724s
2026-08-25 18:06:20,287 | INFO  | [1687/5211] sh.605488 福莱新材 取到1283条 | 已用7522s ETA 15713s
2026-08-25 18:06:27,493 | INFO  | [1688/5211] sh.605499 东鹏饮料 取到1273条 | 已用7530s ETA 15715s
2026-08-25 18:06:30,896 | INFO  | [1689/5211] sh.605500 森林包装 取到1375条 | 已用7533s ETA 15708s
2026-08-25 18:06:34,860 | INFO  | [1690/5211] sh.605507 国邦医药 取到1227条 | 已用7537s ETA 15703s
2026-08-25 18:06:36,048 | INFO  | [1691/5211] sh.605555 德昌股份 取到1176条 | 已用7538s ETA 15691s
2026-08-25 18:06:40,769 | INFO  | [1692/5211] sh.605566 福莱蒽特 取到1174条 | 已用7543s ETA 15687s
2026-08-25 18:06:44,124 | INFO  | [1693/5211] sh.605567 春雪食品 取到1182条 | 已用7546s ETA 15681s
2026-08-25 18:06:45,912 | INFO  | [1694/5211] sh.605577 龙版传媒 取到1211条 | 已用7548s ETA 15671s
2026-08-25 18:06:54,047 | INFO  | [1695/5211] sh.605580 恒盛能源 取到1214条 | 已用7556s ETA 15674s
2026-08-25 18:06:57,651 | INFO  | [1696/5211] sh.605588 冠石科技 取到1219条 | 已用7560s ETA 15668s
2026-08-25 18:06:59,832 | INFO  | [1697/5211] sh.605589 圣泉集团 取到1221条 | 已用7562s ETA 15658s
2026-08-25 18:07:06,325 | INFO  | [1698/5211] sh.605598 上海港湾 取到1193条 | 已用7568s ETA 15658s
2026-08-25 18:07:21,120 | INFO  | [1699/5211] sh.605599 菜百股份 取到1199条 | 已用7583s ETA 15675s
2026-08-25 18:07:22,587 | INFO  | [1700/5211] sh.688001 华兴源创 取到1721条 | 已用7585s ETA 15664s
2026-08-25 18:07:29,752 | INFO  | [1701/5211] sh.688002 睿创微纳 取到1721条 | 已用7592s ETA 15666s
2026-08-25 18:07:32,892 | INFO  | [1702/5211] sh.688003 天准科技 取到1721条 | 已用7595s ETA 15658s
2026-08-25 18:07:38,022 | INFO  | [1703/5211] sh.688004 博汇科技 取到1504条 | 已用7600s ETA 15655s
2026-08-25 18:07:43,728 | INFO  | [1704/5211] sh.688005 容百科技 取到1721条 | 已用7606s ETA 15653s
2026-08-25 18:07:46,472 | INFO  | [1705/5211] sh.688006 杭可科技 取到1721条 | 已用7608s ETA 15645s
2026-08-25 18:07:53,071 | INFO  | [1706/5211] sh.688007 光峰科技 取到1721条 | 已用7615s ETA 15645s
2026-08-25 18:07:54,182 | INFO  | [1707/5211] sh.688008 澜起科技 取到1721条 | 已用7616s ETA 15634s
2026-08-25 18:08:00,333 | INFO  | [1708/5211] sh.688009 中国通号 取到1721条 | 已用7622s ETA 15633s
2026-08-25 18:08:05,499 | INFO  | [1709/5211] sh.688010 福光股份 取到1721条 | 已用7628s ETA 15630s
2026-08-25 18:08:08,286 | INFO  | [1710/5211] sh.688011 新光光电 取到1721条 | 已用7630s ETA 15622s
2026-08-25 18:08:15,480 | INFO  | [1711/5211] sh.688012 中微公司 取到1721条 | 已用7637s ETA 15623s
2026-08-25 18:08:17,358 | INFO  | [1712/5211] sh.688013 天臣医疗 取到1430条 | 已用7639s ETA 15613s
2026-08-25 18:08:20,955 | INFO  | [1713/5211] sh.688015 交控科技 取到1721条 | 已用7643s ETA 15607s
2026-08-25 18:08:26,268 | INFO  | [1714/5211] sh.688016 心脉医疗 取到1721条 | 已用7648s ETA 15604s
2026-08-25 18:08:30,369 | INFO  | [1715/5211] sh.688017 绿的谐波 取到1451条 | 已用7652s ETA 15599s
2026-08-25 18:08:33,142 | INFO  | [1716/5211] sh.688018 乐鑫科技 取到1721条 | 已用7655s ETA 15591s
2026-08-25 18:08:39,062 | INFO  | [1717/5211] sh.688019 安集科技 取到1721条 | 已用7661s ETA 15590s
2026-08-25 18:08:44,450 | INFO  | [1718/5211] sh.688020 方邦股份 取到1721条 | 已用7666s ETA 15587s
2026-08-25 18:08:47,295 | INFO  | [1719/5211] sh.688021 奥福科技 取到1650条 | 已用7669s ETA 15580s
2026-08-25 18:08:51,506 | INFO  | [1720/5211] sh.688022 ST瀚川 取到1721条 | 已用7674s ETA 15575s
2026-08-25 18:08:52,931 | INFO  | [1721/5211] sh.688023 安恒信息 取到1651条 | 已用7675s ETA 15564s
2026-08-25 18:08:58,726 | INFO  | [1722/5211] sh.688025 杰普特 取到1654条 | 已用7681s ETA 15562s
2026-08-25 18:09:03,510 | INFO  | [1723/5211] sh.688026 洁特生物 取到1596条 | 已用7686s ETA 15558s
2026-08-25 18:09:05,873 | INFO  | [1724/5211] sh.688027 国盾量子 取到1487条 | 已用7688s ETA 15550s
2026-08-25 18:09:11,708 | INFO  | [1725/5211] sh.688028 沃尔德 取到1721条 | 已用7694s ETA 15548s
2026-08-25 18:09:30,703 | INFO  | [1726/5211] sh.688029 南微医学 取到1721条 | 已用7713s ETA 15573s
2026-08-25 18:09:34,535 | INFO  | [1727/5211] sh.688030 山石网科 取到1672条 | 已用7717s ETA 15567s
2026-08-25 18:09:35,991 | INFO  | [1728/5211] sh.688031 星环科技 取到936条 | 已用7718s ETA 15557s
2026-08-25 18:09:44,932 | INFO  | [1729/5211] sh.688032 禾迈股份 取到1134条 | 已用7727s ETA 15561s
2026-08-25 18:09:46,075 | INFO  | [1730/5211] sh.688033 *ST天宜 取到1721条 | 已用7728s ETA 15550s
2026-08-25 18:09:47,176 | INFO  | [1731/5211] sh.688035 德邦科技 取到952条 | 已用7729s ETA 15539s
2026-08-25 18:09:48,327 | INFO  | [1732/5211] sh.688036 传音控股 取到1672条 | 已用7730s ETA 15528s
2026-08-25 18:09:50,762 | INFO  | [1733/5211] sh.688037 芯源微 取到1622条 | 已用7733s ETA 15519s
2026-08-25 18:09:56,493 | INFO  | [1734/5211] sh.688038 中科通达 取到1241条 | 已用7739s ETA 15517s
2026-08-25 18:09:58,242 | INFO  | [1735/5211] sh.688039 当虹科技 取到1625条 | 已用7740s ETA 15507s
2026-08-25 18:09:59,903 | INFO  | [1736/5211] sh.688041 海光信息 取到977条 | 已用7742s ETA 15497s
2026-08-25 18:10:02,566 | INFO  | [1737/5211] sh.688045 必易微 取到1032条 | 已用7745s ETA 15489s
2026-08-25 18:10:04,126 | INFO  | [1738/5211] sh.688046 药康生物 取到1052条 | 已用7746s ETA 15479s
2026-08-25 18:10:06,225 | INFO  | [1739/5211] sh.688047 龙芯中科 取到1012条 | 已用7748s ETA 15470s
2026-08-25 18:10:09,168 | INFO  | [1740/5211] sh.688048 长光华芯 取到1066条 | 已用7751s ETA 15462s
2026-08-25 18:10:12,542 | INFO  | [1741/5211] sh.688049 炬芯科技 取到1149条 | 已用7755s ETA 15456s
2026-08-25 18:10:15,871 | INFO  | [1742/5211] sh.688050 爱博医疗 取到1473条 | 已用7758s ETA 15449s
2026-08-25 18:11:21,584 | WARNING | sh.688051 第1次请求失败: error_code=10002007 msg=网络接收错误。
2026-08-25 18:12:00,171 | INFO  | [1743/5211] sh.688051 佳华科技 取到1560条 | 已用7862s ETA 15643s
2026-08-25 18:12:05,982 | INFO  | [1744/5211] sh.688052 纳芯微 取到1053条 | 已用7868s ETA 15641s
2026-08-25 18:12:06,621 | INFO  | [1745/5211] sh.688053 ST思科瑞 取到1002条 | 已用7869s ETA 15629s
2026-08-25 18:12:16,368 | INFO  | [1746/5211] sh.688055 龙腾光电 取到1460条 | 已用7878s ETA 15635s
2026-08-25 18:12:20,113 | INFO  | [1747/5211] sh.688056 莱伯泰科 取到1448条 | 已用7882s ETA 15629s
2026-08-25 18:12:21,789 | INFO  | [1748/5211] sh.688057 金达莱 取到1404条 | 已用7884s ETA 15619s
2026-08-25 18:12:26,596 | INFO  | [1749/5211] sh.688058 宝兰德 取到1653条 | 已用7889s ETA 15615s
2026-08-25 18:12:29,511 | INFO  | [1750/5211] sh.688059 华锐精密 取到1342条 | 已用7892s ETA 15607s
2026-08-25 18:12:36,989 | INFO  | [1751/5211] sh.688060 云涌科技 取到1486条 | 已用7899s ETA 15609s
2026-08-25 18:12:40,922 | INFO  | [1752/5211] sh.688061 灿瑞科技 取到936条 | 已用7903s ETA 15603s
2026-08-25 18:12:50,636 | INFO  | [1753/5211] sh.688062 迈威生物 取到1114条 | 已用7913s ETA 15609s
2026-08-25 18:12:57,992 | INFO  | [1754/5211] sh.688063 派能科技 取到1369条 | 已用7920s ETA 15610s
2026-08-25 18:13:02,368 | INFO  | [1755/5211] sh.688065 凯赛生物 取到1463条 | 已用7924s ETA 15605s
2026-08-25 18:13:08,281 | INFO  | [1756/5211] sh.688066 *ST航图 取到1721条 | 已用7930s ETA 15603s
2026-08-25 18:13:11,217 | INFO  | [1757/5211] sh.688067 爱威科技 取到1260条 | 已用7933s ETA 15596s
2026-08-25 18:13:15,085 | INFO  | [1758/5211] sh.688068 热景生物 取到1672条 | 已用7937s ETA 15590s
2026-08-25 18:13:20,007 | INFO  | [1759/5211] sh.688069 德林海 取到1478条 | 已用7942s ETA 15586s
2026-08-25 18:13:23,399 | INFO  | [1760/5211] sh.688070 纵横股份 取到1340条 | 已用7945s ETA 15579s
2026-08-25 18:13:24,663 | INFO  | [1761/5211] sh.688071 华依科技 取到1229条 | 已用7947s ETA 15568s
2026-08-25 18:13:26,795 | INFO  | [1762/5211] sh.688072 拓荆科技 取到1055条 | 已用7949s ETA 15559s
2026-08-25 18:13:29,503 | INFO  | [1763/5211] sh.688073 毕得医药 取到941条 | 已用7952s ETA 15551s
2026-08-25 18:13:30,682 | INFO  | [1764/5211] sh.688075 安旭生物 取到1156条 | 已用7953s ETA 15540s
2026-08-25 18:13:34,608 | INFO  | [1765/5211] sh.688076 ST诺泰 取到1278条 | 已用7957s ETA 15535s
2026-08-25 18:13:37,894 | INFO  | [1766/5211] sh.688077 大地熊 取到1478条 | 已用7960s ETA 15528s
2026-08-25 18:13:40,052 | INFO  | [1767/5211] sh.688078 龙软科技 取到1612条 | 已用7962s ETA 15519s
2026-08-25 18:13:43,622 | INFO  | [1768/5211] sh.688079 美迪凯 取到1331条 | 已用7966s ETA 15512s
2026-08-25 18:13:46,119 | INFO  | [1769/5211] sh.688080 映翰通 取到1587条 | 已用7968s ETA 15504s
2026-08-25 18:13:49,899 | INFO  | [1770/5211] sh.688081 兴图新科 取到1608条 | 已用7972s ETA 15498s
2026-08-25 18:13:50,820 | INFO  | [1771/5211] sh.688082 盛美上海 取到1156条 | 已用7973s ETA 15486s
2026-08-25 18:14:00,363 | INFO  | [1772/5211] sh.688083 中望软件 取到1324条 | 已用7982s ETA 15492s
2026-08-25 18:14:02,481 | INFO  | [1773/5211] sh.688084 晶品特装 取到899条 | 已用7984s ETA 15483s
2026-08-25 18:14:03,753 | INFO  | [1774/5211] sh.688085 三友医疗 取到1547条 | 已用7986s ETA 15472s
2026-08-25 18:14:06,628 | INFO  | [1775/5211] sh.688087 英科再生 取到1243条 | 已用7989s ETA 15464s
2026-08-25 18:14:11,969 | INFO  | [1776/5211] sh.688088 虹软科技 取到1721条 | 已用7994s ETA 15461s
2026-08-25 18:14:16,166 | INFO  | [1777/5211] sh.688089 ST嘉必优 取到1619条 | 已用7998s ETA 15456s
2026-08-25 18:14:18,336 | INFO  | [1778/5211] sh.688090 瑞松科技 取到1584条 | 已用8000s ETA 15447s
2026-08-25 18:14:20,460 | INFO  | [1779/5211] sh.688091 上海谊众 取到1199条 | 已用8002s ETA 15438s
2026-08-25 18:14:28,425 | INFO  | [1780/5211] sh.688092 爱科科技 取到1318条 | 已用8010s ETA 15440s
2026-08-25 18:14:37,182 | INFO  | [1781/5211] sh.688093 世华科技 取到1428条 | 已用8019s ETA 15444s
2026-08-25 18:14:39,526 | INFO  | [1782/5211] sh.688095 福昕软件 取到1444条 | 已用8022s ETA 15435s
2026-08-25 18:14:41,667 | INFO  | [1783/5211] sh.688096 京源环保 取到1547条 | 已用8024s ETA 15426s
2026-08-25 18:14:49,740 | INFO  | [1784/5211] sh.688097 博众精工 取到1284条 | 已用8032s ETA 15429s
2026-08-25 18:14:52,247 | INFO  | [1785/5211] sh.688098 申联生物 取到1657条 | 已用8034s ETA 15420s
2026-08-25 18:14:55,071 | INFO  | [1786/5211] sh.688099 晶晨股份 取到1708条 | 已用8037s ETA 15413s
2026-08-25 18:15:01,413 | INFO  | [1787/5211] sh.688100 威胜信息 取到1597条 | 已用8043s ETA 15412s
2026-08-25 18:15:06,483 | INFO  | [1788/5211] sh.688101 三达膜 取到1643条 | 已用8048s ETA 15408s
2026-08-25 18:15:07,428 | INFO  | [1789/5211] sh.688102 斯瑞新材 取到1078条 | 已用8049s ETA 15397s
2026-08-25 18:15:09,651 | INFO  | [1790/5211] sh.688103 国力电子 取到1198条 | 已用8052s ETA 15388s
2026-08-25 18:15:16,516 | INFO  | [1791/5211] sh.688105 诺唯赞 取到1159条 | 已用8059s ETA 15388s
2026-08-25 18:15:19,626 | INFO  | [1792/5211] sh.688106 金宏气体 取到1502条 | 已用8062s ETA 15381s
2026-08-25 18:15:22,730 | INFO  | [1793/5211] sh.688107 安路科技 取到1160条 | 已用8065s ETA 15374s
2026-08-25 18:15:24,969 | INFO  | [1794/5211] sh.688108 赛诺医疗 取到1655条 | 已用8067s ETA 15365s
2026-08-25 18:15:28,439 | INFO  | [1795/5211] sh.688109 品茗科技 取到1311条 | 已用8070s ETA 15359s
2026-08-25 18:15:32,208 | INFO  | [1796/5211] sh.688110 东芯股份 取到1140条 | 已用8074s ETA 15353s
2026-08-25 18:15:37,170 | INFO  | [1797/5211] sh.688111 金山办公 取到1642条 | 已用8079s ETA 15349s
2026-08-25 18:15:38,919 | INFO  | [1798/5211] sh.688112 鼎阳科技 取到1147条 | 已用8081s ETA 15339s
2026-08-25 18:15:42,441 | INFO  | [1799/5211] sh.688113 联测科技 取到1288条 | 已用8084s ETA 15333s
2026-08-25 18:15:45,611 | INFO  | [1800/5211] sh.688114 华大智造 取到957条 | 已用8088s ETA 15326s
2026-08-25 18:15:50,707 | INFO  | [1801/5211] sh.688115 思林杰 取到1080条 | 已用8093s ETA 15323s
2026-08-25 18:15:57,321 | INFO  | [1802/5211] sh.688116 天奈科技 取到1675条 | 已用8099s ETA 15322s
2026-08-25 18:16:00,049 | INFO  | [1803/5211] sh.688117 圣诺生物 取到1268条 | 已用8102s ETA 15314s
2026-08-25 18:16:07,237 | INFO  | [1804/5211] sh.688118 普元信息 取到1630条 | 已用8109s ETA 15315s
2026-08-25 18:16:09,011 | INFO  | [1805/5211] sh.688119 中钢洛耐 取到1026条 | 已用8111s ETA 15305s
2026-08-25 18:16:11,653 | INFO  | [1806/5211] sh.688120 华海清科 取到1024条 | 已用8114s ETA 15297s
2026-08-25 18:16:13,844 | INFO  | [1807/5211] sh.688121 *ST卓然 取到1202条 | 已用8116s ETA 15289s
2026-08-25 18:16:24,554 | INFO  | [1808/5211] sh.688122 西部超导 取到1721条 | 已用8127s ETA 15296s
2026-08-25 18:16:33,258 | INFO  | [1809/5211] sh.688123 聚辰股份 取到1617条 | 已用8135s ETA 15299s
2026-08-25 18:16:39,135 | INFO  | [1810/5211] sh.688125 安达智能 取到1058条 | 已用8141s ETA 15297s
2026-08-25 18:16:43,483 | INFO  | [1811/5211] sh.688126 沪硅产业 取到1540条 | 已用8145s ETA 15292s
2026-08-25 18:16:47,663 | INFO  | [1812/5211] sh.688127 蓝特光学 取到1435条 | 已用8150s ETA 15287s
2026-08-25 18:16:57,236 | INFO  | [1813/5211] sh.688128 中国电研 取到1651条 | 已用8159s ETA 15292s
2026-08-25 18:17:01,053 | INFO  | [1814/5211] sh.688129 东来技术 取到1417条 | 已用8163s ETA 15287s
2026-08-25 18:17:03,513 | INFO  | [1815/5211] sh.688130 晶华微 取到987条 | 已用8166s ETA 15278s
2026-08-25 18:17:04,726 | INFO  | [1816/5211] sh.688131 皓元医药 取到1265条 | 已用8167s ETA 15268s
2026-08-25 18:17:07,633 | INFO  | [1817/5211] sh.688132 邦彦技术 取到948条 | 已用8170s ETA 15260s
2026-08-25 18:17:10,813 | INFO  | [1818/5211] sh.688133 泰坦科技 取到1412条 | 已用8173s ETA 15253s
2026-08-25 18:17:13,906 | INFO  | [1819/5211] sh.688135 利扬芯片 取到1404条 | 已用8176s ETA 15246s
2026-08-25 18:17:26,160 | INFO  | [1820/5211] sh.688136 科兴制药 取到1381条 | 已用8188s ETA 15256s
2026-08-25 18:17:27,458 | INFO  | [1821/5211] sh.688137 近岸蛋白 取到944条 | 已用8189s ETA 15246s
2026-08-25 18:17:32,222 | INFO  | [1822/5211] sh.688138 清溢光电 取到1640条 | 已用8194s ETA 15242s
2026-08-25 18:17:37,410 | INFO  | [1823/5211] sh.688139 海尔生物 取到1658条 | 已用8199s ETA 15238s
2026-08-25 18:17:44,304 | INFO  | [1824/5211] sh.688141 杰华特 取到888条 | 已用8206s ETA 15238s
2026-08-25 18:17:46,148 | INFO  | [1825/5211] sh.688143 长盈通 取到897条 | 已用8208s ETA 15229s
2026-08-25 18:17:47,658 | INFO  | [1826/5211] sh.688146 中船特气 取到810条 | 已用8210s ETA 15219s
2026-08-25 18:17:56,484 | INFO  | [1827/5211] sh.688147 微导纳米 取到888条 | 已用8218s ETA 15222s
2026-08-25 18:17:59,675 | INFO  | [1828/5211] sh.688148 芳源股份 取到1223条 | 已用8222s ETA 15216s
2026-08-25 18:18:01,686 | INFO  | [1829/5211] sh.688150 莱特光电 取到1076条 | 已用8224s ETA 15206s
2026-08-25 18:18:04,548 | INFO  | [1830/5211] sh.688151 华强科技 取到1144条 | 已用8227s ETA 15199s
2026-08-25 18:18:06,562 | INFO  | [1831/5211] sh.688152 麒麟信安 取到928条 | 已用8229s ETA 15190s
2026-08-25 18:18:08,249 | INFO  | [1832/5211] sh.688153 唯捷创芯 取到1061条 | 已用8230s ETA 15180s
2026-08-25 18:18:10,014 | INFO  | [1833/5211] sh.688155 先惠技术 取到1464条 | 已用8232s ETA 15171s
2026-08-25 18:18:11,732 | INFO  | [1834/5211] sh.688156 路德科技 取到1434条 | 已用8234s ETA 15161s
2026-08-25 18:18:14,276 | INFO  | [1835/5211] sh.688157 松井股份 取到1507条 | 已用8236s ETA 15153s
2026-08-25 18:18:15,817 | INFO  | [1836/5211] sh.688158 优刻得 取到1598条 | 已用8238s ETA 15143s
2026-08-25 18:18:19,210 | INFO  | [1837/5211] sh.688159 有方科技 取到1595条 | 已用8241s ETA 15137s
2026-08-25 18:18:21,406 | INFO  | [1838/5211] sh.688160 步科股份 取到1403条 | 已用8243s ETA 15128s
2026-08-25 18:18:29,674 | INFO  | [1839/5211] sh.688161 威高骨科 取到1250条 | 已用8252s ETA 15130s
2026-08-25 18:18:31,892 | INFO  | [1840/5211] sh.688162 巨一科技 取到1162条 | 已用8254s ETA 15122s
2026-08-25 18:18:34,148 | INFO  | [1841/5211] sh.688163 赛伦生物 取到1081条 | 已用8256s ETA 15113s
2026-08-25 18:18:42,044 | INFO  | [1842/5211] sh.688165 埃夫特 取到1483条 | 已用8264s ETA 15115s
2026-08-25 18:18:47,844 | INFO  | [1843/5211] sh.688166 博瑞医药 取到1648条 | 已用8270s ETA 15113s
2026-08-25 18:18:51,381 | INFO  | [1844/5211] sh.688167 炬光科技 取到1130条 | 已用8273s ETA 15107s
2026-08-25 18:19:02,114 | INFO  | [1845/5211] sh.688168 安博通 取到1687条 | 已用8284s ETA 15113s
2026-08-25 18:19:04,382 | INFO  | [1846/5211] sh.688169 石头科技 取到1580条 | 已用8286s ETA 15105s
2026-08-25 18:19:06,310 | INFO  | [1847/5211] sh.688170 德龙激光 取到1048条 | 已用8288s ETA 15096s
2026-08-25 18:19:08,393 | INFO  | [1848/5211] sh.688171 纬德信息 取到1107条 | 已用8290s ETA 15087s
2026-08-25 18:19:09,866 | INFO  | [1849/5211] sh.688172 燕东微 取到893条 | 已用8292s ETA 15077s
2026-08-25 18:19:12,403 | INFO  | [1850/5211] sh.688173 希荻微 取到1111条 | 已用8294s ETA 15069s
2026-08-25 18:19:16,434 | INFO  | [1851/5211] sh.688175 高凌信息 取到1079条 | 已用8298s ETA 15064s
2026-08-25 18:19:18,667 | INFO  | [1852/5211] sh.688176 亚虹医药 取到1121条 | 已用8301s ETA 15055s
2026-08-25 18:19:25,417 | INFO  | [1853/5211] sh.688177 百奥泰 取到1580条 | 已用8307s ETA 15055s
2026-08-25 18:19:28,572 | INFO  | [1854/5211] sh.688178 万德斯 取到1602条 | 已用8311s ETA 15048s
2026-08-25 18:19:31,669 | INFO  | [1855/5211] sh.688179 阿拉丁 取到1416条 | 已用8314s ETA 15041s
2026-08-25 18:19:35,754 | INFO  | [1856/5211] sh.688180 君实生物 取到1483条 | 已用8318s ETA 15036s
2026-08-25 18:19:38,384 | INFO  | [1857/5211] sh.688181 八亿时空 取到1608条 | 已用8320s ETA 15028s
2026-08-25 18:19:42,711 | INFO  | [1858/5211] sh.688182 灿勤科技 取到1158条 | 已用8325s ETA 15023s
2026-08-25 18:19:44,121 | INFO  | [1859/5211] sh.688183 生益电子 取到1334条 | 已用8326s ETA 15013s
2026-08-25 18:19:48,112 | INFO  | [1860/5211] sh.688184 ST帕瓦 取到952条 | 已用8330s ETA 15008s
2026-08-25 18:19:56,119 | INFO  | [1861/5211] sh.688185 康希诺 取到1462条 | 已用8338s ETA 15010s
2026-08-25 18:20:08,170 | INFO  | [1862/5211] sh.688186 广大特材 取到1588条 | 已用8350s ETA 15019s
2026-08-25 18:20:10,173 | INFO  | [1863/5211] sh.688187 时代电气 取到1201条 | 已用8352s ETA 15010s
2026-08-25 18:20:13,770 | INFO  | [1864/5211] sh.688188 柏楚电子 取到1708条 | 已用8356s ETA 15004s
2026-08-25 18:20:16,677 | INFO  | [1865/5211] sh.688189 ST南新 取到1556条 | 已用8359s ETA 14996s
2026-08-25 18:20:18,745 | INFO  | [1866/5211] sh.688190 云路股份 取到1150条 | 已用8361s ETA 14988s
2026-08-25 18:20:23,207 | INFO  | [1867/5211] sh.688191 智洋创新 取到1305条 | 已用8365s ETA 14983s
2026-08-25 18:20:25,168 | INFO  | [1868/5211] sh.688192 迪哲医药 取到1140条 | 已用8367s ETA 14974s
2026-08-25 18:20:29,116 | INFO  | [1869/5211] sh.688193 仁度生物 取到1068条 | 已用8371s ETA 14969s
2026-08-25 18:20:31,879 | INFO  | [1870/5211] sh.688195 腾景科技 取到1313条 | 已用8374s ETA 14961s
2026-08-25 18:20:36,121 | INFO  | [1871/5211] sh.688196 卓越新能 取到1639条 | 已用8378s ETA 14956s
2026-08-25 18:20:44,474 | INFO  | [1872/5211] sh.688197 首药控股 取到1073条 | 已用8386s ETA 14959s
2026-08-25 18:20:53,460 | INFO  | [1873/5211] sh.688198 佰仁医疗 取到1627条 | 已用8395s ETA 14962s
2026-08-25 18:20:56,164 | INFO  | [1874/5211] sh.688199 久日新材 取到1651条 | 已用8398s ETA 14954s
2026-08-25 18:20:59,567 | INFO  | [1875/5211] sh.688200 华峰测控 取到1583条 | 已用8402s ETA 14948s
2026-08-25 18:21:01,353 | INFO  | [1876/5211] sh.688201 ST信安 取到1296条 | 已用8403s ETA 14939s
2026-08-25 18:21:04,841 | INFO  | [1877/5211] sh.688202 美迪西 取到1651条 | 已用8407s ETA 14933s
2026-08-25 18:21:06,213 | INFO  | [1878/5211] sh.688203 海正生材 取到975条 | 已用8408s ETA 14923s
2026-08-25 18:21:07,847 | INFO  | [1879/5211] sh.688205 德科立 取到980条 | 已用8410s ETA 14913s
2026-08-25 18:21:10,374 | INFO  | [1880/5211] sh.688206 概伦电子 取到1128条 | 已用8412s ETA 14905s
2026-08-25 18:21:13,630 | INFO  | [1881/5211] sh.688207 格灵深瞳 取到1077条 | 已用8416s ETA 14899s
2026-08-25 18:21:16,170 | INFO  | [1882/5211] sh.688208 道通科技 取到1586条 | 已用8418s ETA 14891s
2026-08-25 18:21:17,520 | INFO  | [1883/5211] sh.688209 英集芯 取到1056条 | 已用8420s ETA 14881s
2026-08-25 18:21:21,162 | INFO  | [1884/5211] sh.688210 统联精密 取到1129条 | 已用8423s ETA 14875s
2026-08-25 18:21:23,183 | INFO  | [1885/5211] sh.688211 中科微至 取到1173条 | 已用8425s ETA 14866s
2026-08-25 18:21:25,766 | INFO  | [1886/5211] sh.688212 澳华内镜 取到1159条 | 已用8428s ETA 14858s
2026-08-25 18:21:28,083 | INFO  | [1887/5211] sh.688213 思特威 取到1036条 | 已用8430s ETA 14850s
2026-08-25 18:21:29,392 | INFO  | [1888/5211] sh.688215 瑞晟智能 取到1451条 | 已用8431s ETA 14840s
2026-08-25 18:21:33,567 | INFO  | [1889/5211] sh.688216 气派科技 取到1255条 | 已用8436s ETA 14835s
2026-08-25 18:21:35,190 | INFO  | [1890/5211] sh.688217 睿昂基因 取到1281条 | 已用8437s ETA 14825s
2026-08-25 18:21:39,816 | INFO  | [1891/5211] sh.688218 江苏北人 取到1625条 | 已用8442s ETA 14821s
2026-08-25 18:21:40,580 | INFO  | [1892/5211] sh.688219 会通股份 取到1399条 | 已用8443s ETA 14810s
2026-08-25 18:21:46,590 | INFO  | [1893/5211] sh.688220 翱捷科技 取到1116条 | 已用8449s ETA 14808s
2026-08-25 18:21:51,648 | INFO  | [1894/5211] sh.688221 前沿生物 取到1414条 | 已用8454s ETA 14805s
2026-08-25 18:21:53,002 | INFO  | [1895/5211] sh.688222 成都先导 取到1542条 | 已用8455s ETA 14795s
2026-08-25 18:21:56,787 | INFO  | [1896/5211] sh.688223 晶科能源 取到1108条 | 已用8459s ETA 14790s
2026-08-25 18:21:58,829 | INFO  | [1897/5211] sh.688225 亚信安全 取到1103条 | 已用8461s ETA 14781s
2026-08-25 18:22:07,995 | INFO  | [1898/5211] sh.688226 威腾电气 取到1245条 | 已用8470s ETA 14785s
2026-08-25 18:22:14,358 | INFO  | [1899/5211] sh.688227 品高股份 取到1126条 | 已用8476s ETA 14783s
2026-08-25 18:22:18,394 | INFO  | [1900/5211] sh.688228 开普云 取到1555条 | 已用8480s ETA 14778s
2026-08-25 18:22:26,542 | INFO  | [1901/5211] sh.688229 博睿数据 取到1460条 | 已用8489s ETA 14780s
2026-08-25 18:22:28,389 | INFO  | [1902/5211] sh.688230 芯导科技 取到1147条 | 已用8490s ETA 14771s
2026-08-25 18:22:30,527 | INFO  | [1903/5211] sh.688231 隆达股份 取到992条 | 已用8493s ETA 14763s
2026-08-25 18:22:32,566 | INFO  | [1904/5211] sh.688232 新点软件 取到1157条 | 已用8495s ETA 14754s
2026-08-25 18:22:37,580 | INFO  | [1905/5211] sh.688233 神工股份 取到1580条 | 已用8500s ETA 14750s
2026-08-25 18:22:42,807 | INFO  | [1906/5211] sh.688234 天岳先进 取到1118条 | 已用8505s ETA 14747s
2026-08-25 18:22:44,700 | INFO  | [1907/5211] sh.688235 百济神州 取到1137条 | 已用8507s ETA 14738s
2026-08-25 18:22:45,218 | INFO  | [1908/5211] sh.688236 春立医疗 取到1126条 | 已用8507s ETA 14727s
2026-08-25 18:22:46,495 | INFO  | [1909/5211] sh.688237 超卓航科 取到1007条 | 已用8509s ETA 14717s
2026-08-25 18:22:51,296 | INFO  | [1910/5211] sh.688238 和元生物 取到1074条 | 已用8513s ETA 14713s
2026-08-25 18:22:54,915 | INFO  | [1911/5211] sh.688239 航宇科技 取到1247条 | 已用8517s ETA 14707s
2026-08-25 18:22:55,810 | INFO  | [1912/5211] sh.688244 永信至诚 取到935条 | 已用8518s ETA 14697s
2026-08-25 18:22:57,811 | INFO  | [1913/5211] sh.688246 嘉和美康 取到1138条 | 已用8520s ETA 14688s
2026-08-25 18:23:01,765 | INFO  | [1914/5211] sh.688247 宣泰医药 取到968条 | 已用8524s ETA 14683s
2026-08-25 18:23:03,387 | INFO  | [1915/5211] sh.688248 南网科技 取到1132条 | 已用8525s ETA 14673s
2026-08-25 18:23:05,467 | INFO  | [1916/5211] sh.688249 晶合集成 取到803条 | 已用8527s ETA 14665s
2026-08-25 18:23:06,179 | INFO  | [1917/5211] sh.688251 井松智能 取到1026条 | 已用8528s ETA 14654s
2026-08-25 18:23:07,005 | INFO  | [1918/5211] sh.688252 天德钰 取到946条 | 已用8529s ETA 14643s
2026-08-25 18:23:07,915 | INFO  | [1919/5211] sh.688253 英诺特 取到988条 | 已用8530s ETA 14633s
2026-08-25 18:23:10,444 | INFO  | [1920/5211] sh.688255 凯尔达 取到1174条 | 已用8532s ETA 14625s
2026-08-25 18:23:12,605 | INFO  | [1921/5211] sh.688256 寒武纪 取到1480条 | 已用8535s ETA 14617s
2026-08-25 18:23:15,320 | INFO  | [1922/5211] sh.688257 新锐股份 取到1172条 | 已用8537s ETA 14609s
2026-08-25 18:23:19,646 | INFO  | [1923/5211] sh.688258 卓易信息 取到1627条 | 已用8542s ETA 14605s
2026-08-25 18:23:24,157 | INFO  | [1924/5211] sh.688259 创耀科技 取到1118条 | 已用8546s ETA 14600s
2026-08-25 18:23:27,855 | INFO  | [1925/5211] sh.688260 昀冢科技 取到1307条 | 已用8550s ETA 14595s
2026-08-25 18:23:30,927 | INFO  | [1926/5211] sh.688261 东微半导 取到1102条 | 已用8553s ETA 14588s
2026-08-25 18:23:32,985 | INFO  | [1927/5211] sh.688262 国芯科技 取到1122条 | 已用8555s ETA 14579s
2026-08-25 18:23:35,078 | INFO  | [1928/5211] sh.688265 南模生物 取到1128条 | 已用8557s ETA 14571s
2026-08-25 18:23:39,847 | INFO  | [1929/5211] sh.688266 泽璟制药 取到1595条 | 已用8562s ETA 14567s
2026-08-25 18:23:41,786 | INFO  | [1930/5211] sh.688267 中触媒 取到1098条 | 已用8564s ETA 14558s
2026-08-25 18:23:45,914 | INFO  | [1931/5211] sh.688268 华特气体 取到1614条 | 已用8568s ETA 14553s
2026-08-25 18:23:49,349 | INFO  | [1932/5211] sh.688269 凯立新材 取到1264条 | 已用8571s ETA 14547s
2026-08-25 18:23:50,595 | INFO  | [1933/5211] sh.688270 ST臻镭 取到1107条 | 已用8573s ETA 14538s
2026-08-25 18:23:51,588 | INFO  | [1934/5211] sh.688271 联影医疗 取到971条 | 已用8574s ETA 14527s
2026-08-25 18:23:52,735 | INFO  | [1935/5211] sh.688272 富吉瑞 取到1179条 | 已用8575s ETA 14517s
2026-08-25 18:23:54,688 | INFO  | [1936/5211] sh.688273 麦澜德 取到978条 | 已用8577s ETA 14509s
2026-08-25 18:23:55,671 | INFO  | [1937/5211] sh.688275 万润新能 取到944条 | 已用8578s ETA 14498s
2026-08-25 18:23:58,552 | INFO  | [1938/5211] sh.688276 百克生物 取到1253条 | 已用8581s ETA 14491s
2026-08-25 18:23:59,963 | INFO  | [1939/5211] sh.688277 天智航 取到1489条 | 已用8582s ETA 14482s
2026-08-25 18:24:03,613 | INFO  | [1940/5211] sh.688278 特宝生物 取到1599条 | 已用8586s ETA 14476s
2026-08-25 18:24:05,593 | INFO  | [1941/5211] sh.688279 峰岹科技 取到1055条 | 已用8588s ETA 14468s
2026-08-25 18:24:06,305 | INFO  | [1942/5211] sh.688280 精进电动 取到1172条 | 已用8588s ETA 14457s
2026-08-25 18:24:07,402 | INFO  | [1943/5211] sh.688281 华秦科技 取到1085条 | 已用8589s ETA 14447s
2026-08-25 18:24:11,509 | INFO  | [1944/5211] sh.688282 理工导航 取到1076条 | 已用8594s ETA 14442s
2026-08-25 18:24:15,494 | INFO  | [1945/5211] sh.688283 坤恒顺维 取到1099条 | 已用8598s ETA 14437s
2026-08-25 18:24:17,583 | INFO  | [1946/5211] sh.688285 高铁电气 取到1177条 | 已用8600s ETA 14428s
2026-08-25 18:24:22,917 | INFO  | [1947/5211] sh.688286 敏芯股份 取到1465条 | 已用8605s ETA 14426s
2026-08-25 18:24:27,936 | INFO  | [1948/5211] sh.688288 鸿泉技术 取到1650条 | 已用8610s ETA 14422s
2026-08-25 18:24:32,610 | INFO  | [1949/5211] sh.688289 圣湘生物 取到1451条 | 已用8615s ETA 14418s
2026-08-25 18:24:35,797 | INFO  | [1950/5211] sh.688290 景业智能 取到1048条 | 已用8618s ETA 14412s
2026-08-25 18:24:37,369 | INFO  | [1951/5211] sh.688291 金橙子 取到930条 | 已用8619s ETA 14402s
2026-08-25 18:24:38,121 | INFO  | [1952/5211] sh.688292 浩瀚深度 取到973条 | 已用8620s ETA 14392s
2026-08-25 18:24:39,995 | INFO  | [1953/5211] sh.688293 奥浦迈 取到962条 | 已用8622s ETA 14383s
2026-08-25 18:24:42,839 | INFO  | [1954/5211] sh.688295 中复神鹰 取到1065条 | 已用8625s ETA 14376s
2026-08-25 18:24:45,952 | INFO  | [1955/5211] sh.688296 和达科技 取到1231条 | 已用8628s ETA 14370s
2026-08-25 18:24:48,987 | INFO  | [1956/5211] sh.688297 中无人机 取到1009条 | 已用8631s ETA 14363s
2026-08-25 18:24:51,271 | INFO  | [1957/5211] sh.688298 东方生物 取到1592条 | 已用8633s ETA 14355s
2026-08-25 18:24:54,764 | INFO  | [1958/5211] sh.688299 长阳科技 取到1650条 | 已用8637s ETA 14349s
2026-08-25 18:24:58,928 | INFO  | [1959/5211] sh.688300 联瑞新材 取到1643条 | 已用8641s ETA 14344s
2026-08-25 18:25:14,655 | INFO  | [1960/5211] sh.688301 奕瑞科技 取到1436条 | 已用8657s ETA 14359s
2026-08-25 18:25:17,777 | INFO  | [1961/5211] sh.688302 海创药业 取到1061条 | 已用8660s ETA 14352s
2026-08-25 18:25:20,065 | INFO  | [1962/5211] sh.688303 大全能源 取到1234条 | 已用8662s ETA 14344s
2026-08-25 18:25:23,014 | INFO  | [1963/5211] sh.688305 科德数控 取到1243条 | 已用8665s ETA 14337s
2026-08-25 18:25:26,296 | INFO  | [1964/5211] sh.688306 均普智能 取到1074条 | 已用8668s ETA 14331s
2026-08-25 18:25:30,256 | INFO  | [1965/5211] sh.688307 中润光学 取到855条 | 已用8672s ETA 14326s
2026-08-25 18:25:35,812 | INFO  | [1966/5211] sh.688308 欧科亿 取到1383条 | 已用8678s ETA 14323s
2026-08-25 18:25:40,044 | INFO  | [1967/5211] sh.688309 恒誉科技 取到1484条 | 已用8682s ETA 14319s
2026-08-25 18:25:43,798 | INFO  | [1968/5211] sh.688310 迈得医疗 取到1631条 | 已用8686s ETA 14313s
2026-08-25 18:25:46,959 | INFO  | [1969/5211] sh.688311 盟升电子 取到1471条 | 已用8689s ETA 14307s
2026-08-25 18:25:53,935 | INFO  | [1970/5211] sh.688312 燕麦科技 取到1508条 | 已用8696s ETA 14306s
2026-08-25 18:25:56,404 | INFO  | [1971/5211] sh.688313 仕佳光子 取到1463条 | 已用8698s ETA 14299s
2026-08-25 18:25:58,535 | INFO  | [1972/5211] sh.688314 康拓医疗 取到1280条 | 已用8701s ETA 14291s
2026-08-25 18:26:04,416 | INFO  | [1973/5211] sh.688315 诺禾致源 取到1302条 | 已用8706s ETA 14289s
2026-08-25 18:26:05,078 | INFO  | [1974/5211] sh.688316 青云科技 取到1321条 | 已用8707s ETA 14278s
2026-08-25 18:26:06,433 | INFO  | [1975/5211] sh.688317 之江生物 取到1357条 | 已用8708s ETA 14269s
2026-08-25 18:26:09,104 | INFO  | [1976/5211] sh.688318 财富趋势 取到1535条 | 已用8711s ETA 14261s
2026-08-25 18:26:19,611 | INFO  | [1977/5211] sh.688319 欧林生物 取到1265条 | 已用8722s ETA 14267s
2026-08-25 18:26:25,666 | INFO  | [1978/5211] sh.688320 禾川科技 取到1049条 | 已用8728s ETA 14265s
2026-08-25 18:26:29,572 | INFO  | [1979/5211] sh.688321 微芯生物 取到1706条 | 已用8732s ETA 14260s
2026-08-25 18:26:30,707 | INFO  | [1980/5211] sh.688322 奥比中光 取到1003条 | 已用8733s ETA 14250s
2026-08-25 18:26:31,987 | INFO  | [1981/5211] sh.688323 瑞华泰 取到1291条 | 已用8734s ETA 14241s
2026-08-25 18:26:43,008 | INFO  | [1982/5211] sh.688325 赛微微电 取到1053条 | 已用8745s ETA 14247s
2026-08-25 18:26:44,712 | INFO  | [1983/5211] sh.688326 经纬恒润 取到1056条 | 已用8747s ETA 14238s
2026-08-25 18:26:46,758 | INFO  | [1984/5211] sh.688327 云从科技 取到1031条 | 已用8749s ETA 14230s
2026-08-25 18:26:48,887 | INFO  | [1985/5211] sh.688328 深科达 取到1326条 | 已用8751s ETA 14222s
2026-08-25 18:26:50,206 | INFO  | [1986/5211] sh.688329 艾隆科技 取到1312条 | 已用8752s ETA 14212s
2026-08-25 18:26:59,218 | INFO  | [1987/5211] sh.688330 宏力达 取到1423条 | 已用8761s ETA 14216s
2026-08-25 18:27:01,824 | INFO  | [1988/5211] sh.688331 荣昌生物 取到1067条 | 已用8764s ETA 14208s
2026-08-25 18:27:30,970 | INFO  | [1989/5211] sh.688332 中科蓝讯 取到997条 | 已用8793s ETA 14244s
2026-08-25 18:27:34,707 | INFO  | [1990/5211] sh.688333 铂力特 取到1721条 | 已用8797s ETA 14238s
2026-08-25 18:27:37,446 | INFO  | [1991/5211] sh.688334 西高院 取到772条 | 已用8799s ETA 14231s
2026-08-25 18:27:41,379 | INFO  | [1992/5211] sh.688335 复洁科技 取到1460条 | 已用8803s ETA 14226s
2026-08-25 18:27:44,703 | INFO  | [1993/5211] sh.688336 三生国健 取到1478条 | 已用8807s ETA 14220s
2026-08-25 18:27:47,600 | INFO  | [1994/5211] sh.688337 普源精电 取到1063条 | 已用8810s ETA 14213s
2026-08-25 18:27:49,970 | INFO  | [1995/5211] sh.688338 赛科希德 取到1467条 | 已用8812s ETA 14205s
2026-08-25 18:27:51,621 | INFO  | [1996/5211] sh.688339 亿华通 取到1465条 | 已用8814s ETA 14196s
2026-08-25 18:27:55,873 | INFO  | [1997/5211] sh.688343 云天励飞 取到822条 | 已用8818s ETA 14192s
2026-08-25 18:27:58,752 | INFO  | [1998/5211] sh.688345 博力威 取到1262条 | 已用8821s ETA 14185s
2026-08-25 18:27:59,456 | INFO  | [1999/5211] sh.688347 华虹宏力 取到739条 | 已用8821s ETA 14174s
2026-08-25 18:28:03,236 | INFO  | [2000/5211] sh.688348 昱能科技 取到1024条 | 已用8825s ETA 14169s
2026-08-25 18:28:06,010 | INFO  | [2001/5211] sh.688349 三一重能 取到1014条 | 已用8828s ETA 14162s
2026-08-25 18:28:07,865 | INFO  | [2002/5211] sh.688350 富淼科技 取到1349条 | 已用8830s ETA 14153s
2026-08-25 18:28:09,619 | INFO  | [2003/5211] sh.688351 微电生理 取到964条 | 已用8832s ETA 14145s
2026-08-25 18:28:11,797 | INFO  | [2004/5211] sh.688352 颀中科技 取到811条 | 已用8834s ETA 14137s
2026-08-25 18:28:13,208 | INFO  | [2005/5211] sh.688353 华盛锂电 取到999条 | 已用8835s ETA 14128s
2026-08-25 18:28:19,794 | INFO  | [2006/5211] sh.688355 明志科技 取到1284条 | 已用8842s ETA 14127s
2026-08-25 18:28:22,496 | INFO  | [2007/5211] sh.688356 键凯科技 取到1453条 | 已用8845s ETA 14119s
2026-08-25 18:28:25,226 | INFO  | [2008/5211] sh.688357 建龙微纳 取到1630条 | 已用8847s ETA 14112s
2026-08-25 18:28:32,722 | INFO  | [2009/5211] sh.688358 祥生医疗 取到1631条 | 已用8855s ETA 14113s
2026-08-25 18:28:38,330 | INFO  | [2010/5211] sh.688359 三孚新科 取到1277条 | 已用8860s ETA 14110s
2026-08-25 18:28:44,906 | INFO  | [2011/5211] sh.688360 德马科技 取到1512条 | 已用8867s ETA 14109s
2026-08-25 18:28:50,624 | INFO  | [2012/5211] sh.688361 中科飞测 取到793条 | 已用8873s ETA 14107s
2026-08-25 18:28:51,935 | INFO  | [2013/5211] sh.688362 甬矽电子 取到915条 | 已用8874s ETA 14098s
2026-08-25 18:28:52,815 | INFO  | [2014/5211] sh.688363 华熙生物 取到1650条 | 已用8875s ETA 14088s
2026-08-25 18:28:55,717 | INFO  | [2015/5211] sh.688365 光云科技 取到1533条 | 已用8878s ETA 14081s
2026-08-25 18:28:58,506 | INFO  | [2016/5211] sh.688366 昊海生科 取到1655条 | 已用8881s ETA 14074s
2026-08-25 18:29:02,112 | INFO  | [2017/5211] sh.688367 工大高科 取到1252条 | 已用8884s ETA 14068s
2026-08-25 18:29:10,792 | INFO  | [2018/5211] sh.688368 晶丰明源 取到1667条 | 已用8893s ETA 14071s
2026-08-25 18:29:15,191 | INFO  | [2019/5211] sh.688369 致远互联 取到1654条 | 已用8897s ETA 14066s
2026-08-25 18:29:16,466 | INFO  | [2020/5211] sh.688370 丛麟科技 取到968条 | 已用8898s ETA 14057s
2026-08-25 18:29:17,771 | INFO  | [2021/5211] sh.688371 菲沃泰 取到985条 | 已用8900s ETA 14048s
2026-08-25 18:29:21,113 | INFO  | [2022/5211] sh.688372 伟测科技 取到930条 | 已用8903s ETA 14042s
2026-08-25 18:29:24,061 | INFO  | [2023/5211] sh.688373 盟科药业 取到982条 | 已用8906s ETA 14035s
2026-08-25 18:29:26,567 | INFO  | [2024/5211] sh.688375 国博电子 取到992条 | 已用8909s ETA 14027s
2026-08-25 18:29:27,845 | INFO  | [2025/5211] sh.688376 美埃科技 取到913条 | 已用8910s ETA 14018s
2026-08-25 18:29:29,705 | INFO  | [2026/5211] sh.688377 迪威尔 取到1488条 | 已用8912s ETA 14010s
2026-08-25 18:29:31,388 | INFO  | [2027/5211] sh.688378 奥来德 取到1447条 | 已用8913s ETA 14001s
2026-08-25 18:29:34,579 | INFO  | [2028/5211] sh.688379 华光新材 取到1458条 | 已用8917s ETA 13995s
2026-08-25 18:29:36,978 | INFO  | [2029/5211] sh.688380 中微半导 取到982条 | 已用8919s ETA 13987s
2026-08-25 18:29:38,146 | INFO  | [2030/5211] sh.688381 帝奥微 取到970条 | 已用8920s ETA 13978s
2026-08-25 18:29:39,830 | INFO  | [2031/5211] sh.688382 益方生物 取到991条 | 已用8922s ETA 13969s
2026-08-25 18:29:45,585 | INFO  | [2032/5211] sh.688383 新益昌 取到1291条 | 已用8928s ETA 13967s
2026-08-25 18:29:58,750 | INFO  | [2033/5211] sh.688385 复旦微电 取到1225条 | 已用8941s ETA 13976s
2026-08-25 18:30:03,556 | INFO  | [2034/5211] sh.688386 泛亚微透 取到1422条 | 已用8946s ETA 13973s
2026-08-25 18:30:07,973 | INFO  | [2035/5211] sh.688387 信科移动 取到947条 | 已用8950s ETA 13968s
2026-08-25 18:30:13,301 | INFO  | [2036/5211] sh.688388 嘉元科技 取到1721条 | 已用8955s ETA 13965s
2026-08-25 18:30:23,833 | INFO  | [2037/5211] sh.688389 普门科技 取到1651条 | 已用8966s ETA 13970s
2026-08-25 18:30:39,071 | INFO  | [2038/5211] sh.688390 固德威 取到1446条 | 已用8981s ETA 13983s
2026-08-25 18:30:43,485 | INFO  | [2039/5211] sh.688391 钜泉科技 取到956条 | 已用8986s ETA 13978s
2026-08-25 18:30:47,121 | INFO  | [2040/5211] sh.688392 骄成超声 取到946条 | 已用8989s ETA 13973s
2026-08-25 18:30:50,144 | INFO  | [2041/5211] sh.688393 安必平 取到1457条 | 已用8992s ETA 13966s
2026-08-25 18:30:52,799 | INFO  | [2042/5211] sh.688395 正弦电气 取到1290条 | 已用8995s ETA 13959s
2026-08-25 18:30:55,890 | INFO  | [2043/5211] sh.688396 华润微 取到1576条 | 已用8998s ETA 13953s
2026-08-25 18:31:00,802 | INFO  | [2044/5211] sh.688398 赛特新材 取到1588条 | 已用9003s ETA 13949s
2026-08-25 18:31:04,521 | INFO  | [2045/5211] sh.688399 硕世生物 取到1629条 | 已用9007s ETA 13944s
2026-08-25 18:31:06,965 | INFO  | [2046/5211] sh.688400 凌云光 取到1004条 | 已用9009s ETA 13936s
2026-08-25 18:31:13,329 | INFO  | [2047/5211] sh.688401 路维光电 取到974条 | 已用9015s ETA 13935s
2026-08-25 18:31:15,681 | INFO  | [2048/5211] sh.688403 汇成股份 取到973条 | 已用9018s ETA 13927s
2026-08-25 18:31:20,482 | INFO  | [2049/5211] sh.688408 中信博 取到1451条 | 已用9022s ETA 13923s
2026-08-25 18:31:23,335 | INFO  | [2050/5211] sh.688409 富创精密 取到942条 | 已用9025s ETA 13917s
2026-08-25 18:31:24,731 | INFO  | [2051/5211] sh.688410 山外山 取到887条 | 已用9027s ETA 13908s
2026-08-25 18:31:26,347 | INFO  | [2052/5211] sh.688411 海博思创 取到381条 | 已用9028s ETA 13899s
2026-08-25 18:31:31,536 | INFO  | [2053/5211] sh.688416 恒烁股份 取到966条 | 已用9034s ETA 13896s
2026-08-25 18:31:36,952 | INFO  | [2054/5211] sh.688418 震有科技 取到1478条 | 已用9039s ETA 13893s
2026-08-25 18:31:37,630 | INFO  | [2055/5211] sh.688419 耐科装备 取到922条 | 已用9040s ETA 13883s
2026-08-25 18:31:40,289 | INFO  | [2056/5211] sh.688420 美腾科技 取到898条 | 已用9042s ETA 13876s
2026-08-25 18:31:42,978 | INFO  | [2057/5211] sh.688425 铁建重工 取到1256条 | 已用9045s ETA 13869s
2026-08-25 18:31:46,229 | INFO  | [2058/5211] sh.688426 康为世纪 取到931条 | 已用9048s ETA 13863s
2026-08-25 18:31:47,979 | INFO  | [2059/5211] sh.688428 诺诚健华 取到950条 | 已用9050s ETA 13854s
2026-08-25 18:31:51,015 | INFO  | [2060/5211] sh.688429 时创能源 取到766条 | 已用9053s ETA 13848s
2026-08-25 18:31:54,217 | INFO  | [2061/5211] sh.688432 有研硅 取到919条 | 已用9056s ETA 13841s
2026-08-25 18:31:58,343 | INFO  | [2062/5211] sh.688433 华曙高科 取到814条 | 已用9060s ETA 13837s
2026-08-25 18:31:59,446 | INFO  | [2063/5211] sh.688435 英方软件 取到870条 | 已用9061s ETA 13827s
2026-08-25 18:32:01,250 | INFO  | [2064/5211] sh.688439 振华风光 取到967条 | 已用9063s ETA 13819s
2026-08-25 18:32:06,063 | INFO  | [2065/5211] sh.688443 智翔金泰 取到771条 | 已用9068s ETA 13815s
2026-08-25 18:32:11,184 | INFO  | [2066/5211] sh.688448 磁谷科技 取到950条 | 已用9073s ETA 13812s
2026-08-25 18:32:11,741 | INFO  | [2067/5211] sh.688449 联芸科技 取到421条 | 已用9074s ETA 13802s
2026-08-25 18:32:12,922 | INFO  | [2068/5211] sh.688450 光格科技 取到749条 | 已用9075s ETA 13792s
2026-08-25 18:32:15,219 | INFO  | [2069/5211] sh.688455 科捷智能 取到954条 | 已用9077s ETA 13785s
2026-08-25 18:32:17,697 | INFO  | [2070/5211] sh.688456 有研粉材 取到1320条 | 已用9080s ETA 13777s
2026-08-25 18:32:20,208 | INFO  | [2071/5211] sh.688458 美芯晟 取到792条 | 已用9082s ETA 13770s
2026-08-25 18:32:22,930 | INFO  | [2072/5211] sh.688459 哈铁科技 取到940条 | 已用9085s ETA 13763s
2026-08-25 18:32:24,800 | INFO  | [2073/5211] sh.688466 金科环境 取到1529条 | 已用9087s ETA 13755s
2026-08-25 18:32:30,274 | INFO  | [2074/5211] sh.688468 科美诊断 取到1304条 | 已用9092s ETA 13752s
2026-08-25 18:32:33,290 | INFO  | [2075/5211] sh.688469 芯联集成 取到800条 | 已用9095s ETA 13746s
2026-08-25 18:32:35,057 | INFO  | [2076/5211] sh.688472 阿特斯 取到778条 | 已用9097s ETA 13738s
2026-08-25 18:32:37,427 | INFO  | [2077/5211] sh.688475 萤石网络 取到885条 | 已用9099s ETA 13730s
2026-08-25 18:32:43,718 | INFO  | [2078/5211] sh.688478 晶升股份 取到809条 | 已用9106s ETA 13729s
2026-08-25 18:32:53,136 | INFO  | [2079/5211] sh.688479 友车科技 取到799条 | 已用9115s ETA 13732s
2026-08-25 18:32:54,704 | INFO  | [2080/5211] sh.688480 赛恩斯 取到908条 | 已用9117s ETA 13723s
2026-08-25 18:32:56,251 | INFO  | [2081/5211] sh.688484 南芯科技 取到820条 | 已用9118s ETA 13715s
2026-08-25 18:33:00,995 | INFO  | [2082/5211] sh.688485 九州一轨 取到871条 | 已用9123s ETA 13711s
2026-08-25 18:33:05,025 | INFO  | [2083/5211] sh.688486 龙迅股份 取到852条 | 已用9127s ETA 13706s
2026-08-25 18:33:08,368 | INFO  | [2084/5211] sh.688488 艾迪药业 取到1480条 | 已用9130s ETA 13700s
2026-08-25 18:33:09,269 | INFO  | [2085/5211] sh.688489 三未信安 取到903条 | 已用9131s ETA 13690s
2026-08-25 18:33:11,120 | INFO  | [2086/5211] sh.688496 *ST清越 取到885条 | 已用9133s ETA 13682s
2026-08-25 18:33:14,643 | INFO  | [2087/5211] sh.688498 源杰科技 取到890条 | 已用9137s ETA 13677s
2026-08-25 18:33:17,148 | INFO  | [2088/5211] sh.688499 利元亨 取到1249条 | 已用9139s ETA 13669s
2026-08-25 18:33:28,198 | INFO  | [2089/5211] sh.688500 慧辰股份 取到1482条 | 已用9150s ETA 13675s
2026-08-25 18:33:30,562 | INFO  | [2090/5211] sh.688501 青达环保 取到1238条 | 已用9153s ETA 13668s
2026-08-25 18:33:33,123 | INFO  | [2091/5211] sh.688502 茂莱光学 取到840条 | 已用9155s ETA 13660s
2026-08-25 18:33:35,388 | INFO  | [2092/5211] sh.688503 聚和材料 取到898条 | 已用9157s ETA 13653s
2026-08-25 18:33:38,442 | INFO  | [2093/5211] sh.688505 复旦张江 取到1499条 | 已用9160s ETA 13647s
2026-08-25 18:33:45,967 | INFO  | [2094/5211] sh.688506 百利天恒 取到879条 | 已用9168s ETA 13647s
2026-08-25 18:33:48,455 | INFO  | [2095/5211] sh.688507 索辰科技 取到813条 | 已用9170s ETA 13640s
2026-08-25 18:33:50,837 | INFO  | [2096/5211] sh.688508 芯朋微 取到1478条 | 已用9173s ETA 13632s
2026-08-25 18:33:52,255 | INFO  | [2097/5211] sh.688509 正元地信 取到1228条 | 已用9174s ETA 13624s
2026-08-25 18:34:02,153 | INFO  | [2098/5211] sh.688510 航亚科技 取到1379条 | 已用9184s ETA 13627s
2026-08-25 18:34:08,235 | INFO  | [2099/5211] sh.688511 天微电子 取到1228条 | 已用9190s ETA 13626s
2026-08-25 18:34:11,687 | INFO  | [2100/5211] sh.688512 慧智微 取到796条 | 已用9194s ETA 13620s
2026-08-25 18:34:15,081 | INFO  | [2101/5211] sh.688513 苑东生物 取到1448条 | 已用9197s ETA 13614s
2026-08-25 18:34:17,948 | INFO  | [2102/5211] sh.688515 裕太微 取到859条 | 已用9200s ETA 13607s
2026-08-25 18:34:20,552 | INFO  | [2103/5211] sh.688516 奥特维 取到1520条 | 已用9203s ETA 13600s
2026-08-25 18:34:22,036 | INFO  | [2104/5211] sh.688517 金冠电气 取到1258条 | 已用9204s ETA 13592s
2026-08-25 18:34:26,779 | INFO  | [2105/5211] sh.688518 联赢激光 取到1498条 | 已用9209s ETA 13588s
2026-08-25 18:34:31,527 | INFO  | [2106/5211] sh.688519 南亚新材 取到1459条 | 已用9214s ETA 13584s
2026-08-25 18:34:33,958 | INFO  | [2107/5211] sh.688520 神州细胞 取到1498条 | 已用9216s ETA 13577s
2026-08-25 18:34:39,541 | INFO  | [2108/5211] sh.688521 芯原股份 取到1459条 | 已用9222s ETA 13574s
2026-08-25 18:34:40,723 | INFO  | [2109/5211] sh.688522 纳睿雷达 取到846条 | 已用9223s ETA 13565s
2026-08-25 18:34:43,032 | INFO  | [2110/5211] sh.688523 航天环宇 取到783条 | 已用9225s ETA 13558s
2026-08-25 18:34:45,611 | INFO  | [2111/5211] sh.688525 佰维存储 取到883条 | 已用9228s ETA 13551s
2026-08-25 18:34:54,883 | INFO  | [2112/5211] sh.688526 科前生物 取到1434条 | 已用9237s ETA 13554s
2026-08-25 18:34:56,972 | INFO  | [2113/5211] sh.688528 秦川物联 取到1493条 | 已用9239s ETA 13546s
2026-08-25 18:34:59,078 | INFO  | [2114/5211] sh.688529 豪森智能 取到1406条 | 已用9241s ETA 13538s
2026-08-25 18:35:01,049 | INFO  | [2115/5211] sh.688530 欧莱新材 取到559条 | 已用9243s ETA 13530s
2026-08-25 18:35:02,678 | INFO  | [2116/5211] sh.688531 日联科技 取到824条 | 已用9245s ETA 13522s
2026-08-25 18:35:04,459 | INFO  | [2117/5211] sh.688533 上声电子 取到1298条 | 已用9246s ETA 13514s
2026-08-25 18:35:05,797 | INFO  | [2118/5211] sh.688535 华海诚科 取到822条 | 已用9248s ETA 13505s
2026-08-25 18:35:11,118 | INFO  | [2119/5211] sh.688536 思瑞浦 取到1435条 | 已用9253s ETA 13502s
2026-08-25 18:35:13,911 | INFO  | [2120/5211] sh.688538 和辉光电 取到1272条 | 已用9256s ETA 13495s
2026-08-25 18:35:18,490 | INFO  | [2121/5211] sh.688539 高华科技 取到813条 | 已用9261s ETA 13491s
2026-08-25 18:35:22,319 | INFO  | [2122/5211] sh.688543 国科军工 取到770条 | 已用9264s ETA 13486s
2026-08-25 18:35:23,035 | INFO  | [2123/5211] sh.688545 兴福电子 取到384条 | 已用9265s ETA 13476s
2026-08-25 18:35:31,024 | INFO  | [2124/5211] sh.688548 广钢气体 取到733条 | 已用9273s ETA 13477s
2026-08-25 18:35:33,263 | INFO  | [2125/5211] sh.688549 中巨芯 取到715条 | 已用9275s ETA 13470s
2026-08-25 18:35:36,791 | INFO  | [2126/5211] sh.688550 瑞联新材 取到1448条 | 已用9279s ETA 13464s
2026-08-25 18:35:38,603 | INFO  | [2127/5211] sh.688551 科威尔 取到1442条 | 已用9281s ETA 13456s
2026-08-25 18:35:40,923 | INFO  | [2128/5211] sh.688552 航天南湖 取到794条 | 已用9283s ETA 13449s
2026-08-25 18:35:44,408 | INFO  | [2129/5211] sh.688553 汇宇制药 取到1173条 | 已用9286s ETA 13443s
2026-08-25 18:35:47,110 | INFO  | [2130/5211] sh.688556 高测股份 取到1466条 | 已用9289s ETA 13437s
2026-08-25 18:35:50,743 | INFO  | [2131/5211] sh.688557 兰剑智能 取到1389条 | 已用9293s ETA 13431s
2026-08-25 18:35:53,526 | INFO  | [2132/5211] sh.688558 国盛智科 取到1494条 | 已用9296s ETA 13424s
2026-08-25 18:35:58,407 | INFO  | [2133/5211] sh.688559 海目星 取到1443条 | 已用9300s ETA 13421s
2026-08-25 18:36:00,225 | INFO  | [2134/5211] sh.688560 明冠新材 取到1373条 | 已用9302s ETA 13413s
2026-08-25 18:36:02,574 | INFO  | [2135/5211] sh.688561 奇安信 取到1478条 | 已用9305s ETA 13406s
2026-08-25 18:36:03,746 | INFO  | [2136/5211] sh.688562 航天软件 取到790条 | 已用9306s ETA 13397s
2026-08-25 18:36:06,098 | INFO  | [2137/5211] sh.688563 航材股份 取到752条 | 已用9308s ETA 13389s
2026-08-25 18:36:07,007 | INFO  | [2138/5211] sh.688565 力源科技 取到1283条 | 已用9309s ETA 13380s
2026-08-25 18:36:08,616 | INFO  | [2139/5211] sh.688566 吉贝尔 取到1523条 | 已用9311s ETA 13372s
2026-08-25 18:36:11,027 | INFO  | [2140/5211] sh.688567 孚能科技 取到1481条 | 已用9313s ETA 13365s
2026-08-25 18:36:15,070 | INFO  | [2141/5211] sh.688568 中科星图 取到1488条 | 已用9317s ETA 13360s
2026-08-25 20:07:07,523 | INFO  | baostock 登录成功
2026-08-25 20:07:10,065 | INFO  | 数据区间: 2016-08-27 ~ 2026-08-24
2026-08-25 20:07:24,407 | INFO  | 共 5211 只 A 股
2026-08-25 20:07:27,943 | INFO  | [2142/5211] sh.688569 铁科轨道 取到1450条 | 已用4s ETA 5s
2026-08-25 20:07:28,790 | INFO  | [2143/5211] sh.688570 天玛智控 取到782条 | 已用4s ETA 6s
2026-08-25 20:07:34,368 | INFO  | [2144/5211] sh.688571 杭华股份 取到1382条 | 已用10s ETA 14s
2026-08-25 20:07:36,475 | INFO  | [2145/5211] sh.688573 信宇人 取到731条 | 已用12s ETA 17s
2026-08-25 20:07:39,020 | INFO  | [2146/5211] sh.688575 亚辉龙 取到1281条 | 已用15s ETA 21s
2026-08-25 20:07:40,500 | INFO  | [2147/5211] sh.688576 西山科技 取到781条 | 已用16s ETA 23s
2026-08-25 20:07:54,135 | INFO  | [2148/5211] sh.688577 浙海德曼 取到1438条 | 已用30s ETA 42s
2026-08-25 20:07:57,755 | INFO  | [2149/5211] sh.688578 艾力斯 取到1389条 | 已用33s ETA 47s
2026-08-25 20:08:03,948 | INFO  | [2150/5211] sh.688579 地纬智能 取到1481条 | 已用40s ETA 56s
2026-08-25 20:08:13,925 | INFO  | [2151/5211] sh.688580 伟思医疗 取到1479条 | 已用50s ETA 70s
2026-08-25 20:08:15,876 | INFO  | [2152/5211] sh.688581 安杰思 取到793条 | 已用51s ETA 73s
2026-08-25 20:08:32,420 | INFO  | [2153/5211] sh.688582 芯动联科 取到765条 | 已用68s ETA 97s
2026-08-25 20:08:34,105 | INFO  | [2154/5211] sh.688583 思看科技 取到389条 | 已用70s ETA 99s
2026-08-25 20:08:35,897 | INFO  | [2155/5211] sh.688584 上海合晶 取到613条 | 已用71s ETA 101s
2026-08-25 20:08:38,684 | INFO  | [2156/5211] sh.688585 上纬新材 取到1430条 | 已用74s ETA 105s
2026-08-25 20:08:42,152 | INFO  | [2157/5211] sh.688586 江航装备 取到1471条 | 已用78s ETA 110s
2026-08-25 20:08:47,749 | INFO  | [2158/5211] sh.688588 凌志软件 取到1528条 | 已用83s ETA 118s
2026-08-25 20:08:51,789 | INFO  | [2159/5211] sh.688589 力合微 取到1478条 | 已用87s ETA 124s
2026-08-25 20:08:56,567 | INFO  | [2160/5211] sh.688590 新致软件 取到1386条 | 已用92s ETA 130s
2026-08-25 20:08:58,458 | INFO  | [2161/5211] sh.688591 泰凌微 取到725条 | 已用94s ETA 133s
2026-08-25 20:08:59,936 | INFO  | [2162/5211] sh.688592 司南导航 取到732条 | 已用96s ETA 135s
2026-08-25 20:09:01,687 | INFO  | [2163/5211] sh.688593 新相微 取到784条 | 已用97s ETA 137s
2026-08-25 20:09:05,341 | INFO  | [2164/5211] sh.688595 芯海科技 取到1430条 | 已用101s ETA 142s
2026-08-25 20:09:07,082 | INFO  | [2165/5211] sh.688596 正帆科技 取到1457条 | 已用103s ETA 144s
2026-08-25 20:09:11,011 | INFO  | [2166/5211] sh.688597 煜邦电力 取到1259条 | 已用107s ETA 150s
2026-08-25 20:09:16,204 | INFO  | [2167/5211] sh.688598 金博股份 取到1523条 | 已用112s ETA 157s
2026-08-25 20:09:18,527 | INFO  | [2168/5211] sh.688599 天合光能 取到1506条 | 已用114s ETA 160s
2026-08-25 20:09:22,808 | INFO  | [2169/5211] sh.688600 皖仪科技 取到1491条 | 已用118s ETA 166s
2026-08-25 20:09:25,835 | INFO  | [2170/5211] sh.688601 力芯微 取到1252条 | 已用121s ETA 170s
2026-08-25 20:09:30,360 | INFO  | [2171/5211] sh.688602 康鹏科技 取到751条 | 已用126s ETA 176s
2026-08-25 20:09:31,834 | INFO  | [2172/5211] sh.688603 天承科技 取到759条 | 已用127s ETA 178s
2026-08-25 20:09:32,861 | INFO  | [2173/5211] sh.688605 先锋精科 取到412条 | 已用128s ETA 180s
2026-08-25 20:09:35,175 | INFO  | [2174/5211] sh.688606 奥泰生物 取到1314条 | 已用131s ETA 183s
2026-08-25 20:09:42,781 | INFO  | [2175/5211] sh.688607 康众医疗 取到1347条 | 已用138s ETA 193s
2026-08-25 20:09:52,081 | INFO  | [2176/5211] sh.688608 恒玄科技 取到1379条 | 已用148s ETA 206s
2026-08-25 20:09:55,730 | INFO  | [2177/5211] sh.688609 九联科技 取到1316条 | 已用151s ETA 211s
2026-08-25 20:10:05,920 | INFO  | [2178/5211] sh.688610 埃科光电 取到752条 | 已用161s ETA 225s
2026-08-25 20:10:09,544 | INFO  | [2179/5211] sh.688611 杭州柯林 取到1303条 | 已用165s ETA 230s
2026-08-25 20:10:13,016 | INFO  | [2180/5211] sh.688612 威迈斯 取到747条 | 已用169s ETA 234s
2026-08-25 20:10:18,807 | INFO  | [2181/5211] sh.688613 奥精医疗 取到1277条 | 已用174s ETA 242s
2026-08-25 20:10:19,712 | INFO  | [2182/5211] sh.688615 合合信息 取到462条 | 已用175s ETA 243s
2026-08-25 20:10:21,669 | INFO  | [2183/5211] sh.688616 西力科技 取到1319条 | 已用177s ETA 246s
2026-08-25 20:10:26,752 | INFO  | [2184/5211] sh.688617 惠泰医疗 取到1364条 | 已用182s ETA 253s
2026-08-25 20:10:29,319 | INFO  | [2185/5211] sh.688618 三旺通信 取到1369条 | 已用185s ETA 256s
2026-08-25 20:10:31,667 | INFO  | [2186/5211] sh.688619 罗普特 取到1336条 | 已用187s ETA 259s
2026-08-25 20:10:34,187 | INFO  | [2187/5211] sh.688620 安凯微 取到768条 | 已用190s ETA 262s
2026-08-25 20:10:39,426 | INFO  | [2188/5211] sh.688621 阳光诺和 取到1257条 | 已用195s ETA 269s
2026-08-25 20:10:48,609 | INFO  | [2189/5211] sh.688622 *ST禾信 取到1197条 | 已用204s ETA 282s
2026-08-25 20:10:51,751 | INFO  | [2190/5211] sh.688623 双元科技 取到779条 | 已用207s ETA 286s
2026-08-25 20:10:58,089 | INFO  | [2191/5211] sh.688625 呈和科技 取到1266条 | 已用214s ETA 295s
2026-08-25 20:11:02,540 | INFO  | [2192/5211] sh.688626 翔宇医疗 取到1310条 | 已用218s ETA 300s
2026-08-25 20:11:04,581 | INFO  | [2193/5211] sh.688627 精智达 取到753条 | 已用220s ETA 303s
2026-08-25 20:11:06,257 | INFO  | [2194/5211] sh.688628 优利德 取到1347条 | 已用222s ETA 305s
2026-08-25 20:11:13,753 | INFO  | [2195/5211] sh.688629 华丰科技 取到768条 | 已用229s ETA 315s
2026-08-25 20:11:17,557 | INFO  | [2196/5211] sh.688630 芯碁微装 取到1309条 | 已用233s ETA 320s
2026-08-25 20:11:22,015 | INFO  | [2197/5211] sh.688631 莱斯信息 取到767条 | 已用238s ETA 326s
2026-08-25 20:11:25,371 | INFO  | [2198/5211] sh.688633 星球石墨 取到1315条 | 已用241s ETA 330s
2026-08-25 20:11:25,948 | INFO  | [2199/5211] sh.688635 长进光子 取到63条 | 已用242s ETA 331s
2026-08-25 20:11:28,743 | INFO  | [2200/5211] sh.688636 智明达 取到1305条 | 已用244s ETA 334s
2026-08-25 20:11:30,681 | INFO  | [2201/5211] sh.688638 誉辰智能 取到757条 | 已用246s ETA 337s
2026-08-25 20:11:33,204 | INFO  | [2202/5211] sh.688639 华恒生物 取到1295条 | 已用249s ETA 340s
2026-08-25 20:11:35,797 | INFO  | [2203/5211] sh.688646 逸飞激光 取到745条 | 已用251s ETA 343s
2026-08-25 20:11:36,529 | INFO  | [2204/5211] sh.688648 中邮科技 取到675条 | 已用252s ETA 344s
2026-08-25 20:11:38,905 | INFO  | [2205/5211] sh.688651 盛邦安全 取到747条 | 已用254s ETA 347s
2026-08-25 20:11:40,498 | INFO  | [2206/5211] sh.688652 京仪装备 取到663条 | 已用256s ETA 349s
2026-08-25 20:11:43,935 | INFO  | [2207/5211] sh.688653 康希通信 取到671条 | 已用260s ETA 353s
2026-08-25 20:11:48,484 | INFO  | [2208/5211] sh.688655 迅捷兴 取到1285条 | 已用264s ETA 359s
2026-08-25 20:11:52,764 | INFO  | [2209/5211] sh.688656 浩欧博 取到1360条 | 已用268s ETA 365s
2026-08-25 20:11:54,868 | INFO  | [2210/5211] sh.688657 浩辰软件 取到699条 | 已用270s ETA 367s
2026-08-25 20:11:58,385 | INFO  | [2211/5211] sh.688658 悦康药业 取到1373条 | 已用274s ETA 372s
2026-08-25 20:12:04,650 | INFO  | [2212/5211] sh.688659 元琛科技 取到1310条 | 已用280s ETA 380s
2026-08-25 20:12:06,529 | INFO  | [2213/5211] sh.688660 电气风电 取到1279条 | 已用282s ETA 382s
2026-08-25 20:12:09,459 | INFO  | [2214/5211] sh.688661 和林微纳 取到1312条 | 已用285s ETA 386s
2026-08-25 20:12:13,855 | INFO  | [2215/5211] sh.688662 富信科技 取到1309条 | 已用289s ETA 391s
2026-08-25 20:12:17,802 | INFO  | [2216/5211] sh.688663 新风光 取到1302条 | 已用293s ETA 397s
2026-08-25 20:12:21,189 | INFO  | [2217/5211] sh.688665 四方光电 取到1341条 | 已用297s ETA 401s
2026-08-25 20:12:23,974 | INFO  | [2218/5211] sh.688667 菱电电控 取到1323条 | 已用300s ETA 404s
2026-08-25 20:12:31,431 | INFO  | [2219/5211] sh.688668 鼎通科技 取到1376条 | 已用307s ETA 414s
2026-08-25 20:12:36,184 | INFO  | [2220/5211] sh.688669 聚石化学 取到1352条 | 已用312s ETA 420s
2026-08-25 20:12:39,221 | INFO  | [2221/5211] sh.688670 金迪克 取到1227条 | 已用315s ETA 424s
2026-08-25 20:12:40,753 | INFO  | [2222/5211] sh.688671 碧兴物联 取到737条 | 已用316s ETA 426s
2026-08-25 20:12:47,801 | INFO  | [2223/5211] sh.688676 金盘科技 取到1326条 | 已用323s ETA 435s
2026-08-25 20:12:53,028 | INFO  | [2224/5211] sh.688677 海泰新光 取到1333条 | 已用329s ETA 441s
2026-08-25 20:12:56,140 | INFO  | [2225/5211] sh.688678 福立旺 取到1374条 | 已用332s ETA 445s
2026-08-25 20:13:05,313 | INFO  | [2226/5211] sh.688679 通源环境 取到1372条 | 已用341s ETA 457s
2026-08-25 20:13:08,711 | INFO  | [2227/5211] sh.688680 海优新材 取到1353条 | 已用344s ETA 461s
2026-08-25 20:13:16,431 | INFO  | [2228/5211] sh.688681 科汇股份 取到1260条 | 已用352s ETA 471s
2026-08-25 20:13:18,290 | INFO  | [2229/5211] sh.688682 霍莱沃 取到1297条 | 已用354s ETA 473s
2026-08-25 20:13:20,712 | INFO  | [2230/5211] sh.688683 莱尔科技 取到1303条 | 已用356s ETA 476s
2026-08-25 20:13:24,306 | INFO  | [2231/5211] sh.688685 迈信林 取到1283条 | 已用360s ETA 481s
2026-08-25 20:13:28,661 | INFO  | [2232/5211] sh.688686 奥普特 取到1368条 | 已用364s ETA 486s
2026-08-25 20:13:33,381 | INFO  | [2233/5211] sh.688687 凯因科技 取到1342条 | 已用369s ETA 492s
2026-08-25 20:13:35,562 | INFO  | [2234/5211] sh.688689 银河微电 取到1350条 | 已用371s ETA 495s
2026-08-25 20:13:40,359 | INFO  | [2235/5211] sh.688690 纳微科技 取到1255条 | 已用376s ETA 501s
2026-08-25 20:13:42,850 | INFO  | [2236/5211] sh.688691 灿芯股份 取到576条 | 已用378s ETA 503s
2026-08-25 20:13:47,259 | INFO  | [2237/5211] sh.688692 达梦数据 取到536条 | 已用383s ETA 509s
2026-08-25 20:13:48,907 | INFO  | [2238/5211] sh.688693 锴威特 取到730条 | 已用384s ETA 511s
2026-08-25 20:13:50,906 | INFO  | [2239/5211] sh.688695 中创股份 取到595条 | 已用386s ETA 513s
2026-08-25 20:14:08,686 | INFO  | [2240/5211] sh.688696 极米科技 取到1330条 | 已用404s ETA 536s
2026-08-25 20:14:11,260 | INFO  | [2241/5211] sh.688697 纽威数控 取到1193条 | 已用407s ETA 539s
2026-08-25 20:14:16,764 | INFO  | [2242/5211] sh.688698 伟创电气 取到1370条 | 已用412s ETA 546s
2026-08-25 20:14:20,056 | INFO  | [2243/5211] sh.688699 明微电子 取到1377条 | 已用416s ETA 550s
2026-08-25 20:14:30,782 | INFO  | [2244/5211] sh.688700 东威科技 取到1261条 | 已用426s ETA 564s
2026-08-25 20:14:32,421 | INFO  | [2245/5211] sh.688701 卓锦股份 取到1194条 | 已用428s ETA 565s
2026-08-25 20:14:34,401 | INFO  | [2246/5211] sh.688702 盛科通信 取到711条 | 已用430s ETA 568s
2026-08-25 20:14:38,584 | INFO  | [2247/5211] sh.688707 振华新材 取到1196条 | 已用434s ETA 573s
2026-08-25 20:14:40,558 | INFO  | [2248/5211] sh.688708 佳驰科技 取到417条 | 已用436s ETA 575s
2026-08-25 20:14:41,413 | INFO  | [2249/5211] sh.688709 成都华微 取到614条 | 已用437s ETA 576s
2026-08-25 20:14:45,133 | INFO  | [2250/5211] sh.688710 益诺思 取到477条 | 已用441s ETA 580s
2026-08-25 20:14:47,111 | INFO  | [2251/5211] sh.688711 宏微科技 取到1205条 | 已用443s ETA 582s
2026-08-25 20:14:47,671 | INFO  | [2252/5211] sh.688712 北芯生命 取到132条 | 已用443s ETA 582s
2026-08-25 20:14:49,216 | INFO  | [2253/5211] sh.688716 中研股份 取到707条 | 已用445s ETA 584s
2026-08-25 20:14:51,995 | INFO  | [2254/5211] sh.688717 艾罗能源 取到639条 | 已用448s ETA 587s
2026-08-25 20:14:55,309 | INFO  | [2255/5211] sh.688718 唯赛勃 取到1230条 | 已用451s ETA 591s
2026-08-25 20:14:59,256 | INFO  | [2256/5211] sh.688719 爱科赛博 取到701条 | 已用455s ETA 596s
2026-08-25 20:15:02,884 | INFO  | [2257/5211] sh.688720 艾森股份 取到658条 | 已用458s ETA 600s
2026-08-25 20:15:04,699 | INFO  | [2258/5211] sh.688721 龙图光罩 取到497条 | 已用460s ETA 602s
2026-08-25 20:15:08,624 | INFO  | [2259/5211] sh.688722 同益中 取到1178条 | 已用464s ETA 607s
2026-08-25 20:15:16,799 | INFO  | [2260/5211] sh.688726 拉普拉斯 取到444条 | 已用472s ETA 617s
2026-08-25 20:15:17,429 | INFO  | [2261/5211] sh.688727 恒坤新材 取到187条 | 已用473s ETA 617s
2026-08-25 20:15:21,384 | INFO  | [2262/5211] sh.688728 格科微 取到1215条 | 已用477s ETA 622s
2026-08-25 20:15:22,777 | INFO  | [2263/5211] sh.688729 屹唐股份 取到276条 | 已用478s ETA 623s
2026-08-25 20:15:28,313 | INFO  | [2264/5211] sh.688733 壹石通 取到1216条 | 已用484s ETA 630s
2026-08-25 20:15:31,206 | INFO  | [2265/5211] sh.688737 中自科技 取到1175条 | 已用487s ETA 633s
2026-08-25 20:15:33,635 | INFO  | [2266/5211] sh.688739 成大生物 取到1171条 | 已用489s ETA 636s
2026-08-25 20:15:34,323 | INFO  | [2267/5211] sh.688750 金天钛业 取到428条 | 已用490s ETA 636s
2026-08-25 20:15:36,317 | INFO  | [2268/5211] sh.688755 汉邦科技 取到312条 | 已用492s ETA 638s
2026-08-25 20:15:37,390 | INFO  | [2269/5211] sh.688757 胜科纳米 取到346条 | 已用493s ETA 639s
2026-08-25 20:15:40,041 | INFO  | [2270/5211] sh.688758 赛分科技 取到392条 | 已用496s ETA 642s
2026-08-25 20:15:40,781 | INFO  | [2271/5211] sh.688759 必贝特 取到202条 | 已用496s ETA 643s
2026-08-25 20:15:41,529 | INFO  | [2272/5211] sh.688765 禾元生物 取到202条 | 已用497s ETA 643s
2026-08-25 20:15:43,554 | INFO  | [2273/5211] sh.688766 普冉股份 取到1212条 | 已用499s ETA 645s
2026-08-25 20:15:47,255 | INFO  | [2274/5211] sh.688767 博拓生物 取到1200条 | 已用503s ETA 649s
2026-08-25 20:15:51,659 | INFO  | [2275/5211] sh.688768 容知日新 取到1232条 | 已用507s ETA 655s
2026-08-25 20:15:54,652 | INFO  | [2276/5211] sh.688772 珠海冠宇 取到1180条 | 已用510s ETA 658s
2026-08-25 20:15:55,343 | INFO  | [2277/5211] sh.688775 影石创新 取到295条 | 已用511s ETA 658s
2026-08-25 20:15:58,728 | INFO  | [2278/5211] sh.688776 国光电气 取到1206条 | 已用514s ETA 662s
2026-08-25 20:16:00,781 | INFO  | [2279/5211] sh.688777 中控技术 取到1395条 | 已用516s ETA 664s
2026-08-25 20:16:02,937 | INFO  | [2280/5211] sh.688778 厦钨新能 取到1224条 | 已用519s ETA 667s
2026-08-25 20:16:05,069 | INFO  | [2281/5211] sh.688779 五矿新能 取到1220条 | 已用521s ETA 669s
2026-08-25 20:16:05,323 | INFO  | [2282/5211] sh.688781 视涯科技 取到104条 | 已用521s ETA 669s
2026-08-25 20:16:05,909 | INFO  | [2283/5211] sh.688783 西安奕材 取到202条 | 已用521s ETA 669s
2026-08-25 20:16:06,265 | INFO  | [2284/5211] sh.688785 恒运昌 取到138条 | 已用522s ETA 669s
2026-08-25 20:16:13,838 | INFO  | [2285/5211] sh.688786 悦安新材 取到1209条 | 已用529s ETA 678s
2026-08-25 20:16:19,537 | INFO  | [2286/5211] sh.688787 海天瑞声 取到1218条 | 已用535s ETA 685s
2026-08-25 20:16:24,864 | INFO  | [2287/5211] sh.688788 科思科技 取到1418条 | 已用540s ETA 691s
2026-08-25 20:16:27,873 | INFO  | [2288/5211] sh.688789 宏华数科 取到1244条 | 已用543s ETA 694s
2026-08-25 20:16:29,105 | INFO  | [2289/5211] sh.688790 昂瑞微 取到167条 | 已用545s ETA 695s
2026-08-25 20:16:32,564 | INFO  | [2290/5211] sh.688793 倍轻松 取到1239条 | 已用548s ETA 699s
2026-08-25 20:16:33,255 | INFO  | [2291/5211] sh.688795 摩尔线程 取到174条 | 已用549s ETA 700s
2026-08-25 20:16:33,728 | INFO  | [2292/5211] sh.688796 百奥赛图 取到171条 | 已用549s ETA 700s
2026-08-25 20:16:34,115 | INFO  | [2293/5211] sh.688797 臻宝科技 取到44条 | 已用550s ETA 700s
2026-08-25 20:16:44,849 | INFO  | [2294/5211] sh.688798 艾为电子 取到1217条 | 已用560s ETA 713s
2026-08-25 20:16:50,894 | INFO  | [2295/5211] sh.688799 华纳药厂 取到1241条 | 已用566s ETA 720s
2026-08-25 20:16:56,975 | INFO  | [2296/5211] sh.688800 瑞可达 取到1234条 | 已用573s ETA 727s
2026-08-25 20:16:57,229 | INFO  | [2297/5211] sh.688802 沐曦股份 取到166条 | 已用573s ETA 727s
2026-08-25 20:16:57,873 | INFO  | [2298/5211] sh.688805 健信超导 取到161条 | 已用573s ETA 727s
2026-08-25 20:16:58,212 | INFO  | [2299/5211] sh.688806 泰诺麦博 取到25条 | 已用574s ETA 727s
2026-08-25 20:16:58,927 | INFO  | [2300/5211] sh.688807 优迅股份 取到164条 | 已用575s ETA 727s
2026-08-25 20:17:00,183 | INFO  | [2301/5211] sh.688808 联讯仪器 取到83条 | 已用576s ETA 728s
2026-08-25 20:17:00,406 | INFO  | [2302/5211] sh.688809 强一股份 取到157条 | 已用576s ETA 728s
2026-08-25 20:17:00,707 | INFO  | [2303/5211] sh.688811 有研复材 取到93条 | 已用576s ETA 728s
2026-08-25 20:17:01,688 | INFO  | [2304/5211] sh.688813 泰金新能 取到100条 | 已用577s ETA 728s
2026-08-25 20:17:02,217 | INFO  | [2305/5211] sh.688816 易思维 取到128条 | 已用578s ETA 728s
2026-08-25 20:17:02,964 | INFO  | [2306/5211] sh.688818 电科蓝天 取到129条 | 已用579s ETA 729s
2026-08-25 20:17:07,951 | INFO  | [2307/5211] sh.688819 天能股份 取到1357条 | 已用584s ETA 735s
2026-08-25 20:17:08,313 | INFO  | [2308/5211] sh.688820 盛合晶微 取到86条 | 已用584s ETA 734s
2026-08-25 20:17:08,480 | INFO  | [2309/5211] sh.688825 长鑫科技 取到21条 | 已用584s ETA 734s
2026-08-25 20:17:08,869 | INFO  | [2310/5211] sh.688826 频准激光 取到5条 | 已用584s ETA 734s
2026-08-25 20:17:09,018 | INFO  | [2311/5211] sh.688828 国仪公司 取到10条 | 已用585s ETA 734s
2026-08-25 20:17:09,245 | INFO  | [2312/5211] sh.688836 宇树科技 取到4条 | 已用585s ETA 733s
2026-08-25 20:17:15,181 | INFO  | [2313/5211] sh.688981 中芯国际 取到1482条 | 已用591s ETA 740s
2026-08-25 20:17:18,921 | INFO  | [2314/5211] sh.689009 九号公司 取到1413条 | 已用594s ETA 744s
2026-08-25 20:17:28,328 | INFO  | [2315/5211] sz.000001 平安银行 取到2424条 | 已用604s ETA 755s
2026-08-25 20:17:37,791 | INFO  | [2316/5211] sz.000002 万科A 取到2424条 | 已用613s ETA 767s
2026-08-25 20:17:45,075 | INFO  | [2317/5211] sz.000006 深振业A 取到2424条 | 已用621s ETA 775s
2026-08-25 20:17:57,419 | INFO  | [2318/5211] sz.000007 全新好 取到2424条 | 已用633s ETA 790s
2026-08-25 20:18:06,743 | INFO  | [2319/5211] sz.000008 神州高铁 取到2424条 | 已用642s ETA 801s
2026-08-25 20:18:14,387 | INFO  | [2320/5211] sz.000009 中国宝安 取到2424条 | 已用650s ETA 810s
2026-08-25 20:18:22,858 | INFO  | [2321/5211] sz.000010 *ST美丽 取到2424条 | 已用658s ETA 820s
2026-08-25 20:18:28,838 | INFO  | [2322/5211] sz.000011 深物业A 取到2424条 | 已用664s ETA 827s
2026-08-25 20:18:33,576 | INFO  | [2323/5211] sz.000012 南玻A 取到2424条 | 已用669s ETA 832s
2026-08-25 20:18:44,580 | INFO  | [2324/5211] sz.000014 沙河股份 取到2424条 | 已用680s ETA 845s
2026-08-25 20:18:49,460 | INFO  | [2325/5211] sz.000016 *ST康佳A 取到2424条 | 已用685s ETA 850s
2026-08-25 20:18:54,666 | INFO  | [2326/5211] sz.000017 深中华A 取到2424条 | 已用690s ETA 856s
2026-08-25 20:19:01,923 | INFO  | [2327/5211] sz.000019 深粮控股 取到2424条 | 已用698s ETA 864s
2026-08-25 20:19:12,767 | INFO  | [2328/5211] sz.000020 深华发A 取到2424条 | 已用708s ETA 877s
2026-08-25 20:19:22,555 | INFO  | [2329/5211] sz.000021 深科技 取到2424条 | 已用718s ETA 889s
2026-08-25 20:19:29,405 | INFO  | [2330/5211] sz.000025 特力A 取到2424条 | 已用725s ETA 896s
2026-08-25 20:19:47,675 | INFO  | [2331/5211] sz.000026 飞亚达 取到2424条 | 已用743s ETA 918s
2026-08-25 20:19:51,527 | INFO  | [2332/5211] sz.000027 深圳能源 取到2424条 | 已用747s ETA 922s
2026-08-25 20:20:02,666 | INFO  | [2333/5211] sz.000028 国药一致 取到2424条 | 已用758s ETA 935s
2026-08-25 20:20:14,740 | INFO  | [2334/5211] sz.000029 深深房A 取到2424条 | 已用770s ETA 950s
2026-08-25 20:20:19,903 | INFO  | [2335/5211] sz.000030 富奥股份 取到2424条 | 已用775s ETA 955s
2026-08-25 20:20:28,174 | INFO  | [2336/5211] sz.000031 大悦城 取到2424条 | 已用784s ETA 965s
2026-08-25 20:20:35,514 | INFO  | [2337/5211] sz.000032 深桑达A 取到2424条 | 已用791s ETA 973s
2026-08-25 20:20:48,696 | INFO  | [2338/5211] sz.000034 神州数码 取到2424条 | 已用804s ETA 988s
2026-08-25 20:20:54,925 | INFO  | [2339/5211] sz.000035 中国天楹 取到2424条 | 已用811s ETA 995s
2026-08-25 20:21:18,304 | INFO  | [2340/5211] sz.000036 华联控股 取到2424条 | 已用834s ETA 1023s
2026-08-25 20:21:23,230 | INFO  | [2341/5211] sz.000037 深南电A 取到2424条 | 已用839s ETA 1028s
2026-08-25 20:21:30,925 | INFO  | [2342/5211] sz.000039 中集集团 取到2424条 | 已用847s ETA 1037s
2026-08-25 20:21:35,058 | INFO  | [2343/5211] sz.000042 中洲控股 取到2424条 | 已用851s ETA 1041s
2026-08-25 20:21:42,841 | INFO  | [2344/5211] sz.000045 深纺织A 取到2424条 | 已用858s ETA 1050s
2026-08-25 20:21:52,655 | INFO  | [2345/5211] sz.000048 京基智农 取到2424条 | 已用868s ETA 1061s
2026-08-25 20:22:00,779 | INFO  | [2346/5211] sz.000049 德赛电池 取到2424条 | 已用876s ETA 1070s
2026-08-25 20:22:08,950 | INFO  | [2347/5211] sz.000050 深天马A 取到2424条 | 已用885s ETA 1079s
2026-08-25 20:22:18,611 | INFO  | [2348/5211] sz.000055 方大集团 取到2424条 | 已用894s ETA 1090s
2026-08-25 20:22:27,903 | INFO  | [2349/5211] sz.000056 *ST皇庭 取到2424条 | 已用903s ETA 1101s
2026-08-25 20:22:34,444 | INFO  | [2350/5211] sz.000058 深赛格 取到2424条 | 已用910s ETA 1108s
2026-08-25 20:22:40,265 | INFO  | [2351/5211] sz.000059 华锦股份 取到2424条 | 已用916s ETA 1114s
2026-08-25 20:22:47,184 | INFO  | [2352/5211] sz.000060 中金岭南 取到2424条 | 已用923s ETA 1122s
2026-08-25 20:23:02,137 | INFO  | [2353/5211] sz.000061 农产品 取到2424条 | 已用938s ETA 1139s
2026-08-25 20:23:09,370 | INFO  | [2354/5211] sz.000062 深圳华强 取到2424条 | 已用945s ETA 1147s
2026-08-25 20:23:27,547 | INFO  | [2355/5211] sz.000063 中兴通讯 取到2424条 | 已用963s ETA 1168s
2026-08-25 20:23:34,478 | INFO  | [2356/5211] sz.000065 北方国际 取到2424条 | 已用970s ETA 1176s
2026-08-25 20:23:41,445 | INFO  | [2357/5211] sz.000066 中国长城 取到2424条 | 已用977s ETA 1183s
2026-08-25 20:23:49,376 | INFO  | [2358/5211] sz.000068 华控赛格 取到2424条 | 已用985s ETA 1192s
2026-08-25 20:24:00,185 | INFO  | [2359/5211] sz.000069 华侨城A 取到2424条 | 已用996s ETA 1204s
2026-08-25 20:24:06,269 | INFO  | [2360/5211] sz.000070 特发信息 取到2424条 | 已用1002s ETA 1210s
2026-08-25 20:24:12,838 | INFO  | [2361/5211] sz.000078 ST海王 取到2424条 | 已用1008s ETA 1217s
2026-08-25 20:24:22,973 | INFO  | [2362/5211] sz.000088 盐田港 取到2424条 | 已用1019s ETA 1229s
2026-08-25 20:24:34,475 | INFO  | [2363/5211] sz.000089 深圳机场 取到2424条 | 已用1030s ETA 1241s
2026-08-25 20:24:45,597 | INFO  | [2364/5211] sz.000090 天健集团 取到2424条 | 已用1041s ETA 1254s
2026-08-25 20:24:53,537 | INFO  | [2365/5211] sz.000096 广聚能源 取到2424条 | 已用1049s ETA 1262s
2026-08-25 20:25:02,217 | INFO  | [2366/5211] sz.000099 中信海直 取到2424条 | 已用1058s ETA 1272s
2026-08-25 20:25:12,161 | INFO  | [2367/5211] sz.000100 TCL科技 取到2424条 | 已用1068s ETA 1283s
2026-08-25 20:25:19,972 | INFO  | [2368/5211] sz.000151 中成股份 取到2424条 | 已用1076s ETA 1291s
2026-08-25 20:25:30,940 | INFO  | [2369/5211] sz.000153 丰原药业 取到2424条 | 已用1087s ETA 1303s
2026-08-25 20:25:43,609 | INFO  | [2370/5211] sz.000155 川能动力 取到2424条 | 已用1099s ETA 1318s
2026-08-25 20:25:51,215 | INFO  | [2371/5211] sz.000156 华数传媒 取到2424条 | 已用1107s ETA 1326s
2026-08-25 20:25:58,994 | INFO  | [2372/5211] sz.000157 中联重科 取到2424条 | 已用1115s ETA 1334s
2026-08-25 20:26:06,706 | INFO  | [2373/5211] sz.000158 常山北明 取到2424条 | 已用1122s ETA 1342s
2026-08-25 20:26:14,045 | INFO  | [2374/5211] sz.000159 国际实业 取到2424条 | 已用1130s ETA 1350s
2026-08-25 20:26:26,273 | INFO  | [2375/5211] sz.000166 申万宏源 取到2424条 | 已用1142s ETA 1363s
2026-08-25 20:26:38,468 | INFO  | [2376/5211] sz.000301 东方盛虹 取到2424条 | 已用1154s ETA 1377s
2026-08-25 20:26:55,533 | INFO  | [2377/5211] sz.000333 美的集团 取到2424条 | 已用1171s ETA 1396s
2026-08-25 20:27:01,381 | INFO  | [2378/5211] sz.000338 潍柴动力 取到2424条 | 已用1177s ETA 1402s
2026-08-25 20:27:08,098 | INFO  | [2379/5211] sz.000400 许继电气 取到2424条 | 已用1184s ETA 1409s
2026-08-25 20:27:24,189 | INFO  | [2380/5211] sz.000401 金隅冀东 取到2424条 | 已用1200s ETA 1427s
2026-08-25 20:27:31,531 | INFO  | [2381/5211] sz.000402 金融街 取到2424条 | 已用1207s ETA 1435s
2026-08-25 20:27:39,218 | INFO  | [2382/5211] sz.000403 派林生物 取到2424条 | 已用1215s ETA 1443s
2026-08-25 20:27:44,666 | INFO  | [2383/5211] sz.000404 长虹华意 取到2424条 | 已用1220s ETA 1448s
2026-08-25 20:27:49,936 | INFO  | [2384/5211] sz.000407 胜利股份 取到2424条 | 已用1226s ETA 1453s
2026-08-25 20:27:57,391 | INFO  | [2385/5211] sz.000408 藏格矿业 取到2424条 | 已用1233s ETA 1461s
2026-08-25 20:28:03,219 | INFO  | [2386/5211] sz.000409 云鼎科技 取到2424条 | 已用1239s ETA 1467s
2026-08-25 20:28:08,817 | INFO  | [2387/5211] sz.000410 沈阳机床 取到2424条 | 已用1244s ETA 1472s
2026-08-25 20:28:18,329 | INFO  | [2388/5211] sz.000411 英特集团 取到2424条 | 已用1254s ETA 1482s
2026-08-25 20:28:25,198 | INFO  | [2389/5211] sz.000415 渤海租赁 取到2424条 | 已用1261s ETA 1489s
2026-08-25 20:28:32,681 | INFO  | [2390/5211] sz.000417 合百集团 取到2424条 | 已用1268s ETA 1497s
2026-08-25 20:28:50,053 | INFO  | [2391/5211] sz.000419 通程控股 取到2424条 | 已用1286s ETA 1516s
2026-08-25 20:28:55,680 | INFO  | [2392/5211] sz.000420 吉林化纤 取到2424条 | 已用1291s ETA 1522s
2026-08-25 20:29:09,067 | INFO  | [2393/5211] sz.000421 南京公用 取到2424条 | 已用1305s ETA 1536s
2026-08-25 20:29:15,433 | INFO  | [2394/5211] sz.000422 湖北宜化 取到2424条 | 已用1311s ETA 1543s
2026-08-25 20:29:24,574 | INFO  | [2395/5211] sz.000423 东阿阿胶 取到2424条 | 已用1320s ETA 1552s
2026-08-25 20:29:46,923 | INFO  | [2396/5211] sz.000425 徐工机械 取到2424条 | 已用1343s ETA 1577s
2026-08-25 20:29:52,849 | INFO  | [2397/5211] sz.000426 兴业银锡 取到2424条 | 已用1348s ETA 1583s
2026-08-25 20:29:58,261 | INFO  | [2398/5211] sz.000428 华天酒店 取到2424条 | 已用1354s ETA 1588s
2026-08-25 20:30:09,233 | INFO  | [2399/5211] sz.000429 粤高速A 取到2424条 | 已用1365s ETA 1600s
2026-08-25 20:30:18,891 | INFO  | [2400/5211] sz.000430 张家界 取到2424条 | 已用1374s ETA 1610s
2026-08-25 20:30:24,916 | INFO  | [2401/5211] sz.000488 ST晨鸣 取到2424条 | 已用1380s ETA 1616s
2026-08-25 20:30:39,708 | INFO  | [2402/5211] sz.000498 山东路桥 取到2424条 | 已用1395s ETA 1632s
2026-08-25 20:31:18,562 | WARNING | sz.000501 第1次请求失败: error_code=10002007 msg=网络接收错误。
2026-08-25 20:32:23,719 | INFO  | [2403/5211] sz.000501 武商集团 取到2424条 | 已用1499s ETA 1752s
2026-08-25 20:32:30,377 | INFO  | [2404/5211] sz.000503 国新健康 取到2424条 | 已用1506s ETA 1758s
2026-08-25 20:32:35,040 | INFO  | [2405/5211] sz.000504 南华生物 取到2424条 | 已用1511s ETA 1762s
2026-08-25 20:32:40,162 | INFO  | [2406/5211] sz.000505 京粮控股 取到2424条 | 已用1516s ETA 1767s
2026-08-25 20:32:45,078 | INFO  | [2407/5211] sz.000506 招金黄金 取到2424条 | 已用1521s ETA 1771s
2026-08-25 20:32:49,127 | INFO  | [2408/5211] sz.000507 珠海港 取到2424条 | 已用1525s ETA 1775s
2026-08-25 20:32:54,552 | INFO  | [2409/5211] sz.000509 华塑控股 取到2424条 | 已用1530s ETA 1780s
2026-08-25 20:33:02,465 | INFO  | [2410/5211] sz.000510 新金路 取到2424条 | 已用1538s ETA 1788s
2026-08-25 20:33:10,099 | INFO  | [2411/5211] sz.000513 丽珠集团 取到2424条 | 已用1546s ETA 1795s
2026-08-25 20:33:16,165 | INFO  | [2412/5211] sz.000514 渝开发 取到2424条 | 已用1552s ETA 1801s
2026-08-25 20:33:22,899 | INFO  | [2413/5211] sz.000516 国际医学 取到2424条 | 已用1558s ETA 1807s
2026-08-25 20:33:33,332 | INFO  | [2414/5211] sz.000517 荣安地产 取到2424条 | 已用1569s ETA 1818s
2026-08-25 20:33:39,126 | INFO  | [2415/5211] sz.000518 四环生物 取到2424条 | 已用1575s ETA 1823s
2026-08-25 20:33:52,178 | INFO  | [2416/5211] sz.000519 中兵红箭 取到2424条 | 已用1588s ETA 1837s
2026-08-25 20:33:57,804 | INFO  | [2417/5211] sz.000520 凤凰航运 取到2424条 | 已用1593s ETA 1842s
2026-08-25 20:34:03,303 | INFO  | [2418/5211] sz.000521 长虹美菱 取到2424条 | 已用1599s ETA 1847s
2026-08-25 20:34:08,993 | INFO  | [2419/5211] sz.000523 红棉股份 取到2424条 | 已用1605s ETA 1852s
2026-08-25 20:34:28,462 | INFO  | [2420/5211] sz.000524 岭南控股 取到2424条 | 已用1624s ETA 1873s
2026-08-25 20:34:33,855 | INFO  | [2421/5211] sz.000525 红太阳 取到2424条 | 已用1629s ETA 1878s
2026-08-25 20:34:45,413 | INFO  | [2422/5211] sz.000526 学大教育 取到2424条 | 已用1641s ETA 1890s
2026-08-25 20:34:53,204 | INFO  | [2423/5211] sz.000528 柳工 取到2424条 | 已用1649s ETA 1897s
2026-08-25 20:35:02,888 | INFO  | [2424/5211] sz.000529 广弘控股 取到2424条 | 已用1658s ETA 1907s
2026-08-25 20:35:09,096 | INFO  | [2425/5211] sz.000530 冰山冷热 取到2424条 | 已用1665s ETA 1912s
2026-08-25 20:35:19,363 | INFO  | [2426/5211] sz.000531 穗恒运A 取到2424条 | 已用1675s ETA 1923s
2026-08-25 20:35:29,308 | INFO  | [2427/5211] sz.000532 华金资本 取到2424条 | 已用1685s ETA 1933s
2026-08-25 20:35:35,217 | INFO  | [2428/5211] sz.000533 顺钠股份 取到2424条 | 已用1691s ETA 1938s
2026-08-25 20:35:41,866 | INFO  | [2429/5211] sz.000534 万泽股份 取到2424条 | 已用1697s ETA 1944s
2026-08-25 20:35:48,297 | INFO  | [2430/5211] sz.000536 华映科技 取到2424条 | 已用1704s ETA 1950s
2026-08-25 20:35:55,666 | INFO  | [2431/5211] sz.000537 绿发电力 取到2424条 | 已用1711s ETA 1957s
2026-08-25 20:36:05,660 | INFO  | [2432/5211] sz.000538 云南白药 取到2424条 | 已用1721s ETA 1967s
2026-08-25 20:36:13,005 | INFO  | [2433/5211] sz.000539 粤电力A 取到2424条 | 已用1729s ETA 1974s
2026-08-25 20:36:25,223 | INFO  | [2434/5211] sz.000541 佛山照明 取到2424条 | 已用1741s ETA 1986s
2026-08-25 20:36:31,051 | INFO  | [2435/5211] sz.000543 皖能电力 取到2424条 | 已用1747s ETA 1991s
2026-08-25 20:36:37,450 | INFO  | [2436/5211] sz.000544 中原环保 取到2424条 | 已用1753s ETA 1997s
2026-08-25 20:36:44,117 | INFO  | [2437/5211] sz.000545 金浦钛业 取到2424条 | 已用1760s ETA 2003s
2026-08-25 20:36:52,395 | INFO  | [2438/5211] sz.000546 金圆股份 取到2424条 | 已用1768s ETA 2011s
2026-08-25 20:36:58,836 | INFO  | [2439/5211] sz.000547 航天发展 取到2424条 | 已用1774s ETA 2017s
2026-08-25 20:37:05,689 | INFO  | [2440/5211] sz.000548 湖南投资 取到2424条 | 已用1781s ETA 2023s
2026-08-25 20:37:13,570 | INFO  | [2441/5211] sz.000550 江铃汽车 取到2424条 | 已用1789s ETA 2030s
2026-08-25 20:37:21,180 | INFO  | [2442/5211] sz.000551 创元科技 取到2424条 | 已用1797s ETA 2037s
2026-08-25 20:37:28,301 | INFO  | [2443/5211] sz.000552 甘肃能化 取到2424条 | 已用1804s ETA 2044s
2026-08-25 20:37:38,357 | INFO  | [2444/5211] sz.000553 安道麦A 取到2424条 | 已用1814s ETA 2054s
2026-08-25 20:37:50,424 | INFO  | [2445/5211] sz.000554 泰山石油 取到2424条 | 已用1826s ETA 2066s
2026-08-25 20:38:00,632 | INFO  | [2446/5211] sz.000555 神州信息 取到2424条 | 已用1836s ETA 2076s
2026-08-25 20:38:11,093 | INFO  | [2447/5211] sz.000557 西部创业 取到2424条 | 已用1847s ETA 2086s
2026-08-25 20:38:15,364 | INFO  | [2448/5211] sz.000558 天府文旅 取到2424条 | 已用1851s ETA 2089s
2026-08-25 20:38:22,532 | INFO  | [2449/5211] sz.000559 万向钱潮 取到2424条 | 已用1858s ETA 2096s
2026-08-25 20:38:28,979 | INFO  | [2450/5211] sz.000560 我爱我家 取到2424条 | 已用1865s ETA 2101s
2026-08-25 20:38:34,552 | INFO  | [2451/5211] sz.000561 烽火电子 取到2424条 | 已用1870s ETA 2106s
2026-08-25 20:38:38,892 | INFO  | [2452/5211] sz.000563 陕国投A 取到2424条 | 已用1874s ETA 2109s
2026-08-25 20:38:43,791 | INFO  | [2453/5211] sz.000564 供销大集 取到2424条 | 已用1879s ETA 2113s
2026-08-25 20:38:57,666 | INFO  | [2454/5211] sz.000565 渝三峡A 取到2424条 | 已用1893s ETA 2127s
2026-08-25 20:39:04,800 | INFO  | [2455/5211] sz.000566 海南海药 取到2424条 | 已用1900s ETA 2133s
2026-08-25 20:39:12,817 | INFO  | [2456/5211] sz.000567 海德股份 取到2424条 | 已用1908s ETA 2141s
2026-08-25 20:39:24,679 | INFO  | [2457/5211] sz.000568 泸州老窖 取到2424条 | 已用1920s ETA 2152s
2026-08-25 20:39:31,641 | INFO  | [2458/5211] sz.000570 苏常柴A 取到2424条 | 已用1927s ETA 2159s
2026-08-25 20:39:41,926 | INFO  | [2459/5211] sz.000571 新大洲A 取到2424条 | 已用1938s ETA 2168s
2026-08-25 20:39:48,685 | INFO  | [2460/5211] sz.000572 海马汽车 取到2424条 | 已用1944s ETA 2174s
2026-08-25 20:40:02,446 | INFO  | [2461/5211] sz.000573 粤宏远A 取到2424条 | 已用1958s ETA 2188s
2026-08-25 20:40:11,161 | INFO  | [2462/5211] sz.000576 甘化科工 取到2424条 | 已用1967s ETA 2196s
2026-08-25 20:40:22,633 | INFO  | [2463/5211] sz.000581 威孚高科 取到2424条 | 已用1978s ETA 2207s
2026-08-25 20:40:36,389 | INFO  | [2464/5211] sz.000582 北部湾港 取到2424条 | 已用1992s ETA 2221s
2026-08-25 20:40:42,419 | INFO  | [2465/5211] sz.000586 汇源通信 取到2424条 | 已用1998s ETA 2226s
2026-08-25 20:40:46,636 | INFO  | [2466/5211] sz.000589 贵州轮胎 取到2424条 | 已用2002s ETA 2229s
2026-08-25 20:40:58,427 | INFO  | [2467/5211] sz.000590 古汉医药 取到2424条 | 已用2014s ETA 2240s
2026-08-25 20:41:05,420 | INFO  | [2468/5211] sz.000591 太阳能 取到2424条 | 已用2021s ETA 2246s
2026-08-25 20:41:11,328 | INFO  | [2469/5211] sz.000592 平潭发展 取到2424条 | 已用2027s ETA 2251s
2026-08-25 20:41:17,587 | INFO  | [2470/5211] sz.000593 德龙汇能 取到2424条 | 已用2033s ETA 2256s
2026-08-25 20:41:26,042 | INFO  | [2471/5211] sz.000595 新能股份 取到2424条 | 已用2042s ETA 2264s
2026-08-25 20:41:36,360 | INFO  | [2472/5211] sz.000596 古井贡酒 取到2424条 | 已用2052s ETA 2274s
2026-08-25 20:41:49,015 | INFO  | [2473/5211] sz.000597 东北制药 取到2424条 | 已用2065s ETA 2286s
2026-08-25 20:41:55,385 | INFO  | [2474/5211] sz.000598 兴蓉环境 取到2424条 | 已用2071s ETA 2291s
2026-08-25 20:42:01,934 | INFO  | [2475/5211] sz.000599 青岛双星 取到2424条 | 已用2078s ETA 2297s
2026-08-25 20:42:07,772 | INFO  | [2476/5211] sz.000600 建投能源 取到2424条 | 已用2083s ETA 2301s
2026-08-25 20:42:17,522 | INFO  | [2477/5211] sz.000601 韶能股份 取到2424条 | 已用2093s ETA 2310s
2026-08-25 20:42:21,556 | INFO  | [2478/5211] sz.000603 盛达资源 取到2424条 | 已用2097s ETA 2313s
2026-08-25 20:42:28,289 | INFO  | [2479/5211] sz.000605 渤海股份 取到2424条 | 已用2104s ETA 2319s
2026-08-25 20:42:35,757 | INFO  | [2480/5211] sz.000607 华媒控股 取到2424条 | 已用2111s ETA 2325s
2026-08-25 20:42:43,833 | INFO  | [2481/5211] sz.000608 阳光股份 取到2424条 | 已用2119s ETA 2332s
2026-08-25 20:42:51,092 | INFO  | [2482/5211] sz.000609 *ST中迪 取到2424条 | 已用2127s ETA 2338s
2026-08-25 20:43:16,261 | INFO  | [2483/5211] sz.000610 *ST西旅 取到2424条 | 已用2152s ETA 2364s
2026-08-25 20:43:50,719 | INFO  | [2484/5211] sz.000612 焦作万方 取到2424条 | 已用2186s ETA 2400s
2026-08-25 20:43:54,689 | INFO  | [2485/5211] sz.000615 *ST美谷 取到2424条 | 已用2190s ETA 2403s
2026-08-25 20:44:00,576 | INFO  | [2486/5211] sz.000617 中油资本 取到2424条 | 已用2196s ETA 2407s
2026-08-25 20:44:13,568 | INFO  | [2487/5211] sz.000619 海螺新材 取到2424条 | 已用2209s ETA 2420s
2026-08-25 20:44:21,487 | INFO  | [2488/5211] sz.000620 盈新发展 取到2424条 | 已用2217s ETA 2426s
2026-08-25 20:44:36,788 | INFO  | [2489/5211] sz.000623 吉林敖东 取到2424条 | 已用2232s ETA 2441s
2026-08-25 20:44:42,507 | INFO  | [2490/5211] sz.000625 长安汽车 取到2424条 | 已用2238s ETA 2446s
2026-08-25 20:44:48,892 | INFO  | [2491/5211] sz.000626 远大控股 取到2424条 | 已用2244s ETA 2451s
2026-08-25 20:44:53,243 | INFO  | [2492/5211] sz.000628 高新发展 取到2424条 | 已用2249s ETA 2454s
2026-08-25 20:45:11,659 | INFO  | [2493/5211] sz.000629 钒钛股份 取到2424条 | 已用2267s ETA 2472s
2026-08-25 20:45:31,122 | INFO  | [2494/5211] sz.000630 铜陵有色 取到2424条 | 已用2287s ETA 2491s
2026-08-25 20:45:36,751 | INFO  | [2495/5211] sz.000631 顺发恒能 取到2424条 | 已用2292s ETA 2495s
2026-08-25 20:45:41,889 | INFO  | [2496/5211] sz.000632 ST三木 取到2424条 | 已用2297s ETA 2499s
2026-08-25 20:45:56,246 | INFO  | [2497/5211] sz.000633 合金投资 取到2424条 | 已用2312s ETA 2513s
2026-08-25 20:46:04,621 | INFO  | [2498/5211] sz.000635 英力特 取到2424条 | 已用2320s ETA 2520s
2026-08-25 20:46:15,496 | INFO  | [2499/5211] sz.000636 风华高科 取到2424条 | 已用2331s ETA 2530s
2026-08-25 20:46:22,380 | INFO  | [2500/5211] sz.000637 茂化实华 取到2424条 | 已用2338s ETA 2535s
2026-08-25 20:46:27,853 | INFO  | [2501/5211] sz.000639 ST西王 取到2424条 | 已用2343s ETA 2539s
2026-08-25 20:46:35,506 | INFO  | [2502/5211] sz.000650 仁和药业 取到2424条 | 已用2351s ETA 2546s
2026-08-25 20:46:46,029 | INFO  | [2503/5211] sz.000651 格力电器 取到2424条 | 已用2362s ETA 2555s
2026-08-25 20:46:52,597 | INFO  | [2504/5211] sz.000652 泰达股份 取到2424条 | 已用2368s ETA 2560s
2026-08-25 20:46:56,495 | INFO  | [2505/5211] sz.000655 金岭矿业 取到2424条 | 已用2372s ETA 2562s
2026-08-25 20:47:02,892 | INFO  | [2506/5211] sz.000656 金科股份 取到2424条 | 已用2378s ETA 2567s
2026-08-25 20:47:16,970 | INFO  | [2507/5211] sz.000657 中钨高新 取到2424条 | 已用2393s ETA 2581s
2026-08-25 20:47:22,314 | INFO  | [2508/5211] sz.000659 珠海中富 取到2424条 | 已用2398s ETA 2584s
2026-08-25 20:47:31,893 | INFO  | [2509/5211] sz.000661 长春高新 取到2424条 | 已用2407s ETA 2593s
2026-08-25 20:47:36,400 | INFO  | [2510/5211] sz.000663 永安林业 取到2424条 | 已用2412s ETA 2596s
2026-08-25 20:47:42,493 | INFO  | [2511/5211] sz.000665 湖北广电 取到2424条 | 已用2418s ETA 2600s
2026-08-25 20:47:47,815 | INFO  | [2512/5211] sz.000668 荣丰控股 取到2424条 | 已用2423s ETA 2604s
2026-08-25 20:47:56,560 | INFO  | [2513/5211] sz.000669 ST金鸿 取到2424条 | 已用2432s ETA 2611s
2026-08-25 20:48:04,837 | INFO  | [2514/5211] sz.000670 盈方微 取到2424条 | 已用2440s ETA 2618s
2026-08-25 20:48:14,366 | INFO  | [2515/5211] sz.000672 上峰材料 取到2424条 | 已用2450s ETA 2626s
2026-08-25 20:48:20,712 | INFO  | [2516/5211] sz.000676 智度股份 取到2424条 | 已用2456s ETA 2631s
2026-08-25 20:48:29,259 | INFO  | [2517/5211] sz.000677 ST海龙 取到2424条 | 已用2465s ETA 2638s
2026-08-25 20:48:36,930 | INFO  | [2518/5211] sz.000678 襄阳轴承 取到2424条 | 已用2473s ETA 2644s
2026-08-25 20:48:41,574 | INFO  | [2519/5211] sz.000679 大连友谊 取到2424条 | 已用2477s ETA 2647s
2026-08-25 20:48:46,556 | INFO  | [2520/5211] sz.000680 山推股份 取到2424条 | 已用2482s ETA 2651s
2026-08-25 20:48:58,704 | INFO  | [2521/5211] sz.000681 视觉中国 取到2424条 | 已用2494s ETA 2661s
2026-08-25 20:49:10,677 | INFO  | [2522/5211] sz.000682 东方电子 取到2424条 | 已用2506s ETA 2672s
2026-08-25 20:49:20,298 | INFO  | [2523/5211] sz.000683 博源化工 取到2424条 | 已用2516s ETA 2680s
2026-08-25 20:49:27,050 | INFO  | [2524/5211] sz.000685 中山公用 取到2424条 | 已用2523s ETA 2686s
2026-08-25 20:49:47,118 | INFO  | [2525/5211] sz.000686 东北证券 取到2424条 | 已用2543s ETA 2705s
2026-08-25 20:50:28,254 | INFO  | [2526/5211] sz.000688 国城矿业 取到2424条 | 已用2584s ETA 2746s
2026-08-25 20:50:39,792 | INFO  | [2527/5211] sz.000690 宝新能源 取到2424条 | 已用2595s ETA 2757s
2026-08-25 20:50:44,686 | INFO  | [2528/5211] sz.000691 亚太实业 取到2424条 | 已用2600s ETA 2760s
2026-08-25 20:50:53,886 | INFO  | [2529/5211] sz.000692 惠天热电 取到2424条 | 已用2609s ETA 2767s
2026-08-25 20:51:00,905 | INFO  | [2530/5211] sz.000695 滨海能源 取到2424条 | 已用2616s ETA 2773s
2026-08-25 20:51:09,572 | INFO  | [2531/5211] sz.000697 炼石航空 取到2424条 | 已用2625s ETA 2780s
2026-08-25 20:51:19,152 | INFO  | [2532/5211] sz.000698 ST沈化 取到2424条 | 已用2635s ETA 2788s
2026-08-25 20:51:25,095 | INFO  | [2533/5211] sz.000700 模塑科技 取到2424条 | 已用2641s ETA 2792s
2026-08-25 20:51:30,470 | INFO  | [2534/5211] sz.000701 厦门信达 取到2424条 | 已用2646s ETA 2795s
2026-08-25 20:51:35,725 | INFO  | [2535/5211] sz.000702 正虹科技 取到2424条 | 已用2651s ETA 2799s
2026-08-25 20:51:43,255 | INFO  | [2536/5211] sz.000703 恒逸石化 取到2424条 | 已用2659s ETA 2805s
2026-08-25 20:51:49,818 | INFO  | [2537/5211] sz.000705 浙江震元 取到2424条 | 已用2665s ETA 2809s
2026-08-25 20:52:04,364 | INFO  | [2538/5211] sz.000707 双环科技 取到2424条 | 已用2680s ETA 2822s
2026-08-25 20:52:12,514 | INFO  | [2539/5211] sz.000708 中信特钢 取到2424条 | 已用2688s ETA 2829s
2026-08-25 20:52:17,923 | INFO  | [2540/5211] sz.000709 河钢股份 取到2424条 | 已用2694s ETA 2832s
2026-08-25 20:52:47,972 | INFO  | [2541/5211] sz.000710 贝瑞基因 取到2424条 | 已用2724s ETA 2862s
2026-08-25 20:52:53,770 | INFO  | [2542/5211] sz.000711 ST京蓝 取到2424条 | 已用2729s ETA 2866s
2026-08-25 20:53:01,272 | INFO  | [2543/5211] sz.000712 锦龙股份 取到2424条 | 已用2737s ETA 2871s
2026-08-25 20:53:15,086 | INFO  | [2544/5211] sz.000713 国投丰乐 取到2424条 | 已用2751s ETA 2884s
2026-08-25 20:53:20,976 | INFO  | [2545/5211] sz.000715 中兴商业 取到2424条 | 已用2757s ETA 2888s
2026-08-25 20:53:30,942 | INFO  | [2546/5211] sz.000716 黑芝麻 取到2424条 | 已用2767s ETA 2896s
2026-08-25 20:53:37,276 | INFO  | [2547/5211] sz.000717 中南股份 取到2424条 | 已用2773s ETA 2900s
2026-08-25 20:53:42,208 | INFO  | [2548/5211] sz.000718 苏宁环球 取到2424条 | 已用2778s ETA 2903s
2026-08-25 20:53:55,054 | INFO  | [2549/5211] sz.000719 中原传媒 取到2424条 | 已用2791s ETA 2914s
2026-08-25 20:54:06,711 | INFO  | [2550/5211] sz.000720 新能泰山 取到2424条 | 已用2802s ETA 2924s
2026-08-25 20:54:26,409 | INFO  | [2551/5211] sz.000721 西安饮食 取到2424条 | 已用2822s ETA 2943s
2026-08-25 20:54:35,137 | INFO  | [2552/5211] sz.000722 湖南发展 取到2424条 | 已用2831s ETA 2949s
2026-08-25 20:54:44,221 | INFO  | [2553/5211] sz.000723 美锦能源 取到2424条 | 已用2840s ETA 2957s
2026-08-25 20:54:52,126 | INFO  | [2554/5211] sz.000725 京东方A 取到2424条 | 已用2848s ETA 2963s
2026-08-25 20:54:56,119 | INFO  | [2555/5211] sz.000726 鲁泰A 取到2424条 | 已用2852s ETA 2964s
2026-08-25 20:55:04,235 | INFO  | [2556/5211] sz.000727 冠捷科技 取到2424条 | 已用2860s ETA 2971s
2026-08-25 20:55:12,513 | INFO  | [2557/5211] sz.000728 国元证券 取到2424条 | 已用2868s ETA 2977s
2026-08-25 20:55:19,565 | INFO  | [2558/5211] sz.000729 燕京啤酒 取到2424条 | 已用2875s ETA 2982s
2026-08-25 20:55:25,319 | INFO  | [2559/5211] sz.000731 四川美丰 取到2424条 | 已用2881s ETA 2986s
2026-08-25 20:55:33,055 | INFO  | [2560/5211] sz.000733 振华科技 取到2424条 | 已用2889s ETA 2991s
2026-08-25 20:55:50,356 | INFO  | [2561/5211] sz.000735 罗牛山 取到2424条 | 已用2906s ETA 3007s
2026-08-25 20:55:54,793 | INFO  | [2562/5211] sz.000736 中交发展 取到2424条 | 已用2910s ETA 3009s
2026-08-25 20:56:03,083 | INFO  | [2563/5211] sz.000737 北方铜业 取到2424条 | 已用2919s ETA 3015s
2026-08-25 20:56:14,986 | INFO  | [2564/5211] sz.000738 航发控制 取到2424条 | 已用2931s ETA 3025s
2026-08-25 20:56:25,685 | INFO  | [2565/5211] sz.000739 普洛药业 取到2424条 | 已用2941s ETA 3034s
2026-08-25 20:56:39,765 | INFO  | [2566/5211] sz.000750 国海证券 取到2424条 | 已用2955s ETA 3046s
2026-08-25 20:56:45,612 | INFO  | [2567/5211] sz.000751 锌业股份 取到2424条 | 已用2961s ETA 3050s
2026-08-25 20:56:58,147 | INFO  | [2568/5211] sz.000752 *ST西发 取到2424条 | 已用2974s ETA 3061s
2026-08-25 20:57:03,123 | INFO  | [2569/5211] sz.000753 漳州发展 取到2424条 | 已用2979s ETA 3063s
2026-08-25 20:57:07,319 | INFO  | [2570/5211] sz.000755 山西高速 取到2424条 | 已用2983s ETA 3065s
2026-08-25 20:57:14,071 | INFO  | [2571/5211] sz.000756 新华制药 取到2424条 | 已用2990s ETA 3070s
2026-08-25 20:57:22,073 | INFO  | [2572/5211] sz.000757 浩物股份 取到2424条 | 已用2998s ETA 3076s
2026-08-25 20:57:43,511 | INFO  | [2573/5211] sz.000758 中色股份 取到2424条 | 已用3019s ETA 3095s
2026-08-25 20:57:56,234 | INFO  | [2574/5211] sz.000759 中百集团 取到2424条 | 已用3032s ETA 3106s
2026-08-25 20:58:02,633 | INFO  | [2575/5211] sz.000761 本钢板材 取到2424条 | 已用3038s ETA 3110s
2026-08-25 20:58:12,925 | INFO  | [2576/5211] sz.000762 西藏矿业 取到2424条 | 已用3049s ETA 3118s
2026-08-25 20:58:21,388 | INFO  | [2577/5211] sz.000766 通化金马 取到2424条 | 已用3057s ETA 3125s
2026-08-25 20:58:28,937 | INFO  | [2578/5211] sz.000767 晋控电力 取到2424条 | 已用3065s ETA 3130s
2026-08-25 20:58:36,819 | INFO  | [2579/5211] sz.000768 中航西飞 取到2424条 | 已用3072s ETA 3136s
2026-08-25 20:58:42,450 | INFO  | [2580/5211] sz.000776 广发证券 取到2424条 | 已用3078s ETA 3139s
2026-08-25 20:58:49,715 | INFO  | [2581/5211] sz.000777 中核科技 取到2424条 | 已用3085s ETA 3144s
2026-08-25 20:58:55,664 | INFO  | [2582/5211] sz.000778 新兴铸管 取到2424条 | 已用3091s ETA 3148s
2026-08-25 20:59:03,169 | INFO  | [2583/5211] sz.000779 甘咨询 取到2424条 | 已用3099s ETA 3153s
2026-08-25 20:59:08,365 | INFO  | [2584/5211] sz.000782 恒申新材 取到2424条 | 已用3104s ETA 3156s
2026-08-25 20:59:20,305 | INFO  | [2585/5211] sz.000783 长江证券 取到2424条 | 已用3116s ETA 3165s
2026-08-25 20:59:28,283 | INFO  | [2586/5211] sz.000785 居然智家 取到2424条 | 已用3124s ETA 3171s
2026-08-25 20:59:34,344 | INFO  | [2587/5211] sz.000786 北新建材 取到2424条 | 已用3130s ETA 3175s
2026-08-25 20:59:37,663 | INFO  | [2588/5211] sz.000788 北大医药 取到2424条 | 已用3133s ETA 3176s
2026-08-25 20:59:47,585 | INFO  | [2589/5211] sz.000789 万年青 取到2424条 | 已用3143s ETA 3183s
2026-08-25 20:59:59,597 | INFO  | [2590/5211] sz.000790 华神科技 取到2424条 | 已用3155s ETA 3193s
2026-08-25 21:12:51,289 | INFO  | baostock 登录成功
2026-08-25 21:12:53,527 | INFO  | 数据区间: 2016-08-27 ~ 2026-08-24
2026-08-25 21:13:03,876 | INFO  | 共 5211 只 A 股
2026-08-25 21:13:12,926 | INFO  | [2591/5211] sz.000791 甘肃能源 取到2424条 | 已用9s ETA 9s
2026-08-25 21:13:19,699 | INFO  | [2592/5211] sz.000792 盐湖股份 取到2424条 | 已用16s ETA 16s
2026-08-25 21:13:24,589 | INFO  | [2593/5211] sz.000793 ST华闻 取到2424条 | 已用21s ETA 21s
2026-08-25 21:13:30,110 | INFO  | [2594/5211] sz.000795 英洛华 取到2424条 | 已用26s ETA 26s
2026-08-25 21:13:37,858 | INFO  | [2595/5211] sz.000796 凯撒旅业 取到2424条 | 已用34s ETA 34s
2026-08-25 21:13:45,127 | INFO  | [2596/5211] sz.000797 中国武夷 取到2424条 | 已用41s ETA 42s
2026-08-25 21:13:49,420 | INFO  | [2597/5211] sz.000798 中水渔业 取到2424条 | 已用46s ETA 46s
2026-08-25 21:13:55,260 | INFO  | [2598/5211] sz.000799 酒鬼酒 取到2424条 | 已用51s ETA 52s
2026-08-25 21:14:02,578 | INFO  | [2599/5211] sz.000800 一汽解放 取到2424条 | 已用59s ETA 59s
2026-08-25 21:14:07,460 | INFO  | [2600/5211] sz.000801 四川九洲 取到2424条 | 已用64s ETA 64s
2026-08-25 21:14:13,838 | INFO  | [2601/5211] sz.000802 北京文化 取到2424条 | 已用70s ETA 70s
2026-08-25 21:14:19,457 | INFO  | [2602/5211] sz.000803 山高环能 取到2424条 | 已用76s ETA 76s
2026-08-25 21:14:29,988 | INFO  | [2603/5211] sz.000807 云铝股份 取到2424条 | 已用86s ETA 86s
2026-08-25 21:14:33,710 | INFO  | [2604/5211] sz.000809 和展能源 取到2424条 | 已用90s ETA 90s
2026-08-25 21:14:39,376 | INFO  | [2605/5211] sz.000810 创维数字 取到2424条 | 已用95s ETA 96s
2026-08-25 21:14:46,837 | INFO  | [2606/5211] sz.000811 冰轮环境 取到2424条 | 已用103s ETA 103s
2026-08-25 21:14:51,693 | INFO  | [2607/5211] sz.000812 陕西金叶 取到2424条 | 已用108s ETA 108s
2026-08-25 21:14:55,997 | INFO  | [2608/5211] sz.000813 德展健康 取到2424条 | 已用112s ETA 112s
2026-08-25 21:15:04,837 | INFO  | [2609/5211] sz.000815 美利云 取到2424条 | 已用121s ETA 121s
2026-08-25 21:15:11,183 | INFO  | [2610/5211] sz.000816 智慧农业 取到2424条 | 已用127s ETA 127s
2026-08-25 21:15:18,726 | INFO  | [2611/5211] sz.000818 航锦科技 取到2424条 | 已用135s ETA 134s
2026-08-25 21:15:26,910 | INFO  | [2612/5211] sz.000819 岳阳兴长 取到2424条 | 已用143s ETA 142s
2026-08-25 21:15:34,113 | INFO  | [2613/5211] sz.000820 神雾节能 取到2424条 | 已用150s ETA 149s
2026-08-25 21:15:39,141 | INFO  | [2614/5211] sz.000821 ST京机 取到2424条 | 已用155s ETA 154s
2026-08-25 21:16:01,854 | INFO  | [2615/5211] sz.000822 山东海化 取到2424条 | 已用178s ETA 177s
2026-08-25 21:16:10,756 | INFO  | [2616/5211] sz.000823 超声电子 取到2424条 | 已用187s ETA 185s
2026-08-25 21:16:21,045 | INFO  | [2617/5211] sz.000825 太钢不锈 取到2424条 | 已用197s ETA 195s
2026-08-25 21:16:26,248 | INFO  | [2618/5211] sz.000826 *ST启环 取到2424条 | 已用202s ETA 200s
2026-08-25 21:16:32,630 | INFO  | [2619/5211] sz.000828 东莞控股 取到2424条 | 已用209s ETA 207s
2026-08-25 21:16:38,185 | INFO  | [2620/5211] sz.000829 天音控股 取到2424条 | 已用214s ETA 212s
2026-08-25 21:16:45,591 | INFO  | [2621/5211] sz.000830 鲁西化工 取到2424条 | 已用222s ETA 219s
2026-08-25 21:16:52,210 | INFO  | [2622/5211] sz.000831 中国稀土 取到2424条 | 已用228s ETA 225s
2026-08-25 21:16:58,570 | INFO  | [2623/5211] sz.000833 粤桂股份 取到2424条 | 已用235s ETA 232s
2026-08-25 21:17:04,306 | INFO  | [2624/5211] sz.000837 秦川机床 取到2424条 | 已用240s ETA 237s
2026-08-25 21:17:11,333 | INFO  | [2625/5211] sz.000838 *ST发展 取到2424条 | 已用247s ETA 244s
2026-08-25 21:17:20,564 | INFO  | [2626/5211] sz.000839 国安股份 取到2424条 | 已用257s ETA 253s
2026-08-25 21:17:26,799 | INFO  | [2627/5211] sz.000848 承德露露 取到2424条 | 已用263s ETA 259s
2026-08-25 21:17:30,396 | INFO  | [2628/5211] sz.000850 华茂股份 取到2424条 | 已用267s ETA 262s
2026-08-25 21:17:35,017 | INFO  | [2629/5211] sz.000852 石化机械 取到2424条 | 已用271s ETA 266s
2026-08-25 21:17:41,646 | INFO  | [2630/5211] sz.000856 冀东装备 取到2424条 | 已用278s ETA 273s
2026-08-25 21:17:48,789 | INFO  | [2631/5211] sz.000858 五粮液 取到2424条 | 已用285s ETA 279s
2026-08-25 21:17:52,520 | INFO  | [2632/5211] sz.000859 国风新材 取到2424条 | 已用289s ETA 283s
2026-08-25 21:18:04,568 | INFO  | [2633/5211] sz.000860 顺鑫农业 取到2424条 | 已用301s ETA 294s
2026-08-25 21:18:14,168 | INFO  | [2634/5211] sz.000862 银星能源 取到2424条 | 已用310s ETA 304s
2026-08-25 21:18:19,101 | INFO  | [2635/5211] sz.000863 三湘印象 取到2424条 | 已用315s ETA 308s
2026-08-25 21:18:23,172 | INFO  | [2636/5211] sz.000868 安凯客车 取到2424条 | 已用319s ETA 312s
2026-08-25 21:18:28,206 | INFO  | [2637/5211] sz.000869 张裕A 取到2424条 | 已用324s ETA 317s
2026-08-25 21:18:33,805 | INFO  | [2638/5211] sz.000875 电投绿能 取到2424条 | 已用330s ETA 322s
2026-08-25 21:18:40,055 | INFO  | [2639/5211] sz.000876 新希望 取到2424条 | 已用336s ETA 328s
2026-08-25 21:18:45,769 | INFO  | [2640/5211] sz.000877 天山股份 取到2424条 | 已用342s ETA 333s
2026-08-25 21:18:53,077 | INFO  | [2641/5211] sz.000878 云南铜业 取到2424条 | 已用349s ETA 340s
2026-08-25 21:18:59,322 | INFO  | [2642/5211] sz.000880 潍柴重机 取到2424条 | 已用355s ETA 346s
2026-08-25 21:19:05,870 | INFO  | [2643/5211] sz.000881 中广核技 取到2424条 | 已用362s ETA 352s
2026-08-25 21:19:10,959 | INFO  | [2644/5211] sz.000882 华联股份 取到2424条 | 已用367s ETA 356s
2026-08-25 21:19:18,760 | INFO  | [2645/5211] sz.000883 湖北能源 取到2424条 | 已用375s ETA 364s
2026-08-25 21:19:24,911 | INFO  | [2646/5211] sz.000885 城发环境 取到2424条 | 已用381s ETA 369s
2026-08-25 21:19:31,395 | INFO  | [2647/5211] sz.000886 海南高速 取到2424条 | 已用388s ETA 375s
2026-08-25 21:19:37,961 | INFO  | [2648/5211] sz.000887 中鼎股份 取到2424条 | 已用394s ETA 381s
2026-08-25 21:19:44,539 | INFO  | [2649/5211] sz.000888 峨眉山A 取到2424条 | 已用401s ETA 387s
2026-08-25 21:19:53,897 | INFO  | [2650/5211] sz.000889 中嘉博创 取到2424条 | 已用410s ETA 396s
2026-08-25 21:20:01,165 | INFO  | [2651/5211] sz.000890 法尔胜 取到2424条 | 已用417s ETA 403s
2026-08-25 21:20:06,516 | INFO  | [2652/5211] sz.000892 欢瑞世纪 取到2424条 | 已用423s ETA 408s
2026-08-25 21:20:14,310 | INFO  | [2653/5211] sz.000893 亚钾国际 取到2424条 | 已用430s ETA 415s
2026-08-25 21:20:19,536 | INFO  | [2654/5211] sz.000895 双汇发展 取到2424条 | 已用436s ETA 420s
2026-08-25 21:20:24,523 | INFO  | [2655/5211] sz.000897 津滨发展 取到2424条 | 已用441s ETA 424s
2026-08-25 21:20:31,534 | INFO  | [2656/5211] sz.000898 鞍钢股份 取到2424条 | 已用448s ETA 431s
2026-08-25 21:20:39,052 | INFO  | [2657/5211] sz.000899 赣能股份 取到2424条 | 已用455s ETA 438s
2026-08-25 21:20:42,889 | INFO  | [2658/5211] sz.000900 现代投资 取到2424条 | 已用459s ETA 441s
2026-08-25 21:20:47,290 | INFO  | [2659/5211] sz.000901 航天科技 取到2424条 | 已用463s ETA 445s
2026-08-25 21:20:51,323 | INFO  | [2660/5211] sz.000902 新洋丰 取到2424条 | 已用467s ETA 448s
2026-08-25 21:21:01,338 | INFO  | [2661/5211] sz.000903 ST云动 取到2424条 | 已用477s ETA 458s
2026-08-25 21:21:08,714 | INFO  | [2662/5211] sz.000905 厦门港务 取到2424条 | 已用485s ETA 464s
2026-08-25 21:21:14,827 | INFO  | [2663/5211] sz.000906 浙商中拓 取到2424条 | 已用491s ETA 470s
2026-08-25 21:21:36,718 | INFO  | [2664/5211] sz.000908 石药景峰 取到2424条 | 已用513s ETA 490s
2026-08-25 21:21:41,872 | INFO  | [2665/5211] sz.000909 *ST数源 取到2424条 | 已用518s ETA 495s
2026-08-25 21:21:49,569 | INFO  | [2666/5211] sz.000910 大亚圣象 取到2424条 | 已用526s ETA 502s
2026-08-25 21:22:00,135 | INFO  | [2667/5211] sz.000911 *ST广糖 取到2424条 | 已用536s ETA 512s
2026-08-25 21:22:07,720 | INFO  | [2668/5211] sz.000912 泸天化 取到2424条 | 已用544s ETA 518s
2026-08-25 21:22:17,170 | INFO  | [2669/5211] sz.000913 钱江摩托 取到2424条 | 已用553s ETA 527s
2026-08-25 21:22:26,264 | INFO  | [2670/5211] sz.000915 华特达因 取到2424条 | 已用562s ETA 535s
2026-08-25 21:22:31,230 | INFO  | [2671/5211] sz.000917 电广传媒 取到2424条 | 已用567s ETA 540s
2026-08-25 21:22:35,954 | INFO  | [2672/5211] sz.000919 金陵药业 取到2424条 | 已用572s ETA 544s
2026-08-25 21:22:43,465 | INFO  | [2673/5211] sz.000920 沃顿科技 取到2424条 | 已用580s ETA 550s
2026-08-25 21:22:47,891 | INFO  | [2674/5211] sz.000921 海信家电 取到2424条 | 已用584s ETA 554s
2026-08-25 21:22:58,364 | INFO  | [2675/5211] sz.000922 佳电股份 取到2424条 | 已用594s ETA 564s
2026-08-25 21:23:04,231 | INFO  | [2676/5211] sz.000923 河钢资源 取到2424条 | 已用600s ETA 569s
2026-08-25 21:23:10,639 | INFO  | [2677/5211] sz.000925 众合科技 取到2424条 | 已用607s ETA 574s
2026-08-25 21:23:18,387 | INFO  | [2678/5211] sz.000926 福星股份 取到2424条 | 已用615s ETA 581s
2026-08-25 21:23:25,398 | INFO  | [2679/5211] sz.000927 中国铁物 取到2424条 | 已用622s ETA 587s
2026-08-25 21:23:35,794 | INFO  | [2680/5211] sz.000928 中钢国际 取到2424条 | 已用632s ETA 597s
2026-08-25 21:23:41,984 | INFO  | [2681/5211] sz.000929 兰州黄河 取到2424条 | 已用638s ETA 602s
2026-08-25 21:23:50,793 | INFO  | [2682/5211] sz.000930 中粮科技 取到2424条 | 已用647s ETA 610s
2026-08-25 21:23:57,344 | INFO  | [2683/5211] sz.000931 中关村 取到2424条 | 已用653s ETA 616s
2026-08-25 21:24:18,890 | INFO  | [2684/5211] sz.000932 华菱钢铁 取到2424条 | 已用675s ETA 636s
2026-08-25 21:24:25,817 | INFO  | [2685/5211] sz.000933 神火股份 取到2424条 | 已用682s ETA 642s
2026-08-25 21:24:30,689 | INFO  | [2686/5211] sz.000935 四川双马 取到2424条 | 已用687s ETA 646s
2026-08-25 21:24:37,292 | INFO  | [2687/5211] sz.000936 华西股份 取到2424条 | 已用693s ETA 651s
2026-08-25 21:24:44,351 | INFO  | [2688/5211] sz.000937 冀中能源 取到2424条 | 已用700s ETA 657s
2026-08-25 21:24:52,768 | INFO  | [2689/5211] sz.000938 紫光股份 取到2424条 | 已用709s ETA 665s
2026-08-25 21:24:58,714 | INFO  | [2690/5211] sz.000948 南天信息 取到2424条 | 已用715s ETA 670s
2026-08-25 21:25:11,081 | INFO  | [2691/5211] sz.000949 新乡化纤 取到2424条 | 已用727s ETA 681s
2026-08-25 21:25:16,599 | INFO  | [2692/5211] sz.000950 重药控股 取到2424条 | 已用733s ETA 686s
2026-08-25 21:25:30,489 | INFO  | [2693/5211] sz.000951 中国重汽 取到2424条 | 已用747s ETA 698s
2026-08-25 21:25:37,804 | INFO  | [2694/5211] sz.000952 广济药业 取到2424条 | 已用754s ETA 704s
2026-08-25 21:25:42,646 | INFO  | [2695/5211] sz.000953 中哲精化 取到2424条 | 已用759s ETA 708s
2026-08-25 21:25:47,777 | INFO  | [2696/5211] sz.000955 欣龙控股 取到2424条 | 已用764s ETA 713s
2026-08-25 21:25:53,918 | INFO  | [2697/5211] sz.000957 中通客车 取到2424条 | 已用770s ETA 718s
2026-08-25 21:25:58,634 | INFO  | [2698/5211] sz.000958 电投产融 取到2424条 | 已用775s ETA 722s
2026-08-25 21:26:05,585 | INFO  | [2699/5211] sz.000959 首钢股份 取到2424条 | 已用782s ETA 728s
2026-08-25 21:26:12,271 | INFO  | [2700/5211] sz.000960 锡业股份 取到2424条 | 已用788s ETA 733s
2026-08-25 21:26:18,172 | INFO  | [2701/5211] sz.000962 东方钽业 取到2424条 | 已用794s ETA 738s
2026-08-25 21:26:23,512 | INFO  | [2702/5211] sz.000963 华东医药 取到2424条 | 已用800s ETA 743s
2026-08-25 21:26:30,530 | INFO  | [2703/5211] sz.000965 天保基建 取到2424条 | 已用807s ETA 748s
2026-08-25 21:26:37,180 | INFO  | [2704/5211] sz.000966 长源电力 取到2424条 | 已用813s ETA 754s
2026-08-25 21:26:41,837 | INFO  | [2705/5211] sz.000967 盈峰环境 取到2424条 | 已用818s ETA 758s
2026-08-25 21:26:48,046 | INFO  | [2706/5211] sz.000968 蓝焰控股 取到2424条 | 已用824s ETA 763s
2026-08-25 21:26:57,659 | INFO  | [2707/5211] sz.000969 安泰科技 取到2424条 | 已用834s ETA 771s
2026-08-25 21:27:03,262 | INFO  | [2708/5211] sz.000970 中科三环 取到2424条 | 已用839s ETA 776s
2026-08-25 21:27:11,123 | INFO  | [2709/5211] sz.000972 中基健康 取到2424条 | 已用847s ETA 783s
2026-08-25 21:27:21,308 | INFO  | [2710/5211] sz.000973 佛塑科技 取到2424条 | 已用857s ETA 791s
2026-08-25 21:27:29,290 | INFO  | [2711/5211] sz.000975 山金国际 取到2424条 | 已用865s ETA 798s
2026-08-25 21:27:34,679 | INFO  | [2712/5211] sz.000977 浪潮信息 取到2424条 | 已用871s ETA 802s
2026-08-25 21:27:39,696 | INFO  | [2713/5211] sz.000978 桂林旅游 取到2424条 | 已用876s ETA 806s
2026-08-25 21:27:46,529 | INFO  | [2714/5211] sz.000980 众泰汽车 取到2424条 | 已用883s ETA 812s
2026-08-25 21:27:54,845 | INFO  | [2715/5211] sz.000981 山子高科 取到2424条 | 已用891s ETA 819s
2026-08-25 21:28:04,895 | INFO  | [2716/5211] sz.000983 山西焦煤 取到2424条 | 已用901s ETA 828s
2026-08-25 21:28:12,873 | INFO  | [2717/5211] sz.000985 大庆华科 取到2424条 | 已用909s ETA 834s
2026-08-25 21:28:17,991 | INFO  | [2718/5211] sz.000987 越秀资本 取到2424条 | 已用914s ETA 838s
2026-08-25 21:28:24,988 | INFO  | [2719/5211] sz.000988 华工科技 取到2424条 | 已用921s ETA 844s
2026-08-25 21:28:32,339 | INFO  | [2720/5211] sz.000989 九芝堂 取到2424条 | 已用928s ETA 850s
2026-08-25 21:28:37,377 | INFO  | [2721/5211] sz.000990 诚志股份 取到2424条 | 已用933s ETA 854s
2026-08-25 21:28:44,148 | INFO  | [2722/5211] sz.000993 闽东电力 取到2424条 | 已用940s ETA 860s
2026-08-25 21:28:49,714 | INFO  | [2723/5211] sz.000995 皇台酒业 取到2424条 | 已用946s ETA 864s
2026-08-25 21:28:56,318 | INFO  | [2724/5211] sz.000997 新大陆 取到2424条 | 已用952s ETA 870s
2026-08-25 21:29:03,382 | INFO  | [2725/5211] sz.000998 隆平高科 取到2424条 | 已用959s ETA 875s
2026-08-25 21:29:15,645 | INFO  | [2726/5211] sz.000999 华润三九 取到2424条 | 已用972s ETA 886s
2026-08-25 21:29:19,334 | INFO  | [2727/5211] sz.001201 东瑞股份 取到1291条 | 已用975s ETA 889s
2026-08-25 21:29:23,360 | INFO  | [2728/5211] sz.001202 炬申股份 取到1290条 | 已用979s ETA 892s
2026-08-25 21:29:30,090 | INFO  | [2729/5211] sz.001203 大中矿业 取到1286条 | 已用986s ETA 897s
2026-08-25 21:29:32,343 | INFO  | [2730/5211] sz.001205 盛航股份 取到1283条 | 已用988s ETA 898s
2026-08-25 21:29:36,920 | INFO  | [2731/5211] sz.001206 依依股份 取到1280条 | 已用993s ETA 902s
2026-08-25 21:29:40,276 | INFO  | [2732/5211] sz.001207 联科科技 取到1255条 | 已用996s ETA 904s
2026-08-25 21:29:44,035 | INFO  | [2733/5211] sz.001208 华菱线缆 取到1254条 | 已用1000s ETA 907s
2026-08-25 21:29:48,854 | INFO  | [2734/5211] sz.001209 洪兴股份 取到1233条 | 已用1005s ETA 911s
2026-08-25 21:29:51,699 | INFO  | [2735/5211] sz.001210 金房能源 取到1229条 | 已用1008s ETA 912s
2026-08-25 21:29:54,737 | INFO  | [2736/5211] sz.001211 双枪科技 取到1224条 | 已用1011s ETA 914s
2026-08-25 21:29:56,800 | INFO  | [2737/5211] sz.001212 中旗新材 取到1212条 | 已用1013s ETA 916s
2026-08-25 21:29:59,602 | INFO  | [2738/5211] sz.001213 中铁特货 取到1200条 | 已用1016s ETA 917s
2026-08-25 21:30:03,341 | INFO  | [2739/5211] sz.001215 千味央厨 取到1202条 | 已用1019s ETA 920s
2026-08-25 21:30:07,085 | INFO  | [2740/5211] sz.001216 华瓷股份 取到1178条 | 已用1023s ETA 923s
2026-08-25 21:30:11,687 | INFO  | [2741/5211] sz.001217 华尔泰 取到1187条 | 已用1028s ETA 926s
2026-08-25 21:30:16,700 | INFO  | [2742/5211] sz.001218 丽臣实业 取到1180条 | 已用1033s ETA 930s
2026-08-25 21:30:18,870 | INFO  | [2743/5211] sz.001219 青岛食品 取到1176条 | 已用1035s ETA 931s
2026-08-25 21:30:19,846 | INFO  | [2744/5211] sz.001220 世盟股份 取到134条 | 已用1036s ETA 931s
2026-08-25 21:30:21,273 | INFO  | [2745/5211] sz.001221 悍高集团 取到260条 | 已用1037s ETA 932s
2026-08-25 21:30:22,734 | INFO  | [2746/5211] sz.001222 源飞宠物 取到973条 | 已用1039s ETA 933s
2026-08-25 21:30:26,012 | INFO  | [2747/5211] sz.001223 欧克科技 取到897条 | 已用1042s ETA 935s
2026-08-25 21:30:28,565 | INFO  | [2748/5211] sz.001225 和泰机电 取到851条 | 已用1045s ETA 936s
2026-08-25 21:30:31,039 | INFO  | [2749/5211] sz.001226 拓山重工 取到1014条 | 已用1047s ETA 938s
2026-08-25 21:30:32,971 | INFO  | [2750/5211] sz.001227 兰州银行 取到1115条 | 已用1049s ETA 939s
2026-08-25 21:30:35,333 | INFO  | [2751/5211] sz.001228 永泰运 取到1048条 | 已用1051s ETA 940s
2026-08-25 21:30:38,481 | INFO  | [2752/5211] sz.001229 魅视科技 取到981条 | 已用1055s ETA 942s
2026-08-25 21:30:40,378 | INFO  | [2753/5211] sz.001230 劲旅环境 取到997条 | 已用1056s ETA 943s
2026-08-25 21:30:41,935 | INFO  | [2754/5211] sz.001231 农心科技 取到972条 | 已用1058s ETA 944s
2026-08-25 21:30:42,094 | INFO  | [2755/5211] sz.001232 嘉立创 取到15条 | 已用1058s ETA 943s
2026-08-25 21:30:42,488 | INFO  | [2756/5211] sz.001233 海安集团 取到182条 | 已用1059s ETA 943s
2026-08-25 21:30:55,123 | INFO  | [2757/5211] sz.001234 泰慕士 取到1119条 | 已用1071s ETA 954s
2026-08-25 21:30:58,573 | INFO  | [2758/5211] sz.001236 弘业期货 取到982条 | 已用1075s ETA 956s
2026-08-25 21:30:58,835 | INFO  | [2759/5211] sz.001237 惠康科技 取到66条 | 已用1075s ETA 955s
2026-08-25 21:31:00,729 | INFO  | [2760/5211] sz.001238 浙江正特 取到952条 | 已用1077s ETA 956s
2026-08-25 21:31:01,711 | INFO  | [2761/5211] sz.001239 永达股份 取到654条 | 已用1078s ETA 956s
2026-08-25 21:31:02,025 | INFO  | [2762/5211] sz.001248 华润新能源 取到38条 | 已用1078s ETA 956s
2026-08-25 21:31:06,244 | INFO  | [2763/5211] sz.001255 博菲电气 取到943条 | 已用1082s ETA 959s
2026-08-25 21:31:08,601 | INFO  | [2764/5211] sz.001256 炜冈科技 取到902条 | 已用1085s ETA 960s
2026-08-25 21:31:08,755 | INFO  | [2765/5211] sz.001257 盛龙股份 取到100条 | 已用1085s ETA 960s
2026-08-25 21:31:13,461 | INFO  | [2766/5211] sz.001258 立新能源 取到989条 | 已用1090s ETA 963s
2026-08-25 21:31:15,758 | INFO  | [2767/5211] sz.001259 利仁科技 取到964条 | 已用1092s ETA 964s
2026-08-25 21:31:17,532 | INFO  | [2768/5211] sz.001260 坤泰股份 取到855条 | 已用1094s ETA 965s
2026-08-25 21:31:23,954 | INFO  | [2769/5211] sz.001266 宏英智能 取到1090条 | 已用1100s ETA 970s
2026-08-25 21:31:27,314 | INFO  | [2770/5211] sz.001267 汇绿生态 取到1157条 | 已用1103s ETA 972s
2026-08-25 21:31:30,470 | INFO  | [2771/5211] sz.001268 联合精密 取到1008条 | 已用1107s ETA 974s
2026-08-25 21:31:34,162 | INFO  | [2772/5211] sz.001269 欧晶科技 取到943条 | 已用1110s ETA 977s
2026-08-25 21:31:40,454 | INFO  | [2773/5211] sz.001270 铖昌科技 取到1026条 | 已用1117s ETA 982s
2026-08-25 21:31:43,579 | INFO  | [2774/5211] sz.001277 速达股份 取到477条 | 已用1120s ETA 984s
2026-08-25 21:31:54,047 | INFO  | [2775/5211] sz.001278 一彬科技 取到841条 | 已用1130s ETA 992s
2026-08-25 21:31:55,800 | INFO  | [2776/5211] sz.001279 强邦新材 取到456条 | 已用1132s ETA 993s
2026-08-25 21:31:56,295 | INFO  | [2777/5211] sz.001280 中国铀业 取到176条 | 已用1132s ETA 993s
2026-08-25 21:31:57,678 | INFO  | [2778/5211] sz.001282 三联锻造 取到790条 | 已用1134s ETA 993s
2026-08-25 21:31:59,575 | INFO  | [2779/5211] sz.001283 豪鹏科技 取到961条 | 已用1136s ETA 994s
2026-08-25 21:32:00,605 | INFO  | [2780/5211] sz.001285 瑞立科密 取到216条 | 已用1137s ETA 994s
2026-08-25 21:32:04,256 | INFO  | [2781/5211] sz.001286 陕西能源 取到819条 | 已用1140s ETA 996s
2026-08-25 21:32:05,614 | INFO  | [2782/5211] sz.001287 中电港 取到819条 | 已用1142s ETA 997s
2026-08-25 21:32:07,779 | INFO  | [2783/5211] sz.001288 运机集团 取到1169条 | 已用1144s ETA 998s
2026-08-25 21:32:11,992 | INFO  | [2784/5211] sz.001289 龙源电力 取到1110条 | 已用1148s ETA 1001s
2026-08-25 21:32:15,318 | INFO  | [2785/5211] sz.001296 长江材料 取到1130条 | 已用1151s ETA 1003s
2026-08-25 21:32:21,427 | INFO  | [2786/5211] sz.001298 好上好 取到927条 | 已用1158s ETA 1008s
2026-08-25 21:32:24,206 | INFO  | [2787/5211] sz.001299 美能能源 取到927条 | 已用1160s ETA 1009s
2026-08-25 21:32:26,711 | INFO  | [2788/5211] sz.001300 三柏硕 取到935条 | 已用1163s ETA 1011s
2026-08-25 21:32:28,885 | INFO  | [2789/5211] sz.001301 尚太科技 取到885条 | 已用1165s ETA 1012s
2026-08-25 21:32:32,631 | INFO  | [2790/5211] sz.001306 夏厦精密 取到672条 | 已用1169s ETA 1014s
2026-08-25 21:32:35,766 | INFO  | [2791/5211] sz.001308 康冠科技 取到1076条 | 已用1172s ETA 1016s
2026-08-25 21:32:40,803 | INFO  | [2792/5211] sz.001309 德明利 取到1007条 | 已用1177s ETA 1020s
2026-08-25 21:32:43,714 | INFO  | [2793/5211] sz.001311 多利科技 取到848条 | 已用1180s ETA 1021s
2026-08-25 21:32:44,070 | INFO  | [2794/5211] sz.001312 福恩股份 取到86条 | 已用1180s ETA 1021s
2026-08-25 21:32:51,148 | INFO  | [2795/5211] sz.001313 粤海饲料 取到1098条 | 已用1187s ETA 1026s
2026-08-25 21:32:54,235 | INFO  | [2796/5211] sz.001314 亿道信息 取到857条 | 已用1190s ETA 1028s
2026-08-25 21:32:58,027 | INFO  | [2797/5211] sz.001316 润贝航科 取到1012条 | 已用1194s ETA 1031s
2026-08-25 21:33:01,710 | INFO  | [2798/5211] sz.001317 三羊马 取到1148条 | 已用1198s ETA 1033s
2026-08-25 21:33:05,082 | INFO  | [2799/5211] sz.001318 阳光乳业 取到1036条 | 已用1201s ETA 1035s
2026-08-25 21:33:08,509 | INFO  | [2800/5211] sz.001319 铭科精技 取到1042条 | 已用1205s ETA 1037s
2026-08-25 21:33:10,895 | INFO  | [2801/5211] sz.001322 箭牌家居 取到930条 | 已用1207s ETA 1039s
2026-08-25 21:33:12,696 | INFO  | [2802/5211] sz.001323 慕思股份 取到1013条 | 已用1209s ETA 1039s
2026-08-25 21:33:14,593 | INFO  | [2803/5211] sz.001324 长青科技 取到792条 | 已用1211s ETA 1040s
2026-08-25 21:33:15,348 | INFO  | [2804/5211] sz.001325 元创股份 取到165条 | 已用1211s ETA 1040s
2026-08-25 21:33:21,289 | INFO  | [2805/5211] sz.001326 联域股份 取到677条 | 已用1217s ETA 1044s
2026-08-25 21:33:24,008 | INFO  | [2806/5211] sz.001328 登康口腔 取到819条 | 已用1220s ETA 1046s
2026-08-25 21:33:27,614 | INFO  | [2807/5211] sz.001330 博纳影业 取到973条 | 已用1224s ETA 1048s
2026-08-25 21:33:30,274 | INFO  | [2808/5211] sz.001331 胜通能源 取到958条 | 已用1226s ETA 1050s
2026-08-25 21:33:32,472 | INFO  | [2809/5211] sz.001332 锡装股份 取到951条 | 已用1229s ETA 1051s
2026-08-25 21:33:35,851 | INFO  | [2810/5211] sz.001333 光华股份 取到899条 | 已用1232s ETA 1053s
2026-08-25 21:33:36,815 | INFO  | [2811/5211] sz.001335 信凯科技 取到332条 | 已用1233s ETA 1053s
2026-08-25 21:33:38,654 | INFO  | [2812/5211] sz.001336 楚环科技 取到991条 | 已用1235s ETA 1053s
2026-08-25 21:33:41,180 | INFO  | [2813/5211] sz.001337 四川黄金 取到844条 | 已用1237s ETA 1055s
2026-08-25 21:33:43,694 | INFO  | [2814/5211] sz.001338 永顺泰 取到915条 | 已用1240s ETA 1056s
2026-08-25 21:33:47,063 | INFO  | [2815/5211] sz.001339 智微智能 取到976条 | 已用1243s ETA 1058s
2026-08-25 21:33:48,551 | INFO  | [2816/5211] sz.001356 富岭股份 取到383条 | 已用1245s ETA 1059s
2026-08-25 21:33:51,431 | INFO  | [2817/5211] sz.001358 兴欣新材 取到647条 | 已用1248s ETA 1060s
2026-08-25 21:33:53,961 | INFO  | [2818/5211] sz.001359 平安电工 取到584条 | 已用1250s ETA 1062s
2026-08-25 21:33:54,763 | INFO  | [2819/5211] sz.001360 南矿集团 取到819条 | 已用1251s ETA 1061s
2026-08-25 21:33:54,922 | INFO  | [2820/5211] sz.001365 天海电子 取到70条 | 已用1251s ETA 1061s
2026-08-25 21:34:00,485 | INFO  | [2821/5211] sz.001366 播恩集团 取到842条 | 已用1257s ETA 1065s
2026-08-25 21:34:02,610 | INFO  | [2822/5211] sz.001367 海森药业 取到819条 | 已用1259s ETA 1066s
2026-08-25 21:34:05,297 | INFO  | [2823/5211] sz.001368 通达创智 取到838条 | 已用1261s ETA 1067s
2026-08-25 21:34:07,600 | INFO  | [2824/5211] sz.001369 双欣材料 取到157条 | 已用1264s ETA 1068s
2026-08-25 21:34:09,047 | INFO  | [2825/5211] sz.001373 翔腾新材 取到784条 | 已用1265s ETA 1069s
2026-08-25 21:34:12,678 | INFO  | [2826/5211] sz.001376 百通能源 取到681条 | 已用1269s ETA 1071s
2026-08-25 21:34:14,557 | INFO  | [2827/5211] sz.001378 德冠新材 取到685条 | 已用1271s ETA 1072s
2026-08-25 21:34:16,270 | INFO  | [2828/5211] sz.001379 腾达科技 取到627条 | 已用1272s ETA 1072s
2026-08-25 21:34:18,202 | INFO  | [2829/5211] sz.001380 华纬科技 取到796条 | 已用1274s ETA 1073s
2026-08-25 21:34:19,711 | INFO  | [2830/5211] sz.001382 新亚电缆 取到348条 | 已用1276s ETA 1073s
2026-08-25 21:34:20,621 | INFO  | [2831/5211] sz.001386 马可波罗 取到206条 | 已用1277s ETA 1073s
2026-08-25 21:34:23,114 | INFO  | [2832/5211] sz.001387 雪祺电气 取到633条 | 已用1279s ETA 1075s
2026-08-25 21:34:23,912 | INFO  | [2833/5211] sz.001388 信通电子 取到281条 | 已用1280s ETA 1074s
2026-08-25 21:34:24,982 | INFO  | [2834/5211] sz.001389 广合科技 取到581条 | 已用1281s ETA 1075s
2026-08-25 21:34:26,668 | INFO  | [2835/5211] sz.001390 古麒绒材 取到303条 | 已用1283s ETA 1075s
2026-08-25 21:34:27,741 | INFO  | [2836/5211] sz.001391 国货航 取到400条 | 已用1284s ETA 1075s
2026-08-25 21:34:28,054 | INFO  | [2837/5211] sz.001393 维通利 取到71条 | 已用1284s ETA 1075s
2026-08-25 21:34:31,039 | INFO  | [2838/5211] sz.001395 亚联机械 取到381条 | 已用1287s ETA 1076s
2026-08-25 21:34:31,290 | INFO  | [2839/5211] sz.001396 誉帆科技 取到157条 | 已用1287s ETA 1076s
2026-08-25 21:34:31,709 | INFO  | [2840/5211] sz.001399 惠科股份 取到42条 | 已用1288s ETA 1075s
2026-08-25 21:34:33,773 | INFO  | [2841/5211] sz.001400 江顺科技 取到325条 | 已用1290s ETA 1076s
2026-08-25 21:34:38,506 | INFO  | [2842/5211] sz.001696 宗申动力 取到2424条 | 已用1295s ETA 1079s
2026-08-25 21:34:44,924 | INFO  | [2843/5211] sz.001872 招商港口 取到2424条 | 已用1301s ETA 1084s
2026-08-25 21:34:56,456 | INFO  | [2844/5211] sz.001896 豫能控股 取到2424条 | 已用1313s ETA 1092s
2026-08-25 21:35:07,681 | INFO  | [2845/5211] sz.001914 招商积余 取到2424条 | 已用1324s ETA 1101s
2026-08-25 21:35:14,360 | INFO  | [2846/5211] sz.001965 招商公路 取到2102条 | 已用1330s ETA 1106s
2026-08-25 21:35:21,973 | INFO  | [2847/5211] sz.001979 招商蛇口 取到2424条 | 已用1338s ETA 1111s
2026-08-25 21:35:28,910 | INFO  | [2848/5211] sz.002001 新和成 取到2424条 | 已用1345s ETA 1116s
2026-08-25 21:35:33,689 | INFO  | [2849/5211] sz.002003 伟星股份 取到2424条 | 已用1350s ETA 1119s
2026-08-25 21:35:40,935 | INFO  | [2850/5211] sz.002004 华邦健康 取到2424条 | 已用1357s ETA 1124s
2026-08-25 21:35:45,261 | INFO  | [2851/5211] sz.002005 德豪润达 取到2424条 | 已用1361s ETA 1127s
2026-08-25 21:35:50,692 | INFO  | [2852/5211] sz.002006 精工科技 取到2424条 | 已用1367s ETA 1131s
2026-08-25 21:35:57,322 | INFO  | [2853/5211] sz.002007 华兰生物 取到2424条 | 已用1373s ETA 1135s
2026-08-25 21:36:06,929 | INFO  | [2854/5211] sz.002008 大族激光 取到2424条 | 已用1383s ETA 1142s
2026-08-25 21:36:11,963 | INFO  | [2855/5211] sz.002009 天奇股份 取到2424条 | 已用1388s ETA 1145s
2026-08-25 21:36:27,145 | INFO  | [2856/5211] sz.002010 传化智联 取到2424条 | 已用1403s ETA 1157s
2026-08-25 21:36:31,442 | INFO  | [2857/5211] sz.002011 盾安环境 取到2424条 | 已用1408s ETA 1160s
2026-08-25 21:36:52,935 | INFO  | [2858/5211] sz.002012 凯恩股份 取到2424条 | 已用1429s ETA 1177s
2026-08-25 21:37:04,654 | INFO  | [2859/5211] sz.002014 永新股份 取到2424条 | 已用1441s ETA 1185s
2026-08-25 21:37:15,260 | INFO  | [2860/5211] sz.002015 协鑫能科 取到2424条 | 已用1451s ETA 1193s
2026-08-25 21:37:34,677 | INFO  | [2861/5211] sz.002016 世荣兆业 取到2424条 | 已用1471s ETA 1208s
2026-08-25 21:37:42,729 | INFO  | [2862/5211] sz.002017 东信和平 取到2424条 | 已用1479s ETA 1214s
2026-08-25 21:37:50,121 | INFO  | [2863/5211] sz.002019 亿帆医药 取到2424条 | 已用1486s ETA 1219s
2026-08-25 21:37:56,135 | INFO  | [2864/5211] sz.002020 京新药业 取到2424条 | 已用1492s ETA 1223s
2026-08-25 21:38:04,791 | INFO  | [2865/5211] sz.002021 中捷资源 取到2424条 | 已用1501s ETA 1229s
2026-08-25 21:38:12,905 | INFO  | [2866/5211] sz.002022 科华生物 取到2424条 | 已用1509s ETA 1235s
2026-08-25 21:38:21,029 | INFO  | [2867/5211] sz.002023 海特高新 取到2424条 | 已用1517s ETA 1240s
2026-08-25 21:38:36,048 | INFO  | [2868/5211] sz.002024 ST易购 取到2424条 | 已用1532s ETA 1252s
2026-08-25 21:38:49,811 | INFO  | [2869/5211] sz.002025 航天电器 取到2424条 | 已用1546s ETA 1262s
2026-08-25 21:38:56,304 | INFO  | [2870/5211] sz.002026 山东威达 取到2424条 | 已用1552s ETA 1266s
2026-08-25 21:39:08,069 | INFO  | [2871/5211] sz.002027 分众传媒 取到2424条 | 已用1564s ETA 1275s
2026-08-25 21:39:18,699 | INFO  | [2872/5211] sz.002028 思源电气 取到2424条 | 已用1575s ETA 1283s
2026-08-25 21:39:27,159 | INFO  | [2873/5211] sz.002029 七匹狼 取到2424条 | 已用1583s ETA 1288s
2026-08-25 21:39:33,956 | INFO  | [2874/5211] sz.002030 达安基因 取到2424条 | 已用1590s ETA 1293s
2026-08-25 21:39:41,577 | INFO  | [2875/5211] sz.002031 巨轮智能 取到2424条 | 已用1598s ETA 1298s
2026-08-25 21:39:48,882 | INFO  | [2876/5211] sz.002032 苏泊尔 取到2424条 | 已用1605s ETA 1303s
2026-08-25 21:39:52,745 | INFO  | [2877/5211] sz.002033 丽江股份 取到2424条 | 已用1609s ETA 1305s
2026-08-25 21:39:56,890 | INFO  | [2878/5211] sz.002034 旺能环境 取到2424条 | 已用1613s ETA 1308s
2026-08-25 21:40:03,168 | INFO  | [2879/5211] sz.002035 华帝股份 取到2424条 | 已用1619s ETA 1312s
2026-08-25 21:40:10,228 | INFO  | [2880/5211] sz.002036 联创电子 取到2424条 | 已用1626s ETA 1316s
2026-08-25 21:40:18,486 | INFO  | [2881/5211] sz.002037 保利联合 取到2424条 | 已用1635s ETA 1322s
2026-08-25 21:40:25,381 | INFO  | [2882/5211] sz.002038 双鹭药业 取到2424条 | 已用1641s ETA 1327s
2026-08-25 21:40:34,165 | INFO  | [2883/5211] sz.002039 黔源电力 取到2424条 | 已用1650s ETA 1333s
2026-08-25 21:40:40,985 | INFO  | [2884/5211] sz.002040 南京港 取到2424条 | 已用1657s ETA 1337s
2026-08-25 21:40:56,595 | INFO  | [2885/5211] sz.002041 登海种业 取到2424条 | 已用1673s ETA 1349s
2026-08-25 21:41:09,190 | INFO  | [2886/5211] sz.002042 华孚时尚 取到2424条 | 已用1685s ETA 1358s
2026-08-25 21:41:12,828 | INFO  | [2887/5211] sz.002043 兔宝宝 取到2424条 | 已用1689s ETA 1360s
2026-08-25 21:41:21,102 | INFO  | [2888/5211] sz.002044 美年健康 取到2424条 | 已用1697s ETA 1365s
2026-08-25 21:41:35,908 | INFO  | [2889/5211] sz.002045 国光电器 取到2424条 | 已用1712s ETA 1376s
2026-08-25 21:41:45,037 | INFO  | [2890/5211] sz.002046 国机精工 取到2424条 | 已用1721s ETA 1382s
2026-08-25 21:41:53,173 | INFO  | [2891/5211] sz.002047 宝鹰股份 取到2424条 | 已用1729s ETA 1388s
2026-08-25 21:42:01,318 | INFO  | [2892/5211] sz.002048 宁波华翔 取到2424条 | 已用1737s ETA 1393s
2026-08-25 21:42:09,404 | INFO  | [2893/5211] sz.002049 紫光国微 取到2424条 | 已用1746s ETA 1399s
2026-08-25 21:42:18,266 | INFO  | [2894/5211] sz.002050 三花智控 取到2424条 | 已用1754s ETA 1405s
2026-08-25 21:42:31,760 | INFO  | [2895/5211] sz.002051 中工国际 取到2424条 | 已用1768s ETA 1414s
2026-08-25 21:42:39,801 | INFO  | [2896/5211] sz.002052 同洲电子 取到2424条 | 已用1776s ETA 1420s
2026-08-25 21:43:01,161 | INFO  | [2897/5211] sz.002053 云南能投 取到2424条 | 已用1797s ETA 1436s
2026-08-25 21:43:09,176 | INFO  | [2898/5211] sz.002054 德美化工 取到2424条 | 已用1805s ETA 1441s
2026-08-25 21:43:17,064 | INFO  | [2899/5211] sz.002055 ST得润 取到2424条 | 已用1813s ETA 1446s
2026-08-25 21:43:24,307 | INFO  | [2900/5211] sz.002056 横店东磁 取到2424条 | 已用1820s ETA 1451s
2026-08-25 21:43:32,171 | INFO  | [2901/5211] sz.002057 中钢天源 取到2424条 | 已用1828s ETA 1456s
2026-08-25 21:43:39,902 | INFO  | [2902/5211] sz.002058 威尔泰 取到2424条 | 已用1836s ETA 1461s
2026-08-25 21:43:44,644 | INFO  | [2903/5211] sz.002059 云南旅游 取到2424条 | 已用1841s ETA 1463s
2026-08-25 21:43:56,691 | INFO  | [2904/5211] sz.002060 广东建工 取到2424条 | 已用1853s ETA 1472s
2026-08-25 21:44:03,391 | INFO  | [2905/5211] sz.002061 浙江交科 取到2424条 | 已用1860s ETA 1476s
2026-08-25 21:44:09,717 | INFO  | [2906/5211] sz.002062 宏润建设 取到2424条 | 已用1866s ETA 1480s
2026-08-25 21:44:17,286 | INFO  | [2907/5211] sz.002063 远光软件 取到2424条 | 已用1873s ETA 1485s
2026-08-25 21:44:24,769 | INFO  | [2908/5211] sz.002064 华峰化学 取到2424条 | 已用1881s ETA 1490s
2026-08-25 21:44:34,443 | INFO  | [2909/5211] sz.002065 东华软件 取到2424条 | 已用1891s ETA 1496s
2026-08-25 21:44:38,958 | INFO  | [2910/5211] sz.002066 瑞泰科技 取到2424条 | 已用1895s ETA 1498s
2026-08-25 21:44:47,971 | INFO  | [2911/5211] sz.002067 景兴纸业 取到2424条 | 已用1904s ETA 1504s
2026-08-25 21:44:56,328 | INFO  | [2912/5211] sz.002068 黑猫股份 取到2424条 | 已用1912s ETA 1510s
2026-08-25 21:45:00,449 | INFO  | [2913/5211] sz.002069 獐子岛 取到2424条 | 已用1917s ETA 1512s
2026-08-25 21:45:05,771 | INFO  | [2914/5211] sz.002072 凯瑞德 取到2424条 | 已用1922s ETA 1515s
2026-08-25 21:45:14,374 | INFO  | [2915/5211] sz.002073 软控股份 取到2424条 | 已用1930s ETA 1521s
2026-08-25 21:45:26,433 | INFO  | [2916/5211] sz.002074 国轩高科 取到2424条 | 已用1943s ETA 1529s
2026-08-25 21:45:30,219 | INFO  | [2917/5211] sz.002075 沙钢股份 取到2424条 | 已用1946s ETA 1531s
2026-08-25 21:45:35,589 | INFO  | [2918/5211] sz.002076 星光股份 取到2424条 | 已用1952s ETA 1534s
2026-08-25 21:45:42,747 | INFO  | [2919/5211] sz.002077 大港股份 取到2424条 | 已用1959s ETA 1538s
2026-08-25 21:45:49,085 | INFO  | [2920/5211] sz.002078 太阳纸业 取到2424条 | 已用1965s ETA 1542s
2026-08-25 21:45:57,312 | INFO  | [2921/5211] sz.002079 苏州固锝 取到2424条 | 已用1973s ETA 1547s
2026-08-25 21:46:08,005 | INFO  | [2922/5211] sz.002080 中材科技 取到2424条 | 已用1984s ETA 1554s
2026-08-25 21:46:17,950 | INFO  | [2923/5211] sz.002081 金螳螂 取到2424条 | 已用1994s ETA 1561s
2026-08-25 21:46:23,973 | INFO  | [2924/5211] sz.002082 ST万邦 取到2424条 | 已用2000s ETA 1564s
2026-08-25 21:46:29,602 | INFO  | [2925/5211] sz.002083 孚日股份 取到2424条 | 已用2006s ETA 1568s
2026-08-25 21:46:36,745 | INFO  | [2926/5211] sz.002084 海鸥住工 取到2424条 | 已用2013s ETA 1572s
2026-08-25 21:46:45,955 | INFO  | [2927/5211] sz.002085 万丰奥威 取到2424条 | 已用2022s ETA 1578s
2026-08-25 21:46:53,860 | INFO  | [2928/5211] sz.002086 东方海洋 取到2424条 | 已用2030s ETA 1583s
2026-08-25 21:47:12,370 | INFO  | [2929/5211] sz.002088 鲁阳节能 取到2424条 | 已用2048s ETA 1596s
2026-08-25 21:47:19,157 | INFO  | [2930/5211] sz.002090 金智科技 取到2424条 | 已用2055s ETA 1600s
2026-08-25 21:47:25,008 | INFO  | [2931/5211] sz.002091 江苏国泰 取到2424条 | 已用2061s ETA 1603s
2026-08-25 21:47:33,407 | INFO  | [2932/5211] sz.002092 中泰化学 取到2424条 | 已用2070s ETA 1609s
2026-08-25 21:47:44,282 | INFO  | [2933/5211] sz.002093 国脉科技 取到2424条 | 已用2080s ETA 1616s
2026-08-25 21:47:52,113 | INFO  | [2934/5211] sz.002094 青岛金王 取到2424条 | 已用2088s ETA 1621s
2026-08-25 21:48:02,037 | INFO  | [2935/5211] sz.002095 生意宝 取到2424条 | 已用2098s ETA 1627s
2026-08-25 21:48:10,873 | INFO  | [2936/5211] sz.002096 易普力 取到2424条 | 已用2107s ETA 1633s
2026-08-25 21:48:16,662 | INFO  | [2937/5211] sz.002097 山河智能 取到2424条 | 已用2113s ETA 1636s
2026-08-25 21:48:23,170 | INFO  | [2938/5211] sz.002098 浔兴股份 取到2424条 | 已用2119s ETA 1640s
2026-08-25 21:48:30,792 | INFO  | [2939/5211] sz.002099 海翔药业 取到2424条 | 已用2127s ETA 1644s
2026-08-25 21:48:36,993 | INFO  | [2940/5211] sz.002100 天康生物 取到2424条 | 已用2133s ETA 1648s
2026-08-25 21:48:43,683 | INFO  | [2941/5211] sz.002101 广东鸿图 取到2424条 | 已用2140s ETA 1652s
2026-08-25 21:48:49,573 | INFO  | [2942/5211] sz.002102 ST能特 取到2424条 | 已用2146s ETA 1655s
2026-08-25 21:49:00,851 | INFO  | [2943/5211] sz.002103 广博股份 取到2424条 | 已用2157s ETA 1662s
2026-08-25 21:49:14,877 | INFO  | [2944/5211] sz.002104 恒宝股份 取到2424条 | 已用2171s ETA 1672s
2026-08-25 21:49:21,483 | INFO  | [2945/5211] sz.002105 信隆健康 取到2424条 | 已用2178s ETA 1676s
2026-08-25 21:49:31,808 | INFO  | [2946/5211] sz.002106 莱宝高科 取到2424条 | 已用2188s ETA 1682s
2026-08-25 21:49:45,383 | INFO  | [2947/5211] sz.002107 沃华医药 取到2424条 | 已用2201s ETA 1691s
2026-08-25 21:49:53,536 | INFO  | [2948/5211] sz.002108 沧州明珠 取到2424条 | 已用2210s ETA 1696s
2026-08-25 21:50:04,076 | INFO  | [2949/5211] sz.002109 ST兴化 取到2424条 | 已用2220s ETA 1703s
2026-08-25 21:50:12,167 | INFO  | [2950/5211] sz.002110 三钢闽光 取到2424条 | 已用2228s ETA 1708s
2026-08-25 21:50:20,850 | INFO  | [2951/5211] sz.002111 威海广泰 取到2424条 | 已用2237s ETA 1713s
2026-08-25 21:50:28,820 | INFO  | [2952/5211] sz.002112 三变科技 取到2424条 | 已用2245s ETA 1718s
2026-08-25 21:50:35,324 | INFO  | [2953/5211] sz.002114 罗平锌电 取到2424条 | 已用2251s ETA 1722s
2026-08-25 21:50:41,369 | INFO  | [2954/5211] sz.002115 三维通信 取到2424条 | 已用2257s ETA 1725s
2026-08-25 21:50:45,396 | INFO  | [2955/5211] sz.002116 中国海诚 取到2424条 | 已用2262s ETA 1727s
2026-08-25 21:50:51,182 | INFO  | [2956/5211] sz.002117 东港股份 取到2424条 | 已用2267s ETA 1730s
2026-08-25 21:51:14,561 | INFO  | [2957/5211] sz.002119 康强电子 取到2424条 | 已用2291s ETA 1746s
2026-08-25 21:51:19,527 | INFO  | [2958/5211] sz.002120 韵达股份 取到2424条 | 已用2296s ETA 1749s
2026-08-25 21:51:26,478 | INFO  | [2959/5211] sz.002121 科陆电子 取到2424条 | 已用2303s ETA 1752s
2026-08-25 21:51:32,866 | INFO  | [2960/5211] sz.002122 ST汇洲 取到2424条 | 已用2309s ETA 1756s
2026-08-25 21:51:39,414 | INFO  | [2961/5211] sz.002123 梦网科技 取到2424条 | 已用2316s ETA 1760s
2026-08-25 21:51:44,756 | INFO  | [2962/5211] sz.002124 天邦食品 取到2424条 | 已用2321s ETA 1762s
2026-08-25 21:51:51,618 | INFO  | [2963/5211] sz.002125 湘潭电化 取到2424条 | 已用2328s ETA 1766s
2026-08-25 21:51:59,062 | INFO  | [2964/5211] sz.002126 银轮股份 取到2424条 | 已用2335s ETA 1770s
2026-08-25 21:52:08,462 | INFO  | [2965/5211] sz.002127 南极电商 取到2424条 | 已用2345s ETA 1776s
2026-08-25 21:52:12,183 | INFO  | [2966/5211] sz.002128 电投能源 取到2424条 | 已用2348s ETA 1777s
2026-08-25 21:52:20,340 | INFO  | [2967/5211] sz.002129 TCL中环 取到2424条 | 已用2356s ETA 1782s
2026-08-25 21:52:27,390 | INFO  | [2968/5211] sz.002130 沃尔核材 取到2424条 | 已用2364s ETA 1786s
2026-08-25 21:52:33,059 | INFO  | [2969/5211] sz.002131 利欧股份 取到2424条 | 已用2369s ETA 1789s
2026-08-25 21:52:41,639 | INFO  | [2970/5211] sz.002132 恒星科技 取到2424条 | 已用2378s ETA 1794s
2026-08-25 21:52:51,329 | INFO  | [2971/5211] sz.002133 广宇集团 取到2424条 | 已用2387s ETA 1800s
2026-08-25 21:52:59,418 | INFO  | [2972/5211] sz.002134 天津普林 取到2424条 | 已用2396s ETA 1805s
2026-08-25 21:53:04,316 | INFO  | [2973/5211] sz.002135 东南网架 取到2424条 | 已用2400s ETA 1807s
2026-08-25 21:53:11,233 | INFO  | [2974/5211] sz.002136 安纳达 取到2424条 | 已用2407s ETA 1811s
2026-08-25 21:53:21,024 | INFO  | [2975/5211] sz.002137 实益达 取到2424条 | 已用2417s ETA 1817s
2026-08-25 21:53:30,988 | INFO  | [2976/5211] sz.002138 顺络电子 取到2424条 | 已用2427s ETA 1823s
2026-08-25 21:53:36,937 | INFO  | [2977/5211] sz.002139 拓邦股份 取到2424条 | 已用2433s ETA 1826s
2026-08-25 21:53:58,112 | INFO  | [2978/5211] sz.002140 东华科技 取到2424条 | 已用2454s ETA 1840s
2026-08-25 21:54:03,640 | INFO  | [2979/5211] sz.002141 贤丰控股 取到2424条 | 已用2460s ETA 1843s
2026-08-25 21:54:12,052 | INFO  | [2980/5211] sz.002142 宁波银行 取到2424条 | 已用2468s ETA 1848s
2026-08-25 21:54:19,377 | INFO  | [2981/5211] sz.002144 宏达高科 取到2424条 | 已用2475s ETA 1852s
2026-08-25 21:54:25,574 | INFO  | [2982/5211] sz.002145 钛能化学 取到2424条 | 已用2482s ETA 1855s
2026-08-25 21:54:36,428 | INFO  | [2983/5211] sz.002146 荣盛发展 取到2424条 | 已用2493s ETA 1862s
2026-08-25 21:54:47,714 | INFO  | [2984/5211] sz.002148 北纬科技 取到2424条 | 已用2504s ETA 1869s
2026-08-25 21:54:56,181 | INFO  | [2985/5211] sz.002149 西部材料 取到2424条 | 已用2512s ETA 1873s
2026-08-25 21:55:04,624 | INFO  | [2986/5211] sz.002150 正泰电源 取到2424条 | 已用2521s ETA 1878s
2026-08-25 21:55:13,619 | INFO  | [2987/5211] sz.002151 北斗星通 取到2424条 | 已用2530s ETA 1884s
2026-08-25 21:55:20,890 | INFO  | [2988/5211] sz.002152 广电运通 取到2424条 | 已用2537s ETA 1887s
2026-08-25 21:55:30,282 | INFO  | [2989/5211] sz.002153 石基信息 取到2424条 | 已用2546s ETA 1893s
2026-08-25 21:55:42,693 | INFO  | [2990/5211] sz.002154 报喜鸟 取到2424条 | 已用2559s ETA 1901s
2026-08-25 21:55:54,148 | INFO  | [2991/5211] sz.002155 湖南黄金 取到2424条 | 已用2570s ETA 1908s
2026-08-25 21:56:00,991 | INFO  | [2992/5211] sz.002156 通富微电 取到2424条 | 已用2577s ETA 1911s
2026-08-25 21:56:07,368 | INFO  | [2993/5211] sz.002157 正邦科技 取到2424条 | 已用2583s ETA 1915s
2026-08-25 21:56:13,010 | INFO  | [2994/5211] sz.002158 汉钟精机 取到2424条 | 已用2589s ETA 1917s
2026-08-25 21:56:20,456 | INFO  | [2995/5211] sz.002159 三特索道 取到2424条 | 已用2597s ETA 1921s
2026-08-25 21:56:26,369 | INFO  | [2996/5211] sz.002160 常铝股份 取到2424条 | 已用2602s ETA 1924s
2026-08-25 21:56:34,670 | INFO  | [2997/5211] sz.002161 远望谷 取到2424条 | 已用2611s ETA 1929s
2026-08-25 21:56:39,462 | INFO  | [2998/5211] sz.002162 悦心健康 取到2424条 | 已用2616s ETA 1931s
2026-08-25 21:56:43,731 | INFO  | [2999/5211] sz.002163 海南发展 取到2424条 | 已用2620s ETA 1932s
2026-08-25 21:56:51,452 | INFO  | [3000/5211] sz.002164 宁波东力 取到2424条 | 已用2628s ETA 1937s
2026-08-25 21:56:57,452 | INFO  | [3001/5211] sz.002165 红宝丽 取到2424条 | 已用2634s ETA 1939s
2026-08-25 21:57:04,981 | INFO  | [3002/5211] sz.002166 莱茵生物 取到2424条 | 已用2641s ETA 1943s
2026-08-25 21:57:18,240 | INFO  | [3003/5211] sz.002167 东方锆业 取到2424条 | 已用2654s ETA 1952s
2026-08-25 21:57:28,439 | INFO  | [3004/5211] sz.002168 ST惠程 取到2424条 | 已用2665s ETA 1958s
2026-08-25 21:57:35,568 | INFO  | [3005/5211] sz.002169 智光电气 取到2424条 | 已用2672s ETA 1961s
2026-08-25 21:57:44,242 | INFO  | [3006/5211] sz.002170 芭田股份 取到2424条 | 已用2680s ETA 1966s
2026-08-25 21:57:50,584 | INFO  | [3007/5211] sz.002171 楚江新材 取到2424条 | 已用2687s ETA 1969s
2026-08-25 21:57:55,896 | INFO  | [3008/5211] sz.002172 澳洋健康 取到2424条 | 已用2692s ETA 1972s
2026-08-25 21:58:04,676 | INFO  | [3009/5211] sz.002173 创新医疗 取到2424条 | 已用2701s ETA 1976s
2026-08-25 21:58:11,681 | INFO  | [3010/5211] sz.002174 游族网络 取到2424条 | 已用2708s ETA 1980s
2026-08-25 21:58:18,139 | INFO  | [3011/5211] sz.002175 *ST东智 取到2424条 | 已用2714s ETA 1983s
2026-08-25 21:58:26,146 | INFO  | [3012/5211] sz.002176 江特电机 取到2424条 | 已用2722s ETA 1987s
2026-08-25 21:58:35,097 | INFO  | [3013/5211] sz.002177 御银股份 取到2424条 | 已用2731s ETA 1992s
2026-08-25 21:58:42,964 | INFO  | [3014/5211] sz.002178 延华智能 取到2424条 | 已用2739s ETA 1997s
2026-08-25 21:58:49,596 | INFO  | [3015/5211] sz.002179 中航光电 取到2424条 | 已用2746s ETA 2000s
2026-08-25 21:58:54,874 | INFO  | [3016/5211] sz.002180 奔图科技 取到2424条 | 已用2751s ETA 2002s
2026-08-25 21:59:03,287 | INFO  | [3017/5211] sz.002181 粤传媒 取到2424条 | 已用2759s ETA 2007s
2026-08-25 21:59:07,806 | INFO  | [3018/5211] sz.002182 宝武镁业 取到2424条 | 已用2764s ETA 2008s
2026-08-25 21:59:15,932 | INFO  | [3019/5211] sz.002183 怡亚通 取到2424条 | 已用2772s ETA 2013s
2026-08-25 21:59:24,700 | INFO  | [3020/5211] sz.002184 海得控制 取到2424条 | 已用2781s ETA 2017s
2026-08-25 21:59:34,105 | INFO  | [3021/5211] sz.002185 华天科技 取到2424条 | 已用2790s ETA 2023s
2026-08-25 21:59:42,213 | INFO  | [3022/5211] sz.002186 全聚德 取到2424条 | 已用2798s ETA 2027s
2026-08-25 21:59:48,758 | INFO  | [3023/5211] sz.002187 广百股份 取到2424条 | 已用2805s ETA 2030s
2026-08-25 21:59:58,658 | INFO  | [3024/5211] sz.002188 中天服务 取到2424条 | 已用2815s ETA 2036s
2026-08-25 22:00:03,983 | INFO  | [3025/5211] sz.002189 中光学 取到2424条 | 已用2820s ETA 2038s
2026-08-25 22:00:09,207 | INFO  | [3026/5211] sz.002190 成飞集成 取到2424条 | 已用2825s ETA 2040s
2026-08-25 22:00:16,220 | INFO  | [3027/5211] sz.002191 劲嘉股份 取到2424条 | 已用2832s ETA 2044s
2026-08-25 22:00:22,284 | INFO  | [3028/5211] sz.002192 融捷股份 取到2424条 | 已用2838s ETA 2046s
2026-08-25 22:00:28,133 | INFO  | [3029/5211] sz.002193 ST如意 取到2424条 | 已用2844s ETA 2049s
2026-08-25 22:00:46,475 | INFO  | [3030/5211] sz.002194 武汉凡谷 取到2424条 | 已用2863s ETA 2060s
2026-08-25 22:00:51,443 | INFO  | [3031/5211] sz.002195 岩山科技 取到2424条 | 已用2868s ETA 2062s
2026-08-25 22:01:02,158 | INFO  | [3032/5211] sz.002196 方正电机 取到2424条 | 已用2878s ETA 2069s
2026-08-25 22:01:16,260 | INFO  | [3033/5211] sz.002197 证通电子 取到2424条 | 已用2892s ETA 2077s
2026-08-25 22:01:22,364 | INFO  | [3034/5211] sz.002198 ST嘉应 取到2424条 | 已用2898s ETA 2080s
2026-08-25 22:01:28,820 | INFO  | [3035/5211] sz.002199 东晶电子 取到2424条 | 已用2905s ETA 2083s
2026-08-25 22:01:40,121 | INFO  | [3036/5211] sz.002200 交投生态 取到2424条 | 已用2916s ETA 2089s
2026-08-25 22:01:45,047 | INFO  | [3037/5211] sz.002201 九鼎新材 取到2424条 | 已用2921s ETA 2091s
2026-08-25 22:01:52,699 | INFO  | [3038/5211] sz.002202 金风科技 取到2424条 | 已用2929s ETA 2095s
2026-08-25 22:02:02,050 | INFO  | [3039/5211] sz.002203 海亮股份 取到2424条 | 已用2938s ETA 2100s
2026-08-25 22:02:06,521 | INFO  | [3040/5211] sz.002204 大连重工 取到2424条 | 已用2943s ETA 2101s
2026-08-25 22:02:14,488 | INFO  | [3041/5211] sz.002205 国统股份 取到2424条 | 已用2951s ETA 2105s
2026-08-25 22:02:22,807 | INFO  | [3042/5211] sz.002206 海利得 取到2424条 | 已用2959s ETA 2110s
2026-08-25 22:02:27,398 | INFO  | [3043/5211] sz.002207 *ST准油 取到2424条 | 已用2964s ETA 2111s
2026-08-25 22:02:34,731 | INFO  | [3044/5211] sz.002208 合肥城建 取到2424条 | 已用2971s ETA 2115s
2026-08-25 22:02:38,255 | INFO  | [3045/5211] sz.002209 达意隆 取到2424条 | 已用2974s ETA 2116s
2026-08-25 22:02:46,464 | INFO  | [3046/5211] sz.002210 飞马国际 取到2424条 | 已用2983s ETA 2120s
2026-08-25 22:02:56,540 | INFO  | [3047/5211] sz.002211 ST宏达 取到2424条 | 已用2993s ETA 2125s
2026-08-25 22:03:01,421 | INFO  | [3048/5211] sz.002212 天融信 取到2424条 | 已用2998s ETA 2127s
2026-08-26 09:03:37,324 | INFO  | baostock 登录成功
2026-08-26 09:03:38,185 | INFO  | 数据区间: 2016-08-28 ~ 2026-08-25
2026-08-26 09:03:41,078 | INFO  | 共 5212 只 A 股
2026-08-26 09:03:41,168 | INFO  | [2312/5212] sh.688835 高凯技术 取到1条 | 已用0s ETA 0s
2026-08-26 09:03:44,059 | INFO  | [3050/5212] sz.002213 大为股份 取到2425条 | 已用3s ETA 2s
2026-08-26 09:03:47,278 | INFO  | [3051/5212] sz.002214 大立科技 取到2425条 | 已用6s ETA 4s
2026-08-26 09:03:49,069 | INFO  | [3052/5212] sz.002215 诺普信 取到2425条 | 已用8s ETA 6s
2026-08-26 09:03:50,253 | INFO  | [3053/5212] sz.002216 三全食品 取到2425条 | 已用9s ETA 6s
2026-08-26 09:03:51,427 | INFO  | [3054/5212] sz.002217 ST合力泰 取到2425条 | 已用10s ETA 7s
2026-08-26 09:03:52,303 | INFO  | [3055/5212] sz.002218 拓日新能 取到2425条 | 已用11s ETA 8s
2026-08-26 09:03:53,892 | INFO  | [3056/5212] sz.002219 新里程 取到2425条 | 已用13s ETA 9s
2026-08-26 09:03:56,552 | INFO  | [3057/5212] sz.002221 东华能源 取到2425条 | 已用15s ETA 11s
2026-08-26 09:03:59,530 | INFO  | [3058/5212] sz.002222 福晶科技 取到2425条 | 已用18s ETA 13s
2026-08-26 09:04:02,031 | INFO  | [3059/5212] sz.002223 鱼跃医疗 取到2425条 | 已用21s ETA 15s
2026-08-26 09:04:03,927 | INFO  | [3060/5212] sz.002224 三力士 取到2425条 | 已用23s ETA 16s
2026-08-26 09:04:06,070 | INFO  | [3061/5212] sz.002225 濮耐股份 取到2425条 | 已用25s ETA 18s
2026-08-26 09:04:07,730 | INFO  | [3062/5212] sz.002226 江南化工 取到2425条 | 已用27s ETA 19s
2026-08-26 09:04:10,103 | INFO  | [3063/5212] sz.002227 *ST特迅 取到2425条 | 已用29s ETA 20s
2026-08-26 09:04:10,825 | INFO  | [3064/5212] sz.002228 合兴包装 取到2425条 | 已用30s ETA 21s
2026-08-26 09:04:12,113 | INFO  | [3065/5212] sz.002229 鸿博股份 取到2425条 | 已用31s ETA 22s
2026-08-26 09:04:13,186 | INFO  | [3066/5212] sz.002230 科大讯飞 取到2425条 | 已用32s ETA 22s
2026-08-26 09:04:17,968 | INFO  | [3067/5212] sz.002232 启明信息 取到2425条 | 已用37s ETA 26s
2026-08-26 09:04:23,072 | INFO  | [3068/5212] sz.002233 塔牌集团 取到2425条 | 已用42s ETA 29s
2026-08-26 09:04:24,709 | INFO  | [3069/5212] sz.002234 民和股份 取到2425条 | 已用44s ETA 30s
2026-08-26 09:04:26,372 | INFO  | [3070/5212] sz.002235 安妮股份 取到2425条 | 已用45s ETA 32s
2026-08-26 09:04:28,879 | INFO  | [3071/5212] sz.002236 大华股份 取到2425条 | 已用48s ETA 33s
2026-08-26 09:04:31,691 | INFO  | [3072/5212] sz.002237 恒邦股份 取到2425条 | 已用51s ETA 35s
2026-08-26 09:04:32,862 | INFO  | [3073/5212] sz.002238 天威视讯 取到2425条 | 已用52s ETA 36s
2026-08-26 09:04:34,138 | INFO  | [3074/5212] sz.002239 奥特佳 取到2425条 | 已用53s ETA 37s
2026-08-26 09:04:35,151 | INFO  | [3075/5212] sz.002240 盛新锂能 取到2425条 | 已用54s ETA 38s
2026-08-26 09:04:37,104 | INFO  | [3076/5212] sz.002241 歌尔股份 取到2425条 | 已用56s ETA 39s
2026-08-26 09:04:39,192 | INFO  | [3077/5212] sz.002242 九阳股份 取到2425条 | 已用58s ETA 40s
2026-08-26 09:04:41,006 | INFO  | [3078/5212] sz.002243 力合科创 取到2425条 | 已用60s ETA 42s
2026-08-26 09:04:43,120 | INFO  | [3079/5212] sz.002244 滨江集团 取到2425条 | 已用62s ETA 43s
2026-08-26 09:04:45,129 | INFO  | [3080/5212] sz.002245 蔚蓝锂芯 取到2425条 | 已用64s ETA 44s
2026-08-26 09:04:47,780 | INFO  | [3081/5212] sz.002246 北化股份 取到2425条 | 已用67s ETA 46s
2026-08-26 09:04:49,889 | INFO  | [3082/5212] sz.002247 聚力文化 取到2425条 | 已用69s ETA 48s
2026-08-26 09:04:52,021 | INFO  | [3083/5212] sz.002248 华东数控 取到2425条 | 已用71s ETA 49s
2026-08-26 09:05:22,489 | INFO  | [3084/5212] sz.002249 大洋电机 取到2425条 | 已用101s ETA 70s
2026-08-26 09:05:24,308 | INFO  | [3085/5212] sz.002250 联化科技 取到2425条 | 已用103s ETA 71s
2026-08-26 09:05:25,737 | INFO  | [3086/5212] sz.002251 步步高 取到2425条 | 已用105s ETA 72s
2026-08-26 09:05:26,947 | INFO  | [3087/5212] sz.002252 上海莱士 取到2425条 | 已用106s ETA 73s
2026-08-26 09:05:28,944 | INFO  | [3088/5212] sz.002253 川大智胜 取到2425条 | 已用108s ETA 74s
2026-08-26 09:05:30,900 | INFO  | [3089/5212] sz.002254 泰和新材 取到2425条 | 已用110s ETA 75s
2026-08-26 09:05:33,270 | INFO  | [3090/5212] sz.002255 海陆重工 取到2425条 | 已用112s ETA 77s
2026-08-26 09:05:34,471 | INFO  | [3091/5212] sz.002256 兆新股份 取到2425条 | 已用113s ETA 78s
2026-08-26 09:05:37,042 | INFO  | [3092/5212] sz.002258 利尔化学 取到2425条 | 已用116s ETA 80s
2026-08-26 09:05:39,088 | INFO  | [3093/5212] sz.002259 升达林业 取到2425条 | 已用118s ETA 81s
2026-08-26 09:05:41,104 | INFO  | [3094/5212] sz.002261 拓维信息 取到2425条 | 已用120s ETA 82s
2026-08-26 09:05:43,093 | INFO  | [3095/5212] sz.002262 恩华药业 取到2425条 | 已用122s ETA 83s
2026-08-26 09:05:45,030 | INFO  | [3096/5212] sz.002263 大东南 取到2425条 | 已用124s ETA 85s
2026-08-26 09:05:46,424 | INFO  | [3097/5212] sz.002264 新华都 取到2425条 | 已用125s ETA 86s
2026-08-26 09:05:48,385 | INFO  | [3098/5212] sz.002265 建设工业 取到2425条 | 已用127s ETA 87s
2026-08-26 09:05:50,299 | INFO  | [3099/5212] sz.002266 浙富控股 取到2425条 | 已用129s ETA 88s
2026-08-26 09:05:51,985 | INFO  | [3100/5212] sz.002267 陕天然气 取到2425条 | 已用131s ETA 89s
2026-08-26 09:05:54,701 | INFO  | [3101/5212] sz.002268 电科网安 取到2425条 | 已用134s ETA 91s
2026-08-26 09:05:57,918 | INFO  | [3102/5212] sz.002269 美邦服饰 取到2425条 | 已用137s ETA 93s
2026-08-26 09:06:00,797 | INFO  | [3103/5212] sz.002270 华明装备 取到2425条 | 已用140s ETA 95s
2026-08-26 09:06:03,838 | INFO  | [3104/5212] sz.002271 东方雨虹 取到2425条 | 已用143s ETA 97s
2026-08-26 09:06:05,582 | INFO  | [3105/5212] sz.002272 川润股份 取到2425条 | 已用144s ETA 98s
2026-08-26 09:06:08,991 | INFO  | [3106/5212] sz.002273 水晶光电 取到2425条 | 已用148s ETA 100s
2026-08-26 09:06:12,394 | INFO  | [3107/5212] sz.002274 华昌化工 取到2425条 | 已用151s ETA 103s
2026-08-26 09:06:14,492 | INFO  | [3108/5212] sz.002275 桂林三金 取到2425条 | 已用153s ETA 104s
2026-08-26 09:06:16,686 | INFO  | [3109/5212] sz.002276 万马股份 取到2425条 | 已用156s ETA 105s
2026-08-26 09:06:17,487 | INFO  | [3110/5212] sz.002277 友阿股份 取到2425条 | 已用156s ETA 106s
2026-08-26 09:06:20,362 | INFO  | [3111/5212] sz.002278 神开股份 取到2425条 | 已用159s ETA 108s
2026-08-26 09:06:21,732 | INFO  | [3112/5212] sz.002279 久其软件 取到2425条 | 已用161s ETA 108s
2026-08-26 09:06:23,963 | INFO  | [3113/5212] sz.002281 光迅科技 取到2425条 | 已用163s ETA 110s
2026-08-26 09:06:25,625 | INFO  | [3114/5212] sz.002282 博深股份 取到2425条 | 已用165s ETA 111s
2026-08-26 09:06:30,515 | INFO  | [3115/5212] sz.002283 天润工业 取到2425条 | 已用169s ETA 114s
2026-08-26 09:06:32,382 | INFO  | [3116/5212] sz.002284 亚太股份 取到2425条 | 已用171s ETA 115s
2026-08-26 09:06:34,033 | INFO  | [3117/5212] sz.002285 世联行 取到2425条 | 已用173s ETA 116s
2026-08-26 09:06:36,061 | INFO  | [3118/5212] sz.002286 保龄宝 取到2425条 | 已用175s ETA 118s
2026-08-26 09:06:38,035 | INFO  | [3119/5212] sz.002287 奇正藏药 取到2425条 | 已用177s ETA 119s
2026-08-26 09:06:38,997 | INFO  | [3120/5212] sz.002289 宇顺电子 取到2425条 | 已用178s ETA 119s
2026-08-26 09:06:40,531 | INFO  | [3121/5212] sz.002290 禾盛新材 取到2425条 | 已用179s ETA 120s
2026-08-26 09:06:44,322 | INFO  | [3122/5212] sz.002291 遥望科技 取到2425条 | 已用183s ETA 123s
2026-08-26 09:06:49,878 | INFO  | [3123/5212] sz.002292 奥飞娱乐 取到2425条 | 已用189s ETA 126s
2026-08-26 09:06:52,988 | INFO  | [3124/5212] sz.002293 罗莱生活 取到2425条 | 已用192s ETA 128s
2026-08-26 09:06:53,799 | INFO  | [3125/5212] sz.002294 信立泰 取到2425条 | 已用193s ETA 129s
2026-08-26 09:06:55,480 | INFO  | [3126/5212] sz.002295 精艺股份 取到2425条 | 已用194s ETA 130s
2026-08-26 09:06:57,371 | INFO  | [3127/5212] sz.002296 辉煌科技 取到2425条 | 已用196s ETA 131s
2026-08-26 09:06:58,230 | INFO  | [3128/5212] sz.002297 博云新材 取到2425条 | 已用197s ETA 131s
2026-08-26 09:07:00,060 | INFO  | [3129/5212] sz.002298 中电鑫龙 取到2425条 | 已用199s ETA 132s
2026-08-26 09:07:01,798 | INFO  | [3130/5212] sz.002299 圣农发展 取到2425条 | 已用201s ETA 134s
2026-08-26 09:07:03,944 | INFO  | [3131/5212] sz.002300 太阳电缆 取到2425条 | 已用203s ETA 135s
2026-08-26 09:07:05,861 | INFO  | [3132/5212] sz.002301 齐心集团 取到2425条 | 已用205s ETA 136s
2026-08-26 09:07:08,299 | INFO  | [3133/5212] sz.002302 西部建设 取到2425条 | 已用207s ETA 138s
2026-08-26 09:07:10,683 | INFO  | [3134/5212] sz.002303 美盈森 取到2425条 | 已用210s ETA 139s
2026-08-26 09:07:14,020 | INFO  | [3135/5212] sz.002304 洋河股份 取到2425条 | 已用213s ETA 141s
2026-08-26 09:07:15,670 | INFO  | [3136/5212] sz.002305 *ST南置 取到2425条 | 已用215s ETA 142s
2026-08-26 09:07:16,901 | INFO  | [3137/5212] sz.002306 ST云网 取到2425条 | 已用216s ETA 143s
2026-08-26 09:07:18,067 | INFO  | [3138/5212] sz.002307 北新路桥 取到2425条 | 已用217s ETA 143s
2026-08-26 09:07:19,326 | INFO  | [3139/5212] sz.002309 中利集团 取到2425条 | 已用218s ETA 144s
2026-08-26 09:07:21,078 | INFO  | [3140/5212] sz.002310 东方新能 取到2425条 | 已用220s ETA 145s
2026-08-26 09:07:22,797 | INFO  | [3141/5212] sz.002311 海大集团 取到2425条 | 已用222s ETA 146s
2026-08-26 09:07:25,367 | INFO  | [3142/5212] sz.002312 川发龙蟒 取到2425条 | 已用224s ETA 148s
2026-08-26 09:07:26,947 | INFO  | [3143/5212] sz.002313 日海智能 取到2425条 | 已用226s ETA 149s
2026-08-26 09:07:31,118 | INFO  | [3144/5212] sz.002314 南山控股 取到2425条 | 已用230s ETA 151s
2026-08-26 09:07:33,919 | INFO  | [3145/5212] sz.002315 焦点科技 取到2425条 | 已用233s ETA 153s
2026-08-26 09:07:36,167 | INFO  | [3146/5212] sz.002316 亚联发展 取到2425条 | 已用235s ETA 154s
2026-08-26 09:07:37,889 | INFO  | [3147/5212] sz.002317 众生药业 取到2425条 | 已用237s ETA 155s
2026-08-26 09:07:39,575 | INFO  | [3148/5212] sz.002318 久立特材 取到2425条 | 已用238s ETA 156s
2026-08-26 09:07:41,303 | INFO  | [3149/5212] sz.002319 乐通股份 取到2425条 | 已用240s ETA 157s
2026-08-26 09:07:44,577 | INFO  | [3150/5212] sz.002320 海峡股份 取到2425条 | 已用243s ETA 159s
2026-08-26 09:07:48,541 | INFO  | [3151/5212] sz.002321 华英农业 取到2425条 | 已用247s ETA 162s
2026-08-26 09:07:51,720 | INFO  | [3152/5212] sz.002322 理工能科 取到2425条 | 已用251s ETA 164s
2026-08-26 09:07:53,130 | INFO  | [3153/5212] sz.002323 *ST雅博 取到2425条 | 已用252s ETA 165s
2026-08-26 09:07:59,457 | INFO  | [3154/5212] sz.002324 普利特 取到2425条 | 已用258s ETA 169s
2026-08-26 09:08:04,537 | INFO  | [3155/5212] sz.002326 永太科技 取到2425条 | 已用263s ETA 172s
2026-08-26 09:08:06,216 | INFO  | [3156/5212] sz.002327 富安娜 取到2425条 | 已用265s ETA 173s
2026-08-26 09:08:08,676 | INFO  | [3157/5212] sz.002328 新朋股份 取到2425条 | 已用268s ETA 174s
2026-08-26 09:08:11,439 | INFO  | [3158/5212] sz.002329 皇氏集团 取到2425条 | 已用270s ETA 176s
2026-08-26 09:08:14,072 | INFO  | [3159/5212] sz.002330 得利斯 取到2425条 | 已用273s ETA 177s
2026-08-26 09:08:16,804 | INFO  | [3160/5212] sz.002331 皖通科技 取到2425条 | 已用276s ETA 179s
2026-08-26 09:08:19,072 | INFO  | [3161/5212] sz.002332 仙琚制药 取到2425条 | 已用278s ETA 180s
2026-08-26 09:08:21,543 | INFO  | [3162/5212] sz.002333 罗普斯金 取到2425条 | 已用280s ETA 182s
2026-08-26 09:08:22,375 | INFO  | [3163/5212] sz.002334 英威腾 取到2425条 | 已用281s ETA 182s
2026-08-26 09:08:31,896 | INFO  | [3164/5212] sz.002335 科华数据 取到2425条 | 已用291s ETA 188s
2026-08-26 09:08:34,895 | INFO  | [3165/5212] sz.002337 赛象科技 取到2425条 | 已用294s ETA 190s
2026-08-26 09:08:37,399 | INFO  | [3166/5212] sz.002338 奥普光电 取到2425条 | 已用296s ETA 191s
2026-08-26 09:08:38,563 | INFO  | [3167/5212] sz.002339 积成电子 取到2425条 | 已用297s ETA 192s
2026-08-26 09:08:39,891 | INFO  | [3168/5212] sz.002340 格林美 取到2425条 | 已用299s ETA 193s
2026-08-26 09:08:43,993 | INFO  | [3169/5212] sz.002342 巨力索具 取到2425条 | 已用303s ETA 195s
2026-08-26 09:08:45,802 | INFO  | [3170/5212] sz.002343 慈文传媒 取到2425条 | 已用305s ETA 196s
2026-08-26 09:08:49,093 | INFO  | [3171/5212] sz.002344 海宁皮城 取到2425条 | 已用308s ETA 198s
2026-08-26 09:08:52,389 | INFO  | [3172/5212] sz.002345 潮宏基 取到2425条 | 已用311s ETA 200s
2026-08-26 09:08:54,257 | INFO  | [3173/5212] sz.002346 柘中股份 取到2425条 | 已用313s ETA 201s
2026-08-26 09:08:55,342 | INFO  | [3174/5212] sz.002347 泰尔股份 取到2425条 | 已用314s ETA 202s
2026-08-26 09:08:56,910 | INFO  | [3175/5212] sz.002348 高乐股份 取到2425条 | 已用316s ETA 203s
2026-08-26 09:08:59,584 | INFO  | [3176/5212] sz.002349 精华制药 取到2425条 | 已用319s ETA 204s
2026-08-26 09:09:01,373 | INFO  | [3177/5212] sz.002350 北京科锐 取到2425条 | 已用320s ETA 205s
2026-08-26 09:09:03,719 | INFO  | [3178/5212] sz.002351 漫步者 取到2425条 | 已用323s ETA 206s
2026-08-26 09:09:07,040 | INFO  | [3179/5212] sz.002352 顺丰控股 取到2425条 | 已用326s ETA 208s
2026-08-26 09:09:10,532 | INFO  | [3180/5212] sz.002353 杰瑞股份 取到2425条 | 已用329s ETA 211s
2026-08-26 09:09:12,362 | INFO  | [3181/5212] sz.002354 天娱数科 取到2425条 | 已用331s ETA 212s
2026-08-26 09:09:15,173 | INFO  | [3182/5212] sz.002355 兴民智通 取到2425条 | 已用334s ETA 213s
2026-08-26 09:09:16,138 | INFO  | [3183/5212] sz.002356 鹏飞绿能 取到2425条 | 已用335s ETA 214s
2026-08-26 09:09:17,106 | INFO  | [3184/5212] sz.002357 富临运业 取到2425条 | 已用336s ETA 214s
2026-08-26 09:09:18,450 | INFO  | [3185/5212] sz.002358 森源电气 取到2425条 | 已用337s ETA 215s
2026-08-26 09:09:19,410 | INFO  | [3186/5212] sz.002360 ST同德 取到2425条 | 已用338s ETA 215s
2026-08-26 09:09:20,940 | INFO  | [3187/5212] sz.002361 神剑股份 取到2425条 | 已用340s ETA 216s
2026-08-26 09:09:23,501 | INFO  | [3188/5212] sz.002362 汉王科技 取到2425条 | 已用342s ETA 217s
2026-08-26 09:09:25,449 | INFO  | [3189/5212] sz.002363 隆基机械 取到2425条 | 已用344s ETA 218s
2026-08-26 09:09:29,084 | INFO  | [3190/5212] sz.002364 中恒电气 取到2425条 | 已用348s ETA 221s
2026-08-26 09:09:33,969 | INFO  | [3191/5212] sz.002365 永安药业 取到2425条 | 已用353s ETA 223s
2026-08-26 09:09:35,465 | INFO  | [3192/5212] sz.002366 融发核电 取到2425条 | 已用354s ETA 224s
2026-08-26 09:09:36,313 | INFO  | [3193/5212] sz.002367 康力电梯 取到2425条 | 已用355s ETA 225s
2026-08-26 09:09:37,762 | INFO  | [3194/5212] sz.002368 太极股份 取到2425条 | 已用357s ETA 225s
2026-08-26 09:09:41,310 | INFO  | [3195/5212] sz.002369 卓翼科技 取到2425条 | 已用360s ETA 227s
2026-08-26 09:09:43,985 | INFO  | [3196/5212] sz.002370 亚太药业 取到2425条 | 已用363s ETA 229s
2026-08-26 09:09:46,966 | INFO  | [3197/5212] sz.002371 北方华创 取到2425条 | 已用366s ETA 231s
2026-08-26 09:09:49,163 | INFO  | [3198/5212] sz.002372 伟星新材 取到2425条 | 已用368s ETA 232s
2026-08-26 09:09:50,840 | INFO  | [3199/5212] sz.002373 千方科技 取到2425条 | 已用370s ETA 233s
2026-08-26 09:09:53,569 | INFO  | [3200/5212] sz.002374 中锐股份 取到2425条 | 已用372s ETA 234s
2026-08-26 09:09:55,707 | INFO  | [3201/5212] sz.002375 亚厦股份 取到2425条 | 已用375s ETA 235s
2026-08-26 09:09:57,488 | INFO  | [3202/5212] sz.002376 新北洋 取到2425条 | 已用376s ETA 236s
2026-08-26 09:10:01,513 | INFO  | [3203/5212] sz.002377 国创高新 取到2425条 | 已用380s ETA 239s
2026-08-26 09:10:04,317 | INFO  | [3204/5212] sz.002378 章源钨业 取到2425条 | 已用383s ETA 240s
2026-08-26 09:10:07,535 | INFO  | [3205/5212] sz.002379 宏桥控股 取到2425条 | 已用386s ETA 242s
2026-08-26 09:10:12,776 | INFO  | [3206/5212] sz.002380 科远智慧 取到2425条 | 已用392s ETA 245s
2026-08-26 09:10:15,277 | INFO  | [3207/5212] sz.002381 双箭股份 取到2425条 | 已用394s ETA 246s
2026-08-26 09:10:18,425 | INFO  | [3208/5212] sz.002382 蓝帆医疗 取到2425条 | 已用397s ETA 248s
2026-08-26 09:10:21,225 | INFO  | [3209/5212] sz.002383 合众思壮 取到2425条 | 已用400s ETA 250s
2026-08-26 09:10:23,363 | INFO  | [3210/5212] sz.002384 东山精密 取到2425条 | 已用402s ETA 251s
2026-08-26 09:10:24,619 | INFO  | [3211/5212] sz.002385 大北农 取到2425条 | 已用404s ETA 251s
2026-08-26 09:10:27,567 | INFO  | [3212/5212] sz.002386 天原股份 取到2425条 | 已用406s ETA 253s
2026-08-26 09:10:30,245 | INFO  | [3213/5212] sz.002387 维信诺 取到2425条 | 已用409s ETA 255s
2026-08-26 09:10:34,126 | INFO  | [3214/5212] sz.002388 新亚制程 取到2425条 | 已用413s ETA 257s
2026-08-26 09:10:39,294 | INFO  | [3215/5212] sz.002389 航天彩虹 取到2425条 | 已用418s ETA 260s
2026-08-26 09:10:43,861 | INFO  | [3216/5212] sz.002390 信邦制药 取到2425条 | 已用423s ETA 262s
2026-08-26 09:10:46,228 | INFO  | [3217/5212] sz.002391 长青股份 取到2425条 | 已用425s ETA 264s
2026-08-26 09:10:47,420 | INFO  | [3218/5212] sz.002392 北京利尔 取到2425条 | 已用426s ETA 264s
2026-08-26 09:10:49,750 | INFO  | [3219/5212] sz.002393 力生制药 取到2425条 | 已用429s ETA 265s
2026-08-26 09:10:51,699 | INFO  | [3220/5212] sz.002394 联发股份 取到2425条 | 已用431s ETA 266s
2026-08-26 09:10:53,751 | INFO  | [3221/5212] sz.002395 双象股份 取到2425条 | 已用433s ETA 267s
2026-08-26 09:10:56,619 | INFO  | [3222/5212] sz.002396 星网锐捷 取到2425条 | 已用436s ETA 269s
2026-08-26 09:10:59,196 | INFO  | [3223/5212] sz.002397 梦洁股份 取到2425条 | 已用438s ETA 270s
2026-08-26 09:11:03,263 | INFO  | [3224/5212] sz.002398 垒知集团 取到2425条 | 已用442s ETA 273s
2026-08-26 09:11:05,240 | INFO  | [3225/5212] sz.002399 海普瑞 取到2425条 | 已用444s ETA 274s
2026-08-26 09:11:08,048 | INFO  | [3226/5212] sz.002400 省广集团 取到2425条 | 已用447s ETA 275s
2026-08-26 09:11:11,097 | INFO  | [3227/5212] sz.002401 中远海科 取到2425条 | 已用450s ETA 277s
2026-08-26 09:11:14,282 | INFO  | [3228/5212] sz.002402 和而泰 取到2425条 | 已用453s ETA 279s
2026-08-26 09:11:15,643 | INFO  | [3229/5212] sz.002403 爱仕达 取到2425条 | 已用455s ETA 279s
2026-08-26 09:11:19,188 | INFO  | [3230/5212] sz.002404 嘉欣丝绸 取到2425条 | 已用458s ETA 281s
2026-08-26 09:11:22,052 | INFO  | [3231/5212] sz.002405 四维图新 取到2425条 | 已用461s ETA 283s
2026-08-26 09:11:24,671 | INFO  | [3232/5212] sz.002406 远东传动 取到2425条 | 已用464s ETA 284s
2026-08-26 09:11:26,683 | INFO  | [3233/5212] sz.002407 多氟多 取到2425条 | 已用466s ETA 285s
2026-08-26 09:11:28,826 | INFO  | [3234/5212] sz.002408 齐翔腾达 取到2425条 | 已用468s ETA 286s
2026-08-26 09:11:30,560 | INFO  | [3235/5212] sz.002409 雅克科技 取到2425条 | 已用469s ETA 287s
2026-08-26 09:11:33,346 | INFO  | [3236/5212] sz.002410 广联达 取到2425条 | 已用472s ETA 288s
2026-08-26 09:11:36,155 | INFO  | [3237/5212] sz.002412 汉森制药 取到2425条 | 已用475s ETA 290s
2026-08-26 09:11:37,643 | INFO  | [3238/5212] sz.002413 雷科防务 取到2425条 | 已用477s ETA 291s
2026-08-26 09:11:39,327 | INFO  | [3239/5212] sz.002414 高德红外 取到2425条 | 已用478s ETA 291s
2026-08-26 09:11:41,727 | INFO  | [3240/5212] sz.002415 海康威视 取到2425条 | 已用481s ETA 293s
2026-08-26 09:11:45,355 | INFO  | [3241/5212] sz.002416 爱施德 取到2425条 | 已用484s ETA 295s
2026-08-26 09:11:47,849 | INFO  | [3242/5212] sz.002418 康盛股份 取到2425条 | 已用487s ETA 296s
2026-08-26 09:11:51,282 | INFO  | [3243/5212] sz.002419 天虹股份 取到2425条 | 已用490s ETA 298s
2026-08-26 09:11:56,767 | INFO  | [3244/5212] sz.002420 毅昌科技 取到2425条 | 已用496s ETA 301s
2026-08-26 09:11:58,629 | INFO  | [3245/5212] sz.002421 达实智能 取到2425条 | 已用498s ETA 302s
2026-08-26 09:12:00,650 | INFO  | [3246/5212] sz.002422 科伦药业 取到2425条 | 已用500s ETA 303s
2026-08-26 09:12:03,028 | INFO  | [3247/5212] sz.002423 中粮资本 取到2425条 | 已用502s ETA 304s
2026-08-26 09:12:06,049 | INFO  | [3248/5212] sz.002424 ST百灵 取到2425条 | 已用505s ETA 305s
2026-08-26 09:12:08,899 | INFO  | [3249/5212] sz.002425 凯撒文化 取到2425条 | 已用508s ETA 307s
2026-08-26 09:12:10,349 | INFO  | [3250/5212] sz.002426 胜利精密 取到2425条 | 已用509s ETA 307s
2026-08-26 09:12:13,578 | INFO  | [3251/5212] sz.002427 尤夫股份 取到2425条 | 已用512s ETA 309s
2026-08-26 09:12:15,174 | INFO  | [3252/5212] sz.002428 云南锗业 取到2425条 | 已用514s ETA 310s
2026-08-26 09:12:17,416 | INFO  | [3253/5212] sz.002429 兆驰股份 取到2425条 | 已用516s ETA 311s
2026-08-26 09:12:19,407 | INFO  | [3254/5212] sz.002430 杭氧股份 取到2425条 | 已用518s ETA 312s
2026-08-26 09:12:21,589 | INFO  | [3255/5212] sz.002431 ST棕榈 取到2425条 | 已用521s ETA 313s
2026-08-26 09:12:25,269 | INFO  | [3256/5212] sz.002432 九安医疗 取到2425条 | 已用524s ETA 315s
2026-08-26 09:12:29,890 | INFO  | [3257/5212] sz.002434 万里扬 取到2425条 | 已用529s ETA 317s
2026-08-26 09:12:33,467 | INFO  | [3258/5212] sz.002436 兴森科技 取到2425条 | 已用532s ETA 319s
2026-08-26 09:12:36,387 | INFO  | [3259/5212] sz.002437 誉衡药业 取到2425条 | 已用535s ETA 321s
2026-08-26 09:12:40,656 | INFO  | [3260/5212] sz.002438 江苏神通 取到2425条 | 已用540s ETA 323s
2026-08-26 09:12:43,014 | INFO  | [3261/5212] sz.002439 启明星辰 取到2425条 | 已用542s ETA 324s
2026-08-26 09:12:46,269 | INFO  | [3262/5212] sz.002440 闰土股份 取到2425条 | 已用545s ETA 326s
2026-08-26 09:12:47,680 | INFO  | [3263/5212] sz.002441 众业达 取到2425条 | 已用547s ETA 326s
2026-08-26 09:12:49,768 | INFO  | [3264/5212] sz.002442 龙星科技 取到2425条 | 已用549s ETA 327s
2026-08-26 09:12:51,732 | INFO  | [3265/5212] sz.002443 金洲管道 取到2425条 | 已用551s ETA 328s
2026-08-26 09:12:55,874 | INFO  | [3266/5212] sz.002444 巨星科技 取到2425条 | 已用555s ETA 331s
2026-08-26 09:12:59,033 | INFO  | [3267/5212] sz.002445 中南文化 取到2425条 | 已用558s ETA 332s
2026-08-26 09:13:00,803 | INFO  | [3268/5212] sz.002446 盛路通信 取到2425条 | 已用560s ETA 333s
2026-08-26 09:13:04,230 | INFO  | [3269/5212] sz.002448 中原内配 取到2425条 | 已用563s ETA 335s
2026-08-26 09:13:05,803 | INFO  | [3270/5212] sz.002449 国星光电 取到2425条 | 已用565s ETA 335s
2026-08-26 09:13:07,625 | INFO  | [3271/5212] sz.002451 摩恩电气 取到2425条 | 已用567s ETA 336s
2026-08-26 09:13:09,062 | INFO  | [3272/5212] sz.002452 长高电气 取到2425条 | 已用568s ETA 337s
2026-08-26 09:13:12,155 | INFO  | [3273/5212] sz.002453 华软科技 取到2425条 | 已用571s ETA 338s
2026-08-26 09:13:13,929 | INFO  | [3274/5212] sz.002454 松芝股份 取到2425条 | 已用573s ETA 339s
2026-08-26 09:13:16,477 | INFO  | [3275/5212] sz.002455 百川股份 取到2425条 | 已用575s ETA 340s
2026-08-26 09:13:21,022 | INFO  | [3276/5212] sz.002456 欧菲光 取到2425条 | 已用580s ETA 343s
2026-08-26 09:13:23,558 | INFO  | [3277/5212] sz.002457 青龙管业 取到2425条 | 已用582s ETA 344s
2026-08-26 09:13:28,464 | INFO  | [3278/5212] sz.002458 益生股份 取到2425条 | 已用587s ETA 347s
2026-08-26 09:13:32,247 | INFO  | [3279/5212] sz.002459 晶澳科技 取到2425条 | 已用591s ETA 348s
2026-08-26 09:13:34,350 | INFO  | [3280/5212] sz.002460 赣锋锂业 取到2425条 | 已用593s ETA 349s
2026-08-26 09:13:36,450 | INFO  | [3281/5212] sz.002461 珠江啤酒 取到2425条 | 已用595s ETA 350s
2026-08-26 09:13:39,057 | INFO  | [3282/5212] sz.002462 嘉事堂 取到2425条 | 已用598s ETA 352s
2026-08-26 09:13:40,641 | INFO  | [3283/5212] sz.002463 沪电股份 取到2425条 | 已用600s ETA 352s
2026-08-26 09:13:42,371 | INFO  | [3284/5212] sz.002465 海格通信 取到2425条 | 已用601s ETA 353s
2026-08-26 09:13:46,572 | INFO  | [3285/5212] sz.002466 天齐锂业 取到2425条 | 已用605s ETA 355s
2026-08-26 09:13:49,092 | INFO  | [3286/5212] sz.002467 二六三 取到2425条 | 已用608s ETA 356s
2026-08-26 09:13:52,818 | INFO  | [3287/5212] sz.002468 申通快递 取到2425条 | 已用612s ETA 358s
2026-08-26 09:13:55,332 | INFO  | [3288/5212] sz.002469 三维化学 取到2425条 | 已用614s ETA 359s
2026-08-26 09:13:58,692 | INFO  | [3289/5212] sz.002470 金正大 取到2425条 | 已用618s ETA 361s
2026-08-26 09:14:01,152 | INFO  | [3290/5212] sz.002471 中超控股 取到2425条 | 已用620s ETA 362s
2026-08-26 09:14:05,570 | INFO  | [3291/5212] sz.002472 双环传动 取到2425条 | 已用624s ETA 365s
2026-08-26 09:14:07,871 | INFO  | [3292/5212] sz.002474 榕基软件 取到2425条 | 已用627s ETA 366s
2026-08-26 09:14:12,723 | INFO  | [3293/5212] sz.002475 立讯精密 取到2425条 | 已用632s ETA 368s
2026-08-26 09:14:14,672 | INFO  | [3294/5212] sz.002476 新叶股份 取到2425条 | 已用634s ETA 369s
2026-08-26 09:14:16,917 | INFO  | [3295/5212] sz.002478 常宝股份 取到2425条 | 已用636s ETA 370s
2026-08-26 09:14:18,939 | INFO  | [3296/5212] sz.002479 富春环保 取到2425条 | 已用638s ETA 371s
2026-08-26 09:14:20,887 | INFO  | [3297/5212] sz.002480 新筑股份 取到2425条 | 已用640s ETA 372s
2026-08-26 09:14:25,201 | INFO  | [3298/5212] sz.002481 双塔食品 取到2425条 | 已用644s ETA 374s
2026-08-26 09:14:28,016 | INFO  | [3299/5212] sz.002482 广田集团 取到2425条 | 已用647s ETA 375s
2026-08-26 09:14:29,314 | INFO  | [3300/5212] sz.002483 润邦股份 取到2425条 | 已用648s ETA 376s
2026-08-26 09:14:32,293 | INFO  | [3301/5212] sz.002484 江海股份 取到2425条 | 已用651s ETA 377s
2026-08-26 09:14:35,274 | INFO  | [3302/5212] sz.002485 ST雪发 取到2425条 | 已用654s ETA 378s
2026-08-26 09:15:21,251 | WARNING | sz.002486 第1次请求失败: error_code=10002007 msg=网络接收错误。
2026-08-26 09:15:36,163 | INFO  | [3303/5212] sz.002486 嘉麟杰 取到2425条 | 已用715s ETA 413s
2026-08-26 09:15:38,732 | INFO  | [3304/5212] sz.002487 大金重工 取到2425条 | 已用718s ETA 414s
2026-08-26 09:15:45,904 | INFO  | [3305/5212] sz.002488 金固股份 取到2425条 | 已用725s ETA 418s
2026-08-26 09:15:47,496 | INFO  | [3306/5212] sz.002489 浙江永强 取到2425条 | 已用726s ETA 419s
2026-08-26 09:15:50,036 | INFO  | [3307/5212] sz.002490 山东墨龙 取到2425条 | 已用729s ETA 420s
2026-08-26 09:15:55,836 | INFO  | [3308/5212] sz.002491 通鼎互联 取到2425条 | 已用735s ETA 423s
2026-08-26 09:15:57,653 | INFO  | [3309/5212] sz.002492 恒基达鑫 取到2425条 | 已用737s ETA 424s
2026-08-26 09:16:01,337 | INFO  | [3310/5212] sz.002493 荣盛石化 取到2425条 | 已用740s ETA 425s
2026-08-26 09:16:03,951 | INFO  | [3311/5212] sz.002494 华斯股份 取到2425条 | 已用743s ETA 427s
2026-08-26 09:16:07,468 | INFO  | [3312/5212] sz.002495 佳隆股份 取到2425条 | 已用746s ETA 428s
2026-08-26 09:16:09,458 | INFO  | [3313/5212] sz.002496 辉丰股份 取到2425条 | 已用748s ETA 429s
2026-08-26 09:16:14,501 | INFO  | [3314/5212] sz.002497 雅化集团 取到2425条 | 已用753s ETA 431s
2026-08-26 09:16:21,049 | INFO  | [3315/5212] sz.002498 汉缆股份 取到2425条 | 已用760s ETA 435s
2026-08-26 09:16:23,786 | INFO  | [3316/5212] sz.002500 山西证券 取到2425条 | 已用763s ETA 436s
2026-08-26 09:16:25,079 | INFO  | [3317/5212] sz.002501 *ST利源 取到2425条 | 已用764s ETA 436s
2026-08-26 09:16:26,463 | INFO  | [3318/5212] sz.002506 协鑫集成 取到2425条 | 已用765s ETA 437s
2026-08-26 09:16:29,569 | INFO  | [3319/5212] sz.002507 涪陵榨菜 取到2425条 | 已用768s ETA 438s
2026-08-26 09:16:38,696 | INFO  | [3320/5212] sz.002508 老板电器 取到2425条 | 已用778s ETA 443s
2026-08-26 09:16:41,935 | INFO  | [3321/5212] sz.002510 天汽模 取到2425条 | 已用781s ETA 445s
2026-08-26 09:16:43,866 | INFO  | [3322/5212] sz.002511 中顺洁柔 取到2425条 | 已用783s ETA 445s
2026-08-26 09:16:51,606 | INFO  | [3323/5212] sz.002512 ST达华 取到2425条 | 已用791s ETA 449s
2026-08-26 09:16:54,753 | INFO  | [3324/5212] sz.002513 蓝丰生化 取到2425条 | 已用794s ETA 451s
2026-08-26 09:16:58,635 | INFO  | [3325/5212] sz.002514 *ST宝馨 取到2425条 | 已用798s ETA 453s
2026-08-26 09:17:02,279 | INFO  | [3326/5212] sz.002515 金字火腿 取到2425条 | 已用801s ETA 454s
2026-08-26 09:17:04,410 | INFO  | [3327/5212] sz.002516 旷达科技 取到2425条 | 已用803s ETA 455s
2026-08-26 09:17:07,326 | INFO  | [3328/5212] sz.002517 恺英网络 取到2425条 | 已用806s ETA 456s
2026-08-26 09:17:10,802 | INFO  | [3329/5212] sz.002518 科士达 取到2425条 | 已用810s ETA 458s
2026-08-26 09:17:12,656 | INFO  | [3330/5212] sz.002519 银河电子 取到2425条 | 已用812s ETA 459s
2026-08-26 09:17:16,042 | INFO  | [3331/5212] sz.002520 日发精机 取到2425条 | 已用815s ETA 460s
2026-08-26 09:17:16,937 | INFO  | [3332/5212] sz.002521 齐峰新材 取到2425条 | 已用816s ETA 460s
2026-08-26 09:17:18,123 | INFO  | [3333/5212] sz.002522 浙江众成 取到2425条 | 已用817s ETA 461s
2026-08-26 09:17:19,745 | INFO  | [3334/5212] sz.002523 天桥起重 取到2425条 | 已用819s ETA 461s
2026-08-26 09:17:21,407 | INFO  | [3335/5212] sz.002524 光正眼科 取到2425条 | 已用820s ETA 462s
2026-08-26 09:17:22,680 | INFO  | [3336/5212] sz.002526 山东矿机 取到2425条 | 已用822s ETA 462s
2026-08-26 09:17:28,916 | INFO  | [3337/5212] sz.002527 新时达 取到2425条 | 已用828s ETA 465s
2026-08-26 09:17:30,663 | INFO  | [3338/5212] sz.002528 *ST英飞 取到2425条 | 已用830s ETA 466s
2026-08-26 09:17:33,162 | INFO  | [3339/5212] sz.002529 海源复材 取到2425条 | 已用832s ETA 467s
2026-08-26 09:17:37,079 | INFO  | [3340/5212] sz.002530 金财互联 取到2425条 | 已用836s ETA 469s
2026-08-26 09:17:39,205 | INFO  | [3341/5212] sz.002531 天顺风能 取到2425条 | 已用838s ETA 469s
2026-08-26 09:17:42,301 | INFO  | [3342/5212] sz.002532 天山铝业 取到2425条 | 已用841s ETA 471s
2026-08-26 09:17:44,060 | INFO  | [3343/5212] sz.002533 金杯电工 取到2425条 | 已用843s ETA 471s
2026-08-26 09:17:49,470 | INFO  | [3344/5212] sz.002534 西子洁能 取到2425条 | 已用848s ETA 474s
2026-08-26 09:17:50,922 | INFO  | [3345/5212] sz.002535 林州重机 取到2425条 | 已用850s ETA 474s
2026-08-26 09:17:52,959 | INFO  | [3346/5212] sz.002536 飞龙股份 取到2425条 | 已用852s ETA 475s
2026-08-26 09:17:56,820 | INFO  | [3347/5212] sz.002537 海联金汇 取到2425条 | 已用856s ETA 477s
2026-08-26 09:17:59,554 | INFO  | [3348/5212] sz.002538 ST司特 取到2425条 | 已用858s ETA 478s
2026-08-26 09:18:03,652 | INFO  | [3349/5212] sz.002539 云图控股 取到2425条 | 已用863s ETA 480s
2026-08-26 09:18:06,242 | INFO  | [3350/5212] sz.002540 亚太科技 取到2425条 | 已用865s ETA 481s
2026-08-26 09:18:09,423 | INFO  | [3351/5212] sz.002541 鸿路钢构 取到2425条 | 已用868s ETA 482s
2026-08-26 09:18:12,656 | INFO  | [3352/5212] sz.002542 *ST中岩 取到2425条 | 已用872s ETA 484s
2026-08-26 09:18:16,811 | INFO  | [3353/5212] sz.002543 万和电气 取到2425条 | 已用876s ETA 486s
2026-08-26 09:18:18,263 | INFO  | [3354/5212] sz.002544 普天科技 取到2425条 | 已用877s ETA 486s
2026-08-26 09:18:19,795 | INFO  | [3355/5212] sz.002545 东方铁塔 取到2425条 | 已用879s ETA 486s
2026-08-26 09:18:21,309 | INFO  | [3356/5212] sz.002546 新联电子 取到2425条 | 已用880s ETA 487s
2026-08-26 09:18:23,475 | INFO  | [3357/5212] sz.002547 *ST春兴 取到2425条 | 已用882s ETA 488s
2026-08-26 09:18:26,661 | INFO  | [3358/5212] sz.002548 金新农 取到2425条 | 已用886s ETA 489s
2026-08-26 09:18:28,823 | INFO  | [3359/5212] sz.002549 凯美特气 取到2425条 | 已用888s ETA 490s
2026-08-26 09:18:30,208 | INFO  | [3360/5212] sz.002550 千红制药 取到2425条 | 已用889s ETA 490s
2026-08-26 09:18:33,201 | INFO  | [3361/5212] sz.002551 尚荣医疗 取到2425条 | 已用892s ETA 491s
2026-08-26 09:18:38,239 | INFO  | [3362/5212] sz.002552 宝鼎科技 取到2425条 | 已用897s ETA 494s
2026-08-26 09:18:41,809 | INFO  | [3363/5212] sz.002553 南方精工 取到2425条 | 已用901s ETA 495s
2026-08-26 09:18:46,253 | INFO  | [3364/5212] sz.002554 惠博普 取到2425条 | 已用905s ETA 497s
2026-08-26 09:18:48,870 | INFO  | [3365/5212] sz.002555 三七互娱 取到2425条 | 已用908s ETA 498s
2026-08-26 09:18:53,424 | INFO  | [3366/5212] sz.002556 辉隆股份 取到2425条 | 已用912s ETA 500s
2026-08-26 09:19:01,389 | INFO  | [3367/5212] sz.002557 洽洽食品 取到2425条 | 已用920s ETA 504s
2026-08-26 09:19:04,074 | INFO  | [3368/5212] sz.002558 巨人网络 取到2425条 | 已用923s ETA 505s
2026-08-26 09:19:08,775 | INFO  | [3369/5212] sz.002559 亚威股份 取到2425条 | 已用928s ETA 507s
2026-08-26 09:19:11,652 | INFO  | [3370/5212] sz.002560 通达股份 取到2425条 | 已用931s ETA 509s
2026-08-26 09:19:14,624 | INFO  | [3371/5212] sz.002561 徐家汇 取到2425条 | 已用934s ETA 510s
2026-08-26 09:19:16,414 | INFO  | [3372/5212] sz.002562 兄弟科技 取到2425条 | 已用935s ETA 510s
2026-08-26 09:19:21,433 | INFO  | [3373/5212] sz.002563 森马服饰 取到2425条 | 已用940s ETA 513s
2026-08-26 09:19:23,891 | INFO  | [3374/5212] sz.002564 天沃科技 取到2425条 | 已用943s ETA 514s
2026-08-26 09:19:26,060 | INFO  | [3375/5212] sz.002565 顺灏股份 取到2425条 | 已用945s ETA 514s
2026-08-26 09:19:28,031 | INFO  | [3376/5212] sz.002566 益盛药业 取到2425条 | 已用947s ETA 515s
2026-08-26 09:19:36,887 | INFO  | [3377/5212] sz.002567 唐人神 取到2425条 | 已用956s ETA 519s
2026-08-26 09:19:38,906 | INFO  | [3378/5212] sz.002568 百润股份 取到2425条 | 已用958s ETA 520s
2026-08-26 09:19:41,217 | INFO  | [3379/5212] sz.002569 *ST步森 取到2425条 | 已用960s ETA 521s
2026-08-26 09:19:42,695 | INFO  | [3380/5212] sz.002570 贝因美 取到2425条 | 已用962s ETA 521s
2026-08-26 09:19:44,504 | INFO  | [3381/5212] sz.002571 德力股份 取到2425条 | 已用963s ETA 522s
2026-08-26 09:19:53,307 | INFO  | [3382/5212] sz.002572 索菲亚 取到2425条 | 已用972s ETA 526s
2026-08-26 09:19:58,086 | INFO  | [3383/5212] sz.002573 清新环境 取到2425条 | 已用977s ETA 528s
2026-08-26 09:20:01,168 | INFO  | [3384/5212] sz.002574 明牌珠宝 取到2425条 | 已用980s ETA 529s
2026-08-26 09:20:05,258 | INFO  | [3385/5212] sz.002575 群兴玩具 取到2425条 | 已用984s ETA 531s
2026-08-26 09:20:08,741 | INFO  | [3386/5212] sz.002576 通达动力 取到2425条 | 已用988s ETA 533s
2026-08-26 09:20:14,903 | INFO  | [3387/5212] sz.002577 雷柏科技 取到2425条 | 已用994s ETA 535s
2026-08-26 09:20:16,954 | INFO  | [3388/5212] sz.002578 闽发铝业 取到2425条 | 已用996s ETA 536s
2026-08-26 09:20:19,224 | INFO  | [3389/5212] sz.002579 中京电子 取到2425条 | 已用998s ETA 537s
2026-08-26 09:20:21,200 | INFO  | [3390/5212] sz.002580 圣阳股份 取到2425条 | 已用1000s ETA 538s
2026-08-26 09:20:26,938 | INFO  | [3391/5212] sz.002581 *ST未名 取到2425条 | 已用1006s ETA 540s
2026-08-26 09:20:29,441 | INFO  | [3392/5212] sz.002582 好想你 取到2425条 | 已用1008s ETA 541s
2026-08-26 09:20:33,391 | INFO  | [3393/5212] sz.002583 海能达 取到2425条 | 已用1012s ETA 543s
2026-08-26 09:20:38,641 | INFO  | [3394/5212] sz.002584 西陇科学 取到2425条 | 已用1018s ETA 545s
2026-08-26 09:20:42,183 | INFO  | [3395/5212] sz.002585 双星新材 取到2425条 | 已用1021s ETA 546s
2026-08-26 09:20:43,329 | INFO  | [3396/5212] sz.002586 ST围海 取到2425条 | 已用1022s ETA 547s
2026-08-26 09:20:47,691 | INFO  | [3397/5212] sz.002587 奥拓电子 取到2425条 | 已用1027s ETA 549s
2026-08-26 09:20:52,793 | INFO  | [3398/5212] sz.002588 史丹利 取到2425条 | 已用1032s ETA 551s
2026-08-26 09:20:56,017 | INFO  | [3399/5212] sz.002589 瑞康医药 取到2425条 | 已用1035s ETA 552s
2026-08-26 09:20:58,669 | INFO  | [3400/5212] sz.002590 万安科技 取到2425条 | 已用1038s ETA 553s
2026-08-26 09:21:02,129 | INFO  | [3401/5212] sz.002591 恒大高新 取到2425条 | 已用1041s ETA 554s
2026-08-26 09:21:04,333 | INFO  | [3402/5212] sz.002592 ST八菱 取到2425条 | 已用1043s ETA 555s
2026-08-26 09:21:06,016 | INFO  | [3403/5212] sz.002593 日上集团 取到2425条 | 已用1045s ETA 555s
2026-08-26 09:21:09,238 | INFO  | [3404/5212] sz.002594 比亚迪 取到2425条 | 已用1048s ETA 557s
2026-08-26 09:21:11,380 | INFO  | [3405/5212] sz.002595 豪迈科技 取到2425条 | 已用1050s ETA 557s
2026-08-26 09:21:13,427 | INFO  | [3406/5212] sz.002596 海南瑞泽 取到2425条 | 已用1052s ETA 558s
2026-08-26 09:21:17,597 | INFO  | [3407/5212] sz.002597 金禾实业 取到2425条 | 已用1057s ETA 560s
2026-08-26 09:21:17,719 | WARNING | sz.002598 第1次请求失败: error_code=10001001 msg=用户未登录
2026-08-26 09:21:21,108 | INFO  | [3408/5212] sz.002598 ST章鼓 取到2425条 | 已用1060s ETA 561s
2026-08-26 09:21:23,802 | INFO  | [3409/5212] sz.002599 盛通股份 取到2425条 | 已用1063s ETA 562s
2026-08-26 09:21:26,535 | INFO  | [3410/5212] sz.002600 领益智造 取到2425条 | 已用1065s ETA 563s
2026-08-26 09:21:30,863 | INFO  | [3411/5212] sz.002601 龙佰集团 取到2425条 | 已用1070s ETA 565s
2026-08-26 09:21:38,295 | INFO  | [3412/5212] sz.002602 世纪华通 取到2425条 | 已用1077s ETA 568s
2026-08-26 09:21:41,702 | INFO  | [3413/5212] sz.002603 以岭药业 取到2425条 | 已用1081s ETA 570s
2026-08-26 09:21:44,280 | INFO  | [3414/5212] sz.002605 姚记科技 取到2425条 | 已用1083s ETA 570s
2026-08-26 09:21:46,692 | INFO  | [3415/5212] sz.002606 大连电瓷 取到2425条 | 已用1086s ETA 571s
2026-08-26 09:21:49,946 | INFO  | [3416/5212] sz.002607 中公教育 取到2425条 | 已用1089s ETA 572s
2026-08-26 09:21:52,456 | INFO  | [3417/5212] sz.002608 江苏国信 取到2425条 | 已用1091s ETA 573s
2026-08-26 09:21:54,120 | INFO  | [3418/5212] sz.002609 捷顺科技 取到2425条 | 已用1093s ETA 574s
2026-08-26 09:21:59,006 | INFO  | [3419/5212] sz.002611 东方精工 取到2425条 | 已用1098s ETA 576s
2026-08-26 09:22:01,461 | INFO  | [3420/5212] sz.002612 朗姿股份 取到2425条 | 已用1100s ETA 577s
2026-08-26 09:22:03,407 | INFO  | [3421/5212] sz.002613 北玻股份 取到2425条 | 已用1102s ETA 577s
2026-08-26 09:22:06,361 | INFO  | [3422/5212] sz.002614 奥佳华 取到2425条 | 已用1105s ETA 578s
2026-08-26 09:22:09,449 | INFO  | [3423/5212] sz.002615 哈尔斯 取到2000条 | 已用1108s ETA 579s
2026-08-26 09:22:09,574 | WARNING | sz.002616 第1次请求失败: error_code=10001001 msg=用户未登录
2026-08-26 09:22:13,564 | INFO  | [3424/5212] sz.002616 长青集团 取到2425条 | 已用1112s ETA 581s
2026-08-26 09:22:16,090 | INFO  | [3425/5212] sz.002617 露笑科技 取到2425条 | 已用1115s ETA 582s
2026-08-26 09:22:17,481 | INFO  | [3426/5212] sz.002620 *ST瑞和 取到2425条 | 已用1116s ETA 582s
2026-08-26 09:22:19,160 | INFO  | [3427/5212] sz.002622 皓宸医疗 取到2425条 | 已用1118s ETA 582s
2026-08-26 09:22:21,342 | INFO  | [3428/5212] sz.002623 亚玛顿 取到2425条 | 已用1120s ETA 583s
2026-08-26 09:22:23,776 | INFO  | [3429/5212] sz.002624 完美世界 取到2425条 | 已用1123s ETA 584s
2026-08-26 09:22:25,787 | INFO  | [3430/5212] sz.002625 光启技术 取到2425条 | 已用1125s ETA 584s
2026-08-26 09:22:29,022 | INFO  | [3431/5212] sz.002626 金达威 取到2425条 | 已用1128s ETA 586s
2026-08-26 09:22:31,391 | INFO  | [3432/5212] sz.002627 三峡旅游 取到2425条 | 已用1130s ETA 586s
2026-08-26 09:22:35,330 | INFO  | [3433/5212] sz.002628 成都路桥 取到2425条 | 已用1134s ETA 588s
2026-08-26 09:22:46,859 | INFO  | [3434/5212] sz.002629 仁智股份 取到2425条 | 已用1146s ETA 593s
2026-08-26 09:22:49,086 | INFO  | [3435/5212] sz.002630 *ST华西 取到2425条 | 已用1148s ETA 594s
2026-08-26 09:22:52,016 | INFO  | [3436/5212] sz.002631 德尔未来 取到2425条 | 已用1151s ETA 595s
2026-08-26 09:22:56,024 | INFO  | [3437/5212] sz.002632 道明光学 取到2425条 | 已用1155s ETA 596s
2026-08-26 09:23:00,277 | INFO  | [3438/5212] sz.002633 申科股份 取到2425条 | 已用1159s ETA 598s
2026-08-26 09:23:03,839 | INFO  | [3439/5212] sz.002634 *ST棒杰 取到2425条 | 已用1163s ETA 599s
2026-08-26 09:23:06,849 | INFO  | [3440/5212] sz.002635 安洁科技 取到2425条 | 已用1166s ETA 601s
2026-08-26 09:23:08,412 | INFO  | [3441/5212] sz.002636 金安国纪 取到2425条 | 已用1167s ETA 601s
2026-08-26 09:23:10,492 | INFO  | [3442/5212] sz.002637 赞宇科技 取到2425条 | 已用1169s ETA 601s
2026-08-26 09:23:14,114 | INFO  | [3443/5212] sz.002638 勤上股份 取到2425条 | 已用1173s ETA 603s
2026-08-26 09:23:19,208 | INFO  | [3444/5212] sz.002639 雪人集团 取到2425条 | 已用1178s ETA 605s
2026-08-26 09:23:24,114 | INFO  | [3445/5212] sz.002640 跨境通 取到2425条 | 已用1183s ETA 607s
2026-08-26 09:23:29,528 | INFO  | [3446/5212] sz.002641 公元股份 取到2425条 | 已用1188s ETA 609s
2026-08-26 09:23:32,532 | INFO  | [3447/5212] sz.002642 荣联科技 取到2425条 | 已用1191s ETA 610s
2026-08-26 09:23:35,322 | INFO  | [3448/5212] sz.002643 万润股份 取到2425条 | 已用1194s ETA 611s
2026-08-26 09:23:37,280 | INFO  | [3449/5212] sz.002644 佛慈制药 取到2425条 | 已用1196s ETA 611s
2026-08-26 09:23:40,813 | INFO  | [3450/5212] sz.002645 华宏科技 取到2425条 | 已用1200s ETA 613s
2026-08-26 09:23:45,261 | INFO  | [3451/5212] sz.002646 天佑德酒 取到2425条 | 已用1204s ETA 614s
2026-08-26 09:23:47,313 | INFO  | [3452/5212] sz.002647 仁东控股 取到2425条 | 已用1206s ETA 615s
2026-08-26 09:23:51,622 | INFO  | [3453/5212] sz.002648 卫星化学 取到2425条 | 已用1211s ETA 617s
2026-08-26 09:23:52,995 | INFO  | [3454/5212] sz.002649 博彦科技 取到2425条 | 已用1212s ETA 617s
2026-08-26 09:23:57,363 | INFO  | [3455/5212] sz.002650 ST加加 取到2425条 | 已用1216s ETA 619s
2026-08-26 09:24:50,963 | INFO  | baostock 登录成功
2026-08-26 09:24:51,523 | INFO  | 数据区间: 2016-08-28 ~ 2026-08-25
2026-08-26 09:24:57,794 | INFO  | 共 5212 只 A 股
2026-08-26 09:24:58,796 | INFO  | worker 登录成功
2026-08-26 09:24:59,279 | INFO  | worker 登录成功
2026-08-26 09:24:59,344 | INFO  | worker 登录成功
2026-08-26 09:25:00,158 | INFO  | worker 登录成功
2026-08-26 09:25:01,876 | INFO  | [3456/5212] sz.002651 利君股份 取到2425条 | 已用4s ETA 2s
2026-08-26 09:25:27,758 | INFO  | [3457/5212] sz.002652 扬子新材 取到2425条 | 已用30s ETA 15s
2026-08-26 09:25:27,758 | INFO  | [3458/5212] sz.002653 海思科 取到2425条 | 已用30s ETA 15s
2026-08-26 09:25:27,758 | INFO  | [3459/5212] sz.002654 万润科技 取到2425条 | 已用30s ETA 15s
2026-08-26 09:25:27,758 | INFO  | [3460/5212] sz.002655 共达电声 取到2425条 | 已用30s ETA 15s
2026-08-26 09:25:27,758 | INFO  | [3461/5212] sz.002656 摩登大道 取到2425条 | 已用30s ETA 15s
2026-08-26 09:25:27,758 | INFO  | [3462/5212] sz.002657 中科金财 取到2425条 | 已用30s ETA 15s
2026-08-26 09:25:27,758 | INFO  | [3463/5212] sz.002658 雪迪龙 取到2425条 | 已用30s ETA 15s
2026-08-26 09:25:27,758 | INFO  | [3464/5212] sz.002659 凯文教育 取到2425条 | 已用30s ETA 15s
2026-08-26 09:25:29,306 | INFO  | [3465/5212] sz.002669 康达新材 取到2425条 | 已用32s ETA 16s
2026-08-26 09:25:29,307 | INFO  | [3466/5212] sz.002670 国盛证券 取到2425条 | 已用32s ETA 16s
2026-08-26 09:25:29,307 | INFO  | [3467/5212] sz.002671 龙泉股份 取到2425条 | 已用32s ETA 16s
2026-08-26 09:25:29,307 | INFO  | [3468/5212] sz.002672 东江环保 取到2425条 | 已用32s ETA 16s
2026-08-26 09:25:29,307 | INFO  | [3469/5212] sz.002673 西部证券 取到2425条 | 已用32s ETA 16s
2026-08-26 09:25:29,307 | INFO  | [3470/5212] sz.002674 兴业科技 取到2425条 | 已用32s ETA 16s
2026-08-26 09:25:29,307 | INFO  | [3471/5212] sz.002675 东诚药业 取到2425条 | 已用32s ETA 16s
2026-08-26 09:25:29,307 | INFO  | [3472/5212] sz.002676 顺威股份 取到2425条 | 已用32s ETA 16s
2026-08-26 09:25:32,243 | INFO  | [3473/5212] sz.002677 浙江美大 取到2425条 | 已用34s ETA 17s
2026-08-26 09:25:32,243 | INFO  | [3474/5212] sz.002678 珠江钢琴 取到2425条 | 已用34s ETA 17s
2026-08-26 09:25:32,243 | INFO  | [3475/5212] sz.002679 福建金森 取到2425条 | 已用34s ETA 17s
2026-08-26 09:25:32,243 | INFO  | [3476/5212] sz.002681 奋达科技 取到2425条 | 已用34s ETA 17s
2026-08-26 09:25:32,244 | INFO  | [3477/5212] sz.002682 龙洲股份 取到2425条 | 已用34s ETA 17s
2026-08-26 09:25:32,244 | INFO  | [3478/5212] sz.002683 广东宏大 取到2425条 | 已用34s ETA 17s
2026-08-26 09:25:32,244 | INFO  | [3479/5212] sz.002685 华东重机 取到2425条 | 已用34s ETA 17s
2026-08-26 09:25:32,244 | INFO  | [3480/5212] sz.002686 亿利达 取到2425条 | 已用34s ETA 17s
2026-08-26 09:25:35,198 | INFO  | [3481/5212] sz.002660 茂硕电源 取到2425条 | 已用37s ETA 19s
2026-08-26 09:25:35,198 | INFO  | [3482/5212] sz.002661 克明食品 取到2425条 | 已用37s ETA 19s
2026-08-26 09:25:35,198 | INFO  | [3483/5212] sz.002662 峰璟股份 取到2425条 | 已用37s ETA 19s
2026-08-26 09:25:35,198 | INFO  | [3484/5212] sz.002663 普邦股份 取到2425条 | 已用37s ETA 19s
2026-08-26 09:25:35,198 | INFO  | [3485/5212] sz.002664 信质集团 取到2425条 | 已用37s ETA 19s
2026-08-26 09:25:35,198 | INFO  | [3486/5212] sz.002666 德联集团 取到2425条 | 已用37s ETA 19s
2026-08-26 09:25:35,198 | INFO  | [3487/5212] sz.002667 *ST威领 取到2425条 | 已用37s ETA 19s
2026-08-26 09:25:35,198 | INFO  | [3488/5212] sz.002668 TCL智家 取到2425条 | 已用37s ETA 18s
2026-08-26 09:26:01,410 | INFO  | [3489/5212] sz.002715 登云股份 取到2425条 | 已用64s ETA 31s
2026-08-26 09:26:01,410 | INFO  | [3490/5212] sz.002716 湖南白银 取到2425条 | 已用64s ETA 31s
2026-08-26 09:26:01,410 | INFO  | [3491/5212] sz.002717 *ST岭南 取到2425条 | 已用64s ETA 31s
2026-08-26 09:26:01,410 | INFO  | [3492/5212] sz.002718 友邦吊顶 取到2425条 | 已用64s ETA 31s
2026-08-26 09:26:01,410 | INFO  | [3493/5212] sz.002719 ST麦趣 取到2425条 | 已用64s ETA 31s
2026-08-26 09:26:01,410 | INFO  | [3494/5212] sz.002721 金一文化 取到2425条 | 已用64s ETA 31s
2026-08-26 09:26:01,410 | INFO  | [3495/5212] sz.002722 物产金轮 取到2425条 | 已用64s ETA 31s
2026-08-26 09:26:01,410 | INFO  | [3496/5212] sz.002723 小崧股份 取到2425条 | 已用64s ETA 31s
2026-08-26 09:26:02,959 | INFO  | [3497/5212] sz.002687 乔治白 取到2425条 | 已用65s ETA 32s
2026-08-26 09:26:02,959 | INFO  | [3498/5212] sz.002688 金河生物 取到2425条 | 已用65s ETA 32s
2026-08-26 09:26:02,959 | INFO  | [3499/5212] sz.002689 ST远智 取到2425条 | 已用65s ETA 32s
2026-08-26 09:26:02,959 | INFO  | [3500/5212] sz.002690 美亚光电 取到2425条 | 已用65s ETA 32s
2026-08-26 09:26:02,959 | INFO  | [3501/5212] sz.002691 *ST冀凯 取到2425条 | 已用65s ETA 32s
2026-08-26 09:26:02,959 | INFO  | [3502/5212] sz.002692 远程股份 取到2425条 | 已用65s ETA 32s
2026-08-26 09:26:02,959 | INFO  | [3503/5212] sz.002693 双成药业 取到2425条 | 已用65s ETA 32s
2026-08-26 09:26:02,959 | INFO  | [3504/5212] sz.002694 *ST顾地 取到2425条 | 已用65s ETA 32s
2026-08-26 09:26:09,210 | INFO  | [3505/5212] sz.002705 新宝股份 取到2425条 | 已用71s ETA 35s
2026-08-26 09:26:09,210 | INFO  | [3506/5212] sz.002706 良信股份 取到2425条 | 已用71s ETA 35s
2026-08-26 09:26:09,210 | INFO  | [3507/5212] sz.002707 众信旅游 取到2425条 | 已用71s ETA 35s
2026-08-26 09:26:09,210 | INFO  | [3508/5212] sz.002708 光洋股份 取到2425条 | 已用71s ETA 35s
2026-08-26 09:26:09,210 | INFO  | [3509/5212] sz.002709 天赐材料 取到2425条 | 已用71s ETA 35s
2026-08-26 09:26:09,210 | INFO  | [3510/5212] sz.002712 思美传媒 取到2425条 | 已用71s ETA 35s
2026-08-26 09:26:09,210 | INFO  | [3511/5212] sz.002713 东易日盛 取到2425条 | 已用71s ETA 35s
2026-08-26 09:26:09,210 | INFO  | [3512/5212] sz.002714 牧原股份 取到2425条 | 已用71s ETA 35s
2026-08-26 09:26:28,788 | INFO  | [3513/5212] sz.002695 煌上煌 取到2425条 | 已用91s ETA 44s
2026-08-26 09:26:28,788 | INFO  | [3514/5212] sz.002696 百洋股份 取到2425条 | 已用91s ETA 44s
2026-08-26 09:26:28,788 | INFO  | [3515/5212] sz.002697 红旗连锁 取到2425条 | 已用91s ETA 44s
2026-08-26 09:26:28,788 | INFO  | [3516/5212] sz.002698 博实股份 取到2425条 | 已用91s ETA 44s
2026-08-26 09:26:28,788 | INFO  | [3517/5212] sz.002700 万憬能源 取到2425条 | 已用91s ETA 44s
2026-08-26 09:26:28,788 | INFO  | [3518/5212] sz.002701 奥瑞金 取到2425条 | 已用91s ETA 44s
2026-08-26 09:26:28,788 | INFO  | [3519/5212] sz.002702 海欣食品 取到2425条 | 已用91s ETA 44s
2026-08-26 09:26:28,788 | INFO  | [3520/5212] sz.002703 浙江世宝 取到2425条 | 已用91s ETA 44s
2026-08-26 09:26:37,003 | INFO  | [3521/5212] sz.002732 燕塘乳业 取到2425条 | 已用99s ETA 48s
2026-08-26 09:26:37,003 | INFO  | [3522/5212] sz.002733 雄韬股份 取到2425条 | 已用99s ETA 48s
2026-08-26 09:26:37,003 | INFO  | [3523/5212] sz.002734 利民股份 取到2425条 | 已用99s ETA 48s
2026-08-26 09:26:37,003 | INFO  | [3524/5212] sz.002735 王子新材 取到2425条 | 已用99s ETA 48s
2026-08-26 09:26:37,003 | INFO  | [3525/5212] sz.002736 国信证券 取到2425条 | 已用99s ETA 47s
2026-08-26 09:26:37,003 | INFO  | [3526/5212] sz.002737 葵花药业 取到2425条 | 已用99s ETA 47s
2026-08-26 09:26:37,003 | INFO  | [3527/5212] sz.002738 中矿资源 取到2425条 | 已用99s ETA 47s
2026-08-26 09:26:37,003 | INFO  | [3528/5212] sz.002739 儒意电影 取到2425条 | 已用99s ETA 47s
2026-08-26 09:26:44,087 | INFO  | [3529/5212] sz.002741 光华科技 取到2425条 | 已用106s ETA 51s
2026-08-26 09:26:44,087 | INFO  | [3530/5212] sz.002742 冀衡医药 取到2425条 | 已用106s ETA 51s
2026-08-26 09:26:44,087 | INFO  | [3531/5212] sz.002743 富煌钢构 取到2425条 | 已用106s ETA 51s
2026-08-26 09:26:44,087 | INFO  | [3532/5212] sz.002745 木林森 取到2425条 | 已用106s ETA 51s
2026-08-26 09:26:44,087 | INFO  | [3533/5212] sz.002746 仙坛股份 取到2425条 | 已用106s ETA 51s
2026-08-26 09:26:44,087 | INFO  | [3534/5212] sz.002747 埃斯顿 取到2425条 | 已用106s ETA 50s
2026-08-26 09:26:44,087 | INFO  | [3535/5212] sz.002748 世龙实业 取到2425条 | 已用106s ETA 50s
2026-08-26 09:26:44,087 | INFO  | [3536/5212] sz.002749 国光股份 取到2425条 | 已用106s ETA 50s
2026-08-26 09:26:48,291 | INFO  | [3537/5212] sz.002724 海洋王 取到2425条 | 已用110s ETA 52s
2026-08-26 09:26:48,292 | INFO  | [3538/5212] sz.002725 跃岭股份 取到2425条 | 已用110s ETA 52s
2026-08-26 09:26:48,292 | INFO  | [3539/5212] sz.002726 ST龙大 取到2425条 | 已用110s ETA 52s
2026-08-26 09:26:48,292 | INFO  | [3540/5212] sz.002727 一心堂 取到2425条 | 已用110s ETA 52s
2026-08-26 09:26:48,292 | INFO  | [3541/5212] sz.002728 特一药业 取到2425条 | 已用110s ETA 52s
2026-08-26 09:26:48,292 | INFO  | [3542/5212] sz.002729 好利科技 取到2425条 | 已用110s ETA 52s
2026-08-26 09:26:48,292 | INFO  | [3543/5212] sz.002730 电光科技 取到2425条 | 已用110s ETA 52s
2026-08-26 09:26:48,292 | INFO  | [3544/5212] sz.002731 *ST萃华 取到2425条 | 已用110s ETA 52s
2026-08-26 09:26:54,432 | INFO  | [3545/5212] sz.002752 昇兴股份 取到2425条 | 已用117s ETA 55s
2026-08-26 09:26:54,432 | INFO  | [3546/5212] sz.002753 永东股份 取到2425条 | 已用117s ETA 55s
2026-08-26 09:26:54,432 | INFO  | [3547/5212] sz.002755 奥赛康 取到2425条 | 已用117s ETA 55s
2026-08-26 09:26:54,432 | INFO  | [3548/5212] sz.002756 永兴材料 取到2425条 | 已用117s ETA 55s
2026-08-26 09:26:54,432 | INFO  | [3549/5212] sz.002757 南兴股份 取到2425条 | 已用117s ETA 55s
2026-08-26 09:26:54,432 | INFO  | [3550/5212] sz.002758 浙农股份 取到2425条 | 已用117s ETA 55s
2026-08-26 09:26:54,433 | INFO  | [3551/5212] sz.002759 ST天际 取到2425条 | 已用117s ETA 55s
2026-08-26 09:26:54,433 | INFO  | [3552/5212] sz.002760 凤形股份 取到2425条 | 已用117s ETA 55s
2026-08-26 09:27:11,526 | INFO  | [3553/5212] sz.002761 浙江建投 取到2425条 | 已用134s ETA 62s
2026-08-26 09:27:11,526 | INFO  | [3554/5212] sz.002762 金发拉比 取到2425条 | 已用134s ETA 62s
2026-08-26 09:27:11,526 | INFO  | [3555/5212] sz.002763 汇洁股份 取到2425条 | 已用134s ETA 62s
2026-08-26 09:27:11,526 | INFO  | [3556/5212] sz.002765 蓝黛科技 取到2425条 | 已用134s ETA 62s
2026-08-26 09:27:11,526 | INFO  | [3557/5212] sz.002766 索菱股份 取到2425条 | 已用134s ETA 62s
2026-08-26 09:27:11,526 | INFO  | [3558/5212] sz.002767 先锋电子 取到2425条 | 已用134s ETA 62s
2026-08-26 09:27:11,526 | INFO  | [3559/5212] sz.002768 国恩股份 取到2425条 | 已用134s ETA 62s
2026-08-26 09:27:11,526 | INFO  | [3560/5212] sz.002769 普路通 取到2425条 | 已用134s ETA 62s
2026-08-26 09:27:25,116 | INFO  | [3561/5212] sz.002790 瑞尔特 取到2425条 | 已用147s ETA 68s
2026-08-26 09:27:25,117 | INFO  | [3562/5212] sz.002791 坚朗五金 取到2425条 | 已用147s ETA 68s
2026-08-26 09:27:25,117 | INFO  | [3563/5212] sz.002792 通宇通讯 取到2425条 | 已用147s ETA 68s
2026-08-26 09:27:25,117 | INFO  | [3564/5212] sz.002793 罗欣药业 取到2425条 | 已用147s ETA 68s
2026-08-26 09:27:25,117 | INFO  | [3565/5212] sz.002795 永和智控 取到2425条 | 已用147s ETA 68s
2026-08-26 09:27:25,117 | INFO  | [3566/5212] sz.002796 世嘉科技 取到2425条 | 已用147s ETA 68s
2026-08-26 09:27:25,117 | INFO  | [3567/5212] sz.002797 第一创业 取到2425条 | 已用147s ETA 68s
2026-08-26 09:27:25,117 | INFO  | [3568/5212] sz.002798 帝欧水华 取到2425条 | 已用147s ETA 68s
2026-08-26 09:27:45,526 | INFO  | [3569/5212] sz.002771 真视通 取到2425条 | 已用168s ETA 77s
2026-08-26 09:27:45,526 | INFO  | [3570/5212] sz.002772 众兴菌业 取到2425条 | 已用168s ETA 77s
2026-08-26 09:27:45,526 | INFO  | [3571/5212] sz.002773 康弘药业 取到2425条 | 已用168s ETA 77s
2026-08-26 09:27:45,526 | INFO  | [3572/5212] sz.002774 快意电梯 取到2289条 | 已用168s ETA 77s
2026-08-26 09:27:45,527 | INFO  | [3573/5212] sz.002775 文科股份 取到2425条 | 已用168s ETA 77s
2026-08-26 09:27:45,527 | INFO  | [3574/5212] sz.002777 久远银海 取到2425条 | 已用168s ETA 77s
2026-08-26 09:27:45,527 | INFO  | [3575/5212] sz.002778 中晟高科 取到2425条 | 已用168s ETA 77s
2026-08-26 09:27:45,527 | INFO  | [3576/5212] sz.002779 中坚科技 取到2425条 | 已用168s ETA 77s
2026-08-26 09:27:50,147 | INFO  | [3577/5212] sz.002780 三夫户外 取到2425条 | 已用172s ETA 79s
2026-08-26 09:27:50,147 | INFO  | [3578/5212] sz.002782 可立克 取到2425条 | 已用172s ETA 79s
2026-08-26 09:27:50,147 | INFO  | [3579/5212] sz.002783 凯龙股份 取到2425条 | 已用172s ETA 79s
2026-08-26 09:27:50,147 | INFO  | [3580/5212] sz.002785 万里石 取到2425条 | 已用172s ETA 79s
2026-08-26 09:27:50,147 | INFO  | [3581/5212] sz.002786 银宝山新 取到2425条 | 已用172s ETA 78s
2026-08-26 09:27:50,147 | INFO  | [3582/5212] sz.002787 华源控股 取到2425条 | 已用172s ETA 78s
2026-08-26 09:27:50,147 | INFO  | [3583/5212] sz.002788 鹭燕医药 取到2425条 | 已用172s ETA 78s
2026-08-26 09:27:50,147 | INFO  | [3584/5212] sz.002789 *ST建艺 取到2425条 | 已用172s ETA 78s
2026-08-26 09:27:52,796 | INFO  | [3585/5212] sz.002799 环球印务 取到2425条 | 已用175s ETA 79s
2026-08-26 09:27:52,796 | INFO  | [3586/5212] sz.002800 天顺股份 取到2425条 | 已用175s ETA 79s
2026-08-26 09:27:52,796 | INFO  | [3587/5212] sz.002801 微光股份 取到2425条 | 已用175s ETA 79s
2026-08-26 09:27:52,796 | INFO  | [3588/5212] sz.002802 洪汇新材 取到2425条 | 已用175s ETA 79s
2026-08-26 09:27:52,796 | INFO  | [3589/5212] sz.002803 吉宏股份 取到2425条 | 已用175s ETA 79s
2026-08-26 09:27:52,798 | INFO  | [3590/5212] sz.002805 丰元股份 取到2425条 | 已用175s ETA 79s
2026-08-26 09:27:52,798 | INFO  | [3591/5212] sz.002806 华锋股份 取到2425条 | 已用175s ETA 79s
2026-08-26 09:27:52,798 | INFO  | [3592/5212] sz.002807 江阴银行 取到2421条 | 已用175s ETA 79s
2026-08-26 09:28:17,617 | INFO  | [3593/5212] sz.002809 红墙股份 取到2425条 | 已用200s ETA 90s
2026-08-26 09:28:17,617 | INFO  | [3594/5212] sz.002810 山东赫达 取到2425条 | 已用200s ETA 90s
2026-08-26 09:28:17,617 | INFO  | [3595/5212] sz.002811 郑中设计 取到2417条 | 已用200s ETA 90s
2026-08-26 09:28:17,617 | INFO  | [3596/5212] sz.002812 恩捷股份 取到2413条 | 已用200s ETA 90s
2026-08-26 09:28:17,617 | INFO  | [3597/5212] sz.002813 路畅科技 取到2400条 | 已用200s ETA 90s
2026-08-26 09:28:17,617 | INFO  | [3598/5212] sz.002815 崇达技术 取到2400条 | 已用200s ETA 90s
2026-08-26 09:28:17,617 | INFO  | [3599/5212] sz.002816 *ST和科 取到2391条 | 已用200s ETA 90s
2026-08-26 09:28:17,617 | INFO  | [3600/5212] sz.002817 黄山胶囊 取到2391条 | 已用200s ETA 89s
2026-08-26 09:28:20,232 | INFO  | [3601/5212] sz.002835 同为股份 取到2345条 | 已用202s ETA 91s
2026-08-26 09:28:20,233 | INFO  | [3602/5212] sz.002836 新宏泽 取到2344条 | 已用202s ETA 90s
2026-08-26 09:28:20,233 | INFO  | [3603/5212] sz.002837 英维克 取到2344条 | 已用202s ETA 90s
2026-08-26 09:28:20,233 | INFO  | [3604/5212] sz.002838 道恩股份 取到2339条 | 已用202s ETA 90s
2026-08-26 09:28:20,233 | INFO  | [3605/5212] sz.002839 张家港行 取到2327条 | 已用202s ETA 90s
2026-08-26 09:28:20,233 | INFO  | [3606/5212] sz.002840 华统股份 取到2337条 | 已用202s ETA 90s
2026-08-26 09:28:20,233 | INFO  | [3607/5212] sz.002841 视源股份 取到2330条 | 已用202s ETA 90s
2026-08-26 09:28:20,233 | INFO  | [3608/5212] sz.002842 翔鹭钨业 取到2330条 | 已用202s ETA 90s
2026-08-26 09:28:24,214 | INFO  | [3609/5212] sz.002818 富森美 取到2380条 | 已用206s ETA 92s
2026-08-26 09:28:24,214 | INFO  | [3610/5212] sz.002819 东方中科 取到2378条 | 已用206s ETA 92s
2026-08-26 09:28:24,214 | INFO  | [3611/5212] sz.002820 桂发祥 取到2373条 | 已用206s ETA 92s
2026-08-26 09:28:24,214 | INFO  | [3612/5212] sz.002821 凯莱英 取到2373条 | 已用206s ETA 91s
2026-08-26 09:28:24,214 | INFO  | [3613/5212] sz.002822 ST中装 取到2366条 | 已用206s ETA 91s
2026-08-26 09:28:24,215 | INFO  | [3614/5212] sz.002823 凯中精密 取到2369条 | 已用206s ETA 91s
2026-08-26 09:28:24,215 | INFO  | [3615/5212] sz.002824 和胜股份 取到2335条 | 已用206s ETA 91s
2026-08-26 09:28:24,215 | INFO  | [3616/5212] sz.002825 纳尔股份 取到2366条 | 已用206s ETA 91s
2026-08-26 09:28:44,985 | INFO  | [3617/5212] sz.002826 易明医药 取到2358条 | 已用227s ETA 100s
2026-08-26 09:28:44,986 | INFO  | [3618/5212] sz.002827 高争民爆 取到2358条 | 已用227s ETA 100s
2026-08-26 09:28:44,986 | INFO  | [3619/5212] sz.002828 贝肯能源 取到2359条 | 已用227s ETA 100s
2026-08-26 09:28:44,986 | INFO  | [3620/5212] sz.002829 星网宇达 取到2356条 | 已用227s ETA 100s
2026-08-26 09:28:44,986 | INFO  | [3621/5212] sz.002830 名雕股份 取到2356条 | 已用227s ETA 100s
2026-08-26 09:28:44,986 | INFO  | [3622/5212] sz.002831 裕同科技 取到2353条 | 已用227s ETA 100s
2026-08-26 09:28:44,986 | INFO  | [3623/5212] sz.002832 比音勒芬 取到2348条 | 已用227s ETA 100s
2026-08-26 09:28:44,986 | INFO  | [3624/5212] sz.002833 弘亚数控 取到2345条 | 已用227s ETA 100s
2026-08-26 09:28:47,386 | INFO  | [3625/5212] sz.002852 道道全 取到2299条 | 已用230s ETA 101s
2026-08-26 09:28:47,386 | INFO  | [3626/5212] sz.002853 皮阿诺 取到2299条 | 已用230s ETA 100s
2026-08-26 09:28:47,386 | INFO  | [3627/5212] sz.002855 捷荣技术 取到2292条 | 已用230s ETA 100s
2026-08-26 09:28:47,386 | INFO  | [3628/5212] sz.002856 *ST美芝 取到2293条 | 已用230s ETA 100s
2026-08-26 09:28:47,386 | INFO  | [3629/5212] sz.002857 三晖电气 取到2290条 | 已用230s ETA 100s
2026-08-26 09:28:47,386 | INFO  | [3630/5212] sz.002858 力盛体育 取到2289条 | 已用230s ETA 100s
2026-08-26 09:28:47,386 | INFO  | [3631/5212] sz.002859 洁美科技 取到2281条 | 已用230s ETA 100s
2026-08-26 09:28:47,386 | INFO  | [3632/5212] sz.002860 星帅尔 取到2278条 | 已用230s ETA 100s
2026-08-26 09:28:49,615 | INFO  | [3633/5212] sz.002861 瀛通通讯 取到2277条 | 已用232s ETA 101s
2026-08-26 09:28:49,615 | INFO  | [3634/5212] sz.002862 实丰文化 取到2279条 | 已用232s ETA 101s
2026-08-26 09:28:49,615 | INFO  | [3635/5212] sz.002863 今飞凯达 取到2274条 | 已用232s ETA 101s
2026-08-26 09:28:49,615 | INFO  | [3636/5212] sz.002864 盘龙药业 取到2130条 | 已用232s ETA 100s
2026-08-26 09:28:49,615 | INFO  | [3637/5212] sz.002865 钧达股份 取到2269条 | 已用232s ETA 100s
2026-08-26 09:28:49,615 | INFO  | [3638/5212] sz.002866 传艺科技 取到2268条 | 已用232s ETA 100s
2026-08-26 09:28:49,616 | INFO  | [3639/5212] sz.002867 周大生 取到2267条 | 已用232s ETA 100s
2026-08-26 09:28:49,616 | INFO  | [3640/5212] sz.002868 绿康生化 取到2264条 | 已用232s ETA 100s
2026-08-26 09:28:51,473 | INFO  | [3641/5212] sz.002843 泰嘉股份 取到2329条 | 已用234s ETA 101s
2026-08-26 09:28:51,473 | INFO  | [3642/5212] sz.002845 同兴达 取到2326条 | 已用234s ETA 101s
2026-08-26 09:28:51,473 | INFO  | [3643/5212] sz.002846 英联股份 取到2322条 | 已用234s ETA 101s
2026-08-26 09:28:51,473 | INFO  | [3644/5212] sz.002847 盐津铺子 取到2321条 | 已用234s ETA 101s
2026-08-26 09:28:51,473 | INFO  | [3645/5212] sz.002848 高斯贝尔 取到2318条 | 已用234s ETA 100s
2026-08-26 09:28:51,474 | INFO  | [3646/5212] sz.002849 威星智能 取到2314条 | 已用234s ETA 100s
2026-08-26 09:28:51,474 | INFO  | [3647/5212] sz.002850 科达利 取到2305条 | 已用234s ETA 100s
2026-08-26 09:28:51,474 | INFO  | [3648/5212] sz.002851 麦格米特 取到2303条 | 已用234s ETA 100s
2026-08-26 09:29:20,610 | INFO  | [3649/5212] sz.002869 金溢科技 取到2256条 | 已用263s ETA 113s
2026-08-26 09:29:20,610 | INFO  | [3650/5212] sz.002870 香山股份 取到2256条 | 已用263s ETA 112s
2026-08-26 09:29:20,610 | INFO  | [3651/5212] sz.002871 伟隆股份 取到2258条 | 已用263s ETA 112s
2026-08-26 09:29:20,610 | INFO  | [3652/5212] sz.002872 ST天圣 取到2252条 | 已用263s ETA 112s
2026-08-26 09:29:20,610 | INFO  | [3653/5212] sz.002873 新天药业 取到2252条 | 已用263s ETA 112s
2026-08-26 09:29:20,610 | INFO  | [3654/5212] sz.002875 安奈儿 取到2245条 | 已用263s ETA 112s
2026-08-26 09:29:20,610 | INFO  | [3655/5212] sz.002876 三利谱 取到2248条 | 已用263s ETA 112s
2026-08-26 09:29:20,610 | INFO  | [3656/5212] sz.002877 智能自控 取到2243条 | 已用263s ETA 112s
2026-08-26 09:29:22,735 | INFO  | [3657/5212] sz.002878 元隆雅图 取到2242条 | 已用265s ETA 113s
2026-08-26 09:29:22,736 | INFO  | [3658/5212] sz.002879 长缆科技 取到2219条 | 已用265s ETA 113s
2026-08-26 09:29:22,736 | INFO  | [3659/5212] sz.002880 卫光生物 取到2234条 | 已用265s ETA 112s
2026-08-26 09:29:22,736 | INFO  | [3660/5212] sz.002881 美格智能 取到2230条 | 已用265s ETA 112s
2026-08-26 09:29:22,736 | INFO  | [3661/5212] sz.002882 金龙羽 取到2213条 | 已用265s ETA 112s
2026-08-26 09:29:22,736 | INFO  | [3662/5212] sz.002883 *ST中设 取到2232条 | 已用265s ETA 112s
2026-08-26 09:29:22,736 | INFO  | [3663/5212] sz.002884 凌霄泵业 取到2217条 | 已用265s ETA 112s
2026-08-26 09:29:22,736 | INFO  | [3664/5212] sz.002885 京泉华 取到2227条 | 已用265s ETA 112s
2026-08-26 09:29:24,465 | INFO  | [3665/5212] sz.002895 川恒股份 取到2184条 | 已用267s ETA 113s
2026-08-26 09:29:24,465 | INFO  | [3666/5212] sz.002896 中大力德 取到2182条 | 已用267s ETA 112s
2026-08-26 09:29:24,465 | INFO  | [3667/5212] sz.002897 意华股份 取到2175条 | 已用267s ETA 112s
2026-08-26 09:29:24,465 | INFO  | [3668/5212] sz.002899 英派斯 取到2169条 | 已用267s ETA 112s
2026-08-26 09:29:24,465 | INFO  | [3669/5212] sz.002900 哈三联 取到2164条 | 已用267s ETA 112s
2026-08-26 09:29:24,465 | INFO  | [3670/5212] sz.002901 大博医疗 取到2164条 | 已用267s ETA 112s
2026-08-26 09:29:24,465 | INFO  | [3671/5212] sz.002902 铭普光磁 取到2159条 | 已用267s ETA 112s
2026-08-26 09:29:24,465 | INFO  | [3672/5212] sz.002903 宇环数控 取到2154条 | 已用267s ETA 112s
2026-08-26 09:29:26,489 | INFO  | [3673/5212] sz.002886 沃特股份 取到2227条 | 已用269s ETA 113s
2026-08-26 09:29:26,489 | INFO  | [3674/5212] sz.002887 绿茵生态 取到2202条 | 已用269s ETA 112s
2026-08-26 09:29:26,489 | INFO  | [3675/5212] sz.002888 惠威科技 取到2209条 | 已用269s ETA 112s
2026-08-26 09:29:26,489 | INFO  | [3676/5212] sz.002889 东方嘉盛 取到2203条 | 已用269s ETA 112s
2026-08-26 09:29:26,489 | INFO  | [3677/5212] sz.002890 弘宇股份 取到2201条 | 已用269s ETA 112s
2026-08-26 09:29:26,489 | INFO  | [3678/5212] sz.002891 中宠股份 取到2188条 | 已用269s ETA 112s
2026-08-26 09:29:26,489 | INFO  | [3679/5212] sz.002892 科力尔 取到2190条 | 已用269s ETA 112s
2026-08-26 09:29:26,489 | INFO  | [3680/5212] sz.002893 京能热力 取到2169条 | 已用269s ETA 112s
2026-08-26 09:29:48,661 | INFO  | [3681/5212] sz.002905 金逸影视 取到2153条 | 已用291s ETA 121s
2026-08-26 09:29:48,661 | INFO  | [3682/5212] sz.002906 华阳集团 取到2154条 | 已用291s ETA 121s
2026-08-26 09:29:48,661 | INFO  | [3683/5212] sz.002907 华森制药 取到2149条 | 已用291s ETA 121s
2026-08-26 09:29:48,661 | INFO  | [3684/5212] sz.002908 德生科技 取到2149条 | 已用291s ETA 121s
2026-08-26 09:29:48,661 | INFO  | [3685/5212] sz.002909 集泰股份 取到2145条 | 已用291s ETA 121s
2026-08-26 09:29:48,662 | INFO  | [3686/5212] sz.002910 庄园牧场 取到2142条 | 已用291s ETA 120s
2026-08-26 09:29:48,662 | INFO  | [3687/5212] sz.002911 佛燃能源 取到2126条 | 已用291s ETA 120s
2026-08-26 09:29:48,662 | INFO  | [3688/5212] sz.002912 中新赛克 取到2127条 | 已用291s ETA 120s
2026-08-26 09:29:52,661 | INFO  | [3689/5212] sz.002913 奥士康 取到2119条 | 已用295s ETA 122s
2026-08-26 09:29:52,662 | INFO  | [3690/5212] sz.002915 中欣氟材 取到2117条 | 已用295s ETA 122s
2026-08-26 09:29:52,662 | INFO  | [3691/5212] sz.002916 深南电路 取到2111条 | 已用295s ETA 122s
2026-08-26 09:29:52,662 | INFO  | [3692/5212] sz.002917 金奥博 取到2114条 | 已用295s ETA 121s
2026-08-26 09:29:52,662 | INFO  | [3693/5212] sz.002918 蒙娜丽莎 取到2107条 | 已用295s ETA 121s
2026-08-26 09:29:52,662 | INFO  | [3694/5212] sz.002919 名臣健康 取到2108条 | 已用295s ETA 121s
2026-08-26 09:29:52,662 | INFO  | [3695/5212] sz.002920 德赛西威 取到2102条 | 已用295s ETA 121s
2026-08-26 09:29:52,662 | INFO  | [3696/5212] sz.002921 联诚精密 取到2101条 | 已用295s ETA 121s
2026-08-26 09:29:59,585 | INFO  | [3697/5212] sz.002922 伊戈尔 取到2099条 | 已用302s ETA 124s
2026-08-26 09:29:59,585 | INFO  | [3698/5212] sz.002923 润都股份 取到2095条 | 已用302s ETA 124s
2026-08-26 09:29:59,585 | INFO  | [3699/5212] sz.002925 盈趣科技 取到2089条 | 已用302s ETA 123s
2026-08-26 09:29:59,585 | INFO  | [3700/5212] sz.002926 华西证券 取到2074条 | 已用302s ETA 123s
2026-08-26 09:29:59,585 | INFO  | [3701/5212] sz.002927 泰永长征 取到2065条 | 已用302s ETA 123s
2026-08-26 09:29:59,585 | INFO  | [3702/5212] sz.002928 华夏航空 取到2060条 | 已用302s ETA 123s
2026-08-26 09:29:59,585 | INFO  | [3703/5212] sz.002929 润建股份 取到2061条 | 已用302s ETA 123s
2026-08-26 09:29:59,585 | INFO  | [3704/5212] sz.002930 宏川智慧 取到2042条 | 已用302s ETA 123s
2026-08-26 09:30:01,442 | INFO  | [3705/5212] sz.002931 锋龙股份 取到2038条 | 已用304s ETA 124s
2026-08-26 09:30:01,442 | INFO  | [3706/5212] sz.002932 *ST明德 取到1973条 | 已用304s ETA 123s
2026-08-26 09:30:01,442 | INFO  | [3707/5212] sz.002933 新兴装备 取到1938条 | 已用304s ETA 123s
2026-08-26 09:30:01,442 | INFO  | [3708/5212] sz.002935 天奥电子 取到1934条 | 已用304s ETA 123s
2026-08-26 09:30:01,442 | INFO  | [3709/5212] sz.002936 郑州银行 取到1922条 | 已用304s ETA 123s
2026-08-26 09:30:01,442 | INFO  | [3710/5212] sz.002937 兴瑞科技 取到1918条 | 已用304s ETA 123s
2026-08-26 09:30:01,442 | INFO  | [3711/5212] sz.002938 鹏鼎控股 取到1923条 | 已用304s ETA 123s
2026-08-26 09:30:01,442 | INFO  | [3712/5212] sz.002939 长城证券 取到1901条 | 已用304s ETA 123s
2026-08-26 09:30:22,702 | INFO  | [3713/5212] sz.002949 华阳国际 取到1821条 | 已用325s ETA 131s
2026-08-26 09:30:22,703 | INFO  | [3714/5212] sz.002950 奥美医疗 取到1812条 | 已用325s ETA 131s
2026-08-26 09:30:22,703 | INFO  | [3715/5212] sz.002951 金时科技 取到1808条 | 已用325s ETA 131s
2026-08-26 09:30:22,703 | INFO  | [3716/5212] sz.002952 亚世光电 取到1799条 | 已用325s ETA 131s
2026-08-26 09:30:22,703 | INFO  | [3717/5212] sz.002953 日丰股份 取到1773条 | 已用325s ETA 131s
2026-08-26 09:30:22,703 | INFO  | [3718/5212] sz.002955 鸿合科技 取到1763条 | 已用325s ETA 131s
2026-08-26 09:30:22,703 | INFO  | [3719/5212] sz.002956 西麦食品 取到1745条 | 已用325s ETA 130s
2026-08-26 09:30:22,703 | INFO  | [3720/5212] sz.002957 科瑞技术 取到1718条 | 已用325s ETA 130s
2026-08-26 09:30:25,951 | INFO  | [3721/5212] sz.002940 昂利康 取到1904条 | 已用328s ETA 131s
2026-08-26 09:30:25,951 | INFO  | [3722/5212] sz.002941 新疆交建 取到1878条 | 已用328s ETA 131s
2026-08-26 09:30:25,951 | INFO  | [3723/5212] sz.002942 新农股份 取到1873条 | 已用328s ETA 131s
2026-08-26 09:30:25,951 | INFO  | [3724/5212] sz.002943 宇晶股份 取到1877条 | 已用328s ETA 131s
2026-08-26 09:30:25,951 | INFO  | [3725/5212] sz.002945 华林证券 取到1844条 | 已用328s ETA 131s
2026-08-26 09:30:25,951 | INFO  | [3726/5212] sz.002946 新乳业 取到1838条 | 已用328s ETA 131s
2026-08-26 09:30:25,951 | INFO  | [3727/5212] sz.002947 恒铭达 取到1833条 | 已用328s ETA 131s
2026-08-26 09:30:25,951 | INFO  | [3728/5212] sz.002948 青岛银行 取到1845条 | 已用328s ETA 131s
2026-08-26 09:30:30,727 | INFO  | [3729/5212] sz.002967 广电计量 取到1649条 | 已用333s ETA 132s
2026-08-26 09:30:30,727 | INFO  | [3730/5212] sz.002968 新大正 取到1632条 | 已用333s ETA 132s
2026-08-26 09:30:30,728 | INFO  | [3731/5212] sz.002969 嘉美包装 取到1633条 | 已用333s ETA 132s
2026-08-26 09:30:30,728 | INFO  | [3732/5212] sz.002970 锐明技术 取到1622条 | 已用333s ETA 132s
2026-08-26 09:30:30,728 | INFO  | [3733/5212] sz.002971 和远气体 取到1604条 | 已用333s ETA 132s
2026-08-26 09:30:30,728 | INFO  | [3734/5212] sz.002972 科安达 取到1614条 | 已用333s ETA 132s
2026-08-26 09:30:30,728 | INFO  | [3735/5212] sz.002973 侨银股份 取到1609条 | 已用333s ETA 132s
2026-08-26 09:30:30,728 | INFO  | [3736/5212] sz.002975 博杰股份 取到1593条 | 已用333s ETA 132s
2026-08-26 09:30:32,069 | INFO  | [3737/5212] sz.002958 青农商行 取到1801条 | 已用334s ETA 132s
2026-08-26 09:30:32,069 | INFO  | [3738/5212] sz.002959 小熊电器 取到1698条 | 已用334s ETA 132s
2026-08-26 09:30:32,069 | INFO  | [3739/5212] sz.002960 青鸟智控 取到1708条 | 已用334s ETA 132s
2026-08-26 09:30:32,069 | INFO  | [3740/5212] sz.002961 瑞达期货 取到1689条 | 已用334s ETA 132s
2026-08-26 09:30:32,069 | INFO  | [3741/5212] sz.002962 五方光电 取到1682条 | 已用334s ETA 131s
2026-08-26 09:30:32,069 | INFO  | [3742/5212] sz.002963 豪尔赛 取到1658条 | 已用334s ETA 131s
2026-08-26 09:30:32,069 | INFO  | [3743/5212] sz.002965 祥鑫科技 取到1659条 | 已用334s ETA 131s
2026-08-26 09:30:32,069 | INFO  | [3744/5212] sz.002966 苏州银行 取到1713条 | 已用334s ETA 131s
2026-08-26 09:30:52,517 | INFO  | [3745/5212] sz.003001 中岩大地 取到1426条 | 已用355s ETA 139s
2026-08-26 09:30:52,518 | INFO  | [3746/5212] sz.003002 壶化股份 取到1435条 | 已用355s ETA 139s
2026-08-26 09:30:52,518 | INFO  | [3747/5212] sz.003003 天元股份 取到1436条 | 已用355s ETA 139s
2026-08-26 09:30:52,518 | INFO  | [3748/5212] sz.003004 声迅股份 取到1394条 | 已用355s ETA 139s
2026-08-26 09:30:52,518 | INFO  | [3749/5212] sz.003005 竞业达 取到1435条 | 已用355s ETA 138s
2026-08-26 09:30:52,518 | INFO  | [3750/5212] sz.003006 百亚股份 取到1436条 | 已用355s ETA 138s
2026-08-26 09:30:52,518 | INFO  | [3751/5212] sz.003007 直真科技 取到1434条 | 已用355s ETA 138s
2026-08-26 09:30:52,518 | INFO  | [3752/5212] sz.003008 开普检测 取到1434条 | 已用355s ETA 138s
2026-08-26 09:30:55,489 | INFO  | [3753/5212] sz.002976 瑞玛精密 取到1571条 | 已用358s ETA 139s
2026-08-26 09:30:55,490 | INFO  | [3754/5212] sz.002977 *ST天箭 取到1564条 | 已用358s ETA 139s
2026-08-26 09:30:55,490 | INFO  | [3755/5212] sz.002978 安宁股份 取到1542条 | 已用358s ETA 139s
2026-08-26 09:30:55,490 | INFO  | [3756/5212] sz.002979 雷赛智能 取到1549条 | 已用358s ETA 139s
2026-08-26 09:30:55,490 | INFO  | [3757/5212] sz.002980 华盛昌 取到1544条 | 已用358s ETA 139s
2026-08-26 09:30:55,490 | INFO  | [3758/5212] sz.002981 朝阳科技 取到1542条 | 已用358s ETA 138s
2026-08-26 09:30:55,490 | INFO  | [3759/5212] sz.002982 湘佳股份 取到1537条 | 已用358s ETA 138s
2026-08-26 09:30:55,490 | INFO  | [3760/5212] sz.002983 芯瑞达 取到1535条 | 已用358s ETA 138s
2026-08-26 09:31:07,873 | INFO  | [3761/5212] sz.002992 宝明科技 取到1471条 | 已用370s ETA 143s
2026-08-26 09:31:07,873 | INFO  | [3762/5212] sz.002993 奥海科技 取到1461条 | 已用370s ETA 143s
2026-08-26 09:31:07,874 | INFO  | [3763/5212] sz.002995 天地在线 取到1469条 | 已用370s ETA 143s
2026-08-26 09:31:07,874 | INFO  | [3764/5212] sz.002996 顺博合金 取到1452条 | 已用370s ETA 142s
2026-08-26 09:31:07,874 | INFO  | [3765/5212] sz.002997 瑞鹄模具 取到1448条 | 已用370s ETA 142s
2026-08-26 09:31:07,874 | INFO  | [3766/5212] sz.002998 优彩资源 取到1432条 | 已用370s ETA 142s
2026-08-26 09:31:07,874 | INFO  | [3767/5212] sz.002999 天禾股份 取到1448条 | 已用370s ETA 142s
2026-08-26 09:31:07,874 | INFO  | [3768/5212] sz.003000 劲仔食品 取到1441条 | 已用370s ETA 142s
2026-08-26 09:31:12,792 | INFO  | [3769/5212] sz.002984 森麒麟 取到1442条 | 已用375s ETA 144s
2026-08-26 09:31:12,792 | INFO  | [3770/5212] sz.002985 北摩高科 取到1534条 | 已用375s ETA 143s
2026-08-26 09:31:12,792 | INFO  | [3771/5212] sz.002986 宇新股份 取到1513条 | 已用375s ETA 143s
2026-08-26 09:31:12,792 | INFO  | [3772/5212] sz.002987 京北方 取到1531条 | 已用375s ETA 143s
2026-08-26 09:31:12,792 | INFO  | [3773/5212] sz.002988 豪美新材 取到1524条 | 已用375s ETA 143s
2026-08-26 09:31:12,792 | INFO  | [3774/5212] sz.002989 中天精装 取到1507条 | 已用375s ETA 143s
2026-08-26 09:31:12,792 | INFO  | [3775/5212] sz.002990 盛视科技 取到1519条 | 已用375s ETA 143s
2026-08-26 09:31:12,792 | INFO  | [3776/5212] sz.002991 甘源食品 取到1472条 | 已用375s ETA 143s
2026-08-26 09:31:14,198 | INFO  | [3777/5212] sz.003009 中天火箭 取到1432条 | 已用376s ETA 143s
2026-08-26 09:31:14,199 | INFO  | [3778/5212] sz.003010 若羽臣 取到1432条 | 已用376s ETA 143s
2026-08-26 09:31:14,199 | INFO  | [3779/5212] sz.003011 海象新材 取到1429条 | 已用376s ETA 143s
2026-08-26 09:31:14,199 | INFO  | [3780/5212] sz.003012 东鹏控股 取到1422条 | 已用376s ETA 143s
2026-08-26 09:31:14,199 | INFO  | [3781/5212] sz.003013 地铁设计 取到1419条 | 已用376s ETA 142s
2026-08-26 09:31:14,199 | INFO  | [3782/5212] sz.003015 日久光电 取到1420条 | 已用376s ETA 142s
2026-08-26 09:31:14,199 | INFO  | [3783/5212] sz.003016 欣贺股份 取到1417条 | 已用376s ETA 142s
2026-08-26 09:31:14,199 | INFO  | [3784/5212] sz.003017 大洋生物 取到1417条 | 已用376s ETA 142s
2026-08-26 09:31:17,359 | INFO  | [3785/5212] sz.003018 金富科技 取到1408条 | 已用380s ETA 143s
2026-08-26 09:31:17,359 | INFO  | [3786/5212] sz.003019 宸展光电 取到1401条 | 已用380s ETA 143s
2026-08-26 09:31:17,359 | INFO  | [3787/5212] sz.003020 立方制药 取到1381条 | 已用380s ETA 143s
2026-08-26 09:31:17,359 | INFO  | [3788/5212] sz.003021 兆威机电 取到1388条 | 已用380s ETA 143s
2026-08-26 09:31:17,359 | INFO  | [3789/5212] sz.003022 联泓新科 取到1386条 | 已用380s ETA 143s
2026-08-26 09:31:17,359 | INFO  | [3790/5212] sz.003023 彩虹集团 取到1383条 | 已用380s ETA 142s
2026-08-26 09:31:17,359 | INFO  | [3791/5212] sz.003025 思进智能 取到1383条 | 已用380s ETA 142s
2026-08-26 09:31:17,359 | INFO  | [3792/5212] sz.003026 中晶科技 取到1378条 | 已用380s ETA 142s
2026-08-26 09:31:34,190 | INFO  | [3793/5212] sz.003027 同兴科技 取到1378条 | 已用396s ETA 148s
2026-08-26 09:31:34,190 | INFO  | [3794/5212] sz.003028 振邦智能 取到1372条 | 已用396s ETA 148s
2026-08-26 09:31:34,190 | INFO  | [3795/5212] sz.003029 吉大正元 取到1374条 | 已用396s ETA 148s
2026-08-26 09:31:34,191 | INFO  | [3796/5212] sz.003030 祖名股份 取到1366条 | 已用396s ETA 148s
2026-08-26 09:31:34,191 | INFO  | [3797/5212] sz.003031 中瓷电子 取到1368条 | 已用396s ETA 148s
2026-08-26 09:31:34,191 | INFO  | [3798/5212] sz.003032 传智教育 取到1362条 | 已用396s ETA 148s
2026-08-26 09:31:34,191 | INFO  | [3799/5212] sz.003033 征和工业 取到1363条 | 已用396s ETA 147s
2026-08-26 09:31:34,191 | INFO  | [3800/5212] sz.003035 南网能源 取到1357条 | 已用396s ETA 147s
2026-08-26 09:31:35,099 | INFO  | [3801/5212] sz.003036 泰坦股份 取到1350条 | 已用397s ETA 147s
2026-08-26 09:31:35,099 | INFO  | [3802/5212] sz.003037 三和管桩 取到1345条 | 已用397s ETA 147s
2026-08-26 09:31:35,100 | INFO  | [3803/5212] sz.003038 鑫铂股份 取到1341条 | 已用397s ETA 147s
2026-08-26 09:31:35,100 | INFO  | [3804/5212] sz.003039 顺控发展 取到1328条 | 已用397s ETA 147s
2026-08-26 09:31:35,100 | INFO  | [3805/5212] sz.003040 楚天龙 取到1318条 | 已用397s ETA 147s
2026-08-26 09:31:35,100 | INFO  | [3806/5212] sz.003041 真爱美家 取到1308条 | 已用397s ETA 147s
2026-08-26 09:31:35,100 | INFO  | [3807/5212] sz.003042 中农联合 取到1308条 | 已用397s ETA 147s
2026-08-26 09:31:35,100 | INFO  | [3808/5212] sz.003043 华亚智能 取到1308条 | 已用397s ETA 146s
2026-08-26 09:32:05,647 | INFO  | [3809/5212] sz.300008 天海防务 取到2425条 | 已用428s ETA 158s
2026-08-26 09:32:05,647 | INFO  | [3810/5212] sz.300009 安科生物 取到2425条 | 已用428s ETA 157s
2026-08-26 09:32:05,647 | INFO  | [3811/5212] sz.300010 ST豆神 取到2425条 | 已用428s ETA 157s
2026-08-26 09:32:05,647 | INFO  | [3812/5212] sz.300011 鼎汉技术 取到2425条 | 已用428s ETA 157s
2026-08-26 09:32:05,647 | INFO  | [3813/5212] sz.300012 华测检测 取到2425条 | 已用428s ETA 157s
2026-08-26 09:32:05,647 | INFO  | [3814/5212] sz.300013 新宁物流 取到2425条 | 已用428s ETA 157s
2026-08-26 09:32:05,647 | INFO  | [3815/5212] sz.300014 亿纬锂能 取到2425条 | 已用428s ETA 157s
2026-08-26 09:32:05,647 | INFO  | [3816/5212] sz.300015 爱尔眼科 取到2425条 | 已用428s ETA 157s
2026-08-26 09:32:12,440 | INFO  | [3817/5212] sz.300016 北陆药业 取到2425条 | 已用435s ETA 159s
2026-08-26 09:32:12,440 | INFO  | [3818/5212] sz.300017 网宿科技 取到2425条 | 已用435s ETA 159s
2026-08-26 09:32:12,440 | INFO  | [3819/5212] sz.300018 中元股份 取到2425条 | 已用435s ETA 159s
2026-08-26 09:32:12,440 | INFO  | [3820/5212] sz.300019 硅宝科技 取到2425条 | 已用435s ETA 158s
2026-08-26 09:32:12,440 | INFO  | [3821/5212] sz.300020 ST银江 取到2425条 | 已用435s ETA 158s
2026-08-26 09:32:12,440 | INFO  | [3822/5212] sz.300021 大禹节水 取到2425条 | 已用435s ETA 158s
2026-08-26 09:32:12,440 | INFO  | [3823/5212] sz.300022 吉峰科技 取到2425条 | 已用435s ETA 158s
2026-08-26 09:32:12,440 | INFO  | [3824/5212] sz.300024 机器人 取到2425条 | 已用435s ETA 158s
2026-08-26 09:32:27,235 | INFO  | [3825/5212] sz.300025 华星创业 取到2425条 | 已用449s ETA 163s
2026-08-26 09:32:27,235 | INFO  | [3826/5212] sz.300026 红日药业 取到2425条 | 已用449s ETA 163s
2026-08-26 09:32:27,235 | INFO  | [3827/5212] sz.300027 ST华谊 取到2425条 | 已用449s ETA 163s
2026-08-26 09:32:27,236 | INFO  | [3828/5212] sz.300030 阳普医疗 取到2425条 | 已用449s ETA 162s
2026-08-26 09:32:27,236 | INFO  | [3829/5212] sz.300031 宝通科技 取到2425条 | 已用449s ETA 162s
2026-08-26 09:32:27,236 | INFO  | [3830/5212] sz.300032 金龙机电 取到2425条 | 已用449s ETA 162s
2026-08-26 09:32:27,236 | INFO  | [3831/5212] sz.300033 同花顺 取到2425条 | 已用449s ETA 162s
2026-08-26 09:32:27,236 | INFO  | [3832/5212] sz.300034 钢研高纳 取到2425条 | 已用449s ETA 162s
2026-08-26 09:32:31,569 | INFO  | [3833/5212] sz.003816 中国广核 取到1697条 | 已用454s ETA 163s
2026-08-26 09:32:31,569 | INFO  | [3834/5212] sz.300001 特锐德 取到2425条 | 已用454s ETA 163s
2026-08-26 09:32:31,569 | INFO  | [3835/5212] sz.300002 神州泰岳 取到2425条 | 已用454s ETA 163s
2026-08-26 09:32:31,569 | INFO  | [3836/5212] sz.300003 乐普医疗 取到2425条 | 已用454s ETA 163s
2026-08-26 09:32:31,569 | INFO  | [3837/5212] sz.300004 南风股份 取到2425条 | 已用454s ETA 163s
2026-08-26 09:32:31,569 | INFO  | [3838/5212] sz.300005 探路者 取到2425条 | 已用454s ETA 162s
2026-08-26 09:32:31,569 | INFO  | [3839/5212] sz.300006 莱美药业 取到2425条 | 已用454s ETA 162s
2026-08-26 09:32:31,569 | INFO  | [3840/5212] sz.300007 汉威科技 取到2425条 | 已用454s ETA 162s
2026-08-26 09:32:39,616 | INFO  | [3841/5212] sz.300044 *ST赛为 取到2425条 | 已用462s ETA 165s
2026-08-26 09:32:39,616 | INFO  | [3842/5212] sz.300045 华力创通 取到2425条 | 已用462s ETA 165s
2026-08-26 09:32:39,616 | INFO  | [3843/5212] sz.300046 台基股份 取到2425条 | 已用462s ETA 165s
2026-08-26 09:32:39,616 | INFO  | [3844/5212] sz.300047 天源迪科 取到2425条 | 已用462s ETA 164s
2026-08-26 09:32:39,616 | INFO  | [3845/5212] sz.300048 合康新能 取到2425条 | 已用462s ETA 164s
2026-08-26 09:32:39,616 | INFO  | [3846/5212] sz.300049 福瑞医科 取到2425条 | 已用462s ETA 164s
2026-08-26 09:32:39,616 | INFO  | [3847/5212] sz.300050 世纪鼎利 取到2425条 | 已用462s ETA 164s
2026-08-26 09:32:39,616 | INFO  | [3848/5212] sz.300051 琏升科技 取到2425条 | 已用462s ETA 164s
2026-08-26 09:33:10,910 | INFO  | [3849/5212] sz.300070 碧水源 取到2425条 | 已用493s ETA 175s
2026-08-26 09:33:10,910 | INFO  | [3850/5212] sz.300071 福石控股 取到2425条 | 已用493s ETA 174s
2026-08-26 09:33:10,910 | INFO  | [3851/5212] sz.300072 海新能科 取到2425条 | 已用493s ETA 174s
2026-08-26 09:33:10,910 | INFO  | [3852/5212] sz.300073 当升科技 取到2425条 | 已用493s ETA 174s
2026-08-26 09:33:10,910 | INFO  | [3853/5212] sz.300074 华平股份 取到2425条 | 已用493s ETA 174s
2026-08-26 09:33:10,911 | INFO  | [3854/5212] sz.300075 数字政通 取到2425条 | 已用493s ETA 174s
2026-08-26 09:33:10,911 | INFO  | [3855/5212] sz.300076 *ST宁视 取到2425条 | 已用493s ETA 174s
2026-08-26 09:33:10,911 | INFO  | [3856/5212] sz.300077 国民技术 取到2425条 | 已用493s ETA 173s
2026-08-26 09:33:11,801 | INFO  | [3857/5212] sz.300061 旗天科技 取到2425条 | 已用494s ETA 174s
2026-08-26 09:33:11,801 | INFO  | [3858/5212] sz.300062 中能电气 取到2425条 | 已用494s ETA 173s
2026-08-26 09:33:11,801 | INFO  | [3859/5212] sz.300063 天龙集团 取到2425条 | 已用494s ETA 173s
2026-08-26 09:33:11,802 | INFO  | [3860/5212] sz.300065 海兰信 取到2425条 | 已用494s ETA 173s
2026-08-26 09:33:11,802 | INFO  | [3861/5212] sz.300066 三川智慧 取到2425条 | 已用494s ETA 173s
2026-08-26 09:33:11,802 | INFO  | [3862/5212] sz.300067 安诺其 取到2425条 | 已用494s ETA 173s
2026-08-26 09:33:11,802 | INFO  | [3863/5212] sz.300068 ST南都 取到2425条 | 已用494s ETA 173s
2026-08-26 09:33:11,802 | INFO  | [3864/5212] sz.300069 金利华电 取到2425条 | 已用494s ETA 172s
2026-08-26 09:33:19,119 | INFO  | [3865/5212] sz.300035 中科电气 取到2425条 | 已用501s ETA 175s
2026-08-26 09:33:19,119 | INFO  | [3866/5212] sz.300036 超图软件 取到2425条 | 已用501s ETA 175s
2026-08-26 09:33:19,119 | INFO  | [3867/5212] sz.300037 新宙邦 取到2425条 | 已用501s ETA 174s
2026-08-26 09:33:19,119 | INFO  | [3868/5212] sz.300039 上海凯宝 取到2425条 | 已用501s ETA 174s
2026-08-26 09:33:19,119 | INFO  | [3869/5212] sz.300040 九洲集团 取到2425条 | 已用501s ETA 174s
2026-08-26 09:33:19,119 | INFO  | [3870/5212] sz.300041 回天新材 取到2425条 | 已用501s ETA 174s
2026-08-26 09:33:19,119 | INFO  | [3871/5212] sz.300042 朗科科技 取到2425条 | 已用501s ETA 174s
2026-08-26 09:33:19,119 | INFO  | [3872/5212] sz.300043 星辉娱乐 取到2425条 | 已用501s ETA 173s
2026-08-26 09:33:25,694 | INFO  | [3873/5212] sz.300052 中青宝 取到2425条 | 已用508s ETA 176s
2026-08-26 09:33:25,694 | INFO  | [3874/5212] sz.300053 航宇微 取到2425条 | 已用508s ETA 175s
2026-08-26 09:33:25,694 | INFO  | [3875/5212] sz.300054 鼎龙股份 取到2425条 | 已用508s ETA 175s
2026-08-26 09:33:25,694 | INFO  | [3876/5212] sz.300055 万邦达 取到2425条 | 已用508s ETA 175s
2026-08-26 09:33:25,694 | INFO  | [3877/5212] sz.300056 中创环保 取到2425条 | 已用508s ETA 175s
2026-08-26 09:33:25,694 | INFO  | [3878/5212] sz.300057 万顺新材 取到2425条 | 已用508s ETA 175s
2026-08-26 09:33:25,694 | INFO  | [3879/5212] sz.300058 蓝色光标 取到2425条 | 已用508s ETA 175s
2026-08-26 09:33:25,694 | INFO  | [3880/5212] sz.300059 东方财富 取到2425条 | 已用508s ETA 174s
2026-08-26 09:33:46,006 | INFO  | [3881/5212] sz.300086 康芝药业 取到2425条 | 已用528s ETA 181s
2026-08-26 09:33:46,006 | INFO  | [3882/5212] sz.300087 ST荃银 取到2425条 | 已用528s ETA 181s
2026-08-26 09:33:46,006 | INFO  | [3883/5212] sz.300088 长信科技 取到2425条 | 已用528s ETA 181s
2026-08-26 09:33:46,006 | INFO  | [3884/5212] sz.300091 *ST金灵 取到2425条 | 已用528s ETA 181s
2026-08-26 09:33:46,007 | INFO  | [3885/5212] sz.300092 科新机电 取到2425条 | 已用528s ETA 180s
2026-08-26 09:33:46,007 | INFO  | [3886/5212] sz.300093 金刚光伏 取到2425条 | 已用528s ETA 180s
2026-08-26 09:33:46,007 | INFO  | [3887/5212] sz.300094 国联水产 取到2425条 | 已用528s ETA 180s
2026-08-26 09:33:46,007 | INFO  | [3888/5212] sz.300095 华伍股份 取到2425条 | 已用528s ETA 180s
2026-08-26 09:33:53,138 | INFO  | [3889/5212] sz.300078 思创智联 取到2425条 | 已用535s ETA 182s
2026-08-26 09:33:53,140 | INFO  | [3890/5212] sz.300079 数码视讯 取到2425条 | 已用535s ETA 182s
2026-08-26 09:33:53,140 | INFO  | [3891/5212] sz.300080 易成新能 取到2425条 | 已用535s ETA 182s
2026-08-26 09:33:53,140 | INFO  | [3892/5212] sz.300081 ST恒信 取到2425条 | 已用535s ETA 182s
2026-08-26 09:33:53,140 | INFO  | [3893/5212] sz.300082 奥克股份 取到2425条 | 已用535s ETA 181s
2026-08-26 09:33:53,140 | INFO  | [3894/5212] sz.300083 创世纪 取到2425条 | 已用535s ETA 181s
2026-08-26 09:33:53,140 | INFO  | [3895/5212] sz.300084 海默科技 取到2425条 | 已用535s ETA 181s
2026-08-26 09:33:53,140 | INFO  | [3896/5212] sz.300085 银之杰 取到2425条 | 已用535s ETA 181s
2026-08-26 09:34:00,486 | INFO  | [3897/5212] sz.300096 ST易联众 取到2425条 | 已用543s ETA 183s
2026-08-26 09:34:00,487 | INFO  | [3898/5212] sz.300097 智云股份 取到2425条 | 已用543s ETA 183s
2026-08-26 09:34:00,487 | INFO  | [3899/5212] sz.300098 高新兴 取到2425条 | 已用543s ETA 183s
2026-08-26 09:34:00,487 | INFO  | [3900/5212] sz.300099 尤洛卡 取到2425条 | 已用543s ETA 183s
2026-08-26 09:34:00,487 | INFO  | [3901/5212] sz.300100 双林股份 取到2425条 | 已用543s ETA 182s
2026-08-26 09:34:00,487 | INFO  | [3902/5212] sz.300101 振芯科技 取到2425条 | 已用543s ETA 182s
2026-08-26 09:34:00,487 | INFO  | [3903/5212] sz.300102 乾照光电 取到2425条 | 已用543s ETA 182s
2026-08-26 09:34:00,487 | INFO  | [3904/5212] sz.300103 达刚控股 取到2425条 | 已用543s ETA 182s
2026-08-26 09:34:02,733 | INFO  | [3905/5212] sz.300105 龙源技术 取到2425条 | 已用545s ETA 182s
2026-08-26 09:34:02,733 | INFO  | [3906/5212] sz.300106 西部牧业 取到2425条 | 已用545s ETA 182s
2026-08-26 09:34:02,733 | INFO  | [3907/5212] sz.300107 建新股份 取到2425条 | 已用545s ETA 182s
2026-08-26 09:34:02,733 | INFO  | [3908/5212] sz.300109 新开源 取到2425条 | 已用545s ETA 182s
2026-08-26 09:34:02,733 | INFO  | [3909/5212] sz.300110 华仁药业 取到2425条 | 已用545s ETA 182s
2026-08-26 09:34:02,733 | INFO  | [3910/5212] sz.300111 向日葵 取到2425条 | 已用545s ETA 181s
2026-08-26 09:34:02,733 | INFO  | [3911/5212] sz.300112 万讯自控 取到2425条 | 已用545s ETA 181s
2026-08-26 09:34:02,733 | INFO  | [3912/5212] sz.300113 顺网科技 取到2425条 | 已用545s ETA 181s
2026-08-26 09:34:37,860 | INFO  | [3913/5212] sz.300125 聆达股份 取到2425条 | 已用580s ETA 193s
2026-08-26 09:34:37,860 | INFO  | [3914/5212] sz.300126 锐奇股份 取到2425条 | 已用580s ETA 192s
2026-08-26 09:34:37,860 | INFO  | [3915/5212] sz.300127 银河磁体 取到2425条 | 已用580s ETA 192s
2026-08-26 09:34:37,860 | INFO  | [3916/5212] sz.300128 锦富技术 取到2425条 | 已用580s ETA 192s
2026-08-26 09:34:37,860 | INFO  | [3917/5212] sz.300129 泰胜风能 取到2425条 | 已用580s ETA 192s
2026-08-26 09:34:37,860 | INFO  | [3918/5212] sz.300130 新国都 取到2425条 | 已用580s ETA 192s
2026-08-26 09:34:37,860 | INFO  | [3919/5212] sz.300131 英唐智控 取到2425条 | 已用580s ETA 191s
2026-08-26 09:34:37,860 | INFO  | [3920/5212] sz.300132 诺斯贝尔 取到2425条 | 已用580s ETA 191s
2026-08-26 09:34:40,297 | INFO  | [3921/5212] sz.300115 长盈精密 取到2425条 | 已用582s ETA 192s
2026-08-26 09:34:40,297 | INFO  | [3922/5212] sz.300118 东方日升 取到2425条 | 已用582s ETA 192s
2026-08-26 09:34:40,298 | INFO  | [3923/5212] sz.300119 瑞普生物 取到2425条 | 已用582s ETA 191s
2026-08-26 09:34:40,298 | INFO  | [3924/5212] sz.300120 经纬辉开 取到2425条 | 已用582s ETA 191s
2026-08-26 09:34:40,298 | INFO  | [3925/5212] sz.300121 阳谷华泰 取到2425条 | 已用582s ETA 191s
2026-08-26 09:34:40,298 | INFO  | [3926/5212] sz.300122 智飞生物 取到2425条 | 已用582s ETA 191s
2026-08-26 09:34:40,298 | INFO  | [3927/5212] sz.300123 ST亚光 取到2425条 | 已用582s ETA 191s
2026-08-26 09:34:40,298 | INFO  | [3928/5212] sz.300124 汇川技术 取到2425条 | 已用582s ETA 190s
2026-08-26 09:34:43,843 | INFO  | [3929/5212] sz.300133 华策影视 取到2425条 | 已用586s ETA 191s
2026-08-26 09:34:43,843 | INFO  | [3930/5212] sz.300134 大富科技 取到2425条 | 已用586s ETA 191s
2026-08-26 09:34:43,843 | INFO  | [3931/5212] sz.300135 宝利国际 取到2425条 | 已用586s ETA 191s
2026-08-26 09:34:43,843 | INFO  | [3932/5212] sz.300136 信维通信 取到2425条 | 已用586s ETA 191s
2026-08-26 09:34:43,843 | INFO  | [3933/5212] sz.300137 先河环保 取到2425条 | 已用586s ETA 191s
2026-08-26 09:34:43,843 | INFO  | [3934/5212] sz.300138 晨光生物 取到2425条 | 已用586s ETA 190s
2026-08-26 09:34:43,843 | INFO  | [3935/5212] sz.300139 晓程科技 取到2425条 | 已用586s ETA 190s
2026-08-26 09:34:43,843 | INFO  | [3936/5212] sz.300140 节能环境 取到2425条 | 已用586s ETA 190s
2026-08-26 09:34:45,925 | INFO  | [3937/5212] sz.300141 和顺电气 取到2425条 | 已用588s ETA 190s
2026-08-26 09:34:45,927 | INFO  | [3938/5212] sz.300142 沃森生物 取到2425条 | 已用588s ETA 190s
2026-08-26 09:34:45,927 | INFO  | [3939/5212] sz.300143 盈康生命 取到2425条 | 已用588s ETA 190s
2026-08-26 09:34:45,927 | INFO  | [3940/5212] sz.300144 宋城演艺 取到2425条 | 已用588s ETA 190s
2026-08-26 09:34:45,927 | INFO  | [3941/5212] sz.300145 南方泵业 取到2425条 | 已用588s ETA 190s
2026-08-26 09:34:45,927 | INFO  | [3942/5212] sz.300146 汤臣倍健 取到2425条 | 已用588s ETA 189s
2026-08-26 09:34:45,927 | INFO  | [3943/5212] sz.300147 *ST香雪 取到2425条 | 已用588s ETA 189s
2026-08-26 09:34:45,927 | INFO  | [3944/5212] sz.300148 天舟文化 取到2425条 | 已用588s ETA 189s
2026-08-26 09:35:20,977 | INFO  | [3945/5212] sz.300149 睿智医药 取到2425条 | 已用623s ETA 200s
2026-08-26 09:35:20,977 | INFO  | [3946/5212] sz.300150 世纪瑞尔 取到2425条 | 已用623s ETA 200s
2026-08-26 09:35:20,978 | INFO  | [3947/5212] sz.300151 昌红科技 取到2425条 | 已用623s ETA 200s
2026-08-26 09:35:20,978 | INFO  | [3948/5212] sz.300152 *ST动力 取到2425条 | 已用623s ETA 200s
2026-08-26 09:35:20,978 | INFO  | [3949/5212] sz.300153 科泰电源 取到2425条 | 已用623s ETA 199s
2026-08-26 09:35:20,978 | INFO  | [3950/5212] sz.300154 瑞凌股份 取到2425条 | 已用623s ETA 199s
2026-08-26 09:35:20,978 | INFO  | [3951/5212] sz.300155 安居宝 取到2425条 | 已用623s ETA 199s
2026-08-26 09:35:20,978 | INFO  | [3952/5212] sz.300157 新锦动力 取到2425条 | 已用623s ETA 199s
2026-08-26 09:35:25,469 | INFO  | [3953/5212] sz.300158 振东制药 取到2425条 | 已用628s ETA 200s
2026-08-26 09:35:25,469 | INFO  | [3954/5212] sz.300159 新研股份 取到2425条 | 已用628s ETA 200s
2026-08-26 09:35:25,469 | INFO  | [3955/5212] sz.300160 秀强股份 取到2425条 | 已用628s ETA 199s
2026-08-26 09:35:25,469 | INFO  | [3956/5212] sz.300161 华中数控 取到2425条 | 已用628s ETA 199s
2026-08-26 09:35:25,469 | INFO  | [3957/5212] sz.300162 雷曼光电 取到2425条 | 已用628s ETA 199s
2026-08-26 09:35:25,469 | INFO  | [3958/5212] sz.300163 先锋新材 取到2425条 | 已用628s ETA 199s
2026-08-26 09:35:25,469 | INFO  | [3959/5212] sz.300164 通源石油 取到2425条 | 已用628s ETA 199s
2026-08-26 09:35:25,469 | INFO  | [3960/5212] sz.300165 天瑞仪器 取到2425条 | 已用628s ETA 198s
2026-08-26 09:35:27,029 | INFO  | [3961/5212] sz.300166 东方国信 取到2425条 | 已用629s ETA 199s
2026-08-26 09:35:27,029 | INFO  | [3962/5212] sz.300167 ST迪威迅 取到2425条 | 已用629s ETA 199s
2026-08-26 09:35:27,029 | INFO  | [3963/5212] sz.300168 万达信息 取到2425条 | 已用629s ETA 198s
2026-08-26 09:35:27,029 | INFO  | [3964/5212] sz.300169 天晟新材 取到2425条 | 已用629s ETA 198s
2026-08-26 09:35:27,029 | INFO  | [3965/5212] sz.300170 汉得信息 取到2425条 | 已用629s ETA 198s
2026-08-26 09:35:27,029 | INFO  | [3966/5212] sz.300171 东富龙 取到2425条 | 已用629s ETA 198s
2026-08-26 09:35:27,029 | INFO  | [3967/5212] sz.300172 中电环保 取到2425条 | 已用629s ETA 197s
2026-08-26 09:35:27,029 | INFO  | [3968/5212] sz.300173 ST福能 取到2425条 | 已用629s ETA 197s
2026-08-26 09:35:45,017 | INFO  | [3969/5212] sz.300174 元力股份 取到2425条 | 已用647s ETA 203s
2026-08-26 09:35:45,017 | INFO  | [3970/5212] sz.300175 朗源股份 取到2425条 | 已用647s ETA 202s
2026-08-26 09:35:45,017 | INFO  | [3971/5212] sz.300176 鸿特科技 取到2425条 | 已用647s ETA 202s
2026-08-26 09:35:45,017 | INFO  | [3972/5212] sz.300177 中海达 取到2425条 | 已用647s ETA 202s
2026-08-26 09:35:45,017 | INFO  | [3973/5212] sz.300179 四方达 取到2425条 | 已用647s ETA 202s
2026-08-26 09:35:45,017 | INFO  | [3974/5212] sz.300180 华峰超纤 取到2425条 | 已用647s ETA 202s
2026-08-26 09:35:45,017 | INFO  | [3975/5212] sz.300181 佐力药业 取到2425条 | 已用647s ETA 201s
2026-08-26 09:35:45,017 | INFO  | [3976/5212] sz.300182 捷成股份 取到2425条 | 已用647s ETA 201s
2026-08-26 09:36:04,023 | INFO  | [3977/5212] sz.300192 科德教育 取到2425条 | 已用666s ETA 207s
2026-08-26 09:36:04,023 | INFO  | [3978/5212] sz.300193 佳士科技 取到2425条 | 已用666s ETA 207s
2026-08-26 09:36:04,023 | INFO  | [3979/5212] sz.300194 福安药业 取到2425条 | 已用666s ETA 206s
2026-08-26 09:36:04,023 | INFO  | [3980/5212] sz.300195 长荣股份 取到2425条 | 已用666s ETA 206s
2026-08-26 09:36:04,023 | INFO  | [3981/5212] sz.300196 长海股份 取到2425条 | 已用666s ETA 206s
2026-08-26 09:36:04,023 | INFO  | [3982/5212] sz.300197 节能铁汉 取到2425条 | 已用666s ETA 206s
2026-08-26 09:36:04,023 | INFO  | [3983/5212] sz.300198 *ST纳川 取到2425条 | 已用666s ETA 206s
2026-08-26 09:36:04,023 | INFO  | [3984/5212] sz.300199 翰宇药业 取到2425条 | 已用666s ETA 205s
2026-08-26 09:36:08,342 | INFO  | [3985/5212] sz.300200 高盟新材 取到2425条 | 已用671s ETA 206s
2026-08-26 09:36:08,342 | INFO  | [3986/5212] sz.300201 海伦哲 取到2425条 | 已用671s ETA 206s
2026-08-26 09:36:08,342 | INFO  | [3987/5212] sz.300203 聚光科技 取到2425条 | 已用671s ETA 206s
2026-08-26 09:36:08,342 | INFO  | [3988/5212] sz.300204 舒泰神 取到2425条 | 已用671s ETA 206s
2026-08-26 09:36:08,342 | INFO  | [3989/5212] sz.300205 *ST天喻 取到2425条 | 已用671s ETA 206s
2026-08-26 09:36:08,342 | INFO  | [3990/5212] sz.300206 理邦仪器 取到2425条 | 已用671s ETA 205s
2026-08-26 09:36:08,342 | INFO  | [3991/5212] sz.300207 欣旺达 取到2425条 | 已用671s ETA 205s
2026-08-26 09:36:08,342 | INFO  | [3992/5212] sz.300209 行云科技 取到2425条 | 已用671s ETA 205s
2026-08-26 09:36:27,136 | INFO  | [3993/5212] sz.300210 森远股份 取到2425条 | 已用689s ETA 210s
2026-08-26 09:36:27,136 | INFO  | [3994/5212] sz.300211 *ST亿通 取到2425条 | 已用689s ETA 210s
2026-08-26 09:36:27,136 | INFO  | [3995/5212] sz.300212 *ST易录 取到2425条 | 已用689s ETA 210s
2026-08-26 09:36:27,136 | INFO  | [3996/5212] sz.300213 佳讯飞鸿 取到2425条 | 已用689s ETA 210s
2026-08-26 09:36:27,136 | INFO  | [3997/5212] sz.300214 日科化学 取到2425条 | 已用689s ETA 210s
2026-08-26 09:36:27,136 | INFO  | [3998/5212] sz.300215 电科院 取到2425条 | 已用689s ETA 209s
2026-08-26 09:36:27,136 | INFO  | [3999/5212] sz.300217 东方电热 取到2425条 | 已用689s ETA 209s
2026-08-26 09:36:27,136 | INFO  | [4000/5212] sz.300218 安利股份 取到2425条 | 已用689s ETA 209s
2026-08-26 09:36:34,786 | INFO  | [4001/5212] sz.300183 东软载波 取到2425条 | 已用697s ETA 211s
2026-08-26 09:36:34,786 | INFO  | [4002/5212] sz.300184 力源信息 取到2425条 | 已用697s ETA 211s
2026-08-26 09:36:34,786 | INFO  | [4003/5212] sz.300185 通裕重工 取到2425条 | 已用697s ETA 211s
2026-08-26 09:36:34,786 | INFO  | [4004/5212] sz.300187 永清环保 取到2425条 | 已用697s ETA 210s
2026-08-26 09:36:34,786 | INFO  | [4005/5212] sz.300188 国投智能 取到2425条 | 已用697s ETA 210s
2026-08-26 09:36:34,786 | INFO  | [4006/5212] sz.300189 神农种业 取到2425条 | 已用697s ETA 210s
2026-08-26 09:36:34,787 | INFO  | [4007/5212] sz.300190 维尔利 取到2425条 | 已用697s ETA 210s
2026-08-26 09:36:34,787 | INFO  | [4008/5212] sz.300191 潜能恒信 取到2425条 | 已用697s ETA 209s
2026-08-26 09:36:47,265 | INFO  | [4009/5212] sz.300227 光韵达 取到2425条 | 已用709s ETA 213s
2026-08-26 09:36:47,265 | INFO  | [4010/5212] sz.300228 富瑞特装 取到2425条 | 已用709s ETA 213s
2026-08-26 09:36:47,265 | INFO  | [4011/5212] sz.300229 拓尔思 取到2425条 | 已用709s ETA 212s
2026-08-26 09:36:47,265 | INFO  | [4012/5212] sz.300230 永利股份 取到2425条 | 已用709s ETA 212s
2026-08-26 09:36:47,265 | INFO  | [4013/5212] sz.300231 银信科技 取到2425条 | 已用709s ETA 212s
2026-08-26 09:36:47,265 | INFO  | [4014/5212] sz.300232 洲明科技 取到2425条 | 已用709s ETA 212s
2026-08-26 09:36:47,265 | INFO  | [4015/5212] sz.300233 金城医药 取到2425条 | 已用709s ETA 212s
2026-08-26 09:36:47,265 | INFO  | [4016/5212] sz.300234 开尔新材 取到2425条 | 已用709s ETA 211s
2026-08-26 09:36:59,011 | INFO  | [4017/5212] sz.300219 鸿利智汇 取到2425条 | 已用721s ETA 215s
2026-08-26 09:36:59,011 | INFO  | [4018/5212] sz.300220 金运激光 取到2425条 | 已用721s ETA 214s
2026-08-26 09:36:59,011 | INFO  | [4019/5212] sz.300221 银禧科技 取到2425条 | 已用721s ETA 214s
2026-08-26 09:36:59,011 | INFO  | [4020/5212] sz.300222 科大智能 取到2425条 | 已用721s ETA 214s
2026-08-26 09:36:59,011 | INFO  | [4021/5212] sz.300223 君正股份 取到2425条 | 已用721s ETA 214s
2026-08-26 09:36:59,011 | INFO  | [4022/5212] sz.300224 正海磁材 取到2425条 | 已用721s ETA 213s
2026-08-26 09:36:59,011 | INFO  | [4023/5212] sz.300225 金力泰 取到2425条 | 已用721s ETA 213s
2026-08-26 09:36:59,012 | INFO  | [4024/5212] sz.300226 上海钢联 取到2425条 | 已用721s ETA 213s
2026-08-26 09:37:09,500 | INFO  | [4025/5212] sz.300235 方直科技 取到2425条 | 已用732s ETA 216s
2026-08-26 09:37:09,500 | INFO  | [4026/5212] sz.300236 上海新阳 取到2425条 | 已用732s ETA 216s
2026-08-26 09:37:09,500 | INFO  | [4027/5212] sz.300237 ST美晨 取到2425条 | 已用732s ETA 215s
2026-08-26 09:37:09,500 | INFO  | [4028/5212] sz.300238 冠昊生物 取到2425条 | 已用732s ETA 215s
2026-08-26 09:37:09,500 | INFO  | [4029/5212] sz.300239 东宝生物 取到2425条 | 已用732s ETA 215s
2026-08-26 09:37:09,500 | INFO  | [4030/5212] sz.300240 飞力达 取到2425条 | 已用732s ETA 215s
2026-08-26 09:37:09,500 | INFO  | [4031/5212] sz.300241 瑞丰光电 取到2425条 | 已用732s ETA 214s
2026-08-26 09:37:09,500 | INFO  | [4032/5212] sz.300242 佳云科技 取到2425条 | 已用732s ETA 214s
2026-08-26 09:37:29,193 | INFO  | [4033/5212] sz.300243 瑞丰高材 取到2425条 | 已用751s ETA 220s
2026-08-26 09:37:29,193 | INFO  | [4034/5212] sz.300244 迪安诊断 取到2425条 | 已用751s ETA 219s
2026-08-26 09:37:29,193 | INFO  | [4035/5212] sz.300245 ST天玑 取到2425条 | 已用751s ETA 219s
2026-08-26 09:37:29,193 | INFO  | [4036/5212] sz.300246 宝莱特 取到2425条 | 已用751s ETA 219s
2026-08-26 09:37:29,193 | INFO  | [4037/5212] sz.300247 融捷健康 取到2425条 | 已用751s ETA 219s
2026-08-26 09:37:29,194 | INFO  | [4038/5212] sz.300248 新开普 取到2425条 | 已用751s ETA 218s
2026-08-26 09:37:29,194 | INFO  | [4039/5212] sz.300249 依米康 取到2425条 | 已用751s ETA 218s
2026-08-26 09:37:29,194 | INFO  | [4040/5212] sz.300250 初灵信息 取到2425条 | 已用751s ETA 218s
2026-08-26 09:37:36,092 | INFO  | [4041/5212] sz.300251 光线传媒 取到2425条 | 已用758s ETA 220s
2026-08-26 09:37:36,092 | INFO  | [4042/5212] sz.300252 金信诺 取到2425条 | 已用758s ETA 219s
2026-08-26 09:37:36,092 | INFO  | [4043/5212] sz.300253 卫宁健康 取到2425条 | 已用758s ETA 219s
2026-08-26 09:37:36,093 | INFO  | [4044/5212] sz.300254 仟源医药 取到2425条 | 已用758s ETA 219s
2026-08-26 09:37:36,093 | INFO  | [4045/5212] sz.300255 常山药业 取到2425条 | 已用758s ETA 219s
2026-08-26 09:37:36,093 | INFO  | [4046/5212] sz.300256 星星科技 取到2425条 | 已用758s ETA 219s
2026-08-26 09:37:36,093 | INFO  | [4047/5212] sz.300257 开山股份 取到2425条 | 已用758s ETA 218s
2026-08-26 09:37:36,093 | INFO  | [4048/5212] sz.300258 精锻科技 取到2425条 | 已用758s ETA 218s
2026-08-26 09:37:36,374 | INFO  | [4049/5212] sz.300259 新天科技 取到2425条 | 已用759s ETA 218s
2026-08-26 09:37:36,374 | INFO  | [4050/5212] sz.300260 新莱应材 取到2425条 | 已用759s ETA 218s
2026-08-26 09:37:36,374 | INFO  | [4051/5212] sz.300261 雅本化学 取到2425条 | 已用759s ETA 217s
2026-08-26 09:37:36,374 | INFO  | [4052/5212] sz.300263 隆华科技 取到2425条 | 已用759s ETA 217s
2026-08-26 09:37:36,374 | INFO  | [4053/5212] sz.300264 佳创视讯 取到2425条 | 已用759s ETA 217s
2026-08-26 09:37:36,374 | INFO  | [4054/5212] sz.300265 通光线缆 取到2425条 | 已用759s ETA 217s
2026-08-26 09:37:36,374 | INFO  | [4055/5212] sz.300266 兴源环境 取到2425条 | 已用759s ETA 216s
2026-08-26 09:37:36,374 | INFO  | [4056/5212] sz.300267 尔康制药 取到2425条 | 已用759s ETA 216s
2026-08-26 09:37:53,750 | INFO  | [4057/5212] sz.300268 佳沃食品 取到2425条 | 已用776s ETA 221s
2026-08-26 09:37:53,750 | INFO  | [4058/5212] sz.300269 联建光电 取到2425条 | 已用776s ETA 221s
2026-08-26 09:37:53,750 | INFO  | [4059/5212] sz.300270 中威电子 取到2425条 | 已用776s ETA 220s
2026-08-26 09:37:53,750 | INFO  | [4060/5212] sz.300271 华宇软件 取到2425条 | 已用776s ETA 220s
2026-08-26 09:37:53,750 | INFO  | [4061/5212] sz.300272 开能健康 取到2425条 | 已用776s ETA 220s
2026-08-26 09:37:53,750 | INFO  | [4062/5212] sz.300274 阳光电源 取到2425条 | 已用776s ETA 220s
2026-08-26 09:37:53,750 | INFO  | [4063/5212] sz.300275 梅安森 取到2425条 | 已用776s ETA 219s
2026-08-26 09:37:53,750 | INFO  | [4064/5212] sz.300276 三丰智能 取到2425条 | 已用776s ETA 219s
2026-08-26 09:38:06,213 | INFO  | [4065/5212] sz.300295 *ST三六五 取到2425条 | 已用788s ETA 222s
2026-08-26 09:38:06,213 | INFO  | [4066/5212] sz.300296 利亚德 取到2425条 | 已用788s ETA 222s
2026-08-26 09:38:06,213 | INFO  | [4067/5212] sz.300298 三诺生物 取到2425条 | 已用788s ETA 222s
2026-08-26 09:38:06,213 | INFO  | [4068/5212] sz.300299 富春股份 取到2425条 | 已用788s ETA 222s
2026-08-26 09:38:06,213 | INFO  | [4069/5212] sz.300300 海峡创新 取到2425条 | 已用788s ETA 221s
2026-08-26 09:38:06,213 | INFO  | [4070/5212] sz.300301 ST长方 取到2425条 | 已用788s ETA 221s
2026-08-26 09:38:06,213 | INFO  | [4071/5212] sz.300302 同有科技 取到2425条 | 已用788s ETA 221s
2026-08-26 09:38:06,213 | INFO  | [4072/5212] sz.300303 聚飞光电 取到2425条 | 已用788s ETA 221s
2026-08-26 09:38:19,282 | INFO  | [4073/5212] sz.300287 飞利信 取到2425条 | 已用801s ETA 224s
2026-08-26 09:38:19,282 | INFO  | [4074/5212] sz.300288 朗玛信息 取到2425条 | 已用801s ETA 224s
2026-08-26 09:38:19,282 | INFO  | [4075/5212] sz.300289 利德曼 取到2425条 | 已用801s ETA 224s
2026-08-26 09:38:19,282 | INFO  | [4076/5212] sz.300290 ST荣科 取到2425条 | 已用801s ETA 223s
2026-08-26 09:38:19,282 | INFO  | [4077/5212] sz.300291 百纳千成 取到2425条 | 已用801s ETA 223s
2026-08-26 09:38:19,282 | INFO  | [4078/5212] sz.300292 吴通控股 取到2425条 | 已用801s ETA 223s
2026-08-26 09:38:19,282 | INFO  | [4079/5212] sz.300293 蓝英装备 取到2425条 | 已用801s ETA 223s
2026-08-26 09:38:19,282 | INFO  | [4080/5212] sz.300294 博雅生物 取到2425条 | 已用801s ETA 222s
2026-08-26 09:38:20,613 | INFO  | [4081/5212] sz.300277 汽轮科技 取到2425条 | 已用803s ETA 222s
2026-08-26 09:38:20,613 | INFO  | [4082/5212] sz.300278 华昌达 取到2425条 | 已用803s ETA 222s
2026-08-26 09:38:20,613 | INFO  | [4083/5212] sz.300279 和晶科技 取到2425条 | 已用803s ETA 222s
2026-08-26 09:38:20,613 | INFO  | [4084/5212] sz.300281 金明精机 取到2425条 | 已用803s ETA 222s
2026-08-26 09:38:20,613 | INFO  | [4085/5212] sz.300283 温州宏丰 取到2425条 | 已用803s ETA 221s
2026-08-26 09:38:20,613 | INFO  | [4086/5212] sz.300284 苏交科 取到2425条 | 已用803s ETA 221s
2026-08-26 09:38:20,613 | INFO  | [4087/5212] sz.300285 国瓷材料 取到2425条 | 已用803s ETA 221s
2026-08-26 09:38:20,613 | INFO  | [4088/5212] sz.300286 安科瑞 取到2425条 | 已用803s ETA 221s
2026-08-26 09:38:34,807 | INFO  | [4089/5212] sz.300314 戴维医疗 取到2425条 | 已用817s ETA 224s
2026-08-26 09:38:34,807 | INFO  | [4090/5212] sz.300315 掌趣科技 取到2425条 | 已用817s ETA 224s
2026-08-26 09:38:34,807 | INFO  | [4091/5212] sz.300316 晶盛机电 取到2425条 | 已用817s ETA 224s
2026-08-26 09:38:34,807 | INFO  | [4092/5212] sz.300317 珈伟新能 取到2425条 | 已用817s ETA 224s
2026-08-26 09:38:34,807 | INFO  | [4093/5212] sz.300318 博晖创新 取到2425条 | 已用817s ETA 223s
2026-08-26 09:38:34,807 | INFO  | [4094/5212] sz.300319 麦捷科技 取到2425条 | 已用817s ETA 223s
2026-08-26 09:38:34,807 | INFO  | [4095/5212] sz.300320 海达股份 取到2425条 | 已用817s ETA 223s
2026-08-26 09:38:34,807 | INFO  | [4096/5212] sz.300321 同大股份 取到2425条 | 已用817s ETA 223s
2026-08-26 09:38:56,162 | INFO  | [4097/5212] sz.300332 天壕能源 取到2425条 | 已用838s ETA 228s
2026-08-26 09:38:56,162 | INFO  | [4098/5212] sz.300333 兆日科技 取到2425条 | 已用838s ETA 228s
2026-08-26 09:38:56,162 | INFO  | [4099/5212] sz.300334 津膜科技 取到2425条 | 已用838s ETA 228s
2026-08-26 09:38:56,162 | INFO  | [4100/5212] sz.300335 迪森股份 取到2425条 | 已用838s ETA 227s
2026-08-26 09:38:56,162 | INFO  | [4101/5212] sz.300337 银邦股份 取到2425条 | 已用838s ETA 227s
2026-08-26 09:38:56,162 | INFO  | [4102/5212] sz.300338 *ST开元 取到2425条 | 已用838s ETA 227s
2026-08-26 09:38:56,162 | INFO  | [4103/5212] sz.300339 润和软件 取到2425条 | 已用838s ETA 227s
2026-08-26 09:38:56,162 | INFO  | [4104/5212] sz.300340 科恒股份 取到2425条 | 已用838s ETA 226s
2026-08-26 09:39:06,335 | INFO  | [4105/5212] sz.300341 麦克奥迪 取到2425条 | 已用849s ETA 229s
2026-08-26 09:39:06,336 | INFO  | [4106/5212] sz.300342 天银机电 取到2425条 | 已用849s ETA 229s
2026-08-26 09:39:06,336 | INFO  | [4107/5212] sz.300343 联创股份 取到2425条 | 已用849s ETA 228s
2026-08-26 09:39:06,336 | INFO  | [4108/5212] sz.300345 华民股份 取到2425条 | 已用849s ETA 228s
2026-08-26 09:39:06,336 | INFO  | [4109/5212] sz.300346 南大光电 取到2425条 | 已用849s ETA 228s
2026-08-26 09:39:06,336 | INFO  | [4110/5212] sz.300347 泰格医药 取到2425条 | 已用849s ETA 228s
2026-08-26 09:39:06,336 | INFO  | [4111/5212] sz.300348 长亮科技 取到2425条 | 已用849s ETA 227s
2026-08-26 09:39:06,336 | INFO  | [4112/5212] sz.300349 金卡智能 取到2425条 | 已用849s ETA 227s
2026-08-26 09:39:17,892 | INFO  | [4113/5212] sz.300322 硕贝德 取到2425条 | 已用860s ETA 230s
2026-08-26 09:39:17,892 | INFO  | [4114/5212] sz.300323 华灿光电 取到2425条 | 已用860s ETA 230s
2026-08-26 09:39:17,892 | INFO  | [4115/5212] sz.300324 旋极信息 取到2425条 | 已用860s ETA 229s
2026-08-26 09:39:17,892 | INFO  | [4116/5212] sz.300326 ST凯利 取到2425条 | 已用860s ETA 229s
2026-08-26 09:39:17,892 | INFO  | [4117/5212] sz.300327 中颖电子 取到2425条 | 已用860s ETA 229s
2026-08-26 09:39:17,892 | INFO  | [4118/5212] sz.300328 宜安科技 取到2425条 | 已用860s ETA 228s
2026-08-26 09:39:17,892 | INFO  | [4119/5212] sz.300329 海伦钢琴 取到2425条 | 已用860s ETA 228s
2026-08-26 09:39:17,892 | INFO  | [4120/5212] sz.300331 苏大维格 取到2425条 | 已用860s ETA 228s
2026-08-26 09:39:28,642 | INFO  | [4121/5212] sz.300350 华鹏飞 取到2425条 | 已用871s ETA 231s
2026-08-26 09:39:28,642 | INFO  | [4122/5212] sz.300351 永贵电器 取到2425条 | 已用871s ETA 230s
2026-08-26 09:39:28,642 | INFO  | [4123/5212] sz.300352 ST信源 取到2425条 | 已用871s ETA 230s
2026-08-26 09:39:28,642 | INFO  | [4124/5212] sz.300353 东土科技 取到2425条 | 已用871s ETA 230s
2026-08-26 09:39:28,642 | INFO  | [4125/5212] sz.300354 东华测试 取到2425条 | 已用871s ETA 229s
2026-08-26 09:39:28,642 | INFO  | [4126/5212] sz.300355 蒙草生态 取到2425条 | 已用871s ETA 229s
2026-08-26 09:39:28,642 | INFO  | [4127/5212] sz.300357 我武生物 取到2425条 | 已用871s ETA 229s
2026-08-26 09:39:28,642 | INFO  | [4128/5212] sz.300358 楚天科技 取到2425条 | 已用871s ETA 229s
2026-08-26 09:39:38,814 | INFO  | [4129/5212] sz.300304 云意电气 取到2425条 | 已用881s ETA 231s
2026-08-26 09:39:38,814 | INFO  | [4130/5212] sz.300305 裕兴股份 取到2425条 | 已用881s ETA 231s
2026-08-26 09:39:38,814 | INFO  | [4131/5212] sz.300306 远方信息 取到2425条 | 已用881s ETA 231s
2026-08-26 09:39:38,814 | INFO  | [4132/5212] sz.300307 慈星股份 取到2425条 | 已用881s ETA 230s
2026-08-26 09:39:38,814 | INFO  | [4133/5212] sz.300308 中际旭创 取到2425条 | 已用881s ETA 230s
2026-08-26 09:39:38,815 | INFO  | [4134/5212] sz.300310 宜通世纪 取到2425条 | 已用881s ETA 230s
2026-08-26 09:39:38,815 | INFO  | [4135/5212] sz.300311 任子行 取到2425条 | 已用881s ETA 229s
2026-08-26 09:39:38,815 | INFO  | [4136/5212] sz.300313 天山生物 取到2425条 | 已用881s ETA 229s
2026-08-26 09:39:47,979 | INFO  | [4137/5212] sz.300359 全通教育 取到2425条 | 已用890s ETA 231s
2026-08-26 09:39:47,979 | INFO  | [4138/5212] sz.300360 炬华科技 取到2425条 | 已用890s ETA 231s
2026-08-26 09:39:47,979 | INFO  | [4139/5212] sz.300363 博腾股份 取到2425条 | 已用890s ETA 231s
2026-08-26 09:39:47,980 | INFO  | [4140/5212] sz.300364 中文在线 取到2425条 | 已用890s ETA 231s
2026-08-26 09:39:47,980 | INFO  | [4141/5212] sz.300365 恒华科技 取到2425条 | 已用890s ETA 230s
2026-08-26 09:39:47,980 | INFO  | [4142/5212] sz.300366 ST创意 取到2425条 | 已用890s ETA 230s
2026-08-26 09:39:47,980 | INFO  | [4143/5212] sz.300368 汇金股份 取到2425条 | 已用890s ETA 230s
2026-08-26 09:39:47,980 | INFO  | [4144/5212] sz.300369 绿盟科技 取到2425条 | 已用890s ETA 229s
2026-08-26 09:40:14,986 | INFO  | [4145/5212] sz.300380 安硕信息 取到2425条 | 已用917s ETA 236s
2026-08-26 09:40:14,987 | INFO  | [4146/5212] sz.300381 溢多利 取到2425条 | 已用917s ETA 236s
2026-08-26 09:40:14,987 | INFO  | [4147/5212] sz.300382 斯莱克 取到2425条 | 已用917s ETA 236s
2026-08-26 09:40:14,987 | INFO  | [4148/5212] sz.300383 光环新网 取到2425条 | 已用917s ETA 235s
2026-08-26 09:40:14,987 | INFO  | [4149/5212] sz.300384 三联虹普 取到2425条 | 已用917s ETA 235s
2026-08-26 09:40:14,987 | INFO  | [4150/5212] sz.300385 ST雪浪 取到2425条 | 已用917s ETA 235s
2026-08-26 09:40:14,987 | INFO  | [4151/5212] sz.300386 飞天诚信 取到2425条 | 已用917s ETA 234s
2026-08-26 09:40:14,987 | INFO  | [4152/5212] sz.300387 富邦科技 取到2425条 | 已用917s ETA 234s
2026-08-26 09:40:22,452 | INFO  | [4153/5212] sz.300388 节能国祯 取到2425条 | 已用925s ETA 236s
2026-08-26 09:40:22,452 | INFO  | [4154/5212] sz.300389 艾比森 取到2425条 | 已用925s ETA 236s
2026-08-26 09:40:22,452 | INFO  | [4155/5212] sz.300390 天华新能 取到2425条 | 已用925s ETA 235s
2026-08-26 09:40:22,452 | INFO  | [4156/5212] sz.300393 中来股份 取到2425条 | 已用925s ETA 235s
2026-08-26 09:40:22,452 | INFO  | [4157/5212] sz.300394 天孚通信 取到2425条 | 已用925s ETA 235s
2026-08-26 09:40:22,452 | INFO  | [4158/5212] sz.300395 菲利华 取到2425条 | 已用925s ETA 234s
2026-08-26 09:40:22,452 | INFO  | [4159/5212] sz.300396 ST迪瑞 取到2425条 | 已用925s ETA 234s
2026-08-26 09:40:22,452 | INFO  | [4160/5212] sz.300397 天和防务 取到2425条 | 已用925s ETA 234s
2026-08-26 09:40:22,623 | INFO  | [4161/5212] sz.300370 安控科技 取到2425条 | 已用925s ETA 234s
2026-08-26 09:40:22,623 | INFO  | [4162/5212] sz.300371 汇中股份 取到2425条 | 已用925s ETA 233s
2026-08-26 09:40:22,623 | INFO  | [4163/5212] sz.300373 扬杰科技 取到2425条 | 已用925s ETA 233s
2026-08-26 09:40:22,623 | INFO  | [4164/5212] sz.300374 中铁装配 取到2425条 | 已用925s ETA 233s
2026-08-26 09:40:22,623 | INFO  | [4165/5212] sz.300375 鹏翎股份 取到2425条 | 已用925s ETA 232s
2026-08-26 09:40:22,623 | INFO  | [4166/5212] sz.300376 易事特 取到2425条 | 已用925s ETA 232s
2026-08-26 09:40:22,623 | INFO  | [4167/5212] sz.300377 赢时胜 取到2425条 | 已用925s ETA 232s
2026-08-26 09:40:22,623 | INFO  | [4168/5212] sz.300378 鼎捷数智 取到2425条 | 已用925s ETA 232s
2026-08-26 09:40:41,720 | INFO  | [4169/5212] sz.300398 飞凯材料 取到2425条 | 已用944s ETA 236s
2026-08-26 09:40:41,720 | INFO  | [4170/5212] sz.300399 天利科技 取到2425条 | 已用944s ETA 236s
2026-08-26 09:40:41,720 | INFO  | [4171/5212] sz.300400 劲拓股份 取到2425条 | 已用944s ETA 236s
2026-08-26 09:40:41,720 | INFO  | [4172/5212] sz.300401 花园生物 取到2425条 | 已用944s ETA 235s
2026-08-26 09:40:41,720 | INFO  | [4173/5212] sz.300402 宝色股份 取到2425条 | 已用944s ETA 235s
2026-08-26 09:40:41,720 | INFO  | [4174/5212] sz.300403 汉宇集团 取到2425条 | 已用944s ETA 235s
2026-08-26 09:40:41,720 | INFO  | [4175/5212] sz.300404 博济医药 取到2425条 | 已用944s ETA 234s
2026-08-26 09:40:41,720 | INFO  | [4176/5212] sz.300405 科隆股份 取到2425条 | 已用944s ETA 234s
2026-08-26 09:40:57,642 | INFO  | [4177/5212] sz.300406 九强生物 取到2425条 | 已用960s ETA 238s
2026-08-26 09:40:57,643 | INFO  | [4178/5212] sz.300407 凯发电气 取到2425条 | 已用960s ETA 238s
2026-08-26 09:40:57,643 | INFO  | [4179/5212] sz.300408 三环集团 取到2425条 | 已用960s ETA 237s
2026-08-26 09:40:57,643 | INFO  | [4180/5212] sz.300409 道氏技术 取到2425条 | 已用960s ETA 237s
2026-08-26 09:40:57,643 | INFO  | [4181/5212] sz.300410 正业科技 取到2425条 | 已用960s ETA 237s
2026-08-26 09:40:57,643 | INFO  | [4182/5212] sz.300411 金盾股份 取到2425条 | 已用960s ETA 236s
2026-08-26 09:40:57,643 | INFO  | [4183/5212] sz.300412 迦南科技 取到2425条 | 已用960s ETA 236s
2026-08-26 09:40:57,643 | INFO  | [4184/5212] sz.300413 芒果超媒 取到2425条 | 已用960s ETA 236s
2026-08-26 09:41:14,258 | INFO  | [4185/5212] sz.300422 博世科 取到2425条 | 已用976s ETA 240s
2026-08-26 09:41:14,258 | INFO  | [4186/5212] sz.300423 昇辉科技 取到2425条 | 已用976s ETA 239s
2026-08-26 09:41:14,258 | INFO  | [4187/5212] sz.300424 航新科技 取到2425条 | 已用976s ETA 239s
2026-08-26 09:41:14,258 | INFO  | [4188/5212] sz.300425 中建环能 取到2425条 | 已用976s ETA 239s
2026-08-26 09:41:14,258 | INFO  | [4189/5212] sz.300426 华智数媒 取到2425条 | 已用976s ETA 238s
2026-08-26 09:41:14,258 | INFO  | [4190/5212] sz.300427 红相股份 取到2425条 | 已用976s ETA 238s
2026-08-26 09:41:14,258 | INFO  | [4191/5212] sz.300428 立中集团 取到2425条 | 已用976s ETA 238s
2026-08-26 09:41:14,258 | INFO  | [4192/5212] sz.300429 强力新材 取到2425条 | 已用976s ETA 238s
2026-08-26 09:41:15,811 | INFO  | [4193/5212] sz.300414 中光防雷 取到2425条 | 已用978s ETA 238s
2026-08-26 09:41:15,811 | INFO  | [4194/5212] sz.300415 伊之密 取到2425条 | 已用978s ETA 237s
2026-08-26 09:41:15,811 | INFO  | [4195/5212] sz.300416 苏试试验 取到2425条 | 已用978s ETA 237s
2026-08-26 09:41:15,811 | INFO  | [4196/5212] sz.300417 南华仪器 取到2425条 | 已用978s ETA 237s
2026-08-26 09:41:15,811 | INFO  | [4197/5212] sz.300418 昆仑万维 取到2425条 | 已用978s ETA 237s
2026-08-26 09:41:15,811 | INFO  | [4198/5212] sz.300419 ST浩丰 取到2425条 | 已用978s ETA 236s
2026-08-26 09:41:15,811 | INFO  | [4199/5212] sz.300420 五洋自控 取到2425条 | 已用978s ETA 236s
2026-08-26 09:41:15,811 | INFO  | [4200/5212] sz.300421 力星股份 取到2425条 | 已用978s ETA 236s
2026-08-26 09:41:19,637 | INFO  | [4201/5212] sz.300430 *ST益通 取到2425条 | 已用982s ETA 236s
2026-08-26 09:41:19,637 | INFO  | [4202/5212] sz.300432 富临精工 取到2425条 | 已用982s ETA 236s
2026-08-26 09:41:19,637 | INFO  | [4203/5212] sz.300433 蓝思科技 取到2425条 | 已用982s ETA 236s
2026-08-26 09:41:19,637 | INFO  | [4204/5212] sz.300434 金石亚药 取到2425条 | 已用982s ETA 235s
2026-08-26 09:41:19,637 | INFO  | [4205/5212] sz.300435 中泰股份 取到2425条 | 已用982s ETA 235s
2026-08-26 09:41:19,637 | INFO  | [4206/5212] sz.300436 广生堂 取到2425条 | 已用982s ETA 235s
2026-08-26 09:41:19,637 | INFO  | [4207/5212] sz.300437 清水源 取到2425条 | 已用982s ETA 235s
2026-08-26 09:41:19,637 | INFO  | [4208/5212] sz.300438 鹏辉能源 取到2425条 | 已用982s ETA 234s
2026-08-26 09:41:47,564 | INFO  | [4209/5212] sz.300439 美康生物 取到2425条 | 已用1010s ETA 241s
2026-08-26 09:41:47,564 | INFO  | [4210/5212] sz.300440 运达科技 取到2425条 | 已用1010s ETA 240s
2026-08-26 09:41:47,564 | INFO  | [4211/5212] sz.300441 鲍斯股份 取到2425条 | 已用1010s ETA 240s
2026-08-26 09:41:47,564 | INFO  | [4212/5212] sz.300442 润泽科技 取到2425条 | 已用1010s ETA 240s
2026-08-26 09:41:47,564 | INFO  | [4213/5212] sz.300443 金雷股份 取到2425条 | 已用1010s ETA 239s
2026-08-26 09:41:47,564 | INFO  | [4214/5212] sz.300444 双杰电气 取到2425条 | 已用1010s ETA 239s
2026-08-26 09:41:47,564 | INFO  | [4215/5212] sz.300445 康斯特 取到2425条 | 已用1010s ETA 239s
2026-08-26 09:41:47,564 | INFO  | [4216/5212] sz.300446 航天智造 取到2425条 | 已用1010s ETA 239s
2026-08-26 09:41:55,842 | INFO  | [4217/5212] sz.300447 全信股份 取到2425条 | 已用1018s ETA 240s
2026-08-26 09:41:55,842 | INFO  | [4218/5212] sz.300448 浩云科技 取到2425条 | 已用1018s ETA 240s
2026-08-26 09:41:55,842 | INFO  | [4219/5212] sz.300449 汉邦高科 取到2425条 | 已用1018s ETA 240s
2026-08-26 09:41:55,842 | INFO  | [4220/5212] sz.300450 先导智能 取到2425条 | 已用1018s ETA 239s
2026-08-26 09:41:55,842 | INFO  | [4221/5212] sz.300451 创业慧康 取到2425条 | 已用1018s ETA 239s
2026-08-26 09:41:55,842 | INFO  | [4222/5212] sz.300452 山河药辅 取到2425条 | 已用1018s ETA 239s
2026-08-26 09:41:55,842 | INFO  | [4223/5212] sz.300453 三鑫医疗 取到2425条 | 已用1018s ETA 238s
2026-08-26 09:41:55,842 | INFO  | [4224/5212] sz.300454 深信服 取到2011条 | 已用1018s ETA 238s
2026-08-26 09:41:56,244 | INFO  | [4225/5212] sz.300455 航天智装 取到2425条 | 已用1018s ETA 238s
2026-08-26 09:41:56,245 | INFO  | [4226/5212] sz.300456 赛微电子 取到2425条 | 已用1018s ETA 238s
2026-08-26 09:41:56,245 | INFO  | [4227/5212] sz.300457 赢合科技 取到2425条 | 已用1018s ETA 237s
2026-08-26 09:41:56,245 | INFO  | [4228/5212] sz.300458 全志科技 取到2425条 | 已用1018s ETA 237s
2026-08-26 09:41:56,245 | INFO  | [4229/5212] sz.300459 汤姆猫 取到2425条 | 已用1018s ETA 237s
2026-08-26 09:41:56,245 | INFO  | [4230/5212] sz.300460 ST惠伦 取到2425条 | 已用1018s ETA 236s
2026-08-26 09:41:56,245 | INFO  | [4231/5212] sz.300461 田中精机 取到2425条 | 已用1018s ETA 236s
2026-08-26 09:41:56,245 | INFO  | [4232/5212] sz.300462 ST华铭 取到2425条 | 已用1018s ETA 236s
2026-08-26 09:42:05,382 | INFO  | [4233/5212] sz.300463 迈克生物 取到2425条 | 已用1028s ETA 238s
2026-08-26 09:42:05,382 | INFO  | [4234/5212] sz.300464 星徽股份 取到2425条 | 已用1028s ETA 237s
2026-08-26 09:42:05,382 | INFO  | [4235/5212] sz.300465 高伟达 取到2425条 | 已用1028s ETA 237s
2026-08-26 09:42:05,382 | INFO  | [4236/5212] sz.300466 赛摩智能 取到2425条 | 已用1028s ETA 237s
2026-08-26 09:42:05,383 | INFO  | [4237/5212] sz.300467 迅游科技 取到2425条 | 已用1028s ETA 236s
2026-08-26 09:42:05,383 | INFO  | [4238/5212] sz.300468 四方精创 取到2425条 | 已用1028s ETA 236s
2026-08-26 09:42:05,383 | INFO  | [4239/5212] sz.300469 信息发展 取到2425条 | 已用1028s ETA 236s
2026-08-26 09:42:05,383 | INFO  | [4240/5212] sz.300470 中密控股 取到2425条 | 已用1028s ETA 236s
2026-08-26 09:42:39,996 | INFO  | [4241/5212] sz.300479 神思电子 取到2425条 | 已用1062s ETA 243s
2026-08-26 09:42:39,996 | INFO  | [4242/5212] sz.300480 光力科技 取到2425条 | 已用1062s ETA 243s
2026-08-26 09:42:39,996 | INFO  | [4243/5212] sz.300481 濮阳惠成 取到2425条 | 已用1062s ETA 243s
2026-08-26 09:42:39,996 | INFO  | [4244/5212] sz.300482 万孚生物 取到2425条 | 已用1062s ETA 242s
2026-08-26 09:42:39,996 | INFO  | [4245/5212] sz.300483 首华燃气 取到2425条 | 已用1062s ETA 242s
2026-08-26 09:42:39,996 | INFO  | [4246/5212] sz.300484 蓝海华腾 取到2425条 | 已用1062s ETA 242s
2026-08-26 09:42:39,996 | INFO  | [4247/5212] sz.300485 赛升药业 取到2425条 | 已用1062s ETA 241s
2026-08-26 09:42:39,996 | INFO  | [4248/5212] sz.300486 东杰智能 取到2425条 | 已用1062s ETA 241s
2026-08-26 09:42:46,846 | INFO  | [4249/5212] sz.300471 厚普股份 取到2425条 | 已用1069s ETA 242s
2026-08-26 09:42:46,846 | INFO  | [4250/5212] sz.300472 *ST新元 取到2425条 | 已用1069s ETA 242s
2026-08-26 09:42:46,846 | INFO  | [4251/5212] sz.300473 德尔股份 取到2425条 | 已用1069s ETA 242s
2026-08-26 09:42:46,847 | INFO  | [4252/5212] sz.300474 景嘉微 取到2425条 | 已用1069s ETA 241s
2026-08-26 09:42:46,847 | INFO  | [4253/5212] sz.300475 香农芯创 取到2425条 | 已用1069s ETA 241s
2026-08-26 09:42:46,847 | INFO  | [4254/5212] sz.300476 胜宏科技 取到2425条 | 已用1069s ETA 241s
2026-08-26 09:42:46,847 | INFO  | [4255/5212] sz.300477 ST合纵 取到2425条 | 已用1069s ETA 240s
2026-08-26 09:42:46,847 | INFO  | [4256/5212] sz.300478 杭州高新 取到2425条 | 已用1069s ETA 240s
2026-08-26 09:42:59,709 | INFO  | [4257/5212] sz.300487 蓝晓科技 取到2425条 | 已用1082s ETA 243s
2026-08-26 09:42:59,709 | INFO  | [4258/5212] sz.300488 恒锋工具 取到2425条 | 已用1082s ETA 242s
2026-08-26 09:42:59,709 | INFO  | [4259/5212] sz.300489 光智科技 取到2425条 | 已用1082s ETA 242s
2026-08-26 09:42:59,709 | INFO  | [4260/5212] sz.300490 华自科技 取到2425条 | 已用1082s ETA 242s
2026-08-26 09:42:59,709 | INFO  | [4261/5212] sz.300491 通合科技 取到2425条 | 已用1082s ETA 241s
2026-08-26 09:42:59,709 | INFO  | [4262/5212] sz.300492 华图山鼎 取到2425条 | 已用1082s ETA 241s
2026-08-26 09:42:59,709 | INFO  | [4263/5212] sz.300493 润欣科技 取到2425条 | 已用1082s ETA 241s
2026-08-26 09:42:59,709 | INFO  | [4264/5212] sz.300494 盛天网络 取到2425条 | 已用1082s ETA 241s
2026-08-26 09:43:01,953 | INFO  | [4265/5212] sz.300496 中科创达 取到2425条 | 已用1084s ETA 241s
2026-08-26 09:43:01,953 | INFO  | [4266/5212] sz.300497 富祥股份 取到2425条 | 已用1084s ETA 240s
2026-08-26 09:43:01,953 | INFO  | [4267/5212] sz.300498 温氏股份 取到2425条 | 已用1084s ETA 240s
2026-08-26 09:43:01,953 | INFO  | [4268/5212] sz.300499 高澜股份 取到2425条 | 已用1084s ETA 240s
2026-08-26 09:43:01,953 | INFO  | [4269/5212] sz.300500 启迪设计 取到2425条 | 已用1084s ETA 239s
2026-08-26 09:43:01,953 | INFO  | [4270/5212] sz.300501 海顺新材 取到2425条 | 已用1084s ETA 239s
2026-08-26 09:43:01,953 | INFO  | [4271/5212] sz.300502 新易盛 取到2425条 | 已用1084s ETA 239s
2026-08-26 09:43:01,954 | INFO  | [4272/5212] sz.300503 昊志机电 取到2425条 | 已用1084s ETA 239s
2026-08-26 09:43:24,620 | INFO  | [4273/5212] sz.300504 天邑股份 取到2040条 | 已用1107s ETA 243s
2026-08-26 09:43:24,620 | INFO  | [4274/5212] sz.300505 川金诺 取到2425条 | 已用1107s ETA 243s
2026-08-26 09:43:24,620 | INFO  | [4275/5212] sz.300506 名家汇 取到2425条 | 已用1107s ETA 243s
2026-08-26 09:43:24,620 | INFO  | [4276/5212] sz.300507 苏奥传感 取到2425条 | 已用1107s ETA 242s
2026-08-26 09:43:24,620 | INFO  | [4277/5212] sz.300508 维宏股份 取到2425条 | 已用1107s ETA 242s
2026-08-26 09:43:24,620 | INFO  | [4278/5212] sz.300509 新美星 取到2425条 | 已用1107s ETA 242s
2026-08-26 09:43:24,620 | INFO  | [4279/5212] sz.300510 金冠股份 取到2425条 | 已用1107s ETA 241s
2026-08-26 09:43:24,620 | INFO  | [4280/5212] sz.300511 雪榕生物 取到2425条 | 已用1107s ETA 241s
2026-08-26 09:43:24,887 | INFO  | [4281/5212] sz.300512 中亚股份 取到2425条 | 已用1107s ETA 241s
2026-08-26 09:43:24,887 | INFO  | [4282/5212] sz.300513 恒实科技 取到2425条 | 已用1107s ETA 240s
2026-08-26 09:43:24,887 | INFO  | [4283/5212] sz.300514 友讯达 取到2268条 | 已用1107s ETA 240s
2026-08-26 09:43:24,887 | INFO  | [4284/5212] sz.300515 三德科技 取到2425条 | 已用1107s ETA 240s
2026-08-26 09:43:24,887 | INFO  | [4285/5212] sz.300516 久之洋 取到2425条 | 已用1107s ETA 240s
2026-08-26 09:43:24,887 | INFO  | [4286/5212] sz.300517 海波重科 取到2425条 | 已用1107s ETA 239s
2026-08-26 09:43:24,887 | INFO  | [4287/5212] sz.300518 新迅达 取到2425条 | 已用1107s ETA 239s
2026-08-26 09:43:24,887 | INFO  | [4288/5212] sz.300519 新光药业 取到2425条 | 已用1107s ETA 239s
2026-08-26 09:44:01,539 | WARNING | sz.300525 第1次请求失败: error_code=10002007 msg=网络接收错误。
2026-08-26 09:44:03,949 | WARNING | sz.300554 第1次请求失败: error_code=10001001 msg=用户未登录
2026-08-26 09:44:04,072 | WARNING | sz.300545 第1次请求失败: error_code=10001001 msg=用户未登录
2026-08-26 09:44:09,630 | INFO  | [4289/5212] sz.300547 川环科技 取到2403条 | 已用1152s ETA 248s
2026-08-26 09:44:09,630 | INFO  | [4290/5212] sz.300548 长芯博创 取到2400条 | 已用1152s ETA 248s
2026-08-26 09:44:09,630 | INFO  | [4291/5212] sz.300549 优德精密 取到2403条 | 已用1152s ETA 247s
2026-08-26 09:44:09,630 | INFO  | [4292/5212] sz.300550 和仁科技 取到2396条 | 已用1152s ETA 247s
2026-08-26 09:44:09,630 | INFO  | [4293/5212] sz.300551 古鳌科技 取到2396条 | 已用1152s ETA 247s
2026-08-26 09:44:09,630 | INFO  | [4294/5212] sz.300552 万集科技 取到2393条 | 已用1152s ETA 246s
2026-08-26 09:44:09,630 | INFO  | [4295/5212] sz.300553 集智股份 取到2000条 | 已用1152s ETA 246s
2026-08-26 09:44:09,630 | INFO  | [4296/5212] sz.300554 三超新材 取到2271条 | 已用1152s ETA 246s
2026-08-26 09:44:16,284 | INFO  | [4297/5212] sz.300538 同益股份 取到2425条 | 已用1158s ETA 247s
2026-08-26 09:44:16,284 | INFO  | [4298/5212] sz.300539 横河精密 取到2424条 | 已用1158s ETA 246s
2026-08-26 09:44:16,284 | INFO  | [4299/5212] sz.300540 蜀道装备 取到2425条 | 已用1158s ETA 246s
2026-08-26 09:44:16,284 | INFO  | [4300/5212] sz.300541 先进数通 取到2414条 | 已用1158s ETA 246s
2026-08-26 09:44:16,284 | INFO  | [4301/5212] sz.300542 新晨科技 取到2411条 | 已用1158s ETA 245s
2026-08-26 09:44:16,284 | INFO  | [4302/5212] sz.300543 朗科智能 取到2417条 | 已用1158s ETA 245s
2026-08-26 09:44:16,284 | INFO  | [4303/5212] sz.300545 联得装备 取到2405条 | 已用1158s ETA 245s
2026-08-26 09:44:16,284 | INFO  | [4304/5212] sz.300546 雄帝科技 取到2405条 | 已用1158s ETA 244s
2026-08-26 09:44:18,762 | INFO  | [4305/5212] sz.300530 领湃科技 取到2425条 | 已用1161s ETA 245s
2026-08-26 09:44:18,763 | INFO  | [4306/5212] sz.300531 优博讯 取到2425条 | 已用1161s ETA 244s
2026-08-26 09:44:18,763 | INFO  | [4307/5212] sz.300532 今天国际 取到2425条 | 已用1161s ETA 244s
2026-08-26 09:44:18,763 | INFO  | [4308/5212] sz.300533 冰川网络 取到2425条 | 已用1161s ETA 244s
2026-08-26 09:44:18,763 | INFO  | [4309/5212] sz.300534 陇神戎发 取到2414条 | 已用1161s ETA 243s
2026-08-26 09:44:18,763 | INFO  | [4310/5212] sz.300535 达威股份 取到2425条 | 已用1161s ETA 243s
2026-08-26 09:44:18,763 | INFO  | [4311/5212] sz.300536 农尚环境 取到2411条 | 已用1161s ETA 243s
2026-08-26 09:44:18,763 | INFO  | [4312/5212] sz.300537 广信材料 取到2424条 | 已用1161s ETA 242s
2026-08-26 09:44:46,505 | INFO  | [4313/5212] sz.300520 科大国创 取到2425条 | 已用1189s ETA 248s
2026-08-26 09:44:46,505 | INFO  | [4314/5212] sz.300521 爱司凯 取到2425条 | 已用1189s ETA 247s
2026-08-26 09:44:46,505 | INFO  | [4315/5212] sz.300522 世名科技 取到2425条 | 已用1189s ETA 247s
2026-08-26 09:44:46,505 | INFO  | [4316/5212] sz.300523 辰安科技 取到2425条 | 已用1189s ETA 247s
2026-08-26 09:44:46,505 | INFO  | [4317/5212] sz.300525 博思软件 取到2425条 | 已用1189s ETA 246s
2026-08-26 09:44:46,505 | INFO  | [4318/5212] sz.300527 ST应急 取到2425条 | 已用1189s ETA 246s
2026-08-26 09:44:46,505 | INFO  | [4319/5212] sz.300528 幸福蓝海 取到2425条 | 已用1189s ETA 246s
2026-08-26 09:44:46,505 | INFO  | [4320/5212] sz.300529 健帆生物 取到2425条 | 已用1189s ETA 245s
2026-08-26 09:45:00,194 | INFO  | [4321/5212] sz.300555 ST路通 取到2396条 | 已用1202s ETA 248s
2026-08-26 09:45:00,194 | INFO  | [4322/5212] sz.300556 丝路视觉 取到2383条 | 已用1202s ETA 248s
2026-08-26 09:45:00,194 | INFO  | [4323/5212] sz.300557 理工光科 取到2386条 | 已用1202s ETA 247s
2026-08-26 09:45:00,194 | INFO  | [4324/5212] sz.300558 贝达药业 取到2382条 | 已用1202s ETA 247s
2026-08-26 09:45:00,194 | INFO  | [4325/5212] sz.300559 佳发教育 取到2386条 | 已用1202s ETA 247s
2026-08-26 09:45:00,194 | INFO  | [4326/5212] sz.300560 中富通 取到2386条 | 已用1202s ETA 246s
2026-08-26 09:45:00,194 | INFO  | [4327/5212] sz.300561 汇金科技 取到2374条 | 已用1202s ETA 246s
2026-08-26 09:45:00,194 | INFO  | [4328/5212] sz.300562 乐心医疗 取到2375条 | 已用1202s ETA 246s
2026-08-26 09:45:00,786 | INFO  | [4329/5212] sz.300563 神宇股份 取到2377条 | 已用1203s ETA 245s
2026-08-26 09:45:00,787 | INFO  | [4330/5212] sz.300564 筑博设计 取到1649条 | 已用1203s ETA 245s
2026-08-26 09:45:00,787 | INFO  | [4331/5212] sz.300565 科信技术 取到2371条 | 已用1203s ETA 245s
2026-08-26 09:45:00,787 | INFO  | [4332/5212] sz.300566 激智科技 取到2376条 | 已用1203s ETA 244s
2026-08-26 09:45:00,787 | INFO  | [4333/5212] sz.300567 精测电子 取到2371条 | 已用1203s ETA 244s
2026-08-26 09:45:00,787 | INFO  | [4334/5212] sz.300568 星源材质 取到2364条 | 已用1203s ETA 244s
2026-08-26 09:45:00,787 | INFO  | [4335/5212] sz.300569 天能重工 取到2368条 | 已用1203s ETA 243s
2026-08-26 09:45:00,787 | INFO  | [4336/5212] sz.300570 太辰光 取到2361条 | 已用1203s ETA 243s
2026-08-26 09:45:04,624 | INFO  | [4337/5212] sz.300571 平治信息 取到2356条 | 已用1207s ETA 243s
2026-08-26 09:45:04,624 | INFO  | [4338/5212] sz.300572 安车检测 取到2361条 | 已用1207s ETA 243s
2026-08-26 09:45:04,624 | INFO  | [4339/5212] sz.300573 兴齐眼药 取到2359条 | 已用1207s ETA 243s
2026-08-26 09:45:04,624 | INFO  | [4340/5212] sz.300575 中旗股份 取到2351条 | 已用1207s ETA 242s
2026-08-26 09:45:04,624 | INFO  | [4341/5212] sz.300576 容大感光 取到2351条 | 已用1207s ETA 242s
2026-08-26 09:45:04,624 | INFO  | [4342/5212] sz.300577 开润股份 取到2350条 | 已用1207s ETA 242s
2026-08-26 09:45:04,624 | INFO  | [4343/5212] sz.300578 会畅科技 取到2326条 | 已用1207s ETA 241s
2026-08-26 09:45:04,624 | INFO  | [4344/5212] sz.300579 数字认证 取到2348条 | 已用1207s ETA 241s
2026-08-26 09:45:30,952 | INFO  | [4345/5212] sz.300580 贝斯特 取到2336条 | 已用1233s ETA 246s
2026-08-26 09:45:30,953 | INFO  | [4346/5212] sz.300581 晨曦航空 取到2351条 | 已用1233s ETA 246s
2026-08-26 09:45:30,953 | INFO  | [4347/5212] sz.300582 英飞特 取到2345条 | 已用1233s ETA 245s
2026-08-26 09:45:30,953 | INFO  | [4348/5212] sz.300583 赛托生物 取到2339条 | 已用1233s ETA 245s
2026-08-26 09:45:30,953 | INFO  | [4349/5212] sz.300584 海辰药业 取到2335条 | 已用1233s ETA 245s
2026-08-26 09:45:30,953 | INFO  | [4350/5212] sz.300585 奥联电子 取到2344条 | 已用1233s ETA 244s
2026-08-26 09:45:30,953 | INFO  | [4351/5212] sz.300586 美联新材 取到2341条 | 已用1233s ETA 244s
2026-08-26 09:45:30,953 | INFO  | [4352/5212] sz.300587 天铁科技 取到2340条 | 已用1233s ETA 244s
2026-08-26 09:45:43,343 | INFO  | [4353/5212] sz.300596 利安隆 取到2330条 | 已用1246s ETA 246s
2026-08-26 09:45:43,343 | INFO  | [4354/5212] sz.300597 吉大通信 取到2328条 | 已用1246s ETA 245s
2026-08-26 09:45:43,343 | INFO  | [4355/5212] sz.300598 诚迈科技 取到2329条 | 已用1246s ETA 245s
2026-08-26 09:45:43,343 | INFO  | [4356/5212] sz.300599 雄塑科技 取到2328条 | 已用1246s ETA 245s
2026-08-26 09:45:43,343 | INFO  | [4357/5212] sz.300600 国瑞科技 取到2326条 | 已用1246s ETA 244s
2026-08-26 09:45:43,343 | INFO  | [4358/5212] sz.300601 康泰生物 取到2322条 | 已用1246s ETA 244s
2026-08-26 09:45:43,343 | INFO  | [4359/5212] sz.300602 飞荣达 取到2325条 | 已用1246s ETA 244s
2026-08-26 09:45:43,343 | INFO  | [4360/5212] sz.300603 立昂技术 取到2325条 | 已用1246s ETA 243s
2026-08-26 09:45:47,405 | INFO  | [4361/5212] sz.300588 熙菱信息 取到2340条 | 已用1250s ETA 244s
2026-08-26 09:45:47,405 | INFO  | [4362/5212] sz.300589 江龙船艇 取到2334条 | 已用1250s ETA 244s
2026-08-26 09:45:47,405 | INFO  | [4363/5212] sz.300590 移为通信 取到2336条 | 已用1250s ETA 243s
2026-08-26 09:45:47,405 | INFO  | [4364/5212] sz.300591 万里马 取到2337条 | 已用1250s ETA 243s
2026-08-26 09:45:47,406 | INFO  | [4365/5212] sz.300592 华凯易佰 取到2329条 | 已用1250s ETA 242s
2026-08-26 09:45:47,406 | INFO  | [4366/5212] sz.300593 新雷能 取到2334条 | 已用1250s ETA 242s
2026-08-26 09:45:47,406 | INFO  | [4367/5212] sz.300594 ST朗进 取到1743条 | 已用1250s ETA 242s
2026-08-26 09:45:47,406 | INFO  | [4368/5212] sz.300595 欧普康视 取到2332条 | 已用1250s ETA 241s
2026-08-26 09:45:50,998 | INFO  | [4369/5212] sz.300604 长川科技 取到2275条 | 已用1253s ETA 242s
2026-08-26 09:45:50,998 | INFO  | [4370/5212] sz.300605 恒锋信息 取到2321条 | 已用1253s ETA 241s
2026-08-26 09:45:50,998 | INFO  | [4371/5212] sz.300606 金太阳 取到2321条 | 已用1253s ETA 241s
2026-08-26 09:45:50,998 | INFO  | [4372/5212] sz.300607 拓斯达 取到2320条 | 已用1253s ETA 241s
2026-08-26 09:45:50,998 | INFO  | [4373/5212] sz.300608 思特奇 取到2318条 | 已用1253s ETA 240s
2026-08-26 09:45:50,998 | INFO  | [4374/5212] sz.300609 汇纳科技 取到2316条 | 已用1253s ETA 240s
2026-08-26 09:45:50,998 | INFO  | [4375/5212] sz.300610 晨化股份 取到2318条 | 已用1253s ETA 240s
2026-08-26 09:45:50,998 | INFO  | [4376/5212] sz.300611 美力科技 取到2313条 | 已用1253s ETA 239s
2026-08-26 09:46:11,965 | INFO  | [4377/5212] sz.300612 宣亚国际 取到2316条 | 已用1274s ETA 243s
2026-08-26 09:46:11,965 | INFO  | [4378/5212] sz.300613 富瀚微 取到2313条 | 已用1274s ETA 243s
2026-08-26 09:46:11,965 | INFO  | [4379/5212] sz.300614 百川畅银 取到1276条 | 已用1274s ETA 242s
2026-08-26 09:46:11,965 | INFO  | [4380/5212] sz.300615 欣天科技 取到2316条 | 已用1274s ETA 242s
2026-08-26 09:46:11,965 | INFO  | [4381/5212] sz.300616 尚品宅配 取到2302条 | 已用1274s ETA 242s
2026-08-26 09:46:11,965 | INFO  | [4382/5212] sz.300617 安靠智电 取到2307条 | 已用1274s ETA 241s
2026-08-26 09:46:11,966 | INFO  | [4383/5212] sz.300618 寒锐钴业 取到2303条 | 已用1274s ETA 241s
2026-08-26 09:46:11,966 | INFO  | [4384/5212] sz.300619 金银河 取到2306条 | 已用1274s ETA 241s
2026-08-26 09:46:15,279 | INFO  | [4385/5212] sz.300620 光库科技 取到2299条 | 已用1277s ETA 241s
2026-08-26 09:46:15,279 | INFO  | [4386/5212] sz.300621 维业股份 取到2295条 | 已用1277s ETA 241s
2026-08-26 09:46:15,279 | INFO  | [4387/5212] sz.300622 博士眼镜 取到2296条 | 已用1277s ETA 240s
2026-08-26 09:46:15,279 | INFO  | [4388/5212] sz.300623 捷捷微电 取到2297条 | 已用1277s ETA 240s
2026-08-26 09:46:15,279 | INFO  | [4389/5212] sz.300624 万兴科技 取到2086条 | 已用1277s ETA 240s
2026-08-26 09:46:15,279 | INFO  | [4390/5212] sz.300625 三雄极光 取到2294条 | 已用1277s ETA 239s
2026-08-26 09:46:15,279 | INFO  | [4391/5212] sz.300626 华瑞股份 取到2293条 | 已用1277s ETA 239s
2026-08-26 09:46:15,279 | INFO  | [4392/5212] sz.300627 华测导航 取到2292条 | 已用1277s ETA 239s
2026-08-26 09:46:28,435 | INFO  | [4393/5212] sz.300637 扬帆新材 取到2278条 | 已用1291s ETA 241s
2026-08-26 09:46:28,435 | INFO  | [4394/5212] sz.300638 广和通 取到2277条 | 已用1291s ETA 240s
2026-08-26 09:46:28,435 | INFO  | [4395/5212] sz.300639 凯普生物 取到2278条 | 已用1291s ETA 240s
2026-08-26 09:46:28,435 | INFO  | [4396/5212] sz.300640 德艺文创 取到2275条 | 已用1291s ETA 240s
2026-08-26 09:46:28,435 | INFO  | [4397/5212] sz.300641 正丹股份 取到2274条 | 已用1291s ETA 239s
2026-08-26 09:46:28,435 | INFO  | [4398/5212] sz.300642 透景生命 取到2271条 | 已用1291s ETA 239s
2026-08-26 09:46:28,435 | INFO  | [4399/5212] sz.300643 万通智控 取到2262条 | 已用1291s ETA 239s
2026-08-26 09:46:28,435 | INFO  | [4400/5212] sz.300644 南京聚隆 取到2073条 | 已用1291s ETA 238s
2026-08-26 09:46:32,797 | INFO  | [4401/5212] sz.300628 亿联网络 取到2294条 | 已用1295s ETA 239s
2026-08-26 09:46:32,797 | INFO  | [4402/5212] sz.300629 新劲刚 取到2289条 | 已用1295s ETA 238s
2026-08-26 09:46:32,797 | INFO  | [4403/5212] sz.300631 久吾高科 取到2290条 | 已用1295s ETA 238s
2026-08-26 09:46:32,797 | INFO  | [4404/5212] sz.300632 光莆股份 取到2282条 | 已用1295s ETA 238s
2026-08-26 09:46:32,797 | INFO  | [4405/5212] sz.300633 开立医疗 取到2282条 | 已用1295s ETA 237s
2026-08-26 09:46:32,797 | INFO  | [4406/5212] sz.300634 彩讯股份 取到2045条 | 已用1295s ETA 237s
2026-08-26 09:46:32,797 | INFO  | [4407/5212] sz.300635 中达安 取到2284条 | 已用1295s ETA 237s
2026-08-26 09:46:32,797 | INFO  | [4408/5212] sz.300636 同和药业 取到2284条 | 已用1295s ETA 236s
2026-08-26 09:46:48,373 | INFO  | [4409/5212] sz.300654 世纪天鸿 取到2162条 | 已用1311s ETA 239s
2026-08-26 09:46:48,373 | INFO  | [4410/5212] sz.300655 晶瑞电材 取到2250条 | 已用1311s ETA 238s
2026-08-26 09:46:48,373 | INFO  | [4411/5212] sz.300656 民德电子 取到2252条 | 已用1311s ETA 238s
2026-08-26 09:46:48,373 | INFO  | [4412/5212] sz.300657 弘信电子 取到2250条 | 已用1311s ETA 238s
2026-08-26 09:46:48,373 | INFO  | [4413/5212] sz.300658 延江股份 取到2244条 | 已用1311s ETA 237s
2026-08-26 09:46:48,373 | INFO  | [4414/5212] sz.300659 中孚信息 取到2247条 | 已用1311s ETA 237s
2026-08-26 09:46:48,373 | INFO  | [4415/5212] sz.300660 江苏雷利 取到2244条 | 已用1311s ETA 237s
2026-08-26 09:46:48,373 | INFO  | [4416/5212] sz.300661 圣邦股份 取到2242条 | 已用1311s ETA 236s
2026-08-26 09:46:50,997 | INFO  | [4417/5212] sz.300645 正元智慧 取到2271条 | 已用1313s ETA 236s
2026-08-26 09:46:50,997 | INFO  | [4418/5212] sz.300647 超频三 取到2264条 | 已用1313s ETA 236s
2026-08-26 09:46:50,997 | INFO  | [4419/5212] sz.300648 星云股份 取到2269条 | 已用1313s ETA 236s
2026-08-26 09:46:50,997 | INFO  | [4420/5212] sz.300649 杭州园林 取到2262条 | 已用1313s ETA 235s
2026-08-26 09:46:50,997 | INFO  | [4421/5212] sz.300650 太龙股份 取到2264条 | 已用1313s ETA 235s
2026-08-26 09:46:50,997 | INFO  | [4422/5212] sz.300651 金陵体育 取到2260条 | 已用1313s ETA 235s
2026-08-26 09:46:50,997 | INFO  | [4423/5212] sz.300652 雷迪克 取到2255条 | 已用1313s ETA 234s
2026-08-26 09:46:50,997 | INFO  | [4424/5212] sz.300653 正海生物 取到2255条 | 已用1313s ETA 234s
2026-08-26 09:47:08,906 | INFO  | [4425/5212] sz.300662 科锐国际 取到2240条 | 已用1331s ETA 237s
2026-08-26 09:47:08,908 | INFO  | [4426/5212] sz.300663 科蓝软件 取到2240条 | 已用1331s ETA 236s
2026-08-26 09:47:08,908 | INFO  | [4427/5212] sz.300664 鹏鹞环保 取到2095条 | 已用1331s ETA 236s
2026-08-26 09:47:08,908 | INFO  | [4428/5212] sz.300665 飞鹿股份 取到2237条 | 已用1331s ETA 236s
2026-08-26 09:47:08,908 | INFO  | [4429/5212] sz.300666 江丰电子 取到2235条 | 已用1331s ETA 235s
2026-08-26 09:47:08,908 | INFO  | [4430/5212] sz.300667 必创科技 取到2233条 | 已用1331s ETA 235s
2026-08-26 09:47:08,908 | INFO  | [4431/5212] sz.300668 杰恩股份 取到2233条 | 已用1331s ETA 235s
2026-08-26 09:47:08,908 | INFO  | [4432/5212] sz.300669 沪宁股份 取到2225条 | 已用1331s ETA 234s
2026-08-26 09:47:17,711 | INFO  | [4433/5212] sz.300678 中科信息 取到2204条 | 已用1340s ETA 235s
2026-08-26 09:47:17,711 | INFO  | [4434/5212] sz.300679 电连技术 取到2203条 | 已用1340s ETA 235s
2026-08-26 09:47:17,712 | INFO  | [4435/5212] sz.300680 隆盛科技 取到2207条 | 已用1340s ETA 235s
2026-08-26 09:47:17,712 | INFO  | [4436/5212] sz.300681 英搏尔 取到2207条 | 已用1340s ETA 234s
2026-08-26 09:47:17,712 | INFO  | [4437/5212] sz.300682 朗新科技 取到2202条 | 已用1340s ETA 234s
2026-08-26 09:47:17,712 | INFO  | [4438/5212] sz.300683 海特生物 取到2197条 | 已用1340s ETA 234s
2026-08-26 09:47:17,712 | INFO  | [4439/5212] sz.300684 中石科技 取到2101条 | 已用1340s ETA 233s
2026-08-26 09:47:17,712 | INFO  | [4440/5212] sz.300685 艾德生物 取到2201条 | 已用1340s ETA 233s
2026-08-26 09:47:29,859 | INFO  | [4441/5212] sz.300686 智动力 取到2199条 | 已用1352s ETA 235s
2026-08-26 09:47:29,859 | INFO  | [4442/5212] sz.300687 赛意信息 取到2200条 | 已用1352s ETA 234s
2026-08-26 09:47:29,859 | INFO  | [4443/5212] sz.300688 创业黑马 取到2195条 | 已用1352s ETA 234s
2026-08-26 09:47:29,859 | INFO  | [4444/5212] sz.300689 澄天伟业 取到2196条 | 已用1352s ETA 234s
2026-08-26 09:47:29,859 | INFO  | [4445/5212] sz.300690 双一科技 取到2197条 | 已用1352s ETA 233s
2026-08-26 09:47:29,859 | INFO  | [4446/5212] sz.300691 联合光电 取到2194条 | 已用1352s ETA 233s
2026-08-26 09:47:29,859 | INFO  | [4447/5212] sz.300692 中赋科技 取到2188条 | 已用1352s ETA 233s
2026-08-26 09:47:29,859 | INFO  | [4448/5212] sz.300693 盛弘股份 取到2187条 | 已用1352s ETA 232s
2026-08-26 09:47:40,574 | INFO  | [4449/5212] sz.300670 大烨智能 取到2223条 | 已用1363s ETA 234s
2026-08-26 09:47:40,574 | INFO  | [4450/5212] sz.300671 富满微 取到2221条 | 已用1363s ETA 233s
2026-08-26 09:47:40,576 | INFO  | [4451/5212] sz.300672 国科微 取到2216条 | 已用1363s ETA 233s
2026-08-26 09:47:40,576 | INFO  | [4452/5212] sz.300673 佩蒂股份 取到2217条 | 已用1363s ETA 233s
2026-08-26 09:47:40,576 | INFO  | [4453/5212] sz.300674 宇信科技 取到1893条 | 已用1363s ETA 232s
2026-08-26 09:47:40,576 | INFO  | [4454/5212] sz.300675 建科院 取到2211条 | 已用1363s ETA 232s
2026-08-26 09:47:40,576 | INFO  | [4455/5212] sz.300676 华大基因 取到2214条 | 已用1363s ETA 232s
2026-08-26 09:47:40,576 | INFO  | [4456/5212] sz.300677 英科医疗 取到2209条 | 已用1363s ETA 231s
2026-08-26 09:47:42,123 | INFO  | [4457/5212] sz.300694 蠡湖股份 取到1910条 | 已用1364s ETA 231s
2026-08-26 09:47:42,124 | INFO  | [4458/5212] sz.300695 兆丰股份 取到2174条 | 已用1364s ETA 231s
2026-08-26 09:47:42,124 | INFO  | [4459/5212] sz.300696 爱乐达 取到2187条 | 已用1364s ETA 230s
2026-08-26 09:47:42,124 | INFO  | [4460/5212] sz.300697 电工合金 取到2175条 | 已用1364s ETA 230s
2026-08-26 09:47:42,124 | INFO  | [4461/5212] sz.300698 万马科技 取到2180条 | 已用1364s ETA 230s
2026-08-26 09:47:42,124 | INFO  | [4462/5212] sz.300699 光威复材 取到2179条 | 已用1364s ETA 229s
2026-08-26 09:47:42,124 | INFO  | [4463/5212] sz.300700 岱勒新材 取到2172条 | 已用1364s ETA 229s
2026-08-26 09:47:42,124 | INFO  | [4464/5212] sz.300701 森霸传感 取到2169条 | 已用1364s ETA 229s
2026-08-26 09:48:08,828 | INFO  | [4465/5212] sz.300702 天宇股份 取到2167条 | 已用1391s ETA 233s
2026-08-26 09:48:08,828 | INFO  | [4466/5212] sz.300703 创源股份 取到2167条 | 已用1391s ETA 232s
2026-08-26 09:48:08,828 | INFO  | [4467/5212] sz.300705 九典制药 取到2157条 | 已用1391s ETA 232s
2026-08-26 09:48:08,828 | INFO  | [4468/5212] sz.300706 阿石创 取到2162条 | 已用1391s ETA 232s
2026-08-26 09:48:08,828 | INFO  | [4469/5212] sz.300707 威唐工业 取到2157条 | 已用1391s ETA 231s
2026-08-26 09:48:08,828 | INFO  | [4470/5212] sz.300708 聚灿光电 取到2153条 | 已用1391s ETA 231s
2026-08-26 09:48:08,828 | INFO  | [4471/5212] sz.300709 精研科技 取到2150条 | 已用1391s ETA 231s
2026-08-26 09:48:08,828 | INFO  | [4472/5212] sz.300710 万隆光电 取到2150条 | 已用1391s ETA 230s
2026-08-26 09:48:14,256 | INFO  | [4473/5212] sz.300720 海川智能 取到2138条 | 已用1396s ETA 231s
2026-08-26 09:48:14,256 | INFO  | [4474/5212] sz.300721 怡达股份 取到2131条 | 已用1396s ETA 230s
2026-08-26 09:48:14,256 | INFO  | [4475/5212] sz.300722 新余国科 取到2134条 | 已用1396s ETA 230s
2026-08-26 09:48:14,256 | INFO  | [4476/5212] sz.300723 一品红 取到2130条 | 已用1396s ETA 230s
2026-08-26 09:48:14,256 | INFO  | [4477/5212] sz.300724 捷佳伟创 取到1950条 | 已用1396s ETA 229s
2026-08-26 09:48:14,256 | INFO  | [4478/5212] sz.300725 药石科技 取到2134条 | 已用1396s ETA 229s
2026-08-26 09:48:14,256 | INFO  | [4479/5212] sz.300726 宏达电子 取到2127条 | 已用1396s ETA 229s
2026-08-26 09:48:14,256 | INFO  | [4480/5212] sz.300727 润禾材料 取到2123条 | 已用1396s ETA 228s
2026-08-26 09:48:19,771 | INFO  | [4481/5212] sz.300729 乐歌股份 取到2119条 | 已用1402s ETA 229s
2026-08-26 09:48:19,771 | INFO  | [4482/5212] sz.300730 科创信息 取到2117条 | 已用1402s ETA 228s
2026-08-26 09:48:19,771 | INFO  | [4483/5212] sz.300731 科创新源 取到2114条 | 已用1402s ETA 228s
2026-08-26 09:48:19,771 | INFO  | [4484/5212] sz.300732 设研院 取到2112条 | 已用1402s ETA 228s
2026-08-26 09:48:19,771 | INFO  | [4485/5212] sz.300733 西菱动力 取到2088条 | 已用1402s ETA 227s
2026-08-26 09:48:19,771 | INFO  | [4486/5212] sz.300735 光弘科技 取到2099条 | 已用1402s ETA 227s
2026-08-26 09:48:19,771 | INFO  | [4487/5212] sz.300736 百邦科技 取到2093条 | 已用1402s ETA 227s
2026-08-26 09:48:19,771 | INFO  | [4488/5212] sz.300737 科顺股份 取到2081条 | 已用1402s ETA 226s
2026-08-26 09:48:19,912 | INFO  | [4489/5212] sz.300711 广哈通信 取到2141条 | 已用1402s ETA 226s
2026-08-26 09:48:19,913 | INFO  | [4490/5212] sz.300712 永福股份 取到2142条 | 已用1402s ETA 225s
2026-08-26 09:48:19,913 | INFO  | [4491/5212] sz.300713 英可瑞 取到2141条 | 已用1402s ETA 225s
2026-08-26 09:48:19,913 | INFO  | [4492/5212] sz.300715 凯伦股份 取到2145条 | 已用1402s ETA 225s
2026-08-26 09:48:19,913 | INFO  | [4493/5212] sz.300716 *ST泉为 取到2135条 | 已用1402s ETA 224s
2026-08-26 09:48:19,913 | INFO  | [4494/5212] sz.300717 华信新材 取到2138条 | 已用1402s ETA 224s
2026-08-26 09:48:19,913 | INFO  | [4495/5212] sz.300718 长盛轴承 取到2138条 | 已用1402s ETA 224s
2026-08-26 09:48:19,913 | INFO  | [4496/5212] sz.300719 安达维尔 取到2135条 | 已用1402s ETA 223s
2026-08-26 09:48:36,054 | INFO  | [4497/5212] sz.300738 奥飞数据 取到2085条 | 已用1418s ETA 225s
2026-08-26 09:48:36,054 | INFO  | [4498/5212] sz.300739 明阳电路 取到2076条 | 已用1418s ETA 225s
2026-08-26 09:48:36,054 | INFO  | [4499/5212] sz.300740 水羊股份 取到2071条 | 已用1418s ETA 225s
2026-08-26 09:48:36,054 | INFO  | [4500/5212] sz.300741 华宝股份 取到2061条 | 已用1418s ETA 224s
2026-08-26 09:48:36,054 | INFO  | [4501/5212] sz.300743 天地数码 取到2022条 | 已用1418s ETA 224s
2026-08-26 09:48:36,054 | INFO  | [4502/5212] sz.300745 欣锐科技 取到2006条 | 已用1418s ETA 224s
2026-08-26 09:48:36,054 | INFO  | [4503/5212] sz.300746 汉嘉数智 取到2004条 | 已用1418s ETA 223s
2026-08-26 09:48:36,054 | INFO  | [4504/5212] sz.300747 锐科激光 取到1984条 | 已用1418s ETA 223s
2026-08-26 09:48:45,075 | INFO  | [4505/5212] sz.300757 罗博特科 取到1851条 | 已用1427s ETA 224s
2026-08-26 09:48:45,075 | INFO  | [4506/5212] sz.300758 七彩化学 取到1823条 | 已用1427s ETA 224s
2026-08-26 09:48:45,075 | INFO  | [4507/5212] sz.300759 康龙化成 取到1837条 | 已用1427s ETA 223s
2026-08-26 09:48:45,075 | INFO  | [4508/5212] sz.300760 迈瑞医疗 取到1909条 | 已用1427s ETA 223s
2026-08-26 09:48:45,075 | INFO  | [4509/5212] sz.300761 立华股份 取到1827条 | 已用1427s ETA 223s
2026-08-26 09:48:45,075 | INFO  | [4510/5212] sz.300762 上海瀚讯 取到1809条 | 已用1427s ETA 222s
2026-08-26 09:48:45,075 | INFO  | [4511/5212] sz.300763 锦浪科技 取到1806条 | 已用1427s ETA 222s
2026-08-26 09:48:45,075 | INFO  | [4512/5212] sz.300765 石药创新 取到1803条 | 已用1427s ETA 221s
2026-08-26 09:48:56,352 | INFO  | [4513/5212] sz.300748 金力永磁 取到1920条 | 已用1439s ETA 223s
2026-08-26 09:48:56,353 | INFO  | [4514/5212] sz.300749 顶固集创 取到1919条 | 已用1439s ETA 222s
2026-08-26 09:48:56,353 | INFO  | [4515/5212] sz.300750 宁德时代 取到1993条 | 已用1439s ETA 222s
2026-08-26 09:48:56,353 | INFO  | [4516/5212] sz.300751 迈为股份 取到1891条 | 已用1439s ETA 222s
2026-08-26 09:48:56,353 | INFO  | [4517/5212] sz.300752 隆利科技 取到1876条 | 已用1439s ETA 221s
2026-08-26 09:48:56,353 | INFO  | [4518/5212] sz.300753 爱朋医疗 取到1867条 | 已用1439s ETA 221s
2026-08-26 09:48:56,353 | INFO  | [4519/5212] sz.300755 华致酒行 取到1836条 | 已用1439s ETA 221s
2026-08-26 09:48:56,353 | INFO  | [4520/5212] sz.300756 金马游乐 取到1856条 | 已用1439s ETA 220s
2026-08-26 09:49:03,080 | INFO  | [4521/5212] sz.300782 卓胜微 取到1746条 | 已用1445s ETA 221s
2026-08-26 09:49:03,080 | INFO  | [4522/5212] sz.300783 三只松鼠 取到1728条 | 已用1445s ETA 221s
2026-08-26 09:49:03,080 | INFO  | [4523/5212] sz.300784 利安科技 取到539条 | 已用1445s ETA 220s
2026-08-26 09:49:03,080 | INFO  | [4524/5212] sz.300785 值得买 取到1727条 | 已用1445s ETA 220s
2026-08-26 09:49:03,080 | INFO  | [4525/5212] sz.300786 国林科技 取到1721条 | 已用1445s ETA 219s
2026-08-26 09:49:03,080 | INFO  | [4526/5212] sz.300787 海能实业 取到1704条 | 已用1445s ETA 219s
2026-08-26 09:49:03,080 | INFO  | [4527/5212] sz.300788 中信出版 取到1733条 | 已用1445s ETA 219s
2026-08-26 09:49:03,080 | INFO  | [4528/5212] sz.300789 唐源电气 取到1695条 | 已用1445s ETA 218s
2026-08-26 09:49:05,280 | INFO  | [4529/5212] sz.300766 每日互动 取到1802条 | 已用1447s ETA 218s
2026-08-26 09:49:05,280 | INFO  | [4530/5212] sz.300767 震安科技 取到1798条 | 已用1447s ETA 218s
2026-08-26 09:49:05,280 | INFO  | [4531/5212] sz.300768 迪普科技 取到1789条 | 已用1447s ETA 218s
2026-08-26 09:49:05,280 | INFO  | [4532/5212] sz.300769 德方纳米 取到1788条 | 已用1447s ETA 217s
2026-08-26 09:49:05,280 | INFO  | [4533/5212] sz.300770 新媒股份 取到1784条 | 已用1447s ETA 217s
2026-08-26 09:49:05,280 | INFO  | [4534/5212] sz.300771 智莱科技 取到1783条 | 已用1447s ETA 216s
2026-08-26 09:49:05,280 | INFO  | [4535/5212] sz.300772 运达股份 取到1779条 | 已用1447s ETA 216s
2026-08-26 09:49:05,280 | INFO  | [4536/5212] sz.300773 拉卡拉 取到1780条 | 已用1447s ETA 216s
2026-08-26 09:49:24,825 | INFO  | [4537/5212] sz.300808 久量股份 取到1634条 | 已用1467s ETA 218s
2026-08-26 09:49:24,825 | INFO  | [4538/5212] sz.300809 华辰装备 取到1631条 | 已用1467s ETA 218s
2026-08-26 09:49:24,825 | INFO  | [4539/5212] sz.300810 中科海讯 取到1629条 | 已用1467s ETA 218s
2026-08-26 09:49:24,825 | INFO  | [4540/5212] sz.300811 铂科新材 取到1613条 | 已用1467s ETA 217s
2026-08-26 09:49:24,825 | INFO  | [4541/5212] sz.300812 易天股份 取到1606条 | 已用1467s ETA 217s
2026-08-26 09:49:24,825 | INFO  | [4542/5212] sz.300813 泰林生物 取到1603条 | 已用1467s ETA 216s
2026-08-26 09:49:24,825 | INFO  | [4543/5212] sz.300814 中富电路 取到1220条 | 已用1467s ETA 216s
2026-08-26 09:49:24,825 | INFO  | [4544/5212] sz.300815 玉禾田 取到1596条 | 已用1467s ETA 216s
2026-08-26 09:49:26,169 | INFO  | [4545/5212] sz.300800 力合科技 取到1651条 | 已用1468s ETA 215s
2026-08-26 09:49:26,169 | INFO  | [4546/5212] sz.300801 泰和科技 取到1635条 | 已用1468s ETA 215s
2026-08-26 09:49:26,169 | INFO  | [4547/5212] sz.300802 矩子科技 取到1645条 | 已用1468s ETA 215s
2026-08-26 09:49:26,169 | INFO  | [4548/5212] sz.300803 指南针 取到1643条 | 已用1468s ETA 214s
2026-08-26 09:49:26,169 | INFO  | [4549/5212] sz.300804 广康生化 取到769条 | 已用1468s ETA 214s
2026-08-26 09:49:26,169 | INFO  | [4550/5212] sz.300805 电声股份 取到1640条 | 已用1468s ETA 214s
2026-08-26 09:49:26,169 | INFO  | [4551/5212] sz.300806 斯迪克 取到1638条 | 已用1468s ETA 213s
2026-08-26 09:49:26,169 | INFO  | [4552/5212] sz.300807 天迈科技 取到1620条 | 已用1468s ETA 213s
2026-08-26 09:49:26,776 | INFO  | [4553/5212] sz.300774 倍杰特 取到1226条 | 已用1469s ETA 213s
2026-08-26 09:49:26,776 | INFO  | [4554/5212] sz.300775 三角防务 取到1765条 | 已用1469s ETA 212s
2026-08-26 09:49:26,776 | INFO  | [4555/5212] sz.300776 帝尔激光 取到1767条 | 已用1469s ETA 212s
2026-08-26 09:49:26,776 | INFO  | [4556/5212] sz.300777 中简科技 取到1768条 | 已用1469s ETA 212s
2026-08-26 09:49:26,776 | INFO  | [4557/5212] sz.300778 新城市 取到1772条 | 已用1469s ETA 211s
2026-08-26 09:49:26,776 | INFO  | [4558/5212] sz.300779 惠城环保 取到1764条 | 已用1469s ETA 211s
2026-08-26 09:49:26,776 | INFO  | [4559/5212] sz.300780 德恩精工 取到1757条 | 已用1469s ETA 210s
2026-08-26 09:49:26,776 | INFO  | [4560/5212] sz.300781 因赛集团 取到1753条 | 已用1469s ETA 210s
2026-08-26 09:49:32,690 | INFO  | [4561/5212] sz.300790 宇瞳光学 取到1679条 | 已用1475s ETA 211s
2026-08-26 09:49:32,691 | INFO  | [4562/5212] sz.300791 仙乐健康 取到1676条 | 已用1475s ETA 210s
2026-08-26 09:49:32,691 | INFO  | [4563/5212] sz.300792 壹网壹创 取到1674条 | 已用1475s ETA 210s
2026-08-26 09:49:32,691 | INFO  | [4564/5212] sz.300793 佳禾智能 取到1664条 | 已用1475s ETA 209s
2026-08-26 09:49:32,691 | INFO  | [4565/5212] sz.300795 米奥会展 取到1662条 | 已用1475s ETA 209s
2026-08-26 09:49:32,691 | INFO  | [4566/5212] sz.300796 贝斯美 取到1644条 | 已用1475s ETA 209s
2026-08-26 09:49:32,691 | INFO  | [4567/5212] sz.300797 钢研纳克 取到1654条 | 已用1475s ETA 208s
2026-08-26 09:49:32,691 | INFO  | [4568/5212] sz.300798 锦鸡股份 取到1639条 | 已用1475s ETA 208s
2026-08-26 09:49:49,048 | INFO  | [4569/5212] sz.300832 新产业 取到1528条 | 已用1491s ETA 210s
2026-08-26 09:49:49,048 | INFO  | [4570/5212] sz.300833 浩洋股份 取到1522条 | 已用1491s ETA 209s
2026-08-26 09:49:49,048 | INFO  | [4571/5212] sz.300834 星辉环材 取到1118条 | 已用1491s ETA 209s
2026-08-26 09:49:49,048 | INFO  | [4572/5212] sz.300835 龙磁科技 取到1519条 | 已用1491s ETA 209s
2026-08-26 09:49:49,048 | INFO  | [4573/5212] sz.300836 佰奥智能 取到1516条 | 已用1491s ETA 208s
2026-08-26 09:49:49,048 | INFO  | [4574/5212] sz.300837 浙矿股份 取到1510条 | 已用1491s ETA 208s
2026-08-26 09:49:49,048 | INFO  | [4575/5212] sz.300838 浙江力诺 取到1509条 | 已用1491s ETA 208s
2026-08-26 09:49:49,048 | INFO  | [4576/5212] sz.300839 博汇股份 取到1495条 | 已用1491s ETA 207s
2026-08-26 09:49:50,091 | INFO  | [4577/5212] sz.300816 艾可蓝 取到1590条 | 已用1492s ETA 207s
2026-08-26 09:49:50,091 | INFO  | [4578/5212] sz.300817 双飞集团 取到1584条 | 已用1492s ETA 207s
2026-08-26 09:49:50,091 | INFO  | [4579/5212] sz.300818 耐普矿机 取到1588条 | 已用1492s ETA 206s
2026-08-26 09:49:50,091 | INFO  | [4580/5212] sz.300819 聚杰微纤 取到1567条 | 已用1492s ETA 206s
2026-08-26 09:49:50,091 | INFO  | [4581/5212] sz.300820 英杰电气 取到1587条 | 已用1492s ETA 206s
2026-08-26 09:49:50,091 | INFO  | [4582/5212] sz.300821 东岳硅材 取到1567条 | 已用1492s ETA 205s
2026-08-26 09:49:50,091 | INFO  | [4583/5212] sz.300822 贝仕达克 取到1566条 | 已用1492s ETA 205s
2026-08-26 09:49:50,091 | INFO  | [4584/5212] sz.300823 建科智能 取到1562条 | 已用1492s ETA 204s
2026-08-26 09:49:57,787 | INFO  | [4585/5212] sz.300824 北鼎股份 取到1500条 | 已用1500s ETA 205s
2026-08-26 09:49:57,787 | INFO  | [4586/5212] sz.300825 阿尔特 取到1556条 | 已用1500s ETA 205s
2026-08-26 09:49:57,788 | INFO  | [4587/5212] sz.300826 测绘股份 取到1551条 | 已用1500s ETA 204s
2026-08-26 09:49:57,788 | INFO  | [4588/5212] sz.300827 上能电气 取到1547条 | 已用1500s ETA 204s
2026-08-26 09:49:57,788 | INFO  | [4589/5212] sz.300828 锐新科技 取到1540条 | 已用1500s ETA 204s
2026-08-26 09:49:57,788 | INFO  | [4590/5212] sz.300829 金丹科技 取到1539条 | 已用1500s ETA 203s
2026-08-26 09:49:57,788 | INFO  | [4591/5212] sz.300830 金现代 取到1532条 | 已用1500s ETA 203s
2026-08-26 09:49:57,788 | INFO  | [4592/5212] sz.300831 ST派瑞 取到1531条 | 已用1500s ETA 203s
2026-08-26 09:50:00,985 | INFO  | [4593/5212] sz.300840 酷特智能 取到1489条 | 已用1503s ETA 203s
2026-08-26 09:50:00,985 | INFO  | [4594/5212] sz.300841 康华生物 取到1503条 | 已用1503s ETA 202s
2026-08-26 09:50:00,985 | INFO  | [4595/5212] sz.300842 帝科股份 取到1501条 | 已用1503s ETA 202s
2026-08-26 09:50:00,985 | INFO  | [4596/5212] sz.300843 胜蓝股份 取到1493条 | 已用1503s ETA 201s
2026-08-26 09:50:00,985 | INFO  | [4597/5212] sz.300844 山水比德 取到1219条 | 已用1503s ETA 201s
2026-08-26 09:50:00,985 | INFO  | [4598/5212] sz.300845 捷安高科 取到1492条 | 已用1503s ETA 201s
2026-08-26 09:50:00,985 | INFO  | [4599/5212] sz.300846 首都在线 取到1494条 | 已用1503s ETA 200s
2026-08-26 09:50:00,985 | INFO  | [4600/5212] sz.300847 中船汉光 取到1488条 | 已用1503s ETA 200s
2026-08-26 09:50:20,398 | INFO  | [4601/5212] sz.300848 美瑞新材 取到1481条 | 已用1523s ETA 202s
2026-08-26 09:50:20,398 | INFO  | [4602/5212] sz.300849 锦盛新材 取到1487条 | 已用1523s ETA 202s
2026-08-26 09:50:20,398 | INFO  | [4603/5212] sz.300850 新强联 取到1486条 | 已用1523s ETA 201s
2026-08-26 09:50:20,398 | INFO  | [4604/5212] sz.300851 交大思诺 取到1482条 | 已用1523s ETA 201s
2026-08-26 09:50:20,398 | INFO  | [4605/5212] sz.300852 四会富仕 取到1486条 | 已用1523s ETA 201s
2026-08-26 09:50:20,398 | INFO  | [4606/5212] sz.300853 申昊科技 取到1477条 | 已用1523s ETA 200s
2026-08-26 09:50:20,399 | INFO  | [4607/5212] sz.300854 中兰环保 取到1195条 | 已用1523s ETA 200s
2026-08-26 09:50:20,399 | INFO  | [4608/5212] sz.300855 图南股份 取到1478条 | 已用1523s ETA 200s
2026-08-26 09:50:21,216 | INFO  | [4609/5212] sz.300864 南大环境 取到1456条 | 已用1523s ETA 199s
2026-08-26 09:50:21,216 | INFO  | [4610/5212] sz.300865 大宏立 取到1456条 | 已用1523s ETA 199s
2026-08-26 09:50:21,216 | INFO  | [4611/5212] sz.300866 安克创新 取到1456条 | 已用1523s ETA 199s
2026-08-26 09:50:21,217 | INFO  | [4612/5212] sz.300867 圣元环保 取到1456条 | 已用1523s ETA 198s
2026-08-26 09:50:21,217 | INFO  | [4613/5212] sz.300868 杰美特 取到1456条 | 已用1523s ETA 198s
2026-08-26 09:50:21,217 | INFO  | [4614/5212] sz.300869 康泰医学 取到1456条 | 已用1523s ETA 197s
2026-08-26 09:50:21,217 | INFO  | [4615/5212] sz.300870 欧陆通 取到1456条 | 已用1523s ETA 197s
2026-08-26 09:50:21,217 | INFO  | [4616/5212] sz.300871 回盛生物 取到1456条 | 已用1523s ETA 197s
2026-08-26 09:50:27,499 | INFO  | [4617/5212] sz.300856 科思股份 取到1479条 | 已用1530s ETA 197s
2026-08-26 09:50:27,499 | INFO  | [4618/5212] sz.300857 协创数据 取到1476条 | 已用1530s ETA 197s
2026-08-26 09:50:27,499 | INFO  | [4619/5212] sz.300858 科拓生物 取到1476条 | 已用1530s ETA 196s
2026-08-26 09:50:27,499 | INFO  | [4620/5212] sz.300859 西域旅游 取到1468条 | 已用1530s ETA 196s
2026-08-26 09:50:27,499 | INFO  | [4621/5212] sz.300860 锋尚文化 取到1456条 | 已用1530s ETA 196s
2026-08-26 09:50:27,500 | INFO  | [4622/5212] sz.300861 美畅股份 取到1456条 | 已用1530s ETA 195s
2026-08-26 09:50:27,500 | INFO  | [4623/5212] sz.300862 蓝盾光电 取到1456条 | 已用1530s ETA 195s
2026-08-26 09:50:27,500 | INFO  | [4624/5212] sz.300863 卡倍亿 取到1456条 | 已用1530s ETA 195s
2026-08-26 09:50:29,162 | INFO  | [4625/5212] sz.300872 天阳科技 取到1456条 | 已用1531s ETA 194s
2026-08-26 09:50:29,162 | INFO  | [4626/5212] sz.300873 海晨股份 取到1456条 | 已用1531s ETA 194s
2026-08-26 09:50:29,162 | INFO  | [4627/5212] sz.300875 捷强装备 取到1456条 | 已用1531s ETA 194s
2026-08-26 09:50:29,162 | INFO  | [4628/5212] sz.300876 蒙泰高新 取到1456条 | 已用1531s ETA 193s
2026-08-26 09:50:29,162 | INFO  | [4629/5212] sz.300877 金春股份 取到1456条 | 已用1531s ETA 193s
2026-08-26 09:50:29,162 | INFO  | [4630/5212] sz.300878 维康药业 取到1456条 | 已用1531s ETA 192s
2026-08-26 09:50:29,162 | INFO  | [4631/5212] sz.300879 大叶股份 取到1450条 | 已用1531s ETA 192s
2026-08-26 09:50:29,162 | INFO  | [4632/5212] sz.300880 迦南智能 取到1450条 | 已用1531s ETA 192s
2026-08-26 09:50:46,085 | INFO  | [4633/5212] sz.300881 盛德鑫泰 取到1450条 | 已用1548s ETA 193s
2026-08-26 09:50:46,085 | INFO  | [4634/5212] sz.300882 万胜智能 取到1443条 | 已用1548s ETA 193s
2026-08-26 09:50:46,085 | INFO  | [4635/5212] sz.300883 龙利得 取到1443条 | 已用1548s ETA 193s
2026-08-26 09:50:46,085 | INFO  | [4636/5212] sz.300884 狄耐克 取到1404条 | 已用1548s ETA 192s
2026-08-26 09:50:46,085 | INFO  | [4637/5212] sz.300885 海昌新材 取到1443条 | 已用1548s ETA 192s
2026-08-26 09:50:46,085 | INFO  | [4638/5212] sz.300886 华业香料 取到1439条 | 已用1548s ETA 192s
2026-08-26 09:50:46,085 | INFO  | [4639/5212] sz.300887 谱尼测试 取到1439条 | 已用1548s ETA 191s
2026-08-26 09:50:46,085 | INFO  | [4640/5212] sz.300888 稳健医疗 取到1438条 | 已用1548s ETA 191s
2026-08-26 09:50:48,410 | INFO  | [4641/5212] sz.300889 爱克股份 取到1439条 | 已用1551s ETA 191s
2026-08-26 09:50:48,410 | INFO  | [4642/5212] sz.300890 翔丰华 取到1438条 | 已用1551s ETA 190s
2026-08-26 09:50:48,410 | INFO  | [4643/5212] sz.300891 惠云钛业 取到1438条 | 已用1551s ETA 190s
2026-08-26 09:50:48,410 | INFO  | [4644/5212] sz.300892 品渥食品 取到1433条 | 已用1551s ETA 190s
2026-08-26 09:50:48,410 | INFO  | [4645/5212] sz.300893 松原安全 取到1433条 | 已用1551s ETA 189s
2026-08-26 09:50:48,410 | INFO  | [4646/5212] sz.300894 火星人 取到1369条 | 已用1551s ETA 189s
2026-08-26 09:50:48,410 | INFO  | [4647/5212] sz.300895 铜牛信息 取到1433条 | 已用1551s ETA 189s
2026-08-26 09:50:48,410 | INFO  | [4648/5212] sz.300896 爱美客 取到1431条 | 已用1551s ETA 188s
2026-08-26 09:50:55,750 | INFO  | [4649/5212] sz.300905 宝丽迪 取到1409条 | 已用1558s ETA 189s
2026-08-26 09:50:55,751 | INFO  | [4650/5212] sz.300906 日月明 取到1409条 | 已用1558s ETA 188s
2026-08-26 09:50:55,751 | INFO  | [4651/5212] sz.300907 康平科技 取到1400条 | 已用1558s ETA 188s
2026-08-26 09:50:55,751 | INFO  | [4652/5212] sz.300908 仲景食品 取到1397条 | 已用1558s ETA 188s
2026-08-26 09:50:55,751 | INFO  | [4653/5212] sz.300909 汇创达 取到1400条 | 已用1558s ETA 187s
2026-08-26 09:50:55,751 | INFO  | [4654/5212] sz.300910 瑞丰新材 取到1393条 | 已用1558s ETA 187s
2026-08-26 09:50:55,751 | INFO  | [4655/5212] sz.300911 亿田智能 取到1389条 | 已用1558s ETA 186s
2026-08-26 09:50:55,751 | INFO  | [4656/5212] sz.300912 凯龙高科 取到1387条 | 已用1558s ETA 186s
2026-08-26 09:50:58,507 | INFO  | [4657/5212] sz.300897 山科智能 取到1431条 | 已用1561s ETA 186s
2026-08-26 09:50:58,507 | INFO  | [4658/5212] sz.300898 熊猫乳品 取到1423条 | 已用1561s ETA 186s
2026-08-26 09:50:58,507 | INFO  | [4659/5212] sz.300899 上海凯鑫 取到1423条 | 已用1561s ETA 185s
2026-08-26 09:50:58,507 | INFO  | [4660/5212] sz.300900 广联航空 取到1414条 | 已用1561s ETA 185s
2026-08-26 09:50:58,507 | INFO  | [4661/5212] sz.300901 中胤时尚 取到1414条 | 已用1561s ETA 184s
2026-08-26 09:50:58,507 | INFO  | [4662/5212] sz.300902 国安达 取到1414条 | 已用1561s ETA 184s
2026-08-26 09:50:58,507 | INFO  | [4663/5212] sz.300903 科翔股份 取到1409条 | 已用1561s ETA 184s
2026-08-26 09:50:58,507 | INFO  | [4664/5212] sz.300904 威力传动 取到738条 | 已用1561s ETA 183s
2026-08-26 09:51:02,903 | INFO  | [4665/5212] sz.300913 兆龙互连 取到1387条 | 已用1565s ETA 184s
2026-08-26 09:51:02,903 | INFO  | [4666/5212] sz.300915 海融科技 取到1390条 | 已用1565s ETA 183s
2026-08-26 09:51:02,903 | INFO  | [4667/5212] sz.300916 朗特智能 取到1390条 | 已用1565s ETA 183s
2026-08-26 09:51:02,903 | INFO  | [4668/5212] sz.300917 特发服务 取到1377条 | 已用1565s ETA 182s
2026-08-26 09:51:02,903 | INFO  | [4669/5212] sz.300918 南山智尚 取到1376条 | 已用1565s ETA 182s
2026-08-26 09:51:02,903 | INFO  | [4670/5212] sz.300919 中伟新材 取到1375条 | 已用1565s ETA 182s
2026-08-26 09:51:02,903 | INFO  | [4671/5212] sz.300920 润阳科技 取到1373条 | 已用1565s ETA 181s
2026-08-26 09:51:02,903 | INFO  | [4672/5212] sz.300921 南凌科技 取到1376条 | 已用1565s ETA 181s
2026-08-26 09:51:11,610 | INFO  | [4673/5212] sz.300922 天秦装备 取到1373条 | 已用1574s ETA 182s
2026-08-26 09:51:11,610 | INFO  | [4674/5212] sz.300923 研奥股份 取到1374条 | 已用1574s ETA 181s
2026-08-26 09:51:11,610 | INFO  | [4675/5212] sz.300925 法本信息 取到1370条 | 已用1574s ETA 181s
2026-08-26 09:51:11,611 | INFO  | [4676/5212] sz.300926 博俊科技 取到1365条 | 已用1574s ETA 180s
2026-08-26 09:51:11,611 | INFO  | [4677/5212] sz.300927 江天化学 取到1365条 | 已用1574s ETA 180s
2026-08-26 09:51:11,611 | INFO  | [4678/5212] sz.300928 华安鑫创 取到1366条 | 已用1574s ETA 180s
2026-08-26 09:51:11,611 | INFO  | [4679/5212] sz.300929 华骐环保 取到1356条 | 已用1574s ETA 179s
2026-08-26 09:51:11,611 | INFO  | [4680/5212] sz.300930 屹通新材 取到1355条 | 已用1574s ETA 179s
2026-08-26 09:51:17,917 | INFO  | [4681/5212] sz.300931 通用电梯 取到1355条 | 已用1580s ETA 179s
2026-08-26 09:51:17,917 | INFO  | [4682/5212] sz.300932 三友联众 取到1354条 | 已用1580s ETA 179s
2026-08-26 09:51:17,918 | INFO  | [4683/5212] sz.300933 中辰股份 取到1354条 | 已用1580s ETA 178s
2026-08-26 09:51:17,918 | INFO  | [4684/5212] sz.300935 盈建科 取到1356条 | 已用1580s ETA 178s
2026-08-26 09:51:17,918 | INFO  | [4685/5212] sz.300936 中英科技 取到1352条 | 已用1580s ETA 178s
2026-08-26 09:51:17,918 | INFO  | [4686/5212] sz.300937 药易购 取到1351条 | 已用1580s ETA 177s
2026-08-26 09:51:17,918 | INFO  | [4687/5212] sz.300938 信测标准 取到1351条 | 已用1580s ETA 177s
2026-08-26 09:51:17,918 | INFO  | [4688/5212] sz.300939 秋田微 取到1350条 | 已用1580s ETA 177s
2026-08-26 09:51:24,920 | INFO  | [4689/5212] sz.300940 南极光 取到1346条 | 已用1587s ETA 177s
2026-08-26 09:51:24,920 | INFO  | [4690/5212] sz.300941 创识科技 取到1342条 | 已用1587s ETA 177s
2026-08-26 09:51:24,921 | INFO  | [4691/5212] sz.300942 易瑞生物 取到1342条 | 已用1587s ETA 176s
2026-08-26 09:51:24,921 | INFO  | [4692/5212] sz.300943 春晖智控 取到1341条 | 已用1587s ETA 176s
2026-08-26 09:51:24,921 | INFO  | [4693/5212] sz.300945 曼卡龙 取到1341条 | 已用1587s ETA 176s
2026-08-26 09:51:24,921 | INFO  | [4694/5212] sz.300946 恒而达 取到1343条 | 已用1587s ETA 175s
2026-08-26 09:51:24,921 | INFO  | [4695/5212] sz.300947 德必集团 取到1341条 | 已用1587s ETA 175s
2026-08-26 09:51:24,921 | INFO  | [4696/5212] sz.300948 冠中生态 取到1335条 | 已用1587s ETA 174s
2026-08-26 09:51:30,465 | INFO  | [4697/5212] sz.300949 奥雅股份 取到1334条 | 已用1593s ETA 175s
2026-08-26 09:51:30,465 | INFO  | [4698/5212] sz.300950 德固特 取到1331条 | 已用1593s ETA 174s
2026-08-26 09:51:30,465 | INFO  | [4699/5212] sz.300951 博硕科技 取到1334条 | 已用1593s ETA 174s
2026-08-26 09:51:30,465 | INFO  | [4700/5212] sz.300952 恒辉安防 取到1325条 | 已用1593s ETA 173s
2026-08-26 09:51:30,465 | INFO  | [4701/5212] sz.300953 震裕科技 取到1320条 | 已用1593s ETA 173s
2026-08-26 09:51:30,465 | INFO  | [4702/5212] sz.300955 嘉亨家化 取到1316条 | 已用1593s ETA 173s
2026-08-26 09:51:30,465 | INFO  | [4703/5212] sz.300956 英力股份 取到1314条 | 已用1593s ETA 172s
2026-08-26 09:51:30,465 | INFO  | [4704/5212] sz.300957 贝泰妮 取到1315条 | 已用1593s ETA 172s
2026-08-26 09:51:40,115 | INFO  | [4705/5212] sz.300958 建工修复 取到1313条 | 已用1602s ETA 173s
2026-08-26 09:51:40,115 | INFO  | [4706/5212] sz.300959 线上线下 取到1318条 | 已用1602s ETA 172s
2026-08-26 09:51:40,116 | INFO  | [4707/5212] sz.300960 通业科技 取到1313条 | 已用1602s ETA 172s
2026-08-26 09:51:40,116 | INFO  | [4708/5212] sz.300961 深水海纳 取到1312条 | 已用1602s ETA 172s
2026-08-26 09:51:40,116 | INFO  | [4709/5212] sz.300962 中金辐照 取到1305条 | 已用1602s ETA 171s
2026-08-26 09:51:40,116 | INFO  | [4710/5212] sz.300963 中洲特材 取到1305条 | 已用1602s ETA 171s
2026-08-26 09:51:40,116 | INFO  | [4711/5212] sz.300964 本川智能 取到1225条 | 已用1602s ETA 170s
2026-08-26 09:51:40,116 | INFO  | [4712/5212] sz.300965 恒宇信通 取到1309条 | 已用1602s ETA 170s
2026-08-26 09:51:44,140 | INFO  | [4713/5212] sz.300966 共同药业 取到1305条 | 已用1606s ETA 170s
2026-08-26 09:51:44,140 | INFO  | [4714/5212] sz.300967 晓鸣股份 取到1303条 | 已用1606s ETA 170s
2026-08-26 09:51:44,141 | INFO  | [4715/5212] sz.300968 格林精密 取到1301条 | 已用1606s ETA 169s
2026-08-26 09:51:44,141 | INFO  | [4716/5212] sz.300969 恒帅股份 取到1304条 | 已用1606s ETA 169s
2026-08-26 09:51:44,141 | INFO  | [4717/5212] sz.300970 华绿生物 取到1304条 | 已用1606s ETA 169s
2026-08-26 09:51:44,141 | INFO  | [4718/5212] sz.300971 博亚精工 取到1301条 | 已用1606s ETA 168s
2026-08-26 09:51:44,141 | INFO  | [4719/5212] sz.300972 万辰集团 取到1299条 | 已用1606s ETA 168s
2026-08-26 09:51:44,141 | INFO  | [4720/5212] sz.300973 立高食品 取到1301条 | 已用1606s ETA 167s
2026-08-26 09:51:48,346 | INFO  | [4721/5212] sz.300975 商络电子 取到1297条 | 已用1611s ETA 168s
2026-08-26 09:51:48,347 | INFO  | [4722/5212] sz.300976 达瑞电子 取到1299条 | 已用1611s ETA 167s
2026-08-26 09:51:48,347 | INFO  | [4723/5212] sz.300977 深圳瑞捷 取到1298条 | 已用1611s ETA 167s
2026-08-26 09:51:48,347 | INFO  | [4724/5212] sz.300978 东箭科技 取到1294条 | 已用1611s ETA 166s
2026-08-26 09:51:48,347 | INFO  | [4725/5212] sz.300979 华利集团 取到1294条 | 已用1611s ETA 166s
2026-08-26 09:51:48,347 | INFO  | [4726/5212] sz.300980 祥源新材 取到1297条 | 已用1611s ETA 166s
2026-08-26 09:51:48,347 | INFO  | [4727/5212] sz.300981 中红医疗 取到1293条 | 已用1611s ETA 165s
2026-08-26 09:51:48,347 | INFO  | [4728/5212] sz.300982 苏文电能 取到1293条 | 已用1611s ETA 165s
2026-08-26 09:52:05,468 | INFO  | [4729/5212] sz.300983 尤安设计 取到1298条 | 已用1628s ETA 166s
2026-08-26 09:52:05,468 | INFO  | [4730/5212] sz.300984 金沃股份 取到1259条 | 已用1628s ETA 166s
2026-08-26 09:52:05,468 | INFO  | [4731/5212] sz.300985 致远新能 取到1291条 | 已用1628s ETA 165s
2026-08-26 09:52:05,468 | INFO  | [4732/5212] sz.300986 志特新材 取到1290条 | 已用1628s ETA 165s
2026-08-26 09:52:05,468 | INFO  | [4733/5212] sz.300987 川网传媒 取到1286条 | 已用1628s ETA 165s
2026-08-26 09:52:05,468 | INFO  | [4734/5212] sz.300988 津荣天宇 取到1285条 | 已用1628s ETA 164s
2026-08-26 09:52:05,468 | INFO  | [4735/5212] sz.300989 蕾奥规划 取到1288条 | 已用1628s ETA 164s
2026-08-26 09:52:05,468 | INFO  | [4736/5212] sz.300990 同飞股份 取到1285条 | 已用1628s ETA 164s
2026-08-26 09:52:07,611 | INFO  | [4737/5212] sz.300991 创益通 取到1279条 | 已用1630s ETA 163s
2026-08-26 09:52:07,611 | INFO  | [4738/5212] sz.300992 泰福泵业 取到1276条 | 已用1630s ETA 163s
2026-08-26 09:52:07,611 | INFO  | [4739/5212] sz.300993 玉马科技 取到1277条 | 已用1630s ETA 163s
2026-08-26 09:52:07,611 | INFO  | [4740/5212] sz.300994 久祺股份 取到1220条 | 已用1630s ETA 162s
2026-08-26 09:52:07,611 | INFO  | [4741/5212] sz.300995 奇德新材 取到1275条 | 已用1630s ETA 162s
2026-08-26 09:52:07,611 | INFO  | [4742/5212] sz.300996 普联软件 取到1269条 | 已用1630s ETA 162s
2026-08-26 09:52:07,611 | INFO  | [4743/5212] sz.300997 欢乐家 取到1270条 | 已用1630s ETA 161s
2026-08-26 09:52:07,611 | INFO  | [4744/5212] sz.300998 宁波方正 取到1270条 | 已用1630s ETA 161s
2026-08-26 09:52:11,446 | INFO  | [4745/5212] sz.301007 德迈仕 取到1261条 | 已用1634s ETA 161s
2026-08-26 09:52:11,446 | INFO  | [4746/5212] sz.301008 宏昌科技 取到1263条 | 已用1634s ETA 160s
2026-08-26 09:52:11,446 | INFO  | [4747/5212] sz.301009 可靠股份 取到1260条 | 已用1634s ETA 160s
2026-08-26 09:52:11,446 | INFO  | [4748/5212] sz.301010 晶雪节能 取到1259条 | 已用1634s ETA 160s
2026-08-26 09:52:11,446 | INFO  | [4749/5212] sz.301011 华立科技 取到1260条 | 已用1634s ETA 159s
2026-08-26 09:52:11,446 | INFO  | [4750/5212] sz.301012 扬电科技 取到1257条 | 已用1634s ETA 159s
2026-08-26 09:52:11,446 | INFO  | [4751/5212] sz.301013 利和兴 取到1252条 | 已用1634s ETA 159s
2026-08-26 09:52:11,446 | INFO  | [4752/5212] sz.301015 百洋医药 取到1251条 | 已用1634s ETA 158s
2026-08-26 09:52:13,181 | INFO  | [4753/5212] sz.300999 金龙鱼 取到1424条 | 已用1635s ETA 158s
2026-08-26 09:52:13,181 | INFO  | [4754/5212] sz.301000 肇民科技 取到1273条 | 已用1635s ETA 158s
2026-08-26 09:52:13,181 | INFO  | [4755/5212] sz.301001 凯淳股份 取到1273条 | 已用1635s ETA 157s
2026-08-26 09:52:13,181 | INFO  | [4756/5212] sz.301002 崧盛股份 取到1267条 | 已用1635s ETA 157s
2026-08-26 09:52:13,181 | INFO  | [4757/5212] sz.301003 江苏博云 取到1271条 | 已用1635s ETA 156s
2026-08-26 09:52:13,181 | INFO  | [4758/5212] sz.301004 嘉益股份 取到1254条 | 已用1635s ETA 156s
2026-08-26 09:52:13,181 | INFO  | [4759/5212] sz.301005 超捷股份 取到1271条 | 已用1635s ETA 156s
2026-08-26 09:52:13,181 | INFO  | [4760/5212] sz.301006 迈拓股份 取到1267条 | 已用1635s ETA 155s
2026-08-26 09:52:31,531 | INFO  | [4761/5212] sz.301016 雷尔伟 取到1251条 | 已用1654s ETA 157s
2026-08-26 09:52:31,531 | INFO  | [4762/5212] sz.301017 漱玉平民 取到1248条 | 已用1654s ETA 156s
2026-08-26 09:52:31,531 | INFO  | [4763/5212] sz.301018 申菱环境 取到1246条 | 已用1654s ETA 156s
2026-08-26 09:52:31,531 | INFO  | [4764/5212] sz.301019 宁波色母 取到1253条 | 已用1654s ETA 156s
2026-08-26 09:52:31,531 | INFO  | [4765/5212] sz.301020 密封科技 取到1247条 | 已用1654s ETA 155s
2026-08-26 09:52:31,531 | INFO  | [4766/5212] sz.301021 英诺激光 取到1247条 | 已用1654s ETA 155s
2026-08-26 09:52:31,531 | INFO  | [4767/5212] sz.301022 海泰科 取到1249条 | 已用1654s ETA 154s
2026-08-26 09:52:31,531 | INFO  | [4768/5212] sz.301023 奕帆传动 取到1246条 | 已用1654s ETA 154s
2026-08-26 09:52:44,319 | INFO  | [4769/5212] sz.301032 新柴股份 取到1235条 | 已用1667s ETA 155s
2026-08-26 09:52:44,320 | INFO  | [4770/5212] sz.301033 迈普医学 取到1233条 | 已用1667s ETA 154s
2026-08-26 09:52:44,320 | INFO  | [4771/5212] sz.301035 润丰股份 取到1231条 | 已用1667s ETA 154s
2026-08-26 09:52:44,320 | INFO  | [4772/5212] sz.301036 双乐股份 取到1230条 | 已用1667s ETA 154s
2026-08-26 09:52:44,320 | INFO  | [4773/5212] sz.301037 保立佳 取到1229条 | 已用1667s ETA 153s
2026-08-26 09:52:44,320 | INFO  | [4774/5212] sz.301038 深水规院 取到1226条 | 已用1667s ETA 153s
2026-08-26 09:52:44,320 | INFO  | [4775/5212] sz.301039 中集车辆 取到1245条 | 已用1667s ETA 153s
2026-08-26 09:52:44,320 | INFO  | [4776/5212] sz.301040 中环海陆 取到1227条 | 已用1667s ETA 152s
2026-08-26 09:52:44,549 | INFO  | [4777/5212] sz.301024 霍普股份 取到1231条 | 已用1667s ETA 152s
2026-08-26 09:52:44,550 | INFO  | [4778/5212] sz.301025 读客文化 取到1238条 | 已用1667s ETA 151s
2026-08-26 09:52:44,550 | INFO  | [4779/5212] sz.301026 浩通科技 取到1239条 | 已用1667s ETA 151s
2026-08-26 09:52:44,550 | INFO  | [4780/5212] sz.301027 华蓝集团 取到1240条 | 已用1667s ETA 151s
2026-08-26 09:52:44,550 | INFO  | [4781/5212] sz.301028 鼎熔岩 取到1237条 | 已用1667s ETA 150s
2026-08-26 09:52:44,550 | INFO  | [4782/5212] sz.301029 怡合达 取到1234条 | 已用1667s ETA 150s
2026-08-26 09:52:44,550 | INFO  | [4783/5212] sz.301030 *ST仕净 取到1235条 | 已用1667s ETA 149s
2026-08-26 09:52:44,550 | INFO  | [4784/5212] sz.301031 中熔电气 取到1240条 | 已用1667s ETA 149s
2026-08-26 09:52:45,766 | INFO  | [4785/5212] sz.301041 金百泽 取到1221条 | 已用1668s ETA 149s
2026-08-26 09:52:45,766 | INFO  | [4786/5212] sz.301042 安联锐视 取到1225条 | 已用1668s ETA 148s
2026-08-26 09:52:45,766 | INFO  | [4787/5212] sz.301043 绿岛风 取到1221条 | 已用1668s ETA 148s
2026-08-26 09:52:45,767 | INFO  | [4788/5212] sz.301045 天禄科技 取到1219条 | 已用1668s ETA 148s
2026-08-26 09:52:45,767 | INFO  | [4789/5212] sz.301046 能辉科技 取到1217条 | 已用1668s ETA 147s
2026-08-26 09:52:45,767 | INFO  | [4790/5212] sz.301047 义翘神州 取到1218条 | 已用1668s ETA 147s
2026-08-26 09:52:45,767 | INFO  | [4791/5212] sz.301048 金鹰重工 取到1216条 | 已用1668s ETA 147s
2026-08-26 09:52:45,767 | INFO  | [4792/5212] sz.301049 超越科技 取到1212条 | 已用1668s ETA 146s
2026-08-26 09:52:59,145 | INFO  | [4793/5212] sz.301050 雷电微力 取到1212条 | 已用1681s ETA 147s
2026-08-26 09:52:59,146 | INFO  | [4794/5212] sz.301051 信濠光电 取到1209条 | 已用1681s ETA 147s
2026-08-26 09:52:59,146 | INFO  | [4795/5212] sz.301052 果麦文化 取到1208条 | 已用1681s ETA 146s
2026-08-26 09:52:59,146 | INFO  | [4796/5212] sz.301053 远信工业 取到1206条 | 已用1681s ETA 146s
2026-08-26 09:52:59,146 | INFO  | [4797/5212] sz.301055 张小泉 取到1203条 | 已用1681s ETA 145s
2026-08-26 09:52:59,146 | INFO  | [4798/5212] sz.301056 森赫股份 取到1202条 | 已用1681s ETA 145s
2026-08-26 09:52:59,146 | INFO  | [4799/5212] sz.301057 汇隆新材 取到1200条 | 已用1681s ETA 145s
2026-08-26 09:52:59,146 | INFO  | [4800/5212] sz.301058 中粮科工 取到1200条 | 已用1681s ETA 144s
2026-08-26 09:53:10,127 | INFO  | [4801/5212] sz.301077 星华新材 取到1187条 | 已用1692s ETA 145s
2026-08-26 09:53:10,128 | INFO  | [4802/5212] sz.301078 孩子王 取到1182条 | 已用1692s ETA 144s
2026-08-26 09:53:10,128 | INFO  | [4803/5212] sz.301079 邵阳液压 取到1179条 | 已用1692s ETA 144s
2026-08-26 09:53:10,128 | INFO  | [4804/5212] sz.301080 百普赛斯 取到1180条 | 已用1692s ETA 144s
2026-08-26 09:53:10,128 | INFO  | [4805/5212] sz.301081 严牌股份 取到1178条 | 已用1692s ETA 143s
2026-08-26 09:53:10,128 | INFO  | [4806/5212] sz.301082 久盛电气 取到1173条 | 已用1692s ETA 143s
2026-08-26 09:53:10,128 | INFO  | [4807/5212] sz.301083 百胜智能 取到1177条 | 已用1692s ETA 143s
2026-08-26 09:53:10,128 | INFO  | [4808/5212] sz.301085 亚康股份 取到1180条 | 已用1692s ETA 142s
2026-08-26 09:53:12,187 | INFO  | [4809/5212] sz.301068 大地海洋 取到1189条 | 已用1694s ETA 142s
2026-08-26 09:53:12,187 | INFO  | [4810/5212] sz.301069 凯盛新材 取到1190条 | 已用1694s ETA 142s
2026-08-26 09:53:12,187 | INFO  | [4811/5212] sz.301070 开勒股份 取到1192条 | 已用1694s ETA 141s
2026-08-26 09:53:12,187 | INFO  | [4812/5212] sz.301071 力量钻石 取到1191条 | 已用1694s ETA 141s
2026-08-26 09:53:12,189 | INFO  | [4813/5212] sz.301072 中捷精工 取到1188条 | 已用1694s ETA 140s
2026-08-26 09:53:12,189 | INFO  | [4814/5212] sz.301073 君亭酒店 取到1187条 | 已用1694s ETA 140s
2026-08-26 09:53:12,189 | INFO  | [4815/5212] sz.301075 多瑞医药 取到1188条 | 已用1694s ETA 140s
2026-08-26 09:53:12,189 | INFO  | [4816/5212] sz.301076 新瀚新材 取到1185条 | 已用1694s ETA 139s
2026-08-26 09:53:14,776 | INFO  | [4817/5212] sz.301059 金三江 取到1198条 | 已用1697s ETA 139s
2026-08-26 09:53:14,777 | INFO  | [4818/5212] sz.301060 兰卫医学 取到1198条 | 已用1697s ETA 139s
2026-08-26 09:53:14,777 | INFO  | [4819/5212] sz.301061 匠心家居 取到1198条 | 已用1697s ETA 138s
2026-08-26 09:53:14,777 | INFO  | [4820/5212] sz.301062 上海艾录 取到1197条 | 已用1697s ETA 138s
2026-08-26 09:53:14,777 | INFO  | [4821/5212] sz.301063 海锅股份 取到1191条 | 已用1697s ETA 138s
2026-08-26 09:53:14,777 | INFO  | [4822/5212] sz.301065 本立科技 取到1197条 | 已用1697s ETA 137s
2026-08-26 09:53:14,777 | INFO  | [4823/5212] sz.301066 万事利 取到1193条 | 已用1697s ETA 137s
2026-08-26 09:53:14,777 | INFO  | [4824/5212] sz.301067 显盈科技 取到1193条 | 已用1697s ETA 136s
2026-08-26 09:53:30,739 | INFO  | [4825/5212] sz.301086 鸿富瀚 取到1178条 | 已用1713s ETA 137s
2026-08-26 09:53:30,739 | INFO  | [4826/5212] sz.301087 可孚医疗 取到1175条 | 已用1713s ETA 137s
2026-08-26 09:53:30,740 | INFO  | [4827/5212] sz.301088 戎美股份 取到1172条 | 已用1713s ETA 137s
2026-08-26 09:53:30,740 | INFO  | [4828/5212] sz.301089 拓新药业 取到1173条 | 已用1713s ETA 136s
2026-08-26 09:53:30,740 | INFO  | [4829/5212] sz.301090 华润材料 取到1174条 | 已用1713s ETA 136s
2026-08-26 09:53:30,740 | INFO  | [4830/5212] sz.301091 深城交 取到1171条 | 已用1713s ETA 135s
2026-08-26 09:53:30,740 | INFO  | [4831/5212] sz.301092 争光股份 取到1169条 | 已用1713s ETA 135s
2026-08-26 09:53:30,740 | INFO  | [4832/5212] sz.301093 华兰股份 取到1170条 | 已用1713s ETA 135s
2026-08-26 09:53:32,901 | INFO  | [4833/5212] sz.301112 信邦智能 取到1010条 | 已用1715s ETA 134s
2026-08-26 09:53:32,901 | INFO  | [4834/5212] sz.301113 雅艺科技 取到1133条 | 已用1715s ETA 134s
2026-08-26 09:53:32,901 | INFO  | [4835/5212] sz.301115 联检科技 取到965条 | 已用1715s ETA 134s
2026-08-26 09:53:32,901 | INFO  | [4836/5212] sz.301116 益客食品 取到1115条 | 已用1715s ETA 133s
2026-08-26 09:53:32,901 | INFO  | [4837/5212] sz.301117 ST佳缘 取到1116条 | 已用1715s ETA 133s
2026-08-26 09:53:32,901 | INFO  | [4838/5212] sz.301118 恒光股份 取到1157条 | 已用1715s ETA 133s
2026-08-26 09:53:32,901 | INFO  | [4839/5212] sz.301119 正强股份 取到1155条 | 已用1715s ETA 132s
2026-08-26 09:53:32,901 | INFO  | [4840/5212] sz.301120 新特电气 取到1057条 | 已用1715s ETA 132s
2026-08-26 09:53:38,450 | INFO  | [4841/5212] sz.301103 何氏眼科 取到1075条 | 已用1721s ETA 132s
2026-08-26 09:53:38,450 | INFO  | [4842/5212] sz.301105 鸿铭股份 取到884条 | 已用1721s ETA 131s
2026-08-26 09:53:38,450 | INFO  | [4843/5212] sz.301106 骏成科技 取到1107条 | 已用1721s ETA 131s
2026-08-26 09:53:38,450 | INFO  | [4844/5212] sz.301107 瑜欣电子 取到1035条 | 已用1721s ETA 131s
2026-08-26 09:53:38,451 | INFO  | [4845/5212] sz.301108 洁雅股份 取到1146条 | 已用1721s ETA 130s
2026-08-26 09:53:38,451 | INFO  | [4846/5212] sz.301109 军信股份 取到1061条 | 已用1721s ETA 130s
2026-08-26 09:53:38,451 | INFO  | [4847/5212] sz.301110 青木科技 取到1082条 | 已用1721s ETA 130s
2026-08-26 09:53:38,451 | INFO  | [4848/5212] sz.301111 粤万年青 取到1144条 | 已用1721s ETA 129s
2026-08-26 09:53:38,840 | INFO  | [4849/5212] sz.301095 广立微 取到983条 | 已用1721s ETA 129s
2026-08-26 09:53:38,840 | INFO  | [4850/5212] sz.301096 百诚医药 取到1135条 | 已用1721s ETA 128s
2026-08-26 09:53:38,841 | INFO  | [4851/5212] sz.301097 天益医疗 取到1065条 | 已用1721s ETA 128s
2026-08-26 09:53:38,841 | INFO  | [4852/5212] sz.301098 金埔园林 取到1161条 | 已用1721s ETA 128s
2026-08-26 09:53:38,841 | INFO  | [4853/5212] sz.301099 雅创电子 取到1155条 | 已用1721s ETA 127s
2026-08-26 09:53:38,841 | INFO  | [4854/5212] sz.301100 风光股份 取到1136条 | 已用1721s ETA 127s
2026-08-26 09:53:38,841 | INFO  | [4855/5212] sz.301101 明月镜片 取到1137条 | 已用1721s ETA 127s
2026-08-26 09:53:38,841 | INFO  | [4856/5212] sz.301102 兆讯传媒 取到1071条 | 已用1721s ETA 126s
2026-08-26 09:53:51,017 | INFO  | [4857/5212] sz.301121 紫建电子 取到982条 | 已用1733s ETA 127s
2026-08-26 09:53:51,017 | INFO  | [4858/5212] sz.301122 采纳股份 取到1109条 | 已用1733s ETA 126s
2026-08-26 09:53:51,017 | INFO  | [4859/5212] sz.301123 奕东电子 取到1110条 | 已用1733s ETA 126s
2026-08-26 09:53:51,017 | INFO  | [4860/5212] sz.301125 腾亚精工 取到1025条 | 已用1733s ETA 126s
2026-08-26 09:53:51,017 | INFO  | [4861/5212] sz.301126 达嘉维康 取到1144条 | 已用1733s ETA 125s
2026-08-26 09:53:51,017 | INFO  | [4862/5212] sz.301127 武汉天源 取到1127条 | 已用1733s ETA 125s
2026-08-26 09:53:51,017 | INFO  | [4863/5212] sz.301128 强瑞技术 取到1163条 | 已用1733s ETA 124s
2026-08-26 09:53:51,018 | INFO  | [4864/5212] sz.301129 瑞纳智能 取到1169条 | 已用1733s ETA 124s
2026-08-26 09:53:56,836 | INFO  | [4865/5212] sz.301130 西点药业 取到1094条 | 已用1739s ETA 124s
2026-08-26 09:53:56,836 | INFO  | [4866/5212] sz.301131 聚赛龙 取到1081条 | 已用1739s ETA 124s
2026-08-26 09:53:56,836 | INFO  | [4867/5212] sz.301132 满坤科技 取到980条 | 已用1739s ETA 123s
2026-08-26 09:53:56,836 | INFO  | [4868/5212] sz.301133 金钟股份 取到1151条 | 已用1739s ETA 123s
2026-08-26 09:53:56,836 | INFO  | [4869/5212] sz.301135 瑞德智能 取到1062条 | 已用1739s ETA 123s
2026-08-26 09:53:56,836 | INFO  | [4870/5212] sz.301136 招标股份 取到1120条 | 已用1739s ETA 122s
2026-08-26 09:53:56,837 | INFO  | [4871/5212] sz.301137 哈焊华通 取到1075条 | 已用1739s ETA 122s
2026-08-26 09:53:56,837 | INFO  | [4872/5212] sz.301138 华研精机 取到1138条 | 已用1739s ETA 121s
2026-08-26 09:53:56,868 | INFO  | [4873/5212] sz.301139 *ST元道 取到1003条 | 已用1739s ETA 121s
2026-08-26 09:53:56,868 | INFO  | [4874/5212] sz.301141 中科磁业 取到824条 | 已用1739s ETA 121s
2026-08-26 09:53:56,868 | INFO  | [4875/5212] sz.301148 嘉戎技术 取到1055条 | 已用1739s ETA 120s
2026-08-26 09:53:56,868 | INFO  | [4876/5212] sz.301149 隆华新材 取到1163条 | 已用1739s ETA 120s
2026-08-26 09:53:56,868 | INFO  | [4877/5212] sz.301150 中一科技 取到1055条 | 已用1739s ETA 119s
2026-08-26 09:53:56,868 | INFO  | [4878/5212] sz.301151 冠龙节能 取到1063条 | 已用1739s ETA 119s
2026-08-26 09:53:56,868 | INFO  | [4879/5212] sz.301152 天力锂能 取到967条 | 已用1739s ETA 119s
2026-08-26 09:53:56,868 | INFO  | [4880/5212] sz.301153 中科江南 取到1039条 | 已用1739s ETA 118s
2026-08-26 09:54:13,804 | INFO  | [4881/5212] sz.301163 宏德股份 取到1057条 | 已用1756s ETA 119s
2026-08-26 09:54:13,804 | INFO  | [4882/5212] sz.301165 锐捷网络 取到913条 | 已用1756s ETA 119s
2026-08-26 09:54:13,804 | INFO  | [4883/5212] sz.301166 优宁维 取到1129条 | 已用1756s ETA 118s
2026-08-26 09:54:13,804 | INFO  | [4884/5212] sz.301167 建研设计 取到1145条 | 已用1756s ETA 118s
2026-08-26 09:54:13,804 | INFO  | [4885/5212] sz.301168 通灵股份 取到1141条 | 已用1756s ETA 118s
2026-08-26 09:54:13,804 | INFO  | [4886/5212] sz.301169 零点有数 取到1168条 | 已用1756s ETA 117s
2026-08-26 09:54:13,804 | INFO  | [4887/5212] sz.301170 锡南科技 取到769条 | 已用1756s ETA 117s
2026-08-26 09:54:13,804 | INFO  | [4888/5212] sz.301171 易点天下 取到973条 | 已用1756s ETA 116s
2026-08-26 09:54:15,099 | INFO  | [4889/5212] sz.301155 海力风电 取到1153条 | 已用1757s ETA 116s
2026-08-26 09:54:15,099 | INFO  | [4890/5212] sz.301156 美农生物 取到1018条 | 已用1757s ETA 116s
2026-08-26 09:54:15,099 | INFO  | [4891/5212] sz.301157 华塑科技 取到841条 | 已用1757s ETA 115s
2026-08-26 09:54:15,099 | INFO  | [4892/5212] sz.301158 德石股份 取到1116条 | 已用1757s ETA 115s
2026-08-26 09:54:15,099 | INFO  | [4893/5212] sz.301159 三维天地 取到1122条 | 已用1757s ETA 115s
2026-08-26 09:54:15,099 | INFO  | [4894/5212] sz.301160 翔楼新材 取到1027条 | 已用1757s ETA 114s
2026-08-26 09:54:15,099 | INFO  | [4895/5212] sz.301161 唯万密封 取到956条 | 已用1757s ETA 114s
2026-08-26 09:54:15,099 | INFO  | [4896/5212] sz.301162 国能日新 取到1049条 | 已用1757s ETA 113s
2026-08-26 09:54:20,001 | INFO  | [4897/5212] sz.301181 标榜股份 取到1096条 | 已用1762s ETA 113s
2026-08-26 09:54:20,001 | INFO  | [4898/5212] sz.301182 凯旺科技 取到1132条 | 已用1762s ETA 113s
2026-08-26 09:54:20,001 | INFO  | [4899/5212] sz.301183 东田微 取到1035条 | 已用1762s ETA 113s
2026-08-26 09:54:20,002 | INFO  | [4900/5212] sz.301185 鸥玛软件 取到1156条 | 已用1762s ETA 112s
2026-08-26 09:54:20,002 | INFO  | [4901/5212] sz.301186 超达装备 取到1132条 | 已用1762s ETA 112s
2026-08-26 09:54:20,002 | INFO  | [4902/5212] sz.301187 欧圣电气 取到1054条 | 已用1762s ETA 111s
2026-08-26 09:54:20,002 | INFO  | [4903/5212] sz.301188 力诺药包 取到1162条 | 已用1762s ETA 111s
2026-08-26 09:54:20,002 | INFO  | [4904/5212] sz.301189 奥尼电子 取到1129条 | 已用1762s ETA 111s
2026-08-26 09:54:21,040 | INFO  | [4905/5212] sz.301172 君逸数码 取到748条 | 已用1763s ETA 110s
2026-08-26 09:54:21,040 | INFO  | [4906/5212] sz.301173 毓恬冠佳 取到363条 | 已用1763s ETA 110s
2026-08-26 09:54:21,040 | INFO  | [4907/5212] sz.301175 中科环保 取到1003条 | 已用1763s ETA 110s
2026-08-26 09:54:21,040 | INFO  | [4908/5212] sz.301176 逸豪新材 取到946条 | 已用1763s ETA 109s
2026-08-26 09:54:21,040 | INFO  | [4909/5212] sz.301177 迪阿股份 取到1138条 | 已用1763s ETA 109s
2026-08-26 09:54:21,040 | INFO  | [4910/5212] sz.301178 天亿马 取到1161条 | 已用1763s ETA 108s
2026-08-26 09:54:21,040 | INFO  | [4911/5212] sz.301179 泽宇智能 取到1143条 | 已用1763s ETA 108s
2026-08-26 09:54:21,040 | INFO  | [4912/5212] sz.301180 万祥科技 取到1159条 | 已用1763s ETA 108s
2026-08-26 09:54:32,281 | INFO  | [4913/5212] sz.301190 善水科技 取到1131条 | 已用1774s ETA 108s
2026-08-26 09:54:32,281 | INFO  | [4914/5212] sz.301191 菲菱科思 取到1033条 | 已用1774s ETA 108s
2026-08-26 09:54:32,282 | INFO  | [4915/5212] sz.301192 泰祥股份 取到979条 | 已用1774s ETA 107s
2026-08-26 09:54:32,282 | INFO  | [4916/5212] sz.301193 家联科技 取到1142条 | 已用1774s ETA 107s
2026-08-26 09:54:32,282 | INFO  | [4917/5212] sz.301195 北路智控 取到987条 | 已用1774s ETA 106s
2026-08-26 09:54:32,282 | INFO  | [4918/5212] sz.301196 唯科科技 取到1120条 | 已用1774s ETA 106s
2026-08-26 09:54:32,282 | INFO  | [4919/5212] sz.301197 工大科雅 取到982条 | 已用1774s ETA 106s
2026-08-26 09:54:32,282 | INFO  | [4920/5212] sz.301198 喜悦智行 取到1147条 | 已用1774s ETA 105s
2026-08-26 09:54:38,848 | INFO  | [4921/5212] sz.301199 迈赫股份 取到1144条 | 已用1781s ETA 105s
2026-08-26 09:54:38,849 | INFO  | [4922/5212] sz.301200 大族数控 取到1091条 | 已用1781s ETA 105s
2026-08-26 09:54:38,849 | INFO  | [4923/5212] sz.301201 诚达药业 取到1113条 | 已用1781s ETA 105s
2026-08-26 09:54:38,849 | INFO  | [4924/5212] sz.301202 朗威股份 取到763条 | 已用1781s ETA 104s
2026-08-26 09:54:38,849 | INFO  | [4925/5212] sz.301203 国泰环保 取到823条 | 已用1781s ETA 104s
2026-08-26 09:54:38,849 | INFO  | [4926/5212] sz.301205 联特科技 取到957条 | 已用1781s ETA 103s
2026-08-26 09:54:38,849 | INFO  | [4927/5212] sz.301206 三元生物 取到1103条 | 已用1781s ETA 103s
2026-08-26 09:54:38,849 | INFO  | [4928/5212] sz.301207 华兰疫苗 取到1097条 | 已用1781s ETA 103s
2026-08-26 09:54:40,126 | INFO  | [4929/5212] sz.301217 铜冠铜箔 取到1108条 | 已用1782s ETA 102s
2026-08-26 09:54:40,127 | INFO  | [4930/5212] sz.301218 华是科技 取到1086条 | 已用1782s ETA 102s
2026-08-26 09:54:40,127 | INFO  | [4931/5212] sz.301219 腾远钴业 取到1078条 | 已用1782s ETA 102s
2026-08-26 09:54:40,127 | INFO  | [4932/5212] sz.301220 亚香股份 取到1015条 | 已用1782s ETA 101s
2026-08-26 09:54:40,127 | INFO  | [4933/5212] sz.301221 光庭信息 取到1133条 | 已用1782s ETA 101s
2026-08-26 09:54:40,127 | INFO  | [4934/5212] sz.301222 浙江恒威 取到1084条 | 已用1782s ETA 100s
2026-08-26 09:54:40,127 | INFO  | [4935/5212] sz.301223 中荣股份 取到931条 | 已用1782s ETA 100s
2026-08-26 09:54:40,127 | INFO  | [4936/5212] sz.301225 恒勃股份 取到774条 | 已用1782s ETA 100s
2026-08-26 09:54:41,126 | INFO  | [4937/5212] sz.301208 中亦科技 取到1004条 | 已用1783s ETA 99s
2026-08-26 09:54:41,126 | INFO  | [4938/5212] sz.301209 联合化学 取到969条 | 已用1783s ETA 99s
2026-08-26 09:54:41,127 | INFO  | [4939/5212] sz.301210 金杨精密 取到766条 | 已用1783s ETA 99s
2026-08-26 09:54:41,127 | INFO  | [4940/5212] sz.301211 亨迪药业 取到1133条 | 已用1783s ETA 98s
2026-08-26 09:54:41,127 | INFO  | [4941/5212] sz.301212 联盛化学 取到1057条 | 已用1783s ETA 98s
2026-08-26 09:54:41,127 | INFO  | [4942/5212] sz.301213 观想科技 取到1145条 | 已用1783s ETA 97s
2026-08-26 09:54:41,127 | INFO  | [4943/5212] sz.301215 中汽股份 取到1085条 | 已用1783s ETA 97s
2026-08-26 09:54:41,127 | INFO  | [4944/5212] sz.301216 万凯新材 取到1070条 | 已用1783s ETA 97s
2026-08-26 09:54:51,609 | INFO  | [4945/5212] sz.301226 祥明智能 取到1072条 | 已用1794s ETA 97s
2026-08-26 09:54:51,609 | INFO  | [4946/5212] sz.301227 森鹰窗业 取到948条 | 已用1794s ETA 96s
2026-08-26 09:54:51,609 | INFO  | [4947/5212] sz.301228 实朴检测 取到1107条 | 已用1794s ETA 96s
2026-08-26 09:54:51,610 | INFO  | [4948/5212] sz.301229 纽泰格 取到1095条 | 已用1794s ETA 96s
2026-08-26 09:54:51,610 | INFO  | [4949/5212] sz.301230 泓博医药 取到927条 | 已用1794s ETA 95s
2026-08-26 09:54:51,610 | INFO  | [4950/5212] sz.301231 荣信文化 取到959条 | 已用1794s ETA 95s
2026-08-26 09:54:51,610 | INFO  | [4951/5212] sz.301232 飞沃科技 取到775条 | 已用1794s ETA 95s
2026-08-26 09:54:51,610 | INFO  | [4952/5212] sz.301233 盛帮股份 取到1005条 | 已用1794s ETA 94s
2026-08-26 09:54:55,845 | INFO  | [4953/5212] sz.301251 威尔高 取到718条 | 已用1798s ETA 94s
2026-08-26 09:54:55,845 | INFO  | [4954/5212] sz.301252 同星科技 取到790条 | 已用1798s ETA 94s
2026-08-26 09:54:55,845 | INFO  | [4955/5212] sz.301255 通力科技 取到887条 | 已用1798s ETA 93s
2026-08-26 09:54:55,845 | INFO  | [4956/5212] sz.301256 华融化学 取到1075条 | 已用1798s ETA 93s
2026-08-26 09:54:55,845 | INFO  | [4957/5212] sz.301257 普蕊斯 取到1040条 | 已用1798s ETA 92s
2026-08-26 09:54:55,845 | INFO  | [4958/5212] sz.301258 富士莱 取到1070条 | 已用1798s ETA 92s
2026-08-26 09:54:55,845 | INFO  | [4959/5212] sz.301259 艾布鲁 取到1052条 | 已用1798s ETA 92s
2026-08-26 09:54:55,845 | INFO  | [4960/5212] sz.301260 格力博 取到862条 | 已用1798s ETA 91s
2026-08-26 09:54:56,551 | INFO  | [4961/5212] sz.301261 恒工精密 取到760条 | 已用1799s ETA 91s
2026-08-26 09:54:56,551 | INFO  | [4962/5212] sz.301262 海看股份 取到772条 | 已用1799s ETA 91s
2026-08-26 09:54:56,551 | INFO  | [4963/5212] sz.301263 泰恩康 取到1070条 | 已用1799s ETA 90s
2026-08-26 09:54:56,551 | INFO  | [4964/5212] sz.301265 华新科技 取到894条 | 已用1799s ETA 90s
2026-08-26 09:54:56,551 | INFO  | [4965/5212] sz.301266 宇邦新材 取到1025条 | 已用1799s ETA 89s
2026-08-26 09:54:56,551 | INFO  | [4966/5212] sz.301267 华厦眼科 取到923条 | 已用1799s ETA 89s
2026-08-26 09:54:56,551 | INFO  | [4967/5212] sz.301268 铭利达 取到1065条 | 已用1799s ETA 89s
2026-08-26 09:54:56,551 | INFO  | [4968/5212] sz.301269 华大九天 取到988条 | 已用1799s ETA 88s
2026-08-26 09:55:02,047 | INFO  | [4969/5212] sz.301234 五洲医疗 取到1006条 | 已用1804s ETA 88s
2026-08-26 09:55:02,047 | INFO  | [4970/5212] sz.301235 华康洁净 取到1107条 | 已用1804s ETA 88s
2026-08-26 09:55:02,047 | INFO  | [4971/5212] sz.301236 软通动力 取到1080条 | 已用1804s ETA 87s
2026-08-26 09:55:02,047 | INFO  | [4972/5212] sz.301237 和顺科技 取到1074条 | 已用1804s ETA 87s
2026-08-26 09:55:02,047 | INFO  | [4973/5212] sz.301238 瑞泰新材 取到1018条 | 已用1804s ETA 87s
2026-08-26 09:55:02,047 | INFO  | [4974/5212] sz.301239 普瑞眼科 取到1006条 | 已用1804s ETA 86s
2026-08-26 09:55:02,047 | INFO  | [4975/5212] sz.301246 宏源药业 取到834条 | 已用1804s ETA 86s
2026-08-26 09:55:02,047 | INFO  | [4976/5212] sz.301248 杰创智能 取到1056条 | 已用1804s ETA 86s
2026-08-26 09:55:13,346 | INFO  | [4977/5212] sz.301270 汉仪股份 取到965条 | 已用1816s ETA 86s
2026-08-26 09:55:13,346 | INFO  | [4978/5212] sz.301272 英华特 取到757条 | 已用1816s ETA 85s
2026-08-26 09:55:13,346 | INFO  | [4979/5212] sz.301273 瑞晨环保 取到932条 | 已用1816s ETA 85s
2026-08-26 09:55:13,346 | INFO  | [4980/5212] sz.301275 汉朔科技 取到357条 | 已用1816s ETA 85s
2026-08-26 09:55:13,347 | INFO  | [4981/5212] sz.301276 嘉曼服饰 取到958条 | 已用1816s ETA 84s
2026-08-26 09:55:13,347 | INFO  | [4982/5212] sz.301277 新天地 取到916条 | 已用1816s ETA 84s
2026-08-26 09:55:13,347 | INFO  | [4983/5212] sz.301278 快可电子 取到984条 | 已用1816s ETA 83s
2026-08-26 09:55:13,347 | INFO  | [4984/5212] sz.301279 金道科技 取到1061条 | 已用1816s ETA 83s
2026-08-26 09:55:16,128 | INFO  | [4985/5212] sz.301280 珠城科技 取到888条 | 已用1818s ETA 83s
2026-08-26 09:55:16,128 | INFO  | [4986/5212] sz.301281 科源制药 取到823条 | 已用1818s ETA 82s
2026-08-26 09:55:16,128 | INFO  | [4987/5212] sz.301282 金禄电子 取到968条 | 已用1818s ETA 82s
2026-08-26 09:55:16,128 | INFO  | [4988/5212] sz.301283 聚胶股份 取到963条 | 已用1818s ETA 82s
2026-08-26 09:55:16,128 | INFO  | [4989/5212] sz.301285 鸿日达 取到946条 | 已用1818s ETA 81s
2026-08-26 09:55:16,128 | INFO  | [4990/5212] sz.301286 侨源股份 取到1021条 | 已用1818s ETA 81s
2026-08-26 09:55:16,128 | INFO  | [4991/5212] sz.301287 康力源 取到776条 | 已用1818s ETA 81s
2026-08-26 09:55:16,128 | INFO  | [4992/5212] sz.301288 清研环境 取到1054条 | 已用1818s ETA 80s
2026-08-26 09:55:19,986 | INFO  | [4993/5212] sz.301289 国缆检测 取到1015条 | 已用1822s ETA 80s
2026-08-26 09:55:19,986 | INFO  | [4994/5212] sz.301290 东星医疗 取到906条 | 已用1822s ETA 80s
2026-08-26 09:55:19,986 | INFO  | [4995/5212] sz.301291 明阳电气 取到766条 | 已用1822s ETA 79s
2026-08-26 09:55:19,986 | INFO  | [4996/5212] sz.301292 海科新源 取到761条 | 已用1822s ETA 79s
2026-08-26 09:55:19,986 | INFO  | [4997/5212] sz.301293 三博脑科 取到804条 | 已用1822s ETA 78s
2026-08-26 09:55:19,986 | INFO  | [4998/5212] sz.301295 美硕科技 取到768条 | 已用1822s ETA 78s
2026-08-26 09:55:19,987 | INFO  | [4999/5212] sz.301296 新巨丰 取到963条 | 已用1822s ETA 78s
2026-08-26 09:55:19,987 | INFO  | [5000/5212] sz.301297 富乐德 取到884条 | 已用1822s ETA 77s
2026-08-26 09:55:21,217 | INFO  | [5001/5212] sz.301298 东利机械 取到1027条 | 已用1823s ETA 77s
2026-08-26 09:55:21,217 | INFO  | [5002/5212] sz.301299 卓创资讯 取到936条 | 已用1823s ETA 77s
2026-08-26 09:55:21,217 | INFO  | [5003/5212] sz.301300 远翔新材 取到973条 | 已用1823s ETA 76s
2026-08-26 09:55:21,218 | INFO  | [5004/5212] sz.301301 川宁生物 取到887条 | 已用1823s ETA 76s
2026-08-26 09:55:21,218 | INFO  | [5005/5212] sz.301302 华如科技 取到1014条 | 已用1823s ETA 75s
2026-08-26 09:55:21,218 | INFO  | [5006/5212] sz.301303 真兰仪表 取到854条 | 已用1823s ETA 75s
2026-08-26 09:55:21,218 | INFO  | [5007/5212] sz.301305 朗坤科技 取到792条 | 已用1823s ETA 75s
2026-08-26 09:55:21,218 | INFO  | [5008/5212] sz.301306 西测测试 取到991条 | 已用1823s ETA 74s
2026-08-26 09:55:29,737 | INFO  | [5009/5212] sz.301307 美利信 取到810条 | 已用1832s ETA 74s
2026-08-26 09:55:29,737 | INFO  | [5010/5212] sz.301308 江波龙 取到983条 | 已用1832s ETA 74s
2026-08-26 09:55:29,737 | INFO  | [5011/5212] sz.301309 万得凯 取到953条 | 已用1832s ETA 73s
2026-08-26 09:55:29,737 | INFO  | [5012/5212] sz.301310 鑫宏业 取到784条 | 已用1832s ETA 73s
2026-08-26 09:55:29,737 | INFO  | [5013/5212] sz.301311 昆船智能 取到906条 | 已用1832s ETA 73s
2026-08-26 09:55:29,737 | INFO  | [5014/5212] sz.301312 智立方 取到1002条 | 已用1832s ETA 72s
2026-08-26 09:55:29,737 | INFO  | [5015/5212] sz.301313 凡拓数创 取到944条 | 已用1832s ETA 72s
2026-08-26 09:55:29,737 | INFO  | [5016/5212] sz.301314 科瑞思 取到828条 | 已用1832s ETA 72s
2026-08-26 09:55:35,881 | INFO  | [5017/5212] sz.301315 威士顿 取到771条 | 已用1838s ETA 71s
2026-08-26 09:55:35,881 | INFO  | [5018/5212] sz.301316 慧博云通 取到940条 | 已用1838s ETA 71s
2026-08-26 09:55:35,881 | INFO  | [5019/5212] sz.301317 鑫磊股份 取到871条 | 已用1838s ETA 71s
2026-08-26 09:55:35,881 | INFO  | [5020/5212] sz.301318 维海德 取到980条 | 已用1838s ETA 70s
2026-08-26 09:55:35,881 | INFO  | [5021/5212] sz.301319 唯特偶 取到945条 | 已用1838s ETA 70s
2026-08-26 09:55:35,881 | INFO  | [5022/5212] sz.301320 豪江智能 取到779条 | 已用1838s ETA 70s
2026-08-26 09:55:35,881 | INFO  | [5023/5212] sz.301321 翰博高新 取到974条 | 已用1838s ETA 69s
2026-08-26 09:55:35,881 | INFO  | [5024/5212] sz.301322 绿通科技 取到844条 | 已用1838s ETA 69s
2026-08-26 09:55:41,752 | INFO  | [5025/5212] sz.301323 新莱福 取到782条 | 已用1844s ETA 69s
2026-08-26 09:55:41,752 | INFO  | [5026/5212] sz.301325 曼恩斯特 取到799条 | 已用1844s ETA 68s
2026-08-26 09:55:41,752 | INFO  | [5027/5212] sz.301326 捷邦科技 取到951条 | 已用1844s ETA 68s
2026-08-26 09:55:41,752 | INFO  | [5028/5212] sz.301327 华宝新能 取到953条 | 已用1844s ETA 67s
2026-08-26 09:55:41,752 | INFO  | [5029/5212] sz.301328 维峰电子 取到959条 | 已用1844s ETA 67s
2026-08-26 09:55:41,752 | INFO  | [5030/5212] sz.301329 信音电子 取到755条 | 已用1844s ETA 67s
2026-08-26 09:55:41,752 | INFO  | [5031/5212] sz.301330 熵基科技 取到975条 | 已用1844s ETA 66s
2026-08-26 09:55:41,752 | INFO  | [5032/5212] sz.301331 恩威医药 取到951条 | 已用1844s ETA 66s
2026-08-26 09:55:44,432 | INFO  | [5033/5212] sz.301348 蓝箭电子 取到737条 | 已用1847s ETA 66s
2026-08-26 09:55:44,432 | INFO  | [5034/5212] sz.301349 信德新材 取到958条 | 已用1847s ETA 65s
2026-08-26 09:55:44,432 | INFO  | [5035/5212] sz.301353 普莱得 取到787条 | 已用1847s ETA 65s
2026-08-26 09:55:44,432 | INFO  | [5036/5212] sz.301355 南王科技 取到778条 | 已用1847s ETA 65s
2026-08-26 09:55:44,432 | INFO  | [5037/5212] sz.301356 天振股份 取到918条 | 已用1847s ETA 64s
2026-08-26 09:55:44,432 | INFO  | [5038/5212] sz.301357 北方长龙 取到814条 | 已用1847s ETA 64s
2026-08-26 09:55:44,432 | INFO  | [5039/5212] sz.301358 湖南裕能 取到861条 | 已用1847s ETA 63s
2026-08-26 09:55:44,432 | INFO  | [5040/5212] sz.301359 东南电子 取到921条 | 已用1847s ETA 63s
2026-08-26 09:55:47,763 | INFO  | [5041/5212] sz.301332 德尔玛 取到795条 | 已用1850s ETA 63s
2026-08-26 09:55:47,763 | INFO  | [5042/5212] sz.301333 诺思格 取到986条 | 已用1850s ETA 62s
2026-08-26 09:55:47,763 | INFO  | [5043/5212] sz.301335 天元宠物 取到914条 | 已用1850s ETA 62s
2026-08-26 09:55:47,763 | INFO  | [5044/5212] sz.301336 趣睡科技 取到978条 | 已用1850s ETA 62s
2026-08-26 09:55:47,763 | INFO  | [5045/5212] sz.301337 亚华电子 取到789条 | 已用1850s ETA 61s
2026-08-26 09:55:47,763 | INFO  | [5046/5212] sz.301338 凯格精机 取到976条 | 已用1850s ETA 61s
2026-08-26 09:55:47,763 | INFO  | [5047/5212] sz.301339 通行宝 取到958条 | 已用1850s ETA 60s
2026-08-26 09:55:47,763 | INFO  | [5048/5212] sz.301345 涛涛车业 取到833条 | 已用1850s ETA 60s
2026-08-26 09:55:52,138 | INFO  | [5049/5212] sz.301360 荣旗科技 取到809条 | 已用1854s ETA 60s
2026-08-26 09:55:52,138 | INFO  | [5050/5212] sz.301361 众智科技 取到916条 | 已用1854s ETA 59s
2026-08-26 09:55:52,138 | INFO  | [5051/5212] sz.301362 民爆光电 取到741条 | 已用1854s ETA 59s
2026-08-26 09:55:52,139 | INFO  | [5052/5212] sz.301363 美好医疗 取到941条 | 已用1854s ETA 59s
2026-08-26 09:55:52,139 | INFO  | [5053/5212] sz.301365 矩阵股份 取到912条 | 已用1854s ETA 58s
2026-08-26 09:55:52,139 | INFO  | [5054/5212] sz.301366 一博科技 取到948条 | 已用1854s ETA 58s
2026-08-26 09:55:52,139 | INFO  | [5055/5212] sz.301367 瑞迈特 取到927条 | 已用1854s ETA 58s
2026-08-26 09:55:52,139 | INFO  | [5056/5212] sz.301368 丰立智能 取到895条 | 已用1854s ETA 57s
2026-08-26 09:55:54,756 | INFO  | [5057/5212] sz.301369 联动科技 取到950条 | 已用1857s ETA 57s
2026-08-26 09:55:54,756 | INFO  | [5058/5212] sz.301370 国科恒泰 取到758条 | 已用1857s ETA 57s
2026-08-26 09:55:54,756 | INFO  | [5059/5212] sz.301371 敷尔佳 取到744条 | 已用1857s ETA 56s
2026-08-26 09:55:54,756 | INFO  | [5060/5212] sz.301372 科净源 取到736条 | 已用1857s ETA 56s
2026-08-26 09:55:54,756 | INFO  | [5061/5212] sz.301373 凌玮科技 取到862条 | 已用1857s ETA 55s
2026-08-26 09:55:54,756 | INFO  | [5062/5212] sz.301376 致欧科技 取到771条 | 已用1857s ETA 55s
2026-08-26 09:55:54,757 | INFO  | [5063/5212] sz.301377 鼎泰高科 取到912条 | 已用1857s ETA 55s
2026-08-26 09:55:54,757 | INFO  | [5064/5212] sz.301378 通达海 取到834条 | 已用1857s ETA 54s
2026-08-26 09:55:58,544 | INFO  | [5065/5212] sz.301379 天山电子 取到927条 | 已用1861s ETA 54s
2026-08-26 09:55:58,544 | INFO  | [5066/5212] sz.301380 挖金客 取到932条 | 已用1861s ETA 54s
2026-08-26 09:55:58,544 | INFO  | [5067/5212] sz.301381 赛维时代 取到758条 | 已用1861s ETA 53s
2026-08-26 09:55:58,544 | INFO  | [5068/5212] sz.301382 蜂助手 取到796条 | 已用1861s ETA 53s
2026-08-26 09:55:58,544 | INFO  | [5069/5212] sz.301383 天键股份 取到779条 | 已用1861s ETA 52s
2026-08-26 09:55:58,544 | INFO  | [5070/5212] sz.301386 未来电器 取到827条 | 已用1861s ETA 52s
2026-08-26 09:55:58,544 | INFO  | [5071/5212] sz.301387 光大同创 取到814条 | 已用1861s ETA 52s
2026-08-26 09:55:58,544 | INFO  | [5072/5212] sz.301388 欣灵电气 取到921条 | 已用1861s ETA 51s
2026-08-26 09:56:00,289 | INFO  | [5073/5212] sz.301389 隆扬电子 取到928条 | 已用1862s ETA 51s
2026-08-26 09:56:00,289 | INFO  | [5074/5212] sz.301390 经纬股份 取到803条 | 已用1862s ETA 51s
2026-08-26 09:56:00,289 | INFO  | [5075/5212] sz.301391 卡莱特 取到905条 | 已用1862s ETA 50s
2026-08-26 09:56:00,289 | INFO  | [5076/5212] sz.301392 汇成真空 取到541条 | 已用1862s ETA 50s
2026-08-26 09:56:00,289 | INFO  | [5077/5212] sz.301393 昊帆生物 取到758条 | 已用1862s ETA 50s
2026-08-26 09:56:00,289 | INFO  | [5078/5212] sz.301395 仁信新材 取到765条 | 已用1862s ETA 49s
2026-08-26 09:56:00,289 | INFO  | [5079/5212] sz.301396 宏景科技 取到919条 | 已用1862s ETA 49s
2026-08-26 09:56:00,289 | INFO  | [5080/5212] sz.301397 溯联股份 取到768条 | 已用1862s ETA 48s
2026-08-26 09:56:03,478 | INFO  | [5081/5212] sz.301429 森泰股份 取到815条 | 已用1866s ETA 48s
2026-08-26 09:56:03,479 | INFO  | [5082/5212] sz.301439 泓淋电力 取到835条 | 已用1866s ETA 48s
2026-08-26 09:56:03,479 | INFO  | [5083/5212] sz.301446 福事特 取到749条 | 已用1866s ETA 47s
2026-08-26 09:56:03,479 | INFO  | [5084/5212] sz.301448 开创电气 取到773条 | 已用1866s ETA 47s
2026-08-26 09:56:03,479 | INFO  | [5085/5212] sz.301449 天溯计量 取到163条 | 已用1866s ETA 47s
2026-08-26 09:56:03,479 | INFO  | [5086/5212] sz.301456 盘古智能 取到756条 | 已用1866s ETA 46s
2026-08-26 09:56:03,479 | INFO  | [5087/5212] sz.301458 钧崴电子 取到393条 | 已用1866s ETA 46s
2026-08-26 09:56:03,479 | INFO  | [5088/5212] sz.301459 丰茂股份 取到654条 | 已用1866s ETA 45s
2026-08-26 09:56:07,369 | INFO  | [5089/5212] sz.301398 星源卓镁 取到895条 | 已用1870s ETA 45s
2026-08-26 09:56:07,369 | INFO  | [5090/5212] sz.301399 英特科技 取到792条 | 已用1870s ETA 45s
2026-08-26 09:56:07,369 | INFO  | [5091/5212] sz.301408 华人健康 取到847条 | 已用1870s ETA 44s
2026-08-26 09:56:07,369 | INFO  | [5092/5212] sz.301413 安培龙 取到651条 | 已用1870s ETA 44s
2026-08-26 09:56:07,369 | INFO  | [5093/5212] sz.301418 协昌科技 取到730条 | 已用1870s ETA 44s
2026-08-26 09:56:07,369 | INFO  | [5094/5212] sz.301419 阿莱德 取到861条 | 已用1870s ETA 43s
2026-08-26 09:56:07,369 | INFO  | [5095/5212] sz.301421 波长光电 取到728条 | 已用1870s ETA 43s
2026-08-26 09:56:07,369 | INFO  | [5096/5212] sz.301428 世纪恒通 取到794条 | 已用1870s ETA 43s
2026-08-26 09:56:11,286 | INFO  | [5097/5212] sz.301498 乖宝宠物 取到733条 | 已用1873s ETA 42s
2026-08-26 09:56:11,286 | INFO  | [5098/5212] sz.301499 维科精密 取到751条 | 已用1873s ETA 42s
2026-08-26 09:56:11,286 | INFO  | [5099/5212] sz.301500 飞南资源 取到707条 | 已用1873s ETA 42s
2026-08-26 09:56:11,286 | INFO  | [5100/5212] sz.301501 恒鑫生活 取到351条 | 已用1873s ETA 41s
2026-08-26 09:56:11,286 | INFO  | [5101/5212] sz.301502 华阳智能 取到618条 | 已用1873s ETA 41s
2026-08-26 09:56:11,286 | INFO  | [5102/5212] sz.301503 智迪科技 取到755条 | 已用1873s ETA 40s
2026-08-26 09:56:11,286 | INFO  | [5103/5212] sz.301505 苏州规划 取到753条 | 已用1873s ETA 40s
2026-08-26 09:56:11,286 | INFO  | [5104/5212] sz.301507 民生健康 取到719条 | 已用1873s ETA 40s
2026-08-26 09:56:17,719 | INFO  | [5105/5212] sz.301508 中机认检 取到662条 | 已用1880s ETA 39s
2026-08-26 09:56:17,719 | INFO  | [5106/5212] sz.301509 金凯生科 取到742条 | 已用1880s ETA 39s
2026-08-26 09:56:17,719 | INFO  | [5107/5212] sz.301510 固高科技 取到734条 | 已用1880s ETA 39s
2026-08-26 09:56:17,719 | INFO  | [5108/5212] sz.301511 德福科技 取到732条 | 已用1880s ETA 38s
2026-08-26 09:56:17,719 | INFO  | [5109/5212] sz.301512 智信精密 取到752条 | 已用1880s ETA 38s
2026-08-26 09:56:17,720 | INFO  | [5110/5212] sz.301513 尚水智能 取到89条 | 已用1880s ETA 38s
2026-08-26 09:56:17,720 | INFO  | [5111/5212] sz.301515 港通医疗 取到749条 | 已用1880s ETA 37s
2026-08-26 09:56:17,720 | INFO  | [5112/5212] sz.301516 中远通 取到657条 | 已用1880s ETA 37s
2026-08-26 09:56:18,636 | INFO  | [5113/5212] sz.301517 陕西华达 取到695条 | 已用1881s ETA 36s
2026-08-26 09:56:18,636 | INFO  | [5114/5212] sz.301518 长华化学 取到742条 | 已用1881s ETA 36s
2026-08-26 09:56:18,636 | INFO  | [5115/5212] sz.301519 舜禹股份 取到747条 | 已用1881s ETA 36s
2026-08-26 09:56:18,636 | INFO  | [5116/5212] sz.301520 万邦医药 取到705条 | 已用1881s ETA 35s
2026-08-26 09:56:18,636 | INFO  | [5117/5212] sz.301522 上大股份 取到454条 | 已用1881s ETA 35s
2026-08-26 09:56:18,636 | INFO  | [5118/5212] sz.301525 儒竞科技 取到723条 | 已用1881s ETA 35s
2026-08-26 09:56:18,636 | INFO  | [5119/5212] sz.301526 国际复材 取到645条 | 已用1881s ETA 34s
2026-08-26 09:56:18,636 | INFO  | [5120/5212] sz.301528 多浦乐 取到725条 | 已用1881s ETA 34s
2026-08-26 09:56:21,323 | INFO  | [5121/5212] sz.301529 福赛科技 取到715条 | 已用1884s ETA 33s
2026-08-26 09:56:21,323 | INFO  | [5122/5212] sz.301531 春光集团 取到76条 | 已用1884s ETA 33s
2026-08-26 09:56:21,323 | INFO  | [5123/5212] sz.301533 威马农机 取到731条 | 已用1884s ETA 33s
2026-08-26 09:56:21,323 | INFO  | [5124/5212] sz.301535 浙江华远 取到345条 | 已用1884s ETA 32s
2026-08-26 09:56:21,323 | INFO  | [5125/5212] sz.301536 星宸科技 取到585条 | 已用1884s ETA 32s
2026-08-26 09:56:21,323 | INFO  | [5126/5212] sz.301538 骏鼎达 取到591条 | 已用1884s ETA 32s
2026-08-26 09:56:21,323 | INFO  | [5127/5212] sz.301539 宏鑫科技 取到575条 | 已用1884s ETA 31s
2026-08-26 09:56:21,323 | INFO  | [5128/5212] sz.301548 崇德科技 取到708条 | 已用1884s ETA 31s
2026-08-26 09:56:29,557 | INFO  | [5129/5212] sz.301550 斯菱智驱 取到711条 | 已用1892s ETA 31s
2026-08-26 09:56:29,557 | INFO  | [5130/5212] sz.301551 无线传媒 取到463条 | 已用1892s ETA 30s
2026-08-26 09:56:29,557 | INFO  | [5131/5212] sz.301552 科力装备 取到509条 | 已用1892s ETA 30s
2026-08-26 09:56:29,557 | INFO  | [5132/5212] sz.301555 惠柏新材 取到685条 | 已用1892s ETA 29s
2026-08-26 09:56:29,557 | INFO  | [5133/5212] sz.301556 托普云农 取到453条 | 已用1892s ETA 29s
2026-08-26 09:56:29,557 | INFO  | [5134/5212] sz.301557 常友科技 取到362条 | 已用1892s ETA 29s
2026-08-26 09:56:29,557 | INFO  | [5135/5212] sz.301558 三态股份 取到702条 | 已用1892s ETA 28s
2026-08-26 09:56:29,557 | INFO  | [5136/5212] sz.301559 中集环科 取到699条 | 已用1892s ETA 28s
2026-08-26 09:56:30,742 | INFO  | [5137/5212] sz.301577 美信科技 取到625条 | 已用1893s ETA 28s
2026-08-26 09:56:30,742 | INFO  | [5138/5212] sz.301578 辰奕智能 取到643条 | 已用1893s ETA 27s
2026-08-26 09:56:30,742 | INFO  | [5139/5212] sz.301580 爱迪特 取到527条 | 已用1893s ETA 27s
2026-08-26 09:56:30,742 | INFO  | [5140/5212] sz.301581 黄山谷捷 取到398条 | 已用1893s ETA 27s
2026-08-26 09:56:30,742 | INFO  | [5141/5212] sz.301583 托伦斯 取到33条 | 已用1893s ETA 26s
2026-08-26 09:56:30,742 | INFO  | [5142/5212] sz.301584 建发致新 取到220条 | 已用1893s ETA 26s
2026-08-26 09:56:30,742 | INFO  | [5143/5212] sz.301585 蓝宇股份 取到407条 | 已用1893s ETA 25s
2026-08-26 09:56:30,742 | INFO  | [5144/5212] sz.301586 佳力奇 取到482条 | 已用1893s ETA 25s
2026-08-26 09:56:32,808 | INFO  | [5145/5212] sz.301468 博盈特焊 取到750条 | 已用1895s ETA 25s
2026-08-26 09:56:32,808 | INFO  | [5146/5212] sz.301469 恒达新材 取到729条 | 已用1895s ETA 24s
2026-08-26 09:56:32,808 | INFO  | [5147/5212] sz.301479 弘景光电 取到352条 | 已用1895s ETA 24s
2026-08-26 09:56:32,808 | INFO  | [5148/5212] sz.301486 致尚科技 取到761条 | 已用1895s ETA 24s
2026-08-26 09:56:32,808 | INFO  | [5149/5212] sz.301487 盟固利 取到738条 | 已用1895s ETA 23s
2026-08-26 09:56:32,808 | INFO  | [5150/5212] sz.301488 豪恩汽电 取到764条 | 已用1895s ETA 23s
2026-08-26 09:56:32,808 | INFO  | [5151/5212] sz.301489 思泉新材 取到690条 | 已用1895s ETA 22s
2026-08-26 09:56:32,808 | INFO  | [5152/5212] sz.301491 汉桑科技 取到256条 | 已用1895s ETA 22s
2026-08-26 09:56:34,214 | INFO  | [5153/5212] sz.301560 众捷汽车 取到325条 | 已用1896s ETA 22s
2026-08-26 09:56:34,214 | INFO  | [5154/5212] sz.301563 云汉芯城 取到217条 | 已用1896s ETA 21s
2026-08-26 09:56:34,214 | INFO  | [5155/5212] sz.301565 中仑新材 取到531条 | 已用1896s ETA 21s
2026-08-26 09:56:34,214 | INFO  | [5156/5212] sz.301566 达利凯普 取到642条 | 已用1896s ETA 21s
2026-08-26 09:56:34,214 | INFO  | [5157/5212] sz.301567 贝隆精密 取到631条 | 已用1896s ETA 20s
2026-08-26 09:56:34,214 | INFO  | [5158/5212] sz.301568 思泰克 取到665条 | 已用1896s ETA 20s
2026-08-26 09:56:34,214 | INFO  | [5159/5212] sz.301571 国科天成 取到487条 | 已用1896s ETA 19s
2026-08-26 09:56:34,214 | INFO  | [5160/5212] sz.301575 艾芬达 取到231条 | 已用1896s ETA 19s
2026-08-26 09:56:37,723 | INFO  | [5161/5212] sz.301598 博科测试 取到407条 | 已用1900s ETA 19s
2026-08-26 09:56:37,723 | INFO  | [5162/5212] sz.301599 理奇智能 取到80条 | 已用1900s ETA 18s
2026-08-26 09:56:37,723 | INFO  | [5163/5212] sz.301600 慧翰股份 取到472条 | 已用1900s ETA 18s
2026-08-26 09:56:37,723 | INFO  | [5164/5212] sz.301601 惠通科技 取到390条 | 已用1900s ETA 18s
2026-08-26 09:56:37,724 | INFO  | [5165/5212] sz.301602 超研股份 取到385条 | 已用1900s ETA 17s
2026-08-26 09:56:37,724 | INFO  | [5166/5212] sz.301603 乔锋智能 取到517条 | 已用1900s ETA 17s
2026-08-26 09:56:37,724 | INFO  | [5167/5212] sz.301606 绿联科技 取到505条 | 已用1900s ETA 17s
2026-08-26 09:56:37,724 | INFO  | [5168/5212] sz.301607 富特科技 取到477条 | 已用1900s ETA 16s
2026-08-26 09:56:39,792 | INFO  | [5169/5212] sz.301587 中瑞股份 取到580条 | 已用1902s ETA 16s
2026-08-26 09:56:39,792 | INFO  | [5170/5212] sz.301588 美新科技 取到596条 | 已用1902s ETA 15s
2026-08-26 09:56:39,792 | INFO  | [5171/5212] sz.301589 诺瓦星云 取到614条 | 已用1902s ETA 15s
2026-08-26 09:56:39,792 | INFO  | [5172/5212] sz.301590 优优绿能 取到300条 | 已用1902s ETA 15s
2026-08-26 09:56:39,792 | INFO  | [5173/5212] sz.301591 肯特股份 取到606条 | 已用1902s ETA 14s
2026-08-26 09:56:39,792 | INFO  | [5174/5212] sz.301592 六九一二 取到448条 | 已用1902s ETA 14s
2026-08-26 09:56:39,793 | INFO  | [5175/5212] sz.301595 太力科技 取到312条 | 已用1902s ETA 14s
2026-08-26 09:56:39,793 | INFO  | [5176/5212] sz.301596 瑞迪智驱 取到558条 | 已用1902s ETA 13s
2026-08-26 09:56:41,367 | INFO  | [5177/5212] sz.301626 苏州天脉 取到448条 | 已用1904s ETA 13s
2026-08-26 09:56:41,368 | INFO  | [5178/5212] sz.301628 强达电路 取到443条 | 已用1904s ETA 12s
2026-08-26 09:56:41,368 | INFO  | [5179/5212] sz.301629 矽电股份 取到348条 | 已用1904s ETA 12s
2026-08-26 09:56:41,368 | INFO  | [5180/5212] sz.301630 同宇新材 取到275条 | 已用1904s ETA 12s
2026-08-26 09:56:41,368 | INFO  | [5181/5212] sz.301631 壹连科技 取到427条 | 已用1904s ETA 11s
2026-08-26 09:56:41,368 | INFO  | [5182/5212] sz.301632 广东建科 取到252条 | 已用1904s ETA 11s
2026-08-26 09:56:41,368 | INFO  | [5183/5212] sz.301633 港迪技术 取到438条 | 已用1904s ETA 11s
2026-08-26 09:56:41,368 | INFO  | [5184/5212] sz.301636 泽润新能 取到313条 | 已用1904s ETA 10s
2026-08-26 09:56:42,035 | INFO  | [5185/5212] sz.301638 南网数字 取到188条 | 已用1904s ETA 10s
2026-08-26 09:56:42,035 | INFO  | [5186/5212] sz.301655 绿控传动 取到4条 | 已用1904s ETA 10s
2026-08-26 09:56:42,035 | INFO  | [5187/5212] sz.301656 联合动力 取到220条 | 已用1904s ETA 9s
2026-08-26 09:56:42,035 | INFO  | [5188/5212] sz.301658 首航新能 取到341条 | 已用1904s ETA 9s
2026-08-26 09:56:42,035 | INFO  | [5189/5212] sz.301662 宏工科技 取到331条 | 已用1904s ETA 8s
2026-08-26 09:56:42,035 | INFO  | [5190/5212] sz.301665 泰禾股份 取到335条 | 已用1904s ETA 8s
2026-08-26 09:56:42,035 | INFO  | [5191/5212] sz.301666 大普微 取到90条 | 已用1904s ETA 8s
2026-08-26 09:56:42,035 | INFO  | [5192/5212] sz.301667 纳百川 取到163条 | 已用1904s ETA 7s
2026-08-26 09:56:43,874 | INFO  | [5193/5212] sz.301608 博实结 取到501条 | 已用1906s ETA 7s
2026-08-26 09:56:43,874 | INFO  | [5194/5212] sz.301609 山大电力 取到266条 | 已用1906s ETA 7s
2026-08-26 09:56:43,874 | INFO  | [5195/5212] sz.301611 珂玛科技 取到490条 | 已用1906s ETA 6s
2026-08-26 09:56:43,874 | INFO  | [5196/5212] sz.301613 新铝时代 取到447条 | 已用1906s ETA 6s
2026-08-26 09:56:43,874 | INFO  | [5197/5212] sz.301616 浙江华业 取到345条 | 已用1906s ETA 6s
2026-08-26 09:56:43,874 | INFO  | [5198/5212] sz.301617 博苑新材 取到414条 | 已用1906s ETA 5s
2026-08-26 09:56:43,874 | INFO  | [5199/5212] sz.301618 长联科技 取到461条 | 已用1906s ETA 5s
2026-08-26 09:56:43,874 | INFO  | [5200/5212] sz.301622 英思特 取到419条 | 已用1906s ETA 4s
2026-08-26 09:56:44,879 | INFO  | [5201/5212] sz.301668 昊创瑞通 取到219条 | 已用1907s ETA 4s
2026-08-26 09:56:44,879 | INFO  | [5202/5212] sz.301669 高特电子 取到55条 | 已用1907s ETA 4s
2026-08-26 09:56:44,879 | INFO  | [5203/5212] sz.301677 欣兴工具 取到19条 | 已用1907s ETA 3s
2026-08-26 09:56:44,879 | INFO  | [5204/5212] sz.301678 新恒汇 取到289条 | 已用1907s ETA 3s
2026-08-26 09:56:44,879 | INFO  | [5205/5212] sz.301680 固德电材 取到118条 | 已用1907s ETA 3s
2026-08-26 09:56:44,879 | INFO  | [5206/5212] sz.301682 宏明电子 取到105条 | 已用1907s ETA 2s
2026-08-26 09:56:44,879 | INFO  | [5207/5212] sz.301683 慧谷新材 取到100条 | 已用1907s ETA 2s
2026-08-26 09:56:44,879 | INFO  | [5208/5212] sz.301687 新广益 取到157条 | 已用1907s ETA 1s
2026-08-26 09:56:47,160 | INFO  | [5209/5212] sz.301696 三瑞智能 取到94条 | 已用1909s ETA 1s
2026-08-26 09:56:47,160 | INFO  | [5210/5212] sz.301707 展芯股份 取到13条 | 已用1909s ETA 1s
2026-08-26 09:56:47,160 | INFO  | [5211/5212] sz.301717 超纯应材 取到11条 | 已用1909s ETA 0s
2026-08-26 09:56:47,160 | INFO  | [5212/5212] sz.302132 中航成飞 取到2425条 | 已用1909s ETA 0s
login success!
logout failed!
login success!
login success!
logout failed!
login success!
login success!
login success!
timed out
接收数据异常，请稍后再试。
'utf-8' codec can't decode byte 0xa0 in position 0: invalid start byte
接收数据异常，请稍后再试。
login success!
2026-08-26 09:56:47,168 | INFO  | 完成：新增 1757 只，跳过(已存在) 3455 只，失败 0 只，共 5212 只，输出目录 D:\量化\AStock\a_share_daily
login success!
[WinError 10054] 远程主机强迫关闭了一个现有的连接。
接收数据异常，请稍后再试。
