login success!
2026-08-26 15:16:37,872 | INFO  | baostock 登录成功
2026-08-26 15:16:40,722 | INFO  | 数据区间: 2016-08-28 ~ 2026-08-25
2026-08-26 15:16:51,781 | INFO  | 共 5212 只 A 股
2026-08-26 15:16:52,415 | INFO  | worker 登录成功
2026-08-26 15:16:52,946 | INFO  | worker 登录成功
2026-08-26 15:16:56,423 | INFO  | [352/5212] sh.600490 鹏欣资源 取到2425条 | 已用5s ETA 64s
2026-08-26 15:17:41,033 | INFO  | [353/5212] sh.600501 航天晨光 取到2425条 | 已用49s ETA 678s
2026-08-26 15:17:41,033 | INFO  | [354/5212] sh.600502 安徽建工 取到2425条 | 已用49s ETA 676s
2026-08-26 15:17:41,033 | INFO  | [355/5212] sh.600503 华丽家族 取到2425条 | 已用49s ETA 674s
2026-08-26 15:17:41,033 | INFO  | [356/5212] sh.600505 西昌电力 取到2425条 | 已用49s ETA 672s
2026-08-26 15:17:41,033 | INFO  | [357/5212] sh.600506 统一股份 取到2425条 | 已用49s ETA 670s
2026-08-26 15:17:41,033 | INFO  | [358/5212] sh.600507 方大特钢 取到2425条 | 已用49s ETA 668s
2026-08-26 15:17:41,033 | INFO  | [359/5212] sh.600508 上海能源 取到2425条 | 已用49s ETA 666s
2026-08-26 15:17:41,033 | INFO  | [360/5212] sh.600509 天富能源 取到2425条 | 已用49s ETA 664s
2026-08-26 15:17:48,468 | INFO  | [361/5212] sh.600491 ST龙元 取到2425条 | 已用57s ETA 762s
2026-08-26 15:17:48,468 | INFO  | [362/5212] sh.600493 凤竹纺织 取到2425条 | 已用57s ETA 759s
2026-08-26 15:17:48,468 | INFO  | [363/5212] sh.600495 晋西车轴 取到2425条 | 已用57s ETA 757s
2026-08-26 15:17:48,468 | INFO  | [364/5212] sh.600496 精工钢构 取到2425条 | 已用57s ETA 755s
2026-08-26 15:17:48,468 | INFO  | [365/5212] sh.600497 驰宏锌锗 取到2425条 | 已用57s ETA 753s
2026-08-26 15:17:48,468 | INFO  | [366/5212] sh.600498 烽火通信 取到2425条 | 已用57s ETA 751s
2026-08-26 15:17:48,468 | INFO  | [367/5212] sh.600499 科达制造 取到2425条 | 已用57s ETA 748s
2026-08-26 15:17:48,469 | INFO  | [368/5212] sh.600500 中化国际 取到2425条 | 已用57s ETA 746s
2026-08-26 15:18:28,344 | INFO  | [369/5212] sh.600510 黑牡丹 取到2425条 | 已用97s ETA 1267s
2026-08-26 15:18:28,345 | INFO  | [370/5212] sh.600511 国药股份 取到2425条 | 已用97s ETA 1264s
2026-08-26 15:18:28,345 | INFO  | [371/5212] sh.600512 腾达建设 取到2425条 | 已用97s ETA 1260s
2026-08-26 15:18:28,345 | INFO  | [372/5212] sh.600513 联环药业 取到2425条 | 已用97s ETA 1256s
2026-08-26 15:18:28,345 | INFO  | [373/5212] sh.600515 海南机场 取到2425条 | 已用97s ETA 1253s
2026-08-26 15:18:28,345 | INFO  | [374/5212] sh.600516 方大炭素 取到2425条 | 已用97s ETA 1249s
2026-08-26 15:18:28,345 | INFO  | [375/5212] sh.600517 国网英大 取到2425条 | 已用97s ETA 1246s
2026-08-26 15:18:28,345 | INFO  | [376/5212] sh.600518 康美药业 取到2425条 | 已用97s ETA 1242s
2026-08-26 15:18:41,782 | INFO  | [377/5212] sh.600519 贵州茅台 取到2425条 | 已用110s ETA 1411s
2026-08-26 15:18:41,782 | INFO  | [378/5212] sh.600520 三佳科技 取到2425条 | 已用110s ETA 1407s
2026-08-26 15:18:41,782 | INFO  | [379/5212] sh.600521 华海药业 取到2425条 | 已用110s ETA 1403s
2026-08-26 15:18:41,782 | INFO  | [380/5212] sh.600522 中天科技 取到2425条 | 已用110s ETA 1399s
2026-08-26 15:18:41,782 | INFO  | [381/5212] sh.600523 贵航股份 取到2425条 | 已用110s ETA 1395s
2026-08-26 15:18:41,782 | INFO  | [382/5212] sh.600525 ST长园 取到2425条 | 已用110s ETA 1391s
2026-08-26 15:18:41,782 | INFO  | [383/5212] sh.600526 菲达环保 取到2425条 | 已用110s ETA 1387s
2026-08-26 15:18:41,782 | INFO  | [384/5212] sh.600527 江南高纤 取到2425条 | 已用110s ETA 1383s
2026-08-26 15:19:22,001 | INFO  | [385/5212] sh.600538 国发股份 取到2425条 | 已用150s ETA 1883s
2026-08-26 15:19:22,001 | INFO  | [386/5212] sh.600539 狮头股份 取到2425条 | 已用150s ETA 1878s
2026-08-26 15:19:22,001 | INFO  | [387/5212] sh.600540 新赛股份 取到2425条 | 已用150s ETA 1873s
2026-08-26 15:19:22,001 | INFO  | [388/5212] sh.600543 *ST莫高 取到2425条 | 已用150s ETA 1868s
2026-08-26 15:19:22,002 | INFO  | [389/5212] sh.600545 卓郎智能 取到2425条 | 已用150s ETA 1862s
2026-08-26 15:19:22,002 | INFO  | [390/5212] sh.600546 山煤国际 取到2425条 | 已用150s ETA 1857s
2026-08-26 15:19:22,002 | INFO  | [391/5212] sh.600547 山东黄金 取到2425条 | 已用150s ETA 1852s
2026-08-26 15:19:22,002 | INFO  | [392/5212] sh.600548 深高速 取到2425条 | 已用150s ETA 1847s
2026-08-26 15:19:30,375 | INFO  | [393/5212] sh.600528 中铁工业 取到2425条 | 已用159s ETA 1945s
2026-08-26 15:19:30,375 | INFO  | [394/5212] sh.600529 山东药玻 取到2425条 | 已用159s ETA 1939s
2026-08-26 15:19:30,375 | INFO  | [395/5212] sh.600530 ST交昂 取到2425条 | 已用159s ETA 1934s
2026-08-26 15:19:30,375 | INFO  | [396/5212] sh.600531 豫光金铅 取到2425条 | 已用159s ETA 1929s
2026-08-26 15:19:30,375 | INFO  | [397/5212] sh.600533 栖霞建设 取到2425条 | 已用159s ETA 1923s
2026-08-26 15:19:30,375 | INFO  | [398/5212] sh.600535 天士力 取到2425条 | 已用159s ETA 1918s
2026-08-26 15:19:30,375 | INFO  | [399/5212] sh.600536 中国软件 取到2425条 | 已用159s ETA 1913s
2026-08-26 15:19:30,375 | INFO  | [400/5212] sh.600537 *ST亿晶 取到2425条 | 已用159s ETA 1908s
2026-08-26 15:20:11,999 | INFO  | [401/5212] sh.600560 金自天正 取到2425条 | 已用200s ETA 2402s
2026-08-26 15:20:11,999 | INFO  | [402/5212] sh.600561 江西长运 取到2425条 | 已用200s ETA 2396s
2026-08-26 15:20:11,999 | INFO  | [403/5212] sh.600562 国睿科技 取到2425条 | 已用200s ETA 2389s
2026-08-26 15:20:11,999 | INFO  | [404/5212] sh.600563 法拉电子 取到2425条 | 已用200s ETA 2383s
2026-08-26 15:20:11,999 | INFO  | [405/5212] sh.600566 济川药业 取到2425条 | 已用200s ETA 2376s
2026-08-26 15:20:11,999 | INFO  | [406/5212] sh.600567 山鹰国际 取到2425条 | 已用200s ETA 2370s
2026-08-26 15:20:11,999 | INFO  | [407/5212] sh.600568 ST中珠 取到2425条 | 已用200s ETA 2364s
2026-08-26 15:20:11,999 | INFO  | [408/5212] sh.600569 安阳钢铁 取到2425条 | 已用200s ETA 2357s
2026-08-26 15:20:52,120 | INFO  | [409/5212] sh.600549 厦门钨业 取到2425条 | 已用240s ETA 2822s
2026-08-26 15:20:52,120 | INFO  | [410/5212] sh.600550 保变电气 取到2425条 | 已用240s ETA 2815s
2026-08-26 15:20:52,120 | INFO  | [411/5212] sh.600551 时代出版 取到2425条 | 已用240s ETA 2807s
2026-08-26 15:20:52,120 | INFO  | [412/5212] sh.600552 凯盛科技 取到2425条 | 已用240s ETA 2800s
2026-08-26 15:20:52,120 | INFO  | [413/5212] sh.600556 天下秀 取到2425条 | 已用240s ETA 2793s
2026-08-26 15:20:52,120 | INFO  | [414/5212] sh.600557 康缘药业 取到2425条 | 已用240s ETA 2785s
2026-08-26 15:20:52,120 | INFO  | [415/5212] sh.600558 大西洋 取到2425条 | 已用240s ETA 2778s
2026-08-26 15:20:52,120 | INFO  | [416/5212] sh.600559 老白干酒 取到2425条 | 已用240s ETA 2771s
2026-08-26 15:21:43,297 | INFO  | [417/5212] sh.600570 恒生电子 取到2425条 | 已用292s ETA 3352s
2026-08-26 15:21:43,298 | INFO  | [418/5212] sh.600571 信雅达 取到2425条 | 已用292s ETA 3343s
2026-08-26 15:21:43,298 | INFO  | [419/5212] sh.600572 康恩贝 取到2425条 | 已用292s ETA 3335s
2026-08-26 15:21:43,298 | INFO  | [420/5212] sh.600573 惠泉啤酒 取到2425条 | 已用292s ETA 3326s
2026-08-26 15:21:43,298 | INFO  | [421/5212] sh.600575 淮河能源 取到2425条 | 已用292s ETA 3317s
2026-08-26 15:21:43,298 | INFO  | [422/5212] sh.600576 祥源文旅 取到2425条 | 已用292s ETA 3309s
2026-08-26 15:21:43,298 | INFO  | [423/5212] sh.600577 精达股份 取到2425条 | 已用292s ETA 3300s
2026-08-26 15:21:43,298 | INFO  | [424/5212] sh.600578 京能电力 取到2425条 | 已用292s ETA 3292s
2026-08-26 15:22:05,809 | INFO  | [425/5212] sh.600579 中化装备 取到2425条 | 已用314s ETA 3537s
2026-08-26 15:22:05,809 | INFO  | [426/5212] sh.600580 卧龙电驱 取到2425条 | 已用314s ETA 3528s
2026-08-26 15:22:05,809 | INFO  | [427/5212] sh.600581 *ST八钢 取到2425条 | 已用314s ETA 3519s
2026-08-26 15:22:05,809 | INFO  | [428/5212] sh.600582 天地科技 取到2425条 | 已用314s ETA 3510s
2026-08-26 15:22:05,809 | INFO  | [429/5212] sh.600583 海油工程 取到2425条 | 已用314s ETA 3501s
2026-08-26 15:22:05,809 | INFO  | [430/5212] sh.600584 长电科技 取到2425条 | 已用314s ETA 3492s
2026-08-26 15:22:05,809 | INFO  | [431/5212] sh.600585 海螺水泥 取到2425条 | 已用314s ETA 3483s
2026-08-26 15:22:05,809 | INFO  | [432/5212] sh.600586 金晶科技 取到2425条 | 已用314s ETA 3475s
2026-08-26 15:22:35,814 | INFO  | [433/5212] sh.600587 新华医疗 取到2425条 | 已用344s ETA 3797s
2026-08-26 15:22:35,814 | INFO  | [434/5212] sh.600588 用友网络 取到2425条 | 已用344s ETA 3787s
2026-08-26 15:22:35,814 | INFO  | [435/5212] sh.600589 大位科技 取到2425条 | 已用344s ETA 3778s
2026-08-26 15:22:35,814 | INFO  | [436/5212] sh.600590 泰豪科技 取到2425条 | 已用344s ETA 3769s
2026-08-26 15:22:35,814 | INFO  | [437/5212] sh.600592 龙溪股份 取到2425条 | 已用344s ETA 3759s
2026-08-26 15:22:35,814 | INFO  | [438/5212] sh.600593 大连圣亚 取到2425条 | 已用344s ETA 3750s
2026-08-26 15:22:35,814 | INFO  | [439/5212] sh.600594 益佰制药 取到2425条 | 已用344s ETA 3740s
2026-08-26 15:22:35,814 | INFO  | [440/5212] sh.600595 中孚实业 取到2425条 | 已用344s ETA 3731s
2026-08-26 15:23:04,703 | INFO  | [441/5212] sh.600596 新安股份 取到2425条 | 已用373s ETA 4034s
2026-08-26 15:23:04,703 | INFO  | [442/5212] sh.600597 光明乳业 取到2425条 | 已用373s ETA 4024s
2026-08-26 15:23:04,703 | INFO  | [443/5212] sh.600598 北大荒 取到2425条 | 已用373s ETA 4015s
2026-08-26 15:23:04,703 | INFO  | [444/5212] sh.600600 青岛啤酒 取到2425条 | 已用373s ETA 4005s
2026-08-26 15:23:04,703 | INFO  | [445/5212] sh.600601 方正科技 取到2425条 | 已用373s ETA 3995s
2026-08-26 15:23:04,703 | INFO  | [446/5212] sh.600602 云赛智联 取到2425条 | 已用373s ETA 3985s
2026-08-26 15:23:04,703 | INFO  | [447/5212] sh.600603 广汇物流 取到2425条 | 已用373s ETA 3975s
2026-08-26 15:23:04,703 | INFO  | [448/5212] sh.600604 市北高新 取到2425条 | 已用373s ETA 3966s
2026-08-26 15:23:32,104 | INFO  | [449/5212] sh.600605 汇通能源 取到2425条 | 已用400s ETA 4247s
2026-08-26 15:23:32,104 | INFO  | [450/5212] sh.600606 绿地控股 取到2425条 | 已用400s ETA 4236s
2026-08-26 15:23:32,104 | INFO  | [451/5212] sh.600609 金杯汽车 取到2425条 | 已用400s ETA 4226s
2026-08-26 15:23:32,104 | INFO  | [452/5212] sh.600610 中毅达 取到2425条 | 已用400s ETA 4216s
2026-08-26 15:23:32,105 | INFO  | [453/5212] sh.600611 大众交通 取到2425条 | 已用400s ETA 4206s
2026-08-26 15:23:32,105 | INFO  | [454/5212] sh.600612 老凤祥 取到2425条 | 已用400s ETA 4195s
2026-08-26 15:23:32,105 | INFO  | [455/5212] sh.600613 神奇制药 取到2425条 | 已用400s ETA 4185s
2026-08-26 15:23:32,105 | INFO  | [456/5212] sh.600615 鑫源智造 取到2425条 | 已用400s ETA 4175s
2026-08-26 15:24:03,741 | INFO  | [457/5212] sh.600616 金枫酒业 取到2425条 | 已用432s ETA 4494s
2026-08-26 15:24:03,741 | INFO  | [458/5212] sh.600617 国新能源 取到2425条 | 已用432s ETA 4484s
2026-08-26 15:24:03,741 | INFO  | [459/5212] sh.600618 氯碱化工 取到2425条 | 已用432s ETA 4473s
2026-08-26 15:24:03,741 | INFO  | [460/5212] sh.600619 海立股份 取到2425条 | 已用432s ETA 4462s
2026-08-26 15:24:03,741 | INFO  | [461/5212] sh.600620 天宸股份 取到2425条 | 已用432s ETA 4452s
2026-08-26 15:24:03,741 | INFO  | [462/5212] sh.600621 华鑫股份 取到2425条 | 已用432s ETA 4441s
2026-08-26 15:24:03,741 | INFO  | [463/5212] sh.600622 光大嘉宝 取到2425条 | 已用432s ETA 4431s
2026-08-26 15:24:03,741 | INFO  | [464/5212] sh.600623 华谊集团 取到2425条 | 已用432s ETA 4420s
2026-08-26 15:24:36,848 | INFO  | [465/5212] sh.600624 ST复华 取到2425条 | 已用465s ETA 4748s
2026-08-26 15:24:36,848 | INFO  | [466/5212] sh.600626 申达股份 取到2425条 | 已用465s ETA 4736s
2026-08-26 15:24:36,848 | INFO  | [467/5212] sh.600628 新世界 取到2425条 | 已用465s ETA 4725s
2026-08-26 15:24:36,848 | INFO  | [468/5212] sh.600629 华建集团 取到2425条 | 已用465s ETA 4714s
2026-08-26 15:24:36,848 | INFO  | [469/5212] sh.600630 龙头股份 取到2425条 | 已用465s ETA 4703s
2026-08-26 15:24:36,848 | INFO  | [470/5212] sh.600633 浙数文化 取到2425条 | 已用465s ETA 4692s
2026-08-26 15:24:36,848 | INFO  | [471/5212] sh.600635 大众公用 取到2425条 | 已用465s ETA 4681s
2026-08-26 15:24:36,848 | INFO  | [472/5212] sh.600637 东方明珠 取到2425条 | 已用465s ETA 4670s
2026-08-26 15:25:22,215 | INFO  | [473/5212] sh.600638 新黄浦 取到2425条 | 已用510s ETA 5114s
2026-08-26 15:25:22,215 | INFO  | [474/5212] sh.600639 浦东金桥 取到2425条 | 已用510s ETA 5102s
2026-08-26 15:25:22,215 | INFO  | [475/5212] sh.600640 国脉文化 取到2425条 | 已用510s ETA 5090s
2026-08-26 15:25:22,215 | INFO  | [476/5212] sh.600641 先导基电 取到2425条 | 已用510s ETA 5079s
2026-08-26 15:25:22,215 | INFO  | [477/5212] sh.600642 申能股份 取到2425条 | 已用510s ETA 5067s
2026-08-26 15:25:22,215 | INFO  | [478/5212] sh.600643 爱建集团 取到2425条 | 已用510s ETA 5055s
2026-08-26 15:25:22,215 | INFO  | [479/5212] sh.600644 乐山电力 取到2425条 | 已用510s ETA 5044s
2026-08-26 15:25:22,215 | INFO  | [480/5212] sh.600645 中源协和 取到2425条 | 已用510s ETA 5032s
2026-08-26 15:25:52,223 | INFO  | [481/5212] sh.600648 外高桥 取到2425条 | 已用540s ETA 5316s
2026-08-26 15:25:52,224 | INFO  | [482/5212] sh.600649 城投控股 取到2425条 | 已用540s ETA 5303s
2026-08-26 15:25:52,224 | INFO  | [483/5212] sh.600650 锦江在线 取到2425条 | 已用540s ETA 5291s
2026-08-26 15:25:52,224 | INFO  | [484/5212] sh.600651 飞乐音响 取到2425条 | 已用540s ETA 5279s
2026-08-26 15:25:52,224 | INFO  | [485/5212] sh.600653 申华控股 取到2425条 | 已用540s ETA 5267s
2026-08-26 15:25:52,224 | INFO  | [486/5212] sh.600654 中安科 取到2425条 | 已用540s ETA 5255s
2026-08-26 15:25:52,224 | INFO  | [487/5212] sh.600655 豫园股份 取到2425条 | 已用540s ETA 5243s
2026-08-26 15:25:52,224 | INFO  | [488/5212] sh.600657 信达地产 取到2425条 | 已用540s ETA 5232s
2026-08-26 15:26:31,479 | INFO  | [489/5212] sh.600658 电子城 取到2425条 | 已用580s ETA 5599s
2026-08-26 15:26:31,479 | INFO  | [490/5212] sh.600660 福耀玻璃 取到2425条 | 已用580s ETA 5586s
2026-08-26 15:26:31,479 | INFO  | [491/5212] sh.600661 昂立教育 取到2425条 | 已用580s ETA 5574s
2026-08-26 15:26:31,480 | INFO  | [492/5212] sh.600662 外服控股 取到2425条 | 已用580s ETA 5561s
2026-08-26 15:26:31,480 | INFO  | [493/5212] sh.600663 陆家嘴 取到2425条 | 已用580s ETA 5549s
2026-08-26 15:26:31,480 | INFO  | [494/5212] sh.600664 哈药股份 取到2425条 | 已用580s ETA 5536s
2026-08-26 15:26:31,480 | INFO  | [495/5212] sh.600665 天地源 取到2425条 | 已用580s ETA 5524s
2026-08-26 15:26:31,480 | INFO  | [496/5212] sh.600666 奥瑞德 取到2425条 | 已用580s ETA 5512s
2026-08-26 15:27:10,974 | INFO  | [497/5212] sh.600667 太极实业 取到2425条 | 已用619s ETA 5874s
2026-08-26 15:27:10,975 | INFO  | [498/5212] sh.600668 尖峰集团 取到2425条 | 已用619s ETA 5861s
2026-08-26 15:27:10,975 | INFO  | [499/5212] sh.600671 天目药业 取到2425条 | 已用619s ETA 5848s
2026-08-26 15:27:10,975 | INFO  | [500/5212] sh.600673 东阳光 取到2425条 | 已用619s ETA 5835s
2026-08-26 15:27:10,975 | INFO  | [501/5212] sh.600674 川投能源 取到2425条 | 已用619s ETA 5822s
2026-08-26 15:27:10,975 | INFO  | [502/5212] sh.600675 中华企业 取到2425条 | 已用619s ETA 5810s
2026-08-26 15:27:10,975 | INFO  | [503/5212] sh.600676 久事动娱 取到2425条 | 已用619s ETA 5797s
2026-08-26 15:27:10,975 | INFO  | [504/5212] sh.600678 ST金顶 取到2425条 | 已用619s ETA 5784s
2026-08-26 15:27:36,504 | INFO  | [505/5212] sh.600679 上海凤凰 取到2425条 | 已用645s ETA 6009s
2026-08-26 15:27:36,504 | INFO  | [506/5212] sh.600681 百川能源 取到2425条 | 已用645s ETA 5996s
2026-08-26 15:27:36,504 | INFO  | [507/5212] sh.600682 南京新百 取到2425条 | 已用645s ETA 5983s
2026-08-26 15:27:36,504 | INFO  | [508/5212] sh.600683 京投发展 取到2425条 | 已用645s ETA 5970s
2026-08-26 15:27:36,504 | INFO  | [509/5212] sh.600684 珠江股份 取到2425条 | 已用645s ETA 5957s
2026-08-26 15:27:36,504 | INFO  | [510/5212] sh.600685 中船防务 取到2425条 | 已用645s ETA 5944s
2026-08-26 15:27:36,504 | INFO  | [511/5212] sh.600686 金龙汽车 取到2425条 | 已用645s ETA 5931s
2026-08-26 15:27:36,504 | INFO  | [512/5212] sh.600688 上海石化 取到2425条 | 已用645s ETA 5918s
2026-08-26 15:28:10,637 | INFO  | [513/5212] sh.600689 上海三毛 取到2425条 | 已用679s ETA 6218s
2026-08-26 15:28:10,637 | INFO  | [514/5212] sh.600690 海尔智家 取到2425条 | 已用679s ETA 6205s
2026-08-26 15:28:10,637 | INFO  | [515/5212] sh.600691 潞化科技 取到2425条 | 已用679s ETA 6191s
2026-08-26 15:28:10,637 | INFO  | [516/5212] sh.600692 亚通股份 取到2425条 | 已用679s ETA 6178s
2026-08-26 15:28:10,637 | INFO  | [517/5212] sh.600693 东百集团 取到2425条 | 已用679s ETA 6165s
2026-08-26 15:28:10,637 | INFO  | [518/5212] sh.600694 大商股份 取到2425条 | 已用679s ETA 6152s
2026-08-26 15:28:10,638 | INFO  | [519/5212] sh.600697 欧亚集团 取到2425条 | 已用679s ETA 6138s
2026-08-26 15:28:10,638 | INFO  | [520/5212] sh.600698 湖南天雁 取到2425条 | 已用679s ETA 6125s
2026-08-26 15:28:43,090 | INFO  | [521/5212] sh.600699 均胜电子 取到2425条 | 已用711s ETA 6404s
2026-08-26 15:28:43,090 | INFO  | [522/5212] sh.600702 舍得酒业 取到2425条 | 已用711s ETA 6391s
2026-08-26 15:28:43,090 | INFO  | [523/5212] sh.600703 三安光电 取到2425条 | 已用711s ETA 6377s
2026-08-26 15:28:43,090 | INFO  | [524/5212] sh.600704 物产中大 取到2425条 | 已用711s ETA 6364s
2026-08-26 15:28:43,090 | INFO  | [525/5212] sh.600706 曲江文旅 取到2425条 | 已用711s ETA 6350s
2026-08-26 15:28:43,090 | INFO  | [526/5212] sh.600707 彩虹股份 取到2425条 | 已用711s ETA 6337s
2026-08-26 15:28:43,090 | INFO  | [527/5212] sh.600708 光明地产 取到2425条 | 已用711s ETA 6323s
2026-08-26 15:28:43,090 | INFO  | [528/5212] sh.600710 苏美达 取到2425条 | 已用711s ETA 6310s
2026-08-26 15:29:14,021 | INFO  | [529/5212] sh.600711 盛屯矿业 取到2425条 | 已用742s ETA 6571s
2026-08-26 15:29:14,021 | INFO  | [530/5212] sh.600712 南宁百货 取到2425条 | 已用742s ETA 6557s
2026-08-26 15:29:14,021 | INFO  | [531/5212] sh.600713 南京医药 取到2425条 | 已用742s ETA 6543s
2026-08-26 15:29:14,021 | INFO  | [532/5212] sh.600714 金瑞矿业 取到2425条 | 已用742s ETA 6529s
2026-08-26 15:29:14,021 | INFO  | [533/5212] sh.600715 文投控股 取到2425条 | 已用742s ETA 6516s
2026-08-26 15:29:14,021 | INFO  | [534/5212] sh.600716 凤凰股份 取到2425条 | 已用742s ETA 6502s
2026-08-26 15:29:14,021 | INFO  | [535/5212] sh.600717 天津港 取到2425条 | 已用742s ETA 6489s
2026-08-26 15:29:14,021 | INFO  | [536/5212] sh.600718 东软集团 取到2425条 | 已用742s ETA 6475s
2026-08-26 15:29:26,625 | INFO  | [537/5212] sh.600719 大连热电 取到2425条 | 已用755s ETA 6571s
2026-08-26 15:29:26,625 | INFO  | [538/5212] sh.600720 中交设计 取到2425条 | 已用755s ETA 6558s
2026-08-26 15:29:26,625 | INFO  | [539/5212] sh.600721 百花医药 取到2425条 | 已用755s ETA 6544s
2026-08-26 15:29:26,626 | INFO  | [540/5212] sh.600722 金牛化工 取到2425条 | 已用755s ETA 6531s
2026-08-26 15:29:26,626 | INFO  | [541/5212] sh.600724 宁波富达 取到2425条 | 已用755s ETA 6517s
2026-08-26 15:29:26,626 | INFO  | [542/5212] sh.600725 云维股份 取到2425条 | 已用755s ETA 6504s
2026-08-26 15:29:26,626 | INFO  | [543/5212] sh.600726 华电能源 取到2425条 | 已用755s ETA 6491s
2026-08-26 15:29:26,626 | INFO  | [544/5212] sh.600727 鲁北化工 取到2425条 | 已用755s ETA 6477s
2026-08-26 15:30:37,875 | INFO  | [545/5212] sh.600728 佳都科技 取到2425条 | 已用826s ETA 7074s
2026-08-26 15:30:37,875 | INFO  | [546/5212] sh.600729 重百集团 取到2425条 | 已用826s ETA 7060s
2026-08-26 15:30:37,875 | INFO  | [547/5212] sh.600730 *ST高科 取到2425条 | 已用826s ETA 7045s
2026-08-26 15:30:37,875 | INFO  | [548/5212] sh.600731 湖南海利 取到2425条 | 已用826s ETA 7031s
2026-08-26 15:30:37,875 | INFO  | [549/5212] sh.600732 爱旭股份 取到2425条 | 已用826s ETA 7017s
2026-08-26 15:30:37,875 | INFO  | [550/5212] sh.600733 北汽蓝谷 取到2425条 | 已用826s ETA 7002s
2026-08-26 15:30:37,875 | INFO  | [551/5212] sh.600734 *ST实达 取到2425条 | 已用826s ETA 6988s
2026-08-26 15:30:37,875 | INFO  | [552/5212] sh.600735 ST新华锦 取到2425条 | 已用826s ETA 6974s
2026-08-26 15:31:26,802 | INFO  | [553/5212] sh.600736 苏州高新 取到2425条 | 已用875s ETA 7372s
2026-08-26 15:31:26,802 | INFO  | [554/5212] sh.600737 中粮糖业 取到2425条 | 已用875s ETA 7357s
2026-08-26 15:31:26,802 | INFO  | [555/5212] sh.600738 丽尚国潮 取到2425条 | 已用875s ETA 7342s
2026-08-26 15:31:26,802 | INFO  | [556/5212] sh.600739 辽宁成大 取到2425条 | 已用875s ETA 7327s
2026-08-26 15:31:26,802 | INFO  | [557/5212] sh.600740 山西焦化 取到2425条 | 已用875s ETA 7313s
2026-08-26 15:31:26,802 | INFO  | [558/5212] sh.600741 华域汽车 取到2425条 | 已用875s ETA 7298s
2026-08-26 15:31:26,802 | INFO  | [559/5212] sh.600742 富维股份 取到2425条 | 已用875s ETA 7283s
2026-08-26 15:31:26,802 | INFO  | [560/5212] sh.600743 华远控股 取到2425条 | 已用875s ETA 7269s
2026-08-26 15:32:27,694 | INFO  | [561/5212] sh.600744 华银电力 取到2425条 | 已用936s ETA 7759s
2026-08-26 15:32:27,694 | INFO  | [562/5212] sh.600745 *ST闻泰 取到2425条 | 已用936s ETA 7744s
2026-08-26 15:32:27,694 | INFO  | [563/5212] sh.600746 江苏索普 取到2425条 | 已用936s ETA 7728s
2026-08-26 15:32:27,694 | INFO  | [564/5212] sh.600748 上实发展 取到2425条 | 已用936s ETA 7713s
2026-08-26 15:32:27,694 | INFO  | [565/5212] sh.600749 西藏旅游 取到2425条 | 已用936s ETA 7698s
2026-08-26 15:32:27,694 | INFO  | [566/5212] sh.600750 华润江中 取到2425条 | 已用936s ETA 7682s
2026-08-26 15:32:27,694 | INFO  | [567/5212] sh.600751 海航科技 取到2425条 | 已用936s ETA 7667s
2026-08-26 15:32:27,694 | INFO  | [568/5212] sh.600753 ST海钦 取到2425条 | 已用936s ETA 7652s
2026-08-26 15:32:37,852 | INFO  | [569/5212] sh.600754 锦江酒店 取到2425条 | 已用946s ETA 7720s
2026-08-26 15:32:37,852 | INFO  | [570/5212] sh.600755 厦门国贸 取到2425条 | 已用946s ETA 7705s
2026-08-26 15:32:37,852 | INFO  | [571/5212] sh.600756 浪潮软件 取到2425条 | 已用946s ETA 7689s
2026-08-26 15:32:37,852 | INFO  | [572/5212] sh.600757 长江传媒 取到2425条 | 已用946s ETA 7674s
2026-08-26 15:32:37,852 | INFO  | [573/5212] sh.600758 辽宁能源 取到2425条 | 已用946s ETA 7659s
2026-08-26 15:32:37,852 | INFO  | [574/5212] sh.600759 ST洲际 取到2425条 | 已用946s ETA 7644s
2026-08-26 15:32:37,852 | INFO  | [575/5212] sh.600760 中航沈飞 取到2425条 | 已用946s ETA 7629s
2026-08-26 15:32:37,852 | INFO  | [576/5212] sh.600761 安徽合力 取到2425条 | 已用946s ETA 7615s
2026-08-26 15:33:47,004 | INFO  | [577/5212] sh.600763 通策医疗 取到2425条 | 已用1015s ETA 8155s
2026-08-26 15:33:47,004 | INFO  | [578/5212] sh.600764 中国海防 取到2425条 | 已用1015s ETA 8139s
2026-08-26 15:33:47,004 | INFO  | [579/5212] sh.600765 中航重机 取到2425条 | 已用1015s ETA 8124s
2026-08-26 15:33:47,004 | INFO  | [580/5212] sh.600768 富邦新材 取到2425条 | 已用1015s ETA 8108s
2026-08-26 15:33:47,004 | INFO  | [581/5212] sh.600769 祥龙电业 取到2425条 | 已用1015s ETA 8092s
2026-08-26 15:33:47,004 | INFO  | [582/5212] sh.600770 综艺股份 取到2425条 | 已用1015s ETA 8076s
2026-08-26 15:33:47,004 | INFO  | [583/5212] sh.600771 广誉远 取到2425条 | 已用1015s ETA 8061s
2026-08-26 15:33:47,004 | INFO  | [584/5212] sh.600773 西藏城投 取到2425条 | 已用1015s ETA 8045s
2026-08-26 15:34:07,047 | INFO  | [585/5212] sh.600774 汉商集团 取到2425条 | 已用1035s ETA 8188s
2026-08-26 15:34:07,047 | INFO  | [586/5212] sh.600775 南京熊猫 取到2425条 | 已用1035s ETA 8173s
2026-08-26 15:34:07,047 | INFO  | [587/5212] sh.600776 东方通信 取到2425条 | 已用1035s ETA 8157s
2026-08-26 15:34:07,047 | INFO  | [588/5212] sh.600777 新潮能源 取到2425条 | 已用1035s ETA 8141s
2026-08-26 15:34:07,047 | INFO  | [589/5212] sh.600778 友好集团 取到2425条 | 已用1035s ETA 8126s
2026-08-26 15:34:07,047 | INFO  | [590/5212] sh.600779 水井坊 取到2425条 | 已用1035s ETA 8110s
2026-08-26 15:34:07,047 | INFO  | [591/5212] sh.600780 通宝能源 取到2425条 | 已用1035s ETA 8095s
2026-08-26 15:34:07,047 | INFO  | [592/5212] sh.600782 新钢股份 取到2425条 | 已用1035s ETA 8079s
2026-08-26 15:34:38,660 | INFO  | [593/5212] sh.600783 鲁信创投 取到2425条 | 已用1067s ETA 8310s
2026-08-26 15:34:38,660 | INFO  | [594/5212] sh.600784 鲁银投资 取到2425条 | 已用1067s ETA 8294s
2026-08-26 15:34:38,660 | INFO  | [595/5212] sh.600785 新华百货 取到2425条 | 已用1067s ETA 8279s
2026-08-26 15:34:38,660 | INFO  | [596/5212] sh.600787 中储股份 取到2425条 | 已用1067s ETA 8263s
2026-08-26 15:34:38,660 | INFO  | [597/5212] sh.600789 鲁抗医药 取到2425条 | 已用1067s ETA 8247s
2026-08-26 15:34:38,660 | INFO  | [598/5212] sh.600790 轻纺城 取到2425条 | 已用1067s ETA 8232s
2026-08-26 15:34:38,660 | INFO  | [599/5212] sh.600791 京能置业 取到2425条 | 已用1067s ETA 8216s
2026-08-26 15:34:38,660 | INFO  | [600/5212] sh.600792 云煤能源 取到2425条 | 已用1067s ETA 8201s
2026-08-26 15:35:36,022 | INFO  | [601/5212] sh.600802 福建水泥 取到2425条 | 已用1124s ETA 8625s
2026-08-26 15:35:36,022 | INFO  | [602/5212] sh.600803 新奥股份 取到2425条 | 已用1124s ETA 8609s
2026-08-26 15:35:36,022 | INFO  | [603/5212] sh.600805 悦达投资 取到2425条 | 已用1124s ETA 8593s
2026-08-26 15:35:36,022 | INFO  | [604/5212] sh.600807 济高发展 取到2425条 | 已用1124s ETA 8577s
2026-08-26 15:35:36,022 | INFO  | [605/5212] sh.600808 马钢股份 取到2425条 | 已用1124s ETA 8561s
2026-08-26 15:35:36,022 | INFO  | [606/5212] sh.600809 山西汾酒 取到2425条 | 已用1124s ETA 8545s
2026-08-26 15:35:36,022 | INFO  | [607/5212] sh.600810 神马股份 取到2425条 | 已用1124s ETA 8529s
2026-08-26 15:35:36,022 | INFO  | [608/5212] sh.600812 华北制药 取到2425条 | 已用1124s ETA 8513s
2026-08-26 15:36:20,981 | INFO  | [609/5212] sh.600793 宜宾纸业 取到2425条 | 已用1169s ETA 8837s
2026-08-26 15:36:20,981 | INFO  | [610/5212] sh.600794 保税科技 取到2425条 | 已用1169s ETA 8821s
2026-08-26 15:36:20,981 | INFO  | [611/5212] sh.600795 国电电力 取到2425条 | 已用1169s ETA 8804s
2026-08-26 15:36:20,981 | INFO  | [612/5212] sh.600796 钱江生化 取到2425条 | 已用1169s ETA 8788s
2026-08-26 15:36:20,981 | INFO  | [613/5212] sh.600797 浙大网新 取到2425条 | 已用1169s ETA 8772s
2026-08-26 15:36:20,981 | INFO  | [614/5212] sh.600798 宁波海运 取到2425条 | 已用1169s ETA 8756s
2026-08-26 15:36:20,981 | INFO  | [615/5212] sh.600800 渤海化学 取到2425条 | 已用1169s ETA 8740s
2026-08-26 15:36:20,981 | INFO  | [616/5212] sh.600801 华新建材 取到2425条 | 已用1169s ETA 8723s
2026-08-26 15:36:42,848 | INFO  | [617/5212] sh.600814 杭州解百 取到2425条 | 已用1191s ETA 8870s
2026-08-26 15:36:42,848 | INFO  | [618/5212] sh.600815 厦工股份 取到2425条 | 已用1191s ETA 8854s
2026-08-26 15:36:42,848 | INFO  | [619/5212] sh.600816 建元信托 取到2425条 | 已用1191s ETA 8838s
2026-08-26 15:36:42,848 | INFO  | [620/5212] sh.600817 宇通重工 取到2425条 | 已用1191s ETA 8822s
2026-08-26 15:36:42,848 | INFO  | [621/5212] sh.600818 ST中路 取到2425条 | 已用1191s ETA 8805s
2026-08-26 15:36:42,848 | INFO  | [622/5212] sh.600819 耀皮玻璃 取到2425条 | 已用1191s ETA 8789s
2026-08-26 15:36:42,848 | INFO  | [623/5212] sh.600820 隧道股份 取到2425条 | 已用1191s ETA 8773s
2026-08-26 15:36:42,848 | INFO  | [624/5212] sh.600821 金开新能 取到2425条 | 已用1191s ETA 8757s
2026-08-26 15:38:01,245 | INFO  | [625/5212] sh.600831 广电网络 取到2425条 | 已用1269s ETA 9317s
2026-08-26 15:38:01,245 | INFO  | [626/5212] sh.600833 第一医药 取到2425条 | 已用1269s ETA 9300s
2026-08-26 15:38:01,245 | INFO  | [627/5212] sh.600834 申通地铁 取到2425条 | 已用1269s ETA 9283s
2026-08-26 15:38:01,245 | INFO  | [628/5212] sh.600835 上海机电 取到2425条 | 已用1269s ETA 9266s
2026-08-26 15:38:01,245 | INFO  | [629/5212] sh.600838 上海九百 取到2425条 | 已用1269s ETA 9250s
2026-08-26 15:38:01,245 | INFO  | [630/5212] sh.600839 四川长虹 取到2425条 | 已用1269s ETA 9233s
2026-08-26 15:38:01,245 | INFO  | [631/5212] sh.600841 动力新科 取到2425条 | 已用1269s ETA 9216s
2026-08-26 15:38:01,245 | INFO  | [632/5212] sh.600843 上工申贝 取到2425条 | 已用1269s ETA 9200s
2026-08-26 15:38:28,794 | WARNING | sh.600829 第1次请求失败: error_code=10002007 msg=网络接收错误。
2026-08-26 15:38:40,056 | INFO  | [633/5212] sh.600822 上海物贸 取到2425条 | 已用1308s ETA 9464s
2026-08-26 15:38:40,056 | INFO  | [634/5212] sh.600824 益民集团 取到2425条 | 已用1308s ETA 9447s
2026-08-26 15:38:40,056 | INFO  | [635/5212] sh.600825 新华传媒 取到2425条 | 已用1308s ETA 9430s
2026-08-26 15:38:40,056 | INFO  | [636/5212] sh.600826 兰生股份 取到2425条 | 已用1308s ETA 9413s
2026-08-26 15:38:40,056 | INFO  | [637/5212] sh.600827 百联股份 取到2425条 | 已用1308s ETA 9396s
2026-08-26 15:38:40,056 | INFO  | [638/5212] sh.600828 茂业商业 取到2000条 | 已用1308s ETA 9379s
2026-08-26 15:38:40,056 | INFO  | [639/5212] sh.600829 人民同泰 取到2425条 | 已用1308s ETA 9363s
2026-08-26 15:38:40,056 | INFO  | [640/5212] sh.600830 香溢融通 取到2425条 | 已用1308s ETA 9346s
2026-08-26 15:39:38,981 | INFO  | [641/5212] sh.600844 金煤科技 取到2425条 | 已用1367s ETA 9750s
2026-08-26 15:39:38,982 | INFO  | [642/5212] sh.600845 宝信软件 取到2425条 | 已用1367s ETA 9732s
2026-08-26 15:39:38,982 | INFO  | [643/5212] sh.600846 同济科技 取到2425条 | 已用1367s ETA 9715s
2026-08-26 15:39:38,982 | INFO  | [644/5212] sh.600847 万里股份 取到2425条 | 已用1367s ETA 9698s
2026-08-26 15:39:38,982 | INFO  | [645/5212] sh.600848 上海临港 取到2425条 | 已用1367s ETA 9681s
2026-08-26 15:39:38,982 | INFO  | [646/5212] sh.600850 电科数字 取到2425条 | 已用1367s ETA 9664s
2026-08-26 15:39:38,982 | INFO  | [647/5212] sh.600851 海欣股份 取到2425条 | 已用1367s ETA 9646s
2026-08-26 15:39:38,982 | INFO  | [648/5212] sh.600853 龙建股份 取到2425条 | 已用1367s ETA 9629s
2026-08-26 15:40:54,534 | INFO  | [649/5212] sh.600863 华能蒙电 取到2425条 | 已用1443s ETA 10144s
2026-08-26 15:40:54,535 | INFO  | [650/5212] sh.600864 哈投股份 取到2425条 | 已用1443s ETA 10126s
2026-08-26 15:40:54,535 | INFO  | [651/5212] sh.600865 百大集团 取到2425条 | 已用1443s ETA 10108s
2026-08-26 15:40:54,535 | INFO  | [652/5212] sh.600866 星湖科技 取到2425条 | 已用1443s ETA 10090s
2026-08-26 15:40:54,535 | INFO  | [653/5212] sh.600867 通化东宝 取到2425条 | 已用1443s ETA 10073s
2026-08-26 15:40:54,535 | INFO  | [654/5212] sh.600868 梅雁吉祥 取到2425条 | 已用1443s ETA 10055s
2026-08-26 15:40:54,535 | INFO  | [655/5212] sh.600869 远东股份 取到2425条 | 已用1443s ETA 10038s
2026-08-26 15:40:54,535 | INFO  | [656/5212] sh.600871 石化油服 取到2425条 | 已用1443s ETA 10020s
2026-08-26 15:41:17,874 | INFO  | [657/5212] sh.600854 春兰股份 取到2425条 | 已用1466s ETA 10164s
2026-08-26 15:41:17,875 | INFO  | [658/5212] sh.600855 航天长峰 取到2425条 | 已用1466s ETA 10147s
2026-08-26 15:41:17,875 | INFO  | [659/5212] sh.600857 宁波中百 取到2425条 | 已用1466s ETA 10129s
2026-08-26 15:41:17,875 | INFO  | [660/5212] sh.600858 银座股份 取到2425条 | 已用1466s ETA 10112s
2026-08-26 15:41:17,875 | INFO  | [661/5212] sh.600859 王府井 取到2425条 | 已用1466s ETA 10094s
2026-08-26 15:41:17,875 | INFO  | [662/5212] sh.600860 京城股份 取到2425条 | 已用1466s ETA 10077s
2026-08-26 15:41:17,875 | INFO  | [663/5212] sh.600861 北京人力 取到2425条 | 已用1466s ETA 10059s
2026-08-26 15:41:17,875 | INFO  | [664/5212] sh.600862 中航高科 取到2425条 | 已用1466s ETA 10042s
2026-08-26 15:42:16,020 | INFO  | [665/5212] sh.600872 中炬高新 取到2425条 | 已用1524s ETA 10422s
2026-08-26 15:42:16,020 | INFO  | [666/5212] sh.600873 梅花生物 取到2425条 | 已用1524s ETA 10404s
2026-08-26 15:42:16,020 | INFO  | [667/5212] sh.600874 创业环保 取到2425条 | 已用1524s ETA 10386s
2026-08-26 15:42:16,020 | INFO  | [668/5212] sh.600875 东方电气 取到2425条 | 已用1524s ETA 10368s
2026-08-26 15:42:16,020 | INFO  | [669/5212] sh.600876 凯盛新能 取到2425条 | 已用1524s ETA 10351s
2026-08-26 15:42:16,020 | INFO  | [670/5212] sh.600877 电科芯片 取到2425条 | 已用1524s ETA 10333s
2026-08-26 15:42:16,020 | INFO  | [671/5212] sh.600879 航天电子 取到2425条 | 已用1524s ETA 10315s
2026-08-26 15:42:16,020 | INFO  | [672/5212] sh.600880 博瑞传播 取到2425条 | 已用1524s ETA 10298s
2026-08-26 15:42:50,821 | INFO  | [673/5212] sh.600881 亚泰集团 取到2425条 | 已用1559s ETA 10515s
2026-08-26 15:42:50,821 | INFO  | [674/5212] sh.600882 妙可蓝多 取到2425条 | 已用1559s ETA 10497s
2026-08-26 15:42:50,821 | INFO  | [675/5212] sh.600883 博闻科技 取到2425条 | 已用1559s ETA 10479s
2026-08-26 15:42:50,821 | INFO  | [676/5212] sh.600884 杉杉股份 取到2425条 | 已用1559s ETA 10461s
2026-08-26 15:42:50,821 | INFO  | [677/5212] sh.600885 宏发股份 取到2425条 | 已用1559s ETA 10443s
2026-08-26 15:42:50,821 | INFO  | [678/5212] sh.600886 国投电力 取到2425条 | 已用1559s ETA 10426s
2026-08-26 15:42:50,821 | INFO  | [679/5212] sh.600887 伊利股份 取到2425条 | 已用1559s ETA 10408s
2026-08-26 15:42:50,821 | INFO  | [680/5212] sh.600888 新疆众和 取到2425条 | 已用1559s ETA 10391s
2026-08-26 15:43:19,850 | INFO  | [681/5212] sh.600889 *ST京化 取到2425条 | 已用1588s ETA 10566s
2026-08-26 15:43:19,850 | INFO  | [682/5212] sh.600892 大晟文化 取到2425条 | 已用1588s ETA 10548s
2026-08-26 15:43:19,850 | INFO  | [683/5212] sh.600893 航发动力 取到2425条 | 已用1588s ETA 10531s
2026-08-26 15:43:19,850 | INFO  | [684/5212] sh.600894 广日股份 取到2425条 | 已用1588s ETA 10513s
2026-08-26 15:43:19,850 | INFO  | [685/5212] sh.600895 张江高科 取到2425条 | 已用1588s ETA 10495s
2026-08-26 15:43:19,850 | INFO  | [686/5212] sh.600897 厦门空港 取到2425条 | 已用1588s ETA 10478s
2026-08-26 15:43:19,850 | INFO  | [687/5212] sh.600900 长江电力 取到2425条 | 已用1588s ETA 10460s
2026-08-26 15:43:19,850 | INFO  | [688/5212] sh.600901 江苏金租 取到2061条 | 已用1588s ETA 10442s
2026-08-26 15:43:54,248 | INFO  | [689/5212] sh.600903 贵州燃气 取到2137条 | 已用1622s ETA 10651s
2026-08-26 15:43:54,248 | INFO  | [690/5212] sh.600905 三峡能源 取到1264条 | 已用1622s ETA 10633s
2026-08-26 15:43:54,248 | INFO  | [691/5212] sh.600906 财达证券 取到1288条 | 已用1622s ETA 10615s
2026-08-26 15:43:54,248 | INFO  | [692/5212] sh.600908 无锡银行 取到2408条 | 已用1622s ETA 10598s
2026-08-26 15:43:54,248 | INFO  | [693/5212] sh.600909 华安证券 取到2361条 | 已用1622s ETA 10580s
2026-08-26 15:43:54,248 | INFO  | [694/5212] sh.600916 中国黄金 取到1344条 | 已用1622s ETA 10562s
2026-08-26 15:43:54,248 | INFO  | [695/5212] sh.600917 重庆燃气 取到2425条 | 已用1622s ETA 10545s
2026-08-26 15:43:54,248 | INFO  | [696/5212] sh.600918 中泰证券 取到1512条 | 已用1622s ETA 10527s
2026-08-26 15:44:04,011 | INFO  | [697/5212] sh.600919 江苏银行 取到2425条 | 已用1632s ETA 10573s
2026-08-26 15:44:04,011 | INFO  | [698/5212] sh.600925 苏能股份 取到827条 | 已用1632s ETA 10556s
2026-08-26 15:44:04,011 | INFO  | [699/5212] sh.600926 杭州银行 取到2389条 | 已用1632s ETA 10538s
2026-08-26 15:44:04,011 | INFO  | [700/5212] sh.600927 永安期货 取到1132条 | 已用1632s ETA 10521s
2026-08-26 15:44:04,011 | INFO  | [701/5212] sh.600928 西安银行 取到1818条 | 已用1632s ETA 10504s
2026-08-26 15:44:04,011 | INFO  | [702/5212] sh.600929 雪天盐业 取到2044条 | 已用1632s ETA 10486s
2026-08-26 15:44:04,011 | INFO  | [703/5212] sh.600930 华电新能 取到271条 | 已用1632s ETA 10469s
2026-08-26 15:44:04,011 | INFO  | [704/5212] sh.600933 爱柯迪 取到2129条 | 已用1632s ETA 10452s
2026-08-26 15:45:18,370 | INFO  | [705/5212] sh.600959 江苏有线 取到2425条 | 已用1707s ETA 10910s
2026-08-26 15:45:18,370 | INFO  | [706/5212] sh.600960 渤海汽车 取到2425条 | 已用1707s ETA 10892s
2026-08-26 15:45:18,370 | INFO  | [707/5212] sh.600961 株冶集团 取到2425条 | 已用1707s ETA 10874s
2026-08-26 15:45:18,370 | INFO  | [708/5212] sh.600962 国投中鲁 取到2425条 | 已用1707s ETA 10857s
2026-08-26 15:45:18,370 | INFO  | [709/5212] sh.600963 岳阳林纸 取到2425条 | 已用1707s ETA 10839s
2026-08-26 15:45:18,370 | INFO  | [710/5212] sh.600965 *ST福成 取到2425条 | 已用1707s ETA 10821s
2026-08-26 15:45:18,370 | INFO  | [711/5212] sh.600966 博汇纸业 取到2425条 | 已用1707s ETA 10804s
2026-08-26 15:45:18,370 | INFO  | [712/5212] sh.600967 内蒙一机 取到2425条 | 已用1707s ETA 10786s
2026-08-26 15:45:33,545 | INFO  | [713/5212] sh.600935 华塑股份 取到1151条 | 已用1722s ETA 10864s
2026-08-26 15:45:33,546 | INFO  | [714/5212] sh.600936 北投科技 取到2425条 | 已用1722s ETA 10847s
2026-08-26 15:45:33,546 | INFO  | [715/5212] sh.600938 中国海油 取到1055条 | 已用1722s ETA 10829s
2026-08-26 15:45:33,546 | INFO  | [716/5212] sh.600939 重庆建工 取到2312条 | 已用1722s ETA 10812s
2026-08-26 15:45:33,546 | INFO  | [717/5212] sh.600941 中国移动 取到1124条 | 已用1722s ETA 10794s
2026-08-26 15:45:33,546 | INFO  | [718/5212] sh.600955 维远股份 取到1196条 | 已用1722s ETA 10777s
2026-08-26 15:45:33,546 | INFO  | [719/5212] sh.600956 新天绿能 取到1496条 | 已用1722s ETA 10759s
2026-08-26 15:45:33,546 | INFO  | [720/5212] sh.600958 东方证券 取到2425条 | 已用1722s ETA 10742s
2026-08-26 15:46:41,195 | INFO  | [721/5212] sh.600968 海油发展 取到1740条 | 已用1789s ETA 11146s
2026-08-26 15:46:41,195 | INFO  | [722/5212] sh.600969 郴电国际 取到2425条 | 已用1789s ETA 11128s
2026-08-26 15:46:41,195 | INFO  | [723/5212] sh.600970 中材国际 取到2425条 | 已用1789s ETA 11110s
2026-08-26 15:46:41,195 | INFO  | [724/5212] sh.600971 恒源煤电 取到2425条 | 已用1789s ETA 11092s
2026-08-26 15:46:41,195 | INFO  | [725/5212] sh.600973 宝胜股份 取到2425条 | 已用1789s ETA 11075s
2026-08-26 15:46:41,195 | INFO  | [726/5212] sh.600975 新五丰 取到2425条 | 已用1789s ETA 11057s
2026-08-26 15:46:41,195 | INFO  | [727/5212] sh.600976 健民集团 取到2425条 | 已用1789s ETA 11039s
2026-08-26 15:46:41,195 | INFO  | [728/5212] sh.600977 中国电影 取到2425条 | 已用1789s ETA 11022s
2026-08-26 15:47:02,260 | WARNING | sh.600982 第1次请求失败: error_code=10002007 msg=网络接收错误。
2026-08-26 15:47:49,977 | INFO  | [729/5212] sh.600979 广安爱众 取到2425条 | 已用1858s ETA 11427s
2026-08-26 15:47:49,977 | INFO  | [730/5212] sh.600980 北矿科技 取到2425条 | 已用1858s ETA 11409s
2026-08-26 15:47:49,977 | INFO  | [731/5212] sh.600981 苏豪汇鸿 取到2000条 | 已用1858s ETA 11391s
2026-08-26 15:47:49,977 | INFO  | [732/5212] sh.600982 宁波能源 取到2425条 | 已用1858s ETA 11373s
2026-08-26 15:47:49,977 | INFO  | [733/5212] sh.600983 惠而浦 取到2425条 | 已用1858s ETA 11354s
2026-08-26 15:47:49,977 | INFO  | [734/5212] sh.600984 建设机械 取到2425条 | 已用1858s ETA 11336s
2026-08-26 15:47:49,977 | INFO  | [735/5212] sh.600985 淮北矿业 取到2425条 | 已用1858s ETA 11319s
2026-08-26 15:47:49,977 | INFO  | [736/5212] sh.600986 浙文互联 取到2425条 | 已用1858s ETA 11301s
2026-08-26 15:48:12,047 | WARNING | sh.600996 第1次请求失败: error_code=10002007 msg=网络接收错误。
2026-08-26 15:48:18,403 | WARNING | sh.600999 第1次请求失败: error_code=10001001 msg=用户未登录
2026-08-26 15:49:14,056 | INFO  | [737/5212] sh.600997 开滦股份 取到2425条 | 已用1942s ETA 11793s
2026-08-26 15:49:14,056 | INFO  | [738/5212] sh.600998 九州通 取到2000条 | 已用1942s ETA 11775s
2026-08-26 15:49:14,056 | INFO  | [739/5212] sh.600999 招商证券 取到2425条 | 已用1942s ETA 11756s
2026-08-26 15:49:14,056 | INFO  | [740/5212] sh.601000 唐山港 取到2425条 | 已用1942s ETA 11738s
2026-08-26 15:49:14,056 | INFO  | [741/5212] sh.601001 晋控煤业 取到2425条 | 已用1942s ETA 11719s
2026-08-26 15:49:14,056 | INFO  | [742/5212] sh.601002 晋亿实业 取到2425条 | 已用1942s ETA 11701s
2026-08-26 15:49:14,056 | INFO  | [743/5212] sh.601003 柳钢股份 取到2425条 | 已用1942s ETA 11682s
2026-08-26 15:49:14,056 | INFO  | [744/5212] sh.601005 重庆钢铁 取到2425条 | 已用1942s ETA 11664s
2026-08-26 15:49:19,005 | INFO  | [745/5212] sh.600987 航民股份 取到2425条 | 已用1947s ETA 11675s
2026-08-26 15:49:19,005 | INFO  | [746/5212] sh.600988 赤峰黄金 取到2425条 | 已用1947s ETA 11657s
2026-08-26 15:49:19,005 | INFO  | [747/5212] sh.600989 宝丰能源 取到1768条 | 已用1947s ETA 11639s
2026-08-26 15:49:19,005 | INFO  | [748/5212] sh.600990 四创电子 取到2425条 | 已用1947s ETA 11621s
2026-08-26 15:49:19,005 | INFO  | [749/5212] sh.600992 贵绳股份 取到2425条 | 已用1947s ETA 11603s
2026-08-26 15:49:19,005 | INFO  | [750/5212] sh.600993 马应龙 取到2425条 | 已用1947s ETA 11585s
2026-08-26 15:49:19,005 | INFO  | [751/5212] sh.600995 南网储能 取到2425条 | 已用1947s ETA 11567s
2026-08-26 15:49:19,005 | INFO  | [752/5212] sh.600996 贵广网络 取到2347条 | 已用1947s ETA 11549s
2026-08-26 15:50:31,136 | INFO  | [753/5212] sh.601006 大秦铁路 取到2425条 | 已用2019s ETA 11958s
2026-08-26 15:50:31,138 | INFO  | [754/5212] sh.601007 金陵饭店 取到2425条 | 已用2019s ETA 11939s
2026-08-26 15:50:31,138 | INFO  | [755/5212] sh.601008 连云港 取到2425条 | 已用2019s ETA 11921s
2026-08-26 15:50:31,138 | INFO  | [756/5212] sh.601009 南京银行 取到2425条 | 已用2019s ETA 11902s
2026-08-26 15:50:31,138 | INFO  | [757/5212] sh.601010 ST文峰 取到2425条 | 已用2019s ETA 11884s
2026-08-26 15:50:31,138 | INFO  | [758/5212] sh.601011 宝泰隆 取到2425条 | 已用2019s ETA 11866s
2026-08-26 15:50:31,138 | INFO  | [759/5212] sh.601012 隆基绿能 取到2425条 | 已用2019s ETA 11847s
2026-08-26 15:50:31,138 | INFO  | [760/5212] sh.601015 陕西黑猫 取到2425条 | 已用2019s ETA 11829s
2026-08-26 15:50:32,053 | INFO  | [761/5212] sh.601016 节能风电 取到2425条 | 已用2020s ETA 11816s
2026-08-26 15:50:32,053 | INFO  | [762/5212] sh.601018 宁波港 取到2425条 | 已用2020s ETA 11798s
2026-08-26 15:50:32,053 | INFO  | [763/5212] sh.601019 山东出版 取到2126条 | 已用2020s ETA 11780s
2026-08-26 15:50:32,053 | INFO  | [764/5212] sh.601020 华钰矿业 取到2425条 | 已用2020s ETA 11762s
2026-08-26 15:50:32,053 | INFO  | [765/5212] sh.601021 春秋航空 取到2425条 | 已用2020s ETA 11744s
2026-08-26 15:50:32,053 | INFO  | [766/5212] sh.601022 宁波远洋 取到900条 | 已用2020s ETA 11726s
2026-08-26 15:50:32,053 | INFO  | [767/5212] sh.601026 道生天合 取到210条 | 已用2020s ETA 11708s
2026-08-26 15:50:32,053 | INFO  | [768/5212] sh.601033 永兴股份 取到629条 | 已用2020s ETA 11690s
2026-08-26 15:51:22,404 | INFO  | [769/5212] sh.601077 渝农商行 取到1657条 | 已用2071s ETA 11963s
2026-08-26 15:51:22,404 | INFO  | [770/5212] sh.601083 锦江航运 取到660条 | 已用2071s ETA 11945s
2026-08-26 15:51:22,404 | INFO  | [771/5212] sh.601086 国芳集团 取到2159条 | 已用2071s ETA 11927s
2026-08-26 15:51:22,404 | INFO  | [772/5212] sh.601088 中国神华 取到2425条 | 已用2071s ETA 11909s
2026-08-26 15:51:22,404 | INFO  | [773/5212] sh.601089 福元医药 取到1009条 | 已用2071s ETA 11891s
2026-08-26 15:51:22,404 | INFO  | [774/5212] sh.601096 宏盛华源 取到647条 | 已用2071s ETA 11873s
2026-08-26 15:51:22,404 | INFO  | [775/5212] sh.601098 中南传媒 取到2425条 | 已用2071s ETA 11855s
2026-08-26 15:51:22,404 | INFO  | [776/5212] sh.601099 太平洋 取到2425条 | 已用2071s ETA 11837s
2026-08-26 15:51:46,712 | INFO  | [777/5212] sh.601038 一拖股份 取到2425条 | 已用2095s ETA 11958s
2026-08-26 15:51:46,712 | INFO  | [778/5212] sh.601058 赛轮轮胎 取到2425条 | 已用2095s ETA 11939s
2026-08-26 15:51:46,712 | INFO  | [779/5212] sh.601059 信达证券 取到867条 | 已用2095s ETA 11921s
2026-08-26 15:51:46,712 | INFO  | [780/5212] sh.601061 中信金属 取到820条 | 已用2095s ETA 11903s
2026-08-26 15:51:46,712 | INFO  | [781/5212] sh.601065 江盐集团 取到820条 | 已用2095s ETA 11886s
2026-08-26 15:51:46,712 | INFO  | [782/5212] sh.601066 中信建投 取到1987条 | 已用2095s ETA 11868s
2026-08-26 15:51:46,712 | INFO  | [783/5212] sh.601068 中铝国际 取到1935条 | 已用2095s ETA 11850s
2026-08-26 15:51:46,712 | INFO  | [784/5212] sh.601069 西部黄金 取到2425条 | 已用2095s ETA 11832s
2026-08-26 15:52:44,278 | INFO  | [785/5212] sh.601100 恒立液压 取到2425条 | 已用2152s ETA 12139s
2026-08-26 15:52:44,278 | INFO  | [786/5212] sh.601101 昊华能源 取到2425条 | 已用2152s ETA 12121s
2026-08-26 15:52:44,278 | INFO  | [787/5212] sh.601106 中国一重 取到2425条 | 已用2152s ETA 12103s
2026-08-26 15:52:44,278 | INFO  | [788/5212] sh.601107 四川成渝 取到2425条 | 已用2152s ETA 12085s
2026-08-26 15:52:44,278 | INFO  | [789/5212] sh.601108 财通证券 取到2147条 | 已用2152s ETA 12067s
2026-08-26 15:52:44,278 | INFO  | [790/5212] sh.601111 中国国航 取到2425条 | 已用2152s ETA 12049s
2026-08-26 15:52:44,278 | INFO  | [791/5212] sh.601112 振石股份 取到138条 | 已用2152s ETA 12031s
2026-08-26 15:52:44,278 | INFO  | [792/5212] sh.601113 华鼎股份 取到2425条 | 已用2152s ETA 12013s
2026-08-26 15:53:10,377 | INFO  | [793/5212] sh.601116 三江购物 取到2425条 | 已用2179s ETA 12140s
2026-08-26 15:53:10,377 | INFO  | [794/5212] sh.601117 中国化学 取到2425条 | 已用2179s ETA 12122s
2026-08-26 15:53:10,377 | INFO  | [795/5212] sh.601118 海南橡胶 取到2425条 | 已用2179s ETA 12104s
2026-08-26 15:53:10,377 | INFO  | [796/5212] sh.601121 宝地矿业 取到840条 | 已用2179s ETA 12086s
2026-08-26 15:53:10,377 | INFO  | [797/5212] sh.601126 四方股份 取到2425条 | 已用2179s ETA 12068s
2026-08-26 15:53:10,377 | INFO  | [798/5212] sh.601127 赛力斯 取到2425条 | 已用2179s ETA 12051s
2026-08-26 15:53:10,377 | INFO  | [799/5212] sh.601128 常熟银行 取到2403条 | 已用2179s ETA 12033s
2026-08-26 15:53:10,377 | INFO  | [800/5212] sh.601133 柏诚股份 取到820条 | 已用2179s ETA 12015s
2026-08-26 15:54:27,331 | INFO  | [801/5212] sh.601163 三角轮胎 取到2416条 | 已用2256s ETA 12421s
2026-08-26 15:54:27,331 | INFO  | [802/5212] sh.601166 兴业银行 取到2425条 | 已用2256s ETA 12403s
2026-08-26 15:54:27,331 | INFO  | [803/5212] sh.601168 西部矿业 取到2425条 | 已用2256s ETA 12384s
2026-08-26 15:54:27,331 | INFO  | [804/5212] sh.601169 北京银行 取到2425条 | 已用2256s ETA 12366s
2026-08-26 15:54:27,331 | INFO  | [805/5212] sh.601177 杭齿前进 取到2425条 | 已用2256s ETA 12348s
2026-08-26 15:54:27,331 | INFO  | [806/5212] sh.601179 中国西电 取到2425条 | 已用2256s ETA 12330s
2026-08-26 15:54:27,331 | INFO  | [807/5212] sh.601186 中国铁建 取到2425条 | 已用2256s ETA 12312s
2026-08-26 15:54:27,331 | INFO  | [808/5212] sh.601187 厦门银行 取到1416条 | 已用2256s ETA 12294s
2026-08-26 15:54:41,947 | INFO  | [809/5212] sh.601136 首创证券 取到890条 | 已用2270s ETA 12355s
2026-08-26 15:54:41,947 | INFO  | [810/5212] sh.601137 博威合金 取到2425条 | 已用2270s ETA 12337s
2026-08-26 15:54:41,947 | INFO  | [811/5212] sh.601138 工业富联 取到1994条 | 已用2270s ETA 12319s
2026-08-26 15:54:41,947 | INFO  | [812/5212] sh.601139 深圳燃气 取到2425条 | 已用2270s ETA 12301s
2026-08-26 15:54:41,947 | INFO  | [813/5212] sh.601155 新城控股 取到2425条 | 已用2270s ETA 12283s
2026-08-26 15:54:41,947 | INFO  | [814/5212] sh.601156 东航物流 取到1265条 | 已用2270s ETA 12266s
2026-08-26 15:54:41,947 | INFO  | [815/5212] sh.601158 重庆水务 取到2425条 | 已用2270s ETA 12248s
2026-08-26 15:54:41,947 | INFO  | [816/5212] sh.601162 天风证券 取到1906条 | 已用2270s ETA 12230s
2026-08-26 15:55:47,523 | INFO  | [817/5212] sh.601188 龙江交通 取到2425条 | 已用2336s ETA 12565s
2026-08-26 15:55:47,524 | INFO  | [818/5212] sh.601198 东兴证券 取到2425条 | 已用2336s ETA 12547s
2026-08-26 15:55:47,524 | INFO  | [819/5212] sh.601199 江南水务 取到2425条 | 已用2336s ETA 12529s
2026-08-26 15:55:47,524 | INFO  | [820/5212] sh.601200 上海环境 取到2284条 | 已用2336s ETA 12510s
2026-08-26 15:55:47,524 | INFO  | [821/5212] sh.601208 东材科技 取到2425条 | 已用2336s ETA 12492s
2026-08-26 15:55:47,524 | INFO  | [822/5212] sh.601211 国泰海通 取到2425条 | 已用2336s ETA 12474s
2026-08-26 15:55:47,524 | INFO  | [823/5212] sh.601212 白银有色 取到2316条 | 已用2336s ETA 12456s
2026-08-26 15:55:47,524 | INFO  | [824/5212] sh.601216 君正集团 取到2425条 | 已用2336s ETA 12438s
2026-08-26 15:56:14,309 | INFO  | [825/5212] sh.601218 吉鑫科技 取到2425条 | 已用2363s ETA 12563s
2026-08-26 15:56:14,309 | INFO  | [826/5212] sh.601222 林洋能源 取到2425条 | 已用2363s ETA 12545s
2026-08-26 15:56:14,309 | INFO  | [827/5212] sh.601225 陕西煤业 取到2425条 | 已用2363s ETA 12527s
2026-08-26 15:56:14,309 | INFO  | [828/5212] sh.601226 华电科工 取到2425条 | 已用2363s ETA 12509s
2026-08-26 15:56:14,309 | INFO  | [829/5212] sh.601228 广州港 取到2286条 | 已用2363s ETA 12491s
2026-08-26 15:56:14,309 | INFO  | [830/5212] sh.601229 上海银行 取到2375条 | 已用2363s ETA 12473s
2026-08-26 15:56:14,309 | INFO  | [831/5212] sh.601231 环旭电子 取到2425条 | 已用2363s ETA 12455s
2026-08-26 15:56:14,309 | INFO  | [832/5212] sh.601233 桐昆股份 取到2425条 | 已用2363s ETA 12437s
2026-08-26 15:56:38,009 | INFO  | [833/5212] sh.601236 红塔证券 取到1733条 | 已用2386s ETA 12544s
2026-08-26 15:56:38,009 | INFO  | [834/5212] sh.601238 广汽集团 取到2425条 | 已用2386s ETA 12526s
2026-08-26 15:56:38,009 | INFO  | [835/5212] sh.601279 英利汽车 取到1301条 | 已用2386s ETA 12508s
2026-08-26 15:56:38,009 | INFO  | [836/5212] sh.601288 农业银行 取到2425条 | 已用2386s ETA 12491s
2026-08-26 15:56:38,009 | INFO  | [837/5212] sh.601298 青岛港 取到1842条 | 已用2386s ETA 12473s
2026-08-26 15:56:38,009 | INFO  | [838/5212] sh.601311 骆驼股份 取到2425条 | 已用2386s ETA 12455s
2026-08-26 15:56:38,009 | INFO  | [839/5212] sh.601318 中国平安 取到2425条 | 已用2386s ETA 12437s
2026-08-26 15:56:38,009 | INFO  | [840/5212] sh.601319 中国人保 取到1886条 | 已用2386s ETA 12420s
2026-08-26 15:57:30,357 | INFO  | [841/5212] sh.601368 绿城水务 取到2425条 | 已用2439s ETA 12674s
2026-08-26 15:57:30,357 | INFO  | [842/5212] sh.601369 陕鼓动力 取到2425条 | 已用2439s ETA 12656s
2026-08-26 15:57:30,357 | INFO  | [843/5212] sh.601375 中原证券 取到2342条 | 已用2439s ETA 12638s
2026-08-26 15:57:30,357 | INFO  | [844/5212] sh.601377 兴业证券 取到2425条 | 已用2439s ETA 12620s
2026-08-26 15:57:30,357 | INFO  | [845/5212] sh.601388 怡球资源 取到2425条 | 已用2439s ETA 12603s
2026-08-26 15:57:30,357 | INFO  | [846/5212] sh.601390 中国中铁 取到2425条 | 已用2439s ETA 12585s
2026-08-26 15:57:30,357 | INFO  | [847/5212] sh.601398 工商银行 取到2425条 | 已用2439s ETA 12567s
2026-08-26 15:57:30,357 | INFO  | [848/5212] sh.601399 国机重装 取到1509条 | 已用2439s ETA 12549s
2026-08-26 15:57:31,005 | INFO  | [849/5212] sh.601326 秦港股份 取到2191条 | 已用2439s ETA 12535s
2026-08-26 15:57:31,005 | INFO  | [850/5212] sh.601328 交通银行 取到2425条 | 已用2439s ETA 12518s
2026-08-26 15:57:31,005 | INFO  | [851/5212] sh.601330 绿色动力 取到1993条 | 已用2439s ETA 12500s
2026-08-26 15:57:31,005 | INFO  | [852/5212] sh.601333 广深铁路 取到2425条 | 已用2439s ETA 12482s
2026-08-26 15:57:31,005 | INFO  | [853/5212] sh.601336 新华保险 取到2425条 | 已用2439s ETA 12465s
2026-08-26 15:57:31,005 | INFO  | [854/5212] sh.601339 百隆东方 取到2425条 | 已用2439s ETA 12447s
2026-08-26 15:57:31,005 | INFO  | [855/5212] sh.601360 三六零 取到2425条 | 已用2439s ETA 12430s
2026-08-26 15:57:31,005 | INFO  | [856/5212] sh.601366 利群股份 取到2278条 | 已用2439s ETA 12413s
2026-08-26 15:58:14,868 | INFO  | [857/5212] sh.601456 国联民生 取到1472条 | 已用2483s ETA 12618s
2026-08-26 15:58:14,868 | INFO  | [858/5212] sh.601500 通用股份 取到2412条 | 已用2483s ETA 12601s
2026-08-26 15:58:14,868 | INFO  | [859/5212] sh.601512 中新集团 取到1619条 | 已用2483s ETA 12583s
2026-08-26 15:58:14,868 | INFO  | [860/5212] sh.601515 衢州东峰 取到2425条 | 已用2483s ETA 12566s
2026-08-26 15:58:14,868 | INFO  | [861/5212] sh.601518 吉林高速 取到2425条 | 已用2483s ETA 12548s
2026-08-26 15:58:14,868 | INFO  | [862/5212] sh.601519 大智慧 取到2425条 | 已用2483s ETA 12531s
2026-08-26 15:58:14,868 | INFO  | [863/5212] sh.601528 瑞丰银行 取到1254条 | 已用2483s ETA 12513s
2026-08-26 15:58:14,868 | INFO  | [864/5212] sh.601555 东吴证券 取到2425条 | 已用2483s ETA 12496s
2026-08-26 15:58:30,211 | INFO  | [865/5212] sh.601566 九牧王 取到2425条 | 已用2498s ETA 12556s
2026-08-26 15:58:30,211 | INFO  | [866/5212] sh.601567 三星电气 取到2425条 | 已用2498s ETA 12538s
2026-08-26 15:58:30,211 | INFO  | [867/5212] sh.601568 北元化工 取到1421条 | 已用2498s ETA 12521s
2026-08-26 15:58:30,211 | INFO  | [868/5212] sh.601577 长沙银行 取到1918条 | 已用2498s ETA 12504s
2026-08-26 15:58:30,211 | INFO  | [869/5212] sh.601579 会稽山 取到2425条 | 已用2498s ETA 12486s
2026-08-26 15:58:30,211 | INFO  | [870/5212] sh.601588 北辰实业 取到2425条 | 已用2498s ETA 12469s
2026-08-26 15:58:30,211 | INFO  | [871/5212] sh.601595 上海电影 取到2425条 | 已用2498s ETA 12452s
2026-08-26 15:58:30,211 | INFO  | [872/5212] sh.601598 中国外运 取到1843条 | 已用2498s ETA 12435s
2026-08-26 15:59:20,738 | INFO  | [873/5212] sh.601615 明阳智能 取到1840条 | 已用2549s ETA 12669s
2026-08-26 15:59:20,738 | INFO  | [874/5212] sh.601616 广电电气 取到2425条 | 已用2549s ETA 12651s
2026-08-26 15:59:20,738 | INFO  | [875/5212] sh.601618 中国中冶 取到2425条 | 已用2549s ETA 12634s
2026-08-26 15:59:20,738 | INFO  | [876/5212] sh.601619 嘉泽新能 取到2210条 | 已用2549s ETA 12617s
2026-08-26 15:59:20,738 | INFO  | [877/5212] sh.601628 中国人寿 取到2425条 | 已用2549s ETA 12599s
2026-08-26 15:59:20,738 | INFO  | [878/5212] sh.601633 长城汽车 取到2425条 | 已用2549s ETA 12582s
2026-08-26 15:59:20,738 | INFO  | [879/5212] sh.601636 旗滨集团 取到2425条 | 已用2549s ETA 12565s
2026-08-26 15:59:20,738 | INFO  | [880/5212] sh.601658 邮储银行 取到1627条 | 已用2549s ETA 12548s
2026-08-26 15:59:40,423 | WARNING | sh.601599 第1次请求失败: error_code=10002007 msg=网络接收错误。
2026-08-26 15:59:52,332 | WARNING | sh.601669 第1次请求失败: error_code=10001001 msg=用户未登录
2026-08-26 16:01:10,577 | INFO  | [881/5212] sh.601665 齐鲁银行 取到1259条 | 已用2659s ETA 13071s
2026-08-26 16:01:10,577 | INFO  | [882/5212] sh.601666 平煤股份 取到2425条 | 已用2659s ETA 13053s
2026-08-26 16:01:10,577 | INFO  | [883/5212] sh.601668 中国建筑 取到2000条 | 已用2659s ETA 13035s
2026-08-26 16:01:10,577 | INFO  | [884/5212] sh.601669 中国电建 取到2425条 | 已用2659s ETA 13017s
2026-08-26 16:01:10,577 | INFO  | [885/5212] sh.601677 明泰铝业 取到2425条 | 已用2659s ETA 13000s
2026-08-26 16:01:10,577 | INFO  | [886/5212] sh.601678 滨化股份 取到2425条 | 已用2659s ETA 12982s
2026-08-26 16:01:10,577 | INFO  | [887/5212] sh.601686 友发集团 取到1388条 | 已用2659s ETA 12964s
2026-08-26 16:01:10,577 | INFO  | [888/5212] sh.601688 华泰证券 取到2425条 | 已用2659s ETA 12947s
2026-08-26 16:02:29,206 | INFO  | [889/5212] sh.601599 浙文影业 取到2425条 | 已用2737s ETA 13311s
2026-08-26 16:02:29,206 | INFO  | [890/5212] sh.601600 中国铝业 取到2425条 | 已用2737s ETA 13293s
2026-08-26 16:02:29,206 | INFO  | [891/5212] sh.601601 中国太保 取到2425条 | 已用2737s ETA 13275s
2026-08-26 16:02:29,206 | INFO  | [892/5212] sh.601606 长城军工 取到1954条 | 已用2737s ETA 13257s
2026-08-26 16:02:29,206 | INFO  | [893/5212] sh.601607 上海医药 取到2425条 | 已用2737s ETA 13240s
2026-08-26 16:02:29,206 | INFO  | [894/5212] sh.601608 中信重工 取到2425条 | 已用2737s ETA 13222s
2026-08-26 16:02:29,206 | INFO  | [895/5212] sh.601609 金田股份 取到1539条 | 已用2737s ETA 13204s
2026-08-26 16:02:29,206 | INFO  | [896/5212] sh.601611 中国核建 取到2425条 | 已用2737s ETA 13186s
2026-08-26 16:03:05,290 | INFO  | [897/5212] sh.601689 拓普集团 取到2425条 | 已用2774s ETA 13342s
2026-08-26 16:03:05,290 | INFO  | [898/5212] sh.601696 中银证券 取到1578条 | 已用2774s ETA 13324s
2026-08-26 16:03:05,290 | INFO  | [899/5212] sh.601698 中国卫通 取到1738条 | 已用2774s ETA 13306s
2026-08-26 16:03:05,290 | INFO  | [900/5212] sh.601699 潞安环能 取到2425条 | 已用2774s ETA 13288s
2026-08-26 16:03:05,290 | INFO  | [901/5212] sh.601700 风范股份 取到2425条 | 已用2774s ETA 13270s
2026-08-26 16:03:05,290 | INFO  | [902/5212] sh.601702 华峰铝业 取到1446条 | 已用2774s ETA 13253s
2026-08-26 16:03:05,290 | INFO  | [903/5212] sh.601717 中创智领 取到2425条 | 已用2774s ETA 13235s
2026-08-26 16:03:05,290 | INFO  | [904/5212] sh.601718 ST际华 取到2425条 | 已用2774s ETA 13217s
2026-08-26 16:03:37,864 | INFO  | [905/5212] sh.601727 上海电气 取到2425条 | 已用2806s ETA 13354s
2026-08-26 16:03:37,864 | INFO  | [906/5212] sh.601728 中国电信 取到1214条 | 已用2806s ETA 13337s
2026-08-26 16:03:37,864 | INFO  | [907/5212] sh.601766 中国中车 取到2425条 | 已用2806s ETA 13319s
2026-08-26 16:03:37,864 | INFO  | [908/5212] sh.601777 千里科技 取到2425条 | 已用2806s ETA 13301s
2026-08-26 16:03:37,864 | INFO  | [909/5212] sh.601778 晶科科技 取到1523条 | 已用2806s ETA 13283s
2026-08-26 16:03:37,864 | INFO  | [910/5212] sh.601788 光大证券 取到2425条 | 已用2806s ETA 13266s
2026-08-26 16:03:37,864 | INFO  | [911/5212] sh.601789 宁波建工 取到2425条 | 已用2806s ETA 13248s
2026-08-26 16:03:37,864 | INFO  | [912/5212] sh.601798 蓝科高新 取到2425条 | 已用2806s ETA 13230s
2026-08-26 16:04:05,641 | INFO  | [913/5212] sh.601799 星宇股份 取到2425条 | 已用2834s ETA 13344s
2026-08-26 16:04:05,641 | INFO  | [914/5212] sh.601800 中国交建 取到2425条 | 已用2834s ETA 13326s
2026-08-26 16:04:05,641 | INFO  | [915/5212] sh.601801 皖新传媒 取到2425条 | 已用2834s ETA 13308s
2026-08-26 16:04:05,641 | INFO  | [916/5212] sh.601808 中海油服 取到2425条 | 已用2834s ETA 13291s
2026-08-26 16:04:05,641 | INFO  | [917/5212] sh.601811 新华文轩 取到2425条 | 已用2834s ETA 13273s
2026-08-26 16:04:05,641 | INFO  | [918/5212] sh.601816 京沪高铁 取到1601条 | 已用2834s ETA 13256s
2026-08-26 16:04:05,641 | INFO  | [919/5212] sh.601818 光大银行 取到2425条 | 已用2834s ETA 13238s
2026-08-26 16:04:05,641 | INFO  | [920/5212] sh.601825 沪农商行 取到1215条 | 已用2834s ETA 13221s
2026-08-26 16:04:38,995 | INFO  | [921/5212] sh.601827 三峰环境 取到1510条 | 已用2867s ETA 13359s
2026-08-26 16:04:38,995 | INFO  | [922/5212] sh.601828 美凯龙 取到2087条 | 已用2867s ETA 13341s
2026-08-26 16:04:38,995 | INFO  | [923/5212] sh.601838 成都银行 取到2077条 | 已用2867s ETA 13323s
2026-08-26 16:04:38,995 | INFO  | [924/5212] sh.601857 中国石油 取到2425条 | 已用2867s ETA 13306s
2026-08-26 16:04:38,995 | INFO  | [925/5212] sh.601858 中国科传 取到2331条 | 已用2867s ETA 13288s
2026-08-26 16:04:38,995 | INFO  | [926/5212] sh.601860 紫金银行 取到1854条 | 已用2867s ETA 13271s
2026-08-26 16:04:38,995 | INFO  | [927/5212] sh.601865 福莱特 取到1828条 | 已用2867s ETA 13254s
2026-08-26 16:04:38,995 | INFO  | [928/5212] sh.601866 中远海发 取到2425条 | 已用2867s ETA 13236s
2026-08-26 16:05:09,649 | INFO  | [929/5212] sh.601868 中国能建 取到1189条 | 已用2898s ETA 13360s
2026-08-26 16:05:09,649 | INFO  | [930/5212] sh.601869 长飞光纤 取到1965条 | 已用2898s ETA 13343s
2026-08-26 16:05:09,649 | INFO  | [931/5212] sh.601872 招商轮船 取到2425条 | 已用2898s ETA 13325s
2026-08-26 16:05:09,649 | INFO  | [932/5212] sh.601877 正泰电器 取到2425条 | 已用2898s ETA 13308s
2026-08-26 16:05:09,649 | INFO  | [933/5212] sh.601878 浙商证券 取到2228条 | 已用2898s ETA 13290s
2026-08-26 16:05:09,649 | INFO  | [934/5212] sh.601880 辽港股份 取到2425条 | 已用2898s ETA 13273s
2026-08-26 16:05:09,649 | INFO  | [935/5212] sh.601881 中国银河 取到2328条 | 已用2898s ETA 13256s
2026-08-26 16:05:09,649 | INFO  | [936/5212] sh.601882 海天精工 取到2382条 | 已用2898s ETA 13239s
2026-08-26 16:06:38,271 | INFO  | [937/5212] sh.601886 江河集团 取到2425条 | 已用2986s ETA 13626s
2026-08-26 16:06:38,272 | INFO  | [938/5212] sh.601888 中国中免 取到2425条 | 已用2986s ETA 13608s
2026-08-26 16:06:38,272 | INFO  | [939/5212] sh.601890 亚星锚链 取到2425条 | 已用2986s ETA 13590s
2026-08-26 16:06:38,272 | INFO  | [940/5212] sh.601898 中煤能源 取到2425条 | 已用2986s ETA 13573s
2026-08-26 16:06:38,272 | INFO  | [941/5212] sh.601899 紫金矿业 取到2425条 | 已用2986s ETA 13555s
2026-08-26 16:06:38,272 | INFO  | [942/5212] sh.601900 南方传媒 取到2425条 | 已用2986s ETA 13537s
2026-08-26 16:06:38,272 | INFO  | [943/5212] sh.601901 方正证券 取到2425条 | 已用2986s ETA 13520s
2026-08-26 16:06:38,272 | INFO  | [944/5212] sh.601908 京运通 取到2425条 | 已用2986s ETA 13502s
2026-08-26 16:06:55,501 | INFO  | [945/5212] sh.601916 浙商银行 取到1637条 | 已用3004s ETA 13563s
2026-08-26 16:06:55,501 | INFO  | [946/5212] sh.601918 新集能源 取到2425条 | 已用3004s ETA 13545s
2026-08-26 16:06:55,501 | INFO  | [947/5212] sh.601919 中远海控 取到2425条 | 已用3004s ETA 13528s
2026-08-26 16:06:55,501 | INFO  | [948/5212] sh.601921 浙版传媒 取到1234条 | 已用3004s ETA 13510s
2026-08-26 16:06:55,501 | INFO  | [949/5212] sh.601928 凤凰传媒 取到2425条 | 已用3004s ETA 13493s
2026-08-26 16:06:55,501 | INFO  | [950/5212] sh.601929 吉视传媒 取到2425条 | 已用3004s ETA 13476s
2026-08-26 16:06:55,501 | INFO  | [951/5212] sh.601933 永辉超市 取到2425条 | 已用3004s ETA 13458s
2026-08-26 16:06:55,501 | INFO  | [952/5212] sh.601939 建设银行 取到2425条 | 已用3004s ETA 13441s
2026-08-26 16:08:15,734 | INFO  | [953/5212] sh.601949 中国出版 取到2188条 | 已用3084s ETA 13782s
2026-08-26 16:08:15,734 | INFO  | [954/5212] sh.601952 苏垦农发 取到2256条 | 已用3084s ETA 13765s
2026-08-26 16:08:15,734 | INFO  | [955/5212] sh.601956 东贝集团 取到1373条 | 已用3084s ETA 13747s
2026-08-26 16:08:15,734 | INFO  | [956/5212] sh.601958 金钼股份 取到2425条 | 已用3084s ETA 13729s
2026-08-26 16:08:15,734 | INFO  | [957/5212] sh.601963 重庆银行 取到1344条 | 已用3084s ETA 13712s
2026-08-26 16:08:15,734 | INFO  | [958/5212] sh.601965 中国汽研 取到2425条 | 已用3084s ETA 13694s
2026-08-26 16:08:15,734 | INFO  | [959/5212] sh.601966 玲珑轮胎 取到2425条 | 已用3084s ETA 13677s
2026-08-26 16:08:15,734 | INFO  | [960/5212] sh.601968 宝钢包装 取到2425条 | 已用3084s ETA 13659s
2026-08-26 16:08:28,880 | INFO  | [961/5212] sh.601969 海南矿业 取到2425条 | 已用3097s ETA 13700s
2026-08-26 16:08:28,880 | INFO  | [962/5212] sh.601975 招商南油 取到1851条 | 已用3097s ETA 13683s
2026-08-26 16:08:28,880 | INFO  | [963/5212] sh.601985 中国核电 取到2425条 | 已用3097s ETA 13665s
2026-08-26 16:08:28,880 | INFO  | [964/5212] sh.601988 中国银行 取到2425条 | 已用3097s ETA 13648s
2026-08-26 16:08:28,880 | INFO  | [965/5212] sh.601990 南京证券 取到1991条 | 已用3097s ETA 13630s
2026-08-26 16:08:28,880 | INFO  | [966/5212] sh.601991 大唐发电 取到2425条 | 已用3097s ETA 13613s
2026-08-26 16:08:28,880 | INFO  | [967/5212] sh.601992 金隅集团 取到2425条 | 已用3097s ETA 13596s
2026-08-26 16:08:28,880 | INFO  | [968/5212] sh.601995 中金公司 取到1412条 | 已用3097s ETA 13579s
2026-08-26 16:09:12,394 | INFO  | [969/5212] sh.601996 丰林集团 取到2425条 | 已用3141s ETA 13752s
2026-08-26 16:09:12,394 | INFO  | [970/5212] sh.601997 贵阳银行 取到2425条 | 已用3141s ETA 13735s
2026-08-26 16:09:12,395 | INFO  | [971/5212] sh.601998 中信银行 取到2425条 | 已用3141s ETA 13717s
2026-08-26 16:09:12,395 | INFO  | [972/5212] sh.601999 出版传媒 取到2425条 | 已用3141s ETA 13700s
2026-08-26 16:09:12,395 | INFO  | [973/5212] sh.603000 人民网 取到2425条 | 已用3141s ETA 13682s
2026-08-26 16:09:12,396 | INFO  | [974/5212] sh.603001 奥康国际 取到2425条 | 已用3141s ETA 13665s
2026-08-26 16:09:12,396 | INFO  | [975/5212] sh.603002 宏昌电子 取到2425条 | 已用3141s ETA 13648s
2026-08-26 16:09:12,396 | INFO  | [976/5212] sh.603004 鼎龙科技 取到644条 | 已用3141s ETA 13631s
2026-08-26 16:10:06,663 | INFO  | [977/5212] sh.603005 晶方科技 取到2425条 | 已用3195s ETA 13849s
2026-08-26 16:10:06,663 | INFO  | [978/5212] sh.603006 联明股份 取到2425条 | 已用3195s ETA 13831s
2026-08-26 16:10:06,663 | INFO  | [979/5212] sh.603007 顺景科技 取到2425条 | 已用3195s ETA 13814s
2026-08-26 16:10:06,663 | INFO  | [980/5212] sh.603008 ST喜临门 取到2425条 | 已用3195s ETA 13797s
2026-08-26 16:10:06,663 | INFO  | [981/5212] sh.603009 北特科技 取到2425条 | 已用3195s ETA 13779s
2026-08-26 16:10:06,663 | INFO  | [982/5212] sh.603010 万盛股份 取到2425条 | 已用3195s ETA 13762s
2026-08-26 16:10:06,663 | INFO  | [983/5212] sh.603011 合锻智能 取到2425条 | 已用3195s ETA 13745s
2026-08-26 16:10:06,663 | INFO  | [984/5212] sh.603012 创力集团 取到2425条 | 已用3195s ETA 13728s
2026-08-26 16:10:29,572 | INFO  | [985/5212] sh.603013 亚普股份 取到2016条 | 已用3218s ETA 13809s
2026-08-26 16:10:29,572 | INFO  | [986/5212] sh.603014 威高血净 取到312条 | 已用3218s ETA 13791s
2026-08-26 16:10:29,572 | INFO  | [987/5212] sh.603015 弘讯科技 取到2425条 | 已用3218s ETA 13774s
2026-08-26 16:10:29,572 | INFO  | [988/5212] sh.603016 新宏泰 取到2425条 | 已用3218s ETA 13757s
2026-08-26 16:10:29,572 | INFO  | [989/5212] sh.603017 中衡设计 取到2425条 | 已用3218s ETA 13740s
2026-08-26 16:10:29,572 | INFO  | [990/5212] sh.603018 华设集团 取到2425条 | 已用3218s ETA 13723s
2026-08-26 16:10:29,572 | INFO  | [991/5212] sh.603019 中科曙光 取到2425条 | 已用3218s ETA 13706s
2026-08-26 16:10:29,572 | INFO  | [992/5212] sh.603020 爱普股份 取到2425条 | 已用3218s ETA 13689s
2026-08-26 16:11:30,969 | INFO  | [993/5212] sh.603021 *ST华鹏 取到2425条 | 已用3279s ETA 13932s
2026-08-26 16:11:30,969 | INFO  | [994/5212] sh.603022 新通联 取到2425条 | 已用3279s ETA 13915s
2026-08-26 16:11:30,969 | INFO  | [995/5212] sh.603023 威帝股份 取到2425条 | 已用3279s ETA 13898s
2026-08-26 16:11:30,969 | INFO  | [996/5212] sh.603025 大豪科技 取到2425条 | 已用3279s ETA 13881s
2026-08-26 16:11:30,969 | INFO  | [997/5212] sh.603026 石大胜华 取到2425条 | 已用3279s ETA 13863s
2026-08-26 16:11:30,969 | INFO  | [998/5212] sh.603027 千禾味业 取到2425条 | 已用3279s ETA 13846s
2026-08-26 16:11:30,969 | INFO  | [999/5212] sh.603028 赛福天 取到2425条 | 已用3279s ETA 13829s
2026-08-26 16:11:30,969 | INFO  | [1000/5212] sh.603029 天鹅股份 取到2425条 | 已用3279s ETA 13812s
2026-08-26 16:12:01,168 | INFO  | [1001/5212] sh.603030 全筑股份 取到2425条 | 已用3309s ETA 13922s
2026-08-26 16:12:01,168 | INFO  | [1002/5212] sh.603031 安孚科技 取到2425条 | 已用3309s ETA 13905s
2026-08-26 16:12:01,168 | INFO  | [1003/5212] sh.603032 德新科技 取到2340条 | 已用3309s ETA 13888s
2026-08-26 16:12:01,168 | INFO  | [1004/5212] sh.603033 三维股份 取到2360条 | 已用3309s ETA 13870s
2026-08-26 16:12:01,168 | INFO  | [1005/5212] sh.603035 常熟汽饰 取到2340条 | 已用3309s ETA 13853s
2026-08-26 16:12:01,168 | INFO  | [1006/5212] sh.603036 如通股份 取到2358条 | 已用3309s ETA 13836s
2026-08-26 16:12:01,168 | INFO  | [1007/5212] sh.603037 凯众股份 取到2329条 | 已用3309s ETA 13819s
2026-08-26 16:12:01,168 | INFO  | [1008/5212] sh.603038 华立股份 取到2333条 | 已用3309s ETA 13802s
2026-08-26 16:12:38,239 | INFO  | [1009/5212] sh.603039 泛微网络 取到2334条 | 已用3346s ETA 13940s
2026-08-26 16:12:38,239 | INFO  | [1010/5212] sh.603040 新坐标 取到2320条 | 已用3346s ETA 13923s
2026-08-26 16:12:38,239 | INFO  | [1011/5212] sh.603041 美思德 取到2285条 | 已用3346s ETA 13905s
2026-08-26 16:12:38,239 | INFO  | [1012/5212] sh.603042 华脉科技 取到2244条 | 已用3346s ETA 13888s
2026-08-26 16:12:38,239 | INFO  | [1013/5212] sh.603043 广州酒家 取到2227条 | 已用3346s ETA 13871s
2026-08-26 16:12:38,239 | INFO  | [1014/5212] sh.603045 福达合金 取到2010条 | 已用3346s ETA 13854s
2026-08-26 16:12:38,239 | INFO  | [1015/5212] sh.603048 浙江黎明 取到1159条 | 已用3346s ETA 13838s
2026-08-26 16:12:38,239 | INFO  | [1016/5212] sh.603049 中策橡胶 取到300条 | 已用3346s ETA 13821s
2026-08-26 16:13:39,033 | INFO  | [1017/5212] sh.603060 国检集团 取到2380条 | 已用3407s ETA 14054s
2026-08-26 16:13:39,033 | INFO  | [1018/5212] sh.603061 金海通 取到845条 | 已用3407s ETA 14037s
2026-08-26 16:13:39,033 | INFO  | [1019/5212] sh.603062 麦加芯彩 取到680条 | 已用3407s ETA 14020s
2026-08-26 16:13:39,033 | INFO  | [1020/5212] sh.603063 禾望电气 取到2204条 | 已用3407s ETA 14003s
2026-08-26 16:13:39,033 | INFO  | [1021/5212] sh.603065 宿迁联盛 取到833条 | 已用3407s ETA 13986s
2026-08-26 16:13:39,033 | INFO  | [1022/5212] sh.603066 音飞储存 取到2425条 | 已用3407s ETA 13969s
2026-08-26 16:13:39,033 | INFO  | [1023/5212] sh.603067 振华股份 取到2414条 | 已用3407s ETA 13952s
2026-08-26 16:13:39,033 | INFO  | [1024/5212] sh.603068 博通集成 取到1788条 | 已用3407s ETA 13935s
2026-08-26 16:14:17,001 | INFO  | [1025/5212] sh.603050 科林电气 取到2276条 | 已用3445s ETA 14073s
2026-08-26 16:14:17,002 | INFO  | [1026/5212] sh.603051 鹿山新材 取到1072条 | 已用3445s ETA 14056s
2026-08-26 16:14:17,002 | INFO  | [1027/5212] sh.603052 可川科技 取到942条 | 已用3445s ETA 14039s
2026-08-26 16:14:17,002 | INFO  | [1028/5212] sh.603053 成都燃气 取到1622条 | 已用3445s ETA 14022s
2026-08-26 16:14:17,002 | INFO  | [1029/5212] sh.603055 台华新材 取到2165条 | 已用3445s ETA 14005s
2026-08-26 16:14:17,002 | INFO  | [1030/5212] sh.603057 紫燕食品 取到948条 | 已用3445s ETA 13988s
2026-08-26 16:14:17,002 | INFO  | [1031/5212] sh.603058 永吉股份 取到2348条 | 已用3445s ETA 13971s
2026-08-26 16:14:17,002 | INFO  | [1032/5212] sh.603059 倍加洁 取到2060条 | 已用3445s ETA 13954s
2026-08-26 16:14:23,277 | INFO  | [1033/5212] sh.603069 海汽集团 取到2425条 | 已用3451s ETA 13963s
2026-08-26 16:14:23,277 | INFO  | [1034/5212] sh.603070 万控智造 取到1083条 | 已用3451s ETA 13946s
2026-08-26 16:14:23,277 | INFO  | [1035/5212] sh.603071 物产环能 取到1137条 | 已用3451s ETA 13929s
2026-08-26 16:14:23,277 | INFO  | [1036/5212] sh.603072 天和磁材 取到398条 | 已用3451s ETA 13913s
2026-08-26 16:14:23,277 | INFO  | [1037/5212] sh.603073 彩蝶实业 取到836条 | 已用3451s ETA 13896s
2026-08-26 16:14:23,277 | INFO  | [1038/5212] sh.603075 热威股份 取到715条 | 已用3451s ETA 13879s
2026-08-26 16:14:23,277 | INFO  | [1039/5212] sh.603076 乐惠国际 取到2133条 | 已用3451s ETA 13862s
2026-08-26 16:14:23,277 | INFO  | [1040/5212] sh.603077 和邦生物 取到2425条 | 已用3451s ETA 13846s
2026-08-26 16:15:15,204 | INFO  | [1041/5212] sh.603087 甘李药业 取到1496条 | 已用3503s ETA 14037s
2026-08-26 16:15:15,205 | INFO  | [1042/5212] sh.603088 宁波精达 取到2425条 | 已用3503s ETA 14020s
2026-08-26 16:15:15,205 | INFO  | [1043/5212] sh.603089 正裕工业 取到2325条 | 已用3503s ETA 14004s
2026-08-26 16:15:15,205 | INFO  | [1044/5212] sh.603090 宏盛股份 取到2423条 | 已用3503s ETA 13987s
2026-08-26 16:15:15,205 | INFO  | [1045/5212] sh.603091 众鑫股份 取到467条 | 已用3503s ETA 13970s
2026-08-26 16:15:15,205 | INFO  | [1046/5212] sh.603092 德力佳 取到195条 | 已用3503s ETA 13953s
2026-08-26 16:15:15,205 | INFO  | [1047/5212] sh.603093 南华期货 取到1693条 | 已用3503s ETA 13937s
2026-08-26 16:15:15,205 | INFO  | [1048/5212] sh.603095 越剑智能 取到1544条 | 已用3503s ETA 13920s
2026-08-26 16:15:58,838 | INFO  | [1049/5212] sh.603078 江化微 取到2280条 | 已用3547s ETA 14077s
2026-08-26 16:15:58,838 | INFO  | [1050/5212] sh.603079 圣达生物 取到2186条 | 已用3547s ETA 14060s
2026-08-26 16:15:58,838 | INFO  | [1051/5212] sh.603080 新疆火炬 取到2097条 | 已用3547s ETA 14043s
2026-08-26 16:15:58,838 | INFO  | [1052/5212] sh.603081 大丰实业 取到2272条 | 已用3547s ETA 14026s
2026-08-26 16:15:58,838 | INFO  | [1053/5212] sh.603082 北自科技 取到621条 | 已用3547s ETA 14010s
2026-08-26 16:15:58,838 | INFO  | [1054/5212] sh.603083 剑桥科技 取到2134条 | 已用3547s ETA 13993s
2026-08-26 16:15:58,838 | INFO  | [1055/5212] sh.603085 天成自控 取到2425条 | 已用3547s ETA 13976s
2026-08-26 16:15:58,838 | INFO  | [1056/5212] sh.603086 先达股份 取到2258条 | 已用3547s ETA 13960s
2026-08-26 16:16:52,822 | INFO  | [1057/5212] sh.603105 芯能科技 取到1974条 | 已用3601s ETA 14155s
2026-08-26 16:16:52,822 | INFO  | [1058/5212] sh.603106 恒银科技 取到2166条 | 已用3601s ETA 14139s
2026-08-26 16:16:52,822 | INFO  | [1059/5212] sh.603107 上海汽配 取到684条 | 已用3601s ETA 14122s
2026-08-26 16:16:52,823 | INFO  | [1060/5212] sh.603108 润达医疗 取到2425条 | 已用3601s ETA 14105s
2026-08-26 16:16:52,823 | INFO  | [1061/5212] sh.603109 神驰机电 取到1612条 | 已用3601s ETA 14089s
2026-08-26 16:16:52,823 | INFO  | [1062/5212] sh.603110 东方材料 取到2154条 | 已用3601s ETA 14072s
2026-08-26 16:16:52,823 | INFO  | [1063/5212] sh.603111 康尼机电 取到2425条 | 已用3601s ETA 14055s
2026-08-26 16:16:52,823 | INFO  | [1064/5212] sh.603112 华翔股份 取到1438条 | 已用3601s ETA 14039s
2026-08-26 16:17:10,952 | INFO  | [1065/5212] sh.603096 新经典 取到2269条 | 已用3619s ETA 14093s
2026-08-26 16:17:10,952 | INFO  | [1066/5212] sh.603097 江苏华辰 取到1043条 | 已用3619s ETA 14076s
2026-08-26 16:17:10,952 | INFO  | [1067/5212] sh.603098 森特股份 取到2353条 | 已用3619s ETA 14059s
2026-08-26 16:17:10,952 | INFO  | [1068/5212] sh.603099 长白山 取到2425条 | 已用3619s ETA 14043s
2026-08-26 16:17:10,952 | INFO  | [1069/5212] sh.603100 川仪股份 取到2425条 | 已用3619s ETA 14026s
2026-08-26 16:17:10,954 | INFO  | [1070/5212] sh.603101 汇嘉时代 取到2425条 | 已用3619s ETA 14010s
2026-08-26 16:17:10,954 | INFO  | [1071/5212] sh.603102 百合股份 取到1110条 | 已用3619s ETA 13993s
2026-08-26 16:17:10,954 | INFO  | [1072/5212] sh.603103 横店影视 取到2155条 | 已用3619s ETA 13977s
2026-08-26 16:17:37,069 | INFO  | [1073/5212] sh.603113 金能科技 取到2258条 | 已用3645s ETA 14061s
2026-08-26 16:17:37,069 | INFO  | [1074/5212] sh.603115 海星股份 取到1708条 | 已用3645s ETA 14045s
2026-08-26 16:17:37,069 | INFO  | [1075/5212] sh.603116 红蜻蜓 取到2425条 | 已用3645s ETA 14028s
2026-08-26 16:17:37,069 | INFO  | [1076/5212] sh.603117 万林物流 取到2425条 | 已用3645s ETA 14012s
2026-08-26 16:17:37,069 | INFO  | [1077/5212] sh.603118 共进股份 取到2425条 | 已用3645s ETA 13996s
2026-08-26 16:17:37,069 | INFO  | [1078/5212] sh.603119 浙江荣泰 取到744条 | 已用3645s ETA 13979s
2026-08-26 16:17:37,069 | INFO  | [1079/5212] sh.603120 肯特催化 取到332条 | 已用3645s ETA 13963s
2026-08-26 16:17:37,069 | INFO  | [1080/5212] sh.603121 华培动力 取到1848条 | 已用3645s ETA 13947s
2026-08-26 16:18:08,240 | INFO  | [1081/5212] sh.603130 云中马 取到914条 | 已用3676s ETA 14049s
2026-08-26 16:18:08,241 | INFO  | [1082/5212] sh.603131 上海沪工 取到2425条 | 已用3676s ETA 14033s
2026-08-26 16:18:08,241 | INFO  | [1083/5212] sh.603132 金徽股份 取到1095条 | 已用3676s ETA 14017s
2026-08-26 16:18:08,241 | INFO  | [1084/5212] sh.603135 中重科技 取到820条 | 已用3676s ETA 14000s
2026-08-26 16:18:08,241 | INFO  | [1085/5212] sh.603136 天目湖 取到2161条 | 已用3676s ETA 13984s
2026-08-26 16:18:08,241 | INFO  | [1086/5212] sh.603137 恒尚节能 取到813条 | 已用3676s ETA 13968s
2026-08-26 16:18:08,241 | INFO  | [1087/5212] sh.603138 海量数据 取到2303条 | 已用3676s ETA 13952s
2026-08-26 16:18:08,241 | INFO  | [1088/5212] sh.603139 康惠股份 取到2271条 | 已用3676s ETA 13935s
2026-08-26 16:18:20,669 | INFO  | [1089/5212] sh.603122 合富中国 取到1099条 | 已用3689s ETA 13966s
2026-08-26 16:18:20,669 | INFO  | [1090/5212] sh.603123 翠微股份 取到2425条 | 已用3689s ETA 13950s
2026-08-26 16:18:20,669 | INFO  | [1091/5212] sh.603124 江南新材 取到350条 | 已用3689s ETA 13934s
2026-08-26 16:18:20,669 | INFO  | [1092/5212] sh.603125 常青科技 取到820条 | 已用3689s ETA 13918s
2026-08-26 16:18:20,669 | INFO  | [1093/5212] sh.603126 中材节能 取到2425条 | 已用3689s ETA 13902s
2026-08-26 16:18:20,669 | INFO  | [1094/5212] sh.603127 昭衍新药 取到2184条 | 已用3689s ETA 13886s
2026-08-26 16:18:20,669 | INFO  | [1095/5212] sh.603128 华贸物流 取到2425条 | 已用3689s ETA 13870s
2026-08-26 16:18:20,669 | INFO  | [1096/5212] sh.603129 春风动力 取到2189条 | 已用3689s ETA 13854s
2026-08-26 16:18:50,170 | INFO  | [1097/5212] sh.603150 万朗磁塑 取到1111条 | 已用3718s ETA 13948s
2026-08-26 16:18:50,170 | INFO  | [1098/5212] sh.603151 邦基科技 取到936条 | 已用3718s ETA 13932s
2026-08-26 16:18:50,170 | INFO  | [1099/5212] sh.603153 上海建科 取到839条 | 已用3718s ETA 13916s
2026-08-26 16:18:50,170 | INFO  | [1100/5212] sh.603155 新亚强 取到1450条 | 已用3718s ETA 13900s
2026-08-26 16:18:50,170 | INFO  | [1101/5212] sh.603156 养元饮品 取到2069条 | 已用3718s ETA 13884s
2026-08-26 16:18:50,170 | INFO  | [1102/5212] sh.603158 腾龙股份 取到2425条 | 已用3718s ETA 13868s
2026-08-26 16:18:50,170 | INFO  | [1103/5212] sh.603159 上海亚虹 取到2425条 | 已用3718s ETA 13852s
2026-08-26 16:18:50,170 | INFO  | [1104/5212] sh.603160 汇顶科技 取到2397条 | 已用3718s ETA 13836s
2026-08-26 16:19:09,671 | INFO  | [1105/5212] sh.603161 科华控股 取到2095条 | 已用3738s ETA 13893s
2026-08-26 16:19:09,671 | INFO  | [1106/5212] sh.603162 海通发展 取到827条 | 已用3738s ETA 13877s
2026-08-26 16:19:09,671 | INFO  | [1107/5212] sh.603163 圣晖集成 取到940条 | 已用3738s ETA 13861s
2026-08-26 16:19:09,671 | INFO  | [1108/5212] sh.603165 荣晟环保 取到2332条 | 已用3738s ETA 13845s
2026-08-26 16:19:09,671 | INFO  | [1109/5212] sh.603166 福达股份 取到2425条 | 已用3738s ETA 13829s
2026-08-26 16:19:09,671 | INFO  | [1110/5212] sh.603167 渤海轮渡 取到2425条 | 已用3738s ETA 13813s
2026-08-26 16:19:09,671 | INFO  | [1111/5212] sh.603168 莎普爱思 取到2425条 | 已用3738s ETA 13798s
2026-08-26 16:19:09,671 | INFO  | [1112/5212] sh.603169 兰石重装 取到2425条 | 已用3738s ETA 13782s
2026-08-26 16:19:28,492 | INFO  | [1113/5212] sh.603170 宝立食品 取到998条 | 已用3757s ETA 13835s
2026-08-26 16:19:28,492 | INFO  | [1114/5212] sh.603171 税友股份 取到1251条 | 已用3757s ETA 13820s
2026-08-26 16:19:28,492 | INFO  | [1115/5212] sh.603172 万丰股份 取到801条 | 已用3757s ETA 13804s
2026-08-26 16:19:28,492 | INFO  | [1116/5212] sh.603173 福斯达 取到869条 | 已用3757s ETA 13788s
2026-08-26 16:19:28,492 | INFO  | [1117/5212] sh.603175 超颖电子 取到205条 | 已用3757s ETA 13772s
2026-08-26 16:19:28,492 | INFO  | [1118/5212] sh.603176 汇通集团 取到1126条 | 已用3757s ETA 13757s
2026-08-26 16:19:28,492 | INFO  | [1119/5212] sh.603177 德创环保 取到2322条 | 已用3757s ETA 13741s
2026-08-26 16:19:28,492 | INFO  | [1120/5212] sh.603178 圣龙股份 取到2287条 | 已用3757s ETA 13725s
2026-08-26 16:20:12,460 | INFO  | [1121/5212] sh.603179 新泉股份 取到2294条 | 已用3801s ETA 13870s
2026-08-26 16:20:12,460 | INFO  | [1122/5212] sh.603180 金牌家居 取到2257条 | 已用3801s ETA 13855s
2026-08-26 16:20:12,460 | INFO  | [1123/5212] sh.603181 皇马科技 取到2185条 | 已用3801s ETA 13839s
2026-08-26 16:20:12,460 | INFO  | [1124/5212] sh.603182 嘉华股份 取到958条 | 已用3801s ETA 13823s
2026-08-26 16:20:12,460 | INFO  | [1125/5212] sh.603183 建研院 取到2177条 | 已用3801s ETA 13807s
2026-08-26 16:20:12,460 | INFO  | [1126/5212] sh.603185 弘元绿能 取到1856条 | 已用3801s ETA 13792s
2026-08-26 16:20:12,460 | INFO  | [1127/5212] sh.603186 华正新材 取到2342条 | 已用3801s ETA 13776s
2026-08-26 16:20:12,460 | INFO  | [1128/5212] sh.603187 海容冷链 取到1877条 | 已用3801s ETA 13761s
2026-08-26 16:20:29,432 | INFO  | [1129/5212] sh.603188 亚邦股份 取到2425条 | 已用3818s ETA 13806s
2026-08-26 16:20:29,432 | INFO  | [1130/5212] sh.603189 *ST网达 取到2413条 | 已用3818s ETA 13791s
2026-08-26 16:20:29,432 | INFO  | [1131/5212] sh.603190 亚通精工 取到855条 | 已用3818s ETA 13775s
2026-08-26 16:20:29,432 | INFO  | [1132/5212] sh.603191 望变电气 取到1050条 | 已用3818s ETA 13760s
2026-08-26 16:20:29,432 | INFO  | [1133/5212] sh.603192 汇得科技 取到1938条 | 已用3818s ETA 13744s
2026-08-26 16:20:29,432 | INFO  | [1134/5212] sh.603193 润本股份 取到695条 | 已用3818s ETA 13729s
2026-08-26 16:20:29,432 | INFO  | [1135/5212] sh.603194 中力股份 取到405条 | 已用3818s ETA 13713s
2026-08-26 16:20:29,432 | INFO  | [1136/5212] sh.603195 公牛集团 取到1592条 | 已用3818s ETA 13698s
2026-08-26 16:21:07,446 | INFO  | [1137/5212] sh.603205 健尔康 取到438条 | 已用3856s ETA 13819s
2026-08-26 16:21:07,446 | INFO  | [1138/5212] sh.603206 嘉环科技 取到1047条 | 已用3856s ETA 13803s
2026-08-26 16:21:07,446 | INFO  | [1139/5212] sh.603207 小方制药 取到484条 | 已用3856s ETA 13788s
2026-08-26 16:21:07,446 | INFO  | [1140/5212] sh.603208 江山欧派 取到2319条 | 已用3856s ETA 13772s
2026-08-26 16:21:07,446 | INFO  | [1141/5212] sh.603209 兴通股份 取到1073条 | 已用3856s ETA 13757s
2026-08-26 16:21:07,446 | INFO  | [1142/5212] sh.603210 泰鸿万立 取到337条 | 已用3856s ETA 13741s
2026-08-26 16:21:07,446 | INFO  | [1143/5212] sh.603211 晋拓股份 取到992条 | 已用3856s ETA 13726s
2026-08-26 16:21:07,446 | INFO  | [1144/5212] sh.603212 赛伍技术 取到1533条 | 已用3856s ETA 13711s
2026-08-26 16:21:18,258 | INFO  | [1145/5212] sh.603196 璞源材料 取到2246条 | 已用3866s ETA 13734s
2026-08-26 16:21:18,258 | INFO  | [1146/5212] sh.603197 保隆科技 取到2252条 | 已用3866s ETA 13718s
2026-08-26 16:21:18,258 | INFO  | [1147/5212] sh.603198 迎驾贡酒 取到2425条 | 已用3866s ETA 13703s
2026-08-26 16:21:18,258 | INFO  | [1148/5212] sh.603199 九华旅游 取到2425条 | 已用3866s ETA 13688s
2026-08-26 16:21:18,258 | INFO  | [1149/5212] sh.603200 上海洗霸 取到2245条 | 已用3866s ETA 13672s
2026-08-26 16:21:18,258 | INFO  | [1150/5212] sh.603201 常润股份 取到988条 | 已用3866s ETA 13657s
2026-08-26 16:21:18,259 | INFO  | [1151/5212] sh.603202 天有为 取到326条 | 已用3866s ETA 13642s
2026-08-26 16:21:18,259 | INFO  | [1152/5212] sh.603203 快克智能 取到2381条 | 已用3866s ETA 13627s
2026-08-26 16:21:45,009 | INFO  | [1153/5212] sh.603213 镇洋发展 取到1162条 | 已用3893s ETA 13706s
2026-08-26 16:21:45,009 | INFO  | [1154/5212] sh.603214 爱婴室 取到2040条 | 已用3893s ETA 13690s
2026-08-26 16:21:45,009 | INFO  | [1155/5212] sh.603215 比依股份 取到1097条 | 已用3893s ETA 13675s
2026-08-26 16:21:45,010 | INFO  | [1156/5212] sh.603216 梦天家居 取到1138条 | 已用3893s ETA 13660s
2026-08-26 16:21:45,010 | INFO  | [1157/5212] sh.603217 元利科技 取到1744条 | 已用3893s ETA 13645s
2026-08-26 16:21:45,010 | INFO  | [1158/5212] sh.603218 日月股份 取到2345条 | 已用3893s ETA 13630s
2026-08-26 16:21:45,010 | INFO  | [1159/5212] sh.603219 富佳股份 取到1155条 | 已用3893s ETA 13615s
2026-08-26 16:21:45,010 | INFO  | [1160/5212] sh.603220 中贝通信 取到1887条 | 已用3893s ETA 13599s
2026-08-26 16:22:16,739 | INFO  | [1161/5212] sh.603221 爱丽家居 取到1560条 | 已用3925s ETA 13695s
2026-08-26 16:22:16,739 | INFO  | [1162/5212] sh.603222 济民健康 取到2425条 | 已用3925s ETA 13680s
2026-08-26 16:22:16,739 | INFO  | [1163/5212] sh.603223 恒通股份 取到2425条 | 已用3925s ETA 13665s
2026-08-26 16:22:16,739 | INFO  | [1164/5212] sh.603225 新凤鸣 取到2274条 | 已用3925s ETA 13650s
2026-08-26 16:22:16,739 | INFO  | [1165/5212] sh.603226 菲林格尔 取到2235条 | 已用3925s ETA 13635s
2026-08-26 16:22:16,739 | INFO  | [1166/5212] sh.603227 雪峰科技 取到2425条 | 已用3925s ETA 13620s
2026-08-26 16:22:16,739 | INFO  | [1167/5212] sh.603228 景旺电子 取到2339条 | 已用3925s ETA 13604s
2026-08-26 16:22:16,739 | INFO  | [1168/5212] sh.603229 奥翔药业 取到2260条 | 已用3925s ETA 13589s
2026-08-26 16:22:22,164 | INFO  | [1169/5212] sh.603230 内蒙新华 取到1131条 | 已用3930s ETA 13593s
2026-08-26 16:22:22,164 | INFO  | [1170/5212] sh.603231 索宝蛋白 取到652条 | 已用3930s ETA 13578s
2026-08-26 16:22:22,164 | INFO  | [1171/5212] sh.603232 格尔软件 取到2271条 | 已用3930s ETA 13563s
2026-08-26 16:22:22,164 | INFO  | [1172/5212] sh.603233 大参林 取到2203条 | 已用3930s ETA 13548s
2026-08-26 16:22:22,164 | INFO  | [1173/5212] sh.603235 天新药业 取到1001条 | 已用3930s ETA 13534s
2026-08-26 16:22:22,164 | INFO  | [1174/5212] sh.603236 移远通信 取到1726条 | 已用3930s ETA 13519s
2026-08-26 16:22:22,164 | INFO  | [1175/5212] sh.603237 五芳斋 取到965条 | 已用3930s ETA 13504s
2026-08-26 16:22:22,164 | INFO  | [1176/5212] sh.603238 诺邦股份 取到2311条 | 已用3930s ETA 13489s
2026-08-26 16:23:03,296 | INFO  | [1177/5212] sh.603261 立航科技 取到1080条 | 已用3972s ETA 13615s
2026-08-26 16:23:03,296 | INFO  | [1178/5212] sh.603262 技源集团 取到266条 | 已用3972s ETA 13600s
2026-08-26 16:23:03,296 | INFO  | [1179/5212] sh.603266 天龙股份 取到2337条 | 已用3972s ETA 13585s
2026-08-26 16:23:03,296 | INFO  | [1180/5212] sh.603267 鸿远电子 取到1769条 | 已用3972s ETA 13570s
2026-08-26 16:23:03,296 | INFO  | [1181/5212] sh.603268 松发股份 取到2425条 | 已用3972s ETA 13556s
2026-08-26 16:23:03,296 | INFO  | [1182/5212] sh.603269 海鸥股份 取到2254条 | 已用3972s ETA 13541s
2026-08-26 16:23:03,296 | INFO  | [1183/5212] sh.603270 金帝股份 取到721条 | 已用3972s ETA 13526s
2026-08-26 16:23:03,296 | INFO  | [1184/5212] sh.603271 永杰新材 取到357条 | 已用3972s ETA 13511s
2026-08-26 16:23:37,676 | INFO  | [1185/5212] sh.603272 *ST联翔 取到1037条 | 已用4006s ETA 13613s
2026-08-26 16:23:37,676 | INFO  | [1186/5212] sh.603273 天元智能 取到691条 | 已用4006s ETA 13598s
2026-08-26 16:23:37,677 | INFO  | [1187/5212] sh.603275 众辰科技 取到728条 | 已用4006s ETA 13584s
2026-08-26 16:23:37,677 | INFO  | [1188/5212] sh.603276 恒兴新材 取到705条 | 已用4006s ETA 13569s
2026-08-26 16:23:37,677 | INFO  | [1189/5212] sh.603277 银都股份 取到2173条 | 已用4006s ETA 13554s
2026-08-26 16:23:37,677 | INFO  | [1190/5212] sh.603278 大业股份 取到2133条 | 已用4006s ETA 13539s
2026-08-26 16:23:37,677 | INFO  | [1191/5212] sh.603279 景津装备 取到1717条 | 已用4006s ETA 13525s
2026-08-26 16:23:37,677 | INFO  | [1192/5212] sh.603280 南方路机 取到922条 | 已用4006s ETA 13510s
2026-08-26 16:24:09,710 | INFO  | [1193/5212] sh.603239 浙江仙通 取到2343条 | 已用4038s ETA 13603s
2026-08-26 16:24:09,710 | INFO  | [1194/5212] sh.603248 锡华科技 取到163条 | 已用4038s ETA 13588s
2026-08-26 16:24:09,710 | INFO  | [1195/5212] sh.603255 鼎际得 取到974条 | 已用4038s ETA 13574s
2026-08-26 16:24:09,710 | INFO  | [1196/5212] sh.603256 宏和科技 取到1723条 | 已用4038s ETA 13559s
2026-08-26 16:24:09,710 | INFO  | [1197/5212] sh.603257 中国瑞林 取到338条 | 已用4038s ETA 13544s
2026-08-26 16:24:09,710 | INFO  | [1198/5212] sh.603258 电魂网络 取到2390条 | 已用4038s ETA 13529s
2026-08-26 16:24:09,710 | INFO  | [1199/5212] sh.603259 药明康德 取到2017条 | 已用4038s ETA 13515s
2026-08-26 16:24:09,710 | INFO  | [1200/5212] sh.603260 合盛硅业 取到2143条 | 已用4038s ETA 13500s
2026-08-26 16:24:19,100 | INFO  | [1201/5212] sh.603281 江瀚新材 取到868条 | 已用4047s ETA 13517s
2026-08-26 16:24:19,100 | INFO  | [1202/5212] sh.603282 亚光股份 取到837条 | 已用4047s ETA 13502s
2026-08-26 16:24:19,100 | INFO  | [1203/5212] sh.603283 赛腾股份 取到2103条 | 已用4047s ETA 13488s
2026-08-26 16:24:19,100 | INFO  | [1204/5212] sh.603284 林平发展 取到130条 | 已用4047s ETA 13473s
2026-08-26 16:24:19,100 | INFO  | [1205/5212] sh.603285 键邦股份 取到520条 | 已用4047s ETA 13459s
2026-08-26 16:24:19,100 | INFO  | [1206/5212] sh.603286 日盈电子 取到2227条 | 已用4047s ETA 13444s
2026-08-26 16:24:19,100 | INFO  | [1207/5212] sh.603288 海天味业 取到2425条 | 已用4047s ETA 13430s
2026-08-26 16:24:19,100 | INFO  | [1208/5212] sh.603289 泰瑞机器 取到2142条 | 已用4047s ETA 13415s
2026-08-26 16:24:50,601 | INFO  | [1209/5212] sh.603290 斯达半导 取到1594条 | 已用4079s ETA 13505s
2026-08-26 16:24:50,601 | INFO  | [1210/5212] sh.603291 联合水务 取到829条 | 已用4079s ETA 13490s
2026-08-26 16:24:50,601 | INFO  | [1211/5212] sh.603293 埃泰克 取到90条 | 已用4079s ETA 13476s
2026-08-26 16:24:50,601 | INFO  | [1212/5212] sh.603296 华勤技术 取到739条 | 已用4079s ETA 13461s
2026-08-26 16:24:50,601 | INFO  | [1213/5212] sh.603297 永新光学 取到1929条 | 已用4079s ETA 13447s
2026-08-26 16:24:50,601 | INFO  | [1214/5212] sh.603298 杭叉集团 取到2346条 | 已用4079s ETA 13433s
2026-08-26 16:24:50,601 | INFO  | [1215/5212] sh.603299 苏盐井神 取到2425条 | 已用4079s ETA 13418s
2026-08-26 16:24:50,601 | INFO  | [1216/5212] sh.603300 海南华铁 取到2425条 | 已用4079s ETA 13404s
2026-08-26 16:25:11,927 | INFO  | [1217/5212] sh.603301 振德医疗 取到2033条 | 已用4100s ETA 13459s
2026-08-26 16:25:11,927 | INFO  | [1218/5212] sh.603303 得邦照明 取到2285条 | 已用4100s ETA 13445s
2026-08-26 16:25:11,927 | INFO  | [1219/5212] sh.603305 旭升集团 取到2218条 | 已用4100s ETA 13431s
2026-08-26 16:25:11,927 | INFO  | [1220/5212] sh.603306 华懋科技 取到2425条 | 已用4100s ETA 13416s
2026-08-26 16:25:11,927 | INFO  | [1221/5212] sh.603307 扬州金泉 取到856条 | 已用4100s ETA 13402s
2026-08-26 16:25:11,927 | INFO  | [1222/5212] sh.603308 应流股份 取到2425条 | 已用4100s ETA 13388s
2026-08-26 16:25:11,927 | INFO  | [1223/5212] sh.603309 维力医疗 取到2425条 | 已用4100s ETA 13373s
2026-08-26 16:25:11,927 | INFO  | [1224/5212] sh.603310 巍华新材 取到492条 | 已用4100s ETA 13359s
2026-08-26 16:25:52,674 | INFO  | [1225/5212] sh.603311 金海高科 取到2425条 | 已用4141s ETA 13477s
2026-08-26 16:25:52,674 | INFO  | [1226/5212] sh.603312 西典新能 取到634条 | 已用4141s ETA 13463s
2026-08-26 16:25:52,674 | INFO  | [1227/5212] sh.603313 梦百合 取到2399条 | 已用4141s ETA 13449s
2026-08-26 16:25:52,674 | INFO  | [1228/5212] sh.603315 福鞍股份 取到2425条 | 已用4141s ETA 13434s
2026-08-26 16:25:52,674 | INFO  | [1229/5212] sh.603316 诚邦股份 取到2233条 | 已用4141s ETA 13420s
2026-08-26 16:25:52,674 | INFO  | [1230/5212] sh.603317 天味食品 取到1787条 | 已用4141s ETA 13406s
2026-08-26 16:25:52,674 | INFO  | [1231/5212] sh.603318 水发燃气 取到2425条 | 已用4141s ETA 13391s
2026-08-26 16:25:52,674 | INFO  | [1232/5212] sh.603319 美湖股份 取到2365条 | 已用4141s ETA 13377s
2026-08-26 16:26:16,515 | INFO  | [1233/5212] sh.603320 迪贝电气 取到2265条 | 已用4165s ETA 13440s
2026-08-26 16:26:16,515 | INFO  | [1234/5212] sh.603321 梅轮电梯 取到2169条 | 已用4165s ETA 13426s
2026-08-26 16:26:16,515 | INFO  | [1235/5212] sh.603322 超讯科技 取到2425条 | 已用4165s ETA 13411s
2026-08-26 16:26:16,515 | INFO  | [1236/5212] sh.603323 苏农银行 取到2366条 | 已用4165s ETA 13397s
2026-08-26 16:26:16,515 | INFO  | [1237/5212] sh.603324 盛剑科技 取到1307条 | 已用4165s ETA 13383s
2026-08-26 16:26:16,515 | INFO  | [1238/5212] sh.603325 博隆技术 取到635条 | 已用4165s ETA 13369s
2026-08-26 16:26:16,515 | INFO  | [1239/5212] sh.603326 我乐家居 取到2234条 | 已用4165s ETA 13355s
2026-08-26 16:26:16,515 | INFO  | [1240/5212] sh.603327 福蓉科技 取到1763条 | 已用4165s ETA 13341s
2026-08-26 16:26:45,871 | INFO  | [1241/5212] sh.603328 依顿电子 取到2425条 | 已用4194s ETA 13420s
2026-08-26 16:26:45,873 | INFO  | [1242/5212] sh.603329 上海雅仕 取到2099条 | 已用4194s ETA 13406s
2026-08-26 16:26:45,873 | INFO  | [1243/5212] sh.603330 天洋新材 取到2318条 | 已用4194s ETA 13392s
2026-08-26 16:26:45,873 | INFO  | [1244/5212] sh.603331 百达精工 取到2221条 | 已用4194s ETA 13378s
2026-08-26 16:26:45,873 | INFO  | [1245/5212] sh.603332 苏州龙杰 取到1844条 | 已用4194s ETA 13364s
2026-08-26 16:26:45,873 | INFO  | [1246/5212] sh.603333 福华尚纬 取到2425条 | 已用4194s ETA 13350s
2026-08-26 16:26:45,873 | INFO  | [1247/5212] sh.603334 丰倍生物 取到197条 | 已用4194s ETA 13336s
2026-08-26 16:26:45,873 | INFO  | [1248/5212] sh.603335 迪生力 取到2232条 | 已用4194s ETA 13322s
2026-08-26 16:27:08,437 | INFO  | [1249/5212] sh.603336 宏辉果蔬 取到2369条 | 已用4217s ETA 13379s
2026-08-26 16:27:08,437 | INFO  | [1250/5212] sh.603337 杰克科技 取到2330条 | 已用4217s ETA 13365s
2026-08-26 16:27:08,437 | INFO  | [1251/5212] sh.603338 浙江鼎力 取到2425条 | 已用4217s ETA 13351s
2026-08-26 16:27:08,437 | INFO  | [1252/5212] sh.603339 四方科技 取到2425条 | 已用4217s ETA 13337s
2026-08-26 16:27:08,437 | INFO  | [1253/5212] sh.603341 龙旗科技 取到604条 | 已用4217s ETA 13323s
2026-08-26 16:27:08,437 | INFO  | [1254/5212] sh.603344 星德胜 取到591条 | 已用4217s ETA 13309s
2026-08-26 16:27:08,437 | INFO  | [1255/5212] sh.603345 安井食品 取到2311条 | 已用4217s ETA 13295s
2026-08-26 16:27:08,437 | INFO  | [1256/5212] sh.603348 文灿股份 取到2023条 | 已用4217s ETA 13281s
2026-08-26 16:27:40,313 | INFO  | [1257/5212] sh.603350 安乃达 取到522条 | 已用4249s ETA 13367s
2026-08-26 16:27:40,313 | INFO  | [1258/5212] sh.603351 威尔药业 取到1835条 | 已用4249s ETA 13353s
2026-08-26 16:27:40,313 | INFO  | [1259/5212] sh.603352 至信股份 取到148条 | 已用4249s ETA 13340s
2026-08-26 16:27:40,313 | INFO  | [1260/5212] sh.603353 和顺石油 取到1550条 | 已用4249s ETA 13326s
2026-08-26 16:27:40,313 | INFO  | [1261/5212] sh.603355 莱克电气 取到2425条 | 已用4249s ETA 13312s
2026-08-26 16:27:40,313 | INFO  | [1262/5212] sh.603356 华菱精工 取到2082条 | 已用4249s ETA 13298s
2026-08-26 16:27:40,313 | INFO  | [1263/5212] sh.603357 设计总院 取到2202条 | 已用4249s ETA 13284s
2026-08-26 16:27:40,313 | INFO  | [1264/5212] sh.603358 华达科技 取到2326条 | 已用4249s ETA 13270s
2026-08-26 16:28:14,386 | INFO  | [1265/5212] sh.603359 *ST东珠 取到2179条 | 已用4283s ETA 13362s
2026-08-26 16:28:14,386 | INFO  | [1266/5212] sh.603360 百傲化学 取到2323条 | 已用4283s ETA 13348s
2026-08-26 16:28:14,386 | INFO  | [1267/5212] sh.603363 傲农生物 取到2162条 | 已用4283s ETA 13335s
2026-08-26 16:28:14,386 | INFO  | [1268/5212] sh.603365 水星家纺 取到2128条 | 已用4283s ETA 13321s
2026-08-26 16:28:14,386 | INFO  | [1269/5212] sh.603366 日出东方 取到2425条 | 已用4283s ETA 13307s
2026-08-26 16:28:14,386 | INFO  | [1270/5212] sh.603367 辰欣药业 取到2159条 | 已用4283s ETA 13293s
2026-08-26 16:28:14,386 | INFO  | [1271/5212] sh.603368 柳药集团 取到2425条 | 已用4283s ETA 13279s
2026-08-26 16:28:14,386 | INFO  | [1272/5212] sh.603369 今世缘 取到2425条 | 已用4283s ETA 13265s
2026-08-26 16:29:30,282 | WARNING | sh.603379 第1次请求失败: error_code=10002007 msg=网络接收错误。
2026-08-26 16:29:42,601 | INFO  | [1273/5212] sh.603381 永臻股份 取到527条 | 已用4371s ETA 13524s
2026-08-26 16:29:42,601 | INFO  | [1274/5212] sh.603382 海阳科技 取到295条 | 已用4371s ETA 13510s
2026-08-26 16:29:42,601 | INFO  | [1275/5212] sh.603383 顶点软件 取到2251条 | 已用4371s ETA 13496s
2026-08-26 16:29:42,601 | INFO  | [1276/5212] sh.603385 惠达卫浴 取到2283条 | 已用4371s ETA 13482s
2026-08-26 16:29:42,601 | INFO  | [1277/5212] sh.603386 骏亚科技 取到2172条 | 已用4371s ETA 13468s
2026-08-26 16:29:42,601 | INFO  | [1278/5212] sh.603387 基蛋生物 取到2213条 | 已用4371s ETA 13454s
2026-08-26 16:29:42,601 | INFO  | [1279/5212] sh.603389 亚振家居 取到2354条 | 已用4371s ETA 13441s
2026-08-26 16:29:42,601 | INFO  | [1280/5212] sh.603390 通达电气 取到1638条 | 已用4371s ETA 13427s
2026-08-26 16:29:42,617 | WARNING | sh.603391 第1次请求失败: error_code=10001001 msg=用户未登录
2026-08-26 16:30:17,669 | INFO  | [1281/5212] sh.603370 华新精科 取到234条 | 已用4406s ETA 13520s
2026-08-26 16:30:17,669 | INFO  | [1282/5212] sh.603373 安邦护卫 取到649条 | 已用4406s ETA 13506s
2026-08-26 16:30:17,669 | INFO  | [1283/5212] sh.603375 盛景微 取到625条 | 已用4406s ETA 13492s
2026-08-26 16:30:17,669 | INFO  | [1284/5212] sh.603376 大明电子 取到196条 | 已用4406s ETA 13478s
2026-08-26 16:30:17,669 | INFO  | [1285/5212] sh.603377 ST东时 取到2425条 | 已用4406s ETA 13465s
2026-08-26 16:30:17,669 | INFO  | [1286/5212] sh.603378 *ST亚士 取到2160条 | 已用4406s ETA 13451s
2026-08-26 16:30:17,669 | INFO  | [1287/5212] sh.603379 三美股份 取到1796条 | 已用4406s ETA 13437s
2026-08-26 16:30:17,669 | INFO  | [1288/5212] sh.603380 易德龙 取到2230条 | 已用4406s ETA 13423s
2026-08-26 16:30:28,477 | INFO  | [1289/5212] sh.603391 力聚热能 取到502条 | 已用4417s ETA 13442s
2026-08-26 16:30:28,477 | INFO  | [1290/5212] sh.603392 万泰生物 取到1534条 | 已用4417s ETA 13428s
2026-08-26 16:30:28,477 | INFO  | [1291/5212] sh.603393 新天然气 取到2415条 | 已用4417s ETA 13414s
2026-08-26 16:30:28,477 | INFO  | [1292/5212] sh.603395 红四方 取到425条 | 已用4417s ETA 13400s
2026-08-26 16:30:28,477 | INFO  | [1293/5212] sh.603396 金辰股份 取到2151条 | 已用4417s ETA 13387s
2026-08-26 16:30:28,477 | INFO  | [1294/5212] sh.603398 *ST沐邦 取到2425条 | 已用4417s ETA 13373s
2026-08-26 16:30:28,477 | INFO  | [1295/5212] sh.603399 永杉锂业 取到2425条 | 已用4417s ETA 13359s
2026-08-26 16:30:28,477 | INFO  | [1296/5212] sh.603400 华之杰 取到289条 | 已用4417s ETA 13345s
2026-08-26 16:30:49,920 | INFO  | [1297/5212] sh.603402 陕西旅游 取到155条 | 已用4438s ETA 13397s
2026-08-26 16:30:49,920 | INFO  | [1298/5212] sh.603406 天富龙 取到254条 | 已用4438s ETA 13383s
2026-08-26 16:30:49,920 | INFO  | [1299/5212] sh.603407 长裕集团 取到76条 | 已用4438s ETA 13369s
2026-08-26 16:30:49,920 | INFO  | [1300/5212] sh.603408 建霖家居 取到1473条 | 已用4438s ETA 13355s
2026-08-26 16:30:49,920 | INFO  | [1301/5212] sh.603409 汇通控股 取到362条 | 已用4438s ETA 13342s
2026-08-26 16:30:49,920 | INFO  | [1302/5212] sh.603416 信捷电气 取到2350条 | 已用4438s ETA 13328s
2026-08-26 16:30:49,920 | INFO  | [1303/5212] sh.603418 友升股份 取到222条 | 已用4438s ETA 13314s
2026-08-26 16:30:49,920 | INFO  | [1304/5212] sh.603421 鼎信通讯 取到2401条 | 已用4438s ETA 13301s
2026-08-26 16:31:13,038 | INFO  | [1305/5212] sh.603429 *ST集友 取到2327条 | 已用4461s ETA 13356s
2026-08-26 16:31:13,038 | INFO  | [1306/5212] sh.603435 嘉德利 取到67条 | 已用4461s ETA 13343s
2026-08-26 16:31:13,038 | INFO  | [1307/5212] sh.603439 三力制药 取到1535条 | 已用4461s ETA 13329s
2026-08-26 16:31:13,038 | INFO  | [1308/5212] sh.603444 吉比特 取到2341条 | 已用4461s ETA 13316s
2026-08-26 16:31:13,038 | INFO  | [1309/5212] sh.603456 九洲药业 取到2425条 | 已用4461s ETA 13302s
2026-08-26 16:31:13,038 | INFO  | [1310/5212] sh.603458 勘设股份 取到2196条 | 已用4461s ETA 13288s
2026-08-26 16:31:13,038 | INFO  | [1311/5212] sh.603459 红板科技 取到96条 | 已用4461s ETA 13275s
2026-08-26 16:31:13,038 | INFO  | [1312/5212] sh.603466 风语筑 取到2149条 | 已用4461s ETA 13261s
2026-08-26 16:31:46,807 | INFO  | [1313/5212] sh.603468 津富士达 取到14条 | 已用4495s ETA 13348s
2026-08-26 16:31:46,807 | INFO  | [1314/5212] sh.603477 巨星农牧 取到2108条 | 已用4495s ETA 13335s
2026-08-26 16:31:46,807 | INFO  | [1315/5212] sh.603486 科沃斯 取到2003条 | 已用4495s ETA 13321s
2026-08-26 16:31:46,807 | INFO  | [1316/5212] sh.603488 展鹏科技 取到2255条 | 已用4495s ETA 13307s
2026-08-26 16:31:46,807 | INFO  | [1317/5212] sh.603489 八方股份 取到1648条 | 已用4495s ETA 13294s
2026-08-26 16:31:46,807 | INFO  | [1318/5212] sh.603496 恒为科技 取到2241条 | 已用4495s ETA 13280s
2026-08-26 16:31:46,807 | INFO  | [1319/5212] sh.603499 翔港科技 取到2153条 | 已用4495s ETA 13267s
2026-08-26 16:31:46,807 | INFO  | [1320/5212] sh.603500 祥和实业 取到2178条 | 已用4495s ETA 13254s
2026-08-26 16:32:30,239 | INFO  | [1321/5212] sh.603501 豪威集团 取到2263条 | 已用4538s ETA 13368s
2026-08-26 16:32:30,239 | INFO  | [1322/5212] sh.603505 金石资源 取到2264条 | 已用4538s ETA 13354s
2026-08-26 16:32:30,239 | INFO  | [1323/5212] sh.603506 南都物业 取到2076条 | 已用4538s ETA 13341s
2026-08-26 16:32:30,239 | INFO  | [1324/5212] sh.603507 振江股份 取到2138条 | 已用4538s ETA 13327s
2026-08-26 16:32:30,240 | INFO  | [1325/5212] sh.603508 思维列控 取到2425条 | 已用4538s ETA 13314s
2026-08-26 16:32:30,240 | INFO  | [1326/5212] sh.603511 爱慕股份 取到1272条 | 已用4538s ETA 13300s
2026-08-26 16:32:30,240 | INFO  | [1327/5212] sh.603515 欧普照明 取到2425条 | 已用4538s ETA 13287s
2026-08-26 16:32:30,240 | INFO  | [1328/5212] sh.603516 淳中科技 取到2075条 | 已用4538s ETA 13274s
2026-08-26 16:32:55,512 | INFO  | [1329/5212] sh.603517 ST绝味 取到2294条 | 已用4564s ETA 13334s
2026-08-26 16:32:55,512 | INFO  | [1330/5212] sh.603518 锦泓集团 取到2425条 | 已用4564s ETA 13321s
2026-08-26 16:32:55,512 | INFO  | [1331/5212] sh.603519 立霸股份 取到2425条 | 已用4564s ETA 13307s
2026-08-26 16:32:55,512 | INFO  | [1332/5212] sh.603520 司太立 取到2425条 | 已用4564s ETA 13294s
2026-08-26 16:32:55,512 | INFO  | [1333/5212] sh.603527 众源新材 取到2175条 | 已用4564s ETA 13280s
2026-08-26 16:32:55,512 | INFO  | [1334/5212] sh.603528 多伦科技 取到2425条 | 已用4564s ETA 13267s
2026-08-26 16:32:55,512 | INFO  | [1335/5212] sh.603529 爱玛科技 取到1262条 | 已用4564s ETA 13254s
2026-08-26 16:32:55,512 | INFO  | [1336/5212] sh.603530 神马电力 取到1712条 | 已用4564s ETA 13240s
2026-08-26 16:33:52,508 | INFO  | [1337/5212] sh.603559 中通国脉 取到2363条 | 已用4621s ETA 13392s
2026-08-26 16:33:52,508 | INFO  | [1338/5212] sh.603565 中谷物流 取到1432条 | 已用4621s ETA 13379s
2026-08-26 16:33:52,508 | INFO  | [1339/5212] sh.603566 普莱柯 取到2425条 | 已用4621s ETA 13365s
2026-08-26 16:33:52,508 | INFO  | [1340/5212] sh.603567 珍宝岛 取到2425条 | 已用4621s ETA 13352s
2026-08-26 16:33:52,510 | INFO  | [1341/5212] sh.603568 伟明环保 取到2425条 | 已用4621s ETA 13338s
2026-08-26 16:33:52,510 | INFO  | [1342/5212] sh.603569 长久物流 取到2425条 | 已用4621s ETA 13325s
2026-08-26 16:33:52,510 | INFO  | [1343/5212] sh.603577 汇金通 取到2349条 | 已用4621s ETA 13312s
2026-08-26 16:33:52,510 | INFO  | [1344/5212] sh.603578 三星新材 取到2303条 | 已用4621s ETA 13298s
2026-08-26 16:34:26,103 | INFO  | [1345/5212] sh.603533 掌阅科技 取到2165条 | 已用4654s ETA 13382s
2026-08-26 16:34:26,103 | INFO  | [1346/5212] sh.603535 嘉诚国际 取到2197条 | 已用4654s ETA 13368s
2026-08-26 16:34:26,103 | INFO  | [1347/5212] sh.603536 惠发食品 取到2237条 | 已用4654s ETA 13355s
2026-08-26 16:34:26,103 | INFO  | [1348/5212] sh.603538 美诺华 取到2281条 | 已用4654s ETA 13341s
2026-08-26 16:34:26,103 | INFO  | [1349/5212] sh.603551 奥普科技 取到1602条 | 已用4654s ETA 13328s
2026-08-26 16:34:26,103 | INFO  | [1350/5212] sh.603556 海兴电力 取到2379条 | 已用4654s ETA 13315s
2026-08-26 16:34:26,103 | INFO  | [1351/5212] sh.603557 *ST起步 取到2189条 | 已用4654s ETA 13301s
2026-08-26 16:34:26,103 | INFO  | [1352/5212] sh.603558 健盛集团 取到2425条 | 已用4654s ETA 13288s
2026-08-26 16:34:53,294 | INFO  | [1353/5212] sh.603579 荣泰健康 取到2336条 | 已用4682s ETA 13353s
2026-08-26 16:34:53,294 | INFO  | [1354/5212] sh.603580 艾艾精工 取到2248条 | 已用4682s ETA 13339s
2026-08-26 16:34:53,294 | INFO  | [1355/5212] sh.603583 捷昌驱动 取到1920条 | 已用4682s ETA 13326s
2026-08-26 16:34:53,294 | INFO  | [1356/5212] sh.603585 苏利股份 取到2355条 | 已用4682s ETA 13313s
2026-08-26 16:34:53,294 | INFO  | [1357/5212] sh.603586 金麒麟 取到2282条 | 已用4682s ETA 13299s
2026-08-26 16:34:53,294 | INFO  | [1358/5212] sh.603587 地素时尚 取到1985条 | 已用4682s ETA 13286s
2026-08-26 16:34:53,294 | INFO  | [1359/5212] sh.603588 高能环境 取到2425条 | 已用4682s ETA 13273s
2026-08-26 16:34:53,294 | INFO  | [1360/5212] sh.603589 口子窖 取到2425条 | 已用4682s ETA 13260s
2026-08-26 16:35:44,934 | INFO  | [1361/5212] sh.603590 康辰药业 取到1939条 | 已用4733s ETA 13393s
2026-08-26 16:35:44,934 | INFO  | [1362/5212] sh.603595 ST东尼 取到2216条 | 已用4733s ETA 13379s
2026-08-26 16:35:44,934 | INFO  | [1363/5212] sh.603596 伯特利 取到2022条 | 已用4733s ETA 13366s
2026-08-26 16:35:44,934 | INFO  | [1364/5212] sh.603598 引力传媒 取到2425条 | 已用4733s ETA 13353s
2026-08-26 16:35:44,934 | INFO  | [1365/5212] sh.603599 广信股份 取到2425条 | 已用4733s ETA 13340s
2026-08-26 16:35:44,934 | INFO  | [1366/5212] sh.603600 永艺股份 取到2425条 | 已用4733s ETA 13326s
2026-08-26 16:35:44,934 | INFO  | [1367/5212] sh.603601 再升科技 取到2425条 | 已用4733s ETA 13313s
2026-08-26 16:35:44,934 | INFO  | [1368/5212] sh.603602 纵横通信 取到2195条 | 已用4733s ETA 13300s
2026-08-26 16:36:48,831 | INFO  | [1369/5212] sh.603605 珀莱雅 取到2131条 | 已用4797s ETA 13466s
2026-08-26 16:36:48,831 | INFO  | [1370/5212] sh.603606 东方电缆 取到2425条 | 已用4797s ETA 13453s
2026-08-26 16:36:48,831 | INFO  | [1371/5212] sh.603607 京华激光 取到2146条 | 已用4797s ETA 13439s
2026-08-26 16:36:48,832 | INFO  | [1372/5212] sh.603608 天创时尚 取到2425条 | 已用4797s ETA 13426s
2026-08-26 16:36:48,832 | INFO  | [1373/5212] sh.603609 禾丰股份 取到2425条 | 已用4797s ETA 13413s
2026-08-26 16:36:48,832 | INFO  | [1374/5212] sh.603610 麒盛科技 取到1657条 | 已用4797s ETA 13400s
2026-08-26 16:36:48,832 | INFO  | [1375/5212] sh.603611 诺力股份 取到2425条 | 已用4797s ETA 13386s
2026-08-26 16:36:48,832 | INFO  | [1376/5212] sh.603612 索通发展 取到2212条 | 已用4797s ETA 13373s
2026-08-26 16:37:09,545 | INFO  | [1377/5212] sh.603613 国联股份 取到1716条 | 已用4818s ETA 13418s
2026-08-26 16:37:09,545 | INFO  | [1378/5212] sh.603615 茶花股份 取到2318条 | 已用4818s ETA 13404s
2026-08-26 16:37:09,545 | INFO  | [1379/5212] sh.603616 韩建河山 取到2425条 | 已用4818s ETA 13391s
2026-08-26 16:37:09,545 | INFO  | [1380/5212] sh.603617 君禾股份 取到2223条 | 已用4818s ETA 13378s
2026-08-26 16:37:09,545 | INFO  | [1381/5212] sh.603618 杭电股份 取到2425条 | 已用4818s ETA 13365s
2026-08-26 16:37:09,545 | INFO  | [1382/5212] sh.603619 中曼石油 取到2129条 | 已用4818s ETA 13352s
2026-08-26 16:37:09,545 | INFO  | [1383/5212] sh.603626 科森科技 取到2320条 | 已用4818s ETA 13339s
2026-08-26 16:37:09,545 | INFO  | [1384/5212] sh.603628 清源股份 取到2335条 | 已用4818s ETA 13325s
2026-08-26 16:37:50,092 | INFO  | [1385/5212] sh.603629 利通电子 取到1860条 | 已用4858s ETA 13424s
2026-08-26 16:37:50,092 | INFO  | [1386/5212] sh.603630 拉芳家化 取到2298条 | 已用4858s ETA 13411s
2026-08-26 16:37:50,092 | INFO  | [1387/5212] sh.603633 徕木股份 取到2374条 | 已用4858s ETA 13398s
2026-08-26 16:37:50,092 | INFO  | [1388/5212] sh.603636 南威软件 取到2425条 | 已用4858s ETA 13385s
2026-08-26 16:37:50,092 | INFO  | [1389/5212] sh.603637 镇海股份 取到2321条 | 已用4858s ETA 13372s
2026-08-26 16:37:50,092 | INFO  | [1390/5212] sh.603638 艾迪精密 取到2329条 | 已用4858s ETA 13359s
2026-08-26 16:37:50,092 | INFO  | [1391/5212] sh.603639 海利尔 取到2335条 | 已用4858s ETA 13346s
2026-08-26 16:37:50,092 | INFO  | [1392/5212] sh.603648 畅联股份 取到2171条 | 已用4858s ETA 13332s
2026-08-26 16:38:29,751 | INFO  | [1393/5212] sh.603650 彤程新材 取到1982条 | 已用4898s ETA 13428s
2026-08-26 16:38:29,751 | INFO  | [1394/5212] sh.603655 朗博科技 取到2099条 | 已用4898s ETA 13415s
2026-08-26 16:38:29,751 | INFO  | [1395/5212] sh.603656 泰禾智能 取到2292条 | 已用4898s ETA 13402s
2026-08-26 16:38:29,751 | INFO  | [1396/5212] sh.603657 春光科技 取到1959条 | 已用4898s ETA 13389s
2026-08-26 16:38:29,751 | INFO  | [1397/5212] sh.603658 安图生物 取到2422条 | 已用4898s ETA 13376s
2026-08-26 16:38:29,751 | INFO  | [1398/5212] sh.603659 璞泰来 取到2139条 | 已用4898s ETA 13363s
2026-08-26 16:38:29,751 | INFO  | [1399/5212] sh.603660 苏州科达 取到2364条 | 已用4898s ETA 13349s
2026-08-26 16:38:29,751 | INFO  | [1400/5212] sh.603661 恒林股份 取到2127条 | 已用4898s ETA 13336s
2026-08-26 16:38:46,929 | INFO  | [1401/5212] sh.603662 柯力传感 取到1711条 | 已用4915s ETA 13370s
2026-08-26 16:38:46,929 | INFO  | [1402/5212] sh.603663 三祥新材 取到2425条 | 已用4915s ETA 13357s
2026-08-26 16:38:46,929 | INFO  | [1403/5212] sh.603665 康隆达 取到2298条 | 已用4915s ETA 13344s
2026-08-26 16:38:46,929 | INFO  | [1404/5212] sh.603666 亿嘉和 取到1992条 | 已用4915s ETA 13331s
2026-08-26 16:38:46,929 | INFO  | [1405/5212] sh.603667 五洲新春 取到2391条 | 已用4915s ETA 13318s
2026-08-26 16:38:46,929 | INFO  | [1406/5212] sh.603668 天马科技 取到2332条 | 已用4915s ETA 13305s
2026-08-26 16:38:46,929 | INFO  | [1407/5212] sh.603669 灵康药业 取到2425条 | 已用4915s ETA 13292s
2026-08-26 16:38:46,929 | INFO  | [1408/5212] sh.603676 卫信康 取到2209条 | 已用4915s ETA 13279s
2026-08-26 16:39:39,921 | INFO  | [1409/5212] sh.603677 奇精机械 取到2323条 | 已用4968s ETA 13409s
2026-08-26 16:39:39,921 | INFO  | [1410/5212] sh.603678 火炬电子 取到2425条 | 已用4968s ETA 13396s
2026-08-26 16:39:39,921 | INFO  | [1411/5212] sh.603679 华体科技 取到2231条 | 已用4968s ETA 13383s
2026-08-26 16:39:39,921 | INFO  | [1412/5212] sh.603680 今创集团 取到2063条 | 已用4968s ETA 13370s
2026-08-26 16:39:39,921 | INFO  | [1413/5212] sh.603681 永冠新材 取到1801条 | 已用4968s ETA 13357s
2026-08-26 16:39:39,921 | INFO  | [1414/5212] sh.603682 锦和商管 取到1540条 | 已用4968s ETA 13344s
2026-08-26 16:39:39,921 | INFO  | [1415/5212] sh.603683 晶华新材 取到2149条 | 已用4968s ETA 13331s
2026-08-26 16:39:39,921 | INFO  | [1416/5212] sh.603685 晨丰科技 取到2123条 | 已用4968s ETA 13319s
2026-08-26 16:40:15,548 | INFO  | [1417/5212] sh.603686 福龙马 取到2425条 | 已用5004s ETA 13401s
2026-08-26 16:40:15,548 | INFO  | [1418/5212] sh.603687 大胜达 取到1718条 | 已用5004s ETA 13388s
2026-08-26 16:40:15,548 | INFO  | [1419/5212] sh.603688 石英股份 取到2425条 | 已用5004s ETA 13375s
2026-08-26 16:40:15,548 | INFO  | [1420/5212] sh.603689 皖天然气 取到2337条 | 已用5004s ETA 13362s
2026-08-26 16:40:15,548 | INFO  | [1421/5212] sh.603690 至纯科技 取到2334条 | 已用5004s ETA 13349s
2026-08-26 16:40:15,548 | INFO  | [1422/5212] sh.603693 江苏新能 取到1978条 | 已用5004s ETA 13336s
2026-08-26 16:40:15,548 | INFO  | [1423/5212] sh.603696 安记食品 取到2425条 | 已用5004s ETA 13323s
2026-08-26 16:40:15,548 | INFO  | [1424/5212] sh.603697 有友食品 取到1774条 | 已用5004s ETA 13311s
2026-08-26 16:40:59,751 | INFO  | [1425/5212] sh.603698 航天工程 取到2425条 | 已用5048s ETA 13415s
2026-08-26 16:40:59,751 | INFO  | [1426/5212] sh.603699 纽威股份 取到2425条 | 已用5048s ETA 13402s
2026-08-26 16:40:59,751 | INFO  | [1427/5212] sh.603700 宁水集团 取到1841条 | 已用5048s ETA 13389s
2026-08-26 16:40:59,751 | INFO  | [1428/5212] sh.603701 德宏股份 取到2425条 | 已用5048s ETA 13376s
2026-08-26 16:40:59,751 | INFO  | [1429/5212] sh.603703 盛洋科技 取到2425条 | 已用5048s ETA 13364s
2026-08-26 16:40:59,751 | INFO  | [1430/5212] sh.603706 东方环宇 取到1974条 | 已用5048s ETA 13351s
2026-08-26 16:40:59,751 | INFO  | [1431/5212] sh.603707 健友股份 取到2211条 | 已用5048s ETA 13338s
2026-08-26 16:40:59,751 | INFO  | [1432/5212] sh.603708 家家悦 取到2356条 | 已用5048s ETA 13325s
2026-08-26 16:41:40,555 | INFO  | [1433/5212] sh.603721 中广天择 取到2194条 | 已用5089s ETA 13420s
2026-08-26 16:41:40,555 | INFO  | [1434/5212] sh.603722 阿科力 取到2146条 | 已用5089s ETA 13407s
2026-08-26 16:41:40,555 | INFO  | [1435/5212] sh.603725 天安新材 取到2176条 | 已用5089s ETA 13394s
2026-08-26 16:41:40,555 | INFO  | [1436/5212] sh.603726 朗迪集团 取到2425条 | 已用5089s ETA 13381s
2026-08-26 16:41:40,555 | INFO  | [1437/5212] sh.603727 博迈科 取到2371条 | 已用5089s ETA 13368s
2026-08-26 16:41:40,555 | INFO  | [1438/5212] sh.603728 鸣志电器 取到2260条 | 已用5089s ETA 13355s
2026-08-26 16:41:40,555 | INFO  | [1439/5212] sh.603729 ST龙韵 取到2425条 | 已用5089s ETA 13343s
2026-08-26 16:41:40,555 | INFO  | [1440/5212] sh.603730 岱美股份 取到2204条 | 已用5089s ETA 13330s
2026-08-26 16:41:45,880 | INFO  | [1441/5212] sh.603709 中源家居 取到2071条 | 已用5094s ETA 13331s
2026-08-26 16:41:45,880 | INFO  | [1442/5212] sh.603711 香飘飘 取到2120条 | 已用5094s ETA 13318s
2026-08-26 16:41:45,880 | INFO  | [1443/5212] sh.603712 七一二 取到2064条 | 已用5094s ETA 13305s
2026-08-26 16:41:45,880 | INFO  | [1444/5212] sh.603713 密尔克卫 取到1970条 | 已用5094s ETA 13293s
2026-08-26 16:41:45,880 | INFO  | [1445/5212] sh.603716 塞力医疗 取到2387条 | 已用5094s ETA 13280s
2026-08-26 16:41:45,880 | INFO  | [1446/5212] sh.603717 天域生物 取到2288条 | 已用5094s ETA 13267s
2026-08-26 16:41:45,880 | INFO  | [1447/5212] sh.603718 *ST海利 取到2425条 | 已用5094s ETA 13255s
2026-08-26 16:41:45,880 | INFO  | [1448/5212] sh.603719 良品铺子 取到1580条 | 已用5094s ETA 13242s
2026-08-26 16:42:09,254 | INFO  | [1449/5212] sh.603733 仙鹤股份 取到2027条 | 已用5117s ETA 13290s
2026-08-26 16:42:09,254 | INFO  | [1450/5212] sh.603737 三棵树 取到2425条 | 已用5117s ETA 13277s
2026-08-26 16:42:09,254 | INFO  | [1451/5212] sh.603738 泰晶科技 取到2405条 | 已用5117s ETA 13265s
2026-08-26 16:42:09,254 | INFO  | [1452/5212] sh.603739 蔚蓝生物 取到1845条 | 已用5117s ETA 13252s
2026-08-26 16:42:09,254 | INFO  | [1453/5212] sh.603755 日辰股份 取到1695条 | 已用5117s ETA 13239s
2026-08-26 16:42:09,255 | INFO  | [1454/5212] sh.603757 大元泵业 取到2217条 | 已用5117s ETA 13227s
2026-08-26 16:42:09,255 | INFO  | [1455/5212] sh.603758 秦安股份 取到2254条 | 已用5117s ETA 13214s
2026-08-26 16:42:09,255 | INFO  | [1456/5212] sh.603759 海天股份 取到1314条 | 已用5117s ETA 13201s
2026-08-26 16:42:39,995 | INFO  | [1457/5212] sh.603766 隆鑫通用 取到2425条 | 已用5148s ETA 13268s
2026-08-26 16:42:39,995 | INFO  | [1458/5212] sh.603767 中马传动 取到2237条 | 已用5148s ETA 13255s
2026-08-26 16:42:39,995 | INFO  | [1459/5212] sh.603768 常青股份 取到2289条 | 已用5148s ETA 13243s
2026-08-26 16:42:39,995 | INFO  | [1460/5212] sh.603773 沃格光电 取到2030条 | 已用5148s ETA 13230s
2026-08-26 16:42:39,995 | INFO  | [1461/5212] sh.603776 永安行 取到2190条 | 已用5148s ETA 13218s
2026-08-26 16:42:39,995 | INFO  | [1462/5212] sh.603777 来伊份 取到2400条 | 已用5148s ETA 13205s
2026-08-26 16:42:39,995 | INFO  | [1463/5212] sh.603778 国晟科技 取到2425条 | 已用5148s ETA 13193s
2026-08-26 16:42:39,995 | INFO  | [1464/5212] sh.603779 威龙股份 取到2425条 | 已用5148s ETA 13180s
2026-08-26 16:42:50,260 | INFO  | [1465/5212] sh.603786 科博达 取到1667条 | 已用5158s ETA 13194s
2026-08-26 16:42:50,260 | INFO  | [1466/5212] sh.603787 新日股份 取到2267条 | 已用5158s ETA 13181s
2026-08-26 16:42:50,260 | INFO  | [1467/5212] sh.603788 宁波高发 取到2425条 | 已用5158s ETA 13169s
2026-08-26 16:42:50,260 | INFO  | [1468/5212] sh.603789 ST星农 取到2425条 | 已用5158s ETA 13156s
2026-08-26 16:42:50,260 | INFO  | [1469/5212] sh.603790 雅运股份 取到1927条 | 已用5158s ETA 13144s
2026-08-26 16:42:50,260 | INFO  | [1470/5212] sh.603797 联泰环保 取到2277条 | 已用5158s ETA 13131s
2026-08-26 16:42:50,260 | INFO  | [1471/5212] sh.603798 康普顿 取到2425条 | 已用5158s ETA 13119s
2026-08-26 16:42:50,260 | INFO  | [1472/5212] sh.603799 华友钴业 取到2425条 | 已用5158s ETA 13106s
2026-08-26 16:43:25,542 | INFO  | [1473/5212] sh.603813 原尚股份 取到2168条 | 已用5194s ETA 13184s
2026-08-26 16:43:25,542 | INFO  | [1474/5212] sh.603815 交建股份 取到1663条 | 已用5194s ETA 13171s
2026-08-26 16:43:25,542 | INFO  | [1475/5212] sh.603816 顾家家居 取到2398条 | 已用5194s ETA 13159s
2026-08-26 16:43:25,542 | INFO  | [1476/5212] sh.603817 海峡环保 取到2313条 | 已用5194s ETA 13146s
2026-08-26 16:43:25,542 | INFO  | [1477/5212] sh.603818 曲美家居 取到2425条 | 已用5194s ETA 13134s
2026-08-26 16:43:25,542 | INFO  | [1478/5212] sh.603819 神力股份 取到2368条 | 已用5194s ETA 13121s
2026-08-26 16:43:25,542 | INFO  | [1479/5212] sh.603822 ST嘉澳 取到2425条 | 已用5194s ETA 13109s
2026-08-26 16:43:25,542 | INFO  | [1480/5212] sh.603823 百合花 取到2351条 | 已用5194s ETA 13097s
2026-08-26 16:43:51,108 | INFO  | [1481/5212] sh.603800 洪田股份 取到2425条 | 已用5219s ETA 13149s
2026-08-26 16:43:51,108 | INFO  | [1482/5212] sh.603801 志邦家居 取到2224条 | 已用5219s ETA 13136s
2026-08-26 16:43:51,108 | INFO  | [1483/5212] sh.603803 瑞斯康达 取到2272条 | 已用5219s ETA 13124s
2026-08-26 16:43:51,108 | INFO  | [1484/5212] sh.603806 福斯特 取到2425条 | 已用5219s ETA 13112s
2026-08-26 16:43:51,108 | INFO  | [1485/5212] sh.603808 歌力思 取到2425条 | 已用5219s ETA 13099s
2026-08-26 16:43:51,108 | INFO  | [1486/5212] sh.603809 豪能股份 取到2122条 | 已用5219s ETA 13087s
2026-08-26 16:43:51,108 | INFO  | [1487/5212] sh.603810 丰山集团 取到1924条 | 已用5219s ETA 13075s
2026-08-26 16:43:51,108 | INFO  | [1488/5212] sh.603811 诚意药业 取到2296条 | 已用5219s ETA 13062s
2026-08-26 16:43:59,887 | INFO  | [1489/5212] sh.603825 ST华扬 取到2201条 | 已用5228s ETA 13072s
2026-08-26 16:43:59,887 | INFO  | [1490/5212] sh.603826 坤彩科技 取到2276条 | 已用5228s ETA 13060s
2026-08-26 16:43:59,887 | INFO  | [1491/5212] sh.603828 *ST利达 取到2425条 | 已用5228s ETA 13047s
2026-08-26 16:43:59,887 | INFO  | [1492/5212] sh.603829 洛凯股份 取到2152条 | 已用5228s ETA 13035s
2026-08-26 16:43:59,887 | INFO  | [1493/5212] sh.603833 欧派家居 取到2287条 | 已用5228s ETA 13023s
2026-08-26 16:43:59,887 | INFO  | [1494/5212] sh.603836 海程邦达 取到1275条 | 已用5228s ETA 13011s
2026-08-26 16:43:59,887 | INFO  | [1495/5212] sh.603838 *ST四通 取到2425条 | 已用5228s ETA 12999s
2026-08-26 16:43:59,887 | INFO  | [1496/5212] sh.603839 安正时尚 取到2317条 | 已用5228s ETA 12986s
2026-08-26 16:44:44,580 | INFO  | [1497/5212] sh.603863 松炀资源 取到1743条 | 已用5273s ETA 13085s
2026-08-26 16:44:44,580 | INFO  | [1498/5212] sh.603866 桃李面包 取到2425条 | 已用5273s ETA 13073s
2026-08-26 16:44:44,580 | INFO  | [1499/5212] sh.603867 新化股份 取到1739条 | 已用5273s ETA 13061s
2026-08-26 16:44:44,580 | INFO  | [1500/5212] sh.603868 飞科电器 取到2425条 | 已用5273s ETA 13048s
2026-08-26 16:44:44,580 | INFO  | [1501/5212] sh.603869 ST智知 取到2425条 | 已用5273s ETA 13036s
2026-08-26 16:44:44,580 | INFO  | [1502/5212] sh.603871 嘉友国际 取到2073条 | 已用5273s ETA 13024s
2026-08-26 16:44:44,580 | INFO  | [1503/5212] sh.603876 鼎胜新材 取到2029条 | 已用5273s ETA 13012s
2026-08-26 16:44:44,580 | INFO  | [1504/5212] sh.603877 太平鸟 取到2338条 | 已用5273s ETA 13000s
2026-08-26 16:45:03,090 | INFO  | [1505/5212] sh.603843 *ST正平 取到2420条 | 已用5291s ETA 13033s
2026-08-26 16:45:03,091 | INFO  | [1506/5212] sh.603848 好太太 取到2119条 | 已用5291s ETA 13021s
2026-08-26 16:45:03,091 | INFO  | [1507/5212] sh.603855 华荣股份 取到2249条 | 已用5291s ETA 13009s
2026-08-26 16:45:03,091 | INFO  | [1508/5212] sh.603856 东宏股份 取到2138条 | 已用5291s ETA 12997s
2026-08-26 16:45:03,091 | INFO  | [1509/5212] sh.603858 步长制药 取到2373条 | 已用5291s ETA 12985s
2026-08-26 16:45:03,091 | INFO  | [1510/5212] sh.603859 能科科技 取到2393条 | 已用5291s ETA 12972s
2026-08-26 16:45:03,091 | INFO  | [1511/5212] sh.603860 中公高科 取到2201条 | 已用5291s ETA 12960s
2026-08-26 16:45:03,091 | INFO  | [1512/5212] sh.603861 白云电器 取到2425条 | 已用5291s ETA 12948s
2026-08-26 16:45:39,618 | INFO  | [1513/5212] sh.603878 武进不锈 取到2352条 | 已用5328s ETA 13026s
2026-08-26 16:45:39,618 | INFO  | [1514/5212] sh.603879 永悦科技 取到2236条 | 已用5328s ETA 13013s
2026-08-26 16:45:39,618 | INFO  | [1515/5212] sh.603880 南卫股份 取到2198条 | 已用5328s ETA 13001s
2026-08-26 16:45:39,618 | INFO  | [1516/5212] sh.603881 数据港 取到2321条 | 已用5328s ETA 12989s
2026-08-26 16:45:39,618 | INFO  | [1517/5212] sh.603882 金域医学 取到2174条 | 已用5328s ETA 12977s
2026-08-26 16:45:39,618 | INFO  | [1518/5212] sh.603883 老百姓 取到2425条 | 已用5328s ETA 12965s
2026-08-26 16:45:39,618 | INFO  | [1519/5212] sh.603885 吉祥航空 取到2425条 | 已用5328s ETA 12953s
2026-08-26 16:45:39,618 | INFO  | [1520/5212] sh.603886 元祖股份 取到2345条 | 已用5328s ETA 12941s
2026-08-26 16:45:58,794 | INFO  | [1521/5212] sh.603887 城地香江 取到2402条 | 已用5347s ETA 12976s
2026-08-26 16:45:58,794 | INFO  | [1522/5212] sh.603888 新华网 取到2388条 | 已用5347s ETA 12964s
2026-08-26 16:45:58,794 | INFO  | [1523/5212] sh.603889 新澳股份 取到2425条 | 已用5347s ETA 12951s
2026-08-26 16:45:58,794 | INFO  | [1524/5212] sh.603890 春秋电子 取到2112条 | 已用5347s ETA 12939s
2026-08-26 16:45:58,794 | INFO  | [1525/5212] sh.603893 瑞芯微 取到1591条 | 已用5347s ETA 12927s
2026-08-26 16:45:58,794 | INFO  | [1526/5212] sh.603895 天永智能 取到2084条 | 已用5347s ETA 12916s
2026-08-26 16:45:58,794 | INFO  | [1527/5212] sh.603896 寿仙谷 取到2259条 | 已用5347s ETA 12904s
2026-08-26 16:45:58,794 | INFO  | [1528/5212] sh.603897 长城科技 取到2035条 | 已用5347s ETA 12892s
2026-08-26 16:46:40,814 | INFO  | [1529/5212] sh.603912 佳力图 取到2141条 | 已用5389s ETA 12981s
2026-08-26 16:46:40,814 | INFO  | [1530/5212] sh.603915 国茂股份 取到1748条 | 已用5389s ETA 12969s
2026-08-26 16:46:40,814 | INFO  | [1531/5212] sh.603916 苏博特 取到2134条 | 已用5389s ETA 12957s
2026-08-26 16:46:40,814 | INFO  | [1532/5212] sh.603917 合力科技 取到2118条 | 已用5389s ETA 12945s
2026-08-26 16:46:40,814 | INFO  | [1533/5212] sh.603918 金桥信息 取到2425条 | 已用5389s ETA 12933s
2026-08-26 16:46:40,814 | INFO  | [1534/5212] sh.603919 金徽酒 取到2425条 | 已用5389s ETA 12921s
2026-08-26 16:46:40,814 | INFO  | [1535/5212] sh.603920 世运电路 取到2268条 | 已用5389s ETA 12909s
2026-08-26 16:46:40,814 | INFO  | [1536/5212] sh.603922 ST金鸿顺 取到2148条 | 已用5389s ETA 12897s
2026-08-26 16:46:54,349 | INFO  | [1537/5212] sh.603898 好莱客 取到2425条 | 已用5403s ETA 12918s
2026-08-26 16:46:54,349 | INFO  | [1538/5212] sh.603899 晨光股份 取到2425条 | 已用5403s ETA 12906s
2026-08-26 16:46:54,349 | INFO  | [1539/5212] sh.603900 莱绅通灵 取到2370条 | 已用5403s ETA 12894s
2026-08-26 16:46:54,349 | INFO  | [1540/5212] sh.603901 永创智能 取到2425条 | 已用5403s ETA 12882s
2026-08-26 16:46:54,349 | INFO  | [1541/5212] sh.603903 中持股份 取到2297条 | 已用5403s ETA 12870s
2026-08-26 16:46:54,349 | INFO  | [1542/5212] sh.603906 龙蟠科技 取到2280条 | 已用5403s ETA 12858s
2026-08-26 16:46:54,349 | INFO  | [1543/5212] sh.603908 牧高笛 取到2302条 | 已用5403s ETA 12846s
2026-08-26 16:46:54,349 | INFO  | [1544/5212] sh.603909 建发合诚 取到2425条 | 已用5403s ETA 12835s
2026-08-26 16:47:14,380 | INFO  | [1545/5212] sh.603926 铁流股份 取到2259条 | 已用5423s ETA 12870s
2026-08-26 16:47:14,380 | INFO  | [1546/5212] sh.603927 中科软 取到1687条 | 已用5423s ETA 12858s
2026-08-26 16:47:14,380 | INFO  | [1547/5212] sh.603928 兴业股份 取到2357条 | 已用5423s ETA 12847s
2026-08-26 16:47:14,380 | INFO  | [1548/5212] sh.603929 亚翔集成 取到2343条 | 已用5423s ETA 12835s
2026-08-26 16:47:14,380 | INFO  | [1549/5212] sh.603931 格林达 取到1459条 | 已用5423s ETA 12823s
2026-08-26 16:47:14,380 | INFO  | [1550/5212] sh.603933 睿能科技 取到2220条 | 已用5423s ETA 12811s
2026-08-26 16:47:14,380 | INFO  | [1551/5212] sh.603936 博敏电子 取到2425条 | 已用5423s ETA 12800s
2026-08-26 16:47:14,380 | INFO  | [1552/5212] sh.603937 丽岛新材 取到2140条 | 已用5423s ETA 12788s
2026-08-26 16:47:32,691 | INFO  | [1553/5212] sh.603938 三孚股份 取到2226条 | 已用5441s ETA 12819s
2026-08-26 16:47:32,691 | INFO  | [1554/5212] sh.603939 益丰药房 取到2425条 | 已用5441s ETA 12807s
2026-08-26 16:47:32,691 | INFO  | [1555/5212] sh.603948 建业股份 取到1575条 | 已用5441s ETA 12796s
2026-08-26 16:47:32,691 | INFO  | [1556/5212] sh.603949 雪龙集团 取到1569条 | 已用5441s ETA 12784s
2026-08-26 16:47:32,691 | INFO  | [1557/5212] sh.603950 长源东谷 取到1518条 | 已用5441s ETA 12772s
2026-08-26 16:47:32,691 | INFO  | [1558/5212] sh.603955 大千生态 取到2299条 | 已用5441s ETA 12761s
2026-08-26 16:47:32,691 | INFO  | [1559/5212] sh.603956 威派格 取到1823条 | 已用5441s ETA 12749s
2026-08-26 16:47:32,691 | INFO  | [1560/5212] sh.603958 哈森股份 取到2425条 | 已用5441s ETA 12737s
2026-08-26 16:47:54,613 | INFO  | [1561/5212] sh.603959 ST百利 取到2425条 | 已用5463s ETA 12777s
2026-08-26 16:47:54,613 | INFO  | [1562/5212] sh.603960 克来机电 取到2297条 | 已用5463s ETA 12765s
2026-08-26 16:47:54,613 | INFO  | [1563/5212] sh.603966 法兰泰克 取到2326条 | 已用5463s ETA 12754s
2026-08-26 16:47:54,613 | INFO  | [1564/5212] sh.603967 中创物流 取到1778条 | 已用5463s ETA 12742s
2026-08-26 16:47:54,613 | INFO  | [1565/5212] sh.603968 醋化股份 取到2425条 | 已用5463s ETA 12730s
2026-08-26 16:47:54,613 | INFO  | [1566/5212] sh.603969 银龙股份 取到2425条 | 已用5463s ETA 12719s
2026-08-26 16:47:54,613 | INFO  | [1567/5212] sh.603970 中农立华 取到2130条 | 已用5463s ETA 12707s
2026-08-26 16:47:54,613 | INFO  | [1568/5212] sh.603976 正川股份 取到2187条 | 已用5463s ETA 12696s
2026-08-26 16:48:06,712 | INFO  | [1569/5212] sh.603977 国泰集团 取到2378条 | 已用5475s ETA 12712s
2026-08-26 16:48:06,712 | INFO  | [1570/5212] sh.603978 深圳新星 取到2198条 | 已用5475s ETA 12700s
2026-08-26 16:48:06,712 | INFO  | [1571/5212] sh.603979 金诚信 取到2425条 | 已用5475s ETA 12689s
2026-08-26 16:48:06,712 | INFO  | [1572/5212] sh.603980 吉华集团 取到2235条 | 已用5475s ETA 12677s
2026-08-26 16:48:06,712 | INFO  | [1573/5212] sh.603982 泉峰汽车 取到1764条 | 已用5475s ETA 12666s
2026-08-26 16:48:06,712 | INFO  | [1574/5212] sh.603983 丸美生物 取到1719条 | 已用5475s ETA 12654s
2026-08-26 16:48:06,712 | INFO  | [1575/5212] sh.603985 恒润股份 取到2262条 | 已用5475s ETA 12643s
2026-08-26 16:48:06,712 | INFO  | [1576/5212] sh.603986 兆易创新 取到2425条 | 已用5475s ETA 12631s
2026-08-26 16:48:36,102 | INFO  | [1577/5212] sh.603997 继峰股份 取到2425条 | 已用5504s ETA 12688s
2026-08-26 16:48:36,102 | INFO  | [1578/5212] sh.603998 方盛制药 取到2425条 | 已用5504s ETA 12676s
2026-08-26 16:48:36,102 | INFO  | [1579/5212] sh.603999 读者传媒 取到2425条 | 已用5504s ETA 12664s
2026-08-26 16:48:36,102 | INFO  | [1580/5212] sh.605001 威奥股份 取到1520条 | 已用5504s ETA 12653s
2026-08-26 16:48:36,102 | INFO  | [1581/5212] sh.605003 众望布艺 取到1445条 | 已用5504s ETA 12641s
2026-08-26 16:48:36,102 | INFO  | [1582/5212] sh.605005 合兴股份 取到1357条 | 已用5504s ETA 12630s
2026-08-26 16:48:36,102 | INFO  | [1583/5212] sh.605006 山东玻纤 取到1448条 | 已用5504s ETA 12619s
2026-08-26 16:48:36,102 | INFO  | [1584/5212] sh.605007 五洲特纸 取到1406条 | 已用5504s ETA 12607s
2026-08-26 16:48:39,340 | INFO  | [1585/5212] sh.603987 康德莱 取到2372条 | 已用5508s ETA 12603s
2026-08-26 16:48:39,340 | INFO  | [1586/5212] sh.603988 中电电机 取到2425条 | 已用5508s ETA 12592s
2026-08-26 16:48:39,340 | INFO  | [1587/5212] sh.603989 艾华集团 取到2425条 | 已用5508s ETA 12580s
2026-08-26 16:48:39,340 | INFO  | [1588/5212] sh.603990 麦迪科技 取到2359条 | 已用5508s ETA 12569s
2026-08-26 16:48:39,340 | INFO  | [1589/5212] sh.603991 领先股份 取到2301条 | 已用5508s ETA 12558s
2026-08-26 16:48:39,340 | INFO  | [1590/5212] sh.603992 松霖科技 取到1697条 | 已用5508s ETA 12546s
2026-08-26 16:48:39,340 | INFO  | [1591/5212] sh.603993 洛阳钼业 取到2425条 | 已用5508s ETA 12535s
2026-08-26 16:48:39,340 | INFO  | [1592/5212] sh.603995 甬金股份 取到1617条 | 已用5508s ETA 12523s
2026-08-26 16:48:54,530 | INFO  | [1593/5212] sh.605008 长鸿高科 取到1457条 | 已用5523s ETA 12547s
2026-08-26 16:48:54,530 | INFO  | [1594/5212] sh.605009 豪悦护理 取到1442条 | 已用5523s ETA 12535s
2026-08-26 16:48:54,530 | INFO  | [1595/5212] sh.605011 杭州热电 取到1251条 | 已用5523s ETA 12524s
2026-08-26 16:48:54,530 | INFO  | [1596/5212] sh.605016 百龙创园 取到1297条 | 已用5523s ETA 12513s
2026-08-26 16:48:54,530 | INFO  | [1597/5212] sh.605018 长华集团 取到1430条 | 已用5523s ETA 12501s
2026-08-26 16:48:54,530 | INFO  | [1598/5212] sh.605020 永和股份 取到1244条 | 已用5523s ETA 12490s
2026-08-26 16:48:54,530 | INFO  | [1599/5212] sh.605028 世茂能源 取到1243条 | 已用5523s ETA 12479s
2026-08-26 16:48:54,530 | INFO  | [1600/5212] sh.605033 美邦股份 取到1195条 | 已用5523s ETA 12468s
2026-08-26 16:49:10,752 | INFO  | [1601/5212] sh.605077 华康股份 取到1342条 | 已用5539s ETA 12493s
2026-08-26 16:49:10,752 | INFO  | [1602/5212] sh.605080 浙江自然 取到1289条 | 已用5539s ETA 12482s
2026-08-26 16:49:10,752 | INFO  | [1603/5212] sh.605086 龙高股份 取到1300条 | 已用5539s ETA 12470s
2026-08-26 16:49:10,752 | INFO  | [1604/5212] sh.605088 冠盛股份 取到1461条 | 已用5539s ETA 12459s
2026-08-26 16:49:10,752 | INFO  | [1605/5212] sh.605089 味知香 取到1293条 | 已用5539s ETA 12448s
2026-08-26 16:49:10,752 | INFO  | [1606/5212] sh.605090 九丰能源 取到1276条 | 已用5539s ETA 12437s
2026-08-26 16:49:10,752 | INFO  | [1607/5212] sh.605098 行动教育 取到1297条 | 已用5539s ETA 12426s
2026-08-26 16:49:10,752 | INFO  | [1608/5212] sh.605099 共创草坪 取到1429条 | 已用5539s ETA 12414s
2026-08-26 16:49:25,589 | INFO  | [1609/5212] sh.605050 福然德 取到1433条 | 已用5554s ETA 12437s
2026-08-26 16:49:25,589 | INFO  | [1610/5212] sh.605055 迎丰股份 取到1349条 | 已用5554s ETA 12425s
2026-08-26 16:49:25,589 | INFO  | [1611/5212] sh.605056 咸亨国际 取到1237条 | 已用5554s ETA 12414s
2026-08-26 16:49:25,589 | INFO  | [1612/5212] sh.605058 澳弘电子 取到1420条 | 已用5554s ETA 12403s
2026-08-26 16:49:25,589 | INFO  | [1613/5212] sh.605060 联德股份 取到1333条 | 已用5554s ETA 12392s
2026-08-26 16:49:25,589 | INFO  | [1614/5212] sh.605066 天正电气 取到1467条 | 已用5554s ETA 12381s
2026-08-26 16:49:25,589 | INFO  | [1615/5212] sh.605068 明新旭腾 取到1397条 | 已用5554s ETA 12370s
2026-08-26 16:49:25,589 | INFO  | [1616/5212] sh.605069 正和生态 取到1218条 | 已用5554s ETA 12359s
2026-08-26 16:49:29,056 | INFO  | [1617/5212] sh.605100 华丰股份 取到1465条 | 已用5557s ETA 12355s
2026-08-26 16:49:29,056 | INFO  | [1618/5212] sh.605108 同庆楼 取到1483条 | 已用5557s ETA 12344s
2026-08-26 16:49:29,056 | INFO  | [1619/5212] sh.605111 新洁能 取到1431条 | 已用5557s ETA 12333s
2026-08-26 16:49:29,056 | INFO  | [1620/5212] sh.605116 奥锐特 取到1436条 | 已用5557s ETA 12322s
2026-08-26 16:49:29,056 | INFO  | [1621/5212] sh.605117 德业股份 取到1298条 | 已用5557s ETA 12311s
2026-08-26 16:49:29,056 | INFO  | [1622/5212] sh.605118 力鼎光电 取到1473条 | 已用5557s ETA 12300s
2026-08-26 16:49:29,056 | INFO  | [1623/5212] sh.605122 四方新材 取到1326条 | 已用5557s ETA 12289s
2026-08-26 16:49:29,056 | INFO  | [1624/5212] sh.605123 派克新材 取到1455条 | 已用5557s ETA 12278s
2026-08-26 16:49:39,740 | INFO  | [1625/5212] sh.605166 聚合顺 取到1501条 | 已用5568s ETA 12291s
2026-08-26 16:49:39,741 | INFO  | [1626/5212] sh.605167 利柏特 取到1233条 | 已用5568s ETA 12280s
2026-08-26 16:49:39,741 | INFO  | [1627/5212] sh.605168 三人行 取到1516条 | 已用5568s ETA 12269s
2026-08-26 16:49:39,741 | INFO  | [1628/5212] sh.605169 洪通燃气 取到1413条 | 已用5568s ETA 12258s
2026-08-26 16:49:39,741 | INFO  | [1629/5212] sh.605177 东亚药业 取到1395条 | 已用5568s ETA 12247s
2026-08-26 16:49:39,741 | INFO  | [1630/5212] sh.605178 时空科技 取到1457条 | 已用5568s ETA 12236s
2026-08-26 16:49:39,741 | INFO  | [1631/5212] sh.605179 一鸣食品 取到1372条 | 已用5568s ETA 12225s
2026-08-26 16:49:39,741 | INFO  | [1632/5212] sh.605180 华生科技 取到1290条 | 已用5568s ETA 12214s
2026-08-26 16:49:50,080 | INFO  | [1633/5212] sh.605183 确成股份 取到1387条 | 已用5578s ETA 12226s
2026-08-26 16:49:50,081 | INFO  | [1634/5212] sh.605186 健麾信息 取到1376条 | 已用5578s ETA 12215s
2026-08-26 16:49:50,081 | INFO  | [1635/5212] sh.605188 国光连锁 取到1475条 | 已用5578s ETA 12204s
2026-08-26 16:49:50,081 | INFO  | [1636/5212] sh.605189 富春染织 取到1273条 | 已用5578s ETA 12193s
2026-08-26 16:49:50,081 | INFO  | [1637/5212] sh.605196 华通线缆 取到1286条 | 已用5578s ETA 12182s
2026-08-26 16:49:50,081 | INFO  | [1638/5212] sh.605198 安德利 取到1437条 | 已用5578s ETA 12171s
2026-08-26 16:49:50,081 | INFO  | [1639/5212] sh.605199 ST葫芦娃 取到1487条 | 已用5578s ETA 12161s
2026-08-26 16:49:50,081 | INFO  | [1640/5212] sh.605208 永茂泰 取到1328条 | 已用5578s ETA 12150s
2026-08-26 16:50:03,843 | INFO  | [1641/5212] sh.605218 伟时电子 取到1431条 | 已用5592s ETA 12169s
2026-08-26 16:50:03,843 | INFO  | [1642/5212] sh.605222 起帆电缆 取到1472条 | 已用5592s ETA 12158s
2026-08-26 16:50:03,843 | INFO  | [1643/5212] sh.605228 神通科技 取到1356条 | 已用5592s ETA 12147s
2026-08-26 16:50:03,843 | INFO  | [1644/5212] sh.605255 天普股份 取到1455条 | 已用5592s ETA 12137s
2026-08-26 16:50:03,843 | INFO  | [1645/5212] sh.605258 协和电子 取到1389条 | 已用5592s ETA 12126s
2026-08-26 16:50:03,843 | INFO  | [1646/5212] sh.605259 绿田机械 取到1262条 | 已用5592s ETA 12115s
2026-08-26 16:50:03,843 | INFO  | [1647/5212] sh.605266 健之佳 取到1391条 | 已用5592s ETA 12104s
2026-08-26 16:50:03,843 | INFO  | [1648/5212] sh.605268 王力安防 取到1336条 | 已用5592s ETA 12094s
2026-08-26 16:50:16,529 | INFO  | [1649/5212] sh.605128 上海沿浦 取到1440条 | 已用5605s ETA 12110s
2026-08-26 16:50:16,529 | INFO  | [1650/5212] sh.605133 嵘泰股份 取到1336条 | 已用5605s ETA 12099s
2026-08-26 16:50:16,529 | INFO  | [1651/5212] sh.605136 丽人丽妆 取到1430条 | 已用5605s ETA 12089s
2026-08-26 16:50:16,531 | INFO  | [1652/5212] sh.605138 盛泰集团 取到1173条 | 已用5605s ETA 12078s
2026-08-26 16:50:16,531 | INFO  | [1653/5212] sh.605151 西上海 取到1381条 | 已用5605s ETA 12067s
2026-08-26 16:50:16,531 | INFO  | [1654/5212] sh.605155 西大门 取到1369条 | 已用5605s ETA 12057s
2026-08-26 16:50:16,531 | INFO  | [1655/5212] sh.605158 华达新材 取到1469条 | 已用5605s ETA 12046s
2026-08-26 16:50:16,531 | INFO  | [1656/5212] sh.605162 新中港 取到1246条 | 已用5605s ETA 12035s
2026-08-26 16:50:24,861 | INFO  | [1657/5212] sh.605277 新亚电子 取到1366条 | 已用5613s ETA 12043s
2026-08-26 16:50:24,861 | INFO  | [1658/5212] sh.605286 同力天启 取到1318条 | 已用5613s ETA 12032s
2026-08-26 16:50:24,861 | INFO  | [1659/5212] sh.605287 德才股份 取到1247条 | 已用5613s ETA 12021s
2026-08-26 16:50:24,861 | INFO  | [1660/5212] sh.605288 凯迪股份 取到1514条 | 已用5613s ETA 12011s
2026-08-26 16:50:24,861 | INFO  | [1661/5212] sh.605289 罗曼股份 取到1294条 | 已用5613s ETA 12000s
2026-08-26 16:50:24,861 | INFO  | [1662/5212] sh.605296 神农集团 取到1273条 | 已用5613s ETA 11989s
2026-08-26 16:50:24,861 | INFO  | [1663/5212] sh.605298 必得科技 取到1333条 | 已用5613s ETA 11979s
2026-08-26 16:50:24,861 | INFO  | [1664/5212] sh.605299 舒华体育 取到1381条 | 已用5613s ETA 11968s
2026-08-26 16:50:57,137 | INFO  | [1665/5212] sh.605338 巴比食品 取到1427条 | 已用5645s ETA 12026s
2026-08-26 16:50:57,137 | INFO  | [1666/5212] sh.605339 南侨食品 取到1281条 | 已用5645s ETA 12016s
2026-08-26 16:50:57,137 | INFO  | [1667/5212] sh.605358 立昂微 取到1442条 | 已用5645s ETA 12005s
2026-08-26 16:50:57,137 | INFO  | [1668/5212] sh.605365 立达信 取到1237条 | 已用5645s ETA 11995s
2026-08-26 16:50:57,137 | INFO  | [1669/5212] sh.605366 宏柏新材 取到1464条 | 已用5645s ETA 11984s
2026-08-26 16:50:57,137 | INFO  | [1670/5212] sh.605368 蓝天燃气 取到1349条 | 已用5645s ETA 11974s
2026-08-26 16:50:57,137 | INFO  | [1671/5212] sh.605369 拱东医疗 取到1439条 | 已用5645s ETA 11963s
2026-08-26 16:50:57,137 | INFO  | [1672/5212] sh.605376 博迁新材 取到1386条 | 已用5645s ETA 11952s
2026-08-26 16:51:03,505 | INFO  | [1673/5212] sh.605300 佳禾食品 取到1290条 | 已用5652s ETA 11955s
2026-08-26 16:51:03,505 | INFO  | [1674/5212] sh.605303 园林股份 取到1333条 | 已用5652s ETA 11945s
2026-08-26 16:51:03,505 | INFO  | [1675/5212] sh.605305 中际联合 取到1289条 | 已用5652s ETA 11934s
2026-08-26 16:51:03,505 | INFO  | [1676/5212] sh.605318 法狮龙 取到1471条 | 已用5652s ETA 11924s
2026-08-26 16:51:03,505 | INFO  | [1677/5212] sh.605319 无锡振华 取到1267条 | 已用5652s ETA 11913s
2026-08-26 16:51:03,505 | INFO  | [1678/5212] sh.605333 沪光股份 取到1460条 | 已用5652s ETA 11903s
2026-08-26 16:51:03,505 | INFO  | [1679/5212] sh.605336 *ST帅电 取到1422条 | 已用5652s ETA 11893s
2026-08-26 16:51:03,505 | INFO  | [1680/5212] sh.605337 李子园 取到1343条 | 已用5652s ETA 11882s
2026-08-26 16:51:35,963 | INFO  | [1681/5212] sh.605377 华旺科技 取到1372条 | 已用5684s ETA 11940s
2026-08-26 16:51:35,963 | INFO  | [1682/5212] sh.605378 野马电池 取到1304条 | 已用5684s ETA 11929s
2026-08-26 16:51:35,963 | INFO  | [1683/5212] sh.605388 均瑶健康 取到1460条 | 已用5684s ETA 11919s
2026-08-26 16:51:35,963 | INFO  | [1684/5212] sh.605389 长龄液压 取到1318条 | 已用5684s ETA 11908s
2026-08-26 16:51:35,963 | INFO  | [1685/5212] sh.605398 新炬网络 取到1355条 | 已用5684s ETA 11898s
2026-08-26 16:51:35,963 | INFO  | [1686/5212] sh.605399 晨光新材 取到1470条 | 已用5684s ETA 11888s
2026-08-26 16:51:35,963 | INFO  | [1687/5212] sh.605488 福莱新材 取到1284条 | 已用5684s ETA 11877s
2026-08-26 16:51:35,963 | INFO  | [1688/5212] sh.605499 东鹏饮料 取到1274条 | 已用5684s ETA 11867s
2026-08-26 16:51:37,065 | INFO  | [1689/5212] sh.605500 森林包装 取到1376条 | 已用5685s ETA 11859s
2026-08-26 16:51:37,065 | INFO  | [1690/5212] sh.605507 国邦医药 取到1228条 | 已用5685s ETA 11848s
2026-08-26 16:51:37,065 | INFO  | [1691/5212] sh.605555 德昌股份 取到1177条 | 已用5685s ETA 11838s
2026-08-26 16:51:37,066 | INFO  | [1692/5212] sh.605566 福莱蒽特 取到1175条 | 已用5685s ETA 11828s
2026-08-26 16:51:37,066 | INFO  | [1693/5212] sh.605567 春雪食品 取到1183条 | 已用5685s ETA 11817s
2026-08-26 16:51:37,066 | INFO  | [1694/5212] sh.605577 龙版传媒 取到1212条 | 已用5685s ETA 11807s
2026-08-26 16:51:37,066 | INFO  | [1695/5212] sh.605580 恒盛能源 取到1215条 | 已用5685s ETA 11797s
2026-08-26 16:51:37,066 | INFO  | [1696/5212] sh.605588 冠石科技 取到1220条 | 已用5685s ETA 11786s
2026-08-26 16:52:16,446 | INFO  | [1697/5212] sh.605589 圣泉集团 取到1222条 | 已用5725s ETA 11858s
2026-08-26 16:52:16,446 | INFO  | [1698/5212] sh.605598 上海港湾 取到1194条 | 已用5725s ETA 11847s
2026-08-26 16:52:16,446 | INFO  | [1699/5212] sh.605599 菜百股份 取到1200条 | 已用5725s ETA 11837s
2026-08-26 16:52:16,446 | INFO  | [1700/5212] sh.688001 华兴源创 取到1722条 | 已用5725s ETA 11826s
2026-08-26 16:52:16,446 | INFO  | [1701/5212] sh.688002 睿创微纳 取到1722条 | 已用5725s ETA 11816s
2026-08-26 16:52:16,446 | INFO  | [1702/5212] sh.688003 天准科技 取到1722条 | 已用5725s ETA 11806s
2026-08-26 16:52:16,446 | INFO  | [1703/5212] sh.688004 博汇科技 取到1505条 | 已用5725s ETA 11796s
2026-08-26 16:52:16,446 | INFO  | [1704/5212] sh.688005 容百科技 取到1722条 | 已用5725s ETA 11785s
2026-08-26 16:52:20,156 | INFO  | [1705/5212] sh.688006 杭可科技 取到1722条 | 已用5728s ETA 11783s
2026-08-26 16:52:20,156 | INFO  | [1706/5212] sh.688007 光峰科技 取到1722条 | 已用5728s ETA 11772s
2026-08-26 16:52:20,156 | INFO  | [1707/5212] sh.688008 澜起科技 取到1722条 | 已用5728s ETA 11762s
2026-08-26 16:52:20,156 | INFO  | [1708/5212] sh.688009 中国通号 取到1722条 | 已用5728s ETA 11752s
2026-08-26 16:52:20,156 | INFO  | [1709/5212] sh.688010 福光股份 取到1722条 | 已用5728s ETA 11742s
2026-08-26 16:52:20,156 | INFO  | [1710/5212] sh.688011 新光光电 取到1722条 | 已用5728s ETA 11731s
2026-08-26 16:52:20,156 | INFO  | [1711/5212] sh.688012 中微公司 取到1722条 | 已用5728s ETA 11721s
2026-08-26 16:52:20,156 | INFO  | [1712/5212] sh.688013 天臣医疗 取到1431条 | 已用5728s ETA 11711s
2026-08-26 16:52:40,147 | INFO  | [1713/5212] sh.688015 交控科技 取到1722条 | 已用5748s ETA 11742s
2026-08-26 16:52:40,147 | INFO  | [1714/5212] sh.688016 心脉医疗 取到1722条 | 已用5748s ETA 11731s
2026-08-26 16:52:40,147 | INFO  | [1715/5212] sh.688017 绿的谐波 取到1452条 | 已用5748s ETA 11721s
2026-08-26 16:52:40,147 | INFO  | [1716/5212] sh.688018 乐鑫科技 取到1722条 | 已用5748s ETA 11711s
2026-08-26 16:52:40,147 | INFO  | [1717/5212] sh.688019 安集科技 取到1722条 | 已用5748s ETA 11701s
2026-08-26 16:52:40,147 | INFO  | [1718/5212] sh.688020 方邦股份 取到1722条 | 已用5748s ETA 11691s
2026-08-26 16:52:40,147 | INFO  | [1719/5212] sh.688021 奥福科技 取到1651条 | 已用5748s ETA 11681s
2026-08-26 16:52:40,147 | INFO  | [1720/5212] sh.688022 ST瀚川 取到1722条 | 已用5748s ETA 11671s
2026-08-26 16:52:57,000 | INFO  | [1721/5212] sh.688023 安恒信息 取到1652条 | 已用5765s ETA 11695s
2026-08-26 16:52:57,000 | INFO  | [1722/5212] sh.688025 杰普特 取到1655条 | 已用5765s ETA 11684s
2026-08-26 16:52:57,000 | INFO  | [1723/5212] sh.688026 洁特生物 取到1597条 | 已用5765s ETA 11674s
2026-08-26 16:52:57,000 | INFO  | [1724/5212] sh.688027 国盾量子 取到1488条 | 已用5765s ETA 11664s
2026-08-26 16:52:57,000 | INFO  | [1725/5212] sh.688028 沃尔德 取到1722条 | 已用5765s ETA 11654s
2026-08-26 16:52:57,000 | INFO  | [1726/5212] sh.688029 南微医学 取到1722条 | 已用5765s ETA 11644s
2026-08-26 16:52:57,000 | INFO  | [1727/5212] sh.688030 山石网科 取到1673条 | 已用5765s ETA 11634s
2026-08-26 16:52:57,000 | INFO  | [1728/5212] sh.688031 星环科技 取到937条 | 已用5765s ETA 11624s
2026-08-26 16:53:06,810 | INFO  | [1729/5212] sh.688032 禾迈股份 取到1135条 | 已用5775s ETA 11634s
2026-08-26 16:53:06,811 | INFO  | [1730/5212] sh.688033 *ST天宜 取到1722条 | 已用5775s ETA 11623s
2026-08-26 16:53:06,811 | INFO  | [1731/5212] sh.688035 德邦科技 取到953条 | 已用5775s ETA 11613s
2026-08-26 16:53:06,811 | INFO  | [1732/5212] sh.688036 传音控股 取到1673条 | 已用5775s ETA 11603s
2026-08-26 16:53:06,811 | INFO  | [1733/5212] sh.688037 芯源微 取到1623条 | 已用5775s ETA 11593s
2026-08-26 16:53:06,811 | INFO  | [1734/5212] sh.688038 中科通达 取到1242条 | 已用5775s ETA 11583s
2026-08-26 16:53:06,811 | INFO  | [1735/5212] sh.688039 当虹科技 取到1626条 | 已用5775s ETA 11573s
2026-08-26 16:53:06,811 | INFO  | [1736/5212] sh.688041 海光信息 取到978条 | 已用5775s ETA 11563s
2026-08-26 16:53:18,484 | INFO  | [1737/5212] sh.688045 必易微 取到1033条 | 已用5787s ETA 11577s
2026-08-26 16:53:18,484 | INFO  | [1738/5212] sh.688046 药康生物 取到1053条 | 已用5787s ETA 11567s
2026-08-26 16:53:18,484 | INFO  | [1739/5212] sh.688047 龙芯中科 取到1013条 | 已用5787s ETA 11557s
2026-08-26 16:53:18,484 | INFO  | [1740/5212] sh.688048 长光华芯 取到1067条 | 已用5787s ETA 11547s
2026-08-26 16:53:18,484 | INFO  | [1741/5212] sh.688049 炬芯科技 取到1150条 | 已用5787s ETA 11537s
2026-08-26 16:53:18,484 | INFO  | [1742/5212] sh.688050 爱博医疗 取到1474条 | 已用5787s ETA 11527s
2026-08-26 16:53:18,484 | INFO  | [1743/5212] sh.688051 佳华科技 取到1561条 | 已用5787s ETA 11517s
2026-08-26 16:53:18,484 | INFO  | [1744/5212] sh.688052 纳芯微 取到1054条 | 已用5787s ETA 11507s
2026-08-26 16:53:39,594 | INFO  | [1745/5212] sh.688062 迈威生物 取到1115条 | 已用5808s ETA 11539s
2026-08-26 16:53:39,594 | INFO  | [1746/5212] sh.688063 派能科技 取到1370条 | 已用5808s ETA 11529s
2026-08-26 16:53:39,594 | INFO  | [1747/5212] sh.688065 凯赛生物 取到1464条 | 已用5808s ETA 11519s
2026-08-26 16:53:39,594 | INFO  | [1748/5212] sh.688066 *ST航图 取到1722条 | 已用5808s ETA 11509s
2026-08-26 16:53:39,594 | INFO  | [1749/5212] sh.688067 爱威科技 取到1261条 | 已用5808s ETA 11499s
2026-08-26 16:53:39,594 | INFO  | [1750/5212] sh.688068 热景生物 取到1673条 | 已用5808s ETA 11490s
2026-08-26 16:53:39,594 | INFO  | [1751/5212] sh.688069 德林海 取到1479条 | 已用5808s ETA 11480s
2026-08-26 16:53:39,594 | INFO  | [1752/5212] sh.688070 纵横股份 取到1341条 | 已用5808s ETA 11470s
2026-08-26 16:53:40,900 | INFO  | [1753/5212] sh.688053 ST思科瑞 取到1003条 | 已用5809s ETA 11462s
2026-08-26 16:53:40,900 | INFO  | [1754/5212] sh.688055 龙腾光电 取到1461条 | 已用5809s ETA 11453s
2026-08-26 16:53:40,900 | INFO  | [1755/5212] sh.688056 莱伯泰科 取到1449条 | 已用5809s ETA 11443s
2026-08-26 16:53:40,900 | INFO  | [1756/5212] sh.688057 金达莱 取到1405条 | 已用5809s ETA 11433s
2026-08-26 16:53:40,900 | INFO  | [1757/5212] sh.688058 宝兰德 取到1654条 | 已用5809s ETA 11423s
2026-08-26 16:53:40,900 | INFO  | [1758/5212] sh.688059 华锐精密 取到1343条 | 已用5809s ETA 11413s
2026-08-26 16:53:40,900 | INFO  | [1759/5212] sh.688060 云涌科技 取到1487条 | 已用5809s ETA 11404s
2026-08-26 16:53:40,900 | INFO  | [1760/5212] sh.688061 灿瑞科技 取到937条 | 已用5809s ETA 11394s
2026-08-26 16:54:00,722 | INFO  | [1761/5212] sh.688071 华依科技 取到1230条 | 已用5829s ETA 11423s
2026-08-26 16:54:00,722 | INFO  | [1762/5212] sh.688072 拓荆科技 取到1056条 | 已用5829s ETA 11413s
2026-08-26 16:54:00,722 | INFO  | [1763/5212] sh.688073 毕得医药 取到942条 | 已用5829s ETA 11403s
2026-08-26 16:54:00,722 | INFO  | [1764/5212] sh.688075 安旭生物 取到1157条 | 已用5829s ETA 11394s
2026-08-26 16:54:00,722 | INFO  | [1765/5212] sh.688076 ST诺泰 取到1279条 | 已用5829s ETA 11384s
2026-08-26 16:54:00,722 | INFO  | [1766/5212] sh.688077 大地熊 取到1479条 | 已用5829s ETA 11374s
2026-08-26 16:54:00,722 | INFO  | [1767/5212] sh.688078 龙软科技 取到1613条 | 已用5829s ETA 11364s
2026-08-26 16:54:00,722 | INFO  | [1768/5212] sh.688079 美迪凯 取到1332条 | 已用5829s ETA 11355s
2026-08-26 16:54:05,073 | INFO  | [1769/5212] sh.688080 映翰通 取到1588条 | 已用5833s ETA 11353s
2026-08-26 16:54:05,073 | INFO  | [1770/5212] sh.688081 兴图新科 取到1609条 | 已用5833s ETA 11344s
2026-08-26 16:54:05,073 | INFO  | [1771/5212] sh.688082 盛美上海 取到1157条 | 已用5833s ETA 11334s
2026-08-26 16:54:05,073 | INFO  | [1772/5212] sh.688083 中望软件 取到1325条 | 已用5833s ETA 11324s
2026-08-26 16:54:05,073 | INFO  | [1773/5212] sh.688084 晶品特装 取到900条 | 已用5833s ETA 11315s
2026-08-26 16:54:05,073 | INFO  | [1774/5212] sh.688085 三友医疗 取到1548条 | 已用5833s ETA 11305s
2026-08-26 16:54:05,073 | INFO  | [1775/5212] sh.688087 英科再生 取到1244条 | 已用5833s ETA 11295s
2026-08-26 16:54:05,073 | INFO  | [1776/5212] sh.688088 虹软科技 取到1722条 | 已用5833s ETA 11286s
2026-08-26 16:54:18,955 | INFO  | [1777/5212] sh.688089 ST嘉必优 取到1620条 | 已用5847s ETA 11303s
2026-08-26 16:54:18,955 | INFO  | [1778/5212] sh.688090 瑞松科技 取到1585条 | 已用5847s ETA 11293s
2026-08-26 16:54:18,955 | INFO  | [1779/5212] sh.688091 上海谊众 取到1200条 | 已用5847s ETA 11283s
2026-08-26 16:54:18,955 | INFO  | [1780/5212] sh.688092 爱科科技 取到1319条 | 已用5847s ETA 11274s
2026-08-26 16:54:18,955 | INFO  | [1781/5212] sh.688093 世华科技 取到1429条 | 已用5847s ETA 11264s
2026-08-26 16:54:18,955 | INFO  | [1782/5212] sh.688095 福昕软件 取到1445条 | 已用5847s ETA 11255s
2026-08-26 16:54:18,955 | INFO  | [1783/5212] sh.688096 京源环保 取到1548条 | 已用5847s ETA 11245s
2026-08-26 16:54:18,955 | INFO  | [1784/5212] sh.688097 博众精工 取到1285条 | 已用5847s ETA 11235s
2026-08-26 16:54:35,182 | INFO  | [1785/5212] sh.688098 申联生物 取到1658条 | 已用5863s ETA 11257s
2026-08-26 16:54:35,182 | INFO  | [1786/5212] sh.688099 晶晨股份 取到1709条 | 已用5863s ETA 11247s
2026-08-26 16:54:35,182 | INFO  | [1787/5212] sh.688100 威胜信息 取到1598条 | 已用5863s ETA 11238s
2026-08-26 16:54:35,182 | INFO  | [1788/5212] sh.688101 三达膜 取到1644条 | 已用5863s ETA 11228s
2026-08-26 16:54:35,182 | INFO  | [1789/5212] sh.688102 斯瑞新材 取到1079条 | 已用5863s ETA 11219s
2026-08-26 16:54:35,182 | INFO  | [1790/5212] sh.688103 国力电子 取到1199条 | 已用5863s ETA 11209s
2026-08-26 16:54:35,182 | INFO  | [1791/5212] sh.688105 诺唯赞 取到1160条 | 已用5863s ETA 11200s
2026-08-26 16:54:35,182 | INFO  | [1792/5212] sh.688106 金宏气体 取到1503条 | 已用5863s ETA 11190s
2026-08-26 16:54:35,946 | INFO  | [1793/5212] sh.688107 安路科技 取到1161条 | 已用5864s ETA 11182s
2026-08-26 16:54:35,946 | INFO  | [1794/5212] sh.688108 赛诺医疗 取到1656条 | 已用5864s ETA 11173s
2026-08-26 16:54:35,946 | INFO  | [1795/5212] sh.688109 品茗科技 取到1312条 | 已用5864s ETA 11163s
2026-08-26 16:54:35,946 | INFO  | [1796/5212] sh.688110 东芯股份 取到1141条 | 已用5864s ETA 11154s
2026-08-26 16:54:35,946 | INFO  | [1797/5212] sh.688111 金山办公 取到1643条 | 已用5864s ETA 11144s
2026-08-26 16:54:35,946 | INFO  | [1798/5212] sh.688112 鼎阳科技 取到1148条 | 已用5864s ETA 11135s
2026-08-26 16:54:35,946 | INFO  | [1799/5212] sh.688113 联测科技 取到1289条 | 已用5864s ETA 11125s
2026-08-26 16:54:35,946 | INFO  | [1800/5212] sh.688114 华大智造 取到958条 | 已用5864s ETA 11116s
2026-08-26 16:54:55,179 | INFO  | [1801/5212] sh.688123 聚辰股份 取到1618条 | 已用5883s ETA 11143s
2026-08-26 16:54:55,179 | INFO  | [1802/5212] sh.688125 安达智能 取到1059条 | 已用5883s ETA 11133s
2026-08-26 16:54:55,179 | INFO  | [1803/5212] sh.688126 沪硅产业 取到1541条 | 已用5883s ETA 11124s
2026-08-26 16:54:55,179 | INFO  | [1804/5212] sh.688127 蓝特光学 取到1436条 | 已用5883s ETA 11115s
2026-08-26 16:54:55,179 | INFO  | [1805/5212] sh.688128 中国电研 取到1652条 | 已用5883s ETA 11105s
2026-08-26 16:54:55,179 | INFO  | [1806/5212] sh.688129 东来技术 取到1418条 | 已用5883s ETA 11096s
2026-08-26 16:54:55,179 | INFO  | [1807/5212] sh.688130 晶华微 取到988条 | 已用5883s ETA 11086s
2026-08-26 16:54:55,179 | INFO  | [1808/5212] sh.688131 皓元医药 取到1266条 | 已用5883s ETA 11077s
2026-08-26 16:55:04,491 | INFO  | [1809/5212] sh.688115 思林杰 取到1081条 | 已用5893s ETA 11085s
2026-08-26 16:55:04,491 | INFO  | [1810/5212] sh.688116 天奈科技 取到1676条 | 已用5893s ETA 11076s
2026-08-26 16:55:04,491 | INFO  | [1811/5212] sh.688117 圣诺生物 取到1269条 | 已用5893s ETA 11066s
2026-08-26 16:55:04,491 | INFO  | [1812/5212] sh.688118 普元信息 取到1631条 | 已用5893s ETA 11057s
2026-08-26 16:55:04,491 | INFO  | [1813/5212] sh.688119 中钢洛耐 取到1027条 | 已用5893s ETA 11048s
2026-08-26 16:55:04,491 | INFO  | [1814/5212] sh.688120 华海清科 取到1025条 | 已用5893s ETA 11038s
2026-08-26 16:55:04,491 | INFO  | [1815/5212] sh.688121 *ST卓然 取到1203条 | 已用5893s ETA 11029s
2026-08-26 16:55:04,491 | INFO  | [1816/5212] sh.688122 西部超导 取到1722条 | 已用5893s ETA 11020s
2026-08-26 16:55:13,468 | INFO  | [1817/5212] sh.688132 邦彦技术 取到949条 | 已用5902s ETA 11027s
2026-08-26 16:55:13,468 | INFO  | [1818/5212] sh.688133 泰坦科技 取到1413条 | 已用5902s ETA 11018s
2026-08-26 16:55:13,468 | INFO  | [1819/5212] sh.688135 利扬芯片 取到1405条 | 已用5902s ETA 11008s
2026-08-26 16:55:13,468 | INFO  | [1820/5212] sh.688136 科兴制药 取到1382条 | 已用5902s ETA 10999s
2026-08-26 16:55:13,468 | INFO  | [1821/5212] sh.688137 近岸蛋白 取到945条 | 已用5902s ETA 10990s
2026-08-26 16:55:13,468 | INFO  | [1822/5212] sh.688138 清溢光电 取到1641条 | 已用5902s ETA 10981s
2026-08-26 16:55:13,468 | INFO  | [1823/5212] sh.688139 海尔生物 取到1659条 | 已用5902s ETA 10971s
2026-08-26 16:55:13,468 | INFO  | [1824/5212] sh.688141 杰华特 取到889条 | 已用5902s ETA 10962s
2026-08-26 16:55:27,324 | INFO  | [1825/5212] sh.688143 长盈通 取到898条 | 已用5916s ETA 10979s
2026-08-26 16:55:27,324 | INFO  | [1826/5212] sh.688146 中船特气 取到811条 | 已用5916s ETA 10969s
2026-08-26 16:55:27,324 | INFO  | [1827/5212] sh.688147 微导纳米 取到889条 | 已用5916s ETA 10960s
2026-08-26 16:55:27,324 | INFO  | [1828/5212] sh.688148 芳源股份 取到1224条 | 已用5916s ETA 10951s
2026-08-26 16:55:27,324 | INFO  | [1829/5212] sh.688150 莱特光电 取到1077条 | 已用5916s ETA 10942s
2026-08-26 16:55:27,324 | INFO  | [1830/5212] sh.688151 华强科技 取到1145条 | 已用5916s ETA 10932s
2026-08-26 16:55:27,324 | INFO  | [1831/5212] sh.688152 麒麟信安 取到929条 | 已用5916s ETA 10923s
2026-08-26 16:55:27,324 | INFO  | [1832/5212] sh.688153 唯捷创芯 取到1062条 | 已用5916s ETA 10914s
2026-08-26 16:55:42,499 | INFO  | [1833/5212] sh.688155 先惠技术 取到1465条 | 已用5931s ETA 10933s
2026-08-26 16:55:42,499 | INFO  | [1834/5212] sh.688156 路德科技 取到1435条 | 已用5931s ETA 10924s
2026-08-26 16:55:42,499 | INFO  | [1835/5212] sh.688157 松井股份 取到1508条 | 已用5931s ETA 10914s
2026-08-26 16:55:42,499 | INFO  | [1836/5212] sh.688158 优刻得 取到1599条 | 已用5931s ETA 10905s
2026-08-26 16:55:42,499 | INFO  | [1837/5212] sh.688159 有方科技 取到1596条 | 已用5931s ETA 10896s
2026-08-26 16:55:42,499 | INFO  | [1838/5212] sh.688160 步科股份 取到1404条 | 已用5931s ETA 10887s
2026-08-26 16:55:42,499 | INFO  | [1839/5212] sh.688161 威高骨科 取到1251条 | 已用5931s ETA 10878s
2026-08-26 16:55:42,499 | INFO  | [1840/5212] sh.688162 巨一科技 取到1163条 | 已用5931s ETA 10869s
2026-08-26 16:55:50,780 | INFO  | [1841/5212] sh.688163 赛伦生物 取到1082条 | 已用5939s ETA 10875s
2026-08-26 16:55:50,780 | INFO  | [1842/5212] sh.688165 埃夫特 取到1484条 | 已用5939s ETA 10866s
2026-08-26 16:55:50,780 | INFO  | [1843/5212] sh.688166 博瑞医药 取到1649条 | 已用5939s ETA 10856s
2026-08-26 16:55:50,780 | INFO  | [1844/5212] sh.688167 炬光科技 取到1131条 | 已用5939s ETA 10847s
2026-08-26 16:55:50,780 | INFO  | [1845/5212] sh.688168 安博通 取到1688条 | 已用5939s ETA 10838s
2026-08-26 16:55:50,780 | INFO  | [1846/5212] sh.688169 石头科技 取到1581条 | 已用5939s ETA 10829s
2026-08-26 16:55:50,780 | INFO  | [1847/5212] sh.688170 德龙激光 取到1049条 | 已用5939s ETA 10820s
2026-08-26 16:55:50,780 | INFO  | [1848/5212] sh.688171 纬德信息 取到1108条 | 已用5939s ETA 10811s
2026-08-26 16:56:18,304 | INFO  | [1849/5212] sh.688172 燕东微 取到894条 | 已用5967s ETA 10852s
2026-08-26 16:56:18,304 | INFO  | [1850/5212] sh.688173 希荻微 取到1112条 | 已用5967s ETA 10843s
2026-08-26 16:56:18,304 | INFO  | [1851/5212] sh.688175 高凌信息 取到1080条 | 已用5967s ETA 10834s
2026-08-26 16:56:18,304 | INFO  | [1852/5212] sh.688176 亚虹医药 取到1122条 | 已用5967s ETA 10825s
2026-08-26 16:56:18,304 | INFO  | [1853/5212] sh.688177 百奥泰 取到1581条 | 已用5967s ETA 10816s
2026-08-26 16:56:18,304 | INFO  | [1854/5212] sh.688178 万德斯 取到1603条 | 已用5967s ETA 10807s
2026-08-26 16:56:18,304 | INFO  | [1855/5212] sh.688179 阿拉丁 取到1417条 | 已用5967s ETA 10798s
2026-08-26 16:56:18,304 | INFO  | [1856/5212] sh.688180 君实生物 取到1484条 | 已用5967s ETA 10789s
2026-08-26 16:56:22,199 | INFO  | [1857/5212] sh.688181 八亿时空 取到1609条 | 已用5970s ETA 10787s
2026-08-26 16:56:22,199 | INFO  | [1858/5212] sh.688182 灿勤科技 取到1159条 | 已用5970s ETA 10778s
2026-08-26 16:56:22,199 | INFO  | [1859/5212] sh.688183 生益电子 取到1335条 | 已用5970s ETA 10769s
2026-08-26 16:56:22,199 | INFO  | [1860/5212] sh.688184 ST帕瓦 取到953条 | 已用5970s ETA 10760s
2026-08-26 16:56:22,199 | INFO  | [1861/5212] sh.688185 康希诺 取到1463条 | 已用5970s ETA 10751s
2026-08-26 16:56:22,199 | INFO  | [1862/5212] sh.688186 广大特材 取到1589条 | 已用5970s ETA 10742s
2026-08-26 16:56:22,199 | INFO  | [1863/5212] sh.688187 时代电气 取到1202条 | 已用5970s ETA 10733s
2026-08-26 16:56:22,199 | INFO  | [1864/5212] sh.688188 柏楚电子 取到1709条 | 已用5970s ETA 10724s
2026-08-26 16:56:42,495 | INFO  | [1865/5212] sh.688198 佰仁医疗 取到1628条 | 已用5991s ETA 10751s
2026-08-26 16:56:42,495 | INFO  | [1866/5212] sh.688199 久日新材 取到1652条 | 已用5991s ETA 10742s
2026-08-26 16:56:42,495 | INFO  | [1867/5212] sh.688200 华峰测控 取到1584条 | 已用5991s ETA 10733s
2026-08-26 16:56:42,495 | INFO  | [1868/5212] sh.688201 ST信安 取到1297条 | 已用5991s ETA 10724s
2026-08-26 16:56:42,495 | INFO  | [1869/5212] sh.688202 美迪西 取到1652条 | 已用5991s ETA 10715s
2026-08-26 16:56:42,495 | INFO  | [1870/5212] sh.688203 海正生材 取到976条 | 已用5991s ETA 10706s
2026-08-26 16:56:42,495 | INFO  | [1871/5212] sh.688205 德科立 取到981条 | 已用5991s ETA 10697s
2026-08-26 16:56:42,495 | INFO  | [1872/5212] sh.688206 概伦电子 取到1129条 | 已用5991s ETA 10689s
2026-08-26 16:56:44,918 | INFO  | [1873/5212] sh.688189 ST南新 取到1557条 | 已用5993s ETA 10684s
2026-08-26 16:56:44,918 | INFO  | [1874/5212] sh.688190 云路股份 取到1151条 | 已用5993s ETA 10675s
2026-08-26 16:56:44,918 | INFO  | [1875/5212] sh.688191 智洋创新 取到1306条 | 已用5993s ETA 10666s
2026-08-26 16:56:44,918 | INFO  | [1876/5212] sh.688192 迪哲医药 取到1141条 | 已用5993s ETA 10657s
2026-08-26 16:56:44,918 | INFO  | [1877/5212] sh.688193 仁度生物 取到1069条 | 已用5993s ETA 10648s
2026-08-26 16:56:44,918 | INFO  | [1878/5212] sh.688195 腾景科技 取到1314条 | 已用5993s ETA 10640s
2026-08-26 16:56:44,918 | INFO  | [1879/5212] sh.688196 卓越新能 取到1640条 | 已用5993s ETA 10631s
2026-08-26 16:56:44,918 | INFO  | [1880/5212] sh.688197 首药控股 取到1074条 | 已用5993s ETA 10622s
2026-08-26 16:56:59,162 | INFO  | [1881/5212] sh.688216 气派科技 取到1256条 | 已用6007s ETA 10638s
2026-08-26 16:56:59,162 | INFO  | [1882/5212] sh.688217 睿昂基因 取到1282条 | 已用6007s ETA 10629s
2026-08-26 16:56:59,162 | INFO  | [1883/5212] sh.688218 江苏北人 取到1626条 | 已用6007s ETA 10621s
2026-08-26 16:56:59,162 | INFO  | [1884/5212] sh.688219 会通股份 取到1400条 | 已用6007s ETA 10612s
2026-08-26 16:56:59,162 | INFO  | [1885/5212] sh.688220 翱捷科技 取到1117条 | 已用6007s ETA 10603s
2026-08-26 16:56:59,162 | INFO  | [1886/5212] sh.688221 前沿生物 取到1415条 | 已用6007s ETA 10594s
2026-08-26 16:56:59,162 | INFO  | [1887/5212] sh.688222 成都先导 取到1543条 | 已用6007s ETA 10585s
2026-08-26 16:56:59,162 | INFO  | [1888/5212] sh.688223 晶科能源 取到1109条 | 已用6007s ETA 10577s
2026-08-26 16:56:59,545 | INFO  | [1889/5212] sh.688207 格灵深瞳 取到1078条 | 已用6008s ETA 10568s
2026-08-26 16:56:59,545 | INFO  | [1890/5212] sh.688208 道通科技 取到1587条 | 已用6008s ETA 10560s
2026-08-26 16:56:59,545 | INFO  | [1891/5212] sh.688209 英集芯 取到1057条 | 已用6008s ETA 10551s
2026-08-26 16:56:59,545 | INFO  | [1892/5212] sh.688210 统联精密 取到1130条 | 已用6008s ETA 10542s
2026-08-26 16:56:59,545 | INFO  | [1893/5212] sh.688211 中科微至 取到1174条 | 已用6008s ETA 10533s
2026-08-26 16:56:59,545 | INFO  | [1894/5212] sh.688212 澳华内镜 取到1160条 | 已用6008s ETA 10525s
2026-08-26 16:56:59,545 | INFO  | [1895/5212] sh.688213 思特威 取到1037条 | 已用6008s ETA 10516s
2026-08-26 16:56:59,545 | INFO  | [1896/5212] sh.688215 瑞晟智能 取到1452条 | 已用6008s ETA 10507s
2026-08-26 16:57:20,835 | INFO  | [1897/5212] sh.688233 神工股份 取到1581条 | 已用6029s ETA 10536s
2026-08-26 16:57:20,835 | INFO  | [1898/5212] sh.688234 天岳先进 取到1119条 | 已用6029s ETA 10527s
2026-08-26 16:57:20,836 | INFO  | [1899/5212] sh.688235 百济神州 取到1138条 | 已用6029s ETA 10518s
2026-08-26 16:57:20,836 | INFO  | [1900/5212] sh.688236 春立医疗 取到1127条 | 已用6029s ETA 10510s
2026-08-26 16:57:20,836 | INFO  | [1901/5212] sh.688237 超卓航科 取到1008条 | 已用6029s ETA 10501s
2026-08-26 16:57:20,836 | INFO  | [1902/5212] sh.688238 和元生物 取到1075条 | 已用6029s ETA 10492s
2026-08-26 16:57:20,836 | INFO  | [1903/5212] sh.688239 航宇科技 取到1248条 | 已用6029s ETA 10484s
2026-08-26 16:57:20,836 | INFO  | [1904/5212] sh.688244 永信至诚 取到936条 | 已用6029s ETA 10475s
2026-08-26 16:57:25,064 | INFO  | [1905/5212] sh.688225 亚信安全 取到1104条 | 已用6033s ETA 10474s
2026-08-26 16:57:25,064 | INFO  | [1906/5212] sh.688226 威腾电气 取到1246条 | 已用6033s ETA 10465s
2026-08-26 16:57:25,064 | INFO  | [1907/5212] sh.688227 品高股份 取到1127条 | 已用6033s ETA 10456s
2026-08-26 16:57:25,064 | INFO  | [1908/5212] sh.688228 开普云 取到1556条 | 已用6033s ETA 10448s
2026-08-26 16:57:25,064 | INFO  | [1909/5212] sh.688229 博睿数据 取到1461条 | 已用6033s ETA 10439s
2026-08-26 16:57:25,064 | INFO  | [1910/5212] sh.688230 芯导科技 取到1148条 | 已用6033s ETA 10430s
2026-08-26 16:57:25,064 | INFO  | [1911/5212] sh.688231 隆达股份 取到993条 | 已用6033s ETA 10422s
2026-08-26 16:57:25,064 | INFO  | [1912/5212] sh.688232 新点软件 取到1158条 | 已用6033s ETA 10413s
2026-08-26 16:57:43,897 | INFO  | [1913/5212] sh.688246 嘉和美康 取到1139条 | 已用6052s ETA 10437s
2026-08-26 16:57:43,897 | INFO  | [1914/5212] sh.688247 宣泰医药 取到969条 | 已用6052s ETA 10428s
2026-08-26 16:57:43,897 | INFO  | [1915/5212] sh.688248 南网科技 取到1133条 | 已用6052s ETA 10420s
2026-08-26 16:57:43,897 | INFO  | [1916/5212] sh.688249 晶合集成 取到804条 | 已用6052s ETA 10411s
2026-08-26 16:57:43,897 | INFO  | [1917/5212] sh.688251 井松智能 取到1027条 | 已用6052s ETA 10403s
2026-08-26 16:57:43,897 | INFO  | [1918/5212] sh.688252 天德钰 取到947条 | 已用6052s ETA 10394s
2026-08-26 16:57:43,897 | INFO  | [1919/5212] sh.688253 英诺特 取到989条 | 已用6052s ETA 10385s
2026-08-26 16:57:43,898 | INFO  | [1920/5212] sh.688255 凯尔达 取到1175条 | 已用6052s ETA 10377s
2026-08-26 16:57:58,183 | INFO  | [1921/5212] sh.688256 寒武纪 取到1481条 | 已用6066s ETA 10393s
2026-08-26 16:57:58,183 | INFO  | [1922/5212] sh.688257 新锐股份 取到1173条 | 已用6066s ETA 10384s
2026-08-26 16:57:58,183 | INFO  | [1923/5212] sh.688258 卓易信息 取到1628条 | 已用6066s ETA 10376s
2026-08-26 16:57:58,184 | INFO  | [1924/5212] sh.688259 创耀科技 取到1119条 | 已用6066s ETA 10367s
2026-08-26 16:57:58,184 | INFO  | [1925/5212] sh.688260 昀冢科技 取到1308条 | 已用6066s ETA 10359s
2026-08-26 16:57:58,184 | INFO  | [1926/5212] sh.688261 东微半导 取到1103条 | 已用6066s ETA 10350s
2026-08-26 16:57:58,184 | INFO  | [1927/5212] sh.688262 国芯科技 取到1123条 | 已用6066s ETA 10342s
2026-08-26 16:57:58,184 | INFO  | [1928/5212] sh.688265 南模生物 取到1129条 | 已用6066s ETA 10333s
2026-08-26 16:58:05,426 | INFO  | [1929/5212] sh.688266 泽璟制药 取到1596条 | 已用6074s ETA 10337s
2026-08-26 16:58:05,426 | INFO  | [1930/5212] sh.688267 中触媒 取到1099条 | 已用6074s ETA 10328s
2026-08-26 16:58:05,426 | INFO  | [1931/5212] sh.688268 华特气体 取到1615条 | 已用6074s ETA 10320s
2026-08-26 16:58:05,426 | INFO  | [1932/5212] sh.688269 凯立新材 取到1265条 | 已用6074s ETA 10311s
2026-08-26 16:58:05,426 | INFO  | [1933/5212] sh.688270 ST臻镭 取到1108条 | 已用6074s ETA 10303s
2026-08-26 16:58:05,426 | INFO  | [1934/5212] sh.688271 联影医疗 取到972条 | 已用6074s ETA 10294s
2026-08-26 16:58:05,426 | INFO  | [1935/5212] sh.688272 富吉瑞 取到1180条 | 已用6074s ETA 10286s
2026-08-26 16:58:05,426 | INFO  | [1936/5212] sh.688273 麦澜德 取到979条 | 已用6074s ETA 10278s
2026-08-26 16:58:22,793 | INFO  | [1937/5212] sh.688283 坤恒顺维 取到1100条 | 已用6091s ETA 10298s
2026-08-26 16:58:22,793 | INFO  | [1938/5212] sh.688285 高铁电气 取到1178条 | 已用6091s ETA 10290s
2026-08-26 16:58:22,793 | INFO  | [1939/5212] sh.688286 敏芯股份 取到1466条 | 已用6091s ETA 10282s
2026-08-26 16:58:22,793 | INFO  | [1940/5212] sh.688288 鸿泉技术 取到1651条 | 已用6091s ETA 10273s
2026-08-26 16:58:22,794 | INFO  | [1941/5212] sh.688289 圣湘生物 取到1452条 | 已用6091s ETA 10265s
2026-08-26 16:58:22,794 | INFO  | [1942/5212] sh.688290 景业智能 取到1049条 | 已用6091s ETA 10256s
2026-08-26 16:58:22,794 | INFO  | [1943/5212] sh.688291 金橙子 取到931条 | 已用6091s ETA 10248s
2026-08-26 16:58:22,794 | INFO  | [1944/5212] sh.688292 浩瀚深度 取到974条 | 已用6091s ETA 10239s
2026-08-26 16:58:26,811 | INFO  | [1945/5212] sh.688275 万润新能 取到945条 | 已用6095s ETA 10238s
2026-08-26 16:58:26,812 | INFO  | [1946/5212] sh.688276 百克生物 取到1254条 | 已用6095s ETA 10229s
2026-08-26 16:58:26,812 | INFO  | [1947/5212] sh.688277 天智航 取到1490条 | 已用6095s ETA 10221s
2026-08-26 16:58:26,812 | INFO  | [1948/5212] sh.688278 特宝生物 取到1600条 | 已用6095s ETA 10213s
2026-08-26 16:58:26,812 | INFO  | [1949/5212] sh.688279 峰岹科技 取到1056条 | 已用6095s ETA 10204s
2026-08-26 16:58:26,812 | INFO  | [1950/5212] sh.688280 精进电动 取到1173条 | 已用6095s ETA 10196s
2026-08-26 16:58:26,812 | INFO  | [1951/5212] sh.688281 华秦科技 取到1086条 | 已用6095s ETA 10188s
2026-08-26 16:58:26,812 | INFO  | [1952/5212] sh.688282 理工导航 取到1077条 | 已用6095s ETA 10179s
2026-08-26 16:58:50,848 | INFO  | [1953/5212] sh.688293 奥浦迈 取到963条 | 已用6119s ETA 10211s
2026-08-26 16:58:50,848 | INFO  | [1954/5212] sh.688295 中复神鹰 取到1066条 | 已用6119s ETA 10203s
2026-08-26 16:58:50,848 | INFO  | [1955/5212] sh.688296 和达科技 取到1232条 | 已用6119s ETA 10194s
2026-08-26 16:58:50,848 | INFO  | [1956/5212] sh.688297 中无人机 取到1010条 | 已用6119s ETA 10186s
2026-08-26 16:58:50,848 | INFO  | [1957/5212] sh.688298 东方生物 取到1593条 | 已用6119s ETA 10178s
2026-08-26 16:58:50,848 | INFO  | [1958/5212] sh.688299 长阳科技 取到1651条 | 已用6119s ETA 10169s
2026-08-26 16:58:50,848 | INFO  | [1959/5212] sh.688300 联瑞新材 取到1644条 | 已用6119s ETA 10161s
2026-08-26 16:58:50,848 | INFO  | [1960/5212] sh.688301 奕瑞科技 取到1437条 | 已用6119s ETA 10153s
2026-08-26 16:59:06,001 | INFO  | [1961/5212] sh.688302 海创药业 取到1062条 | 已用6134s ETA 10169s
2026-08-26 16:59:06,001 | INFO  | [1962/5212] sh.688303 大全能源 取到1235条 | 已用6134s ETA 10161s
2026-08-26 16:59:06,001 | INFO  | [1963/5212] sh.688305 科德数控 取到1244条 | 已用6134s ETA 10153s
2026-08-26 16:59:06,001 | INFO  | [1964/5212] sh.688306 均普智能 取到1075条 | 已用6134s ETA 10145s
2026-08-26 16:59:06,001 | INFO  | [1965/5212] sh.688307 中润光学 取到856条 | 已用6134s ETA 10136s
2026-08-26 16:59:06,001 | INFO  | [1966/5212] sh.688308 欧科亿 取到1384条 | 已用6134s ETA 10128s
2026-08-26 16:59:06,001 | INFO  | [1967/5212] sh.688309 恒誉科技 取到1485条 | 已用6134s ETA 10120s
2026-08-26 16:59:06,001 | INFO  | [1968/5212] sh.688310 迈得医疗 取到1632条 | 已用6134s ETA 10111s
2026-08-26 16:59:11,495 | INFO  | [1969/5212] sh.688311 盟升电子 取到1472条 | 已用6140s ETA 10112s
2026-08-26 16:59:11,495 | INFO  | [1970/5212] sh.688312 燕麦科技 取到1509条 | 已用6140s ETA 10104s
2026-08-26 16:59:11,495 | INFO  | [1971/5212] sh.688313 仕佳光子 取到1464条 | 已用6140s ETA 10096s
2026-08-26 16:59:11,495 | INFO  | [1972/5212] sh.688314 康拓医疗 取到1281条 | 已用6140s ETA 10088s
2026-08-26 16:59:11,495 | INFO  | [1973/5212] sh.688315 诺禾致源 取到1303条 | 已用6140s ETA 10079s
2026-08-26 16:59:11,495 | INFO  | [1974/5212] sh.688316 青云科技 取到1322条 | 已用6140s ETA 10071s
2026-08-26 16:59:11,495 | INFO  | [1975/5212] sh.688317 之江生物 取到1358条 | 已用6140s ETA 10063s
2026-08-26 16:59:11,495 | INFO  | [1976/5212] sh.688318 财富趋势 取到1536条 | 已用6140s ETA 10055s
2026-08-26 16:59:28,962 | INFO  | [1977/5212] sh.688328 深科达 取到1327条 | 已用6157s ETA 10075s
2026-08-26 16:59:28,962 | INFO  | [1978/5212] sh.688329 艾隆科技 取到1313条 | 已用6157s ETA 10067s
2026-08-26 16:59:28,962 | INFO  | [1979/5212] sh.688330 宏力达 取到1424条 | 已用6157s ETA 10059s
2026-08-26 16:59:28,962 | INFO  | [1980/5212] sh.688331 荣昌生物 取到1068条 | 已用6157s ETA 10051s
2026-08-26 16:59:28,962 | INFO  | [1981/5212] sh.688332 中科蓝讯 取到998条 | 已用6157s ETA 10042s
2026-08-26 16:59:28,962 | INFO  | [1982/5212] sh.688333 铂力特 取到1722条 | 已用6157s ETA 10034s
2026-08-26 16:59:28,962 | INFO  | [1983/5212] sh.688334 西高院 取到773条 | 已用6157s ETA 10026s
2026-08-26 16:59:28,962 | INFO  | [1984/5212] sh.688335 复洁科技 取到1461条 | 已用6157s ETA 10018s
2026-08-26 16:59:46,127 | INFO  | [1985/5212] sh.688336 三生国健 取到1479条 | 已用6174s ETA 10038s
2026-08-26 16:59:46,127 | INFO  | [1986/5212] sh.688337 普源精电 取到1064条 | 已用6174s ETA 10029s
2026-08-26 16:59:46,127 | INFO  | [1987/5212] sh.688338 赛科希德 取到1468条 | 已用6174s ETA 10021s
2026-08-26 16:59:46,127 | INFO  | [1988/5212] sh.688339 亿华通 取到1466条 | 已用6174s ETA 10013s
2026-08-26 16:59:46,127 | INFO  | [1989/5212] sh.688343 云天励飞 取到823条 | 已用6174s ETA 10005s
2026-08-26 16:59:46,127 | INFO  | [1990/5212] sh.688345 博力威 取到1263条 | 已用6174s ETA 9997s
2026-08-26 16:59:46,127 | INFO  | [1991/5212] sh.688347 华虹宏力 取到740条 | 已用6174s ETA 9989s
2026-08-26 16:59:46,127 | INFO  | [1992/5212] sh.688348 昱能科技 取到1025条 | 已用6174s ETA 9981s
2026-08-26 16:59:52,287 | INFO  | [1993/5212] sh.688319 欧林生物 取到1266条 | 已用6181s ETA 9982s
2026-08-26 16:59:52,287 | INFO  | [1994/5212] sh.688320 禾川科技 取到1050条 | 已用6181s ETA 9974s
2026-08-26 16:59:52,287 | INFO  | [1995/5212] sh.688321 微芯生物 取到1707条 | 已用6181s ETA 9966s
2026-08-26 16:59:52,287 | INFO  | [1996/5212] sh.688322 奥比中光 取到1004条 | 已用6181s ETA 9958s
2026-08-26 16:59:52,287 | INFO  | [1997/5212] sh.688323 瑞华泰 取到1292条 | 已用6181s ETA 9950s
2026-08-26 16:59:52,287 | INFO  | [1998/5212] sh.688325 赛微微电 取到1054条 | 已用6181s ETA 9942s
2026-08-26 16:59:52,287 | INFO  | [1999/5212] sh.688326 经纬恒润 取到1057条 | 已用6181s ETA 9934s
2026-08-26 16:59:52,287 | INFO  | [2000/5212] sh.688327 云从科技 取到1032条 | 已用6181s ETA 9926s
2026-08-26 17:00:04,582 | WARNING | sh.688356 第1次请求失败: error_code=10002007 msg=网络接收错误。
2026-08-26 17:00:04,599 | WARNING | sh.688360 第1次请求失败: error_code=10002007 msg=网络接收错误。
2026-08-26 17:00:40,165 | WARNING | sh.688356 重登失败，继续重试
2026-08-26 17:00:40,185 | WARNING | sh.688360 重登失败，继续重试
2026-08-26 17:01:10,174 | WARNING | sh.688356 第2次请求失败: error_code=10002007 msg=网络接收错误。
2026-08-26 17:01:10,190 | WARNING | sh.688360 第2次请求失败: error_code=10002007 msg=网络接收错误。
2026-08-26 17:01:47,313 | INFO  | [2001/5212] sh.688349 三一重能 取到1015条 | 已用6296s ETA 10102s
2026-08-26 17:01:47,313 | INFO  | [2002/5212] sh.688350 富淼科技 取到1350条 | 已用6296s ETA 10094s
2026-08-26 17:01:47,313 | INFO  | [2003/5212] sh.688351 微电生理 取到965条 | 已用6296s ETA 10086s
2026-08-26 17:01:47,313 | INFO  | [2004/5212] sh.688352 颀中科技 取到812条 | 已用6296s ETA 10078s
2026-08-26 17:01:47,313 | INFO  | [2005/5212] sh.688353 华盛锂电 取到1000条 | 已用6296s ETA 10070s
2026-08-26 17:01:47,313 | INFO  | [2006/5212] sh.688355 明志科技 取到1285条 | 已用6296s ETA 10062s
2026-08-26 17:01:47,313 | INFO  | [2007/5212] sh.688356 键凯科技 取到1454条 | 已用6296s ETA 10053s
2026-08-26 17:01:47,313 | INFO  | [2008/5212] sh.688357 建龙微纳 取到1631条 | 已用6296s ETA 10045s
2026-08-26 17:01:54,133 | INFO  | [2009/5212] sh.688358 祥生医疗 取到1632条 | 已用6302s ETA 10048s
2026-08-26 17:01:54,133 | INFO  | [2010/5212] sh.688359 三孚新科 取到1278条 | 已用6302s ETA 10040s
2026-08-26 17:01:54,133 | INFO  | [2011/5212] sh.688360 德马科技 取到1513条 | 已用6302s ETA 10032s
2026-08-26 17:01:54,133 | INFO  | [2012/5212] sh.688361 中科飞测 取到794条 | 已用6302s ETA 10024s
2026-08-26 17:01:54,133 | INFO  | [2013/5212] sh.688362 甬矽电子 取到916条 | 已用6302s ETA 10016s
2026-08-26 17:01:54,133 | INFO  | [2014/5212] sh.688363 华熙生物 取到1651条 | 已用6302s ETA 10007s
2026-08-26 17:01:54,133 | INFO  | [2015/5212] sh.688365 光云科技 取到1534条 | 已用6302s ETA 9999s
2026-08-26 17:01:54,133 | INFO  | [2016/5212] sh.688366 昊海生科 取到1656条 | 已用6302s ETA 9991s
2026-08-26 17:01:58,119 | INFO  | [2017/5212] sh.688367 工大高科 取到1253条 | 已用6306s ETA 9989s
2026-08-26 17:01:58,119 | INFO  | [2018/5212] sh.688368 晶丰明源 取到1668条 | 已用6306s ETA 9981s
2026-08-26 17:01:58,119 | INFO  | [2019/5212] sh.688369 致远互联 取到1655条 | 已用6306s ETA 9973s
2026-08-26 17:01:58,119 | INFO  | [2020/5212] sh.688370 丛麟科技 取到969条 | 已用6306s ETA 9965s
2026-08-26 17:01:58,119 | INFO  | [2021/5212] sh.688371 菲沃泰 取到986条 | 已用6306s ETA 9957s
2026-08-26 17:01:58,119 | INFO  | [2022/5212] sh.688372 伟测科技 取到931条 | 已用6306s ETA 9949s
2026-08-26 17:01:58,119 | INFO  | [2023/5212] sh.688373 盟科药业 取到983条 | 已用6306s ETA 9941s
2026-08-26 17:01:58,119 | INFO  | [2024/5212] sh.688375 国博电子 取到993条 | 已用6306s ETA 9933s
2026-08-26 17:02:09,246 | INFO  | [2025/5212] sh.688376 美埃科技 取到914条 | 已用6317s ETA 9943s
2026-08-26 17:02:09,246 | INFO  | [2026/5212] sh.688377 迪威尔 取到1489条 | 已用6317s ETA 9935s
2026-08-26 17:02:09,246 | INFO  | [2027/5212] sh.688378 奥来德 取到1448条 | 已用6317s ETA 9927s
2026-08-26 17:02:09,246 | INFO  | [2028/5212] sh.688379 华光新材 取到1459条 | 已用6317s ETA 9919s
2026-08-26 17:02:09,246 | INFO  | [2029/5212] sh.688380 中微半导 取到983条 | 已用6317s ETA 9911s
2026-08-26 17:02:09,246 | INFO  | [2030/5212] sh.688381 帝奥微 取到971条 | 已用6317s ETA 9903s
2026-08-26 17:02:09,246 | INFO  | [2031/5212] sh.688382 益方生物 取到992条 | 已用6317s ETA 9895s
2026-08-26 17:02:09,246 | INFO  | [2032/5212] sh.688383 新益昌 取到1292条 | 已用6317s ETA 9887s
2026-08-26 17:02:13,530 | INFO  | [2033/5212] sh.688385 复旦微电 取到1226条 | 已用6322s ETA 9885s
2026-08-26 17:02:13,530 | INFO  | [2034/5212] sh.688386 泛亚微透 取到1423条 | 已用6322s ETA 9877s
2026-08-26 17:02:13,530 | INFO  | [2035/5212] sh.688387 信科移动 取到948条 | 已用6322s ETA 9869s
2026-08-26 17:02:13,530 | INFO  | [2036/5212] sh.688388 嘉元科技 取到1722条 | 已用6322s ETA 9861s
2026-08-26 17:02:13,530 | INFO  | [2037/5212] sh.688389 普门科技 取到1652条 | 已用6322s ETA 9853s
2026-08-26 17:02:13,530 | INFO  | [2038/5212] sh.688390 固德威 取到1447条 | 已用6322s ETA 9846s
2026-08-26 17:02:13,530 | INFO  | [2039/5212] sh.688391 钜泉科技 取到957条 | 已用6322s ETA 9838s
2026-08-26 17:02:13,530 | INFO  | [2040/5212] sh.688392 骄成超声 取到947条 | 已用6322s ETA 9830s
2026-08-26 17:02:24,937 | INFO  | [2041/5212] sh.688408 中信博 取到1452条 | 已用6333s ETA 9840s
2026-08-26 17:02:24,937 | INFO  | [2042/5212] sh.688409 富创精密 取到943条 | 已用6333s ETA 9832s
2026-08-26 17:02:24,937 | INFO  | [2043/5212] sh.688410 山外山 取到888条 | 已用6333s ETA 9824s
2026-08-26 17:02:24,937 | INFO  | [2044/5212] sh.688411 海博思创 取到382条 | 已用6333s ETA 9816s
2026-08-26 17:02:24,937 | INFO  | [2045/5212] sh.688416 恒烁股份 取到967条 | 已用6333s ETA 9808s
2026-08-26 17:02:24,937 | INFO  | [2046/5212] sh.688418 震有科技 取到1479条 | 已用6333s ETA 9800s
2026-08-26 17:02:24,937 | INFO  | [2047/5212] sh.688419 耐科装备 取到923条 | 已用6333s ETA 9792s
2026-08-26 17:02:24,937 | INFO  | [2048/5212] sh.688420 美腾科技 取到899条 | 已用6333s ETA 9784s
2026-08-26 17:02:26,003 | INFO  | [2049/5212] sh.688393 安必平 取到1458条 | 已用6334s ETA 9778s
2026-08-26 17:02:26,003 | INFO  | [2050/5212] sh.688395 正弦电气 取到1291条 | 已用6334s ETA 9770s
2026-08-26 17:02:26,003 | INFO  | [2051/5212] sh.688396 华润微 取到1577条 | 已用6334s ETA 9762s
2026-08-26 17:02:26,003 | INFO  | [2052/5212] sh.688398 赛特新材 取到1589条 | 已用6334s ETA 9754s
2026-08-26 17:02:26,003 | INFO  | [2053/5212] sh.688399 硕世生物 取到1630条 | 已用6334s ETA 9747s
2026-08-26 17:02:26,003 | INFO  | [2054/5212] sh.688400 凌云光 取到1005条 | 已用6334s ETA 9739s
2026-08-26 17:02:26,003 | INFO  | [2055/5212] sh.688401 路维光电 取到975条 | 已用6334s ETA 9731s
2026-08-26 17:02:26,003 | INFO  | [2056/5212] sh.688403 汇成股份 取到974条 | 已用6334s ETA 9723s
2026-08-26 17:02:34,707 | INFO  | [2057/5212] sh.688443 智翔金泰 取到772条 | 已用6343s ETA 9729s
2026-08-26 17:02:34,707 | INFO  | [2058/5212] sh.688448 磁谷科技 取到951条 | 已用6343s ETA 9721s
2026-08-26 17:02:34,707 | INFO  | [2059/5212] sh.688449 联芸科技 取到422条 | 已用6343s ETA 9713s
2026-08-26 17:02:34,707 | INFO  | [2060/5212] sh.688450 光格科技 取到750条 | 已用6343s ETA 9705s
2026-08-26 17:02:34,707 | INFO  | [2061/5212] sh.688455 科捷智能 取到955条 | 已用6343s ETA 9698s
2026-08-26 17:02:34,707 | INFO  | [2062/5212] sh.688456 有研粉材 取到1321条 | 已用6343s ETA 9690s
2026-08-26 17:02:34,707 | INFO  | [2063/5212] sh.688458 美芯晟 取到793条 | 已用6343s ETA 9682s
2026-08-26 17:02:34,707 | INFO  | [2064/5212] sh.688459 哈铁科技 取到941条 | 已用6343s ETA 9674s
2026-08-26 17:02:37,820 | INFO  | [2065/5212] sh.688425 铁建重工 取到1257条 | 已用6346s ETA 9671s
2026-08-26 17:02:37,820 | INFO  | [2066/5212] sh.688426 康为世纪 取到932条 | 已用6346s ETA 9663s
2026-08-26 17:02:37,820 | INFO  | [2067/5212] sh.688428 诺诚健华 取到951条 | 已用6346s ETA 9656s
2026-08-26 17:02:37,820 | INFO  | [2068/5212] sh.688429 时创能源 取到767条 | 已用6346s ETA 9648s
2026-08-26 17:02:37,820 | INFO  | [2069/5212] sh.688432 有研硅 取到920条 | 已用6346s ETA 9640s
2026-08-26 17:02:37,821 | INFO  | [2070/5212] sh.688433 华曙高科 取到815条 | 已用6346s ETA 9632s
2026-08-26 17:02:37,821 | INFO  | [2071/5212] sh.688435 英方软件 取到871条 | 已用6346s ETA 9625s
2026-08-26 17:02:37,821 | INFO  | [2072/5212] sh.688439 振华风光 取到968条 | 已用6346s ETA 9617s
2026-08-26 17:02:46,381 | INFO  | [2073/5212] sh.688466 金科环境 取到1530条 | 已用6355s ETA 9622s
2026-08-26 17:02:46,381 | INFO  | [2074/5212] sh.688468 科美诊断 取到1305条 | 已用6355s ETA 9615s
2026-08-26 17:02:46,381 | INFO  | [2075/5212] sh.688469 芯联集成 取到801条 | 已用6355s ETA 9607s
2026-08-26 17:02:46,381 | INFO  | [2076/5212] sh.688472 阿特斯 取到779条 | 已用6355s ETA 9599s
2026-08-26 17:02:46,381 | INFO  | [2077/5212] sh.688475 萤石网络 取到886条 | 已用6355s ETA 9592s
2026-08-26 17:02:46,381 | INFO  | [2078/5212] sh.688478 晶升股份 取到810条 | 已用6355s ETA 9584s
2026-08-26 17:02:46,381 | INFO  | [2079/5212] sh.688479 友车科技 取到800条 | 已用6355s ETA 9576s
2026-08-26 17:02:46,381 | INFO  | [2080/5212] sh.688480 赛恩斯 取到909条 | 已用6355s ETA 9569s
2026-08-26 17:02:52,179 | INFO  | [2081/5212] sh.688484 南芯科技 取到821条 | 已用6360s ETA 9570s
2026-08-26 17:02:52,179 | INFO  | [2082/5212] sh.688485 九州一轨 取到872条 | 已用6360s ETA 9562s
2026-08-26 17:02:52,179 | INFO  | [2083/5212] sh.688486 龙迅股份 取到853条 | 已用6360s ETA 9554s
2026-08-26 17:02:52,179 | INFO  | [2084/5212] sh.688488 艾迪药业 取到1481条 | 已用6360s ETA 9547s
2026-08-26 17:02:52,179 | INFO  | [2085/5212] sh.688489 三未信安 取到904条 | 已用6360s ETA 9539s
2026-08-26 17:02:52,179 | INFO  | [2086/5212] sh.688496 *ST清越 取到886条 | 已用6360s ETA 9531s
2026-08-26 17:02:52,179 | INFO  | [2087/5212] sh.688498 源杰科技 取到891条 | 已用6360s ETA 9524s
2026-08-26 17:02:52,179 | INFO  | [2088/5212] sh.688499 利元亨 取到1250条 | 已用6360s ETA 9516s
2026-08-26 17:02:58,570 | INFO  | [2089/5212] sh.688500 慧辰股份 取到1483条 | 已用6367s ETA 9518s
2026-08-26 17:02:58,570 | INFO  | [2090/5212] sh.688501 青达环保 取到1239条 | 已用6367s ETA 9511s
2026-08-26 17:02:58,570 | INFO  | [2091/5212] sh.688502 茂莱光学 取到841条 | 已用6367s ETA 9503s
2026-08-26 17:02:58,570 | INFO  | [2092/5212] sh.688503 聚和材料 取到899条 | 已用6367s ETA 9495s
2026-08-26 17:02:58,570 | INFO  | [2093/5212] sh.688505 复旦张江 取到1500条 | 已用6367s ETA 9488s
2026-08-26 17:02:58,570 | INFO  | [2094/5212] sh.688506 百利天恒 取到880条 | 已用6367s ETA 9480s
2026-08-26 17:02:58,570 | INFO  | [2095/5212] sh.688507 索辰科技 取到814条 | 已用6367s ETA 9473s
2026-08-26 17:02:58,570 | INFO  | [2096/5212] sh.688508 芯朋微 取到1479条 | 已用6367s ETA 9465s
2026-08-26 17:03:09,852 | INFO  | [2097/5212] sh.688518 联赢激光 取到1499条 | 已用6378s ETA 9474s
2026-08-26 17:03:09,853 | INFO  | [2098/5212] sh.688519 南亚新材 取到1460条 | 已用6378s ETA 9467s
2026-08-26 17:03:09,853 | INFO  | [2099/5212] sh.688520 神州细胞 取到1499条 | 已用6378s ETA 9459s
2026-08-26 17:03:09,853 | INFO  | [2100/5212] sh.688521 芯原股份 取到1460条 | 已用6378s ETA 9452s
2026-08-26 17:03:09,853 | INFO  | [2101/5212] sh.688522 纳睿雷达 取到847条 | 已用6378s ETA 9444s
2026-08-26 17:03:09,853 | INFO  | [2102/5212] sh.688523 航天环宇 取到784条 | 已用6378s ETA 9437s
2026-08-26 17:03:09,853 | INFO  | [2103/5212] sh.688525 佰维存储 取到884条 | 已用6378s ETA 9429s
2026-08-26 17:03:09,853 | INFO  | [2104/5212] sh.688526 科前生物 取到1435条 | 已用6378s ETA 9422s
2026-08-26 17:03:11,513 | INFO  | [2105/5212] sh.688509 正元地信 取到1229条 | 已用6380s ETA 9417s
2026-08-26 17:03:11,513 | INFO  | [2106/5212] sh.688510 航亚科技 取到1380条 | 已用6380s ETA 9409s
2026-08-26 17:03:11,513 | INFO  | [2107/5212] sh.688511 天微电子 取到1229条 | 已用6380s ETA 9402s
2026-08-26 17:03:11,513 | INFO  | [2108/5212] sh.688512 慧智微 取到797条 | 已用6380s ETA 9394s
2026-08-26 17:03:11,513 | INFO  | [2109/5212] sh.688513 苑东生物 取到1449条 | 已用6380s ETA 9387s
2026-08-26 17:03:11,513 | INFO  | [2110/5212] sh.688515 裕太微 取到860条 | 已用6380s ETA 9379s
2026-08-26 17:03:11,513 | INFO  | [2111/5212] sh.688516 奥特维 取到1521条 | 已用6380s ETA 9372s
2026-08-26 17:03:11,513 | INFO  | [2112/5212] sh.688517 金冠电气 取到1259条 | 已用6380s ETA 9364s
2026-08-26 17:03:20,900 | INFO  | [2113/5212] sh.688528 秦川物联 取到1494条 | 已用6389s ETA 9371s
2026-08-26 17:03:20,900 | INFO  | [2114/5212] sh.688529 豪森智能 取到1407条 | 已用6389s ETA 9363s
2026-08-26 17:03:20,900 | INFO  | [2115/5212] sh.688530 欧莱新材 取到560条 | 已用6389s ETA 9356s
2026-08-26 17:03:20,900 | INFO  | [2116/5212] sh.688531 日联科技 取到825条 | 已用6389s ETA 9348s
2026-08-26 17:03:20,900 | INFO  | [2117/5212] sh.688533 上声电子 取到1299条 | 已用6389s ETA 9341s
2026-08-26 17:03:20,900 | INFO  | [2118/5212] sh.688535 华海诚科 取到823条 | 已用6389s ETA 9333s
2026-08-26 17:03:20,900 | INFO  | [2119/5212] sh.688536 思瑞浦 取到1436条 | 已用6389s ETA 9326s
2026-08-26 17:03:20,900 | INFO  | [2120/5212] sh.688538 和辉光电 取到1273条 | 已用6389s ETA 9318s
2026-08-26 17:03:23,075 | INFO  | [2121/5212] sh.688539 高华科技 取到814条 | 已用6391s ETA 9314s
2026-08-26 17:03:23,075 | INFO  | [2122/5212] sh.688543 国科军工 取到771条 | 已用6391s ETA 9307s
2026-08-26 17:03:23,075 | INFO  | [2123/5212] sh.688545 兴福电子 取到385条 | 已用6391s ETA 9299s
2026-08-26 17:03:23,075 | INFO  | [2124/5212] sh.688548 广钢气体 取到734条 | 已用6391s ETA 9292s
2026-08-26 17:03:23,075 | INFO  | [2125/5212] sh.688549 中巨芯 取到716条 | 已用6391s ETA 9285s
2026-08-26 17:03:23,075 | INFO  | [2126/5212] sh.688550 瑞联新材 取到1449条 | 已用6391s ETA 9277s
2026-08-26 17:03:23,075 | INFO  | [2127/5212] sh.688551 科威尔 取到1443条 | 已用6391s ETA 9270s
2026-08-26 17:03:23,075 | INFO  | [2128/5212] sh.688552 航天南湖 取到795条 | 已用6391s ETA 9263s
2026-08-26 17:03:37,740 | INFO  | [2129/5212] sh.688553 汇宇制药 取到1174条 | 已用6406s ETA 9276s
2026-08-26 17:03:37,740 | INFO  | [2130/5212] sh.688556 高测股份 取到1467条 | 已用6406s ETA 9269s
2026-08-26 17:03:37,740 | INFO  | [2131/5212] sh.688557 兰剑智能 取到1390条 | 已用6406s ETA 9262s
2026-08-26 17:03:37,740 | INFO  | [2132/5212] sh.688558 国盛智科 取到1495条 | 已用6406s ETA 9254s
2026-08-26 17:03:37,740 | INFO  | [2133/5212] sh.688559 海目星 取到1444条 | 已用6406s ETA 9247s
2026-08-26 17:03:37,740 | INFO  | [2134/5212] sh.688560 明冠新材 取到1374条 | 已用6406s ETA 9240s
2026-08-26 17:03:37,740 | INFO  | [2135/5212] sh.688561 奇安信 取到1479条 | 已用6406s ETA 9232s
2026-08-26 17:03:37,740 | INFO  | [2136/5212] sh.688562 航天软件 取到791条 | 已用6406s ETA 9225s
2026-08-26 17:03:41,028 | INFO  | [2137/5212] sh.688563 航材股份 取到753条 | 已用6409s ETA 9222s
2026-08-26 17:03:41,028 | INFO  | [2138/5212] sh.688565 力源科技 取到1284条 | 已用6409s ETA 9215s
2026-08-26 17:03:41,028 | INFO  | [2139/5212] sh.688566 吉贝尔 取到1524条 | 已用6409s ETA 9208s
2026-08-26 17:03:41,029 | INFO  | [2140/5212] sh.688567 孚能科技 取到1482条 | 已用6409s ETA 9201s
2026-08-26 17:03:41,029 | INFO  | [2141/5212] sh.688568 中科星图 取到1489条 | 已用6409s ETA 9193s
2026-08-26 17:03:41,029 | INFO  | [2142/5212] sh.688569 铁科轨道 取到1451条 | 已用6409s ETA 9186s
2026-08-26 17:03:41,029 | INFO  | [2143/5212] sh.688570 天玛智控 取到783条 | 已用6409s ETA 9179s
2026-08-26 17:03:41,029 | INFO  | [2144/5212] sh.688571 杭华股份 取到1383条 | 已用6409s ETA 9171s
2026-08-26 17:03:52,500 | INFO  | [2145/5212] sh.688573 信宇人 取到732条 | 已用6421s ETA 9181s
2026-08-26 17:03:52,500 | INFO  | [2146/5212] sh.688575 亚辉龙 取到1282条 | 已用6421s ETA 9173s
2026-08-26 17:03:52,500 | INFO  | [2147/5212] sh.688576 西山科技 取到782条 | 已用6421s ETA 9166s
2026-08-26 17:03:52,500 | INFO  | [2148/5212] sh.688577 浙海德曼 取到1439条 | 已用6421s ETA 9159s
2026-08-26 17:03:52,500 | INFO  | [2149/5212] sh.688578 艾力斯 取到1390条 | 已用6421s ETA 9152s
2026-08-26 17:03:52,500 | INFO  | [2150/5212] sh.688579 地纬智能 取到1482条 | 已用6421s ETA 9144s
2026-08-26 17:03:52,501 | INFO  | [2151/5212] sh.688580 伟思医疗 取到1480条 | 已用6421s ETA 9137s
2026-08-26 17:03:52,501 | INFO  | [2152/5212] sh.688581 安杰思 取到794条 | 已用6421s ETA 9130s
2026-08-26 17:03:58,072 | INFO  | [2153/5212] sh.688582 芯动联科 取到766条 | 已用6426s ETA 9131s
2026-08-26 17:03:58,072 | INFO  | [2154/5212] sh.688583 思看科技 取到390条 | 已用6426s ETA 9123s
2026-08-26 17:03:58,072 | INFO  | [2155/5212] sh.688584 上海合晶 取到614条 | 已用6426s ETA 9116s
2026-08-26 17:03:58,072 | INFO  | [2156/5212] sh.688585 上纬新材 取到1431条 | 已用6426s ETA 9109s
2026-08-26 17:03:58,072 | INFO  | [2157/5212] sh.688586 江航装备 取到1472条 | 已用6426s ETA 9102s
2026-08-26 17:03:58,072 | INFO  | [2158/5212] sh.688588 凌志软件 取到1529条 | 已用6426s ETA 9094s
2026-08-26 17:03:58,072 | INFO  | [2159/5212] sh.688589 力合微 取到1479条 | 已用6426s ETA 9087s
2026-08-26 17:03:58,072 | INFO  | [2160/5212] sh.688590 新致软件 取到1387条 | 已用6426s ETA 9080s
2026-08-26 17:04:04,402 | INFO  | [2161/5212] sh.688591 泰凌微 取到726条 | 已用6433s ETA 9082s
2026-08-26 17:04:04,402 | INFO  | [2162/5212] sh.688592 司南导航 取到733条 | 已用6433s ETA 9075s
2026-08-26 17:04:04,402 | INFO  | [2163/5212] sh.688593 新相微 取到785条 | 已用6433s ETA 9068s
2026-08-26 17:04:04,402 | INFO  | [2164/5212] sh.688595 芯海科技 取到1431条 | 已用6433s ETA 9060s
2026-08-26 17:04:04,402 | INFO  | [2165/5212] sh.688596 正帆科技 取到1458条 | 已用6433s ETA 9053s
2026-08-26 17:04:04,402 | INFO  | [2166/5212] sh.688597 煜邦电力 取到1260条 | 已用6433s ETA 9046s
2026-08-26 17:04:04,402 | INFO  | [2167/5212] sh.688598 金博股份 取到1524条 | 已用6433s ETA 9039s
2026-08-26 17:04:04,402 | INFO  | [2168/5212] sh.688599 天合光能 取到1507条 | 已用6433s ETA 9032s
2026-08-26 17:04:11,049 | INFO  | [2169/5212] sh.688600 皖仪科技 取到1492条 | 已用6439s ETA 9034s
2026-08-26 17:04:11,049 | INFO  | [2170/5212] sh.688601 力芯微 取到1253条 | 已用6439s ETA 9027s
2026-08-26 17:04:11,049 | INFO  | [2171/5212] sh.688602 康鹏科技 取到752条 | 已用6439s ETA 9020s
2026-08-26 17:04:11,049 | INFO  | [2172/5212] sh.688603 天承科技 取到760条 | 已用6439s ETA 9013s
2026-08-26 17:04:11,049 | INFO  | [2173/5212] sh.688605 先锋精科 取到413条 | 已用6439s ETA 9005s
2026-08-26 17:04:11,049 | INFO  | [2174/5212] sh.688606 奥泰生物 取到1315条 | 已用6439s ETA 8998s
2026-08-26 17:04:11,049 | INFO  | [2175/5212] sh.688607 康众医疗 取到1348条 | 已用6439s ETA 8991s
2026-08-26 17:04:11,049 | INFO  | [2176/5212] sh.688608 恒玄科技 取到1380条 | 已用6439s ETA 8984s
2026-08-26 17:04:23,742 | INFO  | [2177/5212] sh.688609 九联科技 取到1317条 | 已用6452s ETA 8995s
2026-08-26 17:04:23,742 | INFO  | [2178/5212] sh.688610 埃科光电 取到753条 | 已用6452s ETA 8988s
2026-08-26 17:04:23,742 | INFO  | [2179/5212] sh.688611 杭州柯林 取到1304条 | 已用6452s ETA 8981s
2026-08-26 17:04:23,742 | INFO  | [2180/5212] sh.688612 威迈斯 取到748条 | 已用6452s ETA 8974s
2026-08-26 17:04:23,742 | INFO  | [2181/5212] sh.688613 奥精医疗 取到1278条 | 已用6452s ETA 8966s
2026-08-26 17:04:23,743 | INFO  | [2182/5212] sh.688615 合合信息 取到463条 | 已用6452s ETA 8959s
2026-08-26 17:04:23,743 | INFO  | [2183/5212] sh.688616 西力科技 取到1320条 | 已用6452s ETA 8952s
2026-08-26 17:04:23,743 | INFO  | [2184/5212] sh.688617 惠泰医疗 取到1365条 | 已用6452s ETA 8945s
2026-08-26 17:04:25,646 | INFO  | [2185/5212] sh.688618 三旺通信 取到1370条 | 已用6454s ETA 8941s
2026-08-26 17:04:25,646 | INFO  | [2186/5212] sh.688619 罗普特 取到1337条 | 已用6454s ETA 8934s
2026-08-26 17:04:25,646 | INFO  | [2187/5212] sh.688620 安凯微 取到769条 | 已用6454s ETA 8927s
2026-08-26 17:04:25,646 | INFO  | [2188/5212] sh.688621 阳光诺和 取到1258条 | 已用6454s ETA 8920s
2026-08-26 17:04:25,646 | INFO  | [2189/5212] sh.688622 *ST禾信 取到1198条 | 已用6454s ETA 8913s
2026-08-26 17:04:25,646 | INFO  | [2190/5212] sh.688623 双元科技 取到780条 | 已用6454s ETA 8906s
2026-08-26 17:04:25,647 | INFO  | [2191/5212] sh.688625 呈和科技 取到1267条 | 已用6454s ETA 8899s
2026-08-26 17:04:25,647 | INFO  | [2192/5212] sh.688626 翔宇医疗 取到1311条 | 已用6454s ETA 8892s
2026-08-26 17:04:31,695 | INFO  | [2193/5212] sh.688627 精智达 取到754条 | 已用6460s ETA 8893s
2026-08-26 17:04:31,695 | INFO  | [2194/5212] sh.688628 优利德 取到1348条 | 已用6460s ETA 8886s
2026-08-26 17:04:31,695 | INFO  | [2195/5212] sh.688629 华丰科技 取到769条 | 已用6460s ETA 8879s
2026-08-26 17:04:31,695 | INFO  | [2196/5212] sh.688630 芯碁微装 取到1310条 | 已用6460s ETA 8872s
2026-08-26 17:04:31,697 | INFO  | [2197/5212] sh.688631 莱斯信息 取到768条 | 已用6460s ETA 8865s
2026-08-26 17:04:31,697 | INFO  | [2198/5212] sh.688633 星球石墨 取到1316条 | 已用6460s ETA 8858s
2026-08-26 17:04:31,697 | INFO  | [2199/5212] sh.688635 长进光子 取到64条 | 已用6460s ETA 8851s
2026-08-26 17:04:31,697 | INFO  | [2200/5212] sh.688636 智明达 取到1306条 | 已用6460s ETA 8844s
2026-08-26 17:04:41,453 | INFO  | [2201/5212] sh.688638 誉辰智能 取到758条 | 已用6470s ETA 8851s
2026-08-26 17:04:41,453 | INFO  | [2202/5212] sh.688639 华恒生物 取到1296条 | 已用6470s ETA 8844s
2026-08-26 17:04:41,453 | INFO  | [2203/5212] sh.688646 逸飞激光 取到746条 | 已用6470s ETA 8837s
2026-08-26 17:04:41,453 | INFO  | [2204/5212] sh.688648 中邮科技 取到676条 | 已用6470s ETA 8830s
2026-08-26 17:04:41,453 | INFO  | [2205/5212] sh.688651 盛邦安全 取到748条 | 已用6470s ETA 8823s
2026-08-26 17:04:41,453 | INFO  | [2206/5212] sh.688652 京仪装备 取到664条 | 已用6470s ETA 8816s
2026-08-26 17:04:41,453 | INFO  | [2207/5212] sh.688653 康希通信 取到672条 | 已用6470s ETA 8809s
2026-08-26 17:04:41,453 | INFO  | [2208/5212] sh.688655 迅捷兴 取到1286条 | 已用6470s ETA 8802s
2026-08-26 17:04:58,144 | INFO  | [2209/5212] sh.688656 浩欧博 取到1361条 | 已用6486s ETA 8818s
2026-08-26 17:04:58,144 | INFO  | [2210/5212] sh.688657 浩辰软件 取到700条 | 已用6486s ETA 8811s
2026-08-26 17:04:58,144 | INFO  | [2211/5212] sh.688658 悦康药业 取到1374条 | 已用6486s ETA 8804s
2026-08-26 17:04:58,144 | INFO  | [2212/5212] sh.688659 元琛科技 取到1311条 | 已用6486s ETA 8797s
2026-08-26 17:04:58,144 | INFO  | [2213/5212] sh.688660 电气风电 取到1280条 | 已用6486s ETA 8790s
2026-08-26 17:04:58,144 | INFO  | [2214/5212] sh.688661 和林微纳 取到1313条 | 已用6486s ETA 8783s
2026-08-26 17:04:58,144 | INFO  | [2215/5212] sh.688662 富信科技 取到1310条 | 已用6486s ETA 8776s
2026-08-26 17:04:58,144 | INFO  | [2216/5212] sh.688663 新风光 取到1303条 | 已用6486s ETA 8769s
2026-08-26 17:05:00,654 | INFO  | [2217/5212] sh.688665 四方光电 取到1342条 | 已用6489s ETA 8766s
2026-08-26 17:05:00,654 | INFO  | [2218/5212] sh.688667 菱电电控 取到1324条 | 已用6489s ETA 8759s
2026-08-26 17:05:00,654 | INFO  | [2219/5212] sh.688668 鼎通科技 取到1377条 | 已用6489s ETA 8752s
2026-08-26 17:05:00,654 | INFO  | [2220/5212] sh.688669 聚石化学 取到1353条 | 已用6489s ETA 8745s
2026-08-26 17:05:00,654 | INFO  | [2221/5212] sh.688670 金迪克 取到1228条 | 已用6489s ETA 8739s
2026-08-26 17:05:00,654 | INFO  | [2222/5212] sh.688671 碧兴物联 取到738条 | 已用6489s ETA 8732s
2026-08-26 17:05:00,654 | INFO  | [2223/5212] sh.688676 金盘科技 取到1327条 | 已用6489s ETA 8725s
2026-08-26 17:05:00,654 | INFO  | [2224/5212] sh.688677 海泰新光 取到1334条 | 已用6489s ETA 8718s
2026-08-26 17:05:12,739 | INFO  | [2225/5212] sh.688687 凯因科技 取到1343条 | 已用6501s ETA 8727s
2026-08-26 17:05:12,739 | INFO  | [2226/5212] sh.688689 银河微电 取到1351条 | 已用6501s ETA 8721s
2026-08-26 17:05:12,739 | INFO  | [2227/5212] sh.688690 纳微科技 取到1256条 | 已用6501s ETA 8714s
2026-08-26 17:05:12,739 | INFO  | [2228/5212] sh.688691 灿芯股份 取到577条 | 已用6501s ETA 8707s
2026-08-26 17:05:12,739 | INFO  | [2229/5212] sh.688692 达梦数据 取到537条 | 已用6501s ETA 8700s
2026-08-26 17:05:12,739 | INFO  | [2230/5212] sh.688693 锴威特 取到731条 | 已用6501s ETA 8693s
2026-08-26 17:05:12,739 | INFO  | [2231/5212] sh.688695 中创股份 取到596条 | 已用6501s ETA 8686s
2026-08-26 17:05:12,739 | INFO  | [2232/5212] sh.688696 极米科技 取到1331条 | 已用6501s ETA 8680s
2026-08-26 17:05:13,755 | INFO  | [2233/5212] sh.688678 福立旺 取到1375条 | 已用6502s ETA 8674s
2026-08-26 17:05:13,755 | INFO  | [2234/5212] sh.688679 通源环境 取到1373条 | 已用6502s ETA 8667s
2026-08-26 17:05:13,755 | INFO  | [2235/5212] sh.688680 海优新材 取到1354条 | 已用6502s ETA 8661s
2026-08-26 17:05:13,755 | INFO  | [2236/5212] sh.688681 科汇股份 取到1261条 | 已用6502s ETA 8654s
2026-08-26 17:05:13,755 | INFO  | [2237/5212] sh.688682 霍莱沃 取到1298条 | 已用6502s ETA 8647s
2026-08-26 17:05:13,755 | INFO  | [2238/5212] sh.688683 莱尔科技 取到1304条 | 已用6502s ETA 8640s
2026-08-26 17:05:13,755 | INFO  | [2239/5212] sh.688685 迈信林 取到1284条 | 已用6502s ETA 8633s
2026-08-26 17:05:13,755 | INFO  | [2240/5212] sh.688686 奥普特 取到1369条 | 已用6502s ETA 8627s
2026-08-26 17:05:23,138 | INFO  | [2241/5212] sh.688709 成都华微 取到615条 | 已用6511s ETA 8632s
2026-08-26 17:05:23,138 | INFO  | [2242/5212] sh.688710 益诺思 取到478条 | 已用6511s ETA 8626s
2026-08-26 17:05:23,138 | INFO  | [2243/5212] sh.688711 宏微科技 取到1206条 | 已用6511s ETA 8619s
2026-08-26 17:05:23,138 | INFO  | [2244/5212] sh.688712 北芯生命 取到133条 | 已用6511s ETA 8612s
2026-08-26 17:05:23,138 | INFO  | [2245/5212] sh.688716 中研股份 取到708条 | 已用6511s ETA 8605s
2026-08-26 17:05:23,138 | INFO  | [2246/5212] sh.688717 艾罗能源 取到640条 | 已用6511s ETA 8599s
2026-08-26 17:05:23,138 | INFO  | [2247/5212] sh.688718 唯赛勃 取到1231条 | 已用6511s ETA 8592s
2026-08-26 17:05:23,138 | INFO  | [2248/5212] sh.688719 爱科赛博 取到702条 | 已用6511s ETA 8585s
2026-08-26 17:05:29,268 | INFO  | [2249/5212] sh.688697 纽威数控 取到1194条 | 已用6517s ETA 8587s
2026-08-26 17:05:29,268 | INFO  | [2250/5212] sh.688698 伟创电气 取到1371条 | 已用6517s ETA 8580s
2026-08-26 17:05:29,268 | INFO  | [2251/5212] sh.688699 明微电子 取到1378条 | 已用6517s ETA 8573s
2026-08-26 17:05:29,268 | INFO  | [2252/5212] sh.688700 东威科技 取到1262条 | 已用6517s ETA 8566s
2026-08-26 17:05:29,268 | INFO  | [2253/5212] sh.688701 卓锦股份 取到1195条 | 已用6517s ETA 8560s
2026-08-26 17:05:29,268 | INFO  | [2254/5212] sh.688702 盛科通信 取到712条 | 已用6517s ETA 8553s
2026-08-26 17:05:29,268 | INFO  | [2255/5212] sh.688707 振华新材 取到1197条 | 已用6517s ETA 8546s
2026-08-26 17:05:29,268 | INFO  | [2256/5212] sh.688708 佳驰科技 取到418条 | 已用6517s ETA 8540s
2026-08-26 17:05:31,817 | INFO  | [2257/5212] sh.688720 艾森股份 取到659条 | 已用6520s ETA 8536s
2026-08-26 17:05:31,817 | INFO  | [2258/5212] sh.688721 龙图光罩 取到498条 | 已用6520s ETA 8530s
2026-08-26 17:05:31,817 | INFO  | [2259/5212] sh.688722 同益中 取到1179条 | 已用6520s ETA 8523s
2026-08-26 17:05:31,817 | INFO  | [2260/5212] sh.688726 拉普拉斯 取到445条 | 已用6520s ETA 8516s
2026-08-26 17:05:31,817 | INFO  | [2261/5212] sh.688727 恒坤新材 取到188条 | 已用6520s ETA 8510s
2026-08-26 17:05:31,817 | INFO  | [2262/5212] sh.688728 格科微 取到1216条 | 已用6520s ETA 8503s
2026-08-26 17:05:31,817 | INFO  | [2263/5212] sh.688729 屹唐股份 取到277条 | 已用6520s ETA 8496s
2026-08-26 17:05:31,817 | INFO  | [2264/5212] sh.688733 壹石通 取到1217条 | 已用6520s ETA 8490s
2026-08-26 17:05:40,276 | INFO  | [2265/5212] sh.688737 中自科技 取到1176条 | 已用6528s ETA 8494s
2026-08-26 17:05:40,276 | INFO  | [2266/5212] sh.688739 成大生物 取到1172条 | 已用6528s ETA 8488s
2026-08-26 17:05:40,276 | INFO  | [2267/5212] sh.688750 金天钛业 取到429条 | 已用6528s ETA 8481s
2026-08-26 17:05:40,276 | INFO  | [2268/5212] sh.688755 汉邦科技 取到313条 | 已用6528s ETA 8474s
2026-08-26 17:05:40,276 | INFO  | [2269/5212] sh.688757 胜科纳米 取到347条 | 已用6528s ETA 8468s
2026-08-26 17:05:40,276 | INFO  | [2270/5212] sh.688758 赛分科技 取到393条 | 已用6528s ETA 8461s
2026-08-26 17:05:40,276 | INFO  | [2271/5212] sh.688759 必贝特 取到203条 | 已用6528s ETA 8455s
2026-08-26 17:05:40,276 | INFO  | [2272/5212] sh.688765 禾元生物 取到203条 | 已用6528s ETA 8448s
2026-08-26 17:05:51,310 | INFO  | [2273/5212] sh.688766 普冉股份 取到1213条 | 已用6540s ETA 8456s
2026-08-26 17:05:51,310 | INFO  | [2274/5212] sh.688767 博拓生物 取到1201条 | 已用6540s ETA 8449s
2026-08-26 17:05:51,310 | INFO  | [2275/5212] sh.688768 容知日新 取到1233条 | 已用6540s ETA 8442s
2026-08-26 17:05:51,310 | INFO  | [2276/5212] sh.688772 珠海冠宇 取到1181条 | 已用6540s ETA 8436s
2026-08-26 17:05:51,310 | INFO  | [2277/5212] sh.688775 影石创新 取到296条 | 已用6540s ETA 8429s
2026-08-26 17:05:51,310 | INFO  | [2278/5212] sh.688776 国光电气 取到1207条 | 已用6540s ETA 8423s
2026-08-26 17:05:51,310 | INFO  | [2279/5212] sh.688777 中控技术 取到1396条 | 已用6540s ETA 8416s
2026-08-26 17:05:51,310 | INFO  | [2280/5212] sh.688778 厦钨新能 取到1225条 | 已用6540s ETA 8410s
2026-08-26 17:05:56,144 | INFO  | [2281/5212] sh.688779 五矿新能 取到1221条 | 已用6544s ETA 8409s
2026-08-26 17:05:56,144 | INFO  | [2282/5212] sh.688781 视涯科技 取到105条 | 已用6544s ETA 8403s
2026-08-26 17:05:56,144 | INFO  | [2283/5212] sh.688783 西安奕材 取到203条 | 已用6544s ETA 8396s
2026-08-26 17:05:56,144 | INFO  | [2284/5212] sh.688785 恒运昌 取到139条 | 已用6544s ETA 8390s
2026-08-26 17:05:56,144 | INFO  | [2285/5212] sh.688786 悦安新材 取到1210条 | 已用6544s ETA 8383s
2026-08-26 17:05:56,144 | INFO  | [2286/5212] sh.688787 海天瑞声 取到1219条 | 已用6544s ETA 8377s
2026-08-26 17:05:56,144 | INFO  | [2287/5212] sh.688788 科思科技 取到1419条 | 已用6544s ETA 8370s
2026-08-26 17:05:56,144 | INFO  | [2288/5212] sh.688789 宏华数科 取到1245条 | 已用6544s ETA 8364s
2026-08-26 17:05:59,535 | INFO  | [2289/5212] sh.688790 昂瑞微 取到168条 | 已用6548s ETA 8361s
2026-08-26 17:05:59,536 | INFO  | [2290/5212] sh.688793 倍轻松 取到1240条 | 已用6548s ETA 8355s
2026-08-26 17:05:59,536 | INFO  | [2291/5212] sh.688795 摩尔线程 取到175条 | 已用6548s ETA 8348s
2026-08-26 17:05:59,536 | INFO  | [2292/5212] sh.688796 百奥赛图 取到172条 | 已用6548s ETA 8342s
2026-08-26 17:05:59,536 | INFO  | [2293/5212] sh.688797 臻宝科技 取到45条 | 已用6548s ETA 8335s
2026-08-26 17:05:59,536 | INFO  | [2294/5212] sh.688798 艾为电子 取到1218条 | 已用6548s ETA 8329s
2026-08-26 17:05:59,536 | INFO  | [2295/5212] sh.688799 华纳药厂 取到1242条 | 已用6548s ETA 8322s
2026-08-26 17:05:59,536 | INFO  | [2296/5212] sh.688800 瑞可达 取到1235条 | 已用6548s ETA 8316s
2026-08-26 17:06:04,797 | INFO  | [2297/5212] sh.688802 沐曦股份 取到167条 | 已用6553s ETA 8316s
2026-08-26 17:06:04,797 | INFO  | [2298/5212] sh.688805 健信超导 取到162条 | 已用6553s ETA 8310s
2026-08-26 17:06:04,797 | INFO  | [2299/5212] sh.688806 泰诺麦博 取到26条 | 已用6553s ETA 8303s
2026-08-26 17:06:04,797 | INFO  | [2300/5212] sh.688807 优迅股份 取到165条 | 已用6553s ETA 8297s
2026-08-26 17:06:04,797 | INFO  | [2301/5212] sh.688808 联讯仪器 取到84条 | 已用6553s ETA 8290s
2026-08-26 17:06:04,797 | INFO  | [2302/5212] sh.688809 强一股份 取到158条 | 已用6553s ETA 8284s
2026-08-26 17:06:04,797 | INFO  | [2303/5212] sh.688811 有研复材 取到94条 | 已用6553s ETA 8277s
2026-08-26 17:06:04,797 | INFO  | [2304/5212] sh.688813 泰金新能 取到101条 | 已用6553s ETA 8271s
2026-08-26 17:06:06,902 | INFO  | [2305/5212] sh.688816 易思维 取到129条 | 已用6555s ETA 8267s
2026-08-26 17:06:06,902 | INFO  | [2306/5212] sh.688818 电科蓝天 取到130条 | 已用6555s ETA 8261s
2026-08-26 17:06:06,902 | INFO  | [2307/5212] sh.688819 天能股份 取到1358条 | 已用6555s ETA 8254s
2026-08-26 17:06:06,902 | INFO  | [2308/5212] sh.688820 盛合晶微 取到87条 | 已用6555s ETA 8248s
2026-08-26 17:06:06,902 | INFO  | [2309/5212] sh.688825 长鑫科技 取到22条 | 已用6555s ETA 8241s
2026-08-26 17:06:06,902 | INFO  | [2310/5212] sh.688826 频准激光 取到6条 | 已用6555s ETA 8235s
2026-08-26 17:06:06,902 | INFO  | [2311/5212] sh.688828 国仪公司 取到11条 | 已用6555s ETA 8229s
2026-08-26 17:06:06,902 | INFO  | [2312/5212] sh.688835 高凯技术 取到1条 | 已用6555s ETA 8222s
2026-08-26 17:06:39,640 | INFO  | [2313/5212] sz.000009 中国宝安 取到2425条 | 已用6588s ETA 8257s
2026-08-26 17:06:39,640 | INFO  | [2314/5212] sz.000010 *ST美丽 取到2425条 | 已用6588s ETA 8250s
2026-08-26 17:06:39,640 | INFO  | [2315/5212] sz.000011 深物业A 取到2425条 | 已用6588s ETA 8244s
2026-08-26 17:06:39,640 | INFO  | [2316/5212] sz.000012 南玻A 取到2425条 | 已用6588s ETA 8238s
2026-08-26 17:06:39,640 | INFO  | [2317/5212] sz.000014 沙河股份 取到2425条 | 已用6588s ETA 8231s
2026-08-26 17:06:39,640 | INFO  | [2318/5212] sz.000016 *ST康佳A 取到2425条 | 已用6588s ETA 8225s
2026-08-26 17:06:39,640 | INFO  | [2319/5212] sz.000017 深中华A 取到2425条 | 已用6588s ETA 8218s
2026-08-26 17:06:39,640 | INFO  | [2320/5212] sz.000019 深粮控股 取到2425条 | 已用6588s ETA 8212s
2026-08-26 17:06:42,492 | INFO  | [2321/5212] sh.688836 宇树科技 取到5条 | 已用6591s ETA 8209s
2026-08-26 17:06:42,492 | INFO  | [2322/5212] sh.688981 中芯国际 取到1483条 | 已用6591s ETA 8203s
2026-08-26 17:06:42,492 | INFO  | [2323/5212] sh.689009 九号公司 取到1414条 | 已用6591s ETA 8197s
2026-08-26 17:06:42,492 | INFO  | [2324/5212] sz.000001 平安银行 取到2425条 | 已用6591s ETA 8190s
2026-08-26 17:06:42,492 | INFO  | [2325/5212] sz.000002 万科A 取到2425条 | 已用6591s ETA 8184s
2026-08-26 17:06:42,492 | INFO  | [2326/5212] sz.000006 深振业A 取到2425条 | 已用6591s ETA 8177s
2026-08-26 17:06:42,492 | INFO  | [2327/5212] sz.000007 全新好 取到2425条 | 已用6591s ETA 8171s
2026-08-26 17:06:42,492 | INFO  | [2328/5212] sz.000008 神州高铁 取到2425条 | 已用6591s ETA 8165s
2026-08-26 17:07:11,361 | INFO  | [2329/5212] sz.000020 深华发A 取到2425条 | 已用6620s ETA 8194s
2026-08-26 17:07:11,361 | INFO  | [2330/5212] sz.000021 深科技 取到2425条 | 已用6620s ETA 8188s
2026-08-26 17:07:11,361 | INFO  | [2331/5212] sz.000025 特力A 取到2425条 | 已用6620s ETA 8181s
2026-08-26 17:07:11,361 | INFO  | [2332/5212] sz.000026 飞亚达 取到2425条 | 已用6620s ETA 8175s
2026-08-26 17:07:11,361 | INFO  | [2333/5212] sz.000027 深圳能源 取到2425条 | 已用6620s ETA 8169s
2026-08-26 17:07:11,361 | INFO  | [2334/5212] sz.000028 国药一致 取到2425条 | 已用6620s ETA 8162s
2026-08-26 17:07:11,361 | INFO  | [2335/5212] sz.000029 深深房A 取到2425条 | 已用6620s ETA 8156s
2026-08-26 17:07:11,361 | INFO  | [2336/5212] sz.000030 富奥股份 取到2425条 | 已用6620s ETA 8150s
2026-08-26 17:07:25,274 | INFO  | [2337/5212] sz.000031 大悦城 取到2425条 | 已用6633s ETA 8161s
2026-08-26 17:07:25,274 | INFO  | [2338/5212] sz.000032 深桑达A 取到2425条 | 已用6633s ETA 8154s
2026-08-26 17:07:25,274 | INFO  | [2339/5212] sz.000034 神州数码 取到2425条 | 已用6633s ETA 8148s
2026-08-26 17:07:25,274 | INFO  | [2340/5212] sz.000035 中国天楹 取到2425条 | 已用6633s ETA 8142s
2026-08-26 17:07:25,274 | INFO  | [2341/5212] sz.000036 华联控股 取到2425条 | 已用6633s ETA 8135s
2026-08-26 17:07:25,274 | INFO  | [2342/5212] sz.000037 深南电A 取到2425条 | 已用6633s ETA 8129s
2026-08-26 17:07:25,274 | INFO  | [2343/5212] sz.000039 中集集团 取到2425条 | 已用6633s ETA 8123s
2026-08-26 17:07:25,274 | INFO  | [2344/5212] sz.000042 中洲控股 取到2425条 | 已用6633s ETA 8116s
2026-08-26 17:07:39,225 | INFO  | [2345/5212] sz.000045 深纺织A 取到2425条 | 已用6647s ETA 8127s
2026-08-26 17:07:39,225 | INFO  | [2346/5212] sz.000048 京基智农 取到2425条 | 已用6647s ETA 8121s
2026-08-26 17:07:39,225 | INFO  | [2347/5212] sz.000049 德赛电池 取到2425条 | 已用6647s ETA 8115s
2026-08-26 17:07:39,225 | INFO  | [2348/5212] sz.000050 深天马A 取到2425条 | 已用6647s ETA 8108s
2026-08-26 17:07:39,225 | INFO  | [2349/5212] sz.000055 方大集团 取到2425条 | 已用6647s ETA 8102s
2026-08-26 17:07:39,225 | INFO  | [2350/5212] sz.000056 *ST皇庭 取到2425条 | 已用6647s ETA 8096s
2026-08-26 17:07:39,225 | INFO  | [2351/5212] sz.000058 深赛格 取到2425条 | 已用6647s ETA 8089s
2026-08-26 17:07:39,225 | INFO  | [2352/5212] sz.000059 华锦股份 取到2425条 | 已用6647s ETA 8083s
2026-08-26 17:07:56,869 | INFO  | [2353/5212] sz.000060 中金岭南 取到2425条 | 已用6665s ETA 8098s
2026-08-26 17:07:56,869 | INFO  | [2354/5212] sz.000061 农产品 取到2425条 | 已用6665s ETA 8092s
2026-08-26 17:07:56,870 | INFO  | [2355/5212] sz.000062 深圳华强 取到2425条 | 已用6665s ETA 8086s
2026-08-26 17:07:56,870 | INFO  | [2356/5212] sz.000063 中兴通讯 取到2425条 | 已用6665s ETA 8080s
2026-08-26 17:07:56,870 | INFO  | [2357/5212] sz.000065 北方国际 取到2425条 | 已用6665s ETA 8073s
2026-08-26 17:07:56,870 | INFO  | [2358/5212] sz.000066 中国长城 取到2425条 | 已用6665s ETA 8067s
2026-08-26 17:07:56,870 | INFO  | [2359/5212] sz.000068 华控赛格 取到2425条 | 已用6665s ETA 8061s
2026-08-26 17:07:56,870 | INFO  | [2360/5212] sz.000069 华侨城A 取到2425条 | 已用6665s ETA 8055s
2026-08-26 17:08:14,781 | INFO  | [2361/5212] sz.000070 特发信息 取到2425条 | 已用6683s ETA 8070s
2026-08-26 17:08:14,781 | INFO  | [2362/5212] sz.000078 ST海王 取到2425条 | 已用6683s ETA 8064s
2026-08-26 17:08:14,781 | INFO  | [2363/5212] sz.000088 盐田港 取到2425条 | 已用6683s ETA 8057s
2026-08-26 17:08:14,781 | INFO  | [2364/5212] sz.000089 深圳机场 取到2425条 | 已用6683s ETA 8051s
2026-08-26 17:08:14,781 | INFO  | [2365/5212] sz.000090 天健集团 取到2425条 | 已用6683s ETA 8045s
2026-08-26 17:08:14,781 | INFO  | [2366/5212] sz.000096 广聚能源 取到2425条 | 已用6683s ETA 8039s
2026-08-26 17:08:14,781 | INFO  | [2367/5212] sz.000099 中信海直 取到2425条 | 已用6683s ETA 8033s
2026-08-26 17:08:14,781 | INFO  | [2368/5212] sz.000100 TCL科技 取到2425条 | 已用6683s ETA 8026s
2026-08-26 17:08:20,543 | INFO  | [2369/5212] sz.000151 中成股份 取到2425条 | 已用6689s ETA 8027s
2026-08-26 17:08:20,543 | INFO  | [2370/5212] sz.000153 丰原药业 取到2425条 | 已用6689s ETA 8021s
2026-08-26 17:08:20,543 | INFO  | [2371/5212] sz.000155 川能动力 取到2425条 | 已用6689s ETA 8015s
2026-08-26 17:08:20,543 | INFO  | [2372/5212] sz.000156 华数传媒 取到2425条 | 已用6689s ETA 8008s
2026-08-26 17:08:20,543 | INFO  | [2373/5212] sz.000157 中联重科 取到2425条 | 已用6689s ETA 8002s
2026-08-26 17:08:20,543 | INFO  | [2374/5212] sz.000158 常山北明 取到2425条 | 已用6689s ETA 7996s
2026-08-26 17:08:20,543 | INFO  | [2375/5212] sz.000159 国际实业 取到2425条 | 已用6689s ETA 7990s
2026-08-26 17:08:20,543 | INFO  | [2376/5212] sz.000166 申万宏源 取到2425条 | 已用6689s ETA 7984s
2026-08-26 17:08:41,104 | INFO  | [2377/5212] sz.000407 胜利股份 取到2425条 | 已用6709s ETA 8002s
2026-08-26 17:08:41,104 | INFO  | [2378/5212] sz.000408 藏格矿业 取到2425条 | 已用6709s ETA 7996s
2026-08-26 17:08:41,104 | INFO  | [2379/5212] sz.000409 云鼎科技 取到2425条 | 已用6709s ETA 7990s
2026-08-26 17:08:41,104 | INFO  | [2380/5212] sz.000410 沈阳机床 取到2425条 | 已用6709s ETA 7984s
2026-08-26 17:08:41,104 | INFO  | [2381/5212] sz.000411 英特集团 取到2425条 | 已用6709s ETA 7977s
2026-08-26 17:08:41,104 | INFO  | [2382/5212] sz.000415 渤海租赁 取到2425条 | 已用6709s ETA 7971s
2026-08-26 17:08:41,104 | INFO  | [2383/5212] sz.000417 合百集团 取到2425条 | 已用6709s ETA 7965s
2026-08-26 17:08:41,104 | INFO  | [2384/5212] sz.000419 通程控股 取到2425条 | 已用6709s ETA 7959s
2026-08-26 17:08:45,622 | INFO  | [2385/5212] sz.000301 东方盛虹 取到2425条 | 已用6714s ETA 7958s
2026-08-26 17:08:45,622 | INFO  | [2386/5212] sz.000333 美的集团 取到2425条 | 已用6714s ETA 7952s
2026-08-26 17:08:45,622 | INFO  | [2387/5212] sz.000338 潍柴动力 取到2425条 | 已用6714s ETA 7946s
2026-08-26 17:08:45,622 | INFO  | [2388/5212] sz.000400 许继电气 取到2425条 | 已用6714s ETA 7940s
2026-08-26 17:08:45,622 | INFO  | [2389/5212] sz.000401 金隅冀东 取到2425条 | 已用6714s ETA 7934s
2026-08-26 17:08:45,622 | INFO  | [2390/5212] sz.000402 金融街 取到2425条 | 已用6714s ETA 7927s
2026-08-26 17:08:45,622 | INFO  | [2391/5212] sz.000403 派林生物 取到2425条 | 已用6714s ETA 7921s
2026-08-26 17:08:45,622 | INFO  | [2392/5212] sz.000404 长虹华意 取到2425条 | 已用6714s ETA 7915s
2026-08-26 17:09:06,962 | INFO  | [2393/5212] sz.000420 吉林化纤 取到2425条 | 已用6735s ETA 7934s
2026-08-26 17:09:06,962 | INFO  | [2394/5212] sz.000421 南京公用 取到2425条 | 已用6735s ETA 7928s
2026-08-26 17:09:06,962 | INFO  | [2395/5212] sz.000422 湖北宜化 取到2425条 | 已用6735s ETA 7922s
2026-08-26 17:09:06,962 | INFO  | [2396/5212] sz.000423 东阿阿胶 取到2425条 | 已用6735s ETA 7916s
2026-08-26 17:09:06,962 | INFO  | [2397/5212] sz.000425 徐工机械 取到2425条 | 已用6735s ETA 7910s
2026-08-26 17:09:06,962 | INFO  | [2398/5212] sz.000426 兴业银锡 取到2425条 | 已用6735s ETA 7904s
2026-08-26 17:09:06,962 | INFO  | [2399/5212] sz.000428 华天酒店 取到2425条 | 已用6735s ETA 7897s
2026-08-26 17:09:06,962 | INFO  | [2400/5212] sz.000429 粤高速A 取到2425条 | 已用6735s ETA 7891s
2026-08-26 17:09:26,121 | INFO  | [2401/5212] sz.000430 张家界 取到2425条 | 已用6754s ETA 7908s
2026-08-26 17:09:26,121 | INFO  | [2402/5212] sz.000488 ST晨鸣 取到2425条 | 已用6754s ETA 7902s
2026-08-26 17:09:26,121 | INFO  | [2403/5212] sz.000498 山东路桥 取到2425条 | 已用6754s ETA 7896s
2026-08-26 17:09:26,121 | INFO  | [2404/5212] sz.000501 武商集团 取到2425条 | 已用6754s ETA 7889s
2026-08-26 17:09:26,121 | INFO  | [2405/5212] sz.000503 国新健康 取到2425条 | 已用6754s ETA 7883s
2026-08-26 17:09:26,121 | INFO  | [2406/5212] sz.000504 南华生物 取到2425条 | 已用6754s ETA 7877s
2026-08-26 17:09:26,121 | INFO  | [2407/5212] sz.000505 京粮控股 取到2425条 | 已用6754s ETA 7871s
2026-08-26 17:09:26,121 | INFO  | [2408/5212] sz.000506 招金黄金 取到2425条 | 已用6754s ETA 7865s
2026-08-26 17:09:33,668 | INFO  | [2409/5212] sz.000507 珠海港 取到2425条 | 已用6762s ETA 7868s
2026-08-26 17:09:33,668 | INFO  | [2410/5212] sz.000509 华塑控股 取到2425条 | 已用6762s ETA 7862s
2026-08-26 17:09:33,668 | INFO  | [2411/5212] sz.000510 新金路 取到2425条 | 已用6762s ETA 7856s
2026-08-26 17:09:33,668 | INFO  | [2412/5212] sz.000513 丽珠集团 取到2425条 | 已用6762s ETA 7850s
2026-08-26 17:09:33,668 | INFO  | [2413/5212] sz.000514 渝开发 取到2425条 | 已用6762s ETA 7844s
2026-08-26 17:09:33,668 | INFO  | [2414/5212] sz.000516 国际医学 取到2425条 | 已用6762s ETA 7838s
2026-08-26 17:09:33,668 | INFO  | [2415/5212] sz.000517 荣安地产 取到2425条 | 已用6762s ETA 7831s
2026-08-26 17:09:33,668 | INFO  | [2416/5212] sz.000518 四环生物 取到2425条 | 已用6762s ETA 7825s
2026-08-26 17:09:53,078 | INFO  | [2417/5212] sz.000519 中兵红箭 取到2425条 | 已用6781s ETA 7842s
2026-08-26 17:09:53,078 | INFO  | [2418/5212] sz.000520 凤凰航运 取到2425条 | 已用6781s ETA 7836s
2026-08-26 17:09:53,078 | INFO  | [2419/5212] sz.000521 长虹美菱 取到2425条 | 已用6781s ETA 7830s
2026-08-26 17:09:53,078 | INFO  | [2420/5212] sz.000523 红棉股份 取到2425条 | 已用6781s ETA 7824s
2026-08-26 17:09:53,078 | INFO  | [2421/5212] sz.000524 岭南控股 取到2425条 | 已用6781s ETA 7818s
2026-08-26 17:09:53,078 | INFO  | [2422/5212] sz.000525 红太阳 取到2425条 | 已用6781s ETA 7812s
2026-08-26 17:09:53,078 | INFO  | [2423/5212] sz.000526 学大教育 取到2425条 | 已用6781s ETA 7806s
2026-08-26 17:09:53,078 | INFO  | [2424/5212] sz.000528 柳工 取到2425条 | 已用6781s ETA 7800s
2026-08-26 17:10:03,058 | INFO  | [2425/5212] sz.000529 广弘控股 取到2425条 | 已用6791s ETA 7805s
2026-08-26 17:10:03,058 | INFO  | [2426/5212] sz.000530 冰山冷热 取到2425条 | 已用6791s ETA 7799s
2026-08-26 17:10:03,058 | INFO  | [2427/5212] sz.000531 穗恒运A 取到2425条 | 已用6791s ETA 7793s
2026-08-26 17:10:03,058 | INFO  | [2428/5212] sz.000532 华金资本 取到2425条 | 已用6791s ETA 7787s
2026-08-26 17:10:03,058 | INFO  | [2429/5212] sz.000533 顺钠股份 取到2425条 | 已用6791s ETA 7781s
2026-08-26 17:10:03,058 | INFO  | [2430/5212] sz.000534 万泽股份 取到2425条 | 已用6791s ETA 7775s
2026-08-26 17:10:03,058 | INFO  | [2431/5212] sz.000536 华映科技 取到2425条 | 已用6791s ETA 7769s
2026-08-26 17:10:03,058 | INFO  | [2432/5212] sz.000537 绿发电力 取到2425条 | 已用6791s ETA 7763s
2026-08-26 17:10:22,570 | INFO  | [2433/5212] sz.000538 云南白药 取到2425条 | 已用6811s ETA 7779s
2026-08-26 17:10:22,570 | INFO  | [2434/5212] sz.000539 粤电力A 取到2425条 | 已用6811s ETA 7773s
2026-08-26 17:10:22,570 | INFO  | [2435/5212] sz.000541 佛山照明 取到2425条 | 已用6811s ETA 7767s
2026-08-26 17:10:22,570 | INFO  | [2436/5212] sz.000543 皖能电力 取到2425条 | 已用6811s ETA 7761s
2026-08-26 17:10:22,570 | INFO  | [2437/5212] sz.000544 中原环保 取到2425条 | 已用6811s ETA 7755s
2026-08-26 17:10:22,570 | INFO  | [2438/5212] sz.000545 金浦钛业 取到2425条 | 已用6811s ETA 7749s
2026-08-26 17:10:22,570 | INFO  | [2439/5212] sz.000546 金圆股份 取到2425条 | 已用6811s ETA 7743s
2026-08-26 17:10:22,570 | INFO  | [2440/5212] sz.000547 航天发展 取到2425条 | 已用6811s ETA 7737s
2026-08-26 17:10:33,565 | INFO  | [2441/5212] sz.000548 湖南投资 取到2425条 | 已用6822s ETA 7744s
2026-08-26 17:10:33,565 | INFO  | [2442/5212] sz.000550 江铃汽车 取到2425条 | 已用6822s ETA 7738s
2026-08-26 17:10:33,565 | INFO  | [2443/5212] sz.000551 创元科技 取到2425条 | 已用6822s ETA 7732s
2026-08-26 17:10:33,565 | INFO  | [2444/5212] sz.000552 甘肃能化 取到2425条 | 已用6822s ETA 7726s
2026-08-26 17:10:33,565 | INFO  | [2445/5212] sz.000553 安道麦A 取到2425条 | 已用6822s ETA 7720s
2026-08-26 17:10:33,565 | INFO  | [2446/5212] sz.000554 泰山石油 取到2425条 | 已用6822s ETA 7714s
2026-08-26 17:10:33,565 | INFO  | [2447/5212] sz.000555 神州信息 取到2425条 | 已用6822s ETA 7708s
2026-08-26 17:10:33,565 | INFO  | [2448/5212] sz.000557 西部创业 取到2425条 | 已用6822s ETA 7702s
2026-08-26 17:10:50,590 | INFO  | [2449/5212] sz.000567 海德股份 取到2425条 | 已用6839s ETA 7716s
2026-08-26 17:10:50,590 | INFO  | [2450/5212] sz.000568 泸州老窖 取到2425条 | 已用6839s ETA 7710s
2026-08-26 17:10:50,590 | INFO  | [2451/5212] sz.000570 苏常柴A 取到2425条 | 已用6839s ETA 7704s
2026-08-26 17:10:50,590 | INFO  | [2452/5212] sz.000571 新大洲A 取到2425条 | 已用6839s ETA 7698s
2026-08-26 17:10:50,590 | INFO  | [2453/5212] sz.000572 海马汽车 取到2425条 | 已用6839s ETA 7692s
2026-08-26 17:10:50,590 | INFO  | [2454/5212] sz.000573 粤宏远A 取到2425条 | 已用6839s ETA 7686s
2026-08-26 17:10:50,590 | INFO  | [2455/5212] sz.000576 甘化科工 取到2425条 | 已用6839s ETA 7680s
2026-08-26 17:10:50,590 | INFO  | [2456/5212] sz.000581 威孚高科 取到2425条 | 已用6839s ETA 7674s
2026-08-26 17:10:53,991 | INFO  | [2457/5212] sz.000558 天府文旅 取到2425条 | 已用6842s ETA 7672s
2026-08-26 17:10:53,991 | INFO  | [2458/5212] sz.000559 万向钱潮 取到2425条 | 已用6842s ETA 7666s
2026-08-26 17:10:53,992 | INFO  | [2459/5212] sz.000560 我爱我家 取到2425条 | 已用6842s ETA 7660s
2026-08-26 17:10:53,992 | INFO  | [2460/5212] sz.000561 烽火电子 取到2425条 | 已用6842s ETA 7654s
2026-08-26 17:10:53,992 | INFO  | [2461/5212] sz.000563 陕国投A 取到2425条 | 已用6842s ETA 7648s
2026-08-26 17:10:53,992 | INFO  | [2462/5212] sz.000564 供销大集 取到2425条 | 已用6842s ETA 7643s
2026-08-26 17:10:53,992 | INFO  | [2463/5212] sz.000565 渝三峡A 取到2425条 | 已用6842s ETA 7637s
2026-08-26 17:10:53,992 | INFO  | [2464/5212] sz.000566 海南海药 取到2425条 | 已用6842s ETA 7631s
2026-08-26 17:11:09,854 | INFO  | [2465/5212] sz.000582 北部湾港 取到2425条 | 已用6858s ETA 7643s
2026-08-26 17:11:09,854 | INFO  | [2466/5212] sz.000586 汇源通信 取到2425条 | 已用6858s ETA 7637s
2026-08-26 17:11:09,854 | INFO  | [2467/5212] sz.000589 贵州轮胎 取到2425条 | 已用6858s ETA 7631s
2026-08-26 17:11:09,854 | INFO  | [2468/5212] sz.000590 古汉医药 取到2425条 | 已用6858s ETA 7625s
2026-08-26 17:11:09,854 | INFO  | [2469/5212] sz.000591 太阳能 取到2425条 | 已用6858s ETA 7619s
2026-08-26 17:11:09,854 | INFO  | [2470/5212] sz.000592 平潭发展 取到2425条 | 已用6858s ETA 7613s
2026-08-26 17:11:09,854 | INFO  | [2471/5212] sz.000593 德龙汇能 取到2425条 | 已用6858s ETA 7607s
2026-08-26 17:11:09,854 | INFO  | [2472/5212] sz.000595 新能股份 取到2425条 | 已用6858s ETA 7602s
2026-08-26 17:11:14,447 | INFO  | [2473/5212] sz.000596 古井贡酒 取到2425条 | 已用6863s ETA 7601s
2026-08-26 17:11:14,447 | INFO  | [2474/5212] sz.000597 东北制药 取到2425条 | 已用6863s ETA 7595s
2026-08-26 17:11:14,447 | INFO  | [2475/5212] sz.000598 兴蓉环境 取到2425条 | 已用6863s ETA 7589s
2026-08-26 17:11:14,447 | INFO  | [2476/5212] sz.000599 青岛双星 取到2425条 | 已用6863s ETA 7583s
2026-08-26 17:11:14,447 | INFO  | [2477/5212] sz.000600 建投能源 取到2425条 | 已用6863s ETA 7577s
2026-08-26 17:11:14,447 | INFO  | [2478/5212] sz.000601 韶能股份 取到2425条 | 已用6863s ETA 7572s
2026-08-26 17:11:14,447 | INFO  | [2479/5212] sz.000603 盛达资源 取到2425条 | 已用6863s ETA 7566s
2026-08-26 17:11:14,447 | INFO  | [2480/5212] sz.000605 渤海股份 取到2425条 | 已用6863s ETA 7560s
2026-08-26 17:11:29,904 | INFO  | [2481/5212] sz.000607 华媒控股 取到2425条 | 已用6878s ETA 7571s
2026-08-26 17:11:29,904 | INFO  | [2482/5212] sz.000608 阳光股份 取到2425条 | 已用6878s ETA 7565s
2026-08-26 17:11:29,904 | INFO  | [2483/5212] sz.000609 *ST中迪 取到2425条 | 已用6878s ETA 7560s
2026-08-26 17:11:29,904 | INFO  | [2484/5212] sz.000610 *ST西旅 取到2425条 | 已用6878s ETA 7554s
2026-08-26 17:11:29,904 | INFO  | [2485/5212] sz.000612 焦作万方 取到2425条 | 已用6878s ETA 7548s
2026-08-26 17:11:29,904 | INFO  | [2486/5212] sz.000615 *ST美谷 取到2425条 | 已用6878s ETA 7542s
2026-08-26 17:11:29,904 | INFO  | [2487/5212] sz.000617 中油资本 取到2425条 | 已用6878s ETA 7536s
2026-08-26 17:11:29,904 | INFO  | [2488/5212] sz.000619 海螺新材 取到2425条 | 已用6878s ETA 7531s
2026-08-26 17:11:41,925 | INFO  | [2489/5212] sz.000620 盈新发展 取到2425条 | 已用6890s ETA 7538s
2026-08-26 17:11:41,925 | INFO  | [2490/5212] sz.000623 吉林敖东 取到2425条 | 已用6890s ETA 7532s
2026-08-26 17:11:41,925 | INFO  | [2491/5212] sz.000625 长安汽车 取到2425条 | 已用6890s ETA 7526s
2026-08-26 17:11:41,925 | INFO  | [2492/5212] sz.000626 远大控股 取到2425条 | 已用6890s ETA 7521s
2026-08-26 17:11:41,925 | INFO  | [2493/5212] sz.000628 高新发展 取到2425条 | 已用6890s ETA 7515s
2026-08-26 17:11:41,925 | INFO  | [2494/5212] sz.000629 钒钛股份 取到2425条 | 已用6890s ETA 7509s
2026-08-26 17:11:41,925 | INFO  | [2495/5212] sz.000630 铜陵有色 取到2425条 | 已用6890s ETA 7503s
2026-08-26 17:11:41,925 | INFO  | [2496/5212] sz.000631 顺发恒能 取到2425条 | 已用6890s ETA 7497s
2026-08-26 17:11:51,706 | INFO  | [2497/5212] sz.000632 ST三木 取到2425条 | 已用6900s ETA 7502s
2026-08-26 17:11:51,706 | INFO  | [2498/5212] sz.000633 合金投资 取到2425条 | 已用6900s ETA 7497s
2026-08-26 17:11:51,706 | INFO  | [2499/5212] sz.000635 英力特 取到2425条 | 已用6900s ETA 7491s
2026-08-26 17:11:51,706 | INFO  | [2500/5212] sz.000636 风华高科 取到2425条 | 已用6900s ETA 7485s
2026-08-26 17:11:51,706 | INFO  | [2501/5212] sz.000637 茂化实华 取到2425条 | 已用6900s ETA 7479s
2026-08-26 17:11:51,706 | INFO  | [2502/5212] sz.000639 ST西王 取到2425条 | 已用6900s ETA 7474s
2026-08-26 17:11:51,706 | INFO  | [2503/5212] sz.000650 仁和药业 取到2425条 | 已用6900s ETA 7468s
2026-08-26 17:11:51,706 | INFO  | [2504/5212] sz.000651 格力电器 取到2425条 | 已用6900s ETA 7462s
2026-08-26 17:12:05,956 | INFO  | [2505/5212] sz.000652 泰达股份 取到2425条 | 已用6914s ETA 7472s
2026-08-26 17:12:05,957 | INFO  | [2506/5212] sz.000655 金岭矿业 取到2425条 | 已用6914s ETA 7466s
2026-08-26 17:12:05,957 | INFO  | [2507/5212] sz.000656 金科股份 取到2425条 | 已用6914s ETA 7460s
2026-08-26 17:12:05,957 | INFO  | [2508/5212] sz.000657 中钨高新 取到2425条 | 已用6914s ETA 7455s
2026-08-26 17:12:05,957 | INFO  | [2509/5212] sz.000659 珠海中富 取到2425条 | 已用6914s ETA 7449s
2026-08-26 17:12:05,957 | INFO  | [2510/5212] sz.000661 长春高新 取到2425条 | 已用6914s ETA 7443s
2026-08-26 17:12:05,957 | INFO  | [2511/5212] sz.000663 永安林业 取到2425条 | 已用6914s ETA 7437s
2026-08-26 17:12:05,957 | INFO  | [2512/5212] sz.000665 湖北广电 取到2425条 | 已用6914s ETA 7432s
2026-08-26 17:12:09,006 | INFO  | [2513/5212] sz.000668 荣丰控股 取到2425条 | 已用6917s ETA 7429s
2026-08-26 17:12:09,006 | INFO  | [2514/5212] sz.000669 ST金鸿 取到2425条 | 已用6917s ETA 7423s
2026-08-26 17:12:09,006 | INFO  | [2515/5212] sz.000670 盈方微 取到2425条 | 已用6917s ETA 7418s
2026-08-26 17:12:09,006 | INFO  | [2516/5212] sz.000672 上峰材料 取到2425条 | 已用6917s ETA 7412s
2026-08-26 17:12:09,006 | INFO  | [2517/5212] sz.000676 智度股份 取到2425条 | 已用6917s ETA 7406s
2026-08-26 17:12:09,006 | INFO  | [2518/5212] sz.000677 ST海龙 取到2425条 | 已用6917s ETA 7401s
2026-08-26 17:12:09,006 | INFO  | [2519/5212] sz.000678 襄阳轴承 取到2425条 | 已用6917s ETA 7395s
2026-08-26 17:12:09,006 | INFO  | [2520/5212] sz.000679 大连友谊 取到2425条 | 已用6917s ETA 7389s
2026-08-26 17:12:30,055 | INFO  | [2521/5212] sz.000680 山推股份 取到2425条 | 已用6938s ETA 7406s
2026-08-26 17:12:30,057 | INFO  | [2522/5212] sz.000681 视觉中国 取到2425条 | 已用6938s ETA 7400s
2026-08-26 17:12:30,057 | INFO  | [2523/5212] sz.000682 东方电子 取到2425条 | 已用6938s ETA 7395s
2026-08-26 17:12:30,057 | INFO  | [2524/5212] sz.000683 博源化工 取到2425条 | 已用6938s ETA 7389s
2026-08-26 17:12:30,057 | INFO  | [2525/5212] sz.000685 中山公用 取到2425条 | 已用6938s ETA 7383s
2026-08-26 17:12:30,057 | INFO  | [2526/5212] sz.000686 东北证券 取到2425条 | 已用6938s ETA 7378s
2026-08-26 17:12:30,057 | INFO  | [2527/5212] sz.000688 国城矿业 取到2425条 | 已用6938s ETA 7372s
2026-08-26 17:12:30,057 | INFO  | [2528/5212] sz.000690 宝新能源 取到2425条 | 已用6938s ETA 7366s
2026-08-26 17:12:39,613 | INFO  | [2529/5212] sz.000691 亚太实业 取到2425条 | 已用6948s ETA 7371s
2026-08-26 17:12:39,613 | INFO  | [2530/5212] sz.000692 惠天热电 取到2425条 | 已用6948s ETA 7365s
2026-08-26 17:12:39,613 | INFO  | [2531/5212] sz.000695 滨海能源 取到2425条 | 已用6948s ETA 7360s
2026-08-26 17:12:39,613 | INFO  | [2532/5212] sz.000697 炼石航空 取到2425条 | 已用6948s ETA 7354s
2026-08-26 17:12:39,613 | INFO  | [2533/5212] sz.000698 ST沈化 取到2425条 | 已用6948s ETA 7348s
2026-08-26 17:12:39,613 | INFO  | [2534/5212] sz.000700 模塑科技 取到2425条 | 已用6948s ETA 7343s
2026-08-26 17:12:39,613 | INFO  | [2535/5212] sz.000701 厦门信达 取到2425条 | 已用6948s ETA 7337s
2026-08-26 17:12:39,613 | INFO  | [2536/5212] sz.000702 正虹科技 取到2425条 | 已用6948s ETA 7331s
2026-08-26 17:12:57,027 | INFO  | [2537/5212] sz.000703 恒逸石化 取到2425条 | 已用6965s ETA 7344s
2026-08-26 17:12:57,027 | INFO  | [2538/5212] sz.000705 浙江震元 取到2425条 | 已用6965s ETA 7338s
2026-08-26 17:12:57,027 | INFO  | [2539/5212] sz.000707 双环科技 取到2425条 | 已用6965s ETA 7333s
2026-08-26 17:12:57,027 | INFO  | [2540/5212] sz.000708 中信特钢 取到2425条 | 已用6965s ETA 7327s
2026-08-26 17:12:57,027 | INFO  | [2541/5212] sz.000709 河钢股份 取到2425条 | 已用6965s ETA 7322s
2026-08-26 17:12:57,027 | INFO  | [2542/5212] sz.000710 贝瑞基因 取到2425条 | 已用6965s ETA 7316s
2026-08-26 17:12:57,027 | INFO  | [2543/5212] sz.000711 ST京蓝 取到2425条 | 已用6965s ETA 7310s
2026-08-26 17:12:57,027 | INFO  | [2544/5212] sz.000712 锦龙股份 取到2425条 | 已用6965s ETA 7305s
2026-08-26 17:13:03,262 | INFO  | [2545/5212] sz.000713 国投丰乐 取到2425条 | 已用6971s ETA 7306s
2026-08-26 17:13:03,262 | INFO  | [2546/5212] sz.000715 中兴商业 取到2425条 | 已用6971s ETA 7300s
2026-08-26 17:13:03,262 | INFO  | [2547/5212] sz.000716 黑芝麻 取到2425条 | 已用6971s ETA 7294s
2026-08-26 17:13:03,262 | INFO  | [2548/5212] sz.000717 中南股份 取到2425条 | 已用6971s ETA 7289s
2026-08-26 17:13:03,262 | INFO  | [2549/5212] sz.000718 苏宁环球 取到2425条 | 已用6971s ETA 7283s
2026-08-26 17:13:03,262 | INFO  | [2550/5212] sz.000719 中原传媒 取到2425条 | 已用6971s ETA 7278s
2026-08-26 17:13:03,262 | INFO  | [2551/5212] sz.000720 新能泰山 取到2425条 | 已用6971s ETA 7272s
2026-08-26 17:13:03,262 | INFO  | [2552/5212] sz.000721 西安饮食 取到2425条 | 已用6971s ETA 7267s
2026-08-26 17:13:27,196 | INFO  | [2553/5212] sz.000733 振华科技 取到2425条 | 已用6995s ETA 7286s
2026-08-26 17:13:27,196 | INFO  | [2554/5212] sz.000735 罗牛山 取到2425条 | 已用6995s ETA 7280s
2026-08-26 17:13:27,196 | INFO  | [2555/5212] sz.000736 中交发展 取到2425条 | 已用6995s ETA 7275s
2026-08-26 17:13:27,196 | INFO  | [2556/5212] sz.000737 北方铜业 取到2425条 | 已用6995s ETA 7269s
2026-08-26 17:13:27,196 | INFO  | [2557/5212] sz.000738 航发控制 取到2425条 | 已用6995s ETA 7264s
2026-08-26 17:13:27,196 | INFO  | [2558/5212] sz.000739 普洛药业 取到2425条 | 已用6995s ETA 7258s
2026-08-26 17:13:27,197 | INFO  | [2559/5212] sz.000750 国海证券 取到2425条 | 已用6995s ETA 7252s
2026-08-26 17:13:27,197 | INFO  | [2560/5212] sz.000751 锌业股份 取到2425条 | 已用6995s ETA 7247s
2026-08-26 17:13:28,654 | INFO  | [2561/5212] sz.000722 湖南发展 取到2425条 | 已用6997s ETA 7243s
2026-08-26 17:13:28,654 | INFO  | [2562/5212] sz.000723 美锦能源 取到2425条 | 已用6997s ETA 7237s
2026-08-26 17:13:28,654 | INFO  | [2563/5212] sz.000725 京东方A 取到2425条 | 已用6997s ETA 7232s
2026-08-26 17:13:28,655 | INFO  | [2564/5212] sz.000726 鲁泰A 取到2425条 | 已用6997s ETA 7226s
2026-08-26 17:13:28,655 | INFO  | [2565/5212] sz.000727 冠捷科技 取到2425条 | 已用6997s ETA 7221s
2026-08-26 17:13:28,655 | INFO  | [2566/5212] sz.000728 国元证券 取到2425条 | 已用6997s ETA 7215s
2026-08-26 17:13:28,655 | INFO  | [2567/5212] sz.000729 燕京啤酒 取到2425条 | 已用6997s ETA 7209s
2026-08-26 17:13:28,655 | INFO  | [2568/5212] sz.000731 四川美丰 取到2425条 | 已用6997s ETA 7204s
2026-08-26 17:13:57,122 | INFO  | [2569/5212] sz.000752 *ST西发 取到2425条 | 已用7025s ETA 7228s
2026-08-26 17:13:57,122 | INFO  | [2570/5212] sz.000753 漳州发展 取到2425条 | 已用7025s ETA 7222s
2026-08-26 17:13:57,122 | INFO  | [2571/5212] sz.000755 山西高速 取到2425条 | 已用7025s ETA 7217s
2026-08-26 17:13:57,122 | INFO  | [2572/5212] sz.000756 新华制药 取到2425条 | 已用7025s ETA 7211s
2026-08-26 17:13:57,122 | INFO  | [2573/5212] sz.000757 浩物股份 取到2425条 | 已用7025s ETA 7206s
2026-08-26 17:13:57,122 | INFO  | [2574/5212] sz.000758 中色股份 取到2425条 | 已用7025s ETA 7200s
2026-08-26 17:13:57,122 | INFO  | [2575/5212] sz.000759 中百集团 取到2425条 | 已用7025s ETA 7194s
2026-08-26 17:13:57,122 | INFO  | [2576/5212] sz.000761 本钢板材 取到2425条 | 已用7025s ETA 7189s
2026-08-26 17:14:00,631 | INFO  | [2577/5212] sz.000762 西藏矿业 取到2425条 | 已用7029s ETA 7187s
2026-08-26 17:14:00,631 | INFO  | [2578/5212] sz.000766 通化金马 取到2425条 | 已用7029s ETA 7182s
2026-08-26 17:14:00,633 | INFO  | [2579/5212] sz.000767 晋控电力 取到2425条 | 已用7029s ETA 7176s
2026-08-26 17:14:00,633 | INFO  | [2580/5212] sz.000768 中航西飞 取到2425条 | 已用7029s ETA 7171s
2026-08-26 17:14:00,633 | INFO  | [2581/5212] sz.000776 广发证券 取到2425条 | 已用7029s ETA 7165s
2026-08-26 17:14:00,633 | INFO  | [2582/5212] sz.000777 中核科技 取到2425条 | 已用7029s ETA 7160s
2026-08-26 17:14:00,633 | INFO  | [2583/5212] sz.000778 新兴铸管 取到2425条 | 已用7029s ETA 7154s
2026-08-26 17:14:00,633 | INFO  | [2584/5212] sz.000779 甘咨询 取到2425条 | 已用7029s ETA 7149s
2026-08-26 17:14:28,201 | INFO  | [2585/5212] sz.000782 恒申新材 取到2425条 | 已用7056s ETA 7171s
2026-08-26 17:14:28,201 | INFO  | [2586/5212] sz.000783 长江证券 取到2425条 | 已用7056s ETA 7166s
2026-08-26 17:14:28,201 | INFO  | [2587/5212] sz.000785 居然智家 取到2425条 | 已用7056s ETA 7160s
2026-08-26 17:14:28,201 | INFO  | [2588/5212] sz.000786 北新建材 取到2425条 | 已用7056s ETA 7155s
2026-08-26 17:14:28,201 | INFO  | [2589/5212] sz.000788 北大医药 取到2425条 | 已用7056s ETA 7149s
2026-08-26 17:14:28,201 | INFO  | [2590/5212] sz.000789 万年青 取到2425条 | 已用7056s ETA 7144s
2026-08-26 17:14:28,201 | INFO  | [2591/5212] sz.000790 华神科技 取到2425条 | 已用7056s ETA 7138s
2026-08-26 17:14:28,201 | INFO  | [2592/5212] sz.000791 甘肃能源 取到2425条 | 已用7056s ETA 7133s
2026-08-26 17:14:34,838 | INFO  | [2593/5212] sz.000792 盐湖股份 取到2425条 | 已用7063s ETA 7134s
2026-08-26 17:14:34,838 | INFO  | [2594/5212] sz.000793 ST华闻 取到2425条 | 已用7063s ETA 7128s
2026-08-26 17:14:34,838 | INFO  | [2595/5212] sz.000795 英洛华 取到2425条 | 已用7063s ETA 7123s
2026-08-26 17:14:34,838 | INFO  | [2596/5212] sz.000796 凯撒旅业 取到2425条 | 已用7063s ETA 7117s
2026-08-26 17:14:34,838 | INFO  | [2597/5212] sz.000797 中国武夷 取到2425条 | 已用7063s ETA 7112s
2026-08-26 17:14:34,838 | INFO  | [2598/5212] sz.000798 中水渔业 取到2425条 | 已用7063s ETA 7107s
2026-08-26 17:14:34,838 | INFO  | [2599/5212] sz.000799 酒鬼酒 取到2425条 | 已用7063s ETA 7101s
2026-08-26 17:14:34,838 | INFO  | [2600/5212] sz.000800 一汽解放 取到2425条 | 已用7063s ETA 7096s
2026-08-26 17:14:50,387 | INFO  | [2601/5212] sz.000801 四川九洲 取到2425条 | 已用7079s ETA 7106s
2026-08-26 17:14:50,389 | INFO  | [2602/5212] sz.000802 北京文化 取到2425条 | 已用7079s ETA 7100s
2026-08-26 17:14:50,389 | INFO  | [2603/5212] sz.000803 山高环能 取到2425条 | 已用7079s ETA 7095s
2026-08-26 17:14:50,389 | INFO  | [2604/5212] sz.000807 云铝股份 取到2425条 | 已用7079s ETA 7089s
2026-08-26 17:14:50,389 | INFO  | [2605/5212] sz.000809 和展能源 取到2425条 | 已用7079s ETA 7084s
2026-08-26 17:14:50,389 | INFO  | [2606/5212] sz.000810 创维数字 取到2425条 | 已用7079s ETA 7079s
2026-08-26 17:14:50,389 | INFO  | [2607/5212] sz.000811 冰轮环境 取到2425条 | 已用7079s ETA 7073s
2026-08-26 17:14:50,389 | INFO  | [2608/5212] sz.000812 陕西金叶 取到2425条 | 已用7079s ETA 7068s
2026-08-26 17:15:06,371 | INFO  | [2609/5212] sz.000823 超声电子 取到2425条 | 已用7095s ETA 7078s
2026-08-26 17:15:06,371 | INFO  | [2610/5212] sz.000825 太钢不锈 取到2425条 | 已用7095s ETA 7073s
2026-08-26 17:15:06,371 | INFO  | [2611/5212] sz.000826 *ST启环 取到2425条 | 已用7095s ETA 7067s
2026-08-26 17:15:06,371 | INFO  | [2612/5212] sz.000828 东莞控股 取到2425条 | 已用7095s ETA 7062s
2026-08-26 17:15:06,371 | INFO  | [2613/5212] sz.000829 天音控股 取到2425条 | 已用7095s ETA 7057s
2026-08-26 17:15:06,371 | INFO  | [2614/5212] sz.000830 鲁西化工 取到2425条 | 已用7095s ETA 7051s
2026-08-26 17:15:06,371 | INFO  | [2615/5212] sz.000831 中国稀土 取到2425条 | 已用7095s ETA 7046s
2026-08-26 17:15:06,371 | INFO  | [2616/5212] sz.000833 粤桂股份 取到2425条 | 已用7095s ETA 7040s
2026-08-26 17:15:08,631 | INFO  | [2617/5212] sz.000813 德展健康 取到2425条 | 已用7097s ETA 7037s
2026-08-26 17:15:08,631 | INFO  | [2618/5212] sz.000815 美利云 取到2425条 | 已用7097s ETA 7032s
2026-08-26 17:15:08,631 | INFO  | [2619/5212] sz.000816 智慧农业 取到2425条 | 已用7097s ETA 7026s
2026-08-26 17:15:08,631 | INFO  | [2620/5212] sz.000818 航锦科技 取到2425条 | 已用7097s ETA 7021s
2026-08-26 17:15:08,631 | INFO  | [2621/5212] sz.000819 岳阳兴长 取到2425条 | 已用7097s ETA 7016s
2026-08-26 17:15:08,631 | INFO  | [2622/5212] sz.000820 神雾节能 取到2425条 | 已用7097s ETA 7010s
2026-08-26 17:15:08,631 | INFO  | [2623/5212] sz.000821 ST京机 取到2425条 | 已用7097s ETA 7005s
2026-08-26 17:15:08,631 | INFO  | [2624/5212] sz.000822 山东海化 取到2425条 | 已用7097s ETA 6999s
2026-08-26 17:15:32,157 | INFO  | [2625/5212] sz.000837 秦川机床 取到2425条 | 已用7120s ETA 7017s
2026-08-26 17:15:32,157 | INFO  | [2626/5212] sz.000838 *ST发展 取到2425条 | 已用7120s ETA 7012s
2026-08-26 17:15:32,157 | INFO  | [2627/5212] sz.000839 国安股份 取到2425条 | 已用7120s ETA 7007s
2026-08-26 17:15:32,157 | INFO  | [2628/5212] sz.000848 承德露露 取到2425条 | 已用7120s ETA 7001s
2026-08-26 17:15:32,157 | INFO  | [2629/5212] sz.000850 华茂股份 取到2425条 | 已用7120s ETA 6996s
2026-08-26 17:15:32,157 | INFO  | [2630/5212] sz.000852 石化机械 取到2425条 | 已用7120s ETA 6990s
2026-08-26 17:15:32,157 | INFO  | [2631/5212] sz.000856 冀东装备 取到2425条 | 已用7120s ETA 6985s
2026-08-26 17:15:32,157 | INFO  | [2632/5212] sz.000858 五粮液 取到2425条 | 已用7120s ETA 6980s
2026-08-26 17:15:34,885 | INFO  | [2633/5212] sz.000859 国风新材 取到2425条 | 已用7123s ETA 6977s
2026-08-26 17:15:34,885 | INFO  | [2634/5212] sz.000860 顺鑫农业 取到2425条 | 已用7123s ETA 6972s
2026-08-26 17:15:34,885 | INFO  | [2635/5212] sz.000862 银星能源 取到2425条 | 已用7123s ETA 6966s
2026-08-26 17:15:34,885 | INFO  | [2636/5212] sz.000863 三湘印象 取到2425条 | 已用7123s ETA 6961s
2026-08-26 17:15:34,885 | INFO  | [2637/5212] sz.000868 安凯客车 取到2425条 | 已用7123s ETA 6956s
2026-08-26 17:15:34,885 | INFO  | [2638/5212] sz.000869 张裕A 取到2425条 | 已用7123s ETA 6950s
2026-08-26 17:15:34,885 | INFO  | [2639/5212] sz.000875 电投绿能 取到2425条 | 已用7123s ETA 6945s
2026-08-26 17:15:34,885 | INFO  | [2640/5212] sz.000876 新希望 取到2425条 | 已用7123s ETA 6940s
2026-08-26 17:15:51,249 | INFO  | [2641/5212] sz.000877 天山股份 取到2425条 | 已用7139s ETA 6950s
2026-08-26 17:15:51,249 | INFO  | [2642/5212] sz.000878 云南铜业 取到2425条 | 已用7139s ETA 6945s
2026-08-26 17:15:51,249 | INFO  | [2643/5212] sz.000880 潍柴重机 取到2425条 | 已用7139s ETA 6940s
2026-08-26 17:15:51,249 | INFO  | [2644/5212] sz.000881 中广核技 取到2425条 | 已用7139s ETA 6934s
2026-08-26 17:15:51,249 | INFO  | [2645/5212] sz.000882 华联股份 取到2425条 | 已用7139s ETA 6929s
2026-08-26 17:15:51,249 | INFO  | [2646/5212] sz.000883 湖北能源 取到2425条 | 已用7139s ETA 6924s
2026-08-26 17:15:51,249 | INFO  | [2647/5212] sz.000885 城发环境 取到2425条 | 已用7139s ETA 6918s
2026-08-26 17:15:51,249 | INFO  | [2648/5212] sz.000886 海南高速 取到2425条 | 已用7139s ETA 6913s
2026-08-26 17:16:01,520 | INFO  | [2649/5212] sz.000887 中鼎股份 取到2425条 | 已用7150s ETA 6918s
2026-08-26 17:16:01,520 | INFO  | [2650/5212] sz.000888 峨眉山A 取到2425条 | 已用7150s ETA 6912s
2026-08-26 17:16:01,520 | INFO  | [2651/5212] sz.000889 中嘉博创 取到2425条 | 已用7150s ETA 6907s
2026-08-26 17:16:01,520 | INFO  | [2652/5212] sz.000890 法尔胜 取到2425条 | 已用7150s ETA 6902s
2026-08-26 17:16:01,520 | INFO  | [2653/5212] sz.000892 欢瑞世纪 取到2425条 | 已用7150s ETA 6896s
2026-08-26 17:16:01,520 | INFO  | [2654/5212] sz.000893 亚钾国际 取到2425条 | 已用7150s ETA 6891s
2026-08-26 17:16:01,520 | INFO  | [2655/5212] sz.000895 双汇发展 取到2425条 | 已用7150s ETA 6886s
2026-08-26 17:16:01,520 | INFO  | [2656/5212] sz.000897 津滨发展 取到2425条 | 已用7150s ETA 6881s
2026-08-26 17:16:13,022 | INFO  | [2657/5212] sz.000898 鞍钢股份 取到2425条 | 已用7161s ETA 6886s
2026-08-26 17:16:13,022 | INFO  | [2658/5212] sz.000899 赣能股份 取到2425条 | 已用7161s ETA 6881s
2026-08-26 17:16:13,022 | INFO  | [2659/5212] sz.000900 现代投资 取到2425条 | 已用7161s ETA 6876s
2026-08-26 17:16:13,022 | INFO  | [2660/5212] sz.000901 航天科技 取到2425条 | 已用7161s ETA 6870s
2026-08-26 17:16:13,022 | INFO  | [2661/5212] sz.000902 新洋丰 取到2425条 | 已用7161s ETA 6865s
2026-08-26 17:16:13,022 | INFO  | [2662/5212] sz.000903 ST云动 取到2425条 | 已用7161s ETA 6860s
2026-08-26 17:16:13,022 | INFO  | [2663/5212] sz.000905 厦门港务 取到2425条 | 已用7161s ETA 6855s
2026-08-26 17:16:13,022 | INFO  | [2664/5212] sz.000906 浙商中拓 取到2425条 | 已用7161s ETA 6849s
2026-08-26 17:16:34,782 | INFO  | [2665/5212] sz.000908 石药景峰 取到2425条 | 已用7183s ETA 6865s
2026-08-26 17:16:34,782 | INFO  | [2666/5212] sz.000909 *ST数源 取到2425条 | 已用7183s ETA 6860s
2026-08-26 17:16:34,782 | INFO  | [2667/5212] sz.000910 大亚圣象 取到2425条 | 已用7183s ETA 6854s
2026-08-26 17:16:34,782 | INFO  | [2668/5212] sz.000911 *ST广糖 取到2425条 | 已用7183s ETA 6849s
2026-08-26 17:16:34,782 | INFO  | [2669/5212] sz.000912 泸天化 取到2425条 | 已用7183s ETA 6844s
2026-08-26 17:16:34,782 | INFO  | [2670/5212] sz.000913 钱江摩托 取到2425条 | 已用7183s ETA 6839s
2026-08-26 17:16:34,782 | INFO  | [2671/5212] sz.000915 华特达因 取到2425条 | 已用7183s ETA 6833s
2026-08-26 17:16:34,782 | INFO  | [2672/5212] sz.000917 电广传媒 取到2425条 | 已用7183s ETA 6828s
2026-08-26 17:16:35,138 | INFO  | [2673/5212] sz.000919 金陵药业 取到2425条 | 已用7183s ETA 6823s
2026-08-26 17:16:35,138 | INFO  | [2674/5212] sz.000920 沃顿科技 取到2425条 | 已用7183s ETA 6818s
2026-08-26 17:16:35,138 | INFO  | [2675/5212] sz.000921 海信家电 取到2425条 | 已用7183s ETA 6813s
2026-08-26 17:16:35,138 | INFO  | [2676/5212] sz.000922 佳电股份 取到2425条 | 已用7183s ETA 6808s
2026-08-26 17:16:35,138 | INFO  | [2677/5212] sz.000923 河钢资源 取到2425条 | 已用7183s ETA 6802s
2026-08-26 17:16:35,138 | INFO  | [2678/5212] sz.000925 众合科技 取到2425条 | 已用7183s ETA 6797s
2026-08-26 17:16:35,138 | INFO  | [2679/5212] sz.000926 福星股份 取到2425条 | 已用7183s ETA 6792s
2026-08-26 17:16:35,138 | INFO  | [2680/5212] sz.000927 中国铁物 取到2425条 | 已用7183s ETA 6787s
2026-08-26 17:16:56,794 | INFO  | [2681/5212] sz.000937 冀中能源 取到2425条 | 已用7205s ETA 6802s
2026-08-26 17:16:56,794 | INFO  | [2682/5212] sz.000938 紫光股份 取到2425条 | 已用7205s ETA 6797s
2026-08-26 17:16:56,794 | INFO  | [2683/5212] sz.000948 南天信息 取到2425条 | 已用7205s ETA 6791s
2026-08-26 17:16:56,794 | INFO  | [2684/5212] sz.000949 新乡化纤 取到2425条 | 已用7205s ETA 6786s
2026-08-26 17:16:56,794 | INFO  | [2685/5212] sz.000950 重药控股 取到2425条 | 已用7205s ETA 6781s
2026-08-26 17:16:56,794 | INFO  | [2686/5212] sz.000951 中国重汽 取到2425条 | 已用7205s ETA 6776s
2026-08-26 17:16:56,794 | INFO  | [2687/5212] sz.000952 广济药业 取到2425条 | 已用7205s ETA 6771s
2026-08-26 17:16:56,794 | INFO  | [2688/5212] sz.000953 中哲精化 取到2425条 | 已用7205s ETA 6765s
2026-08-26 17:17:00,695 | INFO  | [2689/5212] sz.000928 中钢国际 取到2425条 | 已用7209s ETA 6764s
2026-08-26 17:17:00,695 | INFO  | [2690/5212] sz.000929 兰州黄河 取到2425条 | 已用7209s ETA 6759s
2026-08-26 17:17:00,695 | INFO  | [2691/5212] sz.000930 中粮科技 取到2425条 | 已用7209s ETA 6753s
2026-08-26 17:17:00,695 | INFO  | [2692/5212] sz.000931 中关村 取到2425条 | 已用7209s ETA 6748s
2026-08-26 17:17:00,695 | INFO  | [2693/5212] sz.000932 华菱钢铁 取到2425条 | 已用7209s ETA 6743s
2026-08-26 17:17:00,695 | INFO  | [2694/5212] sz.000933 神火股份 取到2425条 | 已用7209s ETA 6738s
2026-08-26 17:17:00,695 | INFO  | [2695/5212] sz.000935 四川双马 取到2425条 | 已用7209s ETA 6733s
2026-08-26 17:17:00,695 | INFO  | [2696/5212] sz.000936 华西股份 取到2425条 | 已用7209s ETA 6728s
2026-08-26 17:17:19,315 | INFO  | [2697/5212] sz.000955 欣龙控股 取到2425条 | 已用7228s ETA 6740s
2026-08-26 17:17:19,315 | INFO  | [2698/5212] sz.000957 中通客车 取到2425条 | 已用7228s ETA 6735s
2026-08-26 17:17:19,315 | INFO  | [2699/5212] sz.000958 电投产融 取到2425条 | 已用7228s ETA 6729s
2026-08-26 17:17:19,315 | INFO  | [2700/5212] sz.000959 首钢股份 取到2425条 | 已用7228s ETA 6724s
2026-08-26 17:17:19,315 | INFO  | [2701/5212] sz.000960 锡业股份 取到2425条 | 已用7228s ETA 6719s
2026-08-26 17:17:19,315 | INFO  | [2702/5212] sz.000962 东方钽业 取到2425条 | 已用7228s ETA 6714s
2026-08-26 17:17:19,315 | INFO  | [2703/5212] sz.000963 华东医药 取到2425条 | 已用7228s ETA 6709s
2026-08-26 17:17:19,315 | INFO  | [2704/5212] sz.000965 天保基建 取到2425条 | 已用7228s ETA 6704s
2026-08-26 17:17:32,941 | INFO  | [2705/5212] sz.000966 长源电力 取到2425条 | 已用7241s ETA 6711s
2026-08-26 17:17:32,941 | INFO  | [2706/5212] sz.000967 盈峰环境 取到2425条 | 已用7241s ETA 6706s
2026-08-26 17:17:32,941 | INFO  | [2707/5212] sz.000968 蓝焰控股 取到2425条 | 已用7241s ETA 6701s
2026-08-26 17:17:32,941 | INFO  | [2708/5212] sz.000969 安泰科技 取到2425条 | 已用7241s ETA 6696s
2026-08-26 17:17:32,941 | INFO  | [2709/5212] sz.000970 中科三环 取到2425条 | 已用7241s ETA 6691s
2026-08-26 17:17:32,941 | INFO  | [2710/5212] sz.000972 中基健康 取到2425条 | 已用7241s ETA 6685s
2026-08-26 17:17:32,941 | INFO  | [2711/5212] sz.000973 佛塑科技 取到2425条 | 已用7241s ETA 6680s
2026-08-26 17:17:32,941 | INFO  | [2712/5212] sz.000975 山金国际 取到2425条 | 已用7241s ETA 6675s
2026-08-26 17:17:37,302 | INFO  | [2713/5212] sz.000977 浪潮信息 取到2425条 | 已用7246s ETA 6674s
2026-08-26 17:17:37,302 | INFO  | [2714/5212] sz.000978 桂林旅游 取到2425条 | 已用7246s ETA 6669s
2026-08-26 17:17:37,302 | INFO  | [2715/5212] sz.000980 众泰汽车 取到2425条 | 已用7246s ETA 6664s
2026-08-26 17:17:37,302 | INFO  | [2716/5212] sz.000981 山子高科 取到2425条 | 已用7246s ETA 6659s
2026-08-26 17:17:37,302 | INFO  | [2717/5212] sz.000983 山西焦煤 取到2425条 | 已用7246s ETA 6654s
2026-08-26 17:17:37,302 | INFO  | [2718/5212] sz.000985 大庆华科 取到2425条 | 已用7246s ETA 6648s
2026-08-26 17:17:37,302 | INFO  | [2719/5212] sz.000987 越秀资本 取到2425条 | 已用7246s ETA 6643s
2026-08-26 17:17:37,302 | INFO  | [2720/5212] sz.000988 华工科技 取到2425条 | 已用7246s ETA 6638s
2026-08-26 17:17:49,420 | INFO  | [2721/5212] sz.001202 炬申股份 取到1291条 | 已用7258s ETA 6644s
2026-08-26 17:17:49,420 | INFO  | [2722/5212] sz.001203 大中矿业 取到1287条 | 已用7258s ETA 6639s
2026-08-26 17:17:49,420 | INFO  | [2723/5212] sz.001205 盛航股份 取到1284条 | 已用7258s ETA 6634s
2026-08-26 17:17:49,420 | INFO  | [2724/5212] sz.001206 依依股份 取到1281条 | 已用7258s ETA 6629s
2026-08-26 17:17:49,420 | INFO  | [2725/5212] sz.001207 联科科技 取到1256条 | 已用7258s ETA 6624s
2026-08-26 17:17:49,420 | INFO  | [2726/5212] sz.001208 华菱线缆 取到1255条 | 已用7258s ETA 6619s
2026-08-26 17:17:49,420 | INFO  | [2727/5212] sz.001209 洪兴股份 取到1234条 | 已用7258s ETA 6614s
2026-08-26 17:17:49,420 | INFO  | [2728/5212] sz.001210 金房能源 取到1230条 | 已用7258s ETA 6608s
2026-08-26 17:17:54,163 | INFO  | [2729/5212] sz.000989 九芝堂 取到2425条 | 已用7262s ETA 6608s
2026-08-26 17:17:54,163 | INFO  | [2730/5212] sz.000990 诚志股份 取到2425条 | 已用7262s ETA 6603s
2026-08-26 17:17:54,163 | INFO  | [2731/5212] sz.000993 闽东电力 取到2425条 | 已用7262s ETA 6598s
2026-08-26 17:17:54,163 | INFO  | [2732/5212] sz.000995 皇台酒业 取到2425条 | 已用7262s ETA 6592s
2026-08-26 17:17:54,163 | INFO  | [2733/5212] sz.000997 新大陆 取到2425条 | 已用7262s ETA 6587s
2026-08-26 17:17:54,163 | INFO  | [2734/5212] sz.000998 隆平高科 取到2425条 | 已用7262s ETA 6582s
2026-08-26 17:17:54,163 | INFO  | [2735/5212] sz.000999 华润三九 取到2425条 | 已用7262s ETA 6577s
2026-08-26 17:17:54,163 | INFO  | [2736/5212] sz.001201 东瑞股份 取到1292条 | 已用7262s ETA 6572s
2026-08-26 17:18:00,895 | INFO  | [2737/5212] sz.001211 双枪科技 取到1225条 | 已用7269s ETA 6573s
2026-08-26 17:18:00,895 | INFO  | [2738/5212] sz.001212 中旗新材 取到1213条 | 已用7269s ETA 6568s
2026-08-26 17:18:00,895 | INFO  | [2739/5212] sz.001213 中铁特货 取到1201条 | 已用7269s ETA 6563s
2026-08-26 17:18:00,895 | INFO  | [2740/5212] sz.001215 千味央厨 取到1203条 | 已用7269s ETA 6558s
2026-08-26 17:18:00,895 | INFO  | [2741/5212] sz.001216 华瓷股份 取到1179条 | 已用7269s ETA 6553s
2026-08-26 17:18:00,895 | INFO  | [2742/5212] sz.001217 华尔泰 取到1188条 | 已用7269s ETA 6548s
2026-08-26 17:18:00,895 | INFO  | [2743/5212] sz.001218 丽臣实业 取到1181条 | 已用7269s ETA 6543s
2026-08-26 17:18:00,895 | INFO  | [2744/5212] sz.001219 青岛食品 取到1177条 | 已用7269s ETA 6538s
2026-08-26 17:18:09,891 | INFO  | [2745/5212] sz.001220 世盟股份 取到135条 | 已用7278s ETA 6541s
2026-08-26 17:18:09,891 | INFO  | [2746/5212] sz.001221 悍高集团 取到261条 | 已用7278s ETA 6536s
2026-08-26 17:18:09,891 | INFO  | [2747/5212] sz.001222 源飞宠物 取到974条 | 已用7278s ETA 6531s
2026-08-26 17:18:09,891 | INFO  | [2748/5212] sz.001223 欧克科技 取到898条 | 已用7278s ETA 6526s
2026-08-26 17:18:09,891 | INFO  | [2749/5212] sz.001225 和泰机电 取到852条 | 已用7278s ETA 6521s
2026-08-26 17:18:09,891 | INFO  | [2750/5212] sz.001226 拓山重工 取到1015条 | 已用7278s ETA 6516s
2026-08-26 17:18:09,891 | INFO  | [2751/5212] sz.001227 兰州银行 取到1116条 | 已用7278s ETA 6511s
2026-08-26 17:18:09,891 | INFO  | [2752/5212] sz.001228 永泰运 取到1049条 | 已用7278s ETA 6506s
2026-08-26 17:18:10,017 | INFO  | [2753/5212] sz.001229 魅视科技 取到982条 | 已用7278s ETA 6501s
2026-08-26 17:18:10,017 | INFO  | [2754/5212] sz.001230 劲旅环境 取到998条 | 已用7278s ETA 6496s
2026-08-26 17:18:10,017 | INFO  | [2755/5212] sz.001231 农心科技 取到973条 | 已用7278s ETA 6491s
2026-08-26 17:18:10,017 | INFO  | [2756/5212] sz.001232 嘉立创 取到16条 | 已用7278s ETA 6486s
2026-08-26 17:18:10,017 | INFO  | [2757/5212] sz.001233 海安集团 取到183条 | 已用7278s ETA 6481s
2026-08-26 17:18:10,017 | INFO  | [2758/5212] sz.001234 泰慕士 取到1120条 | 已用7278s ETA 6476s
2026-08-26 17:18:10,017 | INFO  | [2759/5212] sz.001236 弘业期货 取到983条 | 已用7278s ETA 6471s
2026-08-26 17:18:10,017 | INFO  | [2760/5212] sz.001237 惠康科技 取到67条 | 已用7278s ETA 6466s
2026-08-26 17:18:20,490 | INFO  | [2761/5212] sz.001238 浙江正特 取到953条 | 已用7289s ETA 6470s
2026-08-26 17:18:20,490 | INFO  | [2762/5212] sz.001239 永达股份 取到655条 | 已用7289s ETA 6465s
2026-08-26 17:18:20,490 | INFO  | [2763/5212] sz.001248 华润新能源 取到39条 | 已用7289s ETA 6460s
2026-08-26 17:18:20,490 | INFO  | [2764/5212] sz.001255 博菲电气 取到944条 | 已用7289s ETA 6455s
2026-08-26 17:18:20,490 | INFO  | [2765/5212] sz.001256 炜冈科技 取到903条 | 已用7289s ETA 6450s
2026-08-26 17:18:20,490 | INFO  | [2766/5212] sz.001257 盛龙股份 取到101条 | 已用7289s ETA 6445s
2026-08-26 17:18:20,490 | INFO  | [2767/5212] sz.001258 立新能源 取到990条 | 已用7289s ETA 6441s
2026-08-26 17:18:20,490 | INFO  | [2768/5212] sz.001259 利仁科技 取到965条 | 已用7289s ETA 6436s
2026-08-26 17:18:32,658 | INFO  | [2769/5212] sz.001279 强邦新材 取到457条 | 已用7301s ETA 6441s
2026-08-26 17:18:32,658 | INFO  | [2770/5212] sz.001280 中国铀业 取到177条 | 已用7301s ETA 6436s
2026-08-26 17:18:32,658 | INFO  | [2771/5212] sz.001282 三联锻造 取到791条 | 已用7301s ETA 6431s
2026-08-26 17:18:32,658 | INFO  | [2772/5212] sz.001283 豪鹏科技 取到962条 | 已用7301s ETA 6426s
2026-08-26 17:18:32,658 | INFO  | [2773/5212] sz.001285 瑞立科密 取到217条 | 已用7301s ETA 6422s
2026-08-26 17:18:32,658 | INFO  | [2774/5212] sz.001286 陕西能源 取到820条 | 已用7301s ETA 6417s
2026-08-26 17:18:32,658 | INFO  | [2775/5212] sz.001287 中电港 取到820条 | 已用7301s ETA 6412s
2026-08-26 17:18:32,658 | INFO  | [2776/5212] sz.001288 运机集团 取到1170条 | 已用7301s ETA 6407s
2026-08-26 17:18:37,489 | INFO  | [2777/5212] sz.001260 坤泰股份 取到856条 | 已用7306s ETA 6406s
2026-08-26 17:18:37,489 | INFO  | [2778/5212] sz.001266 宏英智能 取到1091条 | 已用7306s ETA 6401s
2026-08-26 17:18:37,489 | INFO  | [2779/5212] sz.001267 汇绿生态 取到1158条 | 已用7306s ETA 6396s
2026-08-26 17:18:37,489 | INFO  | [2780/5212] sz.001268 联合精密 取到1009条 | 已用7306s ETA 6391s
2026-08-26 17:18:37,489 | INFO  | [2781/5212] sz.001269 欧晶科技 取到944条 | 已用7306s ETA 6386s
2026-08-26 17:18:37,489 | INFO  | [2782/5212] sz.001270 铖昌科技 取到1027条 | 已用7306s ETA 6381s
2026-08-26 17:18:37,489 | INFO  | [2783/5212] sz.001277 速达股份 取到478条 | 已用7306s ETA 6376s
2026-08-26 17:18:37,489 | INFO  | [2784/5212] sz.001278 一彬科技 取到842条 | 已用7306s ETA 6371s
2026-08-26 17:18:48,249 | INFO  | [2785/5212] sz.001309 德明利 取到1008条 | 已用7316s ETA 6376s
2026-08-26 17:18:48,249 | INFO  | [2786/5212] sz.001311 多利科技 取到849条 | 已用7316s ETA 6371s
2026-08-26 17:18:48,249 | INFO  | [2787/5212] sz.001312 福恩股份 取到87条 | 已用7316s ETA 6366s
2026-08-26 17:18:48,249 | INFO  | [2788/5212] sz.001313 粤海饲料 取到1099条 | 已用7316s ETA 6361s
2026-08-26 17:18:48,249 | INFO  | [2789/5212] sz.001314 亿道信息 取到858条 | 已用7316s ETA 6356s
2026-08-26 17:18:48,249 | INFO  | [2790/5212] sz.001316 润贝航科 取到1013条 | 已用7316s ETA 6351s
2026-08-26 17:18:48,249 | INFO  | [2791/5212] sz.001317 三羊马 取到1149条 | 已用7316s ETA 6347s
2026-08-26 17:18:48,249 | INFO  | [2792/5212] sz.001318 阳光乳业 取到1037条 | 已用7316s ETA 6342s
2026-08-26 17:18:49,384 | INFO  | [2793/5212] sz.001289 龙源电力 取到1111条 | 已用7318s ETA 6338s
2026-08-26 17:18:49,384 | INFO  | [2794/5212] sz.001296 长江材料 取到1131条 | 已用7318s ETA 6333s
2026-08-26 17:18:49,384 | INFO  | [2795/5212] sz.001298 好上好 取到928条 | 已用7318s ETA 6328s
2026-08-26 17:18:49,384 | INFO  | [2796/5212] sz.001299 美能能源 取到928条 | 已用7318s ETA 6323s
2026-08-26 17:18:49,384 | INFO  | [2797/5212] sz.001300 三柏硕 取到936条 | 已用7318s ETA 6318s
2026-08-26 17:18:49,384 | INFO  | [2798/5212] sz.001301 尚太科技 取到886条 | 已用7318s ETA 6313s
2026-08-26 17:18:49,384 | INFO  | [2799/5212] sz.001306 夏厦精密 取到673条 | 已用7318s ETA 6308s
2026-08-26 17:18:49,384 | INFO  | [2800/5212] sz.001308 康冠科技 取到1077条 | 已用7318s ETA 6304s
2026-08-26 17:18:59,327 | INFO  | [2801/5212] sz.001319 铭科精技 取到1043条 | 已用7328s ETA 6307s
2026-08-26 17:18:59,327 | INFO  | [2802/5212] sz.001322 箭牌家居 取到931条 | 已用7328s ETA 6302s
2026-08-26 17:18:59,327 | INFO  | [2803/5212] sz.001323 慕思股份 取到1014条 | 已用7328s ETA 6298s
2026-08-26 17:18:59,327 | INFO  | [2804/5212] sz.001324 长青科技 取到793条 | 已用7328s ETA 6293s
2026-08-26 17:18:59,327 | INFO  | [2805/5212] sz.001325 元创股份 取到166条 | 已用7328s ETA 6288s
2026-08-26 17:18:59,327 | INFO  | [2806/5212] sz.001326 联域股份 取到678条 | 已用7328s ETA 6283s
2026-08-26 17:18:59,327 | INFO  | [2807/5212] sz.001328 登康口腔 取到820条 | 已用7328s ETA 6278s
2026-08-26 17:18:59,327 | INFO  | [2808/5212] sz.001330 博纳影业 取到974条 | 已用7328s ETA 6273s
2026-08-26 17:19:02,239 | INFO  | [2809/5212] sz.001331 胜通能源 取到959条 | 已用7330s ETA 6271s
2026-08-26 17:19:02,239 | INFO  | [2810/5212] sz.001332 锡装股份 取到952条 | 已用7330s ETA 6266s
2026-08-26 17:19:02,239 | INFO  | [2811/5212] sz.001333 光华股份 取到900条 | 已用7330s ETA 6261s
2026-08-26 17:19:02,239 | INFO  | [2812/5212] sz.001335 信凯科技 取到333条 | 已用7330s ETA 6256s
2026-08-26 17:19:02,239 | INFO  | [2813/5212] sz.001336 楚环科技 取到992条 | 已用7330s ETA 6252s
2026-08-26 17:19:02,239 | INFO  | [2814/5212] sz.001337 四川黄金 取到845条 | 已用7330s ETA 6247s
2026-08-26 17:19:02,239 | INFO  | [2815/5212] sz.001338 永顺泰 取到916条 | 已用7330s ETA 6242s
2026-08-26 17:19:02,239 | INFO  | [2816/5212] sz.001339 智微智能 取到977条 | 已用7330s ETA 6237s
2026-08-26 17:19:10,499 | INFO  | [2817/5212] sz.001356 富岭股份 取到384条 | 已用7339s ETA 6239s
2026-08-26 17:19:10,499 | INFO  | [2818/5212] sz.001358 兴欣新材 取到648条 | 已用7339s ETA 6235s
2026-08-26 17:19:10,499 | INFO  | [2819/5212] sz.001359 平安电工 取到585条 | 已用7339s ETA 6230s
2026-08-26 17:19:10,499 | INFO  | [2820/5212] sz.001360 南矿集团 取到820条 | 已用7339s ETA 6225s
2026-08-26 17:19:10,499 | INFO  | [2821/5212] sz.001365 天海电子 取到71条 | 已用7339s ETA 6220s
2026-08-26 17:19:10,499 | INFO  | [2822/5212] sz.001366 播恩集团 取到843条 | 已用7339s ETA 6215s
2026-08-26 17:19:10,499 | INFO  | [2823/5212] sz.001367 海森药业 取到820条 | 已用7339s ETA 6210s
2026-08-26 17:19:10,499 | INFO  | [2824/5212] sz.001368 通达创智 取到839条 | 已用7339s ETA 6206s
2026-08-26 17:19:14,706 | INFO  | [2825/5212] sz.001369 双欣材料 取到158条 | 已用7343s ETA 6204s
2026-08-26 17:19:14,706 | INFO  | [2826/5212] sz.001373 翔腾新材 取到785条 | 已用7343s ETA 6200s
2026-08-26 17:19:14,706 | INFO  | [2827/5212] sz.001376 百通能源 取到682条 | 已用7343s ETA 6195s
2026-08-26 17:19:14,706 | INFO  | [2828/5212] sz.001378 德冠新材 取到686条 | 已用7343s ETA 6190s
2026-08-26 17:19:14,706 | INFO  | [2829/5212] sz.001379 腾达科技 取到628条 | 已用7343s ETA 6185s
2026-08-26 17:19:14,706 | INFO  | [2830/5212] sz.001380 华纬科技 取到797条 | 已用7343s ETA 6181s
2026-08-26 17:19:14,706 | INFO  | [2831/5212] sz.001382 新亚电缆 取到349条 | 已用7343s ETA 6176s
2026-08-26 17:19:14,706 | INFO  | [2832/5212] sz.001386 马可波罗 取到207条 | 已用7343s ETA 6171s
2026-08-26 17:19:22,923 | INFO  | [2833/5212] sz.001387 雪祺电气 取到634条 | 已用7351s ETA 6173s
2026-08-26 17:19:22,924 | INFO  | [2834/5212] sz.001388 信通电子 取到282条 | 已用7351s ETA 6168s
2026-08-26 17:19:22,924 | INFO  | [2835/5212] sz.001389 广合科技 取到582条 | 已用7351s ETA 6164s
2026-08-26 17:19:22,924 | INFO  | [2836/5212] sz.001390 古麒绒材 取到304条 | 已用7351s ETA 6159s
2026-08-26 17:19:22,924 | INFO  | [2837/5212] sz.001391 国货航 取到401条 | 已用7351s ETA 6154s
2026-08-26 17:19:22,924 | INFO  | [2838/5212] sz.001393 维通利 取到72条 | 已用7351s ETA 6149s
2026-08-26 17:19:22,924 | INFO  | [2839/5212] sz.001395 亚联机械 取到382条 | 已用7351s ETA 6145s
2026-08-26 17:19:22,924 | INFO  | [2840/5212] sz.001396 誉帆科技 取到158条 | 已用7351s ETA 6140s
2026-08-26 17:19:38,939 | INFO  | [2841/5212] sz.001399 惠科股份 取到43条 | 已用7367s ETA 6148s
2026-08-26 17:19:38,939 | INFO  | [2842/5212] sz.001400 江顺科技 取到326条 | 已用7367s ETA 6144s
2026-08-26 17:19:38,939 | INFO  | [2843/5212] sz.001696 宗申动力 取到2425条 | 已用7367s ETA 6139s
2026-08-26 17:19:38,939 | INFO  | [2844/5212] sz.001872 招商港口 取到2425条 | 已用7367s ETA 6134s
2026-08-26 17:19:38,939 | INFO  | [2845/5212] sz.001896 豫能控股 取到2425条 | 已用7367s ETA 6129s
2026-08-26 17:19:38,939 | INFO  | [2846/5212] sz.001914 招商积余 取到2425条 | 已用7367s ETA 6125s
2026-08-26 17:19:38,939 | INFO  | [2847/5212] sz.001965 招商公路 取到2103条 | 已用7367s ETA 6120s
2026-08-26 17:19:38,939 | INFO  | [2848/5212] sz.001979 招商蛇口 取到2425条 | 已用7367s ETA 6115s
2026-08-26 17:19:40,969 | INFO  | [2849/5212] sz.002001 新和成 取到2425条 | 已用7369s ETA 6112s
2026-08-26 17:19:40,969 | INFO  | [2850/5212] sz.002003 伟星股份 取到2425条 | 已用7369s ETA 6107s
2026-08-26 17:19:40,969 | INFO  | [2851/5212] sz.002004 华邦健康 取到2425条 | 已用7369s ETA 6103s
2026-08-26 17:19:40,970 | INFO  | [2852/5212] sz.002005 德豪润达 取到2425条 | 已用7369s ETA 6098s
2026-08-26 17:19:40,970 | INFO  | [2853/5212] sz.002006 精工科技 取到2425条 | 已用7369s ETA 6093s
2026-08-26 17:19:40,970 | INFO  | [2854/5212] sz.002007 华兰生物 取到2425条 | 已用7369s ETA 6088s
2026-08-26 17:19:40,970 | INFO  | [2855/5212] sz.002008 大族激光 取到2425条 | 已用7369s ETA 6084s
2026-08-26 17:19:40,970 | INFO  | [2856/5212] sz.002009 天奇股份 取到2425条 | 已用7369s ETA 6079s
2026-08-26 17:19:59,691 | INFO  | [2857/5212] sz.002020 京新药业 取到2425条 | 已用7388s ETA 6090s
2026-08-26 17:19:59,691 | INFO  | [2858/5212] sz.002021 中捷资源 取到2425条 | 已用7388s ETA 6085s
2026-08-26 17:19:59,691 | INFO  | [2859/5212] sz.002022 科华生物 取到2425条 | 已用7388s ETA 6080s
2026-08-26 17:19:59,691 | INFO  | [2860/5212] sz.002023 海特高新 取到2425条 | 已用7388s ETA 6076s
2026-08-26 17:19:59,691 | INFO  | [2861/5212] sz.002024 ST易购 取到2425条 | 已用7388s ETA 6071s
2026-08-26 17:19:59,691 | INFO  | [2862/5212] sz.002025 航天电器 取到2425条 | 已用7388s ETA 6066s
2026-08-26 17:19:59,691 | INFO  | [2863/5212] sz.002026 山东威达 取到2425条 | 已用7388s ETA 6062s
2026-08-26 17:19:59,691 | INFO  | [2864/5212] sz.002027 分众传媒 取到2425条 | 已用7388s ETA 6057s
2026-08-26 17:20:03,050 | INFO  | [2865/5212] sz.002010 传化智联 取到2425条 | 已用7391s ETA 6055s
2026-08-26 17:20:03,050 | INFO  | [2866/5212] sz.002011 盾安环境 取到2425条 | 已用7391s ETA 6050s
2026-08-26 17:20:03,050 | INFO  | [2867/5212] sz.002012 凯恩股份 取到2425条 | 已用7391s ETA 6046s
2026-08-26 17:20:03,050 | INFO  | [2868/5212] sz.002014 永新股份 取到2425条 | 已用7391s ETA 6041s
2026-08-26 17:20:03,050 | INFO  | [2869/5212] sz.002015 协鑫能科 取到2425条 | 已用7391s ETA 6036s
2026-08-26 17:20:03,050 | INFO  | [2870/5212] sz.002016 世荣兆业 取到2425条 | 已用7391s ETA 6031s
2026-08-26 17:20:03,050 | INFO  | [2871/5212] sz.002017 东信和平 取到2425条 | 已用7391s ETA 6027s
2026-08-26 17:20:03,050 | INFO  | [2872/5212] sz.002019 亿帆医药 取到2425条 | 已用7391s ETA 6022s
2026-08-26 17:20:16,376 | INFO  | [2873/5212] sz.002028 思源电气 取到2425条 | 已用7405s ETA 6028s
2026-08-26 17:20:16,377 | INFO  | [2874/5212] sz.002029 七匹狼 取到2425条 | 已用7405s ETA 6024s
2026-08-26 17:20:16,377 | INFO  | [2875/5212] sz.002030 达安基因 取到2425条 | 已用7405s ETA 6019s
2026-08-26 17:20:16,377 | INFO  | [2876/5212] sz.002031 巨轮智能 取到2425条 | 已用7405s ETA 6014s
2026-08-26 17:20:16,377 | INFO  | [2877/5212] sz.002032 苏泊尔 取到2425条 | 已用7405s ETA 6010s
2026-08-26 17:20:16,377 | INFO  | [2878/5212] sz.002033 丽江股份 取到2425条 | 已用7405s ETA 6005s
2026-08-26 17:20:16,377 | INFO  | [2879/5212] sz.002034 旺能环境 取到2425条 | 已用7405s ETA 6000s
2026-08-26 17:20:16,377 | INFO  | [2880/5212] sz.002035 华帝股份 取到2425条 | 已用7405s ETA 5996s
2026-08-26 17:20:26,226 | INFO  | [2881/5212] sz.002036 联创电子 取到2425条 | 已用7414s ETA 5999s
2026-08-26 17:20:26,227 | INFO  | [2882/5212] sz.002037 保利联合 取到2425条 | 已用7414s ETA 5994s
2026-08-26 17:20:26,227 | INFO  | [2883/5212] sz.002038 双鹭药业 取到2425条 | 已用7414s ETA 5990s
2026-08-26 17:20:26,227 | INFO  | [2884/5212] sz.002039 黔源电力 取到2425条 | 已用7414s ETA 5985s
2026-08-26 17:20:26,227 | INFO  | [2885/5212] sz.002040 南京港 取到2425条 | 已用7414s ETA 5980s
2026-08-26 17:20:26,227 | INFO  | [2886/5212] sz.002041 登海种业 取到2425条 | 已用7414s ETA 5976s
2026-08-26 17:20:26,227 | INFO  | [2887/5212] sz.002042 华孚时尚 取到2425条 | 已用7414s ETA 5971s
2026-08-26 17:20:26,227 | INFO  | [2888/5212] sz.002043 兔宝宝 取到2425条 | 已用7414s ETA 5966s
2026-08-26 17:20:32,914 | INFO  | [2889/5212] sz.002044 美年健康 取到2425条 | 已用7421s ETA 5967s
2026-08-26 17:20:32,914 | INFO  | [2890/5212] sz.002045 国光电器 取到2425条 | 已用7421s ETA 5963s
2026-08-26 17:20:32,914 | INFO  | [2891/5212] sz.002046 国机精工 取到2425条 | 已用7421s ETA 5958s
2026-08-26 17:20:32,914 | INFO  | [2892/5212] sz.002047 宝鹰股份 取到2425条 | 已用7421s ETA 5953s
2026-08-26 17:20:32,914 | INFO  | [2893/5212] sz.002048 宁波华翔 取到2425条 | 已用7421s ETA 5949s
2026-08-26 17:20:32,914 | INFO  | [2894/5212] sz.002049 紫光国微 取到2425条 | 已用7421s ETA 5944s
2026-08-26 17:20:32,914 | INFO  | [2895/5212] sz.002050 三花智控 取到2425条 | 已用7421s ETA 5939s
2026-08-26 17:20:32,914 | INFO  | [2896/5212] sz.002051 中工国际 取到2425条 | 已用7421s ETA 5935s
2026-08-26 17:20:50,134 | INFO  | [2897/5212] sz.002052 同洲电子 取到2425条 | 已用7438s ETA 5944s
2026-08-26 17:20:50,134 | INFO  | [2898/5212] sz.002053 云南能投 取到2425条 | 已用7438s ETA 5939s
2026-08-26 17:20:50,134 | INFO  | [2899/5212] sz.002054 德美化工 取到2425条 | 已用7438s ETA 5935s
2026-08-26 17:20:50,134 | INFO  | [2900/5212] sz.002055 ST得润 取到2425条 | 已用7438s ETA 5930s
2026-08-26 17:20:50,134 | INFO  | [2901/5212] sz.002056 横店东磁 取到2425条 | 已用7438s ETA 5926s
2026-08-26 17:20:50,134 | INFO  | [2902/5212] sz.002057 中钢天源 取到2425条 | 已用7438s ETA 5921s
2026-08-26 17:20:50,134 | INFO  | [2903/5212] sz.002058 威尔泰 取到2425条 | 已用7438s ETA 5916s
2026-08-26 17:20:50,134 | INFO  | [2904/5212] sz.002059 云南旅游 取到2425条 | 已用7438s ETA 5912s
2026-08-26 17:20:54,317 | INFO  | [2905/5212] sz.002060 广东建工 取到2425条 | 已用7443s ETA 5910s
2026-08-26 17:20:54,317 | INFO  | [2906/5212] sz.002061 浙江交科 取到2425条 | 已用7443s ETA 5906s
2026-08-26 17:20:54,317 | INFO  | [2907/5212] sz.002062 宏润建设 取到2425条 | 已用7443s ETA 5901s
2026-08-26 17:20:54,317 | INFO  | [2908/5212] sz.002063 远光软件 取到2425条 | 已用7443s ETA 5897s
2026-08-26 17:20:54,317 | INFO  | [2909/5212] sz.002064 华峰化学 取到2425条 | 已用7443s ETA 5892s
2026-08-26 17:20:54,317 | INFO  | [2910/5212] sz.002065 东华软件 取到2425条 | 已用7443s ETA 5888s
2026-08-26 17:20:54,317 | INFO  | [2911/5212] sz.002066 瑞泰科技 取到2425条 | 已用7443s ETA 5883s
2026-08-26 17:20:54,317 | INFO  | [2912/5212] sz.002067 景兴纸业 取到2425条 | 已用7443s ETA 5878s
2026-08-26 17:21:11,664 | INFO  | [2913/5212] sz.002078 太阳纸业 取到2425条 | 已用7460s ETA 5887s
2026-08-26 17:21:11,664 | INFO  | [2914/5212] sz.002079 苏州固锝 取到2425条 | 已用7460s ETA 5883s
2026-08-26 17:21:11,664 | INFO  | [2915/5212] sz.002080 中材科技 取到2425条 | 已用7460s ETA 5878s
2026-08-26 17:21:11,664 | INFO  | [2916/5212] sz.002081 金螳螂 取到2425条 | 已用7460s ETA 5874s
2026-08-26 17:21:11,664 | INFO  | [2917/5212] sz.002082 ST万邦 取到2425条 | 已用7460s ETA 5869s
2026-08-26 17:21:11,664 | INFO  | [2918/5212] sz.002083 孚日股份 取到2425条 | 已用7460s ETA 5865s
2026-08-26 17:21:11,664 | INFO  | [2919/5212] sz.002084 海鸥住工 取到2425条 | 已用7460s ETA 5860s
2026-08-26 17:21:11,664 | INFO  | [2920/5212] sz.002085 万丰奥威 取到2425条 | 已用7460s ETA 5855s
2026-08-26 17:21:16,661 | INFO  | [2921/5212] sz.002068 黑猫股份 取到2425条 | 已用7465s ETA 5855s
2026-08-26 17:21:16,661 | INFO  | [2922/5212] sz.002069 獐子岛 取到2425条 | 已用7465s ETA 5850s
2026-08-26 17:21:16,661 | INFO  | [2923/5212] sz.002072 凯瑞德 取到2425条 | 已用7465s ETA 5846s
2026-08-26 17:21:16,661 | INFO  | [2924/5212] sz.002073 软控股份 取到2425条 | 已用7465s ETA 5841s
2026-08-26 17:21:16,661 | INFO  | [2925/5212] sz.002074 国轩高科 取到2425条 | 已用7465s ETA 5837s
2026-08-26 17:21:16,661 | INFO  | [2926/5212] sz.002075 沙钢股份 取到2425条 | 已用7465s ETA 5832s
2026-08-26 17:21:16,661 | INFO  | [2927/5212] sz.002076 星光股份 取到2425条 | 已用7465s ETA 5828s
2026-08-26 17:21:16,661 | INFO  | [2928/5212] sz.002077 大港股份 取到2425条 | 已用7465s ETA 5823s
2026-08-26 17:21:29,314 | INFO  | [2929/5212] sz.002086 东方海洋 取到2425条 | 已用7478s ETA 5828s
2026-08-26 17:21:29,314 | INFO  | [2930/5212] sz.002088 鲁阳节能 取到2425条 | 已用7478s ETA 5824s
2026-08-26 17:21:29,314 | INFO  | [2931/5212] sz.002090 金智科技 取到2425条 | 已用7478s ETA 5819s
2026-08-26 17:21:29,314 | INFO  | [2932/5212] sz.002091 江苏国泰 取到2425条 | 已用7478s ETA 5815s
2026-08-26 17:21:29,314 | INFO  | [2933/5212] sz.002092 中泰化学 取到2425条 | 已用7478s ETA 5810s
2026-08-26 17:21:29,314 | INFO  | [2934/5212] sz.002093 国脉科技 取到2425条 | 已用7478s ETA 5806s
2026-08-26 17:21:29,314 | INFO  | [2935/5212] sz.002094 青岛金王 取到2425条 | 已用7478s ETA 5801s
2026-08-26 17:21:29,314 | INFO  | [2936/5212] sz.002095 生意宝 取到2425条 | 已用7478s ETA 5797s
2026-08-26 17:21:41,407 | INFO  | [2937/5212] sz.002096 易普力 取到2425条 | 已用7490s ETA 5801s
2026-08-26 17:21:41,407 | INFO  | [2938/5212] sz.002097 山河智能 取到2425条 | 已用7490s ETA 5797s
2026-08-26 17:21:41,407 | INFO  | [2939/5212] sz.002098 浔兴股份 取到2425条 | 已用7490s ETA 5792s
2026-08-26 17:21:41,407 | INFO  | [2940/5212] sz.002099 海翔药业 取到2425条 | 已用7490s ETA 5788s
2026-08-26 17:21:41,407 | INFO  | [2941/5212] sz.002100 天康生物 取到2425条 | 已用7490s ETA 5783s
2026-08-26 17:21:41,407 | INFO  | [2942/5212] sz.002101 广东鸿图 取到2425条 | 已用7490s ETA 5779s
2026-08-26 17:21:41,407 | INFO  | [2943/5212] sz.002102 ST能特 取到2425条 | 已用7490s ETA 5774s
2026-08-26 17:21:41,407 | INFO  | [2944/5212] sz.002103 广博股份 取到2425条 | 已用7490s ETA 5770s
2026-08-26 17:21:51,452 | INFO  | [2945/5212] sz.002104 恒宝股份 取到2425条 | 已用7500s ETA 5773s
2026-08-26 17:21:51,452 | INFO  | [2946/5212] sz.002105 信隆健康 取到2425条 | 已用7500s ETA 5769s
2026-08-26 17:21:51,452 | INFO  | [2947/5212] sz.002106 莱宝高科 取到2425条 | 已用7500s ETA 5764s
2026-08-26 17:21:51,452 | INFO  | [2948/5212] sz.002107 沃华医药 取到2425条 | 已用7500s ETA 5760s
2026-08-26 17:21:51,452 | INFO  | [2949/5212] sz.002108 沧州明珠 取到2425条 | 已用7500s ETA 5755s
2026-08-26 17:21:51,452 | INFO  | [2950/5212] sz.002109 ST兴化 取到2425条 | 已用7500s ETA 5751s
2026-08-26 17:21:51,452 | INFO  | [2951/5212] sz.002110 三钢闽光 取到2425条 | 已用7500s ETA 5746s
2026-08-26 17:21:51,452 | INFO  | [2952/5212] sz.002111 威海广泰 取到2425条 | 已用7500s ETA 5742s
2026-08-26 17:22:08,906 | INFO  | [2953/5212] sz.002122 ST汇洲 取到2425条 | 已用7517s ETA 5750s
2026-08-26 17:22:08,906 | INFO  | [2954/5212] sz.002123 梦网科技 取到2425条 | 已用7517s ETA 5746s
2026-08-26 17:22:08,906 | INFO  | [2955/5212] sz.002124 天邦食品 取到2425条 | 已用7517s ETA 5742s
2026-08-26 17:22:08,906 | INFO  | [2956/5212] sz.002125 湘潭电化 取到2425条 | 已用7517s ETA 5737s
2026-08-26 17:22:08,906 | INFO  | [2957/5212] sz.002126 银轮股份 取到2425条 | 已用7517s ETA 5733s
2026-08-26 17:22:08,906 | INFO  | [2958/5212] sz.002127 南极电商 取到2425条 | 已用7517s ETA 5728s
2026-08-26 17:22:08,906 | INFO  | [2959/5212] sz.002128 电投能源 取到2425条 | 已用7517s ETA 5724s
2026-08-26 17:22:08,906 | INFO  | [2960/5212] sz.002129 TCL中环 取到2425条 | 已用7517s ETA 5719s
2026-08-26 17:22:12,131 | INFO  | [2961/5212] sz.002112 三变科技 取到2425条 | 已用7520s ETA 5717s
2026-08-26 17:22:12,131 | INFO  | [2962/5212] sz.002114 罗平锌电 取到2425条 | 已用7520s ETA 5713s
2026-08-26 17:22:12,131 | INFO  | [2963/5212] sz.002115 三维通信 取到2425条 | 已用7520s ETA 5708s
2026-08-26 17:22:12,131 | INFO  | [2964/5212] sz.002116 中国海诚 取到2425条 | 已用7520s ETA 5704s
2026-08-26 17:22:12,131 | INFO  | [2965/5212] sz.002117 东港股份 取到2425条 | 已用7520s ETA 5699s
2026-08-26 17:22:12,131 | INFO  | [2966/5212] sz.002119 康强电子 取到2425条 | 已用7520s ETA 5695s
2026-08-26 17:22:12,131 | INFO  | [2967/5212] sz.002120 韵达股份 取到2425条 | 已用7520s ETA 5690s
2026-08-26 17:22:12,131 | INFO  | [2968/5212] sz.002121 科陆电子 取到2425条 | 已用7520s ETA 5686s
2026-08-26 17:22:25,639 | INFO  | [2969/5212] sz.002130 沃尔核材 取到2425条 | 已用7534s ETA 5692s
2026-08-26 17:22:25,639 | INFO  | [2970/5212] sz.002131 利欧股份 取到2425条 | 已用7534s ETA 5687s
2026-08-26 17:22:25,639 | INFO  | [2971/5212] sz.002132 恒星科技 取到2425条 | 已用7534s ETA 5683s
2026-08-26 17:22:25,639 | INFO  | [2972/5212] sz.002133 广宇集团 取到2425条 | 已用7534s ETA 5678s
2026-08-26 17:22:25,639 | INFO  | [2973/5212] sz.002134 天津普林 取到2425条 | 已用7534s ETA 5674s
2026-08-26 17:22:25,639 | INFO  | [2974/5212] sz.002135 东南网架 取到2425条 | 已用7534s ETA 5669s
2026-08-26 17:22:25,639 | INFO  | [2975/5212] sz.002136 安纳达 取到2425条 | 已用7534s ETA 5665s
2026-08-26 17:22:25,639 | INFO  | [2976/5212] sz.002137 实益达 取到2425条 | 已用7534s ETA 5661s
2026-08-26 17:22:42,342 | INFO  | [2977/5212] sz.002138 顺络电子 取到2425条 | 已用7551s ETA 5669s
2026-08-26 17:22:42,342 | INFO  | [2978/5212] sz.002139 拓邦股份 取到2425条 | 已用7551s ETA 5664s
2026-08-26 17:22:42,342 | INFO  | [2979/5212] sz.002140 东华科技 取到2425条 | 已用7551s ETA 5660s
2026-08-26 17:22:42,342 | INFO  | [2980/5212] sz.002141 贤丰控股 取到2425条 | 已用7551s ETA 5655s
2026-08-26 17:22:42,342 | INFO  | [2981/5212] sz.002142 宁波银行 取到2425条 | 已用7551s ETA 5651s
2026-08-26 17:22:42,342 | INFO  | [2982/5212] sz.002144 宏达高科 取到2425条 | 已用7551s ETA 5646s
2026-08-26 17:22:42,342 | INFO  | [2983/5212] sz.002145 钛能化学 取到2425条 | 已用7551s ETA 5642s
2026-08-26 17:22:42,342 | INFO  | [2984/5212] sz.002146 荣盛发展 取到2425条 | 已用7551s ETA 5638s
2026-08-26 17:22:44,153 | INFO  | [2985/5212] sz.002148 北纬科技 取到2425条 | 已用7552s ETA 5635s
2026-08-26 17:22:44,153 | INFO  | [2986/5212] sz.002149 西部材料 取到2425条 | 已用7552s ETA 5630s
2026-08-26 17:22:44,153 | INFO  | [2987/5212] sz.002150 正泰电源 取到2425条 | 已用7552s ETA 5626s
2026-08-26 17:22:44,153 | INFO  | [2988/5212] sz.002151 北斗星通 取到2425条 | 已用7552s ETA 5621s
2026-08-26 17:22:44,153 | INFO  | [2989/5212] sz.002152 广电运通 取到2425条 | 已用7552s ETA 5617s
2026-08-26 17:22:44,153 | INFO  | [2990/5212] sz.002153 石基信息 取到2425条 | 已用7552s ETA 5612s
2026-08-26 17:22:44,153 | INFO  | [2991/5212] sz.002154 报喜鸟 取到2425条 | 已用7552s ETA 5608s
2026-08-26 17:22:44,153 | INFO  | [2992/5212] sz.002155 湖南黄金 取到2425条 | 已用7552s ETA 5604s
2026-08-26 17:23:10,053 | INFO  | [2993/5212] sz.002156 通富微电 取到2425条 | 已用7578s ETA 5619s
2026-08-26 17:23:10,053 | INFO  | [2994/5212] sz.002157 正邦科技 取到2425条 | 已用7578s ETA 5614s
2026-08-26 17:23:10,053 | INFO  | [2995/5212] sz.002158 汉钟精机 取到2425条 | 已用7578s ETA 5610s
2026-08-26 17:23:10,054 | INFO  | [2996/5212] sz.002159 三特索道 取到2425条 | 已用7578s ETA 5605s
2026-08-26 17:23:10,054 | INFO  | [2997/5212] sz.002160 常铝股份 取到2425条 | 已用7578s ETA 5601s
2026-08-26 17:23:10,054 | INFO  | [2998/5212] sz.002161 远望谷 取到2425条 | 已用7578s ETA 5596s
2026-08-26 17:23:10,054 | INFO  | [2999/5212] sz.002162 悦心健康 取到2425条 | 已用7578s ETA 5592s
2026-08-26 17:23:10,054 | INFO  | [3000/5212] sz.002163 海南发展 取到2425条 | 已用7578s ETA 5588s
2026-08-26 17:23:11,904 | INFO  | [3001/5212] sz.002164 宁波东力 取到2425条 | 已用7580s ETA 5585s
2026-08-26 17:23:11,904 | INFO  | [3002/5212] sz.002165 红宝丽 取到2425条 | 已用7580s ETA 5580s
2026-08-26 17:23:11,904 | INFO  | [3003/5212] sz.002166 莱茵生物 取到2425条 | 已用7580s ETA 5576s
2026-08-26 17:23:11,904 | INFO  | [3004/5212] sz.002167 东方锆业 取到2425条 | 已用7580s ETA 5572s
2026-08-26 17:23:11,904 | INFO  | [3005/5212] sz.002168 ST惠程 取到2425条 | 已用7580s ETA 5567s
2026-08-26 17:23:11,904 | INFO  | [3006/5212] sz.002169 智光电气 取到2425条 | 已用7580s ETA 5563s
2026-08-26 17:23:11,904 | INFO  | [3007/5212] sz.002170 芭田股份 取到2425条 | 已用7580s ETA 5558s
2026-08-26 17:23:11,904 | INFO  | [3008/5212] sz.002171 楚江新材 取到2425条 | 已用7580s ETA 5554s
2026-08-26 17:23:29,534 | INFO  | [3009/5212] sz.002172 澳洋健康 取到2425条 | 已用7598s ETA 5563s
2026-08-26 17:23:29,534 | INFO  | [3010/5212] sz.002173 创新医疗 取到2425条 | 已用7598s ETA 5558s
2026-08-26 17:23:29,534 | INFO  | [3011/5212] sz.002174 游族网络 取到2425条 | 已用7598s ETA 5554s
2026-08-26 17:23:29,534 | INFO  | [3012/5212] sz.002175 *ST东智 取到2425条 | 已用7598s ETA 5549s
2026-08-26 17:23:29,534 | INFO  | [3013/5212] sz.002176 江特电机 取到2425条 | 已用7598s ETA 5545s
2026-08-26 17:23:29,534 | INFO  | [3014/5212] sz.002177 御银股份 取到2425条 | 已用7598s ETA 5541s
2026-08-26 17:23:29,534 | INFO  | [3015/5212] sz.002178 延华智能 取到2425条 | 已用7598s ETA 5536s
2026-08-26 17:23:29,534 | INFO  | [3016/5212] sz.002179 中航光电 取到2425条 | 已用7598s ETA 5532s
2026-08-26 17:23:30,408 | INFO  | [3017/5212] sz.002180 奔图科技 取到2425条 | 已用7599s ETA 5528s
2026-08-26 17:23:30,408 | INFO  | [3018/5212] sz.002181 粤传媒 取到2425条 | 已用7599s ETA 5524s
2026-08-26 17:23:30,408 | INFO  | [3019/5212] sz.002182 宝武镁业 取到2425条 | 已用7599s ETA 5520s
2026-08-26 17:23:30,408 | INFO  | [3020/5212] sz.002183 怡亚通 取到2425条 | 已用7599s ETA 5515s
2026-08-26 17:23:30,409 | INFO  | [3021/5212] sz.002184 海得控制 取到2425条 | 已用7599s ETA 5511s
2026-08-26 17:23:30,409 | INFO  | [3022/5212] sz.002185 华天科技 取到2425条 | 已用7599s ETA 5507s
2026-08-26 17:23:30,409 | INFO  | [3023/5212] sz.002186 全聚德 取到2425条 | 已用7599s ETA 5502s
2026-08-26 17:23:30,409 | INFO  | [3024/5212] sz.002187 广百股份 取到2425条 | 已用7599s ETA 5498s
2026-08-26 17:23:45,996 | INFO  | [3025/5212] sz.002196 方正电机 取到2425条 | 已用7614s ETA 5505s
2026-08-26 17:23:45,996 | INFO  | [3026/5212] sz.002197 证通电子 取到2425条 | 已用7614s ETA 5501s
2026-08-26 17:23:45,996 | INFO  | [3027/5212] sz.002198 ST嘉应 取到2425条 | 已用7614s ETA 5496s
2026-08-26 17:23:45,996 | INFO  | [3028/5212] sz.002199 东晶电子 取到2425条 | 已用7614s ETA 5492s
2026-08-26 17:23:45,996 | INFO  | [3029/5212] sz.002200 交投生态 取到2425条 | 已用7614s ETA 5488s
2026-08-26 17:23:45,996 | INFO  | [3030/5212] sz.002201 九鼎新材 取到2425条 | 已用7614s ETA 5483s
2026-08-26 17:23:45,996 | INFO  | [3031/5212] sz.002202 金风科技 取到2425条 | 已用7614s ETA 5479s
2026-08-26 17:23:45,996 | INFO  | [3032/5212] sz.002203 海亮股份 取到2425条 | 已用7614s ETA 5475s
2026-08-26 17:24:01,569 | INFO  | [3033/5212] sz.002188 中天服务 取到2425条 | 已用7630s ETA 5481s
2026-08-26 17:24:01,569 | INFO  | [3034/5212] sz.002189 中光学 取到2425条 | 已用7630s ETA 5477s
2026-08-26 17:24:01,569 | INFO  | [3035/5212] sz.002190 成飞集成 取到2425条 | 已用7630s ETA 5473s
2026-08-26 17:24:01,569 | INFO  | [3036/5212] sz.002191 劲嘉股份 取到2425条 | 已用7630s ETA 5469s
2026-08-26 17:24:01,569 | INFO  | [3037/5212] sz.002192 融捷股份 取到2425条 | 已用7630s ETA 5464s
2026-08-26 17:24:01,569 | INFO  | [3038/5212] sz.002193 ST如意 取到2425条 | 已用7630s ETA 5460s
2026-08-26 17:24:01,569 | INFO  | [3039/5212] sz.002194 武汉凡谷 取到2425条 | 已用7630s ETA 5456s
2026-08-26 17:24:01,569 | INFO  | [3040/5212] sz.002195 岩山科技 取到2425条 | 已用7630s ETA 5451s
2026-08-26 17:24:07,497 | INFO  | [3041/5212] sz.002204 大连重工 取到2425条 | 已用7636s ETA 5451s
2026-08-26 17:24:07,497 | INFO  | [3042/5212] sz.002205 国统股份 取到2425条 | 已用7636s ETA 5447s
2026-08-26 17:24:07,497 | INFO  | [3043/5212] sz.002206 海利得 取到2425条 | 已用7636s ETA 5443s
2026-08-26 17:24:07,497 | INFO  | [3044/5212] sz.002207 *ST准油 取到2425条 | 已用7636s ETA 5438s
2026-08-26 17:24:07,497 | INFO  | [3045/5212] sz.002208 合肥城建 取到2425条 | 已用7636s ETA 5434s
2026-08-26 17:24:07,497 | INFO  | [3046/5212] sz.002209 达意隆 取到2425条 | 已用7636s ETA 5430s
2026-08-26 17:24:07,497 | INFO  | [3047/5212] sz.002210 飞马国际 取到2425条 | 已用7636s ETA 5425s
2026-08-26 17:24:07,497 | INFO  | [3048/5212] sz.002211 ST宏达 取到2425条 | 已用7636s ETA 5421s
2026-08-26 17:24:18,510 | INFO  | [3049/5212] sz.002212 天融信 取到2425条 | 已用7647s ETA 5425s
2026-08-26 17:24:18,510 | INFO  | [3050/5212] sz.002213 大为股份 取到2425条 | 已用7647s ETA 5420s
2026-08-26 17:24:18,510 | INFO  | [3051/5212] sz.002214 大立科技 取到2425条 | 已用7647s ETA 5416s
2026-08-26 17:24:18,510 | INFO  | [3052/5212] sz.002215 诺普信 取到2425条 | 已用7647s ETA 5412s
2026-08-26 17:24:18,510 | INFO  | [3053/5212] sz.002216 三全食品 取到2425条 | 已用7647s ETA 5408s
2026-08-26 17:24:18,510 | INFO  | [3054/5212] sz.002217 ST合力泰 取到2425条 | 已用7647s ETA 5403s
2026-08-26 17:24:18,510 | INFO  | [3055/5212] sz.002218 拓日新能 取到2425条 | 已用7647s ETA 5399s
2026-08-26 17:24:18,510 | INFO  | [3056/5212] sz.002219 新里程 取到2425条 | 已用7647s ETA 5395s
2026-08-26 17:24:28,770 | INFO  | [3057/5212] sz.002221 东华能源 取到2425条 | 已用7657s ETA 5398s
2026-08-26 17:24:28,770 | INFO  | [3058/5212] sz.002222 福晶科技 取到2425条 | 已用7657s ETA 5393s
2026-08-26 17:24:28,770 | INFO  | [3059/5212] sz.002223 鱼跃医疗 取到2425条 | 已用7657s ETA 5389s
2026-08-26 17:24:28,770 | INFO  | [3060/5212] sz.002224 三力士 取到2425条 | 已用7657s ETA 5385s
2026-08-26 17:24:28,770 | INFO  | [3061/5212] sz.002225 濮耐股份 取到2425条 | 已用7657s ETA 5381s
2026-08-26 17:24:28,770 | INFO  | [3062/5212] sz.002226 江南化工 取到2425条 | 已用7657s ETA 5376s
2026-08-26 17:24:28,770 | INFO  | [3063/5212] sz.002227 *ST特迅 取到2425条 | 已用7657s ETA 5372s
2026-08-26 17:24:28,770 | INFO  | [3064/5212] sz.002228 合兴包装 取到2425条 | 已用7657s ETA 5368s
2026-08-26 17:24:44,871 | INFO  | [3065/5212] sz.002229 鸿博股份 取到2425条 | 已用7673s ETA 5375s
2026-08-26 17:24:44,871 | INFO  | [3066/5212] sz.002230 科大讯飞 取到2425条 | 已用7673s ETA 5371s
2026-08-26 17:24:44,871 | INFO  | [3067/5212] sz.002232 启明信息 取到2425条 | 已用7673s ETA 5366s
2026-08-26 17:24:44,871 | INFO  | [3068/5212] sz.002233 塔牌集团 取到2425条 | 已用7673s ETA 5362s
2026-08-26 17:24:44,871 | INFO  | [3069/5212] sz.002234 民和股份 取到2425条 | 已用7673s ETA 5358s
2026-08-26 17:24:44,871 | INFO  | [3070/5212] sz.002235 安妮股份 取到2425条 | 已用7673s ETA 5354s
2026-08-26 17:24:44,871 | INFO  | [3071/5212] sz.002236 大华股份 取到2425条 | 已用7673s ETA 5349s
2026-08-26 17:24:44,871 | INFO  | [3072/5212] sz.002237 恒邦股份 取到2425条 | 已用7673s ETA 5345s
2026-08-26 17:24:48,888 | INFO  | [3073/5212] sz.002238 天威视讯 取到2425条 | 已用7677s ETA 5344s
2026-08-26 17:24:48,888 | INFO  | [3074/5212] sz.002239 奥特佳 取到2425条 | 已用7677s ETA 5340s
2026-08-26 17:24:48,888 | INFO  | [3075/5212] sz.002240 盛新锂能 取到2425条 | 已用7677s ETA 5335s
2026-08-26 17:24:48,888 | INFO  | [3076/5212] sz.002241 歌尔股份 取到2425条 | 已用7677s ETA 5331s
2026-08-26 17:24:48,888 | INFO  | [3077/5212] sz.002242 九阳股份 取到2425条 | 已用7677s ETA 5327s
2026-08-26 17:24:48,888 | INFO  | [3078/5212] sz.002243 力合科创 取到2425条 | 已用7677s ETA 5323s
2026-08-26 17:24:48,888 | INFO  | [3079/5212] sz.002244 滨江集团 取到2425条 | 已用7677s ETA 5318s
2026-08-26 17:24:48,888 | INFO  | [3080/5212] sz.002245 蔚蓝锂芯 取到2425条 | 已用7677s ETA 5314s
2026-08-26 17:25:09,351 | INFO  | [3081/5212] sz.002254 泰和新材 取到2425条 | 已用7698s ETA 5324s
2026-08-26 17:25:09,351 | INFO  | [3082/5212] sz.002255 海陆重工 取到2425条 | 已用7698s ETA 5320s
2026-08-26 17:25:09,351 | INFO  | [3083/5212] sz.002256 兆新股份 取到2425条 | 已用7698s ETA 5316s
2026-08-26 17:25:09,351 | INFO  | [3084/5212] sz.002258 利尔化学 取到2425条 | 已用7698s ETA 5311s
2026-08-26 17:25:09,351 | INFO  | [3085/5212] sz.002259 升达林业 取到2425条 | 已用7698s ETA 5307s
2026-08-26 17:25:09,351 | INFO  | [3086/5212] sz.002261 拓维信息 取到2425条 | 已用7698s ETA 5303s
2026-08-26 17:25:09,351 | INFO  | [3087/5212] sz.002262 恩华药业 取到2425条 | 已用7698s ETA 5299s
2026-08-26 17:25:09,351 | INFO  | [3088/5212] sz.002263 大东南 取到2425条 | 已用7698s ETA 5295s
2026-08-26 17:25:11,018 | INFO  | [3089/5212] sz.002246 北化股份 取到2425条 | 已用7699s ETA 5292s
2026-08-26 17:25:11,018 | INFO  | [3090/5212] sz.002247 聚力文化 取到2425条 | 已用7699s ETA 5287s
2026-08-26 17:25:11,018 | INFO  | [3091/5212] sz.002248 华东数控 取到2425条 | 已用7699s ETA 5283s
2026-08-26 17:25:11,018 | INFO  | [3092/5212] sz.002249 大洋电机 取到2425条 | 已用7699s ETA 5279s
2026-08-26 17:25:11,018 | INFO  | [3093/5212] sz.002250 联化科技 取到2425条 | 已用7699s ETA 5275s
2026-08-26 17:25:11,018 | INFO  | [3094/5212] sz.002251 步步高 取到2425条 | 已用7699s ETA 5271s
2026-08-26 17:25:11,018 | INFO  | [3095/5212] sz.002252 上海莱士 取到2425条 | 已用7699s ETA 5266s
2026-08-26 17:25:11,018 | INFO  | [3096/5212] sz.002253 川大智胜 取到2425条 | 已用7699s ETA 5262s
2026-08-26 17:25:26,524 | INFO  | [3097/5212] sz.002264 新华都 取到2425条 | 已用7715s ETA 5269s
2026-08-26 17:25:26,524 | INFO  | [3098/5212] sz.002265 建设工业 取到2425条 | 已用7715s ETA 5264s
2026-08-26 17:25:26,524 | INFO  | [3099/5212] sz.002266 浙富控股 取到2425条 | 已用7715s ETA 5260s
2026-08-26 17:25:26,524 | INFO  | [3100/5212] sz.002267 陕天然气 取到2425条 | 已用7715s ETA 5256s
2026-08-26 17:25:26,524 | INFO  | [3101/5212] sz.002268 电科网安 取到2425条 | 已用7715s ETA 5252s
2026-08-26 17:25:26,524 | INFO  | [3102/5212] sz.002269 美邦服饰 取到2425条 | 已用7715s ETA 5248s
2026-08-26 17:25:26,524 | INFO  | [3103/5212] sz.002270 华明装备 取到2425条 | 已用7715s ETA 5243s
2026-08-26 17:25:26,524 | INFO  | [3104/5212] sz.002271 东方雨虹 取到2425条 | 已用7715s ETA 5239s
2026-08-26 17:25:33,452 | INFO  | [3105/5212] sz.002272 川润股份 取到2425条 | 已用7722s ETA 5240s
2026-08-26 17:25:33,452 | INFO  | [3106/5212] sz.002273 水晶光电 取到2425条 | 已用7722s ETA 5236s
2026-08-26 17:25:33,452 | INFO  | [3107/5212] sz.002274 华昌化工 取到2425条 | 已用7722s ETA 5231s
2026-08-26 17:25:33,452 | INFO  | [3108/5212] sz.002275 桂林三金 取到2425条 | 已用7722s ETA 5227s
2026-08-26 17:25:33,452 | INFO  | [3109/5212] sz.002276 万马股份 取到2425条 | 已用7722s ETA 5223s
2026-08-26 17:25:33,452 | INFO  | [3110/5212] sz.002277 友阿股份 取到2425条 | 已用7722s ETA 5219s
2026-08-26 17:25:33,452 | INFO  | [3111/5212] sz.002278 神开股份 取到2425条 | 已用7722s ETA 5215s
2026-08-26 17:25:33,452 | INFO  | [3112/5212] sz.002279 久其软件 取到2425条 | 已用7722s ETA 5211s
2026-08-26 17:25:48,143 | INFO  | [3113/5212] sz.002281 光迅科技 取到2425条 | 已用7736s ETA 5216s
2026-08-26 17:25:48,143 | INFO  | [3114/5212] sz.002282 博深股份 取到2425条 | 已用7736s ETA 5212s
2026-08-26 17:25:48,143 | INFO  | [3115/5212] sz.002283 天润工业 取到2425条 | 已用7736s ETA 5208s
2026-08-26 17:25:48,143 | INFO  | [3116/5212] sz.002284 亚太股份 取到2425条 | 已用7736s ETA 5204s
2026-08-26 17:25:48,143 | INFO  | [3117/5212] sz.002285 世联行 取到2425条 | 已用7736s ETA 5200s
2026-08-26 17:25:48,143 | INFO  | [3118/5212] sz.002286 保龄宝 取到2425条 | 已用7736s ETA 5196s
2026-08-26 17:25:48,143 | INFO  | [3119/5212] sz.002287 奇正藏药 取到2425条 | 已用7736s ETA 5191s
2026-08-26 17:25:48,143 | INFO  | [3120/5212] sz.002289 宇顺电子 取到2425条 | 已用7736s ETA 5187s
2026-08-26 17:25:50,023 | INFO  | [3121/5212] sz.002290 禾盛新材 取到2425条 | 已用7738s ETA 5184s
2026-08-26 17:25:50,023 | INFO  | [3122/5212] sz.002291 遥望科技 取到2425条 | 已用7738s ETA 5180s
2026-08-26 17:25:50,023 | INFO  | [3123/5212] sz.002292 奥飞娱乐 取到2425条 | 已用7738s ETA 5176s
2026-08-26 17:25:50,023 | INFO  | [3124/5212] sz.002293 罗莱生活 取到2425条 | 已用7738s ETA 5172s
2026-08-26 17:25:50,023 | INFO  | [3125/5212] sz.002294 信立泰 取到2425条 | 已用7738s ETA 5168s
2026-08-26 17:25:50,023 | INFO  | [3126/5212] sz.002295 精艺股份 取到2425条 | 已用7738s ETA 5164s
2026-08-26 17:25:50,023 | INFO  | [3127/5212] sz.002296 辉煌科技 取到2425条 | 已用7738s ETA 5160s
2026-08-26 17:25:50,023 | INFO  | [3128/5212] sz.002297 博云新材 取到2425条 | 已用7738s ETA 5156s
2026-08-26 17:26:07,282 | INFO  | [3129/5212] sz.002298 中电鑫龙 取到2425条 | 已用7755s ETA 5163s
2026-08-26 17:26:07,283 | INFO  | [3130/5212] sz.002299 圣农发展 取到2425条 | 已用7755s ETA 5159s
2026-08-26 17:26:07,283 | INFO  | [3131/5212] sz.002300 太阳电缆 取到2425条 | 已用7755s ETA 5155s
2026-08-26 17:26:07,283 | INFO  | [3132/5212] sz.002301 齐心集团 取到2425条 | 已用7755s ETA 5151s
2026-08-26 17:26:07,283 | INFO  | [3133/5212] sz.002302 西部建设 取到2425条 | 已用7755s ETA 5146s
2026-08-26 17:26:07,283 | INFO  | [3134/5212] sz.002303 美盈森 取到2425条 | 已用7755s ETA 5142s
2026-08-26 17:26:07,283 | INFO  | [3135/5212] sz.002304 洋河股份 取到2425条 | 已用7755s ETA 5138s
2026-08-26 17:26:07,283 | INFO  | [3136/5212] sz.002305 *ST南置 取到2425条 | 已用7755s ETA 5134s
2026-08-26 17:26:13,738 | INFO  | [3137/5212] sz.002306 ST云网 取到2425条 | 已用7762s ETA 5134s
2026-08-26 17:26:13,740 | INFO  | [3138/5212] sz.002307 北新路桥 取到2425条 | 已用7762s ETA 5130s
2026-08-26 17:26:13,740 | INFO  | [3139/5212] sz.002309 中利集团 取到2425条 | 已用7762s ETA 5126s
2026-08-26 17:26:13,740 | INFO  | [3140/5212] sz.002310 东方新能 取到2425条 | 已用7762s ETA 5122s
2026-08-26 17:26:13,740 | INFO  | [3141/5212] sz.002311 海大集团 取到2425条 | 已用7762s ETA 5118s
2026-08-26 17:26:13,740 | INFO  | [3142/5212] sz.002312 川发龙蟒 取到2425条 | 已用7762s ETA 5114s
2026-08-26 17:26:13,740 | INFO  | [3143/5212] sz.002313 日海智能 取到2425条 | 已用7762s ETA 5110s
2026-08-26 17:26:13,740 | INFO  | [3144/5212] sz.002314 南山控股 取到2425条 | 已用7762s ETA 5106s
2026-08-26 17:26:34,132 | INFO  | [3145/5212] sz.002323 *ST雅博 取到2425条 | 已用7782s ETA 5115s
2026-08-26 17:26:34,132 | INFO  | [3146/5212] sz.002324 普利特 取到2425条 | 已用7782s ETA 5111s
2026-08-26 17:26:34,132 | INFO  | [3147/5212] sz.002326 永太科技 取到2425条 | 已用7782s ETA 5107s
2026-08-26 17:26:34,132 | INFO  | [3148/5212] sz.002327 富安娜 取到2425条 | 已用7782s ETA 5103s
2026-08-26 17:26:34,132 | INFO  | [3149/5212] sz.002328 新朋股份 取到2425条 | 已用7782s ETA 5098s
2026-08-26 17:26:34,132 | INFO  | [3150/5212] sz.002329 皇氏集团 取到2425条 | 已用7782s ETA 5094s
2026-08-26 17:26:34,132 | INFO  | [3151/5212] sz.002330 得利斯 取到2425条 | 已用7782s ETA 5090s
2026-08-26 17:26:34,132 | INFO  | [3152/5212] sz.002331 皖通科技 取到2425条 | 已用7782s ETA 5086s
2026-08-26 17:26:36,627 | INFO  | [3153/5212] sz.002315 焦点科技 取到2425条 | 已用7785s ETA 5084s
2026-08-26 17:26:36,627 | INFO  | [3154/5212] sz.002316 亚联发展 取到2425条 | 已用7785s ETA 5080s
2026-08-26 17:26:36,627 | INFO  | [3155/5212] sz.002317 众生药业 取到2425条 | 已用7785s ETA 5076s
2026-08-26 17:26:36,627 | INFO  | [3156/5212] sz.002318 久立特材 取到2425条 | 已用7785s ETA 5071s
2026-08-26 17:26:36,627 | INFO  | [3157/5212] sz.002319 乐通股份 取到2425条 | 已用7785s ETA 5067s
2026-08-26 17:26:36,627 | INFO  | [3158/5212] sz.002320 海峡股份 取到2425条 | 已用7785s ETA 5063s
2026-08-26 17:26:36,627 | INFO  | [3159/5212] sz.002321 华英农业 取到2425条 | 已用7785s ETA 5059s
2026-08-26 17:26:36,627 | INFO  | [3160/5212] sz.002322 理工能科 取到2425条 | 已用7785s ETA 5055s
2026-08-26 17:26:45,733 | INFO  | [3161/5212] sz.002332 仙琚制药 取到2425条 | 已用7794s ETA 5057s
2026-08-26 17:26:45,733 | INFO  | [3162/5212] sz.002333 罗普斯金 取到2425条 | 已用7794s ETA 5053s
2026-08-26 17:26:45,733 | INFO  | [3163/5212] sz.002334 英威腾 取到2425条 | 已用7794s ETA 5049s
2026-08-26 17:26:45,733 | INFO  | [3164/5212] sz.002335 科华数据 取到2425条 | 已用7794s ETA 5045s
2026-08-26 17:26:45,733 | INFO  | [3165/5212] sz.002337 赛象科技 取到2425条 | 已用7794s ETA 5041s
2026-08-26 17:26:45,733 | INFO  | [3166/5212] sz.002338 奥普光电 取到2425条 | 已用7794s ETA 5037s
2026-08-26 17:26:45,733 | INFO  | [3167/5212] sz.002339 积成电子 取到2425条 | 已用7794s ETA 5033s
2026-08-26 17:26:45,733 | INFO  | [3168/5212] sz.002340 格林美 取到2425条 | 已用7794s ETA 5029s
2026-08-26 17:26:57,286 | INFO  | [3169/5212] sz.002342 巨力索具 取到2425条 | 已用7806s ETA 5032s
2026-08-26 17:26:57,286 | INFO  | [3170/5212] sz.002343 慈文传媒 取到2425条 | 已用7806s ETA 5028s
2026-08-26 17:26:57,286 | INFO  | [3171/5212] sz.002344 海宁皮城 取到2425条 | 已用7806s ETA 5024s
2026-08-26 17:26:57,286 | INFO  | [3172/5212] sz.002345 潮宏基 取到2425条 | 已用7806s ETA 5020s
2026-08-26 17:26:57,286 | INFO  | [3173/5212] sz.002346 柘中股份 取到2425条 | 已用7806s ETA 5016s
2026-08-26 17:26:57,286 | INFO  | [3174/5212] sz.002347 泰尔股份 取到2425条 | 已用7806s ETA 5012s
2026-08-26 17:26:57,286 | INFO  | [3175/5212] sz.002348 高乐股份 取到2425条 | 已用7806s ETA 5008s
2026-08-26 17:26:57,286 | INFO  | [3176/5212] sz.002349 精华制药 取到2425条 | 已用7806s ETA 5004s
2026-08-26 17:27:05,070 | INFO  | [3177/5212] sz.002350 北京科锐 取到2425条 | 已用7813s ETA 5005s
2026-08-26 17:27:05,070 | INFO  | [3178/5212] sz.002351 漫步者 取到2425条 | 已用7813s ETA 5001s
2026-08-26 17:27:05,070 | INFO  | [3179/5212] sz.002352 顺丰控股 取到2425条 | 已用7813s ETA 4997s
2026-08-26 17:27:05,070 | INFO  | [3180/5212] sz.002353 杰瑞股份 取到2425条 | 已用7813s ETA 4993s
2026-08-26 17:27:05,070 | INFO  | [3181/5212] sz.002354 天娱数科 取到2425条 | 已用7813s ETA 4989s
2026-08-26 17:27:05,070 | INFO  | [3182/5212] sz.002355 兴民智通 取到2425条 | 已用7813s ETA 4985s
2026-08-26 17:27:05,070 | INFO  | [3183/5212] sz.002356 鹏飞绿能 取到2425条 | 已用7813s ETA 4981s
2026-08-26 17:27:05,070 | INFO  | [3184/5212] sz.002357 富临运业 取到2425条 | 已用7813s ETA 4977s
2026-08-26 17:27:10,716 | INFO  | [3185/5212] sz.002358 森源电气 取到2425条 | 已用7819s ETA 4976s
2026-08-26 17:27:10,716 | INFO  | [3186/5212] sz.002360 ST同德 取到2425条 | 已用7819s ETA 4972s
2026-08-26 17:27:10,716 | INFO  | [3187/5212] sz.002361 神剑股份 取到2425条 | 已用7819s ETA 4968s
2026-08-26 17:27:10,716 | INFO  | [3188/5212] sz.002362 汉王科技 取到2425条 | 已用7819s ETA 4964s
2026-08-26 17:27:10,716 | INFO  | [3189/5212] sz.002363 隆基机械 取到2425条 | 已用7819s ETA 4960s
2026-08-26 17:27:10,716 | INFO  | [3190/5212] sz.002364 中恒电气 取到2425条 | 已用7819s ETA 4956s
2026-08-26 17:27:10,716 | INFO  | [3191/5212] sz.002365 永安药业 取到2425条 | 已用7819s ETA 4952s
2026-08-26 17:27:10,716 | INFO  | [3192/5212] sz.002366 融发核电 取到2425条 | 已用7819s ETA 4948s
2026-08-26 17:27:25,042 | INFO  | [3193/5212] sz.002375 亚厦股份 取到2425条 | 已用7833s ETA 4953s
2026-08-26 17:27:25,042 | INFO  | [3194/5212] sz.002376 新北洋 取到2425条 | 已用7833s ETA 4949s
2026-08-26 17:27:25,042 | INFO  | [3195/5212] sz.002377 国创高新 取到2425条 | 已用7833s ETA 4945s
2026-08-26 17:27:25,042 | INFO  | [3196/5212] sz.002378 章源钨业 取到2425条 | 已用7833s ETA 4941s
2026-08-26 17:27:25,042 | INFO  | [3197/5212] sz.002379 宏桥控股 取到2425条 | 已用7833s ETA 4937s
2026-08-26 17:27:25,042 | INFO  | [3198/5212] sz.002380 科远智慧 取到2425条 | 已用7833s ETA 4933s
2026-08-26 17:27:25,042 | INFO  | [3199/5212] sz.002381 双箭股份 取到2425条 | 已用7833s ETA 4929s
2026-08-26 17:27:25,042 | INFO  | [3200/5212] sz.002382 蓝帆医疗 取到2425条 | 已用7833s ETA 4925s
2026-08-26 17:27:26,295 | INFO  | [3201/5212] sz.002367 康力电梯 取到2425条 | 已用7835s ETA 4922s
2026-08-26 17:27:26,295 | INFO  | [3202/5212] sz.002368 太极股份 取到2425条 | 已用7835s ETA 4918s
2026-08-26 17:27:26,295 | INFO  | [3203/5212] sz.002369 卓翼科技 取到2425条 | 已用7835s ETA 4914s
2026-08-26 17:27:26,295 | INFO  | [3204/5212] sz.002370 亚太药业 取到2425条 | 已用7835s ETA 4910s
2026-08-26 17:27:26,295 | INFO  | [3205/5212] sz.002371 北方华创 取到2425条 | 已用7835s ETA 4906s
2026-08-26 17:27:26,295 | INFO  | [3206/5212] sz.002372 伟星新材 取到2425条 | 已用7835s ETA 4902s
2026-08-26 17:27:26,295 | INFO  | [3207/5212] sz.002373 千方科技 取到2425条 | 已用7835s ETA 4898s
2026-08-26 17:27:26,295 | INFO  | [3208/5212] sz.002374 中锐股份 取到2425条 | 已用7835s ETA 4894s
2026-08-26 17:27:44,022 | INFO  | [3209/5212] sz.002383 合众思壮 取到2425条 | 已用7852s ETA 4901s
2026-08-26 17:27:44,022 | INFO  | [3210/5212] sz.002384 东山精密 取到2425条 | 已用7852s ETA 4897s
2026-08-26 17:27:44,022 | INFO  | [3211/5212] sz.002385 大北农 取到2425条 | 已用7852s ETA 4893s
2026-08-26 17:27:44,022 | INFO  | [3212/5212] sz.002386 天原股份 取到2425条 | 已用7852s ETA 4889s
2026-08-26 17:27:44,022 | INFO  | [3213/5212] sz.002387 维信诺 取到2425条 | 已用7852s ETA 4885s
2026-08-26 17:27:44,022 | INFO  | [3214/5212] sz.002388 新亚制程 取到2425条 | 已用7852s ETA 4881s
2026-08-26 17:27:44,022 | INFO  | [3215/5212] sz.002389 航天彩虹 取到2425条 | 已用7852s ETA 4877s
2026-08-26 17:27:44,022 | INFO  | [3216/5212] sz.002390 信邦制药 取到2425条 | 已用7852s ETA 4873s
2026-08-26 17:27:46,889 | INFO  | [3217/5212] sz.002391 长青股份 取到2425条 | 已用7855s ETA 4871s
2026-08-26 17:27:46,889 | INFO  | [3218/5212] sz.002392 北京利尔 取到2425条 | 已用7855s ETA 4867s
2026-08-26 17:27:46,889 | INFO  | [3219/5212] sz.002393 力生制药 取到2425条 | 已用7855s ETA 4863s
2026-08-26 17:27:46,889 | INFO  | [3220/5212] sz.002394 联发股份 取到2425条 | 已用7855s ETA 4859s
2026-08-26 17:27:46,889 | INFO  | [3221/5212] sz.002395 双象股份 取到2425条 | 已用7855s ETA 4855s
2026-08-26 17:27:46,889 | INFO  | [3222/5212] sz.002396 星网锐捷 取到2425条 | 已用7855s ETA 4852s
2026-08-26 17:27:46,889 | INFO  | [3223/5212] sz.002397 梦洁股份 取到2425条 | 已用7855s ETA 4848s
2026-08-26 17:27:46,889 | INFO  | [3224/5212] sz.002398 垒知集团 取到2425条 | 已用7855s ETA 4844s
2026-08-26 17:28:08,901 | INFO  | [3225/5212] sz.002399 海普瑞 取到2425条 | 已用7877s ETA 4853s
2026-08-26 17:28:08,901 | INFO  | [3226/5212] sz.002400 省广集团 取到2425条 | 已用7877s ETA 4849s
2026-08-26 17:28:08,901 | INFO  | [3227/5212] sz.002401 中远海科 取到2425条 | 已用7877s ETA 4845s
2026-08-26 17:28:08,901 | INFO  | [3228/5212] sz.002402 和而泰 取到2425条 | 已用7877s ETA 4841s
2026-08-26 17:28:08,901 | INFO  | [3229/5212] sz.002403 爱仕达 取到2425条 | 已用7877s ETA 4838s
2026-08-26 17:28:08,901 | INFO  | [3230/5212] sz.002404 嘉欣丝绸 取到2425条 | 已用7877s ETA 4834s
2026-08-26 17:28:08,901 | INFO  | [3231/5212] sz.002405 四维图新 取到2425条 | 已用7877s ETA 4830s
2026-08-26 17:28:08,901 | INFO  | [3232/5212] sz.002406 远东传动 取到2425条 | 已用7877s ETA 4826s
2026-08-26 17:28:14,221 | INFO  | [3233/5212] sz.002407 多氟多 取到2425条 | 已用7882s ETA 4825s
2026-08-26 17:28:14,221 | INFO  | [3234/5212] sz.002408 齐翔腾达 取到2425条 | 已用7882s ETA 4821s
2026-08-26 17:28:14,221 | INFO  | [3235/5212] sz.002409 雅克科技 取到2425条 | 已用7882s ETA 4817s
2026-08-26 17:28:14,221 | INFO  | [3236/5212] sz.002410 广联达 取到2425条 | 已用7882s ETA 4813s
2026-08-26 17:28:14,221 | INFO  | [3237/5212] sz.002412 汉森制药 取到2425条 | 已用7882s ETA 4809s
2026-08-26 17:28:14,221 | INFO  | [3238/5212] sz.002413 雷科防务 取到2425条 | 已用7882s ETA 4805s
2026-08-26 17:28:14,221 | INFO  | [3239/5212] sz.002414 高德红外 取到2425条 | 已用7882s ETA 4801s
2026-08-26 17:28:14,221 | INFO  | [3240/5212] sz.002415 海康威视 取到2425条 | 已用7882s ETA 4798s
2026-08-26 17:28:35,777 | INFO  | [3241/5212] sz.002416 爱施德 取到2425条 | 已用7904s ETA 4807s
2026-08-26 17:28:35,777 | INFO  | [3242/5212] sz.002418 康盛股份 取到2425条 | 已用7904s ETA 4803s
2026-08-26 17:28:35,777 | INFO  | [3243/5212] sz.002419 天虹股份 取到2425条 | 已用7904s ETA 4799s
2026-08-26 17:28:35,777 | INFO  | [3244/5212] sz.002420 毅昌科技 取到2425条 | 已用7904s ETA 4795s
2026-08-26 17:28:35,777 | INFO  | [3245/5212] sz.002421 达实智能 取到2425条 | 已用7904s ETA 4791s
2026-08-26 17:28:35,777 | INFO  | [3246/5212] sz.002422 科伦药业 取到2425条 | 已用7904s ETA 4787s
2026-08-26 17:28:35,777 | INFO  | [3247/5212] sz.002423 中粮资本 取到2425条 | 已用7904s ETA 4783s
2026-08-26 17:28:35,777 | INFO  | [3248/5212] sz.002424 ST百灵 取到2425条 | 已用7904s ETA 4779s
2026-08-26 17:28:52,042 | INFO  | [3249/5212] sz.002425 凯撒文化 取到2425条 | 已用7920s ETA 4785s
2026-08-26 17:28:52,042 | INFO  | [3250/5212] sz.002426 胜利精密 取到2425条 | 已用7920s ETA 4781s
2026-08-26 17:28:52,042 | INFO  | [3251/5212] sz.002427 尤夫股份 取到2425条 | 已用7920s ETA 4777s
2026-08-26 17:28:52,042 | INFO  | [3252/5212] sz.002428 云南锗业 取到2425条 | 已用7920s ETA 4774s
2026-08-26 17:28:52,042 | INFO  | [3253/5212] sz.002429 兆驰股份 取到2425条 | 已用7920s ETA 4770s
2026-08-26 17:28:52,042 | INFO  | [3254/5212] sz.002430 杭氧股份 取到2425条 | 已用7920s ETA 4766s
2026-08-26 17:28:52,042 | INFO  | [3255/5212] sz.002431 ST棕榈 取到2425条 | 已用7920s ETA 4762s
2026-08-26 17:28:52,042 | INFO  | [3256/5212] sz.002432 九安医疗 取到2425条 | 已用7920s ETA 4758s
2026-08-26 17:29:01,322 | INFO  | [3257/5212] sz.002434 万里扬 取到2425条 | 已用7930s ETA 4760s
2026-08-26 17:29:01,324 | INFO  | [3258/5212] sz.002436 兴森科技 取到2425条 | 已用7930s ETA 4756s
2026-08-26 17:29:01,324 | INFO  | [3259/5212] sz.002437 誉衡药业 取到2425条 | 已用7930s ETA 4752s
2026-08-26 17:29:01,324 | INFO  | [3260/5212] sz.002438 江苏神通 取到2425条 | 已用7930s ETA 4748s
2026-08-26 17:29:01,324 | INFO  | [3261/5212] sz.002439 启明星辰 取到2425条 | 已用7930s ETA 4744s
2026-08-26 17:29:01,324 | INFO  | [3262/5212] sz.002440 闰土股份 取到2425条 | 已用7930s ETA 4740s
2026-08-26 17:29:01,324 | INFO  | [3263/5212] sz.002441 众业达 取到2425条 | 已用7930s ETA 4736s
2026-08-26 17:29:01,324 | INFO  | [3264/5212] sz.002442 龙星科技 取到2425条 | 已用7930s ETA 4732s
2026-08-26 17:29:24,586 | INFO  | [3265/5212] sz.002443 金洲管道 取到2425条 | 已用7953s ETA 4742s
2026-08-26 17:29:24,586 | INFO  | [3266/5212] sz.002444 巨星科技 取到2425条 | 已用7953s ETA 4739s
2026-08-26 17:29:24,586 | INFO  | [3267/5212] sz.002445 中南文化 取到2425条 | 已用7953s ETA 4735s
2026-08-26 17:29:24,586 | INFO  | [3268/5212] sz.002446 盛路通信 取到2425条 | 已用7953s ETA 4731s
2026-08-26 17:29:24,586 | INFO  | [3269/5212] sz.002448 中原内配 取到2425条 | 已用7953s ETA 4727s
2026-08-26 17:29:24,586 | INFO  | [3270/5212] sz.002449 国星光电 取到2425条 | 已用7953s ETA 4723s
2026-08-26 17:29:24,586 | INFO  | [3271/5212] sz.002451 摩恩电气 取到2425条 | 已用7953s ETA 4719s
2026-08-26 17:29:24,586 | INFO  | [3272/5212] sz.002452 长高电气 取到2425条 | 已用7953s ETA 4715s
2026-08-26 17:29:29,770 | INFO  | [3273/5212] sz.002453 华软科技 取到2425条 | 已用7958s ETA 4714s
2026-08-26 17:29:29,770 | INFO  | [3274/5212] sz.002454 松芝股份 取到2425条 | 已用7958s ETA 4711s
2026-08-26 17:29:29,770 | INFO  | [3275/5212] sz.002455 百川股份 取到2425条 | 已用7958s ETA 4707s
2026-08-26 17:29:29,770 | INFO  | [3276/5212] sz.002456 欧菲光 取到2425条 | 已用7958s ETA 4703s
2026-08-26 17:29:29,770 | INFO  | [3277/5212] sz.002457 青龙管业 取到2425条 | 已用7958s ETA 4699s
2026-08-26 17:29:29,770 | INFO  | [3278/5212] sz.002458 益生股份 取到2425条 | 已用7958s ETA 4695s
2026-08-26 17:29:29,770 | INFO  | [3279/5212] sz.002459 晶澳科技 取到2425条 | 已用7958s ETA 4691s
2026-08-26 17:29:29,770 | INFO  | [3280/5212] sz.002460 赣锋锂业 取到2425条 | 已用7958s ETA 4687s
2026-08-26 17:29:55,896 | INFO  | [3281/5212] sz.002461 珠江啤酒 取到2425条 | 已用7984s ETA 4699s
2026-08-26 17:29:55,896 | INFO  | [3282/5212] sz.002462 嘉事堂 取到2425条 | 已用7984s ETA 4695s
2026-08-26 17:29:55,896 | INFO  | [3283/5212] sz.002463 沪电股份 取到2425条 | 已用7984s ETA 4691s
2026-08-26 17:29:55,896 | INFO  | [3284/5212] sz.002465 海格通信 取到2425条 | 已用7984s ETA 4687s
2026-08-26 17:29:55,896 | INFO  | [3285/5212] sz.002466 天齐锂业 取到2425条 | 已用7984s ETA 4684s
2026-08-26 17:29:55,896 | INFO  | [3286/5212] sz.002467 二六三 取到2425条 | 已用7984s ETA 4680s
2026-08-26 17:29:55,896 | INFO  | [3287/5212] sz.002468 申通快递 取到2425条 | 已用7984s ETA 4676s
2026-08-26 17:29:55,896 | INFO  | [3288/5212] sz.002469 三维化学 取到2425条 | 已用7984s ETA 4672s
2026-08-26 17:29:55,977 | INFO  | [3289/5212] sz.002470 金正大 取到2425条 | 已用7984s ETA 4668s
2026-08-26 17:29:55,977 | INFO  | [3290/5212] sz.002471 中超控股 取到2425条 | 已用7984s ETA 4664s
2026-08-26 17:29:55,977 | INFO  | [3291/5212] sz.002472 双环传动 取到2425条 | 已用7984s ETA 4660s
2026-08-26 17:29:55,977 | INFO  | [3292/5212] sz.002474 榕基软件 取到2425条 | 已用7984s ETA 4657s
2026-08-26 17:29:55,977 | INFO  | [3293/5212] sz.002475 立讯精密 取到2425条 | 已用7984s ETA 4653s
2026-08-26 17:29:55,977 | INFO  | [3294/5212] sz.002476 新叶股份 取到2425条 | 已用7984s ETA 4649s
2026-08-26 17:29:55,977 | INFO  | [3295/5212] sz.002478 常宝股份 取到2425条 | 已用7984s ETA 4645s
2026-08-26 17:29:55,977 | INFO  | [3296/5212] sz.002479 富春环保 取到2425条 | 已用7984s ETA 4641s
2026-08-26 17:31:13,753 | INFO  | [3297/5212] sz.002488 金固股份 取到2425条 | 已用8062s ETA 4683s
2026-08-26 17:31:13,753 | INFO  | [3298/5212] sz.002489 浙江永强 取到2425条 | 已用8062s ETA 4679s
2026-08-26 17:31:13,753 | INFO  | [3299/5212] sz.002490 山东墨龙 取到2425条 | 已用8062s ETA 4675s
2026-08-26 17:31:13,753 | INFO  | [3300/5212] sz.002491 通鼎互联 取到2425条 | 已用8062s ETA 4671s
2026-08-26 17:31:13,753 | INFO  | [3301/5212] sz.002492 恒基达鑫 取到2425条 | 已用8062s ETA 4667s
2026-08-26 17:31:13,753 | INFO  | [3302/5212] sz.002493 荣盛石化 取到2425条 | 已用8062s ETA 4663s
2026-08-26 17:31:13,753 | INFO  | [3303/5212] sz.002494 华斯股份 取到2425条 | 已用8062s ETA 4659s
2026-08-26 17:31:13,753 | INFO  | [3304/5212] sz.002495 佳隆股份 取到2425条 | 已用8062s ETA 4656s
2026-08-26 17:31:41,240 | INFO  | [3305/5212] sz.002480 新筑股份 取到2425条 | 已用8089s ETA 4668s
2026-08-26 17:31:41,240 | INFO  | [3306/5212] sz.002481 双塔食品 取到2425条 | 已用8089s ETA 4664s
2026-08-26 17:31:41,241 | INFO  | [3307/5212] sz.002482 广田集团 取到2425条 | 已用8089s ETA 4660s
2026-08-26 17:31:41,241 | INFO  | [3308/5212] sz.002483 润邦股份 取到2425条 | 已用8089s ETA 4656s
2026-08-26 17:31:41,241 | INFO  | [3309/5212] sz.002484 江海股份 取到2425条 | 已用8089s ETA 4652s
2026-08-26 17:31:41,241 | INFO  | [3310/5212] sz.002485 ST雪发 取到2425条 | 已用8089s ETA 4648s
2026-08-26 17:31:41,241 | INFO  | [3311/5212] sz.002486 嘉麟杰 取到2425条 | 已用8089s ETA 4645s
2026-08-26 17:31:41,241 | INFO  | [3312/5212] sz.002487 大金重工 取到2425条 | 已用8089s ETA 4641s
2026-08-26 17:31:58,464 | INFO  | [3313/5212] sz.002496 辉丰股份 取到2425条 | 已用8107s ETA 4647s
2026-08-26 17:31:58,465 | INFO  | [3314/5212] sz.002497 雅化集团 取到2425条 | 已用8107s ETA 4643s
2026-08-26 17:31:58,465 | INFO  | [3315/5212] sz.002498 汉缆股份 取到2425条 | 已用8107s ETA 4639s
2026-08-26 17:31:58,465 | INFO  | [3316/5212] sz.002500 山西证券 取到2425条 | 已用8107s ETA 4635s
2026-08-26 17:31:58,465 | INFO  | [3317/5212] sz.002501 *ST利源 取到2425条 | 已用8107s ETA 4631s
2026-08-26 17:31:58,465 | INFO  | [3318/5212] sz.002506 协鑫集成 取到2425条 | 已用8107s ETA 4628s
2026-08-26 17:31:58,465 | INFO  | [3319/5212] sz.002507 涪陵榨菜 取到2425条 | 已用8107s ETA 4624s
2026-08-26 17:31:58,465 | INFO  | [3320/5212] sz.002508 老板电器 取到2425条 | 已用8107s ETA 4620s
2026-08-26 17:32:44,341 | INFO  | [3321/5212] sz.002518 科士达 取到2425条 | 已用8153s ETA 4642s
2026-08-26 17:32:44,341 | INFO  | [3322/5212] sz.002519 银河电子 取到2425条 | 已用8153s ETA 4638s
2026-08-26 17:32:44,341 | INFO  | [3323/5212] sz.002520 日发精机 取到2425条 | 已用8153s ETA 4634s
2026-08-26 17:32:44,341 | INFO  | [3324/5212] sz.002521 齐峰新材 取到2425条 | 已用8153s ETA 4631s
2026-08-26 17:32:44,341 | INFO  | [3325/5212] sz.002522 浙江众成 取到2425条 | 已用8153s ETA 4627s
2026-08-26 17:32:44,341 | INFO  | [3326/5212] sz.002523 天桥起重 取到2425条 | 已用8153s ETA 4623s
2026-08-26 17:32:44,341 | INFO  | [3327/5212] sz.002524 光正眼科 取到2425条 | 已用8153s ETA 4619s
2026-08-26 17:32:44,341 | INFO  | [3328/5212] sz.002526 山东矿机 取到2425条 | 已用8153s ETA 4615s
2026-08-26 17:32:56,112 | INFO  | [3329/5212] sz.002510 天汽模 取到2425条 | 已用8164s ETA 4618s
2026-08-26 17:32:56,112 | INFO  | [3330/5212] sz.002511 中顺洁柔 取到2425条 | 已用8164s ETA 4614s
2026-08-26 17:32:56,112 | INFO  | [3331/5212] sz.002512 ST达华 取到2425条 | 已用8164s ETA 4610s
2026-08-26 17:32:56,112 | INFO  | [3332/5212] sz.002513 蓝丰生化 取到2425条 | 已用8164s ETA 4607s
2026-08-26 17:32:56,112 | INFO  | [3333/5212] sz.002514 *ST宝馨 取到2425条 | 已用8164s ETA 4603s
2026-08-26 17:32:56,112 | INFO  | [3334/5212] sz.002515 金字火腿 取到2425条 | 已用8164s ETA 4599s
2026-08-26 17:32:56,112 | INFO  | [3335/5212] sz.002516 旷达科技 取到2425条 | 已用8164s ETA 4595s
2026-08-26 17:32:56,112 | INFO  | [3336/5212] sz.002517 恺英网络 取到2425条 | 已用8164s ETA 4591s
2026-08-26 17:33:44,062 | INFO  | [3337/5212] sz.002527 新时达 取到2425条 | 已用8212s ETA 4614s
2026-08-26 17:33:44,063 | INFO  | [3338/5212] sz.002528 *ST英飞 取到2425条 | 已用8212s ETA 4610s
2026-08-26 17:33:44,063 | INFO  | [3339/5212] sz.002529 海源复材 取到2425条 | 已用8212s ETA 4607s
2026-08-26 17:33:44,063 | INFO  | [3340/5212] sz.002530 金财互联 取到2425条 | 已用8212s ETA 4603s
2026-08-26 17:33:44,063 | INFO  | [3341/5212] sz.002531 天顺风能 取到2425条 | 已用8212s ETA 4599s
2026-08-26 17:33:44,063 | INFO  | [3342/5212] sz.002532 天山铝业 取到2425条 | 已用8212s ETA 4595s
2026-08-26 17:33:44,063 | INFO  | [3343/5212] sz.002533 金杯电工 取到2425条 | 已用8212s ETA 4591s
2026-08-26 17:33:44,063 | INFO  | [3344/5212] sz.002534 西子洁能 取到2425条 | 已用8212s ETA 4587s
2026-08-26 17:34:06,981 | INFO  | [3345/5212] sz.002535 林州重机 取到2425条 | 已用8235s ETA 4596s
2026-08-26 17:34:06,981 | INFO  | [3346/5212] sz.002536 飞龙股份 取到2425条 | 已用8235s ETA 4593s
2026-08-26 17:34:06,981 | INFO  | [3347/5212] sz.002537 海联金汇 取到2425条 | 已用8235s ETA 4589s
2026-08-26 17:34:06,981 | INFO  | [3348/5212] sz.002538 ST司特 取到2425条 | 已用8235s ETA 4585s
2026-08-26 17:34:06,981 | INFO  | [3349/5212] sz.002539 云图控股 取到2425条 | 已用8235s ETA 4581s
2026-08-26 17:34:06,981 | INFO  | [3350/5212] sz.002540 亚太科技 取到2425条 | 已用8235s ETA 4577s
2026-08-26 17:34:06,981 | INFO  | [3351/5212] sz.002541 鸿路钢构 取到2425条 | 已用8235s ETA 4573s
2026-08-26 17:34:06,981 | INFO  | [3352/5212] sz.002542 *ST中岩 取到2425条 | 已用8235s ETA 4570s
2026-08-26 17:34:26,705 | INFO  | [3353/5212] sz.002543 万和电气 取到2425条 | 已用8255s ETA 4577s
2026-08-26 17:34:26,705 | INFO  | [3354/5212] sz.002544 普天科技 取到2425条 | 已用8255s ETA 4573s
2026-08-26 17:34:26,705 | INFO  | [3355/5212] sz.002545 东方铁塔 取到2425条 | 已用8255s ETA 4569s
2026-08-26 17:34:26,705 | INFO  | [3356/5212] sz.002546 新联电子 取到2425条 | 已用8255s ETA 4565s
2026-08-26 17:34:26,705 | INFO  | [3357/5212] sz.002547 *ST春兴 取到2425条 | 已用8255s ETA 4561s
2026-08-26 17:34:26,705 | INFO  | [3358/5212] sz.002548 金新农 取到2425条 | 已用8255s ETA 4558s
2026-08-26 17:34:26,705 | INFO  | [3359/5212] sz.002549 凯美特气 取到2425条 | 已用8255s ETA 4554s
2026-08-26 17:34:26,705 | INFO  | [3360/5212] sz.002550 千红制药 取到2425条 | 已用8255s ETA 4550s
2026-08-26 17:35:06,188 | INFO  | [3361/5212] sz.002551 尚荣医疗 取到2425条 | 已用8294s ETA 4568s
2026-08-26 17:35:06,188 | INFO  | [3362/5212] sz.002552 宝鼎科技 取到2425条 | 已用8294s ETA 4564s
2026-08-26 17:35:06,188 | INFO  | [3363/5212] sz.002553 南方精工 取到2425条 | 已用8294s ETA 4560s
2026-08-26 17:35:06,188 | INFO  | [3364/5212] sz.002554 惠博普 取到2425条 | 已用8294s ETA 4556s
2026-08-26 17:35:06,188 | INFO  | [3365/5212] sz.002555 三七互娱 取到2425条 | 已用8294s ETA 4553s
2026-08-26 17:35:06,188 | INFO  | [3366/5212] sz.002556 辉隆股份 取到2425条 | 已用8294s ETA 4549s
2026-08-26 17:35:06,188 | INFO  | [3367/5212] sz.002557 洽洽食品 取到2425条 | 已用8294s ETA 4545s
2026-08-26 17:35:06,188 | INFO  | [3368/5212] sz.002558 巨人网络 取到2425条 | 已用8294s ETA 4541s
2026-08-26 17:35:10,887 | INFO  | [3369/5212] sz.002559 亚威股份 取到2425条 | 已用8299s ETA 4540s
2026-08-26 17:35:10,887 | INFO  | [3370/5212] sz.002560 通达股份 取到2425条 | 已用8299s ETA 4536s
2026-08-26 17:35:10,888 | INFO  | [3371/5212] sz.002561 徐家汇 取到2425条 | 已用8299s ETA 4532s
2026-08-26 17:35:10,888 | INFO  | [3372/5212] sz.002562 兄弟科技 取到2425条 | 已用8299s ETA 4529s
2026-08-26 17:35:10,888 | INFO  | [3373/5212] sz.002563 森马服饰 取到2425条 | 已用8299s ETA 4525s
2026-08-26 17:35:10,888 | INFO  | [3374/5212] sz.002564 天沃科技 取到2425条 | 已用8299s ETA 4521s
2026-08-26 17:35:10,888 | INFO  | [3375/5212] sz.002565 顺灏股份 取到2425条 | 已用8299s ETA 4517s
2026-08-26 17:35:10,888 | INFO  | [3376/5212] sz.002566 益盛药业 取到2425条 | 已用8299s ETA 4513s
2026-08-26 17:35:48,957 | INFO  | [3377/5212] sz.002575 群兴玩具 取到2425条 | 已用8337s ETA 4530s
2026-08-26 17:35:48,957 | INFO  | [3378/5212] sz.002576 通达动力 取到2425条 | 已用8337s ETA 4526s
2026-08-26 17:35:48,957 | INFO  | [3379/5212] sz.002577 雷柏科技 取到2425条 | 已用8337s ETA 4523s
2026-08-26 17:35:48,957 | INFO  | [3380/5212] sz.002578 闽发铝业 取到2425条 | 已用8337s ETA 4519s
2026-08-26 17:35:48,957 | INFO  | [3381/5212] sz.002579 中京电子 取到2425条 | 已用8337s ETA 4515s
2026-08-26 17:35:48,957 | INFO  | [3382/5212] sz.002580 圣阳股份 取到2425条 | 已用8337s ETA 4511s
2026-08-26 17:35:48,957 | INFO  | [3383/5212] sz.002581 *ST未名 取到2425条 | 已用8337s ETA 4507s
2026-08-26 17:35:48,957 | INFO  | [3384/5212] sz.002582 好想你 取到2425条 | 已用8337s ETA 4504s
2026-08-26 17:36:19,260 | INFO  | [3385/5212] sz.002567 唐人神 取到2425条 | 已用8367s ETA 4516s
2026-08-26 17:36:19,260 | INFO  | [3386/5212] sz.002568 百润股份 取到2425条 | 已用8367s ETA 4512s
2026-08-26 17:36:19,260 | INFO  | [3387/5212] sz.002569 *ST步森 取到2425条 | 已用8367s ETA 4509s
2026-08-26 17:36:19,260 | INFO  | [3388/5212] sz.002570 贝因美 取到2425条 | 已用8367s ETA 4505s
2026-08-26 17:36:19,260 | INFO  | [3389/5212] sz.002571 德力股份 取到2425条 | 已用8367s ETA 4501s
2026-08-26 17:36:19,260 | INFO  | [3390/5212] sz.002572 索菲亚 取到2425条 | 已用8367s ETA 4497s
2026-08-26 17:36:19,260 | INFO  | [3391/5212] sz.002573 清新环境 取到2425条 | 已用8367s ETA 4493s
2026-08-26 17:36:19,260 | INFO  | [3392/5212] sz.002574 明牌珠宝 取到2425条 | 已用8367s ETA 4490s
2026-08-26 17:36:29,476 | INFO  | [3393/5212] sz.002583 海能达 取到2425条 | 已用8378s ETA 4491s
2026-08-26 17:36:29,476 | INFO  | [3394/5212] sz.002584 西陇科学 取到2425条 | 已用8378s ETA 4488s
2026-08-26 17:36:29,476 | INFO  | [3395/5212] sz.002585 双星新材 取到2425条 | 已用8378s ETA 4484s
2026-08-26 17:36:29,476 | INFO  | [3396/5212] sz.002586 ST围海 取到2425条 | 已用8378s ETA 4480s
2026-08-26 17:36:29,476 | INFO  | [3397/5212] sz.002587 奥拓电子 取到2425条 | 已用8378s ETA 4476s
2026-08-26 17:36:29,476 | INFO  | [3398/5212] sz.002588 史丹利 取到2425条 | 已用8378s ETA 4472s
2026-08-26 17:36:29,476 | INFO  | [3399/5212] sz.002589 瑞康医药 取到2425条 | 已用8378s ETA 4469s
2026-08-26 17:36:29,476 | INFO  | [3400/5212] sz.002590 万安科技 取到2425条 | 已用8378s ETA 4465s
2026-08-26 17:37:20,190 | INFO  | [3401/5212] sz.002599 盛通股份 取到2425条 | 已用8428s ETA 4488s
2026-08-26 17:37:20,190 | INFO  | [3402/5212] sz.002600 领益智造 取到2425条 | 已用8428s ETA 4484s
2026-08-26 17:37:20,190 | INFO  | [3403/5212] sz.002601 龙佰集团 取到2425条 | 已用8428s ETA 4480s
2026-08-26 17:37:20,190 | INFO  | [3404/5212] sz.002602 世纪华通 取到2425条 | 已用8428s ETA 4477s
2026-08-26 17:37:20,190 | INFO  | [3405/5212] sz.002603 以岭药业 取到2425条 | 已用8428s ETA 4473s
2026-08-26 17:37:20,190 | INFO  | [3406/5212] sz.002605 姚记科技 取到2425条 | 已用8428s ETA 4469s
2026-08-26 17:37:20,190 | INFO  | [3407/5212] sz.002606 大连电瓷 取到2425条 | 已用8428s ETA 4465s
2026-08-26 17:37:20,190 | INFO  | [3408/5212] sz.002607 中公教育 取到2425条 | 已用8428s ETA 4462s
2026-08-26 17:37:51,738 | INFO  | [3409/5212] sz.002591 恒大高新 取到2425条 | 已用8460s ETA 4474s
2026-08-26 17:37:51,738 | INFO  | [3410/5212] sz.002592 ST八菱 取到2425条 | 已用8460s ETA 4471s
2026-08-26 17:37:51,738 | INFO  | [3411/5212] sz.002593 日上集团 取到2425条 | 已用8460s ETA 4467s
2026-08-26 17:37:51,738 | INFO  | [3412/5212] sz.002594 比亚迪 取到2425条 | 已用8460s ETA 4463s
2026-08-26 17:37:51,738 | INFO  | [3413/5212] sz.002595 豪迈科技 取到2425条 | 已用8460s ETA 4459s
2026-08-26 17:37:51,738 | INFO  | [3414/5212] sz.002596 海南瑞泽 取到2425条 | 已用8460s ETA 4455s
2026-08-26 17:37:51,738 | INFO  | [3415/5212] sz.002597 金禾实业 取到2425条 | 已用8460s ETA 4452s
2026-08-26 17:37:51,738 | INFO  | [3416/5212] sz.002598 ST章鼓 取到2425条 | 已用8460s ETA 4448s
2026-08-26 17:38:02,586 | INFO  | [3417/5212] sz.002608 江苏国信 取到2425条 | 已用8471s ETA 4450s
2026-08-26 17:38:02,586 | INFO  | [3418/5212] sz.002609 捷顺科技 取到2425条 | 已用8471s ETA 4446s
2026-08-26 17:38:02,586 | INFO  | [3419/5212] sz.002611 东方精工 取到2425条 | 已用8471s ETA 4442s
2026-08-26 17:38:02,586 | INFO  | [3420/5212] sz.002612 朗姿股份 取到2425条 | 已用8471s ETA 4439s
2026-08-26 17:38:02,586 | INFO  | [3421/5212] sz.002613 北玻股份 取到2425条 | 已用8471s ETA 4435s
2026-08-26 17:38:02,586 | INFO  | [3422/5212] sz.002614 奥佳华 取到2425条 | 已用8471s ETA 4431s
2026-08-26 17:38:02,586 | INFO  | [3423/5212] sz.002615 哈尔斯 取到2425条 | 已用8471s ETA 4427s
2026-08-26 17:38:02,586 | INFO  | [3424/5212] sz.002616 长青集团 取到2425条 | 已用8471s ETA 4423s
2026-08-26 17:39:04,357 | INFO  | [3425/5212] sz.002628 成都路桥 取到2425条 | 已用8533s ETA 4452s
2026-08-26 17:39:04,357 | INFO  | [3426/5212] sz.002629 仁智股份 取到2425条 | 已用8533s ETA 4448s
2026-08-26 17:39:04,357 | INFO  | [3427/5212] sz.002630 *ST华西 取到2425条 | 已用8533s ETA 4444s
2026-08-26 17:39:04,357 | INFO  | [3428/5212] sz.002631 德尔未来 取到2425条 | 已用8533s ETA 4441s
2026-08-26 17:39:04,357 | INFO  | [3429/5212] sz.002632 道明光学 取到2425条 | 已用8533s ETA 4437s
2026-08-26 17:39:04,357 | INFO  | [3430/5212] sz.002633 申科股份 取到2425条 | 已用8533s ETA 4433s
2026-08-26 17:39:04,357 | INFO  | [3431/5212] sz.002634 *ST棒杰 取到2425条 | 已用8533s ETA 4429s
2026-08-26 17:39:04,357 | INFO  | [3432/5212] sz.002635 安洁科技 取到2425条 | 已用8533s ETA 4425s
2026-08-26 17:39:24,741 | INFO  | [3433/5212] sz.002617 露笑科技 取到2425条 | 已用8553s ETA 4432s
2026-08-26 17:39:24,741 | INFO  | [3434/5212] sz.002620 *ST瑞和 取到2425条 | 已用8553s ETA 4428s
2026-08-26 17:39:24,741 | INFO  | [3435/5212] sz.002622 皓宸医疗 取到2425条 | 已用8553s ETA 4425s
2026-08-26 17:39:24,741 | INFO  | [3436/5212] sz.002623 亚玛顿 取到2425条 | 已用8553s ETA 4421s
2026-08-26 17:39:24,741 | INFO  | [3437/5212] sz.002624 完美世界 取到2425条 | 已用8553s ETA 4417s
2026-08-26 17:39:24,741 | INFO  | [3438/5212] sz.002625 光启技术 取到2425条 | 已用8553s ETA 4413s
2026-08-26 17:39:24,741 | INFO  | [3439/5212] sz.002626 金达威 取到2425条 | 已用8553s ETA 4410s
2026-08-26 17:39:24,741 | INFO  | [3440/5212] sz.002627 三峡旅游 取到2425条 | 已用8553s ETA 4406s
2026-08-26 17:39:38,890 | INFO  | [3441/5212] sz.002636 金安国纪 取到2425条 | 已用8567s ETA 4409s
2026-08-26 17:39:38,890 | INFO  | [3442/5212] sz.002637 赞宇科技 取到2425条 | 已用8567s ETA 4406s
2026-08-26 17:39:38,890 | INFO  | [3443/5212] sz.002638 勤上股份 取到2425条 | 已用8567s ETA 4402s
2026-08-26 17:39:38,890 | INFO  | [3444/5212] sz.002639 雪人集团 取到2425条 | 已用8567s ETA 4398s
2026-08-26 17:39:38,890 | INFO  | [3445/5212] sz.002640 跨境通 取到2425条 | 已用8567s ETA 4394s
2026-08-26 17:39:38,890 | INFO  | [3446/5212] sz.002641 公元股份 取到2425条 | 已用8567s ETA 4390s
2026-08-26 17:39:38,890 | INFO  | [3447/5212] sz.002642 荣联科技 取到2425条 | 已用8567s ETA 4387s
2026-08-26 17:39:38,890 | INFO  | [3448/5212] sz.002643 万润股份 取到2425条 | 已用8567s ETA 4383s
2026-08-26 17:40:37,907 | WARNING | sz.002656 第1次请求失败: error_code=10002007 msg=网络接收错误。
2026-08-26 17:40:38,370 | INFO  | [3449/5212] sz.002644 佛慈制药 取到2425条 | 已用8627s ETA 4410s
2026-08-26 17:40:38,370 | INFO  | [3450/5212] sz.002645 华宏科技 取到2425条 | 已用8627s ETA 4406s
2026-08-26 17:40:38,370 | INFO  | [3451/5212] sz.002646 天佑德酒 取到2425条 | 已用8627s ETA 4402s
2026-08-26 17:40:38,370 | INFO  | [3452/5212] sz.002647 仁东控股 取到2425条 | 已用8627s ETA 4398s
2026-08-26 17:40:38,370 | INFO  | [3453/5212] sz.002648 卫星化学 取到2425条 | 已用8627s ETA 4394s
2026-08-26 17:40:38,370 | INFO  | [3454/5212] sz.002649 博彦科技 取到2425条 | 已用8627s ETA 4391s
2026-08-26 17:40:38,370 | INFO  | [3455/5212] sz.002650 ST加加 取到2425条 | 已用8627s ETA 4387s
2026-08-26 17:40:38,370 | INFO  | [3456/5212] sz.002651 利君股份 取到2425条 | 已用8627s ETA 4383s
2026-08-26 17:41:23,832 | INFO  | [3457/5212] sz.002652 扬子新材 取到2425条 | 已用8672s ETA 4403s
2026-08-26 17:41:23,832 | INFO  | [3458/5212] sz.002653 海思科 取到2425条 | 已用8672s ETA 4399s
2026-08-26 17:41:23,832 | INFO  | [3459/5212] sz.002654 万润科技 取到2425条 | 已用8672s ETA 4395s
2026-08-26 17:41:23,832 | INFO  | [3460/5212] sz.002655 共达电声 取到2425条 | 已用8672s ETA 4391s
2026-08-26 17:41:23,832 | INFO  | [3461/5212] sz.002656 摩登大道 取到2425条 | 已用8672s ETA 4387s
2026-08-26 17:41:23,832 | INFO  | [3462/5212] sz.002657 中科金财 取到2425条 | 已用8672s ETA 4384s
2026-08-26 17:41:23,832 | INFO  | [3463/5212] sz.002658 雪迪龙 取到2425条 | 已用8672s ETA 4380s
2026-08-26 17:41:23,832 | INFO  | [3464/5212] sz.002659 凯文教育 取到2425条 | 已用8672s ETA 4376s
2026-08-26 17:41:53,843 | INFO  | [3465/5212] sz.002660 茂硕电源 取到2425条 | 已用8702s ETA 4387s
2026-08-26 17:41:53,843 | INFO  | [3466/5212] sz.002661 克明食品 取到2425条 | 已用8702s ETA 4384s
2026-08-26 17:41:53,843 | INFO  | [3467/5212] sz.002662 峰璟股份 取到2425条 | 已用8702s ETA 4380s
2026-08-26 17:41:53,843 | INFO  | [3468/5212] sz.002663 普邦股份 取到2425条 | 已用8702s ETA 4376s
2026-08-26 17:41:53,843 | INFO  | [3469/5212] sz.002664 信质集团 取到2425条 | 已用8702s ETA 4372s
2026-08-26 17:41:53,843 | INFO  | [3470/5212] sz.002666 德联集团 取到2425条 | 已用8702s ETA 4369s
2026-08-26 17:41:53,843 | INFO  | [3471/5212] sz.002667 *ST威领 取到2425条 | 已用8702s ETA 4365s
2026-08-26 17:41:53,843 | INFO  | [3472/5212] sz.002668 TCL智家 取到2425条 | 已用8702s ETA 4361s
2026-08-26 17:42:34,372 | INFO  | [3473/5212] sz.002669 康达新材 取到2425条 | 已用8743s ETA 4378s
2026-08-26 17:42:34,373 | INFO  | [3474/5212] sz.002670 国盛证券 取到2425条 | 已用8743s ETA 4374s
2026-08-26 17:42:34,373 | INFO  | [3475/5212] sz.002671 龙泉股份 取到2425条 | 已用8743s ETA 4370s
2026-08-26 17:42:34,373 | INFO  | [3476/5212] sz.002672 东江环保 取到2425条 | 已用8743s ETA 4366s
2026-08-26 17:42:34,373 | INFO  | [3477/5212] sz.002673 西部证券 取到2425条 | 已用8743s ETA 4362s
2026-08-26 17:42:34,373 | INFO  | [3478/5212] sz.002674 兴业科技 取到2425条 | 已用8743s ETA 4359s
2026-08-26 17:42:34,373 | INFO  | [3479/5212] sz.002675 东诚药业 取到2425条 | 已用8743s ETA 4355s
2026-08-26 17:42:34,373 | INFO  | [3480/5212] sz.002676 顺威股份 取到2425条 | 已用8743s ETA 4351s
2026-08-26 17:43:08,387 | INFO  | [3481/5212] sz.002677 浙江美大 取到2425条 | 已用8777s ETA 4364s
2026-08-26 17:43:08,387 | INFO  | [3482/5212] sz.002678 珠江钢琴 取到2425条 | 已用8777s ETA 4361s
2026-08-26 17:43:08,387 | INFO  | [3483/5212] sz.002679 福建金森 取到2425条 | 已用8777s ETA 4357s
2026-08-26 17:43:08,387 | INFO  | [3484/5212] sz.002681 奋达科技 取到2425条 | 已用8777s ETA 4353s
2026-08-26 17:43:08,387 | INFO  | [3485/5212] sz.002682 龙洲股份 取到2425条 | 已用8777s ETA 4349s
2026-08-26 17:43:08,387 | INFO  | [3486/5212] sz.002683 广东宏大 取到2425条 | 已用8777s ETA 4346s
2026-08-26 17:43:08,387 | INFO  | [3487/5212] sz.002685 华东重机 取到2425条 | 已用8777s ETA 4342s
2026-08-26 17:43:08,387 | INFO  | [3488/5212] sz.002686 亿利达 取到2425条 | 已用8777s ETA 4338s
2026-08-26 17:43:38,474 | WARNING | sz.002690 第1次请求失败: error_code=10002007 msg=网络接收错误。
2026-08-26 17:43:44,134 | WARNING | sz.002698 第1次请求失败: error_code=10001001 msg=用户未登录
2026-08-26 17:44:26,705 | INFO  | [3489/5212] sz.002695 煌上煌 取到2425条 | 已用8855s ETA 4373s
2026-08-26 17:44:26,706 | INFO  | [3490/5212] sz.002696 百洋股份 取到2425条 | 已用8855s ETA 4369s
2026-08-26 17:44:26,706 | INFO  | [3491/5212] sz.002697 红旗连锁 取到2425条 | 已用8855s ETA 4365s
2026-08-26 17:44:26,706 | INFO  | [3492/5212] sz.002698 博实股份 取到2425条 | 已用8855s ETA 4362s
2026-08-26 17:44:26,706 | INFO  | [3493/5212] sz.002700 万憬能源 取到2425条 | 已用8855s ETA 4358s
2026-08-26 17:44:26,706 | INFO  | [3494/5212] sz.002701 奥瑞金 取到2425条 | 已用8855s ETA 4354s
2026-08-26 17:44:26,706 | INFO  | [3495/5212] sz.002702 海欣食品 取到2425条 | 已用8855s ETA 4350s
2026-08-26 17:44:26,706 | INFO  | [3496/5212] sz.002703 浙江世宝 取到2425条 | 已用8855s ETA 4346s
2026-08-26 17:44:32,668 | INFO  | [3497/5212] sz.002687 乔治白 取到2425条 | 已用8861s ETA 4346s
2026-08-26 17:44:32,668 | INFO  | [3498/5212] sz.002688 金河生物 取到2425条 | 已用8861s ETA 4342s
2026-08-26 17:44:32,668 | INFO  | [3499/5212] sz.002689 ST远智 取到2425条 | 已用8861s ETA 4338s
2026-08-26 17:44:32,668 | INFO  | [3500/5212] sz.002690 美亚光电 取到2425条 | 已用8861s ETA 4334s
2026-08-26 17:44:32,668 | INFO  | [3501/5212] sz.002691 *ST冀凯 取到2425条 | 已用8861s ETA 4330s
2026-08-26 17:44:32,668 | INFO  | [3502/5212] sz.002692 远程股份 取到2425条 | 已用8861s ETA 4327s
2026-08-26 17:44:32,668 | INFO  | [3503/5212] sz.002693 双成药业 取到2425条 | 已用8861s ETA 4323s
2026-08-26 17:44:32,668 | INFO  | [3504/5212] sz.002694 *ST顾地 取到2425条 | 已用8861s ETA 4319s
2026-08-26 17:45:42,388 | INFO  | [3505/5212] sz.002705 新宝股份 取到2425条 | 已用8931s ETA 4349s
2026-08-26 17:45:42,388 | INFO  | [3506/5212] sz.002706 良信股份 取到2425条 | 已用8931s ETA 4346s
2026-08-26 17:45:42,388 | INFO  | [3507/5212] sz.002707 众信旅游 取到2425条 | 已用8931s ETA 4342s
2026-08-26 17:45:42,388 | INFO  | [3508/5212] sz.002708 光洋股份 取到2425条 | 已用8931s ETA 4338s
2026-08-26 17:45:42,388 | INFO  | [3509/5212] sz.002709 天赐材料 取到2425条 | 已用8931s ETA 4334s
2026-08-26 17:45:42,388 | INFO  | [3510/5212] sz.002712 思美传媒 取到2425条 | 已用8931s ETA 4330s
2026-08-26 17:45:42,388 | INFO  | [3511/5212] sz.002713 东易日盛 取到2425条 | 已用8931s ETA 4327s
2026-08-26 17:45:42,388 | INFO  | [3512/5212] sz.002714 牧原股份 取到2425条 | 已用8931s ETA 4323s
2026-08-26 17:46:00,524 | INFO  | [3513/5212] sz.002715 登云股份 取到2425条 | 已用8949s ETA 4328s
2026-08-26 17:46:00,524 | INFO  | [3514/5212] sz.002716 湖南白银 取到2425条 | 已用8949s ETA 4324s
2026-08-26 17:46:00,524 | INFO  | [3515/5212] sz.002717 *ST岭南 取到2425条 | 已用8949s ETA 4320s
2026-08-26 17:46:00,524 | INFO  | [3516/5212] sz.002718 友邦吊顶 取到2425条 | 已用8949s ETA 4317s
2026-08-26 17:46:00,524 | INFO  | [3517/5212] sz.002719 ST麦趣 取到2425条 | 已用8949s ETA 4313s
2026-08-26 17:46:00,525 | INFO  | [3518/5212] sz.002721 金一文化 取到2425条 | 已用8949s ETA 4309s
2026-08-26 17:46:00,525 | INFO  | [3519/5212] sz.002722 物产金轮 取到2425条 | 已用8949s ETA 4305s
2026-08-26 17:46:00,525 | INFO  | [3520/5212] sz.002723 小崧股份 取到2425条 | 已用8949s ETA 4301s
2026-08-26 17:47:01,805 | WARNING | sz.002735 第1次请求失败: error_code=10002007 msg=网络接收错误。
2026-08-26 17:47:06,389 | INFO  | [3521/5212] sz.002724 海洋王 取到2425条 | 已用9015s ETA 4329s
2026-08-26 17:47:06,389 | INFO  | [3522/5212] sz.002725 跃岭股份 取到2425条 | 已用9015s ETA 4326s
2026-08-26 17:47:06,390 | INFO  | [3523/5212] sz.002726 ST龙大 取到2425条 | 已用9015s ETA 4322s
2026-08-26 17:47:06,390 | INFO  | [3524/5212] sz.002727 一心堂 取到2425条 | 已用9015s ETA 4318s
2026-08-26 17:47:06,390 | INFO  | [3525/5212] sz.002728 特一药业 取到2425条 | 已用9015s ETA 4314s
2026-08-26 17:47:06,390 | INFO  | [3526/5212] sz.002729 好利科技 取到2425条 | 已用9015s ETA 4310s
2026-08-26 17:47:06,390 | INFO  | [3527/5212] sz.002730 电光科技 取到2425条 | 已用9015s ETA 4307s
2026-08-26 17:47:06,390 | INFO  | [3528/5212] sz.002731 *ST萃华 取到2000条 | 已用9015s ETA 4303s
2026-08-26 17:47:06,652 | WARNING | sz.002741 第1次请求失败: error_code=10001001 msg=用户未登录
2026-08-26 17:47:55,564 | INFO  | [3529/5212] sz.002732 燕塘乳业 取到2425条 | 已用9064s ETA 4323s
2026-08-26 17:47:55,564 | INFO  | [3530/5212] sz.002733 雄韬股份 取到2425条 | 已用9064s ETA 4319s
2026-08-26 17:47:55,564 | INFO  | [3531/5212] sz.002734 利民股份 取到2425条 | 已用9064s ETA 4315s
2026-08-26 17:47:55,564 | INFO  | [3532/5212] sz.002735 王子新材 取到2425条 | 已用9064s ETA 4311s
2026-08-26 17:47:55,564 | INFO  | [3533/5212] sz.002736 国信证券 取到2425条 | 已用9064s ETA 4307s
2026-08-26 17:47:55,564 | INFO  | [3534/5212] sz.002737 葵花药业 取到2425条 | 已用9064s ETA 4304s
2026-08-26 17:47:55,564 | INFO  | [3535/5212] sz.002738 中矿资源 取到2425条 | 已用9064s ETA 4300s
2026-08-26 17:47:55,564 | INFO  | [3536/5212] sz.002739 儒意电影 取到2425条 | 已用9064s ETA 4296s
2026-08-26 17:48:41,548 | INFO  | [3537/5212] sz.002741 光华科技 取到2425条 | 已用9110s ETA 4314s
2026-08-26 17:48:41,548 | INFO  | [3538/5212] sz.002742 冀衡医药 取到2425条 | 已用9110s ETA 4310s
2026-08-26 17:48:41,548 | INFO  | [3539/5212] sz.002743 富煌钢构 取到2425条 | 已用9110s ETA 4306s
2026-08-26 17:48:41,548 | INFO  | [3540/5212] sz.002745 木林森 取到2425条 | 已用9110s ETA 4303s
2026-08-26 17:48:41,548 | INFO  | [3541/5212] sz.002746 仙坛股份 取到2425条 | 已用9110s ETA 4299s
2026-08-26 17:48:41,548 | INFO  | [3542/5212] sz.002747 埃斯顿 取到2425条 | 已用9110s ETA 4295s
2026-08-26 17:48:41,548 | INFO  | [3543/5212] sz.002748 世龙实业 取到2425条 | 已用9110s ETA 4291s
2026-08-26 17:48:41,548 | INFO  | [3544/5212] sz.002749 国光股份 取到2425条 | 已用9110s ETA 4288s
2026-08-26 17:49:12,418 | INFO  | [3545/5212] sz.002752 昇兴股份 取到2425条 | 已用9141s ETA 4298s
2026-08-26 17:49:12,418 | INFO  | [3546/5212] sz.002753 永东股份 取到2425条 | 已用9141s ETA 4294s
2026-08-26 17:49:12,418 | INFO  | [3547/5212] sz.002755 奥赛康 取到2425条 | 已用9141s ETA 4291s
2026-08-26 17:49:12,418 | INFO  | [3548/5212] sz.002756 永兴材料 取到2425条 | 已用9141s ETA 4287s
2026-08-26 17:49:12,418 | INFO  | [3549/5212] sz.002757 南兴股份 取到2425条 | 已用9141s ETA 4283s
2026-08-26 17:49:12,419 | INFO  | [3550/5212] sz.002758 浙农股份 取到2425条 | 已用9141s ETA 4279s
2026-08-26 17:49:12,419 | INFO  | [3551/5212] sz.002759 ST天际 取到2425条 | 已用9141s ETA 4276s
2026-08-26 17:49:12,419 | INFO  | [3552/5212] sz.002760 凤形股份 取到2425条 | 已用9141s ETA 4272s
2026-08-26 17:50:26,644 | WARNING | sz.002772 第1次请求失败: error_code=10002007 msg=网络接收错误。
2026-08-26 17:50:32,050 | INFO  | [3553/5212] sz.002761 浙江建投 取到2425条 | 已用9220s ETA 4305s
2026-08-26 17:50:32,050 | INFO  | [3554/5212] sz.002762 金发拉比 取到2425条 | 已用9220s ETA 4301s
2026-08-26 17:50:32,050 | INFO  | [3555/5212] sz.002763 汇洁股份 取到2425条 | 已用9220s ETA 4298s
2026-08-26 17:50:32,050 | INFO  | [3556/5212] sz.002765 蓝黛科技 取到2425条 | 已用9220s ETA 4294s
2026-08-26 17:50:32,050 | INFO  | [3557/5212] sz.002766 索菱股份 取到2425条 | 已用9220s ETA 4290s
2026-08-26 17:50:32,050 | INFO  | [3558/5212] sz.002767 先锋电子 取到2425条 | 已用9220s ETA 4286s
2026-08-26 17:50:32,050 | INFO  | [3559/5212] sz.002768 国恩股份 取到2425条 | 已用9220s ETA 4282s
2026-08-26 17:50:32,050 | INFO  | [3560/5212] sz.002769 普路通 取到2000条 | 已用9220s ETA 4279s
2026-08-26 17:50:32,077 | WARNING | sz.002780 第1次请求失败: error_code=10001001 msg=用户未登录
2026-08-26 17:51:40,872 | INFO  | [3561/5212] sz.002780 三夫户外 取到2425条 | 已用9289s ETA 4307s
2026-08-26 17:51:40,872 | INFO  | [3562/5212] sz.002782 可立克 取到2425条 | 已用9289s ETA 4303s
2026-08-26 17:51:40,872 | INFO  | [3563/5212] sz.002783 凯龙股份 取到2425条 | 已用9289s ETA 4299s
2026-08-26 17:51:40,872 | INFO  | [3564/5212] sz.002785 万里石 取到2425条 | 已用9289s ETA 4295s
2026-08-26 17:51:40,872 | INFO  | [3565/5212] sz.002786 银宝山新 取到2425条 | 已用9289s ETA 4291s
2026-08-26 17:51:40,872 | INFO  | [3566/5212] sz.002787 华源控股 取到2425条 | 已用9289s ETA 4288s
2026-08-26 17:51:40,873 | INFO  | [3567/5212] sz.002788 鹭燕医药 取到2425条 | 已用9289s ETA 4284s
2026-08-26 17:51:40,873 | INFO  | [3568/5212] sz.002789 *ST建艺 取到2425条 | 已用9289s ETA 4280s
2026-08-26 17:52:05,978 | INFO  | [3569/5212] sz.002771 真视通 取到2425条 | 已用9314s ETA 4288s
2026-08-26 17:52:05,978 | INFO  | [3570/5212] sz.002772 众兴菌业 取到2425条 | 已用9314s ETA 4284s
2026-08-26 17:52:05,978 | INFO  | [3571/5212] sz.002773 康弘药业 取到2425条 | 已用9314s ETA 4280s
2026-08-26 17:52:05,978 | INFO  | [3572/5212] sz.002774 快意电梯 取到2289条 | 已用9314s ETA 4276s
2026-08-26 17:52:05,978 | INFO  | [3573/5212] sz.002775 文科股份 取到2425条 | 已用9314s ETA 4273s
2026-08-26 17:52:05,978 | INFO  | [3574/5212] sz.002777 久远银海 取到2425条 | 已用9314s ETA 4269s
2026-08-26 17:52:05,978 | INFO  | [3575/5212] sz.002778 中晟高科 取到2425条 | 已用9314s ETA 4265s
2026-08-26 17:52:05,978 | INFO  | [3576/5212] sz.002779 中坚科技 取到2425条 | 已用9314s ETA 4261s
2026-08-26 17:53:17,919 | INFO  | [3577/5212] sz.002790 瑞尔特 取到2425条 | 已用9386s ETA 4290s
2026-08-26 17:53:17,919 | INFO  | [3578/5212] sz.002791 坚朗五金 取到2425条 | 已用9386s ETA 4286s
2026-08-26 17:53:17,919 | INFO  | [3579/5212] sz.002792 通宇通讯 取到2425条 | 已用9386s ETA 4283s
2026-08-26 17:53:17,919 | INFO  | [3580/5212] sz.002793 罗欣药业 取到2425条 | 已用9386s ETA 4279s
2026-08-26 17:53:17,919 | INFO  | [3581/5212] sz.002795 永和智控 取到2425条 | 已用9386s ETA 4275s
2026-08-26 17:53:17,919 | INFO  | [3582/5212] sz.002796 世嘉科技 取到2425条 | 已用9386s ETA 4271s
2026-08-26 17:53:17,919 | INFO  | [3583/5212] sz.002797 第一创业 取到2425条 | 已用9386s ETA 4267s
2026-08-26 17:53:17,919 | INFO  | [3584/5212] sz.002798 帝欧水华 取到2425条 | 已用9386s ETA 4264s
2026-08-26 17:53:19,080 | INFO  | [3585/5212] sz.002799 环球印务 取到2425条 | 已用9387s ETA 4260s
2026-08-26 17:53:19,080 | INFO  | [3586/5212] sz.002800 天顺股份 取到2425条 | 已用9387s ETA 4256s
2026-08-26 17:53:19,080 | INFO  | [3587/5212] sz.002801 微光股份 取到2425条 | 已用9387s ETA 4253s
2026-08-26 17:53:19,080 | INFO  | [3588/5212] sz.002802 洪汇新材 取到2425条 | 已用9387s ETA 4249s
2026-08-26 17:53:19,080 | INFO  | [3589/5212] sz.002803 吉宏股份 取到2425条 | 已用9387s ETA 4245s
2026-08-26 17:53:19,080 | INFO  | [3590/5212] sz.002805 丰元股份 取到2425条 | 已用9387s ETA 4241s
2026-08-26 17:53:19,080 | INFO  | [3591/5212] sz.002806 华锋股份 取到2425条 | 已用9387s ETA 4237s
2026-08-26 17:53:19,080 | INFO  | [3592/5212] sz.002807 江阴银行 取到2421条 | 已用9387s ETA 4234s
2026-08-26 17:54:23,738 | INFO  | [3593/5212] sz.002809 红墙股份 取到2425条 | 已用9452s ETA 4259s
2026-08-26 17:54:23,738 | INFO  | [3594/5212] sz.002810 山东赫达 取到2425条 | 已用9452s ETA 4255s
2026-08-26 17:54:23,738 | INFO  | [3595/5212] sz.002811 郑中设计 取到2417条 | 已用9452s ETA 4251s
2026-08-26 17:54:23,738 | INFO  | [3596/5212] sz.002812 恩捷股份 取到2413条 | 已用9452s ETA 4248s
2026-08-26 17:54:23,738 | INFO  | [3597/5212] sz.002813 路畅科技 取到2400条 | 已用9452s ETA 4244s
2026-08-26 17:54:23,738 | INFO  | [3598/5212] sz.002815 崇达技术 取到2400条 | 已用9452s ETA 4240s
2026-08-26 17:54:23,738 | INFO  | [3599/5212] sz.002816 *ST和科 取到2391条 | 已用9452s ETA 4236s
2026-08-26 17:54:23,738 | INFO  | [3600/5212] sz.002817 黄山胶囊 取到2391条 | 已用9452s ETA 4232s
2026-08-26 17:54:37,181 | INFO  | [3601/5212] sz.002818 富森美 取到2380条 | 已用9465s ETA 4235s
2026-08-26 17:54:37,181 | INFO  | [3602/5212] sz.002819 东方中科 取到2378条 | 已用9465s ETA 4231s
2026-08-26 17:54:37,181 | INFO  | [3603/5212] sz.002820 桂发祥 取到2373条 | 已用9465s ETA 4227s
2026-08-26 17:54:37,181 | INFO  | [3604/5212] sz.002821 凯莱英 取到2373条 | 已用9465s ETA 4223s
2026-08-26 17:54:37,181 | INFO  | [3605/5212] sz.002822 ST中装 取到2366条 | 已用9465s ETA 4219s
2026-08-26 17:54:37,181 | INFO  | [3606/5212] sz.002823 凯中精密 取到2369条 | 已用9465s ETA 4216s
2026-08-26 17:54:37,181 | INFO  | [3607/5212] sz.002824 和胜股份 取到2335条 | 已用9465s ETA 4212s
2026-08-26 17:54:37,181 | INFO  | [3608/5212] sz.002825 纳尔股份 取到2366条 | 已用9465s ETA 4208s
2026-08-26 17:55:29,010 | INFO  | [3609/5212] sz.002835 同为股份 取到2345条 | 已用9517s ETA 4227s
2026-08-26 17:55:29,010 | INFO  | [3610/5212] sz.002836 新宏泽 取到2344条 | 已用9517s ETA 4223s
2026-08-26 17:55:29,010 | INFO  | [3611/5212] sz.002837 英维克 取到2344条 | 已用9517s ETA 4220s
2026-08-26 17:55:29,010 | INFO  | [3612/5212] sz.002838 道恩股份 取到2339条 | 已用9517s ETA 4216s
2026-08-26 17:55:29,010 | INFO  | [3613/5212] sz.002839 张家港行 取到2327条 | 已用9517s ETA 4212s
2026-08-26 17:55:29,010 | INFO  | [3614/5212] sz.002840 华统股份 取到2337条 | 已用9517s ETA 4208s
2026-08-26 17:55:29,010 | INFO  | [3615/5212] sz.002841 视源股份 取到2330条 | 已用9517s ETA 4204s
2026-08-26 17:55:29,010 | INFO  | [3616/5212] sz.002842 翔鹭钨业 取到2330条 | 已用9517s ETA 4201s
2026-08-26 17:55:47,199 | INFO  | [3617/5212] sz.002826 易明医药 取到2358条 | 已用9535s ETA 4205s
2026-08-26 17:55:47,199 | INFO  | [3618/5212] sz.002827 高争民爆 取到2358条 | 已用9535s ETA 4201s
2026-08-26 17:55:47,199 | INFO  | [3619/5212] sz.002828 贝肯能源 取到2359条 | 已用9535s ETA 4197s
2026-08-26 17:55:47,199 | INFO  | [3620/5212] sz.002829 星网宇达 取到2356条 | 已用9535s ETA 4193s
2026-08-26 17:55:47,199 | INFO  | [3621/5212] sz.002830 名雕股份 取到2356条 | 已用9535s ETA 4190s
2026-08-26 17:55:47,199 | INFO  | [3622/5212] sz.002831 裕同科技 取到2353条 | 已用9535s ETA 4186s
2026-08-26 17:55:47,199 | INFO  | [3623/5212] sz.002832 比音勒芬 取到2348条 | 已用9535s ETA 4182s
2026-08-26 17:55:47,199 | INFO  | [3624/5212] sz.002833 弘亚数控 取到2345条 | 已用9535s ETA 4178s
2026-08-26 17:56:35,459 | INFO  | [3625/5212] sz.002843 泰嘉股份 取到2329条 | 已用9584s ETA 4196s
2026-08-26 17:56:35,459 | INFO  | [3626/5212] sz.002845 同兴达 取到2326条 | 已用9584s ETA 4192s
2026-08-26 17:56:35,459 | INFO  | [3627/5212] sz.002846 英联股份 取到2322条 | 已用9584s ETA 4188s
2026-08-26 17:56:35,459 | INFO  | [3628/5212] sz.002847 盐津铺子 取到2321条 | 已用9584s ETA 4184s
2026-08-26 17:56:35,459 | INFO  | [3629/5212] sz.002848 高斯贝尔 取到2318条 | 已用9584s ETA 4180s
2026-08-26 17:56:35,459 | INFO  | [3630/5212] sz.002849 威星智能 取到2314条 | 已用9584s ETA 4177s
2026-08-26 17:56:35,459 | INFO  | [3631/5212] sz.002850 科达利 取到2305条 | 已用9584s ETA 4173s
2026-08-26 17:56:35,459 | INFO  | [3632/5212] sz.002851 麦格米特 取到2303条 | 已用9584s ETA 4169s
2026-08-26 17:56:58,556 | INFO  | [3633/5212] sz.002852 道道全 取到2299条 | 已用9607s ETA 4175s
2026-08-26 17:56:58,556 | INFO  | [3634/5212] sz.002853 皮阿诺 取到2299条 | 已用9607s ETA 4172s
2026-08-26 17:56:58,556 | INFO  | [3635/5212] sz.002855 捷荣技术 取到2292条 | 已用9607s ETA 4168s
2026-08-26 17:56:58,556 | INFO  | [3636/5212] sz.002856 *ST美芝 取到2293条 | 已用9607s ETA 4164s
2026-08-26 17:56:58,556 | INFO  | [3637/5212] sz.002857 三晖电气 取到2290条 | 已用9607s ETA 4160s
2026-08-26 17:56:58,556 | INFO  | [3638/5212] sz.002858 力盛体育 取到2289条 | 已用9607s ETA 4156s
2026-08-26 17:56:58,556 | INFO  | [3639/5212] sz.002859 洁美科技 取到2281条 | 已用9607s ETA 4153s
2026-08-26 17:56:58,556 | INFO  | [3640/5212] sz.002860 星帅尔 取到2278条 | 已用9607s ETA 4149s
2026-08-26 17:57:40,245 | INFO  | [3641/5212] sz.002869 金溢科技 取到2256条 | 已用9648s ETA 4163s
2026-08-26 17:57:40,245 | INFO  | [3642/5212] sz.002870 香山股份 取到2256条 | 已用9648s ETA 4159s
2026-08-26 17:57:40,245 | INFO  | [3643/5212] sz.002871 伟隆股份 取到2258条 | 已用9648s ETA 4155s
2026-08-26 17:57:40,245 | INFO  | [3644/5212] sz.002872 ST天圣 取到2252条 | 已用9648s ETA 4152s
2026-08-26 17:57:40,245 | INFO  | [3645/5212] sz.002873 新天药业 取到2252条 | 已用9648s ETA 4148s
2026-08-26 17:57:40,245 | INFO  | [3646/5212] sz.002875 安奈儿 取到2245条 | 已用9648s ETA 4144s
2026-08-26 17:57:40,245 | INFO  | [3647/5212] sz.002876 三利谱 取到2248条 | 已用9648s ETA 4140s
2026-08-26 17:57:40,245 | INFO  | [3648/5212] sz.002877 智能自控 取到2243条 | 已用9648s ETA 4137s
2026-08-26 17:57:49,778 | INFO  | [3649/5212] sz.002861 瀛通通讯 取到2277条 | 已用9658s ETA 4137s
2026-08-26 17:57:49,778 | INFO  | [3650/5212] sz.002862 实丰文化 取到2279条 | 已用9658s ETA 4133s
2026-08-26 17:57:49,778 | INFO  | [3651/5212] sz.002863 今飞凯达 取到2274条 | 已用9658s ETA 4129s
2026-08-26 17:57:49,778 | INFO  | [3652/5212] sz.002864 盘龙药业 取到2130条 | 已用9658s ETA 4126s
2026-08-26 17:57:49,778 | INFO  | [3653/5212] sz.002865 钧达股份 取到2269条 | 已用9658s ETA 4122s
2026-08-26 17:57:49,778 | INFO  | [3654/5212] sz.002866 传艺科技 取到2268条 | 已用9658s ETA 4118s
2026-08-26 17:57:49,778 | INFO  | [3655/5212] sz.002867 周大生 取到2267条 | 已用9658s ETA 4114s
2026-08-26 17:57:49,778 | INFO  | [3656/5212] sz.002868 绿康生化 取到2264条 | 已用9658s ETA 4110s
2026-08-26 17:58:32,342 | INFO  | [3657/5212] sz.002878 元隆雅图 取到2242条 | 已用9701s ETA 4125s
2026-08-26 17:58:32,342 | INFO  | [3658/5212] sz.002879 长缆科技 取到2219条 | 已用9701s ETA 4121s
2026-08-26 17:58:32,342 | INFO  | [3659/5212] sz.002880 卫光生物 取到2234条 | 已用9701s ETA 4117s
2026-08-26 17:58:32,342 | INFO  | [3660/5212] sz.002881 美格智能 取到2230条 | 已用9701s ETA 4113s
2026-08-26 17:58:32,342 | INFO  | [3661/5212] sz.002882 金龙羽 取到2213条 | 已用9701s ETA 4110s
2026-08-26 17:58:32,342 | INFO  | [3662/5212] sz.002883 *ST中设 取到2232条 | 已用9701s ETA 4106s
2026-08-26 17:58:32,342 | INFO  | [3663/5212] sz.002884 凌霄泵业 取到2217条 | 已用9701s ETA 4102s
2026-08-26 17:58:32,342 | INFO  | [3664/5212] sz.002885 京泉华 取到2227条 | 已用9701s ETA 4098s
2026-08-26 17:59:09,992 | INFO  | [3665/5212] sz.002886 沃特股份 取到2227条 | 已用9738s ETA 4111s
2026-08-26 17:59:09,992 | INFO  | [3666/5212] sz.002887 绿茵生态 取到2202条 | 已用9738s ETA 4107s
2026-08-26 17:59:09,992 | INFO  | [3667/5212] sz.002888 惠威科技 取到2209条 | 已用9738s ETA 4103s
2026-08-26 17:59:09,992 | INFO  | [3668/5212] sz.002889 东方嘉盛 取到2203条 | 已用9738s ETA 4099s
2026-08-26 17:59:09,992 | INFO  | [3669/5212] sz.002890 弘宇股份 取到2201条 | 已用9738s ETA 4095s
2026-08-26 17:59:09,992 | INFO  | [3670/5212] sz.002891 中宠股份 取到2188条 | 已用9738s ETA 4092s
2026-08-26 17:59:09,993 | INFO  | [3671/5212] sz.002892 科力尔 取到2190条 | 已用9738s ETA 4088s
2026-08-26 17:59:09,993 | INFO  | [3672/5212] sz.002893 京能热力 取到2169条 | 已用9738s ETA 4084s
2026-08-26 18:00:20,890 | INFO  | [3673/5212] sz.002895 川恒股份 取到2184条 | 已用9809s ETA 4110s
2026-08-26 18:00:20,892 | INFO  | [3674/5212] sz.002896 中大力德 取到2182条 | 已用9809s ETA 4106s
2026-08-26 18:00:20,892 | INFO  | [3675/5212] sz.002897 意华股份 取到2175条 | 已用9809s ETA 4102s
2026-08-26 18:00:20,892 | INFO  | [3676/5212] sz.002899 英派斯 取到2169条 | 已用9809s ETA 4099s
2026-08-26 18:00:20,892 | INFO  | [3677/5212] sz.002900 哈三联 取到2164条 | 已用9809s ETA 4095s
2026-08-26 18:00:20,892 | INFO  | [3678/5212] sz.002901 大博医疗 取到2164条 | 已用9809s ETA 4091s
2026-08-26 18:00:20,892 | INFO  | [3679/5212] sz.002902 铭普光磁 取到2159条 | 已用9809s ETA 4087s
2026-08-26 18:00:20,892 | INFO  | [3680/5212] sz.002903 宇环数控 取到2154条 | 已用9809s ETA 4084s
2026-08-26 18:00:26,916 | INFO  | [3681/5212] sz.002905 金逸影视 取到2153条 | 已用9815s ETA 4082s
2026-08-26 18:00:26,917 | INFO  | [3682/5212] sz.002906 华阳集团 取到2154条 | 已用9815s ETA 4079s
2026-08-26 18:00:26,917 | INFO  | [3683/5212] sz.002907 华森制药 取到2149条 | 已用9815s ETA 4075s
2026-08-26 18:00:26,917 | INFO  | [3684/5212] sz.002908 德生科技 取到2149条 | 已用9815s ETA 4071s
2026-08-26 18:00:26,917 | INFO  | [3685/5212] sz.002909 集泰股份 取到2145条 | 已用9815s ETA 4067s
2026-08-26 18:00:26,917 | INFO  | [3686/5212] sz.002910 庄园牧场 取到2142条 | 已用9815s ETA 4063s
2026-08-26 18:00:26,917 | INFO  | [3687/5212] sz.002911 佛燃能源 取到2126条 | 已用9815s ETA 4060s
2026-08-26 18:00:26,917 | INFO  | [3688/5212] sz.002912 中新赛克 取到2127条 | 已用9815s ETA 4056s
2026-08-26 18:02:07,414 | INFO  | [3689/5212] sz.002913 奥士康 取到2119条 | 已用9916s ETA 4094s
2026-08-26 18:02:07,414 | INFO  | [3690/5212] sz.002915 中欣氟材 取到2117条 | 已用9916s ETA 4090s
2026-08-26 18:02:07,414 | INFO  | [3691/5212] sz.002916 深南电路 取到2111条 | 已用9916s ETA 4086s
2026-08-26 18:02:07,414 | INFO  | [3692/5212] sz.002917 金奥博 取到2114条 | 已用9916s ETA 4082s
2026-08-26 18:02:07,415 | INFO  | [3693/5212] sz.002918 蒙娜丽莎 取到2107条 | 已用9916s ETA 4078s
2026-08-26 18:02:07,415 | INFO  | [3694/5212] sz.002919 名臣健康 取到2108条 | 已用9916s ETA 4075s
2026-08-26 18:02:07,415 | INFO  | [3695/5212] sz.002920 德赛西威 取到2102条 | 已用9916s ETA 4071s
2026-08-26 18:02:07,415 | INFO  | [3696/5212] sz.002921 联诚精密 取到2101条 | 已用9916s ETA 4067s
2026-08-26 18:02:31,173 | INFO  | [3697/5212] sz.002922 伊戈尔 取到2099条 | 已用9939s ETA 4073s
2026-08-26 18:02:31,174 | INFO  | [3698/5212] sz.002923 润都股份 取到2095条 | 已用9939s ETA 4069s
2026-08-26 18:02:31,174 | INFO  | [3699/5212] sz.002925 盈趣科技 取到2089条 | 已用9939s ETA 4066s
2026-08-26 18:02:31,174 | INFO  | [3700/5212] sz.002926 华西证券 取到2074条 | 已用9939s ETA 4062s
2026-08-26 18:02:31,174 | INFO  | [3701/5212] sz.002927 泰永长征 取到2065条 | 已用9939s ETA 4058s
2026-08-26 18:02:31,174 | INFO  | [3702/5212] sz.002928 华夏航空 取到2060条 | 已用9939s ETA 4054s
2026-08-26 18:02:31,174 | INFO  | [3703/5212] sz.002929 润建股份 取到2061条 | 已用9939s ETA 4050s
2026-08-26 18:02:31,174 | INFO  | [3704/5212] sz.002930 宏川智慧 取到2042条 | 已用9939s ETA 4047s
2026-08-26 18:03:03,036 | INFO  | [3705/5212] sz.002931 锋龙股份 取到2038条 | 已用9971s ETA 4056s
2026-08-26 18:03:03,036 | INFO  | [3706/5212] sz.002932 *ST明德 取到1973条 | 已用9971s ETA 4052s
2026-08-26 18:03:03,036 | INFO  | [3707/5212] sz.002933 新兴装备 取到1938条 | 已用9971s ETA 4048s
2026-08-26 18:03:03,036 | INFO  | [3708/5212] sz.002935 天奥电子 取到1934条 | 已用9971s ETA 4044s
2026-08-26 18:03:03,036 | INFO  | [3709/5212] sz.002936 郑州银行 取到1922条 | 已用9971s ETA 4041s
2026-08-26 18:03:03,036 | INFO  | [3710/5212] sz.002937 兴瑞科技 取到1918条 | 已用9971s ETA 4037s
2026-08-26 18:03:03,036 | INFO  | [3711/5212] sz.002938 鹏鼎控股 取到1923条 | 已用9971s ETA 4033s
2026-08-26 18:03:03,036 | INFO  | [3712/5212] sz.002939 长城证券 取到1901条 | 已用9971s ETA 4029s
2026-08-26 18:03:28,349 | INFO  | [3713/5212] sz.002940 昂利康 取到1904条 | 已用9997s ETA 4036s
2026-08-26 18:03:28,349 | INFO  | [3714/5212] sz.002941 新疆交建 取到1878条 | 已用9997s ETA 4032s
2026-08-26 18:03:28,349 | INFO  | [3715/5212] sz.002942 新农股份 取到1873条 | 已用9997s ETA 4028s
2026-08-26 18:03:28,349 | INFO  | [3716/5212] sz.002943 宇晶股份 取到1877条 | 已用9997s ETA 4024s
2026-08-26 18:03:28,349 | INFO  | [3717/5212] sz.002945 华林证券 取到1844条 | 已用9997s ETA 4021s
2026-08-26 18:03:28,349 | INFO  | [3718/5212] sz.002946 新乳业 取到1838条 | 已用9997s ETA 4017s
2026-08-26 18:03:28,349 | INFO  | [3719/5212] sz.002947 恒铭达 取到1833条 | 已用9997s ETA 4013s
2026-08-26 18:03:28,349 | INFO  | [3720/5212] sz.002948 青岛银行 取到1845条 | 已用9997s ETA 4009s
2026-08-26 18:03:45,398 | INFO  | [3721/5212] sz.002949 华阳国际 取到1821条 | 已用10014s ETA 4012s
2026-08-26 18:03:45,398 | INFO  | [3722/5212] sz.002950 奥美医疗 取到1812条 | 已用10014s ETA 4009s
2026-08-26 18:03:45,398 | INFO  | [3723/5212] sz.002951 金时科技 取到1808条 | 已用10014s ETA 4005s
2026-08-26 18:03:45,398 | INFO  | [3724/5212] sz.002952 亚世光电 取到1799条 | 已用10014s ETA 4001s
2026-08-26 18:03:45,398 | INFO  | [3725/5212] sz.002953 日丰股份 取到1773条 | 已用10014s ETA 3997s
2026-08-26 18:03:45,398 | INFO  | [3726/5212] sz.002955 鸿合科技 取到1763条 | 已用10014s ETA 3994s
2026-08-26 18:03:45,398 | INFO  | [3727/5212] sz.002956 西麦食品 取到1745条 | 已用10014s ETA 3990s
2026-08-26 18:03:45,398 | INFO  | [3728/5212] sz.002957 科瑞技术 取到1718条 | 已用10014s ETA 3986s
2026-08-26 18:04:07,807 | INFO  | [3729/5212] sz.002967 广电计量 取到1649条 | 已用10036s ETA 3991s
2026-08-26 18:04:07,808 | INFO  | [3730/5212] sz.002968 新大正 取到1632条 | 已用10036s ETA 3988s
2026-08-26 18:04:07,808 | INFO  | [3731/5212] sz.002969 嘉美包装 取到1633条 | 已用10036s ETA 3984s
2026-08-26 18:04:07,808 | INFO  | [3732/5212] sz.002970 锐明技术 取到1622条 | 已用10036s ETA 3980s
2026-08-26 18:04:07,808 | INFO  | [3733/5212] sz.002971 和远气体 取到1604条 | 已用10036s ETA 3976s
2026-08-26 18:04:07,808 | INFO  | [3734/5212] sz.002972 科安达 取到1614条 | 已用10036s ETA 3972s
2026-08-26 18:04:07,808 | INFO  | [3735/5212] sz.002973 侨银股份 取到1609条 | 已用10036s ETA 3969s
2026-08-26 18:04:07,808 | INFO  | [3736/5212] sz.002975 博杰股份 取到1593条 | 已用10036s ETA 3965s
2026-08-26 18:04:08,430 | INFO  | [3737/5212] sz.002958 青农商行 取到1801条 | 已用10037s ETA 3961s
2026-08-26 18:04:08,431 | INFO  | [3738/5212] sz.002959 小熊电器 取到1698条 | 已用10037s ETA 3958s
2026-08-26 18:04:08,431 | INFO  | [3739/5212] sz.002960 青鸟智控 取到1708条 | 已用10037s ETA 3954s
2026-08-26 18:04:08,431 | INFO  | [3740/5212] sz.002961 瑞达期货 取到1689条 | 已用10037s ETA 3950s
2026-08-26 18:04:08,431 | INFO  | [3741/5212] sz.002962 五方光电 取到1682条 | 已用10037s ETA 3947s
2026-08-26 18:04:08,431 | INFO  | [3742/5212] sz.002963 豪尔赛 取到1658条 | 已用10037s ETA 3943s
2026-08-26 18:04:08,431 | INFO  | [3743/5212] sz.002965 祥鑫科技 取到1659条 | 已用10037s ETA 3939s
2026-08-26 18:04:08,431 | INFO  | [3744/5212] sz.002966 苏州银行 取到1713条 | 已用10037s ETA 3935s
2026-08-26 18:04:37,916 | INFO  | [3745/5212] sz.002976 瑞玛精密 取到1571条 | 已用10066s ETA 3943s
2026-08-26 18:04:37,916 | INFO  | [3746/5212] sz.002977 *ST天箭 取到1564条 | 已用10066s ETA 3939s
2026-08-26 18:04:37,916 | INFO  | [3747/5212] sz.002978 安宁股份 取到1542条 | 已用10066s ETA 3936s
2026-08-26 18:04:37,916 | INFO  | [3748/5212] sz.002979 雷赛智能 取到1549条 | 已用10066s ETA 3932s
2026-08-26 18:04:37,916 | INFO  | [3749/5212] sz.002980 华盛昌 取到1544条 | 已用10066s ETA 3928s
2026-08-26 18:04:37,916 | INFO  | [3750/5212] sz.002981 朝阳科技 取到1542条 | 已用10066s ETA 3924s
2026-08-26 18:04:37,916 | INFO  | [3751/5212] sz.002982 湘佳股份 取到1537条 | 已用10066s ETA 3921s
2026-08-26 18:04:37,916 | INFO  | [3752/5212] sz.002983 芯瑞达 取到1535条 | 已用10066s ETA 3917s
2026-08-26 18:04:44,451 | INFO  | [3753/5212] sz.002984 森麒麟 取到1442条 | 已用10073s ETA 3916s
2026-08-26 18:04:44,451 | INFO  | [3754/5212] sz.002985 北摩高科 取到1534条 | 已用10073s ETA 3912s
2026-08-26 18:04:44,451 | INFO  | [3755/5212] sz.002986 宇新股份 取到1513条 | 已用10073s ETA 3908s
2026-08-26 18:04:44,451 | INFO  | [3756/5212] sz.002987 京北方 取到1531条 | 已用10073s ETA 3905s
2026-08-26 18:04:44,451 | INFO  | [3757/5212] sz.002988 豪美新材 取到1524条 | 已用10073s ETA 3901s
2026-08-26 18:04:44,452 | INFO  | [3758/5212] sz.002989 中天精装 取到1507条 | 已用10073s ETA 3897s
2026-08-26 18:04:44,452 | INFO  | [3759/5212] sz.002990 盛视科技 取到1519条 | 已用10073s ETA 3893s
2026-08-26 18:04:44,452 | INFO  | [3760/5212] sz.002991 甘源食品 取到1472条 | 已用10073s ETA 3890s
2026-08-26 18:05:29,836 | INFO  | [3761/5212] sz.003001 中岩大地 取到1426条 | 已用10118s ETA 3904s
2026-08-26 18:05:29,837 | INFO  | [3762/5212] sz.003002 壶化股份 取到1435条 | 已用10118s ETA 3900s
2026-08-26 18:05:29,837 | INFO  | [3763/5212] sz.003003 天元股份 取到1436条 | 已用10118s ETA 3896s
2026-08-26 18:05:29,837 | INFO  | [3764/5212] sz.003004 声迅股份 取到1394条 | 已用10118s ETA 3892s
2026-08-26 18:05:29,837 | INFO  | [3765/5212] sz.003005 竞业达 取到1435条 | 已用10118s ETA 3889s
2026-08-26 18:05:29,837 | INFO  | [3766/5212] sz.003006 百亚股份 取到1436条 | 已用10118s ETA 3885s
2026-08-26 18:05:29,837 | INFO  | [3767/5212] sz.003007 直真科技 取到1434条 | 已用10118s ETA 3881s
2026-08-26 18:05:29,837 | INFO  | [3768/5212] sz.003008 开普检测 取到1434条 | 已用10118s ETA 3878s
2026-08-26 18:05:46,303 | INFO  | [3769/5212] sz.002992 宝明科技 取到1471条 | 已用10135s ETA 3880s
2026-08-26 18:05:46,303 | INFO  | [3770/5212] sz.002993 奥海科技 取到1461条 | 已用10135s ETA 3876s
2026-08-26 18:05:46,303 | INFO  | [3771/5212] sz.002995 天地在线 取到1469条 | 已用10135s ETA 3873s
2026-08-26 18:05:46,303 | INFO  | [3772/5212] sz.002996 顺博合金 取到1452条 | 已用10135s ETA 3869s
2026-08-26 18:05:46,303 | INFO  | [3773/5212] sz.002997 瑞鹄模具 取到1448条 | 已用10135s ETA 3865s
2026-08-26 18:05:46,304 | INFO  | [3774/5212] sz.002998 优彩资源 取到1432条 | 已用10135s ETA 3862s
2026-08-26 18:05:46,304 | INFO  | [3775/5212] sz.002999 天禾股份 取到1448条 | 已用10135s ETA 3858s
2026-08-26 18:05:46,304 | INFO  | [3776/5212] sz.003000 劲仔食品 取到1441条 | 已用10135s ETA 3854s
2026-08-26 18:06:01,726 | INFO  | [3777/5212] sz.003009 中天火箭 取到1432条 | 已用10150s ETA 3856s
2026-08-26 18:06:01,726 | INFO  | [3778/5212] sz.003010 若羽臣 取到1432条 | 已用10150s ETA 3853s
2026-08-26 18:06:01,726 | INFO  | [3779/5212] sz.003011 海象新材 取到1429条 | 已用10150s ETA 3849s
2026-08-26 18:06:01,726 | INFO  | [3780/5212] sz.003012 东鹏控股 取到1422条 | 已用10150s ETA 3845s
2026-08-26 18:06:01,726 | INFO  | [3781/5212] sz.003013 地铁设计 取到1419条 | 已用10150s ETA 3841s
2026-08-26 18:06:01,727 | INFO  | [3782/5212] sz.003015 日久光电 取到1420条 | 已用10150s ETA 3838s
2026-08-26 18:06:01,727 | INFO  | [3783/5212] sz.003016 欣贺股份 取到1417条 | 已用10150s ETA 3834s
2026-08-26 18:06:01,727 | INFO  | [3784/5212] sz.003017 大洋生物 取到1417条 | 已用10150s ETA 3830s
2026-08-26 18:06:46,457 | INFO  | [3785/5212] sz.003027 同兴科技 取到1378条 | 已用10195s ETA 3844s
2026-08-26 18:06:46,457 | INFO  | [3786/5212] sz.003028 振邦智能 取到1372条 | 已用10195s ETA 3840s
2026-08-26 18:06:46,457 | INFO  | [3787/5212] sz.003029 吉大正元 取到1374条 | 已用10195s ETA 3836s
2026-08-26 18:06:46,457 | INFO  | [3788/5212] sz.003030 祖名股份 取到1366条 | 已用10195s ETA 3832s
2026-08-26 18:06:46,457 | INFO  | [3789/5212] sz.003031 中瓷电子 取到1368条 | 已用10195s ETA 3829s
2026-08-26 18:06:46,457 | INFO  | [3790/5212] sz.003032 传智教育 取到1362条 | 已用10195s ETA 3825s
2026-08-26 18:06:46,457 | INFO  | [3791/5212] sz.003033 征和工业 取到1363条 | 已用10195s ETA 3821s
2026-08-26 18:06:46,457 | INFO  | [3792/5212] sz.003035 南网能源 取到1357条 | 已用10195s ETA 3818s
2026-08-26 18:06:50,189 | INFO  | [3793/5212] sz.003018 金富科技 取到1408条 | 已用10198s ETA 3815s
2026-08-26 18:06:50,189 | INFO  | [3794/5212] sz.003019 宸展光电 取到1401条 | 已用10198s ETA 3812s
2026-08-26 18:06:50,189 | INFO  | [3795/5212] sz.003020 立方制药 取到1381条 | 已用10198s ETA 3808s
2026-08-26 18:06:50,189 | INFO  | [3796/5212] sz.003021 兆威机电 取到1388条 | 已用10198s ETA 3804s
2026-08-26 18:06:50,189 | INFO  | [3797/5212] sz.003022 联泓新科 取到1386条 | 已用10198s ETA 3801s
2026-08-26 18:06:50,189 | INFO  | [3798/5212] sz.003023 彩虹集团 取到1383条 | 已用10198s ETA 3797s
2026-08-26 18:06:50,189 | INFO  | [3799/5212] sz.003025 思进智能 取到1383条 | 已用10198s ETA 3793s
2026-08-26 18:06:50,189 | INFO  | [3800/5212] sz.003026 中晶科技 取到1378条 | 已用10198s ETA 3790s
2026-08-26 18:07:13,427 | INFO  | [3801/5212] sz.003036 泰坦股份 取到1350条 | 已用10222s ETA 3794s
2026-08-26 18:07:13,427 | INFO  | [3802/5212] sz.003037 三和管桩 取到1345条 | 已用10222s ETA 3791s
2026-08-26 18:07:13,427 | INFO  | [3803/5212] sz.003038 鑫铂股份 取到1341条 | 已用10222s ETA 3787s
2026-08-26 18:07:13,427 | INFO  | [3804/5212] sz.003039 顺控发展 取到1328条 | 已用10222s ETA 3783s
2026-08-26 18:07:13,428 | INFO  | [3805/5212] sz.003040 楚天龙 取到1318条 | 已用10222s ETA 3780s
2026-08-26 18:07:13,428 | INFO  | [3806/5212] sz.003041 真爱美家 取到1308条 | 已用10222s ETA 3776s
2026-08-26 18:07:13,428 | INFO  | [3807/5212] sz.003042 中农联合 取到1308条 | 已用10222s ETA 3772s
2026-08-26 18:07:13,428 | INFO  | [3808/5212] sz.003043 华亚智能 取到1308条 | 已用10222s ETA 3769s
2026-08-26 18:07:44,436 | INFO  | [3809/5212] sz.003816 中国广核 取到1697条 | 已用10253s ETA 3776s
2026-08-26 18:07:44,436 | INFO  | [3810/5212] sz.300001 特锐德 取到2425条 | 已用10253s ETA 3773s
2026-08-26 18:07:44,436 | INFO  | [3811/5212] sz.300002 神州泰岳 取到2425条 | 已用10253s ETA 3769s
2026-08-26 18:07:44,436 | INFO  | [3812/5212] sz.300003 乐普医疗 取到2425条 | 已用10253s ETA 3765s
2026-08-26 18:07:44,436 | INFO  | [3813/5212] sz.300004 南风股份 取到2425条 | 已用10253s ETA 3762s
2026-08-26 18:07:44,436 | INFO  | [3814/5212] sz.300005 探路者 取到2425条 | 已用10253s ETA 3758s
2026-08-26 18:07:44,436 | INFO  | [3815/5212] sz.300006 莱美药业 取到2425条 | 已用10253s ETA 3754s
2026-08-26 18:07:44,436 | INFO  | [3816/5212] sz.300007 汉威科技 取到2425条 | 已用10253s ETA 3751s
2026-08-26 18:08:06,492 | INFO  | [3817/5212] sz.300008 天海防务 取到2425条 | 已用10275s ETA 3755s
2026-08-26 18:08:06,492 | INFO  | [3818/5212] sz.300009 安科生物 取到2425条 | 已用10275s ETA 3751s
2026-08-26 18:08:06,492 | INFO  | [3819/5212] sz.300010 ST豆神 取到2425条 | 已用10275s ETA 3748s
2026-08-26 18:08:06,494 | INFO  | [3820/5212] sz.300011 鼎汉技术 取到2425条 | 已用10275s ETA 3744s
2026-08-26 18:08:06,494 | INFO  | [3821/5212] sz.300012 华测检测 取到2425条 | 已用10275s ETA 3740s
2026-08-26 18:08:06,494 | INFO  | [3822/5212] sz.300013 新宁物流 取到2425条 | 已用10275s ETA 3737s
2026-08-26 18:08:06,494 | INFO  | [3823/5212] sz.300014 亿纬锂能 取到2425条 | 已用10275s ETA 3733s
2026-08-26 18:08:06,494 | INFO  | [3824/5212] sz.300015 爱尔眼科 取到2425条 | 已用10275s ETA 3729s
2026-08-26 18:08:28,329 | INFO  | [3825/5212] sz.300016 北陆药业 取到2425条 | 已用10297s ETA 3734s
2026-08-26 18:08:28,329 | INFO  | [3826/5212] sz.300017 网宿科技 取到2425条 | 已用10297s ETA 3730s
2026-08-26 18:08:28,329 | INFO  | [3827/5212] sz.300018 中元股份 取到2425条 | 已用10297s ETA 3726s
2026-08-26 18:08:28,329 | INFO  | [3828/5212] sz.300019 硅宝科技 取到2425条 | 已用10297s ETA 3723s
2026-08-26 18:08:28,329 | INFO  | [3829/5212] sz.300020 ST银江 取到2425条 | 已用10297s ETA 3719s
2026-08-26 18:08:28,329 | INFO  | [3830/5212] sz.300021 大禹节水 取到2425条 | 已用10297s ETA 3715s
2026-08-26 18:08:28,329 | INFO  | [3831/5212] sz.300022 吉峰科技 取到2425条 | 已用10297s ETA 3712s
2026-08-26 18:08:28,329 | INFO  | [3832/5212] sz.300024 机器人 取到2425条 | 已用10297s ETA 3708s
2026-08-26 18:08:56,728 | INFO  | [3833/5212] sz.300025 华星创业 取到2425条 | 已用10325s ETA 3715s
2026-08-26 18:08:56,728 | INFO  | [3834/5212] sz.300026 红日药业 取到2425条 | 已用10325s ETA 3711s
2026-08-26 18:08:56,728 | INFO  | [3835/5212] sz.300027 ST华谊 取到2425条 | 已用10325s ETA 3707s
2026-08-26 18:08:56,728 | INFO  | [3836/5212] sz.300030 阳普医疗 取到2425条 | 已用10325s ETA 3704s
2026-08-26 18:08:56,728 | INFO  | [3837/5212] sz.300031 宝通科技 取到2425条 | 已用10325s ETA 3700s
2026-08-26 18:08:56,728 | INFO  | [3838/5212] sz.300032 金龙机电 取到2425条 | 已用10325s ETA 3696s
2026-08-26 18:08:56,729 | INFO  | [3839/5212] sz.300033 同花顺 取到2425条 | 已用10325s ETA 3693s
2026-08-26 18:08:56,729 | INFO  | [3840/5212] sz.300034 钢研高纳 取到2425条 | 已用10325s ETA 3689s
2026-08-26 18:09:29,445 | INFO  | [3841/5212] sz.300035 中科电气 取到2425条 | 已用10358s ETA 3697s
2026-08-26 18:09:29,445 | INFO  | [3842/5212] sz.300036 超图软件 取到2425条 | 已用10358s ETA 3693s
2026-08-26 18:09:29,445 | INFO  | [3843/5212] sz.300037 新宙邦 取到2425条 | 已用10358s ETA 3690s
2026-08-26 18:09:29,445 | INFO  | [3844/5212] sz.300039 上海凯宝 取到2425条 | 已用10358s ETA 3686s
2026-08-26 18:09:29,445 | INFO  | [3845/5212] sz.300040 九洲集团 取到2425条 | 已用10358s ETA 3682s
2026-08-26 18:09:29,445 | INFO  | [3846/5212] sz.300041 回天新材 取到2425条 | 已用10358s ETA 3679s
2026-08-26 18:09:29,445 | INFO  | [3847/5212] sz.300042 朗科科技 取到2425条 | 已用10358s ETA 3675s
2026-08-26 18:09:29,445 | INFO  | [3848/5212] sz.300043 星辉娱乐 取到2425条 | 已用10358s ETA 3671s
2026-08-26 18:09:48,184 | INFO  | [3849/5212] sz.300044 *ST赛为 取到2425条 | 已用10376s ETA 3674s
2026-08-26 18:09:48,184 | INFO  | [3850/5212] sz.300045 华力创通 取到2425条 | 已用10376s ETA 3671s
2026-08-26 18:09:48,184 | INFO  | [3851/5212] sz.300046 台基股份 取到2425条 | 已用10376s ETA 3667s
2026-08-26 18:09:48,184 | INFO  | [3852/5212] sz.300047 天源迪科 取到2425条 | 已用10376s ETA 3664s
2026-08-26 18:09:48,184 | INFO  | [3853/5212] sz.300048 合康新能 取到2425条 | 已用10376s ETA 3660s
2026-08-26 18:09:48,184 | INFO  | [3854/5212] sz.300049 福瑞医科 取到2425条 | 已用10376s ETA 3656s
2026-08-26 18:09:48,184 | INFO  | [3855/5212] sz.300050 世纪鼎利 取到2425条 | 已用10376s ETA 3653s
2026-08-26 18:09:48,184 | INFO  | [3856/5212] sz.300051 琏升科技 取到2425条 | 已用10376s ETA 3649s
2026-08-26 18:10:27,753 | INFO  | [3857/5212] sz.300052 中青宝 取到2425条 | 已用10416s ETA 3659s
2026-08-26 18:10:27,753 | INFO  | [3858/5212] sz.300053 航宇微 取到2425条 | 已用10416s ETA 3656s
2026-08-26 18:10:27,753 | INFO  | [3859/5212] sz.300054 鼎龙股份 取到2425条 | 已用10416s ETA 3652s
2026-08-26 18:10:27,753 | INFO  | [3860/5212] sz.300055 万邦达 取到2425条 | 已用10416s ETA 3648s
2026-08-26 18:10:27,753 | INFO  | [3861/5212] sz.300056 中创环保 取到2425条 | 已用10416s ETA 3645s
2026-08-26 18:10:27,753 | INFO  | [3862/5212] sz.300057 万顺新材 取到2425条 | 已用10416s ETA 3641s
2026-08-26 18:10:27,753 | INFO  | [3863/5212] sz.300058 蓝色光标 取到2425条 | 已用10416s ETA 3637s
2026-08-26 18:10:27,753 | INFO  | [3864/5212] sz.300059 东方财富 取到2425条 | 已用10416s ETA 3634s
2026-08-26 18:11:02,003 | INFO  | [3865/5212] sz.300061 旗天科技 取到2425条 | 已用10450s ETA 3642s
2026-08-26 18:11:02,003 | INFO  | [3866/5212] sz.300062 中能电气 取到2425条 | 已用10450s ETA 3638s
2026-08-26 18:11:02,003 | INFO  | [3867/5212] sz.300063 天龙集团 取到2425条 | 已用10450s ETA 3635s
2026-08-26 18:11:02,003 | INFO  | [3868/5212] sz.300065 海兰信 取到2425条 | 已用10450s ETA 3631s
2026-08-26 18:11:02,003 | INFO  | [3869/5212] sz.300066 三川智慧 取到2425条 | 已用10450s ETA 3627s
2026-08-26 18:11:02,003 | INFO  | [3870/5212] sz.300067 安诺其 取到2425条 | 已用10450s ETA 3624s
2026-08-26 18:11:02,003 | INFO  | [3871/5212] sz.300068 ST南都 取到2425条 | 已用10450s ETA 3620s
2026-08-26 18:11:02,003 | INFO  | [3872/5212] sz.300069 金利华电 取到2425条 | 已用10450s ETA 3617s
2026-08-26 18:11:49,703 | INFO  | [3873/5212] sz.300070 碧水源 取到2425条 | 已用10498s ETA 3629s
2026-08-26 18:11:49,703 | INFO  | [3874/5212] sz.300071 福石控股 取到2425条 | 已用10498s ETA 3626s
2026-08-26 18:11:49,703 | INFO  | [3875/5212] sz.300072 海新能科 取到2425条 | 已用10498s ETA 3622s
2026-08-26 18:11:49,703 | INFO  | [3876/5212] sz.300073 当升科技 取到2425条 | 已用10498s ETA 3618s
2026-08-26 18:11:49,703 | INFO  | [3877/5212] sz.300074 华平股份 取到2425条 | 已用10498s ETA 3615s
2026-08-26 18:11:49,703 | INFO  | [3878/5212] sz.300075 数字政通 取到2425条 | 已用10498s ETA 3611s
2026-08-26 18:11:49,703 | INFO  | [3879/5212] sz.300076 *ST宁视 取到2425条 | 已用10498s ETA 3608s
2026-08-26 18:11:49,703 | INFO  | [3880/5212] sz.300077 国民技术 取到2425条 | 已用10498s ETA 3604s
2026-08-26 18:12:08,490 | INFO  | [3881/5212] sz.300078 思创智联 取到2425条 | 已用10517s ETA 3607s
2026-08-26 18:12:08,490 | INFO  | [3882/5212] sz.300079 数码视讯 取到2425条 | 已用10517s ETA 3603s
2026-08-26 18:12:08,490 | INFO  | [3883/5212] sz.300080 易成新能 取到2425条 | 已用10517s ETA 3599s
2026-08-26 18:12:08,490 | INFO  | [3884/5212] sz.300081 ST恒信 取到2425条 | 已用10517s ETA 3596s
2026-08-26 18:12:08,490 | INFO  | [3885/5212] sz.300082 奥克股份 取到2425条 | 已用10517s ETA 3592s
2026-08-26 18:12:08,490 | INFO  | [3886/5212] sz.300083 创世纪 取到2425条 | 已用10517s ETA 3589s
2026-08-26 18:12:08,490 | INFO  | [3887/5212] sz.300084 海默科技 取到2425条 | 已用10517s ETA 3585s
2026-08-26 18:12:08,490 | INFO  | [3888/5212] sz.300085 银之杰 取到2425条 | 已用10517s ETA 3581s
2026-08-26 18:12:39,024 | INFO  | [3889/5212] sz.300086 康芝药业 取到2425条 | 已用10547s ETA 3588s
2026-08-26 18:12:39,024 | INFO  | [3890/5212] sz.300087 ST荃银 取到2425条 | 已用10547s ETA 3584s
2026-08-26 18:12:39,024 | INFO  | [3891/5212] sz.300088 长信科技 取到2425条 | 已用10547s ETA 3581s
2026-08-26 18:12:39,024 | INFO  | [3892/5212] sz.300091 *ST金灵 取到2425条 | 已用10547s ETA 3577s
2026-08-26 18:12:39,024 | INFO  | [3893/5212] sz.300092 科新机电 取到2425条 | 已用10547s ETA 3574s
2026-08-26 18:12:39,024 | INFO  | [3894/5212] sz.300093 金刚光伏 取到2425条 | 已用10547s ETA 3570s
2026-08-26 18:12:39,024 | INFO  | [3895/5212] sz.300094 国联水产 取到2425条 | 已用10547s ETA 3566s
2026-08-26 18:12:39,024 | INFO  | [3896/5212] sz.300095 华伍股份 取到2425条 | 已用10547s ETA 3563s
2026-08-26 18:13:30,117 | INFO  | [3897/5212] sz.300096 ST易联众 取到2425条 | 已用10598s ETA 3576s
2026-08-26 18:13:30,117 | INFO  | [3898/5212] sz.300097 智云股份 取到2425条 | 已用10598s ETA 3573s
2026-08-26 18:13:30,117 | INFO  | [3899/5212] sz.300098 高新兴 取到2425条 | 已用10598s ETA 3569s
2026-08-26 18:13:30,117 | INFO  | [3900/5212] sz.300099 尤洛卡 取到2425条 | 已用10598s ETA 3565s
2026-08-26 18:13:30,117 | INFO  | [3901/5212] sz.300100 双林股份 取到2425条 | 已用10598s ETA 3562s
2026-08-26 18:13:30,117 | INFO  | [3902/5212] sz.300101 振芯科技 取到2425条 | 已用10598s ETA 3558s
2026-08-26 18:13:30,117 | INFO  | [3903/5212] sz.300102 乾照光电 取到2425条 | 已用10598s ETA 3555s
2026-08-26 18:13:30,117 | INFO  | [3904/5212] sz.300103 达刚控股 取到2425条 | 已用10598s ETA 3551s
2026-08-26 18:13:30,730 | INFO  | [3905/5212] sz.300105 龙源技术 取到2425条 | 已用10599s ETA 3547s
2026-08-26 18:13:30,730 | INFO  | [3906/5212] sz.300106 西部牧业 取到2425条 | 已用10599s ETA 3544s
2026-08-26 18:13:30,730 | INFO  | [3907/5212] sz.300107 建新股份 取到2425条 | 已用10599s ETA 3540s
2026-08-26 18:13:30,730 | INFO  | [3908/5212] sz.300109 新开源 取到2425条 | 已用10599s ETA 3537s
2026-08-26 18:13:30,730 | INFO  | [3909/5212] sz.300110 华仁药业 取到2425条 | 已用10599s ETA 3533s
2026-08-26 18:13:30,730 | INFO  | [3910/5212] sz.300111 向日葵 取到2425条 | 已用10599s ETA 3529s
2026-08-26 18:13:30,730 | INFO  | [3911/5212] sz.300112 万讯自控 取到2425条 | 已用10599s ETA 3526s
2026-08-26 18:13:30,730 | INFO  | [3912/5212] sz.300113 顺网科技 取到2425条 | 已用10599s ETA 3522s
2026-08-26 18:14:14,065 | INFO  | [3913/5212] sz.300125 聆达股份 取到2425条 | 已用10642s ETA 3533s
2026-08-26 18:14:14,065 | INFO  | [3914/5212] sz.300126 锐奇股份 取到2425条 | 已用10642s ETA 3529s
2026-08-26 18:14:14,065 | INFO  | [3915/5212] sz.300127 银河磁体 取到2425条 | 已用10642s ETA 3526s
2026-08-26 18:14:14,065 | INFO  | [3916/5212] sz.300128 锦富技术 取到2425条 | 已用10642s ETA 3522s
2026-08-26 18:14:14,065 | INFO  | [3917/5212] sz.300129 泰胜风能 取到2425条 | 已用10642s ETA 3518s
2026-08-26 18:14:14,065 | INFO  | [3918/5212] sz.300130 新国都 取到2425条 | 已用10642s ETA 3515s
2026-08-26 18:14:14,065 | INFO  | [3919/5212] sz.300131 英唐智控 取到2425条 | 已用10642s ETA 3511s
2026-08-26 18:14:14,065 | INFO  | [3920/5212] sz.300132 诺斯贝尔 取到2425条 | 已用10642s ETA 3508s
2026-08-26 18:14:28,657 | INFO  | [3921/5212] sz.300115 长盈精密 取到2425条 | 已用10657s ETA 3509s
2026-08-26 18:14:28,657 | INFO  | [3922/5212] sz.300118 东方日升 取到2425条 | 已用10657s ETA 3505s
2026-08-26 18:14:28,658 | INFO  | [3923/5212] sz.300119 瑞普生物 取到2425条 | 已用10657s ETA 3502s
2026-08-26 18:14:28,658 | INFO  | [3924/5212] sz.300120 经纬辉开 取到2425条 | 已用10657s ETA 3498s
2026-08-26 18:14:28,658 | INFO  | [3925/5212] sz.300121 阳谷华泰 取到2425条 | 已用10657s ETA 3494s
2026-08-26 18:14:28,658 | INFO  | [3926/5212] sz.300122 智飞生物 取到2425条 | 已用10657s ETA 3491s
2026-08-26 18:14:28,658 | INFO  | [3927/5212] sz.300123 ST亚光 取到2425条 | 已用10657s ETA 3487s
2026-08-26 18:14:28,658 | INFO  | [3928/5212] sz.300124 汇川技术 取到2425条 | 已用10657s ETA 3484s
2026-08-26 18:15:04,754 | INFO  | [3929/5212] sz.300133 华策影视 取到2425条 | 已用10693s ETA 3492s
2026-08-26 18:15:04,754 | INFO  | [3930/5212] sz.300134 大富科技 取到2425条 | 已用10693s ETA 3488s
2026-08-26 18:15:04,754 | INFO  | [3931/5212] sz.300135 宝利国际 取到2425条 | 已用10693s ETA 3485s
2026-08-26 18:15:04,754 | INFO  | [3932/5212] sz.300136 信维通信 取到2425条 | 已用10693s ETA 3481s
2026-08-26 18:15:04,754 | INFO  | [3933/5212] sz.300137 先河环保 取到2425条 | 已用10693s ETA 3477s
2026-08-26 18:15:04,754 | INFO  | [3934/5212] sz.300138 晨光生物 取到2425条 | 已用10693s ETA 3474s
2026-08-26 18:15:04,754 | INFO  | [3935/5212] sz.300139 晓程科技 取到2425条 | 已用10693s ETA 3470s
2026-08-26 18:15:04,754 | INFO  | [3936/5212] sz.300140 节能环境 取到2425条 | 已用10693s ETA 3467s
2026-08-26 18:15:22,667 | INFO  | [3937/5212] sz.300141 和顺电气 取到2425条 | 已用10711s ETA 3469s
2026-08-26 18:15:22,667 | INFO  | [3938/5212] sz.300142 沃森生物 取到2425条 | 已用10711s ETA 3465s
2026-08-26 18:15:22,667 | INFO  | [3939/5212] sz.300143 盈康生命 取到2425条 | 已用10711s ETA 3462s
2026-08-26 18:15:22,667 | INFO  | [3940/5212] sz.300144 宋城演艺 取到2425条 | 已用10711s ETA 3458s
2026-08-26 18:15:22,667 | INFO  | [3941/5212] sz.300145 南方泵业 取到2425条 | 已用10711s ETA 3454s
2026-08-26 18:15:22,667 | INFO  | [3942/5212] sz.300146 汤臣倍健 取到2425条 | 已用10711s ETA 3451s
2026-08-26 18:15:22,667 | INFO  | [3943/5212] sz.300147 *ST香雪 取到2425条 | 已用10711s ETA 3447s
2026-08-26 18:15:22,667 | INFO  | [3944/5212] sz.300148 天舟文化 取到2425条 | 已用10711s ETA 3444s
2026-08-26 18:15:54,458 | INFO  | [3945/5212] sz.300149 睿智医药 取到2425条 | 已用10743s ETA 3450s
2026-08-26 18:15:54,458 | INFO  | [3946/5212] sz.300150 世纪瑞尔 取到2425条 | 已用10743s ETA 3447s
2026-08-26 18:15:54,459 | INFO  | [3947/5212] sz.300151 昌红科技 取到2425条 | 已用10743s ETA 3443s
2026-08-26 18:15:54,459 | INFO  | [3948/5212] sz.300152 *ST动力 取到2425条 | 已用10743s ETA 3439s
2026-08-26 18:15:54,459 | INFO  | [3949/5212] sz.300153 科泰电源 取到2425条 | 已用10743s ETA 3436s
2026-08-26 18:15:54,459 | INFO  | [3950/5212] sz.300154 瑞凌股份 取到2425条 | 已用10743s ETA 3432s
2026-08-26 18:15:54,459 | INFO  | [3951/5212] sz.300155 安居宝 取到2425条 | 已用10743s ETA 3429s
2026-08-26 18:15:54,459 | INFO  | [3952/5212] sz.300157 新锦动力 取到2425条 | 已用10743s ETA 3425s
2026-08-26 18:16:15,618 | INFO  | [3953/5212] sz.300158 振东制药 取到2425条 | 已用10764s ETA 3428s
2026-08-26 18:16:15,618 | INFO  | [3954/5212] sz.300159 新研股份 取到2425条 | 已用10764s ETA 3425s
2026-08-26 18:16:15,618 | INFO  | [3955/5212] sz.300160 秀强股份 取到2425条 | 已用10764s ETA 3421s
2026-08-26 18:16:15,618 | INFO  | [3956/5212] sz.300161 华中数控 取到2425条 | 已用10764s ETA 3417s
2026-08-26 18:16:15,618 | INFO  | [3957/5212] sz.300162 雷曼光电 取到2425条 | 已用10764s ETA 3414s
2026-08-26 18:16:15,618 | INFO  | [3958/5212] sz.300163 先锋新材 取到2425条 | 已用10764s ETA 3410s
2026-08-26 18:16:15,618 | INFO  | [3959/5212] sz.300164 通源石油 取到2425条 | 已用10764s ETA 3407s
2026-08-26 18:16:15,618 | INFO  | [3960/5212] sz.300165 天瑞仪器 取到2425条 | 已用10764s ETA 3403s
2026-08-26 18:17:03,515 | INFO  | [3961/5212] sz.300166 东方国信 取到2425条 | 已用10812s ETA 3415s
2026-08-26 18:17:03,516 | INFO  | [3962/5212] sz.300167 ST迪威迅 取到2425条 | 已用10812s ETA 3411s
2026-08-26 18:17:03,516 | INFO  | [3963/5212] sz.300168 万达信息 取到2425条 | 已用10812s ETA 3407s
2026-08-26 18:17:03,516 | INFO  | [3964/5212] sz.300169 天晟新材 取到2425条 | 已用10812s ETA 3404s
2026-08-26 18:17:03,516 | INFO  | [3965/5212] sz.300170 汉得信息 取到2425条 | 已用10812s ETA 3400s
2026-08-26 18:17:03,516 | INFO  | [3966/5212] sz.300171 东富龙 取到2425条 | 已用10812s ETA 3397s
2026-08-26 18:17:03,516 | INFO  | [3967/5212] sz.300172 中电环保 取到2425条 | 已用10812s ETA 3393s
2026-08-26 18:17:03,516 | INFO  | [3968/5212] sz.300173 ST福能 取到2425条 | 已用10812s ETA 3390s
2026-08-26 18:17:17,435 | INFO  | [3969/5212] sz.300174 元力股份 取到2425条 | 已用10826s ETA 3390s
2026-08-26 18:17:17,435 | INFO  | [3970/5212] sz.300175 朗源股份 取到2425条 | 已用10826s ETA 3387s
2026-08-26 18:17:17,435 | INFO  | [3971/5212] sz.300176 鸿特科技 取到2425条 | 已用10826s ETA 3383s
2026-08-26 18:17:17,435 | INFO  | [3972/5212] sz.300177 中海达 取到2425条 | 已用10826s ETA 3380s
2026-08-26 18:17:17,435 | INFO  | [3973/5212] sz.300179 四方达 取到2425条 | 已用10826s ETA 3376s
2026-08-26 18:17:17,435 | INFO  | [3974/5212] sz.300180 华峰超纤 取到2425条 | 已用10826s ETA 3372s
2026-08-26 18:17:17,435 | INFO  | [3975/5212] sz.300181 佐力药业 取到2425条 | 已用10826s ETA 3369s
2026-08-26 18:17:17,435 | INFO  | [3976/5212] sz.300182 捷成股份 取到2425条 | 已用10826s ETA 3365s
2026-08-26 18:18:16,322 | INFO  | [3977/5212] sz.300183 东软载波 取到2425条 | 已用10885s ETA 3380s
2026-08-26 18:18:16,322 | INFO  | [3978/5212] sz.300184 力源信息 取到2425条 | 已用10885s ETA 3376s
2026-08-26 18:18:16,322 | INFO  | [3979/5212] sz.300185 通裕重工 取到2425条 | 已用10885s ETA 3373s
2026-08-26 18:18:16,322 | INFO  | [3980/5212] sz.300187 永清环保 取到2425条 | 已用10885s ETA 3369s
2026-08-26 18:18:16,322 | INFO  | [3981/5212] sz.300188 国投智能 取到2425条 | 已用10885s ETA 3366s
2026-08-26 18:18:16,322 | INFO  | [3982/5212] sz.300189 神农种业 取到2425条 | 已用10885s ETA 3362s
2026-08-26 18:18:16,322 | INFO  | [3983/5212] sz.300190 维尔利 取到2425条 | 已用10885s ETA 3359s
2026-08-26 18:18:16,322 | INFO  | [3984/5212] sz.300191 潜能恒信 取到2425条 | 已用10885s ETA 3355s
2026-08-26 18:18:17,644 | INFO  | [3985/5212] sz.300192 科德教育 取到2425条 | 已用10886s ETA 3352s
2026-08-26 18:18:17,644 | INFO  | [3986/5212] sz.300193 佳士科技 取到2425条 | 已用10886s ETA 3348s
2026-08-26 18:18:17,644 | INFO  | [3987/5212] sz.300194 福安药业 取到2425条 | 已用10886s ETA 3345s
2026-08-26 18:18:17,644 | INFO  | [3988/5212] sz.300195 长荣股份 取到2425条 | 已用10886s ETA 3341s
2026-08-26 18:18:17,644 | INFO  | [3989/5212] sz.300196 长海股份 取到2425条 | 已用10886s ETA 3338s
2026-08-26 18:18:17,644 | INFO  | [3990/5212] sz.300197 节能铁汉 取到2425条 | 已用10886s ETA 3334s
2026-08-26 18:18:17,644 | INFO  | [3991/5212] sz.300198 *ST纳川 取到2425条 | 已用10886s ETA 3330s
2026-08-26 18:18:17,644 | INFO  | [3992/5212] sz.300199 翰宇药业 取到2425条 | 已用10886s ETA 3327s
2026-08-26 18:19:19,321 | INFO  | [3993/5212] sz.300200 高盟新材 取到2425条 | 已用10948s ETA 3342s
2026-08-26 18:19:19,321 | INFO  | [3994/5212] sz.300201 海伦哲 取到2425条 | 已用10948s ETA 3339s
2026-08-26 18:19:19,321 | INFO  | [3995/5212] sz.300203 聚光科技 取到2425条 | 已用10948s ETA 3335s
2026-08-26 18:19:19,322 | INFO  | [3996/5212] sz.300204 舒泰神 取到2425条 | 已用10948s ETA 3331s
2026-08-26 18:19:19,322 | INFO  | [3997/5212] sz.300205 *ST天喻 取到2425条 | 已用10948s ETA 3328s
2026-08-26 18:19:19,322 | INFO  | [3998/5212] sz.300206 理邦仪器 取到2425条 | 已用10948s ETA 3324s
2026-08-26 18:19:19,322 | INFO  | [3999/5212] sz.300207 欣旺达 取到2425条 | 已用10948s ETA 3321s
2026-08-26 18:19:19,322 | INFO  | [4000/5212] sz.300209 行云科技 取到2425条 | 已用10948s ETA 3317s
2026-08-26 18:19:29,991 | INFO  | [4001/5212] sz.300210 森远股份 取到2425条 | 已用10958s ETA 3317s
2026-08-26 18:19:29,991 | INFO  | [4002/5212] sz.300211 *ST亿通 取到2425条 | 已用10958s ETA 3313s
2026-08-26 18:19:29,991 | INFO  | [4003/5212] sz.300212 *ST易录 取到2425条 | 已用10958s ETA 3310s
2026-08-26 18:19:29,991 | INFO  | [4004/5212] sz.300213 佳讯飞鸿 取到2425条 | 已用10958s ETA 3306s
2026-08-26 18:19:29,991 | INFO  | [4005/5212] sz.300214 日科化学 取到2425条 | 已用10958s ETA 3303s
2026-08-26 18:19:29,991 | INFO  | [4006/5212] sz.300215 电科院 取到2425条 | 已用10958s ETA 3299s
2026-08-26 18:19:29,991 | INFO  | [4007/5212] sz.300217 东方电热 取到2425条 | 已用10958s ETA 3295s
2026-08-26 18:19:29,992 | INFO  | [4008/5212] sz.300218 安利股份 取到2425条 | 已用10958s ETA 3292s
2026-08-26 18:20:41,493 | WARNING | sz.300222 第1次请求失败: error_code=10002007 msg=网络接收错误。
2026-08-26 18:20:41,753 | INFO  | [4009/5212] sz.300227 光韵达 取到2425条 | 已用11030s ETA 3310s
2026-08-26 18:20:41,753 | INFO  | [4010/5212] sz.300228 富瑞特装 取到2425条 | 已用11030s ETA 3306s
2026-08-26 18:20:41,753 | INFO  | [4011/5212] sz.300229 拓尔思 取到2425条 | 已用11030s ETA 3303s
2026-08-26 18:20:41,753 | INFO  | [4012/5212] sz.300230 永利股份 取到2425条 | 已用11030s ETA 3299s
2026-08-26 18:20:41,753 | INFO  | [4013/5212] sz.300231 银信科技 取到2425条 | 已用11030s ETA 3296s
2026-08-26 18:20:41,753 | INFO  | [4014/5212] sz.300232 洲明科技 取到2425条 | 已用11030s ETA 3292s
2026-08-26 18:20:41,753 | INFO  | [4015/5212] sz.300233 金城医药 取到2425条 | 已用11030s ETA 3288s
2026-08-26 18:20:41,753 | INFO  | [4016/5212] sz.300234 开尔新材 取到2425条 | 已用11030s ETA 3285s
2026-08-26 18:20:48,137 | WARNING | sz.300236 第1次请求失败: error_code=10001001 msg=用户未登录
2026-08-26 18:21:42,231 | INFO  | [4017/5212] sz.300219 鸿利智汇 取到2425条 | 已用11090s ETA 3299s
2026-08-26 18:21:42,231 | INFO  | [4018/5212] sz.300220 金运激光 取到2425条 | 已用11090s ETA 3296s
2026-08-26 18:21:42,231 | INFO  | [4019/5212] sz.300221 银禧科技 取到2425条 | 已用11090s ETA 3292s
2026-08-26 18:21:42,231 | INFO  | [4020/5212] sz.300222 科大智能 取到2425条 | 已用11090s ETA 3289s
2026-08-26 18:21:42,231 | INFO  | [4021/5212] sz.300223 君正股份 取到2425条 | 已用11090s ETA 3285s
2026-08-26 18:21:42,231 | INFO  | [4022/5212] sz.300224 正海磁材 取到2425条 | 已用11090s ETA 3281s
2026-08-26 18:21:42,231 | INFO  | [4023/5212] sz.300225 金力泰 取到2425条 | 已用11090s ETA 3278s
2026-08-26 18:21:42,231 | INFO  | [4024/5212] sz.300226 上海钢联 取到2425条 | 已用11090s ETA 3274s
2026-08-26 18:21:57,458 | INFO  | [4025/5212] sz.300235 方直科技 取到2000条 | 已用11106s ETA 3275s
2026-08-26 18:21:57,458 | INFO  | [4026/5212] sz.300236 上海新阳 取到2425条 | 已用11106s ETA 3272s
2026-08-26 18:21:57,458 | INFO  | [4027/5212] sz.300237 ST美晨 取到2425条 | 已用11106s ETA 3268s
2026-08-26 18:21:57,458 | INFO  | [4028/5212] sz.300238 冠昊生物 取到2425条 | 已用11106s ETA 3264s
2026-08-26 18:21:57,458 | INFO  | [4029/5212] sz.300239 东宝生物 取到2425条 | 已用11106s ETA 3261s
2026-08-26 18:21:57,458 | INFO  | [4030/5212] sz.300240 飞力达 取到2425条 | 已用11106s ETA 3257s
2026-08-26 18:21:57,458 | INFO  | [4031/5212] sz.300241 瑞丰光电 取到2425条 | 已用11106s ETA 3254s
2026-08-26 18:21:57,458 | INFO  | [4032/5212] sz.300242 佳云科技 取到2425条 | 已用11106s ETA 3250s
2026-08-26 18:22:45,053 | INFO  | [4033/5212] sz.300243 瑞丰高材 取到2425条 | 已用11153s ETA 3261s
2026-08-26 18:22:45,053 | INFO  | [4034/5212] sz.300244 迪安诊断 取到2425条 | 已用11153s ETA 3257s
2026-08-26 18:22:45,053 | INFO  | [4035/5212] sz.300245 ST天玑 取到2425条 | 已用11153s ETA 3253s
2026-08-26 18:22:45,053 | INFO  | [4036/5212] sz.300246 宝莱特 取到2425条 | 已用11153s ETA 3250s
2026-08-26 18:22:45,053 | INFO  | [4037/5212] sz.300247 融捷健康 取到2425条 | 已用11153s ETA 3246s
2026-08-26 18:22:45,053 | INFO  | [4038/5212] sz.300248 新开普 取到2425条 | 已用11153s ETA 3243s
2026-08-26 18:22:45,054 | INFO  | [4039/5212] sz.300249 依米康 取到2425条 | 已用11153s ETA 3239s
2026-08-26 18:22:45,054 | INFO  | [4040/5212] sz.300250 初灵信息 取到2425条 | 已用11153s ETA 3236s
2026-08-26 18:23:24,597 | INFO  | [4041/5212] sz.300251 光线传媒 取到2425条 | 已用11193s ETA 3243s
2026-08-26 18:23:24,597 | INFO  | [4042/5212] sz.300252 金信诺 取到2425条 | 已用11193s ETA 3240s
2026-08-26 18:23:24,597 | INFO  | [4043/5212] sz.300253 卫宁健康 取到2425条 | 已用11193s ETA 3236s
2026-08-26 18:23:24,597 | INFO  | [4044/5212] sz.300254 仟源医药 取到2425条 | 已用11193s ETA 3233s
2026-08-26 18:23:24,597 | INFO  | [4045/5212] sz.300255 常山药业 取到2425条 | 已用11193s ETA 3229s
2026-08-26 18:23:24,597 | INFO  | [4046/5212] sz.300256 星星科技 取到2425条 | 已用11193s ETA 3226s
2026-08-26 18:23:24,597 | INFO  | [4047/5212] sz.300257 开山股份 取到2425条 | 已用11193s ETA 3222s
2026-08-26 18:23:24,597 | INFO  | [4048/5212] sz.300258 精锻科技 取到2425条 | 已用11193s ETA 3218s
2026-08-26 18:24:01,741 | INFO  | [4049/5212] sz.300259 新天科技 取到2425条 | 已用11230s ETA 3226s
2026-08-26 18:24:01,742 | INFO  | [4050/5212] sz.300260 新莱应材 取到2425条 | 已用11230s ETA 3222s
2026-08-26 18:24:01,742 | INFO  | [4051/5212] sz.300261 雅本化学 取到2425条 | 已用11230s ETA 3218s
2026-08-26 18:24:01,742 | INFO  | [4052/5212] sz.300263 隆华科技 取到2425条 | 已用11230s ETA 3215s
2026-08-26 18:24:01,742 | INFO  | [4053/5212] sz.300264 佳创视讯 取到2425条 | 已用11230s ETA 3211s
2026-08-26 18:24:01,742 | INFO  | [4054/5212] sz.300265 通光线缆 取到2425条 | 已用11230s ETA 3208s
2026-08-26 18:24:01,742 | INFO  | [4055/5212] sz.300266 兴源环境 取到2425条 | 已用11230s ETA 3204s
2026-08-26 18:24:01,742 | INFO  | [4056/5212] sz.300267 尔康制药 取到2425条 | 已用11230s ETA 3201s
2026-08-26 18:24:37,578 | INFO  | [4057/5212] sz.300268 佳沃食品 取到2425条 | 已用11266s ETA 3207s
2026-08-26 18:24:37,578 | INFO  | [4058/5212] sz.300269 联建光电 取到2425条 | 已用11266s ETA 3204s
2026-08-26 18:24:37,578 | INFO  | [4059/5212] sz.300270 中威电子 取到2425条 | 已用11266s ETA 3200s
2026-08-26 18:24:37,578 | INFO  | [4060/5212] sz.300271 华宇软件 取到2425条 | 已用11266s ETA 3197s
2026-08-26 18:24:37,578 | INFO  | [4061/5212] sz.300272 开能健康 取到2425条 | 已用11266s ETA 3193s
2026-08-26 18:24:37,578 | INFO  | [4062/5212] sz.300274 阳光电源 取到2425条 | 已用11266s ETA 3189s
2026-08-26 18:24:37,578 | INFO  | [4063/5212] sz.300275 梅安森 取到2425条 | 已用11266s ETA 3186s
2026-08-26 18:24:37,578 | INFO  | [4064/5212] sz.300276 三丰智能 取到2425条 | 已用11266s ETA 3182s
2026-08-26 18:25:08,608 | INFO  | [4065/5212] sz.300277 汽轮科技 取到2425条 | 已用11297s ETA 3188s
2026-08-26 18:25:08,608 | INFO  | [4066/5212] sz.300278 华昌达 取到2425条 | 已用11297s ETA 3184s
2026-08-26 18:25:08,608 | INFO  | [4067/5212] sz.300279 和晶科技 取到2425条 | 已用11297s ETA 3180s
2026-08-26 18:25:08,608 | INFO  | [4068/5212] sz.300281 金明精机 取到2425条 | 已用11297s ETA 3177s
2026-08-26 18:25:08,608 | INFO  | [4069/5212] sz.300283 温州宏丰 取到2425条 | 已用11297s ETA 3173s
2026-08-26 18:25:08,608 | INFO  | [4070/5212] sz.300284 苏交科 取到2425条 | 已用11297s ETA 3170s
2026-08-26 18:25:08,608 | INFO  | [4071/5212] sz.300285 国瓷材料 取到2425条 | 已用11297s ETA 3166s
2026-08-26 18:25:08,608 | INFO  | [4072/5212] sz.300286 安科瑞 取到2425条 | 已用11297s ETA 3163s
2026-08-26 18:25:39,974 | INFO  | [4073/5212] sz.300287 飞利信 取到2425条 | 已用11328s ETA 3168s
2026-08-26 18:25:39,974 | INFO  | [4074/5212] sz.300288 朗玛信息 取到2425条 | 已用11328s ETA 3164s
2026-08-26 18:25:39,974 | INFO  | [4075/5212] sz.300289 利德曼 取到2425条 | 已用11328s ETA 3161s
2026-08-26 18:25:39,974 | INFO  | [4076/5212] sz.300290 ST荣科 取到2425条 | 已用11328s ETA 3157s
2026-08-26 18:25:39,974 | INFO  | [4077/5212] sz.300291 百纳千成 取到2425条 | 已用11328s ETA 3154s
2026-08-26 18:25:39,974 | INFO  | [4078/5212] sz.300292 吴通控股 取到2425条 | 已用11328s ETA 3150s
2026-08-26 18:25:39,974 | INFO  | [4079/5212] sz.300293 蓝英装备 取到2425条 | 已用11328s ETA 3147s
2026-08-26 18:25:39,974 | INFO  | [4080/5212] sz.300294 博雅生物 取到2425条 | 已用11328s ETA 3143s
