login success!
2026-08-26 11:58:25,159 | INFO  | baostock 登录成功
2026-08-26 11:58:27,442 | INFO  | 数据区间: 2016-08-28 ~ 2026-08-25
2026-08-26 11:58:37,448 | INFO  | 共 5212 只 A 股
2026-08-26 11:58:37,923 | INFO  | worker 登录成功
2026-08-26 11:58:38,343 | INFO  | worker 登录成功
2026-08-26 11:58:38,797 | INFO  | worker 登录成功
2026-08-26 11:58:39,174 | INFO  | worker 登录成功
2026-08-26 11:59:09,484 | INFO  | [1/5212] sh.600031 三一重工 取到2425条 | 已用32s ETA 166915s
2026-08-26 11:59:09,484 | INFO  | [2/5212] sh.600032 浙江新能 取到1276条 | 已用32s ETA 83441s
2026-08-26 11:59:09,484 | INFO  | [3/5212] sh.600033 福建高速 取到2425条 | 已用32s ETA 55617s
2026-08-26 11:59:09,491 | INFO  | [4/5212] sh.600035 楚天高速 取到2425条 | 已用32s ETA 41713s
2026-08-26 11:59:09,491 | INFO  | [5/5212] sh.600036 招商银行 取到2425条 | 已用32s ETA 33364s
2026-08-26 11:59:09,491 | INFO  | [6/5212] sh.600037 歌华有线 取到2425条 | 已用32s ETA 27798s
2026-08-26 11:59:09,491 | INFO  | [7/5212] sh.600038 中直股份 取到2425条 | 已用32s ETA 23823s
2026-08-26 11:59:09,491 | INFO  | [8/5212] sh.600039 四川路桥 取到2425条 | 已用32s ETA 20841s
2026-08-26 11:59:14,665 | INFO  | [9/5212] sh.600000 浦发银行 取到2425条 | 已用37s ETA 21512s
2026-08-26 11:59:14,665 | INFO  | [10/5212] sh.600004 白云机场 取到2425条 | 已用37s ETA 19357s
2026-08-26 11:59:14,665 | INFO  | [11/5212] sh.600006 东风股份 取到2425条 | 已用37s ETA 17594s
2026-08-26 11:59:14,665 | INFO  | [12/5212] sh.600007 中国国贸 取到2425条 | 已用37s ETA 16125s
2026-08-26 11:59:14,665 | INFO  | [13/5212] sh.600008 首创环保 取到2425条 | 已用37s ETA 14882s
2026-08-26 11:59:14,665 | INFO  | [14/5212] sh.600009 上海机场 取到2425条 | 已用37s ETA 13816s
2026-08-26 11:59:14,665 | INFO  | [15/5212] sh.600010 包钢股份 取到2425条 | 已用37s ETA 12893s
2026-08-26 11:59:14,665 | INFO  | [16/5212] sh.600011 华能国际 取到2425条 | 已用37s ETA 12084s
2026-08-26 11:59:15,196 | INFO  | [17/5212] sh.600022 山东钢铁 取到2425条 | 已用38s ETA 11534s
2026-08-26 11:59:15,196 | INFO  | [18/5212] sh.600023 浙能电力 取到2425条 | 已用38s ETA 10891s
2026-08-26 11:59:15,196 | INFO  | [19/5212] sh.600025 华能水电 取到2109条 | 已用38s ETA 10316s
2026-08-26 11:59:15,196 | INFO  | [20/5212] sh.600026 中远海能 取到2425条 | 已用38s ETA 9798s
2026-08-26 11:59:15,196 | INFO  | [21/5212] sh.600027 华电国际 取到2425条 | 已用38s ETA 9330s
2026-08-26 11:59:15,196 | INFO  | [22/5212] sh.600028 中国石化 取到2425条 | 已用38s ETA 8904s
2026-08-26 11:59:15,196 | INFO  | [23/5212] sh.600029 南方航空 取到2425条 | 已用38s ETA 8515s
2026-08-26 11:59:15,196 | INFO  | [24/5212] sh.600030 中信证券 取到2425条 | 已用38s ETA 8159s
2026-08-26 11:59:25,221 | INFO  | [25/5212] sh.600012 皖通高速 取到2425条 | 已用48s ETA 9911s
2026-08-26 11:59:25,221 | INFO  | [26/5212] sh.600015 华夏银行 取到2425条 | 已用48s ETA 9528s
2026-08-26 11:59:25,221 | INFO  | [27/5212] sh.600016 民生银行 取到2425条 | 已用48s ETA 9173s
2026-08-26 11:59:25,221 | INFO  | [28/5212] sh.600017 日照港 取到2425条 | 已用48s ETA 8844s
2026-08-26 11:59:25,221 | INFO  | [29/5212] sh.600018 上港集团 取到2425条 | 已用48s ETA 8537s
2026-08-26 11:59:25,221 | INFO  | [30/5212] sh.600019 宝钢股份 取到2425条 | 已用48s ETA 8251s
2026-08-26 11:59:25,221 | INFO  | [31/5212] sh.600020 中原高速 取到2425条 | 已用48s ETA 7983s
2026-08-26 11:59:25,221 | INFO  | [32/5212] sh.600021 上海电力 取到2425条 | 已用48s ETA 7732s
2026-08-26 11:59:53,823 | INFO  | [33/5212] sh.600066 宇通客车 取到2425条 | 已用76s ETA 11985s
2026-08-26 11:59:53,823 | INFO  | [34/5212] sh.600067 冠城新材 取到2425条 | 已用76s ETA 11631s
2026-08-26 11:59:53,823 | INFO  | [35/5212] sh.600071 凤凰光学 取到2425条 | 已用76s ETA 11296s
2026-08-26 11:59:53,823 | INFO  | [36/5212] sh.600072 中船科技 取到2425条 | 已用76s ETA 10980s
2026-08-26 11:59:53,823 | INFO  | [37/5212] sh.600073 光明肉业 取到2425条 | 已用76s ETA 10681s
2026-08-26 11:59:53,823 | INFO  | [38/5212] sh.600075 新疆天业 取到2425条 | 已用76s ETA 10398s
2026-08-26 11:59:53,824 | INFO  | [39/5212] sh.600076 康欣新材 取到2425条 | 已用76s ETA 10130s
2026-08-26 11:59:53,824 | INFO  | [40/5212] sh.600078 澄星股份 取到2425条 | 已用76s ETA 9875s
2026-08-26 11:59:58,290 | INFO  | [41/5212] sh.600057 厦门象屿 取到2425条 | 已用81s ETA 10195s
2026-08-26 11:59:58,291 | INFO  | [42/5212] sh.600058 五矿发展 取到2425条 | 已用81s ETA 9951s
2026-08-26 11:59:58,291 | INFO  | [43/5212] sh.600059 古越龙山 取到2425条 | 已用81s ETA 9717s
2026-08-26 11:59:58,291 | INFO  | [44/5212] sh.600060 海信视像 取到2425条 | 已用81s ETA 9495s
2026-08-26 11:59:58,291 | INFO  | [45/5212] sh.600061 国投资本 取到2425条 | 已用81s ETA 9282s
2026-08-26 11:59:58,291 | INFO  | [46/5212] sh.600062 华润双鹤 取到2425条 | 已用81s ETA 9078s
2026-08-26 11:59:58,291 | INFO  | [47/5212] sh.600063 皖维高新 取到2425条 | 已用81s ETA 8884s
2026-08-26 11:59:58,291 | INFO  | [48/5212] sh.600064 南京高科 取到2425条 | 已用81s ETA 8697s
2026-08-26 12:00:05,556 | INFO  | [49/5212] sh.600048 保利发展 取到2425条 | 已用88s ETA 9283s
2026-08-26 12:00:05,557 | INFO  | [50/5212] sh.600050 中国联通 取到2425条 | 已用88s ETA 9096s
2026-08-26 12:00:05,557 | INFO  | [51/5212] sh.600051 宁波联合 取到2425条 | 已用88s ETA 8916s
2026-08-26 12:00:05,557 | INFO  | [52/5212] sh.600052 东望时代 取到2425条 | 已用88s ETA 8743s
2026-08-26 12:00:05,557 | INFO  | [53/5212] sh.600053 *ST九鼎 取到2425条 | 已用88s ETA 8576s
2026-08-26 12:00:05,557 | INFO  | [54/5212] sh.600054 黄山旅游 取到2425条 | 已用88s ETA 8416s
2026-08-26 12:00:05,557 | INFO  | [55/5212] sh.600055 万东医疗 取到2425条 | 已用88s ETA 8261s
2026-08-26 12:00:05,557 | INFO  | [56/5212] sh.600056 中国医药 取到2425条 | 已用88s ETA 8112s
2026-08-26 12:00:09,665 | INFO  | [57/5212] sh.600079 ST人福 取到2425条 | 已用92s ETA 8339s
2026-08-26 12:00:09,665 | INFO  | [58/5212] sh.600080 ST金花 取到2425条 | 已用92s ETA 8194s
2026-08-26 12:00:09,665 | INFO  | [59/5212] sh.600081 东风科技 取到2425条 | 已用92s ETA 8054s
2026-08-26 12:00:09,665 | INFO  | [60/5212] sh.600082 ST海泰 取到2425条 | 已用92s ETA 7918s
2026-08-26 12:00:09,665 | INFO  | [61/5212] sh.600084 *ST尼雅 取到2425条 | 已用92s ETA 7787s
2026-08-26 12:00:09,665 | INFO  | [62/5212] sh.600085 同仁堂 取到2425条 | 已用92s ETA 7660s
2026-08-26 12:00:09,665 | INFO  | [63/5212] sh.600088 中视传媒 取到2425条 | 已用92s ETA 7536s
2026-08-26 12:00:09,665 | INFO  | [64/5212] sh.600089 特变电工 取到2425条 | 已用92s ETA 7417s
2026-08-26 12:00:36,171 | INFO  | [65/5212] sh.600094 大名城 取到2425条 | 已用119s ETA 9401s
2026-08-26 12:00:36,171 | INFO  | [66/5212] sh.600095 湘财股份 取到2425条 | 已用119s ETA 9256s
2026-08-26 12:00:36,171 | INFO  | [67/5212] sh.600096 云天化 取到2425条 | 已用119s ETA 9116s
2026-08-26 12:00:36,171 | INFO  | [68/5212] sh.600097 开创国际 取到2425条 | 已用119s ETA 8981s
2026-08-26 12:00:36,171 | INFO  | [69/5212] sh.600098 广州发展 取到2425条 | 已用119s ETA 8849s
2026-08-26 12:00:36,171 | INFO  | [70/5212] sh.600099 林海股份 取到2425条 | 已用119s ETA 8721s
2026-08-26 12:00:36,171 | INFO  | [71/5212] sh.600100 同方股份 取到2425条 | 已用119s ETA 8596s
2026-08-26 12:00:36,171 | INFO  | [72/5212] sh.600101 明星电力 取到2425条 | 已用119s ETA 8475s
2026-08-26 12:00:42,493 | INFO  | [73/5212] sh.600120 浙江东方 取到2425条 | 已用125s ETA 8802s
2026-08-26 12:00:42,493 | INFO  | [74/5212] sh.600121 郑州煤电 取到2425条 | 已用125s ETA 8682s
2026-08-26 12:00:42,493 | INFO  | [75/5212] sh.600123 兰花科创 取到2425条 | 已用125s ETA 8564s
2026-08-26 12:00:42,493 | INFO  | [76/5212] sh.600125 铁龙物流 取到2425条 | 已用125s ETA 8450s
2026-08-26 12:00:42,493 | INFO  | [77/5212] sh.600126 杭钢股份 取到2425条 | 已用125s ETA 8339s
2026-08-26 12:00:42,493 | INFO  | [78/5212] sh.600127 金健米业 取到2425条 | 已用125s ETA 8230s
2026-08-26 12:00:42,493 | INFO  | [79/5212] sh.600128 苏豪弘业 取到2425条 | 已用125s ETA 8124s
2026-08-26 12:00:42,493 | INFO  | [80/5212] sh.600129 太极集团 取到2425条 | 已用125s ETA 8021s
2026-08-26 12:00:44,473 | INFO  | [81/5212] sh.600103 青山纸业 取到2425条 | 已用127s ETA 8046s
2026-08-26 12:00:44,473 | INFO  | [82/5212] sh.600104 上汽集团 取到2425条 | 已用127s ETA 7946s
2026-08-26 12:00:44,473 | INFO  | [83/5212] sh.600105 永鼎股份 取到2425条 | 已用127s ETA 7849s
2026-08-26 12:00:44,473 | INFO  | [84/5212] sh.600106 重庆路桥 取到2425条 | 已用127s ETA 7754s
2026-08-26 12:00:44,473 | INFO  | [85/5212] sh.600107 *ST尔雅 取到2425条 | 已用127s ETA 7662s
2026-08-26 12:00:44,473 | INFO  | [86/5212] sh.600108 亚盛集团 取到2425条 | 已用127s ETA 7571s
2026-08-26 12:00:44,473 | INFO  | [87/5212] sh.600109 国金证券 取到2425条 | 已用127s ETA 7483s
2026-08-26 12:00:44,473 | INFO  | [88/5212] sh.600110 诺德股份 取到2425条 | 已用127s ETA 7396s
2026-08-26 12:00:50,294 | INFO  | [89/5212] sh.600111 北方稀土 取到2425条 | 已用133s ETA 7647s
2026-08-26 12:00:50,294 | INFO  | [90/5212] sh.600113 浙江东日 取到2425条 | 已用133s ETA 7560s
2026-08-26 12:00:50,294 | INFO  | [91/5212] sh.600114 东睦股份 取到2425条 | 已用133s ETA 7476s
2026-08-26 12:00:50,294 | INFO  | [92/5212] sh.600115 中国东航 取到2425条 | 已用133s ETA 7393s
2026-08-26 12:00:50,294 | INFO  | [93/5212] sh.600116 三峡水利 取到2425条 | 已用133s ETA 7312s
2026-08-26 12:00:50,294 | INFO  | [94/5212] sh.600117 西宁特钢 取到2425条 | 已用133s ETA 7233s
2026-08-26 12:00:50,294 | INFO  | [95/5212] sh.600118 中国卫星 取到2425条 | 已用133s ETA 7155s
2026-08-26 12:00:50,294 | INFO  | [96/5212] sh.600119 *ST长投 取到2425条 | 已用133s ETA 7079s
2026-08-26 12:01:04,185 | WARNING | sh.600166 第1次请求失败: error_code=10001011 msg=黑名单用户，请与管理员联系
2026-08-26 12:01:05,081 | WARNING | sh.600136 第1次请求失败: error_code=10001011 msg=黑名单用户，请与管理员联系
2026-08-26 12:01:05,412 | WARNING | sh.600150 第1次请求失败: error_code=10001011 msg=黑名单用户，请与管理员联系
2026-08-26 12:01:06,247 | WARNING | sh.600166 重登失败，继续重试
2026-08-26 12:01:06,260 | WARNING | sh.600166 第2次请求失败: error_code=10001011 msg=黑名单用户，请与管理员联系
2026-08-26 12:01:07,152 | WARNING | sh.600136 重登失败，继续重试
2026-08-26 12:01:07,175 | WARNING | sh.600136 第2次请求失败: error_code=10001011 msg=黑名单用户，请与管理员联系
2026-08-26 12:01:07,560 | WARNING | sh.600159 第1次请求失败: error_code=10001011 msg=黑名单用户，请与管理员联系
2026-08-26 12:01:08,949 | WARNING | sh.600150 重登失败，继续重试
2026-08-26 12:01:08,964 | WARNING | sh.600150 第2次请求失败: error_code=10001011 msg=黑名单用户，请与管理员联系
2026-08-26 12:01:09,650 | WARNING | sh.600159 重登失败，继续重试
2026-08-26 12:01:09,669 | WARNING | sh.600159 第2次请求失败: error_code=10001011 msg=黑名单用户，请与管理员联系
2026-08-26 12:01:10,613 | WARNING | sh.600166 重登失败，继续重试
2026-08-26 12:01:10,631 | WARNING | sh.600166 第3次请求失败: error_code=10001011 msg=黑名单用户，请与管理员联系
2026-08-26 12:01:11,259 | WARNING | sh.600136 重登失败，继续重试
2026-08-26 12:01:11,284 | WARNING | sh.600136 第3次请求失败: error_code=10001011 msg=黑名单用户，请与管理员联系
2026-08-26 12:01:13,049 | WARNING | sh.600150 重登失败，继续重试
2026-08-26 12:01:13,071 | WARNING | sh.600150 第3次请求失败: error_code=10001011 msg=黑名单用户，请与管理员联系
2026-08-26 12:01:13,750 | WARNING | sh.600159 重登失败，继续重试
2026-08-26 12:01:13,771 | WARNING | sh.600159 第3次请求失败: error_code=10001011 msg=黑名单用户，请与管理员联系
2026-08-26 12:01:16,976 | WARNING | sh.600166 重登失败，继续重试
2026-08-26 12:01:16,993 | WARNING | sh.600166 第4次请求失败: error_code=10001011 msg=黑名单用户，请与管理员联系
2026-08-26 12:01:17,845 | WARNING | sh.600136 重登失败，继续重试
2026-08-26 12:01:17,864 | WARNING | sh.600136 第4次请求失败: error_code=10001011 msg=黑名单用户，请与管理员联系
2026-08-26 12:01:19,161 | WARNING | sh.600150 重登失败，继续重试
2026-08-26 12:01:19,403 | WARNING | sh.600150 第4次请求失败: error_code=10001011 msg=黑名单用户，请与管理员联系
2026-08-26 12:01:22,034 | WARNING | sh.600159 重登失败，继续重试
2026-08-26 12:01:22,049 | WARNING | sh.600159 第4次请求失败: error_code=10001011 msg=黑名单用户，请与管理员联系
2026-08-26 12:01:25,064 | WARNING | sh.600166 重登失败，继续重试
2026-08-26 12:01:25,300 | WARNING | sh.600166 第5次请求失败: error_code=10001011 msg=黑名单用户，请与管理员联系
2026-08-26 12:01:26,193 | WARNING | sh.600136 重登失败，继续重试
2026-08-26 12:01:26,216 | WARNING | sh.600136 第5次请求失败: error_code=10001011 msg=黑名单用户，请与管理员联系
2026-08-26 12:01:29,845 | WARNING | sh.600150 重登失败，继续重试
2026-08-26 12:01:30,075 | WARNING | sh.600150 第5次请求失败: error_code=10001011 msg=黑名单用户，请与管理员联系
2026-08-26 12:01:30,116 | WARNING | sh.600159 重登失败，继续重试
2026-08-26 12:01:30,135 | WARNING | sh.600159 第5次请求失败: error_code=10001011 msg=黑名单用户，请与管理员联系
2026-08-26 12:01:36,365 | WARNING | sh.600166 重登失败，继续重试
2026-08-26 12:01:36,766 | WARNING | sh.600167 第1次请求失败: error_code=10001011 msg=黑名单用户，请与管理员联系
2026-08-26 12:01:36,847 | WARNING | sh.600136 重登失败，继续重试
2026-08-26 12:01:36,870 | WARNING | sh.600137 第1次请求失败: error_code=10001011 msg=黑名单用户，请与管理员联系
2026-08-26 12:01:38,953 | WARNING | sh.600137 重登失败，继续重试
2026-08-26 12:01:38,967 | WARNING | sh.600137 第2次请求失败: error_code=10001011 msg=黑名单用户，请与管理员联系
2026-08-26 12:01:39,165 | WARNING | sh.600167 重登失败，继续重试
2026-08-26 12:01:39,405 | WARNING | sh.600167 第2次请求失败: error_code=10001011 msg=黑名单用户，请与管理员联系
2026-08-26 12:01:40,434 | WARNING | sh.600159 重登失败，继续重试
2026-08-26 12:01:40,454 | WARNING | sh.600160 第1次请求失败: error_code=10001011 msg=黑名单用户，请与管理员联系
2026-08-26 12:01:41,477 | WARNING | sh.600150 重登失败，继续重试
2026-08-26 12:01:42,010 | WARNING | sh.600151 第1次请求失败: error_code=10001011 msg=黑名单用户，请与管理员联系
2026-08-26 12:01:42,861 | WARNING | sh.600160 重登失败，继续重试
2026-08-26 12:01:42,875 | WARNING | sh.600160 第2次请求失败: error_code=10001011 msg=黑名单用户，请与管理员联系
2026-08-26 12:01:43,725 | WARNING | sh.600167 重登失败，继续重试
2026-08-26 12:01:43,743 | WARNING | sh.600167 第3次请求失败: error_code=10001011 msg=黑名单用户，请与管理员联系
2026-08-26 12:01:44,023 | WARNING | sh.600137 重登失败，继续重试
2026-08-26 12:01:44,040 | WARNING | sh.600137 第3次请求失败: error_code=10001011 msg=黑名单用户，请与管理员联系
2026-08-26 12:01:45,259 | WARNING | sh.600151 重登失败，继续重试
2026-08-26 12:01:45,281 | WARNING | sh.600151 第2次请求失败: error_code=10001011 msg=黑名单用户，请与管理员联系
2026-08-26 12:01:47,934 | WARNING | sh.600160 重登失败，继续重试
2026-08-26 12:01:47,952 | WARNING | sh.600160 第3次请求失败: error_code=10001011 msg=黑名单用户，请与管理员联系
2026-08-26 12:01:50,830 | WARNING | sh.600167 重登失败，继续重试
2026-08-26 12:01:50,848 | WARNING | sh.600167 第4次请求失败: error_code=10001011 msg=黑名单用户，请与管理员联系
2026-08-26 12:01:51,125 | WARNING | sh.600137 重登失败，继续重试
2026-08-26 12:01:51,139 | WARNING | sh.600137 第4次请求失败: error_code=10001011 msg=黑名单用户，请与管理员联系
2026-08-26 12:01:52,446 | WARNING | sh.600151 重登失败，继续重试
2026-08-26 12:01:52,462 | WARNING | sh.600151 第3次请求失败: error_code=10001011 msg=黑名单用户，请与管理员联系
2026-08-26 12:01:54,243 | WARNING | sh.600160 重登失败，继续重试
2026-08-26 12:01:54,258 | WARNING | sh.600160 第4次请求失败: error_code=10001011 msg=黑名单用户，请与管理员联系
2026-08-26 12:01:58,533 | WARNING | sh.600151 重登失败，继续重试
2026-08-26 12:01:58,764 | WARNING | sh.600151 第4次请求失败: error_code=10001011 msg=黑名单用户，请与管理员联系
2026-08-26 12:01:59,263 | WARNING | sh.600137 重登失败，继续重试
2026-08-26 12:01:59,279 | WARNING | sh.600137 第5次请求失败: error_code=10001011 msg=黑名单用户，请与管理员联系
2026-08-26 12:01:59,361 | WARNING | sh.600167 重登失败，继续重试
2026-08-26 12:01:59,386 | WARNING | sh.600167 第5次请求失败: error_code=10001011 msg=黑名单用户，请与管理员联系
2026-08-26 12:02:02,826 | WARNING | sh.600160 重登失败，继续重试
2026-08-26 12:02:02,905 | WARNING | sh.600160 第5次请求失败: error_code=10001011 msg=黑名单用户，请与管理员联系
2026-08-26 12:02:07,501 | WARNING | sh.600151 重登失败，继续重试
2026-08-26 12:02:07,524 | WARNING | sh.600151 第5次请求失败: error_code=10001011 msg=黑名单用户，请与管理员联系
2026-08-26 12:02:09,334 | WARNING | sh.600137 重登失败，继续重试
2026-08-26 12:02:09,348 | WARNING | sh.600138 第1次请求失败: error_code=10001011 msg=黑名单用户，请与管理员联系
2026-08-26 12:02:09,545 | WARNING | sh.600167 重登失败，继续重试
2026-08-26 12:02:09,566 | WARNING | sh.600168 第1次请求失败: error_code=10001011 msg=黑名单用户，请与管理员联系
2026-08-26 12:02:12,128 | WARNING | sh.600138 重登失败，继续重试
2026-08-26 12:02:12,146 | WARNING | sh.600138 第2次请求失败: error_code=10001011 msg=黑名单用户，请与管理员联系
2026-08-26 12:02:12,193 | WARNING | sh.600168 重登失败，继续重试
2026-08-26 12:02:12,211 | WARNING | sh.600168 第2次请求失败: error_code=10001011 msg=黑名单用户，请与管理员联系
2026-08-26 12:02:12,965 | WARNING | sh.600160 重登失败，继续重试
2026-08-26 12:02:12,983 | WARNING | sh.600161 第1次请求失败: error_code=10001011 msg=黑名单用户，请与管理员联系
2026-08-26 12:02:16,274 | WARNING | sh.600161 重登失败，继续重试
2026-08-26 12:02:16,280 | WARNING | sh.600138 重登失败，继续重试
2026-08-26 12:02:16,292 | WARNING | sh.600161 第2次请求失败: error_code=10001011 msg=黑名单用户，请与管理员联系
2026-08-26 12:02:16,299 | WARNING | sh.600138 第3次请求失败: error_code=10001011 msg=黑名单用户，请与管理员联系
2026-08-26 12:02:16,491 | WARNING | sh.600168 重登失败，继续重试
2026-08-26 12:02:16,508 | WARNING | sh.600168 第3次请求失败: error_code=10001011 msg=黑名单用户，请与管理员联系
2026-08-26 12:02:17,824 | WARNING | sh.600151 重登失败，继续重试
2026-08-26 12:02:17,871 | WARNING | sh.600152 第1次请求失败: error_code=10001011 msg=黑名单用户，请与管理员联系
2026-08-26 12:02:19,938 | WARNING | sh.600152 重登失败，继续重试
2026-08-26 12:02:19,954 | WARNING | sh.600152 第2次请求失败: error_code=10001011 msg=黑名单用户，请与管理员联系
2026-08-26 12:02:20,659 | WARNING | sh.600161 重登失败，继续重试
2026-08-26 12:02:20,681 | WARNING | sh.600161 第3次请求失败: error_code=10001011 msg=黑名单用户，请与管理员联系
2026-08-26 12:02:22,350 | WARNING | sh.600138 重登失败，继续重试
2026-08-26 12:02:22,366 | WARNING | sh.600138 第4次请求失败: error_code=10001011 msg=黑名单用户，请与管理员联系
2026-08-26 12:02:23,582 | WARNING | sh.600168 重登失败，继续重试
2026-08-26 12:02:23,597 | WARNING | sh.600168 第4次请求失败: error_code=10001011 msg=黑名单用户，请与管理员联系
2026-08-26 12:02:24,002 | WARNING | sh.600152 重登失败，继续重试
2026-08-26 12:02:24,016 | WARNING | sh.600152 第3次请求失败: error_code=10001011 msg=黑名单用户，请与管理员联系
2026-08-26 12:02:27,208 | WARNING | sh.600161 重登失败，继续重试
2026-08-26 12:02:27,671 | WARNING | sh.600161 第4次请求失败: error_code=10001011 msg=黑名单用户，请与管理员联系
2026-08-26 12:02:30,968 | WARNING | sh.600138 重登失败，继续重试
2026-08-26 12:02:30,987 | WARNING | sh.600138 第5次请求失败: error_code=10001011 msg=黑名单用户，请与管理员联系
2026-08-26 12:02:31,897 | WARNING | sh.600168 重登失败，继续重试
2026-08-26 12:02:32,357 | WARNING | sh.600168 第5次请求失败: error_code=10001011 msg=黑名单用户，请与管理员联系
2026-08-26 12:02:32,424 | WARNING | sh.600152 重登失败，继续重试
2026-08-26 12:02:32,438 | WARNING | sh.600152 第4次请求失败: error_code=10001011 msg=黑名单用户，请与管理员联系
2026-08-26 12:02:35,971 | WARNING | sh.600161 重登失败，继续重试
2026-08-26 12:02:35,986 | WARNING | sh.600161 第5次请求失败: error_code=10001011 msg=黑名单用户，请与管理员联系
2026-08-26 12:02:40,503 | WARNING | sh.600152 重登失败，继续重试
2026-08-26 12:02:40,595 | WARNING | sh.600152 第5次请求失败: error_code=10001011 msg=黑名单用户，请与管理员联系
2026-08-26 12:02:42,448 | WARNING | sh.600138 重登失败，继续重试
2026-08-26 12:02:42,449 | INFO  | [97/5212] sh.600130 波导股份 取到2425条 | 已用245s ETA 12919s
2026-08-26 12:02:42,449 | INFO  | [98/5212] sh.600131 国网信通 取到2425条 | 已用245s ETA 12785s
2026-08-26 12:02:42,449 | INFO  | [99/5212] sh.600132 重庆啤酒 取到2425条 | 已用245s ETA 12653s
2026-08-26 12:02:42,449 | INFO  | [100/5212] sh.600133 东湖高新 取到2425条 | 已用245s ETA 12524s
2026-08-26 12:02:42,449 | INFO  | [101/5212] sh.600135 乐凯胶片 取到2000条 | 已用245s ETA 12398s
2026-08-26 12:02:42,449 | ERROR | [102/5212] sh.600136 sh.600136 下载失败(重试5次): error_code=10001011 msg=黑名单用户，请与管理员联系 下载失败: ST明诚
2026-08-26 12:02:42,449 | ERROR | [103/5212] sh.600137 sh.600137 下载失败(重试5次): error_code=10001011 msg=黑名单用户，请与管理员联系 下载失败: 浪莎股份
2026-08-26 12:02:42,449 | ERROR | [104/5212] sh.600138 sh.600138 下载失败(重试5次): error_code=10001011 msg=黑名单用户，请与管理员联系 下载失败: 中青旅
2026-08-26 12:02:42,471 | WARNING | sh.600172 第1次请求失败: error_code=10001011 msg=黑名单用户，请与管理员联系
2026-08-26 12:02:44,433 | WARNING | sh.600168 重登失败，继续重试
2026-08-26 12:02:44,449 | WARNING | sh.600169 第1次请求失败: error_code=10001011 msg=黑名单用户，请与管理员联系
2026-08-26 12:02:44,555 | WARNING | sh.600172 重登失败，继续重试
2026-08-26 12:02:44,591 | WARNING | sh.600172 第2次请求失败: error_code=10001011 msg=黑名单用户，请与管理员联系
2026-08-26 12:02:46,042 | WARNING | sh.600161 重登失败，继续重试
2026-08-26 12:02:46,058 | WARNING | sh.600162 第1次请求失败: error_code=10001011 msg=黑名单用户，请与管理员联系
2026-08-26 12:02:46,526 | WARNING | sh.600169 重登失败，继续重试
2026-08-26 12:02:46,545 | WARNING | sh.600169 第2次请求失败: error_code=10001011 msg=黑名单用户，请与管理员联系
2026-08-26 12:02:48,122 | WARNING | sh.600162 重登失败，继续重试
2026-08-26 12:02:48,141 | WARNING | sh.600162 第2次请求失败: error_code=10001011 msg=黑名单用户，请与管理员联系
2026-08-26 12:02:49,654 | WARNING | sh.600172 重登失败，继续重试
2026-08-26 12:02:49,674 | WARNING | sh.600172 第3次请求失败: error_code=10001011 msg=黑名单用户，请与管理员联系
2026-08-26 12:02:50,676 | WARNING | sh.600152 重登失败，继续重试
2026-08-26 12:02:50,911 | WARNING | sh.600153 第1次请求失败: error_code=10001011 msg=黑名单用户，请与管理员联系
2026-08-26 12:02:51,621 | WARNING | sh.600169 重登失败，继续重试
2026-08-26 12:02:51,642 | WARNING | sh.600169 第3次请求失败: error_code=10001011 msg=黑名单用户，请与管理员联系
2026-08-26 12:02:52,248 | WARNING | sh.600162 重登失败，继续重试
2026-08-26 12:02:52,264 | WARNING | sh.600162 第3次请求失败: error_code=10001011 msg=黑名单用户，请与管理员联系
2026-08-26 12:02:53,205 | WARNING | sh.600153 重登失败，继续重试
2026-08-26 12:02:53,224 | WARNING | sh.600153 第2次请求失败: error_code=10001011 msg=黑名单用户，请与管理员联系
2026-08-26 12:02:55,728 | WARNING | sh.600172 重登失败，继续重试
2026-08-26 12:02:55,742 | WARNING | sh.600172 第4次请求失败: error_code=10001011 msg=黑名单用户，请与管理员联系
2026-08-26 12:02:57,300 | WARNING | sh.600153 重登失败，继续重试
2026-08-26 12:02:57,322 | WARNING | sh.600153 第3次请求失败: error_code=10001011 msg=黑名单用户，请与管理员联系
2026-08-26 12:02:57,934 | WARNING | sh.600169 重登失败，继续重试
2026-08-26 12:02:57,949 | WARNING | sh.600169 第4次请求失败: error_code=10001011 msg=黑名单用户，请与管理员联系
2026-08-26 12:02:58,351 | WARNING | sh.600162 重登失败，继续重试
2026-08-26 12:02:58,375 | WARNING | sh.600162 第4次请求失败: error_code=10001011 msg=黑名单用户，请与管理员联系
2026-08-26 12:03:04,385 | WARNING | sh.600153 重登失败，继续重试
2026-08-26 12:03:04,398 | WARNING | sh.600153 第4次请求失败: error_code=10001011 msg=黑名单用户，请与管理员联系
2026-08-26 12:03:04,818 | WARNING | sh.600172 重登失败，继续重试
2026-08-26 12:03:04,839 | WARNING | sh.600172 第5次请求失败: error_code=10001011 msg=黑名单用户，请与管理员联系
2026-08-26 12:03:06,391 | WARNING | sh.600169 重登失败，继续重试
2026-08-26 12:03:06,405 | WARNING | sh.600169 第5次请求失败: error_code=10001011 msg=黑名单用户，请与管理员联系
2026-08-26 12:03:07,854 | WARNING | sh.600162 重登失败，继续重试
2026-08-26 12:03:07,877 | WARNING | sh.600162 第5次请求失败: error_code=10001011 msg=黑名单用户，请与管理员联系
2026-08-26 12:03:12,683 | WARNING | sh.600153 重登失败，继续重试
2026-08-26 12:03:12,697 | WARNING | sh.600153 第5次请求失败: error_code=10001011 msg=黑名单用户，请与管理员联系
2026-08-26 12:03:15,351 | WARNING | sh.600172 重登失败，继续重试
2026-08-26 12:03:15,380 | WARNING | sh.600173 第1次请求失败: error_code=10001011 msg=黑名单用户，请与管理员联系
2026-08-26 12:03:17,339 | WARNING | sh.600169 重登失败，继续重试
2026-08-26 12:03:17,354 | WARNING | sh.600170 第1次请求失败: error_code=10001011 msg=黑名单用户，请与管理员联系
2026-08-26 12:03:17,651 | WARNING | sh.600173 重登失败，继续重试
2026-08-26 12:03:17,665 | WARNING | sh.600173 第2次请求失败: error_code=10001011 msg=黑名单用户，请与管理员联系
2026-08-26 12:03:18,201 | WARNING | sh.600162 重登失败，继续重试
2026-08-26 12:03:18,201 | INFO  | [105/5212] sh.600155 华创云信 取到2425条 | 已用281s ETA 13655s
2026-08-26 12:03:18,202 | INFO  | [106/5212] sh.600156 华升股份 取到2425条 | 已用281s ETA 13524s
2026-08-26 12:03:18,202 | INFO  | [107/5212] sh.600157 永泰能源 取到2425条 | 已用281s ETA 13395s
2026-08-26 12:03:18,202 | INFO  | [108/5212] sh.600158 中体产业 取到2425条 | 已用281s ETA 13268s
2026-08-26 12:03:18,202 | ERROR | [109/5212] sh.600159 sh.600159 下载失败(重试5次): error_code=10001011 msg=黑名单用户，请与管理员联系 下载失败: 大龙地产
2026-08-26 12:03:18,202 | ERROR | [110/5212] sh.600160 sh.600160 下载失败(重试5次): error_code=10001011 msg=黑名单用户，请与管理员联系 下载失败: 巨化股份
2026-08-26 12:03:18,202 | ERROR | [111/5212] sh.600161 sh.600161 下载失败(重试5次): error_code=10001011 msg=黑名单用户，请与管理员联系 下载失败: 天坛生物
2026-08-26 12:03:18,202 | ERROR | [112/5212] sh.600162 sh.600162 下载失败(重试5次): error_code=10001011 msg=黑名单用户，请与管理员联系 下载失败: 香江控股
2026-08-26 12:03:18,218 | WARNING | sh.600183 第1次请求失败: error_code=10001011 msg=黑名单用户，请与管理员联系
2026-08-26 12:03:19,648 | WARNING | sh.600170 重登失败，继续重试
2026-08-26 12:03:19,667 | WARNING | sh.600170 第2次请求失败: error_code=10001011 msg=黑名单用户，请与管理员联系
2026-08-26 12:03:20,275 | WARNING | sh.600183 重登失败，继续重试
2026-08-26 12:03:20,291 | WARNING | sh.600183 第2次请求失败: error_code=10001011 msg=黑名单用户，请与管理员联系
2026-08-26 12:03:22,123 | WARNING | sh.600173 重登失败，继续重试
2026-08-26 12:03:22,136 | WARNING | sh.600173 第3次请求失败: error_code=10001011 msg=黑名单用户，请与管理员联系
2026-08-26 12:03:23,722 | WARNING | sh.600170 重登失败，继续重试
2026-08-26 12:03:23,741 | WARNING | sh.600170 第3次请求失败: error_code=10001011 msg=黑名单用户，请与管理员联系
2026-08-26 12:03:23,987 | WARNING | sh.600153 重登失败，继续重试
2026-08-26 12:03:23,988 | INFO  | [113/5212] sh.600141 兴发集团 取到2425条 | 已用287s ETA 12930s
2026-08-26 12:03:23,988 | INFO  | [114/5212] sh.600143 金发科技 取到2425条 | 已用287s ETA 12814s
2026-08-26 12:03:23,988 | INFO  | [115/5212] sh.600148 长春一东 取到2425条 | 已用287s ETA 12700s
2026-08-26 12:03:23,988 | INFO  | [116/5212] sh.600149 廊坊发展 取到2425条 | 已用287s ETA 12588s
2026-08-26 12:03:23,988 | ERROR | [117/5212] sh.600150 sh.600150 下载失败(重试5次): error_code=10001011 msg=黑名单用户，请与管理员联系 下载失败: 中国船舶
2026-08-26 12:03:23,988 | ERROR | [118/5212] sh.600151 sh.600151 下载失败(重试5次): error_code=10001011 msg=黑名单用户，请与管理员联系 下载失败: 航天机电
2026-08-26 12:03:23,988 | ERROR | [119/5212] sh.600152 sh.600152 下载失败(重试5次): error_code=10001011 msg=黑名单用户，请与管理员联系 下载失败: 维科技术
2026-08-26 12:03:23,988 | ERROR | [120/5212] sh.600153 sh.600153 下载失败(重试5次): error_code=10001011 msg=黑名单用户，请与管理员联系 下载失败: 建发股份
2026-08-26 12:03:24,043 | WARNING | sh.600192 第1次请求失败: error_code=10001011 msg=黑名单用户，请与管理员联系
2026-08-26 12:03:26,064 | WARNING | sh.600183 重登失败，继续重试
2026-08-26 12:03:26,087 | WARNING | sh.600183 第3次请求失败: error_code=10001011 msg=黑名单用户，请与管理员联系
2026-08-26 12:03:26,203 | WARNING | sh.600192 重登失败，继续重试
2026-08-26 12:03:26,219 | WARNING | sh.600192 第2次请求失败: error_code=10001011 msg=黑名单用户，请与管理员联系
2026-08-26 12:03:28,549 | WARNING | sh.600173 重登失败，继续重试
2026-08-26 12:03:28,572 | WARNING | sh.600173 第4次请求失败: error_code=10001011 msg=黑名单用户，请与管理员联系
2026-08-26 12:03:29,800 | WARNING | sh.600170 重登失败，继续重试
2026-08-26 12:03:29,819 | WARNING | sh.600170 第4次请求失败: error_code=10001011 msg=黑名单用户，请与管理员联系
2026-08-26 12:03:30,285 | WARNING | sh.600192 重登失败，继续重试
2026-08-26 12:03:30,304 | WARNING | sh.600192 第3次请求失败: error_code=10001011 msg=黑名单用户，请与管理员联系
2026-08-26 12:03:33,161 | WARNING | sh.600183 重登失败，继续重试
2026-08-26 12:03:33,176 | WARNING | sh.600183 第4次请求失败: error_code=10001011 msg=黑名单用户，请与管理员联系
2026-08-26 12:03:36,368 | WARNING | sh.600192 重登失败，继续重试
2026-08-26 12:03:36,598 | WARNING | sh.600192 第4次请求失败: error_code=10001011 msg=黑名单用户，请与管理员联系
2026-08-26 12:03:37,001 | WARNING | sh.600173 重登失败，继续重试
2026-08-26 12:03:37,018 | WARNING | sh.600173 第5次请求失败: error_code=10001011 msg=黑名单用户，请与管理员联系
2026-08-26 12:03:38,241 | WARNING | sh.600170 重登失败，继续重试
2026-08-26 12:03:38,259 | WARNING | sh.600170 第5次请求失败: error_code=10001011 msg=黑名单用户，请与管理员联系
2026-08-26 12:03:41,241 | WARNING | sh.600183 重登失败，继续重试
2026-08-26 12:03:41,261 | WARNING | sh.600183 第5次请求失败: error_code=10001011 msg=黑名单用户，请与管理员联系
2026-08-26 12:03:44,658 | WARNING | sh.600192 重登失败，继续重试
2026-08-26 12:03:44,674 | WARNING | sh.600192 第5次请求失败: error_code=10001011 msg=黑名单用户，请与管理员联系
2026-08-26 12:03:47,095 | WARNING | sh.600173 重登失败，继续重试
2026-08-26 12:03:47,109 | WARNING | sh.600176 第1次请求失败: error_code=10001011 msg=黑名单用户，请与管理员联系
2026-08-26 12:03:49,163 | WARNING | sh.600176 重登失败，继续重试
2026-08-26 12:03:49,177 | WARNING | sh.600176 第2次请求失败: error_code=10001011 msg=黑名单用户，请与管理员联系
2026-08-26 12:03:49,327 | WARNING | sh.600170 重登失败，继续重试
2026-08-26 12:03:49,346 | WARNING | sh.600171 第1次请求失败: error_code=10001011 msg=黑名单用户，请与管理员联系
2026-08-26 12:03:51,403 | WARNING | sh.600171 重登失败，继续重试
2026-08-26 12:03:51,410 | WARNING | sh.600183 重登失败，继续重试
2026-08-26 12:03:51,423 | WARNING | sh.600171 第2次请求失败: error_code=10001011 msg=黑名单用户，请与管理员联系
2026-08-26 12:03:51,909 | WARNING | sh.600184 第1次请求失败: error_code=10001011 msg=黑名单用户，请与管理员联系
2026-08-26 12:03:53,696 | WARNING | sh.600176 重登失败，继续重试
2026-08-26 12:03:53,976 | WARNING | sh.600184 重登失败，继续重试
2026-08-26 12:03:53,997 | WARNING | sh.600184 第2次请求失败: error_code=10001011 msg=黑名单用户，请与管理员联系
2026-08-26 12:03:54,069 | WARNING | sh.600176 第3次请求失败: error_code=10001011 msg=黑名单用户，请与管理员联系
2026-08-26 12:03:54,724 | WARNING | sh.600192 重登失败，继续重试
2026-08-26 12:03:54,739 | WARNING | sh.600195 第1次请求失败: error_code=10001011 msg=黑名单用户，请与管理员联系
2026-08-26 12:03:57,017 | WARNING | sh.600195 重登失败，继续重试
2026-08-26 12:03:57,247 | WARNING | sh.600195 第2次请求失败: error_code=10001011 msg=黑名单用户，请与管理员联系
2026-08-26 12:03:57,834 | WARNING | sh.600171 重登失败，继续重试
2026-08-26 12:03:57,851 | WARNING | sh.600171 第3次请求失败: error_code=10001011 msg=黑名单用户，请与管理员联系
2026-08-26 12:03:58,274 | WARNING | sh.600184 重登失败，继续重试
2026-08-26 12:03:58,293 | WARNING | sh.600184 第3次请求失败: error_code=10001011 msg=黑名单用户，请与管理员联系
2026-08-26 12:04:00,457 | WARNING | sh.600176 重登失败，继续重试
2026-08-26 12:04:00,471 | WARNING | sh.600176 第4次请求失败: error_code=10001011 msg=黑名单用户，请与管理员联系
2026-08-26 12:04:01,977 | WARNING | sh.600195 重登失败，继续重试
2026-08-26 12:04:01,996 | WARNING | sh.600195 第3次请求失败: error_code=10001011 msg=黑名单用户，请与管理员联系
2026-08-26 12:04:04,827 | WARNING | sh.600171 重登失败，继续重试
2026-08-26 12:04:05,119 | WARNING | sh.600171 第4次请求失败: error_code=10001011 msg=黑名单用户，请与管理员联系
2026-08-26 12:04:05,362 | WARNING | sh.600184 重登失败，继续重试
2026-08-26 12:04:05,381 | WARNING | sh.600184 第4次请求失败: error_code=10001011 msg=黑名单用户，请与管理员联系
2026-08-26 12:04:08,060 | WARNING | sh.600195 重登失败，继续重试
2026-08-26 12:04:08,087 | WARNING | sh.600195 第4次请求失败: error_code=10001011 msg=黑名单用户，请与管理员联系
2026-08-26 12:04:08,754 | WARNING | sh.600176 重登失败，继续重试
2026-08-26 12:04:08,783 | WARNING | sh.600176 第5次请求失败: error_code=10001011 msg=黑名单用户，请与管理员联系
2026-08-26 12:04:13,621 | WARNING | sh.600184 重登失败，继续重试
2026-08-26 12:04:13,865 | WARNING | sh.600184 第5次请求失败: error_code=10001011 msg=黑名单用户，请与管理员联系
2026-08-26 12:04:14,184 | WARNING | sh.600171 重登失败，继续重试
2026-08-26 12:04:14,199 | WARNING | sh.600171 第5次请求失败: error_code=10001011 msg=黑名单用户，请与管理员联系
2026-08-26 12:04:17,395 | WARNING | sh.600195 重登失败，继续重试
2026-08-26 12:04:17,412 | WARNING | sh.600195 第5次请求失败: error_code=10001011 msg=黑名单用户，请与管理员联系
2026-08-26 12:04:18,872 | WARNING | sh.600176 重登失败，继续重试
2026-08-26 12:04:18,889 | WARNING | sh.600177 第1次请求失败: error_code=10001011 msg=黑名单用户，请与管理员联系
2026-08-26 12:04:20,950 | WARNING | sh.600177 重登失败，继续重试
2026-08-26 12:04:20,964 | WARNING | sh.600177 第2次请求失败: error_code=10001011 msg=黑名单用户，请与管理员联系
2026-08-26 12:04:24,267 | WARNING | sh.600171 重登失败，继续重试
2026-08-26 12:04:24,267 | INFO  | [121/5212] sh.600163 中闽能源 取到2425条 | 已用347s ETA 14592s
2026-08-26 12:04:24,268 | INFO  | [122/5212] sh.600165 ST宁科 取到2425条 | 已用347s ETA 14470s
2026-08-26 12:04:24,268 | ERROR | [123/5212] sh.600166 sh.600166 下载失败(重试5次): error_code=10001011 msg=黑名单用户，请与管理员联系 下载失败: 福田汽车
2026-08-26 12:04:24,268 | ERROR | [124/5212] sh.600167 sh.600167 下载失败(重试5次): error_code=10001011 msg=黑名单用户，请与管理员联系 下载失败: 联美控股
2026-08-26 12:04:24,268 | ERROR | [125/5212] sh.600168 sh.600168 下载失败(重试5次): error_code=10001011 msg=黑名单用户，请与管理员联系 下载失败: 武汉控股
2026-08-26 12:04:24,268 | ERROR | [126/5212] sh.600169 sh.600169 下载失败(重试5次): error_code=10001011 msg=黑名单用户，请与管理员联系 下载失败: ST太重
2026-08-26 12:04:24,268 | ERROR | [127/5212] sh.600170 sh.600170 下载失败(重试5次): error_code=10001011 msg=黑名单用户，请与管理员联系 下载失败: 上海建工
2026-08-26 12:04:24,268 | ERROR | [128/5212] sh.600171 sh.600171 下载失败(重试5次): error_code=10001011 msg=黑名单用户，请与管理员联系 下载失败: 上海贝岭
2026-08-26 12:04:24,287 | WARNING | sh.600203 第1次请求失败: error_code=10001011 msg=黑名单用户，请与管理员联系
2026-08-26 12:04:24,695 | WARNING | sh.600184 重登失败，继续重试
2026-08-26 12:04:24,715 | WARNING | sh.600185 第1次请求失败: error_code=10001011 msg=黑名单用户，请与管理员联系
2026-08-26 12:04:26,029 | WARNING | sh.600177 重登失败，继续重试
2026-08-26 12:04:26,047 | WARNING | sh.600177 第3次请求失败: error_code=10001011 msg=黑名单用户，请与管理员联系
2026-08-26 12:04:26,543 | WARNING | sh.600203 重登失败，继续重试
2026-08-26 12:04:26,580 | WARNING | sh.600203 第2次请求失败: error_code=10001011 msg=黑名单用户，请与管理员联系
2026-08-26 12:04:26,772 | WARNING | sh.600185 重登失败，继续重试
2026-08-26 12:04:26,788 | WARNING | sh.600185 第2次请求失败: error_code=10001011 msg=黑名单用户，请与管理员联系
2026-08-26 12:04:27,476 | WARNING | sh.600195 重登失败，继续重试
2026-08-26 12:04:27,494 | WARNING | sh.600196 第1次请求失败: error_code=10001011 msg=黑名单用户，请与管理员联系
2026-08-26 12:04:30,025 | WARNING | sh.600196 重登失败，继续重试
2026-08-26 12:04:30,042 | WARNING | sh.600196 第2次请求失败: error_code=10001011 msg=黑名单用户，请与管理员联系
2026-08-26 12:04:30,671 | WARNING | sh.600203 重登失败，继续重试
2026-08-26 12:04:30,700 | WARNING | sh.600203 第3次请求失败: error_code=10001011 msg=黑名单用户，请与管理员联系
2026-08-26 12:04:31,864 | WARNING | sh.600185 重登失败，继续重试
2026-08-26 12:04:31,881 | WARNING | sh.600185 第3次请求失败: error_code=10001011 msg=黑名单用户，请与管理员联系
2026-08-26 12:04:32,332 | WARNING | sh.600177 重登失败，继续重试
2026-08-26 12:04:32,351 | WARNING | sh.600177 第4次请求失败: error_code=10001011 msg=黑名单用户，请与管理员联系
2026-08-26 12:04:34,451 | WARNING | sh.600196 重登失败，继续重试
2026-08-26 12:04:34,466 | WARNING | sh.600196 第3次请求失败: error_code=10001011 msg=黑名单用户，请与管理员联系
2026-08-26 12:04:36,773 | WARNING | sh.600203 重登失败，继续重试
2026-08-26 12:04:37,006 | WARNING | sh.600203 第4次请求失败: error_code=10001011 msg=黑名单用户，请与管理员联系
2026-08-26 12:04:37,936 | WARNING | sh.600185 重登失败，继续重试
2026-08-26 12:04:37,950 | WARNING | sh.600185 第4次请求失败: error_code=10001011 msg=黑名单用户，请与管理员联系
2026-08-26 12:04:40,408 | WARNING | sh.600177 重登失败，继续重试
2026-08-26 12:04:40,421 | WARNING | sh.600177 第5次请求失败: error_code=10001011 msg=黑名单用户，请与管理员联系
2026-08-26 12:04:41,534 | WARNING | sh.600196 重登失败，继续重试
2026-08-26 12:04:41,559 | WARNING | sh.600196 第4次请求失败: error_code=10001011 msg=黑名单用户，请与管理员联系
2026-08-26 12:04:45,422 | WARNING | sh.600203 重登失败，继续重试
2026-08-26 12:04:45,439 | WARNING | sh.600203 第5次请求失败: error_code=10001011 msg=黑名单用户，请与管理员联系
2026-08-26 12:04:45,994 | WARNING | sh.600185 重登失败，继续重试
2026-08-26 12:04:46,010 | WARNING | sh.600185 第5次请求失败: error_code=10001011 msg=黑名单用户，请与管理员联系
2026-08-26 12:04:49,629 | WARNING | sh.600196 重登失败，继续重试
2026-08-26 12:04:49,649 | WARNING | sh.600196 第5次请求失败: error_code=10001011 msg=黑名单用户，请与管理员联系
2026-08-26 12:04:50,729 | WARNING | sh.600177 重登失败，继续重试
2026-08-26 12:04:50,751 | WARNING | sh.600178 第1次请求失败: error_code=10001011 msg=黑名单用户，请与管理员联系
2026-08-26 12:04:52,828 | WARNING | sh.600178 重登失败，继续重试
2026-08-26 12:04:52,845 | WARNING | sh.600178 第2次请求失败: error_code=10001011 msg=黑名单用户，请与管理员联系
2026-08-26 12:04:56,263 | WARNING | sh.600185 重登失败，继续重试
2026-08-26 12:04:56,506 | WARNING | sh.600186 第1次请求失败: error_code=10001011 msg=黑名单用户，请与管理员联系
2026-08-26 12:04:57,034 | WARNING | sh.600203 重登失败，继续重试
2026-08-26 12:04:57,047 | WARNING | sh.600206 第1次请求失败: error_code=10001011 msg=黑名单用户，请与管理员联系
2026-08-26 12:04:58,566 | WARNING | sh.600186 重登失败，继续重试
2026-08-26 12:04:58,584 | WARNING | sh.600186 第2次请求失败: error_code=10001011 msg=黑名单用户，请与管理员联系
2026-08-26 12:04:59,295 | WARNING | sh.600206 重登失败，继续重试
2026-08-26 12:04:59,312 | WARNING | sh.600206 第2次请求失败: error_code=10001011 msg=黑名单用户，请与管理员联系
2026-08-26 12:04:59,486 | WARNING | sh.600178 重登失败，继续重试
2026-08-26 12:04:59,503 | WARNING | sh.600178 第3次请求失败: error_code=10001011 msg=黑名单用户，请与管理员联系
2026-08-26 12:05:00,954 | WARNING | sh.600196 重登失败，继续重试
2026-08-26 12:05:00,975 | WARNING | sh.600197 第1次请求失败: error_code=10001011 msg=黑名单用户，请与管理员联系
2026-08-26 12:05:02,643 | WARNING | sh.600186 重登失败，继续重试
2026-08-26 12:05:02,659 | WARNING | sh.600186 第3次请求失败: error_code=10001011 msg=黑名单用户，请与管理员联系
2026-08-26 12:05:03,045 | WARNING | sh.600197 重登失败，继续重试
2026-08-26 12:05:03,069 | WARNING | sh.600197 第2次请求失败: error_code=10001011 msg=黑名单用户，请与管理员联系
2026-08-26 12:05:03,602 | WARNING | sh.600206 重登失败，继续重试
2026-08-26 12:05:03,621 | WARNING | sh.600206 第3次请求失败: error_code=10001011 msg=黑名单用户，请与管理员联系
2026-08-26 12:05:06,294 | WARNING | sh.600178 重登失败，继续重试
2026-08-26 12:05:06,342 | WARNING | sh.600178 第4次请求失败: error_code=10001011 msg=黑名单用户，请与管理员联系
2026-08-26 12:05:07,370 | WARNING | sh.600197 重登失败，继续重试
2026-08-26 12:05:07,388 | WARNING | sh.600197 第3次请求失败: error_code=10001011 msg=黑名单用户，请与管理员联系
2026-08-26 12:05:08,859 | WARNING | sh.600186 重登失败，继续重试
2026-08-26 12:05:08,875 | WARNING | sh.600186 第4次请求失败: error_code=10001011 msg=黑名单用户，请与管理员联系
2026-08-26 12:05:09,689 | WARNING | sh.600206 重登失败，继续重试
2026-08-26 12:05:09,706 | WARNING | sh.600206 第4次请求失败: error_code=10001011 msg=黑名单用户，请与管理员联系
2026-08-26 12:05:13,601 | WARNING | sh.600197 重登失败，继续重试
2026-08-26 12:05:13,615 | WARNING | sh.600197 第4次请求失败: error_code=10001011 msg=黑名单用户，请与管理员联系
2026-08-26 12:05:14,407 | WARNING | sh.600178 重登失败，继续重试
2026-08-26 12:05:14,423 | WARNING | sh.600178 第5次请求失败: error_code=10001011 msg=黑名单用户，请与管理员联系
2026-08-26 12:05:17,393 | WARNING | sh.600186 重登失败，继续重试
2026-08-26 12:05:17,414 | WARNING | sh.600186 第5次请求失败: error_code=10001011 msg=黑名单用户，请与管理员联系
2026-08-26 12:05:17,978 | WARNING | sh.600206 重登失败，继续重试
2026-08-26 12:05:18,888 | WARNING | sh.600206 第5次请求失败: error_code=10001011 msg=黑名单用户，请与管理员联系
2026-08-26 12:05:21,670 | WARNING | sh.600197 重登失败，继续重试
2026-08-26 12:05:21,689 | WARNING | sh.600197 第5次请求失败: error_code=10001011 msg=黑名单用户，请与管理员联系
2026-08-26 12:05:24,876 | WARNING | sh.600178 重登失败，继续重试
2026-08-26 12:05:24,895 | WARNING | sh.600179 第1次请求失败: error_code=10001011 msg=黑名单用户，请与管理员联系
2026-08-26 12:05:27,469 | WARNING | sh.600186 重登失败，继续重试
2026-08-26 12:05:27,489 | WARNING | sh.600187 第1次请求失败: error_code=10001011 msg=黑名单用户，请与管理员联系
2026-08-26 12:05:27,955 | WARNING | sh.600179 重登失败，继续重试
2026-08-26 12:05:27,970 | WARNING | sh.600179 第2次请求失败: error_code=10001011 msg=黑名单用户，请与管理员联系
2026-08-26 12:05:28,962 | WARNING | sh.600206 重登失败，继续重试
2026-08-26 12:05:28,980 | WARNING | sh.600207 第1次请求失败: error_code=10001011 msg=黑名单用户，请与管理员联系
2026-08-26 12:05:29,542 | WARNING | sh.600187 重登失败，继续重试
2026-08-26 12:05:29,599 | WARNING | sh.600187 第2次请求失败: error_code=10001011 msg=黑名单用户，请与管理员联系
2026-08-26 12:05:31,046 | WARNING | sh.600207 重登失败，继续重试
2026-08-26 12:05:31,280 | WARNING | sh.600207 第2次请求失败: error_code=10001011 msg=黑名单用户，请与管理员联系
2026-08-26 12:05:31,783 | WARNING | sh.600197 重登失败，继续重试
2026-08-26 12:05:31,809 | WARNING | sh.600198 第1次请求失败: error_code=10001011 msg=黑名单用户，请与管理员联系
2026-08-26 12:05:32,050 | WARNING | sh.600179 重登失败，继续重试
2026-08-26 12:05:32,296 | WARNING | sh.600179 第3次请求失败: error_code=10001011 msg=黑名单用户，请与管理员联系
2026-08-26 12:05:33,668 | WARNING | sh.600187 重登失败，继续重试
2026-08-26 12:05:33,691 | WARNING | sh.600187 第3次请求失败: error_code=10001011 msg=黑名单用户，请与管理员联系
2026-08-26 12:05:33,874 | WARNING | sh.600198 重登失败，继续重试
2026-08-26 12:05:34,112 | WARNING | sh.600198 第2次请求失败: error_code=10001011 msg=黑名单用户，请与管理员联系
2026-08-26 12:05:35,792 | WARNING | sh.600207 重登失败，继续重试
2026-08-26 12:05:35,811 | WARNING | sh.600207 第3次请求失败: error_code=10001011 msg=黑名单用户，请与管理员联系
2026-08-26 12:05:38,166 | WARNING | sh.600198 重登失败，继续重试
2026-08-26 12:05:38,182 | WARNING | sh.600198 第3次请求失败: error_code=10001011 msg=黑名单用户，请与管理员联系
2026-08-26 12:05:38,532 | WARNING | sh.600179 重登失败，继续重试
2026-08-26 12:05:38,548 | WARNING | sh.600179 第4次请求失败: error_code=10001011 msg=黑名单用户，请与管理员联系
2026-08-26 12:05:39,748 | WARNING | sh.600187 重登失败，继续重试
2026-08-26 12:05:39,764 | WARNING | sh.600187 第4次请求失败: error_code=10001011 msg=黑名单用户，请与管理员联系
2026-08-26 12:05:43,219 | WARNING | sh.600207 重登失败，继续重试
2026-08-26 12:05:43,234 | WARNING | sh.600207 第4次请求失败: error_code=10001011 msg=黑名单用户，请与管理员联系
2026-08-26 12:05:44,257 | WARNING | sh.600198 重登失败，继续重试
2026-08-26 12:05:44,275 | WARNING | sh.600198 第4次请求失败: error_code=10001011 msg=黑名单用户，请与管理员联系
2026-08-26 12:05:46,626 | WARNING | sh.600179 重登失败，继续重试
2026-08-26 12:05:46,853 | WARNING | sh.600179 第5次请求失败: error_code=10001011 msg=黑名单用户，请与管理员联系
2026-08-26 12:05:48,099 | WARNING | sh.600187 重登失败，继续重试
2026-08-26 12:05:48,328 | WARNING | sh.600187 第5次请求失败: error_code=10001011 msg=黑名单用户，请与管理员联系
2026-08-26 12:05:52,363 | WARNING | sh.600198 重登失败，继续重试
2026-08-26 12:05:52,382 | WARNING | sh.600198 第5次请求失败: error_code=10001011 msg=黑名单用户，请与管理员联系
2026-08-26 12:05:52,538 | WARNING | sh.600207 重登失败，继续重试
2026-08-26 12:05:52,688 | WARNING | sh.600207 第5次请求失败: error_code=10001011 msg=黑名单用户，请与管理员联系
2026-08-26 12:05:57,266 | WARNING | sh.600179 重登失败，继续重试
2026-08-26 12:05:57,501 | WARNING | sh.600180 第1次请求失败: error_code=10001011 msg=黑名单用户，请与管理员联系
2026-08-26 12:05:58,614 | WARNING | sh.600187 重登失败，继续重试
2026-08-26 12:05:58,634 | WARNING | sh.600188 第1次请求失败: error_code=10001011 msg=黑名单用户，请与管理员联系
2026-08-26 12:05:59,576 | WARNING | sh.600180 重登失败，继续重试
2026-08-26 12:05:59,599 | WARNING | sh.600180 第2次请求失败: error_code=10001011 msg=黑名单用户，请与管理员联系
2026-08-26 12:06:01,094 | WARNING | sh.600188 重登失败，继续重试
2026-08-26 12:06:01,108 | WARNING | sh.600188 第2次请求失败: error_code=10001011 msg=黑名单用户，请与管理员联系
2026-08-26 12:06:02,437 | WARNING | sh.600198 重登失败，继续重试
2026-08-26 12:06:02,450 | WARNING | sh.600199 第1次请求失败: error_code=10001011 msg=黑名单用户，请与管理员联系
2026-08-26 12:06:03,976 | WARNING | sh.600207 重登失败，继续重试
2026-08-26 12:06:03,994 | WARNING | sh.600208 第1次请求失败: error_code=10001011 msg=黑名单用户，请与管理员联系
2026-08-26 12:06:04,531 | WARNING | sh.600180 重登失败，继续重试
2026-08-26 12:06:04,881 | WARNING | sh.600180 第3次请求失败: error_code=10001011 msg=黑名单用户，请与管理员联系
2026-08-26 12:06:04,963 | WARNING | sh.600199 重登失败，继续重试
2026-08-26 12:06:04,984 | WARNING | sh.600199 第2次请求失败: error_code=10001011 msg=黑名单用户，请与管理员联系
2026-08-26 12:06:05,505 | WARNING | sh.600188 重登失败，继续重试
2026-08-26 12:06:05,523 | WARNING | sh.600188 第3次请求失败: error_code=10001011 msg=黑名单用户，请与管理员联系
2026-08-26 12:06:06,068 | WARNING | sh.600208 重登失败，继续重试
2026-08-26 12:06:06,082 | WARNING | sh.600208 第2次请求失败: error_code=10001011 msg=黑名单用户，请与管理员联系
2026-08-26 12:06:09,106 | WARNING | sh.600199 重登失败，继续重试
2026-08-26 12:06:09,130 | WARNING | sh.600199 第3次请求失败: error_code=10001011 msg=黑名单用户，请与管理员联系
2026-08-26 12:06:10,359 | WARNING | sh.600208 重登失败，继续重试
2026-08-26 12:06:10,613 | WARNING | sh.600208 第3次请求失败: error_code=10001011 msg=黑名单用户，请与管理员联系
2026-08-26 12:06:11,371 | WARNING | sh.600180 重登失败，继续重试
2026-08-26 12:06:11,384 | WARNING | sh.600180 第4次请求失败: error_code=10001011 msg=黑名单用户，请与管理员联系
2026-08-26 12:06:11,582 | WARNING | sh.600188 重登失败，继续重试
2026-08-26 12:06:11,598 | WARNING | sh.600188 第4次请求失败: error_code=10001011 msg=黑名单用户，请与管理员联系
2026-08-26 12:06:16,671 | WARNING | sh.600208 重登失败，继续重试
2026-08-26 12:06:16,693 | WARNING | sh.600208 第4次请求失败: error_code=10001011 msg=黑名单用户，请与管理员联系
2026-08-26 12:06:16,766 | WARNING | sh.600199 重登失败，继续重试
2026-08-26 12:06:16,830 | WARNING | sh.600199 第4次请求失败: error_code=10001011 msg=黑名单用户，请与管理员联系
2026-08-26 12:06:19,569 | WARNING | sh.600180 重登失败，继续重试
2026-08-26 12:06:19,588 | WARNING | sh.600180 第5次请求失败: error_code=10001011 msg=黑名单用户，请与管理员联系
2026-08-26 12:06:19,669 | WARNING | sh.600188 重登失败，继续重试
2026-08-26 12:06:19,693 | WARNING | sh.600188 第5次请求失败: error_code=10001011 msg=黑名单用户，请与管理员联系
2026-08-26 12:06:24,758 | WARNING | sh.600208 重登失败，继续重试
2026-08-26 12:06:24,776 | WARNING | sh.600208 第5次请求失败: error_code=10001011 msg=黑名单用户，请与管理员联系
2026-08-26 12:06:24,886 | WARNING | sh.600199 重登失败，继续重试
2026-08-26 12:06:24,903 | WARNING | sh.600199 第5次请求失败: error_code=10001011 msg=黑名单用户，请与管理员联系
2026-08-26 12:06:29,763 | WARNING | sh.600188 重登失败，继续重试
2026-08-26 12:06:29,864 | WARNING | sh.600180 重登失败，继续重试
2026-08-26 12:06:29,881 | WARNING | sh.600182 第1次请求失败: error_code=10001011 msg=黑名单用户，请与管理员联系
2026-08-26 12:06:29,905 | WARNING | sh.600189 第1次请求失败: error_code=10001011 msg=黑名单用户，请与管理员联系
2026-08-26 12:06:31,972 | WARNING | sh.600189 重登失败，继续重试
2026-08-26 12:06:32,214 | WARNING | sh.600189 第2次请求失败: error_code=10001011 msg=黑名单用户，请与管理员联系
2026-08-26 12:06:32,952 | WARNING | sh.600182 重登失败，继续重试
2026-08-26 12:06:32,967 | WARNING | sh.600182 第2次请求失败: error_code=10001011 msg=黑名单用户，请与管理员联系
2026-08-26 12:06:34,842 | WARNING | sh.600208 重登失败，继续重试
2026-08-26 12:06:34,859 | WARNING | sh.600210 第1次请求失败: error_code=10001011 msg=黑名单用户，请与管理员联系
2026-08-26 12:06:34,970 | WARNING | sh.600199 重登失败，继续重试
2026-08-26 12:06:34,989 | WARNING | sh.600201 第1次请求失败: error_code=10001011 msg=黑名单用户，请与管理员联系
2026-08-26 12:06:36,288 | WARNING | sh.600189 重登失败，继续重试
2026-08-26 12:06:36,528 | WARNING | sh.600189 第3次请求失败: error_code=10001011 msg=黑名单用户，请与管理员联系
2026-08-26 12:06:36,995 | WARNING | sh.600210 重登失败，继续重试
2026-08-26 12:06:37,009 | WARNING | sh.600210 第2次请求失败: error_code=10001011 msg=黑名单用户，请与管理员联系
2026-08-26 12:06:37,183 | WARNING | sh.600201 重登失败，继续重试
2026-08-26 12:06:37,200 | WARNING | sh.600201 第2次请求失败: error_code=10001011 msg=黑名单用户，请与管理员联系
2026-08-26 12:06:38,026 | WARNING | sh.600182 重登失败，继续重试
2026-08-26 12:06:38,041 | WARNING | sh.600182 第3次请求失败: error_code=10001011 msg=黑名单用户，请与管理员联系
2026-08-26 12:06:41,348 | WARNING | sh.600210 重登失败，继续重试
2026-08-26 12:06:41,370 | WARNING | sh.600210 第3次请求失败: error_code=10001011 msg=黑名单用户，请与管理员联系
2026-08-26 12:06:41,694 | WARNING | sh.600201 重登失败，继续重试
2026-08-26 12:06:41,728 | WARNING | sh.600201 第3次请求失败: error_code=10001011 msg=黑名单用户，请与管理员联系
2026-08-26 12:06:42,594 | WARNING | sh.600189 重登失败，继续重试
2026-08-26 12:06:42,610 | WARNING | sh.600189 第4次请求失败: error_code=10001011 msg=黑名单用户，请与管理员联系
2026-08-26 12:06:44,172 | WARNING | sh.600182 重登失败，继续重试
2026-08-26 12:06:44,187 | WARNING | sh.600182 第4次请求失败: error_code=10001011 msg=黑名单用户，请与管理员联系
2026-08-26 12:06:48,480 | WARNING | sh.600201 重登失败，继续重试
2026-08-26 12:06:48,495 | WARNING | sh.600201 第4次请求失败: error_code=10001011 msg=黑名单用户，请与管理员联系
2026-08-26 12:06:49,107 | WARNING | sh.600210 重登失败，继续重试
2026-08-26 12:06:50,020 | WARNING | sh.600210 第4次请求失败: error_code=10001011 msg=黑名单用户，请与管理员联系
2026-08-26 12:06:50,900 | WARNING | sh.600189 重登失败，继续重试
2026-08-26 12:06:50,918 | WARNING | sh.600189 第5次请求失败: error_code=10001011 msg=黑名单用户，请与管理员联系
2026-08-26 12:06:52,258 | WARNING | sh.600182 重登失败，继续重试
2026-08-26 12:06:52,276 | WARNING | sh.600182 第5次请求失败: error_code=10001011 msg=黑名单用户，请与管理员联系
2026-08-26 12:06:56,845 | WARNING | sh.600201 重登失败，继续重试
2026-08-26 12:06:56,864 | WARNING | sh.600201 第5次请求失败: error_code=10001011 msg=黑名单用户，请与管理员联系
2026-08-26 12:06:58,092 | WARNING | sh.600210 重登失败，继续重试
2026-08-26 12:06:58,126 | WARNING | sh.600210 第5次请求失败: error_code=10001011 msg=黑名单用户，请与管理员联系
2026-08-26 12:07:01,393 | WARNING | sh.600189 重登失败，继续重试
2026-08-26 12:07:01,419 | WARNING | sh.600191 第1次请求失败: error_code=10001011 msg=黑名单用户，请与管理员联系
2026-08-26 12:07:02,326 | WARNING | sh.600182 重登失败，继续重试
2026-08-26 12:07:02,326 | ERROR | [129/5212] sh.600172 sh.600172 下载失败(重试5次): error_code=10001011 msg=黑名单用户，请与管理员联系 下载失败: 黄河旋风
2026-08-26 12:07:02,326 | ERROR | [130/5212] sh.600173 sh.600173 下载失败(重试5次): error_code=10001011 msg=黑名单用户，请与管理员联系 下载失败: 卧龙新能
2026-08-26 12:07:02,326 | ERROR | [131/5212] sh.600176 sh.600176 下载失败(重试5次): error_code=10001011 msg=黑名单用户，请与管理员联系 下载失败: 中国巨石
2026-08-26 12:07:02,326 | ERROR | [132/5212] sh.600177 sh.600177 下载失败(重试5次): error_code=10001011 msg=黑名单用户，请与管理员联系 下载失败: 雅戈尔
2026-08-26 12:07:02,326 | ERROR | [133/5212] sh.600178 sh.600178 下载失败(重试5次): error_code=10001011 msg=黑名单用户，请与管理员联系 下载失败: 东安动力
2026-08-26 12:07:02,326 | ERROR | [134/5212] sh.600179 sh.600179 下载失败(重试5次): error_code=10001011 msg=黑名单用户，请与管理员联系 下载失败: 安通控股
2026-08-26 12:07:02,328 | ERROR | [135/5212] sh.600180 sh.600180 下载失败(重试5次): error_code=10001011 msg=黑名单用户，请与管理员联系 下载失败: *ST瑞茂
2026-08-26 12:07:02,328 | ERROR | [136/5212] sh.600182 sh.600182 下载失败(重试5次): error_code=10001011 msg=黑名单用户，请与管理员联系 下载失败: S佳通
2026-08-26 12:07:02,341 | WARNING | sh.600216 第1次请求失败: error_code=10001011 msg=黑名单用户，请与管理员联系
2026-08-26 12:07:04,226 | WARNING | sh.600191 重登失败，继续重试
2026-08-26 12:07:04,257 | WARNING | sh.600191 第2次请求失败: error_code=10001011 msg=黑名单用户，请与管理员联系
2026-08-26 12:07:07,636 | WARNING | sh.600216 重登失败，继续重试
2026-08-26 12:07:07,659 | WARNING | sh.600216 第2次请求失败: error_code=10001011 msg=黑名单用户，请与管理员联系
2026-08-26 12:07:07,958 | WARNING | sh.600201 重登失败，继续重试
2026-08-26 12:07:07,973 | WARNING | sh.600202 第1次请求失败: error_code=10001011 msg=黑名单用户，请与管理员联系
2026-08-26 12:07:08,469 | WARNING | sh.600210 重登失败，继续重试
2026-08-26 12:07:08,702 | WARNING | sh.600211 第1次请求失败: error_code=10001011 msg=黑名单用户，请与管理员联系
2026-08-26 12:07:10,032 | WARNING | sh.600202 重登失败，继续重试
2026-08-26 12:07:10,043 | WARNING | sh.600191 重登失败，继续重试
2026-08-26 12:07:10,052 | WARNING | sh.600202 第2次请求失败: error_code=10001011 msg=黑名单用户，请与管理员联系
2026-08-26 12:07:10,438 | WARNING | sh.600191 第3次请求失败: error_code=10001011 msg=黑名单用户，请与管理员联系
2026-08-26 12:07:10,762 | WARNING | sh.600211 重登失败，继续重试
2026-08-26 12:07:11,003 | WARNING | sh.600211 第2次请求失败: error_code=10001011 msg=黑名单用户，请与管理员联系
2026-08-26 12:07:11,723 | WARNING | sh.600216 重登失败，继续重试
2026-08-26 12:07:11,746 | WARNING | sh.600216 第3次请求失败: error_code=10001011 msg=黑名单用户，请与管理员联系
2026-08-26 12:07:14,142 | WARNING | sh.600202 重登失败，继续重试
2026-08-26 12:07:14,159 | WARNING | sh.600202 第3次请求失败: error_code=10001011 msg=黑名单用户，请与管理员联系
2026-08-26 12:07:15,493 | WARNING | sh.600211 重登失败，继续重试
2026-08-26 12:07:15,996 | WARNING | sh.600211 第3次请求失败: error_code=10001011 msg=黑名单用户，请与管理员联系
2026-08-26 12:07:16,516 | WARNING | sh.600191 重登失败，继续重试
2026-08-26 12:07:16,534 | WARNING | sh.600191 第4次请求失败: error_code=10001011 msg=黑名单用户，请与管理员联系
2026-08-26 12:07:17,870 | WARNING | sh.600216 重登失败，继续重试
2026-08-26 12:07:17,889 | WARNING | sh.600216 第4次请求失败: error_code=10001011 msg=黑名单用户，请与管理员联系
2026-08-26 12:07:21,233 | WARNING | sh.600202 重登失败，继续重试
2026-08-26 12:07:21,253 | WARNING | sh.600202 第4次请求失败: error_code=10001011 msg=黑名单用户，请与管理员联系
2026-08-26 12:07:23,071 | WARNING | sh.600211 重登失败，继续重试
2026-08-26 12:07:23,086 | WARNING | sh.600211 第4次请求失败: error_code=10001011 msg=黑名单用户，请与管理员联系
2026-08-26 12:07:24,613 | WARNING | sh.600191 重登失败，继续重试
2026-08-26 12:07:24,960 | WARNING | sh.600191 第5次请求失败: error_code=10001011 msg=黑名单用户，请与管理员联系
2026-08-26 12:07:26,522 | WARNING | sh.600216 重登失败，继续重试
2026-08-26 12:07:26,540 | WARNING | sh.600216 第5次请求失败: error_code=10001011 msg=黑名单用户，请与管理员联系
2026-08-26 12:07:29,462 | WARNING | sh.600202 重登失败，继续重试
2026-08-26 12:07:29,481 | WARNING | sh.600202 第5次请求失败: error_code=10001011 msg=黑名单用户，请与管理员联系
2026-08-26 12:07:31,393 | WARNING | sh.600211 重登失败，继续重试
2026-08-26 12:07:31,410 | WARNING | sh.600211 第5次请求失败: error_code=10001011 msg=黑名单用户，请与管理员联系
2026-08-26 12:07:36,021 | WARNING | sh.600191 重登失败，继续重试
2026-08-26 12:07:36,021 | ERROR | [137/5212] sh.600183 sh.600183 下载失败(重试5次): error_code=10001011 msg=黑名单用户，请与管理员联系 下载失败: 生益科技
2026-08-26 12:07:36,021 | ERROR | [138/5212] sh.600184 sh.600184 下载失败(重试5次): error_code=10001011 msg=黑名单用户，请与管理员联系 下载失败: 光电股份
2026-08-26 12:07:36,022 | ERROR | [139/5212] sh.600185 sh.600185 下载失败(重试5次): error_code=10001011 msg=黑名单用户，请与管理员联系 下载失败: 珠免集团
2026-08-26 12:07:36,022 | ERROR | [140/5212] sh.600186 sh.600186 下载失败(重试5次): error_code=10001011 msg=黑名单用户，请与管理员联系 下载失败: 莲花控股
2026-08-26 12:07:36,022 | ERROR | [141/5212] sh.600187 sh.600187 下载失败(重试5次): error_code=10001011 msg=黑名单用户，请与管理员联系 下载失败: *ST国中
2026-08-26 12:07:36,022 | ERROR | [142/5212] sh.600188 sh.600188 下载失败(重试5次): error_code=10001011 msg=黑名单用户，请与管理员联系 下载失败: 兖矿能源
2026-08-26 12:07:36,022 | ERROR | [143/5212] sh.600189 sh.600189 下载失败(重试5次): error_code=10001011 msg=黑名单用户，请与管理员联系 下载失败: 泉阳泉
2026-08-26 12:07:36,022 | ERROR | [144/5212] sh.600191 sh.600191 下载失败(重试5次): error_code=10001011 msg=黑名单用户，请与管理员联系 下载失败: 华资实业
2026-08-26 12:07:36,035 | WARNING | sh.600227 第1次请求失败: error_code=10001011 msg=黑名单用户，请与管理员联系
2026-08-26 12:07:37,799 | WARNING | sh.600216 重登失败，继续重试
2026-08-26 12:07:38,032 | WARNING | sh.600217 第1次请求失败: error_code=10001011 msg=黑名单用户，请与管理员联系
2026-08-26 12:07:38,715 | WARNING | sh.600227 重登失败，继续重试
2026-08-26 12:07:39,039 | WARNING | sh.600227 第2次请求失败: error_code=10001011 msg=黑名单用户，请与管理员联系
2026-08-26 12:07:39,643 | WARNING | sh.600202 重登失败，继续重试
2026-08-26 12:07:39,643 | ERROR | [145/5212] sh.600192 sh.600192 下载失败(重试5次): error_code=10001011 msg=黑名单用户，请与管理员联系 下载失败: 长城电工
2026-08-26 12:07:39,643 | ERROR | [146/5212] sh.600195 sh.600195 下载失败(重试5次): error_code=10001011 msg=黑名单用户，请与管理员联系 下载失败: 中牧股份
2026-08-26 12:07:39,644 | ERROR | [147/5212] sh.600196 sh.600196 下载失败(重试5次): error_code=10001011 msg=黑名单用户，请与管理员联系 下载失败: 复星医药
2026-08-26 12:07:39,644 | ERROR | [148/5212] sh.600197 sh.600197 下载失败(重试5次): error_code=10001011 msg=黑名单用户，请与管理员联系 下载失败: 伊力特
2026-08-26 12:07:39,644 | ERROR | [149/5212] sh.600198 sh.600198 下载失败(重试5次): error_code=10001011 msg=黑名单用户，请与管理员联系 下载失败: 大唐电信
2026-08-26 12:07:39,644 | ERROR | [150/5212] sh.600199 sh.600199 下载失败(重试5次): error_code=10001011 msg=黑名单用户，请与管理员联系 下载失败: 金种子酒
2026-08-26 12:07:39,644 | ERROR | [151/5212] sh.600201 sh.600201 下载失败(重试5次): error_code=10001011 msg=黑名单用户，请与管理员联系 下载失败: 生物股份
2026-08-26 12:07:39,644 | ERROR | [152/5212] sh.600202 sh.600202 下载失败(重试5次): error_code=10001011 msg=黑名单用户，请与管理员联系 下载失败: 哈空调
2026-08-26 12:07:39,665 | WARNING | sh.600235 第1次请求失败: error_code=10001011 msg=黑名单用户，请与管理员联系
2026-08-26 12:07:40,747 | WARNING | sh.600217 重登失败，继续重试
2026-08-26 12:07:41,169 | WARNING | sh.600217 第2次请求失败: error_code=10001011 msg=黑名单用户，请与管理员联系
2026-08-26 12:07:42,023 | WARNING | sh.600235 重登失败，继续重试
2026-08-26 12:07:42,028 | WARNING | sh.600211 重登失败，继续重试
2026-08-26 12:07:42,046 | WARNING | sh.600235 第2次请求失败: error_code=10001011 msg=黑名单用户，请与管理员联系
2026-08-26 12:07:42,050 | WARNING | sh.600212 第1次请求失败: error_code=10001011 msg=黑名单用户，请与管理员联系
2026-08-26 12:07:43,335 | WARNING | sh.600227 重登失败，继续重试
2026-08-26 12:07:43,349 | WARNING | sh.600227 第3次请求失败: error_code=10001011 msg=黑名单用户，请与管理员联系
2026-08-26 12:07:44,117 | WARNING | sh.600212 重登失败，继续重试
2026-08-26 12:07:44,136 | WARNING | sh.600212 第2次请求失败: error_code=10001011 msg=黑名单用户，请与管理员联系
2026-08-26 12:07:45,234 | WARNING | sh.600217 重登失败，继续重试
2026-08-26 12:07:45,475 | WARNING | sh.600217 第3次请求失败: error_code=10001011 msg=黑名单用户，请与管理员联系
2026-08-26 12:07:46,136 | WARNING | sh.600235 重登失败，继续重试
2026-08-26 12:07:46,154 | WARNING | sh.600235 第3次请求失败: error_code=10001011 msg=黑名单用户，请与管理员联系
2026-08-26 12:07:48,389 | WARNING | sh.600212 重登失败，继续重试
2026-08-26 12:07:48,405 | WARNING | sh.600212 第3次请求失败: error_code=10001011 msg=黑名单用户，请与管理员联系
2026-08-26 12:07:49,864 | WARNING | sh.600227 重登失败，继续重试
2026-08-26 12:07:49,887 | WARNING | sh.600227 第4次请求失败: error_code=10001011 msg=黑名单用户，请与管理员联系
2026-08-26 12:07:51,563 | WARNING | sh.600217 重登失败，继续重试
2026-08-26 12:07:51,578 | WARNING | sh.600217 第4次请求失败: error_code=10001011 msg=黑名单用户，请与管理员联系
2026-08-26 12:07:52,214 | WARNING | sh.600235 重登失败，继续重试
2026-08-26 12:07:52,231 | WARNING | sh.600235 第4次请求失败: error_code=10001011 msg=黑名单用户，请与管理员联系
2026-08-26 12:07:54,464 | WARNING | sh.600212 重登失败，继续重试
2026-08-26 12:07:54,483 | WARNING | sh.600212 第4次请求失败: error_code=10001011 msg=黑名单用户，请与管理员联系
2026-08-26 12:07:58,195 | WARNING | sh.600227 重登失败，继续重试
2026-08-26 12:07:58,216 | WARNING | sh.600227 第5次请求失败: error_code=10001011 msg=黑名单用户，请与管理员联系
2026-08-26 12:08:00,302 | WARNING | sh.600217 重登失败，继续重试
2026-08-26 12:08:00,324 | WARNING | sh.600217 第5次请求失败: error_code=10001011 msg=黑名单用户，请与管理员联系
2026-08-26 12:08:01,333 | WARNING | sh.600235 重登失败，继续重试
2026-08-26 12:08:01,348 | WARNING | sh.600235 第5次请求失败: error_code=10001011 msg=黑名单用户，请与管理员联系
2026-08-26 12:08:03,788 | WARNING | sh.600212 重登失败，继续重试
2026-08-26 12:08:03,810 | WARNING | sh.600212 第5次请求失败: error_code=10001011 msg=黑名单用户，请与管理员联系
2026-08-26 12:08:08,498 | WARNING | sh.600227 重登失败，继续重试
2026-08-26 12:08:08,515 | WARNING | sh.600228 第1次请求失败: error_code=10001011 msg=黑名单用户，请与管理员联系
2026-08-26 12:08:10,606 | WARNING | sh.600228 重登失败，继续重试
2026-08-26 12:08:10,628 | WARNING | sh.600228 第2次请求失败: error_code=10001011 msg=黑名单用户，请与管理员联系
2026-08-26 12:08:12,088 | WARNING | sh.600235 重登失败，继续重试
2026-08-26 12:08:12,438 | WARNING | sh.600217 重登失败，继续重试
2026-08-26 12:08:12,453 | WARNING | sh.600218 第1次请求失败: error_code=10001011 msg=黑名单用户，请与管理员联系
2026-08-26 12:08:13,013 | WARNING | sh.600236 第1次请求失败: error_code=10001011 msg=黑名单用户，请与管理员联系
2026-08-26 12:08:14,539 | WARNING | sh.600218 重登失败，继续重试
2026-08-26 12:08:14,561 | WARNING | sh.600218 第2次请求失败: error_code=10001011 msg=黑名单用户，请与管理员联系
2026-08-26 12:08:14,567 | WARNING | sh.600212 重登失败，继续重试
2026-08-26 12:08:14,738 | WARNING | sh.600228 重登失败，继续重试
2026-08-26 12:08:14,751 | WARNING | sh.600228 第3次请求失败: error_code=10001011 msg=黑名单用户，请与管理员联系
2026-08-26 12:08:14,754 | WARNING | sh.600215 第1次请求失败: error_code=10001011 msg=黑名单用户，请与管理员联系
2026-08-26 12:08:15,081 | WARNING | sh.600236 重登失败，继续重试
2026-08-26 12:08:15,101 | WARNING | sh.600236 第2次请求失败: error_code=10001011 msg=黑名单用户，请与管理员联系
2026-08-26 12:08:17,045 | WARNING | sh.600215 重登失败，继续重试
2026-08-26 12:08:17,064 | WARNING | sh.600215 第2次请求失败: error_code=10001011 msg=黑名单用户，请与管理员联系
2026-08-26 12:08:18,636 | WARNING | sh.600218 重登失败，继续重试
2026-08-26 12:08:18,659 | WARNING | sh.600218 第3次请求失败: error_code=10001011 msg=黑名单用户，请与管理员联系
2026-08-26 12:08:19,164 | WARNING | sh.600236 重登失败，继续重试
2026-08-26 12:08:19,178 | WARNING | sh.600236 第3次请求失败: error_code=10001011 msg=黑名单用户，请与管理员联系
2026-08-26 12:08:20,836 | WARNING | sh.600228 重登失败，继续重试
2026-08-26 12:08:20,850 | WARNING | sh.600228 第4次请求失败: error_code=10001011 msg=黑名单用户，请与管理员联系
2026-08-26 12:08:21,355 | WARNING | sh.600215 重登失败，继续重试
2026-08-26 12:08:22,059 | WARNING | sh.600215 第3次请求失败: error_code=10001011 msg=黑名单用户，请与管理员联系
2026-08-26 12:08:24,849 | WARNING | sh.600218 重登失败，继续重试
2026-08-26 12:08:24,870 | WARNING | sh.600218 第4次请求失败: error_code=10001011 msg=黑名单用户，请与管理员联系
2026-08-26 12:08:25,464 | WARNING | sh.600236 重登失败，继续重试
2026-08-26 12:08:25,702 | WARNING | sh.600236 第4次请求失败: error_code=10001011 msg=黑名单用户，请与管理员联系
2026-08-26 12:08:28,135 | WARNING | sh.600215 重登失败，继续重试
2026-08-26 12:08:28,150 | WARNING | sh.600215 第4次请求失败: error_code=10001011 msg=黑名单用户，请与管理员联系
2026-08-26 12:08:28,925 | WARNING | sh.600228 重登失败，继续重试
2026-08-26 12:08:28,942 | WARNING | sh.600228 第5次请求失败: error_code=10001011 msg=黑名单用户，请与管理员联系
2026-08-26 12:08:33,040 | WARNING | sh.600218 重登失败，继续重试
2026-08-26 12:08:33,055 | WARNING | sh.600218 第5次请求失败: error_code=10001011 msg=黑名单用户，请与管理员联系
2026-08-26 12:08:33,762 | WARNING | sh.600236 重登失败，继续重试
2026-08-26 12:08:34,430 | WARNING | sh.600236 第5次请求失败: error_code=10001011 msg=黑名单用户，请与管理员联系
2026-08-26 12:08:36,206 | WARNING | sh.600215 重登失败，继续重试
2026-08-26 12:08:36,232 | WARNING | sh.600215 第5次请求失败: error_code=10001011 msg=黑名单用户，请与管理员联系
2026-08-26 12:08:38,987 | WARNING | sh.600228 重登失败，继续重试
2026-08-26 12:08:39,212 | WARNING | sh.600229 第1次请求失败: error_code=10001011 msg=黑名单用户，请与管理员联系
2026-08-26 12:08:41,275 | WARNING | sh.600229 重登失败，继续重试
2026-08-26 12:08:41,292 | WARNING | sh.600229 第2次请求失败: error_code=10001011 msg=黑名单用户，请与管理员联系
2026-08-26 12:08:43,147 | WARNING | sh.600218 重登失败，继续重试
2026-08-26 12:08:43,471 | WARNING | sh.600219 第1次请求失败: error_code=10001011 msg=黑名单用户，请与管理员联系
2026-08-26 12:08:44,496 | WARNING | sh.600236 重登失败，继续重试
2026-08-26 12:08:44,518 | WARNING | sh.600237 第1次请求失败: error_code=10001011 msg=黑名单用户，请与管理员联系
2026-08-26 12:08:45,546 | WARNING | sh.600219 重登失败，继续重试
2026-08-26 12:08:45,562 | WARNING | sh.600219 第2次请求失败: error_code=10001011 msg=黑名单用户，请与管理员联系
2026-08-26 12:08:46,421 | WARNING | sh.600229 重登失败，继续重试
2026-08-26 12:08:46,436 | WARNING | sh.600229 第3次请求失败: error_code=10001011 msg=黑名单用户，请与管理员联系
2026-08-26 12:08:46,505 | WARNING | sh.600215 重登失败，继续重试
2026-08-26 12:08:46,506 | ERROR | [153/5212] sh.600203 sh.600203 下载失败(重试5次): error_code=10001011 msg=黑名单用户，请与管理员联系 下载失败: 福日电子
2026-08-26 12:08:46,506 | ERROR | [154/5212] sh.600206 sh.600206 下载失败(重试5次): error_code=10001011 msg=黑名单用户，请与管理员联系 下载失败: 有研新材
2026-08-26 12:08:46,506 | ERROR | [155/5212] sh.600207 sh.600207 下载失败(重试5次): error_code=10001011 msg=黑名单用户，请与管理员联系 下载失败: 安彩高科
2026-08-26 12:08:46,506 | ERROR | [156/5212] sh.600208 sh.600208 下载失败(重试5次): error_code=10001011 msg=黑名单用户，请与管理员联系 下载失败: 衢州发展
2026-08-26 12:08:46,506 | ERROR | [157/5212] sh.600210 sh.600210 下载失败(重试5次): error_code=10001011 msg=黑名单用户，请与管理员联系 下载失败: 紫江企业
2026-08-26 12:08:46,506 | ERROR | [158/5212] sh.600211 sh.600211 下载失败(重试5次): error_code=10001011 msg=黑名单用户，请与管理员联系 下载失败: 西藏药业
2026-08-26 12:08:46,506 | ERROR | [159/5212] sh.600212 sh.600212 下载失败(重试5次): error_code=10001011 msg=黑名单用户，请与管理员联系 下载失败: 绿能慧充
2026-08-26 12:08:46,506 | ERROR | [160/5212] sh.600215 sh.600215 下载失败(重试5次): error_code=10001011 msg=黑名单用户，请与管理员联系 下载失败: 派斯林
2026-08-26 12:08:46,578 | WARNING | sh.600237 重登失败，继续重试
2026-08-26 12:08:46,739 | WARNING | sh.600248 第1次请求失败: error_code=10001011 msg=黑名单用户，请与管理员联系
2026-08-26 12:08:46,816 | WARNING | sh.600237 第2次请求失败: error_code=10001011 msg=黑名单用户，请与管理员联系
2026-08-26 12:08:48,805 | WARNING | sh.600248 重登失败，继续重试
2026-08-26 12:08:48,828 | WARNING | sh.600248 第2次请求失败: error_code=10001011 msg=黑名单用户，请与管理员联系
2026-08-26 12:08:50,636 | WARNING | sh.600219 重登失败，继续重试
2026-08-26 12:08:50,659 | WARNING | sh.600219 第3次请求失败: error_code=10001011 msg=黑名单用户，请与管理员联系
2026-08-26 12:08:51,114 | WARNING | sh.600237 重登失败，继续重试
2026-08-26 12:08:51,449 | WARNING | sh.600237 第3次请求失败: error_code=10001011 msg=黑名单用户，请与管理员联系
2026-08-26 12:08:53,108 | WARNING | sh.600248 重登失败，继续重试
2026-08-26 12:08:53,123 | WARNING | sh.600248 第3次请求失败: error_code=10001011 msg=黑名单用户，请与管理员联系
2026-08-26 12:08:53,167 | WARNING | sh.600229 重登失败，继续重试
2026-08-26 12:08:53,182 | WARNING | sh.600229 第4次请求失败: error_code=10001011 msg=黑名单用户，请与管理员联系
2026-08-26 12:08:57,092 | WARNING | sh.600219 重登失败，继续重试
2026-08-26 12:08:57,113 | WARNING | sh.600219 第4次请求失败: error_code=10001011 msg=黑名单用户，请与管理员联系
2026-08-26 12:08:57,529 | WARNING | sh.600237 重登失败，继续重试
2026-08-26 12:08:57,552 | WARNING | sh.600237 第4次请求失败: error_code=10001011 msg=黑名单用户，请与管理员联系
2026-08-26 12:08:59,188 | WARNING | sh.600248 重登失败，继续重试
2026-08-26 12:08:59,208 | WARNING | sh.600248 第4次请求失败: error_code=10001011 msg=黑名单用户，请与管理员联系
2026-08-26 12:09:01,694 | WARNING | sh.600229 重登失败，继续重试
2026-08-26 12:09:01,980 | WARNING | sh.600229 第5次请求失败: error_code=10001011 msg=黑名单用户，请与管理员联系
2026-08-26 12:09:05,183 | WARNING | sh.600219 重登失败，继续重试
2026-08-26 12:09:05,200 | WARNING | sh.600219 第5次请求失败: error_code=10001011 msg=黑名单用户，请与管理员联系
2026-08-26 12:09:05,861 | WARNING | sh.600237 重登失败，继续重试
2026-08-26 12:09:05,910 | WARNING | sh.600237 第5次请求失败: error_code=10001011 msg=黑名单用户，请与管理员联系
2026-08-26 12:09:07,274 | WARNING | sh.600248 重登失败，继续重试
2026-08-26 12:09:07,302 | WARNING | sh.600248 第5次请求失败: error_code=10001011 msg=黑名单用户，请与管理员联系
2026-08-26 12:09:12,048 | WARNING | sh.600229 重登失败，继续重试
2026-08-26 12:09:12,070 | WARNING | sh.600230 第1次请求失败: error_code=10001011 msg=黑名单用户，请与管理员联系
2026-08-26 12:09:14,471 | WARNING | sh.600230 重登失败，继续重试
2026-08-26 12:09:14,486 | WARNING | sh.600230 第2次请求失败: error_code=10001011 msg=黑名单用户，请与管理员联系
2026-08-26 12:09:15,483 | WARNING | sh.600219 重登失败，继续重试
2026-08-26 12:09:15,498 | WARNING | sh.600221 第1次请求失败: error_code=10001011 msg=黑名单用户，请与管理员联系
2026-08-26 12:09:15,979 | WARNING | sh.600237 重登失败，继续重试
2026-08-26 12:09:16,003 | WARNING | sh.600238 第1次请求失败: error_code=10001011 msg=黑名单用户，请与管理员联系
2026-08-26 12:09:17,571 | WARNING | sh.600221 重登失败，继续重试
2026-08-26 12:09:17,593 | WARNING | sh.600221 第2次请求失败: error_code=10001011 msg=黑名单用户，请与管理员联系
2026-08-26 12:09:18,072 | WARNING | sh.600238 重登失败，继续重试
2026-08-26 12:09:18,087 | WARNING | sh.600238 第2次请求失败: error_code=10001011 msg=黑名单用户，请与管理员联系
2026-08-26 12:09:18,367 | WARNING | sh.600248 重登失败，继续重试
2026-08-26 12:09:18,387 | WARNING | sh.600249 第1次请求失败: error_code=10001011 msg=黑名单用户，请与管理员联系
2026-08-26 12:09:18,589 | WARNING | sh.600230 重登失败，继续重试
2026-08-26 12:09:18,612 | WARNING | sh.600230 第3次请求失败: error_code=10001011 msg=黑名单用户，请与管理员联系
2026-08-26 12:09:20,516 | WARNING | sh.600249 重登失败，继续重试
2026-08-26 12:09:20,750 | WARNING | sh.600249 第2次请求失败: error_code=10001011 msg=黑名单用户，请与管理员联系
2026-08-26 12:09:21,667 | WARNING | sh.600221 重登失败，继续重试
2026-08-26 12:09:21,908 | WARNING | sh.600221 第3次请求失败: error_code=10001011 msg=黑名单用户，请与管理员联系
2026-08-26 12:09:22,151 | WARNING | sh.600238 重登失败，继续重试
2026-08-26 12:09:22,388 | WARNING | sh.600238 第3次请求失败: error_code=10001011 msg=黑名单用户，请与管理员联系
2026-08-26 12:09:24,808 | WARNING | sh.600249 重登失败，继续重试
2026-08-26 12:09:24,901 | WARNING | sh.600230 重登失败，继续重试
2026-08-26 12:09:24,918 | WARNING | sh.600230 第4次请求失败: error_code=10001011 msg=黑名单用户，请与管理员联系
2026-08-26 12:09:25,923 | WARNING | sh.600249 第3次请求失败: error_code=10001011 msg=黑名单用户，请与管理员联系
2026-08-26 12:09:27,974 | WARNING | sh.600221 重登失败，继续重试
2026-08-26 12:09:27,992 | WARNING | sh.600221 第4次请求失败: error_code=10001011 msg=黑名单用户，请与管理员联系
2026-08-26 12:09:30,173 | WARNING | sh.600238 重登失败，继续重试
2026-08-26 12:09:30,192 | WARNING | sh.600238 第4次请求失败: error_code=10001011 msg=黑名单用户，请与管理员联系
2026-08-26 12:09:31,988 | WARNING | sh.600249 重登失败，继续重试
2026-08-26 12:09:32,007 | WARNING | sh.600249 第4次请求失败: error_code=10001011 msg=黑名单用户，请与管理员联系
2026-08-26 12:09:33,019 | WARNING | sh.600230 重登失败，继续重试
2026-08-26 12:09:33,035 | WARNING | sh.600230 第5次请求失败: error_code=10001011 msg=黑名单用户，请与管理员联系
2026-08-26 12:09:37,066 | WARNING | sh.600221 重登失败，继续重试
2026-08-26 12:09:37,086 | WARNING | sh.600221 第5次请求失败: error_code=10001011 msg=黑名单用户，请与管理员联系
2026-08-26 12:09:38,609 | WARNING | sh.600238 重登失败，继续重试
2026-08-26 12:09:38,623 | WARNING | sh.600238 第5次请求失败: error_code=10001011 msg=黑名单用户，请与管理员联系
2026-08-26 12:09:40,300 | WARNING | sh.600249 重登失败，继续重试
2026-08-26 12:09:40,378 | WARNING | sh.600249 第5次请求失败: error_code=10001011 msg=黑名单用户，请与管理员联系
2026-08-26 12:09:43,390 | WARNING | sh.600230 重登失败，继续重试
2026-08-26 12:09:43,404 | WARNING | sh.600231 第1次请求失败: error_code=10001011 msg=黑名单用户，请与管理员联系
2026-08-26 12:09:45,941 | WARNING | sh.600231 重登失败，继续重试
2026-08-26 12:09:45,955 | WARNING | sh.600231 第2次请求失败: error_code=10001011 msg=黑名单用户，请与管理员联系
2026-08-26 12:09:47,171 | WARNING | sh.600221 重登失败，继续重试
2026-08-26 12:09:47,189 | WARNING | sh.600222 第1次请求失败: error_code=10001011 msg=黑名单用户，请与管理员联系
2026-08-26 12:09:48,703 | WARNING | sh.600238 重登失败，继续重试
2026-08-26 12:09:48,720 | WARNING | sh.600239 第1次请求失败: error_code=10001011 msg=黑名单用户，请与管理员联系
2026-08-26 12:09:49,492 | WARNING | sh.600222 重登失败，继续重试
2026-08-26 12:09:49,512 | WARNING | sh.600222 第2次请求失败: error_code=10001011 msg=黑名单用户，请与管理员联系
2026-08-26 12:09:50,015 | WARNING | sh.600231 重登失败，继续重试
2026-08-26 12:09:50,037 | WARNING | sh.600231 第3次请求失败: error_code=10001011 msg=黑名单用户，请与管理员联系
2026-08-26 12:09:50,428 | WARNING | sh.600249 重登失败，继续重试
2026-08-26 12:09:50,444 | WARNING | sh.600250 第1次请求失败: error_code=10001011 msg=黑名单用户，请与管理员联系
2026-08-26 12:09:50,770 | WARNING | sh.600239 重登失败，继续重试
2026-08-26 12:09:50,786 | WARNING | sh.600239 第2次请求失败: error_code=10001011 msg=黑名单用户，请与管理员联系
2026-08-26 12:09:52,729 | WARNING | sh.600250 重登失败，继续重试
2026-08-26 12:09:52,748 | WARNING | sh.600250 第2次请求失败: error_code=10001011 msg=黑名单用户，请与管理员联系
2026-08-26 12:09:53,783 | WARNING | sh.600222 重登失败，继续重试
2026-08-26 12:09:53,797 | WARNING | sh.600222 第3次请求失败: error_code=10001011 msg=黑名单用户，请与管理员联系
2026-08-26 12:09:55,844 | WARNING | sh.600239 重登失败，继续重试
2026-08-26 12:09:55,857 | WARNING | sh.600239 第3次请求失败: error_code=10001011 msg=黑名单用户，请与管理员联系
2026-08-26 12:09:56,108 | WARNING | sh.600231 重登失败，继续重试
2026-08-26 12:09:56,128 | WARNING | sh.600231 第4次请求失败: error_code=10001011 msg=黑名单用户，请与管理员联系
2026-08-26 12:09:57,052 | WARNING | sh.600250 重登失败，继续重试
2026-08-26 12:09:57,073 | WARNING | sh.600250 第3次请求失败: error_code=10001011 msg=黑名单用户，请与管理员联系
2026-08-26 12:09:59,862 | WARNING | sh.600222 重登失败，继续重试
2026-08-26 12:10:00,100 | WARNING | sh.600222 第4次请求失败: error_code=10001011 msg=黑名单用户，请与管理员联系
2026-08-26 12:10:01,906 | WARNING | sh.600239 重登失败，继续重试
2026-08-26 12:10:01,958 | WARNING | sh.600239 第4次请求失败: error_code=10001011 msg=黑名单用户，请与管理员联系
2026-08-26 12:10:03,355 | WARNING | sh.600250 重登失败，继续重试
2026-08-26 12:10:03,373 | WARNING | sh.600250 第4次请求失败: error_code=10001011 msg=黑名单用户，请与管理员联系
2026-08-26 12:10:04,409 | WARNING | sh.600231 重登失败，继续重试
2026-08-26 12:10:04,425 | WARNING | sh.600231 第5次请求失败: error_code=10001011 msg=黑名单用户，请与管理员联系
2026-08-26 12:10:08,844 | WARNING | sh.600222 重登失败，继续重试
2026-08-26 12:10:08,870 | WARNING | sh.600222 第5次请求失败: error_code=10001011 msg=黑名单用户，请与管理员联系
2026-08-26 12:10:10,035 | WARNING | sh.600239 重登失败，继续重试
2026-08-26 12:10:10,049 | WARNING | sh.600239 第5次请求失败: error_code=10001011 msg=黑名单用户，请与管理员联系
2026-08-26 12:10:11,430 | WARNING | sh.600250 重登失败，继续重试
2026-08-26 12:10:11,449 | WARNING | sh.600250 第5次请求失败: error_code=10001011 msg=黑名单用户，请与管理员联系
2026-08-26 12:10:14,478 | WARNING | sh.600231 重登失败，继续重试
2026-08-26 12:10:15,140 | WARNING | sh.600232 第1次请求失败: error_code=10001011 msg=黑名单用户，请与管理员联系
2026-08-26 12:10:17,434 | WARNING | sh.600232 重登失败，继续重试
2026-08-26 12:10:18,339 | WARNING | sh.600232 第2次请求失败: error_code=10001011 msg=黑名单用户，请与管理员联系
2026-08-26 12:10:19,146 | WARNING | sh.600222 重登失败，继续重试
2026-08-26 12:10:19,162 | WARNING | sh.600223 第1次请求失败: error_code=10001011 msg=黑名单用户，请与管理员联系
2026-08-26 12:10:20,116 | WARNING | sh.600239 重登失败，继续重试
2026-08-26 12:10:20,138 | WARNING | sh.600241 第1次请求失败: error_code=10001011 msg=黑名单用户，请与管理员联系
2026-08-26 12:10:21,742 | WARNING | sh.600250 重登失败，继续重试
2026-08-26 12:10:21,742 | WARNING | sh.600223 重登失败，继续重试
2026-08-26 12:10:21,761 | WARNING | sh.600223 第2次请求失败: error_code=10001011 msg=黑名单用户，请与管理员联系
2026-08-26 12:10:21,774 | WARNING | sh.600251 第1次请求失败: error_code=10001011 msg=黑名单用户，请与管理员联系
2026-08-26 12:10:22,412 | WARNING | sh.600232 重登失败，继续重试
2026-08-26 12:10:22,431 | WARNING | sh.600232 第3次请求失败: error_code=10001011 msg=黑名单用户，请与管理员联系
2026-08-26 12:10:23,226 | WARNING | sh.600241 重登失败，继续重试
2026-08-26 12:10:23,283 | WARNING | sh.600241 第2次请求失败: error_code=10001011 msg=黑名单用户，请与管理员联系
2026-08-26 12:10:26,148 | WARNING | sh.600251 重登失败，继续重试
2026-08-26 12:10:26,166 | WARNING | sh.600251 第2次请求失败: error_code=10001011 msg=黑名单用户，请与管理员联系
2026-08-26 12:10:26,200 | WARNING | sh.600223 重登失败，继续重试
2026-08-26 12:10:26,221 | WARNING | sh.600223 第3次请求失败: error_code=10001011 msg=黑名单用户，请与管理员联系
2026-08-26 12:10:28,356 | WARNING | sh.600241 重登失败，继续重试
2026-08-26 12:10:28,373 | WARNING | sh.600241 第3次请求失败: error_code=10001011 msg=黑名单用户，请与管理员联系
2026-08-26 12:10:28,485 | WARNING | sh.600232 重登失败，继续重试
2026-08-26 12:10:28,503 | WARNING | sh.600232 第4次请求失败: error_code=10001011 msg=黑名单用户，请与管理员联系
2026-08-26 12:10:30,225 | WARNING | sh.600251 重登失败，继续重试
2026-08-26 12:10:30,239 | WARNING | sh.600251 第3次请求失败: error_code=10001011 msg=黑名单用户，请与管理员联系
2026-08-26 12:10:32,294 | WARNING | sh.600223 重登失败，继续重试
2026-08-26 12:10:32,536 | WARNING | sh.600223 第4次请求失败: error_code=10001011 msg=黑名单用户，请与管理员联系
2026-08-26 12:10:35,107 | WARNING | sh.600241 重登失败，继续重试
2026-08-26 12:10:35,138 | WARNING | sh.600241 第4次请求失败: error_code=10001011 msg=黑名单用户，请与管理员联系
2026-08-26 12:10:36,690 | WARNING | sh.600251 重登失败，继续重试
2026-08-26 12:10:36,728 | WARNING | sh.600232 重登失败，继续重试
2026-08-26 12:10:36,736 | WARNING | sh.600251 第4次请求失败: error_code=10001011 msg=黑名单用户，请与管理员联系
2026-08-26 12:10:36,749 | WARNING | sh.600232 第5次请求失败: error_code=10001011 msg=黑名单用户，请与管理员联系
2026-08-26 12:10:41,617 | WARNING | sh.600223 重登失败，继续重试
2026-08-26 12:10:41,845 | WARNING | sh.600223 第5次请求失败: error_code=10001011 msg=黑名单用户，请与管理员联系
2026-08-26 12:10:43,381 | WARNING | sh.600241 重登失败，继续重试
2026-08-26 12:10:43,401 | WARNING | sh.600241 第5次请求失败: error_code=10001011 msg=黑名单用户，请与管理员联系
2026-08-26 12:10:45,020 | WARNING | sh.600251 重登失败，继续重试
2026-08-26 12:10:45,042 | WARNING | sh.600251 第5次请求失败: error_code=10001011 msg=黑名单用户，请与管理员联系
2026-08-26 12:10:46,814 | WARNING | sh.600232 重登失败，继续重试
2026-08-26 12:10:46,836 | WARNING | sh.600233 第1次请求失败: error_code=10001011 msg=黑名单用户，请与管理员联系
2026-08-26 12:10:48,900 | WARNING | sh.600233 重登失败，继续重试
2026-08-26 12:10:48,919 | WARNING | sh.600233 第2次请求失败: error_code=10001011 msg=黑名单用户，请与管理员联系
2026-08-26 12:10:51,986 | WARNING | sh.600223 重登失败，继续重试
2026-08-26 12:10:52,006 | WARNING | sh.600226 第1次请求失败: error_code=10001011 msg=黑名单用户，请与管理员联系
2026-08-26 12:10:53,488 | WARNING | sh.600241 重登失败，继续重试
2026-08-26 12:10:53,507 | WARNING | sh.600243 第1次请求失败: error_code=10001011 msg=黑名单用户，请与管理员联系
2026-08-26 12:10:53,648 | WARNING | sh.600233 重登失败，继续重试
2026-08-26 12:10:53,770 | WARNING | sh.600233 第3次请求失败: error_code=10001011 msg=黑名单用户，请与管理员联系
2026-08-26 12:10:54,082 | WARNING | sh.600226 重登失败，继续重试
2026-08-26 12:10:54,096 | WARNING | sh.600226 第2次请求失败: error_code=10001011 msg=黑名单用户，请与管理员联系
2026-08-26 12:10:55,367 | WARNING | sh.600251 重登失败，继续重试
2026-08-26 12:10:55,398 | WARNING | sh.600252 第1次请求失败: error_code=10001011 msg=黑名单用户，请与管理员联系
2026-08-26 12:10:55,799 | WARNING | sh.600243 重登失败，继续重试
2026-08-26 12:10:56,714 | WARNING | sh.600243 第2次请求失败: error_code=10001011 msg=黑名单用户，请与管理员联系
2026-08-26 12:10:57,471 | WARNING | sh.600252 重登失败，继续重试
2026-08-26 12:10:57,489 | WARNING | sh.600252 第2次请求失败: error_code=10001011 msg=黑名单用户，请与管理员联系
2026-08-26 12:10:58,385 | WARNING | sh.600226 重登失败，继续重试
2026-08-26 12:10:58,402 | WARNING | sh.600226 第3次请求失败: error_code=10001011 msg=黑名单用户，请与管理员联系
2026-08-26 12:11:00,785 | WARNING | sh.600243 重登失败，继续重试
2026-08-26 12:11:00,830 | WARNING | sh.600233 重登失败，继续重试
2026-08-26 12:11:00,844 | WARNING | sh.600233 第4次请求失败: error_code=10001011 msg=黑名单用户，请与管理员联系
2026-08-26 12:11:01,018 | WARNING | sh.600243 第3次请求失败: error_code=10001011 msg=黑名单用户，请与管理员联系
2026-08-26 12:11:01,544 | WARNING | sh.600252 重登失败，继续重试
2026-08-26 12:11:01,566 | WARNING | sh.600252 第3次请求失败: error_code=10001011 msg=黑名单用户，请与管理员联系
2026-08-26 12:11:04,475 | WARNING | sh.600226 重登失败，继续重试
2026-08-26 12:11:04,495 | WARNING | sh.600226 第4次请求失败: error_code=10001011 msg=黑名单用户，请与管理员联系
2026-08-26 12:11:07,238 | WARNING | sh.600243 重登失败，继续重试
2026-08-26 12:11:07,252 | WARNING | sh.600243 第4次请求失败: error_code=10001011 msg=黑名单用户，请与管理员联系
2026-08-26 12:11:08,728 | WARNING | sh.600252 重登失败，继续重试
2026-08-26 12:11:08,744 | WARNING | sh.600252 第4次请求失败: error_code=10001011 msg=黑名单用户，请与管理员联系
2026-08-26 12:11:09,126 | WARNING | sh.600233 重登失败，继续重试
2026-08-26 12:11:09,145 | WARNING | sh.600233 第5次请求失败: error_code=10001011 msg=黑名单用户，请与管理员联系
2026-08-26 12:11:12,548 | WARNING | sh.600226 重登失败，继续重试
2026-08-26 12:11:12,562 | WARNING | sh.600226 第5次请求失败: error_code=10001011 msg=黑名单用户，请与管理员联系
2026-08-26 12:11:15,309 | WARNING | sh.600243 重登失败，继续重试
2026-08-26 12:11:15,329 | WARNING | sh.600243 第5次请求失败: error_code=10001011 msg=黑名单用户，请与管理员联系
2026-08-26 12:11:16,793 | WARNING | sh.600252 重登失败，继续重试
2026-08-26 12:11:16,807 | WARNING | sh.600252 第5次请求失败: error_code=10001011 msg=黑名单用户，请与管理员联系
2026-08-26 12:11:19,227 | WARNING | sh.600233 重登失败，继续重试
2026-08-26 12:11:19,467 | WARNING | sh.600234 第1次请求失败: error_code=10001011 msg=黑名单用户，请与管理员联系
2026-08-26 12:11:21,754 | WARNING | sh.600234 重登失败，继续重试
2026-08-26 12:11:21,771 | WARNING | sh.600234 第2次请求失败: error_code=10001011 msg=黑名单用户，请与管理员联系
2026-08-26 12:11:22,622 | WARNING | sh.600226 重登失败，继续重试
2026-08-26 12:11:22,622 | ERROR | [161/5212] sh.600216 sh.600216 下载失败(重试5次): error_code=10001011 msg=黑名单用户，请与管理员联系 下载失败: 浙江医药
2026-08-26 12:11:22,622 | ERROR | [162/5212] sh.600217 sh.600217 下载失败(重试5次): error_code=10001011 msg=黑名单用户，请与管理员联系 下载失败: 中再资环
2026-08-26 12:11:22,622 | ERROR | [163/5212] sh.600218 sh.600218 下载失败(重试5次): error_code=10001011 msg=黑名单用户，请与管理员联系 下载失败: 全柴动力
2026-08-26 12:11:22,622 | ERROR | [164/5212] sh.600219 sh.600219 下载失败(重试5次): error_code=10001011 msg=黑名单用户，请与管理员联系 下载失败: 南山铝业
2026-08-26 12:11:22,622 | ERROR | [165/5212] sh.600221 sh.600221 下载失败(重试5次): error_code=10001011 msg=黑名单用户，请与管理员联系 下载失败: 海航控股
2026-08-26 12:11:22,622 | ERROR | [166/5212] sh.600222 sh.600222 下载失败(重试5次): error_code=10001011 msg=黑名单用户，请与管理员联系 下载失败: 太龙药业
2026-08-26 12:11:22,622 | ERROR | [167/5212] sh.600223 sh.600223 下载失败(重试5次): error_code=10001011 msg=黑名单用户，请与管理员联系 下载失败: 福瑞达
2026-08-26 12:11:22,622 | ERROR | [168/5212] sh.600226 sh.600226 下载失败(重试5次): error_code=10001011 msg=黑名单用户，请与管理员联系 下载失败: 亨通股份
2026-08-26 12:11:22,639 | WARNING | sh.600258 第1次请求失败: error_code=10001011 msg=黑名单用户，请与管理员联系
2026-08-26 12:11:24,833 | WARNING | sh.600258 重登失败，继续重试
2026-08-26 12:11:24,851 | WARNING | sh.600258 第2次请求失败: error_code=10001011 msg=黑名单用户，请与管理员联系
2026-08-26 12:11:25,408 | WARNING | sh.600243 重登失败，继续重试
2026-08-26 12:11:25,430 | WARNING | sh.600246 第1次请求失败: error_code=10001011 msg=黑名单用户，请与管理员联系
2026-08-26 12:11:26,866 | WARNING | sh.600252 重登失败，继续重试
2026-08-26 12:11:26,885 | WARNING | sh.600255 第1次请求失败: error_code=10001011 msg=黑名单用户，请与管理员联系
2026-08-26 12:11:26,926 | WARNING | sh.600234 重登失败，继续重试
2026-08-26 12:11:26,943 | WARNING | sh.600234 第3次请求失败: error_code=10001011 msg=黑名单用户，请与管理员联系
2026-08-26 12:11:27,696 | WARNING | sh.600246 重登失败，继续重试
2026-08-26 12:11:27,932 | WARNING | sh.600246 第2次请求失败: error_code=10001011 msg=黑名单用户，请与管理员联系
2026-08-26 12:11:29,042 | WARNING | sh.600255 重登失败，继续重试
2026-08-26 12:11:29,200 | WARNING | sh.600258 重登失败，继续重试
2026-08-26 12:11:29,214 | WARNING | sh.600258 第3次请求失败: error_code=10001011 msg=黑名单用户，请与管理员联系
2026-08-26 12:11:29,280 | WARNING | sh.600255 第2次请求失败: error_code=10001011 msg=黑名单用户，请与管理员联系
2026-08-26 12:11:32,009 | WARNING | sh.600246 重登失败，继续重试
2026-08-26 12:11:32,243 | WARNING | sh.600246 第3次请求失败: error_code=10001011 msg=黑名单用户，请与管理员联系
2026-08-26 12:11:33,020 | WARNING | sh.600234 重登失败，继续重试
2026-08-26 12:11:33,038 | WARNING | sh.600234 第4次请求失败: error_code=10001011 msg=黑名单用户，请与管理员联系
2026-08-26 12:11:33,350 | WARNING | sh.600255 重登失败，继续重试
2026-08-26 12:11:33,370 | WARNING | sh.600255 第3次请求失败: error_code=10001011 msg=黑名单用户，请与管理员联系
2026-08-26 12:11:35,270 | WARNING | sh.600258 重登失败，继续重试
2026-08-26 12:11:35,292 | WARNING | sh.600258 第4次请求失败: error_code=10001011 msg=黑名单用户，请与管理员联系
2026-08-26 12:11:38,338 | WARNING | sh.600246 重登失败，继续重试
2026-08-26 12:11:38,361 | WARNING | sh.600246 第4次请求失败: error_code=10001011 msg=黑名单用户，请与管理员联系
2026-08-26 12:11:39,435 | WARNING | sh.600255 重登失败，继续重试
2026-08-26 12:11:39,676 | WARNING | sh.600255 第4次请求失败: error_code=10001011 msg=黑名单用户，请与管理员联系
2026-08-26 12:11:41,275 | WARNING | sh.600234 重登失败，继续重试
2026-08-26 12:11:41,298 | WARNING | sh.600234 第5次请求失败: error_code=10001011 msg=黑名单用户，请与管理员联系
2026-08-26 12:11:43,678 | WARNING | sh.600258 重登失败，继续重试
2026-08-26 12:11:43,696 | WARNING | sh.600258 第5次请求失败: error_code=10001011 msg=黑名单用户，请与管理员联系
2026-08-26 12:11:46,849 | WARNING | sh.600246 重登失败，继续重试
2026-08-26 12:11:46,868 | WARNING | sh.600246 第5次请求失败: error_code=10001011 msg=黑名单用户，请与管理员联系
2026-08-26 12:11:47,743 | WARNING | sh.600255 重登失败，继续重试
2026-08-26 12:11:47,763 | WARNING | sh.600255 第5次请求失败: error_code=10001011 msg=黑名单用户，请与管理员联系
2026-08-26 12:11:51,396 | WARNING | sh.600234 重登失败，继续重试
2026-08-26 12:11:51,396 | ERROR | [169/5212] sh.600227 sh.600227 下载失败(重试5次): error_code=10001011 msg=黑名单用户，请与管理员联系 下载失败: 赤天化
2026-08-26 12:11:51,397 | ERROR | [170/5212] sh.600228 sh.600228 下载失败(重试5次): error_code=10001011 msg=黑名单用户，请与管理员联系 下载失败: 返利科技
2026-08-26 12:11:51,397 | ERROR | [171/5212] sh.600229 sh.600229 下载失败(重试5次): error_code=10001011 msg=黑名单用户，请与管理员联系 下载失败: 城市传媒
2026-08-26 12:11:51,397 | ERROR | [172/5212] sh.600230 sh.600230 下载失败(重试5次): error_code=10001011 msg=黑名单用户，请与管理员联系 下载失败: 沧州大化
2026-08-26 12:11:51,397 | ERROR | [173/5212] sh.600231 sh.600231 下载失败(重试5次): error_code=10001011 msg=黑名单用户，请与管理员联系 下载失败: 凌钢股份
2026-08-26 12:11:51,397 | ERROR | [174/5212] sh.600232 sh.600232 下载失败(重试5次): error_code=10001011 msg=黑名单用户，请与管理员联系 下载失败: 金鹰股份
2026-08-26 12:11:51,397 | ERROR | [175/5212] sh.600233 sh.600233 下载失败(重试5次): error_code=10001011 msg=黑名单用户，请与管理员联系 下载失败: 圆通速递
2026-08-26 12:11:51,397 | ERROR | [176/5212] sh.600234 sh.600234 下载失败(重试5次): error_code=10001011 msg=黑名单用户，请与管理员联系 下载失败: 科新发展
2026-08-26 12:11:51,416 | WARNING | sh.600269 第1次请求失败: error_code=10001011 msg=黑名单用户，请与管理员联系
2026-08-26 12:11:53,478 | WARNING | sh.600269 重登失败，继续重试
2026-08-26 12:11:53,842 | WARNING | sh.600269 第2次请求失败: error_code=10001011 msg=黑名单用户，请与管理员联系
2026-08-26 12:11:55,098 | WARNING | sh.600258 重登失败，继续重试
2026-08-26 12:11:55,115 | WARNING | sh.600259 第1次请求失败: error_code=10001011 msg=黑名单用户，请与管理员联系
2026-08-26 12:11:57,064 | WARNING | sh.600246 重登失败，继续重试
2026-08-26 12:11:57,065 | ERROR | [177/5212] sh.600235 sh.600235 下载失败(重试5次): error_code=10001011 msg=黑名单用户，请与管理员联系 下载失败: 民丰特纸
2026-08-26 12:11:57,065 | ERROR | [178/5212] sh.600236 sh.600236 下载失败(重试5次): error_code=10001011 msg=黑名单用户，请与管理员联系 下载失败: 桂冠电力
2026-08-26 12:11:57,065 | ERROR | [179/5212] sh.600237 sh.600237 下载失败(重试5次): error_code=10001011 msg=黑名单用户，请与管理员联系 下载失败: 铜峰电子
2026-08-26 12:11:57,065 | ERROR | [180/5212] sh.600238 sh.600238 下载失败(重试5次): error_code=10001011 msg=黑名单用户，请与管理员联系 下载失败: ST椰岛
2026-08-26 12:11:57,065 | ERROR | [181/5212] sh.600239 sh.600239 下载失败(重试5次): error_code=10001011 msg=黑名单用户，请与管理员联系 下载失败: ST云城
2026-08-26 12:11:57,065 | ERROR | [182/5212] sh.600241 sh.600241 下载失败(重试5次): error_code=10001011 msg=黑名单用户，请与管理员联系 下载失败: 时代万恒
2026-08-26 12:11:57,065 | ERROR | [183/5212] sh.600243 sh.600243 下载失败(重试5次): error_code=10001011 msg=黑名单用户，请与管理员联系 下载失败: *ST海华
2026-08-26 12:11:57,065 | ERROR | [184/5212] sh.600246 sh.600246 下载失败(重试5次): error_code=10001011 msg=黑名单用户，请与管理员联系 下载失败: 万通发展
2026-08-26 12:11:57,080 | WARNING | sh.600281 第1次请求失败: error_code=10001011 msg=黑名单用户，请与管理员联系
2026-08-26 12:11:57,436 | WARNING | sh.600259 重登失败，继续重试
2026-08-26 12:11:57,466 | WARNING | sh.600259 第2次请求失败: error_code=10001011 msg=黑名单用户，请与管理员联系
2026-08-26 12:11:58,075 | WARNING | sh.600255 重登失败，继续重试
2026-08-26 12:11:58,097 | WARNING | sh.600256 第1次请求失败: error_code=10001011 msg=黑名单用户，请与管理员联系
2026-08-26 12:11:58,283 | WARNING | sh.600269 重登失败，继续重试
2026-08-26 12:11:58,297 | WARNING | sh.600269 第3次请求失败: error_code=10001011 msg=黑名单用户，请与管理员联系
2026-08-26 12:11:59,145 | WARNING | sh.600281 重登失败，继续重试
2026-08-26 12:11:59,162 | WARNING | sh.600281 第2次请求失败: error_code=10001011 msg=黑名单用户，请与管理员联系
2026-08-26 12:12:00,148 | WARNING | sh.600256 重登失败，继续重试
2026-08-26 12:12:00,163 | WARNING | sh.600256 第2次请求失败: error_code=10001011 msg=黑名单用户，请与管理员联系
2026-08-26 12:12:01,773 | WARNING | sh.600259 重登失败，继续重试
2026-08-26 12:12:01,792 | WARNING | sh.600259 第3次请求失败: error_code=10001011 msg=黑名单用户，请与管理员联系
2026-08-26 12:12:04,451 | WARNING | sh.600256 重登失败，继续重试
2026-08-26 12:12:04,470 | WARNING | sh.600256 第3次请求失败: error_code=10001011 msg=黑名单用户，请与管理员联系
2026-08-26 12:12:04,531 | WARNING | sh.600281 重登失败，继续重试
2026-08-26 12:12:04,551 | WARNING | sh.600281 第3次请求失败: error_code=10001011 msg=黑名单用户，请与管理员联系
2026-08-26 12:12:04,610 | WARNING | sh.600269 重登失败，继续重试
2026-08-26 12:12:04,631 | WARNING | sh.600269 第4次请求失败: error_code=10001011 msg=黑名单用户，请与管理员联系
2026-08-26 12:12:07,864 | WARNING | sh.600259 重登失败，继续重试
2026-08-26 12:12:07,877 | WARNING | sh.600259 第4次请求失败: error_code=10001011 msg=黑名单用户，请与管理员联系
2026-08-26 12:12:10,789 | WARNING | sh.600281 重登失败，继续重试
2026-08-26 12:12:11,035 | WARNING | sh.600281 第4次请求失败: error_code=10001011 msg=黑名单用户，请与管理员联系
2026-08-26 12:12:11,538 | WARNING | sh.600256 重登失败，继续重试
2026-08-26 12:12:11,558 | WARNING | sh.600256 第4次请求失败: error_code=10001011 msg=黑名单用户，请与管理员联系
2026-08-26 12:12:12,950 | WARNING | sh.600269 重登失败，继续重试
2026-08-26 12:12:12,968 | WARNING | sh.600269 第5次请求失败: error_code=10001011 msg=黑名单用户，请与管理员联系
2026-08-26 12:12:17,302 | WARNING | sh.600259 重登失败，继续重试
2026-08-26 12:12:17,320 | WARNING | sh.600259 第5次请求失败: error_code=10001011 msg=黑名单用户，请与管理员联系
2026-08-26 12:12:19,626 | WARNING | sh.600256 重登失败，继续重试
2026-08-26 12:12:19,643 | WARNING | sh.600256 第5次请求失败: error_code=10001011 msg=黑名单用户，请与管理员联系
2026-08-26 12:12:20,100 | WARNING | sh.600281 重登失败，继续重试
2026-08-26 12:12:20,114 | WARNING | sh.600281 第5次请求失败: error_code=10001011 msg=黑名单用户，请与管理员联系
2026-08-26 12:12:23,038 | WARNING | sh.600269 重登失败，继续重试
2026-08-26 12:12:23,061 | WARNING | sh.600271 第1次请求失败: error_code=10001011 msg=黑名单用户，请与管理员联系
2026-08-26 12:12:26,139 | WARNING | sh.600271 重登失败，继续重试
2026-08-26 12:12:27,020 | WARNING | sh.600271 第2次请求失败: error_code=10001011 msg=黑名单用户，请与管理员联系
2026-08-26 12:12:28,396 | WARNING | sh.600259 重登失败，继续重试
2026-08-26 12:12:28,410 | WARNING | sh.600261 第1次请求失败: error_code=10001011 msg=黑名单用户，请与管理员联系
2026-08-26 12:12:29,718 | WARNING | sh.600256 重登失败，继续重试
2026-08-26 12:12:29,738 | WARNING | sh.600257 第1次请求失败: error_code=10001011 msg=黑名单用户，请与管理员联系
2026-08-26 12:12:30,482 | WARNING | sh.600261 重登失败，继续重试
2026-08-26 12:12:30,495 | WARNING | sh.600261 第2次请求失败: error_code=10001011 msg=黑名单用户，请与管理员联系
2026-08-26 12:12:31,173 | WARNING | sh.600281 重登失败，继续重试
2026-08-26 12:12:31,187 | WARNING | sh.600282 第1次请求失败: error_code=10001011 msg=黑名单用户，请与管理员联系
2026-08-26 12:12:31,797 | WARNING | sh.600257 重登失败，继续重试
2026-08-26 12:12:31,817 | WARNING | sh.600257 第2次请求失败: error_code=10001011 msg=黑名单用户，请与管理员联系
2026-08-26 12:12:32,303 | WARNING | sh.600271 重登失败，继续重试
2026-08-26 12:12:32,320 | WARNING | sh.600271 第3次请求失败: error_code=10001011 msg=黑名单用户，请与管理员联系
2026-08-26 12:12:33,253 | WARNING | sh.600282 重登失败，继续重试
2026-08-26 12:12:33,515 | WARNING | sh.600282 第2次请求失败: error_code=10001011 msg=黑名单用户，请与管理员联系
2026-08-26 12:12:34,995 | WARNING | sh.600261 重登失败，继续重试
2026-08-26 12:12:35,425 | WARNING | sh.600261 第3次请求失败: error_code=10001011 msg=黑名单用户，请与管理员联系
2026-08-26 12:12:36,931 | WARNING | sh.600257 重登失败，继续重试
2026-08-26 12:12:36,953 | WARNING | sh.600257 第3次请求失败: error_code=10001011 msg=黑名单用户，请与管理员联系
2026-08-26 12:12:37,791 | WARNING | sh.600282 重登失败，继续重试
2026-08-26 12:12:37,811 | WARNING | sh.600282 第3次请求失败: error_code=10001011 msg=黑名单用户，请与管理员联系
2026-08-26 12:12:39,379 | WARNING | sh.600271 重登失败，继续重试
2026-08-26 12:12:39,619 | WARNING | sh.600271 第4次请求失败: error_code=10001011 msg=黑名单用户，请与管理员联系
2026-08-26 12:12:41,730 | WARNING | sh.600261 重登失败，继续重试
2026-08-26 12:12:41,751 | WARNING | sh.600261 第4次请求失败: error_code=10001011 msg=黑名单用户，请与管理员联系
2026-08-26 12:12:43,387 | WARNING | sh.600257 重登失败，继续重试
2026-08-26 12:12:43,402 | WARNING | sh.600257 第4次请求失败: error_code=10001011 msg=黑名单用户，请与管理员联系
2026-08-26 12:12:44,075 | WARNING | sh.600282 重登失败，继续重试
2026-08-26 12:12:44,315 | WARNING | sh.600282 第4次请求失败: error_code=10001011 msg=黑名单用户，请与管理员联系
2026-08-26 12:12:48,041 | WARNING | sh.600271 重登失败，继续重试
2026-08-26 12:12:48,055 | WARNING | sh.600271 第5次请求失败: error_code=10001011 msg=黑名单用户，请与管理员联系
2026-08-26 12:12:50,042 | WARNING | sh.600261 重登失败，继续重试
2026-08-26 12:12:50,501 | WARNING | sh.600261 第5次请求失败: error_code=10001011 msg=黑名单用户，请与管理员联系
2026-08-26 12:12:51,484 | WARNING | sh.600257 重登失败，继续重试
2026-08-26 12:12:51,507 | WARNING | sh.600257 第5次请求失败: error_code=10001011 msg=黑名单用户，请与管理员联系
2026-08-26 12:12:52,822 | WARNING | sh.600282 重登失败，继续重试
2026-08-26 12:12:53,056 | WARNING | sh.600282 第5次请求失败: error_code=10001011 msg=黑名单用户，请与管理员联系
2026-08-26 12:12:58,330 | WARNING | sh.600271 重登失败，继续重试
2026-08-26 12:12:58,346 | WARNING | sh.600272 第1次请求失败: error_code=10001011 msg=黑名单用户，请与管理员联系
2026-08-26 12:13:00,584 | WARNING | sh.600261 重登失败，继续重试
2026-08-26 12:13:00,605 | WARNING | sh.600262 第1次请求失败: error_code=10001011 msg=黑名单用户，请与管理员联系
2026-08-26 12:13:00,643 | WARNING | sh.600272 重登失败，继续重试
2026-08-26 12:13:00,928 | WARNING | sh.600272 第2次请求失败: error_code=10001011 msg=黑名单用户，请与管理员联系
2026-08-26 12:13:01,602 | WARNING | sh.600257 重登失败，继续重试
2026-08-26 12:13:01,602 | ERROR | [185/5212] sh.600248 sh.600248 下载失败(重试5次): error_code=10001011 msg=黑名单用户，请与管理员联系 下载失败: 陕建股份
2026-08-26 12:13:01,602 | ERROR | [186/5212] sh.600249 sh.600249 下载失败(重试5次): error_code=10001011 msg=黑名单用户，请与管理员联系 下载失败: 两面针
2026-08-26 12:13:01,602 | ERROR | [187/5212] sh.600250 sh.600250 下载失败(重试5次): error_code=10001011 msg=黑名单用户，请与管理员联系 下载失败: 南京商旅
2026-08-26 12:13:01,602 | ERROR | [188/5212] sh.600251 sh.600251 下载失败(重试5次): error_code=10001011 msg=黑名单用户，请与管理员联系 下载失败: 冠农股份
2026-08-26 12:13:01,602 | ERROR | [189/5212] sh.600252 sh.600252 下载失败(重试5次): error_code=10001011 msg=黑名单用户，请与管理员联系 下载失败: 中恒集团
2026-08-26 12:13:01,602 | ERROR | [190/5212] sh.600255 sh.600255 下载失败(重试5次): error_code=10001011 msg=黑名单用户，请与管理员联系 下载失败: 鑫科材料
2026-08-26 12:13:01,602 | ERROR | [191/5212] sh.600256 sh.600256 下载失败(重试5次): error_code=10001011 msg=黑名单用户，请与管理员联系 下载失败: 广汇能源
2026-08-26 12:13:01,602 | ERROR | [192/5212] sh.600257 sh.600257 下载失败(重试5次): error_code=10001011 msg=黑名单用户，请与管理员联系 下载失败: 大湖股份
2026-08-26 12:13:01,846 | WARNING | sh.600292 第1次请求失败: error_code=10001011 msg=黑名单用户，请与管理员联系
2026-08-26 12:13:02,683 | WARNING | sh.600262 重登失败，继续重试
2026-08-26 12:13:03,116 | WARNING | sh.600282 重登失败，继续重试
2026-08-26 12:13:03,132 | WARNING | sh.600283 第1次请求失败: error_code=10001011 msg=黑名单用户，请与管理员联系
2026-08-26 12:13:03,913 | WARNING | sh.600292 重登失败，继续重试
2026-08-26 12:13:03,934 | WARNING | sh.600292 第2次请求失败: error_code=10001011 msg=黑名单用户，请与管理员联系
2026-08-26 12:13:04,706 | WARNING | sh.600262 第2次请求失败: error_code=10001011 msg=黑名单用户，请与管理员联系
2026-08-26 12:13:05,005 | WARNING | sh.600272 重登失败，继续重试
2026-08-26 12:13:05,029 | WARNING | sh.600272 第3次请求失败: error_code=10001011 msg=黑名单用户，请与管理员联系
2026-08-26 12:13:05,364 | WARNING | sh.600283 重登失败，继续重试
2026-08-26 12:13:05,381 | WARNING | sh.600283 第2次请求失败: error_code=10001011 msg=黑名单用户，请与管理员联系
2026-08-26 12:13:08,989 | WARNING | sh.600292 重登失败，继续重试
2026-08-26 12:13:09,007 | WARNING | sh.600292 第3次请求失败: error_code=10001011 msg=黑名单用户，请与管理员联系
2026-08-26 12:13:09,447 | WARNING | sh.600283 重登失败，继续重试
2026-08-26 12:13:09,464 | WARNING | sh.600283 第3次请求失败: error_code=10001011 msg=黑名单用户，请与管理员联系
2026-08-26 12:13:10,702 | WARNING | sh.600262 重登失败，继续重试
2026-08-26 12:13:10,825 | WARNING | sh.600262 第3次请求失败: error_code=10001011 msg=黑名单用户，请与管理员联系
2026-08-26 12:13:11,097 | WARNING | sh.600272 重登失败，继续重试
2026-08-26 12:13:11,114 | WARNING | sh.600272 第4次请求失败: error_code=10001011 msg=黑名单用户，请与管理员联系
2026-08-26 12:13:15,070 | WARNING | sh.600292 重登失败，继续重试
2026-08-26 12:13:15,296 | WARNING | sh.600292 第4次请求失败: error_code=10001011 msg=黑名单用户，请与管理员联系
2026-08-26 12:13:15,529 | WARNING | sh.600283 重登失败，继续重试
2026-08-26 12:13:15,546 | WARNING | sh.600283 第4次请求失败: error_code=10001011 msg=黑名单用户，请与管理员联系
2026-08-26 12:13:16,894 | WARNING | sh.600262 重登失败，继续重试
2026-08-26 12:13:17,131 | WARNING | sh.600262 第4次请求失败: error_code=10001011 msg=黑名单用户，请与管理员联系
2026-08-26 12:13:19,332 | WARNING | sh.600272 重登失败，继续重试
2026-08-26 12:13:19,562 | WARNING | sh.600272 第5次请求失败: error_code=10001011 msg=黑名单用户，请与管理员联系
2026-08-26 12:13:23,766 | WARNING | sh.600292 重登失败，继续重试
2026-08-26 12:13:23,780 | WARNING | sh.600292 第5次请求失败: error_code=10001011 msg=黑名单用户，请与管理员联系
2026-08-26 12:13:23,838 | WARNING | sh.600283 重登失败，继续重试
2026-08-26 12:13:23,854 | WARNING | sh.600283 第5次请求失败: error_code=10001011 msg=黑名单用户，请与管理员联系
2026-08-26 12:13:25,401 | WARNING | sh.600262 重登失败，继续重试
2026-08-26 12:13:25,417 | WARNING | sh.600262 第5次请求失败: error_code=10001011 msg=黑名单用户，请与管理员联系
2026-08-26 12:13:29,815 | WARNING | sh.600272 重登失败，继续重试
2026-08-26 12:13:29,841 | WARNING | sh.600273 第1次请求失败: error_code=10001011 msg=黑名单用户，请与管理员联系
2026-08-26 12:13:32,345 | WARNING | sh.600273 重登失败，继续重试
2026-08-26 12:13:32,396 | WARNING | sh.600273 第2次请求失败: error_code=10001011 msg=黑名单用户，请与管理员联系
2026-08-26 12:13:33,932 | WARNING | sh.600283 重登失败，继续重试
2026-08-26 12:13:34,170 | WARNING | sh.600284 第1次请求失败: error_code=10001011 msg=黑名单用户，请与管理员联系
2026-08-26 12:13:34,575 | WARNING | sh.600292 重登失败，继续重试
2026-08-26 12:13:34,856 | WARNING | sh.600293 第1次请求失败: error_code=10001011 msg=黑名单用户，请与管理员联系
2026-08-26 12:13:35,730 | WARNING | sh.600262 重登失败，继续重试
2026-08-26 12:13:35,748 | WARNING | sh.600265 第1次请求失败: error_code=10001011 msg=黑名单用户，请与管理员联系
2026-08-26 12:13:36,239 | WARNING | sh.600284 重登失败，继续重试
2026-08-26 12:13:36,258 | WARNING | sh.600284 第2次请求失败: error_code=10001011 msg=黑名单用户，请与管理员联系
2026-08-26 12:13:36,456 | WARNING | sh.600273 重登失败，继续重试
2026-08-26 12:13:36,473 | WARNING | sh.600273 第3次请求失败: error_code=10001011 msg=黑名单用户，请与管理员联系
2026-08-26 12:13:36,915 | WARNING | sh.600293 重登失败，继续重试
2026-08-26 12:13:37,151 | WARNING | sh.600293 第2次请求失败: error_code=10001011 msg=黑名单用户，请与管理员联系
2026-08-26 12:13:37,938 | WARNING | sh.600265 重登失败，继续重试
2026-08-26 12:13:37,956 | WARNING | sh.600265 第2次请求失败: error_code=10001011 msg=黑名单用户，请与管理员联系
2026-08-26 12:13:40,325 | WARNING | sh.600284 重登失败，继续重试
2026-08-26 12:13:40,352 | WARNING | sh.600284 第3次请求失败: error_code=10001011 msg=黑名单用户，请与管理员联系
2026-08-26 12:13:41,366 | WARNING | sh.600293 重登失败，继续重试
2026-08-26 12:13:41,595 | WARNING | sh.600293 第3次请求失败: error_code=10001011 msg=黑名单用户，请与管理员联系
2026-08-26 12:13:42,264 | WARNING | sh.600265 重登失败，继续重试
2026-08-26 12:13:42,281 | WARNING | sh.600265 第3次请求失败: error_code=10001011 msg=黑名单用户，请与管理员联系
2026-08-26 12:13:42,916 | WARNING | sh.600273 重登失败，继续重试
2026-08-26 12:13:42,931 | WARNING | sh.600273 第4次请求失败: error_code=10001011 msg=黑名单用户，请与管理员联系
2026-08-26 12:13:46,452 | WARNING | sh.600284 重登失败，继续重试
2026-08-26 12:13:46,472 | WARNING | sh.600284 第4次请求失败: error_code=10001011 msg=黑名单用户，请与管理员联系
2026-08-26 12:13:48,309 | WARNING | sh.600293 重登失败，继续重试
2026-08-26 12:13:48,336 | WARNING | sh.600293 第4次请求失败: error_code=10001011 msg=黑名单用户，请与管理员联系
2026-08-26 12:13:48,801 | WARNING | sh.600265 重登失败，继续重试
2026-08-26 12:13:49,043 | WARNING | sh.600265 第4次请求失败: error_code=10001011 msg=黑名单用户，请与管理员联系
2026-08-26 12:13:51,267 | WARNING | sh.600273 重登失败，继续重试
2026-08-26 12:13:51,500 | WARNING | sh.600273 第5次请求失败: error_code=10001011 msg=黑名单用户，请与管理员联系
2026-08-26 12:13:54,536 | WARNING | sh.600284 重登失败，继续重试
2026-08-26 12:13:54,551 | WARNING | sh.600284 第5次请求失败: error_code=10001011 msg=黑名单用户，请与管理员联系
2026-08-26 12:13:56,409 | WARNING | sh.600293 重登失败，继续重试
2026-08-26 12:13:56,428 | WARNING | sh.600293 第5次请求失败: error_code=10001011 msg=黑名单用户，请与管理员联系
2026-08-26 12:13:57,099 | WARNING | sh.600265 重登失败，继续重试
2026-08-26 12:13:57,335 | WARNING | sh.600265 第5次请求失败: error_code=10001011 msg=黑名单用户，请与管理员联系
2026-08-26 12:14:01,659 | WARNING | sh.600273 重登失败，继续重试
2026-08-26 12:14:01,690 | WARNING | sh.600276 第1次请求失败: error_code=10001011 msg=黑名单用户，请与管理员联系
2026-08-26 12:14:03,760 | WARNING | sh.600276 重登失败，继续重试
2026-08-26 12:14:03,777 | WARNING | sh.600276 第2次请求失败: error_code=10001011 msg=黑名单用户，请与管理员联系
2026-08-26 12:14:04,865 | WARNING | sh.600284 重登失败，继续重试
2026-08-26 12:14:04,885 | WARNING | sh.600285 第1次请求失败: error_code=10001011 msg=黑名单用户，请与管理员联系
2026-08-26 12:14:06,863 | WARNING | sh.600293 重登失败，继续重试
2026-08-26 12:14:06,968 | WARNING | sh.600285 重登失败，继续重试
2026-08-26 12:14:06,988 | WARNING | sh.600285 第2次请求失败: error_code=10001011 msg=黑名单用户，请与管理员联系
2026-08-26 12:14:07,107 | WARNING | sh.600295 第1次请求失败: error_code=10001011 msg=黑名单用户，请与管理员联系
2026-08-26 12:14:08,107 | WARNING | sh.600265 重登失败，继续重试
2026-08-26 12:14:08,525 | WARNING | sh.600276 重登失败，继续重试
2026-08-26 12:14:08,550 | WARNING | sh.600276 第3次请求失败: error_code=10001011 msg=黑名单用户，请与管理员联系
2026-08-26 12:14:08,612 | WARNING | sh.600266 第1次请求失败: error_code=10001011 msg=黑名单用户，请与管理员联系
2026-08-26 12:14:09,222 | WARNING | sh.600295 重登失败，继续重试
2026-08-26 12:14:09,465 | WARNING | sh.600295 第2次请求失败: error_code=10001011 msg=黑名单用户，请与管理员联系
2026-08-26 12:14:11,263 | WARNING | sh.600285 重登失败，继续重试
2026-08-26 12:14:11,279 | WARNING | sh.600285 第3次请求失败: error_code=10001011 msg=黑名单用户，请与管理员联系
2026-08-26 12:14:12,070 | WARNING | sh.600266 重登失败，继续重试
2026-08-26 12:14:12,960 | WARNING | sh.600266 第2次请求失败: error_code=10001011 msg=黑名单用户，请与管理员联系
2026-08-26 12:14:13,518 | WARNING | sh.600295 重登失败，继续重试
2026-08-26 12:14:13,532 | WARNING | sh.600295 第3次请求失败: error_code=10001011 msg=黑名单用户，请与管理员联系
2026-08-26 12:14:15,144 | WARNING | sh.600276 重登失败，继续重试
2026-08-26 12:14:15,158 | WARNING | sh.600276 第4次请求失败: error_code=10001011 msg=黑名单用户，请与管理员联系
2026-08-26 12:14:17,051 | WARNING | sh.600266 重登失败，继续重试
2026-08-26 12:14:17,069 | WARNING | sh.600266 第3次请求失败: error_code=10001011 msg=黑名单用户，请与管理员联系
2026-08-26 12:14:17,410 | WARNING | sh.600285 重登失败，继续重试
2026-08-26 12:14:17,429 | WARNING | sh.600285 第4次请求失败: error_code=10001011 msg=黑名单用户，请与管理员联系
2026-08-26 12:14:19,592 | WARNING | sh.600295 重登失败，继续重试
2026-08-26 12:14:20,110 | WARNING | sh.600295 第4次请求失败: error_code=10001011 msg=黑名单用户，请与管理员联系
2026-08-26 12:14:23,137 | WARNING | sh.600266 重登失败，继续重试
2026-08-26 12:14:23,151 | WARNING | sh.600266 第4次请求失败: error_code=10001011 msg=黑名单用户，请与管理员联系
2026-08-26 12:14:23,443 | WARNING | sh.600276 重登失败，继续重试
2026-08-26 12:14:23,467 | WARNING | sh.600276 第5次请求失败: error_code=10001011 msg=黑名单用户，请与管理员联系
2026-08-26 12:14:26,650 | WARNING | sh.600285 重登失败，继续重试
2026-08-26 12:14:26,880 | WARNING | sh.600285 第5次请求失败: error_code=10001011 msg=黑名单用户，请与管理员联系
2026-08-26 12:14:28,161 | WARNING | sh.600295 重登失败，继续重试
2026-08-26 12:14:28,176 | WARNING | sh.600295 第5次请求失败: error_code=10001011 msg=黑名单用户，请与管理员联系
2026-08-26 12:14:31,782 | WARNING | sh.600266 重登失败，继续重试
2026-08-26 12:14:31,800 | WARNING | sh.600266 第5次请求失败: error_code=10001011 msg=黑名单用户，请与管理员联系
2026-08-26 12:14:34,546 | WARNING | sh.600276 重登失败，继续重试
2026-08-26 12:14:34,774 | WARNING | sh.600278 第1次请求失败: error_code=10001011 msg=黑名单用户，请与管理员联系
2026-08-26 12:14:36,835 | WARNING | sh.600278 重登失败，继续重试
2026-08-26 12:14:36,858 | WARNING | sh.600278 第2次请求失败: error_code=10001011 msg=黑名单用户，请与管理员联系
2026-08-26 12:14:37,526 | WARNING | sh.600285 重登失败，继续重试
2026-08-26 12:14:37,545 | WARNING | sh.600287 第1次请求失败: error_code=10001011 msg=黑名单用户，请与管理员联系
2026-08-26 12:14:38,223 | WARNING | sh.600295 重登失败，继续重试
2026-08-26 12:14:38,239 | WARNING | sh.600298 第1次请求失败: error_code=10001011 msg=黑名单用户，请与管理员联系
2026-08-26 12:14:39,637 | WARNING | sh.600287 重登失败，继续重试
2026-08-26 12:14:39,652 | WARNING | sh.600287 第2次请求失败: error_code=10001011 msg=黑名单用户，请与管理员联系
2026-08-26 12:14:40,305 | WARNING | sh.600298 重登失败，继续重试
2026-08-26 12:14:40,323 | WARNING | sh.600298 第2次请求失败: error_code=10001011 msg=黑名单用户，请与管理员联系
2026-08-26 12:14:40,920 | WARNING | sh.600278 重登失败，继续重试
2026-08-26 12:14:40,939 | WARNING | sh.600278 第3次请求失败: error_code=10001011 msg=黑名单用户，请与管理员联系
2026-08-26 12:14:42,312 | WARNING | sh.600266 重登失败，继续重试
2026-08-26 12:14:42,333 | WARNING | sh.600267 第1次请求失败: error_code=10001011 msg=黑名单用户，请与管理员联系
2026-08-26 12:14:43,714 | WARNING | sh.600287 重登失败，继续重试
2026-08-26 12:14:43,958 | WARNING | sh.600287 第3次请求失败: error_code=10001011 msg=黑名单用户，请与管理员联系
2026-08-26 12:14:44,447 | WARNING | sh.600298 重登失败，继续重试
2026-08-26 12:14:44,469 | WARNING | sh.600298 第3次请求失败: error_code=10001011 msg=黑名单用户，请与管理员联系
2026-08-26 12:14:45,352 | WARNING | sh.600267 重登失败，继续重试
2026-08-26 12:14:45,732 | WARNING | sh.600267 第2次请求失败: error_code=10001011 msg=黑名单用户，请与管理员联系
2026-08-26 12:14:47,558 | WARNING | sh.600278 重登失败，继续重试
2026-08-26 12:14:47,579 | WARNING | sh.600278 第4次请求失败: error_code=10001011 msg=黑名单用户，请与管理员联系
2026-08-26 12:14:49,799 | WARNING | sh.600267 重登失败，继续重试
2026-08-26 12:14:49,822 | WARNING | sh.600267 第3次请求失败: error_code=10001011 msg=黑名单用户，请与管理员联系
2026-08-26 12:14:50,036 | WARNING | sh.600287 重登失败，继续重试
2026-08-26 12:14:50,272 | WARNING | sh.600287 第4次请求失败: error_code=10001011 msg=黑名单用户，请与管理员联系
2026-08-26 12:14:50,769 | WARNING | sh.600298 重登失败，继续重试
2026-08-26 12:14:50,785 | WARNING | sh.600298 第4次请求失败: error_code=10001011 msg=黑名单用户，请与管理员联系
2026-08-26 12:14:55,634 | WARNING | sh.600278 重登失败，继续重试
2026-08-26 12:14:55,648 | WARNING | sh.600278 第5次请求失败: error_code=10001011 msg=黑名单用户，请与管理员联系
2026-08-26 12:14:56,890 | WARNING | sh.600267 重登失败，继续重试
2026-08-26 12:14:56,908 | WARNING | sh.600267 第4次请求失败: error_code=10001011 msg=黑名单用户，请与管理员联系
2026-08-26 12:14:58,555 | WARNING | sh.600287 重登失败，继续重试
2026-08-26 12:14:58,795 | WARNING | sh.600287 第5次请求失败: error_code=10001011 msg=黑名单用户，请与管理员联系
2026-08-26 12:14:59,053 | WARNING | sh.600298 重登失败，继续重试
2026-08-26 12:14:59,067 | WARNING | sh.600298 第5次请求失败: error_code=10001011 msg=黑名单用户，请与管理员联系
2026-08-26 12:15:05,809 | WARNING | sh.600278 重登失败，继续重试
2026-08-26 12:15:05,825 | WARNING | sh.600279 第1次请求失败: error_code=10001011 msg=黑名单用户，请与管理员联系
2026-08-26 12:15:07,227 | WARNING | sh.600267 重登失败，继续重试
2026-08-26 12:15:07,243 | WARNING | sh.600267 第5次请求失败: error_code=10001011 msg=黑名单用户，请与管理员联系
2026-08-26 12:15:07,893 | WARNING | sh.600279 重登失败，继续重试
2026-08-26 12:15:08,293 | WARNING | sh.600279 第2次请求失败: error_code=10001011 msg=黑名单用户，请与管理员联系
2026-08-26 12:15:10,360 | WARNING | sh.600298 重登失败，继续重试
2026-08-26 12:15:10,394 | WARNING | sh.600299 第1次请求失败: error_code=10001011 msg=黑名单用户，请与管理员联系
2026-08-26 12:15:10,647 | WARNING | sh.600287 重登失败，继续重试
2026-08-26 12:15:11,907 | WARNING | sh.600288 第1次请求失败: error_code=10001011 msg=黑名单用户，请与管理员联系
2026-08-26 12:15:12,527 | WARNING | sh.600279 重登失败，继续重试
2026-08-26 12:15:12,546 | WARNING | sh.600279 第3次请求失败: error_code=10001011 msg=黑名单用户，请与管理员联系
2026-08-26 12:15:12,636 | WARNING | sh.600299 重登失败，继续重试
2026-08-26 12:15:12,656 | WARNING | sh.600299 第2次请求失败: error_code=10001011 msg=黑名单用户，请与管理员联系
2026-08-26 12:15:14,191 | WARNING | sh.600288 重登失败，继续重试
2026-08-26 12:15:14,208 | WARNING | sh.600288 第2次请求失败: error_code=10001011 msg=黑名单用户，请与管理员联系
2026-08-26 12:15:16,745 | WARNING | sh.600299 重登失败，继续重试
2026-08-26 12:15:16,766 | WARNING | sh.600299 第3次请求失败: error_code=10001011 msg=黑名单用户，请与管理员联系
2026-08-26 12:15:17,832 | WARNING | sh.600267 重登失败，继续重试
2026-08-26 12:15:18,608 | WARNING | sh.600279 重登失败，继续重试
2026-08-26 12:15:18,647 | WARNING | sh.600279 第4次请求失败: error_code=10001011 msg=黑名单用户，请与管理员联系
2026-08-26 12:15:18,676 | WARNING | sh.600268 第1次请求失败: error_code=10001011 msg=黑名单用户，请与管理员联系
2026-08-26 12:15:18,942 | WARNING | sh.600288 重登失败，继续重试
2026-08-26 12:15:18,960 | WARNING | sh.600288 第3次请求失败: error_code=10001011 msg=黑名单用户，请与管理员联系
2026-08-26 12:15:21,259 | WARNING | sh.600268 重登失败，继续重试
2026-08-26 12:15:21,284 | WARNING | sh.600268 第2次请求失败: error_code=10001011 msg=黑名单用户，请与管理员联系
2026-08-26 12:15:24,106 | WARNING | sh.600299 重登失败，继续重试
2026-08-26 12:15:24,124 | WARNING | sh.600299 第4次请求失败: error_code=10001011 msg=黑名单用户，请与管理员联系
2026-08-26 12:15:25,286 | WARNING | sh.600288 重登失败，继续重试
2026-08-26 12:15:25,309 | WARNING | sh.600288 第4次请求失败: error_code=10001011 msg=黑名单用户，请与管理员联系
2026-08-26 12:15:25,731 | WARNING | sh.600268 重登失败，继续重试
2026-08-26 12:15:25,753 | WARNING | sh.600268 第3次请求失败: error_code=10001011 msg=黑名单用户，请与管理员联系
2026-08-26 12:15:27,070 | WARNING | sh.600279 重登失败，继续重试
2026-08-26 12:15:27,084 | WARNING | sh.600279 第5次请求失败: error_code=10001011 msg=黑名单用户，请与管理员联系
2026-08-26 12:15:31,843 | WARNING | sh.600268 重登失败，继续重试
2026-08-26 12:15:31,865 | WARNING | sh.600268 第4次请求失败: error_code=10001011 msg=黑名单用户，请与管理员联系
2026-08-26 12:15:32,503 | WARNING | sh.600299 重登失败，继续重试
2026-08-26 12:15:32,524 | WARNING | sh.600299 第5次请求失败: error_code=10001011 msg=黑名单用户，请与管理员联系
2026-08-26 12:15:33,399 | WARNING | sh.600288 重登失败，继续重试
2026-08-26 12:15:33,413 | WARNING | sh.600288 第5次请求失败: error_code=10001011 msg=黑名单用户，请与管理员联系
2026-08-26 12:15:37,147 | WARNING | sh.600279 重登失败，继续重试
2026-08-26 12:15:37,169 | WARNING | sh.600280 第1次请求失败: error_code=10001011 msg=黑名单用户，请与管理员联系
2026-08-26 12:15:39,939 | WARNING | sh.600268 重登失败，继续重试
2026-08-26 12:15:39,957 | WARNING | sh.600268 第5次请求失败: error_code=10001011 msg=黑名单用户，请与管理员联系
2026-08-26 12:15:40,468 | WARNING | sh.600280 重登失败，继续重试
2026-08-26 12:15:40,859 | WARNING | sh.600280 第2次请求失败: error_code=10001011 msg=黑名单用户，请与管理员联系
2026-08-26 12:15:43,751 | WARNING | sh.600288 重登失败，继续重试
2026-08-26 12:15:43,771 | WARNING | sh.600289 第1次请求失败: error_code=10001011 msg=黑名单用户，请与管理员联系
2026-08-26 12:15:44,030 | WARNING | sh.600299 重登失败，继续重试
2026-08-26 12:15:44,043 | WARNING | sh.600300 第1次请求失败: error_code=10001011 msg=黑名单用户，请与管理员联系
2026-08-26 12:15:45,174 | WARNING | sh.600280 重登失败，继续重试
2026-08-26 12:15:45,857 | WARNING | sh.600280 第3次请求失败: error_code=10001011 msg=黑名单用户，请与管理员联系
2026-08-26 12:15:45,889 | WARNING | sh.600289 重登失败，继续重试
2026-08-26 12:15:45,909 | WARNING | sh.600289 第2次请求失败: error_code=10001011 msg=黑名单用户，请与管理员联系
2026-08-26 12:15:47,888 | WARNING | sh.600300 重登失败，继续重试
2026-08-26 12:15:48,139 | WARNING | sh.600300 第2次请求失败: error_code=10001011 msg=黑名单用户，请与管理员联系
2026-08-26 12:15:49,978 | WARNING | sh.600289 重登失败，继续重试
2026-08-26 12:15:50,000 | WARNING | sh.600289 第3次请求失败: error_code=10001011 msg=黑名单用户，请与管理员联系
2026-08-26 12:15:50,359 | WARNING | sh.600268 重登失败，继续重试
2026-08-26 12:15:50,359 | ERROR | [193/5212] sh.600258 sh.600258 下载失败(重试5次): error_code=10001011 msg=黑名单用户，请与管理员联系 下载失败: 首旅酒店
2026-08-26 12:15:50,359 | ERROR | [194/5212] sh.600259 sh.600259 下载失败(重试5次): error_code=10001011 msg=黑名单用户，请与管理员联系 下载失败: 中稀有色
2026-08-26 12:15:50,359 | ERROR | [195/5212] sh.600261 sh.600261 下载失败(重试5次): error_code=10001011 msg=黑名单用户，请与管理员联系 下载失败: 阳光照明
2026-08-26 12:15:50,359 | ERROR | [196/5212] sh.600262 sh.600262 下载失败(重试5次): error_code=10001011 msg=黑名单用户，请与管理员联系 下载失败: 北方股份
2026-08-26 12:15:50,359 | ERROR | [197/5212] sh.600265 sh.600265 下载失败(重试5次): error_code=10001011 msg=黑名单用户，请与管理员联系 下载失败: *ST景谷
2026-08-26 12:15:50,359 | ERROR | [198/5212] sh.600266 sh.600266 下载失败(重试5次): error_code=10001011 msg=黑名单用户，请与管理员联系 下载失败: 城建发展
2026-08-26 12:15:50,359 | ERROR | [199/5212] sh.600267 sh.600267 下载失败(重试5次): error_code=10001011 msg=黑名单用户，请与管理员联系 下载失败: 海正药业
2026-08-26 12:15:50,360 | ERROR | [200/5212] sh.600268 sh.600268 下载失败(重试5次): error_code=10001011 msg=黑名单用户，请与管理员联系 下载失败: 国电南自
2026-08-26 12:15:50,376 | WARNING | sh.600303 第1次请求失败: error_code=10001011 msg=黑名单用户，请与管理员联系
2026-08-26 12:15:51,923 | WARNING | sh.600280 重登失败，继续重试
2026-08-26 12:15:51,940 | WARNING | sh.600280 第4次请求失败: error_code=10001011 msg=黑名单用户，请与管理员联系
2026-08-26 12:15:52,200 | WARNING | sh.600300 重登失败，继续重试
2026-08-26 12:15:52,220 | WARNING | sh.600300 第3次请求失败: error_code=10001011 msg=黑名单用户，请与管理员联系
2026-08-26 12:15:52,798 | WARNING | sh.600303 重登失败，继续重试
2026-08-26 12:15:52,821 | WARNING | sh.600303 第2次请求失败: error_code=10001011 msg=黑名单用户，请与管理员联系
2026-08-26 12:15:56,248 | WARNING | sh.600289 重登失败，继续重试
2026-08-26 12:15:56,299 | WARNING | sh.600289 第4次请求失败: error_code=10001011 msg=黑名单用户，请与管理员联系
2026-08-26 12:15:56,879 | WARNING | sh.600303 重登失败，继续重试
2026-08-26 12:15:56,894 | WARNING | sh.600303 第3次请求失败: error_code=10001011 msg=黑名单用户，请与管理员联系
2026-08-26 12:15:58,277 | WARNING | sh.600300 重登失败，继续重试
2026-08-26 12:15:58,294 | WARNING | sh.600300 第4次请求失败: error_code=10001011 msg=黑名单用户，请与管理员联系
2026-08-26 12:16:00,052 | WARNING | sh.600280 重登失败，继续重试
2026-08-26 12:16:00,074 | WARNING | sh.600280 第5次请求失败: error_code=10001011 msg=黑名单用户，请与管理员联系
2026-08-26 12:16:02,963 | WARNING | sh.600303 重登失败，继续重试
2026-08-26 12:16:03,198 | WARNING | sh.600303 第4次请求失败: error_code=10001011 msg=黑名单用户，请与管理员联系
2026-08-26 12:16:05,661 | WARNING | sh.600289 重登失败，继续重试
2026-08-26 12:16:05,678 | WARNING | sh.600289 第5次请求失败: error_code=10001011 msg=黑名单用户，请与管理员联系
2026-08-26 12:16:06,921 | WARNING | sh.600300 重登失败，继续重试
2026-08-26 12:16:06,944 | WARNING | sh.600300 第5次请求失败: error_code=10001011 msg=黑名单用户，请与管理员联系
2026-08-26 12:16:10,377 | WARNING | sh.600280 重登失败，继续重试
2026-08-26 12:16:10,377 | ERROR | [201/5212] sh.600269 sh.600269 下载失败(重试5次): error_code=10001011 msg=黑名单用户，请与管理员联系 下载失败: 赣粤高速
2026-08-26 12:16:10,377 | ERROR | [202/5212] sh.600271 sh.600271 下载失败(重试5次): error_code=10001011 msg=黑名单用户，请与管理员联系 下载失败: 航天信息
2026-08-26 12:16:10,377 | ERROR | [203/5212] sh.600272 sh.600272 下载失败(重试5次): error_code=10001011 msg=黑名单用户，请与管理员联系 下载失败: 开开实业
2026-08-26 12:16:10,377 | ERROR | [204/5212] sh.600273 sh.600273 下载失败(重试5次): error_code=10001011 msg=黑名单用户，请与管理员联系 下载失败: 嘉化能源
2026-08-26 12:16:10,377 | ERROR | [205/5212] sh.600276 sh.600276 下载失败(重试5次): error_code=10001011 msg=黑名单用户，请与管理员联系 下载失败: 恒瑞医药
2026-08-26 12:16:10,377 | ERROR | [206/5212] sh.600278 sh.600278 下载失败(重试5次): error_code=10001011 msg=黑名单用户，请与管理员联系 下载失败: 东方创业
2026-08-26 12:16:10,377 | ERROR | [207/5212] sh.600279 sh.600279 下载失败(重试5次): error_code=10001011 msg=黑名单用户，请与管理员联系 下载失败: 重庆港
2026-08-26 12:16:10,377 | ERROR | [208/5212] sh.600280 sh.600280 下载失败(重试5次): error_code=10001011 msg=黑名单用户，请与管理员联系 下载失败: 中央商场
2026-08-26 12:16:10,622 | WARNING | sh.600315 第1次请求失败: error_code=10001011 msg=黑名单用户，请与管理员联系
2026-08-26 12:16:11,491 | WARNING | sh.600303 重登失败，继续重试
2026-08-26 12:16:12,185 | WARNING | sh.600303 第5次请求失败: error_code=10001011 msg=黑名单用户，请与管理员联系
2026-08-26 12:16:12,898 | WARNING | sh.600315 重登失败，继续重试
2026-08-26 12:16:12,917 | WARNING | sh.600315 第2次请求失败: error_code=10001011 msg=黑名单用户，请与管理员联系
2026-08-26 12:16:16,761 | WARNING | sh.600289 重登失败，继续重试
2026-08-26 12:16:16,761 | ERROR | [209/5212] sh.600281 sh.600281 下载失败(重试5次): error_code=10001011 msg=黑名单用户，请与管理员联系 下载失败: 华阳新材
2026-08-26 12:16:16,761 | ERROR | [210/5212] sh.600282 sh.600282 下载失败(重试5次): error_code=10001011 msg=黑名单用户，请与管理员联系 下载失败: 南钢股份
2026-08-26 12:16:16,761 | ERROR | [211/5212] sh.600283 sh.600283 下载失败(重试5次): error_code=10001011 msg=黑名单用户，请与管理员联系 下载失败: 钱江水利
2026-08-26 12:16:16,761 | ERROR | [212/5212] sh.600284 sh.600284 下载失败(重试5次): error_code=10001011 msg=黑名单用户，请与管理员联系 下载失败: 浦东建设
2026-08-26 12:16:16,761 | ERROR | [213/5212] sh.600285 sh.600285 下载失败(重试5次): error_code=10001011 msg=黑名单用户，请与管理员联系 下载失败: 羚锐制药
2026-08-26 12:16:16,762 | ERROR | [214/5212] sh.600287 sh.600287 下载失败(重试5次): error_code=10001011 msg=黑名单用户，请与管理员联系 下载失败: 苏豪时尚
2026-08-26 12:16:16,762 | ERROR | [215/5212] sh.600288 sh.600288 下载失败(重试5次): error_code=10001011 msg=黑名单用户，请与管理员联系 下载失败: 大恒科技
2026-08-26 12:16:16,762 | ERROR | [216/5212] sh.600289 sh.600289 下载失败(重试5次): error_code=10001011 msg=黑名单用户，请与管理员联系 下载失败: ST信通
2026-08-26 12:16:16,774 | WARNING | sh.600326 第1次请求失败: error_code=10001011 msg=黑名单用户，请与管理员联系
2026-08-26 12:16:16,977 | WARNING | sh.600315 重登失败，继续重试
2026-08-26 12:16:16,998 | WARNING | sh.600315 第3次请求失败: error_code=10001011 msg=黑名单用户，请与管理员联系
2026-08-26 12:16:17,029 | WARNING | sh.600300 重登失败，继续重试
2026-08-26 12:16:17,264 | WARNING | sh.600301 第1次请求失败: error_code=10001011 msg=黑名单用户，请与管理员联系
2026-08-26 12:16:19,303 | WARNING | sh.600326 重登失败，继续重试
2026-08-26 12:16:19,318 | WARNING | sh.600326 第2次请求失败: error_code=10001011 msg=黑名单用户，请与管理员联系
2026-08-26 12:16:19,362 | WARNING | sh.600301 重登失败，继续重试
2026-08-26 12:16:19,378 | WARNING | sh.600301 第2次请求失败: error_code=10001011 msg=黑名单用户，请与管理员联系
2026-08-26 12:16:22,325 | WARNING | sh.600303 重登失败，继续重试
2026-08-26 12:16:22,339 | WARNING | sh.600305 第1次请求失败: error_code=10001011 msg=黑名单用户，请与管理员联系
2026-08-26 12:16:23,451 | WARNING | sh.600301 重登失败，继续重试
2026-08-26 12:16:23,467 | WARNING | sh.600301 第3次请求失败: error_code=10001011 msg=黑名单用户，请与管理员联系
2026-08-26 12:16:23,579 | WARNING | sh.600326 重登失败，继续重试
2026-08-26 12:16:23,596 | WARNING | sh.600326 第3次请求失败: error_code=10001011 msg=黑名单用户，请与管理员联系
2026-08-26 12:16:23,757 | WARNING | sh.600315 重登失败，继续重试
2026-08-26 12:16:24,134 | WARNING | sh.600315 第4次请求失败: error_code=10001011 msg=黑名单用户，请与管理员联系
2026-08-26 12:16:24,542 | WARNING | sh.600305 重登失败，继续重试
2026-08-26 12:16:24,782 | WARNING | sh.600305 第2次请求失败: error_code=10001011 msg=黑名单用户，请与管理员联系
2026-08-26 12:16:28,849 | WARNING | sh.600305 重登失败，继续重试
2026-08-26 12:16:28,870 | WARNING | sh.600305 第3次请求失败: error_code=10001011 msg=黑名单用户，请与管理员联系
2026-08-26 12:16:29,805 | WARNING | sh.600301 重登失败，继续重试
2026-08-26 12:16:29,832 | WARNING | sh.600301 第4次请求失败: error_code=10001011 msg=黑名单用户，请与管理员联系
2026-08-26 12:16:30,879 | WARNING | sh.600326 重登失败，继续重试
2026-08-26 12:16:31,334 | WARNING | sh.600326 第4次请求失败: error_code=10001011 msg=黑名单用户，请与管理员联系
2026-08-26 12:16:33,208 | WARNING | sh.600315 重登失败，继续重试
2026-08-26 12:16:33,227 | WARNING | sh.600315 第5次请求失败: error_code=10001011 msg=黑名单用户，请与管理员联系
2026-08-26 12:16:34,950 | WARNING | sh.600305 重登失败，继续重试
2026-08-26 12:16:34,972 | WARNING | sh.600305 第4次请求失败: error_code=10001011 msg=黑名单用户，请与管理员联系
2026-08-26 12:16:38,228 | WARNING | sh.600301 重登失败，继续重试
2026-08-26 12:16:38,243 | WARNING | sh.600301 第5次请求失败: error_code=10001011 msg=黑名单用户，请与管理员联系
2026-08-26 12:16:39,872 | WARNING | sh.600326 重登失败，继续重试
2026-08-26 12:16:39,915 | WARNING | sh.600326 第5次请求失败: error_code=10001011 msg=黑名单用户，请与管理员联系
2026-08-26 12:16:43,284 | WARNING | sh.600305 重登失败，继续重试
2026-08-26 12:16:43,294 | WARNING | sh.600315 重登失败，继续重试
2026-08-26 12:16:43,303 | WARNING | sh.600305 第5次请求失败: error_code=10001011 msg=黑名单用户，请与管理员联系
2026-08-26 12:16:43,313 | WARNING | sh.600316 第1次请求失败: error_code=10001011 msg=黑名单用户，请与管理员联系
2026-08-26 12:16:45,618 | WARNING | sh.600316 重登失败，继续重试
2026-08-26 12:16:45,636 | WARNING | sh.600316 第2次请求失败: error_code=10001011 msg=黑名单用户，请与管理员联系
2026-08-26 12:16:49,387 | WARNING | sh.600301 重登失败，继续重试
2026-08-26 12:16:49,813 | WARNING | sh.600302 第1次请求失败: error_code=10001011 msg=黑名单用户，请与管理员联系
2026-08-26 12:16:50,017 | WARNING | sh.600316 重登失败，继续重试
2026-08-26 12:16:50,319 | WARNING | sh.600326 重登失败，继续重试
2026-08-26 12:16:50,342 | WARNING | sh.600327 第1次请求失败: error_code=10001011 msg=黑名单用户，请与管理员联系
2026-08-26 12:16:50,360 | WARNING | sh.600316 第3次请求失败: error_code=10001011 msg=黑名单用户，请与管理员联系
2026-08-26 12:16:51,930 | WARNING | sh.600302 重登失败，继续重试
2026-08-26 12:16:51,947 | WARNING | sh.600302 第2次请求失败: error_code=10001011 msg=黑名单用户，请与管理员联系
2026-08-26 12:16:52,626 | WARNING | sh.600327 重登失败，继续重试
2026-08-26 12:16:52,852 | WARNING | sh.600327 第2次请求失败: error_code=10001011 msg=黑名单用户，请与管理员联系
2026-08-26 12:16:53,378 | WARNING | sh.600305 重登失败，继续重试
2026-08-26 12:16:53,396 | WARNING | sh.600307 第1次请求失败: error_code=10001011 msg=黑名单用户，请与管理员联系
2026-08-26 12:16:55,790 | WARNING | sh.600307 重登失败，继续重试
2026-08-26 12:16:56,066 | WARNING | sh.600307 第2次请求失败: error_code=10001011 msg=黑名单用户，请与管理员联系
2026-08-26 12:16:56,469 | WARNING | sh.600302 重登失败，继续重试
2026-08-26 12:16:56,487 | WARNING | sh.600302 第3次请求失败: error_code=10001011 msg=黑名单用户，请与管理员联系
2026-08-26 12:16:56,739 | WARNING | sh.600316 重登失败，继续重试
2026-08-26 12:16:56,754 | WARNING | sh.600316 第4次请求失败: error_code=10001011 msg=黑名单用户，请与管理员联系
2026-08-26 12:16:56,914 | WARNING | sh.600327 重登失败，继续重试
2026-08-26 12:16:56,932 | WARNING | sh.600327 第3次请求失败: error_code=10001011 msg=黑名单用户，请与管理员联系
2026-08-26 12:17:01,792 | WARNING | sh.600307 重登失败，继续重试
2026-08-26 12:17:01,809 | WARNING | sh.600307 第3次请求失败: error_code=10001011 msg=黑名单用户，请与管理员联系
2026-08-26 12:17:02,551 | WARNING | sh.600302 重登失败，继续重试
2026-08-26 12:17:02,571 | WARNING | sh.600302 第4次请求失败: error_code=10001011 msg=黑名单用户，请与管理员联系
2026-08-26 12:17:03,001 | WARNING | sh.600327 重登失败，继续重试
2026-08-26 12:17:03,019 | WARNING | sh.600327 第4次请求失败: error_code=10001011 msg=黑名单用户，请与管理员联系
2026-08-26 12:17:05,376 | WARNING | sh.600316 重登失败，继续重试
2026-08-26 12:17:05,394 | WARNING | sh.600316 第5次请求失败: error_code=10001011 msg=黑名单用户，请与管理员联系
2026-08-26 12:17:07,883 | WARNING | sh.600307 重登失败，继续重试
2026-08-26 12:17:07,900 | WARNING | sh.600307 第4次请求失败: error_code=10001011 msg=黑名单用户，请与管理员联系
2026-08-26 12:17:10,857 | WARNING | sh.600302 重登失败，继续重试
2026-08-26 12:17:10,876 | WARNING | sh.600302 第5次请求失败: error_code=10001011 msg=黑名单用户，请与管理员联系
2026-08-26 12:17:13,353 | WARNING | sh.600327 重登失败，继续重试
2026-08-26 12:17:13,371 | WARNING | sh.600327 第5次请求失败: error_code=10001011 msg=黑名单用户，请与管理员联系
2026-08-26 12:17:15,985 | WARNING | sh.600307 重登失败，继续重试
2026-08-26 12:17:16,001 | WARNING | sh.600307 第5次请求失败: error_code=10001011 msg=黑名单用户，请与管理员联系
2026-08-26 12:17:16,091 | WARNING | sh.600316 重登失败，继续重试
2026-08-26 12:17:16,110 | WARNING | sh.600318 第1次请求失败: error_code=10001011 msg=黑名单用户，请与管理员联系
2026-08-26 12:17:18,236 | WARNING | sh.600318 重登失败，继续重试
2026-08-26 12:17:18,256 | WARNING | sh.600318 第2次请求失败: error_code=10001011 msg=黑名单用户，请与管理员联系
2026-08-26 12:17:21,365 | WARNING | sh.600302 重登失败，继续重试
2026-08-26 12:17:21,365 | ERROR | [217/5212] sh.600292 sh.600292 下载失败(重试5次): error_code=10001011 msg=黑名单用户，请与管理员联系 下载失败: 电投水电
2026-08-26 12:17:21,365 | ERROR | [218/5212] sh.600293 sh.600293 下载失败(重试5次): error_code=10001011 msg=黑名单用户，请与管理员联系 下载失败: 三峡新材
2026-08-26 12:17:21,366 | ERROR | [219/5212] sh.600295 sh.600295 下载失败(重试5次): error_code=10001011 msg=黑名单用户，请与管理员联系 下载失败: 鄂尔多斯
2026-08-26 12:17:21,366 | ERROR | [220/5212] sh.600298 sh.600298 下载失败(重试5次): error_code=10001011 msg=黑名单用户，请与管理员联系 下载失败: 安琪酵母
2026-08-26 12:17:21,366 | ERROR | [221/5212] sh.600299 sh.600299 下载失败(重试5次): error_code=10001011 msg=黑名单用户，请与管理员联系 下载失败: 安迪苏
2026-08-26 12:17:21,366 | ERROR | [222/5212] sh.600300 sh.600300 下载失败(重试5次): error_code=10001011 msg=黑名单用户，请与管理员联系 下载失败: 维维股份
2026-08-26 12:17:21,366 | ERROR | [223/5212] sh.600301 sh.600301 下载失败(重试5次): error_code=10001011 msg=黑名单用户，请与管理员联系 下载失败: 华锡有色
2026-08-26 12:17:21,366 | ERROR | [224/5212] sh.600302 sh.600302 下载失败(重试5次): error_code=10001011 msg=黑名单用户，请与管理员联系 下载失败: ST标准
2026-08-26 12:17:21,387 | WARNING | sh.600335 第1次请求失败: error_code=10001011 msg=黑名单用户，请与管理员联系
2026-08-26 12:17:22,713 | WARNING | sh.600318 重登失败，继续重试
2026-08-26 12:17:22,728 | WARNING | sh.600318 第3次请求失败: error_code=10001011 msg=黑名单用户，请与管理员联系
2026-08-26 12:17:23,487 | WARNING | sh.600327 重登失败，继续重试
2026-08-26 12:17:23,506 | WARNING | sh.600328 第1次请求失败: error_code=10001011 msg=黑名单用户，请与管理员联系
2026-08-26 12:17:23,754 | WARNING | sh.600335 重登失败，继续重试
2026-08-26 12:17:23,775 | WARNING | sh.600335 第2次请求失败: error_code=10001011 msg=黑名单用户，请与管理员联系
2026-08-26 12:17:25,769 | WARNING | sh.600328 重登失败，继续重试
2026-08-26 12:17:25,792 | WARNING | sh.600328 第2次请求失败: error_code=10001011 msg=黑名单用户，请与管理员联系
2026-08-26 12:17:26,066 | WARNING | sh.600307 重登失败，继续重试
2026-08-26 12:17:26,085 | WARNING | sh.600308 第1次请求失败: error_code=10001011 msg=黑名单用户，请与管理员联系
2026-08-26 12:17:27,855 | WARNING | sh.600335 重登失败，继续重试
2026-08-26 12:17:27,874 | WARNING | sh.600335 第3次请求失败: error_code=10001011 msg=黑名单用户，请与管理员联系
2026-08-26 12:17:28,152 | WARNING | sh.600308 重登失败，继续重试
2026-08-26 12:17:28,174 | WARNING | sh.600308 第2次请求失败: error_code=10001011 msg=黑名单用户，请与管理员联系
2026-08-26 12:17:28,802 | WARNING | sh.600318 重登失败，继续重试
2026-08-26 12:17:28,818 | WARNING | sh.600318 第4次请求失败: error_code=10001011 msg=黑名单用户，请与管理员联系
2026-08-26 12:17:30,084 | WARNING | sh.600328 重登失败，继续重试
2026-08-26 12:17:30,097 | WARNING | sh.600328 第3次请求失败: error_code=10001011 msg=黑名单用户，请与管理员联系
2026-08-26 12:17:32,471 | WARNING | sh.600308 重登失败，继续重试
2026-08-26 12:17:32,487 | WARNING | sh.600308 第3次请求失败: error_code=10001011 msg=黑名单用户，请与管理员联系
2026-08-26 12:17:34,151 | WARNING | sh.600335 重登失败，继续重试
2026-08-26 12:17:34,172 | WARNING | sh.600335 第4次请求失败: error_code=10001011 msg=黑名单用户，请与管理员联系
2026-08-26 12:17:36,158 | WARNING | sh.600328 重登失败，继续重试
2026-08-26 12:17:36,177 | WARNING | sh.600328 第4次请求失败: error_code=10001011 msg=黑名单用户，请与管理员联系
2026-08-26 12:17:37,884 | WARNING | sh.600318 重登失败，继续重试
2026-08-26 12:17:37,902 | WARNING | sh.600318 第5次请求失败: error_code=10001011 msg=黑名单用户，请与管理员联系
2026-08-26 12:17:38,538 | WARNING | sh.600308 重登失败，继续重试
2026-08-26 12:17:38,555 | WARNING | sh.600308 第4次请求失败: error_code=10001011 msg=黑名单用户，请与管理员联系
2026-08-26 12:17:42,930 | WARNING | sh.600335 重登失败，继续重试
2026-08-26 12:17:43,609 | WARNING | sh.600335 第5次请求失败: error_code=10001011 msg=黑名单用户，请与管理员联系
2026-08-26 12:17:44,445 | WARNING | sh.600328 重登失败，继续重试
2026-08-26 12:17:44,463 | WARNING | sh.600328 第5次请求失败: error_code=10001011 msg=黑名单用户，请与管理员联系
2026-08-26 12:17:46,939 | WARNING | sh.600308 重登失败，继续重试
2026-08-26 12:17:46,961 | WARNING | sh.600308 第5次请求失败: error_code=10001011 msg=黑名单用户，请与管理员联系
2026-08-26 12:17:48,183 | WARNING | sh.600318 重登失败，继续重试
2026-08-26 12:17:48,199 | WARNING | sh.600319 第1次请求失败: error_code=10001011 msg=黑名单用户，请与管理员联系
2026-08-26 12:17:50,310 | WARNING | sh.600319 重登失败，继续重试
2026-08-26 12:17:50,323 | WARNING | sh.600319 第2次请求失败: error_code=10001011 msg=黑名单用户，请与管理员联系
2026-08-26 12:17:53,764 | WARNING | sh.600335 重登失败，继续重试
2026-08-26 12:17:53,783 | WARNING | sh.600336 第1次请求失败: error_code=10001011 msg=黑名单用户，请与管理员联系
2026-08-26 12:17:54,558 | WARNING | sh.600328 重登失败，继续重试
2026-08-26 12:17:54,589 | WARNING | sh.600329 第1次请求失败: error_code=10001011 msg=黑名单用户，请与管理员联系
2026-08-26 12:17:55,620 | WARNING | sh.600319 重登失败，继续重试
2026-08-26 12:17:56,082 | WARNING | sh.600319 第3次请求失败: error_code=10001011 msg=黑名单用户，请与管理员联系
2026-08-26 12:17:56,543 | WARNING | sh.600336 重登失败，继续重试
2026-08-26 12:17:57,239 | WARNING | sh.600308 重登失败，继续重试
2026-08-26 12:17:57,286 | WARNING | sh.600336 第2次请求失败: error_code=10001011 msg=黑名单用户，请与管理员联系
2026-08-26 12:17:57,660 | WARNING | sh.600329 重登失败，继续重试
2026-08-26 12:17:57,678 | WARNING | sh.600329 第2次请求失败: error_code=10001011 msg=黑名单用户，请与管理员联系
2026-08-26 12:17:57,699 | WARNING | sh.600309 第1次请求失败: error_code=10001011 msg=黑名单用户，请与管理员联系
2026-08-26 12:17:59,750 | WARNING | sh.600309 重登失败，继续重试
2026-08-26 12:17:59,769 | WARNING | sh.600309 第2次请求失败: error_code=10001011 msg=黑名单用户，请与管理员联系
2026-08-26 12:18:01,354 | WARNING | sh.600336 重登失败，继续重试
2026-08-26 12:18:01,373 | WARNING | sh.600336 第3次请求失败: error_code=10001011 msg=黑名单用户，请与管理员联系
2026-08-26 12:18:02,132 | WARNING | sh.600329 重登失败，继续重试
2026-08-26 12:18:02,148 | WARNING | sh.600329 第3次请求失败: error_code=10001011 msg=黑名单用户，请与管理员联系
2026-08-26 12:18:02,467 | WARNING | sh.600319 重登失败，继续重试
2026-08-26 12:18:02,484 | WARNING | sh.600319 第4次请求失败: error_code=10001011 msg=黑名单用户，请与管理员联系
2026-08-26 12:18:05,049 | WARNING | sh.600309 重登失败，继续重试
2026-08-26 12:18:05,508 | WARNING | sh.600309 第3次请求失败: error_code=10001011 msg=黑名单用户，请与管理员联系
2026-08-26 12:18:07,683 | WARNING | sh.600336 重登失败，继续重试
2026-08-26 12:18:07,704 | WARNING | sh.600336 第4次请求失败: error_code=10001011 msg=黑名单用户，请与管理员联系
2026-08-26 12:18:08,446 | WARNING | sh.600329 重登失败，继续重试
2026-08-26 12:18:08,468 | WARNING | sh.600329 第4次请求失败: error_code=10001011 msg=黑名单用户，请与管理员联系
2026-08-26 12:18:10,573 | WARNING | sh.600319 重登失败，继续重试
2026-08-26 12:18:10,590 | WARNING | sh.600319 第5次请求失败: error_code=10001011 msg=黑名单用户，请与管理员联系
2026-08-26 12:18:11,665 | WARNING | sh.600309 重登失败，继续重试
2026-08-26 12:18:11,685 | WARNING | sh.600309 第4次请求失败: error_code=10001011 msg=黑名单用户，请与管理员联系
2026-08-26 12:18:16,236 | WARNING | sh.600336 重登失败，继续重试
2026-08-26 12:18:16,254 | WARNING | sh.600336 第5次请求失败: error_code=10001011 msg=黑名单用户，请与管理员联系
2026-08-26 12:18:16,525 | WARNING | sh.600329 重登失败，继续重试
2026-08-26 12:18:16,538 | WARNING | sh.600329 第5次请求失败: error_code=10001011 msg=黑名单用户，请与管理员联系
2026-08-26 12:18:19,766 | WARNING | sh.600309 重登失败，继续重试
2026-08-26 12:18:19,784 | WARNING | sh.600309 第5次请求失败: error_code=10001011 msg=黑名单用户，请与管理员联系
2026-08-26 12:18:21,647 | WARNING | sh.600319 重登失败，继续重试
2026-08-26 12:18:21,661 | WARNING | sh.600320 第1次请求失败: error_code=10001011 msg=黑名单用户，请与管理员联系
2026-08-26 12:18:23,721 | WARNING | sh.600320 重登失败，继续重试
2026-08-26 12:18:23,735 | WARNING | sh.600320 第2次请求失败: error_code=10001011 msg=黑名单用户，请与管理员联系
2026-08-26 12:18:26,611 | WARNING | sh.600329 重登失败，继续重试
2026-08-26 12:18:26,630 | WARNING | sh.600330 第1次请求失败: error_code=10001011 msg=黑名单用户，请与管理员联系
2026-08-26 12:18:27,334 | WARNING | sh.600336 重登失败，继续重试
2026-08-26 12:18:27,351 | WARNING | sh.600337 第1次请求失败: error_code=10001011 msg=黑名单用户，请与管理员联系
2026-08-26 12:18:28,030 | WARNING | sh.600320 重登失败，继续重试
2026-08-26 12:18:28,051 | WARNING | sh.600320 第3次请求失败: error_code=10001011 msg=黑名单用户，请与管理员联系
2026-08-26 12:18:28,692 | WARNING | sh.600330 重登失败，继续重试
2026-08-26 12:18:28,723 | WARNING | sh.600330 第2次请求失败: error_code=10001011 msg=黑名单用户，请与管理员联系
2026-08-26 12:18:29,426 | WARNING | sh.600337 重登失败，继续重试
2026-08-26 12:18:29,863 | WARNING | sh.600337 第2次请求失败: error_code=10001011 msg=黑名单用户，请与管理员联系
2026-08-26 12:18:31,306 | WARNING | sh.600309 重登失败，继续重试
2026-08-26 12:18:31,706 | WARNING | sh.600310 第1次请求失败: error_code=10001011 msg=黑名单用户，请与管理员联系
2026-08-26 12:18:32,783 | WARNING | sh.600330 重登失败，继续重试
2026-08-26 12:18:33,013 | WARNING | sh.600330 第3次请求失败: error_code=10001011 msg=黑名单用户，请与管理员联系
2026-08-26 12:18:34,047 | WARNING | sh.600310 重登失败，继续重试
2026-08-26 12:18:34,066 | WARNING | sh.600310 第2次请求失败: error_code=10001011 msg=黑名单用户，请与管理员联系
2026-08-26 12:18:34,373 | WARNING | sh.600320 重登失败，继续重试
2026-08-26 12:18:34,394 | WARNING | sh.600320 第4次请求失败: error_code=10001011 msg=黑名单用户，请与管理员联系
2026-08-26 12:18:35,822 | WARNING | sh.600337 重登失败，继续重试
2026-08-26 12:18:35,843 | WARNING | sh.600337 第3次请求失败: error_code=10001011 msg=黑名单用户，请与管理员联系
2026-08-26 12:18:38,535 | WARNING | sh.600310 重登失败，继续重试
2026-08-26 12:18:38,554 | WARNING | sh.600310 第3次请求失败: error_code=10001011 msg=黑名单用户，请与管理员联系
2026-08-26 12:18:40,415 | WARNING | sh.600330 重登失败，继续重试
2026-08-26 12:18:41,448 | WARNING | sh.600330 第4次请求失败: error_code=10001011 msg=黑名单用户，请与管理员联系
2026-08-26 12:18:41,908 | WARNING | sh.600337 重登失败，继续重试
2026-08-26 12:18:41,927 | WARNING | sh.600337 第4次请求失败: error_code=10001011 msg=黑名单用户，请与管理员联系
2026-08-26 12:18:42,458 | WARNING | sh.600320 重登失败，继续重试
2026-08-26 12:18:42,479 | WARNING | sh.600320 第5次请求失败: error_code=10001011 msg=黑名单用户，请与管理员联系
2026-08-26 12:18:46,405 | WARNING | sh.600310 重登失败，继续重试
2026-08-26 12:18:46,425 | WARNING | sh.600310 第4次请求失败: error_code=10001011 msg=黑名单用户，请与管理员联系
2026-08-26 12:18:49,854 | WARNING | sh.600330 重登失败，继续重试
2026-08-26 12:18:50,013 | WARNING | sh.600337 重登失败，继续重试
2026-08-26 12:18:50,030 | WARNING | sh.600337 第5次请求失败: error_code=10001011 msg=黑名单用户，请与管理员联系
2026-08-26 12:18:50,510 | WARNING | sh.600330 第5次请求失败: error_code=10001011 msg=黑名单用户，请与管理员联系
2026-08-26 12:18:52,547 | WARNING | sh.600320 重登失败，继续重试
2026-08-26 12:18:52,563 | WARNING | sh.600322 第1次请求失败: error_code=10001011 msg=黑名单用户，请与管理员联系
2026-08-26 12:18:54,548 | WARNING | sh.600310 重登失败，继续重试
2026-08-26 12:18:54,802 | WARNING | sh.600310 第5次请求失败: error_code=10001011 msg=黑名单用户，请与管理员联系
2026-08-26 12:18:54,871 | WARNING | sh.600322 重登失败，继续重试
2026-08-26 12:18:55,106 | WARNING | sh.600322 第2次请求失败: error_code=10001011 msg=黑名单用户，请与管理员联系
2026-08-26 12:18:59,176 | WARNING | sh.600322 重登失败，继续重试
2026-08-26 12:18:59,421 | WARNING | sh.600322 第3次请求失败: error_code=10001011 msg=黑名单用户，请与管理员联系
2026-08-26 12:19:00,399 | WARNING | sh.600337 重登失败，继续重试
2026-08-26 12:19:00,430 | WARNING | sh.600338 第1次请求失败: error_code=10001011 msg=黑名单用户，请与管理员联系
2026-08-26 12:19:00,832 | WARNING | sh.600330 重登失败，继续重试
2026-08-26 12:19:00,846 | WARNING | sh.600331 第1次请求失败: error_code=10001011 msg=黑名单用户，请与管理员联系
2026-08-26 12:19:02,958 | WARNING | sh.600331 重登失败，继续重试
2026-08-26 12:19:03,197 | WARNING | sh.600331 第2次请求失败: error_code=10001011 msg=黑名单用户，请与管理员联系
2026-08-26 12:19:03,349 | WARNING | sh.600338 重登失败，继续重试
2026-08-26 12:19:03,530 | WARNING | sh.600338 第2次请求失败: error_code=10001011 msg=黑名单用户，请与管理员联系
2026-08-26 12:19:04,928 | WARNING | sh.600310 重登失败，继续重试
2026-08-26 12:19:04,947 | WARNING | sh.600312 第1次请求失败: error_code=10001011 msg=黑名单用户，请与管理员联系
2026-08-26 12:19:05,726 | WARNING | sh.600322 重登失败，继续重试
2026-08-26 12:19:05,766 | WARNING | sh.600322 第4次请求失败: error_code=10001011 msg=黑名单用户，请与管理员联系
2026-08-26 12:19:07,016 | WARNING | sh.600312 重登失败，继续重试
2026-08-26 12:19:07,040 | WARNING | sh.600312 第2次请求失败: error_code=10001011 msg=黑名单用户，请与管理员联系
2026-08-26 12:19:08,105 | WARNING | sh.600331 重登失败，继续重试
2026-08-26 12:19:08,342 | WARNING | sh.600331 第3次请求失败: error_code=10001011 msg=黑名单用户，请与管理员联系
2026-08-26 12:19:08,396 | WARNING | sh.600338 重登失败，继续重试
2026-08-26 12:19:08,411 | WARNING | sh.600338 第3次请求失败: error_code=10001011 msg=黑名单用户，请与管理员联系
2026-08-26 12:19:11,576 | WARNING | sh.600312 重登失败，继续重试
2026-08-26 12:19:11,601 | WARNING | sh.600312 第3次请求失败: error_code=10001011 msg=黑名单用户，请与管理员联系
2026-08-26 12:19:13,987 | WARNING | sh.600322 重登失败，继续重试
2026-08-26 12:19:14,009 | WARNING | sh.600322 第5次请求失败: error_code=10001011 msg=黑名单用户，请与管理员联系
2026-08-26 12:19:14,991 | WARNING | sh.600338 重登失败，继续重试
2026-08-26 12:19:15,009 | WARNING | sh.600338 第4次请求失败: error_code=10001011 msg=黑名单用户，请与管理员联系
2026-08-26 12:19:15,525 | WARNING | sh.600331 重登失败，继续重试
2026-08-26 12:19:15,564 | WARNING | sh.600331 第4次请求失败: error_code=10001011 msg=黑名单用户，请与管理员联系
2026-08-26 12:19:17,683 | WARNING | sh.600312 重登失败，继续重试
2026-08-26 12:19:17,788 | WARNING | sh.600312 第4次请求失败: error_code=10001011 msg=黑名单用户，请与管理员联系
2026-08-26 12:19:23,071 | WARNING | sh.600338 重登失败，继续重试
2026-08-26 12:19:23,314 | WARNING | sh.600338 第5次请求失败: error_code=10001011 msg=黑名单用户，请与管理员联系
2026-08-26 12:19:24,505 | WARNING | sh.600331 重登失败，继续重试
2026-08-26 12:19:24,529 | WARNING | sh.600331 第5次请求失败: error_code=10001011 msg=黑名单用户，请与管理员联系
2026-08-26 12:19:24,802 | WARNING | sh.600322 重登失败，继续重试
2026-08-26 12:19:24,818 | WARNING | sh.600323 第1次请求失败: error_code=10001011 msg=黑名单用户，请与管理员联系
2026-08-26 12:19:25,861 | WARNING | sh.600312 重登失败，继续重试
2026-08-26 12:19:25,880 | WARNING | sh.600312 第5次请求失败: error_code=10001011 msg=黑名单用户，请与管理员联系
2026-08-26 12:19:27,052 | WARNING | sh.600323 重登失败，继续重试
2026-08-26 12:19:27,072 | WARNING | sh.600323 第2次请求失败: error_code=10001011 msg=黑名单用户，请与管理员联系
2026-08-26 12:19:31,191 | WARNING | sh.600323 重登失败，继续重试
2026-08-26 12:19:31,208 | WARNING | sh.600323 第3次请求失败: error_code=10001011 msg=黑名单用户，请与管理员联系
2026-08-26 12:19:34,376 | WARNING | sh.600338 重登失败，继续重试
2026-08-26 12:19:34,393 | WARNING | sh.600339 第1次请求失败: error_code=10001011 msg=黑名单用户，请与管理员联系
2026-08-26 12:19:35,065 | WARNING | sh.600331 重登失败，继续重试
2026-08-26 12:19:35,744 | WARNING | sh.600332 第1次请求失败: error_code=10001011 msg=黑名单用户，请与管理员联系
2026-08-26 12:19:36,280 | WARNING | sh.600312 重登失败，继续重试
2026-08-26 12:19:36,297 | WARNING | sh.600313 第1次请求失败: error_code=10001011 msg=黑名单用户，请与管理员联系
2026-08-26 12:19:36,648 | WARNING | sh.600339 重登失败，继续重试
2026-08-26 12:19:36,697 | WARNING | sh.600339 第2次请求失败: error_code=10001011 msg=黑名单用户，请与管理员联系
2026-08-26 12:19:37,291 | WARNING | sh.600323 重登失败，继续重试
2026-08-26 12:19:37,534 | WARNING | sh.600323 第4次请求失败: error_code=10001011 msg=黑名单用户，请与管理员联系
2026-08-26 12:19:37,812 | WARNING | sh.600332 重登失败，继续重试
2026-08-26 12:19:37,827 | WARNING | sh.600332 第2次请求失败: error_code=10001011 msg=黑名单用户，请与管理员联系
2026-08-26 12:19:38,355 | WARNING | sh.600313 重登失败，继续重试
2026-08-26 12:19:40,328 | WARNING | sh.600313 第2次请求失败: error_code=10001011 msg=黑名单用户，请与管理员联系
2026-08-26 12:19:40,764 | WARNING | sh.600339 重登失败，继续重试
2026-08-26 12:19:40,795 | WARNING | sh.600339 第3次请求失败: error_code=10001011 msg=黑名单用户，请与管理员联系
2026-08-26 12:19:42,129 | WARNING | sh.600332 重登失败，继续重试
2026-08-26 12:19:42,150 | WARNING | sh.600332 第3次请求失败: error_code=10001011 msg=黑名单用户，请与管理员联系
2026-08-26 12:19:44,674 | WARNING | sh.600313 重登失败，继续重试
2026-08-26 12:19:44,693 | WARNING | sh.600313 第3次请求失败: error_code=10001011 msg=黑名单用户，请与管理员联系
2026-08-26 12:19:46,861 | WARNING | sh.600339 重登失败，继续重试
2026-08-26 12:19:46,884 | WARNING | sh.600339 第4次请求失败: error_code=10001011 msg=黑名单用户，请与管理员联系
2026-08-26 12:19:47,933 | WARNING | sh.600323 重登失败，继续重试
2026-08-26 12:19:47,948 | WARNING | sh.600323 第5次请求失败: error_code=10001011 msg=黑名单用户，请与管理员联系
2026-08-26 12:19:48,208 | WARNING | sh.600332 重登失败，继续重试
2026-08-26 12:19:48,436 | WARNING | sh.600332 第4次请求失败: error_code=10001011 msg=黑名单用户，请与管理员联系
2026-08-26 12:19:51,150 | WARNING | sh.600313 重登失败，继续重试
2026-08-26 12:19:51,172 | WARNING | sh.600313 第4次请求失败: error_code=10001011 msg=黑名单用户，请与管理员联系
2026-08-26 12:19:55,253 | WARNING | sh.600339 重登失败，继续重试
2026-08-26 12:19:55,271 | WARNING | sh.600339 第5次请求失败: error_code=10001011 msg=黑名单用户，请与管理员联系
2026-08-26 12:19:56,552 | WARNING | sh.600332 重登失败，继续重试
2026-08-26 12:19:56,567 | WARNING | sh.600332 第5次请求失败: error_code=10001011 msg=黑名单用户，请与管理员联系
2026-08-26 12:19:58,282 | WARNING | sh.600323 重登失败，继续重试
2026-08-26 12:19:58,299 | WARNING | sh.600325 第1次请求失败: error_code=10001011 msg=黑名单用户，请与管理员联系
2026-08-26 12:19:59,551 | WARNING | sh.600313 重登失败，继续重试
2026-08-26 12:19:59,566 | WARNING | sh.600313 第5次请求失败: error_code=10001011 msg=黑名单用户，请与管理员联系
2026-08-26 12:20:01,230 | WARNING | sh.600325 重登失败，继续重试
2026-08-26 12:20:02,157 | WARNING | sh.600325 第2次请求失败: error_code=10001011 msg=黑名单用户，请与管理员联系
2026-08-26 12:20:05,614 | WARNING | sh.600339 重登失败，继续重试
2026-08-26 12:20:05,631 | WARNING | sh.600340 第1次请求失败: error_code=10001011 msg=黑名单用户，请与管理员联系
2026-08-26 12:20:06,428 | WARNING | sh.600325 重登失败，继续重试
2026-08-26 12:20:06,664 | WARNING | sh.600325 第3次请求失败: error_code=10001011 msg=黑名单用户，请与管理员联系
2026-08-26 12:20:06,847 | WARNING | sh.600332 重登失败，继续重试
2026-08-26 12:20:06,866 | WARNING | sh.600333 第1次请求失败: error_code=10001011 msg=黑名单用户，请与管理员联系
2026-08-26 12:20:07,688 | WARNING | sh.600340 重登失败，继续重试
2026-08-26 12:20:07,704 | WARNING | sh.600340 第2次请求失败: error_code=10001011 msg=黑名单用户，请与管理员联系
2026-08-26 12:20:09,278 | WARNING | sh.600333 重登失败，继续重试
2026-08-26 12:20:09,303 | WARNING | sh.600333 第2次请求失败: error_code=10001011 msg=黑名单用户，请与管理员联系
2026-08-26 12:20:09,893 | WARNING | sh.600313 重登失败，继续重试
2026-08-26 12:20:09,894 | ERROR | [225/5212] sh.600303 sh.600303 下载失败(重试5次): error_code=10001011 msg=黑名单用户，请与管理员联系 下载失败: 曙光股份
2026-08-26 12:20:09,894 | ERROR | [226/5212] sh.600305 sh.600305 下载失败(重试5次): error_code=10001011 msg=黑名单用户，请与管理员联系 下载失败: 恒顺醋业
2026-08-26 12:20:09,894 | ERROR | [227/5212] sh.600307 sh.600307 下载失败(重试5次): error_code=10001011 msg=黑名单用户，请与管理员联系 下载失败: 酒钢宏兴
2026-08-26 12:20:09,894 | ERROR | [228/5212] sh.600308 sh.600308 下载失败(重试5次): error_code=10001011 msg=黑名单用户，请与管理员联系 下载失败: 华泰股份
2026-08-26 12:20:09,895 | ERROR | [229/5212] sh.600309 sh.600309 下载失败(重试5次): error_code=10001011 msg=黑名单用户，请与管理员联系 下载失败: 万华化学
2026-08-26 12:20:09,895 | ERROR | [230/5212] sh.600310 sh.600310 下载失败(重试5次): error_code=10001011 msg=黑名单用户，请与管理员联系 下载失败: 广西能源
2026-08-26 12:20:09,895 | ERROR | [231/5212] sh.600312 sh.600312 下载失败(重试5次): error_code=10001011 msg=黑名单用户，请与管理员联系 下载失败: 平高电气
2026-08-26 12:20:09,895 | ERROR | [232/5212] sh.600313 sh.600313 下载失败(重试5次): error_code=10001011 msg=黑名单用户，请与管理员联系 下载失败: 农发种业
2026-08-26 12:20:10,575 | WARNING | sh.600346 第1次请求失败: error_code=10001011 msg=黑名单用户，请与管理员联系
2026-08-26 12:20:11,774 | WARNING | sh.600340 重登失败，继续重试
2026-08-26 12:20:12,003 | WARNING | sh.600340 第3次请求失败: error_code=10001011 msg=黑名单用户，请与管理员联系
2026-08-26 12:20:12,644 | WARNING | sh.600346 重登失败，继续重试
2026-08-26 12:20:12,658 | WARNING | sh.600346 第2次请求失败: error_code=10001011 msg=黑名单用户，请与管理员联系
2026-08-26 12:20:13,118 | WARNING | sh.600325 重登失败，继续重试
2026-08-26 12:20:13,926 | WARNING | sh.600325 第4次请求失败: error_code=10001011 msg=黑名单用户，请与管理员联系
2026-08-26 12:20:15,813 | WARNING | sh.600333 重登失败，继续重试
2026-08-26 12:20:16,060 | WARNING | sh.600333 第3次请求失败: error_code=10001011 msg=黑名单用户，请与管理员联系
2026-08-26 12:20:16,721 | WARNING | sh.600346 重登失败，继续重试
2026-08-26 12:20:16,748 | WARNING | sh.600346 第3次请求失败: error_code=10001011 msg=黑名单用户，请与管理员联系
2026-08-26 12:20:18,315 | WARNING | sh.600340 重登失败，继续重试
2026-08-26 12:20:18,333 | WARNING | sh.600340 第4次请求失败: error_code=10001011 msg=黑名单用户，请与管理员联系
2026-08-26 12:20:22,227 | WARNING | sh.600333 重登失败，继续重试
2026-08-26 12:20:22,245 | WARNING | sh.600333 第4次请求失败: error_code=10001011 msg=黑名单用户，请与管理员联系
2026-08-26 12:20:23,229 | WARNING | sh.600346 重登失败，继续重试
2026-08-26 12:20:23,242 | WARNING | sh.600325 重登失败，继续重试
2026-08-26 12:20:23,249 | WARNING | sh.600346 第4次请求失败: error_code=10001011 msg=黑名单用户，请与管理员联系
2026-08-26 12:20:23,262 | WARNING | sh.600325 第5次请求失败: error_code=10001011 msg=黑名单用户，请与管理员联系
2026-08-26 12:20:26,394 | WARNING | sh.600340 重登失败，继续重试
2026-08-26 12:20:26,413 | WARNING | sh.600340 第5次请求失败: error_code=10001011 msg=黑名单用户，请与管理员联系
2026-08-26 12:20:30,722 | WARNING | sh.600333 重登失败，继续重试
2026-08-26 12:20:30,742 | WARNING | sh.600333 第5次请求失败: error_code=10001011 msg=黑名单用户，请与管理员联系
2026-08-26 12:20:32,319 | WARNING | sh.600346 重登失败，继续重试
2026-08-26 12:20:32,336 | WARNING | sh.600346 第5次请求失败: error_code=10001011 msg=黑名单用户，请与管理员联系
2026-08-26 12:20:33,579 | WARNING | sh.600325 重登失败，继续重试
2026-08-26 12:20:33,579 | ERROR | [233/5212] sh.600315 sh.600315 下载失败(重试5次): error_code=10001011 msg=黑名单用户，请与管理员联系 下载失败: 上海家化
2026-08-26 12:20:33,579 | ERROR | [234/5212] sh.600316 sh.600316 下载失败(重试5次): error_code=10001011 msg=黑名单用户，请与管理员联系 下载失败: 洪都航空
2026-08-26 12:20:33,579 | ERROR | [235/5212] sh.600318 sh.600318 下载失败(重试5次): error_code=10001011 msg=黑名单用户，请与管理员联系 下载失败: 新力金融
2026-08-26 12:20:33,579 | ERROR | [236/5212] sh.600319 sh.600319 下载失败(重试5次): error_code=10001011 msg=黑名单用户，请与管理员联系 下载失败: 亚星化学
2026-08-26 12:20:33,579 | ERROR | [237/5212] sh.600320 sh.600320 下载失败(重试5次): error_code=10001011 msg=黑名单用户，请与管理员联系 下载失败: 振华重工
2026-08-26 12:20:33,580 | ERROR | [238/5212] sh.600322 sh.600322 下载失败(重试5次): error_code=10001011 msg=黑名单用户，请与管理员联系 下载失败: 津投城开
2026-08-26 12:20:33,580 | ERROR | [239/5212] sh.600323 sh.600323 下载失败(重试5次): error_code=10001011 msg=黑名单用户，请与管理员联系 下载失败: 瀚蓝环境
2026-08-26 12:20:33,580 | ERROR | [240/5212] sh.600325 sh.600325 下载失败(重试5次): error_code=10001011 msg=黑名单用户，请与管理员联系 下载失败: 华发股份
2026-08-26 12:20:33,597 | WARNING | sh.600358 第1次请求失败: error_code=10001011 msg=黑名单用户，请与管理员联系
2026-08-26 12:20:36,155 | WARNING | sh.600358 重登失败，继续重试
2026-08-26 12:20:36,172 | WARNING | sh.600358 第2次请求失败: error_code=10001011 msg=黑名单用户，请与管理员联系
2026-08-26 12:20:36,581 | WARNING | sh.600340 重登失败，继续重试
2026-08-26 12:20:37,224 | WARNING | sh.600343 第1次请求失败: error_code=10001011 msg=黑名单用户，请与管理员联系
2026-08-26 12:20:39,279 | WARNING | sh.600343 重登失败，继续重试
2026-08-26 12:20:39,590 | WARNING | sh.600343 第2次请求失败: error_code=10001011 msg=黑名单用户，请与管理员联系
2026-08-26 12:20:40,555 | WARNING | sh.600358 重登失败，继续重试
2026-08-26 12:20:40,572 | WARNING | sh.600358 第3次请求失败: error_code=10001011 msg=黑名单用户，请与管理员联系
2026-08-26 12:20:40,811 | WARNING | sh.600333 重登失败，继续重试
2026-08-26 12:20:40,811 | ERROR | [241/5212] sh.600326 sh.600326 下载失败(重试5次): error_code=10001011 msg=黑名单用户，请与管理员联系 下载失败: 西藏天路
2026-08-26 12:20:40,811 | ERROR | [242/5212] sh.600327 sh.600327 下载失败(重试5次): error_code=10001011 msg=黑名单用户，请与管理员联系 下载失败: 大东方
2026-08-26 12:20:40,811 | ERROR | [243/5212] sh.600328 sh.600328 下载失败(重试5次): error_code=10001011 msg=黑名单用户，请与管理员联系 下载失败: 中盐化工
2026-08-26 12:20:40,811 | ERROR | [244/5212] sh.600329 sh.600329 下载失败(重试5次): error_code=10001011 msg=黑名单用户，请与管理员联系 下载失败: 达仁堂
2026-08-26 12:20:40,811 | ERROR | [245/5212] sh.600330 sh.600330 下载失败(重试5次): error_code=10001011 msg=黑名单用户，请与管理员联系 下载失败: 天通股份
2026-08-26 12:20:40,811 | ERROR | [246/5212] sh.600331 sh.600331 下载失败(重试5次): error_code=10001011 msg=黑名单用户，请与管理员联系 下载失败: 宏达股份
2026-08-26 12:20:40,811 | ERROR | [247/5212] sh.600332 sh.600332 下载失败(重试5次): error_code=10001011 msg=黑名单用户，请与管理员联系 下载失败: 白云山
2026-08-26 12:20:40,811 | ERROR | [248/5212] sh.600333 sh.600333 下载失败(重试5次): error_code=10001011 msg=黑名单用户，请与管理员联系 下载失败: 长春燃气
2026-08-26 12:20:40,832 | WARNING | sh.600367 第1次请求失败: error_code=10001011 msg=黑名单用户，请与管理员联系
2026-08-26 12:20:42,639 | WARNING | sh.600346 重登失败，继续重试
2026-08-26 12:20:42,658 | WARNING | sh.600348 第1次请求失败: error_code=10001011 msg=黑名单用户，请与管理员联系
2026-08-26 12:20:43,165 | WARNING | sh.600367 重登失败，继续重试
2026-08-26 12:20:43,182 | WARNING | sh.600367 第2次请求失败: error_code=10001011 msg=黑名单用户，请与管理员联系
2026-08-26 12:20:44,721 | WARNING | sh.600348 重登失败，继续重试
2026-08-26 12:20:44,738 | WARNING | sh.600348 第2次请求失败: error_code=10001011 msg=黑名单用户，请与管理员联系
2026-08-26 12:20:45,341 | WARNING | sh.600343 重登失败，继续重试
2026-08-26 12:20:45,356 | WARNING | sh.600343 第3次请求失败: error_code=10001011 msg=黑名单用户，请与管理员联系
2026-08-26 12:20:46,976 | WARNING | sh.600358 重登失败，继续重试
2026-08-26 12:20:47,235 | WARNING | sh.600358 第4次请求失败: error_code=10001011 msg=黑名单用户，请与管理员联系
2026-08-26 12:20:48,488 | WARNING | sh.600367 重登失败，继续重试
2026-08-26 12:20:48,503 | WARNING | sh.600367 第3次请求失败: error_code=10001011 msg=黑名单用户，请与管理员联系
2026-08-26 12:20:49,000 | WARNING | sh.600348 重登失败，继续重试
2026-08-26 12:20:49,019 | WARNING | sh.600348 第3次请求失败: error_code=10001011 msg=黑名单用户，请与管理员联系
2026-08-26 12:20:51,473 | WARNING | sh.600343 重登失败，继续重试
2026-08-26 12:20:51,495 | WARNING | sh.600343 第4次请求失败: error_code=10001011 msg=黑名单用户，请与管理员联系
2026-08-26 12:20:54,572 | WARNING | sh.600367 重登失败，继续重试
2026-08-26 12:20:54,594 | WARNING | sh.600367 第4次请求失败: error_code=10001011 msg=黑名单用户，请与管理员联系
2026-08-26 12:20:55,638 | WARNING | sh.600358 重登失败，继续重试
2026-08-26 12:20:55,655 | WARNING | sh.600358 第5次请求失败: error_code=10001011 msg=黑名单用户，请与管理员联系
2026-08-26 12:20:58,110 | WARNING | sh.600348 重登失败，继续重试
2026-08-26 12:20:58,128 | WARNING | sh.600348 第4次请求失败: error_code=10001011 msg=黑名单用户，请与管理员联系
2026-08-26 12:20:59,565 | WARNING | sh.600343 重登失败，继续重试
2026-08-26 12:20:59,580 | WARNING | sh.600343 第5次请求失败: error_code=10001011 msg=黑名单用户，请与管理员联系
2026-08-26 12:21:02,875 | WARNING | sh.600367 重登失败，继续重试
2026-08-26 12:21:02,933 | WARNING | sh.600367 第5次请求失败: error_code=10001011 msg=黑名单用户，请与管理员联系
2026-08-26 12:21:06,009 | WARNING | sh.600358 重登失败，继续重试
2026-08-26 12:21:06,023 | WARNING | sh.600359 第1次请求失败: error_code=10001011 msg=黑名单用户，请与管理员联系
2026-08-26 12:21:06,412 | WARNING | sh.600348 重登失败，继续重试
2026-08-26 12:21:06,432 | WARNING | sh.600348 第5次请求失败: error_code=10001011 msg=黑名单用户，请与管理员联系
2026-08-26 12:21:08,528 | WARNING | sh.600359 重登失败，继续重试
2026-08-26 12:21:08,547 | WARNING | sh.600359 第2次请求失败: error_code=10001011 msg=黑名单用户，请与管理员联系
2026-08-26 12:21:10,317 | WARNING | sh.600343 重登失败，继续重试
2026-08-26 12:21:10,333 | WARNING | sh.600345 第1次请求失败: error_code=10001011 msg=黑名单用户，请与管理员联系
2026-08-26 12:21:12,409 | WARNING | sh.600345 重登失败，继续重试
2026-08-26 12:21:12,444 | WARNING | sh.600345 第2次请求失败: error_code=10001011 msg=黑名单用户，请与管理员联系
2026-08-26 12:21:13,050 | WARNING | sh.600367 重登失败，继续重试
2026-08-26 12:21:13,068 | WARNING | sh.600368 第1次请求失败: error_code=10001011 msg=黑名单用户，请与管理员联系
2026-08-26 12:21:13,129 | WARNING | sh.600359 重登失败，继续重试
2026-08-26 12:21:13,144 | WARNING | sh.600359 第3次请求失败: error_code=10001011 msg=黑名单用户，请与管理员联系
2026-08-26 12:21:15,351 | WARNING | sh.600368 重登失败，继续重试
2026-08-26 12:21:15,367 | WARNING | sh.600368 第2次请求失败: error_code=10001011 msg=黑名单用户，请与管理员联系
2026-08-26 12:21:16,489 | WARNING | sh.600348 重登失败，继续重试
2026-08-26 12:21:16,748 | WARNING | sh.600350 第1次请求失败: error_code=10001011 msg=黑名单用户，请与管理员联系
2026-08-26 12:21:17,574 | WARNING | sh.600345 重登失败，继续重试
2026-08-26 12:21:17,591 | WARNING | sh.600345 第3次请求失败: error_code=10001011 msg=黑名单用户，请与管理员联系
2026-08-26 12:21:19,216 | WARNING | sh.600350 重登失败，继续重试
2026-08-26 12:21:19,229 | WARNING | sh.600350 第2次请求失败: error_code=10001011 msg=黑名单用户，请与管理员联系
2026-08-26 12:21:19,909 | WARNING | sh.600368 重登失败，继续重试
2026-08-26 12:21:19,923 | WARNING | sh.600368 第3次请求失败: error_code=10001011 msg=黑名单用户，请与管理员联系
2026-08-26 12:21:20,211 | WARNING | sh.600359 重登失败，继续重试
2026-08-26 12:21:20,232 | WARNING | sh.600359 第4次请求失败: error_code=10001011 msg=黑名单用户，请与管理员联系
2026-08-26 12:21:23,488 | WARNING | sh.600350 重登失败，继续重试
2026-08-26 12:21:23,506 | WARNING | sh.600350 第3次请求失败: error_code=10001011 msg=黑名单用户，请与管理员联系
2026-08-26 12:21:23,990 | WARNING | sh.600345 重登失败，继续重试
2026-08-26 12:21:24,217 | WARNING | sh.600345 第4次请求失败: error_code=10001011 msg=黑名单用户，请与管理员联系
2026-08-26 12:21:26,269 | WARNING | sh.600368 重登失败，继续重试
2026-08-26 12:21:26,506 | WARNING | sh.600368 第4次请求失败: error_code=10001011 msg=黑名单用户，请与管理员联系
2026-08-26 12:21:29,008 | WARNING | sh.600359 重登失败，继续重试
2026-08-26 12:21:29,241 | WARNING | sh.600359 第5次请求失败: error_code=10001011 msg=黑名单用户，请与管理员联系
2026-08-26 12:21:30,828 | WARNING | sh.600350 重登失败，继续重试
2026-08-26 12:21:30,840 | WARNING | sh.600350 第4次请求失败: error_code=10001011 msg=黑名单用户，请与管理员联系
2026-08-26 12:21:32,291 | WARNING | sh.600345 重登失败，继续重试
2026-08-26 12:21:32,312 | WARNING | sh.600345 第5次请求失败: error_code=10001011 msg=黑名单用户，请与管理员联系
2026-08-26 12:21:34,599 | WARNING | sh.600368 重登失败，继续重试
2026-08-26 12:21:34,620 | WARNING | sh.600368 第5次请求失败: error_code=10001011 msg=黑名单用户，请与管理员联系
2026-08-26 12:21:39,901 | WARNING | sh.600350 重登失败，继续重试
2026-08-26 12:21:39,920 | WARNING | sh.600350 第5次请求失败: error_code=10001011 msg=黑名单用户，请与管理员联系
2026-08-26 12:21:40,274 | WARNING | sh.600359 重登失败，继续重试
2026-08-26 12:21:40,288 | WARNING | sh.600360 第1次请求失败: error_code=10001011 msg=黑名单用户，请与管理员联系
2026-08-26 12:21:42,391 | WARNING | sh.600360 重登失败，继续重试
2026-08-26 12:21:42,408 | WARNING | sh.600360 第2次请求失败: error_code=10001011 msg=黑名单用户，请与管理员联系
2026-08-26 12:21:43,294 | WARNING | sh.600345 重登失败，继续重试
2026-08-26 12:21:43,294 | ERROR | [249/5212] sh.600335 sh.600335 下载失败(重试5次): error_code=10001011 msg=黑名单用户，请与管理员联系 下载失败: 国机汽车
2026-08-26 12:21:43,294 | ERROR | [250/5212] sh.600336 sh.600336 下载失败(重试5次): error_code=10001011 msg=黑名单用户，请与管理员联系 下载失败: 澳柯玛
2026-08-26 12:21:43,294 | ERROR | [251/5212] sh.600337 sh.600337 下载失败(重试5次): error_code=10001011 msg=黑名单用户，请与管理员联系 下载失败: ST美克
2026-08-26 12:21:43,294 | ERROR | [252/5212] sh.600338 sh.600338 下载失败(重试5次): error_code=10001011 msg=黑名单用户，请与管理员联系 下载失败: 西藏珠峰
2026-08-26 12:21:43,294 | ERROR | [253/5212] sh.600339 sh.600339 下载失败(重试5次): error_code=10001011 msg=黑名单用户，请与管理员联系 下载失败: 中油工程
2026-08-26 12:21:43,294 | ERROR | [254/5212] sh.600340 sh.600340 下载失败(重试5次): error_code=10001011 msg=黑名单用户，请与管理员联系 下载失败: *ST华幸
2026-08-26 12:21:43,294 | ERROR | [255/5212] sh.600343 sh.600343 下载失败(重试5次): error_code=10001011 msg=黑名单用户，请与管理员联系 下载失败: 航天动力
2026-08-26 12:21:43,295 | ERROR | [256/5212] sh.600345 sh.600345 下载失败(重试5次): error_code=10001011 msg=黑名单用户，请与管理员联系 下载失败: 长江通信
2026-08-26 12:21:43,521 | WARNING | sh.600376 第1次请求失败: error_code=10001011 msg=黑名单用户，请与管理员联系
2026-08-26 12:21:45,764 | WARNING | sh.600368 重登失败，继续重试
2026-08-26 12:21:45,781 | WARNING | sh.600369 第1次请求失败: error_code=10001011 msg=黑名单用户，请与管理员联系
2026-08-26 12:21:46,445 | WARNING | sh.600376 重登失败，继续重试
2026-08-26 12:21:46,477 | WARNING | sh.600376 第2次请求失败: error_code=10001011 msg=黑名单用户，请与管理员联系
2026-08-26 12:21:46,488 | WARNING | sh.600360 重登失败，继续重试
2026-08-26 12:21:46,510 | WARNING | sh.600360 第3次请求失败: error_code=10001011 msg=黑名单用户，请与管理员联系
2026-08-26 12:21:48,086 | WARNING | sh.600369 重登失败，继续重试
2026-08-26 12:21:48,104 | WARNING | sh.600369 第2次请求失败: error_code=10001011 msg=黑名单用户，请与管理员联系
2026-08-26 12:21:50,780 | WARNING | sh.600376 重登失败，继续重试
2026-08-26 12:21:50,801 | WARNING | sh.600376 第3次请求失败: error_code=10001011 msg=黑名单用户，请与管理员联系
2026-08-26 12:21:51,699 | WARNING | sh.600350 重登失败，继续重试
2026-08-26 12:21:51,722 | WARNING | sh.600351 第1次请求失败: error_code=10001011 msg=黑名单用户，请与管理员联系
2026-08-26 12:21:52,407 | WARNING | sh.600369 重登失败，继续重试
2026-08-26 12:21:52,425 | WARNING | sh.600369 第3次请求失败: error_code=10001011 msg=黑名单用户，请与管理员联系
2026-08-26 12:21:53,169 | WARNING | sh.600360 重登失败，继续重试
2026-08-26 12:21:53,405 | WARNING | sh.600360 第4次请求失败: error_code=10001011 msg=黑名单用户，请与管理员联系
2026-08-26 12:21:53,802 | WARNING | sh.600351 重登失败，继续重试
2026-08-26 12:21:53,819 | WARNING | sh.600351 第2次请求失败: error_code=10001011 msg=黑名单用户，请与管理员联系
2026-08-26 12:21:56,886 | WARNING | sh.600376 重登失败，继续重试
2026-08-26 12:21:57,116 | WARNING | sh.600376 第4次请求失败: error_code=10001011 msg=黑名单用户，请与管理员联系
2026-08-26 12:21:57,881 | WARNING | sh.600351 重登失败，继续重试
2026-08-26 12:21:57,898 | WARNING | sh.600351 第3次请求失败: error_code=10001011 msg=黑名单用户，请与管理员联系
2026-08-26 12:21:58,807 | WARNING | sh.600369 重登失败，继续重试
2026-08-26 12:21:58,827 | WARNING | sh.600369 第4次请求失败: error_code=10001011 msg=黑名单用户，请与管理员联系
2026-08-26 12:22:02,474 | WARNING | sh.600360 重登失败，继续重试
2026-08-26 12:22:02,490 | WARNING | sh.600360 第5次请求失败: error_code=10001011 msg=黑名单用户，请与管理员联系
2026-08-26 12:22:03,970 | WARNING | sh.600351 重登失败，继续重试
2026-08-26 12:22:04,003 | WARNING | sh.600351 第4次请求失败: error_code=10001011 msg=黑名单用户，请与管理员联系
2026-08-26 12:22:05,213 | WARNING | sh.600376 重登失败，继续重试
2026-08-26 12:22:05,237 | WARNING | sh.600376 第5次请求失败: error_code=10001011 msg=黑名单用户，请与管理员联系
2026-08-26 12:22:06,900 | WARNING | sh.600369 重登失败，继续重试
2026-08-26 12:22:06,920 | WARNING | sh.600369 第5次请求失败: error_code=10001011 msg=黑名单用户，请与管理员联系
2026-08-26 12:22:12,076 | WARNING | sh.600351 重登失败，继续重试
2026-08-26 12:22:12,090 | WARNING | sh.600351 第5次请求失败: error_code=10001011 msg=黑名单用户，请与管理员联系
2026-08-26 12:22:12,825 | WARNING | sh.600360 重登失败，继续重试
2026-08-26 12:22:12,865 | WARNING | sh.600361 第1次请求失败: error_code=10001011 msg=黑名单用户，请与管理员联系
2026-08-26 12:22:14,917 | WARNING | sh.600361 重登失败，继续重试
2026-08-26 12:22:14,931 | WARNING | sh.600361 第2次请求失败: error_code=10001011 msg=黑名单用户，请与管理员联系
2026-08-26 12:22:15,751 | WARNING | sh.600376 重登失败，继续重试
2026-08-26 12:22:15,766 | WARNING | sh.600377 第1次请求失败: error_code=10001011 msg=黑名单用户，请与管理员联系
2026-08-26 12:22:17,850 | WARNING | sh.600377 重登失败，继续重试
2026-08-26 12:22:17,869 | WARNING | sh.600377 第2次请求失败: error_code=10001011 msg=黑名单用户，请与管理员联系
2026-08-26 12:22:18,011 | WARNING | sh.600369 重登失败，继续重试
2026-08-26 12:22:18,032 | WARNING | sh.600370 第1次请求失败: error_code=10001011 msg=黑名单用户，请与管理员联系
2026-08-26 12:22:18,994 | WARNING | sh.600361 重登失败，继续重试
2026-08-26 12:22:19,019 | WARNING | sh.600361 第3次请求失败: error_code=10001011 msg=黑名单用户，请与管理员联系
2026-08-26 12:22:20,098 | WARNING | sh.600370 重登失败，继续重试
2026-08-26 12:22:20,113 | WARNING | sh.600370 第2次请求失败: error_code=10001011 msg=黑名单用户，请与管理员联系
2026-08-26 12:22:22,092 | WARNING | sh.600377 重登失败，继续重试
2026-08-26 12:22:22,138 | WARNING | sh.600351 重登失败，继续重试
2026-08-26 12:22:22,155 | WARNING | sh.600352 第1次请求失败: error_code=10001011 msg=黑名单用户，请与管理员联系
2026-08-26 12:22:22,325 | WARNING | sh.600377 第3次请求失败: error_code=10001011 msg=黑名单用户，请与管理员联系
2026-08-26 12:22:24,188 | WARNING | sh.600370 重登失败，继续重试
2026-08-26 12:22:24,205 | WARNING | sh.600370 第3次请求失败: error_code=10001011 msg=黑名单用户，请与管理员联系
2026-08-26 12:22:24,503 | WARNING | sh.600352 重登失败，继续重试
2026-08-26 12:22:24,736 | WARNING | sh.600352 第2次请求失败: error_code=10001011 msg=黑名单用户，请与管理员联系
2026-08-26 12:22:25,771 | WARNING | sh.600361 重登失败，继续重试
2026-08-26 12:22:25,791 | WARNING | sh.600361 第4次请求失败: error_code=10001011 msg=黑名单用户，请与管理员联系
2026-08-26 12:22:28,401 | WARNING | sh.600377 重登失败，继续重试
2026-08-26 12:22:28,418 | WARNING | sh.600377 第4次请求失败: error_code=10001011 msg=黑名单用户，请与管理员联系
2026-08-26 12:22:29,796 | WARNING | sh.600352 重登失败，继续重试
2026-08-26 12:22:29,814 | WARNING | sh.600352 第3次请求失败: error_code=10001011 msg=黑名单用户，请与管理员联系
2026-08-26 12:22:30,875 | WARNING | sh.600370 重登失败，继续重试
2026-08-26 12:22:30,896 | WARNING | sh.600370 第4次请求失败: error_code=10001011 msg=黑名单用户，请与管理员联系
2026-08-26 12:22:33,901 | WARNING | sh.600361 重登失败，继续重试
2026-08-26 12:22:34,128 | WARNING | sh.600361 第5次请求失败: error_code=10001011 msg=黑名单用户，请与管理员联系
2026-08-26 12:22:36,834 | WARNING | sh.600352 重登失败，继续重试
2026-08-26 12:22:36,847 | WARNING | sh.600352 第4次请求失败: error_code=10001011 msg=黑名单用户，请与管理员联系
2026-08-26 12:22:38,832 | WARNING | sh.600377 重登失败，继续重试
2026-08-26 12:22:38,854 | WARNING | sh.600377 第5次请求失败: error_code=10001011 msg=黑名单用户，请与管理员联系
2026-08-26 12:22:38,988 | WARNING | sh.600370 重登失败，继续重试
2026-08-26 12:22:39,007 | WARNING | sh.600370 第5次请求失败: error_code=10001011 msg=黑名单用户，请与管理员联系
2026-08-26 12:22:44,843 | WARNING | sh.600361 重登失败，继续重试
2026-08-26 12:22:44,863 | WARNING | sh.600362 第1次请求失败: error_code=10001011 msg=黑名单用户，请与管理员联系
2026-08-26 12:22:45,266 | WARNING | sh.600352 重登失败，继续重试
2026-08-26 12:22:45,283 | WARNING | sh.600352 第5次请求失败: error_code=10001011 msg=黑名单用户，请与管理员联系
2026-08-26 12:22:46,928 | WARNING | sh.600362 重登失败，继续重试
2026-08-26 12:22:46,943 | WARNING | sh.600362 第2次请求失败: error_code=10001011 msg=黑名单用户，请与管理员联系
2026-08-26 12:22:49,086 | WARNING | sh.600370 重登失败，继续重试
2026-08-26 12:22:49,328 | WARNING | sh.600371 第1次请求失败: error_code=10001011 msg=黑名单用户，请与管理员联系
2026-08-26 12:22:49,930 | WARNING | sh.600377 重登失败，继续重试
2026-08-26 12:22:49,946 | WARNING | sh.600378 第1次请求失败: error_code=10001011 msg=黑名单用户，请与管理员联系
2026-08-26 12:22:51,126 | WARNING | sh.600362 重登失败，继续重试
2026-08-26 12:22:51,390 | WARNING | sh.600371 重登失败，继续重试
2026-08-26 12:22:51,405 | WARNING | sh.600371 第2次请求失败: error_code=10001011 msg=黑名单用户，请与管理员联系
2026-08-26 12:22:51,796 | WARNING | sh.600362 第3次请求失败: error_code=10001011 msg=黑名单用户，请与管理员联系
2026-08-26 12:22:52,120 | WARNING | sh.600378 重登失败，继续重试
2026-08-26 12:22:52,139 | WARNING | sh.600378 第2次请求失败: error_code=10001011 msg=黑名单用户，请与管理员联系
2026-08-26 12:22:55,548 | WARNING | sh.600371 重登失败，继续重试
2026-08-26 12:22:55,577 | WARNING | sh.600352 重登失败，继续重试
2026-08-26 12:22:55,601 | WARNING | sh.600371 第3次请求失败: error_code=10001011 msg=黑名单用户，请与管理员联系
2026-08-26 12:22:55,607 | WARNING | sh.600353 第1次请求失败: error_code=10001011 msg=黑名单用户，请与管理员联系
2026-08-26 12:22:56,199 | WARNING | sh.600378 重登失败，继续重试
2026-08-26 12:22:56,215 | WARNING | sh.600378 第3次请求失败: error_code=10001011 msg=黑名单用户，请与管理员联系
2026-08-26 12:22:57,679 | WARNING | sh.600353 重登失败，继续重试
2026-08-26 12:22:57,694 | WARNING | sh.600353 第2次请求失败: error_code=10001011 msg=黑名单用户，请与管理员联系
2026-08-26 12:22:57,859 | WARNING | sh.600362 重登失败，继续重试
2026-08-26 12:22:57,874 | WARNING | sh.600362 第4次请求失败: error_code=10001011 msg=黑名单用户，请与管理员联系
2026-08-26 12:23:01,658 | WARNING | sh.600371 重登失败，继续重试
2026-08-26 12:23:01,795 | WARNING | sh.600353 重登失败，继续重试
2026-08-26 12:23:01,809 | WARNING | sh.600353 第3次请求失败: error_code=10001011 msg=黑名单用户，请与管理员联系
2026-08-26 12:23:01,890 | WARNING | sh.600371 第4次请求失败: error_code=10001011 msg=黑名单用户，请与管理员联系
2026-08-26 12:23:02,288 | WARNING | sh.600378 重登失败，继续重试
2026-08-26 12:23:02,305 | WARNING | sh.600378 第4次请求失败: error_code=10001011 msg=黑名单用户，请与管理员联系
2026-08-26 12:23:05,951 | WARNING | sh.600362 重登失败，继续重试
2026-08-26 12:23:05,971 | WARNING | sh.600362 第5次请求失败: error_code=10001011 msg=黑名单用户，请与管理员联系
2026-08-26 12:23:07,867 | WARNING | sh.600353 重登失败，继续重试
2026-08-26 12:23:07,887 | WARNING | sh.600353 第4次请求失败: error_code=10001011 msg=黑名单用户，请与管理员联系
2026-08-26 12:23:10,211 | WARNING | sh.600371 重登失败，继续重试
2026-08-26 12:23:10,432 | WARNING | sh.600371 第5次请求失败: error_code=10001011 msg=黑名单用户，请与管理员联系
2026-08-26 12:23:10,666 | WARNING | sh.600378 重登失败，继续重试
2026-08-26 12:23:10,680 | WARNING | sh.600378 第5次请求失败: error_code=10001011 msg=黑名单用户，请与管理员联系
2026-08-26 12:23:16,048 | WARNING | sh.600353 重登失败，继续重试
2026-08-26 12:23:16,054 | WARNING | sh.600362 重登失败，继续重试
2026-08-26 12:23:16,072 | WARNING | sh.600363 第1次请求失败: error_code=10001011 msg=黑名单用户，请与管理员联系
2026-08-26 12:23:16,276 | WARNING | sh.600353 第5次请求失败: error_code=10001011 msg=黑名单用户，请与管理员联系
2026-08-26 12:23:18,134 | WARNING | sh.600363 重登失败，继续重试
2026-08-26 12:23:18,153 | WARNING | sh.600363 第2次请求失败: error_code=10001011 msg=黑名单用户，请与管理员联系
2026-08-26 12:23:20,876 | WARNING | sh.600378 重登失败，继续重试
2026-08-26 12:23:20,896 | WARNING | sh.600379 第1次请求失败: error_code=10001011 msg=黑名单用户，请与管理员联系
2026-08-26 12:23:21,269 | WARNING | sh.600371 重登失败，继续重试
2026-08-26 12:23:21,288 | WARNING | sh.600372 第1次请求失败: error_code=10001011 msg=黑名单用户，请与管理员联系
2026-08-26 12:23:22,276 | WARNING | sh.600363 重登失败，继续重试
2026-08-26 12:23:22,296 | WARNING | sh.600363 第3次请求失败: error_code=10001011 msg=黑名单用户，请与管理员联系
2026-08-26 12:23:22,963 | WARNING | sh.600379 重登失败，继续重试
2026-08-26 12:23:22,977 | WARNING | sh.600379 第2次请求失败: error_code=10001011 msg=黑名单用户，请与管理员联系
2026-08-26 12:23:23,589 | WARNING | sh.600372 重登失败，继续重试
2026-08-26 12:23:23,819 | WARNING | sh.600372 第2次请求失败: error_code=10001011 msg=黑名单用户，请与管理员联系
2026-08-26 12:23:27,135 | WARNING | sh.600353 重登失败，继续重试
2026-08-26 12:23:27,153 | WARNING | sh.600354 第1次请求失败: error_code=10001011 msg=黑名单用户，请与管理员联系
2026-08-26 12:23:28,236 | WARNING | sh.600379 重登失败，继续重试
2026-08-26 12:23:28,256 | WARNING | sh.600379 第3次请求失败: error_code=10001011 msg=黑名单用户，请与管理员联系
2026-08-26 12:23:28,594 | WARNING | sh.600363 重登失败，继续重试
2026-08-26 12:23:28,612 | WARNING | sh.600363 第4次请求失败: error_code=10001011 msg=黑名单用户，请与管理员联系
2026-08-26 12:23:28,892 | WARNING | sh.600372 重登失败，继续重试
2026-08-26 12:23:28,911 | WARNING | sh.600372 第3次请求失败: error_code=10001011 msg=黑名单用户，请与管理员联系
2026-08-26 12:23:30,370 | WARNING | sh.600354 重登失败，继续重试
2026-08-26 12:23:30,386 | WARNING | sh.600354 第2次请求失败: error_code=10001011 msg=黑名单用户，请与管理员联系
2026-08-26 12:23:34,645 | WARNING | sh.600354 重登失败，继续重试
2026-08-26 12:23:34,659 | WARNING | sh.600354 第3次请求失败: error_code=10001011 msg=黑名单用户，请与管理员联系
2026-08-26 12:23:34,756 | WARNING | sh.600379 重登失败，继续重试
2026-08-26 12:23:34,771 | WARNING | sh.600379 第4次请求失败: error_code=10001011 msg=黑名单用户，请与管理员联系
2026-08-26 12:23:34,994 | WARNING | sh.600372 重登失败，继续重试
2026-08-26 12:23:35,235 | WARNING | sh.600372 第4次请求失败: error_code=10001011 msg=黑名单用户，请与管理员联系
2026-08-26 12:23:39,226 | WARNING | sh.600363 重登失败，继续重试
2026-08-26 12:23:39,241 | WARNING | sh.600363 第5次请求失败: error_code=10001011 msg=黑名单用户，请与管理员联系
2026-08-26 12:23:40,725 | WARNING | sh.600354 重登失败，继续重试
2026-08-26 12:23:40,743 | WARNING | sh.600354 第4次请求失败: error_code=10001011 msg=黑名单用户，请与管理员联系
2026-08-26 12:23:42,917 | WARNING | sh.600379 重登失败，继续重试
2026-08-26 12:23:43,144 | WARNING | sh.600379 第5次请求失败: error_code=10001011 msg=黑名单用户，请与管理员联系
2026-08-26 12:23:43,311 | WARNING | sh.600372 重登失败，继续重试
2026-08-26 12:23:43,328 | WARNING | sh.600372 第5次请求失败: error_code=10001011 msg=黑名单用户，请与管理员联系
2026-08-26 12:23:48,820 | WARNING | sh.600354 重登失败，继续重试
2026-08-26 12:23:48,842 | WARNING | sh.600354 第5次请求失败: error_code=10001011 msg=黑名单用户，请与管理员联系
2026-08-26 12:23:49,820 | WARNING | sh.600363 重登失败，继续重试
2026-08-26 12:23:49,840 | WARNING | sh.600365 第1次请求失败: error_code=10001011 msg=黑名单用户，请与管理员联系
2026-08-26 12:23:52,894 | WARNING | sh.600365 重登失败，继续重试
2026-08-26 12:23:52,910 | WARNING | sh.600365 第2次请求失败: error_code=10001011 msg=黑名单用户，请与管理员联系
2026-08-26 12:23:53,212 | WARNING | sh.600379 重登失败，继续重试
2026-08-26 12:23:53,229 | WARNING | sh.600380 第1次请求失败: error_code=10001011 msg=黑名单用户，请与管理员联系
2026-08-26 12:23:53,380 | WARNING | sh.600372 重登失败，继续重试
2026-08-26 12:23:53,394 | WARNING | sh.600373 第1次请求失败: error_code=10001011 msg=黑名单用户，请与管理员联系
2026-08-26 12:23:55,283 | WARNING | sh.600380 重登失败，继续重试
2026-08-26 12:23:55,301 | WARNING | sh.600380 第2次请求失败: error_code=10001011 msg=黑名单用户，请与管理员联系
2026-08-26 12:23:55,459 | WARNING | sh.600373 重登失败，继续重试
2026-08-26 12:23:55,478 | WARNING | sh.600373 第2次请求失败: error_code=10001011 msg=黑名单用户，请与管理员联系
2026-08-26 12:23:56,961 | WARNING | sh.600365 重登失败，继续重试
2026-08-26 12:23:56,981 | WARNING | sh.600365 第3次请求失败: error_code=10001011 msg=黑名单用户，请与管理员联系
2026-08-26 12:23:59,176 | WARNING | sh.600354 重登失败，继续重试
2026-08-26 12:23:59,192 | WARNING | sh.600356 第1次请求失败: error_code=10001011 msg=黑名单用户，请与管理员联系
2026-08-26 12:23:59,362 | WARNING | sh.600380 重登失败，继续重试
2026-08-26 12:23:59,379 | WARNING | sh.600380 第3次请求失败: error_code=10001011 msg=黑名单用户，请与管理员联系
2026-08-26 12:23:59,541 | WARNING | sh.600373 重登失败，继续重试
2026-08-26 12:23:59,556 | WARNING | sh.600373 第3次请求失败: error_code=10001011 msg=黑名单用户，请与管理员联系
2026-08-26 12:24:01,257 | WARNING | sh.600356 重登失败，继续重试
2026-08-26 12:24:01,277 | WARNING | sh.600356 第2次请求失败: error_code=10001011 msg=黑名单用户，请与管理员联系
2026-08-26 12:24:03,050 | WARNING | sh.600365 重登失败，继续重试
2026-08-26 12:24:03,065 | WARNING | sh.600365 第4次请求失败: error_code=10001011 msg=黑名单用户，请与管理员联系
2026-08-26 12:24:05,438 | WARNING | sh.600380 重登失败，继续重试
2026-08-26 12:24:05,456 | WARNING | sh.600380 第4次请求失败: error_code=10001011 msg=黑名单用户，请与管理员联系
2026-08-26 12:24:05,819 | WARNING | sh.600373 重登失败，继续重试
2026-08-26 12:24:05,837 | WARNING | sh.600373 第4次请求失败: error_code=10001011 msg=黑名单用户，请与管理员联系
2026-08-26 12:24:06,356 | WARNING | sh.600356 重登失败，继续重试
2026-08-26 12:24:06,370 | WARNING | sh.600356 第3次请求失败: error_code=10001011 msg=黑名单用户，请与管理员联系
2026-08-26 12:24:12,137 | WARNING | sh.600365 重登失败，继续重试
2026-08-26 12:24:12,155 | WARNING | sh.600365 第5次请求失败: error_code=10001011 msg=黑名单用户，请与管理员联系
2026-08-26 12:24:12,425 | WARNING | sh.600356 重登失败，继续重试
2026-08-26 12:24:12,440 | WARNING | sh.600356 第4次请求失败: error_code=10001011 msg=黑名单用户，请与管理员联系
2026-08-26 12:24:13,763 | WARNING | sh.600380 重登失败，继续重试
2026-08-26 12:24:14,083 | WARNING | sh.600373 重登失败，继续重试
2026-08-26 12:24:14,102 | WARNING | sh.600373 第5次请求失败: error_code=10001011 msg=黑名单用户，请与管理员联系
2026-08-26 12:24:14,308 | WARNING | sh.600380 第5次请求失败: error_code=10001011 msg=黑名单用户，请与管理员联系
2026-08-26 12:24:22,320 | WARNING | sh.600365 重登失败，继续重试
2026-08-26 12:24:22,334 | WARNING | sh.600366 第1次请求失败: error_code=10001011 msg=黑名单用户，请与管理员联系
2026-08-26 12:24:23,216 | WARNING | sh.600356 重登失败，继续重试
2026-08-26 12:24:23,447 | WARNING | sh.600356 第5次请求失败: error_code=10001011 msg=黑名单用户，请与管理员联系
2026-08-26 12:24:24,293 | WARNING | sh.600373 重登失败，继续重试
2026-08-26 12:24:24,309 | WARNING | sh.600375 第1次请求失败: error_code=10001011 msg=黑名单用户，请与管理员联系
2026-08-26 12:24:24,715 | WARNING | sh.600380 重登失败，继续重试
2026-08-26 12:24:24,739 | WARNING | sh.600381 第1次请求失败: error_code=10001011 msg=黑名单用户，请与管理员联系
2026-08-26 12:24:25,407 | WARNING | sh.600366 重登失败，继续重试
2026-08-26 12:24:25,427 | WARNING | sh.600366 第2次请求失败: error_code=10001011 msg=黑名单用户，请与管理员联系
2026-08-26 12:24:26,393 | WARNING | sh.600375 重登失败，继续重试
2026-08-26 12:24:26,638 | WARNING | sh.600375 第2次请求失败: error_code=10001011 msg=黑名单用户，请与管理员联系
2026-08-26 12:24:27,906 | WARNING | sh.600381 重登失败，继续重试
2026-08-26 12:24:27,919 | WARNING | sh.600381 第2次请求失败: error_code=10001011 msg=黑名单用户，请与管理员联系
2026-08-26 12:24:29,481 | WARNING | sh.600366 重登失败，继续重试
2026-08-26 12:24:29,497 | WARNING | sh.600366 第3次请求失败: error_code=10001011 msg=黑名单用户，请与管理员联系
2026-08-26 12:24:30,709 | WARNING | sh.600375 重登失败，继续重试
2026-08-26 12:24:30,728 | WARNING | sh.600375 第3次请求失败: error_code=10001011 msg=黑名单用户，请与管理员联系
2026-08-26 12:24:32,223 | WARNING | sh.600381 重登失败，继续重试
2026-08-26 12:24:32,452 | WARNING | sh.600381 第3次请求失败: error_code=10001011 msg=黑名单用户，请与管理员联系
2026-08-26 12:24:34,670 | WARNING | sh.600356 重登失败，继续重试
2026-08-26 12:24:34,670 | ERROR | [257/5212] sh.600346 sh.600346 下载失败(重试5次): error_code=10001011 msg=黑名单用户，请与管理员联系 下载失败: 恒力石化
2026-08-26 12:24:34,671 | ERROR | [258/5212] sh.600348 sh.600348 下载失败(重试5次): error_code=10001011 msg=黑名单用户，请与管理员联系 下载失败: 华阳股份
2026-08-26 12:24:34,671 | ERROR | [259/5212] sh.600350 sh.600350 下载失败(重试5次): error_code=10001011 msg=黑名单用户，请与管理员联系 下载失败: 山东高速
2026-08-26 12:24:34,671 | ERROR | [260/5212] sh.600351 sh.600351 下载失败(重试5次): error_code=10001011 msg=黑名单用户，请与管理员联系 下载失败: 亚宝药业
2026-08-26 12:24:34,671 | ERROR | [261/5212] sh.600352 sh.600352 下载失败(重试5次): error_code=10001011 msg=黑名单用户，请与管理员联系 下载失败: 浙江龙盛
2026-08-26 12:24:34,671 | ERROR | [262/5212] sh.600353 sh.600353 下载失败(重试5次): error_code=10001011 msg=黑名单用户，请与管理员联系 下载失败: 旭光电子
2026-08-26 12:24:34,671 | ERROR | [263/5212] sh.600354 sh.600354 下载失败(重试5次): error_code=10001011 msg=黑名单用户，请与管理员联系 下载失败: 敦煌种业
2026-08-26 12:24:34,671 | ERROR | [264/5212] sh.600356 sh.600356 下载失败(重试5次): error_code=10001011 msg=黑名单用户，请与管理员联系 下载失败: 恒丰纸业
2026-08-26 12:24:34,911 | WARNING | sh.600386 第1次请求失败: error_code=10001011 msg=黑名单用户，请与管理员联系
2026-08-26 12:24:36,227 | WARNING | sh.600366 重登失败，继续重试
2026-08-26 12:24:36,432 | WARNING | sh.600366 第4次请求失败: error_code=10001011 msg=黑名单用户，请与管理员联系
2026-08-26 12:24:36,979 | WARNING | sh.600386 重登失败，继续重试
2026-08-26 12:24:36,993 | WARNING | sh.600386 第2次请求失败: error_code=10001011 msg=黑名单用户，请与管理员联系
2026-08-26 12:24:37,218 | WARNING | sh.600375 重登失败，继续重试
2026-08-26 12:24:37,233 | WARNING | sh.600375 第4次请求失败: error_code=10001011 msg=黑名单用户，请与管理员联系
2026-08-26 12:24:38,522 | WARNING | sh.600381 重登失败，继续重试
2026-08-26 12:24:38,539 | WARNING | sh.600381 第4次请求失败: error_code=10001011 msg=黑名单用户，请与管理员联系
2026-08-26 12:24:41,044 | WARNING | sh.600386 重登失败，继续重试
2026-08-26 12:24:41,061 | WARNING | sh.600386 第3次请求失败: error_code=10001011 msg=黑名单用户，请与管理员联系
2026-08-26 12:24:44,498 | WARNING | sh.600366 重登失败，继续重试
2026-08-26 12:24:44,518 | WARNING | sh.600366 第5次请求失败: error_code=10001011 msg=黑名单用户，请与管理员联系
2026-08-26 12:24:46,569 | WARNING | sh.600375 重登失败，继续重试
2026-08-26 12:24:46,599 | WARNING | sh.600375 第5次请求失败: error_code=10001011 msg=黑名单用户，请与管理员联系
2026-08-26 12:24:46,608 | WARNING | sh.600381 重登失败，继续重试
2026-08-26 12:24:46,631 | WARNING | sh.600381 第5次请求失败: error_code=10001011 msg=黑名单用户，请与管理员联系
2026-08-26 12:24:47,143 | WARNING | sh.600386 重登失败，继续重试
2026-08-26 12:24:47,159 | WARNING | sh.600386 第4次请求失败: error_code=10001011 msg=黑名单用户，请与管理员联系
2026-08-26 12:24:54,683 | WARNING | sh.600366 重登失败，继续重试
2026-08-26 12:24:54,684 | ERROR | [265/5212] sh.600358 sh.600358 下载失败(重试5次): error_code=10001011 msg=黑名单用户，请与管理员联系 下载失败: 国旅联合
2026-08-26 12:24:54,684 | ERROR | [266/5212] sh.600359 sh.600359 下载失败(重试5次): error_code=10001011 msg=黑名单用户，请与管理员联系 下载失败: 新农开发
2026-08-26 12:24:54,684 | ERROR | [267/5212] sh.600360 sh.600360 下载失败(重试5次): error_code=10001011 msg=黑名单用户，请与管理员联系 下载失败: 华微电子
2026-08-26 12:24:54,684 | ERROR | [268/5212] sh.600361 sh.600361 下载失败(重试5次): error_code=10001011 msg=黑名单用户，请与管理员联系 下载失败: 创新新材
2026-08-26 12:24:54,684 | ERROR | [269/5212] sh.600362 sh.600362 下载失败(重试5次): error_code=10001011 msg=黑名单用户，请与管理员联系 下载失败: 江西铜业
2026-08-26 12:24:54,684 | ERROR | [270/5212] sh.600363 sh.600363 下载失败(重试5次): error_code=10001011 msg=黑名单用户，请与管理员联系 下载失败: 联创光电
2026-08-26 12:24:54,684 | ERROR | [271/5212] sh.600365 sh.600365 下载失败(重试5次): error_code=10001011 msg=黑名单用户，请与管理员联系 下载失败: ST通葡
2026-08-26 12:24:54,684 | ERROR | [272/5212] sh.600366 sh.600366 下载失败(重试5次): error_code=10001011 msg=黑名单用户，请与管理员联系 下载失败: 宁波韵升
2026-08-26 12:24:54,714 | WARNING | sh.600397 第1次请求失败: error_code=10001011 msg=黑名单用户，请与管理员联系
2026-08-26 12:24:55,528 | WARNING | sh.600386 重登失败，继续重试
2026-08-26 12:24:55,550 | WARNING | sh.600386 第5次请求失败: error_code=10001011 msg=黑名单用户，请与管理员联系
2026-08-26 12:24:56,898 | WARNING | sh.600375 重登失败，继续重试
2026-08-26 12:24:56,899 | ERROR | [273/5212] sh.600367 sh.600367 下载失败(重试5次): error_code=10001011 msg=黑名单用户，请与管理员联系 下载失败: 红星发展
2026-08-26 12:24:56,899 | ERROR | [274/5212] sh.600368 sh.600368 下载失败(重试5次): error_code=10001011 msg=黑名单用户，请与管理员联系 下载失败: 五洲交通
2026-08-26 12:24:56,899 | ERROR | [275/5212] sh.600369 sh.600369 下载失败(重试5次): error_code=10001011 msg=黑名单用户，请与管理员联系 下载失败: 西南证券
2026-08-26 12:24:56,899 | ERROR | [276/5212] sh.600370 sh.600370 下载失败(重试5次): error_code=10001011 msg=黑名单用户，请与管理员联系 下载失败: *ST三房
2026-08-26 12:24:56,899 | ERROR | [277/5212] sh.600371 sh.600371 下载失败(重试5次): error_code=10001011 msg=黑名单用户，请与管理员联系 下载失败: 万向德农
2026-08-26 12:24:56,899 | ERROR | [278/5212] sh.600372 sh.600372 下载失败(重试5次): error_code=10001011 msg=黑名单用户，请与管理员联系 下载失败: 中航机载
2026-08-26 12:24:56,899 | ERROR | [279/5212] sh.600373 sh.600373 下载失败(重试5次): error_code=10001011 msg=黑名单用户，请与管理员联系 下载失败: 中文传媒
2026-08-26 12:24:56,900 | ERROR | [280/5212] sh.600375 sh.600375 下载失败(重试5次): error_code=10001011 msg=黑名单用户，请与管理员联系 下载失败: 汉马科技
2026-08-26 12:24:56,918 | WARNING | sh.600381 重登失败，继续重试
2026-08-26 12:24:56,935 | WARNING | sh.600382 第1次请求失败: error_code=10001011 msg=黑名单用户，请与管理员联系
2026-08-26 12:24:57,092 | WARNING | sh.600409 第1次请求失败: error_code=10001011 msg=黑名单用户，请与管理员联系
2026-08-26 12:24:57,563 | WARNING | sh.600397 重登失败，继续重试
2026-08-26 12:24:58,018 | WARNING | sh.600397 第2次请求失败: error_code=10001011 msg=黑名单用户，请与管理员联系
2026-08-26 12:24:59,008 | WARNING | sh.600382 重登失败，继续重试
2026-08-26 12:24:59,031 | WARNING | sh.600382 第2次请求失败: error_code=10001011 msg=黑名单用户，请与管理员联系
2026-08-26 12:24:59,437 | WARNING | sh.600409 重登失败，继续重试
2026-08-26 12:24:59,459 | WARNING | sh.600409 第2次请求失败: error_code=10001011 msg=黑名单用户，请与管理员联系
2026-08-26 12:25:03,354 | WARNING | sh.600382 重登失败，继续重试
2026-08-26 12:25:03,366 | WARNING | sh.600397 重登失败，继续重试
2026-08-26 12:25:03,369 | WARNING | sh.600382 第3次请求失败: error_code=10001011 msg=黑名单用户，请与管理员联系
2026-08-26 12:25:03,388 | WARNING | sh.600397 第3次请求失败: error_code=10001011 msg=黑名单用户，请与管理员联系
2026-08-26 12:25:03,766 | WARNING | sh.600409 重登失败，继续重试
2026-08-26 12:25:03,995 | WARNING | sh.600409 第3次请求失败: error_code=10001011 msg=黑名单用户，请与管理员联系
2026-08-26 12:25:06,011 | WARNING | sh.600386 重登失败，继续重试
2026-08-26 12:25:06,033 | WARNING | sh.600388 第1次请求失败: error_code=10001011 msg=黑名单用户，请与管理员联系
2026-08-26 12:25:08,913 | WARNING | sh.600388 重登失败，继续重试
2026-08-26 12:25:08,932 | WARNING | sh.600388 第2次请求失败: error_code=10001011 msg=黑名单用户，请与管理员联系
2026-08-26 12:25:09,478 | WARNING | sh.600397 重登失败，继续重试
2026-08-26 12:25:09,496 | WARNING | sh.600397 第4次请求失败: error_code=10001011 msg=黑名单用户，请与管理员联系
2026-08-26 12:25:09,968 | WARNING | sh.600382 重登失败，继续重试
2026-08-26 12:25:09,986 | WARNING | sh.600382 第4次请求失败: error_code=10001011 msg=黑名单用户，请与管理员联系
2026-08-26 12:25:10,284 | WARNING | sh.600409 重登失败，继续重试
2026-08-26 12:25:10,491 | WARNING | sh.600409 第4次请求失败: error_code=10001011 msg=黑名单用户，请与管理员联系
2026-08-26 12:25:13,447 | WARNING | sh.600388 重登失败，继续重试
2026-08-26 12:25:13,611 | WARNING | sh.600388 第3次请求失败: error_code=10001011 msg=黑名单用户，请与管理员联系
2026-08-26 12:25:17,749 | WARNING | sh.600397 重登失败，继续重试
2026-08-26 12:25:17,766 | WARNING | sh.600397 第5次请求失败: error_code=10001011 msg=黑名单用户，请与管理员联系
2026-08-26 12:25:18,053 | WARNING | sh.600382 重登失败，继续重试
2026-08-26 12:25:18,069 | WARNING | sh.600382 第5次请求失败: error_code=10001011 msg=黑名单用户，请与管理员联系
2026-08-26 12:25:18,999 | WARNING | sh.600409 重登失败，继续重试
2026-08-26 12:25:19,013 | WARNING | sh.600409 第5次请求失败: error_code=10001011 msg=黑名单用户，请与管理员联系
2026-08-26 12:25:19,973 | WARNING | sh.600388 重登失败，继续重试
2026-08-26 12:25:19,994 | WARNING | sh.600388 第4次请求失败: error_code=10001011 msg=黑名单用户，请与管理员联系
2026-08-26 12:25:28,055 | WARNING | sh.600388 重登失败，继续重试
2026-08-26 12:25:28,185 | WARNING | sh.600382 重登失败，继续重试
2026-08-26 12:25:28,188 | WARNING | sh.600397 重登失败，继续重试
2026-08-26 12:25:28,200 | WARNING | sh.600383 第1次请求失败: error_code=10001011 msg=黑名单用户，请与管理员联系
2026-08-26 12:25:28,203 | WARNING | sh.600398 第1次请求失败: error_code=10001011 msg=黑名单用户，请与管理员联系
2026-08-26 12:25:28,291 | WARNING | sh.600388 第5次请求失败: error_code=10001011 msg=黑名单用户，请与管理员联系
2026-08-26 12:25:29,069 | WARNING | sh.600409 重登失败，继续重试
2026-08-26 12:25:29,355 | WARNING | sh.600410 第1次请求失败: error_code=10001011 msg=黑名单用户，请与管理员联系
2026-08-26 12:25:30,566 | WARNING | sh.600383 重登失败，继续重试
2026-08-26 12:25:30,585 | WARNING | sh.600383 第2次请求失败: error_code=10001011 msg=黑名单用户，请与管理员联系
2026-08-26 12:25:30,797 | WARNING | sh.600398 重登失败，继续重试
2026-08-26 12:25:30,816 | WARNING | sh.600398 第2次请求失败: error_code=10001011 msg=黑名单用户，请与管理员联系
2026-08-26 12:25:31,411 | WARNING | sh.600410 重登失败，继续重试
2026-08-26 12:25:31,429 | WARNING | sh.600410 第2次请求失败: error_code=10001011 msg=黑名单用户，请与管理员联系
2026-08-26 12:25:34,912 | WARNING | sh.600383 重登失败，继续重试
2026-08-26 12:25:34,929 | WARNING | sh.600383 第3次请求失败: error_code=10001011 msg=黑名单用户，请与管理员联系
2026-08-26 12:25:35,531 | WARNING | sh.600410 重登失败，继续重试
2026-08-26 12:25:35,547 | WARNING | sh.600410 第3次请求失败: error_code=10001011 msg=黑名单用户，请与管理员联系
2026-08-26 12:25:37,091 | WARNING | sh.600398 重登失败，继续重试
2026-08-26 12:25:37,110 | WARNING | sh.600398 第3次请求失败: error_code=10001011 msg=黑名单用户，请与管理员联系
2026-08-26 12:25:38,933 | WARNING | sh.600388 重登失败，继续重试
2026-08-26 12:25:38,949 | WARNING | sh.600389 第1次请求失败: error_code=10001011 msg=黑名单用户，请与管理员联系
2026-08-26 12:25:41,317 | WARNING | sh.600383 重登失败，继续重试
2026-08-26 12:25:41,319 | WARNING | sh.600389 重登失败，继续重试
2026-08-26 12:25:41,335 | WARNING | sh.600383 第4次请求失败: error_code=10001011 msg=黑名单用户，请与管理员联系
2026-08-26 12:25:41,339 | WARNING | sh.600389 第2次请求失败: error_code=10001011 msg=黑名单用户，请与管理员联系
2026-08-26 12:25:42,599 | WARNING | sh.600410 重登失败，继续重试
2026-08-26 12:25:42,625 | WARNING | sh.600410 第4次请求失败: error_code=10001011 msg=黑名单用户，请与管理员联系
2026-08-26 12:25:43,522 | WARNING | sh.600398 重登失败，继续重试
2026-08-26 12:25:43,541 | WARNING | sh.600398 第4次请求失败: error_code=10001011 msg=黑名单用户，请与管理员联系
2026-08-26 12:25:45,647 | WARNING | sh.600389 重登失败，继续重试
2026-08-26 12:25:45,667 | WARNING | sh.600389 第3次请求失败: error_code=10001011 msg=黑名单用户，请与管理员联系
2026-08-26 12:25:49,406 | WARNING | sh.600383 重登失败，继续重试
2026-08-26 12:25:49,426 | WARNING | sh.600383 第5次请求失败: error_code=10001011 msg=黑名单用户，请与管理员联系
2026-08-26 12:25:51,013 | WARNING | sh.600410 重登失败，继续重试
2026-08-26 12:25:51,030 | WARNING | sh.600410 第5次请求失败: error_code=10001011 msg=黑名单用户，请与管理员联系
2026-08-26 12:25:51,654 | WARNING | sh.600398 重登失败，继续重试
2026-08-26 12:25:51,671 | WARNING | sh.600398 第5次请求失败: error_code=10001011 msg=黑名单用户，请与管理员联系
2026-08-26 12:25:51,736 | WARNING | sh.600389 重登失败，继续重试
2026-08-26 12:25:51,757 | WARNING | sh.600389 第4次请求失败: error_code=10001011 msg=黑名单用户，请与管理员联系
2026-08-26 12:25:59,636 | WARNING | sh.600383 重登失败，继续重试
2026-08-26 12:25:59,636 | ERROR | [281/5212] sh.600376 sh.600376 下载失败(重试5次): error_code=10001011 msg=黑名单用户，请与管理员联系 下载失败: 首开股份
2026-08-26 12:25:59,636 | ERROR | [282/5212] sh.600377 sh.600377 下载失败(重试5次): error_code=10001011 msg=黑名单用户，请与管理员联系 下载失败: 宁沪高速
2026-08-26 12:25:59,637 | ERROR | [283/5212] sh.600378 sh.600378 下载失败(重试5次): error_code=10001011 msg=黑名单用户，请与管理员联系 下载失败: 昊华科技
2026-08-26 12:25:59,637 | ERROR | [284/5212] sh.600379 sh.600379 下载失败(重试5次): error_code=10001011 msg=黑名单用户，请与管理员联系 下载失败: 宝光股份
2026-08-26 12:25:59,637 | ERROR | [285/5212] sh.600380 sh.600380 下载失败(重试5次): error_code=10001011 msg=黑名单用户，请与管理员联系 下载失败: 健康元
2026-08-26 12:25:59,637 | ERROR | [286/5212] sh.600381 sh.600381 下载失败(重试5次): error_code=10001011 msg=黑名单用户，请与管理员联系 下载失败: *ST春天
2026-08-26 12:25:59,637 | ERROR | [287/5212] sh.600382 sh.600382 下载失败(重试5次): error_code=10001011 msg=黑名单用户，请与管理员联系 下载失败: 广东明珠
2026-08-26 12:25:59,637 | ERROR | [288/5212] sh.600383 sh.600383 下载失败(重试5次): error_code=10001011 msg=黑名单用户，请与管理员联系 下载失败: 金地集团
2026-08-26 12:25:59,654 | WARNING | sh.600423 第1次请求失败: error_code=10001011 msg=黑名单用户，请与管理员联系
2026-08-26 12:25:59,858 | WARNING | sh.600389 重登失败，继续重试
2026-08-26 12:25:59,898 | WARNING | sh.600389 第5次请求失败: error_code=10001011 msg=黑名单用户，请与管理员联系
2026-08-26 12:26:01,536 | WARNING | sh.600410 重登失败，继续重试
2026-08-26 12:26:01,557 | WARNING | sh.600415 第1次请求失败: error_code=10001011 msg=黑名单用户，请与管理员联系
2026-08-26 12:26:01,744 | WARNING | sh.600398 重登失败，继续重试
2026-08-26 12:26:01,761 | WARNING | sh.600399 第1次请求失败: error_code=10001011 msg=黑名单用户，请与管理员联系
2026-08-26 12:26:02,866 | WARNING | sh.600423 重登失败，继续重试
2026-08-26 12:26:02,883 | WARNING | sh.600423 第2次请求失败: error_code=10001011 msg=黑名单用户，请与管理员联系
2026-08-26 12:26:03,630 | WARNING | sh.600415 重登失败，继续重试
2026-08-26 12:26:03,644 | WARNING | sh.600415 第2次请求失败: error_code=10001011 msg=黑名单用户，请与管理员联系
2026-08-26 12:26:03,835 | WARNING | sh.600399 重登失败，继续重试
2026-08-26 12:26:03,853 | WARNING | sh.600399 第2次请求失败: error_code=10001011 msg=黑名单用户，请与管理员联系
2026-08-26 12:26:06,944 | WARNING | sh.600423 重登失败，继续重试
2026-08-26 12:26:06,959 | WARNING | sh.600423 第3次请求失败: error_code=10001011 msg=黑名单用户，请与管理员联系
2026-08-26 12:26:08,025 | WARNING | sh.600399 重登失败，继续重试
2026-08-26 12:26:08,041 | WARNING | sh.600399 第3次请求失败: error_code=10001011 msg=黑名单用户，请与管理员联系
2026-08-26 12:26:08,426 | WARNING | sh.600415 重登失败，继续重试
2026-08-26 12:26:08,654 | WARNING | sh.600415 第3次请求失败: error_code=10001011 msg=黑名单用户，请与管理员联系
2026-08-26 12:26:10,793 | WARNING | sh.600389 重登失败，继续重试
2026-08-26 12:26:11,041 | WARNING | sh.600390 第1次请求失败: error_code=10001011 msg=黑名单用户，请与管理员联系
2026-08-26 12:26:13,011 | WARNING | sh.600423 重登失败，继续重试
2026-08-26 12:26:13,024 | WARNING | sh.600423 第4次请求失败: error_code=10001011 msg=黑名单用户，请与管理员联系
2026-08-26 12:26:13,501 | WARNING | sh.600390 重登失败，继续重试
2026-08-26 12:26:13,516 | WARNING | sh.600390 第2次请求失败: error_code=10001011 msg=黑名单用户，请与管理员联系
2026-08-26 12:26:14,116 | WARNING | sh.600399 重登失败，继续重试
2026-08-26 12:26:14,138 | WARNING | sh.600399 第4次请求失败: error_code=10001011 msg=黑名单用户，请与管理员联系
2026-08-26 12:26:14,919 | WARNING | sh.600415 重登失败，继续重试
2026-08-26 12:26:14,939 | WARNING | sh.600415 第4次请求失败: error_code=10001011 msg=黑名单用户，请与管理员联系
2026-08-26 12:26:17,990 | WARNING | sh.600390 重登失败，继续重试
2026-08-26 12:26:18,009 | WARNING | sh.600390 第3次请求失败: error_code=10001011 msg=黑名单用户，请与管理员联系
2026-08-26 12:26:21,199 | WARNING | sh.600423 重登失败，继续重试
2026-08-26 12:26:21,212 | WARNING | sh.600423 第5次请求失败: error_code=10001011 msg=黑名单用户，请与管理员联系
2026-08-26 12:26:22,201 | WARNING | sh.600399 重登失败，继续重试
2026-08-26 12:26:22,215 | WARNING | sh.600399 第5次请求失败: error_code=10001011 msg=黑名单用户，请与管理员联系
2026-08-26 12:26:23,233 | WARNING | sh.600415 重登失败，继续重试
2026-08-26 12:26:24,081 | WARNING | sh.600390 重登失败，继续重试
2026-08-26 12:26:24,101 | WARNING | sh.600390 第4次请求失败: error_code=10001011 msg=黑名单用户，请与管理员联系
2026-08-26 12:26:24,386 | WARNING | sh.600415 第5次请求失败: error_code=10001011 msg=黑名单用户，请与管理员联系
2026-08-26 12:26:31,329 | WARNING | sh.600423 重登失败，继续重试
2026-08-26 12:26:31,349 | WARNING | sh.600425 第1次请求失败: error_code=10001011 msg=黑名单用户，请与管理员联系
2026-08-26 12:26:32,394 | WARNING | sh.600390 重登失败，继续重试
2026-08-26 12:26:32,410 | WARNING | sh.600390 第5次请求失败: error_code=10001011 msg=黑名单用户，请与管理员联系
2026-08-26 12:26:32,719 | WARNING | sh.600399 重登失败，继续重试
2026-08-26 12:26:32,737 | WARNING | sh.600400 第1次请求失败: error_code=10001011 msg=黑名单用户，请与管理员联系
2026-08-26 12:26:33,411 | WARNING | sh.600425 重登失败，继续重试
2026-08-26 12:26:33,426 | WARNING | sh.600425 第2次请求失败: error_code=10001011 msg=黑名单用户，请与管理员联系
2026-08-26 12:26:34,615 | WARNING | sh.600415 重登失败，继续重试
2026-08-26 12:26:34,629 | WARNING | sh.600416 第1次请求失败: error_code=10001011 msg=黑名单用户，请与管理员联系
2026-08-26 12:26:34,784 | WARNING | sh.600400 重登失败，继续重试
2026-08-26 12:26:34,799 | WARNING | sh.600400 第2次请求失败: error_code=10001011 msg=黑名单用户，请与管理员联系
2026-08-26 12:26:36,684 | WARNING | sh.600416 重登失败，继续重试
2026-08-26 12:26:36,699 | WARNING | sh.600416 第2次请求失败: error_code=10001011 msg=黑名单用户，请与管理员联系
2026-08-26 12:26:38,963 | WARNING | sh.600400 重登失败，继续重试
2026-08-26 12:26:38,981 | WARNING | sh.600425 重登失败，继续重试
2026-08-26 12:26:38,984 | WARNING | sh.600400 第3次请求失败: error_code=10001011 msg=黑名单用户，请与管理员联系
2026-08-26 12:26:39,000 | WARNING | sh.600425 第3次请求失败: error_code=10001011 msg=黑名单用户，请与管理员联系
2026-08-26 12:26:40,765 | WARNING | sh.600416 重登失败，继续重试
2026-08-26 12:26:40,778 | WARNING | sh.600416 第3次请求失败: error_code=10001011 msg=黑名单用户，请与管理员联系
2026-08-26 12:26:42,709 | WARNING | sh.600390 重登失败，继续重试
2026-08-26 12:26:43,831 | WARNING | sh.600391 第1次请求失败: error_code=10001011 msg=黑名单用户，请与管理员联系
2026-08-26 12:26:45,119 | WARNING | sh.600425 重登失败，继续重试
2026-08-26 12:26:45,147 | WARNING | sh.600425 第4次请求失败: error_code=10001011 msg=黑名单用户，请与管理员联系
2026-08-26 12:26:45,276 | WARNING | sh.600400 重登失败，继续重试
2026-08-26 12:26:45,290 | WARNING | sh.600400 第4次请求失败: error_code=10001011 msg=黑名单用户，请与管理员联系
2026-08-26 12:26:46,126 | WARNING | sh.600391 重登失败，继续重试
2026-08-26 12:26:46,381 | WARNING | sh.600391 第2次请求失败: error_code=10001011 msg=黑名单用户，请与管理员联系
2026-08-26 12:26:46,870 | WARNING | sh.600416 重登失败，继续重试
2026-08-26 12:26:47,126 | WARNING | sh.600416 第4次请求失败: error_code=10001011 msg=黑名单用户，请与管理员联系
2026-08-26 12:26:50,602 | WARNING | sh.600391 重登失败，继续重试
2026-08-26 12:26:50,623 | WARNING | sh.600391 第3次请求失败: error_code=10001011 msg=黑名单用户，请与管理员联系
2026-08-26 12:26:53,199 | WARNING | sh.600425 重登失败，继续重试
2026-08-26 12:26:53,366 | WARNING | sh.600400 重登失败，继续重试
2026-08-26 12:26:53,381 | WARNING | sh.600400 第5次请求失败: error_code=10001011 msg=黑名单用户，请与管理员联系
2026-08-26 12:26:53,430 | WARNING | sh.600425 第5次请求失败: error_code=10001011 msg=黑名单用户，请与管理员联系
2026-08-26 12:26:55,423 | WARNING | sh.600416 重登失败，继续重试
2026-08-26 12:26:55,451 | WARNING | sh.600416 第5次请求失败: error_code=10001011 msg=黑名单用户，请与管理员联系
2026-08-26 12:26:56,691 | WARNING | sh.600391 重登失败，继续重试
2026-08-26 12:26:56,706 | WARNING | sh.600391 第4次请求失败: error_code=10001011 msg=黑名单用户，请与管理员联系
2026-08-26 12:27:03,480 | WARNING | sh.600425 重登失败，继续重试
2026-08-26 12:27:03,498 | WARNING | sh.600426 第1次请求失败: error_code=10001011 msg=黑名单用户，请与管理员联系
2026-08-26 12:27:04,800 | WARNING | sh.600391 重登失败，继续重试
2026-08-26 12:27:04,822 | WARNING | sh.600391 第5次请求失败: error_code=10001011 msg=黑名单用户，请与管理员联系
2026-08-26 12:27:05,213 | WARNING | sh.600400 重登失败，继续重试
2026-08-26 12:27:05,228 | WARNING | sh.600403 第1次请求失败: error_code=10001011 msg=黑名单用户，请与管理员联系
2026-08-26 12:27:05,507 | WARNING | sh.600416 重登失败，继续重试
2026-08-26 12:27:05,524 | WARNING | sh.600418 第1次请求失败: error_code=10001011 msg=黑名单用户，请与管理员联系
2026-08-26 12:27:05,773 | WARNING | sh.600426 重登失败，继续重试
2026-08-26 12:27:05,787 | WARNING | sh.600426 第2次请求失败: error_code=10001011 msg=黑名单用户，请与管理员联系
2026-08-26 12:27:07,460 | WARNING | sh.600403 重登失败，继续重试
2026-08-26 12:27:07,483 | WARNING | sh.600403 第2次请求失败: error_code=10001011 msg=黑名单用户，请与管理员联系
2026-08-26 12:27:07,941 | WARNING | sh.600418 重登失败，继续重试
2026-08-26 12:27:07,961 | WARNING | sh.600418 第2次请求失败: error_code=10001011 msg=黑名单用户，请与管理员联系
2026-08-26 12:27:10,898 | WARNING | sh.600426 重登失败，继续重试
2026-08-26 12:27:10,912 | WARNING | sh.600426 第3次请求失败: error_code=10001011 msg=黑名单用户，请与管理员联系
2026-08-26 12:27:11,539 | WARNING | sh.600403 重登失败，继续重试
2026-08-26 12:27:11,553 | WARNING | sh.600403 第3次请求失败: error_code=10001011 msg=黑名单用户，请与管理员联系
2026-08-26 12:27:12,220 | WARNING | sh.600418 重登失败，继续重试
2026-08-26 12:27:12,241 | WARNING | sh.600418 第3次请求失败: error_code=10001011 msg=黑名单用户，请与管理员联系
2026-08-26 12:27:14,891 | WARNING | sh.600391 重登失败，继续重试
2026-08-26 12:27:14,914 | WARNING | sh.600392 第1次请求失败: error_code=10001011 msg=黑名单用户，请与管理员联系
2026-08-26 12:27:17,463 | WARNING | sh.600426 重登失败，继续重试
2026-08-26 12:27:17,477 | WARNING | sh.600426 第4次请求失败: error_code=10001011 msg=黑名单用户，请与管理员联系
2026-08-26 12:27:17,605 | WARNING | sh.600403 重登失败，继续重试
2026-08-26 12:27:17,623 | WARNING | sh.600403 第4次请求失败: error_code=10001011 msg=黑名单用户，请与管理员联系
2026-08-26 12:27:18,247 | WARNING | sh.600392 重登失败，继续重试
2026-08-26 12:27:18,265 | WARNING | sh.600392 第2次请求失败: error_code=10001011 msg=黑名单用户，请与管理员联系
2026-08-26 12:27:18,315 | WARNING | sh.600418 重登失败，继续重试
2026-08-26 12:27:18,329 | WARNING | sh.600418 第4次请求失败: error_code=10001011 msg=黑名单用户，请与管理员联系
2026-08-26 12:27:23,272 | WARNING | sh.600392 重登失败，继续重试
2026-08-26 12:27:23,333 | WARNING | sh.600392 第3次请求失败: error_code=10001011 msg=黑名单用户，请与管理员联系
2026-08-26 12:27:26,059 | WARNING | sh.600403 重登失败，继续重试
2026-08-26 12:27:26,081 | WARNING | sh.600403 第5次请求失败: error_code=10001011 msg=黑名单用户，请与管理员联系
2026-08-26 12:27:26,328 | WARNING | sh.600426 重登失败，继续重试
2026-08-26 12:27:26,350 | WARNING | sh.600426 第5次请求失败: error_code=10001011 msg=黑名单用户，请与管理员联系
2026-08-26 12:27:26,957 | WARNING | sh.600418 重登失败，继续重试
2026-08-26 12:27:27,160 | WARNING | sh.600418 第5次请求失败: error_code=10001011 msg=黑名单用户，请与管理员联系
2026-08-26 12:27:29,398 | WARNING | sh.600392 重登失败，继续重试
2026-08-26 12:27:29,416 | WARNING | sh.600392 第4次请求失败: error_code=10001011 msg=黑名单用户，请与管理员联系
2026-08-26 12:27:36,385 | WARNING | sh.600403 重登失败，继续重试
2026-08-26 12:27:36,400 | WARNING | sh.600405 第1次请求失败: error_code=10001011 msg=黑名单用户，请与管理员联系
2026-08-26 12:27:36,631 | WARNING | sh.600426 重登失败，继续重试
2026-08-26 12:27:36,889 | WARNING | sh.600428 第1次请求失败: error_code=10001011 msg=黑名单用户，请与管理员联系
2026-08-26 12:27:37,230 | WARNING | sh.600418 重登失败，继续重试
2026-08-26 12:27:37,248 | WARNING | sh.600419 第1次请求失败: error_code=10001011 msg=黑名单用户，请与管理员联系
2026-08-26 12:27:37,484 | WARNING | sh.600392 重登失败，继续重试
2026-08-26 12:27:37,499 | WARNING | sh.600392 第5次请求失败: error_code=10001011 msg=黑名单用户，请与管理员联系
2026-08-26 12:27:38,542 | WARNING | sh.600405 重登失败，继续重试
2026-08-26 12:27:38,561 | WARNING | sh.600405 第2次请求失败: error_code=10001011 msg=黑名单用户，请与管理员联系
2026-08-26 12:27:38,959 | WARNING | sh.600428 重登失败，继续重试
2026-08-26 12:27:38,976 | WARNING | sh.600428 第2次请求失败: error_code=10001011 msg=黑名单用户，请与管理员联系
2026-08-26 12:27:39,308 | WARNING | sh.600419 重登失败，继续重试
2026-08-26 12:27:39,326 | WARNING | sh.600419 第2次请求失败: error_code=10001011 msg=黑名单用户，请与管理员联系
2026-08-26 12:27:42,618 | WARNING | sh.600405 重登失败，继续重试
2026-08-26 12:27:42,645 | WARNING | sh.600405 第3次请求失败: error_code=10001011 msg=黑名单用户，请与管理员联系
2026-08-26 12:27:43,295 | WARNING | sh.600428 重登失败，继续重试
2026-08-26 12:27:43,310 | WARNING | sh.600428 第3次请求失败: error_code=10001011 msg=黑名单用户，请与管理员联系
2026-08-26 12:27:43,759 | WARNING | sh.600419 重登失败，继续重试
2026-08-26 12:27:43,988 | WARNING | sh.600419 第3次请求失败: error_code=10001011 msg=黑名单用户，请与管理员联系
2026-08-26 12:27:47,775 | WARNING | sh.600392 重登失败，继续重试
2026-08-26 12:27:47,789 | WARNING | sh.600395 第1次请求失败: error_code=10001011 msg=黑名单用户，请与管理员联系
2026-08-26 12:27:49,356 | WARNING | sh.600428 重登失败，继续重试
2026-08-26 12:27:49,371 | WARNING | sh.600428 第4次请求失败: error_code=10001011 msg=黑名单用户，请与管理员联系
2026-08-26 12:27:49,717 | WARNING | sh.600405 重登失败，继续重试
2026-08-26 12:27:49,738 | WARNING | sh.600405 第4次请求失败: error_code=10001011 msg=黑名单用户，请与管理员联系
2026-08-26 12:27:49,926 | WARNING | sh.600395 重登失败，继续重试
2026-08-26 12:27:49,943 | WARNING | sh.600395 第2次请求失败: error_code=10001011 msg=黑名单用户，请与管理员联系
2026-08-26 12:27:50,083 | WARNING | sh.600419 重登失败，继续重试
2026-08-26 12:27:50,141 | WARNING | sh.600419 第4次请求失败: error_code=10001011 msg=黑名单用户，请与管理员联系
2026-08-26 12:27:54,016 | WARNING | sh.600395 重登失败，继续重试
2026-08-26 12:27:54,071 | WARNING | sh.600395 第3次请求失败: error_code=10001011 msg=黑名单用户，请与管理员联系
2026-08-26 12:27:57,443 | WARNING | sh.600428 重登失败，继续重试
2026-08-26 12:27:57,458 | WARNING | sh.600428 第5次请求失败: error_code=10001011 msg=黑名单用户，请与管理员联系
2026-08-26 12:27:58,204 | WARNING | sh.600419 重登失败，继续重试
2026-08-26 12:27:58,220 | WARNING | sh.600419 第5次请求失败: error_code=10001011 msg=黑名单用户，请与管理员联系
2026-08-26 12:27:58,286 | WARNING | sh.600405 重登失败，继续重试
2026-08-26 12:27:58,317 | WARNING | sh.600405 第5次请求失败: error_code=10001011 msg=黑名单用户，请与管理员联系
2026-08-26 12:28:00,161 | WARNING | sh.600395 重登失败，继续重试
2026-08-26 12:28:00,178 | WARNING | sh.600395 第4次请求失败: error_code=10001011 msg=黑名单用户，请与管理员联系
2026-08-26 12:28:07,750 | WARNING | sh.600428 重登失败，继续重试
2026-08-26 12:28:07,920 | WARNING | sh.600429 第1次请求失败: error_code=10001011 msg=黑名单用户，请与管理员联系
2026-08-26 12:28:08,292 | WARNING | sh.600419 重登失败，继续重试
2026-08-26 12:28:08,311 | WARNING | sh.600420 第1次请求失败: error_code=10001011 msg=黑名单用户，请与管理员联系
2026-08-26 12:28:08,462 | WARNING | sh.600405 重登失败，继续重试
2026-08-26 12:28:08,479 | WARNING | sh.600406 第1次请求失败: error_code=10001011 msg=黑名单用户，请与管理员联系
2026-08-26 12:28:08,586 | WARNING | sh.600395 重登失败，继续重试
2026-08-26 12:28:08,604 | WARNING | sh.600395 第5次请求失败: error_code=10001011 msg=黑名单用户，请与管理员联系
2026-08-26 12:28:09,996 | WARNING | sh.600429 重登失败，继续重试
2026-08-26 12:28:10,013 | WARNING | sh.600429 第2次请求失败: error_code=10001011 msg=黑名单用户，请与管理员联系
2026-08-26 12:28:10,418 | WARNING | sh.600420 重登失败，继续重试
2026-08-26 12:28:10,436 | WARNING | sh.600420 第2次请求失败: error_code=10001011 msg=黑名单用户，请与管理员联系
2026-08-26 12:28:10,536 | WARNING | sh.600406 重登失败，继续重试
2026-08-26 12:28:10,551 | WARNING | sh.600406 第2次请求失败: error_code=10001011 msg=黑名单用户，请与管理员联系
2026-08-26 12:28:14,088 | WARNING | sh.600429 重登失败，继续重试
2026-08-26 12:28:14,106 | WARNING | sh.600429 第3次请求失败: error_code=10001011 msg=黑名单用户，请与管理员联系
2026-08-26 12:28:14,623 | WARNING | sh.600420 重登失败，继续重试
2026-08-26 12:28:14,855 | WARNING | sh.600420 第3次请求失败: error_code=10001011 msg=黑名单用户，请与管理员联系
2026-08-26 12:28:15,124 | WARNING | sh.600406 重登失败，继续重试
2026-08-26 12:28:15,151 | WARNING | sh.600406 第3次请求失败: error_code=10001011 msg=黑名单用户，请与管理员联系
2026-08-26 12:28:18,834 | WARNING | sh.600395 重登失败，继续重试
2026-08-26 12:28:18,954 | WARNING | sh.600396 第1次请求失败: error_code=10001011 msg=黑名单用户，请与管理员联系
2026-08-26 12:28:20,169 | WARNING | sh.600429 重登失败，继续重试
2026-08-26 12:28:20,188 | WARNING | sh.600429 第4次请求失败: error_code=10001011 msg=黑名单用户，请与管理员联系
2026-08-26 12:28:21,010 | WARNING | sh.600396 重登失败，继续重试
2026-08-26 12:28:21,192 | WARNING | sh.600406 重登失败，继续重试
2026-08-26 12:28:21,207 | WARNING | sh.600406 第4次请求失败: error_code=10001011 msg=黑名单用户，请与管理员联系
2026-08-26 12:28:21,239 | WARNING | sh.600396 第2次请求失败: error_code=10001011 msg=黑名单用户，请与管理员联系
2026-08-26 12:28:21,777 | WARNING | sh.600420 重登失败，继续重试
2026-08-26 12:28:21,792 | WARNING | sh.600420 第4次请求失败: error_code=10001011 msg=黑名单用户，请与管理员联系
2026-08-26 12:28:26,319 | WARNING | sh.600396 重登失败，继续重试
2026-08-26 12:28:26,336 | WARNING | sh.600396 第3次请求失败: error_code=10001011 msg=黑名单用户，请与管理员联系
2026-08-26 12:28:28,342 | WARNING | sh.600429 重登失败，继续重试
2026-08-26 12:28:28,360 | WARNING | sh.600429 第5次请求失败: error_code=10001011 msg=黑名单用户，请与管理员联系
2026-08-26 12:28:29,277 | WARNING | sh.600406 重登失败，继续重试
2026-08-26 12:28:29,295 | WARNING | sh.600406 第5次请求失败: error_code=10001011 msg=黑名单用户，请与管理员联系
2026-08-26 12:28:29,872 | WARNING | sh.600420 重登失败，继续重试
2026-08-26 12:28:29,891 | WARNING | sh.600420 第5次请求失败: error_code=10001011 msg=黑名单用户，请与管理员联系
2026-08-26 12:28:32,637 | WARNING | sh.600396 重登失败，继续重试
2026-08-26 12:28:32,653 | WARNING | sh.600396 第4次请求失败: error_code=10001011 msg=黑名单用户，请与管理员联系
2026-08-26 12:28:39,427 | WARNING | sh.600406 重登失败，继续重试
2026-08-26 12:28:39,438 | WARNING | sh.600429 重登失败，继续重试
2026-08-26 12:28:39,445 | WARNING | sh.600408 第1次请求失败: error_code=10001011 msg=黑名单用户，请与管理员联系
2026-08-26 12:28:39,455 | WARNING | sh.600433 第1次请求失败: error_code=10001011 msg=黑名单用户，请与管理员联系
2026-08-26 12:28:40,346 | WARNING | sh.600420 重登失败，继续重试
2026-08-26 12:28:40,360 | WARNING | sh.600422 第1次请求失败: error_code=10001011 msg=黑名单用户，请与管理员联系
2026-08-26 12:28:40,872 | WARNING | sh.600396 重登失败，继续重试
2026-08-26 12:28:40,902 | WARNING | sh.600396 第5次请求失败: error_code=10001011 msg=黑名单用户，请与管理员联系
2026-08-26 12:28:41,525 | WARNING | sh.600433 重登失败，继续重试
2026-08-26 12:28:41,546 | WARNING | sh.600433 第2次请求失败: error_code=10001011 msg=黑名单用户，请与管理员联系
2026-08-26 12:28:42,129 | WARNING | sh.600408 重登失败，继续重试
2026-08-26 12:28:42,149 | WARNING | sh.600408 第2次请求失败: error_code=10001011 msg=黑名单用户，请与管理员联系
2026-08-26 12:28:42,639 | WARNING | sh.600422 重登失败，继续重试
2026-08-26 12:28:42,657 | WARNING | sh.600422 第2次请求失败: error_code=10001011 msg=黑名单用户，请与管理员联系
2026-08-26 12:28:45,892 | WARNING | sh.600433 重登失败，继续重试
2026-08-26 12:28:45,910 | WARNING | sh.600433 第3次请求失败: error_code=10001011 msg=黑名单用户，请与管理员联系
2026-08-26 12:28:46,234 | WARNING | sh.600408 重登失败，继续重试
2026-08-26 12:28:46,253 | WARNING | sh.600408 第3次请求失败: error_code=10001011 msg=黑名单用户，请与管理员联系
2026-08-26 12:28:46,955 | WARNING | sh.600422 重登失败，继续重试
2026-08-26 12:28:46,988 | WARNING | sh.600422 第3次请求失败: error_code=10001011 msg=黑名单用户，请与管理员联系
2026-08-26 12:28:51,314 | WARNING | sh.600396 重登失败，继续重试
2026-08-26 12:28:51,315 | ERROR | [289/5212] sh.600386 sh.600386 下载失败(重试5次): error_code=10001011 msg=黑名单用户，请与管理员联系 下载失败: 北巴传媒
2026-08-26 12:28:51,315 | ERROR | [290/5212] sh.600388 sh.600388 下载失败(重试5次): error_code=10001011 msg=黑名单用户，请与管理员联系 下载失败: 紫金龙净
2026-08-26 12:28:51,315 | ERROR | [291/5212] sh.600389 sh.600389 下载失败(重试5次): error_code=10001011 msg=黑名单用户，请与管理员联系 下载失败: 江山股份
2026-08-26 12:28:51,315 | ERROR | [292/5212] sh.600390 sh.600390 下载失败(重试5次): error_code=10001011 msg=黑名单用户，请与管理员联系 下载失败: 五矿资本
2026-08-26 12:28:51,315 | ERROR | [293/5212] sh.600391 sh.600391 下载失败(重试5次): error_code=10001011 msg=黑名单用户，请与管理员联系 下载失败: 航发科技
2026-08-26 12:28:51,315 | ERROR | [294/5212] sh.600392 sh.600392 下载失败(重试5次): error_code=10001011 msg=黑名单用户，请与管理员联系 下载失败: 盛和资源
2026-08-26 12:28:51,315 | ERROR | [295/5212] sh.600395 sh.600395 下载失败(重试5次): error_code=10001011 msg=黑名单用户，请与管理员联系 下载失败: 盘江股份
2026-08-26 12:28:51,315 | ERROR | [296/5212] sh.600396 sh.600396 下载失败(重试5次): error_code=10001011 msg=黑名单用户，请与管理员联系 下载失败: 华电辽能
2026-08-26 12:28:51,329 | WARNING | sh.600438 第1次请求失败: error_code=10001011 msg=黑名单用户，请与管理员联系
2026-08-26 12:28:51,989 | WARNING | sh.600433 重登失败，继续重试
2026-08-26 12:28:52,007 | WARNING | sh.600433 第4次请求失败: error_code=10001011 msg=黑名单用户，请与管理员联系
2026-08-26 12:28:52,321 | WARNING | sh.600408 重登失败，继续重试
2026-08-26 12:28:52,346 | WARNING | sh.600408 第4次请求失败: error_code=10001011 msg=黑名单用户，请与管理员联系
2026-08-26 12:28:53,408 | WARNING | sh.600438 重登失败，继续重试
2026-08-26 12:28:53,430 | WARNING | sh.600438 第2次请求失败: error_code=10001011 msg=黑名单用户，请与管理员联系
2026-08-26 12:28:53,726 | WARNING | sh.600422 重登失败，继续重试
2026-08-26 12:28:53,948 | WARNING | sh.600422 第4次请求失败: error_code=10001011 msg=黑名单用户，请与管理员联系
2026-08-26 12:28:57,494 | WARNING | sh.600438 重登失败，继续重试
2026-08-26 12:28:57,508 | WARNING | sh.600438 第3次请求失败: error_code=10001011 msg=黑名单用户，请与管理员联系
2026-08-26 12:29:00,063 | WARNING | sh.600433 重登失败，继续重试
2026-08-26 12:29:00,079 | WARNING | sh.600433 第5次请求失败: error_code=10001011 msg=黑名单用户，请与管理员联系
2026-08-26 12:29:00,610 | WARNING | sh.600408 重登失败，继续重试
2026-08-26 12:29:00,847 | WARNING | sh.600408 第5次请求失败: error_code=10001011 msg=黑名单用户，请与管理员联系
2026-08-26 12:29:03,312 | WARNING | sh.600422 重登失败，继续重试
2026-08-26 12:29:03,327 | WARNING | sh.600422 第5次请求失败: error_code=10001011 msg=黑名单用户，请与管理员联系
2026-08-26 12:29:03,848 | WARNING | sh.600438 重登失败，继续重试
2026-08-26 12:29:03,863 | WARNING | sh.600438 第4次请求失败: error_code=10001011 msg=黑名单用户，请与管理员联系
2026-08-26 12:29:10,832 | WARNING | sh.600433 重登失败，继续重试
2026-08-26 12:29:10,916 | WARNING | sh.600408 重登失败，继续重试
2026-08-26 12:29:10,917 | ERROR | [297/5212] sh.600397 sh.600397 下载失败(重试5次): error_code=10001011 msg=黑名单用户，请与管理员联系 下载失败: 江钨装备
2026-08-26 12:29:10,917 | ERROR | [298/5212] sh.600398 sh.600398 下载失败(重试5次): error_code=10001011 msg=黑名单用户，请与管理员联系 下载失败: 海澜之家
2026-08-26 12:29:10,917 | ERROR | [299/5212] sh.600399 sh.600399 下载失败(重试5次): error_code=10001011 msg=黑名单用户，请与管理员联系 下载失败: 抚顺特钢
2026-08-26 12:29:10,917 | ERROR | [300/5212] sh.600400 sh.600400 下载失败(重试5次): error_code=10001011 msg=黑名单用户，请与管理员联系 下载失败: 红豆股份
2026-08-26 12:29:10,917 | ERROR | [301/5212] sh.600403 sh.600403 下载失败(重试5次): error_code=10001011 msg=黑名单用户，请与管理员联系 下载失败: 大有能源
2026-08-26 12:29:10,917 | ERROR | [302/5212] sh.600405 sh.600405 下载失败(重试5次): error_code=10001011 msg=黑名单用户，请与管理员联系 下载失败: 动力源
2026-08-26 12:29:10,917 | ERROR | [303/5212] sh.600406 sh.600406 下载失败(重试5次): error_code=10001011 msg=黑名单用户，请与管理员联系 下载失败: 国电南瑞
2026-08-26 12:29:10,917 | ERROR | [304/5212] sh.600408 sh.600408 下载失败(重试5次): error_code=10001011 msg=黑名单用户，请与管理员联系 下载失败: 安泰集团
2026-08-26 12:29:10,934 | WARNING | sh.600456 第1次请求失败: error_code=10001011 msg=黑名单用户，请与管理员联系
2026-08-26 12:29:11,429 | WARNING | sh.600435 第1次请求失败: error_code=10001011 msg=黑名单用户，请与管理员联系
2026-08-26 12:29:11,981 | WARNING | sh.600438 重登失败，继续重试
2026-08-26 12:29:11,999 | WARNING | sh.600438 第5次请求失败: error_code=10001011 msg=黑名单用户，请与管理员联系
2026-08-26 12:29:13,411 | WARNING | sh.600422 重登失败，继续重试
2026-08-26 12:29:13,411 | WARNING | sh.600456 重登失败，继续重试
2026-08-26 12:29:13,412 | ERROR | [305/5212] sh.600409 sh.600409 下载失败(重试5次): error_code=10001011 msg=黑名单用户，请与管理员联系 下载失败: 三友化工
2026-08-26 12:29:13,412 | ERROR | [306/5212] sh.600410 sh.600410 下载失败(重试5次): error_code=10001011 msg=黑名单用户，请与管理员联系 下载失败: 华胜天成
2026-08-26 12:29:13,412 | ERROR | [307/5212] sh.600415 sh.600415 下载失败(重试5次): error_code=10001011 msg=黑名单用户，请与管理员联系 下载失败: 小商品城
2026-08-26 12:29:13,412 | ERROR | [308/5212] sh.600416 sh.600416 下载失败(重试5次): error_code=10001011 msg=黑名单用户，请与管理员联系 下载失败: 湘电股份
2026-08-26 12:29:13,412 | ERROR | [309/5212] sh.600418 sh.600418 下载失败(重试5次): error_code=10001011 msg=黑名单用户，请与管理员联系 下载失败: 江淮汽车
2026-08-26 12:29:13,412 | ERROR | [310/5212] sh.600419 sh.600419 下载失败(重试5次): error_code=10001011 msg=黑名单用户，请与管理员联系 下载失败: 天润乳业
2026-08-26 12:29:13,412 | ERROR | [311/5212] sh.600420 sh.600420 下载失败(重试5次): error_code=10001011 msg=黑名单用户，请与管理员联系 下载失败: 国药现代
2026-08-26 12:29:13,412 | ERROR | [312/5212] sh.600422 sh.600422 下载失败(重试5次): error_code=10001011 msg=黑名单用户，请与管理员联系 下载失败: 昆药集团
2026-08-26 12:29:13,425 | WARNING | sh.600456 第2次请求失败: error_code=10001011 msg=黑名单用户，请与管理员联系
2026-08-26 12:29:13,443 | WARNING | sh.600469 第1次请求失败: error_code=10001011 msg=黑名单用户，请与管理员联系
2026-08-26 12:29:14,004 | WARNING | sh.600435 重登失败，继续重试
2026-08-26 12:29:14,021 | WARNING | sh.600435 第2次请求失败: error_code=10001011 msg=黑名单用户，请与管理员联系
2026-08-26 12:29:15,549 | WARNING | sh.600469 重登失败，继续重试
2026-08-26 12:29:15,571 | WARNING | sh.600469 第2次请求失败: error_code=10001011 msg=黑名单用户，请与管理员联系
2026-08-26 12:29:17,750 | WARNING | sh.600456 重登失败，继续重试
2026-08-26 12:29:17,769 | WARNING | sh.600456 第3次请求失败: error_code=10001011 msg=黑名单用户，请与管理员联系
2026-08-26 12:29:18,092 | WARNING | sh.600435 重登失败，继续重试
2026-08-26 12:29:18,321 | WARNING | sh.600435 第3次请求失败: error_code=10001011 msg=黑名单用户，请与管理员联系
2026-08-26 12:29:19,710 | WARNING | sh.600469 重登失败，继续重试
2026-08-26 12:29:19,725 | WARNING | sh.600469 第3次请求失败: error_code=10001011 msg=黑名单用户，请与管理员联系
2026-08-26 12:29:22,527 | WARNING | sh.600438 重登失败，继续重试
2026-08-26 12:29:22,780 | WARNING | sh.600439 第1次请求失败: error_code=10001011 msg=黑名单用户，请与管理员联系
2026-08-26 12:29:23,825 | WARNING | sh.600456 重登失败，继续重试
2026-08-26 12:29:23,841 | WARNING | sh.600456 第4次请求失败: error_code=10001011 msg=黑名单用户，请与管理员联系
2026-08-26 12:29:24,387 | WARNING | sh.600435 重登失败，继续重试
2026-08-26 12:29:24,401 | WARNING | sh.600435 第4次请求失败: error_code=10001011 msg=黑名单用户，请与管理员联系
2026-08-26 12:29:25,052 | WARNING | sh.600439 重登失败，继续重试
2026-08-26 12:29:25,070 | WARNING | sh.600439 第2次请求失败: error_code=10001011 msg=黑名单用户，请与管理员联系
2026-08-26 12:29:25,769 | WARNING | sh.600469 重登失败，继续重试
2026-08-26 12:29:26,004 | WARNING | sh.600469 第4次请求失败: error_code=10001011 msg=黑名单用户，请与管理员联系
2026-08-26 12:29:29,313 | WARNING | sh.600439 重登失败，继续重试
2026-08-26 12:29:29,335 | WARNING | sh.600439 第3次请求失败: error_code=10001011 msg=黑名单用户，请与管理员联系
2026-08-26 12:29:32,279 | WARNING | sh.600456 重登失败，继续重试
2026-08-26 12:29:32,443 | WARNING | sh.600435 重登失败，继续重试
2026-08-26 12:29:32,458 | WARNING | sh.600435 第5次请求失败: error_code=10001011 msg=黑名单用户，请与管理员联系
2026-08-26 12:29:32,514 | WARNING | sh.600456 第5次请求失败: error_code=10001011 msg=黑名单用户，请与管理员联系
2026-08-26 12:29:34,084 | WARNING | sh.600469 重登失败，继续重试
2026-08-26 12:29:34,111 | WARNING | sh.600469 第5次请求失败: error_code=10001011 msg=黑名单用户，请与管理员联系
2026-08-26 12:29:35,395 | WARNING | sh.600439 重登失败，继续重试
2026-08-26 12:29:35,411 | WARNING | sh.600439 第4次请求失败: error_code=10001011 msg=黑名单用户，请与管理员联系
2026-08-26 12:29:42,514 | WARNING | sh.600435 重登失败，继续重试
2026-08-26 12:29:42,530 | WARNING | sh.600436 第1次请求失败: error_code=10001011 msg=黑名单用户，请与管理员联系
2026-08-26 12:29:42,608 | WARNING | sh.600456 重登失败，继续重试
2026-08-26 12:29:42,821 | WARNING | sh.600458 第1次请求失败: error_code=10001011 msg=黑名单用户，请与管理员联系
2026-08-26 12:29:43,509 | WARNING | sh.600439 重登失败，继续重试
2026-08-26 12:29:43,529 | WARNING | sh.600439 第5次请求失败: error_code=10001011 msg=黑名单用户，请与管理员联系
2026-08-26 12:29:44,177 | WARNING | sh.600469 重登失败，继续重试
2026-08-26 12:29:44,196 | WARNING | sh.600470 第1次请求失败: error_code=10001011 msg=黑名单用户，请与管理员联系
2026-08-26 12:29:44,583 | WARNING | sh.600436 重登失败，继续重试
2026-08-26 12:29:44,599 | WARNING | sh.600436 第2次请求失败: error_code=10001011 msg=黑名单用户，请与管理员联系
2026-08-26 12:29:45,124 | WARNING | sh.600458 重登失败，继续重试
2026-08-26 12:29:45,144 | WARNING | sh.600458 第2次请求失败: error_code=10001011 msg=黑名单用户，请与管理员联系
2026-08-26 12:29:46,264 | WARNING | sh.600470 重登失败，继续重试
2026-08-26 12:29:46,312 | WARNING | sh.600470 第2次请求失败: error_code=10001011 msg=黑名单用户，请与管理员联系
2026-08-26 12:29:49,217 | WARNING | sh.600458 重登失败，继续重试
2026-08-26 12:29:49,249 | WARNING | sh.600458 第3次请求失败: error_code=10001011 msg=黑名单用户，请与管理员联系
2026-08-26 12:29:49,315 | WARNING | sh.600436 重登失败，继续重试
2026-08-26 12:29:49,333 | WARNING | sh.600436 第3次请求失败: error_code=10001011 msg=黑名单用户，请与管理员联系
2026-08-26 12:29:50,885 | WARNING | sh.600470 重登失败，继续重试
2026-08-26 12:29:50,928 | WARNING | sh.600470 第3次请求失败: error_code=10001011 msg=黑名单用户，请与管理员联系
2026-08-26 12:29:53,595 | WARNING | sh.600439 重登失败，继续重试
2026-08-26 12:29:53,610 | WARNING | sh.600444 第1次请求失败: error_code=10001011 msg=黑名单用户，请与管理员联系
2026-08-26 12:29:55,386 | WARNING | sh.600436 重登失败，继续重试
2026-08-26 12:29:55,405 | WARNING | sh.600436 第4次请求失败: error_code=10001011 msg=黑名单用户，请与管理员联系
2026-08-26 12:29:55,675 | WARNING | sh.600444 重登失败，继续重试
2026-08-26 12:29:55,695 | WARNING | sh.600444 第2次请求失败: error_code=10001011 msg=黑名单用户，请与管理员联系
2026-08-26 12:29:55,830 | WARNING | sh.600458 重登失败，继续重试
2026-08-26 12:29:56,163 | WARNING | sh.600458 第4次请求失败: error_code=10001011 msg=黑名单用户，请与管理员联系
2026-08-26 12:29:57,017 | WARNING | sh.600470 重登失败，继续重试
2026-08-26 12:29:57,032 | WARNING | sh.600470 第4次请求失败: error_code=10001011 msg=黑名单用户，请与管理员联系
2026-08-26 12:30:01,125 | WARNING | sh.600444 重登失败，继续重试
2026-08-26 12:30:01,582 | WARNING | sh.600444 第3次请求失败: error_code=10001011 msg=黑名单用户，请与管理员联系
2026-08-26 12:30:03,721 | WARNING | sh.600436 重登失败，继续重试
2026-08-26 12:30:04,254 | WARNING | sh.600458 重登失败，继续重试
2026-08-26 12:30:04,276 | WARNING | sh.600458 第5次请求失败: error_code=10001011 msg=黑名单用户，请与管理员联系
2026-08-26 12:30:04,611 | WARNING | sh.600436 第5次请求失败: error_code=10001011 msg=黑名单用户，请与管理员联系
2026-08-26 12:30:06,328 | WARNING | sh.600470 重登失败，继续重试
2026-08-26 12:30:06,343 | WARNING | sh.600470 第5次请求失败: error_code=10001011 msg=黑名单用户，请与管理员联系
2026-08-26 12:30:07,647 | WARNING | sh.600444 重登失败，继续重试
2026-08-26 12:30:07,711 | WARNING | sh.600444 第4次请求失败: error_code=10001011 msg=黑名单用户，请与管理员联系
2026-08-26 12:30:14,349 | WARNING | sh.600458 重登失败，继续重试
2026-08-26 12:30:14,370 | WARNING | sh.600459 第1次请求失败: error_code=10001011 msg=黑名单用户，请与管理员联系
2026-08-26 12:30:14,667 | WARNING | sh.600436 重登失败，继续重试
2026-08-26 12:30:14,667 | ERROR | [313/5212] sh.600423 sh.600423 下载失败(重试5次): error_code=10001011 msg=黑名单用户，请与管理员联系 下载失败: *ST柳化
2026-08-26 12:30:14,667 | ERROR | [314/5212] sh.600425 sh.600425 下载失败(重试5次): error_code=10001011 msg=黑名单用户，请与管理员联系 下载失败: 青松建化
2026-08-26 12:30:14,667 | ERROR | [315/5212] sh.600426 sh.600426 下载失败(重试5次): error_code=10001011 msg=黑名单用户，请与管理员联系 下载失败: 华鲁恒升
2026-08-26 12:30:14,667 | ERROR | [316/5212] sh.600428 sh.600428 下载失败(重试5次): error_code=10001011 msg=黑名单用户，请与管理员联系 下载失败: 中远海特
2026-08-26 12:30:14,667 | ERROR | [317/5212] sh.600429 sh.600429 下载失败(重试5次): error_code=10001011 msg=黑名单用户，请与管理员联系 下载失败: 三元股份
2026-08-26 12:30:14,667 | ERROR | [318/5212] sh.600433 sh.600433 下载失败(重试5次): error_code=10001011 msg=黑名单用户，请与管理员联系 下载失败: 冠豪高新
2026-08-26 12:30:14,667 | ERROR | [319/5212] sh.600435 sh.600435 下载失败(重试5次): error_code=10001011 msg=黑名单用户，请与管理员联系 下载失败: 北方导航
2026-08-26 12:30:14,668 | ERROR | [320/5212] sh.600436 sh.600436 下载失败(重试5次): error_code=10001011 msg=黑名单用户，请与管理员联系 下载失败: 片仔癀
2026-08-26 12:30:14,681 | WARNING | sh.600481 第1次请求失败: error_code=10001011 msg=黑名单用户，请与管理员联系
2026-08-26 12:30:15,802 | WARNING | sh.600444 重登失败，继续重试
2026-08-26 12:30:15,821 | WARNING | sh.600444 第5次请求失败: error_code=10001011 msg=黑名单用户，请与管理员联系
2026-08-26 12:30:16,670 | WARNING | sh.600459 重登失败，继续重试
2026-08-26 12:30:16,687 | WARNING | sh.600459 第2次请求失败: error_code=10001011 msg=黑名单用户，请与管理员联系
2026-08-26 12:30:16,726 | WARNING | sh.600481 重登失败，继续重试
2026-08-26 12:30:16,740 | WARNING | sh.600481 第2次请求失败: error_code=10001011 msg=黑名单用户，请与管理员联系
2026-08-26 12:30:17,414 | WARNING | sh.600470 重登失败，继续重试
2026-08-26 12:30:17,655 | WARNING | sh.600475 第1次请求失败: error_code=10001011 msg=黑名单用户，请与管理员联系
2026-08-26 12:30:20,156 | WARNING | sh.600475 重登失败，继续重试
2026-08-26 12:30:20,180 | WARNING | sh.600475 第2次请求失败: error_code=10001011 msg=黑名单用户，请与管理员联系
2026-08-26 12:30:20,820 | WARNING | sh.600481 重登失败，继续重试
2026-08-26 12:30:20,842 | WARNING | sh.600481 第3次请求失败: error_code=10001011 msg=黑名单用户，请与管理员联系
2026-08-26 12:30:20,910 | WARNING | sh.600459 重登失败，继续重试
2026-08-26 12:30:20,926 | WARNING | sh.600459 第3次请求失败: error_code=10001011 msg=黑名单用户，请与管理员联系
2026-08-26 12:30:24,465 | WARNING | sh.600475 重登失败，继续重试
2026-08-26 12:30:24,485 | WARNING | sh.600475 第3次请求失败: error_code=10001011 msg=黑名单用户，请与管理员联系
2026-08-26 12:30:25,872 | WARNING | sh.600444 重登失败，继续重试
2026-08-26 12:30:25,887 | WARNING | sh.600446 第1次请求失败: error_code=10001011 msg=黑名单用户，请与管理员联系
2026-08-26 12:30:26,994 | WARNING | sh.600459 重登失败，继续重试
2026-08-26 12:30:27,016 | WARNING | sh.600459 第4次请求失败: error_code=10001011 msg=黑名单用户，请与管理员联系
2026-08-26 12:30:27,118 | WARNING | sh.600481 重登失败，继续重试
2026-08-26 12:30:27,145 | WARNING | sh.600481 第4次请求失败: error_code=10001011 msg=黑名单用户，请与管理员联系
2026-08-26 12:30:27,970 | WARNING | sh.600446 重登失败，继续重试
2026-08-26 12:30:28,270 | WARNING | sh.600446 第2次请求失败: error_code=10001011 msg=黑名单用户，请与管理员联系
2026-08-26 12:30:31,648 | WARNING | sh.600475 重登失败，继续重试
2026-08-26 12:30:31,671 | WARNING | sh.600475 第4次请求失败: error_code=10001011 msg=黑名单用户，请与管理员联系
2026-08-26 12:30:32,374 | WARNING | sh.600446 重登失败，继续重试
2026-08-26 12:30:32,393 | WARNING | sh.600446 第3次请求失败: error_code=10001011 msg=黑名单用户，请与管理员联系
2026-08-26 12:30:35,208 | WARNING | sh.600481 重登失败，继续重试
2026-08-26 12:30:35,226 | WARNING | sh.600481 第5次请求失败: error_code=10001011 msg=黑名单用户，请与管理员联系
2026-08-26 12:30:35,732 | WARNING | sh.600459 重登失败，继续重试
2026-08-26 12:30:35,752 | WARNING | sh.600459 第5次请求失败: error_code=10001011 msg=黑名单用户，请与管理员联系
2026-08-26 12:30:38,445 | WARNING | sh.600446 重登失败，继续重试
2026-08-26 12:30:38,462 | WARNING | sh.600446 第4次请求失败: error_code=10001011 msg=黑名单用户，请与管理员联系
2026-08-26 12:30:39,766 | WARNING | sh.600475 重登失败，继续重试
2026-08-26 12:30:39,784 | WARNING | sh.600475 第5次请求失败: error_code=10001011 msg=黑名单用户，请与管理员联系
2026-08-26 12:30:45,533 | WARNING | sh.600481 重登失败，继续重试
2026-08-26 12:30:45,550 | WARNING | sh.600482 第1次请求失败: error_code=10001011 msg=黑名单用户，请与管理员联系
2026-08-26 12:30:45,826 | WARNING | sh.600459 重登失败，继续重试
2026-08-26 12:30:45,843 | WARNING | sh.600460 第1次请求失败: error_code=10001011 msg=黑名单用户，请与管理员联系
2026-08-26 12:30:46,621 | WARNING | sh.600446 重登失败，继续重试
2026-08-26 12:30:46,685 | WARNING | sh.600446 第5次请求失败: error_code=10001011 msg=黑名单用户，请与管理员联系
2026-08-26 12:30:47,618 | WARNING | sh.600482 重登失败，继续重试
2026-08-26 12:30:47,635 | WARNING | sh.600482 第2次请求失败: error_code=10001011 msg=黑名单用户，请与管理员联系
2026-08-26 12:30:47,892 | WARNING | sh.600460 重登失败，继续重试
2026-08-26 12:30:47,906 | WARNING | sh.600460 第2次请求失败: error_code=10001011 msg=黑名单用户，请与管理员联系
2026-08-26 12:30:50,082 | WARNING | sh.600475 重登失败，继续重试
2026-08-26 12:30:50,102 | WARNING | sh.600476 第1次请求失败: error_code=10001011 msg=黑名单用户，请与管理员联系
2026-08-26 12:30:52,232 | WARNING | sh.600460 重登失败，继续重试
2026-08-26 12:30:52,246 | WARNING | sh.600460 第3次请求失败: error_code=10001011 msg=黑名单用户，请与管理员联系
2026-08-26 12:30:52,687 | WARNING | sh.600482 重登失败，继续重试
2026-08-26 12:30:52,702 | WARNING | sh.600482 第3次请求失败: error_code=10001011 msg=黑名单用户，请与管理员联系
2026-08-26 12:30:52,829 | WARNING | sh.600476 重登失败，继续重试
2026-08-26 12:30:53,060 | WARNING | sh.600476 第2次请求失败: error_code=10001011 msg=黑名单用户，请与管理员联系
2026-08-26 12:30:57,125 | WARNING | sh.600476 重登失败，继续重试
2026-08-26 12:30:57,363 | WARNING | sh.600476 第3次请求失败: error_code=10001011 msg=黑名单用户，请与管理员联系
2026-08-26 12:30:57,820 | WARNING | sh.600446 重登失败，继续重试
2026-08-26 12:30:57,837 | WARNING | sh.600448 第1次请求失败: error_code=10001011 msg=黑名单用户，请与管理员联系
2026-08-26 12:30:58,512 | WARNING | sh.600460 重登失败，继续重试
2026-08-26 12:30:58,538 | WARNING | sh.600460 第4次请求失败: error_code=10001011 msg=黑名单用户，请与管理员联系
2026-08-26 12:30:58,777 | WARNING | sh.600482 重登失败，继续重试
2026-08-26 12:30:58,796 | WARNING | sh.600482 第4次请求失败: error_code=10001011 msg=黑名单用户，请与管理员联系
2026-08-26 12:30:59,903 | WARNING | sh.600448 重登失败，继续重试
2026-08-26 12:30:59,922 | WARNING | sh.600448 第2次请求失败: error_code=10001011 msg=黑名单用户，请与管理员联系
2026-08-26 12:31:03,450 | WARNING | sh.600476 重登失败，继续重试
2026-08-26 12:31:03,468 | WARNING | sh.600476 第4次请求失败: error_code=10001011 msg=黑名单用户，请与管理员联系
2026-08-26 12:31:04,636 | WARNING | sh.600448 重登失败，继续重试
2026-08-26 12:31:04,653 | WARNING | sh.600448 第3次请求失败: error_code=10001011 msg=黑名单用户，请与管理员联系
2026-08-26 12:31:06,629 | WARNING | sh.600460 重登失败，继续重试
2026-08-26 12:31:06,646 | WARNING | sh.600460 第5次请求失败: error_code=10001011 msg=黑名单用户，请与管理员联系
2026-08-26 12:31:06,861 | WARNING | sh.600482 重登失败，继续重试
2026-08-26 12:31:06,888 | WARNING | sh.600482 第5次请求失败: error_code=10001011 msg=黑名单用户，请与管理员联系
2026-08-26 12:31:10,723 | WARNING | sh.600448 重登失败，继续重试
2026-08-26 12:31:10,740 | WARNING | sh.600448 第4次请求失败: error_code=10001011 msg=黑名单用户，请与管理员联系
2026-08-26 12:31:11,538 | WARNING | sh.600476 重登失败，继续重试
2026-08-26 12:31:11,564 | WARNING | sh.600476 第5次请求失败: error_code=10001011 msg=黑名单用户，请与管理员联系
2026-08-26 12:31:17,431 | WARNING | sh.600482 重登失败，继续重试
2026-08-26 12:31:17,453 | WARNING | sh.600483 第1次请求失败: error_code=10001011 msg=黑名单用户，请与管理员联系
2026-08-26 12:31:17,723 | WARNING | sh.600460 重登失败，继续重试
2026-08-26 12:31:17,961 | WARNING | sh.600461 第1次请求失败: error_code=10001011 msg=黑名单用户，请与管理员联系
2026-08-26 12:31:19,033 | WARNING | sh.600448 重登失败，继续重试
2026-08-26 12:31:19,069 | WARNING | sh.600448 第5次请求失败: error_code=10001011 msg=黑名单用户，请与管理员联系
2026-08-26 12:31:19,551 | WARNING | sh.600483 重登失败，继续重试
2026-08-26 12:31:19,584 | WARNING | sh.600483 第2次请求失败: error_code=10001011 msg=黑名单用户，请与管理员联系
2026-08-26 12:31:20,037 | WARNING | sh.600461 重登失败，继续重试
2026-08-26 12:31:20,059 | WARNING | sh.600461 第2次请求失败: error_code=10001011 msg=黑名单用户，请与管理员联系
2026-08-26 12:31:21,642 | WARNING | sh.600476 重登失败，继续重试
2026-08-26 12:31:22,344 | WARNING | sh.600477 第1次请求失败: error_code=10001011 msg=黑名单用户，请与管理员联系
2026-08-26 12:31:23,832 | WARNING | sh.600483 重登失败，继续重试
2026-08-26 12:31:23,851 | WARNING | sh.600483 第3次请求失败: error_code=10001011 msg=黑名单用户，请与管理员联系
2026-08-26 12:31:24,361 | WARNING | sh.600461 重登失败，继续重试
2026-08-26 12:31:24,380 | WARNING | sh.600461 第3次请求失败: error_code=10001011 msg=黑名单用户，请与管理员联系
2026-08-26 12:31:24,401 | WARNING | sh.600477 重登失败，继续重试
2026-08-26 12:31:24,628 | WARNING | sh.600477 第2次请求失败: error_code=10001011 msg=黑名单用户，请与管理员联系
2026-08-26 12:31:28,693 | WARNING | sh.600477 重登失败，继续重试
2026-08-26 12:31:28,716 | WARNING | sh.600477 第3次请求失败: error_code=10001011 msg=黑名单用户，请与管理员联系
2026-08-26 12:31:29,379 | WARNING | sh.600448 重登失败，继续重试
2026-08-26 12:31:30,458 | WARNING | sh.600483 重登失败，继续重试
2026-08-26 12:31:30,477 | WARNING | sh.600483 第4次请求失败: error_code=10001011 msg=黑名单用户，请与管理员联系
2026-08-26 12:31:30,488 | WARNING | sh.600449 第1次请求失败: error_code=10001011 msg=黑名单用户，请与管理员联系
2026-08-26 12:31:30,667 | WARNING | sh.600461 重登失败，继续重试
2026-08-26 12:31:30,680 | WARNING | sh.600461 第4次请求失败: error_code=10001011 msg=黑名单用户，请与管理员联系
2026-08-26 12:31:32,762 | WARNING | sh.600449 重登失败，继续重试
2026-08-26 12:31:32,783 | WARNING | sh.600449 第2次请求失败: error_code=10001011 msg=黑名单用户，请与管理员联系
2026-08-26 12:31:35,150 | WARNING | sh.600477 重登失败，继续重试
2026-08-26 12:31:35,172 | WARNING | sh.600477 第4次请求失败: error_code=10001011 msg=黑名单用户，请与管理员联系
2026-08-26 12:31:36,912 | WARNING | sh.600449 重登失败，继续重试
2026-08-26 12:31:36,927 | WARNING | sh.600449 第3次请求失败: error_code=10001011 msg=黑名单用户，请与管理员联系
2026-08-26 12:31:38,582 | WARNING | sh.600483 重登失败，继续重试
2026-08-26 12:31:38,600 | WARNING | sh.600483 第5次请求失败: error_code=10001011 msg=黑名单用户，请与管理员联系
2026-08-26 12:31:38,950 | WARNING | sh.600461 重登失败，继续重试
2026-08-26 12:31:38,965 | WARNING | sh.600461 第5次请求失败: error_code=10001011 msg=黑名单用户，请与管理员联系
2026-08-26 12:31:43,499 | WARNING | sh.600477 重登失败，继续重试
2026-08-26 12:31:43,522 | WARNING | sh.600477 第5次请求失败: error_code=10001011 msg=黑名单用户，请与管理员联系
2026-08-26 12:31:43,989 | WARNING | sh.600449 重登失败，继续重试
2026-08-26 12:31:44,009 | WARNING | sh.600449 第4次请求失败: error_code=10001011 msg=黑名单用户，请与管理员联系
2026-08-26 12:31:48,825 | WARNING | sh.600483 重登失败，继续重试
2026-08-26 12:31:48,840 | WARNING | sh.600486 第1次请求失败: error_code=10001011 msg=黑名单用户，请与管理员联系
2026-08-26 12:31:49,034 | WARNING | sh.600461 重登失败，继续重试
2026-08-26 12:31:49,051 | WARNING | sh.600463 第1次请求失败: error_code=10001011 msg=黑名单用户，请与管理员联系
2026-08-26 12:31:50,913 | WARNING | sh.600486 重登失败，继续重试
2026-08-26 12:31:50,926 | WARNING | sh.600486 第2次请求失败: error_code=10001011 msg=黑名单用户，请与管理员联系
2026-08-26 12:31:51,847 | WARNING | sh.600463 重登失败，继续重试
2026-08-26 12:31:51,866 | WARNING | sh.600463 第2次请求失败: error_code=10001011 msg=黑名单用户，请与管理员联系
2026-08-26 12:31:52,164 | WARNING | sh.600449 重登失败，继续重试
2026-08-26 12:31:52,401 | WARNING | sh.600449 第5次请求失败: error_code=10001011 msg=黑名单用户，请与管理员联系
2026-08-26 12:31:53,637 | WARNING | sh.600477 重登失败，继续重试
2026-08-26 12:31:53,656 | WARNING | sh.600478 第1次请求失败: error_code=10001011 msg=黑名单用户，请与管理员联系
2026-08-26 12:31:55,758 | WARNING | sh.600486 重登失败，继续重试
2026-08-26 12:31:55,896 | WARNING | sh.600478 重登失败，继续重试
2026-08-26 12:31:55,914 | WARNING | sh.600478 第2次请求失败: error_code=10001011 msg=黑名单用户，请与管理员联系
2026-08-26 12:31:56,173 | WARNING | sh.600463 重登失败，继续重试
2026-08-26 12:31:56,188 | WARNING | sh.600463 第3次请求失败: error_code=10001011 msg=黑名单用户，请与管理员联系
2026-08-26 12:31:56,499 | WARNING | sh.600486 第3次请求失败: error_code=10001011 msg=黑名单用户，请与管理员联系
2026-08-26 12:31:59,983 | WARNING | sh.600478 重登失败，继续重试
2026-08-26 12:32:00,005 | WARNING | sh.600478 第3次请求失败: error_code=10001011 msg=黑名单用户，请与管理员联系
2026-08-26 12:32:02,326 | WARNING | sh.600463 重登失败，继续重试
2026-08-26 12:32:02,345 | WARNING | sh.600463 第4次请求失败: error_code=10001011 msg=黑名单用户，请与管理员联系
2026-08-26 12:32:03,288 | WARNING | sh.600486 重登失败，继续重试
2026-08-26 12:32:03,308 | WARNING | sh.600486 第4次请求失败: error_code=10001011 msg=黑名单用户，请与管理员联系
2026-08-26 12:32:05,223 | WARNING | sh.600449 重登失败，继续重试
2026-08-26 12:32:05,246 | WARNING | sh.600452 第1次请求失败: error_code=10001011 msg=黑名单用户，请与管理员联系
2026-08-26 12:32:06,071 | WARNING | sh.600478 重登失败，继续重试
2026-08-26 12:32:06,088 | WARNING | sh.600478 第4次请求失败: error_code=10001011 msg=黑名单用户，请与管理员联系
2026-08-26 12:32:07,337 | WARNING | sh.600452 重登失败，继续重试
2026-08-26 12:32:07,352 | WARNING | sh.600452 第2次请求失败: error_code=10001011 msg=黑名单用户，请与管理员联系
2026-08-26 12:32:10,623 | WARNING | sh.600463 重登失败，继续重试
2026-08-26 12:32:10,641 | WARNING | sh.600463 第5次请求失败: error_code=10001011 msg=黑名单用户，请与管理员联系
2026-08-26 12:32:11,381 | WARNING | sh.600486 重登失败，继续重试
2026-08-26 12:32:11,396 | WARNING | sh.600486 第5次请求失败: error_code=10001011 msg=黑名单用户，请与管理员联系
2026-08-26 12:32:11,400 | WARNING | sh.600452 重登失败，继续重试
2026-08-26 12:32:11,417 | WARNING | sh.600452 第3次请求失败: error_code=10001011 msg=黑名单用户，请与管理员联系
2026-08-26 12:32:14,428 | WARNING | sh.600478 重登失败，继续重试
2026-08-26 12:32:14,447 | WARNING | sh.600478 第5次请求失败: error_code=10001011 msg=黑名单用户，请与管理员联系
2026-08-26 12:32:17,926 | WARNING | sh.600452 重登失败，继续重试
2026-08-26 12:32:17,946 | WARNING | sh.600452 第4次请求失败: error_code=10001011 msg=黑名单用户，请与管理员联系
2026-08-26 12:32:20,691 | WARNING | sh.600463 重登失败，继续重试
2026-08-26 12:32:20,709 | WARNING | sh.600467 第1次请求失败: error_code=10001011 msg=黑名单用户，请与管理员联系
2026-08-26 12:32:21,450 | WARNING | sh.600486 重登失败，继续重试
2026-08-26 12:32:21,466 | WARNING | sh.600487 第1次请求失败: error_code=10001011 msg=黑名单用户，请与管理员联系
2026-08-26 12:32:22,777 | WARNING | sh.600467 重登失败，继续重试
2026-08-26 12:32:22,795 | WARNING | sh.600467 第2次请求失败: error_code=10001011 msg=黑名单用户，请与管理员联系
2026-08-26 12:32:23,523 | WARNING | sh.600487 重登失败，继续重试
2026-08-26 12:32:23,542 | WARNING | sh.600487 第2次请求失败: error_code=10001011 msg=黑名单用户，请与管理员联系
2026-08-26 12:32:24,652 | WARNING | sh.600478 重登失败，继续重试
2026-08-26 12:32:24,673 | WARNING | sh.600479 第1次请求失败: error_code=10001011 msg=黑名单用户，请与管理员联系
2026-08-26 12:32:26,097 | WARNING | sh.600452 重登失败，继续重试
2026-08-26 12:32:26,341 | WARNING | sh.600452 第5次请求失败: error_code=10001011 msg=黑名单用户，请与管理员联系
2026-08-26 12:32:27,079 | WARNING | sh.600479 重登失败，继续重试
2026-08-26 12:32:27,098 | WARNING | sh.600479 第2次请求失败: error_code=10001011 msg=黑名单用户，请与管理员联系
2026-08-26 12:32:27,309 | WARNING | sh.600467 重登失败，继续重试
2026-08-26 12:32:27,330 | WARNING | sh.600467 第3次请求失败: error_code=10001011 msg=黑名单用户，请与管理员联系
2026-08-26 12:32:28,650 | WARNING | sh.600487 重登失败，继续重试
2026-08-26 12:32:28,668 | WARNING | sh.600487 第3次请求失败: error_code=10001011 msg=黑名单用户，请与管理员联系
2026-08-26 12:32:31,302 | WARNING | sh.600479 重登失败，继续重试
2026-08-26 12:32:31,318 | WARNING | sh.600479 第3次请求失败: error_code=10001011 msg=黑名单用户，请与管理员联系
2026-08-26 12:32:33,391 | WARNING | sh.600467 重登失败，继续重试
2026-08-26 12:32:33,408 | WARNING | sh.600467 第4次请求失败: error_code=10001011 msg=黑名单用户，请与管理员联系
2026-08-26 12:32:35,182 | WARNING | sh.600487 重登失败，继续重试
2026-08-26 12:32:35,223 | WARNING | sh.600487 第4次请求失败: error_code=10001011 msg=黑名单用户，请与管理员联系
2026-08-26 12:32:36,396 | WARNING | sh.600452 重登失败，继续重试
2026-08-26 12:32:36,411 | WARNING | sh.600455 第1次请求失败: error_code=10001011 msg=黑名单用户，请与管理员联系
2026-08-26 12:32:37,403 | WARNING | sh.600479 重登失败，继续重试
2026-08-26 12:32:37,634 | WARNING | sh.600479 第4次请求失败: error_code=10001011 msg=黑名单用户，请与管理员联系
2026-08-26 12:32:38,589 | WARNING | sh.600455 重登失败，继续重试
2026-08-26 12:32:38,878 | WARNING | sh.600455 第2次请求失败: error_code=10001011 msg=黑名单用户，请与管理员联系
2026-08-26 12:32:41,584 | WARNING | sh.600467 重登失败，继续重试
2026-08-26 12:32:41,602 | WARNING | sh.600467 第5次请求失败: error_code=10001011 msg=黑名单用户，请与管理员联系
2026-08-26 12:32:43,274 | WARNING | sh.600487 重登失败，继续重试
2026-08-26 12:32:43,290 | WARNING | sh.600487 第5次请求失败: error_code=10001011 msg=黑名单用户，请与管理员联系
2026-08-26 12:32:43,930 | WARNING | sh.600455 重登失败，继续重试
2026-08-26 12:32:43,945 | WARNING | sh.600455 第3次请求失败: error_code=10001011 msg=黑名单用户，请与管理员联系
2026-08-26 12:32:45,697 | WARNING | sh.600479 重登失败，继续重试
2026-08-26 12:32:45,715 | WARNING | sh.600479 第5次请求失败: error_code=10001011 msg=黑名单用户，请与管理员联系
2026-08-26 12:32:51,011 | WARNING | sh.600455 重登失败，继续重试
2026-08-26 12:32:51,031 | WARNING | sh.600455 第4次请求失败: error_code=10001011 msg=黑名单用户，请与管理员联系
2026-08-26 12:32:51,678 | WARNING | sh.600467 重登失败，继续重试
2026-08-26 12:32:51,908 | WARNING | sh.600468 第1次请求失败: error_code=10001011 msg=黑名单用户，请与管理员联系
2026-08-26 12:32:53,708 | WARNING | sh.600487 重登失败，继续重试
2026-08-26 12:32:53,725 | WARNING | sh.600488 第1次请求失败: error_code=10001011 msg=黑名单用户，请与管理员联系
2026-08-26 12:32:54,708 | WARNING | sh.600468 重登失败，继续重试
2026-08-26 12:32:54,723 | WARNING | sh.600468 第2次请求失败: error_code=10001011 msg=黑名单用户，请与管理员联系
2026-08-26 12:32:56,166 | WARNING | sh.600488 重登失败，继续重试
2026-08-26 12:32:56,184 | WARNING | sh.600488 第2次请求失败: error_code=10001011 msg=黑名单用户，请与管理员联系
2026-08-26 12:32:56,461 | WARNING | sh.600479 重登失败，继续重试
2026-08-26 12:32:56,482 | WARNING | sh.600480 第1次请求失败: error_code=10001011 msg=黑名单用户，请与管理员联系
2026-08-26 12:32:58,547 | WARNING | sh.600480 重登失败，继续重试
2026-08-26 12:32:58,569 | WARNING | sh.600480 第2次请求失败: error_code=10001011 msg=黑名单用户，请与管理员联系
2026-08-26 12:32:59,007 | WARNING | sh.600468 重登失败，继续重试
2026-08-26 12:32:59,030 | WARNING | sh.600468 第3次请求失败: error_code=10001011 msg=黑名单用户，请与管理员联系
2026-08-26 12:32:59,103 | WARNING | sh.600455 重登失败，继续重试
2026-08-26 12:32:59,122 | WARNING | sh.600455 第5次请求失败: error_code=10001011 msg=黑名单用户，请与管理员联系
2026-08-26 12:33:00,230 | WARNING | sh.600488 重登失败，继续重试
2026-08-26 12:33:00,248 | WARNING | sh.600488 第3次请求失败: error_code=10001011 msg=黑名单用户，请与管理员联系
2026-08-26 12:33:02,632 | WARNING | sh.600480 重登失败，继续重试
2026-08-26 12:33:02,649 | WARNING | sh.600480 第3次请求失败: error_code=10001011 msg=黑名单用户，请与管理员联系
2026-08-26 12:33:05,097 | WARNING | sh.600468 重登失败，继续重试
2026-08-26 12:33:05,115 | WARNING | sh.600468 第4次请求失败: error_code=10001011 msg=黑名单用户，请与管理员联系
2026-08-26 12:33:06,339 | WARNING | sh.600488 重登失败，继续重试
2026-08-26 12:33:06,376 | WARNING | sh.600488 第4次请求失败: error_code=10001011 msg=黑名单用户，请与管理员联系
2026-08-26 12:33:08,712 | WARNING | sh.600480 重登失败，继续重试
2026-08-26 12:33:08,730 | WARNING | sh.600480 第4次请求失败: error_code=10001011 msg=黑名单用户，请与管理员联系
2026-08-26 12:33:09,194 | WARNING | sh.600455 重登失败，继续重试
2026-08-26 12:33:09,195 | ERROR | [321/5212] sh.600438 sh.600438 下载失败(重试5次): error_code=10001011 msg=黑名单用户，请与管理员联系 下载失败: 通威股份
2026-08-26 12:33:09,195 | ERROR | [322/5212] sh.600439 sh.600439 下载失败(重试5次): error_code=10001011 msg=黑名单用户，请与管理员联系 下载失败: ST瑞贝卡
2026-08-26 12:33:09,195 | ERROR | [323/5212] sh.600444 sh.600444 下载失败(重试5次): error_code=10001011 msg=黑名单用户，请与管理员联系 下载失败: 国机通用
2026-08-26 12:33:09,195 | ERROR | [324/5212] sh.600446 sh.600446 下载失败(重试5次): error_code=10001011 msg=黑名单用户，请与管理员联系 下载失败: 金证股份
2026-08-26 12:33:09,195 | ERROR | [325/5212] sh.600448 sh.600448 下载失败(重试5次): error_code=10001011 msg=黑名单用户，请与管理员联系 下载失败: 华纺股份
2026-08-26 12:33:09,195 | ERROR | [326/5212] sh.600449 sh.600449 下载失败(重试5次): error_code=10001011 msg=黑名单用户，请与管理员联系 下载失败: 宁夏建材
2026-08-26 12:33:09,195 | ERROR | [327/5212] sh.600452 sh.600452 下载失败(重试5次): error_code=10001011 msg=黑名单用户，请与管理员联系 下载失败: 涪陵电力
2026-08-26 12:33:09,195 | ERROR | [328/5212] sh.600455 sh.600455 下载失败(重试5次): error_code=10001011 msg=黑名单用户，请与管理员联系 下载失败: 博通股份
2026-08-26 12:33:09,213 | WARNING | sh.600491 第1次请求失败: error_code=10001011 msg=黑名单用户，请与管理员联系
2026-08-26 12:33:11,421 | WARNING | sh.600491 重登失败，继续重试
2026-08-26 12:33:11,442 | WARNING | sh.600491 第2次请求失败: error_code=10001011 msg=黑名单用户，请与管理员联系
2026-08-26 12:33:13,469 | WARNING | sh.600468 重登失败，继续重试
2026-08-26 12:33:13,962 | WARNING | sh.600468 第5次请求失败: error_code=10001011 msg=黑名单用户，请与管理员联系
2026-08-26 12:33:14,610 | WARNING | sh.600488 重登失败，继续重试
2026-08-26 12:33:14,629 | WARNING | sh.600488 第5次请求失败: error_code=10001011 msg=黑名单用户，请与管理员联系
2026-08-26 12:33:16,515 | WARNING | sh.600491 重登失败，继续重试
2026-08-26 12:33:16,529 | WARNING | sh.600491 第3次请求失败: error_code=10001011 msg=黑名单用户，请与管理员联系
2026-08-26 12:33:16,803 | WARNING | sh.600480 重登失败，继续重试
2026-08-26 12:33:16,822 | WARNING | sh.600480 第5次请求失败: error_code=10001011 msg=黑名单用户，请与管理员联系
2026-08-26 12:33:22,825 | WARNING | sh.600491 重登失败，继续重试
2026-08-26 12:33:22,841 | WARNING | sh.600491 第4次请求失败: error_code=10001011 msg=黑名单用户，请与管理员联系
2026-08-26 12:33:24,247 | WARNING | sh.600468 重登失败，继续重试
2026-08-26 12:33:24,247 | ERROR | [329/5212] sh.600456 sh.600456 下载失败(重试5次): error_code=10001011 msg=黑名单用户，请与管理员联系 下载失败: 宝钛股份
2026-08-26 12:33:24,247 | ERROR | [330/5212] sh.600458 sh.600458 下载失败(重试5次): error_code=10001011 msg=黑名单用户，请与管理员联系 下载失败: 时代新材
2026-08-26 12:33:24,247 | ERROR | [331/5212] sh.600459 sh.600459 下载失败(重试5次): error_code=10001011 msg=黑名单用户，请与管理员联系 下载失败: 贵研铂业
2026-08-26 12:33:24,248 | ERROR | [332/5212] sh.600460 sh.600460 下载失败(重试5次): error_code=10001011 msg=黑名单用户，请与管理员联系 下载失败: 士兰微
2026-08-26 12:33:24,248 | ERROR | [333/5212] sh.600461 sh.600461 下载失败(重试5次): error_code=10001011 msg=黑名单用户，请与管理员联系 下载失败: 洪城环境
2026-08-26 12:33:24,248 | ERROR | [334/5212] sh.600463 sh.600463 下载失败(重试5次): error_code=10001011 msg=黑名单用户，请与管理员联系 下载失败: 空港股份
2026-08-26 12:33:24,248 | ERROR | [335/5212] sh.600467 sh.600467 下载失败(重试5次): error_code=10001011 msg=黑名单用户，请与管理员联系 下载失败: 好当家
2026-08-26 12:33:24,248 | ERROR | [336/5212] sh.600468 sh.600468 下载失败(重试5次): error_code=10001011 msg=黑名单用户，请与管理员联系 下载失败: 百利电气
2026-08-26 12:33:24,270 | WARNING | sh.600501 第1次请求失败: error_code=10001011 msg=黑名单用户，请与管理员联系
2026-08-26 12:33:25,037 | WARNING | sh.600488 重登失败，继续重试
2026-08-26 12:33:25,054 | WARNING | sh.600489 第1次请求失败: error_code=10001011 msg=黑名单用户，请与管理员联系
2026-08-26 12:33:26,599 | WARNING | sh.600501 重登失败，继续重试
2026-08-26 12:33:26,613 | WARNING | sh.600501 第2次请求失败: error_code=10001011 msg=黑名单用户，请与管理员联系
2026-08-26 12:33:27,285 | WARNING | sh.600489 重登失败，继续重试
2026-08-26 12:33:27,306 | WARNING | sh.600489 第2次请求失败: error_code=10001011 msg=黑名单用户，请与管理员联系
2026-08-26 12:33:28,131 | WARNING | sh.600480 重登失败，继续重试
2026-08-26 12:33:28,132 | ERROR | [337/5212] sh.600469 sh.600469 下载失败(重试5次): error_code=10001011 msg=黑名单用户，请与管理员联系 下载失败: 风神股份
2026-08-26 12:33:28,132 | ERROR | [338/5212] sh.600470 sh.600470 下载失败(重试5次): error_code=10001011 msg=黑名单用户，请与管理员联系 下载失败: 六国化工
2026-08-26 12:33:28,132 | ERROR | [339/5212] sh.600475 sh.600475 下载失败(重试5次): error_code=10001011 msg=黑名单用户，请与管理员联系 下载失败: 华光环能
2026-08-26 12:33:28,132 | ERROR | [340/5212] sh.600476 sh.600476 下载失败(重试5次): error_code=10001011 msg=黑名单用户，请与管理员联系 下载失败: *ST湘邮
2026-08-26 12:33:28,132 | ERROR | [341/5212] sh.600477 sh.600477 下载失败(重试5次): error_code=10001011 msg=黑名单用户，请与管理员联系 下载失败: 杭萧钢构
2026-08-26 12:33:28,132 | ERROR | [342/5212] sh.600478 sh.600478 下载失败(重试5次): error_code=10001011 msg=黑名单用户，请与管理员联系 下载失败: 科力远
2026-08-26 12:33:28,132 | ERROR | [343/5212] sh.600479 sh.600479 下载失败(重试5次): error_code=10001011 msg=黑名单用户，请与管理员联系 下载失败: 千金药业
2026-08-26 12:33:28,132 | ERROR | [344/5212] sh.600480 sh.600480 下载失败(重试5次): error_code=10001011 msg=黑名单用户，请与管理员联系 下载失败: 凌云股份
2026-08-26 12:33:28,151 | WARNING | sh.600510 第1次请求失败: error_code=10001011 msg=黑名单用户，请与管理员联系
2026-08-26 12:33:30,559 | WARNING | sh.600510 重登失败，继续重试
2026-08-26 12:33:30,608 | WARNING | sh.600510 第2次请求失败: error_code=10001011 msg=黑名单用户，请与管理员联系
2026-08-26 12:33:30,786 | WARNING | sh.600501 重登失败，继续重试
2026-08-26 12:33:30,806 | WARNING | sh.600501 第3次请求失败: error_code=10001011 msg=黑名单用户，请与管理员联系
2026-08-26 12:33:30,907 | WARNING | sh.600491 重登失败，继续重试
2026-08-26 12:33:30,925 | WARNING | sh.600491 第5次请求失败: error_code=10001011 msg=黑名单用户，请与管理员联系
2026-08-26 12:33:31,724 | WARNING | sh.600489 重登失败，继续重试
2026-08-26 12:33:31,738 | WARNING | sh.600489 第3次请求失败: error_code=10001011 msg=黑名单用户，请与管理员联系
2026-08-26 12:33:35,690 | WARNING | sh.600510 重登失败，继续重试
2026-08-26 12:33:35,709 | WARNING | sh.600510 第3次请求失败: error_code=10001011 msg=黑名单用户，请与管理员联系
2026-08-26 12:33:37,094 | WARNING | sh.600501 重登失败，继续重试
2026-08-26 12:33:37,330 | WARNING | sh.600501 第4次请求失败: error_code=10001011 msg=黑名单用户，请与管理员联系
2026-08-26 12:33:37,906 | WARNING | sh.600489 重登失败，继续重试
2026-08-26 12:33:37,922 | WARNING | sh.600489 第4次请求失败: error_code=10001011 msg=黑名单用户，请与管理员联系
2026-08-26 12:33:40,992 | WARNING | sh.600491 重登失败，继续重试
2026-08-26 12:33:41,008 | WARNING | sh.600493 第1次请求失败: error_code=10001011 msg=黑名单用户，请与管理员联系
2026-08-26 12:33:41,785 | WARNING | sh.600510 重登失败，继续重试
2026-08-26 12:33:41,803 | WARNING | sh.600510 第4次请求失败: error_code=10001011 msg=黑名单用户，请与管理员联系
2026-08-26 12:33:43,101 | WARNING | sh.600493 重登失败，继续重试
2026-08-26 12:33:43,460 | WARNING | sh.600493 第2次请求失败: error_code=10001011 msg=黑名单用户，请与管理员联系
2026-08-26 12:33:46,059 | WARNING | sh.600501 重登失败，继续重试
2026-08-26 12:33:46,206 | WARNING | sh.600489 重登失败，继续重试
2026-08-26 12:33:46,225 | WARNING | sh.600489 第5次请求失败: error_code=10001011 msg=黑名单用户，请与管理员联系
2026-08-26 12:33:46,288 | WARNING | sh.600501 第5次请求失败: error_code=10001011 msg=黑名单用户，请与管理员联系
2026-08-26 12:33:47,539 | WARNING | sh.600493 重登失败，继续重试
2026-08-26 12:33:47,558 | WARNING | sh.600493 第3次请求失败: error_code=10001011 msg=黑名单用户，请与管理员联系
2026-08-26 12:33:49,869 | WARNING | sh.600510 重登失败，继续重试
2026-08-26 12:33:49,928 | WARNING | sh.600510 第5次请求失败: error_code=10001011 msg=黑名单用户，请与管理员联系
2026-08-26 12:33:53,624 | WARNING | sh.600493 重登失败，继续重试
2026-08-26 12:33:53,645 | WARNING | sh.600493 第4次请求失败: error_code=10001011 msg=黑名单用户，请与管理员联系
2026-08-26 12:33:56,384 | WARNING | sh.600501 重登失败，继续重试
2026-08-26 12:33:56,402 | WARNING | sh.600502 第1次请求失败: error_code=10001011 msg=黑名单用户，请与管理员联系
2026-08-26 12:33:56,954 | WARNING | sh.600489 重登失败，继续重试
2026-08-26 12:33:57,121 | WARNING | sh.600490 第1次请求失败: error_code=10001011 msg=黑名单用户，请与管理员联系
2026-08-26 12:33:58,687 | WARNING | sh.600502 重登失败，继续重试
2026-08-26 12:33:58,872 | WARNING | sh.600502 第2次请求失败: error_code=10001011 msg=黑名单用户，请与管理员联系
2026-08-26 12:33:59,767 | WARNING | sh.600490 重登失败，继续重试
2026-08-26 12:33:59,797 | WARNING | sh.600490 第2次请求失败: error_code=10001011 msg=黑名单用户，请与管理员联系
2026-08-26 12:34:00,048 | WARNING | sh.600510 重登失败，继续重试
2026-08-26 12:34:00,065 | WARNING | sh.600511 第1次请求失败: error_code=10001011 msg=黑名单用户，请与管理员联系
2026-08-26 12:34:01,715 | WARNING | sh.600493 重登失败，继续重试
2026-08-26 12:34:01,730 | WARNING | sh.600493 第5次请求失败: error_code=10001011 msg=黑名单用户，请与管理员联系
2026-08-26 12:34:02,133 | WARNING | sh.600511 重登失败，继续重试
2026-08-26 12:34:02,398 | WARNING | sh.600511 第2次请求失败: error_code=10001011 msg=黑名单用户，请与管理员联系
2026-08-26 12:34:03,169 | WARNING | sh.600502 重登失败，继续重试
2026-08-26 12:34:03,188 | WARNING | sh.600502 第3次请求失败: error_code=10001011 msg=黑名单用户，请与管理员联系
2026-08-26 12:34:04,583 | WARNING | sh.600490 重登失败，继续重试
2026-08-26 12:34:04,601 | WARNING | sh.600490 第3次请求失败: error_code=10001011 msg=黑名单用户，请与管理员联系
2026-08-26 12:34:06,463 | WARNING | sh.600511 重登失败，继续重试
2026-08-26 12:34:06,477 | WARNING | sh.600511 第3次请求失败: error_code=10001011 msg=黑名单用户，请与管理员联系
2026-08-26 12:34:09,388 | WARNING | sh.600502 重登失败，继续重试
2026-08-26 12:34:09,407 | WARNING | sh.600502 第4次请求失败: error_code=10001011 msg=黑名单用户，请与管理员联系
2026-08-26 12:34:11,245 | WARNING | sh.600490 重登失败，继续重试
2026-08-26 12:34:11,273 | WARNING | sh.600490 第4次请求失败: error_code=10001011 msg=黑名单用户，请与管理员联系
2026-08-26 12:34:12,244 | WARNING | sh.600493 重登失败，继续重试
2026-08-26 12:34:12,416 | WARNING | sh.600495 第1次请求失败: error_code=10001011 msg=黑名单用户，请与管理员联系
2026-08-26 12:34:12,540 | WARNING | sh.600511 重登失败，继续重试
2026-08-26 12:34:12,562 | WARNING | sh.600511 第4次请求失败: error_code=10001011 msg=黑名单用户，请与管理员联系
2026-08-26 12:34:14,922 | WARNING | sh.600495 重登失败，继续重试
2026-08-26 12:34:14,945 | WARNING | sh.600495 第2次请求失败: error_code=10001011 msg=黑名单用户，请与管理员联系
2026-08-26 12:34:17,723 | WARNING | sh.600502 重登失败，继续重试
2026-08-26 12:34:17,749 | WARNING | sh.600502 第5次请求失败: error_code=10001011 msg=黑名单用户，请与管理员联系
2026-08-26 12:34:19,252 | WARNING | sh.600495 重登失败，继续重试
2026-08-26 12:34:19,272 | WARNING | sh.600495 第3次请求失败: error_code=10001011 msg=黑名单用户，请与管理员联系
2026-08-26 12:34:19,435 | WARNING | sh.600490 重登失败，继续重试
2026-08-26 12:34:19,449 | WARNING | sh.600490 第5次请求失败: error_code=10001011 msg=黑名单用户，请与管理员联系
2026-08-26 12:34:20,637 | WARNING | sh.600511 重登失败，继续重试
2026-08-26 12:34:20,653 | WARNING | sh.600511 第5次请求失败: error_code=10001011 msg=黑名单用户，请与管理员联系
2026-08-26 12:34:25,331 | WARNING | sh.600495 重登失败，继续重试
2026-08-26 12:34:25,351 | WARNING | sh.600495 第4次请求失败: error_code=10001011 msg=黑名单用户，请与管理员联系
2026-08-26 12:34:27,831 | WARNING | sh.600502 重登失败，继续重试
2026-08-26 12:34:27,849 | WARNING | sh.600503 第1次请求失败: error_code=10001011 msg=黑名单用户，请与管理员联系
2026-08-26 12:34:30,007 | WARNING | sh.600490 重登失败，继续重试
2026-08-26 12:34:30,007 | ERROR | [345/5212] sh.600481 sh.600481 下载失败(重试5次): error_code=10001011 msg=黑名单用户，请与管理员联系 下载失败: 双良节能
2026-08-26 12:34:30,008 | ERROR | [346/5212] sh.600482 sh.600482 下载失败(重试5次): error_code=10001011 msg=黑名单用户，请与管理员联系 下载失败: 中国动力
2026-08-26 12:34:30,008 | ERROR | [347/5212] sh.600483 sh.600483 下载失败(重试5次): error_code=10001011 msg=黑名单用户，请与管理员联系 下载失败: 福能股份
2026-08-26 12:34:30,008 | ERROR | [348/5212] sh.600486 sh.600486 下载失败(重试5次): error_code=10001011 msg=黑名单用户，请与管理员联系 下载失败: 扬农化工
2026-08-26 12:34:30,008 | ERROR | [349/5212] sh.600487 sh.600487 下载失败(重试5次): error_code=10001011 msg=黑名单用户，请与管理员联系 下载失败: 亨通光电
2026-08-26 12:34:30,008 | ERROR | [350/5212] sh.600488 sh.600488 下载失败(重试5次): error_code=10001011 msg=黑名单用户，请与管理员联系 下载失败: 津药药业
2026-08-26 12:34:30,008 | ERROR | [351/5212] sh.600489 sh.600489 下载失败(重试5次): error_code=10001011 msg=黑名单用户，请与管理员联系 下载失败: 中金黄金
2026-08-26 12:34:30,008 | ERROR | [352/5212] sh.600490 sh.600490 下载失败(重试5次): error_code=10001011 msg=黑名单用户，请与管理员联系 下载失败: 鹏欣资源
2026-08-26 12:34:30,022 | WARNING | sh.600519 第1次请求失败: error_code=10001011 msg=黑名单用户，请与管理员联系
2026-08-26 12:34:30,359 | WARNING | sh.600503 重登失败，继续重试
2026-08-26 12:34:30,373 | WARNING | sh.600503 第2次请求失败: error_code=10001011 msg=黑名单用户，请与管理员联系
2026-08-26 12:34:31,176 | WARNING | sh.600511 重登失败，继续重试
2026-08-26 12:34:31,193 | WARNING | sh.600512 第1次请求失败: error_code=10001011 msg=黑名单用户，请与管理员联系
2026-08-26 12:34:32,378 | WARNING | sh.600519 重登失败，继续重试
2026-08-26 12:34:32,395 | WARNING | sh.600519 第2次请求失败: error_code=10001011 msg=黑名单用户，请与管理员联系
2026-08-26 12:34:33,627 | WARNING | sh.600512 重登失败，继续重试
2026-08-26 12:34:33,646 | WARNING | sh.600512 第2次请求失败: error_code=10001011 msg=黑名单用户，请与管理员联系
2026-08-26 12:34:34,447 | WARNING | sh.600503 重登失败，继续重试
2026-08-26 12:34:34,461 | WARNING | sh.600503 第3次请求失败: error_code=10001011 msg=黑名单用户，请与管理员联系
2026-08-26 12:34:36,486 | WARNING | sh.600495 重登失败，继续重试
2026-08-26 12:34:36,506 | WARNING | sh.600495 第5次请求失败: error_code=10001011 msg=黑名单用户，请与管理员联系
2026-08-26 12:34:36,681 | WARNING | sh.600519 重登失败，继续重试
2026-08-26 12:34:36,719 | WARNING | sh.600519 第3次请求失败: error_code=10001011 msg=黑名单用户，请与管理员联系
2026-08-26 12:34:38,419 | WARNING | sh.600512 重登失败，继续重试
2026-08-26 12:34:38,442 | WARNING | sh.600512 第3次请求失败: error_code=10001011 msg=黑名单用户，请与管理员联系
2026-08-26 12:34:40,531 | WARNING | sh.600503 重登失败，继续重试
2026-08-26 12:34:40,890 | WARNING | sh.600503 第4次请求失败: error_code=10001011 msg=黑名单用户，请与管理员联系
2026-08-26 12:34:43,006 | WARNING | sh.600519 重登失败，继续重试
2026-08-26 12:34:43,240 | WARNING | sh.600519 第4次请求失败: error_code=10001011 msg=黑名单用户，请与管理员联系
2026-08-26 12:34:44,513 | WARNING | sh.600512 重登失败，继续重试
2026-08-26 12:34:44,535 | WARNING | sh.600512 第4次请求失败: error_code=10001011 msg=黑名单用户，请与管理员联系
2026-08-26 12:34:46,625 | WARNING | sh.600495 重登失败，继续重试
2026-08-26 12:34:46,670 | WARNING | sh.600496 第1次请求失败: error_code=10001011 msg=黑名单用户，请与管理员联系
2026-08-26 12:34:48,730 | WARNING | sh.600496 重登失败，继续重试
2026-08-26 12:34:48,746 | WARNING | sh.600496 第2次请求失败: error_code=10001011 msg=黑名单用户，请与管理员联系
2026-08-26 12:34:51,429 | WARNING | sh.600503 重登失败，继续重试
2026-08-26 12:34:51,446 | WARNING | sh.600503 第5次请求失败: error_code=10001011 msg=黑名单用户，请与管理员联系
2026-08-26 12:34:51,605 | WARNING | sh.600519 重登失败，继续重试
2026-08-26 12:34:51,626 | WARNING | sh.600519 第5次请求失败: error_code=10001011 msg=黑名单用户，请与管理员联系
2026-08-26 12:34:52,831 | WARNING | sh.600512 重登失败，继续重试
2026-08-26 12:34:52,853 | WARNING | sh.600512 第5次请求失败: error_code=10001011 msg=黑名单用户，请与管理员联系
2026-08-26 12:34:53,271 | WARNING | sh.600496 重登失败，继续重试
2026-08-26 12:34:53,343 | WARNING | sh.600496 第3次请求失败: error_code=10001011 msg=黑名单用户，请与管理员联系
2026-08-26 12:34:59,458 | WARNING | sh.600496 重登失败，继续重试
2026-08-26 12:34:59,471 | WARNING | sh.600496 第4次请求失败: error_code=10001011 msg=黑名单用户，请与管理员联系
2026-08-26 12:35:01,738 | WARNING | sh.600503 重登失败，继续重试
2026-08-26 12:35:01,757 | WARNING | sh.600505 第1次请求失败: error_code=10001011 msg=黑名单用户，请与管理员联系
2026-08-26 12:35:02,686 | WARNING | sh.600519 重登失败，继续重试
2026-08-26 12:35:02,920 | WARNING | sh.600520 第1次请求失败: error_code=10001011 msg=黑名单用户，请与管理员联系
2026-08-26 12:35:03,143 | WARNING | sh.600512 重登失败，继续重试
2026-08-26 12:35:03,160 | WARNING | sh.600513 第1次请求失败: error_code=10001011 msg=黑名单用户，请与管理员联系
2026-08-26 12:35:04,000 | WARNING | sh.600505 重登失败，继续重试
2026-08-26 12:35:04,014 | WARNING | sh.600505 第2次请求失败: error_code=10001011 msg=黑名单用户，请与管理员联系
2026-08-26 12:35:05,013 | WARNING | sh.600520 重登失败，继续重试
2026-08-26 12:35:05,038 | WARNING | sh.600520 第2次请求失败: error_code=10001011 msg=黑名单用户，请与管理员联系
2026-08-26 12:35:05,444 | WARNING | sh.600513 重登失败，继续重试
2026-08-26 12:35:05,469 | WARNING | sh.600513 第2次请求失败: error_code=10001011 msg=黑名单用户，请与管理员联系
2026-08-26 12:35:07,720 | WARNING | sh.600496 重登失败，继续重试
2026-08-26 12:35:07,737 | WARNING | sh.600496 第5次请求失败: error_code=10001011 msg=黑名单用户，请与管理员联系
2026-08-26 12:35:08,616 | WARNING | sh.600505 重登失败，继续重试
2026-08-26 12:35:08,630 | WARNING | sh.600505 第3次请求失败: error_code=10001011 msg=黑名单用户，请与管理员联系
2026-08-26 12:35:09,319 | WARNING | sh.600520 重登失败，继续重试
2026-08-26 12:35:09,336 | WARNING | sh.600520 第3次请求失败: error_code=10001011 msg=黑名单用户，请与管理员联系
2026-08-26 12:35:10,191 | WARNING | sh.600513 重登失败，继续重试
2026-08-26 12:35:10,418 | WARNING | sh.600513 第3次请求失败: error_code=10001011 msg=黑名单用户，请与管理员联系
2026-08-26 12:35:14,794 | WARNING | sh.600505 重登失败，继续重试
2026-08-26 12:35:14,813 | WARNING | sh.600505 第4次请求失败: error_code=10001011 msg=黑名单用户，请与管理员联系
2026-08-26 12:35:15,540 | WARNING | sh.600520 重登失败，继续重试
2026-08-26 12:35:15,560 | WARNING | sh.600520 第4次请求失败: error_code=10001011 msg=黑名单用户，请与管理员联系
2026-08-26 12:35:16,711 | WARNING | sh.600513 重登失败，继续重试
2026-08-26 12:35:17,177 | WARNING | sh.600513 第4次请求失败: error_code=10001011 msg=黑名单用户，请与管理员联系
2026-08-26 12:35:17,791 | WARNING | sh.600496 重登失败，继续重试
2026-08-26 12:35:17,809 | WARNING | sh.600497 第1次请求失败: error_code=10001011 msg=黑名单用户，请与管理员联系
2026-08-26 12:35:20,038 | WARNING | sh.600497 重登失败，继续重试
2026-08-26 12:35:20,055 | WARNING | sh.600497 第2次请求失败: error_code=10001011 msg=黑名单用户，请与管理员联系
2026-08-26 12:35:22,866 | WARNING | sh.600505 重登失败，继续重试
2026-08-26 12:35:22,884 | WARNING | sh.600505 第5次请求失败: error_code=10001011 msg=黑名单用户，请与管理员联系
2026-08-26 12:35:24,335 | WARNING | sh.600497 重登失败，继续重试
2026-08-26 12:35:24,358 | WARNING | sh.600497 第3次请求失败: error_code=10001011 msg=黑名单用户，请与管理员联系
2026-08-26 12:35:24,797 | WARNING | sh.600520 重登失败，继续重试
2026-08-26 12:35:24,820 | WARNING | sh.600520 第5次请求失败: error_code=10001011 msg=黑名单用户，请与管理员联系
2026-08-26 12:35:25,255 | WARNING | sh.600513 重登失败，继续重试
2026-08-26 12:35:25,278 | WARNING | sh.600513 第5次请求失败: error_code=10001011 msg=黑名单用户，请与管理员联系
2026-08-26 12:35:30,659 | WARNING | sh.600497 重登失败，继续重试
2026-08-26 12:35:30,677 | WARNING | sh.600497 第4次请求失败: error_code=10001011 msg=黑名单用户，请与管理员联系
2026-08-26 12:35:34,641 | WARNING | sh.600505 重登失败，继续重试
2026-08-26 12:35:34,657 | WARNING | sh.600506 第1次请求失败: error_code=10001011 msg=黑名单用户，请与管理员联系
2026-08-26 12:35:34,893 | WARNING | sh.600520 重登失败，继续重试
2026-08-26 12:35:34,916 | WARNING | sh.600521 第1次请求失败: error_code=10001011 msg=黑名单用户，请与管理员联系
2026-08-26 12:35:35,366 | WARNING | sh.600513 重登失败，继续重试
2026-08-26 12:35:35,384 | WARNING | sh.600515 第1次请求失败: error_code=10001011 msg=黑名单用户，请与管理员联系
2026-08-26 12:35:36,782 | WARNING | sh.600506 重登失败，继续重试
2026-08-26 12:35:37,011 | WARNING | sh.600521 重登失败，继续重试
2026-08-26 12:35:37,015 | WARNING | sh.600506 第2次请求失败: error_code=10001011 msg=黑名单用户，请与管理员联系
2026-08-26 12:35:37,031 | WARNING | sh.600521 第2次请求失败: error_code=10001011 msg=黑名单用户，请与管理员联系
2026-08-26 12:35:37,494 | WARNING | sh.600515 重登失败，继续重试
2026-08-26 12:35:37,517 | WARNING | sh.600515 第2次请求失败: error_code=10001011 msg=黑名单用户，请与管理员联系
2026-08-26 12:35:38,755 | WARNING | sh.600497 重登失败，继续重试
2026-08-26 12:35:38,773 | WARNING | sh.600497 第5次请求失败: error_code=10001011 msg=黑名单用户，请与管理员联系
2026-08-26 12:35:41,085 | WARNING | sh.600506 重登失败，继续重试
2026-08-26 12:35:41,100 | WARNING | sh.600506 第3次请求失败: error_code=10001011 msg=黑名单用户，请与管理员联系
2026-08-26 12:35:41,318 | WARNING | sh.600521 重登失败，继续重试
2026-08-26 12:35:41,335 | WARNING | sh.600521 第3次请求失败: error_code=10001011 msg=黑名单用户，请与管理员联系
2026-08-26 12:35:41,622 | WARNING | sh.600515 重登失败，继续重试
2026-08-26 12:35:41,852 | WARNING | sh.600515 第3次请求失败: error_code=10001011 msg=黑名单用户，请与管理员联系
2026-08-26 12:35:47,153 | WARNING | sh.600506 重登失败，继续重试
2026-08-26 12:35:47,168 | WARNING | sh.600506 第4次请求失败: error_code=10001011 msg=黑名单用户，请与管理员联系
2026-08-26 12:35:47,622 | WARNING | sh.600521 重登失败，继续重试
2026-08-26 12:35:47,636 | WARNING | sh.600521 第4次请求失败: error_code=10001011 msg=黑名单用户，请与管理员联系
2026-08-26 12:35:47,989 | WARNING | sh.600515 重登失败，继续重试
2026-08-26 12:35:48,004 | WARNING | sh.600515 第4次请求失败: error_code=10001011 msg=黑名单用户，请与管理员联系
2026-08-26 12:35:48,935 | WARNING | sh.600497 重登失败，继续重试
2026-08-26 12:35:48,958 | WARNING | sh.600498 第1次请求失败: error_code=10001011 msg=黑名单用户，请与管理员联系
2026-08-26 12:35:51,028 | WARNING | sh.600498 重登失败，继续重试
2026-08-26 12:35:51,046 | WARNING | sh.600498 第2次请求失败: error_code=10001011 msg=黑名单用户，请与管理员联系
2026-08-26 12:35:55,138 | WARNING | sh.600498 重登失败，继续重试
2026-08-26 12:35:55,158 | WARNING | sh.600498 第3次请求失败: error_code=10001011 msg=黑名单用户，请与管理员联系
2026-08-26 12:35:55,444 | WARNING | sh.600506 重登失败，继续重试
2026-08-26 12:35:55,620 | WARNING | sh.600506 第5次请求失败: error_code=10001011 msg=黑名单用户，请与管理员联系
2026-08-26 12:35:55,684 | WARNING | sh.600521 重登失败，继续重试
2026-08-26 12:35:55,698 | WARNING | sh.600521 第5次请求失败: error_code=10001011 msg=黑名单用户，请与管理员联系
2026-08-26 12:35:56,591 | WARNING | sh.600515 重登失败，继续重试
2026-08-26 12:35:56,608 | WARNING | sh.600515 第5次请求失败: error_code=10001011 msg=黑名单用户，请与管理员联系
2026-08-26 12:36:01,229 | WARNING | sh.600498 重登失败，继续重试
2026-08-26 12:36:01,250 | WARNING | sh.600498 第4次请求失败: error_code=10001011 msg=黑名单用户，请与管理员联系
2026-08-26 12:36:05,716 | WARNING | sh.600506 重登失败，继续重试
2026-08-26 12:36:05,738 | WARNING | sh.600507 第1次请求失败: error_code=10001011 msg=黑名单用户，请与管理员联系
2026-08-26 12:36:05,770 | WARNING | sh.600521 重登失败，继续重试
2026-08-26 12:36:05,793 | WARNING | sh.600522 第1次请求失败: error_code=10001011 msg=黑名单用户，请与管理员联系
2026-08-26 12:36:07,800 | WARNING | sh.600507 重登失败，继续重试
2026-08-26 12:36:07,813 | WARNING | sh.600507 第2次请求失败: error_code=10001011 msg=黑名单用户，请与管理员联系
2026-08-26 12:36:08,070 | WARNING | sh.600522 重登失败，继续重试
2026-08-26 12:36:08,091 | WARNING | sh.600522 第2次请求失败: error_code=10001011 msg=黑名单用户，请与管理员联系
2026-08-26 12:36:09,342 | WARNING | sh.600498 重登失败，继续重试
2026-08-26 12:36:09,363 | WARNING | sh.600498 第5次请求失败: error_code=10001011 msg=黑名单用户，请与管理员联系
2026-08-26 12:36:09,683 | WARNING | sh.600515 重登失败，继续重试
2026-08-26 12:36:09,914 | WARNING | sh.600516 第1次请求失败: error_code=10001011 msg=黑名单用户，请与管理员联系
2026-08-26 12:36:11,967 | WARNING | sh.600507 重登失败，继续重试
2026-08-26 12:36:11,984 | WARNING | sh.600507 第3次请求失败: error_code=10001011 msg=黑名单用户，请与管理员联系
2026-08-26 12:36:12,181 | WARNING | sh.600522 重登失败，继续重试
2026-08-26 12:36:12,198 | WARNING | sh.600522 第3次请求失败: error_code=10001011 msg=黑名单用户，请与管理员联系
2026-08-26 12:36:12,688 | WARNING | sh.600516 重登失败，继续重试
2026-08-26 12:36:12,704 | WARNING | sh.600516 第2次请求失败: error_code=10001011 msg=黑名单用户，请与管理员联系
2026-08-26 12:36:17,770 | WARNING | sh.600516 重登失败，继续重试
2026-08-26 12:36:17,786 | WARNING | sh.600516 第3次请求失败: error_code=10001011 msg=黑名单用户，请与管理员联系
2026-08-26 12:36:18,043 | WARNING | sh.600507 重登失败，继续重试
2026-08-26 12:36:18,063 | WARNING | sh.600507 第4次请求失败: error_code=10001011 msg=黑名单用户，请与管理员联系
2026-08-26 12:36:18,274 | WARNING | sh.600522 重登失败，继续重试
2026-08-26 12:36:18,294 | WARNING | sh.600522 第4次请求失败: error_code=10001011 msg=黑名单用户，请与管理员联系
2026-08-26 12:36:19,974 | WARNING | sh.600498 重登失败，继续重试
2026-08-26 12:36:19,991 | WARNING | sh.600499 第1次请求失败: error_code=10001011 msg=黑名单用户，请与管理员联系
2026-08-26 12:36:22,284 | WARNING | sh.600499 重登失败，继续重试
2026-08-26 12:36:22,301 | WARNING | sh.600499 第2次请求失败: error_code=10001011 msg=黑名单用户，请与管理员联系
2026-08-26 12:36:23,944 | WARNING | sh.600516 重登失败，继续重试
2026-08-26 12:36:23,962 | WARNING | sh.600516 第4次请求失败: error_code=10001011 msg=黑名单用户，请与管理员联系
2026-08-26 12:36:26,137 | WARNING | sh.600507 重登失败，继续重试
2026-08-26 12:36:26,152 | WARNING | sh.600507 第5次请求失败: error_code=10001011 msg=黑名单用户，请与管理员联系
2026-08-26 12:36:26,352 | WARNING | sh.600522 重登失败，继续重试
2026-08-26 12:36:26,358 | WARNING | sh.600499 重登失败，继续重试
2026-08-26 12:36:26,364 | WARNING | sh.600522 第5次请求失败: error_code=10001011 msg=黑名单用户，请与管理员联系
2026-08-26 12:36:26,376 | WARNING | sh.600499 第3次请求失败: error_code=10001011 msg=黑名单用户，请与管理员联系
2026-08-26 12:36:32,631 | WARNING | sh.600516 重登失败，继续重试
2026-08-26 12:36:32,879 | WARNING | sh.600516 第5次请求失败: error_code=10001011 msg=黑名单用户，请与管理员联系
2026-08-26 12:36:33,554 | WARNING | sh.600499 重登失败，继续重试
2026-08-26 12:36:33,583 | WARNING | sh.600499 第4次请求失败: error_code=10001011 msg=黑名单用户，请与管理员联系
2026-08-26 12:36:36,202 | WARNING | sh.600507 重登失败，继续重试
2026-08-26 12:36:36,219 | WARNING | sh.600508 第1次请求失败: error_code=10001011 msg=黑名单用户，请与管理员联系
2026-08-26 12:36:36,437 | WARNING | sh.600522 重登失败，继续重试
2026-08-26 12:36:36,455 | WARNING | sh.600523 第1次请求失败: error_code=10001011 msg=黑名单用户，请与管理员联系
2026-08-26 12:36:38,292 | WARNING | sh.600508 重登失败，继续重试
2026-08-26 12:36:38,307 | WARNING | sh.600508 第2次请求失败: error_code=10001011 msg=黑名单用户，请与管理员联系
2026-08-26 12:36:38,555 | WARNING | sh.600523 重登失败，继续重试
2026-08-26 12:36:38,579 | WARNING | sh.600523 第2次请求失败: error_code=10001011 msg=黑名单用户，请与管理员联系
2026-08-26 12:36:41,752 | WARNING | sh.600499 重登失败，继续重试
2026-08-26 12:36:41,774 | WARNING | sh.600499 第5次请求失败: error_code=10001011 msg=黑名单用户，请与管理员联系
2026-08-26 12:36:42,374 | WARNING | sh.600508 重登失败，继续重试
2026-08-26 12:36:42,395 | WARNING | sh.600508 第3次请求失败: error_code=10001011 msg=黑名单用户，请与管理员联系
2026-08-26 12:36:42,993 | WARNING | sh.600516 重登失败，继续重试
2026-08-26 12:36:43,017 | WARNING | sh.600517 第1次请求失败: error_code=10001011 msg=黑名单用户，请与管理员联系
2026-08-26 12:36:43,061 | WARNING | sh.600523 重登失败，继续重试
2026-08-26 12:36:43,681 | WARNING | sh.600523 第3次请求失败: error_code=10001011 msg=黑名单用户，请与管理员联系
2026-08-26 12:36:45,308 | WARNING | sh.600517 重登失败，继续重试
2026-08-26 12:36:45,536 | WARNING | sh.600517 第2次请求失败: error_code=10001011 msg=黑名单用户，请与管理员联系
2026-08-26 12:36:49,604 | WARNING | sh.600517 重登失败，继续重试
2026-08-26 12:36:49,626 | WARNING | sh.600517 第3次请求失败: error_code=10001011 msg=黑名单用户，请与管理员联系
2026-08-26 12:36:49,772 | WARNING | sh.600523 重登失败，继续重试
2026-08-26 12:36:49,811 | WARNING | sh.600523 第4次请求失败: error_code=10001011 msg=黑名单用户，请与管理员联系
2026-08-26 12:36:50,090 | WARNING | sh.600508 重登失败，继续重试
2026-08-26 12:36:50,122 | WARNING | sh.600508 第4次请求失败: error_code=10001011 msg=黑名单用户，请与管理员联系
2026-08-26 12:36:52,854 | WARNING | sh.600499 重登失败，继续重试
2026-08-26 12:36:52,868 | WARNING | sh.600500 第1次请求失败: error_code=10001011 msg=黑名单用户，请与管理员联系
2026-08-26 12:36:55,160 | WARNING | sh.600500 重登失败，继续重试
2026-08-26 12:36:55,182 | WARNING | sh.600500 第2次请求失败: error_code=10001011 msg=黑名单用户，请与管理员联系
2026-08-26 12:36:55,693 | WARNING | sh.600517 重登失败，继续重试
2026-08-26 12:36:55,712 | WARNING | sh.600517 第4次请求失败: error_code=10001011 msg=黑名单用户，请与管理员联系
2026-08-26 12:36:58,161 | WARNING | sh.600523 重登失败，继续重试
2026-08-26 12:36:58,179 | WARNING | sh.600523 第5次请求失败: error_code=10001011 msg=黑名单用户，请与管理员联系
2026-08-26 12:36:58,433 | WARNING | sh.600508 重登失败，继续重试
2026-08-26 12:36:58,451 | WARNING | sh.600508 第5次请求失败: error_code=10001011 msg=黑名单用户，请与管理员联系
2026-08-26 12:36:59,246 | WARNING | sh.600500 重登失败，继续重试
2026-08-26 12:36:59,482 | WARNING | sh.600500 第3次请求失败: error_code=10001011 msg=黑名单用户，请与管理员联系
2026-08-26 12:37:03,992 | WARNING | sh.600517 重登失败，继续重试
2026-08-26 12:37:04,005 | WARNING | sh.600517 第5次请求失败: error_code=10001011 msg=黑名单用户，请与管理员联系
2026-08-26 12:37:05,549 | WARNING | sh.600500 重登失败，继续重试
2026-08-26 12:37:05,568 | WARNING | sh.600500 第4次请求失败: error_code=10001011 msg=黑名单用户，请与管理员联系
2026-08-26 12:37:08,466 | WARNING | sh.600523 重登失败，继续重试
2026-08-26 12:37:08,497 | WARNING | sh.600525 第1次请求失败: error_code=10001011 msg=黑名单用户，请与管理员联系
2026-08-26 12:37:09,521 | WARNING | sh.600508 重登失败，继续重试
2026-08-26 12:37:09,540 | WARNING | sh.600509 第1次请求失败: error_code=10001011 msg=黑名单用户，请与管理员联系
2026-08-26 12:37:10,804 | WARNING | sh.600525 重登失败，继续重试
2026-08-26 12:37:10,824 | WARNING | sh.600525 第2次请求失败: error_code=10001011 msg=黑名单用户，请与管理员联系
2026-08-26 12:37:11,645 | WARNING | sh.600509 重登失败，继续重试
2026-08-26 12:37:11,666 | WARNING | sh.600509 第2次请求失败: error_code=10001011 msg=黑名单用户，请与管理员联系
2026-08-26 12:37:13,637 | WARNING | sh.600500 重登失败，继续重试
2026-08-26 12:37:13,889 | WARNING | sh.600500 第5次请求失败: error_code=10001011 msg=黑名单用户，请与管理员联系
2026-08-26 12:37:14,690 | WARNING | sh.600517 重登失败，继续重试
2026-08-26 12:37:14,709 | WARNING | sh.600518 第1次请求失败: error_code=10001011 msg=黑名单用户，请与管理员联系
2026-08-26 12:37:14,895 | WARNING | sh.600525 重登失败，继续重试
2026-08-26 12:37:14,914 | WARNING | sh.600525 第3次请求失败: error_code=10001011 msg=黑名单用户，请与管理员联系
2026-08-26 12:37:15,957 | WARNING | sh.600509 重登失败，继续重试
2026-08-26 12:37:15,975 | WARNING | sh.600509 第3次请求失败: error_code=10001011 msg=黑名单用户，请与管理员联系
2026-08-26 12:37:17,405 | WARNING | sh.600518 重登失败，继续重试
2026-08-26 12:37:17,419 | WARNING | sh.600518 第2次请求失败: error_code=10001011 msg=黑名单用户，请与管理员联系
2026-08-26 12:37:21,036 | WARNING | sh.600525 重登失败，继续重试
2026-08-26 12:37:21,055 | WARNING | sh.600525 第4次请求失败: error_code=10001011 msg=黑名单用户，请与管理员联系
2026-08-26 12:37:21,556 | WARNING | sh.600518 重登失败，继续重试
2026-08-26 12:37:21,576 | WARNING | sh.600518 第3次请求失败: error_code=10001011 msg=黑名单用户，请与管理员联系
2026-08-26 12:37:22,398 | WARNING | sh.600509 重登失败，继续重试
2026-08-26 12:37:22,531 | WARNING | sh.600509 第4次请求失败: error_code=10001011 msg=黑名单用户，请与管理员联系
2026-08-26 12:37:23,952 | WARNING | sh.600500 重登失败，继续重试
2026-08-26 12:37:23,952 | ERROR | [353/5212] sh.600491 sh.600491 下载失败(重试5次): error_code=10001011 msg=黑名单用户，请与管理员联系 下载失败: ST龙元
2026-08-26 12:37:23,952 | ERROR | [354/5212] sh.600493 sh.600493 下载失败(重试5次): error_code=10001011 msg=黑名单用户，请与管理员联系 下载失败: 凤竹纺织
2026-08-26 12:37:23,953 | ERROR | [355/5212] sh.600495 sh.600495 下载失败(重试5次): error_code=10001011 msg=黑名单用户，请与管理员联系 下载失败: 晋西车轴
2026-08-26 12:37:23,953 | ERROR | [356/5212] sh.600496 sh.600496 下载失败(重试5次): error_code=10001011 msg=黑名单用户，请与管理员联系 下载失败: 精工钢构
2026-08-26 12:37:23,953 | ERROR | [357/5212] sh.600497 sh.600497 下载失败(重试5次): error_code=10001011 msg=黑名单用户，请与管理员联系 下载失败: 驰宏锌锗
2026-08-26 12:37:23,953 | ERROR | [358/5212] sh.600498 sh.600498 下载失败(重试5次): error_code=10001011 msg=黑名单用户，请与管理员联系 下载失败: 烽火通信
2026-08-26 12:37:23,953 | ERROR | [359/5212] sh.600499 sh.600499 下载失败(重试5次): error_code=10001011 msg=黑名单用户，请与管理员联系 下载失败: 科达制造
2026-08-26 12:37:23,953 | ERROR | [360/5212] sh.600500 sh.600500 下载失败(重试5次): error_code=10001011 msg=黑名单用户，请与管理员联系 下载失败: 中化国际
2026-08-26 12:37:24,188 | WARNING | sh.600528 第1次请求失败: error_code=10001011 msg=黑名单用户，请与管理员联系
2026-08-26 12:37:26,405 | WARNING | sh.600528 重登失败，继续重试
2026-08-26 12:37:26,423 | WARNING | sh.600528 第2次请求失败: error_code=10001011 msg=黑名单用户，请与管理员联系
2026-08-26 12:37:28,123 | WARNING | sh.600518 重登失败，继续重试
2026-08-26 12:37:28,140 | WARNING | sh.600518 第4次请求失败: error_code=10001011 msg=黑名单用户，请与管理员联系
2026-08-26 12:37:30,488 | WARNING | sh.600528 重登失败，继续重试
2026-08-26 12:37:30,506 | WARNING | sh.600528 第3次请求失败: error_code=10001011 msg=黑名单用户，请与管理员联系
2026-08-26 12:37:30,583 | WARNING | sh.600509 重登失败，继续重试
2026-08-26 12:37:30,599 | WARNING | sh.600509 第5次请求失败: error_code=10001011 msg=黑名单用户，请与管理员联系
2026-08-26 12:37:32,366 | WARNING | sh.600525 重登失败，继续重试
2026-08-26 12:37:32,387 | WARNING | sh.600525 第5次请求失败: error_code=10001011 msg=黑名单用户，请与管理员联系
2026-08-26 12:37:36,281 | WARNING | sh.600518 重登失败，继续重试
2026-08-26 12:37:36,300 | WARNING | sh.600518 第5次请求失败: error_code=10001011 msg=黑名单用户，请与管理员联系
2026-08-26 12:37:36,609 | WARNING | sh.600528 重登失败，继续重试
2026-08-26 12:37:36,628 | WARNING | sh.600528 第4次请求失败: error_code=10001011 msg=黑名单用户，请与管理员联系
2026-08-26 12:37:40,711 | WARNING | sh.600509 重登失败，继续重试
2026-08-26 12:37:40,712 | ERROR | [361/5212] sh.600501 sh.600501 下载失败(重试5次): error_code=10001011 msg=黑名单用户，请与管理员联系 下载失败: 航天晨光
2026-08-26 12:37:40,712 | ERROR | [362/5212] sh.600502 sh.600502 下载失败(重试5次): error_code=10001011 msg=黑名单用户，请与管理员联系 下载失败: 安徽建工
2026-08-26 12:37:40,712 | ERROR | [363/5212] sh.600503 sh.600503 下载失败(重试5次): error_code=10001011 msg=黑名单用户，请与管理员联系 下载失败: 华丽家族
2026-08-26 12:37:40,712 | ERROR | [364/5212] sh.600505 sh.600505 下载失败(重试5次): error_code=10001011 msg=黑名单用户，请与管理员联系 下载失败: 西昌电力
2026-08-26 12:37:40,712 | ERROR | [365/5212] sh.600506 sh.600506 下载失败(重试5次): error_code=10001011 msg=黑名单用户，请与管理员联系 下载失败: 统一股份
2026-08-26 12:37:40,712 | ERROR | [366/5212] sh.600507 sh.600507 下载失败(重试5次): error_code=10001011 msg=黑名单用户，请与管理员联系 下载失败: 方大特钢
2026-08-26 12:37:40,712 | ERROR | [367/5212] sh.600508 sh.600508 下载失败(重试5次): error_code=10001011 msg=黑名单用户，请与管理员联系 下载失败: 上海能源
2026-08-26 12:37:40,712 | ERROR | [368/5212] sh.600509 sh.600509 下载失败(重试5次): error_code=10001011 msg=黑名单用户，请与管理员联系 下载失败: 天富能源
2026-08-26 12:37:40,728 | WARNING | sh.600538 第1次请求失败: error_code=10001011 msg=黑名单用户，请与管理员联系
2026-08-26 12:37:42,456 | WARNING | sh.600525 重登失败，继续重试
2026-08-26 12:37:42,472 | WARNING | sh.600526 第1次请求失败: error_code=10001011 msg=黑名单用户，请与管理员联系
2026-08-26 12:37:42,834 | WARNING | sh.600538 重登失败，继续重试
2026-08-26 12:37:43,137 | WARNING | sh.600538 第2次请求失败: error_code=10001011 msg=黑名单用户，请与管理员联系
2026-08-26 12:37:44,618 | WARNING | sh.600526 重登失败，继续重试
2026-08-26 12:37:44,640 | WARNING | sh.600526 第2次请求失败: error_code=10001011 msg=黑名单用户，请与管理员联系
2026-08-26 12:37:44,699 | WARNING | sh.600528 重登失败，继续重试
2026-08-26 12:37:44,720 | WARNING | sh.600528 第5次请求失败: error_code=10001011 msg=黑名单用户，请与管理员联系
2026-08-26 12:37:46,372 | WARNING | sh.600518 重登失败，继续重试
2026-08-26 12:37:46,372 | ERROR | [369/5212] sh.600510 sh.600510 下载失败(重试5次): error_code=10001011 msg=黑名单用户，请与管理员联系 下载失败: 黑牡丹
2026-08-26 12:37:46,372 | ERROR | [370/5212] sh.600511 sh.600511 下载失败(重试5次): error_code=10001011 msg=黑名单用户，请与管理员联系 下载失败: 国药股份
2026-08-26 12:37:46,372 | ERROR | [371/5212] sh.600512 sh.600512 下载失败(重试5次): error_code=10001011 msg=黑名单用户，请与管理员联系 下载失败: 腾达建设
2026-08-26 12:37:46,372 | ERROR | [372/5212] sh.600513 sh.600513 下载失败(重试5次): error_code=10001011 msg=黑名单用户，请与管理员联系 下载失败: 联环药业
2026-08-26 12:37:46,372 | ERROR | [373/5212] sh.600515 sh.600515 下载失败(重试5次): error_code=10001011 msg=黑名单用户，请与管理员联系 下载失败: 海南机场
2026-08-26 12:37:46,372 | ERROR | [374/5212] sh.600516 sh.600516 下载失败(重试5次): error_code=10001011 msg=黑名单用户，请与管理员联系 下载失败: 方大炭素
2026-08-26 12:37:46,373 | ERROR | [375/5212] sh.600517 sh.600517 下载失败(重试5次): error_code=10001011 msg=黑名单用户，请与管理员联系 下载失败: 国网英大
2026-08-26 12:37:46,373 | ERROR | [376/5212] sh.600518 sh.600518 下载失败(重试5次): error_code=10001011 msg=黑名单用户，请与管理员联系 下载失败: 康美药业
2026-08-26 12:37:46,394 | WARNING | sh.600549 第1次请求失败: error_code=10001011 msg=黑名单用户，请与管理员联系
2026-08-26 12:37:47,252 | WARNING | sh.600538 重登失败，继续重试
2026-08-26 12:37:47,482 | WARNING | sh.600538 第3次请求失败: error_code=10001011 msg=黑名单用户，请与管理员联系
2026-08-26 12:37:48,685 | WARNING | sh.600549 重登失败，继续重试
2026-08-26 12:37:48,704 | WARNING | sh.600549 第2次请求失败: error_code=10001011 msg=黑名单用户，请与管理员联系
2026-08-26 12:37:48,991 | WARNING | sh.600526 重登失败，继续重试
2026-08-26 12:37:49,666 | WARNING | sh.600526 第3次请求失败: error_code=10001011 msg=黑名单用户，请与管理员联系
2026-08-26 12:37:52,768 | WARNING | sh.600549 重登失败，继续重试
2026-08-26 12:37:52,784 | WARNING | sh.600549 第3次请求失败: error_code=10001011 msg=黑名单用户，请与管理员联系
2026-08-26 12:37:53,537 | WARNING | sh.600538 重登失败，继续重试
2026-08-26 12:37:53,564 | WARNING | sh.600538 第4次请求失败: error_code=10001011 msg=黑名单用户，请与管理员联系
2026-08-26 12:37:54,784 | WARNING | sh.600528 重登失败，继续重试
2026-08-26 12:37:54,799 | WARNING | sh.600529 第1次请求失败: error_code=10001011 msg=黑名单用户，请与管理员联系
2026-08-26 12:37:56,888 | WARNING | sh.600529 重登失败，继续重试
2026-08-26 12:37:56,909 | WARNING | sh.600529 第2次请求失败: error_code=10001011 msg=黑名单用户，请与管理员联系
2026-08-26 12:37:56,951 | WARNING | sh.600526 重登失败，继续重试
2026-08-26 12:37:56,971 | WARNING | sh.600526 第4次请求失败: error_code=10001011 msg=黑名单用户，请与管理员联系
2026-08-26 12:37:59,293 | WARNING | sh.600549 重登失败，继续重试
2026-08-26 12:37:59,311 | WARNING | sh.600549 第4次请求失败: error_code=10001011 msg=黑名单用户，请与管理员联系
2026-08-26 12:38:00,976 | WARNING | sh.600529 重登失败，继续重试
2026-08-26 12:38:00,992 | WARNING | sh.600529 第3次请求失败: error_code=10001011 msg=黑名单用户，请与管理员联系
2026-08-26 12:38:01,843 | WARNING | sh.600538 重登失败，继续重试
2026-08-26 12:38:01,857 | WARNING | sh.600538 第5次请求失败: error_code=10001011 msg=黑名单用户，请与管理员联系
2026-08-26 12:38:05,559 | WARNING | sh.600526 重登失败，继续重试
2026-08-26 12:38:05,579 | WARNING | sh.600526 第5次请求失败: error_code=10001011 msg=黑名单用户，请与管理员联系
2026-08-26 12:38:07,308 | WARNING | sh.600529 重登失败，继续重试
2026-08-26 12:38:07,552 | WARNING | sh.600529 第4次请求失败: error_code=10001011 msg=黑名单用户，请与管理员联系
2026-08-26 12:38:07,602 | WARNING | sh.600549 重登失败，继续重试
2026-08-26 12:38:07,615 | WARNING | sh.600549 第5次请求失败: error_code=10001011 msg=黑名单用户，请与管理员联系
2026-08-26 12:38:12,359 | WARNING | sh.600538 重登失败，继续重试
2026-08-26 12:38:12,378 | WARNING | sh.600539 第1次请求失败: error_code=10001011 msg=黑名单用户，请与管理员联系
2026-08-26 12:38:14,702 | WARNING | sh.600539 重登失败，继续重试
2026-08-26 12:38:14,720 | WARNING | sh.600539 第2次请求失败: error_code=10001011 msg=黑名单用户，请与管理员联系
2026-08-26 12:38:15,609 | WARNING | sh.600529 重登失败，继续重试
2026-08-26 12:38:15,623 | WARNING | sh.600529 第5次请求失败: error_code=10001011 msg=黑名单用户，请与管理员联系
2026-08-26 12:38:16,283 | WARNING | sh.600526 重登失败，继续重试
2026-08-26 12:38:16,614 | WARNING | sh.600527 第1次请求失败: error_code=10001011 msg=黑名单用户，请与管理员联系
2026-08-26 12:38:18,379 | WARNING | sh.600549 重登失败，继续重试
2026-08-26 12:38:18,567 | WARNING | sh.600550 第1次请求失败: error_code=10001011 msg=黑名单用户，请与管理员联系
2026-08-26 12:38:19,157 | WARNING | sh.600527 重登失败，继续重试
2026-08-26 12:38:19,175 | WARNING | sh.600527 第2次请求失败: error_code=10001011 msg=黑名单用户，请与管理员联系
2026-08-26 12:38:20,132 | WARNING | sh.600539 重登失败，继续重试
2026-08-26 12:38:20,629 | WARNING | sh.600550 重登失败，继续重试
2026-08-26 12:38:20,644 | WARNING | sh.600550 第2次请求失败: error_code=10001011 msg=黑名单用户，请与管理员联系
2026-08-26 12:38:20,932 | WARNING | sh.600539 第3次请求失败: error_code=10001011 msg=黑名单用户，请与管理员联系
2026-08-26 12:38:24,229 | WARNING | sh.600527 重登失败，继续重试
2026-08-26 12:38:24,484 | WARNING | sh.600527 第3次请求失败: error_code=10001011 msg=黑名单用户，请与管理员联系
2026-08-26 12:38:24,722 | WARNING | sh.600550 重登失败，继续重试
2026-08-26 12:38:24,744 | WARNING | sh.600550 第3次请求失败: error_code=10001011 msg=黑名单用户，请与管理员联系
2026-08-26 12:38:25,690 | WARNING | sh.600529 重登失败，继续重试
2026-08-26 12:38:25,707 | WARNING | sh.600530 第1次请求失败: error_code=10001011 msg=黑名单用户，请与管理员联系
2026-08-26 12:38:27,233 | WARNING | sh.600539 重登失败，继续重试
2026-08-26 12:38:27,256 | WARNING | sh.600539 第4次请求失败: error_code=10001011 msg=黑名单用户，请与管理员联系
2026-08-26 12:38:28,007 | WARNING | sh.600530 重登失败，继续重试
2026-08-26 12:38:28,022 | WARNING | sh.600530 第2次请求失败: error_code=10001011 msg=黑名单用户，请与管理员联系
2026-08-26 12:38:30,672 | WARNING | sh.600527 重登失败，继续重试
2026-08-26 12:38:30,689 | WARNING | sh.600527 第4次请求失败: error_code=10001011 msg=黑名单用户，请与管理员联系
2026-08-26 12:38:30,809 | WARNING | sh.600550 重登失败，继续重试
2026-08-26 12:38:30,830 | WARNING | sh.600550 第4次请求失败: error_code=10001011 msg=黑名单用户，请与管理员联系
2026-08-26 12:38:32,097 | WARNING | sh.600530 重登失败，继续重试
2026-08-26 12:38:32,115 | WARNING | sh.600530 第3次请求失败: error_code=10001011 msg=黑名单用户，请与管理员联系
2026-08-26 12:38:35,389 | WARNING | sh.600539 重登失败，继续重试
2026-08-26 12:38:35,404 | WARNING | sh.600539 第5次请求失败: error_code=10001011 msg=黑名单用户，请与管理员联系
2026-08-26 12:38:38,196 | WARNING | sh.600530 重登失败，继续重试
2026-08-26 12:38:38,225 | WARNING | sh.600530 第4次请求失败: error_code=10001011 msg=黑名单用户，请与管理员联系
2026-08-26 12:38:39,125 | WARNING | sh.600550 重登失败，继续重试
2026-08-26 12:38:39,429 | WARNING | sh.600527 重登失败，继续重试
2026-08-26 12:38:39,434 | WARNING | sh.600550 第5次请求失败: error_code=10001011 msg=黑名单用户，请与管理员联系
2026-08-26 12:38:39,446 | WARNING | sh.600527 第5次请求失败: error_code=10001011 msg=黑名单用户，请与管理员联系
2026-08-26 12:38:45,671 | WARNING | sh.600539 重登失败，继续重试
2026-08-26 12:38:45,685 | WARNING | sh.600540 第1次请求失败: error_code=10001011 msg=黑名单用户，请与管理员联系
2026-08-26 12:38:46,298 | WARNING | sh.600530 重登失败，继续重试
2026-08-26 12:38:46,388 | WARNING | sh.600530 第5次请求失败: error_code=10001011 msg=黑名单用户，请与管理员联系
2026-08-26 12:38:48,763 | WARNING | sh.600540 重登失败，继续重试
2026-08-26 12:38:48,785 | WARNING | sh.600540 第2次请求失败: error_code=10001011 msg=黑名单用户，请与管理员联系
2026-08-26 12:38:49,648 | WARNING | sh.600550 重登失败，继续重试
2026-08-26 12:38:49,665 | WARNING | sh.600551 第1次请求失败: error_code=10001011 msg=黑名单用户，请与管理员联系
2026-08-26 12:38:50,027 | WARNING | sh.600527 重登失败，继续重试
2026-08-26 12:38:50,027 | ERROR | [377/5212] sh.600519 sh.600519 下载失败(重试5次): error_code=10001011 msg=黑名单用户，请与管理员联系 下载失败: 贵州茅台
2026-08-26 12:38:50,027 | ERROR | [378/5212] sh.600520 sh.600520 下载失败(重试5次): error_code=10001011 msg=黑名单用户，请与管理员联系 下载失败: 三佳科技
2026-08-26 12:38:50,027 | ERROR | [379/5212] sh.600521 sh.600521 下载失败(重试5次): error_code=10001011 msg=黑名单用户，请与管理员联系 下载失败: 华海药业
2026-08-26 12:38:50,027 | ERROR | [380/5212] sh.600522 sh.600522 下载失败(重试5次): error_code=10001011 msg=黑名单用户，请与管理员联系 下载失败: 中天科技
2026-08-26 12:38:50,027 | ERROR | [381/5212] sh.600523 sh.600523 下载失败(重试5次): error_code=10001011 msg=黑名单用户，请与管理员联系 下载失败: 贵航股份
2026-08-26 12:38:50,027 | ERROR | [382/5212] sh.600525 sh.600525 下载失败(重试5次): error_code=10001011 msg=黑名单用户，请与管理员联系 下载失败: ST长园
2026-08-26 12:38:50,027 | ERROR | [383/5212] sh.600526 sh.600526 下载失败(重试5次): error_code=10001011 msg=黑名单用户，请与管理员联系 下载失败: 菲达环保
2026-08-26 12:38:50,027 | ERROR | [384/5212] sh.600527 sh.600527 下载失败(重试5次): error_code=10001011 msg=黑名单用户，请与管理员联系 下载失败: 江南高纤
2026-08-26 12:38:50,709 | WARNING | sh.600560 第1次请求失败: error_code=10001011 msg=黑名单用户，请与管理员联系
2026-08-26 12:38:52,078 | WARNING | sh.600551 重登失败，继续重试
2026-08-26 12:38:52,306 | WARNING | sh.600551 第2次请求失败: error_code=10001011 msg=黑名单用户，请与管理员联系
2026-08-26 12:38:52,871 | WARNING | sh.600540 重登失败，继续重试
2026-08-26 12:38:52,889 | WARNING | sh.600540 第3次请求失败: error_code=10001011 msg=黑名单用户，请与管理员联系
2026-08-26 12:38:53,009 | WARNING | sh.600560 重登失败，继续重试
2026-08-26 12:38:53,327 | WARNING | sh.600560 第2次请求失败: error_code=10001011 msg=黑名单用户，请与管理员联系
2026-08-26 12:38:56,394 | WARNING | sh.600551 重登失败，继续重试
2026-08-26 12:38:56,416 | WARNING | sh.600551 第3次请求失败: error_code=10001011 msg=黑名单用户，请与管理员联系
2026-08-26 12:38:57,388 | WARNING | sh.600560 重登失败，继续重试
2026-08-26 12:38:57,402 | WARNING | sh.600560 第3次请求失败: error_code=10001011 msg=黑名单用户，请与管理员联系
2026-08-26 12:38:57,479 | WARNING | sh.600530 重登失败，继续重试
2026-08-26 12:38:57,501 | WARNING | sh.600531 第1次请求失败: error_code=10001011 msg=黑名单用户，请与管理员联系
2026-08-26 12:38:58,983 | WARNING | sh.600540 重登失败，继续重试
2026-08-26 12:38:59,005 | WARNING | sh.600540 第4次请求失败: error_code=10001011 msg=黑名单用户，请与管理员联系
2026-08-26 12:39:02,584 | WARNING | sh.600531 重登失败，继续重试
2026-08-26 12:39:02,603 | WARNING | sh.600531 第2次请求失败: error_code=10001011 msg=黑名单用户，请与管理员联系
2026-08-26 12:39:03,459 | WARNING | sh.600560 重登失败，继续重试
2026-08-26 12:39:03,478 | WARNING | sh.600560 第4次请求失败: error_code=10001011 msg=黑名单用户，请与管理员联系
2026-08-26 12:39:03,709 | WARNING | sh.600551 重登失败，继续重试
2026-08-26 12:39:03,726 | WARNING | sh.600551 第4次请求失败: error_code=10001011 msg=黑名单用户，请与管理员联系
2026-08-26 12:39:06,839 | WARNING | sh.600531 重登失败，继续重试
2026-08-26 12:39:06,861 | WARNING | sh.600531 第3次请求失败: error_code=10001011 msg=黑名单用户，请与管理员联系
2026-08-26 12:39:07,063 | WARNING | sh.600540 重登失败，继续重试
2026-08-26 12:39:07,079 | WARNING | sh.600540 第5次请求失败: error_code=10001011 msg=黑名单用户，请与管理员联系
2026-08-26 12:39:11,551 | WARNING | sh.600560 重登失败，继续重试
2026-08-26 12:39:11,569 | WARNING | sh.600560 第5次请求失败: error_code=10001011 msg=黑名单用户，请与管理员联系
2026-08-26 12:39:11,801 | WARNING | sh.600551 重登失败，继续重试
2026-08-26 12:39:11,815 | WARNING | sh.600551 第5次请求失败: error_code=10001011 msg=黑名单用户，请与管理员联系
2026-08-26 12:39:13,943 | WARNING | sh.600531 重登失败，继续重试
2026-08-26 12:39:14,192 | WARNING | sh.600531 第4次请求失败: error_code=10001011 msg=黑名单用户，请与管理员联系
2026-08-26 12:39:17,418 | WARNING | sh.600540 重登失败，继续重试
2026-08-26 12:39:17,472 | WARNING | sh.600543 第1次请求失败: error_code=10001011 msg=黑名单用户，请与管理员联系
2026-08-26 12:39:19,562 | WARNING | sh.600543 重登失败，继续重试
2026-08-26 12:39:19,579 | WARNING | sh.600543 第2次请求失败: error_code=10001011 msg=黑名单用户，请与管理员联系
2026-08-26 12:39:21,634 | WARNING | sh.600560 重登失败，继续重试
2026-08-26 12:39:21,653 | WARNING | sh.600561 第1次请求失败: error_code=10001011 msg=黑名单用户，请与管理员联系
2026-08-26 12:39:22,431 | WARNING | sh.600531 重登失败，继续重试
2026-08-26 12:39:22,445 | WARNING | sh.600531 第5次请求失败: error_code=10001011 msg=黑名单用户，请与管理员联系
2026-08-26 12:39:22,940 | WARNING | sh.600551 重登失败，继续重试
2026-08-26 12:39:22,956 | WARNING | sh.600552 第1次请求失败: error_code=10001011 msg=黑名单用户，请与管理员联系
2026-08-26 12:39:23,723 | WARNING | sh.600561 重登失败，继续重试
2026-08-26 12:39:23,741 | WARNING | sh.600561 第2次请求失败: error_code=10001011 msg=黑名单用户，请与管理员联系
2026-08-26 12:39:24,454 | WARNING | sh.600543 重登失败，继续重试
2026-08-26 12:39:24,944 | WARNING | sh.600543 第3次请求失败: error_code=10001011 msg=黑名单用户，请与管理员联系
2026-08-26 12:39:25,272 | WARNING | sh.600552 重登失败，继续重试
2026-08-26 12:39:25,502 | WARNING | sh.600552 第2次请求失败: error_code=10001011 msg=黑名单用户，请与管理员联系
2026-08-26 12:39:28,800 | WARNING | sh.600561 重登失败，继续重试
2026-08-26 12:39:29,031 | WARNING | sh.600561 第3次请求失败: error_code=10001011 msg=黑名单用户，请与管理员联系
2026-08-26 12:39:29,992 | WARNING | sh.600552 重登失败，继续重试
2026-08-26 12:39:30,008 | WARNING | sh.600552 第3次请求失败: error_code=10001011 msg=黑名单用户，请与管理员联系
2026-08-26 12:39:31,181 | WARNING | sh.600543 重登失败，继续重试
2026-08-26 12:39:31,203 | WARNING | sh.600543 第4次请求失败: error_code=10001011 msg=黑名单用户，请与管理员联系
2026-08-26 12:39:32,499 | WARNING | sh.600531 重登失败，继续重试
2026-08-26 12:39:32,740 | WARNING | sh.600533 第1次请求失败: error_code=10001011 msg=黑名单用户，请与管理员联系
2026-08-26 12:39:35,263 | WARNING | sh.600533 重登失败，继续重试
2026-08-26 12:39:35,283 | WARNING | sh.600533 第2次请求失败: error_code=10001011 msg=黑名单用户，请与管理员联系
2026-08-26 12:39:35,523 | WARNING | sh.600561 重登失败，继续重试
2026-08-26 12:39:35,549 | WARNING | sh.600561 第4次请求失败: error_code=10001011 msg=黑名单用户，请与管理员联系
2026-08-26 12:39:36,305 | WARNING | sh.600552 重登失败，继续重试
2026-08-26 12:39:36,992 | WARNING | sh.600552 第4次请求失败: error_code=10001011 msg=黑名单用户，请与管理员联系
2026-08-26 12:39:39,265 | WARNING | sh.600543 重登失败，继续重试
2026-08-26 12:39:39,280 | WARNING | sh.600543 第5次请求失败: error_code=10001011 msg=黑名单用户，请与管理员联系
2026-08-26 12:39:39,331 | WARNING | sh.600533 重登失败，继续重试
2026-08-26 12:39:39,345 | WARNING | sh.600533 第3次请求失败: error_code=10001011 msg=黑名单用户，请与管理员联系
2026-08-26 12:39:43,771 | WARNING | sh.600561 重登失败，继续重试
2026-08-26 12:39:43,804 | WARNING | sh.600561 第5次请求失败: error_code=10001011 msg=黑名单用户，请与管理员联系
2026-08-26 12:39:45,354 | WARNING | sh.600552 重登失败，继续重试
2026-08-26 12:39:45,593 | WARNING | sh.600552 第5次请求失败: error_code=10001011 msg=黑名单用户，请与管理员联系
2026-08-26 12:39:45,634 | WARNING | sh.600533 重登失败，继续重试
2026-08-26 12:39:45,652 | WARNING | sh.600533 第4次请求失败: error_code=10001011 msg=黑名单用户，请与管理员联系
2026-08-26 12:39:49,462 | WARNING | sh.600543 重登失败，继续重试
2026-08-26 12:39:49,476 | WARNING | sh.600545 第1次请求失败: error_code=10001011 msg=黑名单用户，请与管理员联系
2026-08-26 12:39:51,760 | WARNING | sh.600545 重登失败，继续重试
2026-08-26 12:39:51,775 | WARNING | sh.600545 第2次请求失败: error_code=10001011 msg=黑名单用户，请与管理员联系
2026-08-26 12:39:53,709 | WARNING | sh.600533 重登失败，继续重试
2026-08-26 12:39:53,726 | WARNING | sh.600533 第5次请求失败: error_code=10001011 msg=黑名单用户，请与管理员联系
2026-08-26 12:39:53,862 | WARNING | sh.600561 重登失败，继续重试
2026-08-26 12:39:53,879 | WARNING | sh.600562 第1次请求失败: error_code=10001011 msg=黑名单用户，请与管理员联系
2026-08-26 12:39:55,839 | WARNING | sh.600545 重登失败，继续重试
2026-08-26 12:39:55,860 | WARNING | sh.600545 第3次请求失败: error_code=10001011 msg=黑名单用户，请与管理员联系
2026-08-26 12:39:56,423 | WARNING | sh.600562 重登失败，继续重试
2026-08-26 12:39:56,439 | WARNING | sh.600562 第2次请求失败: error_code=10001011 msg=黑名单用户，请与管理员联系
2026-08-26 12:39:56,556 | WARNING | sh.600552 重登失败，继续重试
2026-08-26 12:39:56,574 | WARNING | sh.600556 第1次请求失败: error_code=10001011 msg=黑名单用户，请与管理员联系
2026-08-26 12:39:58,642 | WARNING | sh.600556 重登失败，继续重试
2026-08-26 12:39:58,880 | WARNING | sh.600556 第2次请求失败: error_code=10001011 msg=黑名单用户，请与管理员联系
2026-08-26 12:40:00,719 | WARNING | sh.600562 重登失败，继续重试
2026-08-26 12:40:00,736 | WARNING | sh.600562 第3次请求失败: error_code=10001011 msg=黑名单用户，请与管理员联系
2026-08-26 12:40:01,939 | WARNING | sh.600545 重登失败，继续重试
2026-08-26 12:40:01,956 | WARNING | sh.600545 第4次请求失败: error_code=10001011 msg=黑名单用户，请与管理员联系
2026-08-26 12:40:02,957 | WARNING | sh.600556 重登失败，继续重试
2026-08-26 12:40:02,972 | WARNING | sh.600556 第3次请求失败: error_code=10001011 msg=黑名单用户，请与管理员联系
2026-08-26 12:40:04,235 | WARNING | sh.600533 重登失败，继续重试
2026-08-26 12:40:04,257 | WARNING | sh.600535 第1次请求失败: error_code=10001011 msg=黑名单用户，请与管理员联系
2026-08-26 12:40:06,342 | WARNING | sh.600535 重登失败，继续重试
2026-08-26 12:40:06,365 | WARNING | sh.600535 第2次请求失败: error_code=10001011 msg=黑名单用户，请与管理员联系
2026-08-26 12:40:08,139 | WARNING | sh.600562 重登失败，继续重试
2026-08-26 12:40:08,153 | WARNING | sh.600562 第4次请求失败: error_code=10001011 msg=黑名单用户，请与管理员联系
2026-08-26 12:40:09,247 | WARNING | sh.600556 重登失败，继续重试
2026-08-26 12:40:09,264 | WARNING | sh.600556 第4次请求失败: error_code=10001011 msg=黑名单用户，请与管理员联系
2026-08-26 12:40:10,451 | WARNING | sh.600535 重登失败，继续重试
2026-08-26 12:40:10,472 | WARNING | sh.600535 第3次请求失败: error_code=10001011 msg=黑名单用户，请与管理员联系
2026-08-26 12:40:11,305 | WARNING | sh.600545 重登失败，继续重试
2026-08-26 12:40:11,319 | WARNING | sh.600545 第5次请求失败: error_code=10001011 msg=黑名单用户，请与管理员联系
2026-08-26 12:40:16,512 | WARNING | sh.600562 重登失败，继续重试
2026-08-26 12:40:16,531 | WARNING | sh.600562 第5次请求失败: error_code=10001011 msg=黑名单用户，请与管理员联系
2026-08-26 12:40:16,539 | WARNING | sh.600535 重登失败，继续重试
2026-08-26 12:40:16,562 | WARNING | sh.600535 第4次请求失败: error_code=10001011 msg=黑名单用户，请与管理员联系
2026-08-26 12:40:18,325 | WARNING | sh.600556 重登失败，继续重试
2026-08-26 12:40:18,344 | WARNING | sh.600556 第5次请求失败: error_code=10001011 msg=黑名单用户，请与管理员联系
2026-08-26 12:40:21,795 | WARNING | sh.600545 重登失败，继续重试
2026-08-26 12:40:21,813 | WARNING | sh.600546 第1次请求失败: error_code=10001011 msg=黑名单用户，请与管理员联系
2026-08-26 12:40:23,876 | WARNING | sh.600546 重登失败，继续重试
2026-08-26 12:40:23,893 | WARNING | sh.600546 第2次请求失败: error_code=10001011 msg=黑名单用户，请与管理员联系
2026-08-26 12:40:24,623 | WARNING | sh.600535 重登失败，继续重试
2026-08-26 12:40:24,641 | WARNING | sh.600535 第5次请求失败: error_code=10001011 msg=黑名单用户，请与管理员联系
2026-08-26 12:40:26,841 | WARNING | sh.600562 重登失败，继续重试
2026-08-26 12:40:26,858 | WARNING | sh.600563 第1次请求失败: error_code=10001011 msg=黑名单用户，请与管理员联系
2026-08-26 12:40:28,430 | WARNING | sh.600556 重登失败，继续重试
2026-08-26 12:40:28,447 | WARNING | sh.600557 第1次请求失败: error_code=10001011 msg=黑名单用户，请与管理员联系
2026-08-26 12:40:29,002 | WARNING | sh.600563 重登失败，继续重试
2026-08-26 12:40:29,187 | WARNING | sh.600546 重登失败，继续重试
2026-08-26 12:40:29,204 | WARNING | sh.600546 第3次请求失败: error_code=10001011 msg=黑名单用户，请与管理员联系
2026-08-26 12:40:29,232 | WARNING | sh.600563 第2次请求失败: error_code=10001011 msg=黑名单用户，请与管理员联系
2026-08-26 12:40:30,511 | WARNING | sh.600557 重登失败，继续重试
2026-08-26 12:40:30,528 | WARNING | sh.600557 第2次请求失败: error_code=10001011 msg=黑名单用户，请与管理员联系
2026-08-26 12:40:33,911 | WARNING | sh.600563 重登失败，继续重试
2026-08-26 12:40:34,156 | WARNING | sh.600563 第3次请求失败: error_code=10001011 msg=黑名单用户，请与管理员联系
2026-08-26 12:40:34,608 | WARNING | sh.600557 重登失败，继续重试
2026-08-26 12:40:34,628 | WARNING | sh.600557 第3次请求失败: error_code=10001011 msg=黑名单用户，请与管理员联系
2026-08-26 12:40:35,608 | WARNING | sh.600546 重登失败，继续重试
2026-08-26 12:40:35,644 | WARNING | sh.600546 第4次请求失败: error_code=10001011 msg=黑名单用户，请与管理员联系
2026-08-26 12:40:35,717 | WARNING | sh.600535 重登失败，继续重试
2026-08-26 12:40:35,736 | WARNING | sh.600536 第1次请求失败: error_code=10001011 msg=黑名单用户，请与管理员联系
2026-08-26 12:40:37,866 | WARNING | sh.600536 重登失败，继续重试
2026-08-26 12:40:37,882 | WARNING | sh.600536 第2次请求失败: error_code=10001011 msg=黑名单用户，请与管理员联系
2026-08-26 12:40:40,398 | WARNING | sh.600563 重登失败，继续重试
2026-08-26 12:40:40,413 | WARNING | sh.600563 第4次请求失败: error_code=10001011 msg=黑名单用户，请与管理员联系
2026-08-26 12:40:40,928 | WARNING | sh.600557 重登失败，继续重试
2026-08-26 12:40:40,946 | WARNING | sh.600557 第4次请求失败: error_code=10001011 msg=黑名单用户，请与管理员联系
2026-08-26 12:40:41,951 | WARNING | sh.600536 重登失败，继续重试
2026-08-26 12:40:41,970 | WARNING | sh.600536 第3次请求失败: error_code=10001011 msg=黑名单用户，请与管理员联系
2026-08-26 12:40:43,739 | WARNING | sh.600546 重登失败，继续重试
2026-08-26 12:40:43,756 | WARNING | sh.600546 第5次请求失败: error_code=10001011 msg=黑名单用户，请与管理员联系
2026-08-26 12:40:48,039 | WARNING | sh.600536 重登失败，继续重试
2026-08-26 12:40:48,270 | WARNING | sh.600536 第4次请求失败: error_code=10001011 msg=黑名单用户，请与管理员联系
2026-08-26 12:40:49,780 | WARNING | sh.600563 重登失败，继续重试
2026-08-26 12:40:49,799 | WARNING | sh.600563 第5次请求失败: error_code=10001011 msg=黑名单用户，请与管理员联系
2026-08-26 12:40:51,704 | WARNING | sh.600557 重登失败，继续重试
2026-08-26 12:40:51,718 | WARNING | sh.600557 第5次请求失败: error_code=10001011 msg=黑名单用户，请与管理员联系
2026-08-26 12:40:54,820 | WARNING | sh.600546 重登失败，继续重试
2026-08-26 12:40:54,839 | WARNING | sh.600547 第1次请求失败: error_code=10001011 msg=黑名单用户，请与管理员联系
2026-08-26 12:40:56,486 | WARNING | sh.600536 重登失败，继续重试
2026-08-26 12:40:56,570 | WARNING | sh.600536 第5次请求失败: error_code=10001011 msg=黑名单用户，请与管理员联系
2026-08-26 12:40:58,951 | WARNING | sh.600547 重登失败，继续重试
2026-08-26 12:40:58,969 | WARNING | sh.600547 第2次请求失败: error_code=10001011 msg=黑名单用户，请与管理员联系
2026-08-26 12:41:00,086 | WARNING | sh.600563 重登失败，继续重试
2026-08-26 12:41:00,101 | WARNING | sh.600566 第1次请求失败: error_code=10001011 msg=黑名单用户，请与管理员联系
2026-08-26 12:41:02,054 | WARNING | sh.600557 重登失败，继续重试
2026-08-26 12:41:02,072 | WARNING | sh.600558 第1次请求失败: error_code=10001011 msg=黑名单用户，请与管理员联系
2026-08-26 12:41:02,261 | WARNING | sh.600566 重登失败，继续重试
2026-08-26 12:41:02,614 | WARNING | sh.600566 第2次请求失败: error_code=10001011 msg=黑名单用户，请与管理员联系
2026-08-26 12:41:03,072 | WARNING | sh.600547 重登失败，继续重试
2026-08-26 12:41:03,089 | WARNING | sh.600547 第3次请求失败: error_code=10001011 msg=黑名单用户，请与管理员联系
2026-08-26 12:41:04,596 | WARNING | sh.600558 重登失败，继续重试
2026-08-26 12:41:04,614 | WARNING | sh.600558 第2次请求失败: error_code=10001011 msg=黑名单用户，请与管理员联系
2026-08-26 12:41:06,680 | WARNING | sh.600566 重登失败，继续重试
2026-08-26 12:41:06,698 | WARNING | sh.600566 第3次请求失败: error_code=10001011 msg=黑名单用户，请与管理员联系
2026-08-26 12:41:06,958 | WARNING | sh.600536 重登失败，继续重试
2026-08-26 12:41:06,976 | WARNING | sh.600537 第1次请求失败: error_code=10001011 msg=黑名单用户，请与管理员联系
2026-08-26 12:41:09,045 | WARNING | sh.600537 重登失败，继续重试
2026-08-26 12:41:09,285 | WARNING | sh.600537 第2次请求失败: error_code=10001011 msg=黑名单用户，请与管理员联系
2026-08-26 12:41:09,338 | WARNING | sh.600558 重登失败，继续重试
2026-08-26 12:41:09,355 | WARNING | sh.600558 第3次请求失败: error_code=10001011 msg=黑名单用户，请与管理员联系
2026-08-26 12:41:09,570 | WARNING | sh.600547 重登失败，继续重试
2026-08-26 12:41:09,588 | WARNING | sh.600547 第4次请求失败: error_code=10001011 msg=黑名单用户，请与管理员联系
2026-08-26 12:41:13,023 | WARNING | sh.600566 重登失败，继续重试
2026-08-26 12:41:13,372 | WARNING | sh.600537 重登失败，继续重试
2026-08-26 12:41:13,394 | WARNING | sh.600537 第3次请求失败: error_code=10001011 msg=黑名单用户，请与管理员联系
2026-08-26 12:41:13,488 | WARNING | sh.600566 第4次请求失败: error_code=10001011 msg=黑名单用户，请与管理员联系
2026-08-26 12:41:15,429 | WARNING | sh.600558 重登失败，继续重试
2026-08-26 12:41:15,673 | WARNING | sh.600558 第4次请求失败: error_code=10001011 msg=黑名单用户，请与管理员联系
2026-08-26 12:41:19,172 | WARNING | sh.600547 重登失败，继续重试
2026-08-26 12:41:19,194 | WARNING | sh.600547 第5次请求失败: error_code=10001011 msg=黑名单用户，请与管理员联系
2026-08-26 12:41:20,485 | WARNING | sh.600537 重登失败，继续重试
2026-08-26 12:41:20,502 | WARNING | sh.600537 第4次请求失败: error_code=10001011 msg=黑名单用户，请与管理员联系
2026-08-26 12:41:21,670 | WARNING | sh.600566 重登失败，继续重试
2026-08-26 12:41:21,693 | WARNING | sh.600566 第5次请求失败: error_code=10001011 msg=黑名单用户，请与管理员联系
2026-08-26 12:41:23,965 | WARNING | sh.600558 重登失败，继续重试
2026-08-26 12:41:24,110 | WARNING | sh.600558 第5次请求失败: error_code=10001011 msg=黑名单用户，请与管理员联系
2026-08-26 12:41:29,147 | WARNING | sh.600537 重登失败，继续重试
2026-08-26 12:41:29,161 | WARNING | sh.600537 第5次请求失败: error_code=10001011 msg=黑名单用户，请与管理员联系
2026-08-26 12:41:29,311 | WARNING | sh.600547 重登失败，继续重试
2026-08-26 12:41:29,326 | WARNING | sh.600548 第1次请求失败: error_code=10001011 msg=黑名单用户，请与管理员联系
2026-08-26 12:41:31,392 | WARNING | sh.600548 重登失败，继续重试
2026-08-26 12:41:31,414 | WARNING | sh.600548 第2次请求失败: error_code=10001011 msg=黑名单用户，请与管理员联系
2026-08-26 12:41:32,764 | WARNING | sh.600566 重登失败，继续重试
2026-08-26 12:41:33,885 | WARNING | sh.600567 第1次请求失败: error_code=10001011 msg=黑名单用户，请与管理员联系
2026-08-26 12:41:34,425 | WARNING | sh.600558 重登失败，继续重试
2026-08-26 12:41:34,447 | WARNING | sh.600559 第1次请求失败: error_code=10001011 msg=黑名单用户，请与管理员联系
2026-08-26 12:41:35,938 | WARNING | sh.600567 重登失败，继续重试
2026-08-26 12:41:35,953 | WARNING | sh.600567 第2次请求失败: error_code=10001011 msg=黑名单用户，请与管理员联系
2026-08-26 12:41:36,519 | WARNING | sh.600559 重登失败，继续重试
2026-08-26 12:41:36,537 | WARNING | sh.600559 第2次请求失败: error_code=10001011 msg=黑名单用户，请与管理员联系
2026-08-26 12:41:36,602 | WARNING | sh.600548 重登失败，继续重试
2026-08-26 12:41:36,619 | WARNING | sh.600548 第3次请求失败: error_code=10001011 msg=黑名单用户，请与管理员联系
2026-08-26 12:41:39,442 | WARNING | sh.600537 重登失败，继续重试
2026-08-26 12:41:39,442 | ERROR | [385/5212] sh.600528 sh.600528 下载失败(重试5次): error_code=10001011 msg=黑名单用户，请与管理员联系 下载失败: 中铁工业
2026-08-26 12:41:39,442 | ERROR | [386/5212] sh.600529 sh.600529 下载失败(重试5次): error_code=10001011 msg=黑名单用户，请与管理员联系 下载失败: 山东药玻
2026-08-26 12:41:39,442 | ERROR | [387/5212] sh.600530 sh.600530 下载失败(重试5次): error_code=10001011 msg=黑名单用户，请与管理员联系 下载失败: ST交昂
2026-08-26 12:41:39,442 | ERROR | [388/5212] sh.600531 sh.600531 下载失败(重试5次): error_code=10001011 msg=黑名单用户，请与管理员联系 下载失败: 豫光金铅
2026-08-26 12:41:39,442 | ERROR | [389/5212] sh.600533 sh.600533 下载失败(重试5次): error_code=10001011 msg=黑名单用户，请与管理员联系 下载失败: 栖霞建设
2026-08-26 12:41:39,442 | ERROR | [390/5212] sh.600535 sh.600535 下载失败(重试5次): error_code=10001011 msg=黑名单用户，请与管理员联系 下载失败: 天士力
2026-08-26 12:41:39,442 | ERROR | [391/5212] sh.600536 sh.600536 下载失败(重试5次): error_code=10001011 msg=黑名单用户，请与管理员联系 下载失败: 中国软件
2026-08-26 12:41:39,442 | ERROR | [392/5212] sh.600537 sh.600537 下载失败(重试5次): error_code=10001011 msg=黑名单用户，请与管理员联系 下载失败: *ST亿晶
2026-08-26 12:41:39,459 | WARNING | sh.600570 第1次请求失败: error_code=10001011 msg=黑名单用户，请与管理员联系
2026-08-26 12:41:40,609 | WARNING | sh.600559 重登失败，继续重试
2026-08-26 12:41:40,631 | WARNING | sh.600559 第3次请求失败: error_code=10001011 msg=黑名单用户，请与管理员联系
2026-08-26 12:41:41,529 | WARNING | sh.600570 重登失败，继续重试
2026-08-26 12:41:41,668 | WARNING | sh.600567 重登失败，继续重试
2026-08-26 12:41:41,688 | WARNING | sh.600567 第3次请求失败: error_code=10001011 msg=黑名单用户，请与管理员联系
2026-08-26 12:41:41,768 | WARNING | sh.600570 第2次请求失败: error_code=10001011 msg=黑名单用户，请与管理员联系
2026-08-26 12:41:43,865 | WARNING | sh.600548 重登失败，继续重试
2026-08-26 12:41:43,884 | WARNING | sh.600548 第4次请求失败: error_code=10001011 msg=黑名单用户，请与管理员联系
2026-08-26 12:41:46,518 | WARNING | sh.600570 重登失败，继续重试
2026-08-26 12:41:46,533 | WARNING | sh.600570 第3次请求失败: error_code=10001011 msg=黑名单用户，请与管理员联系
2026-08-26 12:41:46,912 | WARNING | sh.600559 重登失败，继续重试
2026-08-26 12:41:46,930 | WARNING | sh.600559 第4次请求失败: error_code=10001011 msg=黑名单用户，请与管理员联系
2026-08-26 12:41:49,028 | WARNING | sh.600567 重登失败，继续重试
2026-08-26 12:41:49,041 | WARNING | sh.600567 第4次请求失败: error_code=10001011 msg=黑名单用户，请与管理员联系
2026-08-26 12:41:51,953 | WARNING | sh.600548 重登失败，继续重试
2026-08-26 12:41:51,974 | WARNING | sh.600548 第5次请求失败: error_code=10001011 msg=黑名单用户，请与管理员联系
2026-08-26 12:41:52,946 | WARNING | sh.600570 重登失败，继续重试
2026-08-26 12:41:52,961 | WARNING | sh.600570 第4次请求失败: error_code=10001011 msg=黑名单用户，请与管理员联系
2026-08-26 12:41:55,022 | WARNING | sh.600559 重登失败，继续重试
2026-08-26 12:41:55,041 | WARNING | sh.600559 第5次请求失败: error_code=10001011 msg=黑名单用户，请与管理员联系
2026-08-26 12:41:58,190 | WARNING | sh.600567 重登失败，继续重试
2026-08-26 12:41:58,206 | WARNING | sh.600567 第5次请求失败: error_code=10001011 msg=黑名单用户，请与管理员联系
2026-08-26 12:42:01,352 | WARNING | sh.600570 重登失败，继续重试
2026-08-26 12:42:01,370 | WARNING | sh.600570 第5次请求失败: error_code=10001011 msg=黑名单用户，请与管理员联系
2026-08-26 12:42:04,760 | WARNING | sh.600548 重登失败，继续重试
2026-08-26 12:42:04,760 | ERROR | [393/5212] sh.600538 sh.600538 下载失败(重试5次): error_code=10001011 msg=黑名单用户，请与管理员联系 下载失败: 国发股份
2026-08-26 12:42:04,760 | ERROR | [394/5212] sh.600539 sh.600539 下载失败(重试5次): error_code=10001011 msg=黑名单用户，请与管理员联系 下载失败: 狮头股份
2026-08-26 12:42:04,760 | ERROR | [395/5212] sh.600540 sh.600540 下载失败(重试5次): error_code=10001011 msg=黑名单用户，请与管理员联系 下载失败: 新赛股份
2026-08-26 12:42:04,760 | ERROR | [396/5212] sh.600543 sh.600543 下载失败(重试5次): error_code=10001011 msg=黑名单用户，请与管理员联系 下载失败: *ST莫高
2026-08-26 12:42:04,760 | ERROR | [397/5212] sh.600545 sh.600545 下载失败(重试5次): error_code=10001011 msg=黑名单用户，请与管理员联系 下载失败: 卓郎智能
2026-08-26 12:42:04,760 | ERROR | [398/5212] sh.600546 sh.600546 下载失败(重试5次): error_code=10001011 msg=黑名单用户，请与管理员联系 下载失败: 山煤国际
2026-08-26 12:42:04,760 | ERROR | [399/5212] sh.600547 sh.600547 下载失败(重试5次): error_code=10001011 msg=黑名单用户，请与管理员联系 下载失败: 山东黄金
2026-08-26 12:42:04,761 | ERROR | [400/5212] sh.600548 sh.600548 下载失败(重试5次): error_code=10001011 msg=黑名单用户，请与管理员联系 下载失败: 深高速
2026-08-26 12:42:04,866 | WARNING | sh.600579 第1次请求失败: error_code=10001011 msg=黑名单用户，请与管理员联系
2026-08-26 12:42:05,132 | WARNING | sh.600559 重登失败，继续重试
2026-08-26 12:42:05,132 | ERROR | [401/5212] sh.600549 sh.600549 下载失败(重试5次): error_code=10001011 msg=黑名单用户，请与管理员联系 下载失败: 厦门钨业
2026-08-26 12:42:05,132 | ERROR | [402/5212] sh.600550 sh.600550 下载失败(重试5次): error_code=10001011 msg=黑名单用户，请与管理员联系 下载失败: 保变电气
2026-08-26 12:42:05,132 | ERROR | [403/5212] sh.600551 sh.600551 下载失败(重试5次): error_code=10001011 msg=黑名单用户，请与管理员联系 下载失败: 时代出版
2026-08-26 12:42:05,132 | ERROR | [404/5212] sh.600552 sh.600552 下载失败(重试5次): error_code=10001011 msg=黑名单用户，请与管理员联系 下载失败: 凯盛科技
2026-08-26 12:42:05,132 | ERROR | [405/5212] sh.600556 sh.600556 下载失败(重试5次): error_code=10001011 msg=黑名单用户，请与管理员联系 下载失败: 天下秀
2026-08-26 12:42:05,132 | ERROR | [406/5212] sh.600557 sh.600557 下载失败(重试5次): error_code=10001011 msg=黑名单用户，请与管理员联系 下载失败: 康缘药业
2026-08-26 12:42:05,132 | ERROR | [407/5212] sh.600558 sh.600558 下载失败(重试5次): error_code=10001011 msg=黑名单用户，请与管理员联系 下载失败: 大西洋
2026-08-26 12:42:05,132 | ERROR | [408/5212] sh.600559 sh.600559 下载失败(重试5次): error_code=10001011 msg=黑名单用户，请与管理员联系 下载失败: 老白干酒
2026-08-26 12:42:05,155 | WARNING | sh.600587 第1次请求失败: error_code=10001011 msg=黑名单用户，请与管理员联系
2026-08-26 12:42:07,173 | WARNING | sh.600579 重登失败，继续重试
2026-08-26 12:42:07,196 | WARNING | sh.600579 第2次请求失败: error_code=10001011 msg=黑名单用户，请与管理员联系
2026-08-26 12:42:07,291 | WARNING | sh.600587 重登失败，继续重试
2026-08-26 12:42:07,310 | WARNING | sh.600587 第2次请求失败: error_code=10001011 msg=黑名单用户，请与管理员联系
2026-08-26 12:42:08,287 | WARNING | sh.600567 重登失败，继续重试
2026-08-26 12:42:08,306 | WARNING | sh.600568 第1次请求失败: error_code=10001011 msg=黑名单用户，请与管理员联系
2026-08-26 12:42:11,816 | WARNING | sh.600587 重登失败，继续重试
2026-08-26 12:42:11,839 | WARNING | sh.600587 第3次请求失败: error_code=10001011 msg=黑名单用户，请与管理员联系
2026-08-26 12:42:12,279 | WARNING | sh.600579 重登失败，继续重试
2026-08-26 12:42:12,300 | WARNING | sh.600579 第3次请求失败: error_code=10001011 msg=黑名单用户，请与管理员联系
2026-08-26 12:42:12,457 | WARNING | sh.600570 重登失败，继续重试
2026-08-26 12:42:12,476 | WARNING | sh.600571 第1次请求失败: error_code=10001011 msg=黑名单用户，请与管理员联系
2026-08-26 12:42:13,603 | WARNING | sh.600568 重登失败，继续重试
2026-08-26 12:42:14,533 | WARNING | sh.600571 重登失败，继续重试
2026-08-26 12:42:14,549 | WARNING | sh.600571 第2次请求失败: error_code=10001011 msg=黑名单用户，请与管理员联系
2026-08-26 12:42:14,974 | WARNING | sh.600568 第2次请求失败: error_code=10001011 msg=黑名单用户，请与管理员联系
2026-08-26 12:42:18,114 | WARNING | sh.600587 重登失败，继续重试
2026-08-26 12:42:18,130 | WARNING | sh.600587 第4次请求失败: error_code=10001011 msg=黑名单用户，请与管理员联系
2026-08-26 12:42:18,491 | WARNING | sh.600579 重登失败，继续重试
2026-08-26 12:42:18,607 | WARNING | sh.600571 重登失败，继续重试
2026-08-26 12:42:18,624 | WARNING | sh.600571 第3次请求失败: error_code=10001011 msg=黑名单用户，请与管理员联系
2026-08-26 12:42:18,718 | WARNING | sh.600579 第4次请求失败: error_code=10001011 msg=黑名单用户，请与管理员联系
2026-08-26 12:42:19,447 | WARNING | sh.600568 重登失败，继续重试
2026-08-26 12:42:19,472 | WARNING | sh.600568 第3次请求失败: error_code=10001011 msg=黑名单用户，请与管理员联系
2026-08-26 12:42:25,075 | WARNING | sh.600571 重登失败，继续重试
2026-08-26 12:42:25,096 | WARNING | sh.600571 第4次请求失败: error_code=10001011 msg=黑名单用户，请与管理员联系
2026-08-26 12:42:25,556 | WARNING | sh.600568 重登失败，继续重试
2026-08-26 12:42:25,576 | WARNING | sh.600568 第4次请求失败: error_code=10001011 msg=黑名单用户，请与管理员联系
2026-08-26 12:42:26,423 | WARNING | sh.600587 重登失败，继续重试
2026-08-26 12:42:26,574 | WARNING | sh.600587 第5次请求失败: error_code=10001011 msg=黑名单用户，请与管理员联系
2026-08-26 12:42:26,761 | WARNING | sh.600579 重登失败，继续重试
2026-08-26 12:42:26,776 | WARNING | sh.600579 第5次请求失败: error_code=10001011 msg=黑名单用户，请与管理员联系
2026-08-26 12:42:35,112 | WARNING | sh.600571 重登失败，继续重试
2026-08-26 12:42:35,360 | WARNING | sh.600571 第5次请求失败: error_code=10001011 msg=黑名单用户，请与管理员联系
2026-08-26 12:42:36,376 | WARNING | sh.600568 重登失败，继续重试
2026-08-26 12:42:36,390 | WARNING | sh.600568 第5次请求失败: error_code=10001011 msg=黑名单用户，请与管理员联系
2026-08-26 12:42:36,632 | WARNING | sh.600587 重登失败，继续重试
2026-08-26 12:42:36,835 | WARNING | sh.600579 重登失败，继续重试
2026-08-26 12:42:36,857 | WARNING | sh.600580 第1次请求失败: error_code=10001011 msg=黑名单用户，请与管理员联系
2026-08-26 12:42:37,294 | WARNING | sh.600588 第1次请求失败: error_code=10001011 msg=黑名单用户，请与管理员联系
2026-08-26 12:42:39,166 | WARNING | sh.600580 重登失败，继续重试
2026-08-26 12:42:39,185 | WARNING | sh.600580 第2次请求失败: error_code=10001011 msg=黑名单用户，请与管理员联系
2026-08-26 12:42:39,348 | WARNING | sh.600588 重登失败，继续重试
2026-08-26 12:42:39,577 | WARNING | sh.600588 第2次请求失败: error_code=10001011 msg=黑名单用户，请与管理员联系
2026-08-26 12:42:43,265 | WARNING | sh.600580 重登失败，继续重试
2026-08-26 12:42:43,287 | WARNING | sh.600580 第3次请求失败: error_code=10001011 msg=黑名单用户，请与管理员联系
2026-08-26 12:42:45,118 | WARNING | sh.600588 重登失败，继续重试
2026-08-26 12:42:45,140 | WARNING | sh.600588 第3次请求失败: error_code=10001011 msg=黑名单用户，请与管理员联系
2026-08-26 12:42:46,452 | WARNING | sh.600568 重登失败，继续重试
2026-08-26 12:42:46,470 | WARNING | sh.600569 第1次请求失败: error_code=10001011 msg=黑名单用户，请与管理员联系
2026-08-26 12:42:46,761 | WARNING | sh.600571 重登失败，继续重试
2026-08-26 12:42:46,776 | WARNING | sh.600572 第1次请求失败: error_code=10001011 msg=黑名单用户，请与管理员联系
2026-08-26 12:42:48,554 | WARNING | sh.600569 重登失败，继续重试
2026-08-26 12:42:48,571 | WARNING | sh.600569 第2次请求失败: error_code=10001011 msg=黑名单用户，请与管理员联系
2026-08-26 12:42:48,866 | WARNING | sh.600572 重登失败，继续重试
2026-08-26 12:42:48,888 | WARNING | sh.600572 第2次请求失败: error_code=10001011 msg=黑名单用户，请与管理员联系
2026-08-26 12:42:49,361 | WARNING | sh.600580 重登失败，继续重试
2026-08-26 12:42:49,379 | WARNING | sh.600580 第4次请求失败: error_code=10001011 msg=黑名单用户，请与管理员联系
2026-08-26 12:42:51,226 | WARNING | sh.600588 重登失败，继续重试
2026-08-26 12:42:51,242 | WARNING | sh.600588 第4次请求失败: error_code=10001011 msg=黑名单用户，请与管理员联系
2026-08-26 12:42:53,201 | WARNING | sh.600572 重登失败，继续重试
2026-08-26 12:42:53,221 | WARNING | sh.600572 第3次请求失败: error_code=10001011 msg=黑名单用户，请与管理员联系
2026-08-26 12:42:53,639 | WARNING | sh.600569 重登失败，继续重试
2026-08-26 12:42:53,659 | WARNING | sh.600569 第3次请求失败: error_code=10001011 msg=黑名单用户，请与管理员联系
2026-08-26 12:42:57,726 | WARNING | sh.600580 重登失败，继续重试
2026-08-26 12:42:57,748 | WARNING | sh.600580 第5次请求失败: error_code=10001011 msg=黑名单用户，请与管理员联系
2026-08-26 12:42:59,291 | WARNING | sh.600572 重登失败，继续重试
2026-08-26 12:42:59,320 | WARNING | sh.600572 第4次请求失败: error_code=10001011 msg=黑名单用户，请与管理员联系
2026-08-26 12:42:59,694 | WARNING | sh.600588 重登失败，继续重试
2026-08-26 12:42:59,923 | WARNING | sh.600588 第5次请求失败: error_code=10001011 msg=黑名单用户，请与管理员联系
2026-08-26 12:43:01,783 | WARNING | sh.600569 重登失败，继续重试
2026-08-26 12:43:02,018 | WARNING | sh.600569 第4次请求失败: error_code=10001011 msg=黑名单用户，请与管理员联系
2026-08-26 12:43:07,388 | WARNING | sh.600572 重登失败，继续重试
2026-08-26 12:43:07,404 | WARNING | sh.600572 第5次请求失败: error_code=10001011 msg=黑名单用户，请与管理员联系
2026-08-26 12:43:07,812 | WARNING | sh.600580 重登失败，继续重试
2026-08-26 12:43:07,832 | WARNING | sh.600581 第1次请求失败: error_code=10001011 msg=黑名单用户，请与管理员联系
2026-08-26 12:43:09,893 | WARNING | sh.600581 重登失败，继续重试
2026-08-26 12:43:10,119 | WARNING | sh.600588 重登失败，继续重试
2026-08-26 12:43:10,350 | WARNING | sh.600589 第1次请求失败: error_code=10001011 msg=黑名单用户，请与管理员联系
2026-08-26 12:43:10,553 | WARNING | sh.600581 第2次请求失败: error_code=10001011 msg=黑名单用户，请与管理员联系
2026-08-26 12:43:11,404 | WARNING | sh.600569 重登失败，继续重试
2026-08-26 12:43:11,420 | WARNING | sh.600569 第5次请求失败: error_code=10001011 msg=黑名单用户，请与管理员联系
2026-08-26 12:43:12,694 | WARNING | sh.600589 重登失败，继续重试
2026-08-26 12:43:12,712 | WARNING | sh.600589 第2次请求失败: error_code=10001011 msg=黑名单用户，请与管理员联系
2026-08-26 12:43:14,660 | WARNING | sh.600581 重登失败，继续重试
2026-08-26 12:43:14,898 | WARNING | sh.600581 第3次请求失败: error_code=10001011 msg=黑名单用户，请与管理员联系
2026-08-26 12:43:17,584 | WARNING | sh.600589 重登失败，继续重试
2026-08-26 12:43:17,604 | WARNING | sh.600589 第3次请求失败: error_code=10001011 msg=黑名单用户，请与管理员联系
2026-08-26 12:43:18,155 | WARNING | sh.600572 重登失败，继续重试
2026-08-26 12:43:18,169 | WARNING | sh.600573 第1次请求失败: error_code=10001011 msg=黑名单用户，请与管理员联系
2026-08-26 12:43:20,507 | WARNING | sh.600573 重登失败，继续重试
2026-08-26 12:43:20,527 | WARNING | sh.600573 第2次请求失败: error_code=10001011 msg=黑名单用户，请与管理员联系
2026-08-26 12:43:21,478 | WARNING | sh.600569 重登失败，继续重试
2026-08-26 12:43:21,478 | ERROR | [409/5212] sh.600560 sh.600560 下载失败(重试5次): error_code=10001011 msg=黑名单用户，请与管理员联系 下载失败: 金自天正
2026-08-26 12:43:21,479 | ERROR | [410/5212] sh.600561 sh.600561 下载失败(重试5次): error_code=10001011 msg=黑名单用户，请与管理员联系 下载失败: 江西长运
2026-08-26 12:43:21,479 | ERROR | [411/5212] sh.600562 sh.600562 下载失败(重试5次): error_code=10001011 msg=黑名单用户，请与管理员联系 下载失败: 国睿科技
2026-08-26 12:43:21,479 | ERROR | [412/5212] sh.600563 sh.600563 下载失败(重试5次): error_code=10001011 msg=黑名单用户，请与管理员联系 下载失败: 法拉电子
2026-08-26 12:43:21,479 | ERROR | [413/5212] sh.600566 sh.600566 下载失败(重试5次): error_code=10001011 msg=黑名单用户，请与管理员联系 下载失败: 济川药业
2026-08-26 12:43:21,479 | ERROR | [414/5212] sh.600567 sh.600567 下载失败(重试5次): error_code=10001011 msg=黑名单用户，请与管理员联系 下载失败: 山鹰国际
2026-08-26 12:43:21,479 | ERROR | [415/5212] sh.600568 sh.600568 下载失败(重试5次): error_code=10001011 msg=黑名单用户，请与管理员联系 下载失败: ST中珠
2026-08-26 12:43:21,479 | ERROR | [416/5212] sh.600569 sh.600569 下载失败(重试5次): error_code=10001011 msg=黑名单用户，请与管理员联系 下载失败: 安阳钢铁
2026-08-26 12:43:21,497 | WARNING | sh.600596 第1次请求失败: error_code=10001011 msg=黑名单用户，请与管理员联系
2026-08-26 12:43:21,834 | WARNING | sh.600581 重登失败，继续重试
2026-08-26 12:43:21,930 | WARNING | sh.600581 第4次请求失败: error_code=10001011 msg=黑名单用户，请与管理员联系
2026-08-26 12:43:23,789 | WARNING | sh.600596 重登失败，继续重试
2026-08-26 12:43:23,810 | WARNING | sh.600596 第2次请求失败: error_code=10001011 msg=黑名单用户，请与管理员联系
2026-08-26 12:43:24,424 | WARNING | sh.600589 重登失败，继续重试
2026-08-26 12:43:24,445 | WARNING | sh.600589 第4次请求失败: error_code=10001011 msg=黑名单用户，请与管理员联系
2026-08-26 12:43:24,951 | WARNING | sh.600573 重登失败，继续重试
2026-08-26 12:43:25,599 | WARNING | sh.600573 第3次请求失败: error_code=10001011 msg=黑名单用户，请与管理员联系
2026-08-26 12:43:27,906 | WARNING | sh.600596 重登失败，继续重试
2026-08-26 12:43:27,921 | WARNING | sh.600596 第3次请求失败: error_code=10001011 msg=黑名单用户，请与管理员联系
2026-08-26 12:43:30,338 | WARNING | sh.600581 重登失败，继续重试
2026-08-26 12:43:30,369 | WARNING | sh.600581 第5次请求失败: error_code=10001011 msg=黑名单用户，请与管理员联系
2026-08-26 12:43:31,887 | WARNING | sh.600573 重登失败，继续重试
2026-08-26 12:43:32,115 | WARNING | sh.600573 第4次请求失败: error_code=10001011 msg=黑名单用户，请与管理员联系
2026-08-26 12:43:32,530 | WARNING | sh.600589 重登失败，继续重试
2026-08-26 12:43:32,770 | WARNING | sh.600589 第5次请求失败: error_code=10001011 msg=黑名单用户，请与管理员联系
2026-08-26 12:43:34,003 | WARNING | sh.600596 重登失败，继续重试
2026-08-26 12:43:34,024 | WARNING | sh.600596 第4次请求失败: error_code=10001011 msg=黑名单用户，请与管理员联系
2026-08-26 12:43:40,547 | WARNING | sh.600581 重登失败，继续重试
2026-08-26 12:43:40,565 | WARNING | sh.600582 第1次请求失败: error_code=10001011 msg=黑名单用户，请与管理员联系
2026-08-26 12:43:41,253 | WARNING | sh.600573 重登失败，继续重试
2026-08-26 12:43:41,275 | WARNING | sh.600573 第5次请求失败: error_code=10001011 msg=黑名单用户，请与管理员联系
2026-08-26 12:43:42,082 | WARNING | sh.600596 重登失败，继续重试
2026-08-26 12:43:42,318 | WARNING | sh.600596 第5次请求失败: error_code=10001011 msg=黑名单用户，请与管理员联系
2026-08-26 12:43:42,852 | WARNING | sh.600582 重登失败，继续重试
2026-08-26 12:43:42,866 | WARNING | sh.600582 第2次请求失败: error_code=10001011 msg=黑名单用户，请与管理员联系
2026-08-26 12:43:43,425 | WARNING | sh.600589 重登失败，继续重试
2026-08-26 12:43:43,441 | WARNING | sh.600590 第1次请求失败: error_code=10001011 msg=黑名单用户，请与管理员联系
2026-08-26 12:43:45,968 | WARNING | sh.600590 重登失败，继续重试
2026-08-26 12:43:45,985 | WARNING | sh.600590 第2次请求失败: error_code=10001011 msg=黑名单用户，请与管理员联系
2026-08-26 12:43:47,145 | WARNING | sh.600582 重登失败，继续重试
2026-08-26 12:43:47,163 | WARNING | sh.600582 第3次请求失败: error_code=10001011 msg=黑名单用户，请与管理员联系
2026-08-26 12:43:50,395 | WARNING | sh.600590 重登失败，继续重试
2026-08-26 12:43:50,769 | WARNING | sh.600590 第3次请求失败: error_code=10001011 msg=黑名单用户，请与管理员联系
2026-08-26 12:43:51,344 | WARNING | sh.600573 重登失败，继续重试
2026-08-26 12:43:51,362 | WARNING | sh.600575 第1次请求失败: error_code=10001011 msg=黑名单用户，请与管理员联系
2026-08-26 12:43:53,262 | WARNING | sh.600596 重登失败，继续重试
2026-08-26 12:43:53,280 | WARNING | sh.600597 第1次请求失败: error_code=10001011 msg=黑名单用户，请与管理员联系
2026-08-26 12:43:54,113 | WARNING | sh.600582 重登失败，继续重试
2026-08-26 12:43:54,131 | WARNING | sh.600582 第4次请求失败: error_code=10001011 msg=黑名单用户，请与管理员联系
2026-08-26 12:43:54,208 | WARNING | sh.600575 重登失败，继续重试
2026-08-26 12:43:54,292 | WARNING | sh.600575 第2次请求失败: error_code=10001011 msg=黑名单用户，请与管理员联系
2026-08-26 12:43:57,061 | WARNING | sh.600590 重登失败，继续重试
2026-08-26 12:43:57,076 | WARNING | sh.600590 第4次请求失败: error_code=10001011 msg=黑名单用户，请与管理员联系
2026-08-26 12:43:57,113 | WARNING | sh.600597 重登失败，继续重试
2026-08-26 12:43:57,146 | WARNING | sh.600597 第2次请求失败: error_code=10001011 msg=黑名单用户，请与管理员联系
2026-08-26 12:43:58,659 | WARNING | sh.600575 重登失败，继续重试
2026-08-26 12:43:58,681 | WARNING | sh.600575 第3次请求失败: error_code=10001011 msg=黑名单用户，请与管理员联系
2026-08-26 12:44:01,240 | WARNING | sh.600597 重登失败，继续重试
2026-08-26 12:44:01,352 | WARNING | sh.600597 第3次请求失败: error_code=10001011 msg=黑名单用户，请与管理员联系
2026-08-26 12:44:02,229 | WARNING | sh.600582 重登失败，继续重试
2026-08-26 12:44:02,252 | WARNING | sh.600582 第5次请求失败: error_code=10001011 msg=黑名单用户，请与管理员联系
2026-08-26 12:44:04,745 | WARNING | sh.600575 重登失败，继续重试
2026-08-26 12:44:04,760 | WARNING | sh.600575 第4次请求失败: error_code=10001011 msg=黑名单用户，请与管理员联系
2026-08-26 12:44:06,198 | WARNING | sh.600590 重登失败，继续重试
2026-08-26 12:44:06,216 | WARNING | sh.600590 第5次请求失败: error_code=10001011 msg=黑名单用户，请与管理员联系
2026-08-26 12:44:08,446 | WARNING | sh.600597 重登失败，继续重试
2026-08-26 12:44:08,467 | WARNING | sh.600597 第4次请求失败: error_code=10001011 msg=黑名单用户，请与管理员联系
2026-08-26 12:44:12,557 | WARNING | sh.600582 重登失败，继续重试
2026-08-26 12:44:12,576 | WARNING | sh.600583 第1次请求失败: error_code=10001011 msg=黑名单用户，请与管理员联系
2026-08-26 12:44:12,882 | WARNING | sh.600575 重登失败，继续重试
2026-08-26 12:44:12,899 | WARNING | sh.600575 第5次请求失败: error_code=10001011 msg=黑名单用户，请与管理员联系
2026-08-26 12:44:14,888 | WARNING | sh.600583 重登失败，继续重试
2026-08-26 12:44:14,906 | WARNING | sh.600583 第2次请求失败: error_code=10001011 msg=黑名单用户，请与管理员联系
2026-08-26 12:44:16,617 | WARNING | sh.600590 重登失败，继续重试
2026-08-26 12:44:16,638 | WARNING | sh.600592 第1次请求失败: error_code=10001011 msg=黑名单用户，请与管理员联系
2026-08-26 12:44:17,146 | WARNING | sh.600597 重登失败，继续重试
2026-08-26 12:44:17,172 | WARNING | sh.600597 第5次请求失败: error_code=10001011 msg=黑名单用户，请与管理员联系
2026-08-26 12:44:19,178 | WARNING | sh.600583 重登失败，继续重试
2026-08-26 12:44:19,194 | WARNING | sh.600583 第3次请求失败: error_code=10001011 msg=黑名单用户，请与管理员联系
2026-08-26 12:44:19,700 | WARNING | sh.600592 重登失败，继续重试
2026-08-26 12:44:19,720 | WARNING | sh.600592 第2次请求失败: error_code=10001011 msg=黑名单用户，请与管理员联系
2026-08-26 12:44:23,182 | WARNING | sh.600575 重登失败，继续重试
2026-08-26 12:44:23,202 | WARNING | sh.600576 第1次请求失败: error_code=10001011 msg=黑名单用户，请与管理员联系
2026-08-26 12:44:25,034 | WARNING | sh.600592 重登失败，继续重试
2026-08-26 12:44:25,478 | WARNING | sh.600583 重登失败，继续重试
2026-08-26 12:44:25,478 | WARNING | sh.600576 重登失败，继续重试
2026-08-26 12:44:25,478 | WARNING | sh.600592 第3次请求失败: error_code=10001011 msg=黑名单用户，请与管理员联系
2026-08-26 12:44:25,499 | WARNING | sh.600576 第2次请求失败: error_code=10001011 msg=黑名单用户，请与管理员联系
2026-08-26 12:44:25,499 | WARNING | sh.600583 第4次请求失败: error_code=10001011 msg=黑名单用户，请与管理员联系
2026-08-26 12:44:27,241 | WARNING | sh.600597 重登失败，继续重试
2026-08-26 12:44:27,270 | WARNING | sh.600598 第1次请求失败: error_code=10001011 msg=黑名单用户，请与管理员联系
2026-08-26 12:44:29,687 | WARNING | sh.600598 重登失败，继续重试
2026-08-26 12:44:29,702 | WARNING | sh.600598 第2次请求失败: error_code=10001011 msg=黑名单用户，请与管理员联系
2026-08-26 12:44:30,353 | WARNING | sh.600576 重登失败，继续重试
2026-08-26 12:44:30,389 | WARNING | sh.600576 第3次请求失败: error_code=10001011 msg=黑名单用户，请与管理员联系
2026-08-26 12:44:31,807 | WARNING | sh.600592 重登失败，继续重试
2026-08-26 12:44:31,825 | WARNING | sh.600592 第4次请求失败: error_code=10001011 msg=黑名单用户，请与管理员联系
2026-08-26 12:44:33,987 | WARNING | sh.600598 重登失败，继续重试
2026-08-26 12:44:34,007 | WARNING | sh.600598 第3次请求失败: error_code=10001011 msg=黑名单用户，请与管理员联系
2026-08-26 12:44:34,718 | WARNING | sh.600583 重登失败，继续重试
2026-08-26 12:44:34,735 | WARNING | sh.600583 第5次请求失败: error_code=10001011 msg=黑名单用户，请与管理员联系
2026-08-26 12:44:36,873 | WARNING | sh.600576 重登失败，继续重试
2026-08-26 12:44:36,888 | WARNING | sh.600576 第4次请求失败: error_code=10001011 msg=黑名单用户，请与管理员联系
2026-08-26 12:44:39,911 | WARNING | sh.600592 重登失败，继续重试
2026-08-26 12:44:40,150 | WARNING | sh.600592 第5次请求失败: error_code=10001011 msg=黑名单用户，请与管理员联系
2026-08-26 12:44:40,293 | WARNING | sh.600598 重登失败，继续重试
2026-08-26 12:44:40,621 | WARNING | sh.600598 第4次请求失败: error_code=10001011 msg=黑名单用户，请与管理员联系
2026-08-26 12:44:44,807 | WARNING | sh.600583 重登失败，继续重试
2026-08-26 12:44:44,828 | WARNING | sh.600584 第1次请求失败: error_code=10001011 msg=黑名单用户，请与管理员联系
2026-08-26 12:44:45,169 | WARNING | sh.600576 重登失败，继续重试
2026-08-26 12:44:45,193 | WARNING | sh.600576 第5次请求失败: error_code=10001011 msg=黑名单用户，请与管理员联系
2026-08-26 12:44:46,896 | WARNING | sh.600584 重登失败，继续重试
2026-08-26 12:44:46,914 | WARNING | sh.600584 第2次请求失败: error_code=10001011 msg=黑名单用户，请与管理员联系
2026-08-26 12:44:48,683 | WARNING | sh.600598 重登失败，继续重试
2026-08-26 12:44:48,702 | WARNING | sh.600598 第5次请求失败: error_code=10001011 msg=黑名单用户，请与管理员联系
2026-08-26 12:44:50,230 | WARNING | sh.600592 重登失败，继续重试
2026-08-26 12:44:50,246 | WARNING | sh.600593 第1次请求失败: error_code=10001011 msg=黑名单用户，请与管理员联系
2026-08-26 12:44:51,517 | WARNING | sh.600584 重登失败，继续重试
2026-08-26 12:44:51,539 | WARNING | sh.600584 第3次请求失败: error_code=10001011 msg=黑名单用户，请与管理员联系
2026-08-26 12:44:53,554 | WARNING | sh.600593 重登失败，继续重试
2026-08-26 12:44:53,572 | WARNING | sh.600593 第2次请求失败: error_code=10001011 msg=黑名单用户，请与管理员联系
2026-08-26 12:44:55,487 | WARNING | sh.600576 重登失败，继续重试
2026-08-26 12:44:55,685 | WARNING | sh.600577 第1次请求失败: error_code=10001011 msg=黑名单用户，请与管理员联系
2026-08-26 12:44:57,637 | WARNING | sh.600593 重登失败，继续重试
2026-08-26 12:44:57,639 | WARNING | sh.600584 重登失败，继续重试
2026-08-26 12:44:57,655 | WARNING | sh.600584 第4次请求失败: error_code=10001011 msg=黑名单用户，请与管理员联系
2026-08-26 12:44:57,655 | WARNING | sh.600593 第3次请求失败: error_code=10001011 msg=黑名单用户，请与管理员联系
2026-08-26 12:44:58,768 | WARNING | sh.600598 重登失败，继续重试
2026-08-26 12:44:58,805 | WARNING | sh.600600 第1次请求失败: error_code=10001011 msg=黑名单用户，请与管理员联系
2026-08-26 12:44:58,953 | WARNING | sh.600577 重登失败，继续重试
2026-08-26 12:44:58,975 | WARNING | sh.600577 第2次请求失败: error_code=10001011 msg=黑名单用户，请与管理员联系
2026-08-26 12:45:00,919 | WARNING | sh.600600 重登失败，继续重试
2026-08-26 12:45:01,025 | WARNING | sh.600600 第2次请求失败: error_code=10001011 msg=黑名单用户，请与管理员联系
2026-08-26 12:45:03,739 | WARNING | sh.600593 重登失败，继续重试
2026-08-26 12:45:03,756 | WARNING | sh.600593 第4次请求失败: error_code=10001011 msg=黑名单用户，请与管理员联系
2026-08-26 12:45:04,045 | WARNING | sh.600577 重登失败，继续重试
2026-08-26 12:45:04,066 | WARNING | sh.600577 第3次请求失败: error_code=10001011 msg=黑名单用户，请与管理员联系
2026-08-26 12:45:06,614 | WARNING | sh.600584 重登失败，继续重试
2026-08-26 12:45:06,630 | WARNING | sh.600584 第5次请求失败: error_code=10001011 msg=黑名单用户，请与管理员联系
2026-08-26 12:45:06,874 | WARNING | sh.600600 重登失败，继续重试
2026-08-26 12:45:06,890 | WARNING | sh.600600 第3次请求失败: error_code=10001011 msg=黑名单用户，请与管理员联系
2026-08-26 12:45:10,164 | WARNING | sh.600577 重登失败，继续重试
2026-08-26 12:45:10,179 | WARNING | sh.600577 第4次请求失败: error_code=10001011 msg=黑名单用户，请与管理员联系
2026-08-26 12:45:11,825 | WARNING | sh.600593 重登失败，继续重试
2026-08-26 12:45:12,065 | WARNING | sh.600593 第5次请求失败: error_code=10001011 msg=黑名单用户，请与管理员联系
2026-08-26 12:45:15,015 | WARNING | sh.600600 重登失败，继续重试
2026-08-26 12:45:15,034 | WARNING | sh.600600 第4次请求失败: error_code=10001011 msg=黑名单用户，请与管理员联系
2026-08-26 12:45:16,921 | WARNING | sh.600584 重登失败，继续重试
2026-08-26 12:45:16,941 | WARNING | sh.600585 第1次请求失败: error_code=10001011 msg=黑名单用户，请与管理员联系
2026-08-26 12:45:18,579 | WARNING | sh.600577 重登失败，继续重试
2026-08-26 12:45:18,597 | WARNING | sh.600577 第5次请求失败: error_code=10001011 msg=黑名单用户，请与管理员联系
2026-08-26 12:45:19,003 | WARNING | sh.600585 重登失败，继续重试
2026-08-26 12:45:19,018 | WARNING | sh.600585 第2次请求失败: error_code=10001011 msg=黑名单用户，请与管理员联系
2026-08-26 12:45:22,128 | WARNING | sh.600593 重登失败，继续重试
2026-08-26 12:45:22,146 | WARNING | sh.600594 第1次请求失败: error_code=10001011 msg=黑名单用户，请与管理员联系
2026-08-26 12:45:23,124 | WARNING | sh.600600 重登失败，继续重试
2026-08-26 12:45:23,145 | WARNING | sh.600600 第5次请求失败: error_code=10001011 msg=黑名单用户，请与管理员联系
2026-08-26 12:45:23,490 | WARNING | sh.600585 重登失败，继续重试
2026-08-26 12:45:23,963 | WARNING | sh.600585 第3次请求失败: error_code=10001011 msg=黑名单用户，请与管理员联系
2026-08-26 12:45:24,450 | WARNING | sh.600594 重登失败，继续重试
2026-08-26 12:45:24,472 | WARNING | sh.600594 第2次请求失败: error_code=10001011 msg=黑名单用户，请与管理员联系
2026-08-26 12:45:28,765 | WARNING | sh.600594 重登失败，继续重试
2026-08-26 12:45:28,786 | WARNING | sh.600594 第3次请求失败: error_code=10001011 msg=黑名单用户，请与管理员联系
2026-08-26 12:45:29,668 | WARNING | sh.600577 重登失败，继续重试
2026-08-26 12:45:29,690 | WARNING | sh.600578 第1次请求失败: error_code=10001011 msg=黑名单用户，请与管理员联系
2026-08-26 12:45:30,473 | WARNING | sh.600585 重登失败，继续重试
2026-08-26 12:45:30,496 | WARNING | sh.600585 第4次请求失败: error_code=10001011 msg=黑名单用户，请与管理员联系
2026-08-26 12:45:31,774 | WARNING | sh.600578 重登失败，继续重试
2026-08-26 12:45:31,797 | WARNING | sh.600578 第2次请求失败: error_code=10001011 msg=黑名单用户，请与管理员联系
2026-08-26 12:45:33,237 | WARNING | sh.600600 重登失败，继续重试
2026-08-26 12:45:33,253 | WARNING | sh.600601 第1次请求失败: error_code=10001011 msg=黑名单用户，请与管理员联系
2026-08-26 12:45:34,979 | WARNING | sh.600594 重登失败，继续重试
2026-08-26 12:45:35,018 | WARNING | sh.600594 第4次请求失败: error_code=10001011 msg=黑名单用户，请与管理员联系
2026-08-26 12:45:35,433 | WARNING | sh.600601 重登失败，继续重试
2026-08-26 12:45:35,450 | WARNING | sh.600601 第2次请求失败: error_code=10001011 msg=黑名单用户，请与管理员联系
2026-08-26 12:45:36,021 | WARNING | sh.600578 重登失败，继续重试
2026-08-26 12:45:36,110 | WARNING | sh.600578 第3次请求失败: error_code=10001011 msg=黑名单用户，请与管理员联系
2026-08-26 12:45:39,218 | WARNING | sh.600585 重登失败，继续重试
2026-08-26 12:45:39,240 | WARNING | sh.600585 第5次请求失败: error_code=10001011 msg=黑名单用户，请与管理员联系
2026-08-26 12:45:39,528 | WARNING | sh.600601 重登失败，继续重试
2026-08-26 12:45:39,545 | WARNING | sh.600601 第3次请求失败: error_code=10001011 msg=黑名单用户，请与管理员联系
2026-08-26 12:45:42,622 | WARNING | sh.600578 重登失败，继续重试
2026-08-26 12:45:42,639 | WARNING | sh.600578 第4次请求失败: error_code=10001011 msg=黑名单用户，请与管理员联系
2026-08-26 12:45:43,486 | WARNING | sh.600594 重登失败，继续重试
2026-08-26 12:45:43,500 | WARNING | sh.600594 第5次请求失败: error_code=10001011 msg=黑名单用户，请与管理员联系
2026-08-26 12:45:45,627 | WARNING | sh.600601 重登失败，继续重试
2026-08-26 12:45:45,641 | WARNING | sh.600601 第4次请求失败: error_code=10001011 msg=黑名单用户，请与管理员联系
2026-08-26 12:45:49,457 | WARNING | sh.600585 重登失败，继续重试
2026-08-26 12:45:49,691 | WARNING | sh.600586 第1次请求失败: error_code=10001011 msg=黑名单用户，请与管理员联系
2026-08-26 12:45:50,699 | WARNING | sh.600578 重登失败，继续重试
2026-08-26 12:45:50,925 | WARNING | sh.600578 第5次请求失败: error_code=10001011 msg=黑名单用户，请与管理员联系
2026-08-26 12:45:52,080 | WARNING | sh.600586 重登失败，继续重试
2026-08-26 12:45:52,099 | WARNING | sh.600586 第2次请求失败: error_code=10001011 msg=黑名单用户，请与管理员联系
2026-08-26 12:45:53,574 | WARNING | sh.600594 重登失败，继续重试
2026-08-26 12:45:54,454 | WARNING | sh.600601 重登失败，继续重试
2026-08-26 12:45:54,475 | WARNING | sh.600601 第5次请求失败: error_code=10001011 msg=黑名单用户，请与管理员联系
2026-08-26 12:45:54,485 | WARNING | sh.600595 第1次请求失败: error_code=10001011 msg=黑名单用户，请与管理员联系
2026-08-26 12:45:56,157 | WARNING | sh.600586 重登失败，继续重试
2026-08-26 12:45:56,386 | WARNING | sh.600586 第3次请求失败: error_code=10001011 msg=黑名单用户，请与管理员联系
2026-08-26 12:45:56,569 | WARNING | sh.600595 重登失败，继续重试
2026-08-26 12:45:56,587 | WARNING | sh.600595 第2次请求失败: error_code=10001011 msg=黑名单用户，请与管理员联系
2026-08-26 12:46:00,647 | WARNING | sh.600595 重登失败，继续重试
2026-08-26 12:46:00,874 | WARNING | sh.600595 第3次请求失败: error_code=10001011 msg=黑名单用户，请与管理员联系
2026-08-26 12:46:00,994 | WARNING | sh.600578 重登失败，继续重试
2026-08-26 12:46:00,994 | ERROR | [417/5212] sh.600570 sh.600570 下载失败(重试5次): error_code=10001011 msg=黑名单用户，请与管理员联系 下载失败: 恒生电子
2026-08-26 12:46:00,994 | ERROR | [418/5212] sh.600571 sh.600571 下载失败(重试5次): error_code=10001011 msg=黑名单用户，请与管理员联系 下载失败: 信雅达
2026-08-26 12:46:00,994 | ERROR | [419/5212] sh.600572 sh.600572 下载失败(重试5次): error_code=10001011 msg=黑名单用户，请与管理员联系 下载失败: 康恩贝
2026-08-26 12:46:00,994 | ERROR | [420/5212] sh.600573 sh.600573 下载失败(重试5次): error_code=10001011 msg=黑名单用户，请与管理员联系 下载失败: 惠泉啤酒
2026-08-26 12:46:00,994 | ERROR | [421/5212] sh.600575 sh.600575 下载失败(重试5次): error_code=10001011 msg=黑名单用户，请与管理员联系 下载失败: 淮河能源
2026-08-26 12:46:00,994 | ERROR | [422/5212] sh.600576 sh.600576 下载失败(重试5次): error_code=10001011 msg=黑名单用户，请与管理员联系 下载失败: 祥源文旅
2026-08-26 12:46:00,994 | ERROR | [423/5212] sh.600577 sh.600577 下载失败(重试5次): error_code=10001011 msg=黑名单用户，请与管理员联系 下载失败: 精达股份
2026-08-26 12:46:00,994 | ERROR | [424/5212] sh.600578 sh.600578 下载失败(重试5次): error_code=10001011 msg=黑名单用户，请与管理员联系 下载失败: 京能电力
2026-08-26 12:46:01,017 | WARNING | sh.600605 第1次请求失败: error_code=10001011 msg=黑名单用户，请与管理员联系
2026-08-26 12:46:02,472 | WARNING | sh.600586 重登失败，继续重试
2026-08-26 12:46:02,485 | WARNING | sh.600586 第4次请求失败: error_code=10001011 msg=黑名单用户，请与管理员联系
2026-08-26 12:46:03,113 | WARNING | sh.600605 重登失败，继续重试
2026-08-26 12:46:03,133 | WARNING | sh.600605 第2次请求失败: error_code=10001011 msg=黑名单用户，请与管理员联系
2026-08-26 12:46:04,974 | WARNING | sh.600601 重登失败，继续重试
2026-08-26 12:46:04,997 | WARNING | sh.600602 第1次请求失败: error_code=10001011 msg=黑名单用户，请与管理员联系
2026-08-26 12:46:06,934 | WARNING | sh.600595 重登失败，继续重试
2026-08-26 12:46:06,948 | WARNING | sh.600595 第4次请求失败: error_code=10001011 msg=黑名单用户，请与管理员联系
2026-08-26 12:46:07,194 | WARNING | sh.600605 重登失败，继续重试
2026-08-26 12:46:07,212 | WARNING | sh.600605 第3次请求失败: error_code=10001011 msg=黑名单用户，请与管理员联系
2026-08-26 12:46:09,213 | WARNING | sh.600602 重登失败，继续重试
2026-08-26 12:46:09,226 | WARNING | sh.600602 第2次请求失败: error_code=10001011 msg=黑名单用户，请与管理员联系
2026-08-26 12:46:10,999 | WARNING | sh.600586 重登失败，继续重试
2026-08-26 12:46:11,133 | WARNING | sh.600586 第5次请求失败: error_code=10001011 msg=黑名单用户，请与管理员联系
2026-08-26 12:46:13,281 | WARNING | sh.600605 重登失败，继续重试
2026-08-26 12:46:13,510 | WARNING | sh.600605 第4次请求失败: error_code=10001011 msg=黑名单用户，请与管理员联系
2026-08-26 12:46:14,545 | WARNING | sh.600602 重登失败，继续重试
2026-08-26 12:46:14,568 | WARNING | sh.600602 第3次请求失败: error_code=10001011 msg=黑名单用户，请与管理员联系
2026-08-26 12:46:15,006 | WARNING | sh.600595 重登失败，继续重试
2026-08-26 12:46:15,025 | WARNING | sh.600595 第5次请求失败: error_code=10001011 msg=黑名单用户，请与管理员联系
2026-08-26 12:46:20,617 | WARNING | sh.600602 重登失败，继续重试
2026-08-26 12:46:20,633 | WARNING | sh.600602 第4次请求失败: error_code=10001011 msg=黑名单用户，请与管理员联系
2026-08-26 12:46:21,612 | WARNING | sh.600605 重登失败，继续重试
2026-08-26 12:46:21,843 | WARNING | sh.600605 第5次请求失败: error_code=10001011 msg=黑名单用户，请与管理员联系
2026-08-26 12:46:22,362 | WARNING | sh.600586 重登失败，继续重试
2026-08-26 12:46:22,362 | ERROR | [425/5212] sh.600579 sh.600579 下载失败(重试5次): error_code=10001011 msg=黑名单用户，请与管理员联系 下载失败: 中化装备
2026-08-26 12:46:22,363 | ERROR | [426/5212] sh.600580 sh.600580 下载失败(重试5次): error_code=10001011 msg=黑名单用户，请与管理员联系 下载失败: 卧龙电驱
2026-08-26 12:46:22,363 | ERROR | [427/5212] sh.600581 sh.600581 下载失败(重试5次): error_code=10001011 msg=黑名单用户，请与管理员联系 下载失败: *ST八钢
2026-08-26 12:46:22,363 | ERROR | [428/5212] sh.600582 sh.600582 下载失败(重试5次): error_code=10001011 msg=黑名单用户，请与管理员联系 下载失败: 天地科技
2026-08-26 12:46:22,363 | ERROR | [429/5212] sh.600583 sh.600583 下载失败(重试5次): error_code=10001011 msg=黑名单用户，请与管理员联系 下载失败: 海油工程
2026-08-26 12:46:22,363 | ERROR | [430/5212] sh.600584 sh.600584 下载失败(重试5次): error_code=10001011 msg=黑名单用户，请与管理员联系 下载失败: 长电科技
2026-08-26 12:46:22,363 | ERROR | [431/5212] sh.600585 sh.600585 下载失败(重试5次): error_code=10001011 msg=黑名单用户，请与管理员联系 下载失败: 海螺水泥
2026-08-26 12:46:22,363 | ERROR | [432/5212] sh.600586 sh.600586 下载失败(重试5次): error_code=10001011 msg=黑名单用户，请与管理员联系 下载失败: 金晶科技
2026-08-26 12:46:22,380 | WARNING | sh.600616 第1次请求失败: error_code=10001011 msg=黑名单用户，请与管理员联系
2026-08-26 12:46:24,454 | WARNING | sh.600616 重登失败，继续重试
2026-08-26 12:46:24,468 | WARNING | sh.600616 第2次请求失败: error_code=10001011 msg=黑名单用户，请与管理员联系
2026-08-26 12:46:25,102 | WARNING | sh.600595 重登失败，继续重试
2026-08-26 12:46:25,102 | ERROR | [433/5212] sh.600587 sh.600587 下载失败(重试5次): error_code=10001011 msg=黑名单用户，请与管理员联系 下载失败: 新华医疗
2026-08-26 12:46:25,102 | ERROR | [434/5212] sh.600588 sh.600588 下载失败(重试5次): error_code=10001011 msg=黑名单用户，请与管理员联系 下载失败: 用友网络
2026-08-26 12:46:25,102 | ERROR | [435/5212] sh.600589 sh.600589 下载失败(重试5次): error_code=10001011 msg=黑名单用户，请与管理员联系 下载失败: 大位科技
2026-08-26 12:46:25,102 | ERROR | [436/5212] sh.600590 sh.600590 下载失败(重试5次): error_code=10001011 msg=黑名单用户，请与管理员联系 下载失败: 泰豪科技
2026-08-26 12:46:25,102 | ERROR | [437/5212] sh.600592 sh.600592 下载失败(重试5次): error_code=10001011 msg=黑名单用户，请与管理员联系 下载失败: 龙溪股份
2026-08-26 12:46:25,103 | ERROR | [438/5212] sh.600593 sh.600593 下载失败(重试5次): error_code=10001011 msg=黑名单用户，请与管理员联系 下载失败: 大连圣亚
2026-08-26 12:46:25,103 | ERROR | [439/5212] sh.600594 sh.600594 下载失败(重试5次): error_code=10001011 msg=黑名单用户，请与管理员联系 下载失败: 益佰制药
2026-08-26 12:46:25,103 | ERROR | [440/5212] sh.600595 sh.600595 下载失败(重试5次): error_code=10001011 msg=黑名单用户，请与管理员联系 下载失败: 中孚实业
2026-08-26 12:46:25,120 | WARNING | sh.600624 第1次请求失败: error_code=10001011 msg=黑名单用户，请与管理员联系
2026-08-26 12:46:28,192 | WARNING | sh.600624 重登失败，继续重试
2026-08-26 12:46:28,214 | WARNING | sh.600624 第2次请求失败: error_code=10001011 msg=黑名单用户，请与管理员联系
2026-08-26 12:46:28,767 | WARNING | sh.600616 重登失败，继续重试
2026-08-26 12:46:28,791 | WARNING | sh.600602 重登失败，继续重试
2026-08-26 12:46:28,813 | WARNING | sh.600602 第5次请求失败: error_code=10001011 msg=黑名单用户，请与管理员联系
2026-08-26 12:46:29,678 | WARNING | sh.600616 第3次请求失败: error_code=10001011 msg=黑名单用户，请与管理员联系
2026-08-26 12:46:32,410 | WARNING | sh.600605 重登失败，继续重试
2026-08-26 12:46:32,423 | WARNING | sh.600606 第1次请求失败: error_code=10001011 msg=黑名单用户，请与管理员联系
2026-08-26 12:46:32,491 | WARNING | sh.600624 重登失败，继续重试
2026-08-26 12:46:34,277 | WARNING | sh.600624 第3次请求失败: error_code=10001011 msg=黑名单用户，请与管理员联系
2026-08-26 12:46:34,541 | WARNING | sh.600606 重登失败，继续重试
2026-08-26 12:46:34,555 | WARNING | sh.600606 第2次请求失败: error_code=10001011 msg=黑名单用户，请与管理员联系
2026-08-26 12:46:35,745 | WARNING | sh.600616 重登失败，继续重试
2026-08-26 12:46:35,760 | WARNING | sh.600616 第4次请求失败: error_code=10001011 msg=黑名单用户，请与管理员联系
2026-08-26 12:46:38,790 | WARNING | sh.600606 重登失败，继续重试
2026-08-26 12:46:38,807 | WARNING | sh.600606 第3次请求失败: error_code=10001011 msg=黑名单用户，请与管理员联系
2026-08-26 12:46:38,879 | WARNING | sh.600602 重登失败，继续重试
2026-08-26 12:46:38,896 | WARNING | sh.600603 第1次请求失败: error_code=10001011 msg=黑名单用户，请与管理员联系
2026-08-26 12:46:40,344 | WARNING | sh.600624 重登失败，继续重试
2026-08-26 12:46:40,361 | WARNING | sh.600624 第4次请求失败: error_code=10001011 msg=黑名单用户，请与管理员联系
2026-08-26 12:46:40,972 | WARNING | sh.600603 重登失败，继续重试
2026-08-26 12:46:40,988 | WARNING | sh.600603 第2次请求失败: error_code=10001011 msg=黑名单用户，请与管理员联系
2026-08-26 12:46:43,821 | WARNING | sh.600616 重登失败，继续重试
2026-08-26 12:46:43,838 | WARNING | sh.600616 第5次请求失败: error_code=10001011 msg=黑名单用户，请与管理员联系
2026-08-26 12:46:44,970 | WARNING | sh.600606 重登失败，继续重试
2026-08-26 12:46:44,987 | WARNING | sh.600606 第4次请求失败: error_code=10001011 msg=黑名单用户，请与管理员联系
2026-08-26 12:46:45,045 | WARNING | sh.600603 重登失败，继续重试
2026-08-26 12:46:45,062 | WARNING | sh.600603 第3次请求失败: error_code=10001011 msg=黑名单用户，请与管理员联系
2026-08-26 12:46:48,454 | WARNING | sh.600624 重登失败，继续重试
2026-08-26 12:46:48,468 | WARNING | sh.600624 第5次请求失败: error_code=10001011 msg=黑名单用户，请与管理员联系
2026-08-26 12:46:51,684 | WARNING | sh.600603 重登失败，继续重试
2026-08-26 12:46:51,777 | WARNING | sh.600603 第4次请求失败: error_code=10001011 msg=黑名单用户，请与管理员联系
2026-08-26 12:46:53,219 | WARNING | sh.600606 重登失败，继续重试
2026-08-26 12:46:53,240 | WARNING | sh.600606 第5次请求失败: error_code=10001011 msg=黑名单用户，请与管理员联系
2026-08-26 12:46:54,604 | WARNING | sh.600616 重登失败，继续重试
2026-08-26 12:46:54,625 | WARNING | sh.600617 第1次请求失败: error_code=10001011 msg=黑名单用户，请与管理员联系
2026-08-26 12:46:56,719 | WARNING | sh.600617 重登失败，继续重试
2026-08-26 12:46:56,953 | WARNING | sh.600617 第2次请求失败: error_code=10001011 msg=黑名单用户，请与管理员联系
2026-08-26 12:46:58,690 | WARNING | sh.600624 重登失败，继续重试
2026-08-26 12:46:58,708 | WARNING | sh.600626 第1次请求失败: error_code=10001011 msg=黑名单用户，请与管理员联系
2026-08-26 12:46:59,854 | WARNING | sh.600603 重登失败，继续重试
2026-08-26 12:46:59,875 | WARNING | sh.600603 第5次请求失败: error_code=10001011 msg=黑名单用户，请与管理员联系
2026-08-26 12:47:00,776 | WARNING | sh.600626 重登失败，继续重试
2026-08-26 12:47:01,015 | WARNING | sh.600626 第2次请求失败: error_code=10001011 msg=黑名单用户，请与管理员联系
2026-08-26 12:47:01,262 | WARNING | sh.600617 重登失败，继续重试
2026-08-26 12:47:02,545 | WARNING | sh.600617 第3次请求失败: error_code=10001011 msg=黑名单用户，请与管理员联系
2026-08-26 12:47:03,511 | WARNING | sh.600606 重登失败，继续重试
2026-08-26 12:47:03,525 | WARNING | sh.600609 第1次请求失败: error_code=10001011 msg=黑名单用户，请与管理员联系
2026-08-26 12:47:06,800 | WARNING | sh.600609 重登失败，继续重试
2026-08-26 12:47:06,821 | WARNING | sh.600609 第2次请求失败: error_code=10001011 msg=黑名单用户，请与管理员联系
2026-08-26 12:47:07,244 | WARNING | sh.600626 重登失败，继续重试
2026-08-26 12:47:07,267 | WARNING | sh.600626 第3次请求失败: error_code=10001011 msg=黑名单用户，请与管理员联系
2026-08-26 12:47:08,857 | WARNING | sh.600617 重登失败，继续重试
2026-08-26 12:47:08,874 | WARNING | sh.600617 第4次请求失败: error_code=10001011 msg=黑名单用户，请与管理员联系
2026-08-26 12:47:09,968 | WARNING | sh.600603 重登失败，继续重试
2026-08-26 12:47:10,630 | WARNING | sh.600604 第1次请求失败: error_code=10001011 msg=黑名单用户，请与管理员联系
2026-08-26 12:47:10,914 | WARNING | sh.600609 重登失败，继续重试
2026-08-26 12:47:10,931 | WARNING | sh.600609 第3次请求失败: error_code=10001011 msg=黑名单用户，请与管理员联系
2026-08-26 12:47:13,073 | WARNING | sh.600604 重登失败，继续重试
2026-08-26 12:47:13,094 | WARNING | sh.600604 第2次请求失败: error_code=10001011 msg=黑名单用户，请与管理员联系
2026-08-26 12:47:13,334 | WARNING | sh.600626 重登失败，继续重试
2026-08-26 12:47:13,360 | WARNING | sh.600626 第4次请求失败: error_code=10001011 msg=黑名单用户，请与管理员联系
2026-08-26 12:47:16,939 | WARNING | sh.600617 重登失败，继续重试
2026-08-26 12:47:16,954 | WARNING | sh.600617 第5次请求失败: error_code=10001011 msg=黑名单用户，请与管理员联系
2026-08-26 12:47:16,990 | WARNING | sh.600609 重登失败，继续重试
2026-08-26 12:47:17,009 | WARNING | sh.600609 第4次请求失败: error_code=10001011 msg=黑名单用户，请与管理员联系
2026-08-26 12:47:17,183 | WARNING | sh.600604 重登失败，继续重试
2026-08-26 12:47:17,216 | WARNING | sh.600604 第3次请求失败: error_code=10001011 msg=黑名单用户，请与管理员联系
2026-08-26 12:47:21,468 | WARNING | sh.600626 重登失败，继续重试
2026-08-26 12:47:21,487 | WARNING | sh.600626 第5次请求失败: error_code=10001011 msg=黑名单用户，请与管理员联系
2026-08-26 12:47:23,750 | WARNING | sh.600604 重登失败，继续重试
2026-08-26 12:47:23,764 | WARNING | sh.600604 第4次请求失败: error_code=10001011 msg=黑名单用户，请与管理员联系
2026-08-26 12:47:25,127 | WARNING | sh.600609 重登失败，继续重试
2026-08-26 12:47:25,146 | WARNING | sh.600609 第5次请求失败: error_code=10001011 msg=黑名单用户，请与管理员联系
2026-08-26 12:47:27,020 | WARNING | sh.600617 重登失败，继续重试
2026-08-26 12:47:27,039 | WARNING | sh.600618 第1次请求失败: error_code=10001011 msg=黑名单用户，请与管理员联系
2026-08-26 12:47:29,494 | WARNING | sh.600618 重登失败，继续重试
2026-08-26 12:47:29,514 | WARNING | sh.600618 第2次请求失败: error_code=10001011 msg=黑名单用户，请与管理员联系
2026-08-26 12:47:32,138 | WARNING | sh.600626 重登失败，继续重试
2026-08-26 12:47:32,159 | WARNING | sh.600628 第1次请求失败: error_code=10001011 msg=黑名单用户，请与管理员联系
2026-08-26 12:47:32,241 | WARNING | sh.600604 重登失败，继续重试
2026-08-26 12:47:32,259 | WARNING | sh.600604 第5次请求失败: error_code=10001011 msg=黑名单用户，请与管理员联系
2026-08-26 12:47:34,313 | WARNING | sh.600618 重登失败，继续重试
2026-08-26 12:47:34,332 | WARNING | sh.600618 第3次请求失败: error_code=10001011 msg=黑名单用户，请与管理员联系
2026-08-26 12:47:35,288 | WARNING | sh.600609 重登失败，继续重试
2026-08-26 12:47:35,303 | WARNING | sh.600610 第1次请求失败: error_code=10001011 msg=黑名单用户，请与管理员联系
2026-08-26 12:47:35,475 | WARNING | sh.600628 重登失败，继续重试
2026-08-26 12:47:35,498 | WARNING | sh.600628 第2次请求失败: error_code=10001011 msg=黑名单用户，请与管理员联系
2026-08-26 12:47:37,590 | WARNING | sh.600610 重登失败，继续重试
2026-08-26 12:47:37,609 | WARNING | sh.600610 第2次请求失败: error_code=10001011 msg=黑名单用户，请与管理员联系
2026-08-26 12:47:41,903 | WARNING | sh.600610 重登失败，继续重试
2026-08-26 12:47:41,971 | WARNING | sh.600610 第3次请求失败: error_code=10001011 msg=黑名单用户，请与管理员联系
2026-08-26 12:47:42,025 | WARNING | sh.600628 重登失败，继续重试
2026-08-26 12:47:42,046 | WARNING | sh.600628 第3次请求失败: error_code=10001011 msg=黑名单用户，请与管理员联系
2026-08-26 12:47:42,550 | WARNING | sh.600604 重登失败，继续重试
2026-08-26 12:47:42,550 | ERROR | [441/5212] sh.600596 sh.600596 下载失败(重试5次): error_code=10001011 msg=黑名单用户，请与管理员联系 下载失败: 新安股份
2026-08-26 12:47:42,550 | ERROR | [442/5212] sh.600597 sh.600597 下载失败(重试5次): error_code=10001011 msg=黑名单用户，请与管理员联系 下载失败: 光明乳业
2026-08-26 12:47:42,550 | ERROR | [443/5212] sh.600598 sh.600598 下载失败(重试5次): error_code=10001011 msg=黑名单用户，请与管理员联系 下载失败: 北大荒
2026-08-26 12:47:42,550 | ERROR | [444/5212] sh.600600 sh.600600 下载失败(重试5次): error_code=10001011 msg=黑名单用户，请与管理员联系 下载失败: 青岛啤酒
2026-08-26 12:47:42,550 | ERROR | [445/5212] sh.600601 sh.600601 下载失败(重试5次): error_code=10001011 msg=黑名单用户，请与管理员联系 下载失败: 方正科技
2026-08-26 12:47:42,550 | ERROR | [446/5212] sh.600602 sh.600602 下载失败(重试5次): error_code=10001011 msg=黑名单用户，请与管理员联系 下载失败: 云赛智联
2026-08-26 12:47:42,550 | ERROR | [447/5212] sh.600603 sh.600603 下载失败(重试5次): error_code=10001011 msg=黑名单用户，请与管理员联系 下载失败: 广汇物流
2026-08-26 12:47:42,551 | ERROR | [448/5212] sh.600604 sh.600604 下载失败(重试5次): error_code=10001011 msg=黑名单用户，请与管理员联系 下载失败: 市北高新
2026-08-26 12:47:42,568 | WARNING | sh.600638 第1次请求失败: error_code=10001011 msg=黑名单用户，请与管理员联系
2026-08-26 12:47:44,635 | WARNING | sh.600638 重登失败，继续重试
2026-08-26 12:47:44,653 | WARNING | sh.600638 第2次请求失败: error_code=10001011 msg=黑名单用户，请与管理员联系
2026-08-26 12:47:48,031 | WARNING | sh.600610 重登失败，继续重试
2026-08-26 12:47:48,262 | WARNING | sh.600610 第4次请求失败: error_code=10001011 msg=黑名单用户，请与管理员联系
2026-08-26 12:47:48,332 | WARNING | sh.600628 重登失败，继续重试
2026-08-26 12:47:48,346 | WARNING | sh.600628 第4次请求失败: error_code=10001011 msg=黑名单用户，请与管理员联系
2026-08-26 12:47:48,735 | WARNING | sh.600638 重登失败，继续重试
2026-08-26 12:47:48,755 | WARNING | sh.600638 第3次请求失败: error_code=10001011 msg=黑名单用户，请与管理员联系
2026-08-26 12:47:55,214 | WARNING | sh.600638 重登失败，继续重试
2026-08-26 12:47:55,242 | WARNING | sh.600638 第4次请求失败: error_code=10001011 msg=黑名单用户，请与管理员联系
2026-08-26 12:47:56,335 | WARNING | sh.600610 重登失败，继续重试
2026-08-26 12:47:56,354 | WARNING | sh.600610 第5次请求失败: error_code=10001011 msg=黑名单用户，请与管理员联系
2026-08-26 12:47:57,779 | WARNING | sh.600628 重登失败，继续重试
2026-08-26 12:47:57,801 | WARNING | sh.600628 第5次请求失败: error_code=10001011 msg=黑名单用户，请与管理员联系
2026-08-26 12:47:59,578 | WARNING | sh.600618 重登失败，继续重试
2026-08-26 12:47:59,595 | WARNING | sh.600618 第4次请求失败: error_code=10001011 msg=黑名单用户，请与管理员联系
2026-08-26 12:48:03,811 | WARNING | sh.600638 重登失败，继续重试
2026-08-26 12:48:03,833 | WARNING | sh.600638 第5次请求失败: error_code=10001011 msg=黑名单用户，请与管理员联系
2026-08-26 12:48:06,869 | WARNING | sh.600610 重登失败，继续重试
2026-08-26 12:48:06,898 | WARNING | sh.600611 第1次请求失败: error_code=10001011 msg=黑名单用户，请与管理员联系
2026-08-26 12:48:08,126 | WARNING | sh.600628 重登失败，继续重试
2026-08-26 12:48:08,357 | WARNING | sh.600629 第1次请求失败: error_code=10001011 msg=黑名单用户，请与管理员联系
2026-08-26 12:48:08,691 | WARNING | sh.600618 重登失败，继续重试
2026-08-26 12:48:08,934 | WARNING | sh.600618 第5次请求失败: error_code=10001011 msg=黑名单用户，请与管理员联系
2026-08-26 12:48:09,543 | WARNING | sh.600611 重登失败，继续重试
2026-08-26 12:48:09,560 | WARNING | sh.600611 第2次请求失败: error_code=10001011 msg=黑名单用户，请与管理员联系
2026-08-26 12:48:10,419 | WARNING | sh.600629 重登失败，继续重试
2026-08-26 12:48:10,438 | WARNING | sh.600629 第2次请求失败: error_code=10001011 msg=黑名单用户，请与管理员联系
2026-08-26 12:48:13,943 | WARNING | sh.600611 重登失败，继续重试
2026-08-26 12:48:13,957 | WARNING | sh.600638 重登失败，继续重试
2026-08-26 12:48:13,957 | WARNING | sh.600611 第3次请求失败: error_code=10001011 msg=黑名单用户，请与管理员联系
2026-08-26 12:48:13,973 | WARNING | sh.600639 第1次请求失败: error_code=10001011 msg=黑名单用户，请与管理员联系
2026-08-26 12:48:14,496 | WARNING | sh.600629 重登失败，继续重试
2026-08-26 12:48:14,513 | WARNING | sh.600629 第3次请求失败: error_code=10001011 msg=黑名单用户，请与管理员联系
2026-08-26 12:48:16,127 | WARNING | sh.600639 重登失败，继续重试
2026-08-26 12:48:16,146 | WARNING | sh.600639 第2次请求失败: error_code=10001011 msg=黑名单用户，请与管理员联系
2026-08-26 12:48:19,090 | WARNING | sh.600618 重登失败，继续重试
2026-08-26 12:48:19,112 | WARNING | sh.600619 第1次请求失败: error_code=10001011 msg=黑名单用户，请与管理员联系
2026-08-26 12:48:20,318 | WARNING | sh.600611 重登失败，继续重试
2026-08-26 12:48:20,380 | WARNING | sh.600639 重登失败，继续重试
2026-08-26 12:48:20,399 | WARNING | sh.600639 第3次请求失败: error_code=10001011 msg=黑名单用户，请与管理员联系
2026-08-26 12:48:20,551 | WARNING | sh.600611 第4次请求失败: error_code=10001011 msg=黑名单用户，请与管理员联系
2026-08-26 12:48:20,602 | WARNING | sh.600629 重登失败，继续重试
2026-08-26 12:48:20,624 | WARNING | sh.600629 第4次请求失败: error_code=10001011 msg=黑名单用户，请与管理员联系
2026-08-26 12:48:21,166 | WARNING | sh.600619 重登失败，继续重试
2026-08-26 12:48:21,179 | WARNING | sh.600619 第2次请求失败: error_code=10001011 msg=黑名单用户，请与管理员联系
2026-08-26 12:48:25,831 | WARNING | sh.600619 重登失败，继续重试
2026-08-26 12:48:25,964 | WARNING | sh.600619 第3次请求失败: error_code=10001011 msg=黑名单用户，请与管理员联系
2026-08-26 12:48:28,628 | WARNING | sh.600611 重登失败，继续重试
2026-08-26 12:48:28,651 | WARNING | sh.600611 第5次请求失败: error_code=10001011 msg=黑名单用户，请与管理员联系
2026-08-26 12:48:29,130 | WARNING | sh.600629 重登失败，继续重试
2026-08-26 12:48:29,130 | WARNING | sh.600639 重登失败，继续重试
2026-08-26 12:48:29,144 | WARNING | sh.600629 第5次请求失败: error_code=10001011 msg=黑名单用户，请与管理员联系
2026-08-26 12:48:29,182 | WARNING | sh.600639 第4次请求失败: error_code=10001011 msg=黑名单用户，请与管理员联系
2026-08-26 12:48:32,039 | WARNING | sh.600619 重登失败，继续重试
2026-08-26 12:48:32,056 | WARNING | sh.600619 第4次请求失败: error_code=10001011 msg=黑名单用户，请与管理员联系
2026-08-26 12:48:37,858 | WARNING | sh.600639 重登失败，继续重试
2026-08-26 12:48:38,097 | WARNING | sh.600639 第5次请求失败: error_code=10001011 msg=黑名单用户，请与管理员联系
2026-08-26 12:48:38,716 | WARNING | sh.600611 重登失败，继续重试
2026-08-26 12:48:38,733 | WARNING | sh.600612 第1次请求失败: error_code=10001011 msg=黑名单用户，请与管理员联系
2026-08-26 12:48:39,211 | WARNING | sh.600629 重登失败，继续重试
2026-08-26 12:48:39,225 | WARNING | sh.600630 第1次请求失败: error_code=10001011 msg=黑名单用户，请与管理员联系
2026-08-26 12:48:40,353 | WARNING | sh.600619 重登失败，继续重试
2026-08-26 12:48:40,375 | WARNING | sh.600619 第5次请求失败: error_code=10001011 msg=黑名单用户，请与管理员联系
2026-08-26 12:48:40,796 | WARNING | sh.600612 重登失败，继续重试
2026-08-26 12:48:40,816 | WARNING | sh.600612 第2次请求失败: error_code=10001011 msg=黑名单用户，请与管理员联系
2026-08-26 12:48:41,945 | WARNING | sh.600630 重登失败，继续重试
2026-08-26 12:48:41,959 | WARNING | sh.600630 第2次请求失败: error_code=10001011 msg=黑名单用户，请与管理员联系
2026-08-26 12:48:44,909 | WARNING | sh.600612 重登失败，继续重试
2026-08-26 12:48:44,929 | WARNING | sh.600612 第3次请求失败: error_code=10001011 msg=黑名单用户，请与管理员联系
2026-08-26 12:48:46,015 | WARNING | sh.600630 重登失败，继续重试
2026-08-26 12:48:46,252 | WARNING | sh.600630 第3次请求失败: error_code=10001011 msg=黑名单用户，请与管理员联系
2026-08-26 12:48:48,162 | WARNING | sh.600639 重登失败，继续重试
2026-08-26 12:48:48,179 | WARNING | sh.600640 第1次请求失败: error_code=10001011 msg=黑名单用户，请与管理员联系
2026-08-26 12:48:50,585 | WARNING | sh.600640 重登失败，继续重试
2026-08-26 12:48:50,599 | WARNING | sh.600640 第2次请求失败: error_code=10001011 msg=黑名单用户，请与管理员联系
2026-08-26 12:48:50,782 | WARNING | sh.600619 重登失败，继续重试
2026-08-26 12:48:51,214 | WARNING | sh.600612 重登失败，继续重试
2026-08-26 12:48:51,232 | WARNING | sh.600612 第4次请求失败: error_code=10001011 msg=黑名单用户，请与管理员联系
2026-08-26 12:48:51,467 | WARNING | sh.600620 第1次请求失败: error_code=10001011 msg=黑名单用户，请与管理员联系
2026-08-26 12:48:52,321 | WARNING | sh.600630 重登失败，继续重试
2026-08-26 12:48:52,343 | WARNING | sh.600630 第4次请求失败: error_code=10001011 msg=黑名单用户，请与管理员联系
2026-08-26 12:48:54,181 | WARNING | sh.600620 重登失败，继续重试
2026-08-26 12:48:54,865 | WARNING | sh.600620 第2次请求失败: error_code=10001011 msg=黑名单用户，请与管理员联系
2026-08-26 12:48:54,918 | WARNING | sh.600640 重登失败，继续重试
2026-08-26 12:48:55,385 | WARNING | sh.600640 第3次请求失败: error_code=10001011 msg=黑名单用户，请与管理员联系
2026-08-26 12:48:59,164 | WARNING | sh.600620 重登失败，继续重试
2026-08-26 12:48:59,181 | WARNING | sh.600620 第3次请求失败: error_code=10001011 msg=黑名单用户，请与管理员联系
2026-08-26 12:48:59,307 | WARNING | sh.600612 重登失败，继续重试
2026-08-26 12:48:59,323 | WARNING | sh.600612 第5次请求失败: error_code=10001011 msg=黑名单用户，请与管理员联系
2026-08-26 12:49:00,641 | WARNING | sh.600630 重登失败，继续重试
2026-08-26 12:49:00,663 | WARNING | sh.600630 第5次请求失败: error_code=10001011 msg=黑名单用户，请与管理员联系
2026-08-26 12:49:03,496 | WARNING | sh.600640 重登失败，继续重试
2026-08-26 12:49:03,513 | WARNING | sh.600640 第4次请求失败: error_code=10001011 msg=黑名单用户，请与管理员联系
2026-08-26 12:49:05,252 | WARNING | sh.600620 重登失败，继续重试
2026-08-26 12:49:05,273 | WARNING | sh.600620 第4次请求失败: error_code=10001011 msg=黑名单用户，请与管理员联系
2026-08-26 12:49:09,520 | WARNING | sh.600612 重登失败，继续重试
2026-08-26 12:49:09,766 | WARNING | sh.600613 第1次请求失败: error_code=10001011 msg=黑名单用户，请与管理员联系
2026-08-26 12:49:10,937 | WARNING | sh.600630 重登失败，继续重试
2026-08-26 12:49:10,959 | WARNING | sh.600633 第1次请求失败: error_code=10001011 msg=黑名单用户，请与管理员联系
2026-08-26 12:49:11,805 | WARNING | sh.600640 重登失败，继续重试
2026-08-26 12:49:11,830 | WARNING | sh.600613 重登失败，继续重试
2026-08-26 12:49:11,845 | WARNING | sh.600613 第2次请求失败: error_code=10001011 msg=黑名单用户，请与管理员联系
2026-08-26 12:49:11,879 | WARNING | sh.600640 第5次请求失败: error_code=10001011 msg=黑名单用户，请与管理员联系
2026-08-26 12:49:13,048 | WARNING | sh.600633 重登失败，继续重试
2026-08-26 12:49:13,065 | WARNING | sh.600633 第2次请求失败: error_code=10001011 msg=黑名单用户，请与管理员联系
2026-08-26 12:49:14,013 | WARNING | sh.600620 重登失败，继续重试
2026-08-26 12:49:14,027 | WARNING | sh.600620 第5次请求失败: error_code=10001011 msg=黑名单用户，请与管理员联系
2026-08-26 12:49:16,954 | WARNING | sh.600613 重登失败，继续重试
2026-08-26 12:49:16,975 | WARNING | sh.600613 第3次请求失败: error_code=10001011 msg=黑名单用户，请与管理员联系
2026-08-26 12:49:17,121 | WARNING | sh.600633 重登失败，继续重试
2026-08-26 12:49:17,139 | WARNING | sh.600633 第3次请求失败: error_code=10001011 msg=黑名单用户，请与管理员联系
2026-08-26 12:49:23,040 | WARNING | sh.600613 重登失败，继续重试
2026-08-26 12:49:23,060 | WARNING | sh.600613 第4次请求失败: error_code=10001011 msg=黑名单用户，请与管理员联系
2026-08-26 12:49:23,121 | WARNING | sh.600640 重登失败，继续重试
2026-08-26 12:49:23,136 | WARNING | sh.600641 第1次请求失败: error_code=10001011 msg=黑名单用户，请与管理员联系
2026-08-26 12:49:23,261 | WARNING | sh.600633 重登失败，继续重试
2026-08-26 12:49:23,280 | WARNING | sh.600633 第4次请求失败: error_code=10001011 msg=黑名单用户，请与管理员联系
2026-08-26 12:49:24,264 | WARNING | sh.600620 重登失败，继续重试
2026-08-26 12:49:24,278 | WARNING | sh.600621 第1次请求失败: error_code=10001011 msg=黑名单用户，请与管理员联系
2026-08-26 12:49:25,188 | WARNING | sh.600641 重登失败，继续重试
2026-08-26 12:49:25,202 | WARNING | sh.600641 第2次请求失败: error_code=10001011 msg=黑名单用户，请与管理员联系
2026-08-26 12:49:26,423 | WARNING | sh.600621 重登失败，继续重试
2026-08-26 12:49:26,440 | WARNING | sh.600621 第2次请求失败: error_code=10001011 msg=黑名单用户，请与管理员联系
2026-08-26 12:49:29,469 | WARNING | sh.600641 重登失败，继续重试
2026-08-26 12:49:29,482 | WARNING | sh.600641 第3次请求失败: error_code=10001011 msg=黑名单用户，请与管理员联系
2026-08-26 12:49:30,495 | WARNING | sh.600621 重登失败，继续重试
2026-08-26 12:49:30,513 | WARNING | sh.600621 第3次请求失败: error_code=10001011 msg=黑名单用户，请与管理员联系
2026-08-26 12:49:31,133 | WARNING | sh.600613 重登失败，继续重试
2026-08-26 12:49:31,154 | WARNING | sh.600613 第5次请求失败: error_code=10001011 msg=黑名单用户，请与管理员联系
2026-08-26 12:49:32,350 | WARNING | sh.600633 重登失败，继续重试
2026-08-26 12:49:32,368 | WARNING | sh.600633 第5次请求失败: error_code=10001011 msg=黑名单用户，请与管理员联系
2026-08-26 12:49:35,539 | WARNING | sh.600641 重登失败，继续重试
2026-08-26 12:49:35,553 | WARNING | sh.600641 第4次请求失败: error_code=10001011 msg=黑名单用户，请与管理员联系
2026-08-26 12:49:36,563 | WARNING | sh.600621 重登失败，继续重试
2026-08-26 12:49:36,578 | WARNING | sh.600621 第4次请求失败: error_code=10001011 msg=黑名单用户，请与管理员联系
2026-08-26 12:49:41,226 | WARNING | sh.600613 重登失败，继续重试
2026-08-26 12:49:41,245 | WARNING | sh.600615 第1次请求失败: error_code=10001011 msg=黑名单用户，请与管理员联系
2026-08-26 12:49:42,423 | WARNING | sh.600633 重登失败，继续重试
2026-08-26 12:49:42,438 | WARNING | sh.600635 第1次请求失败: error_code=10001011 msg=黑名单用户，请与管理员联系
2026-08-26 12:49:43,625 | WARNING | sh.600641 重登失败，继续重试
2026-08-26 12:49:43,647 | WARNING | sh.600641 第5次请求失败: error_code=10001011 msg=黑名单用户，请与管理员联系
2026-08-26 12:49:43,735 | WARNING | sh.600615 重登失败，继续重试
2026-08-26 12:49:43,754 | WARNING | sh.600615 第2次请求失败: error_code=10001011 msg=黑名单用户，请与管理员联系
2026-08-26 12:49:45,082 | WARNING | sh.600621 重登失败，继续重试
2026-08-26 12:49:45,104 | WARNING | sh.600621 第5次请求失败: error_code=10001011 msg=黑名单用户，请与管理员联系
2026-08-26 12:49:45,992 | WARNING | sh.600635 重登失败，继续重试
2026-08-26 12:49:46,016 | WARNING | sh.600635 第2次请求失败: error_code=10001011 msg=黑名单用户，请与管理员联系
2026-08-26 12:49:47,850 | WARNING | sh.600615 重登失败，继续重试
2026-08-26 12:49:47,865 | WARNING | sh.600615 第3次请求失败: error_code=10001011 msg=黑名单用户，请与管理员联系
2026-08-26 12:49:50,364 | WARNING | sh.600635 重登失败，继续重试
2026-08-26 12:49:50,379 | WARNING | sh.600635 第3次请求失败: error_code=10001011 msg=黑名单用户，请与管理员联系
2026-08-26 12:49:53,943 | WARNING | sh.600615 重登失败，继续重试
2026-08-26 12:49:53,958 | WARNING | sh.600615 第4次请求失败: error_code=10001011 msg=黑名单用户，请与管理员联系
2026-08-26 12:49:54,270 | WARNING | sh.600641 重登失败，继续重试
2026-08-26 12:49:54,292 | WARNING | sh.600642 第1次请求失败: error_code=10001011 msg=黑名单用户，请与管理员联系
2026-08-26 12:49:55,223 | WARNING | sh.600621 重登失败，继续重试
2026-08-26 12:49:55,247 | WARNING | sh.600622 第1次请求失败: error_code=10001011 msg=黑名单用户，请与管理员联系
2026-08-26 12:49:56,624 | WARNING | sh.600635 重登失败，继续重试
2026-08-26 12:49:56,641 | WARNING | sh.600635 第4次请求失败: error_code=10001011 msg=黑名单用户，请与管理员联系
2026-08-26 12:49:56,855 | WARNING | sh.600642 重登失败，继续重试
2026-08-26 12:49:56,871 | WARNING | sh.600642 第2次请求失败: error_code=10001011 msg=黑名单用户，请与管理员联系
2026-08-26 12:49:57,302 | WARNING | sh.600622 重登失败，继续重试
2026-08-26 12:49:57,319 | WARNING | sh.600622 第2次请求失败: error_code=10001011 msg=黑名单用户，请与管理员联系
2026-08-26 12:50:01,416 | WARNING | sh.600622 重登失败，继续重试
2026-08-26 12:50:01,437 | WARNING | sh.600622 第3次请求失败: error_code=10001011 msg=黑名单用户，请与管理员联系
2026-08-26 12:50:02,031 | WARNING | sh.600615 重登失败，继续重试
2026-08-26 12:50:02,049 | WARNING | sh.600615 第5次请求失败: error_code=10001011 msg=黑名单用户，请与管理员联系
2026-08-26 12:50:02,294 | WARNING | sh.600642 重登失败，继续重试
2026-08-26 12:50:02,311 | WARNING | sh.600642 第3次请求失败: error_code=10001011 msg=黑名单用户，请与管理员联系
2026-08-26 12:50:05,704 | WARNING | sh.600635 重登失败，继续重试
2026-08-26 12:50:05,723 | WARNING | sh.600635 第5次请求失败: error_code=10001011 msg=黑名单用户，请与管理员联系
2026-08-26 12:50:07,793 | WARNING | sh.600622 重登失败，继续重试
2026-08-26 12:50:07,807 | WARNING | sh.600622 第4次请求失败: error_code=10001011 msg=黑名单用户，请与管理员联系
2026-08-26 12:50:09,364 | WARNING | sh.600642 重登失败，继续重试
2026-08-26 12:50:09,379 | WARNING | sh.600642 第4次请求失败: error_code=10001011 msg=黑名单用户，请与管理员联系
2026-08-26 12:50:12,355 | WARNING | sh.600615 重登失败，继续重试
2026-08-26 12:50:12,356 | ERROR | [449/5212] sh.600605 sh.600605 下载失败(重试5次): error_code=10001011 msg=黑名单用户，请与管理员联系 下载失败: 汇通能源
2026-08-26 12:50:12,356 | ERROR | [450/5212] sh.600606 sh.600606 下载失败(重试5次): error_code=10001011 msg=黑名单用户，请与管理员联系 下载失败: 绿地控股
2026-08-26 12:50:12,356 | ERROR | [451/5212] sh.600609 sh.600609 下载失败(重试5次): error_code=10001011 msg=黑名单用户，请与管理员联系 下载失败: 金杯汽车
2026-08-26 12:50:12,356 | ERROR | [452/5212] sh.600610 sh.600610 下载失败(重试5次): error_code=10001011 msg=黑名单用户，请与管理员联系 下载失败: 中毅达
2026-08-26 12:50:12,356 | ERROR | [453/5212] sh.600611 sh.600611 下载失败(重试5次): error_code=10001011 msg=黑名单用户，请与管理员联系 下载失败: 大众交通
2026-08-26 12:50:12,356 | ERROR | [454/5212] sh.600612 sh.600612 下载失败(重试5次): error_code=10001011 msg=黑名单用户，请与管理员联系 下载失败: 老凤祥
2026-08-26 12:50:12,356 | ERROR | [455/5212] sh.600613 sh.600613 下载失败(重试5次): error_code=10001011 msg=黑名单用户，请与管理员联系 下载失败: 神奇制药
2026-08-26 12:50:12,356 | ERROR | [456/5212] sh.600615 sh.600615 下载失败(重试5次): error_code=10001011 msg=黑名单用户，请与管理员联系 下载失败: 鑫源智造
2026-08-26 12:50:12,596 | WARNING | sh.600648 第1次请求失败: error_code=10001011 msg=黑名单用户，请与管理员联系
2026-08-26 12:50:15,850 | WARNING | sh.600622 重登失败，继续重试
2026-08-26 12:50:15,865 | WARNING | sh.600622 第5次请求失败: error_code=10001011 msg=黑名单用户，请与管理员联系
2026-08-26 12:50:16,008 | WARNING | sh.600635 重登失败，继续重试
2026-08-26 12:50:16,023 | WARNING | sh.600637 第1次请求失败: error_code=10001011 msg=黑名单用户，请与管理员联系
2026-08-26 12:50:17,251 | WARNING | sh.600648 重登失败，继续重试
2026-08-26 12:50:17,270 | WARNING | sh.600648 第2次请求失败: error_code=10001011 msg=黑名单用户，请与管理员联系
2026-08-26 12:50:18,077 | WARNING | sh.600637 重登失败，继续重试
2026-08-26 12:50:18,097 | WARNING | sh.600637 第2次请求失败: error_code=10001011 msg=黑名单用户，请与管理员联系
2026-08-26 12:50:18,668 | WARNING | sh.600642 重登失败，继续重试
2026-08-26 12:50:18,686 | WARNING | sh.600642 第5次请求失败: error_code=10001011 msg=黑名单用户，请与管理员联系
2026-08-26 12:50:22,161 | WARNING | sh.600637 重登失败，继续重试
2026-08-26 12:50:22,183 | WARNING | sh.600637 第3次请求失败: error_code=10001011 msg=黑名单用户，请与管理员联系
2026-08-26 12:50:22,368 | WARNING | sh.600648 重登失败，继续重试
2026-08-26 12:50:22,383 | WARNING | sh.600648 第3次请求失败: error_code=10001011 msg=黑名单用户，请与管理员联系
2026-08-26 12:50:25,937 | WARNING | sh.600622 重登失败，继续重试
2026-08-26 12:50:26,017 | WARNING | sh.600623 第1次请求失败: error_code=10001011 msg=黑名单用户，请与管理员联系
2026-08-26 12:50:28,090 | WARNING | sh.600623 重登失败，继续重试
2026-08-26 12:50:28,108 | WARNING | sh.600623 第2次请求失败: error_code=10001011 msg=黑名单用户，请与管理员联系
2026-08-26 12:50:28,242 | WARNING | sh.600637 重登失败，继续重试
2026-08-26 12:50:28,263 | WARNING | sh.600637 第4次请求失败: error_code=10001011 msg=黑名单用户，请与管理员联系
2026-08-26 12:50:28,744 | WARNING | sh.600648 重登失败，继续重试
2026-08-26 12:50:28,771 | WARNING | sh.600648 第4次请求失败: error_code=10001011 msg=黑名单用户，请与管理员联系
2026-08-26 12:50:31,761 | WARNING | sh.600642 重登失败，继续重试
2026-08-26 12:50:31,780 | WARNING | sh.600643 第1次请求失败: error_code=10001011 msg=黑名单用户，请与管理员联系
2026-08-26 12:50:32,225 | WARNING | sh.600623 重登失败，继续重试
2026-08-26 12:50:32,462 | WARNING | sh.600623 第3次请求失败: error_code=10001011 msg=黑名单用户，请与管理员联系
2026-08-26 12:50:33,857 | WARNING | sh.600643 重登失败，继续重试
2026-08-26 12:50:34,087 | WARNING | sh.600643 第2次请求失败: error_code=10001011 msg=黑名单用户，请与管理员联系
2026-08-26 12:50:36,849 | WARNING | sh.600648 重登失败，继续重试
2026-08-26 12:50:36,867 | WARNING | sh.600648 第5次请求失败: error_code=10001011 msg=黑名单用户，请与管理员联系
2026-08-26 12:50:37,346 | WARNING | sh.600637 重登失败，继续重试
2026-08-26 12:50:37,364 | WARNING | sh.600637 第5次请求失败: error_code=10001011 msg=黑名单用户，请与管理员联系
2026-08-26 12:50:38,216 | WARNING | sh.600643 重登失败，继续重试
2026-08-26 12:50:38,233 | WARNING | sh.600643 第3次请求失败: error_code=10001011 msg=黑名单用户，请与管理员联系
2026-08-26 12:50:38,604 | WARNING | sh.600623 重登失败，继续重试
2026-08-26 12:50:38,622 | WARNING | sh.600623 第4次请求失败: error_code=10001011 msg=黑名单用户，请与管理员联系
2026-08-26 12:50:44,303 | WARNING | sh.600643 重登失败，继续重试
2026-08-26 12:50:44,320 | WARNING | sh.600643 第4次请求失败: error_code=10001011 msg=黑名单用户，请与管理员联系
2026-08-26 12:50:46,686 | WARNING | sh.600623 重登失败，继续重试
2026-08-26 12:50:46,703 | WARNING | sh.600623 第5次请求失败: error_code=10001011 msg=黑名单用户，请与管理员联系
2026-08-26 12:50:46,931 | WARNING | sh.600648 重登失败，继续重试
2026-08-26 12:50:46,948 | WARNING | sh.600649 第1次请求失败: error_code=10001011 msg=黑名单用户，请与管理员联系
