date,code,open,high,low,close,preclose,volume,amount,turn,tradestatus,pctChg,peTTM,pbMRQ,psTTM,pcfNcfTTM,isST
2016-08-29,sh.600489,13.0900,13.2300,13.0100,13.1100,13.2700,43165645,566627648.0000,1.250766,1,-1.205700,354.557184,4.556420,1.305212,145.502092,0
2016-08-30,sh.600489,13.2100,13.3600,13.1000,13.1500,13.1100,46126332,609028112.0000,1.336555,1,0.305100,196.688929,3.445514,1.389636,42.666688,0
2016-08-31,sh.600489,13.0000,13.2900,12.9700,13.2800,13.1500,48778747,643382128.0000,1.413411,1,0.988600,198.633382,3.479576,1.403374,43.088488,0
2016-09-01,sh.600489,13.2500,13.5400,13.2100,13.2700,13.2800,55211293,738135648.0000,1.599800,1,-0.075300,198.483809,3.476956,1.402317,43.056042,0
2016-09-02,sh.600489,13.3400,13.4800,13.0200,13.1200,13.2700,58398936,775340960.0000,1.692165,1,-1.130400,196.240209,3.437654,1.386465,42.569350,0
2016-09-05,sh.600489,13.3200,13.4300,13.1100,13.2400,13.1200,47555607,630697776.0000,1.377969,1,0.914633,198.035089,3.469096,1.399147,42.958704,0
2016-09-06,sh.600489,13.2000,13.2500,12.9800,13.1900,13.2400,42390680,555091072.0000,1.228310,1,-0.377645,197.287222,3.455995,1.393863,42.796473,0
2016-09-07,sh.600489,13.5200,13.6500,13.3600,13.4200,13.1900,86631096,1167376144.0000,2.510219,1,1.743749,200.727408,3.516259,1.418168,43.542734,0
2016-09-08,sh.600489,13.3000,13.4100,13.1500,13.3000,13.4200,38998415,517339344.0000,1.130016,1,-0.894187,198.932529,3.484817,1.405487,43.153381,0
2016-09-09,sh.600489,13.1300,13.2000,13.0000,13.0700,13.3000,45561179,596345728.0000,1.320179,1,-1.729327,195.492342,3.424553,1.381182,42.407119,0
2016-09-12,sh.600489,12.8300,12.8300,12.2500,12.3100,13.0700,74937503,933885584.0000,2.171386,1,-5.814837,184.124769,3.225421,1.300868,39.941212,0
2016-09-13,sh.600489,12.3500,12.4400,12.2100,12.2700,12.3100,36033704,443454416.0000,1.044111,1,-0.324939,183.526476,3.214940,1.296641,39.811427,0
2016-09-14,sh.600489,12.1000,12.6000,11.9200,12.4700,12.2700,60369957,741427360.0000,1.749277,1,1.629990,186.517942,3.267343,1.317776,40.460350,0
2016-09-19,sh.600489,12.2800,12.4900,12.2600,12.4200,12.4700,28564379,353918880.0000,0.827680,1,-0.400964,185.770076,3.254242,1.312492,40.298119,0
2016-09-20,sh.600489,12.4100,12.5000,12.3400,12.4000,12.4200,27672218,343551360.0000,0.801829,1,-0.161034,185.470929,3.249002,1.310379,40.233227,0
2016-09-21,sh.600489,12.4000,12.6500,12.3400,12.6300,12.4000,52608670,658348672.0000,1.524387,1,1.854843,188.911115,3.309266,1.334684,40.979489,0
2016-09-22,sh.600489,12.8400,12.8600,12.6600,12.7100,12.6300,64649795,825339568.0000,1.873290,1,0.633412,190.107702,3.330227,1.343138,41.239058,0
2016-09-23,sh.600489,12.7600,12.8000,12.5000,12.5900,12.7100,32971009,415990272.0000,0.955367,1,-0.944138,188.312822,3.298785,1.330457,40.849704,0
2016-09-26,sh.600489,12.5800,12.5800,12.0200,12.1000,12.5900,41023319,502236192.0000,1.188690,1,-3.891976,180.983729,3.170397,1.278676,39.259843,0
2016-09-27,sh.600489,12.0700,12.2900,12.0700,12.2400,12.1000,26945114,328472128.0000,0.780760,1,1.157020,183.077756,3.207079,1.293471,39.714089,0
2016-09-28,sh.600489,12.1000,12.1400,11.9500,12.0200,12.2400,28901681,348207712.0000,0.837454,1,-1.797380,179.787142,3.149436,1.270222,39.000273,0
2016-09-29,sh.600489,12.0000,12.0700,11.9300,12.0100,12.0200,27511026,330031664.0000,0.797158,1,-0.083197,179.637569,3.146816,1.269165,38.967827,0
2016-09-30,sh.600489,12.0000,12.1400,12.0000,12.1300,12.0100,29527840,356678592.0000,0.855597,1,0.999166,181.432449,3.178258,1.281847,39.357181,0
2016-10-10,sh.600489,11.4500,11.7900,11.4400,11.7800,12.1300,62881786,729498448.0000,1.822060,1,-2.885411,176.197382,3.086552,1.244860,38.221566,0
2016-10-11,sh.600489,11.6800,12.0500,11.6400,12.0000,11.7800,61201176,724989264.0000,1.773363,1,1.867574,179.487996,3.144195,1.268109,38.935381,0
2016-10-12,sh.600489,11.8800,11.9400,11.8200,11.8600,12.0000,25933247,307785040.0000,0.751441,1,-1.166670,177.393969,3.107513,1.253314,38.481135,0
2016-10-13,sh.600489,11.8500,12.0500,11.8200,11.8900,11.8600,34683012,413665872.0000,1.004973,1,0.252957,177.842689,3.115374,1.256484,38.578473,0
2016-10-14,sh.600489,11.8900,11.8900,11.7000,11.8000,11.8900,30918100,363367024.0000,0.895882,1,-0.756940,176.496529,3.091792,1.246974,38.286458,0
2016-10-17,sh.600489,11.8000,12.3500,11.7500,12.1800,11.8000,68502084,825242128.0000,1.984913,1,3.220340,182.180316,3.191358,1.287130,39.519412,0
2016-10-18,sh.600489,12.0300,12.2900,12.0000,12.2500,12.1800,54149551,658953744.0000,1.569035,1,0.574710,183.227329,3.209700,1.294528,39.746535,0
2016-10-19,sh.600489,12.3000,12.4800,12.1600,12.2700,12.2500,53713452,661472720.0000,1.556399,1,0.163269,183.526476,3.214940,1.296641,39.811427,0
2016-10-20,sh.600489,12.4000,12.4500,12.2300,12.2900,12.2700,34529055,425419136.0000,1.000512,1,0.162995,183.825622,3.220180,1.298755,39.876319,0
2016-10-21,sh.600489,12.2000,12.2300,12.0000,12.1600,12.2900,36485088,442523920.0000,1.057190,1,-1.057771,181.881169,3.186118,1.285017,39.454519,0
2016-10-24,sh.600489,12.1000,12.2000,11.9200,12.1900,12.1600,51460060,620145200.0000,1.491104,1,0.246708,182.329889,3.193979,1.288187,39.551858,0
2016-10-25,sh.600489,12.1600,12.4300,12.1000,12.3900,12.1900,65583243,807091504.0000,1.900337,1,1.640695,185.321356,3.246382,1.309322,40.200781,0
2016-10-26,sh.600489,12.4600,12.6000,12.2800,12.3900,12.3900,59434579,739755216.0000,1.722174,1,0.000000,185.321356,3.246382,1.309322,40.200781,0
2016-10-27,sh.600489,12.2000,12.3300,12.2000,12.2600,12.3900,28347174,347342576.0000,0.821386,1,-1.049234,183.376902,3.212320,1.295584,39.778981,0
2016-10-28,sh.600489,12.3000,12.4300,12.1500,12.1700,12.2600,32372437,397560976.0000,0.938022,1,-0.734096,99.715368,3.137129,1.578409,58.219605,0
2016-10-31,sh.600489,12.3500,12.5700,12.2000,12.4600,12.1700,66592398,828489936.0000,1.929578,1,2.382908,102.091494,3.211884,1.616021,59.606925,0
2016-11-01,sh.600489,12.4500,12.7500,12.3600,12.6900,12.4600,62459200,784233040.0000,1.809815,1,1.845903,103.976008,3.271172,1.645851,60.707213,0
2016-11-02,sh.600489,12.9100,13.8800,12.8100,13.7100,12.6900,191067856,2549679184.0000,5.536374,1,8.037828,112.333417,3.534103,1.778142,65.586753,0
2016-11-03,sh.600489,13.7900,13.9400,13.4500,13.7000,13.7100,155398261,2132446784.0000,4.502813,1,-0.072941,112.251482,3.531525,1.776845,65.538914,0
2016-11-04,sh.600489,13.5600,13.8400,13.4500,13.5900,13.7000,87371537,1190795664.0000,2.531674,1,-0.802917,111.350193,3.503170,1.762578,65.012689,0
2016-11-07,sh.600489,13.2500,13.3900,13.0100,13.2800,13.5900,99541317,1313804640.0000,2.884305,1,-2.281092,108.810196,3.423260,1.722372,63.529692,0
2016-11-08,sh.600489,13.0300,13.3700,13.0300,13.3400,13.2800,85748202,1127915792.0000,2.484636,1,0.451810,109.301808,3.438726,1.730154,63.816724,0
2016-11-09,sh.600489,13.1400,14.6700,13.1000,14.6700,13.3400,320215648,4523473152.0000,9.278555,1,9.970015,120.199215,3.781568,1.902650,70.179261,0
2016-11-10,sh.600489,13.7200,14.1400,13.6400,13.9200,14.6700,194053545,2691689360.0000,5.622887,1,-5.112474,114.054060,3.588236,1.805378,66.591364,0
2016-11-11,sh.600489,13.6600,13.7700,13.3100,13.7100,13.9200,148742012,2015841664.0000,4.309942,1,-1.508621,112.333417,3.534103,1.778142,65.586753,0
2016-11-14,sh.600489,13.0000,13.3800,12.9200,13.2900,13.7100,145284660,1917555488.0000,4.209762,1,-3.063458,108.892131,3.425837,1.723669,63.577531,0
2016-11-15,sh.600489,13.3700,13.6300,13.3100,13.3800,13.2900,112949702,1516450256.0000,3.272826,1,0.677202,109.629550,3.449037,1.735342,64.008078,0
2016-11-16,sh.600489,13.3500,13.4700,13.1300,13.3200,13.3800,86446053,1150422320.0000,2.504857,1,-0.448434,109.137937,3.433571,1.727560,63.721047,0
2016-11-17,sh.600489,13.2400,13.3700,13.1700,13.2800,13.3200,52939129,702803024.0000,1.533962,1,-0.300300,108.810196,3.423260,1.722372,63.529692,0
2016-11-18,sh.600489,13.1300,13.1400,12.7900,12.8800,13.2800,101629878,1315077792.0000,2.944823,1,-3.012045,105.532780,3.320149,1.670493,61.616147,0
2016-11-21,sh.600489,12.8500,13.1000,12.8400,13.0900,12.8800,65563605,848549888.0000,1.899768,1,1.630435,107.253423,3.374282,1.697730,62.620758,0
2016-11-22,sh.600489,13.1300,13.1600,13.0200,13.1300,13.0900,68300464,895029568.0000,1.979071,1,0.305576,107.581165,3.384593,1.702918,62.812113,0
2016-11-23,sh.600489,13.0900,13.3300,13.0200,13.2500,13.1300,79225357,1044103808.0000,2.295630,1,0.913937,108.564389,3.415526,1.718481,63.386176,0
2016-11-24,sh.600489,12.8300,13.0800,12.8100,12.9700,13.2500,86413500,1115759952.0000,2.503914,1,-2.113206,106.270199,3.343349,1.682166,62.046695,0
2016-11-25,sh.600489,12.8500,12.9000,12.5400,12.7200,12.9700,81495373,1035466784.0000,2.361406,1,-1.927525,104.221814,3.278905,1.649742,60.850729,0
2016-11-28,sh.600489,12.9000,13.1300,12.8200,13.0400,12.7200,104348067,1355085456.0000,3.023585,1,2.515721,106.843746,3.361393,1.691245,62.381565,0
2016-11-29,sh.600489,13.0000,13.1500,12.8300,13.0000,13.0400,84452088,1096595120.0000,2.447080,1,-0.306748,106.516005,3.351082,1.686057,62.190211,0
2016-11-30,sh.600489,12.9000,13.1000,12.8000,12.9400,13.0000,64335614,834639680.0000,1.864186,1,-0.461542,106.024392,3.335616,1.678275,61.903179,0
2016-12-01,sh.600489,12.8000,13.1900,12.7200,13.1800,12.9400,97814420,1267119456.0000,2.834266,1,1.854720,107.990842,3.397482,1.709402,63.051306,0
2016-12-02,sh.600489,13.1000,13.5300,13.0500,13.2800,13.1800,174545131,2325318496.0000,5.057612,1,0.758721,108.810196,3.423260,1.722372,63.529692,0
2016-12-05,sh.600489,13.2600,13.2600,12.6300,12.7000,13.2800,108841677,1399447328.0000,3.153792,1,-4.367469,104.057943,3.273750,1.647148,60.755052,0
2016-12-06,sh.600489,12.6600,12.7700,12.4500,12.5000,12.7000,69550831,873103248.0000,2.015302,1,-1.574802,102.419235,3.222195,1.621209,59.798280,0
2016-12-07,sh.600489,12.4700,12.5000,12.2900,12.4700,12.5000,58243330,721632208.0000,1.687656,1,-0.239998,102.173429,3.214461,1.617318,59.654764,0
2016-12-08,sh.600489,12.5500,12.7000,12.5000,12.5900,12.4700,55181342,695457568.0000,1.598932,1,0.962309,103.156654,3.245394,1.632881,60.228827,0
2016-12-09,sh.600489,12.4500,12.6500,12.3300,12.5500,12.5900,54775662,683283584.0000,1.587177,1,-0.317712,102.828912,3.235083,1.627693,60.037473,0
2016-12-12,sh.600489,12.3600,12.6500,12.0700,12.2100,12.5500,64530090,799653424.0000,1.869821,1,-2.709164,100.043109,3.147440,1.583597,58.410959,0
2016-12-13,sh.600489,12.2300,12.3100,11.7200,12.0600,12.2100,55097934,659927904.0000,1.596515,1,-1.228498,98.814078,3.108773,1.564142,57.693380,0
2016-12-14,sh.600489,12.0000,12.5000,11.9800,12.4600,12.0600,89334861,1100884736.0000,2.588563,1,3.316746,102.091494,3.211884,1.616021,59.606925,0
2016-12-15,sh.600489,12.0000,12.1600,11.9100,12.0800,12.4600,70113660,843885136.0000,2.031610,1,-3.049760,98.977949,3.113929,1.566736,57.789057,0
2016-12-16,sh.600489,11.9200,11.9800,11.7500,11.9500,12.0800,56404120,668548352.0000,1.634363,1,-1.076160,97.912789,3.080418,1.549875,57.167155,0
2016-12-19,sh.600489,11.9800,12.0500,11.8900,12.0300,11.9500,40157705,480698464.0000,1.163608,1,0.669455,98.568272,3.101040,1.560251,57.549864,0
2016-12-20,sh.600489,12.0000,12.0100,11.8300,11.9000,12.0300,31469295,374700304.0000,0.911853,1,-1.080633,97.503112,3.067529,1.543391,56.927962,0
2016-12-21,sh.600489,11.8400,12.0700,11.8300,12.0600,11.9000,42215839,505778608.0000,1.223244,1,1.344545,98.814078,3.108773,1.564142,57.693380,0
2016-12-22,sh.600489,12.0000,12.0100,11.9100,11.9600,12.0600,26597647,317828272.0000,0.770692,1,-0.829191,97.994724,3.082996,1.551172,57.214994,0
2016-12-23,sh.600489,11.9800,12.0300,11.8900,11.9000,11.9600,25576104,305754240.0000,0.741092,1,-0.501676,97.503112,3.067529,1.543391,56.927962,0
2016-12-26,sh.600489,11.8600,11.8700,11.5000,11.7400,11.9000,43491260,506610832.0000,1.260201,1,-1.344537,96.192146,3.026285,1.522639,56.162544,0
2016-12-27,sh.600489,11.7000,11.8700,11.6500,11.8400,11.7400,35734781,421347296.0000,1.035449,1,0.851792,97.011500,3.052063,1.535609,56.640930,0
2016-12-28,sh.600489,11.8500,12.0200,11.8400,11.9300,11.8400,40614954,484880496.0000,1.176857,1,0.760136,97.748918,3.075263,1.547281,57.071478,0
2016-12-29,sh.600489,12.0500,12.1700,12.0300,12.0900,11.9300,50672341,612961616.0000,1.468280,1,1.341155,99.059884,3.116507,1.568033,57.836896,0
2016-12-30,sh.600489,12.3300,12.4000,12.0600,12.0900,12.0900,42394474,516708720.0000,1.228420,1,0.000000,99.059884,3.116507,1.568033,57.836896,0
2017-01-03,sh.600489,12.0400,12.1400,12.0200,12.1200,12.0900,26741098,323208288.0000,0.774849,1,0.248137,99.305691,3.124240,1.571924,57.980412,0
2017-01-04,sh.600489,12.1400,12.1700,12.0000,12.1400,12.1200,33668375,407460128.0000,0.975573,1,0.165020,99.469561,3.129395,1.574518,58.076089,0
2017-01-05,sh.600489,12.2500,12.3900,12.1500,12.2900,12.1400,62331433,764927488.0000,1.806113,1,1.235582,100.698592,3.168062,1.593972,58.793668,0
2017-01-06,sh.600489,12.2900,12.4300,12.1600,12.1900,12.2900,45889477,562812800.0000,1.329691,1,-0.813673,99.879238,3.142284,1.581003,58.315282,0
2017-01-09,sh.600489,12.1100,12.1400,11.9900,12.0600,12.1900,37417133,450438144.0000,1.084197,1,-1.066441,98.814078,3.108773,1.564142,57.693380,0
2017-01-10,sh.600489,12.1800,12.2800,12.0700,12.2000,12.0600,55564063,676139904.0000,1.610022,1,1.160857,99.961174,3.144862,1.582300,58.363121,0
2017-01-11,sh.600489,12.2000,12.2000,12.0900,12.1500,12.2000,32287742,391968688.0000,0.935568,1,-0.409838,99.551497,3.131973,1.575815,58.123928,0
2017-01-12,sh.600489,12.1900,12.2600,12.1200,12.2100,12.1500,39859540,486153728.0000,1.154968,1,0.493831,100.043109,3.147440,1.583597,58.410959,0
2017-01-13,sh.600489,12.1500,12.1500,11.8500,11.8600,12.2100,38449597,460187216.0000,1.114114,1,-2.866506,97.175371,3.057218,1.538203,56.736608,0
2017-01-16,sh.600489,11.9000,11.9900,11.6300,11.9600,11.8600,52796528,624696048.0000,1.529830,1,0.843174,97.994724,3.082996,1.551172,57.214994,0
2017-01-17,sh.600489,11.9100,12.2500,11.8400,12.1600,11.9600,40718603,491017168.0000,1.179860,1,1.672239,99.633432,3.134551,1.577112,58.171766,0
2017-01-18,sh.600489,12.2100,12.5800,12.1100,12.4600,12.1600,82070553,1012006608.0000,2.378073,1,2.467107,102.091494,3.211884,1.616021,59.606925,0
2017-01-19,sh.600489,12.2500,12.2700,12.1400,12.1900,12.4600,40055848,488583376.0000,1.160656,1,-2.166938,99.879238,3.142284,1.581003,58.315282,0
2017-01-20,sh.600489,12.1400,12.4000,12.1400,12.2900,12.1900,34975141,429473504.0000,1.013438,1,0.820348,100.698592,3.168062,1.593972,58.793668,0
2017-01-23,sh.600489,12.4000,12.5700,12.3400,12.4000,12.2900,46741371,581693648.0000,1.354376,1,0.895034,101.599881,3.196417,1.608239,59.319893,0
2017-01-24,sh.600489,12.4500,12.4800,12.2600,12.2900,12.4000,36824360,454688944.0000,1.067021,1,-0.887094,100.698592,3.168062,1.593972,58.793668,0
2017-01-25,sh.600489,12.2000,12.2500,12.0500,12.0900,12.2900,37940566,460578608.0000,1.099364,1,-1.627338,99.059884,3.116507,1.568033,57.836896,0
2017-01-26,sh.600489,12.0100,12.1900,12.0000,12.1600,12.0900,30520905,369052928.0000,0.884372,1,0.578988,99.633432,3.134551,1.577112,58.171766,0
2017-02-03,sh.600489,12.3700,12.6000,12.3000,12.3300,12.1600,55257403,686099632.0000,1.601136,1,1.398027,101.026334,3.178373,1.599160,58.985023,0
2017-02-06,sh.600489,12.4100,12.4900,12.3300,12.4300,12.3300,44353151,550390320.0000,1.285175,1,0.811033,101.845688,3.204150,1.612130,59.463409,0
2017-02-07,sh.600489,12.5500,12.8500,12.4700,12.8300,12.4300,101129191,1281323984.0000,2.930315,1,3.218018,105.123103,3.307261,1.664008,61.376954,0
2017-02-08,sh.600489,12.7000,12.8700,12.6600,12.7700,12.8300,59111529,754053056.0000,1.712813,1,-0.467650,104.631491,3.291794,1.656227,61.089922,0
2017-02-09,sh.600489,12.8700,12.9500,12.7200,12.8000,12.7700,46765837,599016512.0000,1.355085,1,0.234924,104.877297,3.299527,1.660118,61.233438,0
2017-02-10,sh.600489,12.5600,12.6200,12.5000,12.5900,12.8000,50976449,640340976.0000,1.477091,1,-1.640625,103.156654,3.245394,1.632881,60.228827,0
2017-02-13,sh.600489,12.6000,12.6800,12.5300,12.6600,12.5900,42948311,541656528.0000,1.244468,1,0.555994,103.730202,3.263439,1.641960,60.563698,0
2017-02-14,sh.600489,12.5800,12.6600,12.5000,12.6500,12.6600,34226760,430474176.0000,0.991753,1,-0.078991,103.648266,3.260861,1.640663,60.515859,0
2017-02-15,sh.600489,12.5700,12.5700,12.3800,12.4000,12.6500,39795818,497033696.0000,1.153122,1,-1.976285,101.599881,3.196417,1.608239,59.319893,0
2017-02-16,sh.600489,12.4700,12.5500,12.4500,12.5200,12.4000,30963874,386933296.0000,0.897208,1,0.967749,102.583106,3.227350,1.623803,59.893957,0
2017-02-17,sh.600489,12.5800,12.6100,12.4300,12.4600,12.5200,29856006,373050032.0000,0.865106,1,-0.479237,102.091494,3.211884,1.616021,59.606925,0
2017-02-20,sh.600489,12.4000,12.4500,12.2300,12.4400,12.4600,31040149,382595552.0000,0.899418,1,-0.160517,101.927623,3.206728,1.613427,59.511248,0
2017-02-21,sh.600489,12.3800,12.5600,12.3100,12.5500,12.4400,33952020,422722912.0000,0.983792,1,0.884249,102.828912,3.235083,1.627693,60.037473,0
2017-02-22,sh.600489,12.5700,12.6600,12.4600,12.5000,12.5500,37393488,469151152.0000,1.083512,1,-0.398408,102.419235,3.222195,1.621209,59.798280,0
2017-02-23,sh.600489,12.4900,12.6200,12.4100,12.5800,12.5000,49428688,620496400.0000,1.432243,1,0.639999,103.074718,3.242817,1.631584,60.180989,0
2017-02-24,sh.600489,12.7400,12.7800,12.5600,12.6900,12.5800,61602889,779586432.0000,1.785003,1,0.874401,103.976008,3.271172,1.645851,60.707213,0
2017-02-27,sh.600489,12.7100,12.8500,12.6400,12.6500,12.6900,56219523,715541072.0000,1.629014,1,-0.315209,103.648266,3.260861,1.640663,60.515859,0
2017-02-28,sh.600489,12.5800,12.5800,12.4400,12.5000,12.6500,36020649,450027040.0000,1.043733,1,-1.185768,102.419235,3.222195,1.621209,59.798280,0
2017-03-01,sh.600489,12.3600,12.4400,12.3200,12.4300,12.5000,37679902,466547040.0000,1.091811,1,-0.559998,101.845688,3.204150,1.612130,59.463409,0
2017-03-02,sh.600489,12.3800,12.5200,12.3200,12.3500,12.4300,33785371,419446848.0000,0.978963,1,-0.643604,101.190205,3.183528,1.601754,59.080700,0
2017-03-03,sh.600489,12.2000,12.2000,12.0100,12.0600,12.3500,49044587,592946080.0000,1.421114,1,-2.348178,98.814078,3.108773,1.564142,57.693380,0
2017-03-06,sh.600489,12.0800,12.1200,12.0100,12.1000,12.0600,22857818,275912816.0000,0.662327,1,0.331675,99.141820,3.119084,1.569330,57.884735,0
2017-03-07,sh.600489,12.0500,12.1200,12.0100,12.1000,12.1000,24547631,296276688.0000,0.711291,1,0.000000,99.141820,3.119084,1.569330,57.884735,0
2017-03-08,sh.600489,12.0200,12.0600,11.9900,12.0500,12.1000,23376887,281041568.0000,0.677368,1,-0.413225,98.732143,3.106196,1.562845,57.645541,0
2017-03-09,sh.600489,12.0000,12.0000,11.8300,11.8900,12.0500,27126052,323062208.0000,0.786003,1,-1.327800,97.421177,3.064952,1.542094,56.880123,0
2017-03-10,sh.600489,11.8200,11.9300,11.8200,11.9100,11.8900,16942576,201484914.0000,0.490927,1,0.168204,97.585047,3.070107,1.544688,56.975801,0
2017-03-13,sh.600489,11.9300,12.1300,11.9100,12.1100,11.9100,41382340,499015664.0000,1.199093,1,1.679260,99.223755,3.121662,1.570627,57.932573,0
2017-03-14,sh.600489,12.0700,12.1100,12.0000,12.0500,12.1100,22108533,266350723.0000,0.640616,1,-0.495454,98.732143,3.106196,1.562845,57.645541,0
2017-03-15,sh.600489,12.0500,12.1100,12.0000,12.1100,12.0500,26399827,318549824.0000,0.764960,1,0.497921,99.223755,3.121662,1.570627,57.932573,0
2017-03-16,sh.600489,12.3300,12.3700,12.1300,12.1800,12.1100,42821748,523211008.0000,1.240801,1,0.578040,99.797303,3.139706,1.579706,58.267444,0
2017-03-17,sh.600489,12.1900,12.2400,12.0500,12.0700,12.1800,26308547,319343200.0000,0.762315,1,-0.903125,98.896014,3.111351,1.565439,57.741219,0
2017-03-20,sh.600489,12.0900,12.1400,12.0400,12.0900,12.0700,17474927,211197125.0000,0.506353,1,0.165704,99.059884,3.116507,1.568033,57.836896,0
2017-03-21,sh.600489,12.0600,12.0900,11.8800,11.9400,12.0900,31338829,374057600.0000,0.908073,1,-1.240700,97.830854,3.077840,1.548578,57.119317,0
2017-03-22,sh.600489,12.0500,12.1700,12.0300,12.1100,11.9400,36490818,441281616.0000,1.057356,1,1.423786,99.223755,3.121662,1.570627,57.932573,0
2017-03-23,sh.600489,12.0900,12.2600,11.9700,12.1700,12.1100,45618216,553721424.0000,1.321831,1,0.495462,99.715368,3.137129,1.578409,58.219605,0
2017-03-24,sh.600489,12.0600,12.0700,11.9500,12.0100,12.1700,33419603,400859840.0000,0.968365,1,-1.314707,98.404401,3.095885,1.557657,57.454187,0
2017-03-27,sh.600489,12.0800,12.2900,12.0200,12.2600,12.0100,69689520,848158176.0000,2.019320,1,2.081599,100.452786,3.160328,1.590081,58.650153,0
2017-03-28,sh.600489,12.1800,12.2200,12.0800,12.1100,12.2600,31659850,384701040.0000,0.917374,1,-1.223496,99.223755,3.121662,1.570627,57.932573,0
2017-03-29,sh.600489,12.1200,12.1500,11.9800,12.0400,12.1100,26472281,318556944.0000,0.767060,1,-0.578032,98.650207,3.103618,1.561548,57.597703,0
2017-03-30,sh.600489,12.0000,12.0000,11.6400,11.7100,12.0400,37599875,443800736.0000,1.089492,1,-2.740863,95.946340,3.018552,1.518748,56.019028,0
2017-03-31,sh.600489,11.6800,11.7600,11.6200,11.7200,11.7100,20819849,243071237.0000,0.603275,1,0.085399,96.028275,3.021130,1.520045,56.066867,0
2017-04-05,sh.600489,11.8100,11.8600,11.7300,11.8300,11.7200,21591908,254788922.0000,0.625646,1,0.938564,96.929564,3.049485,1.534312,56.593092,0
2017-04-06,sh.600489,11.8500,11.9200,11.7800,11.8700,11.8300,24907601,294953664.0000,0.721722,1,0.338123,97.257306,3.059796,1.539500,56.784446,0
2017-04-07,sh.600489,11.9500,12.8600,11.9500,12.4900,11.8700,157093097,1958572752.0000,4.551923,1,5.223251,102.337300,3.219617,1.619912,59.750441,0
2017-04-10,sh.600489,12.1500,12.3400,12.1000,12.2600,12.4900,65056975,794770480.0000,1.885088,1,-1.841470,100.452786,3.160328,1.590081,58.650153,0
2017-04-11,sh.600489,12.1400,12.9900,12.1200,12.7600,12.2600,164249957,2078933728.0000,4.759300,1,4.078303,104.549555,3.289216,1.654930,61.042084,0
2017-04-12,sh.600489,13.0500,13.1700,12.6700,12.9000,12.7600,128871695,1663386368.0000,3.734181,1,1.097174,105.696651,3.325305,1.673087,61.711824,0
2017-04-13,sh.600489,13.0800,13.1500,12.7500,12.8000,12.9000,69054713,889722784.0000,2.000926,1,-0.775189,104.877297,3.299527,1.660118,61.233438,0
2017-04-14,sh.600489,12.9000,13.3600,12.8200,13.1600,12.8000,142328181,1868954304.0000,4.124095,1,2.812497,107.826971,3.392326,1.706808,62.955629,0
2017-04-17,sh.600489,12.9300,13.0900,12.5500,12.6500,13.1600,86608385,1104323456.0000,2.509561,1,-3.875382,103.648266,3.260861,1.640663,60.515859,0
2017-04-18,sh.600489,12.5500,12.7200,12.4000,12.6700,12.6500,49099760,614774672.0000,1.422712,1,0.158106,103.812137,3.266016,1.643257,60.611536,0
2017-04-19,sh.600489,12.5900,12.8500,12.2900,12.3600,12.6700,56453833,706875296.0000,1.635804,1,-2.446728,101.272140,3.186106,1.603051,59.128539,0
2017-04-20,sh.600489,12.2100,12.2400,11.9100,11.9800,12.3600,57104652,688075168.0000,1.654662,1,-3.074435,98.158595,3.088151,1.553766,57.310671,0
2017-04-21,sh.600489,12.0000,12.1500,11.9100,12.0300,11.9800,35345935,425126672.0000,1.024182,1,0.417364,98.568272,3.101040,1.560251,57.549864,0
2017-04-24,sh.600489,11.9000,11.9000,11.1300,11.2800,12.0300,71002913,819342432.0000,2.057377,1,-6.234414,92.423118,2.907708,1.462979,53.961967,0
2017-04-25,sh.600489,11.2000,11.4500,11.1800,11.3500,11.2800,36353481,412134256.0000,1.053377,1,0.620573,92.996666,2.925753,1.472057,54.296838,0
2017-04-26,sh.600489,11.2000,11.3600,11.1600,11.3500,11.3500,30697490,345185824.0000,0.889489,1,0.000000,92.996666,2.925753,1.472057,54.296838,0
2017-04-27,sh.600489,11.2800,11.3700,11.1100,11.3100,11.3500,31470869,353489984.0000,0.911899,1,-0.352423,100.048399,2.922329,0.943659,126.656654,0
2017-04-28,sh.600489,11.2700,11.4900,11.2100,11.4500,11.3100,28069943,319637280.0000,0.813353,1,1.237837,101.286841,2.958503,0.955340,128.224464,0
2017-05-02,sh.600489,11.2200,11.2700,11.1200,11.2500,11.4500,29569991,331409136.0000,0.856819,1,-1.746723,99.517639,2.906826,0.938653,125.984735,0
2017-05-03,sh.600489,11.2200,11.2900,11.1500,11.2100,11.2500,21672809,242910173.0000,0.627990,1,-0.355555,99.163798,2.896491,0.935316,125.536789,0
2017-05-04,sh.600489,11.0200,11.0300,10.8100,10.8500,11.2100,48517815,528103136.0000,1.405850,1,-3.211415,95.979234,2.803472,0.905279,121.505278,0
2017-05-05,sh.600489,10.7200,10.8800,10.6400,10.8600,10.8500,30809525,330582016.0000,0.892735,1,0.092159,96.067694,2.806056,0.906113,121.617264,0
2017-05-08,sh.600489,10.7500,10.7800,10.5800,10.6500,10.8600,24170717,257678464.0000,0.700370,1,-1.933702,94.210031,2.751795,0.888592,119.265549,0
2017-05-09,sh.600489,10.6000,10.6000,10.3400,10.5300,10.6500,23601198,247029602.0000,0.683867,1,-1.126760,93.148510,2.720789,0.878579,117.921712,0
2017-05-10,sh.600489,10.4400,10.5400,10.1000,10.1300,10.5300,25240407,262274795.0000,0.731365,1,-3.798667,89.610105,2.617435,0.845205,113.442255,0
2017-05-11,sh.600489,10.1300,10.1300,9.6600,9.9200,10.1300,38426642,379479984.0000,1.113449,1,-2.073051,87.752442,2.563175,0.827684,111.090540,0
2017-05-12,sh.600489,9.9200,10.1700,9.9200,10.1300,9.9200,26049756,262674444.0000,0.754817,1,2.116936,89.610105,2.617435,0.845205,113.442255,0
2017-05-15,sh.600489,10.0200,10.3600,10.0200,10.2600,10.1300,25421348,258984107.0000,0.736608,1,1.283318,90.760086,2.651025,0.856052,114.898078,0
2017-05-16,sh.600489,10.2500,10.3200,10.0800,10.3100,10.2600,24945436,254152043.0000,0.722818,1,0.487331,91.202387,2.663945,0.860224,115.458011,0
2017-05-17,sh.600489,10.3700,10.4700,10.3200,10.3300,10.3100,26948473,279833408.0000,0.780858,1,0.193982,91.379307,2.669112,0.861892,115.681983,0
2017-05-18,sh.600489,10.6800,10.7700,10.4000,10.4400,10.3300,46854139,496276304.0000,1.357643,1,1.064856,92.352369,2.697535,0.871070,116.913834,0
2017-05-19,sh.600489,10.2300,10.3100,10.1600,10.2700,10.4400,25183859,257727000.0000,0.729726,1,-1.628344,90.848547,2.653609,0.856886,115.010065,0
2017-05-22,sh.600489,10.2600,10.2600,10.0100,10.0700,10.2700,19390887,196691891.0000,0.561869,1,-1.947427,89.079344,2.601932,0.840199,112.770336,0
2017-05-23,sh.600489,10.2500,10.2600,9.8700,9.9000,10.0700,23358468,234873922.0000,0.676834,1,-1.688183,87.575522,2.558007,0.826015,110.866567,0
2017-05-24,sh.600489,9.7500,9.7500,9.4900,9.7300,9.9000,26123394,252070063.0000,0.756950,1,-1.717173,86.071700,2.514082,0.811831,108.962798,0
2017-05-25,sh.600489,9.7400,9.8900,9.6400,9.8600,9.7300,26391424,257943485.0000,0.764717,1,1.336075,87.221681,2.547672,0.822677,110.418621,0
2017-05-26,sh.600489,9.8300,10.0300,9.7700,10.0000,9.8600,24112865,239508548.0000,0.698693,1,1.419882,88.460123,2.583845,0.834358,111.986431,0
2017-05-31,sh.600489,9.9400,10.0300,9.9400,9.9800,10.0000,16754561,167059820.0000,0.485479,1,-0.200005,88.283203,2.578678,0.832690,111.762458,0
2017-06-01,sh.600489,10.0000,10.0200,9.6800,9.7000,9.9800,24485441,240485838.0000,0.709489,1,-2.805609,85.806319,2.506330,0.809328,108.626838,0
2017-06-02,sh.600489,9.6000,9.7400,9.5600,9.7400,9.7000,21986195,211887473.0000,0.637071,1,0.412371,86.160160,2.516665,0.812665,109.074784,0
2017-06-05,sh.600489,9.9300,10.1700,9.8700,10.0500,9.7400,35690465,356837040.0000,1.034165,1,3.182756,88.902424,2.596765,0.838530,112.546363,0
2017-06-06,sh.600489,10.0300,10.1500,9.9700,10.1400,10.0500,23898606,240576809.0000,0.692485,1,0.895524,89.698565,2.620019,0.846040,113.554241,0
2017-06-07,sh.600489,10.2000,10.2500,10.0900,10.2200,10.1400,36915018,375436752.0000,1.069648,1,0.788954,90.406246,2.640690,0.852714,114.450133,0
2017-06-08,sh.600489,10.1300,10.1600,10.0800,10.1500,10.2200,21251037,215091922.0000,0.615769,1,-0.684938,89.787025,2.622603,0.846874,113.666228,0
2017-06-09,sh.600489,10.0100,10.0500,9.9500,10.0300,10.1500,24893099,248857801.0000,0.721301,1,-1.182265,88.725504,2.591597,0.836862,112.322391,0
2017-06-12,sh.600489,9.9100,10.0400,9.8800,9.9600,10.0300,23361218,232075500.0000,0.676914,1,-0.697903,88.106283,2.573510,0.831021,111.538486,0
2017-06-13,sh.600489,9.9200,10.0800,9.8800,10.0700,9.9600,22613925,226736686.0000,0.655260,1,1.104414,89.079344,2.601932,0.840199,112.770336,0
2017-06-14,sh.600489,10.0800,10.1900,10.0300,10.1400,10.0700,29572856,299306608.0000,0.856902,1,0.695141,89.698565,2.620019,0.846040,113.554241,0
2017-06-15,sh.600489,10.0600,10.1300,9.9700,10.1100,10.1400,24395981,245170459.0000,0.706897,1,-0.295865,89.433185,2.612268,0.843536,113.218282,0
2017-06-16,sh.600489,10.0300,10.0700,9.9600,10.0300,10.1100,22109381,221326579.0000,0.640640,1,-0.791295,88.725504,2.591597,0.836862,112.322391,0
2017-06-19,sh.600489,10.0000,10.0500,9.9700,10.0500,10.0300,16076775,161026271.0000,0.465840,1,0.199406,88.902424,2.596765,0.838530,112.546363,0
2017-06-20,sh.600489,10.0100,10.1300,10.0000,10.1100,10.0500,25816028,259948482.0000,0.748044,1,0.597010,89.433185,2.612268,0.843536,113.218282,0
2017-06-21,sh.600489,10.0800,10.1800,10.0800,10.1400,10.1100,25365514,256982384.0000,0.734990,1,0.296743,89.698565,2.620019,0.846040,113.554241,0
2017-06-22,sh.600489,10.2100,10.2600,10.1200,10.1300,10.1400,39290057,400058784.0000,1.138467,1,-0.098622,89.610105,2.617435,0.845205,113.442255,0
2017-06-23,sh.600489,10.0800,10.0800,9.8600,10.0200,10.1300,37192454,371042320.0000,1.077687,1,-1.085880,88.637043,2.589013,0.836027,112.210404,0
2017-06-26,sh.600489,9.9600,10.0500,9.9500,10.0300,10.0200,33306752,333063520.0000,0.965095,1,0.099793,88.725504,2.591597,0.836862,112.322391,0
2017-06-27,sh.600489,9.9200,10.0500,9.8900,10.0400,10.0300,38148908,380259968.0000,1.105401,1,0.099703,88.813964,2.594181,0.837696,112.434377,0
2017-06-28,sh.600489,9.9900,10.1000,9.9800,10.0700,10.0400,40590506,408187008.0000,1.176149,1,0.298802,89.079344,2.601932,0.840199,112.770336,0
2017-06-29,sh.600489,10.0500,10.1200,10.0300,10.0900,10.0700,28228236,284703632.0000,0.817940,1,0.198614,89.256264,2.607100,0.841868,112.994309,0
2017-06-30,sh.600489,10.0500,10.0600,10.0000,10.0300,10.0900,17724763,177752220.0000,0.513592,1,-0.594652,88.725504,2.591597,0.836862,112.322391,0
2017-07-03,sh.600489,10.0100,10.0300,9.9500,10.0300,10.0300,18827716,188017025.0000,0.545551,1,0.000000,88.725504,2.591597,0.836862,112.322391,0
2017-07-04,sh.600489,9.9600,10.0400,9.9400,10.0200,10.0300,18066510,180554960.0000,0.523494,1,-0.099694,88.637043,2.589013,0.836027,112.210404,0
2017-07-05,sh.600489,10.0000,10.0400,9.9900,10.0300,9.9900,20391408,204205941.0000,0.590861,1,0.400400,88.725504,2.591597,0.836862,112.322391,0
2017-07-06,sh.600489,10.0500,10.2200,10.0300,10.1700,10.0300,45307836,459545888.0000,1.312838,1,1.395816,89.963945,2.627771,0.848543,113.890201,0
2017-07-07,sh.600489,10.1200,10.3300,10.0600,10.2900,10.1700,47148701,480405920.0000,1.366179,1,1.179940,91.025467,2.658777,0.858555,115.234038,0
2017-07-10,sh.600489,10.1900,10.3000,10.1700,10.1900,10.2900,37620215,384845152.0000,1.090082,1,-0.971821,90.140866,2.632939,0.850211,114.114173,0
2017-07-11,sh.600489,10.1600,10.2400,10.0300,10.0400,10.1900,30042160,304650688.0000,0.870500,1,-1.472028,88.813964,2.594181,0.837696,112.434377,0
2017-07-12,sh.600489,10.1100,10.2200,10.0600,10.1700,10.0400,33449432,338977584.0000,0.969229,1,1.294822,89.963945,2.627771,0.848543,113.890201,0
2017-07-13,sh.600489,10.1900,10.6200,10.1300,10.5100,10.1700,86403142,898499440.0000,2.503614,1,3.343168,92.971589,2.715622,0.876911,117.697739,0
2017-07-14,sh.600489,10.3900,10.4600,10.3100,10.3600,10.5100,37425456,387776736.0000,1.084438,1,-1.427218,91.644688,2.676864,0.864395,116.017943,0
2017-07-17,sh.600489,10.4500,10.7800,10.1000,10.2200,10.3600,81753374,854541584.0000,2.368882,1,-1.351346,90.406246,2.640690,0.852714,114.450133,0
2017-07-18,sh.600489,10.2300,10.4800,10.2100,10.4700,10.2200,52146429,539911696.0000,1.510993,1,2.446184,92.617749,2.705286,0.873573,117.249794,0
2017-07-19,sh.600489,10.7000,11.2900,10.6900,11.1000,10.4700,136000648,1499334080.0000,3.940749,1,6.017193,98.190737,2.868068,0.926138,124.304939,0
2017-07-20,sh.600489,10.8900,11.0000,10.8200,10.9400,11.1000,77893636,848131184.0000,2.257043,1,-1.441449,96.775375,2.826727,0.912788,122.513156,0
2017-07-21,sh.600489,10.9400,11.0400,10.7300,10.9300,10.9400,58321723,633852784.0000,1.689928,1,-0.091401,96.686915,2.824143,0.911954,122.401169,0
2017-07-24,sh.600489,11.0600,11.1300,10.8000,10.8600,10.9300,57271385,626030240.0000,1.659493,1,-0.640445,96.067694,2.806056,0.906113,121.617264,0
2017-07-25,sh.600489,10.8100,10.8200,10.5500,10.6800,10.8600,51669442,550596896.0000,1.497171,1,-1.657453,94.475412,2.759547,0.891095,119.601509,0
2017-07-26,sh.600489,10.6000,10.7800,10.5900,10.6800,10.6800,42047052,449201168.0000,1.218354,1,0.000000,94.475412,2.759547,0.891095,119.601509,0
2017-07-27,sh.600489,10.7900,10.9100,10.7000,10.8200,10.6800,49812474,538489760.0000,1.443364,1,1.310856,95.713853,2.795721,0.902776,121.169319,0
2017-07-28,sh.600489,10.7500,10.7700,10.5800,10.6700,10.8200,33890937,361716480.0000,0.982022,1,-1.386318,94.386951,2.756963,0.890261,119.489522,0
2017-07-31,sh.600489,10.7700,10.9800,10.7700,10.9400,10.6700,58743933,640119552.0000,1.702162,1,2.530455,96.775375,2.826727,0.912788,122.513156,0
2017-08-01,sh.600489,10.9600,11.1500,10.7800,11.0800,10.9400,73169274,802245952.0000,2.120150,1,1.279711,98.013816,2.862901,0.924469,124.080966,0
2017-08-02,sh.600489,10.9700,11.2000,10.8800,10.9000,11.0800,70255989,773801104.0000,2.035734,1,-1.624551,96.421534,2.816392,0.909451,122.065210,0
2017-08-03,sh.600489,10.8300,11.0900,10.8000,10.9500,10.9000,38966171,426353328.0000,1.129082,1,0.458717,96.863835,2.829311,0.913623,122.625142,0
2017-08-04,sh.600489,10.9000,11.7500,10.9000,11.5000,10.9500,134016316,1520034096.0000,3.883251,1,5.022833,101.729142,2.971422,0.959512,128.784396,0
2017-08-07,sh.600489,11.2200,11.3500,11.0900,11.3400,11.5000,78427062,878932784.0000,2.272499,1,-1.391303,100.313780,2.930081,0.946163,126.992613,0
2017-08-08,sh.600489,11.2300,11.7100,11.2200,11.3800,11.3400,77817171,890641904.0000,2.254827,1,0.352733,100.667620,2.940416,0.949500,127.440559,0
2017-08-09,sh.600489,11.4700,11.5500,11.2700,11.5200,11.3800,58810333,671989744.0000,1.704086,1,1.230232,101.906062,2.976590,0.961181,129.008369,0
2017-08-10,sh.600489,11.6600,11.8000,11.5000,11.5700,11.5200,111660839,1300809072.0000,3.235480,1,0.434021,102.348363,2.989509,0.965353,129.568301,0
2017-08-11,sh.600489,11.7000,12.0700,11.1600,11.2500,11.5700,155511475,1822696736.0000,4.506094,1,-2.765771,99.517639,2.906826,0.938653,125.984735,0
2017-08-14,sh.600489,11.2500,11.2500,10.9200,11.2200,11.2500,68597866,761635504.0000,1.987689,1,-0.266664,99.252258,2.899075,0.936150,125.648776,0
2017-08-15,sh.600489,11.0500,11.0700,10.8800,10.9700,11.2200,65179505,714711184.0000,1.888638,1,-2.228164,97.040755,2.834478,0.915291,122.849115,0
2017-08-16,sh.600489,10.9100,10.9400,10.7400,10.8500,10.9700,47811449,517473568.0000,1.385382,1,-1.093891,95.979234,2.803472,0.905279,121.505278,0
2017-08-17,sh.600489,11.0300,11.0700,10.9400,11.0300,10.8500,52116751,574117152.0000,1.510133,1,1.658980,97.571516,2.849982,0.920297,123.521034,0
2017-08-18,sh.600489,10.9900,11.1400,10.9300,11.0000,11.0300,37059163,408343984.0000,1.073825,1,-0.271983,97.306135,2.842230,0.917794,123.185074,0
2017-08-21,sh.600489,11.4800,11.5000,11.1200,11.2000,11.0000,70261396,790315536.0000,2.035891,1,1.818180,99.075338,2.893907,0.934482,125.424803,0
2017-08-22,sh.600489,11.1200,11.2200,11.0100,11.0900,11.2000,41228484,458067408.0000,1.194635,1,-0.982140,98.102277,2.865485,0.925304,124.192952,0
2017-08-23,sh.600489,11.0000,11.0100,10.8300,10.9500,11.0900,34297477,374522112.0000,0.993802,1,-1.262402,96.863835,2.829311,0.913623,122.625142,0
2017-08-24,sh.600489,10.9200,10.9700,10.7900,10.8000,10.9500,31980382,347753872.0000,0.926662,1,-1.369860,95.536933,2.790553,0.901107,120.945346,0
2017-08-25,sh.600489,10.7900,10.9500,10.7300,10.9300,10.8000,29248956,318584592.0000,0.847516,1,1.203705,99.086093,2.815919,0.908018,-78.571706,0
2017-08-28,sh.600489,10.9600,11.2600,10.9500,11.2000,10.9300,58719053,651626512.0000,1.701441,1,2.470261,101.533783,2.885480,0.930449,-80.512635,0
2017-08-29,sh.600489,11.4300,11.4700,11.1900,11.2400,11.2000,61726123,698307584.0000,1.788573,1,0.357142,101.896404,2.895785,0.933772,-80.800181,0
2017-08-30,sh.600489,11.1800,11.2600,11.1000,11.1700,11.2400,41424683,462745872.0000,1.200320,1,-0.622773,101.261817,2.877751,0.927957,-80.296977,0
2017-08-31,sh.600489,11.1100,11.1600,11.0200,11.1500,11.1700,30070096,333689248.0000,0.871310,1,-0.179055,101.080507,2.872598,0.926295,-80.153204,0
2017-09-01,sh.600489,11.2500,11.4000,11.1700,11.3500,11.1500,59612982,674104048.0000,1.727343,1,1.793729,102.893610,2.924124,0.942910,-81.590930,0
2017-09-04,sh.600489,11.5600,11.7600,11.3900,11.7000,11.3500,92900197,1073347328.0000,2.691872,1,3.083695,106.066541,3.014296,0.971987,-84.106950,0
2017-09-05,sh.600489,11.6000,11.6000,11.4300,11.4700,11.7000,50177468,576819584.0000,1.453940,1,-1.965808,103.981472,2.955040,0.952879,-82.453565,0
2017-09-06,sh.600489,11.5500,11.6600,11.4600,11.4700,11.4700,51419190,593948512.0000,1.489920,1,0.000000,103.981472,2.955040,0.952879,-82.453565,0
2017-09-07,sh.600489,11.3700,11.3800,11.2600,11.2900,11.4700,37377483,423087888.0000,1.083048,1,-1.569314,102.349679,2.908666,0.937926,-81.159612,0
2017-09-08,sh.600489,11.3600,11.6900,11.3600,11.5100,11.2900,68996989,795780672.0000,1.999254,1,1.948629,104.344093,2.965346,0.956202,-82.741110,0
2017-09-11,sh.600489,11.3200,11.3300,11.2000,11.3200,11.5100,44884760,505443712.0000,1.300579,1,-1.650743,102.621645,2.916395,0.940418,-81.375271,0
2017-09-12,sh.600489,11.2100,11.2700,11.1900,11.2500,11.3200,40064270,449842295.0000,1.160901,1,-0.618372,101.987059,2.898361,0.934603,-80.872067,0
2017-09-13,sh.600489,11.2300,11.2700,11.1200,11.1900,11.2500,28171923,315080103.0000,0.816308,1,-0.533337,101.443128,2.882903,0.929618,-80.440749,0
2017-09-14,sh.600489,11.1100,11.1500,11.0500,11.1200,11.1900,24264883,269131111.0000,0.703098,1,-0.625556,100.808542,2.864869,0.923803,-79.937545,0
2017-09-15,sh.600489,11.2000,11.2200,11.1000,11.1400,11.1200,22773506,253718224.0000,0.659884,1,0.179860,100.989852,2.870022,0.925464,-80.081318,0
2017-09-18,sh.600489,11.0700,11.1600,10.9900,11.1100,11.1400,24045765,266250720.0000,0.696749,1,-0.269306,100.717886,2.862293,0.922972,-79.865659,0
2017-09-19,sh.600489,11.0700,11.0900,10.9500,11.0100,11.1100,26267826,289142695.0000,0.761135,1,-0.900085,99.811335,2.836529,0.914664,-79.146796,0
2017-09-20,sh.600489,11.0100,11.1800,10.9700,11.1700,11.0100,30488729,337821652.0000,0.883440,1,1.453223,101.261817,2.877751,0.927957,-80.296977,0
2017-09-21,sh.600489,11.0400,11.0400,10.8900,10.9000,11.1700,36724564,402712591.0000,1.064129,1,-2.417193,98.814128,2.808190,0.905526,-78.356047,0
2017-09-22,sh.600489,10.8400,10.8700,10.6600,10.8400,10.9000,29199990,314109223.0000,0.846098,1,-0.550454,98.270197,2.792732,0.900541,-77.924729,0
2017-09-25,sh.600489,10.7600,10.8200,10.6200,10.6700,10.8400,20475200,219284525.0000,0.593288,1,-1.568266,96.729059,2.748935,0.886419,-76.702663,0
2017-09-26,sh.600489,10.7900,10.8500,10.7400,10.7500,10.6700,17887176,193069801.0000,0.518298,1,0.749765,97.454301,2.769545,0.893065,-77.277753,0
2017-09-27,sh.600489,10.6500,10.7400,10.6400,10.6900,10.7500,16218979,173264423.0000,0.469960,1,-0.558143,96.910370,2.754087,0.888080,-76.846435,0
2017-09-28,sh.600489,10.6300,10.6600,10.5400,10.5700,10.6900,20480997,216954261.0000,0.593456,1,-1.122543,95.822508,2.723171,0.878111,-75.983800,0
2017-09-29,sh.600489,10.5900,10.7300,10.5700,10.7200,10.5700,17465449,185854254.0000,0.506078,1,1.419116,97.182335,2.761816,0.890572,-77.062094,0
2017-10-09,sh.600489,10.7200,10.8400,10.7000,10.7800,10.7200,21389953,230220350.0000,0.619794,1,0.559697,97.726266,2.777274,0.895557,-77.493412,0
2017-10-10,sh.600489,10.8000,10.8300,10.6500,10.7400,10.7800,22497755,241462226.0000,0.651894,1,-0.371057,97.363645,2.766969,0.892234,-77.205866,0
2017-10-11,sh.600489,10.7500,10.7600,10.6400,10.6600,10.7400,20378783,217635741.0000,0.590495,1,-0.744878,96.638404,2.746358,0.885588,-76.630776,0
2017-10-12,sh.600489,10.6900,10.7600,10.6400,10.7300,10.6600,19802289,212007612.0000,0.573790,1,0.656658,97.272990,2.764392,0.891403,-77.133980,0
2017-10-13,sh.600489,10.7400,10.7600,10.6500,10.6800,10.7300,19852383,211969100.0000,0.575242,1,-0.465976,96.819714,2.751511,0.887249,-76.774549,0
2017-10-16,sh.600489,10.7100,10.7100,10.5200,10.6800,10.6800,24857472,264420818.0000,0.720269,1,0.000000,96.819714,2.751511,0.887249,-76.774549,0
2017-10-17,sh.600489,10.5800,10.5900,10.4500,10.4700,10.6800,20714275,217437636.0000,0.600216,1,-1.966292,94.915956,2.697408,0.869803,-75.264937,0
2017-10-18,sh.600489,10.4500,10.5300,10.4000,10.4500,10.4700,13646176,142811485.0000,0.395411,1,-0.191026,94.734646,2.692255,0.868142,-75.121164,0
2017-10-19,sh.600489,10.4000,10.4500,10.2000,10.2000,10.4500,20650911,211897227.0000,0.598380,1,-2.392344,92.468267,2.627847,0.847373,-73.324007,0
2017-10-20,sh.600489,10.2400,10.3000,10.1900,10.2900,10.2000,10748690,110299297.0000,0.311454,1,0.882355,93.284163,2.651034,0.854850,-73.970984,0
2017-10-23,sh.600489,10.2100,10.2400,10.1400,10.2300,10.2900,13750369,140191246.0000,0.398430,1,-0.583094,92.740232,2.635576,0.849865,-73.539666,0
2017-10-24,sh.600489,10.2400,10.3200,10.2100,10.3200,10.2300,16714840,171996791.0000,0.484328,1,0.879767,93.556129,2.658763,0.857342,-74.186643,0
2017-10-25,sh.600489,10.2400,10.5500,10.2300,10.3400,10.3200,14870054,153516461.0000,0.430874,1,0.193803,93.737439,2.663916,0.859004,-74.330415,0
2017-10-26,sh.600489,10.3600,10.4300,10.3200,10.4200,10.3400,16129232,167359422.0000,0.467360,1,0.773694,94.462680,2.684527,0.865650,-74.905505,0
2017-10-27,sh.600489,10.3000,10.3400,10.2000,10.2300,10.4200,18675604,191880950.0000,0.541143,1,-1.823422,92.740232,2.635576,0.849865,-73.539666,0
2017-10-30,sh.600489,10.2300,10.2600,9.9600,10.0200,10.2300,20405279,205234029.0000,0.591262,1,-2.052777,90.836474,2.581474,0.832419,-72.030054,0
2017-10-31,sh.600489,10.0000,10.1200,10.0000,10.0800,10.0200,10255280,103262238.0000,0.297157,1,0.598797,134.844842,2.574847,0.794678,-61.699395,0
2017-11-01,sh.600489,10.0300,10.1300,10.0200,10.1200,10.0800,14667517,147812454.0000,0.425005,1,0.396825,135.379941,2.585064,0.797831,-61.944234,0
2017-11-02,sh.600489,10.1100,10.1900,10.0300,10.0500,10.1200,18503650,187291898.0000,0.536161,1,-0.691697,134.443518,2.567183,0.792313,-61.515766,0
2017-11-03,sh.600489,10.0500,10.0600,9.8500,9.9000,10.0500,25677922,254803303.0000,0.744042,1,-1.492543,132.436899,2.528867,0.780487,-60.597620,0
2017-11-06,sh.600489,9.8500,9.9000,9.7500,9.8800,9.9000,17871815,175256281.0000,0.517853,1,-0.202015,132.169349,2.523758,0.778910,-60.475201,0
2017-11-07,sh.600489,9.9300,9.9700,9.8800,9.9200,9.8800,17152388,170144543.0000,0.497007,1,0.404858,132.704448,2.533976,0.782064,-60.720040,0
2017-11-08,sh.600489,9.9100,9.9600,9.8300,9.9600,9.9200,17507399,173458254.0000,0.507294,1,0.403225,133.239547,2.544194,0.785217,-60.964878,0
2017-11-09,sh.600489,9.9500,10.0200,9.9300,10.0000,9.9600,15925452,158853560.0000,0.461455,1,0.401606,133.774645,2.554411,0.788371,-61.209717,0
2017-11-10,sh.600489,10.0200,10.0300,9.8900,9.9600,10.0000,17591071,174883044.0000,0.509718,1,-0.400000,133.239547,2.544194,0.785217,-60.964878,0
2017-11-13,sh.600489,9.8800,9.8900,9.8000,9.8600,9.9600,20029834,196902511.0000,0.580384,1,-1.004020,131.901800,2.518650,0.777334,-60.352781,0
2017-11-14,sh.600489,9.8700,9.9100,9.8100,9.9000,9.8600,18229466,179808561.0000,0.528216,1,0.405679,132.436899,2.528867,0.780487,-60.597620,0
2017-11-15,sh.600489,9.9100,10.1000,9.9000,10.0700,9.9000,37815745,379650612.0000,1.095747,1,1.717173,134.711068,2.572292,0.793889,-61.638185,0
2017-11-16,sh.600489,10.0000,10.0300,9.9500,9.9800,10.0700,18744863,186924293.0000,0.543150,1,-0.893745,133.507096,2.549303,0.786794,-61.087298,0
2017-11-17,sh.600489,9.9300,10.0900,9.7500,9.8300,9.9800,28493948,282953902.0000,0.825639,1,-1.503002,131.500476,2.510986,0.774968,-60.169152,0
2017-11-20,sh.600489,9.9100,9.9800,9.6900,9.8800,9.8300,22003804,216142412.0000,0.637581,1,0.508649,132.169349,2.523758,0.778910,-60.475201,0
2017-11-21,sh.600489,9.7500,9.8200,9.6200,9.8200,9.8800,19450504,189230508.0000,0.563597,1,-0.607292,131.366702,2.508432,0.774180,-60.107942,0
2017-11-22,sh.600489,9.8200,9.9200,9.7100,9.9100,9.8200,23636570,231989556.0000,0.684892,1,0.916498,132.570673,2.531422,0.781275,-60.658830,0
2017-11-23,sh.600489,9.9000,9.9800,9.8000,9.8200,9.9100,25567004,253307648.0000,0.740828,1,-0.908175,131.366702,2.508432,0.774180,-60.107942,0
2017-11-24,sh.600489,9.6100,9.8000,9.6100,9.7700,9.8200,17360543,168826751.0000,0.503038,1,-0.509157,130.697828,2.495660,0.770238,-59.801894,0
2017-11-27,sh.600489,9.7100,9.8200,9.6900,9.7700,9.7700,11811605,115208704.0000,0.342253,1,0.000000,130.697828,2.495660,0.770238,-59.801894,0
2017-11-28,sh.600489,9.7900,9.8600,9.7600,9.8300,9.7700,13447675,131953073.0000,0.389659,1,0.614119,131.500476,2.510986,0.774968,-60.169152,0
2017-11-29,sh.600489,9.7900,9.9400,9.7700,9.9300,9.8300,24406452,241036779.0000,0.707200,1,1.017298,132.838223,2.536531,0.782852,-60.781249,0
2017-11-30,sh.600489,9.8300,9.8700,9.6900,9.7300,9.9300,22963709,224408563.0000,0.665395,1,-2.014106,130.162730,2.485442,0.767085,-59.557055,0
2017-12-01,sh.600489,9.6800,9.7000,9.5900,9.7000,9.7300,18121891,174579156.0000,0.525099,1,-0.308322,129.761406,2.477779,0.764720,-59.373426,0
2017-12-04,sh.600489,9.6500,9.7200,9.5600,9.5900,9.7000,19793145,190720327.0000,0.573525,1,-1.134017,128.289885,2.449681,0.756048,-58.700119,0
2017-12-05,sh.600489,9.6000,9.6200,9.3600,9.4200,9.5900,25040622,237515026.0000,0.725576,1,-1.772681,126.015716,2.406256,0.742645,-57.659554,0
2017-12-06,sh.600489,9.2900,9.3000,9.1600,9.2800,9.4200,29268458,269707846.0000,0.848082,1,-1.486203,124.142871,2.370494,0.731608,-56.802618,0
2017-12-07,sh.600489,9.2300,9.8100,9.2000,9.5900,9.2800,63765674,610792924.0000,1.847671,1,3.340522,128.289885,2.449681,0.756048,-58.700119,0
2017-12-08,sh.600489,9.4300,9.6500,9.4100,9.6000,9.5900,32480138,310058579.0000,0.941143,1,0.104278,128.423659,2.452235,0.756836,-58.761329,0
2017-12-11,sh.600489,9.5500,9.6300,9.4900,9.6200,9.6000,17663190,168555864.0000,0.511808,1,0.208328,128.691209,2.457344,0.758413,-58.883748,0
2017-12-12,sh.600489,9.5700,9.6400,9.5500,9.5800,9.6200,12845818,123218397.0000,0.372220,1,-0.415800,128.156110,2.447126,0.755259,-58.638909,0
2017-12-13,sh.600489,9.5300,9.6400,9.5100,9.6200,9.5800,11307024,108433033.0000,0.327632,1,0.417536,128.691209,2.457344,0.758413,-58.883748,0
2017-12-14,sh.600489,9.7000,9.8700,9.6800,9.6900,9.6200,30421508,297433962.0000,0.881492,1,0.727648,129.627631,2.475225,0.763931,-59.312216,0
2017-12-15,sh.600489,9.6500,9.8500,9.5800,9.8000,9.6900,29218385,284811257.0000,0.846631,1,1.135197,131.099152,2.503323,0.772603,-59.985523,0
2017-12-18,sh.600489,9.7500,9.8500,9.6900,9.7800,9.8000,22106677,216072513.0000,0.640562,1,-0.204086,130.831603,2.498214,0.771027,-59.863103,0
2017-12-19,sh.600489,9.7600,9.8500,9.6700,9.7800,9.7800,20925454,204236054.0000,0.606335,1,0.000000,130.831603,2.498214,0.771027,-59.863103,0
2017-12-20,sh.600489,9.8000,9.8100,9.6000,9.6100,9.7800,17204384,166667571.0000,0.498513,1,-1.738242,128.557434,2.454789,0.757624,-58.822538,0
2017-12-21,sh.600489,9.6200,9.6900,9.5000,9.6200,9.6100,15333159,147085330.0000,0.444293,1,0.104061,128.691209,2.457344,0.758413,-58.883748,0
2017-12-22,sh.600489,9.6500,9.6900,9.5500,9.5800,9.6200,14484149,139251684.0000,0.419692,1,-0.415800,128.156110,2.447126,0.755259,-58.638909,0
2017-12-25,sh.600489,9.6000,9.7400,9.5700,9.7200,9.5800,24510910,236732927.0000,0.710227,1,1.461381,130.028955,2.482888,0.766296,-59.495845,0
2017-12-26,sh.600489,9.7400,9.7500,9.6000,9.7000,9.7200,15122360,146315845.0000,0.438185,1,-0.205766,129.761406,2.477779,0.764720,-59.373426,0
2017-12-27,sh.600489,9.7400,9.8300,9.6900,9.7300,9.7000,21442411,209331166.0000,0.621314,1,0.309276,130.162730,2.485442,0.767085,-59.557055,0
2017-12-28,sh.600489,9.7400,10.0200,9.6900,9.9200,9.7300,55200375,545100766.0000,1.599484,1,1.952729,132.704448,2.533976,0.782064,-60.720040,0
2017-12-29,sh.600489,9.9200,9.9300,9.8400,9.8900,9.9200,32364374,319814439.0000,0.937789,1,-0.302417,132.303124,2.526313,0.779699,-60.536410,0
2018-01-02,sh.600489,9.9600,10.0400,9.8700,10.0000,9.8900,30367243,302004890.0000,0.879920,1,1.112231,133.774645,2.554411,0.788371,-61.209717,0
2018-01-03,sh.600489,10.1600,10.1900,9.9800,10.0100,10.0000,47321781,477021332.0000,1.371194,1,0.100002,133.908420,2.556966,0.789159,-61.270927,0
2018-01-04,sh.600489,9.9100,9.9800,9.8400,9.9700,10.0100,27562067,272867768.0000,0.798637,1,-0.399600,133.373321,2.546748,0.786006,-61.026088,0
2018-01-05,sh.600489,10.0600,10.1200,9.9500,10.0200,9.9700,42287864,424419860.0000,1.225331,1,0.501506,134.042194,2.559520,0.789947,-61.332137,0
2018-01-08,sh.600489,10.0200,10.1300,9.9300,10.0900,10.0200,48933839,492669497.0000,1.417905,1,0.698600,134.978617,2.577401,0.795466,-61.760605,0
2018-01-09,sh.600489,10.0400,10.0700,9.8400,9.8600,10.0900,42528684,422591888.0000,1.232309,1,-2.279490,131.901800,2.518650,0.777334,-60.352781,0
2018-01-10,sh.600489,9.8300,9.9100,9.6400,9.7000,9.8600,36088049,352545940.0000,1.045686,1,-1.622717,129.761406,2.477779,0.764720,-59.373426,0
2018-01-11,sh.600489,9.7300,9.8800,9.7300,9.8200,9.7000,23723053,232871766.0000,0.687398,1,1.237112,131.366702,2.508432,0.774180,-60.107942,0
2018-01-12,sh.600489,9.8300,10.0700,9.8000,10.0100,9.8200,47622331,475184058.0000,1.379903,1,1.934832,133.908420,2.556966,0.789159,-61.270927,0
2018-01-15,sh.600489,10.1400,10.2000,9.9400,9.9900,10.0100,44269460,445504305.0000,1.282750,1,-0.199805,133.640871,2.551857,0.787582,-61.148508,0
2018-01-16,sh.600489,9.9600,10.0600,9.8800,10.0600,9.9900,38219209,381081684.0000,1.107438,1,0.700707,134.577293,2.569738,0.793101,-61.576976,0
2018-01-17,sh.600489,10.0100,10.2900,9.9700,10.1100,10.0600,55276583,560389386.0000,1.601692,1,0.497010,135.246166,2.582510,0.797043,-61.883024,0
2018-01-18,sh.600489,9.9700,10.0000,9.8900,9.9400,10.1100,32813920,325841169.0000,0.950815,1,-1.681504,132.971997,2.539085,0.783641,-60.842459,0
2018-01-19,sh.600489,9.9000,10.0000,9.8400,9.9900,9.9400,30296078,300411664.0000,0.877858,1,0.503020,133.640871,2.551857,0.787582,-61.148508,0
2018-01-22,sh.600489,9.9900,10.0000,9.8600,9.9200,9.9900,25024025,248161631.0000,0.725095,1,-0.700698,132.704448,2.533976,0.782064,-60.720040,0
2018-01-23,sh.600489,9.9100,10.0500,9.8800,10.0100,9.9200,41302660,412095933.0000,1.196784,1,0.907260,133.908420,2.556966,0.789159,-61.270927,0
2018-01-24,sh.600489,10.0500,10.0500,9.9000,10.0100,10.0100,33696232,336160146.0000,0.976381,1,0.000000,133.908420,2.556966,0.789159,-61.270927,0
2018-01-25,sh.600489,10.1600,10.3800,10.1000,10.2700,10.0100,95103959,972966186.0000,2.755728,1,2.597405,137.386561,2.623381,0.809657,-62.862380,0
2018-01-26,sh.600489,10.1300,10.1600,10.0400,10.0800,10.2700,46612439,470141606.0000,1.350640,1,-1.850054,134.844842,2.574847,0.794678,-61.699395,0
2018-01-29,sh.600489,10.0300,10.1000,9.9000,9.9200,10.0800,38269583,382510390.0000,1.108898,1,-1.587300,132.704448,2.533976,0.782064,-60.720040,0
2018-01-30,sh.600489,9.8500,9.9100,9.7700,9.7800,9.9200,28532780,280539995.0000,0.826765,1,-1.411294,130.831603,2.498214,0.771027,-59.863103,0
2018-01-31,sh.600489,9.7700,9.8100,9.6000,9.7900,9.7800,31073595,301593130.0000,0.900387,1,0.102252,130.965378,2.500769,0.771815,-59.924313,0
2018-02-01,sh.600489,9.7400,9.7400,9.1900,9.2800,9.7900,50225799,473236861.0000,1.455341,1,-5.209400,124.142871,2.370494,0.731608,-56.802618,0
2018-02-02,sh.600489,9.2700,9.4400,9.1100,9.3600,9.2800,34927305,323679129.0000,1.012052,1,0.862068,125.213068,2.390929,0.737915,-57.292295,0
2018-02-05,sh.600489,9.1500,9.2500,9.0600,9.1800,9.3600,25691062,234763999.0000,0.744423,1,-1.923070,122.805124,2.344950,0.723724,-56.190520,0
2018-02-06,sh.600489,9.2000,9.6900,9.1900,9.3900,9.1800,72242242,685690234.0000,2.093288,1,2.287582,125.614392,2.398592,0.740280,-57.475925,0
2018-02-07,sh.600489,9.1900,9.4800,9.1600,9.3700,9.3900,36368938,338067332.0000,1.053825,1,-0.212997,125.346843,2.393484,0.738703,-57.353505,0
2018-02-08,sh.600489,9.2100,9.2500,8.9500,9.0800,9.3700,44533140,404554206.0000,1.290390,1,-3.094984,121.467378,2.319406,0.715841,-55.578423,0
2018-02-09,sh.600489,9.1700,9.2700,8.2600,8.6100,9.0800,45205914,397884606.0000,1.309885,1,-5.176215,115.179970,2.199348,0.678787,-52.701567,0
2018-02-12,sh.600489,8.5500,8.7100,8.4200,8.6600,8.6100,17894620,154324374.0000,0.518514,1,0.580722,115.848843,2.212120,0.682729,-53.007615,0
2018-02-13,sh.600489,8.6700,8.7600,8.6400,8.7000,8.6600,17752172,154382330.0000,0.514386,1,0.461893,116.383941,2.222338,0.685883,-53.252454,0
2018-02-14,sh.600489,8.7400,8.7700,8.6500,8.7200,8.7000,16878319,147155387.0000,0.489065,1,0.229890,116.651491,2.227447,0.687459,-53.374873,0
2018-02-22,sh.600489,8.6800,8.7600,8.5600,8.7400,8.7200,26418139,229019526.0000,0.765491,1,0.229352,116.919040,2.232556,0.689036,-53.497293,0
2018-02-23,sh.600489,8.7100,8.7200,8.6300,8.7100,8.7400,16635338,144418966.0000,0.482025,1,-0.343246,116.517716,2.224892,0.686671,-53.313664,0
2018-02-26,sh.600489,8.7200,8.8400,8.6900,8.8400,8.7100,24749888,217109524.0000,0.717152,1,1.492539,118.256786,2.258100,0.696920,-54.109390,0
2018-02-27,sh.600489,8.8200,8.8200,8.6900,8.7300,8.8400,20366437,178064111.0000,0.590137,1,-1.244351,116.785265,2.230001,0.688248,-53.436083,0
2018-02-28,sh.600489,8.5800,8.7000,8.5200,8.6700,8.7300,16871210,145347539.0000,0.488859,1,-0.687279,115.982617,2.214675,0.683517,-53.068825,0
2018-03-01,sh.600489,8.6000,8.6900,8.5800,8.6700,8.6700,15337072,132573024.0000,0.444406,1,0.000000,115.982617,2.214675,0.683517,-53.068825,0
2018-03-02,sh.600489,8.6600,8.8600,8.6200,8.8000,8.6700,31740154,278895757.0000,0.919701,1,1.499425,117.721688,2.247882,0.693766,-53.864551,0
2018-03-05,sh.600489,8.8000,8.8400,8.7300,8.8000,8.8000,17003707,149405250.0000,0.492699,1,0.000000,117.721688,2.247882,0.693766,-53.864551,0
2018-03-06,sh.600489,8.7800,8.8200,8.7000,8.8200,8.8000,21520623,188484400.0000,0.623581,1,0.227267,117.989237,2.252991,0.695343,-53.986971,0
2018-03-07,sh.600489,8.8900,8.9400,8.8000,8.8100,8.8200,25703090,228087745.0000,0.744772,1,-0.113370,117.855462,2.250436,0.694555,-53.925761,0
2018-03-08,sh.600489,8.7600,8.8800,8.7200,8.8400,8.8100,16822141,148262150.0000,0.487438,1,0.340519,118.256786,2.258100,0.696920,-54.109390,0
2018-03-09,sh.600489,8.7700,8.8100,8.7100,8.8000,8.8400,19348589,169457507.0000,0.560644,1,-0.452488,117.721688,2.247882,0.693766,-53.864551,0
2018-03-12,sh.600489,8.7900,8.8700,8.7600,8.8500,8.8000,23859421,210593118.0000,0.691350,1,0.568184,118.390561,2.260654,0.697708,-54.170600,0
2018-03-13,sh.600489,8.8500,8.9100,8.8200,8.8700,8.8500,21890990,194149810.0000,0.634312,1,0.225983,118.658110,2.265763,0.699285,-54.293019,0
2018-03-14,sh.600489,8.9100,8.9300,8.8500,8.8700,8.8700,20943813,186190359.0000,0.606867,1,0.000000,118.658110,2.265763,0.699285,-54.293019,0
2018-03-15,sh.600489,8.8600,8.8600,8.6900,8.7500,8.8700,20058448,175709021.0000,0.581213,1,-1.352874,117.052815,2.235110,0.689824,-53.558503,0
2018-03-16,sh.600489,8.6700,8.7900,8.6500,8.7300,8.7500,15169191,132233178.0000,0.439542,1,-0.228577,116.785265,2.230001,0.688248,-53.436083,0
2018-03-19,sh.600489,8.7300,8.7600,8.6700,8.6900,8.7300,11453631,99709348.0000,0.331880,1,-0.458190,116.250167,2.219784,0.685094,-53.191244,0
2018-03-20,sh.600489,8.7300,8.7900,8.7300,8.7800,8.6900,15613484,136798248.0000,0.452416,1,1.035675,117.454138,2.242773,0.692190,-53.742132,0
2018-03-21,sh.600489,8.7100,9.2000,8.7000,9.0500,8.7800,44541586,397075786.0000,1.290635,1,3.075176,121.066054,2.311742,0.713476,-55.394794,0
2018-03-22,sh.600489,9.0500,9.0500,8.8500,8.8600,9.0500,36556132,326565202.0000,1.059249,1,-2.099453,118.524336,2.263209,0.698496,-54.231810,0
2018-03-23,sh.600489,9.0900,9.5500,8.9800,9.3400,8.8600,138614339,1281576139.0000,4.016483,1,5.417613,124.945519,2.385820,0.736338,-57.169876,0
2018-03-26,sh.600489,9.4400,9.8500,9.2100,9.2900,9.3400,110347532,1048377335.0000,3.197425,1,-0.535334,124.276645,2.373048,0.732396,-56.863827,0
2018-03-27,sh.600489,9.1000,9.6400,8.9000,9.5200,9.2900,94196930,869335781.0000,2.729446,1,2.475786,127.353462,2.431800,0.750529,-58.271651,0
2018-03-28,sh.600489,9.3000,9.6600,9.2500,9.4400,9.5200,85509605,811631076.0000,2.477723,1,-0.840345,126.283265,2.411364,0.744222,-57.781973,0
2018-03-29,sh.600489,9.2500,9.3400,9.2100,9.2500,9.4400,47348229,438106615.0000,1.371960,1,-2.012707,123.741547,2.362831,0.729243,-56.618988,0
2018-03-30,sh.600489,9.2000,9.3200,9.1700,9.2800,9.2500,29337517,271564962.0000,0.850083,1,0.324321,124.142871,2.370494,0.731608,-56.802618,0
2018-04-02,sh.600489,9.3100,9.6900,9.3100,9.6700,9.2800,78080679,744893060.0000,2.262462,1,4.202590,129.360082,2.470116,0.762354,-59.189797,0
2018-04-03,sh.600489,9.8000,9.9000,9.4800,9.6700,9.6700,82614763,803128676.0000,2.393842,1,0.000000,129.360082,2.470116,0.762354,-59.189797,0
2018-04-04,sh.600489,9.5200,9.8900,9.5000,9.7700,9.6700,73080951,710684534.0000,2.117590,1,1.034130,130.697828,2.495660,0.770238,-59.801894,0
2018-04-09,sh.600489,9.7000,9.8900,9.6200,9.6500,9.7700,53489373,520470702.0000,1.549906,1,-1.228258,129.092533,2.465007,0.760778,-59.067377,0
2018-04-10,sh.600489,9.6800,9.7000,9.4200,9.4700,9.6500,43598185,415066167.0000,1.263299,1,-1.865278,126.684589,2.419028,0.746587,-57.965602,0
2018-04-11,sh.600489,9.4600,9.8700,9.3300,9.8000,9.4700,79447533,763623916.0000,2.302068,1,3.484688,131.099152,2.503323,0.772603,-59.985523,0
2018-04-12,sh.600489,9.7400,10.1400,9.6900,9.9900,9.8000,113188458,1123424803.0000,3.279744,1,1.938771,133.640871,2.551857,0.787582,-61.148508,0
2018-04-13,sh.600489,9.7100,9.8800,9.6600,9.7200,9.9900,58143794,566896323.0000,1.684772,1,-2.702698,130.028955,2.482888,0.766296,-59.495845,0
2018-04-16,sh.600489,9.8900,10.0300,9.7900,9.8600,9.7200,75198024,745628613.0000,2.178935,1,1.440323,131.901800,2.518650,0.777334,-60.352781,0
2018-04-17,sh.600489,9.8000,10.0000,9.6800,9.9800,9.8600,73451992,725877836.0000,2.128342,1,1.217037,133.507096,2.549303,0.786794,-61.087298,0
2018-04-18,sh.600489,9.8200,9.9000,9.6800,9.8100,9.9800,48319968,472711215.0000,1.400117,1,-1.703398,131.232927,2.505878,0.773392,-60.046733,0
2018-04-19,sh.600489,9.7700,9.9000,9.6300,9.8200,9.8100,48367994,472338678.0000,1.401509,1,0.101929,131.366702,2.508432,0.774180,-60.107942,0
2018-04-20,sh.600489,9.7100,9.8200,9.5400,9.5800,9.8200,43778548,423682485.0000,1.268525,1,-2.443990,128.156110,2.447126,0.755259,-58.638909,0
2018-04-23,sh.600489,9.3900,9.4200,8.8500,8.9900,9.5800,58248568,532919215.0000,1.687808,1,-6.158666,120.263406,2.296416,0.708745,-55.027536,0
2018-04-24,sh.600489,8.8300,9.0200,8.8100,8.9700,8.9900,32024886,285837796.0000,0.927952,1,-0.222464,119.995857,2.291307,0.707169,-54.905116,0
2018-04-25,sh.600489,8.9700,9.0700,8.8800,8.9000,8.9700,26245281,235335195.0000,0.760482,1,-0.780386,119.059434,2.273426,0.701650,-54.476648,0
2018-04-26,sh.600489,8.8500,9.0000,8.8100,8.8900,8.9000,26049338,231893712.0000,0.754804,1,-0.112351,118.925660,2.270872,0.700862,-54.415439,0
2018-04-27,sh.600489,8.7100,8.7800,8.6800,8.7600,8.8900,22054726,192656336.0000,0.639057,1,-1.462318,115.825467,2.230020,0.947223,-120.877040,0
2018-05-02,sh.600489,8.6600,8.7200,8.6300,8.7100,8.7600,15824865,137316636.0000,0.458541,1,-0.570778,115.164363,2.217292,0.941817,-120.187102,0
2018-05-03,sh.600489,8.7200,8.8100,8.7100,8.7700,8.7100,17254288,151034232.0000,0.499959,1,0.688868,115.957688,2.232566,0.948305,-121.015027,0
2018-05-04,sh.600489,8.7800,8.9200,8.7600,8.8900,8.7700,22811848,202031964.0000,0.660995,1,1.368300,117.544339,2.263114,0.961280,-122.670877,0
2018-05-07,sh.600489,8.8900,8.9200,8.8100,8.9000,8.8900,20007632,177290432.0000,0.579740,1,0.112478,117.676559,2.265660,0.962362,-122.808865,0
2018-05-08,sh.600489,8.8700,8.9900,8.8600,8.9900,8.9000,21532737,192422185.0000,0.623932,1,1.011238,118.866547,2.288571,0.972093,-124.050752,0
2018-05-09,sh.600489,8.9600,8.9600,8.8600,8.8900,8.9900,15344892,136786641.0000,0.444633,1,-1.112341,117.544339,2.263114,0.961280,-122.670877,0
2018-05-10,sh.600489,8.9100,8.9800,8.8700,8.9200,8.8900,12076066,107632951.0000,0.349916,1,0.337455,117.941001,2.270751,0.964524,-123.084840,0
2018-05-11,sh.600489,8.9600,8.9900,8.9100,8.9200,8.9200,16499507,147592154.0000,0.478089,1,0.000000,117.941001,2.270751,0.964524,-123.084840,0
2018-05-14,sh.600489,8.9200,8.9200,8.7400,8.7500,8.9200,20190824,177315938.0000,0.585048,1,-1.905830,115.693247,2.227475,0.946142,-120.739052,0
2018-05-15,sh.600489,8.7100,8.7400,8.6300,8.7300,8.7500,15440910,134130582.0000,0.447415,1,-0.228577,115.428805,2.222383,0.943979,-120.463077,0
2018-05-16,sh.600489,8.5500,8.6000,8.5200,8.5700,8.7300,30159271,258248967.0000,0.873894,1,-1.832759,113.313271,2.181652,0.926679,-118.255278,0
2018-05-17,sh.600489,8.5700,8.6100,8.5400,8.5800,8.5700,11672410,100152718.0000,0.338219,1,0.116689,113.445492,2.184198,0.927760,-118.393265,0
2018-05-18,sh.600489,8.5700,8.6600,8.5200,8.6200,8.5800,18778008,161246371.0000,0.544111,1,0.466200,113.974376,2.194381,0.932085,-118.945215,0
2018-05-21,sh.600489,8.5600,8.6500,8.5400,8.6100,8.6200,18718254,160894020.0000,0.542379,1,-0.116012,113.842155,2.191835,0.931004,-118.807228,0
2018-05-22,sh.600489,8.6200,8.6500,8.6000,8.6500,8.6100,14124153,121887061.0000,0.409261,1,0.464576,114.371038,2.202018,0.935329,-119.359178,0
2018-05-23,sh.600489,8.6500,8.6500,8.5500,8.5900,8.6500,13521657,116158897.0000,0.391803,1,-0.693635,113.577713,2.186744,0.928841,-118.531253,0
2018-05-24,sh.600489,8.6200,8.6200,8.5200,8.5600,8.5900,12309857,105484803.0000,0.356690,1,-0.349240,113.181050,2.179107,0.925597,-118.117290,0
2018-05-25,sh.600489,8.6200,8.6800,8.5900,8.6100,8.5600,21968749,189661068.0000,0.636566,1,0.584103,113.842155,2.191835,0.931004,-118.807228,0
2018-05-28,sh.600489,8.5400,8.5400,8.3100,8.3700,8.6100,28078420,236098541.0000,0.813599,1,-2.787454,110.668854,2.130739,0.905052,-115.495528,0
2018-05-29,sh.600489,8.3600,8.4200,8.3300,8.3700,8.3700,9243506,77380369.0000,0.267839,1,0.000000,110.668854,2.130739,0.905052,-115.495528,0
2018-05-30,sh.600489,8.4400,8.8400,8.4300,8.7500,8.3700,61930672,534905722.0000,1.794500,1,4.540025,115.693247,2.227475,0.946142,-120.739052,0
2018-05-31,sh.600489,8.5500,8.7500,8.5000,8.6600,8.7500,40441510,348021253.0000,1.171831,1,-1.028573,114.503259,2.204563,0.936410,-119.497165,0
2018-06-01,sh.600489,8.6000,8.6800,8.5200,8.5600,8.6600,25100080,215959156.0000,0.727299,1,-1.154728,113.181050,2.179107,0.925597,-118.117290,0
2018-06-04,sh.600489,8.4500,8.4700,8.3800,8.3900,8.5600,18973489,159557421.0000,0.549775,1,-1.985982,110.933296,2.135830,0.907215,-115.771503,0
2018-06-05,sh.600489,8.3600,8.4500,8.3400,8.4400,8.3900,16869537,141639788.0000,0.488811,1,0.595938,111.594400,2.148558,0.912622,-116.461440,0
2018-06-06,sh.600489,8.4400,8.5400,8.4200,8.5100,8.4400,19357190,164333934.0000,0.560893,1,0.829392,112.519946,2.166378,0.920191,-117.427353,0
2018-06-07,sh.600489,8.4800,8.5300,8.4300,8.4700,8.5100,16315011,138086942.0000,0.472743,1,-0.470035,111.991063,2.156195,0.915865,-116.875403,0
2018-06-08,sh.600489,8.4500,8.4700,8.2700,8.3200,8.4700,20164332,168212666.0000,0.584281,1,-1.770963,110.007750,2.118010,0.899646,-114.805590,0
2018-06-11,sh.600489,8.3200,8.4500,8.3200,8.4200,8.3200,19841863,166644406.0000,0.574937,1,1.201928,111.329958,2.143467,0.910459,-116.185465,0
2018-06-12,sh.600489,8.3700,8.3800,8.2800,8.3500,8.4200,17296200,143939779.0000,0.501174,1,-0.831350,110.404412,2.125647,0.902890,-115.219553,0
2018-06-13,sh.600489,8.3000,8.3700,8.2600,8.3400,8.3500,16767748,139347140.0000,0.485862,1,-0.119763,110.272192,2.123101,0.901809,-115.081565,0
2018-06-14,sh.600489,8.3100,8.3300,8.2700,8.3200,8.3400,14994813,124447567.0000,0.434489,1,-0.239814,110.007750,2.118010,0.899646,-114.805590,0
2018-06-15,sh.600489,8.3200,8.3200,7.8100,7.9400,8.3200,35082292,280955224.0000,1.016543,1,-4.567304,104.983358,2.021274,0.858556,-109.562066,0
2018-06-19,sh.600489,7.8100,7.9600,7.1500,7.2100,7.9400,45864197,342172257.0000,1.328959,1,-9.193954,95.331235,1.835439,0.779621,-99.488979,0
2018-06-20,sh.600489,7.1900,7.1900,7.0100,7.1100,7.2100,25445102,180654314.0000,0.737296,1,-1.386961,94.009027,1.809982,0.768808,-98.109104,0
2018-06-21,sh.600489,7.0500,7.1900,7.0000,7.0100,7.1100,27846093,196812729.0000,0.806867,1,-1.406468,92.686818,1.784525,0.757995,-96.729229,0
2018-06-22,sh.600489,6.9000,7.0500,6.8800,7.0500,7.0100,15462270,108286879.0000,0.448034,1,0.570613,93.215702,1.794708,0.762320,-97.281179,0
2018-06-25,sh.600489,7.0600,7.0800,6.9600,6.9800,7.0500,13951078,97940257.0000,0.404246,1,-0.992910,92.290156,1.776888,0.754751,-96.315267,0
2018-06-26,sh.600489,6.9300,6.9300,6.7900,6.9200,6.9800,16334135,112265884.0000,0.473297,1,-0.859598,91.496830,1.761614,0.748263,-95.487342,0
2018-06-27,sh.600489,6.8600,6.9800,6.8600,6.9500,6.9200,13562515,93870346.0000,0.392987,1,0.433522,91.893493,1.769251,0.751507,-95.901304,0
2018-06-28,sh.600489,6.8900,6.9400,6.7100,6.7500,6.9500,20168962,137670293.0000,0.584415,1,-2.877695,89.249076,1.718338,0.729881,-93.141555,0
2018-06-29,sh.600489,6.7400,6.8300,6.6400,6.8200,6.7500,19501469,131484739.0000,0.565074,1,1.037040,90.174622,1.736157,0.737450,-94.107467,0
2018-07-02,sh.600489,6.8000,6.8500,6.6000,6.6600,6.8200,22002464,148407326.0000,0.637542,1,-2.346046,88.059088,1.695426,0.720149,-91.899667,0
2018-07-03,sh.600489,6.5800,6.7000,6.5000,6.7000,6.6600,22185922,146573650.0000,0.642858,1,0.600600,88.587972,1.705609,0.724474,-92.451617,0
2018-07-04,sh.600489,6.7800,7.1900,6.7700,7.1000,6.7000,55664586,388144074.0000,1.612935,1,5.970151,93.876806,1.807437,0.767727,-97.971117,0
2018-07-05,sh.600489,6.9500,7.0500,6.8800,6.8900,7.1000,29901223,207816461.0000,0.866417,1,-2.957747,91.100168,1.753977,0.745019,-95.073380,0
2018-07-06,sh.600489,6.8700,6.9300,6.6200,6.8800,6.8900,27969023,190060502.0000,0.810429,1,-0.145134,90.967947,1.751431,0.743938,-94.935392,0
2018-07-09,sh.600489,6.8200,6.9300,6.7600,6.9200,6.8800,17811351,122198131.0000,0.516101,1,0.581395,91.496830,1.761614,0.748263,-95.487342,0
2018-07-10,sh.600489,6.9200,6.9200,6.7000,6.8200,6.9200,28863850,196757800.0000,0.836358,1,-1.445085,90.174622,1.736157,0.737450,-94.107467,0
2018-07-11,sh.600489,6.7300,6.8700,6.6400,6.7200,6.8200,23470085,158629646.0000,0.680068,1,-1.466281,88.852413,1.710700,0.726637,-92.727592,0
2018-07-12,sh.600489,6.5800,6.7900,6.5500,6.7800,6.7200,24373219,163248342.0000,0.706237,1,0.892863,89.645739,1.725975,0.733125,-93.555517,0
2018-07-13,sh.600489,6.7700,6.7900,6.6900,6.7600,6.7800,17626289,118711541.0000,0.510739,1,-0.294985,89.381297,1.720883,0.730962,-93.279542,0
2018-07-16,sh.600489,6.7200,6.7500,6.6600,6.7200,6.7600,13067891,87594202.0000,0.378655,1,-0.591722,88.852413,1.710700,0.726637,-92.727592,0
2018-07-17,sh.600489,6.6900,6.7900,6.6700,6.7700,6.7200,14766418,99301988.0000,0.427871,1,0.744050,89.513518,1.723429,0.732044,-93.417530,0
2018-07-18,sh.600489,6.7000,6.7800,6.6800,6.7300,6.7700,16710898,112302648.0000,0.484214,1,-0.590841,88.984634,1.713246,0.727718,-92.865580,0
2018-07-19,sh.600489,6.7100,6.7200,6.5900,6.6300,6.7300,17170092,114100488.0000,0.497520,1,-1.485883,87.662426,1.687789,0.716905,-91.485705,0
2018-07-20,sh.600489,6.6300,6.6800,6.5800,6.6700,6.6300,16098565,106988063.0000,0.466471,1,0.603318,88.191309,1.697972,0.721231,-92.037655,0
2018-07-23,sh.600489,6.7000,6.7500,6.6900,6.7500,6.6700,21358473,143622782.0000,0.618882,1,1.199399,89.249076,1.718338,0.729881,-93.141555,0
2018-07-24,sh.600489,6.7000,6.8700,6.6600,6.8700,6.7500,37511374,255493582.0000,1.086928,1,1.777776,90.835726,1.748886,0.742857,-94.797405,0
2018-07-25,sh.600489,6.8800,7.0800,6.8500,7.0500,6.8700,48480016,337790876.0000,1.404755,1,2.620092,93.215702,1.794708,0.762320,-97.281179,0
2018-07-26,sh.600489,7.0300,7.0400,6.9400,6.9800,7.0500,26204439,183046130.0000,0.759299,1,-0.992910,92.290156,1.776888,0.754751,-96.315267,0
2018-07-27,sh.600489,6.9000,6.9500,6.8600,6.9300,6.9800,18103407,125035491.0000,0.524564,1,-0.716335,91.629051,1.764160,0.749344,-95.625330,0
2018-07-30,sh.600489,6.9000,7.0200,6.9000,6.9600,6.9300,21427158,149390888.0000,0.620872,1,0.432903,92.025714,1.771797,0.752588,-96.039292,0
2018-07-31,sh.600489,6.9000,7.0200,6.9000,6.9900,6.9600,15182505,105744488.0000,0.439928,1,0.431031,92.422376,1.779434,0.755832,-96.453254,0
2018-08-01,sh.600489,6.9600,6.9800,6.8100,6.8100,6.9900,15486225,106852965.0000,0.448728,1,-2.575105,90.042401,1.733612,0.736369,-93.969480,0
2018-08-02,sh.600489,6.7800,6.8200,6.4500,6.6400,6.8100,23628717,156560384.0000,0.684665,1,-2.496330,87.794647,1.690335,0.717987,-91.623692,0
2018-08-03,sh.600489,6.5200,6.6200,6.5100,6.5500,6.6400,10242731,67297566.0000,0.296793,1,-1.355417,86.604659,1.667424,0.708255,-90.381805,0
2018-08-06,sh.600489,6.6000,6.6000,6.3700,6.4200,6.5500,12563201,81532789.0000,0.364031,1,-1.984734,84.885788,1.634330,0.694198,-88.587968,0
2018-08-07,sh.600489,6.4300,6.5700,6.3600,6.5700,6.4200,12136905,78708721.0000,0.351678,1,2.336450,86.869101,1.672515,0.710417,-90.657780,0
2018-08-08,sh.600489,6.5600,6.8000,6.5000,6.6800,6.5400,23000660,153250762.0000,0.666466,1,2.140671,88.323530,1.700518,0.722312,-92.175642,0
2018-08-09,sh.600489,6.6500,6.7300,6.6000,6.7000,6.6800,14822349,99004242.0000,0.429492,1,0.299401,88.587972,1.705609,0.724474,-92.451617,0
2018-08-10,sh.600489,6.6700,6.8500,6.6500,6.7100,6.7000,20601038,138727422.0000,0.596935,1,0.149257,88.720193,1.708155,0.725556,-92.589605,0
2018-08-13,sh.600489,6.7200,6.9300,6.7200,6.8700,6.7100,35189384,240768149.0000,1.019646,1,2.384499,90.835726,1.748886,0.742857,-94.797405,0
2018-08-14,sh.600489,6.7500,6.8300,6.7100,6.8200,6.8700,17141877,116181849.0000,0.496702,1,-0.727798,90.174622,1.736157,0.737450,-94.107467,0
2018-08-15,sh.600489,6.7700,6.8000,6.6200,6.6500,6.8200,16416614,109774204.0000,0.475687,1,-2.492670,87.926867,1.692881,0.719068,-91.761680,0
2018-08-16,sh.600489,6.5000,6.6500,6.4600,6.5900,6.6500,10617552,69853299.0000,0.307654,1,-0.902255,87.133542,1.677607,0.712580,-90.933755,0
2018-08-17,sh.600489,6.6200,6.6400,6.4500,6.4800,6.5900,12048094,78704329.0000,0.349105,1,-1.669198,85.679113,1.649604,0.700686,-89.415893,0
2018-08-20,sh.600489,6.4800,6.5500,6.4700,6.5400,6.4800,8396817,54695728.0000,0.243306,1,0.925925,86.472438,1.664878,0.707174,-90.243817,0
2018-08-21,sh.600489,6.5800,6.7100,6.5700,6.6800,6.5400,13833362,92026726.0000,0.400835,1,2.140671,88.323530,1.700518,0.722312,-92.175642,0
2018-08-22,sh.600489,6.6900,6.7100,6.6400,6.6600,6.6800,9523261,63528018.0000,0.275946,1,-0.299401,88.059088,1.695426,0.720149,-91.899667,0
2018-08-23,sh.600489,6.6500,6.6600,6.6000,6.6600,6.6600,8907667,59063866.0000,0.258108,1,0.000000,88.059088,1.695426,0.720149,-91.899667,0
2018-08-24,sh.600489,6.6200,6.6700,6.5700,6.6600,6.6600,7687322,50923032.0000,0.222748,1,0.000000,88.059088,1.695426,0.720149,-91.899667,0
2018-08-27,sh.600489,6.7900,6.8200,6.6900,6.7300,6.6600,16094280,108300457.0000,0.466347,1,1.051054,88.984634,1.713246,0.727718,-92.865580,0
2018-08-28,sh.600489,6.7300,6.7800,6.6900,6.7600,6.7300,13571421,91492141.0000,0.393245,1,0.445768,89.381297,1.720883,0.730962,-93.279542,0
2018-08-29,sh.600489,6.6900,6.7300,6.6700,6.7000,6.7600,7178841,48095140.0000,0.208014,1,-0.887580,113.677496,1.711156,0.698999,-70.525241,0
2018-08-30,sh.600489,6.6900,6.7200,6.6300,6.6300,6.7000,7555276,50358883.0000,0.218921,1,-1.044772,112.489821,1.693278,0.691696,-69.788410,0
2018-08-31,sh.600489,6.6100,6.6800,6.5500,6.6400,6.6300,8583987,56789618.0000,0.248729,1,0.150826,112.659489,1.695832,0.692739,-69.893672,0
2018-09-03,sh.600489,6.5900,6.6100,6.5400,6.6100,6.6400,6273249,41268790.0000,0.181773,1,-0.451803,112.150485,1.688171,0.689609,-69.577887,0
2018-09-04,sh.600489,6.6000,6.7000,6.5900,6.6800,6.6100,8818817,58677109.0000,0.255534,1,1.058997,113.338160,1.706048,0.696912,-70.314718,0
2018-09-05,sh.600489,6.6400,6.6700,6.5700,6.5800,6.6800,8134825,53830725.0000,0.235714,1,-1.497005,111.641481,1.680509,0.686479,-69.262103,0
2018-09-06,sh.600489,6.6000,6.7700,6.6000,6.7200,6.5800,21107629,141618375.0000,0.611614,1,2.127658,114.016832,1.716264,0.701085,-70.735764,0
2018-09-07,sh.600489,6.7000,6.9000,6.6600,6.8300,6.7200,34682281,236007614.0000,1.004952,1,1.636907,115.883179,1.744358,0.712561,-71.893642,0
2018-09-10,sh.600489,6.7600,6.7800,6.6400,6.6600,6.8300,17567594,117845016.0000,0.509038,1,-2.489020,112.998824,1.700940,0.694825,-70.104195,0
2018-09-11,sh.600489,6.6500,6.7900,6.6400,6.7400,6.6600,13299019,89195890.0000,0.385352,1,1.201200,114.356168,1.721372,0.703172,-70.946288,0
2018-09-12,sh.600489,6.7400,6.7500,6.6600,6.6700,6.7400,9592290,64211490.0000,0.277946,1,-1.038571,113.168492,1.703494,0.695869,-70.209457,0
2018-09-13,sh.600489,6.7500,6.7800,6.6900,6.7300,6.6700,11017394,74126197.0000,0.319240,1,0.899549,114.186500,1.718818,0.702128,-70.841026,0
2018-09-14,sh.600489,6.7200,6.7700,6.7000,6.7500,6.7300,11973811,80656844.0000,0.346953,1,0.297177,114.525836,1.723926,0.704215,-71.051549,0
2018-09-17,sh.600489,6.7000,6.7100,6.5400,6.5500,6.7500,15635826,103123559.0000,0.453063,1,-2.962960,111.132478,1.672847,0.683349,-68.946318,0
2018-09-18,sh.600489,6.5600,6.6400,6.5500,6.6400,6.5500,8254490,54401553.0000,0.239182,1,1.374041,112.659489,1.695832,0.692739,-69.893672,0
2018-09-19,sh.600489,6.6100,6.7400,6.6000,6.7300,6.6400,13051238,87259488.0000,0.378172,1,1.355424,114.186500,1.718818,0.702128,-70.841026,0
2018-09-20,sh.600489,6.7500,6.7800,6.7100,6.7300,6.7300,15177015,102326539.0000,0.439769,1,0.000000,114.186500,1.718818,0.702128,-70.841026,0
2018-09-21,sh.600489,6.7500,6.8200,6.7300,6.8200,6.7300,19182907,130130176.0000,0.555843,1,1.337298,115.713511,1.741804,0.711518,-71.788380,0
2018-09-25,sh.600489,6.8000,6.8800,6.7700,6.8000,6.8200,25940047,177117676.0000,0.751638,1,-0.293255,115.374175,1.736696,0.709431,-71.577857,0
2018-09-26,sh.600489,6.8200,6.9400,6.8200,6.8500,6.8000,29628852,203762687.0000,0.858524,1,0.735290,116.222515,1.749466,0.714648,-72.104165,0
2018-09-27,sh.600489,6.8200,6.8300,6.7000,6.7100,6.8500,21765307,147027871.0000,0.630671,1,-2.043794,113.847164,1.713710,0.700042,-70.630503,0
2018-09-28,sh.600489,6.6600,6.7900,6.6200,6.7900,6.7100,18350454,123733378.0000,0.531722,1,1.192249,115.204507,1.734142,0.708388,-71.472595,0
2018-10-08,sh.600489,6.7500,7.0300,6.7300,6.8000,6.7900,41476920,285988903.0000,1.201833,1,0.147279,115.374175,1.736696,0.709431,-71.577857,0
2018-10-09,sh.600489,6.7000,7.3600,6.6800,7.2300,6.8000,68232276,484419669.0000,1.977095,1,6.323527,122.669895,1.846516,0.754293,-76.104104,0
2018-10-10,sh.600489,7.2400,7.5400,7.1600,7.4300,7.2300,71285122,527880290.0000,2.065555,1,2.766249,126.063253,1.897596,0.775158,-78.209335,0
2018-10-11,sh.600489,7.5200,7.7400,7.3000,7.6000,7.4300,107406427,802943393.0000,3.112204,1,2.288023,128.947608,1.941013,0.792894,-79.998781,0
2018-10-12,sh.600489,7.7900,7.8800,7.4400,7.7200,7.6000,88122075,678023942.0000,2.553421,1,1.578946,130.983622,1.971661,0.805413,-81.261920,0
2018-10-15,sh.600489,7.6000,7.8800,7.5500,7.8300,7.7200,48743176,377205576.0000,1.412380,1,1.424872,132.849969,1.999754,0.816889,-82.419797,0
2018-10-16,sh.600489,7.7400,7.8100,7.5000,7.6300,7.8300,46166668,352779079.0000,1.337723,1,-2.554276,129.456611,1.948675,0.796024,-80.314566,0
2018-10-17,sh.600489,7.4300,7.6100,7.4300,7.5100,7.6300,39545865,296902830.0000,1.145879,1,-1.572738,127.420596,1.918027,0.783504,-79.051427,0
2018-10-18,sh.600489,7.4300,7.4800,7.0300,7.0900,7.5100,42366370,304756021.0000,1.227606,1,-5.592544,120.294544,1.810761,0.739687,-74.630442,0
2018-10-19,sh.600489,7.1500,7.3200,7.1200,7.2800,7.0900,33111681,239356203.0000,0.959443,1,2.679832,123.518235,1.859286,0.759509,-76.630411,0
2018-10-22,sh.600489,7.2300,7.5700,7.1900,7.4700,7.2800,42221271,313257102.0000,1.223402,1,2.609884,126.741925,1.907811,0.779331,-78.630381,0
2018-10-23,sh.600489,7.3900,7.9700,7.3600,7.9400,7.4700,57493743,441198264.0000,1.665936,1,6.291838,134.716316,2.027848,0.828366,-83.577674,0
2018-10-24,sh.600489,7.7600,8.2100,7.7000,7.9900,7.9400,71482583,571030650.0000,2.071276,1,0.629719,135.564656,2.040618,0.833582,-84.103982,0
2018-10-25,sh.600489,8.1400,8.2500,8.0300,8.1200,7.9900,65074178,530324498.0000,1.885587,1,1.627035,137.770339,2.073819,0.847145,-85.472382,0
2018-10-26,sh.600489,7.9400,8.1600,7.8800,8.0200,8.1200,39439283,315953577.0000,1.142791,1,-1.231520,136.073659,2.048280,0.836712,-84.419766,0
2018-10-29,sh.600489,7.9500,8.1400,7.9200,8.0300,8.0200,30439033,245029370.0000,0.882000,1,0.124679,136.243327,2.050833,0.837755,-84.525028,0
2018-10-30,sh.600489,7.9100,8.0200,7.7700,7.9000,8.0300,30266969,239773862.0000,0.877014,1,-1.618924,152.382603,2.054373,0.835288,-35.574246,0
2018-10-31,sh.600489,7.8000,8.0000,7.7100,7.9000,7.9000,37516826,294365597.0000,1.087086,1,0.000000,152.382603,2.054373,0.835288,-35.574246,0
2018-11-01,sh.600489,7.8100,8.2800,7.7000,8.2200,7.9000,73265625,581294859.0000,2.122942,1,4.050635,158.555063,2.137588,0.869123,-37.015228,0
2018-11-02,sh.600489,8.0900,8.1900,8.0200,8.1000,8.2200,74007892,599363233.0000,2.144449,1,-1.459853,156.240391,2.106382,0.856435,-36.474860,0
2018-11-05,sh.600489,8.0800,8.1000,7.9000,7.9500,8.1000,44994541,359986792.0000,1.303760,1,-1.851859,153.347050,2.067375,0.840575,-35.799399,0
2018-11-06,sh.600489,7.9000,8.0200,7.8600,7.9400,7.9500,32016887,254322099.0000,0.927720,1,-0.125783,153.154161,2.064775,0.839517,-35.754369,0
2018-11-07,sh.600489,7.8700,8.0700,7.8300,8.0400,7.9400,43079811,343290438.0000,1.248279,1,1.259445,155.083054,2.090779,0.850091,-36.204676,0
2018-11-08,sh.600489,7.9100,7.9400,7.7700,7.7800,8.0400,42086258,331308402.0000,1.219490,1,-3.233828,150.067931,2.023167,0.822600,-35.033878,0
2018-11-09,sh.600489,7.7200,7.7200,7.4500,7.4700,7.7800,39574402,299680596.0000,1.146706,1,-3.984581,144.088360,1.942552,0.789823,-33.637926,0
2018-11-12,sh.600489,7.4700,7.4700,7.4700,7.4700,7.4700,0,0.0000,,0,0.000000,144.088360,1.942552,0.789823,-33.637926,0
2018-11-13,sh.600489,7.4700,7.4700,7.4700,7.4700,7.4700,0,0.0000,,0,0.000000,144.088360,1.942552,0.789823,-33.637926,0
2018-11-14,sh.600489,7.4700,7.4700,7.4700,7.4700,7.4700,0,0.0000,,0,0.000000,144.088360,1.942552,0.789823,-33.637926,0
2018-11-15,sh.600489,7.4700,7.4700,7.4700,7.4700,7.4700,0,0.0000,,0,0.000000,144.088360,1.942552,0.789823,-33.637926,0
2018-11-16,sh.600489,7.4700,7.4700,7.4700,7.4700,7.4700,0,0.0000,,0,0.000000,144.088360,1.942552,0.789823,-33.637926,0
2018-11-19,sh.600489,7.4700,7.4700,7.4700,7.4700,7.4700,0,0.0000,,0,0.000000,144.088360,1.942552,0.789823,-33.637926,0
2018-11-20,sh.600489,7.4700,7.4700,7.4700,7.4700,7.4700,0,0.0000,,0,0.000000,144.088360,1.942552,0.789823,-33.637926,0
2018-11-21,sh.600489,7.4700,7.4700,7.4700,7.4700,7.4700,0,0.0000,,0,0.000000,144.088360,1.942552,0.789823,-33.637926,0
2018-11-22,sh.600489,7.4700,7.4700,7.4700,7.4700,7.4700,0,0.0000,,0,0.000000,144.088360,1.942552,0.789823,-33.637926,0
2018-11-23,sh.600489,7.4700,7.4700,7.4700,7.4700,7.4700,0,0.0000,,0,0.000000,144.088360,1.942552,0.789823,-33.637926,0
2018-11-26,sh.600489,7.4400,7.7100,7.3900,7.6100,7.4700,34063176,258139841.0000,0.987013,1,1.874168,146.788811,1.978959,0.804626,-34.268356,0
2018-11-27,sh.600489,7.5500,7.7300,7.5100,7.6600,7.6100,19797400,150838514.0000,0.573649,1,0.657026,147.753258,1.991961,0.809912,-34.493509,0
2018-11-28,sh.600489,7.5500,7.5900,7.4700,7.5600,7.6600,21826250,164309570.0000,0.632436,1,-1.305482,145.824364,1.965957,0.799339,-34.043202,0
2018-11-29,sh.600489,7.6400,7.9900,7.6400,7.8600,7.5600,54159243,425379161.0000,1.569316,1,3.968256,151.611046,2.043971,0.831059,-35.394123,0
2018-11-30,sh.600489,7.8000,7.8900,7.7200,7.8200,7.8600,28098105,218723141.0000,0.814169,1,-0.508905,150.839488,2.033569,0.826829,-35.214000,0
2018-12-03,sh.600489,7.7200,7.9700,7.7000,7.9400,7.8200,34535980,270514650.0000,1.000713,1,1.534525,153.154161,2.064775,0.839517,-35.754369,0
2018-12-04,sh.600489,7.9100,8.1500,7.9000,8.1000,7.9400,46533274,374353153.0000,1.348346,1,2.015117,156.240391,2.106382,0.856435,-36.474860,0
2018-12-05,sh.600489,8.0900,8.2000,7.9800,8.0200,8.1000,43354691,350729952.0000,1.256244,1,-0.987653,154.697276,2.085578,0.847976,-36.114614,0
2018-12-06,sh.600489,8.1200,8.1800,8.0200,8.0300,8.0200,44686167,362196544.0000,1.294824,1,0.124679,154.890165,2.088179,0.849033,-36.159645,0
2018-12-07,sh.600489,7.9700,8.1500,7.8900,8.0500,8.0300,24075591,193905054.0000,0.697613,1,0.249072,155.275944,2.093380,0.851148,-36.249706,0
2018-12-10,sh.600489,8.2800,8.3300,8.1400,8.1400,8.0500,35429328,291014500.0000,1.026599,1,1.118014,157.011948,2.116784,0.860664,-36.654982,0
2018-12-11,sh.600489,8.0900,8.5500,8.0500,8.4800,8.1400,55578981,462917868.0000,1.610454,1,4.176894,163.570187,2.205200,0.896613,-38.186026,0
2018-12-12,sh.600489,8.4100,8.5300,8.3700,8.4800,8.4800,32451560,273818285.0000,0.940315,1,0.000000,163.570187,2.205200,0.896613,-38.186026,0
2018-12-13,sh.600489,8.4500,8.4500,8.3300,8.4300,8.4800,26022584,218185711.0000,0.754029,1,-0.589614,162.605740,2.192198,0.891326,-37.960872,0
2018-12-14,sh.600489,8.3600,8.5000,8.2100,8.2300,8.4300,34988354,292368787.0000,1.013821,1,-2.372488,158.747952,2.140188,0.870180,-37.060259,0
2018-12-17,sh.600489,8.1800,8.2700,8.0900,8.1900,8.2300,21832249,178546810.0000,0.632610,1,-0.486026,157.976395,2.129786,0.865951,-36.880136,0
2018-12-18,sh.600489,8.3300,8.4700,8.2300,8.2600,8.1900,37690730,314282089.0000,1.092125,1,0.854709,159.326620,2.147990,0.873352,-37.195351,0
2018-12-19,sh.600489,8.2600,8.3500,8.1000,8.1500,8.2600,28416685,233470547.0000,0.823401,1,-1.331726,157.204837,2.119385,0.861721,-36.700013,0
2018-12-20,sh.600489,8.0300,8.1500,7.9600,8.1100,8.1500,27761152,223522606.0000,0.804406,1,-0.490797,156.433280,2.108983,0.857492,-36.519890,0
2018-12-21,sh.600489,8.3100,8.3500,8.0900,8.1200,8.1100,23590389,193452033.0000,0.683554,1,0.123307,156.626169,2.111583,0.858549,-36.564921,0
2018-12-24,sh.600489,8.1800,8.3400,8.0900,8.2700,8.1200,22070637,181731395.0000,0.639518,1,1.847298,159.519510,2.150590,0.874409,-37.240381,0
2018-12-25,sh.600489,8.4200,8.4600,8.3000,8.3600,8.2700,38171655,319758488.0000,1.106060,1,1.088261,161.255514,2.173994,0.883925,-37.645658,0
2018-12-26,sh.600489,8.3500,8.6100,8.2700,8.5600,8.3600,41976741,355487565.0000,1.216316,1,2.392354,165.113302,2.226004,0.905072,-38.546271,0
2018-12-27,sh.600489,8.4500,8.5800,8.4000,8.4000,8.5600,33494862,284025021.0000,0.970546,1,-1.869168,162.027072,2.184396,0.888154,-37.825780,0
2018-12-28,sh.600489,8.4100,8.5800,8.4100,8.5800,8.4000,27895716,237083705.0000,0.808305,1,2.142861,165.499080,2.231205,0.907186,-38.636333,0
2019-01-02,sh.600489,8.5000,8.6300,8.3400,8.5800,8.5800,30172631,255977922.0000,0.874281,1,0.000000,165.499080,2.231205,0.907186,-38.636333,0
2019-01-03,sh.600489,8.4800,8.8100,8.4400,8.7600,8.5800,45506803,393624727.0000,1.318603,1,2.097906,168.971089,2.278013,0.926218,-39.446885,0
2019-01-04,sh.600489,8.8200,8.9600,8.6200,8.7000,8.7600,49232157,431861625.0000,1.426549,1,-0.684936,167.813753,2.262411,0.919874,-39.176701,0
2019-01-07,sh.600489,8.5000,8.6400,8.3100,8.6100,8.7000,41921312,356831483.0000,1.214710,1,-1.034485,166.077748,2.239006,0.910358,-38.771425,0
2019-01-08,sh.600489,8.5200,8.5800,8.1400,8.2100,8.6100,47675897,396822257.0000,1.381455,1,-4.645757,158.362174,2.134987,0.868065,-36.970197,0
2019-01-09,sh.600489,8.1500,8.3300,8.1300,8.3200,8.2100,27912195,229818429.0000,0.808783,1,1.339825,160.483957,2.163593,0.879696,-37.465535,0
2019-01-10,sh.600489,8.3300,8.5400,8.3100,8.4500,8.3200,34744696,292578992.0000,1.006761,1,1.562501,162.991519,2.197399,0.893441,-38.050934,0
2019-01-11,sh.600489,8.3500,8.4900,8.2800,8.3900,8.4500,22613103,189378671.0000,0.655236,1,-0.710053,161.834182,2.181796,0.887097,-37.780750,0
2019-01-14,sh.600489,8.3400,8.4400,8.3200,8.3400,8.3900,16033782,134250424.0000,0.464594,1,-0.595950,160.869735,2.168794,0.881810,-37.555596,0
2019-01-15,sh.600489,8.3100,8.3700,8.2800,8.3200,8.3400,19957201,166033544.0000,0.578279,1,-0.239814,160.483957,2.163593,0.879696,-37.465535,0
2019-01-16,sh.600489,8.3000,8.3100,8.1200,8.1900,8.3200,27225953,223367429.0000,0.788898,1,-1.562501,157.976395,2.129786,0.865951,-36.880136,0
2019-01-17,sh.600489,8.2200,8.2700,8.1400,8.2400,8.1900,21506300,176504919.0000,0.623166,1,0.610503,158.940842,2.142789,0.871237,-37.105289,0
2019-01-18,sh.600489,8.2100,8.2500,8.1400,8.2400,8.2400,16078919,131938117.0000,0.465902,1,0.000000,158.940842,2.142789,0.871237,-37.105289,0
2019-01-21,sh.600489,8.1400,8.2600,8.0700,8.2200,8.2400,24983279,203973401.0000,0.723914,1,-0.242712,158.555063,2.137588,0.869123,-37.015228,0
2019-01-22,sh.600489,8.1600,8.3700,8.1300,8.3000,8.2200,32896136,272055402.0000,0.953197,1,0.973235,160.098178,2.158392,0.877581,-37.375474,0
2019-01-23,sh.600489,8.3300,8.3400,8.2000,8.2300,8.3000,17175960,142062715.0000,0.497690,1,-0.843381,158.747952,2.140188,0.870180,-37.060259,0
2019-01-24,sh.600489,8.2400,8.2400,8.1500,8.1900,8.2300,13258461,108477456.0000,0.384177,1,-0.486026,157.976395,2.129786,0.865951,-36.880136,0
2019-01-25,sh.600489,8.1800,8.2000,8.0800,8.1800,8.1900,14900478,121585610.0000,0.431756,1,-0.122091,157.783505,2.127186,0.864893,-36.835105,0
2019-01-28,sh.600489,8.3500,8.4400,8.2900,8.3600,8.1800,37496375,313640491.0000,1.086493,1,2.200481,161.255514,2.173994,0.883925,-37.645658,0
2019-01-29,sh.600489,8.4200,8.4600,8.1600,8.2900,8.3600,31278707,260103341.0000,0.906330,1,-0.837317,159.905289,2.155791,0.876524,-37.330443,0
2019-01-30,sh.600489,8.3500,8.3800,8.2000,8.3100,8.2900,20589533,170813925.0000,0.596601,1,0.241260,160.291067,2.160992,0.878638,-37.420504,0
2019-01-31,sh.600489,8.3400,8.4300,7.8900,7.9300,8.3100,34137835,280676649.0000,0.989176,1,-4.572811,152.961271,2.062174,0.838460,-35.709338,0
2019-02-01,sh.600489,8.0000,8.1000,7.9500,8.0600,7.9300,19092791,153198649.0000,0.553232,1,1.639352,155.468833,2.095980,0.852205,-36.294737,0
2019-02-11,sh.600489,8.0700,8.1400,7.9500,8.1100,8.0600,21322680,171320497.0000,0.617845,1,0.620338,156.433280,2.108983,0.857492,-36.519890,0
2019-02-12,sh.600489,8.0700,8.3000,8.0300,8.2900,8.1100,28999368,237271678.0000,0.840284,1,2.219486,159.905289,2.155791,0.876524,-37.330443,0
2019-02-13,sh.600489,8.2500,8.4700,8.2200,8.4300,8.2900,36286519,303566077.0000,1.051437,1,1.688786,162.605740,2.192198,0.891326,-37.960872,0
2019-02-14,sh.600489,8.3900,8.4500,8.3000,8.4200,8.4300,23146618,194077326.0000,0.670695,1,-0.118627,162.412850,2.189597,0.890269,-37.915842,0
2019-02-15,sh.600489,8.4200,8.5500,8.4000,8.4300,8.4200,27552621,232947321.0000,0.798364,1,0.118768,162.605740,2.192198,0.891326,-37.960872,0
2019-02-18,sh.600489,8.4600,8.5700,8.4300,8.5700,8.4300,32898124,280294734.0000,0.953255,1,1.660728,165.306191,2.228604,0.906129,-38.591302,0
2019-02-19,sh.600489,8.5900,8.8200,8.5500,8.6500,8.5700,50698310,439589434.0000,1.469032,1,0.933488,166.849306,2.249408,0.914588,-38.951548,0
2019-02-20,sh.600489,8.7900,8.8600,8.5900,8.6200,8.6500,56136791,490624674.0000,1.626617,1,-0.346818,166.270638,2.241607,0.911416,-38.816456,0
2019-02-21,sh.600489,8.5900,8.8000,8.4900,8.6600,8.6200,63436390,548387614.0000,1.838130,1,0.464037,167.042195,2.252009,0.915645,-38.996578,0
2019-02-22,sh.600489,8.5000,8.5600,8.4100,8.5600,8.6600,51162097,434086293.0000,1.482471,1,-1.154728,165.113302,2.226004,0.905072,-38.546271,0
2019-02-25,sh.600489,8.5300,8.9100,8.5100,8.9000,8.5600,73984763,648448755.0000,2.143779,1,3.971953,171.671540,2.314420,0.941021,-40.077315,0
2019-02-26,sh.600489,8.8500,9.1400,8.8100,8.8500,8.9000,74181015,666824838.0000,2.149466,1,-0.561789,170.707093,2.301418,0.935734,-39.852162,0
2019-02-27,sh.600489,8.8800,8.9900,8.7300,8.7800,8.8500,54045569,479424341.0000,1.566022,1,-0.790968,169.356868,2.283214,0.928333,-39.536947,0
2019-02-28,sh.600489,8.6500,8.7600,8.5300,8.6900,8.7800,46165501,398836366.0000,1.337690,1,-1.025059,167.620863,2.259810,0.918817,-39.131670,0
2019-03-01,sh.600489,8.5900,8.7000,8.5500,8.6600,8.6900,36176189,311958573.0000,1.048240,1,-0.345221,167.042195,2.252009,0.915645,-38.996578,0
2019-03-04,sh.600489,8.5200,8.9200,8.5100,8.8700,8.6600,78885908,687226950.0000,2.285795,1,2.424943,171.092872,2.306619,0.937849,-39.942223,0
2019-03-05,sh.600489,8.7800,8.8100,8.6800,8.8000,8.8700,50436047,441264261.0000,1.461433,1,-0.789174,169.742646,2.288415,0.930447,-39.627008,0
2019-03-06,sh.600489,8.8100,9.1300,8.7600,9.0800,8.8000,95736975,857845942.0000,2.774070,1,3.181815,175.143549,2.361228,0.960053,-40.887867,0
2019-03-07,sh.600489,9.0300,9.2000,8.9300,9.0900,9.0800,88736188,804869780.0000,2.571216,1,0.110135,175.336438,2.363829,0.961110,-40.932898,0
2019-03-08,sh.600489,9.0800,9.0900,8.6900,8.6900,9.0900,76853632,677235237.0000,2.226907,1,-4.400446,167.620863,2.259810,0.918817,-39.131670,0
2019-03-11,sh.600489,8.6900,8.7700,8.6000,8.7500,8.6900,48691556,423814102.0000,1.410884,1,0.690454,168.778200,2.275413,0.925161,-39.401855,0
2019-03-12,sh.600489,8.6800,8.8500,8.6600,8.7700,8.7500,59316116,519409374.0000,1.718741,1,0.228577,169.163978,2.280614,0.927275,-39.491916,0
2019-03-13,sh.600489,8.8100,8.8500,8.6000,8.6300,8.7700,53930760,470726105.0000,1.562695,1,-1.596355,166.463527,2.244207,0.912473,-38.861486,0
2019-03-14,sh.600489,8.5900,8.6300,8.3300,8.3600,8.6300,43616222,369628224.0000,1.263822,1,-3.128626,161.255514,2.173994,0.883925,-37.645658,0
2019-03-15,sh.600489,8.3100,8.4500,8.3000,8.3900,8.3600,28942489,242346122.0000,0.838636,1,0.358860,161.834182,2.181796,0.887097,-37.780750,0
2019-03-18,sh.600489,8.3700,8.5500,8.3600,8.5400,8.3900,28359590,240248682.0000,0.821746,1,1.787838,164.727523,2.220803,0.902957,-38.456210,0
2019-03-19,sh.600489,8.5400,8.6400,8.4900,8.5700,8.5400,28162414,241203433.0000,0.816033,1,0.351285,165.306191,2.228604,0.906129,-38.591302,0
2019-03-20,sh.600489,8.5200,8.5600,8.4000,8.4500,8.5700,29887910,253047932.0000,0.866031,1,-1.400232,162.991519,2.197399,0.893441,-38.050934,0
2019-03-21,sh.600489,8.5600,8.8100,8.5600,8.6900,8.4500,63244061,548939241.0000,1.832557,1,2.840234,167.620863,2.259810,0.918817,-39.131670,0
2019-03-22,sh.600489,8.6000,8.6600,8.5000,8.5700,8.6900,40406515,345858373.0000,1.170817,1,-1.380896,165.306191,2.228604,0.906129,-38.591302,0
2019-03-25,sh.600489,8.6500,8.7900,8.6100,8.7300,8.5700,62059863,539788805.0000,1.798244,1,1.866976,168.392421,2.270212,0.923046,-39.311793,0
2019-03-26,sh.600489,8.7300,8.9800,8.7100,8.8600,8.7300,99910474,887097477.0000,2.895002,1,1.489119,170.899983,2.304018,0.936791,-39.897192,0
2019-03-27,sh.600489,8.7700,8.9000,8.6500,8.7900,8.8600,48520934,425180275.0000,1.405940,1,-0.790064,169.549757,2.285815,0.929390,-39.581977,0
2019-03-28,sh.600489,8.7200,8.7200,8.5100,8.6100,8.7900,37153756,319354970.0000,1.076566,1,-2.047785,166.077748,2.239006,0.910358,-38.771425,0
2019-03-29,sh.600489,8.4100,8.5700,8.3400,8.5500,8.6100,50210484,424049369.0000,1.454897,1,-0.696858,164.920412,2.223403,0.904014,-38.501241,0
2019-04-01,sh.600489,8.5200,8.7400,8.5100,8.7100,8.5500,58212232,503530211.0000,1.686755,1,1.871343,168.006642,2.265011,0.920932,-39.221732,0
2019-04-02,sh.600489,8.6800,8.8200,8.6600,8.7700,8.7100,61891681,539883072.0000,1.793371,1,0.688868,169.163978,2.280614,0.927275,-39.491916,0
2019-04-03,sh.600489,8.7200,8.7700,8.6900,8.7600,8.7700,40045186,349795582.0000,1.160348,1,-0.114028,168.971089,2.278013,0.926218,-39.446885,0
2019-04-04,sh.600489,8.7500,8.9000,8.7300,8.8400,8.7600,58950374,520237281.0000,1.708143,1,0.913241,170.514204,2.298817,0.934677,-39.807131,0
2019-04-08,sh.600489,8.8300,8.9700,8.6800,8.8000,8.8400,55699099,492170777.0000,1.613935,1,-0.452488,169.742646,2.288415,0.930447,-39.627008,0
2019-04-09,sh.600489,8.8000,8.8500,8.6700,8.7300,8.8000,40988950,358010533.0000,1.187694,1,-0.795462,168.392421,2.270212,0.923046,-39.311793,0
2019-04-10,sh.600489,8.7600,8.9200,8.6800,8.9100,8.7300,77828127,686087717.0000,2.255144,1,2.061859,171.864430,2.317020,0.942078,-40.122346,0
2019-04-11,sh.600489,8.8800,8.8900,8.6400,8.6600,8.9100,59197609,519222776.0000,1.715307,1,-2.805836,167.042195,2.252009,0.915645,-38.996578,0
2019-04-12,sh.600489,8.5100,8.5600,8.4400,8.4700,8.6600,38321751,325584677.0000,1.110409,1,-2.193990,163.377297,2.202600,0.895556,-38.140995,0
2019-04-15,sh.600489,8.5000,8.6000,8.4400,8.4500,8.4700,29764774,253574560.0000,0.862463,1,-0.236133,162.991519,2.197399,0.893441,-38.050934,0
2019-04-16,sh.600489,8.3200,8.5400,8.3200,8.5400,8.4500,26799879,227302912.0000,0.776552,1,1.065091,164.727523,2.220803,0.902957,-38.456210,0
2019-04-17,sh.600489,8.4800,8.5200,8.4100,8.5100,8.5400,33495362,283352329.0000,0.970560,1,-0.351285,164.148855,2.213002,0.899785,-38.321118,0
2019-04-18,sh.600489,8.4600,8.4700,8.3700,8.4000,8.5100,31547390,265499791.0000,0.914116,1,-1.292604,162.027072,2.184396,0.888154,-37.825780,0
2019-04-19,sh.600489,8.4200,8.4400,8.3700,8.4400,8.4000,19454393,163386947.0000,0.563710,1,0.476190,162.798629,2.194798,0.892384,-38.005903,0
2019-04-22,sh.600489,8.4500,8.5900,8.4100,8.4900,8.4400,36243351,307812629.0000,1.050186,1,0.592419,163.763076,2.207801,0.897670,-38.231057,0
2019-04-23,sh.600489,8.4300,8.4400,8.2200,8.2500,8.4900,35209091,292745956.0000,1.020217,1,-2.826853,159.133731,2.145389,0.872295,-37.150320,0
2019-04-24,sh.600489,8.2000,8.2600,8.1500,8.2600,8.2500,19155450,157222283.0000,0.555047,1,0.121215,159.326620,2.147990,0.873352,-37.195351,0
2019-04-25,sh.600489,8.2700,8.2900,8.1000,8.1100,8.2600,20089852,164629766.0000,0.582123,1,-1.815988,156.433280,2.108983,0.857492,-36.519890,0
2019-04-26,sh.600489,8.1100,8.1600,8.0200,8.0500,8.1100,18140959,146627711.0000,0.525652,1,-0.739821,155.275944,2.093380,0.851148,-36.249706,0
2019-04-29,sh.600489,8.0800,8.1000,7.7200,7.7700,8.0500,26723761,210492622.0000,0.774347,1,-3.478263,157.146877,1.955171,0.758889,-260.592634,0
2019-04-30,sh.600489,7.7700,7.9700,7.7700,7.9400,7.7700,17456731,137736434.0000,0.505825,1,2.187903,160.585097,1.997948,0.775493,-266.294146,0
2019-05-06,sh.600489,8.0200,8.2500,7.7100,7.9200,7.9400,50793739,409358912.0000,1.471797,1,-0.251889,160.180601,1.992916,0.773539,-265.623380,0
2019-05-07,sh.600489,7.8000,7.9500,7.6300,7.8800,7.9200,25244977,197585372.0000,0.731497,1,-0.505050,159.371608,1.982850,0.769633,-264.281848,0
2019-05-08,sh.600489,7.9400,8.3400,7.9300,8.2600,7.8800,47427120,385468706.0000,1.374246,1,4.822337,167.057041,2.078470,0.806747,-277.026404,0
2019-05-09,sh.600489,8.1600,8.3200,8.0900,8.1800,8.2600,32878753,269739233.0000,0.952693,1,-0.968522,165.439055,2.058340,0.798933,-274.343340,0
2019-05-10,sh.600489,8.1500,8.4300,8.0500,8.2800,8.1800,36265943,298925821.0000,1.050840,1,1.222487,167.461537,2.083503,0.808700,-277.697170,0
2019-05-13,sh.600489,8.2700,8.3500,8.2000,8.2600,8.2800,22601250,187305410.0000,0.654893,1,-0.241540,167.057041,2.078470,0.806747,-277.026404,0
2019-05-14,sh.600489,8.4400,8.5000,8.3200,8.3600,8.2600,46015375,386891129.0000,1.333339,1,1.210647,169.079523,2.103633,0.816514,-280.380235,0
2019-05-15,sh.600489,8.2800,8.2800,8.1700,8.2500,8.3600,29226725,240320188.0000,0.846872,1,-1.315785,166.854792,2.075954,0.805770,-276.691021,0
2019-05-16,sh.600489,8.2100,8.3900,8.2100,8.3400,8.2500,29769064,247421821.0000,0.862587,1,1.090911,168.675027,2.098601,0.814560,-279.709469,0
2019-05-17,sh.600489,8.2000,8.2400,8.0500,8.0800,8.3400,27567055,225100299.0000,0.798782,1,-3.117509,163.416573,2.033177,0.789167,-270.989509,0
2019-05-20,sh.600489,7.9900,8.0000,7.7300,7.8600,8.0800,24769706,194452704.0000,0.717726,1,-2.722770,158.967111,1.977818,0.767679,-263.611082,0
2019-05-21,sh.600489,7.8100,7.9500,7.8000,7.9300,7.8600,17909248,141371466.0000,0.518938,1,0.890581,160.382849,1.995432,0.774516,-265.958763,0
2019-05-22,sh.600489,7.8800,7.9500,7.8300,7.9100,7.9300,18118702,142950236.0000,0.525007,1,-0.252207,159.978353,1.990399,0.772563,-265.287997,0
2019-05-23,sh.600489,7.9600,7.9600,7.7400,7.8000,7.9100,18298502,143401564.0000,0.530217,1,-1.390640,157.753622,1.962720,0.761819,-261.598784,0
2019-05-24,sh.600489,7.8700,7.9200,7.8200,7.8300,7.8000,12347873,97071336.0000,0.357791,1,0.384612,158.360367,1.970269,0.764749,-262.604933,0
2019-05-27,sh.600489,7.8300,7.9000,7.8100,7.9000,7.8300,14792687,116193647.0000,0.428632,1,0.894000,159.776104,1.987883,0.771586,-264.952614,0
2019-05-28,sh.600489,7.8600,7.9500,7.8300,7.9500,7.9000,20185098,159711502.0000,0.584883,1,0.632908,160.787345,2.000465,0.776470,-266.629530,0
2019-05-29,sh.600489,7.9000,8.0400,7.8500,8.0400,7.9500,24839441,197427016.0000,0.719747,1,1.132077,162.607580,2.023111,0.785260,-269.647977,0
2019-05-30,sh.600489,7.9400,7.9900,7.8600,7.9000,8.0400,16826171,133376479.0000,0.487554,1,-1.741292,159.776104,1.987883,0.771586,-264.952614,0
2019-05-31,sh.600489,8.0000,8.1400,7.9600,8.1000,7.9000,35867792,288637389.0000,1.039304,1,2.531649,163.821069,2.038209,0.791120,-271.660275,0
2019-06-03,sh.600489,8.3200,8.5200,8.2200,8.3500,8.1000,68776265,576342591.0000,1.992858,1,3.086420,168.877275,2.101117,0.815537,-280.044852,0
2019-06-04,sh.600489,8.4900,8.6200,8.3200,8.3900,8.3500,51650011,437319907.0000,1.496608,1,0.479042,169.686268,2.111182,0.819444,-281.386384,0
2019-06-05,sh.600489,8.3200,8.6800,8.2800,8.6600,8.3900,60464013,516659588.0000,1.752003,1,3.218111,175.146970,2.179122,0.845815,-290.441726,0
2019-06-06,sh.600489,8.5300,8.6800,8.4500,8.4700,8.6600,39823748,340443671.0000,1.153931,1,-2.193990,171.304254,2.131313,0.827257,-284.069448,0
2019-06-10,sh.600489,8.4500,8.5800,8.3700,8.4200,8.4700,33860879,286125482.0000,0.981151,1,-0.590321,170.293012,2.118731,0.822374,-282.392533,0
2019-06-11,sh.600489,8.3700,8.5400,8.3100,8.4700,8.4200,40764963,344933292.0000,1.181204,1,0.593827,171.304254,2.131313,0.827257,-284.069448,0
2019-06-12,sh.600489,8.4400,8.9000,8.4300,8.8600,8.4700,86188768,754025227.0000,2.497402,1,4.604479,179.191935,2.229449,0.865348,-297.149388,0
2019-06-13,sh.600489,8.7800,8.9500,8.6700,8.8200,8.8600,49048731,431081143.0000,1.421234,1,-0.451467,178.382942,2.219383,0.861442,-295.807855,0
2019-06-14,sh.600489,8.8900,9.0400,8.7500,9.0000,8.8200,84670369,757057837.0000,2.453405,1,2.040820,182.023410,2.264677,0.879022,-301.844750,0
2019-06-17,sh.600489,8.7300,8.9000,8.6800,8.6900,9.0000,55483791,486156425.0000,1.607696,1,-3.444449,175.753715,2.186671,0.848745,-291.447876,0
2019-06-18,sh.600489,8.6900,8.9400,8.6800,8.9200,8.6900,48425153,426540081.0000,1.403165,1,2.646726,180.405424,2.244546,0.871209,-299.161686,0
2019-06-19,sh.600489,8.7200,8.8200,8.7000,8.7600,8.9200,42860019,375046359.0000,1.241910,1,-1.793720,177.169452,2.204285,0.855582,-293.795557,0
2019-06-20,sh.600489,9.0600,9.1800,8.9100,9.0000,8.7600,78078603,703749015.0000,2.262402,1,2.739723,182.023410,2.264677,0.879022,-301.844750,0
2019-06-21,sh.600489,9.1300,9.7300,9.0200,9.3500,9.0000,133048124,1249651678.0000,3.855197,1,3.888893,189.102098,2.352748,0.913206,-313.583157,0
2019-06-24,sh.600489,9.4700,9.7000,9.4000,9.4900,9.3500,90970981,867766530.0000,2.635971,1,1.497320,191.933573,2.387976,0.926880,-318.278520,0
2019-06-25,sh.600489,9.8000,10.4000,9.7100,10.3900,9.4900,185811451,1875338659.0000,5.384064,1,9.483673,210.135914,2.614444,1.014782,-348.462995,0
2019-06-26,sh.600489,9.9900,10.0500,9.4900,9.6200,10.3900,130348162,1276202511.0000,3.776963,1,-7.410976,194.562800,2.420688,0.939577,-322.638500,0
2019-06-27,sh.600489,9.4600,9.8100,9.4600,9.7900,9.6200,84990004,819014005.0000,2.462667,1,1.767153,198.001020,2.463465,0.956181,-328.340012,0
2019-06-28,sh.600489,9.9200,10.7700,9.8500,10.2700,9.7900,180348377,1874124525.0000,5.225767,1,4.902967,207.708936,2.584248,1.003062,-344.438398,0
2019-07-01,sh.600489,10.0000,10.2500,9.9300,10.1800,10.2700,146319720,1474990819.0000,4.239754,1,-0.876340,205.888701,2.561601,0.994272,-341.419951,0
2019-07-02,sh.600489,10.1800,10.3600,10.0500,10.1500,10.1800,124386953,1267191175.0000,3.604231,1,-0.294702,205.281957,2.554052,0.991342,-340.413802,0
2019-07-03,sh.600489,10.7200,10.7200,10.2000,10.2800,10.1500,134553928,1403814242.0000,3.898829,1,1.280789,207.911184,2.586764,1.004039,-344.773782,0
2019-07-04,sh.600489,10.2400,10.3700,9.7400,9.9100,10.2800,113205898,1138846475.0000,3.280249,1,-3.599221,200.427999,2.493661,0.967901,-332.364608,0
2019-07-05,sh.600489,9.9000,10.0500,9.8200,10.0500,9.9100,61944906,616194871.0000,1.794913,1,1.412718,203.259474,2.528889,0.981575,-337.059971,0
2019-07-08,sh.600489,9.7500,9.8200,9.4000,9.7400,10.0500,83119564,801682047.0000,2.408469,1,-3.084581,196.989779,2.450884,0.951297,-326.663097,0
2019-07-09,sh.600489,9.5000,9.5600,9.4100,9.5200,9.7400,47958175,454622172.0000,1.389634,1,-2.258720,192.540318,2.395525,0.929810,-319.284669,0
2019-07-10,sh.600489,9.4500,9.5000,9.2100,9.2700,9.5200,49454363,461741931.0000,1.432987,1,-2.626050,187.484112,2.332617,0.905393,-310.900093,0
2019-07-11,sh.600489,9.6100,9.8000,9.5300,9.6900,9.2700,94629387,912748314.0000,2.741977,1,4.530735,195.978538,2.438302,0.946414,-324.986181,0
2019-07-12,sh.600489,9.4700,9.5200,9.3600,9.4800,9.6900,42452869,400545624.0000,1.230112,1,-2.167183,191.731325,2.385460,0.925903,-317.943137,0
2019-07-15,sh.600489,9.4800,9.5300,9.2800,9.5100,9.4800,34762892,327251431.0000,1.007288,1,0.316463,192.338070,2.393009,0.928833,-318.949286,0
2019-07-16,sh.600489,9.4300,9.5700,9.3800,9.4600,9.5100,28245455,267475735.0000,0.818439,1,-0.525764,191.326829,2.380427,0.923950,-317.272371,0
2019-07-17,sh.600489,9.3300,9.3400,9.2400,9.2600,9.4600,39963603,370840672.0000,1.157984,1,-2.114163,187.281864,2.330101,0.904416,-310.564710,0
2019-07-18,sh.600489,9.5100,9.5500,9.2500,9.2500,9.2600,46843918,440908648.0000,1.357347,1,-0.107994,187.079616,2.327585,0.903439,-310.229327,0
2019-07-19,sh.600489,9.5200,9.7600,9.4400,9.6100,9.2500,75520246,726494481.0000,2.188271,1,3.891888,194.360552,2.418172,0.938600,-322.303117,0
2019-07-22,sh.600489,9.4800,9.4800,9.3000,9.3800,9.6100,34754960,326979012.0000,1.007058,1,-2.393336,189.708843,2.360297,0.916136,-314.589307,0
2019-07-23,sh.600489,9.2200,9.3500,9.1600,9.3400,9.3800,31820729,293860786.0000,0.922036,1,-0.426439,188.899850,2.350231,0.912230,-313.247774,0
2019-07-24,sh.600489,9.1700,9.4800,9.1700,9.4600,9.3400,28593598,267474515.0000,0.828527,1,1.284795,191.326829,2.380427,0.923950,-317.272371,0
2019-07-25,sh.600489,9.3800,9.3800,9.2500,9.3500,9.4400,27323795,254403292.0000,0.791733,1,-0.953381,189.102098,2.352748,0.913206,-313.583157,0
2019-07-26,sh.600489,9.2500,9.3100,9.2200,9.2800,9.3500,18213538,168683887.0000,0.527800,1,-0.748700,187.686361,2.335133,0.906369,-311.235476,0
2019-07-29,sh.600489,9.3700,9.4000,9.2400,9.2900,9.2800,23064099,214422602.0000,0.668304,1,0.107761,187.888609,2.337650,0.907346,-311.570859,0
2019-07-30,sh.600489,9.3200,9.4500,9.2000,9.4300,9.2900,44956393,420297886.0000,1.302700,1,1.507000,190.720084,2.372878,0.921020,-316.266222,0
2019-07-31,sh.600489,9.3800,9.4300,9.2300,9.3700,9.4300,39940738,373051273.0000,1.157300,1,-0.636300,189.506595,2.357780,0.915160,-314.253923,0
2019-08-01,sh.600489,9.0800,9.0800,8.7900,8.8300,9.3700,73872934,660226202.0000,2.140500,1,-5.763100,178.585190,2.221900,0.862418,-296.143238,0
2019-08-02,sh.600489,9.0500,9.1500,8.9500,9.0200,8.8300,63546836,574693400.0000,1.841300,1,2.151800,182.427906,2.269709,0.880975,-302.515516,0
2019-08-05,sh.600489,9.1000,9.8100,9.1000,9.8000,9.0200,120447608,1150071441.0000,3.490100,1,8.647400,198.203269,2.465981,0.957157,-328.675395,0
2019-08-06,sh.600489,10.0800,10.1300,9.5800,9.6700,9.8000,124384258,1227227642.0000,3.604200,1,-1.326500,195.574042,2.433269,0.944460,-324.315415,0
2019-08-07,sh.600489,9.9400,10.3600,9.8700,10.2200,9.6700,138979478,1412661970.0000,4.027100,1,5.687700,206.697694,2.571666,0.998178,-342.761483,0
2019-08-08,sh.600489,10.3700,10.3700,10.0400,10.1100,10.2200,99764080,1015676961.0000,2.890800,1,-1.076300,204.472964,2.543987,0.987435,-339.072270,0
2019-08-09,sh.600489,10.0900,10.2000,9.9100,9.9400,10.1100,82119411,825572627.0000,2.379500,1,-1.681500,201.034744,2.501210,0.970831,-333.370758,0
2019-08-12,sh.600489,9.8500,10.0500,9.6700,9.9400,9.9400,53903423,533544091.0000,1.561900,1,0.000000,201.034744,2.501210,0.970831,-333.370758,0
2019-08-13,sh.600489,10.2600,10.5900,10.1400,10.4500,9.9400,133971670,1385505761.0000,3.882000,1,5.130800,211.349404,2.629541,1.020642,-350.475293,0
2019-08-14,sh.600489,9.9500,10.1300,9.8600,10.0600,10.4500,92136213,921291025.0000,2.669700,1,-3.732100,203.461723,2.531405,0.982551,-337.395354,0
2019-08-15,sh.600489,10.3000,10.4200,10.0400,10.1200,10.0600,111010529,1137271459.0000,3.216600,1,0.596400,204.675212,2.546503,0.988412,-339.407653,0
2019-08-16,sh.600489,10.2200,10.2400,9.9300,10.0900,10.1200,76604241,771642050.0000,2.219700,1,-0.296400,204.068467,2.538954,0.985481,-338.401503,0
2019-08-19,sh.600489,9.8400,9.9100,9.6600,9.9000,10.0900,91368569,892627516.0000,2.647500,1,-1.883100,200.225751,2.491145,0.966924,-332.029225,0
2019-08-20,sh.600489,9.7000,9.8700,9.6100,9.8400,9.9000,101287451,985508877.0000,2.934900,1,-0.606100,234.545911,2.490382,0.968708,-104.429570,0
2019-08-21,sh.600489,9.7600,9.7700,9.6300,9.6400,9.8400,68946635,668111183.0000,1.997800,1,-2.032500,229.778718,2.439764,0.949019,-102.307018,0
2019-08-22,sh.600489,9.5500,9.6100,9.4900,9.5700,9.6400,45648705,435647792.0000,1.322700,1,-0.726100,228.110200,2.422048,0.942128,-101.564124,0
2019-08-23,sh.600489,9.5100,9.6800,9.4500,9.5800,9.5700,51369903,491092470.0000,1.488500,1,0.104500,228.348560,2.424579,0.943112,-101.670252,0
2019-08-26,sh.600489,10.0400,10.0500,9.8100,9.8300,9.5800,100008596,990612417.0000,2.897800,1,2.609600,234.307552,2.487851,0.967724,-104.323442,0
2019-08-27,sh.600489,9.7000,9.9100,9.6500,9.8700,9.8300,69093046,675024007.0000,2.002000,1,0.406900,235.260990,2.497974,0.971662,-104.747953,0
2019-08-28,sh.600489,9.9000,10.0000,9.7500,9.7600,9.8700,63420090,624275383.0000,1.837700,1,-1.114500,232.639034,2.470135,0.960833,-103.580549,0
2019-08-29,sh.600489,9.7000,10.0100,9.6700,9.9900,9.7600,87367982,864054949.0000,2.531600,1,2.356600,238.121306,2.528345,0.983475,-106.021484,0
2019-08-30,sh.600489,9.7300,9.9400,9.7000,9.7800,9.9900,65916117,645166393.0000,1.910000,1,-2.102100,233.115753,2.475197,0.962802,-103.792804,0
2019-09-02,sh.600489,9.7500,9.7600,9.5800,9.7400,9.7800,49291265,477269463.0000,1.428300,1,-0.409000,232.162315,2.465073,0.958864,-103.368294,0
2019-09-03,sh.600489,9.7300,9.7800,9.6600,9.7400,9.7400,39744838,386238032.0000,1.151600,1,0.000000,232.162315,2.465073,0.958864,-103.368294,0
2019-09-04,sh.600489,9.8800,9.9100,9.7400,9.7800,9.7400,69682345,684079863.0000,2.019100,1,0.410700,233.115753,2.475197,0.962802,-103.792804,0
2019-09-05,sh.600489,9.7800,9.8500,9.7100,9.8200,9.7800,59439461,581282014.0000,1.722300,1,0.409000,234.069192,2.485320,0.966740,-104.217315,0
2019-09-06,sh.600489,9.6000,9.6200,9.4800,9.5100,9.8200,74586834,711801678.0000,2.161200,1,-3.156800,226.680042,2.406863,0.936221,-100.927359,0
2019-09-09,sh.600489,9.5000,9.5500,9.4600,9.5500,9.5100,37435409,356141590.0000,1.084700,1,0.420600,227.633481,2.416986,0.940159,-101.351869,0
2019-09-10,sh.600489,9.4300,9.4900,9.3900,9.4800,9.5500,39280036,370830817.0000,1.138200,1,-0.733000,225.964963,2.399270,0.933268,-100.608976,0
2019-09-11,sh.600489,9.4200,9.5500,9.4200,9.5400,9.4800,36049352,342871024.0000,1.044600,1,0.632900,227.395121,2.414456,0.939175,-101.245741,0
2019-09-12,sh.600489,9.4800,9.5000,9.4300,9.4800,9.5400,25422948,240421637.0000,0.736700,1,-0.628900,225.964963,2.399270,0.933268,-100.608976,0
2019-09-16,sh.600489,9.5100,9.5900,9.4800,9.5900,9.4800,43899054,418759489.0000,1.272000,1,1.160300,228.586920,2.427110,0.944097,-101.776379,0
2019-09-17,sh.600489,9.5300,9.5500,9.3100,9.3200,9.5900,42453285,400249062.0000,1.230100,1,-2.815400,222.151209,2.358776,0.917517,-98.910934,0
2019-09-18,sh.600489,9.3500,9.3600,9.2200,9.2500,9.3200,26047584,242112889.0000,0.754800,1,-0.751100,220.482691,2.341060,0.910625,-98.168041,0
2019-09-19,sh.600489,9.1800,9.3200,9.1300,9.3200,9.2500,24147988,223203973.0000,0.699700,1,0.756800,222.151209,2.358776,0.917517,-98.910934,0
2019-09-20,sh.600489,9.3100,9.4400,9.2500,9.4300,9.3200,33911697,318036218.0000,0.982600,1,1.180300,224.773165,2.386616,0.928346,-100.078338,0
2019-09-23,sh.600489,9.4500,9.5100,9.3300,9.3700,9.4300,33144430,312412472.0000,0.960400,1,-0.636300,223.343007,2.371431,0.922439,-99.441572,0
2019-09-24,sh.600489,9.4500,9.4700,9.3000,9.3700,9.3700,23534542,220313572.0000,0.681900,1,0.000000,223.343007,2.371431,0.922439,-99.441572,0
2019-09-25,sh.600489,9.4200,9.4300,9.2000,9.2700,9.3700,23210233,216127108.0000,0.672500,1,-1.067200,220.959410,2.346122,0.912594,-98.380296,0
2019-09-26,sh.600489,9.1300,9.1400,8.7900,8.8200,9.2700,48234577,431364820.0000,1.397600,1,-4.854400,210.233225,2.232232,0.868294,-93.604553,0
2019-09-27,sh.600489,8.7600,8.8300,8.6300,8.7000,8.8200,23251769,203361187.0000,0.673700,1,-1.360500,207.372909,2.201862,0.856480,-92.331022,0
2019-09-30,sh.600489,8.6900,8.7500,8.6200,8.6800,8.7000,18774676,163082832.0000,0.544000,1,-0.229900,206.896190,2.196800,0.854511,-92.118767,0
2019-10-08,sh.600489,8.6900,8.7600,8.6600,8.7100,8.6800,17208284,149925821.0000,0.498600,1,0.345600,207.611269,2.204393,0.857464,-92.437150,0
2019-10-09,sh.600489,8.7400,8.9700,8.7400,8.9300,8.7100,34351752,305186239.0000,0.995400,1,2.525800,212.855182,2.260072,0.879123,-94.771957,0
2019-10-10,sh.600489,8.9300,9.0200,8.8600,8.9300,8.9300,20987783,187455950.0000,0.608100,1,0.000000,212.855182,2.260072,0.879123,-94.771957,0
2019-10-11,sh.600489,8.8300,8.9200,8.8100,8.9200,8.9300,18308692,162228706.0000,0.530500,1,-0.112000,212.616822,2.257541,0.878138,-94.665829,0
2019-10-14,sh.600489,8.8000,8.9000,8.7900,8.8800,8.9200,20577538,182185171.0000,0.596300,1,-0.448400,211.663383,2.247418,0.874200,-94.241319,0
2019-10-15,sh.600489,8.8600,8.9300,8.7700,8.7800,8.8800,15713408,139083731.0000,0.455300,1,-1.126100,209.279787,2.222109,0.864356,-93.180043,0
2019-10-16,sh.600489,8.7300,8.8000,8.7000,8.7200,8.7800,13553283,118662475.0000,0.392700,1,-0.683400,207.849629,2.206924,0.858449,-92.543277,0
2019-10-17,sh.600489,8.7300,8.7800,8.7200,8.7700,8.7200,14284516,125005736.0000,0.413900,1,0.573400,209.041427,2.219578,0.863371,-93.073915,0
2019-10-18,sh.600489,8.7600,8.7700,8.6400,8.6500,8.7700,18590762,161717905.0000,0.538700,1,-1.368300,206.181111,2.189208,0.851558,-91.800384,0
2019-10-21,sh.600489,8.6100,8.6800,8.5700,8.6700,8.6500,12042822,103870406.0000,0.349000,1,0.231200,206.657830,2.194269,0.853527,-92.012639,0
2019-10-22,sh.600489,8.6100,8.6300,8.5600,8.6300,8.6700,14020525,120547034.0000,0.406300,1,-0.461400,205.704392,2.184146,0.849589,-91.588129,0
2019-10-23,sh.600489,8.6200,8.7400,8.6000,8.7200,8.6300,15499072,134632092.0000,0.449100,1,1.042900,207.849629,2.206924,0.858449,-92.543277,0
2019-10-24,sh.600489,8.6900,8.7000,8.5500,8.5900,8.7200,14416633,124045634.0000,0.417700,1,-1.490800,204.750953,2.174022,0.845651,-91.163618,0
2019-10-25,sh.600489,8.6400,8.6800,8.5800,8.6800,8.5900,15400419,133063536.0000,0.446200,1,1.047700,206.896190,2.196800,0.854511,-92.118767,0
2019-10-28,sh.600489,8.6200,8.7500,8.6000,8.7500,8.6800,18142505,157804969.0000,0.525700,1,0.806400,208.564708,2.214516,0.861402,-92.861660,0
2019-10-29,sh.600489,8.6700,8.6800,8.6000,8.6200,8.7500,14212989,122748362.0000,0.411800,1,-1.485700,205.466032,2.181615,0.848604,-91.482001,0
2019-10-30,sh.600489,8.5900,8.6000,8.2700,8.3100,8.6200,27000358,226427171.0000,0.782400,1,-3.596300,198.076882,2.103158,0.818086,-88.192045,0
2019-10-31,sh.600489,8.3100,8.3700,8.2000,8.2300,8.3100,16693042,138311756.0000,0.483700,1,-0.962700,210.981729,2.074605,0.786300,19.430581,0
2019-11-01,sh.600489,8.3100,8.4000,8.3100,8.3800,8.2300,14767756,123492126.0000,0.427900,1,1.822600,214.827083,2.112416,0.800631,19.784722,0
2019-11-04,sh.600489,8.3800,8.4500,8.3300,8.4300,8.3800,13042819,109798998.0000,0.377900,1,0.596700,216.108867,2.125020,0.805408,19.902770,0
2019-11-05,sh.600489,8.3700,8.4400,8.3000,8.4000,8.4300,16873014,141119607.0000,0.488900,1,-0.355900,215.339796,2.117458,0.802542,19.831941,0
2019-11-06,sh.600489,8.2000,8.2800,8.1500,8.2400,8.4000,20543691,169017064.0000,0.595300,1,-1.904800,211.238086,2.077125,0.787255,19.454190,0
2019-11-07,sh.600489,8.2300,8.3100,8.2200,8.2500,8.2400,11148044,92024346.0000,0.323000,1,0.121400,211.494443,2.079646,0.788211,19.477799,0
2019-11-08,sh.600489,8.1600,8.2000,8.1100,8.1600,8.2500,18325590,149426211.0000,0.531000,1,-1.090900,209.187231,2.056959,0.779612,19.265314,0
2019-11-11,sh.600489,8.1100,8.1500,7.8000,7.8400,8.1600,27894852,220833434.0000,0.808300,1,-3.921600,200.983810,1.976294,0.749039,18.509812,0
2019-11-12,sh.600489,7.8000,7.8800,7.6900,7.7400,7.8400,19599049,152235545.0000,0.567900,1,-1.275500,198.420241,1.951086,0.739485,18.273717,0
2019-11-13,sh.600489,7.7900,8.0400,7.7500,7.9500,7.7400,30590621,242550706.0000,0.886400,1,2.713200,203.803736,2.004023,0.759548,18.769516,0
2019-11-14,sh.600489,7.8800,7.9300,7.8200,7.9100,7.9500,13245618,104272348.0000,0.383800,1,-0.503100,202.778308,1.993940,0.755727,18.675078,0
2019-11-15,sh.600489,7.8800,7.9500,7.7500,7.7700,7.9100,15911431,124744127.0000,0.461000,1,-1.769900,199.189312,1.958649,0.742351,18.344546,0
2019-11-18,sh.600489,7.7200,7.8100,7.6900,7.7600,7.7700,15593587,121021520.0000,0.451800,1,-0.128700,198.932955,1.956128,0.741396,18.320936,0
2019-11-19,sh.600489,7.8000,7.8800,7.7600,7.8600,7.7600,14659113,114601537.0000,0.424800,1,1.288700,201.496524,1.981336,0.750950,18.557031,0
2019-11-20,sh.600489,7.8700,8.0800,7.8400,8.0000,7.8600,26771589,213250101.0000,0.775700,1,1.781200,205.085520,2.016627,0.764325,18.887563,0
2019-11-21,sh.600489,8.0000,8.0200,7.8800,7.9600,8.0000,19169348,152101170.0000,0.555500,1,-0.500000,204.060093,2.006544,0.760504,18.793125,0
2019-11-22,sh.600489,7.9300,8.1000,7.9100,8.0400,7.9600,24613949,197546440.0000,0.713200,1,1.005000,206.110948,2.026710,0.768147,18.982001,0
2019-11-25,sh.600489,7.9500,8.0200,7.9200,7.9800,8.0400,14238181,113557754.0000,0.412600,1,-0.746300,204.572807,2.011585,0.762415,18.840344,0
2019-11-26,sh.600489,7.9500,8.1000,7.8600,8.1000,7.9800,33228367,265783465.0000,0.962800,1,1.503800,207.649089,2.041835,0.773880,19.123658,0
2019-11-27,sh.600489,8.0100,8.0600,7.9300,7.9900,8.1000,18771374,149845660.0000,0.543900,1,-1.358000,204.829163,2.014106,0.763370,18.863954,0
2019-11-28,sh.600489,7.9900,7.9900,7.9900,7.9900,7.9900,0,0.0000,,0,0.000000,204.829163,2.014106,0.763370,18.863954,0
2019-11-29,sh.600489,7.9800,7.9800,7.8000,7.8400,7.9900,17219959,135410921.0000,0.499000,1,-1.877300,200.983810,1.976294,0.749039,18.509812,0
2019-12-02,sh.600489,7.8500,7.8700,7.7500,7.7900,7.8400,15488375,120959972.0000,0.448800,1,-0.637800,199.702025,1.963690,0.744262,18.391765,0
2019-12-03,sh.600489,7.8300,7.9300,7.8300,7.8800,7.7900,15333466,120790263.0000,0.444300,1,1.155300,202.009238,1.986377,0.752861,18.604250,0
2019-12-04,sh.600489,8.0300,8.2800,7.9700,8.1900,7.8800,55434220,451475645.0000,1.606300,1,3.934000,209.956301,2.064522,0.782478,19.336143,0
2019-12-05,sh.600489,8.1100,8.1500,8.0100,8.0700,8.1900,40398545,325267244.0000,1.170600,1,-1.465200,206.880019,2.034272,0.771013,19.052829,0
2019-12-06,sh.600489,8.0200,8.0800,8.0000,8.0600,8.0700,31526100,253132153.0000,0.913500,1,-0.123900,206.623662,2.031751,0.770058,19.029220,0
2019-12-09,sh.600489,7.9600,7.9800,7.9200,7.9800,8.0600,27577973,219184761.0000,0.799100,1,-0.992600,204.572807,2.011585,0.762415,18.840344,0
2019-12-10,sh.600489,7.9300,8.0200,7.9200,7.9800,7.9800,24055903,191394274.0000,0.697000,1,0.000000,204.572807,2.011585,0.762415,18.840344,0
2019-12-11,sh.600489,7.9600,8.0800,7.9400,8.0600,7.9800,31293953,251138864.0000,0.906800,1,1.002500,206.623662,2.031751,0.770058,19.029220,0
2019-12-12,sh.600489,8.1000,8.1300,8.0000,8.0300,8.0600,26320017,211675993.0000,0.762600,1,-0.372200,205.854591,2.024189,0.767192,18.958391,0
2019-12-13,sh.600489,7.9300,8.0200,7.8900,8.0100,8.0300,27275983,217042765.0000,0.790300,1,-0.249100,205.341877,2.019147,0.765281,18.911173,0
2019-12-16,sh.600489,7.9900,8.0400,7.9300,8.0300,8.0100,31886793,254451825.0000,0.924000,1,0.249700,205.854591,2.024189,0.767192,18.958391,0
2019-12-17,sh.600489,8.0000,8.1600,7.9800,8.1500,8.0300,42511319,343710729.0000,1.231800,1,1.494400,208.930874,2.054438,0.778657,19.241705,0
2019-12-18,sh.600489,8.1200,8.2200,8.0800,8.2100,8.1500,43827512,357782543.0000,1.269900,1,0.736200,210.469015,2.069563,0.784389,19.383362,0
2019-12-19,sh.600489,8.1600,8.2500,8.1300,8.1700,8.2100,28805200,235566436.0000,0.834700,1,-0.487200,209.443588,2.059480,0.780567,19.288924,0
2019-12-20,sh.600489,8.1700,8.2200,8.1500,8.1900,8.1700,26866741,220121542.0000,0.778500,1,0.244800,209.956301,2.064522,0.782478,19.336143,0
2019-12-23,sh.600489,8.1700,8.2100,8.0800,8.1200,8.1900,24884481,202494498.0000,0.721100,1,-0.854700,208.161803,2.046876,0.775790,19.170877,0
2019-12-24,sh.600489,8.1300,8.1900,8.0800,8.1600,8.1200,25469862,207197299.0000,0.738000,1,0.492600,209.187231,2.056959,0.779612,19.265314,0
2019-12-25,sh.600489,8.2500,8.2900,8.1600,8.1900,8.1600,26779400,219727840.0000,0.776000,1,0.367600,209.956301,2.064522,0.782478,19.336143,0
2019-12-26,sh.600489,8.1600,8.2400,8.1400,8.1900,8.1900,23890811,195874185.0000,0.692300,1,0.000000,209.956301,2.064522,0.782478,19.336143,0
2019-12-27,sh.600489,8.2400,8.4100,8.2200,8.2800,8.1900,53173859,442372491.0000,1.540800,1,1.098900,212.263514,2.087209,0.791077,19.548628,0
2019-12-30,sh.600489,8.2800,8.3600,8.2200,8.3600,8.2800,35687271,296564659.0000,1.034100,1,0.966200,214.314369,2.107375,0.798720,19.737503,0
2019-12-31,sh.600489,8.4000,8.5300,8.3400,8.4800,8.3600,39037155,330150244.0000,1.131100,1,1.435400,217.390652,2.137624,0.810185,20.020817,0
2020-01-02,sh.600489,8.4500,8.5300,8.4200,8.5100,8.4800,37202708,315636155.0000,1.078000,1,0.353800,218.159722,2.145187,0.813051,20.091645,0
2020-01-03,sh.600489,8.5500,8.8300,8.5100,8.8000,8.5100,76864995,669708555.0000,2.227200,1,3.407800,225.594072,2.218289,0.840758,20.776319,0
2020-01-06,sh.600489,9.1600,9.4800,9.0400,9.4000,8.8000,153925951,1420242234.0000,4.460200,1,6.818200,240.975486,2.369536,0.898082,22.192887,0
2020-01-07,sh.600489,9.1300,9.1600,9.0200,9.1200,9.4000,72941695,663555281.0000,2.113600,1,-2.978700,233.797493,2.298954,0.871331,21.531822,0
2020-01-08,sh.600489,9.5100,9.6300,9.1500,9.5200,9.1200,163700835,1546382728.0000,4.743400,1,4.386000,244.051769,2.399786,0.909547,22.476200,0
2020-01-09,sh.600489,9.0000,9.0600,8.8600,8.9000,9.5200,107577632,962112824.0000,3.117200,1,-6.512600,228.157641,2.243497,0.850312,21.012414,0
2020-01-10,sh.600489,8.8200,8.8200,8.7000,8.7600,8.9000,52514511,459389333.0000,1.521700,1,-1.573000,224.568645,2.208206,0.836936,20.681882,0
2020-01-13,sh.600489,8.7600,8.7600,8.6300,8.7300,8.7600,32155118,279280077.0000,0.931700,1,-0.342500,223.799574,2.200644,0.834070,20.611053,0
2020-01-14,sh.600489,8.6100,8.7800,8.5800,8.7300,8.7300,30693023,267489819.0000,0.889400,1,0.000000,223.799574,2.200644,0.834070,20.611053,0
2020-01-15,sh.600489,8.7300,8.7600,8.6400,8.6900,8.7300,21527267,187376794.0000,0.623800,1,-0.458200,222.774147,2.190561,0.830249,20.516615,0
2020-01-16,sh.600489,8.7000,8.7500,8.5900,8.5900,8.6900,26515815,229560390.0000,0.768300,1,-1.150700,220.210577,2.165353,0.820694,20.280521,0
2020-01-17,sh.600489,8.5800,8.6500,8.5500,8.6400,8.5900,23355600,200787099.0000,0.676800,1,0.582100,221.492362,2.177957,0.825472,20.398568,0
2020-01-20,sh.600489,8.6300,8.6300,8.4900,8.5700,8.6400,25512793,217857018.0000,0.739300,1,-0.810200,219.697864,2.160311,0.818784,20.233302,0
2020-01-21,sh.600489,8.5900,8.6700,8.3300,8.4200,8.5700,46383345,395701522.0000,1.344000,1,-1.750300,215.852510,2.122500,0.804453,19.879160,0
2020-01-22,sh.600489,8.3000,8.3100,8.0800,8.2100,8.4200,39047489,319210064.0000,1.131400,1,-2.494100,210.469015,2.069563,0.784389,19.383362,0
2020-01-23,sh.600489,8.2000,8.3000,8.0400,8.1100,8.2100,32885574,268483720.0000,0.952900,1,-1.218000,207.905446,2.044355,0.774835,19.147267,0
2020-02-03,sh.600489,7.5000,8.0500,7.3400,7.5500,8.1100,74659670,569270658.0000,2.163300,1,-6.905000,193.549460,1.903191,0.721332,17.825138,0
2020-02-04,sh.600489,7.5000,7.6500,7.4200,7.6300,7.5500,36749911,278968168.0000,1.064900,1,1.059600,195.600315,1.923358,0.728975,18.014013,0
2020-02-05,sh.600489,7.5300,7.9000,7.5000,7.7500,7.6300,48868746,377233526.0000,1.416000,1,1.572700,198.676598,1.953607,0.740440,18.297327,0
2020-02-06,sh.600489,7.7000,7.8200,7.6600,7.8000,7.7500,35842498,277837609.0000,1.038600,1,0.645200,199.958382,1.966211,0.745217,18.415374,0
2020-02-07,sh.600489,7.8100,7.9800,7.7900,7.8400,7.8000,36588067,288029533.0000,1.060200,1,0.512800,200.983810,1.976294,0.749039,18.509812,0
2020-02-10,sh.600489,7.8200,8.0600,7.7200,7.9800,7.8400,38525712,303922122.0000,1.116300,1,1.785700,204.572807,2.011585,0.762415,18.840344,0
2020-02-11,sh.600489,7.9000,8.0300,7.8600,7.8900,7.9800,30355238,240543373.0000,0.879600,1,-1.127800,202.265594,1.988898,0.753816,18.627859,0
2020-02-12,sh.600489,7.8500,7.9100,7.7700,7.9100,7.8900,28623066,225212956.0000,0.829400,1,0.253500,202.778308,1.993940,0.755727,18.675078,0
2020-02-13,sh.600489,7.8900,8.1500,7.8700,8.0900,7.9100,60234767,482938328.0000,1.745400,1,2.275600,207.392732,2.039314,0.772924,19.100048,0
2020-02-14,sh.600489,8.0200,8.0800,7.9700,8.0000,8.0900,35548389,284947755.0000,1.030000,1,-1.112500,205.085520,2.016627,0.764325,18.887563,0
2020-02-17,sh.600489,8.0400,8.1400,8.0000,8.1200,8.0000,44164340,357097270.0000,1.279700,1,1.500000,208.161803,2.046876,0.775790,19.170877,0
2020-02-18,sh.600489,8.1300,8.3400,8.1100,8.3000,8.1200,57744553,476679931.0000,1.673200,1,2.216800,212.776227,2.092250,0.792988,19.595847,0
2020-02-19,sh.600489,8.5000,8.5700,8.3600,8.4100,8.3000,69109019,584279370.0000,2.002500,1,1.325300,212.776227,2.092250,0.792988,19.595847,0
2020-02-20,sh.600489,8.4200,8.4400,8.3100,8.4100,8.4100,46137724,387033972.0000,1.336900,1,0.000000,215.596153,2.119979,0.803497,19.855551,0
2020-02-21,sh.600489,8.5000,8.8500,8.4700,8.7800,8.4100,91155430,791250861.0000,2.641300,1,4.399500,225.081359,2.213248,0.838847,20.729101,0
2020-02-24,sh.600489,9.1100,9.1800,8.9000,8.9300,8.7800,106945208,964221864.0000,3.098800,1,1.708400,228.926712,2.251060,0.853178,21.083242,0
2020-02-25,sh.600489,8.7800,9.0900,8.6100,8.8000,8.9300,109431518,966181184.0000,3.170900,1,-1.455800,225.594072,2.218289,0.840758,20.776319,0
2020-02-26,sh.600489,8.7100,8.7600,8.4700,8.5000,8.8000,70985803,607545951.0000,2.056900,1,-3.409100,217.903365,2.142666,0.812096,20.068036,0
2020-02-27,sh.600489,8.4800,8.6100,8.4200,8.5700,8.5000,48673439,415319823.0000,1.410400,1,0.823500,219.697864,2.160311,0.818784,20.233302,0
2020-02-28,sh.600489,8.3900,8.4600,8.0300,8.1100,8.5700,64084728,528166632.0000,1.856900,1,-5.367600,207.905446,2.044355,0.774835,19.147267,0
2020-03-02,sh.600489,8.0000,8.2400,7.9600,8.2300,8.1100,44937138,364840495.0000,1.302100,1,1.479700,210.981729,2.074605,0.786300,19.430581,0
2020-03-03,sh.600489,8.2200,8.3900,8.1900,8.2600,8.2300,47533869,393746073.0000,1.377300,1,0.364500,211.750800,2.082167,0.789166,19.501409,0
2020-03-04,sh.600489,8.4700,8.5800,8.3900,8.4500,8.2600,62428159,529784490.0000,1.808900,1,2.300200,216.621581,2.130062,0.807319,19.949989,0
2020-03-05,sh.600489,8.3800,8.5000,8.3700,8.4900,8.4500,43528564,367229668.0000,1.261300,1,0.473400,217.647008,2.140145,0.811140,20.044426,0
2020-03-06,sh.600489,8.6300,8.6900,8.5700,8.5900,8.4900,57118257,492519850.0000,1.655100,1,1.177900,220.210577,2.165353,0.820694,20.280521,0
2020-03-09,sh.600489,8.7800,8.7800,8.2000,8.2300,8.5900,79085628,669344967.0000,2.291600,1,-4.190900,210.981729,2.074605,0.786300,19.430581,0
2020-03-10,sh.600489,8.0200,8.2200,7.9100,8.2000,8.2300,53057949,427898768.0000,1.537400,1,-0.364500,210.212658,2.067042,0.783434,19.359752,0
2020-03-11,sh.600489,8.1600,8.2900,8.1300,8.2600,8.2000,36388004,298998594.0000,1.054400,1,0.731700,211.750800,2.082167,0.789166,19.501409,0
2020-03-12,sh.600489,8.0900,8.1200,7.9100,7.9800,8.2600,41128401,328856011.0000,1.191700,1,-3.389800,204.572807,2.011585,0.762415,18.840344,0
2020-03-13,sh.600489,7.4500,7.7600,7.3500,7.7300,7.9800,51555492,389877383.0000,1.493900,1,-3.132800,198.163884,1.948566,0.738529,18.250108,0
2020-03-16,sh.600489,7.7200,7.8700,7.6000,7.6700,7.7300,39481865,305584039.0000,1.144000,1,-0.776200,196.625743,1.933441,0.732797,18.108451,0
2020-03-17,sh.600489,7.5700,7.7100,7.3600,7.5200,7.6700,37215825,279261347.0000,1.078400,1,-1.955700,192.780389,1.895629,0.718466,17.754309,0
2020-03-18,sh.600489,7.5900,7.6600,7.4600,7.4800,7.5200,28412061,215231908.0000,0.823300,1,-0.531900,191.754962,1.885546,0.714644,17.659872,0
2020-03-19,sh.600489,7.4300,7.4600,7.1700,7.3900,7.4800,34296382,250943488.0000,0.993800,1,-1.203200,189.447749,1.862859,0.706046,17.447386,0
2020-03-20,sh.600489,7.4000,7.7900,7.3200,7.6900,7.3900,31462254,235932043.0000,0.911600,1,4.059500,197.138456,1.938482,0.734708,18.155670,0
2020-03-23,sh.600489,7.4900,7.7200,7.4400,7.5100,7.6900,28923850,219169732.0000,0.838100,1,-2.340700,192.524032,1.893108,0.717511,17.730700,0
2020-03-24,sh.600489,8.0000,8.1600,7.8600,8.1600,7.5100,100917748,810355908.0000,2.924200,1,8.655100,209.187231,2.056959,0.779612,19.265314,0
2020-03-25,sh.600489,8.4000,8.5100,8.2500,8.3400,8.1600,71747232,600390391.0000,2.078900,1,2.205900,213.801655,2.102333,0.796809,19.690285,0
2020-03-26,sh.600489,8.2500,8.4100,8.1200,8.3100,8.3400,42941966,356302997.0000,1.244300,1,-0.359700,213.032584,2.094771,0.793943,19.619456,0
2020-03-27,sh.600489,8.3200,8.4700,8.2600,8.3600,8.3100,52258953,437544061.0000,1.514300,1,0.601700,214.314369,2.107375,0.798720,19.737503,0
2020-03-30,sh.600489,8.3100,8.3300,8.1000,8.1400,8.3600,35839874,293484183.0000,1.038500,1,-2.631600,208.674517,2.051918,0.777701,19.218095,0
2020-03-31,sh.600489,8.1400,8.1900,8.0400,8.0700,8.1400,21530671,174626189.0000,0.623900,1,-0.860000,206.880019,2.034272,0.771013,19.052829,0
2020-04-01,sh.600489,7.9300,8.0400,7.8100,8.0300,8.0700,33774200,266764417.0000,0.978600,1,-0.495700,205.854591,2.024189,0.767192,18.958391,0
2020-04-02,sh.600489,7.9100,7.9300,7.8200,7.9100,8.0300,24898566,196050415.0000,0.721500,1,-1.494400,202.778308,1.993940,0.755727,18.675078,0
2020-04-03,sh.600489,7.9700,8.0900,7.8500,7.8800,7.9100,36066665,287062983.0000,1.045100,1,-0.379300,202.009238,1.986377,0.752861,18.604250,0
2020-04-07,sh.600489,8.1300,8.5000,8.0600,8.4500,7.8800,80260548,669283305.0000,2.325600,1,7.233500,216.621581,2.130062,0.807319,19.949989,0
2020-04-08,sh.600489,8.3400,8.4800,8.2800,8.4300,8.4500,36043079,301982645.0000,1.044400,1,-0.236700,216.108867,2.125020,0.805408,19.902770,0
2020-04-09,sh.600489,8.4100,8.4400,8.3300,8.4300,8.4300,25392255,212954357.0000,0.735800,1,0.000000,216.108867,2.125020,0.805408,19.902770,0
2020-04-10,sh.600489,8.7000,8.7400,8.3900,8.3900,8.4300,55365439,472465748.0000,1.604300,1,-0.474500,215.083439,2.114937,0.801586,19.808332,0
2020-04-13,sh.600489,8.3700,8.4700,8.2900,8.4500,8.3900,26848108,225021838.0000,0.777900,1,0.715100,216.621581,2.130062,0.807319,19.949989,0
2020-04-14,sh.600489,8.6700,8.8400,8.5300,8.7100,8.4500,74566451,649611593.0000,2.160600,1,3.076900,223.286860,2.195602,0.832159,20.563834,0
2020-04-15,sh.600489,8.6600,9.1500,8.6100,9.0000,8.7100,113919609,1016796054.0000,3.300900,1,3.329500,230.721210,2.268705,0.859866,21.248509,0
2020-04-16,sh.600489,8.8800,9.0200,8.8000,8.9800,9.0000,51637436,459954908.0000,1.496200,1,-0.222200,230.208497,2.263663,0.857955,21.201290,0
2020-04-17,sh.600489,8.9000,8.9000,8.5900,8.6500,8.9800,53842004,470215844.0000,1.560100,1,-3.674800,221.748719,2.180478,0.826427,20.422178,0
2020-04-20,sh.600489,8.5400,8.7000,8.4800,8.6700,8.6500,28791443,247819645.0000,0.834300,1,0.231200,222.261433,2.185519,0.828338,20.469397,0
2020-04-21,sh.600489,8.6400,8.7000,8.4900,8.5800,8.6700,27671270,237220260.0000,0.801800,1,-1.038100,219.954221,2.162832,0.819739,20.256911,0
2020-04-22,sh.600489,8.5500,8.6400,8.5000,8.5500,8.5800,22933328,196374751.0000,0.664500,1,-0.349600,219.185150,2.155270,0.816873,20.186083,0
2020-04-23,sh.600489,8.6800,8.8400,8.6400,8.7400,8.5500,48581216,424090568.0000,1.407700,1,2.222200,224.055931,2.203165,0.835026,20.634663,0
2020-04-24,sh.600489,8.7000,8.8500,8.6000,8.7600,8.7400,33534059,292846079.0000,0.971700,1,0.228800,224.568645,2.208206,0.836936,20.681882,0
2020-04-27,sh.600489,8.6200,8.7400,8.5800,8.5900,8.7600,25316396,218580081.0000,0.733600,1,-1.940600,220.210577,2.165353,0.820694,20.280521,0
2020-04-28,sh.600489,8.4900,8.5000,8.1300,8.2700,8.5900,31341290,260172803.0000,0.908100,1,-3.725300,212.007157,2.084688,0.790121,19.525018,0
2020-04-29,sh.600489,8.3200,8.4200,8.3100,8.3400,8.2700,17260568,144406267.0000,0.500100,1,0.846400,213.801655,2.102333,0.796809,19.690285,0
2020-04-30,sh.600489,8.3800,8.4100,8.2500,8.4000,8.3400,29830125,249032340.0000,0.864400,1,0.719400,200.941007,1.879666,0.773505,80.086068,0
2020-05-06,sh.600489,8.3500,8.4700,8.3400,8.4400,8.4000,23362424,196600264.0000,0.676900,1,0.476200,201.897869,1.888617,0.777189,80.467430,0
2020-05-07,sh.600489,8.3600,8.4300,8.3100,8.3300,8.4400,25015605,209203685.0000,0.724900,1,-1.303300,199.266499,1.864002,0.767060,79.418684,0
2020-05-08,sh.600489,8.4800,8.5400,8.4000,8.4400,8.3300,31079370,262894822.0000,0.900600,1,1.320500,201.897869,1.888617,0.777189,80.467430,0
2020-05-11,sh.600489,8.3500,8.4200,8.3000,8.3500,8.4400,22441421,187335557.0000,0.650300,1,-1.066300,199.744930,1.868478,0.768901,79.609365,0
2020-05-12,sh.600489,8.3100,8.3200,8.1800,8.2100,8.3500,24422918,200979666.0000,0.707700,1,-1.676700,196.395913,1.837150,0.756009,78.274597,0
2020-05-13,sh.600489,8.2200,8.2900,8.2200,8.2500,8.2100,15382104,126778855.0000,0.897500,1,0.487200,265.486646,2.483447,1.021968,105.811062,0
2020-05-14,sh.600489,8.3100,8.3300,8.2000,8.3200,8.2500,21994002,182069288.0000,1.283200,1,0.848500,267.739260,2.504518,1.030640,106.708853,0
2020-05-15,sh.600489,8.3900,8.5100,8.3500,8.4300,8.3200,38791496,327384364.0000,2.263300,1,1.322100,271.279082,2.537631,1.044266,108.119667,0
2020-05-18,sh.600489,8.6000,9.2700,8.5500,9.1800,8.4300,124292240,1123777820.0000,7.251700,1,8.896800,295.414231,2.763399,1.137172,117.738855,0
2020-05-19,sh.600489,8.9800,9.0000,8.7800,8.8200,9.1800,79605323,706758351.0000,4.644500,1,-3.921600,283.829359,2.655030,1.092577,113.121645,0
2020-05-20,sh.600489,8.9400,9.3700,8.8800,9.2000,8.8200,103075961,943900145.0000,6.013900,1,4.308400,296.057835,2.769419,1.139650,117.995367,0
2020-05-21,sh.600489,9.1200,9.5000,9.0600,9.1700,9.2000,82618413,764676909.0000,4.820300,1,-0.326100,295.092429,2.760389,1.135933,117.610599,0
2020-05-22,sh.600489,9.0300,9.3300,8.8600,9.2400,9.1700,78375134,710787498.0000,4.572700,1,0.763400,297.345043,2.781460,1.144605,118.508390,0
2020-05-25,sh.600489,9.1000,9.1400,8.8800,8.9200,9.2400,48900643,439536450.0000,2.853100,1,-3.463200,287.047379,2.685133,1.104965,114.404203,0
2020-05-26,sh.600489,9.0200,9.4000,9.0200,9.2200,8.9200,62288064,573193786.0000,3.634100,1,3.363200,296.701439,2.775440,1.142127,118.251878,0
2020-05-27,sh.600489,9.1300,9.2300,9.0100,9.0900,9.2200,56415302,513071887.0000,3.291500,1,-1.410000,292.518013,2.736307,1.126023,116.584552,0
2020-05-28,sh.600489,9.1700,9.4800,9.0600,9.3800,9.0900,89724203,835315262.0000,5.234900,1,3.190300,301.850271,2.823604,1.161947,120.303972,0
2020-05-29,sh.600489,9.2700,9.3400,9.1900,9.2800,9.3800,57753001,534101511.0000,3.369500,1,-1.066100,298.632251,2.793501,1.149560,119.021413,0
2020-06-01,sh.600489,9.2900,9.5800,9.2100,9.4700,9.2800,76947790,724116877.0000,4.489400,1,2.047400,331.308671,2.850696,1.173096,121.458274,0
2020-06-02,sh.600489,9.4000,9.4300,9.1400,9.2200,9.4700,73019328,677843631.0000,4.260200,1,-2.639900,322.562402,2.775440,1.142127,118.251878,0
2020-06-03,sh.600489,9.0600,9.1400,9.0200,9.0900,9.2200,47664254,432708706.0000,2.780900,1,-1.410000,318.014342,2.736307,1.126023,116.584552,0
2020-06-04,sh.600489,8.9500,9.0000,8.8800,8.9100,9.0900,56024953,500244324.0000,3.268700,1,-1.980200,311.717029,2.682122,1.103726,114.275947,0
2020-06-05,sh.600489,8.9800,8.9800,8.7600,8.8100,8.9100,43801853,387097534.0000,2.555600,1,-1.122300,308.218521,2.652020,1.091338,112.993389,0
2020-06-08,sh.600489,8.7200,8.8800,8.6900,8.8600,8.8100,41721167,367677715.0000,2.434200,1,0.567500,309.967775,2.667071,1.097532,113.634668,0
2020-06-09,sh.600489,8.8100,8.8600,8.7100,8.7400,8.8600,38976752,341444116.0000,2.274100,1,-1.354400,305.769566,2.630948,1.082667,112.095598,0
2020-06-10,sh.600489,8.8400,8.8800,8.7800,8.8100,8.7400,34036080,300440733.0000,1.985800,1,0.800900,308.218521,2.652020,1.091338,112.993389,0
2020-06-11,sh.600489,8.9000,8.9400,8.8000,8.8900,8.8100,41109273,364571279.0000,2.398500,1,0.908100,311.017327,2.676102,1.101248,114.019436,0
2020-06-12,sh.600489,8.7000,8.7400,8.6300,8.7000,8.8900,36948892,320907067.0000,2.155700,1,-2.137200,304.370163,2.618907,1.077712,111.582575,0
2020-06-15,sh.600489,8.6900,8.7900,8.5600,8.5700,8.7000,34294948,297291508.0000,2.000900,1,-1.494300,299.822103,2.579774,1.061608,109.915249,0
2020-06-16,sh.600489,8.6400,8.6800,8.5800,8.6500,8.5700,26297394,226906912.0000,1.534300,1,0.933500,302.620909,2.603856,1.071518,110.941296,0
2020-06-17,sh.600489,8.6500,8.7600,8.5500,8.7600,8.6500,36595112,316323824.0000,2.135100,1,1.271700,306.469267,2.636969,1.085145,112.352110,0
2020-06-18,sh.600489,8.7100,8.7200,8.6200,8.6600,8.7600,27762209,240590159.0000,1.619800,1,-1.141600,302.970760,2.606866,1.072757,111.069552,0
2020-06-19,sh.600489,8.6500,8.7600,8.6200,8.7400,8.6600,28088543,244128363.0000,1.638800,1,0.923800,305.769566,2.630948,1.082667,112.095598,0
2020-06-22,sh.600489,8.8900,8.9900,8.8100,8.8500,8.7400,55698925,495653617.0000,3.249700,1,1.258600,309.617924,2.664061,1.096293,113.506412,0
2020-06-23,sh.600489,8.9000,8.9400,8.7600,8.7800,8.8500,32069236,283235865.0000,1.871000,1,-0.791000,307.168969,2.642989,1.087622,112.608622,0
2020-06-24,sh.600489,8.9500,9.0300,8.9000,8.9600,8.7800,56320648,504913156.0000,3.286000,1,2.050100,313.466283,2.697174,1.109920,114.917227,0
2020-06-29,sh.600489,9.0900,9.2100,9.0000,9.1300,8.9600,65931047,600942413.0000,3.846700,1,1.897300,319.413746,2.748348,1.130978,117.097576,0
2020-06-30,sh.600489,9.0300,9.1600,8.9700,9.1400,9.1300,41714034,378128738.0000,2.433800,1,0.109500,319.763596,2.751358,1.132217,117.225832,0
2020-07-01,sh.600489,9.3000,9.4400,9.1600,9.3500,9.1400,77037973,716605368.0000,4.494700,1,2.297600,327.110462,2.814573,1.158231,119.919204,0
2020-07-02,sh.600489,9.1700,9.2600,9.1100,9.2200,9.3500,61845255,567374814.0000,3.608300,1,-1.390400,322.562402,2.775440,1.142127,118.251878,0
2020-07-03,sh.600489,9.2000,9.4200,9.1700,9.3900,9.2200,66726777,623402299.0000,3.893100,1,1.843800,328.509865,2.826614,1.163186,120.432227,0
2020-07-06,sh.600489,9.3900,9.7700,9.2900,9.7400,9.3900,100898337,972008593.0000,5.886800,1,3.727400,340.754642,2.931972,1.206542,124.921182,0
2020-07-07,sh.600489,9.8700,10.2700,9.8600,10.0300,9.7400,103279562,1043067682.0000,6.025700,1,2.977400,350.900314,3.019269,1.242466,128.640601,0
2020-07-08,sh.600489,10.2400,10.4300,10.0500,10.3400,10.0300,85765949,880440286.0000,5.003900,1,3.090700,361.745688,3.112586,1.280867,132.616532,0
2020-07-09,sh.600489,10.7000,11.1600,10.5600,11.0500,10.3400,135196308,1462513360.0000,7.887900,1,6.866500,386.585092,3.326313,1.368818,141.722696,0
2020-07-10,sh.600489,10.7800,10.7800,10.3300,10.4000,11.0500,109490738,1154322526.0000,6.388100,1,-5.882400,363.844792,3.130648,1.288300,133.386067,0
2020-07-13,sh.600489,10.4800,10.6500,10.3500,10.5900,10.4000,74250994,781370235.0000,4.332100,1,1.826900,370.491957,3.187842,1.311836,135.822927,0
2020-07-14,sh.600489,10.3000,10.3500,10.0500,10.2200,10.5900,90623279,924202242.0000,5.287300,1,-3.493900,357.547479,3.076464,1.266002,131.077462,0
2020-07-15,sh.600489,10.3200,10.3600,10.0600,10.1000,10.2200,56041024,572462079.0000,3.269700,1,-1.174200,353.349269,3.040341,1.251137,129.538392,0
2020-07-16,sh.600489,10.0100,10.1900,9.6500,9.6600,10.0800,61615271,611016860.0000,3.594900,1,-4.166700,337.955836,2.907890,1.196632,123.895135,0
2020-07-17,sh.600489,9.6000,9.7100,9.4500,9.5700,9.6600,42741673,408763592.0000,2.493700,1,-0.931700,334.807179,2.880798,1.185483,122.740832,0
2020-07-20,sh.600489,9.6600,10.1300,9.6300,10.0800,9.5700,59092430,587028353.0000,3.447700,1,5.329200,352.649568,3.034320,1.248660,129.281880,0
2020-07-21,sh.600489,10.2500,10.4400,10.1700,10.4400,10.0800,74172481,766282734.8300,4.327500,1,3.571400,365.244195,3.142689,1.293255,133.899090,0
2020-07-22,sh.600489,11.1000,11.1700,10.8200,10.8900,10.4400,137717891,1510706684.8700,8.035000,1,4.310300,380.987480,3.278150,1.348998,139.670602,0
2020-07-23,sh.600489,11.2000,11.3000,10.8000,11.0000,10.8900,105841602,1171028157.2700,6.175200,1,1.010100,384.835838,3.311262,1.362625,141.081416,0
2020-07-24,sh.600489,11.1800,11.4500,10.7900,10.9300,11.0000,129471771,1436580798.1500,7.553900,1,-0.636400,382.386883,3.290191,1.353953,140.183626,0
2020-07-27,sh.600489,11.2600,11.9000,11.2100,11.7900,10.9300,167357051,1944386273.9100,9.764300,1,7.868300,412.474048,3.549071,1.460486,151.213627,0
2020-07-28,sh.600489,12.3500,12.4500,11.1200,11.2300,11.7900,173911257,2031133552.2300,10.146700,1,-4.749800,392.882406,3.380498,1.391116,144.031301,0
2020-07-29,sh.600489,11.2900,11.3400,11.0400,11.3000,11.2300,84617217,946595404.9900,4.936900,1,0.623300,395.331361,3.401569,1.399787,144.929091,0
2020-07-30,sh.600489,11.2500,11.2900,10.9200,10.9200,11.3000,75795819,837361776.4800,4.422200,1,-3.362800,382.037032,3.287180,1.352715,140.055370,0
2020-07-31,sh.600489,10.9600,11.4300,10.9000,11.3400,10.9200,94883377,1060480956.9100,5.535900,1,3.846200,396.730764,3.413610,1.404742,145.442115,0
2020-08-03,sh.600489,11.1800,11.3500,11.0700,11.2300,11.3400,66434321,742988952.7300,3.876000,1,-0.970000,392.882406,3.380498,1.391116,144.031301,0
2020-08-04,sh.600489,11.1900,11.3300,11.0400,11.0700,11.2300,54469003,607055371.2600,3.177900,1,-1.424800,387.284793,3.332334,1.371296,141.979207,0
2020-08-05,sh.600489,11.4700,11.6000,11.2900,11.5900,11.0700,91742764,1051198720.9500,5.352600,1,4.697400,405.477033,3.488866,1.435711,148.648511,0
2020-08-06,sh.600489,11.5600,12.1300,11.4700,11.9200,11.5900,129568794,1535341013.9100,7.559600,1,2.847300,417.022108,3.588204,1.476589,152.880953,0
2020-08-07,sh.600489,12.1200,12.2400,11.3300,11.4500,11.9200,116984766,1379469350.1500,6.825400,1,-3.943000,400.579122,3.446723,1.418368,146.852929,0
2020-08-10,sh.600489,11.2500,11.4400,11.0400,11.3400,11.4500,58979693,661745653.7100,1.709000,1,-0.960700,414.223979,3.564128,1.466682,151.855155,0
2020-08-11,sh.600489,11.1400,11.2600,10.8500,11.0500,11.3400,65650011,726112532.7300,1.902300,1,-2.557300,403.630950,3.472982,1.429174,147.971734,0
2020-08-12,sh.600489,10.1200,10.3500,9.9500,10.1500,11.0500,140663685,1418213433.8000,4.075900,1,-8.144800,370.756031,3.190115,1.312771,135.919737,0
2020-08-13,sh.600489,10.1900,10.2300,10.0500,10.1400,10.1500,42591836,432123988.4300,1.234100,1,-0.098500,370.390754,3.186972,1.311477,135.785826,0
2020-08-14,sh.600489,10.2200,10.3200,10.1200,10.2000,10.1400,37539671,383874188.1500,1.087700,1,0.591700,372.582415,3.205829,1.319238,136.589293,0
2020-08-17,sh.600489,10.2200,10.6700,10.1500,10.6500,10.2000,60690571,634651110.5400,1.758600,1,4.411800,389.019875,3.347263,1.377439,142.615291,0
2020-08-18,sh.600489,10.8900,11.4800,10.8000,11.4500,10.6500,102428057,1143163332.4000,2.968000,1,7.511700,418.242025,3.598701,1.480909,153.328177,0
2020-08-19,sh.600489,11.3300,11.4400,11.1300,11.1500,11.4500,64986687,730841821.2700,1.883100,1,-2.620100,407.283719,3.504412,1.442108,149.310844,0
2020-08-20,sh.600489,10.7200,11.0900,10.6800,10.8500,11.1500,48433376,526297364.0100,1.403400,1,-2.690600,396.325412,3.410123,1.403307,145.293512,0
2020-08-21,sh.600489,10.9700,10.9900,10.6200,10.6500,10.8500,37309575,401479173.1200,1.081100,1,-1.843300,389.019875,3.347263,1.377439,142.615291,0
2020-08-24,sh.600489,10.6000,10.9600,10.5600,10.8600,10.6500,33809766,364892097.4700,0.979700,1,1.971800,396.690689,3.413266,1.404600,145.427423,0
2020-08-25,sh.600489,10.8200,10.9300,10.5800,10.6600,10.8600,32110200,344270252.2100,0.930400,1,-1.841600,389.385152,3.350406,1.378733,142.749202,0
2020-08-26,sh.600489,10.6000,10.7900,10.3700,10.5000,10.6600,36756855,387771982.2700,1.065100,1,-1.500900,383.540721,3.300119,1.358039,140.606625,0
2020-08-27,sh.600489,10.7000,10.7800,10.5800,10.7700,10.5000,30893592,329986049.5300,0.895200,1,2.571400,393.403197,3.384979,1.392960,144.222224,0
2020-08-28,sh.600489,10.6500,10.7900,10.4900,10.7600,10.7700,42301478,450857816.1200,1.225700,1,-0.092900,249.629086,3.381836,1.332267,31.612580,0
2020-08-31,sh.600489,10.8900,11.2500,10.8300,10.9000,10.7600,63817404,703978180.4100,1.849200,1,1.301100,252.877048,3.425837,1.349602,32.023896,0
2020-09-01,sh.600489,10.9000,11.4700,10.9000,11.3500,10.9000,84781143,957799290.4600,2.456600,1,4.128400,263.316926,3.567271,1.405319,33.345984,0
2020-09-02,sh.600489,11.1300,11.2000,10.9900,11.1400,11.3500,58443742,647341007.5100,1.693500,1,-1.850200,258.444983,3.501269,1.379318,32.729010,0
2020-09-03,sh.600489,10.9800,11.1000,10.8700,10.8900,11.1400,42368831,465090742.2600,1.227700,1,-2.244200,252.645051,3.422694,1.348363,31.994517,0
2020-09-04,sh.600489,10.8600,11.0600,10.7900,10.9000,10.8900,34346400,374649233.9200,0.995200,1,0.091800,252.877048,3.425837,1.349602,32.023896,0
2020-09-07,sh.600489,10.8500,11.2500,10.8500,10.9200,10.9000,57930221,641747113.3700,1.678600,1,0.183500,253.341043,3.432123,1.352078,32.082656,0
2020-09-08,sh.600489,10.9000,10.9100,10.4600,10.8000,10.9200,48027019,511704492.6700,1.391600,1,-1.098900,250.557075,3.394408,1.337220,31.730099,0
2020-09-09,sh.600489,10.6100,10.8000,10.5000,10.5800,10.8000,28878501,307143146.3200,0.836800,1,-2.037000,245.453135,3.325262,1.309980,31.083745,0
2020-09-10,sh.600489,10.7700,10.8500,10.5500,10.5800,10.5800,35759206,381557776.3000,1.036200,1,0.000000,245.453135,3.325262,1.309980,31.083745,0
2020-09-11,sh.600489,10.5800,10.6500,10.3800,10.6400,10.5800,26078684,274427944.0300,0.755700,1,0.567100,246.845119,3.344120,1.317409,31.260024,0
2020-09-14,sh.600489,10.6400,10.8200,10.5900,10.7200,10.6400,29682591,318567083.1000,0.860100,1,0.751900,248.701097,3.369264,1.327315,31.495061,0
2020-09-15,sh.600489,10.8000,11.2600,10.7500,11.1800,10.7200,64429079,711681737.4100,1.866900,1,4.291000,259.372972,3.513841,1.384270,32.846528,0
2020-09-16,sh.600489,11.0100,11.1100,10.9200,11.0400,11.1800,33110005,364040105.7800,0.959400,1,-1.252200,256.125010,3.469839,1.366936,32.435212,0
2020-09-17,sh.600489,10.8900,10.9300,10.5000,10.6000,11.0400,53324842,568330938.4000,1.545100,1,-3.985500,245.917129,3.331548,1.312457,31.142505,0
2020-09-18,sh.600489,10.6600,10.8200,10.6100,10.8000,10.6000,37946088,406228776.8800,1.099500,1,1.886800,250.557075,3.394408,1.337220,31.730099,0
2020-09-21,sh.600489,10.7800,10.9300,10.7400,10.8200,10.8000,24027224,260020677.5900,0.696200,1,0.185200,251.021070,3.400694,1.339696,31.788859,0
2020-09-22,sh.600489,10.4500,10.5200,10.2400,10.3000,10.8200,54760396,569202108.9600,1.586700,1,-4.805900,238.957211,3.237259,1.275312,30.261113,0
2020-09-23,sh.600489,10.2200,10.3400,10.0900,10.1600,10.3000,32204071,327623548.5700,0.933100,1,-1.359200,235.709249,3.193258,1.257977,29.849797,0
2020-09-24,sh.600489,10.0000,10.0800,9.8300,9.8800,10.1600,41246214,409927009.7300,1.195100,1,-2.755900,229.213324,3.105254,1.223309,29.027165,0
2020-09-25,sh.600489,9.9600,10.0300,9.9000,10.0200,9.8800,22751118,227115016.2400,0.659200,1,1.417000,232.461287,3.149256,1.240643,29.438481,0
2020-09-28,sh.600489,9.9900,10.1600,9.8500,10.0500,10.0200,21354055,214457831.9600,0.618800,1,0.299400,233.157278,3.158685,1.244357,29.526620,0
2020-09-29,sh.600489,10.1800,10.2600,9.9600,10.0300,10.0500,26402102,266764851.4400,0.765000,1,-0.199000,232.693284,3.152399,1.241881,29.467861,0
2020-09-30,sh.600489,10.1700,10.1800,9.9500,10.0500,10.0300,21469240,215767421.0200,0.622100,1,0.199400,233.157278,3.158685,1.244357,29.526620,0
2020-10-09,sh.600489,10.1200,10.2700,10.0500,10.2000,10.0500,28149187,286792838.1700,0.815600,1,1.492500,236.637238,3.205829,1.262930,29.967316,0
2020-10-12,sh.600489,10.2800,10.4100,10.2800,10.3900,10.2000,39283358,407366375.6800,1.138300,1,1.862700,241.045186,3.265546,1.286455,30.525530,0
2020-10-13,sh.600489,10.3100,10.4100,10.1700,10.3600,10.3900,29112094,299267654.2200,0.843600,1,-0.288700,240.349194,3.256117,1.282741,30.437391,0
2020-10-14,sh.600489,10.1200,10.2500,10.0900,10.1700,10.3600,21022174,213645992.4600,0.609100,1,-1.834000,235.941246,3.196401,1.259215,29.879177,0
2020-10-15,sh.600489,10.1600,10.2300,10.1400,10.1600,10.1700,15509281,157783463.3600,0.449400,1,-0.098300,235.709249,3.193258,1.257977,29.849797,0
2020-10-16,sh.600489,10.3000,10.3100,10.0500,10.0900,10.1600,21226836,215146877.9100,0.615100,1,-0.689000,234.085268,3.171257,1.249310,29.644139,0
2020-10-19,sh.600489,10.0100,10.1800,9.9700,10.1300,10.0900,30366282,305617662.3400,0.879900,1,0.396400,235.013257,3.183829,1.254263,29.761658,0
2020-10-20,sh.600489,10.0300,10.0400,9.9300,10.0100,10.1300,18701208,186772282.3800,0.541900,1,-1.184600,232.229289,3.146113,1.239405,29.409101,0
2020-10-21,sh.600489,10.0800,10.2200,10.0200,10.0900,10.0100,31076883,314176724.3300,0.900500,1,0.799200,234.085268,3.171257,1.249310,29.644139,0
2020-10-22,sh.600489,10.0500,10.0700,9.8800,9.9700,10.0900,19049403,189461833.4100,0.552000,1,-1.189300,231.301300,3.133541,1.234452,29.291582,0
2020-10-23,sh.600489,9.8900,9.9500,9.8600,9.8800,9.9700,18121572,179304632.4600,0.525100,1,-0.902700,229.213324,3.105254,1.223309,29.027165,0
2020-10-26,sh.600489,9.8700,9.8700,9.6700,9.6800,9.8800,19819237,193062339.8800,0.574300,1,-2.024300,224.573379,3.042395,1.198545,28.439570,0
2020-10-27,sh.600489,9.7100,9.7900,9.7000,9.7900,9.6800,15750996,153500167.7800,0.456400,1,1.136400,227.125349,3.076968,1.212165,28.762747,0
2020-10-28,sh.600489,9.7100,9.7500,9.5600,9.6900,9.7900,20810531,200797846.6500,0.603000,1,-1.021500,224.805376,3.045538,1.199783,28.468950,0
2020-10-29,sh.600489,9.4200,9.5000,9.3800,9.4600,9.6900,23119123,218242304.0400,0.669900,1,-2.373600,219.469438,2.973250,1.171306,27.793216,0
2020-10-30,sh.600489,9.4000,9.5200,9.2500,9.3000,9.4600,24385493,229002218.6600,0.706600,1,-1.691300,215.757482,2.222655,1.151495,27.323141,0
2020-11-02,sh.600489,9.3200,9.4900,9.3200,9.4500,9.3000,26173043,246403916.5600,0.758400,1,1.612900,219.237441,1.975641,1.170067,27.392314,0
2020-11-03,sh.600489,9.4700,9.8500,9.4400,9.7700,9.4500,38437357,372245609.1400,1.113800,1,3.386200,226.661354,2.042541,1.209689,28.319884,0
2020-11-04,sh.600489,9.7500,9.7600,9.5500,9.6300,9.7700,26337394,253995798.0100,0.763200,1,-1.433000,223.413392,2.013273,1.192354,27.914072,0
2020-11-05,sh.600489,9.6600,9.8200,9.6000,9.8000,9.6300,30332190,295089325.8600,0.878900,1,1.765300,227.357346,2.048813,1.213403,28.406844,0
2020-11-06,sh.600489,10.0000,10.1800,9.8600,9.9500,9.8000,47617454,477184219.0000,1.379800,1,1.530600,230.837306,2.080173,1.231976,28.841642,0
2020-11-09,sh.600489,10.0000,10.1000,9.8900,10.0000,9.9500,45266697,451381164.6700,1.311600,1,0.502500,231.997292,2.090626,1.238167,28.986575,0
2020-11-10,sh.600489,9.5400,9.6300,9.4700,9.6200,10.0000,43565868,416389528.3300,1.262400,1,-3.800000,223.181395,2.011182,1.191116,27.885085,0
2020-11-11,sh.600489,9.5300,9.6000,9.4700,9.5100,9.6200,26260510,249701886.3100,0.760900,1,-1.143500,220.629425,1.988185,1.177496,27.566233,0
2020-11-12,sh.600489,9.4400,9.5000,9.3900,9.4400,9.5100,17451640,164997989.9100,0.505700,1,-0.736100,219.005444,1.973551,1.168829,27.363327,0
2020-11-13,sh.600489,9.4700,9.5100,9.3900,9.4300,9.4400,19721988,186403751.2900,0.571500,1,-0.105900,218.773446,1.971460,1.167591,27.334341,0
2020-11-16,sh.600489,9.4900,9.7800,9.4800,9.6400,9.4300,45270216,436620128.1100,1.311700,1,2.226900,223.645389,2.015363,1.193593,27.943059,0
2020-11-17,sh.600489,9.5500,9.6700,9.4300,9.4800,9.6400,36157233,344278103.9600,1.047700,1,-1.659800,219.933433,1.981913,1.173782,27.479273,0
2020-11-18,sh.600489,9.4300,9.6000,9.3700,9.5300,9.4800,27953556,266114186.2500,0.810000,1,0.527400,221.093419,1.992366,1.179973,27.624206,0
2020-11-19,sh.600489,9.4800,9.4900,9.3900,9.4200,9.5300,27007815,254586174.7900,0.782600,1,-1.154200,218.541449,1.969370,1.166353,27.305354,0
2020-11-20,sh.600489,9.4000,9.6300,9.3900,9.6100,9.4200,32925467,312895055.5800,0.954000,1,2.017000,222.949398,2.009091,1.189878,27.856099,0
2020-11-23,sh.600489,9.7000,9.9900,9.6300,9.8500,9.6100,55779304,547577047.4900,1.616300,1,2.497400,228.517333,2.059266,1.219594,28.551777,0
2020-11-24,sh.600489,9.6000,9.6900,9.5200,9.5800,9.8500,46273319,443296840.2300,1.340800,1,-2.741100,222.253406,2.002820,1.186164,27.769139,0
2020-11-25,sh.600489,9.5200,9.6300,9.4600,9.5000,9.5800,36223517,345107303.3500,1.049600,1,-0.835100,220.397427,1.986095,1.176258,27.537247,0
2020-11-26,sh.600489,9.5300,9.5500,9.4100,9.5000,9.5000,21753675,205849739.3900,0.630300,1,0.000000,220.397427,1.986095,1.176258,27.537247,0
2020-11-27,sh.600489,9.5200,9.5400,9.4300,9.5400,9.5000,20667280,195857049.1800,0.598900,1,0.421100,221.325417,1.994457,1.181211,27.653193,0
2020-11-30,sh.600489,9.4000,9.5500,9.3500,9.5300,9.5400,36766408,347795352.0900,1.065300,1,-0.104800,221.093419,1.992366,1.179973,27.624206,0
2020-12-01,sh.600489,9.4900,9.5800,9.4300,9.5800,9.5300,31684645,301851635.9800,0.918100,1,0.524700,222.253406,2.002820,1.186164,27.769139,0
2020-12-02,sh.600489,9.7100,9.7800,9.6100,9.6400,9.5800,44569103,431899647.8800,1.291400,1,0.626300,223.645389,2.015363,1.193593,27.943059,0
2020-12-03,sh.600489,9.6900,9.7100,9.5200,9.5500,9.6400,31421505,301271837.8000,0.910500,1,-0.933600,221.557414,1.996548,1.182449,27.682179,0
2020-12-04,sh.600489,9.5600,9.6200,9.5100,9.5900,9.5500,22959185,219705408.2100,0.665300,1,0.418800,222.485403,2.004910,1.187402,27.798126,0
2020-12-07,sh.600489,9.5500,9.6100,9.4600,9.4900,9.5900,22318688,212254940.5700,0.646700,1,-1.042800,220.165430,1.984004,1.175020,27.508260,0
2020-12-08,sh.600489,9.5700,9.6700,9.5500,9.5700,9.4900,30858321,296312332.4000,0.894100,1,0.843000,222.021408,2.000729,1.184925,27.740153,0
2020-12-09,sh.600489,9.5500,9.5700,9.2600,9.2600,9.5700,36023564,338497766.0300,1.043800,1,-3.239300,214.829492,1.935919,1.146542,26.841569,0
2020-12-10,sh.600489,9.1700,9.1700,9.0000,9.0400,9.2600,33084902,299374503.6400,0.958700,1,-2.375800,79.485847,1.889926,1.049759,26.203864,0
2020-12-11,sh.600489,9.0400,9.1200,8.7800,8.8900,9.0400,36015365,320777914.5600,1.043600,1,-1.659300,78.166945,1.858566,1.032341,25.769065,0
2020-12-14,sh.600489,8.8400,8.8500,8.7400,8.8300,8.8900,21475323,188770898.6300,0.622300,1,-0.674900,77.639384,1.846023,1.025373,25.595146,0
2020-12-15,sh.600489,8.7800,8.9300,8.7000,8.9200,8.8300,22340463,196688362.3400,0.647300,1,1.019300,78.430725,1.864838,1.035824,25.856025,0
2020-12-16,sh.600489,8.9300,8.9800,8.8400,8.8600,8.9200,17107852,152054623.3200,0.495700,1,-0.672600,77.903164,1.852294,1.028857,25.682106,0
2020-12-17,sh.600489,8.9300,9.0400,8.8100,9.0300,8.8600,25866048,231167551.3100,0.749500,1,1.918700,79.397920,1.887835,1.048598,26.174878,0
2020-12-18,sh.600489,9.0900,9.1200,9.0100,9.0100,9.0300,27039154,244824347.0700,0.783500,1,-0.221500,79.222067,1.883654,1.046276,26.116904,0
2020-12-21,sh.600489,9.1000,9.2100,9.0700,9.1700,9.0100,39220375,358556673.2500,1.136400,1,1.775800,80.628896,1.917104,1.064855,26.580690,0
2020-12-22,sh.600489,9.0300,9.0600,8.7500,8.7700,9.1700,39553693,351971987.2700,1.146100,1,-4.362100,77.111823,1.833479,1.018406,25.421227,0
2020-12-23,sh.600489,8.7300,8.8100,8.6600,8.7300,8.7700,22754515,198588459.3600,0.659300,1,-0.456100,76.760116,1.825116,1.013761,25.305280,0
2020-12-24,sh.600489,8.7600,8.8000,8.6700,8.6900,8.7300,18899011,164997568.5100,0.547600,1,-0.458200,76.408409,1.816754,1.009116,25.189334,0
2020-12-25,sh.600489,8.6600,8.7800,8.6200,8.7800,8.6900,18136081,158152018.7400,0.525500,1,1.035700,77.199750,1.835569,1.019567,25.450213,0
2020-12-28,sh.600489,8.8600,8.9700,8.7800,8.8400,8.7800,32911758,292282962.2700,0.953600,1,0.683400,77.727311,1.848113,1.026535,25.624133,0
2020-12-29,sh.600489,8.8200,8.8200,8.6600,8.7000,8.8400,23569359,205190329.8100,0.682900,1,-1.583700,76.496335,1.818844,1.010277,25.218321,0
2020-12-30,sh.600489,8.6800,8.7800,8.6300,8.7500,8.7000,21606623,188628888.3800,0.626100,1,0.574700,76.935969,1.829298,1.016083,25.363253,0
2020-12-31,sh.600489,8.8300,8.8600,8.7400,8.8100,8.7500,26813199,236151926.7100,0.776900,1,0.685700,77.463530,1.841841,1.023051,25.537173,0
2021-01-04,sh.600489,8.9200,9.1200,8.9100,9.0600,8.8100,48384332,436262852.5700,1.402000,1,2.837700,79.661701,1.894107,1.052082,26.261837,0
2021-01-05,sh.600489,9.1300,9.1800,8.9600,9.1000,9.0600,52671200,477623120.7100,1.526200,1,0.441500,80.013408,1.902469,1.056727,26.377784,0
2021-01-06,sh.600489,9.0800,9.1300,8.9000,8.9800,9.1000,39503259,355098168.4800,1.144600,1,-1.318700,78.958286,1.877382,1.042792,26.029945,0
2021-01-07,sh.600489,8.8800,9.0500,8.8100,9.0200,8.9800,47564008,425122031.8000,1.378200,1,0.445400,79.309994,1.885744,1.047437,26.145891,0
2021-01-08,sh.600489,8.9900,9.0000,8.7800,8.8300,9.0200,40370667,356916824.9700,1.169800,1,-2.106400,77.639384,1.846023,1.025373,25.595146,0
2021-01-11,sh.600489,8.5600,8.5700,8.2800,8.3100,8.8300,70895460,595990705.4600,2.054300,1,-5.889000,73.067189,1.737310,0.964989,24.087844,0
2021-01-12,sh.600489,8.2600,8.3800,8.2300,8.3800,8.3100,30080849,249547595.5300,0.871600,1,0.842400,73.682677,1.751944,0.973118,24.290750,0
2021-01-13,sh.600489,8.3500,8.4600,8.3000,8.3300,8.3800,29831493,249644698.9000,0.864400,1,-0.596700,73.243043,1.741491,0.967311,24.145817,0
2021-01-14,sh.600489,8.3300,8.4200,8.2600,8.3600,8.3300,25855174,215359314.0600,0.749200,1,0.360100,73.506823,1.747763,0.970795,24.232777,0
2021-01-15,sh.600489,8.3600,8.4600,8.3500,8.4400,8.3600,29301901,246819026.4800,0.849100,1,0.956900,74.210238,1.764488,0.980085,24.464670,0
2021-01-18,sh.600489,8.3400,8.4800,8.3100,8.4600,8.4400,27298078,229451833.6600,0.791000,1,0.237000,74.386092,1.768669,0.982407,24.522643,0
2021-01-19,sh.600489,8.4800,8.5200,8.3700,8.4400,8.4600,22910186,193148983.7300,0.663800,1,-0.236400,74.210238,1.764488,0.980085,24.464670,0
2021-01-20,sh.600489,8.4000,8.4500,8.3600,8.4300,8.4400,21926627,184456126.6100,0.635300,1,-0.118500,74.122311,1.762398,0.978924,24.435683,0
2021-01-21,sh.600489,8.4900,8.5800,8.4100,8.5200,8.4300,33580564,285553816.7200,0.973000,1,1.067600,74.913653,1.781213,0.989375,24.696562,0
2021-01-22,sh.600489,8.4800,8.4800,8.2900,8.3300,8.5200,28602514,238953000.6900,0.828800,1,-2.230000,73.243043,1.741491,0.967311,24.145817,0
2021-01-25,sh.600489,8.2600,8.3000,8.0500,8.0900,8.3300,44558297,361765550.0800,1.291100,1,-2.881200,71.132799,1.691316,0.939442,23.450139,0
2021-01-26,sh.600489,8.0300,8.7400,7.9600,8.5200,8.0900,63791249,534748728.6000,1.848400,1,5.315200,74.913653,1.781213,0.989375,24.696562,0
2021-01-27,sh.600489,8.3800,8.4200,8.2000,8.2800,8.5200,33000673,274618757.9600,0.956200,1,-2.816900,72.803409,1.731038,0.961505,24.000884,0
2021-01-28,sh.600489,8.2000,8.5000,8.1200,8.2700,8.2800,31912812,265881016.1000,0.924700,1,-0.120800,72.715482,1.728948,0.960344,23.971898,0
2021-01-29,sh.600489,8.3700,8.5200,8.2500,8.4300,8.2700,44522551,373687255.4400,1.290100,1,1.934700,74.122311,1.762398,0.978924,24.435683,0
2021-02-01,sh.600489,8.5500,8.6700,8.4500,8.6000,8.4300,47895116,410418492.4400,1.387800,1,2.016600,75.617067,1.797938,0.998665,24.928455,0
2021-02-02,sh.600489,8.4500,8.4600,8.2500,8.3000,8.6000,38268061,318977016.7300,1.108900,1,-3.488400,72.979262,1.735219,0.963828,24.058858,0
2021-02-03,sh.600489,8.1800,8.2800,8.0700,8.1500,8.3000,26977031,220136582.3400,0.781700,1,-1.807200,71.660360,1.703860,0.946409,23.624059,0
2021-02-04,sh.600489,8.1500,8.1500,7.7700,7.8700,8.1500,39855302,315366173.3100,1.154800,1,-3.435600,69.198409,1.645323,0.913894,22.812435,0
2021-02-05,sh.600489,7.7100,7.8700,7.7000,7.7100,7.8700,27519494,213616107.8000,0.797400,1,-2.033000,67.791580,1.611872,0.895315,22.348650,0
2021-02-08,sh.600489,7.7900,7.9300,7.7700,7.9100,7.7100,23075508,181615640.7400,0.631200,1,2.594000,69.550116,1.653685,0.918539,22.928381,0
2021-02-09,sh.600489,8.0200,8.0800,7.9600,8.0500,7.9100,22560351,181367787.0900,0.617100,1,1.769900,70.781092,1.682954,0.934797,23.334193,0
2021-02-10,sh.600489,8.0300,8.1600,7.8900,8.1500,8.0500,24172680,194847272.1100,0.661200,1,1.242200,71.660360,1.703860,0.946409,23.624059,0
2021-02-18,sh.600489,8.2600,8.4900,8.2300,8.3900,8.1500,52379565,438582487.9900,1.432800,1,2.944800,73.770604,1.754035,0.974279,24.319737,0
2021-02-19,sh.600489,8.2800,8.5500,8.2100,8.5300,8.3900,58284446,490381014.1900,1.594300,1,1.668700,75.001579,1.783304,0.990536,24.725549,0
2021-02-22,sh.600489,9.0000,9.3800,8.8800,9.3800,8.5300,139511082,1290815735.5800,3.816100,1,9.964800,82.475359,1.961007,1.089241,27.189408,0
2021-02-23,sh.600489,9.3900,10.3100,9.3000,10.0500,9.3800,234362061,2311433671.3200,6.410600,1,7.142900,88.366456,2.101079,1.167044,29.131508,0
2021-02-24,sh.600489,10.1000,10.5100,9.7900,9.9800,10.0500,192420809,1945989780.1300,5.263400,1,-0.696500,87.750969,2.086445,1.158916,28.928602,0
2021-02-25,sh.600489,10.3700,10.4800,9.7100,9.8200,9.9800,121875725,1219952840.8000,3.333700,1,-1.603200,86.344139,2.052995,1.140336,28.464817,0
2021-02-26,sh.600489,9.3800,9.5800,9.2600,9.3200,9.8200,95866067,901020857.8400,2.622300,1,-5.091600,81.947798,1.948463,1.082274,27.015488,0
2021-03-01,sh.600489,9.3800,9.6900,9.3000,9.4500,9.3200,77236937,730219802.6300,2.112700,1,1.394800,83.090847,1.975641,1.097370,27.392314,0
2021-03-02,sh.600489,9.3300,9.3500,8.9600,9.1400,9.4500,77931790,712398716.6500,2.131700,1,-3.280400,80.365116,1.910832,1.061372,26.493730,0
2021-03-03,sh.600489,9.2000,9.2400,9.0600,9.1500,9.1400,55629459,508993778.0800,1.521700,1,0.109400,80.453042,1.912923,1.062533,26.522716,0
2021-03-04,sh.600489,9.0000,9.1200,8.8900,8.9400,9.1500,61245817,550758330.3000,1.675300,1,-2.295100,78.606579,1.869019,1.038147,25.913998,0
2021-03-05,sh.600489,8.8200,9.0100,8.7200,8.8900,8.9400,52913346,469683930.7000,1.447400,1,-0.559300,78.166945,1.858566,1.032341,25.769065,0
2021-03-08,sh.600489,8.9800,9.1300,8.6800,8.7200,8.8900,57383543,511715830.8200,1.569600,1,-1.912300,76.672189,1.823026,1.012600,25.276294,0
2021-03-09,sh.600489,8.6500,8.6900,8.4100,8.4500,8.7200,48233239,412186462.9000,1.319300,1,-3.096300,74.298165,1.766579,0.981246,24.493656,0
2021-03-10,sh.600489,8.6100,8.6300,8.3500,8.4400,8.4500,38878303,329380815.1000,1.063500,1,-0.118300,74.210238,1.764488,0.980085,24.464670,0
2021-03-11,sh.600489,8.4400,8.8500,8.3800,8.8000,8.4400,60894414,527181018.6000,1.665700,1,4.265400,77.375604,1.839751,1.021890,25.508186,0
2021-03-12,sh.600489,8.7100,8.7500,8.4900,8.6100,8.8000,46845330,402322041.9000,1.281400,1,-2.159100,75.704994,1.800029,0.999826,24.957441,0
2021-03-15,sh.600489,8.6300,8.8500,8.5100,8.6500,8.6100,51881660,450563545.7600,1.419100,1,0.464600,76.056701,1.808391,1.004471,25.073388,0
2021-03-16,sh.600489,8.6300,8.7200,8.4900,8.6600,8.6500,31805745,273756945.7300,0.870000,1,0.115600,76.144628,1.810482,1.005632,25.102374,0
2021-03-17,sh.600489,8.5800,8.7100,8.5100,8.6400,8.6600,30198359,259725434.0600,0.826000,1,-0.230900,75.968774,1.806301,1.003310,25.044401,0
2021-03-18,sh.600489,8.8200,8.9800,8.7400,8.8200,8.6400,53887330,476757012.6500,1.474000,1,2.083300,77.551457,1.843932,1.024212,25.566159,0
2021-03-19,sh.600489,8.6400,8.8100,8.5700,8.7600,8.8200,41804165,362855574.2900,1.143500,1,-0.680300,77.023896,1.831388,1.017245,25.392240,0
2021-03-22,sh.600489,8.6600,8.7100,8.5500,8.6800,8.7600,32460588,280665123.7500,0.887900,1,-0.913200,76.320482,1.814663,1.007955,25.160347,0
2021-03-23,sh.600489,8.6600,8.6600,8.4400,8.4900,8.6800,36277858,309361814.9500,0.992300,1,-2.188900,74.649872,1.774941,0.985891,24.609602,0
2021-03-24,sh.600489,8.3900,8.5200,8.3500,8.4500,8.4900,29071921,245167727.2500,0.795200,1,-0.471100,74.298165,1.766579,0.981246,24.493656,0
2021-03-25,sh.600489,8.4500,8.5200,8.4000,8.4000,8.4500,19794207,167282953.8200,0.541400,1,-0.591700,73.858531,1.756126,0.975440,24.348723,0
2021-03-26,sh.600489,8.4000,8.4600,8.3000,8.4500,8.4000,19839575,166488956.5200,0.542700,1,0.595200,74.298165,1.766579,0.981246,24.493656,0
2021-03-29,sh.600489,8.4600,8.4800,8.3700,8.4500,8.4500,17435269,147027746.6400,0.476900,1,0.000000,74.298165,1.766579,0.981246,24.493656,0
2021-03-30,sh.600489,8.4000,8.4300,8.3400,8.4100,8.4500,20429294,171252037.7400,0.558800,1,-0.473400,73.946457,1.758216,0.976601,24.377710,0
2021-03-31,sh.600489,8.3100,8.3600,8.2700,8.3400,8.4100,19200774,159612946.1800,0.525200,1,-0.832300,73.330970,1.743582,0.968473,24.174804,0
2021-04-01,sh.600489,8.4100,8.4300,8.3200,8.4200,8.3400,20448971,171504326.2400,0.559300,1,0.959200,74.034384,1.760307,0.977763,24.406696,0
2021-04-02,sh.600489,8.4800,8.5400,8.4300,8.5000,8.4200,29099925,246916108.5300,0.796000,1,0.950100,74.737799,1.777032,0.987052,24.638589,0
2021-04-06,sh.600489,8.5100,8.5300,8.4300,8.5000,8.5000,23039143,195175227.1900,0.630200,1,0.000000,74.737799,1.777032,0.987052,24.638589,0
2021-04-07,sh.600489,8.5200,8.6100,8.4700,8.5600,8.5000,31721560,271444420.6000,0.867700,1,0.705900,75.265360,1.789576,0.994020,24.812508,0
2021-04-08,sh.600489,8.5300,8.7500,8.5200,8.7000,8.5600,42766711,370456469.4000,1.169800,1,1.635500,76.496335,1.818844,1.010277,25.218321,0
2021-04-09,sh.600489,8.7400,8.8400,8.6200,8.6800,8.7000,35043542,306307735.5900,0.958600,1,-0.229900,76.320482,1.814663,1.007955,25.160347,0
2021-04-12,sh.600489,8.6300,8.6700,8.3600,8.3900,8.6800,34584180,293460099.2000,0.946000,1,-3.341000,73.770604,1.754035,0.974279,24.319737,0
2021-04-13,sh.600489,8.3300,8.3800,8.2000,8.2300,8.3900,26009521,215240090.2900,0.711500,1,-1.907000,72.363775,1.720585,0.955699,23.855951,0
2021-04-14,sh.600489,8.2700,8.3100,8.2400,8.2900,8.2300,14903200,123261195.7100,0.407700,1,0.729000,72.891336,1.733129,0.962666,24.029871,0
2021-04-15,sh.600489,8.2600,8.4000,8.1900,8.3900,8.2900,24814583,205901226.2600,0.678800,1,1.206300,73.770604,1.754035,0.974279,24.319737,0
2021-04-16,sh.600489,8.5300,8.7200,8.5000,8.5600,8.3900,47587895,409760886.8300,1.301700,1,2.026200,75.265360,1.789576,0.994020,24.812508,0
2021-04-19,sh.600489,8.5900,8.6600,8.5400,8.6400,8.5600,36443741,313612816.6000,0.996900,1,0.934600,75.968774,1.806301,1.003310,25.044401,0
2021-04-20,sh.600489,8.5500,8.6200,8.4900,8.5400,8.6400,24579963,210115656.2600,0.672300,1,-1.157400,75.089506,1.785394,0.991697,24.754535,0
2021-04-21,sh.600489,8.5400,8.5600,8.4700,8.5500,8.5400,20827129,177414044.9300,0.569700,1,0.117100,75.177433,1.787485,0.992859,24.783522,0
2021-04-22,sh.600489,8.6200,8.6700,8.4700,8.5000,8.5500,25195602,215482680.1200,0.689200,1,-0.584800,74.737799,1.777032,0.987052,24.638589,0
2021-04-23,sh.600489,8.4000,8.4700,8.3500,8.4300,8.5000,22292976,187540557.2400,0.609800,1,-0.823500,74.122311,1.762398,0.978924,24.435683,0
2021-04-26,sh.600489,8.4400,8.7000,8.4300,8.5200,8.4300,42257216,362383346.8100,1.155900,1,1.067600,74.913653,1.781213,0.989375,24.696562,0
2021-04-27,sh.600489,8.5600,8.6100,8.4300,8.5700,8.5200,30692362,262265076.4100,0.839500,1,0.586900,75.353287,1.791666,0.995181,24.841495,0
2021-04-28,sh.600489,8.5000,8.5400,8.3800,8.5100,8.5700,23637281,200187984.8600,0.646600,1,-0.700100,74.825726,1.779123,0.988214,24.667576,0
2021-04-29,sh.600489,8.5700,8.8000,8.5600,8.8000,8.5100,47902448,416819645.4300,1.310300,1,3.407800,77.375604,1.839751,1.021890,25.508186,0
2021-04-30,sh.600489,8.7300,8.7600,8.5100,8.5600,8.8000,47544410,409124263.8000,1.300500,1,-2.727300,22.104590,1.671913,0.799574,18.567653,0
2021-05-06,sh.600489,8.7500,8.8700,8.6600,8.7800,8.5600,53924746,472260733.3900,1.475000,1,2.570100,22.672699,1.714883,0.820123,19.044859,0
2021-05-07,sh.600489,9.0200,9.5500,9.0200,9.3300,8.7800,117776396,1097393954.3700,3.221600,1,6.264200,24.092971,1.822307,0.871498,20.237874,0
2021-05-10,sh.600489,9.6200,9.9700,9.5000,9.8600,9.3300,124707163,1219277569.7600,3.411200,1,5.680600,25.461596,1.925826,0.921004,21.387507,0
2021-05-11,sh.600489,9.5000,9.6300,9.2300,9.5000,9.8600,81668060,769919311.4400,1.872000,1,-3.651100,24.531964,1.855511,0.887377,20.606624,0
2021-05-12,sh.600489,9.4500,9.5800,9.4200,9.5600,9.5000,44363001,421426448.8200,1.016900,1,0.631600,24.686902,1.867230,0.892982,20.736771,0
2021-05-13,sh.600489,9.2500,9.5000,9.1400,9.2400,9.5600,59098352,548282577.1600,1.354600,1,-3.347300,23.860563,1.804729,0.863091,20.042653,0
2021-05-14,sh.600489,9.2500,9.3200,9.1100,9.2500,9.2400,49736859,457825625.0600,1.140100,1,0.108200,23.886386,1.806682,0.864025,20.064344,0
2021-05-17,sh.600489,9.4400,9.5600,9.3100,9.4200,9.2500,56356253,531746023.3900,1.291800,1,1.837800,24.325379,1.839886,0.879905,20.433094,0
2021-05-18,sh.600489,9.7000,9.8000,9.5000,9.5400,9.4200,53132963,512835852.7900,1.217900,1,1.273900,24.635256,1.863324,0.891114,20.693389,0
2021-05-19,sh.600489,9.4200,9.5100,9.2100,9.4200,9.5400,45927414,428410983.8000,1.052700,1,-1.257900,24.325379,1.839886,0.879905,20.433094,0
2021-05-20,sh.600489,9.2500,9.3500,9.0900,9.2600,9.4200,43877371,404128703.9800,1.005700,1,-1.698500,23.912209,1.808635,0.864959,20.086036,0
2021-05-21,sh.600489,9.2300,9.3800,9.1900,9.2500,9.2600,34998220,325211474.1800,0.802200,1,-0.108000,23.886386,1.806682,0.864025,20.064344,0
2021-05-24,sh.600489,9.2800,9.4600,9.2400,9.3600,9.2500,41462834,388079013.5800,0.950400,1,1.189200,24.170440,1.828167,0.874300,20.302947,0
2021-05-25,sh.600489,9.2200,9.3600,9.0600,9.3400,9.3600,51325051,472733632.9500,1.176500,1,-0.213700,24.118794,1.824261,0.872432,20.259565,0
2021-05-26,sh.600489,9.4500,10.2700,9.4400,10.2200,9.3400,171414545,1716044565.3400,3.929100,1,9.421800,26.391228,1.996140,0.954631,22.168389,0
2021-05-27,sh.600489,9.8800,9.9600,9.6800,9.7500,10.2200,118901697,1164017052.9500,2.725400,1,-4.598800,25.177542,1.904341,0.910729,21.148904,0
2021-05-28,sh.600489,9.7500,9.7800,9.5000,9.5500,9.7500,65341134,628076572.7600,1.497700,1,-2.051300,24.661079,1.865277,0.892048,20.715080,0
2021-05-31,sh.600489,9.6200,9.8400,9.5800,9.7400,9.5500,67098506,651698286.8400,1.538000,1,1.989500,25.151718,1.902387,0.909795,21.127212,0
2021-06-01,sh.600489,9.7400,9.9600,9.6200,9.8900,9.7400,69606532,683780413.3100,1.595500,1,1.540000,25.539065,1.931685,0.923806,21.452580,0
2021-06-02,sh.600489,9.7000,9.7100,9.5300,9.5400,9.8900,56122728,539284293.5600,1.286400,1,-3.538900,24.635256,1.863324,0.891114,20.693389,0
2021-06-03,sh.600489,9.5800,9.6500,9.4100,9.4700,9.5400,39182484,373983577.0400,0.898100,1,-0.733800,24.454494,1.849652,0.884575,20.541550,0
2021-06-04,sh.600489,9.1600,9.4000,9.1200,9.2900,9.4700,50771381,468799738.7600,1.163800,1,-1.900700,23.989678,1.814495,0.867761,20.151109,0
2021-06-07,sh.600489,9.4000,9.4200,9.2900,9.3500,9.2900,26668286,248868276.2500,0.611300,1,0.645900,24.144617,1.826214,0.873366,20.281256,0
2021-06-08,sh.600489,9.4400,9.4800,9.2300,9.2800,9.3500,28084981,262354748.3200,0.643800,1,-0.748700,23.963855,1.812542,0.866827,20.129418,0
2021-06-09,sh.600489,9.2500,9.3800,9.2400,9.2800,9.2800,20341938,189164912.5900,0.466300,1,0.000000,23.963855,1.812542,0.866827,20.129418,0
2021-06-10,sh.600489,9.2500,9.2700,9.1200,9.1400,9.2800,35279359,323721942.4000,0.808700,1,-1.508600,23.602331,1.785197,0.853750,19.825741,0
2021-06-11,sh.600489,9.2100,9.3500,9.1500,9.3100,9.1400,47812282,442470518.1600,1.095900,1,1.860000,24.041324,1.818401,0.869630,20.194491,0
2021-06-15,sh.600489,9.0800,9.0800,8.8900,9.0200,9.3100,47391127,424533195.1400,1.086300,1,-3.114900,23.292454,1.761759,0.842541,19.565447,0
2021-06-16,sh.600489,8.9200,9.0600,8.8700,8.9100,9.0200,29341128,262356946.8500,0.672600,1,-1.219500,23.008400,1.740274,0.832266,19.326844,0
2021-06-17,sh.600489,8.6300,8.8700,8.6200,8.8400,8.9100,37233470,325389917.4900,0.853500,1,-0.785600,22.827638,1.726602,0.825728,19.175006,0
2021-06-18,sh.600489,8.6600,8.8700,8.6300,8.8300,8.8400,27323393,239576529.0500,0.626300,1,-0.113100,22.801815,1.724649,0.824794,19.153315,0
2021-06-21,sh.600489,8.7900,8.8200,8.6800,8.7900,8.8300,23520795,205828273.0500,0.539100,1,-0.453000,22.698522,1.716836,0.821057,19.066550,0
2021-06-22,sh.600489,8.8000,8.8800,8.7500,8.8300,8.7900,21345176,188060695.3600,0.489300,1,0.455100,22.801815,1.724649,0.824794,19.153315,0
2021-06-23,sh.600489,8.8100,8.8800,8.7300,8.8600,8.8300,19310090,170209640.6800,0.442600,1,0.339800,22.879284,1.730509,0.827596,19.218388,0
2021-06-24,sh.600489,8.8200,8.8500,8.7400,8.8000,8.8600,14263278,125485786.8200,0.326900,1,-0.677200,22.724345,1.718789,0.821992,19.088241,0
2021-06-25,sh.600489,8.8000,8.9400,8.7600,8.9200,8.8000,22656279,201010477.9000,0.519300,1,1.363600,23.034223,1.742228,0.833200,19.348535,0
2021-06-28,sh.600489,8.8700,8.8900,8.7800,8.8000,8.9200,20030174,176536911.4900,0.459100,1,-1.345300,22.724345,1.718789,0.821992,19.088241,0
2021-06-29,sh.600489,8.7600,8.7800,8.6200,8.6200,8.8000,25290010,219406943.0500,0.579700,1,-2.045500,22.259529,1.683632,0.805178,18.697800,0
2021-06-30,sh.600489,8.5800,8.6300,8.5200,8.6200,8.6200,15985410,137253130.1400,0.366400,1,0.000000,22.259529,1.683632,0.805178,18.697800,0
2021-07-01,sh.600489,8.6500,8.7600,8.5700,8.7000,8.6200,19898384,172790191.9800,0.456100,1,0.928100,22.466114,1.699258,0.812651,18.871329,0
2021-07-02,sh.600489,8.6600,8.7700,8.6200,8.6700,8.7000,15782428,137074692.7700,0.361800,1,-0.344800,22.388645,1.693398,0.809848,18.806256,0
2021-07-05,sh.600489,8.7200,8.7800,8.6900,8.7400,8.6700,18347915,159972019.0700,0.420600,1,0.807400,22.569407,1.707070,0.816387,18.958094,0
2021-07-06,sh.600489,8.7500,8.9000,8.6800,8.8900,8.7400,31312410,275978370.0900,0.717700,1,1.716200,22.956753,1.736368,0.830398,19.283462,0
2021-07-07,sh.600489,8.8100,8.8500,8.7300,8.8200,8.8900,28808134,253157454.7600,0.660300,1,-0.787400,22.775991,1.722696,0.823860,19.131623,0
2021-07-08,sh.600489,8.8300,8.8400,8.5500,8.5800,8.8200,36378974,315247879.5300,0.833900,1,-2.721100,22.156237,1.675820,0.801442,18.611035,0
2021-07-09,sh.600489,8.6100,8.8200,8.5900,8.7500,8.5800,47823639,416744020.6900,1.096200,1,1.981400,22.595230,1.709024,0.817321,18.979785,0
2021-07-12,sh.600489,8.8400,8.9500,8.7000,8.7300,8.7500,47982642,422377867.0600,1.099800,1,-0.228600,22.543583,1.705117,0.815453,18.936403,0
2021-07-13,sh.600489,8.7400,8.7600,8.6200,8.6900,8.7300,33449928,290069640.1100,0.766700,1,-0.458200,22.440291,1.697305,0.811717,18.849638,0
2021-07-14,sh.600489,8.6900,8.7100,8.5700,8.6000,8.6900,27201015,234342822.8800,0.623500,1,-1.035700,22.207883,1.679726,0.803310,18.654417,0
2021-07-15,sh.600489,8.5000,8.5200,8.3800,8.5200,8.4400,35364494,299464278.9900,0.810600,1,0.947900,22.001298,1.664101,0.795837,18.480888,0
2021-07-16,sh.600489,8.5000,8.7000,8.4600,8.5700,8.5200,31097714,266514907.2700,0.712800,1,0.586900,22.130413,1.673867,0.800508,18.589344,0
2021-07-19,sh.600489,8.5000,8.5000,8.4000,8.4100,8.5700,29491733,248944751.8900,0.676000,1,-1.867000,21.717244,1.642616,0.785562,18.242285,0
2021-07-20,sh.600489,8.4000,8.5200,8.3900,8.4600,8.4100,22346307,188887720.7000,0.512200,1,0.594500,21.846359,1.652382,0.790233,18.350741,0
2021-07-21,sh.600489,8.4100,8.4800,8.4000,8.4600,8.4600,20490431,173057597.4500,0.469700,1,0.000000,21.846359,1.652382,0.790233,18.350741,0
2021-07-22,sh.600489,8.4300,8.5900,8.4000,8.5500,8.4600,33147420,282042278.2500,0.759800,1,1.063800,22.078767,1.669960,0.798639,18.545962,0
2021-07-23,sh.600489,8.5400,8.8000,8.5100,8.6800,8.5500,49900080,432955389.4600,1.143800,1,1.520500,22.414468,1.695351,0.810783,18.827947,0
2021-07-26,sh.600489,8.6700,8.7000,8.4000,8.5300,8.6800,50416901,431398768.9700,1.155600,1,-1.728100,22.027121,1.666054,0.796771,18.502579,0
2021-07-27,sh.600489,8.5300,8.7900,8.5200,8.5400,8.5300,84239729,729386433.1900,1.930900,1,0.117200,22.052944,1.668007,0.797705,18.524270,0
2021-07-28,sh.600489,8.5300,8.5400,7.9700,8.0700,8.5400,67807406,551000786.6300,1.554300,1,-5.503500,20.839258,1.576208,0.753804,17.504785,0
2021-07-29,sh.600489,8.1600,8.2800,8.1000,8.2000,8.0700,40322113,329971289.0200,0.924300,1,1.610900,21.174958,1.601599,0.765947,17.786770,0
2021-07-30,sh.600489,8.2400,8.3000,8.0800,8.2000,8.2000,40196664,329397964.1400,0.921400,1,0.000000,21.174958,1.601599,0.765947,17.786770,0
2021-08-02,sh.600489,8.1500,8.3000,8.1000,8.2400,8.2000,46461013,381134101.9300,1.065000,1,0.487800,21.278251,1.609412,0.769683,17.873535,0
2021-08-03,sh.600489,8.1600,8.2200,8.0500,8.0900,8.2400,42484757,345382699.4100,0.973800,1,-1.820400,20.890904,1.580114,0.755672,17.548167,0
2021-08-04,sh.600489,8.0400,8.1500,8.0400,8.1500,8.0900,26381864,213846309.5600,0.604700,1,0.741700,21.045842,1.591833,0.761276,17.678314,0
2021-08-05,sh.600489,8.1000,8.1200,8.0500,8.0700,8.1500,23555519,190395101.5200,0.539900,1,-0.981600,20.839258,1.576208,0.753804,17.504785,0
2021-08-06,sh.600489,8.0500,8.1800,8.0200,8.1200,8.0700,38937314,315458165.4700,0.892500,1,0.619600,20.968373,1.585974,0.758474,17.613241,0
2021-08-09,sh.600489,7.9000,8.0500,7.8100,8.0400,8.1200,46075157,364995751.7600,1.056100,1,-0.985200,20.761788,1.570349,0.751001,17.439711,0
2021-08-10,sh.600489,7.9800,8.0500,7.9600,8.0500,8.0400,22726422,182172499.3500,0.520900,1,0.124400,20.787611,1.572302,0.751935,17.461402,0
2021-08-11,sh.600489,8.0400,8.1800,8.0200,8.1400,8.0500,35084864,285070835.5100,0.804200,1,1.118000,21.020019,1.589880,0.760342,17.656623,0
2021-08-12,sh.600489,8.1900,8.4200,8.1800,8.3000,8.1400,89466748,742947843.3600,2.050700,1,1.965600,21.433189,1.621131,0.775287,18.003682,0
2021-08-13,sh.600489,8.2500,8.3500,8.2000,8.2700,8.3000,57021073,471016811.8100,1.307000,1,-0.361400,21.355720,1.615271,0.772485,17.938608,0
2021-08-16,sh.600489,8.4000,8.4700,8.1900,8.2200,8.2700,75560311,628410571.2800,1.732000,1,-0.604600,21.226604,1.605506,0.767815,17.830153,0
2021-08-17,sh.600489,8.2300,8.3500,8.1600,8.2200,8.2200,59459977,490252800.1000,1.362900,1,0.000000,21.226604,1.605506,0.767815,17.830153,0
2021-08-18,sh.600489,8.1600,8.2100,8.1100,8.1900,8.2200,42875805,349872367.3100,0.982800,1,-0.365000,21.149135,1.599646,0.765013,17.765079,0
2021-08-19,sh.600489,8.1300,8.2300,8.0400,8.0800,8.1900,53871231,436642068.5900,1.234800,1,-1.343100,20.865081,1.578161,0.754738,17.526476,0
2021-08-20,sh.600489,8.0600,8.1600,8.0100,8.1600,8.0800,46147804,373487456.9300,1.057800,1,0.990100,21.071666,1.593787,0.762210,17.700005,0
2021-08-23,sh.600489,8.1300,8.3000,8.0900,8.2700,8.1600,46726421,384585629.5000,1.071100,1,1.348000,21.355720,1.615271,0.772485,17.938608,0
2021-08-24,sh.600489,8.3200,8.4500,8.2800,8.3900,8.2700,61513721,514285606.5300,1.410000,1,1.451000,21.665597,1.638710,0.783694,18.198903,0
2021-08-25,sh.600489,8.3700,8.4400,8.2600,8.4200,8.3900,52400655,438060576.6600,1.201100,1,0.357600,21.743067,1.644569,0.786496,18.263976,0
2021-08-26,sh.600489,8.3900,8.7000,8.3700,8.5600,8.4200,87770944,752566096.4600,2.011900,1,1.662700,22.104590,1.671913,0.799574,18.567653,0
2021-08-27,sh.600489,8.5900,8.8400,8.5700,8.8200,8.5600,81144360,707387362.0100,1.860000,1,3.037400,22.775991,1.722696,0.823860,19.131623,0
2021-08-30,sh.600489,8.9500,9.0100,8.7200,8.8600,8.8200,87252916,771952317.8700,2.000000,1,0.453500,22.879284,1.730509,0.827596,19.218388,0
2021-08-31,sh.600489,8.6900,8.7500,8.5100,8.7400,8.8600,84586871,729761423.1100,1.938900,1,-1.354400,21.826272,1.739844,0.765619,28.899955,0
2021-09-01,sh.600489,8.6800,8.9100,8.5300,8.6700,8.7400,79380614,691381053.6500,1.819500,1,-0.800900,21.651462,1.725909,0.759487,28.668490,0
2021-09-02,sh.600489,8.6400,8.8400,8.6000,8.7600,8.6700,73404378,640150132.4700,1.682600,1,1.038100,21.876218,1.743825,0.767371,28.966087,0
2021-09-03,sh.600489,8.7200,9.0900,8.6700,8.8900,8.7600,96632917,860526270.0900,2.215000,1,1.484000,22.200865,1.769704,0.778759,29.395949,0
2021-09-06,sh.600489,8.9800,9.0100,8.7500,8.8700,8.8900,65472617,579753969.7400,1.500700,1,-0.225000,22.150919,1.765722,0.777007,29.329817,0
2021-09-07,sh.600489,8.8400,8.9200,8.7500,8.8700,8.8700,59043993,522354955.2100,1.353400,1,0.000000,22.150919,1.765722,0.777007,29.329817,0
2021-09-08,sh.600489,8.7700,9.0400,8.6800,8.9900,8.8700,91660993,815336942.7000,2.101000,1,1.352900,22.450593,1.789610,0.787519,29.726612,0
2021-09-09,sh.600489,8.9000,9.3100,8.8400,9.2000,8.9900,123827487,1126411469.7300,2.838300,1,2.335900,22.975023,1.831414,0.805915,30.421005,0
2021-09-10,sh.600489,9.1500,9.5900,9.1200,9.2600,9.2000,117784297,1103668958.8700,2.699800,1,0.652200,23.124860,1.843358,0.811171,30.619403,0
2021-09-13,sh.600489,9.3800,9.9300,9.2000,9.7300,9.2600,155018096,1479353696.9800,3.553300,1,5.075600,24.298584,1.936920,0.852343,32.173519,0
2021-09-14,sh.600489,9.6000,9.6000,9.1800,9.1900,9.7300,102499744,962488157.9800,2.349500,1,-5.549800,22.950050,1.829424,0.805039,30.387938,0
2021-09-15,sh.600489,9.2100,9.4600,9.2000,9.3100,9.1900,70609421,659669139.5700,1.618500,1,1.305800,23.249724,1.853312,0.815551,30.784734,0
2021-09-16,sh.600489,9.2900,9.5300,9.1000,9.1000,9.3100,87263447,814318360.2000,2.000200,1,-2.255600,22.725294,1.811508,0.797155,30.090342,0
2021-09-17,sh.600489,8.9100,9.0700,8.6000,8.7800,9.1000,96450879,849571584.3700,2.210800,1,-3.516500,21.926163,1.747806,0.769123,29.032220,0
2021-09-22,sh.600489,8.6800,8.9000,8.6600,8.8500,8.7800,46618107,410120813.0100,1.068600,1,0.797300,22.100973,1.761741,0.775255,29.263684,0
2021-09-23,sh.600489,8.8000,8.9000,8.7000,8.7600,8.8500,52055427,457425122.3900,1.193200,1,-1.016900,21.876218,1.743825,0.767371,28.966087,0
2021-09-24,sh.600489,8.6500,8.7600,8.4600,8.4800,8.7600,74193492,636138804.3000,1.700600,1,-3.196300,21.176978,1.688086,0.742843,28.040230,0
2021-09-27,sh.600489,8.5000,8.5100,8.2000,8.3400,8.4800,48338185,403114085.3700,1.108000,1,-1.650900,20.827358,1.660217,0.730579,27.577302,0
2021-09-28,sh.600489,8.3000,8.3800,8.2700,8.3200,8.3400,29001268,241436201.7000,0.664800,1,-0.239800,20.777412,1.656236,0.728827,27.511170,0
2021-09-29,sh.600489,8.2700,8.5200,8.2300,8.3900,8.3200,58888012,495530698.1200,1.349800,1,0.841300,20.952222,1.670170,0.734959,27.742634,0
2021-09-30,sh.600489,8.3000,8.4100,8.3000,8.3700,8.3900,30732597,256833116.1600,0.704400,1,-0.238400,20.902276,1.666189,0.733207,27.676501,0
2021-10-08,sh.600489,8.4400,8.5400,8.4000,8.5000,8.3700,33098588,280436410.2200,0.758700,1,1.553200,21.226923,1.692068,0.744595,28.106363,0
2021-10-11,sh.600489,8.4700,8.7100,8.4700,8.6200,8.5000,44667658,384874414.4600,1.023900,1,1.411800,21.526598,1.715956,0.755107,28.503159,0
2021-10-12,sh.600489,8.5800,8.5800,8.4000,8.4900,8.6200,32896127,279111944.5300,0.754000,1,-1.508100,21.201951,1.690077,0.743719,28.073297,0
2021-10-13,sh.600489,8.4800,8.4800,8.3500,8.4400,8.4900,19788053,166353028.1500,0.453600,1,-0.588900,21.077086,1.680124,0.739339,27.907965,0
2021-10-14,sh.600489,8.6200,8.9000,8.6200,8.7100,8.4400,71496687,625514370.1900,1.638800,1,3.199100,21.751353,1.733872,0.762991,28.800756,0
2021-10-15,sh.600489,8.6600,8.8700,8.6400,8.6800,8.7100,48904837,427472502.2900,1.121000,1,-0.344400,21.676435,1.727900,0.760363,28.701557,0
2021-10-18,sh.600489,8.6200,8.8000,8.5100,8.7500,8.6800,38984206,338368677.2700,0.893600,1,0.806500,21.851245,1.741834,0.766495,28.933021,0
2021-10-19,sh.600489,8.7100,8.9800,8.6300,8.9400,8.7500,56115934,495362152.9400,1.286300,1,2.171400,22.325729,1.779657,0.783139,29.561281,0
2021-10-20,sh.600489,8.8000,8.8400,8.6800,8.7600,8.9400,39014382,341086162.1200,0.894300,1,-2.013400,21.876218,1.743825,0.767371,28.966087,0
2021-10-21,sh.600489,8.8300,8.9500,8.7300,8.7800,8.7600,46897644,414798887.9700,1.075000,1,0.228300,21.926163,1.747806,0.769123,29.032220,0
2021-10-22,sh.600489,8.7300,8.7800,8.6000,8.6600,8.7800,37729627,326823741.6200,0.864800,1,-1.366700,21.626489,1.723918,0.758611,28.635424,0
2021-10-25,sh.600489,8.6500,8.7200,8.5200,8.7000,8.6600,30133403,259882335.8600,0.690700,1,0.461900,21.726380,1.731881,0.762115,28.767689,0
2021-10-26,sh.600489,8.7200,8.7800,8.6100,8.6700,8.7000,23969976,208247244.1400,0.549400,1,-0.344800,21.651462,1.725909,0.759487,28.668490,0
2021-10-27,sh.600489,8.5600,8.5800,8.3500,8.4000,8.6700,36748300,310409916.2900,0.842300,1,-3.114200,20.977195,1.672161,0.735835,27.775700,0
2021-10-28,sh.600489,8.4100,8.4100,8.2500,8.2900,8.4000,33735378,280005053.0400,0.773300,1,-1.309500,20.702494,1.650264,0.726199,27.411971,0
2021-10-29,sh.600489,8.3000,8.3400,8.2500,8.3200,8.2900,21654599,179811017.4600,0.496400,1,0.361900,20.777412,1.656236,0.728827,27.511170,0
2021-11-01,sh.600489,8.3100,8.3700,8.2500,8.2800,8.3200,26916388,223386772.4900,0.617000,1,-0.480800,21.073834,1.625664,0.708111,14.352475,0
2021-11-02,sh.600489,8.3100,8.6400,8.2100,8.5200,8.2800,58336062,491355409.9900,1.337200,1,2.898600,21.684669,1.672785,0.728635,14.768489,0
2021-11-03,sh.600489,8.3800,8.4700,8.3300,8.4400,8.5200,27781864,233264595.6200,0.636800,1,-0.939000,21.481057,1.657078,0.721794,14.629817,0
2021-11-04,sh.600489,8.3700,8.4100,8.3200,8.3500,8.4400,26428919,220821014.3800,0.605800,1,-1.066400,21.251994,1.639408,0.714097,14.473812,0
2021-11-05,sh.600489,8.4100,8.5200,8.3600,8.4000,8.3500,31862799,268716543.1300,0.730400,1,0.598800,21.379252,1.649225,0.718373,14.560482,0
2021-11-08,sh.600489,8.5700,8.6300,8.4500,8.5600,8.4000,38238271,326933646.6700,0.876500,1,1.904800,21.786475,1.680639,0.732056,14.837824,0
2021-11-09,sh.600489,8.5700,8.6200,8.4800,8.5500,8.5600,24688033,210471643.7000,0.565900,1,-0.116800,21.761024,1.678675,0.731201,14.820490,0
2021-11-10,sh.600489,8.5800,8.6900,8.5300,8.5800,8.5500,32906142,283013044.7200,0.754300,1,0.350900,21.837378,1.684565,0.733767,14.872492,0
2021-11-11,sh.600489,8.7300,8.7800,8.6000,8.7300,8.5800,57084253,496530651.8100,1.308500,1,1.748300,22.219151,1.714016,0.746595,15.132501,0
2021-11-12,sh.600489,8.7200,8.8300,8.6200,8.6700,8.7300,43384952,377533689.2600,0.994500,1,-0.687300,22.066442,1.702236,0.741464,15.028497,0
2021-11-15,sh.600489,8.6400,8.7100,8.5500,8.5800,8.6700,30538377,262565888.4800,0.700000,1,-1.038100,21.837378,1.684565,0.733767,14.872492,0
2021-11-16,sh.600489,8.5900,8.6300,8.4800,8.5200,8.5800,26377512,225753983.3300,0.604600,1,-0.699300,21.684669,1.672785,0.728635,14.768489,0
2021-11-17,sh.600489,8.4200,8.4600,8.3800,8.4600,8.5200,27272934,229798283.6000,0.625100,1,-0.704200,21.531960,1.661005,0.723504,14.664485,0
2021-11-18,sh.600489,8.5000,8.5200,8.4400,8.4500,8.4600,19367680,164160160.4500,0.443900,1,-0.118200,21.506509,1.659042,0.722649,14.647151,0
2021-11-19,sh.600489,8.4400,8.4800,8.3900,8.4700,8.4500,19680819,166085189.7600,0.451100,1,0.236700,21.557412,1.662968,0.724359,14.681819,0
2021-11-22,sh.600489,8.4100,8.4600,8.3900,8.4500,8.4700,23275467,196100156.3100,0.533500,1,-0.236100,21.506509,1.659042,0.722649,14.647151,0
2021-11-23,sh.600489,8.3600,8.4900,8.3500,8.4600,8.4500,25765333,217562849.9500,0.590600,1,0.118300,21.531960,1.661005,0.723504,14.664485,0
2021-11-24,sh.600489,8.4200,8.4400,8.3700,8.4000,8.4600,28377780,238252156.3200,0.650500,1,-0.709200,21.379252,1.649225,0.718373,14.560482,0
2021-11-25,sh.600489,8.4000,8.4500,8.3900,8.4400,8.4000,20042816,168859722.2900,0.459400,1,0.476200,21.481057,1.657078,0.721794,14.629817,0
2021-11-26,sh.600489,8.4300,8.4400,8.3700,8.4300,8.4400,20273084,170353332.3800,0.464700,1,-0.118500,21.455606,1.655115,0.720939,14.612484,0
2021-11-29,sh.600489,8.4200,8.4200,8.2700,8.2900,8.4300,39041731,325078163.1500,0.894900,1,-1.660700,21.099285,1.627628,0.708966,14.369809,0
2021-11-30,sh.600489,8.2600,8.3400,8.2500,8.3300,8.2900,30361574,252006202.6400,0.695900,1,0.482500,21.201091,1.635481,0.712387,14.439144,0
2021-12-01,sh.600489,8.2800,8.3300,8.2400,8.3100,8.3300,29845327,247014658.0500,0.684100,1,-0.240100,21.150188,1.631554,0.710676,14.404477,0
2021-12-02,sh.600489,8.3000,8.3300,8.2600,8.2800,8.3100,23494538,194691019.4100,0.538500,1,-0.361000,21.073834,1.625664,0.708111,14.352475,0
2021-12-03,sh.600489,8.2700,8.3100,8.2400,8.3000,8.2800,20714687,171368944.2500,0.474800,1,0.241500,21.124737,1.629591,0.709821,14.387143,0
2021-12-06,sh.600489,8.3200,8.3500,8.2800,8.3000,8.3000,25557146,212646364.4200,0.585800,1,0.000000,21.124737,1.629591,0.709821,14.387143,0
2021-12-07,sh.600489,8.3100,8.3300,8.2700,8.3300,8.3000,20921059,173599026.8700,0.479500,1,0.361400,21.201091,1.635481,0.712387,14.439144,0
2021-12-08,sh.600489,8.3300,8.4000,8.3100,8.3900,8.3300,27691192,231827947.0700,0.634700,1,0.720300,21.353800,1.647261,0.717518,14.543148,0
2021-12-09,sh.600489,8.3500,8.4300,8.3500,8.4100,8.3900,30307648,254282772.4600,0.694700,1,0.238400,21.404703,1.651188,0.719228,14.577816,0
2021-12-10,sh.600489,8.3500,8.3800,8.1600,8.1600,8.4100,67040046,555747984.0100,1.536700,1,-2.972700,20.768416,1.602104,0.697848,14.144468,0
2021-12-13,sh.600489,8.2400,8.3000,8.2000,8.2900,8.1600,33853472,279326248.5500,0.776000,1,1.593100,21.099285,1.627628,0.708966,14.369809,0
2021-12-14,sh.600489,8.2400,8.2900,8.2200,8.2600,8.2900,17760797,146476291.8200,0.407100,1,-0.361900,21.022931,1.621738,0.706400,14.317807,0
2021-12-15,sh.600489,8.2200,8.2500,8.2000,8.2300,8.2600,23834623,195857193.4300,0.546300,1,-0.363200,20.946576,1.615848,0.703835,14.265805,0
2021-12-16,sh.600489,8.2400,8.2900,8.2300,8.2600,8.2300,25292593,208694939.3200,0.579800,1,0.364500,21.022931,1.621738,0.706400,14.317807,0
2021-12-17,sh.600489,8.3500,8.3500,8.2800,8.3100,8.2600,34430776,286248201.5500,0.789200,1,0.605300,21.150188,1.631554,0.710676,14.404477,0
2021-12-20,sh.600489,8.2600,8.2800,8.2100,8.2300,8.3100,25099671,206848316.8100,0.575300,1,-0.962700,20.946576,1.615848,0.703835,14.265805,0
2021-12-21,sh.600489,8.2100,8.2700,8.2000,8.2600,8.2300,21722690,178930891.1300,0.497900,1,0.364500,21.022931,1.621738,0.706400,14.317807,0
2021-12-22,sh.600489,8.2500,8.2700,8.2300,8.2500,8.2600,18579252,153206632.9100,0.425900,1,-0.121100,20.997479,1.619774,0.705545,14.300473,0
2021-12-23,sh.600489,8.2600,8.2800,8.2400,8.2600,8.2500,22113578,182714891.6700,0.506900,1,0.121200,21.022931,1.621738,0.706400,14.317807,0
2021-12-24,sh.600489,8.2700,8.2800,8.2000,8.2500,8.2600,23771372,195578221.4800,0.544900,1,-0.121100,20.997479,1.619774,0.705545,14.300473,0
2021-12-27,sh.600489,8.2500,8.2500,8.2100,8.2300,8.2500,18009066,148141469.9600,0.412800,1,-0.242400,20.946576,1.615848,0.703835,14.265805,0
2021-12-28,sh.600489,8.2400,8.2500,8.1900,8.2400,8.2300,18286393,150367627.9300,0.419200,1,0.121500,20.972028,1.617811,0.704690,14.283139,0
2021-12-29,sh.600489,8.2100,8.2300,8.2000,8.2100,8.2400,15992348,131309303.7300,0.366600,1,-0.364100,20.895673,1.611921,0.702124,14.231138,0
2021-12-30,sh.600489,8.2000,8.2200,8.1700,8.1900,8.2100,26065318,213688019.2700,0.597500,1,-0.243600,20.844770,1.607994,0.700414,14.196470,0
2021-12-31,sh.600489,8.2200,8.2400,8.1900,8.2300,8.1900,22819907,187533631.7900,0.523100,1,0.488400,20.946576,1.615848,0.703835,14.265805,0
2022-01-04,sh.600489,8.2000,8.2900,8.2000,8.2700,8.2300,32169177,265423967.0600,0.737400,1,0.486000,21.048382,1.623701,0.707255,14.335141,0
2022-01-05,sh.600489,8.2700,8.3400,8.2500,8.2900,8.2700,35794768,297014478.1200,0.820500,1,0.241800,21.099285,1.627628,0.708966,14.369809,0
2022-01-06,sh.600489,8.2900,8.2900,8.2400,8.2600,8.2900,20273618,167489633.9800,0.464700,1,-0.361900,21.022931,1.621738,0.706400,14.317807,0
2022-01-07,sh.600489,8.2400,8.3100,8.2400,8.2900,8.2600,25547754,211453638.4400,0.585600,1,0.363200,21.099285,1.627628,0.708966,14.369809,0
2022-01-10,sh.600489,8.2800,8.3300,8.2700,8.3300,8.2900,23732418,197290711.1700,0.544000,1,0.482500,21.201091,1.635481,0.712387,14.439144,0
2022-01-11,sh.600489,8.3200,8.3600,8.2900,8.3400,8.3300,24770061,206371431.0500,0.567800,1,0.120000,21.226543,1.637445,0.713242,14.456478,0
2022-01-12,sh.600489,8.3700,8.3800,8.3100,8.3600,8.3400,27874167,232681172.5900,0.638900,1,0.239800,21.277446,1.641371,0.714952,14.491146,0
2022-01-13,sh.600489,8.3600,8.4800,8.3500,8.3700,8.3600,46556159,392187641.2200,1.067200,1,0.119600,21.302897,1.643335,0.715807,14.508480,0
2022-01-14,sh.600489,8.3500,8.3600,8.2600,8.2800,8.3700,29752666,246791760.6200,0.682000,1,-1.075300,21.073834,1.625664,0.708111,14.352475,0
2022-01-17,sh.600489,8.2400,8.2700,8.2200,8.2400,8.2800,20960439,172828332.7600,0.480500,1,-0.483100,20.972028,1.617811,0.704690,14.283139,0
2022-01-18,sh.600489,8.2500,8.2800,8.2200,8.2500,8.2400,17785259,146675556.6300,0.407700,1,0.121400,20.997479,1.619774,0.705545,14.300473,0
2022-01-19,sh.600489,8.2300,8.2700,8.2200,8.2600,8.2500,19227926,158407909.0000,0.440700,1,0.121200,21.022931,1.621738,0.706400,14.317807,0
2022-01-20,sh.600489,8.3400,8.4400,8.3200,8.3200,8.2600,44122825,369217940.6600,1.011400,1,0.726400,21.175640,1.633518,0.711531,14.421811,0
2022-01-21,sh.600489,8.2500,8.3100,8.2400,8.2900,8.3200,21722936,179880561.1600,0.497900,1,-0.360600,21.099285,1.627628,0.708966,14.369809,0
2022-01-24,sh.600489,8.2700,8.2700,8.2200,8.2400,8.2900,19155040,157791661.2000,0.439100,1,-0.603100,20.972028,1.617811,0.704690,14.283139,0
2022-01-25,sh.600489,8.2700,8.4900,8.2700,8.4700,8.2400,110303684,927923345.4900,2.528400,1,2.791300,21.557412,1.662968,0.724359,14.681819,0
2022-01-26,sh.600489,8.3800,8.4900,8.2500,8.4100,8.4700,72064223,603486547.2900,1.651800,1,-0.708400,21.404703,1.651188,0.719228,14.577816,0
2022-01-27,sh.600489,8.2600,8.2900,7.8500,7.8700,8.4100,99571070,797215601.7600,2.282300,1,-6.420900,20.030323,1.545167,0.673047,13.641785,0
2022-01-28,sh.600489,7.8200,7.9900,7.6900,7.9100,7.8700,44177178,345991403.4200,1.012600,1,0.508300,20.132129,1.553020,0.676468,13.711120,0
2022-02-07,sh.600489,7.9800,8.0200,7.9100,7.9800,7.9100,23902580,190517037.3000,0.547900,1,0.885000,20.310289,1.566764,0.682454,13.832458,0
2022-02-08,sh.600489,7.9900,8.0800,7.9800,8.0700,7.9800,26102712,209579528.0500,0.598300,1,1.127800,20.539352,1.584434,0.690151,13.988463,0
2022-02-09,sh.600489,8.0800,8.1500,8.0600,8.1300,8.0700,26325973,213688709.2800,0.603400,1,0.743500,20.692061,1.596214,0.695282,14.092466,0
2022-02-10,sh.600489,8.1600,8.2200,8.1000,8.1800,8.1300,35667879,291062031.9100,0.817600,1,0.615000,20.819319,1.606031,0.699558,14.179136,0
2022-02-11,sh.600489,8.1000,8.1600,8.0500,8.0700,8.1800,26046605,210908633.3700,0.597000,1,-1.344700,20.539352,1.584434,0.690151,13.988463,0
2022-02-14,sh.600489,8.1900,8.3800,8.1800,8.2000,8.0700,63548235,525452482.1600,1.456600,1,1.610900,20.870222,1.609957,0.701269,14.213804,0
2022-02-15,sh.600489,8.3000,8.3400,8.2000,8.2500,8.2000,36694691,303143216.6000,0.841100,1,0.609800,20.997479,1.619774,0.705545,14.300473,0
2022-02-16,sh.600489,8.0600,8.1400,7.9500,8.1300,8.2500,39692321,320101139.2400,0.909800,1,-1.454500,20.692061,1.596214,0.695282,14.092466,0
2022-02-17,sh.600489,8.1600,8.4500,8.1200,8.4100,8.1300,82676708,686588127.3600,1.895100,1,3.444000,21.404703,1.651188,0.719228,14.577816,0
2022-02-18,sh.600489,8.5100,8.5400,8.2700,8.3400,8.4100,64982806,542395784.2200,1.489500,1,-0.832300,21.226543,1.637445,0.713242,14.456478,0
2022-02-21,sh.600489,8.3300,8.4000,8.2800,8.3100,8.3400,36002383,299769184.1200,0.825200,1,-0.359700,21.150188,1.631554,0.710676,14.404477,0
2022-02-22,sh.600489,8.4200,8.6200,8.4200,8.5800,8.3100,123364518,1051611234.7000,2.827700,1,3.249100,21.837378,1.684565,0.733767,14.872492,0
2022-02-23,sh.600489,8.4400,8.4400,8.3100,8.3300,8.5800,72556113,605477905.9700,1.663100,1,-2.913800,21.201091,1.635481,0.712387,14.439144,0
2022-02-24,sh.600489,8.3900,9.1500,8.3400,9.0000,8.3300,255077239,2257792514.4500,5.846800,1,8.043200,22.906341,1.767027,0.769685,15.600516,0
2022-02-25,sh.600489,8.5700,8.8500,8.5200,8.7000,9.0000,156287877,1355111854.4400,3.582400,1,-3.333300,22.142796,1.708126,0.744029,15.080499,0
2022-02-28,sh.600489,8.7400,8.9900,8.6400,8.7400,8.7000,119260263,1048698720.0000,2.733700,1,0.459800,22.244602,1.715979,0.747450,0.000000,0
2022-03-01,sh.600489,8.6400,8.7300,8.5500,8.6800,8.7400,84836685,731497056.0000,1.944600,1,-0.686500,22.091893,1.704199,0.742319,15.045831,0
2022-03-02,sh.600489,8.8100,8.8800,8.6600,8.7100,8.6800,73723744,644036368.0000,1.689900,1,0.345600,22.168248,1.710089,0.744884,15.097833,0
2022-03-03,sh.600489,8.6200,8.7500,8.6100,8.7200,8.7100,66209742,575733104.0000,1.517600,1,0.114800,22.193699,1.712052,0.745740,15.115167,0
2022-03-04,sh.600489,8.7500,8.7700,8.5200,8.5500,8.7200,63659443,549444640.0000,1.459200,1,-1.949500,21.761024,1.678675,0.731201,14.820490,0
2022-03-07,sh.600489,8.7600,8.9100,8.6300,8.6700,8.5500,122296505,1073645840.0000,2.803300,1,1.403500,22.066442,1.702236,0.741464,15.028497,0
2022-03-08,sh.600489,8.5700,8.7200,8.3400,8.7200,8.6700,95136273,816449632.0000,2.180700,1,0.576700,22.193699,1.712052,0.745740,15.115167,0
2022-03-09,sh.600489,8.8000,8.9900,8.5700,8.7500,8.7200,158889038,1398848704.0000,3.642000,1,0.344000,22.270054,1.717942,0.748305,15.167169,0
2022-03-10,sh.600489,8.4000,8.6700,8.3600,8.5900,8.7500,91579421,782977440.0000,2.099200,1,-1.828600,21.862830,1.686529,0.734622,14.889826,0
2022-03-11,sh.600489,8.5300,8.6000,8.2500,8.4700,8.5900,83603810,705369040.0000,1.916300,1,-1.397000,21.557412,1.662968,0.724359,14.681819,0
2022-03-14,sh.600489,8.3500,8.5500,8.2700,8.2900,8.4700,55925821,470643456.0000,1.281900,1,-2.125100,21.099285,1.627628,0.708966,14.369809,0
2022-03-15,sh.600489,8.1800,8.1900,7.4600,7.5000,8.2900,125588068,976609744.0000,2.878700,1,-9.529600,19.088617,1.472522,0.641404,13.000430,0
2022-03-16,sh.600489,7.5400,7.5900,7.1900,7.5600,7.5000,75528190,558733440.0000,1.731200,1,0.800000,19.241326,1.484302,0.646536,13.104434,0
2022-03-17,sh.600489,7.5900,7.7600,7.5300,7.6500,7.5600,53887339,412555120.0000,1.235200,1,1.190500,19.470390,1.501973,0.654233,13.260439,0
2022-03-18,sh.600489,7.6500,7.7400,7.5700,7.7200,7.6500,47993825,367739454.0100,1.100100,1,0.915000,19.648550,1.515716,0.660219,13.381776,0
2022-03-21,sh.600489,7.6500,7.8400,7.6400,7.7900,7.7200,43403147,335953418.5200,0.994900,1,0.906700,19.826711,1.529460,0.666205,13.503113,0
2022-03-22,sh.600489,7.7500,7.9600,7.7200,7.9000,7.7900,50174102,394858637.8100,1.150100,1,1.412100,20.106677,1.551057,0.675613,13.693786,0
2022-03-23,sh.600489,7.8100,7.8900,7.7900,7.8400,7.9000,27070660,212166524.4700,0.620500,1,-0.759500,19.953968,1.539276,0.670481,13.589783,0
2022-03-24,sh.600489,7.9100,8.0900,7.8700,8.0100,7.8400,52976413,421992543.5800,1.214300,1,2.168400,20.386643,1.572654,0.685020,13.884459,0
2022-03-25,sh.600489,8.0000,8.2500,7.9900,8.0100,8.0100,65911425,535599755.7700,1.510800,1,0.000000,20.386643,1.572654,0.685020,13.884459,0
2022-03-28,sh.600489,8.0000,8.2100,7.8800,8.0600,8.0100,56397580,456203537.2700,1.292700,1,0.624200,20.513901,1.582470,0.689296,13.971129,0
2022-03-29,sh.600489,7.9500,8.1200,7.9200,8.0100,8.0600,32016850,257261746.2700,0.733900,1,-0.620300,20.386643,1.572654,0.685020,13.884459,0
2022-03-30,sh.600489,7.9500,7.9900,7.8500,7.9800,8.0100,38316260,303222705.5500,0.878300,1,-0.374500,20.310289,1.566764,0.682454,13.832458,0
2022-03-31,sh.600489,7.9400,7.9600,7.8600,7.8900,7.9800,34827087,275541264.8900,0.798300,1,-1.127800,20.081226,1.549093,0.674758,13.676453,0
2022-04-01,sh.600489,7.8900,7.9200,7.8300,7.9200,7.8900,28026804,220749259.2200,0.642400,1,0.380200,20.157580,1.554983,0.677323,13.728454,0
2022-04-06,sh.600489,7.8500,7.9700,7.8400,7.9500,7.9200,29213546,231173434.1800,0.669600,1,0.378800,20.233934,1.560873,0.679889,13.780456,0
2022-04-07,sh.600489,7.9100,7.9700,7.7900,7.8000,7.9500,28875411,227014708.1000,0.661900,1,-1.886800,19.852162,1.531423,0.667061,13.520447,0
2022-04-08,sh.600489,7.8200,8.2500,7.8200,8.1700,7.8000,96259037,778825928.2500,2.206400,1,4.743600,20.793867,1.604067,0.698703,14.161802,0
2022-04-11,sh.600489,8.1800,8.4300,8.1500,8.2100,8.1700,94856785,787458092.7100,2.174300,1,0.489600,20.895673,1.611921,0.702124,14.231138,0
2022-04-12,sh.600489,8.2100,8.3500,8.0900,8.3000,8.2100,53213419,438599382.4900,1.219700,1,1.096200,21.124737,1.629591,0.709821,14.387143,0
2022-04-13,sh.600489,8.3800,8.4900,8.3000,8.3800,8.3000,61507979,516974578.1100,1.409900,1,0.963900,21.328349,1.645298,0.716663,14.525814,0
2022-04-14,sh.600489,8.3600,8.5200,8.2800,8.4400,8.3800,60316339,509251215.2500,1.382600,1,0.716000,21.481057,1.657078,0.721794,14.629817,0
2022-04-15,sh.600489,8.3600,8.4500,8.1900,8.2700,8.4400,53398648,443906491.0900,1.224000,1,-2.014200,21.048382,1.623701,0.707255,14.335141,0
2022-04-18,sh.600489,8.3500,8.3800,8.2100,8.3100,8.2700,34953570,289526532.7100,0.801200,1,0.483700,21.150188,1.631554,0.710676,14.404477,0
2022-04-19,sh.600489,8.2000,8.3500,8.1800,8.2900,8.3100,29770514,245687970.2600,0.682400,1,-0.240700,21.099285,1.627628,0.708966,14.369809,0
2022-04-20,sh.600489,8.1500,8.2500,7.9500,7.9600,8.2900,46094640,372328670.9200,1.056600,1,-3.980700,20.259386,1.562837,0.680744,13.797790,0
2022-04-21,sh.600489,7.9100,7.9400,7.5800,7.6300,7.9600,53952203,417264498.8600,1.236700,1,-4.145700,21.631087,1.466317,0.632057,324.117788,0
2022-04-22,sh.600489,7.6100,7.6500,7.4100,7.5500,7.6300,51993062,390975913.2200,1.191800,1,-1.048500,21.404287,1.450943,0.625430,320.719436,0
2022-04-25,sh.600489,7.3900,7.4200,7.1000,7.1100,7.5500,64613057,469058324.4900,1.481000,1,-5.827800,20.156885,1.366384,0.588981,302.028502,0
2022-04-26,sh.600489,7.1100,7.1200,6.8000,6.8600,7.1100,50430278,352332121.1900,1.156000,1,-3.516200,19.448134,1.318340,0.568271,291.408653,0
2022-04-27,sh.600489,6.8000,7.0200,6.7200,7.0100,6.8600,38715222,266937566.1900,0.887400,1,2.186600,19.873384,1.347167,0.580697,297.780562,0
2022-04-28,sh.600489,6.9400,6.9600,6.7500,6.8600,7.0100,49216309,337240436.2300,1.128100,1,-2.139800,19.448134,1.318340,0.568271,291.408653,0
2022-04-29,sh.600489,6.9100,7.2400,6.9100,7.2200,6.8600,49476777,351255858.6900,1.134100,1,5.247800,20.468735,1.387524,0.598093,306.701235,0
2022-05-05,sh.600489,7.1500,7.2700,7.1100,7.2200,7.2200,32468203,233971280.0600,0.744200,1,0.000000,20.468735,1.387524,0.598093,306.701235,0
2022-05-06,sh.600489,7.0600,7.0900,6.9700,7.0400,7.2200,32247845,226846879.5200,0.739200,1,-2.493100,19.958435,1.352932,0.583182,299.054944,0
2022-05-09,sh.600489,7.0000,7.1200,6.9800,7.0900,7.0400,21162678,149332093.0700,0.485100,1,0.710200,20.100185,1.362541,0.587324,301.178914,0
2022-05-10,sh.600489,7.0100,7.1200,6.9400,7.1200,7.0900,22304757,157193662.1400,0.511300,1,0.423100,20.185235,1.368306,0.589809,302.453296,0
2022-05-11,sh.600489,7.0600,7.1500,7.0300,7.1000,7.1200,39754137,282080540.2100,0.911200,1,-0.280900,20.128535,1.364463,0.588152,301.603708,0
2022-05-12,sh.600489,7.0800,7.1000,7.0000,7.0500,7.1000,24987202,176132190.4500,0.572800,1,-0.704200,19.986785,1.354854,0.584011,299.479738,0
2022-05-13,sh.600489,7.0100,7.0900,7.0100,7.0800,7.0500,20247260,142894580.0100,0.464100,1,0.425500,20.071835,1.360619,0.586496,300.754120,0
2022-05-16,sh.600489,7.0800,7.1000,7.0400,7.0500,7.0800,18976155,134000037.9000,0.435000,1,-0.423700,19.986785,1.354854,0.584011,299.479738,0
2022-05-17,sh.600489,7.0800,7.0900,7.0200,7.0800,7.0500,17926163,126546335.6900,0.410900,1,0.425500,20.071835,1.360619,0.586496,300.754120,0
2022-05-18,sh.600489,7.0500,7.0700,7.0000,7.0300,7.0800,20058338,141031639.9400,0.459800,1,-0.706200,19.930085,1.351010,0.582354,298.630150,0
2022-05-19,sh.600489,6.9900,7.0300,6.9400,7.0300,7.0300,17565727,122571720.1500,0.402600,1,0.000000,19.930085,1.351010,0.582354,298.630150,0
2022-05-20,sh.600489,7.0900,7.1400,7.0700,7.1400,7.0300,30832717,219162585.9600,0.706700,1,1.564700,20.241935,1.372150,0.591466,303.302884,0
2022-05-23,sh.600489,7.1300,7.2500,7.1200,7.2400,7.1400,29748996,214460452.0500,0.681900,1,1.400600,20.525436,1.391368,0.599750,307.550823,0
2022-05-24,sh.600489,7.2200,7.2500,7.0300,7.0300,7.2400,31143132,222075342.7600,0.713900,1,-2.900600,19.930085,1.351010,0.582354,298.630150,0
2022-05-25,sh.600489,7.0800,7.2300,7.0700,7.1300,7.0300,31653687,226206452.9600,0.725600,1,1.422500,20.213585,1.370228,0.590638,302.878090,0
2022-05-26,sh.600489,7.1000,7.1600,7.0600,7.1400,7.1300,20469613,145518508.8000,0.469200,1,0.140300,20.241935,1.372150,0.591466,303.302884,0
2022-05-27,sh.600489,7.1500,7.1900,7.1000,7.1400,7.1400,21635061,154710235.3000,0.495900,1,0.000000,20.241935,1.372150,0.591466,303.302884,0
2022-05-30,sh.600489,7.1400,7.1900,7.1200,7.1800,7.1400,19355258,138538649.1700,0.443700,1,0.560200,20.355335,1.379837,0.594780,305.002060,0
2022-05-31,sh.600489,7.1500,7.1800,7.0800,7.1800,7.1800,23456017,167370519.4300,0.537700,1,0.000000,20.355335,1.379837,0.594780,305.002060,0
2022-06-01,sh.600489,7.1400,7.1500,7.0700,7.1200,7.1800,26478368,188295758.6700,0.606900,1,-0.835700,20.185235,1.368306,0.589809,302.453296,0
2022-06-02,sh.600489,7.1000,7.1900,7.1000,7.1800,7.1200,25137875,179525571.5900,0.576200,1,0.842700,20.355335,1.379837,0.594780,305.002060,0
2022-06-06,sh.600489,7.1700,7.2500,7.1400,7.2300,7.1800,30504196,220041597.6800,0.699200,1,0.696400,20.497086,1.389446,0.598921,307.126029,0
2022-06-07,sh.600489,7.2100,7.2700,7.1900,7.2700,7.2300,32690387,236624671.0600,0.749300,1,0.553300,20.610486,1.397133,0.602235,308.825205,0
2022-06-08,sh.600489,7.2700,7.3200,7.2000,7.3000,7.2700,30577286,222267601.4000,0.700900,1,0.412700,20.695536,1.402898,0.604720,310.099587,0
2022-06-09,sh.600489,7.2800,7.4600,7.2400,7.3900,7.3000,46478399,341011306.8500,1.065400,1,1.232900,20.950686,1.420194,0.612176,313.922733,0
2022-06-10,sh.600489,7.2900,7.3700,7.2600,7.3600,7.3900,34398272,252000866.8800,0.788500,1,-0.406000,20.865636,1.414429,0.609690,312.648351,0
2022-06-13,sh.600489,7.4500,7.6200,7.4100,7.4700,7.3600,63007846,472655476.0300,1.444300,1,1.494600,21.177487,1.435568,0.618803,317.321084,0
2022-06-14,sh.600489,7.3100,7.4500,7.2600,7.4300,7.4700,41172368,301877008.7700,0.943700,1,-0.535500,21.064086,1.427881,0.615489,315.621909,0
2022-06-15,sh.600489,7.3600,7.5900,7.3500,7.5300,7.4300,52965966,396760006.8700,1.214100,1,1.345900,21.347587,1.447099,0.623773,319.869848,0
2022-06-16,sh.600489,7.5300,7.6100,7.4700,7.4800,7.5300,38585978,290179236.4000,0.884500,1,-0.664000,21.205837,1.437490,0.619631,317.745878,0
2022-06-17,sh.600489,7.5500,7.7400,7.5400,7.6100,7.4800,72364595,552229733.0500,1.658700,1,1.738000,21.574387,1.462473,0.630400,323.268200,0
2022-06-20,sh.600489,7.5700,7.6600,7.4900,7.5700,7.6100,38438599,290455879.4500,0.881100,1,-0.525600,21.460987,1.454786,0.627086,321.569024,0
2022-06-21,sh.600489,7.5200,7.5500,7.3600,7.4300,7.5700,31491290,235022279.0100,0.721800,1,-1.849400,21.064086,1.427881,0.615489,315.621909,0
2022-06-22,sh.600489,7.4200,7.4500,7.3500,7.3800,7.4300,22602505,167150329.9700,0.518100,1,-0.672900,20.922336,1.418272,0.611347,313.497939,0
2022-06-23,sh.600489,7.3600,7.4700,7.3500,7.4300,7.3800,21646145,160338073.1000,0.496200,1,0.677500,21.064086,1.427881,0.615489,315.621909,0
2022-06-24,sh.600489,7.3800,7.4400,7.3500,7.4100,7.4300,21337987,157784222.0900,0.489100,1,-0.269200,21.007386,1.424038,0.613832,314.772321,0
2022-06-27,sh.600489,7.4700,7.5600,7.4400,7.5200,7.4100,34982697,262313860.3600,0.801900,1,1.484500,21.319237,1.445177,0.622945,319.445054,0
2022-06-28,sh.600489,7.5000,7.5300,7.4200,7.5200,7.5200,26465960,198148485.5700,0.606600,1,0.000000,21.319237,1.445177,0.622945,319.445054,0
2022-06-29,sh.600489,7.5300,7.5300,7.3900,7.4000,7.5200,28536038,212446557.4900,0.654100,1,-1.595700,20.979036,1.422116,0.613004,314.347527,0
2022-06-30,sh.600489,7.4100,7.4300,7.3800,7.3900,7.4000,25386243,187842289.0500,0.581900,1,-0.135100,20.950686,1.420194,0.612176,313.922733,0
2022-07-01,sh.600489,7.3700,7.3900,7.2700,7.2900,7.3900,33687712,246002660.2900,0.772200,1,-1.353200,20.667186,1.400976,0.603892,309.674793,0
2022-07-04,sh.600489,7.3200,7.3800,7.2900,7.3700,7.2900,18952315,139141248.8000,0.434400,1,1.097400,20.893986,1.416351,0.610519,313.073145,0
2022-07-05,sh.600489,7.3700,7.4000,7.3100,7.3600,7.3700,18113420,133268905.6900,0.415200,1,-0.135700,20.865636,1.414429,0.609690,312.648351,0
2022-07-06,sh.600489,7.2900,7.2900,7.1600,7.1900,7.3600,28686832,207371336.8900,0.657600,1,-2.309800,20.383685,1.381759,0.595608,305.426854,0
2022-07-07,sh.600489,7.1600,7.2700,7.1600,7.2500,7.1900,17844838,129149733.3400,0.409000,1,0.834500,20.553786,1.393289,0.600578,307.975617,0
2022-07-08,sh.600489,7.1200,7.1200,7.0600,7.0800,7.0300,21798010,154531554.4600,0.499600,1,0.711200,20.071835,1.360619,0.586496,300.754120,0
2022-07-11,sh.600489,7.0600,7.0800,7.0000,7.0100,7.0800,16488314,115746292.2400,0.377900,1,-0.988700,19.873384,1.347167,0.580697,297.780562,0
2022-07-12,sh.600489,7.0200,7.0300,6.9800,7.0200,7.0100,13648363,95596446.0300,0.312800,1,0.142700,19.901734,1.349088,0.581525,298.205356,0
2022-07-13,sh.600489,6.9800,7.0300,6.9700,7.0200,7.0200,16186887,113443589.7200,0.371000,1,0.000000,19.901734,1.349088,0.581525,298.205356,0
2022-07-14,sh.600489,7.0200,7.1000,7.0000,7.0700,7.0200,16438232,115778234.4200,0.376800,1,0.712300,20.043485,1.358697,0.585667,300.329326,0
2022-07-15,sh.600489,7.0200,7.0300,6.9100,6.9200,7.0700,20384980,142077873.9100,0.467300,1,-2.121600,19.618234,1.329871,0.573242,293.957417,0
2022-07-18,sh.600489,6.9100,7.0300,6.9100,7.0300,6.9200,16496668,115405387.7700,0.378100,1,1.589600,19.930085,1.351010,0.582354,298.630150,0
2022-07-19,sh.600489,7.0100,7.0500,7.0000,7.0400,7.0300,13428118,94381703.2400,0.307800,1,0.142200,19.958435,1.352932,0.583182,299.054944,0
2022-07-20,sh.600489,7.0600,7.1000,7.0400,7.0900,7.0400,18070085,127857249.5200,0.414200,1,0.710200,20.100185,1.362541,0.587324,301.178914,0
2022-07-21,sh.600489,7.0700,7.1500,7.0400,7.0800,7.0900,19404869,137730399.9800,0.444800,1,-0.141000,20.071835,1.360619,0.586496,300.754120,0
2022-07-22,sh.600489,7.1200,7.1400,7.0200,7.0600,7.0800,17437270,123412164.1000,0.399700,1,-0.282500,20.015135,1.356776,0.584839,299.904532,0
2022-07-25,sh.600489,7.0600,7.1500,7.0500,7.1000,7.0600,19957809,141945314.1600,0.457500,1,0.566600,20.128535,1.364463,0.588152,301.603708,0
2022-07-26,sh.600489,7.0900,7.1300,7.0700,7.1100,7.1000,13999420,99385229.6800,0.320900,1,0.140800,20.156885,1.366384,0.588981,302.028502,0
2022-07-27,sh.600489,7.0800,7.1400,7.0800,7.1400,7.1100,15236046,108510273.6200,0.349200,1,0.421900,20.241935,1.372150,0.591466,303.302884,0
2022-07-28,sh.600489,7.1700,7.2600,7.1500,7.1700,7.1400,26647344,191740179.4400,0.610800,1,0.420200,20.326985,1.377915,0.593951,304.577266,0
2022-07-29,sh.600489,7.2400,7.2700,7.1800,7.2400,7.1700,27895596,201406689.1700,0.639400,1,0.976300,20.525436,1.391368,0.599750,307.550823,0
2022-08-01,sh.600489,7.2400,7.2600,7.1700,7.1800,7.2400,20708912,149288422.7700,0.474700,1,-0.828700,20.355335,1.379837,0.594780,305.002060,0
2022-08-02,sh.600489,7.2500,7.3800,7.1900,7.2600,7.1800,73487984,534725216.3300,1.684500,1,1.114200,20.582136,1.395211,0.601407,308.400411,0
2022-08-03,sh.600489,7.0500,7.2400,7.0200,7.1100,7.2600,50859648,362825915.9500,1.165800,1,-2.066100,20.156885,1.366384,0.588981,302.028502,0
2022-08-04,sh.600489,7.0700,7.1300,7.0300,7.0800,7.1100,26634435,188414577.0000,0.610500,1,-0.421900,20.071835,1.360619,0.586496,300.754120,0
2022-08-05,sh.600489,7.1200,7.3400,7.1200,7.3200,7.0800,61104610,443105904.0000,1.400600,1,3.389800,20.752236,1.406742,0.606377,310.949175,0
2022-08-08,sh.600489,7.2600,7.3000,7.2100,7.2900,7.3200,24035694,174449137.0000,0.550900,1,-0.409800,20.667186,1.400976,0.603892,309.674793,0
2022-08-09,sh.600489,7.2800,7.3200,7.2500,7.3000,7.2900,21218413,154670717.0000,0.486400,1,0.137200,20.695536,1.402898,0.604720,310.099587,0
2022-08-10,sh.600489,7.2900,7.5300,7.2800,7.4600,7.3000,58761866,438107993.0000,1.346900,1,2.191800,21.149137,1.433647,0.617974,316.896290,0
2022-08-11,sh.600489,7.4000,7.4600,7.3500,7.3700,7.4600,42823028,316049423.0000,0.981600,1,-1.206400,20.893986,1.416351,0.610519,313.073145,0
2022-08-12,sh.600489,7.3600,7.5100,7.3300,7.4300,7.3700,35891909,266923394.0000,0.822700,1,0.814100,21.064086,1.427881,0.615489,315.621909,0
2022-08-15,sh.600489,7.4500,7.4800,7.4000,7.4200,7.4300,22326142,165929694.5500,0.511800,1,-0.134600,21.035736,1.425960,0.614661,315.197115,0
2022-08-16,sh.600489,7.3600,7.4000,7.3400,7.3500,7.4200,24332481,179194137.4300,0.557700,1,-0.943400,20.837286,1.412507,0.608862,312.223557,0
2022-08-17,sh.600489,7.3600,7.4200,7.3100,7.3900,7.3500,19308286,141984772.3700,0.442600,1,0.544200,20.950686,1.420194,0.612176,313.922733,0
2022-08-18,sh.600489,7.3500,7.3700,7.2500,7.2700,7.3900,21851195,159292113.2000,0.500900,1,-1.623800,20.610486,1.397133,0.602235,308.825205,0
2022-08-19,sh.600489,7.2500,7.2800,7.2000,7.2100,7.2700,18668766,135115408.3000,0.427900,1,-0.825300,20.440385,1.385602,0.597265,306.276442,0
2022-08-22,sh.600489,7.1900,7.2700,7.1400,7.2400,7.2100,18338158,132191574.1100,0.420300,1,0.416100,20.525436,1.391368,0.599750,307.550823,0
2022-08-23,sh.600489,7.2400,7.2400,7.1800,7.2100,7.2400,15390378,110856704.6400,0.352800,1,-0.414400,20.440385,1.385602,0.597265,306.276442,0
2022-08-24,sh.600489,7.2200,7.2600,7.1200,7.1300,7.2100,23945492,171889878.2500,0.548900,1,-1.109600,20.213585,1.370228,0.590638,302.878090,0
2022-08-25,sh.600489,7.1500,7.2800,7.1300,7.2600,7.1300,25463345,183429405.6100,0.583700,1,1.823300,20.582136,1.395211,0.601407,308.400411,0
2022-08-26,sh.600489,7.2500,7.2800,7.2200,7.2700,7.2600,17524913,127139021.0600,0.401700,1,0.137700,20.610486,1.397133,0.602235,308.825205,0
2022-08-29,sh.600489,7.2200,7.4500,7.1800,7.4300,7.2700,42157721,309892007.0200,0.966300,1,2.200800,17.991623,1.426913,0.650053,15.172359,0
2022-08-30,sh.600489,7.4400,7.5400,7.4300,7.4500,7.4300,36617576,273810380.2300,0.839300,1,0.269200,18.040053,1.430754,0.651803,15.213199,0
2022-08-31,sh.600489,7.4300,7.4900,7.3300,7.3600,7.4500,29186312,215606292.5500,0.669000,1,-1.208100,17.822120,1.413470,0.643929,15.029416,0
2022-09-01,sh.600489,7.3300,7.3900,7.2800,7.3200,7.3600,20477676,150201691.5400,0.469400,1,-0.543500,17.725260,1.405788,0.640429,14.947734,0
2022-09-02,sh.600489,7.3200,7.3500,7.2400,7.2900,7.3200,17776979,129258145.7700,0.407500,1,-0.409800,17.652616,1.400026,0.637804,14.886473,0
2022-09-05,sh.600489,7.3000,7.4300,7.2900,7.4200,7.2900,23735062,175157285.4000,0.544100,1,1.783300,17.967409,1.424993,0.649178,15.151938,0
2022-09-06,sh.600489,7.4300,7.5400,7.4200,7.5200,7.4200,32716827,245391789.2300,0.749900,1,1.347700,18.209557,1.444197,0.657927,15.356142,0
2022-09-07,sh.600489,7.4700,7.5300,7.4500,7.5100,7.5200,22126444,165708387.5400,0.507200,1,-0.133000,18.185342,1.442277,0.657052,15.335722,0
2022-09-08,sh.600489,7.5600,7.7600,7.5000,7.6900,7.5100,54593985,418272575.9100,1.251400,1,2.396800,18.621209,1.476845,0.672800,15.703289,0
2022-09-09,sh.600489,7.6500,7.8300,7.6300,7.7800,7.6900,48553114,377280687.7900,1.112900,1,1.170400,18.839143,1.494130,0.680675,15.887073,0
2022-09-13,sh.600489,7.7900,7.9400,7.7900,7.8200,7.7800,39291647,308892607.3500,0.900600,1,0.514100,18.936002,1.501812,0.684174,15.968754,0
2022-09-14,sh.600489,7.7200,7.7400,7.6300,7.6600,7.8200,35169957,270090383.7300,0.806200,1,-2.046000,18.548565,1.471084,0.670176,15.642028,0
2022-09-15,sh.600489,7.6500,7.6900,7.4700,7.5200,7.6600,35828559,270872705.1700,0.821300,1,-1.827700,18.209557,1.444197,0.657927,15.356142,0
2022-09-16,sh.600489,7.4400,7.5000,7.2200,7.2300,7.5200,39961870,292845410.3000,0.916000,1,-3.856400,17.507327,1.388503,0.632555,14.763951,0
2022-09-19,sh.600489,7.2600,7.3300,7.2000,7.2300,7.2300,28947669,210646585.9600,0.663500,1,0.000000,17.507327,1.388503,0.632555,14.763951,0
2022-09-20,sh.600489,7.2900,7.4300,7.2600,7.3500,7.2300,21616528,158738218.3000,0.495500,1,1.659800,17.797905,1.411549,0.643054,15.008995,0
2022-09-21,sh.600489,7.3000,7.5100,7.2400,7.4600,7.3500,23741019,174899553.0800,0.544200,1,1.496600,18.064268,1.432674,0.652678,15.233620,0
2022-09-22,sh.600489,7.3800,7.8500,7.3300,7.6600,7.4600,53471957,410879688.3300,1.225700,1,2.681000,18.548565,1.471084,0.670176,15.642028,0
2022-09-23,sh.600489,7.6400,7.7200,7.5200,7.6100,7.6600,28012712,213310773.1100,0.642100,1,-0.652700,18.427490,1.461482,0.665801,15.539926,0
2022-09-26,sh.600489,7.4000,7.4200,7.2300,7.2500,7.6100,39286607,287746566.8700,0.900500,1,-4.730600,17.555756,1.392344,0.634305,14.804791,0
2022-09-27,sh.600489,7.2600,7.3300,7.1300,7.2900,7.2500,28696160,206837696.7600,0.657800,1,0.551700,17.652616,1.400026,0.637804,14.886473,0
2022-09-28,sh.600489,7.2300,7.2700,7.1000,7.1100,7.2900,21770036,156146089.6300,0.499000,1,-2.469100,17.216749,1.365458,0.622056,14.518906,0
2022-09-29,sh.600489,7.2300,7.2800,7.1700,7.2100,7.1100,25758188,186349891.2200,0.590400,1,1.406500,17.458897,1.384663,0.630805,14.723110,0
2022-09-30,sh.600489,7.2100,7.4000,7.1900,7.3900,7.2100,26933164,197575166.2500,0.617400,1,2.496500,17.894764,1.419231,0.646553,15.090677,0
2022-10-10,sh.600489,7.3900,7.4700,7.2800,7.3100,7.3900,27401686,202281513.9600,0.628100,1,-1.082500,17.701045,1.403867,0.639554,14.927314,0
2022-10-11,sh.600489,7.2500,7.3200,7.1800,7.3000,7.3100,17300845,125522290.3900,0.396600,1,-0.136800,17.676831,1.401947,0.638679,14.906893,0
2022-10-12,sh.600489,7.2600,7.4600,7.2300,7.4300,7.3000,22772092,167312777.5700,0.522000,1,1.780800,17.991623,1.426913,0.650053,15.172359,0
2022-10-13,sh.600489,7.3600,7.4400,7.3100,7.4100,7.4300,19736382,145574696.2800,0.452400,1,-0.269200,17.943194,1.423072,0.648303,15.131518,0
2022-10-14,sh.600489,7.3800,7.5000,7.3500,7.4900,7.4100,23205144,173165171.1100,0.531900,1,1.079600,18.136912,1.438436,0.655302,15.294881,0
2022-10-17,sh.600489,7.4000,7.4700,7.3700,7.4500,7.4900,17854991,132575260.3600,0.409300,1,-0.534000,18.040053,1.430754,0.651803,15.213199,0
2022-10-18,sh.600489,7.4500,7.5000,7.3300,7.4800,7.4500,24807740,184113768.1200,0.568600,1,0.402700,18.112698,1.436515,0.654428,15.274461,0
2022-10-19,sh.600489,7.4400,7.4400,7.2800,7.2900,7.4800,20041274,147387051.9500,0.459400,1,-2.540100,17.652616,1.400026,0.637804,14.886473,0
2022-10-20,sh.600489,7.2200,7.3200,7.2000,7.2600,7.2900,16186087,117301955.7400,0.371000,1,-0.411500,17.579971,1.394265,0.635180,14.825212,0
2022-10-21,sh.600489,7.2400,7.2900,7.2000,7.2300,7.2600,14151302,102502299.4600,0.324400,1,-0.413200,17.507327,1.388503,0.632555,14.763951,0
2022-10-24,sh.600489,7.2800,7.5900,7.2600,7.4100,7.2300,60058711,446978375.5400,1.376700,1,2.489600,17.943194,1.423072,0.648303,15.131518,0
2022-10-25,sh.600489,7.4100,7.4200,7.2600,7.2700,7.4100,32658272,238713326.4200,0.748600,1,-1.889300,17.604186,1.396185,0.636055,14.845632,0
2022-10-26,sh.600489,7.2900,7.5000,7.2700,7.4900,7.2700,28863206,213476443.5600,0.661600,1,3.026100,18.136912,1.438436,0.655302,15.294881,0
2022-10-27,sh.600489,7.4900,7.7600,7.4900,7.6100,7.4900,47675941,364988055.7200,1.092800,1,1.602100,18.427490,1.461482,0.665801,15.539926,0
2022-10-28,sh.600489,7.6000,7.7400,7.4900,7.5200,7.6100,44568689,339176044.2900,1.021600,1,-1.182700,17.979348,1.434863,0.661485,-25.994269,0
2022-10-31,sh.600489,7.4400,7.4900,7.3500,7.4500,7.5200,28693094,213117440.9000,0.657700,1,-0.930900,17.811987,1.421507,0.655327,-25.752302,0
2022-11-01,sh.600489,7.4200,7.6000,7.4000,7.6000,7.4500,24874838,187086202.7600,0.570200,1,2.013400,18.170618,1.450128,0.668522,-26.270804,0
2022-11-02,sh.600489,7.6000,7.7200,7.5600,7.6800,7.6000,31158820,238606983.1700,0.714200,1,1.052600,18.361887,1.465392,0.675559,-26.547339,0
2022-11-03,sh.600489,7.5800,7.7100,7.5500,7.6800,7.6800,25951984,197960709.0600,0.594900,1,0.000000,18.361887,1.465392,0.675559,-26.547339,0
2022-11-04,sh.600489,7.6800,7.7400,7.6200,7.7000,7.6800,26222010,201499779.0200,0.601100,1,0.260400,18.409705,1.469208,0.677318,-26.616473,0
2022-11-07,sh.600489,7.8500,7.9000,7.7700,7.7800,7.7000,38907178,304666518.8800,0.891800,1,1.039000,18.600974,1.484473,0.684355,-26.893007,0
2022-11-08,sh.600489,7.7800,8.0500,7.7500,7.9000,7.7800,52241152,415537460.2400,1.197500,1,1.542400,18.887879,1.507370,0.694911,-27.307810,0
2022-11-09,sh.600489,8.1500,8.2500,8.0000,8.0400,7.9000,77296370,629899965.4900,1.771800,1,1.772200,19.222601,1.534083,0.707226,-27.791746,0
2022-11-10,sh.600489,8.0000,8.0900,7.9100,7.9900,8.0400,30331300,242283112.1000,0.695200,1,-0.621900,19.103057,1.524542,0.702827,-27.618911,0
2022-11-11,sh.600489,8.2800,8.4900,8.2000,8.2000,7.9900,78278759,652734520.2700,1.794300,1,2.628300,19.605140,1.564612,0.721300,-28.344815,0
2022-11-14,sh.600489,8.3000,8.3300,7.9300,8.0200,8.2000,46907704,379382362.8200,1.075200,1,-2.195100,19.174783,1.530266,0.705466,-27.722612,0
2022-11-15,sh.600489,8.0100,8.0700,7.9500,7.9900,8.0200,29107045,232827045.1100,0.667200,1,-0.374100,19.103057,1.524542,0.702827,-27.618911,0
2022-11-16,sh.600489,8.0000,8.1500,7.9400,8.0200,7.9900,39825033,320763046.7500,0.912900,1,0.375500,19.174783,1.530266,0.705466,-27.722612,0
2022-11-17,sh.600489,7.9900,7.9900,7.8400,7.9400,8.0200,24127421,190919747.4000,0.553000,1,-0.997500,18.983514,1.515002,0.698429,-27.446077,0
2022-11-18,sh.600489,7.9100,7.9300,7.8200,7.8300,7.9400,19791744,155788303.9200,0.453700,1,-1.385400,18.720518,1.494013,0.688753,-27.065842,0
2022-11-21,sh.600489,7.7800,7.8400,7.7300,7.8000,7.8300,21107637,164179185.3500,0.483800,1,-0.383100,18.648792,1.488289,0.686114,-26.962141,0
2022-11-22,sh.600489,7.8100,7.9000,7.7700,7.7900,7.8000,20955187,163933806.9500,0.480300,1,-0.128200,18.624883,1.486381,0.685235,-26.927574,0
2022-11-23,sh.600489,7.8000,7.8700,7.7600,7.8100,7.7900,19249295,150478162.3300,0.441200,1,0.256700,18.672700,1.490197,0.686994,-26.996708,0
2022-11-24,sh.600489,7.8800,7.9900,7.8600,7.9100,7.8100,33779101,267681049.5700,0.774300,1,1.280400,18.911787,1.509278,0.695790,-27.342377,0
2022-11-25,sh.600489,7.9000,8.2300,7.8500,8.1000,7.9100,51086575,413480440.9400,1.171000,1,2.402000,19.366053,1.545531,0.712503,-27.999147,0
2022-11-28,sh.600489,8.0400,8.1600,7.9500,8.1000,8.1000,37814878,304999954.2600,0.866800,1,0.000000,19.366053,1.545531,0.712503,-27.999147,0
2022-11-29,sh.600489,8.0000,8.1200,8.0000,8.1100,8.1000,30810660,248803554.3500,0.706200,1,0.123500,19.389962,1.547439,0.713383,-28.033713,0
2022-11-30,sh.600489,8.0900,8.1300,8.0400,8.0700,8.1100,21928991,177044304.6100,0.502700,1,-0.493200,19.294327,1.539807,0.709864,-27.895446,0
2022-12-01,sh.600489,8.2000,8.2500,8.1200,8.1900,8.0700,41378526,338533489.1900,0.948500,1,1.487000,19.581231,1.562703,0.720420,-28.310248,0
2022-12-02,sh.600489,8.3000,8.3200,8.0300,8.0900,8.1900,47139587,384161734.7900,1.080500,1,-1.221000,19.342144,1.543623,0.711624,-27.964580,0
2022-12-05,sh.600489,8.0900,8.2200,8.0700,8.1600,8.0900,40505622,330377472.7700,0.928500,1,0.865300,19.509505,1.556979,0.717781,-28.206548,0
2022-12-06,sh.600489,8.0700,8.1200,8.0200,8.1100,8.1600,26288348,212342152.9200,0.602600,1,-0.612700,19.389962,1.547439,0.713383,-28.033713,0
2022-12-07,sh.600489,8.0800,8.1200,8.0100,8.0500,8.1100,26442340,213254778.0300,0.606100,1,-0.739800,19.246509,1.535991,0.708105,-27.826312,0
2022-12-08,sh.600489,8.0600,8.1400,8.0600,8.1100,8.0500,26512138,214971387.6000,0.607700,1,0.745300,19.389962,1.547439,0.713383,-28.033713,0
2022-12-09,sh.600489,8.1400,8.2400,8.0500,8.2400,8.1100,56933917,464389292.7200,1.305000,1,1.603000,19.700775,1.572244,0.724818,-28.483082,0
2022-12-12,sh.600489,8.1500,8.1900,7.8300,7.8700,8.2400,52817889,419564433.4000,1.210700,1,-4.490300,18.816153,1.501645,0.692272,-27.204109,0
2022-12-13,sh.600489,7.8400,7.9700,7.8300,7.9600,7.8700,26404177,208728410.4300,0.605200,1,1.143600,19.031331,1.518818,0.700188,-27.515211,0
2022-12-14,sh.600489,8.0100,8.0900,7.9800,8.0200,7.9600,29455236,236941426.0400,0.675200,1,0.753800,19.174783,1.530266,0.705466,-27.722612,0
2022-12-15,sh.600489,8.0000,8.0000,7.7800,7.8300,8.0200,25650098,201367080.9100,0.587900,1,-2.369100,18.720518,1.494013,0.688753,-27.065842,0
2022-12-16,sh.600489,7.7700,7.8300,7.7400,7.8000,7.8300,16853642,131038148.3300,0.386300,1,-0.383100,18.648792,1.488289,0.686114,-26.962141,0
2022-12-19,sh.600489,7.8200,7.8700,7.6900,7.7300,7.8000,20951409,162993561.6500,0.480200,1,-0.897400,18.481431,1.474933,0.679957,-26.720173,0
2022-12-20,sh.600489,7.7000,7.7600,7.6200,7.6800,7.7300,14409052,110719326.9200,0.330300,1,-0.646800,18.361887,1.465392,0.675559,-26.547339,0
2022-12-21,sh.600489,7.8600,7.9100,7.7000,7.7700,7.6800,21870200,170888735.3000,0.501300,1,1.171900,18.577066,1.482565,0.683475,-26.858441,0
2022-12-22,sh.600489,7.7700,7.8100,7.6100,7.6400,7.7700,18203370,140320822.0600,0.417300,1,-1.673100,18.266252,1.457760,0.672040,-26.409072,0
2022-12-23,sh.600489,7.5500,7.6700,7.5200,7.5900,7.6400,16262031,123295465.4300,0.372800,1,-0.654500,18.146709,1.448220,0.667642,-26.236237,0
2022-12-26,sh.600489,7.5600,7.6400,7.5600,7.6100,7.5900,11452818,87155157.5100,0.262500,1,0.263500,18.194526,1.452036,0.669401,-26.305371,0
2022-12-27,sh.600489,7.6500,7.7600,7.6200,7.7300,7.6100,14602503,112520085.0500,0.334700,1,1.576900,18.481431,1.474933,0.679957,-26.720173,0
2022-12-28,sh.600489,7.7200,7.8800,7.7100,7.8500,7.7300,28528505,223456349.1500,0.653900,1,1.552400,18.768335,1.497829,0.690513,-27.134975,0
2022-12-29,sh.600489,7.7900,8.1000,7.7900,8.0500,7.8500,40210407,322011390.3600,0.921700,1,2.547800,19.246509,1.535991,0.708105,-27.826312,0
2022-12-30,sh.600489,8.0700,8.3300,8.0600,8.1900,8.0500,42460180,348691831.6900,0.973300,1,1.739100,19.581231,1.562703,0.720420,-28.310248,0
2023-01-03,sh.600489,8.2000,8.4500,8.1300,8.4100,8.1900,49130561,409474103.2900,1.126200,1,2.686200,20.107223,1.604681,0.739772,-29.070719,0
2023-01-04,sh.600489,8.4000,8.4800,8.3000,8.3400,8.4100,40799404,342169975.9900,0.935200,1,-0.832300,19.939862,1.591324,0.733615,-28.828751,0
2023-01-05,sh.600489,8.3900,8.4900,8.2200,8.2400,8.3400,38797228,322736597.7500,0.889300,1,-1.199000,19.700775,1.572244,0.724818,-28.483082,0
2023-01-06,sh.600489,8.2100,8.3700,8.2000,8.2200,8.2400,27318683,225899431.2300,0.626200,1,-0.242700,19.652957,1.568428,0.723059,-28.413949,0
2023-01-09,sh.600489,8.3700,8.5000,8.3500,8.4100,8.2200,53876294,454216464.8100,1.234900,1,2.311400,20.107223,1.604681,0.739772,-29.070719,0
2023-01-10,sh.600489,8.4200,8.6800,8.3800,8.6400,8.4100,60926048,523511382.0700,1.396500,1,2.734800,20.657123,1.648566,0.760004,-29.865756,0
2023-01-11,sh.600489,8.6100,8.7700,8.5000,8.5500,8.6400,39331360,337961094.0000,0.901500,1,-1.041700,20.441945,1.631394,0.752087,-29.554655,0
2023-01-12,sh.600489,8.5600,8.6100,8.4700,8.4900,8.5500,19495902,166180322.8700,0.446900,1,-0.701800,20.298493,1.619945,0.746809,-29.347254,0
2023-01-13,sh.600489,8.6600,8.6800,8.5200,8.5800,8.4900,23293244,199785942.6800,0.533900,1,1.060100,20.513671,1.637118,0.754726,-29.658355,0
2023-01-16,sh.600489,8.6800,8.7700,8.5500,8.5700,8.5800,41932774,362632152.5100,0.961200,1,-0.116600,20.489762,1.635210,0.753846,-29.623788,0
2023-01-17,sh.600489,8.5500,8.5700,8.3900,8.4900,8.5700,25477560,216008392.4800,0.584000,1,-0.933500,20.298493,1.619945,0.746809,-29.347254,0
2023-01-18,sh.600489,8.4500,8.5300,8.4400,8.5100,8.4900,21139726,179489183.9700,0.484600,1,0.235600,20.346310,1.623761,0.748568,-29.416387,0
2023-01-19,sh.600489,8.4500,8.5400,8.4000,8.4700,8.5100,25484386,215586406.6400,0.584100,1,-0.470000,20.250675,1.616129,0.745050,-29.278120,0
2023-01-20,sh.600489,8.5600,8.7600,8.5300,8.7000,8.4700,38795620,336639703.8400,0.889300,1,2.715500,20.800575,1.660015,0.765281,-30.073157,0
2023-01-30,sh.600489,8.7000,8.7800,8.5500,8.6600,8.7000,41185855,357318663.3700,0.944100,1,-0.459800,20.704941,1.652382,0.761763,-29.934890,0
2023-01-31,sh.600489,8.6200,8.7700,8.6000,8.6400,8.6600,33837990,293696530.4400,0.775600,1,-0.230900,20.657123,1.648566,0.760004,-29.865756,0
2023-02-01,sh.600489,8.6600,9.0400,8.6600,8.8600,8.6400,63851064,568221474.1700,1.463600,1,2.546300,21.183115,1.690544,0.779356,-30.626227,0
2023-02-02,sh.600489,8.9700,9.0400,8.8500,8.9700,8.8600,60633644,543690588.1700,1.389800,1,1.241500,21.446110,1.711532,0.789032,-31.006462,0
2023-02-03,sh.600489,8.9000,8.9000,8.6600,8.8000,8.9700,43724657,382583260.2100,1.002200,1,-1.895200,21.039662,1.679095,0.774078,-30.418826,0
2023-02-06,sh.600489,8.5900,8.5900,8.4100,8.5700,8.8000,49126484,417190357.8500,1.126100,1,-2.613600,20.489762,1.635210,0.753846,-29.623788,0
2023-02-07,sh.600489,8.5700,8.6400,8.5300,8.6200,8.5700,25208249,216434011.3800,0.577800,1,0.583400,20.609306,1.644750,0.758244,-29.796623,0
2023-02-08,sh.600489,8.6400,8.6700,8.4800,8.4900,8.6200,27142830,232413901.9200,0.622200,1,-1.508100,20.298493,1.619945,0.746809,-29.347254,0
2023-02-09,sh.600489,8.4700,8.5600,8.4400,8.5400,8.4900,19794091,168639533.3000,0.453700,1,0.588900,20.418036,1.629486,0.751207,-29.520088,0
2023-02-10,sh.600489,8.4900,8.4900,8.3300,8.3900,8.5400,33261820,279372145.9900,0.762400,1,-1.756400,20.059405,1.600865,0.738013,-29.001585,0
2023-02-13,sh.600489,8.3700,8.5100,8.3500,8.4600,8.3900,25702502,216686060.9300,0.589100,1,0.834300,20.226766,1.614221,0.744170,-29.243553,0
2023-02-14,sh.600489,8.4600,8.5800,8.4400,8.5700,8.4600,34319971,293057616.1500,0.786700,1,1.300200,20.489762,1.635210,0.753846,-29.623788,0
2023-02-15,sh.600489,8.5500,8.6400,8.4700,8.4900,8.5700,27657708,235890364.2500,0.634000,1,-0.933500,20.298493,1.619945,0.746809,-29.347254,0
2023-02-16,sh.600489,8.4200,8.5000,8.2600,8.3300,8.4900,26265669,220625453.4600,0.602100,1,-1.884600,19.915953,1.589416,0.732735,-28.794184,0
2023-02-17,sh.600489,8.3300,8.4700,8.3100,8.4000,8.3300,26658365,224161790.5700,0.611100,1,0.840300,20.083314,1.602773,0.738892,-29.036152,0
2023-02-20,sh.600489,8.4600,8.5900,8.3600,8.5800,8.4000,37314587,317987452.6400,0.855300,1,2.142900,20.513671,1.637118,0.754726,-29.658355,0
2023-02-21,sh.600489,8.5900,8.7300,8.5600,8.7100,8.5800,40139540,348825116.7000,0.920100,1,1.515200,20.824484,1.661923,0.766161,-30.107724,0
2023-02-22,sh.600489,8.6400,8.9700,8.6300,8.8300,8.7100,79148058,700915736.4200,1.814200,1,1.377700,21.111389,1.684819,0.776717,-30.522526,0
2023-02-23,sh.600489,8.8200,8.8700,8.7200,8.7700,8.8300,29250290,257372679.7500,0.670500,1,-0.679500,20.967936,1.673371,0.771439,-30.315125,0
2023-02-24,sh.600489,8.7800,8.7900,8.6800,8.7300,8.7700,23002089,200486017.8000,0.527200,1,-0.456100,20.872301,1.665739,0.767920,-30.176858,0
2023-02-27,sh.600489,8.6900,8.8000,8.6200,8.7000,8.7300,26070797,227064687.9800,0.597600,1,-0.343600,20.800575,1.660015,0.765281,-30.073157,0
2023-02-28,sh.600489,8.7300,8.7700,8.6600,8.7100,8.7000,17874330,155594978.0000,0.409700,1,0.114900,20.824484,1.661923,0.766161,-30.107724,0
2023-03-01,sh.600489,8.7200,8.8200,8.7000,8.7100,8.7100,53981743,471941964.8400,1.237400,1,0.000000,20.824484,1.661923,0.766161,-30.107724,0
2023-03-02,sh.600489,8.7000,8.7500,8.6800,8.7000,8.7100,20370832,177383726.8800,0.466900,1,-0.114800,20.800575,1.660015,0.765281,-30.073157,0
2023-03-03,sh.600489,8.7400,8.7700,8.6700,8.7600,8.7000,24322641,212315556.3200,0.557500,1,0.689700,20.944028,1.671463,0.770559,-30.280559,0
2023-03-06,sh.600489,8.8100,9.0600,8.7700,9.0200,8.7600,60981502,545859688.1400,1.397800,1,2.968000,21.565654,1.721073,0.793430,-31.179297,0
2023-03-07,sh.600489,8.9700,9.5700,8.9500,9.3800,9.0200,112851220,1054765380.5000,2.586800,1,3.991100,22.426367,1.789763,0.825097,-32.423703,0
2023-03-08,sh.600489,9.1200,9.2300,9.0000,9.1400,9.3800,72323389,660046838.8000,1.657800,1,-2.558600,21.852559,1.743969,0.803985,-31.594099,0
2023-03-09,sh.600489,9.1300,9.1900,8.9500,9.0400,9.1400,40215697,364297624.2300,0.921800,1,-1.094100,21.613471,1.724889,0.795189,-31.248430,0
2023-03-10,sh.600489,9.1900,9.4700,9.1200,9.3000,9.0400,71872288,667022226.6800,1.647400,1,2.876100,22.235098,1.774498,0.818059,-32.147168,0
2023-03-13,sh.600489,9.5500,9.7500,9.4800,9.7000,9.3000,112265570,1081694544.4800,2.573300,1,4.301100,23.191446,1.850821,0.853245,-33.529842,0
2023-03-14,sh.600489,9.9700,10.2500,9.8200,9.8400,9.7000,142790184,1427997280.1800,3.273000,1,1.443300,23.526168,1.877534,0.865560,-34.013778,0
2023-03-15,sh.600489,9.7700,10.0000,9.6100,9.8000,9.8400,92054925,902826577.7400,2.110100,1,-0.406500,23.430533,1.869902,0.862041,-33.875511,0
2023-03-16,sh.600489,9.8800,10.0200,9.7600,9.7900,9.8000,91938755,908484971.9300,2.107400,1,-0.102000,23.406624,1.867994,0.861161,-33.840944,0
2023-03-17,sh.600489,9.6300,9.8300,9.5900,9.7600,9.7900,77975601,755881166.0100,1.787300,1,-0.306400,23.334898,1.862269,0.858523,-33.737243,0
2023-03-20,sh.600489,10.0500,10.2700,9.8900,10.2100,9.7600,188183465,1897642629.6300,4.313500,1,4.610700,24.410790,1.948132,0.898106,-35.292751,0
2023-03-21,sh.600489,10.0100,10.1000,9.8800,9.9800,10.2100,93703948,935335034.2200,2.147900,1,-2.252700,23.860890,1.904247,0.877875,-34.497714,0
2023-03-22,sh.600489,9.7700,9.9400,9.6800,9.9100,9.9800,69532380,682349098.0700,1.593800,1,-0.701400,23.693529,1.890890,0.871717,-34.255746,0
2023-03-23,sh.600489,9.9800,10.2000,9.9400,10.1200,9.9100,79541942,801128802.7700,1.823200,1,2.119100,24.195612,1.930960,0.890189,-34.981650,0
2023-03-24,sh.600489,10.1700,10.2300,10.0000,10.0400,10.1200,60162448,607460800.1200,1.379000,1,-0.790500,24.004342,1.915695,0.883152,-34.705115,0
2023-03-27,sh.600489,9.9200,10.1600,9.7800,10.1100,10.0400,63487951,633947243.4600,1.455300,1,0.697200,24.171703,1.929052,0.889310,-34.947083,0
2023-03-28,sh.600489,10.0100,10.0800,9.7500,9.8500,10.1100,52474891,518842184.4400,1.202800,1,-2.571700,23.550077,1.879442,0.866439,-34.048345,0
2023-03-29,sh.600489,9.9500,9.9600,9.7600,9.8000,9.8500,33131012,326620166.3300,0.759400,1,-0.507600,23.430533,1.869902,0.862041,-33.875511,0
2023-03-30,sh.600489,9.7700,9.8400,9.6500,9.8100,9.8000,38117328,371668796.5100,0.873700,1,0.102000,23.454442,1.871810,0.862921,-33.910078,0
2023-03-31,sh.600489,9.9100,10.6900,9.9000,10.5300,9.8100,131777543,1362836298.2200,3.020600,1,7.339400,25.175869,2.009190,0.926254,-36.398891,0
2023-04-03,sh.600489,10.3800,10.4300,10.1600,10.2100,10.5300,69043895,708776040.3000,1.582600,1,-3.038900,24.410790,1.948132,0.898106,-35.292751,0
2023-04-04,sh.600489,10.3500,10.9500,10.3300,10.8900,10.2100,95941834,1027413868.1100,2.199200,1,6.660100,26.036582,2.077880,0.957921,-37.643297,0
2023-04-06,sh.600489,11.2000,11.5700,11.0800,11.3800,10.8900,139807076,1589626547.7000,3.204600,1,4.499500,27.208109,2.171376,1.001023,-39.337073,0
2023-04-07,sh.600489,11.1800,11.6800,11.1800,11.4400,11.3800,87111959,993364935.6900,1.996800,1,0.527200,27.351561,2.182824,1.006301,-39.544474,0
2023-04-10,sh.600489,11.4000,11.6200,11.1800,11.4000,11.4400,71672222,817813612.8300,1.642900,1,-0.349700,27.255926,2.175192,1.002783,-39.406206,0
2023-04-11,sh.600489,11.3200,12.0500,11.2000,12.0000,11.4000,115438406,1348510838.2100,2.646100,1,5.263200,28.690449,2.289675,1.055561,-41.480217,0
2023-04-12,sh.600489,12.0200,12.5100,11.8600,12.2400,12.0000,120203842,1467940663.2500,2.755300,1,2.000000,29.264258,2.335469,1.076672,-42.309822,0
2023-04-13,sh.600489,12.2300,12.4400,11.8100,12.0700,12.2400,116487615,1410449104.7600,2.670100,1,-1.388900,28.857810,2.303032,1.061718,-41.722185,0
2023-04-14,sh.600489,12.3300,12.5000,12.1300,12.2600,12.0700,94683027,1168277890.5300,2.170300,1,1.574200,29.312075,2.339285,1.078431,-42.378955,0
2023-04-17,sh.600489,11.7200,12.1600,11.6500,12.0400,12.2600,115951136,1388172117.4000,2.657800,1,-1.794500,28.786084,2.297308,1.059079,-41.618485,0
2023-04-18,sh.600489,11.9500,12.1300,11.8200,11.9700,12.0400,60527113,724227316.8300,1.387400,1,-0.581400,28.618723,2.283951,1.052922,-41.376517,0
2023-04-19,sh.600489,11.9700,12.1200,11.7500,11.7900,11.9700,63099645,749406912.3400,1.446400,1,-1.503800,28.188366,2.249606,1.037088,-40.754313,0
2023-04-20,sh.600489,11.7000,11.8600,11.4000,11.6700,11.7900,98747982,1144498910.3000,2.263500,1,-1.017800,27.901461,2.226709,1.026533,-40.339511,0
2023-04-21,sh.600489,11.7200,11.7700,11.4600,11.5000,11.6700,60126325,699831200.3500,1.378200,1,-1.456700,27.495013,2.194272,1.011579,-39.751875,0
2023-04-24,sh.600489,11.4300,11.5600,11.1800,11.2500,11.5000,66214203,749885410.3800,1.517700,1,-2.173900,26.897296,2.146571,0.989588,-38.887704,0
2023-04-25,sh.600489,11.4700,11.7700,11.4100,11.7300,11.2500,93090058,1085579712.0100,2.133800,1,4.266700,28.044914,2.238158,1.031810,-40.546912,0
2023-04-26,sh.600489,11.6400,11.8300,11.3900,11.6100,11.7300,69922568,809569668.4100,1.602800,1,-1.023000,27.758009,2.215261,1.021255,-40.132110,0
2023-04-27,sh.600489,11.3600,12.0800,11.2600,11.9300,11.6100,99569245,1174314213.8200,2.282300,1,2.756200,26.073616,2.184775,1.016866,25.399883,0
2023-04-28,sh.600489,11.7100,12.0200,11.6100,11.9200,11.9300,73441079,872402700.5300,1.683400,1,-0.083800,26.051761,2.182944,1.016013,25.378592,0
2023-05-04,sh.600489,12.6000,12.7200,12.3100,12.4200,11.9200,101969086,1273393471.0400,2.337300,1,4.194600,27.144536,2.274510,1.058631,26.443131,0
2023-05-05,sh.600489,12.5200,12.7700,12.1100,12.2100,12.4200,66101427,816687399.3300,1.515200,1,-1.690800,26.685570,2.236052,1.040732,25.996025,0
2023-05-08,sh.600489,11.9600,12.2200,11.6800,12.2000,12.2100,66867831,804560360.0000,1.532700,1,-0.081900,26.663715,2.234221,1.039879,25.974734,0
2023-05-09,sh.600489,12.1700,12.2000,11.8500,11.8800,12.2000,53542381,643671171.3300,1.227300,1,-2.623000,25.964339,2.175618,1.012604,25.293429,0
2023-05-10,sh.600489,12.0900,12.3700,11.7600,11.8900,11.8800,64730266,778212292.4100,1.483700,1,0.084200,25.986194,2.177450,1.013456,25.314720,0
2023-05-11,sh.600489,11.9100,12.1200,11.5000,11.6500,11.8900,66422489,778722308.3300,1.370300,1,-2.018500,25.461662,2.133498,0.993000,24.803742,0
2023-05-12,sh.600489,11.4500,11.4900,11.0300,11.0700,11.6500,104753645,1173422568.4600,2.161100,1,-4.978500,24.194043,2.027281,0.943563,23.568877,0
2023-05-15,sh.600489,11.1300,11.1800,10.8600,11.0700,11.0700,62979645,693079444.3800,1.299300,1,0.000000,24.194043,2.027281,0.943563,23.568877,0
2023-05-16,sh.600489,11.1100,11.1500,10.8400,10.9000,11.0700,38752034,425151401.5100,0.799500,1,-1.535700,23.822499,1.996148,0.929072,23.206934,0
2023-05-17,sh.600489,10.6900,10.8800,10.6300,10.7700,10.9000,51515828,553467093.2300,1.062800,1,-1.192700,23.538378,1.972341,0.917992,22.930154,0
2023-05-18,sh.600489,10.7700,10.9200,10.7100,10.8300,10.7700,58252259,629702585.1800,1.201700,1,0.557100,23.669511,1.983329,0.923106,23.057899,0
2023-05-19,sh.600489,10.6800,10.8100,10.4800,10.7800,10.8300,57200737,609756731.8600,1.180100,1,-0.461700,23.560233,1.974172,0.918844,22.951445,0
2023-05-22,sh.600489,10.8500,10.8900,10.6900,10.7800,10.7800,39487374,424915858.0400,0.814600,1,0.000000,23.560233,1.974172,0.918844,22.951445,0
2023-05-23,sh.600489,10.7000,10.7200,10.4000,10.4100,10.7800,64404227,675265958.4200,1.328700,1,-3.432300,22.751580,1.906413,0.887307,22.163687,0
2023-05-24,sh.600489,10.5600,10.5800,10.3400,10.3900,10.4100,49126480,514142005.9100,1.013500,1,-0.192100,22.707869,1.902750,0.885602,22.121105,0
2023-05-25,sh.600489,10.2200,10.2900,10.1400,10.2600,10.3900,46301528,473326336.2900,0.955200,1,-1.251200,22.423747,1.878943,0.874521,21.844325,0
2023-05-26,sh.600489,10.1000,10.5300,10.0900,10.4300,10.2600,47220932,488040896.5500,0.974200,1,1.656900,22.795291,1.910076,0.889012,22.206268,0
2023-05-29,sh.600489,10.3600,10.5100,10.3300,10.4900,10.4300,32013787,334006814.8900,0.660400,1,0.575300,22.926424,1.921064,0.894126,22.334013,0
2023-05-30,sh.600489,10.4100,10.6900,10.4000,10.6200,10.4900,37420953,395159671.1400,0.772000,1,1.239300,23.210545,1.944871,0.905206,22.610793,0
2023-05-31,sh.600489,10.9000,11.2300,10.9000,11.2300,10.6200,94461214,1043743323.6100,1.948700,1,5.743900,24.543731,2.056582,0.957200,23.909529,0
2023-06-01,sh.600489,11.0700,11.4100,10.9800,11.1500,11.2300,79857975,891976225.4100,1.647500,1,-0.712400,24.368887,2.041931,0.950381,23.739203,0
2023-06-02,sh.600489,11.2800,11.8000,11.2800,11.5300,11.1500,79188318,914266722.7900,1.633700,1,3.408100,25.199396,2.111522,0.982771,24.548252,0
2023-06-05,sh.600489,11.2700,11.3100,11.0300,11.0400,11.5300,44795443,499842826.3600,0.924100,1,-4.249800,24.128476,2.021787,0.941006,23.505005,0
2023-06-06,sh.600489,11.1500,11.3800,11.0900,11.1300,11.0400,50427490,567341446.8700,1.040300,1,0.815200,24.325176,2.038269,0.948677,23.696622,0
2023-06-07,sh.600489,11.2000,11.2400,11.0400,11.1000,11.1300,22447811,249442593.5500,0.463100,1,-0.269500,24.259609,2.032775,0.946120,23.632750,0
2023-06-08,sh.600489,10.9100,11.0400,10.7000,10.9600,11.1000,43887105,477305663.6700,0.905400,1,-1.261300,23.953632,2.007136,0.934187,23.334679,0
2023-06-09,sh.600489,11.1100,11.2800,10.9100,11.2000,10.9600,39627188,440918819.4100,0.817500,1,2.189800,24.478164,2.051088,0.954643,23.845657,0
2023-06-12,sh.600489,11.1100,11.1300,10.8600,10.9800,11.2000,32188037,352755011.7700,0.664000,1,-1.964300,23.997343,2.010799,0.935891,23.377260,0
2023-06-13,sh.600489,10.9500,10.9500,10.7900,10.9100,10.9800,25433146,276241198.2700,0.524700,1,-0.637500,23.844355,1.997980,0.929925,23.228225,0
2023-06-14,sh.600489,10.7900,10.8500,10.6100,10.7600,10.9100,42953219,459880194.1500,0.886100,1,-1.374900,23.516522,1.970510,0.917139,22.908864,0
2023-06-15,sh.600489,10.5500,10.5500,10.1500,10.3700,10.7600,81038353,837237593.2200,1.671800,1,-3.624500,22.664158,1.899088,0.883897,22.078524,0
2023-06-16,sh.600489,10.4300,10.5600,10.4000,10.4900,10.3700,41160700,430981701.7000,0.849100,1,1.157200,22.926424,1.921064,0.894126,22.334013,0
2023-06-19,sh.600489,10.4600,10.4600,10.1200,10.3500,10.4900,48930220,501715939.8600,1.009400,1,-1.334600,22.620447,1.895425,0.882193,22.035942,0
2023-06-20,sh.600489,10.2600,10.4300,10.1800,10.3600,10.3500,41021625,423153326.3400,0.846300,1,0.096600,22.642302,1.897256,0.883045,22.057233,0
2023-06-21,sh.600489,10.2600,10.2900,10.0200,10.0500,10.3600,42581348,430709853.6500,0.878500,1,-2.992300,21.964781,1.840485,0.856622,21.397219,0
2023-06-26,sh.600489,9.9500,10.3500,9.8900,10.1900,10.0500,58870035,601710491.6300,1.214500,1,1.393000,22.270758,1.866124,0.868555,21.695290,0
2023-06-27,sh.600489,10.1100,10.6000,10.0700,10.5100,10.1900,54245777,565166233.4500,1.119100,1,3.140300,22.970135,1.924726,0.895830,22.376594,0
2023-06-28,sh.600489,10.4200,10.4800,10.2900,10.3500,10.5100,28500635,295384396.5400,0.588000,1,-1.522400,22.620447,1.895425,0.882193,22.035942,0
2023-06-29,sh.600489,10.3000,10.4800,10.2100,10.4400,10.3500,33688899,350965650.6400,0.695000,1,0.869600,22.817146,1.911907,0.889864,22.227559,0
2023-06-30,sh.600489,10.4600,10.5000,10.3200,10.3300,10.4400,30802113,320286095.0300,0.635400,1,-1.053600,22.576736,1.891762,0.880488,21.993361,0
2023-07-03,sh.600489,10.4000,10.7200,10.3600,10.6200,10.3300,38056844,402265010.5700,0.785100,1,2.807400,23.210545,1.944871,0.905206,22.610793,0
2023-07-04,sh.600489,10.7100,10.7200,10.4100,10.5100,10.6200,27111417,284025649.4700,0.559300,1,-1.035800,22.970135,1.924726,0.895830,22.376594,0
2023-07-05,sh.600489,10.4900,10.7400,10.4400,10.7200,10.5100,39888588,425297056.1100,0.822900,1,1.998100,23.429100,1.963184,0.913730,22.823700,0
2023-07-06,sh.600489,10.6200,10.7000,10.4900,10.6500,10.7200,25995220,275807648.3700,0.536300,1,-0.653000,23.276112,1.950365,0.907763,22.674665,0
2023-07-07,sh.600489,10.5200,10.6000,10.3000,10.5400,10.6500,26094013,273294221.9900,0.538300,1,-1.032900,23.035701,1.930220,0.898388,22.440467,0
2023-07-10,sh.600489,10.6800,10.8100,10.6000,10.6400,10.5400,27787697,297028321.7000,0.573300,1,0.948800,23.254256,1.948534,0.906911,22.653374,0
2023-07-11,sh.600489,10.7000,10.8900,10.5800,10.8600,10.6400,29413204,317475617.7900,0.606800,1,2.067700,23.735077,1.988823,0.925663,23.121771,0
2023-07-12,sh.600489,10.8100,11.0900,10.8000,10.9800,10.8600,45494026,499879904.4200,0.938500,1,1.105000,23.997343,2.010799,0.935891,23.377260,0
2023-07-13,sh.600489,11.3100,11.3900,11.0200,11.0700,10.9800,67772827,759176183.8400,1.398200,1,0.819700,24.194043,2.027281,0.943563,23.568877,0
2023-07-14,sh.600489,10.8800,10.9900,10.6700,10.7000,10.7900,41830368,452774617.9400,0.863000,1,-0.834100,23.385389,1.959522,0.912025,22.781119,0
2023-07-17,sh.600489,10.7000,10.9000,10.4600,10.8300,10.7000,37569518,403819759.8400,0.775100,1,1.215000,23.669511,1.983329,0.923106,23.057899,0
2023-07-18,sh.600489,10.7600,11.0700,10.7600,10.9000,10.8300,35205574,385218724.3200,0.726300,1,0.646400,23.822499,1.996148,0.929072,23.206934,0
2023-07-19,sh.600489,11.0800,11.3300,10.9600,11.2400,10.9000,59852418,668365176.8100,1.234800,1,3.119300,24.565586,2.058413,0.958053,23.930820,0
2023-07-20,sh.600489,11.2000,11.3600,11.0600,11.1100,11.2400,50501598,566833004.6500,1.041800,1,-1.156600,24.281465,2.034606,0.946972,23.654040,0
2023-07-21,sh.600489,11.0100,11.2300,10.9500,11.1300,11.1100,32472971,360768049.5600,0.669900,1,0.180000,24.325176,2.038269,0.948677,23.696622,0
2023-07-24,sh.600489,11.0800,11.1800,10.8800,10.9600,11.1300,36485743,401173333.1500,0.752700,1,-1.527400,23.953632,2.007136,0.934187,23.334679,0
2023-07-25,sh.600489,10.9500,11.0500,10.7600,10.9100,10.9600,51514098,560082850.9000,1.062700,1,-0.456200,23.844355,1.997980,0.929925,23.228225,0
2023-07-26,sh.600489,10.9300,11.1100,10.8600,11.0400,10.9100,43983587,482332653.2500,0.907400,1,1.191600,24.128476,2.021787,0.941006,23.505005,0
2023-07-27,sh.600489,11.0000,11.1800,10.8800,10.9300,11.0400,34482517,379503746.9400,0.711400,1,-0.996400,23.888066,2.001642,0.931630,23.270807,0
2023-07-28,sh.600489,10.7300,10.7400,10.5700,10.6200,10.9300,68149642,724619743.3400,1.405900,1,-2.836200,23.210545,1.944871,0.905206,22.610793,0
2023-07-31,sh.600489,10.6800,10.8300,10.6000,10.6400,10.6200,49517736,529583397.9200,1.021600,1,0.188300,23.254256,1.948534,0.906911,22.653374,0
2023-08-01,sh.600489,10.7400,10.9800,10.7000,10.8400,10.6400,48382347,525327176.9000,0.998100,1,1.879700,23.691366,1.985160,0.923958,23.079190,0
2023-08-02,sh.600489,10.7400,10.7500,10.6000,10.6700,10.8400,31865989,339246396.8400,0.657400,1,-1.568300,23.319823,1.954028,0.909468,22.717247,0
2023-08-03,sh.600489,10.5400,10.6200,10.5100,10.5600,10.6700,26861199,283622063.3500,0.554100,1,-1.030900,23.079412,1.933883,0.900092,22.483048,0
2023-08-04,sh.600489,10.5900,10.6900,10.5500,10.6200,10.5600,29813531,316721349.0000,0.615100,1,0.568200,23.210545,1.944871,0.905206,22.610793,0
2023-08-07,sh.600489,10.6300,10.7900,10.5800,10.7700,10.6200,32087731,343991788.9600,0.662000,1,1.412400,23.538378,1.972341,0.917992,22.930154,0
2023-08-08,sh.600489,10.7000,11.0800,10.6400,11.0000,10.7700,46425419,507456459.2200,0.957800,1,2.135600,24.041054,2.014461,0.937596,23.419842,0
2023-08-09,sh.600489,10.9000,11.2300,10.8900,10.9300,11.0000,35703873,393583946.3300,0.736600,1,-0.636400,23.888066,2.001642,0.931630,23.270807,0
2023-08-10,sh.600489,10.8600,10.9400,10.7700,10.8300,10.9300,19792809,214184102.9300,0.408300,1,-0.914900,23.669511,1.983329,0.923106,23.057899,0
2023-08-11,sh.600489,10.8400,10.8900,10.6200,10.6500,10.8300,25372373,272268651.0800,0.523400,1,-1.662000,23.276112,1.950365,0.907763,22.674665,0
2023-08-14,sh.600489,10.6000,10.8000,10.5900,10.7000,10.6500,26803214,286722798.1800,0.552900,1,0.469500,23.385389,1.959522,0.912025,22.781119,0
2023-08-15,sh.600489,10.6300,10.7000,10.4300,10.5800,10.7000,26263026,277778560.7900,0.541800,1,-1.121500,23.123123,1.937546,0.901797,22.525630,0
2023-08-16,sh.600489,10.6000,10.6100,10.2700,10.3700,10.5800,31596178,328322751.6300,0.651800,1,-1.984900,22.664158,1.899088,0.883897,22.078524,0
2023-08-17,sh.600489,10.3000,10.5000,10.1300,10.4700,10.3700,24572454,253787416.2400,0.506900,1,0.964300,22.882713,1.917401,0.892421,22.291431,0
2023-08-18,sh.600489,10.4100,10.5100,10.2300,10.2300,10.4700,21853727,226268481.8400,0.450800,1,-2.292300,22.358180,1.873449,0.871964,21.780453,0
2023-08-21,sh.600489,10.2500,10.3600,10.1900,10.2200,10.2300,19891580,204312082.5400,0.410400,1,-0.097800,22.336325,1.871618,0.871112,21.759162,0
2023-08-22,sh.600489,10.2500,10.5700,10.2500,10.5400,10.2200,33405388,349362201.9200,0.689200,1,3.131100,23.035701,1.930220,0.898388,22.440467,0
2023-08-23,sh.600489,10.5600,10.6900,10.5000,10.5500,10.5400,23783357,251681074.8500,0.490700,1,0.094900,23.057557,1.932052,0.899240,22.461757,0
2023-08-24,sh.600489,10.7800,11.1300,10.6800,11.0800,10.5500,85763365,940769742.9300,1.769300,1,5.023700,24.215898,2.029112,0.944415,23.590168,0
2023-08-25,sh.600489,11.0300,11.0400,10.8200,10.8800,11.0800,41661400,454838479.5100,0.859500,1,-1.805100,23.778788,1.992486,0.927368,23.164353,0
2023-08-28,sh.600489,11.1600,11.2000,10.6200,10.8000,10.8800,59291523,639809763.3400,1.223200,1,-0.735300,23.603944,1.977835,0.920549,22.994027,0
2023-08-29,sh.600489,10.8600,10.9700,10.6900,10.9000,10.8000,45770265,498294210.4600,0.944200,1,0.925900,22.173666,2.034514,0.865407,191.443704,0
2023-08-30,sh.600489,11.0900,11.1800,10.9600,11.0000,10.9000,43710444,482917779.8200,0.901700,1,0.917400,22.377094,2.053179,0.873347,193.200068,0
2023-08-31,sh.600489,11.0700,11.2900,11.0600,11.1200,11.0000,48654984,543738838.5400,1.003800,1,1.090900,22.621207,2.075578,0.882874,195.307706,0
2023-09-01,sh.600489,11.0500,11.1600,11.0100,11.1500,11.1200,30095475,333717494.8100,0.620900,1,0.269800,22.682236,2.081177,0.885256,195.834615,0
2023-09-04,sh.600489,11.1300,11.3500,11.0900,11.2300,11.1500,47869384,538208680.7000,0.987500,1,0.717500,22.844978,2.096109,0.891608,197.239706,0
2023-09-05,sh.600489,11.1300,11.2500,11.0900,11.2300,11.2300,28238478,315583043.4000,0.582600,1,0.000000,22.844978,2.096109,0.891608,197.239706,0
2023-09-06,sh.600489,11.1200,11.1900,10.9900,11.0000,11.2300,29988184,331952850.4200,0.618700,1,-2.048100,22.377094,2.053179,0.873347,193.200068,0
2023-09-07,sh.600489,10.9400,11.0800,10.9000,10.9500,11.0000,28964828,318395638.8000,0.597500,1,-0.454500,22.275380,2.043847,0.869377,192.321886,0
2023-09-08,sh.600489,11.1200,11.2900,11.0300,11.1000,10.9500,38245584,426543414.6600,0.789000,1,1.369900,22.580522,2.071845,0.881286,194.956433,0
2023-09-11,sh.600489,11.0800,11.4600,11.0500,11.3500,11.1000,67253302,760590025.2100,1.387400,1,2.252300,23.089092,2.118508,0.901135,199.347343,0
2023-09-12,sh.600489,11.2800,11.4300,11.1900,11.2100,11.3500,32492610,366840895.1200,0.670300,1,-1.233500,22.804293,2.092376,0.890020,196.888433,0
2023-09-13,sh.600489,11.1900,11.2700,11.1100,11.2100,11.2100,27700035,310033713.8400,0.571500,1,0.000000,22.804293,2.092376,0.890020,196.888433,0
2023-09-14,sh.600489,11.2700,11.7200,11.2700,11.6700,11.2100,92872590,1076448773.1900,1.916000,1,4.103500,23.740062,2.178237,0.926541,204.967709,0
2023-09-15,sh.600489,11.7600,11.9000,11.4900,11.6100,11.6700,98805123,1154130288.9100,2.038300,1,-0.514100,23.618005,2.167037,0.921778,203.913890,0
2023-09-18,sh.600489,11.5800,11.6300,11.3500,11.4300,11.6100,55972621,639894620.6200,1.154700,1,-1.550400,23.251835,2.133440,0.907487,200.752435,0
2023-09-19,sh.600489,11.4600,11.6000,11.3900,11.4900,11.4300,36505492,419610433.3100,0.753100,1,0.524900,23.373891,2.144639,0.912250,201.806253,0
2023-09-20,sh.600489,11.5000,11.5900,11.3800,11.5400,11.4900,36650742,421864501.8100,0.756100,1,0.435200,23.475606,2.153972,0.916220,202.684435,0
2023-09-21,sh.600489,11.4400,11.5500,11.3000,11.3300,11.5400,37464504,426232792.3900,0.772900,1,-1.819800,23.048406,2.114775,0.899547,198.996070,0
2023-09-22,sh.600489,11.3200,11.3800,11.1400,11.2800,11.3300,38169957,428789325.2100,0.787400,1,-0.441300,22.946692,2.105442,0.895577,198.117888,0
2023-09-25,sh.600489,11.2200,11.4500,11.2000,11.3100,11.2800,30481926,346024429.2000,0.628800,1,0.266000,23.007721,2.111042,0.897959,198.644798,0
2023-09-26,sh.600489,11.2500,11.3600,11.1900,11.2400,11.3100,24102937,271651039.3900,0.497200,1,-0.618900,22.865321,2.097976,0.892401,197.415343,0
2023-09-27,sh.600489,11.1800,11.2600,10.9600,11.0700,11.2400,38837053,430441675.0200,0.801200,1,-1.512500,22.519493,2.066245,0.878904,194.429523,0
2023-09-28,sh.600489,10.8400,11.0000,10.7600,10.9400,11.0700,35241402,384339336.3500,0.727000,1,-1.174300,22.255037,2.041980,0.868583,192.146250,0
2023-10-09,sh.600489,10.7900,11.1000,10.6600,11.0500,10.9400,52702615,574517262.7400,1.087300,1,1.005500,22.478808,2.062512,0.877316,194.078251,0
2023-10-10,sh.600489,11.0700,11.2200,10.9800,11.1400,11.0500,46375317,515463426.8800,0.956700,1,0.814500,22.661893,2.079311,0.884462,195.658978,0
2023-10-11,sh.600489,11.1700,11.2100,10.6900,10.7900,11.1400,57640849,626168421.6600,1.189100,1,-3.141800,21.949895,2.013982,0.856674,189.511703,0
2023-10-12,sh.600489,10.8400,11.0300,10.8400,10.9800,10.7900,32864587,360125447.1700,0.678000,1,1.760900,22.336408,2.049446,0.871759,192.848796,0
2023-10-13,sh.600489,10.8800,10.9900,10.7800,10.9100,10.9800,24664086,268016352.3000,0.508800,1,-0.637500,22.194008,2.036381,0.866201,191.619341,0
2023-10-16,sh.600489,11.2500,11.3000,11.0500,11.0900,10.9100,53284698,594593890.2200,1.099300,1,1.649900,22.560179,2.069978,0.880492,194.780796,0
2023-10-17,sh.600489,11.0800,11.1200,10.8700,11.1000,11.0900,33662684,370009100.1100,0.694500,1,0.090200,22.580522,2.071845,0.881286,194.956433,0
2023-10-18,sh.600489,11.1700,11.3000,11.0200,11.0200,11.1000,38306346,426918620.9500,0.790300,1,-0.720700,22.417779,2.056912,0.874935,193.551341,0
2023-10-19,sh.600489,11.0900,11.1200,10.8700,10.9700,11.0200,35755053,392729340.7100,0.737600,1,-0.453700,22.316065,2.047580,0.870965,192.673159,0
2023-10-20,sh.600489,11.0600,11.2400,10.8800,10.9100,10.9700,49707163,548439283.9700,1.025500,1,-0.546900,22.194008,2.036381,0.866201,191.619341,0
2023-10-23,sh.600489,10.7100,10.8600,10.6200,10.7400,10.9100,46452733,498683171.5000,0.958300,1,-1.558200,21.848181,2.004650,0.852704,188.633521,0
2023-10-24,sh.600489,10.6800,10.8700,10.6800,10.7800,10.7400,27615467,297894214.5100,0.569700,1,0.372400,21.929552,2.012116,0.855880,189.336067,0
2023-10-25,sh.600489,10.7700,10.9000,10.6800,10.7500,10.7800,29288970,315678468.5700,0.604200,1,-0.278300,21.868523,2.006516,0.853498,188.809158,0
2023-10-26,sh.600489,10.7500,11.1500,10.7000,11.1200,10.7500,48245737,530882604.4500,0.995300,1,3.441900,22.621207,2.075578,0.882874,195.307706,0
2023-10-27,sh.600489,11.0500,11.2900,11.0000,11.1500,11.1200,35523684,396330040.1900,0.732900,1,0.269800,22.682236,2.081177,0.885256,195.834615,0
2023-10-30,sh.600489,11.3000,11.3600,10.8700,10.9000,11.1500,57132505,632203634.0300,1.178600,1,-2.242200,20.124607,2.121588,0.843080,-2275.649704,0
2023-10-31,sh.600489,10.8500,11.0300,10.8200,10.9500,10.9000,39922087,436141675.5600,0.823600,1,0.458700,20.216921,2.131320,0.846947,-2286.088464,0
2023-11-01,sh.600489,10.8600,10.9300,10.8000,10.8500,10.9500,26516160,288005175.7000,0.547000,1,-0.913200,20.032292,2.111856,0.839212,-2265.210944,0
2023-11-02,sh.600489,10.8600,10.8900,10.6600,10.6800,10.8500,24657498,265183582.6300,0.508700,1,-1.566800,19.718422,2.078767,0.826063,-2229.719159,0
2023-11-03,sh.600489,10.6400,10.6700,10.5000,10.5400,10.6800,42736870,451211179.1500,0.881700,1,-1.310900,19.459941,2.051518,0.815235,-2200.490631,0
2023-11-06,sh.600489,10.5600,10.6100,10.3200,10.3900,10.5400,51610460,536987040.9700,1.064700,1,-1.423100,19.182997,2.022321,0.803633,-2169.174351,0
2023-11-07,sh.600489,10.3000,10.3800,10.1500,10.3600,10.3900,53308627,546937032.0400,1.099800,1,-0.288700,19.127608,2.016482,0.801312,-2162.911095,0
2023-11-08,sh.600489,10.2900,10.3500,10.2200,10.3100,10.3600,33872836,348128514.7400,0.698800,1,-0.482600,19.035293,2.006750,0.797445,-2152.472335,0
2023-11-09,sh.600489,10.2400,10.3100,10.2100,10.2400,10.3100,27464171,281528644.7300,0.566600,1,-0.679000,18.906052,1.993125,0.792031,-2137.858070,0
2023-11-10,sh.600489,10.2300,10.4300,10.1900,10.3900,10.2400,36161639,373123916.8900,0.746000,1,1.464800,19.182997,2.022321,0.803633,-2169.174351,0
2023-11-13,sh.600489,10.2700,10.4100,10.1500,10.4100,10.3900,38424869,394495384.6200,0.792700,1,0.192500,19.219922,2.026214,0.805180,-2173.349855,0
2023-11-14,sh.600489,10.3500,10.4200,10.2800,10.3000,10.4100,35291084,364520919.4400,0.728100,1,-1.056700,19.016830,2.004804,0.796672,-2150.384583,0
2023-11-15,sh.600489,10.4100,10.5500,10.3300,10.4200,10.3000,47141066,491532815.8100,0.972500,1,1.165000,19.238385,2.028161,0.805953,-2175.437607,0
2023-11-16,sh.600489,10.3500,10.3800,10.2700,10.3400,10.4200,22635557,233492833.2100,0.467000,1,-0.767800,19.090682,2.012589,0.799766,-2158.735591,0
2023-11-17,sh.600489,10.5000,10.6000,10.3600,10.5600,10.3400,55047083,578186577.7200,1.135600,1,2.127700,19.496867,2.055410,0.816782,-2204.666135,0
2023-11-20,sh.600489,10.4800,10.5500,10.4100,10.4800,10.5600,28197980,295377812.9300,0.581700,1,-0.757600,19.349163,2.039839,0.810594,-2187.964119,0
2023-11-21,sh.600489,10.4800,10.5900,10.4700,10.5000,10.4800,24027930,253205202.0400,0.495700,1,0.190800,19.386089,2.043732,0.812141,-2192.139623,0
2023-11-22,sh.600489,10.5100,10.5900,10.3700,10.3700,10.5000,27380173,286145098.6700,0.564900,1,-1.238100,19.146071,2.018429,0.802086,-2164.998847,0
2023-11-23,sh.600489,10.2900,10.3500,10.2500,10.3200,10.3700,24826448,255633229.7200,0.512200,1,-0.482200,19.053756,2.008696,0.798219,-2154.560087,0
2023-11-24,sh.600489,10.3100,10.3400,10.1800,10.2100,10.3200,24860035,254709908.2600,0.512900,1,-1.065900,18.850664,1.987286,0.789710,-2131.594814,0
2023-11-27,sh.600489,10.3900,10.6000,10.3200,10.5900,10.2100,61933363,651185849.0400,1.277700,1,3.721800,19.552255,2.061250,0.819102,-2210.929391,0
2023-11-28,sh.600489,10.5900,10.6700,10.4300,10.5800,10.5900,42176496,446204858.2200,0.870100,1,-0.094400,19.533793,2.059303,0.818329,-2208.841639,0
2023-11-29,sh.600489,10.8500,10.9200,10.7300,10.8700,10.5800,58498390,634734545.6100,1.206800,1,2.741000,20.069218,2.115749,0.840759,-2269.386448,0
2023-11-30,sh.600489,10.8500,10.8800,10.7200,10.7700,10.8700,28922645,312031265.1700,0.596700,1,-0.920000,19.884588,2.096285,0.833025,-2248.508928,0
2023-12-01,sh.600489,10.7800,10.7900,10.6500,10.6900,10.7700,31377637,335681582.6000,0.647300,1,-0.742800,19.736885,2.080714,0.826837,-2231.806911,0
2023-12-04,sh.600489,11.0500,11.1000,10.9000,10.9200,10.6900,61129004,673323539.8100,1.261100,1,2.151500,20.161533,2.125481,0.844627,-2279.825208,0
2023-12-05,sh.600489,10.7100,10.7500,10.5000,10.5900,10.9200,38391997,409558973.3600,0.792000,1,-3.022000,19.552255,2.061250,0.819102,-2210.929391,0
2023-12-06,sh.600489,10.5200,10.6200,10.3700,10.5900,10.5900,34372432,361526014.6000,0.709100,1,0.000000,19.552255,2.061250,0.819102,-2210.929391,0
2023-12-07,sh.600489,10.5800,10.7100,10.5100,10.6700,10.5900,30872316,327851663.7500,0.636900,1,0.755400,19.699959,2.076821,0.825290,-2227.631407,0
2023-12-08,sh.600489,10.6900,10.7200,10.5400,10.6000,10.6700,68190307,724763719.8800,1.406800,1,-0.656000,19.570718,2.063196,0.819876,-2213.017143,0
2023-12-11,sh.600489,10.4600,10.4800,10.1400,10.2600,10.6000,63952664,654001261.8300,1.319300,1,-3.207500,18.942978,1.997018,0.793578,-2142.033574,0
2023-12-12,sh.600489,10.1700,10.2100,10.0800,10.2000,10.2600,39185747,397466399.7500,0.808400,1,-0.584800,18.832201,1.985340,0.788937,-2129.507062,0
2023-12-13,sh.600489,10.1200,10.2100,10.0300,10.0500,10.2000,33386700,337686174.8900,0.688800,1,-1.470600,18.555257,1.956143,0.777335,-2098.190782,0
2023-12-14,sh.600489,10.3000,10.3300,10.0600,10.0700,10.0500,40122020,407614864.1100,0.827700,1,0.199000,18.592182,1.960036,0.778882,-2102.366286,0
2023-12-15,sh.600489,10.1100,10.2100,9.8900,9.9100,10.0700,49187813,492683549.3900,1.014700,1,-1.588900,18.296775,1.928894,0.766506,-2068.962254,0
2023-12-18,sh.600489,9.8100,9.8300,9.6900,9.7200,9.9100,44038109,429845185.7700,0.908500,1,-1.917300,17.945980,1.891912,0.751811,-2029.294965,0
2023-12-19,sh.600489,9.7200,9.7400,9.6100,9.7100,9.7200,28186476,272929790.7800,0.581500,1,-0.102900,17.927517,1.889965,0.751037,-2027.207213,0
2023-12-20,sh.600489,9.7000,9.9400,9.7000,9.8100,9.7100,36332725,357200800.3000,0.749500,1,1.029900,18.112146,1.909429,0.758772,-2048.084733,0
2023-12-21,sh.600489,9.7500,9.7900,9.5700,9.7500,9.8100,35830262,346385306.5600,0.739200,1,-0.611600,18.001368,1.897751,0.754131,-2035.558221,0
2023-12-22,sh.600489,9.8000,9.8700,9.7000,9.7400,9.7500,33384383,326157789.1000,0.688700,1,-0.102600,17.982905,1.895805,0.753358,-2033.470469,0
2023-12-25,sh.600489,9.7100,9.8600,9.7000,9.8500,9.7400,22652360,221777532.5600,0.467300,1,1.129400,18.185998,1.917215,0.761866,-2056.435742,0
2023-12-26,sh.600489,9.8500,10.0200,9.8200,9.9500,9.8500,37527770,372712516.2300,0.774200,1,1.015200,18.370627,1.936679,0.769600,-2077.313262,0
2023-12-27,sh.600489,9.9400,10.0300,9.8700,10.0000,9.9500,25404782,252735790.8400,0.524100,1,0.502500,18.462942,1.946411,0.773468,-2087.752022,0
2023-12-28,sh.600489,10.1100,10.1200,9.9900,10.0300,10.0000,48411956,486410418.2000,0.998700,1,0.300000,18.518331,1.952251,0.775788,-2094.015278,0
2023-12-29,sh.600489,9.9100,9.9800,9.8700,9.9600,10.0300,37719169,374379146.6700,0.778100,1,-0.697900,18.389090,1.938626,0.770374,-2079.401014,0
2024-01-02,sh.600489,9.9300,10.1800,9.9100,10.1300,9.9600,44615899,450351366.8300,0.920400,1,1.706800,18.702960,1.971715,0.783523,-2114.892798,0
2024-01-03,sh.600489,10.0500,10.1500,10.0300,10.1000,10.1300,19561946,197254031.2100,0.403600,1,-0.296200,18.647571,1.965875,0.781202,-2108.629542,0
2024-01-04,sh.600489,10.0100,10.1000,9.9700,10.0700,10.1000,19730439,197935354.2900,0.407000,1,-0.297000,18.592182,1.960036,0.778882,-2102.366286,0
2024-01-05,sh.600489,10.0500,10.2000,9.8900,9.9200,10.0700,35115139,352287660.4900,0.724400,1,-1.489600,18.315238,1.930840,0.767280,-2071.050006,0
2024-01-08,sh.600489,9.9300,9.9500,9.7100,9.7300,9.9200,25439891,249331726.1000,0.524800,1,-1.915300,17.964442,1.893858,0.752584,-2031.382717,0
2024-01-09,sh.600489,9.7200,9.7300,9.5600,9.6100,9.7300,35437437,341511375.2500,0.731100,1,-1.233300,17.742887,1.870501,0.743302,-2006.329693,0
2024-01-10,sh.600489,9.5800,9.6000,9.4800,9.5100,9.6100,32372654,308546965.9700,0.667800,1,-1.040600,17.558258,1.851037,0.735568,-1985.452173,0
2024-01-11,sh.600489,9.4500,9.4800,9.3700,9.4100,9.5100,37818079,355970253.0900,0.780200,1,-1.051500,17.373628,1.831573,0.727833,-1964.574653,0
2024-01-12,sh.600489,9.4000,9.5300,9.3800,9.4300,9.4100,41089013,388560313.9100,0.847700,1,0.212500,17.410554,1.835466,0.729380,-1968.750157,0
2024-01-15,sh.600489,9.4300,9.5400,9.3200,9.4900,9.4300,34957984,330319643.5600,0.721200,1,0.636300,17.521332,1.847144,0.734021,-1981.276669,0
2024-01-16,sh.600489,9.4400,9.4800,9.2000,9.3200,9.4900,38582233,359549437.3100,0.796000,1,-1.791400,17.207462,1.814055,0.720872,-1945.784884,0
2024-01-17,sh.600489,9.2300,9.2800,8.9400,8.9400,9.3200,53759629,488805432.5400,1.109100,1,-4.077300,16.505870,1.740092,0.691480,-1866.450308,0
2024-01-18,sh.600489,8.8300,8.9700,8.6200,8.9200,8.9400,59791546,524612404.4200,1.233500,1,-0.223700,16.468944,1.736199,0.689933,-1862.274803,0
2024-01-19,sh.600489,8.8900,9.0800,8.8600,9.0400,8.9200,35640678,321538819.6900,0.735300,1,1.345300,16.690499,1.759556,0.699215,-1887.327828,0
2024-01-22,sh.600489,9.0400,9.0900,8.6100,8.6800,9.0400,42360319,373744464.3800,0.873900,1,-3.982300,16.025834,1.689485,0.671370,-1812.168755,0
2024-01-23,sh.600489,8.6500,8.8100,8.5200,8.7500,8.6800,42520553,367330348.3800,0.877200,1,0.806500,16.155074,1.703110,0.676784,-1826.783019,0
2024-01-24,sh.600489,8.7400,8.9600,8.6800,8.9500,8.7500,40978697,361872059.2300,0.845400,1,2.285700,16.524333,1.742038,0.692254,-1868.538060,0
2024-01-25,sh.600489,8.9400,9.3300,8.9000,9.3300,8.9500,48447107,444827201.8500,0.999500,1,4.245800,17.225925,1.816002,0.721645,-1947.872636,0
2024-01-26,sh.600489,9.3200,9.4500,9.2700,9.4000,9.3300,36477568,341934313.0000,0.752500,1,0.750300,17.355165,1.829627,0.727060,-1962.486901,0
2024-01-29,sh.600489,9.4500,9.6300,9.4500,9.5500,9.4000,49911863,477463640.5400,1.029700,1,1.595700,17.632109,1.858823,0.738662,-1993.803181,0
2024-01-30,sh.600489,9.5000,9.7300,9.4500,9.5200,9.5500,53970393,518953218.1200,1.113400,1,-0.314100,17.576721,1.852984,0.736341,-1987.539925,0
2024-01-31,sh.600489,9.5300,9.5800,9.3500,9.4200,9.5200,39266714,372174067.2700,0.810100,1,-1.050400,17.392091,1.833519,0.728607,-1966.662405,0
2024-02-01,sh.600489,9.4000,9.5800,9.2500,9.4500,9.4200,38068120,359661449.4200,0.785300,1,0.318500,17.447480,1.839359,0.730927,-1972.925661,0
2024-02-02,sh.600489,9.5400,9.6600,9.1800,9.4300,9.4500,49570373,470743837.3200,1.022600,1,-0.211600,17.410554,1.835466,0.729380,-1968.750157,0
2024-02-05,sh.600489,9.2900,9.5300,9.1500,9.3900,9.4300,56043243,522916974.5600,1.156200,1,-0.424200,17.336702,1.827680,0.726286,-1960.399149,0
2024-02-06,sh.600489,9.3000,9.7100,9.2100,9.5800,9.3900,54215730,512865894.1500,1.118500,1,2.023400,17.687498,1.864662,0.740982,-2000.066437,0
2024-02-07,sh.600489,9.6000,9.8000,9.4700,9.8000,9.5800,62432626,604496056.8400,1.288000,1,2.296500,18.093683,1.907483,0.757998,-2045.996981,0
2024-02-08,sh.600489,9.7900,9.8300,9.5900,9.7700,9.8000,59884124,580778344.8700,1.235400,1,-0.306100,18.038294,1.901644,0.755678,-2039.733725,0
2024-02-19,sh.600489,9.6700,10.0500,9.5800,10.0000,9.7700,64359903,634356541.4900,1.327700,1,2.354100,18.462942,1.946411,0.773468,-2087.752022,0
2024-02-20,sh.600489,9.9400,10.1000,9.8800,10.0600,10.0000,36435980,364876054.5200,0.751700,1,0.600000,18.573720,1.958090,0.778108,-2100.278534,0
2024-02-21,sh.600489,10.0100,10.4300,9.9900,10.2500,10.0600,58321562,601448044.2800,1.203200,1,1.888700,18.924515,1.995072,0.792804,-2139.945822,0
2024-02-22,sh.600489,10.1900,10.5000,10.1800,10.4700,10.2500,47982577,498950628.3200,0.989900,1,2.146300,19.330700,2.037893,0.809821,-2185.876367,0
2024-02-23,sh.600489,10.5800,10.7200,10.4600,10.5200,10.4700,47700795,504685169.0500,0.984100,1,0.477600,19.423015,2.047625,0.813688,-2196.315127,0
2024-02-26,sh.600489,10.6300,10.6300,10.3600,10.3700,10.5200,33495077,350014015.5900,0.691000,1,-1.425900,19.146071,2.018429,0.802086,-2164.998847,0
2024-02-27,sh.600489,10.3300,10.5400,10.3200,10.4800,10.3700,28365832,296732382.1900,0.585200,1,1.060800,19.349163,2.039839,0.810594,-2187.964119,0
2024-02-28,sh.600489,10.3900,10.5200,10.3500,10.3500,10.4800,37228552,388254118.4200,0.768000,1,-1.240500,19.109145,2.014536,0.800539,-2160.823343,0
2024-02-29,sh.600489,10.3100,10.4400,10.2500,10.4200,10.3500,36733152,379988714.3400,0.757800,1,0.676300,19.238385,2.028161,0.805953,-2175.437607,0
2024-03-01,sh.600489,10.3800,10.9200,10.3800,10.8800,10.4200,58861103,631223214.0000,1.214300,1,4.414600,20.087681,2.117696,0.841533,-2271.474200,0
2024-03-04,sh.600489,11.1100,11.2500,10.9500,11.0400,10.8800,61363761,678735876.4200,1.265900,1,1.470600,20.383088,2.148838,0.853908,-2304.878232,0
2024-03-05,sh.600489,11.2000,11.4800,11.1500,11.2900,11.0400,64962305,733602663.3700,1.340200,1,2.264500,20.844661,2.197498,0.873245,-2357.072033,0
2024-03-06,sh.600489,11.3900,11.5800,11.2500,11.4800,11.2900,52830794,605000161.8300,1.089900,1,1.682900,21.195457,2.234480,0.887941,-2396.739321,0
2024-03-07,sh.600489,11.5700,12.0800,11.5700,11.8100,11.4800,74534992,884044580.7600,1.537700,1,2.874600,21.804734,2.298712,0.913465,-2465.635138,0
2024-03-08,sh.600489,11.8700,11.8700,11.5600,11.7400,11.8100,56961159,665211948.2600,1.175100,1,-0.592700,21.675494,2.285087,0.908051,-2451.020874,0
2024-03-11,sh.600489,11.9300,12.0400,11.6900,11.8000,11.7400,49704713,589171140.7300,1.025400,1,0.511100,21.786271,2.296765,0.912692,-2463.547386,0
2024-03-12,sh.600489,11.8100,11.8200,11.3400,11.4400,11.8000,75211976,864169324.4700,1.551600,1,-3.050800,21.121606,2.226695,0.884847,-2388.388313,0
2024-03-13,sh.600489,11.3000,11.5300,11.2400,11.4300,11.4400,41157324,468676514.0300,0.849100,1,-0.087400,21.103143,2.224748,0.884074,-2386.300561,0
2024-03-14,sh.600489,11.5800,11.8400,11.5800,11.6700,11.4300,62643062,734708649.3100,1.292300,1,2.099700,21.546253,2.271462,0.902637,-2436.406609,0
2024-03-15,sh.600489,11.5800,12.0600,11.5700,11.9800,11.6700,68932946,818698444.9700,1.422100,1,2.656400,22.118604,2.331801,0.926614,-2501.126922,0
2024-03-18,sh.600489,11.8800,12.1300,11.8400,11.9900,11.9800,48007675,574434273.6000,0.990400,1,0.083500,22.137067,2.333747,0.927388,-2503.214674,0
2024-03-19,sh.600489,11.9200,12.1400,11.8500,11.8700,11.9900,35551758,425605618.2000,0.733400,1,-1.000800,21.915512,2.310390,0.918106,-2478.161650,0
2024-03-20,sh.600489,11.8600,12.1000,11.8000,11.9800,11.8700,37762932,451633958.8300,0.779000,1,0.926700,22.118604,2.331801,0.926614,-2501.126922,0
2024-03-21,sh.600489,12.5000,12.5800,12.2000,12.3200,11.9800,59905787,739445247.0600,1.235900,1,2.838100,22.746344,2.397979,0.952912,-2572.110491,0
2024-03-22,sh.600489,12.1600,12.2600,11.8500,12.0000,12.3200,54754968,657695444.7000,1.129600,1,-2.597400,22.155530,2.335694,0.928161,-2505.302426,0
2024-03-25,sh.600489,12.0000,12.1900,11.9800,11.9900,12.0000,47280202,570237562.4500,0.975400,1,-0.083300,22.137067,2.333747,0.927388,-2503.214674,0
2024-03-26,sh.600489,11.9700,12.0200,11.8100,11.9900,11.9900,39066674,466406049.0800,0.805900,1,0.000000,22.137067,2.333747,0.927388,-2503.214674,0
2024-03-27,sh.600489,12.0800,12.2200,12.0100,12.0700,11.9900,39804157,482332548.4000,0.821200,1,0.667200,22.284771,2.349318,0.933575,-2519.916690,0
2024-03-28,sh.600489,12.1000,12.4900,12.0100,12.3600,12.0700,50063095,615656484.6600,1.032800,1,2.402700,22.820196,2.405764,0.956006,-2580.461499,0
2024-03-29,sh.600489,12.7100,13.3400,12.6500,13.2100,12.3600,104317006,1365408248.4300,2.152100,1,6.877000,24.389546,2.571209,1.021751,-2757.920421,0
2024-04-01,sh.600489,13.5800,13.7700,13.0800,13.4000,13.2100,94904325,1264728006.2800,1.957900,1,1.438300,24.740342,2.608191,1.036447,-2797.587709,0
2024-04-02,sh.600489,13.2300,13.4300,13.0700,13.2500,13.4000,67564161,892729936.7400,1.393800,1,-1.119400,24.463398,2.578995,1.024845,-2766.271429,0
2024-04-03,sh.600489,13.4900,13.6200,13.2400,13.4600,13.2500,84199435,1132170276.5000,1.737000,1,1.584900,24.851120,2.619870,1.041087,-2810.114221,0
2024-04-08,sh.600489,13.6100,14.2400,13.5700,13.8100,13.4600,127922839,1780555564.9400,2.639000,1,2.600300,25.497323,2.687994,1.068159,-2883.185542,0
2024-04-09,sh.600489,13.6100,13.7700,13.3200,13.4300,13.8100,74939796,1010480129.5100,1.546000,1,-2.751600,24.795731,2.614030,1.038767,-2803.850965,0
2024-04-10,sh.600489,13.4700,13.6800,13.3400,13.5600,13.4300,70255151,951735375.5900,1.449400,1,0.968000,25.035749,2.639334,1.048822,-2830.991742,0
2024-04-11,sh.600489,13.2000,13.7500,13.1300,13.4100,13.5600,75991382,1022707719.8300,1.567700,1,-1.106200,24.758805,2.610138,1.037220,-2799.675461,0
2024-04-12,sh.600489,13.9500,14.1200,13.7200,14.0000,13.4100,94901492,1321845083.8300,1.957800,1,4.399700,25.848119,2.724976,1.082855,-2922.852831,0
2024-04-15,sh.600489,13.4900,13.5800,13.2000,13.5200,14.0000,101562384,1361631755.9600,2.095200,1,-3.428600,24.961897,2.631548,1.045728,-2822.640734,0
2024-04-16,sh.600489,13.6100,13.7100,13.0300,13.0400,13.5200,76493471,1023384127.6700,1.578100,1,-3.550300,24.075676,2.538120,1.008602,-2722.428636,0
2024-04-17,sh.600489,13.1600,13.3800,13.1000,13.3000,13.0400,64855837,858399253.6200,1.338000,1,1.993900,24.555713,2.588727,1.028712,-2776.710189,0
2024-04-18,sh.600489,13.1500,13.4300,12.9300,13.3600,13.3000,69794128,920361673.9900,1.439900,1,0.451100,24.666490,2.600406,1.033353,-2789.236701,0
2024-04-19,sh.600489,13.4000,13.8600,13.3000,13.4400,13.3600,81543072,1107801436.0600,1.682200,1,0.598800,24.814194,2.615977,1.039541,-2805.938717,0
2024-04-22,sh.600489,13.3000,13.4700,12.8900,12.9300,13.4400,70816749,930109167.8600,1.460900,1,-3.794600,23.872584,2.516710,1.000094,-2699.463364,0
2024-04-23,sh.600489,12.5200,12.7300,12.2800,12.4100,12.9300,84323132,1049598476.3200,1.739600,1,-4.021700,22.912511,2.415496,0.959873,-2590.900259,0
2024-04-24,sh.600489,12.5000,12.8700,12.4600,12.8400,12.4100,49755874,630742018.3900,1.026500,1,3.464900,23.706417,2.499192,0.993132,-2680.673596,0
2024-04-25,sh.600489,12.7200,12.9800,12.5500,12.8800,12.8400,37923121,485629319.1100,0.782400,1,0.311500,23.780269,2.506978,0.996226,-2689.024604,0
2024-04-26,sh.600489,13.0100,13.4200,13.0100,13.3500,12.8800,58710709,776884617.0700,1.211200,1,3.649100,24.648027,2.598459,1.032579,-2787.148949,0
2024-04-29,sh.600489,13.4500,13.4500,13.0100,13.3400,13.3500,70789615,937399827.3100,1.460400,1,-0.074900,20.106465,2.426014,1.058658,54.713358,0
2024-04-30,sh.600489,13.3800,13.5000,13.0700,13.1200,13.3400,51148261,678722579.1700,1.055200,1,-1.649200,19.774874,2.386005,1.041199,53.811039,0
2024-05-06,sh.600489,12.9600,13.1800,12.7500,13.1800,13.1200,62506707,811248793.4900,1.289500,1,0.457300,19.865308,2.396916,1.045961,54.057126,0
2024-05-07,sh.600489,13.2200,13.5400,13.2200,13.3600,13.1800,50860497,680436426.9000,1.049300,1,1.365700,20.136609,2.429651,1.060246,54.795387,0
2024-05-08,sh.600489,13.2300,13.5900,13.1000,13.4400,13.3600,42305031,565834113.4700,0.872800,1,0.598800,20.257188,2.444200,1.066594,55.123503,0
2024-05-09,sh.600489,13.3600,13.7000,13.3000,13.6500,13.4400,46218665,624705369.7800,0.953500,1,1.562500,20.573706,2.482391,1.083260,55.984808,0
2024-05-10,sh.600489,13.9500,14.3600,13.7400,14.3300,13.6500,96046697,1350346415.3400,1.981400,1,4.981700,21.598623,2.606056,1.137225,58.773795,0
2024-05-13,sh.600489,14.1600,14.5100,13.9300,14.2700,14.3300,72489793,1030563821.2300,1.495500,1,-0.418700,21.508190,2.595144,1.132463,58.527707,0
2024-05-14,sh.600489,14.2700,14.5100,14.1800,14.3700,14.2700,45267668,649103891.3800,0.933900,1,0.700800,21.658913,2.613330,1.140399,58.937853,0
2024-05-15,sh.600489,14.4400,15.4800,14.4300,14.9200,14.3700,99601230,1494687594.4800,2.054800,1,3.827400,22.487890,2.713353,1.184047,61.193651,0
2024-05-16,sh.600489,15.2100,15.3500,14.7200,14.8300,14.9200,85565785,1283565229.0800,1.765200,1,-0.603200,22.352239,2.696986,1.176904,60.824520,0
2024-05-17,sh.600489,14.6500,14.8000,14.3600,14.7500,14.8300,56366577,822741508.5600,1.162800,1,-0.539400,22.231661,2.682437,1.170556,60.496404,0
2024-05-20,sh.600489,15.2500,15.7700,15.0100,15.5800,14.7500,101263029,1557698028.6700,2.089100,1,5.627100,23.482662,2.833381,1.236424,63.900608,0
2024-05-21,sh.600489,15.4100,15.5500,14.9000,14.9900,15.5800,74161715,1120322387.3700,1.530000,1,-3.786900,22.593396,2.726083,1.189602,61.480752,0
2024-05-22,sh.600489,14.9800,15.1600,14.7500,14.8900,14.9900,50231097,750412209.6900,1.036300,1,-0.667100,22.442673,2.707897,1.181666,61.070607,0
2024-05-23,sh.600489,14.2000,14.6500,14.1000,14.5200,14.8900,55296025,800340399.2900,1.140800,1,-2.484900,21.884997,2.640609,1.152303,59.553070,0
2024-05-24,sh.600489,14.2600,14.7300,14.2200,14.6000,14.5200,49159044,713991717.0400,1.014200,1,0.551000,22.005576,2.655158,1.158652,59.881186,0
2024-05-27,sh.600489,14.6000,14.8600,14.5200,14.6400,14.6000,43214915,634274774.4300,0.891500,1,0.274000,22.065865,2.662432,1.161826,60.045244,0
2024-05-28,sh.600489,14.8000,15.0900,14.6000,14.6300,14.6400,59092961,877368793.1200,1.219100,1,-0.068300,22.050793,2.660614,1.161032,60.004230,0
2024-05-29,sh.600489,14.7000,15.0200,14.5300,14.8500,14.6300,63782480,949869556.2300,1.315800,1,1.503800,22.382384,2.700623,1.178492,60.906549,0
2024-05-30,sh.600489,14.6600,14.6800,14.2400,14.3100,14.8500,58876521,849494908.4700,1.214600,1,-3.636400,21.568479,2.602418,1.135637,58.691766,0
2024-05-31,sh.600489,14.4100,14.5900,14.2700,14.4200,14.3100,41259723,596122423.9300,0.851200,1,0.768700,21.734274,2.622423,1.144367,59.142925,0
2024-06-03,sh.600489,14.2300,14.4800,14.0700,14.2500,14.4200,35936367,511965411.5000,0.741400,1,-1.178900,21.478045,2.591507,1.130876,58.445678,0
2024-06-04,sh.600489,14.4100,14.5100,14.1800,14.3600,14.2500,36253981,520496901.0700,0.747900,1,0.771900,21.643840,2.611511,1.139605,58.896838,0
2024-06-05,sh.600489,14.1500,14.3300,14.0400,14.2000,14.3600,31041366,440074512.6500,0.640400,1,-1.114200,21.402683,2.582414,1.126908,58.240606,0
2024-06-06,sh.600489,14.4600,14.6900,14.3800,14.4700,14.2000,56022222,814095528.3700,1.155700,1,1.901400,21.809636,2.631516,1.148335,59.347998,0
2024-06-07,sh.600489,14.6700,14.7900,14.2900,14.7100,14.4700,65409789,954824487.9700,1.349400,1,1.658600,22.171371,2.675162,1.167381,60.332346,0
2024-06-11,sh.600489,14.0800,14.1900,13.9500,14.1400,14.7100,68601296,965983292.0800,1.415200,1,-3.874900,21.312249,2.571502,1.122146,57.994519,0
2024-06-12,sh.600489,14.1200,14.6800,14.1200,14.5600,14.1400,46147820,666176109.4400,0.952000,1,2.970300,21.945287,2.647883,1.155477,59.717128,0
2024-06-13,sh.600489,14.4700,14.5200,14.1000,14.3500,14.5600,42326608,605212222.6500,0.873200,1,-1.442300,21.628768,2.609693,1.138812,58.855824,0
2024-06-14,sh.600489,14.2700,14.4200,14.1300,14.3400,14.3500,26283530,376591086.9700,0.542200,1,-0.069700,21.613696,2.607874,1.138018,58.814809,0
2024-06-17,sh.600489,14.3600,14.5200,14.1400,14.2900,14.3400,31590504,452858863.2300,0.651700,1,-0.348700,21.538334,2.598781,1.134050,58.609736,0
2024-06-18,sh.600489,14.3300,14.6500,14.1800,14.4700,14.2900,32740660,473375824.5000,0.675400,1,1.259600,21.809636,2.631516,1.148335,59.347998,0
2024-06-19,sh.600489,14.5300,15.1600,14.5100,14.9100,14.4700,67134071,1003521883.1000,1.385000,1,3.040800,22.472818,2.711534,1.183253,61.152636,0
2024-06-20,sh.600489,14.9600,15.2600,14.7600,15.0000,14.9100,46499132,698268579.1200,0.959300,1,0.603600,22.608468,2.727902,1.190396,61.521767,0
2024-06-21,sh.600489,15.1800,15.3300,14.8800,15.0200,15.0000,49047888,736735757.0800,1.011900,1,0.133300,22.638613,2.731539,1.191983,61.603796,0
2024-06-24,sh.600489,14.5800,14.9000,14.5500,14.7800,15.0200,36874320,543036454.9000,0.760700,1,-1.597900,22.276877,2.687893,1.172936,60.619448,0
2024-06-25,sh.600489,14.7300,14.7800,14.4000,14.5100,14.7800,32109773,467460045.4200,0.662400,1,-1.826800,21.869925,2.638790,1.151509,59.512056,0
2024-06-26,sh.600489,14.4200,14.5300,14.2300,14.4600,14.5100,33752183,484409412.8300,0.696300,1,-0.344600,21.794563,2.629697,1.147541,59.306983,0
2024-06-27,sh.600489,14.3200,14.4300,14.1000,14.2700,14.4600,30347063,433455048.9500,0.626100,1,-1.314000,21.508190,2.595144,1.132463,58.527707,0
2024-06-28,sh.600489,14.4800,14.9000,14.3600,14.8000,14.2700,40698831,596461933.9000,0.839600,1,3.714100,22.307022,2.691530,1.174524,60.701477,0
2024-07-01,sh.600489,14.7800,15.0700,14.6600,14.8900,14.8000,38198722,568089504.3000,0.788000,1,0.608100,22.442673,2.707897,1.181666,61.070607,0
2024-07-02,sh.600489,14.8600,15.0300,14.6900,14.8900,14.8900,30226695,448685882.5700,0.623600,1,0.000000,22.442673,2.707897,1.181666,61.070607,0
2024-07-03,sh.600489,14.8800,14.8900,14.6800,14.7600,14.8900,24293844,358740783.4500,0.501200,1,-0.873100,22.246733,2.684255,1.171349,60.537419,0
2024-07-04,sh.600489,15.0500,15.1800,14.9500,15.0300,14.7600,57974149,873540841.6900,1.196000,1,1.829300,22.653685,2.733358,1.192776,61.644810,0
2024-07-05,sh.600489,15.0200,16.5100,14.9600,16.3600,15.0300,110897298,1753492298.7700,2.287800,1,8.849000,24.658303,2.975232,1.298325,67.099740,0
2024-07-08,sh.600489,16.5700,16.8900,16.4000,16.6100,16.3600,88390254,1475327860.5100,1.823500,1,1.528100,25.035111,3.020697,1.318165,68.125103,0
2024-07-09,sh.600489,16.5000,17.0000,16.4100,16.9000,16.6100,69850161,1169505398.6900,1.441000,1,1.745900,25.472208,3.073436,1.341179,69.314524,0
2024-07-10,sh.600489,16.9000,17.2600,16.7000,16.8600,16.9000,62999728,1070610610.3900,1.299700,1,-0.236700,25.411918,3.066162,1.338005,69.150466,0
2024-07-11,sh.600489,16.9800,17.5000,16.8200,17.3900,16.8600,58952840,1015167853.9700,1.216200,1,3.143500,26.210751,3.162548,1.380065,71.324235,0
2024-07-12,sh.600489,17.7600,17.8500,16.8000,17.1200,17.3900,83043784,1427702986.0300,1.713200,1,-1.552600,25.803799,3.113445,1.358638,70.216843,0
2024-07-15,sh.600489,16.9900,17.3900,16.8000,17.1800,17.1200,52582270,903986466.9600,1.084800,1,0.350500,25.894232,3.124357,1.363400,70.462930,0
2024-07-16,sh.600489,17.3000,17.9900,17.2300,17.8700,17.1800,70009450,1241178840.9500,1.444300,1,4.016300,26.934222,3.249840,1.418158,73.292931,0
2024-07-17,sh.600489,18.3500,18.6500,17.8800,18.1700,17.8700,95094188,1737943711.1700,1.961800,1,1.678800,27.386391,3.304398,1.441966,74.523367,0
2024-07-18,sh.600489,17.6000,18.0600,17.2000,17.7000,17.7700,87317044,1535367714.5600,1.801300,1,-0.393900,26.677993,3.218924,1.404667,72.595685,0
2024-07-19,sh.600489,16.8000,17.4100,16.5900,17.2400,17.7000,82596995,1405304275.3600,1.704000,1,-2.598900,25.984666,3.135268,1.368161,70.709017,0
2024-07-22,sh.600489,16.9900,17.1200,16.4000,16.8500,17.2400,74134017,1239969496.1000,1.529400,1,-2.262200,25.396846,3.064343,1.337211,69.109451,0
2024-07-23,sh.600489,16.8000,16.9300,16.1000,16.1600,16.8500,55899608,916484817.0100,1.153200,1,-4.095000,24.356857,2.938860,1.282453,66.279450,0
2024-07-24,sh.600489,16.2500,16.3200,15.8900,16.1600,16.1600,46802204,754087146.9300,0.965500,1,0.000000,24.356857,2.938860,1.282453,66.279450,0
2024-07-25,sh.600489,15.7000,15.7100,14.8600,15.1300,16.1600,101181078,1538333369.4600,2.087400,1,-6.373800,22.804408,2.751544,1.200712,62.054955,0
2024-07-26,sh.600489,15.0000,15.4700,14.9500,15.4200,15.1300,55701806,852046879.2500,1.149100,1,1.916700,23.241505,2.804283,1.223727,63.244376,0
2024-07-29,sh.600489,15.5800,16.1200,15.5500,15.8100,15.4200,57485270,909561973.9900,1.185900,1,2.529200,23.829326,2.875209,1.254677,64.843942,0
2024-07-30,sh.600489,15.6000,15.7700,15.4300,15.7300,15.8100,38589090,602412409.3500,0.796100,1,-0.506000,23.708747,2.860660,1.248328,64.515826,0
2024-07-31,sh.600489,15.8500,16.2200,15.6800,16.0600,15.7300,57588054,918397627.4200,1.188000,1,2.097900,24.206133,2.920674,1.274517,65.869305,0
2024-08-01,sh.600489,16.3300,16.5700,16.1100,16.2600,16.0600,54853863,894685934.7000,1.131600,1,1.245300,24.507580,2.957046,1.290389,66.689595,0
2024-08-02,sh.600489,16.0700,16.3500,15.8300,16.2300,16.2600,54475730,877057718.6800,1.123800,1,-0.184500,24.462363,2.951590,1.288008,66.566552,0
2024-08-05,sh.600489,15.4900,15.9800,15.4200,15.5100,16.2300,60888798,952081490.9100,1.256100,1,-4.436200,23.377156,2.820650,1.230869,63.613507,0
2024-08-06,sh.600489,15.5300,15.6000,15.0200,15.2400,15.5100,52110064,796071917.1300,1.075000,1,-1.740800,22.970204,2.771548,1.209442,62.506115,0
2024-08-07,sh.600489,15.1800,15.4800,15.0500,15.3500,15.2400,38552152,591518633.5900,0.795300,1,0.721800,23.135999,2.791553,1.218171,62.957275,0
2024-08-08,sh.600489,15.2100,15.3000,14.9000,15.1100,15.3500,36330417,546805640.4600,0.749500,1,-1.563500,22.774264,2.747906,1.199125,61.972926,0
2024-08-09,sh.600489,15.3400,15.4400,15.0100,15.0200,15.1100,32620775,497079065.1000,0.673000,1,-0.595600,22.638613,2.731539,1.191983,61.603796,0
2024-08-12,sh.600489,14.9800,15.1900,14.9500,15.1200,15.0200,25472243,383917852.7500,0.525500,1,0.665800,22.789336,2.749725,1.199919,62.013941,0
2024-08-13,sh.600489,15.3600,15.4700,15.1200,15.3000,15.1200,40966213,627042621.1600,0.845100,1,1.190500,23.060638,2.782460,1.214203,62.752202,0
2024-08-14,sh.600489,15.3300,15.4300,15.1100,15.1500,15.3000,19189999,292300196.4300,0.395900,1,-0.980400,22.834553,2.755181,1.202299,62.136984,0
2024-08-15,sh.600489,15.0100,15.2400,14.9300,15.1300,15.1500,24521576,369949229.3700,0.505900,1,-0.132000,22.804408,2.751544,1.200712,62.054955,0
2024-08-16,sh.600489,15.1500,15.2600,14.5500,14.7900,15.1300,50637733,749702135.6800,1.044700,1,-2.247200,22.291950,2.689711,1.173730,60.660462,0
2024-08-19,sh.600489,15.0700,15.6700,15.0500,15.4600,14.7900,66593268,1028853314.6200,1.373800,1,4.530100,23.301795,2.811557,1.226901,63.408434,0
2024-08-20,sh.600489,15.4600,15.4800,14.9900,15.1200,15.4600,36376118,552492253.4500,0.750400,1,-2.199200,22.789336,2.749725,1.199919,62.013941,0
2024-08-21,sh.600489,15.1800,15.6500,15.0200,15.4200,15.1200,43681554,673318566.4500,0.901100,1,1.984100,23.241505,2.804283,1.223727,63.244376,0
2024-08-22,sh.600489,15.3300,15.5800,15.2100,15.3000,15.4200,33578860,515237886.4000,0.692700,1,-0.778200,23.060638,2.782460,1.214203,62.752202,0
2024-08-23,sh.600489,15.0500,15.3300,14.9200,15.3100,15.3000,22486268,340970223.4200,0.463900,1,0.065400,23.075710,2.784278,1.214997,62.793217,0
2024-08-26,sh.600489,15.4100,15.4700,14.7600,15.0700,15.3100,41327992,619894692.0800,0.852600,1,-1.567600,22.713975,2.740632,1.195951,61.808868,0
2024-08-27,sh.600489,15.0700,15.0700,14.4900,14.6700,15.0700,35636051,522718731.7600,0.735200,1,-2.654300,22.111082,2.667888,1.164207,60.168288,0
2024-08-28,sh.600489,14.7000,14.8200,14.3200,14.3800,14.6700,34870653,505490830.8000,0.719400,1,-1.976800,21.673985,2.615149,1.141192,58.978867,0
2024-08-29,sh.600489,14.2800,14.4900,14.1100,14.3500,14.3800,35700714,511554174.8300,0.736500,1,-0.208600,21.628768,2.609693,1.138812,58.855824,0
2024-08-30,sh.600489,14.1100,14.1100,13.3500,13.4700,14.3500,144556249,1963148985.3800,2.982200,1,-6.132400,19.456830,2.546698,1.083192,-150.068069,0
2024-09-02,sh.600489,13.3200,13.3300,12.8500,13.0300,13.4700,88586898,1153339187.0100,1.827500,1,-3.266500,18.821269,2.463510,1.047809,-145.166068,0
2024-09-03,sh.600489,12.9800,13.0200,12.7100,12.8000,13.0300,55018322,704067094.3400,1.135000,1,-1.765200,18.489044,2.420025,1.029314,-142.603659,0
2024-09-04,sh.600489,12.6500,12.7300,12.4100,12.4900,12.8000,65491450,821274060.0400,1.351100,1,-2.421900,18.041262,2.361415,1.004385,-139.149976,0
2024-09-05,sh.600489,12.5200,12.6600,12.3400,12.5500,12.4900,60861108,760829133.1900,1.255600,1,0.480400,18.127930,2.372759,1.009210,-139.818431,0
2024-09-06,sh.600489,12.5600,12.7700,12.5500,12.5800,12.5500,46717280,590541536.3500,0.963800,1,0.239000,18.171264,2.378431,1.011622,-140.152658,0
2024-09-09,sh.600489,12.3200,12.4300,12.1800,12.2700,12.5800,53662835,658498833.1000,1.107100,1,-2.464200,17.723482,2.319821,0.986694,-136.698976,0
2024-09-10,sh.600489,12.3100,12.3600,12.1100,12.2800,12.2700,40264286,492583848.4100,0.830700,1,0.081500,17.737927,2.321711,0.987498,-136.810385,0
2024-09-11,sh.600489,12.2700,12.4100,12.1800,12.3400,12.2800,44963572,553007718.3900,0.927600,1,0.488600,17.824594,2.333055,0.992323,-137.478840,0
2024-09-12,sh.600489,12.2600,12.3400,12.1600,12.2200,12.3400,34304631,419825374.4000,0.707700,1,-0.972400,17.651259,2.310367,0.982673,-136.141930,0
2024-09-13,sh.600489,12.6100,12.8600,12.3800,12.5800,12.2200,107138210,1351312274.7300,2.210300,1,2.946000,18.171264,2.378431,1.011622,-140.152658,0
2024-09-18,sh.600489,12.7600,12.8600,12.3500,12.5300,12.5800,50819430,641374530.0000,1.048400,1,-0.397500,18.099041,2.368977,1.007602,-139.595613,0
2024-09-19,sh.600489,12.5300,12.6800,12.0500,12.6400,12.5300,68066944,844248230.5400,1.404200,1,0.877900,18.257931,2.389775,1.016447,-140.821113,0
2024-09-20,sh.600489,12.6300,13.0900,12.5700,13.0300,12.6400,84059778,1084843247.9900,1.734200,1,3.085400,18.821269,2.463510,1.047809,-145.166068,0
2024-09-23,sh.600489,13.1100,13.5200,13.1100,13.3100,13.0300,69329742,923474840.4900,1.430300,1,2.148900,19.225717,2.516448,1.070325,-148.285523,0
2024-09-24,sh.600489,13.3900,13.5900,13.1100,13.4500,13.3100,81750539,1091196649.9300,1.686500,1,1.051800,19.427941,2.542917,1.081584,-149.845251,0
2024-09-25,sh.600489,13.7000,14.4500,13.6800,13.9600,13.4500,114967931,1618200783.7000,2.371800,1,3.791800,20.164614,2.639340,1.122595,-155.527115,0
2024-09-26,sh.600489,13.9300,14.2300,13.8300,14.2300,13.9600,67969707,954857806.9000,1.402200,1,1.934100,20.554617,2.690387,1.144307,-158.535161,0
2024-09-27,sh.600489,14.3100,14.5700,13.9300,14.3400,14.2300,73394644,1044903558.5800,1.514100,1,0.773000,20.713507,2.711184,1.153153,-159.760661,0
2024-09-30,sh.600489,14.5000,15.6000,14.0100,15.2000,14.3400,186722820,2734076702.7500,3.852100,1,5.997200,21.955740,2.873780,1.222310,-169.341845,0
2024-10-08,sh.600489,16.3500,16.4500,14.5100,15.0200,15.2000,199466585,3077212660.7300,4.115000,1,-1.184200,21.695738,2.839748,1.207835,-167.336481,0
2024-10-09,sh.600489,14.5700,14.8000,13.6000,13.6100,15.0200,138453264,1968009335.9900,2.856300,1,-9.387500,19.659054,2.573167,1.094450,-151.627796,0
2024-10-10,sh.600489,13.6000,14.2500,13.5500,13.8600,13.6100,83311617,1158991272.4800,1.718700,1,1.836900,20.020168,2.620433,1.114554,-154.413024,0
2024-10-11,sh.600489,14.1100,14.4900,14.0000,14.1400,13.8600,94986540,1354923572.2900,1.959600,1,2.020200,20.424616,2.673371,1.137070,-157.532479,0
2024-10-14,sh.600489,14.2300,14.5900,14.0100,14.4500,14.1400,82078359,1174104639.6300,1.693300,1,2.192400,20.872397,2.731981,1.161999,-160.986162,0
2024-10-15,sh.600489,14.2500,14.2500,13.8500,13.9200,14.4500,77011853,1075793628.7700,1.588800,1,-3.667800,20.106835,2.631777,1.119379,-155.081479,0
2024-10-16,sh.600489,14.0100,14.3900,13.8700,14.3700,13.9200,84167382,1195917084.4700,1.736400,1,3.232800,20.756841,2.716856,1.155565,-160.094889,0
2024-10-17,sh.600489,14.4800,14.4800,14.0700,14.1500,14.3700,65336548,930967410.5400,1.347900,1,-1.531000,20.439060,2.675262,1.137874,-157.643888,0
2024-10-18,sh.600489,14.3600,14.8600,14.3500,14.6800,14.1500,116902182,1715883049.0400,2.411700,1,3.745600,21.204622,2.775466,1.180494,-163.548571,0
2024-10-21,sh.600489,14.9800,15.2600,14.7000,15.1300,14.6800,100343018,1509886036.1100,2.070100,1,3.065400,21.854628,2.860545,1.216681,-168.561981,0
2024-10-22,sh.600489,14.9200,15.1600,14.7700,14.9900,15.1300,61713234,921872795.4200,1.273100,1,-0.925300,21.652404,2.834076,1.205423,-167.002253,0
2024-10-23,sh.600489,15.1900,15.2500,14.8500,14.9500,14.9900,65038731,975671227.5900,1.341700,1,-0.266800,21.594626,2.826513,1.202206,-166.556617,0
2024-10-24,sh.600489,14.6000,14.6500,14.3300,14.5200,14.9500,52194896,754775902.0500,1.076800,1,-2.876300,20.973509,2.745216,1.167628,-161.766025,0
2024-10-25,sh.600489,14.4200,14.4600,14.2600,14.3400,14.5200,43477683,623600573.7200,0.896900,1,-1.239700,20.713507,2.711184,1.153153,-159.760661,0
2024-10-28,sh.600489,14.2800,14.4000,14.1800,14.3300,14.3400,38523035,551341485.5000,0.794700,1,-0.069700,20.699063,2.709293,1.152349,-159.649252,0
2024-10-29,sh.600489,14.3800,14.7200,14.3300,14.5300,14.3300,62603180,909318274.7800,1.291500,1,1.395700,20.987954,2.747106,1.168432,-161.877434,0
2024-10-30,sh.600489,14.7500,15.1200,14.5200,14.7900,14.5300,97745654,1445867209.8300,2.016500,1,1.789400,20.201502,2.689169,1.160932,51.803125,0
2024-10-31,sh.600489,14.6300,14.6600,14.2200,14.2600,14.7900,74526375,1072183678.0000,1.537500,1,-3.583500,19.477580,2.592802,1.119330,49.946759,0
2024-11-01,sh.600489,13.9200,14.4400,13.7600,14.1900,14.2600,67102033,951631273.3100,1.384300,1,-0.490900,19.381968,2.580075,1.113835,49.701578,0
2024-11-04,sh.600489,14.0800,14.2700,13.9500,14.2400,14.1900,42220070,595442872.0600,0.871000,1,0.352400,19.450263,2.589166,1.117760,49.876707,0
2024-11-05,sh.600489,14.1600,14.3000,14.0600,14.3000,14.2400,63703510,904116016.3700,1.314200,1,0.421300,19.532216,2.600075,1.122469,50.086862,0
2024-11-06,sh.600489,14.2100,14.4700,13.8800,14.0000,14.3000,101578781,1440088401.9400,2.095600,1,-2.097900,19.122449,2.545528,1.098921,49.036089,0
2024-11-07,sh.600489,13.3800,13.5800,13.1100,13.5700,14.0000,107564655,1439251272.6500,2.219100,1,-3.071400,18.535117,2.467344,1.065169,47.529980,0
2024-11-08,sh.600489,13.6800,13.9100,13.1600,13.2000,13.5700,115375406,1550626374.1000,2.380200,1,-2.726600,18.029738,2.400069,1.036126,46.234026,0
2024-11-11,sh.600489,13.1100,13.1200,12.7800,12.9300,13.2000,122405753,1577346011.1900,2.525200,1,-2.045500,17.660948,2.350977,1.014932,45.288330,0
2024-11-12,sh.600489,12.7100,12.9500,12.5900,12.6900,12.9300,106780432,1361341215.8100,2.202900,1,-1.856100,17.333134,2.307339,0.996093,44.447712,0
2024-11-13,sh.600489,12.6600,12.9300,12.6400,12.8000,12.6900,68781710,882715945.2300,1.419000,1,0.866800,17.483382,2.327340,1.004728,44.832995,0
2024-11-14,sh.600489,12.6200,12.8100,12.5300,12.5600,12.8000,64802880,819752356.5000,1.336900,1,-1.875000,17.155569,2.283702,0.985889,43.992377,0
2024-11-15,sh.600489,12.6100,12.9700,12.5600,12.5700,12.5600,84191696,1072102137.4200,1.736900,1,0.079600,17.169228,2.285521,0.986674,44.027402,0
2024-11-18,sh.600489,12.6800,12.8700,12.4800,12.5600,12.5700,67330038,851395438.0400,1.389000,1,-0.079600,17.155569,2.283702,0.985889,43.992377,0
2024-11-19,sh.600489,12.7800,13.0000,12.7000,12.8900,12.5600,102413407,1315119409.8900,2.112800,1,2.627400,17.606312,2.343704,1.011792,45.148227,0
2024-11-20,sh.600489,12.9400,13.0500,12.8100,12.9800,12.8900,79905334,1034806541.1600,1.648400,1,0.698200,17.729242,2.360068,1.018857,45.463459,0
2024-11-21,sh.600489,13.0300,13.2100,12.9000,13.2100,12.9800,78165947,1020192321.3500,1.612600,1,1.772000,18.043397,2.401888,1.036911,46.269052,0
2024-11-22,sh.600489,13.3000,13.3000,12.9800,13.0100,13.2100,84366434,1104876666.3300,1.740500,1,-1.514000,17.770219,2.365523,1.021212,45.568537,0
2024-11-25,sh.600489,13.0500,13.3400,12.5100,12.6700,13.0100,83208789,1073306727.9800,1.716600,1,-2.613400,17.305816,2.303703,0.994524,44.377660,0
2024-11-26,sh.600489,12.3000,12.5700,12.3000,12.4500,12.6700,52305076,651636563.9900,1.079100,1,-1.736400,17.005321,2.263702,0.977255,43.607093,0
2024-11-27,sh.600489,12.4800,12.4900,12.2700,12.4900,12.4500,36874315,457413005.7300,0.760700,1,0.321300,17.059956,2.270975,0.980395,43.747196,0
2024-11-28,sh.600489,12.3600,12.4400,12.3200,12.3400,12.4900,40263312,498298175.4800,0.830600,1,-1.201000,16.855073,2.243701,0.968620,43.221809,0
2024-11-29,sh.600489,12.3900,12.6100,12.3700,12.5300,12.3400,47369775,591599736.2500,0.977200,1,1.539700,17.114592,2.278248,0.983534,43.887299,0
2024-12-02,sh.600489,12.3800,12.5600,12.3500,12.5400,12.5300,40889071,510537791.4400,0.843500,1,0.079800,17.128251,2.280066,0.984319,43.922325,0
2024-12-03,sh.600489,12.5700,12.6600,12.5000,12.6200,12.5400,37751702,474597115.9200,0.778800,1,0.638000,17.237522,2.294612,0.990599,44.202531,0
2024-12-04,sh.600489,12.6200,12.7300,12.4900,12.6500,12.6200,48436951,612247350.5800,0.999300,1,0.237700,17.278499,2.300067,0.992954,44.307609,0
2024-12-05,sh.600489,12.6300,12.6300,12.4500,12.5200,12.6500,35339553,442465239.5500,0.729100,1,-1.027700,17.100933,2.276430,0.982749,43.852274,0
2024-12-06,sh.600489,12.4500,12.5900,12.4300,12.5200,12.5200,48947038,613204302.3500,1.009800,1,0.000000,17.100933,2.276430,0.982749,43.852274,0
2024-12-09,sh.600489,12.5800,13.0700,12.5800,12.8000,12.5200,83641942,1073458755.6900,1.725500,1,2.236400,17.483382,2.327340,1.004728,44.832995,0
2024-12-10,sh.600489,13.0500,13.1100,12.6800,12.7400,12.8000,74613987,959301203.1700,1.539300,1,-0.468800,17.401429,2.316431,1.000018,44.622841,0
2024-12-11,sh.600489,12.8400,13.0000,12.8100,12.9000,12.7400,52701207,679566120.6000,1.087200,1,1.255900,17.619971,2.345522,1.012577,45.183253,0
2024-12-12,sh.600489,12.9800,13.1200,12.9600,13.0600,12.9000,59357183,774578985.7800,1.224500,1,1.240300,17.838513,2.374614,1.025136,45.743665,0
2024-12-13,sh.600489,12.9100,12.9200,12.7000,12.7100,13.0600,51072535,652556019.6400,1.053600,1,-2.679900,17.360452,2.310976,0.997663,44.517763,0
2024-12-16,sh.600489,12.6200,12.6800,12.4400,12.4600,12.7100,43611512,546035758.3500,0.899700,1,-1.967000,17.018980,2.265520,0.978040,43.642119,0
2024-12-17,sh.600489,12.4600,12.5500,12.3700,12.3900,12.4600,27867142,346804995.8500,0.574900,1,-0.561800,16.923368,2.252792,0.972545,43.396938,0
2024-12-18,sh.600489,12.4300,12.4700,12.3700,12.3800,12.3900,26463928,328390103.0000,0.546000,1,-0.080700,16.909709,2.250974,0.971760,43.361913,0
2024-12-19,sh.600489,12.1800,12.1800,11.9400,12.1000,12.3800,56389297,680394963.6600,1.163300,1,-2.261700,16.527260,2.200064,0.949782,42.381191,0
2024-12-20,sh.600489,12.0300,12.1000,11.9000,11.9600,12.1000,58419384,699408789.8000,1.205200,1,-1.157000,16.336035,2.174608,0.938793,41.890830,0
2024-12-23,sh.600489,11.9900,12.1000,11.9800,12.0000,11.9600,49083905,590344305.5400,1.012600,1,0.334400,16.390671,2.181881,0.941932,42.030933,0
2024-12-24,sh.600489,11.9600,12.0800,11.9000,12.0500,12.0000,40478226,485705210.5400,0.835100,1,0.416700,16.458965,2.190972,0.945857,42.206062,0
2024-12-25,sh.600489,12.0400,12.0500,11.8600,11.9900,12.0500,31691682,378660352.1000,0.653800,1,-0.497900,16.377012,2.180063,0.941147,41.995907,0
2024-12-26,sh.600489,12.0000,12.2200,12.0000,12.1900,11.9900,38263500,464881152.7100,0.789400,1,1.668100,16.650190,2.216428,0.956846,42.696423,0
2024-12-27,sh.600489,12.2100,12.2500,12.1200,12.1300,12.1900,30081257,366100478.5900,0.620600,1,-0.492200,16.568236,2.205518,0.952137,42.486268,0
2024-12-30,sh.600489,12.1000,12.2300,12.0500,12.1000,12.1300,31334258,379546736.4800,0.646400,1,-0.247300,16.527260,2.200064,0.949782,42.381191,0
2024-12-31,sh.600489,12.0700,12.2400,12.0200,12.0300,12.1000,41768575,506251353.4600,0.861700,1,-0.578500,16.431647,2.187336,0.944287,42.136010,0
2025-01-02,sh.600489,12.1400,12.5300,12.1000,12.3000,12.0300,92725909,1145375507.8800,1.912900,1,2.244400,16.800437,2.236428,0.965481,43.081706,0
2025-01-03,sh.600489,12.4300,12.6800,12.2800,12.3300,12.3000,89245334,1115351631.2000,1.841100,1,0.243900,16.841414,2.241883,0.967836,43.186784,0
2025-01-06,sh.600489,12.2900,12.3500,12.0000,12.1800,12.3300,53058743,646267857.7500,1.094600,1,-1.216500,16.636531,2.214610,0.956061,42.661397,0
2025-01-07,sh.600489,12.1300,12.5200,12.0200,12.4800,12.1800,53738160,665299145.2200,1.108600,1,2.463100,17.046298,2.269157,0.979610,43.712170,0
2025-01-08,sh.600489,12.4700,12.6400,12.2900,12.3900,12.4800,45211695,562058766.2400,0.932700,1,-0.721200,16.923368,2.252792,0.972545,43.396938,0
2025-01-09,sh.600489,12.4100,12.5300,12.3000,12.4500,12.3900,33354910,414420293.9000,0.688100,1,0.484300,17.005321,2.263702,0.977255,43.607093,0
2025-01-10,sh.600489,12.5000,12.5900,12.2800,12.3800,12.4500,39227848,486492527.6500,0.809300,1,-0.562200,16.909709,2.250974,0.971760,43.361913,0
2025-01-13,sh.600489,12.3400,12.9500,12.2500,12.8400,12.3800,99315385,1265080913.4700,2.048900,1,3.715700,17.538018,2.334613,1.007868,44.973098,0
2025-01-14,sh.600489,12.6800,12.9400,12.6800,12.9400,12.8400,58895367,757636673.5800,1.215000,1,0.778800,17.674607,2.352795,1.015717,45.323356,0
2025-01-15,sh.600489,12.9400,13.0600,12.4700,12.7700,12.9400,64573507,822285490.7100,1.332200,1,-1.313800,17.442405,2.321885,1.002373,44.727918,0
2025-01-16,sh.600489,12.9800,13.3600,12.9600,13.1300,12.7700,86557757,1139552413.7700,1.785700,1,2.819100,17.934126,2.387342,1.030631,45.988846,0
2025-01-17,sh.600489,13.2200,13.2700,13.1200,13.1900,13.1300,39241546,517798896.5800,0.809600,1,0.457000,18.016079,2.398251,1.035341,46.199001,0
2025-01-20,sh.600489,13.0200,13.1500,12.8000,12.9700,13.1900,46479903,600784716.1400,0.958900,1,-1.667900,17.715583,2.358250,1.018072,45.428433,0
2025-01-21,sh.600489,12.9000,12.9900,12.7800,12.9700,12.9700,35724288,461248477.2800,0.737000,1,0.000000,17.715583,2.358250,1.018072,45.428433,0
2025-01-22,sh.600489,13.1000,13.3400,12.9900,13.2100,12.9700,65119259,858514147.0200,1.343400,1,1.850400,18.043397,2.401888,1.036911,46.269052,0
2025-01-23,sh.600489,13.1100,13.3300,12.9500,12.9900,13.2100,48459525,635843343.5900,0.999700,1,-1.665400,17.742901,2.361887,1.019642,45.498485,0
2025-01-24,sh.600489,13.0500,13.1500,12.8300,13.0800,12.9900,44762127,581241953.9000,0.923400,1,0.692800,17.865831,2.378251,1.026706,45.813717,0
2025-01-27,sh.600489,13.0800,13.2700,13.0600,13.1300,13.0800,38874027,511588047.1900,0.802000,1,0.382300,17.934126,2.387342,1.030631,45.988846,0
2025-02-05,sh.600489,13.5100,13.8200,13.5100,13.8000,13.1300,101496726,1389288140.4000,2.093900,1,5.102800,18.849271,2.509164,1.083222,48.335573,0
2025-02-06,sh.600489,13.8000,13.8600,13.5800,13.7200,13.8000,60429829,827719945.7700,1.246700,1,-0.579700,18.740000,2.494618,1.076943,48.055367,0
2025-02-07,sh.600489,13.7000,13.8100,13.6000,13.6900,13.7200,53606877,734147908.9400,1.105900,1,-0.218700,18.699024,2.489163,1.074588,47.950289,0
2025-02-10,sh.600489,13.8100,14.0100,13.8000,13.9600,13.6900,75525710,1050726486.4000,1.558100,1,1.972200,19.067814,2.538255,1.095781,48.895985,0
2025-02-11,sh.600489,14.2000,14.3500,13.9800,14.0200,13.9600,84890457,1200779148.1000,1.751300,1,0.429800,19.149767,2.549165,1.100491,49.106140,0
2025-02-12,sh.600489,13.8100,13.8500,13.5200,13.6200,14.0200,66479940,909493020.1400,1.371500,1,-2.853100,18.603411,2.476435,1.069093,47.705109,0
2025-02-13,sh.600489,13.6600,13.7700,13.5400,13.6200,13.6200,51084255,697752211.1300,1.053900,1,0.000000,18.603411,2.476435,1.069093,47.705109,0
2025-02-14,sh.600489,13.7600,13.8200,13.4500,13.5500,13.6200,53100180,720408743.8400,1.095500,1,-0.514000,18.507799,2.463708,1.063599,47.459929,0
2025-02-17,sh.600489,13.1900,13.1900,12.7000,12.9500,13.5500,81638485,1059636496.1900,1.684200,1,-4.428000,17.688265,2.354614,1.016502,45.358382,0
2025-02-18,sh.600489,12.9600,12.9900,12.7600,12.8600,12.9500,48941561,630259433.0100,1.009700,1,-0.695000,17.565335,2.338249,1.009438,45.043150,0
2025-02-19,sh.600489,13.0500,13.1000,12.7900,12.8900,12.8600,50992898,658516578.3100,1.052000,1,0.233300,17.606312,2.343704,1.011792,45.148227,0
2025-02-20,sh.600489,12.9000,13.0800,12.8800,13.0200,12.8900,53699050,697121782.4300,1.107800,1,1.008500,17.783878,2.367341,1.021997,45.603562,0
2025-02-21,sh.600489,12.9500,13.0300,12.6100,12.6300,13.0200,80066908,1019573297.6600,1.651800,1,-2.995400,17.251181,2.296430,0.991384,44.237557,0
2025-02-24,sh.600489,12.5700,12.7600,12.4300,12.6800,12.6300,53786737,679203707.3800,1.109600,1,0.395900,17.319475,2.305521,0.995309,44.412686,0
2025-02-25,sh.600489,12.7500,12.8400,12.4900,12.5000,12.6800,54913694,695191269.6000,1.132900,1,-1.419600,17.073615,2.272793,0.981180,43.782222,0
2025-02-26,sh.600489,12.4400,12.5900,12.4000,12.4200,12.5000,43509000,541773395.1200,0.897600,1,-0.640000,16.964344,2.258247,0.974900,43.502016,0
2025-02-27,sh.600489,12.4300,12.4700,12.2300,12.3100,12.4200,46090776,568163851.7900,0.950900,1,-0.885700,16.814096,2.238247,0.966266,43.116732,0
2025-02-28,sh.600489,12.2100,12.2900,12.0900,12.1100,12.3100,51109844,622008451.9400,1.054400,1,-1.624700,16.540919,2.201882,0.950567,42.416217,0
2025-03-03,sh.600489,12.1600,12.2800,12.0400,12.1000,12.1100,49518958,602694979.8100,1.021600,1,-0.082600,16.527260,2.200064,0.949782,42.381191,0
2025-03-04,sh.600489,12.1800,12.5100,12.1200,12.4200,12.1000,78412261,966789000.4000,1.617600,1,2.644600,16.964344,2.258247,0.974900,43.502016,0
2025-03-05,sh.600489,12.4200,12.6300,12.4000,12.6200,12.4200,52718207,661619889.1900,1.087600,1,1.610300,17.237522,2.294612,0.990599,44.202531,0
2025-03-06,sh.600489,12.6400,12.6500,12.4800,12.5500,12.6200,48640626,611181995.4300,1.003500,1,-0.554700,17.141910,2.281884,0.985104,43.957351,0
2025-03-07,sh.600489,12.4800,12.7200,12.4500,12.5800,12.5500,52636244,664573406.1600,1.085900,1,0.239000,17.182886,2.287339,0.987459,44.062428,0
2025-03-10,sh.600489,12.6500,12.6900,12.4500,12.6600,12.5800,40325635,507248878.1900,0.831900,1,0.635900,17.292158,2.301885,0.993739,44.342634,0
2025-03-11,sh.600489,12.5000,12.6300,12.4100,12.6300,12.6600,41201053,515111897.6800,0.850000,1,-0.237000,17.251181,2.296430,0.991384,44.237557,0
2025-03-12,sh.600489,12.6400,12.7900,12.6100,12.7400,12.6300,47742765,606128848.4000,0.984900,1,0.870900,17.401429,2.316431,1.000018,44.622841,0
2025-03-13,sh.600489,12.8200,13.0000,12.7700,12.8400,12.7400,59848197,769981290.8800,1.234700,1,0.784900,17.538018,2.334613,1.007868,44.973098,0
2025-03-14,sh.600489,13.2900,13.3700,13.0600,13.1900,12.8400,93483347,1233153467.9300,1.928600,1,2.725900,18.016079,2.398251,1.035341,46.199001,0
2025-03-17,sh.600489,13.1800,13.4900,13.1400,13.3300,13.1900,78931136,1052476002.6900,1.628300,1,1.061400,18.207303,2.423707,1.046330,46.689361,0
2025-03-18,sh.600489,13.4400,14.1400,13.4200,13.9200,13.3300,131500402,1823616499.3700,2.712900,1,4.426100,19.013178,2.530982,1.092642,48.755882,0
2025-03-19,sh.600489,14.0200,14.1400,13.8000,13.9100,13.9200,93090210,1298707286.8400,1.920400,1,-0.071800,18.999519,2.529164,1.091857,48.720857,0
2025-03-20,sh.600489,14.1000,14.1800,13.7500,13.7700,13.9100,79544968,1106218325.8000,1.641000,1,-1.006500,18.808295,2.503709,1.080867,48.230496,0
2025-03-21,sh.600489,13.7500,13.8300,13.2000,13.2700,13.7700,83466560,1120323846.0500,1.721900,1,-3.631100,18.125350,2.412797,1.041620,46.479207,0
2025-03-24,sh.600489,13.2000,13.4000,13.0100,13.2700,13.2700,77441684,1022688226.4500,1.597600,1,0.000000,18.125350,2.412797,1.041620,46.479207,0
2025-03-25,sh.600489,13.2200,13.6100,13.1500,13.5000,13.2700,56971166,763580723.3500,1.175300,1,1.733200,18.439505,2.454616,1.059674,47.284800,0
2025-03-26,sh.600489,13.6000,13.8200,13.3600,13.4900,13.5000,59243658,804696795.6800,1.222200,1,-0.074100,18.425846,2.452798,1.058889,47.249774,0
2025-03-27,sh.600489,13.4300,13.6000,13.3200,13.5200,13.4900,35688176,480480933.2900,0.736200,1,0.222400,18.466822,2.458253,1.061244,47.354851,0
2025-03-28,sh.600489,13.8000,13.9600,13.6300,13.8400,13.5200,86903469,1199567893.4200,1.792800,1,2.366900,18.903907,2.516436,1.086362,48.475676,0
2025-03-31,sh.600489,13.8800,14.1200,13.8300,14.0700,13.8400,116569173,1630069422.6400,2.404800,1,1.661800,19.218061,2.558256,1.104416,49.281269,0
2025-04-01,sh.600489,14.0400,14.3300,13.8100,13.8700,14.0700,102513765,1437068272.1500,2.114900,1,-1.421500,18.944884,2.521891,1.088717,48.580753,0
2025-04-02,sh.600489,13.8700,14.0000,13.5300,13.6000,13.8700,69499170,954895935.0200,1.433800,1,-1.946600,18.576093,2.472799,1.067523,47.635057,0
2025-04-03,sh.600489,13.8300,13.9400,13.5100,13.5300,13.6000,80602129,1105527378.4000,1.662800,1,-0.514700,18.480481,2.460071,1.062029,47.389877,0
2025-04-07,sh.600489,12.2100,12.9700,12.1900,12.5000,13.5300,132103492,1659409788.8600,2.725300,1,-7.612700,17.073615,2.272793,0.981180,43.782222,0
2025-04-08,sh.600489,12.4400,12.7200,12.3500,12.7100,12.5000,95104108,1192753571.5700,1.962000,1,1.680000,17.360452,2.310976,0.997663,44.517763,0
2025-04-09,sh.600489,12.4500,13.1900,12.2600,13.1900,12.7100,94291944,1195896538.7700,1.945200,1,3.776600,18.016079,2.398251,1.035341,46.199001,0
2025-04-10,sh.600489,13.4800,14.0800,13.1800,13.9500,13.1900,121051826,1663322842.3200,2.497300,1,5.761900,19.054155,2.536437,1.094996,48.860960,0
2025-04-11,sh.600489,14.4800,14.6600,14.1500,14.2700,13.9500,156172493,2255953451.2000,3.221800,1,2.293900,19.491239,2.594621,1.120115,49.981785,0
2025-04-14,sh.600489,14.2000,14.7500,14.1100,14.7200,14.2700,135038323,1963971420.6500,2.785800,1,3.153500,20.105889,2.676441,1.155437,51.557945,0
2025-04-15,sh.600489,14.5800,14.6600,14.3600,14.5700,14.7200,75312901,1093289452.1800,1.553700,1,-1.019000,19.901006,2.649168,1.143663,51.032558,0
2025-04-16,sh.600489,14.9000,14.9700,14.5900,14.8100,14.5700,110353764,1625438702.1000,2.276600,1,1.647200,20.228819,2.692805,1.162502,51.873177,0
2025-04-17,sh.600489,15.1000,15.3000,14.4600,14.5700,14.8100,142365043,2108973265.4100,2.937000,1,-1.620500,19.901006,2.649168,1.143663,51.032558,0
2025-04-18,sh.600489,14.4100,14.5600,14.1700,14.4300,14.5700,70722675,1012509038.5300,1.459000,1,-0.960900,19.709782,2.623712,1.132674,50.542197,0
2025-04-21,sh.600489,14.6900,15.5000,14.6500,15.4300,14.4300,137450450,2079823801.0800,2.835600,1,6.930000,21.075671,2.805536,1.211168,54.044775,0
2025-04-22,sh.600489,15.5700,15.7000,15.2000,15.2700,15.4300,134776688,2076955005.5100,2.780400,1,-1.036900,20.857128,2.776444,1.198609,53.484362,0
2025-04-23,sh.600489,14.5500,14.7800,14.2500,14.3000,15.2700,140212500,2032593193.1100,2.892600,1,-6.352300,19.532216,2.600075,1.122469,50.086862,0
2025-04-24,sh.600489,14.4800,14.5700,14.1500,14.2000,14.3000,66278954,952179397.8900,1.367300,1,-0.699300,19.395627,2.581893,1.114620,49.736604,0
2025-04-25,sh.600489,14.3200,14.3400,13.8600,13.9900,14.2000,68644040,966961375.3700,1.416100,1,-1.478900,19.108790,2.543710,1.098136,49.001063,0
2025-04-28,sh.600489,13.9100,13.9800,13.7600,13.9200,13.9900,46884753,651020000.9200,0.967200,1,-0.500400,19.013178,2.530982,1.092642,48.755882,0
2025-04-29,sh.600489,14.0000,14.0600,13.7900,13.9700,13.9200,49714189,691082082.0500,1.025600,1,0.359200,19.081473,2.540074,1.096566,48.931011,0
2025-04-30,sh.600489,13.8300,13.9500,13.6000,13.6300,13.9700,70857586,974394925.2800,1.461800,1,-2.433800,18.142804,2.321732,0.982416,79.406060,0
2025-05-06,sh.600489,13.9100,14.2800,13.9100,14.0700,13.6300,86909401,1224174034.5600,1.792900,1,3.228200,18.728485,2.396682,1.014131,81.969425,0
2025-05-07,sh.600489,14.1000,14.2200,13.9000,14.1900,14.0700,69965359,985143900.9500,1.443400,1,0.852900,18.888217,2.417123,1.022780,82.668525,0
2025-05-08,sh.600489,14.1100,14.2200,13.8100,13.8500,14.1900,68290115,954904923.5800,1.408800,1,-2.396100,18.435645,2.359207,0.998274,80.687742,0
2025-05-09,sh.600489,13.6500,13.9300,13.6100,13.7900,13.8500,46171470,634369784.9900,0.952500,1,-0.433200,18.355779,2.348987,0.993949,80.338193,0
2025-05-12,sh.600489,13.5000,13.6200,13.2800,13.6000,13.7900,61744921,831606172.9900,1.273800,1,-1.377800,18.102871,2.316622,0.980254,79.231285,0
2025-05-13,sh.600489,13.4800,13.7400,13.3900,13.6900,13.6000,60722662,822831770.0200,1.252700,1,0.661800,18.222670,2.331953,0.986741,79.755610,0
2025-05-14,sh.600489,13.5800,13.6800,13.4100,13.4500,13.6900,44948621,606102552.1000,0.927300,1,-1.753100,17.903207,2.291071,0.969443,78.357411,0
2025-05-15,sh.600489,13.3000,13.3700,13.1300,13.2600,13.4500,60775429,804646940.2000,1.253800,1,-1.412600,17.650300,2.258707,0.955748,77.250503,0
2025-05-16,sh.600489,13.3900,13.5000,13.2000,13.2700,13.2600,36693638,488208904.5300,0.757000,1,0.075400,17.663611,2.260410,0.956469,77.308761,0
2025-05-19,sh.600489,13.3300,13.4600,13.2500,13.4000,13.2700,41553065,555111785.4000,0.857200,1,0.979700,17.836653,2.282554,0.965839,78.066119,0
2025-05-20,sh.600489,13.4000,13.6800,13.3700,13.5500,13.4000,54305879,736465062.7800,1.120300,1,1.119400,18.036317,2.308105,0.976650,78.939994,0
2025-05-21,sh.600489,13.7900,14.0000,13.6300,14.0000,13.5500,75044569,1038140011.8800,1.548200,1,3.321000,18.635309,2.384758,1.009085,81.561617,0
2025-05-22,sh.600489,14.0400,14.0800,13.8200,13.8200,14.0000,50502778,704422115.7700,1.041900,1,-1.285700,18.395712,2.354097,0.996111,80.512968,0
2025-05-23,sh.600489,13.7300,14.0300,13.7200,13.9000,13.8200,52400353,725928004.3700,1.081000,1,0.578900,18.502199,2.367724,1.001877,80.979034,0
2025-05-26,sh.600489,13.9300,14.5900,13.9000,14.4200,13.9000,106507865,1529886472.2500,2.197300,1,3.741000,19.194368,2.456301,1.039358,84.008465,0
2025-05-27,sh.600489,14.3500,14.6200,14.0600,14.0700,14.4200,54414894,775714046.1400,1.122600,1,-2.427200,18.728485,2.396682,1.014131,81.969425,0
2025-05-28,sh.600489,14.0000,14.1900,14.0000,14.1600,14.0700,32907800,464638505.8900,0.678900,1,0.639700,18.848284,2.412013,1.020618,82.493750,0
2025-05-29,sh.600489,13.8200,13.9300,13.6900,13.8800,14.1600,41518327,574782656.6600,0.856500,1,-1.977400,18.475578,2.364317,1.000436,80.862517,0
2025-05-30,sh.600489,14.0000,14.0800,13.8400,13.9500,13.8800,32593417,454648654.5700,0.672400,1,0.504300,18.568754,2.376241,1.005481,81.270325,0
2025-06-03,sh.600489,14.3200,14.3900,14.1600,14.2400,13.9500,65875883,940550542.0200,1.359000,1,2.078900,18.954771,2.425640,1.026384,82.959816,0
2025-06-04,sh.600489,14.2700,14.3700,14.1200,14.1800,14.2400,46504702,662495782.0800,0.959400,1,-0.421300,18.874906,2.415419,1.022059,82.610266,0
2025-06-05,sh.600489,14.2500,14.3000,14.0700,14.0800,14.1800,30322236,429184662.6600,0.625500,1,-0.705200,18.741796,2.398385,1.014851,82.027683,0
2025-06-06,sh.600489,14.0600,14.3000,14.0600,14.2000,14.0800,39320857,559044589.7800,0.811200,1,0.852300,18.901527,2.418826,1.023501,82.726783,0
2025-06-09,sh.600489,13.9400,14.1700,13.7900,14.1700,14.2000,49943264,697616858.7300,1.030300,1,-0.211300,18.861595,2.413716,1.021338,82.552008,0
2025-06-10,sh.600489,14.0500,14.2500,14.0400,14.2400,14.1700,35769456,506021908.2000,0.737900,1,0.494000,18.954771,2.425640,1.026384,82.959816,0
2025-06-11,sh.600489,14.2100,14.3600,14.1500,14.3000,14.2400,35217884,502613303.0700,0.726500,1,0.421300,19.034637,2.435860,1.030708,83.309366,0
2025-06-12,sh.600489,14.3800,14.6800,14.3200,14.6700,14.3000,59284290,861038370.9400,1.223000,1,2.587400,19.527141,2.498886,1.057377,85.464923,0
2025-06-13,sh.600489,14.9400,15.1000,14.8300,14.9800,14.6700,99554465,1491069994.4400,2.053800,1,2.113200,19.939780,2.551691,1.079721,87.270930,0
2025-06-16,sh.600489,14.9900,15.0300,14.6800,14.7600,14.9800,55404820,822256658.5300,1.143000,1,-1.468600,19.646940,2.514217,1.063864,85.989248,0
2025-06-17,sh.600489,14.6500,14.8600,14.5600,14.5900,14.7600,44109070,647656214.4800,0.910000,1,-1.151800,19.420654,2.485259,1.051611,84.998857,0
2025-06-18,sh.600489,14.5700,14.6900,14.4400,14.6200,14.5900,32461263,473351627.8100,0.669700,1,0.205600,19.460587,2.490369,1.053773,85.173631,0
2025-06-19,sh.600489,14.5000,14.5900,14.3500,14.4200,14.6200,35094515,508206756.8100,0.724000,1,-1.368000,19.194368,2.456301,1.039358,84.008465,0
2025-06-20,sh.600489,14.3600,14.4200,14.2100,14.3100,14.4200,29689299,425186761.7900,0.612500,1,-0.762800,19.047948,2.437564,1.031429,83.367624,0
2025-06-23,sh.600489,14.4000,14.4200,14.2500,14.3000,14.3100,31419075,450092449.0900,0.648200,1,-0.069900,19.034637,2.435860,1.030708,83.309366,0
2025-06-24,sh.600489,14.1600,14.3000,14.0500,14.1100,14.3000,49583484,703101005.9800,1.022900,1,-1.328700,18.781729,2.403496,1.017014,82.202458,0
2025-06-25,sh.600489,14.1300,14.3500,14.1300,14.3400,14.1100,34654637,494038132.7400,0.714900,1,1.630000,19.087881,2.442674,1.033592,83.542399,0
2025-06-26,sh.600489,14.3500,14.6000,14.2100,14.5300,14.3400,48512486,701464771.5600,1.000800,1,1.325000,19.340788,2.475038,1.047286,84.649307,0
2025-06-27,sh.600489,14.4800,14.7400,14.4600,14.4700,14.5300,47371409,690457056.5900,0.977300,1,-0.412900,19.260923,2.464818,1.042962,84.299757,0
2025-06-30,sh.600489,14.3800,14.6500,14.3200,14.6300,14.4700,37680950,547097512.6200,0.777400,1,1.105700,19.473898,2.492072,1.054494,85.231890,0
2025-07-01,sh.600489,14.7400,14.9000,14.6300,14.8800,14.6300,38245708,565679428.9500,0.789000,1,1.708800,19.806671,2.534657,1.072513,86.688347,0
2025-07-02,sh.600489,14.8500,15.0000,14.8100,14.8600,14.8800,40630248,605386606.2500,0.838200,1,-0.134400,19.780049,2.531251,1.071072,86.571831,0
2025-07-03,sh.600489,14.5500,14.5600,14.3200,14.4300,14.4700,35536581,512625990.3700,0.733100,1,-0.276400,19.207679,2.458004,1.040078,84.066724,0
2025-07-04,sh.600489,14.3200,14.4300,14.0900,14.3300,14.4300,41642630,593173573.5700,0.859100,1,-0.693000,19.074570,2.440970,1.032871,83.484141,0
2025-07-07,sh.600489,14.2000,14.3300,14.1400,14.2200,14.3300,22911588,326513598.6000,0.472700,1,-0.767600,18.928149,2.422233,1.024942,82.843300,0
2025-07-08,sh.600489,14.2800,14.4600,14.1600,14.1900,14.2200,33978592,484162661.7500,0.701000,1,-0.211000,18.888217,2.417123,1.022780,82.668525,0
2025-07-09,sh.600489,14.1500,14.1800,13.7500,13.7800,14.1900,68135831,948863025.7800,1.405600,1,-2.889400,18.342468,2.347283,0.993228,80.279934,0
2025-07-10,sh.600489,13.8700,13.9200,13.7300,13.7800,13.7800,38045855,525701548.5400,0.784900,1,0.000000,18.342468,2.347283,0.993228,80.279934,0
2025-07-11,sh.600489,13.8000,13.9600,13.8000,13.8700,13.7800,47016895,652831776.4700,0.970000,1,0.653100,18.462267,2.362614,0.999715,80.804259,0
2025-07-14,sh.600489,14.5400,15.2600,14.5400,15.2200,13.8700,233695661,3513425440.2100,4.821100,1,9.733200,20.259243,2.592573,1.097020,88.669129,0
2025-07-15,sh.600489,14.9900,15.2000,14.8200,15.2000,15.2200,109426622,1642821643.5800,2.257500,1,-0.131400,20.232621,2.589166,1.095578,88.552613,0
2025-07-16,sh.600489,15.0000,15.1700,14.9200,15.0600,15.2000,44116045,662848135.1500,0.910100,1,-0.921100,20.046268,2.565318,1.085487,87.736997,0
2025-07-17,sh.600489,15.0500,15.3000,14.9000,14.9900,15.0600,59423327,898174647.9600,1.225900,1,-0.464800,19.953091,2.553395,1.080442,87.329188,0
2025-07-18,sh.600489,14.9600,15.1800,14.8900,15.1500,14.9900,48462106,728562566.1600,0.999800,1,1.067400,20.166066,2.580649,1.091974,88.261321,0
2025-07-21,sh.600489,15.2000,15.4000,15.0500,15.3000,15.1500,57523504,876518289.4100,1.186700,1,0.990100,20.365730,2.606200,1.102786,89.135196,0
2025-07-22,sh.600489,15.4900,16.0400,15.4800,15.7800,15.3000,90807610,1432892176.4000,1.873400,1,3.137300,21.004655,2.687963,1.137383,91.931594,0
2025-07-23,sh.600489,16.0000,16.1000,15.8200,15.8900,15.7800,67055864,1068214820.1000,1.383400,1,0.697100,21.151075,2.706701,1.145312,92.572435,0
2025-07-24,sh.600489,15.1100,15.2700,14.6100,15.1900,15.8900,337064040,5024665288.7300,6.953600,1,-4.405300,20.219310,2.587463,1.094857,88.494354,0
2025-07-25,sh.600489,14.9000,15.0900,14.8500,14.9200,15.1900,155235475,2322235281.7200,3.202500,1,-1.777500,19.859915,2.541471,1.075396,86.921380,0
2025-07-28,sh.600489,14.8500,14.9200,14.7300,14.8100,14.9200,78107051,1155281098.1100,1.611300,1,-0.737300,19.713494,2.522734,1.067468,86.280539,0
2025-07-29,sh.600489,14.7300,14.7600,14.5600,14.6800,14.8100,64395366,942919803.0900,1.328500,1,-0.877800,19.540452,2.500589,1.058098,85.523181,0
2025-07-30,sh.600489,14.7500,14.8500,14.6200,14.7300,14.6800,65136806,961753970.9000,1.343800,1,0.340600,19.607007,2.509106,1.061702,85.814473,0
2025-07-31,sh.600489,14.5500,14.5600,14.2500,14.3200,14.7300,84037470,1208638545.8900,1.733700,1,-2.783400,19.061259,2.439267,1.032150,83.425882,0
2025-08-01,sh.600489,14.3400,14.5000,14.3100,14.4500,14.3200,46726688,673729107.1700,0.964000,1,0.907800,19.234301,2.461411,1.041520,84.183240,0
2025-08-04,sh.600489,14.7100,14.9100,14.6200,14.8800,14.4500,119736262,1771695036.9900,2.470200,1,2.975800,19.806671,2.534657,1.072513,86.688347,0
2025-08-05,sh.600489,14.9100,15.0300,14.7600,14.7800,14.8800,73387630,1091939705.0100,1.514000,1,-0.672000,19.673562,2.517623,1.065306,86.105764,0
2025-08-06,sh.600489,14.8500,14.9200,14.7800,14.8300,14.7800,53044071,787319591.5800,1.094300,1,0.338300,19.740116,2.526140,1.068909,86.397056,0
2025-08-07,sh.600489,14.9000,14.9900,14.7500,14.9700,14.8300,62627036,930539572.4200,1.292000,1,0.944000,19.926469,2.549988,1.079000,87.212672,0
2025-08-08,sh.600489,15.0400,15.1400,14.9600,15.0300,14.9700,75430522,1135024559.8400,1.556100,1,0.400800,20.006335,2.560208,1.083325,87.562222,0
2025-08-11,sh.600489,14.8100,14.8200,14.6000,14.6200,15.0300,94333324,1384431129.0700,1.946100,1,-2.727900,19.460587,2.490369,1.053773,85.173631,0
2025-08-12,sh.600489,14.6000,14.6800,14.5500,14.5700,14.6200,47295654,690552714.1300,0.975700,1,-0.342000,19.394032,2.481852,1.050169,84.882340,0
2025-08-13,sh.600489,14.5900,14.7600,14.5700,14.7600,14.5700,80252729,1175983109.9000,1.655600,1,1.304000,19.646940,2.514217,1.063864,85.989248,0
2025-08-14,sh.600489,14.7600,14.8800,14.5900,14.6600,14.7600,83823403,1233885490.1300,1.729300,1,-0.677500,19.513830,2.497183,1.056656,85.406665,0
2025-08-15,sh.600489,14.5200,14.6900,14.4600,14.6200,14.6600,68072871,995091883.8100,1.404300,1,-0.272900,19.460587,2.490369,1.053773,85.173631,0
2025-08-18,sh.600489,14.6100,14.6400,14.4400,14.5000,14.6200,92994373,1349773203.4000,1.918500,1,-0.820800,19.300856,2.469928,1.045124,84.474532,0
2025-08-19,sh.600489,14.4500,14.4900,14.3300,14.3600,14.5000,71631396,1030045926.2100,1.477800,1,-0.965500,19.114502,2.446081,1.035033,83.658916,0
2025-08-20,sh.600489,14.2800,14.4300,14.2000,14.4300,14.3600,64413027,925112057.9600,1.328800,1,0.487500,19.207679,2.458004,1.040078,84.066724,0
2025-08-21,sh.600489,14.4900,14.6500,14.4400,14.5200,14.4300,75690358,1102495753.6900,1.561500,1,0.623700,19.327477,2.473335,1.046565,84.591048,0
2025-08-22,sh.600489,14.5100,14.5700,14.4200,14.5000,14.5200,48145219,696716604.9500,0.993200,1,-0.137700,19.300856,2.469928,1.045124,84.474532,0
2025-08-25,sh.600489,14.6800,15.1500,14.6600,15.1500,14.5000,169852774,2545425483.1800,3.504100,1,4.482800,20.166066,2.580649,1.091974,88.261321,0
2025-08-26,sh.600489,15.1500,15.3200,15.0400,15.2700,15.1500,80620839,1225769479.2300,1.663200,1,0.792100,20.325797,2.601090,1.100624,88.960421,0
2025-08-27,sh.600489,15.4000,15.4700,15.0800,15.0900,15.2700,101890437,1557504506.6300,2.102000,1,-1.178800,20.086201,2.570429,1.087650,87.911771,0
2025-08-28,sh.600489,15.2100,15.4500,14.9900,15.2700,15.0900,79370963,1209017948.3700,1.637400,1,1.192800,20.325797,2.601090,1.100624,88.960421,0
2025-08-29,sh.600489,15.7500,16.0300,15.6100,15.9700,15.2700,181801633,2888460093.5200,3.750600,1,4.584200,17.844539,2.737564,1.073801,42.922309,0
2025-09-01,sh.600489,16.4000,17.5700,16.2800,17.5700,15.9700,229024360,3899725396.0800,4.724800,1,10.018800,19.632345,3.011835,1.181383,47.222603,0
2025-09-02,sh.600489,18.0700,18.1200,17.5600,17.7600,17.5700,228715612,4078202976.6900,4.718400,1,1.081400,19.844647,3.044404,1.194158,47.733263,0
2025-09-03,sh.600489,18.5300,18.7500,17.9300,18.1700,17.7600,194757604,3565642647.9500,4.017800,1,2.308600,20.302772,3.114686,1.221726,48.835214,0
2025-09-04,sh.600489,18.1600,18.4500,17.3200,17.5900,18.1700,164260534,2924804060.7100,3.388700,1,-3.192100,19.654692,3.015263,1.182727,47.276357,0
2025-09-05,sh.600489,17.5900,18.4500,17.5200,18.1500,17.5900,135386019,2433937437.9200,2.793000,1,3.183600,20.280424,3.111258,1.220381,48.781460,0
2025-09-08,sh.600489,18.4000,18.4900,17.9300,18.1700,18.1500,127910026,2329726953.5000,2.638800,1,0.110200,20.302772,3.114686,1.221726,48.835214,0
2025-09-09,sh.600489,18.5500,19.5800,18.4600,19.1000,18.1700,238677689,4562946737.3200,4.923900,1,5.118300,21.341934,3.274106,1.284258,51.334760,0
2025-09-10,sh.600489,18.5400,19.2100,18.3500,19.0900,19.1000,147412849,2781131839.7000,3.041100,1,-0.052400,21.330760,3.272392,1.283585,51.307883,0
2025-09-11,sh.600489,19.1300,19.4200,18.7100,18.9900,19.0900,106952430,2021888513.9800,2.206400,1,-0.523800,21.219023,3.255250,1.276861,51.039114,0
2025-09-12,sh.600489,18.9500,19.6800,18.8200,19.3000,18.9900,146836353,2837508584.7200,3.029200,1,1.632400,21.565410,3.308390,1.297705,51.872296,0
2025-09-15,sh.600489,19.0600,19.3600,18.9800,19.0600,19.3000,82238839,1574794020.0100,1.696600,1,-1.243500,21.297239,3.267249,1.281568,51.227252,0
2025-09-16,sh.600489,19.6800,19.7300,18.6400,19.2500,19.0600,124106500,2365809779.2500,2.560300,1,0.996900,21.509541,3.299819,1.294343,51.737912,0
2025-09-17,sh.600489,19.0000,19.0800,18.5400,18.6800,19.2500,104983061,1964043388.5800,2.165800,1,-2.961000,20.872635,3.202110,1.256017,50.205932,0
2025-09-18,sh.600489,18.4100,18.6400,17.8900,18.0500,18.6800,111508835,2040857029.6900,2.300400,1,-3.372600,20.168687,3.094116,1.213657,48.512692,0
2025-09-19,sh.600489,18.2100,18.4200,18.1300,18.2600,18.0500,60938694,1114874123.5800,1.257200,1,1.163400,20.403336,3.130114,1.227777,49.077105,0
2025-09-22,sh.600489,18.9000,19.9900,18.7800,19.9800,18.2600,172823245,3342287327.3800,3.565300,1,9.419500,22.325228,3.424955,1.343428,53.699921,0
2025-09-23,sh.600489,20.3700,20.8200,19.8700,20.3700,19.9800,153224034,3106244219.7100,3.161000,1,1.952000,22.761005,3.491808,1.369651,54.748118,0
2025-09-24,sh.600489,20.2400,20.5700,19.9500,20.5100,20.3700,99005854,2007123201.1500,2.042500,1,0.687300,22.917438,3.515807,1.379064,55.124394,0
2025-09-25,sh.600489,20.3700,20.8800,20.2900,20.4400,20.5100,106047204,2174815145.5500,2.187800,1,-0.341300,22.839222,3.503807,1.374357,54.936256,0
2025-09-26,sh.600489,20.6000,20.7000,20.3000,20.5500,20.4400,66401094,1363392442.7000,1.369900,1,0.538200,22.962133,3.522664,1.381754,55.231901,0
2025-09-29,sh.600489,20.8900,21.2000,20.4100,21.1200,20.5500,116949389,2439345637.7400,2.412700,1,2.773700,23.599039,3.620373,1.420080,56.763881,0
2025-09-30,sh.600489,21.2200,22.1500,21.1600,21.9300,21.1200,119688382,2602699143.1800,2.469200,1,3.835200,24.504116,3.759222,1.474543,58.940905,0
2025-10-09,sh.600489,23.5000,24.1200,23.1800,24.1200,21.9300,142111798,3393377836.7000,2.931800,1,9.986300,26.951176,4.134630,1.621795,64.826932,0
2025-10-10,sh.600489,23.4800,24.1200,23.2000,23.6000,24.1200,119150852,2815906584.8900,2.458100,1,-2.155900,26.370139,4.045492,1.586831,63.429336,0
2025-10-13,sh.600489,24.1000,25.8800,23.3100,25.5000,23.6000,170327097,4144189646.2500,3.513800,1,8.050800,28.493158,4.371188,1.714585,68.535936,0
2025-10-14,sh.600489,26.7900,26.8000,24.0600,24.7600,25.5000,193621159,4943820692.2400,3.994400,1,-2.902000,27.666298,4.244338,1.664828,66.547050,0
2025-10-15,sh.600489,25.3200,25.5000,24.2700,25.2000,24.7600,129466637,3223916740.3900,2.670900,1,1.777100,28.157945,4.319763,1.694413,67.729630,0
2025-10-16,sh.600489,25.3500,25.7600,24.2200,24.4200,25.2000,123979313,3094439289.2800,2.557700,1,-3.095200,27.286389,4.186056,1.641967,65.633237,0
2025-10-17,sh.600489,25.2200,25.5000,24.5700,24.9600,24.4200,125466064,3139653092.0800,2.588400,1,2.211300,27.889774,4.278622,1.678276,67.084586,0
2025-10-20,sh.600489,23.8500,24.5600,23.4100,23.6300,24.9600,133899507,3194969312.9500,2.762300,1,-5.328500,26.403660,4.050635,1.588849,63.509967,0
2025-10-21,sh.600489,24.3800,24.4000,23.4200,23.4800,23.6300,109129552,2597594555.9600,2.251300,1,-0.634800,26.236053,4.024922,1.578763,63.106814,0
2025-10-22,sh.600489,21.5000,22.9700,21.5000,22.9000,23.4800,158228030,3526307631.3200,3.264200,1,-2.470200,25.587974,3.925499,1.539764,61.547958,0
2025-10-23,sh.600489,22.4800,23.1100,21.9300,22.6100,22.9000,94594014,2110649358.6000,1.951500,1,-1.266400,25.263934,3.875787,1.520265,60.768530,0
2025-10-24,sh.600489,22.8000,22.8500,22.1300,22.3300,22.6100,76540506,1715072689.2700,1.579000,1,-1.238400,24.951068,3.827790,1.501438,60.015978,0
2025-10-27,sh.600489,22.1900,23.1000,22.1700,22.9300,22.3300,85502935,1941227459.3300,1.763900,1,2.687000,25.621495,3.930641,1.541782,61.628588,0
2025-10-28,sh.600489,22.5000,22.8500,22.0000,22.1300,22.9300,82179270,1843968957.8200,1.695400,1,-3.488900,24.727592,3.793506,1.487991,59.478441,0
2025-10-29,sh.600489,22.3600,22.8000,22.2900,22.7500,22.1300,66404610,1497009924.9500,1.369900,1,2.801600,25.420367,3.899786,1.529679,61.144805,0
2025-10-30,sh.600489,22.1100,22.7000,21.9800,22.3000,22.7500,105312315,2346545205.8100,2.172600,1,-1.978000,24.446652,3.702451,1.470933,41.251835,0
2025-10-31,sh.600489,22.6900,22.7400,21.9300,22.1700,22.3000,85503967,1899866931.3200,1.763900,1,-0.583000,24.304138,3.680868,1.462358,41.011353,0
2025-11-03,sh.600489,21.7000,21.9000,21.2600,21.8300,22.1700,77853336,1683086000.3400,1.606100,1,-1.533600,23.931409,3.624418,1.439931,40.382401,0
2025-11-04,sh.600489,21.4000,21.6000,20.5400,20.7000,21.8300,98105601,2057618307.9600,2.023900,1,-5.176400,22.692632,3.436805,1.365395,38.292062,0
2025-11-05,sh.600489,20.0600,20.9500,20.0500,20.8500,20.7000,80699395,1664471198.8700,1.664800,1,0.724600,22.857072,3.461709,1.375289,38.569540,0
2025-11-06,sh.600489,20.7300,21.0800,20.7200,21.0700,20.8500,48417223,1014786002.2000,0.998800,1,1.055200,23.098249,3.498235,1.389801,38.976509,0
2025-11-07,sh.600489,21.0600,21.3800,20.9800,21.0800,21.0700,43870986,927859609.1600,0.905100,1,0.047500,23.109212,3.499896,1.390460,38.995008,0
2025-11-10,sh.600489,21.3900,21.5900,21.2200,21.4700,21.0800,67741505,1450217750.1800,1.397500,1,1.850100,23.536754,3.564647,1.416185,39.716452,0
2025-11-11,sh.600489,21.9000,22.0600,21.2500,21.4100,21.4700,82096301,1774129960.6400,1.693600,1,-0.279500,23.470979,3.554685,1.412227,39.605461,0
2025-11-12,sh.600489,21.4000,21.6300,21.0600,21.2700,21.4100,46216413,986984943.9200,0.953400,1,-0.653900,23.317502,3.531441,1.402993,39.346481,0
2025-11-13,sh.600489,21.6300,22.3100,21.5700,22.0200,21.2700,99887458,2195229319.2700,2.060700,1,3.526100,24.139699,3.655963,1.452464,40.733874,0
2025-11-14,sh.600489,21.6700,22.3100,21.4300,21.8100,22.0200,68557473,1501717191.4200,1.414300,1,-0.953700,23.909484,3.621097,1.438612,40.345404,0
2025-11-17,sh.600489,21.5000,21.8100,21.3200,21.6500,21.8100,56484937,1216048444.5200,1.165300,1,-0.733600,23.734082,3.594532,1.428058,40.049427,0
2025-11-18,sh.600489,21.4500,21.4800,20.6800,20.8900,21.6500,52606105,1107148159.3100,1.085300,1,-3.510400,22.900922,3.468350,1.377928,38.643535,0
2025-11-19,sh.600489,21.0500,22.9800,21.0300,22.7200,20.8900,108661264,2397129064.2900,2.241700,1,8.760200,24.907082,3.772184,1.498637,42.028775,0
2025-11-20,sh.600489,22.4900,23.0000,22.2200,22.3500,22.7200,70940407,1599646722.9400,1.463500,1,-1.628500,24.501465,3.710753,1.474231,41.344328,0
2025-11-21,sh.600489,21.9700,22.2800,21.4100,21.4400,22.3500,67859417,1474375632.4600,1.399900,1,-4.071600,23.503867,3.559666,1.414206,39.660957,0
2025-11-24,sh.600489,21.4300,21.5900,21.0200,21.1900,21.4400,46681461,992727132.2600,0.963000,1,-1.166000,23.229801,3.518159,1.397716,39.198492,0
2025-11-25,sh.600489,21.8300,22.5000,21.7700,22.0700,21.1900,66863939,1477404771.9600,1.379400,1,4.152900,24.194512,3.664265,1.455762,40.826367,0
2025-11-26,sh.600489,22.1100,22.5300,22.0300,22.1800,22.0700,47664494,1061402635.9000,0.983300,1,0.498400,24.315101,3.682528,1.463018,41.029852,0
2025-11-27,sh.600489,22.2900,22.5200,22.0900,22.1400,22.1800,43154112,959950057.9200,0.890300,1,-0.180300,24.271250,3.675887,1.460379,40.955857,0
2025-11-28,sh.600489,22.4200,22.8700,22.3500,22.4800,22.1400,55701532,1257277385.2700,1.149100,1,1.535700,24.643979,3.732337,1.482806,41.584809,0
2025-12-01,sh.600489,23.0100,23.3300,22.6600,22.8700,22.4800,75226594,1731304804.9300,1.551900,1,1.734900,25.071522,3.797088,1.508531,42.306254,0
2025-12-02,sh.600489,22.5100,22.6900,22.3500,22.4800,22.8700,36654551,824105214.2100,0.756200,1,-1.705300,24.643979,3.732337,1.482806,41.584809,0
2025-12-03,sh.600489,22.5500,22.7800,22.3000,22.3700,22.4800,45034773,1014492879.9700,0.929100,1,-0.489300,24.523391,3.714073,1.475550,41.381325,0
2025-12-04,sh.600489,22.5000,22.7500,21.9400,22.1300,22.3700,48811387,1090628135.0200,1.007000,1,-1.072900,24.260288,3.674226,1.459719,40.937359,0
2025-12-05,sh.600489,22.0500,22.9600,22.0000,22.8500,22.1300,62059647,1404488635.5100,1.280300,1,3.253500,25.049597,3.793767,1.507211,42.269257,0
2025-12-08,sh.600489,22.7100,22.8000,22.1600,22.3500,22.8500,69733337,1556014471.2300,1.438600,1,-2.188200,24.501465,3.710753,1.474231,41.344328,0
2025-12-09,sh.600489,22.1200,22.1400,21.2200,21.3100,22.3500,85118609,1833964669.7100,1.756000,1,-4.653200,23.361352,3.538082,1.405631,39.420475,0
2025-12-10,sh.600489,21.5700,21.8300,21.5200,21.8100,21.3100,50976118,1106112771.9700,1.051600,1,2.346300,23.909484,3.621097,1.438612,40.345404,0
2025-12-11,sh.600489,22.1300,22.5600,21.7400,21.8000,21.8100,60287170,1337996030.5500,1.243700,1,-0.045900,23.898521,3.619437,1.437952,40.326906,0
2025-12-12,sh.600489,22.4100,22.8500,22.2400,22.6000,21.8000,84611244,1904773027.4300,1.745500,1,3.669700,24.775531,3.752260,1.490721,41.806792,0
2025-12-15,sh.600489,22.5100,23.1800,22.5100,23.1600,22.6000,76986315,1769840441.6200,1.588200,1,2.477900,25.389438,3.845236,1.527659,42.842713,0
2025-12-16,sh.600489,22.8100,22.8900,21.7000,21.8800,23.1600,80537368,1785305254.6100,1.661500,1,-5.526800,23.986222,3.632719,1.443229,40.474894,0
2025-12-17,sh.600489,22.1000,22.7800,22.0200,22.6200,21.8800,72464068,1626810331.9000,1.494900,1,3.382100,24.797456,3.755581,1.492040,41.843789,0
2025-12-18,sh.600489,22.5900,22.9000,22.3300,22.7200,22.6200,52805470,1197835797.8300,1.089400,1,0.442100,24.907082,3.772184,1.498637,42.028775,0
2025-12-19,sh.600489,22.5000,22.9300,22.1100,22.8700,22.7200,51148145,1154116261.5700,1.055200,1,0.660200,25.071522,3.797088,1.508531,42.306254,0
2025-12-22,sh.600489,23.2200,24.1000,23.2200,23.8500,22.8700,77639404,1844949310.6500,1.601700,1,4.285100,26.145859,3.959797,1.573173,44.119115,0
2025-12-23,sh.600489,24.3800,24.6500,23.9500,24.1300,23.8500,83757125,2031969682.9400,1.727900,1,1.174000,26.452812,4.006285,1.591642,44.637075,0
2025-12-24,sh.600489,24.4500,24.5000,23.6600,23.9500,24.1300,69996636,1673590797.8100,1.444000,1,-0.746000,26.255485,3.976400,1.579769,44.304100,0
2025-12-25,sh.600489,23.5800,23.5800,22.9900,23.2000,23.9500,69982779,1623028784.0200,1.443700,1,-3.131500,25.433288,3.851878,1.530298,42.916707,0
2025-12-26,sh.600489,23.5000,23.6200,23.2000,23.4400,23.2000,63268877,1484846969.7500,1.305200,1,1.034500,25.696391,3.891725,1.546129,43.360673,0
2025-12-29,sh.600489,23.5200,23.5900,22.8400,22.8800,23.4400,74696270,1732365452.8700,1.541000,1,-2.389100,25.082484,3.798748,1.509190,42.324752,0
2025-12-30,sh.600489,22.1400,23.5700,22.1000,23.3700,22.8800,87393318,2013884025.2500,1.802900,1,2.141600,25.619653,3.880103,1.541511,43.231183,0
2025-12-31,sh.600489,23.2200,23.9500,23.1000,23.3600,23.3700,47305614,1110116582.2300,0.975900,1,-0.042800,25.608690,3.878442,1.540852,43.212684,0
2026-01-05,sh.600489,23.9800,24.3200,23.6000,24.2200,23.3600,72630586,1743665423.9100,1.498400,1,3.681500,26.551476,4.021227,1.597578,44.803562,0
2026-01-06,sh.600489,24.3000,24.9300,24.2300,24.7200,24.2200,75992689,1871419579.1100,1.567700,1,2.064400,27.099607,4.104242,1.630559,45.728491,0
2026-01-07,sh.600489,24.7200,25.0900,24.3100,24.5700,24.7200,64768063,1598168164.6200,1.336200,1,-0.606800,26.935168,4.079338,1.620665,45.451012,0
2026-01-08,sh.600489,24.4500,25.1500,23.9300,24.2500,24.5700,65582197,1603563143.8400,1.353000,1,-1.302400,26.584364,4.026208,1.599557,44.859058,0
2026-01-09,sh.600489,24.3100,25.1500,24.2700,24.9300,24.2500,71492148,1775223770.5600,1.474900,1,2.804100,27.329822,4.139108,1.644411,46.116961,0
2026-01-12,sh.600489,25.7000,25.9500,24.9100,25.0200,24.9300,87012921,2200576349.6400,1.795100,1,0.361000,27.428486,4.154051,1.650347,46.283449,0
2026-01-13,sh.600489,25.1200,26.2600,25.0300,25.6400,25.0200,88310644,2276427134.0600,1.821800,1,2.478000,28.108169,4.256989,1.691243,47.430361,0
2026-01-14,sh.600489,25.9800,26.3500,25.7100,26.1500,25.6400,84399358,2199736753.6200,1.741200,1,1.989100,28.667263,4.341664,1.724883,48.373788,0
2026-01-15,sh.600489,26.0100,27.0600,25.7700,26.2000,26.1500,87432749,2306996537.6400,1.803700,1,0.191200,28.722076,4.349965,1.728181,48.466281,0
2026-01-16,sh.600489,26.0800,26.7400,25.4700,25.6100,26.2000,85660177,2216731040.2100,1.767200,1,-2.251900,28.075281,4.252008,1.689264,47.374865,0
2026-01-19,sh.600489,26.0700,27.0600,25.8600,26.9500,25.6100,88348275,2343996854.7600,1.822600,1,5.232300,29.544273,4.474487,1.777652,49.853675,0
2026-01-20,sh.600489,27.0000,27.6600,25.8800,27.5600,26.9500,104806159,2812475825.5500,2.162100,1,2.263500,30.212993,4.575765,1.817888,50.982088,0
2026-01-21,sh.600489,28.1800,30.3000,28.1000,29.9000,27.5600,148671640,4325624860.1100,3.067100,1,8.490600,32.778247,4.964273,1.972237,55.310756,0
2026-01-22,sh.600489,28.8000,29.6500,28.5100,29.1800,29.9000,102424792,2971128992.2600,2.113000,1,-2.408000,31.988938,4.844732,1.924745,53.978858,0
2026-01-23,sh.600489,30.9700,30.9800,29.7200,30.0000,29.1800,102647637,3119609232.6200,2.117600,1,2.810100,32.887873,4.980876,1.978833,55.495742,0
2026-01-26,sh.600489,31.3100,33.0000,31.3000,33.0000,30.0000,127482675,4153619724.0800,2.630000,1,10.000000,36.176660,5.478964,2.176717,61.045316,0
2026-01-27,sh.600489,32.3000,35.0300,32.2900,34.2800,33.0000,181634286,6145620160.9700,3.747100,1,3.878800,37.579876,5.691481,2.261147,63.413134,0
2026-01-28,sh.600489,35.0000,37.7100,34.3900,37.7100,34.2800,183897122,6715332967.7200,3.793800,1,10.005800,41.340056,6.260961,2.487394,69.758147,0
2026-01-29,sh.600489,39.9900,41.4800,37.8200,41.0000,37.7100,269866878,10833777182.5100,5.567400,1,8.724500,44.946760,6.807198,2.704406,75.844180,0
2026-01-30,sh.600489,36.9000,38.1000,36.9000,36.9000,41.0000,115359317,4289637267.6800,2.379900,1,-10.000000,40.452084,6.126478,2.433965,68.259762,0
2026-02-02,sh.600489,33.2100,33.2100,33.2100,33.2100,36.9000,6258700,207851427.0000,0.129100,1,-10.000000,36.406875,5.513830,2.190569,61.433786,0
2026-02-03,sh.600489,30.5000,34.3100,29.8900,32.9500,33.2100,343344469,10617765535.1900,7.083200,1,-0.782900,36.121847,5.470662,2.173419,60.952823,0
2026-02-04,sh.600489,33.0100,33.0500,31.0300,31.5600,32.9500,182103688,5776637439.7700,3.756800,1,-4.218500,34.598042,5.239882,2.081733,58.381520,0
2026-02-05,sh.600489,30.3600,31.3900,29.4100,29.9200,31.5600,176931483,5337911071.5100,3.650100,1,-5.196500,32.800172,4.967594,1.973557,55.347753,0
2026-02-06,sh.600489,28.1000,30.1400,28.1000,29.5500,29.9200,131025122,3845721555.9500,2.703000,1,-1.236600,32.394555,4.906163,1.949151,54.663306,0
2026-02-09,sh.600489,30.2600,30.4500,29.8100,30.1800,29.5500,84047748,2530974154.8600,1.733900,1,2.132000,33.085200,5.010762,1.990706,55.828716,0
2026-02-10,sh.600489,30.3000,30.6900,29.8200,29.9700,30.1800,66212550,1998779797.0200,1.366000,1,-0.695800,32.854985,4.975895,1.976855,55.440246,0
2026-02-11,sh.600489,29.9500,31.0900,29.8800,30.6700,29.9700,87419727,2665459376.5800,1.803500,1,2.335700,33.622369,5.092116,2.023027,56.735147,0
2026-02-12,sh.600489,30.4500,31.5000,30.3600,30.6100,30.6700,77587110,2401779410.2300,1.600600,1,-0.195600,33.556593,5.082154,2.019070,56.624155,0
2026-02-13,sh.600489,29.9900,30.3200,29.4300,29.5100,30.6100,84102245,2506244556.6200,1.735000,1,-3.593600,32.350704,4.899522,1.946513,54.589311,0
2026-02-24,sh.600489,30.9800,31.4400,30.5100,31.1000,29.5100,107661067,3338769501.8600,2.221000,1,5.388000,34.093762,5.163508,2.051391,57.530586,0
2026-02-25,sh.600489,31.0000,31.8800,30.7100,31.4900,31.1000,90472019,2835518889.2900,1.866400,1,1.254000,34.521304,5.228260,2.077116,58.252030,0
2026-02-26,sh.600489,31.3000,31.4900,30.8300,31.0700,31.4900,71524218,2224592796.1400,1.475500,1,-1.333800,34.060874,5.158528,2.049412,57.475090,0
2026-02-27,sh.600489,31.0000,31.9800,30.9200,31.8400,31.0700,92739155,2933122640.0200,1.913200,1,2.478300,34.904996,5.286370,2.100202,58.899480,0
2026-03-02,sh.600489,33.8000,35.0200,31.8500,35.0200,31.8400,224683901,7469192323.0600,4.635200,1,9.987400,38.391110,5.814343,2.309958,64.782029,0
2026-03-03,sh.600489,34.0100,35.5000,33.3900,33.6600,35.0200,161811257,5541816342.6000,3.338200,1,-3.883500,36.900193,5.588543,2.220251,62.266222,0
2026-03-04,sh.600489,31.7800,33.0000,31.7800,32.2900,33.6600,101171449,3267704253.8200,2.087200,1,-4.070100,35.398314,5.361083,2.129884,59.731917,0
2026-03-05,sh.600489,32.6100,32.6400,31.2000,31.9000,32.2900,83834823,2665554138.5300,1.729500,1,-1.207800,34.970772,5.296332,2.104160,59.010472,0
2026-03-06,sh.600489,31.0500,31.7600,30.6700,31.5200,31.9000,65231083,2044112630.7700,1.345700,1,-1.191200,34.554192,5.233241,2.079094,58.307526,0
2026-03-09,sh.600489,30.5100,31.9800,30.1600,31.4000,31.5200,81936015,2535021656.6200,1.690300,1,-0.380700,34.422640,5.213317,2.071179,58.085543,0
2026-03-10,sh.600489,31.8800,32.1900,31.3900,31.8100,31.4000,53787910,1712974033.4200,1.109600,1,1.305700,34.872108,5.281389,2.098223,58.843985,0
2026-03-11,sh.600489,32.1600,32.3600,31.6800,32.0300,31.8100,53144212,1700641631.1400,1.096400,1,0.691600,35.113286,5.317916,2.112735,59.250954,0
2026-03-12,sh.600489,31.6000,32.0800,30.9500,31.3400,32.0300,65001772,2044130486.9200,1.341000,1,-2.154200,34.356865,5.203355,2.067221,57.974551,0
2026-03-13,sh.600489,30.8800,32.0800,30.6700,30.7700,31.3400,66079687,2072814281.1500,1.363200,1,-1.818800,33.731995,5.108719,2.029624,56.920132,0
2026-03-16,sh.600489,30.0000,30.3900,28.7700,29.3700,30.7700,83011418,2441574409.2900,1.712500,1,-4.549900,32.197228,4.876278,1.937278,54.330331,0
2026-03-17,sh.600489,29.3700,30.0500,29.2100,29.3300,29.3700,59554885,1760761535.3400,1.228600,1,-0.136200,32.153377,4.869637,1.934640,54.256337,0
2026-03-18,sh.600489,29.2500,29.4000,28.5000,28.9600,29.3300,56610914,1636213867.6000,1.167900,1,-1.261500,31.747760,4.808206,1.910234,53.571889,0
2026-03-19,sh.600489,27.3900,27.9600,26.5200,26.7000,28.9600,122252329,3325260352.3300,2.522100,1,-7.803900,29.270207,4.432980,1.761162,49.391210,0
2026-03-20,sh.600489,26.7000,27.3900,26.0800,26.0800,26.7000,87791825,2336463694.3400,1.811100,1,-2.322100,28.590524,4.330042,1.720266,48.244298,0
2026-03-23,sh.600489,24.6800,24.9800,23.6700,23.9100,26.0800,147598196,3593214908.2000,3.044900,1,-8.320600,26.211635,3.969758,1.577130,44.230106,0
2026-03-24,sh.600489,24.3900,24.6300,23.6500,24.6300,23.9100,98772841,2386558823.4400,2.037700,1,3.011300,27.000944,4.089299,1.624622,45.562004,0
2026-03-25,sh.600489,25.6000,26.3700,25.4200,25.5200,24.6300,120115079,3108091589.2200,2.478000,1,3.613500,27.976617,4.237065,1.683328,47.208378,0
2026-03-26,sh.600489,25.4700,25.7800,24.8800,25.0400,25.5200,63061493,1594890859.3400,1.301000,1,-1.880900,27.450411,4.157371,1.651666,46.320446,0
2026-03-27,sh.600489,24.6000,25.6700,24.6000,25.5400,25.0400,62723450,1588058934.4900,1.294000,1,1.996800,27.998543,4.240386,1.684647,47.245375,0
2026-03-30,sh.600489,25.5000,26.7500,25.4900,26.7500,25.5400,91074756,2389658846.0000,1.878900,1,4.737700,29.325020,4.441281,1.764460,49.483703,0
2026-03-31,sh.600489,27.1700,27.4700,26.5000,26.7100,26.7500,83429136,2254249431.5500,1.721100,1,-0.149500,29.281170,4.434640,1.761821,49.409709,0
2026-04-01,sh.600489,27.5000,27.9500,26.9300,27.2600,26.7100,75611637,2067955806.6100,1.559900,1,2.059200,29.884114,4.525956,1.798100,50.427131,0
2026-04-02,sh.600489,26.9900,26.9900,26.0100,26.4000,27.2600,74258430,1967001730.5200,1.532000,1,-3.154800,28.941328,4.383171,1.741373,48.836253,0
2026-04-03,sh.600489,26.7500,26.8500,26.3100,26.6800,26.4000,36940933,982134686.5600,0.762100,1,1.060600,29.248282,4.429659,1.759843,49.354213,0
2026-04-07,sh.600489,26.6300,26.8400,26.1400,26.2500,26.6800,37815805,995343837.0800,0.780100,1,-1.611700,28.776889,4.358267,1.731479,48.558774,0
2026-04-08,sh.600489,27.5700,28.7800,27.4000,28.4000,26.2500,114650595,3221481838.1800,2.365200,1,8.190500,31.133853,4.715230,1.873296,52.535969,0
2026-04-09,sh.600489,27.4400,28.0500,27.3500,27.7800,28.4000,56061029,1551890615.3900,1.156500,1,-2.183100,30.454170,4.612291,1.832400,51.389057,0
2026-04-10,sh.600489,28.1500,28.1500,27.4000,27.4200,27.7800,51898098,1437423436.8500,1.070700,1,-1.295900,30.059516,4.552521,1.808654,50.723108,0
2026-04-13,sh.600489,27.0100,27.3300,26.8400,26.9400,27.4200,41295586,1115185583.5100,0.851900,1,-1.750500,29.533310,4.472827,1.776992,49.835176,0
2026-04-14,sh.600489,27.3500,27.4900,26.4500,26.8400,26.9400,63176379,1700214698.1200,1.303300,1,-0.371200,29.423684,4.456224,1.770396,49.650190,0
2026-04-15,sh.600489,27.4100,27.6600,26.6500,26.7400,26.8400,66139182,1798874183.6200,1.364500,1,-0.372600,29.314057,4.439621,1.763800,49.465204,0
2026-04-16,sh.600489,26.8800,27.1600,26.7400,27.0700,26.7400,48195476,1298473078.0000,0.994300,1,1.234100,29.675824,4.494411,1.785567,50.075658,0
2026-04-17,sh.600489,26.6100,27.2500,26.6000,26.9000,27.0700,46263325,1246079691.6400,0.954400,1,-0.628000,29.489459,4.466186,1.774354,49.761182,0
2026-04-20,sh.600489,26.9300,27.6400,26.9300,27.0500,26.9000,49191524,1340380705.7300,1.014800,1,0.557600,29.653899,4.491090,1.784248,50.038660,0
2026-04-21,sh.600489,27.0600,27.2800,26.5800,27.2600,27.0500,45290627,1220633530.0000,0.934300,1,0.776300,29.884114,4.525956,1.798100,50.427131,0
2026-04-22,sh.600489,26.9500,27.3900,26.8700,27.2000,27.2600,44400022,1205384978.6900,0.916000,1,-0.220100,29.818338,4.515994,1.794142,50.316139,0
2026-04-23,sh.600489,27.0500,27.2100,25.6000,25.8300,27.2000,75436592,1969742644.6100,1.556300,1,-5.036800,28.316459,4.288534,1.703776,47.781834,0
2026-04-24,sh.600489,25.6200,25.8000,24.9000,25.5300,25.8300,63428189,1603724073.9300,1.308500,1,-1.161400,27.987580,4.238726,1.683987,47.226876,0
2026-04-27,sh.600489,25.4000,25.9700,25.3500,25.7300,25.5300,44326346,1140498767.4100,0.914500,1,0.783400,28.206832,4.271932,1.697179,47.596848,0
2026-04-28,sh.600489,25.5800,25.7900,25.0900,25.2700,25.7300,42113519,1070002729.4400,0.868800,1,-1.787800,27.702552,4.195558,1.666837,46.745913,0
2026-04-29,sh.600489,25.3500,26.1500,25.2800,26.0700,25.2700,64573083,1666339484.8100,1.332100,1,3.165800,20.136515,3.853061,1.455821,25.665519,0
2026-04-30,sh.600489,25.7500,26.2500,25.3600,25.9600,26.0700,61439947,1584643690.2500,1.267500,1,-0.421900,20.051551,3.836803,1.449678,25.557226,0
2026-05-06,sh.600489,26.2200,27.1000,26.0700,27.0400,25.9600,78679499,2095701117.4500,1.623200,1,4.160200,20.885745,3.996423,1.509988,26.620469,0
2026-05-07,sh.600489,27.4900,27.8600,27.0900,27.7500,27.0400,85478556,2350561881.4400,1.763400,1,2.625700,21.434150,4.101359,1.549637,27.319454,0
2026-05-08,sh.600489,27.5000,28.4800,27.4500,28.2200,27.7500,75887828,2123904432.7400,1.565600,1,1.693700,21.797179,4.170824,1.575883,27.782161,0
2026-05-11,sh.600489,27.8000,27.9400,26.8100,27.0500,28.2200,83181044,2266757404.6600,1.716000,1,-4.146000,20.893469,3.997901,1.510547,26.630314,0
2026-05-12,sh.600489,27.5900,27.8400,26.8000,26.8300,27.0500,64343134,1752083007.6000,1.327400,1,-0.813300,20.723540,3.965386,1.498261,26.413728,0
2026-05-13,sh.600489,26.8600,27.3400,26.4600,26.8200,26.8300,53501418,1432428949.1500,1.103700,1,-0.037300,20.715816,3.963908,1.497703,26.403883,0
2026-05-14,sh.600489,26.6100,26.6600,25.8300,26.0200,26.8200,53332205,1399098123.4600,1.100200,1,-2.982800,20.097895,3.845671,1.453029,25.616295,0
2026-05-15,sh.600489,25.4400,25.5000,24.1200,24.3600,26.0200,97932317,2413427323.9300,2.020300,1,-6.379700,18.815708,3.600328,1.360330,23.982050,0
2026-05-18,sh.600489,23.6200,24.0000,23.5500,23.7900,24.3600,66495625,1577939616.3700,1.371800,1,-2.339900,18.375439,3.516084,1.328499,23.420894,0
2026-05-19,sh.600489,23.7500,23.8500,23.2500,23.5800,23.7900,47147242,1107673755.1200,0.972600,1,-0.882700,18.213235,3.485047,1.316772,23.214152,0
2026-05-20,sh.600489,23.0000,23.3400,22.6400,23.3100,23.5800,58170475,1337830874.1800,1.200100,1,-1.145000,18.004686,3.445142,1.301695,22.948341,0
2026-05-21,sh.600489,23.7000,24.0000,22.7800,22.7800,23.3100,57139755,1339923819.2100,1.178800,1,-2.273700,17.595313,3.366809,1.272098,22.426564,0
2026-05-22,sh.600489,22.9000,23.4300,22.6200,23.2900,22.7800,49370685,1139308209.5900,1.018500,1,2.238800,17.989238,3.442186,1.300578,22.928651,0
2026-05-25,sh.600489,23.7000,24.1600,23.4700,23.7800,23.2900,55940360,1328355610.3400,1.154000,1,2.103900,18.367715,3.514606,1.327941,23.411049,0
2026-05-26,sh.600489,23.5000,24.7800,23.2100,24.6600,23.7800,81988521,1983591713.7600,1.691400,1,3.700600,19.047428,3.644667,1.377083,24.277395,0
2026-05-27,sh.600489,24.2900,24.6800,23.3800,23.4800,24.6600,60935297,1450176113.3500,1.257100,1,-4.785100,18.135994,3.470267,1.311188,23.115703,0
2026-05-28,sh.600489,22.9000,22.9700,21.9200,22.3900,23.4800,88230719,1969628867.8700,1.820200,1,-4.642200,17.294076,3.309169,1.250320,22.042615,0
2026-05-29,sh.600489,22.9900,23.2800,22.2500,22.4200,22.3900,76453608,1729859536.4100,1.577200,1,0.134000,17.317248,3.313603,1.251995,22.072149,0
2026-06-01,sh.600489,22.3900,22.8800,22.3900,22.5600,22.4200,50967685,1154666433.0800,1.051500,1,0.624400,17.425385,3.334294,1.259813,22.209977,0
2026-06-02,sh.600489,22.4900,23.3200,22.0300,23.1800,22.5600,71278976,1622186447.6600,1.470500,1,2.748200,17.904274,3.425928,1.294435,22.820358,0
2026-06-03,sh.600489,22.7400,23.4700,22.4700,23.1300,23.1800,61869077,1428301873.4600,1.276400,1,-0.215700,17.865654,3.418538,1.291643,22.771134,0
2026-06-04,sh.600489,22.9900,23.1500,22.3500,22.5500,23.1300,54735259,1237987737.9000,1.129200,1,-2.507600,17.417661,3.332816,1.259254,22.200133,0
2026-06-05,sh.600489,22.3600,22.8400,22.0900,22.2000,22.5500,51759692,1160393136.0500,1.067800,1,-1.552100,17.147320,3.281087,1.239709,21.855563,0
2026-06-08,sh.600489,20.8000,21.3800,20.5500,20.7700,22.2000,86356976,1807007524.2600,1.781500,1,-6.441400,16.042785,3.069738,1.159854,20.447750,0
2026-06-09,sh.600489,20.9900,21.1200,20.4800,21.0700,20.7700,59603460,1238868120.2300,1.229600,1,1.444400,16.274506,3.114077,1.176607,20.743095,0
2026-06-10,sh.600489,20.1100,20.7200,20.0200,20.4800,21.0700,83357632,1695448160.6400,1.719700,1,-2.800200,15.818789,3.026877,1.143660,20.162249,0
2026-06-11,sh.600489,20.2700,20.7400,20.1100,20.6400,20.4800,71779118,1467617255.4700,1.480800,1,0.781300,15.942373,3.050524,1.152595,20.319767,0
2026-06-12,sh.600489,21.3000,22.1600,21.0100,21.5100,20.6400,105695967,2278888793.3000,2.180500,1,4.215100,16.614363,3.179108,1.201178,21.176268,0
2026-06-15,sh.600489,22.3900,22.9400,22.2100,22.5800,21.5100,105506310,2379255435.1700,2.176600,1,4.974400,17.440833,3.337250,1.260930,22.229667,0
2026-06-16,sh.600489,22.5000,22.8500,22.1700,22.5200,22.5800,63340500,1428110116.3600,1.306700,1,-0.265700,17.394489,3.328382,1.257579,22.170598,0
2026-06-17,sh.600489,22.7900,22.8500,22.2700,22.7000,22.5200,47528384,1071243201.5900,0.980500,1,0.799300,17.533521,3.354986,1.267631,22.347805,0
2026-06-18,sh.600489,22.4000,22.7800,21.6000,21.9200,22.7000,73473357,1629847220.2000,1.515800,1,-3.436100,16.931048,3.239704,1.224073,21.579907,0
2026-06-22,sh.600489,21.2200,22.2900,21.1000,22.2600,21.9200,82696547,1789836545.4900,1.706000,1,1.551100,17.193664,3.289955,1.243060,21.914632,0
2026-06-23,sh.600489,22.1000,22.1700,20.0300,20.0300,22.2600,120883227,2489389257.6300,2.493800,1,-10.018000,15.471208,2.960368,1.118531,19.719231,0
2026-06-24,sh.600489,19.7900,20.1000,19.4600,19.8800,20.0300,82503219,1629930014.3800,1.702000,1,-0.748900,15.355348,2.938199,1.110154,19.571558,0
2026-06-25,sh.600489,19.1800,19.4200,18.7900,18.8900,19.8800,115977023,2209624083.6300,2.392600,1,-4.979900,14.590670,2.791880,1.054870,18.596918,0
2026-06-26,sh.600489,19.2000,19.2300,18.0500,18.3000,18.8900,84057685,1548892277.6300,1.734100,1,-3.123300,14.134953,2.704680,1.021923,18.016072,0
2026-06-29,sh.600489,18.5800,18.6800,18.1100,18.3900,18.3000,81032605,1488074585.3600,1.671700,1,0.491800,14.204469,2.717982,1.026949,18.104676,0
2026-06-30,sh.600489,17.8500,18.1000,17.5600,18.0500,18.3900,88373734,1572551820.1200,1.823100,1,-1.848800,13.941853,2.667731,1.007962,17.769951,0
2026-07-01,sh.600489,17.8000,18.4200,17.7000,17.9600,18.0500,83106936,1495655318.9800,1.714500,1,-0.498600,13.872336,2.654429,1.002936,17.681347,0
2026-07-02,sh.600489,18.3900,19.2800,18.3000,19.0900,17.9600,153837163,2903218202.4700,3.173700,1,6.291800,14.745150,2.821440,1.066038,18.793815,0
2026-07-03,sh.600489,19.9000,20.7500,19.7100,20.3400,19.0900,176753242,3603128005.4000,3.646400,1,6.547900,15.710653,3.006185,1.135842,20.024421,0
2026-07-06,sh.600489,19.8800,21.4900,19.8800,20.6000,20.3400,149471812,3119960880.4000,3.083600,1,1.278300,15.911477,3.044613,1.150361,20.280387,0
2026-07-07,sh.600489,20.1200,20.4100,19.7200,19.7500,20.6000,70382730,1407526734.6700,1.452000,1,-4.126200,15.254936,2.918985,1.102895,19.443575,0
2026-07-08,sh.600489,19.4100,20.4500,19.2800,19.8800,19.7500,78895668,1570355337.4100,1.627600,1,0.658200,15.355348,2.938199,1.110154,19.571558,0
2026-07-09,sh.600489,19.2300,20.0100,19.0400,19.9500,19.8800,82117013,1606210539.5600,1.694100,1,0.352100,15.409416,2.948545,1.114063,19.640472,0
2026-07-10,sh.600489,20.1000,21.0600,19.7100,20.3400,19.9500,85907547,1747419554.9200,1.772300,1,1.954900,15.710653,3.006185,1.135842,20.024421,0
2026-07-13,sh.600489,19.8100,20.0900,19.5200,19.6700,20.3400,66616442,1316363826.3700,1.374300,1,-3.294000,15.193143,2.907162,1.098427,19.364816,0
2026-07-14,sh.600489,19.0900,20.6200,18.9500,20.4700,19.6700,93188539,1845782315.6400,1.922500,1,4.067100,15.811065,3.025399,1.143101,20.152404,0
2026-07-15,sh.600489,20.3900,20.6500,19.9000,20.1200,20.4700,72877834,1475626088.8400,1.503500,1,-1.709800,15.540724,2.973670,1.123557,19.807834,0
2026-07-16,sh.600489,19.9900,20.5700,19.8400,19.9900,20.1200,77382838,1561469931.3800,1.596400,1,-0.646100,15.440312,2.954457,1.116297,19.679851,0
2026-07-17,sh.600489,19.5000,19.6300,18.6900,19.0600,19.9900,104864417,2002379695.8000,2.163400,1,-4.652300,14.721978,2.817006,1.064363,18.764281,0
2026-07-20,sh.600489,19.0900,19.8300,19.0000,19.5300,19.0600,90932110,1768286714.5500,1.875900,1,2.465900,15.085007,2.886470,1.090609,19.226988,0
2026-07-21,sh.600489,19.8300,20.8500,19.7500,20.7800,19.5300,110257123,2236722831.7900,2.274600,1,6.400400,16.050509,3.071216,1.160413,20.457594,0
2026-07-22,sh.600489,21.2800,22.5800,21.2200,22.1100,20.7800,149932270,3314812351.9500,3.093100,1,6.400400,17.077804,3.267786,1.234684,21.766959,0
2026-07-23,sh.600489,22.3000,23.1700,21.9100,22.4500,22.1100,112707276,2542713179.0900,2.325100,1,1.537800,17.340420,3.318037,1.253670,22.101684,0
2026-07-24,sh.600489,21.4000,22.1800,21.3000,21.3600,22.4500,86416390,1870763403.5000,1.782800,1,-4.855200,16.498503,3.156938,1.192802,21.028596,0
2026-07-27,sh.600489,22.0000,22.0900,21.1600,21.5400,21.3600,78132701,1688929786.9100,1.611900,1,0.842700,16.637535,3.183541,1.202853,21.205803,0
2026-07-28,sh.600489,21.1000,21.4800,20.8700,21.3400,21.5400,55826447,1183392664.1100,1.151700,1,-0.928500,16.483054,3.153982,1.191685,21.008906,0
2026-07-29,sh.600489,21.1000,21.9600,20.9800,21.7400,21.3400,70387467,1516566199.2900,1.452100,1,1.874400,16.792015,3.213101,1.214022,21.402700,0
2026-07-30,sh.600489,22.1000,22.8000,21.7500,21.9000,21.7400,94572804,2105066320.5700,1.951000,1,0.736000,16.915599,3.236748,1.222957,21.560217,0
2026-07-31,sh.600489,22.1800,23.2800,22.1400,23.0100,21.9000,106392911,2433954079.3100,2.194900,1,5.068500,17.772965,3.400803,1.284942,22.652996,0
2026-08-03,sh.600489,22.6900,22.8800,22.0100,22.5400,23.0100,82073991,1848960373.9000,1.693200,1,-2.042600,17.409937,3.331338,1.258696,22.190288,0
2026-08-04,sh.600489,22.6500,22.6900,22.1300,22.2600,22.5400,63325261,1411567690.0100,1.306400,1,-1.242200,17.193664,3.289955,1.243060,21.914632,0
2026-08-05,sh.600489,22.5300,24.2500,22.2300,24.2500,22.2600,116839892,2742411841.8700,2.410400,1,8.939800,18.730744,3.584071,1.354187,23.873757,0
2026-08-06,sh.600489,25.4900,25.9300,24.7800,25.1100,24.2500,158707821,4027391273.0900,3.274100,1,3.546400,19.395009,3.711176,1.402212,24.720414,0
2026-08-07,sh.600489,25.0700,26.1100,25.0000,26.1000,25.1100,113464243,2897409305.2500,2.340800,1,3.942700,20.159687,3.857495,1.457496,25.695054,0
2026-08-10,sh.600489,26.0000,26.7800,25.6100,26.6200,26.1000,110591344,2916988587.0500,2.281500,1,1.992300,20.561336,3.934349,1.486535,26.206986,0
2026-08-11,sh.600489,27.1200,27.1900,24.7900,24.9500,26.6200,148704622,3865180077.2900,3.067800,1,-6.273500,19.271425,3.687528,1.393277,24.562896,0
2026-08-12,sh.600489,25.0100,25.6600,24.9800,25.5600,24.9500,88185480,2236888279.4100,1.819300,1,2.444900,19.742590,3.777684,1.427341,25.163432,0
2026-08-13,sh.600489,25.3000,25.5900,24.2800,24.3100,25.1000,99053238,2456845697.6300,2.043500,1,-3.147400,18.777088,3.592938,1.357538,23.932826,0
2026-08-14,sh.600489,23.7700,24.4400,23.6500,24.2700,24.3100,72118816,1735953611.1000,1.487800,1,-0.164500,18.746192,3.587027,1.355304,23.893446,0
2026-08-17,sh.600489,25.1700,25.4800,24.8300,25.4800,24.2700,72291536,1822881089.7700,1.491400,1,4.985600,19.680798,3.765861,1.422874,25.084673,0
2026-08-18,sh.600489,25.4000,25.9700,25.0500,25.3500,25.4800,64029817,1626980178.2200,1.320900,1,-0.510200,19.580386,3.746647,1.415614,24.956690,0
2026-08-19,sh.600489,24.6600,25.7900,24.6300,25.1900,25.3500,91345466,2301977286.5100,1.884500,1,-0.631200,19.456801,3.723000,1.406679,24.799172,0
2026-08-20,sh.600489,26.4000,27.4000,26.0000,26.3700,25.1900,135758736,3640047982.2500,2.800700,1,4.684400,20.368236,3.897400,1.472574,25.960865,0
2026-08-21,sh.600489,26.7900,27.3000,26.4700,27.1800,26.3700,121692430,3284121961.6300,2.510500,1,3.071700,20.993881,4.017115,1.517806,26.758297,0
2026-08-24,sh.600489,27.5900,27.9600,26.8100,27.2600,27.1800,155999618,4254613208.3700,3.218300,1,0.294300,21.055673,4.028939,1.522274,26.837056,0
2026-08-25,sh.600489,27.4500,27.4500,25.8300,26.2400,27.2600,109586883,2892912181.7200,2.260800,1,-3.741700,20.267823,3.878186,1.465314,25.832881,0
2026-08-26,sh.600489,26.3900,27.1800,26.1000,26.4300,26.2400,87603748,2329736397.7200,1.807300,1,0.724100,20.414580,3.906267,1.475924,26.019934,0
2026-08-27,sh.600489,26.1200,27.4100,26.1200,26.6900,26.4300,101541013,2734563968.1200,2.094800,1,0.983700,20.615404,3.944695,1.490443,26.275900,0
