date,code,open,high,low,close,preclose,volume,amount,turn,tradestatus,pctChg,peTTM,pbMRQ,psTTM,pcfNcfTTM,isST
2016-08-29,sh.600846,9.9000,10.0200,9.8700,10.0000,9.9000,8529137,84871103.0000,1.365183,1,1.010100,38.427851,3.536641,1.881474,-14.236749,0
2016-08-30,sh.600846,10.0200,10.0500,9.9400,9.9800,10.0000,7582218,75863112.0000,1.213618,1,-0.200000,38.350995,3.529568,1.877711,-14.208275,0
2016-08-31,sh.600846,9.9600,10.0400,9.8900,10.0400,9.9800,10181030,101571220.0000,1.629587,1,0.601200,38.581562,3.550788,1.889000,-14.293696,0
2016-09-01,sh.600846,10.0800,10.2400,10.0400,10.0900,10.0400,23065818,234177958.0000,3.691940,1,0.498000,38.773702,3.568471,1.898407,-14.364879,0
2016-09-02,sh.600846,10.0900,10.1400,9.8500,9.9300,10.0900,15098391,150798582.0000,2.416665,1,-1.585700,38.158856,3.511885,1.868303,-14.137092,0
2016-09-05,sh.600846,9.9500,10.0400,9.9100,9.9300,9.9300,7696913,76701877.0000,1.231976,1,0.000000,38.158856,3.511885,1.868303,-14.137092,0
2016-09-06,sh.600846,9.9100,10.1900,9.7100,10.1800,9.9300,24503750,245699889.0000,3.922097,1,2.517623,39.119552,3.600301,1.915340,-14.493010,0
2016-09-07,sh.600846,10.1100,10.2700,10.1000,10.1400,10.1800,19572286,199281248.0000,3.132761,1,-0.392927,38.965841,3.586154,1.907814,-14.436063,0
2016-09-08,sh.600846,10.1500,10.2900,10.1100,10.2800,10.1400,19539243,199483963.0000,3.127472,1,1.380665,39.503831,3.635667,1.934155,-14.635378,0
2016-09-09,sh.600846,10.2600,10.2600,10.0500,10.0600,10.2800,15012461,152576265.0000,2.402911,1,-2.140071,38.658418,3.557861,1.892763,-14.322169,0
2016-09-12,sh.600846,9.8000,9.8700,9.5600,9.6000,10.0600,20243064,197160648.0000,3.240127,1,-4.572565,36.890737,3.395176,1.806215,-13.667279,0
2016-09-13,sh.600846,9.6800,9.7200,9.5800,9.6600,9.6000,8331216,80460657.0000,1.333503,1,0.624994,37.121304,3.416395,1.817504,-13.752699,0
2016-09-14,sh.600846,9.5800,9.6400,9.4700,9.5200,9.6600,10858505,103597581.0000,1.738024,1,-1.449269,36.583314,3.366882,1.791163,-13.553385,0
2016-09-19,sh.600846,9.5400,9.8200,9.5400,9.7900,9.5200,11571827,112316210.0000,1.852199,1,2.836129,37.620866,3.462372,1.841963,-13.937777,0
2016-09-20,sh.600846,9.8100,9.8400,9.7100,9.7400,9.7900,7302256,71300956.0000,1.168807,1,-0.510727,37.428727,3.444688,1.832555,-13.866593,0
2016-09-21,sh.600846,9.7200,9.7900,9.7100,9.7500,9.7400,7307771,71247120.0000,1.169690,1,0.102672,37.467155,3.448225,1.834437,-13.880830,0
2016-09-22,sh.600846,9.8100,9.8300,9.7400,9.7700,9.7500,8780291,85865966.0000,1.405383,1,0.205133,37.544011,3.455298,1.838200,-13.909304,0
2016-09-23,sh.600846,9.7900,9.8100,9.6100,9.6200,9.7700,8874381,86043966.0000,1.420443,1,-1.535318,36.967593,3.402249,1.809978,-13.695752,0
2016-09-26,sh.600846,9.6400,9.8000,9.4100,9.4400,9.6200,12855993,123946029.0000,2.057744,1,-1.871105,36.275891,3.338589,1.776111,-13.439491,0
2016-09-27,sh.600846,9.4500,9.5200,9.3200,9.5100,9.4400,9639632,90796242.0000,1.542930,1,0.741532,36.544886,3.363346,1.789282,-13.539148,0
2016-09-28,sh.600846,9.5300,9.5300,9.4300,9.4600,9.5100,5091402,48159538.0000,0.814935,1,-0.525764,36.352747,3.345663,1.779874,-13.467964,0
2016-09-29,sh.600846,9.4800,9.5800,9.4600,9.4800,9.4600,6421207,61142651.0000,1.027785,1,0.211411,36.429603,3.352736,1.783637,-13.496438,0
2016-09-30,sh.600846,9.4000,9.5400,9.3900,9.4900,9.4800,6254005,59373089.0000,1.001023,1,0.105488,36.468031,3.356272,1.785519,-13.510675,0
2016-10-10,sh.600846,9.7500,9.7500,9.5700,9.7100,9.4900,8188863,79130211.0000,1.310718,1,2.318233,37.313443,3.434079,1.826911,-13.823883,0
2016-10-11,sh.600846,9.7100,9.8400,9.7000,9.8000,9.7100,12576743,122843100.0000,2.013047,1,0.926881,37.659294,3.465908,1.843844,-13.952014,0
2016-10-12,sh.600846,9.7400,9.7800,9.7000,9.7500,9.8000,7648839,74461630.0000,1.224281,1,-0.510206,37.467155,3.448225,1.834437,-13.880830,0
2016-10-13,sh.600846,9.7300,9.8000,9.7000,9.7500,9.7500,6910301,67427913.0000,1.106070,1,0.000000,37.467155,3.448225,1.834437,-13.880830,0
2016-10-14,sh.600846,9.7500,9.8200,9.7000,9.8000,9.7500,9154444,89462766.0000,1.465270,1,0.512822,37.659294,3.465908,1.843844,-13.952014,0
2016-10-17,sh.600846,9.7800,9.8300,9.6000,9.6300,9.8000,9582617,93158730.0000,1.533804,1,-1.734695,37.006021,3.405785,1.811859,-13.709989,0
2016-10-18,sh.600846,9.6100,9.8400,9.6100,9.8100,9.6300,11138578,108489059.0000,1.782853,1,1.869162,37.697722,3.469445,1.845726,-13.966251,0
2016-10-19,sh.600846,9.8300,9.8500,9.7500,9.8100,9.8100,9064093,88833870.0000,1.450808,1,0.000000,37.697722,3.469445,1.845726,-13.966251,0
2016-10-20,sh.600846,9.7900,9.8800,9.7400,9.8100,9.8100,10629617,104343594.0000,1.701388,1,0.000000,37.697722,3.469445,1.845726,-13.966251,0
2016-10-21,sh.600846,9.7800,9.8300,9.6600,9.7500,9.8100,9320492,90847320.0000,1.491848,1,-0.611625,37.467155,3.448225,1.834437,-13.880830,0
2016-10-24,sh.600846,9.7400,9.8900,9.7300,9.8700,9.7500,12714115,125004597.0000,2.035035,1,1.230768,34.580412,3.407986,1.840008,28.446955,0
2016-10-25,sh.600846,9.8700,9.9300,9.8300,9.9100,9.8700,10317762,102066972.0000,1.651472,1,0.405268,34.720556,3.421798,1.847465,28.562241,0
2016-10-26,sh.600846,9.9000,10.0800,9.8100,9.9800,9.9100,20691473,206148061.0000,3.311899,1,0.706354,34.965807,3.445968,1.860515,28.763993,0
2016-10-27,sh.600846,9.9700,10.1900,9.9100,10.1500,9.9800,26616499,268517280.0000,4.260265,1,1.703408,35.561417,3.504667,1.892207,29.253961,0
2016-10-28,sh.600846,10.1000,10.1400,9.8700,9.8800,10.1500,16778006,167592561.0000,2.685506,1,-2.660094,34.615448,3.411439,1.841872,28.475777,0
2016-10-31,sh.600846,9.9200,9.9400,9.7400,9.8500,9.8800,8558160,84038885.0000,1.369828,1,-0.303641,34.510340,3.401080,1.836280,28.389312,0
2016-11-01,sh.600846,9.8700,9.9500,9.8100,9.9300,9.8500,8562816,84663726.0000,1.370574,1,0.812182,34.790627,3.428703,1.851194,28.619885,0
2016-11-02,sh.600846,9.8800,9.9800,9.8200,9.8400,9.9300,9007157,89016973.0000,1.441695,1,-0.906346,34.475305,3.397627,1.834415,28.360490,0
2016-11-03,sh.600846,9.8100,9.9500,9.7500,9.8800,9.8400,9107469,89929890.0000,1.457751,1,0.406504,34.615448,3.411439,1.841872,28.475777,0
2016-11-04,sh.600846,9.9000,9.9800,9.8300,9.9700,9.8800,12319136,121991228.0000,1.971814,1,0.910933,34.930771,3.442515,1.858651,28.735171,0
2016-11-07,sh.600846,10.0100,10.1000,9.9600,9.9800,9.9700,17000342,170391585.0000,2.721093,1,0.100294,34.965807,3.445968,1.860515,28.763993,0
2016-11-08,sh.600846,10.0300,10.0700,9.9800,10.0300,9.9800,10749807,107716838.0000,1.720626,1,0.501004,35.140986,3.463232,1.869836,28.908101,0
2016-11-09,sh.600846,10.0700,10.0700,9.7200,9.8300,10.0300,16541282,163349324.0000,2.647615,1,-1.994016,34.440269,3.394175,1.832551,28.331668,0
2016-11-10,sh.600846,9.9000,10.0500,9.8800,10.0100,9.8300,16186524,161237194.0000,2.590832,1,1.831132,35.070914,3.456326,1.866108,28.850458,0
2016-11-11,sh.600846,10.0200,10.1700,9.9700,10.1000,10.0100,21637000,217885152.0000,3.463241,1,0.899102,35.386237,3.487402,1.882886,29.109853,0
2016-11-14,sh.600846,10.0800,10.1800,10.0500,10.1500,10.1000,18545459,187605331.0000,2.968406,1,0.495042,35.561417,3.504667,1.892207,29.253961,0
2016-11-15,sh.600846,10.1400,10.2000,10.0800,10.1700,10.1500,13841554,140237914.0000,2.215494,1,0.197049,35.631489,3.511572,1.895935,29.311604,0
2016-11-16,sh.600846,10.1800,10.3100,10.1400,10.1900,10.1700,23421483,239669725.0000,3.748868,1,0.196652,35.701560,3.518478,1.899664,29.369247,0
2016-11-17,sh.600846,10.1700,10.2400,10.0300,10.1100,10.1900,16859652,170470054.0000,2.698574,1,-0.785083,35.421273,3.490855,1.884750,29.138674,0
2016-11-18,sh.600846,10.1200,10.1900,10.0600,10.0800,10.1100,12621551,127753336.0000,2.020219,1,-0.296733,35.316166,3.480496,1.879157,29.052209,0
2016-11-21,sh.600846,10.0600,10.1400,10.0300,10.0900,10.0800,10836333,109382334.0000,1.734475,1,0.099209,35.351201,3.483949,1.881021,29.081031,0
2016-11-22,sh.600846,10.1200,10.2100,10.0800,10.2000,10.0900,17076818,173495972.0000,2.733334,1,1.090185,35.736596,3.521931,1.901528,29.398069,0
2016-11-23,sh.600846,10.2300,10.2700,10.0000,10.0500,10.2000,16435873,166472705.0000,2.630744,1,-1.470585,35.211058,3.470138,1.873565,28.965744,0
2016-11-24,sh.600846,10.0400,10.0700,9.8900,9.9300,10.0500,14810149,148083472.0000,2.370528,1,-1.194029,34.790627,3.428703,1.851194,28.619885,0
2016-11-25,sh.600846,9.9500,9.9700,9.7400,9.9700,9.9300,13398028,132077906.0000,2.144503,1,0.402819,34.930771,3.442515,1.858651,28.735171,0
2016-11-28,sh.600846,10.0000,10.1400,9.9500,10.1100,9.9700,15636771,157752426.0000,2.502838,1,1.404207,35.421273,3.490855,1.884750,29.138674,0
2016-11-29,sh.600846,10.0800,10.1200,9.8600,9.8800,10.1100,12418719,124292071.0000,1.987754,1,-2.274971,34.615448,3.411439,1.841872,28.475777,0
2016-11-30,sh.600846,9.8500,9.9300,9.7600,9.8000,9.8800,11673494,114677903.0000,1.868472,1,-0.809716,34.335161,3.383816,1.826958,28.245203,0
2016-12-01,sh.600846,9.7700,9.8900,9.7700,9.8400,9.8000,7273121,71504970.0000,1.164144,1,0.408163,34.475305,3.397627,1.834415,28.360490,0
2016-12-02,sh.600846,9.8200,9.8200,9.5400,9.5400,9.8400,16261608,157063186.0000,2.602850,1,-3.048782,33.424228,3.294041,1.778488,27.495841,0
2016-12-05,sh.600846,9.4800,9.5800,9.4400,9.5700,9.5400,8272865,78595718.0000,1.324164,1,0.314463,33.529336,3.304400,1.784081,27.582306,0
2016-12-06,sh.600846,9.6300,9.6300,9.5200,9.5500,9.5700,5197095,49722241.0000,0.831853,1,-0.208981,33.459264,3.297494,1.780352,27.524663,0
2016-12-07,sh.600846,9.5500,9.6900,9.5300,9.6600,9.5500,6943373,66834575.0000,1.111364,1,1.151829,33.844659,3.335476,1.800859,27.841701,0
2016-12-08,sh.600846,9.6800,9.6900,9.5000,9.5100,9.6600,6077000,58313402.0000,0.972691,1,-1.552791,33.319121,3.283683,1.772895,27.409376,0
2016-12-09,sh.600846,9.5000,9.5800,9.5000,9.5200,9.5100,6173100,58819860.0000,0.988073,1,0.105155,33.354156,3.287136,1.774760,27.438198,0
2016-12-12,sh.600846,9.5100,9.5400,8.9000,8.9200,9.5200,13751100,126547807.0000,2.201016,1,-6.302525,31.252004,3.079963,1.662905,25.708899,0
2016-12-13,sh.600846,8.9300,9.0500,8.8500,9.0200,8.9200,7983431,71497932.0000,1.277837,1,1.121081,31.602362,3.114492,1.681547,25.997116,0
2016-12-14,sh.600846,9.0100,9.1000,8.9200,9.0200,9.0200,5929182,53441278.0000,0.949031,1,0.000000,31.602362,3.114492,1.681547,25.997116,0
2016-12-15,sh.600846,8.9900,9.2200,8.9800,9.1200,9.0200,8557092,78134415.0000,1.369657,1,1.108641,31.952721,3.149021,1.700190,26.285332,0
2016-12-16,sh.600846,9.1200,9.2200,9.0500,9.1800,9.1200,6150303,56414376.0000,0.984424,1,0.657899,32.162937,3.169738,1.711375,26.458262,0
2016-12-19,sh.600846,9.1600,9.2100,9.0700,9.1600,9.1800,5036001,45957699.0000,0.806068,1,-0.217870,32.092865,3.162832,1.707647,26.400619,0
2016-12-20,sh.600846,9.1400,9.2100,9.1000,9.1800,9.1600,5514127,50508805.0000,0.882597,1,0.218346,32.162937,3.169738,1.711375,26.458262,0
2016-12-21,sh.600846,9.1800,9.2700,9.1800,9.2400,9.1800,5640944,52032225.0000,0.902896,1,0.653589,32.373152,3.190455,1.722561,26.631192,0
2016-12-22,sh.600846,9.2000,9.3300,9.1300,9.2900,9.2400,9210946,85312893.0000,1.474314,1,0.541128,32.548331,3.207719,1.731882,26.775300,0
2016-12-23,sh.600846,9.2700,9.2700,9.0800,9.0900,9.2900,6392612,58649286.0000,1.023208,1,-2.152850,31.847614,3.138662,1.694597,26.198867,0
2016-12-26,sh.600846,9.0700,9.2000,8.9400,9.2000,9.0900,5690545,51612999.0000,0.910835,1,1.210117,32.233008,3.176644,1.715104,26.515905,0
2016-12-27,sh.600846,9.1800,9.2900,9.1700,9.2200,9.2000,5064902,46721365.0000,0.810694,1,0.217396,32.303080,3.183549,1.718832,26.573549,0
2016-12-28,sh.600846,9.2200,9.2700,9.2000,9.2200,9.2200,4287918,39606204.0000,0.686329,1,0.000000,32.303080,3.183549,1.718832,26.573549,0
2016-12-29,sh.600846,9.2100,9.2700,9.1500,9.1600,9.2200,3052495,28144943.0000,0.488586,1,-0.650764,32.092865,3.162832,1.707647,26.400619,0
2016-12-30,sh.600846,9.2100,9.3000,9.2000,9.2100,9.1600,5147888,47609520.0000,0.823976,1,0.545854,32.268044,3.180096,1.716968,26.544727,0
2017-01-03,sh.600846,9.2500,9.3200,9.2200,9.3100,9.2100,5396871,50135734.0000,0.863829,1,1.085781,32.618403,3.214625,1.735611,26.832943,0
2017-01-04,sh.600846,9.3400,9.4400,9.2800,9.4000,9.3100,8741184,81785926.0000,1.399123,1,0.966694,32.933726,3.245701,1.752389,27.092338,0
2017-01-05,sh.600846,9.4100,9.6700,9.3400,9.5100,9.4000,14286518,135768628.0000,2.286715,1,1.170219,33.319121,3.283683,1.772895,27.409376,0
2017-01-06,sh.600846,9.4600,9.4800,9.3800,9.4100,9.5100,8301532,78190667.0000,1.328752,1,-1.051529,32.968762,3.249154,1.754253,27.121160,0
2017-01-09,sh.600846,9.3500,9.5200,9.3300,9.4700,9.4100,7016858,66133573.0000,1.123126,1,0.637624,33.178977,3.269871,1.765438,27.294089,0
2017-01-10,sh.600846,9.4300,9.5100,9.3700,9.3800,9.4700,7020815,66267761.0000,1.123759,1,-0.950371,32.863654,3.238795,1.748660,27.034695,0
2017-01-11,sh.600846,9.3900,9.3900,9.2400,9.2700,9.3800,6814974,63455210.0000,1.090812,1,-1.172704,32.478259,3.200814,1.728154,26.717657,0
2017-01-12,sh.600846,9.2700,9.3100,9.1400,9.1600,9.2700,4264904,39348659.0000,0.682645,1,-1.186630,32.092865,3.162832,1.707647,26.400619,0
2017-01-13,sh.600846,9.1500,9.2100,9.0200,9.0500,9.1600,4633379,42250247.0000,0.741624,1,-1.200870,31.707470,3.124850,1.687140,26.083581,0
2017-01-16,sh.600846,8.9600,9.0500,8.3900,8.6900,9.0500,9704398,85195185.0000,1.553296,1,-3.977907,30.446178,3.000547,1.620027,25.046002,0
2017-01-17,sh.600846,8.6000,8.7700,8.4600,8.7500,8.6900,6283232,54346936.0000,1.005701,1,0.690454,30.656394,3.021264,1.631213,25.218932,0
2017-01-18,sh.600846,8.6700,8.7600,8.6500,8.6900,8.7500,3101281,27008631.0000,0.496394,1,-0.685719,30.446178,3.000547,1.620027,25.046002,0
2017-01-19,sh.600846,8.6300,8.7100,8.6100,8.6500,8.6900,3948758,34218272.0000,0.632042,1,-0.460299,30.306035,2.986736,1.612570,24.930715,0
2017-01-20,sh.600846,8.6500,8.8100,8.6300,8.7800,8.6500,4418128,38690080.0000,0.707170,1,1.502892,30.761501,3.031623,1.636806,25.305397,0
2017-01-23,sh.600846,8.7800,8.8900,8.7800,8.8600,8.7800,4287970,37940731.0000,0.686337,1,0.911161,31.041788,3.059246,1.651720,25.535970,0
2017-01-24,sh.600846,8.8500,8.9300,8.8500,8.8800,8.8600,5243297,46564104.0000,0.839248,1,0.225739,31.111860,3.066152,1.655448,25.593613,0
2017-01-25,sh.600846,8.8600,8.9900,8.8600,8.9400,8.8800,4468667,39997084.0000,0.715260,1,0.675670,31.322075,3.086869,1.666634,25.766543,0
2017-01-26,sh.600846,8.9400,8.9900,8.8500,8.8900,8.9400,6626387,58934777.0000,1.060627,1,-0.559276,31.146896,3.069604,1.657312,25.622435,0
2017-02-03,sh.600846,8.9000,8.9300,8.8000,8.8200,8.8900,4729821,41796104.0000,0.757060,1,-0.787409,30.901645,3.045434,1.644263,25.420683,0
2017-02-06,sh.600846,8.8300,9.0300,8.8200,9.0100,8.8200,8338368,74799978.0000,1.334648,1,2.154201,31.567327,3.111039,1.679683,25.968294,0
2017-02-07,sh.600846,9.0000,9.0300,8.9300,9.0200,9.0100,6015626,54092336.0000,0.962868,1,0.110990,31.602362,3.114492,1.681547,25.997116,0
2017-02-08,sh.600846,9.0100,9.0700,8.9500,9.0600,9.0200,4976925,44914857.0000,0.796612,1,0.443459,31.742506,3.128303,1.689004,26.112402,0
2017-02-09,sh.600846,9.0400,9.3400,9.0300,9.1500,9.0600,9680700,88980392.0000,1.549503,1,0.993369,32.057829,3.159379,1.705783,26.371797,0
2017-02-10,sh.600846,9.1400,9.2500,9.1200,9.1300,9.1500,6181593,56653300.0000,0.989432,1,-0.218574,31.987757,3.152473,1.702054,26.314154,0
2017-02-13,sh.600846,9.1400,9.2000,9.1000,9.1700,9.1300,5612176,51397042.0000,0.898291,1,0.438116,32.127901,3.166285,1.709511,26.429440,0
2017-02-14,sh.600846,9.1700,9.1800,9.0700,9.1500,9.1700,5128755,46835664.0000,0.820914,1,-0.218108,32.057829,3.159379,1.705783,26.371797,0
2017-02-15,sh.600846,9.1800,9.2900,9.1300,9.1800,9.1500,12515803,115330350.0000,2.003293,1,0.327876,32.162937,3.169738,1.711375,26.458262,0
2017-02-16,sh.600846,9.1400,9.2400,9.1200,9.2300,9.1800,6772756,62283957.0000,1.084055,1,0.544654,32.338116,3.187002,1.720697,26.602370,0
2017-02-17,sh.600846,9.2100,9.2300,9.0000,9.0200,9.2300,9764933,88850253.0000,1.562986,1,-2.275180,31.602362,3.114492,1.681547,25.997116,0
2017-02-20,sh.600846,9.0200,9.2000,8.9900,9.1900,9.0200,7652765,69891491.0000,1.224910,1,1.884691,32.197972,3.173191,1.713240,26.487084,0
2017-02-21,sh.600846,9.1800,9.2500,9.1800,9.2300,9.1900,6977095,64351421.0000,1.116761,1,0.435255,32.338116,3.187002,1.720697,26.602370,0
2017-02-22,sh.600846,9.2200,9.2900,9.2000,9.2700,9.2300,7541211,69727824.0000,1.207054,1,0.433379,32.478259,3.200814,1.728154,26.717657,0
2017-02-23,sh.600846,9.2700,9.2900,9.1900,9.2600,9.2700,6131749,56640127.0000,0.981454,1,-0.107877,32.443224,3.197361,1.726289,26.688835,0
2017-02-24,sh.600846,9.2500,9.3500,9.2000,9.3000,9.2600,8156252,75605814.0000,1.305498,1,0.431965,32.583367,3.211172,1.733746,26.804122,0
2017-02-27,sh.600846,9.2900,9.2900,9.1500,9.1600,9.3000,6812545,62878196.0000,1.090423,1,-1.505380,32.092865,3.162832,1.707647,26.400619,0
2017-02-28,sh.600846,9.1900,9.2200,9.1300,9.2100,9.1600,3866195,35470752.0000,0.618827,1,0.545854,32.268044,3.180096,1.716968,26.544727,0
2017-03-01,sh.600846,9.2100,9.3000,9.1700,9.2500,9.2100,7567603,70017165.0000,1.211279,1,0.434310,32.408188,3.193908,1.724425,26.660013,0
2017-03-02,sh.600846,9.2300,9.3100,9.2000,9.2300,9.2500,6665767,61724747.0000,1.066930,1,-0.216221,32.338116,3.187002,1.720697,26.602370,0
2017-03-03,sh.600846,9.2000,9.3400,9.1600,9.2900,9.2300,9048409,83950461.0000,1.448298,1,0.650059,32.548331,3.207719,1.731882,26.775300,0
2017-03-06,sh.600846,9.2700,9.3700,9.2600,9.3500,9.2900,7878310,73546872.0000,1.261011,1,0.645860,32.758546,3.228437,1.743067,26.948230,0
2017-03-07,sh.600846,9.3500,9.4000,9.2700,9.3200,9.3500,9543252,89013021.0000,1.527503,1,-0.320863,32.653439,3.218078,1.737475,26.861765,0
2017-03-08,sh.600846,9.2900,9.3400,9.2300,9.2600,9.3200,6748047,62482178.0000,1.080100,1,-0.643771,32.443224,3.197361,1.726289,26.688835,0
2017-03-09,sh.600846,9.2500,9.2700,9.0700,9.1100,9.2600,7223682,66099230.0000,1.156230,1,-1.619877,31.917685,3.145568,1.698326,26.256511,0
2017-03-10,sh.600846,9.1200,9.1600,9.0700,9.1100,9.1100,5284571,48167771.0000,0.845854,1,0.000000,31.917685,3.145568,1.698326,26.256511,0
2017-03-13,sh.600846,9.1000,9.1700,9.0500,9.1600,9.1100,5540859,50558524.0000,0.886876,1,0.548849,32.092865,3.162832,1.707647,26.400619,0
2017-03-14,sh.600846,9.1500,9.1900,9.1100,9.1500,9.1600,5157090,47200404.0000,0.825449,1,-0.109173,32.057829,3.159379,1.705783,26.371797,0
2017-03-15,sh.600846,9.1300,9.1400,9.0400,9.0600,9.1500,5394294,48962715.0000,0.863416,1,-0.983598,31.742506,3.128303,1.689004,26.112402,0
2017-03-16,sh.600846,9.0800,9.2100,9.0800,9.1900,9.0600,7287098,66799829.0000,1.166381,1,1.434869,32.197972,3.173191,1.713240,26.487084,0
2017-03-17,sh.600846,9.2100,9.2300,9.1100,9.1500,9.1900,6226913,57216131.0000,0.996686,1,-0.435255,32.057829,3.159379,1.705783,26.371797,0
2017-03-20,sh.600846,9.1700,9.1900,9.0900,9.1600,9.1500,4968078,45414605.0000,0.795196,1,0.109292,32.092865,3.162832,1.707647,26.400619,0
2017-03-21,sh.600846,9.1700,9.2000,9.1400,9.1900,9.1600,5013977,45972632.0000,0.802543,1,0.327508,32.197972,3.173191,1.713240,26.487084,0
2017-03-22,sh.600846,9.1500,9.1700,9.0500,9.1300,9.1900,6293329,57313306.0000,1.007317,1,-0.652878,31.987757,3.152473,1.702054,26.314154,0
2017-03-23,sh.600846,9.1400,9.1600,8.9800,9.0700,9.1300,7462463,67795816.0000,1.194450,1,-0.657179,31.777542,3.131756,1.690869,26.141224,0
2017-03-24,sh.600846,9.0900,9.1500,9.0200,9.1200,9.0700,5568787,50577448.0000,0.891346,1,0.551270,31.952721,3.149021,1.700190,26.285332,0
2017-03-27,sh.600846,9.1100,9.1400,9.0400,9.0600,9.1200,5358662,48653513.0000,0.857713,1,-0.657889,31.742506,3.128303,1.689004,26.112402,0
2017-03-28,sh.600846,9.0700,9.1300,9.0200,9.0700,9.0600,4592509,41709859.0000,0.735082,1,0.110367,31.777542,3.131756,1.690869,26.141224,0
2017-03-29,sh.600846,9.0700,9.0900,8.8400,8.8600,9.0700,10642304,94926831.0000,1.703419,1,-2.315326,31.041788,3.059246,1.651720,25.535970,0
2017-03-30,sh.600846,8.8900,8.8900,8.5800,8.6000,8.8600,10523590,91416325.0000,1.684417,1,-2.934529,30.130856,2.969471,1.603249,24.786607,0
2017-03-31,sh.600846,8.6200,8.7400,8.6200,8.6600,8.6000,6538381,56792671.0000,1.046540,1,0.697668,30.341071,2.990188,1.614435,24.959537,0
2017-04-05,sh.600846,8.6900,9.0300,8.6900,8.9900,8.6600,10997053,98039891.0000,1.760200,1,3.810623,31.497255,3.104133,1.675955,25.910651,0
2017-04-06,sh.600846,9.0300,9.0800,8.9500,9.0500,8.9900,7357923,66301173.0000,1.177717,1,0.667413,31.707470,3.124850,1.687140,26.083581,0
2017-04-07,sh.600846,9.0300,9.1300,8.9700,9.0600,9.0500,7741776,70089323.0000,1.239157,1,0.110500,31.742506,3.128303,1.689004,26.112402,0
2017-04-10,sh.600846,9.0500,9.0500,8.9000,8.9600,9.0600,6048588,54145007.0000,0.968143,1,-1.103757,31.392147,3.093775,1.670362,25.824186,0
2017-04-11,sh.600846,8.9100,9.0600,8.8300,9.0500,8.9600,7135582,63802672.0000,1.142129,1,1.004466,31.707470,3.124850,1.687140,26.083581,0
2017-04-12,sh.600846,9.0200,9.3500,8.9900,9.0800,9.0500,13654360,124419464.0000,2.185532,1,0.331489,31.812578,3.135209,1.692733,26.170046,0
2017-04-13,sh.600846,9.0800,9.3300,9.0600,9.2600,9.0800,16551149,153154678.0000,2.649195,1,1.982382,32.443224,3.197361,1.726289,26.688835,0
2017-04-14,sh.600846,9.1100,9.2400,8.9500,8.9700,9.2600,12233781,110891472.0000,1.958152,1,-3.131749,31.427183,3.097227,1.672226,25.853008,0
2017-04-17,sh.600846,8.9200,9.0500,8.8800,9.0000,8.9700,7704140,69103707.0000,1.233133,1,0.334445,30.960707,2.945453,1.780688,25.818425,0
2017-04-18,sh.600846,9.0200,9.0500,8.8000,8.8600,9.0000,7789581,69452504.0000,1.246809,1,-1.555559,30.479096,2.899635,1.752989,25.416805,0
2017-04-19,sh.600846,8.7800,8.8500,8.6100,8.6800,8.8600,7589950,65950101.0000,1.214856,1,-2.031595,29.859882,2.840726,1.717375,24.900437,0
2017-04-20,sh.600846,8.6800,8.7400,8.5200,8.6000,8.6800,7328122,63160453.0000,1.172947,1,-0.921658,29.584676,2.814544,1.701547,24.670940,0
2017-04-21,sh.600846,8.6100,8.6700,8.5400,8.6100,8.6000,4365894,37561462.0000,0.698810,1,0.116271,29.619077,2.817817,1.703525,24.699627,0
2017-04-24,sh.600846,8.6100,8.6100,8.1600,8.1800,8.6100,9481950,78616875.0000,1.517691,1,-4.994185,28.139843,2.677090,1.618448,23.466080,0
2017-04-25,sh.600846,8.2500,8.2900,8.2000,8.2100,8.1800,3425236,28231384.0000,0.548247,1,0.366745,28.243045,2.686908,1.624384,23.552141,0
2017-04-26,sh.600846,8.2400,8.3000,8.2000,8.2100,8.2100,4781586,39397602.0000,0.765346,1,0.000000,28.243045,2.686908,1.624384,23.552141,0
2017-04-27,sh.600846,8.2500,8.4300,8.1500,8.3700,8.2100,8732870,72492726.0000,1.397793,1,1.948841,28.793458,2.739272,1.656040,24.011136,0
2017-04-28,sh.600846,8.3500,8.4300,8.2700,8.3900,8.3700,8397486,70074844.0000,1.344111,1,0.238954,28.862259,2.745817,1.659997,24.068510,0
2017-05-02,sh.600846,8.3400,8.5600,8.2500,8.4800,8.3900,8612762,71698094.0000,1.378568,1,1.072696,28.491342,2.730488,1.788816,-138.885387,0
2017-05-03,sh.600846,8.3500,8.6100,8.3500,8.5200,8.4800,11610383,98499669.0000,1.858370,1,0.471709,28.625735,2.743367,1.797254,-139.540507,0
2017-05-04,sh.600846,8.4600,9.2300,8.4600,8.9200,8.5200,31313262,278839008.0000,5.012034,1,4.694831,29.969666,2.872164,1.881632,-146.091704,0
2017-05-05,sh.600846,8.7700,9.1800,8.7300,8.9200,8.9200,31559233,284858416.0000,5.051405,1,0.000000,29.969666,2.872164,1.881632,-146.091704,0
2017-05-08,sh.600846,8.9200,9.0000,8.6800,8.7400,8.9200,17269245,152172067.0000,2.764134,1,-2.017941,29.364897,2.814205,1.843662,-143.143665,0
2017-05-09,sh.600846,8.6500,9.1400,8.6500,9.0700,8.7400,20509630,184253680.0000,3.282793,1,3.775743,30.473640,2.920463,1.913274,-148.548403,0
2017-05-10,sh.600846,8.9900,9.1200,8.7700,8.8600,9.0700,20784160,186217462.0000,3.326735,1,-2.315326,29.768076,2.852844,1.868975,-145.109025,0
2017-05-11,sh.600846,8.8200,9.0500,8.1100,8.5700,8.8600,26577970,230487982.0000,4.254098,1,-3.273137,28.793726,2.759467,1.807801,-140.359406,0
2017-05-12,sh.600846,8.4200,8.5400,8.1700,8.2300,8.5700,24282402,201659393.0000,3.886667,1,-3.967330,27.651385,2.649990,1.736080,-134.790888,0
2017-05-15,sh.600846,8.1900,8.3500,8.1900,8.2200,8.2300,9872958,81584406.0000,1.580276,1,-0.121498,27.617786,2.646770,1.733970,-134.627109,0
2017-05-16,sh.600846,8.1900,8.5100,8.1300,8.5000,8.2200,13961152,116524854.0000,2.234637,1,3.406323,28.558538,2.736927,1.793035,-139.212947,0
2017-05-17,sh.600846,8.4300,8.5300,8.4100,8.4700,8.5000,11931316,101056673.0000,1.909739,1,-0.352938,28.457743,2.727268,1.786707,-138.721607,0
2017-05-18,sh.600846,8.3700,8.6300,8.3500,8.4600,8.4700,13658911,116492823.0000,2.186260,1,-0.118067,28.424145,2.724048,1.784597,-138.557827,0
2017-05-19,sh.600846,8.4200,8.5700,8.2900,8.3600,8.4600,10458606,88182493.0000,1.674016,1,-1.182038,28.088162,2.691849,1.763503,-136.920028,0
2017-05-22,sh.600846,8.3600,8.4200,8.0300,8.0800,8.3600,12044720,98926988.0000,1.927891,1,-3.349279,27.147410,2.601691,1.704438,-132.334189,0
2017-05-23,sh.600846,8.0800,8.1200,7.7100,7.7500,8.0800,12491880,98345580.0000,1.999464,1,-4.084157,26.038667,2.495434,1.634826,-126.929451,0
2017-05-24,sh.600846,7.7600,7.8500,7.6000,7.8200,7.7500,7190030,55830113.0000,1.150844,1,0.903228,26.273855,2.517973,1.649592,-128.075911,0
2017-05-25,sh.600846,7.8400,7.9500,7.6900,7.9100,7.8200,9467696,74170664.0000,1.515410,1,1.150891,26.576240,2.546952,1.668577,-129.549930,0
2017-05-26,sh.600846,7.8700,7.9800,7.8700,7.9000,7.9100,6613597,52377008.0000,1.058579,1,-0.126419,26.542641,2.543733,1.666468,-129.386151,0
2017-05-31,sh.600846,7.9800,8.0500,7.8600,7.8900,7.9000,6032500,47915459.0000,0.965568,1,-0.126585,26.509043,2.540513,1.664359,-129.222371,0
2017-06-01,sh.600846,7.8900,7.8900,7.6500,7.6800,7.8900,8252004,64242040.0000,1.320825,1,-2.661597,25.803479,2.472894,1.620060,-125.782992,0
2017-06-02,sh.600846,7.6800,7.8700,7.6400,7.8100,7.6800,6121212,47296738.0000,0.979768,1,1.692710,26.240257,2.514753,1.647483,-127.912131,0
2017-06-05,sh.600846,7.8400,7.8700,7.7700,7.8300,7.8100,4357510,34114259.0000,0.697468,1,0.256082,26.307453,2.521193,1.651702,-128.239691,0
2017-06-06,sh.600846,7.8300,7.9300,7.7900,7.8600,7.8300,4779854,37517223.0000,0.765069,1,0.383144,26.408248,2.530853,1.658030,-128.731031,0
2017-06-07,sh.600846,7.9000,8.0800,7.8400,8.0500,7.8600,8821943,70503580.0000,1.412050,1,2.417303,27.046616,2.592031,1.698110,-131.842850,0
2017-06-08,sh.600846,8.0200,8.1400,7.9500,8.0000,8.0500,8406261,67642465.0000,1.345515,1,-0.621120,26.878624,2.575932,1.687563,-131.023950,0
2017-06-09,sh.600846,8.0100,8.1700,7.9800,8.1000,8.0000,8826750,71379119.0000,1.412819,1,1.250005,27.214607,2.608131,1.708657,-132.661749,0
2017-06-12,sh.600846,8.0100,8.0600,7.8700,7.8800,8.1000,6585045,52474716.0000,1.054009,1,-2.716053,26.475445,2.537293,1.662249,-129.058591,0
2017-06-13,sh.600846,7.9200,8.0200,7.8500,8.0000,7.8800,3739940,29786708.0000,0.598619,1,1.522841,26.878624,2.575932,1.687563,-131.023950,0
2017-06-14,sh.600846,8.0000,8.0500,7.9500,7.9900,8.0000,4551434,36423668.0000,0.728507,1,-0.125003,26.845026,2.572712,1.685453,-130.860170,0
2017-06-15,sh.600846,7.9900,7.9900,7.9900,7.9900,7.9900,0,0.0000,,0,0.000000,26.845026,2.572712,1.685453,-130.860170,0
2017-06-16,sh.600846,7.9900,7.9900,7.9900,7.9900,7.9900,0,0.0000,,0,0.000000,26.845026,2.572712,1.685453,-130.860170,0
2017-06-19,sh.600846,7.9900,7.9900,7.9900,7.9900,7.9900,0,0.0000,,0,0.000000,26.845026,2.572712,1.685453,-130.860170,0
2017-06-20,sh.600846,7.9900,7.9900,7.9900,7.9900,7.9900,0,0.0000,,0,0.000000,26.845026,2.572712,1.685453,-130.860170,0
2017-06-21,sh.600846,7.9900,7.9900,7.9900,7.9900,7.9900,0,0.0000,,0,0.000000,26.845026,2.572712,1.685453,-130.860170,0
2017-06-22,sh.600846,8.1500,8.2900,7.9800,8.0100,7.9900,18990136,154775547.0000,3.039582,1,0.250319,26.912223,2.579152,1.689672,-131.187730,0
2017-06-23,sh.600846,7.9200,7.9600,7.7200,7.8600,8.0100,9765721,76653464.0000,1.563112,1,-1.872660,26.408248,2.530853,1.658030,-128.731031,0
2017-06-26,sh.600846,7.8500,8.0300,7.7900,8.0100,7.8600,6990590,55405266.0000,1.118921,1,1.908398,26.912223,2.579152,1.689672,-131.187730,0
2017-06-27,sh.600846,8.0400,8.3200,8.0200,8.1600,8.0100,15232595,124704243.0000,2.438146,1,1.872654,27.416197,2.627450,1.721314,-133.644429,0
2017-06-28,sh.600846,8.1400,8.1400,7.9500,8.1000,8.1600,10215084,82151681.0000,1.635037,1,-0.735288,27.214607,2.608131,1.708657,-132.661749,0
2017-06-29,sh.600846,8.0800,8.3600,8.0500,8.2500,8.1000,18132025,149234585.0000,2.902231,1,1.851847,27.718581,2.656430,1.740299,-135.118448,0
2017-06-30,sh.600846,8.1600,8.1900,8.0700,8.1700,8.2500,10675809,86844987.0000,1.708781,1,-0.969696,27.449795,2.630670,1.723423,-133.808209,0
2017-07-03,sh.600846,8.1200,8.2200,8.1200,8.1800,8.1700,6571469,53701176.0000,1.051836,1,0.122402,27.483393,2.633890,1.725533,-133.971989,0
2017-07-04,sh.600846,8.1800,8.1900,8.1000,8.1200,8.1800,5655668,46046429.0000,0.905252,1,-0.733501,27.281804,2.614571,1.712876,-132.989309,0
2017-07-05,sh.600846,8.1400,8.1800,8.0900,8.1600,8.1200,6161820,50133137.0000,0.986268,1,0.492610,27.416197,2.627450,1.721314,-133.644429,0
2017-07-06,sh.600846,8.1800,8.2100,8.1100,8.1600,8.1600,10646988,86922648.0000,1.704168,1,0.000000,27.416197,2.627450,1.721314,-133.644429,0
2017-07-07,sh.600846,8.1600,8.2700,8.1300,8.2600,8.1600,17545687,144019212.0000,2.808382,1,1.225495,27.752180,2.659649,1.742408,-135.282228,0
2017-07-10,sh.600846,8.2800,8.3900,8.1800,8.2500,8.2600,16182666,134008397.0000,2.590215,1,-0.121068,27.718581,2.656430,1.740299,-135.118448,0
2017-07-11,sh.600846,8.3000,8.4300,8.2500,8.3200,8.2500,20492615,171039985.0000,3.280070,1,0.848481,27.953769,2.678969,1.755065,-136.264908,0
2017-07-12,sh.600846,8.2500,8.3500,8.0400,8.1600,8.3200,14322476,116770066.0000,2.292471,1,-1.923075,27.416197,2.627450,1.721314,-133.644429,0
2017-07-13,sh.600846,8.1300,8.2000,8.0900,8.1700,8.1600,7111487,57940721.0000,1.138272,1,0.122552,27.449795,2.630670,1.723423,-133.808209,0
2017-07-14,sh.600846,8.1600,8.1600,8.0500,8.0800,8.1700,7707201,62339035.0000,1.233623,1,-1.101593,27.147410,2.601691,1.704438,-132.334189,0
2017-07-17,sh.600846,8.0600,8.0700,7.5000,7.5300,8.0800,14658580,113405272.0000,2.346268,1,-6.806927,25.299505,2.424596,1.588418,-123.326293,0
2017-07-18,sh.600846,7.5800,7.6300,7.4500,7.6000,7.5300,6391700,48217319.0000,1.023062,1,0.929611,25.534693,2.447135,1.603184,-124.472752,0
2017-07-19,sh.600846,7.6000,8.3600,7.5900,8.3600,7.6000,23269676,188324004.0000,3.724569,1,9.999997,28.088162,2.691849,1.763503,-136.920028,0
2017-07-20,sh.600846,9.2000,9.2000,9.2000,9.2000,8.3600,14776423,135943092.0000,2.365130,1,10.047850,30.910418,2.962321,1.940697,-150.677542,0
2017-07-21,sh.600846,9.3000,9.8800,9.0400,9.3900,9.2000,108770636,1017790560.0000,17.409945,1,2.065223,31.548785,3.023500,1.980776,-153.789361,0
2017-07-24,sh.600846,9.2500,9.8400,8.9200,9.6100,9.3900,79065857,738720896.0000,12.655366,1,2.342911,32.287947,3.094338,2.027184,-157.392520,0
2017-07-25,sh.600846,9.3600,9.6800,9.2200,9.2900,9.6100,51070550,479834608.0000,8.174407,1,-3.329862,31.212802,2.991301,1.959682,-152.151562,0
2017-07-26,sh.600846,9.1800,9.9500,9.1800,9.8900,9.2900,77479630,745622944.0000,12.401473,1,6.458562,33.228699,3.184495,2.086249,-161.978358,0
2017-07-27,sh.600846,9.8000,10.1500,9.6100,9.6600,9.8900,67562906,665451072.0000,10.814191,1,-2.325586,32.455939,3.110437,2.037732,-158.211420,0
2017-07-28,sh.600846,9.5100,10.0500,9.5100,9.7200,9.6600,53996779,528581200.0000,8.642783,1,0.621122,32.657528,3.129757,2.050388,-159.194099,0
2017-07-31,sh.600846,9.9300,10.6900,9.7900,10.4400,9.7200,95943638,995985984.0000,15.356842,1,7.407400,35.076605,3.361591,2.202269,-170.986255,0
2017-08-01,sh.600846,10.2000,10.5800,10.0600,10.3000,10.4400,70995258,729872672.0000,11.363577,1,-1.340990,34.606229,3.316512,2.172737,-168.693336,0
2017-08-02,sh.600846,10.2500,10.8000,10.0300,10.4100,10.3000,72670318,752392848.0000,11.631689,1,1.067958,34.975810,3.351931,2.195941,-170.494915,0
2017-08-03,sh.600846,10.8000,11.4500,10.8000,11.4500,10.4100,37582628,426242288.0000,6.015516,1,9.990394,38.470031,3.686802,2.415324,-187.528028,0
2017-08-04,sh.600846,12.0000,12.5000,11.4500,11.8500,11.4500,120860557,1454601200.0000,19.345071,1,3.493455,39.813962,3.815599,2.499702,-194.079226,0
2017-08-07,sh.600846,12.4600,13.0400,12.0600,13.0100,11.8500,135582800,1733880096.0000,21.701529,1,9.789028,43.711363,4.189109,2.744399,-213.077699,0
2017-08-08,sh.600846,13.0100,13.0100,13.0100,13.0100,13.0100,0,0.0000,,0,0.000000,43.711363,4.189109,2.744399,-213.077699,0
2017-08-09,sh.600846,12.7900,13.9800,12.5500,13.1500,13.0100,138084857,1826099216.0000,22.102011,1,1.076091,44.181739,4.234188,2.773931,-215.370618,0
2017-08-10,sh.600846,12.8000,13.1300,12.3600,12.5900,13.1500,95850036,1216036176.0000,15.341860,1,-4.258551,42.300235,4.053872,2.655802,-206.198941,0
2017-08-11,sh.600846,12.3700,12.9800,12.2200,12.3500,12.5900,85788484,1085707920.0000,13.731397,1,-1.906273,41.493876,3.976594,2.605175,-202.268223,0
2017-08-14,sh.600846,12.5800,12.9700,12.5000,12.9000,12.3500,70102690,896344512.0000,11.220712,1,4.453435,42.338509,4.256310,2.569208,7.487872,0
2017-08-15,sh.600846,12.7200,13.9000,12.5500,12.8700,12.9000,105205196,1382905808.0000,16.839257,1,-0.232556,42.240047,4.246412,2.563233,7.470458,0
2017-08-16,sh.600846,12.5700,13.0500,12.4100,13.0100,12.8700,76325583,969941616.0000,12.216755,1,1.087804,42.699535,4.292604,2.591116,7.551722,0
2017-08-17,sh.600846,13.0200,14.3100,12.8900,14.3100,13.0100,148847142,2062759728.0000,23.824634,1,9.992315,46.966206,4.721535,2.850029,8.306314,0
2017-08-18,sh.600846,13.9000,14.1600,12.7900,12.7900,14.2100,144402180,1908541008.0000,23.113168,1,-9.992963,41.977483,4.220016,2.547300,7.424022,0
2017-08-21,sh.600846,12.2300,12.5000,11.8000,12.4800,12.7900,84704157,1035973200.0000,13.557838,1,-2.423772,40.960046,4.117733,2.485559,7.244081,0
2017-08-22,sh.600846,12.3800,12.7500,12.2500,12.5900,12.4800,61943422,773076752.0000,9.914731,1,0.881415,41.321072,4.154027,2.507467,7.307931,0
2017-08-23,sh.600846,12.5000,12.6800,12.0000,12.0400,12.5900,54450902,670009968.0000,8.715470,1,-4.368548,39.515942,3.972556,2.397928,6.988681,0
2017-08-24,sh.600846,11.9300,12.1100,11.5200,11.6000,12.0400,62876921,739978656.0000,10.064148,1,-3.654481,38.071837,3.827380,2.310296,6.733280,0
2017-08-25,sh.600846,11.6900,11.9900,11.4600,11.7500,11.6000,51830576,608198864.0000,8.296058,1,1.293100,38.564146,3.876872,2.340170,6.820349,0
2017-08-28,sh.600846,11.6700,12.1200,11.5700,11.9400,11.7500,48892589,580820816.0000,7.825800,1,1.617018,39.187736,3.939562,2.378011,6.930635,0
2017-08-29,sh.600846,11.8500,12.3500,11.8200,12.2900,11.9400,56270954,678339136.0000,9.006789,1,2.931327,40.336455,4.055043,2.447718,7.133794,0
2017-08-30,sh.600846,12.3000,12.3500,12.0900,12.1300,12.2900,46658040,570209168.0000,7.468136,1,-1.301870,39.811327,4.002251,2.415852,7.040922,0
2017-08-31,sh.600846,12.0300,13.1200,12.0300,12.9400,12.1300,86812091,1095491856.0000,13.895237,1,6.677654,42.469791,4.269508,2.577175,7.511090,0
2017-09-01,sh.600846,12.8800,13.2000,12.6000,13.0900,12.9400,73947587,953950368.0000,11.836130,1,1.159201,42.962099,4.319000,2.607049,7.598159,0
2017-09-04,sh.600846,12.9200,13.7500,12.7700,13.4800,13.0900,79032582,1056374016.0000,12.650040,1,2.979369,44.242101,4.447679,2.684723,7.824536,0
2017-09-05,sh.600846,13.4900,13.5300,13.0200,13.2700,13.4800,53225464,702433168.0000,8.519325,1,-1.557857,43.552869,4.378390,2.642899,7.702640,0
2017-09-06,sh.600846,13.1800,13.2100,12.7500,12.9600,13.2700,49664673,643898144.0000,7.949381,1,-2.336100,42.535432,4.276107,2.581158,7.522699,0
2017-09-07,sh.600846,12.9500,13.9800,12.9000,13.5100,12.9600,95272115,1289554896.0000,15.249357,1,4.243829,44.340562,4.457578,2.690698,7.841950,0
2017-09-08,sh.600846,13.4100,13.5400,13.1100,13.3900,13.5100,48243708,641917760.0000,7.721940,1,-0.888230,43.946716,4.417984,2.666798,7.772295,0
2017-09-11,sh.600846,13.1500,13.9600,13.1400,13.4200,13.3900,53688452,730152272.0000,8.593431,1,0.224046,44.045177,4.427882,2.672773,7.789709,0
2017-09-12,sh.600846,13.3000,14.6500,13.1600,14.6000,13.4200,96537832,1325028786.0000,15.451949,1,8.792849,47.918002,4.817219,2.907786,8.474646,0
2017-09-13,sh.600846,14.2700,14.6600,13.8800,14.1200,14.6000,93225252,1333519045.0000,14.921734,1,-3.287674,46.342616,4.658845,2.812187,8.196027,0
2017-09-14,sh.600846,13.9600,15.3800,13.9600,14.5400,14.1200,93203081,1377037348.0000,14.918185,1,2.974505,47.721079,4.797423,2.895836,8.439819,0
2017-09-15,sh.600846,14.4000,15.8600,14.4000,15.6400,14.5400,105205459,1615939602.0000,16.839299,1,7.565340,51.331339,5.160364,3.114916,9.078319,0
2017-09-18,sh.600846,15.2400,15.5600,14.7700,15.4500,15.6400,71553346,1087956682.0000,11.452905,1,-1.214837,50.707749,5.097674,3.077075,8.968033,0
2017-09-19,sh.600846,15.3000,15.9000,14.4500,14.6900,15.4500,82126602,1238559494.0000,13.145272,1,-4.919096,48.213387,4.846915,2.925711,8.526887,0
2017-09-20,sh.600846,14.6000,14.9900,14.1900,14.6900,14.6900,49238848,718250294.0000,7.881223,1,0.000000,48.213387,4.846915,2.925711,8.526887,0
2017-09-21,sh.600846,15.2000,15.5500,14.5200,14.5400,14.6900,56748152,855677675.0000,9.083170,1,-1.021100,47.721079,4.797423,2.895836,8.439819,0
2017-09-22,sh.600846,14.1300,14.5300,14.0100,14.1200,14.5400,41892393,595268850.0000,6.705341,1,-2.888584,46.342616,4.658845,2.812187,8.196027,0
2017-09-25,sh.600846,14.0600,14.3400,13.3800,13.4100,14.1200,43141464,592490833.0000,6.905269,1,-5.028329,44.012357,4.424583,2.670781,7.783904,0
2017-09-26,sh.600846,13.4300,13.7400,13.2500,13.6600,13.4100,28518257,386816434.0000,4.564663,1,1.864280,44.832871,4.507070,2.720572,7.929018,0
2017-09-27,sh.600846,13.9000,14.4500,13.7500,13.9700,13.6600,48224356,681793893.0000,7.718842,1,2.269403,45.850308,4.609353,2.782313,8.108959,0
2017-09-28,sh.600846,13.8000,14.3300,13.7200,13.7600,13.9700,36942310,516279791.0000,5.913026,1,-1.503221,45.161076,4.540064,2.740489,7.987063,0
2017-09-29,sh.600846,13.8000,14.2800,13.8000,14.2600,13.7600,43468015,613121127.0000,6.957537,1,3.633721,46.802104,4.705038,2.840070,8.277291,0
2017-10-09,sh.600846,14.2500,14.8500,14.0100,14.8100,14.2600,64017987,924510054.0000,10.246788,1,3.856944,48.607234,4.886508,2.949610,8.596541,0
2017-10-10,sh.600846,14.6000,14.9100,14.5000,14.6400,14.8100,38211131,560885970.0000,6.116115,1,-1.147874,48.049285,4.830417,2.915752,8.497864,0
2017-10-11,sh.600846,14.4600,14.7500,13.7500,13.8700,14.6400,45851206,651886903.0000,7.338993,1,-5.259566,45.522102,4.576358,2.762397,8.050914,0
2017-10-12,sh.600846,13.9100,13.9500,13.3300,13.5400,13.8700,33765705,459643133.0000,5.404575,1,-2.379235,44.439024,4.467476,2.696673,7.859363,0
2017-10-13,sh.600846,13.5400,13.7800,13.4600,13.7400,13.5400,21169397,289369728.0000,3.388396,1,1.477103,45.095435,4.533465,2.736505,7.975454,0
2017-10-16,sh.600846,13.6200,13.7100,12.3700,12.3700,13.7400,67081203,850583354.0000,10.737089,1,-9.970887,40.599020,4.081439,2.463652,7.180231,0
2017-10-17,sh.600846,12.1200,12.3100,11.9000,12.0000,12.3700,31844148,384787475.0000,5.097009,1,-2.991107,39.384659,3.959358,2.389961,6.965462,0
2017-10-18,sh.600846,12.1100,12.1900,11.5000,11.5500,12.0000,36273710,426769373.0000,5.806009,1,-3.749998,37.907735,3.810882,2.300338,6.704258,0
2017-10-19,sh.600846,11.5000,11.6900,11.0900,11.3200,11.5500,34210405,387193930.0000,5.475754,1,-1.991346,37.152862,3.734995,2.254530,6.570753,0
2017-10-20,sh.600846,11.3000,11.7400,11.2000,11.7000,11.3200,33406849,382937653.0000,5.347136,1,3.356891,38.400043,3.860374,2.330212,6.791326,0
2017-10-23,sh.600846,11.8800,12.4400,11.6300,12.1100,11.7000,52537645,632438030.0000,8.409232,1,3.504272,39.745685,3.995652,2.411869,7.029312,0
2017-10-24,sh.600846,11.8800,11.9500,11.6500,11.8000,12.1100,25617584,302124808.0000,4.100378,1,-2.559864,38.728248,3.893369,2.350128,6.849371,0
2017-10-25,sh.600846,11.9000,11.9600,11.6200,11.8100,11.8000,19872311,234141787.0000,3.180783,1,0.084748,38.761069,3.896669,2.352120,6.855176,0
2017-10-26,sh.600846,11.8800,11.9500,11.6500,11.8500,11.8100,21546679,254304229.0000,3.448785,1,0.338696,38.892351,3.909866,2.360087,6.878394,0
2017-10-27,sh.600846,11.9300,12.1200,11.8300,11.9400,11.8500,23907879,286072500.0000,3.826721,1,0.759487,39.187736,3.939562,2.378011,6.930635,0
2017-10-30,sh.600846,11.8000,11.8000,10.7600,10.8600,11.9400,36533612,406958986.0000,5.847609,1,-9.045226,35.643117,3.583219,2.162915,6.303743,0
2017-10-31,sh.600846,10.7100,11.1000,10.7000,11.0900,10.8600,20418767,223552596.0000,3.268250,1,2.117868,35.601130,3.624168,2.338914,93.610018,0
2017-11-01,sh.600846,11.0500,11.1900,10.8800,10.9600,11.0900,20051171,220853786.0000,3.209412,1,-1.172228,35.183803,3.581685,2.311496,92.512696,0
2017-11-02,sh.600846,11.0200,11.1000,10.8500,10.8700,10.9600,18166082,198972728.0000,2.907683,1,-0.821169,34.894885,3.552273,2.292515,91.753012,0
2017-11-03,sh.600846,10.9100,10.9600,10.0800,10.3200,10.8700,31776531,333520754.0000,5.086186,1,-5.059800,33.129275,3.372535,2.176518,87.110495,0
2017-11-06,sh.600846,10.5000,10.6200,10.2100,10.5700,10.3200,23613947,246599108.0000,3.779674,1,2.422481,33.931825,3.454234,2.229244,89.220730,0
2017-11-07,sh.600846,10.6200,10.7900,10.5300,10.6400,10.5700,22178043,236181566.0000,3.549841,1,0.662258,34.156539,3.477110,2.244007,89.811596,0
2017-11-08,sh.600846,10.6000,10.9600,10.5700,10.7100,10.6400,27603151,297529391.0000,4.418190,1,0.657892,34.381253,3.499986,2.258770,90.402461,0
2017-11-09,sh.600846,10.6800,10.8400,10.5500,10.6800,10.7100,18915905,201890907.0000,3.027700,1,-0.280110,34.284947,3.490182,2.252443,90.149233,0
2017-11-10,sh.600846,10.6200,10.7700,10.4700,10.5300,10.6800,19744518,208766854.0000,3.160329,1,-1.404500,33.803417,3.441163,2.220808,88.883092,0
2017-11-13,sh.600846,10.5700,10.7200,10.3800,10.7100,10.5300,24948542,263104556.0000,3.993290,1,1.709405,34.381253,3.499986,2.258770,90.402461,0
2017-11-14,sh.600846,10.6600,11.0500,10.5700,10.8900,10.7100,37201381,404309617.0000,5.954493,1,1.680675,34.959089,3.558809,2.296733,91.921831,0
2017-11-15,sh.600846,10.8000,10.8900,10.4500,10.4900,10.8900,23449376,248582215.0000,3.753332,1,-3.673100,33.675009,3.428091,2.212372,88.545455,0
2017-11-16,sh.600846,10.4600,10.4900,10.1100,10.1500,10.4900,20147190,206826507.0000,3.224781,1,-3.241184,32.583541,3.316980,2.140665,85.675535,0
2017-11-17,sh.600846,10.1600,10.1600,9.1800,9.3200,10.1500,34525227,332928603.0000,5.526145,1,-8.177340,29.919074,3.045739,1.965615,78.669556,0
2017-11-20,sh.600846,9.2600,9.4300,8.9700,9.4100,9.3200,17871210,164158405.0000,2.860485,1,0.965667,30.207992,3.075151,1.984597,79.429240,0
2017-11-21,sh.600846,9.4000,9.4200,9.1500,9.2700,9.4100,14010885,130184849.0000,2.242597,1,-1.487773,29.758564,3.029399,1.955070,78.247509,0
2017-11-22,sh.600846,9.3100,9.4600,9.2500,9.4000,9.2700,17982680,168446745.0000,2.878327,1,1.402364,30.175890,3.071883,1.982488,79.344831,0
2017-11-23,sh.600846,9.4100,9.6300,9.1500,9.2000,9.4000,21094646,198617980.0000,3.376432,1,-2.127658,29.533850,3.006524,1.940307,77.656643,0
2017-11-24,sh.600846,9.1000,9.3400,9.0500,9.2500,9.2000,14400737,132439312.0000,2.304997,1,0.543480,29.694360,3.022864,1.950852,78.078690,0
2017-11-27,sh.600846,9.2600,9.7900,9.2000,9.4700,9.2500,30561380,291247696.0000,4.891687,1,2.378381,30.400604,3.094759,1.997251,79.935697,0
2017-11-28,sh.600846,9.3600,9.5800,9.3000,9.5700,9.4700,19662886,185939493.0000,3.147263,1,1.055960,30.721624,3.127438,2.018341,80.779790,0
2017-11-29,sh.600846,9.4900,9.5800,9.3100,9.5000,9.5700,17892384,168847244.0000,2.863874,1,-0.731449,30.496910,3.104563,2.003578,80.188925,0
2017-11-30,sh.600846,9.4400,9.4900,9.2200,9.2400,9.5000,15083209,140871868.0000,2.414235,1,-2.736845,29.662258,3.019596,1.948743,77.994280,0
2017-12-01,sh.600846,9.2100,9.3900,9.1800,9.3700,9.2400,14216444,132261456.0000,2.275499,1,1.406928,30.079584,3.062079,1.976160,79.091603,0
2017-12-04,sh.600846,9.3100,9.3600,8.8000,8.9200,9.3700,19462478,178115875.0000,3.115185,1,-4.802559,28.634993,2.915021,1.881254,75.293180,0
2017-12-05,sh.600846,8.8200,8.9800,8.4000,8.5000,8.9200,21989652,191255266.0000,3.519687,1,-4.708521,27.286709,2.777767,1.792675,71.747985,0
2017-12-06,sh.600846,8.5200,8.8900,8.4300,8.8600,8.5000,21710372,189513079.0000,3.474985,1,4.235290,28.442381,2.895413,1.868600,74.786723,0
2017-12-07,sh.600846,8.7600,8.9800,8.7400,8.8000,8.8600,13464124,119421312.0000,2.155082,1,-0.677195,28.249769,2.875805,1.855946,74.280267,0
2017-12-08,sh.600846,8.8200,9.0400,8.8200,8.9500,8.8000,14634144,130814368.0000,2.342357,1,1.704541,28.731299,2.924825,1.887581,75.546408,0
2017-12-11,sh.600846,8.9200,9.1600,8.9200,9.1500,8.9500,15955248,144671707.0000,2.553814,1,2.234635,29.373339,2.990184,1.929762,77.234596,0
2017-12-12,sh.600846,9.1100,9.1800,8.8300,8.9400,9.1500,17957592,161338850.0000,2.874311,1,-2.295082,28.699197,2.921557,1.885472,75.461999,0
2017-12-13,sh.600846,8.8800,9.5700,8.8700,9.3300,8.9400,33001258,306315539.0000,5.282217,1,4.362420,29.951176,3.049007,1.967724,78.753965,0
2017-12-14,sh.600846,9.2200,9.3000,9.1400,9.2700,9.3300,19469060,179414035.0000,3.116239,1,-0.643081,29.758564,3.029399,1.955070,78.247509,0
2017-12-15,sh.600846,9.2100,10.1400,9.1600,9.8800,9.2700,58002874,562369288.0000,9.284002,1,6.580362,31.716786,3.228745,2.083721,83.396482,0
2017-12-18,sh.600846,9.8000,9.8600,9.5200,9.7900,9.8800,36938244,357451701.0000,5.912375,1,-0.910933,31.427868,3.199333,2.064740,82.636797,0
2017-12-19,sh.600846,9.7500,9.8900,9.6500,9.7500,9.7900,22696349,221605695.0000,3.632802,1,-0.408580,31.299460,3.186262,2.056304,82.299160,0
2017-12-20,sh.600846,9.7500,10.0600,9.7000,9.7900,9.7500,28782272,284291413.0000,4.606921,1,0.410256,31.427868,3.199333,2.064740,82.636797,0
2017-12-21,sh.600846,9.7600,9.7600,9.3300,9.6100,9.7900,26196745,249939271.0000,4.193079,1,-1.838614,30.850032,3.140510,2.026777,81.117428,0
2017-12-22,sh.600846,9.6100,9.6400,9.4300,9.4900,9.6100,16337238,155297245.0000,2.614956,1,-1.248698,30.464808,3.101295,2.001469,80.104515,0
2017-12-25,sh.600846,9.5700,9.5800,9.0400,9.1000,9.4900,19317539,179368450.0000,3.091986,1,-4.109583,29.212829,2.973844,1.919217,76.812549,0
2017-12-26,sh.600846,9.1400,9.2800,9.0600,9.2700,9.1000,13873791,127339241.0000,2.220654,1,1.868133,29.758564,3.029399,1.955070,78.247509,0
2017-12-27,sh.600846,9.3200,9.4600,9.1800,9.3200,9.2700,17916022,167397108.0000,2.867658,1,0.539366,29.919074,3.045739,1.965615,78.669556,0
2017-12-28,sh.600846,9.2800,9.4700,9.2800,9.4500,9.3200,15730475,147768245.0000,2.517837,1,1.394851,30.336400,3.088223,1.993033,79.766878,0
2017-12-29,sh.600846,9.4600,9.6800,9.4100,9.6300,9.4500,22755886,218244541.0000,3.642332,1,1.904765,30.914236,3.147046,2.030995,81.286247,0
2018-01-02,sh.600846,9.6100,9.7400,9.5100,9.6700,9.6300,19399980,186598765.0000,3.105182,1,0.415368,31.042644,3.160118,2.039431,81.623884,0
2018-01-03,sh.600846,9.7700,10.6400,9.7700,10.6400,9.6700,80351787,833839144.0000,12.861193,1,10.031030,34.156539,3.477110,2.244007,89.811596,0
2018-01-04,sh.600846,10.6300,10.7400,10.2200,10.4000,10.6400,69794236,728212938.0000,11.171340,1,-2.255646,33.386091,3.398679,2.193390,87.785770,0
2018-01-05,sh.600846,10.2300,10.5800,10.2300,10.3300,10.4000,40140483,417238403.0000,6.424929,1,-0.673074,33.161377,3.375803,2.178627,87.194904,0
2018-01-08,sh.600846,10.2100,10.4500,10.0600,10.3700,10.3300,30887215,317230246.0000,4.943841,1,0.387221,33.289785,3.388875,2.187063,87.532542,0
2018-01-09,sh.600846,10.3000,10.4400,10.1500,10.2400,10.3700,22529366,231392039.0000,3.606075,1,-1.253617,32.872459,3.346392,2.159646,86.435220,0
2018-01-10,sh.600846,10.3300,10.3300,10.0000,10.1100,10.2400,20646392,209426376.0000,3.304684,1,-1.269532,32.455132,3.303908,2.132229,85.337898,0
2018-01-11,sh.600846,10.0600,10.2700,9.9100,10.1800,10.1100,20635585,208394345.0000,3.302954,1,0.692390,32.679847,3.326784,2.146992,85.928764,0
2018-01-12,sh.600846,10.1200,10.6200,10.0900,10.3800,10.1800,40777150,424222097.0000,6.526834,1,1.964635,33.321887,3.392143,2.189172,87.616951,0
2018-01-15,sh.600846,10.2900,10.3500,9.8900,9.9000,10.3800,26324879,265522407.0000,4.213588,1,-4.624282,31.780990,3.235281,2.087939,83.565301,0
2018-01-16,sh.600846,9.9200,10.0900,9.8800,10.0800,9.9000,20221632,202042728.0000,3.236696,1,1.818185,32.358826,3.294104,2.125902,85.084670,0
2018-01-17,sh.600846,10.0100,10.1600,9.7000,9.9100,10.0800,20242684,200205951.0000,3.240066,1,-1.686509,31.813092,3.238549,2.090048,83.649710,0
2018-01-18,sh.600846,9.8800,9.9900,9.8100,9.9800,9.9100,13883207,137545340.0000,2.222161,1,0.706354,32.037806,3.261425,2.104811,84.240576,0
2018-01-19,sh.600846,9.9900,10.4900,9.8800,10.2800,9.9800,36736042,375547810.0000,5.880010,1,3.006014,33.000867,3.359464,2.168082,86.772857,0
2018-01-22,sh.600846,10.2000,10.5900,10.2000,10.4800,10.2800,31514974,327964839.0000,5.044321,1,1.945524,33.642907,3.424823,2.210263,88.461045,0
2018-01-23,sh.600846,10.4000,10.4300,10.2500,10.3300,10.4800,21263910,219502023.0000,3.403524,1,-1.431294,33.161377,3.375803,2.178627,87.194904,0
2018-01-24,sh.600846,10.3000,10.6300,10.1600,10.5600,10.3300,33764557,351565238.0000,5.404391,1,2.226529,33.899723,3.450966,2.227135,89.136321,0
2018-01-25,sh.600846,10.5500,10.6500,10.2800,10.2900,10.5600,27498476,287849886.0000,4.401436,1,-2.556823,33.032969,3.362731,2.170191,86.857267,0
2018-01-26,sh.600846,10.2000,10.5000,10.1700,10.1800,10.2900,22083372,227540278.0000,3.534688,1,-1.068996,32.679847,3.326784,2.146992,85.928764,0
2018-01-29,sh.600846,10.1600,10.1700,9.7400,9.8300,10.1800,25726700,255496352.0000,4.117843,1,-3.438118,31.556276,3.212405,2.073176,82.974435,0
2018-01-30,sh.600846,9.8500,9.9000,9.2300,9.3900,9.8300,24480070,233152723.0000,3.918306,1,-4.476089,30.143788,3.068615,1.980379,79.260421,0
2018-01-31,sh.600846,9.3000,9.3000,9.0000,9.0000,9.3900,16567040,150797480.0000,2.651738,1,-4.153358,28.891809,2.941165,1.898126,75.968455,0
2018-02-01,sh.600846,8.9700,9.1500,8.7600,8.8500,9.0000,13101501,117487648.0000,2.097040,1,-1.666662,28.410279,2.892145,1.866491,74.702314,0
2018-02-02,sh.600846,8.9000,9.0000,8.6700,8.9500,8.8500,9355780,83131450.0000,1.497496,1,1.129937,28.731299,2.924825,1.887581,75.546408,0
2018-02-05,sh.600846,8.8200,9.0500,8.7400,8.9500,8.9500,7763630,69463120.0000,1.242655,1,0.000000,28.731299,2.924825,1.887581,75.546408,0
2018-02-06,sh.600846,8.8000,8.8300,8.0600,8.0600,8.9500,27409685,227261891.0000,4.387224,1,-9.944127,25.874220,2.633976,1.699878,68.033972,0
2018-02-07,sh.600846,8.2900,8.3100,7.4500,7.9100,8.0600,16243952,128997977.0000,2.600024,1,-1.861049,25.392690,2.584957,1.668242,66.767831,0
2018-02-08,sh.600846,7.8500,8.0300,7.8200,7.9900,7.9100,7192480,57316797.0000,1.151236,1,1.011377,25.649506,2.611101,1.685114,67.443106,0
2018-02-09,sh.600846,7.6300,7.8000,7.4300,7.5600,7.9900,12352902,94136829.0000,1.977219,1,-5.381725,24.269120,2.470578,1.594426,63.813502,0
2018-02-12,sh.600846,7.6800,7.9200,7.6200,7.8400,7.5600,8455171,65855201.0000,1.353344,1,3.703706,25.167976,2.562081,1.653479,66.176965,0
2018-02-13,sh.600846,7.9300,8.3200,7.8900,8.0100,7.8400,14815614,120438629.0000,2.371403,1,2.168368,25.713710,2.617636,1.689332,67.611925,0
2018-02-14,sh.600846,7.9600,8.0600,7.6000,8.0400,8.0100,7979788,63437093.0000,1.277253,1,0.374528,25.810016,2.627440,1.695660,67.865153,0
2018-02-22,sh.600846,8.1400,8.4200,8.0700,8.3800,8.0400,15333166,126975525.0000,2.454243,1,4.228858,26.901485,2.738551,1.767367,70.735073,0
2018-02-23,sh.600846,8.7400,8.8600,8.4200,8.4600,8.3800,22714464,196212876.0000,3.635702,1,0.954653,27.158301,2.764695,1.784239,71.410348,0
2018-02-26,sh.600846,8.4800,8.7600,8.3800,8.7100,8.4600,19277648,164858416.0000,3.085601,1,2.955083,27.960851,2.846394,1.836965,73.520583,0
2018-02-27,sh.600846,8.6200,8.7400,8.5400,8.6000,8.7100,13909369,120007087.0000,2.226349,1,-1.262912,27.607729,2.810446,1.813765,72.592079,0
2018-02-28,sh.600846,8.5000,8.7300,8.3600,8.6400,8.6000,14968134,128131545.0000,2.395816,1,0.465116,27.736137,2.823518,1.822201,72.929717,0
2018-03-01,sh.600846,8.5600,8.7300,8.5200,8.7100,8.6400,14028102,121567619.0000,2.245353,1,0.810182,27.960851,2.846394,1.836965,73.520583,0
2018-03-02,sh.600846,8.6200,9.0000,8.5700,8.8700,8.7100,21844526,191480803.0000,3.496458,1,1.836967,28.474483,2.898681,1.870709,74.871133,0
2018-03-05,sh.600846,8.7900,8.8500,8.6900,8.7700,8.8700,13061465,114370832.0000,2.090632,1,-1.127389,28.153463,2.866001,1.849619,74.027039,0
2018-03-06,sh.600846,8.7500,9.1000,8.7300,8.9400,8.7700,22954289,205323743.0000,3.674088,1,1.938416,28.699197,2.921557,1.885472,75.461999,0
2018-03-07,sh.600846,8.9600,8.9700,8.7400,8.7600,8.9400,14087512,124648731.0000,2.254862,1,-2.013416,28.121361,2.862734,1.847510,73.942630,0
2018-03-08,sh.600846,8.7600,9.5900,8.7100,9.4000,8.7600,46974138,431994084.0000,7.518731,1,7.305929,30.175890,3.071883,1.982488,79.344831,0
2018-03-09,sh.600846,9.2400,9.4000,9.1300,9.2300,9.4000,35290703,326106069.0000,5.648668,1,-1.808511,29.630156,3.016328,1.946634,77.909871,0
2018-03-12,sh.600846,9.2300,9.3200,9.1900,9.2600,9.2300,20447205,189132262.0000,3.272802,1,0.325035,29.726462,3.026132,1.952961,78.163099,0
2018-03-13,sh.600846,9.2100,9.2600,9.0300,9.1400,9.2600,17169077,157189615.0000,2.748101,1,-1.295895,29.341237,2.986916,1.927653,77.150187,0
2018-03-14,sh.600846,9.1200,9.2000,8.9600,9.0000,9.1400,12328550,111886314.0000,1.973321,1,-1.531732,28.891809,2.941165,1.898126,75.968455,0
2018-03-15,sh.600846,8.9800,9.1800,8.8700,9.0600,9.0000,14720061,133290979.0000,2.356109,1,0.666671,29.084421,2.960772,1.910781,76.474911,0
2018-03-16,sh.600846,9.0600,9.2500,8.9800,9.0600,9.0600,16370237,148887677.0000,2.620238,1,0.000000,29.084421,2.960772,1.910781,76.474911,0
2018-03-19,sh.600846,9.0200,9.0800,8.9000,8.9900,9.0600,10310580,92840614.0000,1.650323,1,-0.772634,28.859707,2.937897,1.896017,75.884046,0
2018-03-20,sh.600846,8.9000,9.0600,8.7400,8.9400,8.9900,14504035,129254585.0000,2.321531,1,-0.556176,28.699197,2.921557,1.885472,75.461999,0
2018-03-21,sh.600846,8.9000,9.0500,8.7700,8.8300,8.9400,13441065,120156974.0000,2.151391,1,-1.230421,28.346075,2.885609,1.862273,74.533495,0
2018-03-22,sh.600846,8.8200,8.9300,8.7600,8.8400,8.8300,10053416,88969047.0000,1.609161,1,0.113253,28.378177,2.888877,1.864382,74.617905,0
2018-03-23,sh.600846,8.5000,8.5700,7.9600,7.9700,8.8400,23208567,191324354.0000,3.714788,1,-9.841633,25.585302,2.604565,1.680896,67.274287,0
2018-03-26,sh.600846,7.7800,8.2400,7.7000,8.1600,7.9700,12512869,100152518.0000,2.002823,1,2.383940,26.195240,2.666656,1.720968,68.878066,0
2018-03-27,sh.600846,8.1900,8.4700,8.1900,8.3600,8.1600,13388014,111923853.0000,2.142900,1,2.450978,26.837281,2.732015,1.763149,70.566254,0
2018-03-28,sh.600846,8.2400,8.8300,8.2100,8.5800,8.3600,23598495,203390722.0000,3.777200,1,2.631582,27.543525,2.803910,1.809547,72.423260,0
2018-03-29,sh.600846,8.5600,8.7400,8.4800,8.6100,8.5800,16076410,138166183.0000,2.573207,1,0.349647,27.639831,2.813714,1.815874,72.676489,0
2018-03-30,sh.600846,8.8500,9.3900,8.8500,9.0600,8.6100,35573010,323312293.0000,5.693854,1,5.226490,29.084421,2.960772,1.910781,76.474911,0
2018-04-02,sh.600846,8.9300,9.1900,8.9100,9.1600,9.0600,28854016,261949346.0000,4.618405,1,1.103746,22.437179,2.766511,1.577908,24.735239,0
2018-04-03,sh.600846,8.9600,9.0300,8.7500,8.8900,9.1600,18890115,168350937.0000,3.023572,1,-2.947593,21.775821,2.684966,1.531398,24.006143,0
2018-04-04,sh.600846,8.9600,9.0800,8.7500,8.8300,8.8900,14541153,129918146.0000,2.327473,1,-0.674920,21.628853,2.666844,1.521062,23.844122,0
2018-04-09,sh.600846,8.7200,8.8200,8.5700,8.7200,8.8300,11577416,100887969.0000,1.853094,1,-1.245749,21.359411,2.633622,1.502114,23.547083,0
2018-04-10,sh.600846,8.7000,8.8700,8.7000,8.8100,8.7200,10889898,95799444.0000,1.743049,1,1.032112,21.579864,2.660804,1.517617,23.790115,0
2018-04-11,sh.600846,8.8600,8.9300,8.7800,8.8200,8.8100,11790972,104408264.0000,1.887276,1,0.113499,21.604358,2.663824,1.519340,23.817118,0
2018-04-12,sh.600846,8.7800,8.8500,8.6200,8.6300,8.8200,10858167,94829386.0000,1.737970,1,-2.154190,21.138958,2.606440,1.486610,23.304051,0
2018-04-13,sh.600846,8.6700,8.7800,8.6600,8.6700,8.6300,7630116,66468628.0000,1.221285,1,0.463499,21.236937,2.618521,1.493501,23.412065,0
2018-04-16,sh.600846,8.6500,8.6800,8.4000,8.5300,8.6700,9793285,83586704.0000,1.567524,1,-1.614768,20.894011,2.576238,1.469384,23.034016,0
2018-04-17,sh.600846,8.5700,8.6300,8.2700,8.2900,8.5300,9284943,78570076.0000,1.486158,1,-2.813596,20.306137,2.503753,1.428042,22.385931,0
2018-04-18,sh.600846,8.3500,8.5500,8.2000,8.5300,8.2900,10405381,87505869.0000,1.665496,1,2.895052,20.894011,2.576238,1.469384,23.034016,0
2018-04-19,sh.600846,8.4700,8.9700,8.4700,8.7500,8.5300,16806984,146607784.0000,2.690144,1,2.579136,21.432895,2.642683,1.507282,23.628094,0
2018-04-20,sh.600846,8.7100,8.9200,8.6100,8.9000,8.7500,23329404,204951733.0000,3.734129,1,1.714281,21.800316,2.687986,1.533121,24.033147,0
2018-04-23,sh.600846,9.1100,9.2700,8.8000,8.9400,8.9000,28755294,259969663.0000,4.602603,1,0.449438,21.898295,2.700067,1.540011,24.141161,0
2018-04-24,sh.600846,8.8300,9.0800,8.7200,9.0400,8.9400,22542343,200986204.0000,3.608152,1,1.118572,22.143243,2.730269,1.557237,24.411196,0
2018-04-25,sh.600846,8.9400,9.8800,8.9100,9.3900,9.0400,52664513,495625742.0000,8.429539,1,3.871686,23.000558,2.835976,1.617528,25.356320,0
2018-04-26,sh.600846,9.1100,9.3800,8.8500,8.9200,9.3900,31131557,283913080.0000,4.982950,1,-5.005328,21.849306,2.694026,1.536566,24.087154,0
2018-04-27,sh.600846,9.0000,9.0600,8.6500,8.7000,8.9200,17713395,156299593.0000,2.835225,1,-2.466371,21.310421,2.627582,1.498668,23.493076,0
2018-05-02,sh.600846,8.8500,8.9400,8.7800,8.8300,8.7000,11816244,104500904.0000,1.891321,1,1.494254,18.283156,2.571708,1.405681,3.376345,0
2018-05-03,sh.600846,8.8400,9.1500,8.8000,9.1300,8.8300,20054936,180533304.0000,3.210015,1,3.397511,18.904327,2.659082,1.453439,3.491056,0
2018-05-04,sh.600846,9.0800,9.0800,8.9400,8.9500,9.1300,12815258,115398878.0000,2.051224,1,-1.971526,18.531624,2.606658,1.424784,3.422229,0
2018-05-07,sh.600846,9.0000,9.2300,9.0000,9.1800,8.9500,20627915,188805268.0000,3.301726,1,2.569838,19.007856,2.673644,1.461398,3.510175,0
2018-05-08,sh.600846,9.1500,9.3300,9.1300,9.2000,9.1800,19386371,178739933.0000,3.103003,1,0.217860,19.049267,2.679469,1.464582,3.517822,0
2018-05-09,sh.600846,9.1800,9.2500,9.0400,9.1300,9.2000,14026144,127966419.0000,2.245040,1,-0.760866,18.904327,2.659082,1.453439,3.491056,0
2018-05-10,sh.600846,9.1300,9.4500,9.0900,9.4100,9.1300,34694781,323435807.0000,5.553284,1,3.066810,19.484088,2.740631,1.498013,3.598120,0
2018-05-11,sh.600846,9.3500,9.3700,9.1700,9.2300,9.4100,19523458,180709541.0000,3.124946,1,-1.912862,19.111385,2.688207,1.469358,3.529294,0
2018-05-14,sh.600846,9.2600,9.2600,9.1100,9.1600,9.2300,11396260,104511103.0000,1.824098,1,-0.758393,18.966445,2.667819,1.458215,3.502527,0
2018-05-15,sh.600846,9.1500,9.2500,9.0500,9.2400,9.1600,12551340,115166149.0000,2.008981,1,0.873362,19.132090,2.691119,1.470950,3.533117,0
2018-05-16,sh.600846,9.2300,9.2500,9.0000,9.0200,9.2400,14675608,133709314.0000,2.348994,1,-2.380945,18.676564,2.627045,1.435927,3.448995,0
2018-05-17,sh.600846,9.0400,9.0800,8.9000,8.9200,9.0200,11761255,105692450.0000,1.882519,1,-1.108652,18.469507,2.597920,1.420008,3.410758,0
2018-05-18,sh.600846,8.9400,9.0300,8.8400,9.0200,8.9200,11329825,101351443.0000,1.813464,1,1.121081,18.676564,2.627045,1.435927,3.448995,0
2018-05-21,sh.600846,9.0900,9.1900,9.0600,9.1400,9.0200,13163550,120219110.0000,2.106972,1,1.330376,18.925033,2.661994,1.455031,3.494880,0
2018-05-22,sh.600846,9.1800,9.3500,9.0700,9.2800,9.1400,22873491,211166705.0000,3.661156,1,1.531722,19.214913,2.702769,1.477318,3.548412,0
2018-05-23,sh.600846,9.2100,9.2400,9.0400,9.0500,9.2800,15393388,140805025.0000,2.463882,1,-2.478443,18.738682,2.635782,1.440703,3.460467,0
2018-05-24,sh.600846,9.0600,9.2400,9.0400,9.1400,9.0500,11795949,108012160.0000,1.888072,1,0.994477,18.925033,2.661994,1.455031,3.494880,0
2018-05-25,sh.600846,9.1500,9.2500,9.1000,9.1900,9.1400,15736291,144631610.0000,2.518768,1,0.547038,19.028562,2.676557,1.462990,3.513999,0
2018-05-28,sh.600846,9.2500,9.4800,9.1800,9.3400,9.1900,32427822,303327894.0000,5.190432,1,1.632215,19.339148,2.720244,1.486869,3.571354,0
2018-05-29,sh.600846,9.2700,9.2700,9.0000,9.0100,9.3400,24378028,222258197.0000,3.901973,1,-3.533190,18.655859,2.624132,1.434335,3.445172,0
2018-05-30,sh.600846,8.8100,8.8200,8.3500,8.3600,9.0100,22566509,192949139.0000,3.612020,1,-7.214212,17.309987,2.434822,1.330860,3.196630,0
2018-05-31,sh.600846,8.4600,8.5600,8.4100,8.5100,8.3600,8883407,75411716.0000,1.421888,1,1.794265,17.620572,2.478509,1.354739,3.253986,0
2018-06-01,sh.600846,8.4300,8.5400,8.2700,8.4000,8.5100,8942940,75280904.0000,1.431417,1,-1.292604,17.392809,2.446472,1.337227,3.211925,0
2018-06-04,sh.600846,8.4500,8.5200,8.4100,8.4300,8.4000,5998593,50802207.0000,0.960141,1,0.357151,17.454927,2.455209,1.342003,3.223396,0
2018-06-05,sh.600846,8.4700,8.6100,8.4200,8.6000,8.4300,7347902,62632044.0000,1.176113,1,2.016608,17.806924,2.504721,1.369066,3.288399,0
2018-06-06,sh.600846,8.5800,8.6200,8.4900,8.5400,8.6000,6688771,57200665.0000,1.070612,1,-0.697679,17.682690,2.487246,1.359514,3.265457,0
2018-06-07,sh.600846,8.6000,8.6100,8.3500,8.3700,8.5400,7570688,64090616.0000,1.211772,1,-1.990633,17.330692,2.437734,1.332451,3.200454,0
2018-06-08,sh.600846,8.3500,8.3500,8.1000,8.1700,8.3700,10277433,83977884.0000,1.645017,1,-2.389484,16.916578,2.379485,1.300613,3.123979,0
2018-06-11,sh.600846,8.1900,8.2500,8.1200,8.1800,8.1700,5015878,41031749.0000,0.802847,1,0.122402,16.937283,2.382398,1.302205,3.127803,0
2018-06-12,sh.600846,8.1800,8.2400,7.9600,8.2200,8.1800,6970573,56703683.0000,1.115717,1,0.488997,17.020106,2.394047,1.308572,3.143098,0
2018-06-13,sh.600846,8.1600,8.1900,8.0200,8.0300,8.2200,5756909,46657371.0000,0.921457,1,-2.311442,16.626698,2.338711,1.278326,3.070447,0
2018-06-14,sh.600846,8.0100,8.1600,8.0000,8.0700,8.0300,5039706,40806379.0000,0.806661,1,0.498132,16.709521,2.350360,1.284693,3.085742,0
2018-06-15,sh.600846,8.0800,8.1300,7.8100,7.8800,8.0700,8722942,69167618.0000,1.396203,1,-2.354394,16.316112,2.295024,1.254447,3.013091,0
2018-06-19,sh.600846,7.8000,7.8300,7.0900,7.1500,7.8800,14042536,104040663.0000,2.247663,1,-9.263960,14.804594,2.082414,1.138235,2.733960,0
2018-06-20,sh.600846,7.1600,7.4300,7.1000,7.3400,7.1500,8345011,60589526.0000,1.335711,1,2.657343,15.198003,2.137750,1.168482,2.806610,0
2018-06-21,sh.600846,7.3400,7.4200,7.1400,7.2200,7.3400,6673191,48525472.0000,1.068118,1,-1.634882,14.949534,2.102801,1.149379,2.760726,0
2018-06-22,sh.600846,7.0500,7.3400,7.0500,7.3300,7.2200,6120030,44332348.0000,0.979579,1,1.523548,15.177297,2.134838,1.166890,2.802787,0
2018-06-25,sh.600846,7.4400,7.4500,7.2600,7.3000,7.3300,5942487,43726515.0000,0.951161,1,-0.409273,15.115180,2.126101,1.162114,2.791316,0
2018-06-26,sh.600846,7.1900,7.4600,7.1100,7.4200,7.3000,5715017,42039817.0000,0.914752,1,1.643834,15.363648,2.161050,1.181217,2.837200,0
2018-06-27,sh.600846,7.4000,7.4400,7.3100,7.3500,7.4200,5054643,37271816.0000,0.809052,1,-0.943399,15.218708,2.140663,1.170074,2.810434,0
2018-06-28,sh.600846,7.3500,7.4400,7.2300,7.2700,7.3500,4428037,32530534.0000,0.708756,1,-1.088434,15.053062,2.117363,1.157338,2.779844,0
2018-06-29,sh.600846,7.2900,7.5900,7.2900,7.5300,7.2700,8629499,64323118.0000,1.381247,1,3.576344,15.591411,2.193087,1.198729,2.879261,0
2018-07-02,sh.600846,7.5100,7.5200,7.3300,7.3800,7.5300,6750491,50177177.0000,1.080491,1,-1.992033,15.280825,2.149400,1.174850,2.821905,0
2018-07-03,sh.600846,7.4200,7.5800,7.3700,7.5800,7.3800,9841982,73780393.0000,1.575318,1,2.710024,15.694940,2.207650,1.206688,2.898380,0
2018-07-04,sh.600846,7.5000,7.5200,7.3700,7.4100,7.5800,6438172,47871934.0000,1.030501,1,-2.242745,15.342943,2.158138,1.179625,2.833376,0
2018-07-05,sh.600846,7.4100,7.4500,7.1700,7.1800,7.4100,5205198,38144160.0000,0.833150,1,-3.103914,14.866711,2.091151,1.143011,2.745431,0
2018-07-06,sh.600846,7.2200,7.3700,7.0900,7.3000,7.1800,7180723,52082218.0000,1.149354,1,1.671314,15.115180,2.126101,1.162114,2.791316,0
2018-07-09,sh.600846,7.3500,7.5000,7.3500,7.4800,7.3000,7160125,53372502.0000,1.146057,1,2.465751,15.487883,2.178525,1.190769,2.860143,0
2018-07-10,sh.600846,7.5000,7.5800,7.4700,7.5400,7.4800,7406925,55715355.0000,1.185560,1,0.802138,15.612117,2.196000,1.200321,2.883085,0
2018-07-11,sh.600846,7.4500,7.4500,7.1900,7.3100,7.5400,7724427,56588604.0000,1.236380,1,-3.050398,15.135885,2.129013,1.163706,2.795139,0
2018-07-12,sh.600846,7.3400,7.5700,7.3100,7.5400,7.3100,8919967,66817048.0000,1.427740,1,3.146375,15.612117,2.196000,1.200321,2.883085,0
2018-07-13,sh.600846,7.5200,7.6000,7.4900,7.5500,7.5400,7255407,54723950.0000,1.161308,1,0.132629,15.632823,2.198912,1.201913,2.886909,0
2018-07-16,sh.600846,7.5200,7.6500,7.5100,7.5900,7.5500,7218738,54755994.0000,1.155439,1,0.529801,15.715646,2.210562,1.208280,2.902203,0
2018-07-17,sh.600846,7.5800,7.6000,7.4500,7.5900,7.5900,5599671,42051735.0000,0.896289,1,0.000000,15.715646,2.210562,1.208280,2.902203,0
2018-07-18,sh.600846,7.6200,7.8500,7.5500,7.5600,7.5900,12628507,97365989.0000,2.021332,1,-0.395260,15.653529,2.201825,1.203505,2.890732,0
2018-07-19,sh.600846,7.5300,7.6500,7.4900,7.5400,7.5600,5964048,44966742.0000,0.954612,1,-0.264550,15.612117,2.196000,1.200321,2.883085,0
2018-07-20,sh.600846,7.5300,7.6500,7.3300,7.6100,7.5400,8575381,64395928.0000,1.372585,1,0.928384,15.757057,2.216387,1.211464,2.909851,0
2018-07-23,sh.600846,7.5600,7.7400,7.5200,7.7200,7.6100,9126884,69918716.0000,1.460859,1,1.445462,15.984820,2.248424,1.228976,2.951912,0
2018-07-24,sh.600846,7.8300,8.0300,7.7500,8.0300,7.7200,22110008,175901020.0000,3.538952,1,4.015543,16.626698,2.338711,1.278326,3.070447,0
2018-07-25,sh.600846,7.9600,8.1800,7.9200,7.9400,8.0300,12275810,98137786.0000,1.964879,1,-1.120793,16.440346,2.312498,1.263998,3.036034,0
2018-07-26,sh.600846,7.9400,8.0100,7.8900,7.9800,7.9400,9010972,71597767.0000,1.442306,1,0.503778,16.523169,2.324148,1.270366,3.051329,0
2018-07-27,sh.600846,7.9600,7.9600,7.8400,7.8600,7.9800,5850243,46140196.0000,0.936396,1,-1.503758,16.274700,2.289199,1.251263,3.005444,0
2018-07-30,sh.600846,7.8600,7.9600,7.8000,7.8600,7.8600,6217234,48954007.0000,0.995137,1,0.000000,16.274700,2.289199,1.251263,3.005444,0
2018-07-31,sh.600846,7.8200,8.1900,7.8200,7.9600,7.8600,14121060,113609919.0000,2.260232,1,1.272263,16.481758,2.318323,1.267182,3.043681,0
2018-08-01,sh.600846,7.9500,8.1500,7.9300,8.0000,7.9600,16099621,129780145.0000,2.576923,1,0.502512,16.564580,2.329973,1.273550,3.058976,0
2018-08-02,sh.600846,7.9400,7.9500,7.4600,7.7200,8.0000,14553283,112504810.0000,2.329414,1,-3.500003,15.984820,2.248424,1.228976,2.951912,0
2018-08-03,sh.600846,7.7100,7.7700,7.5600,7.5900,7.7200,6471939,49623805.0000,1.035906,1,-1.683933,15.715646,2.210562,1.208280,2.902203,0
2018-08-06,sh.600846,7.5700,7.7000,7.4800,7.5500,7.5900,5539945,42039770.0000,0.886730,1,-0.527009,15.632823,2.198912,1.201913,2.886909,0
2018-08-07,sh.600846,7.6000,7.8300,7.5400,7.8100,7.5500,9222326,71171974.0000,1.476135,1,3.443705,16.171172,2.274636,1.243303,2.986325,0
2018-08-08,sh.600846,7.8000,7.8600,7.7100,7.7300,7.8100,8300251,64622276.0000,1.328547,1,-1.024327,16.005526,2.251337,1.230567,2.955736,0
2018-08-09,sh.600846,7.6000,7.8900,7.5100,7.7200,7.6000,12280013,94803182.0000,1.965552,1,1.578946,15.984820,2.248424,1.228976,2.951912,0
2018-08-10,sh.600846,7.7300,7.8100,7.6800,7.7500,7.7200,7017149,54359582.0000,1.123172,1,0.388604,16.046937,2.257162,1.233751,2.963383,0
2018-08-13,sh.600846,7.6500,7.8600,7.5900,7.8500,7.7500,8501407,65746809.0000,1.360744,1,1.290321,16.253995,2.286286,1.249671,3.001620,0
2018-08-14,sh.600846,7.8000,7.8500,7.7300,7.7900,7.8500,6155700,47884294.0000,0.985288,1,-0.764331,16.129760,2.268811,1.240119,2.978678,0
2018-08-15,sh.600846,7.7700,7.9000,7.6300,7.6500,7.7900,7936389,61725108.0000,1.270307,1,-1.797174,15.839880,2.228037,1.217832,2.925146,0
2018-08-16,sh.600846,7.5300,7.6800,7.4400,7.5700,7.6500,5895887,44679089.0000,0.943702,1,-1.045751,15.674234,2.204737,1.205096,2.894556,0
2018-08-17,sh.600846,7.6200,7.6800,7.3800,7.3900,7.5700,5861686,44094958.0000,0.938228,1,-2.377811,15.301531,2.152313,1.176442,2.825729,0
2018-08-20,sh.600846,7.4100,7.4800,7.3500,7.4700,7.3900,4344272,32234418.0000,0.695349,1,1.082543,15.467177,2.175612,1.189177,2.856319,0
2018-08-21,sh.600846,7.5000,7.6100,7.4500,7.5800,7.4700,4865354,36682237.0000,0.778754,1,1.472559,15.694940,2.207650,1.206688,2.898380,0
2018-08-22,sh.600846,7.5700,7.5700,7.4500,7.4600,7.5800,3409798,25554691.0000,0.545776,1,-1.583112,15.446471,2.172700,1.187585,2.852495,0
2018-08-23,sh.600846,7.4300,7.5200,7.4300,7.4800,7.4600,2793729,20916090.0000,0.447167,1,0.268096,15.487883,2.178525,1.190769,2.860143,0
2018-08-24,sh.600846,7.4800,7.6100,7.4400,7.6000,7.4800,5128877,38634937.0000,0.820934,1,1.604277,15.736351,2.213475,1.209872,2.906027,0
2018-08-27,sh.600846,7.5900,7.7400,7.5700,7.7100,7.6000,8851802,67728345.0000,1.416829,1,1.447370,15.123989,2.290554,1.329907,9.478004,0
2018-08-28,sh.600846,7.6800,7.7200,7.6200,7.6800,7.7100,6278962,48099202.0000,1.005017,1,-0.389108,15.065141,2.281642,1.324732,9.441125,0
2018-08-29,sh.600846,7.6600,7.7700,7.6300,7.7000,7.6800,6557404,50480109.0000,1.049585,1,0.260416,15.104373,2.287583,1.328182,9.465711,0
2018-08-30,sh.600846,7.7700,7.8200,7.5400,7.5700,7.7000,5396004,41365858.0000,0.863690,1,-1.688307,14.849364,2.248962,1.305758,9.305900,0
2018-08-31,sh.600846,7.5300,7.5700,7.4500,7.4800,7.5700,4153307,31166835.0000,0.664783,1,-1.188905,14.672819,2.222224,1.290234,9.195262,0
2018-09-03,sh.600846,7.4200,7.4700,7.3300,7.4400,7.4800,4354613,32180546.0000,0.697004,1,-0.534759,14.594355,2.210340,1.283335,9.146090,0
2018-09-04,sh.600846,7.4400,7.5200,7.3900,7.4900,7.4400,3068827,22923024.0000,0.491200,1,0.672039,14.692435,2.225195,1.291959,9.207555,0
2018-09-05,sh.600846,7.4600,7.5200,7.3500,7.3500,7.4900,3357387,24975295.0000,0.537387,1,-1.869157,14.417810,2.183602,1.267810,9.035451,0
2018-09-06,sh.600846,7.3500,7.4200,7.3100,7.3300,7.3500,2945990,21676499.0000,0.471538,1,-0.272109,14.378578,2.177661,1.264361,9.010865,0
2018-09-07,sh.600846,7.3500,7.4100,7.2700,7.2900,7.3300,4076937,29929419.0000,0.652559,1,-0.545702,14.300114,2.165777,1.257461,8.961693,0
2018-09-10,sh.600846,7.3200,7.3700,7.1700,7.2000,7.2900,3595288,26049265.0000,0.575466,1,-1.234570,14.123569,2.139039,1.241937,8.851055,0
2018-09-11,sh.600846,7.2000,7.2800,7.1800,7.2100,7.2000,2967389,21424432.0000,0.474963,1,0.138892,14.143185,2.142010,1.243662,8.863348,0
2018-09-12,sh.600846,7.2300,7.2400,7.1700,7.2000,7.2100,2392216,17237771.0000,0.382901,1,-0.138699,14.123569,2.139039,1.241937,8.851055,0
2018-09-13,sh.600846,7.2700,7.2800,7.1600,7.2400,7.2000,2901333,20948428.0000,0.464390,1,0.555555,14.202034,2.150923,1.248836,8.900227,0
2018-09-14,sh.600846,7.2600,7.2800,7.2100,7.2300,7.2400,2767100,20064161.0000,0.442905,1,-0.138118,14.182418,2.147952,1.247111,8.887934,0
2018-09-17,sh.600846,7.1900,7.2200,7.0400,7.0700,7.2300,3869774,27465696.0000,0.619400,1,-2.212999,13.868560,2.100418,1.219513,8.691244,0
2018-09-18,sh.600846,7.0100,7.2400,7.0100,7.2300,7.0700,4875574,34761285.0000,0.780390,1,2.263081,14.182418,2.147952,1.247111,8.887934,0
2018-09-19,sh.600846,7.2400,7.3400,7.2000,7.2800,7.2300,6281794,45699383.0000,1.005471,1,0.691566,14.280498,2.162806,1.255736,8.949400,0
2018-09-20,sh.600846,7.2600,7.2900,7.2100,7.2300,7.2800,4542022,32900669.0000,0.727001,1,-0.686816,14.182418,2.147952,1.247111,8.887934,0
2018-09-21,sh.600846,7.2500,7.3100,7.2100,7.3000,7.2300,5154244,37493802.0000,0.824994,1,0.968190,14.319730,2.168748,1.259186,8.973986,0
2018-09-25,sh.600846,7.2600,7.2600,7.2000,7.2200,7.3000,3358265,24255868.0000,0.537528,1,-1.095896,14.162801,2.144981,1.245387,8.875641,0
2018-09-26,sh.600846,7.2200,7.2900,7.2100,7.2300,7.2200,4005475,29038388.0000,0.641121,1,0.138507,14.182418,2.147952,1.247111,8.887934,0
2018-09-27,sh.600846,7.2400,7.2600,7.0800,7.0800,7.2300,4219529,30197157.0000,0.675382,1,-2.074690,13.888177,2.103388,1.221238,8.703537,0
2018-09-28,sh.600846,7.1000,7.1600,7.1000,7.1400,7.0800,2850109,20344989.0000,0.456192,1,0.847457,14.005873,2.121214,1.231587,8.777296,0
2018-10-08,sh.600846,7.1000,7.1000,6.9400,6.9500,7.1400,4653834,32716556.0000,0.744898,1,-2.661065,13.633168,2.064767,1.198814,8.543726,0
2018-10-09,sh.600846,6.9900,7.0400,6.9600,7.0100,6.9500,2143400,15012203.0000,0.343075,1,0.863316,13.750864,2.082592,1.209163,8.617485,0
2018-10-10,sh.600846,7.0300,7.0500,6.9600,7.0100,7.0100,2454120,17201002.0000,0.392809,1,0.000000,13.750864,2.082592,1.209163,8.617485,0
2018-10-11,sh.600846,6.8000,6.8000,6.3100,6.3100,7.0100,11078211,71846455.0000,1.773190,1,-9.985738,12.377739,1.874630,1.088420,7.756966,0
2018-10-12,sh.600846,6.2700,6.3000,5.8000,6.0100,6.3100,8029142,48638024.0000,1.285153,1,-4.754354,11.789257,1.785503,1.036672,7.388172,0
2018-10-15,sh.600846,6.0100,6.1400,5.9000,5.9500,6.0100,3847994,23249500.0000,0.615914,1,-0.998343,11.671561,1.767678,1.026323,7.314413,0
2018-10-16,sh.600846,5.9800,6.0500,5.6500,5.7100,5.9500,5664930,33159729.0000,0.906735,1,-4.033610,11.200775,1.696377,0.984925,7.019378,0
2018-10-17,sh.600846,5.8000,5.8800,5.7000,5.8300,5.7100,4622381,26828172.0000,0.739863,1,2.101574,11.436168,1.732027,1.005624,7.166896,0
2018-10-18,sh.600846,5.7900,5.8400,5.7100,5.7200,5.8300,4042400,23301651.0000,0.647031,1,-1.886795,11.220391,1.699348,0.986650,7.031671,0
2018-10-19,sh.600846,5.6200,5.8500,5.5800,5.8200,5.7200,4115406,23688343.0000,0.658716,1,1.748258,11.416552,1.729057,1.003899,7.154602,0
2018-10-22,sh.600846,5.8700,6.2600,5.8500,6.1700,5.8200,8768253,53513040.0000,1.403456,1,6.013744,12.103114,1.833038,1.064271,7.584862,0
2018-10-23,sh.600846,6.2100,6.2100,5.9500,6.0000,6.1700,5671408,34444591.0000,0.907772,1,-2.755269,11.769641,1.782533,1.034947,7.375879,0
2018-10-24,sh.600846,5.9700,6.1000,5.9700,6.0300,6.0000,3462100,20915451.0000,0.554147,1,0.500004,11.828489,1.791445,1.040122,7.412758,0
2018-10-25,sh.600846,5.8500,6.0200,5.8000,6.0000,6.0300,3609085,21316215.0000,0.577674,1,-0.497516,11.769641,1.782533,1.034947,7.375879,0
2018-10-26,sh.600846,6.0500,6.1800,6.0500,6.1100,6.0000,4709979,28803947.0000,0.753884,1,1.833336,11.985418,1.815212,1.053921,7.511103,0
2018-10-29,sh.600846,6.0800,6.1100,5.9100,5.9700,6.1100,4035912,24209327.0000,0.645992,1,-2.291331,11.710793,1.773620,1.029773,7.338999,0
2018-10-30,sh.600846,5.9800,6.0700,5.8000,6.0500,5.9700,4294920,25755264.0000,0.687450,1,1.340040,12.551851,1.772280,1.095820,2.180515,0
2018-10-31,sh.600846,6.0300,6.2100,6.0200,6.1400,6.0500,5989421,36728320.0000,0.958673,1,1.487598,12.738573,1.798644,1.112121,2.212953,0
2018-11-01,sh.600846,6.1600,6.3100,6.1400,6.1900,6.1400,9532182,59333328.0000,1.525731,1,0.814335,12.842307,1.813291,1.121178,2.230973,0
2018-11-02,sh.600846,6.2500,6.4100,6.2500,6.3700,6.1900,9298053,58803771.0000,1.488256,1,2.907913,13.215751,1.866020,1.153781,2.295848,0
2018-11-05,sh.600846,6.3700,6.7800,6.3100,6.6800,6.3700,18289783,121113736.0000,2.927482,1,4.866561,13.858903,1.956831,1.209930,2.407577,0
2018-11-06,sh.600846,7.0000,7.1400,6.8000,6.9500,6.6800,30957948,216013112.0000,4.955162,1,4.041916,14.419069,2.035925,1.258834,2.504889,0
2018-11-07,sh.600846,6.9000,7.0400,6.6500,6.7000,6.9500,19831136,134440667.0000,3.174193,1,-3.597122,13.900397,1.962690,1.213553,2.414785,0
2018-11-08,sh.600846,6.7300,7.3700,6.6400,7.3700,6.7000,30272869,214551530.0000,4.845508,1,10.000000,15.290437,2.158959,1.334908,2.656264,0
2018-11-09,sh.600846,7.3600,7.4200,7.0500,7.0900,7.3700,35861606,259833408.0000,5.740047,1,-3.799182,14.709525,2.076936,1.284192,2.555348,0
2018-11-12,sh.600846,6.8900,7.2000,6.8500,7.1200,7.0900,20527421,144141109.0000,3.285641,1,0.423127,14.771765,2.085725,1.289626,2.566160,0
2018-11-13,sh.600846,6.9700,7.3000,6.9400,7.1400,7.1200,24958564,178156227.0000,3.994895,1,0.280899,14.813259,2.091583,1.293249,2.573368,0
2018-11-14,sh.600846,7.0800,7.6800,7.0000,7.3200,7.1400,36383312,266924668.0000,5.823552,1,2.521013,15.186703,2.144312,1.325851,2.638243,0
2018-11-15,sh.600846,7.3300,7.7500,7.2100,7.6300,7.3200,41132676,310818588.0000,6.583740,1,4.234972,15.829855,2.235123,1.382001,2.749972,0
2018-11-16,sh.600846,7.8800,8.3900,7.5900,8.3900,7.6300,70488670,574536576.0000,11.282492,1,9.960684,17.406617,2.457757,1.519658,3.023888,0
2018-11-19,sh.600846,8.7000,9.1300,8.2500,8.8800,8.3900,98463294,860043545.0000,15.760141,1,5.840283,18.423213,2.601297,1.608410,3.200492,0
2018-11-20,sh.600846,8.5000,8.6800,8.0900,8.1100,8.8800,52147354,437844541.0000,8.346762,1,-8.671177,16.825705,2.375734,1.468942,2.922972,0
2018-11-21,sh.600846,8.0400,8.7300,8.0400,8.3800,8.1100,46435738,389262977.0000,7.432554,1,3.329229,17.385870,2.454827,1.517846,3.020284,0
2018-11-22,sh.600846,8.3000,8.5000,8.0400,8.2000,8.3800,37175397,306537858.0000,5.950334,1,-2.147975,17.012426,2.402098,1.485243,2.955409,0
2018-11-23,sh.600846,7.9700,7.9700,7.3800,7.4700,8.2000,44424760,338063511.0000,7.110675,1,-8.902439,15.497906,2.188253,1.353021,2.692305,0
2018-11-26,sh.600846,7.5000,7.6900,7.4600,7.5900,7.4700,19668599,149111411.0000,3.148177,1,1.606431,15.746868,2.223406,1.374756,2.735555,0
2018-11-27,sh.600846,7.6800,7.7400,7.4300,7.6200,7.5900,16974903,128319589.0000,2.717021,1,0.395253,15.809108,2.232194,1.380190,2.746368,0
2018-11-28,sh.600846,7.5700,7.5800,7.1500,7.4500,7.6200,22375594,164810592.0000,3.581462,1,-2.230972,15.456412,2.182394,1.349398,2.685097,0
2018-11-29,sh.600846,7.4800,7.6000,7.0700,7.2000,7.4500,20295002,150642723.0000,3.248440,1,-3.355705,14.937740,2.109160,1.304116,2.594993,0
2018-11-30,sh.600846,7.2500,7.2900,7.0900,7.2500,7.2000,14423163,104056167.0000,2.308587,1,0.694447,15.041475,2.123807,1.313173,2.613014,0
2018-12-03,sh.600846,7.4800,7.5700,7.3700,7.3700,7.2500,21795979,162892664.0000,3.488688,1,1.655171,15.290437,2.158959,1.334908,2.656264,0
2018-12-04,sh.600846,7.3700,7.6000,7.3300,7.4800,7.3700,18528754,138801737.0000,2.965732,1,1.492539,15.518652,2.191182,1.354832,2.695910,0
2018-12-05,sh.600846,7.1500,7.2700,7.1000,7.2400,7.4800,18490624,132905688.0000,2.959629,1,-3.208559,15.020728,2.120877,1.311361,2.609410,0
2018-12-06,sh.600846,7.2300,7.3100,7.0800,7.1000,7.2400,13129077,94189242.0000,2.101454,1,-1.933700,14.730272,2.079866,1.286003,2.558952,0
2018-12-07,sh.600846,7.1500,7.2000,7.0900,7.1600,7.1000,8009519,57296868.0000,1.282012,1,0.845070,14.854753,2.097442,1.296871,2.580577,0
2018-12-10,sh.600846,7.0900,7.1400,7.0000,7.0700,7.1600,7787638,55085191.0000,1.246498,1,-1.256979,14.668031,2.071078,1.280570,2.548139,0
2018-12-11,sh.600846,7.0900,7.1800,7.0700,7.1500,7.0700,6437347,45850020.0000,1.030369,1,1.131541,14.834006,2.094513,1.295060,2.576972,0
2018-12-12,sh.600846,7.1800,7.5800,7.1300,7.5000,7.1500,28247132,209511625.0000,4.521266,1,4.895103,15.560146,2.197041,1.358454,2.703118,0
2018-12-13,sh.600846,7.4300,7.5500,7.3200,7.4300,7.5000,17471100,130074867.0000,2.796443,1,-0.933336,15.414918,2.176536,1.345775,2.677889,0
2018-12-14,sh.600846,7.4200,7.6000,7.2000,7.2100,7.4300,15749699,116753497.0000,2.520914,1,-2.960966,14.958487,2.112089,1.305927,2.598597,0
2018-12-17,sh.600846,7.1600,7.8600,7.1100,7.7300,7.2100,37804775,288157818.0000,6.051073,1,7.212205,16.037324,2.264417,1.400114,2.786014,0
2018-12-18,sh.600846,7.7100,7.7200,7.4200,7.5900,7.7300,26603743,201146107.0000,4.258224,1,-1.811124,15.746868,2.223406,1.374756,2.735555,0
2018-12-19,sh.600846,7.5600,7.5900,7.4200,7.4200,7.5900,14056203,105197356.0000,2.249851,1,-2.239790,15.394171,2.173606,1.343964,2.674285,0
2018-12-20,sh.600846,7.4200,7.6300,7.3800,7.5400,7.4200,17549260,132150138.0000,2.808953,1,1.617249,15.643134,2.208759,1.365699,2.717535,0
2018-12-21,sh.600846,7.4000,7.5000,7.2000,7.2600,7.5400,15387480,112901385.0000,2.462937,1,-3.713524,15.062221,2.126736,1.314984,2.616618,0
2018-12-24,sh.600846,7.2200,7.3400,7.2200,7.3100,7.2600,8556130,62201161.0000,1.369503,1,0.688701,15.165956,2.141383,1.324040,2.634639,0
2018-12-25,sh.600846,7.2200,7.3200,6.9900,7.2400,7.3100,14069740,100289067.0000,2.252018,1,-0.957595,15.020728,2.120877,1.311361,2.609410,0
2018-12-26,sh.600846,7.2400,7.5800,7.1300,7.4500,7.2400,20431833,150361712.0000,3.270341,1,2.900553,15.456412,2.182394,1.349398,2.685097,0
2018-12-27,sh.600846,7.5000,7.5200,7.0900,7.1200,7.4500,17965236,131896551.0000,2.875535,1,-4.429529,14.771765,2.085725,1.289626,2.566160,0
2018-12-28,sh.600846,7.1300,7.2600,7.1100,7.1500,7.1200,9884927,71017767.0000,1.582192,1,0.421351,14.834006,2.094513,1.295060,2.576972,0
2019-01-02,sh.600846,7.3200,7.3700,7.1800,7.2200,7.1500,8690476,63097174.0000,1.391007,1,0.979017,14.979234,2.115018,1.307739,2.602202,0
2019-01-03,sh.600846,7.2000,7.3100,7.0100,7.0900,7.2200,11652731,83206195.0000,1.865149,1,-1.800549,14.709525,2.076936,1.284192,2.555348,0
2019-01-04,sh.600846,7.0000,7.2900,6.9500,7.2600,7.0900,12003558,86150531.0000,1.921302,1,2.397744,15.062221,2.126736,1.314984,2.616618,0
2019-01-07,sh.600846,7.2600,7.4500,7.2600,7.3800,7.2600,14617300,107790881.0000,2.339661,1,1.652891,15.311184,2.161889,1.336719,2.659868,0
2019-01-08,sh.600846,7.3500,7.4800,7.3400,7.4300,7.3800,12888046,95625726.0000,2.062875,1,0.677503,15.414918,2.176536,1.345775,2.677889,0
2019-01-09,sh.600846,7.4300,7.6300,7.3700,7.4400,7.4300,18601280,139351735.0000,2.977341,1,0.134593,15.435665,2.179465,1.347587,2.681493,0
2019-01-10,sh.600846,7.4500,7.5100,7.3200,7.3700,7.4400,14956457,111063869.0000,2.393947,1,-0.940863,15.290437,2.158959,1.334908,2.656264,0
2019-01-11,sh.600846,7.3700,7.8300,7.3200,7.7500,7.3700,35808446,273207626.0000,5.731538,1,5.156039,16.078818,2.270276,1.403736,2.793222,0
2019-01-14,sh.600846,7.7100,8.1600,7.6300,7.8900,7.7500,37982732,300056457.0000,6.079557,1,1.806450,16.369274,2.311287,1.429094,2.843680,0
2019-01-15,sh.600846,7.7500,7.8600,7.6700,7.8500,7.8900,22174677,172217134.0000,3.549303,1,-0.506970,16.286286,2.299570,1.421849,2.829263,0
2019-01-16,sh.600846,7.8100,7.9900,7.7100,7.7300,7.8500,27054972,212151567.0000,4.330448,1,-1.528661,16.037324,2.264417,1.400114,2.786014,0
2019-01-17,sh.600846,7.7300,8.0300,7.6300,7.8800,7.7300,31758697,248727893.0000,5.083331,1,1.940493,16.348527,2.308358,1.427283,2.840076,0
2019-01-18,sh.600846,7.7900,7.8500,7.5500,7.6200,7.8800,22919760,175670120.0000,3.668561,1,-3.299495,15.809108,2.232194,1.380190,2.746368,0
2019-01-21,sh.600846,7.6500,7.6900,7.5200,7.5900,7.6200,12888798,98106517.0000,2.062995,1,-0.393697,15.746868,2.223406,1.374756,2.735555,0
2019-01-22,sh.600846,7.5700,7.6500,7.5000,7.5200,7.5900,10029516,76042522.0000,1.605335,1,-0.922268,15.601640,2.202900,1.362077,2.710326,0
2019-01-23,sh.600846,7.6000,7.9000,7.6000,7.7800,7.5200,27901672,216427322.0000,4.465972,1,3.457450,16.141058,2.279064,1.409170,2.804034,0
2019-01-24,sh.600846,7.7000,7.7300,7.5600,7.6500,7.7800,17955727,137369572.0000,2.874013,1,-1.670953,15.871349,2.240982,1.385623,2.757180,0
2019-01-25,sh.600846,7.7700,7.9500,7.6700,7.6800,7.6500,25307905,198106426.0000,4.050810,1,0.392153,15.933590,2.249770,1.391057,2.767993,0
2019-01-28,sh.600846,7.6800,7.7500,7.5700,7.5900,7.6800,15052176,114943918.0000,2.409267,1,-1.171871,15.746868,2.223406,1.374756,2.735555,0
2019-01-29,sh.600846,7.5600,7.5800,6.9800,7.2300,7.5900,20364203,147592439.0000,3.259516,1,-4.743085,14.999981,2.117948,1.309550,2.605806,0
2019-01-30,sh.600846,7.1200,7.2600,7.0800,7.0900,7.2300,8550395,61193453.0000,1.368585,1,-1.936374,14.709525,2.076936,1.284192,2.555348,0
2019-01-31,sh.600846,7.1400,7.2000,6.9800,7.0300,7.0900,8581525,60796142.0000,1.373568,1,-0.846261,14.585044,2.059360,1.273325,2.533723,0
2019-02-01,sh.600846,7.1100,7.2600,7.0800,7.2400,7.0300,6810807,49016608.0000,1.090145,1,2.987191,15.020728,2.120877,1.311361,2.609410,0
2019-02-11,sh.600846,7.2400,7.4300,7.2100,7.3900,7.2400,8994410,66173119.0000,1.439655,1,2.071825,15.331931,2.164818,1.338530,2.663472,0
2019-02-12,sh.600846,7.4000,7.5200,7.3800,7.4900,7.3900,10512434,78423828.0000,1.682631,1,1.353179,15.539399,2.194112,1.356643,2.699514,0
2019-02-13,sh.600846,7.5100,7.6300,7.4500,7.6100,7.4900,16213970,122863989.0000,2.595225,1,1.602141,15.788362,2.229265,1.378378,2.742764,0
2019-02-14,sh.600846,7.5900,7.8600,7.5600,7.6700,7.6100,20192974,155892172.0000,3.232109,1,0.788435,15.912843,2.246841,1.389246,2.764389,0
2019-02-15,sh.600846,7.6200,7.7400,7.5800,7.5900,7.6700,14849946,113599667.0000,2.376898,1,-1.043024,15.746868,2.223406,1.374756,2.735555,0
2019-02-18,sh.600846,7.6500,7.8800,7.6500,7.8500,7.5900,23440339,182560683.0000,3.751886,1,3.425557,16.286286,2.299570,1.421849,2.829263,0
2019-02-19,sh.600846,7.9300,8.2800,7.7900,8.1900,7.8500,45535739,365092512.0000,7.288499,1,4.331206,16.991680,2.399169,1.483432,2.951805,0
2019-02-20,sh.600846,8.0800,8.1700,7.9200,8.0100,8.1900,25730780,206569583.0000,4.118496,1,-2.197794,16.618236,2.346440,1.450829,2.886930,0
2019-02-21,sh.600846,8.0000,8.2300,7.9400,8.0300,8.0100,29474751,237823010.0000,4.717760,1,0.249682,16.659730,2.352299,1.454452,2.894138,0
2019-02-22,sh.600846,7.9800,8.2500,7.9500,8.2100,8.0300,31880740,259969867.0000,5.102866,1,2.241598,17.033173,2.405028,1.487055,2.959013,0
2019-02-25,sh.600846,8.3500,8.7200,8.2200,8.6400,8.2100,47026982,400077029.0000,7.527189,1,5.237519,17.925288,2.530992,1.564939,3.113992,0
2019-02-26,sh.600846,8.5000,9.0300,8.3600,8.5100,8.6400,50886934,439096401.0000,8.145017,1,-1.504631,17.655579,2.492909,1.541393,3.067138,0
2019-02-27,sh.600846,8.5200,8.7600,8.3300,8.5500,8.5100,35100831,299720905.0000,5.618277,1,0.470035,17.738567,2.504627,1.548638,3.081554,0
2019-02-28,sh.600846,8.5000,8.5400,8.2100,8.2900,8.5500,26217864,219428286.0000,4.196460,1,-3.040938,17.199148,2.428463,1.501545,2.987846,0
2019-03-01,sh.600846,8.3100,8.4200,8.2200,8.3400,8.2900,17323529,144501875.0000,2.772823,1,0.603139,17.302882,2.443110,1.510601,3.005867,0
2019-03-04,sh.600846,8.4000,8.6600,8.3800,8.4600,8.3400,31027082,263508750.0000,4.966228,1,1.438848,17.551845,2.478263,1.532336,3.049117,0
2019-03-05,sh.600846,8.4800,8.8500,8.4100,8.7900,8.4600,41190163,355880936.0000,6.592942,1,3.900708,18.236491,2.574932,1.592108,3.168054,0
2019-03-06,sh.600846,8.7800,8.8400,8.5500,8.7500,8.7900,38405703,333304942.0000,6.147258,1,-0.455062,18.153504,2.563215,1.584863,3.153638,0
2019-03-07,sh.600846,8.6900,8.9400,8.6600,8.8000,8.7500,37368957,328833915.0000,5.981315,1,0.571431,18.257238,2.577862,1.593920,3.171658,0
2019-03-08,sh.600846,8.6000,8.7200,8.2100,8.2300,8.8000,36466807,309233508.0000,5.836916,1,-6.477280,17.074667,2.410887,1.490677,2.966221,0
2019-03-11,sh.600846,8.4200,8.8900,8.4200,8.8900,8.2300,47055274,409539892.0000,7.531718,1,8.019451,18.443960,2.604226,1.610221,3.204096,0
2019-03-12,sh.600846,8.9000,9.5800,8.8300,9.2500,8.8900,72774916,668366682.0000,11.648431,1,4.049489,19.190847,2.709684,1.675427,3.333845,0
2019-03-13,sh.600846,9.2000,9.9500,9.1800,9.4700,9.2500,77304684,738680279.0000,12.373471,1,2.378381,19.647278,2.774131,1.715275,3.413137,0
2019-03-14,sh.600846,9.4700,9.4700,8.6300,8.8500,9.4700,53833394,484484512.0000,8.616631,1,-6.546989,18.360972,2.592509,1.602976,3.189679,0
2019-03-15,sh.600846,8.9100,9.7400,8.9100,9.7400,8.8500,35663614,338651570.0000,5.708356,1,10.056490,20.207443,2.853224,1.764179,3.510449,0
2019-03-18,sh.600846,10.7100,10.7100,9.9700,10.2000,9.7400,142600969,1494422956.0000,22.824864,1,4.722793,21.161799,2.987976,1.847498,3.676240,0
2019-03-19,sh.600846,9.7800,10.9700,9.7000,10.7300,10.2000,126981651,1312462219.0000,20.324820,1,5.196076,22.261382,3.143234,1.943495,3.867261,0
2019-03-20,sh.600846,10.4700,11.2400,10.3200,10.5000,10.7300,103764580,1113318677.0000,16.608670,1,-2.143519,21.784205,3.075858,1.901836,3.784365,0
2019-03-21,sh.600846,10.6900,11.5500,10.5300,10.9200,10.5000,115152618,1288212714.0000,18.431452,1,4.000000,22.655573,3.198892,1.977910,3.935740,0
2019-03-22,sh.600846,10.8600,11.1100,10.4100,10.7400,10.9200,89652185,962129407.0000,14.349825,1,-1.648354,22.282129,3.146163,1.945307,3.870865,0
2019-03-25,sh.600846,10.3200,10.5500,10.1300,10.1900,10.7400,56929106,587366039.0000,9.112134,1,-5.121045,21.141052,2.985047,1.845687,3.672636,0
2019-03-26,sh.600846,10.2400,10.6000,10.0000,10.0400,10.1900,51704000,532918786.0000,8.275798,1,-1.472028,20.829849,2.941106,1.818518,3.618574,0
2019-03-27,sh.600846,10.4300,10.5000,10.0400,10.3000,10.0400,46689303,480185614.0000,7.473140,1,2.589644,21.369267,3.017270,1.865611,3.712282,0
2019-03-28,sh.600846,10.0800,10.1500,9.6100,9.7100,10.3000,47953247,473461898.0000,7.675448,1,-5.728157,20.145203,2.844436,1.758746,3.499637,0
2019-03-29,sh.600846,9.7800,9.9500,9.4500,9.9400,9.7100,37882124,369807847.0000,6.063453,1,2.368687,20.622380,2.911812,1.800405,3.582532,0
2019-04-01,sh.600846,10.1300,10.6600,10.0600,10.4100,9.9400,58405452,607574759.0000,9.348439,1,4.728373,21.597483,3.049493,1.885535,3.751928,0
2019-04-02,sh.600846,10.4000,10.8900,10.2600,10.4900,10.4100,74325084,787001632.0000,11.896553,1,0.768491,21.763458,3.072928,1.900025,3.780761,0
2019-04-03,sh.600846,10.4700,10.6700,10.2600,10.5500,10.4900,48101785,505554485.0000,7.699223,1,0.571977,21.887939,3.090505,1.910892,3.802386,0
2019-04-04,sh.600846,10.5600,11.3000,10.3900,11.2200,10.5500,92434589,1007434009.0000,14.795180,1,6.350712,23.277979,3.286774,2.032248,4.043864,0
2019-04-08,sh.600846,11.2000,11.2000,10.5300,10.8700,11.2200,62127153,678072680.0000,9.944139,1,-3.119433,22.551838,3.184245,1.968853,3.917719,0
2019-04-09,sh.600846,10.7600,11.3800,10.6100,11.2800,10.8700,69643499,771632954.0000,11.147213,1,3.771848,23.402460,3.304350,2.043115,4.065489,0
2019-04-10,sh.600846,11.0400,11.0900,10.7200,10.8200,11.2800,44659295,487050776.0000,7.148215,1,-4.078014,22.448104,3.169598,1.959797,3.899698,0
2019-04-11,sh.600846,10.7500,10.8800,10.2200,10.2500,10.8200,38485633,404804877.0000,6.160052,1,-5.268020,21.265533,3.002623,1.856554,3.694261,0
2019-04-12,sh.600846,10.2100,10.6500,10.2100,10.5500,10.2500,31833831,333958828.0000,5.095357,1,2.926831,21.887939,3.090505,1.910892,3.802386,0
2019-04-15,sh.600846,10.6300,10.6900,10.3600,10.3700,10.5500,29936562,315216302.0000,4.791678,1,-1.706164,21.506814,2.832788,1.972952,2.599170,0
2019-04-16,sh.600846,10.4100,11.4100,10.2700,11.4100,10.3700,95610298,1063481158.0000,15.303487,1,10.028930,23.663717,3.116886,2.170818,2.859839,0
2019-04-17,sh.600846,11.5900,12.3500,11.4500,11.8500,11.4100,125435738,1487154084.0000,20.077379,1,3.856271,24.576253,3.237081,2.254530,2.970122,0
2019-04-18,sh.600846,11.6900,11.7700,11.3300,11.4400,11.8500,72249208,832954433.0000,11.564286,1,-3.459922,23.725935,3.125081,2.176525,2.867359,0
2019-04-19,sh.600846,11.3800,11.5300,11.0000,11.2900,11.4400,50695762,569406248.0000,8.114418,1,-1.311185,23.414844,3.084105,2.147987,2.829762,0
2019-04-22,sh.600846,11.3500,12.0000,11.1700,11.6200,11.2900,69622287,803810432.0000,11.143818,1,2.922940,24.099246,3.174252,2.210771,2.912474,0
2019-04-23,sh.600846,11.4400,11.4400,10.9100,11.1100,11.6200,49772745,555444017.0000,7.966679,1,-4.388987,23.041533,3.034935,2.113741,2.784646,0
2019-04-24,sh.600846,11.1500,11.4500,10.9500,11.3500,11.1100,38203794,430376209.0000,6.114940,1,2.160223,23.539280,3.100496,2.159402,2.844801,0
2019-04-25,sh.600846,11.2700,11.2700,10.2200,10.2800,11.3500,55327888,593267682.0000,8.855841,1,-9.427318,21.320159,2.808202,1.955829,2.576612,0
2019-04-26,sh.600846,10.1800,10.3700,9.9900,9.9900,10.2800,25279370,257685918.0000,4.046243,1,-2.821011,20.718715,2.728983,1.900654,2.503926,0
2019-04-29,sh.600846,10.0000,10.1400,9.3800,9.4400,9.9900,29919857,289715143.0000,4.789004,1,-5.505507,19.578045,2.578738,1.796014,2.366072,0
2019-04-30,sh.600846,9.2500,9.6800,9.2300,9.4900,9.4400,19829803,188607676.0000,3.173980,1,0.529663,21.589245,2.546292,2.103414,5.728310,0
2019-05-06,sh.600846,9.0000,9.1500,8.5400,8.5400,9.4900,31894122,278353579.0000,5.105007,1,-10.010540,19.428045,2.291394,1.892851,5.154875,0
2019-05-07,sh.600846,8.6500,8.8200,8.4100,8.6400,8.5400,22580397,194268552.0000,3.614243,1,1.170965,19.655540,2.318225,1.915016,5.215237,0
2019-05-08,sh.600846,8.4000,8.8000,8.2200,8.6000,8.6400,19545402,167374795.0000,3.128458,1,-0.462962,19.564542,2.307493,1.906150,5.191092,0
2019-05-09,sh.600846,8.5000,8.6600,8.4100,8.4200,8.6000,13111049,111978328.0000,2.098569,1,-2.093027,19.155052,2.259197,1.866254,5.082441,0
2019-05-10,sh.600846,8.5400,8.8700,8.2600,8.7900,8.4200,25617104,221541209.0000,4.100301,1,4.394298,19.996782,2.358472,1.948263,5.305779,0
2019-05-13,sh.600846,8.6500,8.7600,8.5800,8.7100,8.7900,16442828,142836846.0000,2.631857,1,-0.910124,19.814786,2.337007,1.930531,5.257490,0
2019-05-14,sh.600846,8.6000,9.0500,8.5800,8.8300,8.7100,24881774,220889717.0000,3.982603,1,1.377725,20.087780,2.369205,1.957128,5.329923,0
2019-05-15,sh.600846,8.9100,9.0900,8.8800,9.0300,8.8300,21775894,195717197.0000,3.485473,1,2.265003,20.542769,2.422868,2.001457,5.450646,0
2019-05-16,sh.600846,8.9700,9.2300,8.9000,9.1600,9.0300,22978561,208998233.0000,3.677973,1,1.439647,20.838512,2.457748,2.030271,5.529116,0
2019-05-17,sh.600846,9.0800,9.1200,8.6700,8.7000,9.1600,23638939,209378237.0000,3.783674,1,-5.021835,19.792037,2.334324,1.928314,5.251453,0
2019-05-20,sh.600846,8.6800,8.7500,8.2900,8.5600,8.7000,13538290,114984923.0000,2.166953,1,-1.609189,19.473544,2.296760,1.897284,5.166947,0
2019-05-21,sh.600846,8.5900,9.0500,8.5600,9.0400,8.5600,28164414,250782418.0000,4.508026,1,5.607471,20.565519,2.425551,2.003674,5.456683,0
2019-05-22,sh.600846,8.9700,9.1000,8.7600,8.8700,9.0400,21993608,196450466.0000,3.520321,1,-1.880532,20.178778,2.379937,1.965994,5.354068,0
2019-05-23,sh.600846,8.7700,9.0100,8.6800,8.7600,8.8700,16456382,145023186.0000,2.634026,1,-1.240131,19.928534,2.350423,1.941613,5.287670,0
2019-05-24,sh.600846,8.7000,8.8800,8.4700,8.6500,8.7600,13970697,121392722.0000,2.236165,1,-1.255715,19.678289,2.320909,1.917232,5.221273,0
2019-05-27,sh.600846,8.7000,8.9500,8.6500,8.9300,8.6500,15008278,132564403.0000,2.402241,1,3.237002,20.315275,2.396036,1.979293,5.390285,0
2019-05-28,sh.600846,8.9500,9.3200,8.9200,8.9900,8.9300,30944727,282137047.0000,4.953046,1,0.671887,20.451771,2.412135,1.992592,5.426502,0
2019-05-29,sh.600846,8.9900,9.2000,8.9200,9.0600,8.9900,19432602,176874446.0000,3.110403,1,0.778650,20.611018,2.430917,2.008107,5.468755,0
2019-05-30,sh.600846,8.9500,9.0900,8.8500,9.0000,9.0600,15442374,138034897.0000,2.471723,1,-0.662256,20.474521,2.414818,1.994808,5.432538,0
2019-05-31,sh.600846,8.9700,9.0300,8.8300,8.8600,9.0000,13104808,116982459.0000,2.097570,1,-1.555559,20.156028,2.377254,1.963778,5.348032,0
2019-06-03,sh.600846,8.8800,8.9900,8.8000,8.8600,8.8600,13010082,115552786.0000,2.082408,1,0.000000,20.156028,2.377254,1.963778,5.348032,0
2019-06-04,sh.600846,8.8300,8.8700,8.5000,8.5500,8.8600,13634089,117558116.0000,2.182287,1,-3.498865,19.450795,2.294077,1.895068,5.160911,0
2019-06-05,sh.600846,8.6700,8.7000,8.5200,8.5600,8.5500,7925366,68217144.0000,1.268543,1,0.116962,19.473544,2.296760,1.897284,5.166947,0
2019-06-06,sh.600846,8.6000,8.6100,8.2600,8.3100,8.5600,11174465,93365758.0000,1.788597,1,-2.920561,18.904808,2.229682,1.841873,5.016043,0
2019-06-10,sh.600846,8.3100,8.4400,8.3100,8.3800,8.3100,6344037,53134240.0000,1.015433,1,0.842355,19.064054,2.248464,1.857388,5.058297,0
2019-06-11,sh.600846,8.4000,8.7500,8.4000,8.7500,8.3800,14744142,127358983.0000,2.359963,1,4.415273,19.905784,2.347740,1.939397,5.281634,0
2019-06-12,sh.600846,8.7200,8.9500,8.7000,8.7500,8.7500,13798063,121658791.0000,2.208533,1,0.000000,19.905784,2.347740,1.939397,5.281634,0
2019-06-13,sh.600846,8.7600,9.0600,8.7100,8.9800,8.7500,22886475,203969126.0000,3.663234,1,2.628566,20.429022,2.409452,1.990375,5.420466,0
2019-06-14,sh.600846,8.9300,8.9500,8.6100,8.6300,8.9800,14323103,125852075.0000,2.292571,1,-3.897544,19.632790,2.315542,1.912799,5.209200,0
2019-06-17,sh.600846,8.6300,8.7100,8.4800,8.6200,8.6300,6552843,56375411.0000,1.048855,1,-0.115877,19.610041,2.312859,1.910583,5.203164,0
2019-06-18,sh.600846,8.6500,8.6500,8.5000,8.5400,8.6200,5938494,50813173.0000,0.950522,1,-0.928073,19.428045,2.291394,1.892851,5.154875,0
2019-06-19,sh.600846,8.7200,8.8900,8.7000,8.7700,8.5400,14410340,126654223.0000,2.306535,1,2.693214,19.951283,2.353106,1.943830,5.293707,0
2019-06-20,sh.600846,8.7600,9.0600,8.7000,9.0500,8.7700,23517843,209609019.0000,3.764291,1,3.192699,20.588268,2.428234,2.005890,5.462719,0
2019-06-21,sh.600846,9.1500,9.4500,9.0000,9.3600,9.0500,40628328,376300527.0000,6.503014,1,3.425409,21.293502,2.511411,2.074600,5.649840,0
2019-06-24,sh.600846,9.3600,9.3800,9.1500,9.2600,9.3600,21620964,199856641.0000,3.460675,1,-1.068370,21.066007,2.484580,2.052436,5.589478,0
2019-06-25,sh.600846,9.2300,9.2800,9.0000,9.2200,9.2600,19923834,182269487.0000,3.189030,1,-0.431965,20.975009,2.473847,2.043570,5.565333,0
2019-06-26,sh.600846,9.1300,9.1800,9.0400,9.1200,9.2200,11979327,109135856.0000,1.917424,1,-1.084603,20.747514,2.447016,2.021406,5.504972,0
2019-06-27,sh.600846,9.1300,9.2400,9.0800,9.1400,9.1200,13281215,121556083.0000,2.125806,1,0.219303,20.793013,2.452382,2.025838,5.517044,0
2019-06-28,sh.600846,9.1000,9.1400,8.8500,8.8700,9.1400,15363798,137333419.0000,2.459146,1,-2.954053,20.178778,2.379937,1.965994,5.354068,0
2019-07-01,sh.600846,9.1100,9.3700,9.0600,9.3100,8.8700,30980412,286325965.0000,4.958758,1,4.960547,21.179754,2.497995,2.063518,5.619659,0
2019-07-02,sh.600846,9.2700,9.3000,9.1500,9.1900,9.3100,21400510,197210175.0000,3.425389,1,-1.288946,20.906761,2.465798,2.036921,5.547225,0
2019-07-03,sh.600846,9.2000,9.2200,8.9500,9.0200,9.1900,13909347,126018409.0000,2.226345,1,-1.849827,20.520020,2.420184,1.999241,5.444610,0
2019-07-04,sh.600846,9.0700,9.2200,9.0000,9.0800,9.0200,12387129,112819080.0000,1.982697,1,0.665183,20.656517,2.436283,2.012540,5.480827,0
2019-07-05,sh.600846,9.1000,9.1200,8.9500,9.0500,9.0800,7855669,70851357.0000,1.257387,1,-0.330394,20.588268,2.428234,2.005890,5.462719,0
2019-07-08,sh.600846,9.0000,9.0100,8.6000,8.6000,9.0500,13136300,115027525.0000,2.102610,1,-4.972373,19.564542,2.307493,1.906150,5.191092,0
2019-07-09,sh.600846,8.5300,8.6700,8.5300,8.6200,8.6000,6829150,58749474.0000,1.093081,1,0.232552,19.610041,2.312859,1.910583,5.203164,0
2019-07-10,sh.600846,8.6600,8.6700,8.4100,8.4600,8.6200,7975406,68186292.0000,1.276552,1,-1.856147,19.246050,2.269929,1.875120,5.106586,0
2019-07-11,sh.600846,8.5000,8.5700,8.3600,8.4200,8.4600,7209527,61130175.0000,1.153965,1,-0.472813,19.155052,2.259197,1.866254,5.082441,0
2019-07-12,sh.600846,8.4300,8.5500,8.3900,8.4700,8.4200,6181882,52285090.0000,0.989479,1,0.593827,19.268799,2.272612,1.877336,5.112622,0
2019-07-15,sh.600846,8.4700,8.6100,8.3300,8.5700,8.4700,6726706,57078240.0000,1.076684,1,1.180631,19.496294,2.299444,1.899501,5.172983,0
2019-07-16,sh.600846,8.6100,8.6200,8.5100,8.5500,8.5700,4786754,40927009.0000,0.766173,1,-0.233367,19.450795,2.294077,1.895068,5.160911,0
2019-07-17,sh.600846,8.5400,8.7000,8.5200,8.6000,8.5500,8463149,72831793.0000,1.354621,1,0.584798,19.564542,2.307493,1.906150,5.191092,0
2019-07-18,sh.600846,8.5800,8.5800,8.4100,8.4200,8.6000,6502256,55004236.0000,1.040758,1,-2.093027,19.155052,2.259197,1.866254,5.082441,0
2019-07-19,sh.600846,8.4900,8.6400,8.4700,8.4900,8.4200,7160086,61159185.0000,1.146051,1,0.831350,19.314298,2.277978,1.881769,5.124694,0
2019-07-22,sh.600846,8.4900,8.5000,8.1600,8.1600,8.4900,9440451,77750204.0000,1.511049,1,-3.886925,18.563566,2.189435,1.808626,4.925501,0
2019-07-23,sh.600846,8.1600,8.2600,8.1400,8.2600,8.1600,4433381,36412709.0000,0.709612,1,1.225495,18.791060,2.216266,1.830791,4.985863,0
2019-07-24,sh.600846,8.2700,8.4300,8.2700,8.3700,8.2600,6199016,51943862.0000,0.992221,1,1.331715,19.041304,2.245781,1.855172,5.052260,0
2019-07-25,sh.600846,8.3600,8.4900,8.3500,8.4100,8.3700,5511753,46371121.0000,0.882217,1,0.477897,19.132302,2.256513,1.864037,5.076405,0
2019-07-26,sh.600846,8.3800,8.4000,8.3200,8.3600,8.4100,4956010,41428144.0000,0.793300,1,-0.594500,19.018555,2.243098,1.852955,5.046224,0
2019-07-29,sh.600846,8.3700,8.4200,8.3100,8.3400,8.3600,3482044,29112696.0000,0.557340,1,-0.239229,18.973056,2.237732,1.848522,5.034152,0
2019-07-30,sh.600846,8.3400,8.4400,8.3300,8.3800,8.3400,5809925,48767852.0000,0.929900,1,0.479600,19.064054,2.248464,1.857388,5.058297,0
2019-07-31,sh.600846,8.3800,8.4200,8.3300,8.3600,8.3800,4649031,38864896.0000,0.744100,1,-0.238700,19.018555,2.243098,1.852955,5.046224,0
2019-08-01,sh.600846,8.3200,8.4100,8.2800,8.3400,8.3600,5176389,43141794.0000,0.828500,1,-0.239200,18.973056,2.237732,1.848522,5.034152,0
2019-08-02,sh.600846,8.2100,8.2600,8.0900,8.1500,8.3400,7837772,64006852.0000,1.254500,1,-2.278200,18.540816,2.186752,1.806410,4.919465,0
2019-08-05,sh.600846,8.1500,8.1800,8.0100,8.0500,8.1500,5738100,46441854.0000,0.918400,1,-1.227000,18.313321,2.159921,1.784245,4.859103,0
2019-08-06,sh.600846,7.8900,7.8900,7.4500,7.7300,8.0500,10406292,80060530.0000,1.665600,1,-3.975200,17.585338,2.074061,1.713318,4.665947,0
2019-08-07,sh.600846,7.6500,7.7200,7.4900,7.5200,7.5800,4321500,32874043.0000,0.691700,1,-0.791600,17.107600,2.017715,1.666773,4.539187,0
2019-08-08,sh.600846,7.5500,7.6300,7.5100,7.5600,7.5200,3563172,26977713.0000,0.570300,1,0.531900,17.198597,2.028447,1.675639,4.563332,0
2019-08-09,sh.600846,7.6200,7.6300,7.3100,7.3200,7.5600,6065910,45061770.0000,0.970900,1,-3.174600,16.652610,1.964052,1.622444,4.418464,0
2019-08-12,sh.600846,7.3400,7.4700,7.3300,7.4600,7.3200,3981433,29435825.0000,0.637300,1,1.912600,16.971103,2.001616,1.653474,4.502970,0
2019-08-13,sh.600846,7.4200,7.4300,7.3500,7.3800,7.4600,3266476,24084329.0000,0.522800,1,-1.072400,16.789107,1.980151,1.635743,4.454681,0
2019-08-14,sh.600846,7.5100,7.5500,7.3900,7.4100,7.3800,5037503,37692349.0000,0.806300,1,0.406500,16.857355,1.988200,1.642392,4.472790,0
2019-08-15,sh.600846,7.2700,7.4400,7.1700,7.4100,7.4100,5213905,38043935.0000,0.834500,1,0.000000,16.857355,1.988200,1.642392,4.472790,0
2019-08-16,sh.600846,7.4600,7.5300,7.4100,7.4700,7.4100,5499046,41124577.0000,0.880200,1,0.809700,16.993852,2.004299,1.655691,4.509007,0
2019-08-19,sh.600846,7.5200,7.7700,7.5200,7.7700,7.4700,9907161,76066109.0000,1.585800,1,4.016100,17.676336,2.084793,1.722184,4.690091,0
2019-08-20,sh.600846,7.8800,7.9700,7.7300,7.7800,7.7700,12188738,95705905.0000,1.950900,1,0.128700,17.699086,2.087476,1.724401,4.696127,0
2019-08-21,sh.600846,7.7400,8.0000,7.7000,7.9000,7.7800,11745992,92849750.0000,1.880100,1,1.542400,17.972079,2.119674,1.750998,4.768561,0
2019-08-22,sh.600846,7.8700,7.9100,7.7700,7.8400,7.9000,5905644,46287252.0000,0.945300,1,-0.759500,17.835583,2.103575,1.737699,4.732344,0
2019-08-23,sh.600846,7.8200,7.8800,7.7400,7.8000,7.8400,5293001,41333518.0000,0.847200,1,-0.510200,17.744585,2.092842,1.728834,4.708200,0
2019-08-26,sh.600846,7.6400,7.9500,7.6100,7.9200,7.8000,11863229,93130577.0000,1.898800,1,1.538500,15.492447,2.133129,1.383114,3.134797,0
2019-08-27,sh.600846,7.9000,8.1900,7.9000,8.1300,7.9200,15043667,121360429.0000,2.407900,1,2.651500,15.903231,2.189689,1.419788,3.217917,0
2019-08-28,sh.600846,8.1100,8.1100,7.9700,8.0300,8.1300,8240474,66223557.0000,1.319000,1,-1.230000,15.707619,2.162755,1.402324,3.178336,0
2019-08-29,sh.600846,8.0600,8.1500,8.0000,8.0900,8.0300,7319938,59188167.0000,1.171600,1,0.747200,15.824986,2.178915,1.412802,3.202084,0
2019-08-30,sh.600846,8.1100,8.1600,7.9000,7.9000,8.0900,8733995,70081834.0000,1.398000,1,-2.348600,15.453324,2.127742,1.379622,3.126881,0
2019-09-02,sh.600846,7.7900,8.2500,7.7800,8.1900,7.9000,14085967,114566404.0000,2.254600,1,3.670900,16.020598,2.205849,1.430266,3.241665,0
2019-09-03,sh.600846,8.2400,8.3500,8.1300,8.2000,8.1900,13393066,110118724.0000,2.143700,1,0.122100,16.040159,2.208542,1.432012,3.245623,0
2019-09-04,sh.600846,8.1700,8.3300,8.1700,8.2900,8.2000,11525682,94993838.0000,1.844800,1,1.097600,16.216210,2.232782,1.447729,3.281246,0
2019-09-05,sh.600846,8.3100,8.5000,8.2800,8.3600,8.2900,15804830,133038482.0000,2.529700,1,0.844400,16.353138,2.251636,1.459954,3.308952,0
2019-09-06,sh.600846,8.3700,8.4600,8.3400,8.3800,8.3600,8411372,70646689.0000,1.346300,1,0.239200,16.392260,2.257022,1.463447,3.316869,0
2019-09-09,sh.600846,8.4300,8.6200,8.4300,8.6100,8.3800,13445279,114969399.0000,2.152100,1,2.744600,16.842167,2.318969,1.503613,3.407904,0
2019-09-10,sh.600846,8.7000,8.7600,8.5100,8.6000,8.6100,11580305,99710573.0000,1.853600,1,-0.116100,16.822606,2.316276,1.501867,3.403946,0
2019-09-11,sh.600846,8.6200,8.7200,8.5600,8.6100,8.6000,12338683,106546549.0000,1.974900,1,0.116300,16.842167,2.318969,1.503613,3.407904,0
2019-09-12,sh.600846,8.5900,8.6300,8.4800,8.5700,8.6100,9527365,81629162.0000,1.525000,1,-0.464600,16.763923,2.308196,1.496627,3.392072,0
2019-09-16,sh.600846,8.6300,8.7700,8.6300,8.6500,8.5700,12945322,112690717.0000,2.072000,1,0.933500,16.920412,2.329743,1.510598,3.423737,0
2019-09-17,sh.600846,8.6200,8.6500,8.2800,8.3800,8.6500,11838898,99853364.0000,1.894900,1,-3.121400,16.392260,2.257022,1.463447,3.316869,0
2019-09-18,sh.600846,8.4000,8.5100,8.3500,8.3700,8.3800,7755777,65255641.0000,1.241400,1,-0.119300,16.372699,2.254329,1.461700,3.312911,0
2019-09-19,sh.600846,8.4600,8.4800,8.3700,8.4700,8.3700,6333701,53381669.0000,1.013800,1,1.194700,16.568311,2.281263,1.479164,3.352491,0
2019-09-20,sh.600846,8.5000,8.5300,8.3800,8.4200,8.4700,5747020,48499292.0000,0.919900,1,-0.590300,16.470505,2.267796,1.470432,3.332701,0
2019-09-23,sh.600846,8.4000,8.4200,8.1800,8.2600,8.4200,6838620,56405994.0000,1.094600,1,-1.900200,16.157526,2.224702,1.442490,3.269372,0
2019-09-24,sh.600846,8.2600,8.3300,8.1900,8.2300,8.2600,6780204,56022952.0000,1.085200,1,-0.363200,16.098843,2.216622,1.437251,3.257497,0
2019-09-25,sh.600846,8.2400,8.2400,8.0300,8.0500,8.2300,8298841,67390406.0000,1.328300,1,-2.187100,15.746742,2.168142,1.405817,3.186252,0
2019-09-26,sh.600846,8.1000,8.1400,7.7800,7.8000,8.0500,8209961,64942330.0000,1.314100,1,-3.105600,15.257713,2.100808,1.362158,3.087300,0
2019-09-27,sh.600846,7.7900,7.9100,7.7900,7.8500,7.8000,3801814,29923510.0000,0.608500,1,0.641000,15.355518,2.114275,1.370890,3.107091,0
2019-09-30,sh.600846,7.8600,8.2800,7.8200,7.8600,7.8500,7564842,60059304.0000,1.210800,1,0.127400,15.375080,2.116969,1.372636,3.111049,0
2019-10-08,sh.600846,7.9200,7.9200,7.7000,7.8200,7.8600,6174057,48221049.0000,0.988200,1,-0.508900,15.296835,2.106195,1.365651,3.095216,0
2019-10-09,sh.600846,7.7300,7.8300,7.6900,7.8200,7.8200,4297075,33340901.0000,0.687800,1,0.000000,15.296835,2.106195,1.365651,3.095216,0
2019-10-10,sh.600846,7.8500,7.9200,7.8400,7.9200,7.8200,4909118,38723203.0000,0.785800,1,1.278800,15.492447,2.133129,1.383114,3.134797,0
2019-10-11,sh.600846,7.9200,8.0200,7.8800,7.9600,7.9200,6002031,47785028.0000,0.960700,1,0.505100,15.570691,2.143902,1.390100,3.150629,0
2019-10-14,sh.600846,8.0000,8.1600,8.0000,8.1300,7.9600,7230576,58603655.0000,1.157300,1,2.135700,15.903231,2.189689,1.419788,3.217917,0
2019-10-15,sh.600846,8.1100,8.1200,7.9900,8.0400,8.1300,4377506,35163001.0000,0.700700,1,-1.107000,15.727181,2.165449,1.404071,3.182294,0
2019-10-16,sh.600846,8.0400,8.0800,7.9700,7.9800,8.0400,3907229,31382920.0000,0.625400,1,-0.746300,15.609814,2.149289,1.393592,3.158546,0
2019-10-17,sh.600846,7.9800,8.0500,7.9400,7.9700,7.9800,2651822,21194241.0000,0.424500,1,-0.125300,15.590252,2.146595,1.391846,3.154587,0
2019-10-18,sh.600846,8.0300,8.0300,7.8000,7.8200,7.9700,4454800,35208707.0000,0.713000,1,-1.882100,15.296835,2.106195,1.365651,3.095216,0
2019-10-21,sh.600846,7.8500,7.9100,7.7000,7.8500,7.8200,4004208,31201129.0000,0.640900,1,0.383600,15.355518,2.114275,1.370890,3.107091,0
2019-10-22,sh.600846,7.8500,7.8900,7.7700,7.8600,7.8500,3512700,27513950.0000,0.562200,1,0.127400,15.375080,2.116969,1.372636,3.111049,0
2019-10-23,sh.600846,7.8800,8.1600,7.8700,8.0200,7.8600,11723457,94377489.0000,1.876500,1,2.035600,15.688058,2.160062,1.400578,3.174378,0
2019-10-24,sh.600846,8.0000,8.0000,7.8500,7.9000,8.0200,7256613,57433721.0000,1.161500,1,-1.496300,15.453324,2.127742,1.379622,3.126881,0
2019-10-25,sh.600846,7.9000,8.0200,7.8100,8.0100,7.9000,5028906,39823149.0000,0.804900,1,1.392400,15.668497,2.157369,1.398832,3.170420,0
2019-10-28,sh.600846,8.0800,8.3400,8.0100,8.3300,8.0100,13972541,114764532.0000,2.236500,1,3.995000,16.294455,2.243556,1.454715,3.297078,0
2019-10-29,sh.600846,8.2900,8.7000,8.1500,8.3100,8.3300,25992999,218676483.0000,4.160500,1,-0.240100,16.255332,2.238169,1.451222,3.289162,0
2019-10-30,sh.600846,8.2400,8.5000,8.1200,8.1600,8.3100,15003769,123469555.0000,2.401500,1,-1.805100,15.961915,2.197769,1.425027,3.229791,0
2019-10-31,sh.600846,8.3500,8.5900,8.3000,8.4100,8.1600,29466757,249295817.0000,4.716500,1,3.063700,11.019350,2.095984,0.967857,9.520997,0
2019-11-01,sh.600846,8.3600,8.9700,8.3000,8.8900,8.4100,46051721,403090877.0000,7.371100,1,5.707500,11.648279,2.215612,1.023098,10.064407,0
2019-11-04,sh.600846,8.8900,8.9500,8.7400,8.9000,8.8900,28550903,252402334.0000,4.569900,1,0.112500,11.661381,2.218104,1.024248,10.075728,0
2019-11-05,sh.600846,8.8900,8.9500,8.6800,8.8200,8.9000,20511298,180187252.0000,3.283100,1,-0.898900,11.556560,2.198166,1.015042,9.985160,0
2019-11-06,sh.600846,8.7800,8.8500,8.5400,8.6400,8.8200,20576222,178084615.0000,3.293500,1,-2.040800,11.320712,2.153305,0.994327,9.781381,0
2019-11-07,sh.600846,8.5800,8.7300,8.5800,8.6600,8.6400,13116168,113505148.0000,2.099400,1,0.231500,11.346917,2.158290,0.996628,9.804023,0
2019-11-08,sh.600846,8.6800,8.7300,8.4600,8.4600,8.6600,13871019,119077278.0000,2.220200,1,-2.309500,11.084864,2.108445,0.973611,9.577602,0
2019-11-11,sh.600846,8.4200,8.6200,8.3200,8.3800,8.4600,13848034,117187717.0000,2.216500,1,-0.945600,10.980042,2.088507,0.964405,9.487034,0
2019-11-12,sh.600846,8.4000,8.4500,8.2000,8.4300,8.3800,9630424,80405931.0000,1.541500,1,0.596700,11.045556,2.100968,0.970159,9.543639,0
2019-11-13,sh.600846,8.3800,8.4500,8.2300,8.3000,8.4300,9776039,81585061.0000,1.564800,1,-1.542100,10.875221,2.068569,0.955198,9.396465,0
2019-11-14,sh.600846,8.3000,8.5300,8.2800,8.5000,8.3000,11392362,96216152.0000,1.823500,1,2.409600,11.137274,2.118414,0.978215,9.622886,0
2019-11-15,sh.600846,8.4900,8.4900,8.2500,8.2500,8.5000,9515671,79565424.0000,1.523100,1,-2.941200,10.809708,2.056108,0.949444,9.339860,0
2019-11-18,sh.600846,8.2300,8.3600,8.2300,8.3100,8.2500,6168934,51202352.0000,0.987400,1,0.727300,10.888324,2.071061,0.956349,9.407786,0
2019-11-19,sh.600846,8.3200,8.6600,8.2900,8.6400,8.3100,15156418,129497291.0000,2.426000,1,3.971100,11.320712,2.153305,0.994327,9.781381,0
2019-11-20,sh.600846,8.6600,8.6600,8.5300,8.5900,8.6400,9889307,84737043.0000,1.582900,1,-0.578700,11.255198,2.140844,0.988572,9.724776,0
2019-11-21,sh.600846,8.5500,8.6600,8.5000,8.5800,8.5900,8448203,72474512.0000,1.352200,1,-0.116400,11.242096,2.138352,0.987422,9.713455,0
2019-11-22,sh.600846,8.5800,8.7300,8.3800,8.4400,8.5800,12688634,108728458.0000,2.031000,1,-1.631700,11.058658,2.103460,0.971310,9.554960,0
2019-11-25,sh.600846,8.4400,8.5400,8.3000,8.4600,8.4400,8500128,71587595.0000,1.360500,1,0.237000,11.084864,2.108445,0.973611,9.577602,0
2019-11-26,sh.600846,8.4600,8.4800,8.3400,8.3900,8.4600,5765511,48361269.0000,0.922800,1,-0.827400,10.993145,2.090999,0.965556,9.498355,0
2019-11-27,sh.600846,8.3900,8.5500,8.3600,8.5000,8.3900,9034498,76607309.0000,1.446100,1,1.311100,11.137274,2.118414,0.978215,9.622886,0
2019-11-28,sh.600846,8.4900,8.6300,8.4100,8.4800,8.5000,9697684,82762643.0000,1.552200,1,-0.235300,11.111069,2.113429,0.975913,9.600244,0
2019-11-29,sh.600846,8.4700,8.6700,8.4400,8.6500,8.4800,12156003,104423835.0000,1.945700,1,2.004700,11.333815,2.155798,0.995477,9.792702,0
2019-12-02,sh.600846,8.6600,8.8100,8.5800,8.6600,8.6500,13576286,117680771.0000,2.173000,1,0.115600,11.346917,2.158290,0.996628,9.804023,0
2019-12-03,sh.600846,8.6100,8.8800,8.5400,8.8500,8.6600,22661680,198665920.0000,3.627300,1,2.194000,11.595868,2.205643,1.018494,10.019123,0
2019-12-04,sh.600846,8.7500,8.8400,8.7300,8.7800,8.8500,12281944,107790215.0000,1.965900,1,-0.791000,11.504149,2.188197,1.010438,9.939875,0
2019-12-05,sh.600846,8.7900,8.8400,8.7400,8.8200,8.7800,13801736,121238657.0000,2.209100,1,0.455600,11.556560,2.198166,1.015042,9.985160,0
2019-12-06,sh.600846,8.8100,8.8200,8.6300,8.7300,8.8200,14001279,121780580.0000,2.241100,1,-1.020400,11.438636,2.175736,1.004684,9.883270,0
2019-12-09,sh.600846,8.7100,8.9000,8.6800,8.9000,8.7300,20436008,180413578.0000,3.271000,1,1.947300,11.661381,2.218104,1.024248,10.075728,0
2019-12-10,sh.600846,8.8700,8.9100,8.7800,8.8600,8.9000,14231937,125646242.0000,2.278000,1,-0.449400,11.608971,2.208135,1.019645,10.030444,0
2019-12-11,sh.600846,8.8300,8.8500,8.6600,8.6800,8.8600,12741856,111721784.0000,2.039500,1,-2.031600,11.373123,2.163274,0.998930,9.826665,0
2019-12-12,sh.600846,8.6500,8.7300,8.6100,8.6300,8.6800,9944349,86222899.0000,1.591700,1,-0.576000,11.307609,2.150813,0.993176,9.770060,0
2019-12-13,sh.600846,8.6800,8.7800,8.6700,8.7800,8.6300,10299215,89897977.0000,1.648500,1,1.738100,11.504149,2.188197,1.010438,9.939875,0
2019-12-16,sh.600846,8.8100,9.1700,8.7700,9.1000,8.7800,28504640,256611200.0000,4.562500,1,3.644700,11.923435,2.267949,1.047265,10.302149,0
2019-12-17,sh.600846,9.1500,9.2900,9.0500,9.2000,9.1000,29292307,269349240.0000,4.688600,1,1.098900,12.054462,2.292871,1.058774,10.415359,0
2019-12-18,sh.600846,9.1900,9.3400,9.1500,9.2000,9.2000,20648587,190804748.0000,3.305000,1,0.000000,12.054462,2.292871,1.058774,10.415359,0
2019-12-19,sh.600846,9.2300,9.3800,9.1700,9.2800,9.2000,18308548,169921041.0000,2.930500,1,0.869600,12.159283,2.312810,1.067980,10.505927,0
2019-12-20,sh.600846,9.2900,9.3300,9.0900,9.0900,9.2800,17071706,156907031.0000,2.732500,1,-2.047400,11.910332,2.265457,1.046114,10.290828,0
2019-12-23,sh.600846,9.1300,9.4400,9.0800,9.1100,9.0900,25519998,236912885.0000,4.084800,1,0.220000,11.936538,2.270441,1.048416,10.313470,0
2019-12-24,sh.600846,9.2600,9.5000,9.1400,9.5000,9.1100,31295761,293559102.0000,5.009200,1,4.281000,12.447542,2.367639,1.093299,10.754990,0
2019-12-25,sh.600846,9.4100,9.4600,9.2800,9.3800,9.5000,22233740,208257540.0000,3.558800,1,-1.263200,12.290310,2.337732,1.079489,10.619138,0
2019-12-26,sh.600846,9.3400,9.4200,9.2300,9.4200,9.3800,21732857,203198790.0000,3.478600,1,0.426400,12.342721,2.347701,1.084092,10.664422,0
2019-12-27,sh.600846,9.4200,9.4200,9.0800,9.1000,9.4200,26821179,247576075.0000,4.293000,1,-3.397000,11.923435,2.267949,1.047265,10.302149,0
2019-12-30,sh.600846,9.0400,9.2600,9.0200,9.2200,9.1000,14661799,134682282.0000,2.346800,1,1.318700,12.080667,2.297856,1.061075,10.438001,0
2019-12-31,sh.600846,9.2100,9.3400,9.1300,9.3100,9.2200,15489176,143403134.0000,2.479200,1,0.976100,12.198591,2.320286,1.071433,10.539891,0
2020-01-02,sh.600846,9.3300,9.4900,9.3200,9.3900,9.3100,18808709,176828008.0000,3.010500,1,0.859300,12.303413,2.340224,1.080640,10.630459,0
2020-01-03,sh.600846,9.4000,9.4500,9.3100,9.3600,9.3900,13216748,123886634.0000,2.115500,1,-0.319500,12.264105,2.332748,1.077187,10.596496,0
2020-01-06,sh.600846,9.3200,9.6700,9.2900,9.5400,9.3600,26152584,248213794.0000,4.186000,1,1.923100,12.499953,2.377608,1.097902,10.800275,0
2020-01-07,sh.600846,9.5000,9.5800,9.3800,9.5200,9.5400,17244497,163229740.0000,2.760200,1,-0.209600,12.473747,2.372624,1.095601,10.777633,0
2020-01-08,sh.600846,9.4500,9.4600,9.1200,9.2200,9.5200,22312534,207262989.0000,3.571400,1,-3.151300,12.080667,2.297856,1.061075,10.438001,0
2020-01-09,sh.600846,9.3200,9.3700,9.2900,9.3400,9.2200,12592892,117494724.0000,2.015600,1,1.301500,12.237899,2.327763,1.074885,10.573854,0
2020-01-10,sh.600846,9.3600,9.5000,9.3100,9.4800,9.3400,17825302,167798466.0000,2.853100,1,1.498900,12.421337,2.362655,1.090997,10.732348,0
2020-01-13,sh.600846,9.4700,9.7200,9.4000,9.7000,9.4800,25679431,246931305.0000,4.110300,1,2.320700,12.709595,2.417484,1.116316,10.981411,0
2020-01-14,sh.600846,9.7100,9.8500,9.6000,9.6800,9.7000,21594350,209789463.0000,3.456400,1,-0.206200,12.683390,2.412500,1.114014,10.958769,0
2020-01-15,sh.600846,9.9500,10.0200,9.6300,9.7300,9.6800,26263491,257210544.0000,4.203800,1,0.516500,12.748904,2.424961,1.119768,11.015374,0
2020-01-16,sh.600846,9.7700,9.9600,9.7300,9.8400,9.7300,20816203,204514436.0000,3.331900,1,1.130500,12.893033,2.452376,1.132427,11.139906,0
2020-01-17,sh.600846,9.9300,9.9400,9.6100,9.6100,9.8400,18680524,182296187.0000,2.990000,1,-2.337400,12.591671,2.395054,1.105958,10.879522,0
2020-01-20,sh.600846,9.6200,9.8800,9.5500,9.8500,9.6100,17470790,170098465.0000,2.796400,1,2.497400,12.906136,2.454868,1.133578,11.151227,0
2020-01-21,sh.600846,9.8100,9.8100,9.6800,9.7000,9.8500,10315072,100442088.0000,1.651000,1,-1.522800,12.709595,2.417484,1.116316,10.981411,0
2020-01-22,sh.600846,9.6500,9.8100,9.3800,9.7600,9.7000,14404137,138799126.0000,2.305500,1,0.618600,12.788212,2.432438,1.123221,11.049338,0
2020-01-23,sh.600846,9.7000,9.7400,9.1000,9.2200,9.7600,20931958,197000608.0000,3.350400,1,-5.532800,12.080667,2.297856,1.061075,10.438001,0
2020-02-03,sh.600846,8.3000,8.3000,8.3000,8.3000,9.2200,2455400,20379820.0000,0.393000,1,-9.978300,10.875221,2.068569,0.955198,9.396465,0
2020-02-04,sh.600846,7.4900,8.1400,7.4900,8.0600,8.3000,26481921,210935353.0000,4.238700,1,-2.891600,10.560757,2.008755,0.927578,9.124760,0
2020-02-05,sh.600846,8.0400,8.3900,8.0000,8.2000,8.0600,20433901,167983715.0000,3.270700,1,1.737000,10.744194,2.043646,0.943690,9.283255,0
2020-02-06,sh.600846,8.2400,8.3800,8.1400,8.3400,8.2000,17429489,144161453.0000,2.789800,1,1.707300,10.927632,2.078538,0.959801,9.441749,0
2020-02-07,sh.600846,8.3300,8.4100,8.2200,8.4100,8.3400,18214302,151424502.0000,2.915400,1,0.839300,11.019350,2.095984,0.967857,9.520997,0
2020-02-10,sh.600846,8.4000,8.9000,8.3300,8.8800,8.4100,28108229,243189190.0000,4.499000,1,5.588600,11.635176,2.213119,1.021947,10.053086,0
2020-02-11,sh.600846,8.8100,8.8100,8.6500,8.6700,8.8800,16296161,142036694.0000,2.608400,1,-2.364900,11.360020,2.160782,0.997779,9.815344,0
2020-02-12,sh.600846,8.6900,8.8200,8.6600,8.7800,8.6700,14469524,126549639.0000,2.316000,1,1.268700,11.504149,2.188197,1.010438,9.939875,0
2020-02-13,sh.600846,8.7200,8.9400,8.7100,8.7800,8.7800,17433734,153609754.0000,2.790500,1,0.000000,11.504149,2.188197,1.010438,9.939875,0
2020-02-14,sh.600846,8.7300,8.8700,8.6900,8.8000,8.7800,15894046,139414945.0000,2.544000,1,0.227800,11.530355,2.193181,1.012740,9.962517,0
2020-02-17,sh.600846,8.8000,9.0300,8.8000,9.0200,8.8000,20614033,184213221.0000,3.299500,1,2.500000,11.818614,2.248011,1.038059,10.211580,0
2020-02-18,sh.600846,9.0500,9.1600,8.9900,9.1400,9.0200,20912524,189828191.0000,3.347300,1,1.330400,11.975846,2.277918,1.051869,10.347433,0
2020-02-19,sh.600846,9.1000,9.2200,9.0300,9.0300,9.1400,16116550,146943340.0000,2.579600,1,-1.203500,11.831716,2.250503,1.039209,10.222901,0
2020-02-20,sh.600846,9.0500,9.2900,8.9700,9.2500,9.0300,19628654,179471338.0000,3.141800,1,2.436300,12.119975,2.305333,1.064528,10.471964,0
2020-02-21,sh.600846,9.2000,9.4400,9.1700,9.3300,9.2500,20110472,187128867.0000,3.218900,1,0.864900,12.224796,2.325271,1.073735,10.562533,0
2020-02-24,sh.600846,9.2300,9.4700,9.1800,9.4100,9.3300,23065439,214888319.0000,3.691900,1,0.857400,12.329618,2.345209,1.082941,10.653101,0
2020-02-25,sh.600846,9.1700,9.3200,8.8500,9.2700,9.4100,26181367,240214743.0000,4.190600,1,-1.487800,12.146180,2.310317,1.066830,10.494606,0
2020-02-26,sh.600846,9.1800,9.4900,9.1000,9.2500,9.2700,25563671,238573415.0000,4.091700,1,-0.215800,12.119975,2.305333,1.064528,10.471964,0
2020-02-27,sh.600846,9.3700,9.4900,9.2500,9.4900,9.2500,25824168,242695058.0000,4.133400,1,2.594600,12.434439,2.365147,1.092148,10.743669,0
2020-02-28,sh.600846,9.2500,9.2600,8.6800,8.7000,9.4900,29537797,265749712.0000,4.727900,1,-8.324600,11.399328,2.168259,1.001232,9.849307,0
2020-03-02,sh.600846,8.8100,9.5700,8.8100,9.5000,8.7000,37780389,352488395.0000,6.047200,1,9.195400,12.447542,2.367639,1.093299,10.754990,0
2020-03-03,sh.600846,9.6800,9.8300,9.4800,9.6000,9.5000,42404134,408891595.0000,6.787300,1,1.052600,12.578569,2.392562,1.104807,10.868201,0
2020-03-04,sh.600846,9.5200,9.7500,9.5000,9.6900,9.6000,26126465,252308492.0000,4.181800,1,0.937500,12.696493,2.414992,1.115165,10.970090,0
2020-03-05,sh.600846,9.8500,9.9200,9.5800,9.6600,9.6900,25745656,249254022.0000,4.120900,1,-0.309600,12.657185,2.407515,1.111712,10.936127,0
2020-03-06,sh.600846,9.5700,9.6100,9.4000,9.4500,9.6600,17933298,170103328.0000,2.870400,1,-2.173900,12.382029,2.355178,1.087545,10.698385,0
2020-03-09,sh.600846,9.2600,9.3700,9.0100,9.0100,9.4500,21060738,193233359.0000,3.371000,1,-4.656100,11.805511,2.245519,1.036908,10.200259,0
2020-03-10,sh.600846,8.9000,9.2500,8.8300,9.2000,9.0100,20253036,183403413.0000,3.241700,1,2.108800,12.054462,2.292871,1.058774,10.415359,0
2020-03-11,sh.600846,9.2000,9.3000,9.0200,9.0300,9.2000,16005431,146767572.0000,2.561800,1,-1.847800,11.831716,2.250503,1.039209,10.222901,0
2020-03-12,sh.600846,8.9300,8.9500,8.7000,8.7500,9.0300,15524663,136806247.0000,2.484900,1,-3.100800,11.464841,2.180720,1.006986,9.905912,0
2020-03-13,sh.600846,8.2300,8.6400,8.2300,8.5400,8.7500,17204851,145231565.0000,2.753800,1,-2.400000,11.189685,2.128383,0.982818,9.668170,0
2020-03-16,sh.600846,8.6500,8.7400,8.1800,8.2100,8.5400,16301120,138279068.0000,2.609200,1,-3.864200,10.757297,2.046139,0.944840,9.294576,0
2020-03-17,sh.600846,8.3000,8.3500,7.9500,8.2700,8.2100,11935350,97709101.0000,1.910400,1,0.730800,10.835913,2.061092,0.951745,9.362502,0
2020-03-18,sh.600846,8.3400,8.4200,8.1200,8.1400,8.2700,10405529,86406353.0000,1.665500,1,-1.571900,10.665578,2.028693,0.936785,9.215329,0
2020-03-19,sh.600846,8.1700,8.4300,8.0500,8.4000,8.1400,11558072,95118216.0000,1.850000,1,3.194100,11.006248,2.093491,0.966706,9.509676,0
2020-03-20,sh.600846,8.4100,8.5500,8.3700,8.5400,8.4000,11772647,99764871.0000,1.884300,1,1.666700,11.189685,2.128383,0.982818,9.668170,0
2020-03-23,sh.600846,8.3800,8.4600,8.1800,8.2000,8.5400,8669879,72125105.0000,1.387700,1,-3.981300,10.744194,2.043646,0.943690,9.283255,0
2020-03-24,sh.600846,8.3500,8.4100,8.2000,8.4000,8.2000,8283322,69004879.0000,1.325800,1,2.439000,11.006248,2.093491,0.966706,9.509676,0
2020-03-25,sh.600846,8.5300,8.6000,8.4200,8.5500,8.4000,11423187,97349816.0000,1.828400,1,1.785700,11.202788,2.130875,0.983969,9.679491,0
2020-03-26,sh.600846,8.5000,8.5300,8.3500,8.3700,8.5500,7254273,61193242.0000,1.161100,1,-2.105300,10.966940,2.086015,0.963254,9.475713,0
2020-03-27,sh.600846,8.4500,8.5400,8.3700,8.3800,8.3700,8286533,70088226.0000,1.326400,1,0.119500,10.980042,2.088507,0.964405,9.487034,0
2020-03-30,sh.600846,8.2500,8.2600,8.0600,8.1800,8.3800,7123557,58080028.0000,1.140200,1,-2.386600,10.717989,2.038662,0.941388,9.260613,0
2020-03-31,sh.600846,8.2600,8.3000,8.2200,8.2400,8.1800,5875020,48519882.0000,0.940400,1,0.733500,10.796605,2.053615,0.948293,9.328539,0
2020-04-01,sh.600846,8.2400,8.3200,8.1900,8.2100,8.2400,5114200,42218376.0000,0.818600,1,-0.364100,10.757297,2.046139,0.944840,9.294576,0
2020-04-02,sh.600846,8.1700,8.3300,8.1300,8.3300,8.2100,5536032,45711309.0000,0.886100,1,1.461600,10.914529,2.076046,0.958651,9.430428,0
2020-04-03,sh.600846,8.3200,8.3700,8.2500,8.2800,8.3300,4801934,39887299.0000,0.768600,1,-0.600200,10.849016,2.063584,0.952896,9.373823,0
2020-04-07,sh.600846,8.4000,8.4800,8.3700,8.4600,8.2800,7827551,65999461.0000,1.252900,1,2.173900,11.084864,2.108445,0.973611,9.577602,0
2020-04-08,sh.600846,8.4400,8.5400,8.4100,8.5000,8.4600,6765444,57366885.0000,1.082900,1,0.472800,11.137274,2.118414,0.978215,9.622886,0
2020-04-09,sh.600846,8.5200,8.5800,8.4800,8.5200,8.5000,5765131,49196575.0000,0.922800,1,0.235300,11.163480,2.123398,0.980516,9.645528,0
2020-04-10,sh.600846,8.5500,8.6000,8.3900,8.4000,8.5200,6745305,57162072.0000,1.079700,1,-1.408500,11.006248,2.093491,0.966706,9.509676,0
2020-04-13,sh.600846,8.3500,8.4200,8.2800,8.3400,8.4000,4041060,33759248.0000,0.646800,1,-0.714300,10.927632,2.078538,0.959801,9.441749,0
2020-04-14,sh.600846,8.3800,8.5000,8.3700,8.4900,8.3400,5747401,48573702.0000,0.919900,1,1.798600,11.124172,2.115922,0.977064,9.611565,0
2020-04-15,sh.600846,8.4900,8.5700,8.3900,8.4000,8.4900,5497347,46632411.0000,0.879900,1,-1.060100,11.006248,2.093491,0.966706,9.509676,0
2020-04-16,sh.600846,8.4000,8.5700,8.3700,8.5600,8.4000,10250904,87173452.0000,1.640800,1,1.904800,11.215890,2.133367,0.985120,9.690812,0
2020-04-17,sh.600846,8.6600,8.6600,8.4700,8.4900,8.5600,9025005,77149874.0000,1.444600,1,-0.817800,11.124172,2.115922,0.977064,9.611565,0
2020-04-20,sh.600846,8.5600,8.7300,8.5200,8.6900,8.4900,13563060,117244708.0000,2.170900,1,2.355700,11.386225,2.165767,1.000081,9.837986,0
2020-04-21,sh.600846,8.7000,8.8600,8.6000,8.8200,8.6900,19037974,166501723.0000,3.047200,1,1.496000,11.556560,2.198166,1.015042,9.985160,0
2020-04-22,sh.600846,8.7800,8.8000,8.6800,8.8000,8.8200,8793722,76834395.0000,1.407500,1,-0.226800,11.530355,2.193181,1.012740,9.962517,0
2020-04-23,sh.600846,8.8000,8.8100,8.6500,8.6600,8.8000,7122006,61997871.0000,1.140000,1,-1.590900,11.346917,2.158290,0.996628,9.804023,0
2020-04-24,sh.600846,8.6600,8.7400,8.4600,8.4900,8.6600,7166561,61358983.0000,1.147100,1,-1.963000,11.124172,2.115922,0.977064,9.611565,0
2020-04-27,sh.600846,8.4900,8.6000,8.4500,8.4500,8.4900,5045508,43026863.0000,0.807600,1,-0.471100,11.071761,2.105953,0.972461,9.566281,0
2020-04-28,sh.600846,8.4500,8.5700,8.1200,8.3700,8.4500,8372845,69839496.0000,1.340200,1,-0.946700,10.966940,2.086015,0.963254,9.475713,0
2020-04-29,sh.600846,8.3500,8.4100,8.2500,8.3300,8.3700,6368989,52991728.0000,1.019400,1,-0.477900,10.914529,2.076046,0.958651,9.430428,0
2020-04-30,sh.600846,8.4900,8.7100,8.4900,8.7000,8.3300,16372061,141330964.0000,2.620500,1,4.441800,8.644036,1.897900,0.817848,-7.292935,0
2020-05-06,sh.600846,8.6900,8.8600,8.6500,8.8100,8.7000,17545601,153558651.0000,2.808400,1,1.264400,8.753328,1.921896,0.828188,-7.385144,0
2020-05-07,sh.600846,8.9000,8.9000,8.7000,8.7300,8.8100,12130371,106195905.0000,1.941600,1,-0.908100,8.673843,1.904444,0.820668,-7.318083,0
2020-05-08,sh.600846,8.7700,8.8300,8.7200,8.8100,8.7300,14336779,125836878.0000,2.294800,1,0.916400,8.753328,1.921896,0.828188,-7.385144,0
2020-05-11,sh.600846,8.8100,8.8600,8.7500,8.7800,8.8100,11573236,101797549.0000,1.852400,1,-0.340500,8.723521,1.915352,0.825368,-7.359996,0
2020-05-12,sh.600846,8.7800,8.8000,8.5700,8.6900,8.7800,11658443,100857774.0000,1.866100,1,-1.025100,8.634100,1.895718,0.816908,-7.284552,0
2020-05-13,sh.600846,8.6400,8.7200,8.6100,8.6900,8.6900,7125364,61813409.0000,1.140500,1,0.000000,8.634100,1.895718,0.816908,-7.284552,0
2020-05-14,sh.600846,8.6700,8.6700,8.5300,8.5500,8.6900,7294416,62573813.0000,1.167600,1,-1.611000,8.495001,1.865177,0.803747,-7.167195,0
2020-05-15,sh.600846,8.5600,8.6100,8.5000,8.5200,8.5500,6932151,59318558.0000,1.109600,1,-0.350900,8.465194,1.858633,0.800927,-7.142047,0
2020-05-18,sh.600846,8.5500,8.5700,8.4600,8.5000,8.5200,5738951,48887952.0000,0.918600,1,-0.234700,8.445322,1.854270,0.799047,-7.125281,0
2020-05-19,sh.600846,8.6000,8.6800,8.5700,8.6800,8.5000,9301092,80132376.0000,1.488700,1,2.117700,8.624165,1.893537,0.815968,-7.276170,0
2020-05-20,sh.600846,8.6800,8.6800,8.5000,8.5300,8.6800,7654249,65602934.0000,1.225100,1,-1.728100,8.475129,1.860814,0.801867,-7.150429,0
2020-05-21,sh.600846,8.5600,8.6700,8.4800,8.5000,8.5300,9215907,79088134.0000,1.475100,1,-0.351700,8.445322,1.854270,0.799047,-7.125281,0
2020-05-22,sh.600846,8.4800,8.5300,8.3300,8.5100,8.5000,8608833,72673908.0000,1.377900,1,0.117600,8.455258,1.856451,0.799987,-7.133664,0
2020-05-25,sh.600846,8.4600,8.4700,8.3800,8.4400,8.5100,5207507,43863839.0000,0.833500,1,-0.822600,8.385708,1.841181,0.793406,-7.074985,0
2020-05-26,sh.600846,8.4400,8.5400,8.4200,8.5300,8.4400,6065084,51501851.0000,0.970800,1,1.066400,8.475129,1.860814,0.801867,-7.150429,0
2020-05-27,sh.600846,8.5300,8.6100,8.4600,8.5600,8.5300,7207551,61467065.0000,1.153600,1,0.351700,8.504936,1.867359,0.804687,-7.175577,0
2020-05-28,sh.600846,8.5400,8.6200,8.4300,8.5200,8.5600,5916544,50445639.0000,0.947000,1,-0.467300,8.465194,1.858633,0.800927,-7.142047,0
2020-05-29,sh.600846,8.5200,8.6200,8.4400,8.5800,8.5200,8139826,69346801.0000,1.302900,1,0.704200,8.524808,1.871722,0.806567,-7.192343,0
2020-06-01,sh.600846,8.5700,8.7400,8.5600,8.7000,8.5800,14682954,127433721.0000,2.350200,1,1.398600,8.644036,1.897900,0.817848,-7.292935,0
2020-06-02,sh.600846,8.7000,8.8300,8.6600,8.7700,8.7000,15146329,132360617.0000,2.424300,1,0.804600,8.713586,1.913170,0.824428,-7.351614,0
2020-06-03,sh.600846,8.7600,8.7900,8.6500,8.6600,8.7700,12473317,108829685.0000,1.996500,1,-1.254300,8.604293,1.889174,0.814087,-7.259404,0
2020-06-04,sh.600846,8.6900,8.7000,8.5800,8.6300,8.6600,8228521,70951934.0000,1.317100,1,-0.346400,8.574486,1.882629,0.811267,-7.234256,0
2020-06-05,sh.600846,8.6200,8.6500,8.5600,8.6400,8.6300,5723106,49323066.0000,0.916000,1,0.115900,8.584422,1.884811,0.812207,-7.242639,0
2020-06-08,sh.600846,8.6600,8.6800,8.5900,8.6000,8.6400,6504503,56178721.0000,1.041100,1,-0.463000,8.544679,1.876085,0.808447,-7.209108,0
2020-06-09,sh.600846,8.6100,8.7300,8.5700,8.6800,8.6000,7720801,66844411.0000,1.235800,1,0.930200,8.624165,1.893537,0.815968,-7.276170,0
2020-06-10,sh.600846,8.6600,8.6900,8.5600,8.5900,8.6800,6536700,56217748.0000,1.046300,1,-1.036900,8.534743,1.873903,0.807507,-7.200725,0
2020-06-11,sh.600846,8.5900,8.6000,8.4900,8.4900,8.5900,6931758,59217547.0000,1.109500,1,-1.164100,8.435387,1.852088,0.798106,-7.116899,0
2020-06-12,sh.600846,8.3600,8.5200,8.3100,8.4700,8.4900,6079491,51190605.0000,0.973100,1,-0.235600,8.415515,1.847725,0.796226,-7.100133,0
2020-06-15,sh.600846,8.4600,8.5400,8.4100,8.4100,8.4700,5693800,48182581.0000,0.911400,1,-0.708400,8.355901,1.834636,0.790586,-7.049837,0
2020-06-16,sh.600846,8.4600,8.5100,8.4400,8.5100,8.4100,4662439,39567385.0000,0.746300,1,1.189100,8.455258,1.856451,0.799987,-7.133664,0
2020-06-17,sh.600846,8.5100,8.5600,8.4800,8.5500,8.5100,5803880,49442308.0000,0.929000,1,0.470000,8.495001,1.865177,0.803747,-7.167195,0
2020-06-18,sh.600846,8.5500,8.6100,8.5100,8.5600,8.5500,6651950,57002542.0000,1.064700,1,0.117000,8.504936,1.867359,0.804687,-7.175577,0
2020-06-19,sh.600846,8.5900,8.6300,8.5600,8.6100,8.5600,7679173,66037007.0000,1.229100,1,0.584100,8.554615,1.878266,0.809387,-7.217491,0
2020-06-22,sh.600846,8.6500,8.6600,8.5500,8.5800,8.6100,6850567,58919922.0000,1.096500,1,-0.348400,8.524808,1.871722,0.806567,-7.192343,0
2020-06-23,sh.600846,8.5900,8.5900,8.5100,8.5300,8.5800,5247082,44776118.0000,0.839900,1,-0.582800,8.475129,1.860814,0.801867,-7.150429,0
2020-06-24,sh.600846,8.5400,8.5600,8.5000,8.5300,8.5300,4923058,41950276.0000,0.788000,1,0.000000,8.475129,1.860814,0.801867,-7.150429,0
2020-06-29,sh.600846,8.5100,8.5100,8.4000,8.4300,8.5300,4697213,39640042.0000,0.751800,1,-1.172300,8.375773,1.838999,0.792466,-7.066602,0
2020-06-30,sh.600846,8.4500,8.5200,8.4300,8.5000,8.4300,5310061,45043610.0000,0.849900,1,0.830400,8.445322,1.854270,0.799047,-7.125281,0
2020-07-01,sh.600846,8.5000,8.6200,8.4600,8.6200,8.5000,9988069,85445050.0000,1.598700,1,1.411800,8.564550,1.880448,0.810327,-7.225873,0
2020-07-02,sh.600846,8.6000,8.7600,8.5900,8.7400,8.6200,16433845,142701206.0000,2.630400,1,1.392100,8.683779,1.906626,0.821608,-7.326466,0
2020-07-03,sh.600846,8.7400,8.9200,8.7400,8.8800,8.7400,19556675,172965422.0000,3.130300,1,1.601800,8.822878,1.937167,0.834769,-7.443823,0
2020-07-06,sh.600846,8.9100,9.2300,8.9100,9.2200,8.8800,25427287,231740680.0000,4.069900,1,3.828800,9.160691,2.011337,0.866730,-7.728835,0
2020-07-07,sh.600846,9.2700,9.3600,9.1400,9.1500,9.2200,27052082,249834537.0000,4.330000,1,-0.759200,9.091141,1.996067,0.860150,-7.670156,0
2020-07-08,sh.600846,9.1600,9.2600,9.1200,9.2600,9.1500,18196710,167535161.0000,2.912600,1,1.202200,9.200434,2.020063,0.870491,-7.762365,0
2020-07-09,sh.600846,9.2800,9.4600,9.2200,9.3800,9.2600,20734129,193634749.0000,3.318700,1,1.295900,9.319662,2.046241,0.881771,-7.862957,0
2020-07-10,sh.600846,9.3300,9.4300,9.2000,9.2300,9.3800,17045421,158656290.0000,2.728300,1,-1.599200,9.170627,2.013519,0.867671,-7.737217,0
2020-07-13,sh.600846,9.2300,9.5700,9.2200,9.4800,9.2300,20440446,192495442.0000,3.271700,1,2.708600,9.419018,2.068056,0.891172,-7.946784,0
2020-07-14,sh.600846,9.5000,9.6000,9.2100,9.4000,9.4800,18704061,175805098.0000,2.993800,1,-0.843900,9.339533,2.050604,0.883651,-7.879723,0
2020-07-15,sh.600846,9.4900,9.6300,9.2300,9.2600,9.4000,17577651,165442902.0000,2.813500,1,-1.489400,9.200434,2.020063,0.870491,-7.762365,0
2020-07-16,sh.600846,9.2800,9.3600,8.9600,8.9700,9.2600,17204114,158129582.0000,2.753700,1,-3.131700,8.912299,1.956800,0.843229,-7.519267,0
2020-07-17,sh.600846,8.9800,9.1300,8.9400,9.0400,8.9700,11055901,99847943.0000,1.769600,1,0.780400,8.981849,1.972071,0.849809,-7.577946,0
2020-07-20,sh.600846,9.0800,9.4900,9.0700,9.4700,9.0400,19915652,186917046.0000,3.187700,1,4.756600,9.409083,2.065875,0.890232,-7.938402,0
2020-07-21,sh.600846,9.5200,9.6800,9.4200,9.6000,9.4700,21955800,209649961.3100,3.514300,1,1.372800,9.538246,2.094234,0.902453,-8.047377,0
2020-07-22,sh.600846,9.5400,9.5400,9.3500,9.4300,9.6000,19784273,186634044.1900,3.166700,1,-1.770800,9.369340,2.057149,0.886472,-7.904871,0
2020-07-23,sh.600846,9.3800,9.4300,9.1300,9.4200,9.4300,16750328,155804419.0700,2.681100,1,-0.106000,9.359404,2.054967,0.885532,-7.896488,0
2020-07-24,sh.600846,9.3800,9.5000,9.0300,9.0800,9.4200,17099739,158138190.2500,2.737000,1,-3.609300,9.021591,1.980797,0.853570,-7.611477,0
2020-07-27,sh.600846,9.0900,9.1500,8.8500,8.9400,9.0800,15748418,141139003.5700,2.520700,1,-1.541900,8.882492,1.950256,0.840409,-7.494119,0
2020-07-28,sh.600846,8.6000,8.6600,8.5600,8.6100,8.6000,10246390,88206845.3000,1.640000,1,0.116300,8.554615,1.878266,0.809387,-7.217491,0
2020-07-29,sh.600846,8.5800,8.7200,8.4600,8.7100,8.6100,10849979,93523837.6800,1.736700,1,1.161400,8.653972,1.900081,0.818788,-7.301318,0
2020-07-30,sh.600846,8.8100,8.9100,8.7200,8.7400,8.7100,11994481,105553842.4700,1.919800,1,0.344400,8.683779,1.906626,0.821608,-7.326466,0
2020-07-31,sh.600846,8.7000,8.7900,8.6200,8.7500,8.7400,11170142,97314377.9200,1.787900,1,0.114400,8.693714,1.908807,0.822548,-7.334848,0
2020-08-03,sh.600846,8.7800,8.9400,8.7700,8.9200,8.7500,13351753,118622702.7800,2.137100,1,1.942900,8.862621,1.945893,0.838529,-7.477354,0
2020-08-04,sh.600846,8.9600,8.9700,8.8300,8.9300,8.9200,12884681,114589019.5200,2.062300,1,0.112100,8.872556,1.948074,0.839469,-7.485737,0
2020-08-05,sh.600846,8.9300,8.9500,8.7800,8.9100,8.9300,11266257,99868326.7700,1.803300,1,-0.224000,8.852685,1.943711,0.837589,-7.468971,0
2020-08-06,sh.600846,8.9000,8.9500,8.8200,8.9300,8.9100,13454255,119773133.6200,2.153500,1,0.224500,8.872556,1.948074,0.839469,-7.485737,0
2020-08-07,sh.600846,8.8800,8.9000,8.6300,8.7400,8.9300,11202406,98088451.7100,1.793100,1,-2.127700,8.683779,1.906626,0.821608,-7.326466,0
2020-08-10,sh.600846,8.7100,8.9400,8.7000,8.9300,8.7400,13821166,122559403.1100,2.212200,1,2.173900,8.872556,1.948074,0.839469,-7.485737,0
2020-08-11,sh.600846,8.9400,8.9500,8.6800,8.6800,8.9300,11146575,98314635.7400,1.784100,1,-2.799600,8.624165,1.893537,0.815968,-7.276170,0
2020-08-12,sh.600846,8.6700,8.7200,8.4200,8.5800,8.6800,12759404,108944123.8700,2.042300,1,-1.152100,8.524808,1.871722,0.806567,-7.192343,0
2020-08-13,sh.600846,8.6000,8.6800,8.5800,8.6400,8.5800,7845117,67797645.8600,1.255700,1,0.699300,8.584422,1.884811,0.812207,-7.242639,0
2020-08-14,sh.600846,8.6700,8.6800,8.5300,8.6700,8.6400,5911206,50876984.7600,0.946200,1,0.347200,8.614229,1.891355,0.815027,-7.267787,0
2020-08-17,sh.600846,8.6700,8.8500,8.6700,8.8300,8.6700,10305458,90472586.8100,1.649500,1,1.845400,8.773200,1.926259,0.830068,-7.401910,0
2020-08-18,sh.600846,8.8600,8.8800,8.7800,8.8300,8.8300,9201988,81256906.0300,1.472900,1,0.000000,8.773200,1.926259,0.830068,-7.401910,0
2020-08-19,sh.600846,8.8600,8.9200,8.7800,8.7800,8.8300,11291063,100004583.4600,1.807300,1,-0.566300,8.723521,1.915352,0.825368,-7.359996,0
2020-08-20,sh.600846,8.7800,8.7800,8.6500,8.6600,8.7800,7846657,68355192.3000,1.255900,1,-1.366700,8.604293,1.889174,0.814087,-7.259404,0
2020-08-21,sh.600846,8.6800,8.7500,8.6400,8.6800,8.6600,5248698,45616676.5200,0.840100,1,0.230900,8.624165,1.893537,0.815968,-7.276170,0
2020-08-24,sh.600846,8.6800,8.8600,8.6800,8.8200,8.6800,9364217,82488085.6800,1.498800,1,1.612900,8.763264,1.924078,0.829128,-7.393527,0
2020-08-25,sh.600846,8.8300,8.9000,8.7600,8.7900,8.8200,8477005,74894843.8800,1.356800,1,-0.340100,8.733457,1.917533,0.826308,-7.368379,0
2020-08-26,sh.600846,8.8200,8.9600,8.7200,8.9300,8.7900,18963264,168422020.5800,3.035300,1,1.592700,8.872556,1.948074,0.839469,-7.485737,0
2020-08-27,sh.600846,8.8800,8.9200,8.7200,8.8800,8.9300,14267793,126003031.9100,2.283700,1,-0.559900,8.822878,1.937167,0.834769,-7.443823,0
2020-08-28,sh.600846,9.2400,9.7700,9.1600,9.5700,8.8800,91798046,880533872.7300,14.693300,1,7.770300,7.390864,2.031724,0.747034,20.479418,0
2020-08-31,sh.600846,9.4700,9.9000,9.4000,9.6600,9.5700,64294822,619991491.6200,10.291100,1,0.940400,7.460371,2.050832,0.754060,20.672015,0
2020-09-01,sh.600846,9.8000,9.8800,9.5000,9.6800,9.6600,33470445,323763446.6500,5.357300,1,0.207000,7.475816,2.055078,0.755621,20.714814,0
2020-09-02,sh.600846,9.6400,9.7400,9.5300,9.6200,9.6800,24149512,231895571.3000,3.865400,1,-0.619800,7.429479,2.042339,0.750937,20.586416,0
2020-09-03,sh.600846,9.6100,9.6300,9.3200,9.3800,9.6200,22327474,211095016.8200,3.573800,1,-2.494800,7.244128,1.991387,0.732203,20.072826,0
2020-09-04,sh.600846,9.2400,9.4600,9.2000,9.3000,9.3800,16516926,153840485.5900,2.643700,1,-0.852900,7.182344,1.974403,0.725958,19.901629,0
2020-09-07,sh.600846,9.3500,9.4000,9.1000,9.1300,9.3000,18965249,175507780.3500,3.035600,1,-1.828000,7.051054,1.938312,0.712688,19.537836,0
2020-09-08,sh.600846,9.1600,9.3000,9.1300,9.2800,9.1300,11392932,104970107.8300,1.823600,1,1.642900,7.166898,1.970157,0.724397,19.858830,0
2020-09-09,sh.600846,9.1800,9.4200,9.1400,9.2800,9.2800,16820405,156414856.2800,2.692300,1,0.000000,7.166898,1.970157,0.724397,19.858830,0
2020-09-10,sh.600846,9.3100,9.3500,9.1000,9.1100,9.2800,15043375,138579474.2100,2.407900,1,-1.831900,7.035608,1.934066,0.711127,19.495037,0
2020-09-11,sh.600846,9.0300,9.5400,9.0300,9.4500,9.1100,23855655,223088738.7100,3.818400,1,3.732200,7.298189,2.006248,0.737667,20.222623,0
2020-09-14,sh.600846,9.5000,9.7300,9.3800,9.6700,9.4500,26455897,254500613.5500,4.234600,1,2.328000,7.468093,2.052955,0.754840,20.693414,0
2020-09-15,sh.600846,9.6500,9.6500,9.3900,9.5000,9.6700,14666135,139067480.1100,2.347500,1,-1.758000,7.336803,2.016863,0.741570,20.329621,0
2020-09-16,sh.600846,9.4500,9.7700,9.3300,9.6200,9.5000,18941719,181859620.4700,3.031800,1,1.263200,7.429479,2.042339,0.750937,20.586416,0
2020-09-17,sh.600846,9.6100,9.7000,9.4500,9.5600,9.6200,12488989,119494742.3800,1.999000,1,-0.623700,7.383141,2.029601,0.746254,20.458019,0
2020-09-18,sh.600846,9.5100,9.9200,9.4900,9.9000,9.5600,30069582,294008030.8200,4.813000,1,3.556500,7.645721,2.101784,0.772794,21.185605,0
2020-09-21,sh.600846,9.9500,9.9800,9.6700,9.7200,9.9000,21081360,206053343.3700,3.374300,1,-1.818200,7.506708,2.063570,0.758743,20.800413,0
2020-09-22,sh.600846,9.6500,9.7100,9.4500,9.4700,9.7200,14752180,141314301.5900,2.361200,1,-2.572000,7.313634,2.010494,0.739228,20.265422,0
2020-09-23,sh.600846,9.5200,9.6200,9.4200,9.5000,9.4700,10456192,99362559.3400,1.673600,1,0.316800,7.336803,2.016863,0.741570,20.329621,0
2020-09-24,sh.600846,9.4300,9.4400,9.1800,9.2100,9.5000,12259876,113911758.5900,1.962300,1,-3.052600,7.112838,1.955296,0.718933,19.709033,0
2020-09-25,sh.600846,9.2500,9.2900,9.0300,9.1200,9.2100,8809736,80387022.7400,1.410100,1,-0.977200,7.043331,1.936189,0.711907,19.516436,0
2020-09-28,sh.600846,9.0800,9.1800,9.0600,9.1200,9.1200,5624490,51293120.1800,0.900300,1,0.000000,7.043331,1.936189,0.711907,19.516436,0
2020-09-29,sh.600846,9.1400,9.2500,9.1400,9.1700,9.1200,6190190,56963956.9000,0.990800,1,0.548200,7.081946,1.946804,0.715810,19.623434,0
2020-09-30,sh.600846,9.1700,9.3100,9.1000,9.3000,9.1700,7867730,72363474.2400,1.259300,1,1.417700,7.182344,1.974403,0.725958,19.901629,0
2020-10-09,sh.600846,9.4300,9.4400,9.3400,9.3900,9.3000,7831476,73565323.3400,1.253500,1,0.967700,7.251851,1.993510,0.732984,20.094226,0
2020-10-12,sh.600846,9.4000,9.5500,9.3500,9.5400,9.3900,12843245,121820565.2600,2.055700,1,1.597400,7.367695,2.025355,0.744693,20.415220,0
2020-10-13,sh.600846,9.5200,9.5200,9.4200,9.4600,9.5400,8042933,76064168.3100,1.287400,1,-0.838600,7.305911,2.008371,0.738448,20.244023,0
2020-10-14,sh.600846,9.4600,9.5000,9.2400,9.2400,9.4600,12340409,115114146.2800,1.975200,1,-2.325600,7.136007,1.961665,0.721275,19.773232,0
2020-10-15,sh.600846,9.2300,9.2800,9.1700,9.1900,9.2400,7049541,64995967.9800,1.128400,1,-0.541100,7.097392,1.951050,0.717372,19.666234,0
2020-10-16,sh.600846,9.2100,9.3100,9.1800,9.2700,9.1900,5781540,53385233.2400,0.925400,1,0.870500,7.159175,1.968034,0.723616,19.837430,0
2020-10-19,sh.600846,9.3200,9.3600,9.1800,9.1900,9.2700,6240172,57849715.0100,0.998800,1,-0.863000,7.097392,1.951050,0.717372,19.666234,0
2020-10-20,sh.600846,9.2200,9.3500,9.1600,9.3400,9.1900,7358186,68308568.2400,1.177800,1,1.632200,7.213236,1.982895,0.729081,19.987228,0
2020-10-21,sh.600846,9.3200,9.3300,9.2000,9.2700,9.3400,5024095,46520014.8500,0.804200,1,-0.749500,7.159175,1.968034,0.723616,19.837430,0
2020-10-22,sh.600846,9.2600,9.3000,9.1800,9.2400,9.2700,4351082,40216742.2800,0.696400,1,-0.323600,7.136007,1.961665,0.721275,19.773232,0
2020-10-23,sh.600846,9.2300,9.3300,9.0800,9.0800,9.2400,7063381,64838406.3500,1.130600,1,-1.731600,7.012439,1.927697,0.708785,19.430838,0
2020-10-26,sh.600846,9.0700,9.0700,8.8600,8.9400,9.0800,11353784,101430134.8800,1.817300,1,-1.541900,6.904318,1.897975,0.697857,19.131244,0
2020-10-27,sh.600846,8.9000,9.0300,8.8600,8.9900,8.9400,5375486,48087882.9900,0.860400,1,0.559300,6.942933,1.908590,0.701760,19.238242,0
2020-10-28,sh.600846,9.0000,9.0200,8.8000,8.9700,8.9900,6757654,60234661.9000,1.081600,1,-0.222500,6.927487,1.904344,0.700198,19.195442,0
2020-10-29,sh.600846,8.8900,9.0900,8.8400,9.0800,8.9700,7637386,68646490.5000,1.222400,1,1.226300,7.012439,1.927697,0.708785,19.430838,0
2020-10-30,sh.600846,8.9400,8.9900,8.4100,8.4600,9.0800,25686063,221935706.4300,4.111300,1,-6.828200,7.644602,1.755556,0.787603,-7.154709,0
2020-11-02,sh.600846,8.4100,8.4600,8.0700,8.1900,8.4600,15787789,129286705.1900,2.527000,1,-3.191500,7.400626,1.699528,0.762467,-6.926367,0
2020-11-03,sh.600846,8.2200,8.3100,8.1600,8.2700,8.1900,11229008,92612882.1000,1.797300,1,0.976800,7.472915,1.716129,0.769914,-6.994024,0
2020-11-04,sh.600846,8.2800,8.2800,8.1400,8.1900,8.2700,8317854,68109651.4300,1.331400,1,-0.967400,7.400626,1.699528,0.762467,-6.926367,0
2020-11-05,sh.600846,8.2300,8.3400,8.2200,8.3300,8.1900,10233465,84731803.5800,1.638000,1,1.709400,7.527132,1.728580,0.775500,-7.044767,0
2020-11-06,sh.600846,8.3400,8.3500,8.2300,8.2700,8.3300,7392798,61065096.5200,1.183300,1,-0.720300,7.472915,1.716129,0.769914,-6.994024,0
2020-11-09,sh.600846,8.2800,8.5000,8.2700,8.4400,8.2700,11197492,94413805.6200,1.792300,1,2.055600,7.626530,1.751406,0.785741,-7.137795,0
2020-11-10,sh.600846,8.4800,8.5400,8.3600,8.4000,8.4400,7083968,59745592.8400,1.133900,1,-0.473900,7.590385,1.743106,0.782017,-7.103966,0
2020-11-11,sh.600846,8.3900,8.4000,8.2900,8.3200,8.4000,4673151,38940285.1500,0.748000,1,-0.952400,7.518096,1.726505,0.774569,-7.036310,0
2020-11-12,sh.600846,8.3200,8.3700,8.2700,8.3500,8.3200,4682284,38935610.3400,0.749500,1,0.360600,7.545205,1.732730,0.777362,-7.061681,0
2020-11-13,sh.600846,8.3000,8.3200,8.2400,8.2800,8.3500,4346362,35932443.3900,0.695700,1,-0.838300,7.481951,1.718204,0.770845,-7.002481,0
2020-11-16,sh.600846,8.2800,8.4000,8.2800,8.4000,8.2800,5170947,43162781.9000,0.827700,1,1.449300,7.590385,1.743106,0.782017,-7.103966,0
2020-11-17,sh.600846,8.4000,8.4400,8.3600,8.4400,8.4000,5564980,46807743.1400,0.890700,1,0.476200,7.626530,1.751406,0.785741,-7.137795,0
2020-11-18,sh.600846,8.4400,8.4700,8.4100,8.4600,8.4400,4839700,40877799.4500,0.774600,1,0.237000,7.644602,1.755556,0.787603,-7.154709,0
2020-11-19,sh.600846,8.4600,8.5000,8.4200,8.4800,8.4600,5470488,46335492.1600,0.875600,1,0.236400,7.662675,1.759707,0.789465,-7.171623,0
2020-11-20,sh.600846,8.4900,8.5000,8.4300,8.4900,8.4800,4783805,40489585.9900,0.765700,1,0.117900,7.671711,1.761782,0.790396,-7.180080,0
2020-11-23,sh.600846,8.4900,8.5400,8.4600,8.5000,8.4900,5722597,48658361.6000,0.916000,1,0.117800,7.680747,1.763857,0.791327,-7.188537,0
2020-11-24,sh.600846,8.5100,8.5400,8.4500,8.4600,8.5000,4837500,41088976.0000,0.774300,1,-0.470600,7.644602,1.755556,0.787603,-7.154709,0
2020-11-25,sh.600846,8.4700,8.6400,8.4500,8.4900,8.4600,8325848,71094692.2600,1.332600,1,0.354600,7.671711,1.761782,0.790396,-7.180080,0
2020-11-26,sh.600846,8.4500,8.4900,8.3500,8.3900,8.4900,4673661,39276510.3500,0.748100,1,-1.177900,7.581349,1.741031,0.781086,-7.095509,0
2020-11-27,sh.600846,8.4000,8.4500,8.3500,8.4300,8.3900,2859807,24009350.2700,0.457700,1,0.476800,7.617494,1.749331,0.784810,-7.129338,0
2020-11-30,sh.600846,8.4300,8.5200,8.4300,8.4700,8.4300,4771255,40490873.5900,0.763700,1,0.474500,7.653639,1.757632,0.788534,-7.163166,0
2020-12-01,sh.600846,8.4500,8.5300,8.4300,8.5200,8.4700,4714297,40040332.8100,0.754600,1,0.590300,7.698819,1.768007,0.793189,-7.205452,0
2020-12-02,sh.600846,8.5300,8.5500,8.4900,8.5300,8.5200,4047101,34478724.5400,0.647800,1,0.117400,7.707856,1.770082,0.794120,-7.213909,0
2020-12-03,sh.600846,8.5000,8.5200,8.4400,8.4800,8.5300,4547163,38511598.1100,0.727800,1,-0.586200,7.662675,1.759707,0.789465,-7.171623,0
2020-12-04,sh.600846,8.4800,8.4900,8.4300,8.4700,8.4800,2874468,24291002.9800,0.460100,1,-0.117900,7.653639,1.757632,0.788534,-7.163166,0
2020-12-07,sh.600846,8.4800,8.5300,8.4600,8.4900,8.4700,3787830,32185585.1600,0.606300,1,0.236100,7.671711,1.761782,0.790396,-7.180080,0
2020-12-08,sh.600846,8.5000,8.5400,8.4700,8.4800,8.4900,3027460,25728690.0000,0.484600,1,-0.117800,7.662675,1.759707,0.789465,-7.171623,0
2020-12-09,sh.600846,8.4600,8.4700,8.2800,8.2900,8.4800,5591332,46721696.8000,0.895000,1,-2.240600,7.490988,1.720279,0.771776,-7.010938,0
2020-12-10,sh.600846,8.2800,8.3300,8.2100,8.3100,8.2900,3342418,27656011.9400,0.535000,1,0.241300,7.509060,1.724430,0.773638,-7.027852,0
2020-12-11,sh.600846,8.3000,8.3200,8.1300,8.1900,8.3100,4342449,35638673.1000,0.695100,1,-1.444000,7.400626,1.699528,0.762467,-6.926367,0
2020-12-14,sh.600846,8.1800,8.2400,8.1300,8.2100,8.1900,2177371,17843317.5100,0.348500,1,0.244200,7.418698,1.703678,0.764329,-6.943281,0
2020-12-15,sh.600846,8.2100,8.2900,8.1700,8.2600,8.2100,2892636,23844361.1300,0.463000,1,0.609000,7.463879,1.714054,0.768984,-6.985567,0
2020-12-16,sh.600846,8.2600,8.3000,8.1700,8.1900,8.2600,2798687,22984689.3000,0.448000,1,-0.847500,7.400626,1.699528,0.762467,-6.926367,0
2020-12-17,sh.600846,8.1800,8.2500,8.0800,8.2500,8.1900,3690236,30121615.0100,0.590700,1,0.732600,7.454843,1.711979,0.768053,-6.977110,0
2020-12-18,sh.600846,8.2600,8.2700,8.2000,8.2200,8.2500,2101902,17302020.4000,0.336400,1,-0.363600,7.427734,1.705753,0.765260,-6.951739,0
2020-12-21,sh.600846,8.2100,8.3400,8.1800,8.3100,8.2200,3323023,27565938.3000,0.531900,1,1.094900,7.509060,1.724430,0.773638,-7.027852,0
2020-12-22,sh.600846,8.3000,8.3100,8.1700,8.1900,8.3100,3022633,24913915.1300,0.483800,1,-1.444000,7.400626,1.699528,0.762467,-6.926367,0
2020-12-23,sh.600846,8.1600,8.2400,8.1600,8.2100,8.1900,2723496,22326379.2400,0.435900,1,0.244200,7.418698,1.703678,0.764329,-6.943281,0
2020-12-24,sh.600846,8.2100,8.2100,8.0800,8.1000,8.2100,3709435,30139600.4000,0.593700,1,-1.339800,7.319300,1.680852,0.754088,-6.850253,0
2020-12-25,sh.600846,8.1000,8.1800,8.0900,8.1700,8.1000,2038888,16612985.8800,0.326300,1,0.864200,7.382553,1.695378,0.760605,-6.909453,0
2020-12-28,sh.600846,8.2000,8.2100,8.1000,8.1300,8.1700,3026268,24596926.8300,0.484400,1,-0.489600,7.346409,1.687077,0.756881,-6.875625,0
2020-12-29,sh.600846,8.1100,8.2300,8.1100,8.1500,8.1300,3274460,26795990.0000,0.524100,1,0.246000,7.364481,1.691228,0.758743,-6.892539,0
2020-12-30,sh.600846,8.1300,8.2000,8.1100,8.1800,8.1500,2700435,22065192.7000,0.432200,1,0.368100,7.391590,1.697453,0.761536,-6.917910,0
2020-12-31,sh.600846,8.2200,8.2700,8.1700,8.2600,8.1800,3706357,30531080.5600,0.593200,1,0.978000,7.463879,1.714054,0.768984,-6.985567,0
2021-01-04,sh.600846,8.2600,8.3200,8.2200,8.3100,8.2600,4493261,37186240.3400,0.719200,1,0.605300,7.509060,1.724430,0.773638,-7.027852,0
2021-01-05,sh.600846,8.2900,8.3000,8.2200,8.2600,8.3100,4353892,35870952.3600,0.696900,1,-0.601700,7.463879,1.714054,0.768984,-6.985567,0
2021-01-06,sh.600846,8.2400,8.2600,8.1500,8.1800,8.2600,4763606,38999581.4600,0.762500,1,-0.968500,7.391590,1.697453,0.761536,-6.917910,0
2021-01-07,sh.600846,8.1900,8.1900,7.7800,7.8500,8.1800,10104734,80164371.2300,1.617400,1,-4.034200,7.093396,1.628974,0.730814,-6.638826,0
2021-01-08,sh.600846,7.8700,7.9100,7.7700,7.8600,7.8500,4824242,37861008.4700,0.772200,1,0.127400,7.102432,1.631049,0.731745,-6.647283,0
2021-01-11,sh.600846,7.8600,7.8700,7.5800,7.6300,7.8600,6591681,50815267.9400,1.055100,1,-2.926200,6.894600,1.583321,0.710332,-6.452769,0
2021-01-12,sh.600846,7.6700,7.8000,7.6700,7.7600,7.6300,4506449,34929954.8700,0.721300,1,1.703800,7.012070,1.610298,0.722435,-6.562712,0
2021-01-13,sh.600846,7.7800,7.8300,7.6100,7.7700,7.7600,4752401,36649552.9000,0.760700,1,0.128900,7.021107,1.612373,0.723366,-6.571169,0
2021-01-14,sh.600846,7.7500,7.9100,7.7100,7.8200,7.7700,4093919,32077248.8900,0.655300,1,0.643500,7.066287,1.622748,0.728021,-6.613454,0
2021-01-15,sh.600846,7.8200,7.9100,7.8100,7.8400,7.8200,3283533,25772502.4300,0.525600,1,0.255800,7.084360,1.626899,0.729883,-6.630369,0
2021-01-18,sh.600846,7.8400,7.9000,7.8100,7.8700,7.8400,2864827,22536349.9300,0.458500,1,0.382700,7.111468,1.633124,0.732676,-6.655740,0
2021-01-19,sh.600846,7.8600,7.9200,7.8200,7.9000,7.8700,3825777,30125541.0000,0.612400,1,0.381200,7.138577,1.639349,0.735468,-6.681111,0
2021-01-20,sh.600846,7.9000,7.9200,7.8500,7.8700,7.9000,2513700,19789063.1900,0.402300,1,-0.379700,7.111468,1.633124,0.732676,-6.655740,0
2021-01-21,sh.600846,7.8900,7.9400,7.8600,7.8900,7.8700,3938600,31099688.9700,0.630400,1,0.254100,7.129541,1.637274,0.734538,-6.672654,0
2021-01-22,sh.600846,7.8600,7.8900,7.6600,7.6800,7.8900,5389700,41679504.0000,0.862700,1,-2.661600,6.939781,1.593697,0.714987,-6.495055,0
2021-01-25,sh.600846,7.6500,7.6700,7.5600,7.5700,7.6800,4377688,33311772.1600,0.700700,1,-1.432300,6.840383,1.570870,0.704746,-6.402027,0
2021-01-26,sh.600846,7.5700,7.7500,7.5400,7.6600,7.5700,3462531,26540951.8200,0.554200,1,1.188900,6.921709,1.589546,0.713125,-6.478141,0
2021-01-27,sh.600846,7.6200,7.6700,7.5600,7.6200,7.6600,2432263,18546314.4100,0.389300,1,-0.522200,6.885564,1.581246,0.709401,-6.444312,0
2021-01-28,sh.600846,7.6000,7.6500,7.5500,7.5600,7.6200,2321759,17624491.0800,0.371600,1,-0.787400,6.831347,1.568795,0.703815,-6.393570,0
2021-01-29,sh.600846,7.5700,7.6200,7.4300,7.5000,7.5600,2653770,19962286.7500,0.424800,1,-0.793700,6.777130,1.556344,0.698230,-6.342827,0
2021-02-01,sh.600846,7.4700,7.4900,7.3900,7.4500,7.5000,3646301,27094446.1900,0.583600,1,-0.666700,6.731949,1.545969,0.693575,-6.300542,0
2021-02-02,sh.600846,7.4700,7.7800,7.4500,7.7100,7.4500,6555931,50319956.3300,1.049300,1,3.489900,6.966889,1.599922,0.717780,-6.520426,0
2021-02-03,sh.600846,8.4000,8.4500,7.8800,7.9400,7.7100,18938012,154470306.7400,3.031200,1,2.983100,7.174721,1.647650,0.739192,-6.714940,0
2021-02-04,sh.600846,7.8000,8.1300,7.7300,7.9900,7.9400,10795270,85805406.1400,1.727900,1,0.629700,7.219902,1.658026,0.743847,-6.757225,0
2021-02-05,sh.600846,8.0000,8.0300,7.8200,7.8700,7.9900,5749056,45291597.1900,0.920200,1,-1.501900,7.111468,1.633124,0.732676,-6.655740,0
2021-02-08,sh.600846,7.8700,8.0200,7.8100,7.9300,7.8700,4498097,35701448.6900,0.720000,1,0.762400,7.165685,1.645575,0.738261,-6.706483,0
2021-02-09,sh.600846,7.9500,8.2100,7.8900,8.1900,7.9300,8875014,71911296.3200,1.420500,1,3.278700,7.400626,1.699528,0.762467,-6.926367,0
2021-02-10,sh.600846,8.1600,8.4200,8.1400,8.3700,8.1900,10095916,83850252.4600,1.616000,1,2.197800,7.563277,1.736880,0.779224,-7.078595,0
2021-02-18,sh.600846,8.5300,8.5900,8.3800,8.3800,8.3700,8848056,74965982.3800,1.416200,1,0.119500,7.572313,1.738955,0.780155,-7.087052,0
2021-02-19,sh.600846,8.5800,8.5800,8.4200,8.5500,8.3800,7152770,60793405.8900,1.144900,1,2.028600,7.725928,1.774233,0.795982,-7.230823,0
2021-02-22,sh.600846,8.5500,9.0500,8.5400,8.8200,8.5500,20051546,177606742.0400,3.209500,1,3.157900,7.969905,1.830261,0.821118,-7.459165,0
2021-02-23,sh.600846,8.8500,9.7000,8.7100,9.5700,8.8200,47741313,450034689.6400,7.641500,1,8.503400,8.647618,1.985895,0.890941,-8.093447,0
2021-02-24,sh.600846,9.9000,10.3400,9.7500,10.0500,9.5700,49724572,498600703.5100,7.959000,1,5.015700,9.081354,2.085501,0.935628,-8.499388,0
2021-02-25,sh.600846,10.0500,10.2800,9.7500,10.0500,10.0500,32124550,322725153.4200,5.141900,1,0.000000,9.081354,2.085501,0.935628,-8.499388,0
2021-02-26,sh.600846,9.8200,10.0000,9.2500,9.4000,10.0500,34044665,326689191.2600,5.449200,1,-6.467700,8.494003,1.950618,0.875114,-7.949677,0
2021-03-01,sh.600846,9.4600,10.3400,9.3500,10.3400,9.4000,39194847,395805018.4000,6.273600,1,10.000000,9.343403,2.145680,0.962626,-8.744644,0
2021-03-02,sh.600846,10.5000,10.5500,9.8500,9.8800,10.3400,38383695,389168440.4100,6.143700,1,-4.448700,8.927739,2.050224,0.919801,-8.355618,0
2021-03-03,sh.600846,9.7800,10.1400,9.7800,9.9800,9.8800,21417855,213529021.2400,3.428200,1,1.012100,9.018101,2.070976,0.929111,-8.440189,0
2021-03-04,sh.600846,9.8800,10.0400,9.7300,9.8900,9.9800,17593256,173924732.4300,2.816000,1,-0.901800,8.936775,2.052299,0.920732,-8.364075,0
2021-03-05,sh.600846,9.7800,10.3700,9.7500,10.3200,9.8900,28643047,290157864.7200,4.584600,1,4.347800,9.325331,2.141530,0.960764,-8.727730,0
2021-03-08,sh.600846,10.2500,10.3000,9.8800,9.9100,10.3200,21565628,216380960.8700,3.451800,1,-3.972900,8.954848,2.056450,0.922594,-8.380989,0
2021-03-09,sh.600846,9.8800,10.0100,9.1800,9.5100,9.9100,19962529,191747133.5600,3.195200,1,-4.036300,8.593401,1.973445,0.885355,-8.042705,0
2021-03-10,sh.600846,9.6100,9.6700,9.3900,9.4500,9.5100,8696636,82738343.0000,1.392000,1,-0.630900,8.539184,1.960994,0.879769,-7.991962,0
2021-03-11,sh.600846,9.6100,10.1900,9.5100,9.9800,9.4500,25266795,248294968.2600,4.044200,1,5.608500,9.018101,2.070976,0.929111,-8.440189,0
2021-03-12,sh.600846,9.9100,10.0000,9.7700,9.8500,9.9800,13340169,131612537.3100,2.135200,1,-1.302600,8.900631,2.043999,0.917008,-8.330246,0
2021-03-15,sh.600846,9.8000,9.8500,9.6000,9.8100,9.8500,10290231,99906300.9200,1.647100,1,-0.406100,8.864486,2.035698,0.913284,-8.296418,0
2021-03-16,sh.600846,9.8200,9.8400,9.6600,9.8000,9.8100,8446277,82424571.7900,1.351900,1,-0.101900,8.855450,2.033623,0.912353,-8.287961,0
2021-03-17,sh.600846,9.7800,9.8700,9.6000,9.8500,9.8000,10204520,99105459.8600,1.633300,1,0.510200,8.900631,2.043999,0.917008,-8.330246,0
2021-03-18,sh.600846,9.8300,10.0800,9.6600,9.6600,9.8500,15275354,150316399.9600,2.445000,1,-1.928900,8.728943,2.004572,0.899320,-8.169561,0
2021-03-19,sh.600846,9.5800,9.7800,9.4500,9.4700,9.6600,11760470,112620135.3600,1.882400,1,-1.966900,8.557256,1.965144,0.881631,-8.008876,0
2021-03-22,sh.600846,9.4500,9.5800,9.4200,9.4900,9.4700,7471708,70937693.7100,1.195900,1,0.211200,8.575328,1.969294,0.883493,-8.025791,0
2021-03-23,sh.600846,9.5000,10.4400,9.4600,10.4400,9.4900,55049119,563256610.6400,8.811200,1,10.010500,9.433765,2.166431,0.971936,-8.829215,0
2021-03-24,sh.600846,10.1200,10.2600,9.6600,9.9000,10.4400,35750086,356295853.4500,5.722200,1,-5.172400,8.945811,2.054375,0.921663,-8.372532,0
2021-03-25,sh.600846,9.8100,10.1000,9.7000,9.9300,9.9000,16445998,163078445.7400,2.632400,1,0.303000,8.972920,2.060600,0.924456,-8.397903,0
2021-03-26,sh.600846,9.9300,10.1300,9.8900,10.0700,9.9300,14605066,146333767.9100,2.337700,1,1.409900,9.099426,2.089652,0.937490,-8.516303,0
2021-03-29,sh.600846,10.0700,10.3000,9.9700,10.1500,10.0700,14303772,144919679.4800,2.289500,1,0.794400,9.171716,2.106253,0.944937,-8.583959,0
2021-03-30,sh.600846,10.2000,10.2700,9.9700,10.0200,10.1500,9128609,91830594.5000,1.461100,1,-1.280800,9.054245,2.079276,0.932835,-8.474017,0
2021-03-31,sh.600846,10.0000,10.2500,10.0000,10.0700,10.0200,8134167,82301167.2900,1.302000,1,0.499000,9.099426,2.089652,0.937490,-8.516303,0
2021-04-01,sh.600846,10.0400,10.7600,9.9300,10.5100,10.0700,22000996,229804851.1000,3.521500,1,4.369400,9.497018,2.180957,0.978452,-8.888415,0
2021-04-02,sh.600846,10.4500,10.7300,10.3500,10.5500,10.5100,13474375,142233293.5900,2.156700,1,0.380600,9.533163,2.189258,0.982176,-8.922244,0
2021-04-06,sh.600846,10.5100,10.7000,10.3700,10.4600,10.5500,10818634,113507111.3800,1.731600,1,-0.853100,9.451837,2.170582,0.973798,-8.846130,0
2021-04-07,sh.600846,10.4000,10.4600,10.1000,10.2500,10.4600,12153710,124145704.5400,1.945300,1,-2.007600,9.262077,2.127004,0.954247,-8.668530,0
2021-04-08,sh.600846,10.2100,10.3500,10.1100,10.1600,10.2500,7248500,73898443.9400,1.160200,1,-0.878000,9.180752,2.108328,0.945868,-8.592417,0
2021-04-09,sh.600846,10.1300,10.2500,10.0900,10.1700,10.1600,6320430,64172038.0100,1.011700,1,0.098400,9.189788,2.110403,0.946799,-8.600874,0
2021-04-12,sh.600846,10.1900,10.2000,9.6200,9.6300,10.1700,14732054,144549376.8100,2.358000,1,-5.309700,8.701835,1.998346,0.896527,-8.144190,0
2021-04-13,sh.600846,9.6400,9.6900,9.4600,9.5700,9.6300,5923984,56742249.3900,0.948200,1,-0.623100,8.647618,1.985895,0.890941,-8.093447,0
2021-04-14,sh.600846,9.5400,9.8300,9.5400,9.7200,9.5700,4665539,45289097.0000,0.746800,1,1.567400,8.783160,2.017022,0.904906,-8.220304,0
2021-04-15,sh.600846,9.7000,9.7200,9.5700,9.7200,9.7200,3443715,33228421.6000,0.551200,1,0.000000,8.783160,2.017022,0.904906,-8.220304,0
2021-04-16,sh.600846,9.7200,9.8300,9.6500,9.7600,9.7200,4275320,41764473.4600,0.684300,1,0.411500,8.819305,2.025323,0.908629,-8.254132,0
2021-04-19,sh.600846,9.7200,9.8500,9.6900,9.8300,9.7600,4306957,42253164.1200,0.689400,1,0.717200,8.882558,2.039849,0.915146,-8.313332,0
2021-04-20,sh.600846,9.8000,10.0900,9.7800,9.9700,9.8300,7139115,71282315.9700,1.142700,1,1.424200,9.009065,2.068900,0.928180,-8.431732,0
2021-04-21,sh.600846,9.9100,10.1200,9.8800,9.9700,9.9700,4275458,42686214.7900,0.684300,1,0.000000,9.009065,2.068900,0.928180,-8.431732,0
2021-04-22,sh.600846,9.9000,10.0300,9.9000,9.9700,9.9700,3571186,35594364.7000,0.571600,1,0.000000,9.009065,2.068900,0.928180,-8.431732,0
2021-04-23,sh.600846,9.9800,9.9900,9.6400,9.6900,9.9700,6743181,65660928.5800,1.079300,1,-2.808400,8.756052,2.010797,0.902113,-8.194933,0
2021-04-26,sh.600846,9.6800,10.3500,9.6300,10.0000,9.6900,11621251,116946369.6100,1.860100,1,3.199200,9.036173,2.075126,0.930973,-8.457103,0
2021-04-27,sh.600846,10.0400,10.1400,9.6900,9.7300,10.0000,11026892,108893622.4100,1.765000,1,-2.700000,8.792196,2.019097,0.905837,-8.228761,0
2021-04-28,sh.600846,9.7100,9.8300,9.6400,9.7700,9.7300,5552676,53924706.8900,0.888800,1,0.411100,8.828341,2.027398,0.909560,-8.262589,0
2021-04-29,sh.600846,9.7700,9.7700,9.7700,9.7700,9.7700,0,0.0000,,0,0.000000,8.828341,2.027398,0.909560,-8.262589,0
2021-04-30,sh.600846,9.7700,9.7700,9.7700,9.7700,9.7700,0,0.0000,,0,0.000000,10.318964,1.966747,0.971297,-9.942721,0
2021-05-06,sh.600846,9.7300,9.7400,8.7900,8.8000,9.7700,17730221,158638486.7100,2.837900,1,-9.928400,9.294461,1.771482,0.874863,-8.955573,0
2021-05-07,sh.600846,8.7900,8.9300,8.6900,8.7800,8.8000,6888846,60578768.9200,1.102600,1,-0.227300,9.273337,1.767456,0.872875,-8.935219,0
2021-05-10,sh.600846,8.7200,8.7700,8.4200,8.5200,8.7800,8397244,71417318.7600,1.344100,1,-2.961300,8.998728,1.715117,0.847026,-8.670623,0
2021-05-11,sh.600846,8.4800,8.5400,8.3800,8.5400,8.5200,5925152,50094764.0900,0.948400,1,0.234700,9.019852,1.719143,0.849015,-8.690976,0
2021-05-12,sh.600846,8.5200,8.6100,8.4500,8.5800,8.5400,4376539,37404912.6300,0.700500,1,0.468400,9.062099,1.727195,0.852991,-8.731684,0
2021-05-13,sh.600846,8.5500,8.6200,8.4400,8.5100,8.5800,4973189,42462101.5500,0.796000,1,-0.815900,8.988166,1.713103,0.846032,-8.660446,0
2021-05-14,sh.600846,8.5600,8.7300,8.5400,8.6800,8.5100,5382497,46601201.1200,0.861500,1,1.997600,9.167718,1.747325,0.862933,-8.833451,0
2021-05-17,sh.600846,8.6800,8.6800,8.5300,8.5500,8.6800,4333201,37150268.6000,0.693600,1,-1.497700,9.030413,1.721156,0.850009,-8.701153,0
2021-05-18,sh.600846,8.5100,8.6600,8.4700,8.6300,8.5500,3980340,34111848.8500,0.637100,1,0.935700,9.114909,1.737260,0.857962,-8.782568,0
2021-05-19,sh.600846,8.6000,8.6800,8.5600,8.6300,8.6300,4117999,35507631.8800,0.659100,1,0.000000,9.114909,1.737260,0.857962,-8.782568,0
2021-05-20,sh.600846,8.5800,8.6100,8.4900,8.5200,8.6300,3065881,26121432.1300,0.490700,1,-1.274600,8.998728,1.715117,0.847026,-8.670623,0
2021-05-21,sh.600846,8.5400,8.5700,8.5100,8.5100,8.5200,2345481,20005889.1800,0.375400,1,-0.117400,8.988166,1.713103,0.846032,-8.660446,0
2021-05-24,sh.600846,8.5100,8.5200,8.4200,8.4600,8.5100,3839763,32457054.8800,0.614600,1,-0.587500,8.935356,1.703038,0.841061,-8.609562,0
2021-05-25,sh.600846,8.4200,8.5400,8.4000,8.5100,8.4600,3673912,31136264.0000,0.588100,1,0.591000,8.988166,1.713103,0.846032,-8.660446,0
2021-05-26,sh.600846,8.5200,8.5900,8.5100,8.5500,8.5100,3309398,28291080.5600,0.529700,1,0.470000,9.030413,1.721156,0.850009,-8.701153,0
2021-05-27,sh.600846,8.5400,8.5900,8.5300,8.5800,8.5500,3493423,29909275.0300,0.559200,1,0.350900,9.062099,1.727195,0.852991,-8.731684,0
2021-05-28,sh.600846,8.7000,8.7000,8.5200,8.5300,8.5800,4143284,35562056.5200,0.663200,1,-0.582800,9.009290,1.717130,0.848021,-8.680800,0
2021-05-31,sh.600846,8.5600,8.6100,8.4500,8.6100,8.5300,4101404,34845799.8000,0.656500,1,0.937900,9.093785,1.733234,0.855974,-8.762214,0
2021-06-01,sh.600846,8.6000,8.6000,8.5300,8.5800,8.6100,2687613,23025381.0300,0.430200,1,-0.348400,9.062099,1.727195,0.852991,-8.731684,0
2021-06-02,sh.600846,8.5500,8.5700,8.4600,8.4600,8.5800,3876310,32937998.8000,0.620400,1,-1.398600,8.935356,1.703038,0.841061,-8.609562,0
2021-06-03,sh.600846,8.5000,8.8100,8.4600,8.6700,8.4600,11079991,96149718.6100,1.773500,1,2.482300,9.157156,1.745312,0.861939,-8.823275,0
2021-06-04,sh.600846,8.6200,8.7200,8.5500,8.5900,8.6700,5651601,48671302.5600,0.904600,1,-0.922700,9.072661,1.729208,0.853985,-8.741860,0
2021-06-07,sh.600846,8.5600,8.5700,8.4500,8.5000,8.5900,4386118,37239770.8200,0.702000,1,-1.047700,8.977604,1.711090,0.845038,-8.650269,0
2021-06-08,sh.600846,8.5100,8.5700,8.4500,8.5600,8.5000,4187104,35677127.2300,0.670200,1,0.705900,9.040975,1.723169,0.851003,-8.711330,0
2021-06-09,sh.600846,8.5200,8.6400,8.4900,8.6000,8.5600,4620239,39595263.6300,0.739500,1,0.467300,9.083223,1.731221,0.854980,-8.752037,0
2021-06-10,sh.600846,8.5600,8.6100,8.4800,8.5200,8.6000,5882519,50124551.3400,0.941600,1,-0.930200,8.998728,1.715117,0.847026,-8.670623,0
2021-06-11,sh.600846,8.5200,8.5900,8.4600,8.4700,8.5200,3926001,33437094.2300,0.628400,1,-0.586900,8.945918,1.705051,0.842056,-8.619739,0
2021-06-15,sh.600846,8.4500,8.5200,8.4200,8.5000,8.4700,3373731,28557577.2200,0.540000,1,0.354200,8.977604,1.711090,0.845038,-8.650269,0
2021-06-16,sh.600846,8.4500,8.5100,8.4500,8.4900,8.5000,2597912,22014014.6400,0.415800,1,-0.117600,8.967042,1.709077,0.844044,-8.640092,0
2021-06-17,sh.600846,8.4800,8.5400,8.4700,8.5400,8.4900,2769970,23544575.8300,0.443400,1,0.588900,9.019852,1.719143,0.849015,-8.690976,0
2021-06-18,sh.600846,8.5400,9.1100,8.4800,8.8200,8.5400,14051048,123797758.5000,2.249000,1,3.278700,9.315584,1.775508,0.876851,-8.975926,0
2021-06-21,sh.600846,8.8200,9.0000,8.7000,8.8900,8.8200,8866420,78511576.1200,1.419200,1,0.793700,9.389518,1.789599,0.883810,-9.047164,0
2021-06-22,sh.600846,8.8600,8.9600,8.7700,8.8400,8.8900,5692557,50445831.4500,0.911200,1,-0.562400,9.336708,1.779534,0.878840,-8.996280,0
2021-06-23,sh.600846,8.8400,8.8800,8.7800,8.8200,8.8400,4007068,35327138.1000,0.641400,1,-0.226200,9.315584,1.775508,0.876851,-8.975926,0
2021-06-24,sh.600846,8.8100,8.9200,8.7700,8.8000,8.8200,3804000,33596345.9900,0.608900,1,-0.226800,9.294461,1.771482,0.874863,-8.955573,0
2021-06-25,sh.600846,8.7900,8.8700,8.7600,8.8600,8.8000,4506496,39755807.6400,0.721300,1,0.681800,9.357832,1.783560,0.880828,-9.016634,0
2021-06-28,sh.600846,8.9400,8.9700,8.8200,8.9300,8.8600,5536520,49294924.0200,0.886200,1,0.790100,9.431765,1.797651,0.887787,-9.087871,0
2021-06-29,sh.600846,8.9000,8.9000,8.5500,8.6000,8.9300,8041581,69547571.0200,1.287100,1,-3.695400,9.083223,1.731221,0.854980,-8.752037,0
2021-06-30,sh.600846,8.5900,8.6000,8.4700,8.5200,8.6000,4781645,40699803.5900,0.765400,1,-0.930200,8.998728,1.715117,0.847026,-8.670623,0
2021-07-01,sh.600846,8.5200,8.5500,8.4000,8.4100,8.5200,4277143,36183046.7900,0.684600,1,-1.291100,8.882547,1.692973,0.836091,-8.558678,0
2021-07-02,sh.600846,8.4500,8.4500,8.3100,8.3600,8.4100,3701028,30998259.9200,0.592400,1,-0.594500,8.829738,1.682908,0.831120,-8.507794,0
2021-07-05,sh.600846,8.3800,8.4000,8.3500,8.3800,8.3600,1966483,16469185.5400,0.314800,1,0.239200,8.850861,1.686934,0.833108,-8.528148,0
2021-07-06,sh.600846,8.3800,8.4400,8.3700,8.4300,8.3800,2266286,19037793.4300,0.362700,1,0.596700,8.903671,1.696999,0.838079,-8.579032,0
2021-07-07,sh.600846,8.4400,8.5500,8.3700,8.5400,8.4300,4489843,38010997.3200,0.718600,1,1.304900,9.019852,1.719143,0.849015,-8.690976,0
2021-07-08,sh.600846,8.4900,8.5400,8.4100,8.4400,8.5400,3155560,26739780.6000,0.505100,1,-1.171000,8.914233,1.699012,0.839073,-8.589209,0
2021-07-09,sh.600846,8.4500,8.4500,8.3300,8.4000,8.4400,3030314,25357223.1100,0.485000,1,-0.473900,8.871985,1.690960,0.835096,-8.548501,0
2021-07-12,sh.600846,8.4600,8.7200,8.4600,8.6700,8.4000,8106415,69796482.9300,1.297500,1,3.214300,9.157156,1.745312,0.861939,-8.823275,0
2021-07-13,sh.600846,8.6200,8.7000,8.5700,8.6300,8.6700,3863442,33316934.9300,0.618400,1,-0.461400,9.114909,1.737260,0.857962,-8.782568,0
2021-07-14,sh.600846,8.6700,8.6700,8.5500,8.6000,8.6300,3153029,27093302.8800,0.504700,1,-0.347600,9.083223,1.731221,0.854980,-8.752037,0
2021-07-15,sh.600846,8.6100,8.6400,8.3900,8.5500,8.6000,4558882,38813777.9900,0.729700,1,-0.581400,9.030413,1.721156,0.850009,-8.701153,0
2021-07-16,sh.600846,8.2500,8.3900,8.1800,8.1900,8.2300,5332579,44005667.4500,0.853500,1,-0.486000,8.650186,1.648686,0.814219,-8.334789,0
2021-07-19,sh.600846,8.2000,8.2700,8.0900,8.1100,8.1900,3488437,28362949.3700,0.558400,1,-0.976800,8.565690,1.632582,0.806266,-8.253375,0
2021-07-20,sh.600846,8.1000,8.1200,7.9200,8.0800,8.1100,5154901,41290701.9200,0.825100,1,-0.369900,8.534005,1.626542,0.803283,-8.222844,0
2021-07-21,sh.600846,8.0900,8.5800,8.0900,8.3500,8.0800,9676321,80785674.8500,1.548800,1,3.341600,8.819176,1.680895,0.830126,-8.497617,0
2021-07-22,sh.600846,8.3500,8.3900,8.2100,8.2700,8.3500,3786248,31329861.2500,0.606000,1,-0.958100,8.734681,1.664790,0.822172,-8.416203,0
2021-07-23,sh.600846,8.2700,8.2700,8.0100,8.1000,8.2700,5158828,41878113.9200,0.825700,1,-2.055600,8.555129,1.630569,0.805272,-8.243198,0
2021-07-26,sh.600846,8.1400,8.2100,8.0400,8.1400,8.1000,5541242,44941975.7500,0.886900,1,0.493800,8.597376,1.638621,0.809248,-8.283905,0
2021-07-27,sh.600846,8.1200,8.1700,7.9400,7.9500,8.1400,4131808,33295853.6400,0.661300,1,-2.334200,8.396700,1.600373,0.790359,-8.090546,0
2021-07-28,sh.600846,7.8900,7.9500,7.6800,7.7900,7.9500,4474014,34867416.8400,0.716100,1,-2.012600,8.227710,1.568164,0.774452,-7.927717,0
2021-07-29,sh.600846,7.8500,7.8900,7.7800,7.8000,7.7900,3218400,25157875.4400,0.515100,1,0.128400,8.238272,1.570177,0.775447,-7.937894,0
2021-07-30,sh.600846,7.7900,7.8400,7.6700,7.8300,7.8000,3024293,23511027.8700,0.484100,1,0.384600,8.269958,1.576216,0.778429,-7.968425,0
2021-08-02,sh.600846,7.8000,7.9600,7.7700,7.9500,7.8300,3865257,30421076.1300,0.618700,1,1.532600,8.396700,1.600373,0.790359,-8.090546,0
2021-08-03,sh.600846,7.9500,8.0300,7.9200,7.9400,7.9500,2909092,23201399.4800,0.465600,1,-0.125800,8.386138,1.598360,0.789365,-8.080369,0
2021-08-04,sh.600846,7.9200,7.9500,7.8100,7.9500,7.9400,2189960,17287009.0000,0.350500,1,0.125900,8.396700,1.600373,0.790359,-8.090546,0
2021-08-05,sh.600846,7.9200,7.9300,7.8100,7.8300,7.9500,3140876,24671369.2800,0.502700,1,-1.509400,8.269958,1.576216,0.778429,-7.968425,0
2021-08-06,sh.600846,7.8200,7.8300,7.7500,7.8100,7.8300,3165586,24631399.9400,0.506700,1,-0.255400,8.248834,1.572190,0.776441,-7.948071,0
2021-08-09,sh.600846,7.8300,7.9500,7.7900,7.9300,7.8100,3816626,30140456.5800,0.610900,1,1.536500,8.375576,1.596347,0.788371,-8.070192,0
2021-08-10,sh.600846,7.8800,7.9500,7.8600,7.9400,7.9300,2827925,22387633.8500,0.452600,1,0.126100,8.386138,1.598360,0.789365,-8.080369,0
2021-08-11,sh.600846,7.9500,8.2500,7.9400,8.1600,7.9400,7917985,64172756.8200,1.267400,1,2.770800,8.618500,1.642647,0.811237,-8.304258,0
2021-08-12,sh.600846,8.1500,8.2200,8.0300,8.1400,8.1600,5264401,42774177.0400,0.842600,1,-0.245100,8.597376,1.638621,0.809248,-8.283905,0
2021-08-13,sh.600846,8.1300,8.3900,8.0600,8.2800,8.1400,10271872,84668015.7100,1.644100,1,1.719900,8.745243,1.666803,0.823166,-8.426380,0
2021-08-16,sh.600846,8.3100,8.5500,8.2800,8.4000,8.2800,11713325,99074170.4100,1.874800,1,1.449300,8.871985,1.690960,0.835096,-8.548501,0
2021-08-17,sh.600846,8.4100,8.4400,8.1400,8.1900,8.4000,7968985,66069281.7600,1.275500,1,-2.500000,8.650186,1.648686,0.814219,-8.334789,0
2021-08-18,sh.600846,8.1800,8.3200,8.1000,8.2400,8.1900,4625312,37999157.0700,0.740300,1,0.610500,8.702995,1.658751,0.819190,-8.385673,0
2021-08-19,sh.600846,8.2300,8.2700,8.1300,8.2400,8.2400,4109616,33647191.4800,0.657800,1,0.000000,8.702995,1.658751,0.819190,-8.385673,0
2021-08-20,sh.600846,8.2300,8.2300,8.0300,8.1400,8.2400,3875377,31371075.4100,0.620300,1,-1.213600,8.597376,1.638621,0.809248,-8.283905,0
2021-08-23,sh.600846,8.1400,8.4600,8.1200,8.3300,8.1400,6493840,53966610.4600,1.039400,1,2.334200,8.798052,1.676869,0.828137,-8.477264,0
2021-08-24,sh.600846,8.3000,8.5500,8.2700,8.3500,8.3300,5941581,49766911.3100,0.951000,1,0.240100,8.819176,1.680895,0.830126,-8.497617,0
2021-08-25,sh.600846,8.3500,8.3600,8.2500,8.3300,8.3500,4082160,33916792.9400,0.653400,1,-0.239500,8.798052,1.676869,0.828137,-8.477264,0
2021-08-26,sh.600846,8.3300,8.4500,8.2500,8.3600,8.3300,7959442,66584154.8600,1.274000,1,0.360100,8.829738,1.682908,0.831120,-8.507794,0
2021-08-27,sh.600846,8.3600,8.5100,8.2900,8.4700,8.3600,7655749,64484203.6600,1.225400,1,1.315800,8.945918,1.705051,0.842056,-8.619739,0
2021-08-30,sh.600846,8.5100,8.7800,8.4500,8.5500,8.4700,14016235,120590772.5400,2.243500,1,0.944500,9.029061,1.685736,0.798392,-3.064516,0
2021-08-31,sh.600846,8.5500,8.7200,8.5000,8.6400,8.5500,9474367,81563491.9900,1.516500,1,1.052600,9.124104,1.703480,0.806796,-3.096774,0
2021-09-01,sh.600846,8.6000,8.7900,8.5000,8.6900,8.6400,10922002,94519148.5900,1.748200,1,0.578700,9.176905,1.713338,0.811465,-3.114696,0
2021-09-02,sh.600846,8.7000,8.9500,8.6400,8.9300,8.6900,14376857,127064494.8700,2.301200,1,2.761800,9.430352,1.760657,0.833876,-3.200717,0
2021-09-03,sh.600846,8.9000,8.9900,8.7500,8.8400,8.9300,11629802,103036073.1200,1.861500,1,-1.007800,9.335310,1.742913,0.825472,-3.168459,0
2021-09-06,sh.600846,8.8200,8.9900,8.7900,8.8400,8.8400,8634024,76350197.9200,1.382000,1,0.000000,9.335310,1.742913,0.825472,-3.168459,0
2021-09-07,sh.600846,8.8000,8.9300,8.7400,8.8000,8.8400,8273225,72858572.9900,1.324200,1,-0.452500,9.293068,1.735026,0.821737,-3.154122,0
2021-09-08,sh.600846,8.8100,8.8900,8.7700,8.8700,8.8000,8652355,76461841.5800,1.384900,1,0.795500,9.366991,1.748828,0.828273,-3.179212,0
2021-09-09,sh.600846,8.8600,9.0400,8.8100,9.0000,8.8700,11419896,102250921.7800,1.827900,1,1.465600,9.504275,1.774459,0.840413,-3.225807,0
2021-09-10,sh.600846,9.0000,9.1000,8.8300,8.8300,9.0000,10051302,89982537.0800,1.608800,1,-1.888900,9.324749,1.740941,0.824538,-3.164875,0
2021-09-13,sh.600846,8.7900,8.9900,8.7600,8.9000,8.8300,6928569,61712499.4200,1.109000,1,0.792800,9.398671,1.754742,0.831075,-3.189964,0
2021-09-14,sh.600846,8.9000,8.9500,8.6400,8.6600,8.9000,11281579,98763493.2400,1.805700,1,-2.696600,9.145224,1.707424,0.808664,-3.103943,0
2021-09-15,sh.600846,8.7600,8.7600,8.6200,8.7100,8.6600,6394043,55586169.6200,1.023400,1,0.577400,9.198026,1.717282,0.813333,-3.121864,0
2021-09-16,sh.600846,8.7500,8.8500,8.5400,8.5500,8.7100,6933768,60158400.3300,1.109800,1,-1.837000,9.029061,1.685736,0.798392,-3.064516,0
2021-09-17,sh.600846,8.5100,8.6300,8.3600,8.4800,8.5500,5060822,42951745.2300,0.810000,1,-0.818700,8.955139,1.671934,0.791856,-3.039427,0
2021-09-22,sh.600846,8.4100,8.5100,8.3300,8.4300,8.4800,4931884,41412172.1000,0.789400,1,-0.589600,8.902337,1.662076,0.787187,-3.021506,0
2021-09-23,sh.600846,8.4400,8.6300,8.4400,8.6200,8.4300,5886558,50324001.2500,0.942200,1,2.253900,9.102983,1.699537,0.804929,-3.089606,0
2021-09-24,sh.600846,8.6100,8.6400,8.3800,8.4000,8.6200,5231101,44460099.4000,0.837300,1,-2.552200,8.870656,1.656161,0.784385,-3.010753,0
2021-09-27,sh.600846,8.4200,8.4500,8.0400,8.1000,8.4000,5957806,48847778.4300,0.953600,1,-3.571400,8.553847,1.597013,0.756371,-2.903226,0
2021-09-28,sh.600846,8.1100,8.1900,8.0200,8.1500,8.1000,3505635,28432924.0000,0.561100,1,0.617300,8.606649,1.606871,0.761040,-2.921147,0
2021-09-29,sh.600846,8.1000,8.1700,8.0200,8.0800,8.1500,4072228,32945339.9900,0.651800,1,-0.858900,8.532726,1.593070,0.754504,-2.896058,0
2021-09-30,sh.600846,8.0900,8.1100,8.0100,8.0500,8.0800,4094268,32956086.8300,0.655300,1,-0.371300,8.501046,1.587155,0.751703,-2.885305,0
2021-10-08,sh.600846,8.0800,8.1800,8.0800,8.1600,8.0500,3676181,29891569.3400,0.588400,1,1.366500,8.617209,1.608842,0.761974,-2.924731,0
2021-10-11,sh.600846,8.1400,8.1600,8.0600,8.1000,8.1600,2664126,21588765.2300,0.426400,1,-0.735300,8.553847,1.597013,0.756371,-2.903226,0
2021-10-12,sh.600846,8.0600,8.1000,7.8800,7.9500,8.1000,4657854,37114469.3000,0.745500,1,-1.851900,8.395443,1.567438,0.742365,-2.849463,0
2021-10-13,sh.600846,7.9500,7.9700,7.8500,7.9500,7.9500,2051565,16239851.8000,0.328400,1,0.000000,8.395443,1.567438,0.742365,-2.849463,0
2021-10-14,sh.600846,7.9500,8.0000,7.9000,7.9700,7.9500,1829077,14541324.3800,0.292800,1,0.251600,8.416563,1.571382,0.744232,-2.856631,0
2021-10-15,sh.600846,7.9500,8.0000,7.9000,7.9500,7.9700,1870808,14890174.6100,0.299400,1,-0.250900,8.395443,1.567438,0.742365,-2.849463,0
2021-10-18,sh.600846,7.9500,7.9900,7.9000,7.9800,7.9500,2123270,16876310.0200,0.339900,1,0.377400,8.427123,1.573353,0.745166,-2.860215,0
2021-10-19,sh.600846,7.9900,8.0500,7.9500,8.0400,7.9800,2484759,19922397.0800,0.397700,1,0.751900,8.490485,1.585183,0.750769,-2.881721,0
2021-10-20,sh.600846,8.0100,8.0200,7.9200,7.9400,8.0400,2098800,16701003.4000,0.335900,1,-1.243800,8.384882,1.565467,0.741431,-2.845878,0
2021-10-21,sh.600846,7.9300,7.9700,7.9000,7.9100,7.9400,1808192,14331751.4200,0.289400,1,-0.377800,8.353201,1.559552,0.738629,-2.835126,0
2021-10-22,sh.600846,7.8800,7.9600,7.8600,7.8600,7.9100,2021900,15962179.0000,0.323600,1,-0.632100,8.300400,1.549694,0.733960,-2.817204,0
2021-10-25,sh.600846,7.8200,7.8600,7.7700,7.8000,7.8600,3042991,23730477.1600,0.487100,1,-0.763400,8.237038,1.537864,0.728358,-2.795699,0
2021-10-26,sh.600846,7.8200,7.8500,7.7700,7.8200,7.8000,2132635,16666930.8400,0.341400,1,0.256400,8.258159,1.541807,0.730225,-2.802868,0
2021-10-27,sh.600846,7.8300,7.8400,7.6700,7.7300,7.8200,2446065,18892764.5700,0.391500,1,-1.150900,8.163116,1.524063,0.721821,-2.770609,0
2021-10-28,sh.600846,7.7200,7.7200,7.5600,7.5800,7.7300,2438502,18552390.3500,0.390300,1,-1.940500,8.004711,1.494488,0.707814,-2.716846,0
2021-10-29,sh.600846,7.6000,7.7200,7.5900,7.6900,7.5800,1661216,12722173.9000,0.265900,1,1.451200,8.120875,1.516176,0.718086,-2.756273,0
2021-11-01,sh.600846,7.6500,7.7700,7.6100,7.7400,7.6900,2408771,18555957.9500,0.385600,1,0.650200,8.177670,1.503755,0.765990,-12.021579,0
2021-11-02,sh.600846,7.7400,7.7600,7.5200,7.6100,7.7400,3164775,24166614.5000,0.506600,1,-1.679600,8.040319,1.478498,0.753124,-11.819667,0
2021-11-03,sh.600846,7.5800,7.6700,7.5800,7.6500,7.6100,1250282,9546565.6400,0.200100,1,0.525600,8.082580,1.486270,0.757083,-11.881794,0
2021-11-04,sh.600846,7.6500,7.7100,7.6300,7.6900,7.6500,1810627,13892079.4900,0.289800,1,0.522900,8.124842,1.494041,0.761042,-11.943921,0
2021-11-05,sh.600846,7.6900,7.7500,7.6600,7.7100,7.6900,2359043,18197633.6100,0.377600,1,0.260100,8.145973,1.497927,0.763021,-11.974984,0
2021-11-08,sh.600846,7.7500,7.7900,7.7100,7.7800,7.7100,2254422,17485671.6400,0.360800,1,0.907900,8.219931,1.511527,0.769948,-12.083706,0
2021-11-09,sh.600846,7.7700,7.7900,7.7200,7.7800,7.7800,1958766,15167486.3500,0.313500,1,0.000000,8.219931,1.511527,0.769948,-12.083706,0
2021-11-10,sh.600846,7.7800,7.8100,7.7200,7.8000,7.7800,1979415,15341886.3600,0.316800,1,0.257100,8.241062,1.515412,0.771928,-12.114770,0
2021-11-11,sh.600846,7.7900,7.9100,7.7800,7.8700,7.8000,3208544,25177137.0500,0.513600,1,0.897400,8.315021,1.529012,0.778855,-12.223492,0
2021-11-12,sh.600846,7.8400,7.8700,7.8000,7.8500,7.8700,2339595,18334840.8500,0.374500,1,-0.254100,8.293890,1.525127,0.776876,-12.192429,0
2021-11-15,sh.600846,7.8500,7.9300,7.8400,7.9100,7.8500,2783466,21955607.3400,0.445500,1,0.764300,8.357282,1.536784,0.782814,-12.285619,0
2021-11-16,sh.600846,7.9000,7.9200,7.7800,7.8100,7.9100,2589900,20308388.3800,0.414500,1,-1.264200,8.251628,1.517355,0.772917,-12.130302,0
2021-11-17,sh.600846,7.8200,7.8900,7.7800,7.8900,7.8100,2304835,18055346.2000,0.368900,1,1.024300,8.336152,1.532898,0.780835,-12.254556,0
2021-11-18,sh.600846,7.9000,7.9600,7.8300,7.8400,7.8900,3590567,28320619.6200,0.574700,1,-0.633700,8.283324,1.523184,0.775886,-12.176897,0
2021-11-19,sh.600846,7.8300,7.9400,7.8200,7.9100,7.8400,3008950,23713251.1400,0.481600,1,0.892900,8.357282,1.536784,0.782814,-12.285619,0
2021-11-22,sh.600846,7.9100,7.9500,7.8600,7.8900,7.9100,3954770,31221421.2400,0.633000,1,-0.252800,8.336152,1.532898,0.780835,-12.254556,0
2021-11-23,sh.600846,7.8700,7.9300,7.8600,7.9200,7.8900,2647416,20910280.3900,0.423700,1,0.380200,8.367848,1.538726,0.783804,-12.301151,0
2021-11-24,sh.600846,7.9400,7.9400,7.8800,7.9200,7.9200,2067280,16346687.4000,0.330900,1,0.000000,8.367848,1.538726,0.783804,-12.301151,0
2021-11-25,sh.600846,7.9200,7.9500,7.8900,7.9300,7.9200,2670601,21152816.2500,0.427500,1,0.126300,8.378413,1.540669,0.784793,-12.316683,0
2021-11-26,sh.600846,7.9300,7.9300,7.8400,7.8700,7.9300,2328700,18329272.4200,0.372700,1,-0.756600,8.315021,1.529012,0.778855,-12.223492,0
2021-11-29,sh.600846,7.8200,7.8300,7.7200,7.7800,7.8700,3962472,30846896.6100,0.634200,1,-1.143600,8.219931,1.511527,0.769948,-12.083706,0
2021-11-30,sh.600846,7.7800,7.9500,7.7700,7.9000,7.7800,3443998,27178615.4000,0.551300,1,1.542400,8.346717,1.534841,0.781824,-12.270088,0
2021-12-01,sh.600846,7.9000,8.0500,7.8400,8.0100,7.9000,4947670,39520071.4000,0.791900,1,1.392400,8.462937,1.556212,0.792710,-12.440937,0
2021-12-02,sh.600846,8.0000,8.0400,7.9400,8.0300,8.0100,4065090,32509632.1100,0.650700,1,0.249700,8.484068,1.560098,0.794690,-12.472000,0
2021-12-03,sh.600846,8.0400,8.0800,8.0000,8.0500,8.0300,3098188,24921351.5900,0.495900,1,0.249100,8.505199,1.563983,0.796669,-12.503064,0
2021-12-06,sh.600846,8.0500,8.0900,7.9100,7.9300,8.0500,3745905,29899183.2500,0.599600,1,-1.490700,8.378413,1.540669,0.784793,-12.316683,0
2021-12-07,sh.600846,7.9600,8.0200,7.8400,7.9300,7.9300,3520702,27890610.2300,0.563500,1,0.000000,8.378413,1.540669,0.784793,-12.316683,0
2021-12-08,sh.600846,7.9400,7.9800,7.8700,7.9600,7.9300,2691787,21361088.6500,0.430900,1,0.378300,8.410110,1.546498,0.787762,-12.363278,0
2021-12-09,sh.600846,7.9600,8.0700,7.9300,8.0300,7.9600,4812902,38548399.8800,0.770400,1,0.879400,8.484068,1.560098,0.794690,-12.472000,0
2021-12-10,sh.600846,8.0200,8.0500,7.9400,8.0000,8.0300,4053400,32364107.0000,0.648800,1,-0.373600,8.452372,1.554269,0.791721,-12.425405,0
2021-12-13,sh.600846,7.9900,8.0600,7.9100,7.9300,8.0000,5572065,44435305.1400,0.891900,1,-0.875000,8.378413,1.540669,0.784793,-12.316683,0
2021-12-14,sh.600846,7.9500,7.9500,7.8400,7.8800,7.9300,3344470,26330566.6800,0.535300,1,-0.630500,8.325586,1.530955,0.779845,-12.239024,0
2021-12-15,sh.600846,7.8600,7.9600,7.8600,7.9200,7.8800,3130277,24805549.1900,0.501000,1,0.507600,8.367848,1.538726,0.783804,-12.301151,0
2021-12-16,sh.600846,7.9100,8.0100,7.8900,8.0000,7.9200,4086686,32527724.3000,0.654100,1,1.010100,8.452372,1.554269,0.791721,-12.425405,0
2021-12-17,sh.600846,8.0000,8.0800,7.9700,8.0200,8.0000,5316642,42677814.4200,0.851000,1,0.250000,8.473503,1.558155,0.793700,-12.456469,0
2021-12-20,sh.600846,8.0000,8.1400,7.9800,8.0700,8.0200,7644105,61761307.0900,1.223500,1,0.623400,8.526330,1.567869,0.798648,-12.534127,0
2021-12-21,sh.600846,8.0700,8.3200,8.0400,8.3200,8.0700,12926267,106511682.8800,2.069000,1,3.097900,8.790467,1.616440,0.823390,-12.922421,0
2021-12-22,sh.600846,8.3100,8.3100,8.1600,8.2300,8.3200,7469935,61311266.8600,1.195600,1,-1.081700,8.695377,1.598954,0.814483,-12.782636,0
2021-12-23,sh.600846,8.2000,8.2300,8.0600,8.1000,8.2300,5467882,44389165.6600,0.875200,1,-1.579600,8.558026,1.573697,0.801617,-12.580723,0
2021-12-24,sh.600846,8.1100,8.1500,8.0500,8.0600,8.1000,5257800,42559839.0000,0.841600,1,-0.493800,8.515764,1.565926,0.797659,-12.518596,0
2021-12-27,sh.600846,8.0700,8.1400,8.0100,8.1000,8.0600,3865336,31249466.0900,0.618700,1,0.496300,8.558026,1.573697,0.801617,-12.580723,0
2021-12-28,sh.600846,8.1000,8.1400,8.0600,8.1300,8.1000,2865900,23220560.0000,0.458700,1,0.370400,8.589723,1.579526,0.804586,-12.627318,0
2021-12-29,sh.600846,8.1400,8.1400,8.0500,8.0700,8.1300,2771866,22413963.6200,0.443700,1,-0.738000,8.526330,1.567869,0.798648,-12.534127,0
2021-12-30,sh.600846,8.0700,8.2200,8.0600,8.1500,8.0700,4637340,37833642.5400,0.742300,1,0.991300,8.610854,1.583412,0.806566,-12.658381,0
2021-12-31,sh.600846,8.1700,8.2000,8.1100,8.1600,8.1500,3549283,28959438.0600,0.568100,1,0.122700,8.621419,1.585354,0.807555,-12.673913,0
2022-01-04,sh.600846,8.1700,8.3100,8.1400,8.2900,8.1600,6622194,54692967.4000,1.060000,1,1.593100,8.758770,1.610611,0.820421,-12.875826,0
2022-01-05,sh.600846,8.2800,8.3200,8.1700,8.2500,8.2900,4466285,36747059.6800,0.714900,1,-0.482500,8.716508,1.602840,0.816462,-12.813699,0
2022-01-06,sh.600846,8.2000,8.4000,8.2000,8.3500,8.2500,6336065,52837090.1000,1.014200,1,1.212100,8.822163,1.622268,0.826359,-12.969017,0
2022-01-07,sh.600846,8.3500,8.4300,8.2700,8.2800,8.3500,6676623,55858200.9300,1.068700,1,-0.838300,8.748205,1.608669,0.819431,-12.860294,0
2022-01-10,sh.600846,8.3000,8.4000,8.2900,8.3700,8.2800,4147874,34669273.7600,0.663900,1,1.087000,8.843294,1.626154,0.828338,-13.000080,0
2022-01-11,sh.600846,8.3500,8.5500,8.3500,8.3800,8.3700,5335814,44940701.3600,0.854100,1,0.119500,8.853859,1.628097,0.829328,-13.015612,0
2022-01-12,sh.600846,8.4100,8.4500,8.3300,8.3600,8.3800,3577732,29919807.6200,0.572700,1,-0.238700,8.832728,1.624211,0.827348,-12.984548,0
2022-01-13,sh.600846,8.3500,8.4300,8.2700,8.2900,8.3600,4228869,35249179.3200,0.676900,1,-0.837300,8.758770,1.610611,0.820421,-12.875826,0
2022-01-14,sh.600846,8.2800,8.3200,8.1300,8.1500,8.2900,4504479,36993650.3800,0.721000,1,-1.688800,8.610854,1.583412,0.806566,-12.658381,0
2022-01-17,sh.600846,8.1500,8.2700,8.1400,8.2400,8.1500,2517104,20710827.9300,0.402900,1,1.104300,8.705943,1.600897,0.815472,-12.798167,0
2022-01-18,sh.600846,8.2700,8.3100,8.1400,8.2000,8.2400,4222301,34665432.1700,0.675800,1,-0.485400,8.663681,1.593126,0.811514,-12.736040,0
2022-01-19,sh.600846,8.2000,8.3900,8.1700,8.3300,8.2000,5204121,43315448.9200,0.833000,1,1.585400,8.801032,1.618383,0.824379,-12.937953,0
2022-01-20,sh.600846,8.3300,8.3800,8.1900,8.2000,8.3300,3310236,27323052.0000,0.529800,1,-1.560600,8.663681,1.593126,0.811514,-12.736040,0
2022-01-21,sh.600846,8.2100,8.2200,8.0500,8.1100,8.2000,3383574,27440853.1100,0.541600,1,-1.097600,8.568592,1.575640,0.802607,-12.596254,0
2022-01-24,sh.600846,8.1000,8.1000,7.9400,7.9800,8.1100,3042235,24348053.3800,0.486900,1,-1.603000,8.431241,1.550383,0.789742,-12.394342,0
2022-01-25,sh.600846,7.9800,7.9900,7.7100,7.7100,7.9800,4751100,37136414.8800,0.760500,1,-3.383500,8.145973,1.497927,0.763021,-11.974984,0
2022-01-26,sh.600846,7.7700,7.8000,7.7100,7.7800,7.7100,2298761,17833715.9600,0.367900,1,0.907900,8.219931,1.511527,0.769948,-12.083706,0
2022-01-27,sh.600846,7.7800,7.7800,7.6300,7.6600,7.7800,2700290,20754771.3500,0.432200,1,-1.542400,8.093146,1.488213,0.758073,-11.897325,0
2022-01-28,sh.600846,7.6800,7.7600,7.6200,7.7000,7.6600,2414900,18593387.0000,0.386500,1,0.522200,8.135408,1.495984,0.762031,-11.959452,0
2022-02-07,sh.600846,7.7900,7.9500,7.7600,7.9200,7.7000,4202086,33070991.7100,0.672600,1,2.857100,8.367848,1.538726,0.783804,-12.301151,0
2022-02-08,sh.600846,7.9100,8.0900,7.8800,8.0800,7.9200,5725073,45750784.5300,0.916400,1,2.020200,8.536895,1.569812,0.799638,-12.549659,0
2022-02-09,sh.600846,8.0500,8.1500,8.0500,8.0900,8.0800,4154701,33659512.1000,0.665000,1,0.123800,8.547461,1.571755,0.800628,-12.565191,0
2022-02-10,sh.600846,8.0500,8.1900,8.0400,8.1400,8.0900,3724233,30219314.5100,0.596100,1,0.618000,8.600288,1.581469,0.805576,-12.642850,0
2022-02-11,sh.600846,8.1000,8.2200,8.0800,8.1200,8.1400,4427162,36013542.6000,0.708600,1,-0.245700,8.579157,1.577583,0.803597,-12.611786,0
2022-02-14,sh.600846,8.1000,8.2200,8.0500,8.1700,8.1200,5260236,43012828.1200,0.842000,1,0.615800,8.631985,1.587297,0.808545,-12.689445,0
2022-02-15,sh.600846,8.2000,8.2400,8.0900,8.1800,8.1700,4120312,33667017.3100,0.659500,1,0.122400,8.642550,1.589240,0.809535,-12.704977,0
2022-02-16,sh.600846,8.2200,8.3300,8.1800,8.3300,8.1800,7383313,61121629.3700,1.181800,1,1.833700,8.801032,1.618383,0.824379,-12.937953,0
2022-02-17,sh.600846,8.3300,8.3900,8.2500,8.2900,8.3300,6657464,55345458.8900,1.065600,1,-0.480200,8.758770,1.610611,0.820421,-12.875826,0
2022-02-18,sh.600846,8.2400,8.4800,8.2300,8.4600,8.2900,9038434,75892578.0600,1.446700,1,2.050700,8.938383,1.643640,0.837245,-13.139866,0
2022-02-21,sh.600846,8.4600,8.5200,8.3600,8.4900,8.4600,8182400,69171669.8500,1.309700,1,0.354600,8.970079,1.649468,0.840214,-13.186461,0
2022-02-22,sh.600846,8.4500,8.5300,8.3500,8.4400,8.4900,8592874,72684707.5600,1.375400,1,-0.588900,8.917252,1.639754,0.835265,-13.108802,0
2022-02-23,sh.600846,8.4800,8.4800,8.3000,8.3600,8.4400,6844410,57252524.7200,1.095500,1,-0.947900,8.832728,1.624211,0.827348,-12.984548,0
2022-02-24,sh.600846,8.4200,8.4300,8.0600,8.1600,8.3600,8194856,67413191.0700,1.311700,1,-2.392300,8.621419,1.585354,0.807555,-12.673913,0
2022-02-25,sh.600846,8.2100,8.3300,8.1300,8.1500,8.1600,4599600,37748822.3300,0.736200,1,-0.122500,8.610854,1.583412,0.806566,-12.658381,0
2022-02-28,sh.600846,8.2000,8.2000,8.0300,8.1200,8.1500,4120009,33386103.0000,0.659500,1,-0.368100,8.579157,1.577583,0.803597,0.000000,0
2022-03-01,sh.600846,8.2000,8.2400,8.1500,8.2200,8.1200,4118085,33740847.0000,0.659100,1,1.231500,8.684812,1.597012,0.813493,-12.767104,0
2022-03-02,sh.600846,8.2000,8.2800,8.1600,8.2200,8.2200,3288912,27021887.0000,0.526400,1,0.000000,8.684812,1.597012,0.813493,-12.767104,0
2022-03-03,sh.600846,8.2500,8.3100,8.2200,8.3000,8.2200,4201789,34797630.0000,0.672500,1,0.973200,8.769336,1.612554,0.821410,-12.891358,0
2022-03-04,sh.600846,8.3100,8.3100,8.1400,8.1700,8.3000,3713881,30420029.0000,0.594400,1,-1.566300,8.631985,1.587297,0.808545,-12.689445,0
2022-03-07,sh.600846,8.1700,8.3000,8.1200,8.1800,8.1700,5157619,42397587.0000,0.825500,1,0.122400,8.642550,1.589240,0.809535,-12.704977,0
2022-03-08,sh.600846,8.1700,8.1900,7.9300,8.0000,8.1800,4893884,39425050.0000,0.783300,1,-2.200500,8.452372,1.554269,0.791721,-12.425405,0
2022-03-09,sh.600846,8.0400,8.0700,7.6400,7.8800,8.0000,5329935,41982217.0000,0.853100,1,-1.500000,8.325586,1.530955,0.779845,-12.239024,0
2022-03-10,sh.600846,8.0300,8.1100,7.9200,7.9700,7.8800,3662552,29365571.0000,0.586200,1,1.142100,8.420675,1.548441,0.788752,-12.378810,0
2022-03-11,sh.600846,7.9300,8.0600,7.7700,8.0600,7.9700,4234600,33517188.0000,0.677800,1,1.129200,8.515764,1.565926,0.797659,-12.518596,0
2022-03-14,sh.600846,8.0300,8.0900,7.8800,7.9200,8.0600,3998005,31832393.0000,0.639900,1,-1.737000,8.367848,1.538726,0.783804,-12.301151,0
2022-03-15,sh.600846,7.8800,7.8900,7.4500,7.4800,7.9200,7685015,59025327.0000,1.230100,1,-5.555600,7.902967,1.453242,0.740259,-11.617754,0
2022-03-16,sh.600846,7.5300,7.6300,7.3000,7.5700,7.4800,5602695,41810645.0000,0.896800,1,1.203200,7.998057,1.470727,0.749166,-11.757540,0
2022-03-17,sh.600846,7.6600,7.7500,7.5900,7.6300,7.5700,4534598,34814464.0000,0.725800,1,0.792600,8.061449,1.482384,0.755104,-11.850730,0
2022-03-18,sh.600846,7.6000,7.8500,7.5800,7.7700,7.6300,6312812,49011282.8800,1.010400,1,1.834900,8.209366,1.509584,0.768959,-12.068175,0
2022-03-21,sh.600846,7.8000,8.1700,7.7900,8.1000,7.7700,12931442,104111874.5700,2.069800,1,4.247100,8.558026,1.573697,0.801617,-12.580723,0
2022-03-22,sh.600846,8.0800,8.1900,8.0600,8.1700,8.1000,8012340,65142802.0000,1.282500,1,0.864200,8.631985,1.587297,0.808545,-12.689445,0
2022-03-23,sh.600846,8.1700,8.2200,8.0700,8.1600,8.1700,5517747,44915767.9200,0.883200,1,-0.122400,8.621419,1.585354,0.807555,-12.673913,0
2022-03-24,sh.600846,8.1300,8.1700,8.0500,8.0700,8.1600,3815577,30956084.0900,0.610700,1,-1.102900,8.526330,1.567869,0.798648,-12.534127,0
2022-03-25,sh.600846,8.1100,8.2100,8.0200,8.1200,8.0700,4271960,34716353.0000,0.683800,1,0.619600,8.579157,1.577583,0.803597,-12.611786,0
2022-03-28,sh.600846,8.0800,8.3000,8.0000,8.2700,8.1200,6839322,56141162.4400,1.094700,1,1.847300,8.737639,1.606726,0.818441,-12.844763,0
2022-03-29,sh.600846,8.3000,8.3000,8.0800,8.1100,8.2700,4691296,38297442.3600,0.750900,1,-1.934700,8.568592,1.575640,0.802607,-12.596254,0
2022-03-30,sh.600846,8.1200,8.4400,8.1200,8.3700,8.1100,10425260,86674074.8800,1.668700,1,3.205900,8.843294,1.626154,0.828338,-13.000080,0
2022-03-31,sh.600846,8.3700,8.5000,8.2900,8.4200,8.3700,14141200,118911265.0200,2.263500,1,0.597400,9.113910,1.553713,0.857826,-9.271883,0
2022-04-01,sh.600846,8.3600,8.3700,8.1700,8.3400,8.4200,8400684,69544767.5700,1.344600,1,-0.950100,9.027317,1.538951,0.849676,-9.183789,0
2022-04-06,sh.600846,8.3800,8.7100,8.3600,8.6800,8.3400,16779897,144018768.6200,2.685800,1,4.076700,9.395337,1.601690,0.884315,-9.558188,0
2022-04-07,sh.600846,8.5800,8.7800,8.4900,8.5100,8.6800,13650850,117638118.2800,2.185000,1,-1.958500,9.211327,1.570320,0.866995,-9.370989,0
2022-04-08,sh.600846,8.5000,8.7500,8.4300,8.6700,8.5100,13942686,120301613.9000,2.231700,1,1.880100,9.384513,1.599845,0.883296,-9.547177,0
2022-04-11,sh.600846,8.7700,8.8500,8.3900,8.4700,8.6700,12276275,105476733.4700,1.965000,1,-2.306800,9.168031,1.562939,0.862920,-9.326942,0
2022-04-12,sh.600846,8.5500,8.6400,8.2400,8.5600,8.4700,10799684,91443583.3300,1.728600,1,1.062600,9.265448,1.579547,0.872089,-9.426047,0
2022-04-13,sh.600846,8.5000,8.5600,8.3000,8.3100,8.5600,8180826,68739443.8200,1.309400,1,-2.920600,8.994845,1.533415,0.846619,-9.150754,0
2022-04-14,sh.600846,8.3400,8.5200,8.3200,8.4400,8.3100,6153221,51817780.1900,0.984900,1,1.564400,9.135558,1.557403,0.859863,-9.293907,0
2022-04-15,sh.600846,8.4200,8.4400,8.1800,8.2300,8.4400,6493951,53916015.0400,1.039400,1,-2.488200,8.908252,1.518653,0.838469,-9.062660,0
2022-04-18,sh.600846,8.1500,8.2400,8.0500,8.1000,8.2300,4639383,37730686.7200,0.742600,1,-1.579600,8.767538,1.494664,0.825224,-8.919507,0
2022-04-19,sh.600846,8.1000,8.2200,8.0500,8.2000,8.1000,4716583,38336886.7600,0.754900,1,1.234600,8.875779,1.513117,0.835412,-9.029625,0
2022-04-20,sh.600846,8.1800,8.2100,7.9600,8.0300,8.2000,5146621,41565872.0200,0.823800,1,-2.073200,8.691769,1.481748,0.818093,-8.842425,0
2022-04-21,sh.600846,8.0000,8.0200,7.6200,7.6200,8.0300,10000860,77899873.3100,1.600700,1,-5.105900,8.247980,1.406092,0.776322,-8.390944,0
2022-04-22,sh.600846,7.5600,7.7000,7.5600,7.6300,7.6200,5211781,39740534.9000,0.834200,1,0.131200,8.258805,1.407937,0.777341,-8.401956,0
2022-04-25,sh.600846,7.5000,7.6000,7.1300,7.1300,7.6300,8399440,61739745.8000,1.344400,1,-6.553100,7.717599,1.315674,0.726401,-7.851369,0
2022-04-26,sh.600846,7.1900,7.3100,7.0200,7.0600,7.1300,6297848,45025049.7800,1.008000,1,-0.981800,7.641830,1.302757,0.719270,-7.774287,0
2022-04-27,sh.600846,7.0200,7.2200,6.9200,7.2000,7.0600,5777139,40916533.3900,0.924700,1,1.983000,7.793367,1.328591,0.733533,-7.928451,0
2022-04-28,sh.600846,7.2000,7.2800,7.0100,7.1800,7.2000,4631500,33144650.0000,0.741300,1,-0.277800,7.771719,1.324900,0.731495,-7.906428,0
2022-04-29,sh.600846,7.1700,7.5200,7.1500,7.4400,7.1800,6661900,49117848.0000,1.066300,1,3.621200,8.053146,1.372877,0.757984,-8.192733,0
2022-05-05,sh.600846,7.3600,7.5600,7.2900,7.4200,7.4400,6330087,47250778.5800,1.013200,1,-0.268800,8.196211,1.346900,0.778294,3.042433,0
2022-05-06,sh.600846,7.3000,7.3200,7.1700,7.2200,7.4200,4870500,35258344.1600,0.779600,1,-2.695400,7.975289,1.310596,0.757316,2.960427,0
2022-05-09,sh.600846,7.2800,7.5200,7.2500,7.4300,7.2200,5444200,40341778.0000,0.871400,1,2.908600,8.207257,1.348716,0.779343,3.046534,0
2022-05-10,sh.600846,7.3500,7.6500,7.3100,7.6400,7.4300,7151767,53873278.1900,1.144700,1,2.826400,8.439225,1.386835,0.801370,3.132640,0
2022-05-11,sh.600846,7.6600,7.7400,7.5300,7.5300,7.6400,6865210,52262763.7900,1.098900,1,-1.439800,8.317718,1.366868,0.789832,3.087537,0
2022-05-12,sh.600846,7.5200,7.6600,7.4800,7.6300,7.5300,4742868,35964317.8400,0.759100,1,1.328000,8.428179,1.385020,0.800321,3.128540,0
2022-05-13,sh.600846,7.6500,7.7600,7.5400,7.7200,7.6300,6295609,48252275.3000,1.007700,1,1.179600,8.527594,1.401357,0.809761,3.165443,0
2022-05-16,sh.600846,7.8000,7.8400,7.6600,7.7700,7.7200,6193578,47935808.3400,0.991400,1,0.647700,8.582825,1.410433,0.815006,3.185944,0
2022-05-17,sh.600846,7.7800,7.8200,7.5700,7.7000,7.7700,4611400,35376657.2400,0.738100,1,-0.900900,8.505502,1.397727,0.807664,3.157242,0
2022-05-18,sh.600846,7.7000,7.7600,7.6400,7.6700,7.7000,3615846,27848331.7200,0.578800,1,-0.389600,8.472364,1.392281,0.804517,3.144941,0
2022-05-19,sh.600846,7.6000,7.7500,7.5200,7.7400,7.6700,3700800,28396541.9900,0.592400,1,0.912600,8.549686,1.404988,0.811859,3.173644,0
2022-05-20,sh.600846,7.7600,7.8000,7.5900,7.6600,7.7400,12043488,92273639.0400,1.927700,1,-1.033600,8.461318,1.390466,0.803468,3.140841,0
2022-05-23,sh.600846,7.6600,7.7000,7.6100,7.6400,7.6600,5760535,44133670.7600,0.922000,1,-0.261100,8.439225,1.386835,0.801370,3.132640,0
2022-05-24,sh.600846,7.6900,7.7000,7.3400,7.3500,7.6400,7664776,57416933.0300,1.226800,1,-3.795800,8.118888,1.334194,0.770952,3.013731,0
2022-05-25,sh.600846,7.3500,7.5200,7.3500,7.5200,7.3500,3938842,29410675.7900,0.630500,1,2.312900,8.306672,1.365053,0.788783,3.083437,0
2022-05-26,sh.600846,7.5400,7.6600,7.5000,7.6400,7.5200,4756507,36158820.0300,0.761300,1,1.595700,8.439225,1.386835,0.801370,3.132640,0
2022-05-27,sh.600846,7.5700,7.7700,7.5700,7.7500,7.6400,6292329,48476372.8100,1.007200,1,1.439800,8.560733,1.406803,0.812908,3.177744,0
2022-05-30,sh.600846,7.8000,8.0300,7.7600,7.9200,7.7500,7934358,62800497.9800,1.270000,1,2.193500,8.748516,1.437662,0.830740,3.247449,0
2022-05-31,sh.600846,7.8700,7.9600,7.8100,7.9400,7.9200,5025364,39721862.2800,0.804400,1,0.252500,8.770609,1.441292,0.832838,3.255650,0
2022-06-01,sh.600846,7.9400,7.9700,7.7700,7.8400,7.9400,4770714,37466433.8200,0.763600,1,-1.259400,8.660148,1.423140,0.822348,3.214647,0
2022-06-02,sh.600846,7.8300,7.8700,7.7400,7.7900,7.8400,3434899,26741872.9600,0.549800,1,-0.637800,8.604917,1.414064,0.817104,3.194145,0
2022-06-06,sh.600846,7.8000,7.8900,7.7400,7.8600,7.7900,4842105,37948000.2500,0.775000,1,0.898600,8.682240,1.426770,0.824446,3.222847,0
2022-06-07,sh.600846,7.8800,7.9100,7.7700,7.8600,7.8600,4824220,37734580.2000,0.772200,1,0.000000,8.682240,1.426770,0.824446,3.222847,0
2022-06-08,sh.600846,7.8300,7.8700,7.6800,7.7900,7.8600,4291398,33368513.7500,0.686900,1,-0.890600,8.604917,1.414064,0.817104,3.194145,0
2022-06-09,sh.600846,7.7700,7.8200,7.6600,7.7200,7.7900,3099705,23943299.0200,0.496100,1,-0.898600,8.527594,1.401357,0.809761,3.165443,0
2022-06-10,sh.600846,7.7200,7.7600,7.6300,7.7300,7.7200,4017942,30997617.3600,0.643100,1,0.129500,8.538640,1.403172,0.810810,3.169543,0
2022-06-13,sh.600846,7.6600,7.6900,7.4600,7.5300,7.7300,6232565,47124836.3000,0.997600,1,-2.587300,8.317718,1.366868,0.789832,3.087537,0
2022-06-14,sh.600846,7.4900,7.5300,7.3500,7.5300,7.5300,5062507,37679017.9500,0.810300,1,0.000000,8.317718,1.366868,0.789832,3.087537,0
2022-06-15,sh.600846,7.5200,7.6500,7.5100,7.5800,7.5300,4997470,37967244.6300,0.799900,1,0.664000,8.372949,1.375944,0.795077,3.108039,0
2022-06-16,sh.600846,7.5500,7.6100,7.5100,7.5400,7.5800,4314172,32582810.3200,0.690500,1,-0.527700,8.328764,1.368683,0.790881,3.091637,0
2022-06-17,sh.600846,7.5100,7.5700,7.4800,7.5400,7.5400,4345409,32708867.5900,0.695500,1,0.000000,8.328764,1.368683,0.790881,3.091637,0
2022-06-20,sh.600846,7.5400,7.6000,7.5100,7.5800,7.5400,3638489,27541120.5500,0.582400,1,0.530500,8.372949,1.375944,0.795077,3.108039,0
2022-06-21,sh.600846,7.6100,7.6900,7.5600,7.6200,7.5800,4482979,34157585.2900,0.717600,1,0.527700,8.417133,1.383205,0.799272,3.124440,0
2022-06-22,sh.600846,7.6200,7.6400,7.5400,7.5400,7.6200,3195964,24223240.1200,0.511500,1,-1.049900,8.328764,1.368683,0.790881,3.091637,0
2022-06-23,sh.600846,7.5400,7.6700,7.4900,7.6700,7.5400,3603509,27332423.9500,0.576800,1,1.724100,8.472364,1.392281,0.804517,3.144941,0
2022-06-24,sh.600846,7.6500,7.6800,7.6100,7.6500,7.6700,3212800,24554171.0000,0.514200,1,-0.260800,8.450272,1.388651,0.802419,3.136741,0
2022-06-27,sh.600846,7.6500,7.7300,7.6300,7.6900,7.6500,5455848,41978666.2000,0.873300,1,0.522900,8.494456,1.395911,0.806615,3.153142,0
2022-06-28,sh.600846,7.6800,7.7900,7.6500,7.7900,7.6900,7154916,55319531.3200,1.145200,1,1.300400,8.604917,1.414064,0.817104,3.194145,0
2022-06-29,sh.600846,7.7900,7.8400,7.7400,7.7600,7.7900,5426031,42291652.6200,0.868500,1,-0.385100,8.571779,1.408618,0.813957,3.181844,0
2022-06-30,sh.600846,7.8000,7.9400,7.7500,7.9000,7.7600,6652087,52313246.1500,1.064700,1,1.804100,8.726424,1.434031,0.828642,3.239249,0
2022-07-01,sh.600846,7.9100,7.9200,7.7200,7.8200,7.9000,7437325,58051965.8200,1.190400,1,-1.012700,8.638055,1.419509,0.820251,3.206446,0
2022-07-04,sh.600846,7.7500,7.8800,7.7300,7.8200,7.8200,5490300,42884270.3200,0.878800,1,0.000000,8.638055,1.419509,0.820251,3.206446,0
2022-07-05,sh.600846,7.8400,8.0000,7.8100,7.9700,7.8200,10186245,80791752.6400,1.630400,1,1.918200,8.803747,1.446738,0.835984,3.267951,0
2022-07-06,sh.600846,7.9700,8.0000,7.7900,7.8900,7.9700,5318453,41882911.7700,0.851300,1,-1.003800,8.715378,1.432216,0.827593,3.235148,0
2022-07-07,sh.600846,7.7700,7.9400,7.7700,7.8900,7.8900,3562713,28055801.6500,0.570300,1,0.000000,8.715378,1.432216,0.827593,3.235148,0
2022-07-08,sh.600846,7.9000,7.9600,7.8600,7.9500,7.8900,4274763,33903910.6200,0.684200,1,0.760500,8.781655,1.443107,0.833886,3.259750,0
2022-07-11,sh.600846,7.9200,7.9300,7.8300,7.8900,7.9500,4620588,36380626.8700,0.739600,1,-0.754700,8.715378,1.432216,0.827593,3.235148,0
2022-07-12,sh.600846,7.8800,8.0800,7.8400,8.0300,7.8900,10201330,81392412.9400,1.632800,1,1.774400,8.870024,1.457629,0.842278,3.292553,0
2022-07-13,sh.600846,8.0600,8.1200,7.9800,8.0600,8.0300,6613409,53172284.9300,1.058500,1,0.373600,8.903162,1.463075,0.845424,3.304854,0
2022-07-14,sh.600846,8.0700,8.1000,8.0000,8.0800,8.0600,4546288,36613928.8400,0.727700,1,0.248100,8.925254,1.466705,0.847522,3.313054,0
2022-07-15,sh.600846,7.9200,8.1200,7.7900,8.0500,8.0800,10053800,80185877.8100,1.609200,1,-0.371300,8.892116,1.461260,0.844376,3.300753,0
2022-07-18,sh.600846,8.1100,8.2400,8.0300,8.1900,8.0500,7448201,60974180.1800,1.192200,1,1.739100,9.046761,1.486673,0.859060,3.358158,0
2022-07-19,sh.600846,8.2100,8.4700,8.1300,8.3900,8.1900,11927965,99195756.2000,1.909200,1,2.442000,9.267683,1.522978,0.880039,3.440164,0
2022-07-20,sh.600846,8.3400,8.4200,8.2300,8.3900,8.3900,9578929,79807812.7600,1.533200,1,0.000000,9.267683,1.522978,0.880039,3.440164,0
2022-07-21,sh.600846,8.4000,8.4000,8.2400,8.2500,8.3900,3992300,33058770.0000,0.639000,1,-1.668700,9.113038,1.497564,0.865354,3.382760,0
2022-07-22,sh.600846,8.2500,8.2900,8.1700,8.2400,8.2500,4096972,33744694.1200,0.655800,1,-0.121200,9.101992,1.495749,0.864305,3.378659,0
2022-07-25,sh.600846,8.2800,8.5400,8.2100,8.3900,8.2400,12171864,102627163.8800,1.948200,1,1.820400,9.267683,1.522978,0.880039,3.440164,0
2022-07-26,sh.600846,8.4100,8.4500,8.3400,8.4000,8.3900,4768401,40023071.3900,0.763200,1,0.119200,9.278730,1.524793,0.881088,3.444264,0
2022-07-27,sh.600846,8.3500,8.6100,8.3500,8.5600,8.4000,7937096,67912043.4200,1.270400,1,1.904800,9.455467,1.553836,0.897870,3.509869,0
2022-07-28,sh.600846,8.5900,8.6500,8.5300,8.5500,8.5600,5688481,48821127.7100,0.910500,1,-0.116800,9.444421,1.552021,0.896821,3.505769,0
2022-07-29,sh.600846,8.6000,8.7300,8.5200,8.5300,8.5500,7346510,63286539.9600,1.175900,1,-0.233900,9.422329,1.548391,0.894723,3.497568,0
2022-08-01,sh.600846,8.5200,8.8700,8.4000,8.7200,8.5300,11085294,96152709.9900,1.774300,1,2.227400,9.632205,1.582880,0.914653,3.575474,0
2022-08-02,sh.600846,8.6600,8.6600,8.2900,8.3600,8.7200,8048258,67748557.4400,1.288200,1,-4.128400,9.234545,1.517532,0.876892,3.427863,0
2022-08-03,sh.600846,8.3600,8.5200,8.1900,8.2500,8.3600,6156740,51375037.2200,0.985500,1,-1.315800,9.113038,1.497564,0.865354,3.382760,0
2022-08-04,sh.600846,8.3000,8.5100,8.2700,8.4100,8.2500,6273320,52508033.0000,1.004100,1,1.939400,9.289776,1.526608,0.882136,3.448365,0
2022-08-05,sh.600846,8.3900,8.7100,8.3400,8.6600,8.4100,10323364,88542162.0000,1.652400,1,2.972700,9.565928,1.571989,0.908359,3.550873,0
2022-08-08,sh.600846,8.6600,8.7700,8.4200,8.4400,8.6600,10293100,87929726.0000,1.647500,1,-2.540400,9.322914,1.532054,0.885283,3.460666,0
2022-08-09,sh.600846,8.4700,8.5400,8.2500,8.3100,8.4400,9298900,77766387.0000,1.488400,1,-1.540300,9.179315,1.508456,0.871647,3.407361,0
2022-08-10,sh.600846,8.3100,8.3400,8.1900,8.2700,8.3100,5153347,42466105.0000,0.824900,1,-0.481300,9.135130,1.501195,0.867452,3.390960,0
2022-08-11,sh.600846,8.2800,8.3500,8.2400,8.3300,8.2700,5068582,42034719.0000,0.811300,1,0.725500,9.201407,1.512086,0.873745,3.415562,0
2022-08-12,sh.600846,8.3000,8.3800,8.2400,8.2800,8.3300,4645263,38634141.0000,0.743500,1,-0.600200,9.146176,1.503010,0.868501,3.395061,0
2022-08-15,sh.600846,8.3400,8.3500,8.0800,8.1000,8.2800,8174800,66667735.7200,1.308500,1,-2.173900,8.947346,1.470336,0.849620,3.321255,0
2022-08-16,sh.600846,8.1100,8.1700,8.0600,8.1100,8.1000,4891300,39665960.0000,0.782900,1,0.123500,8.958392,1.472151,0.850669,3.325355,0
2022-08-17,sh.600846,8.0700,8.1300,8.0600,8.1100,8.1100,3686149,29852380.9200,0.590000,1,0.000000,8.958392,1.472151,0.850669,3.325355,0
2022-08-18,sh.600846,8.1000,8.1000,7.9600,7.9900,8.1100,4990902,39951313.9600,0.798800,1,-1.479700,8.825839,1.450368,0.838082,3.276151,0
2022-08-19,sh.600846,7.9900,8.0300,7.9100,7.9200,7.9900,3710976,29543198.9200,0.594000,1,-0.876100,8.748516,1.437662,0.830740,3.247449,0
2022-08-22,sh.600846,7.9800,8.2500,7.9000,8.0700,7.9200,7471584,60380149.6700,1.195900,1,1.893900,8.914208,1.464890,0.846473,3.308954,0
2022-08-23,sh.600846,8.1200,8.1400,8.0200,8.0700,8.0700,3949233,31871877.3200,0.632100,1,0.000000,8.914208,1.464890,0.846473,3.308954,0
2022-08-24,sh.600846,8.0900,8.2300,8.0600,8.1900,8.0700,10065858,82099504.7300,1.611200,1,1.487000,9.046761,1.486673,0.859060,3.358158,0
2022-08-25,sh.600846,8.1800,8.2000,8.0100,8.1500,8.1900,6553215,53112239.0400,1.048900,1,-0.488400,9.002577,1.479412,0.854865,3.341756,0
2022-08-26,sh.600846,7.8700,7.9300,7.7400,7.8900,7.8700,4269038,33519110.4600,0.683300,1,0.254100,8.715378,1.432216,0.827593,3.235148,0
2022-08-29,sh.600846,7.8300,8.1500,7.7400,8.0500,7.8900,7169113,57203543.9400,1.147500,1,2.027900,15.493998,1.528215,1.480370,3.001290,0
2022-08-30,sh.600846,7.9800,8.0500,7.8600,7.9300,8.0500,4445530,35348837.6100,0.711600,1,-1.490700,15.263032,1.505435,1.458302,2.956550,0
2022-08-31,sh.600846,7.9000,8.0000,7.8900,7.9700,7.9300,4445780,35282949.2000,0.711600,1,0.504400,15.340020,1.513028,1.465658,2.971463,0
2022-09-01,sh.600846,7.9900,8.0700,7.9500,8.0600,7.9700,4690813,37603138.2500,0.750800,1,1.129200,15.513245,1.530114,1.482209,3.005018,0
2022-09-02,sh.600846,8.0300,8.1100,8.0100,8.0400,8.0600,3595518,28956985.1800,0.575500,1,-0.248100,15.474751,1.526317,1.478531,2.997562,0
2022-09-05,sh.600846,8.0200,8.2100,8.0100,8.1800,8.0400,5591344,45475861.2900,0.895000,1,1.741300,15.744212,1.552895,1.504276,3.049758,0
2022-09-06,sh.600846,8.2200,8.2700,8.1500,8.1600,8.1800,3620101,29658326.1700,0.579400,1,-0.244500,15.705717,1.549098,1.500598,3.042301,0
2022-09-07,sh.600846,8.1600,8.2000,8.1000,8.1700,8.1600,2975698,24256888.7600,0.476300,1,0.122500,15.724964,1.550996,1.502437,3.046030,0
2022-09-08,sh.600846,8.2000,8.3000,8.1400,8.3000,8.1700,5538081,45669109.4900,0.886400,1,1.591200,15.975178,1.575676,1.526344,3.094498,0
2022-09-09,sh.600846,8.2600,8.3800,8.2300,8.3400,8.3000,4831275,40152341.1500,0.773300,1,0.481900,16.052167,1.583269,1.533700,3.109411,0
2022-09-13,sh.600846,8.3400,8.4100,8.2500,8.4000,8.3400,5093295,42515744.0500,0.815200,1,0.719400,16.167650,1.594660,1.544734,3.131781,0
2022-09-14,sh.600846,8.3400,8.4400,8.2600,8.3600,8.4000,4499026,37651855.3600,0.720100,1,-0.476200,16.090661,1.587066,1.537378,3.116868,0
2022-09-15,sh.600846,8.4000,8.4300,8.2300,8.3800,8.3600,5259769,43779697.7800,0.841900,1,0.239200,16.129156,1.590863,1.541056,3.124324,0
2022-09-16,sh.600846,8.3200,8.3800,8.1800,8.1800,8.3800,4952634,40939733.7300,0.792700,1,-2.386600,15.744212,1.552895,1.504276,3.049758,0
2022-09-19,sh.600846,8.1800,8.2500,8.0800,8.2200,8.1800,3794679,31012021.9800,0.607400,1,0.489000,15.821200,1.560488,1.511632,3.064671,0
2022-09-20,sh.600846,8.2800,8.3600,8.1400,8.1900,8.2200,3668106,30140974.6800,0.587100,1,-0.365000,15.763459,1.554793,1.506115,3.053486,0
2022-09-21,sh.600846,8.1700,8.3800,8.1200,8.2900,8.1900,4824208,39900863.6800,0.772200,1,1.221000,15.955931,1.573777,1.524505,3.090769,0
2022-09-22,sh.600846,8.2800,8.3700,8.2000,8.2500,8.2900,4463324,36925603.7700,0.714400,1,-0.482500,15.878942,1.566183,1.517149,3.075856,0
2022-09-23,sh.600846,8.2900,8.3300,8.1600,8.2800,8.2500,3536067,29148166.4200,0.566000,1,0.363600,15.936684,1.571879,1.522666,3.087041,0
2022-09-26,sh.600846,8.2200,8.2500,7.9000,7.9300,8.2800,5664188,45307325.6800,0.906600,1,-4.227100,15.263032,1.505435,1.458302,2.956550,0
2022-09-27,sh.600846,7.9300,8.0800,7.8800,7.9600,7.9300,2606080,20724516.0000,0.417100,1,0.378300,15.320773,1.511130,1.463819,2.967735,0
2022-09-28,sh.600846,7.9700,7.9800,7.7800,7.8700,7.9600,3563000,28027250.0000,0.570300,1,-1.130700,15.147548,1.494044,1.447268,2.934180,0
2022-09-29,sh.600846,7.8600,7.9800,7.7700,7.8300,7.8700,4193250,32877447.0000,0.671200,1,-0.508300,15.070560,1.486451,1.439912,2.919267,0
2022-09-30,sh.600846,7.8300,7.9100,7.7800,7.8800,7.8300,2685411,21063967.5900,0.429800,1,0.638600,15.166796,1.495943,1.449107,2.937909,0
2022-10-10,sh.600846,7.8800,8.3200,7.8400,8.2600,7.8800,13657951,111765205.1600,2.186100,1,4.822300,15.898189,1.568082,1.518988,3.079584,0
2022-10-11,sh.600846,8.2000,8.3000,8.0800,8.2500,8.2600,5029778,41285509.3100,0.805100,1,-0.121100,15.878942,1.566183,1.517149,3.075856,0
2022-10-12,sh.600846,8.2500,8.4700,8.1600,8.4200,8.2500,7989300,66810161.2500,1.278800,1,2.060600,16.206144,1.598456,1.548411,3.139237,0
2022-10-13,sh.600846,8.3900,8.4800,8.3400,8.4500,8.4200,4775982,40200993.4000,0.764400,1,0.356300,16.263886,1.604152,1.553928,3.150422,0
2022-10-14,sh.600846,8.4200,8.5100,8.3800,8.4000,8.4500,5017719,42327923.2200,0.803100,1,-0.591700,16.167650,1.594660,1.544734,3.131781,0
2022-10-17,sh.600846,8.4000,8.5100,8.3400,8.4300,8.4000,4986201,41986402.8900,0.798100,1,0.357100,16.225392,1.600355,1.550250,3.142966,0
2022-10-18,sh.600846,8.4300,8.4900,8.3600,8.3800,8.4300,3176650,26744129.5000,0.508500,1,-0.593100,16.129156,1.590863,1.541056,3.124324,0
2022-10-19,sh.600846,8.3400,8.4400,8.3100,8.3700,8.3800,2557806,21396042.4700,0.409400,1,-0.119300,16.109908,1.588964,1.539217,3.120596,0
2022-10-20,sh.600846,8.3000,8.5700,8.3000,8.4400,8.3700,4837934,40716157.1600,0.774400,1,0.836300,16.244639,1.602253,1.552089,3.146694,0
2022-10-21,sh.600846,8.3800,8.8100,8.3200,8.7100,8.4400,17445231,151011358.9900,2.792300,1,3.199100,16.764313,1.653510,1.601742,3.247358,0
2022-10-24,sh.600846,8.7200,8.7700,8.4400,8.4500,8.7100,10016526,85921158.8000,1.603300,1,-2.985100,16.263886,1.604152,1.553928,3.150422,0
2022-10-25,sh.600846,8.4600,8.5000,8.1700,8.2800,8.4500,5476516,45308182.0800,0.876600,1,-2.011800,15.936684,1.571879,1.522666,3.087041,0
2022-10-26,sh.600846,8.2600,8.3700,8.1600,8.2900,8.2800,4793844,39604842.2300,0.767300,1,0.120800,15.955931,1.573777,1.524505,3.090769,0
2022-10-27,sh.600846,8.3300,8.3300,8.1900,8.2900,8.2900,2901627,23998639.0200,0.464400,1,0.000000,15.955931,1.573777,1.524505,3.090769,0
2022-10-28,sh.600846,8.2900,8.4800,8.1500,8.2400,8.2900,6329640,52496054.0000,1.013100,1,-0.603100,15.859695,1.564285,1.515310,3.072128,0
2022-10-31,sh.600846,8.2300,8.8700,8.1600,8.5900,8.2400,14016960,120469828.3100,2.243600,1,4.247600,14.855479,1.579857,1.427940,3.702338,0
2022-11-01,sh.600846,8.5200,8.6400,8.4900,8.6000,8.5900,6059812,51827495.4300,0.969900,1,0.116400,14.872773,1.581696,1.429602,3.706648,0
2022-11-02,sh.600846,8.6000,8.7300,8.5100,8.7100,8.6000,6671226,57861700.8100,1.067800,1,1.279100,15.063006,1.601927,1.447888,3.754059,0
2022-11-03,sh.600846,8.6700,8.8600,8.5700,8.7100,8.7100,6527720,56947356.8000,1.044800,1,0.000000,15.063006,1.601927,1.447888,3.754059,0
2022-11-04,sh.600846,8.6800,8.9200,8.5600,8.6000,8.7100,19980286,173624835.0500,3.198100,1,-1.262900,14.872773,1.581696,1.429602,3.706648,0
2022-11-07,sh.600846,8.6100,8.8800,8.5200,8.6500,8.6000,19782310,172585335.7000,3.166400,1,0.581400,14.959243,1.590892,1.437914,3.728198,0
2022-11-08,sh.600846,8.6500,8.8800,8.5500,8.7900,8.6500,10748354,93916962.8800,1.720400,1,1.618500,15.201358,1.616640,1.461187,3.788539,0
2022-11-09,sh.600846,8.7900,8.8800,8.6000,8.7000,8.7900,8820114,77002727.8000,1.411800,1,-1.023900,15.045712,1.600088,1.446226,3.749749,0
2022-11-10,sh.600846,8.6300,8.7400,8.5600,8.5800,8.7000,8239326,71089514.0300,1.318800,1,-1.379300,14.838185,1.578017,1.426278,3.698028,0
2022-11-11,sh.600846,8.6800,8.7900,8.6100,8.6700,8.5800,8428104,73343381.7000,1.349000,1,1.049000,14.993831,1.594570,1.441239,3.736818,0
2022-11-14,sh.600846,8.7800,8.7900,8.5700,8.6200,8.6700,6643771,57508447.0300,1.063400,1,-0.576700,14.907361,1.585374,1.432927,3.715268,0
2022-11-15,sh.600846,8.5800,8.6500,8.4300,8.4800,8.6200,10793468,91972987.5800,1.727600,1,-1.624100,14.665246,1.559626,1.409654,3.654927,0
2022-11-16,sh.600846,8.4500,8.5300,8.3900,8.4300,8.4800,6514903,55030290.2000,1.042800,1,-0.589600,14.578776,1.550430,1.401343,3.633377,0
2022-11-17,sh.600846,8.4000,8.5300,8.4000,8.5000,8.4300,4533344,38415233.4100,0.725600,1,0.830400,14.699834,1.563304,1.412979,3.663547,0
2022-11-18,sh.600846,8.5000,8.5200,8.3700,8.3800,8.5000,3747876,31578669.0000,0.599900,1,-1.411800,14.492307,1.541234,1.393031,3.611827,0
2022-11-21,sh.600846,8.3600,8.3900,8.2900,8.3400,8.3800,5091447,42436756.9500,0.814900,1,-0.477300,14.423131,1.533877,1.386382,3.594587,0
2022-11-22,sh.600846,8.3700,8.4800,8.3200,8.3900,8.3400,5836813,49108054.6400,0.934200,1,0.599500,14.509601,1.543073,1.394693,3.616137,0
2022-11-23,sh.600846,8.3200,8.4300,8.3000,8.3400,8.3900,4193360,35020156.4000,0.671200,1,-0.595900,14.423131,1.533877,1.386382,3.594587,0
2022-11-24,sh.600846,8.4000,8.4500,8.2800,8.3400,8.3400,5240664,43809422.6700,0.838800,1,0.000000,14.423131,1.533877,1.386382,3.594587,0
2022-11-25,sh.600846,8.3600,8.4800,8.3400,8.4200,8.3400,7231638,60908183.9400,1.157500,1,0.959200,14.561482,1.548591,1.399680,3.629067,0
2022-11-28,sh.600846,8.3600,8.4200,8.2800,8.3800,8.4200,4352200,36308015.0000,0.696600,1,-0.475100,14.492307,1.541234,1.393031,3.611827,0
2022-11-29,sh.600846,8.4600,8.7700,8.4500,8.6800,8.3800,16721671,144144288.7700,2.676500,1,3.580000,15.011124,1.596409,1.442901,3.741128,0
2022-11-30,sh.600846,8.6500,8.7300,8.5300,8.5500,8.6800,7978009,68774119.1900,1.277000,1,-1.497700,14.786303,1.572500,1.421291,3.685098,0
2022-12-01,sh.600846,8.5900,8.7100,8.4100,8.6800,8.5500,12940780,110634728.0000,2.071300,1,1.520500,15.011124,1.596409,1.442901,3.741128,0
2022-12-02,sh.600846,8.6600,8.7400,8.5600,8.6500,8.6800,6795600,58710952.0000,1.087700,1,-0.345600,14.959243,1.590892,1.437914,3.728198,0
2022-12-05,sh.600846,8.6600,8.7800,8.6500,8.6800,8.6500,5391300,46895349.0000,0.862900,1,0.346800,15.011124,1.596409,1.442901,3.741128,0
2022-12-06,sh.600846,8.6500,8.8000,8.5800,8.7100,8.6800,9580205,83517668.5500,1.533400,1,0.345600,15.063006,1.601927,1.447888,3.754059,0
2022-12-07,sh.600846,8.7100,8.9100,8.6800,8.8600,8.7100,10957697,96810163.3900,1.753900,1,1.722200,15.322415,1.629514,1.472823,3.818710,0
2022-12-08,sh.600846,8.8100,9.2800,8.7700,9.1400,8.8600,29932917,272349702.3200,4.791100,1,3.160300,15.806645,1.681012,1.519368,3.939391,0
2022-12-09,sh.600846,9.2100,9.3700,9.0200,9.3400,9.1400,21767952,200684292.2500,3.484200,1,2.188200,16.152523,1.717795,1.552615,4.025592,0
2022-12-12,sh.600846,9.3000,9.4400,9.0000,9.3900,9.3400,21005058,193395130.0200,3.362100,1,0.535300,16.238993,1.726991,1.560926,4.047142,0
2022-12-13,sh.600846,9.3800,9.5300,9.3000,9.4000,9.3900,15491902,145819680.0700,2.479700,1,0.106500,16.256287,1.728830,1.562589,4.051453,0
2022-12-14,sh.600846,9.4400,9.6200,9.3400,9.6100,9.4000,17432525,166325568.8200,2.790300,1,2.234000,16.619459,1.767453,1.597497,4.141964,0
2022-12-15,sh.600846,9.6000,9.7700,9.2600,9.6500,9.6100,20164772,192800255.0500,3.227600,1,0.416200,16.688635,1.774810,1.604147,4.159204,0
2022-12-16,sh.600846,9.6900,9.7900,9.4600,9.7300,9.6500,14631029,141355322.1900,2.341900,1,0.829000,16.826986,1.789523,1.617445,4.193684,0
2022-12-19,sh.600846,9.7000,9.7900,9.5900,9.7500,9.7300,9818819,94997307.4400,1.571600,1,0.205500,16.861574,1.793202,1.620770,4.202304,0
2022-12-20,sh.600846,9.6500,9.7300,9.5200,9.6400,9.7500,7243180,69832831.1500,1.159400,1,-1.128200,16.671341,1.772971,1.602484,4.154894,0
2022-12-21,sh.600846,9.6100,9.6900,9.1800,9.2700,9.6400,17496814,164505989.4500,2.800600,1,-3.838200,16.031466,1.704921,1.540978,3.995422,0
2022-12-22,sh.600846,9.3600,9.4000,9.0600,9.1100,9.2700,7361800,67703280.0000,1.178300,1,-1.726000,15.754763,1.675494,1.514381,3.926461,0
2022-12-23,sh.600846,9.2300,9.2500,8.9500,9.1100,9.1100,6937000,63182932.0000,1.110300,1,0.000000,15.754763,1.675494,1.514381,3.926461,0
2022-12-26,sh.600846,9.1000,9.1500,9.0100,9.0500,9.1100,5350726,48439459.0700,0.856400,1,-0.658600,15.651000,1.664459,1.504407,3.900601,0
2022-12-27,sh.600846,9.0300,9.1300,9.0000,9.0900,9.0500,4634124,42015675.2800,0.741700,1,0.442000,15.720175,1.671816,1.511056,3.917841,0
2022-12-28,sh.600846,9.0600,9.1900,8.9600,9.0200,9.0900,7755736,70583632.4800,1.241400,1,-0.770100,15.599118,1.658941,1.499420,3.887670,0
2022-12-29,sh.600846,9.0600,9.1000,8.9700,8.9900,9.0200,5747716,51885923.9300,0.920000,1,-0.332600,15.547236,1.653424,1.494433,3.874740,0
2022-12-30,sh.600846,9.0800,9.1000,8.8700,8.9900,8.9900,6748346,60634188.2400,1.080100,1,0.000000,15.547236,1.653424,1.494433,3.874740,0
2023-01-03,sh.600846,8.9900,9.1500,8.9600,9.0700,8.9900,8210182,74440202.5600,1.314100,1,0.889900,15.685587,1.668137,1.507732,3.909221,0
2023-01-04,sh.600846,9.0300,9.2200,9.0200,9.2200,9.0700,7358590,67287725.3000,1.177800,1,1.653800,15.944996,1.695725,1.532667,3.973872,0
2023-01-05,sh.600846,9.2000,9.3800,9.1200,9.2600,9.2200,11186575,103519201.9100,1.790500,1,0.433800,16.014172,1.703082,1.539316,3.991112,0
2023-01-06,sh.600846,9.2300,9.4700,9.2300,9.2900,9.2600,8268893,77087083.7400,1.323500,1,0.324000,16.066054,1.708599,1.544303,4.004042,0
2023-01-09,sh.600846,9.3000,9.3600,9.1800,9.3000,9.2900,12511971,116072690.4100,2.002700,1,0.107600,16.083348,1.710438,1.545965,4.008352,0
2023-01-10,sh.600846,9.2800,9.3300,8.9600,9.0000,9.3000,12336954,112400967.4000,1.974700,1,-3.225800,15.564530,1.655263,1.496095,3.879050,0
2023-01-11,sh.600846,9.0000,9.0500,8.5700,8.6400,9.0000,14314866,124737688.3800,2.291300,1,-4.000000,14.941949,1.589052,1.436252,3.723888,0
2023-01-12,sh.600846,8.6300,8.8300,8.6000,8.6400,8.6400,7365422,64161407.9200,1.178900,1,0.000000,14.941949,1.589052,1.436252,3.723888,0
2023-01-13,sh.600846,8.7000,8.7100,8.5700,8.6000,8.6400,4188998,36063449.3800,0.670500,1,-0.463000,14.872773,1.581696,1.429602,3.706648,0
2023-01-16,sh.600846,8.6200,8.6900,8.5900,8.6200,8.6000,5051731,43618771.6000,0.808600,1,0.232600,14.907361,1.585374,1.432927,3.715268,0
2023-01-17,sh.600846,8.6600,8.6600,8.5300,8.5400,8.6200,3688600,31621314.6800,0.590400,1,-0.928100,14.769010,1.570661,1.419628,3.680788,0
2023-01-18,sh.600846,8.5500,8.7000,8.5100,8.6900,8.5400,4068752,35122298.0400,0.651200,1,1.756400,15.028418,1.598248,1.444563,3.745439,0
2023-01-19,sh.600846,8.6000,8.7500,8.6000,8.6900,8.6900,3259688,28333277.3100,0.521700,1,0.000000,15.028418,1.598248,1.444563,3.745439,0
2023-01-20,sh.600846,8.7300,8.7400,8.6700,8.7300,8.6900,3391509,29544678.4400,0.542800,1,0.460300,15.097594,1.605605,1.451213,3.762679,0
2023-01-30,sh.600846,8.7900,8.7900,8.6500,8.6700,8.7300,5814007,50679397.0500,0.930600,1,-0.687300,14.993831,1.594570,1.441239,3.736818,0
2023-01-31,sh.600846,8.6800,8.8800,8.6300,8.8700,8.6700,7589602,66703508.3500,1.214800,1,2.306800,15.339709,1.631354,1.474485,3.823020,0
2023-02-01,sh.600846,8.8700,8.9800,8.7900,8.9700,8.8700,5241400,46573286.2400,0.838900,1,1.127400,15.512648,1.649745,1.491108,3.866120,0
2023-02-02,sh.600846,8.9500,8.9900,8.8800,8.9200,8.9700,4414701,39401168.1100,0.706600,1,-0.557400,15.426179,1.640550,1.482797,3.844570,0
2023-02-03,sh.600846,8.9000,8.9500,8.8100,8.8500,8.9200,4134518,36686688.7700,0.661800,1,-0.784800,15.305121,1.627675,1.471160,3.814399,0
2023-02-06,sh.600846,8.8800,8.9400,8.8200,8.9000,8.8500,2800953,24918030.6400,0.448300,1,0.565000,15.391591,1.636871,1.479472,3.835950,0
2023-02-07,sh.600846,8.9300,8.9400,8.8400,8.9100,8.9000,2788045,24804817.0500,0.446300,1,0.112400,15.408885,1.638710,1.481134,3.840260,0
2023-02-08,sh.600846,8.9200,9.1200,8.9100,9.0700,8.9100,6141333,55644261.8400,0.983000,1,1.795700,15.685587,1.668137,1.507732,3.909221,0
2023-02-09,sh.600846,9.0500,9.1200,9.0100,9.0700,9.0700,4505002,40841096.0600,0.721100,1,0.000000,15.685587,1.668137,1.507732,3.909221,0
2023-02-10,sh.600846,9.0900,9.1100,9.0300,9.0800,9.0700,3353052,30417061.6000,0.536700,1,0.110300,15.702881,1.669976,1.509394,3.913531,0
2023-02-13,sh.600846,9.0700,9.3000,9.0700,9.2700,9.0800,5182448,47848504.0400,0.829500,1,2.092500,16.031466,1.704921,1.540978,3.995422,0
2023-02-14,sh.600846,9.3000,9.3200,9.2200,9.2900,9.2700,3957459,36716115.1200,0.633400,1,0.215700,16.066054,1.708599,1.544303,4.004042,0
2023-02-15,sh.600846,9.3000,9.3800,9.2300,9.3800,9.2900,4057567,37787824.7500,0.649500,1,0.968800,16.221699,1.725152,1.559264,4.042832,0
2023-02-16,sh.600846,9.3800,9.6400,9.2300,9.2900,9.3800,9553280,90468680.3200,1.529100,1,-0.959500,16.066054,1.708599,1.544303,4.004042,0
2023-02-17,sh.600846,9.2900,9.5800,9.2700,9.3000,9.2900,5590067,52465092.7600,0.894800,1,0.107600,16.083348,1.710438,1.545965,4.008352,0
2023-02-20,sh.600846,9.3000,9.5400,9.3000,9.5200,9.3000,6683420,63212073.6800,1.069800,1,2.365600,16.463814,1.750900,1.582536,4.103173,0
2023-02-21,sh.600846,9.5500,9.5800,9.3900,9.4700,9.5200,8489135,80474648.5700,1.358800,1,-0.525200,16.377344,1.741705,1.574225,4.081623,0
2023-02-22,sh.600846,9.4500,9.4900,9.3500,9.4000,9.4700,6056613,56999189.2000,0.969400,1,-0.739200,16.256287,1.728830,1.562589,4.051453,0
2023-02-23,sh.600846,9.4500,9.5500,9.3700,9.4800,9.4000,5956800,56492301.0000,0.953500,1,0.851100,16.394638,1.743544,1.575887,4.085933,0
2023-02-24,sh.600846,9.5400,9.5400,9.3000,9.3900,9.4800,7087925,66444603.7300,1.134500,1,-0.949400,16.238993,1.726991,1.560926,4.047142,0
2023-02-27,sh.600846,9.4700,9.5100,9.4000,9.4500,9.3900,5290646,50060851.0800,0.846800,1,0.639000,16.342756,1.738026,1.570900,4.073003,0
2023-02-28,sh.600846,9.4000,9.4900,9.2300,9.4900,9.4500,8884122,83203680.3600,1.422000,1,0.423300,16.411932,1.745383,1.577549,4.090243,0
2023-03-01,sh.600846,9.4900,9.5300,9.3900,9.4100,9.4900,4423404,41803496.7400,0.708000,1,-0.843000,16.273581,1.730669,1.564251,4.055763,0
2023-03-02,sh.600846,9.4500,9.4700,9.2800,9.2800,9.4100,4577993,42802829.1400,0.732800,1,-1.381500,16.048760,1.706760,1.542641,3.999732,0
2023-03-03,sh.600846,9.3000,9.4200,9.2900,9.3500,9.2800,3710181,34720163.9900,0.593900,1,0.754300,16.169817,1.719634,1.554277,4.029902,0
2023-03-06,sh.600846,9.4200,9.4200,9.2700,9.2900,9.3500,5827081,54378489.5400,0.932700,1,-0.641700,16.066054,1.708599,1.544303,4.004042,0
2023-03-07,sh.600846,9.2800,9.2900,9.0600,9.0800,9.2900,5667329,52095903.5400,0.907100,1,-2.260500,15.702881,1.669976,1.509394,3.913531,0
2023-03-08,sh.600846,9.0800,9.1600,9.0700,9.1200,9.0800,3141200,28633630.0000,0.502800,1,0.440500,15.772057,1.677333,1.516043,3.930771,0
2023-03-09,sh.600846,9.2100,9.2200,9.0400,9.1200,9.1200,3680082,33584620.8400,0.589000,1,0.000000,15.772057,1.677333,1.516043,3.930771,0
2023-03-10,sh.600846,9.0700,9.1000,8.9100,8.9500,9.1200,4673166,42045014.4500,0.748000,1,-1.864000,15.478060,1.646067,1.487784,3.857500,0
2023-03-13,sh.600846,9.0000,9.2100,8.8600,9.0900,8.9500,5489309,49585347.9300,0.878600,1,1.564200,15.720175,1.671816,1.511056,3.917841,0
2023-03-14,sh.600846,9.1100,9.1500,8.8300,8.9300,9.0900,4020211,35890021.3000,0.643500,1,-1.760200,15.443473,1.642389,1.484459,3.848880,0
2023-03-15,sh.600846,8.9700,9.0600,8.8700,9.0300,8.9300,5024507,45203006.3800,0.804200,1,1.119800,15.616412,1.660781,1.501082,3.891980,0
2023-03-16,sh.600846,9.0000,9.0800,8.9000,8.9000,9.0300,3208100,28832675.0000,0.513500,1,-1.439600,15.391591,1.636871,1.479472,3.835950,0
2023-03-17,sh.600846,8.9500,9.1500,8.9300,8.9300,8.9000,5469317,49332629.8300,0.875400,1,0.337100,15.443473,1.642389,1.484459,3.848880,0
2023-03-20,sh.600846,9.0000,9.0600,8.9000,8.9000,8.9300,5089414,45572637.1600,0.814600,1,-0.335900,15.391591,1.636871,1.479472,3.835950,0
2023-03-21,sh.600846,8.8700,9.0100,8.8000,8.8900,8.9000,5216361,46275359.8600,0.834900,1,-0.112400,15.374297,1.635032,1.477810,3.831640,0
2023-03-22,sh.600846,8.9200,9.1300,8.9200,9.0400,8.8900,4655349,42020539.7100,0.745100,1,1.687300,15.633706,1.662620,1.502745,3.896291,0
2023-03-23,sh.600846,9.0300,9.0300,8.9400,8.9900,9.0400,2762630,24761617.4000,0.442200,1,-0.553100,15.547236,1.653424,1.494433,3.874740,0
2023-03-24,sh.600846,8.9600,9.0000,8.8800,8.9000,8.9900,3503640,31273582.2000,0.560800,1,-1.001100,15.391591,1.636871,1.479472,3.835950,0
2023-03-27,sh.600846,8.9600,9.1900,8.8500,9.0500,8.9000,7102869,63973929.5200,1.136900,1,1.685400,15.651000,1.664459,1.504407,3.900601,0
2023-03-28,sh.600846,9.0700,9.1800,8.8800,8.8900,9.0500,7678912,69338757.9900,1.229100,1,-1.768000,15.374297,1.635032,1.477810,3.831640,0
2023-03-29,sh.600846,8.8900,8.9700,8.8400,8.8700,8.8900,3460501,30730938.8600,0.553900,1,-0.225000,15.339709,1.631354,1.474485,3.823020,0
2023-03-30,sh.600846,8.8600,8.9400,8.8100,8.8300,8.8700,3076700,27199358.0000,0.492500,1,-0.451000,15.270533,1.623997,1.467836,3.805779,0
2023-03-31,sh.600846,8.8500,8.8600,8.7100,8.7500,8.8300,4088400,35897573.2700,0.654400,1,-0.906000,15.132182,1.609283,1.454537,3.771299,0
2023-04-03,sh.600846,8.7500,8.9100,8.7100,8.8900,8.7500,4210800,37098644.0000,0.674000,1,1.600000,15.374297,1.635032,1.477810,3.831640,0
2023-04-04,sh.600846,8.8700,9.1800,8.8400,9.0700,8.8900,9122857,82838731.3800,1.460200,1,2.024700,15.685587,1.668137,1.507732,3.909221,0
2023-04-06,sh.600846,9.0500,9.0700,8.9200,9.0100,9.0700,4495938,40413653.9100,0.719600,1,-0.661500,15.581824,1.657102,1.497758,3.883360,0
2023-04-07,sh.600846,9.0800,9.2500,9.0300,9.0900,9.0100,9914102,90608587.1500,1.586900,1,0.887900,15.720175,1.671816,1.511056,3.917841,0
2023-04-10,sh.600846,9.0600,9.1200,8.9000,8.9200,9.0900,8370588,74895887.0000,1.339800,1,-1.870200,15.426179,1.640550,1.482797,3.844570,0
2023-04-11,sh.600846,8.9400,9.1100,8.7800,9.0300,8.9200,6919524,61907947.4600,1.107500,1,1.233200,15.616412,1.660781,1.501082,3.891980,0
2023-04-12,sh.600846,9.0400,9.1600,9.0200,9.0500,9.0300,5637806,51186914.6400,0.902400,1,0.221500,16.051334,1.591292,1.434047,3.690918,0
2023-04-13,sh.600846,9.0500,9.1300,9.0100,9.1100,9.0500,4802653,43645509.8100,0.768700,1,0.663000,16.157752,1.601842,1.443555,3.715389,0
2023-04-14,sh.600846,9.0900,9.1600,9.0600,9.1400,9.1100,6534000,59661170.5900,1.045800,1,0.329300,16.210960,1.607117,1.448308,3.727624,0
2023-04-17,sh.600846,9.1700,9.3700,9.1100,9.3000,9.1400,9235039,85395753.0300,1.478200,1,1.750500,16.494741,1.635251,1.473662,3.792877,0
2023-04-18,sh.600846,9.2800,9.5300,9.2800,9.5000,9.3000,11928100,112688621.4900,1.909200,1,2.150500,16.849467,1.670417,1.505353,3.874445,0
2023-04-19,sh.600846,9.5000,10.3000,9.4700,10.1500,9.5000,25298229,251590269.4600,4.049300,1,6.842100,18.002325,1.784709,1.608351,4.139538,0
2023-04-20,sh.600846,10.1800,10.5400,10.1700,10.4300,10.1500,26640993,276893931.0000,4.264200,1,2.758600,18.498941,1.833943,1.652720,4.253732,0
2023-04-21,sh.600846,10.5300,10.5300,9.8500,9.9500,10.4300,20550469,207443939.9400,3.289300,1,-4.602100,17.647599,1.749543,1.576660,4.057971,0
2023-04-24,sh.600846,9.9200,10.2200,9.9100,10.0000,9.9500,11846064,119345130.2900,1.896100,1,0.502500,17.736281,1.758334,1.584583,4.078363,0
2023-04-25,sh.600846,10.0100,10.0900,9.6900,9.8400,10.0000,10396981,102386860.4700,1.664200,1,-1.600000,17.452500,1.730201,1.559229,4.013109,0
2023-04-26,sh.600846,9.8800,10.1500,9.7900,10.0400,9.8400,9766000,97228675.3000,1.563200,1,2.032500,17.807226,1.765368,1.590921,4.094676,0
2023-04-27,sh.600846,10.0500,10.3700,10.0400,10.2200,10.0400,16535485,168721763.9500,2.646700,1,1.792800,18.126479,1.797018,1.619443,4.168087,0
2023-04-28,sh.600846,10.2300,10.3600,9.9100,10.3300,10.2200,19462643,197856481.1300,3.115200,1,1.076300,18.321578,1.816359,1.636874,4.212949,0
2023-05-04,sh.600846,10.2000,10.5000,10.1100,10.4500,10.3300,11687032,120291011.4100,1.870600,1,1.161700,17.254822,1.795940,1.538746,166.026081,0
2023-05-05,sh.600846,10.3700,10.7000,10.2700,10.4800,10.4500,15495816,162353843.3100,2.480300,1,0.287100,17.304357,1.801095,1.543164,166.502711,0
2023-05-08,sh.600846,10.6000,10.6100,10.2500,10.4900,10.4800,11059888,115548014.0000,1.770300,1,0.095400,17.320869,1.802814,1.544636,166.661588,0
2023-05-09,sh.600846,10.5400,10.6100,10.3900,10.5500,10.4900,12513092,131434151.2400,2.002900,1,0.572000,17.419940,1.813126,1.553471,167.614847,0
2023-05-10,sh.600846,10.5300,10.5700,10.3000,10.4000,10.5500,11463023,119518673.4000,1.834800,1,-1.421800,17.172263,1.787346,1.531384,165.231698,0
2023-05-11,sh.600846,10.4900,10.8100,10.4300,10.6700,10.4000,20150962,215439342.6200,3.225400,1,2.596200,17.618081,1.833749,1.571141,169.521367,0
2023-05-12,sh.600846,10.7000,11.0600,10.6100,10.9500,10.6700,22429015,244686354.2000,3.590000,1,2.624200,18.080411,1.881870,1.612371,173.969913,0
2023-05-15,sh.600846,11.0200,11.0600,10.2300,10.9400,10.9500,20676858,219986722.3000,3.309600,1,-0.091300,18.063899,1.880151,1.610898,173.811036,0
2023-05-16,sh.600846,10.9400,10.9400,10.5000,10.6800,10.9400,12719611,135101453.1900,2.035900,1,-2.376600,17.634593,1.835467,1.572614,169.680244,0
2023-05-17,sh.600846,10.6200,11.3500,10.4600,11.3000,10.6800,19361853,214357345.3500,3.099100,1,5.805200,18.658324,1.942021,1.663908,179.530595,0
2023-05-18,sh.600846,11.3100,11.4000,11.1200,11.3400,11.3000,12862567,144872641.9300,2.058800,1,0.354000,18.724371,1.948895,1.669798,180.166101,0
2023-05-19,sh.600846,11.3400,11.4900,11.0700,11.3500,11.3400,13512621,153096749.1200,2.162800,1,0.088200,18.740883,1.950614,1.671270,180.324978,0
2023-05-22,sh.600846,11.5000,12.2300,11.3500,11.4300,11.3500,32379882,378513185.4900,5.182800,1,0.704800,18.872977,1.964363,1.683050,181.595991,0
2023-05-23,sh.600846,11.3300,11.5300,10.6500,10.7300,11.4300,27487855,304341681.1400,4.399700,1,-6.124200,17.717152,1.844060,1.579976,170.474627,0
2023-05-24,sh.600846,10.8000,10.9800,10.4900,10.7600,10.7300,15509363,166384503.3100,2.482400,1,0.279600,17.766687,1.849216,1.584393,170.951257,0
2023-05-25,sh.600846,10.7200,11.0400,10.6600,10.8500,10.7600,10666315,115578126.3500,1.707300,1,0.836400,17.915293,1.864684,1.597646,172.381146,0
2023-05-26,sh.600846,10.8500,11.1000,10.6500,10.8000,10.8500,13891833,151044926.6500,2.223500,1,-0.460800,17.832734,1.856091,1.590283,171.586763,0
2023-05-29,sh.600846,10.8000,10.8800,10.3000,10.4200,10.8000,16038506,168933544.2800,2.567100,1,-3.518500,17.205286,1.790784,1.534329,165.549451,0
2023-05-30,sh.600846,10.3700,10.6300,10.3300,10.4400,10.4200,8726459,91186003.6000,1.396800,1,0.191900,17.238310,1.794221,1.537274,165.867204,0
2023-05-31,sh.600846,10.3600,10.5200,10.3200,10.3800,10.4400,6654434,69293813.6500,1.065100,1,-0.574700,17.139239,1.783909,1.528439,164.913945,0
2023-06-01,sh.600846,10.3400,10.8800,10.2900,10.4900,10.3800,14555052,154929367.5600,2.329700,1,1.059700,17.320869,1.802814,1.544636,166.661588,0
2023-06-02,sh.600846,10.4500,10.7400,10.4000,10.6500,10.4900,9071331,96169754.9400,1.452000,1,1.525300,17.585057,1.830312,1.568196,169.203614,0
2023-06-05,sh.600846,10.6000,10.9900,10.5600,10.5900,10.6500,6705342,71922164.7000,1.073300,1,-0.563400,17.485987,1.820000,1.559361,168.250354,0
2023-06-06,sh.600846,10.5900,10.7100,10.3900,10.4000,10.5900,5314735,56107680.2200,0.850700,1,-1.794100,17.172263,1.787346,1.531384,165.231698,0
2023-06-07,sh.600846,10.4600,10.8700,10.4400,10.8400,10.4000,10141006,109074939.1500,1.623200,1,4.230800,17.898781,1.862965,1.596173,172.222270,0
2023-06-08,sh.600846,10.8800,11.1900,10.6200,10.9300,10.8400,19333483,211828980.8700,3.094500,1,0.830300,18.047388,1.878432,1.609426,173.652159,0
2023-06-09,sh.600846,10.9200,11.0300,10.8200,10.9700,10.9300,8428387,92192457.6600,1.349100,1,0.366000,18.113435,1.885307,1.615316,174.287666,0
2023-06-12,sh.600846,10.8400,11.1500,10.7400,11.0900,10.9700,15375004,169174257.8500,2.460900,1,1.093900,18.311576,1.905930,1.632985,176.194185,0
2023-06-13,sh.600846,11.1000,11.1100,10.8700,10.9300,11.0900,9197387,100518460.8200,1.472100,1,-1.442700,18.047388,1.878432,1.609426,173.652159,0
2023-06-14,sh.600846,10.9600,11.1100,10.7700,10.8900,10.9300,10352735,113126740.8400,1.657100,1,-0.366000,17.981340,1.871558,1.603536,173.016653,0
2023-06-15,sh.600846,10.9600,10.9900,10.8600,10.9200,10.8900,5179145,56488781.1800,0.829000,1,0.275500,18.030876,1.876714,1.607953,173.493283,0
2023-06-16,sh.600846,10.9700,11.0600,10.8300,11.0300,10.9200,10459825,114662148.4000,1.674200,1,1.007300,18.212505,1.895618,1.624150,175.240926,0
2023-06-19,sh.600846,11.0000,11.2200,10.9500,11.1600,11.0300,8462016,94059766.1200,1.354400,1,1.178600,18.427159,1.917960,1.643293,177.306322,0
2023-06-20,sh.600846,11.2400,11.7000,11.1500,11.2800,11.1600,14733434,167954906.7600,2.358200,1,1.075300,18.625300,1.938584,1.660963,179.212841,0
2023-06-21,sh.600846,11.2700,11.5700,11.1400,11.2100,11.2800,15360500,174689548.0000,2.458600,1,-0.620600,18.509718,1.926553,1.650655,178.100705,0
2023-06-26,sh.600846,11.2300,11.3700,10.7300,11.0400,11.2100,15552502,171656440.7800,2.489400,1,-1.516500,18.229017,1.897337,1.625623,175.399802,0
2023-06-27,sh.600846,11.0500,11.5500,10.9700,11.4900,11.0400,15037676,170732431.2400,2.406900,1,4.076100,18.972048,1.974674,1.691885,182.549251,0
2023-06-28,sh.600846,11.4700,11.5900,11.2300,11.5200,11.4900,9119701,104188162.7500,1.459700,1,0.261100,19.021583,1.979830,1.696302,183.025881,0
2023-06-29,sh.600846,11.5400,12.1000,11.4900,11.7200,11.5200,18675815,221638813.7700,2.989300,1,1.736100,19.351819,2.014202,1.725752,186.203413,0
2023-06-30,sh.600846,11.6500,11.7900,11.0000,11.2000,11.7200,21878971,248330470.9500,3.502000,1,-4.436900,18.493206,1.924835,1.649183,177.941828,0
2023-07-03,sh.600846,11.3100,11.3200,10.5300,10.7600,11.2000,17078748,185328157.1900,2.733600,1,-3.928600,17.766687,1.849216,1.584393,170.951257,0
2023-07-04,sh.600846,10.7300,10.9600,10.7300,10.7800,10.7600,8459440,91638809.8000,1.354000,1,0.185900,17.799711,1.852653,1.587338,171.269010,0
2023-07-05,sh.600846,11.3400,11.6200,10.1700,10.3700,10.7800,50871525,548904994.4300,8.142600,1,-3.803300,17.122727,1.782191,1.526966,164.755068,0
2023-07-06,sh.600846,10.2400,10.5700,9.5800,9.7600,10.3700,37986934,381210740.4200,6.080200,1,-5.882400,16.115508,1.677356,1.437145,155.063593,0
2023-07-07,sh.600846,9.7000,9.9400,9.3600,9.6000,9.7600,28013595,269404595.6500,4.483900,1,-1.639300,15.851319,1.649858,1.413585,152.521567,0
2023-07-10,sh.600846,9.5400,9.8500,9.4600,9.8200,9.6000,14508359,139643756.1200,2.322200,1,2.291700,16.214579,1.687668,1.445980,156.016853,0
2023-07-11,sh.600846,9.7800,10.0500,9.6300,10.0100,9.8200,15550554,153097871.4500,2.489000,1,1.934800,16.528303,1.720321,1.473957,159.035509,0
2023-07-12,sh.600846,9.9200,10.0200,9.7300,9.8000,10.0100,14273489,139985648.9000,2.284600,1,-2.097900,16.181555,1.684230,1.443035,155.699100,0
2023-07-13,sh.600846,9.7700,9.9300,9.7100,9.8500,9.8000,7534618,74085599.3300,1.206000,1,0.510200,16.264114,1.692823,1.450397,156.493483,0
2023-07-14,sh.600846,9.8000,9.9000,9.5400,9.6200,9.8500,14875685,144685442.0700,2.381000,1,-2.335000,15.884343,1.653296,1.416530,152.839321,0
2023-07-17,sh.600846,9.5900,9.7400,9.5000,9.7300,9.6200,8219983,79212041.9200,1.315700,1,1.143500,16.065973,1.672200,1.432727,154.586963,0
2023-07-18,sh.600846,9.7400,9.8500,9.6500,9.7600,9.7300,5873239,57420267.0500,0.940100,1,0.308300,16.115508,1.677356,1.437145,155.063593,0
2023-07-19,sh.600846,9.7800,9.8600,9.7400,9.7600,9.7600,4769541,46699775.3700,0.763400,1,0.000000,16.115508,1.677356,1.437145,155.063593,0
2023-07-20,sh.600846,9.8200,9.8300,9.5500,9.5700,9.7600,7816502,75479073.1200,1.251100,1,-1.946700,15.801784,1.644702,1.409168,152.044937,0
2023-07-21,sh.600846,9.5800,9.6300,9.5000,9.5400,9.5700,4484501,42919263.4800,0.717800,1,-0.313500,15.752249,1.639547,1.404750,151.568307,0
2023-07-24,sh.600846,9.5400,9.7900,9.5100,9.7100,9.5400,6278073,60862322.8000,1.004900,1,1.782000,16.032949,1.668763,1.429783,154.269210,0
2023-07-25,sh.600846,9.7200,9.9200,9.7200,9.8300,9.7100,7202740,70847690.6000,1.152900,1,1.235800,16.231091,1.689386,1.447452,156.175730,0
2023-07-26,sh.600846,9.8300,9.9200,9.7800,9.8200,9.8300,6259100,61601310.0000,1.001800,1,-0.101700,16.214579,1.687668,1.445980,156.016853,0
2023-07-27,sh.600846,9.7700,9.8800,9.7000,9.7900,9.8200,6684342,65466160.4700,1.069900,1,-0.305500,16.165043,1.682512,1.441562,155.540223,0
2023-07-28,sh.600846,9.8500,9.9500,9.5500,9.8200,9.7900,11204542,109419169.2600,1.793400,1,0.306400,16.214579,1.687668,1.445980,156.016853,0
2023-07-31,sh.600846,9.7900,10.0900,9.7800,10.0100,9.8200,14331011,142502732.8300,2.293800,1,1.934800,16.528303,1.720321,1.473957,159.035509,0
2023-08-01,sh.600846,9.9200,10.0400,9.7900,10.0100,10.0100,9533801,94542837.9500,1.526000,1,0.000000,16.528303,1.720321,1.473957,159.035509,0
2023-08-02,sh.600846,9.9900,10.1900,9.9300,10.0100,10.0100,9878200,99370769.0000,1.581100,1,0.000000,16.528303,1.720321,1.473957,159.035509,0
2023-08-03,sh.600846,10.0800,10.0800,9.9200,9.9700,10.0100,5241587,52258977.3900,0.839000,1,-0.399600,16.462256,1.713447,1.468067,158.400003,0
2023-08-04,sh.600846,9.9900,10.0700,9.9000,9.9000,9.9700,6200240,61765832.3200,0.992400,1,-0.702100,16.346673,1.701416,1.457760,157.287866,0
2023-08-07,sh.600846,9.8800,9.8900,9.6100,9.6200,9.9000,7041999,68438411.7000,1.127100,1,-2.828300,15.884343,1.653296,1.416530,152.839321,0
2023-08-08,sh.600846,9.6500,9.7000,9.5200,9.5300,9.6200,4281142,41075238.6100,0.685200,1,-0.935600,15.735737,1.637828,1.403278,151.409431,0
2023-08-09,sh.600846,9.5400,9.6100,9.4100,9.5500,9.5300,4618931,44136801.6600,0.739300,1,0.209900,15.768760,1.641265,1.406223,151.727184,0
2023-08-10,sh.600846,9.5500,10.1000,9.5200,9.8000,9.5500,16277108,160441233.9600,2.605300,1,2.617800,16.181555,1.684230,1.443035,155.699100,0
2023-08-11,sh.600846,9.8000,9.8600,9.4800,9.5400,9.8000,8126311,78470919.7000,1.300700,1,-2.653100,15.752249,1.639547,1.404750,151.568307,0
2023-08-14,sh.600846,9.5000,9.7200,9.4500,9.7100,9.5400,5426418,52380207.4400,0.868600,1,1.782000,16.032949,1.668763,1.429783,154.269210,0
2023-08-15,sh.600846,9.7500,9.7500,9.4600,9.5500,9.7100,4196505,40183292.8700,0.671700,1,-1.647800,15.768760,1.641265,1.406223,151.727184,0
2023-08-16,sh.600846,9.5500,9.6200,9.5000,9.5200,9.5500,2312918,22097955.4200,0.370200,1,-0.314100,15.719225,1.636109,1.401805,151.250554,0
2023-08-17,sh.600846,9.4800,9.6300,9.4200,9.5800,9.5200,6163000,58860141.8000,0.986500,1,0.630300,15.818296,1.646421,1.410640,152.203814,0
2023-08-18,sh.600846,9.5900,9.7100,9.4500,9.4500,9.5800,4021418,38539959.1100,0.643700,1,-1.357000,15.603643,1.624079,1.391498,150.138418,0
2023-08-21,sh.600846,9.5300,9.6200,9.4400,9.4500,9.4500,3812318,36351730.9900,0.610200,1,0.000000,15.603643,1.624079,1.391498,150.138418,0
2023-08-22,sh.600846,9.4500,9.5800,9.3300,9.4900,9.4500,4641743,43704112.9100,0.743000,1,0.423300,15.669690,1.630954,1.397388,150.773924,0
2023-08-23,sh.600846,9.5000,9.5400,9.3500,9.4100,9.4900,3946100,37324636.9500,0.631600,1,-0.843000,15.537595,1.617205,1.385608,149.502911,0
2023-08-24,sh.600846,9.4600,9.5200,9.2200,9.2500,9.4100,7308378,68421157.8300,1.169800,1,-1.700300,15.273407,1.589707,1.362048,146.960885,0
2023-08-25,sh.600846,9.1700,9.3900,9.1000,9.1800,9.2500,5742876,53101001.9200,0.919200,1,-0.756800,15.157824,1.577677,1.351741,145.848749,0
2023-08-28,sh.600846,9.5300,9.6800,9.2600,9.3000,9.1800,12954003,122767210.1800,2.073400,1,1.307200,12.364533,1.549008,0.994137,19.378712,0
2023-08-29,sh.600846,9.2700,9.5400,9.2400,9.5300,9.3000,7089646,66820682.2600,1.134800,1,2.473100,12.670322,1.587317,1.018723,19.857971,0
2023-08-30,sh.600846,9.5200,9.5500,9.3100,9.3400,9.5300,7787384,73174273.3600,1.246500,1,-1.993700,12.417714,1.555671,0.998413,19.462062,0
2023-08-31,sh.600846,9.3200,9.3900,8.9700,9.1600,9.3400,8644316,79084564.2900,1.383600,1,-1.927200,12.178400,1.525690,0.979171,19.086990,0
2023-09-01,sh.600846,9.1500,9.4100,9.1500,9.4000,9.1600,6812021,63457853.2200,1.090300,1,2.620100,12.497485,1.565664,1.004826,19.587085,0
2023-09-04,sh.600846,9.4000,10.0000,9.3800,9.8500,9.4000,19444923,191220691.6800,3.112400,1,4.787200,13.095769,1.640616,1.052930,20.524765,0
2023-09-05,sh.600846,9.8200,10.0200,9.6800,9.9400,9.8500,15903442,158018102.1300,2.545500,1,0.913700,13.215425,1.655607,1.062550,20.712301,0
2023-09-06,sh.600846,9.9300,10.2300,9.8700,10.1400,9.9400,19816835,199891165.0200,3.171900,1,2.012100,13.481329,1.688919,1.083930,21.129047,0
2023-09-07,sh.600846,10.1400,10.2100,9.9000,9.9400,10.1400,9571752,96070374.0900,1.532100,1,-1.972400,13.215425,1.655607,1.062550,20.712301,0
2023-09-08,sh.600846,9.8400,9.9100,9.4100,9.4700,9.9400,11657719,112381521.0000,1.865900,1,-4.728400,12.590551,1.577323,1.012309,19.732947,0
2023-09-11,sh.600846,9.4500,9.6500,9.3900,9.4300,9.4700,10434757,98964871.1500,1.670200,1,-0.422400,12.537370,1.570661,1.008033,19.649597,0
2023-09-12,sh.600846,9.4400,9.5800,9.3500,9.5100,9.4300,5625146,53268849.2800,0.900400,1,0.848400,12.643732,1.583986,1.016585,19.816296,0
2023-09-13,sh.600846,9.5200,9.7600,9.4400,9.5500,9.5100,8298902,79535523.3000,1.328300,1,0.420600,12.696913,1.590648,1.020861,19.899645,0
2023-09-14,sh.600846,9.5600,9.5900,9.3400,9.4100,9.5500,5719600,54016628.0000,0.915500,1,-1.466000,12.510780,1.567330,1.005895,19.607923,0
2023-09-15,sh.600846,9.4300,9.4700,9.3500,9.3700,9.4100,3433941,32288146.2200,0.549600,1,-0.425100,12.457599,1.560667,1.001619,19.524573,0
2023-09-18,sh.600846,9.3700,9.5200,9.3100,9.5000,9.3700,5476200,51689200.0000,0.876500,1,1.387400,12.630437,1.582320,1.015516,19.795459,0
2023-09-19,sh.600846,9.5000,9.5000,9.3100,9.3400,9.5000,4484145,42194255.4500,0.717700,1,-1.684200,12.417714,1.555671,0.998413,19.462062,0
2023-09-20,sh.600846,9.4300,9.5400,9.2300,9.4100,9.3400,5249047,49556316.2200,0.840200,1,0.749500,12.510780,1.567330,1.005895,19.607923,0
2023-09-21,sh.600846,9.4000,9.4500,9.1800,9.2100,9.4100,6669519,61962268.1300,1.067500,1,-2.125400,12.244876,1.534018,0.984516,19.191176,0
2023-09-22,sh.600846,9.1800,9.8400,9.1800,9.8000,9.2100,12850768,122808135.0100,2.056900,1,6.406100,13.029293,1.632288,1.047585,20.420578,0
2023-09-25,sh.600846,9.7800,9.9400,9.6400,9.7200,9.8000,9547446,93260735.8200,1.528200,1,-0.816300,12.922931,1.618963,1.039033,20.253880,0
2023-09-26,sh.600846,9.7400,9.7400,9.6200,9.6800,9.7200,3277988,31712362.0800,0.524700,1,-0.411500,12.869750,1.612301,1.034757,20.170531,0
2023-09-27,sh.600846,9.7700,9.8800,9.6400,9.7700,9.6800,7674119,75169653.9600,1.228300,1,0.929800,12.989407,1.627291,1.044378,20.358066,0
2023-09-28,sh.600846,9.7900,9.9800,9.7700,9.8300,9.7700,8287500,81773117.5800,1.326500,1,0.614100,13.069178,1.637285,1.050792,20.483090,0
2023-10-09,sh.600846,9.8600,9.8600,9.6000,9.6000,9.8300,5890694,56975519.2400,0.942900,1,-2.339800,12.763389,1.598976,1.026206,20.003832,0
2023-10-10,sh.600846,9.6500,9.7200,9.5000,9.6400,9.6000,4151901,39894696.6900,0.664600,1,0.416700,12.816569,1.605639,1.030481,20.087181,0
2023-10-11,sh.600846,9.6700,9.7800,9.4900,9.5000,9.6400,7851001,75413286.5100,1.256600,1,-1.452300,12.630437,1.582320,1.015516,19.795459,0
2023-10-12,sh.600846,9.5100,9.6000,9.4600,9.5000,9.5000,4623500,44018973.0000,0.740000,1,0.000000,12.630437,1.582320,1.015516,19.795459,0
2023-10-13,sh.600846,9.4300,9.4500,8.8200,9.2000,9.5000,12937593,118229602.0900,2.070800,1,-3.157900,12.231581,1.532352,0.983447,19.170339,0
2023-10-16,sh.600846,9.1600,9.6200,9.1600,9.4900,9.2000,10135191,95868529.4200,1.622200,1,3.152200,12.617142,1.580655,1.014447,19.774621,0
2023-10-17,sh.600846,9.4600,9.5600,9.3600,9.4600,9.4900,3810504,35971616.6000,0.609900,1,-0.316100,12.577256,1.575658,1.011240,19.712109,0
2023-10-18,sh.600846,9.4500,9.4900,9.3100,9.4400,9.4600,3732833,35116605.7800,0.597500,1,-0.211400,12.550666,1.572327,1.009102,19.670435,0
2023-10-19,sh.600846,9.4100,9.4900,9.1700,9.1800,9.4400,3954868,36788373.9600,0.633000,1,-2.754200,12.204990,1.529021,0.981309,19.128664,0
2023-10-20,sh.600846,9.1600,9.2400,8.4500,8.4700,9.1800,16611980,145355801.0000,2.658900,1,-7.734200,11.261031,1.410763,0.905413,17.649214,0
2023-10-23,sh.600846,8.4000,8.5300,7.8700,7.9500,8.4700,13596219,110994515.2300,2.176200,1,-6.139300,10.569681,1.324152,0.849827,16.565673,0
2023-10-24,sh.600846,8.0400,8.3800,8.0000,8.3700,7.9500,9002576,74350250.8300,1.441000,1,5.283000,11.128080,1.394107,0.894723,17.440841,0
2023-10-25,sh.600846,8.4700,8.9500,8.3900,8.9100,8.3700,10790421,95019511.7600,1.727100,1,6.451600,11.846020,1.484050,0.952447,18.566057,0
2023-10-26,sh.600846,8.8900,8.8900,8.5900,8.8700,8.9100,7331439,64054222.9400,1.173500,1,-0.448900,11.792839,1.477387,0.948171,18.482707,0
2023-10-27,sh.600846,8.6900,8.7800,8.6400,8.7300,8.7000,4056700,35384747.0000,0.649300,1,0.344800,11.606707,1.454069,0.933206,18.190985,0
2023-10-30,sh.600846,8.7300,9.6000,8.7300,9.6000,8.7300,21705818,203528075.4400,3.474300,1,9.965600,12.763389,1.598976,1.026206,20.003832,0
2023-10-31,sh.600846,9.7000,10.1000,9.5700,9.9500,9.6000,32609573,322380018.1500,5.219500,1,3.645800,13.832611,1.620356,0.983154,-6.767844,0
2023-11-01,sh.600846,9.9700,10.0500,9.7500,9.9400,9.9500,15639094,154845060.9000,2.503200,1,-0.100500,13.818709,1.618728,0.982166,-6.761042,0
2023-11-02,sh.600846,9.8900,10.0200,9.7900,9.8100,9.9400,12628033,124692092.2500,2.021300,1,-1.307800,13.637982,1.597557,0.969320,-6.672618,0
2023-11-03,sh.600846,9.8100,9.9500,9.6700,9.7300,9.8100,10183628,99817401.7200,1.630000,1,-0.815500,13.526765,1.584529,0.961416,-6.618203,0
2023-11-06,sh.600846,9.8200,9.8300,9.6500,9.6900,9.7300,8839649,85824490.4000,1.414900,1,-0.411100,13.471156,1.578015,0.957463,-6.590996,0
2023-11-07,sh.600846,9.7000,9.7400,9.5600,9.7200,9.6900,6147322,59428253.9800,0.983900,1,0.309600,13.512863,1.582901,0.960427,-6.611401,0
2023-11-08,sh.600846,9.6800,9.7200,9.5600,9.6400,9.7200,5586615,53904735.7400,0.894200,1,-0.823000,13.401646,1.569873,0.952523,-6.556986,0
2023-11-09,sh.600846,9.6400,10.0100,9.6000,9.8900,9.6400,14492621,143477076.0700,2.319700,1,2.593400,13.749199,1.610585,0.977225,-6.727033,0
2023-11-10,sh.600846,9.8700,9.8700,9.7100,9.7100,9.8900,5885100,57526626.0000,0.942000,1,-1.820000,13.498960,1.581272,0.959439,-6.604599,0
2023-11-13,sh.600846,9.7800,9.7800,9.6200,9.6900,9.7100,4960458,47993009.1200,0.794000,1,-0.206000,13.471156,1.578015,0.957463,-6.590996,0
2023-11-14,sh.600846,9.6900,9.7100,9.6000,9.7100,9.6900,5255082,50772101.7000,0.841100,1,0.206400,13.498960,1.581272,0.959439,-6.604599,0
2023-11-15,sh.600846,9.7100,9.8000,9.6400,9.6600,9.7100,6372683,61880287.0900,1.020000,1,-0.514900,13.429450,1.573130,0.954499,-6.570590,0
2023-11-16,sh.600846,9.6300,9.6700,9.5600,9.5800,9.6600,4009565,38467541.7800,0.641800,1,-0.828200,13.318233,1.560102,0.946594,-6.516175,0
2023-11-17,sh.600846,9.5800,9.8500,9.5200,9.8200,9.5800,7014096,68176682.1400,1.122700,1,2.505200,13.651884,1.599186,0.970308,-6.679420,0
2023-11-20,sh.600846,9.8400,9.9900,9.7600,9.8900,9.8200,7520500,74224479.7800,1.203700,1,0.712800,13.749199,1.610585,0.977225,-6.727033,0
2023-11-21,sh.600846,9.8500,10.1000,9.7900,9.8500,9.8900,8334300,82948683.0000,1.334000,1,-0.404400,13.693590,1.604071,0.973273,-6.699825,0
2023-11-22,sh.600846,9.8300,9.8700,9.6500,9.6700,9.8500,4476438,43616819.9400,0.716500,1,-1.827400,13.443352,1.574758,0.955487,-6.577392,0
2023-11-23,sh.600846,9.6700,9.8900,9.6200,9.8800,9.6700,5704200,55878437.0000,0.913000,1,2.171700,13.735297,1.608957,0.976237,-6.720231,0
2023-11-24,sh.600846,9.8900,9.9600,9.7500,9.7600,9.8800,4164901,40903354.8000,0.666600,1,-1.214600,13.568471,1.589415,0.964380,-6.638609,0
2023-11-27,sh.600846,9.7800,9.9600,9.5300,9.7900,9.7600,6995160,67840660.8000,1.119700,1,0.307400,13.610177,1.594300,0.967344,-6.659014,0
2023-11-28,sh.600846,9.8600,9.8600,9.6200,9.6700,9.7900,3394900,32939887.5500,0.543400,1,-1.225700,13.443352,1.574758,0.955487,-6.577392,0
2023-11-29,sh.600846,9.7900,9.8200,9.6100,9.6100,9.6700,3634693,35238244.2400,0.581800,1,-0.620500,13.359939,1.564987,0.949558,-6.536581,0
2023-11-30,sh.600846,9.6100,9.6900,9.4800,9.5600,9.6100,3749637,35806154.7600,0.600200,1,-0.520300,13.290429,1.556845,0.944618,-6.502572,0
2023-12-01,sh.600846,9.5600,9.8000,9.5500,9.7800,9.5600,4969700,48319579.0000,0.795500,1,2.301300,13.596275,1.592672,0.966356,-6.652212,0
2023-12-04,sh.600846,9.7600,9.7800,9.3400,9.4900,9.7800,10147112,96492734.3600,1.624200,1,-2.965200,13.193114,1.545445,0.937701,-6.454959,0
2023-12-05,sh.600846,9.4900,9.4900,9.2500,9.2600,9.4900,5209783,48605247.7500,0.833900,1,-2.423600,12.873365,1.507990,0.914975,-6.298516,0
2023-12-06,sh.600846,9.2000,9.4800,9.2000,9.4500,9.2600,6621541,61985128.3100,1.059900,1,2.051800,13.137505,1.538931,0.933749,-6.427751,0
2023-12-07,sh.600846,9.4500,9.4700,9.3200,9.3500,9.4500,3069101,28757232.3300,0.491200,1,-1.058200,12.998484,1.522646,0.923868,-6.359733,0
2023-12-08,sh.600846,9.3500,9.3800,9.2600,9.2800,9.3500,3232421,30116376.8800,0.517400,1,-0.748700,12.901169,1.511247,0.916951,-6.312120,0
2023-12-11,sh.600846,9.2600,10.2100,9.2300,10.2100,9.2800,26476818,262771739.8700,4.237900,1,10.021600,14.194067,1.662697,1.008844,-6.944692,0
2023-12-12,sh.600846,10.2100,11.0100,10.2100,10.5500,10.2100,44330274,472391705.3600,7.095600,1,3.330100,14.666739,1.718066,1.042439,-7.175955,0
2023-12-13,sh.600846,10.5400,10.6500,10.2900,10.3300,10.5500,20308582,211398622.1200,3.250600,1,-2.085300,14.360892,1.682239,1.020701,-7.026314,0
2023-12-14,sh.600846,10.2500,10.4000,10.1600,10.2400,10.3300,12826169,131873335.6800,2.053000,1,-0.871200,14.235773,1.667583,1.011808,-6.965098,0
2023-12-15,sh.600846,10.2800,10.5500,10.1800,10.4000,10.2400,20843221,215865990.0400,3.336200,1,1.562500,14.458207,1.693639,1.027618,-7.073927,0
2023-12-18,sh.600846,10.4200,10.6400,10.1600,10.2400,10.4000,20105861,209430636.2100,3.218200,1,-1.538500,14.235773,1.667583,1.011808,-6.965098,0
2023-12-19,sh.600846,10.2000,10.3200,10.0400,10.1800,10.2400,11952584,121709840.2400,1.913100,1,-0.585900,14.152360,1.657812,1.005880,-6.924286,0
2023-12-20,sh.600846,10.1700,10.2000,9.7800,9.8200,10.1800,12539393,124326015.1000,2.007100,1,-3.536300,13.651884,1.599186,0.970308,-6.679420,0
2023-12-21,sh.600846,9.8200,10.1500,9.7600,10.0200,9.8200,12444116,124313309.7700,1.991800,1,2.036700,13.929926,1.631756,0.990070,-6.815457,0
2023-12-22,sh.600846,10.1000,10.1700,9.8500,9.8800,10.0200,9521228,94691622.0000,1.524000,1,-1.397200,13.735297,1.608957,0.976237,-6.720231,0
2023-12-25,sh.600846,9.8500,9.9200,9.6400,9.8100,9.8800,6321700,61811056.0000,1.011900,1,-0.708500,13.637982,1.597557,0.969320,-6.672618,0
2023-12-26,sh.600846,9.8400,9.8400,9.2400,9.3300,9.8100,12139107,113890704.2900,1.943000,1,-4.893000,12.970680,1.519389,0.921892,-6.346129,0
2023-12-27,sh.600846,9.2800,9.5800,9.2800,9.4300,9.3300,8253440,77802745.6000,1.321100,1,1.071800,13.109701,1.535674,0.931773,-6.414147,0
2023-12-28,sh.600846,9.4100,9.5000,8.9700,9.3600,9.4300,13176932,122074890.6800,2.109100,1,-0.742300,13.012386,1.524275,0.924856,-6.366535,0
2023-12-29,sh.600846,9.3600,9.5300,9.2900,9.3000,9.3600,9963576,93444184.7800,1.594800,1,-0.641000,12.928973,1.514504,0.918928,-6.325723,0
2024-01-02,sh.600846,9.3000,9.5000,9.1400,9.3700,9.3000,10127110,94431402.7000,1.621000,1,0.752700,13.026288,1.525903,0.925844,-6.373336,0
2024-01-03,sh.600846,9.3500,9.4900,9.3200,9.3700,9.3700,6986863,65713191.6500,1.118300,1,0.000000,13.026288,1.525903,0.925844,-6.373336,0
2024-01-04,sh.600846,9.3800,9.3900,9.2400,9.3100,9.3700,4016091,37348395.2100,0.642800,1,-0.640300,12.942876,1.516132,0.919916,-6.332525,0
2024-01-05,sh.600846,9.3100,9.3500,9.0200,9.1000,9.3100,8762794,80231219.8800,1.402600,1,-2.255600,12.650931,1.481934,0.899166,-6.189686,0
2024-01-08,sh.600846,9.0500,9.1400,9.0100,9.0100,9.1000,3843596,34840778.6000,0.615200,1,-0.989000,12.525812,1.467277,0.890273,-6.128470,0
2024-01-09,sh.600846,9.0100,9.2300,9.0000,9.1400,9.0100,3888994,35467530.7600,0.622500,1,1.442800,12.706540,1.488448,0.903118,-6.216894,0
2024-01-10,sh.600846,9.1000,9.2100,8.9600,9.0000,9.1400,4476867,40663222.7600,0.716600,1,-1.531700,12.511910,1.465649,0.889285,-6.121668,0
2024-01-11,sh.600846,9.0000,9.1700,8.9600,9.1300,9.0000,3525859,32123421.4600,0.564400,1,1.444400,12.692637,1.486819,0.902130,-6.210092,0
2024-01-12,sh.600846,9.1000,9.2600,8.8900,8.9800,9.1300,7013322,63686658.3400,1.122600,1,-1.642900,12.484106,1.462392,0.887309,-6.108064,0
2024-01-15,sh.600846,8.9900,9.2500,8.9400,9.0600,8.9800,5451980,49459390.0000,0.872600,1,0.890900,12.595323,1.475420,0.895213,-6.162479,0
2024-01-16,sh.600846,9.0600,9.3800,8.9800,9.3500,9.0600,8556394,78382834.7400,1.369500,1,3.200900,12.998484,1.522646,0.923868,-6.359733,0
2024-01-17,sh.600846,9.2600,9.3100,9.0000,9.0500,9.3500,9375576,85340702.8000,1.500700,1,-3.208600,12.581420,1.473791,0.894225,-6.155677,0
2024-01-18,sh.600846,8.9700,9.3500,8.9100,9.3300,9.0500,11851144,108163132.5900,1.896900,1,3.093900,12.970680,1.519389,0.921892,-6.346129,0
2024-01-19,sh.600846,9.3000,9.5700,9.2400,9.4600,9.3300,14523805,137331671.4100,2.324700,1,1.393400,13.151407,1.540560,0.934737,-6.434553,0
2024-01-22,sh.600846,9.4500,9.5600,8.7900,9.0800,9.4600,10245191,93965323.3400,1.639900,1,-4.016900,12.623127,1.478677,0.897189,-6.176083,0
2024-01-23,sh.600846,9.0500,9.2400,8.8900,9.1700,9.0800,6072687,55140766.1700,0.972000,1,0.991200,12.748246,1.493333,0.906082,-6.237299,0
2024-01-24,sh.600846,9.2500,9.4000,9.1200,9.4000,9.1700,11208247,103915541.9500,1.794000,1,2.508200,13.067995,1.530789,0.928808,-6.393742,0
2024-01-25,sh.600846,9.4000,9.8400,9.3800,9.7500,9.4000,21131198,203293177.8500,3.382300,1,3.723400,13.554569,1.587786,0.963392,-6.631807,0
2024-01-26,sh.600846,9.9200,9.9900,9.5500,9.5800,9.7500,18957276,184694345.9100,3.034300,1,-1.743600,13.318233,1.560102,0.946594,-6.516175,0
2024-01-29,sh.600846,9.5800,9.8700,9.3400,9.3600,9.5800,14480122,138736824.4600,2.317700,1,-2.296500,13.012386,1.524275,0.924856,-6.366535,0
2024-01-30,sh.600846,9.2000,9.2300,8.9200,8.9900,9.3600,10479030,94936051.6000,1.677300,1,-3.953000,12.498008,1.464020,0.888297,-6.114866,0
2024-01-31,sh.600846,8.9300,9.0500,8.4500,8.4600,8.9900,10902600,95067582.3600,1.745100,1,-5.895400,11.761195,1.377710,0.835928,-5.754368,0
2024-02-01,sh.600846,8.4300,8.6900,8.1100,8.6900,8.4600,9851900,82574000.0000,1.576900,1,2.718700,12.080944,1.415165,0.858654,-5.910810,0
2024-02-02,sh.600846,8.5900,8.6900,8.0600,8.4500,8.6900,8017821,66998256.1100,1.283300,1,-2.761800,11.747293,1.376081,0.834940,-5.747566,0
2024-02-05,sh.600846,8.3400,8.4800,7.8300,7.8900,8.4500,9004357,72756125.7200,1.441200,1,-6.627200,10.968774,1.284885,0.779606,-5.366662,0
2024-02-06,sh.600846,7.8000,8.2800,7.4600,8.0900,7.8900,9591347,75091637.1000,1.535200,1,2.534900,11.246817,1.317455,0.799368,-5.502699,0
2024-02-07,sh.600846,8.1100,8.2200,7.9500,8.0700,8.0900,6160136,50046875.7000,0.986000,1,-0.247200,11.219012,1.314198,0.797392,-5.489095,0
2024-02-08,sh.600846,8.1100,8.7000,8.0000,8.6300,8.0700,9181454,77407808.0800,1.469600,1,6.939300,11.997531,1.405394,0.852725,-5.869999,0
2024-02-19,sh.600846,8.6600,8.8100,8.5600,8.6600,8.6300,6571573,57180956.8200,1.051900,1,0.347600,12.039238,1.410280,0.855690,-5.890405,0
2024-02-20,sh.600846,8.6600,8.7000,8.4800,8.6300,8.6600,4278515,36786830.4300,0.684800,1,-0.346400,11.997531,1.405394,0.852725,-5.869999,0
2024-02-21,sh.600846,8.5900,9.0000,8.5200,8.8700,8.6300,11782754,103981916.7900,1.886000,1,2.781000,12.331182,1.444478,0.876439,-6.033244,0
2024-02-22,sh.600846,8.8500,8.9500,8.7300,8.8200,8.8700,8991144,79229447.4000,1.439100,1,-0.563700,12.261672,1.436336,0.871499,-5.999234,0
2024-02-23,sh.600846,8.8700,9.0200,8.7400,8.9700,8.8200,10493705,93403137.3400,1.679600,1,1.700700,12.470203,1.460763,0.886320,-6.101262,0
2024-02-26,sh.600846,8.8500,9.0600,8.7000,8.9500,8.9700,10318687,91822568.1200,1.651600,1,-0.223000,12.442399,1.457506,0.884344,-6.087659,0
2024-02-27,sh.600846,8.8700,9.0100,8.8700,9.0000,8.9500,7414026,66355524.8000,1.186700,1,0.558700,12.511910,1.465649,0.889285,-6.121668,0
2024-02-28,sh.600846,9.0000,9.1500,8.4800,8.4800,9.0000,10481534,92990981.7200,1.677700,1,-5.777800,11.788999,1.380967,0.837904,-5.767971,0
2024-02-29,sh.600846,8.5400,8.8500,8.4800,8.8400,8.4800,7289878,63776557.9400,1.166800,1,4.245300,12.289476,1.439593,0.873475,-6.012838,0
2024-03-01,sh.600846,8.9100,8.9100,8.7800,8.8700,8.8400,5195234,45954204.3700,0.831600,1,0.339400,12.331182,1.444478,0.876439,-6.033244,0
2024-03-04,sh.600846,8.8900,9.0000,8.7300,8.8300,8.8700,4366253,38524724.2800,0.698900,1,-0.451000,12.275574,1.437964,0.872487,-6.006036,0
2024-03-05,sh.600846,8.7600,8.8000,8.6600,8.6600,8.8300,4585779,39947333.3600,0.734000,1,-1.925300,12.039238,1.410280,0.855690,-5.890405,0
2024-03-06,sh.600846,8.6500,8.7500,8.4900,8.5600,8.6600,7370261,63212399.5000,1.179700,1,-1.154700,11.900216,1.393995,0.845809,-5.822386,0
2024-03-07,sh.600846,8.5900,8.6100,8.3900,8.4600,8.5600,6637664,56545482.7100,1.062400,1,-1.168200,11.761195,1.377710,0.835928,-5.754368,0
2024-03-08,sh.600846,8.4400,8.5100,8.3100,8.4200,8.4600,4280000,35918460.1000,0.685100,1,-0.472800,11.705587,1.371196,0.831975,-5.727160,0
2024-03-11,sh.600846,8.4000,8.6400,8.3600,8.6200,8.4200,6275412,53454691.2000,1.004400,1,2.375300,11.983629,1.403766,0.851737,-5.863197,0
2024-03-12,sh.600846,8.6300,8.7600,8.5300,8.6200,8.6200,6072194,52389529.1500,0.971900,1,0.000000,11.983629,1.403766,0.851737,-5.863197,0
2024-03-13,sh.600846,8.6300,8.6500,8.5000,8.5600,8.6200,3559402,30492251.8400,0.569700,1,-0.696100,11.900216,1.393995,0.845809,-5.822386,0
2024-03-14,sh.600846,8.6000,8.6000,8.3900,8.4900,8.5600,3989647,34008591.7200,0.638600,1,-0.817800,11.802902,1.382595,0.838892,-5.774773,0
2024-03-15,sh.600846,8.4400,8.6300,8.4100,8.6200,8.4900,5370553,45836397.0400,0.859600,1,1.531200,11.983629,1.403766,0.851737,-5.863197,0
2024-03-18,sh.600846,8.6200,8.6700,8.5800,8.6300,8.6200,4678957,40402108.8100,0.748900,1,0.116000,11.997531,1.405394,0.852725,-5.869999,0
2024-03-19,sh.600846,8.6500,8.7300,8.6100,8.6200,8.6300,3730800,32297434.0000,0.597200,1,-0.115900,11.983629,1.403766,0.851737,-5.863197,0
2024-03-20,sh.600846,8.6100,8.6700,8.5800,8.6400,8.6200,3008087,25978316.5200,0.481500,1,0.232000,12.011433,1.407023,0.853713,-5.876801,0
2024-03-21,sh.600846,8.6700,8.7200,8.5500,8.6400,8.6400,5479432,47309217.4600,0.877000,1,0.000000,12.011433,1.407023,0.853713,-5.876801,0
2024-03-22,sh.600846,8.6200,8.6300,8.4000,8.5600,8.6400,6166262,52624416.3100,0.987000,1,-0.925900,11.900216,1.393995,0.845809,-5.822386,0
2024-03-25,sh.600846,8.5600,8.5900,8.3400,8.3500,8.5600,5179510,43968498.6000,0.829000,1,-2.453300,11.608272,1.359796,0.825059,-5.679547,0
2024-03-26,sh.600846,8.3500,8.4700,8.2500,8.3600,8.3500,4393502,36694758.0500,0.703200,1,0.119800,11.622174,1.361425,0.826047,-5.686349,0
2024-03-27,sh.600846,8.3500,8.3500,7.9900,8.0100,8.3600,12078033,98127826.0000,1.933200,1,-4.186600,11.135600,1.304427,0.791463,-5.448284,0
2024-03-28,sh.600846,8.0100,8.2000,8.0100,8.0500,8.0100,3510986,28463213.7200,0.562000,1,0.499400,11.191208,1.310941,0.795416,-5.475492,0
2024-03-29,sh.600846,8.0700,8.1500,8.0600,8.1500,8.0500,3004940,24403666.0800,0.481000,1,1.242200,11.330229,1.327226,0.805297,-5.543510,0
2024-04-01,sh.600846,8.2400,8.3200,8.1900,8.2800,8.1500,5117100,42185151.0000,0.819000,1,1.595100,11.510957,1.348397,0.818142,-5.631934,0
2024-04-02,sh.600846,8.2700,8.2700,8.1200,8.1800,8.2800,4882137,39965681.3400,0.781400,1,-1.207700,11.371936,1.332112,0.808261,-5.563916,0
2024-04-03,sh.600846,8.1700,8.2000,8.0900,8.1300,8.1800,4530530,36887251.1800,0.725200,1,-0.611200,11.302425,1.323969,0.803321,-5.529907,0
2024-04-08,sh.600846,8.1300,8.2000,8.0000,8.0100,8.1300,6062400,49124249.0000,0.970400,1,-1.476000,11.135600,1.304427,0.791463,-5.448284,0
2024-04-09,sh.600846,8.0100,8.0700,7.9300,8.0400,8.0100,3314341,26507830.6200,0.530500,1,0.374500,11.177306,1.309313,0.794428,-5.468690,0
2024-04-10,sh.600846,8.0400,8.0400,7.8000,7.8800,8.0400,5514010,43622100.0000,0.882600,1,-1.990000,10.954872,1.283257,0.778618,-5.359860,0
2024-04-11,sh.600846,7.8600,8.0200,7.7900,7.9000,7.8800,4696718,37351137.4600,0.751800,1,0.253800,10.982676,1.286514,0.780594,-5.373464,0
2024-04-12,sh.600846,7.9000,7.9400,7.7300,7.7900,7.9000,4166888,32548794.6600,0.667000,1,-1.392400,10.829753,1.268600,0.769725,-5.298644,0
2024-04-15,sh.600846,7.7600,7.8200,7.5600,7.6400,7.7900,5506500,42312432.0000,0.881400,1,-1.925500,10.621221,1.244173,0.754904,-5.196616,0
2024-04-16,sh.600846,7.7200,7.7200,7.3200,7.3200,7.6400,6209021,46332949.6600,0.993800,1,-4.188500,10.176353,1.192061,0.723285,-4.978956,0
2024-04-17,sh.600846,7.3800,7.7200,7.3500,7.6700,7.3200,7120003,54215769.8600,1.139600,1,4.781400,10.662928,1.249058,0.757868,-5.217021,0
2024-04-18,sh.600846,7.6700,7.7400,7.6000,7.6000,7.6700,3835970,29415013.2000,0.614000,1,-0.912600,10.565613,1.237659,0.750952,-5.169408,0
2024-04-19,sh.600846,7.5900,7.6500,7.4900,7.5800,7.6000,3073402,23273048.0200,0.491900,1,-0.263200,10.537808,1.234402,0.748975,-5.155805,0
2024-04-22,sh.600846,7.6200,7.6500,7.4600,7.4800,7.5800,3564161,26831646.9900,0.570500,1,-1.319300,10.398787,1.218117,0.739094,-5.087786,0
2024-04-23,sh.600846,7.5000,7.5400,7.4400,7.4600,7.4800,2560401,19170378.5000,0.409800,1,-0.267400,10.370983,1.214860,0.737118,-5.074182,0
2024-04-24,sh.600846,7.4900,7.6000,7.4600,7.6000,7.4600,3248500,24525226.0000,0.520000,1,1.876700,10.565613,1.237659,0.750952,-5.169408,0
2024-04-25,sh.600846,7.6500,7.6800,7.5900,7.6700,7.6000,3252759,24879400.7600,0.520600,1,0.921100,10.662928,1.249058,0.757868,-5.217021,0
2024-04-26,sh.600846,7.6700,7.7900,7.6000,7.7600,7.6700,4225900,32630060.0000,0.676400,1,1.173400,10.788047,1.263715,0.766761,-5.278238,0
2024-04-29,sh.600846,7.8300,8.1100,7.8000,8.0500,7.7600,7870582,62899392.9400,1.259800,1,3.737100,13.449992,1.288481,0.888669,-2.551526,0
2024-04-30,sh.600846,8.0800,8.1000,7.9800,8.0500,8.0500,4503202,36174411.0400,0.720800,1,0.000000,13.449992,1.288481,0.888669,-2.551526,0
2024-05-06,sh.600846,8.1000,8.1900,8.0700,8.1200,8.0500,5060170,41130288.9000,0.809900,1,0.869600,13.566948,1.299685,0.896397,-2.573713,0
2024-05-07,sh.600846,8.1100,8.1800,8.0900,8.1400,8.1200,3319670,26980302.0000,0.531300,1,0.246300,13.600364,1.302886,0.898605,-2.580052,0
2024-05-08,sh.600846,8.1600,8.1800,8.0700,8.1500,8.1400,3592610,29191727.3000,0.575000,1,0.122900,13.617072,1.304487,0.899709,-2.583222,0
2024-05-09,sh.600846,8.1600,8.2300,8.1200,8.2100,8.1500,3883820,31806025.6000,0.621600,1,0.736200,13.717321,1.314090,0.906332,-2.602239,0
2024-05-10,sh.600846,8.2300,8.2600,8.1600,8.2500,8.2100,4085122,33531712.4600,0.653900,1,0.487200,13.784153,1.320493,0.910748,-2.614918,0
2024-05-13,sh.600846,8.1900,8.3900,8.1500,8.3200,8.2500,5577888,46233232.0200,0.892800,1,0.848500,13.901109,1.331697,0.918476,-2.637105,0
2024-05-14,sh.600846,8.3600,8.3600,8.2800,8.3100,8.3200,2962382,24619585.0000,0.474200,1,-0.120200,13.884401,1.330096,0.917372,-2.633935,0
2024-05-15,sh.600846,8.2800,8.3500,8.1800,8.1900,8.3100,2869200,23714456.0000,0.459200,1,-1.444000,13.683905,1.310889,0.904125,-2.595900,0
2024-05-16,sh.600846,8.2700,8.3900,8.2400,8.3700,8.1900,4689892,39122943.3900,0.750700,1,2.197800,13.984650,1.339700,0.923995,-2.652953,0
2024-05-17,sh.600846,8.3900,8.5100,8.2400,8.5100,8.3700,6198513,51956871.9200,0.992100,1,1.672600,14.218563,1.362108,0.939451,-2.697327,0
2024-05-20,sh.600846,8.6700,8.7300,8.4200,8.4300,8.5100,9661673,82461346.5400,1.546500,1,-0.940100,14.084898,1.349304,0.930619,-2.671970,0
2024-05-21,sh.600846,8.4100,8.4800,8.3200,8.3400,8.4300,4612600,38675077.0000,0.738300,1,-1.067600,13.934526,1.334898,0.920684,-2.643444,0
2024-05-22,sh.600846,8.3000,8.4500,8.2900,8.3500,8.3400,5223836,43735532.6700,0.836100,1,0.119900,13.951234,1.336499,0.921788,-2.646614,0
2024-05-23,sh.600846,8.3100,8.3300,8.1800,8.1900,8.3500,4297252,35459287.3400,0.687800,1,-1.916200,13.683905,1.310889,0.904125,-2.595900,0
2024-05-24,sh.600846,8.2000,8.2500,8.0600,8.0800,8.1900,5228100,42523504.0000,0.836800,1,-1.343100,13.500116,1.293283,0.891981,-2.561034,0
2024-05-27,sh.600846,8.1000,8.1500,7.9700,8.0900,8.0800,3838900,30852489.0000,0.614500,1,0.123800,13.516824,1.294883,0.893085,-2.564204,0
2024-05-28,sh.600846,8.0800,8.1200,7.9400,7.9400,8.0900,2817501,22551723.0600,0.451000,1,-1.854100,13.266203,1.270874,0.876526,-2.516660,0
2024-05-29,sh.600846,7.9500,8.0700,7.9200,7.9800,7.9400,2824900,22650353.0000,0.452200,1,0.503800,13.333035,1.277277,0.880942,-2.529338,0
2024-05-30,sh.600846,7.9600,8.0200,7.9400,7.9700,7.9800,1975313,15750312.4800,0.316200,1,-0.125300,13.316327,1.275676,0.879838,-2.526169,0
2024-05-31,sh.600846,7.9700,8.0400,7.9200,8.0300,7.9700,2648800,21126077.0000,0.424000,1,0.752800,13.416576,1.285280,0.886462,-2.545186,0
2024-06-03,sh.600846,8.0100,8.0500,7.8300,7.9100,8.0300,3012154,23931552.9800,0.482100,1,-1.494400,13.216079,1.266073,0.873214,-2.507151,0
2024-06-04,sh.600846,7.8600,7.8800,7.7600,7.8200,7.9100,2756415,21510972.7000,0.441200,1,-1.137800,13.065706,1.251667,0.863279,-2.478625,0
2024-06-05,sh.600846,7.8200,7.8900,7.7000,7.7100,7.8200,2474296,19307528.9800,0.396000,1,-1.406600,12.881917,1.234061,0.851136,-2.443759,0
2024-06-06,sh.600846,7.7100,7.7700,7.3500,7.3900,7.7100,7128660,53402867.8000,1.141000,1,-4.150500,12.347259,1.182841,0.815810,-2.342332,0
2024-06-07,sh.600846,7.4200,7.5500,7.3700,7.4800,7.3900,4408300,32858972.0000,0.705600,1,1.217900,12.497632,1.197247,0.825745,-2.370859,0
2024-06-11,sh.600846,7.5000,7.5500,7.3900,7.4800,7.4800,2774538,20736932.0000,0.444100,1,0.000000,12.497632,1.197247,0.825745,-2.370859,0
2024-06-12,sh.600846,7.4900,7.5700,7.4400,7.5000,7.4800,2354700,17674411.0000,0.376900,1,0.267400,12.531048,1.200448,0.827953,-2.377198,0
2024-06-13,sh.600846,7.5300,7.5500,7.3700,7.3900,7.5000,3977640,29659668.2000,0.636700,1,-1.466700,12.347259,1.182841,0.815810,-2.342332,0
2024-06-14,sh.600846,7.3900,7.4800,7.3200,7.4500,7.3900,3866483,28551035.0600,0.618900,1,0.811900,12.447508,1.192445,0.822433,-2.361350,0
2024-06-17,sh.600846,7.4500,7.5600,7.4000,7.5000,7.4500,4143261,31058091.4400,0.663200,1,0.671100,12.531048,1.200448,0.827953,-2.377198,0
2024-06-18,sh.600846,7.5000,7.5300,7.4300,7.5000,7.5000,2868587,21463156.8800,0.459100,1,0.000000,12.531048,1.200448,0.827953,-2.377198,0
2024-06-19,sh.600846,7.5000,7.5200,7.4200,7.4300,7.5000,2510511,18766238.7300,0.401800,1,-0.933300,12.414092,1.189244,0.820225,-2.355011,0
2024-06-20,sh.600846,7.4200,7.4200,7.1500,7.1800,7.4300,5254902,38057245.8800,0.841100,1,-3.364700,11.996390,1.149229,0.792627,-2.275771,0
2024-06-21,sh.600846,7.1800,7.3700,7.1500,7.2600,7.1800,3912374,28368393.5000,0.626200,1,1.114200,12.130055,1.162034,0.801458,-2.301128,0
2024-06-24,sh.600846,7.2300,7.2400,6.8900,6.9000,7.2600,5045800,35307332.9900,0.807600,1,-4.958700,11.528564,1.104412,0.761717,-2.187022,0
2024-06-25,sh.600846,6.9000,7.0000,6.7800,6.8200,6.9000,3622698,24911487.3800,0.579900,1,-1.159400,11.394900,1.091607,0.752885,-2.161665,0
2024-06-26,sh.600846,6.8000,7.0000,6.7700,6.9500,6.8200,3554181,24504779.5500,0.568900,1,1.906200,11.612105,1.112415,0.767236,-2.202870,0
2024-06-27,sh.600846,6.9900,7.0100,6.8100,6.8400,6.9500,2389680,16466707.6000,0.382500,1,-1.582700,11.428316,1.094809,0.755093,-2.168004,0
2024-06-28,sh.600846,6.8300,6.9400,6.8200,6.8300,6.8400,2913161,20050096.9000,0.466300,1,-0.146200,11.411608,1.093208,0.753989,-2.164835,0
2024-07-01,sh.600846,6.8900,6.9400,6.8100,6.9300,6.8300,2897101,19961757.8100,0.463700,1,1.464100,11.578688,1.109214,0.765028,-2.196531,0
2024-07-02,sh.600846,6.9500,7.0700,6.8400,6.8800,6.9300,6035840,41945942.6000,0.966100,1,-0.721500,11.495148,1.101211,0.759509,-2.180683,0
2024-07-03,sh.600846,6.8700,6.8900,6.6700,6.6900,6.8800,5623000,38075676.0000,0.900000,1,-2.761600,11.177695,1.070800,0.738534,-2.120460,0
2024-07-04,sh.600846,6.7000,6.7300,6.4400,6.4500,6.6900,5387752,35278166.4400,0.862400,1,-3.587400,10.776701,1.032385,0.712039,-2.044390,0
2024-07-05,sh.600846,6.5000,6.5000,6.3200,6.4500,6.4500,3302255,21159479.7500,0.528600,1,0.000000,10.776701,1.032385,0.712039,-2.044390,0
2024-07-08,sh.600846,6.4400,6.4500,6.2000,6.2200,6.4500,4868355,30528469.3000,0.779200,1,-3.565900,10.392416,0.995572,0.686649,-1.971489,0
2024-07-09,sh.600846,6.1900,6.3500,6.1500,6.3400,6.2200,5128645,32154208.1200,0.820900,1,1.929300,10.592913,1.014779,0.699896,-2.009525,0
2024-07-10,sh.600846,6.3300,6.3700,6.2600,6.3400,6.3400,2955443,18695482.8200,0.473100,1,0.000000,10.592913,1.014779,0.699896,-2.009525,0
2024-07-11,sh.600846,6.4100,6.5800,6.4000,6.5500,6.3400,3621100,23554840.0000,0.579600,1,3.312300,10.943782,1.048391,0.723079,-2.076086,0
2024-07-12,sh.600846,6.5500,6.6500,6.5200,6.5600,6.5500,3668702,24149158.1000,0.587200,1,0.152700,10.960490,1.049992,0.724183,-2.079256,0
2024-07-15,sh.600846,6.5600,6.6000,6.4600,6.4600,6.5600,2272800,14757085.0000,0.363800,1,-1.524400,10.793409,1.033986,0.713143,-2.047560,0
2024-07-16,sh.600846,6.4600,6.5000,6.4200,6.4800,6.4600,1377600,8898578.0000,0.220500,1,0.309600,10.826826,1.037187,0.715351,-2.053899,0
2024-07-17,sh.600846,6.4800,6.7700,6.4400,6.6300,6.4800,6763000,44930704.4300,1.082500,1,2.314800,11.077447,1.061196,0.731910,-2.101443,0
2024-07-18,sh.600846,6.5500,6.6900,6.4400,6.6300,6.6300,6097469,40115480.5200,0.976000,1,0.000000,11.077447,1.061196,0.731910,-2.101443,0
2024-07-19,sh.600846,6.7200,6.9300,6.7000,6.7300,6.6300,7467996,50799684.9100,1.195300,1,1.508300,11.244527,1.077202,0.742950,-2.133139,0
2024-07-22,sh.600846,6.6800,6.7600,6.6000,6.6800,6.7300,4056071,27081897.1600,0.649200,1,-0.742900,11.160987,1.069199,0.737430,-2.117291,0
2024-07-23,sh.600846,6.6600,6.7700,6.6300,6.6500,6.6800,3955696,26529319.0400,0.633200,1,-0.449100,11.110863,1.064397,0.734118,-2.107782,0
2024-07-24,sh.600846,6.6600,6.7300,6.5700,6.6600,6.6500,4317275,28743089.2000,0.691000,1,0.150400,11.127571,1.065998,0.735222,-2.110952,0
2024-07-25,sh.600846,6.6200,6.7700,6.6200,6.7600,6.6600,5284028,35508254.8200,0.845800,1,1.501500,11.294651,1.082004,0.746262,-2.142648,0
2024-07-26,sh.600846,6.7600,6.9000,6.7600,6.8400,6.7600,4494400,30759494.0000,0.719400,1,1.183400,11.428316,1.094809,0.755093,-2.168004,0
2024-07-29,sh.600846,6.8700,7.0500,6.7800,6.9700,6.8400,6138570,42645902.5000,0.982500,1,1.900600,11.645521,1.115616,0.769444,-2.209209,0
2024-07-30,sh.600846,6.9900,7.4100,6.9200,7.3900,6.9700,10095015,72363174.6600,1.615800,1,6.025800,12.347259,1.182841,0.815810,-2.342332,0
2024-07-31,sh.600846,7.7600,7.8400,7.2000,7.3400,7.3900,14479036,106807200.2400,2.317500,1,-0.676600,12.263719,1.174838,0.810290,-2.326484,0
2024-08-01,sh.600846,7.3000,7.4300,7.2900,7.3200,7.3400,7714484,56716186.6800,1.234800,1,-0.272500,12.230303,1.171637,0.808082,-2.320145,0
2024-08-02,sh.600846,7.3000,7.4700,7.2300,7.2600,7.3200,7986561,58732043.1800,1.278300,1,-0.819700,12.130055,1.162034,0.801458,-2.301128,0
2024-08-05,sh.600846,7.2600,7.3200,7.0800,7.0900,7.2600,5515262,39695672.0200,0.882800,1,-2.341600,11.846018,1.134824,0.782691,-2.247244,0
2024-08-06,sh.600846,7.1000,7.2800,7.1000,7.2000,7.0900,4136779,29679251.8000,0.662100,1,1.551500,12.029806,1.152430,0.794835,-2.282110,0
2024-08-07,sh.600846,7.2000,7.2300,7.1300,7.1500,7.2000,2948200,21164338.0000,0.471900,1,-0.694400,11.946266,1.144427,0.789315,-2.266262,0
2024-08-08,sh.600846,7.1400,7.2500,7.0900,7.2000,7.1500,3609236,25866749.1400,0.577700,1,0.699300,12.029806,1.152430,0.794835,-2.282110,0
2024-08-09,sh.600846,7.0800,7.1700,7.0200,7.0700,7.0000,4109200,29201737.0000,0.657700,1,1.000000,11.812601,1.131622,0.780484,-2.240905,0
2024-08-12,sh.600846,7.0800,7.1200,6.9700,7.0000,7.0700,2773979,19532163.7900,0.444000,1,-0.990100,11.695645,1.120418,0.772756,-2.218718,0
2024-08-13,sh.600846,6.9700,7.0600,6.9300,7.0200,7.0000,2579466,18073141.1600,0.412900,1,0.285700,11.729061,1.123619,0.774964,-2.225057,0
2024-08-14,sh.600846,7.0500,7.0900,6.9900,7.0000,7.0200,2329000,16372131.0000,0.372800,1,-0.284900,11.695645,1.120418,0.772756,-2.218718,0
2024-08-15,sh.600846,7.1800,7.2000,6.9000,7.0800,7.0000,8264627,58130166.1300,1.322800,1,1.142900,10.615765,1.123587,0.993283,-1.857000,0
2024-08-16,sh.600846,7.0800,7.0900,6.9200,6.9200,7.0800,3819688,26731131.6800,0.611400,1,-2.259900,10.375861,1.098195,0.970836,-1.815034,0
2024-08-19,sh.600846,6.9300,6.9900,6.8600,6.8700,6.9200,2927540,20235129.4900,0.468600,1,-0.722500,10.300891,1.090260,0.963821,-1.801920,0
2024-08-20,sh.600846,6.8700,6.8900,6.7300,6.7600,6.8700,3231841,21936930.6600,0.517300,1,-1.601200,10.135956,1.072804,0.948389,-1.773068,0
2024-08-21,sh.600846,6.7600,6.7900,6.6800,6.7700,6.7600,2624234,17710730.8400,0.420000,1,0.147900,10.150950,1.074391,0.949792,-1.775691,0
2024-08-22,sh.600846,6.7800,6.8600,6.6900,6.7000,6.7700,2754903,18651463.2600,0.441000,1,-1.034000,10.045992,1.063282,0.939971,-1.757331,0
2024-08-23,sh.600846,6.7000,6.7600,6.6400,6.7200,6.7000,2910800,19502459.0000,0.465900,1,0.298500,10.075980,1.066456,0.942777,-1.762576,0
2024-08-26,sh.600846,6.9500,7.1700,6.8900,7.1100,6.7200,11918371,84140418.2300,1.907700,1,5.803600,10.660747,1.128348,0.997492,-1.864869,0
2024-08-27,sh.600846,7.1800,7.3900,6.9800,7.3400,7.1100,19642605,141607556.5500,3.144000,1,3.234900,11.005609,1.164849,1.029760,-1.925195,0
2024-08-28,sh.600846,7.2200,7.2200,6.8700,6.9000,7.3400,13507971,94373251.2300,2.162100,1,-5.994600,10.345873,1.095021,0.968030,-1.809788,0
2024-08-29,sh.600846,6.8500,6.9700,6.8000,6.9600,6.9000,6926101,47827272.6300,1.108600,1,0.869600,10.435837,1.104543,0.976448,-1.825526,0
2024-08-30,sh.600846,6.9600,7.1100,6.9200,7.0200,6.9600,6786181,47742729.8500,1.086200,1,0.862100,10.525801,1.114065,0.984865,-1.841263,0
2024-09-02,sh.600846,6.9800,7.0400,6.9200,6.9300,7.0200,3960400,27631623.0000,0.633900,1,-1.282100,10.390855,1.099782,0.972239,-1.817657,0
2024-09-03,sh.600846,6.9300,6.9800,6.8900,6.9400,6.9300,3278970,22709032.0000,0.524800,1,0.144300,10.405849,1.101369,0.973642,-1.820280,0
2024-09-04,sh.600846,6.8900,6.9300,6.8100,6.8100,6.9400,2950300,20248287.0000,0.472200,1,-1.873200,10.210926,1.080738,0.955404,-1.786182,0
2024-09-05,sh.600846,6.8100,6.9000,6.8100,6.8400,6.8100,2457401,16846779.8300,0.393300,1,0.440500,10.255909,1.085499,0.959613,-1.794051,0
2024-09-06,sh.600846,6.8400,6.8800,6.7700,6.7800,6.8400,2696920,18406622.6000,0.431700,1,-0.877200,10.165944,1.075978,0.951195,-1.778314,0
2024-09-09,sh.600846,6.7500,6.8300,6.7200,6.7800,6.7800,2142400,14500103.6000,0.342900,1,0.000000,10.165944,1.075978,0.951195,-1.778314,0
2024-09-10,sh.600846,6.8300,6.8400,6.6900,6.8200,6.7800,3062625,20732715.5800,0.490200,1,0.590000,10.225921,1.082325,0.956807,-1.788805,0
2024-09-11,sh.600846,6.7700,7.0000,6.7300,6.8300,6.8200,3617801,24861953.7600,0.579100,1,0.146600,10.240915,1.083912,0.958210,-1.791428,0
2024-09-12,sh.600846,6.8500,6.9000,6.8100,6.8100,6.8300,2172700,14887584.0000,0.347800,1,-0.292800,10.210926,1.080738,0.955404,-1.786182,0
2024-09-13,sh.600846,6.7900,6.9300,6.7800,6.9200,6.8100,3476870,23903547.5000,0.556500,1,1.615300,10.375861,1.098195,0.970836,-1.815034,0
2024-09-18,sh.600846,6.9100,6.9200,6.7600,6.9000,6.9200,3035300,20756553.0000,0.485800,1,-0.289000,10.345873,1.095021,0.968030,-1.809788,0
2024-09-19,sh.600846,6.8800,7.0800,6.8800,7.0200,6.9000,4132104,28919296.8600,0.661400,1,1.739100,10.525801,1.114065,0.984865,-1.841263,0
2024-09-20,sh.600846,7.0800,7.0800,6.9800,7.0600,7.0200,3299240,23213756.9200,0.528100,1,0.569800,10.585777,1.120413,0.990477,-1.851754,0
2024-09-23,sh.600846,7.0600,7.1000,7.0300,7.0800,7.0600,2280904,16125407.2800,0.365100,1,0.283300,10.615765,1.123587,0.993283,-1.857000,0
2024-09-24,sh.600846,7.0800,7.2500,7.0800,7.2400,7.0800,5730803,41161991.4600,0.917300,1,2.259900,10.855669,1.148979,1.015730,-1.898966,0
2024-09-25,sh.600846,7.3000,7.4400,7.2300,7.2500,7.2400,7296902,53571760.0800,1.167900,1,0.138100,10.870663,1.150566,1.017133,-1.901589,0
2024-09-26,sh.600846,7.2900,7.4800,7.2100,7.4800,7.2500,7788902,57525537.4000,1.246700,1,3.172400,11.215526,1.187067,1.049401,-1.961915,0
2024-09-27,sh.600846,7.7000,7.7200,7.5300,7.7000,7.4800,7349000,56191557.9800,1.176300,1,2.941200,11.545394,1.221980,1.080266,-2.019619,0
2024-09-30,sh.600846,7.9500,8.3100,7.8100,8.2800,7.7000,19931660,161894766.4300,3.190300,1,7.532500,12.415047,1.314026,1.161636,-2.171746,0
2024-10-08,sh.600846,9.0800,9.0800,8.3200,8.7300,8.2800,24821797,216857256.9100,3.973000,1,5.434800,13.089778,1.385440,1.224769,-2.289776,0
2024-10-09,sh.600846,8.6900,8.6900,7.9400,7.9600,8.7300,15857739,130677458.0100,2.538200,1,-8.820200,11.935239,1.263242,1.116742,-2.087814,0
2024-10-10,sh.600846,8.0200,8.2900,7.8500,8.0700,7.9600,9898553,79911892.7500,1.584400,1,1.381900,12.100173,1.280699,1.132174,-2.116665,0
2024-10-11,sh.600846,8.0400,8.1000,7.7000,7.7700,8.0700,9566498,75451364.5100,1.531200,1,-3.717500,11.650352,1.233089,1.090086,-2.037979,0
2024-10-14,sh.600846,7.8200,7.9600,7.7700,7.9100,7.7700,6109569,48159166.6500,0.977900,1,1.801800,11.860269,1.255307,1.109727,-2.074699,0
2024-10-15,sh.600846,7.9000,7.9100,7.7200,7.7500,7.9100,4914900,38462128.7000,0.786700,1,-2.022800,11.620364,1.229915,1.087280,-2.032733,0
2024-10-16,sh.600846,7.7400,7.8800,7.7200,7.8600,7.7500,6130050,47935469.7000,0.981200,1,1.419400,11.785298,1.247372,1.102713,-2.061585,0
2024-10-17,sh.600846,7.8700,7.9000,7.6600,7.6700,7.8600,6362889,49451605.5600,1.018500,1,-2.417300,11.500412,1.217219,1.076057,-2.011750,0
2024-10-18,sh.600846,7.7200,7.8400,7.6000,7.7800,7.6700,7479067,57799939.7400,1.197100,1,1.434200,11.665346,1.234676,1.091489,-2.040602,0
2024-10-21,sh.600846,7.8600,7.8700,7.6900,7.7100,7.7800,9164334,70955855.2300,1.466900,1,-0.899700,11.560388,1.223567,1.081669,-2.022242,0
2024-10-22,sh.600846,7.7000,7.7700,7.6800,7.7400,7.7100,5494562,42453589.8900,0.879500,1,0.389100,11.605370,1.228328,1.085877,-2.030110,0
2024-10-23,sh.600846,7.7500,7.8500,7.7300,7.7900,7.7400,8410267,65593173.6500,1.346200,1,0.646000,11.680340,1.236263,1.092892,-2.043225,0
2024-10-24,sh.600846,7.7800,7.8400,7.7500,7.8100,7.7900,5054220,39403121.2000,0.809000,1,0.256700,11.710328,1.239437,1.095698,-2.048471,0
2024-10-25,sh.600846,7.8100,8.1800,7.8100,8.0100,7.8100,14155899,112807289.5100,2.265800,1,2.560800,12.010209,1.271177,1.123757,-2.100928,0
2024-10-28,sh.600846,8.0200,8.2000,7.9700,8.1900,8.0100,10151955,82278737.5400,1.624900,1,2.247200,12.280101,1.299743,1.149010,-2.148140,0
2024-10-29,sh.600846,8.2100,8.2300,8.0000,8.0100,8.1900,8699267,70424452.4800,1.392400,1,-2.197800,12.010209,1.271177,1.123757,-2.100928,0
2024-10-30,sh.600846,7.9700,8.1800,7.9600,8.1300,8.0100,7424056,60095874.0700,1.188300,1,1.498100,12.190137,1.290221,1.140592,-2.132403,0
2024-10-31,sh.600846,8.1700,8.4500,8.1300,8.3600,8.1300,15472790,128762543.7000,2.476600,1,2.829000,12.909059,1.311372,1.284370,-4.174104,0
2024-11-01,sh.600846,8.4000,8.4300,8.0400,8.0500,8.3600,11026866,90230196.1700,1.765000,1,-3.708100,12.430374,1.262744,1.236744,-4.019323,0
2024-11-04,sh.600846,8.0300,8.1000,7.9800,8.1000,8.0500,6201285,49832728.5300,0.992600,1,0.621100,12.507581,1.270587,1.244426,-4.044288,0
2024-11-05,sh.600846,8.0600,8.2700,8.0500,8.2700,8.1000,9432406,77188172.7000,1.509800,1,2.098800,12.770086,1.297254,1.270543,-4.129168,0
2024-11-06,sh.600846,8.3100,8.4800,8.1900,8.3700,8.2700,13750997,114922314.9000,2.201000,1,1.209200,12.924501,1.312940,1.285907,-4.179097,0
2024-11-07,sh.600846,8.3800,8.6000,8.3000,8.5900,8.3700,14255848,120875644.0900,2.281800,1,2.628400,13.264213,1.347450,1.319706,-4.288942,0
2024-11-08,sh.600846,8.8000,8.8000,8.4000,8.4600,8.5900,12849501,109674864.0500,2.056700,1,-1.513400,13.063474,1.327058,1.299734,-4.224034,0
2024-11-11,sh.600846,8.4600,8.5800,8.4100,8.5500,8.4600,8457232,71871578.6200,1.353700,1,1.063800,13.202447,1.341176,1.313561,-4.268970,0
2024-11-12,sh.600846,8.5600,8.5700,8.2900,8.3500,8.5500,10118680,85478149.7200,1.619600,1,-2.339200,12.893618,1.309803,1.282834,-4.169111,0
2024-11-13,sh.600846,8.4000,8.9900,8.4000,8.7500,8.3500,28719421,250192642.7400,4.596900,1,4.790400,13.511276,1.372548,1.344287,-4.368829,0
2024-11-14,sh.600846,8.7500,8.7600,8.3800,8.4100,8.7500,16369334,139242526.5100,2.620100,1,-3.885700,12.986266,1.319215,1.292052,-4.199069,0
2024-11-15,sh.600846,8.4400,8.6100,8.3000,8.3100,8.4100,9134896,77187255.6800,1.462100,1,-1.189100,12.831852,1.303529,1.276689,-4.149140,0
2024-11-18,sh.600846,8.4000,8.4200,8.2000,8.2400,8.3100,8970512,74427645.8700,1.435800,1,-0.842400,12.723762,1.292548,1.265934,-4.114189,0
2024-11-19,sh.600846,8.2500,8.3400,8.1800,8.3400,8.2400,6961629,57478186.8800,1.114300,1,1.213600,12.878176,1.308234,1.281298,-4.164118,0
2024-11-20,sh.600846,8.3600,8.5800,8.2900,8.4900,8.3400,6879764,58114237.4500,1.101200,1,1.798600,13.109798,1.331764,1.304343,-4.239013,0
2024-11-21,sh.600846,8.5000,8.6200,8.4500,8.5600,8.4900,7486743,63873335.4200,1.198300,1,0.824500,13.217888,1.342744,1.315097,-4.273963,0
2024-11-22,sh.600846,8.5700,8.6500,8.3700,8.3900,8.5600,9396586,80087933.6000,1.504000,1,-1.986000,12.955384,1.316078,1.288979,-4.189083,0
2024-11-25,sh.600846,8.4200,8.7800,8.3900,8.6300,8.3900,16507663,142763366.0600,2.642200,1,2.860500,13.325979,1.353725,1.325851,-4.308914,0
2024-11-26,sh.600846,8.6200,8.7800,8.5200,8.5400,8.6300,7819373,67477633.9900,1.251600,1,-1.042900,13.187005,1.339607,1.312024,-4.263977,0
2024-11-27,sh.600846,8.5500,8.5800,8.2200,8.5800,8.5400,7603379,63795063.8300,1.217000,1,0.468400,13.248771,1.345881,1.318170,-4.283949,0
2024-11-28,sh.600846,8.5700,8.7500,8.4900,8.6400,8.5800,8298256,71795490.0200,1.328200,1,0.699300,13.341420,1.355293,1.327388,-4.313907,0
2024-11-29,sh.600846,8.6500,8.9700,8.6300,8.8200,8.6400,15293492,134476904.3300,2.447900,1,2.083300,13.619366,1.383528,1.355041,-4.403780,0
2024-12-02,sh.600846,8.9700,9.2800,8.9000,9.0800,8.8200,14597926,132838436.6600,2.336600,1,2.947800,14.020844,1.424313,1.394986,-4.533597,0
2024-12-03,sh.600846,9.1600,9.4900,9.0000,9.2300,9.0800,16951412,156667402.1100,2.713300,1,1.652000,14.252466,1.447842,1.418031,-4.608491,0
2024-12-04,sh.600846,9.2100,9.3200,8.9500,9.0100,9.2300,10152699,92560366.4700,1.625100,1,-2.383500,13.912754,1.413332,1.384232,-4.498646,0
2024-12-05,sh.600846,9.0000,9.2500,8.9400,9.1400,9.0100,7224202,65571680.0900,1.156300,1,1.442800,14.113493,1.433724,1.404204,-4.563554,0
2024-12-06,sh.600846,9.1600,9.3400,9.1400,9.2900,9.1400,9307802,86191012.0400,1.489800,1,1.641100,14.345115,1.457254,1.427249,-4.638449,0
2024-12-09,sh.600846,9.2900,9.3800,9.1800,9.3600,9.2900,8171365,75935449.7200,1.307900,1,0.753500,14.453205,1.468234,1.438003,-4.673399,0
2024-12-10,sh.600846,9.5700,9.5700,9.2700,9.2800,9.3600,11257169,105501852.2200,1.801800,1,-0.854700,14.329673,1.455685,1.425713,-4.633456,0
2024-12-11,sh.600846,9.3400,9.6400,9.2800,9.6400,9.2800,15683166,149427442.9000,2.510300,1,3.879300,14.885566,1.512156,1.481020,-4.813202,0
2024-12-12,sh.600846,9.6900,9.6900,9.3400,9.5200,9.6400,14780531,139955855.7200,2.365800,1,-1.244800,14.700268,1.493332,1.462584,-4.753286,0
2024-12-13,sh.600846,9.4500,9.7400,9.4000,9.6000,9.5200,15448489,148433926.7800,2.472700,1,0.840300,14.823800,1.505881,1.474875,-4.793230,0
2024-12-16,sh.600846,9.6000,10.2200,9.5400,9.9400,9.6000,21919143,217429956.3300,3.508400,1,3.541700,15.348810,1.559215,1.527110,-4.962990,0
2024-12-17,sh.600846,9.9400,9.9500,9.4000,9.4400,9.9400,13005373,125523335.6400,2.081700,1,-5.030200,14.576737,1.480783,1.450294,-4.713343,0
2024-12-18,sh.600846,9.4200,9.5800,9.2300,9.3000,9.4400,8853494,82696032.8000,1.417100,1,-1.483100,14.360556,1.458823,1.428785,-4.643441,0
2024-12-19,sh.600846,9.2000,9.2900,9.0300,9.2300,9.3000,8086000,74010867.0000,1.294300,1,-0.752700,14.252466,1.447842,1.418031,-4.608491,0
2024-12-20,sh.600846,9.1500,9.4300,9.1500,9.2300,9.2300,5870845,54599591.3300,0.939700,1,0.000000,14.252466,1.447842,1.418031,-4.608491,0
2024-12-23,sh.600846,9.2800,9.2800,8.6700,8.7000,9.2300,12297001,108930155.7800,1.968300,1,-5.742100,13.434069,1.364705,1.336605,-4.343865,0
2024-12-24,sh.600846,8.8000,8.8100,8.6000,8.7600,8.7000,4925436,42869386.0400,0.788400,1,0.689700,13.526717,1.374117,1.345823,-4.373822,0
2024-12-25,sh.600846,8.7600,8.8200,8.5200,8.7400,8.7600,6408656,55567219.6600,1.025800,1,-0.228300,13.495835,1.370979,1.342751,-4.363836,0
2024-12-26,sh.600846,8.6600,8.7900,8.6400,8.6800,8.7400,4040227,35208279.0900,0.646700,1,-0.686500,13.403186,1.361568,1.333533,-4.333879,0
2024-12-27,sh.600846,8.6800,8.9800,8.6500,8.8700,8.6800,6406403,56911622.6400,1.025400,1,2.188900,13.696574,1.391372,1.362723,-4.428745,0
2024-12-30,sh.600846,8.8700,8.8900,8.7000,8.8000,8.8700,4717127,41550647.0600,0.755000,1,-0.789200,13.588483,1.380391,1.351969,-4.393794,0
2024-12-31,sh.600846,8.8300,9.0200,8.5800,8.6200,8.8000,5285577,46133872.5800,0.846000,1,-2.045500,13.310537,1.352156,1.324315,-4.303921,0
2025-01-02,sh.600846,8.5700,8.6900,8.3700,8.5000,8.6200,5722972,49003587.1800,0.916000,1,-1.392100,13.125240,1.333332,1.305879,-4.244006,0
2025-01-03,sh.600846,8.5300,8.6700,8.2000,8.2200,8.5000,6952967,58501288.4400,1.112900,1,-3.294100,12.692879,1.289411,1.262862,-4.104203,0
2025-01-06,sh.600846,8.2000,8.3200,8.0300,8.2400,8.2200,4547679,37381191.2500,0.727900,1,0.243300,12.723762,1.292548,1.265934,-4.114189,0
2025-01-07,sh.600846,8.2400,8.4000,8.1500,8.4000,8.2400,3361802,27890929.6400,0.538100,1,1.941700,12.970825,1.317646,1.290516,-4.194076,0
2025-01-08,sh.600846,8.4000,8.4000,7.9600,8.1500,8.4000,5827140,47557320.0200,0.932700,1,-2.976200,12.584789,1.278430,1.252107,-4.069252,0
2025-01-09,sh.600846,8.1000,8.1600,8.0000,8.0400,8.1500,3833567,30946716.4200,0.613600,1,-1.349700,12.414932,1.261176,1.235208,-4.014330,0
2025-01-10,sh.600846,8.0000,8.0900,7.8500,7.8600,8.0400,3373300,26832107.0000,0.539900,1,-2.238800,12.136986,1.232940,1.207554,-3.924457,0
2025-01-13,sh.600846,7.7800,7.8800,7.6600,7.8300,7.8600,3664100,28541265.0000,0.586500,1,-0.381700,12.090662,1.228234,1.202945,-3.909478,0
2025-01-14,sh.600846,7.8300,8.0300,7.8300,7.9900,7.8300,4555600,36309384.9600,0.729200,1,2.043400,12.337725,1.253332,1.227526,-3.989365,0
2025-01-15,sh.600846,7.9300,8.0700,7.9200,8.0200,7.9900,3265200,26143755.0000,0.522600,1,0.375500,12.384050,1.258038,1.232135,-4.004344,0
2025-01-16,sh.600846,8.0000,8.1600,7.9600,8.0100,8.0200,4704521,37954192.0000,0.753000,1,-0.124700,12.368608,1.256470,1.230599,-3.999351,0
2025-01-17,sh.600846,8.0000,8.1400,7.9300,8.1200,8.0100,3819859,30778572.7300,0.611400,1,1.373300,12.538464,1.273725,1.247498,-4.054274,0
2025-01-20,sh.600846,8.1200,8.2000,8.0700,8.1300,8.1200,3346300,27260680.4000,0.535600,1,0.123200,12.553906,1.275293,1.249035,-4.059267,0
2025-01-21,sh.600846,8.1400,8.1800,8.0200,8.0700,8.1300,3820401,30796885.0300,0.611500,1,-0.738000,12.461257,1.265881,1.239817,-4.029309,0
2025-01-22,sh.600846,8.0600,8.0600,7.9000,7.9400,8.0700,3819510,30358688.4000,0.611400,1,-1.610900,12.260518,1.245489,1.219845,-3.964401,0
2025-01-23,sh.600846,8.0100,8.1300,7.9700,7.9700,7.9400,3864800,31171140.0000,0.618600,1,0.377800,12.306842,1.250195,1.224454,-3.979379,0
2025-01-24,sh.600846,7.9900,8.0900,7.9000,8.0600,7.9700,3485210,27889824.0000,0.557800,1,1.129200,12.445815,1.264313,1.238280,-4.024316,0
2025-01-27,sh.600846,8.1200,8.2100,8.0000,8.0500,8.0600,3669101,29814381.0700,0.587300,1,-0.124100,12.430374,1.262744,1.236744,-4.019323,0
2025-02-05,sh.600846,8.1200,8.1400,8.0000,8.0600,8.0500,2903911,23387978.9100,0.464800,1,0.124200,12.445815,1.264313,1.238280,-4.024316,0
2025-02-06,sh.600846,8.0100,8.1000,7.9900,8.0900,8.0600,4122160,33180936.6400,0.659800,1,0.372200,12.492140,1.269019,1.242889,-4.039295,0
2025-02-07,sh.600846,8.0800,8.2000,8.0400,8.1500,8.0900,6315525,51371778.0000,1.010900,1,0.741700,12.584789,1.278430,1.252107,-4.069252,0
2025-02-10,sh.600846,8.1800,8.9700,8.1800,8.9700,8.1500,40640667,358007836.6700,6.505000,1,10.061300,13.850988,1.407058,1.378086,-4.478674,0
2025-02-11,sh.600846,8.8700,9.1300,8.7200,9.0500,8.9700,30653332,274741666.4400,4.906400,1,0.891900,13.974520,1.419607,1.390377,-4.518618,0
2025-02-12,sh.600846,8.9500,9.1200,8.8600,9.1200,9.0500,14437163,129641115.6600,2.310800,1,0.773500,14.082610,1.430587,1.401131,-4.553568,0
2025-02-13,sh.600846,9.0100,9.2000,8.9400,9.1800,9.1200,15709841,142827008.4700,2.514500,1,0.657900,14.175259,1.439999,1.410349,-4.583526,0
2025-02-14,sh.600846,9.1900,9.2800,9.0400,9.2200,9.1800,14056893,128926668.5600,2.250000,1,0.435700,14.237025,1.446273,1.416495,-4.603498,0
2025-02-17,sh.600846,9.1100,9.2700,9.0800,9.1900,9.2200,11651195,106980826.8500,1.864900,1,-0.325400,14.190700,1.441568,1.411886,-4.588519,0
2025-02-18,sh.600846,9.1900,9.2200,8.8000,8.8700,9.1900,15021857,134052251.2900,2.404400,1,-3.482000,13.696574,1.391372,1.362723,-4.428745,0
2025-02-19,sh.600846,8.8200,9.2400,8.8000,8.9900,8.8700,10917625,98957012.0100,1.747500,1,1.352900,13.881871,1.410195,1.381159,-4.488660,0
2025-02-20,sh.600846,9.0100,9.2600,8.9400,9.1300,8.9900,9636550,87836432.8400,1.542400,1,1.557300,14.098051,1.432156,1.402668,-4.558561,0
2025-02-21,sh.600846,9.1000,9.1300,8.9400,8.9700,9.1300,9532609,85811448.5400,1.525800,1,-1.752500,13.850988,1.407058,1.378086,-4.478674,0
2025-02-24,sh.600846,8.8800,9.2000,8.8800,9.1600,8.9700,11127346,101109479.6300,1.781100,1,2.118200,14.144376,1.436862,1.407277,-4.573540,0
2025-02-25,sh.600846,9.0700,9.0800,8.9200,8.9500,9.1600,7790517,70137661.2800,1.247000,1,-2.292600,13.820105,1.403921,1.375014,-4.468688,0
2025-02-26,sh.600846,8.9400,9.0400,8.9100,8.9800,8.9500,9069187,81196655.4200,1.451600,1,0.335200,13.866430,1.408626,1.379623,-4.483667,0
2025-02-27,sh.600846,8.9700,9.0900,8.9300,9.0100,8.9800,8768290,78916777.8400,1.403500,1,0.334100,13.912754,1.413332,1.384232,-4.498646,0
2025-02-28,sh.600846,8.9600,8.9800,8.7200,8.7500,9.0100,7627850,67529081.5000,1.220900,1,-2.885700,13.511276,1.372548,1.344287,-4.368829,0
2025-03-03,sh.600846,8.8100,8.8600,8.7000,8.7700,8.7500,6099100,53596131.0000,0.976200,1,0.228600,13.542159,1.375685,1.347360,-4.378815,0
2025-03-04,sh.600846,8.7400,8.8600,8.6900,8.8400,8.7700,4602323,40546730.5300,0.736700,1,0.798200,13.650249,1.386666,1.358114,-4.413766,0
2025-03-05,sh.600846,8.8400,8.8900,8.7300,8.8600,8.8400,4870100,42829741.8000,0.779500,1,0.226200,13.681132,1.389803,1.361187,-4.423752,0
2025-03-06,sh.600846,8.9000,8.9200,8.8000,8.8600,8.8600,8723720,77326493.8000,1.396300,1,0.000000,13.681132,1.389803,1.361187,-4.423752,0
2025-03-07,sh.600846,8.8200,8.8800,8.7300,8.7700,8.8600,6422100,56515232.0000,1.027900,1,-1.015800,13.542159,1.375685,1.347360,-4.378815,0
2025-03-10,sh.600846,8.7500,8.8900,8.7500,8.8000,8.7700,5175225,45615549.9000,0.828400,1,0.342100,13.588483,1.380391,1.351969,-4.393794,0
2025-03-11,sh.600846,8.7600,9.0300,8.7400,9.0100,8.8000,9657865,85889779.6000,1.545800,1,2.386400,13.912754,1.413332,1.384232,-4.498646,0
2025-03-12,sh.600846,9.0700,9.6800,9.0700,9.3100,9.0100,25244829,238039327.1600,4.040700,1,3.329600,14.375998,1.460391,1.430322,-4.648434,0
2025-03-13,sh.600846,9.3300,9.4500,9.1900,9.4300,9.3100,11540000,107385306.0000,1.847100,1,1.288900,14.561295,1.479215,1.448757,-4.708350,0
2025-03-14,sh.600846,9.4200,9.4300,9.2600,9.3500,9.4300,7195743,67281512.5600,1.151800,1,-0.848400,14.437764,1.466666,1.436467,-4.668406,0
2025-03-17,sh.600846,9.3400,9.4700,9.3400,9.3900,9.3500,6640100,62422559.9800,1.062800,1,0.427800,14.499529,1.472940,1.442612,-4.688378,0
2025-03-18,sh.600846,9.3600,9.4800,9.2700,9.3400,9.3900,7156088,66937029.5200,1.145400,1,-0.532500,14.422322,1.465097,1.434931,-4.663413,0
2025-03-19,sh.600846,9.3300,9.4900,9.2400,9.4000,9.3400,6839262,64122004.3200,1.094700,1,0.642400,14.514971,1.474509,1.444148,-4.693371,0
2025-03-20,sh.600846,9.3500,9.6300,9.3500,9.4800,9.4000,8445585,79890749.8700,1.351800,1,0.851100,14.638502,1.487058,1.456439,-4.733315,0
2025-03-21,sh.600846,9.4800,9.4900,9.2700,9.2800,9.4800,6424820,60142284.7000,1.028400,1,-2.109700,14.329673,1.455685,1.425713,-4.633456,0
2025-03-24,sh.600846,9.3300,9.3500,8.8500,9.0500,9.2800,9900800,89814940.0000,1.584700,1,-2.478400,13.974520,1.419607,1.390377,-4.518618,0
2025-03-25,sh.600846,9.0300,9.2800,8.9500,9.2000,9.0500,7568600,68785540.2000,1.211400,1,1.657500,14.206142,1.443136,1.413422,-4.593512,0
2025-03-26,sh.600846,9.2100,9.4100,9.1600,9.3700,9.2000,7677800,71485419.0000,1.228900,1,1.847800,14.468646,1.469803,1.439539,-4.678392,0
2025-03-27,sh.600846,9.3900,9.4100,9.2400,9.3100,9.3700,4745594,44233874.0400,0.759600,1,-0.640300,14.375998,1.460391,1.430322,-4.648434,0
2025-03-28,sh.600846,9.2500,9.3900,9.2500,9.3600,9.3100,5209420,48531687.2000,0.833800,1,0.537100,14.453205,1.468234,1.438003,-4.673399,0
2025-03-31,sh.600846,9.3000,9.3200,8.9100,9.0400,9.3600,7040700,63917603.0000,1.126900,1,-3.418800,13.959078,1.418038,1.388841,-4.513625,0
2025-04-01,sh.600846,9.0300,9.2000,9.0300,9.0700,9.0400,4238600,38599967.0000,0.678400,1,0.331900,14.005403,1.422744,1.393450,-4.528604,0
2025-04-02,sh.600846,9.0300,9.1900,9.0300,9.0800,9.0700,3326800,30282758.0000,0.532500,1,0.110300,14.020844,1.424313,1.394986,-4.533597,0
2025-04-03,sh.600846,9.0300,9.1600,9.0100,9.0600,9.0800,3066073,27824439.8400,0.490800,1,-0.220300,13.989961,1.421175,1.391913,-4.523611,0
2025-04-07,sh.600846,8.6000,8.6000,8.1500,8.1500,9.0600,10717500,88328903.6100,1.715500,1,-10.044200,12.584789,1.278430,1.252107,-4.069252,0
2025-04-08,sh.600846,8.2000,8.2600,7.8700,8.0700,8.1500,9758442,78550039.5900,1.561900,1,-0.981600,12.461257,1.265881,1.239817,-4.029309,0
2025-04-09,sh.600846,7.9900,8.2900,7.6000,8.2400,8.0700,7726465,61776000.5000,1.236700,1,2.106600,12.723762,1.292548,1.265934,-4.114189,0
2025-04-10,sh.600846,8.3600,8.4100,8.2100,8.2200,8.2400,6612820,55045135.4000,1.058500,1,-0.242700,12.692879,1.289411,1.262862,-4.104203,0
2025-04-11,sh.600846,8.2200,8.3900,8.1600,8.3000,8.2200,4600400,38287289.0000,0.736300,1,0.973200,12.816410,1.301960,1.275152,-4.144147,0
2025-04-14,sh.600846,8.4000,8.5700,8.3300,8.5500,8.3000,5807437,49202392.6500,0.929500,1,3.012000,13.202447,1.341176,1.313561,-4.268970,0
2025-04-15,sh.600846,8.5500,8.6100,8.4500,8.4900,8.5500,2617800,22248464.0000,0.419000,1,-0.701800,13.109798,1.331764,1.304343,-4.239013,0
2025-04-16,sh.600846,8.4500,8.5700,8.4200,8.4800,8.4900,3488491,29622186.5600,0.558400,1,-0.117800,13.094357,1.330195,1.302806,-4.234020,0
2025-04-17,sh.600846,8.4100,8.8300,8.4100,8.6800,8.4800,6044879,52697466.3800,0.967500,1,2.358500,13.403186,1.361568,1.333533,-4.333879,0
2025-04-18,sh.600846,8.7500,8.8000,8.5800,8.7300,8.6800,3306014,28749637.0900,0.529200,1,0.576000,13.480393,1.369411,1.341214,-4.358843,0
2025-04-21,sh.600846,8.7200,8.7600,8.6500,8.7000,8.7300,2711200,23574696.0000,0.434000,1,-0.343600,13.434069,1.364705,1.336605,-4.343865,0
2025-04-22,sh.600846,8.7100,8.8100,8.6700,8.7500,8.7000,4128600,36148482.1000,0.660800,1,0.574700,13.511276,1.372548,1.344287,-4.368829,0
2025-04-23,sh.600846,8.8000,8.8300,8.6500,8.7100,8.7500,3158590,27531572.9000,0.505600,1,-0.457100,13.449510,1.366274,1.338142,-4.348858,0
2025-04-24,sh.600846,8.7100,8.7500,8.6000,8.6700,8.7100,2802160,24315450.7000,0.448500,1,-0.459200,13.387744,1.359999,1.331997,-4.328886,0
2025-04-25,sh.600846,8.6600,9.0500,8.6200,8.8700,8.6700,7611068,67442011.4700,1.218200,1,2.306800,13.696574,1.391372,1.362723,-4.428745,0
2025-04-28,sh.600846,8.8700,9.0400,8.7700,8.9100,8.8700,4914617,43719582.2500,0.786600,1,0.451000,13.708028,1.365524,1.333961,25.773476,0
2025-04-29,sh.600846,8.9200,9.1400,8.8700,9.1100,8.9100,7231127,65241851.4300,1.157400,1,2.244700,14.015728,1.396176,1.363904,26.352006,0
2025-04-30,sh.600846,9.1200,9.5400,9.1000,9.4600,9.1100,17994713,168908522.8600,2.880300,1,3.841900,14.112864,1.419345,1.448789,14.655919,0
2025-05-06,sh.600846,9.5100,9.5800,9.3800,9.5200,9.4600,10011812,95124688.2800,1.602500,1,0.634200,14.202375,1.428348,1.457978,14.748874,0
2025-05-07,sh.600846,9.5700,9.6200,9.4000,9.4300,9.5200,7129098,67545720.3800,1.141100,1,-0.945400,14.068108,1.414844,1.444195,14.609442,0
2025-05-08,sh.600846,9.4500,9.5000,9.3700,9.4500,9.4300,5218758,49181789.6200,0.835300,1,0.212100,14.097945,1.417845,1.447258,14.640427,0
2025-05-09,sh.600846,9.4500,9.6300,9.4100,9.5400,9.4500,7431217,70889557.6400,1.189400,1,0.952400,14.232212,1.431348,1.461041,14.779859,0
2025-05-12,sh.600846,9.5600,9.5600,9.4100,9.5300,9.5400,6604371,62754365.0700,1.057100,1,-0.104800,14.217293,1.429848,1.459510,14.764367,0
2025-05-13,sh.600846,9.5500,9.6200,9.4300,9.4600,9.5300,6156800,58521252.0000,0.985500,1,-0.734500,14.112864,1.419345,1.448789,14.655919,0
2025-05-14,sh.600846,9.4800,9.5000,9.3000,9.3800,9.4600,5156784,48281505.4600,0.825400,1,-0.845700,13.993516,1.407342,1.436537,14.531979,0
2025-05-15,sh.600846,9.3800,9.4000,9.3000,9.3100,9.3800,3248951,30333822.6900,0.520000,1,-0.746300,13.889087,1.396840,1.425817,14.423532,0
2025-05-16,sh.600846,9.3500,9.3900,9.2700,9.3100,9.3100,3260100,30362248.0000,0.521800,1,0.000000,13.889087,1.396840,1.425817,14.423532,0
2025-05-19,sh.600846,9.2900,9.4400,9.2800,9.3800,9.3100,5020463,47053561.0800,0.803600,1,0.751900,13.993516,1.407342,1.436537,14.531979,0
2025-05-20,sh.600846,9.4000,9.4600,9.3200,9.3500,9.3800,4563700,42809262.0000,0.730500,1,-0.319800,13.948761,1.402841,1.431943,14.485502,0
2025-05-21,sh.600846,9.3500,9.3900,9.2400,9.2800,9.3500,3636700,33790687.0000,0.582100,1,-0.748700,13.844332,1.392339,1.421222,14.377054,0
2025-05-22,sh.600846,9.2300,9.5600,9.2300,9.3200,9.2800,7376681,69473594.9200,1.180700,1,0.431000,13.904005,1.398340,1.427348,14.439024,0
2025-05-23,sh.600846,9.3500,9.4200,9.2300,9.2300,9.3200,4899200,45765199.0000,0.784200,1,-0.965700,13.769739,1.384837,1.413565,14.299591,0
2025-05-26,sh.600846,9.2300,9.5500,9.2200,9.4000,9.2300,5914600,55839545.0000,0.946700,1,1.841800,14.023353,1.410343,1.439600,14.562964,0
2025-05-27,sh.600846,9.3900,9.4600,9.3200,9.4300,9.4000,3432209,32232114.9700,0.549400,1,0.319100,14.068108,1.414844,1.444195,14.609442,0
2025-05-28,sh.600846,9.4100,9.5100,9.3800,9.4300,9.4300,3612100,34087936.0000,0.578200,1,0.000000,14.068108,1.414844,1.444195,14.609442,0
2025-05-29,sh.600846,9.4300,9.7700,9.4200,9.6200,9.4300,11682500,112215093.2000,1.869900,1,2.014800,14.351559,1.443351,1.473293,14.903799,0
2025-05-30,sh.600846,9.6000,9.6400,9.4700,9.4900,9.6200,6288100,59817489.0000,1.006500,1,-1.351400,14.157619,1.423846,1.453384,14.702397,0
2025-06-03,sh.600846,9.4900,9.7200,9.4400,9.6900,9.4900,8106901,77868785.6900,1.297600,1,2.107500,14.455988,1.453854,1.484013,15.012247,0
2025-06-04,sh.600846,9.6900,9.8000,9.6000,9.7300,9.6900,9690693,93852259.6800,1.551100,1,0.412800,14.515662,1.459855,1.490139,15.074217,0
2025-06-05,sh.600846,9.7700,9.7900,9.5200,9.6400,9.7300,8448482,81065399.9400,1.352300,1,-0.925000,14.381396,1.446352,1.476356,14.934785,0
2025-06-06,sh.600846,9.6400,10.0000,9.6300,9.9600,9.6400,12512615,123325747.6300,2.002800,1,3.319500,14.858787,1.494364,1.525364,15.430545,0
2025-06-09,sh.600846,10.0200,10.3300,9.9600,10.2400,9.9600,17753071,180846294.9800,2.841600,1,2.811200,15.276504,1.536374,1.568245,15.864335,0
2025-06-10,sh.600846,10.3400,10.3800,10.1100,10.3700,10.2400,15927013,163432796.4800,2.549300,1,1.269500,15.470444,1.555879,1.588155,16.065738,0
2025-06-11,sh.600846,10.2800,10.4400,10.2500,10.3100,10.3700,8874965,91380642.9900,1.420500,1,-0.578600,15.380933,1.546876,1.578966,15.972783,0
2025-06-12,sh.600846,10.2700,10.4000,10.1800,10.2800,10.3100,8289559,85388345.0600,1.326800,1,-0.291000,15.336178,1.542375,1.574371,15.926305,0
2025-06-13,sh.600846,10.2400,10.4100,10.0800,10.3900,10.2800,16692548,171056312.5600,2.671800,1,1.070000,15.500281,1.558879,1.591218,16.096723,0
2025-06-16,sh.600846,10.3800,11.1800,10.3800,11.0100,10.3900,20448864,223202774.7300,3.273100,1,5.967300,16.425225,1.651902,1.686170,17.057259,0
2025-06-17,sh.600846,11.0200,11.0400,10.8300,11.0000,11.0100,12182483,133004541.9700,1.949900,1,-0.090800,16.410307,1.650402,1.684639,17.041767,0
2025-06-18,sh.600846,10.9700,11.0200,10.8300,10.9600,11.0000,8396086,91763666.4700,1.343900,1,-0.363600,16.350633,1.644400,1.678513,16.979796,0
2025-06-19,sh.600846,10.9200,10.9500,10.4000,10.4100,10.9600,14020589,148168571.3800,2.244200,1,-5.018200,15.530118,1.561880,1.594281,16.127708,0
2025-06-20,sh.600846,10.3200,10.4200,10.1000,10.1200,10.4100,9031226,92160242.6200,1.445500,1,-2.785800,15.097482,1.518369,1.549868,15.678425,0
2025-06-23,sh.600846,10.1000,10.7600,10.0800,10.6600,10.1200,16317455,172805409.7600,2.611800,1,5.336000,15.903079,1.599389,1.632568,16.515021,0
2025-06-24,sh.600846,10.5600,10.8400,10.5600,10.7800,10.6600,9454602,101642619.8100,1.513300,1,1.125700,16.082101,1.617393,1.650946,16.700931,0
2025-06-25,sh.600846,10.7000,10.8500,10.6800,10.8100,10.7800,7695199,82827274.9400,1.231700,1,0.278300,16.126856,1.621895,1.655540,16.747409,0
2025-06-26,sh.600846,10.7900,11.2800,10.4600,10.4700,10.8100,21874199,236908714.9000,3.501200,1,-3.145200,15.619628,1.570882,1.603470,16.220663,0
2025-06-27,sh.600846,10.6600,10.8300,10.5000,10.7300,10.4700,11858542,126295940.9500,1.898100,1,2.483300,16.007508,1.609892,1.643288,16.623469,0
2025-06-30,sh.600846,10.8300,11.4600,10.8000,11.3800,10.7300,22829970,257201145.5300,3.654200,1,6.057800,16.977208,1.707415,1.742835,17.630482,0
2025-07-01,sh.600846,11.3800,11.4200,11.0800,11.1200,11.3800,13915651,155932453.4100,2.227400,1,-2.284700,16.589328,1.668406,1.703017,17.227677,0
2025-07-02,sh.600846,11.0400,11.1200,10.6700,10.7800,11.1200,10397215,112450290.0800,1.664200,1,-3.057600,16.082101,1.617393,1.650946,16.700931,0
2025-07-03,sh.600846,10.8800,11.1600,10.7800,10.9800,10.7800,9774194,107082605.6200,1.564500,1,1.855300,16.380470,1.647401,1.681576,17.010782,0
2025-07-04,sh.600846,10.8900,11.0200,10.4700,10.5400,10.9800,12969300,138442146.0000,2.075900,1,-4.007300,15.724058,1.581385,1.614190,16.329111,0
2025-07-07,sh.600846,10.5800,11.1700,10.5100,11.0800,10.5400,16714519,182468959.4200,2.675300,1,5.123300,16.529654,1.662404,1.696891,17.165707,0
2025-07-08,sh.600846,10.9600,11.2700,10.9600,11.1300,11.0800,8516362,94802788.2600,1.363100,1,0.451300,16.604247,1.669906,1.704548,17.243169,0
2025-07-09,sh.600846,11.0300,11.1800,10.9800,11.0100,11.1300,5551202,61202077.6800,0.888500,1,-1.078200,16.425225,1.651902,1.686170,17.057259,0
2025-07-10,sh.600846,11.0500,11.1400,10.8900,11.0900,11.0100,7363681,81028560.8700,1.178600,1,0.726600,16.544573,1.663905,1.698422,17.181199,0
2025-07-11,sh.600846,11.0800,11.1800,11.0300,11.1200,11.0900,6411714,71273789.5700,1.026300,1,0.270500,16.589328,1.668406,1.703017,17.227677,0
2025-07-14,sh.600846,11.1500,11.1900,10.8000,10.9700,11.1200,8376353,91680387.0700,1.340700,1,-1.348900,16.365551,1.645900,1.680044,16.995289,0
2025-07-15,sh.600846,10.8500,11.0300,10.8000,10.9100,10.9700,5677414,61748591.2700,0.908700,1,-0.546900,16.276041,1.636898,1.670855,16.902334,0
2025-07-16,sh.600846,10.9300,11.0300,10.8200,10.9600,10.9100,4832222,52780124.4100,0.773500,1,0.458300,16.350633,1.644400,1.678513,16.979796,0
2025-07-17,sh.600846,10.9700,11.0200,10.8900,10.9600,10.9600,4054639,44384990.1900,0.649000,1,0.000000,16.350633,1.644400,1.678513,16.979796,0
2025-07-18,sh.600846,11.0200,11.0200,10.8800,10.9600,10.9600,4365200,47667868.0000,0.698700,1,0.000000,16.350633,1.644400,1.678513,16.979796,0
2025-07-21,sh.600846,11.0000,11.4500,10.9900,11.3100,10.9600,11289282,127343692.5400,1.807000,1,3.193400,16.872779,1.696913,1.732115,17.522035,0
2025-07-22,sh.600846,11.3900,11.6500,11.2400,11.5200,11.3100,11097316,127210974.9200,1.776200,1,1.856800,17.186067,1.728421,1.764276,17.847377,0
2025-07-23,sh.600846,11.4600,11.6500,11.2700,11.3200,11.5200,9239819,105754410.7300,1.478900,1,-1.736100,16.887698,1.698413,1.733646,17.537527,0
2025-07-24,sh.600846,11.2700,11.4800,11.2500,11.4100,11.3200,6710214,76269066.9200,1.074000,1,0.795100,17.021964,1.711917,1.747430,17.676960,0
2025-07-25,sh.600846,11.4000,11.4000,11.1400,11.1700,11.4100,8282001,93311805.3200,1.325600,1,-2.103400,16.663921,1.675908,1.710674,17.305139,0
2025-07-28,sh.600846,11.0000,11.0100,10.4100,10.5400,11.1700,26261073,278750764.3400,4.203400,1,-5.640100,15.724058,1.581385,1.614190,16.329111,0
2025-07-29,sh.600846,10.5500,10.8200,10.5100,10.6400,10.5400,11065946,117562558.7900,1.771200,1,0.948800,15.873242,1.596388,1.629505,16.484036,0
2025-07-30,sh.600846,10.6500,10.7800,10.5300,10.5700,10.6400,7626440,80878302.8000,1.220700,1,-0.657900,15.768813,1.585886,1.618785,16.375588,0
2025-07-31,sh.600846,10.5500,10.6500,10.3300,10.4000,10.5700,8433643,88020000.6900,1.349900,1,-1.608300,15.515199,1.560380,1.592749,16.112216,0
2025-08-01,sh.600846,10.4000,10.4800,10.2800,10.3000,10.4000,5472270,56667828.3000,0.875900,1,-0.961500,15.366015,1.545376,1.577434,15.957290,0
2025-08-04,sh.600846,10.3000,10.3700,10.1800,10.3100,10.3000,6179330,63486918.2000,0.989100,1,0.097100,15.380933,1.546876,1.578966,15.972783,0
2025-08-05,sh.600846,10.3000,10.5500,10.2600,10.4000,10.3100,6352480,66071927.9000,1.016800,1,0.872900,15.515199,1.560380,1.592749,16.112216,0
2025-08-06,sh.600846,10.4000,10.5700,10.3200,10.3800,10.4000,7988775,83207648.0400,1.278700,1,-0.192300,15.485362,1.557379,1.589686,16.081231,0
2025-08-07,sh.600846,10.3700,10.4300,10.0900,10.2700,10.3800,8643560,88609076.9000,1.383500,1,-1.059700,15.321259,1.540875,1.572840,15.910813,0
2025-08-08,sh.600846,10.2300,10.4500,10.2100,10.3000,10.2700,5174636,53509637.4800,0.828300,1,0.292100,15.366015,1.545376,1.577434,15.957290,0
2025-08-11,sh.600846,10.3400,10.3800,10.2600,10.3100,10.3000,7086301,73082633.1600,1.134200,1,0.097100,15.380933,1.546876,1.578966,15.972783,0
2025-08-12,sh.600846,10.2900,10.4000,10.2700,10.3700,10.3100,4467497,46201667.0200,0.715100,1,0.582000,15.470444,1.555879,1.588155,16.065738,0
2025-08-13,sh.600846,10.3600,10.5400,10.3100,10.4900,10.3700,7334850,76448965.6600,1.174000,1,1.157200,15.649465,1.573883,1.606533,16.251648,0
2025-08-14,sh.600846,10.5200,10.5300,10.1000,10.1300,10.4900,10262364,105345236.0400,1.642600,1,-3.431800,15.112401,1.519870,1.551399,15.693918,0
2025-08-15,sh.600846,10.0500,10.2500,9.9900,10.1200,9.9300,6153200,62371467.5000,0.984900,1,1.913400,15.097482,1.518369,1.549868,15.678425,0
2025-08-18,sh.600846,10.1000,10.1200,9.7100,9.9300,10.1200,14440505,142913377.2800,2.311400,1,-1.877500,19.436850,1.513578,1.607368,5.370369,0
2025-08-19,sh.600846,9.9200,10.0700,9.8400,9.9800,9.9300,7423514,74097139.6600,1.188200,1,0.503500,19.534720,1.521199,1.615462,5.397411,0
2025-08-20,sh.600846,9.9800,10.1400,9.9000,10.1400,9.9800,8196764,81983506.0000,1.312000,1,1.603200,19.847902,1.545587,1.641361,5.483942,0
2025-08-21,sh.600846,10.1600,10.5900,10.1300,10.2000,10.1400,14676348,151772365.0400,2.349100,1,0.591700,19.965345,1.554733,1.651073,5.516392,0
2025-08-22,sh.600846,10.2600,10.4400,10.1500,10.2300,10.2000,8349130,85565674.6000,1.336400,1,0.294100,20.024066,1.559306,1.655929,5.532616,0
2025-08-25,sh.600846,10.2300,10.3000,10.1600,10.2200,10.2300,9271980,94676180.6200,1.484100,1,-0.097800,20.004493,1.557781,1.654311,5.527208,0
2025-08-26,sh.600846,10.2200,10.3500,10.2000,10.2300,10.2200,7354701,75373562.2100,1.177200,1,0.097800,20.024066,1.559306,1.655929,5.532616,0
2025-08-27,sh.600846,10.2900,10.3500,10.0500,10.0600,10.2300,12021470,122867444.5000,1.924200,1,-1.661800,19.691311,1.533393,1.628412,5.440676,0
2025-08-28,sh.600846,10.0600,10.2400,9.7500,10.1900,10.0600,12819753,128125016.5000,2.051900,1,1.292200,19.945771,1.553209,1.649455,5.510983,0
2025-08-29,sh.600846,10.4400,11.2100,9.9500,11.2100,10.1900,71694587,756474395.8600,11.475500,1,10.009800,21.942305,1.708682,1.814562,6.062623,0
2025-09-01,sh.600846,11.2000,11.4500,10.7700,10.9600,11.2100,43441384,482838628.1200,6.953300,1,-2.230200,21.452959,1.670576,1.774095,5.927417,0
2025-09-02,sh.600846,10.9400,11.0500,10.7000,10.9000,10.9600,16020507,173639844.7700,2.564300,1,-0.547400,21.335516,1.661430,1.764382,5.894967,0
2025-09-03,sh.600846,10.9900,11.0000,10.5000,10.5300,10.9000,13955807,148956096.3700,2.233800,1,-3.394500,20.611282,1.605033,1.704490,5.694863,0
2025-09-04,sh.600846,10.5100,10.5300,9.9700,10.1200,10.5300,13698700,140245120.1500,2.192600,1,-3.893600,19.808754,1.542539,1.638124,5.473126,0
2025-09-05,sh.600846,10.1400,10.2500,9.9100,10.2200,10.1200,8868249,89803537.7400,1.419500,1,0.988100,20.004493,1.557781,1.654311,5.527208,0
2025-09-08,sh.600846,10.2000,10.3800,10.1500,10.2500,10.2200,7820926,80224597.6100,1.251800,1,0.293500,20.063214,1.562354,1.659167,5.543433,0
2025-09-09,sh.600846,10.2400,10.5400,10.1500,10.4700,10.2500,9693707,100355021.8000,1.551600,1,2.146300,20.493839,1.595888,1.694778,5.662414,0
2025-09-10,sh.600846,10.4700,11.0900,10.4400,11.0300,10.4700,19244484,208481005.2200,3.080300,1,5.348600,21.589976,1.681245,1.785425,5.965274,0
2025-09-11,sh.600846,11.0300,12.1300,10.9800,12.1300,11.0300,27677096,324008575.9500,4.430000,1,9.972800,23.743101,1.848913,1.963482,6.560179,0
2025-09-12,sh.600846,12.2000,13.3400,12.2000,13.1000,12.1300,60103950,787561492.0000,9.620300,1,7.996700,25.641766,1.996765,2.120496,7.084777,0
2025-09-15,sh.600846,13.0900,13.5200,12.6100,13.3400,13.1000,41624763,543544134.6200,6.662500,1,1.832100,26.111539,2.033347,2.159345,7.214575,0
2025-09-16,sh.600846,13.4000,13.5900,13.2000,13.3100,13.3400,21042784,281014752.4000,3.368100,1,-0.224900,26.052818,2.028774,2.154489,7.198350,0
2025-09-17,sh.600846,13.2500,13.5900,13.2500,13.5200,13.3100,16414036,220783882.0900,2.627200,1,1.577800,26.463869,2.060783,2.188482,7.311923,0
2025-09-18,sh.600846,13.6300,13.8500,13.1300,13.2500,13.5200,19236510,259190239.9200,3.079000,1,-1.997000,25.935374,2.019629,2.144777,7.165901,0
2025-09-19,sh.600846,13.2600,14.2800,13.2600,13.9900,13.2500,24576451,339338141.5800,3.933700,1,5.584900,27.383841,2.132423,2.264560,7.566110,0
2025-09-22,sh.600846,14.0000,14.0700,13.6800,14.0200,13.9900,13568416,188556136.0200,2.171800,1,0.214400,27.442562,2.136996,2.269417,7.582334,0
2025-09-23,sh.600846,14.1300,14.3400,13.5400,14.0500,14.0200,13308693,184144967.8500,2.130200,1,0.214000,27.501284,2.141568,2.274273,7.598559,0
2025-09-24,sh.600846,14.0800,14.6000,13.9000,14.5500,14.0500,13615370,194549979.3500,2.179300,1,3.558700,28.479977,2.217781,2.355208,7.868970,0
2025-09-25,sh.600846,14.4700,14.5600,13.6000,13.7500,14.5500,18171536,254396448.2000,2.908600,1,-5.498300,26.914068,2.095841,2.225712,7.436312,0
2025-09-26,sh.600846,13.6100,14.0200,13.5800,13.7200,13.7500,10990272,151616356.0500,1.759100,1,-0.218200,26.855346,2.091268,2.220856,7.420088,0
2025-09-29,sh.600846,13.7100,13.7300,13.2100,13.6700,13.7200,9189804,124315191.3400,1.470900,1,-0.364400,26.757477,2.083647,2.212762,7.393046,0
2025-09-30,sh.600846,13.6900,13.9100,13.4000,13.7700,13.6700,11976262,163485160.1000,1.916900,1,0.731500,26.953215,2.098889,2.228949,7.447129,0
2025-10-09,sh.600846,13.7100,15.1500,13.6000,15.1500,13.7700,23387248,339532355.9700,3.743400,1,10.021800,29.654409,2.309236,2.452330,8.193464,0
2025-10-10,sh.600846,15.1500,15.3500,14.6900,15.0200,15.1500,19426814,291963079.7200,3.109500,1,-0.858100,29.399949,2.289420,2.431286,8.123157,0
2025-10-13,sh.600846,14.4400,14.8900,14.3000,14.8500,15.0200,12192049,178288901.0900,1.951500,1,-1.131800,29.067193,2.263508,2.403769,8.031217,0
2025-10-14,sh.600846,15.0100,15.0700,14.3800,14.4700,14.8500,9479746,139424953.3400,1.517300,1,-2.558900,28.323386,2.205587,2.342258,7.825705,0
2025-10-15,sh.600846,14.4000,14.4800,13.5800,14.0100,14.4700,15844121,220453678.0100,2.536000,1,-3.179000,27.422988,2.135471,2.267798,7.576926,0
2025-10-16,sh.600846,13.8500,14.3800,13.6200,13.7000,14.0100,9479209,131705245.3100,1.517300,1,-2.212700,26.816198,2.088220,2.217618,7.409271,0
2025-10-17,sh.600846,13.6500,14.0000,13.4000,13.8800,13.7000,11122388,153039014.6400,1.780300,1,1.313900,27.168528,2.115656,2.246755,7.506619,0
2025-10-20,sh.600846,13.9500,14.3700,13.5100,14.2000,13.8800,13706680,192589946.2300,2.193900,1,2.305500,27.794892,2.164432,2.298553,7.679682,0
2025-10-21,sh.600846,14.0300,14.6100,14.0000,14.5900,14.2000,10976195,157051158.0000,1.756900,1,2.746500,28.558273,2.223878,2.361682,7.890603,0
2025-10-22,sh.600846,14.4900,14.5100,13.7500,13.8300,14.5900,10895611,152446702.7900,1.744000,1,-5.209000,27.070659,2.108035,2.238661,7.479578,0
2025-10-23,sh.600846,13.8100,14.0800,13.6200,13.9400,13.8300,6833922,94541421.0600,1.093800,1,0.795400,27.285971,2.124802,2.256467,7.539068,0
2025-10-24,sh.600846,13.9400,14.5800,13.9400,14.4000,13.9400,9704514,139151157.2000,1.553300,1,3.299900,28.186369,2.194917,2.330927,7.787847,0
2025-10-27,sh.600846,14.6000,15.2100,14.5900,14.7700,14.4000,12263613,182489284.8800,1.962900,1,2.569400,28.910602,2.251314,2.390819,7.987951,0
2025-10-28,sh.600846,14.7700,14.9300,14.3200,14.8800,14.7700,8735012,127447509.0100,1.398100,1,0.744800,29.125915,2.268081,2.408625,8.047442,0
2025-10-29,sh.600846,14.8500,15.1300,14.6500,14.7800,14.8800,6084715,90451497.2300,0.973900,1,-0.672000,28.930176,2.252838,2.392438,7.993360,0
2025-10-30,sh.600846,14.8000,15.2800,14.6400,14.6500,14.7800,9495243,141715907.7700,1.519800,1,-0.879600,28.675716,2.233023,2.371395,7.923053,0
2025-10-31,sh.600846,14.6400,15.2100,14.4100,14.8600,14.6500,10744134,160718091.5100,1.719700,1,1.433400,35.151780,2.254958,2.594962,6.708629,0
2025-11-03,sh.600846,14.7000,14.8200,13.9400,14.4700,14.8600,8712158,124917271.5700,1.394500,1,-2.624500,34.229223,2.195777,2.526857,6.532561,0
2025-11-04,sh.600846,14.3700,14.6300,14.0500,14.2700,14.4700,6567270,93620827.9500,1.051200,1,-1.382200,33.756117,2.165427,2.491932,6.442270,0
2025-11-05,sh.600846,14.1100,14.5300,14.1000,14.5100,14.2700,4772487,68464742.2100,0.763900,1,1.681900,34.323844,2.201846,2.533842,6.550619,0
2025-11-06,sh.600846,14.7000,14.7000,14.1100,14.2700,14.5100,4587993,65409536.2100,0.734400,1,-1.654000,33.756117,2.165427,2.491932,6.442270,0
2025-11-07,sh.600846,14.2600,14.3400,14.0800,14.2000,14.2700,3503933,49728271.4900,0.560800,1,-0.490500,33.590530,2.154805,2.479708,6.410668,0
2025-11-10,sh.600846,14.2000,14.3000,13.9200,14.1500,14.2000,5784195,81622739.4200,0.925800,1,-0.352100,33.472253,2.147218,2.470977,6.388095,0
2025-11-11,sh.600846,14.2500,14.9800,14.1400,14.3600,14.1500,8188932,119260409.8800,1.310700,1,1.484100,33.969015,2.179084,2.507648,6.482901,0
2025-11-12,sh.600846,14.3700,14.8500,14.3100,14.7500,14.3600,6419720,93726190.8000,1.027500,1,2.715900,34.891571,2.238266,2.575753,6.658968,0
2025-11-13,sh.600846,14.9400,14.9400,14.4200,14.8400,14.7500,5001336,73672921.4000,0.800500,1,0.610200,35.104469,2.251923,2.591469,6.699599,0
2025-11-14,sh.600846,14.6100,15.1300,14.6100,14.7900,14.8400,6664665,99323087.2000,1.066800,1,-0.336900,34.986193,2.244336,2.582738,6.677027,0
2025-11-17,sh.600846,14.7200,15.5500,14.7200,15.4500,14.7900,11788773,179824039.3600,1.886900,1,4.462500,36.547443,2.344488,2.697992,6.974987,0
2025-11-18,sh.600846,15.6100,17.0000,15.4800,16.9000,15.4500,31252931,521367105.7800,5.002400,1,9.385100,39.977462,2.564521,2.951202,7.629598,0
2025-11-19,sh.600846,16.6200,17.1500,16.0200,16.1900,16.9000,18576569,305206051.4000,2.973400,1,-4.201200,38.297935,2.456781,2.827216,7.309064,0
2025-11-20,sh.600846,16.0000,16.4100,15.7300,15.7900,16.1900,9214088,147425380.9000,1.474800,1,-2.470700,37.351723,2.396082,2.757365,7.128482,0
2025-11-21,sh.600846,15.6000,16.0600,15.1300,15.2500,15.7900,11425720,177063143.5700,1.828800,1,-3.419900,36.074337,2.314139,2.663067,6.884696,0
2025-11-24,sh.600846,15.2100,16.2700,15.2100,16.0600,15.2500,11254512,178244621.6600,1.801400,1,5.311500,37.990416,2.437054,2.804515,7.250375,0
2025-11-25,sh.600846,16.4000,16.5200,15.8800,16.0600,16.0600,11992630,193632624.7900,1.919600,1,0.000000,37.990416,2.437054,2.804515,7.250375,0
2025-11-26,sh.600846,15.9800,16.4400,15.5800,16.1200,16.0600,9183900,147265189.9400,1.470000,1,0.373600,38.132348,2.446159,2.814992,7.277462,0
2025-11-27,sh.600846,16.1100,16.1400,15.6100,15.7200,16.1200,6102144,96730076.0800,0.976700,1,-2.481400,37.186136,2.385460,2.745141,7.096880,0
2025-11-28,sh.600846,15.6000,16.2000,15.4800,16.1000,15.7200,6728000,106978570.8400,1.076900,1,2.417300,38.085037,2.443124,2.811500,7.268433,0
2025-12-01,sh.600846,15.9600,17.2800,15.9600,17.2000,16.1000,16470214,278229718.6100,2.636200,1,6.832300,40.687121,2.610045,3.003590,7.765034,0
2025-12-02,sh.600846,17.0500,17.3300,16.8300,17.1600,17.2000,9004680,153831505.4000,1.441300,1,-0.232600,40.592499,2.603976,2.996605,7.746976,0
2025-12-03,sh.600846,17.4200,17.5000,16.8200,17.1100,17.1600,7832963,133856896.4800,1.253800,1,-0.291400,40.474223,2.596388,2.987873,7.724403,0
2025-12-04,sh.600846,17.1300,17.3500,16.8500,17.0900,17.1100,7817623,133706474.0000,1.251300,1,-0.116900,40.426912,2.593353,2.984381,7.715374,0
2025-12-05,sh.600846,17.1000,17.8000,16.8200,17.3200,17.0900,9261854,159804294.9700,1.482500,1,1.345800,40.970984,2.628255,3.024545,7.819209,0
2025-12-08,sh.600846,17.3100,17.6800,16.9500,17.6000,17.3200,9112862,158394357.8400,1.458600,1,1.616600,41.633333,2.670744,3.073441,7.945617,0
2025-12-09,sh.600846,17.6000,18.1100,17.3200,17.8600,17.6000,10940474,193995090.9000,1.751100,1,1.477300,42.248371,2.710198,3.118844,8.062995,0
2025-12-10,sh.600846,17.8100,18.3200,17.5600,18.2900,17.8600,14061199,253942562.4500,2.250700,1,2.407600,43.265549,2.775449,3.193934,8.257121,0
2025-12-11,sh.600846,18.3200,18.3700,16.4600,16.4600,18.2900,26068144,447126629.5400,4.172500,1,-10.005500,38.936628,2.497753,2.874366,7.430957,0
2025-12-12,sh.600846,16.0000,16.6300,15.4700,15.9900,16.4600,17859821,284165972.9600,2.858700,1,-2.855400,37.824829,2.426432,2.792291,7.218773,0
2025-12-15,sh.600846,15.8100,15.9800,15.3500,15.3800,15.9900,7872263,122905115.7500,1.260000,1,-3.814900,36.381856,2.333866,2.685768,6.943385,0
2025-12-16,sh.600846,15.2900,15.3700,14.0000,14.0900,15.3800,13033043,189444791.3100,2.086100,1,-8.387500,33.330321,2.138113,2.460499,6.361008,0
2025-12-17,sh.600846,13.9700,14.5500,13.9600,14.2000,14.0900,8794364,124860556.2100,1.407600,1,0.780700,33.590530,2.154805,2.479708,6.410668,0
2025-12-18,sh.600846,14.1000,14.1500,13.7600,13.8800,14.2000,6811805,94883862.3500,1.090300,1,-2.253500,32.833560,2.106246,2.423827,6.266202,0
2025-12-19,sh.600846,13.8800,14.4000,13.8700,14.1000,13.8800,7752602,109558366.2200,1.240900,1,1.585000,33.353977,2.139630,2.462245,6.365522,0
2025-12-22,sh.600846,14.0200,14.4000,13.9000,13.9500,14.1000,7145026,100873904.9200,1.143600,1,-1.063800,32.999147,2.116868,2.436051,6.297804,0
2025-12-23,sh.600846,13.9000,14.0300,13.8000,13.9100,13.9500,4596908,63859754.2300,0.735800,1,-0.286700,32.904526,2.110798,2.429066,6.279746,0
2025-12-24,sh.600846,13.9100,13.9800,13.7500,13.8000,13.9100,6160860,85428491.2000,0.986100,1,-0.790800,32.644318,2.094106,2.409857,6.230086,0
2025-12-25,sh.600846,13.8000,13.8000,13.5600,13.6200,13.8000,5552038,75746635.1000,0.888700,1,-1.304300,32.218522,2.066792,2.378424,6.148824,0
2025-12-26,sh.600846,13.6900,14.2800,13.6500,14.1500,13.6200,10041999,140319519.7200,1.607300,1,3.891300,33.472253,2.147218,2.470977,6.388095,0
2025-12-29,sh.600846,14.1500,14.2000,13.3800,13.4100,14.1500,8441458,115646527.1600,1.351100,1,-5.229700,31.721761,2.034925,2.341752,6.054018,0
2025-12-30,sh.600846,13.4100,13.4400,13.2100,13.2400,13.4100,5197409,68987177.0900,0.831900,1,-1.267700,31.319621,2.009128,2.312066,5.977271,0
2025-12-31,sh.600846,13.2400,13.3000,13.0300,13.1500,13.2400,4425174,58104436.7400,0.708300,1,-0.679800,31.106723,1.995471,2.296349,5.936640,0
2026-01-05,sh.600846,13.2500,13.5200,12.9600,13.3000,13.1500,6038932,80126911.7600,0.966600,1,1.140700,31.461553,2.018233,2.322543,6.004358,0
2026-01-06,sh.600846,13.4300,14.4500,13.3500,14.3200,13.3000,12373952,173910465.1200,1.980600,1,7.669200,33.874393,2.173015,2.500663,6.464843,0
2026-01-07,sh.600846,14.2300,14.4900,13.9000,14.3000,14.3200,7893200,112005384.2200,1.263400,1,-0.139700,33.827083,2.169980,2.497171,6.455813,0
2026-01-08,sh.600846,14.2000,14.3500,14.0500,14.0500,14.3000,5068604,71693370.1200,0.811300,1,-1.748300,33.235700,2.132043,2.453514,6.342950,0
2026-01-09,sh.600846,14.2800,14.4500,14.1000,14.2500,14.0500,6434200,91838962.7600,1.029900,1,1.423500,33.708806,2.162392,2.488439,6.433241,0
2026-01-12,sh.600846,14.2500,14.4500,13.8300,14.1100,14.2500,9091497,127819827.0200,1.455200,1,-0.982500,33.377632,2.141148,2.463992,6.370037,0
2026-01-13,sh.600846,14.0500,14.3500,13.9600,13.9800,14.1100,7715092,108947184.3600,1.234900,1,-0.921300,33.070113,2.121421,2.441290,6.311348,0
2026-01-14,sh.600846,13.9800,14.1000,13.6800,13.7300,13.9800,8935103,124226123.9200,1.430200,1,-1.788300,32.478731,2.083484,2.397633,6.198484,0
2026-01-15,sh.600846,13.7500,14.0800,13.6100,14.0400,13.7300,5270110,73207840.5200,0.843500,1,2.257800,33.212045,2.130525,2.451768,6.338435,0
2026-01-16,sh.600846,13.9800,14.4300,13.9700,14.3900,14.0400,8049248,114952950.3600,1.288400,1,2.492900,34.039981,2.183637,2.512887,6.496444,0
2026-01-19,sh.600846,14.3900,14.4500,14.1800,14.2000,14.3900,4463831,63753804.2200,0.714500,1,-1.320400,33.590530,2.154805,2.479708,6.410668,0
2026-01-20,sh.600846,14.1800,14.3600,13.9000,13.9900,14.2000,7735104,109291129.6700,1.238100,1,-1.478900,33.093768,2.122938,2.443036,6.315862,0
2026-01-21,sh.600846,13.9800,14.1600,13.8100,14.0700,13.9900,3772100,52767538.8500,0.603800,1,0.571800,33.283011,2.135078,2.457006,6.351979,0
2026-01-22,sh.600846,14.0600,14.3600,13.9000,14.1400,14.0700,4823197,68172487.0500,0.772000,1,0.497500,33.448598,2.145700,2.469230,6.383581,0
2026-01-23,sh.600846,14.1500,14.2000,13.9300,14.0000,14.1400,5436984,76129322.5800,0.870200,1,-0.990100,33.117424,2.124456,2.444782,6.320377,0
2026-01-26,sh.600846,14.0000,14.0600,13.4500,13.5400,14.0000,6347010,86715163.6900,1.015900,1,-3.285700,32.029280,2.054652,2.364454,6.112707,0
2026-01-27,sh.600846,13.5000,13.5900,13.1100,13.3200,13.5400,4735305,62821775.7400,0.757900,1,-1.624800,31.508863,2.021268,2.326036,6.013387,0
2026-01-28,sh.600846,13.2800,13.4000,13.1500,13.2100,13.3200,3006403,39737904.5000,0.481200,1,-0.825800,31.248655,2.004576,2.306827,5.963727,0
2026-01-29,sh.600846,13.1500,13.2900,12.9500,12.9500,13.2100,3969393,51984516.5600,0.635300,1,-1.968200,30.633617,1.965121,2.261424,5.846349,0
2026-01-30,sh.600846,12.9000,13.0900,12.8000,13.0400,12.9500,5412810,70245852.7000,0.866400,1,0.695000,30.846515,1.978779,2.277140,5.886980,0
2026-02-02,sh.600846,13.1200,13.1200,12.6200,12.6300,13.0400,4277100,54750752.0000,0.684600,1,-3.144200,29.876647,1.916562,2.205543,5.701883,0
2026-02-03,sh.600846,12.6500,12.8800,12.6300,12.7000,12.6300,3747701,47693380.6300,0.599900,1,0.554200,30.042234,1.927185,2.217767,5.733485,0
2026-02-04,sh.600846,12.7200,12.9900,12.6300,12.9400,12.7000,6015866,77044441.2700,0.962900,1,1.889800,30.609962,1.963604,2.259678,5.841834,0
2026-02-05,sh.600846,12.7000,13.1900,12.3200,13.1300,12.9400,10686605,137482147.2300,1.710500,1,1.468300,31.059412,1.992436,2.292857,5.927611,0
2026-02-06,sh.600846,13.0100,13.1700,12.7000,12.9400,13.1300,6114246,79203525.2000,0.978700,1,-1.447100,30.609962,1.963604,2.259678,5.841834,0
2026-02-09,sh.600846,13.0200,13.5900,12.9500,13.5500,12.9400,8815319,117742650.3000,1.411000,1,4.714100,32.052935,2.056169,2.366200,6.117222,0
2026-02-10,sh.600846,13.5500,13.5600,13.0900,13.1300,13.5500,5611500,74231930.0000,0.898200,1,-3.099600,31.059412,1.992436,2.292857,5.927611,0
2026-02-11,sh.600846,13.1300,13.1400,12.9800,12.9900,13.1300,2685481,35040697.4300,0.429800,1,-1.066300,30.728238,1.971191,2.268409,5.864407,0
2026-02-12,sh.600846,13.0000,13.0600,12.8200,12.9100,12.9900,2362100,30525164.0000,0.378100,1,-0.615900,30.538996,1.959052,2.254439,5.828290,0
2026-02-13,sh.600846,12.9000,13.1700,12.8200,12.9900,12.9100,2735844,35688690.2000,0.437900,1,0.619700,30.728238,1.971191,2.268409,5.864407,0
2026-02-24,sh.600846,13.0400,13.1000,12.9000,13.0000,12.9900,3325693,43195122.5700,0.532300,1,0.077000,30.751893,1.972709,2.270155,5.868921,0
2026-02-25,sh.600846,12.9300,13.1200,12.9200,13.0000,13.0000,5830530,75783846.9600,0.933200,1,0.000000,30.751893,1.972709,2.270155,5.868921,0
2026-02-26,sh.600846,13.0500,13.4400,12.9900,13.0700,13.0000,4963699,65193888.9300,0.794500,1,0.538500,30.917481,1.983331,2.282379,5.900523,0
2026-02-27,sh.600846,13.0500,13.1000,12.9400,13.0600,13.0700,2595237,33737382.6600,0.415400,1,-0.076500,30.893825,1.981814,2.280633,5.896009,0
2026-03-02,sh.600846,12.9500,13.1300,12.8200,12.9200,13.0600,4263350,55202745.7400,0.682400,1,-1.072000,30.562651,1.960569,2.256185,5.832805,0
2026-03-03,sh.600846,12.9500,13.3800,12.9300,13.0200,12.9200,7574628,99458275.1300,1.212400,1,0.774000,30.799204,1.975744,2.273648,5.877950,0
2026-03-04,sh.600846,13.0200,13.5300,12.9000,13.4200,13.0200,7390351,98249886.8400,1.182900,1,3.072200,31.745416,2.036442,2.343499,6.058533,0
2026-03-05,sh.600846,13.5100,13.5400,13.1800,13.4700,13.4200,5073992,67883239.5000,0.812100,1,0.372600,31.863693,2.044030,2.352230,6.081105,0
2026-03-06,sh.600846,13.4300,13.7900,13.4300,13.6200,13.4700,4213379,57394663.2300,0.674400,1,1.113600,32.218522,2.066792,2.378424,6.148824,0
2026-03-09,sh.600846,13.5000,13.7300,13.1800,13.6700,13.6200,6491300,87619217.0000,1.039000,1,0.367100,32.336799,2.074379,2.387155,6.171397,0
2026-03-10,sh.600846,13.7800,13.8000,13.5400,13.7100,13.6700,3928272,53776135.7800,0.628800,1,0.292600,32.431420,2.080449,2.394141,6.189455,0
2026-03-11,sh.600846,13.7300,13.7600,13.5300,13.6000,13.7100,3688001,50282717.6200,0.590300,1,-0.802300,32.171212,2.063757,2.374932,6.139795,0
2026-03-12,sh.600846,13.6200,13.8200,13.5700,13.7000,13.6000,3951091,54150431.7000,0.632400,1,0.735300,32.407765,2.078932,2.392394,6.184940,0
2026-03-13,sh.600846,13.6800,13.8400,13.5900,13.7800,13.7000,4022864,55313301.3800,0.643900,1,0.583900,32.597007,2.091071,2.406364,6.221057,0
2026-03-16,sh.600846,13.7600,13.9800,13.6100,13.9100,13.7800,4446430,61519167.5300,0.711700,1,0.943400,32.904526,2.110798,2.429066,6.279746,0
2026-03-17,sh.600846,13.9300,14.1000,13.7200,13.7500,13.9100,3934090,54664895.0400,0.629700,1,-1.150300,32.526041,2.086519,2.401126,6.207513,0
2026-03-18,sh.600846,13.7500,13.7500,13.5100,13.7100,13.7500,2728901,37175306.5700,0.436800,1,-0.290900,32.431420,2.080449,2.394141,6.189455,0
2026-03-19,sh.600846,13.6500,13.7600,12.9800,13.0400,13.7100,5114540,67783576.2600,0.818600,1,-4.886900,30.846515,1.978779,2.277140,5.886980,0
2026-03-20,sh.600846,13.0500,13.1500,12.7000,12.8100,13.0400,3638898,47132292.0400,0.582400,1,-1.763800,30.302443,1.943877,2.236976,5.783145,0
2026-03-23,sh.600846,12.6000,12.6200,11.6900,11.7800,12.8100,6120940,74591043.6000,0.979700,1,-8.040600,27.865947,1.787578,2.057110,5.318146,0
2026-03-24,sh.600846,12.2800,12.3600,11.9200,12.2500,11.7800,4873100,59220149.0000,0.780000,1,3.989800,28.977746,1.858899,2.139185,5.530330,0
2026-03-25,sh.600846,12.2900,12.5000,12.2000,12.3100,12.2500,3613044,44495130.3800,0.578300,1,0.489800,29.119678,1.868003,2.149662,5.557417,0
2026-03-26,sh.600846,12.3800,12.3900,12.0000,12.0400,12.3100,2194600,26747039.0000,0.351300,1,-2.193300,28.480984,1.827032,2.102513,5.435524,0
2026-03-27,sh.600846,12.0400,12.3400,11.8800,12.3400,12.0400,2086619,25356119.4500,0.334000,1,2.491700,29.190643,1.872556,2.154901,5.570961,0
2026-03-30,sh.600846,12.2900,12.2900,12.0800,12.2300,12.3400,1703091,20754741.5500,0.272600,1,-0.891400,28.930435,1.855864,2.135692,5.521301,0
2026-03-31,sh.600846,12.2500,12.3100,11.8000,11.8300,12.2300,2852242,34244006.1200,0.456500,1,-3.270600,27.984223,1.795165,2.065841,5.340718,0
2026-04-01,sh.600846,11.9000,12.4100,11.9000,12.3100,11.8300,3159568,38663519.0800,0.505700,1,4.057500,29.119678,1.868003,2.149662,5.557417,0
2026-04-02,sh.600846,12.2100,12.4000,12.0000,12.1100,12.3100,1925613,23472450.4000,0.308200,1,-1.624700,28.646572,1.837654,2.114737,5.467126,0
2026-04-03,sh.600846,12.0800,12.1500,11.6600,11.7000,12.1100,2186874,25834328.9900,0.350000,1,-3.385600,27.676704,1.775438,2.043140,5.282029,0
2026-04-07,sh.600846,11.6400,11.9000,11.6400,11.8600,11.7000,1147362,13577489.5400,0.183600,1,1.367500,28.055189,1.799717,2.071080,5.354262,0
2026-04-08,sh.600846,12.0300,12.3000,11.9900,12.2300,11.8600,2565538,31319330.6200,0.410600,1,3.119700,28.930435,1.855864,2.135692,5.521301,0
2026-04-09,sh.600846,12.2000,12.2000,11.9800,12.0400,12.2300,1733300,20900982.0000,0.277400,1,-1.553600,28.480984,1.827032,2.102513,5.435524,0
2026-04-10,sh.600846,11.9900,12.3500,11.9900,12.1900,12.0400,1631901,20005958.2200,0.261200,1,1.245800,28.835814,1.849794,2.128707,5.503242,0
2026-04-13,sh.600846,12.0900,12.1900,12.0400,12.1400,12.1900,1455803,17652531.1500,0.233000,1,-0.410200,28.717537,1.842206,2.119976,5.480670,0
2026-04-14,sh.600846,12.1300,12.2400,12.0700,12.2300,12.1400,1934812,23466042.1800,0.309700,1,0.741400,28.930435,1.855864,2.135692,5.521301,0
2026-04-15,sh.600846,12.2400,12.3500,12.0900,12.1500,12.2300,1624540,19882134.0000,0.260000,1,-0.654100,28.741193,1.843724,2.121722,5.485184,0
2026-04-16,sh.600846,12.1100,12.2900,12.0500,12.2700,12.1500,1467000,17879759.0000,0.234800,1,0.987700,29.025056,1.861934,2.142677,5.539359,0
2026-04-17,sh.600846,12.2200,12.3700,12.0000,12.1800,12.2700,2244450,27361986.0000,0.359200,1,-0.733500,28.812159,1.848276,2.126961,5.498728,0
2026-04-20,sh.600846,12.1800,12.2200,12.0000,12.0800,12.1800,3753046,45392549.7000,0.600700,1,-0.821000,28.575606,1.833102,2.109498,5.453582,0
2026-04-21,sh.600846,12.0800,12.7500,12.0700,12.4800,12.0800,6332044,78972775.7600,1.013500,1,3.311300,29.521818,1.893800,2.179349,5.634164,0
2026-04-22,sh.600846,12.4600,12.5600,12.2100,12.3300,12.4800,3705382,45598162.6000,0.593100,1,-1.201900,29.166988,1.871038,2.153155,5.566446,0
2026-04-23,sh.600846,12.3700,12.6400,12.2500,12.4000,12.3300,3517893,43806380.3100,0.563100,1,0.567700,29.332575,1.881661,2.165379,5.598048,0
2026-04-24,sh.600846,12.4000,12.7700,12.3100,12.6200,12.4000,4224620,53129277.2000,0.676200,1,1.774200,29.852992,1.915045,2.203797,5.697368,0
2026-04-27,sh.600846,12.8200,13.2200,12.7000,13.1600,12.6200,8557559,111750070.2200,1.369700,1,4.278900,30.178793,1.945260,1.851077,6.993037,0
2026-04-28,sh.600846,13.1700,13.3400,12.7900,13.2200,13.1600,6742563,88359166.8400,1.079200,1,0.455900,30.316387,1.954129,1.859517,7.024920,0
2026-04-29,sh.600846,13.2100,13.2200,12.9000,13.0600,13.2200,4697874,61093287.9800,0.751900,1,-1.210300,29.949471,1.930478,1.837011,6.939898,0
2026-04-30,sh.600846,12.9300,13.0000,12.5700,12.7600,13.0600,6438302,81935009.3900,1.030500,1,-2.297100,32.897399,1.835125,1.748882,8.148168,0
2026-05-06,sh.600846,12.6700,13.0300,12.6700,12.7900,12.7600,4467848,57499732.3400,0.715100,1,0.235100,32.974744,1.839440,1.752994,8.167325,0
2026-05-07,sh.600846,12.8600,13.0700,12.7900,12.8200,12.7900,4872506,62754249.9400,0.779900,1,0.234600,33.052088,1.843754,1.757106,8.186482,0
2026-05-08,sh.600846,12.8200,13.1500,12.6000,12.9600,12.8200,5330470,68613600.4000,0.853200,1,1.092000,33.413032,1.863889,1.776294,8.275882,0
2026-05-11,sh.600846,12.9600,12.9900,12.7800,12.8700,12.9600,3233788,41569578.4000,0.517600,1,-0.694400,33.180997,1.850945,1.763959,8.218411,0
2026-05-12,sh.600846,12.9400,12.9500,12.5900,12.6100,12.8700,3023918,38414146.8000,0.484000,1,-2.020200,32.510674,1.813552,1.728323,8.052382,0
2026-05-13,sh.600846,12.6100,12.8200,12.5600,12.7200,12.6100,4505590,57113146.7000,0.721200,1,0.872300,32.794272,1.829372,1.743400,8.122625,0
2026-05-14,sh.600846,12.6700,12.8800,12.5300,12.7600,12.7200,5350353,68162950.9600,0.856400,1,0.314500,32.897399,1.835125,1.748882,8.148168,0
2026-05-15,sh.600846,12.6900,12.9000,12.3800,12.7200,12.7600,5703217,72298293.0600,0.912900,1,-0.313500,32.794272,1.829372,1.743400,8.122625,0
2026-05-18,sh.600846,12.6400,12.6800,12.3700,12.4500,12.7200,3283890,40960209.8300,0.525600,1,-2.122600,32.098167,1.790541,1.706394,7.950211,0
2026-05-19,sh.600846,12.4500,12.6900,12.3700,12.6300,12.4500,2873923,36030604.4400,0.460000,1,1.445800,32.562237,1.816429,1.731064,8.065154,0
2026-05-20,sh.600846,12.6300,12.8000,12.5000,12.7200,12.6300,2684590,33980276.8900,0.429700,1,0.712600,32.794272,1.829372,1.743400,8.122625,0
2026-05-21,sh.600846,12.7200,12.7800,12.2500,12.2500,12.7200,4288504,53465839.8400,0.686400,1,-3.695000,31.582534,1.761778,1.678982,7.822497,0
2026-05-22,sh.600846,12.3000,12.4000,12.1000,12.1500,12.2500,3155096,38439046.3900,0.505000,1,-0.816300,31.324717,1.747396,1.665276,7.758640,0
2026-05-25,sh.600846,12.1700,12.3100,12.0400,12.1600,12.1500,2035610,24781545.2000,0.325800,1,0.082300,31.350499,1.748834,1.666646,7.765025,0
2026-05-26,sh.600846,12.0600,12.1900,11.6600,11.7500,12.1600,3104960,36802097.4000,0.497000,1,-3.371700,30.293451,1.689868,1.610452,7.503211,0
2026-05-27,sh.600846,11.7500,11.7500,11.2300,11.3100,11.7500,3778100,43010725.0000,0.604700,1,-3.744700,29.159058,1.626588,1.550146,7.222240,0
2026-05-28,sh.600846,11.3100,11.4500,11.1600,11.3000,11.3100,2326747,26345131.3900,0.372400,1,-0.088400,29.133276,1.625150,1.548775,7.215854,0
2026-05-29,sh.600846,11.3000,11.3800,10.9500,10.9700,11.3000,4205800,46497940.4000,0.673200,1,-2.920400,28.282481,1.577690,1.503545,7.005126,0
2026-06-01,sh.600846,10.9000,11.3200,10.8500,11.2500,10.9700,3942301,44190399.2300,0.631000,1,2.552400,29.004368,1.617959,1.541922,7.183926,0
2026-06-02,sh.600846,11.2500,11.5800,11.0600,11.3100,11.2500,4538122,51279466.6000,0.726400,1,0.533300,29.159058,1.626588,1.550146,7.222240,0
2026-06-03,sh.600846,11.3800,12.4400,11.3000,12.2900,11.3100,15026993,184755519.0100,2.405200,1,8.664900,31.685661,1.767530,1.684464,7.848040,0
2026-06-04,sh.600846,12.4800,12.4900,11.6600,11.7200,12.2900,11769677,141118136.5300,1.883900,1,-4.637900,30.216106,1.685554,1.606340,7.484054,0
2026-06-05,sh.600846,11.8400,11.8400,11.3300,11.3900,11.7200,5249900,60375493.0000,0.840300,1,-2.815700,29.365311,1.638094,1.561110,7.273325,0
2026-06-08,sh.600846,11.0800,11.3200,10.8800,11.0100,11.3900,4029779,44772569.4700,0.645000,1,-3.336300,28.385608,1.583443,1.509028,7.030668,0
2026-06-09,sh.600846,10.9200,11.1300,10.7200,10.9900,11.0100,3970364,43269549.5200,0.635500,1,-0.181700,28.334045,1.580566,1.506286,7.017897,0
2026-06-10,sh.600846,10.8500,10.9500,10.6200,10.7500,10.9900,2642704,28461659.5700,0.423000,1,-2.183800,27.715285,1.546050,1.473392,6.864640,0
2026-06-11,sh.600846,10.6400,10.6800,9.9500,10.0500,10.7500,7590763,77340648.5300,1.215000,1,-6.511600,25.910569,1.445377,1.377450,6.417640,0
2026-06-12,sh.600846,10.1500,10.7800,10.1400,10.4100,10.0500,7872948,81941070.9900,1.260200,1,3.582100,26.838708,1.497151,1.426792,6.647526,0
2026-06-15,sh.600846,10.5200,10.9900,10.1600,10.2300,10.4100,8964200,93375482.0000,1.434800,1,-1.729100,26.374638,1.471264,1.402121,6.532583,0
2026-06-16,sh.600846,10.3500,10.3500,9.7600,9.8000,10.2300,8180280,81155670.6000,1.309300,1,-4.203300,25.266027,1.409422,1.343185,6.257997,0
2026-06-17,sh.600846,9.7600,9.8500,9.5100,9.7900,9.8000,8245299,79682891.9200,1.319800,1,-0.102000,25.240245,1.407984,1.341815,6.251612,0
2026-06-18,sh.600846,9.8000,9.9300,9.4800,9.5500,9.7900,7560700,72908945.0000,1.210200,1,-2.451500,24.621486,1.373467,1.308920,6.098355,0
2026-06-22,sh.600846,9.5600,9.8400,9.1600,9.5900,9.5500,12130076,114958346.3600,1.941600,1,0.418800,24.724612,1.379220,1.314403,6.123897,0
2026-06-23,sh.600846,9.6100,9.8500,9.4800,9.8000,9.5900,8948157,86653751.0300,1.432300,1,2.189800,25.266027,1.409422,1.343185,6.257997,0
2026-06-24,sh.600846,9.6700,10.0800,9.5600,10.0100,9.8000,10723997,106017796.9100,1.716500,1,2.142900,25.807442,1.439624,1.371968,6.392097,0
2026-06-25,sh.600846,10.1500,10.1500,9.2000,9.8800,10.0100,10428100,99013349.5000,1.669100,1,-1.298700,25.472280,1.420928,1.354150,6.309083,0
2026-06-26,sh.600846,9.4500,9.5100,9.0600,9.0700,9.8800,8105180,74582596.1400,1.297300,1,-8.198400,23.383966,1.304435,1.243132,5.791840,0
2026-06-29,sh.600846,9.0100,9.3800,8.8500,9.0900,9.0700,8520685,77920594.3400,1.363800,1,0.220500,23.435529,1.307311,1.245873,5.804612,0
2026-06-30,sh.600846,9.1200,10.0000,8.9200,10.0000,9.0900,11547046,109583990.4700,1.848200,1,10.011000,25.781660,1.438186,1.370597,6.385712,0
2026-07-01,sh.600846,10.0000,10.6900,10.0000,10.5400,10.0000,11270620,117509928.5000,1.804000,1,5.400000,27.173870,1.515848,1.444610,6.730540,0
2026-07-02,sh.600846,10.6400,11.0600,10.4300,10.7700,10.5400,8516228,92323856.3000,1.363100,1,2.182200,27.766848,1.548926,1.476133,6.877411,0
2026-07-03,sh.600846,10.8800,11.2700,10.7600,10.9300,10.7700,6314094,69175250.0000,1.010600,1,1.485600,28.179355,1.571937,1.498063,6.979583,0
2026-07-06,sh.600846,10.7600,11.9000,10.7600,11.4500,10.9300,9163428,104992182.0200,1.466700,1,4.757500,29.520001,1.646723,1.569334,7.311640,0
2026-07-07,sh.600846,11.4400,11.6500,10.8900,10.9200,11.4500,6141116,68230816.7200,0.983000,1,-4.628800,28.153573,1.570499,1.496692,6.973197,0
2026-07-08,sh.600846,10.8600,11.0500,10.6600,10.8000,10.9200,4310197,46746601.9900,0.689900,1,-1.098900,27.844193,1.553241,1.480245,6.896568,0
2026-07-09,sh.600846,10.7900,11.5100,10.6500,11.4300,10.8000,7518000,83593793.0000,1.203300,1,5.833300,29.468438,1.643846,1.566593,7.298868,0
2026-07-10,sh.600846,11.3000,11.5000,11.2000,11.3100,11.4300,4536900,51600645.0000,0.726200,1,-1.049900,29.159058,1.626588,1.550146,7.222240,0
2026-07-13,sh.600846,11.2100,11.2700,10.7600,10.8100,11.3100,3629900,39722158.0000,0.581000,1,-4.420900,27.869975,1.554679,1.481616,6.902954,0
2026-07-14,sh.600846,10.9600,11.3700,10.7600,11.3700,10.8100,5902277,65491425.3700,0.944700,1,5.180400,29.313748,1.635217,1.558369,7.260554,0
2026-07-15,sh.600846,11.3600,11.5700,11.2400,11.2500,11.3700,4365583,49583542.1400,0.698800,1,-1.055400,29.004368,1.617959,1.541922,7.183926,0
2026-07-16,sh.600846,11.1800,12.0000,11.1500,11.9600,11.2500,10709226,125701611.8800,1.714100,1,6.311100,30.834866,1.720070,1.639234,7.637311,0
2026-07-17,sh.600846,11.7100,12.1200,10.9100,11.0300,11.9600,9855796,112628905.7600,1.577500,1,-7.775900,28.437171,1.586319,1.511769,7.043440,0
2026-07-20,sh.600846,11.1900,11.2900,10.5600,10.7100,11.0300,7307081,79613072.0300,1.169600,1,-2.901200,27.612158,1.540297,1.467910,6.839097,0
2026-07-21,sh.600846,10.6500,11.7800,10.5700,11.7800,10.7100,9028656,100876392.9300,1.445100,1,9.990700,30.370796,1.694183,1.614564,7.522368,0
2026-07-22,sh.600846,12.2200,12.3900,11.6800,11.8500,11.7800,9847229,117889812.1600,1.576200,1,0.594200,30.551267,1.704250,1.624158,7.567068,0
2026-07-23,sh.600846,11.9600,11.9700,10.9400,11.3800,11.8500,9845746,110893098.2200,1.575900,1,-3.966200,29.339529,1.636655,1.559740,7.266940,0
2026-07-24,sh.600846,11.2800,11.6000,11.0100,11.0100,11.3800,6636361,75160354.7500,1.062200,1,-3.251300,28.385608,1.583443,1.509028,7.030668,0
2026-07-27,sh.600846,11.0000,11.3800,10.8800,11.2600,11.0100,4420989,49500757.9100,0.707600,1,2.270700,29.030149,1.619397,1.543293,7.190311,0
2026-07-28,sh.600846,11.0500,12.3900,11.0500,12.0900,11.2600,14776807,177465594.8400,2.365200,1,7.371200,31.170027,1.738767,1.657052,7.720325,0
2026-07-29,sh.600846,11.9700,12.0800,11.4500,11.7800,12.0900,9655251,113241379.5200,1.545400,1,-2.564100,30.370796,1.694183,1.614564,7.522368,0
2026-07-30,sh.600846,11.7200,12.0800,11.4800,11.4900,11.7800,7095988,83514806.7700,1.135800,1,-2.461800,29.623128,1.652476,1.574816,7.337183,0
2026-07-31,sh.600846,11.7200,11.9500,11.4500,11.5500,11.4900,6361300,73951959.6600,1.018200,1,0.522200,29.777818,1.661105,1.583040,7.375497,0
2026-08-03,sh.600846,11.5500,11.6400,11.2300,11.6400,11.5500,6247838,71514321.2400,1.000000,1,0.779200,30.009853,1.674048,1.595375,7.432968,0
2026-08-04,sh.600846,11.6000,12.4000,11.4200,12.1400,11.6400,8812482,105225477.7600,1.410500,1,4.295500,31.298936,1.745958,1.663905,7.752254,0
2026-08-05,sh.600846,12.1400,12.4500,11.9100,12.0000,12.1400,6602994,80191046.7900,1.056900,1,-1.153200,30.937992,1.725823,1.644717,7.662854,0
2026-08-06,sh.600846,12.0100,12.1800,11.8600,12.0500,12.0000,5691353,68577998.8700,0.911000,1,0.416700,31.066901,1.733014,1.651570,7.694782,0
2026-08-07,sh.600846,12.0500,12.3300,11.8800,11.9900,12.0500,10140848,122489608.8600,1.623200,1,-0.497900,30.912211,1.724385,1.643346,7.656468,0
2026-08-10,sh.600846,11.9700,13.1100,11.6800,12.8500,11.9900,12862533,161054323.7200,2.058800,1,7.172600,33.129433,1.848069,1.761218,8.205639,0
2026-08-11,sh.600846,12.8500,13.2000,12.6300,12.6500,12.8500,7328070,94409105.5400,1.172900,1,-1.556400,32.613800,1.819305,1.733806,8.077925,0
2026-08-12,sh.600846,12.7100,12.8000,12.4900,12.6100,12.6500,4357308,55059004.7200,0.697400,1,-0.316200,32.510674,1.813552,1.728323,8.052382,0
2026-08-13,sh.600846,12.5500,12.6100,12.3500,12.3700,12.6100,3858487,48148308.0400,0.617600,1,-1.903300,31.891914,1.779036,1.695429,7.899125,0
2026-08-14,sh.600846,12.5400,12.6500,12.2700,12.5200,12.3700,4440773,55260163.3600,0.710800,1,1.212600,32.278639,1.800609,1.715988,7.994911,0
2026-08-17,sh.600846,12.4000,12.5000,12.0200,12.3500,12.5200,5219178,63964526.8700,0.835400,1,-1.357800,31.840350,1.776159,1.692688,7.886354,0
2026-08-18,sh.600846,12.4400,12.4400,11.8800,12.1700,12.3500,6493786,78905375.5800,1.039400,1,-1.457500,31.376281,1.750272,1.668017,7.771411,0
2026-08-19,sh.600846,12.0900,12.4900,11.9300,12.0700,12.1700,5104240,61961987.9500,0.817000,1,-0.821700,31.118464,1.735890,1.654311,7.707554,0
2026-08-20,sh.600846,12.0000,12.1500,11.8200,11.9600,11.9400,2609571,31178367.5400,0.417700,1,0.167500,30.834866,1.720070,1.639234,7.637311,0
2026-08-21,sh.600846,11.8500,11.8800,11.3900,11.4700,11.9600,4786727,55329806.2000,0.766200,1,-4.097000,29.571564,1.649599,1.572075,7.324411,0
2026-08-24,sh.600846,11.5300,11.6400,10.7500,11.4200,11.4700,6284998,69511248.4900,1.006000,1,-0.435900,28.605251,1.648775,1.361324,27.583249,0
2026-08-25,sh.600846,11.3000,11.6900,11.1900,11.5600,11.4200,3615174,41497410.1100,0.578600,1,1.225900,28.955929,1.668988,1.378013,27.921397,0
2026-08-26,sh.600846,11.5000,12.1100,11.5000,11.7800,11.5600,4578300,54362887.6600,0.732800,1,1.903100,29.506993,1.700750,1.404238,28.452773,0
2026-08-27,sh.600846,11.9000,11.9900,11.7400,11.8400,11.7800,2355599,28017388.0600,0.377000,1,0.509300,29.657283,1.709413,1.411390,28.597694,0
