date,code,open,high,low,close,preclose,volume,amount,turn,tradestatus,pctChg,peTTM,pbMRQ,psTTM,pcfNcfTTM,isST
2016-08-29,sh.601992,4.2000,4.2900,4.2000,4.2500,4.2100,13668608,58100901.0000,0.219625,1,0.950100,22.445033,1.218117,1.117873,4.918735,0
2016-08-30,sh.601992,4.2900,4.4300,4.2700,4.2700,4.2500,36280662,157566539.0000,0.582951,1,0.470600,16.336955,1.176306,0.984417,8.759432,0
2016-08-31,sh.601992,4.2700,4.3500,4.2500,4.3000,4.2700,15180609,65222046.0000,0.243919,1,0.702600,16.451734,1.184570,0.991333,8.820973,0
2016-09-01,sh.601992,4.2800,4.3100,4.2400,4.2500,4.3000,16889088,72155081.0000,0.271371,1,-1.162800,16.260435,1.170796,0.979806,8.718404,0
2016-09-02,sh.601992,4.2500,4.2700,4.1800,4.2200,4.2500,17115372,72174161.0000,0.275007,1,-0.705900,16.145656,1.162532,0.972890,8.656862,0
2016-09-05,sh.601992,4.2300,4.2600,4.2000,4.2400,4.2200,9566415,40494490.0000,0.153711,1,0.473933,16.222175,1.168041,0.977500,8.697890,0
2016-09-06,sh.601992,4.2400,4.2900,4.2000,4.2700,4.2400,14628126,62313458.0000,0.235042,1,0.707552,16.336955,1.176306,0.984417,8.759432,0
2016-09-07,sh.601992,4.2700,4.3700,4.2600,4.3100,4.2700,22638067,98004583.0000,0.363744,1,0.936767,16.489994,1.187325,0.993638,8.841487,0
2016-09-08,sh.601992,4.3100,4.4000,4.2900,4.3600,4.3100,16921430,73603250.0000,0.271890,1,1.160097,16.681293,1.201099,1.005166,8.944057,0
2016-09-09,sh.601992,4.3700,4.3800,4.2800,4.3100,4.3600,13940093,60222682.0000,0.223987,1,-1.146793,16.489994,1.187325,0.993638,8.841487,0
2016-09-12,sh.601992,4.2200,4.2300,4.1600,4.1800,4.3100,14272622,59938441.0000,0.229330,1,-3.016244,15.992616,1.151512,0.963668,8.574806,0
2016-09-13,sh.601992,4.2000,4.2200,4.1500,4.1900,4.1800,8276830,34635184.0000,0.132991,1,0.239240,16.030876,1.154267,0.965973,8.595320,0
2016-09-14,sh.601992,4.1500,4.2200,4.1500,4.2100,4.1900,11905682,49833615.0000,0.191298,1,0.477326,16.107396,1.159777,0.970584,8.636348,0
2016-09-19,sh.601992,4.2100,4.2400,4.1900,4.2200,4.2100,10093685,42602775.0000,0.162183,1,0.237524,16.145656,1.162532,0.972890,8.656862,0
2016-09-20,sh.601992,4.2400,4.2600,4.1800,4.1800,4.2200,11670500,49233679.0000,0.187519,1,-0.947866,15.992616,1.151512,0.963668,8.574806,0
2016-09-21,sh.601992,4.2000,4.2400,4.1800,4.2200,4.1800,8436374,35538666.0000,0.135554,1,0.956937,16.145656,1.162532,0.972890,8.656862,0
2016-09-22,sh.601992,4.2400,4.3400,4.2300,4.2800,4.2200,22791440,97970049.0000,0.366209,1,1.421811,16.375215,1.179060,0.986722,8.779945,0
2016-09-23,sh.601992,4.2800,4.3000,4.2400,4.2500,4.2800,9286795,39667102.0000,0.149219,1,-0.700939,16.260435,1.170796,0.979806,8.718404,0
2016-09-26,sh.601992,4.2700,4.3000,4.1800,4.2100,4.2500,13462308,57250657.0000,0.216310,1,-0.941176,16.107396,1.159777,0.970584,8.636348,0
2016-09-27,sh.601992,4.2100,4.3800,4.1800,4.3500,4.2100,28015243,120915720.0000,0.450144,1,3.325413,16.643034,1.198344,1.002860,8.923543,0
2016-09-28,sh.601992,4.3500,4.3500,4.2600,4.2700,4.3500,14378516,61655729.0000,0.231031,1,-1.839079,16.336955,1.176306,0.984417,8.759432,0
2016-09-29,sh.601992,4.2700,4.3200,4.2700,4.3000,4.2700,14457653,62112049.0000,0.232303,1,0.702581,16.451734,1.184570,0.991333,8.820973,0
2016-09-30,sh.601992,4.3000,4.3500,4.2800,4.3200,4.3000,15065347,65030212.0000,0.242067,1,0.465116,16.528254,1.190080,0.995944,8.862001,0
2016-10-10,sh.601992,4.3400,4.3500,4.2100,4.2800,4.3200,22626979,96505829.0000,0.363566,1,-0.925925,16.375215,1.179060,0.986722,8.779945,0
2016-10-11,sh.601992,4.2600,4.3300,4.2400,4.3200,4.2800,15422147,66184980.0000,0.247800,1,0.934578,16.528254,1.190080,0.995944,8.862001,0
2016-10-12,sh.601992,4.2900,4.3100,4.2500,4.2800,4.3200,12482276,53310134.0000,0.200563,1,-0.925925,16.375215,1.179060,0.986722,8.779945,0
2016-10-13,sh.601992,4.2800,4.3000,4.2600,4.2800,4.2800,12645394,54049965.0000,0.203184,1,0.000000,16.375215,1.179060,0.986722,8.779945,0
2016-10-14,sh.601992,4.2700,4.2700,4.2100,4.2400,4.2800,15216636,64421861.0000,0.244498,1,-0.934590,16.222175,1.168041,0.977500,8.697890,0
2016-10-17,sh.601992,4.2400,4.2500,4.1800,4.1800,4.2400,11864202,50069064.0000,0.190632,1,-1.415093,15.992616,1.151512,0.963668,8.574806,0
2016-10-18,sh.601992,4.1900,4.2400,4.1700,4.2300,4.1800,15468784,64895606.0000,0.248550,1,1.196177,16.183915,1.165286,0.975195,8.677376,0
2016-10-19,sh.601992,4.2600,4.2600,4.1700,4.1800,4.2300,18368582,77400254.0000,0.295143,1,-1.182038,15.992616,1.151512,0.963668,8.574806,0
2016-10-20,sh.601992,4.1900,4.2000,4.1400,4.1700,4.1800,18617876,77682196.0000,0.299149,1,-0.239229,15.954356,1.148757,0.961362,8.554293,0
2016-10-21,sh.601992,4.1800,4.1900,4.1500,4.1800,4.1700,15068095,62818429.0000,0.242111,1,0.239802,15.992616,1.151512,0.963668,8.574806,0
2016-10-24,sh.601992,4.1800,4.2300,4.1600,4.2300,4.1800,29099619,122016165.0000,0.467567,1,1.196177,16.183915,1.165286,0.975195,8.677376,0
2016-10-25,sh.601992,4.2300,4.4300,4.2200,4.4100,4.2300,57592375,248065952.0000,0.925384,1,4.255315,16.872593,1.214873,1.016693,9.046626,0
2016-10-26,sh.601992,4.3700,4.4200,4.2900,4.3600,4.4100,50840369,220858750.0000,0.816894,1,-1.133780,16.681293,1.201099,1.005166,8.944057,0
2016-10-27,sh.601992,4.3700,4.4800,4.3500,4.3800,4.3600,38390163,169521689.0000,0.616846,1,0.458715,14.496791,1.192420,0.980519,8.839348,0
2016-10-28,sh.601992,4.3800,4.4000,4.3200,4.3500,4.3800,18635887,81206155.0000,0.299438,1,-0.684936,14.397498,1.184253,0.973803,8.778805,0
2016-10-31,sh.601992,4.3500,4.4300,4.2900,4.3900,4.3500,20393937,88879353.0000,0.327686,1,0.919539,14.529888,1.195143,0.982758,8.859529,0
2016-11-01,sh.601992,4.4100,4.4200,4.3600,4.3800,4.3900,19059528,83616193.0000,0.306245,1,-0.227785,14.496791,1.192420,0.980519,8.839348,0
2016-11-02,sh.601992,4.3800,4.3900,4.2900,4.3300,4.3800,20852519,90378653.0000,0.335054,1,-1.141557,14.331302,1.178808,0.969326,8.738442,0
2016-11-03,sh.601992,4.3200,4.3800,4.2800,4.3400,4.3300,21972009,95270891.0000,0.353042,1,0.230952,14.364400,1.181531,0.971564,8.758624,0
2016-11-04,sh.601992,4.3500,4.3900,4.3100,4.3300,4.3400,21420202,93082639.0000,0.344176,1,-0.230420,14.331302,1.178808,0.969326,8.738442,0
2016-11-07,sh.601992,4.3300,4.3700,4.2800,4.3600,4.3300,21056573,91195346.0000,0.338333,1,0.692846,14.430595,1.186975,0.976042,8.798986,0
2016-11-08,sh.601992,4.3600,4.4700,4.3300,4.4500,4.3600,37679425,166535202.0000,0.605426,1,2.064213,14.728475,1.211477,0.996189,8.980616,0
2016-11-09,sh.601992,4.4400,4.6800,4.4000,4.5700,4.4500,59048149,267300663.0000,0.948775,1,2.696637,15.125647,1.244146,1.023053,9.222790,0
2016-11-10,sh.601992,4.6000,4.7200,4.5500,4.6800,4.5700,47515518,219702495.0000,0.763471,1,2.406995,15.489722,1.274093,1.047678,9.444783,0
2016-11-11,sh.601992,4.6700,4.7500,4.5800,4.6700,4.6800,30600951,142678115.0000,0.491690,1,-0.213670,15.456624,1.271370,1.045439,9.424602,0
2016-11-14,sh.601992,4.7100,4.7200,4.5900,4.6600,4.6700,32242199,150253887.0000,0.518062,1,-0.214138,15.423526,1.268648,1.043201,9.404421,0
2016-11-15,sh.601992,4.6800,4.6900,4.5600,4.6500,4.6600,35902774,165744278.0000,0.576879,1,-0.214587,15.390429,1.265926,1.040962,9.384240,0
2016-11-16,sh.601992,4.6300,4.6300,4.5800,4.6000,4.6500,13246532,60954302.0000,0.212843,1,-1.075273,15.224940,1.252314,1.029769,9.283334,0
2016-11-17,sh.601992,4.6000,4.6000,4.5000,4.6000,4.6000,24546991,111799932.0000,0.394417,1,0.000000,15.224940,1.252314,1.029769,9.283334,0
2016-11-18,sh.601992,4.5900,4.6600,4.5400,4.6400,4.6000,22617545,104266888.0000,0.363415,1,0.869564,15.357331,1.263203,1.038723,9.364058,0
2016-11-21,sh.601992,4.6200,4.7100,4.6000,4.6800,4.6400,34891125,162581826.0000,0.560624,1,0.862068,15.489722,1.274093,1.047678,9.444783,0
2016-11-22,sh.601992,4.7200,4.7200,4.6400,4.6700,4.6800,14343076,66829004.0000,0.230462,1,-0.213670,15.456624,1.271370,1.045439,9.424602,0
2016-11-23,sh.601992,4.6700,4.6900,4.5500,4.5600,4.6700,28375762,131231325.0000,0.455937,1,-2.355463,15.092549,1.241424,1.020814,9.202609,0
2016-11-24,sh.601992,4.5600,4.5900,4.5400,4.5500,4.5600,14650117,66781806.0000,0.235395,1,-0.219293,15.059452,1.238701,1.018576,9.182428,0
2016-11-25,sh.601992,4.5500,4.6200,4.5300,4.6100,4.5500,26006552,119278925.0000,0.417868,1,1.318680,15.258038,1.255036,1.032007,9.303515,0
2016-11-28,sh.601992,4.6500,4.7700,4.6000,4.7300,4.6100,58051143,272173728.0000,0.932755,1,2.603034,15.655210,1.287705,1.058871,9.545689,0
2016-11-29,sh.601992,4.6600,4.6800,4.6000,4.6100,4.7300,35766129,165515061.0000,0.574684,1,-2.536995,15.258038,1.255036,1.032007,9.303515,0
2016-11-30,sh.601992,4.6100,4.6200,4.5100,4.5400,4.6100,18532768,84130847.0000,0.297781,1,-1.518442,15.026354,1.235979,1.016337,9.162247,0
2016-12-01,sh.601992,4.5300,4.6200,4.5000,4.5900,4.5400,26073259,119427379.0000,0.418940,1,1.101326,15.191842,1.249591,1.027530,9.263153,0
2016-12-02,sh.601992,4.6000,4.7100,4.5600,4.6200,4.5900,47015647,218132795.0000,0.755439,1,0.653589,15.291135,1.257758,1.034246,9.323696,0
2016-12-05,sh.601992,4.5000,4.5500,4.3900,4.4000,4.6200,37013070,165348684.0000,0.518141,1,-4.761900,14.562986,1.197865,0.984996,8.879711,0
2016-12-06,sh.601992,4.3900,4.3900,4.2800,4.3500,4.4000,35762445,154618912.0000,0.500634,1,-1.136368,14.397498,1.184253,0.973803,8.778805,0
2016-12-07,sh.601992,4.3300,4.4000,4.3100,4.3800,4.3500,17993555,78335266.0000,0.251889,1,0.689660,14.496791,1.192420,0.980519,8.839348,0
2016-12-08,sh.601992,4.3800,4.4000,4.2800,4.3600,4.3800,34038330,147582662.0000,0.476498,1,-0.456621,14.430595,1.186975,0.976042,8.798986,0
2016-12-09,sh.601992,4.3300,4.3900,4.3100,4.3800,4.3600,33886027,147554377.0000,0.474366,1,0.458715,14.496791,1.192420,0.980519,8.839348,0
2016-12-12,sh.601992,4.3700,4.3900,4.1700,4.2800,4.3800,32729217,139675643.0000,0.458172,1,-2.283103,14.165814,1.165196,0.958133,8.637537,0
2016-12-13,sh.601992,4.2500,4.3200,4.2100,4.2900,4.2800,18044840,77042976.0000,0.252607,1,0.233639,14.198911,1.167918,0.960371,8.657718,0
2016-12-14,sh.601992,4.2700,4.3500,4.2200,4.2400,4.2900,32485970,139438345.0000,0.454767,1,-1.165506,14.033423,1.154306,0.949178,8.556812,0
2016-12-15,sh.601992,4.2000,4.3400,4.1900,4.3200,4.2400,25599816,109376147.0000,0.358369,1,1.886802,14.298205,1.176086,0.967087,8.718261,0
2016-12-16,sh.601992,4.3200,4.4100,4.2700,4.4000,4.3200,24770893,107405728.0000,0.346765,1,1.851850,14.562986,1.197865,0.984996,8.879711,0
2016-12-19,sh.601992,4.3800,4.4400,4.3300,4.4200,4.4000,20857889,91490497.0000,0.291987,1,0.454545,14.629182,1.203310,0.989473,8.920073,0
2016-12-20,sh.601992,4.4800,4.4900,4.3600,4.3700,4.4200,13031788,57420704.0000,0.182430,1,-1.131226,14.463693,1.189698,0.978280,8.819167,0
2016-12-21,sh.601992,4.4100,4.4200,4.3400,4.3700,4.3700,15637616,68351059.0000,0.218909,1,0.000000,14.463693,1.189698,0.978280,8.819167,0
2016-12-22,sh.601992,4.3500,4.3600,4.3100,4.3200,4.3700,9968190,43225235.0000,0.139543,1,-1.144158,14.298205,1.176086,0.967087,8.718261,0
2016-12-23,sh.601992,4.3100,4.3400,4.2500,4.3300,4.3200,18022551,77529340.0000,0.252295,1,0.231476,14.331302,1.178808,0.969326,8.738442,0
2016-12-26,sh.601992,4.3000,4.3800,4.2800,4.3600,4.3300,13366331,57896426.0000,0.187114,1,0.692846,14.430595,1.186975,0.976042,8.798986,0
2016-12-27,sh.601992,4.3500,4.3700,4.3200,4.3300,4.3600,7908187,34400932.0000,0.110706,1,-0.688078,14.331302,1.178808,0.969326,8.738442,0
2016-12-28,sh.601992,4.3400,4.3500,4.2900,4.3300,4.3300,9899528,42732892.0000,0.138582,1,0.000000,14.331302,1.178808,0.969326,8.738442,0
2016-12-29,sh.601992,4.3100,4.3600,4.2900,4.3500,4.3300,13605120,58972967.0000,0.190456,1,0.461893,14.397498,1.184253,0.973803,8.778805,0
2016-12-30,sh.601992,4.3400,4.4700,4.3000,4.4600,4.3500,30521554,134059110.0000,0.427267,1,2.528739,14.761572,1.214200,0.998428,9.000798,0
2017-01-03,sh.601992,4.4300,4.4700,4.3900,4.4400,4.4600,17859129,78979488.0000,0.250008,1,-0.448430,14.695377,1.208755,0.993951,8.960435,0
2017-01-04,sh.601992,4.4300,4.4400,4.3800,4.4400,4.4400,19374732,85318454.0000,0.271224,1,0.000000,14.695377,1.208755,0.993951,8.960435,0
2017-01-05,sh.601992,4.4200,4.4300,4.3900,4.4000,4.4400,15626693,68821145.0000,0.218756,1,-0.900900,14.562986,1.197865,0.984996,8.879711,0
2017-01-06,sh.601992,4.4000,4.4100,4.3400,4.3800,4.4000,13405619,58511498.0000,0.187664,1,-0.454545,14.496791,1.192420,0.980519,8.839348,0
2017-01-09,sh.601992,4.3700,4.4000,4.3500,4.3900,4.3800,8993218,39384790.0000,0.125895,1,0.228305,14.529888,1.195143,0.982758,8.859529,0
2017-01-10,sh.601992,4.3900,4.4200,4.3700,4.3900,4.3900,10772151,47320186.0000,0.150798,1,0.000000,14.529888,1.195143,0.982758,8.859529,0
2017-01-11,sh.601992,4.3900,4.3900,4.3100,4.3300,4.3900,12936549,56339423.0000,0.181097,1,-1.366741,14.331302,1.178808,0.969326,8.738442,0
2017-01-12,sh.601992,4.3200,4.3400,4.2600,4.2700,4.3300,8310576,35721675.0000,0.116339,1,-1.385680,14.132716,1.162474,0.955894,8.617356,0
2017-01-13,sh.601992,4.2600,4.3000,4.2400,4.2400,4.2700,8895800,37980626.0000,0.124531,1,-0.702581,14.033423,1.154306,0.949178,8.556812,0
2017-01-16,sh.601992,4.2500,4.2700,3.8900,4.1700,4.2400,16492284,69438900.0000,0.230873,1,-1.650936,13.801739,1.135249,0.933508,8.415544,0
2017-01-17,sh.601992,4.1700,4.2200,4.1500,4.2200,4.1700,10976639,45957384.0000,0.153661,1,1.199034,13.967228,1.148862,0.944701,8.516450,0
2017-01-18,sh.601992,4.2000,4.2600,4.2000,4.2500,4.2200,5722428,24243667.0000,0.080108,1,0.710905,14.066521,1.157029,0.951417,8.576993,0
2017-01-19,sh.601992,4.2300,4.2900,4.2200,4.2400,4.2500,5285902,22492504.0000,0.073997,1,-0.235299,14.033423,1.154306,0.949178,8.556812,0
2017-01-20,sh.601992,4.2400,4.3400,4.2100,4.3300,4.2400,13099692,56262098.0000,0.183381,1,2.122645,14.331302,1.178808,0.969326,8.738442,0
2017-01-23,sh.601992,4.3300,4.4200,4.2800,4.3500,4.3300,25825009,112771062.0000,0.361521,1,0.461893,14.397498,1.184253,0.973803,8.778805,0
2017-01-24,sh.601992,4.3600,4.5100,4.3200,4.4300,4.3500,43047491,190370074.0000,0.602616,1,1.839079,14.662279,1.206032,0.991712,8.940254,0
2017-01-25,sh.601992,4.3900,4.4200,4.3300,4.3500,4.4300,24978090,109005629.0000,0.349665,1,-1.805867,14.397498,1.184253,0.973803,8.778805,0
2017-01-26,sh.601992,4.3700,4.3700,4.3100,4.3300,4.3500,13096670,56740848.0000,0.183339,1,-0.459770,14.331302,1.178808,0.969326,8.738442,0
2017-02-03,sh.601992,4.3200,4.4000,4.3000,4.3500,4.3300,11751912,51190910.0000,0.164514,1,0.461893,14.397498,1.184253,0.973803,8.778805,0
2017-02-06,sh.601992,4.3500,4.3700,4.2900,4.3000,4.3500,23335753,100579577.0000,0.326674,1,-1.149419,14.232009,1.170641,0.962610,8.677899,0
2017-02-07,sh.601992,4.3000,4.4100,4.2900,4.3600,4.3000,35391530,154576184.0000,0.495442,1,1.395347,14.430595,1.186975,0.976042,8.798986,0
2017-02-08,sh.601992,4.3300,4.4200,4.2900,4.4000,4.3600,32968016,143845695.0000,0.461515,1,0.917430,14.562986,1.197865,0.984996,8.879711,0
2017-02-09,sh.601992,4.3800,4.7900,4.3800,4.5400,4.4000,108165897,493183008.0000,1.514201,1,3.181815,15.026354,1.235979,1.016337,9.162247,0
2017-02-10,sh.601992,4.5300,4.7900,4.4800,4.7100,4.5400,185679886,869469616.0000,2.599309,1,3.744495,15.589015,1.282260,1.054394,9.505327,0
2017-02-13,sh.601992,4.7000,4.7000,4.5700,4.6200,4.7100,79675925,367674048.0000,1.115373,1,-1.910831,15.291135,1.257758,1.034246,9.323696,0
2017-02-14,sh.601992,4.6100,4.7100,4.5700,4.6800,4.6200,81633887,378826032.0000,1.142782,1,1.298700,15.489722,1.274093,1.047678,9.444783,0
2017-02-15,sh.601992,4.6200,4.6300,4.5200,4.5400,4.6800,53921475,246666816.0000,0.754840,1,-2.991450,15.026354,1.235979,1.016337,9.162247,0
2017-02-16,sh.601992,4.5300,4.6200,4.5300,4.5900,4.5400,34069251,156081233.0000,0.476931,1,1.101326,15.191842,1.249591,1.027530,9.263153,0
2017-02-17,sh.601992,4.5900,4.7200,4.5600,4.6700,4.5900,81738783,380493312.0000,1.144251,1,1.742918,15.456624,1.271370,1.045439,9.424602,0
2017-02-20,sh.601992,4.6500,5.1400,4.6500,4.9600,4.6700,199876004,990416432.0000,2.798039,1,6.209849,16.416457,1.350321,1.110359,10.009856,0
2017-02-21,sh.601992,4.9000,5.2600,4.8800,5.0300,4.9600,208688821,1053060864.0000,2.921408,1,1.411294,16.648141,1.369378,1.126030,10.151124,0
2017-02-22,sh.601992,4.9900,5.3000,4.9700,5.2900,5.0300,318925808,1636284960.0000,4.464602,1,5.168981,17.508681,1.440161,1.184234,10.675834,0
2017-02-23,sh.601992,5.1800,5.1900,4.9000,4.9900,5.2900,203626349,1026688624.0000,2.850539,1,-5.671082,16.515750,1.358488,1.117075,10.070399,0
2017-02-24,sh.601992,4.9200,4.9800,4.8300,4.8900,4.9900,114015718,556255696.0000,1.596091,1,-2.004006,16.184773,1.331264,1.094689,9.868587,0
2017-02-27,sh.601992,4.8700,4.8700,4.6900,4.7100,4.8900,130130520,618534208.0000,1.821681,1,-3.680978,15.589015,1.282260,1.054394,9.505327,0
2017-02-28,sh.601992,4.7300,4.7900,4.7000,4.7700,4.7100,84822469,403157792.0000,1.187419,1,1.273884,15.787601,1.298595,1.067825,9.626414,0
2017-03-01,sh.601992,4.7500,4.8900,4.7000,4.7800,4.7700,117884238,566195904.0000,1.650246,1,0.209648,15.820699,1.301317,1.070064,9.646595,0
2017-03-02,sh.601992,4.8000,4.8100,4.6400,4.6600,4.7800,94219496,442699824.0000,1.318967,1,-2.510468,15.423526,1.268648,1.043201,9.404421,0
2017-03-03,sh.601992,4.6300,4.6700,4.5900,4.6300,4.6600,42621989,197264122.0000,0.596660,1,-0.643771,15.324233,1.260481,1.036485,9.343877,0
2017-03-06,sh.601992,4.6500,4.6800,4.6300,4.6600,4.6300,40951006,190625320.0000,0.573268,1,0.647942,15.423526,1.268648,1.043201,9.404421,0
2017-03-07,sh.601992,4.6500,4.6600,4.5800,4.6400,4.6600,52584573,242477617.0000,0.736125,1,-0.429184,15.357331,1.263203,1.038723,9.364058,0
2017-03-08,sh.601992,4.6400,4.6900,4.6000,4.6800,4.6400,55988638,260869603.0000,0.783778,1,0.862068,15.489722,1.274093,1.047678,9.444783,0
2017-03-09,sh.601992,4.6600,4.6900,4.6100,4.6700,4.6800,36959897,171823415.0000,0.517397,1,-0.213670,15.456624,1.271370,1.045439,9.424602,0
2017-03-10,sh.601992,4.6700,4.7000,4.6500,4.6900,4.6700,48602912,227109393.0000,0.680386,1,0.428265,15.522819,1.276815,1.049916,9.464964,0
2017-03-13,sh.601992,4.6800,4.8000,4.6400,4.7600,4.6900,85247181,404184448.0000,1.193364,1,1.492541,15.754503,1.295872,1.065587,9.606232,0
2017-03-14,sh.601992,4.7600,4.8400,4.7400,4.8000,4.7600,69988744,336582032.0000,0.979763,1,0.840335,15.886894,1.306762,1.074541,9.686957,0
2017-03-15,sh.601992,4.7600,4.9000,4.7400,4.8700,4.8000,88199268,428439008.0000,1.234690,1,1.458327,16.118578,1.325819,1.090212,9.828225,0
2017-03-16,sh.601992,4.8500,4.8900,4.8100,4.8600,4.8700,64038477,310338624.0000,0.896466,1,-0.205334,16.085480,1.323096,1.087973,9.808044,0
2017-03-17,sh.601992,4.8500,4.8700,4.7100,4.7500,4.8600,75170750,360225808.0000,1.052306,1,-2.263377,15.721405,1.293150,1.063348,9.586051,0
2017-03-20,sh.601992,4.7300,4.7800,4.6900,4.7700,4.7500,41382169,196068732.0000,0.579304,1,0.421052,15.787601,1.298595,1.067825,9.626414,0
2017-03-21,sh.601992,4.7600,4.7600,4.6500,4.6800,4.7700,50368807,235986423.0000,0.705106,1,-1.886796,15.489722,1.274093,1.047678,9.444783,0
2017-03-22,sh.601992,4.6300,4.6900,4.6100,4.6500,4.6800,32886883,152879804.0000,0.460379,1,-0.641020,15.390429,1.265926,1.040962,9.384240,0
2017-03-23,sh.601992,4.6300,4.6900,4.5600,4.6700,4.6500,37830225,175343549.0000,0.529580,1,0.430107,15.456624,1.271370,1.045439,7.229776,0
2017-03-24,sh.601992,4.6500,4.8600,4.5900,4.7600,4.6700,113269195,538427280.0000,1.585641,1,1.927198,15.754503,1.295872,1.065587,7.369107,0
2017-03-27,sh.601992,4.7200,4.8500,4.7000,4.7100,4.7600,73812714,350499232.0000,0.906207,1,-1.050424,15.589015,1.282260,1.054394,7.291701,0
2017-03-28,sh.601992,4.7000,4.8000,4.7000,4.7200,4.7100,59114007,280411024.0000,0.725749,1,0.212309,15.622112,1.284983,1.056632,7.307182,0
2017-03-29,sh.601992,4.7200,4.8500,4.6700,4.7900,4.7200,72345846,344743584.0000,0.888198,1,1.483055,15.853796,1.304039,1.072303,7.415551,0
2017-03-30,sh.601992,4.7500,4.8500,4.6900,4.8300,4.7900,108841214,522003888.0000,1.336256,1,0.835072,19.196233,1.315034,1.080330,7.477477,0
2017-03-31,sh.601992,4.8200,4.8200,4.6100,4.6600,4.8300,71829200,336230192.0000,0.881855,1,-3.519670,18.520590,1.268749,1.042306,7.214294,0
2017-04-05,sh.601992,5.1300,5.1300,5.1300,5.1300,4.6600,22697203,116436651.0000,0.278656,1,10.085840,20.388546,1.396713,1.147431,7.941916,0
2017-04-06,sh.601992,5.6400,5.6400,5.6400,5.6400,5.1300,10392981,58616413.0000,0.127596,1,9.941515,22.415477,1.535567,1.261504,8.731463,0
2017-04-07,sh.601992,6.2000,6.2000,6.2000,6.2000,5.6400,26685797,165451941.0000,0.327624,1,9.929077,24.641128,1.688035,1.386759,9.598417,0
2017-04-10,sh.601992,6.8200,6.8200,6.8200,6.8200,6.2000,19163710,130696502.0000,0.235275,1,10.000010,27.105240,1.856838,1.525435,10.558259,0
2017-04-11,sh.601992,7.5000,7.5000,7.5000,7.5000,6.8200,10462428,78468210.0000,0.128448,1,9.970672,29.807816,2.041978,1.677531,11.610989,0
2017-04-12,sh.601992,8.2500,8.2500,8.2500,8.2500,7.5000,13774766,113641820.0000,0.169114,1,10.000000,32.788597,2.246176,1.845284,12.772087,0
2017-04-13,sh.601992,8.2500,8.2500,8.2500,8.2500,8.2500,0,0.0000,,0,0.000000,32.788597,2.246176,1.845284,12.772087,0
2017-04-14,sh.601992,8.2500,8.2500,8.2500,8.2500,8.2500,0,0.0000,,0,0.000000,32.788597,2.246176,1.845284,12.772087,0
2017-04-17,sh.601992,9.0800,9.0800,8.4900,9.0800,8.2500,1693063216,15209339136.0000,20.785924,1,10.060610,36.087329,2.472154,2.030931,14.057037,0
2017-04-18,sh.601992,8.6700,9.0400,8.2600,8.6500,9.0800,849493248,7430265600.0000,10.429323,1,-4.735686,34.378348,2.355081,1.934753,13.391340,0
2017-04-19,sh.601992,8.7900,8.9700,8.2000,8.2500,8.6500,849194720,7391396608.0000,10.425657,1,-4.624273,32.788597,2.246176,1.845284,12.772087,0
2017-04-20,sh.601992,7.9100,7.9800,7.4300,7.4300,8.2500,615559472,4747218688.0000,7.557292,1,-9.939396,29.529609,2.022919,1.661874,11.502619,0
2017-04-21,sh.601992,7.1000,7.1800,6.8400,6.9700,7.4300,605142240,4256738432.0000,7.429398,1,-6.191118,27.701397,1.897678,1.558986,10.790479,0
2017-04-24,sh.601992,7.0000,7.2300,6.8800,7.0000,6.9700,430441072,3039486128.0000,5.284573,1,0.430419,27.820628,1.905846,1.565696,10.836923,0
2017-04-25,sh.601992,6.9900,7.6700,6.8100,7.2600,7.0000,673906544,4905797888.0000,8.273625,1,3.714289,28.853966,1.976635,1.623850,11.239437,0
2017-04-26,sh.601992,7.1000,7.9900,7.0300,7.9900,7.2600,755861696,5690784512.0000,9.279798,1,10.055090,31.755260,2.175387,1.787130,12.369573,0
2017-04-27,sh.601992,7.9000,8.4300,7.6900,7.7100,7.9900,933270112,7489211136.0000,11.457860,1,-3.504377,27.657861,2.075425,1.594024,49.926997,0
2017-04-28,sh.601992,7.5600,8.2300,7.5300,8.0800,7.7100,594670400,4734405376.0000,7.300834,1,4.798961,28.985152,2.175024,1.670520,52.322975,0
2017-05-02,sh.601992,8.0900,8.3400,7.9200,8.2500,8.0800,544839712,4451928064.0000,6.689057,1,2.103961,29.594988,2.220785,1.705667,53.423830,0
2017-05-03,sh.601992,8.1500,8.1500,7.5400,7.6100,8.2500,516934496,4049415136.0000,6.346462,1,-7.757574,27.299134,2.048506,1.573349,49.279435,0
2017-05-04,sh.601992,7.5800,8.3400,7.5200,7.9200,7.6100,606859872,4848117504.0000,7.450486,1,4.073586,28.411188,2.131954,1.637441,51.286876,0
2017-05-05,sh.601992,7.7800,7.9800,7.7000,7.7700,7.9200,318657664,2488001472.0000,3.912195,1,-1.893941,27.873098,2.091576,1.606428,50.315534,0
2017-05-08,sh.601992,7.8000,7.8500,6.9900,7.0300,7.7700,383459440,2803259408.0000,4.707774,1,-9.523807,25.218517,1.892378,1.453435,45.523578,0
2017-05-09,sh.601992,6.9100,7.2000,6.8100,7.1400,7.0300,250272424,1751282064.0000,3.072622,1,1.564718,25.613117,1.921989,1.476177,46.235896,0
2017-05-10,sh.601992,7.1300,7.2500,6.4600,6.5600,7.1400,356960304,2426630528.0000,4.382441,1,-8.123248,23.532499,1.765861,1.356264,42.480039,0
2017-05-11,sh.601992,6.5800,6.8300,6.4900,6.8100,6.5600,293173536,1958826816.0000,3.599324,1,3.810976,24.429317,1.833157,1.407951,44.098943,0
2017-05-12,sh.601992,6.7700,7.0800,6.5800,6.8300,6.8100,358429584,2452045504.0000,4.400480,1,0.293685,24.501063,1.838541,1.412086,44.228455,0
2017-05-15,sh.601992,6.8000,6.9300,6.7500,6.7700,6.8300,211061170,1441947584.0000,2.591221,1,-0.878476,24.285826,1.822390,1.399681,43.839918,0
2017-05-16,sh.601992,6.7000,7.4000,6.6500,7.3500,6.7700,507076000,3592898640.0000,6.225428,1,8.567207,26.366444,1.978518,1.519594,47.595775,0
2017-05-17,sh.601992,7.2300,7.5800,7.2100,7.4700,7.3500,475264496,3506238096.0000,5.834875,1,1.632651,26.796916,2.010820,1.544404,48.372849,0
2017-05-18,sh.601992,7.3600,7.4500,7.0600,7.3300,7.4700,383988384,2786595280.0000,4.714268,1,-1.874161,26.294698,1.973134,1.515459,47.466263,0
2017-05-19,sh.601992,7.2900,7.5500,7.2300,7.3700,7.3300,384188944,2845990816.0000,4.716730,1,0.545702,26.438189,1.983901,1.523729,47.725288,0
2017-05-22,sh.601992,7.2100,7.2600,6.9600,6.9800,7.3700,247737692,1757258416.0000,3.041503,1,-5.291722,25.039153,1.878919,1.443098,45.199798,0
2017-05-23,sh.601992,6.9500,7.1000,6.7100,6.7300,6.9800,217179555,1508216912.0000,2.666337,1,-3.581662,24.142336,1.811622,1.391411,43.580894,0
2017-05-24,sh.601992,6.6500,6.8600,6.5300,6.8200,6.7300,168401745,1134893168.0000,2.067487,1,1.337298,24.465190,1.835849,1.410018,44.163699,0
2017-05-25,sh.601992,6.7900,6.9600,6.5100,6.8300,6.8200,204546489,1384534816.0000,2.511240,1,0.146624,24.501063,1.838541,1.412086,44.228455,0
2017-05-26,sh.601992,6.8300,6.9500,6.7200,6.7500,6.8300,162748718,1114943408.0000,1.998084,1,-1.171302,24.214081,1.817006,1.395546,43.710406,0
2017-05-31,sh.601992,6.9500,6.9500,6.7300,6.7500,6.7500,121134354,825365504.0000,1.487180,1,0.000000,24.214081,1.817006,1.395546,43.710406,0
2017-06-01,sh.601992,6.7000,6.7100,6.3000,6.3600,6.7500,210923517,1370032560.0000,2.589531,1,-5.777776,22.815045,1.712023,1.314914,41.184916,0
2017-06-02,sh.601992,6.3600,6.6600,6.3300,6.5600,6.3600,166810049,1080534960.0000,2.047945,1,3.144651,23.532499,1.765861,1.356264,42.480039,0
2017-06-05,sh.601992,6.5700,6.9600,6.5300,6.8200,6.5600,282886416,1917139328.0000,3.473028,1,3.963418,24.465190,1.835849,1.410018,44.163699,0
2017-06-06,sh.601992,6.7600,7.0300,6.7300,6.8600,6.8200,282023376,1935757312.0000,3.462432,1,0.586510,24.608681,1.846617,1.418288,44.422724,0
2017-06-07,sh.601992,6.8700,7.0800,6.7700,7.0400,6.8600,312221232,2171367552.0000,3.833175,1,2.623904,25.254390,1.895070,1.455503,45.588335,0
2017-06-08,sh.601992,7.0100,7.0500,6.9000,6.9100,7.0400,198146022,1380237376.0000,2.432661,1,-1.846593,24.788044,1.860076,1.428626,44.746504,0
2017-06-09,sh.601992,6.8800,6.9700,6.7800,6.8700,6.9100,165700825,1138187072.0000,2.034327,1,-0.578871,24.644553,1.849308,1.420356,44.487480,0
2017-06-12,sh.601992,6.8400,6.9500,6.7700,6.8600,6.8700,135264803,928304528.0000,1.660661,1,-0.145557,24.608681,1.846617,1.418288,44.422724,0
2017-06-13,sh.601992,6.8200,6.9100,6.8200,6.8800,6.8600,99902996,685876240.0000,1.226520,1,0.291545,24.680426,1.852000,1.422423,44.552236,0
2017-06-14,sh.601992,6.8700,6.8800,6.7000,6.7000,6.8800,127375226,862039360.0000,1.563800,1,-2.616283,24.034717,1.803547,1.385209,43.386625,0
2017-06-15,sh.601992,6.7100,6.8800,6.7100,6.8000,6.7000,136170191,927792320.0000,1.671776,1,1.492543,24.393444,1.830465,1.405883,44.034187,0
2017-06-16,sh.601992,6.8000,6.9200,6.7600,6.8100,6.8000,137462717,942048960.0000,1.687645,1,0.147055,24.429317,1.833157,1.407951,44.098943,0
2017-06-19,sh.601992,6.7800,6.8300,6.7100,6.8000,6.8100,95851493,647956640.0000,1.176779,1,-0.146839,24.393444,1.830465,1.405883,44.034187,0
2017-06-20,sh.601992,6.8500,6.9600,6.8300,6.9200,6.8000,185320718,1279116832.0000,2.275203,1,1.764704,24.823917,1.862768,1.430693,44.811261,0
2017-06-21,sh.601992,6.9500,7.0200,6.8700,7.0200,6.9200,195053914,1360126576.0000,2.394698,1,1.445085,25.182644,1.889686,1.451368,45.458822,0
2017-06-22,sh.601992,7.0100,7.0400,6.7200,6.7400,7.0200,179253462,1240876960.0000,2.200715,1,-3.988607,24.178208,1.814314,1.393478,43.645650,0
2017-06-23,sh.601992,6.7300,6.7700,6.3600,6.5400,6.7400,211786573,1384615616.0000,2.600127,1,-2.967356,23.460754,1.760477,1.352129,42.350527,0
2017-06-26,sh.601992,6.5100,6.6000,6.4400,6.5900,6.5400,103460320,675344992.0000,1.270194,1,0.764529,23.640118,1.773936,1.362466,42.674307,0
2017-06-27,sh.601992,6.5900,6.6200,6.5200,6.5400,6.5900,80030478,525214736.0000,0.982543,1,-0.758728,23.460754,1.760477,1.352129,42.350527,0
2017-06-28,sh.601992,6.5200,6.5300,6.4100,6.4300,6.5400,97028115,625720528.0000,1.191225,1,-1.681959,23.066154,1.730867,1.329387,41.638209,0
2017-06-29,sh.601992,6.4300,6.6200,6.4300,6.5300,6.4300,108023804,705621472.0000,1.326220,1,1.555216,23.424881,1.757785,1.350061,42.285771,0
2017-06-30,sh.601992,6.5000,6.5100,6.4100,6.4700,6.5300,75548069,487759568.0000,0.927512,1,-0.918843,23.209645,1.741634,1.337657,41.897234,0
2017-07-03,sh.601992,6.4700,6.5700,6.4600,6.5500,6.4700,78887314,515105360.0000,0.968508,1,1.236482,23.496627,1.763169,1.354196,42.415283,0
2017-07-04,sh.601992,6.5600,6.6400,6.5300,6.5400,6.5500,87164834,573066400.0000,1.070132,1,-0.152675,23.460754,1.760477,1.352129,42.350527,0
2017-07-05,sh.601992,6.5600,6.5600,6.4400,6.5400,6.5400,75674597,491263040.0000,0.929065,1,0.000000,23.460754,1.760477,1.352129,42.350527,0
2017-07-06,sh.601992,6.5000,6.5200,6.3900,6.4100,6.4900,82672700,532469952.0000,1.014982,1,-1.232664,22.994409,1.725483,1.325252,41.508697,0
2017-07-07,sh.601992,6.4200,6.4700,6.3800,6.4200,6.4100,78422482,504299888.0000,0.962801,1,0.156010,23.030281,1.728175,1.327319,41.573453,0
2017-07-10,sh.601992,6.4100,6.6200,6.3900,6.5700,6.4200,158860736,1037725568.0000,1.950351,1,2.336450,23.568372,1.768553,1.358331,42.544795,0
2017-07-11,sh.601992,6.5400,6.6200,6.4100,6.4400,6.5700,131902450,860972496.0000,1.619381,1,-1.978693,23.102027,1.733558,1.331454,41.702965,0
2017-07-12,sh.601992,6.4100,6.4400,6.0000,6.2600,6.4400,183466875,1140591664.0000,2.252443,1,-2.795028,22.456318,1.685105,1.294240,40.537354,0
2017-07-13,sh.601992,6.2200,6.3600,6.1500,6.2000,6.2600,92782381,579833072.0000,1.139100,1,-0.958473,22.241082,1.668954,1.281835,40.148817,0
2017-07-14,sh.601992,6.2100,6.2400,6.0800,6.1200,6.2000,83871385,515175824.0000,1.029698,1,-1.290321,21.954100,1.647419,1.265295,39.630768,0
2017-07-17,sh.601992,6.0800,6.1000,5.6600,5.7100,6.1200,140978701,821911344.0000,1.730811,1,-6.699344,20.483319,1.537053,1.180528,36.975766,0
2017-07-18,sh.601992,5.7300,5.8300,5.7100,5.8000,5.7100,67216585,388231728.0000,0.825225,1,1.576185,20.806173,1.561279,1.199136,37.558571,0
2017-07-19,sh.601992,5.7800,6.0400,5.7500,5.9900,5.8000,132354815,786708640.0000,1.624935,1,3.275855,21.487755,1.612425,1.238418,38.788938,0
2017-07-20,sh.601992,5.9700,6.1900,5.9400,6.0600,5.9900,126672242,770750048.0000,1.555169,1,1.168617,21.738864,1.631268,1.252890,39.242231,0
2017-07-21,sh.601992,6.0600,6.1300,6.0200,6.0400,6.0600,83613898,507451808.0000,1.026537,1,-0.330033,21.667118,1.625884,1.248755,39.112719,0
2017-07-24,sh.601992,6.0200,6.1600,6.0000,6.1300,6.0400,101468997,618797088.0000,1.245746,1,1.490069,21.989973,1.650111,1.267362,39.695524,0
2017-07-25,sh.601992,6.0900,6.1400,6.0700,6.1100,6.1300,63211307,385708304.0000,0.776052,1,-0.326264,21.918227,1.644727,1.263227,39.566012,0
2017-07-26,sh.601992,6.1100,6.1600,6.0200,6.0700,6.1100,77470844,471110416.0000,0.951118,1,-0.654664,21.774736,1.633960,1.254958,39.306987,0
2017-07-27,sh.601992,6.1100,6.1500,6.0600,6.1200,6.0700,85515879,522285456.0000,1.049888,1,0.823719,21.954100,1.647419,1.265295,39.630768,0
2017-07-28,sh.601992,6.0900,6.1100,6.0100,6.0300,6.1200,75419176,455960688.0000,0.925930,1,-1.470583,21.631246,1.623192,1.246688,39.047963,0
2017-07-31,sh.601992,6.0100,6.1300,5.9500,6.1000,6.0300,117746240,713366464.0000,1.445584,1,1.160857,21.882355,1.642035,1.261160,39.501256,0
2017-08-01,sh.601992,6.0900,6.7000,6.0700,6.5800,6.1000,349619920,2252643248.0000,4.292322,1,7.868853,23.604245,1.771244,1.360399,42.609551,0
2017-08-02,sh.601992,6.4900,6.9200,6.3900,6.6900,6.5800,358673488,2377093520.0000,4.403474,1,1.671735,23.998845,1.800855,1.383141,43.321869,0
2017-08-03,sh.601992,6.6000,6.8500,6.5800,6.6200,6.6900,195249055,1306526816.0000,2.397094,1,-1.046340,23.747736,1.782012,1.368669,42.868576,0
2017-08-04,sh.601992,6.6000,6.8300,6.5700,6.6300,6.6200,168613342,1127907664.0000,2.070085,1,0.151061,23.783608,1.784704,1.370736,42.933332,0
2017-08-07,sh.601992,6.6400,6.8900,6.6200,6.8500,6.6300,210370534,1433283136.0000,2.582742,1,3.318247,24.572808,1.843925,1.416221,44.357968,0
2017-08-08,sh.601992,7.0200,7.2500,6.8600,6.9000,6.8500,293709776,2074508224.0000,3.605907,1,0.729930,24.752172,1.857384,1.426558,44.681748,0
2017-08-09,sh.601992,6.9200,7.1500,6.8500,7.1000,6.9000,236520806,1670917008.0000,2.903792,1,2.898548,25.469626,1.911221,1.467908,45.976871,0
2017-08-10,sh.601992,7.0200,7.1200,6.8400,6.9600,7.1000,191511462,1337324224.0000,2.351207,1,-1.971829,24.967408,1.873535,1.438963,45.070285,0
2017-08-11,sh.601992,6.9900,7.1400,6.7800,6.8800,6.9600,218647461,1526890304.0000,2.684359,1,-1.149424,24.680426,1.852000,1.422423,44.552236,0
2017-08-14,sh.601992,6.9500,7.1400,6.9100,7.1400,6.8800,202530707,1425706192.0000,2.486492,1,3.779066,25.613117,1.921989,1.476177,46.235896,0
2017-08-15,sh.601992,7.1400,7.1900,7.0200,7.0700,7.1400,162805623,1154011696.0000,1.998783,1,-0.980388,25.362008,1.903146,1.461705,45.782603,0
2017-08-16,sh.601992,7.0100,7.0300,6.7200,6.8000,7.0700,180140742,1235003248.0000,2.211608,1,-3.818953,24.393444,1.830465,1.405883,44.034187,0
2017-08-17,sh.601992,6.8300,6.9200,6.8000,6.8900,6.8000,114701632,786490576.0000,1.408205,1,1.323525,24.716299,1.854692,1.424491,44.616992,0
2017-08-18,sh.601992,7.0500,7.4400,7.0500,7.1500,6.8900,328610896,2373997728.0000,4.034392,1,3.773588,25.648989,1.924680,1.478245,46.300652,0
2017-08-21,sh.601992,7.1500,7.2000,7.0600,7.1700,7.1500,148879732,1062354080.0000,1.827813,1,0.279720,25.720735,1.930064,1.482380,46.430165,0
2017-08-22,sh.601992,7.1800,7.3900,7.0900,7.1600,7.1700,191821421,1389826752.0000,2.355013,1,-0.139473,25.684862,1.927372,1.480312,46.365408,0
2017-08-23,sh.601992,7.0600,7.1000,6.9300,6.9400,7.1600,123614798,864166480.0000,1.517633,1,-3.072623,24.895662,1.868151,1.434828,44.940773,0
2017-08-24,sh.601992,6.9900,7.0200,6.8600,6.9900,6.9400,87872304,609962560.0000,1.078818,1,0.720457,25.075026,1.881611,1.445165,45.264554,0
2017-08-25,sh.601992,6.9600,7.0400,6.8800,7.0400,6.9900,110092236,767935120.0000,1.351615,1,0.715310,25.254390,1.895070,1.455503,45.588335,0
2017-08-28,sh.601992,7.0300,7.1500,6.9600,7.0900,7.0400,121459757,858419040.0000,1.491175,1,0.710230,25.433753,1.908529,1.465840,45.912115,0
2017-08-29,sh.601992,7.0500,7.2000,7.0500,7.1900,7.0900,145363765,1036723424.0000,1.784647,1,1.410436,25.792480,1.935448,1.486515,46.559677,0
2017-08-30,sh.601992,7.2000,7.2000,7.0900,7.1400,7.1900,105545489,753416128.0000,1.295794,1,-0.695413,28.113078,1.887168,1.418199,12.140739,0
2017-08-31,sh.601992,7.0600,7.0900,6.9100,6.9300,7.1400,150328070,1048076432.0000,1.845594,1,-2.941177,27.286222,1.831663,1.376487,11.783659,0
2017-09-01,sh.601992,6.9300,7.0800,6.8900,6.9800,6.9300,99313450,693925088.0000,1.219282,1,0.721503,27.483093,1.844879,1.386418,11.868678,0
2017-09-04,sh.601992,6.9900,7.0000,6.8700,6.9800,6.9800,98934406,685551968.0000,1.214629,1,0.000000,27.483093,1.844879,1.386418,11.868678,0
2017-09-05,sh.601992,6.9800,7.0500,6.9300,6.9600,6.9800,86917557,606740224.0000,1.067096,1,-0.286533,27.404345,1.839593,1.382446,11.834670,0
2017-09-06,sh.601992,6.9000,6.9200,6.7600,6.8100,6.9600,128916711,878858608.0000,1.582725,1,-2.155174,26.813734,1.799946,1.352652,11.579613,0
2017-09-07,sh.601992,6.8000,6.8700,6.7400,6.7500,6.8100,90184094,613543136.0000,1.107200,1,-0.881056,26.577489,1.784088,1.340734,11.477590,0
2017-09-08,sh.601992,6.7200,6.7800,6.6600,6.7300,6.7500,98196647,659955280.0000,1.205571,1,-0.296296,26.498741,1.778801,1.336761,11.443582,0
2017-09-11,sh.601992,6.7100,6.8300,6.6600,6.7300,6.7300,89328215,600523104.0000,1.096692,1,0.000000,26.498741,1.778801,1.336761,11.443582,0
2017-09-12,sh.601992,6.7600,6.8000,6.6800,6.7500,6.7300,86801203,584891082.0000,1.065668,1,0.297177,26.577489,1.784088,1.340734,11.477590,0
2017-09-13,sh.601992,6.7400,6.8400,6.7100,6.8200,6.7500,98342746,668700484.0000,1.207365,1,1.037040,26.853108,1.802589,1.354638,11.596617,0
2017-09-14,sh.601992,6.8600,6.9800,6.8000,6.8200,6.8200,138867935,957330333.0000,1.704897,1,0.000000,26.853108,1.802589,1.354638,11.596617,0
2017-09-15,sh.601992,6.7900,6.7900,6.6800,6.7100,6.8200,80138479,537695383.0000,0.983869,1,-1.612905,26.419993,1.773515,1.332789,11.409574,0
2017-09-18,sh.601992,6.7100,6.7200,6.6600,6.6800,6.7100,57251000,382429619.0000,0.702877,1,-0.447097,26.301871,1.765586,1.326830,11.358563,0
2017-09-19,sh.601992,6.6700,6.6800,6.5200,6.5300,6.6800,104919717,690521640.0000,1.288111,1,-2.245503,25.711260,1.725940,1.297036,11.103505,0
2017-09-20,sh.601992,6.5100,6.6400,6.4400,6.5600,6.5300,93920663,615072072.0000,1.153074,1,0.459414,25.829382,1.733869,1.302995,11.154517,0
2017-09-21,sh.601992,6.5300,6.6100,6.3800,6.4000,6.5600,87586259,569598394.0000,1.075306,1,-2.439022,25.199397,1.691579,1.271214,10.882455,0
2017-09-22,sh.601992,6.4000,6.4200,6.1800,6.2400,6.4000,94286385,590496910.0000,1.157564,1,-2.500005,24.569412,1.649290,1.239434,10.610394,0
2017-09-25,sh.601992,6.2300,6.3000,6.1600,6.1900,6.2400,53616269,334385564.0000,0.658253,1,-0.801277,24.372542,1.636074,1.229503,10.525375,0
2017-09-26,sh.601992,6.1900,6.2600,6.1900,6.2500,6.1900,37875849,235737957.0000,0.465006,1,0.969304,24.608786,1.651933,1.241420,10.627398,0
2017-09-27,sh.601992,6.2600,6.3000,6.2400,6.2500,6.2500,38920565,243959480.0000,0.477832,1,0.000000,24.608786,1.651933,1.241420,10.627398,0
2017-09-28,sh.601992,6.2700,6.3000,6.1700,6.1700,6.2500,46368412,288583640.0000,0.569270,1,-1.279999,24.293794,1.630788,1.225530,10.491367,0
2017-09-29,sh.601992,6.1900,6.3800,6.1800,6.3500,6.1700,75642363,476346225.0000,0.928670,1,2.917339,25.002527,1.678364,1.261283,10.797436,0
2017-10-09,sh.601992,6.4100,6.4600,6.3200,6.3500,6.3500,55878936,355482686.0000,0.686032,1,0.000000,25.002527,1.678364,1.261283,10.797436,0
2017-10-10,sh.601992,6.3400,6.3900,6.3100,6.3700,6.3500,43443390,275955850.0000,0.533359,1,0.314960,25.081275,1.683650,1.265256,10.831444,0
2017-10-11,sh.601992,6.3700,6.3700,6.2300,6.2500,6.3700,50447279,317182348.0000,0.619347,1,-1.883829,24.608786,1.651933,1.241420,10.627398,0
2017-10-12,sh.601992,6.2400,6.3300,6.1700,6.2200,6.2500,53613498,334829601.0000,0.658219,1,-0.480003,24.490664,1.644004,1.235462,10.576386,0
2017-10-13,sh.601992,6.2100,6.3000,6.1700,6.2700,6.2200,54747937,341412658.0000,0.672146,1,0.803862,24.687535,1.657219,1.245393,10.661406,0
2017-10-16,sh.601992,6.2600,6.3200,6.1700,6.1900,6.2700,48094598,299654547.0000,0.590463,1,-1.275916,24.372542,1.636074,1.229503,10.525375,0
2017-10-17,sh.601992,6.1900,6.2200,6.1500,6.1800,6.1900,30115908,186093210.0000,0.369736,1,-0.161555,24.333168,1.633431,1.227516,10.508371,0
2017-10-18,sh.601992,6.1800,6.2100,6.0200,6.0400,6.1800,52077487,319192078.0000,0.639361,1,-2.265370,23.781931,1.596428,1.199709,10.270317,0
2017-10-19,sh.601992,6.0200,6.0600,5.8400,5.8600,6.0400,64755391,383509110.0000,0.795009,1,-2.980130,23.073198,1.548852,1.163956,9.964248,0
2017-10-20,sh.601992,5.8600,5.9800,5.8400,5.9700,5.8600,35304780,208838282.0000,0.433441,1,1.877127,23.506313,1.577926,1.185805,10.151290,0
2017-10-23,sh.601992,5.9400,6.1700,5.9200,6.1100,5.9700,69711622,423206602.0000,0.855857,1,2.345064,24.057550,1.614930,1.213613,10.389344,0
2017-10-24,sh.601992,6.1000,6.1500,6.0600,6.1300,6.1100,56898229,348103600.0000,0.698546,1,0.327332,24.136298,1.620216,1.217585,10.423352,0
2017-10-25,sh.601992,6.1500,6.1700,6.1000,6.1400,6.1300,32444296,199069916.0000,0.398322,1,0.163128,24.175672,1.622859,1.219571,10.440356,0
2017-10-26,sh.601992,6.1500,6.1500,6.0800,6.1300,6.1400,41652154,254801039.0000,0.511368,1,-0.162862,24.136298,1.620216,1.217585,10.423352,0
2017-10-27,sh.601992,6.1300,6.1600,6.0100,6.0200,6.1300,46179802,280940407.0000,0.566955,1,-1.794456,23.703183,1.591142,1.195736,10.236310,0
2017-10-30,sh.601992,6.0200,6.0600,5.7900,5.9200,6.0200,67585689,397378840.0000,0.829757,1,-1.661128,20.927282,1.537469,1.033052,111.630573,0
2017-10-31,sh.601992,5.8900,5.9500,5.8500,5.9000,5.9200,30244128,178243622.0000,0.371311,1,-0.337838,20.856582,1.532275,1.029562,111.253443,0
2017-11-01,sh.601992,5.8900,5.9300,5.8300,5.8400,5.9000,33825780,198905156.0000,0.415283,1,-1.016948,20.644481,1.516692,1.019092,110.122052,0
2017-11-02,sh.601992,5.8300,5.8500,5.7300,5.8500,5.8400,50156513,290226386.0000,0.615777,1,0.171229,20.679831,1.519289,1.020837,110.310617,0
2017-11-03,sh.601992,5.8100,5.8500,5.7100,5.8400,5.8500,47233414,273278617.0000,0.579890,1,-0.170936,20.644481,1.516692,1.019092,110.122052,0
2017-11-06,sh.601992,5.8000,5.8500,5.7400,5.8300,5.8400,31668561,183610538.0000,0.388798,1,-0.171237,20.609131,1.514095,1.017347,109.933487,0
2017-11-07,sh.601992,5.8000,5.9400,5.7700,5.9100,5.8300,58265983,341927138.0000,0.715338,1,1.372211,20.891932,1.534872,1.031307,111.442008,0
2017-11-08,sh.601992,5.9100,5.9500,5.8500,5.8800,5.9100,41581924,245530726.0000,0.510506,1,-0.507610,20.785881,1.527080,1.026072,110.876312,0
2017-11-09,sh.601992,5.8800,5.9000,5.8300,5.8600,5.8800,32819739,192382450.0000,0.402932,1,-0.340136,20.715181,1.521886,1.022582,110.499182,0
2017-11-10,sh.601992,5.8500,5.8500,5.7200,5.7400,5.8600,57136852,329416604.0000,0.701475,1,-2.047788,20.290979,1.490721,1.001642,108.236400,0
2017-11-13,sh.601992,5.7500,5.7600,5.6600,5.6700,5.7400,50818383,289307307.0000,0.623903,1,-1.219507,20.043528,1.472542,0.989427,106.916444,0
2017-11-14,sh.601992,5.6800,5.9000,5.6600,5.7700,5.6700,83245018,483371167.0000,1.022008,1,1.763667,20.397030,1.498513,1.006877,108.802096,0
2017-11-15,sh.601992,5.7200,5.7900,5.7000,5.7700,5.7700,39473174,226960024.0000,0.484617,1,0.000000,20.397030,1.498513,1.006877,108.802096,0
2017-11-16,sh.601992,5.7600,5.7700,5.6700,5.6700,5.7700,35894459,205235256.0000,0.440680,1,-1.733101,20.043528,1.472542,0.989427,106.916444,0
2017-11-17,sh.601992,5.6700,5.7400,5.5000,5.7300,5.6700,92498157,520503280.0000,1.135610,1,1.058200,20.255629,1.488124,0.999897,108.047835,0
2017-11-20,sh.601992,5.6500,5.7400,5.5900,5.6800,5.7300,36079077,204209447.0000,0.442947,1,-0.872604,20.078879,1.475139,0.991172,107.105009,0
2017-11-21,sh.601992,5.7100,5.7300,5.6500,5.6700,5.6800,35627280,202620078.0000,0.437400,1,-0.176052,20.043528,1.472542,0.989427,106.916444,0
2017-11-22,sh.601992,5.6200,5.7300,5.6100,5.7200,5.6700,43445120,246045744.0000,0.533381,1,0.881829,20.220279,1.485527,0.998152,107.859270,0
2017-11-23,sh.601992,5.6900,5.9000,5.6700,5.7500,5.7200,90181687,523145768.0000,1.107171,1,0.524479,20.326330,1.493318,1.003387,108.424965,0
2017-11-24,sh.601992,5.7000,5.7700,5.6500,5.7600,5.7500,47285280,270450802.0000,0.580527,1,0.173917,20.361680,1.495915,1.005132,108.613531,0
2017-11-27,sh.601992,5.7600,5.9300,5.7400,5.9000,5.7600,98719170,580113847.0000,1.211986,1,2.430553,20.856582,1.532275,1.029562,111.253443,0
2017-11-28,sh.601992,5.9300,6.0400,5.8700,5.9500,5.9000,99604628,593208048.0000,1.222857,1,0.847453,21.033332,1.545260,1.038287,112.196269,0
2017-11-29,sh.601992,5.9200,6.1200,5.9000,6.0900,5.9500,156512420,945204129.0000,1.921520,1,2.352947,21.528234,1.581619,1.062718,114.836181,0
2017-11-30,sh.601992,6.0400,6.0500,5.8800,5.9300,6.0900,108751999,646158121.0000,1.335160,1,-2.627263,20.962632,1.540066,1.034797,111.819138,0
2017-12-01,sh.601992,5.9200,5.9300,5.8500,5.9200,5.9300,56107312,330007047.0000,0.688836,1,-0.168630,20.927282,1.537469,1.033052,111.630573,0
2017-12-04,sh.601992,5.9200,5.9300,5.7600,5.8000,5.9200,62265075,363319502.0000,0.764435,1,-2.027025,20.503080,1.506304,1.012112,109.367791,0
2017-12-05,sh.601992,5.7500,5.9400,5.7100,5.9100,5.8000,107590184,631367998.0000,1.320897,1,1.896546,20.891932,1.534872,1.031307,111.442008,0
2017-12-06,sh.601992,5.8800,5.9400,5.8100,5.8900,5.9100,43717888,256589435.0000,0.536729,1,-0.338409,20.821232,1.529677,1.027817,111.064878,0
2017-12-07,sh.601992,5.8800,5.8900,5.8200,5.8700,5.8900,31640290,185135708.0000,0.388451,1,-0.339558,20.750531,1.524483,1.024327,110.687747,0
2017-12-08,sh.601992,5.8500,5.9200,5.8300,5.8700,5.8700,30752864,180611266.0000,0.377545,1,0.000000,20.750531,1.524483,1.024327,110.687747,0
2017-12-11,sh.601992,5.8700,5.9600,5.8600,5.9300,5.8700,45560912,270153185.0000,0.559340,1,1.022146,20.962632,1.540066,1.034797,111.819138,0
2017-12-12,sh.601992,5.9300,5.9300,5.7700,5.7800,5.9300,39503032,231233268.0000,0.484969,1,-2.529505,20.432380,1.501110,1.008622,108.990661,0
2017-12-13,sh.601992,5.7600,5.7800,5.6100,5.6800,5.7800,54762241,311384163.0000,0.672302,1,-1.730110,20.078879,1.475139,0.991172,107.105009,0
2017-12-14,sh.601992,5.6600,5.7100,5.6300,5.6500,5.6800,30632556,173210003.0000,0.376068,1,-0.528164,19.972828,1.467348,0.985937,106.539314,0
2017-12-15,sh.601992,5.6400,5.7000,5.5600,5.6600,5.6500,42757212,240698536.0000,0.524920,1,0.176987,20.008178,1.469945,0.987682,106.727879,0
2017-12-18,sh.601992,5.6500,5.6600,5.5500,5.6300,5.6600,35710020,199881804.0000,0.438403,1,-0.530031,19.902128,1.462154,0.982447,106.162184,0
2017-12-19,sh.601992,5.6100,5.6400,5.6000,5.6100,5.6300,19949558,112075261.0000,0.244916,1,-0.355239,19.831428,1.456959,0.978957,105.785053,0
2017-12-20,sh.601992,5.6000,5.6200,5.5000,5.5700,5.6100,35358385,196246963.0000,0.434086,1,-0.713012,19.690027,1.446571,0.971977,105.030793,0
2017-12-21,sh.601992,5.5600,5.5600,5.3700,5.4400,5.5700,51370683,279572509.0000,0.630665,1,-2.333934,19.230475,1.412809,0.949291,102.579446,0
2017-12-22,sh.601992,5.4500,5.5200,5.4100,5.4500,5.4400,27449987,150053117.0000,0.336997,1,0.183819,19.265825,1.415406,0.951036,102.768011,0
2017-12-25,sh.601992,5.4600,5.4800,5.3100,5.3800,5.4500,40776087,219309704.0000,0.500598,1,-1.284398,19.018374,1.397227,0.938821,101.448055,0
2017-12-26,sh.601992,5.3600,5.3800,5.3100,5.3600,5.3800,24132776,129004963.0000,0.296272,1,-0.371747,18.947674,1.392032,0.935331,101.070924,0
2017-12-27,sh.601992,5.3700,5.4300,5.3500,5.3700,5.3600,34357718,185228584.0000,0.421801,1,0.186562,18.983024,1.394630,0.937076,101.259489,0
2017-12-28,sh.601992,5.3700,5.4400,5.3300,5.4300,5.3700,33127287,178490717.0000,0.406695,1,1.117317,19.195125,1.410212,0.947546,102.390880,0
2017-12-29,sh.601992,5.4500,5.4700,5.4000,5.4300,5.4300,23821851,129446593.0000,0.292455,1,0.000000,19.195125,1.410212,0.947546,102.390880,0
2018-01-02,sh.601992,5.4500,5.6300,5.4200,5.5900,5.4300,69327884,384694046.0000,0.851121,1,2.946599,19.760727,1.451765,0.975467,105.407923,0
2018-01-03,sh.601992,5.7000,6.1500,5.7000,6.1500,5.5900,172858320,1036391597.0000,2.122138,1,10.017890,21.740335,1.597201,1.073188,115.967572,0
2018-01-04,sh.601992,6.4200,6.4300,6.0800,6.1400,6.1500,306989872,1917073709.0000,3.768838,1,-0.162605,21.704985,1.594604,1.071443,115.779007,0
2018-01-05,sh.601992,6.0500,6.3700,6.0400,6.1800,6.1400,207973963,1293836281.0000,2.553244,1,0.651465,21.846386,1.604993,1.078423,116.533267,0
2018-01-08,sh.601992,6.1400,6.3400,6.0600,6.2000,6.1800,148501256,922920821.0000,1.823113,1,0.323624,21.917086,1.610187,1.081913,116.910397,0
2018-01-09,sh.601992,6.1500,6.2000,6.0400,6.0600,6.2000,98788724,602051120.0000,1.212804,1,-2.258062,21.422184,1.573828,1.057483,114.270485,0
2018-01-10,sh.601992,6.0600,6.1300,5.9600,5.9900,6.0600,84017189,506095198.0000,1.031458,1,-1.155118,21.174733,1.555648,1.045268,112.950529,0
2018-01-11,sh.601992,5.9600,5.9800,5.8600,5.9000,5.9900,73379904,433411520.0000,0.900867,1,-1.502499,20.856582,1.532275,1.029562,111.253443,0
2018-01-12,sh.601992,5.9300,6.1000,5.9000,5.9700,5.9000,93219680,560682212.0000,1.144435,1,1.186435,21.104033,1.550454,1.041778,112.573399,0
2018-01-15,sh.601992,6.0600,6.0700,5.8200,5.8300,5.9700,77801733,463005392.0000,0.955152,1,-2.345057,20.609131,1.514095,1.017347,109.933487,0
2018-01-16,sh.601992,5.7700,6.0700,5.7600,6.0700,5.8300,101301782,601834253.0000,1.243657,1,4.116642,21.457534,1.576425,1.059228,114.459050,0
2018-01-17,sh.601992,5.9800,6.0400,5.8600,5.9100,6.0700,75819542,448717851.0000,0.930817,1,-2.635920,20.891932,1.534872,1.031307,111.442008,0
2018-01-18,sh.601992,5.9000,5.9400,5.8500,5.9000,5.9100,41018976,241616098.0000,0.503580,1,-0.169201,20.856582,1.532275,1.029562,111.253443,0
2018-01-19,sh.601992,5.9000,5.9900,5.8800,5.9300,5.9000,64556762,383011483.0000,0.792547,1,0.508470,20.962632,1.540066,1.034797,111.819138,0
2018-01-22,sh.601992,5.9300,5.9400,5.8100,5.8800,5.9300,53068890,311373123.0000,0.651513,1,-0.843166,20.785881,1.527080,1.026072,110.876312,0
2018-01-23,sh.601992,5.8700,5.9200,5.8300,5.8800,5.8800,52705826,309419920.0000,0.647056,1,0.000000,20.785881,1.527080,1.026072,110.876312,0
2018-01-24,sh.601992,5.8800,6.0300,5.8000,5.9200,5.8800,87861942,517918503.0000,1.078659,1,0.680271,20.927282,1.537469,1.033052,111.630573,0
2018-01-25,sh.601992,5.8800,6.0300,5.8600,5.9700,5.9200,83588015,498443872.0000,1.026189,1,0.844590,21.104033,1.550454,1.041778,112.573399,0
2018-01-26,sh.601992,5.9500,6.0400,5.9100,5.9500,5.9700,73316003,437908127.0000,0.900082,1,-0.335008,21.033332,1.545260,1.038287,112.196269,0
2018-01-29,sh.601992,5.9500,6.0300,5.8400,5.8900,5.9500,74295905,440397186.0000,0.912112,1,-1.008402,20.821232,1.529677,1.027817,111.064878,0
2018-01-30,sh.601992,5.9000,5.9000,5.7100,5.7600,5.8900,63784098,370042870.0000,0.783061,1,-2.207125,20.361680,1.495915,1.005132,108.613531,0
2018-01-31,sh.601992,5.7500,5.7500,5.5500,5.5900,5.7600,56138854,315909915.0000,0.689203,1,-2.951390,19.760727,1.451765,0.975467,105.407923,0
2018-02-01,sh.601992,5.3700,5.4300,5.0300,5.2900,5.5900,148745058,779549918.0000,1.826106,1,-5.366730,18.700223,1.373853,0.923116,99.750968,0
2018-02-02,sh.601992,5.2300,5.3100,5.1000,5.2700,5.2900,45443202,237269556.0000,0.557895,1,-0.378072,18.629523,1.368659,0.919626,99.373838,0
2018-02-05,sh.601992,5.1800,5.3400,5.1300,5.2800,5.2700,36275997,190799828.0000,0.445351,1,0.189758,18.664873,1.371256,0.921371,99.562403,0
2018-02-06,sh.601992,5.1500,5.2400,4.8300,4.8600,5.2800,65384534,331696046.0000,0.802710,1,-7.954547,17.180167,1.262179,0.848080,91.642666,0
2018-02-07,sh.601992,4.9800,5.0100,4.7800,4.8600,4.8600,56779737,279369136.0000,0.697071,1,0.000000,17.180167,1.262179,0.848080,91.642666,0
2018-02-08,sh.601992,4.8900,5.0000,4.8700,4.9500,4.8600,37932649,187499402.0000,0.465690,1,1.851845,17.498318,1.285552,0.863785,93.339753,0
2018-02-09,sh.601992,4.8000,4.8800,4.5000,4.6300,4.9500,67673498,317528708.0000,0.830811,1,-6.464641,16.367114,1.202446,0.807945,87.305668,0
2018-02-12,sh.601992,4.6500,4.7200,4.6400,4.6800,4.6300,37209290,174331219.0000,0.456809,1,1.079907,16.543865,1.215431,0.816670,88.248494,0
2018-02-13,sh.601992,4.7100,4.8600,4.7000,4.7600,4.6800,41096789,196658326.0000,0.504535,1,1.709410,16.826666,1.236208,0.830630,89.757015,0
2018-02-14,sh.601992,4.7800,4.7900,4.7200,4.7800,4.7600,23534959,112138231.0000,0.288933,1,0.420168,16.897366,1.241402,0.834120,90.134145,0
2018-02-22,sh.601992,4.8500,5.2600,4.8200,5.2400,4.7800,129233042,660270630.0000,1.586562,1,9.623422,18.523473,1.360868,0.914391,98.808142,0
2018-02-23,sh.601992,5.3500,5.6200,5.2600,5.3200,5.2400,172976328,940858298.0000,2.123587,1,1.526725,18.806274,1.381644,0.928351,100.316664,0
2018-02-26,sh.601992,5.4000,5.5600,5.2800,5.4900,5.3200,101568463,548064731.0000,1.246931,1,3.195481,19.407226,1.425794,0.958016,103.522271,0
2018-02-27,sh.601992,5.4500,5.4500,5.3300,5.3500,5.4900,61271081,328659787.0000,0.752210,1,-2.550089,18.912324,1.389435,0.933586,100.882359,0
2018-02-28,sh.601992,5.3000,5.4200,5.2300,5.3500,5.3500,52153450,278839269.0000,0.640275,1,0.000000,18.912324,1.389435,0.933586,100.882359,0
2018-03-01,sh.601992,5.3100,5.4100,5.2800,5.3300,5.3500,50001371,267325976.0000,0.613854,1,-0.373831,18.841624,1.384241,0.930096,100.505229,0
2018-03-02,sh.601992,5.2600,5.3400,5.2300,5.2500,5.3300,40346652,212448811.0000,0.495326,1,-1.500937,18.558823,1.363465,0.916136,98.996708,0
2018-03-05,sh.601992,5.2700,5.2900,5.2000,5.2500,5.2500,34863010,182697477.0000,0.428004,1,0.000000,18.558823,1.363465,0.916136,98.996708,0
2018-03-06,sh.601992,5.2500,5.4500,5.1800,5.3500,5.2500,88351184,471699249.0000,1.084665,1,1.904760,18.912324,1.389435,0.933586,100.882359,0
2018-03-07,sh.601992,5.3100,5.3500,5.2200,5.2200,5.3500,55612723,293581557.0000,0.682743,1,-2.429909,18.452772,1.355673,0.910901,98.431012,0
2018-03-08,sh.601992,5.2200,5.5800,5.2000,5.4600,5.2200,144460953,779700467.0000,1.773511,1,4.597706,19.301176,1.418003,0.952781,102.956576,0
2018-03-09,sh.601992,5.4400,5.4700,5.3500,5.3900,5.4600,88214538,476481064.0000,1.082988,1,-1.282054,19.053725,1.399824,0.940566,101.636620,0
2018-03-12,sh.601992,5.3700,5.4100,5.3500,5.3800,5.3900,59539128,319661832.0000,0.730947,1,-0.185524,19.018374,1.397227,0.938821,101.448055,0
2018-03-13,sh.601992,5.3800,5.3800,5.2700,5.2800,5.3800,45937579,244947643.0000,0.563964,1,-1.858734,18.664873,1.371256,0.921371,99.562403,0
2018-03-14,sh.601992,5.2600,5.3600,5.2300,5.3200,5.2800,60041860,318553352.0000,0.737119,1,0.757575,18.806274,1.381644,0.928351,100.316664,0
2018-03-15,sh.601992,5.2900,5.3100,5.1900,5.2300,5.3200,55874192,292642070.0000,0.685953,1,-1.691732,18.488122,1.358270,0.912646,98.619577,0
2018-03-16,sh.601992,5.2400,5.2800,5.1600,5.1700,5.2300,42013754,219609865.0000,0.515792,1,-1.147226,18.276022,1.342688,0.902176,97.488186,0
2018-03-19,sh.601992,5.1800,5.2000,5.0300,5.0500,5.1700,55407548,281870416.0000,0.680225,1,-2.321081,17.851820,1.311523,0.881236,95.225404,0
2018-03-20,sh.601992,5.0000,5.0700,4.9200,5.0500,5.0500,58967538,294713088.0000,0.723930,1,0.000000,17.851820,1.311523,0.881236,95.225404,0
2018-03-21,sh.601992,5.0500,5.0800,4.9600,4.9700,5.0500,46772242,235409830.0000,0.574211,1,-1.584166,17.569019,1.290747,0.867275,93.716883,0
2018-03-22,sh.601992,4.9800,5.0000,4.9300,4.9400,4.9700,39572537,196478607.0000,0.485822,1,-0.603616,17.462968,1.282955,0.862040,93.151188,0
2018-03-23,sh.601992,4.8000,4.8000,4.5500,4.6300,4.9400,86541643,405509238.0000,1.062450,1,-6.275302,16.367114,1.202446,0.807945,87.305668,0
2018-03-26,sh.601992,4.5600,4.7800,4.5400,4.7400,4.6300,67761612,316456304.0000,0.831892,1,2.375803,16.755966,1.231014,0.827140,89.379885,0
2018-03-27,sh.601992,4.8100,4.8400,4.7500,4.8100,4.7400,48299957,232077994.0000,0.592966,1,1.476797,17.003417,1.249193,0.839355,90.699841,0
2018-03-28,sh.601992,4.7500,5.0700,4.7300,4.8800,4.8100,72303122,353877941.0000,0.887647,1,1.455305,17.250868,1.267373,0.851570,92.019797,0
2018-03-29,sh.601992,4.9000,5.0100,4.8200,4.9700,4.8800,62180761,306097875.0000,0.763378,1,1.844256,17.569019,1.290747,0.867275,93.716883,0
2018-03-30,sh.601992,5.0000,5.0700,4.9500,5.0000,4.9700,63406957,317622355.0000,0.778431,1,0.603626,18.820995,1.296134,0.838415,-10.273616,0
2018-04-02,sh.601992,5.0200,5.0200,4.9000,4.9200,5.0000,58954994,292553302.0000,0.723776,1,-1.599998,18.519859,1.275396,0.825000,-10.109238,0
2018-04-03,sh.601992,4.8400,4.8900,4.7900,4.8200,4.9200,42575818,206128703.0000,0.522693,1,-2.032518,18.143439,1.249473,0.808232,-9.903766,0
2018-04-04,sh.601992,4.8600,4.8700,4.7700,4.7900,4.8200,33987776,164024211.0000,0.417259,1,-0.622411,18.030513,1.241696,0.803201,-9.842124,0
2018-04-09,sh.601992,4.7500,4.8000,4.6900,4.7400,4.7900,27868828,132249842.0000,0.342139,1,-1.043845,17.842303,1.228735,0.794817,-9.739388,0
2018-04-10,sh.601992,4.7700,4.8600,4.7500,4.8400,4.7400,34477459,166070655.0000,0.423271,1,2.109713,18.218723,1.254658,0.811586,-9.944860,0
2018-04-11,sh.601992,4.8100,4.8300,4.7700,4.7900,4.8400,42406248,203412981.0000,0.520611,1,-1.033062,18.030513,1.241696,0.803201,-9.842124,0
2018-04-12,sh.601992,4.7900,4.8000,4.6900,4.7100,4.7900,32756104,155231263.0000,0.402138,1,-1.670145,17.729377,1.220958,0.789787,-9.677746,0
2018-04-13,sh.601992,4.7300,4.7600,4.6900,4.6900,4.7100,21919164,103302132.0000,0.269096,1,-0.424628,17.654093,1.215774,0.786433,-9.636652,0
2018-04-16,sh.601992,4.6800,4.7500,4.6400,4.7200,4.6900,36408472,170694587.0000,0.446978,1,0.639653,17.767019,1.223550,0.791464,-9.698293,0
2018-04-17,sh.601992,4.7100,4.7500,4.6600,4.6700,4.7200,39416599,185668734.0000,0.483908,1,-1.059316,17.578809,1.210589,0.783079,-9.595557,0
2018-04-18,sh.601992,4.7100,4.7300,4.5000,4.6800,4.6700,32255509,149801354.0000,0.395993,1,0.214127,17.616451,1.213181,0.784756,-9.616104,0
2018-04-19,sh.601992,4.6800,4.7800,4.6500,4.7500,4.6800,49337904,232679995.0000,0.605709,1,1.495730,17.879945,1.231327,0.796494,-9.759935,0
2018-04-20,sh.601992,4.7200,4.8500,4.6400,4.8000,4.7500,84305055,402334571.0000,1.034992,1,1.052636,18.068155,1.244289,0.804878,-9.862671,0
2018-04-23,sh.601992,4.8400,4.8500,4.6500,4.6700,4.8000,81635937,387585446.0000,1.002224,1,-2.708336,17.578809,1.210589,0.783079,-9.595557,0
2018-04-24,sh.601992,4.6600,4.7400,4.6400,4.7200,4.6700,40927407,192507867.0000,0.502455,1,1.070658,17.767019,1.223550,0.791464,-9.698293,0
2018-04-25,sh.601992,4.7000,4.7000,4.6300,4.6500,4.7200,30251307,141176936.0000,0.371388,1,-1.483045,17.503525,1.205405,0.779726,-9.554463,0
2018-04-26,sh.601992,4.5300,4.5300,4.2700,4.2900,4.6500,109403704,478945510.0000,1.343122,1,-7.741939,20.979285,1.122385,0.735524,-17.691862,0
2018-04-27,sh.601992,4.3100,4.3400,4.1400,4.1900,4.2900,62838758,264809776.0000,0.771456,1,-2.331000,20.490258,1.096222,0.718379,-17.279464,0
2018-05-02,sh.601992,4.1900,4.2400,4.1600,4.1900,4.1900,27633210,116072812.0000,0.339246,1,0.000000,20.490258,1.096222,0.718379,-17.279464,0
2018-05-03,sh.601992,4.2000,4.2000,4.1200,4.1900,4.1900,26431803,110104275.0000,0.324497,1,0.000000,20.490258,1.096222,0.718379,-17.279464,0
2018-05-04,sh.601992,4.1800,4.2600,4.1800,4.2200,4.1900,31220843,131946303.0000,0.383290,1,0.715984,20.636966,1.104071,0.723522,-17.403183,0
2018-05-07,sh.601992,4.2600,4.3000,4.2300,4.2900,4.2200,29660975,126655390.0000,0.364140,1,1.658772,20.979285,1.122385,0.735524,-17.691862,0
2018-05-08,sh.601992,4.2800,4.2900,4.2500,4.2700,4.2900,22390458,95692140.0000,0.274882,1,-0.466200,20.881480,1.117152,0.732095,-17.609382,0
2018-05-09,sh.601992,4.2700,4.3000,4.2400,4.2600,4.2700,19308760,82357255.0000,0.237049,1,-0.234186,20.832577,1.114536,0.730380,-17.568142,0
2018-05-10,sh.601992,4.2600,4.3000,4.2500,4.2800,4.2600,22057930,94312078.0000,0.270800,1,0.469483,20.930383,1.119768,0.733809,-17.650622,0
2018-05-11,sh.601992,4.2800,4.2900,4.2100,4.2200,4.2800,23746700,100848510.0000,0.291532,1,-1.401879,20.636966,1.104071,0.723522,-17.403183,0
2018-05-14,sh.601992,4.2000,4.2400,4.1300,4.1400,4.2200,26517609,111007507.0000,0.325550,1,-1.895733,20.245744,1.083140,0.709806,-17.073265,0
2018-05-15,sh.601992,4.1600,4.2100,4.1600,4.2000,4.1400,18746016,78353154.0000,0.230140,1,1.449274,20.539160,1.098838,0.720093,-17.320704,0
2018-05-16,sh.601992,4.2000,4.2500,4.1700,4.2200,4.2000,27877156,117877135.0000,0.342241,1,0.476190,20.636966,1.104071,0.723522,-17.403183,0
2018-05-17,sh.601992,4.2300,4.2400,4.1600,4.1900,4.2200,19437594,81440258.0000,0.238630,1,-0.710894,20.490258,1.096222,0.718379,-17.279464,0
2018-05-18,sh.601992,4.1700,4.1900,4.1600,4.1800,4.1900,21469116,89605411.0000,0.263571,1,-0.238669,20.441355,1.093606,0.716664,-17.238224,0
2018-05-21,sh.601992,4.2000,4.2200,4.1900,4.2100,4.1800,23272077,97850516.0000,0.285705,1,0.717708,20.588063,1.101454,0.721808,-17.361943,0
2018-05-22,sh.601992,4.2100,4.3400,4.1900,4.3100,4.2100,54536644,233044595.0000,0.669533,1,2.375295,21.077091,1.127617,0.738953,-17.774341,0
2018-05-23,sh.601992,4.2700,4.2800,4.2200,4.2300,4.3100,25568500,108595942.0000,0.313898,1,-1.856147,20.685869,1.106687,0.725237,-17.444423,0
2018-05-24,sh.601992,4.2300,4.2500,4.2100,4.2200,4.2300,17619078,74506609.0000,0.216305,1,-0.236412,20.636966,1.104071,0.723522,-17.403183,0
2018-05-25,sh.601992,4.2100,4.3100,4.2100,4.2400,4.2200,26473769,112674595.0000,0.325012,1,0.473933,20.734771,1.109303,0.726951,-17.485663,0
2018-05-28,sh.601992,4.2600,4.2800,4.2200,4.2400,4.2400,22229426,94354614.0000,0.272905,1,0.000000,20.734771,1.109303,0.726951,-17.485663,0
2018-05-29,sh.601992,4.2300,4.2300,4.0400,4.0800,4.2400,45885708,189639794.0000,0.563327,1,-3.773582,19.952327,1.067443,0.699519,-16.825826,0
2018-05-30,sh.601992,4.0100,4.0200,3.8900,3.8900,4.0800,41020457,161779256.0000,0.503598,1,-4.656858,19.023175,1.017733,0.666943,-16.042271,0
2018-05-31,sh.601992,3.9200,4.0000,3.9200,3.9500,3.8900,24459819,96705889.0000,0.300287,1,1.542415,19.316591,1.033431,0.677230,-16.289709,0
2018-06-01,sh.601992,3.9400,4.0000,3.9300,3.9500,3.9500,17504428,69378352.0000,0.214897,1,0.000000,19.316591,1.033431,0.677230,-16.289709,0
2018-06-04,sh.601992,3.9600,3.9800,3.9100,3.9200,3.9500,18553440,72956523.0000,0.227776,1,-0.759493,19.169883,1.025582,0.672087,-16.165990,0
2018-06-05,sh.601992,3.9200,3.9500,3.9100,3.9400,3.9200,17396891,68358377.0000,0.213577,1,0.510204,19.267689,1.030815,0.675516,-16.248470,0
2018-06-06,sh.601992,3.9300,3.9300,3.8800,3.9000,3.9400,24729423,96395647.0000,0.303597,1,-1.015227,19.072078,1.020350,0.668658,-16.083511,0
2018-06-07,sh.601992,3.9100,3.9200,3.8100,3.8200,3.9000,28649997,110533244.0000,0.351729,1,-2.051286,18.680855,0.999419,0.654942,-15.753592,0
2018-06-08,sh.601992,3.8300,3.8300,3.6400,3.6900,3.8200,43786716,162056820.0000,0.537559,1,-3.403138,18.045119,0.965408,0.632653,-15.217475,0
2018-06-11,sh.601992,3.6700,3.7000,3.6400,3.6800,3.6900,17947920,66026571.0000,0.220342,1,-0.271002,17.996217,0.962792,0.630939,-15.176236,0
2018-06-12,sh.601992,3.6900,3.7000,3.6500,3.6800,3.6800,15063428,55385088.0000,0.184930,1,0.000000,17.996217,0.962792,0.630939,-15.176236,0
2018-06-13,sh.601992,3.6700,3.6800,3.5600,3.5700,3.6800,23762080,86056421.0000,0.291721,1,-2.989134,17.458286,0.934012,0.612079,-14.722598,0
2018-06-14,sh.601992,3.5300,3.6300,3.5300,3.6000,3.5700,21681696,77745672.0000,0.266181,1,0.840335,17.604995,0.941861,0.617223,-14.846317,0
2018-06-15,sh.601992,3.6000,3.6400,3.5500,3.5600,3.6000,23945764,85993288.0000,0.293976,1,-1.111110,17.409384,0.931396,0.610365,-14.681358,0
2018-06-19,sh.601992,3.5000,3.5200,3.2000,3.2000,3.5600,66982816,220317574.0000,0.822331,1,-10.112360,15.648884,0.837210,0.548642,-13.196727,0
2018-06-20,sh.601992,3.1700,3.2400,3.1200,3.2100,3.2000,30503163,97348404.0000,0.374480,1,0.312500,15.697787,0.839826,0.550357,-13.237966,0
2018-06-21,sh.601992,3.2300,3.3100,3.1800,3.2100,3.2100,34520871,111974474.0000,0.423804,1,0.000000,15.697787,0.839826,0.550357,-13.237966,0
2018-06-22,sh.601992,3.1700,3.2900,3.1500,3.2600,3.2100,25984684,84416194.0000,0.319007,1,1.557631,15.942301,0.852908,0.558929,-13.444165,0
2018-06-25,sh.601992,3.3000,3.3100,3.2500,3.2600,3.2600,21479386,70451678.0000,0.263697,1,0.000000,15.942301,0.852908,0.558929,-13.444165,0
2018-06-26,sh.601992,3.2100,3.2800,3.1700,3.2700,3.2600,22608086,73129442.0000,0.277554,1,0.306748,15.991203,0.855524,0.560644,-13.485405,0
2018-06-27,sh.601992,3.2900,3.3000,3.2300,3.2300,3.2700,19887501,64898060.0000,0.244154,1,-1.223240,15.795592,0.845059,0.553786,-13.320446,0
2018-06-28,sh.601992,3.2400,3.2800,3.1800,3.1900,3.2300,22980802,74344321.0000,0.282130,1,-1.238389,15.599981,0.834594,0.546928,-13.155487,0
2018-06-29,sh.601992,3.1900,3.2900,3.1900,3.2800,3.1900,24713061,80480879.0000,0.303396,1,2.821314,16.040106,0.858140,0.562358,-13.526645,0
2018-07-02,sh.601992,3.2800,3.3600,3.2500,3.2800,3.2800,33559520,111205605.0000,0.412002,1,0.000000,16.040106,0.858140,0.562358,-13.526645,0
2018-07-03,sh.601992,3.2700,3.3400,3.2600,3.3100,3.2800,36735876,121281225.0000,0.450997,1,0.914633,16.186815,0.865989,0.567502,-13.650364,0
2018-07-04,sh.601992,3.3100,3.3300,3.2300,3.2500,3.3100,28582250,93465740.0000,0.350897,1,-1.812687,15.893398,0.850291,0.557215,-13.402925,0
2018-07-05,sh.601992,3.2400,3.2700,3.0800,3.0900,3.2500,30271089,95934243.0000,0.371631,1,-4.923079,15.110954,0.808431,0.529783,-12.743089,0
2018-07-06,sh.601992,3.1400,3.3200,3.1300,3.2500,3.0900,55437477,178526235.0000,0.680592,1,5.177996,15.893398,0.850291,0.557215,-13.402925,0
2018-07-09,sh.601992,3.2500,3.3300,3.2300,3.3200,3.2500,36924247,121814786.0000,0.453310,1,2.153844,16.235717,0.868605,0.569216,-13.691604,0
2018-07-10,sh.601992,3.3300,3.5100,3.3200,3.4000,3.3200,47474278,162259523.0000,0.582830,1,2.409643,16.626939,0.889536,0.582932,-14.021522,0
2018-07-11,sh.601992,3.3800,3.3800,3.2700,3.3200,3.4000,30716196,101846358.0000,0.377095,1,-2.352946,16.235717,0.868605,0.569216,-13.691604,0
2018-07-12,sh.601992,3.2800,3.3500,3.2700,3.3400,3.2700,29476541,97946122.0000,0.361876,1,2.140671,16.333523,0.873838,0.572645,-13.774083,0
2018-07-13,sh.601992,3.3400,3.3700,3.3000,3.3300,3.3400,22425567,74531429.0000,0.275313,1,-0.299401,16.284620,0.871222,0.570931,-13.732844,0
2018-07-16,sh.601992,3.3300,3.3300,3.2400,3.2700,3.3300,22579584,73991189.0000,0.277204,1,-1.801800,15.991203,0.855524,0.560644,-13.485405,0
2018-07-17,sh.601992,3.4000,3.4400,3.3600,3.4200,3.2700,64035242,217779873.0000,0.786145,1,4.587159,16.724745,0.894768,0.586361,-14.104002,0
2018-07-18,sh.601992,3.3900,3.4700,3.3700,3.3800,3.4200,35145372,120027441.0000,0.431471,1,-1.169590,16.529134,0.884303,0.579503,-13.939043,0
2018-07-19,sh.601992,3.4000,3.4400,3.3600,3.3900,3.3800,25421630,86372758.0000,0.312095,1,0.295858,16.578037,0.886919,0.581218,-13.980282,0
2018-07-20,sh.601992,3.3800,3.4100,3.3200,3.4000,3.3900,33549081,112911901.0000,0.411874,1,0.294985,16.626939,0.889536,0.582932,-14.021522,0
2018-07-23,sh.601992,3.3900,3.6100,3.3700,3.5400,3.4000,80341083,281795277.0000,0.986327,1,4.117643,17.311578,0.926164,0.606936,-14.598879,0
2018-07-24,sh.601992,3.5800,3.8300,3.5500,3.8100,3.5400,119450856,444377990.0000,1.466468,1,7.627119,18.631953,0.996803,0.653227,-15.712353,0
2018-07-25,sh.601992,3.8400,3.8500,3.7200,3.7700,3.8100,59817824,225320100.0000,0.734368,1,-1.049868,18.436342,0.986338,0.646369,-15.547394,0
2018-07-26,sh.601992,3.7500,3.8000,3.7200,3.7400,3.7700,45075621,169202924.0000,0.553382,1,-0.795755,18.289633,0.978489,0.641226,-15.423674,0
2018-07-27,sh.601992,3.7400,3.7700,3.7200,3.7300,3.7400,34454209,129309735.0000,0.422986,1,-0.267379,18.240731,0.975873,0.639511,-15.382434,0
2018-07-30,sh.601992,3.7600,3.8700,3.7400,3.7600,3.7300,58670881,223541634.0000,0.720288,1,0.804289,18.387439,0.983722,0.644655,-15.506154,0
2018-07-31,sh.601992,3.7400,3.7600,3.6500,3.7000,3.7600,36773756,135860405.0000,0.451462,1,-1.595743,18.094022,0.968024,0.634368,-15.258715,0
2018-08-01,sh.601992,3.7400,3.8000,3.6400,3.6600,3.7000,42841338,159525890.0000,0.525952,1,-1.081080,17.898411,0.957559,0.627510,-15.093756,0
2018-08-02,sh.601992,3.6400,3.6900,3.4600,3.6200,3.6600,56883060,203064557.0000,0.698339,1,-1.092902,17.702800,0.947094,0.620652,-14.928797,0
2018-08-03,sh.601992,3.6000,3.6500,3.5300,3.5400,3.6200,29935237,107514733.0000,0.367507,1,-2.209943,17.311578,0.926164,0.606936,-14.598879,0
2018-08-06,sh.601992,3.5400,3.6200,3.5100,3.5500,3.5400,32240673,114972743.0000,0.395811,1,0.282486,17.360481,0.928780,0.608650,-14.640119,0
2018-08-07,sh.601992,3.5800,3.7300,3.5400,3.7200,3.5500,49095682,179175782.0000,0.602735,1,4.788735,18.191828,0.973257,0.637797,-15.341195,0
2018-08-08,sh.601992,3.7100,3.8200,3.6800,3.7100,3.7200,68715265,257845367.0000,0.843600,1,-0.268817,18.142925,0.970640,0.636082,-15.299955,0
2018-08-09,sh.601992,3.6700,3.7800,3.6400,3.7600,3.7100,54086759,201452301.0000,0.664010,1,1.347708,18.387439,0.983722,0.644655,-15.506154,0
2018-08-10,sh.601992,3.7800,3.8000,3.7000,3.7300,3.7600,33622688,125637236.0000,0.412777,1,-0.797872,18.240731,0.975873,0.639511,-15.382434,0
2018-08-13,sh.601992,3.6900,3.7200,3.6400,3.7000,3.7300,28850539,105999695.0000,0.354191,1,-0.804289,18.094022,0.968024,0.634368,-15.258715,0
2018-08-14,sh.601992,3.7200,3.7900,3.6900,3.7100,3.7000,41939377,156785748.0000,0.514879,1,0.270270,18.142925,0.970640,0.636082,-15.299955,0
2018-08-15,sh.601992,3.7000,3.7400,3.6000,3.6100,3.7100,45198139,165778352.0000,0.554886,1,-2.695422,17.653897,0.944478,0.618937,-14.887557,0
2018-08-16,sh.601992,3.5600,3.6100,3.5200,3.5200,3.6100,31653830,112805019.0000,0.388606,1,-2.493073,17.213773,0.920931,0.603507,-14.516399,0
2018-08-17,sh.601992,3.5600,3.5800,3.4400,3.4400,3.5200,24320197,85185058.0000,0.298573,1,-2.272725,16.822550,0.900001,0.589790,-14.186481,0
2018-08-20,sh.601992,3.4400,3.5000,3.3300,3.4200,3.4400,25898931,88277893.0000,0.317955,1,-0.581395,16.724745,0.894768,0.586361,-14.104002,0
2018-08-21,sh.601992,3.4300,3.5100,3.4000,3.4900,3.4200,27516353,95412993.0000,0.337811,1,2.046782,17.067064,0.913082,0.598363,-14.392680,0
2018-08-22,sh.601992,3.4900,3.5000,3.4500,3.4700,3.4900,17743967,61672688.0000,0.217838,1,-0.573065,16.969259,0.907850,0.594934,-14.310200,0
2018-08-23,sh.601992,3.4600,3.5000,3.4200,3.4500,3.4700,18743900,64839788.0000,0.230114,1,-0.576368,16.871453,0.902617,0.591505,-14.227721,0
2018-08-24,sh.601992,3.4500,3.4700,3.3900,3.4300,3.4500,26383630,90232865.0000,0.323905,1,-0.579710,16.773648,0.897384,0.588076,-14.145241,0
2018-08-27,sh.601992,3.4300,3.5300,3.4300,3.5300,3.4300,38061514,132284368.0000,0.467272,1,2.915449,17.262675,0.923547,0.605221,-14.557639,0
2018-08-28,sh.601992,3.5500,3.5800,3.5100,3.5700,3.5300,30309118,107630865.0000,0.372097,1,1.133143,17.458286,0.934012,0.612079,-14.722598,0
2018-08-29,sh.601992,3.5700,3.6000,3.5400,3.6000,3.5700,26408942,94366311.0000,0.324216,1,0.840335,17.604995,0.941861,0.617223,-14.846317,0
2018-08-30,sh.601992,3.5900,3.6000,3.4700,3.4800,3.6000,34729318,122175486.0000,0.426363,1,-3.333330,10.927406,0.877958,0.534058,-11.728346,0
2018-08-31,sh.601992,3.5000,3.5500,3.4600,3.5300,3.4800,28972263,101869909.0000,0.355685,1,1.436780,11.084409,0.890572,0.541732,-11.896857,0
2018-09-03,sh.601992,3.5100,3.6500,3.5000,3.6500,3.5300,49795122,178471953.0000,0.611322,1,3.399437,11.461216,0.920847,0.560147,-12.301282,0
2018-09-04,sh.601992,3.6500,3.6600,3.6000,3.6400,3.6500,27983237,101625384.0000,0.343543,1,-0.273972,11.429816,0.918324,0.558613,-12.267580,0
2018-09-05,sh.601992,3.6100,3.6500,3.5900,3.6000,3.6400,28662192,103881044.0000,0.351879,1,-1.098907,11.304213,0.908233,0.552474,-12.132772,0
2018-09-06,sh.601992,3.6000,3.6200,3.5800,3.5900,3.6000,16282166,58674862.0000,0.199892,1,-0.277778,11.272813,0.905710,0.550939,-12.099069,0
2018-09-07,sh.601992,3.6100,3.6500,3.5900,3.6400,3.5900,20440112,74139355.0000,0.250938,1,1.392763,11.429816,0.918324,0.558613,-12.267580,0
2018-09-10,sh.601992,3.6600,3.6800,3.5300,3.5300,3.6400,27975921,100008363.0000,0.343453,1,-3.021981,11.084409,0.890572,0.541732,-11.896857,0
2018-09-11,sh.601992,3.5300,3.5600,3.4900,3.5200,3.5300,17337415,61047657.0000,0.212847,1,-0.283286,11.053009,0.888050,0.540197,-11.863154,0
2018-09-12,sh.601992,3.5300,3.5900,3.5200,3.5200,3.5200,14301377,50704231.0000,0.175574,1,0.000000,11.053009,0.888050,0.540197,-11.863154,0
2018-09-13,sh.601992,3.5100,3.5600,3.5100,3.5600,3.5200,15593506,55198407.0000,0.191438,1,1.136363,11.178611,0.898141,0.546336,-11.997963,0
2018-09-14,sh.601992,3.5600,3.6600,3.5600,3.6300,3.5600,32715660,118261049.0000,0.401642,1,1.966297,11.398415,0.915801,0.557078,-12.233878,0
2018-09-17,sh.601992,3.6200,3.6200,3.5100,3.5100,3.6300,24905506,88123928.0000,0.305759,1,-3.305788,11.021608,0.885527,0.538662,-11.829452,0
2018-09-18,sh.601992,3.5000,3.6500,3.4800,3.6500,3.5100,35335409,126768705.0000,0.433804,1,3.988607,11.461216,0.920847,0.560147,-12.301282,0
2018-09-19,sh.601992,3.6400,3.7000,3.6100,3.6700,3.6500,36733990,134302174.0000,0.450974,1,0.547945,11.524018,0.925893,0.563217,-12.368687,0
2018-09-20,sh.601992,3.6700,3.6900,3.6200,3.6400,3.6700,23621393,86257610.0000,0.289994,1,-0.817438,11.429816,0.918324,0.558613,-12.267580,0
2018-09-21,sh.601992,3.6500,3.7100,3.6400,3.6900,3.6400,35208401,129457108.0000,0.432245,1,1.373625,11.586819,0.930938,0.566286,-12.436091,0
2018-09-25,sh.601992,3.6600,3.7400,3.6500,3.6900,3.6900,27137814,100608936.0000,0.333164,1,0.000000,11.586819,0.930938,0.566286,-12.436091,0
2018-09-26,sh.601992,3.7000,3.7400,3.6800,3.7300,3.6900,28240989,104963987.0000,0.346708,1,1.084010,11.712421,0.941030,0.572425,-12.570899,0
2018-09-27,sh.601992,3.7200,3.7200,3.6500,3.6700,3.7300,24452887,90032565.0000,0.300202,1,-1.608578,11.524018,0.925893,0.563217,-12.368687,0
2018-09-28,sh.601992,3.6900,3.7400,3.6800,3.7100,3.6700,26085109,96977887.0000,0.320240,1,1.089917,11.649620,0.935984,0.569355,-12.503495,0
2018-10-08,sh.601992,3.6400,3.6400,3.5600,3.6300,3.7100,34633894,125008111.0000,0.425192,1,-2.156332,11.398415,0.915801,0.557078,-12.233878,0
2018-10-09,sh.601992,3.6000,3.6300,3.5800,3.5900,3.6300,20443546,73585249.0000,0.250980,1,-1.101934,11.272813,0.905710,0.550939,-12.099069,0
2018-10-10,sh.601992,3.6000,3.6200,3.5700,3.5900,3.5900,18271171,65610456.0000,0.224311,1,0.000000,11.272813,0.905710,0.550939,-12.099069,0
2018-10-11,sh.601992,3.4800,3.5000,3.2300,3.2900,3.5900,44402010,150148588.0000,0.545112,1,-8.356545,10.330795,0.830024,0.504900,-11.088005,0
2018-10-12,sh.601992,3.2600,3.3000,3.0800,3.2600,3.2900,37237675,119433033.0000,0.457158,1,-0.911853,10.236593,0.822455,0.500296,-10.986899,0
2018-10-15,sh.601992,3.3000,3.3000,3.1700,3.1900,3.2600,23105580,75060034.0000,0.283661,1,-2.147237,10.016789,0.804795,0.489553,-10.750984,0
2018-10-16,sh.601992,3.2000,3.2400,3.1400,3.2100,3.1900,27952833,89382660.0000,0.343170,1,0.626959,10.079590,0.809841,0.492623,-10.818388,0
2018-10-17,sh.601992,3.2600,3.2600,3.1600,3.2300,3.2100,21196105,68301880.0000,0.260219,1,0.623052,10.142391,0.814886,0.495692,-10.885792,0
2018-10-18,sh.601992,3.2400,3.2400,3.1300,3.1300,3.2300,16212808,51437837.0000,0.199041,1,-3.095972,9.828386,0.789658,0.480346,-10.548771,0
2018-10-19,sh.601992,3.0800,3.2000,3.0500,3.1900,3.1300,25604159,80562029.0000,0.314336,1,1.916931,10.016789,0.804795,0.489553,-10.750984,0
2018-10-22,sh.601992,3.2000,3.3800,3.1900,3.3300,3.1900,45525056,150523854.0000,0.558900,1,4.388710,10.456397,0.840115,0.511039,-11.222814,0
2018-10-23,sh.601992,3.3300,3.3300,3.2200,3.2300,3.3300,33520021,109888080.0000,0.411517,1,-3.003000,10.142391,0.814886,0.495692,-10.885792,0
2018-10-24,sh.601992,3.2300,3.3100,3.2000,3.2400,3.2300,22430666,72808825.0000,0.275376,1,0.309597,10.173792,0.817409,0.497227,-10.919494,0
2018-10-25,sh.601992,3.1800,3.2400,3.1300,3.2400,3.2400,25277591,80271368.0000,0.310327,1,0.000000,10.173792,0.817409,0.497227,-10.919494,0
2018-10-26,sh.601992,3.2600,3.3100,3.2300,3.2700,3.2400,24321846,79704586.0000,0.298593,1,0.925925,10.267994,0.824978,0.501831,-11.020601,0
2018-10-29,sh.601992,3.2800,3.2900,3.2100,3.2400,3.2700,19264543,62802184.0000,0.236506,1,-0.917430,10.173792,0.817409,0.497227,-10.919494,0
2018-10-30,sh.601992,3.2200,3.2400,3.1400,3.2200,3.2400,27995360,89573872.0000,0.343692,1,-0.617283,10.308075,0.802671,0.467049,-41.812420,0
2018-10-31,sh.601992,3.2200,3.4100,3.2200,3.3000,3.2200,48072414,160159043.0000,0.590173,1,2.484470,10.564176,0.822613,0.478652,-42.851238,0
2018-11-01,sh.601992,3.2800,3.5000,3.2800,3.3400,3.3000,56691318,190771462.0000,0.695985,1,1.212120,10.692227,0.832584,0.484454,-43.370647,0
2018-11-02,sh.601992,3.3800,3.4100,3.3400,3.4000,3.3400,39744039,133953322.0000,0.487928,1,1.796413,10.884303,0.847541,0.493157,-44.149760,0
2018-11-05,sh.601992,3.3800,3.4200,3.3500,3.3900,3.4000,28750446,97190146.0000,0.352962,1,-0.294117,10.852290,0.845048,0.491706,-44.019908,0
2018-11-06,sh.601992,3.3900,3.4100,3.3500,3.4000,3.3900,22470804,75900225.0000,0.275868,1,0.294985,10.884303,0.847541,0.493157,-44.149760,0
2018-11-07,sh.601992,3.4000,3.4300,3.3600,3.3700,3.4000,28759634,97567549.0000,0.353075,1,-0.882359,10.788265,0.840062,0.488805,-43.760204,0
2018-11-08,sh.601992,3.4000,3.4100,3.3500,3.3500,3.3700,20063798,67791854.0000,0.246318,1,-0.593471,10.724239,0.835077,0.485905,-43.500499,0
2018-11-09,sh.601992,3.3500,3.3900,3.3300,3.3500,3.3500,18006237,60420654.0000,0.221058,1,0.000000,10.724239,0.835077,0.485905,-43.500499,0
2018-11-12,sh.601992,3.3500,3.4200,3.3200,3.4100,3.3500,29665963,100579014.0000,0.364202,1,1.791050,10.916315,0.850033,0.494607,-44.279613,0
2018-11-13,sh.601992,3.3800,3.5400,3.3600,3.5200,3.4100,63279945,219746369.0000,0.776872,1,3.225803,11.268454,0.877454,0.510562,-45.707987,0
2018-11-14,sh.601992,3.4800,3.5800,3.4800,3.4900,3.5200,45310941,159792945.0000,0.556271,1,-0.852272,11.172416,0.869976,0.506211,-45.318430,0
2018-11-15,sh.601992,3.5300,3.5300,3.4800,3.5100,3.4900,32445794,113630673.0000,0.398329,1,0.573065,11.236442,0.874961,0.509112,-45.578135,0
2018-11-16,sh.601992,3.5000,3.5400,3.4800,3.5200,3.5100,33046148,115941056.0000,0.405699,1,0.284900,11.268454,0.877454,0.510562,-45.707987,0
2018-11-19,sh.601992,3.4800,3.8700,3.4600,3.8700,3.5200,134795102,498462457.0000,1.654846,1,9.943179,12.388897,0.964701,0.561329,-50.252815,0
2018-11-20,sh.601992,3.8900,3.9800,3.7000,3.7000,3.8700,162795138,629852993.0000,1.998595,1,-4.392761,11.844682,0.922324,0.536671,-48.045327,0
2018-11-21,sh.601992,3.6100,3.7900,3.5500,3.7200,3.7000,86017779,317319281.0000,1.056019,1,0.540540,11.908707,0.927309,0.539572,-48.305032,0
2018-11-22,sh.601992,3.6700,3.7100,3.6100,3.6400,3.7200,53496558,195424725.0000,0.656764,1,-2.150536,11.652606,0.907367,0.527968,-47.266214,0
2018-11-23,sh.601992,3.6400,3.7100,3.5000,3.5200,3.6400,63417388,228941158.0000,0.778559,1,-3.296706,11.268454,0.877454,0.510562,-45.707987,0
2018-11-26,sh.601992,3.5300,3.6800,3.5300,3.5800,3.5200,49638783,178725813.0000,0.609403,1,1.704544,11.460530,0.892410,0.519265,-46.487101,0
2018-11-27,sh.601992,3.6000,3.6200,3.5200,3.5500,3.5800,36835339,130779038.0000,0.452218,1,-0.837988,11.364492,0.884932,0.514914,-46.097544,0
2018-11-28,sh.601992,3.5300,3.5800,3.4500,3.5700,3.5500,32096493,113310232.0000,0.394041,1,0.563380,11.428518,0.889918,0.517815,-46.357248,0
2018-11-29,sh.601992,3.5800,3.6000,3.4600,3.4600,3.5700,40325048,142353915.0000,0.495060,1,-3.081230,11.076378,0.862497,0.501860,-44.928874,0
2018-11-30,sh.601992,3.4600,3.5200,3.4000,3.4500,3.4600,31688362,109516813.0000,0.389030,1,-0.289017,11.044366,0.860004,0.500409,-44.799022,0
2018-12-03,sh.601992,3.5500,3.5700,3.4900,3.5600,3.4500,40493571,143549718.0000,0.485875,1,3.188403,11.396505,0.887425,0.516364,-46.227396,0
2018-12-04,sh.601992,3.5400,3.7100,3.5300,3.6500,3.5600,70102994,254837663.0000,0.841153,1,2.528094,11.684619,0.909860,0.529418,-47.396066,0
2018-12-05,sh.601992,3.5700,3.8300,3.5400,3.7400,3.6500,105714292,393685116.0000,1.268446,1,2.465751,11.972733,0.932295,0.542473,-48.564736,0
2018-12-06,sh.601992,3.7400,3.8000,3.6900,3.7000,3.7400,65350390,244129266.0000,0.784127,1,-1.069518,11.844682,0.922324,0.536671,-48.045327,0
2018-12-07,sh.601992,3.7300,3.9000,3.7100,3.8700,3.7000,105090030,400850148.0000,1.260956,1,4.594590,12.388897,0.964701,0.561329,-50.252815,0
2018-12-10,sh.601992,3.8000,3.9200,3.7900,3.8500,3.8700,82898504,319764620.0000,0.994684,1,-0.516795,12.324872,0.959715,0.558428,-49.993111,0
2018-12-11,sh.601992,3.8700,3.8900,3.7100,3.7500,3.8500,52408232,197278479.0000,0.628837,1,-2.597400,12.004745,0.934787,0.543923,-48.694589,0
2018-12-12,sh.601992,3.7700,3.8200,3.7000,3.7700,3.7500,46218666,173527850.0000,0.554569,1,0.533333,12.068771,0.939773,0.546824,-48.954293,0
2018-12-13,sh.601992,3.7700,3.8500,3.7400,3.8100,3.7700,61434274,233977350.0000,0.737138,1,1.061007,12.196821,0.949744,0.552626,-49.473702,0
2018-12-14,sh.601992,3.8200,3.9000,3.7400,3.7500,3.8100,50213301,191859229.0000,0.602500,1,-1.574802,12.004745,0.934787,0.543923,-48.694589,0
2018-12-17,sh.601992,3.7300,3.9300,3.7200,3.8800,3.7500,71938895,276216550.0000,0.863181,1,3.466670,12.420910,0.967193,0.562779,-50.382668,0
2018-12-18,sh.601992,3.8600,3.9000,3.7100,3.7300,3.8800,72862223,277471179.0000,0.874260,1,-3.865982,11.940720,0.929802,0.541022,-48.434884,0
2018-12-19,sh.601992,3.7400,3.7800,3.6900,3.6900,3.7300,29302934,109260921.0000,0.351600,1,-1.072385,11.812670,0.919831,0.535220,-47.915475,0
2018-12-20,sh.601992,3.6700,3.7500,3.6400,3.7100,3.6900,30806009,113919950.0000,0.369636,1,0.542005,11.876695,0.924816,0.538121,-48.175180,0
2018-12-21,sh.601992,3.7000,3.7000,3.5400,3.6000,3.7100,48129065,172843635.0000,0.577492,1,-2.964963,11.524556,0.897396,0.522166,-46.746805,0
2018-12-24,sh.601992,3.6100,3.6100,3.5300,3.5900,3.6000,26464279,94685108.0000,0.317540,1,-0.277778,11.492543,0.894903,0.520716,-46.616953,0
2018-12-25,sh.601992,3.5400,3.5500,3.4300,3.5200,3.5900,35904063,125397536.0000,0.430806,1,-1.949859,11.268454,0.877454,0.510562,-45.707987,0
2018-12-26,sh.601992,3.5200,3.5900,3.5000,3.5800,3.5200,32725463,116303305.0000,0.392667,1,1.704544,11.460530,0.892410,0.519265,-46.487101,0
2018-12-27,sh.601992,3.6200,3.6400,3.5000,3.5300,3.5800,27106955,96694300.0000,0.325251,1,-1.396647,11.300467,0.879947,0.512013,-45.837839,0
2018-12-28,sh.601992,3.5400,3.5600,3.4800,3.5000,3.5300,26278557,92214746.0000,0.315311,1,-0.849858,11.204429,0.872468,0.507661,-45.448283,0
2019-01-02,sh.601992,3.6000,3.6400,3.3500,3.3600,3.5000,77738381,269311571.0000,0.932768,1,-4.000003,10.756252,0.837570,0.487355,-43.630351,0
2019-01-03,sh.601992,3.3600,3.3700,3.2000,3.2800,3.3600,71193327,234218357.0000,0.854235,1,-2.380950,10.500151,0.817627,0.475751,-42.591534,0
2019-01-04,sh.601992,3.2300,3.3600,3.2100,3.3500,3.2800,55915465,184516355.0000,0.670919,1,2.134144,10.724239,0.835077,0.485905,-43.500499,0
2019-01-07,sh.601992,3.3700,3.4200,3.3500,3.4100,3.3500,38818188,131544003.0000,0.465772,1,1.791050,10.916315,0.850033,0.494607,-44.279613,0
2019-01-08,sh.601992,3.3900,3.4500,3.3700,3.4000,3.4100,27933927,95199432.0000,0.335174,1,-0.293255,10.884303,0.847541,0.493157,-44.149760,0
2019-01-09,sh.601992,3.4000,3.4600,3.4000,3.4200,3.4000,35809966,123131951.0000,0.429677,1,0.588235,10.948328,0.852526,0.496058,-44.409465,0
2019-01-10,sh.601992,3.4300,3.4800,3.4100,3.4400,3.4200,40277540,139217119.0000,0.483283,1,0.584795,11.012353,0.857512,0.498959,-44.669169,0
2019-01-11,sh.601992,3.4300,3.6000,3.4100,3.5400,3.4400,63963746,224039951.0000,0.767489,1,2.906974,11.332480,0.882439,0.513463,-45.967692,0
2019-01-14,sh.601992,3.5300,3.6300,3.5100,3.5900,3.5400,52334275,186745176.0000,0.627949,1,1.412428,11.492543,0.894903,0.520716,-46.616953,0
2019-01-15,sh.601992,3.5800,3.6600,3.5600,3.6500,3.5900,44954222,162612014.0000,0.539397,1,1.671314,11.684619,0.909860,0.529418,-47.396066,0
2019-01-16,sh.601992,3.6600,3.7400,3.5400,3.5500,3.6500,61691084,224248158.0000,0.740220,1,-2.739730,11.364492,0.884932,0.514914,-46.097544,0
2019-01-17,sh.601992,3.5600,3.6200,3.5500,3.5600,3.5500,39006557,139724480.0000,0.468032,1,0.281690,11.396505,0.887425,0.516364,-46.227396,0
2019-01-18,sh.601992,3.5700,3.6000,3.5500,3.5800,3.5600,24131850,86355670.0000,0.289554,1,0.561797,11.460530,0.892410,0.519265,-46.487101,0
2019-01-21,sh.601992,3.6200,3.6500,3.5600,3.5900,3.5800,35312817,127318600.0000,0.423712,1,0.279329,11.492543,0.894903,0.520716,-46.616953,0
2019-01-22,sh.601992,3.5700,3.5900,3.4600,3.4800,3.5900,31943974,112041085.0000,0.383290,1,-3.064064,11.140404,0.867483,0.504761,-45.188578,0
2019-01-23,sh.601992,3.4800,3.5900,3.4600,3.4900,3.4800,38029550,133398402.0000,0.456309,1,0.287356,11.172416,0.869976,0.506211,-45.318430,0
2019-01-24,sh.601992,3.4700,3.5000,3.4100,3.4800,3.4900,28323094,97947077.0000,0.339843,1,-0.286533,11.140404,0.867483,0.504761,-45.188578,0
2019-01-25,sh.601992,3.5200,3.5500,3.4500,3.4600,3.4800,45688029,160060863.0000,0.548202,1,-0.574712,11.076378,0.862497,0.501860,-44.928874,0
2019-01-28,sh.601992,3.4800,3.5200,3.4600,3.4800,3.4600,27088320,94493409.0000,0.325028,1,0.578034,11.140404,0.867483,0.504761,-45.188578,0
2019-01-29,sh.601992,3.4700,3.4800,3.3700,3.4500,3.4800,27223361,93299321.0000,0.326648,1,-0.862068,11.044366,0.860004,0.500409,-44.799022,0
2019-01-30,sh.601992,3.4500,3.4500,3.3800,3.3900,3.4500,22567660,76920056.0000,0.270785,1,-1.739129,10.852290,0.845048,0.491706,-44.019908,0
2019-01-31,sh.601992,3.4100,3.4400,3.3400,3.3500,3.3900,24997127,84621909.0000,0.299936,1,-1.179947,10.724239,0.835077,0.485905,-43.500499,0
2019-02-01,sh.601992,3.3700,3.4300,3.3600,3.4300,3.3500,18599234,63316467.0000,0.223169,1,2.388065,10.980341,0.855019,0.497508,-44.539317,0
2019-02-11,sh.601992,3.4400,3.5000,3.4200,3.4900,3.4300,38741710,134331188.0000,0.464855,1,1.749269,11.172416,0.869976,0.506211,-45.318430,0
2019-02-12,sh.601992,3.4800,3.5400,3.4800,3.5200,3.4900,35714951,125332242.0000,0.428537,1,0.859598,11.268454,0.877454,0.510562,-45.707987,0
2019-02-13,sh.601992,3.5200,3.6000,3.5100,3.5800,3.5200,53057007,189113242.0000,0.636621,1,1.704544,11.460530,0.892410,0.519265,-46.487101,0
2019-02-14,sh.601992,3.5800,3.6300,3.5600,3.5800,3.5800,43864778,157375969.0000,0.526325,1,0.000000,11.460530,0.892410,0.519265,-46.487101,0
2019-02-15,sh.601992,3.5700,3.5800,3.5300,3.5400,3.5800,41352802,147043700.0000,0.496185,1,-1.117317,11.332480,0.882439,0.513463,-45.967692,0
2019-02-18,sh.601992,3.5500,3.6400,3.5500,3.6200,3.5400,66735119,240322706.0000,0.800742,1,2.259885,11.588581,0.902381,0.525067,-47.006510,0
2019-02-19,sh.601992,3.6500,3.6600,3.5800,3.6200,3.6200,73954748,267669244.0000,0.887369,1,0.000000,11.588581,0.902381,0.525067,-47.006510,0
2019-02-20,sh.601992,3.6100,3.6500,3.5900,3.6300,3.6200,44644631,161443920.0000,0.535683,1,0.276249,11.620594,0.904874,0.526517,-47.136362,0
2019-02-21,sh.601992,3.6200,3.6800,3.5800,3.6000,3.6300,71363948,258581233.0000,0.856283,1,-0.826452,11.524556,0.897396,0.522166,-46.746805,0
2019-02-22,sh.601992,3.5900,3.6400,3.5600,3.6300,3.6000,58619181,211003016.0000,0.703361,1,0.833339,11.620594,0.904874,0.526517,-47.136362,0
2019-02-25,sh.601992,3.6700,3.8900,3.6500,3.8500,3.6300,144685374,543417778.0000,1.736053,1,6.060600,12.324872,0.959715,0.558428,-49.993111,0
2019-02-26,sh.601992,3.8500,4.0400,3.7900,3.9100,3.8500,180298969,708658570.0000,2.163373,1,1.558446,12.516948,0.974672,0.567130,-50.772224,0
2019-02-27,sh.601992,3.9500,4.0400,3.8600,3.9200,3.9100,117299628,462798679.0000,1.407456,1,0.255754,12.548961,0.977164,0.568581,-50.902077,0
2019-02-28,sh.601992,3.9200,4.1300,3.9100,4.0200,3.9200,134430762,541428714.0000,1.613009,1,2.551018,12.869087,1.002092,0.583085,-52.200599,0
2019-03-01,sh.601992,4.0400,4.2100,4.0300,4.1100,4.0200,143113653,590515325.0000,1.717194,1,2.238810,13.157201,1.024527,0.596140,-53.369269,0
2019-03-04,sh.601992,4.1600,4.2100,4.0900,4.1400,4.1100,156743515,649814653.0000,1.880736,1,0.729920,13.253239,1.032005,0.600491,-53.758826,0
2019-03-05,sh.601992,4.1600,4.1800,4.1200,4.1700,4.1400,112242232,466078075.0000,1.346773,1,0.724643,13.349277,1.039484,0.604842,-54.148383,0
2019-03-06,sh.601992,4.1700,4.2200,4.1400,4.2100,4.1700,120605666,503842402.0000,1.447125,1,0.959232,13.477328,1.049455,0.610644,-54.667791,0
2019-03-07,sh.601992,4.1900,4.3000,4.1600,4.2300,4.2100,126743574,535160437.0000,1.520772,1,0.475059,13.541353,1.054440,0.613545,-54.927496,0
2019-03-08,sh.601992,4.1600,4.1700,3.9400,3.9500,4.2300,117320297,478809512.0000,1.407704,1,-6.619385,12.644999,0.984643,0.572932,-51.291633,0
2019-03-11,sh.601992,3.9500,4.1100,3.9500,4.0800,3.9500,85444296,347060547.0000,1.025230,1,3.291136,13.061163,1.017049,0.591788,-52.979712,0
2019-03-12,sh.601992,4.1700,4.2000,4.0500,4.1000,4.0800,87564531,362033758.0000,1.050670,1,0.490196,13.125188,1.022034,0.594689,-53.239417,0
2019-03-13,sh.601992,4.1300,4.3000,4.0700,4.1600,4.1000,142681209,597208789.0000,1.712005,1,1.463413,13.317264,1.036991,0.603392,-54.018530,0
2019-03-14,sh.601992,4.1000,4.2500,4.0400,4.1000,4.1600,96722833,400545590.0000,1.160559,1,-1.442306,13.125188,1.022034,0.594689,-53.239417,0
2019-03-15,sh.601992,4.0900,4.2100,4.0900,4.1600,4.1000,93464705,388581599.0000,1.121465,1,1.463413,13.317264,1.036991,0.603392,-54.018530,0
2019-03-18,sh.601992,4.1800,4.2500,4.1200,4.2400,4.1600,112486433,472927682.0000,1.349704,1,1.923075,13.573366,1.056933,0.614996,-55.057348,0
2019-03-19,sh.601992,4.2300,4.3100,4.2100,4.2700,4.2400,106884606,455340797.0000,1.282488,1,0.707552,13.669403,1.064411,0.619347,-55.446905,0
2019-03-20,sh.601992,4.2800,4.2900,4.1500,4.2300,4.2700,76445780,322588100.0000,0.917259,1,-0.936767,13.541353,1.054440,0.613545,-54.927496,0
2019-03-21,sh.601992,4.2300,4.3400,4.2200,4.2700,4.2300,106356674,454429171.0000,1.276154,1,0.945626,13.669403,1.064411,0.619347,-55.446905,0
2019-03-22,sh.601992,4.2900,4.4700,4.2100,4.4500,4.2700,174548996,758934067.0000,2.094381,1,4.215453,14.245631,1.109281,0.645455,-57.784245,0
2019-03-25,sh.601992,4.3500,4.5300,4.3200,4.3500,4.4500,138030916,608045282.0000,1.656207,1,-2.247189,13.925505,1.084353,0.630951,-56.485723,0
2019-03-26,sh.601992,4.3700,4.4000,4.1800,4.2200,4.3500,88608299,377357085.0000,1.063194,1,-2.988508,13.509340,1.051947,0.612095,-54.797644,0
2019-03-27,sh.601992,4.2400,4.2800,4.1700,4.2700,4.2200,65433422,275849821.0000,0.785123,1,1.184839,13.669403,1.064411,0.619347,-55.446905,0
2019-03-28,sh.601992,4.2300,4.3200,4.1900,4.2700,4.2700,76176734,324738416.0000,0.914030,1,0.000000,13.669403,1.064411,0.619347,-55.446905,0
2019-03-29,sh.601992,4.2700,4.4600,4.2000,4.4400,4.2700,153441509,668356620.0000,1.841116,1,3.981266,14.540727,1.110198,0.570394,78.238274,0
2019-04-01,sh.601992,4.4900,4.6300,4.4900,4.5700,4.4400,150941292,688407908.0000,1.811116,1,2.927930,14.966469,1.142704,0.587095,80.529034,0
2019-04-02,sh.601992,4.5800,4.5900,4.4500,4.4800,4.5700,118918662,536006224.0000,1.426883,1,-1.969369,14.671725,1.120200,0.575533,78.943123,0
2019-04-03,sh.601992,4.4600,4.5500,4.4100,4.5400,4.4800,89682315,402039898.0000,1.076081,1,1.339284,14.868221,1.135202,0.583241,80.000397,0
2019-04-04,sh.601992,4.5700,4.6300,4.5300,4.5800,4.5400,119270458,546933231.0000,1.431104,1,0.881056,14.999219,1.145204,0.588380,80.705246,0
2019-04-08,sh.601992,4.5900,4.6400,4.4500,4.6300,4.5800,119845126,546902070.0000,1.437999,1,1.091707,15.162966,1.157706,0.594803,81.586308,0
2019-04-09,sh.601992,4.6000,4.6000,4.4900,4.5200,4.6300,77316297,350452874.0000,0.927704,1,-2.375813,14.802722,1.130201,0.580672,79.647972,0
2019-04-10,sh.601992,4.4800,4.5600,4.3900,4.4300,4.5200,108802845,485349231.0000,1.305505,1,-1.991154,14.507978,1.107697,0.569110,78.062061,0
2019-04-11,sh.601992,4.4100,4.4300,4.3000,4.3100,4.4300,65092933,283785167.0000,0.781038,1,-2.708801,14.114985,1.077692,0.553693,75.947514,0
2019-04-12,sh.601992,4.3100,4.3500,4.2900,4.3400,4.3100,37966659,164041111.0000,0.455555,1,0.696061,14.213233,1.085193,0.557547,76.476150,0
2019-04-15,sh.601992,4.3800,4.4200,4.1900,4.2000,4.3400,71845108,310955454.0000,0.862056,1,-3.225814,13.754742,1.050187,0.539562,74.009178,0
2019-04-16,sh.601992,4.2000,4.3000,4.1600,4.2900,4.2000,53345019,225978217.0000,0.640077,1,2.142861,14.049487,1.072691,0.551124,75.595089,0
2019-04-17,sh.601992,4.2900,4.3500,4.2700,4.3000,4.2900,44969074,193770044.0000,0.539575,1,0.233106,14.082236,1.075192,0.552409,75.771301,0
2019-04-18,sh.601992,4.3000,4.3400,4.2800,4.2900,4.3000,32835964,141370905.0000,0.393993,1,-0.232564,14.049487,1.072691,0.551124,75.595089,0
2019-04-19,sh.601992,4.3100,4.3100,4.2200,4.2800,4.2900,37288211,158867944.0000,0.447414,1,-0.233095,14.016737,1.070191,0.549839,75.418877,0
2019-04-22,sh.601992,4.3000,4.3000,4.1600,4.1600,4.2800,57668574,242799552.0000,0.691954,1,-2.803747,13.623745,1.040185,0.534423,73.304329,0
2019-04-23,sh.601992,4.1600,4.1800,4.0800,4.1000,4.1600,42942027,176929811.0000,0.515253,1,-1.442306,13.427248,1.025183,0.526715,72.247055,0
2019-04-24,sh.601992,4.1100,4.1200,4.0300,4.1100,4.1000,38546482,157421007.0000,0.462512,1,0.243908,13.459998,1.027683,0.528000,72.423267,0
2019-04-25,sh.601992,4.1100,4.1100,3.9800,4.0000,4.1100,46119137,186782140.0000,0.553375,1,-2.676402,13.099754,1.000178,0.513869,70.484931,0
2019-04-26,sh.601992,4.0200,4.1800,4.0000,4.0700,4.0000,69276331,283769902.0000,0.831234,1,1.750004,11.157541,1.002380,0.487267,11.173185,0
2019-04-29,sh.601992,4.0700,4.1000,3.8800,3.9100,4.0700,46234993,184327906.0000,0.554765,1,-3.931206,10.718915,0.962974,0.468112,10.733944,0
2019-04-30,sh.601992,3.9100,3.9600,3.9100,3.9300,3.9100,31635687,124394726.0000,0.379591,1,0.511509,10.773743,0.967900,0.470506,10.788849,0
2019-05-06,sh.601992,3.8000,3.8400,3.5500,3.6200,3.9300,76847492,285069809.0000,0.922079,1,-7.888045,9.923906,0.891552,0.433393,9.937821,0
2019-05-07,sh.601992,3.6600,3.7000,3.6100,3.6700,3.6200,30176184,110374252.0000,0.362078,1,1.381221,10.060976,0.903866,0.439379,10.075083,0
2019-05-08,sh.601992,3.5900,3.6800,3.5700,3.6300,3.6700,28069647,102222358.0000,0.336802,1,-1.089917,9.951320,0.894014,0.434590,9.965273,0
2019-05-09,sh.601992,3.6100,3.6500,3.5700,3.6000,3.6300,28827291,103941186.0000,0.345893,1,-0.826452,9.869078,0.886626,0.430998,9.882916,0
2019-05-10,sh.601992,3.6200,3.6800,3.5300,3.6800,3.6000,49117797,178715367.0000,0.589355,1,2.222227,10.088391,0.906329,0.440576,10.102536,0
2019-05-13,sh.601992,3.6200,3.6400,3.5800,3.6100,3.6800,35175208,126843403.0000,0.422061,1,-1.902179,9.896492,0.889089,0.432195,9.910368,0
2019-05-14,sh.601992,3.5600,3.6000,3.5300,3.5400,3.6100,29105140,103820628.0000,0.349227,1,-1.939056,9.704593,0.871849,0.423815,9.718200,0
2019-05-15,sh.601992,3.5700,3.6300,3.5700,3.6200,3.5400,29958804,107935829.0000,0.359470,1,2.259885,9.923906,0.891552,0.433393,9.937821,0
2019-05-16,sh.601992,3.6200,3.6900,3.6200,3.6800,3.6200,37108272,135919621.0000,0.445255,1,1.657464,10.088391,0.906329,0.440576,10.102536,0
2019-05-17,sh.601992,3.6800,3.6900,3.5500,3.5700,3.6800,31486174,113760756.0000,0.377797,1,-2.989134,9.786835,0.879237,0.427406,9.800558,0
2019-05-20,sh.601992,3.5600,3.5800,3.5000,3.5500,3.5700,20972620,74169909.0000,0.251647,1,-0.560223,9.732007,0.874312,0.425012,9.745653,0
2019-05-21,sh.601992,3.5500,3.6200,3.5400,3.6000,3.5500,26640186,95577529.0000,0.319651,1,1.408449,9.869078,0.886626,0.430998,9.882916,0
2019-05-22,sh.601992,3.5800,3.6200,3.5500,3.5600,3.6000,19863650,71017547.0000,0.238340,1,-1.111110,9.759421,0.876775,0.426209,9.773105,0
2019-05-23,sh.601992,3.5500,3.5600,3.4800,3.4900,3.5600,22863766,80572435.0000,0.274338,1,-1.966290,9.567523,0.859535,0.417829,9.580938,0
2019-05-24,sh.601992,3.4800,3.5200,3.4600,3.4900,3.4900,19852338,69431493.0000,0.238204,1,0.000000,9.567523,0.859535,0.417829,9.580938,0
2019-05-27,sh.601992,3.5200,3.6100,3.4800,3.6100,3.4900,29318624,104525744.0000,0.351789,1,3.438392,9.896492,0.889089,0.432195,9.910368,0
2019-05-28,sh.601992,3.6100,3.6400,3.5400,3.6000,3.6100,29007814,104425065.0000,0.348059,1,-0.277008,9.869078,0.886626,0.430998,9.882916,0
2019-05-29,sh.601992,3.5800,3.6800,3.5700,3.6400,3.6000,37144717,135387250.0000,0.445692,1,1.111117,9.978734,0.896477,0.435787,9.992726,0
2019-05-30,sh.601992,3.6100,3.6700,3.5900,3.6600,3.6400,29816978,108185396.0000,0.357768,1,0.549450,10.033562,0.901403,0.438181,10.047631,0
2019-05-31,sh.601992,3.6500,3.6800,3.6300,3.6500,3.6600,27674003,101302142.0000,0.332055,1,-0.273224,10.006148,0.898940,0.436984,10.020178,0
2019-06-03,sh.601992,3.6800,3.8400,3.6700,3.7600,3.6500,73920302,278996800.0000,0.886956,1,3.013695,10.307703,0.926032,0.450154,10.322156,0
2019-06-04,sh.601992,3.7500,3.7600,3.6500,3.6700,3.7600,32137815,118706321.0000,0.385616,1,-2.393615,10.060976,0.903866,0.439379,10.075083,0
2019-06-05,sh.601992,3.6900,3.7200,3.6200,3.6300,3.6700,24903798,91196509.0000,0.298816,1,-1.089917,9.951320,0.894014,0.434590,9.965273,0
2019-06-06,sh.601992,3.6500,3.6800,3.6000,3.6000,3.6300,18842992,68364724.0000,0.226094,1,-0.826452,9.869078,0.886626,0.430998,9.882916,0
2019-06-10,sh.601992,3.5800,3.6200,3.5300,3.6000,3.6000,25659982,91730406.0000,0.307889,1,0.000000,9.869078,0.886626,0.430998,9.882916,0
2019-06-11,sh.601992,3.6000,3.7500,3.6000,3.7300,3.6000,53056002,196322979.0000,0.636609,1,3.611114,10.225461,0.918643,0.446562,10.239799,0
2019-06-12,sh.601992,3.7400,3.7400,3.6800,3.6800,3.7300,29880215,110845306.0000,0.358527,1,-1.340481,10.088391,0.906329,0.440576,10.102536,0
2019-06-13,sh.601992,3.6800,3.7200,3.6500,3.6900,3.6800,19468551,71780937.0000,0.233599,1,0.271739,10.115805,0.908792,0.441773,10.129988,0
2019-06-14,sh.601992,3.6900,3.7000,3.6200,3.6300,3.6900,18068699,66058783.0000,0.216803,1,-1.626015,9.951320,0.894014,0.434590,9.965273,0
2019-06-17,sh.601992,3.6400,3.6600,3.6100,3.6300,3.6300,12791983,46479312.0000,0.153489,1,0.000000,9.951320,0.894014,0.434590,9.965273,0
2019-06-18,sh.601992,3.6400,3.6500,3.5900,3.6100,3.6300,14543726,52460571.0000,0.174507,1,-0.550970,9.896492,0.889089,0.432195,9.910368,0
2019-06-19,sh.601992,3.6700,3.7000,3.6300,3.6400,3.6100,22878519,83775687.0000,0.274515,1,0.831031,9.978734,0.896477,0.435787,9.992726,0
2019-06-20,sh.601992,3.6700,3.7600,3.6500,3.7400,3.6400,45196177,167895790.0000,0.542300,1,2.747250,10.252875,0.921106,0.447759,10.267251,0
2019-06-21,sh.601992,3.7600,3.8000,3.7300,3.7700,3.7400,43564269,164228701.0000,0.522719,1,0.802138,10.335117,0.928494,0.451351,10.349609,0
2019-06-24,sh.601992,3.7500,3.7800,3.7300,3.7600,3.7700,19538531,73325704.0000,0.234439,1,-0.265252,10.307703,0.926032,0.450154,10.322156,0
2019-06-25,sh.601992,3.7600,3.7600,3.6800,3.7400,3.7600,23767448,88283759.0000,0.285181,1,-0.531914,10.252875,0.921106,0.447759,10.267251,0
2019-06-26,sh.601992,3.7200,3.7400,3.7000,3.7200,3.7400,15582022,58091172.0000,0.186966,1,-0.534759,10.198047,0.916180,0.445365,10.212346,0
2019-06-27,sh.601992,3.7300,3.7600,3.7300,3.7300,3.7200,20365702,76265767.0000,0.244364,1,0.268817,10.225461,0.918643,0.446562,10.239799,0
2019-06-28,sh.601992,3.7400,3.8000,3.7300,3.7600,3.7300,32929297,123849110.0000,0.395112,1,0.804289,10.307703,0.926032,0.450154,10.322156,0
2019-07-01,sh.601992,3.8200,3.8400,3.7800,3.8200,3.7600,39221605,149407633.0000,0.470613,1,1.595743,10.472188,0.940809,0.457337,10.486871,0
2019-07-02,sh.601992,3.8300,3.8500,3.8000,3.8200,3.8200,31019862,118499216.0000,0.372201,1,0.000000,10.472188,0.940809,0.457337,10.486871,0
2019-07-03,sh.601992,3.8000,3.8200,3.7800,3.7900,3.8200,26360713,100143375.0000,0.316297,1,-0.785340,10.389946,0.933420,0.453745,10.404514,0
2019-07-04,sh.601992,3.7600,3.7800,3.7200,3.7500,3.7400,27431466,102970815.0000,0.329145,1,0.267379,10.280289,0.923569,0.448956,10.294704,0
2019-07-05,sh.601992,3.7500,3.7500,3.7200,3.7400,3.7500,15157600,56623983.0000,0.181873,1,-0.266666,10.252875,0.921106,0.447759,10.267251,0
2019-07-08,sh.601992,3.7400,3.7400,3.5700,3.6100,3.7400,33208867,121065781.0000,0.398467,1,-3.475939,9.896492,0.889089,0.432195,9.910368,0
2019-07-09,sh.601992,3.6100,3.6500,3.5400,3.5800,3.6100,26397444,94679743.0000,0.316738,1,-0.831024,9.814249,0.881700,0.428604,9.828010,0
2019-07-10,sh.601992,3.6000,3.6200,3.5300,3.5600,3.5800,20427316,72821294.0000,0.245104,1,-0.558659,9.759421,0.876775,0.426209,9.773105,0
2019-07-11,sh.601992,3.5700,3.6100,3.5400,3.5500,3.5600,18713652,66802217.0000,0.224542,1,-0.280899,9.732007,0.874312,0.425012,9.745653,0
2019-07-12,sh.601992,3.5600,3.6000,3.5300,3.5800,3.5500,16217746,58060935.0000,0.194594,1,0.845070,9.814249,0.881700,0.428604,9.828010,0
2019-07-15,sh.601992,3.5900,3.6500,3.5600,3.6400,3.5800,21004113,75890327.0000,0.252024,1,1.675983,9.978734,0.896477,0.435787,9.992726,0
2019-07-16,sh.601992,3.6300,3.6600,3.6200,3.6600,3.6400,17489632,63808308.0000,0.209855,1,0.549450,10.033562,0.901403,0.438181,10.047631,0
2019-07-17,sh.601992,3.6600,3.6800,3.6300,3.6600,3.6600,21368843,78286160.0000,0.256401,1,0.000000,10.033562,0.901403,0.438181,10.047631,0
2019-07-18,sh.601992,3.6600,3.6600,3.5500,3.5800,3.6600,28338900,101811134.0000,0.340033,1,-2.185797,9.814249,0.881700,0.428604,9.828010,0
2019-07-19,sh.601992,3.5800,3.6400,3.5800,3.6000,3.5800,17765213,64201673.0000,0.213161,1,0.558659,9.869078,0.886626,0.430998,9.882916,0
2019-07-22,sh.601992,3.6100,3.6200,3.5300,3.5400,3.6000,22705186,80712475.0000,0.272435,1,-1.666665,9.704593,0.871849,0.423815,9.718200,0
2019-07-23,sh.601992,3.5400,3.5600,3.5300,3.5400,3.5400,16487006,58382573.0000,0.197824,1,0.000000,9.704593,0.871849,0.423815,9.718200,0
2019-07-24,sh.601992,3.5500,3.6000,3.5300,3.5600,3.5400,20825525,74139199.0000,0.249882,1,0.564971,9.759421,0.876775,0.426209,9.773105,0
2019-07-25,sh.601992,3.5600,3.5600,3.5300,3.5500,3.5600,14943900,52923780.0000,0.179309,1,-0.280899,9.732007,0.874312,0.425012,9.745653,0
2019-07-26,sh.601992,3.5400,3.5500,3.5200,3.5400,3.5500,15654736,55257265.0000,0.187800,1,-0.281700,9.704593,0.871849,0.423815,9.718200,0
2019-07-29,sh.601992,3.5300,3.5500,3.5200,3.5300,3.5400,14162314,50013255.0000,0.169931,1,-0.282486,9.677179,0.869386,0.422618,9.690748,0
2019-07-30,sh.601992,3.5400,3.5600,3.5300,3.5500,3.5300,17404700,61820172.0000,0.208800,1,0.566600,9.732007,0.874312,0.425012,9.745653,0
2019-07-31,sh.601992,3.5600,3.5600,3.4900,3.4900,3.5500,22664012,79516081.0000,0.271900,1,-1.690100,9.567523,0.859535,0.417829,9.580938,0
2019-08-01,sh.601992,3.4900,3.5200,3.4700,3.4900,3.4900,17841556,62345367.0000,0.214100,1,0.000000,9.567523,0.859535,0.417829,9.580938,0
2019-08-02,sh.601992,3.4500,3.4500,3.3800,3.4000,3.4900,32836189,112071313.0000,0.394000,1,-2.578800,9.320796,0.837369,0.407054,9.333865,0
2019-08-05,sh.601992,3.4000,3.4000,3.3200,3.3200,3.4000,37727255,126341133.0000,0.452700,1,-2.352900,9.101483,0.817666,0.397476,9.114244,0
2019-08-06,sh.601992,3.2600,3.2600,3.1300,3.1900,3.3200,39761262,127221802.0000,0.477100,1,-3.915700,8.745099,0.785649,0.381912,8.757361,0
2019-08-07,sh.601992,3.2000,3.2600,3.2000,3.2500,3.1900,23942503,77638606.0000,0.287300,1,1.880900,8.909584,0.800426,0.389096,8.922077,0
2019-08-08,sh.601992,3.2600,3.2700,3.2300,3.2600,3.2500,12880887,41893077.0000,0.154600,1,0.307700,8.936998,0.802889,0.390293,8.949529,0
2019-08-09,sh.601992,3.2700,3.2800,3.1900,3.2000,3.2600,17725830,57090869.0000,0.212700,1,-1.840500,8.772514,0.788112,0.383109,8.784814,0
2019-08-12,sh.601992,3.2000,3.2500,3.1900,3.2500,3.2000,16140473,51997356.0000,0.193700,1,1.562500,8.909584,0.800426,0.389096,8.922077,0
2019-08-13,sh.601992,3.2500,3.2500,3.2000,3.2300,3.2500,13713302,44159744.0000,0.164500,1,-0.615400,8.854756,0.795500,0.386701,8.867171,0
2019-08-14,sh.601992,3.2600,3.2700,3.2300,3.2300,3.2300,12720432,41416276.0000,0.152600,1,0.000000,8.854756,0.795500,0.386701,8.867171,0
2019-08-15,sh.601992,3.1800,3.2500,3.1400,3.2400,3.2300,14003589,44843762.0000,0.168000,1,0.309600,8.882170,0.797963,0.387898,8.894624,0
2019-08-16,sh.601992,3.2400,3.2700,3.2200,3.2300,3.2400,18037933,58531093.0000,0.216400,1,-0.308600,8.854756,0.795500,0.386701,8.867171,0
2019-08-19,sh.601992,3.2600,3.3100,3.2400,3.3100,3.2300,27134557,89011994.0000,0.325600,1,2.476800,9.074069,0.815203,0.396279,9.086792,0
2019-08-20,sh.601992,3.3100,3.3400,3.2900,3.3300,3.3100,23699687,78786020.0000,0.284400,1,0.604200,9.128897,0.820129,0.398673,9.141697,0
2019-08-21,sh.601992,3.3300,3.3400,3.3000,3.3200,3.3300,20521200,68179887.0000,0.246200,1,-0.300300,9.101483,0.817666,0.397476,9.114244,0
2019-08-22,sh.601992,3.3200,3.3300,3.3000,3.3200,3.3200,13582662,44986576.0000,0.163000,1,0.000000,9.101483,0.817666,0.397476,9.114244,0
2019-08-23,sh.601992,3.3200,3.3500,3.2900,3.3200,3.3200,21444447,71126269.0000,0.257300,1,0.000000,9.101483,0.817666,0.397476,9.114244,0
2019-08-26,sh.601992,3.2500,3.2800,3.2300,3.2700,3.3200,18708294,60947132.0000,0.224500,1,-1.506000,8.964412,0.805352,0.391490,8.976982,0
2019-08-27,sh.601992,3.2800,3.3500,3.2700,3.3200,3.2700,31060037,103195381.0000,0.372700,1,1.529100,9.101483,0.817666,0.397476,9.114244,0
2019-08-28,sh.601992,3.3500,3.4000,3.3400,3.3600,3.3200,29263463,98671241.0000,0.351100,1,1.204800,9.209188,0.794670,0.388441,8.935000,0
2019-08-29,sh.601992,3.3700,3.3800,3.3300,3.3600,3.3600,20832179,69994869.0000,0.250000,1,0.000000,9.209188,0.794670,0.388441,8.935000,0
2019-08-30,sh.601992,3.3800,3.4000,3.3400,3.3700,3.3600,28103325,94827493.0000,0.337200,1,0.297600,9.236596,0.797035,0.389597,8.961593,0
2019-09-02,sh.601992,3.3600,3.4200,3.3400,3.4100,3.3700,32851974,111445860.0000,0.394200,1,1.186900,9.346229,0.806496,0.394221,9.067962,0
2019-09-03,sh.601992,3.4100,3.4600,3.3900,3.4500,3.4100,34450893,118476120.0000,0.413400,1,1.173000,9.455862,0.815956,0.398845,9.174331,0
2019-09-04,sh.601992,3.4400,3.5300,3.4300,3.5200,3.4500,45032248,157712978.0000,0.540300,1,2.029000,9.647720,0.832512,0.406938,9.360477,0
2019-09-05,sh.601992,3.5600,3.5800,3.5100,3.5200,3.5200,46738880,165786421.0000,0.560800,1,0.000000,9.647720,0.832512,0.406938,9.360477,0
2019-09-06,sh.601992,3.5300,3.5500,3.4900,3.5200,3.5200,28501823,99982162.0000,0.342000,1,0.000000,9.647720,0.832512,0.406938,9.360477,0
2019-09-09,sh.601992,3.5400,3.5700,3.5300,3.5600,3.5200,27049821,95969634.0000,0.324600,1,1.136400,9.757353,0.841972,0.411562,9.466846,0
2019-09-10,sh.601992,3.5600,3.5600,3.5100,3.5500,3.5600,23478617,83031952.0000,0.281700,1,-0.280900,9.729945,0.839607,0.410406,9.440253,0
2019-09-11,sh.601992,3.5500,3.5700,3.5100,3.5300,3.5500,18911413,66951278.0000,0.226900,1,-0.563400,9.675129,0.834877,0.408094,9.387069,0
2019-09-12,sh.601992,3.5500,3.5600,3.5200,3.5500,3.5300,21058259,74694827.0000,0.252700,1,0.566600,9.729945,0.839607,0.410406,9.440253,0
2019-09-16,sh.601992,3.5600,3.5700,3.5400,3.5600,3.5500,22096484,78480885.0000,0.265100,1,0.281700,9.757353,0.841972,0.411562,9.466846,0
2019-09-17,sh.601992,3.5600,3.5600,3.4400,3.4600,3.5600,28406119,99093491.0000,0.340800,1,-2.809000,9.483271,0.818321,0.400001,9.200923,0
2019-09-18,sh.601992,3.4700,3.5000,3.4600,3.4800,3.4600,15986788,55774839.0000,0.191800,1,0.578000,9.538087,0.823051,0.402313,9.254107,0
2019-09-19,sh.601992,3.5000,3.5000,3.4600,3.4900,3.4800,17358626,60485323.0000,0.208300,1,0.287400,9.565495,0.825416,0.403469,9.280700,0
2019-09-20,sh.601992,3.5100,3.5100,3.4700,3.4900,3.4900,20080525,70101007.0000,0.240900,1,0.000000,9.565495,0.825416,0.403469,9.280700,0
2019-09-23,sh.601992,3.4800,3.4800,3.4000,3.4200,3.4900,19371572,66355494.0000,0.232400,1,-2.005700,9.373637,0.808861,0.395377,9.094554,0
2019-09-24,sh.601992,3.4400,3.4500,3.4000,3.4100,3.4200,16837382,57722279.0000,0.202000,1,-0.292400,9.346229,0.806496,0.394221,9.067962,0
2019-09-25,sh.601992,3.4100,3.4100,3.3400,3.3600,3.4100,19581103,65994700.0000,0.234900,1,-1.466300,9.209188,0.794670,0.388441,8.935000,0
2019-09-26,sh.601992,3.3600,3.3800,3.2800,3.3100,3.3600,25646032,85292173.0000,0.307700,1,-1.488100,9.072146,0.782845,0.382660,8.802039,0
2019-09-27,sh.601992,3.3100,3.3400,3.2900,3.3100,3.3100,14428722,47879631.0000,0.173100,1,0.000000,9.072146,0.782845,0.382660,8.802039,0
2019-09-30,sh.601992,3.3100,3.3500,3.3000,3.3200,3.3100,17204200,57242407.0000,0.206400,1,0.302100,9.099554,0.785210,0.383816,8.828631,0
2019-10-08,sh.601992,3.3100,3.4100,3.3000,3.3600,3.3200,23533481,79119418.0000,0.282400,1,1.204800,9.209188,0.794670,0.388441,8.935000,0
2019-10-09,sh.601992,3.3400,3.4100,3.3300,3.4000,3.3600,18261254,61570315.0000,0.219100,1,1.190500,9.318821,0.804131,0.393065,9.041369,0
2019-10-10,sh.601992,3.4000,3.5500,3.3800,3.5100,3.4000,46204517,161121863.0000,0.554400,1,3.235300,9.620312,0.830147,0.405782,9.333884,0
2019-10-11,sh.601992,3.5400,3.6600,3.5200,3.5600,3.5100,70973780,254714263.0000,0.851600,1,1.424500,9.757353,0.841972,0.411562,9.466846,0
2019-10-14,sh.601992,3.6000,3.6300,3.5600,3.5900,3.5600,43443934,155924456.0000,0.521300,1,0.842700,9.839578,0.849067,0.415030,9.546622,0
2019-10-15,sh.601992,3.5700,3.5900,3.5400,3.5600,3.5900,29625795,105739713.0000,0.355500,1,-0.835700,9.757353,0.841972,0.411562,9.466846,0
2019-10-16,sh.601992,3.5900,3.6300,3.5400,3.5500,3.5600,25508202,91335733.0000,0.306100,1,-0.280900,9.729945,0.839607,0.410406,9.440253,0
2019-10-17,sh.601992,3.5600,3.5800,3.5300,3.5400,3.5500,22974916,81633643.0000,0.275700,1,-0.281700,9.702537,0.837242,0.409250,9.413661,0
2019-10-18,sh.601992,3.5500,3.5600,3.4200,3.4400,3.5400,25477996,88727830.0000,0.305700,1,-2.824900,9.428454,0.813591,0.397689,9.147738,0
2019-10-21,sh.601992,3.4700,3.4900,3.4300,3.4600,3.4400,24589987,84955046.0000,0.295100,1,0.581400,9.483271,0.818321,0.400001,9.200923,0
2019-10-22,sh.601992,3.4600,3.4900,3.4400,3.4800,3.4600,18301339,63505113.0000,0.219600,1,0.578000,9.538087,0.823051,0.402313,9.254107,0
2019-10-23,sh.601992,3.4800,3.4900,3.4300,3.4400,3.4800,15164654,52329194.0000,0.182000,1,-1.149400,9.428454,0.813591,0.397689,9.147738,0
2019-10-24,sh.601992,3.4600,3.4700,3.3900,3.4200,3.4400,15624586,53532386.0000,0.187500,1,-0.581400,9.373637,0.808861,0.395377,9.094554,0
2019-10-25,sh.601992,3.4300,3.4500,3.3900,3.4500,3.4200,15499941,53145183.0000,0.186000,1,0.877200,9.455862,0.815956,0.398845,9.174331,0
2019-10-28,sh.601992,3.4300,3.4800,3.4200,3.4700,3.4500,24418067,84442823.0000,0.293000,1,0.579700,9.510679,0.820686,0.401157,9.227515,0
2019-10-29,sh.601992,3.4800,3.4800,3.3800,3.3900,3.4700,27855310,95121215.0000,0.334200,1,-2.305500,9.291412,0.801766,0.391909,9.014777,0
2019-10-30,sh.601992,3.3900,3.3900,3.2900,3.3300,3.3900,32077200,106878971.0000,0.384900,1,-1.769900,9.179589,0.779371,0.376598,-26.624359,0
2019-10-31,sh.601992,3.3300,3.3400,3.2400,3.2600,3.3300,35868802,117842945.0000,0.430400,1,-2.102100,8.986625,0.762988,0.368682,-26.064688,0
2019-11-01,sh.601992,3.2400,3.3200,3.2300,3.3000,3.2600,26940033,88495000.0000,0.323200,1,1.227000,9.096890,0.772350,0.373206,-26.384500,0
2019-11-04,sh.601992,3.3000,3.3600,3.3000,3.3000,3.3000,34969594,116479148.0000,0.419600,1,0.000000,9.096890,0.772350,0.373206,-26.384500,0
2019-11-05,sh.601992,3.3200,3.4100,3.2900,3.3800,3.3000,41476246,139191011.0000,0.497700,1,2.424200,9.317421,0.791073,0.382253,-27.024125,0
2019-11-06,sh.601992,3.3600,3.3600,3.2900,3.3200,3.3800,27620168,91834372.0000,0.331400,1,-1.775200,9.152023,0.777030,0.375467,-26.544406,0
2019-11-07,sh.601992,3.3000,3.3400,3.2900,3.3100,3.3200,26471550,87551483.0000,0.317600,1,-0.301200,9.124456,0.774690,0.374336,-26.464453,0
2019-11-08,sh.601992,3.3300,3.3400,3.2700,3.2700,3.3100,27201462,89543795.0000,0.326400,1,-1.208500,9.014191,0.765328,0.369813,-26.144641,0
2019-11-11,sh.601992,3.2700,3.2700,3.1800,3.1800,3.2700,32595861,104537149.0000,0.391100,1,-2.752300,8.766094,0.744264,0.359634,-25.425064,0
2019-11-12,sh.601992,3.1900,3.2100,3.1600,3.2000,3.1800,19665476,62581429.0000,0.236000,1,0.628900,8.821227,0.748945,0.361896,-25.584970,0
2019-11-13,sh.601992,3.2000,3.2000,3.1800,3.2000,3.2000,15093649,48115287.0000,0.181100,1,0.000000,8.821227,0.748945,0.361896,-25.584970,0
2019-11-14,sh.601992,3.2100,3.2400,3.1900,3.2000,3.2000,23740991,76286072.0000,0.284900,1,0.000000,8.821227,0.748945,0.361896,-25.584970,0
2019-11-15,sh.601992,3.2000,3.2000,3.1400,3.1500,3.2000,23345116,73889155.0000,0.280100,1,-1.562500,8.683395,0.737243,0.356242,-25.185205,0
2019-11-18,sh.601992,3.1300,3.1600,3.1200,3.1400,3.1500,19473178,61117251.0000,0.233700,1,-0.317500,8.655829,0.734902,0.355111,-25.105252,0
2019-11-19,sh.601992,3.1400,3.2200,3.1300,3.2200,3.1400,27342944,87197780.0000,0.328100,1,2.547800,8.876359,0.753626,0.364158,-25.744876,0
2019-11-20,sh.601992,3.2100,3.2200,3.1700,3.1700,3.2200,14452768,46140459.0000,0.173400,1,-1.552800,8.738528,0.741924,0.358503,-25.345111,0
2019-11-21,sh.601992,3.1600,3.2000,3.1500,3.1800,3.1700,13776901,43771084.0000,0.165300,1,0.315500,8.766094,0.744264,0.359634,-25.425064,0
2019-11-22,sh.601992,3.1900,3.2400,3.1700,3.2000,3.1800,21144606,67719645.0000,0.253700,1,0.628900,8.821227,0.748945,0.361896,-25.584970,0
2019-11-25,sh.601992,3.1900,3.3300,3.1900,3.3300,3.2000,54832555,180042766.0000,0.657900,1,4.062500,9.179589,0.779371,0.376598,-26.624359,0
2019-11-26,sh.601992,3.3200,3.3300,3.2800,3.3100,3.3300,39520596,130393924.0000,0.474200,1,-0.600600,9.124456,0.774690,0.374336,-26.464453,0
2019-11-27,sh.601992,3.3200,3.3300,3.2700,3.2800,3.3100,28054568,92674459.0000,0.336600,1,-0.906300,9.041757,0.767669,0.370944,-26.224594,0
2019-11-28,sh.601992,3.2900,3.3400,3.2700,3.2800,3.2800,23187146,76488801.0000,0.278200,1,0.000000,9.041757,0.767669,0.370944,-26.224594,0
2019-11-29,sh.601992,3.2800,3.3000,3.2500,3.2700,3.2800,16619414,54328954.0000,0.199400,1,-0.304900,9.014191,0.765328,0.369813,-26.144641,0
2019-12-02,sh.601992,3.2800,3.3200,3.2700,3.2900,3.2700,20516253,67629238.0000,0.246200,1,0.611600,9.069324,0.770009,0.372075,-26.304547,0
2019-12-03,sh.601992,3.2600,3.2800,3.2400,3.2700,3.2900,21817028,71071946.0000,0.261800,1,-0.607900,9.014191,0.765328,0.369813,-26.144641,0
2019-12-04,sh.601992,3.2500,3.2800,3.2400,3.2500,3.2700,16539543,53849409.0000,0.198500,1,-0.611600,8.959058,0.760647,0.367551,-25.984735,0
2019-12-05,sh.601992,3.2600,3.2800,3.2400,3.2600,3.2500,15931112,51968549.0000,0.191200,1,0.307700,8.986625,0.762988,0.368682,-26.064688,0
2019-12-06,sh.601992,3.2700,3.2800,3.2500,3.2700,3.2600,14397237,46953891.0000,0.172700,1,0.306700,9.014191,0.765328,0.369813,-26.144641,0
2019-12-09,sh.601992,3.2800,3.3300,3.2800,3.3100,3.2700,32927330,108858273.0000,0.395100,1,1.223200,9.124456,0.774690,0.374336,-26.464453,0
2019-12-10,sh.601992,3.3000,3.3200,3.2800,3.3000,3.3100,20726195,68318837.0000,0.248700,1,-0.302100,9.096890,0.772350,0.373206,-26.384500,0
2019-12-11,sh.601992,3.3100,3.3200,3.2800,3.3000,3.3000,20962758,69163406.0000,0.251500,1,0.000000,9.096890,0.772350,0.373206,-26.384500,0
2019-12-12,sh.601992,3.3000,3.3000,3.2300,3.2500,3.3000,28122299,91552121.0000,0.337400,1,-1.515200,8.959058,0.760647,0.367551,-25.984735,0
2019-12-13,sh.601992,3.2600,3.3000,3.2600,3.3000,3.2500,27146114,89015861.0000,0.325700,1,1.538500,9.096890,0.772350,0.373206,-26.384500,0
2019-12-16,sh.601992,3.3000,3.3300,3.2800,3.3200,3.3000,35334238,116932270.0000,0.424000,1,0.606100,9.152023,0.777030,0.375467,-26.544406,0
2019-12-17,sh.601992,3.3300,3.3900,3.3100,3.3700,3.3200,45474826,152563917.0000,0.545600,1,1.506000,9.289854,0.788733,0.381122,-26.944172,0
2019-12-18,sh.601992,3.3700,3.4200,3.3400,3.3600,3.3700,34145221,115342000.0000,0.409700,1,-0.296700,9.262288,0.786392,0.379991,-26.864219,0
2019-12-19,sh.601992,3.3700,3.4100,3.3600,3.4100,3.3600,30970428,104990922.0000,0.371600,1,1.488100,9.400120,0.798094,0.385646,-27.263984,0
2019-12-20,sh.601992,3.4100,3.4200,3.3600,3.3700,3.4100,22952295,77645735.0000,0.275400,1,-1.173000,9.289854,0.788733,0.381122,-26.944172,0
2019-12-23,sh.601992,3.3800,3.3900,3.3200,3.3200,3.3700,32349913,108714931.0000,0.388200,1,-1.483700,9.152023,0.777030,0.375467,-26.544406,0
2019-12-24,sh.601992,3.3200,3.4300,3.3200,3.4300,3.3200,42565834,144117724.0000,0.510700,1,3.313300,9.455252,0.802775,0.387908,-27.423890,0
2019-12-25,sh.601992,3.4200,3.4400,3.3900,3.4200,3.4300,24706695,84500109.0000,0.296500,1,-0.291500,9.427686,0.800435,0.386777,-27.343937,0
2019-12-26,sh.601992,3.4200,3.5700,3.4100,3.5400,3.4200,76388223,268359696.0000,0.916600,1,3.508800,9.758482,0.828520,0.400348,-28.303373,0
2019-12-27,sh.601992,3.5400,3.5800,3.5000,3.5100,3.5400,45809251,161839654.0000,0.549700,1,-0.847500,9.675783,0.821499,0.396955,-28.063514,0
2019-12-30,sh.601992,3.5500,3.6300,3.5400,3.6100,3.5100,65703410,235934634.0000,0.788400,1,2.849000,9.951446,0.844904,0.408264,-28.863044,0
2019-12-31,sh.601992,3.5900,3.7600,3.5700,3.7300,3.6100,84376876,310602947.0000,1.012400,1,3.324100,10.282242,0.872989,0.421835,-29.822481,0
2020-01-02,sh.601992,3.7500,3.8600,3.7500,3.7900,3.7300,90828370,346212822.0000,1.089800,1,1.608600,10.447640,0.887032,0.428621,-30.302199,0
2020-01-03,sh.601992,3.8000,3.8000,3.7200,3.7700,3.7900,50142237,188314717.0000,0.601600,1,-0.527700,10.392508,0.882351,0.426359,-30.142293,0
2020-01-06,sh.601992,3.7300,3.8100,3.7000,3.7600,3.7700,56401897,212409999.0000,0.676800,1,-0.265300,10.364941,0.880010,0.425228,-30.062340,0
2020-01-07,sh.601992,3.7700,3.8400,3.7400,3.7700,3.7600,44947876,169831338.0000,0.539300,1,0.266000,10.392508,0.882351,0.426359,-30.142293,0
2020-01-08,sh.601992,3.7200,3.7500,3.6500,3.6500,3.7700,56018700,206261799.0000,0.672200,1,-3.183000,10.061712,0.854265,0.412788,-29.182856,0
2020-01-09,sh.601992,3.6900,3.7100,3.6500,3.6700,3.6500,27990195,102677330.0000,0.335800,1,0.547900,10.116844,0.858946,0.415050,-29.342763,0
2020-01-10,sh.601992,3.6700,3.7000,3.6000,3.6400,3.6700,30771338,111838560.0000,0.369200,1,-0.817400,10.034145,0.851925,0.411657,-29.102903,0
2020-01-13,sh.601992,3.6500,3.6800,3.5900,3.6800,3.6400,32615118,118756693.0000,0.391300,1,1.098900,10.144411,0.861287,0.416181,-29.422716,0
2020-01-14,sh.601992,3.6700,3.7000,3.6400,3.6600,3.6800,35949939,132079118.0000,0.431400,1,-0.543500,10.089278,0.856606,0.413919,-29.262810,0
2020-01-15,sh.601992,3.6600,3.6600,3.6000,3.6200,3.6600,19593316,70924482.0000,0.235100,1,-1.092900,9.979013,0.847244,0.409395,-28.942997,0
2020-01-16,sh.601992,3.6200,3.6300,3.5800,3.5900,3.6200,19098310,68790247.0000,0.229200,1,-0.828700,9.896314,0.840223,0.406002,-28.703138,0
2020-01-17,sh.601992,3.5800,3.6200,3.5500,3.5800,3.5900,18533645,66455744.0000,0.222400,1,-0.278600,9.868747,0.837882,0.404871,-28.623185,0
2020-01-20,sh.601992,3.5700,3.6100,3.5400,3.6100,3.5800,24445402,87648400.0000,0.293300,1,0.838000,9.951446,0.844904,0.408264,-28.863044,0
2020-01-21,sh.601992,3.6000,3.6000,3.5000,3.5100,3.6100,26498046,93728785.0000,0.317900,1,-2.770100,9.675783,0.821499,0.396955,-28.063514,0
2020-01-22,sh.601992,3.5000,3.5100,3.4200,3.5100,3.5100,24028469,83500460.0000,0.288300,1,0.000000,9.675783,0.821499,0.396955,-28.063514,0
2020-01-23,sh.601992,3.4800,3.4900,3.3300,3.4000,3.5100,35618699,121349799.0000,0.427400,1,-3.133900,9.372553,0.795754,0.384515,-27.184031,0
2020-02-03,sh.601992,3.0600,3.0600,3.0600,3.0600,3.4000,17960100,54957906.0000,0.215500,1,-10.000000,8.435298,0.716179,0.346063,-24.465628,0
2020-02-04,sh.601992,2.8600,3.1100,2.8600,3.0600,3.0600,68992678,209252005.0000,0.827800,1,0.000000,8.435298,0.716179,0.346063,-24.465628,0
2020-02-05,sh.601992,3.0700,3.2100,3.0500,3.1300,3.0600,42081869,131879167.0000,0.504900,1,2.287600,8.628262,0.732562,0.353980,-25.025299,0
2020-02-06,sh.601992,3.1400,3.1900,3.0900,3.1700,3.1300,35962818,112922385.0000,0.431500,1,1.278000,8.738528,0.741924,0.358503,-25.345111,0
2020-02-07,sh.601992,3.1500,3.1700,3.1100,3.1600,3.1700,31583337,98974406.0000,0.379000,1,-0.315500,8.710961,0.739583,0.357373,-25.265158,0
2020-02-10,sh.601992,3.1300,3.2900,3.1100,3.2700,3.1600,56465510,182377768.0000,0.677500,1,3.481000,9.014191,0.765328,0.369813,-26.144641,0
2020-02-11,sh.601992,3.2500,3.2900,3.2400,3.2500,3.2700,40983038,133618673.0000,0.491700,1,-0.611600,8.959058,0.760647,0.367551,-25.984735,0
2020-02-12,sh.601992,3.2400,3.2700,3.2100,3.2600,3.2500,31997816,103723488.0000,0.383900,1,0.307700,8.986625,0.762988,0.368682,-26.064688,0
2020-02-13,sh.601992,3.2600,3.3400,3.2200,3.2500,3.2600,40371598,132199616.0000,0.484400,1,-0.306700,8.959058,0.760647,0.367551,-25.984735,0
2020-02-14,sh.601992,3.2400,3.3000,3.2300,3.2700,3.2500,34700813,113215083.0000,0.416400,1,0.615400,9.014191,0.765328,0.369813,-26.144641,0
2020-02-17,sh.601992,3.2800,3.3600,3.2700,3.3500,3.2700,46821895,155687155.0000,0.561800,1,2.446500,9.234722,0.784052,0.378860,-26.784266,0
2020-02-18,sh.601992,3.3600,3.3700,3.3100,3.3300,3.3500,36806145,122655898.0000,0.441600,1,-0.597000,9.179589,0.779371,0.376598,-26.624359,0
2020-02-19,sh.601992,3.3300,3.4100,3.3100,3.3500,3.3300,45331996,152913843.0000,0.543900,1,0.600600,9.234722,0.784052,0.378860,-26.784266,0
2020-02-20,sh.601992,3.3500,3.4000,3.3200,3.3800,3.3500,33198095,111439673.0000,0.398300,1,0.895500,9.317421,0.791073,0.382253,-27.024125,0
2020-02-21,sh.601992,3.3800,3.3900,3.3500,3.3800,3.3800,40119128,135138085.0000,0.481400,1,0.000000,9.317421,0.791073,0.382253,-27.024125,0
2020-02-24,sh.601992,3.3600,3.4500,3.3600,3.4000,3.3800,50176250,170854238.0000,0.602100,1,0.591700,9.372553,0.795754,0.384515,-27.184031,0
2020-02-25,sh.601992,3.3400,3.3500,3.2400,3.3200,3.4000,64925681,214751053.0000,0.779000,1,-2.352900,9.152023,0.777030,0.375467,-26.544406,0
2020-02-26,sh.601992,3.2900,3.6500,3.2600,3.5200,3.3200,140288450,486460603.0000,1.683300,1,6.024100,9.703349,0.823839,0.398086,-28.143467,0
2020-02-27,sh.601992,3.5400,3.6200,3.4500,3.4700,3.5200,111593611,394570960.0000,1.339000,1,-1.420500,9.565518,0.812137,0.392431,-27.743702,0
2020-02-28,sh.601992,3.3500,3.4800,3.3100,3.3700,3.4700,70353660,238481199.0000,0.844200,1,-2.881800,9.289854,0.788733,0.381122,-26.944172,0
2020-03-02,sh.601992,3.4100,3.7100,3.4100,3.7100,3.3700,189647189,692938802.0000,2.275500,1,10.089000,10.227110,0.868308,0.419573,-29.662575,0
2020-03-03,sh.601992,3.8900,3.8900,3.6500,3.7900,3.7100,251752283,946374360.0000,3.020700,1,2.156300,10.447640,0.887032,0.428621,-30.302199,0
2020-03-04,sh.601992,3.7000,3.8500,3.6800,3.8100,3.7900,134812759,509116096.0000,1.617600,1,0.527700,10.502773,0.891713,0.430883,-30.462105,0
2020-03-05,sh.601992,3.8500,3.8500,3.7500,3.8200,3.8100,124023149,472267506.0000,1.488100,1,0.262500,10.530339,0.894053,0.432014,-30.542058,0
2020-03-06,sh.601992,3.7600,3.7900,3.6800,3.7000,3.8200,76246709,283413484.0000,0.914900,1,-3.141400,10.199543,0.865968,0.418443,-29.582622,0
2020-03-09,sh.601992,3.6200,3.6600,3.5100,3.5300,3.7000,79827504,284716882.0000,0.957800,1,-4.594600,9.730916,0.826180,0.399217,-28.223420,0
2020-03-10,sh.601992,3.4300,3.6200,3.4300,3.5900,3.5300,70671414,250326791.0000,0.848000,1,1.699700,9.896314,0.840223,0.406002,-28.703138,0
2020-03-11,sh.601992,3.5600,3.5900,3.5100,3.5100,3.5900,48324952,171549073.0000,0.579800,1,-2.228400,9.675783,0.821499,0.396955,-28.063514,0
2020-03-12,sh.601992,3.4800,3.5300,3.4400,3.4600,3.5100,45069413,156506456.0000,0.540800,1,-1.424500,9.537951,0.809797,0.391300,-27.663749,0
2020-03-13,sh.601992,3.3000,3.4400,3.2600,3.4200,3.4600,67819185,226868511.0000,0.813700,1,-1.156100,9.427686,0.800435,0.386777,-27.343937,0
2020-03-16,sh.601992,3.4600,3.4900,3.3100,3.3300,3.4200,48074081,163610846.0000,0.576800,1,-2.631600,9.179589,0.779371,0.376598,-26.624359,0
2020-03-17,sh.601992,3.3500,3.4000,3.2100,3.3000,3.3300,37894679,125027623.0000,0.454700,1,-0.900900,9.096890,0.772350,0.373206,-26.384500,0
2020-03-18,sh.601992,3.3100,3.4300,3.2900,3.3000,3.3000,46378285,156212595.0000,0.556500,1,0.000000,9.096890,0.772350,0.373206,-26.384500,0
2020-03-19,sh.601992,3.2900,3.3400,3.2100,3.2900,3.3000,38782812,126645655.0000,0.465300,1,-0.303000,9.069324,0.770009,0.372075,-26.304547,0
2020-03-20,sh.601992,3.3500,3.4200,3.3100,3.4000,3.2900,56634730,190850060.0000,0.679500,1,3.343500,9.372553,0.795754,0.384515,-27.184031,0
2020-03-23,sh.601992,3.3300,3.4500,3.3000,3.3400,3.4000,45658646,154334928.0000,0.547800,1,-1.764700,9.207155,0.781711,0.377729,-26.704313,0
2020-03-24,sh.601992,3.4000,3.4500,3.3400,3.3800,3.3400,55013283,186003868.0000,0.660100,1,1.197600,9.317421,0.791073,0.382253,-27.024125,0
2020-03-25,sh.601992,3.4300,3.4400,3.3600,3.4100,3.3800,48282260,164107054.0000,0.579300,1,0.887600,9.400120,0.798095,0.385646,-27.263984,0
2020-03-26,sh.601992,3.3900,3.3900,3.3000,3.3000,3.4100,50577453,169063309.0000,0.606900,1,-3.225800,9.096890,0.772350,0.373206,-26.384500,0
2020-03-27,sh.601992,3.3400,3.4100,3.3000,3.3400,3.3000,45737032,153774849.0000,0.548800,1,1.212100,9.207155,0.781711,0.377729,-26.704313,0
2020-03-30,sh.601992,3.3000,3.3500,3.2900,3.3100,3.3400,35263888,116825440.0000,0.423100,1,-0.898200,9.124456,0.774690,0.374336,-26.464453,0
2020-03-31,sh.601992,3.3300,3.3500,3.2700,3.2800,3.3100,24724284,81597370.0000,0.296700,1,-0.906300,9.041757,0.767669,0.370944,-26.224594,0
2020-04-01,sh.601992,3.2900,3.3200,3.2500,3.2500,3.2800,25502380,83774308.0000,0.306000,1,-0.914600,9.395419,0.751643,0.377905,19.199333,0
2020-04-02,sh.601992,3.2500,3.2800,3.2100,3.2700,3.2500,21393121,69366841.0000,0.256700,1,0.615400,9.453237,0.756269,0.380231,19.317483,0
2020-04-03,sh.601992,3.2800,3.2800,3.2200,3.2300,3.2700,18830828,61042356.0000,0.225900,1,-1.223200,9.337601,0.747018,0.375579,19.081183,0
2020-04-07,sh.601992,3.2800,3.3300,3.2600,3.3200,3.2300,40985477,135350995.0000,0.491800,1,2.786400,9.597782,0.767832,0.386045,19.612857,0
2020-04-08,sh.601992,3.3000,3.3100,3.2700,3.3000,3.3200,22977418,75643809.0000,0.275700,1,-0.602400,9.539964,0.763207,0.383719,19.494708,0
2020-04-09,sh.601992,3.3200,3.3400,3.3000,3.3200,3.3000,20088300,66590649.0000,0.241000,1,0.606100,9.597782,0.767832,0.386045,19.612857,0
2020-04-10,sh.601992,3.3200,3.3400,3.2600,3.2800,3.3200,21796611,71744918.0000,0.261500,1,-1.204800,9.482146,0.758581,0.381393,19.376558,0
2020-04-13,sh.601992,3.2700,3.3300,3.2500,3.3100,3.2800,21727002,71775704.0000,0.260700,1,0.914600,9.568873,0.765520,0.384882,19.553782,0
2020-04-14,sh.601992,3.3000,3.3300,3.2800,3.3300,3.3100,28859152,95696501.0000,0.346300,1,0.604200,9.626691,0.770145,0.387207,19.671932,0
2020-04-15,sh.601992,3.3400,3.3400,3.2800,3.2800,3.3300,21779841,71937125.0000,0.261300,1,-1.501500,9.482146,0.758581,0.381393,19.376558,0
2020-04-16,sh.601992,3.2800,3.2800,3.2500,3.2600,3.2800,19990555,65266511.0000,0.239900,1,-0.609800,9.424328,0.753956,0.379068,19.258408,0
2020-04-17,sh.601992,3.2700,3.3300,3.2600,3.3000,3.2600,33745200,111160837.0000,0.404900,1,1.227000,9.539964,0.763207,0.383719,19.494708,0
2020-04-20,sh.601992,3.3100,3.3600,3.3100,3.3400,3.3000,43511686,145285728.0000,0.522100,1,1.212100,9.655600,0.772458,0.388370,19.731007,0
2020-04-21,sh.601992,3.3200,3.3300,3.2600,3.2800,3.3400,39316644,129316012.0000,0.471800,1,-1.796400,9.482146,0.758581,0.381393,19.376558,0
2020-04-22,sh.601992,3.2700,3.2800,3.2400,3.2800,3.2800,28469580,92874088.0000,0.341600,1,0.000000,9.482146,0.758581,0.381393,19.376558,0
2020-04-23,sh.601992,3.2800,3.2800,3.2500,3.2600,3.2800,19894856,64987927.0000,0.238700,1,-0.609800,9.424328,0.753956,0.379068,19.258408,0
2020-04-24,sh.601992,3.2500,3.2700,3.2100,3.2200,3.2600,22082898,71355641.0000,0.265000,1,-1.227000,9.308692,0.744705,0.374417,19.022109,0
2020-04-27,sh.601992,3.2200,3.2500,3.2100,3.2200,3.2200,12784102,41324998.0000,0.153400,1,0.000000,9.308692,0.744705,0.374417,19.022109,0
2020-04-28,sh.601992,3.2400,3.2400,3.0900,3.1500,3.2200,24819712,78476849.0000,0.297800,1,-2.173900,9.106329,0.728516,0.366277,18.608584,0
2020-04-29,sh.601992,3.1300,3.2200,3.1300,3.2000,3.1500,18874175,60237402.0000,0.226500,1,1.587300,9.250874,0.740079,0.372091,18.903959,0
2020-04-30,sh.601992,3.2000,3.2400,3.1900,3.2300,3.2000,19912632,64177544.0000,0.238900,1,0.937500,10.118932,0.748362,0.385195,-162.140279,0
2020-05-06,sh.601992,3.2100,3.2500,3.1900,3.2400,3.2300,22704486,73166645.0000,0.272400,1,0.309600,10.150260,0.750678,0.386387,-162.642262,0
2020-05-07,sh.601992,3.2500,3.2900,3.2400,3.2700,3.2400,26739357,87420187.0000,0.320800,1,0.925900,10.244244,0.757629,0.389965,-164.148208,0
2020-05-08,sh.601992,3.2600,3.3200,3.2600,3.3000,3.2700,25538855,84191401.0000,0.306400,1,0.917400,10.338228,0.764580,0.393543,-165.654155,0
2020-05-11,sh.601992,3.3300,3.4100,3.3100,3.3700,3.3000,54924620,184843874.0000,0.659000,1,2.121200,10.557524,0.780798,0.401891,-169.168031,0
2020-05-12,sh.601992,3.3800,3.3800,3.2800,3.3200,3.3700,26858431,89170268.0000,0.322300,1,-1.483700,10.400884,0.769214,0.395928,-166.658120,0
2020-05-13,sh.601992,3.3200,3.3200,3.2700,3.3100,3.3200,21652851,71333493.0000,0.259800,1,-0.301200,10.369556,0.766897,0.394735,-166.156138,0
2020-05-14,sh.601992,3.2800,3.3600,3.2700,3.3100,3.3100,23472262,77848142.0000,0.281600,1,0.000000,10.369556,0.766897,0.394735,-166.156138,0
2020-05-15,sh.601992,3.3300,3.3400,3.2900,3.3000,3.3100,12761179,42233263.0000,0.153100,1,-0.302100,10.338228,0.764580,0.393543,-165.654155,0
2020-05-18,sh.601992,3.3100,3.3500,3.2900,3.3000,3.3000,17825874,59148075.0000,0.213900,1,0.000000,10.338228,0.764580,0.393543,-165.654155,0
2020-05-19,sh.601992,3.3200,3.3300,3.2800,3.2900,3.3000,14339538,47200815.0000,0.172100,1,-0.303000,10.306900,0.762263,0.392350,-165.152173,0
2020-05-20,sh.601992,3.2800,3.3000,3.2400,3.2800,3.2900,20905200,68295586.0000,0.250800,1,-0.304000,10.275572,0.759946,0.391158,-164.650191,0
2020-05-21,sh.601992,3.2600,3.2800,3.2200,3.2300,3.2800,15248087,49477190.0000,0.183000,1,-1.524400,10.118932,0.748362,0.385195,-162.140279,0
2020-05-22,sh.601992,3.2300,3.2400,3.1500,3.1600,3.2300,19003869,60614347.0000,0.228000,1,-2.167200,9.899636,0.732143,0.376847,-158.626403,0
2020-05-25,sh.601992,3.1600,3.1900,3.1300,3.1500,3.1600,11959096,37763954.0000,0.143500,1,-0.316500,9.868308,0.729826,0.375654,-158.124421,0
2020-05-26,sh.601992,3.1600,3.1800,3.1600,3.1800,3.1500,9421079,29889402.0000,0.113000,1,0.952400,9.962292,0.736777,0.379232,-159.630368,0
2020-05-27,sh.601992,3.1800,3.1900,3.1300,3.1400,3.1800,15173682,47737444.0000,0.182100,1,-1.257900,9.836980,0.727509,0.374462,-157.622439,0
2020-05-28,sh.601992,3.1400,3.1700,3.1100,3.1500,3.1400,13491702,42345198.0000,0.161900,1,0.318500,9.868308,0.729826,0.375654,-158.124421,0
2020-05-29,sh.601992,3.1500,3.1600,3.1200,3.1500,3.1500,21340195,67016724.0000,0.256100,1,0.000000,9.868308,0.729826,0.375654,-158.124421,0
2020-06-01,sh.601992,3.1500,3.2100,3.1500,3.2000,3.1500,20767688,66125672.0000,0.249200,1,1.587300,10.024948,0.741411,0.381617,-160.634332,0
2020-06-02,sh.601992,3.1900,3.2100,3.1700,3.1800,3.2000,36057225,114725700.0000,0.432600,1,-0.625000,9.962292,0.736777,0.379232,-159.630368,0
2020-06-03,sh.601992,3.1900,3.2000,3.1600,3.1700,3.1800,23945711,76112953.0000,0.287300,1,-0.314500,9.930964,0.734460,0.378040,-159.128386,0
2020-06-04,sh.601992,3.1800,3.1800,3.1400,3.1500,3.1700,20436854,64406942.0000,0.245200,1,-0.630900,9.868308,0.729826,0.375654,-158.124421,0
2020-06-05,sh.601992,3.1600,3.1600,3.1300,3.1400,3.1500,16864383,52929727.0000,0.202400,1,-0.317500,9.836980,0.727509,0.374462,-157.622439,0
2020-06-08,sh.601992,3.1500,3.1600,3.1300,3.1400,3.1400,17855930,56079850.0000,0.214200,1,0.000000,9.836980,0.727509,0.374462,-157.622439,0
2020-06-09,sh.601992,3.1400,3.1500,3.1200,3.1500,3.1400,14384031,45167174.0000,0.172600,1,0.318500,9.868308,0.729826,0.375654,-158.124421,0
2020-06-10,sh.601992,3.1400,3.1500,3.1300,3.1300,3.1500,12370165,38773762.0000,0.148400,1,-0.634900,9.805652,0.725192,0.373269,-157.120456,0
2020-06-11,sh.601992,3.1400,3.1400,3.1100,3.1100,3.1300,16901389,52744082.0000,0.202800,1,-0.639000,9.742997,0.720559,0.370884,-156.116492,0
2020-06-12,sh.601992,3.0700,3.1000,3.0500,3.0900,3.1100,20512106,63118247.0000,0.246100,1,-0.643100,9.680341,0.715925,0.368499,-155.112527,0
2020-06-15,sh.601992,3.0900,3.1000,3.0600,3.0700,3.0900,15404154,47382056.0000,0.184800,1,-0.647200,9.617685,0.711291,0.366114,-154.108563,0
2020-06-16,sh.601992,3.0800,3.1100,3.0600,3.1000,3.0700,14976674,46294549.0000,0.179700,1,0.977200,9.711669,0.718242,0.369692,-155.614510,0
2020-06-17,sh.601992,3.1000,3.1000,3.0800,3.0900,3.1000,15821322,48851241.0000,0.189800,1,-0.322600,9.680341,0.715925,0.368499,-155.112527,0
2020-06-18,sh.601992,3.0800,3.1300,3.0700,3.1200,3.0900,16200389,50350817.0000,0.194400,1,0.970900,9.774324,0.722876,0.372077,-156.618474,0
2020-06-19,sh.601992,3.1100,3.1400,3.1000,3.1400,3.1200,19663108,61399164.0000,0.235900,1,0.641000,9.836980,0.727509,0.374462,-157.622439,0
2020-06-22,sh.601992,3.1300,3.1500,3.1000,3.1100,3.1400,15653475,48874874.0000,0.187800,1,-0.955400,9.742997,0.720559,0.370884,-156.116492,0
2020-06-23,sh.601992,3.1100,3.1100,3.0800,3.0800,3.1100,10846716,33492048.0000,0.130100,1,-0.964600,9.649013,0.713608,0.367307,-154.610545,0
2020-06-24,sh.601992,3.0800,3.1000,3.0700,3.0800,3.0800,10561991,32572979.0000,0.126700,1,0.000000,9.649013,0.713608,0.367307,-154.610545,0
2020-06-29,sh.601992,3.0700,3.0800,3.0500,3.0500,3.0800,13841840,42284546.0000,0.166100,1,-0.974000,9.555029,0.706657,0.363729,-153.104598,0
2020-06-30,sh.601992,3.0600,3.0800,3.0600,3.0600,3.0500,11539962,35414059.0000,0.138500,1,0.327900,9.586357,0.708974,0.364921,-153.606580,0
2020-07-01,sh.601992,3.0700,3.1300,3.0500,3.1200,3.0600,22735579,70306193.0000,0.272800,1,1.960800,9.774324,0.722876,0.372077,-156.618474,0
2020-07-02,sh.601992,3.1100,3.1700,3.1000,3.1600,3.1200,41734399,131117944.0000,0.500800,1,1.282100,9.899636,0.732143,0.376847,-158.626403,0
2020-07-03,sh.601992,3.1800,3.2300,3.1800,3.2200,3.1600,49944600,160179786.0000,0.599300,1,1.898700,10.087604,0.746045,0.384002,-161.638297,0
2020-07-06,sh.601992,3.2700,3.4300,3.2500,3.4300,3.2200,102162979,344588016.0000,1.225800,1,6.521700,10.745491,0.794700,0.409046,-172.179925,0
2020-07-07,sh.601992,3.4900,3.5200,3.3800,3.4000,3.4300,72214148,248106674.0000,0.866500,1,-0.874600,10.651507,0.787749,0.405468,-170.673978,0
2020-07-08,sh.601992,3.4000,3.4600,3.3600,3.4600,3.4000,58263390,199164455.0000,0.699100,1,1.764700,10.839475,0.801650,0.412624,-173.685872,0
2020-07-09,sh.601992,3.3800,3.3800,3.3200,3.3800,3.3400,71878900,240919835.0000,0.862500,1,1.197600,10.588852,0.783115,0.403083,-169.670014,0
2020-07-10,sh.601992,3.3500,3.3800,3.2800,3.3000,3.3800,57515926,191167303.0000,0.690100,1,-2.366900,10.338228,0.764580,0.393543,-165.654155,0
2020-07-13,sh.601992,3.2600,3.4600,3.2600,3.4200,3.3000,80268405,271382109.0000,0.963100,1,3.636400,10.714163,0.792383,0.407853,-171.677943,0
2020-07-14,sh.601992,3.4300,3.4800,3.3300,3.3700,3.4200,66670201,227039383.0000,0.800000,1,-1.462000,10.557524,0.780798,0.401891,-169.168031,0
2020-07-15,sh.601992,3.4000,3.4200,3.2900,3.2900,3.3700,51408964,171400669.0000,0.616800,1,-2.373900,10.306900,0.762263,0.392350,-165.152173,0
2020-07-16,sh.601992,3.3000,3.3400,3.1800,3.1900,3.2900,73115956,238241103.0000,0.877300,1,-3.039500,9.993620,0.739094,0.380425,-160.132350,0
2020-07-17,sh.601992,3.1800,3.2200,3.1100,3.1500,3.1900,52572641,166184087.0000,0.630800,1,-1.253900,9.868308,0.729826,0.375654,-158.124421,0
2020-07-20,sh.601992,3.1600,3.3800,3.1600,3.3700,3.1500,98524089,325547813.0000,1.182200,1,6.984100,10.557524,0.780798,0.401891,-169.168031,0
2020-07-21,sh.601992,3.3700,3.3700,3.3000,3.3100,3.3700,54085248,179672929.1800,0.649000,1,-1.780400,10.369556,0.766897,0.394735,-166.156138,0
2020-07-22,sh.601992,3.3100,3.3400,3.2600,3.2700,3.3100,47845984,157740834.9900,0.574100,1,-1.208500,10.244244,0.757629,0.389965,-164.148208,0
2020-07-23,sh.601992,3.2600,3.2800,3.1800,3.2500,3.2700,47378250,153028990.9200,0.568500,1,-0.611600,10.181588,0.752995,0.387580,-163.144244,0
2020-07-24,sh.601992,3.2500,3.2900,3.1500,3.1500,3.2500,48765212,155789597.8000,0.585100,1,-3.076900,9.868308,0.729826,0.375654,-158.124421,0
2020-07-27,sh.601992,3.1700,3.1800,3.1100,3.1500,3.1500,28268733,88859452.1400,0.339200,1,0.000000,9.868308,0.729826,0.375654,-158.124421,0
2020-07-28,sh.601992,3.1600,3.1900,3.1400,3.1600,3.1500,24893083,78782236.9100,0.298700,1,0.317500,9.899636,0.732143,0.376847,-158.626403,0
2020-07-29,sh.601992,3.1600,3.2100,3.1200,3.2100,3.1600,30333545,96316687.3000,0.364000,1,1.582300,10.056276,0.743728,0.382810,-161.136315,0
2020-07-30,sh.601992,3.2100,3.3100,3.2000,3.2400,3.2100,46317524,150715699.7200,0.555800,1,0.934600,10.150260,0.750678,0.386387,-162.642262,0
2020-07-31,sh.601992,3.2400,3.2700,3.1900,3.2300,3.2400,38809485,125344475.1200,0.465700,1,-0.308600,10.118932,0.748362,0.385195,-162.140279,0
2020-08-03,sh.601992,3.2600,3.3000,3.2400,3.2700,3.2300,40721131,132803917.0400,0.488600,1,1.238400,10.244244,0.757629,0.389965,-164.148208,0
2020-08-04,sh.601992,3.2700,3.3000,3.2400,3.2800,3.2700,44326613,144892357.5500,0.531900,1,0.305800,10.275572,0.759946,0.391158,-164.650191,0
2020-08-05,sh.601992,3.2800,3.2900,3.2200,3.2400,3.2800,35921699,116454480.3000,0.431000,1,-1.219500,10.150260,0.750678,0.386387,-162.642262,0
2020-08-06,sh.601992,3.2600,3.2700,3.2100,3.2300,3.2400,30311434,97845591.2500,0.363700,1,-0.308600,10.118932,0.748362,0.385195,-162.140279,0
2020-08-07,sh.601992,3.2300,3.2400,3.1700,3.2000,3.2300,31470933,100740496.5200,0.377600,1,-0.928800,10.024948,0.741411,0.381617,-160.634332,0
2020-08-10,sh.601992,3.2400,3.3400,3.2400,3.2900,3.2000,62960643,206721744.3300,0.755500,1,2.812500,10.306900,0.762263,0.392350,-165.152173,0
2020-08-11,sh.601992,3.3100,3.3300,3.2200,3.2200,3.2900,38451002,125668626.1800,0.461400,1,-2.127700,10.087604,0.746045,0.384002,-161.638297,0
2020-08-12,sh.601992,3.2200,3.2400,3.1700,3.2300,3.2200,37751823,121080488.8300,0.453000,1,0.310600,10.118932,0.748362,0.385195,-162.140279,0
2020-08-13,sh.601992,3.2100,3.2600,3.2100,3.2500,3.2300,31319200,101614879.0000,0.375800,1,0.619200,10.181588,0.752995,0.387580,-163.144244,0
2020-08-14,sh.601992,3.2600,3.2700,3.2200,3.2600,3.2500,22952707,74550814.6700,0.275400,1,0.307700,10.212916,0.755312,0.388773,-163.646226,0
2020-08-17,sh.601992,3.2600,3.3100,3.2500,3.3000,3.2600,48687483,160121521.1600,0.584200,1,1.227000,10.338228,0.764580,0.393543,-165.654155,0
2020-08-18,sh.601992,3.3000,3.3100,3.2700,3.2900,3.3000,32038813,105250437.9100,0.384400,1,-0.303000,10.306900,0.762263,0.392350,-165.152173,0
2020-08-19,sh.601992,3.2900,3.3400,3.2800,3.3000,3.2900,60953782,201969845.1300,0.731400,1,0.304000,10.338228,0.764580,0.393543,-165.654155,0
2020-08-20,sh.601992,3.3000,3.3100,3.2500,3.2700,3.3000,39659500,129951226.4000,0.475900,1,-0.909100,16.078605,0.759428,0.396118,3.346385,0
2020-08-21,sh.601992,3.2800,3.4400,3.2700,3.3500,3.2700,94695511,317602918.7800,1.136200,1,2.446500,16.471966,0.778007,0.405809,3.428254,0
2020-08-24,sh.601992,3.3300,3.4200,3.3200,3.3600,3.3500,75798825,255948870.1200,0.909500,1,0.298500,16.521136,0.780329,0.407020,3.438487,0
2020-08-25,sh.601992,3.3700,3.3800,3.2800,3.2900,3.3600,57183080,190004955.8600,0.686100,1,-2.083300,16.176945,0.764073,0.398540,3.366852,0
2020-08-26,sh.601992,3.2800,3.2900,3.2100,3.2300,3.2900,41376212,134360870.6500,0.496500,1,-1.823700,15.881925,0.750138,0.391272,3.305451,0
2020-08-27,sh.601992,3.2400,3.2800,3.2400,3.2600,3.2300,29659783,96656486.8600,0.355900,1,0.928800,16.029435,0.757105,0.394906,3.336151,0
2020-08-28,sh.601992,3.2600,3.2900,3.2500,3.2900,3.2600,26828433,87861239.3400,0.321900,1,0.920200,16.176945,0.764073,0.398540,3.366852,0
2020-08-31,sh.601992,3.3100,3.3300,3.2800,3.3000,3.2900,30508969,100826537.6400,0.366100,1,0.304000,16.226115,0.766395,0.399752,3.377086,0
2020-09-01,sh.601992,3.2800,3.3000,3.2600,3.2800,3.3000,21897769,71617344.6700,0.262700,1,-0.606100,16.127775,0.761750,0.397329,3.356619,0
2020-09-02,sh.601992,3.2800,3.2900,3.2300,3.2400,3.2800,22811469,74132106.9500,0.273700,1,-1.219500,15.931095,0.752461,0.392484,3.315684,0
2020-09-03,sh.601992,3.2400,3.2700,3.2400,3.2500,3.2400,19879891,64631907.3000,0.238500,1,0.308600,15.980265,0.754783,0.393695,3.325918,0
2020-09-04,sh.601992,3.2200,3.2500,3.2100,3.2500,3.2500,23705321,76371020.4100,0.284400,1,0.000000,15.980265,0.754783,0.393695,3.325918,0
2020-09-07,sh.601992,3.2400,3.2700,3.2100,3.2200,3.2500,27475558,88960857.4900,0.329700,1,-0.923100,15.832755,0.747816,0.390061,3.295217,0
2020-09-08,sh.601992,3.2200,3.2500,3.2000,3.2500,3.2200,24237265,78208085.2500,0.290800,1,0.931700,15.980265,0.754783,0.393695,3.325918,0
2020-09-09,sh.601992,3.2300,3.3300,3.2300,3.2900,3.2500,58524848,192511534.0500,0.702200,1,1.230800,16.176945,0.764073,0.398540,3.366852,0
2020-09-10,sh.601992,3.3100,3.3300,3.2100,3.2200,3.2900,33254002,108273642.5800,0.399000,1,-2.127700,15.832755,0.747816,0.390061,3.295217,0
2020-09-11,sh.601992,3.2000,3.2300,3.1800,3.2100,3.2200,24547703,78547723.8300,0.294500,1,-0.310600,15.783585,0.745493,0.388849,3.284984,0
2020-09-14,sh.601992,3.2200,3.2300,3.1800,3.2000,3.2100,16428020,52532129.8000,0.197100,1,-0.311500,15.734415,0.743171,0.387638,3.274750,0
2020-09-15,sh.601992,3.2000,3.2000,3.1700,3.2000,3.2000,13378429,42644771.4900,0.160500,1,0.000000,15.734415,0.743171,0.387638,3.274750,0
2020-09-16,sh.601992,3.2000,3.2000,3.1800,3.1900,3.2000,13770944,43917488.7100,0.165200,1,-0.312500,15.685245,0.740848,0.386427,3.264516,0
2020-09-17,sh.601992,3.1900,3.1900,3.1600,3.1800,3.1900,17331629,54973160.7100,0.208000,1,-0.313500,15.636075,0.738526,0.385215,3.254283,0
2020-09-18,sh.601992,3.1800,3.2300,3.1600,3.2300,3.1800,21223987,67974069.4900,0.254700,1,1.572300,15.881925,0.750138,0.391272,3.305451,0
2020-09-21,sh.601992,3.2300,3.2400,3.1900,3.2000,3.2300,14190067,45540155.1500,0.170300,1,-0.928800,15.734415,0.743171,0.387638,3.274750,0
2020-09-22,sh.601992,3.1900,3.2000,3.1600,3.1700,3.2000,14997005,47677469.9000,0.179900,1,-0.937500,15.586905,0.736204,0.384004,3.244049,0
2020-09-23,sh.601992,3.1900,3.1900,3.1600,3.1700,3.1700,8639049,27389095.3300,0.103700,1,0.000000,15.586905,0.736204,0.384004,3.244049,0
2020-09-24,sh.601992,3.1700,3.1700,3.1000,3.1000,3.1700,23675869,73888762.0300,0.284100,1,-2.208200,15.242715,0.719947,0.375524,3.172414,0
2020-09-25,sh.601992,3.1200,3.1200,3.0800,3.0900,3.1000,10970459,33951175.5500,0.131600,1,-0.322600,15.193544,0.717624,0.374313,3.162180,0
2020-09-28,sh.601992,3.0900,3.1100,3.0700,3.0800,3.0900,10521193,32496191.4900,0.126200,1,-0.323600,15.144374,0.715302,0.373102,3.151947,0
2020-09-29,sh.601992,3.0900,3.1000,3.0700,3.0800,3.0800,11967822,36954799.5600,0.143600,1,0.000000,15.144374,0.715302,0.373102,3.151947,0
2020-09-30,sh.601992,3.0900,3.1000,3.0600,3.0700,3.0800,10055820,30942351.2000,0.120700,1,-0.324700,15.095204,0.712980,0.371890,3.141713,0
2020-10-09,sh.601992,3.1000,3.1200,3.0900,3.1100,3.0700,10329322,32112657.8100,0.123900,1,1.302900,15.291885,0.722269,0.376736,3.182648,0
2020-10-12,sh.601992,3.1100,3.1600,3.1100,3.1600,3.1100,19305007,60640655.2200,0.231600,1,1.607700,15.537735,0.733881,0.382793,3.233816,0
2020-10-13,sh.601992,3.1400,3.1500,3.1200,3.1400,3.1600,9242489,28959139.5700,0.110900,1,-0.632900,15.439395,0.729236,0.380370,3.213348,0
2020-10-14,sh.601992,3.1300,3.1300,3.1000,3.1100,3.1400,13501100,42026128.0000,0.162000,1,-0.955400,15.291885,0.722269,0.376736,3.182648,0
2020-10-15,sh.601992,3.1200,3.1200,3.0900,3.1100,3.1100,11564470,35889115.1100,0.138800,1,0.000000,15.291885,0.722269,0.376736,3.182648,0
2020-10-16,sh.601992,3.1100,3.1200,3.0800,3.1000,3.1100,15352316,47574765.6000,0.184200,1,-0.321500,15.242715,0.719947,0.375524,3.172414,0
2020-10-19,sh.601992,3.1000,3.1200,3.0800,3.1000,3.1000,14731063,45681110.6700,0.176800,1,0.000000,15.242715,0.719947,0.375524,3.172414,0
2020-10-20,sh.601992,3.1000,3.1000,3.0700,3.0900,3.1000,14700258,45308172.6200,0.176400,1,-0.322600,15.193544,0.717624,0.374313,3.162180,0
2020-10-21,sh.601992,3.1000,3.1000,3.0700,3.0900,3.0900,12418649,38231967.9200,0.149000,1,0.000000,15.193544,0.717624,0.374313,3.162180,0
2020-10-22,sh.601992,3.0800,3.0900,3.0600,3.0800,3.0900,11056512,33994160.5200,0.132700,1,-0.323600,15.144374,0.715302,0.373102,3.151947,0
2020-10-23,sh.601992,3.0800,3.0900,3.0600,3.0800,3.0800,10856743,33377941.8500,0.130300,1,0.000000,15.144374,0.715302,0.373102,3.151947,0
2020-10-26,sh.601992,3.0800,3.0800,3.0500,3.0700,3.0800,12596442,38562072.1400,0.151100,1,-0.324700,15.095204,0.712980,0.371890,3.141713,0
2020-10-27,sh.601992,3.0600,3.0700,3.0500,3.0600,3.0700,8513008,26048444.8800,0.102100,1,-0.325700,15.046034,0.710657,0.370679,3.131480,0
2020-10-28,sh.601992,3.0600,3.0700,3.0200,3.0400,3.0600,17560278,53296829.7700,0.210700,1,-0.653600,14.947694,0.706012,0.368256,3.111012,0
2020-10-29,sh.601992,3.0300,3.0500,3.0000,3.0400,3.0400,16167312,48882814.1200,0.194000,1,0.000000,12.051235,0.691168,0.337069,4.844368,0
2020-10-30,sh.601992,3.0500,3.0500,2.9900,3.0100,3.0400,15550254,47019686.9400,0.186600,1,-0.986800,11.932308,0.684347,0.333743,4.796562,0
2020-11-02,sh.601992,3.0100,3.0100,2.9500,2.9600,3.0100,21072595,62608303.4300,0.252800,1,-1.661100,11.734097,0.672979,0.328199,4.716885,0
2020-11-03,sh.601992,2.9700,3.0300,2.9700,3.0100,2.9600,14835795,44543005.4300,0.178000,1,1.689200,11.932308,0.684347,0.333743,4.796562,0
2020-11-04,sh.601992,3.0200,3.0300,2.9900,3.0200,3.0100,13051718,39310004.1400,0.156600,1,0.332200,11.971951,0.686621,0.334851,4.812497,0
2020-11-05,sh.601992,3.0300,3.0500,3.0200,3.0400,3.0200,14138307,42898910.6000,0.169600,1,0.662300,12.051235,0.691168,0.337069,4.844368,0
2020-11-06,sh.601992,3.0300,3.0700,3.0200,3.0700,3.0400,18178296,55384584.9900,0.218100,1,0.986800,12.170162,0.697989,0.340395,4.892174,0
2020-11-09,sh.601992,3.0700,3.1000,3.0700,3.0900,3.0700,22966245,70921987.1800,0.275600,1,0.651500,12.249446,0.702536,0.342613,4.924045,0
2020-11-10,sh.601992,3.1000,3.1100,3.0600,3.0700,3.0900,16124001,49692950.6800,0.193500,1,-0.647200,12.170162,0.697989,0.340395,4.892174,0
2020-11-11,sh.601992,3.0700,3.1200,3.0500,3.1000,3.0700,27375004,84579024.6500,0.328500,1,0.977200,12.289088,0.704809,0.343722,4.939981,0
2020-11-12,sh.601992,3.1000,3.1100,3.0700,3.0800,3.1000,14910133,45956847.3100,0.178900,1,-0.645200,12.209804,0.700262,0.341504,4.908110,0
2020-11-13,sh.601992,3.0800,3.0800,3.0300,3.0400,3.0800,16879828,51486813.6900,0.202500,1,-1.298700,12.051235,0.691168,0.337069,4.844368,0
2020-11-16,sh.601992,3.0500,3.1100,3.0400,3.1100,3.0400,27218589,84099730.7100,0.326600,1,2.302600,12.328730,0.707083,0.344830,4.955916,0
2020-11-17,sh.601992,3.1100,3.1100,3.0800,3.0900,3.1100,20101300,62254627.9200,0.241200,1,-0.643100,12.249446,0.702536,0.342613,4.924045,0
2020-11-18,sh.601992,3.1000,3.1200,3.0800,3.1000,3.0900,23496300,72850339.0000,0.281900,1,0.323600,12.289088,0.704809,0.343722,4.939981,0
2020-11-19,sh.601992,3.1000,3.1000,3.0700,3.0800,3.1000,21590311,66489600.1000,0.259100,1,-0.645200,12.209804,0.700262,0.341504,4.908110,0
2020-11-20,sh.601992,3.0700,3.0900,3.0600,3.0900,3.0800,19785333,60838389.6400,0.237400,1,0.324700,12.249446,0.702536,0.342613,4.924045,0
2020-11-23,sh.601992,3.0800,3.1600,3.0800,3.1400,3.0900,41134639,128571510.6400,0.493600,1,1.618100,12.447657,0.713904,0.348157,5.003722,0
2020-11-24,sh.601992,3.1200,3.1500,3.1100,3.1200,3.1400,25923328,80999280.8400,0.311000,1,-0.636900,12.368373,0.709356,0.345939,4.971851,0
2020-11-25,sh.601992,3.1300,3.1400,3.0800,3.0800,3.1200,25136862,78301411.2600,0.301600,1,-1.282100,12.209804,0.700262,0.341504,4.908110,0
2020-11-26,sh.601992,3.0800,3.0900,3.0600,3.0800,3.0800,21055301,64734578.0600,0.252600,1,0.000000,12.209804,0.700262,0.341504,4.908110,0
2020-11-27,sh.601992,3.0800,3.1000,3.0600,3.1000,3.0800,17057466,52492822.2700,0.204700,1,0.649400,12.289088,0.704809,0.343722,4.939981,0
2020-11-30,sh.601992,3.1000,3.1300,3.0900,3.1000,3.1000,27226804,84768328.9100,0.326700,1,0.000000,12.289088,0.704809,0.343722,4.939981,0
2020-12-01,sh.601992,3.0900,3.1200,3.0900,3.1100,3.1000,22506734,69932875.3600,0.270100,1,0.322600,12.328730,0.707083,0.344830,4.955916,0
2020-12-02,sh.601992,3.1100,3.1400,3.1000,3.1200,3.1100,23574511,73584061.4000,0.282900,1,0.321500,12.368373,0.709356,0.345939,4.971851,0
2020-12-03,sh.601992,3.1300,3.1300,3.0900,3.1100,3.1200,18083204,56212057.4200,0.217000,1,-0.320500,12.328730,0.707083,0.344830,4.955916,0
2020-12-04,sh.601992,3.1100,3.1200,3.0800,3.1100,3.1100,19263806,59756173.0100,0.231100,1,0.000000,12.328730,0.707083,0.344830,4.955916,0
2020-12-07,sh.601992,3.1000,3.1100,3.0700,3.0900,3.1100,19330207,59643264.9700,0.231900,1,-0.643100,12.249446,0.702536,0.342613,4.924045,0
2020-12-08,sh.601992,3.0800,3.0900,3.0700,3.0700,3.0900,16720439,51542995.4300,0.200600,1,-0.647200,12.170162,0.697989,0.340395,4.892174,0
2020-12-09,sh.601992,3.0800,3.0900,3.0500,3.0500,3.0700,19993500,61435618.0000,0.239900,1,-0.651500,12.090877,0.693441,0.338178,4.860303,0
2020-12-10,sh.601992,3.0500,3.0700,3.0400,3.0400,3.0500,22263430,67925752.3000,0.267100,1,-0.327900,12.051235,0.691168,0.337069,4.844368,0
2020-12-11,sh.601992,3.0400,3.0700,3.0000,3.0700,3.0400,42793090,129872158.7200,0.513500,1,0.986800,12.170162,0.697989,0.340395,4.892174,0
2020-12-14,sh.601992,3.0500,3.0900,3.0300,3.0500,3.0700,23758628,72627946.1200,0.285100,1,-0.651500,12.090877,0.693441,0.338178,4.860303,0
2020-12-15,sh.601992,3.0600,3.0600,3.0200,3.0300,3.0500,14011258,42559467.4200,0.168100,1,-0.655700,12.011593,0.688894,0.335960,4.828433,0
2020-12-16,sh.601992,3.0600,3.0600,3.0100,3.0300,3.0300,14654200,44395263.0000,0.175800,1,0.000000,12.011593,0.688894,0.335960,4.828433,0
2020-12-17,sh.601992,3.0200,3.0400,3.0000,3.0300,3.0300,15968570,48265008.3600,0.191600,1,0.000000,12.011593,0.688894,0.335960,4.828433,0
2020-12-18,sh.601992,3.0400,3.0600,3.0200,3.0200,3.0300,16578771,50298518.7600,0.198900,1,-0.330000,11.971951,0.686621,0.334851,4.812497,0
2020-12-21,sh.601992,3.0200,3.0400,3.0000,3.0300,3.0200,14711929,44472602.9000,0.176500,1,0.331100,12.011593,0.688894,0.335960,4.828433,0
2020-12-22,sh.601992,3.0200,3.0200,2.9800,3.0000,3.0300,19454311,58414153.6600,0.233400,1,-0.990100,11.892666,0.682074,0.332634,4.780626,0
2020-12-23,sh.601992,2.9800,3.0000,2.9800,2.9800,3.0000,17486708,52274774.9200,0.209800,1,-0.666700,11.813382,0.677526,0.330416,4.748756,0
2020-12-24,sh.601992,2.9800,3.0000,2.9500,2.9500,2.9800,18263744,54174495.8000,0.219100,1,-1.006700,11.694455,0.670706,0.327090,4.700949,0
2020-12-25,sh.601992,2.9600,3.0000,2.9500,2.9900,2.9500,15065068,44825668.8200,0.180800,1,1.355900,11.853024,0.679800,0.331525,4.764691,0
2020-12-28,sh.601992,3.0000,3.0000,2.9500,2.9600,2.9900,14547102,43147859.0800,0.174500,1,-1.003300,11.734097,0.672979,0.328199,4.716885,0
2020-12-29,sh.601992,2.9700,3.0000,2.9500,2.9800,2.9600,15788600,47029896.0000,0.189400,1,0.675700,11.813382,0.677526,0.330416,4.748756,0
2020-12-30,sh.601992,2.9800,2.9900,2.9600,2.9700,2.9800,13824461,41110657.5600,0.165900,1,-0.335600,11.773739,0.675253,0.329308,4.732820,0
2020-12-31,sh.601992,2.9700,2.9900,2.9600,2.9700,2.9700,15429798,45898548.8400,0.185100,1,0.000000,11.773739,0.675253,0.329308,4.732820,0
2021-01-04,sh.601992,2.9700,2.9800,2.9400,2.9500,2.9700,25966261,76734223.9000,0.311600,1,-0.673400,11.694455,0.670706,0.327090,4.700949,0
2021-01-05,sh.601992,2.9500,3.0000,2.9300,2.9900,2.9500,31879609,94541774.0000,0.382500,1,1.355900,11.853024,0.679800,0.331525,4.764691,0
2021-01-06,sh.601992,2.9700,3.0400,2.9700,3.0300,2.9900,37205395,111954703.5800,0.446400,1,1.337800,12.011593,0.688894,0.335960,4.828433,0
2021-01-07,sh.601992,3.0100,3.0200,2.9600,2.9700,3.0300,23230300,69314807.0300,0.278700,1,-1.980200,11.773739,0.675253,0.329308,4.732820,0
2021-01-08,sh.601992,2.9600,3.0000,2.9500,2.9800,2.9700,18527671,55152624.0500,0.222300,1,0.336700,11.813382,0.677526,0.330416,4.748756,0
2021-01-11,sh.601992,2.9700,2.9800,2.9300,2.9400,2.9800,23884479,70550436.8400,0.286600,1,-1.342300,11.654813,0.668432,0.325981,4.685014,0
2021-01-12,sh.601992,2.9300,2.9600,2.9300,2.9400,2.9400,19452780,57316806.5500,0.233400,1,0.000000,11.654813,0.668432,0.325981,4.685014,0
2021-01-13,sh.601992,2.9400,2.9600,2.8900,2.9500,2.9400,28788200,84204938.0000,0.345400,1,0.340100,11.694455,0.670706,0.327090,4.700949,0
2021-01-14,sh.601992,2.9400,2.9900,2.9300,2.9600,2.9500,18894719,55931903.6700,0.226700,1,0.339000,11.734097,0.672979,0.328199,4.716885,0
2021-01-15,sh.601992,2.9600,2.9800,2.9400,2.9600,2.9600,15124649,44817095.0400,0.181500,1,0.000000,11.734097,0.672979,0.328199,4.716885,0
2021-01-18,sh.601992,2.9700,2.9700,2.9400,2.9400,2.9600,20272314,59767532.6500,0.243200,1,-0.675700,11.654813,0.668432,0.325981,4.685014,0
2021-01-19,sh.601992,2.9400,3.0000,2.9200,2.9900,2.9400,24493904,72669164.9200,0.293900,1,1.700700,11.853024,0.679800,0.331525,4.764691,0
2021-01-20,sh.601992,2.9800,2.9900,2.9500,2.9500,2.9900,16520910,48982763.7600,0.198200,1,-1.337800,11.694455,0.670706,0.327090,4.700949,0
2021-01-21,sh.601992,2.9500,2.9600,2.9300,2.9400,2.9500,15618202,45963033.8800,0.187400,1,-0.339000,11.654813,0.668432,0.325981,4.685014,0
2021-01-22,sh.601992,2.9400,2.9400,2.8700,2.8800,2.9400,39273992,113940195.2000,0.471200,1,-2.040800,11.416959,0.654791,0.319329,4.589401,0
2021-01-25,sh.601992,2.8700,2.8800,2.8100,2.8100,2.8800,32854678,92902847.3900,0.394200,1,-2.430600,11.139464,0.638876,0.311567,4.477853,0
2021-01-26,sh.601992,2.8100,2.8200,2.7800,2.8000,2.8100,20314710,56874497.0000,0.243800,1,-0.355900,11.099822,0.636602,0.310458,4.461918,0
2021-01-27,sh.601992,2.8000,2.8200,2.7800,2.7800,2.8000,16063257,44885794.2100,0.192700,1,-0.714300,11.020537,0.632055,0.308241,4.430047,0
2021-01-28,sh.601992,2.7800,2.7900,2.7200,2.7300,2.7800,23474602,64305456.7000,0.281700,1,-1.798600,10.822326,0.620687,0.302697,4.350370,0
2021-01-29,sh.601992,2.7200,2.7400,2.7100,2.7200,2.7300,19054804,51999668.8400,0.228600,1,-0.366300,10.782684,0.618413,0.301588,4.334435,0
2021-02-01,sh.601992,2.7200,2.7200,2.6700,2.6900,2.7200,20540162,55204733.3100,0.246500,1,-1.102900,10.663757,0.611593,0.298262,4.286628,0
2021-02-02,sh.601992,2.6900,2.7000,2.6700,2.6800,2.6900,16011076,42995722.0500,0.192100,1,-0.371700,10.624115,0.609319,0.297153,4.270693,0
2021-02-03,sh.601992,2.6800,2.6900,2.6200,2.6500,2.6800,17218697,45536411.3100,0.206600,1,-1.119400,10.505188,0.602498,0.293827,4.222887,0
2021-02-04,sh.601992,2.6400,2.6400,2.5500,2.5600,2.6500,26982253,69787238.7400,0.323800,1,-3.396200,10.148408,0.582036,0.283848,4.079468,0
2021-02-05,sh.601992,2.5600,2.6200,2.5500,2.5500,2.5600,20745492,53408846.5200,0.248900,1,-0.390600,10.108766,0.579762,0.282739,4.063532,0
2021-02-08,sh.601992,2.5500,2.6400,2.5500,2.6100,2.5500,27729380,72002406.2400,0.332700,1,2.352900,10.346619,0.593404,0.289391,4.159145,0
2021-02-09,sh.601992,2.6100,2.7300,2.6000,2.7200,2.6100,31737201,84828025.1400,0.380800,1,4.214600,10.782684,0.618413,0.301588,4.334435,0
2021-02-10,sh.601992,2.7200,2.7600,2.7000,2.7200,2.7200,18531810,50472671.1200,0.222400,1,0.000000,10.782684,0.618413,0.301588,4.334435,0
2021-02-18,sh.601992,2.7400,2.7700,2.7400,2.7400,2.7200,21289259,58566331.8700,0.255400,1,0.735300,10.861968,0.622960,0.303806,4.366305,0
2021-02-19,sh.601992,2.7500,2.8300,2.7200,2.8200,2.7400,30649163,85474986.4200,0.367800,1,2.919700,11.179106,0.641149,0.312676,4.493789,0
2021-02-22,sh.601992,2.8200,2.9100,2.8200,2.8600,2.8200,39213330,112691382.7600,0.470500,1,1.418400,11.337675,0.650243,0.317111,4.557530,0
2021-02-23,sh.601992,2.8600,2.9000,2.8400,2.8700,2.8600,27449566,78871576.1800,0.329400,1,0.349700,11.377317,0.652517,0.318220,4.573466,0
2021-02-24,sh.601992,2.8700,2.9000,2.8300,2.8600,2.8700,23800380,68210873.8000,0.285600,1,-0.348400,11.337675,0.650243,0.317111,4.557530,0
2021-02-25,sh.601992,2.8700,2.9300,2.8500,2.8900,2.8600,28485830,82387131.7400,0.341800,1,1.049000,11.456602,0.657064,0.320437,4.605337,0
2021-02-26,sh.601992,2.8600,2.8800,2.8200,2.8600,2.8900,25660384,73030387.5600,0.307900,1,-1.038100,11.337675,0.650243,0.317111,4.557530,0
2021-03-01,sh.601992,2.8500,2.8900,2.8400,2.8600,2.8600,23418016,67192253.7600,0.281000,1,0.000000,11.337675,0.650243,0.317111,4.557530,0
2021-03-02,sh.601992,2.8800,2.9100,2.8500,2.8700,2.8600,20120402,57896192.7200,0.241400,1,0.349700,11.377317,0.652517,0.318220,4.573466,0
2021-03-03,sh.601992,2.8600,2.9000,2.8500,2.8900,2.8700,18737249,54060814.6100,0.224800,1,0.696900,11.456602,0.657064,0.320437,4.605337,0
2021-03-04,sh.601992,2.8900,2.9300,2.8800,2.9100,2.8900,32983621,96080597.0400,0.395800,1,0.692000,11.535886,0.661611,0.322655,4.637208,0
2021-03-05,sh.601992,2.8900,2.9400,2.8800,2.9200,2.9100,26623959,77658600.0900,0.319500,1,0.343600,11.575528,0.663885,0.323764,4.653143,0
2021-03-08,sh.601992,2.9200,2.9400,2.8600,2.8900,2.9200,25161388,73052169.4400,0.301900,1,-1.027400,11.456602,0.657064,0.320437,4.605337,0
2021-03-09,sh.601992,2.8900,2.9500,2.8700,2.9100,2.8900,35451280,103080434.2000,0.425400,1,0.692000,11.535886,0.661611,0.322655,4.637208,0
2021-03-10,sh.601992,2.9100,2.9100,2.8100,2.8200,2.9100,26483239,75617391.3000,0.317800,1,-3.092800,11.179106,0.641149,0.312676,4.493789,0
2021-03-11,sh.601992,2.8400,2.9300,2.8300,2.9300,2.8200,38751483,112074344.9600,0.465000,1,3.900700,11.615171,0.666158,0.324872,4.669078,0
2021-03-12,sh.601992,2.9100,2.9700,2.8900,2.9500,2.9300,42897223,126239131.4200,0.514700,1,0.682600,11.694455,0.670706,0.327090,4.700949,0
2021-03-15,sh.601992,2.9300,2.9900,2.9200,2.9800,2.9500,37185978,110213974.3800,0.446200,1,1.016900,11.813382,0.677526,0.330416,4.748756,0
2021-03-16,sh.601992,3.0000,3.0000,2.9500,2.9800,2.9800,26089448,77572671.8700,0.313000,1,0.000000,11.813382,0.677526,0.330416,4.748756,0
2021-03-17,sh.601992,2.9900,2.9900,2.9100,2.9400,2.9800,26817910,78832022.3600,0.321800,1,-1.342300,11.654813,0.668432,0.325981,4.685014,0
2021-03-18,sh.601992,2.9600,2.9700,2.9000,2.9300,2.9400,30033216,88435289.0100,0.360400,1,-0.340100,11.615171,0.666158,0.324872,4.669078,0
2021-03-19,sh.601992,2.9100,2.9600,2.9000,2.9200,2.9300,19355750,56695366.1800,0.232200,1,-0.341300,11.575528,0.663885,0.323764,4.653143,0
2021-03-22,sh.601992,2.9400,2.9700,2.9300,2.9500,2.9200,23374009,68902991.3700,0.280500,1,1.027400,11.694455,0.670706,0.327090,4.700949,0
2021-03-23,sh.601992,2.9500,3.0200,2.9400,2.9500,2.9500,43195562,128488088.1200,0.518300,1,0.000000,11.694455,0.670706,0.327090,4.700949,0
2021-03-24,sh.601992,2.9200,2.9400,2.8900,2.9000,2.9500,26697800,77823831.0000,0.320300,1,-1.694900,11.496244,0.659338,0.321546,4.621272,0
2021-03-25,sh.601992,2.9000,2.9200,2.8900,2.9200,2.9000,22337020,64826367.3600,0.268000,1,0.689700,11.575528,0.663885,0.323764,4.653143,0
2021-03-26,sh.601992,2.9000,2.9600,2.9000,2.9300,2.9200,23388664,68544076.8800,0.280600,1,0.342500,11.001537,0.667732,0.289671,4.585824,0
2021-03-29,sh.601992,2.9400,2.9800,2.9100,2.9500,2.9300,32531216,95838397.8300,0.390300,1,0.682600,11.076633,0.672290,0.291648,4.617127,0
2021-03-30,sh.601992,2.9300,2.9400,2.8800,2.8900,2.9500,27169200,78640109.0200,0.326000,1,-2.033900,10.851346,0.658616,0.285716,4.523219,0
2021-03-31,sh.601992,2.8900,2.9500,2.8600,2.9500,2.8900,31534586,91672928.6800,0.378400,1,2.076100,11.076633,0.672290,0.291648,4.617127,0
2021-04-01,sh.601992,2.9700,2.9900,2.9000,2.9100,2.9500,21214147,62091019.2500,0.254500,1,-1.355900,10.926441,0.663174,0.287694,4.554522,0
2021-04-02,sh.601992,2.9200,2.9500,2.9000,2.9200,2.9100,22566066,65934347.9600,0.270800,1,0.343600,10.963989,0.665453,0.288682,4.570173,0
2021-04-06,sh.601992,2.9200,2.9300,2.8900,2.8900,2.9200,19337691,56027964.9000,0.232000,1,-1.027400,10.851346,0.658616,0.285716,4.523219,0
2021-04-07,sh.601992,2.8900,2.9000,2.8700,2.8900,2.8900,17096002,49223265.7600,0.205100,1,0.000000,10.851346,0.658616,0.285716,4.523219,0
2021-04-08,sh.601992,2.8900,2.8900,2.8600,2.8800,2.8900,19423158,55865416.3400,0.233100,1,-0.346000,10.813798,0.656337,0.284728,4.507568,0
2021-04-09,sh.601992,2.8800,2.8900,2.8600,2.8700,2.8800,12645300,36288523.0000,0.151700,1,-0.347200,10.776250,0.654058,0.283739,4.491917,0
2021-04-12,sh.601992,2.8700,2.8900,2.8600,2.8900,2.8700,14370130,41383236.4000,0.172400,1,0.696900,10.851346,0.658616,0.285716,4.523219,0
2021-04-13,sh.601992,2.8900,2.8900,2.8300,2.8400,2.8900,17435077,49846156.6600,0.209200,1,-1.730100,10.663606,0.647221,0.280773,4.444963,0
2021-04-14,sh.601992,2.8500,2.8500,2.8300,2.8400,2.8400,11609131,32976907.0400,0.139300,1,0.000000,10.663606,0.647221,0.280773,4.444963,0
2021-04-15,sh.601992,2.8300,2.8500,2.8100,2.8400,2.8400,12780802,36140921.8500,0.153400,1,0.000000,10.663606,0.647221,0.280773,4.444963,0
2021-04-16,sh.601992,2.8300,2.8900,2.8300,2.8900,2.8400,18446326,52839276.2200,0.221300,1,1.760600,10.851346,0.658616,0.285716,4.523219,0
2021-04-19,sh.601992,2.8900,2.9100,2.8800,2.8800,2.8900,16747658,48449900.1100,0.201000,1,-0.346000,10.813798,0.656337,0.284728,4.507568,0
2021-04-20,sh.601992,2.8800,2.8900,2.8600,2.8600,2.8800,11187500,32125737.0000,0.134200,1,-0.694400,10.738702,0.651779,0.282750,4.476265,0
2021-04-21,sh.601992,2.8600,2.8700,2.8300,2.8400,2.8600,9481801,26967847.8400,0.113800,1,-0.699300,10.663606,0.647221,0.280773,4.444963,0
2021-04-22,sh.601992,2.8400,2.8600,2.8300,2.8300,2.8400,11832900,33606361.0000,0.142000,1,-0.352100,10.626058,0.644942,0.279784,4.429311,0
2021-04-23,sh.601992,2.8300,2.8300,2.7800,2.7900,2.8300,18504800,51786575.0000,0.222000,1,-1.413400,10.475867,0.635827,0.275830,4.366706,0
2021-04-26,sh.601992,2.7900,2.8200,2.7800,2.7900,2.7900,13500233,37723585.9700,0.162000,1,0.000000,10.475867,0.635827,0.275830,4.366706,0
2021-04-27,sh.601992,2.7800,2.8000,2.7400,2.7500,2.7900,14026663,38779406.0300,0.168300,1,-1.433700,10.325675,0.626711,0.271875,4.304101,0
2021-04-28,sh.601992,2.7600,2.7900,2.7400,2.7700,2.7500,10009000,27648135.4600,0.120100,1,0.727300,10.400771,0.631269,0.273853,4.335404,0
2021-04-29,sh.601992,2.7600,2.8000,2.7500,2.7800,2.7700,10919959,30319682.9000,0.131000,1,0.361000,10.438319,0.633548,0.274841,4.351055,0
2021-04-30,sh.601992,2.7900,2.8000,2.7500,2.7800,2.7800,18132486,50338728.1200,0.217600,1,0.000000,10.138086,0.633324,0.253223,7.550553,0
2021-05-06,sh.601992,2.7800,2.8200,2.7700,2.7900,2.7800,18358669,51323091.1200,0.220300,1,0.359700,10.174554,0.635602,0.254134,7.577714,0
2021-05-07,sh.601992,2.8000,2.8400,2.7800,2.8400,2.7900,26177877,73676992.9900,0.314100,1,1.792100,10.356894,0.646992,0.258688,7.713515,0
2021-05-10,sh.601992,2.8500,2.8700,2.8200,2.8500,2.8400,28635172,81502550.2000,0.343600,1,0.352100,10.393361,0.649271,0.259599,7.740675,0
2021-05-11,sh.601992,2.8600,2.8700,2.8300,2.8500,2.8500,20129026,57343964.4800,0.241500,1,0.000000,10.393361,0.649271,0.259599,7.740675,0
2021-05-12,sh.601992,2.8500,2.8600,2.8400,2.8500,2.8500,14877822,42395075.7000,0.178500,1,0.000000,10.393361,0.649271,0.259599,7.740675,0
2021-05-13,sh.601992,2.8400,2.8500,2.8200,2.8300,2.8500,14962018,42439086.6100,0.179500,1,-0.701800,10.320426,0.644714,0.257777,7.686355,0
2021-05-14,sh.601992,2.8400,2.8500,2.8000,2.8500,2.8300,20349275,57546398.3900,0.244200,1,0.706700,10.393361,0.649271,0.259599,7.740675,0
2021-05-17,sh.601992,2.8400,2.8500,2.8200,2.8300,2.8500,18165230,51562883.2200,0.218000,1,-0.701800,10.320426,0.644714,0.257777,7.686355,0
2021-05-18,sh.601992,2.8300,2.8400,2.8200,2.8300,2.8300,10938306,30959097.9500,0.131200,1,0.000000,10.320426,0.644714,0.257777,7.686355,0
2021-05-19,sh.601992,2.8300,2.8300,2.8100,2.8300,2.8300,12992700,36656816.0000,0.155900,1,0.000000,10.320426,0.644714,0.257777,7.686355,0
2021-05-20,sh.601992,2.8200,2.8300,2.7700,2.7800,2.8300,19114200,53339682.0000,0.229300,1,-1.766800,10.138086,0.633324,0.253223,7.550553,0
2021-05-21,sh.601992,2.7800,2.7900,2.7700,2.7700,2.7800,11160405,30968583.8500,0.133900,1,-0.359700,10.101618,0.631046,0.252312,7.523393,0
2021-05-24,sh.601992,2.7700,2.8000,2.7600,2.7900,2.7700,12097598,33689441.4400,0.145200,1,0.722000,10.174554,0.635602,0.254134,7.577714,0
2021-05-25,sh.601992,2.7900,2.8100,2.7700,2.8000,2.7900,17020800,47583636.2000,0.204200,1,0.358400,10.211022,0.637880,0.255045,7.604874,0
2021-05-26,sh.601992,2.8000,2.8100,2.7900,2.8000,2.8000,16318578,45678585.3800,0.195800,1,0.000000,10.211022,0.637880,0.255045,7.604874,0
2021-05-27,sh.601992,2.8000,2.8100,2.7900,2.7900,2.8000,15407646,43077654.3400,0.184900,1,-0.357100,10.174554,0.635602,0.254134,7.577714,0
2021-05-28,sh.601992,2.7900,2.8000,2.7700,2.7700,2.7900,17768984,49398681.7000,0.213200,1,-0.716800,10.101618,0.631046,0.252312,7.523393,0
2021-05-31,sh.601992,2.7700,2.7800,2.7600,2.7600,2.7700,15813047,43801553.3200,0.189700,1,-0.361000,10.065150,0.628767,0.251401,7.496233,0
2021-06-01,sh.601992,2.7700,2.7700,2.7400,2.7500,2.7600,18517404,51003423.3500,0.222200,1,-0.362300,10.028682,0.626489,0.250490,7.469073,0
2021-06-02,sh.601992,2.7500,2.7800,2.7400,2.7700,2.7500,17170290,47399685.9000,0.206000,1,0.727300,10.101618,0.631046,0.252312,7.523393,0
2021-06-03,sh.601992,2.7700,2.7800,2.7600,2.7600,2.7700,14898493,41211264.9200,0.178800,1,-0.361000,10.065150,0.628767,0.251401,7.496233,0
2021-06-04,sh.601992,2.7600,2.7600,2.7400,2.7500,2.7600,11527681,31717444.7500,0.138300,1,-0.362300,10.028682,0.626489,0.250490,7.469073,0
2021-06-07,sh.601992,2.7400,2.7600,2.7400,2.7400,2.7500,11929098,32738171.5200,0.143100,1,-0.363600,9.992214,0.624211,0.249580,7.441912,0
2021-06-08,sh.601992,2.7500,2.7500,2.7200,2.7300,2.7400,12622700,34494832.0000,0.151500,1,-0.365000,9.955746,0.621933,0.248669,7.414752,0
2021-06-09,sh.601992,2.7300,2.7500,2.7200,2.7500,2.7300,12022202,32947871.4800,0.144300,1,0.732600,10.028682,0.626489,0.250490,7.469073,0
2021-06-10,sh.601992,2.7500,2.7500,2.7200,2.7400,2.7500,16361849,44760958.3000,0.196300,1,-0.363600,9.992214,0.624211,0.249580,7.441912,0
2021-06-11,sh.601992,2.7300,2.7500,2.7300,2.7500,2.7400,19068108,52306869.9200,0.228800,1,0.365000,10.028682,0.626489,0.250490,7.469073,0
2021-06-15,sh.601992,2.7400,2.7600,2.7300,2.7400,2.7500,16289602,44703863.4600,0.195500,1,-0.363600,9.992214,0.624211,0.249580,7.441912,0
2021-06-16,sh.601992,2.7400,2.7500,2.7200,2.7500,2.7400,13276843,36358512.4000,0.159300,1,0.365000,10.028682,0.626489,0.250490,7.469073,0
2021-06-17,sh.601992,2.7500,2.7600,2.7300,2.7300,2.7500,13831483,37898639.2900,0.166000,1,-0.727300,9.955746,0.621933,0.248669,7.414752,0
2021-06-18,sh.601992,2.7300,2.7400,2.7000,2.7200,2.7300,13567100,36828760.0000,0.162800,1,-0.366300,9.919278,0.619655,0.247758,7.387592,0
2021-06-21,sh.601992,2.7200,2.7200,2.6900,2.7000,2.7200,13192965,35618158.8700,0.158300,1,-0.735300,9.846342,0.615098,0.245936,7.333271,0
2021-06-22,sh.601992,2.6900,2.7100,2.6900,2.7100,2.7000,11648895,31463131.5000,0.139800,1,0.370400,9.882810,0.617377,0.246847,7.360432,0
2021-06-23,sh.601992,2.7000,2.7100,2.6900,2.7100,2.7100,12444500,33553925.5000,0.149300,1,0.000000,9.882810,0.617377,0.246847,7.360432,0
2021-06-24,sh.601992,2.7000,2.7100,2.6900,2.6900,2.7100,12500200,33730080.0000,0.150000,1,-0.738000,9.809875,0.612820,0.245025,7.306111,0
2021-06-25,sh.601992,2.7000,2.7100,2.6800,2.7100,2.6900,14380202,38801518.1800,0.172500,1,0.743500,9.882810,0.617377,0.246847,7.360432,0
2021-06-28,sh.601992,2.7000,2.7100,2.6900,2.7000,2.7100,10076204,27219693.7600,0.120900,1,-0.369000,9.846342,0.615098,0.245936,7.333271,0
2021-06-29,sh.601992,2.7000,2.7100,2.6800,2.7000,2.7000,12443937,33534109.4000,0.149300,1,0.000000,9.846342,0.615098,0.245936,7.333271,0
2021-06-30,sh.601992,2.6900,2.7000,2.6900,2.6900,2.7000,9033830,24328298.7000,0.108400,1,-0.370400,9.809875,0.612820,0.245025,7.306111,0
2021-07-01,sh.601992,2.6900,2.7400,2.6800,2.7200,2.6900,26644907,72255564.4400,0.319700,1,1.115200,9.919278,0.619655,0.247758,7.387592,0
2021-07-02,sh.601992,2.7100,2.7200,2.6900,2.6900,2.7200,13690578,36978732.5800,0.164300,1,-1.102900,9.809875,0.612820,0.245025,7.306111,0
2021-07-05,sh.601992,2.7000,2.7000,2.6600,2.6700,2.6900,21470462,57490679.5200,0.257600,1,-0.743500,9.736939,0.608264,0.243203,7.251791,0
2021-07-06,sh.601992,2.6300,2.6400,2.6100,2.6300,2.6100,18659698,48972522.1000,0.223900,1,0.766300,9.591067,0.599151,0.239560,7.143150,0
2021-07-07,sh.601992,2.6300,2.6300,2.5900,2.6000,2.6300,19672150,51236999.5000,0.236000,1,-1.140700,9.481663,0.592317,0.236827,7.061669,0
2021-07-08,sh.601992,2.6100,2.6100,2.5600,2.5800,2.6000,21281560,54937490.2000,0.255400,1,-0.769200,9.408727,0.587761,0.235006,7.007348,0
2021-07-09,sh.601992,2.5800,2.5800,2.5600,2.5800,2.5800,16839687,43316186.4200,0.202100,1,0.000000,9.408727,0.587761,0.235006,7.007348,0
2021-07-12,sh.601992,2.5900,2.6200,2.5800,2.5800,2.5800,20348860,52785845.2000,0.244200,1,0.000000,9.408727,0.587761,0.235006,7.007348,0
2021-07-13,sh.601992,2.5800,2.5900,2.5600,2.5700,2.5800,19040002,48947916.1200,0.228500,1,-0.387600,9.372259,0.585483,0.234095,6.980188,0
2021-07-14,sh.601992,2.5800,2.5900,2.5600,2.5800,2.5700,22671900,58357995.0000,0.272000,1,0.389100,9.408727,0.587761,0.235006,7.007348,0
2021-07-15,sh.601992,2.5800,2.5800,2.5500,2.5600,2.5800,20113500,51494444.0000,0.241300,1,-0.775200,9.335791,0.583205,0.233184,6.953028,0
2021-07-16,sh.601992,2.5700,2.5800,2.5500,2.5600,2.5600,18295100,46940441.0000,0.219500,1,0.000000,9.335791,0.583205,0.233184,6.953028,0
2021-07-19,sh.601992,2.5600,2.5700,2.5300,2.5500,2.5600,19502139,49598306.6700,0.234000,1,-0.390600,9.299323,0.580926,0.232273,6.925867,0
2021-07-20,sh.601992,2.5400,2.5500,2.5200,2.5300,2.5500,14878812,37614603.3600,0.178500,1,-0.784300,9.226388,0.576370,0.230451,6.871547,0
2021-07-21,sh.601992,2.5500,2.6100,2.5500,2.5900,2.5300,31560105,81641450.9000,0.378700,1,2.371500,9.445195,0.590039,0.235916,7.034508,0
2021-07-22,sh.601992,2.5800,2.6400,2.5700,2.6300,2.5900,33445766,87497523.6600,0.401300,1,1.544400,9.591067,0.599151,0.239560,7.143150,0
2021-07-23,sh.601992,2.6400,2.6500,2.6100,2.6200,2.6300,27728260,72881083.5300,0.332700,1,-0.380200,9.554599,0.596873,0.238649,7.115989,0
2021-07-26,sh.601992,2.6200,2.6300,2.5600,2.5700,2.6200,23261900,60107394.0000,0.279100,1,-1.908400,9.372259,0.585483,0.234095,6.980188,0
2021-07-27,sh.601992,2.5700,2.5900,2.5300,2.5500,2.5700,20228500,51785701.0000,0.242700,1,-0.778200,9.299323,0.580926,0.232273,6.925867,0
2021-07-28,sh.601992,2.5400,2.5900,2.5300,2.5500,2.5500,31543362,80682141.7600,0.378500,1,0.000000,9.299323,0.580926,0.232273,6.925867,0
2021-07-29,sh.601992,2.5600,2.5700,2.5400,2.5400,2.5500,19646130,50196964.3800,0.235700,1,-0.392200,9.262856,0.578648,0.231362,6.898707,0
2021-07-30,sh.601992,2.5500,2.5500,2.5200,2.5300,2.5400,14811351,37521514.0300,0.177700,1,-0.393700,9.226388,0.576370,0.230451,6.871547,0
2021-08-02,sh.601992,2.5300,2.6100,2.5100,2.5900,2.5300,32247046,82536361.8400,0.386900,1,2.371500,9.445195,0.590039,0.235916,7.034508,0
2021-08-03,sh.601992,2.5900,2.6400,2.5700,2.6400,2.5900,34159297,89505087.7300,0.409900,1,1.930500,9.627535,0.601430,0.240471,7.170310,0
2021-08-04,sh.601992,2.6400,2.6400,2.6000,2.6000,2.6400,19861002,51922401.2000,0.238300,1,-1.515200,9.481663,0.592317,0.236827,7.061669,0
2021-08-05,sh.601992,2.6100,2.6600,2.6000,2.6200,2.6000,21355840,56160443.8000,0.256200,1,0.769200,9.554599,0.596873,0.238649,7.115989,0
2021-08-06,sh.601992,2.6200,2.6200,2.5900,2.6000,2.6200,13300837,34635253.7600,0.159600,1,-0.763400,9.481663,0.592317,0.236827,7.061669,0
2021-08-09,sh.601992,2.6000,2.6500,2.6000,2.6400,2.6000,23133119,60941511.7800,0.277600,1,1.538500,9.627535,0.601430,0.240471,7.170310,0
2021-08-10,sh.601992,2.6400,2.6500,2.6100,2.6300,2.6400,13851420,36347963.4000,0.166200,1,-0.378800,9.591067,0.599151,0.239560,7.143150,0
2021-08-11,sh.601992,2.6200,2.6500,2.6200,2.6200,2.6300,18269100,48100442.2600,0.219200,1,-0.380200,9.554599,0.596873,0.238649,7.115989,0
2021-08-12,sh.601992,2.6200,2.6300,2.6100,2.6200,2.6200,15902457,41623840.7700,0.190800,1,0.000000,9.554599,0.596873,0.238649,7.115989,0
2021-08-13,sh.601992,2.6200,2.6200,2.5900,2.6100,2.6200,19223310,50069358.1000,0.230700,1,-0.381700,9.518131,0.594595,0.237738,7.088829,0
2021-08-16,sh.601992,2.6100,2.6600,2.6100,2.6400,2.6100,24184692,63821316.9600,0.290200,1,1.149400,9.627535,0.601430,0.240471,7.170310,0
2021-08-17,sh.601992,2.6400,2.6500,2.6000,2.6000,2.6400,23785871,62506628.3100,0.285400,1,-1.515200,9.481663,0.592317,0.236827,7.061669,0
2021-08-18,sh.601992,2.6000,2.6500,2.6000,2.6400,2.6000,26995113,71162878.2100,0.323900,1,1.538500,9.627535,0.601430,0.240471,7.170310,0
2021-08-19,sh.601992,2.6500,2.6900,2.6400,2.6600,2.6400,36517394,97526836.3500,0.438200,1,0.757600,9.700471,0.605986,0.242293,7.224630,0
2021-08-20,sh.601992,2.6600,2.7200,2.6500,2.7000,2.6600,45698478,122988677.9800,0.548300,1,1.503800,9.846342,0.615098,0.245936,7.333271,0
2021-08-23,sh.601992,2.7100,2.7200,2.6800,2.6900,2.7000,31770100,85505347.0000,0.381200,1,-0.370400,9.809875,0.612820,0.245025,7.306111,0
2021-08-24,sh.601992,2.6900,2.7000,2.6700,2.7000,2.6900,26569414,71293712.3600,0.318800,1,0.371700,9.846342,0.615098,0.245936,7.333271,0
2021-08-25,sh.601992,2.7000,2.7100,2.6700,2.6900,2.7000,24328424,65281770.1200,0.291900,1,-0.370400,8.887061,0.604420,0.230172,-2.313180,0
2021-08-26,sh.601992,2.6900,2.7300,2.6700,2.7100,2.6900,41487315,112213900.3900,0.497800,1,0.743500,8.953136,0.608914,0.231883,-2.330378,0
2021-08-27,sh.601992,2.7200,2.7200,2.6900,2.7200,2.7100,18774900,50828391.0000,0.225300,1,0.369000,8.986173,0.611160,0.232738,-2.338977,0
2021-08-30,sh.601992,2.7200,2.7200,2.6700,2.6800,2.7200,24923284,66954608.2800,0.299000,1,-1.470600,8.854024,0.602173,0.229316,-2.304580,0
2021-08-31,sh.601992,2.6900,2.7200,2.6800,2.7100,2.6800,41340372,111833597.6600,0.496000,1,1.119400,8.953136,0.608914,0.231883,-2.330378,0
2021-09-01,sh.601992,2.7000,2.8300,2.7000,2.8000,2.7100,78935525,219494562.9200,0.947100,1,3.321000,9.250473,0.629136,0.239584,-2.407771,0
2021-09-02,sh.601992,2.8000,2.8500,2.7500,2.8200,2.8000,61067860,170875426.7200,0.732700,1,0.714300,9.316547,0.633630,0.241295,-2.424969,0
2021-09-03,sh.601992,2.8300,2.8500,2.7900,2.8100,2.8200,45298037,127442058.4200,0.543500,1,-0.354600,9.283510,0.631383,0.240439,-2.416370,0
2021-09-06,sh.601992,2.8200,2.8500,2.8000,2.8200,2.8100,43575871,123088437.4000,0.522900,1,0.355900,9.316547,0.633630,0.241295,-2.424969,0
2021-09-07,sh.601992,2.8300,2.8600,2.8100,2.8500,2.8200,45446996,128981068.4200,0.545300,1,1.063800,9.415660,0.640370,0.243862,-2.450767,0
2021-09-08,sh.601992,2.8500,2.9300,2.8400,2.9200,2.8500,54567562,157725618.5800,0.654700,1,2.456100,9.646921,0.656099,0.249852,-2.510961,0
2021-09-09,sh.601992,2.9200,3.0700,2.9000,3.0500,2.9200,97606529,293445121.2300,1.171200,1,4.452100,10.076408,0.685309,0.260975,-2.622750,0
2021-09-10,sh.601992,3.0500,3.2100,3.0000,3.0100,3.0500,137434361,426453219.3000,1.649000,1,-1.311500,9.944258,0.676321,0.257553,-2.588353,0
2021-09-13,sh.601992,3.0000,3.1000,2.9800,3.0700,3.0100,73564706,224944479.2400,0.882700,1,1.993400,10.142483,0.689802,0.262686,-2.639949,0
2021-09-14,sh.601992,3.0700,3.0800,2.9400,2.9600,3.0700,76813576,230652175.4000,0.921700,1,-3.583100,9.779071,0.665086,0.253274,-2.545358,0
2021-09-15,sh.601992,2.9400,2.9900,2.9300,2.9700,2.9600,42265847,125083060.5300,0.507100,1,0.337800,9.812108,0.667333,0.254130,-2.553957,0
2021-09-16,sh.601992,2.9800,3.0300,2.9500,2.9700,2.9700,46651928,139618487.6200,0.559800,1,0.000000,9.812108,0.667333,0.254130,-2.553957,0
2021-09-17,sh.601992,2.9600,2.9800,2.8700,2.9100,2.9700,42633060,124297357.3100,0.511500,1,-2.020200,9.613884,0.653852,0.248996,-2.502362,0
2021-09-22,sh.601992,2.8800,2.9800,2.8500,2.9600,2.9100,45423782,133040451.9500,0.545000,1,1.718200,9.779071,0.665086,0.253274,-2.545358,0
2021-09-23,sh.601992,2.9800,3.0800,2.9700,3.0300,2.9600,63714366,193675656.0300,0.764500,1,2.364900,10.010333,0.680815,0.259264,-2.605552,0
2021-09-24,sh.601992,3.0300,3.0600,2.9500,2.9700,3.0300,50673880,151250987.8000,0.608000,1,-1.980200,9.812108,0.667333,0.254130,-2.553957,0
2021-09-27,sh.601992,2.9700,2.9800,2.8100,2.8400,2.9700,61455900,175941784.5900,0.737400,1,-4.377100,9.382622,0.638123,0.243006,-2.442167,0
2021-09-28,sh.601992,2.8200,2.8800,2.8100,2.8600,2.8400,28391746,80703099.6800,0.340700,1,0.704200,9.448697,0.642617,0.244718,-2.459366,0
2021-09-29,sh.601992,2.8500,2.8800,2.8200,2.8500,2.8600,31849063,90665631.2900,0.382200,1,-0.349700,9.415660,0.640370,0.243862,-2.450767,0
2021-09-30,sh.601992,2.8400,2.8600,2.8000,2.8200,2.8500,30378031,85658302.4200,0.364500,1,-1.052600,9.316547,0.633630,0.241295,-2.424969,0
2021-10-08,sh.601992,2.8300,2.8600,2.8200,2.8500,2.8200,22909502,65073486.6600,0.274900,1,1.063800,9.415660,0.640370,0.243862,-2.450767,0
2021-10-11,sh.601992,2.8600,2.9100,2.8500,2.9000,2.8500,30104300,86737227.0000,0.361200,1,1.754400,9.580847,0.651605,0.248140,-2.493762,0
2021-10-12,sh.601992,2.8900,2.8900,2.8200,2.8400,2.9000,22493344,64094453.9600,0.269900,1,-2.069000,9.382622,0.638123,0.243006,-2.442167,0
2021-10-13,sh.601992,2.8500,2.8900,2.8300,2.8800,2.8400,22342539,63921836.3700,0.268100,1,1.408500,9.514772,0.647111,0.246429,-2.476564,0
2021-10-14,sh.601992,2.8800,2.9100,2.8700,2.8800,2.8800,23437440,67861634.0000,0.281200,1,0.000000,9.514772,0.647111,0.246429,-2.476564,0
2021-10-15,sh.601992,2.8800,2.9000,2.8600,2.8800,2.8800,25361764,73110396.2400,0.304300,1,0.000000,9.514772,0.647111,0.246429,-2.476564,0
2021-10-18,sh.601992,2.8800,2.9800,2.8600,2.9700,2.8800,41761642,123053956.4000,0.501100,1,3.125000,9.812108,0.667333,0.254130,-2.553957,0
2021-10-19,sh.601992,2.9800,2.9900,2.9100,2.9200,2.9700,24785500,72519629.0000,0.297400,1,-1.683500,9.646921,0.656099,0.249852,-2.510961,0
2021-10-20,sh.601992,2.9100,2.9200,2.8500,2.8500,2.9200,23610928,67660181.7600,0.283300,1,-2.397300,9.415660,0.640370,0.243862,-2.450767,0
2021-10-21,sh.601992,2.8600,2.8700,2.8300,2.8400,2.8500,16740102,47640416.6600,0.200900,1,-0.350900,9.382622,0.638123,0.243006,-2.442167,0
2021-10-22,sh.601992,2.8400,2.8700,2.8300,2.8500,2.8400,14255495,40661218.7500,0.171000,1,0.352100,9.415660,0.640370,0.243862,-2.450767,0
2021-10-25,sh.601992,2.8400,2.8400,2.7900,2.8000,2.8500,18854583,52944323.4000,0.226200,1,-1.754400,9.250473,0.629136,0.239584,-2.407771,0
2021-10-26,sh.601992,2.8100,2.8200,2.7400,2.7500,2.8000,24349268,67462983.5000,0.292200,1,-1.785700,9.085286,0.617901,0.235305,-2.364775,0
2021-10-27,sh.601992,2.7400,2.7400,2.6700,2.7000,2.7500,20767475,56083490.0800,0.249200,1,-1.818200,8.920099,0.606667,0.231027,-2.321779,0
2021-10-28,sh.601992,2.7000,2.7700,2.6800,2.7600,2.7000,25328575,68986289.7500,0.303900,1,2.222200,9.118323,0.620148,0.236161,-2.373374,0
2021-10-29,sh.601992,2.7600,2.8300,2.7400,2.8100,2.7600,30049040,84064061.2400,0.360600,1,1.811600,10.550518,0.623726,0.242807,-6.718195,0
2021-11-01,sh.601992,2.8000,2.8400,2.7700,2.7900,2.8100,18999161,53129487.5800,0.228000,1,-0.711700,10.475425,0.619287,0.241079,-6.670378,0
2021-11-02,sh.601992,2.7900,2.7900,2.7000,2.7200,2.7900,20722191,56733936.6100,0.248600,1,-2.509000,10.212601,0.603749,0.235030,-6.503021,0
2021-11-03,sh.601992,2.7300,2.7700,2.7200,2.7400,2.7200,13649900,37486276.0000,0.163800,1,0.735300,10.287694,0.608188,0.236758,-6.550837,0
2021-11-04,sh.601992,2.7500,2.7700,2.7200,2.7700,2.7400,12909040,35448131.6000,0.154900,1,1.094900,10.400333,0.614847,0.239351,-6.622562,0
2021-11-05,sh.601992,2.7500,2.7700,2.7100,2.7200,2.7700,12624493,34426110.3100,0.151500,1,-1.805100,10.212601,0.603749,0.235030,-6.503021,0
2021-11-08,sh.601992,2.7300,2.7300,2.6900,2.7100,2.7200,11029311,29895410.8100,0.132300,1,-0.367600,10.175055,0.601529,0.234166,-6.479113,0
2021-11-09,sh.601992,2.7100,2.7300,2.6900,2.7000,2.7100,10080758,27275002.6000,0.121000,1,-0.369000,10.137508,0.599310,0.233302,-6.455205,0
2021-11-10,sh.601992,2.7000,2.7100,2.6300,2.6700,2.7000,19889900,52939958.0000,0.238700,1,-1.111100,10.024869,0.592651,0.230710,-6.383480,0
2021-11-11,sh.601992,2.6600,2.7700,2.6500,2.7500,2.6700,26608289,72753592.5900,0.319300,1,2.996300,10.325240,0.610408,0.237623,-6.574746,0
2021-11-12,sh.601992,2.7500,2.7600,2.7100,2.7100,2.7500,17504010,47677537.1000,0.210000,1,-1.454500,10.175055,0.601529,0.234166,-6.479113,0
2021-11-15,sh.601992,2.7000,2.7100,2.6700,2.6900,2.7100,18279179,49118264.9200,0.219300,1,-0.738000,10.099962,0.597090,0.232438,-6.431297,0
2021-11-16,sh.601992,2.6900,2.7200,2.6800,2.6900,2.6900,10807482,29132939.7600,0.129700,1,0.000000,10.099962,0.597090,0.232438,-6.431297,0
2021-11-17,sh.601992,2.6800,2.7000,2.6700,2.6800,2.6900,11336910,30414925.4100,0.136000,1,-0.371700,10.062416,0.594870,0.231574,-6.407388,0
2021-11-18,sh.601992,2.6800,2.6900,2.6500,2.6700,2.6800,14727954,39297588.6400,0.176700,1,-0.373100,10.024869,0.592651,0.230710,-6.383480,0
2021-11-19,sh.601992,2.6700,2.7200,2.6500,2.7100,2.6700,18125611,48624937.0800,0.217500,1,1.498100,10.175055,0.601529,0.234166,-6.479113,0
2021-11-22,sh.601992,2.7100,2.7200,2.6700,2.6700,2.7100,20095626,53860305.4200,0.241100,1,-1.476000,10.024869,0.592651,0.230710,-6.383480,0
2021-11-23,sh.601992,2.6800,2.7000,2.6700,2.6800,2.6700,15582571,41868886.6000,0.187000,1,0.374500,10.062416,0.594870,0.231574,-6.407388,0
2021-11-24,sh.601992,2.6900,2.7100,2.6800,2.7100,2.6800,14924936,40268080.9500,0.179100,1,1.119400,10.175055,0.601529,0.234166,-6.479113,0
2021-11-25,sh.601992,2.7100,2.7200,2.6900,2.7100,2.7100,11695303,31634035.7000,0.140300,1,0.000000,10.175055,0.601529,0.234166,-6.479113,0
2021-11-26,sh.601992,2.7000,2.7100,2.6700,2.6800,2.7100,14478259,38891919.6000,0.173700,1,-1.107000,10.062416,0.594870,0.231574,-6.407388,0
2021-11-29,sh.601992,2.6600,2.6900,2.6400,2.6900,2.6800,18447546,49064807.6000,0.221300,1,0.373100,10.099962,0.597090,0.232438,-6.431297,0
2021-11-30,sh.601992,2.6800,2.7000,2.6700,2.6900,2.6900,18611988,49992672.9200,0.223300,1,0.000000,10.099962,0.597090,0.232438,-6.431297,0
2021-12-01,sh.601992,2.6800,2.7100,2.6700,2.7100,2.6900,17735066,47769303.7100,0.212800,1,0.743500,10.175055,0.601529,0.234166,-6.479113,0
2021-12-02,sh.601992,2.7100,2.7600,2.7000,2.7400,2.7100,29900826,81748342.4500,0.358800,1,1.107000,10.287694,0.608188,0.236758,-6.550837,0
2021-12-03,sh.601992,2.7500,2.7600,2.7200,2.7600,2.7400,22324034,61195311.1400,0.267900,1,0.729900,10.362786,0.612628,0.238487,-6.598654,0
2021-12-06,sh.601992,2.7700,2.7800,2.7300,2.7400,2.7600,19316324,53130206.5600,0.231800,1,-0.724600,10.287694,0.608188,0.236758,-6.550837,0
2021-12-07,sh.601992,2.7500,2.7700,2.7300,2.7600,2.7400,20705867,57038904.9200,0.248400,1,0.729900,10.362786,0.612628,0.238487,-6.598654,0
2021-12-08,sh.601992,2.7600,2.7700,2.7400,2.7600,2.7600,19625402,54105276.5000,0.235500,1,0.000000,10.362786,0.612628,0.238487,-6.598654,0
2021-12-09,sh.601992,2.7700,2.7800,2.7500,2.7800,2.7600,20490963,56803309.5000,0.245900,1,0.724600,10.437879,0.617067,0.240215,-6.646470,0
2021-12-10,sh.601992,2.7800,2.7800,2.7400,2.7600,2.7800,20529901,56482076.7400,0.246300,1,-0.719400,10.362786,0.612628,0.238487,-6.598654,0
2021-12-13,sh.601992,2.7700,2.8000,2.7400,2.7500,2.7600,24935400,69019448.0000,0.299200,1,-0.362300,10.325240,0.610408,0.237623,-6.574746,0
2021-12-14,sh.601992,2.7400,2.7500,2.7100,2.7300,2.7500,16969454,46321075.7700,0.203600,1,-0.727300,10.250147,0.605969,0.235894,-6.526929,0
2021-12-15,sh.601992,2.7300,2.7600,2.7200,2.7400,2.7300,19695392,54088606.5000,0.236300,1,0.366300,10.287694,0.608188,0.236758,-6.550837,0
2021-12-16,sh.601992,2.7500,2.7800,2.7400,2.7700,2.7400,14766892,40809279.9200,0.177200,1,1.094900,10.400333,0.614847,0.239351,-6.622562,0
2021-12-17,sh.601992,2.7800,2.7900,2.7600,2.7800,2.7700,23768193,66062259.5400,0.285200,1,0.361000,10.437879,0.617067,0.240215,-6.646470,0
2021-12-20,sh.601992,2.7800,2.8300,2.7700,2.8200,2.7800,36945029,103690413.1300,0.443300,1,1.438800,10.588064,0.625946,0.243671,-6.742103,0
2021-12-21,sh.601992,2.8200,2.9100,2.8200,2.9000,2.8200,54415127,156346103.3900,0.652900,1,2.836900,10.888435,0.643703,0.250584,-6.933368,0
2021-12-22,sh.601992,2.9100,2.9200,2.8400,2.8800,2.9000,37872396,108912093.3000,0.454400,1,-0.689700,10.813342,0.639264,0.248856,-6.885552,0
2021-12-23,sh.601992,2.8800,2.8900,2.8400,2.8600,2.8800,24637859,70402991.5100,0.295600,1,-0.694400,10.738250,0.634824,0.247127,-6.837735,0
2021-12-24,sh.601992,2.8600,2.8600,2.8100,2.8400,2.8600,20940800,59349468.0000,0.251300,1,-0.699300,10.663157,0.630385,0.245399,-6.789919,0
2021-12-27,sh.601992,2.8300,2.8900,2.8300,2.8700,2.8400,19923149,57089948.1600,0.239100,1,1.056300,10.775796,0.637044,0.247992,-6.861644,0
2021-12-28,sh.601992,2.8700,2.8800,2.8200,2.8300,2.8700,19959100,56586444.0000,0.239500,1,-1.393700,10.625611,0.628165,0.244535,-6.766011,0
2021-12-29,sh.601992,2.8300,2.8500,2.8100,2.8300,2.8300,16564697,46866678.9300,0.198800,1,0.000000,10.625611,0.628165,0.244535,-6.766011,0
2021-12-30,sh.601992,2.8300,2.8400,2.8100,2.8200,2.8300,18309150,51666952.5900,0.219700,1,-0.353400,10.588064,0.625946,0.243671,-6.742103,0
2021-12-31,sh.601992,2.8200,2.8500,2.8100,2.8400,2.8200,15028668,42586163.1600,0.180300,1,0.709200,10.663157,0.630385,0.245399,-6.789919,0
2022-01-04,sh.601992,2.8400,2.9000,2.8300,2.8800,2.8400,31139908,89493361.8800,0.373600,1,1.408500,10.813342,0.639264,0.248856,-6.885552,0
2022-01-05,sh.601992,2.8800,2.8900,2.8500,2.8700,2.8800,21470902,61594605.7400,0.257600,1,-0.347200,10.775796,0.637044,0.247992,-6.861644,0
2022-01-06,sh.601992,2.8600,2.9400,2.8500,2.9000,2.8700,37503880,109172991.4000,0.450000,1,1.045300,10.888435,0.643703,0.250584,-6.933368,0
2022-01-07,sh.601992,2.9000,2.9600,2.8900,2.9300,2.9000,47821126,140357052.4400,0.573800,1,1.034500,11.001074,0.650362,0.253176,-7.005093,0
2022-01-10,sh.601992,2.9400,2.9900,2.9100,2.9500,2.9300,43489479,127727243.9100,0.521800,1,0.682600,11.076166,0.654801,0.254904,-7.052909,0
2022-01-11,sh.601992,2.9500,2.9600,2.9200,2.9300,2.9500,25743992,75585282.6300,0.308900,1,-0.678000,11.001074,0.650362,0.253176,-7.005093,0
2022-01-12,sh.601992,2.9300,2.9300,2.8800,2.8900,2.9300,27394856,79339227.8400,0.328700,1,-1.365200,10.850888,0.641483,0.249720,-6.909460,0
2022-01-13,sh.601992,2.9100,2.9300,2.8800,2.9000,2.8900,26210240,76119336.7200,0.314500,1,0.346000,10.888435,0.643703,0.250584,-6.933368,0
2022-01-14,sh.601992,2.9000,2.9000,2.8300,2.8300,2.9000,31522002,89838437.7200,0.378200,1,-2.413800,10.625611,0.628165,0.244535,-6.766011,0
2022-01-17,sh.601992,2.8300,2.8600,2.8200,2.8400,2.8300,21432460,60970215.2100,0.257200,1,0.353400,10.663157,0.630385,0.245399,-6.789919,0
2022-01-18,sh.601992,2.8500,2.8800,2.8300,2.8600,2.8400,27363391,77997824.2900,0.328300,1,0.704200,10.738250,0.634824,0.247127,-6.837735,0
2022-01-19,sh.601992,2.8600,2.9400,2.8500,2.9000,2.8600,34453387,100173248.3200,0.413400,1,1.398600,10.888435,0.643703,0.250584,-6.933368,0
2022-01-20,sh.601992,2.9100,2.9300,2.8700,2.8900,2.9000,25651459,74270745.4600,0.307800,1,-0.344800,10.850888,0.641483,0.249720,-6.909460,0
2022-01-21,sh.601992,2.8800,2.9000,2.8400,2.8700,2.8900,21775934,62325311.2400,0.261300,1,-0.692000,10.775796,0.637044,0.247992,-6.861644,0
2022-01-24,sh.601992,2.8600,2.8800,2.8300,2.8500,2.8700,17563676,50139686.3600,0.210700,1,-0.696900,10.700703,0.632605,0.246263,-6.813827,0
2022-01-25,sh.601992,2.8400,2.8400,2.7400,2.7400,2.8500,28038442,78358261.4000,0.336400,1,-3.859600,10.287694,0.608188,0.236758,-6.550837,0
2022-01-26,sh.601992,2.7500,2.7900,2.7400,2.7500,2.7400,19689590,54299391.5000,0.236300,1,0.365000,10.325240,0.610408,0.237623,-6.574746,0
2022-01-27,sh.601992,2.7600,2.7600,2.7100,2.7100,2.7500,20129954,54932369.3400,0.241500,1,-1.454500,10.175055,0.601529,0.234166,-6.479113,0
2022-01-28,sh.601992,2.7400,2.7700,2.7200,2.7400,2.7100,21527327,59121922.3100,0.258300,1,1.107000,10.287694,0.608188,0.236758,-6.550837,0
2022-02-07,sh.601992,2.7800,2.8900,2.7700,2.8600,2.7400,39291203,111945764.7800,0.471400,1,4.379600,10.738250,0.634824,0.247127,-6.837735,0
2022-02-08,sh.601992,2.8900,2.9500,2.8700,2.9400,2.8600,45406126,132383028.4600,0.544800,1,2.797200,11.038620,0.652582,0.254040,-7.029001,0
2022-02-09,sh.601992,2.9600,2.9800,2.9300,2.9400,2.9400,41467908,122177576.5200,0.497600,1,0.000000,11.038620,0.652582,0.254040,-7.029001,0
2022-02-10,sh.601992,2.9400,2.9800,2.9200,2.9600,2.9400,33549272,99095126.9600,0.402600,1,0.680300,11.113713,0.657021,0.255768,-7.076817,0
2022-02-11,sh.601992,2.9600,2.9900,2.9400,2.9600,2.9600,37809886,112264260.3500,0.453700,1,0.000000,11.113713,0.657021,0.255768,-7.076817,0
2022-02-14,sh.601992,2.9600,2.9600,2.9100,2.9200,2.9600,34705214,101687498.5200,0.416400,1,-1.351400,10.963527,0.648142,0.252312,-6.981184,0
2022-02-15,sh.601992,2.9300,2.9300,2.8800,2.9000,2.9200,24850501,72259245.9100,0.298200,1,-0.684900,10.888435,0.643703,0.250584,-6.933368,0
2022-02-16,sh.601992,2.9100,2.9400,2.9000,2.9200,2.9000,19701602,57520189.2600,0.236400,1,0.689700,10.963527,0.648142,0.252312,-6.981184,0
2022-02-17,sh.601992,2.9300,2.9400,2.8900,2.9200,2.9200,28963260,84627685.2000,0.347500,1,0.000000,10.963527,0.648142,0.252312,-6.981184,0
2022-02-18,sh.601992,2.9000,3.0200,2.8900,3.0200,2.9200,57225322,170657619.4600,0.686600,1,3.424700,11.338991,0.670339,0.260953,-7.220266,0
2022-02-21,sh.601992,3.0200,3.0300,2.9700,3.0000,3.0200,39854524,119492572.3800,0.478200,1,-0.662300,11.263898,0.665900,0.259225,-7.172450,0
2022-02-22,sh.601992,2.9900,3.0000,2.9300,2.9600,3.0000,29315676,86745521.1800,0.351800,1,-1.333300,11.113713,0.657021,0.255768,-7.076817,0
2022-02-23,sh.601992,2.9600,2.9800,2.9000,2.9300,2.9600,40161320,117354339.0000,0.481900,1,-1.013500,11.001074,0.650362,0.253176,-7.005093,0
2022-02-24,sh.601992,2.9400,2.9400,2.8300,2.8600,2.9300,46419133,133687195.2200,0.557000,1,-2.389100,10.738250,0.634824,0.247127,-6.837735,0
2022-02-25,sh.601992,2.8600,2.9000,2.8500,2.8600,2.8600,27584322,79234131.9200,0.331000,1,0.000000,10.738250,0.634824,0.247127,-6.837735,0
2022-02-28,sh.601992,2.8600,2.8800,2.8500,2.8800,2.8600,22109480,63339414.0000,0.265300,1,0.699300,10.813342,0.639264,0.248856,0.000000,0
2022-03-01,sh.601992,2.8800,2.9200,2.8600,2.9000,2.8800,33152579,95828620.0000,0.397800,1,0.694400,10.888435,0.643703,0.250584,-6.933368,0
2022-03-02,sh.601992,2.8900,3.0400,2.8900,2.9600,2.9000,77655028,230953933.0000,0.931800,1,2.069000,11.113713,0.657021,0.255768,-7.076817,0
2022-03-03,sh.601992,2.9800,3.0100,2.9600,2.9800,2.9600,49614843,148383883.0000,0.595300,1,0.675700,11.188805,0.661460,0.257496,-7.124633,0
2022-03-04,sh.601992,2.9900,3.0000,2.9400,2.9800,2.9800,41975100,124734545.0000,0.503700,1,0.000000,11.188805,0.661460,0.257496,-7.124633,0
2022-03-07,sh.601992,2.9800,3.0000,2.9500,2.9600,2.9800,36100420,107140582.0000,0.433200,1,-0.671100,11.113713,0.657021,0.255768,-7.076817,0
2022-03-08,sh.601992,2.9400,2.9600,2.8900,2.8900,2.9600,32871433,95876445.0000,0.394400,1,-2.364900,10.850888,0.641483,0.249720,-6.909460,0
2022-03-09,sh.601992,2.9000,2.9000,2.7300,2.8200,2.8900,44551289,126127647.0000,0.534600,1,-2.422100,10.588064,0.625946,0.243671,-6.742103,0
2022-03-10,sh.601992,2.8600,2.8800,2.8300,2.8600,2.8200,32226592,92078344.0000,0.386700,1,1.418400,10.738250,0.634824,0.247127,-6.837735,0
2022-03-11,sh.601992,2.8400,2.8900,2.7700,2.8800,2.8600,35406676,100117308.0000,0.424800,1,0.699300,10.813342,0.639264,0.248856,-6.885552,0
2022-03-14,sh.601992,2.8800,2.9800,2.8600,2.8800,2.8800,44090882,129205735.0000,0.529000,1,0.000000,10.813342,0.639264,0.248856,-6.885552,0
2022-03-15,sh.601992,2.8800,2.8800,2.7000,2.7000,2.8800,63244267,175757540.0000,0.758900,1,-6.250000,10.137508,0.599310,0.233302,-6.455205,0
2022-03-16,sh.601992,2.7400,2.7700,2.6200,2.7300,2.7000,45470158,122775179.0000,0.545600,1,1.111100,10.250147,0.605969,0.235894,-6.526929,0
2022-03-17,sh.601992,2.7700,2.8100,2.7400,2.7600,2.7300,31875691,88412140.0000,0.382500,1,1.098900,10.362786,0.612628,0.238487,-6.598654,0
2022-03-18,sh.601992,2.7700,2.8700,2.7500,2.8600,2.7600,41607745,117695332.7000,0.499200,1,3.623200,10.738250,0.634824,0.247127,-6.837735,0
2022-03-21,sh.601992,2.9000,2.9500,2.8400,2.8700,2.8600,41477088,119504503.7400,0.497700,1,0.349700,10.775796,0.637044,0.247992,-6.861644,0
2022-03-22,sh.601992,2.8700,2.9500,2.8500,2.9400,2.8700,45256487,131964559.0500,0.543000,1,2.439000,11.038620,0.652582,0.254040,-7.029001,0
2022-03-23,sh.601992,2.9500,2.9600,2.9000,2.9400,2.9400,29909700,87550666.2000,0.358900,1,0.000000,11.038620,0.652582,0.254040,-7.029001,0
2022-03-24,sh.601992,2.9100,2.9500,2.8800,2.9000,2.9400,25272890,73612631.7200,0.303200,1,-1.360500,10.888435,0.643703,0.250584,-6.933368,0
2022-03-25,sh.601992,2.9000,2.9700,2.8800,2.9000,2.9000,33195471,96957822.1000,0.398300,1,0.000000,10.557580,0.648785,0.250460,-4.485235,0
2022-03-28,sh.601992,2.9000,2.9700,2.8500,2.9600,2.9000,46631809,136658195.6300,0.559500,1,2.069000,10.776013,0.662208,0.255642,-4.578033,0
2022-03-29,sh.601992,2.9600,2.9700,2.9100,2.9300,2.9600,28584468,83821857.3200,0.343000,1,-1.013500,10.666797,0.655497,0.253051,-4.531634,0
2022-03-30,sh.601992,2.9400,3.0300,2.9300,3.0200,2.9300,71258861,213197717.5900,0.855000,1,3.071700,10.994446,0.675631,0.260824,-4.670831,0
2022-03-31,sh.601992,3.0000,3.1100,2.9900,3.0600,3.0200,97506875,298502873.7600,1.170000,1,1.324500,11.140067,0.684580,0.264279,-4.732696,0
2022-04-01,sh.601992,3.0500,3.1300,3.0300,3.1100,3.0600,78862152,242847821.0000,0.946300,1,1.634000,11.322095,0.695766,0.268597,-4.810028,0
2022-04-06,sh.601992,3.1200,3.1900,3.0500,3.1700,3.1100,97221898,304554733.3200,1.166500,1,1.929300,11.540527,0.709189,0.273779,-4.902826,0
2022-04-07,sh.601992,3.1500,3.2900,3.1100,3.1200,3.1700,123042359,392069529.7900,1.476400,1,-1.577300,11.358500,0.698003,0.269461,-4.825494,0
2022-04-08,sh.601992,3.1100,3.1900,3.0700,3.1400,3.1200,92576107,289834594.3800,1.110800,1,0.641000,11.431311,0.702478,0.271188,-4.856427,0
2022-04-11,sh.601992,3.1500,3.1600,3.0400,3.0600,3.1400,71288103,220510167.3400,0.855400,1,-2.547800,11.140067,0.684580,0.264279,-4.732696,0
2022-04-12,sh.601992,3.0500,3.1100,2.9900,3.0800,3.0600,58954924,180182428.4900,0.707400,1,0.653600,11.212878,0.689055,0.266006,-4.763629,0
2022-04-13,sh.601992,3.0900,3.0900,3.0000,3.0100,3.0800,52607033,159306861.8700,0.631200,1,-2.272700,10.958040,0.673394,0.259961,-4.655365,0
2022-04-14,sh.601992,3.0200,3.0500,3.0000,3.0300,3.0100,35374053,106964494.5300,0.424400,1,0.664500,11.030851,0.677869,0.261688,-4.686297,0
2022-04-15,sh.601992,3.0300,3.0600,2.9700,2.9800,3.0300,46066520,138793545.8000,0.552700,1,-1.650200,10.848824,0.666683,0.257370,-4.608966,0
2022-04-18,sh.601992,2.9500,2.9600,2.8900,2.9000,2.9800,49655701,145019116.4000,0.595800,1,-2.684600,10.557580,0.648785,0.250460,-4.485235,0
2022-04-19,sh.601992,2.9100,2.9600,2.8900,2.9400,2.9000,37114655,108529661.8800,0.445300,1,1.379300,10.703202,0.657734,0.253915,-4.547100,0
2022-04-20,sh.601992,2.9300,2.9500,2.8500,2.8700,2.9400,41796587,121096776.7300,0.501500,1,-2.381000,10.448364,0.642074,0.247869,-4.438836,0
2022-04-21,sh.601992,2.8500,2.8600,2.7300,2.7400,2.8700,47467431,132711284.5200,0.569600,1,-4.529600,9.975093,0.612990,0.236642,-4.237774,0
2022-04-22,sh.601992,2.7600,2.7900,2.7100,2.7800,2.7400,34275511,94373600.9600,0.411300,1,1.459900,10.120715,0.621939,0.240097,-4.299639,0
2022-04-25,sh.601992,2.7500,2.7800,2.6700,2.6700,2.7800,48201802,131648898.2200,0.578400,1,-3.956800,9.720255,0.597330,0.230596,-4.129510,0
2022-04-26,sh.601992,2.6700,2.7700,2.6600,2.6900,2.6700,44182005,119483117.4100,0.530100,1,0.749100,9.793066,0.601804,0.232324,-4.160442,0
2022-04-27,sh.601992,2.6800,2.7900,2.6600,2.7800,2.6900,51464295,141007594.0600,0.617500,1,3.345700,10.120715,0.621939,0.240097,-4.299639,0
2022-04-28,sh.601992,2.7800,2.8200,2.7200,2.7800,2.7800,48388152,134008211.5600,0.580600,1,0.000000,9.935349,0.621252,0.239815,-4.316930,0
2022-04-29,sh.601992,2.7600,2.8200,2.7400,2.8000,2.7800,52803173,146895788.4600,0.633600,1,0.719400,10.006826,0.625722,0.241541,-4.347987,0
2022-05-05,sh.601992,2.8000,2.8600,2.7800,2.8200,2.8000,48592226,136891410.0800,0.583000,1,0.714300,10.078303,0.630191,0.243266,-4.379044,0
2022-05-06,sh.601992,2.7800,2.7800,2.6900,2.7100,2.8200,45943447,125130141.6000,0.551300,1,-3.900700,9.685178,0.605609,0.233777,-4.208231,0
2022-05-09,sh.601992,2.7100,2.7700,2.7000,2.7500,2.7100,32305033,88706968.9900,0.387600,1,1.476000,9.828133,0.614548,0.237227,-4.270345,0
2022-05-10,sh.601992,2.7400,2.8000,2.7100,2.7900,2.7500,46828528,129056182.0500,0.561900,1,1.454500,9.971087,0.623487,0.240678,-4.332459,0
2022-05-11,sh.601992,2.7900,2.8300,2.7600,2.7600,2.7900,43201383,120775157.7300,0.518400,1,-1.075300,9.863871,0.616783,0.238090,-4.285873,0
2022-05-12,sh.601992,2.7600,2.8000,2.7400,2.7700,2.7600,31418077,87211979.3700,0.377000,1,0.362300,9.899610,0.619018,0.238953,-4.301402,0
2022-05-13,sh.601992,2.7700,2.8400,2.7700,2.8300,2.7700,43482416,122316732.4500,0.521700,1,2.166100,10.114042,0.632426,0.244128,-4.394573,0
2022-05-16,sh.601992,2.8600,2.8700,2.8200,2.8500,2.8300,41805969,118867864.0500,0.501600,1,0.706700,10.185519,0.636896,0.245854,-4.425630,0
2022-05-17,sh.601992,2.8400,2.8700,2.8100,2.8500,2.8500,31762897,90330646.4800,0.381100,1,0.000000,10.185519,0.636896,0.245854,-4.425630,0
2022-05-18,sh.601992,2.8400,2.8600,2.8100,2.8100,2.8500,25948897,73340644.7600,0.311400,1,-1.403500,10.042565,0.627957,0.242403,-4.363516,0
2022-05-19,sh.601992,2.7900,2.8700,2.7700,2.8600,2.8100,33867256,96047927.5800,0.406400,1,1.779400,10.221258,0.639130,0.246716,-4.441158,0
2022-05-20,sh.601992,2.8600,2.8800,2.8300,2.8600,2.8600,27262429,77789227.2500,0.327100,1,0.000000,10.221258,0.639130,0.246716,-4.441158,0
2022-05-23,sh.601992,2.8700,2.8800,2.8300,2.8600,2.8600,28214300,80472857.0000,0.338500,1,0.000000,10.221258,0.639130,0.246716,-4.441158,0
2022-05-24,sh.601992,2.8800,2.8800,2.7700,2.7800,2.8600,42523882,119793756.1600,0.510200,1,-2.797200,9.935349,0.621252,0.239815,-4.316930,0
2022-05-25,sh.601992,2.7800,2.8300,2.7600,2.8300,2.7800,34008434,95446904.3400,0.408100,1,1.798600,10.114042,0.632426,0.244128,-4.394573,0
2022-05-26,sh.601992,2.8300,2.8600,2.8100,2.8600,2.8300,32960101,93888254.3300,0.395500,1,1.060100,10.221258,0.639130,0.246716,-4.441158,0
2022-05-27,sh.601992,2.8600,2.8700,2.8200,2.8400,2.8600,23882717,67856037.2800,0.286600,1,-0.699300,10.149781,0.634661,0.244991,-4.410101,0
2022-05-30,sh.601992,2.8400,2.8500,2.8100,2.8200,2.8400,25315802,71655902.6200,0.303800,1,-0.704200,10.078303,0.630191,0.243266,-4.379044,0
2022-05-31,sh.601992,2.8200,2.8400,2.8000,2.8100,2.8200,37060268,104403761.3400,0.444700,1,-0.354600,10.042565,0.627957,0.242403,-4.363516,0
2022-06-01,sh.601992,2.8200,2.8500,2.8000,2.8400,2.8100,32221985,91048496.1800,0.386600,1,1.067600,10.149781,0.634661,0.244991,-4.410101,0
2022-06-02,sh.601992,2.8300,2.8400,2.8000,2.8100,2.8400,34751082,97775682.5400,0.417000,1,-1.056300,10.042565,0.627957,0.242403,-4.363516,0
2022-06-06,sh.601992,2.8000,2.8300,2.7800,2.8100,2.8100,49591434,138820870.7800,0.595000,1,0.000000,10.042565,0.627957,0.242403,-4.363516,0
2022-06-07,sh.601992,2.8000,2.8100,2.7700,2.7800,2.8100,35915427,100251326.0600,0.430900,1,-1.067600,9.935349,0.621252,0.239815,-4.316930,0
2022-06-08,sh.601992,2.7900,2.8000,2.7500,2.7900,2.7800,33194162,92261494.9800,0.398300,1,0.359700,9.971087,0.623487,0.240678,-4.332459,0
2022-06-09,sh.601992,2.7900,2.8000,2.7500,2.7700,2.7900,25792336,71617128.3600,0.309500,1,-0.716800,9.899610,0.619018,0.238953,-4.301402,0
2022-06-10,sh.601992,2.7500,2.7900,2.7400,2.7800,2.7700,38648324,106640687.1600,0.463700,1,0.361000,9.935349,0.621252,0.239815,-4.316930,0
2022-06-13,sh.601992,2.7600,2.7700,2.7200,2.7300,2.7800,36518422,100169694.0600,0.438200,1,-1.798600,9.756655,0.610079,0.235502,-4.239288,0
2022-06-14,sh.601992,2.7300,2.7700,2.7000,2.7700,2.7300,36540599,99829140.9300,0.438400,1,1.465200,9.899610,0.619018,0.238953,-4.301402,0
2022-06-15,sh.601992,2.7600,2.8500,2.7500,2.7800,2.7700,91395968,255911589.8700,1.096600,1,0.361000,9.935349,0.621252,0.239815,-4.316930,0
2022-06-16,sh.601992,2.7800,2.8100,2.7600,2.7600,2.7800,41272213,114610690.0000,0.495200,1,-0.719400,9.863871,0.616783,0.238090,-4.285873,0
2022-06-17,sh.601992,2.7500,2.7600,2.7200,2.7400,2.7600,35633746,97839288.7000,0.427600,1,-0.724600,9.792394,0.612314,0.236365,-4.254816,0
2022-06-20,sh.601992,2.7300,2.7700,2.7300,2.7600,2.7400,29738880,82002307.5600,0.356800,1,0.729900,9.863871,0.616783,0.238090,-4.285873,0
2022-06-21,sh.601992,2.7700,2.8000,2.7600,2.8000,2.7600,32400514,90166680.9800,0.388800,1,1.449300,10.006826,0.625722,0.241541,-4.347987,0
2022-06-22,sh.601992,2.8000,2.8000,2.7600,2.7600,2.8000,27339962,76094026.4900,0.328000,1,-1.428600,9.863871,0.616783,0.238090,-4.285873,0
2022-06-23,sh.601992,2.7700,2.7800,2.7400,2.7700,2.7600,33357474,92089046.5700,0.400300,1,0.362300,9.899610,0.619018,0.238953,-4.301402,0
2022-06-24,sh.601992,2.7700,2.7700,2.7400,2.7500,2.7700,29677732,81711463.0000,0.356100,1,-0.722000,9.828133,0.614548,0.237227,-4.270345,0
2022-06-27,sh.601992,2.7600,2.7700,2.7400,2.7400,2.7500,34825012,95785165.0400,0.417900,1,-0.363600,9.792394,0.612314,0.236365,-4.254816,0
2022-06-28,sh.601992,2.7400,2.7700,2.7400,2.7700,2.7400,26257923,72393753.7600,0.315100,1,1.094900,9.899610,0.619018,0.238953,-4.301402,0
2022-06-29,sh.601992,2.7700,2.7900,2.7600,2.7800,2.7700,35686851,99208943.9600,0.428200,1,0.361000,9.935349,0.621252,0.239815,-4.316930,0
2022-06-30,sh.601992,2.7900,2.8000,2.7700,2.7700,2.7800,45346182,126124282.1400,0.544100,1,-0.359700,9.899610,0.619018,0.238953,-4.301402,0
2022-07-01,sh.601992,2.7800,2.7900,2.7600,2.7700,2.7700,26760728,74270039.6400,0.321100,1,0.000000,9.899610,0.619018,0.238953,-4.301402,0
2022-07-04,sh.601992,2.7700,2.7800,2.7500,2.7600,2.7700,34704058,95764208.5000,0.416400,1,-0.361000,9.863871,0.616783,0.238090,-4.285873,0
2022-07-05,sh.601992,2.7600,2.7700,2.7300,2.7500,2.7600,36506030,100455229.3000,0.438000,1,-0.362300,9.828133,0.614548,0.237227,-4.270345,0
2022-07-06,sh.601992,2.6600,2.6600,2.6100,2.6200,2.6500,38965993,102357144.4600,0.467500,1,-1.132100,9.363530,0.585497,0.226013,-4.068474,0
2022-07-07,sh.601992,2.6300,2.6400,2.6100,2.6100,2.6200,29889058,78373980.9000,0.358600,1,-0.381700,9.327791,0.583262,0.225150,-4.052945,0
2022-07-08,sh.601992,2.6100,2.6300,2.6100,2.6100,2.6100,20578043,53813981.6900,0.246900,1,0.000000,9.327791,0.583262,0.225150,-4.052945,0
2022-07-11,sh.601992,2.6100,2.6200,2.5800,2.5900,2.6100,24732100,64052010.0000,0.296800,1,-0.766300,9.256314,0.578793,0.223425,-4.021888,0
2022-07-12,sh.601992,2.5900,2.6200,2.5800,2.6000,2.5900,23847200,62056524.8500,0.286100,1,0.386100,9.292053,0.581028,0.224288,-4.037417,0
2022-07-13,sh.601992,2.6100,2.6300,2.6000,2.6300,2.6000,27302164,71580329.6800,0.327600,1,1.153800,9.399269,0.587732,0.226876,-4.084002,0
2022-07-14,sh.601992,2.6300,2.6300,2.5900,2.5900,2.6300,24911102,64892587.6800,0.298900,1,-1.520900,9.256314,0.578793,0.223425,-4.021888,0
2022-07-15,sh.601992,2.6000,2.6000,2.5500,2.5500,2.5900,29069459,74690324.2700,0.348800,1,-1.544400,9.113359,0.569854,0.219974,-3.959774,0
2022-07-18,sh.601992,2.5600,2.6100,2.5600,2.6000,2.5500,33894048,87833017.9200,0.406700,1,1.960800,9.292053,0.581028,0.224288,-4.037417,0
2022-07-19,sh.601992,2.6100,2.6200,2.5900,2.6100,2.6000,23075228,60128782.4400,0.276900,1,0.384600,9.327791,0.583262,0.225150,-4.052945,0
2022-07-20,sh.601992,2.6100,2.6400,2.6000,2.6400,2.6100,21909631,57632859.5300,0.262900,1,1.149400,9.435007,0.589966,0.227738,-4.099531,0
2022-07-21,sh.601992,2.6400,2.6400,2.6100,2.6200,2.6400,17724200,46571712.0000,0.212700,1,-0.757600,9.363530,0.585497,0.226013,-4.068474,0
2022-07-22,sh.601992,2.6200,2.6400,2.6000,2.6100,2.6200,15526359,40688347.9900,0.186300,1,-0.381700,9.327791,0.583262,0.225150,-4.052945,0
2022-07-25,sh.601992,2.6100,2.6400,2.5900,2.6100,2.6100,27788394,72714660.9000,0.333400,1,0.000000,9.327791,0.583262,0.225150,-4.052945,0
2022-07-26,sh.601992,2.6100,2.6400,2.6000,2.6400,2.6100,21023039,55286623.2800,0.252300,1,1.149400,9.435007,0.589966,0.227738,-4.099531,0
2022-07-27,sh.601992,2.6400,2.6400,2.6100,2.6200,2.6400,14767351,38757003.6200,0.177200,1,-0.757600,9.363530,0.585497,0.226013,-4.068474,0
2022-07-28,sh.601992,2.6200,2.6400,2.6100,2.6200,2.6200,19820162,52015305.4600,0.237800,1,0.000000,9.363530,0.585497,0.226013,-4.068474,0
2022-07-29,sh.601992,2.6300,2.6300,2.6100,2.6300,2.6200,16731571,43863010.2900,0.200800,1,0.381700,9.399269,0.587732,0.226876,-4.084002,0
2022-08-01,sh.601992,2.6200,2.6300,2.5900,2.6100,2.6300,25764958,67288000.0900,0.309100,1,-0.760500,9.327791,0.583262,0.225150,-4.052945,0
2022-08-02,sh.601992,2.6000,2.6100,2.5200,2.5700,2.6100,40414244,103132023.3800,0.484900,1,-1.532600,9.184837,0.574323,0.221700,-3.990831,0
2022-08-03,sh.601992,2.5500,2.5900,2.5300,2.5300,2.5700,25625623,65622281.7800,0.307500,1,-1.556400,9.041882,0.565384,0.218249,-3.928717,0
2022-08-04,sh.601992,2.5400,2.5500,2.5200,2.5400,2.5300,21581036,54764650.0000,0.258900,1,0.395300,9.077621,0.567619,0.219112,-3.944246,0
2022-08-05,sh.601992,2.5500,2.5800,2.5300,2.5800,2.5400,18409962,46947020.0000,0.220900,1,1.574800,9.220575,0.576558,0.222562,-4.006360,0
2022-08-08,sh.601992,2.5700,2.6000,2.5600,2.5800,2.5800,25112316,64745176.0000,0.301300,1,0.000000,9.220575,0.576558,0.222562,-4.006360,0
2022-08-09,sh.601992,2.5800,2.5800,2.5500,2.5700,2.5800,16457454,42209132.0000,0.197500,1,-0.387600,9.184837,0.574323,0.221700,-3.990831,0
2022-08-10,sh.601992,2.5700,2.5700,2.5400,2.5500,2.5700,16823620,42978299.0000,0.201900,1,-0.778200,9.113359,0.569854,0.219974,-3.959774,0
2022-08-11,sh.601992,2.5600,2.6000,2.5500,2.6000,2.5500,23297861,60209271.0000,0.279500,1,1.960800,9.292053,0.581028,0.224288,-4.037417,0
2022-08-12,sh.601992,2.6000,2.6200,2.5800,2.6200,2.6000,21605317,56338534.0000,0.259200,1,0.769200,9.363530,0.585497,0.226013,-4.068474,0
2022-08-15,sh.601992,2.6200,2.6400,2.6100,2.6200,2.6200,20350519,53435687.6500,0.244200,1,0.000000,9.363530,0.585497,0.226013,-4.068474,0
2022-08-16,sh.601992,2.6300,2.6400,2.6000,2.6100,2.6200,16266340,42566849.3600,0.195200,1,-0.381700,9.327791,0.583262,0.225150,-4.052945,0
2022-08-17,sh.601992,2.6200,2.6300,2.6000,2.6200,2.6100,17274705,45208357.8200,0.207300,1,0.383100,9.363530,0.585497,0.226013,-4.068474,0
2022-08-18,sh.601992,2.6300,2.6300,2.6100,2.6100,2.6200,16201400,42415879.0000,0.194400,1,-0.381700,9.327791,0.583262,0.225150,-4.052945,0
2022-08-19,sh.601992,2.6200,2.6300,2.6000,2.6200,2.6100,20267703,53038696.9600,0.243200,1,0.383100,9.363530,0.585497,0.226013,-4.068474,0
2022-08-22,sh.601992,2.6100,2.6300,2.5900,2.6300,2.6200,19806760,51865488.4400,0.237700,1,0.381700,9.399269,0.587732,0.226876,-4.084002,0
2022-08-23,sh.601992,2.6300,2.6300,2.6000,2.6100,2.6300,18818440,49140876.0000,0.225800,1,-0.760500,9.327791,0.583262,0.225150,-4.052945,0
2022-08-24,sh.601992,2.6100,2.6200,2.5700,2.5700,2.6100,21805100,56473631.0000,0.261600,1,-1.532600,9.184837,0.574323,0.221700,-3.990831,0
2022-08-25,sh.601992,2.5800,2.6000,2.5600,2.5900,2.5700,17662210,45568445.9000,0.211900,1,0.778200,9.256314,0.578793,0.223425,-4.021888,0
2022-08-26,sh.601992,2.6000,2.6100,2.5800,2.5900,2.5900,18800216,48846995.1000,0.225600,1,0.000000,9.256314,0.578793,0.223425,-4.021888,0
2022-08-29,sh.601992,2.5700,2.6200,2.5700,2.6200,2.5900,21212620,55033864.8000,0.254500,1,1.158300,9.363530,0.585497,0.226013,-4.068474,0
2022-08-30,sh.601992,2.6200,2.6500,2.6100,2.6400,2.6200,24760720,65233224.8500,0.297100,1,0.763400,9.867721,0.587122,0.233058,-114.122537,0
2022-08-31,sh.601992,2.6300,2.6500,2.6100,2.6200,2.6400,30017687,78877276.3600,0.360200,1,-0.757600,9.792966,0.582674,0.231293,-113.257973,0
2022-09-01,sh.601992,2.6100,2.6700,2.6100,2.6400,2.6200,33426789,88513296.5900,0.401100,1,0.763400,9.867721,0.587122,0.233058,-114.122537,0
2022-09-02,sh.601992,2.6400,2.6400,2.6000,2.6100,2.6400,25241087,66034956.9700,0.302900,1,-1.136400,9.755588,0.580450,0.230410,-112.825690,0
2022-09-05,sh.601992,2.6100,2.6500,2.6000,2.6500,2.6100,25042046,65932020.4200,0.300500,1,1.532600,9.905099,0.589346,0.233941,-114.554820,0
2022-09-06,sh.601992,2.6600,2.6700,2.6400,2.6600,2.6500,23617963,62765689.3800,0.283400,1,0.377400,9.942477,0.591570,0.234824,-114.987102,0
2022-09-07,sh.601992,2.6600,2.6700,2.6400,2.6500,2.6600,22073690,58519681.5800,0.264900,1,-0.375900,9.905099,0.589346,0.233941,-114.554820,0
2022-09-08,sh.601992,2.6600,2.6800,2.6400,2.6500,2.6500,23006142,61212465.9100,0.276000,1,0.000000,9.905099,0.589346,0.233941,-114.554820,0
2022-09-09,sh.601992,2.6600,2.7000,2.6500,2.7000,2.6500,30018430,80590937.2700,0.360200,1,1.886800,10.091988,0.600466,0.238355,-116.716232,0
2022-09-13,sh.601992,2.6900,2.7000,2.6700,2.6800,2.7000,25475723,68458033.5200,0.305700,1,-0.740700,10.017232,0.596018,0.236590,-115.851667,0
2022-09-14,sh.601992,2.6600,2.6800,2.6500,2.6500,2.6800,23422650,62314562.0000,0.281000,1,-1.119400,9.905099,0.589346,0.233941,-114.554820,0
2022-09-15,sh.601992,2.6600,2.7000,2.6500,2.6800,2.6500,32673707,87523153.5500,0.392000,1,1.132100,10.017232,0.596018,0.236590,-115.851667,0
2022-09-16,sh.601992,2.6600,2.6700,2.5800,2.5800,2.6800,37112341,97134326.4200,0.445300,1,-3.731300,9.643455,0.573778,0.227762,-111.528843,0
2022-09-19,sh.601992,2.5800,2.5900,2.5500,2.5600,2.5800,23502586,60250650.8400,0.282000,1,-0.775200,9.568699,0.569331,0.225996,-110.664279,0
2022-09-20,sh.601992,2.5700,2.5900,2.5400,2.5500,2.5600,21912538,56094968.6200,0.262900,1,-0.390600,9.531322,0.567107,0.225113,-110.231996,0
2022-09-21,sh.601992,2.5500,2.6000,2.5200,2.5900,2.5500,23379472,59881996.4800,0.280500,1,1.568600,9.680832,0.576002,0.228644,-111.961126,0
2022-09-22,sh.601992,2.5900,2.5900,2.5500,2.5700,2.5900,20374991,52293423.0000,0.244500,1,-0.772200,9.606077,0.571555,0.226879,-111.096561,0
2022-09-23,sh.601992,2.5700,2.5900,2.5500,2.5700,2.5700,21611312,55585227.7200,0.259300,1,0.000000,9.606077,0.571555,0.226879,-111.096561,0
2022-09-26,sh.601992,2.5600,2.5700,2.5100,2.5200,2.5700,25328539,64373936.6700,0.303900,1,-1.945500,9.419188,0.560435,0.222465,-108.935149,0
2022-09-27,sh.601992,2.5200,2.5500,2.5000,2.5300,2.5200,27506584,69248091.3800,0.330000,1,0.396800,9.456566,0.562659,0.223348,-109.367432,0
2022-09-28,sh.601992,2.5300,2.5400,2.4900,2.4900,2.5300,22585138,56715897.3000,0.271000,1,-1.581000,9.307055,0.553763,0.219816,-107.638302,0
2022-09-29,sh.601992,2.5100,2.5400,2.4700,2.4700,2.4900,23422061,58622245.7200,0.281000,1,-0.803200,9.232300,0.549315,0.218051,-106.773738,0
2022-09-30,sh.601992,2.4800,2.5100,2.4700,2.4900,2.4700,17106129,42654491.9200,0.205300,1,0.809700,9.307055,0.553763,0.219816,-107.638302,0
2022-10-10,sh.601992,2.5100,2.5800,2.5000,2.5300,2.4900,35259585,89986136.0400,0.423100,1,1.606400,9.456566,0.562659,0.223348,-109.367432,0
2022-10-11,sh.601992,2.5400,2.5600,2.5200,2.5500,2.5300,23113671,58803053.3600,0.277300,1,0.790500,9.531322,0.567107,0.225113,-110.231996,0
2022-10-12,sh.601992,2.5500,2.5700,2.5000,2.5600,2.5500,22990083,58247788.9500,0.275900,1,0.392200,9.568699,0.569331,0.225996,-110.664279,0
2022-10-13,sh.601992,2.5500,2.5600,2.5100,2.5300,2.5600,22357749,56488627.4800,0.268300,1,-1.171900,9.456566,0.562659,0.223348,-109.367432,0
2022-10-14,sh.601992,2.5300,2.5700,2.5200,2.5500,2.5300,22087759,56398564.0400,0.265000,1,0.790500,9.531322,0.567107,0.225113,-110.231996,0
2022-10-17,sh.601992,2.5500,2.5600,2.5200,2.5500,2.5500,23738372,60352638.4400,0.284800,1,0.000000,9.531322,0.567107,0.225113,-110.231996,0
2022-10-18,sh.601992,2.5600,2.5700,2.5300,2.5400,2.5500,17102920,43531993.8000,0.205200,1,-0.392200,9.493944,0.564883,0.224230,-109.799714,0
2022-10-19,sh.601992,2.5300,2.5400,2.5100,2.5200,2.5400,18885593,47618977.7800,0.226600,1,-0.787400,9.419188,0.560435,0.222465,-108.935149,0
2022-10-20,sh.601992,2.5100,2.5200,2.4900,2.5000,2.5200,19893670,49768866.0000,0.238700,1,-0.793700,9.344433,0.555987,0.220699,-108.070585,0
2022-10-21,sh.601992,2.5000,2.5300,2.4900,2.5000,2.5000,18792222,47251173.4400,0.225500,1,0.000000,9.344433,0.555987,0.220699,-108.070585,0
2022-10-24,sh.601992,2.5100,2.5300,2.4500,2.4700,2.5000,28012500,69667797.0000,0.336100,1,-1.200000,9.232300,0.549315,0.218051,-106.773738,0
2022-10-25,sh.601992,2.4600,2.4600,2.4100,2.4500,2.4700,27528258,67135324.0300,0.330300,1,-0.809700,9.157544,0.544867,0.216285,-105.909173,0
2022-10-26,sh.601992,2.4300,2.4700,2.4200,2.4400,2.4500,24717272,60427522.0800,0.296600,1,-0.408200,9.120167,0.542643,0.215402,-105.476891,0
2022-10-27,sh.601992,2.4400,2.4600,2.4300,2.4400,2.4400,18370070,44928326.4000,0.220400,1,0.000000,9.120167,0.542643,0.215402,-105.476891,0
2022-10-28,sh.601992,2.4400,2.4500,2.3700,2.3700,2.4400,25110397,60479598.7700,0.301300,1,-2.868900,8.858522,0.527076,0.209223,-102.450914,0
2022-10-31,sh.601992,2.3700,2.3700,2.3100,2.3300,2.3700,28922785,67434602.9500,0.347000,1,-1.687800,9.771792,0.515893,0.214837,16.263973,0
2022-11-01,sh.601992,2.3300,2.3700,2.3200,2.3700,2.3300,25589170,60056100.1300,0.307000,1,1.716700,9.939548,0.524749,0.218525,16.543182,0
2022-11-02,sh.601992,2.3700,2.3900,2.3500,2.3800,2.3700,21255058,50348456.4600,0.255000,1,0.421900,9.981487,0.526963,0.219447,16.612985,0
2022-11-03,sh.601992,2.3700,2.3700,2.3400,2.3500,2.3800,15468980,36417875.9800,0.185600,1,-1.260500,9.855670,0.520321,0.216681,16.403578,0
2022-11-04,sh.601992,2.3500,2.3900,2.3400,2.3800,2.3500,22057778,52316650.5600,0.264700,1,1.276600,9.981487,0.526963,0.219447,16.612985,0
2022-11-07,sh.601992,2.3800,2.4100,2.3700,2.4000,2.3800,26605933,63701475.6000,0.319200,1,0.840300,10.065366,0.531392,0.221291,16.752590,0
2022-11-08,sh.601992,2.3900,2.4400,2.3900,2.4200,2.4000,25707319,62111254.5600,0.308500,1,0.833300,10.149244,0.535820,0.223135,16.892195,0
2022-11-09,sh.601992,2.4200,2.4700,2.4100,2.4400,2.4200,25915197,63496789.2800,0.311000,1,0.826400,10.233122,0.540248,0.224979,17.031800,0
2022-11-10,sh.601992,2.4400,2.4700,2.4200,2.4600,2.4400,21828678,53480391.7000,0.261900,1,0.819700,10.317000,0.544676,0.226823,17.171405,0
2022-11-11,sh.601992,2.4800,2.5500,2.4700,2.5200,2.4600,44031105,110774687.7800,0.528300,1,2.439000,10.568634,0.557961,0.232356,17.590219,0
2022-11-14,sh.601992,2.5500,2.5900,2.5300,2.5500,2.5200,44025598,112799112.2100,0.528300,1,1.190500,10.694451,0.564604,0.235122,17.799627,0
2022-11-15,sh.601992,2.5400,2.5800,2.5300,2.5500,2.5500,28997751,74218388.9600,0.347900,1,0.000000,10.694451,0.564604,0.235122,17.799627,0
2022-11-16,sh.601992,2.5600,2.5700,2.5400,2.5600,2.5500,24582762,62823065.1000,0.295000,1,0.392200,10.736390,0.566818,0.236044,17.869429,0
2022-11-17,sh.601992,2.5500,2.5800,2.5300,2.5700,2.5600,26272604,67181609.2800,0.315200,1,0.390600,10.778329,0.569032,0.236966,17.939232,0
2022-11-18,sh.601992,2.5700,2.5800,2.5300,2.5400,2.5700,25814400,65827853.0000,0.309700,1,-1.167300,10.652512,0.562389,0.234200,17.729824,0
2022-11-21,sh.601992,2.5400,2.5700,2.5100,2.5500,2.5400,26809138,68111157.3200,0.321700,1,0.393700,10.694451,0.564604,0.235122,17.799627,0
2022-11-22,sh.601992,2.5500,2.6000,2.5400,2.5800,2.5500,30098068,77281607.4400,0.361100,1,1.176500,10.820268,0.571246,0.237888,18.009034,0
2022-11-23,sh.601992,2.5800,2.6200,2.5700,2.5900,2.5800,29731550,77204136.5000,0.356700,1,0.387600,10.862207,0.573460,0.238810,18.078837,0
2022-11-24,sh.601992,2.5800,2.6200,2.5800,2.6000,2.5900,23157554,60185455.4000,0.277900,1,0.386100,10.904146,0.575674,0.239732,18.148639,0
2022-11-25,sh.601992,2.6000,2.6400,2.5900,2.6300,2.6000,29287683,76884111.5300,0.351400,1,1.153800,11.029963,0.582317,0.242498,18.358046,0
2022-11-28,sh.601992,2.6200,2.6400,2.5800,2.6300,2.6300,38968723,101798595.7400,0.467600,1,0.000000,11.029963,0.582317,0.242498,18.358046,0
2022-11-29,sh.601992,2.6500,2.7100,2.6500,2.7000,2.6300,50724644,136114947.1300,0.608600,1,2.661600,11.323536,0.597816,0.248952,18.846664,0
2022-11-30,sh.601992,2.7100,2.7200,2.6700,2.6700,2.7000,43689752,117606818.7700,0.524200,1,-1.111100,11.197719,0.591173,0.246186,18.637256,0
2022-12-01,sh.601992,2.6900,2.6900,2.6500,2.6600,2.6700,36962269,98679754.4900,0.443500,1,-0.374500,11.155780,0.588959,0.245264,18.567454,0
2022-12-02,sh.601992,2.6600,2.6600,2.6200,2.6300,2.6600,22780696,59970719.4800,0.273300,1,-1.127800,11.029963,0.582317,0.242498,18.358046,0
2022-12-05,sh.601992,2.6500,2.7200,2.6400,2.7000,2.6300,54209106,146250757.3400,0.650400,1,2.661600,11.323536,0.597816,0.248952,18.846664,0
2022-12-06,sh.601992,2.7000,2.7100,2.6700,2.6800,2.7000,29805087,80010126.2900,0.357600,1,-0.740700,11.239658,0.593387,0.247108,18.707059,0
2022-12-07,sh.601992,2.6700,2.7000,2.6400,2.6600,2.6800,27313653,72916816.1800,0.327700,1,-0.746300,11.155780,0.588959,0.245264,18.567454,0
2022-12-08,sh.601992,2.6700,2.7000,2.6500,2.6700,2.6600,23489638,62701939.7000,0.281800,1,0.375900,11.197719,0.591173,0.246186,18.637256,0
2022-12-09,sh.601992,2.6800,2.7100,2.6600,2.7000,2.6700,37953850,102109525.9200,0.455400,1,1.123600,11.323536,0.597816,0.248952,18.846664,0
2022-12-12,sh.601992,2.6900,2.7000,2.6300,2.6400,2.7000,35485207,94144192.6800,0.425800,1,-2.222200,11.071902,0.584531,0.243420,18.427849,0
2022-12-13,sh.601992,2.6500,2.6900,2.6400,2.6900,2.6400,31685465,84725605.9000,0.380200,1,1.893900,11.281597,0.595601,0.248030,18.776861,0
2022-12-14,sh.601992,2.6900,2.6900,2.6400,2.6400,2.6900,21708362,57560419.6800,0.260500,1,-1.858700,11.071902,0.584531,0.243420,18.427849,0
2022-12-15,sh.601992,2.6500,2.6600,2.6000,2.6100,2.6400,24357686,63804703.3200,0.292300,1,-1.136400,10.946085,0.577888,0.240654,18.218441,0
2022-12-16,sh.601992,2.6100,2.6800,2.6000,2.6700,2.6100,38064499,100978722.9600,0.456700,1,2.298900,11.197719,0.591173,0.246186,18.637256,0
2022-12-19,sh.601992,2.6600,2.7000,2.5800,2.6000,2.6700,34059998,89899101.7700,0.408700,1,-2.621700,10.904146,0.575674,0.239732,18.148639,0
2022-12-20,sh.601992,2.6000,2.6200,2.5600,2.5700,2.6000,24108830,62336527.1000,0.289300,1,-1.153800,10.778329,0.569032,0.236966,17.939232,0
2022-12-21,sh.601992,2.5900,2.6200,2.5800,2.5800,2.5700,18166340,47167190.2000,0.218000,1,0.389100,10.820268,0.571246,0.237888,18.009034,0
2022-12-22,sh.601992,2.6000,2.6400,2.5700,2.5800,2.5800,18356340,47899582.8000,0.220300,1,0.000000,10.820268,0.571246,0.237888,18.009034,0
2022-12-23,sh.601992,2.5700,2.5900,2.5400,2.5500,2.5800,20187402,51761747.1000,0.242200,1,-1.162800,10.694451,0.564604,0.235122,17.799627,0
2022-12-26,sh.601992,2.5600,2.5600,2.5000,2.5100,2.5500,23873329,60184068.3900,0.286500,1,-1.568600,10.526695,0.555747,0.231434,17.520417,0
2022-12-27,sh.601992,2.5300,2.5800,2.5100,2.5600,2.5100,25720837,65968836.7500,0.308600,1,1.992000,10.736390,0.566818,0.236044,17.869429,0
2022-12-28,sh.601992,2.5600,2.5700,2.5200,2.5400,2.5600,13982366,35520452.3400,0.167800,1,-0.781300,10.652512,0.562389,0.234200,17.729824,0
2022-12-29,sh.601992,2.5500,2.5500,2.5000,2.5100,2.5400,16988871,42716520.5000,0.203800,1,-1.181100,10.526695,0.555747,0.231434,17.520417,0
2022-12-30,sh.601992,2.5300,2.5600,2.5000,2.5400,2.5100,21997429,55697425.4800,0.263900,1,1.195200,10.652512,0.562389,0.234200,17.729824,0
2023-01-03,sh.601992,2.5400,2.6000,2.5300,2.5800,2.5400,32480760,83645688.7400,0.389700,1,1.574800,10.820268,0.571246,0.237888,18.009034,0
2023-01-04,sh.601992,2.5900,2.6200,2.5500,2.6000,2.5800,28232271,73297143.0100,0.338800,1,0.775200,10.904146,0.575674,0.239732,18.148639,0
2023-01-05,sh.601992,2.6000,2.6300,2.5700,2.5900,2.6000,24632700,63900695.2400,0.295600,1,-0.384600,10.862207,0.573460,0.238810,18.078837,0
2023-01-06,sh.601992,2.5900,2.6000,2.5400,2.5500,2.5900,20252435,52037604.5700,0.243000,1,-1.544400,10.694451,0.564604,0.235122,17.799627,0
2023-01-09,sh.601992,2.5500,2.5700,2.5200,2.5300,2.5500,24306667,61768894.5100,0.291700,1,-0.784300,10.610573,0.560175,0.233278,17.660022,0
2023-01-10,sh.601992,2.5100,2.5200,2.4300,2.4300,2.5300,46721700,114807996.0000,0.560600,1,-3.952600,10.191183,0.538034,0.224057,16.961997,0
2023-01-11,sh.601992,2.4300,2.4600,2.4100,2.4300,2.4300,31375100,76527236.0000,0.376500,1,0.000000,10.191183,0.538034,0.224057,16.961997,0
2023-01-12,sh.601992,2.4400,2.4400,2.3900,2.4200,2.4300,27589797,66599457.7700,0.331000,1,-0.411500,10.149244,0.535820,0.223135,16.892195,0
2023-01-13,sh.601992,2.4100,2.4500,2.4100,2.4400,2.4200,19472302,47272432.1600,0.233600,1,0.826400,10.233122,0.540248,0.224979,17.031800,0
2023-01-16,sh.601992,2.4300,2.4600,2.4300,2.4500,2.4400,24918607,61064855.7300,0.299000,1,0.409800,10.275061,0.542462,0.225901,17.101602,0
2023-01-17,sh.601992,2.4500,2.4600,2.4300,2.4400,2.4500,18929057,46173042.5100,0.227100,1,-0.408200,10.233122,0.540248,0.224979,17.031800,0
2023-01-18,sh.601992,2.4400,2.4600,2.4300,2.4500,2.4400,17577385,42971158.4000,0.210900,1,0.409800,10.275061,0.542462,0.225901,17.101602,0
2023-01-19,sh.601992,2.4500,2.4700,2.4300,2.4700,2.4500,18724870,45901637.5000,0.224700,1,0.816300,10.358939,0.546891,0.227745,17.241207,0
2023-01-20,sh.601992,2.4700,2.5000,2.4600,2.4900,2.4700,21772696,54191224.2000,0.261200,1,0.809700,10.442817,0.551319,0.229589,17.380812,0
2023-01-30,sh.601992,2.5100,2.5400,2.5100,2.5200,2.4900,31787428,80254346.8200,0.381400,1,1.204800,10.568634,0.557961,0.232356,17.590219,0
2023-01-31,sh.601992,2.5300,2.5400,2.5000,2.5300,2.5200,25969499,65415426.4900,0.311600,1,0.396800,10.610573,0.560175,0.233278,17.660022,0
2023-02-01,sh.601992,2.5300,2.5700,2.5200,2.5600,2.5300,32755528,83491657.6800,0.393000,1,1.185800,10.736390,0.566818,0.236044,17.869429,0
2023-02-02,sh.601992,2.5600,2.5700,2.5400,2.5600,2.5600,27826500,71136548.0000,0.333900,1,0.000000,10.736390,0.566818,0.236044,17.869429,0
2023-02-03,sh.601992,2.5600,2.5600,2.5200,2.5500,2.5600,22196100,56308245.0000,0.266300,1,-0.390600,10.694451,0.564604,0.235122,17.799627,0
2023-02-06,sh.601992,2.5400,2.5500,2.5200,2.5300,2.5500,23488785,59560922.0500,0.281800,1,-0.784300,10.610573,0.560175,0.233278,17.660022,0
2023-02-07,sh.601992,2.5400,2.5600,2.5300,2.5600,2.5300,21638600,55216984.0000,0.259600,1,1.185800,10.736390,0.566818,0.236044,17.869429,0
2023-02-08,sh.601992,2.5600,2.5600,2.5200,2.5300,2.5600,24929592,63324533.7600,0.299100,1,-1.171900,10.610573,0.560175,0.233278,17.660022,0
2023-02-09,sh.601992,2.5400,2.5600,2.5200,2.5500,2.5300,24009324,61033902.9600,0.288100,1,0.790500,10.694451,0.564604,0.235122,17.799627,0
2023-02-10,sh.601992,2.5500,2.5700,2.5300,2.5500,2.5500,27242277,69450213.3500,0.326900,1,0.000000,10.694451,0.564604,0.235122,17.799627,0
2023-02-13,sh.601992,2.5500,2.6000,2.5500,2.5900,2.5500,42495408,109513245.0400,0.509900,1,1.568600,10.862207,0.573460,0.238810,18.078837,0
2023-02-14,sh.601992,2.5900,2.6100,2.5800,2.5900,2.5900,28260602,73306301.3600,0.339100,1,0.000000,10.862207,0.573460,0.238810,18.078837,0
2023-02-15,sh.601992,2.5900,2.6000,2.5700,2.5900,2.5900,27660885,71559174.3000,0.331900,1,0.000000,10.862207,0.573460,0.238810,18.078837,0
2023-02-16,sh.601992,2.5900,2.6300,2.5600,2.5800,2.5900,37773252,98165965.3200,0.453200,1,-0.386100,10.820268,0.571246,0.237888,18.009034,0
2023-02-17,sh.601992,2.5700,2.6000,2.5600,2.5700,2.5800,22093884,57028866.8800,0.265100,1,-0.387600,10.778329,0.569032,0.236966,17.939232,0
2023-02-20,sh.601992,2.5800,2.6200,2.5700,2.6200,2.5700,34913685,91003076.3700,0.418900,1,1.945500,10.988024,0.580102,0.241576,18.288244,0
2023-02-21,sh.601992,2.6200,2.6400,2.6100,2.6300,2.6200,34534371,90640226.0200,0.414400,1,0.381700,11.029963,0.582317,0.242498,18.358046,0
2023-02-22,sh.601992,2.6200,2.6400,2.6100,2.6100,2.6300,26066737,68398665.0100,0.312800,1,-0.760500,10.946085,0.577888,0.240654,18.218441,0
2023-02-23,sh.601992,2.6200,2.6400,2.6100,2.6200,2.6100,27530250,72281073.8000,0.330300,1,0.383100,10.988024,0.580102,0.241576,18.288244,0
2023-02-24,sh.601992,2.6300,2.6300,2.6000,2.6100,2.6200,22515041,58868708.0100,0.270200,1,-0.381700,10.946085,0.577888,0.240654,18.218441,0
2023-02-27,sh.601992,2.6100,2.6200,2.5700,2.5900,2.6100,25038024,64899288.6200,0.300400,1,-0.766300,10.862207,0.573460,0.238810,18.078837,0
2023-02-28,sh.601992,2.5900,2.6200,2.5800,2.6100,2.5900,23254491,60487749.0000,0.279000,1,0.772200,10.946085,0.577888,0.240654,18.218441,0
2023-03-01,sh.601992,2.6200,2.6500,2.6000,2.6100,2.6100,74844248,195921405.8400,0.898000,1,0.000000,10.946085,0.577888,0.240654,18.218441,0
2023-03-02,sh.601992,2.6100,2.6500,2.6000,2.6400,2.6100,40490017,106586153.9300,0.485800,1,1.149400,11.071902,0.584531,0.243420,18.427849,0
2023-03-03,sh.601992,2.6400,2.6600,2.6300,2.6600,2.6400,31799635,84179664.7300,0.381600,1,0.757600,11.155780,0.588959,0.245264,18.567454,0
2023-03-06,sh.601992,2.6500,2.6600,2.6300,2.6300,2.6600,36058220,95253462.0400,0.432700,1,-1.127800,11.029963,0.582317,0.242498,18.358046,0
2023-03-07,sh.601992,2.6400,2.6600,2.6100,2.6200,2.6300,41896489,110552350.8300,0.502700,1,-0.380200,10.988024,0.580102,0.241576,18.288244,0
2023-03-08,sh.601992,2.6000,2.6100,2.5800,2.5900,2.6200,29880264,77553169.4500,0.358500,1,-1.145000,10.862207,0.573460,0.238810,18.078837,0
2023-03-09,sh.601992,2.6000,2.6000,2.5700,2.5900,2.5900,25368645,65483636.1000,0.304400,1,0.000000,10.862207,0.573460,0.238810,18.078837,0
2023-03-10,sh.601992,2.5800,2.5800,2.5300,2.5300,2.5900,25733939,65572765.6800,0.308800,1,-2.316600,10.610573,0.560175,0.233278,17.660022,0
2023-03-13,sh.601992,2.5400,2.5500,2.5100,2.5200,2.5300,28156722,71182358.0200,0.337800,1,-0.395300,10.568634,0.557961,0.232356,17.590219,0
2023-03-14,sh.601992,2.5200,2.5500,2.5000,2.5000,2.5200,26929581,67831630.8800,0.323100,1,-0.793700,10.484756,0.553533,0.230512,17.450614,0
2023-03-15,sh.601992,2.5200,2.5800,2.5100,2.5700,2.5000,39675060,100928886.1800,0.476100,1,2.800000,10.778329,0.569032,0.236966,17.939232,0
2023-03-16,sh.601992,2.5700,2.6100,2.5500,2.5800,2.5700,40272320,104089305.0000,0.483200,1,0.389100,10.820268,0.571246,0.237888,18.009034,0
2023-03-17,sh.601992,2.5700,2.6100,2.5700,2.5900,2.5800,29832039,77389914.7500,0.357900,1,0.387600,10.862207,0.573460,0.238810,18.078837,0
2023-03-20,sh.601992,2.5900,2.6200,2.5500,2.5700,2.5900,38834051,100364865.0100,0.466000,1,-0.772200,10.778329,0.569032,0.236966,17.939232,0
2023-03-21,sh.601992,2.5700,2.5800,2.5400,2.5500,2.5700,27546558,70422811.8800,0.330500,1,-0.778200,10.694451,0.564604,0.235122,17.799627,0
2023-03-22,sh.601992,2.5600,2.5700,2.5300,2.5500,2.5500,25775100,65726472.0000,0.309300,1,0.000000,10.694451,0.564604,0.235122,17.799627,0
2023-03-23,sh.601992,2.5500,2.5600,2.5300,2.5400,2.5500,24501386,62285742.4400,0.294000,1,-0.392200,10.652512,0.562389,0.234200,17.729824,0
2023-03-24,sh.601992,2.5500,2.5600,2.5300,2.5400,2.5400,26868638,68338066.5800,0.322400,1,0.000000,10.652512,0.562389,0.234200,17.729824,0
2023-03-27,sh.601992,2.5400,2.5500,2.5000,2.5000,2.5400,31234272,78509691.7200,0.374800,1,-1.574800,10.484756,0.553533,0.230512,17.450614,0
2023-03-28,sh.601992,2.5100,2.5200,2.4800,2.4900,2.5000,29932776,74598576.4800,0.359200,1,-0.400000,10.442817,0.551319,0.229589,17.380812,0
2023-03-29,sh.601992,2.4900,2.5000,2.4500,2.4600,2.4900,29963124,73989567.2800,0.359500,1,-1.204800,10.317000,0.544676,0.226823,17.171405,0
2023-03-30,sh.601992,2.4600,2.4700,2.4200,2.4600,2.4600,38448484,93944499.0500,0.461300,1,0.000000,21.660666,0.557327,0.255464,-4.801580,0
2023-03-31,sh.601992,2.4600,2.4700,2.4400,2.4500,2.4600,27030400,66283192.7900,0.324300,1,-0.406500,21.572615,0.555061,0.254425,-4.782062,0
2023-04-03,sh.601992,2.4400,2.4700,2.4300,2.4500,2.4500,40597624,99502045.0200,0.487100,1,0.000000,21.572615,0.555061,0.254425,-4.782062,0
2023-04-04,sh.601992,2.4500,2.4800,2.4400,2.4500,2.4500,46222466,113352193.7000,0.554600,1,0.000000,21.572615,0.555061,0.254425,-4.782062,0
2023-04-06,sh.601992,2.4500,2.4600,2.4300,2.4400,2.4500,29866177,72922239.1100,0.358400,1,-0.408200,21.484563,0.552796,0.253387,-4.762543,0
2023-04-07,sh.601992,2.4400,2.4600,2.4300,2.4600,2.4400,25329705,62068849.2500,0.303900,1,0.819700,21.660666,0.557327,0.255464,-4.801580,0
2023-04-10,sh.601992,2.4600,2.4600,2.4300,2.4400,2.4600,38334428,93631053.0400,0.460000,1,-0.813000,21.484563,0.552796,0.253387,-4.762543,0
2023-04-11,sh.601992,2.4300,2.4500,2.4200,2.4500,2.4400,29121264,71000257.5700,0.349400,1,0.409800,21.572615,0.555061,0.254425,-4.782062,0
2023-04-12,sh.601992,2.4500,2.4800,2.4400,2.4700,2.4500,30785700,75866933.0000,0.369400,1,0.816300,21.748718,0.559592,0.256502,-4.821099,0
2023-04-13,sh.601992,2.4700,2.4700,2.4500,2.4600,2.4700,23761802,58484508.9200,0.285100,1,-0.404900,21.660666,0.557327,0.255464,-4.801580,0
2023-04-14,sh.601992,2.4600,2.4800,2.4500,2.4600,2.4600,26885914,66275093.4600,0.322600,1,0.000000,21.660666,0.557327,0.255464,-4.801580,0
2023-04-17,sh.601992,2.4700,2.4700,2.4500,2.4600,2.4600,50627820,124561944.9400,0.607500,1,0.000000,21.660666,0.557327,0.255464,-4.801580,0
2023-04-18,sh.601992,2.4600,2.4700,2.4500,2.4500,2.4600,25196629,61857588.0500,0.302300,1,-0.406500,21.572615,0.555061,0.254425,-4.782062,0
2023-04-19,sh.601992,2.4500,2.4600,2.4200,2.4200,2.4500,31575700,76848833.0000,0.378900,1,-1.224500,21.308460,0.548264,0.251310,-4.723506,0
2023-04-20,sh.601992,2.4300,2.4300,2.3800,2.4000,2.4200,41757702,100191302.7600,0.501000,1,-0.826400,21.132357,0.543733,0.249233,-4.684468,0
2023-04-21,sh.601992,2.4000,2.4100,2.3600,2.3600,2.4000,35278200,84292914.0000,0.423300,1,-1.666700,20.780151,0.534671,0.245079,-4.606394,0
2023-04-24,sh.601992,2.3700,2.3800,2.3400,2.3600,2.3600,27786786,65633008.3900,0.333400,1,0.000000,20.780151,0.534671,0.245079,-4.606394,0
2023-04-25,sh.601992,2.3700,2.3800,2.3300,2.3600,2.3600,25865180,60932703.5700,0.310400,1,0.000000,20.780151,0.534671,0.245079,-4.606394,0
2023-04-26,sh.601992,2.3400,2.4200,2.3300,2.4100,2.3600,47281700,112744182.0000,0.567300,1,2.118600,21.220409,0.545999,0.250271,-4.703987,0
2023-04-27,sh.601992,2.4100,2.4200,2.4000,2.4100,2.4100,22122151,53282386.4000,0.265400,1,0.000000,21.220409,0.545999,0.250271,-4.703987,0
2023-04-28,sh.601992,2.3900,2.4200,2.3800,2.4100,2.4100,29520502,70994139.2400,0.354200,1,0.000000,42.510035,0.551964,0.249311,13.816627,0
2023-05-04,sh.601992,2.4000,2.4500,2.4000,2.4100,2.4100,95098031,229762634.4300,1.141100,1,0.000000,42.510035,0.551964,0.249311,13.816627,0
2023-05-05,sh.601992,2.4100,2.4500,2.3900,2.4200,2.4100,58983050,142342793.0000,0.707700,1,0.414900,42.686426,0.554254,0.250345,13.873957,0
2023-05-08,sh.601992,2.4100,2.4400,2.4100,2.4200,2.4200,146686711,355075160.0000,1.760100,1,0.000000,42.686426,0.554254,0.250345,13.873957,0
2023-05-09,sh.601992,2.4200,2.4900,2.4200,2.4500,2.4200,113625105,278927481.4500,1.363400,1,1.239700,43.215596,0.561125,0.253449,14.045948,0
2023-05-10,sh.601992,2.4500,2.4600,2.4200,2.4300,2.4500,58727510,143258794.8200,0.704700,1,-0.816300,42.862816,0.556544,0.251380,13.931287,0
2023-05-11,sh.601992,2.4500,2.4700,2.4300,2.4600,2.4300,44273100,108566308.0000,0.531200,1,1.234600,43.391986,0.563415,0.254483,14.103279,0
2023-05-12,sh.601992,2.4500,2.4600,2.4100,2.4100,2.4600,43714268,106280686.8800,0.524500,1,-2.032500,42.510035,0.551964,0.249311,13.816627,0
2023-05-15,sh.601992,2.4100,2.4200,2.3600,2.4000,2.4100,44996917,107422781.9800,0.539900,1,-0.414900,42.333645,0.549674,0.248276,13.759296,0
2023-05-16,sh.601992,2.4000,2.4100,2.3400,2.3600,2.4000,51684094,122414977.8300,0.620100,1,-1.666700,41.628085,0.540512,0.244138,13.529975,0
2023-05-17,sh.601992,2.3500,2.3700,2.3400,2.3600,2.3600,31139899,73368682.6500,0.373600,1,0.000000,41.628085,0.540512,0.244138,13.529975,0
2023-05-18,sh.601992,2.3600,2.3700,2.3400,2.3400,2.3600,35393676,83141887.8800,0.424700,1,-0.847500,41.275304,0.535932,0.242069,13.415314,0
2023-05-19,sh.601992,2.3400,2.3500,2.3100,2.3100,2.3400,42988024,99663681.4400,0.515800,1,-1.282100,40.746134,0.529061,0.238966,13.243323,0
2023-05-22,sh.601992,2.3000,2.3100,2.2600,2.2700,2.3100,51184394,116592846.3200,0.614200,1,-1.731600,40.040573,0.519900,0.234828,13.014001,0
2023-05-23,sh.601992,2.2700,2.2800,2.2500,2.2500,2.2700,33567305,75930331.8300,0.402800,1,-0.881100,39.687792,0.515319,0.232759,12.899340,0
2023-05-24,sh.601992,2.2500,2.2500,2.2100,2.2200,2.2500,38434044,85516190.1900,0.461200,1,-1.333300,39.158622,0.508448,0.229656,12.727349,0
2023-05-25,sh.601992,2.2100,2.2200,2.1700,2.1900,2.2200,32584382,71486172.4000,0.391000,1,-1.351400,38.629451,0.501577,0.226552,12.555358,0
2023-05-26,sh.601992,2.1900,2.2200,2.1800,2.2200,2.1900,18685729,41173413.7900,0.224200,1,1.369900,39.158622,0.508448,0.229656,12.727349,0
2023-05-29,sh.601992,2.2200,2.2200,2.1800,2.1900,2.2200,25738454,56454941.7200,0.308800,1,-1.351400,38.629451,0.501577,0.226552,12.555358,0
2023-05-30,sh.601992,2.1900,2.2100,2.1600,2.2100,2.1900,25693965,56112387.7600,0.308300,1,0.913200,38.982232,0.506158,0.228621,12.670019,0
2023-05-31,sh.601992,2.2000,2.2100,2.1800,2.1800,2.2100,21121782,46221936.7600,0.253400,1,-1.357500,38.453061,0.499287,0.225518,12.498027,0
2023-06-01,sh.601992,2.1800,2.2000,2.1700,2.1800,2.1800,16866061,36903381.5700,0.202400,1,0.000000,38.453061,0.499287,0.225518,12.498027,0
2023-06-02,sh.601992,2.1900,2.2300,2.1800,2.2200,2.1800,23278059,51428305.1800,0.279300,1,1.834900,39.158622,0.508448,0.229656,12.727349,0
2023-06-05,sh.601992,2.2200,2.2300,2.2100,2.2200,2.2200,17462420,38745774.1000,0.209500,1,0.000000,39.158622,0.508448,0.229656,12.727349,0
2023-06-06,sh.601992,2.2300,2.2500,2.2100,2.2200,2.2200,28619247,63845270.5100,0.343400,1,0.000000,39.158622,0.508448,0.229656,12.727349,0
2023-06-07,sh.601992,2.2100,2.2500,2.2100,2.2300,2.2200,18739360,41835074.1400,0.224900,1,0.450500,39.335012,0.510738,0.230690,12.784679,0
2023-06-08,sh.601992,2.2300,2.2900,2.2200,2.2800,2.2300,50792398,114987498.4000,0.609400,1,2.242200,40.216963,0.522190,0.235863,13.071331,0
2023-06-09,sh.601992,2.2800,2.3000,2.2600,2.2800,2.2800,37853255,86431125.4100,0.454200,1,0.000000,40.216963,0.522190,0.235863,13.071331,0
2023-06-12,sh.601992,2.2900,2.2900,2.2400,2.2700,2.2800,27500860,62218091.4000,0.330000,1,-0.438600,40.040573,0.519900,0.234828,13.014001,0
2023-06-13,sh.601992,2.2700,2.2800,2.2500,2.2500,2.2700,11813949,26702186.2500,0.141800,1,-0.881100,39.687792,0.515319,0.232759,12.899340,0
2023-06-14,sh.601992,2.2500,2.2700,2.2400,2.2500,2.2500,18551509,41824784.2600,0.222600,1,0.000000,39.687792,0.515319,0.232759,12.899340,0
2023-06-15,sh.601992,2.2400,2.2500,2.2300,2.2400,2.2500,16380600,36687729.0000,0.196500,1,-0.444400,39.511402,0.513029,0.231725,12.842010,0
2023-06-16,sh.601992,2.2400,2.2600,2.2300,2.2600,2.2400,15759619,35493120.5600,0.189100,1,0.892900,39.864183,0.517609,0.233794,12.956671,0
2023-06-19,sh.601992,2.2500,2.2600,2.2100,2.2100,2.2600,22389600,49800860.0000,0.268600,1,-2.212400,38.982232,0.506158,0.228621,12.670019,0
2023-06-20,sh.601992,2.2100,2.2200,2.1800,2.1800,2.2100,20918847,45819620.7100,0.251000,1,-1.357500,38.453061,0.499287,0.225518,12.498027,0
2023-06-21,sh.601992,2.1700,2.1900,2.1600,2.1700,2.1800,25793500,56108224.0000,0.309500,1,-0.458700,38.276671,0.496996,0.224483,12.440697,0
2023-06-26,sh.601992,2.1600,2.1600,2.1300,2.1300,2.1700,22496990,48084654.7000,0.269900,1,-1.843300,37.571110,0.487835,0.220345,12.211375,0
2023-06-27,sh.601992,2.1400,2.1900,2.1300,2.1800,2.1300,25407673,54898467.0100,0.304900,1,2.347400,38.453061,0.499287,0.225518,12.498027,0
2023-06-28,sh.601992,2.1800,2.1800,2.1500,2.1700,2.1800,17013293,36773080.2400,0.204100,1,-0.458700,38.276671,0.496996,0.224483,12.440697,0
2023-06-29,sh.601992,2.1600,2.1700,2.1400,2.1500,2.1700,16444671,35400221.6500,0.197300,1,-0.921700,37.923891,0.492416,0.222414,12.326036,0
2023-06-30,sh.601992,2.1600,2.1900,2.1500,2.1800,2.1500,20328182,44178408.8300,0.243900,1,1.395300,38.453061,0.499287,0.225518,12.498027,0
2023-07-03,sh.601992,2.1900,2.2300,2.1800,2.2200,2.1800,27049141,59841205.6100,0.324600,1,1.834900,39.158622,0.508448,0.229656,12.727349,0
2023-07-04,sh.601992,2.2200,2.2300,2.2000,2.2100,2.2200,22630714,50014701.8100,0.271500,1,-0.450500,38.982232,0.506158,0.228621,12.670019,0
2023-07-05,sh.601992,2.2100,2.2300,2.2000,2.2100,2.2100,20498773,45396618.9200,0.246000,1,0.000000,38.982232,0.506158,0.228621,12.670019,0
2023-07-06,sh.601992,2.1500,2.1600,2.1400,2.1500,2.1400,22233400,47833201.0000,0.266800,1,0.467300,37.923891,0.492416,0.222414,12.326036,0
2023-07-07,sh.601992,2.1400,2.1600,2.1400,2.1500,2.1500,19880677,42747783.4100,0.238500,1,0.000000,37.923891,0.492416,0.222414,12.326036,0
2023-07-10,sh.601992,2.1500,2.1700,2.1400,2.1500,2.1500,20061888,43235990.2000,0.240700,1,0.000000,37.923891,0.492416,0.222414,12.326036,0
2023-07-11,sh.601992,2.1600,2.1700,2.1500,2.1600,2.1500,14815073,31956261.9500,0.177800,1,0.465100,38.100281,0.494706,0.223449,12.383367,0
2023-07-12,sh.601992,2.1600,2.1600,2.1300,2.1400,2.1600,13525456,29011974.6000,0.162300,1,-0.925900,37.747500,0.490126,0.221380,12.268706,0
2023-07-13,sh.601992,2.1400,2.1600,2.1400,2.1500,2.1400,11939672,25687770.8100,0.143300,1,0.467300,37.923891,0.492416,0.222414,12.326036,0
2023-07-14,sh.601992,2.1600,2.1700,2.1400,2.1600,2.1500,20163757,43514795.1200,0.241900,1,0.465100,38.100281,0.494706,0.223449,12.383367,0
2023-07-17,sh.601992,2.1600,2.1600,2.1400,2.1500,2.1600,16085600,34532406.0000,0.193000,1,-0.463000,37.923891,0.492416,0.222414,12.326036,0
2023-07-18,sh.601992,2.1600,2.1600,2.1400,2.1600,2.1500,16581818,35675199.4400,0.199000,1,0.465100,38.100281,0.494706,0.223449,12.383367,0
2023-07-19,sh.601992,2.1500,2.2100,2.1500,2.2000,2.1600,33034782,72219488.5800,0.396400,1,1.851900,38.805842,0.503867,0.227587,12.612688,0
2023-07-20,sh.601992,2.2000,2.2300,2.1900,2.2100,2.2000,30695040,67861890.4000,0.368300,1,0.454500,38.982232,0.506158,0.228621,12.670019,0
2023-07-21,sh.601992,2.2100,2.2700,2.2000,2.2600,2.2100,44680110,100129048.3600,0.536100,1,2.262400,39.864183,0.517609,0.233794,12.956671,0
2023-07-24,sh.601992,2.2700,2.2800,2.2400,2.2700,2.2600,32886839,74483586.8100,0.394600,1,0.442500,40.040573,0.519900,0.234828,13.014001,0
2023-07-25,sh.601992,2.2700,2.3100,2.2600,2.3100,2.2700,46336083,106557899.1700,0.556000,1,1.762100,40.746134,0.529061,0.238966,13.243323,0
2023-07-26,sh.601992,2.3100,2.3500,2.3000,2.3400,2.3100,47269826,110129211.5800,0.567200,1,1.298700,41.275304,0.535932,0.242069,13.415314,0
2023-07-27,sh.601992,2.3200,2.3800,2.3100,2.3700,2.3400,59196362,139379459.9000,0.710300,1,1.282100,41.804475,0.542803,0.245173,13.587305,0
2023-07-28,sh.601992,2.3600,2.4000,2.3500,2.4000,2.3700,53918884,128457428.1400,0.647000,1,1.265800,42.333645,0.549674,0.248276,13.759296,0
2023-07-31,sh.601992,2.4000,2.4400,2.3900,2.4100,2.4000,88774855,214207979.2600,1.065200,1,0.416700,42.510035,0.551964,0.249311,13.816627,0
2023-08-01,sh.601992,2.4000,2.4500,2.4000,2.4300,2.4100,63235213,153661271.5900,0.758700,1,0.829900,42.862816,0.556544,0.251380,13.931287,0
2023-08-02,sh.601992,2.4200,2.4500,2.4100,2.4300,2.4300,44210878,107531385.3600,0.530500,1,0.000000,42.862816,0.556544,0.251380,13.931287,0
2023-08-03,sh.601992,2.4300,2.4500,2.4000,2.4400,2.4300,55328104,134091809.6400,0.663900,1,0.411500,43.039206,0.558835,0.252414,13.988618,0
2023-08-04,sh.601992,2.4500,2.4600,2.4200,2.4300,2.4400,47525647,115821346.2100,0.570300,1,-0.409800,42.862816,0.556544,0.251380,13.931287,0
2023-08-07,sh.601992,2.4200,2.4300,2.3700,2.4000,2.4300,42213685,100931855.3100,0.506500,1,-1.234600,42.333645,0.549674,0.248276,13.759296,0
2023-08-08,sh.601992,2.3900,2.4100,2.3700,2.3900,2.4000,31753501,75877122.3900,0.381000,1,-0.416700,42.157255,0.547383,0.247242,13.701966,0
2023-08-09,sh.601992,2.3900,2.4000,2.3700,2.3800,2.3900,26457000,63149756.0000,0.317500,1,-0.418400,41.980865,0.545093,0.246207,13.644635,0
2023-08-10,sh.601992,2.3900,2.4000,2.3700,2.3900,2.3800,22087052,52669563.7600,0.265000,1,0.420200,42.157255,0.547383,0.247242,13.701966,0
2023-08-11,sh.601992,2.3800,2.3900,2.3300,2.3400,2.3900,50224679,118254511.6600,0.602600,1,-2.092100,41.275304,0.535932,0.242069,13.415314,0
2023-08-14,sh.601992,2.3300,2.3600,2.3000,2.3400,2.3400,34338616,80022330.1800,0.412000,1,0.000000,41.275304,0.535932,0.242069,13.415314,0
2023-08-15,sh.601992,2.3400,2.3500,2.3100,2.3400,2.3400,28067000,65585861.0000,0.336800,1,0.000000,41.275304,0.535932,0.242069,13.415314,0
2023-08-16,sh.601992,2.3300,2.3800,2.3100,2.3400,2.3400,32490647,76098802.8600,0.389800,1,0.000000,41.275304,0.535932,0.242069,13.415314,0
2023-08-17,sh.601992,2.3400,2.3500,2.3100,2.3400,2.3400,33830328,78804013.5200,0.405900,1,0.000000,41.275304,0.535932,0.242069,13.415314,0
2023-08-18,sh.601992,2.3400,2.3800,2.3200,2.3200,2.3400,40172537,94342942.2400,0.482000,1,-0.854700,40.922524,0.531351,0.240000,13.300653,0
2023-08-21,sh.601992,2.3200,2.3500,2.2900,2.3000,2.3200,33438185,77786653.9000,0.401200,1,-0.862100,40.569743,0.526770,0.237931,13.185992,0
2023-08-22,sh.601992,2.3000,2.3200,2.2800,2.3100,2.3000,43709520,100524715.3500,0.524500,1,0.434800,40.746134,0.529061,0.238966,13.243323,0
2023-08-23,sh.601992,2.3100,2.3200,2.2700,2.2700,2.3100,29761225,68175781.2500,0.357100,1,-1.731600,40.040573,0.519900,0.234828,13.014001,0
2023-08-24,sh.601992,2.2700,2.2900,2.2400,2.2500,2.2700,37415622,84657462.8100,0.448900,1,-0.881100,39.687792,0.515319,0.232759,12.899340,0
2023-08-25,sh.601992,2.2500,2.3100,2.2400,2.2700,2.2500,45278315,103013040.9000,0.543300,1,0.888900,-113.894252,0.521692,0.250074,7.524136,0
2023-08-28,sh.601992,2.3500,2.3700,2.3000,2.3100,2.2700,62246600,145387567.0000,0.746900,1,1.762100,-115.901199,0.530884,0.254481,7.656720,0
2023-08-29,sh.601992,2.3000,2.3300,2.2500,2.3000,2.3100,70313802,161276846.5800,0.843700,1,-0.432900,-115.399462,0.528586,0.253379,7.623574,0
2023-08-30,sh.601992,2.2900,2.3000,2.2400,2.2400,2.3000,48261770,109077114.8000,0.579100,1,-2.608700,-112.389042,0.514797,0.246769,7.424698,0
2023-08-31,sh.601992,2.2400,2.2600,2.1900,2.2000,2.2400,92414097,203872859.4400,1.108900,1,-1.785700,-110.382094,0.505604,0.242363,7.292114,0
2023-09-01,sh.601992,2.2000,2.2200,2.1900,2.2000,2.2000,43109102,95107356.4200,0.517300,1,0.000000,-110.382094,0.505604,0.242363,7.292114,0
2023-09-04,sh.601992,2.2200,2.3000,2.2100,2.2900,2.2000,71176355,161369895.8500,0.854000,1,4.090900,-114.897726,0.526288,0.252278,7.590428,0
2023-09-05,sh.601992,2.2800,2.2800,2.2100,2.2200,2.2900,61146700,136216360.0000,0.733700,1,-3.056800,-111.385568,0.510201,0.244566,7.358406,0
2023-09-06,sh.601992,2.2200,2.2200,2.1800,2.2000,2.2200,39590800,86940804.0000,0.475000,1,-0.900900,-110.382094,0.505604,0.242363,7.292114,0
2023-09-07,sh.601992,2.2000,2.2100,2.1800,2.1800,2.2000,35831030,78651710.0000,0.429900,1,-0.909100,-109.378621,0.501008,0.240159,7.225822,0
2023-09-08,sh.601992,2.1800,2.1900,2.1600,2.1700,2.1800,24333879,52900114.4300,0.292000,1,-0.458700,-108.876884,0.498710,0.239058,7.192676,0
2023-09-11,sh.601992,2.1800,2.2000,2.1700,2.1800,2.1700,36552047,79756599.4600,0.438600,1,0.460800,-109.378621,0.501008,0.240159,7.225822,0
2023-09-12,sh.601992,2.1800,2.1900,2.1700,2.1800,2.1800,23320200,50833364.0000,0.279800,1,0.000000,-109.378621,0.501008,0.240159,7.225822,0
2023-09-13,sh.601992,2.1900,2.2000,2.1700,2.1700,2.1800,34044650,74295375.5000,0.408500,1,-0.458700,-108.876884,0.498710,0.239058,7.192676,0
2023-09-14,sh.601992,2.1800,2.1900,2.1700,2.1900,2.1700,27231600,59344503.0000,0.326700,1,0.921700,-109.880358,0.503306,0.241261,7.258968,0
2023-09-15,sh.601992,2.1900,2.2100,2.1800,2.1900,2.1900,33367222,73282406.6800,0.400400,1,0.000000,-109.880358,0.503306,0.241261,7.258968,0
2023-09-18,sh.601992,2.2000,2.2000,2.1700,2.1900,2.1900,37961400,83145335.0000,0.455500,1,0.000000,-109.880358,0.503306,0.241261,7.258968,0
2023-09-19,sh.601992,2.1900,2.2300,2.1900,2.2100,2.1900,43791330,96873592.6000,0.525400,1,0.913200,-110.883831,0.507902,0.243464,7.325260,0
2023-09-20,sh.601992,2.2200,2.2400,2.2100,2.2300,2.2100,41006913,91454967.9900,0.492000,1,0.905000,-111.887305,0.512499,0.245668,7.391552,0
2023-09-21,sh.601992,2.2300,2.2400,2.2000,2.2000,2.2300,29702500,65821359.0000,0.356400,1,-1.345300,-110.382094,0.505604,0.242363,7.292114,0
2023-09-22,sh.601992,2.2000,2.2500,2.2000,2.2400,2.2000,45976804,102436862.9600,0.551700,1,1.818200,-112.389042,0.514797,0.246769,7.424698,0
2023-09-25,sh.601992,2.2300,2.2400,2.2000,2.2100,2.2400,31331148,69423008.6000,0.375900,1,-1.339300,-110.883831,0.507902,0.243464,7.325260,0
2023-09-26,sh.601992,2.2100,2.2300,2.2100,2.2100,2.2100,25511602,56616892.4200,0.306100,1,0.000000,-110.883831,0.507902,0.243464,7.325260,0
2023-09-27,sh.601992,2.2200,2.2200,2.1800,2.1900,2.2100,30804015,67884678.8500,0.369600,1,-0.905000,-109.880358,0.503306,0.241261,7.258968,0
2023-09-28,sh.601992,2.1900,2.2100,2.1800,2.2000,2.1900,26978473,59274085.6000,0.323700,1,0.456600,-110.382094,0.505604,0.242363,7.292114,0
2023-10-09,sh.601992,2.1900,2.2000,2.1400,2.1500,2.2000,35365200,76557378.0000,0.424300,1,-2.272700,-107.873410,0.494113,0.236855,7.126384,0
2023-10-10,sh.601992,2.1500,2.1700,2.1200,2.1200,2.1500,40850820,87258678.4000,0.490200,1,-1.395300,-106.368200,0.487218,0.233550,7.026946,0
2023-10-11,sh.601992,2.1300,2.1400,2.1000,2.1000,2.1200,33342800,70561526.0000,0.400100,1,-0.943400,-105.364727,0.482622,0.231346,6.960654,0
2023-10-12,sh.601992,2.1100,2.1400,2.1000,2.1200,2.1000,37127916,78774406.3800,0.445500,1,0.952400,-106.368200,0.487218,0.233550,7.026946,0
2023-10-13,sh.601992,2.1200,2.1200,2.0900,2.1000,2.1200,32162602,67699222.5800,0.385900,1,-0.943400,-105.364727,0.482622,0.231346,6.960654,0
2023-10-16,sh.601992,2.1000,2.1200,2.0900,2.1000,2.1000,35942700,75750061.0000,0.431300,1,0.000000,-105.364727,0.482622,0.231346,6.960654,0
2023-10-17,sh.601992,2.1000,2.1100,2.0900,2.1000,2.1000,18841611,39630045.1000,0.226100,1,0.000000,-105.364727,0.482622,0.231346,6.960654,0
2023-10-18,sh.601992,2.1000,2.1100,2.0600,2.0700,2.1000,29185300,60742177.0000,0.350200,1,-1.428600,-103.859516,0.475728,0.228041,6.861216,0
2023-10-19,sh.601992,2.0600,2.0700,2.0300,2.0300,2.0700,29824349,61121647.9600,0.357900,1,-1.932400,-101.852569,0.466535,0.223635,6.728632,0
2023-10-20,sh.601992,2.0300,2.0700,2.0100,2.0500,2.0300,30099188,61648359.4000,0.361200,1,0.985200,-102.856043,0.471131,0.225838,6.794924,0
2023-10-23,sh.601992,2.0400,2.0500,2.0000,2.0200,2.0500,28055020,56807928.2000,0.336600,1,-1.463400,-101.350832,0.464236,0.222533,6.695486,0
2023-10-24,sh.601992,2.0100,2.0400,2.0000,2.0300,2.0200,30965920,62639860.6000,0.371600,1,0.495000,-101.852569,0.466535,0.223635,6.728632,0
2023-10-25,sh.601992,2.0900,2.1400,2.0800,2.1000,2.0300,60968827,128664158.1400,0.731600,1,3.448300,-105.364727,0.482622,0.231346,6.960654,0
2023-10-26,sh.601992,2.0900,2.1000,2.0500,2.0700,2.1000,40045400,82874826.0000,0.480500,1,-1.428600,-103.859516,0.475728,0.228041,6.861216,0
2023-10-27,sh.601992,2.0600,2.0900,2.0500,2.0700,2.0700,35446313,73413486.7800,0.425300,1,0.000000,-103.859516,0.475728,0.228041,6.861216,0
2023-10-30,sh.601992,2.0600,2.0700,2.0500,2.0500,2.0700,34540294,71009365.7000,0.414400,1,-0.966200,-19.791172,0.471131,0.228392,34.026138,0
2023-10-31,sh.601992,2.0500,2.0800,2.0400,2.0700,2.0500,36928554,76216701.6600,0.443100,1,0.975600,-19.984256,0.475728,0.230620,34.358101,0
2023-11-01,sh.601992,2.0700,2.0800,2.0500,2.0600,2.0700,23885600,49246365.0600,0.286600,1,-0.483100,-19.887714,0.473429,0.229506,34.192119,0
2023-11-02,sh.601992,2.0600,2.0700,2.0400,2.0400,2.0600,21007800,43112212.0000,0.252100,1,-0.970900,-19.694629,0.468833,0.227278,33.860157,0
2023-11-03,sh.601992,2.0400,2.0600,2.0300,2.0300,2.0400,31954800,65328858.0000,0.383400,1,-0.490200,-19.598087,0.466535,0.226164,33.694176,0
2023-11-06,sh.601992,2.0400,2.0600,2.0300,2.0600,2.0300,26521494,54346995.7600,0.318200,1,1.477800,-19.887714,0.473429,0.229506,34.192119,0
2023-11-07,sh.601992,2.0600,2.0600,2.0400,2.0500,2.0600,20843380,42764911.0000,0.250100,1,-0.485400,-19.791172,0.471131,0.228392,34.026138,0
2023-11-08,sh.601992,2.0500,2.0600,2.0400,2.0400,2.0500,24475800,50114856.0000,0.293700,1,-0.487800,-19.694629,0.468833,0.227278,33.860157,0
2023-11-09,sh.601992,2.0400,2.0600,2.0300,2.0300,2.0400,24314502,49653477.0800,0.291700,1,-0.490200,-19.598087,0.466535,0.226164,33.694176,0
2023-11-10,sh.601992,2.0300,2.0400,2.0100,2.0200,2.0300,30143218,60873763.1800,0.361700,1,-0.492600,-19.501545,0.464236,0.225049,33.528195,0
2023-11-13,sh.601992,2.0300,2.0500,2.0100,2.0400,2.0200,29906328,60660245.0400,0.358800,1,0.990100,-19.694629,0.468833,0.227278,33.860157,0
2023-11-14,sh.601992,2.0400,2.0700,2.0300,2.0700,2.0400,47227350,97188281.0000,0.566700,1,1.470600,-19.984256,0.475728,0.230620,34.358101,0
2023-11-15,sh.601992,2.0700,2.0800,2.0500,2.0600,2.0700,26777600,55159373.0000,0.321300,1,-0.483100,-19.887714,0.473429,0.229506,34.192119,0
2023-11-16,sh.601992,2.0600,2.0600,2.0300,2.0400,2.0600,24906100,50935906.0000,0.298800,1,-0.970900,-19.694629,0.468833,0.227278,33.860157,0
2023-11-17,sh.601992,2.0400,2.0500,2.0200,2.0300,2.0400,25118600,50983175.0000,0.301400,1,-0.490200,-19.598087,0.466535,0.226164,33.694176,0
2023-11-20,sh.601992,2.0400,2.0500,2.0200,2.0300,2.0300,28627300,58261615.4200,0.343500,1,0.000000,-19.598087,0.466535,0.226164,33.694176,0
2023-11-21,sh.601992,2.0400,2.0700,2.0300,2.0500,2.0300,41203302,84789834.5300,0.494400,1,0.985200,-19.791172,0.471131,0.228392,34.026138,0
2023-11-22,sh.601992,2.0500,2.0600,2.0400,2.0400,2.0500,24795780,50831768.0000,0.297500,1,-0.487800,-19.694629,0.468833,0.227278,33.860157,0
2023-11-23,sh.601992,2.0400,2.0700,2.0300,2.0700,2.0400,42075750,86653095.0000,0.504900,1,1.470600,-19.984256,0.475728,0.230620,34.358101,0
2023-11-24,sh.601992,2.0700,2.0800,2.0600,2.0700,2.0700,37560400,77775940.0000,0.450700,1,0.000000,-19.984256,0.475728,0.230620,34.358101,0
2023-11-27,sh.601992,2.0600,2.0700,2.0400,2.0400,2.0700,28782455,58957479.2000,0.345400,1,-1.449300,-19.694629,0.468833,0.227278,33.860157,0
2023-11-28,sh.601992,2.0400,2.0500,2.0300,2.0400,2.0400,21823298,44533193.0900,0.261900,1,0.000000,-19.694629,0.468833,0.227278,33.860157,0
2023-11-29,sh.601992,2.0400,2.0500,2.0200,2.0200,2.0400,27989587,56749506.7400,0.335800,1,-0.980400,-19.501545,0.464236,0.225049,33.528195,0
2023-11-30,sh.601992,2.0200,2.0300,2.0100,2.0200,2.0200,21670972,43854770.4400,0.260000,1,0.000000,-19.501545,0.464236,0.225049,33.528195,0
2023-12-01,sh.601992,2.0300,2.0300,2.0100,2.0200,2.0200,20603900,41669310.0000,0.247200,1,0.000000,-19.501545,0.464236,0.225049,33.528195,0
2023-12-04,sh.601992,2.0300,2.0400,2.0200,2.0300,2.0200,25577685,51903024.5600,0.306900,1,0.495000,-19.598087,0.466535,0.226164,33.694176,0
2023-12-05,sh.601992,2.0300,2.0300,2.0000,2.0000,2.0300,38203438,76839536.0000,0.458400,1,-1.477800,-19.308460,0.459640,0.222821,33.196232,0
2023-12-06,sh.601992,2.0000,2.0200,2.0000,2.0100,2.0000,25206643,50593172.0000,0.302400,1,0.500000,-19.405002,0.461938,0.223935,33.362214,0
2023-12-07,sh.601992,2.0100,2.0100,1.9900,2.0000,2.0100,23131900,46281483.0000,0.277600,1,-0.497500,-19.308460,0.459640,0.222821,33.196232,0
2023-12-08,sh.601992,2.0100,2.0200,1.9900,1.9900,2.0000,30862509,61864998.1500,0.370300,1,-0.500000,-19.211918,0.463813,0.221707,33.030251,0
2023-12-11,sh.601992,1.9900,2.0000,1.9500,1.9800,1.9900,40483300,79675072.0000,0.485800,1,-0.502500,-19.115376,0.461483,0.220593,32.864270,0
2023-12-12,sh.601992,1.9800,2.0100,1.9700,2.0000,1.9800,28256134,56306359.5200,0.339000,1,1.010100,-19.308460,0.459640,0.222821,33.196232,0
2023-12-13,sh.601992,2.0000,2.0100,1.9800,1.9900,2.0000,26718614,53355074.4500,0.320600,1,-0.500000,-19.211918,0.457342,0.221707,33.030251,0
2023-12-14,sh.601992,1.9900,2.0000,1.9800,1.9900,1.9900,16479358,32818591.5300,0.197700,1,0.000000,-19.211918,0.457342,0.221707,33.030251,0
2023-12-15,sh.601992,1.9900,2.0000,1.9800,1.9800,1.9900,18338955,36464203.9000,0.220000,1,-0.502500,-19.115376,0.455044,0.220593,32.864270,0
2023-12-18,sh.601992,1.9800,1.9800,1.9300,1.9400,1.9800,30156036,58972267.4900,0.361800,1,-2.020200,-18.729206,0.445851,0.216137,32.200345,0
2023-12-19,sh.601992,1.9400,1.9500,1.9300,1.9500,1.9400,24392900,47384967.6000,0.292700,1,0.515500,-18.825749,0.448149,0.217251,32.366327,0
2023-12-20,sh.601992,1.9400,1.9600,1.9200,1.9200,1.9500,24652684,47789268.9600,0.295800,1,-1.538500,-18.536122,0.441254,0.213908,31.868383,0
2023-12-21,sh.601992,1.9200,1.9300,1.8900,1.9200,1.9200,38010280,72533234.6000,0.456100,1,0.000000,-18.536122,0.441254,0.213908,31.868383,0
2023-12-22,sh.601992,1.9200,1.9200,1.8800,1.8900,1.9200,47851586,90596184.6800,0.574200,1,-1.562500,-18.246495,0.434360,0.210566,31.370440,0
2023-12-25,sh.601992,1.8900,1.9000,1.8700,1.8800,1.8900,21968500,41368184.0000,0.263600,1,-0.529100,-18.149953,0.432062,0.209452,31.204458,0
2023-12-26,sh.601992,1.8800,1.8900,1.8700,1.8700,1.8800,14050600,26376970.0000,0.168600,1,-0.531900,-18.053410,0.429763,0.208338,31.038477,0
2023-12-27,sh.601992,1.8700,1.8800,1.8500,1.8600,1.8700,24920002,46394958.7200,0.299000,1,-0.534800,-17.956868,0.427465,0.207224,30.872496,0
2023-12-28,sh.601992,1.8600,1.9000,1.8500,1.9000,1.8600,34445900,64888117.0400,0.413300,1,2.150500,-18.343037,0.436658,0.211680,31.536421,0
2023-12-29,sh.601992,1.8900,1.9100,1.8900,1.9100,1.9000,18942953,36052496.7000,0.227300,1,0.526300,-18.439579,0.438956,0.212794,31.702402,0
2024-01-02,sh.601992,1.9000,1.9300,1.8900,1.9200,1.9100,33250522,63612553.0200,0.399000,1,0.523600,-18.536122,0.441254,0.213908,31.868383,0
2024-01-03,sh.601992,1.9100,1.9600,1.9100,1.9500,1.9200,30574125,59271966.2500,0.366900,1,1.562500,-18.825749,0.454490,0.217251,32.366327,0
2024-01-04,sh.601992,1.9500,1.9700,1.9200,1.9300,1.9500,28451588,55205129.7100,0.341400,1,-1.025600,-18.632664,0.443553,0.215022,32.034364,0
2024-01-05,sh.601992,1.9400,1.9700,1.9200,1.9300,1.9300,39554145,77135953.3500,0.474600,1,0.000000,-18.632664,0.443553,0.215022,32.034364,0
2024-01-08,sh.601992,1.9200,1.9300,1.8900,1.8900,1.9300,28159000,53650233.0000,0.337900,1,-2.072500,-18.246495,0.434360,0.210566,31.370440,0
2024-01-09,sh.601992,1.8900,1.9100,1.8700,1.9000,1.8900,24217600,45880259.7600,0.290600,1,0.529100,-18.343037,0.436658,0.211680,31.536421,0
2024-01-10,sh.601992,1.8900,1.9300,1.8800,1.9000,1.9000,19733628,37692077.4800,0.236800,1,0.000000,-18.343037,0.436658,0.211680,31.536421,0
2024-01-11,sh.601992,1.9000,1.9400,1.8900,1.9300,1.9000,24867700,47745546.0000,0.298400,1,1.578900,-18.632664,0.443553,0.215022,32.034364,0
2024-01-12,sh.601992,1.9200,1.9600,1.9200,1.9400,1.9300,21795415,42267942.9500,0.261500,1,0.518100,-18.729206,0.445851,0.216137,32.200345,0
2024-01-15,sh.601992,1.9300,1.9500,1.9000,1.9300,1.9400,27952688,53831541.8400,0.335400,1,-0.515500,-18.632664,0.443553,0.215022,32.034364,0
2024-01-16,sh.601992,1.9300,1.9400,1.9000,1.9300,1.9300,30070369,57716955.4900,0.360800,1,0.000000,-18.632664,0.443553,0.215022,32.034364,0
2024-01-17,sh.601992,1.9200,1.9300,1.8800,1.8800,1.9300,23211082,44147307.9200,0.278500,1,-2.590700,-18.149953,0.432062,0.209452,31.204458,0
2024-01-18,sh.601992,1.8800,1.8800,1.8000,1.8500,1.8800,49205184,90003236.3900,0.590400,1,-1.595700,-17.860326,0.425167,0.206110,30.706515,0
2024-01-19,sh.601992,1.8400,1.8400,1.8100,1.8200,1.8500,21818754,39880192.2400,0.261800,1,-1.621600,-17.570699,0.418272,0.202767,30.208572,0
2024-01-22,sh.601992,1.8200,1.8200,1.7100,1.7400,1.8200,44491619,79351745.8700,0.533800,1,-4.395600,-16.798360,0.399887,0.193854,28.880722,0
2024-01-23,sh.601992,1.7400,1.7700,1.7000,1.7600,1.7400,38557900,66873147.0000,0.462600,1,1.149400,-16.991445,0.404483,0.196083,29.212685,0
2024-01-24,sh.601992,1.7600,1.8200,1.7400,1.8200,1.7600,48453521,86331174.0400,0.581400,1,3.409100,-17.570699,0.424191,0.202767,30.208572,0
2024-01-25,sh.601992,1.8200,1.8800,1.8100,1.8700,1.8200,42854019,79397597.7700,0.514200,1,2.747300,-18.053410,0.429763,0.208338,31.038477,0
2024-01-26,sh.601992,1.8700,1.9300,1.8600,1.9200,1.8700,49923904,95310790.6400,0.599000,1,2.673800,-18.536122,0.441254,0.213908,31.868383,0
2024-01-29,sh.601992,1.9200,1.9500,1.8900,1.8900,1.9200,42064944,80666757.9600,0.504700,1,-1.562500,-18.246495,0.434360,0.210566,31.370440,0
2024-01-30,sh.601992,1.8900,1.9100,1.8600,1.8600,1.8900,35752800,67549301.0000,0.429000,1,-1.587300,-17.956868,0.427465,0.207224,30.872496,0
2024-01-31,sh.601992,1.8500,1.8800,1.8300,1.8300,1.8600,42266900,78282464.0000,0.507200,1,-1.612900,-17.667241,0.420571,0.203881,30.374553,0
2024-02-01,sh.601992,1.8200,1.8600,1.8000,1.8300,1.8300,43359648,79492794.5400,0.520300,1,0.000000,-17.667241,0.420571,0.203881,30.374553,0
2024-02-02,sh.601992,1.8300,1.8600,1.7300,1.7700,1.8300,50427630,90986403.2700,0.605100,1,-3.278700,-17.087987,0.406781,0.197197,29.378666,0
2024-02-05,sh.601992,1.7500,1.7900,1.6800,1.7700,1.7700,70656635,122580098.2500,0.847800,1,0.000000,-17.087987,0.412537,0.197197,29.378666,0
2024-02-06,sh.601992,1.7400,1.8700,1.7100,1.8400,1.7700,68123600,121618708.9000,0.817400,1,3.954800,-17.763783,0.422869,0.204996,30.540534,0
2024-02-07,sh.601992,1.8500,2.0100,1.8400,2.0100,1.8400,123987793,242153709.5000,1.487700,1,9.239100,-19.405002,0.461938,0.223935,33.362214,0
2024-02-08,sh.601992,2.0000,2.0900,1.9800,2.0100,2.0100,102290900,208463910.4200,1.227400,1,0.000000,-19.405002,0.461938,0.223935,33.362214,0
2024-02-19,sh.601992,2.0500,2.0500,1.9300,1.9400,2.0100,68735427,135387959.1000,0.824700,1,-3.482600,-18.729206,0.445851,0.216137,32.200345,0
2024-02-20,sh.601992,1.9300,1.9700,1.9100,1.9600,1.9400,38657579,75121453.0500,0.463800,1,1.030900,-18.922291,0.450447,0.218365,32.532308,0
2024-02-21,sh.601992,1.9500,2.0000,1.9400,1.9600,1.9600,49906279,98274326.2600,0.598800,1,0.000000,-18.922291,0.450447,0.218365,32.532308,0
2024-02-22,sh.601992,1.9500,1.9600,1.9200,1.9400,1.9600,42419277,82139419.6100,0.509000,1,-1.020400,-18.729206,0.445851,0.216137,32.200345,0
2024-02-23,sh.601992,1.9400,1.9400,1.9100,1.9400,1.9400,42299400,81583224.9800,0.507500,1,0.000000,-18.729206,0.445851,0.216137,32.200345,0
2024-02-26,sh.601992,1.9400,1.9500,1.9100,1.9200,1.9400,51050600,98391576.0000,0.612500,1,-1.030900,-18.536122,0.441254,0.213908,31.868383,0
2024-02-27,sh.601992,1.9200,1.9400,1.9100,1.9400,1.9200,34158601,65853463.8900,0.409900,1,1.041700,-18.729206,0.445851,0.216137,32.200345,0
2024-02-28,sh.601992,1.9400,1.9700,1.9300,1.9300,1.9400,63160003,123234512.5700,0.757800,1,-0.515500,-18.632664,0.443553,0.215022,32.034364,0
2024-02-29,sh.601992,1.9200,1.9600,1.9200,1.9500,1.9300,41277140,80104613.2300,0.495300,1,1.036300,-18.825749,0.448149,0.217251,32.366327,0
2024-03-01,sh.601992,1.9500,1.9600,1.9300,1.9500,1.9500,37992694,73845290.3600,0.455900,1,0.000000,-18.825749,0.448149,0.217251,32.366327,0
2024-03-04,sh.601992,1.9500,1.9500,1.9200,1.9200,1.9500,30631190,59117252.9200,0.367500,1,-1.538500,-18.536122,0.441254,0.213908,31.868383,0
2024-03-05,sh.601992,1.9200,1.9300,1.8900,1.9000,1.9200,35960474,68519312.6000,0.431500,1,-1.041700,-18.343037,0.436658,0.211680,31.536421,0
2024-03-06,sh.601992,1.9000,1.9400,1.8900,1.9100,1.9000,29616000,56694829.0000,0.355400,1,0.526300,-18.439579,0.438956,0.212794,31.702402,0
2024-03-07,sh.601992,1.9100,1.9400,1.9100,1.9200,1.9100,32030277,61719782.4600,0.384300,1,0.523600,-18.536122,0.441254,0.213908,31.868383,0
2024-03-08,sh.601992,1.9200,1.9300,1.9100,1.9300,1.9200,29422120,56540508.4800,0.353000,1,0.520800,-18.632664,0.443553,0.215022,32.034364,0
2024-03-11,sh.601992,1.9200,1.9500,1.9200,1.9500,1.9300,29972182,57973005.9800,0.359600,1,1.036300,-18.825749,0.448149,0.217251,32.366327,0
2024-03-12,sh.601992,1.9500,1.9800,1.9400,1.9600,1.9500,43241920,84658040.0000,0.518900,1,0.512800,-18.922291,0.450447,0.218365,32.532308,0
2024-03-13,sh.601992,1.9700,1.9700,1.9400,1.9500,1.9600,32665976,63720286.2000,0.392000,1,-0.510200,-18.825749,0.448149,0.217251,32.366327,0
2024-03-14,sh.601992,1.9500,1.9600,1.9400,1.9400,1.9500,22003412,42877651.3000,0.264000,1,-0.512800,-18.729206,0.445851,0.216137,32.200345,0
2024-03-15,sh.601992,1.9400,1.9600,1.9300,1.9600,1.9400,31321528,60964012.3200,0.375800,1,1.030900,-18.922291,0.450447,0.218365,32.532308,0
2024-03-18,sh.601992,1.9600,1.9700,1.9500,1.9700,1.9600,25999338,50922401.1000,0.312000,1,0.510200,-19.018833,0.452746,0.219479,32.698289,0
2024-03-19,sh.601992,1.9700,1.9700,1.9400,1.9400,1.9700,23118846,45159588.8400,0.277400,1,-1.522800,-18.729206,0.445851,0.216137,32.200345,0
2024-03-20,sh.601992,1.9400,1.9500,1.9300,1.9400,1.9400,20542900,39821633.0000,0.246500,1,0.000000,-18.729206,0.445851,0.216137,32.200345,0
2024-03-21,sh.601992,1.9400,1.9500,1.9200,1.9200,1.9400,26201276,50757735.6800,0.314400,1,-1.030900,-18.536122,0.441254,0.213908,31.868383,0
2024-03-22,sh.601992,1.9200,1.9300,1.8900,1.9000,1.9200,29436780,56139818.0000,0.353200,1,-1.041700,-18.343037,0.436658,0.211680,31.536421,0
2024-03-25,sh.601992,1.9000,1.9400,1.8900,1.9100,1.9000,30828900,58994639.0000,0.369900,1,0.526300,-18.439579,0.438956,0.212794,31.702402,0
2024-03-26,sh.601992,1.9100,1.9200,1.8900,1.9000,1.9100,24071100,45909436.0000,0.288800,1,-0.523600,-18.343037,0.436658,0.211680,31.536421,0
2024-03-27,sh.601992,1.9000,1.9100,1.8800,1.8800,1.9000,23464280,44365260.2000,0.281500,1,-1.052600,-18.149953,0.432062,0.209452,31.204458,0
2024-03-28,sh.601992,1.8800,1.9000,1.8700,1.8700,1.8800,29890600,56304236.0000,0.358700,1,-0.531900,-18.053410,0.429763,0.208338,31.038477,0
2024-03-29,sh.601992,1.8700,1.8800,1.8400,1.8600,1.8700,27660441,51387286.4000,0.331900,1,-0.534800,-17.956868,0.427465,0.207224,30.872496,0
2024-04-01,sh.601992,1.8800,1.9500,1.8700,1.9400,1.8600,48468255,93206988.9000,0.581600,1,4.301100,-18.729206,0.445851,0.216137,32.200345,0
2024-04-02,sh.601992,1.9500,2.0000,1.9300,1.9900,1.9400,63041604,124625736.9000,0.756400,1,2.577300,841.107894,0.466609,0.196829,5.307279,0
2024-04-03,sh.601992,1.9900,2.0100,1.9800,1.9900,1.9900,44869350,89516599.5000,0.538400,1,0.000000,841.107894,0.466609,0.196829,5.307279,0
2024-04-08,sh.601992,1.9900,2.0500,1.9800,2.0000,1.9900,61837049,124903736.6400,0.742000,1,0.502500,845.334567,0.468954,0.197818,5.333949,0
2024-04-09,sh.601992,2.0000,2.0100,1.9700,1.9800,2.0000,30235148,60053291.5600,0.362800,1,-1.000000,836.881221,0.464265,0.195839,5.280609,0
2024-04-10,sh.601992,1.9700,1.9800,1.9300,1.9500,1.9800,33015379,64497789.8400,0.396100,1,-1.515200,824.201203,0.457230,0.192872,5.200600,0
2024-04-11,sh.601992,1.9400,1.9600,1.9200,1.9400,1.9500,30158331,58545369.3000,0.361900,1,-0.512800,819.974530,0.454886,0.191883,5.173930,0
2024-04-12,sh.601992,1.9500,1.9500,1.9000,1.9000,1.9400,27744104,53276985.2400,0.332900,1,-2.061900,803.067839,0.445507,0.187927,5.067251,0
2024-04-15,sh.601992,1.9000,1.9200,1.8600,1.9000,1.9000,45356872,85730574.0500,0.544200,1,0.000000,803.067839,0.445507,0.187927,5.067251,0
2024-04-16,sh.601992,1.8800,1.9000,1.8400,1.8400,1.9000,45593751,84868142.3400,0.547100,1,-3.157900,777.707802,0.431438,0.181992,4.907233,0
2024-04-17,sh.601992,1.8400,1.8900,1.8400,1.8900,1.8400,36976649,69105859.0300,0.443700,1,2.717400,798.841166,0.443162,0.186938,5.040581,0
2024-04-18,sh.601992,1.8900,1.9200,1.8700,1.8900,1.8900,32844397,62330080.0800,0.394100,1,0.000000,798.841166,0.443162,0.186938,5.040581,0
2024-04-19,sh.601992,1.8900,1.9300,1.8800,1.8900,1.8900,32457725,61940547.9800,0.389500,1,0.000000,798.841166,0.443162,0.186938,5.040581,0
2024-04-22,sh.601992,1.9000,1.9100,1.8700,1.8700,1.8900,25625174,48278032.3800,0.307500,1,-1.058200,790.387820,0.438472,0.184960,4.987242,0
2024-04-23,sh.601992,1.8700,1.8800,1.8400,1.8400,1.8700,28375652,52664298.2400,0.340500,1,-1.604300,777.707802,0.431438,0.181992,4.907233,0
2024-04-24,sh.601992,1.8400,1.8600,1.8200,1.8300,1.8400,26468170,48426360.4000,0.317600,1,-0.543500,773.481129,0.429093,0.181003,4.880563,0
2024-04-25,sh.601992,1.8300,1.8500,1.8200,1.8400,1.8300,22278112,40907012.8400,0.267300,1,0.546400,777.707802,0.431438,0.181992,4.907233,0
2024-04-26,sh.601992,1.8300,1.8900,1.8200,1.8900,1.8400,42204067,78335487.1700,0.506400,1,2.717400,798.841166,0.443162,0.186938,5.040581,0
2024-04-29,sh.601992,1.8900,1.9900,1.8800,1.9700,1.8900,59632200,116750663.0000,0.715500,1,4.232800,832.654549,0.461920,0.194850,5.253939,0
2024-04-30,sh.601992,1.9400,1.9500,1.8700,1.8700,1.9700,57982395,110236742.1500,0.695700,1,-5.076100,-20.981417,0.454241,0.205196,26.137041,0
2024-05-06,sh.601992,1.8900,1.9300,1.8500,1.8700,1.8700,62141598,117490932.2300,0.745600,1,0.000000,-20.981417,0.454241,0.205196,26.137041,0
2024-05-07,sh.601992,1.8700,1.8800,1.8300,1.8500,1.8700,46827000,86436845.0000,0.561900,1,-1.069500,-20.757017,0.449383,0.203002,25.857500,0
2024-05-08,sh.601992,1.8400,1.8500,1.8100,1.8100,1.8500,33023222,60212343.8200,0.396200,1,-2.162200,-20.308216,0.439666,0.198612,25.298419,0
2024-05-09,sh.601992,1.8000,1.8500,1.8000,1.8300,1.8100,32814471,60108695.9300,0.393700,1,1.105000,-20.532616,0.444524,0.200807,25.577960,0
2024-05-10,sh.601992,1.8400,1.8400,1.8100,1.8300,1.8300,26115102,47645680.6200,0.313400,1,0.000000,-20.532616,0.444524,0.200807,25.577960,0
2024-05-13,sh.601992,1.8300,1.8300,1.8000,1.8100,1.8300,24348051,44118166.3100,0.292100,1,-1.092900,-20.308216,0.439666,0.198612,25.298419,0
2024-05-14,sh.601992,1.8100,1.8300,1.8000,1.8000,1.8100,29327302,53014321.6000,0.351900,1,-0.552500,-20.196016,0.437237,0.197515,25.158649,0
2024-05-15,sh.601992,1.8000,1.8300,1.7900,1.8100,1.8000,28586365,51787274.6500,0.343000,1,0.555600,-20.308216,0.439666,0.198612,25.298419,0
2024-05-16,sh.601992,1.8100,1.8700,1.8100,1.8500,1.8100,65061000,119864916.0000,0.780700,1,2.209900,-20.757017,0.449383,0.203002,25.857500,0
2024-05-17,sh.601992,1.8500,1.9200,1.8300,1.9200,1.8500,71004263,133027719.3300,0.852000,1,3.783800,-21.542417,0.466386,0.210683,26.835892,0
2024-05-20,sh.601992,1.9300,1.9400,1.8800,1.8900,1.9200,50411296,95771439.3100,0.604900,1,-1.562500,-21.205817,0.459099,0.207391,26.416581,0
2024-05-21,sh.601992,1.8900,1.9000,1.8500,1.8700,1.8900,30640800,57361685.0000,0.367700,1,-1.058200,-20.981417,0.454241,0.205196,26.137041,0
2024-05-22,sh.601992,1.8600,1.9100,1.8600,1.8800,1.8700,32211832,60775481.2000,0.386500,1,0.534800,-21.093617,0.456670,0.206294,26.276811,0
2024-05-23,sh.601992,1.8800,1.8800,1.8200,1.8200,1.8800,37917900,69773280.0000,0.455000,1,-3.191500,-20.420416,0.442095,0.199710,25.438190,0
2024-05-24,sh.601992,1.8200,1.8300,1.8000,1.8100,1.8200,20199020,36719007.2000,0.242400,1,-0.549500,-20.308216,0.439666,0.198612,25.298419,0
2024-05-27,sh.601992,1.8100,1.8200,1.7800,1.8000,1.8100,35583600,63843262.0000,0.427000,1,-0.552500,-20.196016,0.437237,0.197515,25.158649,0
2024-05-28,sh.601992,1.8000,1.8100,1.7300,1.7400,1.8000,49626981,87322242.9400,0.595500,1,-3.333300,-19.522816,0.422663,0.190931,24.320027,0
2024-05-29,sh.601992,1.7500,1.7800,1.7400,1.7500,1.7400,29104813,51249068.6200,0.349200,1,0.574700,-19.635016,0.425092,0.192029,24.459798,0
2024-05-30,sh.601992,1.7400,1.7600,1.7200,1.7400,1.7500,27368981,47576545.1300,0.328400,1,-0.571400,-19.522816,0.422663,0.190931,24.320027,0
2024-05-31,sh.601992,1.7400,1.7500,1.7100,1.7100,1.7400,28151200,48588797.0000,0.337800,1,-1.724100,-19.186215,0.415375,0.187639,23.900717,0
2024-06-03,sh.601992,1.7100,1.7200,1.6500,1.6600,1.7100,51700500,86350502.0000,0.620300,1,-2.924000,-18.625215,0.403230,0.182153,23.201865,0
2024-06-04,sh.601992,1.6500,1.6900,1.6400,1.6900,1.6600,33725899,56344350.3400,0.404700,1,1.807200,-18.961815,0.410517,0.185445,23.621176,0
2024-06-05,sh.601992,1.6900,1.7100,1.6600,1.6700,1.6900,26592519,44738622.7300,0.319100,1,-1.183400,-18.737415,0.405659,0.183250,23.341635,0
2024-06-06,sh.601992,1.6700,1.6800,1.6200,1.6300,1.6700,34884260,57139900.6100,0.418600,1,-2.395200,-18.288615,0.395942,0.178861,22.782554,0
2024-06-07,sh.601992,1.6300,1.6700,1.6300,1.6600,1.6300,29568704,48771349.9100,0.354800,1,1.840500,-18.625215,0.403230,0.182153,23.201865,0
2024-06-11,sh.601992,1.6600,1.6600,1.6200,1.6400,1.6600,35308893,57735520.5200,0.423700,1,-1.204800,-18.400815,0.398372,0.179958,22.922325,0
2024-06-12,sh.601992,1.6400,1.6500,1.6300,1.6400,1.6400,16218293,26589029.5900,0.194600,1,0.000000,-18.400815,0.398372,0.179958,22.922325,0
2024-06-13,sh.601992,1.6400,1.6400,1.5700,1.5800,1.6400,47063000,75221135.0000,0.564700,1,-3.658500,-17.727614,0.383797,0.173374,22.083703,0
2024-06-14,sh.601992,1.5700,1.6000,1.5600,1.5900,1.5800,35848302,56778668.1400,0.430100,1,0.632900,-17.839814,0.386226,0.174472,22.223473,0
2024-06-17,sh.601992,1.5800,1.5900,1.5300,1.5500,1.5900,36760600,57252149.0600,0.441100,1,-2.515700,-17.391014,0.376510,0.170082,21.664392,0
2024-06-18,sh.601992,1.5500,1.5800,1.5400,1.5400,1.5500,27725524,43109085.9600,0.332700,1,-0.645200,-17.278814,0.374081,0.168985,21.524622,0
2024-06-19,sh.601992,1.5300,1.5500,1.4900,1.5000,1.5400,42373700,64261573.0000,0.508400,1,-2.597400,-16.830014,0.364364,0.164596,20.965541,0
2024-06-20,sh.601992,1.5000,1.5000,1.3800,1.4000,1.5000,96921807,138123417.0200,1.162900,1,-6.666700,-15.708013,0.340073,0.153623,19.567838,0
2024-06-21,sh.601992,1.3900,1.4000,1.3500,1.3800,1.4000,80790259,111269906.7500,0.969400,1,-1.428600,-15.483612,0.335215,0.151428,19.288298,0
2024-06-24,sh.601992,1.3800,1.3900,1.3200,1.3400,1.3800,80288413,108653626.9200,0.963400,1,-2.898600,-15.034812,0.325499,0.147039,18.729216,0
2024-06-25,sh.601992,1.3400,1.4200,1.3300,1.3900,1.3400,62634982,86611257.1600,0.751500,1,3.731300,-15.595813,0.337644,0.152526,19.428068,0
2024-06-26,sh.601992,1.3900,1.4100,1.3600,1.4100,1.3900,33886400,46997275.0000,0.406600,1,1.438800,-15.820213,0.342502,0.154720,19.707608,0
2024-06-27,sh.601992,1.4100,1.4200,1.3800,1.3900,1.4100,29312700,40969077.0000,0.351700,1,-1.418400,-15.595813,0.337644,0.152526,19.428068,0
2024-06-28,sh.601992,1.3800,1.4100,1.3600,1.3700,1.3900,34773359,48323187.8600,0.417200,1,-1.438800,-15.371412,0.332786,0.150331,19.148527,0
2024-07-01,sh.601992,1.3700,1.4100,1.3600,1.3900,1.3700,35464553,49300750.0100,0.425500,1,1.459900,-15.595813,0.337644,0.152526,19.428068,0
2024-07-02,sh.601992,1.3900,1.4300,1.3800,1.4200,1.3900,43534288,61670963.8800,0.522400,1,2.158300,-15.932413,0.344931,0.155817,19.847379,0
2024-07-03,sh.601992,1.4200,1.4600,1.4100,1.4300,1.4200,37935951,54623870.9300,0.455200,1,0.704200,-16.044613,0.347361,0.156915,19.987149,0
2024-07-04,sh.601992,1.4400,1.4500,1.3800,1.3900,1.4300,30616000,42927670.0000,0.367400,1,-2.797200,-15.595813,0.337644,0.152526,19.428068,0
2024-07-05,sh.601992,1.3900,1.4100,1.3700,1.4000,1.3900,26851300,37399630.0000,0.322200,1,0.719400,-15.708013,0.340073,0.153623,19.567838,0
2024-07-08,sh.601992,1.3900,1.4000,1.3400,1.3500,1.4000,31508300,42902213.0000,0.378100,1,-3.571400,-15.147012,0.327928,0.148136,18.868987,0
2024-07-09,sh.601992,1.3500,1.3700,1.3300,1.3500,1.3500,27737400,37475798.9200,0.332800,1,0.000000,-15.147012,0.327928,0.148136,18.868987,0
2024-07-10,sh.601992,1.3400,1.3500,1.3100,1.3200,1.3500,37963478,50373325.2600,0.455500,1,-2.222200,-14.810412,0.320641,0.144844,18.449676,0
2024-07-11,sh.601992,1.3300,1.3800,1.3300,1.3700,1.3200,41603840,56407024.8800,0.499200,1,3.787900,-15.371412,0.332786,0.150331,19.148527,0
2024-07-12,sh.601992,1.3800,1.4200,1.3700,1.3900,1.3700,35814204,49898164.5200,0.429700,1,1.459900,-15.595813,0.337644,0.152526,19.428068,0
2024-07-15,sh.601992,1.3900,1.4100,1.3600,1.3800,1.3900,35897700,49687378.0000,0.430700,1,-0.719400,-15.483612,0.335215,0.151428,19.288298,0
2024-07-16,sh.601992,1.3700,1.3800,1.3500,1.3700,1.3800,23307403,31871638.3100,0.279700,1,-0.724600,-15.371412,0.332786,0.150331,19.148527,0
2024-07-17,sh.601992,1.3600,1.3800,1.3500,1.3800,1.3700,28142469,38461032.6400,0.337700,1,0.729900,-15.483612,0.335215,0.151428,19.288298,0
2024-07-18,sh.601992,1.3700,1.3800,1.3400,1.3600,1.3800,27693869,37545512.0600,0.332300,1,-1.449300,-15.259212,0.330357,0.149234,19.008757,0
2024-07-19,sh.601992,1.3600,1.3600,1.3400,1.3600,1.3600,25723700,34818908.0000,0.308700,1,0.000000,-15.259212,0.330357,0.149234,19.008757,0
2024-07-22,sh.601992,1.3500,1.3600,1.3400,1.3500,1.3600,18825520,25420809.0000,0.225900,1,-0.735300,-15.147012,0.327928,0.148136,18.868987,0
2024-07-23,sh.601992,1.3500,1.3700,1.3400,1.3400,1.3500,27845566,37755372.4400,0.334100,1,-0.740700,-15.034812,0.325499,0.147039,18.729216,0
2024-07-24,sh.601992,1.3400,1.3500,1.3100,1.3200,1.3400,27313800,36117294.0000,0.327700,1,-1.492500,-14.810412,0.320641,0.144844,18.449676,0
2024-07-25,sh.601992,1.3100,1.3400,1.3000,1.3200,1.3200,27069322,35785876.0500,0.324800,1,0.000000,-14.810412,0.320641,0.144844,18.449676,0
2024-07-26,sh.601992,1.3100,1.3300,1.2900,1.3200,1.3000,24203108,31907108.5600,0.290400,1,1.538500,-14.810412,0.320641,0.144844,18.449676,0
2024-07-29,sh.601992,1.3200,1.3300,1.3000,1.3200,1.3200,19566808,25787780.5600,0.234800,1,0.000000,-14.810412,0.320641,0.144844,18.449676,0
2024-07-30,sh.601992,1.3200,1.3700,1.3100,1.3600,1.3200,43516540,58610267.4000,0.522100,1,3.030300,-15.259212,0.330357,0.149234,19.008757,0
2024-07-31,sh.601992,1.3600,1.4200,1.3500,1.4100,1.3600,39300718,54913599.3800,0.471600,1,3.676500,-15.820213,0.342502,0.154720,19.707608,0
2024-08-01,sh.601992,1.4100,1.4300,1.3800,1.3900,1.4100,35797000,49995945.0000,0.429500,1,-1.418400,-15.595813,0.337644,0.152526,19.428068,0
2024-08-02,sh.601992,1.3800,1.3900,1.3600,1.3700,1.3900,25093400,34567877.0000,0.301100,1,-1.438800,-15.371412,0.332786,0.150331,19.148527,0
2024-08-05,sh.601992,1.3600,1.4000,1.3600,1.3700,1.3700,37973459,52455230.4200,0.455600,1,0.000000,-15.371412,0.332786,0.150331,19.148527,0
2024-08-06,sh.601992,1.3800,1.3900,1.3600,1.3800,1.3700,32858800,45256787.0000,0.394300,1,0.729900,-15.483612,0.335215,0.151428,19.288298,0
2024-08-07,sh.601992,1.3700,1.3800,1.3500,1.3600,1.3800,26996500,36792398.0000,0.323900,1,-1.449300,-15.259212,0.330357,0.149234,19.008757,0
2024-08-08,sh.601992,1.3600,1.3900,1.3600,1.3900,1.3600,29510200,40679119.0000,0.354100,1,2.205900,-15.595813,0.337644,0.152526,19.428068,0
2024-08-09,sh.601992,1.3900,1.4100,1.3800,1.3900,1.3900,32034900,44735880.0000,0.384400,1,0.000000,-15.595813,0.337644,0.152526,19.428068,0
2024-08-12,sh.601992,1.3900,1.3900,1.3400,1.3600,1.3900,32234200,43881426.0000,0.386800,1,-2.158300,-15.259212,0.330357,0.149234,19.008757,0
2024-08-13,sh.601992,1.3500,1.3700,1.3400,1.3600,1.3600,26009200,35242833.0000,0.312100,1,0.000000,-15.259212,0.330357,0.149234,19.008757,0
2024-08-14,sh.601992,1.3700,1.3800,1.3500,1.3500,1.3600,20201200,27490596.0000,0.242400,1,-0.735300,-15.147012,0.327928,0.148136,18.868987,0
2024-08-15,sh.601992,1.3500,1.3800,1.3400,1.3600,1.3500,27717810,37678598.6000,0.332600,1,0.740700,-15.259212,0.330357,0.149234,19.008757,0
2024-08-16,sh.601992,1.3600,1.3700,1.3300,1.3400,1.3600,28769300,38709340.0000,0.345200,1,-1.470600,-15.034812,0.325499,0.147039,18.729216,0
2024-08-19,sh.601992,1.3300,1.3500,1.3200,1.3300,1.3400,22114698,29524848.3400,0.265400,1,-0.746300,-14.922612,0.323070,0.145942,18.589446,0
2024-08-20,sh.601992,1.3300,1.3400,1.2900,1.3000,1.3300,37111050,48430913.6000,0.445300,1,-2.255600,-14.586012,0.315782,0.142650,18.170135,0
2024-08-21,sh.601992,1.3000,1.3000,1.2800,1.2900,1.3000,26196264,33758236.0200,0.314300,1,-0.769200,-14.473812,0.313353,0.141552,18.030365,0
2024-08-22,sh.601992,1.3100,1.3100,1.2700,1.2700,1.2900,22763300,29286380.0000,0.273100,1,-1.550400,-14.249411,0.308495,0.139358,17.750825,0
2024-08-23,sh.601992,1.2700,1.2800,1.2400,1.2800,1.2700,31650100,39983565.0000,0.379800,1,0.787400,-14.361612,0.310924,0.140455,17.890595,0
2024-08-26,sh.601992,1.2900,1.3100,1.2800,1.3100,1.2800,23067600,30037377.0000,0.276800,1,2.343800,-14.698212,0.318211,0.143747,18.309906,0
2024-08-27,sh.601992,1.3000,1.3400,1.2900,1.3200,1.3100,46314566,60535486.3200,0.555700,1,0.763400,-14.810412,0.320641,0.144844,18.449676,0
2024-08-28,sh.601992,1.3100,1.3200,1.3000,1.3200,1.3200,18579400,24360680.0000,0.222900,1,0.000000,-14.810412,0.320641,0.144844,18.449676,0
2024-08-29,sh.601992,1.3200,1.3300,1.3100,1.3200,1.3200,15854200,20924746.0000,0.190200,1,0.000000,-14.810412,0.320641,0.144844,18.449676,0
2024-08-30,sh.601992,1.3300,1.3600,1.3100,1.3400,1.3200,41694375,55907783.8100,0.500300,1,1.515200,-15.034812,0.325499,0.147039,18.729216,0
2024-09-02,sh.601992,1.3600,1.4000,1.3500,1.3800,1.3400,72023655,99480264.0900,0.864200,1,2.985100,-12.367345,0.335939,0.141168,-3.072716,0
2024-09-03,sh.601992,1.3900,1.4200,1.3800,1.4100,1.3800,45517800,63818684.0000,0.546200,1,2.173900,-12.636201,0.343242,0.144236,-3.139514,0
2024-09-04,sh.601992,1.4000,1.4100,1.3600,1.3700,1.4100,31483900,43376851.0000,0.377800,1,-2.836900,-12.277727,0.333504,0.140145,-3.050450,0
2024-09-05,sh.601992,1.3500,1.3900,1.3500,1.3800,1.3700,20417300,28138323.0000,0.245000,1,0.729900,-12.367345,0.335939,0.141168,-3.072716,0
2024-09-06,sh.601992,1.3700,1.3900,1.3700,1.3700,1.3800,14206517,19563784.3000,0.170500,1,-0.724600,-12.277727,0.333504,0.140145,-3.050450,0
2024-09-09,sh.601992,1.3600,1.3900,1.3500,1.3700,1.3700,27402191,37652551.5800,0.328800,1,0.000000,-12.277727,0.333504,0.140145,-3.050450,0
2024-09-10,sh.601992,1.3800,1.4000,1.3600,1.3800,1.3700,28185200,38815462.0000,0.338200,1,0.729900,-12.367345,0.335939,0.141168,-3.072716,0
2024-09-11,sh.601992,1.3700,1.3800,1.3400,1.3500,1.3800,22250579,30124642.6500,0.267000,1,-2.173900,-12.098490,0.328636,0.138099,-3.005917,0
2024-09-12,sh.601992,1.3500,1.3700,1.3400,1.3500,1.3500,17784143,24076559.0500,0.213400,1,0.000000,-12.098490,0.328636,0.138099,-3.005917,0
2024-09-13,sh.601992,1.3500,1.3600,1.3400,1.3400,1.3500,18004700,24286220.0000,0.216000,1,-0.740700,-12.008871,0.326201,0.137076,-2.983651,0
2024-09-18,sh.601992,1.3500,1.3500,1.3100,1.3300,1.3400,21058400,27926891.0000,0.252700,1,-0.746300,-11.919253,0.323767,0.136053,-2.961385,0
2024-09-19,sh.601992,1.3400,1.3900,1.3300,1.3900,1.3300,39614743,54222257.4800,0.475300,1,4.511300,-12.456964,0.338373,0.142191,-3.094982,0
2024-09-20,sh.601992,1.3800,1.3900,1.3500,1.3600,1.3900,32331373,44208796.2800,0.387900,1,-2.158300,-12.188108,0.331070,0.139122,-3.028183,0
2024-09-23,sh.601992,1.3600,1.3800,1.3600,1.3800,1.3600,18644500,25546605.0000,0.223700,1,1.470600,-12.367345,0.335939,0.141168,-3.072716,0
2024-09-24,sh.601992,1.3900,1.4600,1.3900,1.4500,1.3800,70077696,99876196.6200,0.840800,1,5.072500,-12.994674,0.352979,0.148328,-3.228578,0
2024-09-25,sh.601992,1.4600,1.5400,1.4500,1.4900,1.4500,76246945,114418703.3500,0.914900,1,2.758600,-13.353148,0.362716,0.152420,-3.317642,0
2024-09-26,sh.601992,1.4900,1.6400,1.4700,1.6100,1.4900,121018081,189953740.8000,1.452100,1,8.053700,-14.428569,0.391928,0.164696,-3.584835,0
2024-09-27,sh.601992,1.6500,1.6800,1.6200,1.6800,1.6100,83112874,137474645.9200,0.997300,1,4.347800,-15.055898,0.408969,0.171856,-3.740697,0
2024-09-30,sh.601992,1.7900,1.8500,1.7600,1.8500,1.6800,160568660,293124815.2000,1.926600,1,10.119000,-16.579412,0.450352,0.189246,-4.119220,0
2024-10-08,sh.601992,2.0400,2.0400,1.8100,1.8700,1.8500,264076583,506273454.5400,3.168600,1,1.081100,-16.758649,0.455221,0.191292,-4.163752,0
2024-10-09,sh.601992,1.8500,1.8500,1.6900,1.7000,1.8700,144381933,252334569.6600,1.732400,1,-9.090900,-15.235135,0.413837,0.173902,-3.785229,0
2024-10-10,sh.601992,1.7000,1.7600,1.6700,1.7300,1.7000,81272662,139905774.3600,0.975200,1,1.764700,-15.503991,0.421140,0.176971,-3.852027,0
2024-10-11,sh.601992,1.7100,1.7300,1.6600,1.6700,1.7300,61057392,103447192.3400,0.732600,1,-3.468200,-14.966280,0.406534,0.170833,-3.718431,0
2024-10-14,sh.601992,1.6900,1.7500,1.6900,1.7300,1.6700,70726130,121674337.6000,0.848600,1,3.592800,-15.503991,0.421140,0.176971,-3.852027,0
2024-10-15,sh.601992,1.7200,1.7400,1.6800,1.6800,1.7300,54867500,93482587.0000,0.658300,1,-2.890200,-15.055898,0.408969,0.171856,-3.740697,0
2024-10-16,sh.601992,1.6700,1.7600,1.6700,1.7300,1.6800,80732114,139764666.5000,0.968700,1,2.976200,-15.503991,0.421140,0.176971,-3.852027,0
2024-10-17,sh.601992,1.7500,1.7600,1.6500,1.6600,1.7300,82817850,140297516.0000,0.993700,1,-4.046200,-14.876662,0.404100,0.169810,-3.696165,0
2024-10-18,sh.601992,1.6600,1.7100,1.6300,1.6800,1.6600,75506315,125801896.4400,0.906000,1,1.204800,-15.055898,0.408969,0.171856,-3.740697,0
2024-10-21,sh.601992,1.6900,1.7000,1.6600,1.6700,1.6800,56376840,94277832.4400,0.676500,1,-0.595200,-14.966280,0.406534,0.170833,-3.718431,0
2024-10-22,sh.601992,1.6600,1.6900,1.6600,1.6800,1.6700,51892802,86831194.3400,0.622700,1,0.598800,-15.055898,0.408969,0.171856,-3.740697,0
2024-10-23,sh.601992,1.6900,1.7300,1.6800,1.7000,1.6800,67023861,114778234.9400,0.804200,1,1.190500,-15.235135,0.413837,0.173902,-3.785229,0
2024-10-24,sh.601992,1.7000,1.7100,1.6800,1.7000,1.7000,42169700,71357081.0000,0.506000,1,0.000000,-15.235135,0.413837,0.173902,-3.785229,0
2024-10-25,sh.601992,1.6900,1.7400,1.6800,1.7300,1.7000,63355968,108986020.6200,0.760200,1,1.764700,-15.503991,0.421140,0.176971,-3.852027,0
2024-10-28,sh.601992,1.7200,1.8100,1.7100,1.8000,1.7300,96551524,171923316.6800,1.158500,1,4.046200,-16.131320,0.438181,0.184132,-4.007890,0
2024-10-29,sh.601992,1.8000,1.8300,1.7300,1.7400,1.8000,75370550,133383351.5000,0.904400,1,-3.333300,-15.593609,0.423575,0.177994,-3.874294,0
2024-10-30,sh.601992,1.7400,1.8100,1.7300,1.7900,1.7400,78028326,139030752.3200,0.936200,1,2.873600,-16.041701,0.435746,0.183109,-3.985624,0
2024-10-31,sh.601992,1.7900,1.8700,1.7800,1.8500,1.7900,110758850,203723659.8100,1.329000,1,3.352000,-46.821605,0.448825,0.175751,-5.017677,0
2024-11-01,sh.601992,1.8600,1.8900,1.8000,1.8500,1.8500,97362388,179937123.7200,1.168200,1,0.000000,-46.821605,0.448825,0.175751,-5.017677,0
2024-11-04,sh.601992,1.8500,1.9700,1.7900,1.9500,1.8500,178571442,339231708.0200,2.142600,1,5.405400,-49.352503,0.473086,0.185251,-5.288903,0
2024-11-05,sh.601992,1.9200,2.0900,1.9000,2.0400,1.9500,177692208,357036146.7200,2.132100,1,4.615400,-51.630310,0.494921,0.193801,-5.533007,0
2024-11-06,sh.601992,2.0400,2.0800,1.9600,2.0600,2.0400,168164534,340487646.4000,2.017800,1,0.980400,-52.136490,0.499773,0.195701,-5.587252,0
2024-11-07,sh.601992,2.0400,2.1500,2.0200,2.1500,2.0600,153743136,322878092.4000,1.844700,1,4.368900,-54.414298,0.521608,0.204251,-5.831355,0
2024-11-08,sh.601992,2.1500,2.1800,2.0400,2.0600,2.1500,151403758,316531083.9300,1.816700,1,-4.186000,-52.136490,0.499773,0.195701,-5.587252,0
2024-11-11,sh.601992,2.0500,2.1000,2.0300,2.0500,2.0600,100170480,206410077.1300,1.201900,1,-0.485400,-51.883400,0.497347,0.194751,-5.560129,0
2024-11-12,sh.601992,2.0500,2.0600,1.9800,2.0000,2.0500,105649920,213883252.0000,1.267700,1,-2.439000,-50.617951,0.485216,0.190001,-5.424516,0
2024-11-13,sh.601992,2.0000,2.0300,1.9500,1.9700,2.0000,75528600,149442635.9900,0.906300,1,-1.500000,-49.858682,0.477938,0.187151,-5.343148,0
2024-11-14,sh.601992,1.9800,1.9900,1.9100,1.9200,1.9700,73574894,142563881.1100,0.882800,1,-2.538100,-48.593233,0.465808,0.182401,-5.207536,0
2024-11-15,sh.601992,1.9200,1.9300,1.8800,1.8800,1.9200,56542400,107650078.0000,0.678400,1,-2.083300,-47.580874,0.456103,0.178601,-5.099045,0
2024-11-18,sh.601992,1.9100,2.0300,1.9100,1.9700,1.8800,129791641,258049188.9900,1.557300,1,4.787200,-49.858682,0.477938,0.187151,-5.343148,0
2024-11-19,sh.601992,1.9600,1.9600,1.8700,1.9300,1.9700,94336060,180343745.8800,1.131900,1,-2.030500,-48.846323,0.468234,0.183351,-5.234658,0
2024-11-20,sh.601992,1.9200,1.9500,1.9000,1.9400,1.9300,56945000,109770790.0000,0.683300,1,0.518100,-49.099413,0.470660,0.184301,-5.261781,0
2024-11-21,sh.601992,1.9400,1.9600,1.9000,1.9100,1.9400,50413837,96637309.3000,0.604900,1,-1.546400,-48.340144,0.463382,0.181451,-5.180413,0
2024-11-22,sh.601992,1.9100,1.9400,1.8600,1.8600,1.9100,65427871,124617828.5400,0.785100,1,-2.617800,-47.074695,0.451251,0.176701,-5.044800,0
2024-11-25,sh.601992,1.8500,1.8700,1.8300,1.8700,1.8600,58489200,108136394.0000,0.701800,1,0.537600,-47.327785,0.453677,0.177651,-5.071923,0
2024-11-26,sh.601992,1.8600,1.8900,1.8400,1.8600,1.8700,39918049,74519545.1200,0.479000,1,-0.534800,-47.074695,0.451251,0.176701,-5.044800,0
2024-11-27,sh.601992,1.8600,1.8800,1.8100,1.8800,1.8600,54653116,100790094.0400,0.655800,1,1.075300,-47.580874,0.456103,0.178601,-5.099045,0
2024-11-28,sh.601992,1.8800,1.9300,1.8700,1.8900,1.8800,64446500,122744806.0000,0.773300,1,0.531900,-47.833964,0.458529,0.179551,-5.126168,0
2024-11-29,sh.601992,1.9000,1.9100,1.8600,1.8800,1.8900,61247000,115391543.0000,0.734900,1,-0.529100,-47.580874,0.456103,0.178601,-5.099045,0
2024-12-02,sh.601992,1.8800,1.9800,1.8700,1.9700,1.8800,110704213,215230371.7400,1.328300,1,4.787200,-49.858682,0.477938,0.187151,-5.343148,0
2024-12-03,sh.601992,1.9700,1.9800,1.9300,1.9700,1.9700,67386688,131646078.4800,0.808600,1,0.000000,-49.858682,0.477938,0.187151,-5.343148,0
2024-12-04,sh.601992,1.9600,1.9700,1.9200,1.9300,1.9700,58603389,113985997.5500,0.703200,1,-2.030500,-48.846323,0.468234,0.183351,-5.234658,0
2024-12-05,sh.601992,1.9300,1.9900,1.9100,1.9900,1.9300,76611152,150318135.2800,0.919200,1,3.108800,-50.364862,0.482790,0.189051,-5.397394,0
2024-12-06,sh.601992,1.9900,2.0700,1.9800,2.0600,1.9900,119442155,243640493.6500,1.433200,1,3.517600,-52.136490,0.499773,0.195701,-5.587252,0
2024-12-09,sh.601992,2.1100,2.2000,2.0400,2.0700,2.0600,173536604,364426557.2400,2.082200,1,0.485400,-52.389580,0.502199,0.196651,-5.614374,0
2024-12-10,sh.601992,2.1100,2.1600,2.0700,2.0800,2.0700,136482079,288173153.1100,1.637600,1,0.483100,-52.642669,0.504625,0.197601,-5.641497,0
2024-12-11,sh.601992,2.0700,2.1700,2.0500,2.1500,2.0800,157226111,336357759.3500,1.886500,1,3.365400,-54.414298,0.521608,0.204251,-5.831355,0
2024-12-12,sh.601992,2.1500,2.1700,2.1000,2.1300,2.1500,128814519,274381585.4700,1.545600,1,-0.930200,-53.908118,0.516755,0.202351,-5.777110,0
2024-12-13,sh.601992,2.1300,2.1400,2.0500,2.0500,2.1300,151073600,313658401.0000,1.812700,1,-3.755900,-51.883400,0.497347,0.194751,-5.560129,0
2024-12-16,sh.601992,2.0500,2.0700,2.0200,2.0300,2.0500,100282040,205149461.4000,1.203300,1,-0.975600,-51.377221,0.492495,0.192851,-5.505884,0
2024-12-17,sh.601992,2.0200,2.0300,1.9500,1.9600,2.0300,94252570,186070282.6000,1.130900,1,-3.448300,-49.605592,0.475512,0.186201,-5.316026,0
2024-12-18,sh.601992,1.9700,1.9900,1.9400,1.9500,1.9600,83635000,164502736.0000,1.003500,1,-0.510200,-49.352503,0.473086,0.185251,-5.288903,0
2024-12-19,sh.601992,1.9400,1.9600,1.9100,1.9300,1.9500,64410940,124193390.4000,0.772900,1,-1.025600,-48.846323,0.468234,0.183351,-5.234658,0
2024-12-20,sh.601992,1.9300,1.9400,1.9000,1.9100,1.9300,65878399,126435428.0900,0.790500,1,-1.036300,-48.340144,0.463382,0.181451,-5.180413,0
2024-12-23,sh.601992,1.9100,1.9200,1.8700,1.8700,1.9100,70490908,132902900.6400,0.845800,1,-2.094200,-47.327785,0.453677,0.177651,-5.071923,0
2024-12-24,sh.601992,1.8800,1.9000,1.8700,1.8800,1.8700,55456301,104397107.8700,0.665400,1,0.534800,-47.580874,0.456103,0.178601,-5.099045,0
2024-12-25,sh.601992,1.8800,1.8900,1.8200,1.8400,1.8800,61942722,113852902.0400,0.743200,1,-2.127700,-46.568515,0.446399,0.174801,-4.990555,0
2024-12-26,sh.601992,1.8400,1.8500,1.8100,1.8200,1.8400,49110709,89772471.5600,0.589300,1,-1.087000,-46.062336,0.441547,0.172901,-4.936310,0
2024-12-27,sh.601992,1.8200,1.8600,1.8100,1.8400,1.8200,56913800,104882313.0000,0.682900,1,1.098900,-46.568515,0.446399,0.174801,-4.990555,0
2024-12-30,sh.601992,1.8400,1.8400,1.7800,1.8200,1.8400,71792400,129563406.0000,0.861400,1,-1.087000,-46.062336,0.441547,0.172901,-4.936310,0
2024-12-31,sh.601992,1.8200,1.8500,1.7800,1.7800,1.8200,55251000,99969681.0000,0.662900,1,-2.197800,-45.049977,0.431843,0.169101,-4.827819,0
2025-01-02,sh.601992,1.7800,1.8100,1.7200,1.7400,1.7800,64705302,114537769.5600,0.776400,1,-2.247200,-44.037618,0.422138,0.165301,-4.719329,0
2025-01-03,sh.601992,1.7400,1.7400,1.6700,1.6900,1.7400,70495700,120546510.0000,0.845900,1,-2.873600,-42.772169,0.410008,0.160551,-4.583716,0
2025-01-06,sh.601992,1.6700,1.7000,1.6500,1.6800,1.6900,52091900,87483591.0000,0.625000,1,-0.591700,-42.519079,0.407582,0.159601,-4.556594,0
2025-01-07,sh.601992,1.6800,1.7100,1.6600,1.7000,1.6800,44852368,75711083.9200,0.538200,1,1.190500,-43.025259,0.412434,0.161501,-4.610839,0
2025-01-08,sh.601992,1.7000,1.7100,1.6500,1.7000,1.7000,52162182,87750950.5800,0.625900,1,0.000000,-43.025259,0.412434,0.161501,-4.610839,0
2025-01-09,sh.601992,1.6900,1.7100,1.6700,1.7000,1.7000,46276140,78309474.0000,0.555300,1,0.000000,-43.025259,0.412434,0.161501,-4.610839,0
2025-01-10,sh.601992,1.7000,1.7100,1.6400,1.6400,1.7000,45429658,75847024.1200,0.545100,1,-3.529400,-41.506720,0.397877,0.155801,-4.448103,0
2025-01-13,sh.601992,1.6300,1.6900,1.6100,1.6800,1.6400,58205782,96547052.9400,0.698400,1,2.439000,-42.519079,0.407582,0.159601,-4.556594,0
2025-01-14,sh.601992,1.6700,1.7300,1.6700,1.7200,1.6800,52163195,88748281.4500,0.625900,1,2.381000,-43.531438,0.417286,0.163401,-4.665084,0
2025-01-15,sh.601992,1.7300,1.7300,1.6900,1.7100,1.7200,43331126,73961528.4600,0.519900,1,-0.581400,-43.278348,0.414860,0.162451,-4.637961,0
2025-01-16,sh.601992,1.7200,1.7800,1.7100,1.7400,1.7100,66868800,117046764.0000,0.802300,1,1.754400,-44.037618,0.422138,0.165301,-4.719329,0
2025-01-17,sh.601992,1.7300,1.7400,1.7000,1.7200,1.7400,39531923,67933691.5600,0.474300,1,-1.149400,-43.531438,0.417286,0.163401,-4.665084,0
2025-01-20,sh.601992,1.7200,1.7400,1.6900,1.7200,1.7200,44906641,77238472.1200,0.538800,1,0.000000,-43.531438,0.417286,0.163401,-4.665084,0
2025-01-21,sh.601992,1.7100,1.7500,1.7000,1.7100,1.7200,54721375,94391415.2500,0.656600,1,-0.581400,-43.278348,0.414860,0.162451,-4.637961,0
2025-01-22,sh.601992,1.7000,1.7100,1.6700,1.6900,1.7100,43927600,74240685.0000,0.527100,1,-1.169600,-42.772169,0.410008,0.160551,-4.583716,0
2025-01-23,sh.601992,1.7000,1.7400,1.6900,1.7000,1.6900,57538283,98894320.3700,0.690400,1,0.591700,-43.025259,0.412434,0.161501,-4.610839,0
2025-01-24,sh.601992,1.6800,1.6900,1.6300,1.6600,1.7000,71849668,119160975.4700,0.862100,1,-2.352900,-42.012900,0.402730,0.157701,-4.502348,0
2025-01-27,sh.601992,1.6700,1.7400,1.6600,1.6700,1.6600,67034460,113830228.7300,0.804300,1,0.602400,-42.265989,0.405156,0.158651,-4.529471,0
2025-02-05,sh.601992,1.6800,1.6900,1.6600,1.6700,1.6700,48864114,81781482.3600,0.586300,1,0.000000,-42.265989,0.405156,0.158651,-4.529471,0
2025-02-06,sh.601992,1.6600,1.6700,1.6300,1.6600,1.6700,54644222,90249331.3000,0.655700,1,-0.598800,-42.012900,0.402730,0.157701,-4.502348,0
2025-02-07,sh.601992,1.6600,1.7300,1.6500,1.7100,1.6600,77299412,131212817.8300,0.927500,1,3.012000,-43.278348,0.414860,0.162451,-4.637961,0
2025-02-10,sh.601992,1.7100,1.7600,1.7100,1.7400,1.7100,69288552,120152716.8000,0.831400,1,1.754400,-44.037618,0.422138,0.165301,-4.719329,0
2025-02-11,sh.601992,1.7400,1.7500,1.6900,1.7100,1.7400,49282357,84106768.3300,0.591300,1,-1.724100,-43.278348,0.414860,0.162451,-4.637961,0
2025-02-12,sh.601992,1.7100,1.7300,1.6800,1.7300,1.7100,53819601,91650782.7000,0.645800,1,1.169600,-43.784528,0.419712,0.164351,-4.692207,0
2025-02-13,sh.601992,1.7300,1.7700,1.7200,1.7500,1.7300,77585976,135544079.4700,0.930900,1,1.156100,-44.290707,0.424564,0.166251,-4.746452,0
2025-02-14,sh.601992,1.7400,1.7500,1.7100,1.7100,1.7500,48609716,83765598.6200,0.583300,1,-2.285700,-43.278348,0.414860,0.162451,-4.637961,0
2025-02-17,sh.601992,1.7200,1.7500,1.7000,1.7300,1.7100,54974201,94866471.1800,0.659600,1,1.169600,-43.784528,0.419712,0.164351,-4.692207,0
2025-02-18,sh.601992,1.7200,1.7300,1.6800,1.6900,1.7300,52691100,89969653.0000,0.632200,1,-2.312100,-42.772169,0.410008,0.160551,-4.583716,0
2025-02-19,sh.601992,1.7000,1.7100,1.6900,1.7000,1.6900,35350880,60027783.2000,0.424200,1,0.591700,-43.025259,0.412434,0.161501,-4.610839,0
2025-02-20,sh.601992,1.7000,1.7100,1.6800,1.7000,1.7000,33429393,56609167.1600,0.401100,1,0.000000,-43.025259,0.412434,0.161501,-4.610839,0
2025-02-21,sh.601992,1.6900,1.7100,1.6800,1.6900,1.7000,37339579,63165588.5100,0.448000,1,-0.588200,-42.772169,0.410008,0.160551,-4.583716,0
2025-02-24,sh.601992,1.6900,1.7400,1.6900,1.7100,1.6900,56743480,97635698.8000,0.680900,1,1.183400,-43.278348,0.414860,0.162451,-4.637961,0
2025-02-25,sh.601992,1.7100,1.7200,1.6800,1.6900,1.7100,49441526,84050786.4600,0.593200,1,-1.169600,-42.772169,0.410008,0.160551,-4.583716,0
2025-02-26,sh.601992,1.6800,1.7300,1.6800,1.7300,1.6900,58217255,99768104.6000,0.698500,1,2.366900,-43.784528,0.419712,0.164351,-4.692207,0
2025-02-27,sh.601992,1.7300,1.7500,1.6900,1.7100,1.7300,55479942,95436522.6000,0.665700,1,-1.156100,-43.278348,0.414860,0.162451,-4.637961,0
2025-02-28,sh.601992,1.7000,1.7200,1.6800,1.6900,1.7100,52783500,89660571.0000,0.633300,1,-1.169600,-42.772169,0.410008,0.160551,-4.583716,0
2025-03-03,sh.601992,1.6900,1.7100,1.6800,1.6900,1.6900,53519561,90597977.4800,0.642200,1,0.000000,-42.772169,0.410008,0.160551,-4.583716,0
2025-03-04,sh.601992,1.6800,1.6900,1.6600,1.6900,1.6900,41165835,69065477.8000,0.493900,1,0.000000,-42.772169,0.410008,0.160551,-4.583716,0
2025-03-05,sh.601992,1.6900,1.6900,1.6600,1.6800,1.6900,37480300,62671140.0000,0.449700,1,-0.591700,-42.519079,0.407582,0.159601,-4.556594,0
2025-03-06,sh.601992,1.6800,1.7200,1.6700,1.7100,1.6800,61551305,104368838.7300,0.738500,1,1.785700,-43.278348,0.414860,0.162451,-4.637961,0
2025-03-07,sh.601992,1.7100,1.7100,1.6800,1.6900,1.7100,34738700,58925044.0000,0.416800,1,-1.169600,-42.772169,0.410008,0.160551,-4.583716,0
2025-03-10,sh.601992,1.6900,1.7100,1.6700,1.6800,1.6900,45312600,76538504.6500,0.543700,1,-0.591700,-42.519079,0.407582,0.159601,-4.556594,0
2025-03-11,sh.601992,1.6700,1.6800,1.6500,1.6700,1.6800,41962086,69840764.8200,0.503500,1,-0.595200,-42.265989,0.405156,0.158651,-4.529471,0
2025-03-12,sh.601992,1.6700,1.6800,1.6500,1.6600,1.6700,36304336,60301579.7600,0.435600,1,-0.598800,-42.012900,0.402730,0.157701,-4.502348,0
2025-03-13,sh.601992,1.6600,1.6700,1.6400,1.6500,1.6600,35482146,58546721.6400,0.425700,1,-0.602400,-41.759810,0.400304,0.156751,-4.475226,0
2025-03-14,sh.601992,1.6500,1.6800,1.6400,1.6800,1.6500,46716900,77833803.0000,0.560500,1,1.818200,-42.519079,0.407582,0.159601,-4.556594,0
2025-03-17,sh.601992,1.6800,1.7100,1.6800,1.7000,1.6800,64191528,109173147.5800,0.770200,1,1.190500,-43.025259,0.412434,0.161501,-4.610839,0
2025-03-18,sh.601992,1.7100,1.7100,1.6800,1.7000,1.7000,44213400,74793179.0000,0.530500,1,0.000000,-43.025259,0.412434,0.161501,-4.610839,0
2025-03-19,sh.601992,1.6900,1.7000,1.6700,1.6700,1.7000,32370140,54368691.8000,0.388400,1,-1.764700,-42.265989,0.405156,0.158651,-4.529471,0
2025-03-20,sh.601992,1.6700,1.7000,1.6700,1.6800,1.6700,41658706,70161117.4800,0.499900,1,0.598800,-42.519079,0.407582,0.159601,-4.556594,0
2025-03-21,sh.601992,1.6800,1.7000,1.6600,1.6700,1.6800,54249784,91219119.3200,0.650900,1,-0.595200,-42.265989,0.405156,0.158651,-4.529471,0
2025-03-24,sh.601992,1.6700,1.6700,1.6300,1.6400,1.6700,47406145,78043067.3500,0.568800,1,-1.796400,-41.506720,0.397877,0.155801,-4.448103,0
2025-03-25,sh.601992,1.6500,1.6600,1.6300,1.6600,1.6400,30035100,49499197.0000,0.360400,1,1.219500,-42.012900,0.402730,0.157701,-4.502348,0
2025-03-26,sh.601992,1.6500,1.6800,1.6400,1.6800,1.6600,45022884,75014919.4800,0.540200,1,1.204800,-42.519079,0.407582,0.159601,-4.556594,0
2025-03-27,sh.601992,1.6800,1.6800,1.6500,1.6700,1.6800,39707342,66297924.7200,0.476400,1,-0.595200,-42.265989,0.405156,0.158651,-4.529471,0
2025-03-28,sh.601992,1.6700,1.6800,1.6400,1.6400,1.6700,38150425,63042119.0000,0.457800,1,-1.796400,-41.506720,0.397877,0.155801,-4.448103,0
2025-03-31,sh.601992,1.6400,1.6500,1.6100,1.6200,1.6400,45746551,74352930.6200,0.548900,1,-1.219500,-31.158449,0.399860,0.156243,15.844390,0
2025-04-01,sh.601992,1.6200,1.6500,1.6100,1.6500,1.6200,36310890,59487297.5600,0.435700,1,1.851900,-31.735457,0.407265,0.159137,16.137805,0
2025-04-02,sh.601992,1.6400,1.6600,1.6300,1.6300,1.6500,34438576,56490874.8800,0.413200,1,-1.212100,-31.350785,0.402328,0.157208,15.942195,0
2025-04-03,sh.601992,1.6200,1.6500,1.6200,1.6400,1.6300,39459969,64609247.1600,0.473500,1,0.613500,-31.543121,0.404796,0.158172,16.040000,0
2025-04-07,sh.601992,1.6100,1.6100,1.4800,1.4800,1.6400,73895304,112620001.1200,0.886700,1,-9.756100,-28.465743,0.365304,0.142741,14.475122,0
2025-04-08,sh.601992,1.4700,1.5200,1.4600,1.5200,1.4800,70375809,105439975.2700,0.844400,1,2.702700,-29.235088,0.375177,0.146599,14.866341,0
2025-04-09,sh.601992,1.5000,1.5500,1.4500,1.5500,1.5200,67743900,102030355.0000,0.812800,1,1.973700,-29.812096,0.382582,0.149492,15.159756,0
2025-04-10,sh.601992,1.5600,1.5900,1.5400,1.5800,1.5500,60219619,94455843.5100,0.722600,1,1.935500,-30.389104,0.389987,0.152386,15.453170,0
2025-04-11,sh.601992,1.5700,1.5800,1.5500,1.5600,1.5800,33642400,52689350.0000,0.403700,1,-1.265800,-30.004432,0.385050,0.150457,15.257561,0
2025-04-14,sh.601992,1.5700,1.5800,1.5600,1.5700,1.5600,36320725,57003656.0000,0.435800,1,0.641000,-30.196768,0.387519,0.151421,15.355366,0
2025-04-15,sh.601992,1.5700,1.5700,1.5500,1.5500,1.5700,24984800,38875188.0000,0.299800,1,-1.273900,-29.812096,0.382582,0.149492,15.159756,0
2025-04-16,sh.601992,1.5500,1.5600,1.5100,1.5400,1.5500,37327311,57191244.7200,0.447900,1,-0.645200,-29.619760,0.380114,0.148528,15.061951,0
2025-04-17,sh.601992,1.5300,1.5900,1.5200,1.5700,1.5400,54737419,85777314.6900,0.656800,1,1.948100,-30.196768,0.387519,0.151421,15.355366,0
2025-04-18,sh.601992,1.5700,1.5800,1.5500,1.5700,1.5700,29053820,45397376.4000,0.348600,1,0.000000,-30.196768,0.387519,0.151421,15.355366,0
2025-04-21,sh.601992,1.5600,1.5900,1.5600,1.5800,1.5700,25583600,40260904.0000,0.307000,1,0.636900,-30.389104,0.389987,0.152386,15.453170,0
2025-04-22,sh.601992,1.5800,1.5900,1.5600,1.5800,1.5800,21880110,34513547.8000,0.262500,1,0.000000,-30.389104,0.389987,0.152386,15.453170,0
2025-04-23,sh.601992,1.5800,1.5900,1.5600,1.5700,1.5800,26122702,41125472.1400,0.313400,1,-0.632900,-30.196768,0.387519,0.151421,15.355366,0
2025-04-24,sh.601992,1.5800,1.5800,1.5600,1.5600,1.5700,19892202,31167728.1200,0.238700,1,-0.636900,-30.004432,0.385050,0.150457,15.257561,0
2025-04-25,sh.601992,1.5600,1.5900,1.5600,1.5800,1.5600,42318620,66778451.6000,0.507800,1,1.282100,-30.389104,0.389987,0.152386,15.453170,0
2025-04-28,sh.601992,1.5800,1.5800,1.5500,1.5600,1.5800,36017199,56203996.4400,0.432200,1,-1.265800,-30.004432,0.385050,0.150457,15.257561,0
2025-04-29,sh.601992,1.5600,1.5800,1.5500,1.5600,1.5600,23128700,36228454.0000,0.277500,1,0.000000,-30.004432,0.385050,0.150457,15.257561,0
2025-04-30,sh.601992,1.5600,1.5700,1.5300,1.5300,1.5600,49478140,76572221.4000,0.593700,1,-1.923100,-33.952214,0.391350,0.142377,-14.145805,0
2025-05-06,sh.601992,1.5400,1.5600,1.5300,1.5600,1.5300,28831731,44689254.7400,0.345900,1,1.960800,-34.617944,0.399024,0.145169,-14.423173,0
2025-05-07,sh.601992,1.5700,1.6000,1.5600,1.5700,1.5600,43564002,68723035.1400,0.522700,1,0.641000,-34.839853,0.401582,0.146099,-14.515630,0
2025-05-08,sh.601992,1.5700,1.5800,1.5600,1.5700,1.5700,23467200,36863753.0000,0.281600,1,0.000000,-34.839853,0.401582,0.146099,-14.515630,0
2025-05-09,sh.601992,1.5700,1.5800,1.5500,1.5600,1.5700,23921713,37362098.2800,0.287000,1,-0.636900,-34.617944,0.399024,0.145169,-14.423173,0
2025-05-12,sh.601992,1.5600,1.5700,1.5500,1.5600,1.5600,23540024,36744000.4400,0.282500,1,0.000000,-34.617944,0.399024,0.145169,-14.423173,0
2025-05-13,sh.601992,1.5700,1.5800,1.5600,1.5700,1.5600,25140358,39431919.4800,0.301700,1,0.641000,-34.839853,0.401582,0.146099,-14.515630,0
2025-05-14,sh.601992,1.5600,1.5800,1.5600,1.5800,1.5700,34934400,54893167.0000,0.419200,1,0.636900,-35.061763,0.404140,0.147030,-14.608086,0
2025-05-15,sh.601992,1.5700,1.5800,1.5600,1.5700,1.5800,26048300,40884599.0000,0.312500,1,-0.632900,-34.839853,0.401582,0.146099,-14.515630,0
2025-05-16,sh.601992,1.5700,1.5800,1.5600,1.5600,1.5700,19488680,30492830.8000,0.233800,1,-0.636900,-34.617944,0.399024,0.145169,-14.423173,0
2025-05-19,sh.601992,1.5600,1.5900,1.5500,1.5800,1.5600,56232118,88369515.8400,0.674700,1,1.282100,-35.061763,0.404140,0.147030,-14.608086,0
2025-05-20,sh.601992,1.5900,1.5900,1.5600,1.5700,1.5800,43675652,68607911.1200,0.524100,1,-0.632900,-34.839853,0.401582,0.146099,-14.515630,0
2025-05-21,sh.601992,1.5700,1.5800,1.5600,1.5700,1.5700,24688300,38658182.0000,0.296200,1,0.000000,-34.839853,0.401582,0.146099,-14.515630,0
2025-05-22,sh.601992,1.5700,1.5700,1.5600,1.5600,1.5700,19265600,30130823.0000,0.231200,1,-0.636900,-34.617944,0.399024,0.145169,-14.423173,0
2025-05-23,sh.601992,1.5600,1.5700,1.5400,1.5400,1.5600,30116800,46801034.0000,0.361400,1,-1.282100,-34.174124,0.393908,0.143307,-14.238261,0
2025-05-26,sh.601992,1.5400,1.5500,1.5300,1.5400,1.5400,23442502,36097038.0600,0.281300,1,0.000000,-34.174124,0.393908,0.143307,-14.238261,0
2025-05-27,sh.601992,1.5400,1.5400,1.5300,1.5400,1.5400,18611407,28521996.7100,0.223300,1,0.000000,-34.174124,0.393908,0.143307,-14.238261,0
2025-05-28,sh.601992,1.5400,1.5400,1.5200,1.5300,1.5400,16716697,25586280.4100,0.200600,1,-0.649400,-33.952214,0.391350,0.142377,-14.145805,0
2025-05-29,sh.601992,1.5300,1.5500,1.5200,1.5500,1.5300,24794380,38223787.2000,0.297500,1,1.307200,-34.396034,0.396466,0.144238,-14.330717,0
2025-05-30,sh.601992,1.5400,1.5500,1.5300,1.5400,1.5500,25656846,39515093.3800,0.307900,1,-0.645200,-34.174124,0.393908,0.143307,-14.238261,0
2025-06-03,sh.601992,1.5400,1.5500,1.5300,1.5400,1.5400,25675268,39470223.0400,0.308100,1,0.000000,-34.174124,0.393908,0.143307,-14.238261,0
2025-06-04,sh.601992,1.5400,1.5500,1.5300,1.5500,1.5400,18296940,28261702.6000,0.219500,1,0.649400,-34.396034,0.396466,0.144238,-14.330717,0
2025-06-05,sh.601992,1.5500,1.5600,1.5400,1.5500,1.5500,21326600,33006127.0000,0.255900,1,0.000000,-34.396034,0.396466,0.144238,-14.330717,0
2025-06-06,sh.601992,1.5500,1.5600,1.5400,1.5600,1.5500,16223800,25196180.0000,0.194700,1,0.645200,-34.617944,0.399024,0.145169,-14.423173,0
2025-06-09,sh.601992,1.5500,1.5600,1.5400,1.5600,1.5600,31639016,49167684.9600,0.379600,1,0.000000,-34.617944,0.399024,0.145169,-14.423173,0
2025-06-10,sh.601992,1.5600,1.5700,1.5400,1.5400,1.5600,43503400,67563652.0000,0.522000,1,-1.282100,-34.174124,0.393908,0.143307,-14.238261,0
2025-06-11,sh.601992,1.5400,1.5600,1.5400,1.5500,1.5400,33457000,51853255.0000,0.401400,1,0.649400,-34.396034,0.396466,0.144238,-14.330717,0
2025-06-12,sh.601992,1.5500,1.5500,1.5300,1.5400,1.5500,34550589,53175338.1700,0.414600,1,-0.645200,-34.174124,0.393908,0.143307,-14.238261,0
2025-06-13,sh.601992,1.5400,1.5400,1.5200,1.5200,1.5400,62269020,95096561.8000,0.747200,1,-1.298700,-33.730304,0.388793,0.141446,-14.053348,0
2025-06-16,sh.601992,1.5200,1.5300,1.5100,1.5300,1.5200,42539050,64620569.1100,0.510400,1,0.657900,-33.952214,0.391350,0.142377,-14.145805,0
2025-06-17,sh.601992,1.5200,1.5300,1.5100,1.5200,1.5300,26741049,40632235.4800,0.320900,1,-0.653600,-33.730304,0.388793,0.141446,-14.053348,0
2025-06-18,sh.601992,1.5100,1.5200,1.5000,1.5000,1.5200,30584023,46141949.6100,0.367000,1,-1.315800,-33.286484,0.383677,0.139585,-13.868436,0
2025-06-19,sh.601992,1.5100,1.5100,1.4800,1.4800,1.5000,20339000,30359897.0000,0.244000,1,-1.333300,-32.842664,0.378561,0.137724,-13.683523,0
2025-06-20,sh.601992,1.4800,1.4900,1.4700,1.4800,1.4800,25755300,38134597.0000,0.309000,1,0.000000,-32.842664,0.378561,0.137724,-13.683523,0
2025-06-23,sh.601992,1.4700,1.5000,1.4600,1.4900,1.4800,32802520,48559605.2000,0.393600,1,0.675700,-33.064574,0.381119,0.138655,-13.775980,0
2025-06-24,sh.601992,1.4900,1.5100,1.4800,1.5000,1.4900,50591753,75593084.3400,0.607000,1,0.671100,-33.286484,0.383677,0.139585,-13.868436,0
2025-06-25,sh.601992,1.5000,1.5200,1.4900,1.5200,1.5000,41580708,62545557.0000,0.498900,1,1.333300,-33.730304,0.388793,0.141446,-14.053348,0
2025-06-26,sh.601992,1.5100,1.5200,1.5000,1.5100,1.5200,31303700,47291512.0000,0.375600,1,-0.657900,-33.508394,0.386235,0.140516,-13.960892,0
2025-06-27,sh.601992,1.5100,1.5300,1.5000,1.5200,1.5100,30590400,46474874.0000,0.367000,1,0.662300,-33.730304,0.388793,0.141446,-14.053348,0
2025-06-30,sh.601992,1.5200,1.5300,1.5200,1.5200,1.5200,14999800,22886675.0000,0.180000,1,0.000000,-33.730304,0.388793,0.141446,-14.053348,0
2025-07-01,sh.601992,1.5200,1.5300,1.5100,1.5200,1.5200,22963800,34877573.0000,0.275500,1,0.000000,-33.730304,0.388793,0.141446,-14.053348,0
2025-07-02,sh.601992,1.5200,1.6600,1.5100,1.6000,1.5200,136770970,215929434.3000,1.641100,1,5.263200,-35.505583,0.409255,0.148891,-14.792998,0
2025-07-03,sh.601992,1.5800,1.6100,1.5700,1.5900,1.6000,68170411,108372711.7800,0.818000,1,-0.625000,-35.283673,0.406697,0.147960,-14.700542,0
2025-07-04,sh.601992,1.5900,1.6300,1.5800,1.5900,1.5900,66676000,106790118.0000,0.800000,1,0.000000,-35.283673,0.406697,0.147960,-14.700542,0
2025-07-07,sh.601992,1.5800,1.6200,1.5700,1.6100,1.5900,51881552,83130043.2000,0.622500,1,1.257900,-35.727493,0.411813,0.149821,-14.885454,0
2025-07-08,sh.601992,1.6000,1.6200,1.5900,1.6100,1.6100,40232312,64765682.3200,0.482700,1,0.000000,-35.727493,0.411813,0.149821,-14.885454,0
2025-07-09,sh.601992,1.5800,1.6000,1.5700,1.5800,1.5600,59786618,94773550.4400,0.717400,1,1.282100,-35.061763,0.404140,0.147030,-14.608086,0
2025-07-10,sh.601992,1.5800,1.6400,1.5800,1.6200,1.5800,65970172,106139383.6400,0.791600,1,2.531600,-35.949403,0.414371,0.150752,-14.977911,0
2025-07-11,sh.601992,1.6300,1.6500,1.6100,1.6300,1.6200,79018802,128444455.2400,0.948100,1,0.617300,-36.171313,0.416929,0.151682,-15.070367,0
2025-07-14,sh.601992,1.6200,1.6300,1.6000,1.6100,1.6300,55916391,90223446.6000,0.670900,1,-1.227000,-35.727493,0.411813,0.149821,-14.885454,0
2025-07-15,sh.601992,1.6000,1.6000,1.5500,1.5700,1.6100,65153258,102268440.5600,0.781800,1,-2.484500,-34.839853,0.401582,0.146099,-14.515630,0
2025-07-16,sh.601992,1.5700,1.5800,1.5400,1.5600,1.5700,45581350,71091108.6800,0.546900,1,-0.636900,-34.617944,0.399024,0.145169,-14.423173,0
2025-07-17,sh.601992,1.5600,1.5800,1.5500,1.5700,1.5600,40262140,62994157.4000,0.483100,1,0.641000,-34.839853,0.401582,0.146099,-14.515630,0
2025-07-18,sh.601992,1.5700,1.5800,1.5600,1.5700,1.5700,32435800,50949421.0000,0.389200,1,0.000000,-34.839853,0.401582,0.146099,-14.515630,0
2025-07-21,sh.601992,1.6100,1.7300,1.6100,1.7300,1.5700,287906765,483264293.5700,3.454500,1,10.191100,-38.390412,0.442507,0.160988,-15.994929,0
2025-07-22,sh.601992,1.7800,1.8100,1.6900,1.8000,1.7300,353667043,622155364.9300,4.243600,1,4.046200,-39.943781,0.460412,0.167502,-16.642123,0
2025-07-23,sh.601992,1.8000,1.8200,1.7200,1.7300,1.8000,221520205,391404956.7200,2.658000,1,-3.888900,-38.390412,0.442507,0.160988,-15.994929,0
2025-07-24,sh.601992,1.7400,1.7900,1.7000,1.7400,1.7300,171027413,299563607.2900,2.052100,1,0.578000,-38.612322,0.445065,0.161919,-16.087386,0
2025-07-25,sh.601992,1.7500,1.7500,1.6900,1.7000,1.7400,111961517,192289422.9000,1.343400,1,-2.298900,-37.724682,0.434834,0.158196,-15.717561,0
2025-07-28,sh.601992,1.7000,1.7000,1.6500,1.6600,1.7000,78375916,130645106.4400,0.940400,1,-2.352900,-36.837042,0.424602,0.154474,-15.347736,0
2025-07-29,sh.601992,1.6600,1.6800,1.6400,1.6600,1.6600,90288096,149628405.6800,1.083300,1,0.000000,-36.837042,0.424602,0.154474,-15.347736,0
2025-07-30,sh.601992,1.6600,1.6800,1.6400,1.6500,1.6600,88855709,147585108.5500,1.066200,1,-0.602400,-36.615133,0.422045,0.153544,-15.255279,0
2025-07-31,sh.601992,1.6500,1.6500,1.5900,1.6000,1.6500,108604641,175476713.7200,1.303100,1,-3.030300,-35.505583,0.409255,0.148891,-14.792998,0
2025-08-01,sh.601992,1.6000,1.6100,1.5900,1.6000,1.6000,44790628,71702633.2100,0.537400,1,0.000000,-35.505583,0.409255,0.148891,-14.792998,0
2025-08-04,sh.601992,1.5900,1.6000,1.5800,1.6000,1.6000,38283400,60955009.0000,0.459400,1,0.000000,-35.505583,0.409255,0.148891,-14.792998,0
2025-08-05,sh.601992,1.6000,1.6200,1.5900,1.6000,1.6000,63237329,101498163.0700,0.758800,1,0.000000,-35.505583,0.409255,0.148891,-14.792998,0
2025-08-06,sh.601992,1.6000,1.6200,1.5900,1.6100,1.6000,50579202,81097662.2200,0.606900,1,0.625000,-35.727493,0.411813,0.149821,-14.885454,0
2025-08-07,sh.601992,1.6200,1.6300,1.6100,1.6200,1.6100,51932706,84190734.0800,0.623100,1,0.621100,-35.949403,0.414371,0.150752,-14.977911,0
2025-08-08,sh.601992,1.6100,1.6400,1.6100,1.6300,1.6200,57723195,93930163.9100,0.692600,1,0.617300,-36.171313,0.416929,0.151682,-15.070367,0
2025-08-11,sh.601992,1.6500,1.6800,1.6400,1.6700,1.6300,85900664,143421571.2400,1.030700,1,2.454000,-37.058952,0.427160,0.155405,-15.440192,0
2025-08-12,sh.601992,1.6700,1.6800,1.6400,1.6600,1.6700,46732700,77380396.0000,0.560700,1,-0.598800,-36.837042,0.424602,0.154474,-15.347736,0
2025-08-13,sh.601992,1.6500,1.6600,1.6300,1.6400,1.6600,48031301,79002296.6500,0.576300,1,-1.204800,-36.393223,0.419487,0.152613,-15.162823,0
2025-08-14,sh.601992,1.6400,1.6500,1.6000,1.6100,1.6400,49072100,79699673.0000,0.588800,1,-1.829300,-35.727493,0.411813,0.149821,-14.885454,0
2025-08-15,sh.601992,1.6100,1.6300,1.6100,1.6200,1.6100,41716145,67622677.5700,0.500500,1,0.621100,-35.949403,0.414371,0.150752,-14.977911,0
2025-08-18,sh.601992,1.6200,1.6400,1.6100,1.6200,1.6200,51466009,83693393.5800,0.617500,1,0.000000,-35.949403,0.414371,0.150752,-14.977911,0
2025-08-19,sh.601992,1.6300,1.6400,1.6200,1.6300,1.6200,49807266,81232672.9500,0.597600,1,0.617300,-36.171313,0.416929,0.151682,-15.070367,0
2025-08-20,sh.601992,1.6300,1.6400,1.6100,1.6400,1.6300,56358152,91758119.7600,0.676200,1,0.613500,-36.393223,0.419487,0.152613,-15.162823,0
2025-08-21,sh.601992,1.6400,1.6600,1.6300,1.6500,1.6400,61596300,101431869.0000,0.739100,1,0.609800,-36.615133,0.422045,0.153544,-15.255279,0
2025-08-22,sh.601992,1.6500,1.6800,1.6300,1.6800,1.6500,77071511,127540702.3700,0.924800,1,1.818200,-37.280862,0.429718,0.156335,-15.532648,0
2025-08-25,sh.601992,1.6800,1.7300,1.6700,1.6900,1.6800,164713691,280555152.8900,1.976400,1,0.595200,-37.502772,0.432276,0.157266,-15.625104,0
2025-08-26,sh.601992,1.6900,1.7200,1.6700,1.7100,1.6900,86806464,147819554.5400,1.041600,1,1.183400,-37.946592,0.437392,0.159127,-15.810017,0
2025-08-27,sh.601992,1.7200,1.7200,1.6500,1.6600,1.7100,93310500,157065348.0000,1.119600,1,-2.924000,-36.837042,0.424602,0.154474,-15.347736,0
2025-08-28,sh.601992,1.6500,1.6700,1.6100,1.6500,1.6600,95539940,156733377.0200,1.146400,1,-0.602400,-14.161823,0.432182,0.159132,4.148414,0
2025-08-29,sh.601992,1.6500,1.6700,1.6200,1.6300,1.6500,63838025,104892833.7500,0.766000,1,-1.212100,-13.990164,0.426944,0.157203,4.098131,0
2025-09-01,sh.601992,1.6400,1.6700,1.6100,1.6500,1.6300,84040401,138093247.6200,1.008400,1,1.227000,-14.161823,0.432182,0.159132,4.148414,0
2025-09-02,sh.601992,1.6500,1.6800,1.6300,1.6500,1.6500,69174232,114279736.4000,0.830000,1,0.000000,-14.161823,0.432182,0.159132,4.148414,0
2025-09-03,sh.601992,1.6500,1.6600,1.6100,1.6100,1.6500,67396600,109785933.0000,0.808700,1,-2.424200,-13.818506,0.421705,0.155274,4.047847,0
2025-09-04,sh.601992,1.6100,1.6200,1.5900,1.6000,1.6100,57012900,91617129.0000,0.684100,1,-0.621100,-13.732677,0.419086,0.154310,4.022705,0
2025-09-05,sh.601992,1.6100,1.6100,1.5800,1.6000,1.6000,60191400,95947905.0000,0.722200,1,0.000000,-13.732677,0.419086,0.154310,4.022705,0
2025-09-08,sh.601992,1.6100,1.6400,1.6000,1.6100,1.6000,66087440,107101786.4000,0.793000,1,0.625000,-13.818506,0.421705,0.155274,4.047847,0
2025-09-09,sh.601992,1.6100,1.6400,1.6000,1.6300,1.6100,58133204,94561392.4800,0.697500,1,1.242200,-13.990164,0.426944,0.157203,4.098131,0
2025-09-10,sh.601992,1.6200,1.6400,1.6200,1.6300,1.6300,42260523,68862799.2600,0.507100,1,0.000000,-13.990164,0.426944,0.157203,4.098131,0
2025-09-11,sh.601992,1.6300,1.6400,1.6100,1.6400,1.6300,49290502,80247315.2600,0.591400,1,0.613500,-14.075994,0.429563,0.158168,4.123273,0
2025-09-12,sh.601992,1.6400,1.7100,1.6300,1.6800,1.6400,152797927,256330068.3900,1.833400,1,2.439000,-14.419311,0.440040,0.162025,4.223840,0
2025-09-15,sh.601992,1.6900,1.7600,1.6800,1.7300,1.6800,142034851,243882747.6800,1.704200,1,2.976200,-14.848457,0.453136,0.166848,4.349550,0
2025-09-16,sh.601992,1.7300,1.8000,1.7300,1.7800,1.7300,144950193,256169745.7000,1.739200,1,2.890200,-15.277603,0.466233,0.171670,4.475259,0
2025-09-17,sh.601992,1.7800,1.7900,1.7400,1.7700,1.7800,107855028,190336621.8400,1.294100,1,-0.561800,-15.191774,0.463614,0.170705,4.450117,0
2025-09-18,sh.601992,1.7800,1.8700,1.7600,1.7900,1.7700,206553707,373859822.8900,2.478400,1,1.129900,-15.363432,0.468852,0.172634,4.500401,0
2025-09-19,sh.601992,1.7900,1.7900,1.7000,1.7300,1.7900,121453641,210501105.1700,1.457300,1,-3.352000,-14.848457,0.453136,0.166848,4.349550,0
2025-09-22,sh.601992,1.7200,1.7300,1.6700,1.7100,1.7300,91846895,155700945.4500,1.102100,1,-1.156100,-14.676798,0.447898,0.164919,4.299266,0
2025-09-23,sh.601992,1.7000,1.7100,1.6300,1.6700,1.7100,88019259,146140863.9400,1.056100,1,-2.339200,-14.333481,0.437421,0.161061,4.198698,0
2025-09-24,sh.601992,1.6600,1.6800,1.6500,1.6700,1.6700,57283574,95348532.8400,0.687300,1,0.000000,-14.333481,0.437421,0.161061,4.198698,0
2025-09-25,sh.601992,1.6800,1.7300,1.6500,1.6600,1.6700,97548241,164445769.3300,1.170500,1,-0.598800,-14.247652,0.434801,0.160096,4.173556,0
2025-09-26,sh.601992,1.6400,1.6700,1.6400,1.6500,1.6600,61591200,101695798.3700,0.739000,1,-0.602400,-14.161823,0.432182,0.159132,4.148414,0
2025-09-29,sh.601992,1.6500,1.6600,1.6200,1.6500,1.6500,63832402,104619236.8700,0.765900,1,0.000000,-14.161823,0.432182,0.159132,4.148414,0
2025-09-30,sh.601992,1.6500,1.6800,1.6400,1.6600,1.6500,67085582,111481915.8800,0.804900,1,0.606100,-14.247652,0.434801,0.160096,4.173556,0
2025-10-09,sh.601992,1.6600,1.7200,1.6600,1.7000,1.6600,86151273,145691001.6200,1.033700,1,2.409600,-14.590969,0.445279,0.163954,4.274124,0
2025-10-10,sh.601992,1.7200,1.8700,1.7200,1.8700,1.7000,255887095,472605367.4700,3.070300,1,10.000000,-16.050066,0.489806,0.180350,4.701536,0
2025-10-13,sh.601992,1.8300,1.8600,1.7900,1.8200,1.8700,281797799,513303867.1800,3.381200,1,-2.673800,-15.620920,0.476710,0.175527,4.575827,0
2025-10-14,sh.601992,1.8200,1.9000,1.8100,1.8200,1.8200,201571540,371922381.4900,2.418600,1,0.000000,-15.620920,0.476710,0.175527,4.575827,0
2025-10-15,sh.601992,1.8100,1.8600,1.8000,1.8300,1.8200,123834679,226062544.1800,1.485900,1,0.549500,-15.706749,0.479329,0.176492,4.600969,0
2025-10-16,sh.601992,1.8200,1.8200,1.7600,1.7800,1.8300,100388900,178948691.0000,1.204500,1,-2.732200,-15.277603,0.466233,0.171670,4.475259,0
2025-10-17,sh.601992,1.7700,1.7900,1.7200,1.7200,1.7800,84877800,148406296.0000,1.018400,1,-3.370800,-14.762627,0.450517,0.165883,4.324408,0
2025-10-20,sh.601992,1.7300,1.7500,1.7200,1.7300,1.7200,61168700,106053656.0000,0.734000,1,0.581400,-14.848457,0.453136,0.166848,4.349550,0
2025-10-21,sh.601992,1.7400,1.8000,1.7300,1.7900,1.7300,106137300,188610899.0000,1.273500,1,3.468200,-15.363432,0.468852,0.172634,4.500401,0
2025-10-22,sh.601992,1.7800,1.8200,1.7700,1.8000,1.7900,69821400,125235969.0000,0.837800,1,0.558700,-15.449261,0.471471,0.173599,4.525543,0
2025-10-23,sh.601992,1.7900,1.8000,1.7400,1.7800,1.8000,75249994,132434325.9600,0.902900,1,-1.111100,-15.277603,0.466233,0.171670,4.475259,0
2025-10-24,sh.601992,1.7900,1.8100,1.7400,1.7500,1.7800,84879075,149844157.9000,1.018400,1,-1.685400,-15.020115,0.458375,0.168776,4.399834,0
2025-10-27,sh.601992,1.7500,1.7800,1.7500,1.7600,1.7500,76252600,134444985.0000,0.914900,1,0.571400,-15.105944,0.460994,0.169741,4.424975,0
2025-10-28,sh.601992,1.7500,1.7800,1.7400,1.7500,1.7600,60495841,106098878.3500,0.725900,1,-0.568200,-15.020115,0.458375,0.168776,4.399834,0
2025-10-29,sh.601992,1.7500,1.7500,1.7200,1.7400,1.7500,59051000,102117932.0000,0.708500,1,-0.571400,-14.934286,0.455756,0.167812,4.374692,0
2025-10-30,sh.601992,1.7400,1.7500,1.7200,1.7200,1.7400,51776524,89631408.5000,0.621300,1,-1.149400,-14.762627,0.450517,0.165883,4.324408,0
2025-10-31,sh.601992,1.7200,1.7400,1.7100,1.7200,1.7200,69751802,119982878.4200,0.836900,1,0.000000,-11.897469,0.452413,0.178024,29.128394,0
2025-11-03,sh.601992,1.7200,1.7400,1.7100,1.7300,1.7200,45350100,78406841.0000,0.544100,1,0.581400,-11.966641,0.455044,0.179059,29.297745,0
2025-11-04,sh.601992,1.7300,1.7600,1.7200,1.7400,1.7300,77623200,135085858.0000,0.931400,1,0.578000,-12.035812,0.457674,0.180094,29.467096,0
2025-11-05,sh.601992,1.7400,1.7700,1.7200,1.7600,1.7400,82246068,144567535.6600,0.986900,1,1.149400,-12.174155,0.462935,0.182164,29.805798,0
2025-11-06,sh.601992,1.7600,1.7700,1.7400,1.7500,1.7600,61879426,108277219.5000,0.742500,1,-0.568200,-12.104983,0.460304,0.181129,29.636447,0
2025-11-07,sh.601992,1.7500,1.7700,1.7500,1.7600,1.7500,49980035,87926780.3600,0.599700,1,0.571400,-12.174155,0.462935,0.182164,29.805798,0
2025-11-10,sh.601992,1.7600,1.7800,1.7500,1.7800,1.7600,68834041,121919403.9900,0.825900,1,1.136400,-12.312497,0.468195,0.184234,30.144501,0
2025-11-11,sh.601992,1.7800,1.8200,1.7700,1.8000,1.7800,93823784,168649313.1600,1.125800,1,1.123600,-12.450840,0.473456,0.186304,30.483203,0
2025-11-12,sh.601992,1.8000,1.8100,1.7600,1.7900,1.8000,84918800,151269840.0000,1.018900,1,-0.555600,-12.381669,0.470826,0.185269,30.313852,0
2025-11-13,sh.601992,1.7800,1.8100,1.7600,1.8100,1.7900,79620814,143054336.2200,0.955400,1,1.117300,-12.520011,0.476086,0.187339,30.652554,0
2025-11-14,sh.601992,1.8000,1.8600,1.8000,1.8400,1.8100,130576184,240060322.1400,1.566800,1,1.657500,-12.727525,0.483977,0.190444,31.160607,0
2025-11-17,sh.601992,1.8300,1.8500,1.8200,1.8400,1.8400,70764836,130006063.8800,0.849100,1,0.000000,-12.727525,0.483977,0.190444,31.160607,0
2025-11-18,sh.601992,1.8400,1.8400,1.7400,1.7600,1.8400,118741802,211073695.4800,1.424800,1,-4.347800,-12.174155,0.462935,0.182164,29.805798,0
2025-11-19,sh.601992,1.7500,1.7700,1.7200,1.7200,1.7600,83172746,143973496.4200,0.998000,1,-2.272700,-11.897469,0.452413,0.178024,29.128394,0
2025-11-20,sh.601992,1.7200,1.7500,1.7100,1.7300,1.7200,73593926,127382882.7400,0.883000,1,0.581400,-11.966641,0.455044,0.179059,29.297745,0
2025-11-21,sh.601992,1.7200,1.7500,1.6700,1.6700,1.7300,108942267,186228426.2400,1.307200,1,-3.468200,-11.551613,0.439262,0.172849,28.281638,0
2025-11-24,sh.601992,1.6700,1.7000,1.6700,1.6800,1.6700,52057339,87625578.3300,0.624600,1,0.598800,-11.620784,0.441892,0.173884,28.450989,0
2025-11-25,sh.601992,1.6800,1.7000,1.6700,1.6900,1.6800,44891700,75786414.0000,0.538600,1,0.595200,-11.689955,0.444522,0.174919,28.620340,0
2025-11-26,sh.601992,1.7000,1.7300,1.6900,1.7000,1.6900,55371294,94855983.0400,0.664400,1,0.591700,-11.759127,0.447153,0.175954,28.789692,0
2025-11-27,sh.601992,1.7000,1.7100,1.6800,1.6900,1.7000,37302000,63038176.0000,0.447600,1,-0.588200,-11.689955,0.444522,0.174919,28.620340,0
2025-11-28,sh.601992,1.6900,1.7100,1.6700,1.7100,1.6900,46639579,78804508.5100,0.559600,1,1.183400,-11.828298,0.449783,0.176989,28.959043,0
2025-12-01,sh.601992,1.7100,1.7200,1.7000,1.7100,1.7100,38596874,65919186.3800,0.463100,1,0.000000,-11.828298,0.449783,0.176989,28.959043,0
2025-12-02,sh.601992,1.7000,1.7200,1.6800,1.7200,1.7100,61954700,105352413.0000,0.743400,1,0.584800,-11.897469,0.452413,0.178024,29.128394,0
2025-12-03,sh.601992,1.7000,1.7100,1.6800,1.6800,1.7200,42652989,72136238.3000,0.511800,1,-2.325600,-11.620784,0.441892,0.173884,28.450989,0
2025-12-04,sh.601992,1.6800,1.6900,1.6500,1.6600,1.6800,63330100,105365787.5200,0.759900,1,-1.190500,-11.482441,0.436632,0.171814,28.112287,0
2025-12-05,sh.601992,1.6500,1.6800,1.6400,1.6700,1.6600,45455616,75459290.3200,0.545400,1,0.602400,-11.551613,0.439262,0.172849,28.281638,0
2025-12-08,sh.601992,1.6800,1.7000,1.6700,1.6800,1.6700,50020400,84423780.0000,0.600200,1,0.598800,-11.620784,0.441892,0.173884,28.450989,0
2025-12-09,sh.601992,1.6800,1.6900,1.6400,1.6400,1.6800,59269076,97947469.4000,0.711200,1,-2.381000,-11.344099,0.431371,0.169744,27.773585,0
2025-12-10,sh.601992,1.6400,1.6800,1.6300,1.6700,1.6400,57273202,94813639.2800,0.687200,1,1.829300,-11.551613,0.439262,0.172849,28.281638,0
2025-12-11,sh.601992,1.6800,1.6900,1.6400,1.6400,1.6700,52553679,86964778.3500,0.630600,1,-1.796400,-11.344099,0.431371,0.169744,27.773585,0
2025-12-12,sh.601992,1.6400,1.7100,1.6300,1.6700,1.6400,88886572,148459814.1800,1.066500,1,1.829300,-11.551613,0.439262,0.172849,28.281638,0
2025-12-15,sh.601992,1.6600,1.7300,1.6500,1.6800,1.6700,87701321,148565385.7000,1.052300,1,0.598800,-11.620784,0.441892,0.173884,28.450989,0
2025-12-16,sh.601992,1.6800,1.6900,1.6300,1.6300,1.6800,70926500,117024321.0000,0.851000,1,-2.976200,-11.274927,0.428741,0.168709,27.604234,0
2025-12-17,sh.601992,1.6300,1.6500,1.6100,1.6400,1.6300,51197200,83319354.0000,0.614300,1,0.613500,-11.344099,0.431371,0.169744,27.773585,0
2025-12-18,sh.601992,1.6300,1.6500,1.6200,1.6300,1.6400,36904100,60362174.0000,0.442800,1,-0.609800,-11.274927,0.428741,0.168709,27.604234,0
2025-12-19,sh.601992,1.6300,1.6800,1.6300,1.6700,1.6300,73598722,122100844.9500,0.883100,1,2.454000,-11.551613,0.439262,0.172849,28.281638,0
2025-12-22,sh.601992,1.6700,1.6900,1.6600,1.6800,1.6700,51321100,86039596.0000,0.615800,1,0.598800,-11.620784,0.441892,0.173884,28.450989,0
2025-12-23,sh.601992,1.6800,1.6900,1.6400,1.6500,1.6800,49171500,81654868.0000,0.590000,1,-1.785700,-11.413270,0.434001,0.170779,27.942936,0
2025-12-24,sh.601992,1.6500,1.6700,1.6400,1.6600,1.6500,28508821,47252477.6500,0.342100,1,0.606100,-11.482441,0.436632,0.171814,28.112287,0
2025-12-25,sh.601992,1.6700,1.6900,1.6600,1.6700,1.6600,41404500,69292132.0000,0.496800,1,0.602400,-11.551613,0.439262,0.172849,28.281638,0
2025-12-26,sh.601992,1.6800,1.7000,1.6700,1.6800,1.6700,61350400,103371707.0000,0.736100,1,0.598800,-11.620784,0.441892,0.173884,28.450989,0
2025-12-29,sh.601992,1.6800,1.7900,1.6800,1.7200,1.6800,164346604,284611520.0300,1.972000,1,2.381000,-11.897469,0.452413,0.178024,29.128394,0
2025-12-30,sh.601992,1.7100,1.7200,1.6600,1.6800,1.7200,98775200,166402584.0000,1.185200,1,-2.325600,-11.620784,0.441892,0.173884,28.450989,0
2025-12-31,sh.601992,1.6800,1.6900,1.6600,1.6700,1.6800,59013782,98625503.9400,0.708100,1,-0.595200,-11.551613,0.439262,0.172849,28.281638,0
2026-01-05,sh.601992,1.6800,1.7000,1.6700,1.6800,1.6700,81025729,136575104.7200,0.972200,1,0.598800,-11.620784,0.441892,0.173884,28.450989,0
2026-01-06,sh.601992,1.6800,1.7200,1.6800,1.7100,1.6800,91608159,155815037.6300,1.099200,1,1.785700,-11.828298,0.449783,0.176989,28.959043,0
2026-01-07,sh.601992,1.7000,1.7300,1.6900,1.7100,1.7100,73446078,125494260.8800,0.881300,1,0.000000,-11.828298,0.449783,0.176989,28.959043,0
2026-01-08,sh.601992,1.7000,1.8200,1.7000,1.7900,1.7100,200948604,354905324.4600,2.411100,1,4.678400,-12.381669,0.470826,0.185269,30.313852,0
2026-01-09,sh.601992,1.7800,1.8000,1.7400,1.7600,1.7900,124541783,220699473.2500,1.494400,1,-1.676000,-12.174155,0.462935,0.182164,29.805798,0
2026-01-12,sh.601992,1.7700,1.9400,1.7600,1.9400,1.7600,256016179,488886470.6400,3.071900,1,10.227300,-13.419239,0.510280,0.200794,32.854119,0
2026-01-13,sh.601992,2.1000,2.1300,2.0700,2.1300,1.9400,184449075,391653327.1500,2.213200,1,9.793800,-14.733494,0.560256,0.220460,36.071790,0
2026-01-14,sh.601992,2.3400,2.3400,2.1300,2.3400,2.1300,715588238,1665007394.5900,8.586200,1,9.859200,-16.186092,0.615493,0.242195,39.628164,0
2026-01-15,sh.601992,2.2500,2.3800,2.1100,2.1100,2.3400,858608724,1883925583.1500,10.302300,1,-9.829100,-14.595151,0.554995,0.218390,35.733088,0
2026-01-16,sh.601992,2.0100,2.0300,1.9000,1.9000,2.1100,310087502,599633878.5600,3.720700,1,-9.952600,-13.142553,0.499759,0.196654,32.176714,0
2026-01-19,sh.601992,1.8400,1.8900,1.8100,1.8500,1.9000,277559241,513390023.7300,3.330400,1,-2.631600,-12.796697,0.486607,0.191479,31.329958,0
2026-01-20,sh.601992,1.8500,1.9100,1.8500,1.8800,1.8500,212924035,398756640.8900,2.554800,1,1.621600,-13.004211,0.494498,0.194584,31.838012,0
2026-01-21,sh.601992,1.8600,1.8700,1.8300,1.8600,1.8800,158713218,294183462.3000,1.904400,1,-1.063800,-12.865868,0.489238,0.192514,31.499310,0
2026-01-22,sh.601992,1.8600,2.0500,1.8500,2.0500,1.8600,418019517,826146208.8300,5.015700,1,10.215100,-14.180123,0.539214,0.212180,34.716981,0
2026-01-23,sh.601992,2.1000,2.1500,2.0500,2.1300,2.0500,572103405,1209301817.8400,6.864600,1,3.902400,-14.733494,0.560256,0.220460,36.071790,0
2026-01-26,sh.601992,2.1500,2.1700,2.0500,2.0600,2.1300,371251261,782624667.5000,4.454600,1,-3.286400,-14.249294,0.541844,0.213215,34.886332,0
2026-01-27,sh.601992,2.0900,2.1100,1.9700,2.0200,2.0600,210373291,424514027.1800,2.524200,1,-1.941700,-13.972609,0.531323,0.209075,34.208928,0
2026-01-28,sh.601992,2.0200,2.0400,1.9900,2.0200,2.0200,134206421,269874727.0400,1.610300,1,0.000000,-13.972609,0.531323,0.209075,34.208928,0
2026-01-29,sh.601992,2.0100,2.0500,1.9800,2.0200,2.0200,149035897,300922587.9400,1.788300,1,0.000000,-13.972609,0.531323,0.209075,34.208928,0
2026-01-30,sh.601992,2.0000,2.0100,1.9100,1.9400,2.0200,164276084,320519305.0000,1.971100,1,-3.960400,-13.419239,0.510280,0.200794,32.854119,0
2026-02-02,sh.601992,1.9400,1.9500,1.8800,1.9000,1.9400,113515002,217858904.8200,1.362000,1,-2.061900,-13.142553,0.499759,0.196654,32.176714,0
2026-02-03,sh.601992,1.9600,2.0900,1.9500,2.0900,1.9000,140791031,290837095.7900,1.689300,1,10.000000,-14.456808,0.549735,0.216320,35.394385,0
2026-02-04,sh.601992,2.1400,2.1700,2.0600,2.1200,2.0900,405293909,854208225.4800,4.863000,1,1.435400,-14.664322,0.557626,0.219425,35.902439,0
2026-02-05,sh.601992,2.1000,2.1700,2.0800,2.1000,2.1200,199160208,419722559.0400,2.389700,1,-0.943400,-14.525980,0.552365,0.217355,35.563737,0
2026-02-06,sh.601992,2.0900,2.1200,2.0500,2.1000,2.1000,166691331,348524331.7900,2.000100,1,0.000000,-14.525980,0.552365,0.217355,35.563737,0
2026-02-09,sh.601992,2.1400,2.1900,2.1100,2.1600,2.1000,218172894,469220472.6800,2.617800,1,2.857100,-14.941008,0.568147,0.223565,36.579843,0
2026-02-10,sh.601992,2.1500,2.1700,2.0700,2.1000,2.1600,141820000,298024078.0000,1.701700,1,-2.777800,-14.525980,0.552365,0.217355,35.563737,0
2026-02-11,sh.601992,2.0900,2.1200,2.0700,2.0700,2.1000,104615048,218307342.4600,1.255300,1,-1.428600,-14.318466,0.544474,0.214250,35.055683,0
2026-02-12,sh.601992,2.0700,2.0900,2.0500,2.0500,2.0700,90099820,185972193.2000,1.081100,1,-0.966200,-14.180123,0.539214,0.212180,34.716981,0
2026-02-13,sh.601992,2.0500,2.0600,1.9900,2.0000,2.0500,113185000,227751156.0000,1.358100,1,-2.439000,-13.834267,0.526062,0.207005,33.870225,0
2026-02-24,sh.601992,2.0300,2.0500,2.0100,2.0300,2.0000,96378436,195623362.0800,1.156400,1,1.500000,-14.041780,0.533953,0.210110,34.378279,0
2026-02-25,sh.601992,2.0400,2.1200,2.0300,2.0900,2.0300,155119641,324232635.8600,1.861300,1,2.955700,-14.456808,0.549735,0.216320,35.394385,0
2026-02-26,sh.601992,2.0900,2.0900,2.0200,2.0300,2.0900,121132300,247006716.4500,1.453400,1,-2.870800,-14.041780,0.533953,0.210110,34.378279,0
2026-02-27,sh.601992,2.0300,2.0600,2.0000,2.0500,2.0300,100590746,204973799.8400,1.207000,1,0.985200,-14.180123,0.539214,0.212180,34.716981,0
2026-03-02,sh.601992,2.0100,2.0400,1.9700,2.0000,2.0500,123400306,247123104.9400,1.480700,1,-2.439000,-13.834267,0.526062,0.207005,33.870225,0
2026-03-03,sh.601992,1.9900,2.0100,1.8900,1.9000,2.0000,150066502,290117555.7800,1.800600,1,-5.000000,-13.142553,0.499759,0.196654,32.176714,0
2026-03-04,sh.601992,1.8800,1.9200,1.8600,1.8700,1.9000,99781727,187869534.2400,1.197300,1,-1.578900,-12.935039,0.491868,0.193549,31.668661,0
2026-03-05,sh.601992,1.9000,1.9100,1.8700,1.8900,1.8700,80242996,151586169.4800,0.962800,1,1.069500,-13.073382,0.497129,0.195619,32.007363,0
2026-03-06,sh.601992,1.8800,1.9300,1.8600,1.9200,1.8900,89821200,171025644.0000,1.077700,1,1.587300,-13.280896,0.505020,0.198724,32.515416,0
2026-03-09,sh.601992,1.9000,1.9100,1.8700,1.9000,1.9200,82513210,156012360.9200,0.990100,1,-1.041700,-13.142553,0.499759,0.196654,32.176714,0
2026-03-10,sh.601992,1.9100,1.9200,1.8800,1.8900,1.9000,77839804,147480762.5600,0.934000,1,-0.526300,-13.073382,0.497129,0.195619,32.007363,0
2026-03-11,sh.601992,1.8900,1.9100,1.8700,1.9100,1.8900,76317964,144449693.4000,0.915700,1,1.058200,-13.211725,0.502389,0.197689,32.346065,0
2026-03-12,sh.601992,1.9000,1.9400,1.8900,1.9300,1.9100,106505937,205007365.4100,1.277900,1,1.047100,-13.350067,0.507650,0.199759,32.684767,0
2026-03-13,sh.601992,1.9300,1.9800,1.9100,1.9200,1.9300,112066400,217875914.0000,1.344700,1,-0.518100,-13.280896,0.505020,0.198724,32.515416,0
2026-03-16,sh.601992,1.9200,1.9500,1.8800,1.8900,1.9200,93846392,178420025.9600,1.126000,1,-1.562500,-13.073382,0.497129,0.195619,32.007363,0
2026-03-17,sh.601992,1.9000,1.9500,1.8900,1.9000,1.8900,100703600,193465261.0000,1.208300,1,0.529100,-13.142553,0.499759,0.196654,32.176714,0
2026-03-18,sh.601992,1.9000,1.9100,1.8400,1.8700,1.9000,103348400,193120598.0000,1.240100,1,-1.578900,-12.935039,0.491868,0.193549,31.668661,0
2026-03-19,sh.601992,1.8500,1.8600,1.8200,1.8200,1.8700,85599680,157046324.6000,1.027100,1,-2.673800,-12.589183,0.478716,0.188374,30.821905,0
2026-03-20,sh.601992,1.8200,1.8500,1.8000,1.8100,1.8200,94002452,171446574.1100,1.127900,1,-0.549500,-12.520011,0.476086,0.187339,30.652554,0
2026-03-23,sh.601992,1.7900,1.9000,1.7500,1.8500,1.8100,194233784,357464491.0500,2.330600,1,2.209900,-12.796697,0.486607,0.191479,31.329958,0
2026-03-24,sh.601992,1.8300,1.8400,1.7100,1.7700,1.8500,225118601,395653054.2100,2.701200,1,-4.324300,-12.243326,0.465565,0.183199,29.975149,0
2026-03-25,sh.601992,1.7600,1.8200,1.7400,1.8100,1.7700,136787914,244706667.7500,1.641300,1,2.259900,-12.520011,0.476086,0.187339,30.652554,0
2026-03-26,sh.601992,1.8000,1.8300,1.7700,1.7800,1.8100,91989451,164985092.3000,1.103800,1,-1.657500,-12.312497,0.468195,0.184234,30.144501,0
2026-03-27,sh.601992,1.7700,1.8000,1.7600,1.7900,1.7800,67717171,120755018.8700,0.812500,1,0.561800,-12.381669,0.470826,0.185269,30.313852,0
2026-03-30,sh.601992,1.7800,1.8500,1.7700,1.8400,1.7900,112660961,204690015.2800,1.351800,1,2.793300,-12.727525,0.483977,0.190444,31.160607,0
2026-03-31,sh.601992,1.8300,1.8600,1.7900,1.8000,1.8400,86951923,158580175.8600,1.043300,1,-2.173900,-19.039748,0.471243,0.210946,-15.704433,0
2026-04-01,sh.601992,1.8200,1.8400,1.7800,1.7900,1.8000,77447350,139062881.0000,0.929300,1,-0.555600,-18.933972,0.468625,0.209775,-15.617186,0
2026-04-02,sh.601992,1.7900,1.7900,1.7600,1.7600,1.7900,64847149,114936531.7300,0.778100,1,-1.676000,-18.616642,0.460771,0.206259,-15.355446,0
2026-04-03,sh.601992,1.7700,1.7700,1.7000,1.7100,1.7600,74081400,127392894.0000,0.888900,1,-2.840900,-18.087761,0.447681,0.200399,-14.919212,0
2026-04-07,sh.601992,1.7100,1.7300,1.6900,1.7300,1.7100,43969162,75463745.0200,0.527600,1,1.169600,-18.299313,0.452917,0.202743,-15.093705,0
2026-04-08,sh.601992,1.7500,1.7900,1.7400,1.7800,1.7300,77080384,136246027.8400,0.924900,1,2.890200,-18.828195,0.466007,0.208603,-15.529940,0
2026-04-09,sh.601992,1.7800,1.7900,1.7300,1.7500,1.7800,61163700,106986336.0000,0.733900,1,-1.685400,-18.510866,0.458153,0.205087,-15.268199,0
2026-04-10,sh.601992,1.7500,1.7800,1.7400,1.7500,1.7500,47427200,83508485.0000,0.569100,1,0.000000,-18.510866,0.458153,0.205087,-15.268199,0
2026-04-13,sh.601992,1.7400,1.7800,1.7400,1.7800,1.7500,62667900,110773796.0000,0.751900,1,1.714300,-18.828195,0.466007,0.208603,-15.529940,0
2026-04-14,sh.601992,1.7800,1.8000,1.7600,1.7900,1.7800,76597400,136415413.0000,0.919100,1,0.561800,-18.933972,0.468625,0.209775,-15.617186,0
2026-04-15,sh.601992,1.8000,1.8000,1.7500,1.7600,1.7900,60462720,107007310.0000,0.725500,1,-1.676000,-18.616642,0.460771,0.206259,-15.355446,0
2026-04-16,sh.601992,1.7600,1.7700,1.7400,1.7500,1.7600,60818589,106563391.7500,0.729800,1,-0.568200,-18.510866,0.458153,0.205087,-15.268199,0
2026-04-17,sh.601992,1.7500,1.7600,1.7300,1.7400,1.7500,50244262,87437038.2600,0.602900,1,-0.571400,-18.405090,0.455535,0.203915,-15.180952,0
2026-04-20,sh.601992,1.7400,1.7500,1.7200,1.7500,1.7400,46722700,81110598.0000,0.560600,1,0.574700,-18.510866,0.458153,0.205087,-15.268199,0
2026-04-21,sh.601992,1.7400,1.7500,1.7200,1.7300,1.7500,54342700,94107852.0000,0.652000,1,-1.142900,-18.299313,0.452917,0.202743,-15.093705,0
2026-04-22,sh.601992,1.7300,1.7400,1.7100,1.7200,1.7300,53720400,92196967.0000,0.644600,1,-0.578000,-18.193537,0.450299,0.201571,-15.006459,0
2026-04-23,sh.601992,1.7100,1.7200,1.6800,1.7000,1.7200,56005300,94982782.0000,0.672000,1,-1.162800,-17.981984,0.445063,0.199227,-14.831965,0
2026-04-24,sh.601992,1.6900,1.7000,1.6500,1.6700,1.7000,57842630,96540202.6900,0.694000,1,-1.764700,-17.664655,0.437209,0.195711,-14.570224,0
2026-04-27,sh.601992,1.6700,1.6800,1.6400,1.6700,1.6700,59456237,98475906.4200,0.713400,1,0.000000,-17.664655,0.437209,0.195711,-14.570224,0
2026-04-28,sh.601992,1.6600,1.6700,1.6400,1.6600,1.6700,50382868,83379086.8800,0.604500,1,-0.598800,-17.558879,0.434591,0.194540,-14.482977,0
2026-04-29,sh.601992,1.6500,1.7100,1.6400,1.7000,1.6600,69836308,118049409.8400,0.838000,1,2.409600,-17.981984,0.445063,0.199227,-14.831965,0
2026-04-30,sh.601992,1.6800,1.6900,1.6300,1.6600,1.7000,108671795,179903359.1600,1.303900,1,-2.352900,-12.203605,0.456313,0.197906,3.438439,0
2026-05-06,sh.601992,1.6600,1.6900,1.6500,1.6900,1.6600,88033024,147307841.3000,1.056300,1,1.807200,-12.424152,0.464560,0.201482,3.500579,0
2026-05-07,sh.601992,1.6800,1.7000,1.6600,1.6700,1.6900,78023102,130811943.3600,0.936200,1,-1.183400,-12.277120,0.459062,0.199098,3.459152,0
2026-05-08,sh.601992,1.6700,1.7000,1.6600,1.6900,1.6700,75499881,127317468.8700,0.905900,1,1.197600,-12.424152,0.464560,0.201482,3.500579,0
2026-05-11,sh.601992,1.6900,1.7200,1.6800,1.7000,1.6900,98129800,166918355.6000,1.177400,1,0.591700,-12.497667,0.467308,0.202675,3.521293,0
2026-05-12,sh.601992,1.7000,1.7100,1.6800,1.6800,1.7000,82228244,139195068.4000,0.986600,1,-1.176500,-12.350636,0.461811,0.200290,3.479866,0
2026-05-13,sh.601992,1.6900,1.7000,1.6600,1.6800,1.6800,80000596,134323069.2400,0.959900,1,0.000000,-12.350636,0.461811,0.200290,3.479866,0
2026-05-14,sh.601992,1.6800,1.6900,1.6300,1.6400,1.6800,89296000,146883147.0000,1.071400,1,-2.381000,-12.056573,0.450815,0.195521,3.397012,0
2026-05-15,sh.601992,1.6300,1.6400,1.5800,1.6000,1.6400,79524745,127377390.0000,0.954200,1,-2.439000,-11.762510,0.439820,0.190752,3.314158,0
2026-05-18,sh.601992,1.5900,1.6000,1.5600,1.5800,1.6000,57545424,90546263.6800,0.690500,1,-1.250000,-11.615479,0.434322,0.188368,3.272731,0
2026-05-19,sh.601992,1.5800,1.6000,1.5700,1.6000,1.5800,43920220,69517937.6000,0.527000,1,1.265800,-11.762510,0.439820,0.190752,3.314158,0
2026-05-20,sh.601992,1.5900,1.5900,1.5500,1.5600,1.6000,50025918,78089929.1400,0.600300,1,-2.500000,-11.468448,0.428824,0.185984,3.231304,0
2026-05-21,sh.601992,1.5600,1.5800,1.5200,1.5300,1.5600,55770702,86766455.0800,0.669200,1,-1.923100,-11.247901,0.420578,0.182407,3.169164,0
2026-05-22,sh.601992,1.5500,1.6800,1.5400,1.6800,1.5300,169154191,280736111.8400,2.029600,1,9.803900,-12.350636,0.461811,0.200290,3.479866,0
2026-05-25,sh.601992,1.6900,1.7200,1.6500,1.6800,1.6800,211448700,358303953.4500,2.537100,1,0.000000,-12.350636,0.461811,0.200290,3.479866,0
2026-05-26,sh.601992,1.6700,1.6800,1.6200,1.6500,1.6800,127343660,209951354.6000,1.528000,1,-1.785700,-12.130089,0.453564,0.196714,3.417725,0
2026-05-27,sh.601992,1.6500,1.6500,1.5700,1.5800,1.6500,116081325,184916249.5000,1.392800,1,-4.242400,-11.615479,0.434322,0.188368,3.272731,0
2026-05-28,sh.601992,1.5700,1.6000,1.5600,1.5800,1.5800,77978492,123328589.0800,0.935600,1,0.000000,-11.615479,0.434322,0.188368,3.272731,0
2026-05-29,sh.601992,1.5800,1.6700,1.5800,1.5900,1.5800,112007164,181209014.4800,1.344000,1,0.632900,-11.688995,0.437071,0.189560,3.293444,0
2026-06-01,sh.601992,1.5900,1.6500,1.5600,1.6400,1.5900,106897906,173133945.1400,1.282600,1,3.144700,-12.056573,0.450815,0.195521,3.397012,0
2026-06-02,sh.601992,1.6500,1.6600,1.6000,1.6100,1.6400,74850000,121074765.0000,0.898100,1,-1.829300,-11.836026,0.442569,0.191945,3.334871,0
2026-06-03,sh.601992,1.6000,1.6100,1.5700,1.5800,1.6100,64549200,102346026.0000,0.774500,1,-1.863400,-11.615479,0.434322,0.188368,3.272731,0
2026-06-04,sh.601992,1.5700,1.5900,1.5600,1.5700,1.5800,49505122,77753055.3200,0.594000,1,-0.632900,-11.541963,0.431573,0.187176,3.252018,0
2026-06-05,sh.601992,1.5700,1.6100,1.5600,1.6000,1.5700,70320800,111760604.0000,0.843800,1,1.910800,-11.762510,0.439820,0.190752,3.314158,0
2026-06-08,sh.601992,1.5700,1.6100,1.5400,1.5600,1.6000,78256000,122880475.0000,0.939000,1,-2.500000,-11.468448,0.428824,0.185984,3.231304,0
2026-06-09,sh.601992,1.5600,1.5700,1.5200,1.5400,1.5600,54475400,83572794.0000,0.653600,1,-1.282100,-11.321416,0.423326,0.183599,3.189877,0
2026-06-10,sh.601992,1.5400,1.5400,1.4900,1.5100,1.5400,59787500,90031383.0000,0.717400,1,-1.948100,-11.100869,0.415080,0.180023,3.127737,0
2026-06-11,sh.601992,1.5100,1.5100,1.4900,1.5000,1.5100,32387200,48580046.0000,0.388600,1,-0.662300,-11.027354,0.412331,0.178830,3.107023,0
2026-06-12,sh.601992,1.5100,1.5400,1.4900,1.5200,1.5000,51547141,78188283.3200,0.618500,1,1.333300,-11.174385,0.417829,0.181215,3.148450,0
2026-06-15,sh.601992,1.5400,1.5600,1.5100,1.5300,1.5200,55967400,85821326.0000,0.671500,1,0.657900,-11.247901,0.420578,0.182407,3.169164,0
2026-06-16,sh.601992,1.5200,1.5300,1.5000,1.5200,1.5300,46756000,70676211.0000,0.561000,1,-0.653600,-11.174385,0.417829,0.181215,3.148450,0
2026-06-17,sh.601992,1.5200,1.5200,1.5000,1.5000,1.5200,32284848,48577043.0000,0.387400,1,-1.315800,-11.027354,0.412331,0.178830,3.107023,0
2026-06-18,sh.601992,1.4900,1.5000,1.4600,1.4700,1.5000,44517800,65737512.0000,0.534200,1,-2.000000,-10.806807,0.404084,0.175254,3.044883,0
2026-06-22,sh.601992,1.4700,1.4700,1.4100,1.4600,1.4700,74967804,107773615.4000,0.899500,1,-0.680300,-10.733291,0.401335,0.174062,3.024169,0
2026-06-23,sh.601992,1.4500,1.4900,1.4300,1.4400,1.4600,61117740,89167698.4000,0.733300,1,-1.369900,-10.586259,0.395838,0.171677,2.982742,0
2026-06-24,sh.601992,1.4300,1.4400,1.3800,1.3900,1.4400,70211500,98547457.0000,0.842500,1,-3.472200,-10.218681,0.382093,0.165716,2.879175,0
2026-06-25,sh.601992,1.3800,1.4000,1.3600,1.3900,1.3900,62176836,85580720.1200,0.746000,1,0.000000,-10.218681,0.382093,0.165716,2.879175,0
2026-06-26,sh.601992,1.3900,1.3900,1.3500,1.3500,1.3900,51775580,70799521.6000,0.621200,1,-2.877700,-9.924618,0.371098,0.160947,2.796321,0
2026-06-29,sh.601992,1.3500,1.3700,1.3200,1.3600,1.3500,62194458,83903114.3200,0.746300,1,0.740700,-9.998134,0.373847,0.162140,2.817034,0
2026-06-30,sh.601992,1.3600,1.3800,1.3400,1.3600,1.3600,46262100,62857470.0000,0.555100,1,0.000000,-9.998134,0.373847,0.162140,2.817034,0
2026-07-01,sh.601992,1.3500,1.4100,1.3400,1.3900,1.3600,64886994,89644974.6000,0.778600,1,2.205900,-10.218681,0.382093,0.165716,2.879175,0
2026-07-02,sh.601992,1.3900,1.4200,1.3700,1.3800,1.3900,54933600,76585418.0000,0.659100,1,-0.719400,-10.145165,0.379344,0.164524,2.858461,0
2026-07-03,sh.601992,1.3800,1.4000,1.3700,1.3900,1.3800,44293012,61444719.6800,0.531500,1,0.724600,-10.218681,0.382093,0.165716,2.879175,0
2026-07-06,sh.601992,1.3900,1.4100,1.3800,1.3900,1.3900,41707300,58051865.0000,0.500400,1,0.000000,-10.218681,0.382093,0.165716,2.879175,0
2026-07-07,sh.601992,1.4000,1.4000,1.3500,1.3700,1.3900,39594902,54107084.7400,0.475100,1,-1.438800,-10.071650,0.376596,0.163332,2.837748,0
2026-07-08,sh.601992,1.3700,1.3900,1.3600,1.3700,1.3700,33440556,46059741.5000,0.401200,1,0.000000,-10.071650,0.376596,0.163332,2.837748,0
2026-07-09,sh.601992,1.3800,1.3900,1.3500,1.3700,1.3700,36634200,50062390.0000,0.439600,1,0.000000,-10.071650,0.376596,0.163332,2.837748,0
2026-07-10,sh.601992,1.3600,1.4200,1.3500,1.4000,1.3700,68033695,94798118.0500,0.816300,1,2.189800,-10.292197,0.384842,0.166908,2.899888,0
2026-07-13,sh.601992,1.4000,1.4200,1.3600,1.3600,1.4000,51932350,71581965.5000,0.623100,1,-2.857100,-9.998134,0.373847,0.162140,2.817034,0
2026-07-14,sh.601992,1.3600,1.3900,1.3500,1.3900,1.3600,37529983,51398106.8800,0.450300,1,2.205900,-10.218681,0.382093,0.165716,2.879175,0
2026-07-15,sh.601992,1.3700,1.4400,1.3700,1.4200,1.3900,76980640,109116419.4600,0.923700,1,2.158300,-10.439228,0.390340,0.169293,2.941315,0
2026-07-16,sh.601992,1.4300,1.4400,1.4000,1.4200,1.4200,45627700,64897377.0000,0.547500,1,0.000000,-10.439228,0.390340,0.169293,2.941315,0
2026-07-17,sh.601992,1.4200,1.4600,1.3800,1.4000,1.4200,64841252,92060254.9000,0.778000,1,-1.408500,-10.292197,0.384842,0.166908,2.899888,0
2026-07-20,sh.601992,1.4000,1.4400,1.4000,1.4100,1.4000,73914699,104811561.6000,0.886900,1,0.714300,-10.365712,0.387591,0.168101,2.920602,0
2026-07-21,sh.601992,1.4200,1.4300,1.3900,1.4200,1.4100,53035234,74969065.9400,0.636400,1,0.709200,-10.439228,0.390340,0.169293,2.941315,0
2026-07-22,sh.601992,1.3800,1.4000,1.3700,1.3800,1.3700,52749514,72830943.3200,0.632900,1,0.729900,-10.145165,0.379344,0.164524,2.858461,0
2026-07-23,sh.601992,1.3800,1.4200,1.3700,1.4100,1.3800,52984942,74208304.4400,0.635800,1,2.173900,-10.365712,0.387591,0.168101,2.920602,0
2026-07-24,sh.601992,1.4100,1.4200,1.3700,1.3800,1.4100,41172400,57329424.0000,0.494000,1,-2.127700,-10.145165,0.379344,0.164524,2.858461,0
2026-07-27,sh.601992,1.3800,1.4000,1.3700,1.3900,1.3800,33236300,46177340.0000,0.398800,1,0.724600,-10.218681,0.382093,0.165716,2.879175,0
2026-07-28,sh.601992,1.3900,1.4000,1.3800,1.3900,1.3900,24973999,34697700.6100,0.299700,1,0.000000,-10.218681,0.382093,0.165716,2.879175,0
2026-07-29,sh.601992,1.3900,1.4200,1.3800,1.4100,1.3900,45558840,64082704.6000,0.546700,1,1.438800,-10.365712,0.387591,0.168101,2.920602,0
2026-07-30,sh.601992,1.4100,1.4300,1.4100,1.4200,1.4100,53054578,75282176.8600,0.636600,1,0.709200,-10.439228,0.390340,0.169293,2.941315,0
2026-07-31,sh.601992,1.4200,1.4200,1.4000,1.4200,1.4200,40493100,57199325.0000,0.485900,1,0.000000,-10.439228,0.390340,0.169293,2.941315,0
2026-08-03,sh.601992,1.4200,1.4400,1.4100,1.4400,1.4200,51488920,73438966.0000,0.617800,1,1.408500,-10.586259,0.395838,0.171677,2.982742,0
2026-08-04,sh.601992,1.4400,1.4400,1.4100,1.4200,1.4400,44604200,63469760.0000,0.535200,1,-1.388900,-10.439228,0.390340,0.169293,2.941315,0
2026-08-05,sh.601992,1.4200,1.4200,1.4000,1.4100,1.4200,38790800,54702170.0000,0.465400,1,-0.704200,-10.365712,0.387591,0.168101,2.920602,0
2026-08-06,sh.601992,1.4200,1.4200,1.3900,1.4200,1.4100,46378800,65370965.0000,0.556500,1,0.709200,-10.439228,0.390340,0.169293,2.941315,0
2026-08-07,sh.601992,1.4200,1.4200,1.3800,1.4000,1.4200,53882900,75137187.0000,0.646500,1,-1.408500,-10.292197,0.384842,0.166908,2.899888,0
2026-08-10,sh.601992,1.4100,1.4300,1.4000,1.4200,1.4000,56583352,80063174.9300,0.678900,1,1.428600,-10.439228,0.390340,0.169293,2.941315,0
2026-08-11,sh.601992,1.4200,1.4300,1.4000,1.4100,1.4200,44161502,62365632.8000,0.529900,1,-0.704200,-10.365712,0.387591,0.168101,2.920602,0
2026-08-12,sh.601992,1.4100,1.4400,1.4000,1.4400,1.4100,55595164,79223278.2600,0.667100,1,2.127700,-10.586259,0.395838,0.171677,2.982742,0
2026-08-13,sh.601992,1.4400,1.4500,1.4100,1.4100,1.4400,36457600,51786631.0000,0.437400,1,-2.083300,-10.365712,0.387591,0.168101,2.920602,0
2026-08-14,sh.601992,1.4100,1.4200,1.3900,1.3900,1.4100,33801750,47204948.5000,0.405600,1,-1.418400,-10.218681,0.382093,0.165716,2.879175,0
2026-08-17,sh.601992,1.3800,1.4100,1.3800,1.4000,1.3900,33071002,46126574.7800,0.396800,1,0.719400,-10.292197,0.384842,0.166908,2.899888,0
2026-08-18,sh.601992,1.4000,1.4000,1.3900,1.4000,1.4000,16211338,22623081.8200,0.194500,1,0.000000,-10.292197,0.384842,0.166908,2.899888,0
2026-08-19,sh.601992,1.3900,1.4000,1.3700,1.3700,1.4000,34293242,47251656.5400,0.411500,1,-2.142900,-10.071650,0.376596,0.163332,2.837748,0
2026-08-20,sh.601992,1.3700,1.3900,1.3700,1.3900,1.3700,23989280,33115901.4000,0.287800,1,1.459900,-10.218681,0.382093,0.165716,2.879175,0
2026-08-21,sh.601992,1.3800,1.3900,1.3700,1.3800,1.3900,14986200,20673716.0000,0.179800,1,-0.719400,-10.145165,0.379344,0.164524,2.858461,0
2026-08-24,sh.601992,1.3800,1.3900,1.3700,1.3700,1.3800,19069320,26265822.4000,0.228800,1,-0.724600,-10.071650,0.376596,0.163332,2.837748,0
2026-08-25,sh.601992,1.3700,1.3900,1.3700,1.3900,1.3700,31199700,43093080.0000,0.374400,1,1.459900,-10.218681,0.382093,0.165716,2.879175,0
2026-08-26,sh.601992,1.3800,1.4100,1.3800,1.4000,1.3900,42324196,59198669.4000,0.507800,1,0.719400,-10.292197,0.384842,0.166908,2.899888,0
2026-08-27,sh.601992,1.4000,1.4100,1.3900,1.4100,1.4000,35676502,49935906.7800,0.428100,1,0.714300,-10.365712,0.387591,0.168101,2.920602,0
