date,code,open,high,low,close,preclose,volume,amount,turn,tradestatus,pctChg,peTTM,pbMRQ,psTTM,pcfNcfTTM,isST
2016-08-29,sh.603339,43.9400,44.4800,43.5800,44.4300,44.0500,1815260,79899999.0000,3.511141,1,0.862700,77.182819,7.459569,13.531760,18.725444,0
2016-08-30,sh.603339,44.4900,44.7000,44.1300,44.3600,44.4300,1922834,85337886.0000,3.719215,1,-0.157600,77.061217,7.447817,13.510440,18.695942,0
2016-08-31,sh.603339,44.2200,44.9700,43.6600,44.9400,44.3600,3358866,149418439.0000,6.496839,1,1.307500,78.068780,7.545196,13.687087,18.940388,0
2016-09-01,sh.603339,44.7500,45.1000,43.8500,43.8800,44.9400,2681284,119456906.0000,5.186236,1,-2.358700,76.227371,7.367227,13.364250,18.493641,0
2016-09-02,sh.603339,43.6000,43.9500,42.7000,43.0100,43.8800,2754952,119317843.0000,5.328727,1,-1.982700,74.716026,7.221158,13.099279,18.126972,0
2016-09-05,sh.603339,43.4200,43.5300,42.8000,42.8600,43.0100,1484436,64003736.0000,2.871250,1,-0.348751,74.455450,7.195974,13.053595,18.063753,0
2016-09-06,sh.603339,42.8600,43.4500,42.0200,43.2800,42.8600,2207811,94578029.0000,4.270427,1,0.979930,75.185064,7.266490,13.181511,18.240766,0
2016-09-07,sh.603339,43.4900,43.4900,42.8000,42.9300,43.2800,2257863,97560128.0000,4.367240,1,-0.808684,74.577052,7.207727,13.074914,18.093255,0
2016-09-08,sh.603339,42.5500,43.1500,42.5500,42.9700,42.9300,1391667,59601696.0000,2.691812,1,0.093177,74.646539,7.214443,13.087097,18.110113,0
2016-09-09,sh.603339,42.9700,43.4800,42.7800,42.9500,42.9700,2140363,92306352.0000,4.139967,1,-0.046545,74.611796,7.211085,13.081005,18.101684,0
2016-09-12,sh.603339,41.8800,44.2200,41.5000,42.7100,42.9500,3297791,141598764.0000,6.378706,1,-0.558793,74.194873,7.170790,13.007910,18.000534,0
2016-09-13,sh.603339,42.7000,43.3000,42.1400,42.4100,42.7100,1712069,72717176.0000,3.311545,1,-0.702410,73.673720,7.120422,12.916541,17.874096,0
2016-09-14,sh.603339,42.0800,42.8700,41.9100,42.2400,42.4100,1536984,65203140.0000,2.972890,1,-0.400844,73.378399,7.091879,12.864765,17.802448,0
2016-09-19,sh.603339,42.6400,42.7600,41.9000,42.3900,42.2400,1474944,62304000.0000,2.852890,1,0.355108,73.638976,7.117064,12.910450,17.865667,0
2016-09-20,sh.603339,42.4100,43.2700,42.1000,43.2600,42.3900,3194461,136885600.0000,6.178841,1,2.052368,75.150321,7.263132,13.175420,18.232337,0
2016-09-21,sh.603339,43.2800,45.5800,43.2600,44.8100,43.2600,7915463,352196864.0000,15.310373,1,3.582994,77.842947,7.523369,13.647494,18.885599,0
2016-09-22,sh.603339,44.6500,44.6500,43.7900,44.0800,44.8100,4523070,199418237.0000,8.748685,1,-1.629100,76.574807,7.400806,13.425162,18.577933,0
2016-09-23,sh.603339,43.8700,44.3800,42.3500,42.3700,44.0800,3797031,164386977.0000,7.344354,1,-3.879317,73.604232,7.113706,12.904359,17.857238,0
2016-09-26,sh.603339,42.0100,42.0100,38.6100,38.9200,42.3700,5014391,200803781.0000,9.699015,1,-8.142555,67.610968,6.534468,11.853614,16.403202,0
2016-09-27,sh.603339,39.1000,39.2000,38.1100,38.9700,38.9200,2691539,104095358.0000,5.206072,1,0.128476,67.697827,6.542863,11.868842,16.424275,0
2016-09-28,sh.603339,38.9500,38.9500,38.3800,38.4200,38.9700,1529698,58905301.0000,2.958797,1,-1.411350,66.742379,6.450521,11.701333,16.192473,0
2016-09-29,sh.603339,38.4200,38.6800,38.3100,38.3400,38.4200,1597617,61435236.0000,3.090168,1,-0.208220,66.603405,6.437089,11.676967,16.158756,0
2016-09-30,sh.603339,38.3800,38.5000,38.0500,38.1200,38.3400,1455449,55616711.0000,2.815182,1,-0.573816,66.221226,6.400153,11.609963,16.066035,0
2016-10-10,sh.603339,38.4900,39.4500,38.3100,39.3400,38.1200,2365430,92333392.0000,4.575300,1,3.200423,68.340583,6.604984,11.981531,16.580215,0
2016-10-11,sh.603339,39.6000,39.7400,39.1700,39.5600,39.3400,2144531,84754611.0000,4.148029,1,0.559230,68.722762,6.641921,12.048535,16.672936,0
2016-10-12,sh.603339,39.5000,40.8900,39.3100,40.3800,39.5600,3137815,126579900.0000,6.069275,1,2.072800,70.147248,6.779595,12.298277,17.018533,0
2016-10-13,sh.603339,40.3000,40.9400,40.0600,40.1200,40.3800,2272399,91989494.0000,4.395356,1,-0.643888,69.695582,6.735942,12.219091,16.908954,0
2016-10-14,sh.603339,39.9700,40.0800,39.4000,39.6400,40.1200,1769756,70068426.0000,3.423126,1,-1.196410,68.861736,6.655353,12.072900,16.706653,0
2016-10-17,sh.603339,40.0000,40.1500,38.6500,38.8400,39.6400,1984953,78406611.0000,3.839368,1,-2.018162,67.471994,6.521037,11.829249,16.369486,0
2016-10-18,sh.603339,38.8500,39.8500,38.8000,39.7600,38.8400,2069535,81498237.0000,4.002969,1,2.368687,69.070198,6.675500,12.109448,16.757228,0
2016-10-19,sh.603339,40.1000,40.4000,39.4600,40.0700,39.7600,2687265,107435191.0000,5.197805,1,0.779682,69.608723,6.727548,12.203862,16.887881,0
2016-10-20,sh.603339,39.9000,40.4000,39.7800,39.8800,40.0700,2221852,88964739.0000,4.297586,1,-0.474167,69.278659,6.695648,12.145995,16.807804,0
2016-10-21,sh.603339,39.9800,39.9800,39.0000,39.6100,39.8800,2748209,108382476.0000,5.315685,1,-0.677032,68.809621,6.650316,12.063763,16.694009,0
2016-10-24,sh.603339,39.5600,40.4000,39.2000,40.3200,39.6100,3223594,128706355.0000,6.235191,1,1.792474,70.043018,6.769521,12.280003,16.993246,0
2016-10-25,sh.603339,40.3800,41.2800,40.1400,40.8100,40.3200,3990809,162514507.0000,7.719166,1,1.215282,70.894235,6.851790,12.429239,17.199761,0
2016-10-26,sh.603339,40.5500,40.6000,39.8200,40.0100,40.8100,2878811,115488549.0000,5.568300,1,-1.960311,69.504492,6.717474,12.185589,16.862593,0
2016-10-27,sh.603339,39.8800,40.4900,39.6500,40.2500,40.0100,2341815,94103995.0000,4.529623,1,0.599854,72.247392,6.582667,12.924171,15.327047,0
2016-10-28,sh.603339,40.1600,40.7400,39.9500,40.4900,40.2500,3480002,140415691.0000,6.731145,1,0.596278,72.678184,6.621918,13.001234,15.418438,0
2016-10-31,sh.603339,40.3800,40.3800,39.5900,39.7400,40.4900,2307450,91869528.0000,4.463153,1,-1.852309,71.331959,6.499259,12.760411,15.132841,0
2016-11-01,sh.603339,39.7600,41.4700,39.6100,41.2700,39.7400,5381976,219678306.0000,10.410012,1,3.850022,74.078258,6.749482,13.251690,15.715459,0
2016-11-02,sh.603339,41.0000,42.8800,40.7800,41.6400,41.2700,7564749,318166576.0000,14.632010,1,0.896532,74.742395,6.809994,13.370496,15.856354,0
2016-11-03,sh.603339,41.3900,45.8000,41.0100,45.8000,41.6400,5521158,248217543.0000,10.679222,1,9.990394,82.209455,7.490339,14.706261,17.440466,0
2016-11-04,sh.603339,50.3800,50.3800,50.3800,50.3800,45.8000,5298115,266919034.0000,10.247805,1,10.000000,90.430400,8.239373,16.176888,19.184513,0
2016-11-07,sh.603339,55.3800,55.3800,48.2400,49.6600,50.3800,22368812,1146904112.0000,43.266561,1,-1.429141,89.138025,8.121621,15.945698,18.910339,0
2016-11-08,sh.603339,49.1300,52.7000,48.9000,51.2800,49.6600,19777665,1001350352.0000,38.254671,1,3.262181,92.045870,8.386563,16.465875,19.527229,0
2016-11-09,sh.603339,50.0700,50.9700,48.4800,49.9100,51.2800,13865705,692789216.0000,26.819545,1,-2.671605,89.586766,8.162507,16.025972,19.005539,0
2016-11-10,sh.603339,50.1800,52.5900,49.6100,51.3100,49.9100,15188402,776843344.0000,29.377954,1,2.805052,92.099719,8.391469,16.475508,19.538653,0
2016-11-11,sh.603339,50.2900,51.1100,49.1000,49.2400,51.3100,10988473,548911904.0000,21.254300,1,-4.034300,88.384139,8.052932,15.810837,18.750405,0
2016-11-14,sh.603339,48.8000,49.5000,47.0000,47.5700,49.2400,8071887,388249136.0000,15.612934,1,-3.391555,85.386545,7.779813,15.274604,18.114475,0
2016-11-15,sh.603339,47.9300,48.3600,46.8400,47.2900,47.5700,5399067,255243069.0000,10.443070,1,-0.588604,84.883955,7.734020,15.184697,18.007852,0
2016-11-16,sh.603339,47.4400,48.2500,47.0100,48.0300,47.2900,6267981,299269488.0000,12.123754,1,1.564808,86.212230,7.855043,15.422309,18.289642,0
2016-11-17,sh.603339,47.5000,47.9300,46.4000,46.4200,48.0300,4472369,209104388.0000,8.650617,1,-3.352073,83.322334,7.591737,14.905342,17.676560,0
2016-11-18,sh.603339,46.8000,48.8000,46.7000,47.4800,46.4200,6166678,295358832.0000,11.927810,1,2.283502,85.224998,7.765094,15.245705,18.080204,0
2016-11-21,sh.603339,46.6600,49.4500,46.5800,49.4300,47.4800,9395603,456361360.0000,18.173313,1,4.106994,88.725182,8.084006,15.871845,18.822756,0
2016-11-22,sh.603339,49.7300,49.8300,48.3100,48.9200,49.4300,6196746,302811456.0000,11.985969,1,-1.031766,87.809750,8.000598,15.708085,18.628550,0
2016-11-23,sh.603339,48.6600,48.6800,46.8000,47.0500,48.9200,5082856,242382990.0000,9.831443,1,-3.822566,84.453163,7.694770,15.107633,17.916461,0
2016-11-24,sh.603339,47.0500,47.8900,46.2100,46.3200,47.0500,3283694,154217054.0000,6.351439,1,-1.551540,83.142837,7.575382,14.873232,17.638480,0
2016-11-25,sh.603339,46.0000,46.5500,44.0600,45.5600,46.3200,3607974,163136161.0000,6.978673,1,-1.640756,81.778663,7.451088,14.629198,17.349075,0
2016-11-28,sh.603339,45.4900,46.2200,45.0100,45.8100,45.5600,2394205,109116919.0000,4.630957,1,0.548727,82.227405,7.491974,14.709472,17.444274,0
2016-11-29,sh.603339,45.8300,45.8500,44.0000,44.0100,45.8100,3151862,140811609.0000,6.096445,1,-3.929280,78.996465,7.197594,14.131497,16.758841,0
2016-11-30,sh.603339,43.7000,44.4800,43.4300,44.0900,44.0100,2209404,97287598.0000,4.273509,1,0.181781,79.140063,7.210678,14.157185,16.789305,0
2016-12-01,sh.603339,44.1500,44.9500,43.6000,44.7800,44.0900,2143854,95164859.0000,4.146720,1,1.564978,80.378589,7.323524,14.378742,17.052054,0
2016-12-02,sh.603339,44.7800,44.9700,42.3800,42.4600,44.7800,3343569,145195631.0000,6.467251,1,-5.180884,76.214268,6.944100,13.633796,16.168607,0
2016-12-05,sh.603339,42.3000,42.7000,41.2700,41.5800,42.4600,2621910,109583644.0000,5.071393,1,-2.072532,74.634697,6.800181,13.351230,15.833506,0
2016-12-06,sh.603339,41.7800,42.1600,41.5800,41.8700,41.5800,1707251,71553764.0000,3.302226,1,0.697444,75.155238,6.847609,13.444349,15.943937,0
2016-12-07,sh.603339,42.2500,42.6700,41.8500,42.5300,41.8700,1965426,83064349.0000,3.801598,1,1.576307,76.339915,6.955548,13.656273,16.195263,0
2016-12-08,sh.603339,42.7000,43.2800,41.8000,41.8300,42.5300,2321684,98798962.0000,4.490685,1,-1.645890,75.083439,6.841067,13.431505,15.928705,0
2016-12-09,sh.603339,41.5500,41.8000,40.5900,40.7800,41.8300,2293812,94399874.0000,4.436774,1,-2.510167,73.198724,6.669345,13.094352,15.528869,0
2016-12-12,sh.603339,40.4100,41.1900,37.2000,37.5200,40.7800,3184495,124857252.0000,6.159565,1,-7.994111,67.347134,6.136190,12.047575,14.287474,0
2016-12-13,sh.603339,37.5300,38.0000,36.4800,37.7700,37.5200,2543646,94990142.0000,4.920012,1,0.666311,67.795876,6.177076,12.127849,14.382673,0
2016-12-14,sh.603339,37.9000,37.9900,36.9400,37.0200,37.7700,1852540,69192268.0000,3.583250,1,-1.985703,66.449651,6.054418,11.887026,14.097075,0
2016-12-15,sh.603339,36.9100,37.9700,36.6500,37.5500,37.0200,1953246,73391847.0000,3.778039,1,1.431655,67.400983,6.141097,12.057208,14.298897,0
2016-12-16,sh.603339,37.5600,38.4500,37.5000,38.3200,37.5500,2281640,86902194.0000,4.413230,1,2.050600,68.783107,6.267026,12.304453,14.592111,0
2016-12-19,sh.603339,38.5000,38.5000,37.3700,37.8100,38.3200,1863466,70455490.0000,3.604383,1,-1.330893,67.867674,6.183618,12.140693,14.397904,0
2016-12-20,sh.603339,37.8000,38.1000,37.5000,37.9400,37.8100,1212331,45893316.0000,2.344934,1,0.343817,68.101020,6.204879,12.182436,14.447408,0
2016-12-21,sh.603339,37.9800,39.5000,37.9400,39.2600,37.9400,3005830,116330873.0000,5.813985,1,3.479177,70.470376,6.420758,12.606284,14.950059,0
2016-12-22,sh.603339,39.4800,39.4800,38.4600,38.8400,39.2600,2033024,78993803.0000,3.932348,1,-1.069787,69.716490,6.352069,12.471424,14.790125,0
2016-12-23,sh.603339,38.8300,38.9700,37.5000,37.6100,38.8400,2129187,81368140.0000,4.118350,1,-3.166837,67.508681,6.150909,12.076474,14.321745,0
2016-12-26,sh.603339,37.1000,38.5000,36.6300,38.4200,37.6100,1859100,69997744.0000,3.595938,1,2.153676,68.962604,6.283380,12.336563,14.630190,0
2016-12-27,sh.603339,38.1300,38.4500,37.8000,37.9200,38.4200,1122237,42802484.0000,2.170671,1,-1.301406,68.065121,6.201608,12.176014,14.439792,0
2016-12-28,sh.603339,37.8000,38.4200,37.6300,37.8000,37.9200,1052222,40059735.0000,2.035246,1,-0.316453,67.849725,6.181983,12.137482,14.394097,0
2016-12-29,sh.603339,37.8100,38.2200,37.6000,37.7400,37.8000,1051357,39854755.0000,2.033573,1,-0.158724,67.742027,6.172170,12.118216,14.371249,0
2016-12-30,sh.603339,37.6100,37.9800,37.2100,37.2800,37.7400,1048918,39302097.0000,2.028855,1,-1.218874,66.916342,6.096940,11.970512,14.196082,0
2017-01-03,sh.603339,37.0000,37.8900,37.0000,37.8300,37.2800,908614,34226742.0000,1.757474,1,1.475330,67.903574,6.186889,12.147115,14.405520,0
2017-01-04,sh.603339,37.8400,38.1000,37.4700,37.9900,37.8300,1505914,57106924.0000,2.912793,1,0.422944,68.190768,6.213056,12.198491,14.466448,0
2017-01-05,sh.603339,38.1000,38.1300,37.7500,37.7600,37.9900,1125648,42720079.0000,2.177269,1,-0.605431,67.777926,6.175441,12.124638,14.378865,0
2017-01-06,sh.603339,37.7000,37.7000,36.6000,36.7000,37.7600,2102363,77829438.0000,4.066466,1,-2.807197,65.875262,6.002084,11.784275,13.975221,0
2017-01-09,sh.603339,36.7900,36.9700,36.5800,36.9000,36.7000,981769,36151989.0000,1.898973,1,0.544961,66.234255,6.034793,11.848495,14.051380,0
2017-01-10,sh.603339,36.9900,37.1900,36.6600,36.9200,36.9000,1039200,38387912.0000,2.010058,1,0.054191,66.270155,6.038064,11.854916,14.058996,0
2017-01-11,sh.603339,36.9000,36.9200,35.0800,35.1900,36.9200,2261233,81256536.0000,4.373758,1,-4.685806,63.164863,5.755132,11.299418,13.400218,0
2017-01-12,sh.603339,35.0100,35.6900,33.9000,34.1800,35.1900,2035927,70556986.0000,3.937963,1,-2.870129,61.351947,5.589952,10.975110,13.015614,0
2017-01-13,sh.603339,33.8900,34.1800,32.3300,32.5100,34.1800,2191020,72342987.0000,4.237950,1,-4.885904,58.354353,5.316832,10.438877,12.379685,0
2017-01-16,sh.603339,31.8000,32.5000,29.2600,29.6600,32.5100,2696271,82013484.0000,5.215224,1,-8.766529,53.238699,4.850730,9.523749,11.294415,0
2017-01-17,sh.603339,29.2500,30.8400,28.5300,30.2800,29.6600,2299250,68271835.0000,4.447292,1,2.090360,54.351579,4.952128,9.722830,11.530509,0
2017-01-18,sh.603339,30.0000,30.2500,29.4500,29.5400,30.2800,1261239,37572035.0000,2.439534,1,-2.443856,53.023303,4.831105,9.485218,11.248720,0
2017-01-19,sh.603339,29.5900,30.3700,29.0200,29.9500,29.5400,1456365,43468375.0000,2.816954,1,1.387948,53.759240,4.898158,9.616868,11.404846,0
2017-01-20,sh.603339,30.0000,30.6900,29.5000,30.4400,29.9500,1603045,48787030.0000,3.100667,1,1.636059,54.638773,4.978295,9.774205,11.591436,0
2017-01-23,sh.603339,30.5800,30.9300,30.4000,30.6900,30.4400,1293786,39713649.0000,2.502487,1,0.821288,55.087515,5.019181,9.854480,11.686635,0
2017-01-24,sh.603339,30.6900,30.6900,29.8300,29.9400,30.6900,1250744,37632985.0000,2.419234,1,-2.443793,53.741290,4.896523,9.613657,11.401038,0
2017-01-25,sh.603339,30.0500,30.5000,29.4100,30.4000,29.9400,1035725,31344260.0000,2.003337,1,1.536403,54.566974,4.971753,9.761361,11.576205,0
2017-01-26,sh.603339,30.4500,30.8800,30.4100,30.5200,30.4000,955146,29187790.0000,1.847478,1,0.394740,54.782370,4.991379,9.799893,11.621900,0
2017-02-03,sh.603339,30.6900,30.9500,30.5000,30.5200,30.5200,1006731,30924417.0000,1.947255,1,0.000000,54.782370,4.991379,9.799893,11.621900,0
2017-02-06,sh.603339,30.5600,31.6800,30.2100,31.5100,30.5200,2048169,63610940.0000,3.961642,1,3.243774,56.559387,5.153288,10.117779,11.998888,0
2017-02-07,sh.603339,31.3400,31.4600,30.8100,31.0700,31.5100,1529212,47526849.0000,2.957857,1,-1.396384,55.769602,5.081328,9.976497,11.831338,0
2017-02-08,sh.603339,31.0800,31.6000,30.9800,31.5000,31.0700,1744512,54669179.0000,3.374298,1,1.383973,56.541437,5.151652,10.114568,11.995080,0
2017-02-09,sh.603339,31.5000,33.9600,31.5000,32.7600,31.5000,3684859,121494512.0000,7.127387,1,3.999995,58.803095,5.357718,10.519151,12.474884,0
2017-02-10,sh.603339,32.6900,32.9000,32.1000,32.2400,32.7600,1807029,58484313.0000,3.495221,1,-1.587291,57.869712,5.272675,10.352181,12.276870,0
2017-02-13,sh.603339,32.0600,32.9700,31.9900,32.5800,32.2400,1634887,53358158.0000,3.162257,1,1.054591,58.480001,5.328280,10.461354,12.406340,0
2017-02-14,sh.603339,32.4500,32.7800,32.3000,32.5300,32.5800,1400496,45575611.0000,2.708890,1,-0.153478,58.390253,5.320103,10.445299,12.387301,0
2017-02-15,sh.603339,32.6600,32.8500,32.3400,32.4200,32.5300,1782974,58089347.0000,3.448692,1,-0.338151,58.192806,5.302113,10.409978,12.345413,0
2017-02-16,sh.603339,32.4200,32.4500,31.7900,32.0200,32.4200,1516693,48549467.0000,2.933642,1,-1.233799,57.474820,5.236695,10.281539,12.193094,0
2017-02-17,sh.603339,32.1500,32.3600,31.4500,31.5300,32.0200,1467035,46679911.0000,2.837592,1,-1.530293,56.595286,5.156559,10.124201,12.006504,0
2017-02-20,sh.603339,31.5300,31.5300,31.5300,31.5300,31.5300,0,0.0000,,0,0.000000,56.595286,5.156559,10.124201,12.006504,0
2017-02-21,sh.603339,31.6900,32.5000,31.6900,32.2000,31.5300,1746130,55995505.0000,3.377427,1,2.124960,57.797914,5.266134,10.339337,12.261638,0
2017-02-22,sh.603339,32.3400,33.5000,31.6900,32.9900,32.2000,2793221,90874785.0000,5.402749,1,2.453419,59.215937,5.395334,10.593004,12.562467,0
2017-02-23,sh.603339,32.9300,33.4700,32.3500,33.0000,32.9900,2487432,81876469.0000,4.811280,1,0.030307,59.233887,5.396969,10.596215,12.566275,0
2017-02-24,sh.603339,33.1600,34.1300,32.8000,33.6900,33.0000,3231186,108439196.0000,6.249876,1,2.090905,60.472413,5.509815,10.817772,12.829024,0
2017-02-27,sh.603339,33.7000,33.7500,32.9300,32.9700,33.6900,2144166,71356551.0000,4.147323,1,-2.137125,59.180038,5.392063,10.586582,12.554851,0
2017-02-28,sh.603339,32.8500,33.5000,32.8000,33.2900,32.9700,1612507,53468040.0000,3.118969,1,0.970578,59.754427,5.444397,10.689333,12.676706,0
2017-03-01,sh.603339,33.3800,33.3800,32.7300,32.7600,33.2900,2041526,67256350.0000,3.948793,1,-1.592077,58.803095,5.357718,10.519151,12.474884,0
2017-03-02,sh.603339,32.9400,32.9800,32.2600,32.3500,32.7600,1555028,50685624.0000,3.007791,1,-1.251526,58.067159,5.290665,10.387501,12.318757,0
2017-03-03,sh.603339,32.1000,32.5500,31.7700,32.3700,32.3500,1392969,44755733.0000,2.694331,1,0.061825,58.103058,5.293936,10.393923,12.326373,0
2017-03-06,sh.603339,32.4900,33.4400,32.3600,33.3400,32.3700,2720455,90081908.0000,5.262002,1,2.996606,59.844175,5.452574,10.705388,12.695745,0
2017-03-07,sh.603339,33.5000,34.2400,33.0700,34.0600,33.3400,3567547,120078013.0000,6.900478,1,2.159572,61.136551,5.570326,10.936578,12.969919,0
2017-03-08,sh.603339,34.0000,34.0000,33.2200,33.5400,34.0600,2502216,84125799.0000,4.839876,1,-1.526719,60.203169,5.485283,10.769607,12.771905,0
2017-03-09,sh.603339,33.4000,33.9000,32.8800,33.2300,33.5400,1562804,52053939.0000,3.022832,1,-0.924274,59.646729,5.434584,10.670067,12.653858,0
2017-03-10,sh.603339,33.2000,34.1400,33.0200,33.9500,33.2300,2974631,100385677.0000,5.753638,1,2.166720,60.939105,5.552336,10.901257,12.928031,0
2017-03-13,sh.603339,34.0700,34.3800,33.3500,34.3200,33.9500,2712191,91965715.0000,5.246017,1,1.089835,61.603242,5.612848,11.020063,13.068926,0
2017-03-14,sh.603339,34.4600,36.4800,33.8500,36.2700,34.3200,7037971,247551622.0000,13.613097,1,5.681820,65.103426,5.931760,11.646203,13.811478,0
2017-03-15,sh.603339,35.6200,36.9100,35.3200,36.1900,36.2700,5128034,185244548.0000,9.918828,1,-0.220573,64.959829,5.918676,11.620515,13.781015,0
2017-03-16,sh.603339,36.0000,37.4600,35.9000,37.2000,36.1900,4975683,183227642.0000,9.624145,1,2.790832,66.772745,6.083856,11.944824,14.165619,0
2017-03-17,sh.603339,37.2800,38.4800,36.6700,37.6300,37.2000,8473440,320631088.0000,16.389632,1,1.155915,67.544581,6.154180,12.082896,14.329361,0
2017-03-20,sh.603339,37.5600,38.3400,36.7000,37.0700,37.6300,4135601,155049661.0000,7.999228,1,-1.488178,66.539399,6.062595,11.903081,14.116115,0
2017-03-21,sh.603339,36.6000,36.8800,35.8800,36.4400,37.0700,3292795,119520997.0000,6.369043,1,-1.699490,65.408571,5.959562,11.700790,13.876214,0
2017-03-22,sh.603339,36.3400,37.2000,35.8600,37.0400,36.4400,3279967,119697448.0000,6.344230,1,1.646549,66.485550,6.057689,11.893448,14.104691,0
2017-03-23,sh.603339,37.0400,37.3300,35.0000,36.9400,37.0400,2981582,109400248.0000,5.767083,1,-0.269985,66.306054,6.041335,11.861338,14.066612,0
2017-03-24,sh.603339,36.6700,37.1000,36.2100,36.2500,36.9400,1727887,63135824.0000,3.342141,1,-1.867890,65.067527,5.928489,11.639781,13.803862,0
2017-03-27,sh.603339,36.2600,36.3100,35.3500,35.5800,36.2500,1885524,67249461.0000,3.647048,1,-1.848271,63.864900,5.818914,11.424646,13.548729,0
2017-03-28,sh.603339,35.6000,36.0400,34.7800,34.8900,35.5800,1669442,59089121.0000,3.229095,1,-1.939299,62.626373,5.706068,11.203089,13.285980,0
2017-03-29,sh.603339,34.8900,35.3400,33.2000,33.2500,34.8900,2870040,97279994.0000,5.551335,1,-4.700486,59.682628,5.437855,10.676489,12.661474,0
2017-03-30,sh.603339,32.7700,33.1400,30.7000,30.8200,33.2500,3073859,98212840.0000,5.945569,1,-7.308271,55.320860,5.040442,9.896222,11.736139,0
2017-03-31,sh.603339,31.2000,31.7200,30.2400,31.3700,30.8200,3873389,119609775.0000,7.492048,1,1.784559,56.308092,5.130392,10.072826,11.945577,0
2017-04-05,sh.603339,31.2000,32.2000,31.1200,31.7800,31.3700,2287807,72804653.0000,4.425159,1,1.306981,57.044028,5.197445,10.204476,12.101703,0
2017-04-06,sh.603339,31.8000,32.1800,31.6200,31.8400,31.7800,1683847,53786064.0000,3.256957,1,0.188796,57.151726,5.207257,10.223742,12.124551,0
2017-04-07,sh.603339,32.0200,32.0200,31.4100,31.6900,31.8400,1311359,41552030.0000,2.536478,1,-0.471104,56.882481,5.182726,10.175577,12.067432,0
2017-04-10,sh.603339,31.2800,31.6000,30.0400,30.1700,31.6900,2437300,74617812.0000,4.714313,1,-4.796467,54.154132,4.934138,9.687509,11.488621,0
2017-04-11,sh.603339,30.1600,30.8700,30.0100,30.8000,30.1700,1607672,48834545.0000,3.109617,1,2.088164,55.284961,5.037171,9.889800,11.728523,0
2017-04-12,sh.603339,30.5900,30.6800,30.1700,30.2200,30.8000,1124117,34109184.0000,2.174308,1,-1.883117,54.243881,4.942315,9.703564,11.507661,0
2017-04-13,sh.603339,30.1700,30.7400,30.1000,30.2700,30.2200,825142,25097797.0000,1.596019,1,0.165457,54.333629,4.950493,9.719619,11.526701,0
2017-04-14,sh.603339,30.2500,30.2500,28.5900,28.9800,30.2700,2620034,76733509.0000,5.067764,1,-4.261648,52.018122,4.739520,9.305403,11.035474,0
2017-04-17,sh.603339,28.6200,31.2800,28.1800,30.1000,28.9800,3679253,109330172.0000,7.116544,1,3.864737,54.028485,4.922690,9.665032,11.461966,0
2017-04-18,sh.603339,30.1100,30.4800,29.0000,29.4200,30.1000,2639608,78852114.0000,5.105625,1,-2.259137,52.807908,4.811480,9.446686,11.203024,0
2017-04-19,sh.603339,29.4100,29.4500,28.2400,29.1500,29.4200,1972307,56882332.0000,3.814907,1,-0.917744,52.323267,4.767323,9.359990,11.100209,0
2017-04-20,sh.603339,29.1400,29.3600,28.0300,28.4100,29.1500,1802437,51557482.0000,3.486338,1,-2.538593,47.211829,4.483382,8.693764,9.893101,0
2017-04-21,sh.603339,28.8000,29.8500,28.5000,29.3100,28.4100,2465760,72354364.0000,4.769362,1,3.167897,44.393229,4.488203,8.333454,14.396209,0
2017-04-24,sh.603339,29.9800,30.7900,29.4100,29.5700,29.3100,3541859,106441437.0000,6.850791,1,0.887070,44.787027,4.528016,8.407378,14.523913,0
2017-04-25,sh.603339,29.1500,30.2500,29.0300,29.7400,29.5700,2411314,71715559.0000,4.664050,1,0.574907,45.044511,4.554048,8.455712,14.607412,0
2017-04-26,sh.603339,29.7800,30.5900,29.5400,30.4400,29.7400,2917684,88457732.0000,5.643489,1,2.353735,46.873058,4.738916,8.798965,15.200389,0
2017-04-27,sh.603339,30.2200,31.8000,30.0000,31.4900,30.4400,4607933,142748212.0000,8.912830,1,3.449406,48.489901,4.902380,9.102477,15.724712,0
2017-04-28,sh.603339,31.2000,31.6800,30.8900,31.3600,31.4900,2523826,78840183.0000,4.881675,1,-0.412827,48.289721,4.882142,9.064900,15.659796,0
2017-05-02,sh.603339,31.3600,31.3700,30.5100,30.6700,31.3600,2390731,73885281.0000,4.624238,1,-2.200257,47.227224,4.774722,8.865449,15.315241,0
2017-05-03,sh.603339,30.4800,30.9400,30.2200,30.9300,30.6700,2144696,65625243.0000,4.148348,1,0.847735,47.627585,4.815199,8.940604,15.445073,0
2017-05-04,sh.603339,30.9600,30.9600,30.0200,30.1400,30.9300,1883727,57475062.0000,3.643573,1,-2.554157,46.411103,4.692212,8.712247,15.050582,0
2017-05-05,sh.603339,29.8800,30.3900,29.2900,29.3400,30.1400,2042646,60813031.0000,3.950959,1,-2.654278,45.179222,4.567667,8.481000,14.651098,0
2017-05-08,sh.603339,29.3500,29.8400,28.6100,28.6700,29.3400,1378424,39940103.0000,2.666197,1,-2.283572,44.147522,4.463361,8.287330,14.316529,0
2017-05-09,sh.603339,28.6900,29.3900,28.4700,29.2900,28.6700,1242996,36088997.0000,2.404248,1,2.162542,45.102229,4.559883,8.466547,14.626130,0
2017-05-10,sh.603339,29.2000,29.6500,28.7200,28.9100,29.2900,1353531,39552893.0000,2.618048,1,-1.297375,44.517086,4.500725,8.356704,14.436375,0
2017-05-11,sh.603339,28.5000,29.0000,27.5500,28.6500,28.9100,1885552,53262744.0000,3.647103,1,-0.899344,44.116725,4.460248,8.281549,14.306542,0
2017-05-12,sh.603339,28.4000,28.8800,27.8600,28.0300,28.6500,1612539,45542704.0000,3.119031,1,-2.164045,43.162018,4.363726,8.102332,13.996942,0
2017-05-15,sh.603339,27.8900,27.8900,25.3100,25.3900,28.0300,4532097,119393057.0000,8.766145,1,-9.418485,39.096811,3.952729,7.339216,12.678642,0
2017-05-16,sh.603339,25.1000,26.0200,24.4000,25.8500,25.3900,3367512,84313988.0000,6.513563,1,1.811741,39.805143,4.024342,7.472183,12.908346,0
2017-05-17,sh.603339,25.6000,26.2300,25.4100,26.0500,25.8500,2345659,60876238.0000,4.537058,1,0.773690,40.113113,4.055478,7.529995,13.008217,0
2017-05-18,sh.603339,25.6100,26.1400,25.4000,25.8000,26.0500,1544546,39970994.0000,2.987516,1,-0.959693,39.728150,4.016558,7.457730,12.883378,0
2017-05-19,sh.603339,26.0200,27.6700,25.7000,26.8200,25.8000,3267498,87621035.0000,5.752637,1,3.953490,41.298798,4.175352,7.752571,13.392721,0
2017-05-22,sh.603339,26.9000,27.0000,25.0300,25.2400,26.8200,2555154,66544826.0000,4.498511,1,-5.891126,38.865834,3.929377,7.295857,12.603739,0
2017-05-23,sh.603339,25.0000,25.5000,24.5900,24.6100,25.2400,1722548,43015359.0000,3.032655,1,-2.496035,37.895728,3.831298,7.113749,12.289145,0
2017-05-24,sh.603339,24.2000,24.9700,24.1000,24.9300,24.6100,1359437,33551042.0000,2.393375,1,1.300283,38.388480,3.881116,7.206248,12.448939,0
2017-05-25,sh.603339,25.0000,25.1000,24.2300,24.9400,24.9300,1680594,41523557.0000,2.958792,1,0.040113,38.403879,3.882673,7.209139,12.453932,0
2017-05-26,sh.603339,24.9000,25.4500,24.8100,25.0300,24.9400,1689088,42310153.0000,2.973746,1,0.360867,38.542465,3.896684,7.235154,12.498874,0
2017-05-31,sh.603339,25.7600,26.2800,25.3100,25.4700,25.0300,2332533,60104289.0000,4.106572,1,1.757885,39.219999,3.965184,7.362340,12.718591,0
2017-06-01,sh.603339,25.2000,25.3700,24.1300,24.1800,25.4700,1710100,42341251.0000,3.010739,1,-5.064778,37.233592,3.764356,6.989454,12.074422,0
2017-06-02,sh.603339,23.5000,24.8000,23.5000,24.6500,24.1800,1379005,33468088.0000,2.427826,1,1.943752,37.957322,3.837525,7.125312,12.309119,0
2017-06-05,sh.603339,24.8100,25.2000,24.8100,25.0000,24.6500,1305105,32625651.0000,2.297720,1,1.419880,38.496270,3.892014,7.226483,12.483894,0
2017-06-06,sh.603339,24.8600,25.0900,24.6500,25.0700,25.0000,919200,22940119.0000,1.618310,1,0.279999,38.604059,3.902911,7.246717,12.518849,0
2017-06-07,sh.603339,24.9800,25.8500,24.8700,25.7100,25.0700,2498223,63935149.0000,4.398280,1,2.552850,39.589564,4.002547,7.431715,12.838436,0
2017-06-08,sh.603339,25.8000,25.8800,25.3800,25.5100,25.7100,1748300,44793360.0000,3.077993,1,-0.777903,39.281594,3.971411,7.373903,12.738565,0
2017-06-09,sh.603339,25.5100,26.0500,25.3000,25.9900,25.5100,1812129,46669038.0000,3.190368,1,1.881613,40.020722,4.046137,7.512651,12.978256,0
2017-06-12,sh.603339,25.7000,25.8800,25.0000,25.0100,25.9900,1438891,36492472.0000,2.533259,1,-3.770679,38.511668,3.893570,7.229373,12.488887,0
2017-06-13,sh.603339,25.0100,25.8200,25.0100,25.5700,25.0100,1319441,33646095.0000,2.322960,1,2.239102,39.373985,3.980752,7.391246,12.768526,0
2017-06-14,sh.603339,25.5200,26.5700,25.3000,26.4400,25.5700,3159083,82535772.0000,5.561766,1,3.402428,40.713655,4.116194,7.642728,13.202966,0
2017-06-15,sh.603339,26.4000,27.3200,26.1500,27.1000,26.4400,3166245,85218403.0000,5.574375,1,2.496217,41.729956,4.218943,7.833507,13.532541,0
2017-06-16,sh.603339,26.8800,26.9100,26.2100,26.3300,26.9200,1974097,52259299.0000,3.475523,1,-2.191679,40.544271,4.099069,7.610931,13.148037,0
2017-06-19,sh.603339,26.2100,26.8500,26.1800,26.3200,26.3300,1143042,30070174.0000,2.012398,1,-0.037980,40.528873,4.097512,7.608041,13.143043,0
2017-06-20,sh.603339,26.5800,26.5800,26.0900,26.1100,26.3200,1233743,32420438.0000,2.172083,1,-0.797869,40.205504,4.064819,7.547338,13.038179,0
2017-06-21,sh.603339,26.1100,26.4900,25.8500,26.0600,26.1100,1330493,34753963.0000,2.342417,1,-0.191502,40.128511,4.057035,7.532885,13.013211,0
2017-06-22,sh.603339,26.0000,26.6700,25.8500,25.8800,26.0600,1814871,47600300.0000,3.195195,1,-0.690715,39.851338,4.029013,7.480855,12.923327,0
2017-06-23,sh.603339,25.8800,26.1000,25.1300,25.6800,25.8800,1803471,46139469.0000,3.175125,1,-0.772793,39.543368,3.997876,7.423043,12.823456,0
2017-06-26,sh.603339,25.6800,26.1000,25.5100,26.0500,25.6800,1217980,31536630.0000,2.144331,1,1.440806,40.113113,4.055478,7.529995,13.008217,0
2017-06-27,sh.603339,26.0600,26.4200,25.6700,25.8400,26.0500,1642750,42718650.0000,2.892165,1,-0.806139,39.789744,4.022785,7.469292,12.903352,0
2017-06-28,sh.603339,25.7200,26.0300,25.5800,25.6600,25.8400,1146981,29572785.0000,2.019333,1,-0.696596,39.512571,3.994763,7.417262,12.813468,0
2017-06-29,sh.603339,25.6700,25.9800,25.5700,25.8200,25.6600,946927,24413177.0000,1.667125,1,0.623538,39.758947,4.019672,7.463511,12.893365,0
2017-06-30,sh.603339,25.7000,25.9300,25.4000,25.8600,25.8200,945600,24337970.0000,1.664789,1,0.154922,39.820541,4.025899,7.475074,12.913340,0
2017-07-03,sh.603339,25.9000,26.2900,25.6600,26.2500,25.8600,1316105,34321788.0000,2.317086,1,1.508118,40.421083,4.086614,7.587807,13.108088,0
2017-07-04,sh.603339,26.2100,26.3000,25.9200,26.0600,26.2500,1363350,35497558.0000,2.400264,1,-0.723812,40.128511,4.057035,7.532885,13.013211,0
2017-07-05,sh.603339,26.1400,26.2100,25.8600,26.2000,26.0600,1751554,45666278.0000,3.083722,1,0.537227,40.344091,4.078830,7.573354,13.083121,0
2017-07-06,sh.603339,26.2400,26.4700,25.7300,25.9000,26.2000,2751055,71566005.0000,4.843407,1,-1.145042,39.882135,4.032126,7.486636,12.933314,0
2017-07-07,sh.603339,25.9900,26.2500,25.8100,26.1900,25.9000,2745350,71598459.0000,4.833363,1,1.119695,40.328692,4.077274,7.570463,13.078127,0
2017-07-10,sh.603339,26.1400,26.4400,25.7000,25.7700,26.1900,2445812,63760421.0000,4.306007,1,-1.603666,39.681955,4.011888,7.449058,12.868398,0
2017-07-11,sh.603339,25.7600,25.7600,25.0000,25.0400,25.7700,1985694,50506785.0000,3.495940,1,-2.832749,38.557864,3.898241,7.238045,12.503868,0
2017-07-12,sh.603339,25.0000,25.2500,24.2500,24.7000,25.0400,1791878,44193650.0000,3.154715,1,-1.357828,38.034314,3.845310,7.139765,12.334087,0
2017-07-13,sh.603339,24.8300,24.9100,24.5200,24.8500,24.7000,1052100,26032308.0000,1.852289,1,0.607286,38.265292,3.868662,7.183124,12.408990,0
2017-07-14,sh.603339,24.9200,24.9200,24.6000,24.7900,24.8500,781127,19329685.0000,1.375224,1,-0.241447,38.172901,3.859321,7.165780,12.379029,0
2017-07-17,sh.603339,24.7000,24.7000,22.4000,22.5200,24.7900,2144000,49773317.0000,3.774648,1,-9.156919,34.677440,3.505926,6.509616,11.245491,0
2017-07-18,sh.603339,22.5300,22.9000,22.3100,22.7800,22.5200,1118403,25320580.0000,1.969019,1,1.154530,35.077801,3.546403,6.584771,11.375324,0
2017-07-19,sh.603339,22.7900,23.2900,22.6200,23.1400,22.7800,1111400,25505957.0000,1.956690,1,1.580328,35.632147,3.602448,6.688832,11.555092,0
2017-07-20,sh.603339,23.2200,23.5400,23.0000,23.1400,23.1400,1139700,26535231.0000,2.006514,1,0.000000,35.632147,3.602448,6.688832,11.555092,0
2017-07-21,sh.603339,23.1400,23.3000,23.0100,23.1800,23.1400,762921,17636349.0000,1.343171,1,0.172865,35.693741,3.608675,6.700395,11.575066,0
2017-07-24,sh.603339,23.0100,23.3800,22.8100,23.2600,23.1800,1009250,23298277.0000,1.776849,1,0.345125,35.816929,3.621130,6.723519,11.615015,0
2017-07-25,sh.603339,23.3700,23.3700,23.0100,23.1000,23.2600,904151,20963456.0000,1.591815,1,-0.687875,35.570553,3.596221,6.677270,11.535118,0
2017-07-26,sh.603339,23.2000,23.2000,22.7100,22.8800,23.1000,878190,20125336.0000,1.546109,1,-0.952386,35.231786,3.561971,6.613677,11.425259,0
2017-07-27,sh.603339,22.8800,23.6600,22.7600,23.5600,22.8800,1732391,40536581.0000,3.049984,1,2.972029,36.278884,3.667834,6.810237,11.764821,0
2017-07-28,sh.603339,23.2900,23.5600,23.2900,23.4500,23.5600,904700,21187773.0000,1.592782,1,-0.466888,36.109501,3.650709,6.778441,11.709892,0
2017-07-31,sh.603339,23.4700,23.6600,23.4200,23.5300,23.4500,1095639,25819680.0000,1.928942,1,0.341151,36.232689,3.663163,6.801565,11.749841,0
2017-08-01,sh.603339,23.4000,23.6300,23.3000,23.5300,23.5300,1054786,24736598.0000,1.857018,1,0.000000,36.232689,3.663163,6.801565,11.749841,0
2017-08-02,sh.603339,23.4000,23.5700,23.0100,23.0300,23.5300,1196000,27800591.0000,2.105634,1,-2.124947,35.462764,3.585323,6.657036,11.500163,0
2017-08-03,sh.603339,23.0100,23.5000,22.8600,23.2400,23.0300,1188150,27628396.0000,2.091813,1,0.911850,35.786132,3.618016,6.717738,11.605028,0
2017-08-04,sh.603339,23.5700,25.5600,23.5700,24.6100,23.2400,4906158,122116245.0000,8.637602,1,5.895012,37.895728,3.831298,7.113749,12.289145,0
2017-08-07,sh.603339,24.3800,25.4500,24.1300,25.3700,24.6100,3772730,94550062.0000,6.642130,1,3.088176,39.066014,3.949615,7.333435,12.668655,0
2017-08-08,sh.603339,25.4100,25.4500,24.7900,24.9200,25.3700,2405725,60186012.0000,4.235431,1,-1.773751,38.373082,3.879559,7.203358,12.443945,0
2017-08-09,sh.603339,24.7400,26.8900,24.7400,26.7800,24.9200,6619225,173535002.0000,11.653565,1,7.463887,41.237204,4.169125,7.741008,13.372747,0
2017-08-10,sh.603339,26.2100,28.5800,25.5600,27.6700,26.7800,7565462,201624547.0000,13.319475,1,3.323373,40.462593,4.305418,7.139203,50.570236,0
2017-08-11,sh.603339,27.0000,28.0800,26.7500,26.7900,27.6700,5323104,145066159.0000,9.371662,1,-3.180336,39.175745,4.168491,6.912152,48.961931,0
2017-08-14,sh.603339,26.8000,27.2400,26.0300,26.8300,26.7900,3683881,98119705.0000,6.485706,1,0.149306,39.234238,4.174715,6.922473,49.035035,0
2017-08-15,sh.603339,26.5500,26.7600,26.1000,26.2600,26.8300,2921500,76983141.0000,5.143486,1,-2.124486,38.400712,4.086023,6.775406,47.993292,0
2017-08-16,sh.603339,26.3100,26.6000,26.2600,26.4300,26.2600,2203900,58196217.0000,3.880106,1,0.647373,38.649308,4.112475,6.819268,48.303988,0
2017-08-17,sh.603339,26.5200,26.5700,26.0600,26.4600,26.4300,2400033,63221852.0000,4.225410,1,0.113503,38.693177,4.117143,6.827008,48.358816,0
2017-08-18,sh.603339,26.3000,26.5500,25.8400,25.9000,26.4600,2326720,60964677.0000,4.096338,1,-2.116400,37.874274,4.030008,6.682521,47.335349,0
2017-08-21,sh.603339,25.7300,26.1200,25.7300,26.0700,25.9000,1596066,41372938.0000,2.809975,1,0.656371,38.122870,4.056460,6.726383,47.646045,0
2017-08-22,sh.603339,26.0100,26.4500,25.9000,25.9400,26.0700,1733420,45378014.0000,3.051796,1,-0.498654,37.932767,4.036232,6.692842,47.408454,0
2017-08-23,sh.603339,25.9400,26.2600,25.7100,25.9400,25.9400,1298120,33712084.0000,2.285423,1,0.000000,37.932767,4.036232,6.692842,47.408454,0
2017-08-24,sh.603339,25.8200,26.0900,25.5100,25.7700,25.9400,1356553,35054205.0000,2.388298,1,-0.655359,37.684172,4.009780,6.648980,47.097759,0
2017-08-25,sh.603339,25.9900,27.3600,25.9900,26.6300,25.7700,4195227,112386841.0000,7.385963,1,3.337209,38.941773,4.143595,6.870870,48.669512,0
2017-08-28,sh.603339,26.6600,27.2400,26.3000,27.0800,26.6300,3606456,96499193.0000,6.349394,1,1.689826,39.599820,4.213614,6.986976,49.491940,0
2017-08-29,sh.603339,27.1000,27.1100,26.7000,26.7500,27.0800,2262188,60722830.0000,3.982725,1,-1.218611,39.117252,4.162267,6.901832,48.888826,0
2017-08-30,sh.603339,26.6900,26.9000,26.3000,26.3600,26.7500,1891600,50208488.0000,3.330282,1,-1.457942,38.546945,4.101583,6.801207,48.176054,0
2017-08-31,sh.603339,26.3600,26.8000,26.2800,26.6900,26.3600,1603200,42608158.0000,2.822535,1,1.251897,39.029513,4.152931,6.886351,48.779169,0
2017-09-01,sh.603339,26.9000,27.2800,26.6200,26.7000,26.6900,2092900,56311144.0000,3.684683,1,0.037468,39.044136,4.154487,6.888931,48.797445,0
2017-09-04,sh.603339,26.9300,27.0400,26.5900,26.6100,26.7000,2223873,59538752.0000,3.915269,1,-0.337079,38.912526,4.140483,6.865710,48.632959,0
2017-09-05,sh.603339,27.0300,27.0300,26.6000,26.6800,26.6100,1511794,40472754.0000,2.661609,1,0.263058,39.014889,4.151375,6.883771,48.760893,0
2017-09-06,sh.603339,26.5300,26.5300,25.9100,26.1100,26.6800,2390339,62492583.0000,4.208343,1,-2.136431,38.181363,4.062684,6.736704,47.719149,0
2017-09-07,sh.603339,25.9900,26.3800,25.9900,26.2200,26.1100,1656143,43349644.0000,2.915745,1,0.421289,38.342219,4.079800,6.765085,47.920187,0
2017-09-08,sh.603339,26.2000,26.3700,26.0100,26.2000,26.2200,1338785,35032047.0000,2.357016,1,-0.076272,38.312972,4.076688,6.759925,47.883635,0
2017-09-11,sh.603339,26.2000,26.3700,26.0800,26.3600,26.2000,1390448,36496036.0000,2.447972,1,0.610686,38.546945,4.101583,6.801207,48.176054,0
2017-09-12,sh.603339,26.3400,26.4900,25.8000,26.0300,26.3600,1839400,48248770.0000,3.238380,1,-1.251897,38.064377,4.050236,6.716063,47.572940,0
2017-09-13,sh.603339,26.0400,26.1400,25.7000,26.0700,26.0300,1185312,30716983.0000,2.086817,1,0.153665,38.122870,4.056460,6.726383,47.646045,0
2017-09-14,sh.603339,26.0000,26.5500,25.9200,26.5400,26.0700,2141879,56432120.0000,3.770914,1,1.802843,38.810164,4.129591,6.847649,48.505026,0
2017-09-15,sh.603339,26.5300,27.6900,26.4100,27.6300,26.5400,5843724,159671455.0000,10.288246,1,4.107001,40.404100,4.299194,7.128883,50.497131,0
2017-09-18,sh.603339,27.3100,28.2700,27.3100,27.6800,27.6300,4606851,128146747.0000,8.110653,1,0.180967,40.477217,4.306974,7.141783,50.588512,0
2017-09-19,sh.603339,27.9900,28.3000,27.2600,27.5000,27.6800,3601630,99830557.0000,6.340898,1,-0.650290,40.213998,4.278966,7.095341,50.259541,0
2017-09-20,sh.603339,27.7600,28.1300,27.5100,27.6500,27.5000,2985476,82871843.0000,5.256120,1,0.545453,40.433347,4.302306,7.134043,50.533684,0
2017-09-21,sh.603339,27.5300,29.3800,27.5100,29.0600,27.6500,7165981,204825993.0000,12.616164,1,5.099457,42.495228,4.521700,7.497840,53.110627,0
2017-09-22,sh.603339,28.7900,28.7900,28.2800,28.3700,29.0600,4048632,115433287.0000,7.127873,1,-2.374393,41.486222,4.414337,7.319812,51.849570,0
2017-09-25,sh.603339,28.2700,28.2700,27.0600,27.1800,28.3700,3572515,98557326.0000,6.289639,1,-4.194573,39.746053,4.229174,7.012777,49.674702,0
2017-09-26,sh.603339,26.9100,27.4000,26.3600,26.7200,27.1800,2208388,59116121.0000,3.888007,1,-1.692425,39.073382,4.157599,6.894091,48.833997,0
2017-09-27,sh.603339,26.7300,27.3500,26.6600,27.0600,26.7200,1916555,51886040.0000,3.374217,1,1.272456,39.570574,4.210502,6.981816,49.455388,0
2017-09-28,sh.603339,27.0900,27.3900,26.8000,26.9300,27.0600,1847859,50098567.0000,3.253273,1,-0.480411,39.380471,4.190275,6.948274,49.217797,0
2017-09-29,sh.603339,26.8400,27.1900,26.8200,27.1300,26.9300,1139072,30793021.0000,2.005408,1,0.742662,39.672937,4.221394,6.999876,49.583321,0
2017-10-09,sh.603339,27.6000,27.6600,27.0200,27.3500,27.1300,1477704,40292432.0000,2.601592,1,0.810915,39.994649,4.255626,7.056639,49.985398,0
2017-10-10,sh.603339,27.2700,27.6500,27.0700,27.6300,27.3500,1739374,47580171.0000,3.062278,1,1.023762,40.404100,4.299194,7.128883,50.497131,0
2017-10-11,sh.603339,27.6800,29.0600,27.6800,28.6700,27.6300,6063859,172849766.0000,10.675808,1,3.764028,41.924920,4.461017,7.397216,52.397856,0
2017-10-12,sh.603339,28.4600,29.0400,28.0100,28.3200,28.6700,3285898,93441258.0000,5.785032,1,-1.220790,41.413106,4.406557,7.306911,51.758189,0
2017-10-13,sh.603339,28.0600,28.6900,27.8900,28.4200,28.3200,2339847,66362477.0000,4.119449,1,0.353109,41.559339,4.422117,7.332712,51.940951,0
2017-10-16,sh.603339,28.4700,28.5600,27.6000,27.7900,28.4200,2841558,79346330.0000,5.002743,1,-2.216746,40.638073,4.324090,7.170165,50.789550,0
2017-10-17,sh.603339,27.5600,28.1100,27.1000,27.8000,27.7900,2318898,63993811.0000,4.082567,1,0.035978,40.652696,4.325646,7.172745,50.807827,0
2017-10-18,sh.603339,27.7000,28.3500,27.0000,27.1300,27.8000,2850316,79421527.0000,5.018162,1,-2.410072,39.672937,4.221394,6.999876,49.583321,0
2017-10-19,sh.603339,27.5500,29.8400,27.2600,29.8400,27.1300,13906564,409110384.0000,24.483387,1,9.988947,39.561539,4.465652,6.986441,77.547484,0
2017-10-20,sh.603339,30.5700,31.9600,29.5000,30.9700,29.8400,17586265,536816877.0000,30.961734,1,3.786860,41.059681,4.634760,7.251008,80.484101,0
2017-10-23,sh.603339,30.1000,30.6900,29.8000,30.4600,30.9700,9632624,291331465.0000,16.958845,1,-1.646756,40.383528,4.558437,7.131601,79.158725,0
2017-10-24,sh.603339,30.0000,30.3000,28.8000,29.4000,30.4600,7877607,232015280.0000,13.869026,1,-3.479972,38.978192,4.399805,6.883423,76.404022,0
2017-10-25,sh.603339,29.1000,29.8500,29.0300,29.6500,29.4000,5251175,155140756.0000,9.245026,1,0.850340,39.309639,4.437218,6.941956,77.053716,0
2017-10-26,sh.603339,29.4100,30.4500,29.2100,30.4100,29.6500,5552233,165789769.0000,9.775058,1,2.563239,40.317239,4.550955,7.119895,79.028786,0
2017-10-27,sh.603339,30.4500,30.4500,29.7000,29.7500,30.4100,3322020,99503213.0000,5.848627,1,-2.170338,39.442218,4.452183,6.965369,77.313594,0
2017-10-30,sh.603339,29.5600,29.5600,28.0000,28.1300,29.7500,4636304,132323497.0000,8.162507,1,-5.445381,37.294440,4.209745,6.586078,73.103576,0
2017-10-31,sh.603339,28.1300,29.1000,28.1300,29.0200,28.1300,2840788,81416328.0000,5.001387,1,3.163887,38.474392,4.342937,6.794454,75.416487,0
2017-11-01,sh.603339,28.8600,29.5000,28.5700,29.1100,29.0200,3014187,87475144.0000,5.306667,1,0.310132,38.593713,4.356405,6.815526,75.650377,0
2017-11-02,sh.603339,29.0500,29.5600,28.8100,29.2900,29.1100,2712110,79232983.0000,4.774842,1,0.618345,38.832355,4.383343,6.857669,76.118157,0
2017-11-03,sh.603339,29.3000,29.4200,28.0000,28.2000,29.2900,3214326,91818307.0000,5.659025,1,-3.721407,37.387246,4.220221,6.602467,73.285491,0
2017-11-06,sh.603339,27.8800,28.4500,27.4600,28.3600,28.2000,2743372,76309229.0000,4.829880,1,0.567375,37.599372,4.244165,6.639928,73.701295,0
2017-11-07,sh.603339,28.3200,28.4300,27.8000,28.2500,28.3600,1927318,54205980.0000,3.393165,1,-0.387872,37.453535,4.227704,6.614174,73.415429,0
2017-11-08,sh.603339,28.1100,28.7200,27.8800,27.9200,28.2500,2825110,80149869.0000,4.973785,1,-1.168141,37.016025,4.178318,6.536911,72.557833,0
2017-11-09,sh.603339,27.6800,28.2800,27.6500,28.2300,27.9200,2022697,56666688.0000,3.561086,1,1.110313,37.427019,4.224711,6.609491,73.363454,0
2017-11-10,sh.603339,28.1800,28.6800,27.9300,27.9500,28.2300,3015411,84942286.0000,5.308822,1,-0.991848,37.055798,4.182808,6.543935,72.635797,0
2017-11-13,sh.603339,27.9900,29.2900,27.6800,29.2600,27.9500,5239395,150518761.0000,9.224287,1,4.686939,38.792582,4.378853,6.850645,76.040193,0
2017-11-14,sh.603339,29.3000,29.3800,28.6100,28.9900,29.2600,3417467,99131204.0000,6.016667,1,-0.922763,38.434619,4.338447,6.787430,75.338524,0
2017-11-15,sh.603339,28.9300,29.8100,28.7000,29.7800,28.9900,4822894,141320346.0000,8.491011,1,2.725081,39.481992,4.456673,6.972393,77.391557,0
2017-11-16,sh.603339,29.5700,30.0800,29.3000,29.6800,29.7800,3958710,117576042.0000,6.969560,1,-0.335797,39.349413,4.441708,6.948980,77.131679,0
2017-11-17,sh.603339,29.6900,29.6900,26.7100,26.7200,29.6800,4950473,139246078.0000,8.715621,1,-9.973049,35.425078,3.998734,6.255955,69.439302,0
2017-11-20,sh.603339,26.1400,26.1900,24.5100,25.2600,26.7200,3746817,94069726.0000,6.596509,1,-5.464068,33.489426,3.780240,5.914125,65.645088,0
2017-11-21,sh.603339,25.2500,25.4400,24.6500,24.7400,25.2600,2592490,64630335.0000,4.564243,1,-2.058592,32.800016,3.702421,5.792377,64.293725,0
2017-11-22,sh.603339,24.8500,24.9600,23.5000,24.1300,24.7400,3937231,94875930.0000,6.931745,1,-2.465645,31.991285,3.611132,5.649558,62.708471,0
2017-11-23,sh.603339,24.0000,24.1200,23.5500,23.6100,24.1300,2014097,47944070.0000,3.545945,1,-2.154988,31.301875,3.533313,5.527811,61.357108,0
2017-11-24,sh.603339,23.5100,23.9800,23.5100,23.6700,23.6100,1189714,28263793.0000,2.094567,1,0.254127,31.381422,3.542292,5.541858,61.513034,0
2017-11-27,sh.603339,23.9700,23.9700,23.5600,23.6700,23.6700,787100,18682593.0000,1.385739,1,0.000000,31.381422,3.542292,5.541858,61.513034,0
2017-11-28,sh.603339,23.6700,24.0000,23.5100,23.9900,23.6700,1323314,31558342.0000,2.329778,1,1.351921,31.805675,3.590181,5.616780,62.344643,0
2017-11-29,sh.603339,24.0000,24.0000,22.8100,23.3500,23.9900,2919300,67925950.0000,5.139613,1,-2.667776,30.957170,3.494403,5.466937,60.681426,0
2017-11-30,sh.603339,23.1800,23.4500,23.0100,23.0700,23.3500,1144300,26542777.0000,2.014613,1,-1.199146,30.585949,3.452500,5.401380,59.953768,0
2017-12-01,sh.603339,23.0900,23.4300,23.0000,23.3400,23.0700,909267,21178077.0000,1.600822,1,1.170353,30.943912,3.492906,5.464595,60.655438,0
2017-12-04,sh.603339,23.1500,23.4200,22.5500,22.6500,23.3400,1346100,31006163.0000,2.369894,1,-2.956300,30.029117,3.389646,5.303046,58.862282,0
2017-12-05,sh.603339,22.5900,22.8600,21.2700,21.7900,22.6500,2149050,47297780.0000,3.783539,1,-3.796904,28.888939,3.260944,5.101694,56.627335,0
2017-12-06,sh.603339,21.7900,22.3600,21.7400,22.3500,21.7900,1174878,25839170.0000,2.068447,1,2.569984,29.631381,3.344750,5.232807,58.082649,0
2017-12-07,sh.603339,22.3600,22.5000,22.1900,22.3900,22.3500,733900,16433202.0000,1.292077,1,0.178967,29.684412,3.350736,5.242172,58.186601,0
2017-12-08,sh.603339,22.3200,24.0100,22.3200,23.3300,22.3900,2007200,46698237.0000,3.533803,1,4.198305,30.930654,3.491410,5.462254,60.629450,0
2017-12-11,sh.603339,23.4500,23.9000,23.3400,23.6100,23.3300,1435001,33812632.0000,2.526410,1,1.200174,31.301875,3.533313,5.527811,61.357108,0
2017-12-12,sh.603339,23.3800,23.4400,23.0400,23.1000,23.6100,888250,20637952.0000,1.563820,1,-2.160103,30.625722,3.456989,5.408404,60.031732,0
2017-12-13,sh.603339,23.0700,23.3400,23.0200,23.3000,23.1000,635500,14746511.0000,1.118838,1,0.865796,30.890880,3.486920,5.455230,60.551487,0
2017-12-14,sh.603339,23.3000,23.3400,22.8800,23.0000,23.3000,989950,22798447.0000,1.742870,1,-1.287550,30.493144,3.442024,5.384991,59.771854,0
2017-12-15,sh.603339,23.0000,23.3000,22.9300,23.1900,23.0000,906964,20980851.0000,1.596768,1,0.826089,30.745043,3.470458,5.429476,60.265622,0
2017-12-18,sh.603339,23.3000,23.9900,23.3000,23.4900,23.1900,1729611,40992796.0000,3.045090,1,1.293658,31.142780,3.515354,5.499715,61.045254,0
2017-12-19,sh.603339,23.3000,23.7500,23.2300,23.6000,23.4900,1029857,24218912.0000,1.813129,1,0.468287,31.288617,3.531816,5.525469,61.331120,0
2017-12-20,sh.603339,23.6000,23.6500,23.0300,23.1600,23.6000,948402,22084854.0000,1.669722,1,-1.864409,30.705270,3.465969,5.422452,60.187658,0
2017-12-21,sh.603339,23.0800,23.4200,22.9000,23.2800,23.1600,1223200,28340140.0000,2.153521,1,0.518138,30.864364,3.483927,5.450548,60.499511,0
2017-12-22,sh.603339,23.2000,23.4000,22.6000,22.8600,23.2800,1256600,28818954.0000,2.212324,1,-1.804124,30.307533,3.421073,5.352213,59.408025,0
2017-12-25,sh.603339,22.8600,23.0000,22.3800,22.4700,22.8600,928900,21014648.0000,1.635387,1,-1.706042,29.790475,3.362708,5.260902,58.394503,0
2017-12-26,sh.603339,22.5900,23.2100,22.3000,23.2000,22.4700,1170572,26780594.0000,2.060866,1,3.248783,30.758301,3.471955,5.431817,60.291609,0
2017-12-27,sh.603339,23.1700,23.6400,22.9900,23.2200,23.2000,1786900,41671888.0000,3.145951,1,0.086201,30.784817,3.474948,5.436500,60.343585,0
2017-12-28,sh.603339,23.2600,24.1300,23.2600,23.4600,23.2200,1941716,45970271.0000,3.418514,1,1.033591,31.103006,3.510865,5.492691,60.967291,0
2017-12-29,sh.603339,23.4900,23.8000,23.3000,23.7200,23.4600,1536614,36350221.0000,2.705306,1,1.108270,31.447712,3.549774,5.553565,61.642973,0
2018-01-02,sh.603339,23.7800,23.9400,23.5000,23.8400,23.7200,1180102,27968616.0000,2.077644,1,0.505906,31.606806,3.567733,5.581660,61.954826,0
2018-01-03,sh.603339,23.9900,24.0400,23.6600,23.9200,23.8400,1386677,33030846.0000,2.441333,1,0.335570,31.712869,3.579705,5.600391,62.162728,0
2018-01-04,sh.603339,23.9300,23.9500,23.5200,23.6700,23.9200,1410123,33439947.0000,2.482611,1,-1.045151,31.381422,3.542292,5.541858,61.513034,0
2018-01-05,sh.603339,23.6200,23.9300,23.5200,23.6800,23.6700,1107609,26316849.0000,1.950016,1,0.042249,31.394680,3.543788,5.544200,61.539022,0
2018-01-08,sh.603339,23.5700,24.2800,23.5500,24.1900,23.6800,2266284,54206538.0000,3.989937,1,2.153717,32.070832,3.620112,5.663606,62.864398,0
2018-01-09,sh.603339,24.1000,24.1400,23.6900,23.7800,24.1900,1463291,34952035.0000,2.576217,1,-1.694914,31.527259,3.558754,5.567613,61.798900,0
2018-01-10,sh.603339,23.7800,23.8300,23.0700,23.3300,23.7800,1521564,35574216.0000,2.678810,1,-1.892350,30.930654,3.491410,5.462254,60.629450,0
2018-01-11,sh.603339,23.2800,23.6500,23.1000,23.5800,23.3300,1084671,25454405.0000,1.909632,1,1.071582,31.262101,3.528823,5.520787,61.279144,0
2018-01-12,sh.603339,23.5800,23.6400,22.9500,23.0300,23.5800,1154685,26887283.0000,2.032896,1,-2.332482,30.532917,3.446514,5.392015,59.849817,0
2018-01-15,sh.603339,23.0600,23.0600,22.0300,22.0900,23.0300,1711060,38251968.0000,3.012430,1,-4.081635,29.286676,3.305840,5.171933,57.406968,0
2018-01-16,sh.603339,22.1800,22.4000,21.9200,22.1400,22.0900,1008600,22360725.0000,1.775704,1,0.226343,29.352965,3.313322,5.183639,57.536906,0
2018-01-17,sh.603339,22.1400,22.6600,21.6500,22.6400,22.1400,1665809,36888463.0000,2.932762,1,2.258356,30.015860,3.388149,5.300704,58.836295,0
2018-01-18,sh.603339,22.6300,22.6400,22.3900,22.5100,22.6400,1050787,23626301.0000,1.849977,1,-0.574201,29.843507,3.368694,5.270267,58.498454,0
2018-01-19,sh.603339,22.5800,23.1700,22.3800,22.9300,22.5100,1397335,31854572.0000,2.460097,1,1.865838,30.400338,3.431548,5.368602,59.589940,0
2018-01-22,sh.603339,22.9500,23.2700,22.7000,23.1300,22.9300,1351582,31147616.0000,2.379546,1,0.872215,30.665496,3.461479,5.415428,60.109695,0
2018-01-23,sh.603339,23.1900,23.2200,22.8000,23.0500,23.1300,920147,21146786.0000,1.619977,1,-0.345871,30.559433,3.449507,5.396698,59.901793,0
2018-01-24,sh.603339,23.0100,23.2600,22.7700,23.2100,23.0500,1210818,28003691.0000,2.131722,1,0.694142,30.771559,3.473451,5.434158,60.317597,0
2018-01-25,sh.603339,23.1900,23.3900,23.0500,23.2100,23.2100,1177037,27323560.0000,2.072248,1,0.000000,30.771559,3.473451,5.434158,60.317597,0
2018-01-26,sh.603339,23.0000,23.3500,23.0000,23.2200,23.2100,908237,21070987.0000,1.599009,1,0.043086,30.784817,3.474948,5.436500,60.343585,0
2018-01-29,sh.603339,23.2100,23.2100,22.4000,22.7000,23.2200,1300992,29550742.0000,2.290479,1,-2.239443,30.095407,3.397128,5.314752,58.992221,0
2018-01-30,sh.603339,22.6800,22.7100,22.3500,22.5800,22.7000,800704,18033170.0000,1.409690,1,-0.528638,29.936312,3.379170,5.286657,58.680368,0
2018-01-31,sh.603339,22.3600,22.4500,22.0000,22.3000,22.5800,964514,21424930.0000,1.698088,1,-1.240039,29.565091,3.337267,5.221100,57.952711,0
2018-02-01,sh.603339,22.0200,22.3300,21.3600,21.5000,22.3000,1117629,24383274.0000,1.967657,1,-3.587441,28.504460,3.217544,5.033796,55.873690,0
2018-02-02,sh.603339,21.5000,21.5000,19.5000,21.0900,21.5000,1034032,21577184.0000,1.820479,1,-1.906976,27.960887,3.156187,4.937803,54.808191,0
2018-02-05,sh.603339,20.6300,21.2400,20.4000,21.1200,21.0900,576280,12072485.0000,1.014577,1,0.142251,28.000661,3.160676,4.944827,54.886155,0
2018-02-06,sh.603339,20.4100,20.9100,19.4000,19.5600,21.1200,1280066,25789759.0000,2.253637,1,-7.386370,25.932430,2.927217,4.579584,50.832064,0
2018-02-07,sh.603339,20.0000,20.1800,18.9400,19.7300,19.5600,976427,19135867.0000,1.719062,1,0.869121,26.157814,2.952658,4.619386,51.273856,0
2018-02-08,sh.603339,19.7000,20.2800,19.5200,20.2300,19.7300,917142,18427324.0000,1.614687,1,2.534212,26.820708,3.027485,4.736451,52.573244,0
2018-02-09,sh.603339,19.4000,20.1000,19.2100,20.0500,20.2300,1038614,20582921.0000,1.828546,1,-0.889769,26.582066,3.000547,4.694308,52.105464,0
2018-02-12,sh.603339,20.2600,20.5900,20.0100,20.5500,20.0500,887992,18097950.0000,1.563366,1,2.493766,27.244961,3.075374,4.811373,53.404852,0
2018-02-13,sh.603339,20.5200,20.8000,20.2200,20.4400,20.5500,832082,17037120.0000,1.464933,1,-0.535273,27.099124,3.058912,4.785618,53.118987,0
2018-02-14,sh.603339,20.2900,20.6500,20.2900,20.6300,20.4400,489734,10010231.0000,0.862208,1,0.929543,27.351024,3.087346,4.830103,53.612754,0
2018-02-22,sh.603339,20.7500,21.1900,20.5400,21.1200,20.6300,791500,16507028.0000,1.393486,1,2.375190,28.000661,3.160676,4.944827,54.886155,0
2018-02-23,sh.603339,21.1200,21.1200,20.9000,20.9900,21.1200,470700,9864956.0000,0.828697,1,-0.615535,27.828308,3.141221,4.914390,54.548314,0
2018-02-26,sh.603339,21.0500,21.3500,20.9100,21.3100,20.9900,1200178,25401311.0000,2.112989,1,1.524534,28.252560,3.189110,4.989311,55.379922,0
2018-02-27,sh.603339,21.3100,21.3900,21.2100,21.3300,21.3100,990031,21098927.0000,1.743012,1,0.093855,28.279076,3.192103,4.993994,55.431898,0
2018-02-28,sh.603339,21.2400,21.7300,20.8500,21.6800,21.3300,1296645,27830016.0000,2.282826,1,1.640883,28.743102,3.244482,5.075940,56.341469,0
2018-03-01,sh.603339,21.3600,21.7800,21.3500,21.7000,21.6800,743720,16072059.0000,1.309366,1,0.092253,28.769618,3.247475,5.080622,56.393445,0
2018-03-02,sh.603339,21.6500,21.9500,21.4100,21.4900,21.7000,723400,15663135.0000,1.273592,1,-0.967746,28.491202,3.216048,5.031455,55.847702,0
2018-03-05,sh.603339,21.4800,21.6900,21.3000,21.5700,21.4900,494372,10610446.0000,0.870373,1,0.372266,28.597266,3.228020,5.050185,56.055604,0
2018-03-06,sh.603339,21.6500,21.8800,21.4500,21.8400,21.5700,582404,12611782.0000,1.025359,1,1.251741,28.955229,3.268426,5.113400,56.757274,0
2018-03-07,sh.603339,21.8000,21.8000,21.4300,21.5300,21.8400,511400,11048138.0000,0.900352,1,-1.419412,28.544234,3.222034,5.040820,55.951653,0
2018-03-08,sh.603339,21.3500,21.6500,21.1100,21.5800,21.5300,751099,16114416.0000,1.322357,1,0.232231,28.610523,3.229517,5.052527,56.081592,0
2018-03-09,sh.603339,21.6400,22.2500,21.5200,22.2000,21.5800,1642269,36085120.0000,2.891319,1,2.873034,29.432513,3.322302,5.197687,57.692833,0
2018-03-12,sh.603339,22.2200,22.7600,22.2200,22.4700,22.2000,1200259,27050433.0000,2.113132,1,1.216210,29.790475,3.362708,5.260902,58.394503,0
2018-03-13,sh.603339,22.4700,22.9200,22.4100,22.6900,22.4700,1462158,33197485.0000,2.574222,1,0.979089,30.082149,3.395632,5.312411,58.966233,0
2018-03-14,sh.603339,22.8800,22.8800,22.2500,22.4000,22.6900,1335132,30179483.0000,2.350585,1,-1.278100,29.697670,3.352232,5.244513,58.212588,0
2018-03-15,sh.603339,22.3000,22.3900,21.9500,22.2700,22.4000,995961,22013184.0000,1.753452,1,-0.580353,29.606066,3.341892,5.228336,58.033028,0
2018-03-16,sh.603339,22.2700,22.5400,22.0900,22.3200,22.2700,676000,15092738.0000,1.190141,1,0.224514,29.672537,3.349395,5.240075,58.163323,0
2018-03-19,sh.603339,22.3000,22.4600,22.1600,22.2900,22.3200,593600,13247813.0000,1.045070,1,-0.134403,29.632654,3.344893,5.233032,58.085146,0
2018-03-20,sh.603339,22.1800,22.1800,21.7600,22.0300,22.2900,809935,17766974.0000,1.425942,1,-1.166443,29.287007,3.305877,5.171991,57.407616,0
2018-03-21,sh.603339,22.1300,22.6300,21.9800,22.3200,22.0300,1499500,33520185.0000,2.639965,1,1.316382,29.672537,3.349395,5.240075,58.163323,0
2018-03-22,sh.603339,22.2700,23.9700,22.0300,22.9000,22.3200,2964790,68085058.0000,5.219701,1,2.598566,30.443597,3.436431,5.376241,59.674735,0
2018-03-23,sh.603339,22.1400,22.4200,20.6100,20.6800,22.9000,3003703,64670712.0000,5.288210,1,-9.694320,27.492297,3.103293,4.855051,53.889673,0
2018-03-26,sh.603339,19.9100,21.2000,19.6600,21.0700,20.6800,1610847,32642640.0000,2.835998,1,1.885877,28.010768,3.161817,4.946612,54.905968,0
2018-03-27,sh.603339,21.3900,21.4100,21.0000,21.1600,21.0700,2120822,44950469.0000,3.733842,1,0.427148,28.130416,3.175323,4.967741,55.140498,0
2018-03-28,sh.603339,20.8300,21.1000,20.6100,20.8700,21.1600,1189379,24839540.0000,2.093977,1,-1.370506,27.744886,3.131805,4.899658,54.384791,0
2018-03-29,sh.603339,20.9900,21.1700,20.8700,21.0500,20.8700,1108836,23339794.0000,1.952176,1,0.862474,27.984180,3.158816,4.941916,54.853850,0
2018-03-30,sh.603339,21.3300,21.6900,21.1300,21.6500,21.0500,1476080,31701642.0000,2.598732,1,2.850358,28.781829,3.248853,5.082779,56.417380,0
2018-04-02,sh.603339,21.6500,21.6500,21.3400,21.3900,21.6500,1301115,27983078.0000,2.290695,1,-1.200925,28.436181,3.209837,5.021738,55.739851,0
2018-04-03,sh.603339,21.1000,21.5100,20.6500,21.2700,21.3900,1616295,33922133.0000,2.845590,1,-0.561005,28.276651,3.191830,4.993566,55.427145,0
2018-04-04,sh.603339,21.2900,21.7800,20.9100,21.0400,21.2700,1573996,33686945.0000,2.771120,1,-1.081333,27.970886,3.157315,4.939569,54.827791,0
2018-04-09,sh.603339,21.0500,21.5200,20.7500,21.3900,21.0400,1272824,27027312.0000,2.240887,1,1.663491,28.436181,3.209837,5.021738,55.739851,0
2018-04-10,sh.603339,21.4200,21.5000,21.1100,21.4300,21.3900,1180671,25164305.0000,2.078646,1,0.187008,28.489358,3.215840,5.031129,55.844086,0
2018-04-11,sh.603339,21.4500,22.0900,21.4200,22.0400,21.4300,2491259,54474966.0000,4.386019,1,2.846480,29.300301,3.307378,5.174339,57.433675,0
2018-04-12,sh.603339,22.0000,22.6800,21.8600,22.3400,22.0400,2985664,66518147.0000,5.256451,1,1.361158,29.699125,3.352396,5.244770,58.215440,0
2018-04-13,sh.603339,22.3400,22.7200,22.1900,22.2800,22.3400,2278395,51146343.0000,4.011259,1,-0.268574,29.619360,3.343393,5.230684,58.059087,0
2018-04-16,sh.603339,22.1000,22.8000,22.0500,22.6200,22.2800,2848865,63980067.0000,5.015607,1,1.526033,30.071361,3.394414,5.310506,58.945088,0
2018-04-17,sh.603339,22.2000,22.4600,20.7000,21.0100,22.6200,3311399,71793985.0000,5.829928,1,-7.117598,25.724427,3.017585,4.391088,850.274653,0
2018-04-18,sh.603339,21.1100,21.2700,19.8500,20.8700,21.0100,1858585,38477933.0000,3.272157,1,-0.666346,25.553013,2.997477,4.361828,844.608853,0
2018-04-19,sh.603339,20.9000,21.0200,20.5500,20.8100,20.8700,1546565,32155234.0000,2.722826,1,-0.287501,25.479549,2.988860,4.349288,842.180653,0
2018-04-20,sh.603339,20.8200,20.9500,20.1000,20.2100,20.8100,1466028,30053459.0000,2.581035,1,-2.883231,24.744915,2.902684,4.223888,817.898654,0
2018-04-23,sh.603339,20.2400,20.5000,20.0800,20.2600,20.2100,820198,16629798.0000,1.444011,1,0.247408,24.806135,2.909865,4.234338,819.922154,0
2018-04-24,sh.603339,20.3900,20.8000,20.2200,20.7400,20.2600,1130722,23311125.0000,1.990708,1,2.369198,25.393842,2.978806,4.334658,839.347753,0
2018-04-25,sh.603339,20.7300,20.8700,20.5300,20.5600,20.7400,936730,19366656.0000,1.649173,1,-0.867890,25.173452,2.952953,4.297038,832.063154,0
2018-04-26,sh.603339,20.6400,20.6400,19.9300,19.9500,20.5600,1773730,35600781.0000,3.122764,1,-2.966920,24.426574,2.865341,4.169548,807.376455,0
2018-04-27,sh.603339,20.1000,20.1900,19.7900,19.9800,19.9500,1051225,20980901.0000,1.818229,1,0.150370,24.463306,2.869650,4.175818,808.590555,0
2018-05-02,sh.603339,19.3500,19.3500,18.5800,18.6400,19.9800,2479287,46771055.0000,4.288246,1,-6.706708,24.520713,2.628164,3.782317,-65.321769,0
2018-05-03,sh.603339,18.5200,18.8000,18.2000,18.6900,18.6400,1897746,35142733.0000,3.282396,1,0.268246,24.586488,2.635214,3.792463,-65.496988,0
2018-05-04,sh.603339,18.6600,18.7000,18.4000,18.5100,18.6900,992486,18398654.0000,1.716632,1,-0.963083,24.349700,2.609835,3.755938,-64.866198,0
2018-05-07,sh.603339,18.5100,18.8900,18.5100,18.8700,18.5100,1480602,27716075.0000,2.560892,1,1.944898,24.823276,2.660593,3.828987,-66.127778,0
2018-05-08,sh.603339,18.8000,19.2000,18.7400,19.0100,18.8700,1427997,27158735.0000,2.469905,1,0.741915,25.007444,2.680333,3.857395,-66.618392,0
2018-05-09,sh.603339,19.2000,19.2500,18.8000,19.1700,19.0100,1315100,25109275.0000,2.274635,1,0.841661,25.217922,2.702892,3.889861,-67.179094,0
2018-05-10,sh.603339,19.2400,19.6000,19.1400,19.5700,19.1700,1391848,26950349.0000,2.407380,1,2.086592,25.744118,2.759290,3.971027,-68.580848,0
2018-05-11,sh.603339,19.6900,20.3900,19.4000,20.0100,19.5700,3148200,63036088.0000,5.445217,1,2.248342,26.322933,2.821329,4.060309,-70.122779,0
2018-05-14,sh.603339,20.0600,20.3900,19.6000,19.9900,20.0100,1621175,32497096.0000,2.804031,1,-0.099952,26.296623,2.818509,4.056251,-70.052691,0
2018-05-15,sh.603339,20.1100,20.3000,19.7700,20.0300,19.9900,993775,19856609.0000,1.718862,1,0.200105,26.349243,2.824148,4.064367,-70.192866,0
2018-05-16,sh.603339,20.0700,20.1700,19.7100,19.7200,20.0300,973700,19353981.0000,1.684140,1,-1.547685,25.941441,2.780440,4.001464,-69.106506,0
2018-05-17,sh.603339,19.6600,20.0600,19.6600,19.8600,19.7200,810749,16076800.0000,1.402295,1,0.709946,26.125610,2.800179,4.029872,-69.597121,0
2018-05-18,sh.603339,19.8400,20.2000,19.7300,20.1500,19.8600,953457,19016665.0000,1.649127,1,1.460217,26.507101,2.841068,4.088717,-70.613393,0
2018-05-21,sh.603339,20.9800,22.1700,20.7100,21.0200,20.1500,3729485,79507480.0000,6.450625,1,4.317622,27.651577,2.963734,4.265252,-73.662209,0
2018-05-22,sh.603339,21.6800,23.1200,21.6800,23.1200,21.0200,5936803,134338241.0000,10.268465,1,9.990486,30.414103,3.259826,4.691372,-81.021421,0
2018-05-23,sh.603339,23.3300,24.0500,21.7500,21.8500,23.1200,9046061,206932136.0000,15.646327,1,-5.493082,28.743433,3.080761,4.433671,-76.570850,0
2018-05-24,sh.603339,22.0100,22.8500,21.8000,22.1100,21.8500,4345581,96662656.0000,7.516242,1,1.189932,29.085460,3.117420,4.486428,-77.481991,0
2018-05-25,sh.603339,21.6800,21.9000,21.0600,21.2100,22.1100,4184347,89619151.0000,7.237367,1,-4.070563,27.901520,2.990524,4.303806,-74.328043,0
2018-05-28,sh.603339,21.1000,21.1300,20.4300,20.6300,21.2100,2490848,51610798.0000,4.308242,1,-2.734559,27.138536,2.908746,4.186116,-72.295498,0
2018-05-29,sh.603339,20.5000,20.9800,20.4500,20.5600,20.6300,2026679,42037321.0000,3.505402,1,-0.339310,27.046452,2.898876,4.171912,-72.050191,0
2018-05-30,sh.603339,20.0000,20.2400,19.6500,19.8400,20.5600,2473508,49498099.0000,4.278251,1,-3.501942,26.099300,2.797359,4.025814,-69.527033,0
2018-05-31,sh.603339,19.9200,20.6600,19.9200,20.6300,19.8400,2184987,44497427.0000,3.779216,1,3.981850,27.138536,2.908746,4.186116,-72.295498,0
2018-06-01,sh.603339,20.5000,22.5800,20.3100,21.7700,20.6300,5300208,113261738.0000,9.167392,1,5.525939,28.638193,3.069481,4.417438,-76.290499,0
2018-06-04,sh.603339,21.5700,21.9900,21.1600,21.6400,21.7700,3447113,74268808.0000,5.962226,1,-0.597157,28.467180,3.051152,4.391059,-75.834929,0
2018-06-05,sh.603339,21.5400,22.1500,21.3000,22.1200,21.6400,3811837,83170719.0000,6.593063,1,2.218121,29.098615,3.118830,4.488458,-77.517035,0
2018-06-06,sh.603339,21.9100,23.0000,21.5600,21.9800,22.1200,4670545,103345932.0000,8.078309,1,-0.632917,28.914446,3.099091,4.460050,-77.026420,0
2018-06-07,sh.603339,21.8100,22.3500,21.3600,22.1800,21.9800,4017557,87665310.0000,6.948882,1,0.909922,29.177544,3.127290,4.500632,-77.727298,0
2018-06-08,sh.603339,21.7400,21.8400,21.1000,21.2600,22.1800,3484300,74722795.0000,6.026545,1,-4.147882,27.967294,2.997573,4.313952,-74.503262,0
2018-06-11,sh.603339,21.0100,21.7200,20.6000,21.7000,21.2600,2781947,58999962.0000,4.811736,1,2.069617,28.546109,3.059612,4.403234,-76.045192,0
2018-06-12,sh.603339,21.4700,23.1500,21.4500,22.6200,21.7000,7053932,158837031.0000,12.200684,1,4.239632,29.756359,3.189328,4.589915,-79.269228,0
2018-06-13,sh.603339,22.2800,22.6000,21.8700,22.2900,22.6200,4110450,91672194.0000,7.109553,1,-1.458886,29.322248,3.142799,4.522953,-78.112780,0
2018-06-14,sh.603339,22.1800,22.8600,22.0300,22.8300,22.2900,4370034,98568152.0000,7.558536,1,2.422606,30.032612,3.218937,4.632527,-80.005149,0
2018-06-15,sh.603339,22.5100,23.0900,21.4500,21.7700,22.8300,3884089,86269540.0000,6.718032,1,-4.643011,28.638193,3.069481,4.417438,-76.290499,0
2018-06-19,sh.603339,20.9800,21.2700,19.5900,19.5900,21.7700,3236700,65707268.0000,5.598289,1,-10.013780,25.770428,2.762110,3.975085,-68.650936,0
2018-06-20,sh.603339,19.2900,19.9700,19.0100,19.7300,19.5900,2698283,52671188.0000,4.667028,1,0.714647,25.954596,2.781850,4.003493,-69.141550,0
2018-06-21,sh.603339,19.7000,19.9200,18.3000,18.3400,19.7300,3134075,59730868.0000,5.420786,1,-7.045106,24.126066,2.585865,3.721443,-64.270453,0
2018-06-22,sh.603339,18.2000,18.9000,18.0000,18.5700,18.3400,1688664,31270804.0000,2.920762,1,1.254087,24.428629,2.618294,3.768113,-65.076462,0
2018-06-25,sh.603339,18.9000,19.1500,18.3900,18.4100,18.5700,1406500,26271246.0000,2.432723,1,-0.861604,24.218151,2.595735,3.735647,-64.515760,0
2018-06-26,sh.603339,18.2400,19.0000,18.2400,18.8700,18.4100,1519264,28493944.0000,2.627763,1,2.498647,24.823276,2.660593,3.828987,-66.127778,0
2018-06-27,sh.603339,18.8700,19.2000,18.7100,18.9200,18.8700,1379530,26072359.0000,2.386075,1,0.264967,24.889050,2.667643,3.839133,-66.302997,0
2018-06-28,sh.603339,19.5000,20.1600,19.3100,19.6100,18.9200,2739630,53869777.0000,4.738543,1,3.646937,25.796737,2.764930,3.979143,-68.721024,0
2018-06-29,sh.603339,19.2100,19.9800,19.2100,19.8400,19.6100,2141800,42286746.0000,3.704519,1,1.172869,26.099300,2.797359,4.025814,-69.527033,0
2018-07-02,sh.603339,19.6200,19.9900,19.1900,19.3600,19.8400,1656038,32439761.0000,2.864331,1,-2.419353,25.467865,2.729681,3.928415,-67.844927,0
2018-07-03,sh.603339,19.3700,19.8300,19.1300,19.7000,19.3600,1439625,28073528.0000,2.490017,1,1.756199,25.915131,2.777620,3.997406,-69.036419,0
2018-07-04,sh.603339,19.7000,19.7000,18.6000,18.6300,19.7000,1714455,32601795.0000,2.965371,1,-5.431480,24.507558,2.626754,3.780288,-65.286725,0
2018-07-05,sh.603339,18.6400,18.8400,18.2100,18.2200,18.6300,1113200,20678918.0000,1.925423,1,-2.200751,23.968208,2.568946,3.697093,-63.849926,0
2018-07-06,sh.603339,18.1900,18.4700,17.1200,18.2100,18.2200,1773248,31830793.0000,3.067061,1,-0.054886,23.955053,2.567536,3.695064,-63.814882,0
2018-07-09,sh.603339,18.2000,18.5700,18.0000,18.4300,18.2100,994890,18337273.0000,1.720790,1,1.208134,24.244460,2.598555,3.739705,-64.585848,0
2018-07-10,sh.603339,18.4600,18.7800,18.4000,18.6300,18.4300,1004200,18639156.0000,1.736893,1,1.085181,24.507558,2.626754,3.780288,-65.286725,0
2018-07-11,sh.603339,18.3400,18.3400,17.2600,17.6100,18.6300,1714939,30494931.0000,2.966208,1,-5.475033,23.165760,2.482938,3.573315,-61.712250,0
2018-07-12,sh.603339,17.6800,18.2000,17.6800,18.1200,17.6100,1295020,23325611.0000,2.239904,1,2.896083,23.836659,2.554846,3.676802,-63.499488,0
2018-07-13,sh.603339,18.0200,18.2900,18.0200,18.1000,18.1200,823347,14936756.0000,1.424085,1,-0.110378,23.810349,2.552026,3.672743,-63.429400,0
2018-07-16,sh.603339,18.1000,18.2200,17.9800,18.2000,18.1000,681400,12345546.0000,1.178569,1,0.552488,23.941898,2.566126,3.693035,-63.779839,0
2018-07-17,sh.603339,18.1900,18.4600,18.0700,18.3600,18.2000,860200,15672288.0000,1.487827,1,0.879120,24.152376,2.588685,3.725501,-64.340540,0
2018-07-18,sh.603339,18.3500,19.5000,18.2600,18.8100,18.3600,1948478,36708502.0000,3.370144,1,2.450974,24.744346,2.652133,3.816812,-65.917515,0
2018-07-19,sh.603339,18.6000,20.0000,18.5800,19.9500,18.8100,4410414,86801273.0000,7.628379,1,6.060613,26.244004,2.812869,4.048134,-69.912515,0
2018-07-20,sh.603339,19.4900,19.6900,19.1900,19.5500,19.9500,2567946,49912593.0000,4.441593,1,-2.005020,25.717808,2.756470,3.966969,-68.510761,0
2018-07-23,sh.603339,19.7000,19.8100,19.0000,19.2300,19.3700,1917271,37058913.0000,3.316167,1,-0.722774,25.296852,2.711352,3.902036,-67.389357,0
2018-07-24,sh.603339,19.1800,19.5100,19.0700,19.3700,19.2300,1477350,28528011.0000,2.555267,1,0.728036,25.481020,2.731091,3.930444,-67.879971,0
2018-07-25,sh.603339,19.3700,19.4700,19.0300,19.0700,19.3700,1375365,26417963.0000,2.378871,1,-1.548793,25.086373,2.688792,3.869570,-66.828655,0
2018-07-26,sh.603339,19.0600,19.3800,18.9900,19.2200,19.0700,1129679,21644774.0000,1.953925,1,0.786574,25.283697,2.709942,3.900007,-67.354313,0
2018-07-27,sh.603339,19.2300,19.2300,18.7100,18.8000,19.2200,1361128,25650579.0000,2.354246,1,-2.185224,24.731191,2.650723,3.814783,-65.882471,0
2018-07-30,sh.603339,18.8100,18.8100,18.0000,18.2800,18.8000,1184906,21793220.0000,2.049447,1,-2.765950,24.047137,2.577406,3.709268,-64.060190,0
2018-07-31,sh.603339,18.3900,18.8400,18.2500,18.7800,18.2800,1119906,20849592.0000,1.937022,1,2.735229,24.704882,2.647904,3.810725,-65.812383,0
2018-08-01,sh.603339,18.8300,18.9800,18.4100,18.6800,18.7800,771800,14455072.0000,1.334927,1,-0.532483,24.573333,2.633804,3.790433,-65.461944,0
2018-08-02,sh.603339,18.6500,18.6700,17.3900,17.9200,18.6800,1363900,24378026.0000,2.359041,1,-4.068523,23.573561,2.526647,3.636219,-62.798610,0
2018-08-03,sh.603339,17.9700,18.0300,17.5000,17.6100,17.9200,557700,9917408.0000,0.964614,1,-1.729908,23.165760,2.482938,3.573315,-61.712250,0
2018-08-06,sh.603339,17.7000,17.8900,17.3000,17.5600,17.6100,756800,13310351.0000,1.308983,1,-0.283936,23.099985,2.475888,3.563170,-61.537031,0
2018-08-07,sh.603339,17.5800,17.9700,17.4100,17.9600,17.5600,743719,13192813.0000,1.286358,1,2.277902,23.626181,2.532287,3.644335,-62.938786,0
2018-08-08,sh.603339,17.8300,18.1300,17.5000,17.6700,17.9600,724900,12893180.0000,1.253808,1,-1.614694,23.244689,2.491398,3.585490,-61.922514,0
2018-08-09,sh.603339,17.6100,18.3700,17.5100,18.2600,17.6700,1284837,23301947.0000,2.222291,1,3.338993,24.020827,2.574586,3.705210,-63.990102,0
2018-08-10,sh.603339,18.4500,18.5000,18.0600,18.1700,18.2600,734810,13375688.0000,1.270949,1,-0.492881,23.902433,2.561896,3.686947,-63.674707,0
2018-08-13,sh.603339,18.0900,18.2000,17.8000,18.1900,18.1700,557300,10017869.0000,0.963922,1,0.110074,23.928743,2.564716,3.691006,-63.744795,0
2018-08-14,sh.603339,18.0300,18.9800,18.0300,18.6700,18.1900,1637272,30413614.0000,2.831873,1,2.638810,24.560178,2.632394,3.788404,-65.426900,0
2018-08-15,sh.603339,18.5000,18.6300,17.9900,18.0200,18.6700,945145,17232928.0000,1.634750,1,-3.481519,23.705110,2.540747,3.656510,-63.149049,0
2018-08-16,sh.603339,17.7500,18.0000,17.4500,17.6700,18.0200,686445,12180604.0000,1.187295,1,-1.942289,23.244689,2.491398,3.585490,-61.922514,0
2018-08-17,sh.603339,17.6800,17.9800,17.3800,17.4200,17.6700,709400,12473753.0000,1.226999,1,-1.414827,22.915817,2.456149,3.534762,-61.046417,0
2018-08-20,sh.603339,17.4000,17.8600,17.3500,17.8000,17.4200,834779,14748282.0000,1.443858,1,2.181396,23.415702,2.509728,3.611869,-62.378084,0
2018-08-21,sh.603339,18.1000,18.7900,18.0000,18.3200,17.8000,1597900,29263694.0000,2.763774,1,2.921351,24.099757,2.583045,3.717384,-64.200365,0
2018-08-22,sh.603339,18.0600,18.1400,17.8400,17.8900,18.3200,879328,15780344.0000,1.520911,1,-2.347163,20.414360,2.453719,3.442243,-23.555841,0
2018-08-23,sh.603339,18.2000,18.2000,17.8600,18.0300,17.8900,766233,13799915.0000,1.325299,1,0.782567,20.574115,2.472921,3.469180,-23.740180,0
2018-08-24,sh.603339,18.0000,18.1500,17.8200,17.8500,18.0300,590854,10617535.0000,1.021958,1,-0.998338,20.368716,2.448233,3.434546,-23.503173,0
2018-08-27,sh.603339,17.9900,18.2500,17.9500,18.2300,17.8500,1256537,22765700.0000,2.173343,1,2.128847,20.802336,2.500352,3.507663,-24.003521,0
2018-08-28,sh.603339,18.1400,18.5800,18.0500,18.3200,18.2300,1150450,21097448.0000,1.989851,1,0.493692,20.905035,2.512696,3.524980,-24.122024,0
2018-08-29,sh.603339,18.2400,18.4900,17.9700,18.0000,18.3200,984000,17846139.0000,1.701955,1,-1.746723,20.539882,2.468806,3.463408,-23.700679,0
2018-08-30,sh.603339,18.0200,18.2900,17.8100,17.8500,18.0000,1020000,18406049.0000,1.764221,1,-0.833331,20.368716,2.448233,3.434546,-23.503173,0
2018-08-31,sh.603339,17.7500,17.8500,17.4000,17.5200,17.8500,805944,14167101.0000,1.393984,1,-1.848739,19.992152,2.402972,3.371050,-23.068661,0
2018-09-03,sh.603339,17.4800,17.4900,16.8500,17.1200,17.5200,967354,16521074.0000,1.673163,1,-2.283103,19.535710,2.348109,3.294086,-22.541979,0
2018-09-04,sh.603339,17.1300,17.3000,16.9700,17.1700,17.1200,754700,12922981.0000,1.305351,1,0.292052,19.592765,2.354967,3.303706,-22.607814,0
2018-09-05,sh.603339,17.1600,17.2200,16.8300,16.8300,17.1700,714300,12143074.0000,1.235474,1,-1.980199,19.204790,2.308334,3.238286,-22.160135,0
2018-09-06,sh.603339,16.8100,17.0500,16.6500,16.9600,16.8300,780800,13190774.0000,1.350494,1,0.772425,19.353133,2.326164,3.263300,-22.331306,0
2018-09-07,sh.603339,16.9600,17.1100,16.7800,16.9900,16.9600,698500,11852566.0000,1.208146,1,0.176891,19.387366,2.330279,3.269072,-22.370807,0
2018-09-10,sh.603339,16.9500,16.9500,16.5300,16.5800,16.9900,866800,14442384.0000,1.499242,1,-2.413183,18.919514,2.274045,3.190183,-21.830958,0
2018-09-11,sh.603339,16.9500,16.9500,16.5300,16.8000,16.5800,470400,7862685.0000,0.813617,1,1.326896,19.165101,2.303564,3.231594,-22.114338,0
2018-09-12,sh.603339,16.8300,16.8700,16.6200,16.7500,16.8000,413600,6924291.0000,0.715374,1,-0.297615,19.108062,2.296708,3.221976,-22.048521,0
2018-09-13,sh.603339,16.8500,16.9200,16.7000,16.8000,16.7500,490500,8247940.0000,0.848383,1,0.298503,19.165101,2.303564,3.231594,-22.114338,0
2018-09-14,sh.603339,16.8000,16.8900,16.6800,16.6800,16.8000,349300,5865811.0000,0.604159,1,-0.714279,19.028207,2.287110,3.208511,-21.956378,0
2018-09-17,sh.603339,16.7600,16.8200,16.3200,16.3800,16.6800,496300,8195270.0000,0.858415,1,-1.798568,18.685973,2.245974,3.150804,-21.561479,0
2018-09-18,sh.603339,16.4000,16.6800,16.3800,16.6700,16.3800,414351,6851889.0000,0.716673,1,1.770457,19.016799,2.285738,3.206588,-21.943215,0
2018-09-19,sh.603339,16.6700,16.8500,16.5900,16.7800,16.6700,804151,13462545.0000,1.390883,1,0.659872,19.142285,2.300821,3.227747,-22.088011,0
2018-09-20,sh.603339,16.8100,16.9200,16.5800,16.6200,16.7800,688300,11519595.0000,1.190503,1,-0.953515,18.959760,2.278883,3.196970,-21.877399,0
2018-09-21,sh.603339,16.6800,16.9000,16.6100,16.8600,16.6200,732589,12305228.0000,1.267107,1,1.444042,19.233547,2.311791,3.243135,-22.193318,0
2018-09-25,sh.603339,16.8300,17.0200,16.6300,16.8900,16.8600,627089,10606269.0000,1.084631,1,0.177929,19.267771,2.315904,3.248906,-22.232808,0
2018-09-26,sh.603339,16.8900,17.2000,16.8100,17.0300,16.8900,711117,12103658.0000,1.229968,1,0.828901,19.427480,2.335100,3.275836,-22.417094,0
2018-09-27,sh.603339,17.1100,17.1100,16.6000,16.6000,17.0300,833600,14087282.0000,1.441819,1,-2.524958,18.936945,2.276140,3.193123,-21.851072,0
2018-09-28,sh.603339,16.7300,16.8900,16.6400,16.8400,16.6000,632200,10581233.0000,1.093471,1,1.445782,19.210732,2.309048,3.239288,-22.166991,0
2018-10-08,sh.603339,16.7200,16.7700,15.9800,16.0000,16.8400,1055043,17265350.0000,1.824833,1,-4.988124,18.252477,2.193870,3.077709,-21.061274,0
2018-10-09,sh.603339,16.2000,16.3300,15.9300,15.9900,16.0000,775444,12498486.0000,1.341230,1,-0.062501,18.241069,2.192499,3.075785,-21.048111,0
2018-10-10,sh.603339,16.0800,16.3600,16.0600,16.2500,15.9900,832550,13527369.0000,1.440002,1,1.626018,18.537672,2.228149,3.125798,-21.390357,0
2018-10-11,sh.603339,15.7900,15.9600,14.6300,14.7100,16.2500,1564995,23656604.0000,2.706860,1,-9.476923,16.780871,2.016989,2.829568,-19.363209,0
2018-10-12,sh.603339,14.3300,14.6800,13.8000,14.3100,14.7100,1295244,18403730.0000,2.240291,1,-2.719236,16.324559,1.962143,2.752626,-18.836677,0
2018-10-15,sh.603339,14.3600,14.7000,14.0100,14.1000,14.3100,859300,12338365.0000,1.486270,1,-1.467505,16.084995,1.933348,2.712231,-18.560248,0
2018-10-16,sh.603339,14.1900,14.3500,13.8300,13.8500,14.1000,632200,8860955.0000,1.093471,1,-1.773050,15.799800,1.899069,2.664142,-18.231165,0
2018-10-17,sh.603339,14.2500,14.2500,13.5800,13.9300,13.8500,1010207,14090734.0000,1.747283,1,0.577617,15.891063,1.910038,2.679530,-18.336472,0
2018-10-18,sh.603339,13.8800,14.0500,13.5100,13.9000,13.9300,843481,11649853.0000,1.458909,1,-0.215367,15.856839,1.905925,2.673759,-18.296982,0
2018-10-19,sh.603339,13.6100,14.2000,13.4600,14.1000,13.9000,828615,11608064.0000,1.433196,1,1.438854,16.084995,1.933348,2.712231,-18.560248,0
2018-10-22,sh.603339,14.3800,15.1000,14.0500,14.9000,14.1000,1845060,27206933.0000,3.191269,1,5.673753,16.997619,2.043042,2.866116,-19.613312,0
2018-10-23,sh.603339,14.9900,14.9900,14.5200,14.5500,14.9000,904797,13348254.0000,1.564963,1,-2.348989,15.436545,1.913500,2.608832,-8.450392,0
2018-10-24,sh.603339,14.5800,15.2500,14.5000,14.7800,14.5500,965563,14404153.0000,1.670066,1,1.580753,15.680559,1.943747,2.650071,-8.583972,0
2018-10-25,sh.603339,14.4200,14.9600,14.3300,14.8800,14.7800,790690,11555229.0000,1.367600,1,0.676593,15.786653,1.956898,2.668002,-8.642050,0
2018-10-26,sh.603339,14.9500,15.1600,14.7300,14.8800,14.8800,735263,10989138.0000,1.271732,1,0.000000,15.786653,1.956898,2.668002,-8.642050,0
2018-10-29,sh.603339,14.7800,14.8700,14.5700,14.7700,14.8800,501388,7374203.0000,0.867215,1,-0.739245,15.668649,1.942271,2.648059,-8.577452,0
2018-10-30,sh.603339,14.8300,15.0300,14.6100,14.9200,14.7700,651012,9687701.0000,1.126009,1,1.015569,15.827776,1.961996,2.674951,-8.664562,0
2018-10-31,sh.603339,14.9200,15.1500,14.8300,15.0600,14.9200,660270,9941165.0000,1.142022,1,0.938340,15.976294,1.980406,2.700052,-8.745865,0
2018-11-01,sh.603339,15.1700,15.3300,15.0300,15.0800,15.0600,1010621,15337177.0000,1.747999,1,0.132799,15.997510,1.983036,2.703637,-8.757480,0
2018-11-02,sh.603339,15.3300,15.4500,15.1700,15.4500,15.0800,1140103,17470631.0000,1.971955,1,2.453580,16.390022,2.031692,2.769973,-8.972352,0
2018-11-05,sh.603339,15.4900,15.6500,15.1400,15.3200,15.4500,1152513,17707988.0000,1.993420,1,-0.841425,16.252113,2.014596,2.746666,-8.896856,0
2018-11-06,sh.603339,15.3000,15.3200,15.0400,15.2400,15.3200,719852,10923828.0000,1.245077,1,-0.522193,16.167245,2.004076,2.732323,-8.850397,0
2018-11-07,sh.603339,15.2000,15.4900,15.1500,15.1500,15.2400,673098,10297728.0000,1.164210,1,-0.590552,16.071769,1.992241,2.716187,-8.798131,0
2018-11-08,sh.603339,15.2800,15.3500,15.1000,15.1100,15.1500,879942,13404658.0000,1.521973,1,-0.264026,16.029336,1.986981,2.709016,-8.774902,0
2018-11-09,sh.603339,14.9100,15.3500,14.8700,15.0300,15.1100,810439,12217152.0000,1.401759,1,-0.529450,15.944468,1.976461,2.694673,-8.728443,0
2018-11-12,sh.603339,15.0000,15.6200,14.8800,15.5600,15.0300,1378671,21283608.0000,2.384589,1,3.526285,16.506715,2.046157,2.789695,-9.036232,0
2018-11-13,sh.603339,15.4300,15.8200,15.2200,15.6400,15.5600,1318891,20523823.0000,2.281192,1,0.514138,16.591582,2.056677,2.804038,-9.082691,0
2018-11-14,sh.603339,15.6100,15.9200,15.5200,15.6500,15.6400,1123943,17643451.0000,1.944004,1,0.063934,16.602191,2.057992,2.805830,-9.088499,0
2018-11-15,sh.603339,15.6200,16.0500,15.5500,16.0100,15.6500,1217505,19305162.0000,2.105832,1,2.300323,16.984094,2.105332,2.870374,-9.297563,0
2018-11-16,sh.603339,16.0900,16.4600,16.0200,16.2800,16.0100,1420858,23081266.0000,2.457557,1,1.686449,17.270522,2.140838,2.918781,-9.454362,0
2018-11-19,sh.603339,16.2800,16.4600,16.0100,16.3900,16.2800,1251494,20295742.0000,2.164620,1,0.675668,17.387215,2.155303,2.938502,-9.518242,0
2018-11-20,sh.603339,16.3600,16.3800,15.8500,15.8600,16.3900,1028645,16597390.0000,1.779174,1,-3.233678,16.824968,2.085607,2.843481,-9.210453,0
2018-11-21,sh.603339,15.8200,16.2700,15.6800,16.2500,15.8600,1016212,16291258.0000,1.757669,1,2.459019,17.238697,2.136892,2.913402,-9.436939,0
2018-11-22,sh.603339,16.2700,16.3800,16.1600,16.1900,16.2500,654245,10642319.0000,1.131601,1,-0.369227,17.175046,2.129002,2.902645,-9.402095,0
2018-11-23,sh.603339,16.1700,16.1900,15.3000,15.3000,16.1900,1065663,16744187.0000,1.843201,1,-5.497222,16.230896,2.011966,2.743080,-8.885241,0
2018-11-26,sh.603339,15.2100,15.5500,15.2100,15.3400,15.3000,653820,10090879.0000,1.130866,1,0.261438,16.273330,2.017227,2.750252,-8.908471,0
2018-11-27,sh.603339,15.5300,15.9600,15.5300,15.9200,15.3400,782953,12344326.0000,1.354218,1,3.780964,16.888618,2.093497,2.854238,-9.245297,0
2018-11-28,sh.603339,15.9200,16.6600,15.7800,16.6500,15.9200,1883171,30780282.0000,3.257187,1,4.585424,17.663034,2.189493,2.985117,-9.669233,0
2018-11-29,sh.603339,16.7500,16.8700,16.1300,16.2500,16.6500,2586638,42729465.0000,4.473923,1,-2.402400,17.238697,2.136892,2.913402,-9.436939,0
2018-11-30,sh.603339,16.2700,16.9700,16.1000,16.8700,16.2500,2507527,41594042.0000,4.337091,1,3.815390,17.896419,2.218423,3.024560,-9.796995,0
2018-12-03,sh.603339,17.4800,17.7800,16.9200,17.4000,16.8700,3287062,56944788.0000,5.685397,1,3.141664,18.458666,2.288119,3.119581,-10.104784,0
2018-12-04,sh.603339,17.2700,17.8500,17.2700,17.5500,17.4000,2945913,51710569.0000,5.095336,1,0.862067,18.617792,2.307844,3.146474,-10.191895,0
2018-12-05,sh.603339,17.1600,17.4700,17.0600,17.2200,17.5500,1793300,30905163.0000,3.101743,1,-1.880342,18.267714,2.264449,3.087310,-10.000252,0
2018-12-06,sh.603339,17.1900,17.4000,16.9500,17.1200,17.2200,1367371,23499740.0000,2.365044,1,-0.580711,18.161630,2.251298,3.069381,-9.942179,0
2018-12-07,sh.603339,17.2000,17.5600,17.0400,17.1400,17.1200,1270524,21959967.0000,2.197535,1,0.116814,18.182847,2.253928,3.072967,-9.953793,0
2018-12-10,sh.603339,17.0200,17.2500,16.9000,17.0800,17.1400,789540,13481067.0000,1.365611,1,-0.350055,18.119196,2.246038,3.062210,-9.918949,0
2018-12-11,sh.603339,16.8800,17.1800,16.8000,16.9000,17.0800,608817,10334067.0000,1.053027,1,-1.053866,17.928244,2.222368,3.029938,-9.814417,0
2018-12-12,sh.603339,17.0800,17.6100,17.0800,17.4200,16.9000,1593838,27734503.0000,2.756748,1,3.076926,18.479883,2.290749,3.123167,-10.116399,0
2018-12-13,sh.603339,17.4400,17.4400,17.0600,17.1700,17.4200,1085208,18695066.0000,1.877007,1,-1.435132,18.214672,2.257873,3.078346,-9.971215,0
2018-12-14,sh.603339,17.2300,17.2300,16.6000,16.6200,17.1700,1015845,17147550.0000,1.757035,1,-3.203257,17.631208,2.185548,2.979738,-9.651811,0
2018-12-17,sh.603339,16.6200,16.7800,16.4300,16.5900,16.6200,687300,11413953.0000,1.188774,1,-0.180509,17.599383,2.181603,2.974360,-9.634389,0
2018-12-18,sh.603339,16.4900,16.9700,16.3500,16.6900,16.5900,820608,13664060.0000,1.419347,1,0.602775,17.705467,2.194753,2.992288,-9.692463,0
2018-12-19,sh.603339,16.6500,16.7800,16.5400,16.6900,16.6900,667522,11137359.0000,1.154565,1,0.000000,17.705467,2.194753,2.992288,-9.692463,0
2018-12-20,sh.603339,16.6200,16.7900,16.4000,16.7300,16.6900,819515,13632916.0000,1.417457,1,0.239658,17.747901,2.200013,2.999460,-9.715692,0
2018-12-21,sh.603339,16.6800,16.8100,16.3600,16.5100,16.7300,549798,9124613.0000,0.950946,1,-1.314999,17.514516,2.171083,2.960017,-9.587930,0
2018-12-24,sh.603339,16.5100,16.7400,16.4700,16.5900,16.5100,384900,6385071.0000,0.665734,1,0.484554,17.599383,2.181603,2.974360,-9.634389,0
2018-12-25,sh.603339,16.3000,16.5400,15.7800,16.0200,16.5900,739516,11861866.0000,1.279088,1,-3.435803,16.994703,2.106647,2.872166,-9.303370,0
2018-12-26,sh.603339,16.1000,17.3300,16.0500,17.0500,16.0200,4222662,71571147.0000,7.303638,1,6.429455,18.087371,2.242093,3.056831,-9.901527,0
2018-12-27,sh.603339,17.0000,17.0000,15.9000,15.9000,17.0500,3837174,62814240.0000,6.636886,1,-6.744866,16.867402,2.090867,2.850652,-9.233682,0
2018-12-28,sh.603339,15.6000,15.8100,14.9000,14.9500,15.9000,2028508,30913549.0000,3.508566,1,-5.974842,15.859601,1.965941,2.680330,-8.681984,0
2019-01-02,sh.603339,14.8200,15.0700,14.7100,14.7500,14.9500,965942,14356095.0000,1.670721,1,-1.337791,15.647432,1.939641,2.644473,-8.565837,0
2019-01-03,sh.603339,14.7500,15.0600,14.6600,15.0400,14.7500,1168924,17366471.0000,2.021805,1,1.966102,15.955077,1.977776,2.696466,-8.734250,0
2019-01-04,sh.603339,14.8000,16.0200,14.6100,16.0100,15.0400,2485766,38628366.0000,4.299452,1,6.449470,16.984094,2.105332,2.870374,-9.297563,0
2019-01-07,sh.603339,15.9500,17.5200,15.8800,16.8200,16.0100,6594050,110032698.0000,11.405259,1,5.059335,17.843377,2.211848,3.015595,-9.767958,0
2019-01-08,sh.603339,16.6700,16.6900,15.8500,16.0000,16.8200,3681320,59404895.0000,6.367317,1,-4.875147,16.973486,2.104017,2.868581,-9.291756,0
2019-01-09,sh.603339,16.0000,16.2600,15.7300,15.7600,16.0000,1896200,30459719.0000,3.279722,1,-1.499999,16.718884,2.072457,2.825552,-9.152379,0
2019-01-10,sh.603339,15.7200,15.8800,15.6300,15.8100,15.7600,1123961,17717496.0000,1.944035,1,0.317260,16.771926,2.079032,2.834516,-9.181416,0
2019-01-11,sh.603339,15.5400,15.8800,15.5400,15.7800,15.8100,1251487,19694744.0000,2.164608,1,-0.189758,16.740100,2.075087,2.829138,-9.163994,0
2019-01-14,sh.603339,15.8200,15.8500,15.3600,15.4400,15.7800,1058228,16508351.0000,1.830342,1,-2.154627,16.379414,2.030377,2.768180,-8.966544,0
2019-01-15,sh.603339,15.4600,15.7800,15.4600,15.7500,15.4400,1036200,16252371.0000,1.792241,1,2.007775,16.708275,2.071142,2.823759,-9.146572,0
2019-01-16,sh.603339,15.7600,15.9700,15.7300,15.8000,15.7500,700400,11085608.0000,1.211432,1,0.317462,16.761317,2.077717,2.832723,-9.175609,0
2019-01-17,sh.603339,15.7200,15.8900,15.5200,15.5700,15.8000,685400,10757329.0000,1.185488,1,-1.455699,16.517323,2.047472,2.791488,-9.042040,0
2019-01-18,sh.603339,15.6200,15.8500,15.6100,15.7800,15.5700,593798,9355618.0000,1.027050,1,1.348748,16.740100,2.075087,2.829138,-9.163994,0
2019-01-21,sh.603339,15.7100,16.0200,15.7000,15.8200,15.7800,730900,11597455.0000,1.264186,1,0.253485,16.782534,2.080347,2.836309,-9.187224,0
2019-01-22,sh.603339,15.8600,15.9700,15.5000,15.5300,15.8200,684760,10746678.0000,1.184381,1,-1.833122,16.474890,2.042212,2.784316,-9.018810,0
2019-01-23,sh.603339,15.5300,15.7800,15.4300,15.7200,15.5300,574290,9001554.0000,0.993308,1,1.223442,16.676450,2.067197,2.818381,-9.129150,0
2019-01-24,sh.603339,15.7600,16.1200,15.6700,15.9000,15.7200,1102000,17627420.0000,1.906051,1,1.145034,16.867402,2.090867,2.850652,-9.233682,0
2019-01-25,sh.603339,15.9800,16.0600,15.7000,15.7000,15.9000,905400,14325083.0000,1.566006,1,-1.257860,16.655233,2.064567,2.814795,-9.117535,0
2019-01-28,sh.603339,15.7100,15.8900,15.5300,15.6100,15.7000,483100,7600400.0000,0.835584,1,-0.573249,16.559757,2.052732,2.798659,-9.065269,0
2019-01-29,sh.603339,15.5600,15.6600,14.0600,15.0100,15.6100,899597,13605787.0000,1.555969,1,-3.843686,15.923251,1.973831,2.691087,-8.716828,0
2019-01-30,sh.603339,15.0200,15.4900,15.0200,15.2200,15.0100,765021,11725671.0000,1.323202,1,1.399068,16.146028,2.001446,2.728737,-8.838783,0
2019-01-31,sh.603339,15.2000,15.4800,14.8800,14.9700,15.2200,685724,10368793.0000,1.186048,1,-1.642576,15.880818,1.968571,2.683916,-8.693599,0
2019-02-01,sh.603339,14.9100,15.6600,14.9100,15.5000,14.9700,812698,12560079.0000,1.405666,1,3.540412,16.443064,2.038267,2.778938,-9.001388,0
2019-02-11,sh.603339,15.7100,15.9600,15.5600,15.8700,15.5000,685900,10848530.0000,1.186352,1,2.387096,16.835576,2.086922,2.845273,-9.216260,0
2019-02-12,sh.603339,15.9400,16.1500,15.7700,15.8800,15.8700,1383365,22045908.0000,2.392708,1,0.063013,16.846185,2.088237,2.847066,-9.222068,0
2019-02-13,sh.603339,15.8800,16.1200,15.8000,15.9800,15.8800,1799408,28719179.0000,3.112308,1,0.629719,16.952269,2.101387,2.864995,-9.280141,0
2019-02-14,sh.603339,16.0000,16.2900,15.9600,16.1500,15.9800,1295400,20943421.0000,2.240561,1,1.063830,17.132612,2.123742,2.895474,-9.378866,0
2019-02-15,sh.603339,16.1500,16.9800,16.0100,16.3400,16.1500,2625462,43314573.0000,4.541075,1,1.176474,17.334172,2.148728,2.929538,-9.489206,0
2019-02-18,sh.603339,16.6500,16.7600,16.3600,16.6700,16.3400,2318443,38393873.0000,4.010046,1,2.019583,17.684251,2.192123,2.988702,-9.680848,0
2019-02-19,sh.603339,16.8200,16.8300,16.3900,16.5600,16.6700,2135800,35492794.0000,3.694141,1,-0.659872,17.567558,2.177658,2.968981,-9.616967,0
2019-02-20,sh.603339,16.7400,16.9700,16.5800,16.7000,16.5600,1757413,29441612.0000,3.039672,1,0.845418,17.716076,2.196068,2.994081,-9.698270,0
2019-02-21,sh.603339,16.6000,16.9800,16.4000,16.5000,16.7000,2351900,39377897.0000,4.067914,1,-1.197609,17.503907,2.169768,2.958224,-9.582123,0
2019-02-22,sh.603339,16.5000,16.7900,16.4700,16.7700,16.5000,1622170,27068538.0000,2.805752,1,1.636366,17.790335,2.205273,3.006631,-9.738922,0
2019-02-25,sh.603339,16.8500,17.6900,16.8500,17.6900,16.7700,3511572,60732391.0000,6.073716,1,5.485987,18.766310,2.326254,3.171575,-10.273197,0
2019-02-26,sh.603339,17.6900,17.6900,17.2100,17.3700,17.6900,2782797,48539861.0000,4.813206,1,-1.808930,18.426841,2.284174,3.114203,-10.087362,0
2019-02-27,sh.603339,17.3100,17.5000,17.0300,17.1700,17.3700,1953700,33771889.0000,3.379176,1,-1.151415,18.214672,2.257873,3.078346,-9.971215,0
2019-02-28,sh.603339,17.1800,17.7500,17.1700,17.5500,17.1700,2480041,43256989.0000,4.289550,1,2.213157,18.617792,2.307844,3.146474,-10.191895,0
2019-03-01,sh.603339,17.9500,18.3800,17.6500,18.1300,17.5500,4187794,75754878.0000,7.243329,1,3.304843,19.233081,2.384115,3.250460,-10.528721,0
2019-03-04,sh.603339,18.3900,18.4500,17.9200,18.0200,18.1300,3854168,69873839.0000,6.666280,1,-0.606722,19.116388,2.369649,3.230739,-10.464840,0
2019-03-05,sh.603339,17.9800,18.2900,17.7900,18.2300,18.0200,2301858,41636444.0000,3.981360,1,1.165367,19.339165,2.397265,3.268389,-10.586794,0
2019-03-06,sh.603339,18.2200,18.4300,18.1100,18.4000,18.2300,2555209,46674459.0000,4.419563,1,0.932529,19.519509,2.419620,3.298868,-10.685519,0
2019-03-07,sh.603339,18.3900,18.8800,18.1500,18.6100,18.4000,3073976,56879075.0000,5.316837,1,1.141310,19.742286,2.447235,3.336518,-10.807473,0
2019-03-08,sh.603339,18.3600,18.5000,17.4200,17.4200,18.6100,3899517,70304683.0000,6.744717,1,-6.394414,18.479883,2.290749,3.123167,-10.116399,0
2019-03-11,sh.603339,17.5100,18.1200,17.4000,18.1200,17.4200,3171789,56315377.0000,5.486017,1,4.018374,19.222473,2.382799,3.248668,-10.522913,0
2019-03-12,sh.603339,18.3600,18.8200,18.2500,18.4600,18.1200,3519170,65011491.0000,6.086858,1,1.876370,19.583159,2.427510,3.309625,-10.720363,0
2019-03-13,sh.603339,18.7000,19.0000,18.3000,18.3000,18.4600,3186901,59648354.0000,5.512156,1,-0.866738,19.413424,2.406470,3.280939,-10.627446,0
2019-03-14,sh.603339,18.0200,18.5000,17.6000,17.7700,18.3000,2108358,37699516.0000,3.646677,1,-2.896168,18.851178,2.336774,3.185917,-10.319656,0
2019-03-15,sh.603339,17.8200,18.1800,17.8200,18.0200,17.7700,1470483,26493109.0000,2.543390,1,1.406865,19.116388,2.369649,3.230739,-10.464840,0
2019-03-18,sh.603339,18.2200,18.8600,17.9200,18.7300,18.0200,2766371,51276276.0000,4.784795,1,3.940062,19.869587,2.463015,3.358032,-10.877162,0
2019-03-19,sh.603339,18.7800,18.9200,18.6300,18.9000,18.7300,1888286,35435547.0000,3.266034,1,0.907635,20.049930,2.485370,3.388511,-10.975887,0
2019-03-20,sh.603339,18.9800,19.2500,18.5200,18.8000,18.9000,1968860,37026576.0000,3.405397,1,-0.529103,19.943846,2.472220,3.370582,-10.917813,0
2019-03-21,sh.603339,18.8100,19.1000,18.7200,18.8400,18.8000,1987975,37594043.0000,3.438459,1,0.212771,19.986280,2.477480,3.377754,-10.941042,0
2019-03-22,sh.603339,18.7300,19.1400,18.7000,19.0500,18.8400,1934984,36660000.0000,3.346804,1,1.114645,20.209057,2.505096,3.415404,-11.062997,0
2019-03-25,sh.603339,18.7500,19.2500,18.5600,19.1900,19.0500,2325275,44305868.0000,4.021863,1,0.734915,20.357575,2.523506,3.440504,-11.144300,0
2019-03-26,sh.603339,19.4400,19.4400,18.5800,18.7100,19.1900,3606639,68311865.0000,6.238147,1,-2.501310,19.848370,2.460385,3.354447,-10.865547,0
2019-03-27,sh.603339,18.9200,19.0000,18.1100,18.4900,18.7100,2394700,44283216.0000,4.141942,1,-1.175838,19.614985,2.431455,3.315004,-10.737785,0
2019-03-28,sh.603339,18.4500,19.2100,18.3300,19.0300,18.4900,3019222,57164870.0000,5.222133,1,2.920503,20.187840,2.502465,3.411818,-11.051382,0
2019-03-29,sh.603339,18.4500,18.4500,17.3800,18.2700,19.0300,5147865,92398282.0000,8.903895,1,-3.993695,21.129496,2.340279,3.128949,-14.069466,0
2019-04-01,sh.603339,18.1500,18.5200,18.0200,18.3600,18.2700,5360749,98248650.0000,9.272106,1,0.492612,21.233582,2.351808,3.144363,-14.138774,0
2019-04-02,sh.603339,18.4400,18.6700,18.3700,18.5800,18.3600,3482458,64555201.0000,6.023360,1,1.198253,21.488015,2.379988,3.182040,-14.308193,0
2019-04-03,sh.603339,18.5800,18.7900,18.3100,18.7400,18.5800,2975599,55091824.0000,5.146682,1,0.861140,21.673057,2.400483,3.209442,-14.431406,0
2019-04-04,sh.603339,19.1000,19.1100,18.4100,18.5700,18.7400,2543326,47513533.0000,4.399010,1,-0.907151,21.476450,2.378707,3.180328,-14.300492,0
2019-04-08,sh.603339,18.8000,18.8000,18.1800,18.3300,18.5700,2536707,46848750.0000,4.387561,1,-1.292406,21.198887,2.347965,3.139225,-14.115671,0
2019-04-09,sh.603339,18.3600,18.4400,18.1100,18.3700,18.3300,1635069,29874871.0000,2.828062,1,0.218226,21.245147,2.353089,3.146075,-14.146475,0
2019-04-10,sh.603339,18.3400,18.3400,17.9500,18.1700,18.3700,1895564,34351543.0000,3.278622,1,-1.088736,21.013845,2.327470,3.111823,-13.992458,0
2019-04-11,sh.603339,18.1600,18.4300,18.0100,18.0800,18.1700,1454638,26505969.0000,2.515984,1,-0.495323,20.909758,2.315941,3.096409,-13.923150,0
2019-04-12,sh.603339,18.0900,18.1400,17.7200,17.9000,18.0800,1378900,24646456.0000,2.384985,1,-0.995577,20.701586,2.292884,3.065582,-13.784534,0
2019-04-15,sh.603339,18.0000,18.1900,17.5900,17.6800,17.9000,1345475,24200315.0000,2.327172,1,-1.229046,20.447153,2.264704,3.027905,-13.615116,0
2019-04-16,sh.603339,17.7200,17.9800,17.5000,17.9700,17.6800,1247000,22063741.0000,2.156847,1,1.640266,20.782542,2.301851,3.077571,-13.838440,0
2019-04-17,sh.603339,17.9600,18.2000,17.8900,18.1300,17.9700,1390182,25153625.0000,2.392704,1,0.890372,20.967584,2.322346,3.104973,-13.961654,0
2019-04-18,sh.603339,18.1000,18.1700,17.9000,17.9300,18.1300,1100000,19816695.0000,1.893259,1,-1.103138,20.736281,2.296727,3.070720,-13.807637,0
2019-04-19,sh.603339,18.0000,18.1300,17.7300,18.1100,17.9300,1170612,20997915.0000,2.014792,1,1.003906,20.944454,2.319784,3.101547,-13.946252,0
2019-04-22,sh.603339,18.0300,18.3300,18.0300,18.1100,18.1100,1816100,32999692.0000,3.125770,1,0.000000,20.944454,2.319784,3.101547,-13.946252,0
2019-04-23,sh.603339,18.0900,18.1200,17.6300,17.7500,18.1100,1496237,26744210.0000,2.575240,1,-1.987855,19.842355,2.227646,2.817336,-92.622792,0
2019-04-24,sh.603339,17.7600,17.9900,17.6800,17.9300,17.7500,738100,13167891.0000,1.270377,1,1.014086,20.043573,2.250237,2.845906,-93.562065,0
2019-04-25,sh.603339,17.9300,18.1000,17.3000,17.3800,17.9300,1224760,21747069.0000,2.107989,1,-3.067491,19.428739,2.181211,2.758608,-90.692063,0
2019-04-26,sh.603339,17.2100,17.3000,16.9000,17.0100,17.3800,1278807,21838412.0000,2.164466,1,-2.128878,19.015124,2.134776,2.699880,-88.761334,0
2019-04-29,sh.603339,17.0100,17.0800,16.1000,16.3200,17.0100,1333435,22015848.0000,2.256927,1,-4.056440,18.243787,2.048180,2.590361,-85.160786,0
2019-04-30,sh.603339,16.3300,16.5600,16.2800,16.4500,16.3200,738625,12144039.0000,1.250172,1,0.796575,18.389112,2.064495,2.610995,-85.839150,0
2019-05-06,sh.603339,16.0000,16.0000,15.0700,15.2000,16.4500,1583600,24538429.0000,2.680348,1,-7.598790,16.991763,1.907618,2.412592,-79.316419,0
2019-05-07,sh.603339,15.2200,15.4800,15.1200,15.4100,15.2000,884000,13584255.0000,1.496229,1,1.381579,17.226517,1.933974,2.445923,-80.412238,0
2019-05-08,sh.603339,15.3000,15.5900,14.9000,15.4900,15.4100,747700,11516420.0000,1.265532,1,0.519143,17.315948,1.944014,2.458621,-80.829692,0
2019-05-09,sh.603339,15.3500,15.6000,15.3100,15.4900,15.4900,493886,7650060.0000,0.835935,1,0.000000,17.315948,1.944014,2.458621,-80.829692,0
2019-05-10,sh.603339,15.5500,15.9500,15.2200,15.8200,15.4900,1025525,16078378.0000,1.735769,1,2.130406,17.684848,1.985429,2.511000,-82.551694,0
2019-05-13,sh.603339,15.6000,15.7400,15.5000,15.6400,15.8200,743400,11622748.0000,1.258254,1,-1.137796,17.483630,1.962839,2.482430,-81.612420,0
2019-05-14,sh.603339,15.4800,15.6400,15.2000,15.4500,15.6400,850770,13167287.0000,1.439985,1,-1.214837,17.271233,1.938994,2.452272,-80.620965,0
2019-05-15,sh.603339,15.5300,15.7000,15.4500,15.6200,15.4500,887050,13818702.0000,1.501391,1,1.100324,17.461272,1.960329,2.479255,-81.508057,0
2019-05-16,sh.603339,15.5800,15.8000,15.5500,15.6800,15.6200,906354,14217002.0000,1.534064,1,0.384126,17.528345,1.967859,2.488779,-81.821148,0
2019-05-17,sh.603339,15.7800,15.7800,14.9800,15.1000,15.6800,955538,14671320.0000,1.617312,1,-3.698979,16.879975,1.895068,2.396719,-78.794600,0
2019-05-20,sh.603339,14.9500,14.9500,14.4000,14.8600,15.1000,1240161,18243742.0000,0.593146,1,-1.589409,16.611684,1.864948,2.358626,-77.542236,0
2019-05-21,sh.603339,14.8600,15.2300,14.6800,15.1500,14.8600,940173,14167338.0000,0.449667,1,1.951548,16.935869,1.901343,2.404655,-79.055509,0
2019-05-22,sh.603339,15.0900,15.2700,14.9700,15.0400,15.1500,586305,8867937.0000,0.280419,1,-0.726070,16.812902,1.887538,2.387196,-78.481509,0
2019-05-23,sh.603339,15.0500,15.0500,14.5600,14.6000,15.0400,1205829,17767284.0000,0.576726,1,-2.925529,16.321035,1.832318,2.317358,-76.185507,0
2019-05-24,sh.603339,14.7500,14.7500,14.4900,14.5800,14.6000,625600,9118179.0000,0.299213,1,-0.136989,16.298678,1.829808,2.314183,-76.081144,0
2019-05-27,sh.603339,14.6700,15.0300,14.5100,14.9900,14.5800,961441,14260326.0000,0.459839,1,2.812070,16.757008,1.881263,2.379260,-78.220600,0
2019-05-28,sh.603339,14.7800,15.1800,14.7800,15.0300,14.9900,926616,13980496.0000,0.443183,1,0.266844,16.801723,1.886283,2.385609,-78.429327,0
2019-05-29,sh.603339,14.9300,15.1800,14.9300,15.0700,15.0300,819628,12358835.0000,0.392013,1,0.266134,16.846439,1.891303,2.391958,-78.638055,0
2019-05-30,sh.603339,15.0600,15.1500,14.8200,14.9800,15.0700,811105,12157773.0000,0.387937,1,-0.597214,16.745829,1.880008,2.377672,-78.168418,0
2019-05-31,sh.603339,14.9800,15.2000,14.8900,15.1000,14.9800,1012526,15298238.0000,0.484272,1,0.801074,16.879975,1.895068,2.396719,-78.794600,0
2019-06-03,sh.603339,15.1900,15.1900,14.8500,14.9800,15.1000,839810,12608652.0000,0.401666,1,-0.794708,16.745829,1.880008,2.377672,-78.168418,0
2019-06-04,sh.603339,15.0600,15.0600,14.5200,14.6100,14.9800,1028140,15130113.0000,0.491740,1,-2.469959,16.332214,1.833573,2.318945,-76.237689,0
2019-06-05,sh.603339,14.7700,14.8700,14.6500,14.7200,14.6100,746565,11022231.0000,0.357068,1,0.752913,16.455181,1.847378,2.336404,-76.811690,0
2019-06-06,sh.603339,14.8000,14.8000,14.3500,14.3700,14.7200,883646,12791841.0000,0.422632,1,-2.377720,16.063923,1.803452,2.280851,-74.985325,0
2019-06-10,sh.603339,14.4000,14.8000,14.2100,14.6800,14.3700,756641,11041808.0000,0.361887,1,2.157275,16.410466,1.842358,2.330056,-76.602962,0
2019-06-11,sh.603339,14.6900,15.1200,14.6500,15.0900,14.6800,1058153,15830536.0000,0.506095,1,2.792914,16.868796,1.893813,2.395132,-78.742418,0
2019-06-12,sh.603339,15.0200,15.2000,14.9300,15.0600,15.0900,744095,11218467.0000,0.355887,1,-0.198805,16.835260,1.890048,2.390370,-78.585873,0
2019-06-13,sh.603339,15.1300,15.1700,14.9000,15.1100,15.0600,715145,10744331.0000,0.342041,1,0.332000,16.891154,1.896323,2.398306,-78.846782,0
2019-06-14,sh.603339,15.0900,15.1700,14.8000,14.8300,15.1100,621223,9309874.0000,0.297119,1,-1.853076,16.578148,1.861183,2.353864,-77.385690,0
2019-06-17,sh.603339,14.9000,15.1100,14.6300,15.0100,14.8300,860600,12815790.0000,0.411609,1,1.213758,16.779366,1.883773,2.382434,-78.324963,0
2019-06-18,sh.603339,14.9200,15.0100,14.7200,14.7800,15.0100,797311,11821647.0000,0.381339,1,-1.532315,16.522254,1.854908,2.345928,-77.124781,0
2019-06-19,sh.603339,15.0800,15.2400,15.0000,15.2300,14.7800,1581101,23909930.0000,0.756211,1,3.044654,17.019735,1.910759,2.416563,-79.446991,0
2019-06-20,sh.603339,15.1600,15.4600,14.9700,15.4600,15.2300,2400846,36638722.0000,1.148280,1,1.510181,17.276763,1.939615,2.453058,-80.646781,0
2019-06-21,sh.603339,15.4400,15.6500,15.3200,15.5800,15.4600,1974515,30627569.0000,0.944374,1,0.776196,17.410865,1.954670,2.472098,-81.272759,0
2019-06-24,sh.603339,15.5800,15.6000,15.3800,15.4500,15.5800,978712,15133730.0000,0.468100,1,-0.834404,17.265588,1.938360,2.451471,-80.594617,0
2019-06-25,sh.603339,15.4600,15.4800,15.1300,15.3000,15.4500,1028500,15708677.0000,0.491913,1,-0.970871,17.097961,1.919541,2.427670,-79.812145,0
2019-06-26,sh.603339,15.3500,15.4500,15.2100,15.3600,15.3000,742399,11416647.0000,0.355076,1,0.392153,17.165012,1.927069,2.437190,-80.125133,0
2019-06-27,sh.603339,15.3800,15.6400,15.3600,15.5000,15.3600,1250323,19406392.0000,0.598006,1,0.911461,17.321464,1.944633,2.459404,-80.855441,0
2019-06-28,sh.603339,15.4300,15.4900,15.1100,15.3800,15.5000,1083361,16587272.0000,0.518152,1,-0.774193,17.187362,1.929578,2.440364,-80.229463,0
2019-07-01,sh.603339,15.6500,15.7100,15.5500,15.6900,15.3800,1695018,26508436.0000,0.810696,1,2.015601,17.533791,1.968470,2.489552,-81.846572,0
2019-07-02,sh.603339,15.6500,15.6800,15.5300,15.5900,15.6900,1191789,18595323.0000,0.570011,1,-0.637345,17.422040,1.955924,2.473685,-81.324924,0
2019-07-03,sh.603339,15.5900,15.7500,15.4400,15.6200,15.5900,1328606,20730340.0000,0.635448,1,0.192429,17.455565,1.959688,2.478445,-81.481418,0
2019-07-04,sh.603339,15.6100,15.6100,15.1300,15.3000,15.4200,1179069,18003156.0000,0.563927,1,-0.778209,17.097961,1.919541,2.427670,-79.812145,0
2019-07-05,sh.603339,15.3000,15.4000,15.1600,15.3800,15.3000,780916,11945848.0000,0.373498,1,0.522875,17.187362,1.929578,2.440364,-80.229463,0
2019-07-08,sh.603339,15.3600,15.3600,14.7000,14.9000,15.3800,1442796,21496444.0000,0.690063,1,-3.120939,16.650955,1.869357,2.364202,-77.725553,0
2019-07-09,sh.603339,14.8800,14.8900,14.6500,14.7600,14.9000,709574,10460301.0000,0.339376,1,-0.939593,16.494504,1.851792,2.341988,-76.995245,0
2019-07-10,sh.603339,14.9100,15.3000,14.8600,14.9600,14.7600,1606375,24227715.0000,0.768299,1,1.355012,16.718006,1.876884,2.373722,-78.038541,0
2019-07-11,sh.603339,14.9200,15.1500,14.9100,15.0500,14.9600,768699,11546353.0000,0.367655,1,0.601605,16.818583,1.888176,2.388002,-78.508025,0
2019-07-12,sh.603339,14.9800,15.1300,14.7800,15.0500,15.0500,652458,9769115.0000,0.312059,1,0.000000,16.818583,1.888176,2.388002,-78.508025,0
2019-07-15,sh.603339,15.1100,15.2800,14.7400,15.2000,15.0500,993799,14962833.0000,0.475316,1,0.996675,16.986210,1.906995,2.411803,-79.290497,0
2019-07-16,sh.603339,15.2200,15.3200,15.0300,15.1200,15.2000,820207,12430659.0000,0.392290,1,-0.526315,16.896809,1.896958,2.399109,-78.873178,0
2019-07-17,sh.603339,15.0900,15.1500,14.9800,15.0200,15.1200,858126,12930755.0000,0.410426,1,-0.661372,16.785057,1.884412,2.383242,-78.351530,0
2019-07-18,sh.603339,14.9500,14.9700,14.7600,14.8000,15.0200,923855,13718435.0000,0.441863,1,-1.464715,16.539204,1.856811,2.348335,-77.203905,0
2019-07-19,sh.603339,14.8000,14.9800,14.8000,14.9000,14.8000,510500,7609564.0000,0.244163,1,0.675672,16.650955,1.869357,2.364202,-77.725553,0
2019-07-22,sh.603339,14.8800,14.8900,14.3000,14.4600,14.9000,1166618,16987176.0000,0.557972,1,-2.953017,16.159249,1.814154,2.294386,-75.430301,0
2019-07-23,sh.603339,14.4000,14.5700,14.4000,14.5700,14.4600,540700,7842034.0000,0.258607,1,0.760717,16.282176,1.827955,2.311840,-76.004114,0
2019-07-24,sh.603339,14.5200,14.8200,14.5200,14.7800,14.5700,839552,12371621.0000,0.401542,1,1.441318,16.516854,1.854302,2.345161,-77.099575,0
2019-07-25,sh.603339,14.7100,14.8600,14.7000,14.8100,14.7800,566052,8368840.0000,0.270732,1,0.202982,16.550379,1.858065,2.349921,-77.256069,0
2019-07-26,sh.603339,14.7200,14.9600,14.7200,14.8200,14.8100,577300,8570795.0000,0.276100,1,0.067500,16.561554,1.859320,2.351508,-77.308234,0
2019-07-29,sh.603339,14.7900,14.9600,14.7900,14.9600,14.8200,607900,9056121.0000,0.290747,1,0.944672,16.718006,1.876884,2.373722,-78.038541,0
2019-07-30,sh.603339,14.8900,15.0800,14.8900,15.0600,14.9600,1059633,15932323.0000,0.506800,1,0.668500,16.829758,1.889430,2.389589,-78.560189,0
2019-07-31,sh.603339,16.5700,16.5700,16.2800,16.5700,15.0600,9402480,155694582.0000,4.497000,1,10.026600,18.517204,2.078875,2.629183,-86.437074,0
2019-08-01,sh.603339,16.3800,18.0000,16.1000,17.0600,16.5700,14939663,254977943.0000,7.145400,1,2.957200,19.064785,2.140351,2.706932,-88.993149,0
2019-08-02,sh.603339,16.2600,16.8600,16.0000,16.8000,17.0600,8411444,137841969.0000,4.023000,1,-1.524000,18.774232,2.107731,2.665677,-87.636865,0
2019-08-05,sh.603339,16.4400,16.7300,16.0500,16.1500,16.8000,5801859,95102812.0000,2.774900,1,-3.869000,18.047848,2.026182,2.562541,-84.246153,0
2019-08-06,sh.603339,15.6600,15.9900,15.3600,15.9000,16.1500,4952188,78073642.0000,2.368500,1,-1.548000,17.768469,1.994817,2.522873,-82.942033,0
2019-08-07,sh.603339,15.9100,15.9500,15.3000,15.3000,15.9000,3968364,61746084.0000,1.898000,1,-3.773600,17.097961,1.919541,2.427670,-79.812145,0
2019-08-08,sh.603339,15.3000,15.6200,15.2500,15.4100,15.3000,2950500,45588770.0000,1.411200,1,0.719000,17.220888,1.933342,2.445124,-80.385957,0
2019-08-09,sh.603339,15.4500,15.8800,15.3100,15.8200,15.4100,4579485,71659546.0000,2.190300,1,2.660600,17.679068,1.984780,2.510179,-82.524714,0
2019-08-12,sh.603339,15.6500,15.8000,15.1200,15.7200,15.8200,4690419,72737899.0000,2.243300,1,-0.632100,17.567317,1.972234,2.494312,-82.003066,0
2019-08-13,sh.603339,15.4500,15.9700,15.3200,15.7800,15.7200,4193755,65589369.0000,2.005800,1,0.381700,17.634368,1.979762,2.503832,-82.316055,0
2019-08-14,sh.603339,15.9200,16.5000,15.8000,16.4000,15.7800,6277352,101413361.0000,3.002300,1,3.929000,18.327226,2.057547,2.602209,-85.550273,0
2019-08-15,sh.603339,15.9400,16.3500,15.8200,16.2700,16.4000,4454379,71635604.0000,2.130400,1,-0.792700,18.181949,2.041237,2.581581,-84.872130,0
2019-08-16,sh.603339,16.1600,16.6500,16.0400,16.0500,16.2700,4665298,76109281.0000,2.231300,1,-1.352200,17.936096,2.013636,2.546674,-83.724505,0
2019-08-19,sh.603339,16.0500,16.2800,15.9000,16.2700,16.0500,4518848,72838962.0000,2.161300,1,1.370700,18.181949,2.041237,2.581581,-84.872130,0
2019-08-20,sh.603339,16.1900,16.6300,16.1500,16.3600,16.2700,4685008,76897583.0000,2.240800,1,0.553200,18.282526,2.052529,2.595862,-85.341613,0
2019-08-21,sh.603339,16.2300,16.4500,16.1100,16.1400,16.3600,2386365,38681960.0000,1.141400,1,-1.344800,18.036673,2.024927,2.560954,-84.193988,0
2019-08-22,sh.603339,16.1300,16.2500,15.8400,15.9100,16.1400,2882400,46097563.0000,1.378600,1,-1.425000,17.779644,1.996072,2.524460,-82.994197,0
2019-08-23,sh.603339,15.9100,16.1500,15.6100,16.1000,15.9100,3123899,49702650.0000,1.494100,1,1.194200,17.991972,2.019909,2.554607,-83.985329,0
2019-08-26,sh.603339,15.7600,15.9100,15.6400,15.8100,16.1000,2123562,33536901.0000,1.015700,1,-1.801200,17.667893,1.983526,2.508593,-82.472549,0
2019-08-27,sh.603339,15.9000,16.2200,15.8400,16.1300,15.8100,2387462,38298598.0000,1.141900,1,2.024000,18.025497,2.023673,2.559367,-84.141823,0
2019-08-28,sh.603339,15.7700,15.8700,15.1700,15.2500,16.1300,6225906,96181559.0000,2.977700,1,-5.455700,19.362560,1.900583,2.417251,-532.858574,0
2019-08-29,sh.603339,15.1500,15.3600,15.1200,15.1200,15.2500,2125787,32323499.0000,1.016700,1,-0.852500,19.197502,1.884382,2.396645,-528.316173,0
2019-08-30,sh.603339,15.1200,15.2500,14.6600,14.6800,15.1200,3055433,45595692.0000,1.461400,1,-2.910100,18.638844,1.829545,2.326901,-512.941893,0
2019-09-02,sh.603339,14.7100,14.9300,14.6300,14.9300,14.6800,1981312,29392993.0000,0.947600,1,1.703000,18.956264,1.860702,2.366528,-521.677279,0
2019-09-03,sh.603339,14.8800,15.0400,14.8100,14.9900,14.9300,1801700,26853903.0000,0.861700,1,0.401900,19.032444,1.868180,2.376039,-523.773772,0
2019-09-04,sh.603339,14.9500,15.1500,14.8200,15.1400,14.9900,2547514,38267472.0000,1.218400,1,1.000700,19.222895,1.886874,2.399815,-529.015004,0
2019-09-05,sh.603339,15.2200,15.3000,15.0500,15.1800,15.1400,3152000,47825211.0000,1.507500,1,0.264200,19.273683,1.891859,2.406155,-530.412666,0
2019-09-06,sh.603339,15.2000,15.2500,15.0900,15.1800,15.1800,1617000,24531347.0000,0.773400,1,0.000000,19.273683,1.891859,2.406155,-530.412666,0
2019-09-09,sh.603339,15.3100,15.3900,15.1800,15.3700,15.1800,2474183,37878263.0000,1.183400,1,1.251600,19.514921,1.915539,2.436272,-537.051559,0
2019-09-10,sh.603339,15.3500,15.4500,15.3000,15.3900,15.3700,2031021,31222775.0000,0.971400,1,0.130100,19.540314,1.918031,2.439442,-537.750390,0
2019-09-11,sh.603339,15.4500,15.5300,15.3300,15.3800,15.3900,1667062,25728040.0000,0.797300,1,-0.065000,19.527618,1.916785,2.437857,-537.400975,0
2019-09-12,sh.603339,15.3900,15.4600,15.3000,15.3700,15.3800,1468675,22546984.0000,0.702400,1,-0.065000,19.514921,1.915539,2.436272,-537.051559,0
2019-09-16,sh.603339,15.3900,15.4400,15.2900,15.2900,15.3700,1527900,23474610.0000,0.730800,1,-0.520500,19.413347,1.905569,2.423591,-534.256236,0
2019-09-17,sh.603339,15.2700,15.3200,14.8500,14.9100,15.2900,1726100,25958546.0000,0.825600,1,-2.485300,18.930870,1.858210,2.363358,-520.978448,0
2019-09-18,sh.603339,14.8900,15.0100,14.8900,14.9400,14.9100,1095000,16379145.0000,0.523700,1,0.201200,18.968960,1.861949,2.368113,-522.026695,0
2019-09-19,sh.603339,14.9500,15.1100,14.8100,15.1100,14.9400,1143100,17155322.0000,0.546700,1,1.137900,19.184805,1.883135,2.395060,-527.966757,0
2019-09-20,sh.603339,15.1700,15.3100,15.0900,15.2800,15.1100,1788400,27208721.0000,0.855400,1,1.125100,19.400650,1.904322,2.422006,-533.906820,0
2019-09-23,sh.603339,15.2500,15.2500,14.9000,15.0600,15.2800,1146962,17196135.0000,0.548600,1,-1.439800,19.121321,1.876904,2.387134,-526.219680,0
2019-09-24,sh.603339,15.0800,15.1300,14.9500,14.9800,15.0600,907325,13629701.0000,0.434000,1,-0.531200,19.019747,1.866934,2.374454,-523.424356,0
2019-09-25,sh.603339,14.9900,14.9900,14.7800,14.8700,14.9800,999021,14836197.0000,0.477800,1,-0.734300,18.880083,1.853225,2.357018,-519.580786,0
2019-09-26,sh.603339,14.8700,14.9600,14.5000,14.5500,14.8700,1454048,21315681.0000,0.695400,1,-2.152000,18.473787,1.813344,2.306295,-508.399492,0
2019-09-27,sh.603339,14.5900,14.7200,14.5100,14.7200,14.5500,1017122,14859524.0000,0.486500,1,1.168400,18.689632,1.834530,2.333242,-514.339555,0
2019-09-30,sh.603339,14.6700,14.7500,14.6000,14.6400,14.7200,761500,11174503.0000,0.364200,1,-0.543500,18.588057,1.824560,2.320561,-511.544231,0
2019-10-08,sh.603339,14.6100,14.8500,14.6000,14.7800,14.6400,1089400,16024783.0000,0.521000,1,0.956300,18.765812,1.842008,2.342752,-516.436047,0
2019-10-09,sh.603339,14.6800,14.8800,14.6600,14.8600,14.7800,775440,11451338.0000,0.370900,1,0.541300,18.867386,1.851978,2.355433,-519.231371,0
2019-10-10,sh.603339,14.8600,14.9700,14.7600,14.9200,14.8600,850730,12675570.0000,0.406900,1,0.403800,18.943567,1.859456,2.364943,-521.327864,0
2019-10-11,sh.603339,14.9200,14.9900,14.8100,14.9000,14.9200,635445,9468452.0000,0.303900,1,-0.134100,18.918173,1.856964,2.361773,-520.629033,0
2019-10-14,sh.603339,14.9800,15.1600,14.9800,15.0900,14.9000,1578777,23816232.0000,0.755100,1,1.275200,19.159412,1.880643,2.391890,-527.267926,0
2019-10-15,sh.603339,15.0400,15.0500,14.8300,14.8400,15.0900,899874,13405736.0000,0.430400,1,-1.656700,18.841993,1.849486,2.352263,-518.532540,0
2019-10-16,sh.603339,14.8600,14.9500,14.6800,14.7100,14.8400,607800,8997224.0000,0.290700,1,-0.876000,18.676935,1.833284,2.331657,-513.990139,0
2019-10-17,sh.603339,14.6500,14.7800,14.6100,14.6800,14.7100,495400,7279122.0000,0.236900,1,-0.203900,18.638844,1.829545,2.326901,-512.941893,0
2019-10-18,sh.603339,14.6800,14.7200,14.4000,14.4800,14.6800,841570,12277735.0000,0.402500,1,-1.362400,18.384909,1.804620,2.295200,-505.953584,0
2019-10-21,sh.603339,14.4900,14.5900,14.3900,14.5800,14.4800,492434,7125752.0000,0.235500,1,0.690600,18.511877,1.817082,2.311050,-509.447738,0
2019-10-22,sh.603339,14.5700,14.6000,14.4000,14.5400,14.5800,1016662,14730011.0000,0.486300,1,-0.274300,18.461090,1.812097,2.304710,-508.050076,0
2019-10-23,sh.603339,14.5400,14.6000,14.4000,14.4500,14.5400,700700,10151253.0000,0.335100,1,-0.619000,18.346819,1.800881,2.290444,-504.905337,0
2019-10-24,sh.603339,14.4800,14.4800,14.3600,14.4600,14.4500,447252,6452721.0000,0.213900,1,0.069200,18.359516,1.802127,2.292029,-505.254753,0
2019-10-25,sh.603339,14.4600,14.4900,14.3100,14.4700,14.4600,713900,10280442.0000,0.341400,1,0.069200,18.372213,1.803373,2.293615,-505.604168,0
2019-10-28,sh.603339,14.4900,14.6700,14.4900,14.6600,14.4700,942540,13765867.0000,0.450800,1,1.313100,18.613451,1.827053,2.323731,-512.243062,0
2019-10-29,sh.603339,14.6700,14.6800,14.5000,14.5000,14.6600,690400,10058173.0000,0.330200,1,-1.091400,18.410303,1.807112,2.298370,-506.652414,0
2019-10-30,sh.603339,14.2800,14.3200,13.8500,13.9000,14.5000,1781814,24999756.0000,0.852200,1,-4.137900,22.336050,1.703820,2.347175,11.111544,0
2019-10-31,sh.603339,13.9000,13.9400,13.6800,13.7200,13.9000,711497,9819429.0000,0.340300,1,-1.295000,22.046806,1.681756,2.316780,10.967653,0
2019-11-01,sh.603339,13.6500,13.8600,13.6500,13.8500,13.7200,564947,7782003.0000,0.270200,1,0.947500,22.255705,1.697691,2.338732,11.071574,0
2019-11-04,sh.603339,13.8500,13.9700,13.8200,13.8500,13.8500,592725,8236967.0000,0.283500,1,0.000000,22.255705,1.697691,2.338732,11.071574,0
2019-11-05,sh.603339,13.8600,13.9500,13.7400,13.7600,13.8500,613415,8484739.0000,0.293400,1,-0.649800,22.111083,1.686660,2.323535,10.999629,0
2019-11-06,sh.603339,13.7700,13.8300,13.6800,13.7100,13.7600,610865,8384770.0000,0.292200,1,-0.363400,22.030737,1.680531,2.315092,10.959659,0
2019-11-07,sh.603339,13.7100,13.7300,13.6400,13.7200,13.7100,674000,9237354.0000,0.322400,1,0.072900,22.046806,1.681756,2.316780,10.967653,0
2019-11-08,sh.603339,13.8000,13.9200,13.7800,13.8200,13.7200,742400,10277945.0000,0.355100,1,0.728900,22.207497,1.694014,2.333666,11.047593,0
2019-11-11,sh.603339,13.8400,13.8400,13.4000,13.4100,13.8200,1000400,13507838.0000,0.478500,1,-2.966700,21.548664,1.643758,2.264433,10.719842,0
2019-11-12,sh.603339,13.4100,13.5000,13.2300,13.3100,13.4100,673100,8958202.0000,0.321900,1,-0.745700,21.387973,1.631500,2.247547,10.639903,0
2019-11-13,sh.603339,13.3100,13.3100,13.0400,13.0800,13.3100,1173648,15396008.0000,0.561300,1,-1.728000,21.018384,1.603307,2.208709,10.456043,0
2019-11-14,sh.603339,13.0800,13.1500,13.0200,13.0500,13.0800,761700,9950407.0000,0.364300,1,-0.229400,20.970176,1.599630,2.203643,10.432061,0
2019-11-15,sh.603339,13.0500,13.0900,12.8400,12.8500,13.0500,816400,10591507.0000,0.390500,1,-1.532600,20.648794,1.575114,2.169871,10.272183,0
2019-11-18,sh.603339,12.8600,12.9200,12.7500,12.8900,12.8500,756500,9732631.0000,0.361800,1,0.311300,20.713071,1.580018,2.176625,10.304158,0
2019-11-19,sh.603339,12.8900,13.1000,12.8500,13.0900,12.8900,716788,9334185.0000,0.342800,1,1.551600,21.034453,1.604533,2.210397,10.464037,0
2019-11-20,sh.603339,13.0900,13.1300,12.9500,12.9600,13.0900,453130,5896217.0000,0.216700,1,-0.993100,20.825555,1.588598,2.188445,10.360116,0
2019-11-21,sh.603339,12.9500,12.9500,12.7400,12.8300,12.9600,778121,9979265.0000,0.372200,1,-1.003100,20.616656,1.572663,2.166493,10.256195,0
2019-11-22,sh.603339,12.7900,12.9500,12.7600,12.9000,12.8300,1042280,13410740.0000,0.498500,1,0.545600,20.729140,1.581243,2.178314,10.312152,0
2019-11-25,sh.603339,12.8700,12.9200,12.7000,12.9000,12.9000,749015,9631981.0000,0.358200,1,0.000000,20.729140,1.581243,2.178314,10.312152,0
2019-11-26,sh.603339,12.9000,12.9600,12.8300,12.8800,12.9000,606175,7809262.0000,0.289900,1,-0.155000,20.697002,1.578792,2.174936,10.296164,0
2019-11-27,sh.603339,12.8900,13.2400,12.8500,13.1300,12.8800,1772475,23293738.0000,0.847700,1,1.941000,21.098729,1.609436,2.217152,10.496012,0
2019-11-28,sh.603339,13.1000,13.1000,12.9300,12.9500,13.1300,1112423,14450205.0000,0.532100,1,-1.370900,20.809485,1.587372,2.186757,10.352122,0
2019-11-29,sh.603339,12.9400,13.0800,12.8400,12.9500,12.9500,701300,9060769.0000,0.335400,1,0.000000,20.809485,1.587372,2.186757,10.352122,0
2019-12-02,sh.603339,13.2500,13.4400,13.0400,13.0600,12.9500,1190377,15733076.0000,0.569300,1,0.849400,20.986246,1.600856,2.205332,10.440055,0
2019-12-03,sh.603339,12.8800,12.9700,12.7200,12.9400,13.0600,1026834,13174796.0000,0.491100,1,-0.918800,20.793416,1.586146,2.185068,10.344128,0
2019-12-04,sh.603339,12.8100,12.9800,12.7800,12.9800,12.9400,948100,12231018.0000,0.453500,1,0.309100,20.857693,1.591049,2.191823,10.376104,0
2019-12-05,sh.603339,12.9700,13.0900,12.9300,13.0600,12.9800,941300,12270013.0000,0.450200,1,0.616300,20.986246,1.600856,2.205332,10.440055,0
2019-12-06,sh.603339,13.0800,13.1900,13.0300,13.1800,13.0600,996200,13076954.0000,0.476500,1,0.918800,21.179075,1.615565,2.225595,10.535982,0
2019-12-09,sh.603339,13.1800,13.2500,13.0700,13.1100,13.1800,657800,8630976.0000,0.314600,1,-0.531100,21.066591,1.606984,2.213775,10.480024,0
2019-12-10,sh.603339,13.1100,13.1700,13.0800,13.1500,13.1100,607600,7972084.0000,0.290600,1,0.305100,21.130867,1.611888,2.220529,10.512000,0
2019-12-11,sh.603339,13.1500,13.1600,13.0200,13.1400,13.1500,888000,11616109.0000,0.424700,1,-0.076000,21.114798,1.610662,2.218840,10.504006,0
2019-12-12,sh.603339,13.1500,13.5500,13.1400,13.2700,13.1400,1209344,16023414.0000,0.578400,1,0.989300,21.323697,1.626597,2.240792,10.607927,0
2019-12-13,sh.603339,13.4000,13.5600,13.2700,13.3800,13.2700,1889000,25317687.0000,0.903500,1,0.828900,21.500457,1.640080,2.259367,10.695860,0
2019-12-16,sh.603339,13.5900,13.5900,13.4000,13.4800,13.3800,1748000,23596733.0000,0.836000,1,0.747400,21.661148,1.652338,2.276253,10.775799,0
2019-12-17,sh.603339,13.4600,13.6400,13.3600,13.6100,13.4800,2109500,28556483.0000,1.008900,1,0.964400,21.870046,1.668273,2.298205,10.879720,0
2019-12-18,sh.603339,13.5400,13.7700,13.5400,13.6600,13.6100,1573200,21508402.0000,0.752400,1,0.367400,21.950392,1.674402,2.306648,10.919690,0
2019-12-19,sh.603339,13.7000,13.7300,13.5900,13.7100,13.6600,913500,12489719.0000,0.436900,1,0.366000,22.030737,1.680531,2.315092,10.959659,0
2019-12-20,sh.603339,13.7100,13.7500,13.5300,13.5500,13.7100,937613,12771609.0000,0.448400,1,-1.167000,21.773632,1.660918,2.288074,10.831757,0
2019-12-23,sh.603339,13.5700,13.6500,13.2600,13.2600,13.5500,1179700,15825800.0000,0.564200,1,-2.140200,21.307628,1.625371,2.239104,10.599933,0
2019-12-24,sh.603339,13.2500,13.4300,13.2300,13.4000,13.2600,801700,10699656.0000,0.383400,1,1.055800,21.532595,1.642532,2.262744,10.711848,0
2019-12-25,sh.603339,13.3200,13.4500,13.3200,13.3500,13.4000,749200,10031129.0000,0.358300,1,-0.373100,21.452249,1.636403,2.254301,10.671878,0
2019-12-26,sh.603339,13.4800,13.5400,13.3500,13.5100,13.3500,926477,12476793.0000,0.443100,1,1.198500,21.709355,1.656015,2.281319,10.799781,0
2019-12-27,sh.603339,13.5300,13.6200,13.4300,13.4400,13.5100,1033700,13993368.0000,0.494400,1,-0.518100,21.596871,1.647435,2.269499,10.743824,0
2019-12-30,sh.603339,13.2900,13.4300,13.0500,13.4000,13.4400,1171097,15567063.0000,0.560100,1,-0.297600,21.532595,1.642532,2.262744,10.711848,0
2019-12-31,sh.603339,13.3900,13.5900,13.3900,13.5600,13.4000,965444,13044446.0000,0.461800,1,1.194000,21.789701,1.662144,2.289762,10.839751,0
2020-01-02,sh.603339,13.5900,13.7600,13.5000,13.7100,13.5600,1414890,19370820.0000,0.676700,1,1.106200,22.030737,1.680531,2.315092,10.959659,0
2020-01-03,sh.603339,13.7800,13.8100,13.6600,13.7200,13.7100,1067734,14662385.0000,0.510700,1,0.072900,22.046806,1.681756,2.316780,10.967653,0
2020-01-06,sh.603339,13.6000,13.9300,13.6000,13.8400,13.7200,1421300,19592950.0000,0.679800,1,0.874600,22.239635,1.696466,2.337044,11.063580,0
2020-01-07,sh.603339,13.8900,14.0500,13.8000,13.9900,13.8400,1485312,20704639.0000,0.710400,1,1.083800,22.480672,1.714852,2.362373,11.183489,0
2020-01-08,sh.603339,13.9500,14.0000,13.6800,13.7200,13.9900,1560311,21553627.0000,0.746300,1,-1.929900,22.046806,1.681756,2.316780,10.967653,0
2020-01-09,sh.603339,13.7700,13.9200,13.6800,13.8600,13.7200,1386036,19130432.0000,0.662900,1,1.020400,22.271774,1.698917,2.340421,11.079568,0
2020-01-10,sh.603339,13.8200,13.9700,13.7100,13.9600,13.8600,1260300,17427863.0000,0.602800,1,0.721500,22.432465,1.711175,2.357307,11.159507,0
2020-01-13,sh.603339,13.9000,13.9200,13.7800,13.9200,13.9600,1042947,14439995.0000,0.498800,1,-0.286500,22.368188,1.706272,2.350552,11.127532,0
2020-01-14,sh.603339,13.9300,14.1700,13.8500,14.0200,13.9200,1894536,26593441.0000,0.906100,1,0.718400,22.528879,1.718530,2.367439,11.207471,0
2020-01-15,sh.603339,13.9800,14.1000,13.7700,13.8100,14.0200,1215840,16867617.0000,0.581500,1,-1.497900,22.191428,1.692788,2.331978,11.039599,0
2020-01-16,sh.603339,13.8300,13.9600,13.7000,13.7700,13.8100,1135515,15676320.0000,0.543100,1,-0.289600,22.127152,1.687885,2.325223,11.007623,0
2020-01-17,sh.603339,13.7100,13.8200,13.6800,13.7700,13.7700,799130,10989983.0000,0.382200,1,0.000000,22.127152,1.687885,2.325223,11.007623,0
2020-01-20,sh.603339,13.7300,13.8600,13.6600,13.8200,13.7700,829348,11401971.0000,0.396700,1,0.363100,22.207497,1.694014,2.333666,11.047593,0
2020-01-21,sh.603339,13.8000,13.8100,13.5700,13.5900,13.8200,1023900,13964518.0000,0.489700,1,-1.664300,21.837908,1.665821,2.294828,10.863732,0
2020-01-22,sh.603339,13.6500,13.6500,13.3300,13.4500,13.5900,1225558,16454749.0000,0.586200,1,-1.030200,21.612941,1.648661,2.271188,10.751818,0
2020-01-23,sh.603339,13.4200,13.4200,12.8100,12.8900,13.4500,2085456,27227191.0000,0.997400,1,-4.163600,20.713071,1.580018,2.176625,10.304158,0
2020-02-03,sh.603339,11.6000,11.7500,11.6000,11.6000,12.8900,1483900,17217327.0000,0.709700,1,-10.007800,18.640157,1.421893,1.958794,9.272943,0
2020-02-04,sh.603339,11.0200,11.5600,11.0200,11.4500,11.6000,1878707,21415121.0000,0.898600,1,-1.293100,18.399120,1.403507,1.933464,9.153034,0
2020-02-05,sh.603339,11.5200,11.7500,11.4500,11.6300,11.4500,1575300,18350124.0000,0.753400,1,1.572100,18.688364,1.425571,1.963860,9.296925,0
2020-02-06,sh.603339,11.9700,12.0800,11.7700,12.0300,11.6300,2336100,27884380.0000,1.117300,1,3.439400,19.331128,1.474601,2.031404,9.616681,0
2020-02-07,sh.603339,12.0900,12.1000,11.8500,12.0600,12.0300,1671243,20041264.0000,0.799300,1,0.249400,19.379335,1.478279,2.036470,9.640663,0
2020-02-10,sh.603339,12.0000,12.6600,11.9400,12.5700,12.0600,2482955,30849139.0000,1.187600,1,4.228800,20.198860,1.540793,2.122589,10.048353,0
2020-02-11,sh.603339,12.4000,12.5900,12.2400,12.3200,12.5700,1481366,18419648.0000,0.708500,1,-1.988900,19.797132,1.510149,2.080374,9.848505,0
2020-02-12,sh.603339,12.4200,12.4300,12.1900,12.4200,12.3200,1380400,17054803.0000,0.660200,1,0.811700,19.957823,1.522406,2.097260,9.928444,0
2020-02-13,sh.603339,12.3600,12.4800,12.1400,12.2000,12.4200,1231600,15094091.0000,0.589100,1,-1.771300,19.604303,1.495439,2.060111,9.752578,0
2020-02-14,sh.603339,12.1500,12.4000,12.1400,12.1700,12.2000,992400,12136441.0000,0.474600,1,-0.245900,19.556096,1.491762,2.055045,9.728596,0
2020-02-17,sh.603339,12.1900,12.5500,12.1900,12.5500,12.1700,1943894,24117592.0000,0.929700,1,3.122400,20.166721,1.538341,2.119212,10.032365,0
2020-02-18,sh.603339,12.5500,12.7500,12.4700,12.7400,12.5500,1612018,20341477.0000,0.771000,1,1.513900,20.472034,1.561631,2.151296,10.184250,0
2020-02-19,sh.603339,12.7000,12.8600,12.6100,12.6500,12.7400,1458600,18553752.0000,0.697600,1,-0.706400,20.472034,1.561631,2.151296,10.184250,0
2020-02-20,sh.603339,12.6900,12.8900,12.6200,12.8600,12.6500,1953325,24986561.0000,0.934200,1,1.660100,20.664864,1.576340,2.171559,10.280177,0
2020-02-21,sh.603339,12.8500,13.0400,12.7600,12.8700,12.8600,2145034,27681984.0000,1.025900,1,0.077800,20.680933,1.577566,2.173248,10.288170,0
2020-02-24,sh.603339,12.8000,13.1300,12.6600,12.9700,12.8700,2762338,35483602.0000,1.321200,1,0.777000,20.841624,1.589824,2.190134,10.368110,0
2020-02-25,sh.603339,12.7500,12.9600,12.6000,12.8900,12.9700,2372034,30383486.0000,1.134500,1,-0.616800,20.713071,1.580018,2.176625,10.304158,0
2020-02-26,sh.603339,12.7500,13.1000,12.6200,12.8800,12.8900,2284252,29508031.0000,1.092500,1,-0.077600,20.697002,1.578792,2.174936,10.296164,0
2020-02-27,sh.603339,12.7600,13.3500,12.7600,13.3100,12.8800,3748291,49343108.0000,1.792700,1,3.338500,21.387973,1.631500,2.247547,10.639903,0
2020-02-28,sh.603339,13.0000,13.1800,12.6700,12.7100,13.3100,2572071,33100844.0000,1.230200,1,-4.507900,20.423827,1.557954,2.146230,10.160268,0
2020-03-02,sh.603339,12.7100,13.2800,12.7100,13.1500,12.7100,2094912,27325981.0000,1.002000,1,3.461800,21.130867,1.611888,2.220529,10.512000,0
2020-03-03,sh.603339,13.1800,13.4100,13.0000,13.0500,13.1500,2800315,37054752.0000,1.339300,1,-0.760500,20.970176,1.599630,2.203643,10.432061,0
2020-03-04,sh.603339,12.9700,13.2200,12.8600,13.1900,13.0500,1510200,19718376.0000,0.722300,1,1.072800,21.195144,1.616791,2.227284,10.543976,0
2020-03-05,sh.603339,13.3100,13.4900,13.2000,13.3600,13.1900,2357846,31530786.0000,1.127700,1,1.288900,21.468319,1.637629,2.255990,10.679872,0
2020-03-06,sh.603339,13.3100,13.9000,13.1200,13.6900,13.3600,4330314,59038415.0000,2.071100,1,2.470100,21.998599,1.678079,2.311714,10.943672,0
2020-03-09,sh.603339,13.3500,13.8300,13.1800,13.2000,13.6900,3120135,42046421.0000,1.492300,1,-3.579300,21.211213,1.618016,2.228972,10.551970,0
2020-03-10,sh.603339,13.1100,13.4000,12.8200,13.3700,13.2000,2897736,38060642.0000,1.385900,1,1.287900,21.484388,1.638855,2.257679,10.687866,0
2020-03-11,sh.603339,13.4200,13.6300,13.2100,13.2100,13.3700,2134835,28622585.0000,1.021100,1,-1.196700,21.227282,1.619242,2.230661,10.559964,0
2020-03-12,sh.603339,13.2600,13.2600,12.7000,12.7600,13.2100,2021712,26010426.0000,0.966900,1,-3.406500,20.504173,1.564083,2.154673,10.200237,0
2020-03-13,sh.603339,12.1300,12.4900,12.0800,12.4000,12.7600,2066152,25289423.0000,0.988200,1,-2.821300,19.925685,1.519955,2.093883,9.912456,0
2020-03-16,sh.603339,12.4700,12.6000,11.9300,11.9400,12.4000,1535260,18864357.0000,0.734300,1,-3.709700,19.186506,1.463569,2.016207,9.544736,0
2020-03-17,sh.603339,11.9600,12.1300,11.7000,11.9900,11.9400,1014731,12064090.0000,0.485300,1,0.418800,19.266852,1.469698,2.024650,9.584706,0
2020-03-18,sh.603339,12.0800,12.2000,11.7700,11.7800,11.9900,1081820,13039220.0000,0.517400,1,-1.751500,18.929401,1.443957,1.989189,9.416834,0
2020-03-19,sh.603339,11.8100,12.1200,11.6200,12.0500,11.7800,1232544,14589680.0000,0.589500,1,2.292000,19.363266,1.477053,2.034781,9.632669,0
2020-03-20,sh.603339,12.0000,12.1800,11.9900,12.1700,12.0500,876130,10594185.0000,0.419000,1,0.995800,19.556096,1.491762,2.055045,9.728596,0
2020-03-23,sh.603339,11.7000,12.1600,11.6300,11.9000,12.1700,950594,11335874.0000,0.454700,1,-2.218600,19.122230,1.458666,2.009452,9.512761,0
2020-03-24,sh.603339,12.0800,12.1800,11.9400,12.1700,11.9000,867519,10491428.0000,0.414900,1,2.268900,19.556096,1.491762,2.055045,9.728596,0
2020-03-25,sh.603339,12.3000,12.3800,12.2500,12.3300,12.1700,1025152,12626782.0000,0.490300,1,1.314700,19.813201,1.511374,2.082063,9.856499,0
2020-03-26,sh.603339,12.3300,12.4000,12.2100,12.3100,12.3300,921320,11340231.0000,0.440700,1,-0.162200,19.781063,1.508923,2.078685,9.840511,0
2020-03-27,sh.603339,12.4000,12.4000,12.1200,12.1700,12.3100,1075797,13206518.0000,0.514500,1,-1.137300,19.556096,1.491762,2.055045,9.728596,0
2020-03-30,sh.603339,11.6800,12.0100,11.6500,11.7600,12.1700,1019905,12012537.0000,0.487800,1,-3.368900,18.897262,1.441506,1.985812,9.400846,0
2020-03-31,sh.603339,11.8000,11.9300,11.7200,11.7400,11.7600,711494,8408075.0000,0.340300,1,-0.170100,18.865124,1.439054,1.982434,9.384858,0
2020-04-01,sh.603339,11.7000,11.8400,11.5600,11.6000,11.7400,828965,9707214.0000,0.396500,1,-1.192500,18.640157,1.421893,1.958794,9.272943,0
2020-04-02,sh.603339,11.5600,11.7600,11.4500,11.7600,11.6000,673262,7814042.0000,0.322000,1,1.379300,18.897262,1.441506,1.985812,9.400846,0
2020-04-03,sh.603339,11.8300,11.9400,11.7400,11.8200,11.7600,924413,10936729.0000,0.442100,1,0.510200,18.993677,1.448860,1.995943,9.448809,0
2020-04-07,sh.603339,11.9600,12.1600,11.8800,12.1600,11.8200,1364513,16456341.0000,0.652600,1,2.876500,19.540027,1.490536,2.053356,9.720602,0
2020-04-08,sh.603339,12.1600,12.3000,12.0500,12.2800,12.1600,994294,12122268.0000,0.475600,1,0.986800,19.732856,1.505246,2.073620,9.816529,0
2020-04-09,sh.603339,12.3200,12.3800,12.1900,12.2700,12.2800,848802,10418795.0000,0.406000,1,-0.081400,19.716787,1.504020,2.071931,9.808535,0
2020-04-10,sh.603339,12.2500,12.3500,12.0600,12.0900,12.2700,738346,8968077.0000,0.353100,1,-1.467000,19.427543,1.481956,2.041536,9.664645,0
2020-04-13,sh.603339,11.9600,12.0500,11.8600,11.9100,12.0900,740100,8837263.0000,0.354000,1,-1.488800,19.138299,1.459892,2.011141,9.520754,0
2020-04-14,sh.603339,11.9700,12.5800,11.9500,12.2400,11.9100,1861202,22851478.0000,0.890200,1,2.770800,19.668579,1.500342,2.066865,9.784554,0
2020-04-15,sh.603339,12.1700,12.2600,12.0200,12.0400,12.2400,1032200,12522587.0000,0.493700,1,-1.634000,19.347197,1.475827,2.033093,9.624675,0
2020-04-16,sh.603339,12.3500,13.2400,12.3400,12.6800,12.0400,4940626,62971228.0000,2.363000,1,5.315600,20.633816,1.530511,2.272913,8.851920,0
2020-04-17,sh.603339,12.5500,12.9700,12.5500,12.7200,12.6800,3430706,43687339.0000,1.640800,1,0.315500,20.698907,1.535339,2.280083,8.879844,0
2020-04-20,sh.603339,12.7200,12.9400,12.5900,12.9200,12.7200,2670779,34200516.0000,1.277400,1,1.572300,21.024361,1.559480,2.315934,9.019464,0
2020-04-21,sh.603339,12.9700,13.4800,12.9500,13.2900,12.9200,4383120,58077752.0000,2.096400,1,2.863800,21.626452,1.604140,2.382257,9.277761,0
2020-04-22,sh.603339,13.1800,13.7900,13.0400,13.5900,13.2900,4218002,56744974.0000,2.017400,1,2.257300,22.114634,1.640351,2.436033,9.487192,0
2020-04-23,sh.603339,13.4500,13.4700,13.2200,13.2600,13.5900,3435261,45864510.0000,1.643000,1,-2.428300,24.129298,1.581526,2.661194,346.406103,0
2020-04-24,sh.603339,13.4600,13.6800,13.2600,13.3600,13.2600,3943547,53089453.0000,1.886100,1,0.754100,24.311269,1.593453,2.681264,349.018517,0
2020-04-27,sh.603339,13.3000,13.4800,13.1200,13.2800,13.3600,2665384,35378068.0000,1.274800,1,-0.598800,24.165692,1.583912,2.665208,346.928585,0
2020-04-28,sh.603339,13.2300,13.2700,12.4000,13.0200,13.2800,2388028,30774501.0000,1.142100,1,-1.957800,23.692569,1.552901,2.613028,340.136309,0
2020-04-29,sh.603339,13.1000,13.4100,12.9000,13.4000,13.0200,2388188,31552565.0000,1.142200,1,2.918600,24.384057,1.598224,2.689291,350.063482,0
2020-04-30,sh.603339,13.4000,13.5900,13.2900,13.5000,13.4000,2466432,33128773.0000,1.179600,1,0.746300,24.566028,1.610151,2.709361,352.675896,0
2020-05-06,sh.603339,13.4800,13.6600,13.3500,13.4600,13.5000,2105639,28326305.0000,1.007100,1,-0.296300,24.493239,1.605380,2.701333,351.630931,0
2020-05-07,sh.603339,13.4100,13.4700,13.1500,13.2100,13.4600,1892733,25147864.0000,0.905300,1,-1.857400,24.038313,1.575563,2.651160,345.099896,0
2020-05-08,sh.603339,13.2700,13.8100,13.2100,13.6800,13.2100,3328722,45226056.0000,1.592100,1,3.557900,24.893575,1.631620,2.745486,357.378242,0
2020-05-11,sh.603339,13.7000,13.8000,13.5400,13.6800,13.6800,1805012,24682146.0000,0.863300,1,0.000000,24.893575,1.631620,2.745486,357.378242,0
2020-05-12,sh.603339,13.6600,13.6600,13.3500,13.5200,13.6800,1655223,22344546.0000,0.791700,1,-1.169600,24.602422,1.612537,2.713375,353.198379,0
2020-05-13,sh.603339,13.4800,13.6700,13.3800,13.6700,13.5200,1452100,19687171.0000,0.694500,1,1.109500,24.875377,1.630427,2.743479,357.117000,0
2020-05-14,sh.603339,13.5500,13.8500,13.4700,13.5900,13.6700,1580477,21530755.0000,0.755900,1,-0.585200,24.729801,1.620886,2.727423,355.027069,0
2020-05-15,sh.603339,13.5800,13.9500,13.5800,13.8900,13.5900,2199300,30306472.0000,1.051900,1,2.207500,25.275713,1.656667,2.787631,362.864311,0
2020-05-18,sh.603339,13.8700,13.9400,13.6700,13.7500,13.8900,1668300,22990189.0000,0.797900,1,-1.007900,25.020954,1.639969,2.759534,359.206932,0
2020-05-19,sh.603339,13.7600,14.2900,13.7200,14.2100,13.7500,3496879,49227473.0000,1.672500,1,3.345500,25.858019,1.694833,2.851853,371.224036,0
2020-05-20,sh.603339,14.2000,14.3800,14.0100,14.3200,14.2100,2834538,40158473.0000,1.355700,1,0.774100,26.058186,1.707953,2.873929,374.097692,0
2020-05-21,sh.603339,14.2700,14.3500,13.7700,13.9200,14.3200,3022979,42452864.0000,1.445800,1,-2.793300,25.330304,1.660245,2.793652,363.648035,0
2020-05-22,sh.603339,13.7600,13.8900,13.3500,13.3800,13.9200,2088043,28368542.0000,0.998700,1,-3.879300,24.347663,1.595839,2.685278,349.541000,0
2020-05-25,sh.603339,13.2400,13.5200,13.2400,13.3600,13.3800,1176167,15705859.0000,0.562500,1,-0.149500,24.311269,1.593453,2.681264,349.018517,0
2020-05-26,sh.603339,13.3700,13.6900,13.3600,13.6900,13.3600,1541077,20872313.0000,0.737100,1,2.470100,24.911772,1.632813,2.747492,357.639483,0
2020-05-27,sh.603339,13.6100,13.7500,13.4000,13.5100,13.6900,1343345,18175925.0000,0.642500,1,-1.314800,24.584225,1.611344,2.711368,352.937138,0
2020-05-28,sh.603339,13.4200,13.5400,13.2200,13.5100,13.5100,1234101,16540709.0000,0.590200,1,0.000000,24.584225,1.611344,2.711368,352.937138,0
2020-05-29,sh.603339,13.5400,13.7800,13.3600,13.7300,13.5100,1509994,20555882.0000,0.722200,1,1.628400,24.984560,1.637583,2.755520,358.684449,0
2020-06-01,sh.603339,13.7000,14.1100,13.6600,14.0300,13.7300,2091403,29183936.0000,1.000300,1,2.185000,25.530472,1.673365,2.815728,366.521691,0
2020-06-02,sh.603339,14.0400,14.3000,13.9600,14.2500,14.0300,2067415,29319513.0000,0.988800,1,1.568100,25.930807,1.699604,2.859881,372.269002,0
2020-06-03,sh.603339,14.3800,14.3800,13.9800,14.0000,14.2500,1899291,26828682.0000,0.908400,1,-1.754400,25.475880,1.669786,2.809707,365.737967,0
2020-06-04,sh.603339,14.0700,14.4300,13.8800,14.3500,14.0000,3125772,44464584.0000,1.495000,1,2.500000,26.112777,1.711531,2.879950,374.881416,0
2020-06-05,sh.603339,14.4300,14.4300,14.0300,14.1600,14.3500,1887700,26736382.0000,0.902900,1,-1.324000,25.767033,1.688870,2.841818,369.917829,0
2020-06-08,sh.603339,14.1600,14.4300,14.0200,14.2000,14.1600,1793656,25456964.0000,0.857900,1,0.282500,25.839822,1.693640,2.849846,370.962795,0
2020-06-09,sh.603339,14.3000,14.3000,14.0900,14.1800,14.2000,1280365,18161649.0000,0.612400,1,-0.140800,25.803427,1.691255,2.845832,370.440312,0
2020-06-10,sh.603339,14.2200,14.2200,13.8100,13.9400,14.1800,1231252,17169686.0000,0.588900,1,-1.692500,25.366698,1.662630,2.797666,364.170518,0
2020-06-11,sh.603339,13.8500,14.0100,13.6500,13.7400,13.9400,1364600,18889990.0000,0.652700,1,-1.434700,25.002757,1.638776,2.757527,358.945690,0
2020-06-12,sh.603339,13.5000,13.5900,13.3800,13.4000,13.7400,2307792,31077537.0000,1.103800,1,-2.474500,24.384057,1.598224,2.689291,350.063482,0
2020-06-15,sh.603339,13.2100,13.4200,13.1000,13.1100,13.4000,2753100,36410278.0000,1.316800,1,-2.164200,23.856342,1.563636,2.631090,342.487482,0
2020-06-16,sh.603339,13.2300,13.3200,13.1800,13.2500,13.1100,1483200,19645585.0000,0.709400,1,1.067900,23.928787,1.568384,2.639080,343.527517,0
2020-06-17,sh.603339,13.2400,13.3700,13.1500,13.3300,13.2500,1557233,20665082.0000,0.744800,1,0.603800,24.073263,1.577853,2.655014,345.601645,0
2020-06-18,sh.603339,13.3400,13.4100,13.2000,13.2600,13.3300,1280447,17002240.0000,0.612400,1,-0.525100,23.946847,1.569568,2.641072,343.786783,0
2020-06-19,sh.603339,13.3000,13.4600,13.2200,13.3300,13.2600,1541832,20584616.0000,0.737400,1,0.527900,24.073263,1.577853,2.655014,345.601645,0
2020-06-22,sh.603339,13.3300,13.5400,13.3200,13.4700,13.3300,1784600,24017239.0000,0.853500,1,1.050300,24.326095,1.594425,2.682899,349.231370,0
2020-06-23,sh.603339,13.4200,13.4900,13.3900,13.4000,13.4700,1235700,16590664.0000,0.591000,1,-0.519700,24.199679,1.586139,2.668957,347.416507,0
2020-06-24,sh.603339,13.4000,13.4100,13.1000,13.1300,13.4000,1828621,24158054.0000,0.874600,1,-2.014900,23.712074,1.554180,2.615179,340.416324,0
2020-06-29,sh.603339,13.1100,13.3300,13.0400,13.3300,13.1300,1270204,16745523.0000,0.607500,1,1.523200,24.073263,1.577853,2.655014,345.601645,0
2020-06-30,sh.603339,13.4100,13.6000,13.3600,13.4300,13.3300,2158725,29086809.0000,1.032500,1,0.750200,24.253857,1.589690,2.674932,348.194305,0
2020-07-01,sh.603339,13.4900,13.6000,13.4000,13.5500,13.4300,1818374,24591133.0000,0.869700,1,0.893500,24.470571,1.603895,2.698833,351.305498,0
2020-07-02,sh.603339,13.5900,13.9100,13.5200,13.8800,13.5500,2464688,33849249.0000,1.178800,1,2.435400,25.066533,1.642956,2.764561,359.861278,0
2020-07-03,sh.603339,13.9700,14.0200,13.7200,13.9300,13.8800,2963657,41157658.0000,1.417500,1,0.360200,25.156830,1.648875,2.774520,361.157608,0
2020-07-06,sh.603339,9.4400,10.1000,9.3600,9.9500,9.2900,4258569,41198725.0000,1.376200,1,7.104400,26.594364,1.743096,2.933064,381.795186,0
2020-07-07,sh.603339,9.8000,10.0200,9.6300,9.8100,9.9500,7108754,69906392.0000,2.297300,1,-1.407000,26.220172,1.718570,2.891795,376.423193,0
2020-07-08,sh.603339,9.8100,9.9500,9.7100,9.9300,9.8100,4864514,47945404.0000,1.572000,1,1.223200,26.540908,1.739592,2.927168,381.027758,0
2020-07-09,sh.603339,9.9200,10.4500,9.8600,10.2600,9.9300,7175828,72671166.0000,2.319000,1,3.323300,27.422932,1.797404,3.024446,393.690312,0
2020-07-10,sh.603339,10.2100,10.2500,10.0200,10.0400,10.2600,4714668,47710601.0000,1.523600,1,-2.144300,26.834916,1.758863,2.959594,385.248609,0
2020-07-13,sh.603339,10.0400,10.5600,10.0400,10.4700,10.0400,5844102,60439319.0000,1.888600,1,4.282900,27.984220,1.834193,3.086349,401.748301,0
2020-07-14,sh.603339,10.5000,10.5800,10.0600,10.2800,10.4700,5059940,52113408.0000,1.635200,1,-1.814700,27.476388,1.800907,3.030341,394.457740,0
2020-07-15,sh.603339,10.2600,10.3400,9.9000,10.0200,10.2800,5428458,54708157.0000,1.754300,1,-2.529200,26.781460,1.755359,2.953698,384.481182,0
2020-07-16,sh.603339,10.0000,10.1300,9.5500,9.6700,10.0200,4239681,41844407.0000,1.370100,1,-3.493000,25.845980,1.694044,2.850525,371.051200,0
2020-07-17,sh.603339,9.6700,9.9200,9.5500,9.8400,9.6700,3255936,31797491.0000,1.052200,1,1.758000,26.300356,1.723826,2.900638,377.574334,0
2020-07-20,sh.603339,9.9200,10.3400,9.5500,10.2400,9.8400,4288896,43415807.0000,1.386000,1,4.065000,27.369476,1.793900,3.018550,392.922884,0
2020-07-21,sh.603339,10.5900,10.5900,10.0500,10.1100,10.2400,3426144,34874820.3500,1.107200,1,-1.269500,27.022012,1.771126,2.980229,387.934606,0
2020-07-22,sh.603339,10.1000,10.2200,10.0100,10.0600,10.1100,3416567,34567529.8900,1.104100,1,-0.494600,26.888372,1.762366,2.965490,386.016037,0
2020-07-23,sh.603339,10.0600,10.0600,9.7500,9.9900,10.0600,3350762,33136474.5900,1.082800,1,-0.695800,26.701276,1.750103,2.944855,383.330041,0
2020-07-24,sh.603339,9.9000,10.0500,9.5900,9.6200,9.9900,2910855,28589457.1900,0.940700,1,-3.703700,25.712340,1.685285,2.835786,369.132632,0
2020-07-27,sh.603339,9.7000,10.1000,9.5100,10.0800,9.6200,3733379,36591873.5600,1.206500,1,4.781700,26.941828,1.765870,2.971385,386.783464,0
2020-07-28,sh.603339,10.1000,10.3600,10.0100,10.2700,10.0800,6258318,63947026.8200,2.022500,1,1.884900,27.449660,1.799155,3.027393,394.074026,0
2020-07-29,sh.603339,10.2500,10.6900,10.1400,10.5200,10.2700,8357389,87146878.0000,2.700800,1,2.434300,28.117860,1.842952,3.101088,403.666870,0
2020-07-30,sh.603339,10.8000,11.5700,10.7300,11.5700,10.5200,7764039,88033327.1900,2.509100,1,9.981000,30.924300,2.026897,3.410608,443.956814,0
2020-07-31,sh.603339,12.2200,12.6900,11.7300,12.4200,11.5700,33659804,411127927.2300,10.877600,1,7.346600,33.196181,2.175804,3.661171,476.572483,0
2020-08-03,sh.603339,11.9100,12.3700,11.8800,12.2000,12.4200,21855901,264296763.8800,7.063000,1,-1.771300,32.608164,2.137263,3.596319,468.130780,0
2020-08-04,sh.603339,12.0300,12.1000,11.5600,11.6600,12.2000,15670818,184675902.5800,5.064200,1,-4.426200,31.164852,2.042663,3.437138,447.410238,0
2020-08-05,sh.603339,11.4600,11.4600,11.0800,11.3600,11.6600,9918401,111835045.3800,3.205300,1,-2.572900,30.363012,1.990108,3.348704,435.898825,0
2020-08-06,sh.603339,11.4400,11.7000,11.2200,11.7000,11.3600,9895858,113354148.3400,3.198000,1,2.993000,31.271764,2.049671,3.448929,448.945093,0
2020-08-07,sh.603339,11.6000,11.6000,10.9200,11.1400,11.7000,8638129,96942273.8200,2.791500,1,-4.786300,29.774996,1.951567,3.283852,427.457122,0
2020-08-10,sh.603339,11.1700,11.2600,10.9400,11.0800,11.1400,5027729,55582463.3600,1.624800,1,-0.538600,29.614628,1.941056,3.266165,425.154840,0
2020-08-11,sh.603339,11.0500,11.1800,10.8000,10.8100,11.0800,5042228,55549996.3200,1.629500,1,-2.436800,28.892972,1.893756,3.186575,414.794568,0
2020-08-12,sh.603339,10.8400,10.8400,10.3500,10.6500,10.8100,5582855,59162468.2900,1.804200,1,-1.480100,28.465324,1.865726,3.139410,408.655148,0
2020-08-13,sh.603339,10.6300,10.7400,10.6200,10.6400,10.6500,3135150,33461363.7800,1.013200,1,-0.093900,28.438596,1.863974,3.136462,408.271435,0
2020-08-14,sh.603339,10.7000,10.7200,10.5200,10.7000,10.6400,3039216,32371968.3700,0.982200,1,0.563900,28.598964,1.874485,3.154149,410.573717,0
2020-08-17,sh.603339,10.7000,10.9800,10.6600,10.9800,10.7000,4505295,48973810.3400,1.455900,1,2.616800,29.347348,1.923537,3.236687,421.317702,0
2020-08-18,sh.603339,10.9700,11.0200,10.8200,10.8900,10.9800,3469960,37739833.0400,1.121400,1,-0.819700,29.106796,1.907770,3.210157,417.864279,0
2020-08-19,sh.603339,10.9100,11.1800,10.7500,11.0800,10.8900,6665033,73575632.8600,2.153900,1,1.744700,29.614628,1.941056,3.266165,425.154840,0
2020-08-20,sh.603339,10.9500,10.9500,10.4000,10.4500,11.0800,6431074,68259880.4100,2.078300,1,-5.685900,26.323315,1.831909,2.926895,42.942922,0
2020-08-21,sh.603339,10.4800,10.5900,10.2600,10.3000,10.4500,3288948,34144001.8900,1.062900,1,-1.435400,25.945468,1.805614,2.884882,42.326516,0
2020-08-24,sh.603339,10.3000,10.4700,10.1300,10.3800,10.3000,2299617,23717819.7500,0.743200,1,0.776700,26.146986,1.819638,2.907289,42.655266,0
2020-08-25,sh.603339,10.3900,10.4400,10.2700,10.3000,10.3800,2179574,22554522.9400,0.704400,1,-0.770700,25.945468,1.805614,2.884882,42.326516,0
2020-08-26,sh.603339,10.2800,10.3600,10.0300,10.0700,10.3000,3350708,34031732.6700,1.082800,1,-2.233000,25.366103,1.765294,2.820463,41.381361,0
2020-08-27,sh.603339,10.0700,10.2300,10.0200,10.2300,10.0700,2132096,21629420.1000,0.689000,1,1.588900,25.769140,1.793343,2.865276,42.038860,0
2020-08-28,sh.603339,10.2800,10.4100,10.1400,10.4000,10.2300,2545082,26254557.9000,0.822500,1,1.661800,26.197366,1.823144,2.912891,42.737453,0
2020-08-31,sh.603339,10.4100,10.4800,10.3000,10.3200,10.4000,2366742,24547573.2600,0.764800,1,-0.769200,25.995848,1.809120,2.890484,42.408703,0
2020-09-01,sh.603339,10.3700,10.4000,10.2100,10.4000,10.3200,1698804,17519505.9100,0.549000,1,0.775200,26.197366,1.823144,2.912891,42.737453,0
2020-09-02,sh.603339,10.3900,10.5400,10.3800,10.4600,10.4000,2619684,27401588.6000,0.846600,1,0.576900,26.348504,1.833662,2.929696,42.984015,0
2020-09-03,sh.603339,10.4600,10.4900,10.2400,10.2900,10.4600,1960909,20333587.4000,0.633700,1,-1.625200,25.920278,1.803861,2.882081,42.285422,0
2020-09-04,sh.603339,10.1200,10.4100,10.0400,10.3700,10.2900,1936494,19801903.6800,0.625800,1,0.777500,26.121796,1.817885,2.904488,42.614172,0
2020-09-07,sh.603339,10.4000,10.4800,10.1400,10.2500,10.3700,2086239,21551413.5700,0.674200,1,-1.157200,25.819519,1.796849,2.870878,42.121048,0
2020-09-08,sh.603339,10.2400,10.3600,10.1000,10.2600,10.2500,2014212,20533086.8800,0.650900,1,0.097600,25.844709,1.798602,2.873679,42.162141,0
2020-09-09,sh.603339,10.2600,10.2600,10.0200,10.0200,10.2600,2558780,25885765.5400,0.826900,1,-2.339200,25.240154,1.756529,2.806458,41.175892,0
2020-09-10,sh.603339,10.1000,10.1200,9.5200,9.5900,10.0200,3907554,38152202.8600,1.262800,1,-4.291400,24.156994,1.681149,2.686021,39.408863,0
2020-09-11,sh.603339,9.5300,9.7500,9.5100,9.7100,9.5900,1579341,15228075.5300,0.510400,1,1.251300,24.459271,1.702186,2.719632,39.901987,0
2020-09-14,sh.603339,9.7100,9.9500,9.7100,9.8600,9.7100,1311531,12905144.2800,0.423800,1,1.544800,24.837118,1.728481,2.761645,40.518393,0
2020-09-15,sh.603339,9.9000,9.9700,9.8100,9.8700,9.8600,1274656,12607073.1600,0.411900,1,0.101400,24.862308,1.730234,2.764445,40.559487,0
2020-09-16,sh.603339,9.8300,9.9100,9.6500,9.7000,9.8700,1250957,12173621.2900,0.404300,1,-1.722400,24.434082,1.700433,2.716831,39.860894,0
2020-09-17,sh.603339,9.7700,9.8900,9.6100,9.8200,9.7000,1658395,16166528.9600,0.535900,1,1.237100,24.736359,1.721469,2.750441,40.354018,0
2020-09-18,sh.603339,9.8000,9.9500,9.7800,9.9000,9.8200,1680501,16579966.1000,0.543100,1,0.814700,24.937877,1.735493,2.772848,40.682768,0
2020-09-21,sh.603339,9.9100,9.9200,9.8100,9.8100,9.9000,1214845,11962206.7100,0.392600,1,-0.909100,24.711169,1.719716,2.747640,40.312925,0
2020-09-22,sh.603339,9.8000,9.8000,9.5700,9.6200,9.8100,1275584,12348032.0300,0.412200,1,-1.936800,24.232563,1.686408,2.694424,39.532144,0
2020-09-23,sh.603339,9.6200,9.7200,9.5700,9.6200,9.6200,1256587,12081484.8700,0.406100,1,0.000000,24.232563,1.686408,2.694424,39.532144,0
2020-09-24,sh.603339,9.6200,9.6200,9.3600,9.4100,9.6200,1975694,18641079.0100,0.638500,1,-2.183000,23.703578,1.649595,2.635606,38.669176,0
2020-09-25,sh.603339,9.4500,9.5500,9.3800,9.4200,9.4100,971332,9171994.2000,0.313900,1,0.106300,23.728768,1.651348,2.638407,38.710270,0
2020-09-28,sh.603339,9.4300,9.4700,9.3200,9.3300,9.4200,858601,8046405.8200,0.277500,1,-0.955400,23.502060,1.635571,2.613199,38.340427,0
2020-09-29,sh.603339,9.3200,9.5200,9.2800,9.3700,9.3300,906092,8488998.2000,0.292800,1,0.428700,23.602819,1.642583,2.624403,38.504802,0
2020-09-30,sh.603339,9.3800,9.4100,9.3000,9.3600,9.3700,756754,7075304.0600,0.244600,1,-0.106700,23.577629,1.640830,2.621602,38.463708,0
2020-10-09,sh.603339,9.3800,9.5600,9.3800,9.5300,9.3600,1294394,12314026.0800,0.418300,1,1.816200,24.005855,1.670631,2.669216,39.162301,0
2020-10-12,sh.603339,9.5900,9.7900,9.5300,9.7800,9.5300,1856754,18006305.2800,0.600000,1,2.623300,24.635600,1.714457,2.739238,40.189643,0
2020-10-13,sh.603339,9.7800,9.7800,9.6700,9.7400,9.7800,1276541,12389267.1100,0.412500,1,-0.409000,24.534841,1.707445,2.728034,40.025269,0
2020-10-14,sh.603339,9.7000,9.8600,9.6600,9.8400,9.7400,1605580,15670884.6800,0.518900,1,1.026700,24.786738,1.724975,2.756043,40.436206,0
2020-10-15,sh.603339,9.7800,9.8400,9.7000,9.7100,9.8400,867808,8462149.6000,0.280400,1,-1.321100,24.459271,1.702186,2.719632,39.901987,0
2020-10-16,sh.603339,9.7200,9.7800,9.6700,9.7600,9.7100,755348,7343102.5200,0.244100,1,0.514900,24.585220,1.710951,2.733636,40.107456,0
2020-10-19,sh.603339,9.8800,10.0400,9.7800,9.8700,9.7600,2390627,23708101.2100,0.772600,1,1.127000,24.862308,1.730234,2.764445,40.559487,0
2020-10-20,sh.603339,9.8100,9.9500,9.7500,9.9400,9.8700,1394838,13770400.8800,0.450800,1,0.709200,22.918934,1.707238,2.720957,91.911564,0
2020-10-21,sh.603339,9.9600,9.9700,9.8000,9.8700,9.9400,1177876,11625111.5200,0.380600,1,-0.704200,22.757533,1.695215,2.701796,91.264300,0
2020-10-22,sh.603339,9.9000,9.9400,9.7100,9.8400,9.8700,1196907,11767477.2900,0.386800,1,-0.304000,22.688361,1.690062,2.693584,90.986900,0
2020-10-23,sh.603339,9.8100,9.9300,9.6800,9.7000,9.8400,1157808,11342713.7200,0.374200,1,-1.422800,22.365559,1.666017,2.655260,89.692371,0
2020-10-26,sh.603339,9.6800,9.7500,9.5300,9.6700,9.7000,1001869,9673518.1600,0.323800,1,-0.309300,22.296387,1.660864,2.647048,89.414972,0
2020-10-27,sh.603339,9.6900,9.6900,9.4800,9.6000,9.6700,1064320,10180120.8800,0.343900,1,-0.723900,22.134986,1.648841,2.627886,88.767708,0
2020-10-28,sh.603339,9.5700,9.6800,9.4300,9.6100,9.6000,1080634,10320536.7400,0.349200,1,0.104200,22.158044,1.650559,2.630624,88.860174,0
2020-10-29,sh.603339,9.4700,9.6300,9.4400,9.5300,9.6100,1154710,11009581.5000,0.373200,1,-0.832500,21.973585,1.636819,2.608725,88.120443,0
2020-10-30,sh.603339,9.5400,9.6000,9.2300,9.2900,9.5300,1861818,17556823.5000,0.601700,1,-2.518400,21.420211,1.595598,2.543028,85.901251,0
2020-11-02,sh.603339,9.2900,9.3800,9.1100,9.3800,9.2900,1215340,11300514.8800,0.392800,1,0.968800,21.627726,1.611055,2.567664,86.733448,0
2020-11-03,sh.603339,9.3800,9.6200,9.2600,9.5800,9.3800,1559928,14883141.2800,0.504100,1,2.132200,22.088872,1.645406,2.622412,88.582775,0
2020-11-04,sh.603339,9.7600,10.1300,9.7100,10.0400,9.5800,6627232,65942912.4000,2.141700,1,4.801700,23.149507,1.724413,2.748331,92.836228,0
2020-11-05,sh.603339,10.0500,10.0900,9.9000,10.0200,10.0400,4051636,40363952.7400,1.309300,1,-0.199200,23.103392,1.720978,2.742856,92.651295,0
2020-11-06,sh.603339,9.9700,10.3500,9.8100,10.2200,10.0200,5950741,60092853.1000,1.923100,1,1.996000,23.564538,1.755329,2.797604,94.500622,0
2020-11-09,sh.603339,10.2000,10.9900,10.0900,10.6900,10.2200,10388661,109139148.2800,3.357200,1,4.598800,24.648230,1.836054,2.926261,98.846541,0
2020-11-10,sh.603339,10.6000,10.8100,10.4000,10.4400,10.6900,5318565,56293423.3100,1.718800,1,-2.338600,24.071798,1.793115,2.857827,96.534882,0
2020-11-11,sh.603339,10.4400,10.6600,10.1900,10.5100,10.4400,5353324,55739241.2800,1.730000,1,0.670500,24.233199,1.805138,2.876988,97.182147,0
2020-11-12,sh.603339,10.4800,10.6500,10.2500,10.3100,10.5100,3526699,36744098.3700,1.139700,1,-1.902900,23.772053,1.770787,2.822241,95.332819,0
2020-11-13,sh.603339,10.2600,10.5900,10.2100,10.4700,10.3100,3883496,40402501.6500,1.255000,1,1.551900,24.140969,1.798268,2.866039,96.812281,0
2020-11-16,sh.603339,10.6600,11.2200,10.5500,10.8600,10.4700,7314778,79693110.2800,2.363900,1,3.724900,25.040203,1.865252,2.972797,100.418469,0
2020-11-17,sh.603339,10.8400,11.3000,10.6600,11.0600,10.8600,11022065,121275517.6100,3.561900,1,1.841600,25.501349,1.899603,3.027544,102.267797,0
2020-11-18,sh.603339,10.9200,11.0000,10.5800,10.5800,11.0600,7718448,82953717.3800,2.494300,1,-4.340000,24.394600,1.817161,2.896150,97.829411,0
2020-11-19,sh.603339,10.5600,11.0800,10.5200,11.0000,10.5800,6861784,74501885.3200,2.217500,1,3.969800,25.363005,1.889297,3.011120,101.712998,0
2020-11-20,sh.603339,10.9800,10.9800,10.7100,10.8400,11.0000,4270963,46284162.1600,1.380200,1,-1.454500,24.994089,1.861817,2.967322,100.233537,0
2020-11-23,sh.603339,10.7300,10.9000,10.6600,10.7500,10.8400,4017678,43235322.2200,1.298400,1,-0.830300,24.786573,1.846359,2.942685,99.401339,0
2020-11-24,sh.603339,10.7200,10.8500,10.5300,10.8300,10.7500,4307840,46103072.8400,1.392100,1,0.744200,24.971031,1.860099,2.964584,100.141070,0
2020-11-25,sh.603339,11.1000,11.5600,11.0600,11.3300,10.8300,13094470,148166929.6900,4.231700,1,4.616800,26.123895,1.945976,3.101453,104.764388,0
2020-11-26,sh.603339,11.2800,11.2800,10.9300,10.9700,11.3300,6311286,69978168.9600,2.039600,1,-3.177400,25.293833,1.884145,3.002908,101.435599,0
2020-11-27,sh.603339,10.9400,10.9500,10.6100,10.7700,10.9700,4944620,53184237.4600,1.597900,1,-1.823200,24.832688,1.849794,2.948160,99.586272,0
2020-11-30,sh.603339,10.6600,10.8500,10.6400,10.6800,10.7700,2988720,32110986.3600,0.965800,1,-0.835700,24.625172,1.834336,2.923524,98.754075,0
2020-12-01,sh.603339,10.6800,11.0200,10.6000,11.0000,10.6800,4066060,44122519.2400,1.314000,1,2.996300,25.363005,1.889297,3.011120,101.712998,0
2020-12-02,sh.603339,10.9900,11.1800,10.8100,10.8400,11.0000,4416642,48439607.3100,1.427300,1,-1.454500,24.994089,1.861817,2.967322,100.233537,0
2020-12-03,sh.603339,10.8700,11.1700,10.7400,11.1000,10.8400,4788407,52699917.8900,1.547400,1,2.398500,25.593578,1.906473,3.038494,102.637662,0
2020-12-04,sh.603339,11.1100,11.1800,10.8600,10.9700,11.1000,2926556,32086357.2800,0.945800,1,-1.171200,25.293833,1.884145,3.002908,101.435599,0
2020-12-07,sh.603339,10.9700,11.0900,10.6400,10.6500,10.9700,3622554,39229334.7600,1.170700,1,-2.917000,24.556000,1.829183,2.915312,98.476676,0
2020-12-08,sh.603339,10.6100,10.7700,10.5000,10.6800,10.6500,2409596,25565435.2000,0.778700,1,0.281700,24.625172,1.834336,2.923524,98.754075,0
2020-12-09,sh.603339,10.6300,10.9000,10.5300,10.5600,10.6800,2878748,30793268.5200,0.930300,1,-1.123600,24.348485,1.813726,2.890675,97.644479,0
2020-12-10,sh.603339,10.6000,11.0600,10.3700,10.9800,10.5600,6381942,68850996.2900,2.062400,1,3.977300,25.316891,1.885862,3.005645,101.528066,0
2020-12-11,sh.603339,10.9700,11.0400,10.2400,10.4000,10.9800,6747564,71204059.6700,2.180600,1,-5.282300,23.979569,1.786245,2.846877,96.165017,0
2020-12-14,sh.603339,10.3700,10.3800,10.0000,10.1500,10.4000,3741599,37823433.9400,1.209100,1,-2.403800,23.403137,1.743306,2.778442,93.853358,0
2020-12-15,sh.603339,10.1000,10.1400,9.9100,10.0700,10.1500,2026035,20332836.8800,0.654700,1,-0.788200,23.218678,1.729566,2.756543,93.113627,0
2020-12-16,sh.603339,10.0700,10.0700,9.7100,9.7500,10.0700,2778751,27314104.9700,0.898000,1,-3.177800,22.480846,1.674605,2.668947,90.154703,0
2020-12-17,sh.603339,9.7700,10.7300,9.7200,10.7300,9.7500,7188034,74340396.0900,2.322900,1,10.051300,24.740459,1.842924,2.937211,99.216407,0
2020-12-18,sh.603339,10.8900,11.3000,10.8700,10.9600,10.7300,10075704,111022668.7100,3.256100,1,2.143500,25.270776,1.882427,3.000170,101.343133,0
2020-12-21,sh.603339,10.9500,11.0000,10.7300,10.9700,10.9600,6466454,70316809.6200,2.089700,1,0.091200,25.293833,1.884145,3.002908,101.435599,0
2020-12-22,sh.603339,10.9100,11.3500,10.8500,11.0800,10.9700,9575661,106952470.8600,3.094500,1,1.002700,25.547463,1.903038,3.033019,102.452729,0
2020-12-23,sh.603339,11.1400,11.5100,11.0600,11.4500,11.0800,11539764,130405991.3700,3.729200,1,3.339400,26.400583,1.966587,3.134302,105.873985,0
2020-12-24,sh.603339,11.2500,11.5000,11.0200,11.2300,11.4500,9134824,102546199.1600,2.952000,1,-1.921400,25.893323,1.928801,3.074080,103.839725,0
2020-12-25,sh.603339,11.0800,11.4500,11.0100,11.1600,11.2300,6903127,77285328.2600,2.230800,1,-0.623300,25.731922,1.916778,3.054918,103.192460,0
2020-12-28,sh.603339,11.1400,11.9800,11.0100,11.6500,11.1600,13772386,159040509.9300,4.450700,1,4.390700,26.861728,2.000938,3.189050,107.723312,0
2020-12-29,sh.603339,11.5500,11.5800,11.0300,11.1000,11.6500,9204720,103581842.0900,2.974600,1,-4.721000,25.593578,1.906473,3.038494,102.637662,0
2020-12-30,sh.603339,11.0700,11.4200,10.8700,11.2000,11.1000,7621078,84837839.4000,2.462900,1,0.900900,25.824151,1.923648,3.065868,103.562326,0
2020-12-31,sh.603339,11.2000,11.3800,11.0500,11.1200,11.2000,5350186,59785407.0400,1.729000,1,-0.714300,25.639693,1.909908,3.043968,102.822595,0
2021-01-04,sh.603339,11.0600,11.4900,10.8700,11.4200,11.1200,6757528,75824854.7200,2.183800,1,2.697800,26.331411,1.961434,3.126090,105.596586,0
2021-01-05,sh.603339,11.3400,11.8500,11.1400,11.7100,11.4200,9939104,114513652.9600,3.212000,1,2.539400,27.000072,2.011243,3.205474,108.278110,0
2021-01-06,sh.603339,11.5600,11.6600,11.1500,11.3500,11.7100,8500351,96514991.0600,2.747000,1,-3.074300,26.170010,1.949411,3.106928,104.949321,0
2021-01-07,sh.603339,11.2000,11.2100,10.4600,10.5400,11.3500,8033722,87172258.0100,2.596200,1,-7.136600,24.302370,1.810290,2.885200,97.459546,0
2021-01-08,sh.603339,10.5400,10.6000,10.1800,10.2900,10.5400,4503561,46640648.8900,1.455400,1,-2.371900,23.725938,1.767352,2.816766,95.147887,0
2021-01-11,sh.603339,10.3000,10.3500,9.8600,10.0300,10.2900,4575996,46110951.8400,1.478800,1,-2.526700,23.126449,1.722696,2.745594,92.743761,0
2021-01-12,sh.603339,9.9200,10.1100,9.9100,10.0700,10.0300,2364072,23706948.8400,0.764000,1,0.398800,23.218678,1.729566,2.756543,93.113627,0
2021-01-13,sh.603339,10.0500,10.1500,9.7100,10.1300,10.0700,3123142,30905712.8000,1.009300,1,0.595800,23.357022,1.739871,2.772968,93.668425,0
2021-01-14,sh.603339,10.1000,10.1600,9.9600,10.1000,10.1300,2604242,26163421.5400,0.841600,1,-0.296200,23.287850,1.734719,2.764756,93.391026,0
2021-01-15,sh.603339,10.1100,10.4400,10.0500,10.1600,10.1000,2436308,24882534.9600,0.787300,1,0.594100,23.426194,1.745024,2.781180,93.945824,0
2021-01-18,sh.603339,10.1600,10.3400,10.1000,10.2000,10.1600,2061560,21006802.6400,0.666200,1,0.393700,23.518423,1.751894,2.792129,94.315690,0
2021-01-19,sh.603339,10.1600,10.2100,9.9500,10.0100,10.2000,2578655,25865803.9600,0.833300,1,-1.862700,23.080335,1.719261,2.740119,92.558829,0
2021-01-20,sh.603339,10.0000,10.0600,9.8500,9.9000,10.0100,1600246,15867104.9200,0.517100,1,-1.098900,22.826705,1.700368,2.710008,91.541699,0
2021-01-21,sh.603339,9.9500,10.1200,9.8900,10.0100,9.9000,1556584,15558320.0400,0.503000,1,1.111100,23.080335,1.719261,2.740119,92.558829,0
2021-01-22,sh.603339,10.0200,10.1800,9.7800,10.1500,10.0100,2782696,27632066.1100,0.899300,1,1.398600,23.403137,1.743306,2.778442,93.853358,0
2021-01-25,sh.603339,10.1100,10.1100,9.8100,9.8700,10.1500,1958408,19450007.6400,0.632900,1,-2.758600,22.757533,1.695215,2.701796,91.264300,0
2021-01-26,sh.603339,9.8600,9.9700,9.5500,9.9200,9.8700,2424004,23612653.9600,0.783300,1,0.506600,22.872819,1.703803,2.715483,91.726631,0
2021-01-27,sh.603339,9.8800,9.9200,9.7400,9.8100,9.9200,1143708,11224556.7600,0.369600,1,-1.108900,22.619189,1.684910,2.685371,90.709501,0
2021-01-28,sh.603339,9.7000,9.7900,9.5700,9.5700,9.8100,1445372,13938550.6800,0.467100,1,-2.446500,22.065815,1.643689,2.619674,88.490309,0
2021-01-29,sh.603339,9.5700,9.6000,9.2600,9.3500,9.5700,1954164,18372118.1600,0.631500,1,-2.298900,21.558554,1.605903,2.559452,86.456049,0
2021-02-01,sh.603339,9.3500,9.5000,9.2100,9.4000,9.3500,1155684,10784908.5600,0.373500,1,0.534800,21.673841,1.614491,2.573139,86.918381,0
2021-02-02,sh.603339,9.4000,9.4000,9.2600,9.3700,9.4000,779640,7268874.6800,0.252000,1,-0.319100,21.604669,1.609338,2.564927,86.640981,0
2021-02-03,sh.603339,9.3700,9.4200,9.1500,9.1900,9.3700,1483432,13713528.8800,0.479400,1,-1.921000,21.189638,1.578422,2.515654,84.976587,0
2021-02-04,sh.603339,9.1500,9.1500,8.7600,8.8300,9.1900,2243336,19999934.2500,0.725000,1,-3.917300,20.359576,1.516591,2.417108,81.647798,0
2021-02-05,sh.603339,8.8300,8.9800,8.7000,8.7400,8.8300,1590098,14002794.4900,0.513900,1,-1.019300,20.152060,1.501133,2.392472,80.815601,0
2021-02-08,sh.603339,8.7600,8.8900,8.7000,8.7400,8.7400,755600,6620586.4800,0.244200,1,0.000000,20.152060,1.501133,2.392472,80.815601,0
2021-02-09,sh.603339,8.7500,8.9900,8.7500,8.9300,8.7400,757880,6747679.6800,0.244900,1,2.173900,20.590149,1.533766,2.444482,82.572461,0
2021-02-10,sh.603339,9.0000,9.1400,8.9000,9.0800,8.9300,729140,6592717.4400,0.235600,1,1.679700,20.936008,1.559529,2.485543,83.959457,0
2021-02-18,sh.603339,9.1300,9.3500,9.1300,9.2300,9.0800,1134246,10470740.7000,0.366500,1,1.652000,21.281867,1.585292,2.526603,85.346452,0
2021-02-19,sh.603339,9.2300,9.4200,9.1800,9.4000,9.2300,1694970,15815302.9000,0.547800,1,1.841800,21.673841,1.614491,2.573139,86.918381,0
2021-02-22,sh.603339,9.5000,9.7800,9.4400,9.6600,9.4000,3292700,31710641.7300,1.064100,1,2.766000,22.273330,1.659147,2.644311,89.322506,0
2021-02-23,sh.603339,9.6600,9.6600,9.4000,9.4900,9.6600,1455501,13821201.8200,0.470400,1,-1.759800,21.881356,1.629948,2.597775,87.750578,0
2021-02-24,sh.603339,9.4400,9.5600,9.2900,9.4400,9.4900,1526316,14350124.1600,0.493200,1,-0.526900,21.766070,1.621361,2.584088,87.288246,0
2021-02-25,sh.603339,9.4900,9.6200,9.2600,9.4600,9.4400,1283920,12061331.0000,0.414900,1,0.211900,21.812184,1.624796,2.589563,87.473179,0
2021-02-26,sh.603339,9.3000,9.4500,9.3000,9.3800,9.4600,752936,7073951.9200,0.243300,1,-0.845700,21.627726,1.611055,2.567664,86.733448,0
2021-03-01,sh.603339,9.3500,9.6100,9.3500,9.6000,9.3800,1482396,14104837.5600,0.479100,1,2.345400,22.134986,1.648841,2.627886,88.767708,0
2021-03-02,sh.603339,9.6000,9.6600,9.4000,9.5100,9.6000,918076,8732659.5200,0.296700,1,-0.937500,21.927471,1.633384,2.603250,87.935511,0
2021-03-03,sh.603339,9.5300,9.6100,9.4300,9.5900,9.5100,1046080,9971768.4400,0.338100,1,0.841200,22.111929,1.647124,2.625149,88.675241,0
2021-03-04,sh.603339,9.5600,9.6400,9.5100,9.5400,9.5900,931996,8930687.8400,0.301200,1,-0.521400,21.996643,1.638536,2.611462,88.212910,0
2021-03-05,sh.603339,9.5400,9.6500,9.5300,9.6400,9.5400,802500,7690245.1600,0.259300,1,1.048200,22.227215,1.655712,2.638836,89.137573,0
2021-03-08,sh.603339,9.7200,9.8000,9.6300,9.6900,9.6400,1482416,14425997.4400,0.479100,1,0.518700,22.342502,1.664299,2.652523,89.599905,0
2021-03-09,sh.603339,9.7100,9.7700,8.7800,9.4100,9.6900,1223508,11525593.0800,0.395400,1,-2.889600,21.696898,1.616208,2.575876,87.010847,0
2021-03-10,sh.603339,9.4100,9.5000,9.2100,9.2600,9.4100,881412,8196573.3200,0.284800,1,-1.594000,21.351039,1.590445,2.534815,85.623851,0
2021-03-11,sh.603339,9.2900,9.3900,9.1700,9.3800,9.2600,695936,6480654.8800,0.224900,1,1.295900,21.627726,1.611055,2.567664,86.733448,0
2021-03-12,sh.603339,9.3600,9.3900,9.2300,9.3500,9.3800,909148,8457767.4400,0.293800,1,-0.319800,21.558554,1.605903,2.559452,86.456049,0
2021-03-15,sh.603339,9.2700,9.3600,9.2300,9.2700,9.3500,677948,6294460.8000,0.219100,1,-0.855600,21.374096,1.592162,2.537553,85.716318,0
2021-03-16,sh.603339,9.3100,9.3800,9.2400,9.3800,9.2700,764840,7139043.3600,0.247200,1,1.186600,21.627726,1.611055,2.567664,86.733448,0
2021-03-17,sh.603339,9.4200,9.5400,9.3100,9.4800,9.3800,1009144,9554377.2800,0.326100,1,1.066100,21.858299,1.628231,2.595038,87.658111,0
2021-03-18,sh.603339,9.5300,9.5600,9.3000,9.3800,9.4800,1009060,9466014.3600,0.326100,1,-1.054900,21.627726,1.611055,2.567664,86.733448,0
2021-03-19,sh.603339,9.3900,9.4700,9.3300,9.4000,9.3800,763056,7181538.4400,0.246600,1,0.213200,21.673841,1.614491,2.573139,86.918381,0
2021-03-22,sh.603339,9.4000,9.5300,9.3500,9.5200,9.4000,1264192,11953032.4000,0.408500,1,1.276600,21.950528,1.635101,2.605987,88.027977,0
2021-03-23,sh.603339,9.5200,9.6600,9.4700,9.6400,9.5200,1583712,15177922.2000,0.511800,1,1.260500,22.227215,1.655712,2.638836,89.137573,0
2021-03-24,sh.603339,9.6800,9.7800,9.5200,9.5500,9.6400,1607260,15504987.8400,0.519400,1,-0.933600,22.019700,1.640254,2.614200,88.305376,0
2021-03-25,sh.603339,9.7200,9.7200,9.4800,9.5900,9.5500,1128980,10806772.7600,0.364800,1,0.418800,22.111929,1.647124,2.625149,88.675241,0
2021-03-26,sh.603339,9.5900,9.7500,9.5000,9.6300,9.5900,887160,8491702.3200,0.286700,1,0.417100,22.204158,1.653994,2.636099,89.045107,0
2021-03-29,sh.603339,9.6500,9.7200,9.5200,9.5700,9.6300,1060432,10184499.2800,0.342700,1,-0.623100,22.065815,1.643689,2.619674,88.490309,0
2021-03-30,sh.603339,9.5800,9.6000,9.4400,9.5000,9.5700,988448,9393492.1600,0.319400,1,-0.731500,21.904414,1.631666,2.600513,87.843044,0
2021-03-31,sh.603339,9.5200,9.6000,9.4000,9.5800,9.5000,960056,9135786.4400,0.310300,1,0.842100,22.088872,1.645406,2.622412,88.582775,0
2021-04-01,sh.603339,9.5800,9.6500,9.4900,9.5000,9.5800,855436,8153965.1200,0.276400,1,-0.835100,21.904414,1.631666,2.600513,87.843044,0
2021-04-02,sh.603339,9.5400,9.8500,9.4900,9.7500,9.5000,2357225,22902967.3400,0.761800,1,2.631600,22.480846,1.674605,2.668947,90.154703,0
2021-04-06,sh.603339,9.7500,9.7600,9.6500,9.7200,9.7500,1312489,12725175.7800,0.424100,1,-0.307700,22.411674,1.669452,2.660735,89.877304,0
2021-04-07,sh.603339,9.7200,10.1100,9.6600,9.9200,9.7200,2517614,24986217.3600,0.813600,1,2.057600,22.872819,1.703803,2.715483,91.726631,0
2021-04-08,sh.603339,9.8900,10.1800,9.7800,9.8300,9.9200,2710282,27047885.9400,0.875900,1,-0.907300,22.665304,1.688345,2.690846,90.894434,0
2021-04-09,sh.603339,9.4700,9.6000,9.3800,9.5100,9.8300,2550411,24176527.5000,0.824200,1,-3.255300,27.645403,1.625594,2.667492,-42.385938,0
2021-04-12,sh.603339,9.4100,9.5100,9.1100,9.1400,9.5100,2235464,20775607.8400,0.722400,1,-3.890600,26.569820,1.562348,2.563710,-40.736853,0
2021-04-13,sh.603339,9.1400,9.2000,8.9500,9.0900,9.1400,1517213,13763324.9000,0.490300,1,-0.547000,26.424471,1.553801,2.549685,-40.514004,0
2021-04-14,sh.603339,9.1200,9.2300,9.0600,9.2300,9.0900,674844,6172040.1600,0.218100,1,1.540200,26.831448,1.577732,2.588954,-41.137982,0
2021-04-15,sh.603339,9.2200,9.3900,9.1500,9.2500,9.2300,680506,6295715.5100,0.219900,1,0.216700,26.889588,1.581151,2.594564,-41.227122,0
2021-04-16,sh.603339,9.3000,9.3900,9.2000,9.2900,9.2500,1029284,9570836.9600,0.332600,1,0.432400,27.005867,1.587988,2.605784,-41.405401,0
2021-04-19,sh.603339,9.3300,9.4300,9.3000,9.3900,9.2900,998029,9361895.7300,0.322500,1,1.076400,27.296565,1.605082,2.633833,-41.851100,0
2021-04-20,sh.603339,9.4100,9.4500,9.2800,9.3000,9.3900,984389,9221570.6000,0.318100,1,-0.958500,27.034937,1.589697,2.608588,-41.449971,0
2021-04-21,sh.603339,9.2700,9.3900,9.2100,9.3400,9.3000,927528,8636910.5200,0.299700,1,0.430100,27.151216,1.596535,2.619808,-41.628250,0
2021-04-22,sh.603339,9.4300,9.4700,9.3300,9.3800,9.3400,1024245,9632286.5100,0.331000,1,0.428300,24.307999,1.573756,2.397235,327.912601,0
2021-04-23,sh.603339,9.4400,9.4500,9.2900,9.4000,9.3800,908320,8498849.7600,0.293500,1,0.213200,24.359829,1.577111,2.402346,328.611775,0
2021-04-26,sh.603339,9.4100,9.4200,9.2500,9.2700,9.4000,1113912,10375396.4400,0.360000,1,-1.383000,24.022937,1.555300,2.369123,324.067144,0
2021-04-27,sh.603339,9.2500,9.2900,9.1000,9.2500,9.2700,1013848,9289813.6000,0.327600,1,-0.215700,23.971108,1.551945,2.364011,323.367970,0
2021-04-28,sh.603339,9.3000,9.6900,9.2900,9.5600,9.2500,2302337,21907615.7500,0.744000,1,3.351400,24.774464,1.603956,2.443237,334.205166,0
2021-04-29,sh.603339,9.5600,9.6300,9.3800,9.4000,9.5600,1212636,11488495.1600,0.391900,1,-1.673600,24.359829,1.577111,2.402346,328.611775,0
2021-04-30,sh.603339,9.4000,9.4500,9.2000,9.2600,9.4000,927712,8636359.1600,0.299800,1,-1.489400,23.997023,1.553623,2.366567,323.717557,0
2021-05-06,sh.603339,9.2700,9.3700,9.2000,9.2600,9.2600,894784,8279772.9600,0.289200,1,0.000000,23.997023,1.553623,2.366567,323.717557,0
2021-05-07,sh.603339,9.2500,9.2700,9.0900,9.1300,9.2600,1115437,10220764.6800,0.360500,1,-1.403900,23.660131,1.531811,2.333343,319.172926,0
2021-05-10,sh.603339,9.1400,9.1400,8.9800,9.0100,9.1300,1653064,14909576.1200,0.534200,1,-1.314300,23.349155,1.511678,2.302675,314.977882,0
2021-05-11,sh.603339,9.3000,9.3000,9.0200,9.1600,9.0100,1303632,11863720.6400,0.421300,1,1.664800,23.737876,1.536845,2.341010,320.221687,0
2021-05-12,sh.603339,9.2100,9.2500,9.0800,9.2200,9.1600,1091632,10017142.2000,0.352800,1,0.655000,23.893364,1.546911,2.356344,322.319209,0
2021-05-13,sh.603339,9.2200,9.2800,9.1200,9.1700,9.2200,755424,6944310.7600,0.244100,1,-0.542300,23.763790,1.538523,2.343566,320.571274,0
2021-05-14,sh.603339,9.1800,9.3000,9.1700,9.3000,9.1700,985704,9121028.6400,0.318500,1,1.417700,24.100681,1.560334,2.376790,325.115905,0
2021-05-17,sh.603339,9.2600,9.3000,9.1700,9.1900,9.3000,917368,8451034.5200,0.296500,1,-1.182800,23.815620,1.541878,2.348677,321.270448,0
2021-05-18,sh.603339,9.1900,9.2300,9.1200,9.1600,9.1900,880352,8072287.7200,0.284500,1,-0.326400,23.737876,1.536845,2.341010,320.221687,0
2021-05-19,sh.603339,9.2200,9.2300,9.0100,9.0400,9.1600,1314716,11962599.6000,0.424900,1,-1.310000,23.426899,1.516711,2.310342,316.026643,0
2021-05-20,sh.603339,9.0500,9.2300,9.0300,9.1700,9.0400,1140487,10455727.4000,0.368600,1,1.438100,23.763790,1.538523,2.343566,320.571274,0
2021-05-21,sh.603339,9.2000,9.2000,9.0500,9.0800,9.1700,1198103,10914043.5000,0.387200,1,-0.981500,23.530558,1.523423,2.320564,317.424991,0
2021-05-24,sh.603339,9.0900,9.1800,9.0900,9.1400,9.0800,601188,5488901.7200,0.194300,1,0.660800,23.686046,1.533489,2.335899,319.522513,0
2021-05-25,sh.603339,9.1900,9.2200,9.1200,9.2000,9.1400,932560,8556233.0000,0.301400,1,0.656500,23.841534,1.543556,2.351233,321.620035,0
2021-05-26,sh.603339,9.2100,9.4300,9.1700,9.2900,9.2000,1519256,14141457.6800,0.491000,1,0.978300,24.074767,1.558656,2.374234,324.766318,0
2021-05-27,sh.603339,9.2500,9.2800,9.1700,9.2600,9.1900,1346040,12441131.4400,0.435000,1,0.761700,23.997023,1.553623,2.366567,323.717557,0
2021-05-28,sh.603339,9.3000,9.3000,9.1800,9.1900,9.2600,1006756,9289887.8800,0.325300,1,-0.755900,23.815620,1.541878,2.348677,321.270448,0
2021-05-31,sh.603339,9.2900,9.4800,9.2200,9.4500,9.1900,1862497,17496475.2600,0.601900,1,2.829200,24.489402,1.585500,2.415125,330.359709,0
2021-06-01,sh.603339,9.4400,9.5600,9.3500,9.4700,9.4500,1535799,14534875.5500,0.496300,1,0.211600,24.541232,1.588856,2.420236,331.058883,0
2021-06-02,sh.603339,9.4800,9.5400,9.3700,9.3800,9.4700,1181735,11143111.7500,0.381900,1,-0.950400,24.307999,1.573756,2.397235,327.912601,0
2021-06-03,sh.603339,9.3800,9.6800,9.3700,9.5600,9.3800,2449666,23464526.9200,0.791600,1,1.919000,24.774464,1.603956,2.443237,334.205166,0
2021-06-04,sh.603339,9.6500,9.6500,9.4900,9.5000,9.5600,1030352,9836205.4000,0.333000,1,-0.627600,24.618976,1.593889,2.427903,332.107644,0
2021-06-07,sh.603339,9.5000,9.7400,9.4800,9.6000,9.5000,1102471,10606709.9700,0.356300,1,1.052600,24.878123,1.610667,2.453460,335.603514,0
2021-06-08,sh.603339,9.6000,9.7100,9.5300,9.6400,9.6000,1075170,10347033.2000,0.347500,1,0.416700,24.981782,1.617378,2.463683,337.001862,0
2021-06-09,sh.603339,9.6400,9.8700,9.5700,9.5900,9.6400,921300,8900374.0400,0.297700,1,-0.518700,24.852208,1.608989,2.450905,335.253927,0
2021-06-10,sh.603339,9.5600,9.6400,9.4600,9.5000,9.5900,1191492,11338110.7200,0.385000,1,-0.938500,24.618976,1.593889,2.427903,332.107644,0
2021-06-11,sh.603339,9.5000,9.6500,9.4500,9.4500,9.5000,1100536,10478426.1200,0.355700,1,-0.526300,24.489402,1.585500,2.415125,330.359709,0
2021-06-15,sh.603339,9.4500,9.5200,9.3600,9.4900,9.4500,992700,9381025.1200,0.320800,1,0.423300,24.593061,1.592211,2.425348,331.758057,0
2021-06-16,sh.603339,9.4400,9.5500,9.2700,9.2800,9.4900,1543144,14552483.9200,0.498700,1,-2.212900,24.048852,1.556978,2.371678,324.416731,0
2021-06-17,sh.603339,9.2800,9.7800,9.2300,9.5300,9.2800,2236220,21435798.6600,0.722700,1,2.694000,24.696720,1.598923,2.435570,333.156405,0
2021-06-18,sh.603339,9.4400,9.8200,9.4100,9.8100,9.5300,3020171,29235761.3100,0.976000,1,2.938100,25.422332,1.645900,2.507130,342.944841,0
2021-06-21,sh.603339,9.7800,9.9000,9.6300,9.7000,9.8100,1877472,18235408.5200,0.606700,1,-1.121300,25.137270,1.627445,2.479017,339.099384,0
2021-06-22,sh.603339,9.7000,9.9000,9.6500,9.8000,9.7000,1998277,19573100.6300,0.645800,1,1.030900,25.396417,1.644223,2.504574,342.595254,0
2021-06-23,sh.603339,9.7700,9.9300,9.7300,9.8800,9.8000,1685464,16609445.5100,0.544700,1,0.816300,25.603735,1.657645,2.525019,345.391950,0
2021-06-24,sh.603339,9.8700,9.9100,9.7100,9.7300,9.8800,1529009,14946710.6500,0.494100,1,-1.518200,25.215014,1.632478,2.486684,340.148145,0
2021-06-25,sh.603339,9.7500,9.8100,9.6400,9.7100,9.7300,1697761,16467410.7500,0.548700,1,-0.205500,25.163185,1.629123,2.481573,339.448971,0
2021-06-28,sh.603339,9.7000,9.7100,9.5800,9.6500,9.7100,1046607,10089547.7600,0.338200,1,-0.617900,25.007696,1.619056,2.466239,337.351449,0
2021-06-29,sh.603339,9.6500,9.7300,9.4800,9.4800,9.6500,983824,9403061.1500,0.317900,1,-1.761700,24.567146,1.590534,2.422792,331.408470,0
2021-06-30,sh.603339,9.4800,9.5500,9.4400,9.5300,9.4800,844400,8013839.9200,0.272900,1,0.527400,24.696720,1.598923,2.435570,333.156405,0
2021-07-01,sh.603339,9.5100,9.7000,9.4500,9.5100,9.5300,975441,9341033.4500,0.315200,1,-0.209900,24.644890,1.595567,2.430459,332.457231,0
2021-07-02,sh.603339,9.5100,9.5400,9.3500,9.3800,9.5100,1076862,10139007.6200,0.348000,1,-1.367000,24.307999,1.573756,2.397235,327.912601,0
2021-07-05,sh.603339,9.3700,9.5800,9.3700,9.5800,9.3800,837906,7946819.6000,0.270800,1,2.132200,24.826293,1.607312,2.448349,334.904340,0
2021-07-06,sh.603339,9.5800,9.6400,9.5100,9.6100,9.5800,1049473,10042638.4900,0.339200,1,0.313200,24.904038,1.612345,2.456016,335.953101,0
2021-07-07,sh.603339,9.6000,9.6500,9.5100,9.5300,9.6100,1079772,10341593.1600,0.348900,1,-0.832500,24.696720,1.598923,2.435570,333.156405,0
2021-07-08,sh.603339,9.5300,9.5800,9.3700,9.3900,9.5300,1132346,10676138.9600,0.365900,1,-1.469000,24.333914,1.575434,2.399791,328.262187,0
2021-07-09,sh.603339,9.3900,9.4400,9.3000,9.4400,9.3900,1318849,12320430.8800,0.426200,1,0.532500,24.463487,1.583823,2.412569,330.010122,0
2021-07-12,sh.603339,9.4100,9.6800,9.4100,9.6700,9.4400,1854654,17760277.2800,0.599400,1,2.436400,25.059526,1.622411,2.471350,338.050623,0
2021-07-13,sh.603339,9.6400,9.7500,9.5900,9.7100,9.6700,1545964,14992371.2800,0.499600,1,0.413700,25.163185,1.629123,2.481573,339.448971,0
2021-07-14,sh.603339,9.7200,10.0200,9.6400,9.8700,9.7100,4352601,43040942.2600,1.406600,1,1.647800,25.577820,1.655967,2.522464,345.042363,0
2021-07-15,sh.603339,9.9400,9.9800,9.7000,9.9500,9.8700,3003590,29612849.1800,0.970600,1,0.810500,25.785138,1.669389,2.542909,347.839059,0
2021-07-16,sh.603339,10.0400,10.0600,9.8400,9.8700,9.9500,2175750,21585483.6600,0.703100,1,-0.804000,25.577820,1.655967,2.522464,345.042363,0
2021-07-19,sh.603339,9.9300,9.9400,9.8000,9.8200,9.8700,1671473,16469249.1100,0.540200,1,-0.506600,25.448246,1.647578,2.509685,343.294428,0
2021-07-20,sh.603339,9.8300,9.9200,9.6800,9.9200,9.8200,1618612,15856699.9800,0.523100,1,1.018300,25.707394,1.664356,2.535242,346.790298,0
2021-07-21,sh.603339,9.9600,10.4900,9.8600,10.2800,9.9200,4942426,50753001.7400,1.597200,1,3.629000,26.640323,1.724756,2.627247,359.375430,0
2021-07-22,sh.603339,10.2800,10.3200,10.1500,10.3000,10.2800,2729476,27932653.0600,0.882100,1,0.194600,26.692153,1.728112,2.632358,360.074604,0
2021-07-23,sh.603339,10.2500,10.4900,10.1000,10.4300,10.3000,3637480,37490909.8000,1.175500,1,1.262100,27.029044,1.749923,2.665582,364.619235,0
2021-07-26,sh.603339,10.3700,10.3800,10.0500,10.2600,10.4300,2450988,25041017.2500,0.792100,1,-1.629900,26.588494,1.721400,2.622136,358.676256,0
2021-07-27,sh.603339,10.2500,10.5100,10.1100,10.3100,10.2600,3532086,36709084.1000,1.141400,1,0.487300,26.718067,1.729789,2.634914,360.424191,0
2021-07-28,sh.603339,10.2400,10.2400,9.8800,10.1000,10.3100,2502321,25149012.9700,0.808700,1,-2.036900,26.173858,1.694556,2.581245,353.082864,0
2021-07-29,sh.603339,10.1500,10.4800,10.1200,10.3900,10.1000,3234175,33526888.4800,1.045200,1,2.871300,26.925385,1.743212,2.655360,363.220887,0
2021-07-30,sh.603339,10.3600,10.8200,10.2300,10.7800,10.3900,5196856,55203960.4400,1.679400,1,3.753600,27.936059,1.808645,2.755031,376.854780,0
2021-08-02,sh.603339,10.8000,10.8700,10.6500,10.7200,10.7800,2873678,30815042.5400,0.928700,1,-0.556600,27.780570,1.798578,2.739697,374.757258,0
2021-08-03,sh.603339,10.7000,10.8100,10.5400,10.6400,10.7200,2830252,30221139.6000,0.914600,1,-0.746300,27.573253,1.785156,2.719252,371.960562,0
2021-08-04,sh.603339,10.6300,10.8500,10.5100,10.7800,10.6400,3278105,35054102.9300,1.059400,1,1.315800,27.936059,1.808645,2.755031,376.854780,0
2021-08-05,sh.603339,10.7000,10.8500,10.3700,10.3700,10.7800,3480136,36647289.1200,1.124700,1,-3.803300,26.873556,1.739856,2.650248,362.521713,0
2021-08-06,sh.603339,10.3800,10.6300,10.3200,10.5500,10.3700,3060112,32064471.8000,0.988900,1,1.735800,27.340020,1.770056,2.696251,368.814279,0
2021-08-09,sh.603339,10.5600,10.6500,10.3800,10.3900,10.5500,1763116,18401372.8000,0.569800,1,-1.516600,26.925385,1.743212,2.655360,363.220887,0
2021-08-10,sh.603339,10.3500,10.6400,10.3500,10.5500,10.3900,1899192,19980153.2800,0.613700,1,1.539900,27.340020,1.770056,2.696251,368.814279,0
2021-08-11,sh.603339,10.5400,10.7700,10.4600,10.6500,10.5500,2533104,26959429.3200,0.818600,1,0.947900,27.599168,1.786834,2.721807,372.310149,0
2021-08-12,sh.603339,10.6600,10.8200,10.5100,10.6000,10.6500,2830051,30110170.3500,0.914600,1,-0.469500,27.469594,1.778445,2.709029,370.562214,0
2021-08-13,sh.603339,10.6500,10.6700,10.4900,10.5700,10.6000,1971112,20809894.5400,0.637000,1,-0.283000,27.391850,1.773412,2.701362,369.513453,0
2021-08-16,sh.603339,10.5700,11.0800,10.5100,10.9200,10.5700,5939321,64616803.4200,1.919400,1,3.311300,28.298865,1.832134,2.790811,381.748998,0
2021-08-17,sh.603339,10.9000,11.0700,10.6900,10.6900,10.9200,3960036,42841984.7300,1.279700,1,-2.106200,27.702826,1.793545,2.732030,373.708497,0
2021-08-18,sh.603339,10.6400,10.6800,10.3900,10.4700,10.6900,3289460,34584321.8800,1.063000,1,-2.058000,27.132703,1.756634,2.675805,366.017583,0
2021-08-19,sh.603339,10.5400,10.5900,10.2800,10.3600,10.4700,1996993,20765168.6800,0.645400,1,-1.050600,25.269990,1.726962,2.532504,-16.182591,0
2021-08-20,sh.603339,10.3200,10.3800,10.0500,10.1800,10.3600,2622440,26659973.4700,0.847500,1,-1.737500,24.830936,1.696957,2.488503,-15.901426,0
2021-08-23,sh.603339,10.1800,11.0600,10.1500,11.0100,10.1800,6780026,73625334.7400,2.191100,1,8.153200,26.855462,1.835314,2.691396,-17.197908,0
2021-08-24,sh.603339,11.0200,11.0900,10.8000,10.9700,11.0100,4614448,50469367.0800,1.491200,1,-0.363300,26.757895,1.828646,2.681618,-17.135427,0
2021-08-25,sh.603339,10.9400,11.2700,10.8300,11.1700,10.9700,4622945,51201265.8100,1.494000,1,1.823200,27.245732,1.861985,2.730508,-17.447832,0
2021-08-26,sh.603339,11.1800,11.3500,11.0200,11.1600,11.1700,3702058,41390535.3500,1.196400,1,-0.089500,27.221340,1.860318,2.728064,-17.432212,0
2021-08-27,sh.603339,11.1400,11.2900,11.0600,11.1500,11.1600,3458756,38587889.1600,1.117700,1,-0.089600,27.196949,1.858651,2.725619,-17.416592,0
2021-08-30,sh.603339,11.2100,11.2500,10.9600,11.0400,11.1500,2814329,31109747.9600,0.909500,1,-0.986500,26.928638,1.840314,2.698730,-17.244769,0
2021-08-31,sh.603339,11.0500,11.1200,10.8700,11.0400,11.0400,2348082,25770248.3800,0.758800,1,0.000000,26.928638,1.840314,2.698730,-17.244769,0
2021-09-01,sh.603339,11.0300,11.0700,10.7600,10.9000,11.0400,2612124,28527680.8200,0.844100,1,-1.268100,26.587152,1.816977,2.664507,-17.026085,0
2021-09-02,sh.603339,10.9200,11.2800,10.8500,11.1900,10.9000,3013524,33546138.9300,0.973900,1,2.660600,27.294516,1.865319,2.735397,-17.479073,0
2021-09-03,sh.603339,11.2300,11.2300,10.9400,11.0900,11.1900,2945636,32704999.1200,0.951900,1,-0.893700,27.050597,1.848649,2.710952,-17.322870,0
2021-09-06,sh.603339,11.0800,11.1900,10.9700,11.1600,11.0900,2494556,27663678.6800,0.806100,1,0.631200,27.221340,1.860318,2.728064,-17.432212,0
2021-09-07,sh.603339,11.1500,11.2800,11.0700,11.0900,11.1600,2554675,28447810.8700,0.825600,1,-0.627200,27.050597,1.848649,2.710952,-17.322870,0
2021-09-08,sh.603339,11.0700,11.4100,10.9900,11.3200,11.0900,4852817,54436430.7800,1.568300,1,2.073900,27.611611,1.886989,2.767176,-17.682136,0
2021-09-09,sh.603339,11.3300,11.3800,11.0000,11.0300,11.3200,3381353,37606983.5500,1.092700,1,-2.561800,26.904246,1.838648,2.696285,-17.229149,0
2021-09-10,sh.603339,11.0100,11.1800,10.8800,11.0400,11.0300,3033837,33367511.1000,0.980400,1,0.090700,26.928638,1.840314,2.698730,-17.244769,0
2021-09-13,sh.603339,11.1200,11.2800,10.9600,11.2000,11.0400,3161443,35149430.9700,1.021700,1,1.449300,27.318908,1.866986,2.737842,-17.494693,0
2021-09-14,sh.603339,11.2500,11.3500,11.0000,11.0900,11.2000,3279228,36724258.0100,1.059700,1,-0.982100,27.050597,1.848649,2.710952,-17.322870,0
2021-09-15,sh.603339,11.0400,11.7500,11.0400,11.5500,11.0900,6541398,75416900.6700,2.113900,1,4.147900,28.172624,1.925329,2.823399,-18.041402,0
2021-09-16,sh.603339,11.5700,12.0400,11.4500,11.6300,11.5500,7477316,87635475.5500,2.416400,1,0.692600,28.367759,1.938665,2.842955,-18.166364,0
2021-09-17,sh.603339,11.6200,12.5000,11.4500,12.3500,11.6300,14084227,169144808.4200,4.551500,1,6.190900,30.123974,2.058685,3.018959,-19.291023,0
2021-09-22,sh.603339,12.0000,12.3500,11.9000,12.3500,12.3500,6860600,83358429.1600,2.217100,1,0.000000,30.123974,2.058685,3.018959,-19.291023,0
2021-09-23,sh.603339,12.4000,12.4400,12.0100,12.1100,12.3500,5237876,63562043.3900,1.692700,1,-1.943300,29.538569,2.018678,2.960291,-18.916137,0
2021-09-24,sh.603339,11.9400,11.9400,11.0400,11.0800,12.1100,8784021,100180552.0400,2.838700,1,-8.505400,27.026205,1.846982,2.708508,-17.307250,0
2021-09-27,sh.603339,11.0500,11.0500,10.4100,10.6000,11.0800,5164011,55246048.8300,1.668800,1,-4.332100,25.855395,1.766969,2.591172,-16.557477,0
2021-09-28,sh.603339,10.5400,10.7100,10.5000,10.5200,10.6000,1819309,19270609.2200,0.587900,1,-0.754700,25.660260,1.753633,2.571616,-16.432515,0
2021-09-29,sh.603339,10.7100,10.7100,10.1900,10.3100,10.5200,2294198,23764719.4500,0.741400,1,-1.996200,25.148030,1.718627,2.520281,-16.104490,0
2021-09-30,sh.603339,10.3700,10.4700,10.3000,10.4000,10.3100,1287671,13401131.4100,0.416100,1,0.872900,25.367557,1.733630,2.542282,-16.245072,0
2021-10-08,sh.603339,10.5700,10.6500,10.5000,10.6200,10.4000,1372720,14522953.4800,0.443600,1,2.115400,25.904179,1.770303,2.596061,-16.588718,0
2021-10-11,sh.603339,10.6200,10.6900,10.4500,10.4900,10.6200,1453787,15306652.1800,0.469800,1,-1.224100,25.587084,1.748632,2.564282,-16.385654,0
2021-10-12,sh.603339,10.5500,10.5500,10.1700,10.2700,10.4900,1862407,19153580.3600,0.601900,1,-2.097200,25.050463,1.711959,2.510503,-16.042009,0
2021-10-13,sh.603339,10.2700,10.4400,10.2000,10.3700,10.2700,1048956,10846087.8000,0.339000,1,0.973700,25.294382,1.728629,2.534948,-16.198211,0
2021-10-14,sh.603339,10.3700,10.5800,10.3100,10.4700,10.3700,1158307,12138147.5000,0.374300,1,0.964300,25.538301,1.745298,2.559393,-16.354414,0
2021-10-15,sh.603339,10.4100,10.6300,10.3300,10.5600,10.4700,1404500,14730286.7700,0.453900,1,0.859600,25.757828,1.760301,2.581394,-16.494996,0
2021-10-18,sh.603339,10.6400,11.0700,10.6400,10.8800,10.5600,3850263,41976331.0600,1.244300,1,3.030300,23.916082,1.764244,2.374834,-45.471571,0
2021-10-19,sh.603339,11.1000,11.1300,10.9100,10.9800,10.8800,2444216,26920352.0400,0.789900,1,0.919100,24.135899,1.780460,2.396662,-45.889508,0
2021-10-20,sh.603339,10.8700,11.3400,10.8500,11.1800,10.9800,3162406,35301980.7200,1.022000,1,1.821500,24.575533,1.812891,2.440317,-46.725383,0
2021-10-21,sh.603339,11.1800,11.4300,11.1300,11.1600,11.1800,2368296,26669467.7200,0.765300,1,-0.178900,24.531570,1.809648,2.435951,-46.641795,0
2021-10-22,sh.603339,11.1400,11.2200,10.8900,10.9000,11.1600,2066328,22733958.5600,0.667800,1,-2.329700,23.960046,1.767487,2.379200,-45.555158,0
2021-10-25,sh.603339,11.0100,11.0300,10.6700,10.9400,10.9000,1823531,19814281.0300,0.589300,1,0.367000,24.047972,1.773974,2.387931,-45.722333,0
2021-10-26,sh.603339,10.9200,11.0800,10.7900,10.8300,10.9400,1539092,16799075.7600,0.497400,1,-1.005500,23.806174,1.756137,2.363920,-45.262602,0
2021-10-27,sh.603339,11.0200,11.0200,10.4100,10.6500,10.8300,2602158,27651810.4600,0.840900,1,-1.662000,23.410503,1.726949,2.324631,-44.510315,0
2021-10-28,sh.603339,10.5000,10.6400,10.2200,10.2800,10.6500,2206883,22817480.0200,0.713200,1,-3.474200,22.597181,1.666951,2.243869,-42.963947,0
2021-10-29,sh.603339,10.3700,10.4400,10.0600,10.3200,10.2800,2049144,21055963.9600,0.662200,1,0.389100,22.685108,1.673438,2.252600,-43.131122,0
2021-11-01,sh.603339,10.3900,10.6100,10.2500,10.6000,10.3200,1722919,18066994.0300,0.556800,1,2.713200,23.300595,1.718841,2.313717,-44.301347,0
2021-11-02,sh.603339,10.5400,10.7700,10.2600,10.3800,10.6000,1879894,19724053.3800,0.607500,1,-2.075500,22.816998,1.683167,2.265697,-43.381885,0
2021-11-03,sh.603339,10.3800,10.6800,10.2600,10.5900,10.3800,1743634,18340558.6200,0.563500,1,2.023100,23.278613,1.717219,2.311534,-44.259553,0
2021-11-04,sh.603339,10.5500,10.9800,10.5200,10.9300,10.5900,2609316,28222018.1200,0.843200,1,3.210600,24.025991,1.772352,2.385748,-45.680539,0
2021-11-05,sh.603339,10.9000,11.0600,10.8200,10.9200,10.9300,1733208,18925215.0400,0.560100,1,-0.091500,24.004009,1.770731,2.383565,-45.638746,0
2021-11-08,sh.603339,10.9200,11.3000,10.7600,11.2400,10.9200,3328664,37112473.4700,1.075700,1,2.930400,24.707423,1.822620,2.453413,-46.976145,0
2021-11-09,sh.603339,11.1800,11.2900,11.0900,11.2600,11.2400,2066902,23156250.0700,0.667900,1,0.177900,24.751387,1.825863,2.457779,-47.059732,0
2021-11-10,sh.603339,11.2600,11.3400,11.1000,11.3000,11.2600,2484560,27899913.0800,0.802900,1,0.355200,24.839313,1.832349,2.466510,-47.226907,0
2021-11-11,sh.603339,11.2500,11.5700,11.2300,11.4200,11.3000,2858899,32749193.9900,0.923900,1,1.061900,25.103094,1.851808,2.492703,-47.728432,0
2021-11-12,sh.603339,11.4000,11.7500,11.4000,11.5400,11.4200,2593688,29950902.6000,0.838200,1,1.050800,25.366874,1.871267,2.518896,-48.229957,0
2021-11-15,sh.603339,11.5500,11.8800,11.5200,11.6500,11.5400,3758922,44049050.1800,1.214700,1,0.953200,25.608673,1.889104,2.542906,-48.689688,0
2021-11-16,sh.603339,11.6100,11.8400,11.4900,11.5500,11.6500,3216240,37443864.0800,1.039400,1,-0.858400,25.388856,1.872888,2.521079,-48.271750,0
2021-11-17,sh.603339,11.4500,12.0100,11.4200,11.9400,11.5500,4221680,50054815.4800,1.364300,1,3.376600,26.246142,1.936128,2.606206,-49.901705,0
2021-11-18,sh.603339,11.9200,12.0400,11.7600,11.8400,11.9400,2401448,28458272.8800,0.776100,1,-0.837500,26.026325,1.919913,2.584378,-49.483768,0
2021-11-19,sh.603339,11.9400,12.0800,11.7600,12.0300,11.8400,2852098,34121780.3400,0.921700,1,1.604700,26.443977,1.950722,2.625851,-50.277849,0
2021-11-22,sh.603339,12.0300,12.0500,11.7400,11.8700,12.0300,2613312,31057468.6800,0.844500,1,-1.330000,26.092270,1.924778,2.590927,-49.609149,0
2021-11-23,sh.603339,11.9500,11.9800,11.7500,11.8500,11.8700,2147748,25477210.3600,0.694100,1,-0.168500,26.048307,1.921535,2.586561,-49.525562,0
2021-11-24,sh.603339,11.8300,11.9000,11.6100,11.7800,11.8500,3002668,35188129.2000,0.970400,1,-0.590700,25.894435,1.910184,2.571282,-49.233006,0
2021-11-25,sh.603339,11.7700,12.2400,11.6700,11.9200,11.7800,3215191,38443921.5900,1.039000,1,1.188500,26.202178,1.932885,2.601840,-49.818118,0
2021-11-26,sh.603339,11.9700,11.9900,11.6900,11.7000,11.9200,2451617,28846693.3400,0.792300,1,-1.845600,25.718581,1.897211,2.553820,-48.898656,0
2021-11-29,sh.603339,11.5100,12.4200,11.5000,12.0500,11.7000,5030408,60679608.7600,1.625600,1,2.991500,26.487940,1.953966,2.630216,-50.361436,0
2021-11-30,sh.603339,12.1400,12.3400,11.8800,12.1900,12.0500,3932030,47740277.2000,1.270700,1,1.161800,26.795684,1.976667,2.660775,-50.946549,0
2021-12-01,sh.603339,12.2800,12.4500,12.1200,12.3100,12.1900,3794241,46700860.3100,1.226200,1,0.984400,27.059464,1.996126,2.686968,-51.448073,0
2021-12-02,sh.603339,12.3100,12.3900,12.0300,12.1400,12.3100,2167902,26278346.4800,0.700600,1,-1.381000,26.685776,1.968559,2.649861,-50.737580,0
2021-12-03,sh.603339,12.0900,12.2300,11.9100,12.1900,12.1400,2431149,29343222.1600,0.785700,1,0.411900,26.795684,1.976667,2.660775,-50.946549,0
2021-12-06,sh.603339,12.1800,12.2000,11.6700,11.7000,12.1900,3824621,45311742.2500,1.236000,1,-4.019700,25.718581,1.897211,2.553820,-48.898656,0
2021-12-07,sh.603339,11.7600,11.9200,11.4000,11.5000,11.7000,3132633,36256455.3800,1.012400,1,-1.709400,25.278947,1.864780,2.510165,-48.062782,0
2021-12-08,sh.603339,11.5200,12.6500,11.5200,12.6500,11.5000,14442500,180878784.1300,4.667300,1,10.000000,27.806842,2.051258,2.761181,-52.869060,0
2021-12-09,sh.603339,12.8000,12.8800,12.2800,12.3600,12.6500,15432148,192318726.1200,4.987100,1,-2.292500,27.169373,2.004234,2.697882,-51.657042,0
2021-12-10,sh.603339,12.3400,12.8800,12.2600,12.6700,12.3600,11114086,139843491.8400,3.591700,1,2.508100,27.850805,2.054502,2.765547,-52.952647,0
2021-12-13,sh.603339,13.3800,13.9400,12.7000,12.7500,12.6700,20963176,275276306.8900,6.774500,1,0.631400,28.026659,2.067474,2.783009,-53.286997,0
2021-12-14,sh.603339,12.7400,14.0300,12.7100,14.0300,12.7500,16822890,231223462.7900,5.436500,1,10.039200,30.840316,2.275032,3.062401,-58.636594,0
2021-12-15,sh.603339,14.3000,14.8800,13.6900,13.7200,14.0300,28985646,412268712.7400,9.367100,1,-2.209600,30.158883,2.224764,2.994736,-57.340988,0
2021-12-16,sh.603339,13.4900,13.7000,13.3000,13.5600,13.7200,15490224,209147462.7700,5.005900,1,-1.166200,29.807176,2.198819,2.959812,-56.672289,0
2021-12-17,sh.603339,13.4900,13.9500,13.1300,13.2500,13.5600,12592177,169788206.6900,4.069300,1,-2.286100,29.125744,2.148551,2.892146,-55.376683,0
2021-12-20,sh.603339,13.2700,13.6800,13.0600,13.6400,13.2500,9556242,128695166.3900,3.088200,1,2.943400,29.983030,2.211792,2.977274,-57.006638,0
2021-12-21,sh.603339,13.4800,13.9900,13.2800,13.7700,13.6400,9777006,132661178.1600,3.159600,1,0.953100,30.268792,2.232872,3.005650,-57.549957,0
2021-12-22,sh.603339,13.7700,13.7700,13.3100,13.3600,13.7700,6849220,92000717.0100,2.213400,1,-2.977500,29.367542,2.166388,2.916157,-55.836414,0
2021-12-23,sh.603339,13.3500,13.3500,12.9200,13.1700,13.3600,6688587,87393579.2400,2.161500,1,-1.422200,28.949890,2.135579,2.874684,-55.042333,0
2021-12-24,sh.603339,13.2300,13.9000,13.1500,13.4300,13.1700,10129589,137429698.6000,3.273500,1,1.974200,29.521414,2.177739,2.931436,-56.128970,0
2021-12-27,sh.603339,13.4900,13.7800,13.2100,13.6000,13.4300,6287376,85353424.4500,2.031800,1,1.265800,29.895103,2.205305,2.968543,-56.839464,0
2021-12-28,sh.603339,13.4900,14.2200,13.2500,14.1700,13.6000,11800281,164261011.5200,3.813400,1,4.191200,31.148059,2.297734,3.092960,-59.221706,0
2021-12-29,sh.603339,14.1700,14.5000,13.8100,14.1800,14.1700,8823728,124617955.9400,2.851500,1,0.070600,31.170041,2.299355,3.095142,-59.263499,0
2021-12-30,sh.603339,14.1200,14.4400,13.9200,13.9800,14.1800,7809387,110791080.9000,2.523700,1,-1.410400,30.730407,2.266924,3.051487,-58.427625,0
2021-12-31,sh.603339,13.8000,14.0800,13.7100,13.7500,13.9800,6187106,85648198.9100,1.999400,1,-1.645200,30.224828,2.229629,3.001284,-57.466369,0
2022-01-04,sh.603339,13.9600,13.9900,13.5100,13.7200,13.7500,5264324,72126939.4000,1.701200,1,-0.218200,30.158883,2.224764,2.994736,-57.340988,0
2022-01-05,sh.603339,13.6200,13.7500,13.0400,13.0900,13.7200,7678417,101817272.5100,2.481400,1,-4.591800,28.774037,2.122607,2.857222,-54.707984,0
2022-01-06,sh.603339,13.2900,14.0600,13.2600,13.5400,13.0900,8583436,117081144.6400,2.773900,1,3.437700,29.763213,2.195576,2.955446,-56.588701,0
2022-01-07,sh.603339,13.5400,13.6600,13.0100,13.0100,13.5400,6833588,90496112.8400,2.208400,1,-3.914300,28.598183,2.109634,2.839760,-54.373634,0
2022-01-10,sh.603339,13.0200,13.3400,12.6900,13.1000,13.0100,4789196,62709875.8400,1.547700,1,0.691800,28.796018,2.124228,2.859405,-54.749777,0
2022-01-11,sh.603339,13.1300,14.1600,13.0500,13.8200,13.1000,9802431,135271252.2900,3.167800,1,5.496200,30.378700,2.240980,3.016563,-57.758925,0
2022-01-12,sh.603339,13.8800,14.0800,13.6200,13.9700,13.8200,6372110,88694456.7200,2.059200,1,1.085400,30.708426,2.265303,3.049305,-58.385831,0
2022-01-13,sh.603339,13.9300,14.6600,13.8700,14.2500,13.9700,12184928,175331840.7900,3.937700,1,2.004300,31.323913,2.310706,3.110422,-59.556056,0
2022-01-14,sh.603339,14.1000,14.2700,13.8000,13.8400,14.2500,6917037,96779776.1400,2.235300,1,-2.877200,30.422664,2.244223,3.020929,-57.842513,0
2022-01-17,sh.603339,13.8000,13.8800,13.6000,13.7400,13.8400,5331107,73238603.1100,1.722800,1,-0.722500,30.202847,2.228007,2.999101,-57.424576,0
2022-01-18,sh.603339,13.7000,13.8600,13.3000,13.4500,13.7400,6966486,94682754.8200,2.251300,1,-2.110600,29.565378,2.180982,2.935802,-56.212558,0
2022-01-19,sh.603339,13.6100,13.8500,13.2500,13.5500,13.4500,6719348,90685197.7200,2.171400,1,0.743500,29.785194,2.197198,2.957629,-56.630495,0
2022-01-20,sh.603339,13.4600,13.5900,12.9300,12.9700,13.5500,6487724,85500980.8800,2.096600,1,-4.280400,28.510256,2.103148,2.831029,-54.206459,0
2022-01-21,sh.603339,12.9500,13.2400,12.8500,13.1900,12.9700,3701539,48402449.2400,1.196200,1,1.696200,28.993853,2.138822,2.879050,-55.125921,0
2022-01-24,sh.603339,13.1600,13.1800,12.8600,12.9900,13.1900,2858808,37140138.8000,0.923900,1,-1.516300,28.554220,2.106391,2.835395,-54.290046,0
2022-01-25,sh.603339,12.9000,12.9800,12.4200,12.4200,12.9900,4504492,57099893.7600,1.455700,1,-4.388000,27.301263,2.013963,2.710978,-51.907804,0
2022-01-26,sh.603339,12.5100,12.7500,12.2100,12.6600,12.4200,3497443,43870678.1100,1.130200,1,1.932400,27.828824,2.052880,2.763364,-52.910854,0
2022-01-27,sh.603339,12.6200,12.6600,12.0200,12.0300,12.6600,3143956,38339081.4400,1.016000,1,-4.976300,26.443977,1.950722,2.625851,-50.277849,0
2022-01-28,sh.603339,12.1300,12.8300,11.9300,12.6700,12.0300,5313115,66341544.2500,1.717000,1,5.320000,27.850805,2.054502,2.765547,-52.952647,0
2022-02-07,sh.603339,12.8400,13.1000,12.6100,12.8200,12.6700,3864396,49797367.9200,1.248800,1,1.183900,28.180531,2.078825,2.798288,-53.579553,0
2022-02-08,sh.603339,12.8200,12.9500,12.6600,12.9000,12.8200,2483302,31845189.9800,0.802500,1,0.624000,28.356384,2.091797,2.815750,-53.913903,0
2022-02-09,sh.603339,12.8900,12.9500,12.7000,12.8700,12.9000,2430216,31162156.3200,0.785400,1,-0.232600,28.290439,2.086932,2.809202,-53.788522,0
2022-02-10,sh.603339,12.8800,12.8800,12.6600,12.7500,12.8700,1940849,24725513.6900,0.627200,1,-0.932400,28.026659,2.067474,2.783009,-53.286997,0
2022-02-11,sh.603339,12.7500,12.7500,12.3000,12.3200,12.7500,2819451,35019322.6600,0.911100,1,-3.372500,27.081446,1.997747,2.689151,-51.489867,0
2022-02-14,sh.603339,12.2700,12.5900,12.2200,12.3600,12.3200,1994210,24799984.3000,0.644500,1,0.324700,27.169373,2.004234,2.697882,-51.657042,0
2022-02-15,sh.603339,12.3600,12.4900,12.2100,12.3500,12.3600,1794876,22149014.9600,0.580000,1,-0.080900,27.147391,2.002612,2.695699,-51.615248,0
2022-02-16,sh.603339,12.4800,12.5000,12.3300,12.3800,12.3500,1703370,21140538.8800,0.550500,1,0.242900,27.213336,2.007477,2.702247,-51.740629,0
2022-02-17,sh.603339,12.3800,12.4500,12.1500,12.1600,12.3800,2629200,32309700.0000,0.849700,1,-1.777100,26.729739,1.971803,2.654227,-50.821167,0
2022-02-18,sh.603339,12.1100,12.3300,12.0100,12.2800,12.1600,1742520,21284935.7200,0.563100,1,0.986800,26.993519,1.991261,2.680420,-51.322692,0
2022-02-21,sh.603339,12.2700,12.5600,12.2200,12.5400,12.2800,1700520,21140110.6000,0.549500,1,2.117300,27.565043,2.033421,2.737171,-52.409329,0
2022-02-22,sh.603339,12.4800,12.5800,12.2000,12.2600,12.5400,2100644,25873581.2400,0.678900,1,-2.232900,26.949556,1.988018,2.676054,-51.239105,0
2022-02-23,sh.603339,12.4000,12.6700,12.2600,12.5200,12.2600,2547700,31806385.0800,0.823300,1,2.120700,27.521080,2.030178,2.732806,-52.325741,0
2022-02-24,sh.603339,12.4400,12.5700,11.8600,12.0500,12.5200,3553430,43257220.4400,1.148300,1,-3.754000,26.487940,1.953966,2.630216,-50.361436,0
2022-02-25,sh.603339,12.2000,12.4800,12.1800,12.3300,12.0500,2109424,25910991.9600,0.681700,1,2.323700,27.103428,1.999369,2.691333,-51.531661,0
2022-02-28,sh.603339,12.3100,12.3100,11.9300,12.2600,12.3300,3415044,41336952.0000,1.103600,1,-0.567700,26.949556,1.988018,2.676054,0.000000,0
2022-03-01,sh.603339,12.3000,12.4400,12.2500,12.3900,12.2600,1641484,20294859.0000,0.530500,1,1.060400,27.235318,2.009098,2.704430,-51.782423,0
2022-03-02,sh.603339,12.3800,12.6100,12.3500,12.5600,12.3900,2070464,25891366.0000,0.669100,1,1.372100,27.609007,2.036664,2.741537,-52.492916,0
2022-03-03,sh.603339,12.6000,12.6500,12.4700,12.4900,12.5600,1777492,22292343.0000,0.574400,1,-0.557300,27.455135,2.025314,2.726257,-52.200360,0
2022-03-04,sh.603339,12.4700,12.7300,12.3000,12.6000,12.4900,2930171,36818813.0000,0.946900,1,0.880700,27.696934,2.043151,2.750268,-52.660091,0
2022-03-07,sh.603339,12.5600,12.7500,12.2900,12.4000,12.6000,3336740,41793817.0000,1.078300,1,-1.587300,27.257300,2.010720,2.706613,-51.824217,0
2022-03-08,sh.603339,12.4100,12.5000,11.9500,12.0600,12.4000,2891756,35147404.0000,0.934500,1,-2.741900,26.509922,1.955587,2.632399,-50.403230,0
2022-03-09,sh.603339,12.0900,12.1800,11.1900,11.5100,12.0600,4714680,54924666.0000,1.523600,1,-4.560500,25.300929,1.866402,2.512348,-48.104575,0
2022-03-10,sh.603339,11.8200,12.0600,11.6300,11.6800,11.5100,4052868,47924436.0000,1.309700,1,1.477000,25.674618,1.893968,2.549454,-48.815069,0
2022-03-11,sh.603339,11.5200,11.6800,11.2100,11.6500,11.6800,3905758,44753660.0000,1.262200,1,-0.256800,25.608673,1.889104,2.542906,-48.689688,0
2022-03-14,sh.603339,11.5800,11.6500,11.1300,11.1500,11.6500,4334760,49045394.0000,1.400800,1,-4.291800,24.509588,1.808026,2.433769,-46.600001,0
2022-03-15,sh.603339,11.3800,11.3800,10.6900,10.6900,11.1500,3936728,43424968.0000,1.272200,1,-4.125600,19.150361,1.733435,2.002499,-44.677490,0
2022-03-16,sh.603339,10.8300,11.0500,10.5000,11.0400,10.6900,3931668,42493676.0000,1.270600,1,3.274100,19.777361,1.790189,2.068063,-46.140270,0
2022-03-17,sh.603339,11.3000,11.3000,10.9500,11.0200,11.0400,3112036,34537925.0000,1.005700,1,-0.181200,19.741532,1.786946,2.064316,-46.056683,0
2022-03-18,sh.603339,10.9300,11.2800,10.9000,11.1300,11.0200,2420396,26949345.2000,0.782200,1,0.998200,19.938589,1.804783,2.084922,-46.516414,0
2022-03-21,sh.603339,11.1700,11.3400,11.1100,11.2500,11.1300,3040896,34168697.3000,0.982700,1,1.078200,20.153561,1.824242,2.107401,-47.017939,0
2022-03-22,sh.603339,11.2200,11.3100,11.0900,11.1600,11.2500,2224176,24924174.0400,0.718800,1,-0.800000,19.992332,1.809648,2.090542,-46.641795,0
2022-03-23,sh.603339,11.2000,11.2600,11.0700,11.1300,11.1600,2011618,22457017.0800,0.650100,1,-0.268800,19.938589,1.804783,2.084922,-46.516414,0
2022-03-24,sh.603339,11.1200,11.1500,10.9200,10.9700,11.1300,2433307,26793292.0700,0.786400,1,-1.437600,19.651961,1.778838,2.054950,-45.847714,0
2022-03-25,sh.603339,10.8900,11.2400,10.8900,11.0800,10.9700,2243752,24956444.8800,0.725100,1,1.002700,19.849018,1.796675,2.075556,-46.307445,0
2022-03-28,sh.603339,11.0100,11.1200,10.7800,10.9500,11.0800,2402480,26219649.2700,0.776400,1,-1.173300,19.616132,1.775595,2.051204,-45.764127,0
2022-03-29,sh.603339,11.0500,11.0500,10.8000,10.8500,10.9500,2187900,23824751.7200,0.707000,1,-0.913200,19.436990,1.759380,2.032471,-45.346190,0
2022-03-30,sh.603339,10.8900,10.9200,10.7400,10.7700,10.8500,2289200,24720718.0000,0.739800,1,-0.737300,19.293675,1.746407,2.017485,-45.011840,0
2022-03-31,sh.603339,10.8100,11.0200,10.7400,10.9600,10.7700,2240056,24478915.1600,0.723900,1,1.764200,19.634047,1.777217,2.053077,-45.805921,0
2022-04-01,sh.603339,10.8800,10.9600,10.7800,10.8100,10.9600,2873072,31183017.2400,0.928500,1,-1.368600,19.365333,1.752894,2.024978,-45.179015,0
2022-04-06,sh.603339,10.8300,11.0200,10.7700,11.0000,10.8100,1949568,21372536.1600,0.630000,1,1.757600,19.705704,1.783703,2.060570,-45.973096,0
2022-04-07,sh.603339,10.9300,10.9300,10.5300,10.5500,11.0000,3419560,36583093.5200,1.105100,1,-4.090900,18.899561,1.710733,1.976274,-44.092378,0
2022-04-08,sh.603339,10.5200,10.6200,10.3000,10.3800,10.5500,1763561,18393505.9000,0.569900,1,-1.611400,18.595019,1.683167,1.944429,-43.381885,0
2022-04-11,sh.603339,10.4000,10.8300,10.4000,10.5200,10.3800,3180106,33814589.4000,1.027700,1,1.348700,18.845819,1.705869,1.970654,-43.966997,0
2022-04-12,sh.603339,10.6600,11.5700,10.1600,11.1500,10.5200,7645686,83914196.4800,2.470800,1,5.988600,19.974418,1.808026,2.088669,-46.600001,0
2022-04-13,sh.603339,11.1600,11.7700,10.9100,11.4500,11.1500,12741618,145066774.4400,4.117600,1,2.690600,20.511846,1.856673,2.144866,-47.853813,0
2022-04-14,sh.603339,11.3500,11.3800,11.0000,11.1600,11.4500,8204550,91362530.2000,2.651400,1,-2.532800,19.992332,1.809648,2.090542,-46.641795,0
2022-04-15,sh.603339,11.0500,11.0800,10.3900,10.4000,11.1600,6939944,73506000.8000,2.242700,1,-6.810000,18.630847,1.686410,1.948175,-43.465472,0
2022-04-18,sh.603339,10.3700,11.0500,10.1000,10.7700,10.4000,5796486,61138908.4000,1.873200,1,3.557700,19.293675,1.746407,2.017485,-45.011840,0
2022-04-19,sh.603339,10.7100,10.9400,10.6000,10.8900,10.7700,3922572,42416227.1200,1.267600,1,1.114200,19.967198,1.729551,2.042417,-22.910100,0
2022-04-20,sh.603339,10.9300,11.2400,10.7000,10.7400,10.8900,4800604,52246612.8800,1.551400,1,-1.377400,19.692168,1.705728,2.014284,-22.594534,0
2022-04-21,sh.603339,10.6700,10.7300,10.1600,10.1800,10.7400,4686260,48766981.7600,1.514400,1,-5.214200,18.665388,1.616789,1.909256,-21.416421,0
2022-04-22,sh.603339,10.0600,10.6500,9.6600,10.4100,10.1800,7760972,79460141.6400,2.508100,1,2.259300,19.087101,1.653317,1.952393,-21.900289,0
2022-04-25,sh.603339,10.2700,10.6100,10.0000,10.0200,10.4100,5708440,59068240.6000,1.844800,1,-3.746400,18.372023,1.591377,1.879248,-21.079817,0
2022-04-26,sh.603339,10.3100,10.4600,9.4500,9.6800,10.0200,6837136,68211290.5700,2.209500,1,-3.393200,16.370335,1.500681,1.675882,143.484434,0
2022-04-27,sh.603339,9.3300,9.6500,8.8800,9.6100,9.6800,6970820,64177926.8400,2.252700,1,-0.723100,16.251954,1.489829,1.663763,142.446840,0
2022-04-28,sh.603339,9.5100,9.9200,9.3000,9.5200,9.6100,3798357,36606971.0700,1.227500,1,-0.936500,16.099751,1.475877,1.648182,141.112790,0
2022-04-29,sh.603339,9.5700,10.0400,9.5700,9.9500,9.5200,3873376,38307241.6000,1.251700,1,4.516800,16.826946,1.542539,1.722627,147.486582,0
2022-05-05,sh.603339,9.9500,10.3300,9.8600,10.1300,9.9500,3660664,37141866.0000,1.183000,1,1.809000,17.131353,1.570444,1.753790,150.154681,0
2022-05-06,sh.603339,9.9100,10.1000,9.8800,10.0200,10.1300,2422136,24204087.9600,0.782700,1,-1.085900,16.945326,1.553391,1.734746,148.524176,0
2022-05-09,sh.603339,10.0900,10.1800,9.9100,10.0900,10.0200,2772188,27932249.5200,0.895900,1,0.698600,17.063707,1.564243,1.746865,149.561770,0
2022-05-10,sh.603339,10.0500,10.2300,9.9400,10.2300,10.0900,2272948,23066451.6000,0.734500,1,1.387500,17.300468,1.585947,1.771103,151.636958,0
2022-05-11,sh.603339,10.2000,10.4500,10.1700,10.1700,10.2300,3147248,32440712.0000,1.017100,1,-0.586500,17.198999,1.576646,1.760715,150.747592,0
2022-05-12,sh.603339,10.1000,10.4000,10.0900,10.3200,10.1700,2679400,27443688.0000,0.865900,1,1.474900,17.452671,1.599900,1.786684,152.971008,0
2022-05-13,sh.603339,10.4200,10.4700,10.2800,10.3900,10.3200,1678160,17420525.4800,0.542300,1,0.678300,17.571052,1.610752,1.798803,154.008602,0
2022-05-16,sh.603339,10.4600,10.5700,10.3300,10.4100,10.3900,2394040,24994396.9200,0.773700,1,0.192500,17.604875,1.613853,1.802266,154.305057,0
2022-05-17,sh.603339,10.3100,10.4200,10.2300,10.3500,10.4100,1885084,19490540.3600,0.609200,1,-0.576400,17.503406,1.604551,1.791878,153.415691,0
2022-05-18,sh.603339,10.4300,10.4800,10.2600,10.3600,10.3500,1622732,16868309.1600,0.524400,1,0.096600,17.520317,1.606101,1.793610,153.563919,0
2022-05-19,sh.603339,10.4500,11.1300,10.4500,10.6800,10.3600,6654140,70855068.3400,2.150400,1,3.088800,18.061485,1.655710,1.849011,158.307206,0
2022-05-20,sh.603339,10.6400,10.8400,10.5000,10.7200,10.6800,5284504,56507305.2800,1.707800,1,0.374500,18.129131,1.661912,1.855936,158.900117,0
2022-05-23,sh.603339,10.7600,11.0000,10.6600,10.8900,10.7200,3851322,41931540.1200,1.244600,1,1.585800,18.416627,1.688267,1.885368,161.419988,0
2022-05-24,sh.603339,10.8600,10.9800,10.4700,10.4700,10.8900,3870128,41517702.7200,1.250700,1,-3.856700,17.706344,1.623154,1.812654,155.194424,0
2022-05-25,sh.603339,10.5600,10.6800,10.4500,10.6700,10.4700,2130640,22537961.8000,0.688500,1,1.910200,18.044574,1.654160,1.847279,158.158978,0
2022-05-26,sh.603339,10.6700,10.7400,10.5000,10.7000,10.6700,2013800,21434607.0000,0.650800,1,0.281200,18.095308,1.658811,1.852473,158.603661,0
2022-05-27,sh.603339,10.6100,10.9800,10.6100,10.7000,10.7000,2841807,30578380.4000,0.918400,1,0.000000,18.095308,1.658811,1.852473,158.603661,0
2022-05-30,sh.603339,10.6500,10.7400,10.5300,10.7100,10.7000,2173580,23120762.8000,0.702400,1,0.093500,18.112220,1.660361,1.854204,158.751889,0
2022-05-31,sh.603339,10.6000,10.8200,10.5400,10.7800,10.7100,2493592,26678039.6000,0.805800,1,0.653600,18.230600,1.671213,1.866323,159.789483,0
2022-06-01,sh.603339,10.8700,10.9300,10.6800,10.8300,10.7800,2020520,21830907.1600,0.653000,1,0.463800,18.315158,1.678965,1.874980,160.530622,0
2022-06-02,sh.603339,11.0000,11.2800,10.9300,11.1800,10.8300,6281804,69850261.8400,2.030000,1,3.231800,18.907060,1.733225,1.935575,165.718592,0
2022-06-06,sh.603339,11.1800,11.3900,11.0800,11.1600,11.1800,4343298,48836532.3600,1.403600,1,-0.178900,18.873237,1.730124,1.932112,165.422136,0
2022-06-07,sh.603339,11.1500,11.2500,11.0000,11.0800,11.1600,2537634,28178867.1400,0.820100,1,-0.716800,18.737945,1.717722,1.918262,164.236315,0
2022-06-08,sh.603339,11.0700,11.1200,10.7100,10.9700,11.0800,4861326,52962245.5400,1.571000,1,-0.992800,18.551919,1.700669,1.899218,162.605810,0
2022-06-09,sh.603339,10.7300,10.9600,10.6100,10.7000,10.9700,3115928,33476296.6800,1.007000,1,-2.461300,18.095308,1.658811,1.852473,158.603661,0
2022-06-10,sh.603339,10.6600,10.9700,10.6000,10.9000,10.7000,2268185,24597351.7800,0.733000,1,1.869200,18.433538,1.689817,1.887099,161.568216,0
2022-06-13,sh.603339,10.9700,11.0400,10.7800,10.9200,10.9000,2395290,26130478.2200,0.774100,1,0.183500,18.467361,1.692917,1.890561,161.864671,0
2022-06-14,sh.603339,10.8800,10.8800,10.5200,10.8400,10.9200,2520456,26984687.4400,0.814500,1,-0.732600,18.332069,1.680515,1.876711,160.678849,0
2022-06-15,sh.603339,10.8400,10.9900,10.7800,10.7800,10.8400,3390796,36950234.4000,1.095800,1,-0.553500,18.230600,1.671213,1.866323,159.789483,0
2022-06-16,sh.603339,10.7800,10.9900,10.7700,10.9300,10.7800,2225288,24306558.6800,0.719100,1,1.391500,18.484273,1.694468,1.892293,162.012899,0
2022-06-17,sh.603339,10.8800,11.0800,10.7800,10.9600,10.9300,2266208,24835308.6000,0.732400,1,0.274500,18.535007,1.699119,1.897487,162.457582,0
2022-06-20,sh.603339,11.0700,11.4300,11.0100,11.3400,10.9600,5411487,61074794.3400,1.748800,1,3.467200,19.177644,1.758030,1.963275,168.090235,0
2022-06-21,sh.603339,11.3500,11.5200,11.2600,11.4100,11.3400,4482524,51209187.9200,1.448600,1,0.617300,19.296025,1.768882,1.975394,169.127829,0
2022-06-22,sh.603339,11.4600,11.6200,11.1000,11.1200,11.4100,3425773,38489591.9700,1.107100,1,-2.541600,18.805591,1.723923,1.925187,164.829226,0
2022-06-23,sh.603339,11.0200,11.1600,10.9500,11.0900,10.9800,2630501,29094220.8800,0.850100,1,1.001800,18.754857,1.719272,1.919993,164.384542,0
2022-06-24,sh.603339,11.2300,11.3500,11.0300,11.3000,11.0900,3115285,35038721.2500,1.006700,1,1.893600,19.109998,1.751828,1.956350,167.497324,0
2022-06-27,sh.603339,11.3300,11.4000,11.1900,11.3500,11.3000,2722286,30814492.8400,0.879700,1,0.442500,19.194556,1.759580,1.965007,168.238463,0
2022-06-28,sh.603339,11.3500,11.6000,11.2400,11.5900,11.3500,3937157,45217334.5600,1.272300,1,2.114500,19.600432,1.796787,2.006557,171.795928,0
2022-06-29,sh.603339,11.5400,11.6700,11.2900,11.3600,11.5900,4808690,54868470.7900,1.554000,1,-1.984500,19.211468,1.761130,1.966738,168.386691,0
2022-06-30,sh.603339,11.3700,11.6300,11.3100,11.4400,11.3600,3607948,41369488.4000,1.166000,1,0.704200,19.346760,1.773533,1.980588,169.572513,0
2022-07-01,sh.603339,11.4400,11.6500,11.4000,11.6200,11.4400,3029403,35005310.0300,0.979000,1,1.573400,19.651167,1.801438,2.011751,172.240612,0
2022-07-04,sh.603339,11.7000,11.7200,11.4700,11.6300,11.6200,2167783,25051542.0400,0.700500,1,0.086100,19.668078,1.802988,2.013483,172.388839,0
2022-07-05,sh.603339,11.6200,11.7200,11.3900,11.5400,11.6300,2898044,33432845.7200,0.936500,1,-0.773900,19.515875,1.789035,1.997901,171.054790,0
2022-07-06,sh.603339,11.5500,11.6200,11.3800,11.5000,11.5400,2068924,23772485.5600,0.668600,1,-0.346600,19.448229,1.782834,1.990976,170.461879,0
2022-07-07,sh.603339,11.5400,11.7200,11.4300,11.6600,11.5000,2570219,29852785.8600,0.830600,1,1.391300,19.718813,1.807639,2.018676,172.833522,0
2022-07-08,sh.603339,12.8300,12.8300,12.1100,12.2500,11.6600,19298472,240472309.8800,6.236600,1,5.060000,20.716591,1.899106,2.120822,181.578958,0
2022-07-11,sh.603339,12.1200,13.2100,12.1000,12.5300,12.2500,13930277,176841809.8600,4.501800,1,2.285700,21.190113,1.942514,2.169298,185.729334,0
2022-07-12,sh.603339,12.3700,12.9900,12.3700,12.7100,12.5300,8583762,109841099.1500,2.774000,1,1.436600,21.494520,1.970419,2.200461,188.397433,0
2022-07-13,sh.603339,12.5700,12.9300,12.5000,12.8800,12.7100,6483043,82830649.8400,2.095100,1,1.337500,21.782016,1.996774,2.229893,190.917304,0
2022-07-14,sh.603339,12.8800,12.8900,12.6400,12.8300,12.8800,5373951,68716756.8400,1.736700,1,-0.388200,21.697458,1.989023,2.221237,190.176166,0
2022-07-15,sh.603339,12.8800,13.3000,12.7500,13.0800,12.8300,8411160,110070658.4800,2.718200,1,1.948600,22.120246,2.027780,2.264519,193.881859,0
2022-07-18,sh.603339,13.1500,13.3000,13.0100,13.1900,13.0800,7448460,98048727.8000,2.407100,1,0.841000,22.306273,2.044833,2.283563,195.512364,0
2022-07-19,sh.603339,13.1700,13.1700,12.9000,12.9800,13.1900,7005267,91114819.4700,2.263800,1,-1.592100,21.951131,2.012277,2.247206,192.399582,0
2022-07-20,sh.603339,13.0500,13.2800,12.9100,13.2700,12.9800,6032559,79040312.0800,1.949500,1,2.234200,22.441565,2.057236,2.297413,196.698185,0
2022-07-21,sh.603339,13.4000,13.4400,12.8900,13.2000,13.2700,4590212,60988176.5200,1.483400,1,-0.527500,22.323184,2.046384,2.285294,195.660591,0
2022-07-22,sh.603339,13.2000,13.3800,13.0600,13.1600,13.2000,3790564,49996461.7200,1.225000,1,-0.303000,22.255538,2.040183,2.278369,195.067681,0
2022-07-25,sh.603339,13.1200,13.2600,12.8300,12.8900,13.1600,4154696,53867841.0800,1.342600,1,-2.051700,21.798927,1.998325,2.231624,191.065532,0
2022-07-26,sh.603339,12.9100,13.1000,12.5800,13.0500,12.8900,4718560,60662976.2800,1.524900,1,1.241300,22.069512,2.023129,2.259325,193.437176,0
2022-07-27,sh.603339,13.1100,13.4800,12.9800,13.3800,13.0500,4496848,59805766.2000,1.453200,1,2.528700,22.627591,2.074289,2.316457,198.328690,0
2022-07-28,sh.603339,13.4100,13.5100,13.1500,13.2100,13.3800,3411092,45204935.8800,1.102300,1,-1.270600,22.340096,2.047934,2.287025,195.808819,0
2022-07-29,sh.603339,13.3000,13.6700,13.2100,13.3300,13.2100,3947492,52926045.4400,1.275700,1,0.908400,22.543034,2.066537,2.307801,197.587552,0
2022-08-01,sh.603339,13.2200,13.5200,13.0700,13.5000,13.3300,4489788,59617958.8600,1.450900,1,1.275300,22.830529,2.092892,2.337233,200.107423,0
2022-08-02,sh.603339,13.3000,13.6000,12.8900,13.1900,13.5000,7108616,93612614.5400,2.297200,1,-2.296300,22.306273,2.044833,2.283563,195.512364,0
2022-08-03,sh.603339,13.2000,13.6500,13.1300,13.3000,13.1900,4969086,66761326.4400,1.605800,1,0.834000,22.492299,2.061887,2.302607,197.142869,0
2022-08-04,sh.603339,13.4000,13.6000,13.1700,13.5700,13.3000,4390200,58809285.0000,1.418800,1,2.030100,22.948910,2.103744,2.349352,201.145017,0
2022-08-05,sh.603339,13.6600,13.6600,13.1700,13.3300,13.5700,4713100,62903108.0000,1.523100,1,-1.768600,22.543034,2.066537,2.307801,197.587552,0
2022-08-08,sh.603339,13.3300,13.5100,13.1900,13.4800,13.3300,4170990,55787649.0000,1.347900,1,1.125300,22.796706,2.089792,2.333770,199.810968,0
2022-08-09,sh.603339,13.5100,13.9500,13.3600,13.9300,13.4800,6248382,85922410.0000,2.019200,1,3.338300,23.557724,2.159555,2.411678,206.481215,0
2022-08-10,sh.603339,14.0000,14.5700,13.8500,14.3000,13.9300,8372768,119646009.0000,2.705800,1,2.656100,24.183449,2.216916,2.475735,211.965641,0
2022-08-11,sh.603339,14.3000,14.5000,13.7900,13.8800,14.3000,6779268,95246125.0000,2.190800,1,-2.937100,23.473166,2.151803,2.403021,205.740076,0
2022-08-12,sh.603339,13.9500,14.3500,13.9000,13.9200,13.8800,5018192,70687630.0000,1.621700,1,0.288200,23.540812,2.158005,2.409946,206.332987,0
2022-08-15,sh.603339,13.9200,14.0700,13.7200,13.9000,13.9200,3754009,52039055.4300,1.213200,1,-0.143700,23.506989,2.154904,2.406484,206.036532,0
2022-08-16,sh.603339,13.9000,14.2400,13.8200,14.0800,13.9000,3550044,50046541.7200,1.147200,1,1.295000,23.811396,2.182809,2.437647,208.704631,0
2022-08-17,sh.603339,14.1400,14.2000,13.9600,14.1400,14.0800,3344512,47122496.9200,1.080800,1,0.426100,23.912865,2.192111,2.448035,209.593997,0
2022-08-18,sh.603339,14.1100,14.3700,13.9700,14.3300,14.1400,5722130,81601307.5900,1.849200,1,1.343700,24.234184,2.221567,2.480929,212.410324,0
2022-08-19,sh.603339,14.2100,14.2600,13.7500,13.7500,14.3300,8043640,112242780.5400,2.599400,1,-4.047500,18.309752,2.096262,2.288572,94.007689,0
2022-08-22,sh.603339,13.7500,14.1300,13.7500,13.9000,13.7500,6749152,94019485.8500,2.181100,1,1.090900,18.509495,2.119130,2.313538,95.033228,0
2022-08-23,sh.603339,13.8100,14.1500,13.7600,13.9800,13.9000,3747632,52264124.6000,1.211100,1,0.575500,18.616024,2.131327,2.326853,95.580182,0
2022-08-24,sh.603339,14.0300,14.0400,13.2900,13.3200,13.9800,5824057,78887974.3200,1.882100,1,-4.721000,17.737156,2.030706,2.217002,91.067812,0
2022-08-25,sh.603339,13.4000,13.4800,12.9800,13.3500,13.3200,4493228,59402437.5200,1.452000,1,0.225200,17.777105,2.035280,2.221995,91.272920,0
2022-08-26,sh.603339,13.3400,13.4400,13.1200,13.1700,13.3500,3498056,46474180.6000,1.130400,1,-1.348300,17.537413,2.007838,2.192036,90.042274,0
2022-08-29,sh.603339,13.0000,13.7200,12.8300,13.6800,13.1700,4991856,67461841.4700,1.613200,1,3.872400,18.216539,2.085590,2.276921,93.529105,0
2022-08-30,sh.603339,13.7500,13.7700,13.1000,13.2600,13.6800,4251430,56576520.4300,1.373900,1,-3.070200,17.657259,2.021559,2.207015,90.657597,0
2022-08-31,sh.603339,13.0900,13.3300,12.8500,12.9200,13.2600,4192600,54495021.5200,1.354900,1,-2.564100,17.204509,1.969724,2.150425,88.333043,0
2022-09-01,sh.603339,12.7900,13.0500,12.5400,12.6500,12.9200,3715944,47243998.9200,1.200900,1,-2.089800,16.844972,1.928561,2.105486,86.487074,0
2022-09-02,sh.603339,12.7600,12.9700,12.6500,12.7200,12.6500,2705164,34623650.6800,0.874200,1,0.553400,16.938185,1.939233,2.117137,86.965659,0
2022-09-05,sh.603339,12.7200,12.9300,12.6000,12.6600,12.7200,2613272,33334948.4000,0.844500,1,-0.471700,16.858288,1.930086,2.107150,86.555443,0
2022-09-06,sh.603339,12.7800,12.8800,12.4800,12.8200,12.6600,3966436,50317033.4000,1.281800,1,1.263800,17.071347,1.954478,2.133781,87.649351,0
2022-09-07,sh.603339,12.8300,13.0000,12.7100,12.7600,12.8200,3041904,39052771.6800,0.983000,1,-0.468000,16.991450,1.945331,2.123795,87.239136,0
2022-09-08,sh.603339,12.7000,12.8700,12.5000,12.6700,12.7600,3360060,42581906.6000,1.085800,1,-0.705300,16.871604,1.931610,2.108815,86.623813,0
2022-09-09,sh.603339,12.5400,12.6900,12.3000,12.3000,12.6700,2623363,32530669.9800,0.847800,1,-2.920300,16.378905,1.875202,2.047232,84.094151,0
2022-09-13,sh.603339,12.4300,12.6100,12.3100,12.6000,12.3000,2636455,32902589.5000,0.852000,1,2.439000,16.778391,1.920938,2.097164,86.145228,0
2022-09-14,sh.603339,12.4000,12.5500,12.1100,12.1700,12.6000,2997304,36653778.6400,0.968600,1,-3.412700,16.205795,1.855382,2.025594,83.205351,0
2022-09-15,sh.603339,12.2900,12.3100,11.7500,11.8800,12.1700,3952697,47242686.1400,1.277400,1,-2.382900,15.819626,1.811170,1.977326,81.222644,0
2022-09-16,sh.603339,11.9000,11.9500,11.6400,11.6900,11.8800,2837952,33444077.9600,0.917100,1,-1.599300,15.566618,1.782204,1.945702,79.923628,0
2022-09-19,sh.603339,11.8800,11.8800,11.3800,11.5500,11.6900,2797572,32224560.0800,0.904100,1,-1.197600,15.380192,1.760860,1.922400,78.966459,0
2022-09-20,sh.603339,11.6400,11.8500,11.5900,11.7000,11.5500,2213401,25924501.7800,0.715300,1,1.298700,15.579934,1.783728,1.947367,79.991997,0
2022-09-21,sh.603339,11.7300,12.2600,11.7300,12.1600,11.7000,4725152,57026788.5000,1.527000,1,3.931600,16.192479,1.853858,2.023930,83.136982,0
2022-09-22,sh.603339,11.9500,12.4900,11.9300,12.2800,12.1600,4629392,56830124.6800,1.496000,1,0.986800,16.352273,1.872153,2.043903,83.957413,0
2022-09-23,sh.603339,12.2500,12.3300,11.8500,12.0300,12.2800,3563612,43046164.4800,1.151600,1,-2.035800,16.019368,1.834039,2.002292,82.248182,0
2022-09-26,sh.603339,12.0000,12.2600,11.9200,12.0200,12.0300,2919846,35244998.1400,0.943600,1,-0.083100,16.006052,1.832514,2.000628,82.179813,0
2022-09-27,sh.603339,12.0100,12.4300,12.0100,12.4300,12.0200,3654490,44838848.0200,1.181000,1,3.411000,16.552016,1.895021,2.068869,84.982951,0
2022-09-28,sh.603339,12.3900,12.4900,12.1200,12.2000,12.4300,4261771,52364515.1900,1.377200,1,-1.850400,16.245743,1.859956,2.030587,83.410459,0
2022-09-29,sh.603339,12.2900,12.5000,12.1600,12.3600,12.2000,3846480,47456118.2000,1.243000,1,1.311500,16.458802,1.884349,2.057218,84.504366,0
2022-09-30,sh.603339,12.3500,12.3800,12.0900,12.2100,12.3600,3279527,39965648.7500,1.059800,1,-1.213600,16.259060,1.861481,2.032252,83.478828,0
2022-10-10,sh.603339,12.3000,12.5700,11.9800,12.5300,12.2100,9176956,113084564.9600,2.965700,1,2.620800,16.685178,1.910266,2.085513,85.666643,0
2022-10-11,sh.603339,12.5000,12.8700,12.1600,12.8700,12.5300,12941681,161623864.6400,4.182300,1,2.713500,17.137928,1.962101,2.142103,87.991197,0
2022-10-12,sh.603339,12.4100,12.4600,11.5800,11.8900,12.8700,21234430,252296108.6100,6.862200,1,-7.614600,13.325927,1.742344,1.839333,2298.419424,0
2022-10-13,sh.603339,11.7600,12.2600,11.6100,11.8400,11.8900,13606946,162387996.1000,4.397300,1,-0.420500,13.269888,1.735017,1.831598,2288.754077,0
2022-10-14,sh.603339,11.8600,12.1700,11.8100,12.0800,11.8400,10845204,130128682.1200,3.504800,1,2.027000,13.538873,1.770186,1.868725,2335.147741,0
2022-10-17,sh.603339,11.9400,12.2000,11.8800,12.0200,12.0800,6463184,77571443.5200,2.088700,1,-0.496700,13.471627,1.761394,1.859443,2323.549325,0
2022-10-18,sh.603339,12.1500,12.9800,12.0600,12.8000,12.0200,14649030,185019444.4400,4.734000,1,6.489200,14.345825,1.875694,1.980106,2474.328732,0
2022-10-19,sh.603339,12.7200,13.2800,12.6000,13.1700,12.8000,13145118,171800459.2600,4.248000,1,2.890600,14.760509,1.929913,2.037343,2545.852297,0
2022-10-20,sh.603339,13.0300,13.0900,12.6200,12.7800,13.1700,8271865,106066179.7400,2.673200,1,-2.961300,14.323410,1.872763,1.977012,2470.462593,0
2022-10-21,sh.603339,12.7200,13.3000,12.7000,13.1200,12.7800,8880674,115743063.5200,2.869900,1,2.660400,14.704471,1.922586,2.029608,2536.186950,0
2022-10-24,sh.603339,13.2200,13.4800,12.9800,13.0300,13.1200,8890192,117582721.7600,2.873000,1,-0.686000,14.603602,1.909398,2.015686,2518.789326,0
2022-10-25,sh.603339,13.1400,13.4500,12.7400,13.4300,13.0300,9201180,121709921.3200,2.973500,1,3.069800,15.051909,1.968013,2.077564,2596.112099,0
2022-10-26,sh.603339,13.5800,13.5800,13.2200,13.3900,13.4300,8272446,110447671.5500,2.673400,1,-0.297800,15.007078,1.962152,2.071376,2588.379822,0
2022-10-27,sh.603339,13.4600,13.5600,13.1400,13.2500,13.3900,7676718,102114539.9200,2.480800,1,-1.045600,14.850171,1.941636,2.049719,2561.316851,0
2022-10-28,sh.603339,13.2400,13.5500,13.1000,13.2200,13.2500,10476861,140323778.8700,3.385700,1,-0.226400,14.816548,1.937240,2.045078,2555.517643,0
2022-10-31,sh.603339,13.0700,13.8600,12.9900,13.7700,13.2200,10391009,141276317.3800,3.358000,1,4.160400,15.432970,2.017836,2.130161,2661.836456,0
2022-11-01,sh.603339,13.8000,13.8200,13.3900,13.7400,13.7700,8557764,116514203.0200,2.765600,1,-0.217900,15.399347,2.013440,2.125520,2656.037248,0
2022-11-02,sh.603339,13.7400,14.0000,13.6500,13.8000,13.7400,6748536,93373999.6800,2.180900,1,0.436700,15.466593,2.022233,2.134802,2667.635664,0
2022-11-03,sh.603339,13.8100,14.2600,13.7100,14.1600,13.8000,7623832,107520889.3200,2.463700,1,2.608700,15.870069,2.074987,2.190492,2737.226160,0
2022-11-04,sh.603339,14.0900,14.3600,14.0400,14.2700,14.1600,6162077,87759508.5500,1.991400,1,0.776800,15.993354,2.091106,2.207509,2758.489922,0
2022-11-07,sh.603339,14.2400,14.3000,13.9000,14.1700,14.2700,6387952,89878697.8400,2.064400,1,-0.700800,15.881277,2.076452,2.192039,2739.159229,0
2022-11-08,sh.603339,14.0600,14.1500,13.8400,14.0000,14.1700,4133832,57727377.1200,1.335900,1,-1.199700,15.690746,2.051540,2.165741,2706.297051,0
2022-11-09,sh.603339,14.0600,14.1400,13.8800,13.9500,14.0000,3161744,44297003.4800,1.021800,1,-0.357100,15.634708,2.044213,2.158006,2696.631704,0
2022-11-10,sh.603339,13.9400,14.4000,13.7200,13.7500,13.9500,6496315,90638751.1300,2.099400,1,-1.433700,15.410554,2.014906,2.127067,2657.970318,0
2022-11-11,sh.603339,13.9600,14.0500,13.5400,13.6600,13.7500,6937804,95129491.4400,2.242000,1,-0.654500,15.309685,2.001717,2.113144,2640.572694,0
2022-11-14,sh.603339,13.6000,13.8000,13.3100,13.4100,13.6600,4759332,64346282.4800,1.538000,1,-1.830200,15.029493,1.965083,2.074470,2592.245961,0
2022-11-15,sh.603339,13.3500,13.7000,13.3500,13.6700,13.4100,4769552,64466852.0200,1.541300,1,1.938900,15.320893,2.003183,2.114691,2642.505763,0
2022-11-16,sh.603339,13.6800,13.7700,13.4700,13.5100,13.6700,3144476,42840944.6000,1.016200,1,-1.170400,15.141570,1.979736,2.089940,2611.576654,0
2022-11-17,sh.603339,13.4500,13.8400,13.4000,13.7900,13.5100,4440700,60656535.3400,1.435100,1,2.072500,15.455385,2.020767,2.133255,2665.702595,0
2022-11-18,sh.603339,13.7800,14.0900,13.6400,13.8500,13.7900,4883436,67628064.6800,1.578100,1,0.435100,15.522631,2.029560,2.142536,2677.301011,0
2022-11-21,sh.603339,13.8500,13.9300,13.4800,13.8500,13.8500,4179768,57211980.8800,1.350700,1,0.000000,15.522631,2.029560,2.142536,2677.301011,0
2022-11-22,sh.603339,13.8600,14.1300,13.7800,13.8400,13.8500,3966645,55402228.9800,1.281900,1,-0.072200,15.511424,2.028094,2.140989,2675.367941,0
2022-11-23,sh.603339,13.8000,13.8300,13.2300,13.4400,13.8400,4627652,62302111.4700,1.495500,1,-2.890200,15.063116,1.969479,2.079111,2598.045169,0
2022-11-24,sh.603339,13.5200,13.8000,13.3500,13.4300,13.4400,4550808,61613485.5200,1.470700,1,-0.074400,15.051909,1.968013,2.077564,2596.112099,0
2022-11-25,sh.603339,13.4300,13.4400,13.0800,13.0800,13.4300,4006248,52830513.3200,1.294700,1,-2.606100,14.659640,1.916725,2.023421,2528.454673,0
2022-11-28,sh.603339,13.0100,13.1800,12.7100,12.9900,13.0800,3903080,50641365.2000,1.261300,1,-0.688100,14.558771,1.903536,2.009498,2511.057049,0
2022-11-29,sh.603339,13.0600,13.1000,12.9200,12.9900,12.9900,3846021,49994363.7300,1.242900,1,0.000000,14.558771,1.903536,2.009498,2511.057049,0
2022-11-30,sh.603339,13.0000,13.0900,12.8100,12.9300,12.9900,4687248,60598057.8000,1.514700,1,-0.461900,14.491525,1.894744,2.000216,2499.458633,0
2022-12-01,sh.603339,13.0000,13.2400,12.9100,13.1200,12.9300,3639783,47707787.1900,1.176200,1,1.469500,14.704471,1.922586,2.029608,2536.186950,0
2022-12-02,sh.603339,13.1000,13.3500,13.0700,13.3100,13.1200,3831532,50792878.2700,1.238200,1,1.448200,14.917417,1.950429,2.059001,2572.915267,0
2022-12-05,sh.603339,13.2600,13.4000,13.0600,13.1300,13.3100,3779444,49705163.3600,1.221400,1,-1.352400,14.715679,1.924052,2.031155,2538.120020,0
2022-12-06,sh.603339,13.1000,13.1200,12.9000,13.0900,13.1300,3506322,45616504.1600,1.133100,1,-0.304600,14.670848,1.918190,2.024968,2530.387742,0
2022-12-07,sh.603339,13.0800,13.2800,12.8500,13.2500,13.0900,4241737,55489519.2500,1.370800,1,1.222300,14.850171,1.941636,2.049719,2561.316851,0
2022-12-08,sh.603339,13.2300,13.2500,12.9200,12.9200,13.2500,3061484,39991878.7600,0.989400,1,-2.490600,14.480317,1.893279,1.998669,2497.525564,0
2022-12-09,sh.603339,12.9100,13.0200,12.5900,12.6300,12.9200,4250022,54278080.6200,1.373500,1,-2.244600,14.155295,1.850782,1.953808,2441.466554,0
2022-12-12,sh.603339,12.5800,12.7300,12.5700,12.6400,12.6300,2276659,28820381.7100,0.735700,1,0.079200,14.166502,1.852248,1.955354,2443.399623,0
2022-12-13,sh.603339,12.6600,12.7200,12.4600,12.5400,12.6400,2126140,26722516.2000,0.687100,1,-0.791100,14.054426,1.837594,1.939885,2424.068930,0
2022-12-14,sh.603339,12.5200,12.7700,12.5200,12.5700,12.5400,1799500,22714023.5200,0.581500,1,0.239200,14.088049,1.841990,1.944526,2429.868138,0
2022-12-15,sh.603339,12.5700,13.1000,12.5400,12.9300,12.5700,3488336,44893416.6800,1.127300,1,2.864000,14.491525,1.894744,2.000216,2499.458633,0
2022-12-16,sh.603339,12.8600,12.9300,12.4300,12.4500,12.9300,3015330,38057198.6000,0.974400,1,-3.712300,13.953557,1.824406,1.925962,2406.671306,0
2022-12-19,sh.603339,12.4500,12.5600,12.3000,12.3400,12.4500,2735600,33957320.0000,0.884000,1,-0.883500,13.830272,1.808286,1.908946,2385.407543,0
2022-12-20,sh.603339,12.3900,12.5000,12.2600,12.4000,12.3400,2276705,28207148.6200,0.735700,1,0.486200,13.897518,1.817079,1.918227,2397.005959,0
2022-12-21,sh.603339,12.4000,12.4500,12.2200,12.2800,12.4000,1787800,21980170.8000,0.577800,1,-0.967700,13.763026,1.799494,1.899664,2373.809127,0
2022-12-22,sh.603339,12.3300,12.3700,12.0000,12.0600,12.2800,2022462,24556618.2600,0.653600,1,-1.791500,13.516457,1.767255,1.865631,2331.281602,0
2022-12-23,sh.603339,12.0100,12.0800,11.7800,11.8800,12.0600,2913750,34660405.8500,0.941600,1,-1.492500,13.314719,1.740879,1.837786,2296.486354,0
2022-12-26,sh.603339,11.8700,12.1300,11.8500,12.1300,11.8800,2265789,27261234.4100,0.732200,1,2.104400,13.594911,1.777513,1.876460,2344.813087,0
2022-12-27,sh.603339,12.1300,12.2300,11.9600,12.1300,12.1300,1533520,18501522.4400,0.495600,1,0.000000,13.594911,1.777513,1.876460,2344.813087,0
2022-12-28,sh.603339,12.1100,12.1400,11.9900,12.0300,12.1300,1849072,22278368.0000,0.597600,1,-0.824400,13.482834,1.762859,1.860990,2325.482394,0
2022-12-29,sh.603339,12.0300,12.1400,11.9700,12.0800,12.0300,1736608,20918084.0800,0.561200,1,0.415600,13.538873,1.770186,1.868725,2335.147741,0
2022-12-30,sh.603339,12.0900,12.3300,12.0500,12.2100,12.0800,2427652,29645420.4800,0.784500,1,1.076200,13.684572,1.789236,1.888835,2360.277642,0
2023-01-03,sh.603339,12.2100,12.6300,12.1300,12.5700,12.2100,3549144,44342914.2400,1.147000,1,2.948400,14.088049,1.841990,1.944526,2429.868138,0
2023-01-04,sh.603339,12.5600,12.6600,12.4800,12.6000,12.5700,2173188,27312672.9200,0.702300,1,0.238700,14.121672,1.846386,1.949167,2435.667346,0
2023-01-05,sh.603339,12.6300,12.6400,12.5200,12.6000,12.6000,1507432,18967775.9200,0.487100,1,0.000000,14.121672,1.846386,1.949167,2435.667346,0
2023-01-06,sh.603339,12.6200,12.7600,12.6000,12.7200,12.6000,1953970,24804071.8200,0.631500,1,0.952400,14.256164,1.863971,1.967730,2458.864177,0
2023-01-09,sh.603339,12.7300,12.8300,12.6800,12.7300,12.7200,1778220,22669903.8400,0.574700,1,0.078600,14.267372,1.865436,1.969277,2460.797247,0
2023-01-10,sh.603339,12.7800,12.7900,12.6000,12.6300,12.7300,2421164,30586420.8000,0.782400,1,-0.785500,14.155295,1.850782,1.953808,2441.466554,0
2023-01-11,sh.603339,12.6500,12.8000,12.5900,12.5900,12.6300,2212420,28010309.0800,0.715000,1,-0.316700,14.110464,1.844921,1.947620,2433.734276,0
2023-01-12,sh.603339,12.5600,12.9800,12.5500,12.8700,12.5900,3649892,46829722.9200,1.179500,1,2.224000,14.424279,1.885952,1.990935,2487.860217,0
2023-01-13,sh.603339,12.9700,12.9700,12.6900,12.7900,12.8700,2222416,28430987.4400,0.718200,1,-0.621600,14.334618,1.874229,1.978559,2472.395663,0
2023-01-16,sh.603339,12.7600,13.0200,12.6800,12.9900,12.7900,3374724,43632108.8800,1.090600,1,1.563700,14.558771,1.903536,2.009498,2511.057049,0
2023-01-17,sh.603339,13.0000,13.3500,12.9400,13.2400,12.9900,5558256,73458542.9800,1.796200,1,1.924600,14.838963,1.940171,2.048172,2559.383782,0
2023-01-18,sh.603339,13.1700,13.5400,13.1300,13.4500,13.2400,4043252,54208219.7600,1.306600,1,1.586100,15.074324,1.970944,2.080658,2599.978238,0
2023-01-19,sh.603339,13.4200,13.6100,13.3500,13.5700,13.4500,3005940,40644026.9500,0.971400,1,0.892200,15.208816,1.988529,2.099222,2623.175070,0
2023-01-20,sh.603339,13.6000,13.6200,13.4200,13.5000,13.5700,2779216,37477646.6900,0.898100,1,-0.515800,15.130363,1.978271,2.088393,2609.643585,0
2023-01-30,sh.603339,13.5900,13.6800,13.4100,13.5000,13.5000,3352915,45315801.9400,1.083500,1,0.000000,15.130363,1.978271,2.088393,2609.643585,0
2023-01-31,sh.603339,13.5000,13.6400,13.4300,13.6200,13.5000,2516680,34170688.7200,0.813300,1,0.888900,15.264855,1.995856,2.106956,2632.840416,0
2023-02-01,sh.603339,13.6300,13.7900,13.5600,13.7100,13.6200,2891012,39554990.2400,0.934300,1,0.660800,15.365724,2.009044,2.120879,2650.238040,0
2023-02-02,sh.603339,13.7900,13.9000,13.5700,13.5700,13.7100,3151851,43167467.4400,1.018600,1,-1.021200,15.208816,1.988529,2.099222,2623.175070,0
2023-02-03,sh.603339,13.5900,13.7300,13.4600,13.6600,13.5700,2678616,36417765.8400,0.865600,1,0.663200,15.309685,2.001717,2.113144,2640.572694,0
2023-02-06,sh.603339,13.6100,13.9500,13.5500,13.6900,13.6600,3260145,44754196.0400,1.053600,1,0.219600,15.343308,2.006113,2.117785,2646.371902,0
2023-02-07,sh.603339,13.7400,14.0200,13.6700,13.9900,13.6900,4033460,56071024.2000,1.303500,1,2.191400,15.679539,2.050075,2.164194,2704.363981,0
2023-02-08,sh.603339,13.9900,14.0000,13.6800,13.7700,13.9900,2925140,40339959.9200,0.945300,1,-1.572600,15.432970,2.017836,2.130161,2661.836456,0
2023-02-09,sh.603339,13.7000,13.9600,13.7000,13.9300,13.7700,2519516,34970123.3200,0.814200,1,1.161900,15.612293,2.041283,2.154912,2692.765565,0
2023-02-10,sh.603339,13.9400,14.0500,13.8000,13.9100,13.9300,2278868,31721203.6400,0.736400,1,-0.143600,15.589877,2.038352,2.151818,2688.899427,0
2023-02-13,sh.603339,13.9900,14.2300,13.8700,14.1000,13.9100,3899668,54922706.5200,1.260200,1,1.365900,15.802823,2.066194,2.181210,2725.627744,0
2023-02-14,sh.603339,14.1200,14.3500,13.9000,14.1800,14.1000,4455345,62896105.1700,1.439800,1,0.567400,15.892485,2.077917,2.193586,2741.092298,0
2023-02-15,sh.603339,14.1700,14.8100,14.1000,14.7800,14.1800,10285053,150375596.5500,3.323800,1,4.231300,16.564945,2.165840,2.286403,2857.076458,0
2023-02-16,sh.603339,14.6600,15.3800,14.6500,14.9600,14.7800,11820093,178103792.7000,3.819800,1,1.217900,16.766683,2.192217,2.314249,2891.871706,0
2023-02-17,sh.603339,14.9600,15.2600,14.6000,14.7000,14.9600,7137168,106142124.8400,2.306500,1,-1.738000,16.475284,2.154117,2.274028,2841.611903,0
2023-02-20,sh.603339,14.7900,15.0900,14.6600,14.9800,14.7000,5393338,80312693.1800,1.742900,1,1.904800,16.789099,2.195148,2.317343,2895.737844,0
2023-02-21,sh.603339,15.0100,15.2900,14.9200,15.1500,14.9800,4810977,72713146.8200,1.554700,1,1.134800,16.979629,2.220060,2.343641,2928.600023,0
2023-02-22,sh.603339,15.0700,15.1300,14.8100,14.9200,15.1500,3718384,55593105.6000,1.201600,1,-1.518200,16.721853,2.186356,2.308061,2884.139428,0
2023-02-23,sh.603339,14.8500,15.0600,14.7400,14.8700,14.9200,3111908,46297702.4000,1.005700,1,-0.335100,16.665814,2.179029,2.300326,2874.474082,0
2023-02-24,sh.603339,14.8900,15.1500,14.8000,14.9400,14.8700,3362712,50305421.8000,1.086700,1,0.470700,16.744268,2.189287,2.311155,2888.005567,0
2023-02-27,sh.603339,14.8800,15.3800,14.7600,15.1000,14.9400,5659032,85573085.8400,1.828800,1,1.071000,16.923591,2.212733,2.335906,2918.934676,0
2023-02-28,sh.603339,15.0800,15.1000,14.7500,14.9600,15.1000,3761056,56025446.5200,1.215400,1,-0.927200,16.766683,2.192217,2.314249,2891.871706,0
2023-03-01,sh.603339,14.9600,15.0100,14.8000,14.8800,14.9600,3243440,48264969.4800,1.048200,1,-0.534800,16.677022,2.180494,2.301873,2876.407151,0
2023-03-02,sh.603339,14.9500,15.1800,14.7800,14.9200,14.8800,4106656,61400637.8800,1.327100,1,0.268800,16.721853,2.186356,2.308061,2884.139428,0
2023-03-03,sh.603339,14.9200,15.1500,14.8500,14.9700,14.9200,3591944,53808143.0000,1.160800,1,0.335100,16.777891,2.193683,2.315796,2893.804775,0
2023-03-06,sh.603339,14.9200,15.1200,14.7600,15.1200,14.9700,4283484,63977104.3200,1.384300,1,1.002000,16.946006,2.215664,2.339000,2922.800815,0
2023-03-07,sh.603339,15.0700,15.1400,14.5200,14.5300,15.1200,6120656,90179431.0800,1.978000,1,-3.902100,16.284753,2.129206,2.247729,2808.749725,0
2023-03-08,sh.603339,14.5300,14.7000,14.5000,14.6500,14.5300,3229236,47139995.1800,1.043600,1,0.825900,16.419245,2.146790,2.266293,2831.946557,0
2023-03-09,sh.603339,14.7100,14.8100,14.6000,14.7700,14.6500,1966936,28977194.7200,0.635600,1,0.819100,16.553737,2.164375,2.284856,2855.143388,0
2023-03-10,sh.603339,14.7600,14.7700,14.2000,14.2600,14.7700,4524894,65213331.9400,1.462300,1,-3.452900,15.982146,2.089640,2.205962,2756.556853,0
2023-03-13,sh.603339,14.1800,14.4300,14.1200,14.3200,14.2600,3233213,46160083.9400,1.044900,1,0.420800,16.049392,2.098433,2.215243,2768.155269,0
2023-03-14,sh.603339,14.2500,14.3300,13.9000,14.1000,14.3200,3502112,49340926.2400,1.131800,1,-1.536300,15.802823,2.066194,2.181210,2725.627744,0
2023-03-15,sh.603339,14.1500,14.5000,14.1200,14.3100,14.1000,2562004,36744066.6000,0.827900,1,1.489400,16.038184,2.096967,2.213696,2766.222200,0
2023-03-16,sh.603339,14.2000,14.3500,13.9600,13.9800,14.3100,2180640,30734827.4000,0.704700,1,-2.306100,15.668331,2.048610,2.162647,2702.430912,0
2023-03-17,sh.603339,14.0600,14.2200,14.0000,14.0000,13.9800,2107928,29744270.0000,0.681200,1,0.143100,15.690746,2.051540,2.165741,2706.297051,0
2023-03-20,sh.603339,14.1400,14.2500,13.7900,14.0000,14.0000,3979757,55792066.0600,1.286100,1,0.000000,15.690746,2.051540,2.165741,2706.297051,0
2023-03-21,sh.603339,14.0800,14.5000,14.0600,14.4000,14.0000,2972356,42553792.9200,0.960600,1,2.857100,16.139053,2.110156,2.227619,2783.619823,0
2023-03-22,sh.603339,14.3000,14.4600,14.2400,14.3900,14.4000,2096312,30068182.3200,0.677500,1,-0.069400,16.127846,2.108690,2.226072,2781.686754,0
2023-03-23,sh.603339,14.3700,14.5400,14.1100,14.4500,14.3900,4055824,58053332.2000,1.310700,1,0.417000,16.195092,2.117483,2.235354,2793.285170,0
2023-03-24,sh.603339,14.4700,15.0600,14.3400,14.9100,14.4500,5118542,76023873.1000,1.654100,1,3.183400,16.710645,2.184890,2.306514,2882.206359,0
2023-03-27,sh.603339,14.8600,15.1400,14.7000,15.0700,14.9100,4286656,63950945.0400,1.385300,1,1.073100,16.889968,2.208337,2.331265,2913.135468,0
2023-03-28,sh.603339,15.0400,15.1100,14.7800,14.9500,15.0700,2448228,36508191.9200,0.791200,1,-0.796300,16.755476,2.190752,2.312702,2889.938636,0
2023-03-29,sh.603339,14.8800,15.0000,14.7500,14.8300,14.9500,2722248,40383787.6800,0.879700,1,-0.802700,16.620983,2.173167,2.294138,2866.741804,0
2023-03-30,sh.603339,14.8000,14.9300,14.7000,14.7300,14.8300,2596488,38401401.7600,0.839100,1,-0.674300,16.508907,2.158514,2.278669,2847.411111,0
2023-03-31,sh.603339,14.7700,14.9100,14.7100,14.9100,14.7300,2243016,33229751.0400,0.724900,1,1.222000,16.710645,2.184890,2.306514,2882.206359,0
2023-04-03,sh.603339,14.9100,15.1900,14.8600,14.8900,14.9100,4087676,61384025.4800,1.321000,1,-0.134100,16.688230,2.181960,2.303420,2878.340220,0
2023-04-04,sh.603339,15.0600,16.2600,15.0600,15.7700,14.8900,14683704,232637394.7600,4.745200,1,5.910000,17.674505,2.310914,2.439552,3048.450321,0
2023-04-06,sh.603339,15.8100,15.8900,15.3000,15.4200,15.7700,8939136,138334032.8800,2.888800,1,-2.219400,17.282236,2.259625,2.385409,2980.792894,0
2023-04-07,sh.603339,15.3500,15.6400,15.1200,15.1800,15.4200,5994545,91655584.3300,1.937200,1,-1.556400,17.013252,2.224456,2.348282,2934.399231,0
2023-04-10,sh.603339,15.2000,15.3000,14.4900,14.4900,15.1800,7643948,113313172.4000,2.470200,1,-4.545500,16.239922,2.123344,2.241542,2801.017447,0
2023-04-11,sh.603339,14.4900,14.6200,14.3400,14.5000,14.4900,3778312,54730035.2400,1.221000,1,0.069000,16.251130,2.124810,2.243089,2802.950517,0
2023-04-12,sh.603339,14.5100,14.7300,14.3900,14.6500,14.5000,3534756,51574447.4400,1.142300,1,1.034500,16.419245,2.146790,2.266293,2831.946557,0
2023-04-13,sh.603339,14.5700,14.8000,14.4200,14.6000,14.6500,3818308,55781234.1600,1.233900,1,-0.341300,16.363207,2.139464,2.258558,2822.281210,0
2023-04-14,sh.603339,14.6000,14.6700,14.1100,14.2300,14.6000,4597660,65694115.3600,1.485800,1,-2.534200,15.948523,2.085244,2.201321,2750.757645,0
2023-04-17,sh.603339,14.1200,14.6200,14.1100,14.5600,14.2300,3377596,48829528.8400,1.091500,1,2.319000,16.318376,2.133602,2.252370,2814.548933,0
2023-04-18,sh.603339,14.5200,14.6200,14.2600,14.5000,14.5600,3047925,44084875.7500,0.985000,1,-0.412100,16.251130,2.124810,2.243089,2802.950517,0
2023-04-19,sh.603339,14.7900,15.0200,14.1300,14.1500,14.5000,7007320,101834668.5200,2.264500,1,-2.413800,14.325008,1.985335,2.162896,-18.080878,0
2023-04-20,sh.603339,14.1700,14.3000,13.9500,14.2300,14.1500,3507680,49452411.0000,1.133600,1,0.565400,14.405997,1.996560,2.175124,-18.183102,0
2023-04-21,sh.603339,14.2700,14.2800,13.6000,13.6600,14.2300,5123488,71029040.7200,1.655700,1,-4.005600,13.828948,1.916585,2.087997,-17.454756,0
2023-04-24,sh.603339,13.6500,13.9500,13.4400,13.8300,13.6600,4374384,60103167.5200,1.413600,1,1.244500,14.001050,1.940437,2.113982,-17.671982,0
2023-04-25,sh.603339,13.7000,13.9100,13.2600,13.4600,13.8300,4582642,61691508.3700,1.480900,1,-2.675300,13.626474,1.888524,2.057426,-17.199196,0
2023-04-26,sh.603339,14.0700,14.8100,14.0400,14.3800,13.4600,19548928,286769422.1200,6.317500,1,6.835100,13.319550,1.950434,2.116026,-17.724527,0
2023-04-27,sh.603339,14.2700,15.0900,14.2300,14.8000,14.3800,20878823,308476321.0200,6.747300,1,2.920700,13.708577,2.007401,2.177829,-18.242211,0
2023-04-28,sh.603339,14.9800,15.1800,14.7900,15.0200,14.8000,7785068,116820205.0400,2.515800,1,1.486500,13.912353,2.037241,2.210202,-18.513379,0
2023-05-04,sh.603339,15.1200,15.5600,15.0300,15.1500,15.0200,7981919,121811003.5800,2.579500,1,0.865500,14.032766,2.054873,2.229332,-18.673615,0
2023-05-05,sh.603339,15.0900,15.1600,14.7000,14.8200,15.1500,5907900,87683601.6400,1.909200,1,-2.178200,13.727102,2.010114,2.180772,-18.266863,0
2023-05-08,sh.603339,14.8000,15.7300,14.7600,15.3800,14.8200,9302344,143062173.0000,3.006200,1,3.778700,14.245805,2.086069,2.263176,-18.957109,0
2023-05-09,sh.603339,15.3500,15.5500,15.1800,15.2200,15.3800,5041248,77055761.4800,1.629100,1,-1.040300,14.097604,2.064368,2.239632,-18.759896,0
2023-05-10,sh.603339,15.1000,15.4300,15.0700,15.3400,15.2200,4060842,62071394.6900,1.312300,1,0.788400,14.208755,2.080644,2.257290,-18.907805,0
2023-05-11,sh.603339,15.3200,15.3900,15.0800,15.2600,15.3400,3366452,51263839.4800,1.087900,1,-0.521500,14.134654,2.069793,2.245518,-18.809199,0
2023-05-12,sh.603339,15.1200,15.3800,15.0200,15.0700,15.2600,2978745,45134202.4300,0.962600,1,-1.245100,13.958666,2.044022,2.217560,-18.575008,0
2023-05-15,sh.603339,14.9900,15.2400,14.8000,15.0700,15.0700,3192880,47887558.8000,1.031800,1,0.000000,13.958666,2.044022,2.217560,-18.575008,0
2023-05-16,sh.603339,15.0800,15.5000,14.9700,15.2300,15.0700,8775252,134053370.7000,2.835800,1,1.061700,14.106866,2.065724,2.241104,-18.772221,0
2023-05-17,sh.603339,15.1800,15.5000,15.0300,15.5000,15.2300,5961934,91567210.8100,1.926700,1,1.772800,14.356955,2.102346,2.280834,-19.105019,0
2023-05-18,sh.603339,15.4700,15.7200,15.3600,15.5600,15.5000,5051433,78502174.4700,1.632400,1,0.387100,14.412531,2.110484,2.289663,-19.178973,0
2023-05-19,sh.603339,15.5600,15.8600,15.4100,15.7500,15.5600,6107857,95889126.3600,1.973800,1,1.221100,14.588519,2.136254,2.317622,-19.413164,0
2023-05-22,sh.603339,15.7600,15.8600,15.5800,15.7000,15.7500,4500132,70584999.0800,1.454300,1,-0.317500,14.542206,2.129473,2.310265,-19.351535,0
2023-05-23,sh.603339,15.6900,15.7500,15.4200,15.5000,15.7000,3733104,58150596.0000,1.206400,1,-1.273900,14.356955,2.102346,2.280834,-19.105019,0
2023-05-24,sh.603339,15.4800,15.6400,15.4100,15.4700,15.5000,2943064,45683222.5600,0.951100,1,-0.193500,14.329168,2.098276,2.276420,-19.068041,0
2023-05-25,sh.603339,15.4000,15.7700,15.2700,15.4800,15.4700,5107028,79024505.5600,1.650400,1,0.064600,14.338430,2.099633,2.277891,-19.080367,0
2023-05-26,sh.603339,15.5800,15.5800,15.1200,15.3800,15.4800,4232364,64684154.3600,1.367700,1,-0.646000,14.245805,2.086069,2.263176,-18.957109,0
2023-05-29,sh.603339,15.4200,15.5500,15.0800,15.1000,15.3800,3708216,56607452.4000,1.198400,1,-1.820500,13.986453,2.048091,2.221974,-18.611986,0
2023-05-30,sh.603339,15.1000,15.2000,14.9400,15.1900,15.1000,4144924,62580149.0800,1.339500,1,0.596000,14.069816,2.060299,2.235218,-18.722918,0
2023-05-31,sh.603339,15.1100,15.3300,15.0600,15.1100,15.1900,2265700,34393670.0000,0.732200,1,-0.526700,13.995716,2.049448,2.223446,-18.624312,0
2023-06-01,sh.603339,15.1100,15.1800,14.9300,14.9900,15.1100,3002171,45121497.6000,0.970200,1,-0.794200,13.884565,2.033172,2.205788,-18.476402,0
2023-06-02,sh.603339,15.0500,15.0800,14.8300,14.8600,14.9900,3079964,46036174.8000,0.995300,1,-0.867200,13.764152,2.015539,2.186658,-18.316166,0
2023-06-05,sh.603339,14.7900,14.9700,14.6400,14.9100,14.8600,3190780,47296563.4000,1.031100,1,0.336500,13.810465,2.022321,2.194016,-18.377795,0
2023-06-06,sh.603339,14.8700,14.8700,14.3600,14.3900,14.9100,3935076,57373184.4000,1.271700,1,-3.487600,13.328812,1.951790,2.117497,-17.736853,0
2023-06-07,sh.603339,14.4600,14.6300,14.2300,14.5200,14.3900,2975312,43075844.4800,0.961500,1,0.903400,13.449225,1.969423,2.136627,-17.897088,0
2023-06-08,sh.603339,14.5000,14.6500,14.3400,14.4600,14.5200,2585680,37405795.0400,0.835600,1,-0.413200,13.393650,1.961285,2.127798,-17.823133,0
2023-06-09,sh.603339,14.4400,14.5200,14.2400,14.4500,14.4600,2806900,40421459.0000,0.907100,1,-0.069200,13.384387,1.959929,2.126326,-17.810808,0
2023-06-12,sh.603339,14.2300,14.4400,14.2300,14.4400,14.2300,2652800,38005946.0000,0.857300,1,1.475800,13.375125,1.958572,2.124855,-17.798482,0
2023-06-13,sh.603339,14.4500,14.5400,14.2600,14.3000,14.4400,2406880,34603432.8000,0.777800,1,-0.969500,13.245449,1.939583,2.104254,-17.625920,0
2023-06-14,sh.603339,14.2900,14.4900,14.2300,14.3800,14.3000,2070824,29716295.9600,0.669200,1,0.559400,13.319550,1.950434,2.116026,-17.724527,0
2023-06-15,sh.603339,14.3800,14.7000,14.2800,14.5800,14.3800,4026796,58666401.6400,1.301300,1,1.390800,13.504801,1.977561,2.145456,-17.971043,0
2023-06-16,sh.603339,14.5600,14.7400,14.5000,14.6300,14.5800,2571659,37656162.0300,0.831100,1,0.342900,13.551113,1.984343,2.152813,-18.032672,0
2023-06-19,sh.603339,14.6700,15.2300,14.6100,15.0800,14.6300,5694284,85465049.6800,1.840200,1,3.075900,13.967928,2.045379,2.219031,-18.587334,0
2023-06-20,sh.603339,15.1900,15.5400,14.9500,15.4600,15.0800,7213558,110666771.2000,2.331200,1,2.519900,14.319905,2.096920,2.274948,-19.055715,0
2023-06-21,sh.603339,15.4900,15.5600,15.2400,15.3000,15.4600,5408700,83206229.2000,1.747900,1,-1.034900,14.171704,2.075219,2.251404,-18.858502,0
2023-06-26,sh.603339,15.2400,15.4800,15.0600,15.1100,15.3000,3941188,60082068.6000,1.273600,1,-1.241800,13.995716,2.049448,2.223446,-18.624312,0
2023-06-27,sh.603339,15.1100,15.6500,15.1100,15.6200,15.1100,6778760,105143491.4800,2.190600,1,3.375200,14.468106,2.118622,2.298492,-19.252928,0
2023-06-28,sh.603339,15.5500,15.5800,15.2600,15.5600,15.6200,4462360,68982902.6400,1.442100,1,-0.384100,14.412531,2.110484,2.289663,-19.178973,0
2023-06-29,sh.603339,15.5600,16.0500,15.5100,16.0500,15.5600,6478505,103031827.6600,2.093600,1,3.149100,14.866396,2.176945,2.361767,-19.782939,0
2023-06-30,sh.603339,16.0400,16.1100,15.8300,15.9100,16.0500,4637877,73956347.2500,1.498800,1,-0.872300,14.736720,2.157956,2.341166,-19.610377,0
2023-07-03,sh.603339,15.9800,16.1000,15.8100,15.8600,15.9100,4033644,64152688.0800,1.303500,1,-0.314300,14.690407,2.151174,2.333809,-19.548748,0
2023-07-04,sh.603339,15.8900,16.2900,15.8600,16.0500,15.8600,5412664,87301470.6400,1.749200,1,1.198000,14.866396,2.176945,2.361767,-19.782939,0
2023-07-05,sh.603339,16.0000,16.0500,15.7500,15.8700,16.0500,3197616,50937450.8000,1.033400,1,-1.121500,14.699670,2.152531,2.335280,-19.561074,0
2023-07-06,sh.603339,15.9200,16.0000,15.8000,15.8600,15.8700,2306540,36656258.2000,0.745400,1,-0.063000,14.690407,2.151174,2.333809,-19.548748,0
2023-07-07,sh.603339,15.8400,15.9400,15.6800,15.6800,15.8600,2959496,46734660.8400,0.956400,1,-1.134900,14.523681,2.126760,2.307322,-19.326883,0
2023-07-10,sh.603339,15.7300,15.7700,15.5000,15.5500,15.6800,2813645,43856995.9500,0.909300,1,-0.829100,14.403268,2.109127,2.288192,-19.166648,0
2023-07-11,sh.603339,15.6400,15.8600,15.5100,15.7400,15.5500,3006460,47315767.0800,0.971600,1,1.221900,14.579257,2.134898,2.316151,-19.400838,0
2023-07-12,sh.603339,15.7500,16.0600,15.5900,15.6000,15.7400,3365556,53204227.0800,1.087600,1,-0.889500,14.449581,2.115909,2.295549,-19.228277,0
2023-07-13,sh.603339,15.6800,15.8100,15.5200,15.7700,15.6000,2783064,43646444.1200,0.899400,1,1.089700,14.607044,2.138967,2.320565,-19.437816,0
2023-07-14,sh.603339,15.7000,15.8900,15.5900,15.6800,15.7700,2863663,45072540.3600,0.925400,1,-0.570700,14.523681,2.126760,2.307322,-19.326883,0
2023-07-17,sh.603339,15.3300,15.6000,15.0000,15.4500,15.6800,4995992,76836191.8400,1.614500,1,-1.466800,14.310643,2.095564,2.273477,-19.043389,0
2023-07-18,sh.603339,15.4500,15.6600,15.3700,15.5800,15.4500,2625952,40893548.4100,0.848600,1,0.841400,14.431056,2.113196,2.292606,-19.203625,0
2023-07-19,sh.603339,15.5900,15.6600,15.2900,15.4000,15.5800,2912700,44921634.3600,0.941300,1,-1.155300,14.264330,2.088782,2.266119,-18.981760,0
2023-07-20,sh.603339,15.4000,15.4800,15.1500,15.2000,15.4000,2337860,35862367.8000,0.755500,1,-1.298700,14.079079,2.061655,2.236689,-18.735244,0
2023-07-21,sh.603339,15.1500,15.2000,14.8900,14.9500,15.2000,2852680,42846203.6400,0.921900,1,-1.644700,13.847515,2.027746,2.199902,-18.427099,0
2023-07-24,sh.603339,14.9300,15.1500,14.8500,14.9300,14.9500,2000864,30036192.2800,0.646600,1,-0.133800,13.828990,2.025033,2.196959,-18.402447,0
2023-07-25,sh.603339,15.0000,15.2300,14.9900,15.2200,14.9300,2657764,40198772.5200,0.858900,1,1.942400,14.097604,2.064368,2.239632,-18.759896,0
2023-07-26,sh.603339,15.2100,15.2100,14.9700,15.0000,15.2200,2157690,32488412.8000,0.697300,1,-1.445500,13.893828,2.034528,2.207259,-18.488728,0
2023-07-27,sh.603339,15.0900,15.1300,14.7800,14.8000,15.0000,2278100,34042243.0000,0.736200,1,-1.333300,13.708577,2.007401,2.177829,-18.242211,0
2023-07-28,sh.603339,14.8000,15.0300,14.6800,14.9700,14.8000,2012848,29943156.6400,0.650500,1,1.148600,13.866040,2.030459,2.202845,-18.451750,0
2023-07-31,sh.603339,14.9600,15.0700,14.8500,14.9200,14.9700,2942100,43974759.0000,0.950800,1,-0.334000,13.819727,2.023677,2.195487,-18.390121,0
2023-08-01,sh.603339,14.9000,14.9200,14.5800,14.7400,14.9200,2834791,41725143.0600,0.916100,1,-1.206400,13.653001,1.999263,2.169000,-18.168256,0
2023-08-02,sh.603339,14.7400,14.7600,14.5200,14.6300,14.7400,2555112,37302352.4900,0.825700,1,-0.746300,13.551113,1.984343,2.152813,-18.032672,0
2023-08-03,sh.603339,14.6700,14.8800,14.5000,14.5300,14.6300,2886820,42279137.3800,0.932900,1,-0.683500,13.458488,1.970779,2.138098,-17.909414,0
2023-08-04,sh.603339,14.5300,14.6800,14.3800,14.4500,14.5300,4096464,59276274.7200,1.323800,1,-0.550600,13.384387,1.959929,2.126326,-17.810808,0
2023-08-07,sh.603339,14.4500,14.4900,14.2800,14.3300,14.4500,2103304,30211525.2800,0.679700,1,-0.830400,13.273237,1.943652,2.108668,-17.662898,0
2023-08-08,sh.603339,14.2700,14.4000,14.2100,14.3500,14.3300,2314744,33146264.1600,0.748000,1,0.139600,13.291762,1.946365,2.111611,-17.687549,0
2023-08-09,sh.603339,14.3000,14.3900,14.0800,14.1300,14.3500,2552276,36141419.7200,0.824800,1,-1.533100,13.087986,1.916525,2.079238,-17.416381,0
2023-08-10,sh.603339,14.1000,14.2800,14.0800,14.2200,14.1300,1892528,26879525.5200,0.611600,1,0.636900,13.171349,1.928732,2.092482,-17.527314,0
2023-08-11,sh.603339,14.2700,14.4800,14.1000,14.1300,14.2200,2900771,41454774.0000,0.937400,1,-0.632900,13.087986,1.916525,2.079238,-17.416381,0
2023-08-14,sh.603339,14.0000,14.2300,13.9300,14.2300,14.1300,2575084,36207846.2400,0.832200,1,0.707700,13.180611,1.930089,2.093953,-17.539640,0
2023-08-15,sh.603339,14.2000,14.3200,14.0100,14.1000,14.2300,3068284,43325821.4400,0.991600,1,-0.913600,13.060198,1.912456,2.074824,-17.379404,0
2023-08-16,sh.603339,13.7200,13.8200,12.7000,12.8100,14.1000,16056122,207535559.7600,5.188700,1,-9.148900,12.054597,1.735047,1.834543,45.798971,0
2023-08-17,sh.603339,12.5900,12.8800,12.3900,12.8400,12.8100,10692992,134847840.4800,3.455600,1,0.234200,12.082828,1.739111,1.838840,45.906228,0
2023-08-18,sh.603339,12.7900,12.8500,12.4500,12.4800,12.8400,6307330,79761703.8000,2.038300,1,-2.803700,11.744057,1.690351,1.787283,44.619138,0
2023-08-21,sh.603339,12.4200,12.6200,12.3200,12.4100,12.4800,4865925,60895948.6000,1.572500,1,-0.560900,11.678185,1.680869,1.777259,44.368870,0
2023-08-22,sh.603339,12.4500,12.5500,12.2800,12.5000,12.4100,4116372,51062096.7200,1.330300,1,0.725200,11.762878,1.693059,1.790148,44.690643,0
2023-08-23,sh.603339,12.4800,12.5000,12.3000,12.3100,12.5000,2794749,34657069.2900,0.903200,1,-1.520000,11.584082,1.667325,1.762937,44.011345,0
2023-08-24,sh.603339,12.3200,12.5100,12.2800,12.3800,12.3100,3199773,39686316.6700,1.034000,1,0.568600,11.649954,1.676806,1.772962,44.261612,0
2023-08-25,sh.603339,12.3800,12.4200,12.0900,12.0900,12.3800,4429680,54120336.2000,1.431500,1,-2.342500,11.377055,1.637527,1.731431,43.224790,0
2023-08-28,sh.603339,12.7200,12.8000,12.1000,12.1400,12.0900,5657220,70485573.8400,1.828200,1,0.413600,11.424107,1.644299,1.738591,43.403552,0
2023-08-29,sh.603339,12.1500,12.7000,12.1000,12.6500,12.1400,4374864,54709023.5300,1.413800,1,4.201000,11.904032,1.713376,1.811629,45.226930,0
2023-08-30,sh.603339,12.6300,13.1000,12.6100,12.8300,12.6500,4051172,52154410.6800,1.309200,1,1.422900,12.073418,1.737756,1.837408,45.870476,0
2023-08-31,sh.603339,12.8800,12.9800,12.7100,12.7900,12.8300,2819778,36237601.1600,0.911200,1,-0.311800,12.035776,1.732338,1.831679,45.727466,0
2023-09-01,sh.603339,12.8900,13.0500,12.7800,12.9800,12.7900,4476027,57923101.7100,1.446500,1,1.485500,12.214572,1.758073,1.858889,46.406763,0
2023-09-04,sh.603339,12.9600,13.0800,12.8700,12.9800,12.9800,2972260,38542967.9200,0.960500,1,0.000000,12.214572,1.758073,1.858889,46.406763,0
2023-09-05,sh.603339,12.9700,13.0800,12.8800,12.9500,12.9800,2669110,34596373.5000,0.862600,1,-0.231100,12.186341,1.754010,1.854593,46.299506,0
2023-09-06,sh.603339,12.9100,13.0500,12.8600,12.9800,12.9500,2815344,36437849.0800,0.909800,1,0.231700,12.214572,1.758073,1.858889,46.406763,0
2023-09-07,sh.603339,13.0300,13.0300,12.7900,12.8000,12.9800,3045284,39192353.0800,0.984100,1,-1.386700,12.045187,1.733693,1.833111,45.763218,0
2023-09-08,sh.603339,12.7900,12.9400,12.7100,12.8500,12.8000,2138828,27471970.4200,0.691200,1,0.390600,12.092238,1.740465,1.840272,45.941981,0
2023-09-11,sh.603339,12.8600,13.0900,12.6800,13.0800,12.8500,3699356,47888724.1200,1.195500,1,1.789900,12.308675,1.771617,1.873210,46.764288,0
2023-09-12,sh.603339,13.0000,13.0600,12.8800,12.9200,13.0800,2554260,33047684.2400,0.825400,1,-1.223200,12.158110,1.749946,1.850297,46.192248,0
2023-09-13,sh.603339,12.8800,12.9900,12.5000,12.8000,12.9200,2768736,35278799.8000,0.894800,1,-0.928800,12.045187,1.733693,1.833111,45.763218,0
2023-09-14,sh.603339,12.7800,12.8100,12.5300,12.6300,12.8000,2582336,32607792.3200,0.834500,1,-1.328100,11.885211,1.710667,1.808765,45.155425,0
2023-09-15,sh.603339,12.6800,12.7400,12.5200,12.6000,12.6300,1792272,22615866.0400,0.579200,1,-0.237500,11.856981,1.706604,1.804469,45.048168,0
2023-09-18,sh.603339,12.5600,12.8600,12.5500,12.7800,12.6000,2246685,28637811.6500,0.726000,1,1.428600,12.026366,1.730984,1.830247,45.691713,0
2023-09-19,sh.603339,12.7600,12.7600,12.5000,12.5400,12.7800,1973388,24838943.2800,0.637700,1,-1.877900,11.800519,1.698477,1.795876,44.833653,0
2023-09-20,sh.603339,12.5600,12.6600,12.4100,12.4200,12.5400,2370647,29701613.9100,0.766100,1,-0.956900,11.687595,1.682224,1.778691,44.404623,0
2023-09-21,sh.603339,12.3500,12.5300,12.3100,12.3500,12.4200,1720848,21344415.5600,0.556100,1,-0.563600,11.621723,1.672743,1.768666,44.154355,0
2023-09-22,sh.603339,12.3900,12.6900,12.2700,12.6500,12.3500,2469560,30950759.9000,0.798100,1,2.429100,11.904032,1.713376,1.811629,45.226930,0
2023-09-25,sh.603339,12.6600,12.7600,12.5700,12.6000,12.6500,2071444,26192109.8800,0.669400,1,-0.395300,11.856981,1.706604,1.804469,45.048168,0
2023-09-26,sh.603339,12.6000,12.7100,12.5100,12.6000,12.6000,2349128,29638015.9200,0.759200,1,0.000000,11.856981,1.706604,1.804469,45.048168,0
2023-09-27,sh.603339,12.6200,12.8000,12.5400,12.6800,12.6000,2233080,28372179.2000,0.721600,1,0.634900,11.932263,1.717440,1.815926,45.334188,0
2023-09-28,sh.603339,12.6800,12.8000,12.6600,12.7600,12.6800,1963232,25012629.0000,0.634400,1,0.630900,12.007545,1.728275,1.827383,45.620208,0
2023-10-09,sh.603339,12.7600,12.8300,12.5700,12.6000,12.7600,2845728,36107518.0400,0.919600,1,-1.253900,11.856981,1.706604,1.804469,45.048168,0
2023-10-10,sh.603339,12.6800,12.6800,12.2700,12.3100,12.6000,3394308,42064944.0400,1.096900,1,-2.301600,11.584082,1.667325,1.762937,44.011345,0
2023-10-11,sh.603339,12.3300,12.4800,12.2000,12.3300,12.3100,2653572,32784397.6800,0.857500,1,0.162500,11.602902,1.670034,1.765802,44.082850,0
2023-10-12,sh.603339,12.4500,12.4500,12.2400,12.3600,12.3300,2047520,25207767.4000,0.661700,1,0.243300,11.631133,1.674097,1.770098,44.190107,0
2023-10-13,sh.603339,12.2500,12.3400,12.1300,12.1500,12.3600,2388984,29121117.5200,0.772000,1,-1.699000,11.433517,1.645654,1.740024,43.439305,0
2023-10-16,sh.603339,12.1500,12.2500,11.9600,12.0100,12.1500,2764124,33262855.8000,0.893300,1,-1.152300,11.301773,1.626692,1.719974,42.938769,0
2023-10-17,sh.603339,12.0200,12.0900,11.8800,12.0900,12.0100,2367492,28357692.8400,0.765100,1,0.666100,11.377055,1.637527,1.731431,43.224790,0
2023-10-18,sh.603339,11.9100,12.0100,11.2000,11.2700,12.0900,9033457,102721889.0300,2.919300,1,-6.782500,11.043418,1.465644,1.610876,-8.613788,0
2023-10-19,sh.603339,11.1700,11.4800,11.1500,11.2500,11.2700,4727371,53498374.0300,1.527700,1,-0.177500,11.023820,1.463043,1.608017,-8.598501,0
2023-10-20,sh.603339,11.2000,11.4600,11.1600,11.1900,11.2500,2986896,33717906.1200,0.965300,1,-0.533300,10.965027,1.455240,1.599441,-8.552643,0
2023-10-23,sh.603339,11.1300,11.2200,10.9200,10.9800,11.1900,3537192,39187785.0300,1.143100,1,-1.876700,10.759249,1.427930,1.569425,-8.392137,0
2023-10-24,sh.603339,11.0200,11.2200,10.9600,11.2100,10.9800,3290600,36579317.0000,1.063400,1,2.094700,10.984624,1.457841,1.602300,-8.567929,0
2023-10-25,sh.603339,11.2100,11.5500,11.2100,11.3000,11.2100,3318872,37809029.4800,1.072500,1,0.802900,11.072815,1.469546,1.615164,-8.636717,0
2023-10-26,sh.603339,11.2300,11.4700,11.1300,11.4600,11.3000,2673836,30160817.4800,0.864100,1,1.415900,11.229598,1.490353,1.638034,-8.759007,0
2023-10-27,sh.603339,11.3700,11.6700,11.3600,11.6300,11.4600,2336796,26979860.4800,0.755200,1,1.483400,11.396180,1.512462,1.662332,-8.888940,0
2023-10-30,sh.603339,11.6200,11.7800,11.4800,11.7400,11.6300,3516014,40869039.1200,1.136200,1,0.945800,11.503969,1.526767,1.678055,-8.973014,0
2023-10-31,sh.603339,11.7100,11.8000,11.6200,11.7000,11.7400,2250000,26284517.0000,0.727100,1,-0.340700,11.464773,1.521565,1.672338,-8.942441,0
2023-11-01,sh.603339,11.6700,11.7700,11.6500,11.7200,11.7000,2059640,24113045.0800,0.665600,1,0.170900,11.484371,1.524166,1.675197,-8.957728,0
2023-11-02,sh.603339,11.6800,11.7800,11.5900,11.5900,11.7200,1677932,19558738.4800,0.542200,1,-1.109200,11.356985,1.507260,1.656615,-8.858367,0
2023-11-03,sh.603339,11.5800,11.9400,11.5600,11.8700,11.5900,3139238,37191917.2200,1.014500,1,2.415900,11.631355,1.543673,1.696637,-9.072374,0
2023-11-06,sh.603339,11.9100,12.0700,11.8800,12.0500,11.8700,2344329,28113134.1800,0.757600,1,1.516400,11.807736,1.567082,1.722365,-9.209950,0
2023-11-07,sh.603339,12.0800,12.1100,11.9500,12.0900,12.0500,1895024,22819191.4400,0.612400,1,0.332000,11.846932,1.572284,1.728082,-9.240523,0
2023-11-08,sh.603339,12.0500,12.1300,11.9700,12.0300,12.0900,1988004,23946518.2800,0.642400,1,-0.496300,11.788138,1.564481,1.719506,-9.194664,0
2023-11-09,sh.603339,12.0300,12.0900,11.9500,12.0100,12.0300,2341324,28121301.9200,0.756600,1,-0.166300,11.768541,1.561880,1.716648,-9.179378,0
2023-11-10,sh.603339,11.9700,12.0100,11.8900,11.9500,12.0100,1730928,20697770.7200,0.559400,1,-0.499600,11.709747,1.554077,1.708072,-9.133519,0
2023-11-13,sh.603339,12.0500,12.1300,11.9400,12.0700,11.9500,2131584,25708070.4800,0.688800,1,1.004200,11.827334,1.569683,1.725224,-9.225237,0
2023-11-14,sh.603339,12.0500,12.1200,12.0200,12.0900,12.0700,1575124,19003360.2000,0.509000,1,0.165700,11.846932,1.572284,1.728082,-9.240523,0
2023-11-15,sh.603339,12.1500,12.2400,12.1200,12.1800,12.0900,2268720,27637045.7600,0.733200,1,0.744400,11.935123,1.583988,1.740947,-9.309311,0
2023-11-16,sh.603339,12.2100,12.2100,12.0200,12.0200,12.1800,1724017,20838475.8500,0.557100,1,-1.313600,11.778339,1.563180,1.718077,-9.187021,0
2023-11-17,sh.603339,12.0200,12.1800,11.9800,12.1700,12.0200,2136852,25870294.1600,0.690600,1,1.247900,11.925324,1.582688,1.739517,-9.301668,0
2023-11-20,sh.603339,12.1600,12.3500,12.1000,12.3300,12.1700,2619832,32063808.4400,0.846600,1,1.314700,12.082107,1.603495,1.762387,-9.423958,0
2023-11-21,sh.603339,12.3800,12.4200,12.2200,12.2300,12.3300,2446032,30115511.1200,0.790500,1,-0.811000,11.984117,1.590491,1.748093,-9.347526,0
2023-11-22,sh.603339,12.2500,12.3300,12.0700,12.0800,12.2300,2264408,27596904.1200,0.731800,1,-1.226500,11.837133,1.570983,1.726653,-9.232880,0
2023-11-23,sh.603339,12.1300,12.2600,12.0300,12.2200,12.0800,1645308,20001577.0000,0.531700,1,1.158900,11.974319,1.589190,1.746664,-9.339883,0
2023-11-24,sh.603339,12.2400,12.2800,12.0400,12.0500,12.2200,3015808,36555340.8400,0.974600,1,-1.391200,11.807736,1.567082,1.722365,-9.209950,0
2023-11-27,sh.603339,11.9800,12.0800,11.8600,12.0400,12.0500,3630534,43520530.6000,1.173300,1,-0.083000,11.797937,1.565781,1.720936,-9.202307,0
2023-11-28,sh.603339,12.0500,12.2700,12.0300,12.2400,12.0400,2699280,32919713.8800,0.872300,1,1.661100,11.993916,1.591791,1.749523,-9.355170,0
2023-11-29,sh.603339,12.2700,12.3200,12.1100,12.1700,12.2400,2155352,26385277.1600,0.696500,1,-0.571900,11.925324,1.582688,1.739517,-9.301668,0
2023-11-30,sh.603339,12.0900,12.2200,11.9600,12.0600,12.1700,2395824,28847763.8800,0.774200,1,-0.903900,11.817535,1.568382,1.723794,-9.217594,0
2023-12-01,sh.603339,12.0800,12.1800,11.9800,12.0900,12.0600,2236844,26957782.0800,0.722900,1,0.248800,11.846932,1.572284,1.728082,-9.240523,0
2023-12-04,sh.603339,12.1300,12.1300,11.9500,11.9800,12.0900,1990628,23892290.1200,0.643300,1,-0.909800,11.739144,1.557979,1.712360,-9.156449,0
2023-12-05,sh.603339,11.9600,12.0300,11.7900,11.8000,11.9800,2134700,25382017.9200,0.689900,1,-1.502500,11.562763,1.534570,1.686631,-9.018873,0
2023-12-06,sh.603339,11.8500,12.0000,11.7500,11.8900,11.8000,2178424,25963490.8800,0.704000,1,0.762700,11.650953,1.546274,1.699496,-9.087661,0
2023-12-07,sh.603339,11.9400,11.9600,11.7000,11.8200,11.8900,1871780,22097049.8000,0.604900,1,-0.588700,11.582360,1.537171,1.689490,-9.034159,0
2023-12-08,sh.603339,11.7600,11.9100,11.5300,11.5900,11.8200,2832204,33052357.4000,0.915300,1,-1.945900,11.356985,1.507260,1.656615,-8.858367,0
2023-12-11,sh.603339,11.5700,11.7100,11.4000,11.6900,11.5900,2596564,30165472.5200,0.839100,1,0.862800,11.454974,1.520265,1.670909,-8.934798,0
2023-12-12,sh.603339,11.6700,11.7500,11.6100,11.7200,11.6900,1947748,22741463.3200,0.629400,1,0.256600,11.484371,1.524166,1.675197,-8.957728,0
2023-12-13,sh.603339,11.7200,11.9500,11.6600,11.7500,11.7200,1950008,23014224.3600,0.630200,1,0.256000,11.513768,1.528067,1.679485,-8.980657,0
2023-12-14,sh.603339,11.7500,11.9300,11.7400,11.7700,11.7500,1480760,17490751.6400,0.478500,1,0.170200,11.533366,1.530668,1.682343,-8.995943,0
2023-12-15,sh.603339,11.8000,11.8200,11.6500,11.6700,11.7700,1434752,16805236.6400,0.463700,1,-0.849600,11.435376,1.517664,1.668050,-8.919512,0
2023-12-18,sh.603339,11.6800,11.7200,11.4800,11.5500,11.6700,1829248,21232705.0400,0.591100,1,-1.028300,11.317789,1.502058,1.650898,-8.827795,0
2023-12-19,sh.603339,11.8800,11.8800,11.2800,11.6500,11.5500,2180234,25071978.6800,0.704600,1,0.865800,11.415778,1.515063,1.665191,-8.904226,0
2023-12-20,sh.603339,11.6100,11.7700,11.4300,11.4300,11.6500,3111492,36025386.0400,1.005500,1,-1.888400,11.200201,1.486452,1.633745,-8.736077,0
2023-12-21,sh.603339,11.4300,11.6200,11.2800,11.6100,11.4300,2705368,30950641.9200,0.874300,1,1.574800,11.376582,1.509861,1.659474,-8.873653,0
2023-12-22,sh.603339,11.6100,11.6200,11.3600,11.4400,11.6100,1969900,22636874.3200,0.636600,1,-1.464300,11.210000,1.487752,1.635175,-8.743721,0
2023-12-25,sh.603339,11.4900,11.5100,11.3000,11.3400,11.4400,1745604,19833290.8400,0.564100,1,-0.874100,11.112011,1.474748,1.620881,-8.667289,0
2023-12-26,sh.603339,11.4300,11.4300,11.2000,11.2200,11.3400,1966456,22136951.3200,0.635500,1,-1.058200,10.994423,1.459142,1.603729,-8.575572,0
2023-12-27,sh.603339,11.2300,11.4000,11.1800,11.3800,11.2200,1746380,19760383.2000,0.564400,1,1.426000,11.151207,1.479950,1.626599,-8.697862,0
2023-12-28,sh.603339,11.4500,11.6900,11.2800,11.6500,11.3800,2607440,30158157.8000,0.842600,1,2.372600,11.415778,1.515063,1.665191,-8.904226,0
2023-12-29,sh.603339,11.6300,11.9200,11.6100,11.8900,11.6500,2599824,30676641.0000,0.840200,1,2.060100,11.650953,1.546274,1.699496,-9.087661,0
2024-01-02,sh.603339,11.8700,12.0900,11.8700,12.0300,11.8900,3016352,36193799.6000,0.974800,1,1.177500,11.788138,1.564481,1.719506,-9.194664,0
2024-01-03,sh.603339,12.0100,12.0600,11.8800,11.9900,12.0300,2407012,28800587.7000,0.777900,1,-0.332500,11.748943,1.559279,1.713789,-9.164092,0
2024-01-04,sh.603339,11.9600,12.0800,11.9500,12.0500,11.9900,2349127,28227081.3200,0.759200,1,0.500400,11.807736,1.567082,1.722365,-9.209950,0
2024-01-05,sh.603339,12.0000,12.0900,11.7500,11.8100,12.0500,1678216,19978618.8800,0.542300,1,-1.991700,11.572562,1.535870,1.688061,-9.026516,0
2024-01-08,sh.603339,11.7300,11.8400,11.6100,11.6400,11.8100,2057048,24129788.6000,0.664800,1,-1.439500,11.405979,1.513762,1.663762,-8.896583,0
2024-01-09,sh.603339,11.6100,11.8700,11.5600,11.7900,11.6400,2446600,28794816.0000,0.790700,1,1.288700,11.552964,1.533269,1.685202,-9.011230,0
2024-01-10,sh.603339,11.7900,11.8600,11.6000,11.7200,11.7900,1943819,22818980.0700,0.628200,1,-0.593700,11.484371,1.524166,1.675197,-8.957728,0
2024-01-11,sh.603339,11.7300,11.9200,11.6800,11.8800,11.7200,2280213,26943528.2400,0.736900,1,1.365200,11.641154,1.544974,1.698066,-9.080018,0
2024-01-12,sh.603339,11.8600,12.0600,11.8100,11.8500,11.8800,2361113,28171346.1400,0.763000,1,-0.252500,11.611757,1.541072,1.693778,-9.057088,0
2024-01-15,sh.603339,11.7900,11.9000,11.6800,11.8300,11.8500,1669584,19718346.0400,0.539500,1,-0.168800,11.592159,1.538471,1.690919,-9.041802,0
2024-01-16,sh.603339,11.8400,11.9200,11.6100,11.7500,11.8300,1897236,22290721.2800,0.613100,1,-0.676200,11.513768,1.528067,1.679485,-8.980657,0
2024-01-17,sh.603339,11.7500,11.7700,11.4600,11.4600,11.7500,2143316,24941806.5600,0.692600,1,-2.468100,11.229598,1.490353,1.638034,-8.759007,0
2024-01-18,sh.603339,11.4200,11.4900,10.9100,11.2200,11.4600,4111580,45928090.1200,1.328700,1,-2.094200,10.994423,1.459142,1.603729,-8.575572,0
2024-01-19,sh.603339,11.2200,11.2600,11.0100,11.1000,11.2200,2884479,32002100.2400,0.932200,1,-1.069500,10.876836,1.443536,1.586577,-8.483855,0
2024-01-22,sh.603339,11.0700,11.1500,10.0000,10.2000,11.1000,5054790,53453938.5200,1.633500,1,-8.108100,9.994930,1.326493,1.457936,-7.795975,0
2024-01-23,sh.603339,10.2000,10.3000,9.9000,10.1400,10.2000,4991180,50367179.8000,1.613000,1,-0.588200,9.936137,1.318690,1.449360,-7.750116,0
2024-01-24,sh.603339,10.2000,10.3600,9.8600,10.2400,10.1400,4331037,43840601.9100,1.399600,1,0.986200,10.034126,1.331694,1.463653,-7.826547,0
2024-01-25,sh.603339,10.2500,10.8800,10.2100,10.8300,10.2400,4863459,51577077.0900,1.571700,1,5.761700,10.612264,1.408423,1.547985,-8.277491,0
2024-01-26,sh.603339,10.8500,11.0800,10.7800,10.9400,10.8300,3022780,33178426.3200,0.976900,1,1.015700,10.720053,1.422728,1.563707,-8.361565,0
2024-01-29,sh.603339,11.0900,12.0000,10.8800,10.9400,10.9400,7083724,80169762.0400,2.289200,1,0.000000,10.720053,1.422728,1.563707,-8.361565,0
2024-01-30,sh.603339,10.6300,10.7400,10.1300,10.1800,10.9400,6682715,69595229.8000,2.159600,1,-6.947000,9.975332,1.323892,1.455077,-7.780688,0
2024-01-31,sh.603339,10.1000,10.1300,9.5100,9.5600,10.1800,6290156,61451443.0200,2.032700,1,-6.090400,9.367797,1.243262,1.366457,-7.306815,0
2024-02-01,sh.603339,9.5500,9.6500,9.1400,9.3200,9.5600,4569432,42861240.3200,1.476700,1,-2.510500,9.132623,1.212050,1.332153,-7.123381,0
2024-02-02,sh.603339,9.3300,9.4800,8.4500,8.8000,9.3200,6317292,56322176.5200,2.041500,1,-5.579400,8.623077,1.144425,1.257827,-6.725939,0
2024-02-05,sh.603339,8.7200,8.7400,7.9200,7.9700,8.8000,8904126,72190668.3200,2.877500,1,-9.431800,7.809764,1.036485,1.139191,-6.091561,0
2024-02-06,sh.603339,7.8200,8.5600,7.6100,8.3100,7.9700,6568139,52654223.4400,2.122600,1,4.266000,8.142929,1.080701,1.187789,-6.351426,0
2024-02-07,sh.603339,8.3100,8.5600,7.9500,8.0900,8.3100,6357510,52606446.8600,2.054500,1,-2.647400,7.927352,1.052091,1.156343,-6.183278,0
2024-02-08,sh.603339,8.2400,8.9000,8.1700,8.9000,8.0900,5954950,50916326.3800,1.924400,1,10.012400,8.721067,1.157430,1.272120,-6.802370,0
2024-02-19,sh.603339,9.3000,9.5400,9.1500,9.3900,8.9000,8064714,75635837.9200,2.606200,1,5.505600,9.201215,1.221153,1.342158,-7.176883,0
2024-02-20,sh.603339,9.5500,9.5800,9.3000,9.4500,9.3900,4389402,41458035.0600,1.418500,1,0.639000,9.260009,1.228956,1.350734,-7.222741,0
2024-02-21,sh.603339,9.3300,9.7900,9.3200,9.5200,9.4500,4714986,45273437.0400,1.523700,1,0.740700,9.328602,1.238060,1.360740,-7.276243,0
2024-02-22,sh.603339,9.5100,9.7500,9.4900,9.6400,9.5200,3127910,30066762.4000,1.010800,1,1.260500,9.446189,1.253666,1.377892,-7.367960,0
2024-02-23,sh.603339,9.6700,10.0700,9.6400,10.0200,9.6400,4588723,45158591.2900,1.482900,1,3.941900,9.818549,1.303084,1.432207,-7.658399,0
2024-02-26,sh.603339,10.2300,10.3200,10.0300,10.1400,10.0200,5033249,51270058.5400,1.626600,1,1.197600,9.936137,1.318690,1.449360,-7.750116,0
2024-02-27,sh.603339,10.1300,10.3000,10.0100,10.2900,10.1400,4854140,49423200.1600,1.568700,1,1.479300,10.083121,1.338197,1.470800,-7.864763,0
2024-02-28,sh.603339,10.4300,10.5100,9.6200,9.6300,10.2900,7077462,71647583.2000,2.287200,1,-6.414000,9.436390,1.252365,1.376463,-7.360317,0
2024-02-29,sh.603339,9.6100,9.9900,9.5200,9.9900,9.6300,4296180,42252605.9200,1.388400,1,3.738300,9.789152,1.299182,1.427919,-7.635469,0
2024-03-01,sh.603339,10.0600,10.2200,9.9500,10.1500,9.9900,5201830,52436807.7400,1.681000,1,1.601600,9.945936,1.319990,1.450789,-7.757759,0
2024-03-04,sh.603339,10.1500,10.2800,10.0500,10.2300,10.1500,4289944,43638192.2800,1.386400,1,0.788200,10.024327,1.330394,1.462224,-7.818904,0
2024-03-05,sh.603339,10.2400,10.2400,9.9700,10.0100,10.2300,3398100,34294151.0000,1.098100,1,-2.150500,9.808750,1.301783,1.430778,-7.650755,0
2024-03-06,sh.603339,10.0800,10.2600,10.0100,10.1600,10.0100,2951948,30000829.4000,0.954000,1,1.498500,9.955735,1.321291,1.452218,-7.765402,0
2024-03-07,sh.603339,10.2100,10.6700,10.2100,10.2900,10.1600,4997912,51994305.6800,1.615100,1,1.279500,10.083121,1.338197,1.470800,-7.864763,0
2024-03-08,sh.603339,10.2800,10.4600,10.2300,10.4100,10.2900,3450356,35767612.9200,1.115000,1,1.166200,10.200708,1.353803,1.487952,-7.956480,0
2024-03-11,sh.603339,10.4000,10.5000,10.3200,10.4900,10.4100,2830460,29535865.7800,0.914700,1,0.768500,10.279100,1.364207,1.499387,-8.017625,0
2024-03-12,sh.603339,10.5400,10.5900,10.3600,10.4700,10.4900,3203444,33487479.1800,1.035200,1,-0.190700,10.259502,1.361606,1.496528,-8.002339,0
2024-03-13,sh.603339,10.5000,10.5400,10.3900,10.4600,10.4700,2399850,25086746.0000,0.775500,1,-0.095500,10.249703,1.360305,1.495099,-7.994696,0
2024-03-14,sh.603339,10.4600,10.5400,10.3000,10.4500,10.4600,2786796,29098516.1600,0.900600,1,-0.095600,10.239904,1.359005,1.493669,-7.987052,0
2024-03-15,sh.603339,10.4600,10.5900,10.3800,10.5800,10.4500,2472586,25947979.1800,0.799000,1,1.244000,10.367290,1.375911,1.512251,-8.086413,0
2024-03-18,sh.603339,10.6600,10.8100,10.5000,10.7800,10.5800,4469049,47572369.8400,1.444200,1,1.890400,10.563270,1.401921,1.540838,-8.239275,0
2024-03-19,sh.603339,10.7800,10.8900,10.6800,10.7500,10.7800,3026520,32610045.2800,0.978100,1,-0.278300,10.533873,1.398019,1.536550,-8.216346,0
2024-03-20,sh.603339,10.7500,10.8500,10.7300,10.8400,10.7500,2439956,26317247.3200,0.788500,1,0.837200,10.622063,1.409723,1.549414,-8.285134,0
2024-03-21,sh.603339,10.8000,10.9400,10.7200,10.8900,10.8400,2570992,27897118.2000,0.830800,1,0.461300,10.671058,1.416226,1.556561,-8.323349,0
2024-03-22,sh.603339,10.8900,11.3900,10.7000,11.1300,10.8900,9974112,111065947.2100,3.223300,1,2.203900,10.906233,1.447437,1.590865,-8.506784,0
2024-03-25,sh.603339,11.0300,11.4200,10.7500,10.7500,11.1300,12150377,134027105.4100,3.926600,1,-3.414200,10.533873,1.398019,1.536550,-8.216346,0
2024-03-26,sh.603339,10.7000,10.8500,10.4400,10.6200,10.7500,6733180,71300906.7800,2.175900,1,-1.209300,10.406486,1.381113,1.517968,-8.116985,0
2024-03-27,sh.603339,10.6200,10.7800,10.4100,10.4600,10.6200,4081202,43053153.0500,1.318900,1,-1.506600,10.249703,1.360305,1.495099,-7.994696,0
2024-03-28,sh.603339,10.8000,11.4900,10.8000,11.0700,10.4600,12224802,135524839.6200,3.950600,1,5.831700,10.268422,1.383501,1.537051,6.619415,0
2024-03-29,sh.603339,11.0000,11.1500,10.8500,11.0300,11.0700,7244072,79746906.4400,2.341000,1,-0.361300,10.231318,1.378502,1.531497,6.595496,0
2024-04-01,sh.603339,11.0800,11.4900,11.0500,11.4500,11.0300,7133213,80436589.5600,2.305200,1,3.807800,10.620906,1.430992,1.589813,6.846639,0
2024-04-02,sh.603339,11.4000,11.5400,11.2700,11.4600,11.4500,4318690,49287585.9500,1.395600,1,0.087300,10.630182,1.432242,1.591202,6.852619,0
2024-04-03,sh.603339,11.4500,11.5700,11.3400,11.4300,11.4600,3459261,39541505.5500,1.117900,1,-0.261800,10.602354,1.428493,1.587036,6.834680,0
2024-04-08,sh.603339,11.3500,11.5000,11.2100,11.2200,11.4300,4052240,45900978.3000,1.309500,1,-1.837300,10.407560,1.402247,1.557878,6.709109,0
2024-04-09,sh.603339,11.1900,11.3300,11.0500,11.2800,11.2200,4024700,45167080.8500,1.300600,1,0.534800,10.463215,1.409746,1.566209,6.744986,0
2024-04-10,sh.603339,11.3000,11.3300,10.9200,11.0200,11.2800,3313500,36721974.0000,1.070800,1,-2.305000,10.222042,1.377252,1.530109,6.589517,0
2024-04-11,sh.603339,11.0300,11.1800,10.8500,10.9200,11.0200,4281524,47295834.4600,1.383600,1,-0.907400,10.129283,1.364754,1.516224,6.529721,0
2024-04-12,sh.603339,10.9500,11.1100,10.9200,10.9300,10.9200,3402892,37559844.3600,1.099700,1,0.091600,10.138559,1.366004,1.517612,6.535700,0
2024-04-15,sh.603339,11.0000,11.1500,10.6100,10.8400,10.9300,5018128,54382869.9200,1.621700,1,-0.823400,10.055076,1.354756,1.505116,6.481884,0
2024-04-16,sh.603339,10.6800,10.7400,10.3400,10.4300,10.8400,5677141,59624302.6800,1.834600,1,-3.782300,9.674764,1.303515,1.448188,6.236720,0
2024-04-17,sh.603339,10.4500,11.1500,10.4500,10.9400,10.4300,4611412,50071858.8000,1.490200,1,4.889700,10.147835,1.367254,1.519001,6.541680,0
2024-04-18,sh.603339,11.0000,11.1600,10.8100,10.9900,10.9400,4036900,44488459.0000,1.304600,1,0.457000,10.194214,1.373503,1.525943,6.571578,0
2024-04-19,sh.603339,10.9400,11.1900,10.8600,11.1600,10.9900,4245214,47134284.7200,1.371900,1,1.546900,10.351905,1.394749,1.549547,6.673231,0
2024-04-22,sh.603339,11.1300,11.2900,11.0600,11.1800,11.1600,3547272,39653488.7200,1.146300,1,0.179200,10.370456,1.397248,1.552324,6.685190,0
2024-04-23,sh.603339,10.9800,11.1000,10.8600,10.9300,11.1800,3622238,39709887.8200,1.170600,1,-2.236100,10.138559,1.366004,1.517612,6.535700,0
2024-04-24,sh.603339,10.8300,11.0800,10.8000,11.0600,10.9300,2861649,31418308.4500,0.924800,1,1.189400,10.259146,1.382251,1.535663,6.613435,0
2024-04-25,sh.603339,11.0600,11.1700,10.9800,11.0400,11.0600,3406640,37788485.1200,1.100900,1,-0.180800,10.240594,1.379751,1.532886,6.601476,0
2024-04-26,sh.603339,10.3200,10.4700,10.0100,10.3400,11.0400,11020325,113431348.7500,3.561400,1,-6.340600,10.357400,1.269357,1.493897,23.671035,0
2024-04-29,sh.603339,10.2900,10.4000,10.2100,10.3300,10.3400,6574379,67847455.9500,2.124600,1,-0.096700,10.347383,1.268129,1.492453,23.648142,0
2024-04-30,sh.603339,10.3300,10.3900,10.2300,10.2700,10.3300,4213392,43365547.7600,1.361600,1,-0.580800,10.287282,1.260764,1.483784,23.510786,0
2024-05-06,sh.603339,10.3600,10.5100,10.2700,10.5000,10.2700,7462565,77603162.7700,2.411600,1,2.239500,10.517669,1.288999,1.517014,24.037318,0
2024-05-07,sh.603339,10.4800,10.6600,10.4200,10.6600,10.5000,3797628,40192728.1600,1.227300,1,1.523800,10.677938,1.308641,1.540130,24.403600,0
2024-05-08,sh.603339,10.6600,10.6800,10.3900,10.4200,10.6600,3693898,38707753.5600,1.193700,1,-2.251400,10.437535,1.279178,1.505456,23.854176,0
2024-05-09,sh.603339,10.3900,10.6900,10.3900,10.6900,10.4200,3839095,40768907.9600,1.240700,1,2.591200,10.707989,1.312323,1.544465,24.472278,0
2024-05-10,sh.603339,10.6900,10.7600,10.5200,10.5400,10.6900,2533912,26793292.9600,0.818900,1,-1.403200,10.557737,1.293909,1.522793,24.128888,0
2024-05-13,sh.603339,10.4900,10.4900,10.2900,10.3800,10.5400,2711760,28165826.8800,0.876300,1,-1.518000,10.397467,1.274267,1.499677,23.762605,0
2024-05-14,sh.603339,10.4000,10.6200,10.4000,10.5400,10.3800,2448703,25753687.5700,0.791300,1,1.541400,10.557737,1.293909,1.522793,24.128888,0
2024-05-15,sh.603339,10.5600,10.6200,10.3800,10.4600,10.5400,1615526,16980065.1800,0.522100,1,-0.759000,10.477602,1.284088,1.511235,23.945747,0
2024-05-16,sh.603339,10.4100,10.5600,10.3500,10.3800,10.4600,2336580,24412539.3600,0.755100,1,-0.764800,10.397467,1.274267,1.499677,23.762605,0
2024-05-17,sh.603339,10.3800,10.4300,10.3000,10.4200,10.3800,1897604,19677870.2400,0.613200,1,0.385400,10.437535,1.279178,1.505456,23.854176,0
2024-05-20,sh.603339,10.4000,10.5000,10.3900,10.4600,10.4200,1907236,19952393.2000,0.616300,1,0.383900,10.477602,1.284088,1.511235,23.945747,0
2024-05-21,sh.603339,10.4500,10.4500,10.1200,10.1600,10.4600,3614688,36938122.3600,1.168100,1,-2.868100,10.177097,1.247260,1.467891,23.258966,0
2024-05-22,sh.603339,10.1800,10.2800,10.1200,10.1600,10.1600,1609849,16393110.4400,0.520200,1,0.000000,10.177097,1.247260,1.467891,23.258966,0
2024-05-23,sh.603339,10.2000,10.2000,9.8700,9.8900,10.1600,2950072,29484779.6800,0.953400,1,-2.657500,9.906643,1.214114,1.428883,22.640864,0
2024-05-24,sh.603339,9.8800,10.0200,9.8600,9.9000,9.8900,1765248,17554078.5600,0.570500,1,0.101100,9.916660,1.215342,1.430327,22.663757,0
2024-05-27,sh.603339,9.9000,9.9600,9.7800,9.9500,9.9000,1855048,18322406.6800,0.599500,1,0.505100,9.966744,1.221480,1.437551,22.778220,0
2024-05-28,sh.603339,9.9400,9.9800,9.8500,9.8600,9.9500,1411992,13976328.8000,0.456300,1,-0.904500,9.876592,1.210431,1.424548,22.572186,0
2024-05-29,sh.603339,9.8600,9.9600,9.8100,9.8800,9.8600,1464100,14485542.0000,0.473100,1,0.202800,9.896626,1.212886,1.427438,22.617971,0
2024-05-30,sh.603339,9.8900,9.9900,9.8200,9.9500,9.8800,1836636,18204417.9600,0.593500,1,0.708500,9.966744,1.221480,1.437551,22.778220,0
2024-05-31,sh.603339,9.9600,10.1000,9.9100,10.0300,9.9500,1659570,16601127.8000,0.536300,1,0.804000,10.046878,1.231301,1.449109,22.961361,0
2024-06-03,sh.603339,10.0500,10.0500,9.6100,9.6900,10.0300,2778648,27159794.3600,0.898000,1,-3.389800,9.706306,1.189562,1.399987,22.183010,0
2024-06-04,sh.603339,9.7000,9.7300,9.4500,9.6400,9.6900,2551376,24434558.0800,0.824500,1,-0.516000,9.656222,1.183424,1.392763,22.068547,0
2024-06-05,sh.603339,9.6200,9.8100,9.4900,9.5000,9.6400,2113520,20410718.6400,0.683000,1,-1.452300,9.515986,1.166237,1.372536,21.748049,0
2024-06-06,sh.603339,9.5000,9.5900,9.2000,9.2400,9.5000,2662881,24779366.2000,0.860500,1,-2.736800,9.255549,1.134319,1.334972,21.152839,0
2024-06-07,sh.603339,9.2600,9.4700,9.2600,9.4400,9.2400,1965632,18451382.4000,0.635200,1,2.164500,9.455885,1.158871,1.363868,21.610693,0
2024-06-11,sh.603339,9.4500,9.4600,9.2700,9.4100,9.4400,2101306,19664459.4200,0.679100,1,-0.317800,9.425835,1.155188,1.359533,21.542015,0
2024-06-12,sh.603339,9.4400,9.6200,9.3900,9.5900,9.4100,1231550,11763044.6400,0.398000,1,1.912900,9.606138,1.177286,1.385539,21.954083,0
2024-06-13,sh.603339,9.6400,9.6500,9.5000,9.5200,9.5900,917392,8750569.5200,0.296500,1,-0.729900,9.536020,1.168692,1.375426,21.793835,0
2024-06-14,sh.603339,9.5600,9.5600,9.4000,9.4500,9.5200,1597917,15080686.4800,0.516400,1,-0.735300,9.465902,1.160099,1.365312,21.633586,0
2024-06-17,sh.603339,9.4500,9.5800,9.3800,9.5000,9.4500,1526944,14484973.5600,0.493500,1,0.529100,9.515986,1.166237,1.372536,21.748049,0
2024-06-18,sh.603339,9.2500,9.4000,9.2100,9.3600,9.2400,1665646,15513090.3200,0.538300,1,1.298700,9.375751,1.149050,1.352309,21.427552,0
2024-06-19,sh.603339,9.3600,9.4200,9.3300,9.3300,9.3600,1075708,10076593.5600,0.347600,1,-0.320500,9.345700,1.145367,1.347975,21.358874,0
2024-06-20,sh.603339,9.2600,9.3700,9.1700,9.1900,9.3300,1275100,11795829.0000,0.412100,1,-1.500500,9.205465,1.128181,1.327748,21.038376,0
2024-06-21,sh.603339,9.2300,9.2900,9.1000,9.2200,9.1900,867410,7999768.3000,0.280300,1,0.326400,9.235515,1.131864,1.332083,21.107054,0
2024-06-24,sh.603339,9.1800,9.1900,8.9000,8.9100,9.2200,1554140,13987740.6000,0.502200,1,-3.362300,8.924994,1.093808,1.287295,20.397381,0
2024-06-25,sh.603339,8.9100,9.0700,8.8000,8.9000,8.9100,1551096,13885723.6400,0.501300,1,-0.112200,8.914977,1.092580,1.285850,20.374488,0
2024-06-26,sh.603339,8.9200,9.1300,8.8400,9.1200,8.9000,1055500,9491677.0000,0.341100,1,2.471900,9.135347,1.119587,1.317635,20.878127,0
2024-06-27,sh.603339,9.0400,9.1600,8.9300,8.9300,9.1200,1093400,9896349.0000,0.353300,1,-2.083300,8.945027,1.096263,1.290184,20.443166,0
2024-06-28,sh.603339,8.9400,9.1600,8.9100,9.0700,8.9300,1440882,13109233.2800,0.465600,1,1.567700,9.085263,1.113449,1.310411,20.763664,0
2024-07-01,sh.603339,9.1300,9.1300,9.0000,9.0900,9.0700,1231500,11176930.0000,0.398000,1,0.220500,9.105296,1.115905,1.313301,20.809449,0
2024-07-02,sh.603339,9.1200,9.1900,9.0600,9.1600,9.0900,1291800,11813264.0000,0.417500,1,0.770100,9.175414,1.124498,1.323414,20.969698,0
2024-07-03,sh.603339,9.1800,9.2100,9.0900,9.1000,9.1600,1002276,9166370.8400,0.323900,1,-0.655000,9.115313,1.117132,1.314745,20.832342,0
2024-07-04,sh.603339,9.1000,9.2500,9.0100,9.0800,9.1000,1849716,16887563.7200,0.597800,1,-0.219800,9.095280,1.114677,1.311856,20.786556,0
2024-07-05,sh.603339,9.0600,9.2200,9.0100,9.1400,9.0800,1879416,17165006.2800,0.607400,1,0.660800,9.155381,1.122043,1.320524,20.923913,0
2024-07-08,sh.603339,9.1200,9.1500,8.8900,8.9500,9.1400,1636904,14718682.6400,0.529000,1,-2.078800,8.965061,1.098718,1.293074,20.488952,0
2024-07-09,sh.603339,8.9400,9.1600,8.8600,9.1100,8.9500,2181700,19742585.0000,0.705000,1,1.787700,9.125330,1.118360,1.316190,20.855235,0
2024-07-10,sh.603339,9.3100,9.9000,9.3100,9.6600,9.1100,9473593,91406724.5100,3.061500,1,6.037300,9.676256,1.185879,1.395653,22.114332,0
2024-07-11,sh.603339,9.5000,9.7600,9.4100,9.6700,9.6600,6554033,63014757.9200,2.118000,1,0.103500,9.686272,1.187106,1.397098,22.137225,0
2024-07-12,sh.603339,9.5900,10.4200,9.4800,10.0600,9.6700,10517304,105245305.0400,3.398800,1,4.033100,10.076929,1.234984,1.453444,23.030039,0
2024-07-15,sh.603339,9.8900,9.9900,9.6600,9.7100,10.0600,5760903,56176817.7500,1.861700,1,-3.479100,9.726340,1.192017,1.402877,22.228796,0
2024-07-16,sh.603339,9.6400,9.6600,9.4000,9.5600,9.7100,3522812,33523253.3200,1.138400,1,-1.544800,9.576087,1.173603,1.381205,21.885405,0
2024-07-17,sh.603339,9.6000,9.6000,9.2500,9.2900,9.5600,2982800,27911398.0000,0.963900,1,-2.824300,9.305633,1.140457,1.342196,21.267303,0
2024-07-18,sh.603339,9.2400,9.2800,9.0700,9.1900,9.2900,2895756,26587874.3600,0.935800,1,-1.076400,9.205465,1.128181,1.327748,21.038376,0
2024-07-19,sh.603339,9.0900,9.3000,9.0900,9.2100,9.1900,1703364,15732283.6000,0.550500,1,0.217600,9.225498,1.130636,1.330638,21.084161,0
2024-07-22,sh.603339,9.2100,9.2700,9.1500,9.2100,9.2100,1313753,12086969.6000,0.424600,1,0.000000,9.225498,1.130636,1.330638,21.084161,0
2024-07-23,sh.603339,9.2200,9.2400,9.0200,9.0800,9.2100,2128473,19370825.5800,0.687800,1,-1.411500,9.095280,1.114677,1.311856,20.786556,0
2024-07-24,sh.603339,9.0500,9.1500,9.0100,9.0200,9.0800,1769623,16020642.2900,0.571900,1,-0.660800,9.035179,1.107311,1.303187,20.649200,0
2024-07-25,sh.603339,8.9500,9.2300,8.9500,9.0800,9.0200,1439800,13115205.5600,0.465300,1,0.665200,9.095280,1.114677,1.311856,20.786556,0
2024-07-26,sh.603339,9.1400,9.2000,9.0900,9.1900,9.0800,1244532,11414795.1200,0.402200,1,1.211500,9.205465,1.128181,1.327748,21.038376,0
2024-07-29,sh.603339,9.2300,9.2400,9.1400,9.1500,9.1900,932380,8551345.4000,0.301300,1,-0.435300,9.165397,1.123270,1.321969,20.946805,0
2024-07-30,sh.603339,9.1000,9.1800,9.0900,9.1700,9.1500,906720,8291592.0000,0.293000,1,0.218600,9.185431,1.125726,1.324859,20.992591,0
2024-07-31,sh.603339,9.1500,9.6300,9.1500,9.5500,9.1700,3667766,34497256.9400,1.185300,1,4.143900,9.566071,1.172375,1.379760,21.862513,0
2024-08-01,sh.603339,9.5100,9.8000,9.4800,9.6900,9.5500,2919012,28118468.7600,0.943300,1,1.466000,9.706306,1.189562,1.399987,22.183010,0
2024-08-02,sh.603339,9.6700,9.6700,9.5200,9.5600,9.6900,1989500,19091025.6000,0.642900,1,-1.341600,9.576087,1.173603,1.381205,21.885405,0
2024-08-05,sh.603339,9.5600,9.7200,9.4200,9.4600,9.5600,1893323,18119363.3000,0.611900,1,-1.046000,9.475919,1.161326,1.366757,21.656478,0
2024-08-06,sh.603339,9.5300,9.6100,9.4100,9.5900,9.4600,1598272,15243940.4800,0.516500,1,1.374200,9.606138,1.177286,1.385539,21.954083,0
2024-08-07,sh.603339,9.5400,9.7700,9.5300,9.6200,9.5900,1985624,19117633.4000,0.641700,1,0.312800,9.636188,1.180968,1.389874,22.022761,0
2024-08-08,sh.603339,9.5300,9.7100,9.5200,9.6500,9.6200,2456508,23623233.0000,0.793900,1,0.311900,9.939549,1.199947,1.374054,14.025051,0
2024-08-09,sh.603339,9.7000,9.7800,9.6000,9.6500,9.6500,1819444,17610226.4800,0.588000,1,0.000000,9.939549,1.199947,1.374054,14.025051,0
2024-08-12,sh.603339,9.6300,9.7200,9.5700,9.6200,9.6500,1138044,10951028.8400,0.367800,1,-0.310900,9.908649,1.196217,1.369782,13.981450,0
2024-08-13,sh.603339,9.6000,9.7700,9.5200,9.7700,9.6200,1726936,16696476.2000,0.558100,1,1.559300,10.063150,1.214869,1.391140,14.199456,0
2024-08-14,sh.603339,9.7000,9.7900,9.6700,9.7200,9.7700,1002712,9743727.2800,0.324000,1,-0.511800,10.011650,1.208652,1.384021,14.126787,0
2024-08-15,sh.603339,9.7200,9.7400,9.6100,9.6200,9.7200,1573424,15218403.8800,0.508500,1,-1.028800,9.908649,1.196217,1.369782,13.981450,0
2024-08-16,sh.603339,9.6500,9.6500,9.5000,9.5200,9.6200,1292296,12347906.0000,0.417600,1,-1.039500,9.805648,1.183782,1.355543,13.836112,0
2024-08-19,sh.603339,9.5400,9.6000,9.4400,9.5100,9.5200,884692,8433302.3200,0.285900,1,-0.105000,9.795348,1.182539,1.354119,13.821579,0
2024-08-20,sh.603339,9.5100,9.5300,9.2400,9.3000,9.5100,1171648,10937639.9200,0.378600,1,-2.208200,9.579047,1.156426,1.324217,13.516370,0
2024-08-21,sh.603339,9.3100,9.3600,9.2300,9.2900,9.3000,1166020,10858894.8000,0.376800,1,-0.107500,9.568747,1.155182,1.322794,13.501837,0
2024-08-22,sh.603339,9.3000,9.3400,9.1800,9.1900,9.2900,1131992,10470051.5600,0.365800,1,-1.076400,9.465747,1.142748,1.308555,13.356499,0
2024-08-23,sh.603339,9.1900,9.2500,9.1300,9.1600,9.1900,972140,8913850.6000,0.314200,1,-0.326400,9.434847,1.139017,1.304283,13.312898,0
2024-08-26,sh.603339,9.1600,9.2800,9.1500,9.2700,9.1600,1095096,10117719.2000,0.353900,1,1.200900,9.548147,1.152696,1.319946,13.472769,0
2024-08-27,sh.603339,9.2400,9.2800,9.1800,9.2000,9.2700,639548,5895489.1600,0.206700,1,-0.755100,9.476047,1.143991,1.309979,13.371033,0
2024-08-28,sh.603339,9.2500,9.2500,9.1400,9.1800,9.2000,836856,7697036.0800,0.270400,1,-0.217400,9.455447,1.141504,1.307131,13.341966,0
2024-08-29,sh.603339,9.1300,9.3600,9.1300,9.3000,9.1800,1511739,14016752.9800,0.488500,1,1.307200,9.579047,1.156426,1.324217,13.516370,0
2024-08-30,sh.603339,9.3200,9.5400,9.3100,9.4200,9.3000,1920861,18102919.5000,0.620800,1,1.290300,9.702648,1.171348,1.341304,13.690775,0
2024-09-02,sh.603339,9.3600,9.5000,9.3600,9.4300,9.4200,1143720,10809448.8000,0.369600,1,0.106200,9.712948,1.172591,1.342728,13.705309,0
2024-09-03,sh.603339,9.3600,9.4900,9.3600,9.4600,9.4300,981107,9270710.6000,0.317100,1,0.318100,9.743848,1.176321,1.347000,13.748910,0
2024-09-04,sh.603339,9.4500,9.5200,9.4100,9.4500,9.4600,1316376,12452915.6800,0.425400,1,-0.105700,9.733548,1.175078,1.345576,13.734376,0
2024-09-05,sh.603339,9.4800,9.6200,9.4700,9.6100,9.4500,1343268,12843809.9600,0.434100,1,1.693100,9.898349,1.194973,1.368358,13.966916,0
2024-09-06,sh.603339,9.6200,9.7000,9.4800,9.4900,9.6100,1674900,16118322.0000,0.541300,1,-1.248700,9.774748,1.180052,1.351271,13.792511,0
2024-09-09,sh.603339,9.4800,9.5400,9.4000,9.4700,9.4900,996700,9431110.1600,0.322100,1,-0.210700,9.754148,1.177565,1.348424,13.763444,0
2024-09-10,sh.603339,9.4200,9.5800,9.4200,9.5600,9.4700,1030100,9784889.0000,0.332900,1,0.950400,9.846849,1.188756,1.361239,13.894247,0
2024-09-11,sh.603339,9.5400,9.6700,9.5000,9.6000,9.5600,881692,8463178.3600,0.284900,1,0.418400,9.888049,1.193730,1.366934,13.952382,0
2024-09-12,sh.603339,9.6000,9.6900,9.5200,9.5500,9.6000,883548,8477377.8800,0.285500,1,-0.520800,9.836549,1.187513,1.359815,13.879714,0
2024-09-13,sh.603339,9.6100,9.6100,9.2900,9.3200,9.5500,1141600,10732353.0000,0.368900,1,-2.408400,9.599647,1.158913,1.327065,13.545438,0
2024-09-18,sh.603339,9.3200,9.4200,9.2400,9.3800,9.3200,1097200,10221535.0000,0.354600,1,0.643800,9.661448,1.166374,1.335609,13.632640,0
2024-09-19,sh.603339,9.4400,9.5200,9.3400,9.5000,9.3800,957800,9052027.0000,0.309500,1,1.279300,9.785048,1.181295,1.352695,13.807045,0
2024-09-20,sh.603339,9.5100,9.5100,9.2600,9.3600,9.5000,1264800,11868408.0000,0.408700,1,-1.473700,9.640848,1.163887,1.332761,13.603573,0
2024-09-23,sh.603339,9.3500,9.4800,9.3000,9.4200,9.3600,1041292,9811132.9200,0.336500,1,0.641000,9.702648,1.171348,1.341304,13.690775,0
2024-09-24,sh.603339,9.4800,9.6500,9.4200,9.6300,9.4200,2362108,22606922.1600,0.763300,1,2.229300,9.918949,1.197460,1.371206,13.995983,0
2024-09-25,sh.603339,9.6700,9.8700,9.6700,9.7100,9.6300,2389636,23351036.5600,0.772200,1,0.830700,10.001349,1.207408,1.382597,14.112253,0
2024-09-26,sh.603339,9.6800,9.8800,9.6100,9.8700,9.7100,2350824,23011012.8400,0.759700,1,1.647800,10.166150,1.227304,1.405379,14.344793,0
2024-09-27,sh.603339,9.9000,10.3100,9.9000,10.2400,9.8700,2543412,25586527.3600,0.821900,1,3.748700,10.547252,1.273312,1.458063,14.882541,0
2024-09-30,sh.603339,10.5800,11.1100,10.3000,11.0200,10.2400,10228503,109814084.0500,3.305500,1,7.617200,11.350656,1.370303,1.569126,16.016172,0
2024-10-08,sh.603339,12.0100,12.0600,11.0500,11.5200,11.0200,11393424,131382513.5100,3.681900,1,4.537200,11.865659,1.432476,1.640321,16.742859,0
2024-10-09,sh.603339,11.4000,11.4000,10.5600,10.5800,11.5200,7055622,76922163.5200,2.280100,1,-8.159700,10.897454,1.315590,1.506475,15.376688,0
2024-10-10,sh.603339,11.1800,11.1800,10.6000,10.8200,10.5800,3972168,43202283.8600,1.283700,1,2.268400,11.144655,1.345433,1.540649,15.725497,0
2024-10-11,sh.603339,10.8300,10.8400,10.4500,10.5500,10.8200,3162912,33520709.8800,1.022100,1,-2.495400,10.866554,1.311859,1.502204,15.333087,0
2024-10-14,sh.603339,10.5900,10.6700,10.4000,10.6100,10.5500,2837756,29958892.6800,0.917100,1,0.568700,10.928354,1.319320,1.510747,15.420289,0
2024-10-15,sh.603339,10.6100,10.6200,10.3300,10.3600,10.6100,2737488,28728573.2800,0.884700,1,-2.356300,10.670853,1.288234,1.475150,15.056946,0
2024-10-16,sh.603339,10.3600,10.5000,10.2800,10.4300,10.3600,2388432,24858018.2400,0.771900,1,0.675700,10.742953,1.296938,1.485117,15.158682,0
2024-10-17,sh.603339,10.5200,10.5800,10.2100,10.2300,10.4300,2666956,27622621.7600,0.861900,1,-1.917500,10.536952,1.272069,1.456639,14.868007,0
2024-10-18,sh.603339,10.2000,11.2500,10.1900,11.2500,10.2300,11094538,121792103.0100,3.585300,1,9.970700,11.587557,1.398902,1.601876,16.350448,0
2024-10-21,sh.603339,11.5800,12.1000,11.2200,11.4100,11.2500,19808796,230289264.3700,6.401500,1,1.422200,11.752358,1.418798,1.624658,16.582988,0
2024-10-22,sh.603339,11.3500,11.3700,10.9200,10.9900,11.4100,10227098,113205694.8400,3.305000,1,-3.681000,11.319756,1.366572,1.564855,15.972571,0
2024-10-23,sh.603339,10.8800,11.3600,10.8400,11.0900,10.9900,7720692,85901016.8400,2.495000,1,0.909900,11.422756,1.379007,1.579094,16.117908,0
2024-10-24,sh.603339,11.0500,11.0500,10.8800,11.0300,11.0900,3827259,41905702.2100,1.236800,1,-0.541000,11.360956,1.371546,1.570550,16.030706,0
2024-10-25,sh.603339,10.9900,11.1300,10.9500,11.0700,11.0300,3557444,39295591.0400,1.149600,1,0.362600,11.402156,1.376520,1.576246,16.088841,0
2024-10-28,sh.603339,11.1100,11.2500,11.0000,11.1800,11.0700,4084868,45534021.3600,1.320100,1,0.993700,11.515457,1.390198,1.591909,16.248712,0
2024-10-29,sh.603339,11.1800,11.2300,10.9400,10.9700,11.1800,3066816,33870144.3600,0.991100,1,-1.878400,11.299156,1.364085,1.562007,15.943503,0
2024-10-30,sh.603339,10.7600,12.0700,10.7600,12.0700,10.9700,23390934,276397271.4800,7.559100,1,10.027300,13.843138,1.482896,1.840036,21.998467,0
2024-10-31,sh.603339,12.6800,13.2800,12.5000,13.2800,12.0700,34133734,446045951.1600,11.030800,1,10.024900,15.230892,1.631555,2.024497,24.203782,0
2024-11-01,sh.603339,13.8800,14.6100,13.2200,13.3800,13.2800,48375121,673461242.7000,15.633100,1,0.753000,15.345582,1.643840,2.039742,24.386039,0
2024-11-04,sh.603339,12.7200,14.7200,12.7200,14.7200,13.3800,43187251,605427160.0100,13.956500,1,10.014900,16.882434,1.808470,2.244021,26.828288,0
2024-11-05,sh.603339,15.0000,15.3400,13.9600,14.2600,14.7200,39074393,567899766.2400,12.627400,1,-3.125000,16.354858,1.751955,2.173895,25.989904,0
2024-11-06,sh.603339,15.0600,15.3300,14.2600,14.7900,14.2600,42183261,631726857.1100,13.632100,1,3.716700,16.962718,1.817070,2.254692,26.955868,0
2024-11-07,sh.603339,14.4500,14.5100,13.5000,14.3300,14.7900,19222398,271481621.3400,6.212000,1,-3.110200,16.435142,1.760555,2.184566,26.117484,0
2024-11-08,sh.603339,14.1100,14.5500,13.7200,13.8000,14.3300,17464191,245735912.5100,5.643800,1,-3.698500,15.827282,1.695441,2.103769,25.151520,0
2024-11-11,sh.603339,13.8000,14.2500,13.5900,14.1600,13.8000,13435275,186846827.7800,4.341800,1,2.608700,16.240168,1.739670,2.158650,25.807647,0
2024-11-12,sh.603339,14.0500,14.0900,13.5900,13.7200,14.1600,9745322,135102972.2400,3.149300,1,-3.107300,15.735530,1.685612,2.091574,25.005714,0
2024-11-13,sh.603339,13.8000,14.0500,13.3800,13.7900,13.7200,7950408,109100635.8400,2.569300,1,0.510200,15.815813,1.694212,2.102245,25.133294,0
2024-11-14,sh.603339,13.7900,13.8000,13.2600,13.4000,13.7900,6657524,89534146.7400,2.151500,1,-2.828100,15.368521,1.646297,2.042791,24.422491,0
2024-11-15,sh.603339,13.2900,13.7400,13.0900,13.3800,13.4000,5769300,77719263.4000,1.864400,1,-0.149300,15.345582,1.643840,2.039742,24.386039,0
2024-11-18,sh.603339,13.6000,13.6600,12.9600,12.9900,13.3800,5325788,70375401.4800,1.721100,1,-2.914800,14.898290,1.595926,1.980287,23.675235,0
2024-11-19,sh.603339,13.3800,13.4200,12.7000,13.1000,12.9900,6256101,81341949.9400,2.021700,1,0.846800,15.024449,1.609440,1.997056,23.875718,0
2024-11-20,sh.603339,13.0600,13.7000,12.9700,13.4400,13.1000,9607368,128520732.4000,3.104700,1,2.595400,15.414397,1.651212,2.048888,24.495394,0
2024-11-21,sh.603339,13.4000,13.4000,12.9500,13.0900,13.4400,7994216,104596607.1200,2.583400,1,-2.604200,15.012980,1.608211,1.995532,23.857493,0
2024-11-22,sh.603339,13.0400,13.0500,12.4400,12.4600,13.0900,7180276,91459044.8600,2.320400,1,-4.812800,14.290430,1.530811,1.899490,22.709271,0
2024-11-25,sh.603339,12.4100,12.5700,12.2800,12.5300,12.4600,4452804,55503773.0800,1.439000,1,0.561800,14.370714,1.539411,1.910162,22.836851,0
2024-11-26,sh.603339,12.4900,13.0400,12.4200,12.5500,12.5300,8093592,103272474.6600,2.615600,1,0.159600,14.393652,1.541868,1.913211,22.873303,0
2024-11-27,sh.603339,12.3500,12.6500,12.1000,12.6300,12.5500,5713420,70618764.3200,1.846400,1,0.637500,14.485404,1.551697,1.925406,23.019109,0
2024-11-28,sh.603339,12.6300,12.8000,12.5400,12.5600,12.6300,3925494,49684678.5600,1.268600,1,-0.554200,14.405121,1.543097,1.914735,22.891528,0
2024-11-29,sh.603339,12.6000,12.8200,12.5800,12.7900,12.5600,4955288,63088231.9200,1.601400,1,1.831200,14.668909,1.571354,1.949798,23.310720,0
2024-12-02,sh.603339,12.7900,12.9100,12.7900,12.9000,12.7900,3899017,50150569.2900,1.260000,1,0.860000,14.795068,1.584868,1.966567,23.511204,0
2024-12-03,sh.603339,13.0900,13.1000,12.8100,12.8700,12.9000,4174104,54015946.2600,1.348900,1,-0.232600,14.760661,1.581183,1.961994,23.456526,0
2024-12-04,sh.603339,12.7800,13.0800,12.6700,12.7400,12.8700,3555200,45667788.0800,1.148900,1,-1.010100,14.611564,1.565211,1.942175,23.219592,0
2024-12-05,sh.603339,12.7400,13.0500,12.7300,12.9000,12.7400,3984216,51410001.3200,1.287600,1,1.255900,14.795068,1.584868,1.966567,23.511204,0
2024-12-06,sh.603339,12.9700,13.0400,12.7300,12.9900,12.9000,4262355,55108265.8400,1.377400,1,0.697700,14.898290,1.595926,1.980287,23.675235,0
2024-12-09,sh.603339,12.9900,13.0600,12.8300,12.9800,12.9900,2845000,36844312.5200,0.919400,1,-0.077000,14.886821,1.594697,1.978763,23.657010,0
2024-12-10,sh.603339,13.2800,13.3700,12.8600,12.8700,12.9800,5023532,65719960.4800,1.623400,1,-0.847500,14.760661,1.581183,1.961994,23.456526,0
2024-12-11,sh.603339,12.8300,12.9800,12.8100,12.8600,12.8700,3430744,44196466.0800,1.108700,1,-0.077700,14.749192,1.579954,1.960469,23.438301,0
2024-12-12,sh.603339,12.8600,13.2500,12.8200,13.1400,12.8600,6008688,78534018.5600,1.941800,1,2.177300,15.070325,1.614354,2.003154,23.948621,0
2024-12-13,sh.603339,13.1400,13.1500,12.7100,12.7100,13.1400,5234680,67389611.8800,1.691700,1,-3.272500,14.577156,1.561525,1.937602,23.164915,0
2024-12-16,sh.603339,12.7200,12.8500,12.4300,12.4800,12.7100,4554976,57343632.2000,1.472000,1,-1.809600,14.313368,1.533268,1.902539,22.745723,0
2024-12-17,sh.603339,12.5200,12.5200,12.0200,12.0900,12.4800,4627694,56413576.4700,1.495500,1,-3.125000,13.866076,1.485353,1.843085,22.034919,0
2024-12-18,sh.603339,12.0900,12.3000,12.0300,12.1200,12.0900,2398098,29174687.5200,0.775000,1,0.248100,13.900483,1.489039,1.847658,22.089596,0
2024-12-19,sh.603339,12.1100,12.1200,11.9000,11.9800,12.1200,3970826,47701022.7400,1.283200,1,-1.155100,13.739916,1.471839,1.826316,21.834436,0
2024-12-20,sh.603339,11.9800,12.4800,11.9800,12.2300,11.9800,4129902,50513807.6800,1.334600,1,2.086800,14.026642,1.502554,1.864427,22.290079,0
2024-12-23,sh.603339,12.1800,12.2000,11.6000,11.6000,12.2300,4428044,52403338.8000,1.431000,1,-5.151300,13.304092,1.425153,1.768386,21.141858,0
2024-12-24,sh.603339,11.8100,11.8500,11.5600,11.7100,11.6000,2237068,26152881.6400,0.722900,1,0.948300,13.430252,1.438667,1.785155,21.342341,0
2024-12-25,sh.603339,11.7200,11.7800,11.3000,11.4500,11.7100,3010504,34481088.0800,0.972900,1,-2.220300,13.132057,1.406724,1.745519,20.868471,0
2024-12-26,sh.603339,11.4500,12.2800,11.4100,11.9100,11.4500,6753071,80350884.9000,2.182300,1,4.017500,13.659633,1.463239,1.815644,21.706855,0
2024-12-27,sh.603339,12.0800,12.7800,11.9900,12.0000,11.9100,6430860,78792281.7200,2.078200,1,0.755700,13.762854,1.474296,1.829365,21.870887,0
2024-12-30,sh.603339,12.0000,13.2000,11.9100,13.2000,12.0000,21115115,275247450.9400,6.823600,1,10.000000,15.139140,1.621726,2.012301,24.057976,0
2024-12-31,sh.603339,13.2200,13.3700,12.6000,12.6400,13.2000,20862996,270282720.5800,6.742200,1,-4.242400,14.496873,1.552925,1.926931,23.037334,0
2025-01-02,sh.603339,12.6400,12.6800,12.0600,12.2000,12.6400,10059963,124007518.0000,3.251000,1,-3.481000,13.992235,1.498868,1.859854,22.235402,0
2025-01-03,sh.603339,12.2500,12.3900,11.3000,11.3300,12.2000,9598793,112234640.8400,3.102000,1,-7.131100,12.994428,1.391981,1.727225,20.649763,0
2025-01-06,sh.603339,11.2700,11.6100,10.8000,11.2300,11.3300,5749568,64936596.9200,1.858000,1,-0.882600,12.879738,1.379696,1.711980,20.467505,0
2025-01-07,sh.603339,11.3000,12.0400,11.3000,11.6900,11.2300,6790795,78991429.6300,2.194500,1,4.096200,13.407314,1.436210,1.782106,21.305889,0
2025-01-08,sh.603339,11.8600,12.8600,11.8600,12.8600,11.6900,8917304,112916600.5600,2.881700,1,10.008600,14.749192,1.579954,1.960469,23.438301,0
2025-01-09,sh.603339,13.1300,14.1500,13.0600,13.4600,12.8600,35706202,487128761.0700,11.538900,1,4.665600,15.437335,1.653669,2.051937,24.531845,0
2025-01-10,sh.603339,12.8800,13.3700,12.5200,12.5500,13.4600,22888517,296340088.3400,7.396700,1,-6.760800,14.393652,1.541868,1.913211,22.873303,0
2025-01-13,sh.603339,12.6900,13.0000,11.9200,12.2200,12.5500,11645220,143525160.2400,3.763300,1,-2.629500,14.015173,1.501325,1.862903,22.271853,0
2025-01-14,sh.603339,12.3500,13.0700,12.2400,13.0200,12.2200,14773092,189335379.6400,4.774100,1,6.546600,14.932697,1.599611,1.984861,23.729913,0
2025-01-15,sh.603339,12.9400,13.0500,12.6200,12.6700,13.0200,9624880,122566647.6700,3.110400,1,-2.688200,14.531280,1.556611,1.931504,23.092012,0
2025-01-16,sh.603339,12.7000,13.1300,12.4000,13.1200,12.6700,16384548,209867395.9200,5.294900,1,3.551700,15.047387,1.611897,2.000105,23.912170,0
2025-01-17,sh.603339,13.0200,13.1000,12.8000,12.8200,13.1200,9872228,127482666.2000,3.190300,1,-2.286600,14.703316,1.575040,1.954371,23.365398,0
2025-01-20,sh.603339,12.9900,13.0300,12.7500,12.8500,12.8200,7508620,96593055.4000,2.426500,1,0.234000,14.737723,1.578726,1.958945,23.420075,0
2025-01-21,sh.603339,12.9000,13.0300,12.5100,12.6900,12.8500,7309964,92770163.4800,2.362300,1,-1.245100,14.554218,1.559068,1.934553,23.128463,0
2025-01-22,sh.603339,12.5900,13.5700,12.5400,13.1100,12.6900,15036445,196787372.5000,4.859200,1,3.309700,15.035918,1.610669,1.998581,23.893944,0
2025-01-23,sh.603339,13.0200,13.2400,12.9000,12.9200,13.1100,9483461,124058135.0700,3.064700,1,-1.449300,14.818006,1.587326,1.969616,23.547655,0
2025-01-24,sh.603339,12.8000,12.9900,12.7000,12.9200,12.9200,6037364,77680650.6800,1.951100,1,0.000000,14.818006,1.587326,1.969616,23.547655,0
2025-01-27,sh.603339,12.9200,12.9800,12.5100,12.5200,12.9200,5572800,70613773.7600,1.800900,1,-3.096000,14.359245,1.538182,1.908637,22.818626,0
2025-02-05,sh.603339,12.5100,12.5900,12.1100,12.2600,12.5200,5857989,71754931.5700,1.893100,1,-2.076700,14.061049,1.506239,1.869001,22.344756,0
2025-02-06,sh.603339,12.2500,12.5300,12.1800,12.4200,12.2600,6438562,79721138.4200,2.080700,1,1.305100,14.244554,1.525897,1.893392,22.636368,0
2025-02-07,sh.603339,12.4600,12.6100,12.3600,12.5000,12.4200,6908458,86180118.7700,2.232600,1,0.644100,14.336306,1.535725,1.905588,22.782174,0
2025-02-10,sh.603339,12.5000,12.5500,12.3400,12.4800,12.5000,7261635,90146839.3400,2.346700,1,-0.160000,14.313368,1.533268,1.902539,22.745723,0
2025-02-11,sh.603339,12.4500,12.6200,12.2200,12.4800,12.4800,5711244,70837887.8800,1.845700,1,0.000000,14.313368,1.533268,1.902539,22.745723,0
2025-02-12,sh.603339,12.4200,12.7000,12.4200,12.6400,12.4800,6034264,75905963.9600,1.950100,1,1.282100,14.496873,1.552925,1.926931,23.037334,0
2025-02-13,sh.603339,12.6500,12.6700,12.2300,12.2300,12.6400,6325864,78456264.3200,2.044300,1,-3.243700,14.026642,1.502554,1.864427,22.290079,0
2025-02-14,sh.603339,12.2300,12.2500,12.0700,12.0900,12.2300,4651208,56561367.3200,1.503100,1,-1.144700,13.866076,1.485353,1.843085,22.034919,0
2025-02-17,sh.603339,12.1000,12.5000,12.0800,12.3500,12.0900,5459240,67029557.7200,1.764200,1,2.150500,14.164271,1.517297,1.882721,22.508788,0
2025-02-18,sh.603339,12.3700,12.4300,11.9600,12.0600,12.3500,4766064,58136830.5600,1.540200,1,-2.348200,13.831668,1.481668,1.838511,21.980242,0
2025-02-19,sh.603339,12.0500,12.2900,12.0100,12.2900,12.0600,3933044,47891343.6400,1.271000,1,1.907100,14.095456,1.509925,1.873574,22.399434,0
2025-02-20,sh.603339,12.3300,12.4800,12.2100,12.3800,12.2900,4748004,58632637.0400,1.534400,1,0.732300,14.198678,1.520982,1.887295,22.563465,0
2025-02-21,sh.603339,12.3300,13.0800,12.2100,12.9500,12.3800,14331154,183437321.2500,4.631300,1,4.604200,14.852413,1.591011,1.974189,23.602332,0
2025-02-24,sh.603339,12.9500,13.4600,12.7000,13.1800,12.9500,13067150,170818879.1400,4.222800,1,1.776100,15.116202,1.619269,2.009252,24.021524,0
2025-02-25,sh.603339,13.0000,13.1200,12.8600,12.9700,13.1800,6754076,87660945.0400,2.182700,1,-1.593300,14.875352,1.593469,1.977238,23.638784,0
2025-02-26,sh.603339,12.9700,13.1000,12.9000,13.0400,12.9700,5021476,65338495.7600,1.622800,1,0.539700,14.955635,1.602069,1.987910,23.766364,0
2025-02-27,sh.603339,13.0000,13.0700,12.6800,12.8600,13.0400,5973208,76858928.9600,1.930300,1,-1.380400,14.749192,1.579954,1.960469,23.438301,0
2025-02-28,sh.603339,12.8700,12.9800,12.6000,12.6700,12.8600,6285900,80386833.2000,2.031400,1,-1.477400,14.531280,1.556611,1.931504,23.092012,0
2025-03-03,sh.603339,12.7500,12.9400,12.6100,12.6700,12.6700,3857644,49232235.4800,1.246600,1,0.000000,14.531280,1.556611,1.931504,23.092012,0
2025-03-04,sh.603339,12.6700,13.0900,12.5800,13.0500,12.6700,5994948,77692051.4000,1.937300,1,2.999200,14.967104,1.603297,1.989434,23.784590,0
2025-03-05,sh.603339,13.0400,13.6400,12.9600,13.2200,13.0500,10044712,132379915.7600,3.246100,1,1.302700,15.162078,1.624183,2.015350,24.094427,0
2025-03-06,sh.603339,13.2200,13.2600,13.0000,13.0000,13.2200,8414712,110208502.5600,2.719300,1,-1.664100,14.909759,1.597154,1.981812,23.693461,0
2025-03-07,sh.603339,13.0300,13.1300,12.8800,12.9300,13.0000,4982769,64620286.9300,1.610200,1,-0.538500,14.829475,1.588554,1.971140,23.565881,0
2025-03-10,sh.603339,12.8200,13.2700,12.7500,12.9800,12.9300,6386280,82942448.0400,2.063800,1,0.386700,14.886821,1.594697,1.978763,23.657010,0
2025-03-11,sh.603339,12.8000,12.9000,12.6300,12.8700,12.9800,4849136,61907752.4000,1.567100,1,-0.847500,14.760661,1.581183,1.961994,23.456526,0
2025-03-12,sh.603339,12.9300,13.2300,12.8500,13.0900,12.8700,6003082,78305318.8300,1.940000,1,1.709400,15.012980,1.608211,1.995532,23.857493,0
2025-03-13,sh.603339,12.9700,13.2600,12.8000,12.9300,13.0900,5815800,75508854.2800,1.879500,1,-1.222300,14.829475,1.588554,1.971140,23.565881,0
2025-03-14,sh.603339,12.9800,13.2300,12.8000,13.2100,12.9300,7067540,92604480.0000,2.284000,1,2.165500,15.150609,1.622954,2.013826,24.076202,0
2025-03-17,sh.603339,13.2000,13.5000,13.1400,13.3700,13.2100,6931431,92337771.8800,2.240000,1,1.211200,15.334113,1.642612,2.038217,24.367813,0
2025-03-18,sh.603339,13.3600,13.5000,13.2700,13.4900,13.3700,5012956,67148137.7600,1.620000,1,0.897500,15.471742,1.657355,2.056511,24.586522,0
2025-03-19,sh.603339,13.5000,13.5300,13.3100,13.4100,13.4900,4313932,57753868.1200,1.394100,1,-0.593000,15.379990,1.647526,2.044315,24.440716,0
2025-03-20,sh.603339,13.3900,13.5300,13.3000,13.4000,13.4100,4863300,65191357.0000,1.571600,1,-0.074600,15.368521,1.646297,2.042791,24.422491,0
2025-03-21,sh.603339,13.3300,13.3400,13.0100,13.1100,13.4000,5227480,68727615.0000,1.689300,1,-2.164200,15.035918,1.610669,1.998581,23.893944,0
2025-03-24,sh.603339,13.1100,13.2000,12.4200,12.6700,13.1100,5770300,73460261.0000,1.864700,1,-3.356200,14.531280,1.556611,1.931504,23.092012,0
2025-03-25,sh.603339,12.6700,12.7100,12.4300,12.5300,12.6700,2691500,33852707.5900,0.869800,1,-1.105000,14.370714,1.539411,1.910162,22.836851,0
2025-03-26,sh.603339,12.5700,12.9000,12.4600,12.7700,12.5300,4370968,55813067.9600,1.412500,1,1.915400,14.645971,1.568897,1.946749,23.274269,0
2025-03-27,sh.603339,12.7700,12.8400,12.4600,12.6800,12.7700,3671596,46539009.8400,1.186500,1,-0.704800,14.542749,1.557840,1.933029,23.110237,0
2025-03-28,sh.603339,12.6300,12.8000,12.4300,12.4500,12.6800,2860472,35875016.4000,0.924400,1,-1.813900,14.278961,1.529582,1.897966,22.691045,0
2025-03-31,sh.603339,12.4200,12.4200,12.0000,12.2300,12.4500,3369396,41030454.8000,1.088900,1,-1.767100,14.026642,1.502554,1.864427,22.290079,0
2025-04-01,sh.603339,12.1800,12.4400,12.1800,12.3900,12.2300,1936340,23952785.5200,0.625800,1,1.308300,14.210147,1.522211,1.888819,22.581691,0
2025-04-02,sh.603339,12.4200,12.6200,12.3100,12.4500,12.3900,2021456,25273635.1600,0.653300,1,0.484300,14.278961,1.529582,1.897966,22.691045,0
2025-04-03,sh.603339,12.4000,12.4300,12.1300,12.1900,12.4500,2520645,30939235.1000,0.814600,1,-2.088400,13.980766,1.497639,1.858330,22.217176,0
2025-04-07,sh.603339,10.9800,11.4700,10.9700,10.9700,12.1900,3527080,38877410.2000,1.139800,1,-10.008200,12.581543,1.347752,1.672344,19.993636,0
2025-04-08,sh.603339,10.5000,10.7700,9.9000,10.1800,10.9700,8839264,90423057.2000,2.856500,1,-7.201500,11.675488,1.250695,1.551911,18.553803,0
2025-04-09,sh.603339,10.1300,10.4200,9.5100,10.3200,10.1800,5492304,54891821.8800,1.774900,1,1.375200,11.836055,1.267895,1.573254,18.808963,0
2025-04-10,sh.603339,10.5600,11.3500,10.5500,11.3500,10.3200,8883770,96920104.5800,2.870900,1,9.980600,13.017366,1.394439,1.730274,20.686214,0
2025-04-11,sh.603339,11.2500,11.2500,10.8800,10.9600,11.3500,7285482,80072823.9200,2.354400,1,-3.436100,12.570073,1.346524,1.670820,19.975410,0
2025-04-14,sh.603339,11.1200,11.1400,10.9600,11.0200,10.9600,4086632,45142623.0800,1.320600,1,0.547400,12.638888,1.353895,1.679967,20.084765,0
2025-04-15,sh.603339,11.0200,11.1700,10.9400,11.1500,11.0200,3524076,38996322.7200,1.138900,1,1.179700,12.787985,1.369867,1.699785,20.321699,0
2025-04-16,sh.603339,11.1200,11.1600,10.7600,11.0200,11.1500,4046276,44327035.0000,1.307600,1,-1.165900,12.638888,1.353895,1.679967,20.084765,0
2025-04-17,sh.603339,10.9000,11.1500,10.8600,11.0900,11.0200,2729104,30220296.3200,0.881900,1,0.635200,14.470840,1.336385,1.842050,-9.638167,0
2025-04-18,sh.603339,11.1300,11.1400,10.9000,10.9600,11.0900,2687000,29527037.1600,0.868300,1,-1.172200,14.301208,1.320719,1.820457,-9.525185,0
2025-04-21,sh.603339,10.8800,11.0600,10.8100,11.0400,10.9600,3664048,40182593.9600,1.184100,1,0.729900,14.405597,1.330359,1.833745,-9.594712,0
2025-04-22,sh.603339,11.0200,11.0700,10.9400,11.0500,11.0400,2528463,27866045.8300,0.817100,1,0.090600,14.418645,1.331564,1.835406,-9.603403,0
2025-04-23,sh.603339,11.1100,11.3100,11.0800,11.2800,11.0500,4462620,50053058.1600,1.442200,1,2.081400,14.900156,1.332669,1.817988,-84.497996,0
2025-04-24,sh.603339,11.2900,11.2900,10.9700,11.0400,11.2800,3267976,36196616.4000,1.056100,1,-2.127700,14.583131,1.304315,1.779308,-82.700166,0
2025-04-25,sh.603339,11.0900,11.1700,11.0100,11.1100,11.0400,1955420,21730324.0400,0.631900,1,0.634100,14.675597,1.312585,1.790590,-83.224533,0
2025-04-28,sh.603339,11.1400,11.1500,10.9000,10.9700,11.1100,2396080,26355514.0000,0.774300,1,-1.260100,14.490666,1.296045,1.768026,-82.175799,0
2025-04-29,sh.603339,10.9000,11.2100,10.9000,11.1500,10.9700,2470500,27532575.0000,0.798400,1,1.640800,14.728434,1.317311,1.797036,-83.524172,0
2025-04-30,sh.603339,11.2400,11.3000,11.1600,11.2400,11.1500,2121624,23857946.2400,0.685600,1,0.807200,14.847318,1.327944,1.811541,-84.198358,0
2025-05-06,sh.603339,11.3300,11.5500,11.3200,11.5300,11.2400,2907560,33365661.8400,0.939600,1,2.580100,15.230390,1.362206,1.858281,-86.370735,0
2025-05-07,sh.603339,11.6000,11.7600,11.4000,11.5600,11.5300,3401116,39468377.2400,1.099100,1,0.260200,15.270018,1.365750,1.863116,-86.595464,0
2025-05-08,sh.603339,11.5600,11.8500,11.5100,11.7700,11.5600,2931628,34363749.6000,0.947400,1,1.816600,15.547414,1.390560,1.896961,-88.168565,0
2025-05-09,sh.603339,11.7900,11.7900,11.5600,11.6100,11.7700,2167418,25220307.4200,0.700400,1,-1.359400,15.336065,1.371657,1.871174,-86.970012,0
2025-05-12,sh.603339,11.8000,11.8000,11.6100,11.6800,11.6100,2542344,29664552.2400,0.821600,1,0.602900,15.428530,1.379927,1.882456,-87.494379,0
2025-05-13,sh.603339,11.8000,11.8900,11.6300,11.6500,11.6800,2651680,31107620.2400,0.856900,1,-0.256800,15.388902,1.376383,1.877621,-87.269650,0
2025-05-14,sh.603339,11.7300,12.1800,11.5700,12.0400,11.6500,9366360,111952150.6400,3.026900,1,3.347600,15.904067,1.422459,1.940477,-90.191124,0
2025-05-15,sh.603339,12.2100,12.4400,11.8300,12.1000,12.0400,7997240,96452239.5700,2.584400,1,0.498300,15.983323,1.429548,1.950147,-90.640581,0
2025-05-16,sh.603339,12.0400,12.2200,11.8500,11.8500,12.1000,4373688,52163931.5600,1.413400,1,-2.066100,15.653089,1.400012,1.909855,-88.767842,0
2025-05-19,sh.603339,11.8500,11.9800,11.7400,11.9600,11.8500,3084872,36641425.5200,0.996900,1,0.928300,15.798392,1.413008,1.927583,-89.591847,0
2025-05-20,sh.603339,11.8500,12.1500,11.8200,12.0600,11.9600,2895999,34687044.6000,0.935900,1,0.836100,15.930486,1.424822,1.943700,-90.340943,0
2025-05-21,sh.603339,12.0600,12.0600,11.8000,11.8400,12.0600,2559432,30400022.8000,0.827100,1,-1.824200,15.639880,1.398830,1.908243,-88.692932,0
2025-05-22,sh.603339,11.8000,11.9200,11.7000,11.7100,11.8400,2359900,27786231.0000,0.762600,1,-1.098000,15.468158,1.383472,1.887291,-87.719108,0
2025-05-23,sh.603339,11.7200,11.9400,11.6100,11.6300,11.7100,2247900,26454645.0000,0.726400,1,-0.683200,15.362483,1.374020,1.874397,-87.119831,0
2025-05-26,sh.603339,11.7500,11.8000,11.5700,11.7600,11.6300,1653800,19403959.6400,0.534400,1,1.117800,15.534205,1.389379,1.895349,-88.093656,0
2025-05-27,sh.603339,11.7700,11.9800,11.7100,11.7900,11.7600,2026408,23893541.5200,0.654900,1,0.255100,15.573833,1.392923,1.900185,-88.318384,0
2025-05-28,sh.603339,11.7700,11.9000,11.7000,11.7900,11.7900,1669112,19719770.7200,0.539400,1,0.000000,15.573833,1.392923,1.900185,-88.318384,0
2025-05-29,sh.603339,11.7900,11.9500,11.7700,11.9400,11.7900,2310820,27507796.4000,0.746800,1,1.272300,15.771974,1.410645,1.924360,-89.442028,0
2025-05-30,sh.603339,11.8500,11.9100,11.6700,11.7000,11.9400,2474280,29079302.3600,0.799600,1,-2.010100,15.454949,1.382290,1.885679,-87.644198,0
2025-06-03,sh.603339,11.7000,11.8900,11.5700,11.8400,11.7000,2373012,28028448.4000,0.766900,1,1.196600,15.639880,1.398830,1.908243,-88.692932,0
2025-06-04,sh.603339,11.8900,11.9100,11.8000,11.8600,11.8400,1859400,22048656.0000,0.600900,1,0.168900,15.666299,1.401193,1.911466,-88.842751,0
2025-06-05,sh.603339,11.8600,11.9000,11.6900,11.8400,11.8600,2602100,30739300.0000,0.840900,1,-0.168600,15.639880,1.398830,1.908243,-88.692932,0
2025-06-06,sh.603339,11.8700,11.9500,11.8000,11.9500,11.8400,2407592,28639510.8000,0.778000,1,0.929100,15.785183,1.411826,1.925972,-89.516937,0
2025-06-09,sh.603339,12.1000,12.1000,11.9500,11.9900,11.9500,2197800,26372002.0000,0.710200,1,0.334700,15.838020,1.416552,1.932418,-89.816576,0
2025-06-10,sh.603339,12.0100,12.0500,11.8100,11.9700,11.9900,2775172,33153718.0500,0.896800,1,-0.166800,15.811602,1.414189,1.929195,-89.666757,0
2025-06-11,sh.603339,12.0500,12.0900,11.9400,11.9600,11.9700,2274399,27331750.0000,0.735000,1,-0.083500,15.798392,1.413008,1.927583,-89.591847,0
2025-06-12,sh.603339,11.9600,11.9800,11.8700,11.9700,11.9600,1935860,23091530.4000,0.625600,1,0.083600,15.811602,1.414189,1.929195,-89.666757,0
2025-06-13,sh.603339,11.9800,11.9800,11.7200,11.7800,11.9700,2513379,29722033.6200,0.812200,1,-1.587300,15.560624,1.391742,1.898573,-88.243475,0
2025-06-16,sh.603339,11.7700,11.9100,11.7100,11.8300,11.7800,1959960,23243053.8800,0.633400,1,0.424400,15.626671,1.397649,1.906631,-88.618023,0
2025-06-17,sh.603339,11.8800,12.1500,11.7600,11.8200,11.8300,4803440,57156845.4800,1.552300,1,-0.084500,15.613461,1.396467,1.905020,-88.543113,0
2025-06-18,sh.603339,11.7700,11.8100,11.5300,11.7300,11.8200,3514024,40941185.4400,1.135600,1,-0.761400,15.494577,1.385834,1.890514,-87.868927,0
2025-06-19,sh.603339,11.7300,11.7700,11.4700,11.4800,11.7300,2230048,25835902.3600,0.720700,1,-2.131300,15.164343,1.356298,1.850222,-85.996188,0
2025-06-20,sh.603339,11.5200,11.5400,11.4000,11.4000,11.4800,1946804,22320583.1200,0.629100,1,-0.696900,15.058668,1.346847,1.837329,-85.396911,0
2025-06-23,sh.603339,11.3800,11.7000,11.3000,11.6700,11.4000,2120776,24534352.7500,0.685400,1,2.368400,15.415321,1.378746,1.880844,-87.419469,0
2025-06-24,sh.603339,11.7500,11.9700,11.6700,11.9500,11.6700,3156160,37380169.2400,1.020000,1,2.399300,15.785183,1.411826,1.925972,-89.516937,0
2025-06-25,sh.603339,11.9900,12.0200,11.8800,12.0100,11.9500,2520052,30127132.6800,0.814400,1,0.502100,15.864439,1.418915,1.935642,-89.966395,0
2025-06-26,sh.603339,12.0100,12.0600,11.9000,11.9100,12.0100,2301200,27523898.1600,0.743700,1,-0.832600,15.732345,1.407100,1.919525,-89.217299,0
2025-06-27,sh.603339,11.8000,11.8900,11.7100,11.8300,11.6800,2318288,27430282.2400,0.749200,1,1.284200,15.626671,1.397649,1.906631,-88.618023,0
2025-06-30,sh.603339,11.9500,12.0300,11.8500,12.0000,11.8300,2323112,27810809.3600,0.750700,1,1.437000,15.851230,1.417733,1.934030,-89.891485,0
2025-07-01,sh.603339,12.0400,12.0900,11.9400,12.0200,12.0000,2531256,30397948.9600,0.818000,1,0.166700,15.877648,1.420096,1.937253,-90.041304,0
2025-07-02,sh.603339,12.0800,12.1600,11.9400,12.1000,12.0200,3247256,39105036.2000,1.049400,1,0.665600,15.983323,1.429548,1.950147,-90.640581,0
2025-07-03,sh.603339,12.1500,12.1500,11.9500,12.0200,12.1000,2606857,31376247.9700,0.842400,1,-0.661200,15.877648,1.420096,1.937253,-90.041304,0
2025-07-04,sh.603339,12.0600,12.0600,11.8900,11.9100,12.0200,1766800,21108407.0000,0.571000,1,-0.915100,15.732345,1.407100,1.919525,-89.217299,0
2025-07-07,sh.603339,11.9400,12.0900,11.9100,12.0800,11.9100,2542532,30591827.5200,0.821700,1,1.427400,15.956905,1.427185,1.946924,-90.490762,0
2025-07-08,sh.603339,12.0800,12.5200,12.0300,12.2800,12.0800,5456711,66906295.4000,1.763400,1,1.655600,16.221092,1.450814,1.979157,-91.988953,0
2025-07-09,sh.603339,12.2800,12.3000,12.1600,12.1800,12.2800,3107820,38015284.6000,1.004300,1,-0.814300,16.088998,1.438999,1.963041,-91.239858,0
2025-07-10,sh.603339,12.1900,12.3900,12.1200,12.2300,12.1800,2450940,29937265.4000,0.792100,1,0.410500,16.155045,1.444907,1.971099,-91.614405,0
2025-07-11,sh.603339,12.2600,12.6900,12.1100,12.3900,12.2300,5531028,68356745.4000,1.787400,1,1.308300,16.366395,1.463810,1.996886,-92.812959,0
2025-07-14,sh.603339,12.3900,12.5900,12.1500,12.4500,12.3900,5571060,69098662.8000,1.800400,1,0.484300,16.445651,1.470898,2.006556,-93.262416,0
2025-07-15,sh.603339,12.4400,12.5500,12.3000,12.4500,12.4500,3570072,44374749.5200,1.153700,1,0.000000,16.445651,1.470898,2.006556,-93.262416,0
2025-07-16,sh.603339,12.4800,12.6000,12.4100,12.5700,12.4500,3404644,42703065.4000,1.100300,1,0.963900,16.604163,1.485076,2.025896,-94.161331,0
2025-07-17,sh.603339,12.5800,12.7300,12.5300,12.6000,12.5700,3880488,48969941.8000,1.254000,1,0.238700,16.643791,1.488620,2.030732,-94.386060,0
2025-07-18,sh.603339,12.6100,12.6400,12.4100,12.5400,12.6000,3181792,39773891.4000,1.028200,1,-0.476200,16.564535,1.481531,2.021061,-93.936602,0
2025-07-21,sh.603339,12.5900,12.6600,12.5600,12.6400,12.5400,2972335,37500227.0600,0.960500,1,0.797400,16.696629,1.493346,2.037178,-94.685698,0
2025-07-22,sh.603339,12.6600,12.6900,12.5500,12.6000,12.6400,2959016,37321996.6400,0.956200,1,-0.316500,16.643791,1.488620,2.030732,-94.386060,0
2025-07-23,sh.603339,12.6000,12.6500,12.4300,12.4700,12.6000,3127215,39135925.8300,1.010600,1,-1.031700,16.472069,1.473261,2.009780,-93.412235,0
2025-07-24,sh.603339,12.5300,12.5900,12.4200,12.4900,12.4700,2934000,36638103.2000,0.948200,1,0.160400,16.498488,1.475624,2.013003,-93.562054,0
2025-07-25,sh.603339,12.4900,12.5500,12.4000,12.5300,12.4900,2724104,33970918.6000,0.880300,1,0.320300,16.551326,1.480350,2.019450,-93.861693,0
2025-07-28,sh.603339,12.5100,12.6300,12.4700,12.5800,12.5300,2821588,35444318.9600,0.911800,1,0.399000,16.617372,1.486257,2.027508,-94.236240,0
2025-07-29,sh.603339,12.5000,12.5800,12.4200,12.5200,12.5800,2261392,28253642.4800,0.730800,1,-0.476900,16.538116,1.479169,2.017838,-93.786783,0
2025-07-30,sh.603339,12.5100,13.1000,12.4100,12.6700,12.5200,10649824,135732891.1600,3.441600,1,1.198100,16.736257,1.496890,2.042013,-94.910427,0
2025-07-31,sh.603339,12.5300,13.0800,12.5300,12.9100,12.6700,12668232,162701440.8800,4.093900,1,1.894200,17.053281,1.525245,2.080694,-96.708256,0
2025-08-01,sh.603339,12.8900,12.9200,12.7300,12.7800,12.9100,6691708,85689756.1600,2.162500,1,-1.007000,16.881560,1.509886,2.059742,-95.734432,0
2025-08-04,sh.603339,12.7900,13.4200,12.6500,13.3000,12.7800,12913103,169961620.6900,4.173000,1,4.068900,17.568446,1.571321,2.143550,-99.629730,0
2025-08-05,sh.603339,13.2900,13.3600,13.0300,13.1700,13.3000,7073711,92815273.1700,2.286000,1,-0.977400,17.396725,1.555962,2.122598,-98.655905,0
2025-08-06,sh.603339,13.1200,13.2700,12.9900,13.1400,13.1700,6562240,86022909.4400,2.120700,1,-0.227800,17.357096,1.552418,2.117763,-98.431176,0
2025-08-07,sh.603339,13.1100,13.2300,12.9600,13.0700,13.1400,5118264,66963598.0800,1.654000,1,-0.532700,17.264631,1.544148,2.106481,-97.906809,0
2025-08-08,sh.603339,13.0200,13.2000,12.9600,13.1500,13.0700,3845340,50340304.2400,1.242700,1,0.612100,17.370306,1.553600,2.119375,-98.506086,0
2025-08-11,sh.603339,13.1600,13.3900,13.0800,13.2400,13.1500,5910128,78136075.9200,1.909900,1,0.684400,17.489190,1.564233,2.133880,-99.180272,0
2025-08-12,sh.603339,13.2900,13.4500,13.1500,13.4300,13.2400,6836668,91151516.7200,2.209400,1,1.435000,17.740168,1.586680,2.164502,-100.603554,0
2025-08-13,sh.603339,13.4200,13.8200,13.3800,13.7000,13.4300,10744004,146097037.3000,3.472100,1,2.010400,18.096821,1.618579,2.208018,-102.626112,0
2025-08-14,sh.603339,13.5500,13.7000,13.0800,13.1100,13.7000,8035200,107071840.0800,2.596700,1,-4.306600,17.317468,1.548874,2.112928,-98.206448,0
2025-08-15,sh.603339,13.1000,13.3900,13.0800,13.2500,13.1100,6706680,89133307.3600,2.167400,1,1.067900,17.502399,1.565414,2.135492,-99.255182,0
2025-08-18,sh.603339,13.3400,14.5800,13.3400,14.5800,13.2500,18923739,268763309.1500,6.115500,1,10.037700,19.259244,1.722546,2.349847,-109.218155,0
2025-08-19,sh.603339,15.2000,16.0400,14.8800,16.0400,14.5800,41548667,637795176.0200,13.427000,1,10.013700,21.187810,1.895037,2.585154,-120.154952,0
2025-08-20,sh.603339,15.6300,17.6400,15.4700,16.1500,16.0400,46395364,772868360.6600,14.993300,1,0.685800,21.333113,1.908033,2.602882,-120.978957,0
2025-08-21,sh.603339,15.7300,17.6300,15.1600,16.8900,16.1500,49201065,796831086.0900,15.900000,1,4.582000,30.103690,2.033540,3.044716,-12.008055,0
2025-08-22,sh.603339,16.2300,16.8400,16.0200,16.3200,16.8900,37632313,613888297.9100,12.161400,1,-3.374800,29.087758,1.964912,2.941963,-11.602810,0
2025-08-25,sh.603339,16.0000,17.5900,15.5100,17.3500,16.3200,42222948,696092507.8100,13.644900,1,6.311300,30.923566,2.088923,3.127639,-12.335095,0
2025-08-26,sh.603339,17.2000,18.9700,16.6000,18.0900,17.3500,43191921,765911326.8900,13.958000,1,4.265100,32.242496,2.178018,3.261037,-12.861203,0
2025-08-27,sh.603339,17.6500,18.6500,16.3500,16.7600,18.0900,38102439,672999537.1900,12.313300,1,-7.352100,29.871986,2.017888,3.021281,-11.915631,0
2025-08-28,sh.603339,16.4200,16.9300,16.0500,16.8700,16.7600,28172658,464516311.3300,9.104400,1,0.656300,30.068044,2.031132,3.041111,-11.993836,0
2025-08-29,sh.603339,16.6100,16.6500,15.5100,15.5500,16.8700,27960978,446143197.8900,9.036000,1,-7.824500,27.715357,1.872205,2.803158,-11.055373,0
2025-09-01,sh.603339,15.5700,16.0000,15.2500,15.9200,15.5500,16208236,253170826.4800,5.237900,1,2.379400,28.374822,1.916753,2.869857,-11.318427,0
2025-09-02,sh.603339,15.9000,15.9000,14.9400,15.1400,15.9200,13684986,208706713.9200,4.422500,1,-4.899500,26.984599,1.822841,2.729248,-10.763881,0
2025-09-03,sh.603339,15.1900,15.6700,14.9700,15.3400,15.1400,15184246,233392588.5600,4.907000,1,1.321000,27.341066,1.846921,2.765301,-10.906072,0
2025-09-04,sh.603339,15.2800,15.3100,14.4900,14.6600,15.3400,11791580,175855871.6000,3.810600,1,-4.432900,26.129076,1.765050,2.642720,-10.422622,0
2025-09-05,sh.603339,14.6600,14.9900,14.4200,14.9800,14.6600,8854230,130858113.1600,2.861400,1,2.182800,26.699425,1.803578,2.700405,-10.650128,0
2025-09-08,sh.603339,15.0100,15.2700,14.9000,15.1200,14.9800,7502448,113412709.6800,2.424500,1,0.934600,26.948952,1.820433,2.725643,-10.749662,0
2025-09-09,sh.603339,15.1200,15.1600,14.6100,14.6300,15.1200,8962922,132595371.7000,2.896500,1,-3.240700,26.075606,1.761438,2.637312,-10.401293,0
2025-09-10,sh.603339,14.6600,15.2000,14.6600,15.0400,14.6300,9845048,147237815.9200,3.181600,1,2.802500,26.806365,1.810801,2.711221,-10.692785,0
2025-09-11,sh.603339,15.0100,15.4500,14.9100,15.3600,15.0400,11282308,171992412.9600,3.646000,1,2.127700,27.376713,1.849329,2.768907,-10.920291,0
2025-09-12,sh.603339,15.3500,15.3500,15.1000,15.1200,15.3600,8212880,124766145.7200,2.654100,1,-1.562500,26.948952,1.820433,2.725643,-10.749662,0
2025-09-15,sh.603339,15.2800,15.2800,14.6900,14.7000,15.1200,8152577,120493074.1800,2.634600,1,-2.777800,26.200370,1.769866,2.649930,-10.451060,0
2025-09-16,sh.603339,14.7000,14.8900,14.4900,14.8900,14.7000,6571636,96740056.1600,2.123700,1,1.292500,26.539014,1.792742,2.684181,-10.586142,0
2025-09-17,sh.603339,14.8900,15.0300,14.7000,14.8200,14.8900,5899320,87424165.6000,1.906400,1,-0.470100,26.414251,1.784314,2.671562,-10.536375,0
2025-09-18,sh.603339,14.7600,15.1400,14.4900,14.6000,14.8200,9143164,135547913.0800,2.954700,1,-1.484500,26.022136,1.757826,2.631904,-10.379965,0
2025-09-19,sh.603339,14.6700,14.7500,14.3000,14.3800,14.6000,6940272,100153469.8400,2.242800,1,-1.506800,25.630022,1.731338,2.592245,-10.223554,0
2025-09-22,sh.603339,14.2900,14.7500,14.2900,14.7000,14.3800,6031072,88040834.0800,1.949000,1,2.225300,26.200370,1.769866,2.649930,-10.451060,0
2025-09-23,sh.603339,14.6800,14.8500,14.1100,14.4200,14.7000,7755580,111522906.3600,2.506300,1,-1.904800,25.701315,1.736154,2.599455,-10.251992,0
2025-09-24,sh.603339,14.3500,14.5700,14.1700,14.5700,14.4200,4892461,70651346.5400,1.581100,1,1.040200,25.968666,1.754214,2.626496,-10.358636,0
2025-09-25,sh.603339,14.5700,14.6500,14.3700,14.4700,14.5700,4496000,65271103.0000,1.452900,1,-0.686300,25.790432,1.742174,2.608469,-10.287540,0
2025-09-26,sh.603339,14.4400,14.4400,14.1200,14.2200,14.4700,4673776,66816812.5200,1.510400,1,-1.727700,25.344848,1.712074,2.563402,-10.109801,0
2025-09-29,sh.603339,14.2000,14.4300,13.9600,14.0000,14.2200,8005296,113428115.4800,2.587000,1,-1.547100,24.952733,1.685586,2.523743,-9.953391,0
2025-09-30,sh.603339,14.0300,14.2400,14.0000,14.0000,14.0000,5131293,72235057.1600,1.658200,1,0.000000,24.952733,1.685586,2.523743,-9.953391,0
2025-10-09,sh.603339,14.0500,14.0800,13.6200,13.6400,14.0000,7835013,107802991.1200,2.532000,1,-2.571400,24.311092,1.642243,2.458847,-9.697446,0
2025-10-10,sh.603339,13.6600,13.9000,13.6100,13.7100,13.6400,4418420,60821683.2000,1.427900,1,0.513200,24.435855,1.650671,2.471466,-9.747213,0
2025-10-13,sh.603339,13.4100,13.6800,13.0600,13.6600,13.7100,4528000,60860545.5200,1.463300,1,-0.364700,24.346738,1.644651,2.462452,-9.711665,0
2025-10-14,sh.603339,13.7300,14.3700,13.6200,13.7300,13.6600,7999360,111775335.8400,2.585100,1,0.512400,24.471502,1.653079,2.475071,-9.761432,0
2025-10-15,sh.603339,13.8800,13.9400,13.6200,13.8200,13.7300,3966728,54678006.8800,1.281900,1,0.655500,24.631912,1.663915,2.491295,-9.825419,0
2025-10-16,sh.603339,13.8600,13.8600,13.4700,13.5500,13.8200,3677543,50047970.3400,1.188400,1,-1.953700,24.150681,1.631407,2.442623,-9.633460,0
2025-10-17,sh.603339,13.5100,13.6900,13.1800,13.1900,13.5500,4092548,54681552.5600,1.322600,1,-2.656800,23.509039,1.588063,2.377727,-9.377516,0
2025-10-20,sh.603339,13.3200,13.5000,13.2000,13.2400,13.1900,4985548,66456678.3200,1.611100,1,0.379100,23.598156,1.594083,2.386740,-9.413064,0
2025-10-21,sh.603339,13.2900,13.9800,13.1300,13.7000,13.2400,10092317,137383568.6900,3.261500,1,3.474300,24.418032,1.649467,2.469663,-9.740104,0
2025-10-22,sh.603339,13.6300,13.6300,13.4600,13.5200,13.7000,4002420,54125920.4800,1.293400,1,-1.313900,24.097211,1.627795,2.437215,-9.612132,0
2025-10-23,sh.603339,13.4300,13.5500,13.2700,13.5400,13.5200,3258428,43606588.0000,1.053000,1,0.147900,24.132858,1.630203,2.440820,-9.626351,0
2025-10-24,sh.603339,13.5600,13.7600,13.5100,13.6300,13.5400,3525440,48124824.0000,1.139300,1,0.664700,24.293268,1.641039,2.457044,-9.690337,0
2025-10-27,sh.603339,13.6300,14.1000,13.6300,13.8400,13.6300,5072576,70496048.3200,1.639300,1,1.540700,24.667559,1.666323,2.494900,-9.839638,0
2025-10-28,sh.603339,13.7600,13.9900,13.7100,13.8000,13.8400,3694300,51072008.0000,1.193900,1,-0.289000,27.358337,1.639561,2.569753,-39.353049,0
2025-10-29,sh.603339,13.7700,13.8100,13.4800,13.5900,13.8000,5041632,68467792.4000,1.629300,1,-1.521700,26.942015,1.614611,2.530648,-38.754199,0
2025-10-30,sh.603339,13.5700,13.5700,13.4000,13.4100,13.5900,3353184,45178076.1200,1.083600,1,-1.324500,26.585167,1.593226,2.497129,-38.240898,0
2025-10-31,sh.603339,13.4100,13.7500,13.3600,13.6200,13.4100,3471012,47356572.8000,1.121700,1,1.566000,27.001489,1.618176,2.536234,-38.839749,0
2025-11-03,sh.603339,13.7200,13.7700,13.5700,13.7700,13.6200,3144000,43032162.0000,1.016000,1,1.101300,27.298863,1.635997,2.564166,-39.267499,0
2025-11-04,sh.603339,13.7700,13.8800,13.4600,13.5900,13.7700,3901265,53230572.1000,1.260700,1,-1.307200,26.942015,1.614611,2.530648,-38.754199,0
2025-11-05,sh.603339,13.5100,13.7700,13.5000,13.7600,13.5900,3447033,47189879.8300,1.114000,1,1.250900,27.279038,1.634809,2.562304,-39.238983,0
2025-11-06,sh.603339,13.7600,14.0300,13.7100,13.9500,13.7600,5942285,82697104.3800,1.920300,1,1.380800,27.655710,1.657382,2.597685,-39.780800,0
2025-11-07,sh.603339,13.9500,13.9500,13.7500,13.9100,13.9500,3595900,49885715.0000,1.162100,1,-0.286700,27.576411,1.652630,2.590236,-39.666733,0
2025-11-10,sh.603339,13.9400,13.9500,13.7600,13.9500,13.9100,3546756,49186415.4500,1.146200,1,0.287600,27.655710,1.657382,2.597685,-39.780800,0
2025-11-11,sh.603339,13.9500,14.0200,13.8500,13.9500,13.9500,3251158,45347269.2000,1.050700,1,0.000000,27.655710,1.657382,2.597685,-39.780800,0
2025-11-12,sh.603339,13.9500,13.9500,13.6900,13.8100,13.9500,3479844,47944163.0000,1.124600,1,-1.003600,27.378162,1.640749,2.571615,-39.381566,0
2025-11-13,sh.603339,13.7900,13.8800,13.6600,13.8000,13.8100,3247688,44771612.6000,1.049500,1,-0.072400,27.358337,1.639561,2.569753,-39.353049,0
2025-11-14,sh.603339,13.7200,13.8800,13.7100,13.7200,13.8000,2342968,32351297.1600,0.757200,1,-0.579700,27.199738,1.630056,2.554856,-39.124916,0
2025-11-17,sh.603339,13.7900,13.7900,13.6100,13.7000,13.7200,3375695,46137881.5000,1.090900,1,-0.145800,27.160088,1.627680,2.551131,-39.067882,0
2025-11-18,sh.603339,13.6900,13.6900,13.4200,13.5100,13.7000,3060496,41371726.0800,0.989000,1,-1.386900,26.783416,1.605107,2.515751,-38.526065,0
2025-11-19,sh.603339,13.4700,13.5400,13.2100,13.2200,13.5100,3289649,43735427.3600,1.063100,1,-2.146600,26.208494,1.570652,2.461749,-37.699081,0
2025-11-20,sh.603339,13.2500,13.3300,12.9900,13.0800,13.2200,3355517,43950375.4900,1.084400,1,-1.059000,25.930946,1.554019,2.435679,-37.299847,0
2025-11-21,sh.603339,12.9500,13.1100,12.5000,12.6300,13.0800,4084464,51973353.6000,1.319900,1,-3.440400,25.038826,1.500555,2.351883,-36.016595,0
2025-11-24,sh.603339,12.6900,12.8700,12.6500,12.8000,12.6300,2752800,35155868.4800,0.889600,1,1.346000,25.375849,1.520752,2.383539,-36.501379,0
2025-11-25,sh.603339,12.8300,13.0200,12.8300,12.8700,12.8000,2321028,30030048.0000,0.750100,1,0.546900,25.514623,1.529069,2.396574,-36.700996,0
2025-11-26,sh.603339,12.8800,13.0000,12.6900,12.7000,12.8700,2556864,32835309.6000,0.826300,1,-1.320900,25.177600,1.508872,2.364918,-36.216212,0
2025-11-27,sh.603339,12.7000,12.9400,12.6900,12.7600,12.7000,4111960,52666641.2400,1.328800,1,0.472400,25.296550,1.516000,2.376090,-36.387312,0
2025-11-28,sh.603339,12.7800,12.8900,12.6300,12.8800,12.7600,2606935,33350316.1500,0.842500,1,0.940400,25.534448,1.530257,2.398436,-36.729513,0
2025-12-01,sh.603339,12.9800,13.0500,12.9100,12.9500,12.8800,2557200,33200298.0000,0.826400,1,0.543500,25.673222,1.538574,2.411471,-36.929130,0
2025-12-02,sh.603339,12.9900,13.0200,12.7800,12.8700,12.9500,2154008,27673059.1200,0.696100,1,-0.617800,25.514623,1.529069,2.396574,-36.700996,0
2025-12-03,sh.603339,12.9200,12.9200,12.7000,12.7600,12.8700,1884700,24043389.0000,0.609100,1,-0.854700,25.296550,1.516000,2.376090,-36.387312,0
2025-12-04,sh.603339,12.7600,12.8100,12.6000,12.6800,12.7600,1969872,25014744.2400,0.636600,1,-0.627000,25.137950,1.506495,2.361193,-36.159179,0
2025-12-05,sh.603339,12.6800,13.0300,12.5800,13.0000,12.6800,3360564,43230694.7600,1.086000,1,2.523700,25.772347,1.544514,2.420782,-37.071713,0
2025-12-08,sh.603339,12.9600,13.0600,12.9000,12.9700,13.0000,2486711,32278218.2200,0.803600,1,-0.230800,25.712872,1.540950,2.415195,-36.986163,0
2025-12-09,sh.603339,12.9900,13.0800,12.8400,12.9000,12.9700,2347744,30423087.6000,0.758700,1,-0.539700,25.574098,1.532633,2.402160,-36.786546,0
2025-12-10,sh.603339,12.8800,12.9300,12.7300,12.7700,12.9000,2091224,26796410.3200,0.675800,1,-1.007800,25.316374,1.517188,2.377952,-36.415829,0
2025-12-11,sh.603339,12.7700,12.9300,12.6500,12.6700,12.7700,2665436,33990278.9600,0.861400,1,-0.783100,25.118126,1.505307,2.359331,-36.130662,0
2025-12-12,sh.603339,12.7100,12.7800,12.6100,12.6700,12.6700,2201892,27977771.7600,0.711600,1,0.000000,25.118126,1.505307,2.359331,-36.130662,0
2025-12-15,sh.603339,12.8000,12.8000,12.5800,12.6500,12.6700,2363596,29982986.9200,0.763800,1,-0.157900,25.078476,1.502931,2.355607,-36.073629,0
2025-12-16,sh.603339,12.6900,12.6900,12.2600,12.3400,12.6500,3428700,42464741.2000,1.108000,1,-2.450600,24.463904,1.466100,2.297880,-35.189611,0
2025-12-17,sh.603339,12.2100,12.5300,12.2100,12.4700,12.3400,2870936,35534693.6800,0.927800,1,1.053500,24.721628,1.481545,2.322088,-35.560328,0
2025-12-18,sh.603339,12.5100,12.7000,12.3900,12.5600,12.4700,2383252,30014934.3200,0.770200,1,0.721700,24.900052,1.492238,2.338848,-35.816978,0
2025-12-19,sh.603339,12.5800,12.7200,12.5700,12.7100,12.5600,1986220,25166259.2000,0.641900,1,1.194300,25.197425,1.510060,2.366780,-36.244729,0
2025-12-22,sh.603339,12.7000,12.8600,12.6900,12.7600,12.7100,1903650,24356952.0000,0.615200,1,0.393400,25.296550,1.516000,2.376090,-36.387312,0
2025-12-23,sh.603339,12.7700,12.8000,12.6500,12.7800,12.7600,1804636,23020895.2400,0.583200,1,0.156700,25.336199,1.518376,2.379815,-36.444346,0
2025-12-24,sh.603339,12.8400,13.0400,12.7600,13.0300,12.7800,3762377,48801173.7600,1.215900,1,1.956200,25.831821,1.548078,2.426368,-37.157263,0
2025-12-25,sh.603339,13.1100,13.6800,13.1100,13.2400,13.0300,7111528,94621529.2800,2.298200,1,1.611700,26.248144,1.573028,2.465473,-37.756114,0
2025-12-26,sh.603339,13.1800,13.2300,12.9800,13.0200,13.2400,4322992,56623586.2400,1.397000,1,-1.661600,25.811996,1.546890,2.424506,-37.128747,0
2025-12-29,sh.603339,13.0200,13.1000,12.9400,13.0700,13.0200,2724128,35496486.2000,0.880300,1,0.384000,25.911121,1.552831,2.433817,-37.271330,0
2025-12-30,sh.603339,13.0900,13.1000,12.9000,12.9000,13.0700,2997052,38904365.5200,0.968500,1,-1.300700,25.574098,1.532633,2.402160,-36.786546,0
2025-12-31,sh.603339,12.8700,13.0000,12.7500,12.8300,12.9000,2347896,30097684.9200,0.758800,1,-0.542600,25.435324,1.524317,2.389125,-36.586929,0
2026-01-05,sh.603339,12.8700,12.9000,12.7400,12.8000,12.8300,3352508,42941510.3200,1.083400,1,-0.233800,25.375849,1.520752,2.383539,-36.501379,0
2026-01-06,sh.603339,12.8500,12.9500,12.7900,12.9000,12.8000,4127628,53073828.5200,1.333900,1,0.781300,25.574098,1.532633,2.402160,-36.786546,0
2026-01-07,sh.603339,13.0000,14.1200,12.7300,13.7300,12.9000,21197262,286138911.2200,6.850200,1,6.434100,27.219563,1.631245,2.556718,-39.153432,0
2026-01-08,sh.603339,13.7300,14.0000,13.4700,13.6000,13.7300,14832820,202845921.4800,4.793400,1,-0.946800,26.961840,1.615799,2.532510,-38.782715,0
2026-01-09,sh.603339,13.7500,13.7500,13.4400,13.5400,13.6000,8714895,117795736.8200,2.816300,1,-0.441200,26.842890,1.608671,2.521337,-38.611615,0
2026-01-12,sh.603339,13.6700,14.8900,13.6100,14.8900,13.5400,24430568,351637440.0800,7.895100,1,9.970500,29.519249,1.769063,2.772726,-42.461370,0
2026-01-13,sh.603339,15.1500,15.4000,14.2600,14.8000,14.8900,33533805,501049489.3900,10.836900,1,-0.604400,29.340825,1.758370,2.755967,-42.204720,0
2026-01-14,sh.603339,14.5700,14.8900,14.2000,14.4300,14.8000,20583933,299497965.7600,6.652000,1,-2.500000,28.607305,1.714411,2.687068,-41.149602,0
2026-01-15,sh.603339,14.4000,14.4100,14.1100,14.2100,14.4300,8408660,119592668.7100,2.717400,1,-1.524600,28.171157,1.688273,2.646101,-40.522234,0
2026-01-16,sh.603339,14.3900,14.4400,13.9300,14.0900,14.2100,10516208,148654559.0400,3.398500,1,-0.844500,27.933259,1.674016,2.623755,-40.180034,0
2026-01-19,sh.603339,14.0200,14.2500,14.0000,14.2500,14.0900,7924226,112086186.0600,2.560800,1,1.135600,28.250457,1.693025,2.653549,-40.636301,0
2026-01-20,sh.603339,14.3300,14.3500,13.9300,14.0300,14.2500,6345346,89694809.6200,2.050600,1,-1.543900,27.814310,1.666887,2.612582,-40.008934,0
2026-01-21,sh.603339,13.9000,14.1200,13.8600,14.1200,14.0300,5496800,77013160.6800,1.776400,1,0.641500,27.992733,1.677580,2.629341,-40.265584,0
2026-01-22,sh.603339,14.2200,14.2200,14.0600,14.1200,14.1200,4405060,62224730.6800,1.423600,1,0.000000,27.992733,1.677580,2.629341,-40.265584,0
2026-01-23,sh.603339,14.1500,14.4300,14.1100,14.3900,14.1200,8005368,114260815.0000,2.587000,1,1.912200,28.528005,1.709658,2.679619,-41.035535,0
2026-01-26,sh.603339,14.4800,14.4900,13.9600,14.0600,14.3900,6875740,97272640.9200,2.222000,1,-2.293300,27.873784,1.670451,2.618169,-40.094484,0
2026-01-27,sh.603339,14.0200,14.1100,13.5800,14.0200,14.0600,4992448,69128715.5600,1.613400,1,-0.284500,27.794485,1.665699,2.610720,-39.980417,0
2026-01-28,sh.603339,13.9800,14.3900,13.5800,14.2900,14.0200,10888240,153125134.2000,3.518700,1,1.925800,28.329756,1.697777,2.660998,-40.750368,0
2026-01-29,sh.603339,14.1900,14.1900,13.9100,13.9500,14.2900,5671492,79425241.1200,1.832800,1,-2.379300,27.655710,1.657382,2.597685,-39.780800,0
2026-01-30,sh.603339,13.9100,13.9400,13.6000,13.6100,13.9500,4610180,63180512.1600,1.489800,1,-2.437300,26.981664,1.616988,2.534372,-38.811232,0
2026-02-02,sh.603339,13.6100,13.7400,13.4500,13.5500,13.6100,3229500,44035171.0000,1.043700,1,-0.440900,26.862715,1.609859,2.523199,-38.640132,0
2026-02-03,sh.603339,13.6000,13.7900,13.5800,13.7500,13.5500,3122272,42805423.2000,1.009000,1,1.476000,27.259213,1.633621,2.560442,-39.210466,0
2026-02-04,sh.603339,13.7300,13.8400,13.6700,13.8000,13.7500,2532588,34846465.3200,0.818400,1,0.363600,27.358337,1.639561,2.569753,-39.353049,0
2026-02-05,sh.603339,13.7000,13.8000,13.6100,13.7400,13.8000,2655980,36401038.8000,0.858300,1,-0.434800,27.239388,1.632433,2.558580,-39.181949,0
2026-02-06,sh.603339,13.7000,13.9100,13.6100,13.8100,13.7400,2572012,35506065.0200,0.831200,1,0.509500,27.378162,1.640749,2.571615,-39.381566,0
2026-02-09,sh.603339,13.9100,14.0300,13.8700,13.9900,13.8100,2724691,38052444.6700,0.880500,1,1.303400,27.735010,1.662135,2.605134,-39.894867,0
2026-02-10,sh.603339,14.0100,14.1100,13.9600,14.1100,13.9900,3745328,52612902.9400,1.210400,1,0.857800,27.972909,1.676392,2.627479,-40.237067,0
2026-02-11,sh.603339,14.1000,14.3800,14.0400,14.0400,14.1100,4324540,61258371.4400,1.397500,1,-0.496100,27.834134,1.668075,2.614444,-40.037450,0
2026-02-12,sh.603339,14.0400,14.4500,13.9800,14.2800,14.0400,7063900,100702941.9600,2.282800,1,1.709400,28.309932,1.696589,2.659136,-40.721851,0
2026-02-13,sh.603339,14.2800,14.2900,13.9800,14.0100,14.2800,4231136,59699270.8400,1.367300,1,-1.890800,27.774660,1.664511,2.608858,-39.951900,0
2026-02-24,sh.603339,14.0800,14.1700,13.9600,14.1600,14.0100,3892996,54810609.0400,1.258100,1,1.070700,28.072033,1.682332,2.636790,-40.379651,0
2026-02-25,sh.603339,14.1300,14.1900,14.1200,14.1600,14.1600,3564544,50484474.6000,1.151900,1,0.000000,28.072033,1.682332,2.636790,-40.379651,0
2026-02-26,sh.603339,14.1500,14.3500,14.1100,14.3400,14.1600,5377766,76731427.4800,1.737900,1,1.271200,28.428881,1.703718,2.670308,-40.892951,0
2026-02-27,sh.603339,14.3900,14.3900,14.1200,14.2300,14.3400,4307386,61179441.8000,1.392000,1,-0.767100,28.210807,1.690649,2.649825,-40.579268,0
2026-03-02,sh.603339,13.9400,14.1000,13.7400,13.8100,14.2300,5405416,75076534.2400,1.746800,1,-2.951500,27.378162,1.640749,2.571615,-39.381566,0
2026-03-03,sh.603339,13.8600,13.9500,13.2000,13.2500,13.8100,5472497,74162365.0200,1.768500,1,-4.055000,26.267969,1.574216,2.467335,-37.784631,0
2026-03-04,sh.603339,13.0100,13.2900,13.0100,13.0700,13.2500,3525876,46303348.6800,1.139400,1,-1.358500,25.911121,1.552831,2.433817,-37.271330,0
2026-03-05,sh.603339,13.2700,13.4700,13.2700,13.3600,13.0700,3227996,43168765.3200,1.043200,1,2.218800,26.486042,1.587285,2.487819,-38.098315,0
2026-03-06,sh.603339,13.3100,13.6200,13.3100,13.6100,13.3600,2453452,33205092.1200,0.792900,1,1.871300,26.981664,1.616988,2.534372,-38.811232,0
2026-03-09,sh.603339,13.5200,13.5900,13.1900,13.5100,13.6100,3435542,45978545.0000,1.110200,1,-0.734800,26.783416,1.605107,2.515751,-38.526065,0
2026-03-10,sh.603339,13.6000,13.9700,13.6000,13.9600,13.5100,4012265,55521833.6700,1.296600,1,3.330900,27.675535,1.658571,2.599547,-39.809317,0
2026-03-11,sh.603339,13.9800,14.0400,13.7700,13.8200,13.9600,2809639,38974281.3500,0.908000,1,-1.002900,27.397987,1.641937,2.573477,-39.410083,0
2026-03-12,sh.603339,13.7900,13.9000,13.5300,13.5400,13.8200,2804420,38317079.4000,0.906300,1,-2.026000,26.842890,1.608671,2.521337,-38.611615,0
2026-03-13,sh.603339,13.4700,13.7200,13.4200,13.4600,13.5400,2568920,34825744.8000,0.830200,1,-0.590800,26.684291,1.599166,2.506440,-38.383482,0
2026-03-16,sh.603339,13.4100,13.5100,13.2600,13.4700,13.4600,2535292,33897504.8400,0.819300,1,0.074300,26.704116,1.600354,2.508302,-38.411998,0
2026-03-17,sh.603339,13.4700,13.4700,13.1900,13.2000,13.4700,2425460,32300228.8000,0.783800,1,-2.004500,26.168844,1.568276,2.458025,-37.642047,0
2026-03-18,sh.603339,13.2000,13.3400,13.1200,13.3300,13.2000,1824044,24134452.3200,0.589500,1,0.984800,26.426568,1.583721,2.482232,-38.012764,0
2026-03-19,sh.603339,13.2600,13.4400,13.0700,13.1000,13.3300,2897724,38325292.2000,0.936400,1,-1.725400,25.970596,1.556395,2.439403,-37.356880,0
2026-03-20,sh.603339,13.1000,13.2300,12.7600,12.7800,13.1000,3374928,43558307.3600,1.090700,1,-2.442700,25.336199,1.518376,2.379815,-36.444346,0
2026-03-23,sh.603339,12.5800,12.6600,11.7800,11.8400,12.7800,5446914,66354046.0600,1.760200,1,-7.355200,23.472660,1.406696,2.204773,-33.763776,0
2026-03-24,sh.603339,12.0800,12.3800,11.9300,12.3600,11.8400,3291880,39971197.9600,1.063800,1,4.391900,24.503554,1.468477,2.301605,-35.246644,0
2026-03-25,sh.603339,12.5300,12.5800,12.3600,12.5300,12.3600,2202620,27551220.2000,0.711800,1,1.375400,24.840577,1.488674,2.333261,-35.731428,0
2026-03-26,sh.603339,12.6600,13.0300,12.5700,12.6300,12.5300,4872528,62389237.1200,1.574600,1,0.798100,25.038826,1.500555,2.351883,-36.016595,0
2026-03-27,sh.603339,12.3900,12.9000,12.3700,12.8700,12.6300,2894012,36938874.5200,0.935200,1,1.900200,25.514623,1.529069,2.396574,-36.700996,0
2026-03-30,sh.603339,12.8400,12.9400,12.6500,12.8700,12.8700,1776468,22748653.9200,0.574100,1,0.000000,25.514623,1.529069,2.396574,-36.700996,0
2026-03-31,sh.603339,12.8900,12.9500,12.6700,12.6800,12.8700,2008788,25717935.8800,0.649200,1,-1.476300,25.137950,1.506495,2.361193,-36.159179,0
2026-04-01,sh.603339,12.8100,12.9000,12.7500,12.9000,12.6800,1675300,21499366.0000,0.541400,1,1.735000,25.574098,1.532633,2.402160,-36.786546,0
2026-04-02,sh.603339,12.8600,13.0800,12.7900,12.9300,12.9000,3246680,42014664.2000,1.049200,1,0.232600,25.633572,1.536198,2.407747,-36.872096,0
2026-04-03,sh.603339,12.9900,13.0100,12.7500,12.7900,12.9300,1777600,22813457.8000,0.574500,1,-1.082800,25.356024,1.519564,2.381677,-36.472862,0
2026-04-07,sh.603339,12.7500,12.7800,12.5800,12.7100,12.7900,1959890,24878858.4600,0.633400,1,-0.625500,25.197425,1.510060,2.366780,-36.244729,0
2026-04-08,sh.603339,12.8600,13.0400,12.8500,13.0400,12.7100,2776368,35987139.2800,0.897200,1,2.596400,25.851646,1.549267,2.428230,-37.185780,0
2026-04-09,sh.603339,13.0600,13.0600,12.7800,12.8100,13.0400,1953588,25145793.3600,0.631300,1,-1.763800,25.395674,1.521940,2.385401,-36.529896,0
2026-04-10,sh.603339,12.8900,13.0900,12.8800,13.0100,12.8100,2251112,29295534.2800,0.727500,1,1.561300,25.792172,1.545702,2.422644,-37.100230,0
2026-04-13,sh.603339,13.0100,13.2600,12.9100,13.0600,13.0100,2203292,28730263.1600,0.712000,1,0.384300,25.891296,1.551643,2.431955,-37.242813,0
2026-04-14,sh.603339,13.1300,13.1600,13.0000,13.1600,13.0600,2034824,26563047.1600,0.657600,1,0.765700,26.089545,1.563524,2.450576,-37.527980,0
2026-04-15,sh.603339,13.1800,13.2000,13.0400,13.1100,13.1600,1885792,24751226.1600,0.609400,1,-0.379900,25.990420,1.557583,2.441265,-37.385397,0
2026-04-16,sh.603339,13.1000,13.2500,13.0400,13.2300,13.1100,2025978,26649366.2600,0.654700,1,0.915300,26.228319,1.571840,2.463611,-37.727597,0
2026-04-17,sh.603339,13.2800,13.4700,13.1200,13.3900,13.2300,2882908,38422038.4100,0.931600,1,1.209400,26.545517,1.590850,2.493405,-38.183865,0
2026-04-20,sh.603339,13.3900,13.7500,13.2700,13.7400,13.3900,3768654,51107454.5400,1.217900,1,2.613900,27.239388,1.632433,2.558580,-39.181949,0
2026-04-21,sh.603339,13.5800,14.0400,13.5000,13.9900,13.7400,8942293,124137282.0800,2.889800,1,1.819500,27.735010,1.662135,2.605134,-39.894867,0
2026-04-22,sh.603339,13.9100,13.9700,13.6000,13.7500,13.9900,6574786,90247271.8200,2.124700,1,-1.715500,27.555433,1.601809,2.516349,17.595944,0
2026-04-23,sh.603339,13.8800,13.9900,13.7000,13.8400,13.7500,5889136,81492650.0400,1.903200,1,0.654500,27.735796,1.612294,2.532820,17.711117,0
2026-04-24,sh.603339,13.7100,13.8100,13.4900,13.7400,13.8400,3214228,43988400.6800,1.038700,1,-0.722500,27.535392,1.600644,2.514519,17.583147,0
2026-04-27,sh.603339,13.7900,13.8700,13.6000,13.7200,13.7400,2741600,37557871.9200,0.886000,1,-0.145600,27.495312,1.598314,2.510859,17.557553,0
2026-04-28,sh.603339,13.6600,13.7300,13.4800,13.5000,13.7200,2921483,39634428.9700,0.944100,1,-1.603500,27.054425,1.572685,2.470598,17.276018,0
2026-04-29,sh.603339,13.4500,13.7000,13.4100,13.5900,13.5000,2368562,32237758.9800,0.765400,1,0.666700,27.234788,1.583170,2.487068,17.391191,0
2026-04-30,sh.603339,13.5000,13.7100,13.4300,13.6700,13.5900,2174806,29590581.2900,0.702800,1,0.588700,28.611836,1.567220,2.578917,77.935754,0
2026-05-06,sh.603339,13.7500,14.1000,13.6500,13.9000,13.6700,5852179,81272351.3400,1.891200,1,1.682500,29.093235,1.593589,2.622308,79.247036,0
2026-05-07,sh.603339,13.8600,13.9200,13.7600,13.9100,13.9000,3587604,49663494.3200,1.159400,1,0.071900,29.114165,1.594735,2.624194,79.304048,0
2026-05-08,sh.603339,13.9100,13.9100,13.7600,13.8500,13.9100,2633624,36431990.3600,0.851100,1,-0.431300,28.988583,1.587857,2.612875,78.961975,0
2026-05-11,sh.603339,13.9600,14.0700,13.8000,14.0500,13.8500,5244188,73153833.2000,1.694700,1,1.444000,29.407190,1.610786,2.650606,80.102220,0
2026-05-12,sh.603339,14.3900,14.6100,14.1200,14.2400,14.0500,13504388,193520216.5900,4.364100,1,1.352300,29.804868,1.632569,2.686451,81.185453,0
2026-05-13,sh.603339,14.0500,14.0800,13.7500,13.8100,14.2400,8701796,120387380.6400,2.812100,1,-3.019700,28.904861,1.583271,2.605329,78.733926,0
2026-05-14,sh.603339,13.8100,13.9000,13.5300,13.5700,13.8100,4838692,66146184.4800,1.563700,1,-1.737900,28.402532,1.555755,2.560052,77.365632,0
2026-05-15,sh.603339,13.5700,13.7800,13.5100,13.5900,13.5700,3544588,48319204.0400,1.145500,1,0.147400,28.444393,1.558048,2.563825,77.479656,0
2026-05-18,sh.603339,13.6100,13.6100,13.3100,13.5900,13.5900,4066120,54680371.0000,1.314000,1,0.000000,28.444393,1.558048,2.563825,77.479656,0
2026-05-19,sh.603339,13.5800,13.7000,13.3000,13.6800,13.5900,3298456,44562865.2800,1.065900,1,0.662300,28.632766,1.568367,2.580804,77.992766,0
2026-05-20,sh.603339,13.6600,13.6600,13.3300,13.4500,13.6800,3086464,41420643.1600,0.997400,1,-1.681300,28.151367,1.541998,2.537413,76.681484,0
2026-05-21,sh.603339,13.5800,13.7300,13.0000,13.0700,13.4500,4409644,59251127.9600,1.425000,1,-2.825300,27.356013,1.498432,2.465724,74.515019,0
2026-05-22,sh.603339,13.3100,13.4800,13.0600,13.3900,13.0700,3314897,44037450.6600,1.071300,1,2.448400,28.025785,1.535119,2.526094,76.339411,0
2026-05-25,sh.603339,13.4400,13.6000,13.3600,13.4900,13.3900,2735664,36825717.8500,0.884100,1,0.746800,28.235089,1.546584,2.544959,76.909533,0
2026-05-26,sh.603339,13.4200,13.4800,13.0700,13.2000,13.4900,3655430,48172527.9800,1.181300,1,-2.149700,27.628108,1.513336,2.490249,75.256178,0
2026-05-27,sh.603339,13.1500,13.1700,12.6000,12.6500,13.2000,4754700,60579446.8000,1.536500,1,-4.166700,26.476937,1.450281,2.386489,72.120504,0
2026-05-28,sh.603339,12.6000,12.9800,12.5400,12.9200,12.6500,3189033,40937011.3100,1.030600,1,2.134400,27.042057,1.481235,2.437426,73.659835,0
2026-05-29,sh.603339,12.9500,13.0700,12.6100,12.6900,12.9200,3320814,42472499.7000,1.073200,1,-1.780200,26.560658,1.454866,2.394035,72.348553,0
2026-06-01,sh.603339,12.6900,13.0700,12.6200,12.9800,12.6900,2770688,35754368.6800,0.895400,1,2.285300,27.167639,1.488114,2.448745,74.001908,0
2026-06-02,sh.603339,12.9800,13.0300,12.7100,12.8300,12.9800,2303180,29552117.4000,0.744300,1,-1.155600,26.853684,1.470917,2.420447,73.146725,0
2026-06-03,sh.603339,12.8400,13.3200,12.6700,13.0600,12.8300,5645407,73676655.5500,1.824400,1,1.792700,27.335082,1.497286,2.463837,74.458006,0
2026-06-04,sh.603339,13.0400,13.6100,12.9700,13.6100,13.0600,8177165,109817679.1300,2.642600,1,4.211300,28.486254,1.560341,2.567598,77.593681,0
2026-06-05,sh.603339,13.6300,13.6500,13.0000,13.2900,13.6100,6672396,88134729.2200,2.156300,1,-2.351200,27.816481,1.523654,2.507228,75.769288,0
2026-06-08,sh.603339,13.0200,13.4800,12.9100,13.1500,13.2900,4899071,64643403.5200,1.583200,1,-1.053400,27.523456,1.507604,2.480816,74.971117,0
2026-06-09,sh.603339,13.2600,13.2700,12.9400,13.1000,13.1500,3911746,51047651.4800,1.264100,1,-0.380200,27.418804,1.501872,2.471384,74.686056,0
2026-06-10,sh.603339,13.0100,13.0900,12.6800,12.9000,13.1000,3744496,48036986.4400,1.210100,1,-1.526700,27.000196,1.478942,2.433652,73.545810,0
2026-06-11,sh.603339,12.8800,12.9000,12.4100,12.7100,12.9000,2701195,34076876.3100,0.872900,1,-1.472900,26.602519,1.457159,2.397808,72.462578,0
2026-06-12,sh.603339,12.7800,12.9300,12.6100,12.7300,12.7100,2473868,31635844.2000,0.799500,1,0.157400,26.644380,1.459452,2.401581,72.576602,0
2026-06-15,sh.603339,12.7900,12.9900,12.7400,12.8900,12.7300,2278932,29340164.8800,0.736500,1,1.256900,26.979266,1.477796,2.431766,73.488798,0
2026-06-16,sh.603339,12.9300,12.9300,12.5100,12.8200,12.8900,3216642,40925819.5600,1.039500,1,-0.543100,26.832753,1.469770,2.418560,73.089712,0
2026-06-17,sh.603339,12.8000,13.1500,12.7000,12.8100,12.8200,3229060,41428203.5600,1.043500,1,-0.078000,26.811823,1.468624,2.416674,73.032700,0
2026-06-18,sh.603339,12.8100,13.6300,12.5600,13.5200,12.8100,9099825,121130559.9900,2.940700,1,5.542500,28.297880,1.550023,2.550619,77.080570,0
2026-06-22,sh.603339,13.5200,14.0000,13.2200,13.8300,13.5200,11302449,155159746.3500,3.652500,1,2.292900,28.946722,1.585564,2.609102,78.847950,0
2026-06-23,sh.603339,14.1800,15.0100,14.1800,14.5600,13.8300,23681003,346630085.4400,7.652800,1,5.278400,30.474640,1.669256,2.746820,83.009845,0
2026-06-24,sh.603339,14.4200,15.4700,14.4200,15.4000,14.5600,28573166,433970648.7800,9.233800,1,5.769200,32.232792,1.765559,2.905291,87.798874,0
2026-06-25,sh.603339,15.0800,15.2500,14.4900,14.8300,15.4000,18783318,280154010.0500,6.070100,1,-3.701300,31.039760,1.700210,2.797757,84.549176,0
2026-06-26,sh.603339,14.7500,14.8700,14.2200,14.2600,14.8300,13351411,193203940.6400,4.314700,1,-3.843600,29.846729,1.634862,2.690224,81.299477,0
2026-06-29,sh.603339,14.3600,14.4100,13.5600,13.7600,14.2600,11955283,165406786.0900,3.863500,1,-3.506300,28.800209,1.577538,2.595896,78.448864,0
2026-06-30,sh.603339,13.7700,15.1400,13.6000,14.2900,13.7600,20400189,293278709.4800,6.592600,1,3.851700,29.909520,1.638301,2.695883,81.470514,0
2026-07-01,sh.603339,14.3100,14.7800,14.1700,14.4600,14.2900,17664713,255445854.4700,5.708600,1,1.189600,30.265336,1.657791,2.727955,82.439722,0
2026-07-02,sh.603339,14.3000,14.7500,14.2000,14.2800,14.4600,10920550,158353586.0200,3.529100,1,-1.244800,29.888589,1.637155,2.693997,81.413502,0
2026-07-03,sh.603339,14.0800,14.5600,14.0800,14.3100,14.2800,9043474,129503164.6000,2.922500,1,0.210100,29.951380,1.640594,2.699656,81.584538,0
2026-07-06,sh.603339,14.4300,14.9500,14.2300,14.9500,14.3100,18642320,274388890.8200,6.024500,1,4.472400,31.290925,1.713968,2.820396,85.233323,0
2026-07-07,sh.603339,14.8400,14.9000,14.0200,14.0600,14.9500,15152038,216189166.0600,4.896600,1,-5.953200,29.428121,1.611932,2.652493,80.159232,0
2026-07-08,sh.603339,14.0600,15.4700,13.8000,15.4700,14.0600,33899125,510046756.4400,10.954900,1,10.028400,32.379305,1.773584,2.918496,88.197960,0
2026-07-09,sh.603339,15.6800,15.7400,15.0200,15.3300,15.4700,35124139,535890366.4000,11.350800,1,-0.905000,32.086280,1.757534,2.892085,87.399789,0
2026-07-10,sh.603339,15.0000,16.3400,15.0000,16.2500,15.3300,37356265,586428570.5000,12.072200,1,6.001300,34.011875,1.863009,3.065648,92.644916,0
2026-07-13,sh.603339,15.6700,16.1900,15.3500,15.9800,16.2500,26059146,410205862.3200,8.421400,1,-1.661500,33.446755,1.832054,3.014711,91.105585,0
2026-07-14,sh.603339,15.6500,15.7000,14.3800,14.3800,15.9800,23130700,337105283.9600,7.475000,1,-10.012500,30.097893,1.648619,2.712862,81.983624,0
2026-07-15,sh.603339,13.9500,13.9500,12.9400,12.9400,14.3800,20230936,264583683.8400,6.537900,1,-10.013900,27.083918,1.483528,2.441199,73.773859,0
2026-07-16,sh.603339,12.4500,12.6800,12.0800,12.1900,12.9400,16719661,206862225.1200,5.403200,1,-5.796000,25.514139,1.397543,2.299707,69.497940,0
2026-07-17,sh.603339,12.1700,12.2800,11.5500,11.5500,12.1900,15765748,185467649.1600,5.094900,1,-5.250200,24.174594,1.324169,2.178968,65.849156,0
2026-07-20,sh.603339,11.6400,11.6800,10.5400,10.6900,11.5500,13807860,153547214.3700,4.462200,1,-7.445900,22.374581,1.225573,2.016724,60.946102,0
2026-07-21,sh.603339,10.8000,11.5900,10.4300,11.3000,10.6900,13441012,147646853.4300,4.343600,1,5.706300,23.651335,1.295507,2.131804,64.423849,0
2026-07-22,sh.603339,11.1400,11.2000,10.8900,11.0000,11.1500,6506312,71943862.8100,2.102600,1,-1.345300,23.023423,1.261113,2.075208,62.713482,0
2026-07-23,sh.603339,11.0500,11.4900,10.9200,11.4600,11.0000,6999764,79022983.8400,2.262100,1,4.181800,23.986221,1.313851,2.161989,65.336046,0
2026-07-24,sh.603339,11.3500,11.5900,11.2900,11.3600,11.4600,5642607,64664960.4400,1.823500,1,-0.872600,23.776917,1.302386,2.143123,64.765923,0
2026-07-27,sh.603339,11.3400,11.7300,11.3100,11.7300,11.3600,5272774,60953950.0400,1.704000,1,3.257000,24.551341,1.344806,2.212926,66.875376,0
2026-07-28,sh.603339,11.5900,12.0800,11.5500,11.7300,11.7300,7085324,83882858.0000,2.289700,1,0.000000,24.551341,1.344806,2.212926,66.875376,0
2026-07-29,sh.603339,11.9900,12.3200,11.8000,12.2000,11.7300,9679008,116975025.3600,3.127900,1,4.006800,22.027924,1.353672,2.103590,20.264128,0
2026-07-30,sh.603339,12.1500,12.4400,12.1200,12.3500,12.2000,7897292,96911319.8800,2.552100,1,1.229500,22.298759,1.370315,2.129453,20.513277,0
2026-07-31,sh.603339,12.4800,12.8000,12.2200,12.7600,12.3500,8382094,105703562.5700,2.708800,1,3.319800,23.039042,1.415807,2.200148,21.194285,0
2026-08-03,sh.603339,12.7000,13.0900,12.5100,13.0900,12.7600,7480422,96235862.1600,2.417400,1,2.586200,23.634879,1.452423,2.257048,21.742413,0
2026-08-04,sh.603339,13.0900,13.2500,12.9000,13.1800,13.0900,8417366,110002528.0400,2.720200,1,0.687500,23.797380,1.462409,2.272567,21.891902,0
2026-08-05,sh.603339,13.1800,13.7600,13.1100,13.7000,13.1800,10760463,145744200.9300,3.477400,1,3.945400,24.736275,1.520107,2.362228,22.755619,0
2026-08-06,sh.603339,13.8400,13.9500,13.6600,13.9400,13.7000,10881891,150434596.1200,3.516600,1,1.751800,25.169612,1.546736,2.403610,23.154258,0
2026-08-07,sh.603339,13.9000,14.3100,13.8300,14.2900,13.9400,9664175,136171272.9600,3.123100,1,2.510800,25.801560,1.585571,2.463959,23.735606,0
2026-08-10,sh.603339,14.2700,14.3400,13.9500,14.0100,14.2900,10183067,144520329.1100,3.290800,1,-1.959400,25.296001,1.554503,2.415680,23.270527,0
2026-08-11,sh.603339,13.9300,14.0600,13.5800,13.8300,14.0100,10818989,149812490.6200,3.496300,1,-1.284800,24.970999,1.534531,2.384643,22.971548,0
2026-08-12,sh.603339,13.8300,14.1500,13.7400,14.0600,13.8300,6583566,91886255.3200,2.127600,1,1.663100,25.386280,1.560051,2.424301,23.353577,0
2026-08-13,sh.603339,14.0300,14.1400,13.7700,13.7900,14.0600,7195180,99953773.3900,2.325200,1,-1.920300,24.898776,1.530093,2.377746,22.905109,0
2026-08-14,sh.603339,13.8100,13.8700,13.6000,13.7400,13.7900,5020008,68921794.0400,1.622300,1,-0.362600,24.808498,1.524545,2.369125,22.822059,0
2026-08-17,sh.603339,13.7400,14.1400,13.6700,14.1400,13.7400,6621897,92289148.7900,2.140000,1,2.911200,25.530725,1.568928,2.438095,23.486456,0
2026-08-18,sh.603339,14.1300,14.2700,14.0100,14.2400,14.1400,5859168,83002924.7400,1.893500,1,0.707200,25.711282,1.580023,2.455337,23.652556,0
2026-08-19,sh.603339,14.1000,14.1500,13.7300,13.7800,14.2400,7091613,98800549.1200,2.291700,1,-3.230300,24.880721,1.528983,2.376022,22.888499,0
2026-08-20,sh.603339,13.9000,14.0300,13.7000,13.8000,13.7800,5417212,75045504.6600,1.750600,1,0.145100,24.916832,1.531202,2.379470,22.921718,0
2026-08-21,sh.603339,13.7300,14.0000,13.5500,13.9200,13.8000,4658835,64379527.4800,1.505600,1,0.869600,25.133500,1.544517,2.400161,23.121038,0
2026-08-24,sh.603339,13.9100,14.0900,13.6400,13.8100,13.9200,4830444,66681002.8800,1.561000,1,-0.790200,24.934888,1.532312,2.381195,22.938328,0
2026-08-25,sh.603339,13.7200,14.4200,13.5800,14.3100,13.8100,10234873,145172238.5400,3.307500,1,3.620600,25.837672,1.587790,2.467407,23.768825,0
2026-08-26,sh.603339,14.3200,14.3900,14.2100,14.2800,14.3100,5854709,83674418.7200,1.892000,1,-0.209600,25.783505,1.584462,2.462234,23.718996,0
2026-08-27,sh.603339,14.2800,14.3900,14.1600,14.3800,14.2800,6061266,86728922.8800,1.958800,1,0.700300,25.964061,1.595557,2.479477,23.885095,0
