date,code,open,high,low,close,preclose,volume,amount,turn,tradestatus,pctChg,peTTM,pbMRQ,psTTM,pcfNcfTTM,isST
2016-08-29,sz.000058,10.9000,11.3800,10.8000,11.2800,10.8600,14807128,165690154.0000,2.750894,1,3.867400,133.739764,5.988550,10.618270,-739.729526,0
2016-08-30,sz.000058,11.2000,11.4500,11.1300,11.2800,11.2800,10767545,121382907.0000,2.000413,1,0.000000,133.739764,5.988550,10.618270,-739.729526,0
2016-08-31,sz.000058,11.3800,11.3800,11.1600,11.2600,11.2800,5686368,63953952.0000,1.056423,1,-0.177300,133.502636,5.977932,10.599443,-738.417948,0
2016-09-01,sz.000058,11.2600,11.3900,11.1700,11.1800,11.2600,6285264,70894999.0000,1.167687,1,-0.710500,132.554127,5.935460,10.524136,-733.171640,0
2016-09-02,sz.000058,11.2000,11.2500,10.9000,11.0100,11.1800,6283199,69493788.0000,1.167304,1,-1.520600,130.538546,5.845207,10.364109,-722.023234,0
2016-09-05,sz.000058,11.2900,12.1100,11.2700,12.0700,11.0100,42281119,497967392.0000,7.855060,1,9.627606,143.106290,6.407961,11.361925,-791.536824,0
2016-09-06,sz.000058,11.7900,11.8800,11.5600,11.7800,12.0700,35740114,418755472.0000,6.639861,1,-2.402651,139.667945,6.254000,11.088938,-772.518955,0
2016-09-07,sz.000058,11.7600,11.9400,11.6300,11.6700,11.7800,19760208,232693180.0000,3.671086,1,-0.933783,138.363745,6.195601,10.985391,-765.305280,0
2016-09-08,sz.000058,11.6000,11.8500,11.5700,11.7000,11.6700,13213909,154547040.0000,2.454903,1,0.257067,138.719436,6.211528,11.013631,-767.272646,0
2016-09-09,sz.000058,11.7800,11.9800,11.5800,11.5900,11.7000,15258053,179751087.0000,2.834668,1,-0.940168,137.415236,6.153129,10.910084,-760.058972,0
2016-09-12,sz.000058,11.3000,11.5800,11.1300,11.1700,11.5900,11918455,134640862.0000,2.214231,1,-3.623814,132.435564,5.930151,10.514723,-732.515851,0
2016-09-13,sz.000058,11.2800,11.4600,11.2100,11.3800,11.1700,9600521,108810547.0000,1.783602,1,1.880036,134.925400,6.041640,10.712403,-746.287411,0
2016-09-14,sz.000058,11.2900,11.3700,11.1400,11.2000,11.3800,6835231,76897878.0000,1.269861,1,-1.581725,132.791255,5.946078,10.542963,-734.483217,0
2016-09-19,sz.000058,11.2000,11.3900,11.1800,11.3300,11.2000,6153437,69521489.0000,1.143196,1,1.160715,134.332582,6.015095,10.665337,-743.008469,0
2016-09-20,sz.000058,11.3400,11.5900,11.2200,11.5500,11.3300,9001519,102495330.0000,1.672318,1,1.941750,136.940981,6.131893,10.872430,-757.435817,0
2016-09-21,sz.000058,11.4700,11.6500,11.4200,11.5200,11.5500,9411900,108652819.0000,1.748559,1,-0.259738,136.585291,6.115966,10.844190,-755.468452,0
2016-09-22,sz.000058,12.6700,12.6700,12.6700,12.6700,11.5200,24464392,309963840.0000,4.545038,1,9.982635,150.220107,6.726501,11.926727,-830.884139,0
2016-09-23,sz.000058,12.8600,12.8600,12.3700,12.6800,12.6700,60510564,764067984.0000,11.241758,1,0.078928,150.338670,6.731810,11.936140,-831.539928,0
2016-09-26,sz.000058,12.4900,12.6100,11.7800,11.8800,12.6800,31571747,387641120.0000,5.865454,1,-6.309149,140.853581,6.307090,11.183071,-779.076841,0
2016-09-27,sz.000058,11.7900,12.0000,11.5800,12.0000,11.8800,22416862,263965047.0000,4.164644,1,1.010100,142.276344,6.370798,11.296032,-786.946304,0
2016-09-28,sz.000058,11.9000,12.1500,11.8000,11.8500,12.0000,15332915,183589050.0000,2.848576,1,-1.249997,140.497890,6.291163,11.154831,-777.109475,0
2016-09-29,sz.000058,11.7200,11.9800,11.6500,11.8200,11.8500,13441698,158497362.0000,2.497222,1,-0.253170,140.142199,6.275236,11.126591,-775.142109,0
2016-09-30,sz.000058,11.7700,12.4000,11.7200,12.2400,11.8200,22198910,268949728.0000,4.124152,1,3.553300,145.121871,6.498214,11.521952,-802.685230,0
2016-10-10,sz.000058,12.6000,12.7900,12.2400,12.3500,12.2400,25688885,319552608.0000,4.772526,1,0.898698,146.426071,6.556613,11.625499,-809.898904,0
2016-10-11,sz.000058,12.6000,13.3700,12.4600,13.1200,12.3500,48723782,629394288.0000,9.051989,1,6.234814,155.555470,6.965406,12.350328,-860.394626,0
2016-10-12,sz.000058,12.8800,13.1100,12.6600,13.0200,13.1200,30539168,393179456.0000,5.673620,1,-0.762191,154.369834,6.912316,12.256194,-853.836740,0
2016-10-13,sz.000058,12.9600,13.1500,12.7300,12.7900,13.0200,19337654,248257533.0000,3.592583,1,-1.766517,151.642870,6.790209,12.039687,-838.753602,0
2016-10-14,sz.000058,12.6800,12.6900,12.3800,12.5900,12.7900,17698793,221459501.0000,3.288113,1,-1.563720,149.271598,6.684029,11.851420,-825.637830,0
2016-10-17,sz.000058,12.5800,12.7800,12.4000,12.4700,12.5900,15938736,201069396.0000,2.961126,1,-0.953137,147.848834,6.620321,11.738460,-817.768367,0
2016-10-18,sz.000058,12.5000,12.9800,12.4800,12.8800,12.4700,22310728,284762256.0000,4.144926,1,3.287890,152.709943,6.837990,12.124407,-844.655699,0
2016-10-19,sz.000058,12.8200,12.9600,12.6100,12.7000,12.8800,14159614,180702012.0000,2.630598,1,-1.397518,150.575798,6.742428,11.954967,-832.851505,0
2016-10-20,sz.000058,12.6800,12.7000,12.4000,12.5200,12.7000,12619796,158008970.0000,2.344528,1,-1.417318,148.441653,6.646866,11.785526,-821.047310,0
2016-10-21,sz.000058,12.5500,12.6000,12.2000,12.4200,12.5200,11663274,144409714.0000,2.166823,1,-0.798725,147.256016,6.593776,11.691393,-814.489424,0
2016-10-24,sz.000058,12.4000,12.5900,12.3600,12.4600,12.4200,9712596,121390503.0000,1.804423,1,0.322061,147.730271,6.615012,11.729046,-817.112579,0
2016-10-25,sz.000058,12.4900,12.7000,12.4600,12.5700,12.4600,11431089,143704508.0000,2.123688,1,0.882822,149.034471,6.673411,11.832593,-824.326253,0
2016-10-26,sz.000058,12.5700,12.6400,12.2200,12.2500,12.5700,13130400,162070733.0000,2.439389,1,-2.545741,145.240435,6.503523,11.531366,-803.341018,0
2016-10-27,sz.000058,12.2500,12.3600,12.1900,12.3100,12.2500,6598998,81082893.0000,1.225973,1,0.489799,145.951817,6.535377,11.587846,-807.275750,0
2016-10-28,sz.000058,12.3000,12.3000,11.8700,11.9100,12.3100,13966486,168390324.0000,2.594718,1,-3.249395,141.209272,6.323017,11.211311,-781.044207,0
2016-10-31,sz.000058,11.8200,12.1400,11.8200,12.0500,11.9100,7532355,90420651.0000,1.399374,1,1.175486,127.220916,6.331194,12.267369,183.681451,0
2016-11-01,sz.000058,12.0500,12.1600,12.0000,12.1200,12.0500,6934948,83720522.0000,1.288387,1,0.580910,127.959959,6.367972,12.338632,184.748481,0
2016-11-02,sz.000058,12.0900,12.2000,12.0100,12.0300,12.1200,7668200,92630248.0000,1.424612,1,-0.742576,127.009761,6.320685,12.247008,183.376586,0
2016-11-03,sz.000058,11.9800,12.2000,11.8300,12.1400,12.0300,10264687,123688860.0000,1.906992,1,0.914386,128.171114,6.378481,12.358993,185.053346,0
2016-11-04,sz.000058,12.2000,12.6600,12.2000,12.3700,12.1400,15836468,197340052.0000,2.942127,1,1.894560,130.599397,6.499325,12.593142,188.559299,0
2016-11-07,sz.000058,12.3000,12.4300,12.1500,12.4000,12.3700,11122375,136529214.0000,2.066334,1,0.242520,130.916130,6.515087,12.623683,189.016597,0
2016-11-08,sz.000058,12.4100,12.4600,12.2900,12.4400,12.4000,9977516,123422988.0000,1.853640,1,0.322580,131.338440,6.536104,12.664404,189.626328,0
2016-11-09,sz.000058,12.4400,12.4400,12.4400,12.4400,12.4400,0,0.0000,,0,0.000000,131.338440,6.536104,12.664404,189.626328,0
2016-11-10,sz.000058,12.4400,12.4400,12.4400,12.4400,12.4400,0,0.0000,,0,0.000000,131.338440,6.536104,12.664404,189.626328,0
2016-11-11,sz.000058,12.4400,12.4400,12.4400,12.4400,12.4400,0,0.0000,,0,0.000000,131.338440,6.536104,12.664404,189.626328,0
2016-11-14,sz.000058,12.4400,12.4400,12.4400,12.4400,12.4400,0,0.0000,,0,0.000000,131.338440,6.536104,12.664404,189.626328,0
2016-11-15,sz.000058,12.4400,12.4400,12.4400,12.4400,12.4400,0,0.0000,,0,0.000000,131.338440,6.536104,12.664404,189.626328,0
2016-11-16,sz.000058,13.2000,13.2000,12.5500,12.6900,12.4400,34105135,436792048.0000,6.336112,1,2.009646,133.977878,6.667456,12.918914,193.437147,0
2016-11-17,sz.000058,12.5400,12.5900,12.2500,12.3800,12.6900,13554245,167838597.0000,2.518131,1,-2.442864,130.704975,6.504579,12.603322,188.711732,0
2016-11-18,sz.000058,12.3700,12.3700,12.1200,12.1600,12.3800,9671531,118203922.0000,1.796794,1,-1.777062,128.382269,6.388989,12.379353,185.358212,0
2016-11-21,sz.000058,12.0800,12.2600,12.0400,12.1200,12.1600,7241031,87823393.0000,1.345251,1,-0.328947,127.959959,6.367972,12.338632,184.748481,0
2016-11-22,sz.000058,12.1800,12.3800,12.1000,12.3700,12.1200,11802719,144711586.0000,2.192730,1,2.062706,130.599397,6.499325,12.593142,188.559299,0
2016-11-23,sz.000058,12.3500,12.5000,12.1700,12.1900,12.3700,11002813,136046770.0000,2.044122,1,-1.455136,128.699002,6.404751,12.409895,185.815510,0
2016-11-24,sz.000058,12.1900,12.1900,12.0400,12.0800,12.1900,7734310,93610998.0000,1.436894,1,-0.902376,127.537649,6.346956,12.297910,184.138750,0
2016-11-25,sz.000058,12.0500,12.2800,11.8300,12.2800,12.0800,8125641,98236244.0000,1.509596,1,1.655628,129.649200,6.452038,12.501518,187.187404,0
2016-11-28,sz.000058,12.3200,12.3700,12.1000,12.1200,12.2800,8028997,98055697.0000,1.491641,1,-1.302930,127.959959,6.367972,12.338632,184.748481,0
2016-11-29,sz.000058,12.1000,12.2100,11.7600,11.7800,12.1200,9378401,112421200.0000,1.742336,1,-2.805282,124.370323,6.189333,11.992499,179.565767,0
2016-11-30,sz.000058,11.7700,11.8600,11.5800,11.8100,11.7800,5996768,70469075.0000,1.114090,1,0.254675,124.687056,6.205095,12.023040,180.023066,0
2016-12-01,sz.000058,11.8100,11.9100,11.6800,11.7600,11.8100,5986104,70512992.0000,1.112109,1,-0.423372,124.159168,6.178825,11.972138,179.260902,0
2016-12-02,sz.000058,11.7000,11.7800,11.4400,11.4400,11.7600,7422696,85906153.0000,1.379001,1,-2.721094,120.780688,6.010693,11.646365,174.383054,0
2016-12-05,sz.000058,11.3000,11.4300,11.1000,11.1700,11.4400,5527350,62218125.0000,1.026881,1,-2.360136,117.930094,5.868833,11.371495,170.267370,0
2016-12-06,sz.000058,11.2000,11.4400,11.1800,11.2500,11.1700,4329046,49116409.0000,0.804258,1,0.716203,118.774715,5.910865,11.452938,171.486832,0
2016-12-07,sz.000058,11.3500,11.9900,11.3000,11.8500,11.2500,11055496,128336943.0000,2.053909,1,5.333337,125.109366,6.226112,12.063761,180.632797,0
2016-12-08,sz.000058,11.6500,11.7900,11.4400,11.4700,11.8500,8679096,100459125.0000,1.612418,1,-3.206752,121.097420,6.026456,11.676906,174.840353,0
2016-12-09,sz.000058,11.4000,11.7500,11.3600,11.5100,11.4700,6563268,76173325.0000,1.219335,1,0.348735,121.519730,6.047472,11.717628,175.450083,0
2016-12-12,sz.000058,11.5300,11.5300,10.7400,10.7600,11.5100,9688265,107594110.0000,1.799903,1,-6.516073,113.601416,5.653414,10.954099,164.017628,0
2016-12-13,sz.000058,10.8400,10.9300,10.7100,10.8700,10.7600,4261500,46139833.0000,0.791709,1,1.022302,114.762769,5.711210,11.066083,165.694388,0
2016-12-14,sz.000058,10.8600,11.0800,10.4800,10.7600,10.8700,7637660,82079134.0000,1.418938,1,-1.011956,113.601416,5.653414,10.954099,164.017628,0
2016-12-15,sz.000058,10.7600,11.2800,10.6900,11.1100,10.7600,9196442,101606262.0000,1.708531,1,3.252783,117.296629,5.837308,11.310412,169.352774,0
2016-12-16,sz.000058,11.0500,11.4100,11.0200,11.3000,11.1100,7346530,82772247.0000,1.364851,1,1.710176,119.302602,5.937136,11.503840,172.248996,0
2016-12-19,sz.000058,11.3400,11.3900,11.0900,11.2000,11.3000,5772000,64923433.0000,1.072332,1,-0.884959,118.246827,5.884595,11.402036,170.724669,0
2016-12-20,sz.000058,11.2000,11.2800,10.9500,11.0500,11.2000,4238236,46958935.0000,0.787387,1,-1.339282,116.663164,5.805783,11.249330,168.438177,0
2016-12-21,sz.000058,11.1100,11.1500,11.0500,11.1400,11.0500,3654307,40599481.0000,0.678904,1,0.814481,117.613362,5.853070,11.340954,169.810072,0
2016-12-22,sz.000058,11.1500,11.2700,11.0800,11.1800,11.1400,4589450,51286348.0000,0.852636,1,0.359066,118.035672,5.874087,11.381675,170.419803,0
2016-12-23,sz.000058,11.2800,11.3700,11.1700,11.2000,11.1800,7407175,83479622.0000,1.376118,1,0.178886,118.246827,5.884595,11.402036,170.724669,0
2016-12-26,sz.000058,11.1000,11.2000,10.9500,11.2000,11.2000,4564324,50580300.0000,0.847968,1,0.000000,118.246827,5.884595,11.402036,170.724669,0
2016-12-27,sz.000058,11.2400,11.3100,11.1200,11.2900,11.2000,4910048,55109182.0000,0.912197,1,0.803573,119.197025,5.931882,11.493659,172.096563,0
2016-12-28,sz.000058,11.2400,11.4800,11.2400,11.2700,11.2900,6720514,76323422.0000,1.248549,1,-0.177144,118.985870,5.921374,11.473299,171.791698,0
2016-12-29,sz.000058,11.2300,11.2400,11.0400,11.0900,11.2700,4164878,46334282.0000,0.773758,1,-1.597163,117.085474,5.826800,11.290052,169.047908,0
2016-12-30,sz.000058,11.1700,11.1700,11.0000,11.0300,11.0900,2877536,31865146.0000,0.534594,1,-0.541032,116.452009,5.795275,11.228969,168.133312,0
2017-01-03,sz.000058,11.0600,11.1900,11.0600,11.1200,11.0300,2983713,33259804.0000,0.554325,1,0.815958,117.402207,5.842562,11.320593,169.505207,0
2017-01-04,sz.000058,11.1900,11.3800,11.0700,11.3000,11.1200,6120271,69008624.0000,1.137047,1,1.618708,119.302602,5.937136,11.503840,172.248996,0
2017-01-05,sz.000058,11.3500,11.5400,11.3000,11.4300,11.3000,9414025,107803859.0000,1.748973,1,1.150444,120.675110,6.005439,11.636185,174.230622,0
2017-01-06,sz.000058,11.4000,11.5500,11.3000,11.4600,11.4300,9513874,108848742.0000,1.767523,1,0.262465,120.991843,6.021202,11.666726,174.687920,0
2017-01-09,sz.000058,11.3700,11.6300,11.3300,11.6000,11.4600,9702494,111448716.0000,1.802566,1,1.221643,122.469928,6.094759,11.809252,176.821978,0
2017-01-10,sz.000058,11.6000,11.6400,11.3500,11.4500,11.6000,7378170,84529829.0000,1.370744,1,-1.293108,120.886265,6.015948,11.656546,174.535487,0
2017-01-11,sz.000058,11.3200,11.4200,11.0800,11.1400,11.4500,5764127,64635852.0000,1.070881,1,-2.707419,117.613362,5.853070,11.340954,169.810072,0
2017-01-12,sz.000058,11.1300,11.2500,10.9800,11.0200,11.1400,4497894,49927983.0000,0.835636,1,-1.077198,116.346432,5.790021,11.218789,167.980879,0
2017-01-13,sz.000058,10.9300,11.0600,10.8200,10.9400,11.0200,5166010,56468759.0000,0.959761,1,-0.725961,115.501811,5.747988,11.137346,166.761417,0
2017-01-16,sz.000058,10.9200,10.9700,10.0000,10.2700,10.9400,8161738,84557509.0000,1.516318,1,-6.124307,108.428117,5.395963,10.455260,156.548424,0
2017-01-17,sz.000058,10.1900,10.4700,10.0400,10.3600,10.2700,4128449,42240517.0000,0.766999,1,0.876331,109.378315,5.443250,10.546883,157.920318,0
2017-01-18,sz.000058,10.4500,10.4600,10.2000,10.2300,10.3600,3400232,34997939.0000,0.631708,1,-1.254827,108.005807,5.374947,10.414538,155.938693,0
2017-01-19,sz.000058,10.2000,10.2700,10.1000,10.1000,10.2300,3706249,37654290.0000,0.688561,1,-1.270764,106.633299,5.306644,10.282193,153.957067,0
2017-01-20,sz.000058,10.1700,10.3300,10.1000,10.2500,10.1000,3340465,34279849.0000,0.620604,1,1.485145,108.216962,5.385455,10.434899,156.243558,0
2017-01-23,sz.000058,10.3600,10.5000,10.3300,10.3800,10.2500,3564735,37058938.0000,0.662270,1,1.268294,109.589470,5.453759,10.567244,158.225184,0
2017-01-24,sz.000058,10.3400,10.4700,10.2800,10.3800,10.3800,3044901,31601695.0000,0.565693,1,0.000000,109.589470,5.453759,10.567244,158.225184,0
2017-01-25,sz.000058,10.3900,10.6000,10.3900,10.4400,10.3800,2988815,31355667.0000,0.555273,1,0.578030,110.222935,5.485283,10.628326,159.139780,0
2017-01-26,sz.000058,10.4600,10.5000,10.4000,10.4500,10.4400,2403503,25107348.0000,0.446532,1,0.095788,110.328513,5.490537,10.638507,159.292213,0
2017-02-03,sz.000058,10.4600,10.4800,10.3000,10.3200,10.4500,2630008,27216520.0000,0.488613,1,-1.244020,108.956005,5.422234,10.506162,157.310587,0
2017-02-06,sz.000058,10.3200,10.4300,10.3000,10.4300,10.3200,2801013,29112801.0000,0.520383,1,1.065897,110.117358,5.480029,10.618146,158.987348,0
2017-02-07,sz.000058,10.3900,10.5000,10.3200,10.4700,10.4300,2894123,30162971.0000,0.537681,1,0.383509,110.539668,5.501045,10.658868,159.597079,0
2017-02-08,sz.000058,10.4200,10.5600,10.3200,10.5200,10.4700,3969235,41359260.0000,0.737419,1,0.477557,111.067555,5.527316,10.709770,160.359242,0
2017-02-09,sz.000058,10.4800,10.5900,10.4600,10.5800,10.5200,5033956,53089011.0000,0.935227,1,0.570337,111.701020,5.558841,10.770852,161.273839,0
2017-02-10,sz.000058,10.5400,10.6200,10.4600,10.4700,10.5800,4823417,50741617.0000,0.896112,1,-1.039694,110.539668,5.501045,10.658868,159.597079,0
2017-02-13,sz.000058,10.4200,10.5300,10.3200,10.5000,10.4700,4355666,45497257.0000,0.809212,1,0.286530,110.856400,5.516808,10.689409,160.054377,0
2017-02-14,sz.000058,10.4800,10.5700,10.4600,10.5100,10.5000,5475252,57564835.0000,1.017213,1,0.095240,110.961978,5.522062,10.699589,160.206810,0
2017-02-15,sz.000058,10.4800,10.7700,10.3600,10.5100,10.5100,10733756,113296122.0000,1.994157,1,0.000000,110.961978,5.522062,10.699589,160.206810,0
2017-02-16,sz.000058,10.4800,10.5900,10.4700,10.5400,10.5100,6254905,65893104.0000,1.162060,1,0.285440,111.278710,5.537824,10.730130,160.664108,0
2017-02-17,sz.000058,10.5300,10.6600,10.3700,10.4000,10.5400,6934795,73023813.0000,1.288372,1,-1.328277,109.800625,5.464267,10.587605,158.530049,0
2017-02-20,sz.000058,10.3600,10.5500,10.3600,10.5400,10.4000,4762036,49930183.0000,0.884709,1,1.346157,111.278710,5.537824,10.730130,160.664108,0
2017-02-21,sz.000058,10.5400,10.6500,10.4600,10.6300,10.5400,6230127,65883042.0000,1.157456,1,0.853891,112.228908,5.585111,10.821754,162.036002,0
2017-02-22,sz.000058,10.6000,10.9400,10.5900,10.8200,10.6300,11650627,125284423.0000,2.164497,1,1.787390,114.234881,5.684939,11.015181,164.932224,0
2017-02-23,sz.000058,10.8100,10.9100,10.6300,10.8200,10.8200,10280354,110679569.0000,1.909923,1,0.000000,114.234881,5.684939,11.015181,164.932224,0
2017-02-24,sz.000058,10.7900,10.8400,10.6900,10.7600,10.8200,5093206,54899515.0000,0.946235,1,-0.554524,113.601416,5.653414,10.954099,164.017628,0
2017-02-27,sz.000058,10.6900,10.7900,10.5400,10.5700,10.7600,4876273,51915560.0000,0.905932,1,-1.765804,111.595443,5.553586,10.760671,161.121406,0
2017-02-28,sz.000058,10.5100,10.6200,10.5000,10.5900,10.5700,3438381,36272465.0000,0.638795,1,0.189219,111.806598,5.564095,10.781032,161.426271,0
2017-03-01,sz.000058,10.7000,10.8300,10.5800,10.6200,10.5900,6470570,69234562.0000,1.202127,1,0.283284,112.123331,5.579857,10.811573,161.883570,0
2017-03-02,sz.000058,10.5800,10.6400,10.3900,10.4600,10.6200,5692375,59925926.0000,1.057551,1,-1.506590,110.434090,5.495791,10.648687,159.444646,0
2017-03-03,sz.000058,10.4100,10.6200,10.4000,10.5200,10.4600,4152025,43634719.0000,0.771379,1,0.573618,174.874480,8.702690,16.862398,252.483626,0
2017-03-06,sz.000058,10.5800,10.7100,10.5400,10.6800,10.5200,5253872,55848756.0000,0.976084,1,1.520911,177.534168,8.835050,17.118861,256.323681,0
2017-03-07,sz.000058,10.6600,10.8600,10.6000,10.7500,10.6800,6283657,67360288.0000,1.167401,1,0.655428,178.697781,8.892958,17.231063,258.003705,0
2017-03-08,sz.000058,10.7500,10.7500,10.5700,10.6000,10.7500,3379233,35967332.0000,0.627807,1,-1.395345,176.204324,8.768870,16.990630,254.403654,0
2017-03-09,sz.000058,10.6300,10.6900,10.5200,10.5500,10.6000,3691295,39063405.0000,0.685783,1,-0.471700,175.373171,8.727508,16.910485,253.203636,0
2017-03-10,sz.000058,10.5200,10.7000,10.5100,10.6400,10.5500,4820120,51298886.0000,0.895500,1,0.853082,176.869246,8.801960,17.054745,255.363667,0
2017-03-13,sz.000058,10.5500,10.6400,10.5100,10.6100,10.6400,3624680,38363800.0000,0.673407,1,-0.281961,176.370554,8.777143,17.006659,254.643657,0
2017-03-14,sz.000058,10.6100,10.6500,10.5000,10.5200,10.6100,3920417,41352225.0000,0.728350,1,-0.848249,174.874480,8.702690,16.862398,252.483626,0
2017-03-15,sz.000058,10.4700,10.5700,10.4700,10.4900,10.5200,2687301,28260562.0000,0.499257,1,-0.285178,174.375789,8.677872,16.814312,251.763616,0
2017-03-16,sz.000058,10.5000,10.6100,10.5000,10.6100,10.4900,3896317,41096692.0000,0.723872,1,1.143946,176.370554,8.777143,17.006659,254.643657,0
2017-03-17,sz.000058,10.5900,10.7800,10.5300,10.7000,10.6100,10754761,114819272.0000,1.998060,1,0.848258,177.866629,8.851595,17.150919,256.803688,0
2017-03-20,sz.000058,10.6500,10.7600,10.6300,10.7500,10.7000,5518207,59006218.0000,1.025193,1,0.467292,178.697781,8.892958,17.231063,258.003705,0
2017-03-21,sz.000058,10.6900,10.8100,10.6500,10.6700,10.7500,3899727,41723880.0000,0.724506,1,-0.744185,177.367937,8.826778,17.102832,256.083678,0
2017-03-22,sz.000058,10.5900,10.6200,10.4000,10.5800,10.6700,6424042,67469473.0000,1.193483,1,-0.843488,175.871863,8.752325,16.958572,253.923647,0
2017-03-23,sz.000058,10.5200,10.6000,10.2800,10.4000,10.5800,4490270,46932573.0000,0.834219,1,-1.701326,172.879714,8.603420,16.670052,249.603585,0
2017-03-24,sz.000058,10.3500,10.4100,10.2700,10.3800,10.4000,3791782,39213730.0000,0.704451,1,-0.192303,172.547253,8.586875,16.637994,249.123578,0
2017-03-27,sz.000058,10.3800,10.4000,10.2800,10.3000,10.3800,3593016,37032375.0000,0.667524,1,-0.770712,171.217409,8.520695,16.509763,247.203550,0
2017-03-28,sz.000058,10.2700,10.3200,10.1500,10.1700,10.3000,3818434,39101266.0000,0.709403,1,-1.262137,169.056413,8.413152,16.301387,244.083505,0
2017-03-29,sz.000058,10.1700,10.2500,10.1200,10.1300,10.1700,2972341,30315366.0000,0.552213,1,-0.393313,168.391491,8.380062,16.237272,243.123492,0
2017-03-30,sz.000058,10.1500,10.1700,9.8300,9.9000,10.1300,5315249,53114193.0000,0.987487,1,-2.270489,164.568189,8.189794,15.868607,237.603412,0
2017-03-31,sz.000058,9.9500,10.0500,9.8600,10.0000,9.9000,3356664,33415697.0000,0.623614,1,1.010105,166.230494,8.272519,16.028896,240.003447,0
2017-04-05,sz.000058,9.9900,10.1200,9.9500,10.1000,10.0000,3002158,30205945.0000,0.557752,1,1.000004,167.892799,8.355244,16.189185,242.403481,0
2017-04-06,sz.000058,10.1100,10.1900,10.0600,10.0900,10.1000,2805635,28382208.0000,0.521241,1,-0.099012,167.726569,8.346972,16.173156,242.163478,0
2017-04-07,sz.000058,10.1600,10.2300,10.0800,10.1100,10.0900,3986710,40430734.0000,0.740666,1,0.198211,168.059030,8.363517,16.205214,242.643485,0
2017-04-10,sz.000058,10.1100,10.3700,9.9700,10.1400,10.1100,4961058,50363621.0000,0.921684,1,0.296743,168.557721,8.388334,16.253300,243.363495,0
2017-04-11,sz.000058,10.0800,10.2900,9.9900,10.2700,10.1400,7020035,71002728.0000,1.304208,1,1.282052,170.718718,8.495877,16.461676,246.483540,0
2017-04-12,sz.000058,10.3300,10.6700,10.3300,10.4900,10.2700,16188236,169953011.0000,3.007511,1,2.142155,174.375789,8.677872,16.814312,251.763616,0
2017-04-13,sz.000058,10.4300,10.4500,10.2600,10.2800,10.4900,6508388,67159995.0000,1.209153,1,-2.001907,170.884948,8.504150,16.477705,246.723543,0
2017-04-14,sz.000058,10.2600,10.3200,10.0000,10.0200,10.2800,5992424,60427880.0000,1.113295,1,-2.529176,166.562955,8.289064,16.060954,240.483454,0
2017-04-17,sz.000058,9.9600,10.0500,9.9000,9.9500,10.0200,3703528,36817893.0000,0.688055,1,-0.698609,165.399342,8.231156,15.948751,238.803430,0
2017-04-18,sz.000058,9.9600,10.0400,9.8400,9.8800,9.9500,2949323,29340430.0000,0.547936,1,-0.703515,113.501855,7.885466,16.044213,-127.131730,0
2017-04-19,sz.000058,9.8800,9.8800,9.5200,9.6200,9.8800,3866072,37184902.0000,0.718253,1,-2.631581,110.514964,7.677954,15.621997,-123.786158,0
2017-04-20,sz.000058,9.6200,9.6700,9.2900,9.3500,9.6200,4033504,37984814.0000,0.749359,1,-2.806648,107.413193,7.462460,15.183542,-120.311911,0
2017-04-21,sz.000058,9.3500,9.4100,9.3000,9.3600,9.3500,2074669,19401366.0000,0.385440,1,0.106944,107.528073,7.470442,15.199781,-120.440586,0
2017-04-24,sz.000058,9.3600,9.3600,8.8000,8.8300,9.3600,4107125,36765010.0000,0.763037,1,-5.662391,101.439411,7.047436,14.339109,-113.620767,0
2017-04-25,sz.000058,8.9200,8.9500,8.7500,8.7500,8.8300,3384692,30033952.0000,0.628821,1,-0.906001,100.520367,6.983586,14.209197,-112.591360,0
2017-04-26,sz.000058,8.7700,8.8100,8.6100,8.6800,8.7500,3321750,28875997.0000,0.617127,1,-0.799996,99.716205,6.927717,14.095523,-111.690629,0
2017-04-27,sz.000058,8.7100,8.8300,8.5600,8.7100,8.6800,4913499,42773587.0000,0.912848,1,0.345619,100.060846,6.951661,14.144240,-112.076657,0
2017-04-28,sz.000058,8.6600,8.7600,8.6400,8.7400,8.7100,4613200,40101264.0000,0.857058,1,0.344429,100.405487,6.975605,14.192958,-112.462684,0
2017-05-02,sz.000058,8.7500,8.7700,8.5700,8.6000,8.7400,4384879,37978703.0000,0.814639,1,-1.601824,222.107804,5.960219,16.646846,74.105038,0
2017-05-03,sz.000058,8.6200,8.7400,8.3700,8.5200,8.6000,9103141,77901066.0000,1.691216,1,-0.930232,220.041685,5.904775,16.491992,73.415689,0
2017-05-04,sz.000058,8.4500,8.5000,8.1700,8.2400,8.5200,8844842,73866996.0000,1.643228,1,-3.286393,212.810268,5.710722,15.950001,71.002967,0
2017-05-05,sz.000058,8.2000,8.2000,7.9400,7.9400,8.2400,7668923,61858881.0000,1.424761,1,-3.640773,205.062322,5.502807,15.369297,68.417907,0
2017-05-08,sz.000058,7.9300,7.9300,7.6800,7.6900,7.9400,9952125,77902024.0000,1.848943,1,-3.148615,198.605699,5.329545,14.885377,66.263691,0
2017-05-09,sz.000058,7.6900,7.8200,7.6600,7.8100,7.6900,5404475,41936866.0000,1.004064,1,1.560467,201.704878,5.412711,15.117659,67.297715,0
2017-05-10,sz.000058,7.8500,8.3300,7.8100,7.8800,7.8100,12919338,103550916.0000,2.400203,1,0.896289,203.512732,5.461224,15.253156,67.900896,0
2017-05-11,sz.000058,7.7800,7.8900,7.3700,7.7700,7.8800,8511367,65708683.0000,1.581274,1,-1.395941,200.671818,5.384989,15.040232,66.953040,0
2017-05-12,sz.000058,7.8200,7.8200,7.5100,7.7100,7.7700,5359043,41291963.0000,0.995623,1,-0.772200,199.122229,5.343406,14.924091,66.436029,0
2017-05-15,sz.000058,7.6700,7.7600,7.6300,7.6600,7.7100,3924705,30185655.0000,0.729146,1,-0.648511,197.830905,5.308753,14.827307,66.005185,0
2017-05-16,sz.000058,7.6800,7.9900,7.5500,7.9400,7.6600,7673759,59949867.0000,1.425660,1,3.655355,205.062322,5.502807,15.369297,68.417907,0
2017-05-17,sz.000058,7.9900,8.0900,7.9300,7.9700,7.9400,7141654,57242869.0000,1.326803,1,0.377830,205.837116,5.523599,15.427368,68.676413,0
2017-05-18,sz.000058,7.8900,8.0100,7.8200,7.8600,7.9700,5259422,41525457.0000,0.977115,1,-1.380171,202.996202,5.447363,15.214443,67.728558,0
2017-05-19,sz.000058,7.8700,8.0800,7.8400,8.0700,7.8600,6308464,50342955.0000,1.172010,1,2.671750,208.419765,5.592903,15.620936,69.538100,0
2017-05-22,sz.000058,8.0600,8.2100,7.8000,7.8400,8.0700,7488523,59966784.0000,1.391246,1,-2.850056,202.479673,5.433502,15.175729,67.556221,0
2017-05-23,sz.000058,7.7200,7.8100,7.4000,7.4500,7.8400,5784734,44011686.0000,1.074709,1,-4.974494,192.407342,5.163213,14.420814,64.195644,0
2017-05-24,sz.000058,7.3500,7.4900,7.2600,7.4600,7.4500,3961700,29236163.0000,0.736019,1,0.134231,192.665607,5.170144,14.440171,64.281812,0
2017-05-25,sz.000058,7.4600,7.5800,7.4200,7.5600,7.4600,3360749,25202323.0000,0.624373,1,1.340481,195.248256,5.239449,14.633739,65.143499,0
2017-05-26,sz.000058,7.6500,7.7400,7.6000,7.6100,7.5600,3988495,30555157.0000,0.740997,1,0.661378,196.539580,5.274101,14.730523,65.574342,0
2017-05-31,sz.000058,7.6800,7.7500,7.5900,7.5900,7.6100,3205200,24518620.0000,0.595474,1,-0.262812,196.023050,5.260240,14.691809,65.402005,0
2017-06-01,sz.000058,7.6400,7.6400,7.2800,7.2900,7.5900,3489283,25873591.0000,0.648252,1,-3.952572,188.275104,5.052325,14.111105,62.816945,0
2017-06-02,sz.000058,7.2800,7.4300,7.2300,7.4000,7.2900,2862189,21004727.0000,0.531748,1,1.508918,191.116018,5.128561,14.324030,63.764800,0
2017-06-05,sz.000058,7.4100,7.5200,7.3800,7.4400,7.4000,2373448,17687840.0000,0.440948,1,0.540540,192.149077,5.156283,14.401457,64.109475,0
2017-06-06,sz.000058,7.4400,7.5600,7.3700,7.5100,7.4400,2962900,22144018.0000,0.550459,1,0.940863,193.956931,5.204796,14.536955,64.712656,0
2017-06-07,sz.000058,7.4800,7.7200,7.4800,7.7100,7.5100,4951009,37747294.0000,0.919817,1,2.663113,199.122229,5.343406,14.924091,66.436029,0
2017-06-08,sz.000058,7.7100,7.9900,7.6700,7.8600,7.7100,9611409,75622111.0000,1.785643,1,1.945526,202.996202,5.447363,15.214443,67.728558,0
2017-06-09,sz.000058,7.8100,8.1800,7.7700,7.9500,7.8600,11359223,91006045.0000,2.110359,1,1.145034,205.320586,5.509738,15.388654,68.504076,0
2017-06-12,sz.000058,7.9800,7.9900,7.6700,7.7100,7.9500,5856134,45662284.0000,1.087974,1,-3.018865,199.122229,5.343406,14.924091,66.436029,0
2017-06-13,sz.000058,7.7300,7.8300,7.6600,7.8100,7.7100,3218721,25060230.0000,0.597986,1,1.297016,201.704878,5.412711,15.117659,67.297715,0
2017-06-14,sz.000058,7.8000,7.9400,7.7200,7.8400,7.8100,4571950,35775413.0000,0.849394,1,0.384126,202.479673,5.433502,15.175729,67.556221,0
2017-06-15,sz.000058,7.8000,7.9700,7.8000,7.9000,7.8400,5111594,40405884.0000,0.949651,1,0.765305,204.029262,5.475085,15.291870,68.073233,0
2017-06-16,sz.000058,7.9300,8.6900,7.8200,8.5400,7.9000,23799120,200269917.0000,4.421489,1,8.101264,220.558215,5.918636,16.530705,73.588026,0
2017-06-19,sz.000058,8.4500,8.5900,8.2600,8.4000,8.5400,17850109,150236031.0000,3.316260,1,-1.639348,216.942506,5.821610,16.259710,72.381665,0
2017-06-20,sz.000058,8.3800,8.7900,8.2400,8.5000,8.4000,15192158,127716255.0000,2.822456,1,1.190481,219.525155,5.890914,16.453278,73.243352,0
2017-06-21,sz.000058,8.4100,8.4600,8.1600,8.2400,8.5000,12274492,101933491.0000,2.280401,1,-3.058826,212.810268,5.710722,15.950001,71.002967,0
2017-06-22,sz.000058,8.2100,8.3100,8.0300,8.0400,8.2400,7059744,57842375.0000,1.311586,1,-2.427182,207.644970,5.572112,15.562865,69.279594,0
2017-06-23,sz.000058,8.0000,8.1200,7.9500,8.1000,8.0400,4612129,37074570.0000,0.856859,1,0.746274,209.194560,5.613695,15.679006,69.796606,0
2017-06-26,sz.000058,8.1400,8.3500,8.1000,8.2400,8.1000,5175000,42606733.0000,0.961431,1,1.728387,212.810268,5.710722,15.950001,71.002967,0
2017-06-27,sz.000058,8.2600,8.3300,8.1200,8.1800,8.2400,5592600,46020976.0000,1.039014,1,-0.728149,211.260679,5.669139,15.833860,70.485955,0
2017-06-28,sz.000058,8.1200,8.3000,8.0400,8.2000,8.1800,4566300,37216793.0000,0.848344,1,0.244493,211.777209,5.683000,15.872574,70.658292,0
2017-06-29,sz.000058,8.2000,8.2800,8.1100,8.1400,8.2000,4051326,33101314.0000,0.752670,1,-0.731701,210.227619,5.641417,15.756433,70.141280,0
2017-06-30,sz.000058,8.1000,8.1400,8.0400,8.0900,8.1400,3751793,30308551.0000,0.697008,1,-0.614253,208.936295,5.606764,15.659649,69.710437,0
2017-07-03,sz.000058,8.0800,8.1500,8.0700,8.1300,8.0900,2878000,23357176.0000,0.534675,1,0.494437,209.969354,5.634486,15.737076,70.055112,0
2017-07-04,sz.000058,8.1300,8.2000,8.0800,8.1300,8.1300,3823458,31082420.0000,0.710322,1,0.000000,209.969354,5.634486,15.737076,70.055112,0
2017-07-05,sz.000058,8.1600,8.2400,8.1100,8.2200,8.1300,5059277,41437984.0000,0.939912,1,1.107013,212.293738,5.696861,15.911288,70.830630,0
2017-07-06,sz.000058,8.1900,8.2300,8.1400,8.1800,8.2200,4903438,40078445.0000,0.910960,1,-0.486617,211.260679,5.669139,15.833860,70.485955,0
2017-07-07,sz.000058,8.1800,8.3000,8.1400,8.2500,8.1800,7263044,59939964.0000,1.349328,1,0.855742,213.068533,5.717652,15.969358,71.089136,0
2017-07-10,sz.000058,8.2000,8.6700,8.1800,8.4300,8.2500,15112486,126854102.0000,2.807597,1,2.181822,217.717301,5.842401,16.317780,72.640171,0
2017-07-11,sz.000058,8.3200,8.3800,8.1000,8.1600,8.4300,9883313,81530978.0000,1.836121,1,-3.202852,210.744149,5.655278,15.795147,70.313618,0
2017-07-12,sz.000058,8.1200,8.1600,7.8800,7.9400,8.1600,6962800,55671115.0000,1.293549,1,-2.696076,205.062322,5.502807,15.369297,68.417907,0
2017-07-13,sz.000058,7.9000,7.9900,7.8700,7.9200,7.9400,3642024,28869942.0000,0.676615,1,-0.251889,204.545792,5.488946,15.330584,68.245570,0
2017-07-14,sz.000058,7.9100,7.9100,7.7800,7.8300,7.9200,4044719,31679954.0000,0.751428,1,-1.136366,202.221408,5.426572,15.156372,67.470052,0
2017-07-17,sz.000058,7.8000,7.8100,7.1400,7.2100,7.8300,7305500,53970997.0000,1.357215,1,-7.918262,186.208985,4.996882,13.956251,62.127596,0
2017-07-18,sz.000058,7.1400,7.3100,7.1400,7.3000,7.2100,3186392,23053581.0000,0.591968,1,1.248268,188.533369,5.059256,14.130462,62.903114,0
2017-07-19,sz.000058,7.2700,7.4500,7.2500,7.3900,7.3000,3299601,24226284.0000,0.613000,1,1.232872,190.857753,5.121630,14.304673,63.678632,0
2017-07-20,sz.000058,7.4900,7.6700,7.4300,7.4600,7.3900,4885300,36902189.0000,0.907591,1,0.947228,192.665607,5.170144,14.440171,64.281812,0
2017-07-21,sz.000058,7.3900,7.5200,7.3800,7.4500,7.4600,2897373,21550232.0000,0.538274,1,-0.134051,192.407342,5.163213,14.420814,64.195644,0
2017-07-24,sz.000058,7.4400,7.5700,7.3800,7.5200,7.4500,2983557,22324502.0000,0.554285,1,0.939600,194.215196,5.211727,14.556312,64.798824,0
2017-07-25,sz.000058,7.4900,7.5400,7.3500,7.3800,7.5200,3267304,24299742.0000,0.607000,1,-1.861700,190.599488,5.114700,14.285317,63.592463,0
2017-07-26,sz.000058,7.4200,7.4300,7.2900,7.3800,7.3800,2995302,22026145.0000,0.556467,1,0.000000,190.599488,5.114700,14.285317,63.592463,0
2017-07-27,sz.000058,7.3800,7.5600,7.3500,7.5400,7.3800,4493665,33643123.0000,0.834833,1,2.168020,194.731726,5.225588,14.595025,64.971162,0
2017-07-28,sz.000058,7.5600,7.6500,7.5200,7.5300,7.5400,3411386,25803124.0000,0.633767,1,-0.132623,194.473461,5.218657,14.575669,64.884993,0
2017-07-31,sz.000058,7.5800,7.6200,7.5000,7.6000,7.5300,2948117,22291352.0000,0.547701,1,0.929611,196.281315,5.267171,14.711166,65.488173,0
2017-08-01,sz.000058,7.6100,7.6200,7.4800,7.5500,7.6000,3945116,29732746.0000,0.732923,1,-0.657891,194.989991,5.232518,14.614382,65.057330,0
2017-08-02,sz.000058,7.5500,7.5500,7.4000,7.4000,7.5500,3864500,28777176.0000,0.717947,1,-1.986756,191.116018,5.128561,14.324030,63.764800,0
2017-08-03,sz.000058,7.4000,7.4700,7.3300,7.4400,7.4000,2863800,21272806.0000,0.532037,1,0.540540,192.149077,5.156283,14.401457,64.109475,0
2017-08-04,sz.000058,7.4400,7.5400,7.4000,7.4700,7.4400,3850476,28809172.0000,0.715341,1,0.403222,192.923872,5.177074,14.459528,64.367981,0
2017-08-07,sz.000058,7.4700,7.5600,7.4500,7.5200,7.4700,3015861,22660397.0000,0.560286,1,0.669347,194.215196,5.211727,14.556312,64.798824,0
2017-08-08,sz.000058,7.5200,7.6100,7.4800,7.5600,7.5200,3418320,25788797.0000,0.635055,1,0.531914,195.248256,5.239449,14.633739,65.143499,0
2017-08-09,sz.000058,7.5200,7.8000,7.4700,7.6400,7.5600,6440812,48951622.0000,1.196574,1,1.058200,197.314375,5.294892,14.788593,65.832848,0
2017-08-10,sz.000058,7.5800,7.6000,7.4700,7.4900,7.6400,4904421,36901427.0000,0.911143,1,-1.963352,193.440402,5.190935,14.498241,64.540318,0
2017-08-11,sz.000058,7.4900,7.5400,7.3800,7.4500,7.4900,3247620,24233307.0000,0.603343,1,-0.534045,192.407342,5.163213,14.420814,64.195644,0
2017-08-14,sz.000058,7.4700,7.6400,7.4500,7.6000,7.4500,3808406,28750380.0000,0.707525,1,2.013424,196.281315,5.267171,14.711166,65.488173,0
2017-08-15,sz.000058,7.6500,7.6700,7.5000,7.5500,7.6000,3701100,27987292.0000,0.687590,1,-0.657891,194.989991,5.232518,14.614382,65.057330,0
2017-08-16,sz.000058,7.5500,7.6400,7.5300,7.6300,7.5500,4316132,32747875.0000,0.801851,1,1.059602,197.056110,5.287962,14.769237,65.746679,0
2017-08-17,sz.000058,7.6000,7.7500,7.5800,7.7100,7.6000,6720509,51598645.0000,1.248536,1,1.447370,199.122229,5.343406,14.924091,66.436029,0
2017-08-18,sz.000058,7.6600,7.7400,7.6300,7.6800,7.7100,4707268,36172396.0000,0.874516,1,-0.389108,198.347434,5.322614,14.866021,66.177523,0
2017-08-21,sz.000058,7.7400,7.8500,7.6800,7.7900,7.6800,5602069,43515990.0000,1.040752,1,1.432293,201.188348,5.398850,15.078945,67.125378,0
2017-08-22,sz.000058,7.8300,7.8800,7.6900,7.7200,7.7900,5915094,46111084.0000,1.098906,1,-0.898590,199.380494,5.350336,14.943448,66.522197,0
2017-08-23,sz.000058,7.7000,7.7100,7.6000,7.6300,7.7200,3712310,28424537.0000,0.689673,1,-1.165799,197.056110,5.287962,14.769237,65.746679,0
2017-08-24,sz.000058,7.6200,7.7000,7.6000,7.6200,7.6300,2946000,22527798.0000,0.547308,1,-0.131065,196.797845,5.281031,14.749880,65.660511,0
2017-08-25,sz.000058,7.6000,7.7200,7.6000,7.6900,7.6200,3536560,27147758.0000,0.657022,1,0.918637,198.605699,5.329545,14.885377,66.263691,0
2017-08-28,sz.000058,7.7100,7.7700,7.6800,7.7500,7.6900,4483089,34657664.0000,0.832868,1,0.780233,200.155289,5.371128,15.001518,66.780703,0
2017-08-29,sz.000058,7.7500,7.8000,7.6400,7.6700,7.7500,4339810,33399811.0000,0.806250,1,-1.032257,179.988878,5.283539,15.480777,-27.783572,0
2017-08-30,sz.000058,7.6600,7.8800,7.6500,7.7500,7.6700,7601022,59158361.0000,1.412117,1,1.043024,181.866206,5.338648,15.642245,-28.073361,0
2017-08-31,sz.000058,7.7000,7.7400,7.6300,7.6800,7.7500,4891725,37491205.0000,0.908784,1,-0.903228,180.223544,5.290428,15.500960,-27.819795,0
2017-09-01,sz.000058,7.6900,7.6900,7.6100,7.6700,7.6800,4083996,31180874.0000,0.758725,1,-0.130205,179.988878,5.283539,15.480777,-27.783572,0
2017-09-04,sz.000058,7.6300,7.6700,7.6100,7.6600,7.6700,3998201,30518537.0000,0.742786,1,-0.130381,179.754212,5.276651,15.460593,-27.747348,0
2017-09-05,sz.000058,7.6900,7.7600,7.6900,7.7500,7.6600,5827501,45043890.0000,1.082633,1,1.174937,181.866206,5.338648,15.642245,-28.073361,0
2017-09-06,sz.000058,7.7400,7.8600,7.6600,7.8400,7.7500,7761117,60343236.0000,1.441860,1,1.161292,183.978201,5.400645,15.823897,-28.399374,0
2017-09-07,sz.000058,7.8200,8.3000,7.7900,8.1500,7.8400,26430661,214167410.0000,4.910287,1,3.954075,191.252849,5.614191,16.449587,-29.522309,0
2017-09-08,sz.000058,8.0900,8.5000,7.9000,8.3800,8.1500,26710376,219727727.0000,4.962252,1,2.822092,196.650169,5.772628,16.913808,-30.355454,0
2017-09-11,sz.000058,8.3100,8.3300,8.0800,8.2300,8.3800,12890736,105658507.0000,2.394840,1,-1.789983,193.130178,5.669300,16.611055,-29.812098,0
2017-09-12,sz.000058,8.1300,8.2000,8.0000,8.1300,8.2300,9716563,78547264.8100,1.805142,1,-1.215060,190.783517,5.600414,16.409220,-29.449861,0
2017-09-13,sz.000058,8.1200,8.1800,8.0200,8.1500,8.1300,6997128,56787962.4100,1.299926,1,0.245996,191.252849,5.614191,16.449587,-29.522309,0
2017-09-14,sz.000058,8.0900,8.1500,7.9800,7.9900,8.1500,5961236,48055940.7200,1.107478,1,-1.963188,187.498192,5.503974,16.126650,-28.942730,0
2017-09-15,sz.000058,8.0500,8.0900,8.0000,8.0600,7.9900,4579086,36786083.4600,0.850702,1,0.876103,189.140855,5.552194,16.267935,-29.196295,0
2017-09-18,sz.000058,8.0600,8.1500,7.9800,8.0300,8.0600,4462400,35866797.0000,0.829024,1,-0.372217,188.436856,5.531528,16.207384,-29.087624,0
2017-09-19,sz.000058,8.0100,8.0500,7.9200,7.9800,8.0300,4076520,32567304.8400,0.757336,1,-0.622661,187.263526,5.497085,16.106466,-28.906506,0
2017-09-20,sz.000058,7.9900,8.0100,7.8800,7.9900,7.9800,5019688,39894272.9800,0.932557,1,0.125310,187.498192,5.503974,16.126650,-28.942730,0
2017-09-21,sz.000058,7.9700,7.9900,7.8700,7.8800,7.9900,4283800,34024296.0000,0.795844,1,-1.376717,184.916865,5.428200,15.904631,-28.544269,0
2017-09-22,sz.000058,7.8600,7.8700,7.7400,7.7800,7.8800,5028174,39145855.3800,0.934134,1,-1.269034,182.570205,5.359314,15.702796,-28.182032,0
2017-09-25,sz.000058,7.8000,7.8300,7.7100,7.7300,7.7800,3040249,23665472.0100,0.564817,1,-0.642676,181.396874,5.324871,15.601878,-28.000914,0
2017-09-26,sz.000058,7.7500,7.8500,7.7500,7.8300,7.7300,2712219,21193222.0000,0.503876,1,1.293660,183.743535,5.393757,15.803713,-28.363151,0
2017-09-27,sz.000058,7.8300,7.8900,7.8300,7.8600,7.8300,2454042,19306180.6200,0.455912,1,0.383144,184.447533,5.414422,15.864264,-28.471822,0
2017-09-28,sz.000058,7.8700,7.8700,7.7500,7.7600,7.8600,2270500,17701690.0000,0.421813,1,-1.272263,182.100872,5.345537,15.662429,-28.109585,0
2017-09-29,sz.000058,7.7600,8.5400,7.7600,8.5400,7.7600,33839990,284564203.0300,6.286791,1,10.051540,200.404826,5.882846,17.236745,-30.935033,0
2017-10-09,sz.000058,9.0400,9.0400,8.5900,8.7100,8.5400,44396356,390729711.6500,8.247952,1,1.990633,204.394149,5.999952,17.579865,-31.550835,0
2017-10-10,sz.000058,8.7200,8.7700,8.5300,8.5900,8.7100,18277792,157328225.7300,3.395647,1,-1.377725,201.578156,5.917289,17.337662,-31.116151,0
2017-10-11,sz.000058,8.5300,8.7500,8.4400,8.4600,8.5900,18075201,155109820.1800,3.358010,1,-1.513389,198.527497,5.827737,17.075276,-30.645243,0
2017-10-12,sz.000058,8.3000,8.7600,8.3000,8.6700,8.4600,16943930,144975069.9900,3.147842,1,2.482270,203.455485,5.972397,17.499131,-31.405941,0
2017-10-13,sz.000058,8.6100,8.6200,8.4600,8.4700,8.6700,9363128,79629799.7900,1.739481,1,-2.306803,198.762164,5.834626,17.095460,-30.681467,0
2017-10-16,sz.000058,8.4300,8.4300,8.0900,8.1300,8.4700,11326901,93321689.8200,2.104311,1,-4.014169,190.783517,5.600414,16.409220,-29.449861,0
2017-10-17,sz.000058,8.1100,8.3400,8.1100,8.2500,8.1300,6842464,56256997.0000,1.271193,1,1.476013,193.599510,5.683077,16.651422,-29.884546,0
2017-10-18,sz.000058,8.2100,8.2800,8.0200,8.0400,8.2500,5389960,43929320.7700,1.001346,1,-2.545455,188.671522,5.538417,16.227568,-29.123848,0
2017-10-19,sz.000058,7.9200,8.0400,7.8400,7.9600,8.0400,6339400,50310259.0000,1.177733,1,-0.995024,186.794194,5.483308,16.066099,-28.834059,0
2017-10-20,sz.000058,7.9600,8.3300,7.9400,8.2400,7.9600,6496090,52880007.3200,1.206843,1,3.517585,193.364844,5.676188,16.631239,-29.848322,0
2017-10-23,sz.000058,8.2000,8.7500,8.1600,8.6200,8.2400,19035763,162006594.7500,3.536463,1,4.611652,202.282155,5.937954,17.398213,-31.224822,0
2017-10-24,sz.000058,8.6300,8.6500,8.3600,8.4700,8.6200,8785320,74497813.6900,1.632136,1,-1.740135,198.762164,5.834626,17.095460,-30.681467,0
2017-10-25,sz.000058,8.4300,8.7900,8.4300,8.5800,8.4700,12221529,105551818.6300,2.270515,1,1.298697,201.343490,5.910400,17.317479,-31.079927,0
2017-10-26,sz.000058,8.6000,8.6200,8.3900,8.4800,8.5800,6830649,57964786.6000,1.268998,1,-1.165506,198.996830,5.841514,17.115644,-30.717691,0
2017-10-27,sz.000058,8.4600,8.4800,8.2800,8.3200,8.4800,4401754,36840869.2300,0.817758,1,-1.886791,195.242172,5.731297,16.792707,-30.138111,0
2017-10-30,sz.000058,8.2500,8.3500,8.0000,8.1100,8.3200,4828683,39319678.4500,0.897072,1,-2.524039,190.314185,5.586637,16.368852,-29.377414,0
2017-10-31,sz.000058,8.1100,8.8000,8.1100,8.6100,8.1100,15636372,133813424.4300,2.904924,1,6.165228,320.539378,5.990468,18.539146,-20.245279,0
2017-11-01,sz.000058,8.6400,8.6900,8.4800,8.6600,8.6100,11277530,96890010.2500,2.095139,1,0.580722,322.400814,6.025256,18.646807,-20.362847,0
2017-11-02,sz.000058,8.7000,8.7400,8.3100,8.3400,8.6600,8886879,75404326.2600,1.651004,1,-3.695147,310.487620,5.802614,17.957779,-19.610409,0
2017-11-03,sz.000058,8.2700,8.9700,8.2500,8.8200,8.3400,20123793,175241431.0000,3.738597,1,5.755390,328.357411,6.136577,18.991320,-20.739066,0
2017-11-06,sz.000058,8.7400,9.0000,8.6800,9.0000,8.8200,19760318,175391465.4900,3.671071,1,2.040820,335.058583,6.261813,19.378898,-21.162312,0
2017-11-07,sz.000058,9.0000,9.0300,8.7500,8.9200,9.0000,11723776,103715809.7800,2.178042,1,-0.888888,332.080284,6.206153,19.206642,-20.974203,0
2017-11-08,sz.000058,8.8700,8.8700,8.6700,8.7100,8.9200,10635693,93061564.7700,1.975898,1,-2.354260,324.262251,6.060044,18.754467,-20.480416,0
2017-11-09,sz.000058,8.7300,9.1800,8.7100,9.0800,8.7100,20641718,185741495.5000,3.834817,1,4.247990,338.036881,6.317474,19.551155,-21.350422,0
2017-11-10,sz.000058,8.9700,9.0000,8.7900,8.8800,9.0800,15091676,134149470.0100,2.803731,1,-2.202641,330.591135,6.178322,19.120513,-20.880148,0
2017-11-13,sz.000058,8.8800,8.8800,8.8800,8.8800,8.8800,0,0.0000,,0,0.000000,330.591135,6.178322,19.120513,-20.880148,0
2017-11-14,sz.000058,8.8800,8.8800,8.8800,8.8800,8.8800,0,0.0000,,0,0.000000,330.591135,6.178322,19.120513,-20.880148,0
2017-11-15,sz.000058,9.0700,9.5000,8.8800,8.9000,8.8800,20703563,188756495.0000,3.846307,1,0.225220,331.335710,6.192237,19.163577,-20.927176,0
2017-11-16,sz.000058,8.7800,8.8300,8.6000,8.7300,8.9000,9296837,80993100.5700,1.727166,1,-1.910113,325.006825,6.073959,18.797531,-20.527443,0
2017-11-17,sz.000058,8.6700,9.0600,8.5800,8.6600,8.7300,12900570,113788148.0000,2.396667,1,-0.801829,322.400814,6.025256,18.646807,-20.362847,0
2017-11-20,sz.000058,8.6500,8.6500,8.0000,8.4900,8.6600,8244269,68913124.9000,1.531620,1,-1.963049,316.071930,5.906977,18.280761,-19.963115,0
2017-11-21,sz.000058,8.5300,8.5500,8.2500,8.4500,8.4900,8713848,72996884.0600,1.618858,1,-0.471142,314.582780,5.879147,18.194632,-19.869060,0
2017-11-22,sz.000058,8.4400,9.1600,8.3100,8.9700,8.4500,15621896,136647113.6300,2.902235,1,6.153852,333.941721,6.240940,19.314302,-21.091771,0
2017-11-23,sz.000058,8.8500,9.1000,8.7500,8.9500,8.9700,15965757,142675111.4100,2.966117,1,-0.222970,333.197146,6.227025,19.271238,-21.044744,0
2017-11-24,sz.000058,8.8400,9.3000,8.8100,9.2700,8.9500,15753160,143513094.0000,2.926621,1,3.575426,345.110340,6.449668,19.960265,-21.797182,0
2017-11-27,sz.000058,9.2600,9.4200,8.9700,8.9700,9.2700,11117150,101902382.0000,2.065343,1,-3.236248,333.941721,6.240940,19.314302,-21.091771,0
2017-11-28,sz.000058,8.9500,9.4200,8.8800,9.4000,8.9700,15863131,146012656.5500,2.947051,1,4.793750,349.950075,6.540116,20.240183,-22.102860,0
2017-11-29,sz.000058,9.3300,9.4000,9.1600,9.2700,9.4000,12259463,113394785.9400,2.277562,1,-1.382970,345.110340,6.449668,19.960265,-21.797182,0
2017-11-30,sz.000058,9.3200,9.3200,8.9900,9.0300,9.2700,9807792,89259727.1200,1.822091,1,-2.589005,336.175445,6.282686,19.443495,-21.232853,0
2017-12-01,sz.000058,9.0000,9.2600,8.9700,9.1000,9.0300,9371824,85594212.5000,1.741097,1,0.775201,338.781456,6.331389,19.594220,-21.397449,0
2017-12-04,sz.000058,9.0300,9.0800,8.6100,8.6800,9.1000,10979965,97142048.8700,2.039857,1,-4.615385,323.145389,6.039171,18.689871,-20.409875,0
2017-12-05,sz.000058,8.7400,8.8800,8.5300,8.5900,8.6800,7629284,66384026.3000,1.417368,1,-1.036868,319.794803,5.976553,18.496082,-20.198251,0
2017-12-06,sz.000058,8.5900,8.9300,8.5300,8.9200,8.5900,7814422,68058188.8500,1.451763,1,3.841676,332.080284,6.206153,19.206642,-20.974203,0
2017-12-07,sz.000058,8.8500,9.0000,8.5600,8.6500,8.9200,9495807,83653178.5200,1.764130,1,-3.026911,322.028527,6.018298,18.625275,-20.339333,0
2017-12-08,sz.000058,8.6200,8.8000,8.5700,8.7000,8.6500,7852481,68199465.6800,1.458833,1,0.578037,323.889963,6.053086,18.732935,-20.456902,0
2017-12-11,sz.000058,8.6800,8.8100,8.5200,8.6600,8.7000,10588983,91440585.7300,1.967221,1,-0.459770,322.400814,6.025256,18.646807,-20.362847,0
2017-12-12,sz.000058,8.5900,8.6300,8.2700,8.2700,8.6600,11383107,95602978.8100,2.114753,1,-4.503457,307.881609,5.753911,17.807054,-19.445814,0
2017-12-13,sz.000058,8.2800,8.4000,8.2200,8.2800,8.2700,6970268,57734326.5900,1.294936,1,0.120910,308.253896,5.760868,17.828587,-19.469327,0
2017-12-14,sz.000058,8.2600,8.3200,8.1600,8.2300,8.2800,5443571,44683667.9000,1.011306,1,-0.603867,306.392460,5.726080,17.720926,-19.351759,0
2017-12-15,sz.000058,8.2000,8.2900,8.1600,8.2500,8.2300,4827769,39734693.0400,0.896903,1,0.243019,307.137034,5.739995,17.763990,-19.398786,0
2017-12-18,sz.000058,8.1700,8.2400,7.8300,7.9100,8.2500,7501603,59924398.6400,1.393647,1,-4.121214,294.479266,5.503438,17.031899,-18.599321,0
2017-12-19,sz.000058,7.9000,7.9700,7.7600,7.8300,7.9100,6341801,49767661.7700,1.178179,1,-1.011377,291.500967,5.447777,16.859642,-18.411212,0
2017-12-20,sz.000058,7.8300,7.8600,7.4100,7.5300,7.8300,7989491,60893863.7000,1.484287,1,-3.831414,280.332348,5.239050,16.213678,-17.705801,0
2017-12-21,sz.000058,7.5200,7.6200,7.3500,7.5900,7.5300,5010321,37581353.3700,0.930817,1,0.796812,282.566071,5.280796,16.342871,-17.846883,0
2017-12-22,sz.000058,7.5300,7.7700,7.4900,7.6800,7.5900,4390761,33537117.4000,0.815715,1,1.185766,285.916657,5.343414,16.536660,-18.058507,0
2017-12-25,sz.000058,7.6400,7.7300,7.4600,7.4700,7.6800,3488575,26445672.6900,0.648107,1,-2.734375,278.098624,5.197305,16.084486,-17.564719,0
2017-12-26,sz.000058,7.4700,7.5300,7.3500,7.5100,7.4700,2756300,20521337.0000,0.512065,1,0.535481,279.587773,5.225135,16.170614,-17.658774,0
2017-12-27,sz.000058,7.5200,7.5200,7.3300,7.3300,7.5100,3680200,27278402.0000,0.683707,1,-2.396808,272.886601,5.099899,15.783036,-17.235528,0
2017-12-28,sz.000058,7.3000,7.3900,7.2600,7.2700,7.3300,3214678,23524844.9600,0.597223,1,-0.818553,270.652877,5.058153,15.653844,-17.094446,0
2017-12-29,sz.000058,7.2700,7.4200,7.2700,7.4000,7.2700,2513121,18488564.4900,0.466887,1,1.788172,275.492612,5.148602,15.933761,-17.400123,0
2018-01-02,sz.000058,7.3800,7.5000,7.3800,7.4600,7.4000,2800775,20888438.7500,0.520328,1,0.810810,277.726336,5.190347,16.062954,-17.541206,0
2018-01-03,sz.000058,7.4600,7.5800,7.4100,7.5200,7.4600,3501231,26343353.8100,0.650458,1,0.804289,279.960060,5.232093,16.192146,-17.682288,0
2018-01-04,sz.000058,7.5200,7.5800,7.4900,7.5400,7.5200,3320400,24998149.0000,0.616864,1,0.265957,280.704635,5.246008,16.235210,-17.729315,0
2018-01-05,sz.000058,7.5100,7.5300,7.4000,7.4600,7.5400,4830428,36013701.3200,0.897397,1,-1.061007,277.726336,5.190347,16.062954,-17.541206,0
2018-01-08,sz.000058,7.4600,7.4900,7.3400,7.4400,7.4600,3764301,27839894.4000,0.699332,1,-0.268096,276.981762,5.176432,16.019889,-17.494178,0
2018-01-09,sz.000058,7.4400,7.4500,7.3000,7.3700,7.4400,3817876,28108065.6000,0.709285,1,-0.940863,274.375751,5.127729,15.869165,-17.329582,0
2018-01-10,sz.000058,7.3700,7.4400,7.3000,7.4000,7.3700,3509864,25858609.6000,0.652062,1,0.407058,275.492612,5.148602,15.933761,-17.400123,0
2018-01-11,sz.000058,7.3800,7.5400,7.3100,7.5400,7.4000,5205556,38815273.5700,0.967088,1,1.891890,280.704635,5.246008,16.235210,-17.729315,0
2018-01-12,sz.000058,7.5000,7.7900,7.4700,7.6900,7.5400,9104900,69765453.9600,1.691508,1,1.989391,286.288945,5.350371,16.558192,-18.082020,0
2018-01-15,sz.000058,7.6200,7.6600,7.3500,7.4200,7.6900,5143379,38661428.4400,0.955537,1,-3.511053,276.237187,5.162517,15.976825,-17.447151,0
2018-01-16,sz.000058,7.4200,7.6000,7.3700,7.5600,7.4200,3906702,29171924.6400,0.725787,1,1.886791,281.449210,5.259923,16.278275,-17.776342,0
2018-01-17,sz.000058,7.5000,7.5500,7.3500,7.4500,7.5600,4614225,34331036.2600,0.857230,1,-1.455028,277.354049,5.183390,16.041421,-17.517692,0
2018-01-18,sz.000058,7.4000,7.6500,7.4000,7.5800,7.4500,5694992,42987293.7200,1.058015,1,1.744968,282.193784,5.273838,16.321339,-17.823370,0
2018-01-19,sz.000058,8.2700,8.3100,7.7600,7.8000,7.5800,22001471,175690988.5200,4.087432,1,2.902378,290.384105,5.426905,16.795045,-18.340671,0
2018-01-22,sz.000058,7.6600,7.9200,7.6600,7.7400,7.8000,9889400,76688590.4300,1.837252,1,-0.769236,288.150381,5.385159,16.665853,-18.199589,0
2018-01-23,sz.000058,7.6300,7.6600,7.5200,7.5800,7.7400,6760383,51234465.6700,1.255944,1,-2.067182,282.193784,5.273838,16.321339,-17.823370,0
2018-01-24,sz.000058,7.5300,7.6200,7.4800,7.5400,7.5800,4861617,36622292.5300,0.903191,1,-0.527704,280.704635,5.246008,16.235210,-17.729315,0
2018-01-25,sz.000058,7.5400,7.6400,7.5200,7.5300,7.5400,4197043,31801482.6100,0.779726,1,-0.132623,280.332348,5.239050,16.213678,-17.705801,0
2018-01-26,sz.000058,7.5200,7.5200,7.3500,7.4200,7.5300,5104979,37976677.3400,0.948403,1,-1.460825,276.237187,5.162517,15.976825,-17.447151,0
2018-01-29,sz.000058,7.4100,7.4500,7.2800,7.2900,7.4200,4540229,33361259.4100,0.843483,1,-1.752023,271.397452,5.072069,15.696908,-17.141473,0
2018-01-30,sz.000058,7.3000,7.3600,7.2700,7.3200,7.2900,2486716,18177702.6400,0.461982,1,0.411525,272.514314,5.092941,15.761504,-17.212014,0
2018-01-31,sz.000058,7.2800,7.3200,7.0200,7.0500,7.3200,4766041,33889043.0300,0.885435,1,-3.688524,262.462556,4.905087,15.180137,-16.577145,0
2018-02-01,sz.000058,7.0800,7.0800,6.5000,6.5500,7.0500,8163098,54569972.0500,1.516540,1,-7.092199,243.848191,4.557208,14.103532,-15.401461,0
2018-02-02,sz.000058,6.5400,6.5500,6.1000,6.3400,6.5500,3828794,24217722.2700,0.711313,1,-3.206107,236.030157,4.411099,13.651357,-14.907673,0
2018-02-05,sz.000058,6.3000,6.4000,6.1800,6.3700,6.3400,2302886,14497941.7700,0.427830,1,0.473182,237.147019,4.431972,13.715954,-14.978214,0
2018-02-06,sz.000058,6.3100,6.3100,5.9500,5.9500,6.3700,4139742,25432426.9400,0.769081,1,-6.593408,221.510952,4.139754,12.811605,-13.990640,0
2018-02-07,sz.000058,6.1100,6.1700,5.8100,6.0100,5.9500,2630054,15801615.0600,0.488611,1,1.008410,223.744676,4.181500,12.940798,-14.131722,0
2018-02-08,sz.000058,6.0000,6.1500,5.9800,6.0800,6.0100,1565300,9536423.0000,0.290801,1,1.164720,226.350687,4.230203,13.091523,-14.296318,0
2018-02-09,sz.000058,5.9600,5.9800,5.8300,5.8900,6.0800,2556735,15091224.5100,0.474990,1,-3.125001,219.277228,4.098009,12.682412,-13.849558,0
2018-02-12,sz.000058,5.9800,6.1500,5.9600,6.0800,5.8900,2065074,12486679.2000,0.383649,1,3.225807,226.350687,4.230203,13.091523,-14.296318,0
2018-02-13,sz.000058,6.1100,6.1800,6.0600,6.0700,6.0800,2045600,12523320.0000,0.380031,1,-0.164470,225.978400,4.223245,13.069990,-14.272804,0
2018-02-14,sz.000058,6.1300,6.1300,6.0400,6.0900,6.0700,936700,5698893.0000,0.174020,1,0.329489,226.722974,4.237160,13.113055,-14.319831,0
2018-02-22,sz.000058,6.1800,6.2000,6.1200,6.1800,6.0900,1376902,8498581.3000,0.255801,1,1.477827,230.073560,4.299778,13.306844,-14.531454,0
2018-02-23,sz.000058,6.1800,6.2500,6.1500,6.2000,6.1800,2139232,13268431.4400,0.397426,1,0.323624,230.818135,4.313693,13.349908,-14.578482,0
2018-02-26,sz.000058,6.2300,6.3400,6.2200,6.3200,6.2000,2334886,14673453.6300,0.433775,1,1.935490,235.285583,4.397184,13.608293,-14.860646,0
2018-02-27,sz.000058,6.3500,6.4400,6.2800,6.3300,6.3200,2281001,14491667.3100,0.423764,1,0.158224,235.657870,4.404142,13.629825,-14.884160,0
2018-02-28,sz.000058,6.3000,6.3800,6.2100,6.3500,6.3300,2143903,13545126.1000,0.398294,1,0.315956,236.402445,4.418057,13.672889,-14.931187,0
2018-03-01,sz.000058,6.3000,6.4400,6.3000,6.4400,6.3500,2891451,18476978.5900,0.537174,1,1.417325,239.753030,4.480675,13.866678,-15.142810,0
2018-03-02,sz.000058,6.4000,6.6800,6.3700,6.5000,6.4400,4874550,31868098.0000,0.905594,1,0.931676,241.986754,4.522421,13.995871,-15.283892,0
2018-03-05,sz.000058,6.4900,6.5300,6.3800,6.4600,6.5000,2986500,19228437.0000,0.554832,1,-0.615384,240.497605,4.494590,13.909743,-15.189837,0
2018-03-06,sz.000058,6.4600,6.7900,6.4200,6.6700,6.4600,5988180,39847946.9200,1.112484,1,3.250775,248.315639,4.640699,14.361917,-15.683625,0
2018-03-07,sz.000058,6.7000,6.8800,6.5300,6.7000,6.6700,8173640,55005078.5700,1.518498,1,0.449771,249.432500,4.661572,14.426513,-15.754166,0
2018-03-08,sz.000058,6.6600,6.8100,6.6000,6.7000,6.7000,4324527,28952281.9100,0.803410,1,0.000000,249.432500,4.661572,14.426513,-15.754166,0
2018-03-09,sz.000058,6.7000,6.7500,6.6000,6.7300,6.7000,4792789,32018031.2400,0.890404,1,0.447764,250.549362,4.682445,14.491110,-15.824707,0
2018-03-12,sz.000058,6.7600,6.9500,6.6800,6.9000,6.7300,7487732,51351298.3200,1.391070,1,2.526004,256.878247,4.800723,14.857155,-16.224439,0
2018-03-13,sz.000058,6.8900,6.8900,6.7500,6.8000,6.9000,4892899,33304611.9400,0.909002,1,-1.449274,253.155374,4.731148,14.641834,-15.989303,0
2018-03-14,sz.000058,6.7800,6.8300,6.6300,6.6600,6.8000,4014132,26940519.0800,0.745745,1,-2.058828,247.943351,4.633742,14.340385,-15.660111,0
2018-03-15,sz.000058,6.6500,6.6500,6.4600,6.5700,6.6600,4275956,28045485.2800,0.794387,1,-1.351346,244.592765,4.571124,14.146596,-15.448488,0
2018-03-16,sz.000058,6.5800,6.6600,6.5500,6.5700,6.5700,2680729,17685366.3700,0.498026,1,0.000000,244.592765,4.571124,14.146596,-15.448488,0
2018-03-19,sz.000058,6.5500,6.6500,6.5400,6.5700,6.5700,2561826,16897882.8200,0.475936,1,0.000000,244.592765,4.571124,14.146596,-15.448488,0
2018-03-20,sz.000058,6.5400,6.5900,6.4200,6.5700,6.5700,2782626,18109483.2200,0.516956,1,0.000000,244.592765,4.571124,14.146596,-15.448488,0
2018-03-21,sz.000058,6.6000,6.7700,6.5700,6.6200,6.5700,5138972,34360161.4000,0.954718,1,0.761031,246.454202,4.605911,14.254256,-15.566056,0
2018-03-22,sz.000058,6.6000,6.9000,6.5800,6.7900,6.6200,6532811,44018340.2400,1.213665,1,2.567977,252.783086,4.724190,14.620302,-15.965789,0
2018-03-23,sz.000058,6.4800,6.7800,6.2100,6.3500,6.7900,6988096,45416407.5900,1.298248,1,-6.480119,236.402445,4.418057,13.672889,-14.931187,0
2018-03-26,sz.000058,6.1500,6.3300,6.0000,6.3000,6.3500,4210249,26022700.5100,0.782180,1,-0.787397,234.541008,4.383269,13.565229,-14.813619,0
2018-03-27,sz.000058,6.4000,6.5400,6.3300,6.4500,6.3000,3440759,22142934.6900,0.639224,1,2.380946,240.125318,4.487633,13.888211,-15.166324,0
2018-03-28,sz.000058,6.3400,6.4900,6.3100,6.4000,6.4500,2536001,16257357.6600,0.471138,1,-0.775189,238.263881,4.452845,13.780550,-15.048755,0
2018-03-29,sz.000058,6.5500,6.5800,6.4300,6.5100,6.4000,3566211,23222835.4700,0.662530,1,1.718752,242.359042,4.529378,14.017403,-15.307406,0
2018-03-30,sz.000058,6.5500,6.6200,6.4600,6.6200,6.5100,4557314,29840049.0000,0.846658,1,1.689703,246.454202,4.605911,14.254256,-15.566056,0
2018-04-02,sz.000058,6.6600,6.7200,6.5700,6.5900,6.6200,4001761,26546260.6300,0.743447,1,-0.453168,245.337340,4.585039,14.189660,-15.495515,0
2018-04-03,sz.000058,6.5200,6.5200,6.3600,6.4000,6.5900,3076133,19761438.7700,0.571484,1,-2.883157,238.263881,4.452845,13.780550,-15.048755,0
2018-04-04,sz.000058,6.4300,6.4800,6.3100,6.3300,6.4000,3090390,19868368.1400,0.574132,1,-1.093753,235.657870,4.404142,13.629825,-14.884160,0
2018-04-09,sz.000058,6.3100,6.9600,6.2600,6.9600,6.3300,13616634,93231799.4500,2.529697,1,9.952608,259.111971,4.842469,14.986348,-16.365522,0
2018-04-10,sz.000058,7.1800,7.1800,6.7600,6.7600,6.9600,17865768,124262310.2800,3.319101,1,-2.873560,251.666224,4.703317,14.555706,-15.895248,0
2018-04-11,sz.000058,6.7200,6.8800,6.6400,6.6600,6.7600,10507398,70630479.9400,1.952064,1,-1.479295,247.943351,4.633742,14.340385,-15.660111,0
2018-04-12,sz.000058,6.6800,6.7500,6.5900,6.6000,6.6600,5650400,37607722.0000,1.049731,1,-0.900900,245.709627,4.591996,14.211192,-15.519029,0
2018-04-13,sz.000058,6.6400,6.6900,6.5500,6.5600,6.6000,3897970,25756248.9400,0.724165,1,-0.606060,244.220478,4.564166,14.125064,-15.424974,0
2018-04-16,sz.000058,6.5300,6.5500,6.3600,6.4300,6.5600,3670680,23639635.1900,0.681939,1,-1.981709,239.380743,4.473718,13.845146,-15.119296,0
2018-04-17,sz.000058,6.4300,6.5200,6.3200,6.3300,6.4300,3252700,20924258.0000,0.604286,1,-1.555208,235.657870,4.404142,13.629825,-14.884160,0
2018-04-18,sz.000058,6.3800,6.8300,6.1600,6.7100,6.3300,9512500,62000731.3000,1.767232,1,6.003161,37.764201,4.668530,4.083465,-15.777680,0
2018-04-19,sz.000058,6.5900,6.7700,6.5300,6.7000,6.7100,8252987,54857708.6600,1.533239,1,-0.149035,37.707920,4.661572,4.077380,-15.754166,0
2018-04-20,sz.000058,6.6400,6.6700,6.3900,6.4300,6.7000,5032906,33037432.2100,0.935013,1,-4.029850,36.188347,4.473718,3.913067,-15.119296,0
2018-04-23,sz.000058,6.4000,6.6500,6.4000,6.5300,6.4300,3395055,22084849.9200,0.630733,1,1.555216,36.751152,4.543293,3.973924,-15.354433,0
2018-04-24,sz.000058,6.4600,6.8800,6.4600,6.8100,6.5300,9468054,63798987.3200,1.759378,1,4.287898,38.327006,4.389054,4.144322,-46.738340,0
2018-04-25,sz.000058,6.7900,6.8000,6.6500,6.7500,6.8100,7905281,53258372.1400,1.468980,1,-0.881056,37.989323,4.350384,4.107808,-46.326548,0
2018-04-26,sz.000058,6.7100,6.8700,6.6700,6.6800,6.7500,6500080,43981123.5000,1.207862,1,-1.037040,37.595359,4.305269,4.065208,-45.846125,0
2018-04-27,sz.000058,6.7700,6.7900,6.6300,6.7900,6.6800,4653550,31327207.3000,0.864735,1,1.646709,38.214445,4.376164,4.132150,-46.601076,0
2018-05-02,sz.000058,6.7700,6.7800,6.5200,6.6700,6.7900,4561257,30366698.8600,0.847585,1,-1.767303,32.892690,4.182196,3.932923,-15.447442,0
2018-05-03,sz.000058,6.6800,6.7100,6.4800,6.6700,6.6700,3649038,24129018.0000,0.678074,1,0.000000,32.892690,4.182196,3.932923,-15.447442,0
2018-05-04,sz.000058,6.6800,6.7900,6.6300,6.7100,6.6700,4250555,28563543.0500,0.789849,1,0.599700,33.089948,4.207277,3.956509,-15.540080,0
2018-05-07,sz.000058,6.7200,6.8800,6.7200,6.8300,6.7100,6170740,42074285.7800,1.146663,1,1.788374,33.681720,4.282519,4.027266,-15.817995,0
2018-05-08,sz.000058,6.8600,7.0500,6.8200,6.8800,6.8300,8029235,55561117.4300,1.492013,1,0.732067,33.928292,4.313869,4.056748,-15.933793,0
2018-05-09,sz.000058,6.8700,6.8900,6.8000,6.8900,6.8800,4417201,30179908.8100,0.820816,1,0.145345,33.977607,4.320140,4.062645,-15.956953,0
2018-05-10,sz.000058,6.8800,7.1000,6.8200,7.0600,6.8900,9254273,64552994.4400,1.719653,1,2.467345,34.815951,4.426732,4.162884,-16.350666,0
2018-05-11,sz.000058,7.0600,7.0600,6.8600,6.8700,7.0600,5914401,41025737.8700,1.099029,1,-2.691219,33.878978,4.307599,4.050852,-15.910634,0
2018-05-14,sz.000058,6.8700,6.8700,6.7400,6.7700,6.8700,3349000,22715702.0000,0.622320,1,-1.455603,33.385834,4.244898,3.991888,-15.679038,0
2018-05-15,sz.000058,6.7700,6.8200,6.6900,6.8200,6.7700,3652993,24697017.7700,0.678809,1,0.738555,33.632406,4.276249,4.021370,-15.794836,0
2018-05-16,sz.000058,6.8100,6.8100,6.7100,6.7100,6.8200,2691371,18152240.4000,0.500117,1,-1.612905,33.089948,4.207277,3.956509,-15.540080,0
2018-05-17,sz.000058,6.7400,6.7800,6.6500,6.6800,6.7100,3010402,20217650.4400,0.559401,1,-0.447097,32.942005,4.188466,3.938820,-15.470602,0
2018-05-18,sz.000058,6.6900,6.7500,6.6200,6.7500,6.6800,2479467,16589060.8500,0.460741,1,1.047907,33.287205,4.232357,3.980095,-15.632719,0
2018-05-21,sz.000058,6.7500,6.8300,6.7500,6.7800,6.7500,3832619,26026371.3500,0.712187,1,0.444448,33.435148,4.251168,3.997784,-15.702198,0
2018-05-22,sz.000058,6.7700,6.8600,6.7700,6.8600,6.7800,3986216,27223047.2800,0.740729,1,1.179940,33.829663,4.301329,4.044955,-15.887474,0
2018-05-23,sz.000058,6.8200,6.8700,6.7100,6.7100,6.8600,3338585,22618965.4700,0.620384,1,-2.186590,33.089948,4.207277,3.956509,-15.540080,0
2018-05-24,sz.000058,6.7000,6.7400,6.6300,6.6400,6.7100,2332400,15586108.0000,0.433413,1,-1.043222,32.744747,4.163386,3.915234,-15.377963,0
2018-05-25,sz.000058,6.6000,6.6500,6.4500,6.4600,6.6400,3674439,23973008.1600,0.682794,1,-2.710841,31.857088,4.050523,3.809098,-14.961091,0
2018-05-28,sz.000058,6.4100,6.4900,6.3500,6.3700,6.4600,3143139,20171246.9000,0.584066,1,-1.393191,31.413259,3.994091,3.756030,-14.752655,0
2018-05-29,sz.000058,6.3500,6.4600,6.3400,6.3600,6.3700,2595600,16575156.0000,0.482321,1,-0.156982,31.363945,3.987821,3.750134,-14.729495,0
2018-05-30,sz.000058,6.2500,6.2500,6.0300,6.0500,6.3600,3744600,23008820.9000,0.695831,1,-4.874213,29.835199,3.793446,3.567344,-14.011548,0
2018-05-31,sz.000058,6.1000,6.2700,6.0900,6.1800,6.0500,2278632,14054276.2000,0.423421,1,2.148754,30.476286,3.874958,3.643998,-14.312623,0
2018-06-01,sz.000058,6.1000,6.1900,6.0600,6.0800,6.1800,1950311,11914070.6900,0.362412,1,-1.618122,29.983142,3.812257,3.585033,-14.081027,0
2018-06-04,sz.000058,6.1400,6.1600,6.0700,6.1200,6.0800,1348600,8236207.0000,0.250600,1,0.657894,30.180399,3.837337,3.608619,-14.173665,0
2018-06-05,sz.000058,6.1400,6.2000,6.1100,6.1900,6.1200,1706916,10515030.6700,0.317184,1,1.143794,30.525600,3.881229,3.649894,-14.335782,0
2018-06-06,sz.000058,6.1800,6.2200,6.1500,6.1600,6.1900,1306946,8072613.9000,0.242860,1,-0.484656,30.377657,3.862418,3.632205,-14.266303,0
2018-06-07,sz.000058,6.1800,6.2000,6.0600,6.0700,6.1600,1842800,11270524.0000,0.342434,1,-1.461034,29.933828,3.805987,3.579137,-14.057867,0
2018-06-08,sz.000058,6.0900,6.0900,5.9800,6.0600,6.0700,2210251,13301570.9900,0.410715,1,-0.164748,29.884513,3.799716,3.573241,-14.034708,0
2018-06-11,sz.000058,6.0500,6.0900,5.9900,6.0200,6.0600,1433300,8645946.0000,0.266339,1,-0.660065,29.687256,3.774636,3.549655,-13.942069,0
2018-06-12,sz.000058,6.0000,6.0700,5.9900,6.0700,6.0200,1490200,8997047.9800,0.276913,1,0.830568,29.933828,3.805987,3.579137,-14.057867,0
2018-06-13,sz.000058,6.0700,6.0700,5.8800,5.8900,6.0700,2263500,13495340.0000,0.420609,1,-2.965409,29.046169,3.693124,3.473001,-13.640995,0
2018-06-14,sz.000058,5.8800,5.9900,5.8800,5.9100,5.8900,1291100,7659669.0000,0.239916,1,0.339558,29.144798,3.705664,3.484794,-13.687314,0
2018-06-15,sz.000058,5.9000,5.9000,5.6000,5.6600,5.8600,2327800,13305954.0000,0.432558,1,-3.412974,27.911938,3.548910,3.337383,-13.108324,0
2018-06-19,sz.000058,5.5100,5.5700,5.0900,5.0900,5.6600,4712100,24669179.0000,0.875615,1,-10.070670,25.101018,3.191511,3.001286,-11.788228,0
2018-06-20,sz.000058,5.0900,5.2300,5.0900,5.1800,5.0900,2270364,11720382.0400,0.421885,1,1.768166,25.544848,3.247942,3.054354,-11.996664,0
2018-06-21,sz.000058,5.2000,5.2400,5.0000,5.0000,5.1800,2692340,13696873.2000,0.500298,1,-3.474900,24.657189,3.135080,2.948218,-11.579792,0
2018-06-22,sz.000058,5.0000,5.0700,4.8700,5.0500,5.0000,3614328,18064523.3300,0.671624,1,1.000004,24.903761,3.166430,2.977700,-11.695590,0
2018-06-25,sz.000058,5.0700,5.1300,4.6000,4.8900,5.0500,3513439,17535557.1200,0.652876,1,-3.168323,24.114731,3.066108,2.883357,-11.325036,0
2018-06-26,sz.000058,4.8000,5.0500,4.6800,5.0200,4.8900,2791338,13658650.8600,0.518694,1,2.658489,24.755818,3.147620,2.960011,-11.626111,0
2018-06-27,sz.000058,5.0300,5.1100,4.9900,5.0200,5.0200,2068000,10441644.0000,0.384281,1,0.000000,24.755818,3.147620,2.960011,-11.626111,0
2018-06-28,sz.000058,5.0300,5.0900,4.9400,4.9500,5.0200,2144100,10800346.0000,0.398422,1,-1.394426,24.410617,3.103729,2.918736,-11.463994,0
2018-06-29,sz.000058,4.9800,5.1200,4.9800,5.1200,4.9500,2383660,12117495.1000,0.442938,1,3.434345,25.248962,3.210321,3.018976,-11.857707,0
2018-07-02,sz.000058,5.1300,5.2800,5.0000,5.0400,5.1200,2741634,14099779.1200,0.509457,1,-1.562499,24.854447,3.160160,2.971804,-11.672430,0
2018-07-03,sz.000058,5.0500,5.1400,4.9800,5.1100,5.0400,2693800,13686084.0000,0.500569,1,1.388892,25.199647,3.204051,3.013079,-11.834547,0
2018-07-04,sz.000058,5.1100,5.3600,5.0300,5.1200,5.1100,3939980,20369144.8000,0.732137,1,0.195690,25.248962,3.210321,3.018976,-11.857707,0
2018-07-05,sz.000058,5.1000,5.1000,4.8300,4.8600,5.1200,3888100,19346808.0000,0.722497,1,-5.078120,23.966788,3.047297,2.865668,-11.255558,0
2018-07-06,sz.000058,4.9000,4.9900,4.7800,4.9100,4.8600,2570100,12560571.0000,0.477583,1,1.028801,24.213360,3.078648,2.895150,-11.371355,0
2018-07-09,sz.000058,4.9200,5.0300,4.9100,5.0000,4.9100,1873946,9315367.7000,0.348221,1,1.832997,24.657189,3.135080,2.948218,-11.579792,0
2018-07-10,sz.000058,5.0100,5.0400,4.9500,5.0100,5.0000,1781953,8892159.0100,0.331127,1,0.200005,24.706503,3.141350,2.954115,-11.602951,0
2018-07-11,sz.000058,4.9800,4.9800,4.7000,4.8500,5.0100,2557300,12332901.0000,0.475204,1,-3.193619,23.917473,3.041027,2.859772,-11.232398,0
2018-07-12,sz.000058,4.8000,4.9800,4.8000,4.9600,4.8500,2449246,12084817.8600,0.455125,1,2.268044,24.459932,3.109999,2.924633,-11.487153,0
2018-07-13,sz.000058,4.9500,4.9800,4.9300,4.9600,4.9600,1899901,9418796.9400,0.353044,1,0.000000,24.459932,3.109999,2.924633,-11.487153,0
2018-07-16,sz.000058,4.9600,5.0000,4.8600,5.0000,4.9600,1658955,8232285.2500,0.308271,1,0.806451,24.657189,3.135080,2.948218,-11.579792,0
2018-07-17,sz.000058,5.0500,5.0500,4.9700,5.0200,5.0000,2171955,10873179.0000,0.403598,1,0.400000,24.755818,3.147620,2.960011,-11.626111,0
2018-07-18,sz.000058,5.0000,5.1700,5.0000,5.0800,5.0200,3822300,19503942.0000,0.710270,1,1.195218,25.051704,3.185241,2.995390,-11.765068,0
2018-07-19,sz.000058,5.0800,5.0900,4.8900,4.9300,5.0800,2897453,14425061.3500,0.538412,1,-2.952758,24.311988,3.091188,2.906943,-11.417675,0
2018-07-20,sz.000058,4.9300,5.0100,4.8800,5.0100,4.9300,1887001,9360035.9100,0.350647,1,1.622726,24.706503,3.141350,2.954115,-11.602951,0
2018-07-23,sz.000058,5.0100,5.1200,4.9900,5.1100,5.0100,3166530,16040506.1300,0.588413,1,1.996006,25.199647,3.204051,3.013079,-11.834547,0
2018-07-24,sz.000058,5.0500,5.3000,5.0500,5.2200,5.1100,5904538,30621847.2200,1.097196,1,2.152635,25.742105,3.273023,3.077940,-12.089303,0
2018-07-25,sz.000058,5.2100,5.3700,5.1700,5.2000,5.2200,6442777,33871910.4600,1.197213,1,-0.383141,25.643477,3.260483,3.066147,-12.042983,0
2018-07-26,sz.000058,5.1900,5.3300,5.1900,5.2800,5.2000,5269411,27711861.8500,0.979176,1,1.538469,24.416112,3.310644,2.843091,-12.228260,0
2018-07-27,sz.000058,5.2700,5.8000,5.2500,5.6300,5.2800,16747224,92655274.9600,3.112012,1,6.628786,26.034604,3.530100,3.031554,-13.038845,0
2018-07-30,sz.000058,5.5000,5.9300,5.4500,5.5100,5.6300,12736063,71463414.6800,2.366648,1,-2.131437,25.479693,3.454858,2.966938,-12.760930,0
2018-07-31,sz.000058,5.4600,5.5200,5.3300,5.3700,5.5100,5629987,30483107.7300,1.046179,1,-2.540841,24.832296,3.367075,2.891553,-12.436696,0
2018-08-01,sz.000058,5.3600,5.4400,5.3100,5.3300,5.3700,4595776,24646848.3900,0.853999,1,-0.744878,24.647325,3.341995,2.870015,-12.344058,0
2018-08-02,sz.000058,5.3300,5.3700,5.0100,5.1400,5.3300,5148515,26416888.9600,0.956710,1,-3.564729,23.768715,3.222862,2.767706,-11.904026,0
2018-08-03,sz.000058,5.1400,5.1700,5.0200,5.1400,5.1400,2833304,14512887.0800,0.526492,1,0.000000,23.768715,3.222862,2.767706,-11.904026,0
2018-08-06,sz.000058,5.1400,5.1900,4.9800,5.0200,5.1400,2943892,14918637.6000,0.547042,1,-2.334628,23.213803,3.147620,2.703091,-11.626111,0
2018-08-07,sz.000058,4.9700,5.1500,4.9700,5.1500,5.0200,2876880,14614746.9300,0.534589,1,2.589644,23.814958,3.229132,2.773091,-11.927185,0
2018-08-08,sz.000058,5.1100,5.2100,5.0600,5.0900,5.1500,2189300,11261075.0000,0.406821,1,-1.165047,23.537502,3.191511,2.740783,-11.788228,0
2018-08-09,sz.000058,5.0700,5.2400,5.0700,5.2000,5.0900,3294687,17062327.1800,0.612227,1,2.161093,24.046171,3.260483,2.800014,-12.042983,0
2018-08-10,sz.000058,5.1800,5.4600,5.1500,5.2700,5.2000,4042700,21342055.0400,0.751225,1,1.346157,24.369869,3.304374,2.837707,-12.205100,0
2018-08-13,sz.000058,5.1500,5.2700,5.0900,5.2600,5.2700,2484202,12850210.2800,0.461621,1,-0.189749,24.323627,3.298104,2.832322,-12.181941,0
2018-08-14,sz.000058,5.2500,5.3900,5.2000,5.3300,5.2600,3435837,18161520.2100,0.638456,1,1.330793,24.647325,3.341995,2.870015,-12.344058,0
2018-08-15,sz.000058,5.3000,5.3500,5.1300,5.2400,5.3300,2881911,15058052.2000,0.535524,1,-1.688558,24.231141,3.285563,2.821553,-12.135622,0
2018-08-16,sz.000058,5.2000,5.2200,5.1000,5.1200,5.2400,2109612,10855928.1400,0.392014,1,-2.290074,23.676230,3.210321,2.756937,-11.857707,0
2018-08-17,sz.000058,5.1600,5.1900,5.0200,5.0200,5.1200,1829200,9339164.0000,0.339907,1,-1.953123,23.213803,3.147620,2.703091,-11.626111,0
2018-08-20,sz.000058,4.9800,5.0800,4.9400,5.0500,5.0200,1768958,8859572.4900,0.328712,1,0.597614,23.352531,3.166430,2.719245,-11.695590,0
2018-08-21,sz.000058,5.0500,5.1500,5.0300,5.0700,5.0500,1854858,9440799.4800,0.344674,1,0.396039,23.445017,3.178971,2.730014,-11.741909,0
2018-08-22,sz.000058,5.0700,5.1000,5.0100,5.0100,5.0700,1117969,5646255.0700,0.207744,1,-1.183431,23.167561,3.141350,2.697706,-11.602951,0
2018-08-23,sz.000058,5.0300,5.0700,5.0000,5.0300,5.0100,1262269,6366873.7600,0.234558,1,0.399201,23.260046,3.153890,2.708475,-11.649270,0
2018-08-24,sz.000058,5.0600,5.1100,5.0200,5.0500,5.0300,1596101,8083785.3700,0.296592,1,0.397614,23.352531,3.166430,2.719245,-11.695590,0
2018-08-27,sz.000058,5.0500,5.1400,5.0500,5.1400,5.0500,2159107,11049822.6600,0.401211,1,1.782172,23.768715,3.222862,2.767706,-11.904026,0
2018-08-28,sz.000058,5.1900,5.1900,5.1100,5.1400,5.1400,1636800,8412481.0000,0.304154,1,0.000000,23.768715,3.222862,2.767706,-11.904026,0
2018-08-29,sz.000058,5.1000,5.2500,5.0900,5.2500,5.1400,2574162,13318212.4500,0.478337,1,2.140080,24.277384,3.291834,2.826937,-12.158781,0
2018-08-30,sz.000058,5.1700,5.2400,5.0600,5.0700,5.2500,2475175,12736178.5000,0.459943,1,-3.428568,23.445017,3.178971,2.730014,-11.741909,0
2018-08-31,sz.000058,5.0400,5.1000,4.9600,4.9900,5.0700,2226200,11172983.0000,0.413784,1,-1.577917,23.075075,3.182077,2.686937,-16.018194,0
2018-09-03,sz.000058,5.0300,5.0600,4.9000,4.9600,4.9900,1776805,8804587.6600,0.330255,1,-0.601197,22.936348,3.162946,2.670783,-15.921892,0
2018-09-04,sz.000058,4.9500,5.0200,4.9100,5.0000,4.9600,1841107,9158358.7500,0.342207,1,0.806451,23.121318,3.188454,2.692321,-16.050294,0
2018-09-05,sz.000058,4.9900,5.0200,4.8700,4.8800,5.0000,2282600,11294374.0000,0.424267,1,-2.399998,22.566406,3.111931,2.627706,-15.665087,0
2018-09-06,sz.000058,4.8800,4.9500,4.7900,4.8200,4.8800,2103400,10228962.0000,0.390959,1,-1.229507,22.288951,3.073669,2.595398,-15.472484,0
2018-09-07,sz.000058,4.8400,4.8900,4.7900,4.8100,4.8200,1684739,8154373.2000,0.313143,1,-0.207474,22.242708,3.067293,2.590013,-15.440383,0
2018-09-10,sz.000058,4.8100,4.8100,4.7000,4.7100,4.8100,1418200,6738403.0000,0.263601,1,-2.079000,21.780282,3.003523,2.536167,-15.119377,0
2018-09-11,sz.000058,4.7500,4.7700,4.6800,4.7200,4.7100,1267100,5977174.0000,0.235516,1,0.212309,21.826524,3.009900,2.541551,-15.151478,0
2018-09-12,sz.000058,4.7200,4.8100,4.6000,4.6900,4.7200,3806100,17897850.0000,0.707440,1,-0.635588,21.687796,2.990770,2.525397,-15.055176,0
2018-09-13,sz.000058,4.6900,4.7400,4.6600,4.7300,4.6900,2414752,11358464.4300,0.448830,1,0.852878,21.872767,3.016277,2.546936,-15.183578,0
2018-09-14,sz.000058,4.7400,4.8000,4.7100,4.7300,4.7300,1976500,9394441.0000,0.367372,1,0.000000,21.872767,3.016277,2.546936,-15.183578,0
2018-09-17,sz.000058,4.7200,4.7200,4.6200,4.6300,4.7300,1747676,8127617.7000,0.324841,1,-2.114163,21.410341,2.952508,2.493090,-14.862573,0
2018-09-18,sz.000058,4.6500,4.7100,4.6000,4.6900,4.6300,1538869,7170042.3900,0.286030,1,1.295895,21.687796,2.990770,2.525397,-15.055176,0
2018-09-19,sz.000058,4.6800,5.0500,4.6600,4.9100,4.6900,5523228,26926769.7200,1.026603,1,4.690827,22.705134,3.131062,2.643860,-15.761389,0
2018-09-20,sz.000058,4.8500,4.9900,4.8000,4.8900,4.9100,5145296,25174116.3200,0.956357,1,-0.407332,22.612649,3.118308,2.633090,-15.697188,0
2018-09-21,sz.000058,4.8800,4.9100,4.8100,4.8800,4.8900,3303204,16057127.2700,0.613967,1,-0.204494,22.566406,3.111931,2.627706,-15.665087,0
2018-09-25,sz.000058,4.8400,4.8600,4.7900,4.8400,4.8800,1860814,8967059.6200,0.345870,1,-0.819671,22.381436,3.086423,2.606167,-15.536685,0
2018-09-26,sz.000058,4.8200,4.8700,4.8000,4.8300,4.8400,2020708,9776704.4600,0.375589,1,-0.206616,22.335193,3.080046,2.600782,-15.504584,0
2018-09-27,sz.000058,4.8100,4.8300,4.7300,4.7400,4.8300,2183800,10436882.0000,0.405903,1,-1.863357,21.919010,3.022654,2.552321,-15.215679,0
2018-09-28,sz.000058,4.7400,4.8000,4.7400,4.7900,4.7400,1198640,5724910.2000,0.222791,1,1.054856,22.150223,3.054539,2.579244,-15.376182,0
2018-10-08,sz.000058,4.7200,4.7400,4.6400,4.6400,4.7900,1488100,6982407.8600,0.276593,1,-3.131526,21.456583,2.958885,2.498474,-14.894673,0
2018-10-09,sz.000058,4.6600,4.7000,4.6200,4.6400,4.6400,1068600,4972845.0000,0.198621,1,0.000000,21.456583,2.958885,2.498474,-14.894673,0
2018-10-10,sz.000058,4.6900,4.7000,4.6500,4.6900,4.6400,833900,3903051.0000,0.154997,1,1.077590,21.687796,2.990770,2.525397,-15.055176,0
2018-10-11,sz.000058,4.6000,4.6100,4.2200,4.2200,4.6900,5956090,25659991.7800,1.107059,1,-10.021330,19.514392,2.691055,2.272319,-13.546448,0
2018-10-12,sz.000058,4.0700,4.1300,3.8000,4.0100,4.2200,5722041,22575120.4400,1.063556,1,-4.976293,18.543297,2.557140,2.159242,-12.872336,0
2018-10-15,sz.000058,4.0700,4.1100,3.9500,3.9600,4.0100,1917444,7753891.0800,0.356395,1,-1.246887,18.312084,2.525255,2.132319,-12.711833,0
2018-10-16,sz.000058,3.9100,4.0200,3.8300,3.8500,3.9600,2344413,9195983.5000,0.435756,1,-2.777781,17.803415,2.455109,2.073087,-12.358727,0
2018-10-17,sz.000058,3.9200,4.0000,3.8500,3.9200,3.8500,2187610,8577864.4600,0.406611,1,1.818186,18.127113,2.499748,2.110780,-12.583431,0
2018-10-18,sz.000058,3.8900,4.0200,3.8300,3.8700,3.9200,2758062,10787342.4300,0.512641,1,-1.275515,17.895900,2.467863,2.083857,-12.422928,0
2018-10-19,sz.000058,3.8200,3.9600,3.7200,3.9400,3.8700,1940504,7505360.4100,0.360682,1,1.808790,18.219599,2.512502,2.121549,-12.647632,0
2018-10-22,sz.000058,3.9500,4.1900,3.9500,4.1400,3.9400,3490503,14269951.9500,0.648780,1,5.076137,19.144451,2.640040,2.229242,-13.289644,0
2018-10-23,sz.000058,4.1100,4.1800,4.0300,4.0600,4.1400,2462301,10121440.1200,0.457668,1,-1.932365,18.774510,2.589024,2.186165,-13.032839,0
2018-10-24,sz.000058,4.0600,4.1500,4.0400,4.1100,4.0600,2186056,8951115.4800,0.406322,1,1.231532,19.005723,2.620909,2.213088,-13.193342,0
2018-10-25,sz.000058,4.0000,4.1100,3.9500,4.0700,4.1100,2043679,8226949.7600,0.379859,1,-0.973235,18.820753,2.595401,2.191550,-13.064940,0
2018-10-26,sz.000058,4.1100,4.2200,4.1100,4.1800,4.0700,3836581,16002803.7700,0.713106,1,2.702694,19.329422,2.665547,2.250781,-13.418046,0
2018-10-29,sz.000058,4.2000,4.2000,4.1000,4.1300,4.1800,1691525,7001896.7200,0.314404,1,-1.196165,19.098209,2.633663,2.223857,-13.257543,0
2018-10-30,sz.000058,4.0800,4.1900,4.0800,4.1600,4.1300,2197122,9097524.3000,0.408379,1,0.726386,17.821953,2.598616,1.991438,-36.785800,0
2018-10-31,sz.000058,4.1800,4.2400,4.1700,4.2100,4.1600,2065216,8691266.5900,0.383862,1,1.201928,18.036159,2.629849,2.015374,-37.227937,0
2018-11-01,sz.000058,4.2300,4.2800,4.1800,4.1800,4.2100,2472941,10479629.9700,0.459646,1,-0.712594,17.907636,2.611109,2.001012,-36.962654,0
2018-11-02,sz.000058,4.2200,4.3000,4.2100,4.2900,4.1800,2398541,10214007.4300,0.445817,1,2.631582,18.378889,2.679822,2.053671,-37.935356,0
2018-11-05,sz.000058,4.3000,4.3600,4.2500,4.3500,4.2900,3572345,15427719.5000,0.663992,1,1.398600,18.635937,2.717302,2.082393,-38.465920,0
2018-11-06,sz.000058,4.3600,4.5000,4.3400,4.4200,4.3500,3632800,15974265.0000,0.675229,1,1.609199,18.935825,2.761029,2.115903,-39.084912,0
2018-11-07,sz.000058,4.3900,4.4900,4.3800,4.4000,4.4200,3485330,15452255.3000,0.647819,1,-0.452488,18.850143,2.748536,2.106329,-38.908057,0
2018-11-08,sz.000058,4.4500,4.4700,4.3700,4.4300,4.4000,3009170,13285148.7600,0.559315,1,0.681812,18.978667,2.767276,2.120690,-39.173339,0
2018-11-09,sz.000058,4.4300,4.5500,4.3300,4.5200,4.4300,5155142,22981434.7200,0.958187,1,2.031606,19.364238,2.823496,2.163774,-39.969186,0
2018-11-12,sz.000058,4.5600,4.8100,4.5100,4.7500,4.5200,9425430,43816781.4600,1.751905,1,5.088496,20.349586,2.967169,2.273878,-42.003016,0
2018-11-13,sz.000058,4.9900,5.2300,4.9800,5.2300,4.7500,7766374,40328659.7800,1.443537,1,10.105260,22.405965,3.267010,2.503659,-46.247532,0
2018-11-14,sz.000058,5.7500,5.7500,5.5000,5.7500,5.2300,26404746,151729910.5500,4.907852,1,9.942638,24.633709,3.591837,2.752589,-50.845757,0
2018-11-15,sz.000058,6.3300,6.3300,6.0600,6.3300,5.7500,60920804,383264384.2600,11.323355,1,10.086960,27.118501,3.954144,3.030241,-55.974546,0
2018-11-16,sz.000058,6.9600,6.9600,6.6600,6.9600,6.3300,50093345,347277413.3200,9.310854,1,9.952608,29.817499,4.347684,3.331829,-61.545472,0
2018-11-19,sz.000058,7.2400,7.3300,6.4600,6.5000,6.9600,80301853,559416122.3300,14.925712,1,-6.609196,27.846802,4.060337,3.111622,-57.477812,0
2018-11-20,sz.000058,6.2600,7.1500,6.2600,6.8400,6.5000,66636285,448332793.8000,12.385692,1,5.230772,29.303404,4.272724,3.274384,-60.484343,0
2018-11-21,sz.000058,6.7000,7.0700,6.3300,6.8600,6.8400,58012020,389523590.5900,10.782699,1,0.292397,29.389086,4.285217,3.283958,-60.661198,0
2018-11-22,sz.000058,6.8500,6.9000,6.4200,6.8800,6.8600,44436997,297182834.0300,8.259508,1,0.291545,29.474769,4.297711,3.293532,-60.838053,0
2018-11-23,sz.000058,6.5000,6.9000,6.3400,6.5300,6.8800,36937485,245845813.3000,6.865573,1,-5.087208,27.975326,4.079077,3.125984,-57.743094,0
2018-11-26,sz.000058,6.9000,7.1800,6.8700,7.1800,6.5300,54569954,390543128.4600,10.142922,1,9.954052,30.760006,4.485111,3.437146,-63.490875,0
2018-11-27,sz.000058,7.9000,7.9000,6.5000,6.5100,7.1800,77485881,541223176.8100,14.402307,1,-9.331470,27.889643,4.066584,3.116409,-57.566239,0
2018-11-28,sz.000058,6.3000,6.3400,5.8600,5.8700,6.5100,56826298,341348427.3800,10.562309,1,-9.831035,25.147804,3.666797,2.810034,-51.906885,0
2018-11-29,sz.000058,5.7500,6.1300,5.7100,5.8300,5.8700,41397546,244985945.2600,7.694565,1,-0.681430,24.976439,3.641810,2.790886,-51.553176,0
2018-11-30,sz.000058,5.7500,5.7700,5.3200,5.5000,5.8300,31198245,172499735.7400,5.798820,1,-5.660376,23.562679,3.435670,2.632911,-48.635071,0
2018-12-03,sz.000058,5.6600,5.7000,5.5000,5.5500,5.5000,26060508,146417517.0200,4.843869,1,0.909094,23.776885,3.466903,2.656847,-49.077208,0
2018-12-04,sz.000058,5.6100,5.8300,5.5600,5.7200,5.5500,28034147,159682146.3900,5.210709,1,3.063056,24.505186,3.573097,2.738228,-50.580474,0
2018-12-05,sz.000058,5.4500,5.5000,5.3500,5.3900,5.7200,24303314,131534113.9400,4.517259,1,-5.769230,23.091425,3.366956,2.580253,-47.662370,0
2018-12-06,sz.000058,5.4200,5.4600,5.3100,5.3300,5.3900,13097907,70379525.8100,2.434509,1,-1.113171,22.834378,3.329476,2.551530,-47.131806,0
2018-12-07,sz.000058,5.3400,5.4300,5.2000,5.3300,5.3300,16408600,87090440.6800,3.049868,1,0.000000,22.834378,3.329476,2.551530,-47.131806,0
2018-12-10,sz.000058,5.2600,5.3900,5.2000,5.3400,5.3300,12410700,66002784.0000,2.306778,1,0.187622,22.877219,3.335723,2.556317,-47.220233,0
2018-12-11,sz.000058,5.3500,5.8700,5.2800,5.7100,5.3400,35495110,199806155.3900,6.597479,1,6.928836,24.462345,3.566850,2.733440,-50.492047,0
2018-12-12,sz.000058,5.6000,5.7500,5.5000,5.7300,5.7100,26876974,151045326.7100,4.995625,1,0.350262,24.548027,3.579343,2.743015,-50.668902,0
2018-12-13,sz.000058,5.7000,5.7500,5.5600,5.7500,5.7300,20317648,114991108.5000,3.776443,1,0.349040,24.633709,3.591837,2.752589,-50.845757,0
2018-12-14,sz.000058,5.6800,6.0500,5.6300,5.6700,5.7500,33579536,196014838.1600,6.241431,1,-1.391303,24.290980,3.541863,2.714292,-50.138337,0
2018-12-17,sz.000058,5.6000,6.1600,5.6000,6.1000,5.6700,40855281,242752373.6500,7.593774,1,7.583771,26.133153,3.810470,2.920138,-53.940716,0
2018-12-18,sz.000058,5.9300,6.5000,5.8100,6.2400,6.1000,46606189,285743904.4000,8.662696,1,2.295080,26.732930,3.897923,2.987157,-55.178699,0
2018-12-19,sz.000058,6.0400,6.5500,6.0200,6.1900,6.2400,46056843,289220732.5900,8.560589,1,-0.801277,26.518724,3.866690,2.963222,-54.736562,0
2018-12-20,sz.000058,5.9200,6.4000,5.9100,6.1100,6.1900,35992828,220341928.0900,6.689990,1,-1.292406,26.175994,3.816717,2.924925,-54.029143,0
2018-12-21,sz.000058,5.9800,6.1000,5.6100,5.6500,6.1100,31264467,181458499.7100,5.811129,1,-7.528642,24.205297,3.529370,2.704718,-49.961483,0
2018-12-24,sz.000058,5.6800,5.7600,5.5500,5.6200,5.6500,16475786,93174527.2600,3.062356,1,-0.530977,24.076773,3.510630,2.690356,-49.696200,0
2018-12-25,sz.000058,5.6100,5.7000,5.3300,5.6100,5.6200,21589001,119580480.8700,4.012749,1,-0.177931,24.033932,3.504383,2.685569,-49.607773,0
2018-12-26,sz.000058,5.6100,5.8300,5.5400,5.8200,5.6100,26640439,152234723.2000,4.951661,1,3.743316,24.933598,3.635563,2.786099,-51.464748,0
2018-12-27,sz.000058,5.8100,5.8100,5.4100,5.4100,5.8200,21530149,121503873.8500,4.001811,1,-7.044679,23.177108,3.379450,2.589827,-47.839225,0
2018-12-28,sz.000058,5.4700,5.9500,5.4600,5.9500,5.4100,42239836,245349066.0400,7.851122,1,9.981515,25.490534,3.716770,2.848331,-52.614305,0
2019-01-02,sz.000058,5.9500,6.4800,5.9200,6.2800,5.9500,54621792,338987769.4200,10.152557,1,5.546225,26.904295,3.922910,3.006306,-55.532409,0
2019-01-03,sz.000058,6.1800,6.2700,5.9000,6.0200,6.2800,39051473,237331614.1800,7.258500,1,-4.140131,25.790423,3.760497,2.881841,-53.233296,0
2019-01-04,sz.000058,5.9200,6.1800,5.8700,6.0800,6.0200,28953174,175483679.8800,5.381529,1,0.996677,26.047470,3.797977,2.910564,-53.763861,0
2019-01-07,sz.000058,6.0200,6.1800,6.0200,6.0800,6.0800,27350293,167001028.4000,5.083601,1,0.000000,26.047470,3.797977,2.910564,-53.763861,0
2019-01-08,sz.000058,6.0400,6.6900,5.9600,6.6900,6.0800,46136961,289969314.4600,8.575481,1,10.032900,28.660785,4.179024,3.202577,-59.157932,0
2019-01-09,sz.000058,6.7800,7.2000,6.4500,6.6600,6.6900,57361239,389508062.5400,10.661738,1,-0.448434,28.532262,4.160284,3.188216,-58.892650,0
2019-01-10,sz.000058,6.7300,6.7600,6.3600,6.4900,6.6600,34451059,223492467.3300,6.403421,1,-2.552554,27.803961,4.054090,3.106835,-57.389384,0
2019-01-11,sz.000058,6.3300,6.5900,6.3300,6.5600,6.4900,22690897,146128571.2200,4.217559,1,1.078585,28.103849,4.097817,3.140345,-58.008376,0
2019-01-14,sz.000058,6.5100,6.9300,6.5100,6.5800,6.5600,27941754,186631815.4000,5.193536,1,0.304878,28.189532,4.110310,3.149919,-58.185231,0
2019-01-15,sz.000058,6.4700,6.6800,6.3000,6.6700,6.5800,24017438,154919766.4100,4.464123,1,1.367783,28.575103,4.166530,3.193003,-58.981078,0
2019-01-16,sz.000058,6.6700,6.9800,6.5500,6.7700,6.6700,35814119,242858797.5900,6.656773,1,1.499249,29.003515,4.228997,3.240874,-59.865352,0
2019-01-17,sz.000058,6.6400,7.0800,6.4400,6.9400,6.7700,43161359,296392415.4700,8.022405,1,2.511079,29.731816,4.335191,3.322255,-61.368617,0
2019-01-18,sz.000058,6.8500,6.9300,6.5700,6.7600,6.9400,29378916,197842215.2400,5.460661,1,-2.593657,28.960674,4.222750,3.236087,-59.776924,0
2019-01-21,sz.000058,6.6900,6.8500,6.4700,6.7600,6.7600,19409510,128293353.3000,3.607647,1,0.000000,28.960674,4.222750,3.236087,-59.776924,0
2019-01-22,sz.000058,6.6700,6.8100,6.6000,6.7000,6.7600,14491700,97121944.2500,2.693573,1,-0.887580,28.703627,4.185270,3.207364,-59.246360,0
2019-01-23,sz.000058,6.6200,6.7100,6.5700,6.6900,6.7000,12337600,81973868.0000,2.293191,1,-0.149250,28.660785,4.179024,3.202577,-59.157932,0
2019-01-24,sz.000058,6.6900,6.7800,6.5100,6.6600,6.6900,14027535,93217463.7000,2.607299,1,-0.448434,28.532262,4.160284,3.188216,-58.892650,0
2019-01-25,sz.000058,6.6500,6.6700,6.2900,6.4400,6.6600,17316136,111738786.6900,3.218552,1,-3.303300,27.589755,4.022857,3.082900,-56.947247,0
2019-01-28,sz.000058,6.3900,6.4700,6.3000,6.3900,6.4400,7651100,48748893.0000,1.422111,1,-0.776400,27.375548,3.991624,3.058964,-56.505110,0
2019-01-29,sz.000058,6.3100,6.4000,6.0000,6.2800,6.3900,10021080,62013663.4800,1.862619,1,-1.721434,26.904295,3.922910,3.006306,-55.532409,0
2019-01-30,sz.000058,6.2200,6.3900,6.1700,6.3100,6.2800,6853300,42992709.6000,1.273823,1,0.477703,27.032819,3.941650,3.020667,-55.797691,0
2019-01-31,sz.000058,6.2000,6.2900,5.6900,5.8000,6.3100,10756570,64429989.9900,1.999325,1,-8.082405,24.847916,3.623070,2.776524,-51.287894,0
2019-02-01,sz.000058,5.7100,6.1200,5.7000,6.0600,5.8000,7263789,43466585.6600,1.350121,1,4.482754,25.961788,3.785483,2.900989,-53.587006,0
2019-02-11,sz.000058,6.1600,6.2500,6.0600,6.2000,6.0600,6920636,42827648.1400,1.286339,1,2.310229,26.561565,3.872937,2.968009,-54.824990,0
2019-02-12,sz.000058,6.2200,6.2900,6.1500,6.2800,6.2000,9413900,58555832.2500,1.749762,1,1.290329,26.904295,3.922910,3.006306,-55.532409,0
2019-02-13,sz.000058,6.2800,6.3900,6.2100,6.3400,6.2800,10863532,68536147.2900,2.019206,1,0.955413,27.161342,3.960390,3.035028,-56.062973,0
2019-02-14,sz.000058,6.2600,6.8000,6.2300,6.5300,6.3400,20786691,136945704.9900,3.863624,1,2.996846,27.975326,4.079077,3.125984,-57.743094,0
2019-02-15,sz.000058,6.4800,6.5000,6.3600,6.3900,6.5300,10844397,69585235.5100,2.015649,1,-2.143956,27.375548,3.991624,3.058964,-56.505110,0
2019-02-18,sz.000058,6.4100,6.6000,6.3900,6.5900,6.3900,13738640,89346610.1600,2.553602,1,3.129895,28.232373,4.116557,3.154706,-58.273658,0
2019-02-19,sz.000058,6.7800,6.7800,6.5300,6.7000,6.5900,24964740,166680460.2400,4.640198,1,1.669190,28.703627,4.185270,3.207364,-59.246360,0
2019-02-20,sz.000058,6.6300,6.6500,6.4000,6.5400,6.7000,15673631,102039086.8800,2.913259,1,-2.388057,28.018167,4.085324,3.130771,-57.831521,0
2019-02-21,sz.000058,6.5000,6.8800,6.4200,6.6500,6.5400,30830209,206821384.5800,5.730413,1,1.681959,28.489421,4.154037,3.183429,-58.804223,0
2019-02-22,sz.000058,6.4200,7.2100,6.3900,7.0800,6.6500,47273682,322873855.1800,8.786763,1,6.466163,30.331594,4.422644,3.389275,-62.606601,0
2019-02-25,sz.000058,7.2500,7.7900,7.1000,7.7900,7.0800,49630227,374235154.9500,9.224774,1,10.028250,33.373321,4.866158,3.729160,-68.884947,0
2019-02-26,sz.000058,8.0000,8.5000,7.4900,7.8000,7.7900,64938686,520999866.2300,12.070159,1,0.128373,33.416162,4.872404,3.733947,-68.973374,0
2019-02-27,sz.000058,7.6300,8.5000,7.4500,8.2800,7.8000,43326387,341586012.9100,8.053079,1,6.153840,35.472542,5.172245,3.963728,-73.217889,0
2019-02-28,sz.000058,7.9000,8.1000,7.5000,7.9100,8.2800,31048416,242818525.6100,5.770972,1,-4.468598,33.887416,4.941118,3.786605,-69.946076,0
2019-03-01,sz.000058,7.7200,7.9800,7.6100,7.9800,7.9100,16386602,127388735.3300,3.045779,1,0.884958,34.187305,4.984844,3.820115,-70.565067,0
2019-03-04,sz.000058,8.1000,8.3300,7.9000,8.0000,7.9800,32188825,259519595.8100,5.982939,1,0.250626,34.272987,4.997338,3.829689,-70.741922,0
2019-03-05,sz.000058,7.8500,8.1000,7.7300,8.0200,8.0000,29638200,236082732.8200,5.508855,1,0.250006,34.358670,5.009831,3.839263,-70.918777,0
2019-03-06,sz.000058,8.0300,8.0400,7.7700,8.0000,8.0200,24281119,192153812.4700,4.513134,1,-0.249382,34.272987,4.997338,3.829689,-70.741922,0
2019-03-07,sz.000058,7.9600,8.2300,7.8400,8.0500,8.0000,34567967,278217734.0200,6.425151,1,0.625002,34.487193,5.028571,3.853624,-71.184059,0
2019-03-08,sz.000058,7.7100,7.8200,7.2600,7.5400,8.0500,26557144,201698786.4500,4.936178,1,-6.335407,32.302290,4.709991,3.609482,-66.674262,0
2019-03-11,sz.000058,7.5300,7.7500,7.4100,7.7400,7.5400,14135924,108316161.8200,2.627445,1,2.652517,33.159115,4.834924,3.705224,-68.442810,0
2019-03-12,sz.000058,7.8300,8.0000,7.6900,7.8100,7.7400,20765253,162633840.1700,3.859639,1,0.904395,33.459004,4.878651,3.738734,-69.061802,0
2019-03-13,sz.000058,7.8800,8.3000,7.7100,7.9000,7.8100,41955173,337546975.9800,7.798211,1,1.152371,33.844575,4.934871,3.781818,-69.857648,0
2019-03-14,sz.000058,7.6000,7.7000,7.1100,7.4900,7.9000,28576212,208718214.4500,5.311463,1,-5.189878,32.088084,4.678758,3.585546,-66.232125,0
2019-03-15,sz.000058,7.2500,7.6200,7.2500,7.5000,7.4900,16909035,126250257.0700,3.142884,1,0.133514,32.130925,4.685004,3.590333,-66.320552,0
2019-03-18,sz.000058,7.4500,7.5000,7.1700,7.5000,7.5000,13690546,100592243.1000,2.544663,1,0.000000,32.130925,4.685004,3.590333,-66.320552,0
2019-03-19,sz.000058,7.4800,7.5400,7.3400,7.5200,7.5000,11799166,87827232.2800,2.193112,1,0.266666,32.216608,4.697498,3.599908,-66.497407,0
2019-03-20,sz.000058,7.5000,7.5800,7.3100,7.5700,7.5200,13753824,102953349.3300,2.556424,1,0.664896,32.430814,4.728731,3.623843,-66.939544,0
2019-03-21,sz.000058,7.5900,7.7600,7.5100,7.5900,7.5700,26547322,203669550.3000,4.934353,1,0.264201,32.516497,4.741224,3.633417,-67.116399,0
2019-03-22,sz.000058,7.5100,7.6700,7.2800,7.6100,7.5900,20728826,155318307.2400,3.852869,1,0.263504,32.602179,4.753718,3.642992,-67.293253,0
2019-03-25,sz.000058,7.4400,7.6200,7.3700,7.6000,7.6100,14742055,110244468.6700,2.740107,1,-0.131409,32.559338,4.747471,3.638204,-67.204826,0
2019-03-26,sz.000058,7.5200,7.5700,7.2100,7.2100,7.6000,12282420,90607053.6000,2.282934,1,-5.131577,30.888530,4.503851,3.451507,-63.756157,0
2019-03-27,sz.000058,7.1900,7.2900,7.0000,7.0400,7.2100,8927419,63378266.7800,1.659340,1,-2.357837,30.160229,4.397657,3.370126,-62.252891,0
2019-03-28,sz.000058,7.0800,7.1200,6.9500,7.0400,7.0400,7449901,52490972.0000,1.384714,1,0.000000,30.160229,4.397657,3.370126,-62.252891,0
2019-03-29,sz.000058,7.0200,7.1800,6.7500,7.1800,7.0400,16663510,116372336.9000,3.097248,1,1.988634,30.760006,4.485111,3.437146,-63.490875,0
2019-04-01,sz.000058,7.1400,7.4900,7.0600,7.4100,7.1800,21655049,157616299.1800,4.025026,1,3.203343,31.745354,4.628784,3.547249,-65.524705,0
2019-04-02,sz.000058,7.4300,7.4300,7.2700,7.3000,7.4100,14418967,105695570.7100,2.680055,1,-1.484476,31.274101,4.560071,3.494591,-64.552004,0
2019-04-03,sz.000058,7.2500,7.3100,7.1900,7.2600,7.3000,10408890,75454128.7000,1.934701,1,-0.547945,31.102736,4.535084,3.475443,-64.198294,0
2019-04-04,sz.000058,7.2600,7.2600,7.1000,7.1500,7.2600,11654100,83567592.2700,2.166148,1,-1.515153,30.631482,4.466371,3.422784,-63.225593,0
2019-04-08,sz.000058,7.1700,7.2000,6.9500,7.0200,7.1500,9263283,65604384.1500,1.721767,1,-1.818183,30.074546,4.385164,3.360552,-62.076037,0
2019-04-09,sz.000058,7.0500,7.2300,7.0100,7.2300,7.0200,9103793,65067590.0900,1.692123,1,2.991454,30.974212,4.516344,3.461081,-63.933012,0
2019-04-10,sz.000058,7.2100,7.3500,7.1000,7.3200,7.2300,13821741,100514221.5100,2.569048,1,1.244815,31.359783,4.572564,3.504165,-64.728859,0
2019-04-11,sz.000058,7.3100,7.3400,7.0700,7.0900,7.3200,9931502,71413498.2100,1.845969,1,-3.142077,30.374435,4.428891,3.394062,-62.695029,0
2019-04-12,sz.000058,7.0300,7.1100,6.9700,6.9900,7.0900,7568541,53206135.6400,1.406765,1,-1.410443,29.946022,4.366424,3.346191,-61.810754,0
2019-04-15,sz.000058,7.0700,7.1700,7.0000,7.0000,6.9900,5740935,40703666.7400,1.067068,1,0.143065,29.988864,4.372671,3.350978,-61.899182,0
2019-04-16,sz.000058,6.9000,6.9300,6.5100,6.8900,7.0000,10688556,72235435.4800,1.986683,1,-1.571430,29.517610,4.303957,3.298320,-60.926480,0
2019-04-17,sz.000058,6.8500,7.0700,6.8100,6.9900,6.8900,8932596,62306367.8900,1.660302,1,1.451378,29.946022,4.366424,3.346191,-61.810754,0
2019-04-18,sz.000058,6.9500,6.9900,6.7800,6.7900,6.9900,6658401,45707363.8900,1.237598,1,-2.861228,29.089198,4.241490,3.250448,-60.042206,0
2019-04-19,sz.000058,6.7100,6.8800,6.6800,6.8500,6.7900,6443800,43687265.0000,1.197710,1,0.883652,29.346245,4.278970,3.279171,-60.572771,0
2019-04-22,sz.000058,6.9000,7.0000,6.8000,6.8100,6.8500,6374900,43888468.0000,1.184903,1,-0.583941,29.174880,4.253984,3.260023,-60.219061,0
2019-04-23,sz.000058,6.7800,7.0500,6.6800,6.9400,6.8100,10939853,75203144.7800,2.033391,1,1.908959,29.731816,4.335191,3.322255,-61.368617,0
2019-04-24,sz.000058,6.8900,6.9000,6.7300,6.8300,6.9400,7280752,49531952.7500,1.353274,1,-1.585016,29.260563,4.266477,3.269597,-60.395916,0
2019-04-25,sz.000058,6.8200,6.8200,6.3200,6.4000,6.8300,9659796,63606006.8000,1.795467,1,-6.295752,27.418390,3.997870,3.063751,-56.593538,0
2019-04-26,sz.000058,6.4100,6.4900,6.1500,6.1600,6.4000,7306601,46044981.2400,1.358079,1,-3.750004,26.390200,3.847950,2.948860,-54.471280,0
2019-04-29,sz.000058,6.1700,6.2300,5.7200,5.7200,6.1600,7427200,44085632.0000,1.380494,1,-7.142858,24.505186,3.573097,2.738228,-50.580474,0
2019-04-30,sz.000058,5.7500,5.9900,5.7500,5.9000,5.7200,5449801,32108369.7300,1.012927,1,3.146858,287.848647,3.796921,4.579463,21.151708,0
2019-05-06,sz.000058,5.8800,6.2400,5.7200,6.1700,5.9000,19652449,118878045.5700,3.652702,1,4.576271,301.021382,3.970679,4.789031,22.119667,0
2019-05-07,sz.000058,6.1800,6.7900,6.1400,6.6500,6.1700,20931804,136614809.9700,3.890490,1,7.779579,324.439577,4.279581,5.161598,23.840484,0
2019-05-08,sz.000058,6.5300,6.8100,6.3400,6.5100,6.6500,15256352,100488431.9500,2.835622,1,-2.105261,317.609270,4.189485,5.052933,23.338579,0
2019-05-09,sz.000058,6.3100,6.4700,6.2700,6.3800,6.5100,6565499,41810933.6500,1.220296,1,-1.996930,311.266842,4.105824,4.952029,22.872525,0
2019-05-10,sz.000058,6.3700,6.5700,6.0000,6.5200,6.3800,10238100,65847569.0000,1.902904,1,2.194355,318.097149,4.195920,5.060695,23.374430,0
2019-05-13,sz.000058,6.4000,7.0600,6.3000,6.8600,6.5200,18116055,121703149.1200,3.367141,1,5.214726,334.685037,4.414726,5.324596,24.593342,0
2019-05-14,sz.000058,6.7000,6.8400,6.5500,6.6300,6.8600,11431094,76323122.4100,2.124640,1,-3.352770,323.463819,4.266710,5.146074,23.768784,0
2019-05-15,sz.000058,6.6400,6.7400,6.5800,6.7400,6.6300,9492345,63325086.3000,1.764295,1,1.659120,328.830489,4.337500,5.231454,24.163138,0
2019-05-16,sz.000058,6.7000,6.7300,6.6100,6.6800,6.7400,6037457,40302632.2700,1.122152,1,-0.890207,325.903214,4.298887,5.184883,23.948035,0
2019-05-17,sz.000058,6.6900,6.6900,6.4200,6.5500,6.6800,8267343,54026732.1300,1.536610,1,-1.946102,319.560787,4.215226,5.083980,23.481981,0
2019-05-20,sz.000058,6.6000,6.6000,6.3800,6.4800,6.5500,5576700,36127922.5400,1.036513,1,-1.068705,316.145633,4.170178,5.029647,23.231028,0
2019-05-21,sz.000058,6.5000,6.6500,6.4300,6.5500,6.4800,4856548,31813299.8900,0.902662,1,1.080250,319.560787,4.215226,5.083980,23.481981,0
2019-05-22,sz.000058,6.5400,6.5400,6.3600,6.4700,6.5500,4919400,31711064.9000,0.914344,1,-1.221380,315.657754,4.163743,5.021886,23.195178,0
2019-05-23,sz.000058,6.5000,6.8400,6.4300,6.6600,6.4700,12903603,86041978.1500,2.398328,1,2.936632,324.927456,4.286016,5.169360,23.876335,0
2019-05-24,sz.000058,6.6000,6.6400,6.1600,6.1600,6.6600,8668010,55559558.3000,1.611080,1,-7.507507,300.533503,3.964243,4.781270,22.083817,0
2019-05-27,sz.000058,6.2700,6.3200,6.0600,6.3000,6.1600,5705084,35499244.0500,1.060375,1,2.272733,307.363810,4.054340,4.889935,22.585722,0
2019-05-28,sz.000058,6.2800,6.4600,6.1800,6.2000,6.3000,5712108,36219248.6200,1.061681,1,-1.587308,302.485019,3.989985,4.812317,22.227219,0
2019-05-29,sz.000058,6.2000,6.5400,6.1100,6.4100,6.2000,9350403,59019299.9600,1.737913,1,3.387098,312.730480,4.125130,4.975315,22.980076,0
2019-05-30,sz.000058,6.3800,6.3800,6.2000,6.2300,6.4100,5041693,31513066.3200,0.937074,1,-2.808110,303.948656,4.009292,4.835602,22.334770,0
2019-05-31,sz.000058,6.2700,6.2800,6.1500,6.1600,6.2300,2641900,16391556.2200,0.491037,1,-1.123598,300.533503,3.964243,4.781270,22.083817,0
2019-06-03,sz.000058,6.1600,6.2400,5.9900,6.0100,6.1600,3141301,19041073.5000,0.583858,1,-2.435059,293.215317,3.867712,4.664843,21.546062,0
2019-06-04,sz.000058,6.0400,6.1000,5.9000,5.9300,6.0100,2643100,15900553.9900,0.491260,1,-1.331121,289.312285,3.816228,4.602748,21.259259,0
2019-06-05,sz.000058,6.0100,6.0800,5.9100,5.9400,5.9300,3173478,18998197.8800,0.589838,1,0.168638,289.800164,3.822663,4.610510,21.295109,0
2019-06-06,sz.000058,5.9600,5.9600,5.7100,5.7500,5.9400,2848993,16517401.0300,0.529528,1,-3.198654,280.530461,3.700390,4.463036,20.613953,0
2019-06-10,sz.000058,5.7300,5.8600,5.7300,5.8400,5.7500,2314200,13438178.0000,0.430129,1,1.565220,284.921373,3.758309,4.532892,20.936606,0
2019-06-11,sz.000058,5.8900,6.0800,5.8300,6.0300,5.8400,4194345,24975098.1500,0.779582,1,3.253426,294.191075,3.880582,4.680366,21.617763,0
2019-06-12,sz.000058,6.0100,6.0200,5.9000,5.9200,6.0300,3226800,19187870.0000,0.599749,1,-1.824214,288.824406,3.809792,4.594986,21.223409,0
2019-06-13,sz.000058,5.9200,6.0000,5.8000,5.9400,5.9200,4314859,25476839.1400,0.801981,1,0.337838,289.800164,3.822663,4.610510,21.295109,0
2019-06-14,sz.000058,5.9300,5.9400,5.7600,5.8000,5.9400,3626322,21120353.9400,0.674006,1,-2.356900,282.969857,3.732567,4.501845,20.793204,0
2019-06-17,sz.000058,5.7700,5.7900,5.6200,5.6400,5.8000,3402060,19343228.4000,0.632324,1,-2.758626,275.163792,3.629599,4.377656,20.219599,0
2019-06-18,sz.000058,5.6600,5.6800,5.3800,5.5000,5.6400,4502110,24778454.2000,0.836785,1,-2.482267,268.333485,3.539503,4.268991,19.717694,0
2019-06-19,sz.000058,5.5800,5.6500,5.5400,5.5800,5.5000,4688110,26214635.9000,0.871356,1,1.454544,272.236517,3.590987,4.331085,20.004497,0
2019-06-20,sz.000058,5.5800,5.7400,5.5400,5.6600,5.5800,4683223,26375940.4700,0.870447,1,1.433690,276.139550,3.642470,4.393180,20.291299,0
2019-06-21,sz.000058,5.6900,5.9900,5.6600,5.8300,5.6600,7559253,44132137.7300,1.405001,1,3.003535,284.433494,3.751873,4.525130,20.900755,0
2019-06-24,sz.000058,5.8000,5.8100,5.7100,5.7700,5.8300,4104100,23612461.0000,0.762809,1,-1.029159,281.506220,3.713260,4.478559,20.685653,0
2019-06-25,sz.000058,5.7500,5.7700,5.6000,5.6600,5.7700,3388300,19183043.0000,0.629766,1,-1.906415,276.139550,3.642470,4.393180,20.291299,0
2019-06-26,sz.000058,5.6600,5.7300,5.6300,5.6500,5.6600,2225900,12670322.0000,0.413717,1,-0.176674,275.651671,3.636035,4.385418,20.255449,0
2019-06-27,sz.000058,5.6800,5.7800,5.6600,5.7000,5.6500,2954901,16919218.6800,0.549213,1,0.884951,278.091066,3.668212,4.424227,20.434701,0
2019-06-28,sz.000058,5.7000,5.7100,5.4600,5.6000,5.7000,3189100,17826100.0000,0.592742,1,-1.754384,273.212276,3.603858,4.346609,20.076197,0
2019-07-01,sz.000058,5.6800,5.8000,5.6800,5.7700,5.6000,3882900,22356918.0000,0.721695,1,3.035716,281.506220,3.713260,4.478559,20.685653,0
2019-07-02,sz.000058,5.8200,5.8200,5.7000,5.7700,5.7700,3020219,17387072.8400,0.561353,1,0.000000,281.506220,3.713260,4.478559,20.685653,0
2019-07-03,sz.000058,5.7700,5.8000,5.6800,5.7000,5.7700,2579619,14766049.1100,0.479461,1,-1.213175,278.091066,3.668212,4.424227,20.434701,0
2019-07-04,sz.000058,5.7000,5.7600,5.7000,5.7100,5.7000,2785500,15934847.0000,0.517727,1,0.175443,278.578945,3.674648,4.431989,20.470551,0
2019-07-05,sz.000058,5.7100,5.7400,5.6500,5.7200,5.7100,1661478,9474492.3100,0.308811,1,0.175127,279.066824,3.681083,4.439750,20.506402,0
2019-07-08,sz.000058,5.6900,5.7000,5.3800,5.4700,5.7200,3469100,19137273.6000,0.644784,1,-4.370629,266.869848,3.520197,4.245705,19.610143,0
2019-07-09,sz.000058,5.4200,5.5300,5.3000,5.4400,5.4700,3049154,16486722.6000,0.566731,1,-0.548441,265.406210,3.500890,4.222420,19.502592,0
2019-07-10,sz.000058,5.4500,5.4800,5.3300,5.3400,5.4400,2249323,12122197.5900,0.418070,1,-1.838233,260.527420,3.436536,4.144802,19.144088,0
2019-07-11,sz.000058,5.4000,5.4400,5.2400,5.3200,5.3100,2712001,14522684.9900,0.504066,1,0.188328,259.551662,3.423665,4.129278,19.072388,0
2019-07-12,sz.000058,5.4000,5.4000,5.2900,5.3200,5.3200,1799501,9612794.3200,0.334464,1,0.000000,259.551662,3.423665,4.129278,19.072388,0
2019-07-15,sz.000058,5.3500,5.4500,5.2200,5.3800,5.3200,2349800,12560694.0000,0.436746,1,1.127818,262.478936,3.462278,4.175849,19.287490,0
2019-07-16,sz.000058,5.3800,5.6000,5.3800,5.5600,5.3800,5328814,29544648.8100,0.990440,1,3.345721,271.260759,3.578116,4.315562,19.932796,0
2019-07-17,sz.000058,5.5200,5.6200,5.4600,5.5700,5.5600,4116099,22840495.4200,0.765039,1,0.179860,271.748638,3.584551,4.323323,19.968646,0
2019-07-18,sz.000058,5.5400,5.5400,5.3700,5.3800,5.5700,3183062,17228647.0300,0.591620,1,-3.411132,262.478936,3.462278,4.175849,19.287490,0
2019-07-19,sz.000058,5.3700,5.5400,5.3700,5.4000,5.3800,2596699,14150582.5600,0.482635,1,0.371747,263.454694,3.475148,4.191373,19.359190,0
2019-07-22,sz.000058,5.4200,5.4300,5.2300,5.2300,5.4000,2409799,12734653.7700,0.447897,1,-3.148149,255.160750,3.365746,4.059422,18.749734,0
2019-07-23,sz.000058,5.2100,5.2700,5.2100,5.2500,5.2300,1795883,9414461.0900,0.333792,1,0.382409,256.136508,3.378617,4.074946,18.821435,0
2019-07-24,sz.000058,5.2600,5.4200,5.2500,5.3200,5.2500,2581400,13761771.0000,0.479792,1,1.333337,259.551662,3.423665,4.129278,19.072388,0
2019-07-25,sz.000058,5.3300,5.4100,5.3300,5.3500,5.3200,2257350,12105026.5000,0.419562,1,0.563905,261.015299,3.442971,4.152564,19.179939,0
2019-07-26,sz.000058,5.3800,5.3800,5.3000,5.3600,5.3500,1748602,9337161.6400,0.325000,1,0.186900,261.503178,3.449407,4.160326,19.215789,0
2019-07-29,sz.000058,5.3400,5.4000,5.2600,5.2800,5.3600,1750700,9301804.0000,0.325394,1,-1.492536,257.600145,3.397923,4.098231,18.928986,0
2019-07-30,sz.000058,5.3000,5.3700,5.2500,5.2900,5.2800,2521100,13374597.0000,0.468600,1,0.189400,258.088025,3.404358,4.105993,18.964836,0
2019-07-31,sz.000058,5.2600,5.2600,5.2100,5.2100,5.2900,2064600,10796339.0000,0.383700,1,-1.512300,254.184992,3.352875,4.043899,18.678034,0
2019-08-01,sz.000058,5.2100,5.2100,5.0600,5.1100,5.2100,3356511,17183540.4300,0.623900,1,-1.919400,249.306201,3.288520,3.966281,18.319530,0
2019-08-02,sz.000058,5.0600,5.0600,4.9200,4.9600,5.1100,2678300,13313831.0000,0.497800,1,-2.935400,241.988015,3.191988,3.849854,17.781775,0
2019-08-05,sz.000058,4.9400,4.9700,4.8500,4.8500,4.9600,2311600,11350735.1400,0.429600,1,-2.217700,236.621346,3.121198,3.764474,17.387421,0
2019-08-06,sz.000058,4.7800,4.7900,4.4800,4.6100,4.8500,4169087,19194367.6600,0.774900,1,-4.948400,224.912248,2.966747,3.578190,16.527012,0
2019-08-07,sz.000058,4.6600,4.7200,4.5000,4.6900,4.6100,4261142,19712414.1300,0.792000,1,1.735400,228.815281,3.018231,3.640285,16.813815,0
2019-08-08,sz.000058,4.6300,4.7300,4.6100,4.6300,4.6900,3322000,15438282.0000,0.617400,1,-1.279300,225.888006,2.979618,3.593714,16.598713,0
2019-08-09,sz.000058,4.6400,4.7700,4.5500,4.5600,4.6300,3480400,16225989.0000,0.646900,1,-1.511900,222.472853,2.934570,3.539381,16.347761,0
2019-08-12,sz.000058,4.6000,4.7200,4.5700,4.6800,4.5600,3043042,14136202.0900,0.565600,1,2.631600,228.327402,3.011795,3.632523,16.777965,0
2019-08-13,sz.000058,4.6900,4.6900,4.5600,4.6200,4.6800,2852600,13219981.0000,0.530200,1,-1.282100,225.400127,2.973183,3.585952,16.562863,0
2019-08-14,sz.000058,4.7100,4.7900,4.5600,4.6300,4.6200,4332562,20256258.7200,0.805300,1,0.216500,225.888006,2.979618,3.593714,16.598713,0
2019-08-15,sz.000058,4.4200,4.6700,4.4200,4.6500,4.6300,3437999,15757691.4100,0.639000,1,0.432000,226.863764,2.992489,3.609238,16.670414,0
2019-08-16,sz.000058,4.6400,4.7300,4.6000,4.6500,4.6500,3705470,17277484.9000,0.688700,1,0.000000,226.863764,2.992489,3.609238,16.670414,0
2019-08-19,sz.000058,5.1200,5.1200,5.1200,5.1200,4.6500,1866710,9557555.2000,0.347000,1,10.107500,249.794080,3.294956,3.974042,18.355380,0
2019-08-20,sz.000058,5.6300,5.6300,5.6300,5.6300,5.1200,2314460,13030409.8000,0.430200,1,9.960900,274.675913,3.623164,4.369894,20.183748,0
2019-08-21,sz.000058,6.1900,6.1900,6.1900,6.1900,5.6300,3113770,19274236.3000,0.578700,1,9.946700,301.997140,3.983550,4.804555,22.191368,0
2019-08-22,sz.000058,6.8100,6.8100,6.8100,6.8100,6.1900,5730401,39024030.8100,1.065100,1,10.016200,332.245642,4.382548,5.285787,24.414090,0
2019-08-23,sz.000058,7.4900,7.4900,7.4900,7.4900,6.8100,9226041,69103047.0900,1.714800,1,9.985300,365.421418,4.820160,5.813589,26.851914,0
2019-08-26,sz.000058,8.2400,8.2400,8.1000,8.2400,7.4900,93009840,765861987.0800,17.287300,1,10.013400,402.012348,5.302819,6.395724,29.540690,0
2019-08-27,sz.000058,8.5600,9.0600,8.4700,9.0600,8.2400,82498777,726130862.7900,15.333200,1,9.951500,830.905720,5.763694,7.521828,-218.455239,0
2019-08-28,sz.000058,9.4800,9.9700,9.2100,9.9700,9.0600,111326894,1075601051.3500,20.691200,1,10.044100,914.363138,6.342608,8.277332,-240.397211,0
2019-08-29,sz.000058,10.3700,10.9700,10.2000,10.9700,9.9700,93906289,1004614863.1000,17.453400,1,10.030100,1006.074586,6.978778,9.107556,-264.509268,0
2019-08-30,sz.000058,11.4200,11.8000,9.8700,9.9600,10.9700,140826672,1495967622.6100,26.174000,1,-9.206900,913.446023,6.336247,8.269030,-240.156091,0
2019-09-02,sz.000058,9.9400,10.0700,9.5200,9.8000,9.9600,95574312,935913499.9300,17.763400,1,-1.606400,898.772191,6.234460,8.136194,-236.298161,0
2019-09-03,sz.000058,9.6200,10.6900,9.4900,10.2500,9.8000,115168193,1151945927.6700,21.405200,1,4.591800,940.042343,6.520736,8.509794,-247.148587,0
2019-09-04,sz.000058,9.9100,10.8800,9.9100,10.4600,10.2500,108913025,1136401316.1100,20.242600,1,2.048800,959.301747,6.654331,8.684141,-252.212119,0
2019-09-05,sz.000058,10.6500,11.2600,9.7300,10.4500,10.4600,109997440,1166346091.3700,20.444100,1,-0.095600,958.384633,6.647970,8.675839,-251.970999,0
2019-09-06,sz.000058,10.2100,11.5000,10.2100,11.5000,10.4500,140113601,1580727973.5600,26.041500,1,10.047800,1054.681653,7.315947,9.547574,-277.288659,0
2019-09-09,sz.000058,11.0300,11.3900,10.4400,11.1800,11.5000,121124696,1327517391.8500,22.512200,1,-2.782600,1025.333990,7.112373,9.281903,-269.572800,0
2019-09-10,sz.000058,10.9000,12.0800,10.8000,10.9600,11.1800,122210248,1394785410.6800,22.714000,1,-1.967800,1005.157471,6.972416,9.099253,-264.268148,0
2019-09-11,sz.000058,10.7500,10.9100,10.1000,10.1800,10.9600,88659547,926245109.9300,16.478300,1,-7.116800,933.622542,6.476204,8.451679,-245.460743,0
2019-09-12,sz.000058,10.0800,10.3200,9.9100,10.2900,10.1800,52630701,534922900.1200,9.781900,1,1.080500,943.710801,6.546183,8.543003,-248.113069,0
2019-09-16,sz.000058,10.1300,10.3800,9.9700,10.1200,10.2900,47513489,482357260.6300,8.830900,1,-1.652100,928.119855,6.438034,8.401865,-244.014020,0
2019-09-17,sz.000058,10.0300,10.9600,10.0200,10.7500,10.1200,100947442,1074956445.6400,18.762100,1,6.225300,985.898067,6.838820,8.924906,-259.204616,0
2019-09-18,sz.000058,10.5400,10.7000,10.0300,10.2400,10.7500,61563949,635040972.1600,11.442300,1,-4.744200,939.125229,6.514374,8.501492,-246.907467,0
2019-09-19,sz.000058,9.7000,9.7400,9.2200,9.2500,10.2400,86463161,805732811.4300,16.070000,1,-9.668000,848.330895,5.884566,7.679571,-223.036530,0
2019-09-20,sz.000058,9.0900,9.3500,9.0400,9.2400,9.2500,37075965,340763056.2200,6.890900,1,-0.108100,847.413780,5.878205,7.671268,-222.795409,0
2019-09-23,sz.000058,9.1900,9.5600,8.9100,9.3600,9.2400,50146941,465192242.4200,9.320300,1,1.298700,858.419154,5.954545,7.770895,-225.688856,0
2019-09-24,sz.000058,9.3300,9.3300,9.0800,9.1800,9.3600,37059420,339954588.2400,6.887900,1,-1.923100,841.911094,5.840035,7.621455,-221.348686,0
2019-09-25,sz.000058,9.1900,9.5400,8.9500,8.9800,9.1800,44558499,412191088.4700,8.281600,1,-2.178700,823.568804,5.712801,7.455410,-216.526274,0
2019-09-26,sz.000058,8.9100,8.9700,8.2500,8.3300,8.9800,47908168,406685518.8100,8.904200,1,-7.238300,763.956363,5.299291,6.915765,-200.853437,0
2019-09-27,sz.000058,8.3300,8.4500,8.2500,8.3700,8.3300,26487818,221432558.8900,4.923000,1,0.480200,767.624821,5.324737,6.948974,-201.817919,0
2019-09-30,sz.000058,8.4800,8.5300,8.1200,8.2900,8.3700,21418208,178007155.3600,3.980800,1,-0.955800,760.287905,5.273844,6.882556,-199.888955,0
2019-10-08,sz.000058,8.4000,8.5800,8.2000,8.2600,8.2900,28104885,235517564.8500,5.223600,1,-0.361900,757.536561,5.254759,6.857649,-199.165593,0
2019-10-09,sz.000058,8.2500,8.6800,8.1300,8.5400,8.2600,39967580,337099846.5500,7.428400,1,3.389800,783.215767,5.432886,7.090112,-205.916969,0
2019-10-10,sz.000058,8.7000,8.7000,8.3700,8.5900,8.5400,38058398,324231399.1800,7.073500,1,0.585500,787.801339,5.464695,7.131623,-207.122572,0
2019-10-11,sz.000058,8.6700,8.7800,8.4200,8.4300,8.5900,29382486,251484255.8600,5.461000,1,-1.862600,773.127508,5.362908,6.998787,-203.264643,0
2019-10-14,sz.000058,8.5500,8.9000,8.5000,8.8900,8.4300,48388160,421930250.4600,8.993400,1,5.456700,815.314774,5.655545,7.380690,-214.356189,0
2019-10-15,sz.000058,8.8000,8.8100,8.3300,8.3500,8.8900,37199157,315837799.6800,6.913800,1,-6.074200,765.790592,5.312014,6.932369,-201.335678,0
2019-10-16,sz.000058,8.1600,8.5800,8.1600,8.4000,8.3500,24742579,208289123.5400,4.598700,1,0.598800,770.376164,5.343822,6.973880,-202.541281,0
2019-10-17,sz.000058,8.4700,8.4900,8.2300,8.2900,8.4000,16999809,141566042.6200,3.159600,1,-1.309500,760.287905,5.273844,6.882556,-199.888955,0
2019-10-18,sz.000058,8.3100,8.3700,7.9100,8.0000,8.2900,25258871,204033161.9500,4.694600,1,-3.498200,733.691585,5.089355,6.641791,-192.896458,0
2019-10-21,sz.000058,8.0800,8.1900,7.8500,8.1900,8.0000,20248339,162883786.3600,3.763400,1,2.375000,751.116760,5.210227,6.799533,-197.477749,0
2019-10-22,sz.000058,8.1500,8.2700,8.0500,8.2000,8.1900,15362037,125332764.4200,2.855200,1,0.122100,752.033874,5.216589,6.807836,-197.718870,0
2019-10-23,sz.000058,8.2400,8.2600,7.9600,8.0600,8.2000,16704270,134827532.6000,3.104700,1,-1.707300,739.194272,5.127525,6.691604,-194.343182,0
2019-10-24,sz.000058,8.0600,8.1500,7.9200,7.9800,8.0600,14675782,117664785.1900,2.727600,1,-0.992600,731.857356,5.076631,6.625186,-192.414217,0
2019-10-25,sz.000058,8.0400,8.2100,7.9100,8.2000,7.9800,27744748,224877540.2200,5.156600,1,2.756900,752.033874,5.216589,6.807836,-197.718870,0
2019-10-28,sz.000058,8.2300,8.6000,8.0900,8.5000,8.2000,40368786,339088719.2600,7.502900,1,3.658500,779.547309,5.407439,7.056903,-204.952487,0
2019-10-29,sz.000058,8.4700,8.4800,8.0400,8.0500,8.5000,32591338,266461674.3200,6.057400,1,-5.294100,738.277157,5.121163,6.683302,-194.102061,0
2019-10-30,sz.000058,7.9000,7.9000,7.2500,7.2500,8.0500,36164096,267952969.2500,6.721500,1,-9.937900,664.907999,4.612228,6.019123,-174.812415,0
2019-10-31,sz.000058,7.2200,7.4300,7.1300,7.1500,7.2500,19060197,138954939.3400,3.542500,1,-1.379300,202051.312916,4.587190,6.930770,-53.492052,0
2019-11-01,sz.000058,7.0800,7.3200,7.0800,7.3200,7.1500,15947122,115595375.0300,2.963900,1,2.377600,206855.330146,4.696256,7.095558,-54.763891,0
2019-11-04,sz.000058,7.3000,7.4800,7.3000,7.3800,7.3200,14712597,108721618.8000,2.734500,1,0.819700,208550.865639,4.734749,7.153718,-55.212775,0
2019-11-05,sz.000058,7.3500,7.5400,7.3400,7.5000,7.3800,15264259,113682535.8000,2.837000,1,1.626000,211941.936625,4.811737,7.270039,-56.110544,0
2019-11-06,sz.000058,7.4600,7.5300,7.3000,7.4000,7.5000,13683767,101436047.1300,2.543300,1,-1.333300,209116.044136,4.747581,7.173105,-55.362403,0
2019-11-07,sz.000058,7.4000,7.5000,7.3500,7.5000,7.4000,14527197,108202691.6300,2.700000,1,1.351400,211941.936625,4.811737,7.270039,-56.110544,0
2019-11-08,sz.000058,7.6300,7.6400,7.2800,7.3300,7.5000,14722759,109462392.2900,2.736400,1,-2.266700,207137.919395,4.702671,7.105251,-54.838705,0
2019-11-11,sz.000058,7.2600,7.5000,7.2000,7.2800,7.3300,13258255,97140396.5000,2.464200,1,-0.682100,205724.973150,4.670593,7.056784,-54.464634,0
2019-11-12,sz.000058,7.3100,8.0000,7.1300,7.8300,7.2800,49631892,379351414.2800,9.224600,1,7.554900,221267.381836,5.023454,7.589921,-58.579408,0
2019-11-13,sz.000058,7.6500,7.6800,7.3200,7.5300,7.8300,31031751,231829136.4400,5.767600,1,-3.831400,212789.704371,4.830984,7.299119,-56.334986,0
2019-11-14,sz.000058,7.5300,7.5300,7.3100,7.4300,7.5300,16461619,121871805.3100,3.059600,1,-1.328000,209963.811883,4.766828,7.202185,-55.586845,0
2019-11-15,sz.000058,7.3900,7.9700,7.2000,7.6800,7.4300,36814518,279162591.7400,6.842300,1,3.364700,217028.543104,4.927219,7.444520,-57.457197,0
2019-11-18,sz.000058,7.5600,8.1500,7.5000,7.9900,7.6800,44786820,355878958.1700,8.324100,1,4.036500,225788.809817,5.126104,7.745015,-59.776432,0
2019-11-19,sz.000058,7.9500,8.3500,7.8500,8.0700,7.9900,46055870,373480460.9400,8.559900,1,1.001300,228049.523808,5.177429,7.822562,-60.374945,0
2019-11-20,sz.000058,8.0000,8.6900,7.8100,8.3800,8.0700,59574840,494724650.6400,11.072600,1,3.841400,236809.790522,5.376314,8.123057,-62.694181,0
2019-11-21,sz.000058,8.1500,8.3400,8.1200,8.2400,8.3800,32514721,266878797.0800,6.043200,1,-1.670600,232853.541038,5.286495,7.987349,-61.646784,0
2019-11-22,sz.000058,8.1700,8.2400,7.6800,7.7700,8.2400,34621233,274592798.6600,6.434700,1,-5.703900,219571.846343,4.984960,7.531760,-58.130523,0
2019-11-25,sz.000058,7.8800,7.8900,7.3500,7.4000,7.7700,22136646,165907931.7700,4.114300,1,-4.761900,209116.044136,4.747581,7.173105,-55.362403,0
2019-11-26,sz.000058,7.4100,7.4600,7.3100,7.3800,7.4000,13634841,100523182.4000,2.534200,1,-0.270300,208550.865639,4.734749,7.153718,-55.212775,0
2019-11-27,sz.000058,7.3500,7.5600,7.2000,7.3800,7.3800,15014104,111248400.8800,2.790500,1,0.000000,208550.865639,4.734749,7.153718,-55.212775,0
2019-11-28,sz.000058,7.2900,7.3900,7.1800,7.2000,7.3800,14831206,107626857.7700,2.756500,1,-2.439000,203464.259160,4.619268,6.979237,-53.866122,0
2019-11-29,sz.000058,7.1800,7.4700,7.1500,7.4000,7.2000,16542423,120983241.9600,3.074600,1,2.777800,209116.044136,4.747581,7.173105,-55.362403,0
2019-12-02,sz.000058,7.3600,7.4400,7.2600,7.3600,7.4000,10149061,74384315.3000,1.886300,1,-0.540500,207985.687141,4.721918,7.134331,-55.063147,0
2019-12-03,sz.000058,7.3000,7.6700,7.2600,7.5000,7.3600,18757560,141128980.6000,3.486300,1,1.902200,211941.936625,4.811737,7.270039,-56.110544,0
2019-12-04,sz.000058,7.4000,7.4700,7.3200,7.4100,7.5000,11716652,86632854.7200,2.177700,1,-1.200000,209398.633385,4.753996,7.182798,-55.437217,0
2019-12-05,sz.000058,7.4100,7.5000,7.3800,7.4800,7.4100,13728087,102110322.5100,2.551500,1,0.944700,211376.758127,4.798906,7.250652,-55.960916,0
2019-12-06,sz.000058,7.5200,7.5500,7.3800,7.4900,7.4800,15684923,116928475.3300,2.915200,1,0.133700,211659.347376,4.805322,7.260345,-56.035730,0
2019-12-09,sz.000058,7.4600,7.5600,7.4200,7.4700,7.4900,12686810,94793595.1300,2.358000,1,-0.267000,211094.168878,4.792490,7.240959,-55.886101,0
2019-12-10,sz.000058,7.4500,7.9100,7.4400,7.7200,7.4700,32234761,249219738.7100,5.991200,1,3.346700,218158.900099,4.952882,7.483293,-57.756453,0
2019-12-11,sz.000058,7.6500,8.2000,7.5500,7.9900,7.7200,35920587,280847128.0100,6.676200,1,3.497400,225788.809817,5.126104,7.745015,-59.776432,0
2019-12-12,sz.000058,7.8000,8.1900,7.7400,7.9100,7.9900,34209676,271517391.5300,6.358200,1,-1.001300,223528.095827,5.074779,7.667468,-59.177920,0
2019-12-13,sz.000058,7.9000,8.0800,7.8600,7.9100,7.9100,22278200,177382753.9100,4.140600,1,0.000000,223528.095827,5.074779,7.667468,-59.177920,0
2019-12-16,sz.000058,7.9000,8.0600,7.9000,8.0000,7.9100,21187600,169013117.9900,3.937900,1,1.137800,226071.399066,5.132520,7.754708,-59.851247,0
2019-12-17,sz.000058,8.0800,8.2900,8.0300,8.0500,8.0000,33822497,274584324.4100,6.286200,1,0.625000,227484.345310,5.164598,7.803175,-60.225317,0
2019-12-18,sz.000058,8.0000,8.0500,7.9000,7.9100,8.0500,24932631,198372690.9200,4.634000,1,-1.739100,223528.095827,5.074779,7.667468,-59.177920,0
2019-12-19,sz.000058,7.9300,8.1500,7.8500,8.0600,7.9100,25507542,204289268.1900,4.740800,1,1.896300,227766.934559,5.171014,7.812868,-60.300131,0
2019-12-20,sz.000058,8.0700,8.1400,7.6600,7.7000,8.0600,26062153,205491484.5100,4.843900,1,-4.466500,217593.721601,4.940050,7.463907,-57.606825,0
2019-12-23,sz.000058,7.6900,7.6900,7.3300,7.3500,7.7000,16296700,121321484.7700,3.028900,1,-4.545500,207703.097892,4.715503,7.124638,-54.988333,0
2019-12-24,sz.000058,7.4400,7.4400,7.3500,7.4200,7.3500,8302107,61381416.8000,1.543000,1,0.952400,209681.222634,4.760412,7.192492,-55.512031,0
2019-12-25,sz.000058,7.3800,7.4800,7.3500,7.4500,7.4200,8312627,61808396.6100,1.545000,1,0.404300,210528.990381,4.779659,7.221572,-55.736473,0
2019-12-26,sz.000058,7.4500,7.5000,7.4000,7.4600,7.4500,8727013,64953271.5800,1.622000,1,0.134200,210811.579629,4.786075,7.231265,-55.811287,0
2019-12-27,sz.000058,7.4700,7.6500,7.4200,7.4300,7.4600,16083031,121034680.1200,2.989200,1,-0.402100,209963.811883,4.766828,7.202185,-55.586845,0
2019-12-30,sz.000058,7.3500,7.3800,7.1500,7.3600,7.4300,11978133,87336549.5400,2.226300,1,-0.942100,207985.687141,4.721918,7.134331,-55.063147,0
2019-12-31,sz.000058,7.3700,7.4400,7.3200,7.3500,7.3600,8983201,66156167.2400,1.669600,1,-0.135900,207703.097892,4.715503,7.124638,-54.988333,0
2020-01-02,sz.000058,7.4200,7.5600,7.3700,7.5400,7.3500,14075342,105335890.8200,2.616000,1,2.585000,213072.293620,4.837400,7.308812,-56.409800,0
2020-01-03,sz.000058,7.5900,7.7000,7.5200,7.7000,7.5400,18202355,138689569.3200,3.383100,1,2.122000,217593.721601,4.940050,7.463907,-57.606825,0
2020-01-06,sz.000058,7.6100,7.7300,7.5000,7.6800,7.7000,16180638,123565432.3600,3.007300,1,-0.259700,217028.543104,4.927219,7.444520,-57.457197,0
2020-01-07,sz.000058,7.6800,7.9500,7.6500,7.8700,7.6800,23832908,186403526.8800,4.429600,1,2.474000,222397.738831,5.049116,7.628694,-58.878664,0
2020-01-08,sz.000058,7.7700,7.8500,7.4900,7.5100,7.8700,21572403,164824911.3900,4.009400,1,-4.574300,212224.525874,4.818153,7.279732,-56.185358,0
2020-01-09,sz.000058,7.5800,7.6800,7.5500,7.6200,7.5100,12082017,91983052.4200,2.245600,1,1.464700,215333.007611,4.888725,7.386359,-57.008312,0
2020-01-10,sz.000058,7.7800,8.3800,7.7800,8.3800,7.6200,32906195,269971176.1200,6.115900,1,9.973800,236809.790522,5.376314,8.123057,-62.694181,0
2020-01-13,sz.000058,8.5700,8.6700,8.2200,8.2500,8.3800,68800552,578141745.9000,12.787300,1,-1.551300,233136.130287,5.292911,7.997043,-61.721598,0
2020-01-14,sz.000058,8.2200,8.2800,8.0300,8.0600,8.2500,34874457,283288115.2300,6.481800,1,-2.303000,227766.934559,5.171014,7.812868,-60.300131,0
2020-01-15,sz.000058,8.0100,8.1800,7.8500,8.1800,8.0600,28637695,229007971.0300,5.322600,1,1.488800,231158.005545,5.248001,7.929189,-61.197900,0
2020-01-16,sz.000058,8.1000,8.1700,7.9800,7.9900,8.1800,17910900,144324322.0000,3.328900,1,-2.322700,225788.809818,5.126104,7.745015,-59.776432,0
2020-01-17,sz.000058,7.9800,8.0500,7.8000,7.8200,7.9900,13761801,108864269.0600,2.557800,1,-2.127700,220984.792587,5.017038,7.580227,-58.504593,0
2020-01-20,sz.000058,7.8200,7.9800,7.7500,7.9300,7.8200,13404737,105977014.6900,2.491400,1,1.406600,224093.274325,5.087610,7.686854,-59.327548,0
2020-01-21,sz.000058,7.8700,7.8900,7.7600,7.7800,7.9300,11166815,87283450.3000,2.075500,1,-1.891500,219854.435592,4.991375,7.541454,-58.205337,0
2020-01-22,sz.000058,7.7000,7.7000,7.3500,7.6000,7.7800,14097800,106563712.0000,2.620200,1,-2.313600,214767.829113,4.875894,7.366973,-56.858684,0
2020-01-23,sz.000058,7.5000,7.6600,7.1500,7.2600,7.6000,15913069,117374397.1000,2.957600,1,-4.473700,205159.794653,4.657762,7.037398,-54.315006,0
2020-02-03,sz.000058,6.5300,6.5300,6.5300,6.5300,7.2600,1058000,6908740.0000,0.196600,1,-10.055100,184530.779488,4.189419,6.329781,-48.853580,0
2020-02-04,sz.000058,5.8800,6.2200,5.8800,6.0700,6.5300,25395550,153972679.9700,4.720000,1,-7.044400,171531.674042,3.894299,5.883885,-45.412133,0
2020-02-05,sz.000058,6.1200,6.3300,6.0500,6.2000,6.0700,19119234,118529064.2000,3.553500,1,2.141700,175205.334276,3.977703,6.009899,-46.384716,0
2020-02-06,sz.000058,6.1600,6.3700,6.1000,6.3100,6.2000,19226261,120347568.6000,3.573400,1,1.774200,178313.816014,4.048275,6.116526,-47.207671,0
2020-02-07,sz.000058,6.3600,6.3800,6.1700,6.3500,6.3100,20035230,125795673.2500,3.723700,1,0.633900,179444.173009,4.073938,6.155300,-47.506927,0
2020-02-10,sz.000058,6.3000,6.4900,6.2400,6.4900,6.3500,18455018,118284044.5800,3.430000,1,2.204700,183400.422493,4.163757,6.291007,-48.554324,0
2020-02-11,sz.000058,6.5300,6.6300,6.4400,6.5400,6.4900,19375601,126770383.9400,3.601100,1,0.770400,184813.368737,4.195835,6.339474,-48.928394,0
2020-02-12,sz.000058,6.5400,7.1900,6.5400,7.1900,6.5400,44616680,316767847.2800,8.292500,1,9.938800,203181.669911,4.612852,6.969544,-53.791308,0
2020-02-13,sz.000058,7.1500,7.1700,6.8200,6.8200,7.1900,45977759,319969111.9200,8.545400,1,-5.146000,192725.867704,4.375473,6.610889,-51.023188,0
2020-02-14,sz.000058,6.8300,6.9100,6.6500,6.7700,6.8200,20803400,140793570.5200,3.866500,1,-0.733100,191312.921460,4.343395,6.562422,-50.649117,0
2020-02-17,sz.000058,6.7700,7.0800,6.7500,6.9900,6.7700,24689586,171358701.8400,4.588800,1,3.249600,197529.884934,4.484539,6.775676,-52.295027,0
2020-02-18,sz.000058,6.9900,7.1500,6.9400,7.1100,6.9900,25605295,180783232.8500,4.759000,1,1.716700,200920.955920,4.561527,6.891997,-53.192795,0
2020-02-19,sz.000058,7.1600,7.1600,6.9400,6.9600,7.1100,19952799,139845347.1700,3.708400,1,-2.109700,196682.117188,4.465292,6.746596,-52.070584,0
2020-02-20,sz.000058,6.9600,7.1200,6.8600,7.1100,6.9600,21921647,153741835.5100,4.074400,1,2.155200,200920.955920,4.561527,6.891997,-53.192795,0
2020-02-21,sz.000058,7.1100,7.5000,7.0700,7.3000,7.1100,31566445,229909023.6000,5.866900,1,2.672300,206290.151648,4.683424,7.076171,-54.614262,0
2020-02-24,sz.000058,7.3000,7.4000,7.1500,7.3500,7.3000,25808600,187519588.0000,4.796800,1,0.684900,207703.097892,4.715503,7.124638,-54.988333,0
2020-02-25,sz.000058,7.1000,7.2600,6.9300,7.1900,7.3500,26289633,187212341.7800,4.886200,1,-2.176900,203181.669911,4.612852,6.969544,-53.791308,0
2020-02-26,sz.000058,7.1200,7.1700,6.9300,6.9800,7.1900,20346013,143732066.5300,3.781500,1,-2.920700,197247.295685,4.478123,6.765983,-52.220213,0
2020-02-27,sz.000058,6.9800,7.0500,6.9000,6.9500,6.9800,12246400,85347786.0000,2.276100,1,-0.429800,196399.527939,4.458877,6.736903,-51.995770,0
2020-02-28,sz.000058,6.7600,6.7700,6.3600,6.3800,6.9500,19952722,130725382.6100,3.708400,1,-8.201400,180291.940755,4.093185,6.184380,-47.731369,0
2020-03-02,sz.000058,6.4300,6.7100,6.4300,6.6900,6.3800,9901490,65529604.9000,1.840300,1,4.858900,189052.207469,4.292070,6.484875,-50.050605,0
2020-03-03,sz.000058,6.8300,6.9500,6.7200,6.9500,6.6900,15996290,109410277.9000,2.973100,1,3.886400,196399.527939,4.458877,6.736903,-51.995770,0
2020-03-04,sz.000058,6.8700,7.1600,6.8100,7.0700,6.9500,19390094,135938160.7800,3.603800,1,1.726600,199790.598925,4.535864,6.853223,-52.893539,0
2020-03-05,sz.000058,7.1000,7.2500,7.0100,7.1800,7.0700,22778661,162372926.1700,4.233600,1,1.555900,202899.080662,4.606436,6.959851,-53.716494,0
2020-03-06,sz.000058,7.0800,7.1700,7.0100,7.0800,7.1800,14082290,99676739.7000,2.617300,1,-1.392800,200073.188174,4.542280,6.862917,-52.968353,0
2020-03-09,sz.000058,6.9500,7.1700,6.8000,6.8300,7.0800,16781334,117491625.6300,3.119000,1,-3.531100,193008.456953,4.381889,6.620582,-51.098002,0
2020-03-10,sz.000058,6.6300,6.9700,6.5200,6.9600,6.8300,16100126,108295730.0900,2.992400,1,1.903400,196682.117188,4.465292,6.746596,-52.070584,0
2020-03-11,sz.000058,6.9500,7.1900,6.9500,6.9800,6.9600,19075701,134993102.9900,3.545400,1,0.287400,197247.295685,4.478123,6.765983,-52.220213,0
2020-03-12,sz.000058,6.8000,6.8500,6.6200,6.6800,6.9800,13284536,89457405.6800,2.469100,1,-4.298000,188769.618220,4.285654,6.475181,-49.975791,0
2020-03-13,sz.000058,6.2700,6.5500,6.2000,6.5000,6.6800,16071635,101970866.5500,2.987100,1,-2.694600,183683.011741,4.170172,6.300700,-48.629138,0
2020-03-16,sz.000058,6.6200,6.7400,6.3000,6.3200,6.5000,13235610,86560234.2000,2.460000,1,-2.769200,178596.405262,4.054691,6.126219,-47.282485,0
2020-03-17,sz.000058,6.4000,6.4800,6.1100,6.3400,6.3200,10760200,67542844.0000,1.999900,1,0.316500,179161.583760,4.067522,6.145606,-47.432113,0
2020-03-18,sz.000058,6.3800,6.4500,6.1900,6.2000,6.3400,9748688,61762184.0000,1.812000,1,-2.208200,175205.334276,3.977703,6.009899,-46.384716,0
2020-03-19,sz.000058,6.2200,6.2900,6.0900,6.2400,6.2000,8446309,52315473.8000,1.569800,1,0.645200,176335.691272,4.003365,6.048672,-46.683972,0
2020-03-20,sz.000058,6.2700,6.4500,6.1300,6.4000,6.2400,12556734,78937150.9200,2.333800,1,2.564100,180857.119253,4.106016,6.203767,-47.880997,0
2020-03-23,sz.000058,6.2200,6.2800,6.1000,6.1100,6.4000,8216062,50877249.7900,1.527000,1,-4.531200,172662.031037,3.919962,5.922658,-45.711390,0
2020-03-24,sz.000058,6.2000,6.2800,6.1200,6.2100,6.1100,6129654,37964061.2700,1.139300,1,1.636700,175487.923525,3.984118,6.019592,-46.459530,0
2020-03-25,sz.000058,6.3200,6.4500,6.2600,6.4200,6.2100,10287990,65361795.2500,1.912100,1,3.381600,181422.297751,4.118847,6.223153,-48.030625,0
2020-03-26,sz.000058,6.3500,6.4200,6.2400,6.2400,6.4200,6508000,41176836.0000,1.209600,1,-2.803700,176335.691272,4.003365,6.048672,-46.683972,0
2020-03-27,sz.000058,6.3200,6.3700,6.2300,6.2400,6.2400,4314301,27107447.1900,0.801900,1,0.000000,176335.691272,4.003365,6.048672,-46.683972,0
2020-03-30,sz.000058,6.1800,6.2800,6.0400,6.1700,6.2400,6823600,41888536.0000,1.268200,1,-1.121800,174357.566530,3.958456,5.980819,-46.160274,0
2020-03-31,sz.000058,6.2300,6.2300,6.1200,6.1500,6.1700,4051800,25009242.0000,0.753100,1,-0.324100,173792.388032,3.945625,5.961432,-46.010646,0
2020-04-01,sz.000058,6.1300,6.2100,6.0900,6.1200,6.1500,3717313,22845162.8200,0.690900,1,-0.487800,172944.620286,3.926378,5.932352,-45.786204,0
2020-04-02,sz.000058,6.0500,6.4000,6.0300,6.3300,6.1200,9951668,62081585.9800,1.849600,1,3.431400,178878.994511,4.061106,6.135913,-47.357299,0
2020-04-03,sz.000058,6.3300,6.9600,6.3000,6.9600,6.3300,55065562,375035690.0000,10.234500,1,9.952600,196682.117188,4.465292,6.746596,-52.070584,0
2020-04-07,sz.000058,6.9600,7.4000,6.8200,7.2000,6.9600,60388863,427745216.3400,11.223900,1,3.448300,203464.259160,4.619268,6.979237,-53.866122,0
2020-04-08,sz.000058,6.9500,7.0700,6.8400,6.9800,7.2000,31414555,218075780.4000,5.838700,1,-3.055600,197247.295685,4.478123,6.765983,-52.220213,0
2020-04-09,sz.000058,6.9800,7.6800,6.9300,7.2500,6.9800,48793530,358556167.5900,9.068800,1,3.868200,204877.205404,4.651346,7.027704,-54.240192,0
2020-04-10,sz.000058,7.1100,7.8800,7.0800,7.5300,7.2500,61521570,458678690.7300,11.434400,1,3.862100,212789.704371,4.830984,7.299119,-56.334986,0
2020-04-13,sz.000058,7.2900,7.3900,6.8500,7.2100,7.5300,32806018,234991733.6500,6.097300,1,-4.249700,203746.848409,4.625683,6.988931,-53.940936,0
2020-04-14,sz.000058,7.2400,7.5500,7.1600,7.2000,7.2100,32508956,237690946.5600,6.042100,1,-0.138700,203464.259160,4.619268,6.979237,-53.866122,0
2020-04-15,sz.000058,7.0500,7.3600,6.8700,6.9500,7.2000,33797465,238562749.2800,6.281600,1,-3.472200,121.058105,4.458877,5.746331,-51.995770,0
2020-04-16,sz.000058,6.8800,6.9500,6.6600,6.7500,6.9500,29189750,196949869.4400,5.425200,1,-2.877700,117.574418,4.330564,5.580969,-50.499489,0
2020-04-17,sz.000058,6.8100,6.9400,6.6700,6.8000,6.7500,26262500,178653057.0000,4.881100,1,0.740700,118.445340,4.362642,5.622309,-50.873560,0
2020-04-20,sz.000058,6.8000,7.0800,6.6700,6.9700,6.8000,27965678,192338949.4200,5.198000,1,2.500000,121.406473,4.471708,5.762867,-52.145399,0
2020-04-21,sz.000058,6.9100,7.1500,6.7900,6.8600,6.9700,23175139,160396075.9300,4.307300,1,-1.578200,119.490446,4.401136,5.671918,-51.322444,0
2020-04-22,sz.000058,6.7700,7.0600,6.6800,6.9400,6.8600,24750357,169816157.6400,4.600100,1,1.166200,120.883920,4.452461,5.738063,-51.920956,0
2020-04-23,sz.000058,6.9100,7.4000,6.8600,7.2600,6.9400,44205465,317886409.2700,8.216000,1,4.611000,126.457819,4.657762,6.002642,-54.315006,0
2020-04-24,sz.000058,7.2100,7.4900,7.0500,7.0500,7.2600,33947300,246639296.3200,6.309400,1,-2.892600,122.799948,4.523033,5.829012,-52.743911,0
2020-04-27,sz.000058,7.0100,7.7600,6.9900,7.5800,7.0500,73720045,555508755.5100,13.701600,1,7.517700,132.031717,4.863062,6.267221,-56.709056,0
2020-04-28,sz.000058,7.8700,7.9900,6.8200,7.0100,7.5800,74369428,541567985.4400,13.823000,1,-7.519800,1319.917613,4.588869,6.615686,-17.770871,0
2020-04-29,sz.000058,6.5000,6.5900,6.3100,6.3100,7.0100,44086813,280823502.7800,8.194400,1,-9.985700,1188.114142,4.130636,5.955061,-15.996319,0
2020-04-30,sz.000058,6.2000,6.4200,6.1000,6.3100,6.3100,22833585,143452701.0200,4.244100,1,0.000000,1188.114142,4.130636,5.955061,-15.996319,0
2020-05-06,sz.000058,6.2000,6.4000,6.1900,6.3600,6.3100,15576806,98308201.7900,2.895200,1,0.792400,1197.528676,4.163367,6.002248,-16.123073,0
2020-05-07,sz.000058,6.3600,6.4000,6.2800,6.2800,6.3600,12424646,78676103.5600,2.309400,1,-1.257900,1182.465422,4.110998,5.926748,-15.920267,0
2020-05-08,sz.000058,6.3300,6.3800,6.2800,6.3500,6.2800,10752200,68196844.1000,1.998500,1,1.114600,1195.645769,4.156821,5.992811,-16.097722,0
2020-05-11,sz.000058,6.3300,6.4200,6.2900,6.3400,6.3500,9510079,60345000.2600,1.767600,1,-0.157500,1193.762862,4.150275,5.983373,-16.072371,0
2020-05-12,sz.000058,6.3000,6.3700,6.2800,6.3500,6.3400,6676820,42254751.8000,1.241000,1,0.157700,1195.645769,4.156821,5.992811,-16.097722,0
2020-05-13,sz.000058,6.3800,6.5000,6.2900,6.4300,6.3500,13957100,89614183.0000,2.594200,1,1.259800,1210.709023,4.209190,6.068311,-16.300528,0
2020-05-14,sz.000058,6.4100,6.5900,6.3700,6.4500,6.4300,15746433,102183780.5400,2.926800,1,0.311000,1214.474836,4.222283,6.087186,-16.351229,0
2020-05-15,sz.000058,6.5200,6.7600,6.5000,6.5300,6.4500,17756401,117485187.6400,3.300400,1,1.240300,1229.538090,4.274652,6.162686,-16.554035,0
2020-05-18,sz.000058,6.4800,6.5500,6.2300,6.2800,6.5300,15201746,96163075.3100,2.825500,1,-3.828500,1182.465422,4.110998,5.926748,-15.920267,0
2020-05-19,sz.000058,6.3100,6.3600,6.2400,6.3100,6.2800,9411003,59118707.7400,1.749200,1,0.477700,1188.114142,4.130636,5.955061,-15.996319,0
2020-05-20,sz.000058,6.3000,6.3000,6.1800,6.1900,6.3100,9255100,57596449.0000,1.720200,1,-1.901700,1165.519261,4.052082,5.841811,-15.692110,0
2020-05-21,sz.000058,6.2300,6.4600,6.2100,6.2700,6.1900,14162802,89393601.4400,2.632400,1,1.292400,1180.582515,4.104452,5.917311,-15.894916,0
2020-05-22,sz.000058,6.2800,6.2800,6.0400,6.1100,6.2700,10897909,66870101.2700,2.025600,1,-2.551800,1150.456008,3.999713,5.766311,-15.489304,0
2020-05-25,sz.000058,6.1300,6.1800,6.0800,6.1400,6.1100,4961371,30334741.8100,0.922200,1,0.491000,1156.104728,4.019351,5.794623,-15.565356,0
2020-05-26,sz.000058,6.3000,6.3500,6.2000,6.2500,6.1400,9120000,57195006.0000,1.695100,1,1.791500,1176.816702,4.091359,5.898436,-15.844214,0
2020-05-27,sz.000058,6.2500,6.3000,6.1600,6.1900,6.2500,6998800,43488126.0000,1.300900,1,-0.960000,1165.519261,4.052082,5.841811,-15.692110,0
2020-05-28,sz.000058,6.1600,6.4400,6.1200,6.2700,6.1900,11973531,75380046.5300,2.225500,1,1.292400,1180.582515,4.104452,5.917311,-15.894916,0
2020-05-29,sz.000058,6.2500,6.4200,6.1700,6.3500,6.2700,14885526,93958898.3400,2.766800,1,1.275900,1195.645769,4.156821,5.992811,-16.097722,0
2020-06-01,sz.000058,6.3500,6.4300,6.3100,6.4100,6.3500,15329706,97871891.7500,2.849300,1,0.944900,1206.943209,4.196098,6.049436,-16.249826,0
2020-06-02,sz.000058,6.4400,6.7400,6.4100,6.6000,6.4100,29225031,193793411.2400,5.432000,1,2.964100,1242.718437,4.320475,6.228748,-16.731490,0
2020-06-03,sz.000058,6.6200,6.8300,6.4700,6.7200,6.6000,28727171,190916002.4800,5.339500,1,1.818200,1265.313318,4.399029,6.341998,-17.035699,0
2020-06-04,sz.000058,6.9900,7.3900,6.8300,7.1500,6.7200,64398768,465485697.5300,11.969700,1,6.398800,1346.278307,4.680515,6.747811,-18.125781,0
2020-06-05,sz.000058,6.9100,7.0400,6.6200,6.6600,7.1500,44090873,299107401.2200,8.195100,1,-6.853200,1254.015877,4.359752,6.285373,-16.883595,0
2020-06-08,sz.000058,6.6600,6.6800,6.5100,6.5400,6.6600,18780713,123592205.6800,3.490800,1,-1.801800,1231.420997,4.281198,6.172123,-16.579386,0
2020-06-09,sz.000058,6.5400,6.5900,6.4500,6.5500,6.5400,14353695,93655442.3000,2.667900,1,0.152900,1233.303903,4.287745,6.181561,-16.604737,0
2020-06-10,sz.000058,6.5500,6.6700,6.4800,6.6200,6.5500,14444462,95194730.9200,2.684800,1,1.068700,1246.484251,4.333568,6.247623,-16.782192,0
2020-06-11,sz.000058,6.5800,6.6500,6.5100,6.5100,6.6200,12889150,84545670.5000,2.395700,1,-1.661600,1225.772277,4.261560,6.143811,-16.503334,0
2020-06-12,sz.000058,6.3400,6.8600,6.3000,6.6900,6.5100,26120400,172682046.9800,4.855000,1,2.765000,1259.664598,4.379391,6.313686,-16.959647,0
2020-06-15,sz.000058,6.6300,6.9500,6.6000,6.8000,6.6900,25512113,173666961.2200,4.741900,1,1.644200,1280.376572,4.451399,6.417498,-17.238505,0
2020-06-16,sz.000058,6.8400,6.9300,6.7300,6.8800,6.8000,17279001,117825967.7900,3.211600,1,1.176500,1295.439825,4.503768,6.492998,-17.441311,0
2020-06-17,sz.000058,6.8100,7.1900,6.7900,7.1800,6.8800,29605648,208387216.4200,5.502800,1,4.360500,1351.927027,4.700154,6.776123,-18.201833,0
2020-06-18,sz.000058,7.1200,7.2900,6.9700,7.0000,7.1800,22831852,161575182.1000,4.243700,1,-2.507000,1318.034706,4.582322,6.606248,-17.745520,0
2020-06-19,sz.000058,7.0200,7.0600,6.9000,6.9500,7.0000,12753747,88964730.6500,2.370500,1,-0.714300,1308.620172,4.549592,6.559061,-17.618766,0
2020-06-22,sz.000058,6.9500,7.1000,6.9100,7.0000,6.9500,13032241,91167258.9600,2.422300,1,0.719400,1318.034706,4.582322,6.606248,-17.745520,0
2020-06-23,sz.000058,6.9800,7.3000,6.8800,7.0000,7.0000,18298989,129674604.9400,3.401200,1,0.000000,1318.034706,4.582322,6.606248,-17.745520,0
2020-06-24,sz.000058,7.1200,7.3300,7.1100,7.2200,7.0000,27860309,201165630.9700,5.178400,1,3.142900,1359.458654,4.726338,6.813873,-18.303236,0
2020-06-29,sz.000058,7.1900,7.7600,7.1500,7.5000,7.2200,37061659,275567308.1800,6.888600,1,3.878100,1412.180042,4.909631,7.078123,-19.013057,0
2020-06-30,sz.000058,7.5000,7.9900,7.4200,7.8600,7.5000,38947934,299758080.3400,7.239200,1,4.800000,1479.964684,5.145293,7.417873,-19.925684,0
2020-07-01,sz.000058,7.7000,7.8600,7.4900,7.6500,7.8600,36191979,276444355.1700,6.727000,1,-2.671800,1440.423643,5.007824,7.219685,-19.393318,0
2020-07-02,sz.000058,7.6500,7.8400,7.6000,7.6700,7.6500,26090763,200517211.0700,4.849500,1,0.261400,1444.189456,5.020916,7.238560,-19.444020,0
2020-07-03,sz.000058,7.6100,7.7000,7.4600,7.5800,7.6700,22585853,171475749.3800,4.198000,1,-1.173400,1427.243296,4.962001,7.153623,-19.215863,0
2020-07-06,sz.000058,7.5600,8.2700,7.5600,8.1600,7.5500,38791871,308402791.9700,7.210200,1,8.079500,1536.451886,5.341679,7.700998,-20.686206,0
2020-07-07,sz.000058,8.2000,8.5200,8.1000,8.2300,8.1600,40192011,333658521.8300,7.470400,1,0.857800,1549.632233,5.387502,7.767060,-20.863661,0
2020-07-08,sz.000058,8.2400,8.9600,8.2400,8.8600,8.2300,40186766,347252459.1700,7.469500,1,7.654900,1668.255357,5.799911,8.361623,-22.460758,0
2020-07-09,sz.000058,8.7900,9.6500,8.7600,9.5600,8.8600,41443548,385329139.0400,7.703100,1,7.900700,1800.058827,6.258143,9.022247,-24.235310,0
2020-07-10,sz.000058,9.3800,10.5200,9.3800,10.5200,9.5600,28733195,293334110.4200,5.340600,1,10.041800,1980.817873,6.886576,9.928247,-26.668982,0
2020-07-13,sz.000058,11.5700,11.5700,11.5700,11.5700,10.5200,7617774,88137645.1800,1.415900,1,9.981000,272.573486,7.573924,9.501707,-29.330810,0
2020-07-14,sz.000058,11.9600,11.9600,10.4100,10.6400,11.5700,94247746,1024508434.2900,17.517700,1,-8.038000,250.663949,6.965130,8.737957,-26.973191,0
2020-07-15,sz.000058,10.3000,10.3000,9.5800,9.5800,10.6400,59320587,587325807.3500,11.025900,1,-9.962400,225.691789,6.271236,7.867446,-24.286012,0
2020-07-16,sz.000058,9.3000,9.9400,9.2000,9.5100,9.5800,42706661,409017209.4800,7.937800,1,-0.730700,224.042684,6.225412,7.809959,-24.108557,0
2020-07-17,sz.000058,9.4000,9.5600,8.9000,9.0100,9.5100,32686087,297333113.5700,6.075300,1,-5.257600,212.263363,5.898104,7.399341,-22.841019,0
2020-07-20,sz.000058,9.0500,9.5900,8.8900,9.5300,9.0100,30188549,280473163.9900,5.611100,1,5.771400,224.513857,6.238505,7.826384,-24.159258,0
2020-07-21,sz.000058,9.5000,10.4500,9.4000,9.9900,9.5300,45128440,444858528.0300,8.388000,1,4.826900,235.350832,6.539629,8.204153,-25.325392,0
2020-07-22,sz.000058,9.8000,10.4000,9.4200,9.8700,9.9900,46662989,465241780.6000,8.673200,1,-1.201200,232.523795,6.461075,8.105605,-25.021183,0
2020-07-23,sz.000058,9.6800,9.8800,9.4400,9.7000,9.8700,27342297,264636374.7800,5.082100,1,-1.722400,228.518826,6.349790,7.965994,-24.590221,0
2020-07-24,sz.000058,9.6600,10.3500,9.3800,9.6700,9.7000,58852858,586670096.2600,10.938900,1,-0.309300,227.812066,6.330151,7.941357,-24.514168,0
2020-07-27,sz.000058,9.6200,9.7900,8.7000,8.8200,9.6700,47699031,426186013.0800,8.865800,1,-8.790100,207.787221,5.773726,7.243306,-22.359355,0
2020-07-28,sz.000058,8.7200,9.1200,8.7200,8.8800,8.8200,23829255,211591940.7500,4.429100,1,0.680300,209.200739,5.813003,7.292580,-22.511460,0
2020-07-29,sz.000058,8.8500,9.7700,8.7100,9.7700,8.8800,45266762,425192311.4700,8.413700,1,10.022500,230.167931,6.395613,8.023481,-24.767676,0
2020-07-30,sz.000058,10.1000,10.4400,9.8300,10.1500,9.7700,65983853,671673822.5200,12.264400,1,3.889500,239.120214,6.644367,8.335551,-25.731004,0
2020-07-31,sz.000058,10.1700,10.6000,10.0200,10.4700,10.1500,54446542,561286995.6000,10.119900,1,3.152700,246.658980,6.853845,8.598347,-26.542228,0
2020-08-03,sz.000058,10.4600,11.5200,10.4000,11.5200,10.4700,64586089,709207646.0200,12.004600,1,10.028700,271.395554,7.541193,9.460645,-29.204056,0
2020-08-04,sz.000058,11.8000,12.6600,11.3800,11.4300,11.5200,92774307,1114645745.6200,17.243900,1,-0.781300,269.275276,7.482278,9.386734,-28.975899,0
2020-08-05,sz.000058,11.0500,11.8700,10.6000,11.4500,11.4300,61563107,696247904.7600,11.442700,1,0.175000,269.746449,7.495370,9.403158,-29.026601,0
2020-08-06,sz.000058,11.1600,11.6100,10.8800,11.0600,11.4500,45066827,502356677.9100,8.376500,1,-3.406100,260.558579,7.240069,9.082876,-28.037922,0
2020-08-07,sz.000058,11.0600,11.3000,10.6000,11.0600,11.0600,34450866,377151398.9300,6.403300,1,0.000000,260.558579,7.240069,9.082876,-28.037922,0
2020-08-10,sz.000058,10.9500,11.6600,10.6300,11.2200,11.0600,44898823,500503613.5600,8.345300,1,1.446700,264.327961,7.344808,9.214274,-28.443534,0
2020-08-11,sz.000058,11.2100,11.2700,10.1200,10.2400,11.2200,44948415,480308076.9700,8.354500,1,-8.734400,241.240492,6.703283,8.409462,-25.959161,0
2020-08-12,sz.000058,10.1500,11.1700,10.0000,10.6000,10.2400,40131603,430187927.3800,7.459200,1,3.515600,249.721603,6.938945,8.705107,-26.871788,0
2020-08-13,sz.000058,10.7200,10.7700,10.3000,10.4100,10.6000,24275790,253738384.6000,4.512100,1,-1.792500,245.245461,6.814568,8.549072,-26.390123,0
2020-08-14,sz.000058,10.3700,10.8600,10.3500,10.8000,10.4100,25237530,267681821.4000,4.690900,1,3.746400,254.433332,7.069869,8.869355,-27.378802,0
2020-08-17,sz.000058,10.8300,11.1100,10.6500,10.8900,10.8000,26734106,290559602.3600,4.969000,1,0.833300,256.553609,7.128784,8.943266,-27.606959,0
2020-08-18,sz.000058,10.9000,11.9500,10.7300,11.6400,10.8900,51154944,579344738.0700,9.508100,1,6.887100,274.222591,7.619748,9.559193,-29.508265,0
2020-08-19,sz.000058,11.6500,12.4900,11.2300,11.2600,11.6400,45117181,529532287.4300,8.385900,1,-3.264600,265.270307,7.370993,9.247123,-28.544937,0
2020-08-20,sz.000058,10.9500,11.4000,10.5100,10.7000,11.2600,37632534,413527538.8900,6.994700,1,-4.973400,252.077467,7.004407,8.787231,-27.125295,0
2020-08-21,sz.000058,10.7700,10.9100,10.4400,10.5900,10.7000,29617413,315597884.5800,5.505000,1,-1.028000,249.486017,6.932399,8.696895,-26.846437,0
2020-08-24,sz.000058,10.5400,10.5400,9.7500,9.9900,10.5900,30770576,307051223.3800,5.719300,1,-5.665700,235.350832,6.539629,8.204153,-25.325392,0
2020-08-25,sz.000058,10.1300,10.1400,9.3800,9.5300,9.9900,35096347,339877601.4100,6.520800,1,-4.604600,217.143341,6.015053,7.826384,1721.414111,0
2020-08-26,sz.000058,9.5500,9.6200,8.8100,8.8600,9.5300,36905372,336632561.7400,6.856900,1,-7.030400,201.877230,5.592169,7.276156,1600.391293,0
2020-08-27,sz.000058,8.8700,8.9600,8.5500,8.7100,8.8600,25166188,219495974.4300,4.675800,1,-1.693000,198.459444,5.497493,7.152970,1573.296633,0
2020-08-28,sz.000058,8.7300,8.7900,8.4600,8.7600,8.7100,23555793,203275887.2100,4.376600,1,0.574100,199.598706,5.529052,7.194032,1582.328186,0
2020-08-31,sz.000058,8.7500,8.8500,8.6400,8.6500,8.7600,23659845,206973597.7700,4.395900,1,-1.255700,197.092330,5.459623,7.103696,1562.458768,0
2020-09-01,sz.000058,8.5800,8.6400,8.3300,8.3900,8.6500,22286901,187582222.7000,4.140800,1,-3.005800,191.168167,5.295519,6.890175,1515.494690,0
2020-09-02,sz.000058,8.4400,8.5200,8.2000,8.2700,8.3900,18782295,156190083.6800,3.489700,1,-1.430300,188.433938,5.219778,6.791626,1493.818961,0
2020-09-03,sz.000058,8.3000,8.3000,8.0500,8.0800,8.2700,16696501,135622937.7900,3.102200,1,-2.297500,184.104742,5.099856,6.635591,1459.499058,0
2020-09-04,sz.000058,7.9000,8.2100,7.8300,8.1400,8.0800,15525360,125235102.7700,2.884600,1,0.742600,185.471857,5.137726,6.684865,1470.336922,0
2020-09-07,sz.000058,8.1300,8.1900,7.7600,7.9200,8.1400,18645501,148624858.0800,3.464300,1,-2.702700,180.459104,4.998869,6.504193,1430.598086,0
2020-09-08,sz.000058,7.8500,8.0400,7.7300,7.9200,7.9200,13757601,108336133.8500,2.556100,1,0.000000,180.459104,4.998869,6.504193,1430.598086,0
2020-09-09,sz.000058,7.8300,7.9100,7.6000,7.6800,7.9200,14226659,109851266.7600,2.643300,1,-3.030300,174.990646,4.847388,6.307097,1387.246629,0
2020-09-10,sz.000058,7.7100,7.7400,7.3400,7.3700,7.6800,14700609,110370634.5900,2.731300,1,-4.036500,167.927222,4.651725,6.052513,1331.250997,0
2020-09-11,sz.000058,7.4000,7.5400,7.3300,7.5000,7.3700,10559882,78781681.0200,1.962000,1,1.763900,170.889303,4.733777,6.159274,1354.733036,0
2020-09-14,sz.000058,7.5400,7.6600,7.4700,7.6600,7.5000,9816601,74183007.4600,1.823900,1,2.133300,174.534942,4.834764,6.290672,1383.634008,0
2020-09-15,sz.000058,7.6700,7.6700,7.4700,7.5900,7.6600,9727413,73458430.1800,1.807300,1,-0.913800,172.939975,4.790582,6.233185,1370.989833,0
2020-09-16,sz.000058,7.6100,7.8400,7.5600,7.6700,7.5900,13813812,106121652.9200,2.566600,1,1.054000,174.762794,4.841076,6.298884,1385.440318,0
2020-09-17,sz.000058,7.6800,7.7000,7.4500,7.5700,7.6700,10193000,76811498.5900,1.893800,1,-1.303800,172.484270,4.777959,6.216761,1367.377211,0
2020-09-18,sz.000058,7.5700,8.3300,7.5200,8.3300,7.5700,39225865,317031451.1300,7.288100,1,10.039600,189.801053,5.257648,6.840900,1504.656826,0
2020-09-21,sz.000058,8.2700,8.3500,8.0800,8.1100,8.3300,27649939,226948751.7300,5.137300,1,-2.641100,184.788300,5.118791,6.660228,1464.917990,0
2020-09-22,sz.000058,8.0300,8.2000,7.7600,7.8200,8.1100,17546000,139624128.0000,3.260000,1,-3.575800,178.180580,4.935752,6.422070,1412.534979,0
2020-09-23,sz.000058,7.8700,8.2700,7.8400,8.1200,7.8200,23566400,190274006.9000,4.378600,1,3.836300,185.016152,5.125103,6.668441,1466.724301,0
2020-09-24,sz.000058,8.0000,8.2500,7.9100,8.1300,8.1200,21330316,173359954.9000,3.963100,1,0.123200,185.244004,5.131414,6.676653,1468.530611,0
2020-09-25,sz.000058,8.1000,8.1300,7.8700,7.9400,8.1300,12002181,95894130.1000,2.230000,1,-2.337000,180.914809,5.011492,6.520618,1434.210708,0
2020-09-28,sz.000058,8.0100,8.4400,7.9600,7.9800,7.9400,15064573,122703768.0900,2.799000,1,0.503800,181.826218,5.036739,6.553468,1441.435951,0
2020-09-29,sz.000058,7.9100,8.2500,7.6700,8.1300,7.9800,18660003,148540185.9300,3.467000,1,1.879700,185.244004,5.131414,6.676653,1468.530611,0
2020-09-30,sz.000058,8.1000,8.1800,7.9100,7.9500,8.1300,12881345,103481331.1500,2.393300,1,-2.214000,181.142661,5.017804,6.528830,1436.017018,0
2020-10-09,sz.000058,8.1100,8.5500,8.1100,8.4700,7.9500,28384073,238657975.6000,5.273700,1,6.540900,192.990986,5.346012,6.955873,1529.945176,0
2020-10-12,sz.000058,8.8000,8.9800,8.4700,8.7000,8.4700,43440401,376850364.7300,8.070200,1,2.715500,198.231592,5.491181,7.144758,1571.490322,0
2020-10-13,sz.000058,8.6900,8.7400,8.3800,8.7100,8.7000,23616985,201686147.1500,4.387500,1,0.114900,198.459444,5.497493,7.152970,1573.296633,0
2020-10-14,sz.000058,8.6700,8.6700,8.1100,8.2000,8.7100,26379806,219833288.6500,4.900700,1,-5.855300,186.838971,5.175596,6.734140,1481.174786,0
2020-10-15,sz.000058,8.1300,8.2400,8.1000,8.1100,8.2000,11021156,89901344.1500,2.047500,1,-1.097600,184.788300,5.118791,6.660228,1464.917990,0
2020-10-16,sz.000058,8.1100,8.1300,7.9100,7.9600,8.1100,10232009,81756091.1700,1.900900,1,-1.849600,181.370514,5.024115,6.537043,1437.823329,0
2020-10-19,sz.000058,8.0900,8.2300,7.9800,8.0200,7.9600,9400501,76066753.9800,1.746400,1,0.753800,182.737628,5.061986,6.586317,1448.661193,0
2020-10-20,sz.000058,7.9300,8.0200,7.7800,8.0000,8.0200,7256200,57351561.0000,1.348000,1,-0.249400,182.281923,5.049362,6.569892,1445.048572,0
2020-10-21,sz.000058,7.9800,8.0000,7.8000,7.8000,8.0000,7916210,62167959.7000,1.470600,1,-2.500000,177.724875,4.923128,6.405645,1408.922358,0
2020-10-22,sz.000058,7.7500,7.8500,7.6700,7.7900,7.8000,5651441,43944504.8900,1.049900,1,-0.128200,177.497023,4.916816,6.397433,1407.116047,0
2020-10-23,sz.000058,7.8400,7.8500,7.6600,7.6700,7.7900,6146300,47529352.0000,1.141800,1,-1.540400,174.762794,4.841076,6.298884,1385.440318,0
2020-10-26,sz.000058,7.6000,7.6600,7.4900,7.6200,7.6700,5067436,38487083.1300,0.941400,1,-0.651900,173.623532,4.809518,6.257822,1376.408765,0
2020-10-27,sz.000058,7.5900,7.6400,7.4900,7.5100,7.6200,5779167,43575184.1900,1.073600,1,-1.443600,171.117155,4.740089,6.167486,1356.539347,0
2020-10-28,sz.000058,7.4400,7.4900,7.3200,7.4400,7.5100,7358537,54443544.3200,1.367000,1,-0.932100,169.522189,4.695907,6.110000,1343.895172,0
2020-10-29,sz.000058,7.3600,7.4400,7.3300,7.3800,7.4400,5436937,40082547.4300,1.010100,1,-0.806500,148.258621,4.674738,6.253051,-628.650823,0
2020-10-30,sz.000058,7.3500,7.3900,7.0400,7.0700,7.3800,9402700,67650490.6300,1.746800,1,-4.200500,142.030955,4.478374,5.990389,-602.244081,0
2020-11-02,sz.000058,7.0700,7.0700,6.9000,6.9900,7.0700,7078067,49464321.2200,1.314900,1,-1.131500,140.423815,4.427699,5.922605,-595.429438,0
2020-11-03,sz.000058,7.0100,7.3500,7.0100,7.2100,6.9900,8971173,64810548.1800,1.666600,1,3.147400,144.843449,4.567054,6.109010,-614.169707,0
2020-11-04,sz.000058,7.2500,7.3200,7.1800,7.2000,7.2100,5772529,41818430.5000,1.072400,1,-0.138700,144.642557,4.560720,6.100537,-613.317876,0
2020-11-05,sz.000058,7.2100,7.3700,7.1900,7.3200,7.2000,7956629,57960674.6500,1.478200,1,1.666700,147.053266,4.636732,6.202213,-623.539841,0
2020-11-06,sz.000058,7.3900,7.3900,7.2200,7.2800,7.3200,6406700,46741601.0000,1.190200,1,-0.546400,146.249696,4.611395,6.168321,-620.132519,0
2020-11-09,sz.000058,7.2900,7.5500,7.2900,7.4500,7.2800,10524663,78253613.6600,1.955200,1,2.335200,149.664868,4.719078,6.312361,-634.613636,0
2020-11-10,sz.000058,7.4700,7.5100,7.2800,7.3200,7.4500,7145582,52598895.3900,1.327500,1,-1.745000,147.053266,4.636732,6.202213,-623.539841,0
2020-11-11,sz.000058,7.3100,7.3900,7.2200,7.2600,7.3200,6092431,44374399.2200,1.131800,1,-0.819700,145.847911,4.598726,6.151375,-618.428859,0
2020-11-12,sz.000058,7.2600,7.3200,7.2000,7.2700,7.2600,5209601,37763590.2200,0.967800,1,0.137700,146.048804,4.605060,6.159848,-619.280689,0
2020-11-13,sz.000058,7.2800,7.2800,7.1400,7.2000,7.2700,5158328,37099578.6200,0.958300,1,-0.962900,144.642557,4.560720,6.100537,-613.317876,0
2020-11-16,sz.000058,7.2100,7.3000,7.1800,7.2500,7.2000,5514809,39861681.5800,1.024500,1,0.694400,145.647019,4.592392,6.142902,-617.577028,0
2020-11-17,sz.000058,7.2500,7.2500,7.0900,7.1300,7.2500,5336557,38093493.9100,0.991400,1,-1.655200,143.236310,4.516380,6.041226,-607.355064,0
2020-11-18,sz.000058,7.1400,7.2100,7.0900,7.1100,7.1300,5824739,41610955.2900,1.082100,1,-0.280500,142.834525,4.503711,6.024280,-605.651403,0
2020-11-19,sz.000058,7.1200,7.2200,7.1000,7.1800,7.1100,5557255,39772589.6000,1.032400,1,0.984500,144.240772,4.548051,6.083591,-611.614216,0
2020-11-20,sz.000058,7.1800,7.1800,7.0700,7.1500,7.1800,5114200,36404560.0000,0.950100,1,-0.417800,143.638095,4.529048,6.058172,-609.058724,0
2020-11-23,sz.000058,7.1500,7.2100,7.0800,7.1800,7.1500,6060801,43341535.1100,1.126000,1,0.419600,144.240772,4.548051,6.083591,-611.614216,0
2020-11-24,sz.000058,7.2000,7.2400,7.1400,7.1700,7.1800,6281805,45187449.8500,1.167000,1,-0.139300,144.039879,4.541717,6.075118,-610.762385,0
2020-11-25,sz.000058,7.2000,7.2300,7.0800,7.0800,7.1700,6255010,44707498.7000,1.162000,1,-1.255200,142.231847,4.484708,5.998862,-603.095912,0
2020-11-26,sz.000058,7.0700,7.0700,6.9200,6.9600,7.0800,5456565,38095880.1100,1.013700,1,-1.694900,139.821138,4.408696,5.897186,-592.873947,0
2020-11-27,sz.000058,6.9600,6.9900,6.8900,6.9600,6.9600,3916754,27190341.6000,0.727600,1,0.000000,139.821138,4.408696,5.897186,-592.873947,0
2020-11-30,sz.000058,6.9600,7.0500,6.9400,6.9500,6.9600,5307100,37134629.0000,0.985900,1,-0.143700,139.620246,4.402362,5.888713,-592.022117,0
2020-12-01,sz.000058,6.9300,7.0200,6.8800,6.9900,6.9500,5796100,40411931.0000,1.076800,1,0.575500,140.423815,4.427699,5.922605,-595.429438,0
2020-12-02,sz.000058,7.0200,7.1000,6.9900,7.0400,6.9900,5049860,35575075.6000,0.938100,1,0.715300,141.428278,4.459371,5.964970,-599.688590,0
2020-12-03,sz.000058,7.0500,7.1400,7.0200,7.1200,7.0400,5857602,41450850.8800,1.088200,1,1.136400,143.035417,4.510045,6.032753,-606.503233,0
2020-12-04,sz.000058,7.1200,7.1600,7.0400,7.0700,7.1200,4583669,32440447.1400,0.851500,1,-0.702200,142.030955,4.478374,5.990389,-602.244081,0
2020-12-07,sz.000058,7.0800,7.0900,6.9800,7.0000,7.0700,3763900,26473577.0000,0.699200,1,-0.990100,140.624708,4.434033,5.931078,-596.281269,0
2020-12-08,sz.000058,6.9900,7.0800,6.9500,7.0200,7.0000,3887459,27246610.8200,0.722200,1,0.285700,141.026493,4.446702,5.948024,-597.984930,0
2020-12-09,sz.000058,7.0300,7.0300,6.8200,6.8300,7.0200,5578800,38616420.0000,1.036400,1,-2.706600,137.209536,4.326350,5.787037,-581.800152,0
2020-12-10,sz.000058,6.8100,6.8200,6.7000,6.7800,6.8300,4182900,28270835.5000,0.777100,1,-0.732100,136.205074,4.294678,5.744672,-577.541000,0
2020-12-11,sz.000058,6.7600,6.7800,6.6100,6.6500,6.7800,5293367,35307764.8600,0.983400,1,-1.917400,133.593473,4.212332,5.634524,-566.467205,0
2020-12-14,sz.000058,6.6600,6.7200,6.6000,6.6800,6.6500,3255021,21695476.3200,0.604700,1,0.451100,134.196150,4.231335,5.659943,-569.022696,0
2020-12-15,sz.000058,6.6700,6.6800,6.6200,6.6400,6.6800,2724757,18097461.3000,0.506200,1,-0.598800,133.392580,4.205997,5.626051,-565.615375,0
2020-12-16,sz.000058,6.6600,6.6600,6.3300,6.3600,6.6400,7610024,48915170.7800,1.413800,1,-4.216900,127.767592,4.028636,5.388808,-541.764124,0
2020-12-17,sz.000058,6.3600,6.6200,6.2400,6.5500,6.3600,8121379,52412754.8600,1.508800,1,2.987400,131.584548,4.148988,5.549794,-557.948901,0
2020-12-18,sz.000058,6.6000,6.6700,6.5400,6.6200,6.5500,4941223,32634095.0700,0.918000,1,1.068700,132.990795,4.193329,5.609105,-563.911714,0
2020-12-21,sz.000058,6.5800,6.6600,6.5200,6.6000,6.6200,3919019,25918817.3500,0.728100,1,-0.302100,132.589010,4.180660,5.592159,-562.208053,0
2020-12-22,sz.000058,6.5700,6.6000,6.3900,6.4200,6.6000,5028158,32634968.7400,0.934100,1,-2.727300,128.972946,4.066642,5.439646,-546.875106,0
2020-12-23,sz.000058,6.3700,6.4700,6.3400,6.3600,6.4200,4072793,26008960.6200,0.756600,1,-0.934600,127.767592,4.028636,5.388808,-541.764124,0
2020-12-24,sz.000058,6.4900,6.6000,6.3600,6.4100,6.3600,5519798,35662398.6500,1.025400,1,0.786200,128.772054,4.060308,5.431173,-546.023276,0
2020-12-25,sz.000058,6.3500,6.4200,6.3100,6.3600,6.4100,3942901,25082233.3600,0.732500,1,-0.780000,127.767592,4.028636,5.388808,-541.764124,0
2020-12-28,sz.000058,6.3200,6.3900,6.2000,6.2300,6.3600,5451022,34072165.4000,1.012700,1,-2.044000,125.155990,3.946290,5.278659,-530.690329,0
2020-12-29,sz.000058,6.2200,6.3900,6.2000,6.3300,6.2300,4400695,27831344.9500,0.817500,1,1.605100,127.164914,4.009633,5.363389,-539.208633,0
2020-12-30,sz.000058,6.3200,6.8800,6.3000,6.4700,6.3300,10230969,66518484.6200,1.900700,1,2.211700,129.977409,4.098314,5.482010,-551.134258,0
2020-12-31,sz.000058,6.4900,6.7600,6.4700,6.7200,6.4700,12552557,83366800.8700,2.332000,1,3.864000,134.999720,4.256672,5.693835,-572.430018,0
2021-01-04,sz.000058,6.7200,6.7200,6.5300,6.6200,6.7200,9517919,62794011.0900,1.768200,1,-1.488100,132.990795,4.193329,5.609105,-563.911714,0
2021-01-05,sz.000058,6.5500,6.5800,6.4000,6.4500,6.6200,7563281,48909776.6500,1.405100,1,-2.568000,129.575624,4.085645,5.465065,-549.430598,0
2021-01-06,sz.000058,6.4200,6.4500,6.3300,6.3600,6.4500,5027680,32038323.5400,0.934000,1,-1.395300,127.767592,4.028636,5.388808,-541.764124,0
2021-01-07,sz.000058,6.3900,6.3900,6.1200,6.1500,6.3600,7297501,45313036.1400,1.355700,1,-3.301900,123.548851,3.895615,5.210875,-523.875686,0
2021-01-08,sz.000058,6.1500,6.2600,6.0100,6.2200,6.1500,4396465,27117082.0500,0.816800,1,1.138200,124.955098,3.939955,5.270186,-529.838499,0
2021-01-11,sz.000058,6.2100,6.2100,6.0100,6.0300,6.2200,5836771,35406787.2100,1.084300,1,-3.054700,121.138141,3.819603,5.109200,-513.653721,0
2021-01-12,sz.000058,6.0400,6.1000,5.9800,6.0900,6.0300,4326613,26167518.6500,0.803800,1,0.995000,122.343496,3.857609,5.160038,-518.764704,0
2021-01-13,sz.000058,6.0700,6.0700,5.8400,5.9100,6.0900,5848064,34610718.0800,1.086400,1,-2.955700,118.727432,3.743591,5.007524,-503.431757,0
2021-01-14,sz.000058,5.9000,6.1200,5.9000,6.0400,5.9100,4800141,28936854.8500,0.891800,1,2.199700,121.339034,3.825937,5.117673,-514.505552,0
2021-01-15,sz.000058,6.1100,6.2800,6.0700,6.2300,6.0400,6666515,41174904.5900,1.238500,1,3.145700,125.155990,3.946290,5.278659,-530.690329,0
2021-01-18,sz.000058,6.1400,6.3100,6.1300,6.2400,6.2300,5793033,36099057.9000,1.076200,1,0.160500,125.356882,3.952624,5.287132,-531.542160,0
2021-01-19,sz.000058,6.1800,6.4400,6.1600,6.3400,6.2400,8052375,50929943.8100,1.495900,1,1.602600,127.365807,4.015967,5.371862,-540.060463,0
2021-01-20,sz.000058,6.3300,6.3800,6.2100,6.2700,6.3400,3894562,24381830.4600,0.723500,1,-1.104100,125.959560,3.971627,5.312551,-534.097651,0
2021-01-21,sz.000058,6.2800,6.3000,6.1600,6.2200,6.2700,4158800,25858771.0000,0.772600,1,-0.797400,124.955098,3.939955,5.270186,-529.838499,0
2021-01-22,sz.000058,6.1700,6.2000,6.0600,6.0600,6.2200,4518531,27594623.1400,0.839400,1,-2.572300,121.740819,3.838606,5.134619,-516.209213,0
2021-01-25,sz.000058,6.0000,6.0200,5.9100,5.9400,6.0600,4251165,25290974.4800,0.789800,1,-1.980200,119.330109,3.762594,5.032943,-505.987248,0
2021-01-26,sz.000058,5.9100,6.0200,5.9000,5.9200,5.9400,2767336,16444377.5500,0.514100,1,-0.336700,118.928324,3.749925,5.015997,-504.283587,0
2021-01-27,sz.000058,5.9000,5.9800,5.8200,5.9500,5.9200,3227570,19034369.1000,0.599600,1,0.506800,119.531002,3.768928,5.041416,-506.839078,0
2021-01-28,sz.000058,5.8800,6.0200,5.8600,5.9200,5.9500,3384005,20102335.0700,0.628700,1,-0.504200,118.928324,3.749925,5.015997,-504.283587,0
2021-01-29,sz.000058,5.8800,5.9000,5.4700,5.5500,5.9200,9024038,50841588.1500,1.676500,1,-6.250000,111.495304,3.515555,4.702497,-472.765863,0
2021-02-01,sz.000058,5.5500,5.5600,5.4100,5.4700,5.5500,4206166,22997891.8200,0.781400,1,-1.441400,109.888165,3.464880,4.634714,-465.951220,0
2021-02-02,sz.000058,5.4600,5.5000,5.3500,5.4000,5.4700,2923180,15856867.0000,0.543100,1,-1.279700,108.481918,3.420540,4.575403,-459.988407,0
2021-02-03,sz.000058,5.4000,5.6600,5.3600,5.5200,5.4000,6235448,34426119.4000,1.158400,1,2.222200,110.892627,3.496552,4.677078,-470.210372,0
2021-02-04,sz.000058,5.5100,5.5200,5.3100,5.3600,5.5200,3549481,19119808.0300,0.659400,1,-2.898600,107.678348,3.395203,4.541511,-456.581086,0
2021-02-05,sz.000058,5.3400,5.4500,5.2900,5.2900,5.3600,2325544,12472075.6800,0.432000,1,-1.306000,106.272101,3.350862,4.482200,-450.618273,0
2021-02-08,sz.000058,5.3000,5.3800,5.2700,5.2900,5.2900,2599200,13808285.0000,0.482900,1,0.000000,106.272101,3.350862,4.482200,-450.618273,0
2021-02-09,sz.000058,5.2900,5.3900,5.2300,5.3700,5.2900,2879650,15348588.7000,0.535000,1,1.512300,107.879240,3.401537,4.549984,-457.432916,0
2021-02-10,sz.000058,5.3800,5.4500,5.3400,5.4500,5.3700,3130715,16942906.8000,0.581600,1,1.489800,109.486380,3.452212,4.617768,-464.247559,0
2021-02-18,sz.000058,5.5500,5.6200,5.5100,5.6000,5.4500,4738541,26436240.2700,0.880300,1,2.752300,112.499766,3.547227,4.744862,-477.025015,0
2021-02-19,sz.000058,5.5800,5.7800,5.5300,5.7600,5.6000,4822600,27377713.4700,0.895900,1,2.857100,115.714045,3.648576,4.880430,-490.654301,0
2021-02-22,sz.000058,5.7600,5.9900,5.7600,5.8500,5.7600,7025367,41498835.0900,1.305100,1,1.562500,117.522077,3.705585,4.956686,-498.320775,0
2021-02-23,sz.000058,5.8500,5.8600,5.6700,5.7000,5.8500,4721901,27158000.6800,0.877200,1,-2.564100,114.508691,3.610570,4.829592,-485.543319,0
2021-02-24,sz.000058,5.6900,6.2000,5.6700,5.8600,5.7000,10865691,64087075.0800,2.018600,1,2.807000,117.722970,3.711919,4.965159,-499.172605,0
2021-02-25,sz.000058,5.8000,5.9500,5.7200,5.9200,5.8600,8363482,48831765.9400,1.553700,1,1.023900,118.928324,3.749925,5.015997,-504.283587,0
2021-02-26,sz.000058,5.8200,5.8900,5.7600,5.8300,5.9200,3939672,22977357.3200,0.731900,1,-1.520300,117.120292,3.692916,4.939740,-496.617114,0
2021-03-01,sz.000058,5.8500,5.9300,5.8100,5.9100,5.8300,4456001,26169862.8600,0.827800,1,1.372200,118.727432,3.743591,5.007524,-503.431757,0
2021-03-02,sz.000058,5.9000,5.9100,5.8000,5.8500,5.9100,4113501,24018400.8100,0.764200,1,-1.015200,117.522077,3.705585,4.956686,-498.320775,0
2021-03-03,sz.000058,5.8500,5.8900,5.7900,5.8700,5.8500,3655564,21372544.1600,0.679100,1,0.341900,117.923862,3.718254,4.973632,-500.024435,0
2021-03-04,sz.000058,5.8300,5.8800,5.7800,5.7900,5.8700,3357308,19559063.5100,0.623700,1,-1.362900,116.316723,3.667579,4.905849,-493.209792,0
2021-03-05,sz.000058,5.7600,5.9400,5.7500,5.8900,5.7900,4179027,24466170.6400,0.776400,1,1.727100,118.325647,3.730922,4.990578,-501.728096,0
2021-03-08,sz.000058,5.9700,6.1900,5.9200,6.0700,5.8900,11766801,71367608.7000,2.186000,1,3.056000,121.941711,3.844940,5.143092,-517.061043,0
2021-03-09,sz.000058,6.4600,6.6800,6.4500,6.6800,6.0700,32320263,215426107.9700,6.004300,1,10.049400,134.196150,4.231335,5.659943,-569.022696,0
2021-03-10,sz.000058,6.6800,6.9700,6.3200,6.3300,6.6800,40648964,267705499.3100,7.551600,1,-5.239500,127.164914,4.009633,5.363389,-539.208633,0
2021-03-11,sz.000058,6.1500,6.5000,5.9200,6.2900,6.3300,25392656,156979727.0500,4.717400,1,-0.631900,126.361345,3.984296,5.329497,-535.801311,0
2021-03-12,sz.000058,6.3000,6.4200,6.1400,6.2200,6.2900,15467795,96633825.4100,2.873500,1,-1.112900,124.955098,3.939955,5.270186,-529.838499,0
2021-03-15,sz.000058,6.1500,6.2800,6.1200,6.1700,6.2200,9725400,60258472.0000,1.806700,1,-0.803900,123.950635,3.908284,5.227821,-525.579347,0
2021-03-16,sz.000058,6.1200,6.5800,6.1100,6.4700,6.1700,19115594,121718103.3400,3.551200,1,4.862200,129.977409,4.098314,5.482010,-551.134258,0
2021-03-17,sz.000058,6.5000,6.9400,6.4800,6.6200,6.4700,26361619,176313690.3500,4.897400,1,2.318400,132.990795,4.193329,5.609105,-563.911714,0
2021-03-18,sz.000058,6.6800,6.6900,6.3700,6.4900,6.6200,16448691,106260498.1900,3.055800,1,-1.963700,130.379194,4.110982,5.498956,-552.837919,0
2021-03-19,sz.000058,6.4300,6.4700,6.2800,6.3100,6.4900,10252765,65115329.4500,1.904700,1,-2.773500,126.763130,3.996964,5.346443,-537.504972,0
2021-03-22,sz.000058,6.2500,6.4200,6.2500,6.4000,6.3100,9536566,60409892.8200,1.771700,1,1.426300,128.571162,4.053973,5.422700,-545.171446,0
2021-03-23,sz.000058,6.3800,6.3800,6.1700,6.2300,6.4000,9692753,60427102.5400,1.800700,1,-2.656300,125.155990,3.946290,5.278659,-530.690329,0
2021-03-24,sz.000058,6.2000,6.2900,6.1600,6.2200,6.2300,6228600,38838435.9200,1.157100,1,-0.160500,124.955098,3.939955,5.270186,-529.838499,0
2021-03-25,sz.000058,6.1800,6.2000,6.0300,6.0400,6.2200,8049400,48979771.0000,1.495400,1,-2.893900,121.339034,3.825937,5.117673,-514.505552,0
2021-03-26,sz.000058,6.0300,6.1400,6.0300,6.0900,6.0400,4583008,27940397.7500,0.851400,1,0.827800,122.343496,3.857609,5.160038,-518.764704,0
2021-03-29,sz.000058,6.1100,6.1600,6.0700,6.1400,6.0900,4516681,27591077.4000,0.839100,1,0.821000,123.347958,3.889281,5.202402,-523.023856,0
2021-03-30,sz.000058,6.1500,6.1500,6.0000,6.0500,6.1400,5371332,32402370.2700,0.997900,1,-1.465800,121.539926,3.832272,5.126146,-515.357382,0
2021-03-31,sz.000058,6.0800,6.1500,6.0300,6.1200,6.0500,4366950,26662594.5000,0.811300,1,1.157000,122.946173,3.876612,5.185457,-521.320195,0
2021-04-01,sz.000058,6.1100,6.1100,6.0100,6.0700,6.1200,3378400,20466410.0000,0.627600,1,-0.817000,121.941711,3.844940,5.143092,-517.061043,0
2021-04-02,sz.000058,6.0500,6.0800,6.0200,6.0600,6.0700,2979700,18017018.0000,0.553600,1,-0.164700,121.740819,3.838606,5.134619,-516.209213,0
2021-04-06,sz.000058,6.0900,6.3500,6.0300,6.1900,6.0600,6482591,40144680.2500,1.204300,1,2.145200,124.352420,3.920952,5.244767,-527.283008,0
2021-04-07,sz.000058,6.1300,6.2200,6.1100,6.1800,6.1900,3660500,22530375.0000,0.680000,1,-0.161600,124.151528,3.914618,5.236294,-526.431177,0
2021-04-08,sz.000058,6.1600,6.1800,6.1000,6.1100,6.1800,3090536,18972417.2000,0.574100,1,-1.132700,122.745281,3.870278,5.176984,-520.468365,0
2021-04-09,sz.000058,6.1300,6.1300,6.0500,6.0600,6.1100,2615186,15858452.1600,0.485800,1,-0.818300,121.740819,3.838606,5.134619,-516.209213,0
2021-04-12,sz.000058,6.0600,6.0700,6.0000,6.0100,6.0600,3143000,18926514.0000,0.583900,1,-0.825100,120.736356,3.806934,5.092254,-511.950061,0
2021-04-13,sz.000058,6.0100,6.0200,5.8000,5.8700,6.0100,4277187,25161347.2100,0.794600,1,-2.329500,117.923862,3.718254,4.973632,-500.024435,0
2021-04-14,sz.000058,5.8400,5.9400,5.8400,5.9300,5.8700,1810804,10693563.6400,0.336400,1,1.022100,119.129217,3.756260,5.024470,-505.135418,0
2021-04-15,sz.000058,6.0500,6.0700,5.9000,5.9100,5.9300,3455638,20670885.7000,0.642000,1,-0.337300,318.889997,3.743591,5.202612,-503.431757,0
2021-04-16,sz.000058,5.9000,6.0700,5.8600,6.0400,5.9100,3940619,23661710.7200,0.732100,1,2.199700,325.904498,3.825937,5.317052,-514.505552,0
2021-04-19,sz.000058,6.0800,6.1600,6.0400,6.1500,6.0400,5167600,31610817.9900,0.960000,1,1.821200,331.839844,3.895615,5.413885,-523.875686,0
2021-04-20,sz.000058,6.1500,6.1700,6.0700,6.0800,6.1500,3703812,22665306.4900,0.688100,1,-1.138200,328.062806,3.851275,5.352264,-517.912873,0
2021-04-21,sz.000058,6.0700,6.1500,6.0300,6.1100,6.0800,3192455,19475195.7500,0.593100,1,0.493400,329.681537,3.870278,5.378673,-520.468365,0
2021-04-22,sz.000058,6.0900,6.1500,6.0800,6.0900,6.1100,2886735,17638820.8000,0.536300,1,-0.327300,328.602383,3.857609,5.361067,-518.764704,0
2021-04-23,sz.000058,6.0800,6.0900,5.9600,6.0300,6.0900,4386407,26320415.0200,0.814900,1,-0.985200,325.364921,3.819603,5.308249,-513.653721,0
2021-04-26,sz.000058,5.9500,6.0200,5.9500,5.9600,6.0300,2544174,15213171.0400,0.472600,1,-1.160900,321.587882,3.775263,5.246627,-507.690909,0
2021-04-27,sz.000058,6.0600,6.0800,5.8600,5.9600,5.9600,3004400,17778433.6000,0.558100,1,0.000000,104.051743,3.798531,4.397486,-4656.285324,0
2021-04-28,sz.000058,5.9700,5.9700,5.8800,5.9500,5.9600,2265200,13415305.0000,0.420800,1,-0.167800,103.877160,3.792158,4.390108,-4648.472764,0
2021-04-29,sz.000058,5.9000,5.9500,5.8400,5.9400,5.9500,2688900,15895779.0000,0.499500,1,-0.168100,103.702576,3.785784,4.382729,-4640.660205,0
2021-04-30,sz.000058,5.9000,5.9300,5.8200,5.8600,5.9400,2621435,15363600.0500,0.487000,1,-1.346800,102.305908,3.734797,4.323703,-4578.159731,0
2021-05-06,sz.000058,5.8700,5.9000,5.8200,5.8400,5.8600,3078672,17989549.0400,0.571900,1,-0.341300,101.956742,3.722051,4.308946,-4562.534613,0
2021-05-07,sz.000058,5.8200,5.8200,5.6700,5.7500,5.8400,4129081,23638050.8100,0.767100,1,-1.541100,100.385490,3.664690,4.242541,-4492.221579,0
2021-05-10,sz.000058,5.7100,5.7400,5.6800,5.7200,5.7500,2749475,15684356.9800,0.510800,1,-0.521700,99.861740,3.645570,4.220406,-4468.783901,0
2021-05-11,sz.000058,5.7000,5.8700,5.6100,5.8300,5.7200,3445528,19913788.9600,0.640100,1,1.923100,101.782158,3.715677,4.301568,-4554.722053,0
2021-05-12,sz.000058,5.8600,5.8800,5.8100,5.8800,5.8300,2546500,14899070.0000,0.473100,1,0.857600,102.655075,3.747544,4.338459,-4593.784850,0
2021-05-13,sz.000058,5.8900,5.9300,5.8500,5.8900,5.8800,3565730,20981969.8000,0.662400,1,0.170100,102.829659,3.753917,4.345838,-4601.597409,0
2021-05-14,sz.000058,5.9000,6.4800,5.8600,6.2600,5.8900,19455934,121452547.3100,3.614400,1,6.281800,109.289247,3.989732,4.618836,-4890.662102,0
2021-05-17,sz.000058,6.2600,6.2600,5.9900,6.0400,6.2600,12795491,77523106.1100,2.377100,1,-3.514400,105.448411,3.849518,4.456513,-4718.785798,0
2021-05-18,sz.000058,6.0500,6.0600,5.9300,5.9400,6.0400,6195110,37023936.3000,1.150900,1,-1.655600,103.702576,3.785784,4.382729,-4640.660205,0
2021-05-19,sz.000058,5.8800,5.8800,5.4900,5.6500,5.9400,18614021,105276089.0600,3.458000,1,-4.882200,98.639656,3.600956,4.168758,-4414.095986,0
2021-05-20,sz.000058,5.5500,5.7500,5.5500,5.6200,5.6500,9911031,56070772.2300,1.841200,1,-0.531000,98.115905,3.581836,4.146623,-4390.658309,0
2021-05-21,sz.000058,5.5700,5.6200,5.3400,5.4100,5.6200,14142289,76629480.1200,2.627300,1,-3.736700,94.449653,3.447995,3.991678,-4226.594564,0
2021-05-24,sz.000058,5.3800,5.5000,5.2700,5.4400,5.4100,8110425,43324477.8500,1.506700,1,0.554500,94.973403,3.467116,4.013813,-4250.032242,0
2021-05-25,sz.000058,5.3900,5.4500,5.3600,5.4400,5.4400,5591529,30262886.2200,1.038800,1,0.000000,94.973403,3.467116,4.013813,-4250.032242,0
2021-05-26,sz.000058,5.4600,5.6300,5.4600,5.5700,5.4400,7860787,43663596.9300,1.460300,1,2.389700,97.242988,3.549969,4.109731,-4351.595512,0
2021-05-27,sz.000058,5.5300,5.5900,5.4800,5.5700,5.5700,4751919,26414843.4500,0.882800,1,0.000000,97.242988,3.549969,4.109731,-4351.595512,0
2021-05-28,sz.000058,5.5900,5.5900,5.4600,5.5200,5.5700,5062100,27961812.6000,0.940400,1,-0.897700,96.370071,3.518103,4.072840,-4312.532716,0
2021-05-31,sz.000058,5.5000,5.5000,5.4300,5.4700,5.5200,3895722,21267773.1500,0.723700,1,-0.905800,95.497153,3.486236,4.035948,-4273.469920,0
2021-06-01,sz.000058,5.4500,5.6500,5.4500,5.6200,5.4700,8370000,46723099.0000,1.554900,1,2.742200,98.115905,3.581836,4.146623,-4390.658309,0
2021-06-02,sz.000058,5.5600,5.6100,5.5100,5.5300,5.6200,5584600,30945517.0000,1.037500,1,-1.601400,96.544654,3.524476,4.080218,-4320.345275,0
2021-06-03,sz.000058,5.5000,5.5700,5.4900,5.5200,5.5300,4089000,22620844.0000,0.759600,1,-0.180800,96.370071,3.518103,4.072840,-4312.532716,0
2021-06-04,sz.000058,5.5200,5.5200,5.4400,5.4600,5.5200,4275618,23365170.6400,0.794300,1,-1.087000,95.322570,3.479862,4.028570,-4265.657360,0
2021-06-07,sz.000058,5.4600,5.4900,5.4100,5.4800,5.4600,2655789,14511710.8200,0.493400,1,0.366300,95.671737,3.492609,4.043326,-4281.282479,0
2021-06-08,sz.000058,5.4900,5.5900,5.4800,5.5500,5.4800,4768200,26475174.6000,0.885800,1,1.277400,96.893821,3.537223,4.094975,-4335.970394,0
2021-06-09,sz.000058,5.5500,5.5800,5.4900,5.5100,5.5500,4127599,22802491.4800,0.766800,1,-0.720700,96.195487,3.511729,4.065461,-4304.720157,0
2021-06-10,sz.000058,5.5500,5.7000,5.5400,5.5900,5.5100,8266035,46336265.6500,1.535600,1,1.451900,97.592155,3.562716,4.124488,-4367.220631,0
2021-06-11,sz.000058,5.6100,5.6200,5.5300,5.5500,5.5900,5419081,30165256.5300,1.006700,1,-0.715600,96.893821,3.537223,4.094975,-4335.970394,0
2021-06-15,sz.000058,5.5500,5.5500,5.4500,5.4800,5.5500,4731336,25975738.9700,0.879000,1,-1.261300,95.671737,3.492609,4.043326,-4281.282479,0
2021-06-16,sz.000058,5.5100,5.5500,5.4400,5.4800,5.4800,3693785,20293078.9500,0.686200,1,0.000000,95.671737,3.492609,4.043326,-4281.282479,0
2021-06-17,sz.000058,5.4600,5.5000,5.4000,5.4100,5.4800,3823300,20786924.0000,0.710300,1,-1.277400,94.449653,3.447995,3.991678,-4226.594564,0
2021-06-18,sz.000058,5.4100,5.4400,5.3400,5.4300,5.4100,3263441,17616110.1500,0.606300,1,0.369700,94.798820,3.460742,4.006435,-4242.219683,0
2021-06-21,sz.000058,5.4400,5.5600,5.4100,5.5400,5.4300,4747180,26119012.2000,0.881900,1,2.025800,96.719238,3.530849,4.087596,-4328.157834,0
2021-06-22,sz.000058,5.5500,5.5900,5.4900,5.5200,5.5400,4458200,24676167.0000,0.828200,1,-0.361000,96.370071,3.518103,4.072840,-4312.532716,0
2021-06-23,sz.000058,5.5400,5.5500,5.4800,5.5400,5.5200,3395077,18716046.2400,0.630700,1,0.362300,96.719238,3.530849,4.087596,-4328.157834,0
2021-06-24,sz.000058,5.6900,6.0900,5.6600,6.0900,5.5400,21218533,126313986.3700,3.941900,1,9.927800,106.321328,3.881385,4.493404,-4757.848594,0
2021-06-25,sz.000058,6.1300,6.4700,5.9400,5.9400,6.0900,46709783,290443247.8600,8.677600,1,-2.463100,103.702576,3.785784,4.382729,-4640.660205,0
2021-06-28,sz.000058,6.1200,6.4000,6.0000,6.0900,5.9400,28600578,175692528.9900,5.313300,1,2.525300,106.321328,3.881385,4.493404,-4757.848594,0
2021-06-29,sz.000058,6.0000,6.0100,5.8100,5.8200,6.0900,18415256,108579546.0900,3.421100,1,-4.433500,101.607575,3.709304,4.294189,-4546.909494,0
2021-06-30,sz.000058,5.9100,6.1100,5.8200,5.9400,5.8200,16285503,97002674.6000,3.025500,1,2.061900,103.702576,3.785784,4.382729,-4640.660205,0
2021-07-01,sz.000058,5.8800,5.9700,5.7500,5.7500,5.9400,10599088,61910329.9200,1.969100,1,-3.198700,100.385490,3.664690,4.242541,-4492.221579,0
2021-07-02,sz.000058,5.8300,5.8400,5.6400,5.7600,5.7500,8507725,48897876.2200,1.580500,1,0.173900,100.560074,3.671064,4.249919,-4500.034138,0
2021-07-05,sz.000058,5.7300,5.8200,5.6600,5.8000,5.7600,6666241,38437669.7300,1.238400,1,0.694400,101.258408,3.696557,4.279433,-4531.284375,0
2021-07-06,sz.000058,5.7900,5.9400,5.7600,5.8300,5.8000,8319193,48732233.8400,1.545500,1,0.517200,101.782158,3.715677,4.301568,-4554.722053,0
2021-07-07,sz.000058,5.8100,5.8800,5.7100,5.8100,5.8300,7248400,41889918.3400,1.346600,1,-0.343100,101.432991,3.702930,4.286811,-4539.096935,0
2021-07-08,sz.000058,5.7800,5.8000,5.7200,5.7600,5.8000,5707805,32864491.0400,1.060400,1,-0.689700,100.560074,3.671064,4.249919,-4500.034138,0
2021-07-09,sz.000058,5.7600,5.9200,5.6600,5.9200,5.7600,10463030,61201175.5900,1.943800,1,2.777800,103.353409,3.773038,4.367973,-4625.035087,0
2021-07-12,sz.000058,5.9200,6.0200,5.8500,5.8600,5.9200,10191030,60124194.2300,1.893300,1,-1.013500,102.305908,3.734797,4.323703,-4578.159731,0
2021-07-13,sz.000058,5.8700,6.1000,5.8100,5.9800,5.8600,13721796,82119035.7300,2.549200,1,2.047800,104.400910,3.811278,4.412243,-4671.910442,0
2021-07-14,sz.000058,5.9700,6.2800,5.9200,6.1500,5.9800,23097653,142645100.0500,4.291000,1,2.842800,107.368829,3.919625,4.537674,-4804.723950,0
2021-07-15,sz.000058,6.1300,6.1600,5.9700,6.0100,6.1500,14455174,87430972.0600,2.685400,1,-2.276400,104.924660,3.830398,4.434378,-4695.348120,0
2021-07-16,sz.000058,6.0100,6.1200,5.9500,6.0400,6.0100,11860900,71605027.0000,2.203500,1,0.499200,105.448411,3.849518,4.456513,-4718.785798,0
2021-07-19,sz.000058,6.2000,6.2000,5.9100,6.0700,6.0400,13247599,80404112.1100,2.461100,1,0.496700,105.972161,3.868638,4.478648,-4742.223476,0
2021-07-20,sz.000058,5.9600,6.0300,5.9200,5.9900,6.0700,8127474,48459950.7700,1.509900,1,-1.318000,104.575493,3.817651,4.419621,-4679.723002,0
2021-07-21,sz.000058,5.9600,6.1500,5.9400,6.0200,5.9900,8497336,51125392.6400,1.578600,1,0.500800,105.099244,3.836771,4.441756,-4703.160679,0
2021-07-22,sz.000058,5.9800,6.1700,5.9100,6.0900,6.0200,13761630,83669330.8900,2.556600,1,1.162800,106.321328,3.881385,4.493404,-4757.848594,0
2021-07-23,sz.000058,6.0200,6.1500,5.9900,6.0400,6.0900,10225464,61849976.9200,1.899600,1,-0.821000,105.448411,3.849518,4.456513,-4718.785798,0
2021-07-26,sz.000058,6.0100,6.0600,5.7600,5.8700,6.0400,12057358,71065304.4200,2.240000,1,-2.814600,102.480492,3.741171,4.331081,-4585.972290,0
2021-07-27,sz.000058,5.8800,5.9000,5.7100,5.7400,5.8700,7971199,46242199.2700,1.480900,1,-2.214700,100.210907,3.658317,4.235163,-4484.409020,0
2021-07-28,sz.000058,5.7400,5.7400,5.4900,5.5100,5.7400,8584395,47753864.1700,1.594800,1,-4.007000,96.195487,3.511729,4.065461,-4304.720157,0
2021-07-29,sz.000058,5.5500,5.6200,5.5100,5.5200,5.5100,6863753,38081654.1500,1.275100,1,0.181500,96.370071,3.518103,4.072840,-4312.532716,0
2021-07-30,sz.000058,5.5500,5.6000,5.4200,5.5800,5.5200,6011246,33340466.0000,1.116700,1,1.087000,97.417572,3.556343,4.117110,-4359.408072,0
2021-08-02,sz.000058,5.6300,5.8500,5.5600,5.8400,5.5800,11095873,63880040.7900,2.061300,1,4.659500,101.956742,3.722051,4.308946,-4562.534613,0
2021-08-03,sz.000058,5.8700,5.8700,5.7600,5.8000,5.8400,8203477,47744053.0500,1.524000,1,-0.684900,101.258408,3.696557,4.279433,-4531.284375,0
2021-08-04,sz.000058,5.7500,5.8100,5.7200,5.7500,5.8000,5488301,31590913.7500,1.019600,1,-0.862100,100.385490,3.664690,4.242541,-4492.221579,0
2021-08-05,sz.000058,5.7500,5.7900,5.6100,5.6300,5.7500,6154030,34800308.9800,1.143300,1,-2.087000,98.290489,3.588210,4.154001,-4398.470868,0
2021-08-06,sz.000058,5.5600,5.6700,5.5500,5.5900,5.6300,4475643,25018412.8700,0.831500,1,-0.710500,97.592155,3.562716,4.124488,-4367.220631,0
2021-08-09,sz.000058,5.5600,5.6500,5.5600,5.6400,5.5900,4549342,25540788.2500,0.845200,1,0.894500,98.465072,3.594583,4.161380,-4406.283427,0
2021-08-10,sz.000058,5.6400,5.7300,5.6000,5.7100,5.6400,5101819,29000816.4300,0.947800,1,1.241100,99.687157,3.639197,4.213028,-4460.971342,0
2021-08-11,sz.000058,5.7200,5.7700,5.6900,5.7500,5.7100,5275001,30276456.7400,0.980000,1,0.700500,100.385490,3.664690,4.242541,-4492.221579,0
2021-08-12,sz.000058,5.7400,5.7500,5.6700,5.6800,5.7500,4790441,27296953.8900,0.889900,1,-1.217400,99.163406,3.620077,4.190893,-4437.533664,0
2021-08-13,sz.000058,5.6400,5.7200,5.6300,5.6800,5.6800,4484040,25406081.2400,0.833000,1,0.000000,99.163406,3.620077,4.190893,-4437.533664,0
2021-08-16,sz.000058,5.6700,5.7500,5.6100,5.7200,5.6800,4608101,26200021.6700,0.856100,1,0.704200,99.861740,3.645570,4.220406,-4468.783901,0
2021-08-17,sz.000058,5.7200,5.7200,5.5400,5.5400,5.7200,6231637,34968748.9800,1.157700,1,-3.146900,96.719238,3.530849,4.087596,-4328.157834,0
2021-08-18,sz.000058,5.5200,5.5700,5.4600,5.5100,5.5400,5997771,33017079.6200,1.114200,1,-0.541500,461.941697,3.507257,4.307686,-90.284996,0
2021-08-19,sz.000058,5.5000,5.5100,5.4200,5.4600,5.5100,5728599,31232432.4900,1.064200,1,-0.907400,457.749849,3.475431,4.268596,-89.465713,0
2021-08-20,sz.000058,5.4300,5.4400,5.3200,5.3800,5.4600,5525892,29569937.6200,1.026600,1,-1.465200,451.042891,3.424509,4.206052,-88.154860,0
2021-08-23,sz.000058,5.3700,5.4600,5.3500,5.4500,5.3800,4067173,22095686.1100,0.755600,1,1.301100,456.911479,3.469066,4.260778,-89.301856,0
2021-08-24,sz.000058,5.4500,5.5400,5.4300,5.5100,5.4500,4752427,26025494.6600,0.882900,1,1.100900,461.941697,3.507257,4.307686,-90.284996,0
2021-08-25,sz.000058,5.5000,5.5000,5.4300,5.4900,5.5100,3444526,18820432.9400,0.639900,1,-0.363000,460.264958,3.494527,4.292050,-89.957283,0
2021-08-26,sz.000058,5.4700,5.5200,5.4400,5.4800,5.4900,4026958,22051072.6800,0.748100,1,-0.182100,459.426588,3.488161,4.284232,-89.793426,0
2021-08-27,sz.000058,5.4500,5.5300,5.4300,5.5200,5.4800,4212859,23093547.9600,0.782600,1,0.729900,462.780067,3.513622,4.315503,-90.448853,0
2021-08-30,sz.000058,5.5200,5.5500,5.4800,5.5300,5.5200,4376475,24182305.7500,0.813000,1,0.181200,463.618437,3.519988,4.323321,-90.612709,0
2021-08-31,sz.000058,5.5300,5.7300,5.4900,5.6800,5.5300,10479386,58910768.2100,1.946800,1,2.712500,476.193982,3.615466,4.440591,-93.070559,0
2021-09-01,sz.000058,5.6100,5.8100,5.5900,5.7900,5.6800,13399063,76632395.8300,2.489200,1,1.936600,485.416048,3.685484,4.526588,-94.872981,0
2021-09-02,sz.000058,5.7500,6.3700,5.7300,6.1700,5.7900,44139083,273737393.6300,8.200000,1,6.563000,517.274097,3.927364,4.823670,-101.099533,0
2021-09-03,sz.000058,6.5100,6.7900,6.4000,6.7900,6.1700,24328318,162676021.0200,4.519600,1,10.048600,569.253017,4.322010,5.308382,-111.258643,0
2021-09-06,sz.000058,6.9600,7.2300,6.4100,6.5300,6.7900,58749777,394680309.5500,10.914300,1,-3.829200,547.455405,4.156513,5.105116,-106.998371,0
2021-09-07,sz.000058,6.4500,6.5300,6.2500,6.3300,6.5300,32459363,206400211.6000,6.030200,1,-3.062800,530.688012,4.029208,4.948757,-103.721239,0
2021-09-08,sz.000058,6.3600,6.3800,6.1700,6.2000,6.3300,24495456,152859822.7500,4.550700,1,-2.053700,519.789206,3.946460,4.847123,-101.591103,0
2021-09-09,sz.000058,6.2100,6.2800,6.1600,6.2400,6.2000,19488025,121082315.9000,3.620400,1,0.645200,523.142684,3.971921,4.878395,-102.246529,0
2021-09-10,sz.000058,6.2300,6.2300,5.9600,6.0200,6.2400,20031357,121859420.6700,3.721300,1,-3.525600,504.698551,3.831885,4.706401,-98.641684,0
2021-09-13,sz.000058,5.9800,6.1000,5.9200,6.0700,6.0200,9132359,55124270.9700,1.696600,1,0.830600,508.890400,3.863712,4.745490,-99.460967,0
2021-09-14,sz.000058,6.0700,6.2300,6.0100,6.1300,6.0700,14107413,86556398.8800,2.620800,1,0.988500,513.920618,3.901903,4.792398,-100.444106,0
2021-09-15,sz.000058,6.1300,6.2700,6.0600,6.1700,6.1300,14183293,87756843.0800,2.634900,1,0.652500,517.274097,3.927364,4.823670,-101.099533,0
2021-09-16,sz.000058,6.1100,6.1900,5.9900,6.0000,6.1700,11813495,71633939.7300,2.194700,1,-2.755300,503.021812,3.819155,4.690765,-98.313970,0
2021-09-17,sz.000058,5.9800,6.0400,5.8800,6.0200,6.0000,7419357,44240588.4600,1.378300,1,0.333300,504.698551,3.831885,4.706401,-98.641684,0
2021-09-22,sz.000058,5.9500,6.1600,5.9000,6.1600,6.0200,8482383,51598794.6700,1.575800,1,2.325600,516.435727,3.920999,4.815852,-100.935676,0
2021-09-23,sz.000058,6.2000,6.2100,6.0900,6.1200,6.1600,6884909,42192182.4800,1.279100,1,-0.649400,513.082248,3.895538,4.784580,-100.280250,0
2021-09-24,sz.000058,6.0600,6.1200,5.9700,6.0100,6.1200,7263726,43809125.2200,1.349400,1,-1.797400,503.860182,3.825520,4.698583,-98.477827,0
2021-09-27,sz.000058,6.0100,6.0600,5.7400,5.8000,6.0100,8401127,49237580.9800,1.560700,1,-3.494200,486.254418,3.691850,4.534406,-95.036838,0
2021-09-28,sz.000058,5.8000,5.8600,5.7400,5.8300,5.8000,3740951,21720513.9500,0.695000,1,0.517200,488.769527,3.710945,4.557860,-95.528408,0
2021-09-29,sz.000058,5.7900,5.8200,5.6500,5.6600,5.8300,5796181,33084001.6500,1.076800,1,-2.916000,474.517243,3.602736,4.424955,-92.742845,0
2021-09-30,sz.000058,5.6400,5.7600,5.6400,5.7500,5.6600,3160062,18092830.9300,0.587100,1,1.590100,482.062570,3.660023,4.495316,-94.217555,0
2021-10-08,sz.000058,5.8500,5.9500,5.8000,5.8900,5.7500,4538751,26640375.3300,0.843200,1,2.434800,493.799745,3.749137,4.604767,-96.511548,0
2021-10-11,sz.000058,5.8900,5.9100,5.8300,5.8400,5.8900,3129900,18341336.0000,0.581500,1,-0.848900,489.607897,3.717311,4.565678,-95.692264,0
2021-10-12,sz.000058,5.8100,5.8600,5.7000,5.7900,5.8400,3548754,20496772.5600,0.659300,1,-0.856200,485.416048,3.685484,4.526588,-94.872981,0
2021-10-13,sz.000058,5.7600,5.8200,5.7400,5.8100,5.7900,2370200,13712612.9700,0.440300,1,0.345400,487.092788,3.698215,4.542224,-95.200695,0
2021-10-14,sz.000058,5.8100,5.8400,5.7400,5.8300,5.8100,2500800,14492815.1400,0.464600,1,0.344200,488.769527,3.710945,4.557860,-95.528408,0
2021-10-15,sz.000058,5.7900,5.8000,5.7200,5.7400,5.8300,3162200,18188072.0000,0.587500,1,-1.543700,481.224200,3.653658,4.487498,-94.053698,0
2021-10-18,sz.000058,5.7500,5.7700,5.6600,5.7600,5.7400,2590456,14789520.5200,0.481200,1,0.348400,482.900939,3.666389,4.503134,-94.381412,0
2021-10-19,sz.000058,5.7700,5.8600,5.7300,5.8200,5.7600,3413581,19839001.3900,0.634200,1,1.041700,487.931158,3.704580,4.550042,-95.364551,0
2021-10-20,sz.000058,5.8500,5.8600,5.7900,5.8300,5.8200,2968473,17272087.3200,0.551500,1,0.171800,488.769527,3.710945,4.557860,-95.528408,0
2021-10-21,sz.000058,5.8300,5.8300,5.7100,5.7300,5.8300,3019400,17396032.0000,0.560900,1,-1.715300,480.385830,3.647293,4.479680,-93.889842,0
2021-10-22,sz.000058,5.7700,5.8900,5.7500,5.7500,5.7300,3695500,21478109.0000,0.686500,1,0.349000,482.062570,3.660023,4.495316,-94.217555,0
2021-10-25,sz.000058,5.7000,5.7400,5.6600,5.7200,5.7500,2876019,16381942.3000,0.534300,1,-0.521700,479.547461,3.640928,4.471862,-93.725985,0
2021-10-26,sz.000058,5.6800,5.7400,5.6500,5.6700,5.7200,2484451,14114530.1900,0.461600,1,-0.874100,475.355612,3.609101,4.432773,-92.906702,0
2021-10-27,sz.000058,5.6700,5.7000,5.5300,5.5400,5.6700,3451192,19213134.0400,0.641100,1,-2.292800,464.456806,3.526353,4.331139,-90.776566,0
2021-10-28,sz.000058,5.4700,5.5300,5.4500,5.4700,5.5400,2435686,13363943.7300,0.452500,1,-1.263500,-485.292135,3.471812,3.879044,84.437264,0
2021-10-29,sz.000058,5.4800,5.6300,5.4800,5.5800,5.4700,2560139,14249455.0600,0.475600,1,2.011000,-495.051209,3.541629,3.957050,86.135271,0
2021-11-01,sz.000058,5.5600,5.7600,5.5500,5.7100,5.5800,3410737,19372943.8200,0.633600,1,2.329700,-506.584660,3.624140,4.049239,88.142007,0
2021-11-02,sz.000058,5.7000,5.7200,5.5300,5.5800,5.7100,3430544,19268388.6400,0.637300,1,-2.276700,-495.051209,3.541629,3.957050,86.135271,0
2021-11-03,sz.000058,5.6400,5.6800,5.5600,5.6800,5.5800,2127811,11976781.9200,0.395300,1,1.792100,-503.923095,3.605099,4.027965,87.678914,0
2021-11-04,sz.000058,5.6800,5.7400,5.6300,5.7400,5.6800,3341920,19043793.8600,0.620800,1,1.056300,-509.246226,3.643181,4.070514,88.605100,0
2021-11-05,sz.000058,5.7300,5.7300,5.6600,5.6800,5.7400,3127400,17784880.0000,0.581000,1,-1.045300,-503.923095,3.605099,4.027965,87.678914,0
2021-11-08,sz.000058,5.7200,5.8700,5.7200,5.8000,5.6800,5025231,29113588.6500,0.933600,1,2.112700,-514.569357,3.681263,4.113063,89.531285,0
2021-11-09,sz.000058,5.7600,5.8700,5.7600,5.8100,5.8000,3800071,22136415.9200,0.706000,1,0.172400,-515.456546,3.687610,4.120154,89.685650,0
2021-11-10,sz.000058,5.7900,5.8400,5.7000,5.8400,5.8100,3741622,21599786.1200,0.695100,1,0.516400,-518.118111,3.706651,4.141429,90.148742,0
2021-11-11,sz.000058,5.8200,5.9800,5.8100,5.9100,5.8400,7460652,44106496.8100,1.386000,1,1.198600,-524.328431,3.751080,4.191069,91.229292,0
2021-11-12,sz.000058,5.9700,5.9700,5.8300,5.9200,5.9100,4968567,29203092.7700,0.923000,1,0.169200,-525.215620,3.757427,4.198161,91.383657,0
2021-11-15,sz.000058,5.9500,5.9500,5.8600,5.8800,5.9200,5200735,30581185.3000,0.966200,1,-0.675700,-521.666866,3.732039,4.169795,90.766200,0
2021-11-16,sz.000058,5.8900,5.9000,5.7800,5.8100,5.8800,3989370,23292798.3000,0.741100,1,-1.190500,-515.456546,3.687610,4.120154,89.685650,0
2021-11-17,sz.000058,5.8000,5.8900,5.7700,5.8800,5.8100,4344602,25416392.7100,0.807100,1,1.204800,-521.666866,3.732039,4.169795,90.766200,0
2021-11-18,sz.000058,5.9200,6.4700,5.8700,6.4700,5.8800,31062556,196710509.8300,5.770700,1,10.034000,-574.010990,4.106513,4.588192,99.873692,0
2021-11-19,sz.000058,6.4800,6.7500,6.2200,6.2500,6.4700,46738744,299618443.1400,8.682900,1,-3.400300,-554.492842,3.966879,4.432180,96.477678,0
2021-11-22,sz.000058,6.1800,6.4700,6.1500,6.3900,6.2500,25919162,163220150.1300,4.815200,1,2.240000,-566.913481,4.055737,4.531460,98.638778,0
2021-11-23,sz.000058,6.4000,6.8800,6.2700,6.5200,6.3900,33016478,216657118.6100,6.133700,1,2.034400,-578.446933,4.138248,4.623650,100.645514,0
2021-11-24,sz.000058,6.2800,6.3700,6.1800,6.2000,6.5200,27779973,173455919.4800,5.160900,1,-4.908000,-550.056899,3.935144,4.396722,95.705857,0
2021-11-25,sz.000058,6.1500,6.2600,6.0700,6.1300,6.2000,18066303,111171144.0600,3.356300,1,-1.129000,-543.846579,3.890715,4.347082,94.625307,0
2021-11-26,sz.000058,6.0700,6.1800,6.0500,6.0700,6.1300,9840231,60065844.2700,1.828100,1,-0.978800,-538.523448,3.852633,4.304533,93.699121,0
2021-11-29,sz.000058,6.0100,6.1400,5.9600,6.1300,6.0700,9328614,56561321.3000,1.733000,1,0.988500,-543.846579,3.890715,4.347082,94.625307,0
2021-11-30,sz.000058,6.1300,6.1500,6.0300,6.0700,6.1300,7909401,48129820.7400,1.469400,1,-0.978800,-538.523448,3.852633,4.304533,93.699121,0
2021-12-01,sz.000058,6.0500,6.2000,6.0200,6.1700,6.0700,10205112,62517469.5900,1.895900,1,1.647400,-547.395333,3.916103,4.375448,95.242764,0
2021-12-02,sz.000058,6.1400,6.1500,6.0300,6.0300,6.1700,8139900,49471998.0000,1.512200,1,-2.269000,-534.974694,3.827244,4.276167,93.081664,0
2021-12-03,sz.000058,6.0400,6.0900,5.9700,6.0400,6.0300,6979600,42044919.0000,1.296600,1,0.165800,-535.861882,3.833591,4.283258,93.236028,0
2021-12-06,sz.000058,6.0400,6.0900,5.9400,5.9600,6.0400,6377600,38264471.0000,1.184800,1,-1.324500,-528.764374,3.782815,4.226526,92.001114,0
2021-12-07,sz.000058,5.9900,6.0200,5.8600,5.9000,5.9600,6065617,35871597.4700,1.126800,1,-1.006700,-523.441243,3.744733,4.183978,91.074928,0
2021-12-08,sz.000058,5.9600,6.0300,5.8600,6.0000,5.9000,7033483,41779060.0200,1.306700,1,1.694900,-532.313128,3.808203,4.254892,92.618571,0
2021-12-09,sz.000058,6.0000,6.0200,5.9600,6.0000,6.0000,4945817,29655353.8300,0.918800,1,0.000000,-532.313128,3.808203,4.254892,92.618571,0
2021-12-10,sz.000058,6.0200,6.0200,5.9600,5.9800,6.0000,3487000,20878588.0000,0.647800,1,-0.333300,-530.538751,3.795509,4.240709,92.309842,0
2021-12-13,sz.000058,6.0100,6.1800,5.9600,6.1100,5.9800,10544687,64096809.5800,1.959000,1,2.173900,-542.072202,3.878021,4.332899,94.316578,0
2021-12-14,sz.000058,6.1800,6.6500,6.1800,6.4800,6.1100,43808704,283207635.3800,8.138600,1,6.055600,-574.898178,4.112860,4.595284,100.028057,0
2021-12-15,sz.000058,6.4800,6.6300,6.3100,6.3200,6.4800,24832825,159922821.0600,4.613300,1,-2.469100,-560.703162,4.011308,4.481820,97.558228,0
2021-12-16,sz.000058,6.2700,6.3600,6.2700,6.2900,6.3200,12075973,76183269.1400,2.243400,1,-0.474700,-558.041596,3.992267,4.460546,97.095135,0
2021-12-17,sz.000058,6.2700,6.2700,6.1600,6.1700,6.2900,9053860,56156165.4000,1.682000,1,-1.907800,-547.395333,3.916103,4.375448,95.242764,0
2021-12-20,sz.000058,6.1700,6.2900,6.0900,6.1000,6.1700,9130140,56324605.0000,1.696200,1,-1.134500,-541.185014,3.871674,4.325807,94.162214,0
2021-12-21,sz.000058,6.1000,6.3600,6.0900,6.3400,6.1000,12569532,78611644.1200,2.335100,1,3.934400,-562.477539,4.024002,4.496003,97.866957,0
2021-12-22,sz.000058,6.4100,6.5100,6.2000,6.2600,6.3400,11787330,73919848.4200,2.189800,1,-1.261800,-555.380030,3.973226,4.439271,96.632042,0
2021-12-23,sz.000058,6.2600,6.3300,6.1500,6.1900,6.2600,9952326,61802696.1600,1.848900,1,-1.118200,-549.169711,3.928797,4.389631,95.551492,0
2021-12-24,sz.000058,6.1900,6.2100,6.0200,6.0500,6.1900,8908602,54295233.1100,1.655000,1,-2.261700,-536.749071,3.839939,4.290350,93.390392,0
2021-12-27,sz.000058,6.0500,6.1600,6.0200,6.1000,6.0500,6697100,40743476.0000,1.244200,1,0.826400,-541.185014,3.871674,4.325807,94.162214,0
2021-12-28,sz.000058,6.1000,6.7100,6.0600,6.7100,6.1000,42479433,277556938.1600,7.891700,1,10.000000,-595.303515,4.258841,4.758388,103.578435,0
2021-12-29,sz.000058,6.8100,6.8800,6.5000,6.6300,6.7100,52596665,350179424.7200,9.771200,1,-1.192300,-588.206007,4.208065,4.701656,102.343521,0
2021-12-30,sz.000058,6.6600,6.7200,6.5000,6.5900,6.6300,23699955,155783351.0900,4.402900,1,-0.603300,-584.657252,4.182677,4.673290,101.726064,0
2021-12-31,sz.000058,6.7200,7.2500,6.5700,6.7300,6.5900,62765333,430748283.5300,11.660300,1,2.124400,-597.077892,4.271535,4.772571,103.887164,0
2022-01-04,sz.000058,6.8800,7.1500,6.8100,6.8700,6.7300,43017824,298064936.9300,7.991700,1,2.080200,-609.498532,4.360393,4.871852,106.048264,0
2022-01-05,sz.000058,6.9100,7.1200,6.6700,6.7300,6.8700,34704800,237194170.0600,6.447300,1,-2.037800,-597.077892,4.271535,4.772571,103.887164,0
2022-01-06,sz.000058,6.6900,6.8200,6.6300,6.7000,6.7300,20295524,136018686.9800,3.770400,1,-0.445800,-594.416326,4.252494,4.751297,103.424071,0
2022-01-07,sz.000058,6.5300,6.6700,6.3800,6.3900,6.7000,24090310,156656677.0900,4.475400,1,-4.626900,-566.913481,4.055737,4.531460,98.638778,0
2022-01-10,sz.000058,6.3200,6.5700,6.3200,6.4700,6.3900,12714961,82353999.8900,2.362100,1,1.252000,-574.010990,4.106513,4.588192,99.873692,0
2022-01-11,sz.000058,6.5600,6.5700,6.3500,6.4000,6.4700,10752553,69011426.6100,1.997600,1,-1.081900,-567.800670,4.062084,4.538552,98.793142,0
2022-01-12,sz.000058,6.4000,6.5500,6.3600,6.4800,6.4000,9998644,64604508.3600,1.857500,1,1.250000,-574.898178,4.112860,4.595284,100.028057,0
2022-01-13,sz.000058,6.4800,6.6200,6.4200,6.4200,6.4800,11837300,76804382.0000,2.199100,1,-0.925900,-569.575047,4.074778,4.552735,99.101871,0
2022-01-14,sz.000058,6.3900,6.5600,6.3300,6.4400,6.4200,13834300,89451570.4000,2.570100,1,0.311500,-571.349424,4.087472,4.566918,99.410600,0
2022-01-17,sz.000058,6.3800,6.5200,6.2100,6.5200,6.4400,16429224,104822525.5100,3.052200,1,1.242200,-578.446933,4.138248,4.623650,100.645514,0
2022-01-18,sz.000058,6.4900,6.5100,6.2700,6.2700,6.5200,13918525,88444750.7500,2.585700,1,-3.834400,-556.267219,3.979573,4.446363,96.786407,0
2022-01-19,sz.000058,6.2900,6.7900,6.2700,6.6200,6.2700,29557190,194058850.4400,5.491000,1,5.582100,-587.318818,4.201718,4.694565,102.189157,0
2022-01-20,sz.000058,6.6400,6.6900,6.2900,6.3100,6.6200,20151300,129223930.2100,3.743600,1,-4.682800,-559.815973,4.004961,4.474729,97.403864,0
2022-01-21,sz.000058,6.3100,6.3600,6.0500,6.1700,6.3100,12931409,79845207.6300,2.402300,1,-2.218700,-547.395333,3.916103,4.375448,95.242764,0
2022-01-24,sz.000058,6.1200,6.2100,6.0900,6.1800,6.1700,5960309,36782218.5400,1.107300,1,0.162100,-548.282522,3.922450,4.382539,95.397128,0
2022-01-25,sz.000058,6.1300,6.2800,5.8600,5.8700,6.1800,13481049,81358565.3400,2.504500,1,-5.016200,-520.779677,3.725692,4.162703,90.611835,0
2022-01-26,sz.000058,5.8700,6.0500,5.8700,5.9900,5.8700,7276800,43315632.0000,1.351900,1,2.044300,-531.425940,3.801856,4.247801,92.464207,0
2022-01-27,sz.000058,5.9800,5.9900,5.7600,5.7600,5.9900,8987701,52448163.8500,1.669700,1,-3.839700,-511.020603,3.655875,4.084697,88.913828,0
2022-01-28,sz.000058,5.8400,6.0100,5.7100,5.9600,5.7600,10902183,64451891.9000,2.025400,1,3.472200,-528.764374,3.782815,4.226526,92.001114,0
2022-02-07,sz.000058,6.0500,6.0900,5.9300,6.0100,5.9600,5963801,35850902.0100,1.107900,1,0.838900,-533.200317,3.814550,4.261984,92.772935,0
2022-02-08,sz.000058,6.0500,6.1900,5.9600,6.1900,6.0100,7726301,47142472.1000,1.435400,1,2.995000,-549.169711,3.928797,4.389631,95.551492,0
2022-02-09,sz.000058,6.1700,6.2200,6.1300,6.2100,6.1900,6962600,43068693.0000,1.293500,1,0.323100,-550.944088,3.941491,4.403814,95.860221,0
2022-02-10,sz.000058,6.2000,6.2000,6.0800,6.1500,6.2100,7045001,43189310.1600,1.308800,1,-0.966200,-545.620956,3.903409,4.361265,94.934035,0
2022-02-11,sz.000058,6.1500,6.1600,6.0300,6.0500,6.1500,6209300,37709138.0000,1.153500,1,-1.626000,-536.749071,3.839939,4.290350,93.390392,0
2022-02-14,sz.000058,6.0000,6.1400,5.9900,6.1300,6.0500,6336500,38611914.0000,1.177200,1,1.322300,-543.846579,3.890715,4.347082,94.625307,0
2022-02-15,sz.000058,6.1400,6.1600,6.0100,6.0600,6.1300,6085000,36917309.0000,1.130400,1,-1.141900,-537.636259,3.846286,4.297441,93.544757,0
2022-02-16,sz.000058,6.0800,6.1800,6.0600,6.1700,6.0600,6785701,41682455.1200,1.260600,1,1.815200,-547.395333,3.916103,4.375448,95.242764,0
2022-02-17,sz.000058,6.1800,6.3300,6.1200,6.2300,6.1700,9677851,60298037.7200,1.797900,1,0.972400,-552.718465,3.954185,4.417997,96.168950,0
2022-02-18,sz.000058,6.1700,6.2400,6.1500,6.2000,6.2300,5976700,36959440.0000,1.110300,1,-0.481500,-550.056899,3.935144,4.396722,95.705857,0
2022-02-21,sz.000058,6.1900,6.3900,6.1600,6.3900,6.2000,11485123,72689347.7400,2.133700,1,3.064500,-566.913481,4.055737,4.531460,98.638778,0
2022-02-22,sz.000058,6.3700,6.3800,6.2500,6.2700,6.3900,9267201,58320261.3200,1.721600,1,-1.877900,-556.267219,3.979573,4.446363,96.786407,0
2022-02-23,sz.000058,6.3200,6.3800,6.2200,6.3400,6.2700,8008420,50510379.4000,1.487800,1,1.116400,-562.477539,4.024002,4.496003,97.866957,0
2022-02-24,sz.000058,6.3000,6.3700,5.9800,6.0800,6.3400,14601799,89635448.8900,2.712700,1,-4.100900,-539.410637,3.858980,4.311624,93.853485,0
2022-02-25,sz.000058,6.1100,6.3000,6.1100,6.2000,6.0800,8672500,53804378.0000,1.611100,1,1.973700,-550.056899,3.935144,4.396722,95.705857,0
2022-02-28,sz.000058,6.2000,6.2000,6.0400,6.1400,6.2000,6342700,38796915.0000,1.178300,1,-0.967700,-544.733768,3.897062,4.354173,0.000000,0
2022-03-01,sz.000058,6.1400,6.2000,6.0800,6.1600,6.1400,6990500,42906094.0000,1.298700,1,0.325700,-546.508145,3.909756,4.368356,95.088400,0
2022-03-02,sz.000058,6.1000,6.2500,6.0900,6.1700,6.1600,5192400,31975357.0000,0.964600,1,0.162300,-547.395333,3.916103,4.375448,95.242764,0
2022-03-03,sz.000058,6.2000,6.2800,6.1300,6.1400,6.1700,6880900,42558594.0000,1.278300,1,-0.486200,-544.733768,3.897062,4.354173,94.779671,0
2022-03-04,sz.000058,6.1300,6.1400,6.0300,6.0400,6.1400,7384810,44839471.0000,1.371900,1,-1.628700,-535.861882,3.833591,4.283258,93.236028,0
2022-03-07,sz.000058,6.0300,6.0700,5.9200,5.9400,6.0400,6568000,39283130.0000,1.220200,1,-1.655600,-526.989997,3.770121,4.212343,91.692385,0
2022-03-08,sz.000058,5.9600,5.9800,5.7400,5.8300,5.9400,6495492,38042686.0000,1.206700,1,-1.851900,-517.230923,3.700304,4.134337,89.994378,0
2022-03-09,sz.000058,5.8300,5.9000,5.4500,5.6900,5.8300,9255211,52634964.0000,1.719400,1,-2.401400,-504.810283,3.611446,4.035056,87.833278,0
2022-03-10,sz.000058,5.8200,5.8600,5.7600,5.8000,5.6900,4694400,27210744.0000,0.872100,1,1.933200,-514.569357,3.681263,4.113063,89.531285,0
2022-03-11,sz.000058,5.7100,5.8900,5.5900,5.8600,5.8000,5894375,33683804.0000,1.095000,1,1.034500,-519.892488,3.719345,4.155612,90.457471,0
2022-03-14,sz.000058,5.8400,5.8400,5.6400,5.6500,5.8600,4773300,27377787.0000,0.886800,1,-3.583600,-501.261529,3.586058,4.006690,87.215821,0
2022-03-15,sz.000058,5.6100,5.6700,5.2900,5.3000,5.6500,7151700,39215473.0000,1.328600,1,-6.194700,-470.209930,3.363913,3.758488,81.813071,0
2022-03-16,sz.000058,5.3900,5.4900,5.2200,5.4800,5.3000,7734210,41465689.0000,1.436800,1,3.396200,-486.179324,3.478159,3.886135,84.591628,0
2022-03-17,sz.000058,5.5800,5.6000,5.4700,5.4900,5.4800,6184400,34238873.0000,1.148900,1,0.182500,-487.066512,3.484506,3.893227,84.745992,0
2022-03-18,sz.000058,5.4800,5.7500,5.4800,5.6700,5.4900,8102900,45653615.0000,1.505300,1,3.278700,151.051454,3.529984,3.512475,25.549520,0
2022-03-21,sz.000058,5.7400,5.7600,5.6300,5.7100,5.6700,5508977,31364315.9000,1.023400,1,0.705500,152.117073,3.554887,3.537255,25.729763,0
2022-03-22,sz.000058,5.6900,5.8200,5.6300,5.8100,5.7100,6347077,36443561.0600,1.179100,1,1.751300,154.781119,3.617144,3.599203,26.180372,0
2022-03-23,sz.000058,5.7800,5.8100,5.7000,5.7600,5.8100,5171849,29763894.2400,0.960800,1,-0.860600,153.449096,3.586015,3.568229,25.955068,0
2022-03-24,sz.000058,5.7200,5.8200,5.6700,5.6800,5.7600,3904911,22360930.4800,0.725400,1,-1.388900,151.317859,3.536209,3.518670,25.594581,0
2022-03-25,sz.000058,5.6600,5.7700,5.6500,5.7000,5.6800,3693800,21091045.5100,0.686200,1,0.352100,151.850668,3.548661,3.531060,25.684702,0
2022-03-28,sz.000058,5.6600,5.8500,5.6500,5.7500,5.7000,5461480,31464111.0900,1.014600,1,0.877200,153.182691,3.579789,3.562034,25.910007,0
2022-03-29,sz.000058,5.7700,5.7900,5.6500,5.6800,5.7500,3669900,20926783.0000,0.681800,1,-1.217400,151.317859,3.536209,3.518670,25.594581,0
2022-03-30,sz.000058,5.7200,5.9100,5.6400,5.8500,5.6800,8150800,47390506.0000,1.514200,1,2.993000,155.846738,3.642047,3.623983,26.360616,0
2022-03-31,sz.000058,5.9000,6.0000,5.8500,5.8900,5.8500,11622710,68716676.9800,2.159200,1,0.683800,156.912357,3.666950,3.648762,26.540859,0
2022-04-01,sz.000058,5.8900,6.0300,5.8300,5.9700,5.8900,9718180,57796349.8000,1.805400,1,1.358200,159.043594,3.716755,3.698321,26.901346,0
2022-04-06,sz.000058,5.9700,6.2100,5.9500,6.1600,5.9700,15198400,92798293.0000,2.823500,1,3.182600,164.105283,3.835044,3.816023,27.757503,0
2022-04-07,sz.000058,6.1300,6.1300,5.9500,6.0500,6.1600,11022100,66420314.9900,2.047600,1,-1.785700,161.174832,3.766561,3.747879,27.261833,0
2022-04-08,sz.000058,5.9300,5.9800,5.7500,5.8800,6.0500,10666501,62375215.8600,1.981600,1,-2.809900,156.645952,3.660724,3.642567,26.495798,0
2022-04-11,sz.000058,5.9100,5.9200,5.6400,5.6600,5.8800,7857100,45269928.0000,1.459700,1,-3.741500,150.785049,3.523758,3.506281,25.504459,0
2022-04-12,sz.000058,5.7200,5.8900,5.6300,5.8600,5.6600,7191200,41513554.0000,1.336000,1,3.533600,156.113143,3.648272,3.630177,26.405676,0
2022-04-13,sz.000058,5.9100,5.9100,5.6800,5.6900,5.8600,4767026,27415851.6800,0.885600,1,-2.901000,151.584263,3.542435,3.524865,25.639641,0
2022-04-14,sz.000058,5.7300,5.7500,5.5900,5.5900,5.6900,5407326,30579518.7200,1.004600,1,-1.757500,148.920217,3.480178,3.462917,25.189033,0
2022-04-15,sz.000058,5.5400,5.6400,5.4800,5.5000,5.5900,4722801,26148536.2900,0.877400,1,-1.610000,145.994238,3.411799,3.394877,24.694119,0
2022-04-18,sz.000058,5.4300,5.5800,5.3800,5.5400,5.5000,4900300,26976069.0000,0.910400,1,0.727300,147.056014,3.436613,3.419567,24.873713,0
2022-04-19,sz.000058,5.5000,5.6100,5.4800,5.5600,5.5400,3794600,21044074.0000,0.704900,1,0.361000,147.586902,3.449019,3.431912,24.963510,0
2022-04-20,sz.000058,5.5900,5.6200,5.4000,5.4500,5.5600,5212292,28727976.4900,0.968300,1,-1.978400,144.667017,3.380783,3.364015,24.469627,0
2022-04-21,sz.000058,5.4300,5.4900,5.2100,5.2300,5.4500,7446727,39805338.2700,1.383400,1,-4.036700,138.827248,3.244311,3.228220,23.481863,0
2022-04-22,sz.000058,5.2500,5.2900,5.1400,5.2800,5.2300,5392326,28117982.9800,1.001800,1,0.956000,140.154468,3.275328,3.259082,23.706355,0
2022-04-25,sz.000058,5.2400,5.2900,4.7500,4.7600,5.2800,9428401,46867125.8800,1.751600,1,-9.848500,126.351377,2.952757,2.938112,21.371638,0
2022-04-26,sz.000058,4.7600,4.8100,4.5200,4.5200,4.7600,5179800,24278775.0000,0.962300,1,-5.042000,119.980719,2.803879,2.789972,20.294076,0
2022-04-27,sz.000058,4.4500,4.6900,4.2500,4.6800,4.5200,5611200,25312898.0000,1.042400,1,3.539800,124.227824,2.903131,2.888732,21.012451,0
2022-04-28,sz.000058,4.6600,4.7100,4.5100,4.5800,4.6800,3560978,16388443.7800,0.661500,1,-2.136800,121.573383,2.841098,2.827007,20.563467,0
2022-04-29,sz.000058,4.6300,4.9100,4.5400,4.8800,4.5800,5964377,28578141.0300,1.108000,1,6.550200,127.737208,2.976602,2.998557,18.950261,0
2022-05-05,sz.000058,4.9000,4.9600,4.8200,4.9000,4.8800,3787600,18547747.0000,0.703600,1,0.409800,128.260721,2.988801,3.010846,19.027926,0
2022-05-06,sz.000058,4.7500,4.8300,4.7200,4.7500,4.9000,3848800,18357972.0000,0.715000,1,-3.061200,124.334372,2.897307,2.918678,18.445438,0
2022-05-09,sz.000058,4.7500,4.9500,4.7400,4.9200,4.7500,3868401,18973578.8500,0.718700,1,3.578900,128.784234,3.001001,3.023135,19.105591,0
2022-05-10,sz.000058,4.8400,5.0800,4.8300,5.0100,4.9200,5027980,25009597.0000,0.934100,1,1.829300,131.140043,3.055897,3.078437,19.455083,0
2022-05-11,sz.000058,5.0100,5.0800,4.9400,4.9500,5.0100,5440600,27321632.0000,1.010700,1,-1.197600,129.569504,3.019299,3.041569,19.222088,0
2022-05-12,sz.000058,4.9200,5.0500,4.9100,5.0300,4.9500,5047909,25216025.4600,0.937800,1,1.616200,131.663556,3.068096,3.090726,19.532748,0
2022-05-13,sz.000058,5.0700,5.1600,4.9700,5.1300,5.0300,6279800,31928418.6000,1.166600,1,1.988100,134.281122,3.129092,3.152172,19.921073,0
2022-05-16,sz.000058,5.1400,5.1900,5.1000,5.1600,5.1300,5119300,26348226.0000,0.951000,1,0.584800,135.066392,3.147391,3.170606,20.037571,0
2022-05-17,sz.000058,5.1000,5.2100,5.0700,5.1900,5.1600,5673822,29202381.6400,1.054100,1,0.581400,135.851662,3.165690,3.189039,20.154068,0
2022-05-18,sz.000058,5.1600,5.4000,5.1600,5.2800,5.1900,7521301,39749637.3200,1.397300,1,1.734100,138.207471,3.220586,3.244341,20.503561,0
2022-05-19,sz.000058,5.2500,5.3400,5.1700,5.3100,5.2800,7269914,38355917.8800,1.350600,1,0.568200,138.992740,3.238885,3.262774,20.620058,0
2022-05-20,sz.000058,5.3200,5.4400,5.3000,5.3500,5.3100,5859611,31354164.8500,1.088600,1,0.753300,140.039767,3.263283,3.287353,20.775388,0
2022-05-23,sz.000058,5.3500,5.3900,5.2700,5.3000,5.3500,4892926,25989582.8000,0.909000,1,-0.934600,138.730984,3.232785,3.256630,20.581226,0
2022-05-24,sz.000058,5.3300,5.3500,5.0800,5.0900,5.3000,4797100,25019352.0000,0.891200,1,-3.962300,133.234096,3.104694,3.127593,19.765743,0
2022-05-25,sz.000058,5.0600,5.2400,5.0600,5.2100,5.0800,3429800,17741043.2200,0.637200,1,2.559100,136.375175,3.177889,3.201328,20.231733,0
2022-05-26,sz.000058,5.2300,5.7300,5.1800,5.7100,5.2100,14752188,83227275.5800,2.740600,1,9.596900,149.463003,3.482869,3.508558,22.173358,0
2022-05-27,sz.000058,5.4900,5.6000,5.2700,5.3600,5.7100,25318513,136273266.2600,4.703600,1,-6.129600,140.301523,3.269383,3.293497,20.814221,0
2022-05-30,sz.000058,5.3600,5.5700,5.3200,5.5500,5.3600,19620452,106653872.9300,3.645000,1,3.544800,145.274898,3.385275,3.410244,21.552038,0
2022-05-31,sz.000058,5.8600,6.1100,5.8600,6.1100,5.5500,14605415,88726891.3800,2.713300,1,10.090100,159.933266,3.726852,3.754341,23.726658,0
2022-06-01,sz.000058,6.6000,6.6000,5.8000,5.8100,6.1100,48515701,297002473.6000,9.013100,1,-4.910000,152.080569,3.543864,3.570003,22.561683,0
2022-06-02,sz.000058,5.7200,5.8000,5.5000,5.6500,5.8100,27229871,152516836.9300,5.058700,1,-2.753900,147.892464,3.446271,3.471690,21.940363,0
2022-06-06,sz.000058,5.5900,5.8600,5.5900,5.7200,5.6500,20934593,119535201.0700,3.889100,1,1.238900,149.724760,3.488968,3.514702,22.212191,0
2022-06-07,sz.000058,5.6700,6.2900,5.6400,6.0600,5.7200,44207168,269777515.7400,8.212600,1,5.944100,158.624483,3.696354,3.723618,23.532496,0
2022-06-08,sz.000058,5.9300,5.9800,5.6600,5.8800,6.0600,32591065,190085639.3000,6.054600,1,-2.970300,153.912865,3.586562,3.613016,22.833511,0
2022-06-09,sz.000058,5.7600,5.8000,5.5200,5.5200,5.8800,18814000,106038132.0000,3.495200,1,-6.122400,144.489629,3.366976,3.391811,21.435541,0
2022-06-10,sz.000058,5.5000,5.6200,5.5000,5.6000,5.5200,9595801,53485925.5000,1.782700,1,1.449300,146.583681,3.415773,3.440967,21.746201,0
2022-06-13,sz.000058,5.5000,5.6100,5.4300,5.5900,5.6000,11691700,64509054.0000,2.172000,1,-0.178600,146.321925,3.409673,3.434823,21.707368,0
2022-06-14,sz.000058,5.5000,5.5300,5.3000,5.4800,5.5900,11063227,59961873.6100,2.055300,1,-1.967800,143.442602,3.342578,3.367232,21.280211,0
2022-06-15,sz.000058,5.5000,5.6000,5.4000,5.5000,5.4800,10048300,55569338.0000,1.866700,1,0.365000,143.966115,3.354777,3.379521,21.357876,0
2022-06-16,sz.000058,5.4800,5.8000,5.4500,5.7000,5.5000,17298577,97215931.5300,3.213700,1,3.636400,149.201247,3.476769,3.502413,22.134526,0
2022-06-17,sz.000058,5.6300,5.7000,5.4600,5.5600,5.7000,11607200,64519188.0000,2.156300,1,-2.456100,145.536655,3.391375,3.416389,21.590871,0
2022-06-20,sz.000058,5.5200,5.6500,5.5000,5.5700,5.5600,7015379,39126199.0100,1.303300,1,0.179900,145.798411,3.397474,3.422533,21.629703,0
2022-06-21,sz.000058,5.5700,5.8300,5.5400,5.7500,5.5700,18048973,102837131.2000,3.353100,1,3.231600,150.510030,3.507267,3.533136,22.328688,0
2022-06-22,sz.000058,5.7500,6.3000,5.5700,6.0000,5.7500,29494939,172697582.6100,5.479500,1,4.347800,157.053944,3.659757,3.686751,23.299501,0
2022-06-23,sz.000058,5.8100,6.3000,5.8100,6.0200,6.0000,33033958,199897218.0200,6.136900,1,0.333300,157.577457,3.671956,3.699040,23.377166,0
2022-06-24,sz.000058,6.0200,6.6200,5.9000,6.6200,6.0200,43529820,275555111.7400,8.086800,1,9.966800,173.282852,4.037932,4.067715,25.707116,0
2022-06-27,sz.000058,6.9800,7.2800,6.9000,7.2800,6.6200,63884062,461298588.6500,11.868100,1,9.969800,190.558785,4.440505,4.473257,28.270061,0
2022-06-28,sz.000058,7.2800,7.4900,6.7000,6.8200,7.2800,92605551,654504312.5100,17.203900,1,-6.318700,178.517983,4.159924,4.190607,26.483766,0
2022-06-29,sz.000058,6.7600,6.8500,6.2700,6.3100,6.8200,61029925,396064787.4200,11.337900,1,-7.478000,165.168398,3.848844,3.877233,24.503308,0
2022-06-30,sz.000058,6.1400,6.2600,6.0300,6.0600,6.3100,37857691,231875881.1200,7.033100,1,-3.962000,158.624483,3.696354,3.723618,23.532496,0
2022-07-01,sz.000058,6.0700,6.1700,5.9500,5.9500,6.0600,25146396,151936931.4100,4.671600,1,-1.815200,155.745161,3.629259,3.656028,23.105338,0
2022-07-04,sz.000058,5.9500,6.0200,5.8400,6.0100,5.9500,17428801,103590491.9800,3.237900,1,1.008400,157.315701,3.665856,3.692895,23.338333,0
2022-07-05,sz.000058,5.9700,5.9800,5.7200,5.7900,6.0100,20962264,122164099.7300,3.894300,1,-3.660600,151.557056,3.531665,3.557714,22.484018,0
2022-07-06,sz.000058,5.8000,5.8400,5.7200,5.8300,5.7900,10114257,58657715.8500,1.879000,1,0.690800,152.604082,3.556064,3.582293,22.639348,0
2022-07-07,sz.000058,5.7900,6.0600,5.7700,6.0100,5.8300,19918322,118091048.1100,3.700300,1,3.087500,157.315701,3.665856,3.692895,23.338333,0
2022-07-08,sz.000058,5.8900,5.9800,5.8900,5.9100,6.0100,11219000,66451996.0000,2.084200,1,-1.663900,154.698135,3.604860,3.631449,22.950008,0
2022-07-11,sz.000058,5.9400,6.0100,5.8300,5.9700,5.9100,9616600,57011747.0000,1.786500,1,1.015200,156.268674,3.641458,3.668317,23.183003,0
2022-07-12,sz.000058,5.9700,6.2600,5.9400,6.1700,5.9700,24256535,148831274.6500,4.506300,1,3.350100,161.503806,3.763450,3.791209,23.959653,0
2022-07-13,sz.000058,6.1100,6.3300,6.0900,6.3100,6.1700,22862359,142048445.1800,4.247300,1,2.269000,165.168398,3.848844,3.877233,24.503308,0
2022-07-14,sz.000058,6.1400,6.1500,5.7500,5.7800,6.3100,28961973,171293520.4500,5.380400,1,-8.399400,151.295299,3.525566,3.551570,22.445186,0
2022-07-15,sz.000058,5.6800,5.6900,5.4100,5.4100,5.7800,20358900,112424690.0000,2.067600,1,-6.401400,141.610306,3.299881,3.324220,21.008383,0
2022-07-18,sz.000058,5.4200,5.8300,5.4200,5.7400,5.4100,16541999,93722586.3200,1.679900,1,6.099800,150.248273,3.501167,3.526991,22.289856,0
2022-07-19,sz.000058,5.7800,5.8400,5.6500,5.8100,5.7400,8883435,51282625.6000,0.902200,1,1.219500,152.080569,3.543864,3.570003,22.561683,0
2022-07-20,sz.000058,5.8400,5.9800,5.8000,5.9400,5.8100,11537946,68136108.7200,1.171700,1,2.237500,155.483405,3.623159,3.649883,23.066506,0
2022-07-21,sz.000058,5.9500,6.1700,5.8600,5.9800,5.9400,15684500,94513156.0000,1.592800,1,0.673400,156.530431,3.647558,3.674461,23.221836,0
2022-07-22,sz.000058,5.9600,6.1000,5.8000,5.9100,5.9800,12061400,71695468.0000,1.224900,1,-1.170600,154.698135,3.604860,3.631449,22.950008,0
2022-07-25,sz.000058,5.9100,5.9700,5.7700,5.7900,5.9100,8176100,47831493.0000,0.830300,1,-2.030500,151.557056,3.531665,3.557714,22.484018,0
2022-07-26,sz.000058,5.8200,5.9900,5.7900,5.9800,5.7900,9405102,55665471.9000,0.955100,1,3.281500,156.530431,3.647558,3.674461,23.221836,0
2022-07-27,sz.000058,5.9300,6.1000,5.9300,6.0600,5.9800,10859098,65449170.1000,1.102800,1,1.337800,158.624483,3.696354,3.723618,23.532496,0
2022-07-28,sz.000058,6.1000,6.1300,6.0100,6.0200,6.0600,8053800,48677876.0000,0.817900,1,-0.660100,157.577457,3.671956,3.699040,23.377166,0
2022-07-29,sz.000058,6.0200,6.4700,6.0100,6.3200,6.0200,39384401,247170691.2000,3.999700,1,4.983400,165.430154,3.854944,3.883377,24.542141,0
2022-08-01,sz.000058,6.4000,6.4700,6.0200,6.0700,6.3200,30942714,190198608.0900,3.142400,1,-3.955700,158.886240,3.702454,3.729763,23.571328,0
2022-08-02,sz.000058,5.9500,5.9900,5.6900,5.7800,6.0700,17626700,102396631.0000,1.790100,1,-4.777600,151.295299,3.525566,3.551570,22.445186,0
2022-08-03,sz.000058,5.8600,6.1500,5.7500,5.7700,5.7800,15218000,90139998.6200,1.545500,1,-0.173000,151.033543,3.519466,3.545425,22.406353,0
2022-08-04,sz.000058,5.7700,5.8800,5.6800,5.8600,5.7700,10040300,58147330.0000,1.019600,1,1.559800,153.389352,3.574362,3.600726,22.755846,0
2022-08-05,sz.000058,5.9000,5.9900,5.8500,5.9600,5.8600,9277200,54999636.8700,0.942200,1,1.706500,156.006918,3.635358,3.662172,23.144171,0
2022-08-08,sz.000058,5.9500,5.9700,5.8700,5.9600,5.9600,6550900,38784841.0000,0.665300,1,0.000000,156.006918,3.635358,3.662172,23.144171,0
2022-08-09,sz.000058,5.9300,6.2600,5.9300,6.1000,5.9600,17608301,107828002.5000,1.788200,1,2.349000,159.671510,3.720753,3.748196,23.687826,0
2022-08-10,sz.000058,6.1000,6.2000,6.0000,6.1500,6.1000,13322885,81680813.7500,1.353000,1,0.819700,160.980293,3.751251,3.778919,23.881988,0
2022-08-11,sz.000058,6.2000,6.3500,6.1500,6.2200,6.1500,18288532,113865558.6800,1.857300,1,1.138200,162.812589,3.793948,3.821931,24.153816,0
2022-08-12,sz.000058,6.2200,6.2900,6.1400,6.1500,6.2200,12982022,80462480.1800,1.318400,1,-1.125400,160.980293,3.751251,3.778919,23.881988,0
2022-08-15,sz.000058,6.1600,6.1900,6.0900,6.1100,6.1500,7435100,45465189.0000,0.755100,1,-0.650400,159.933266,3.726852,3.754341,23.726658,0
2022-08-16,sz.000058,6.2200,6.7200,6.2200,6.7200,6.1100,20640891,136603069.5200,2.096200,1,9.983600,175.900417,4.098928,4.129161,26.095441,0
2022-08-17,sz.000058,6.8600,6.9900,6.5800,6.6200,6.7200,66710670,451973446.9200,6.774800,1,-1.488100,173.282852,4.037932,4.067715,25.707116,0
2022-08-18,sz.000058,6.6300,6.7700,6.4900,6.6400,6.6200,32724194,216520867.0700,3.323300,1,0.302100,173.806365,4.050131,4.080004,25.784781,0
2022-08-19,sz.000058,6.5800,7.0000,6.5300,6.7500,6.6400,43153442,293281875.1000,4.382500,1,1.656600,176.685687,4.117226,4.147594,26.211938,0
2022-08-22,sz.000058,6.6800,6.7400,6.4000,6.4900,6.7500,28218100,184567708.0000,2.865700,1,-3.851900,169.880016,3.958637,3.987835,25.202293,0
2022-08-23,sz.000058,6.5600,7.1400,6.4800,7.1400,6.4900,24051520,168440507.5000,2.442600,1,10.015400,186.894193,4.355111,4.387233,27.726406,0
2022-08-24,sz.000058,7.4100,7.8500,6.9300,7.0200,7.1400,101820411,760847388.0300,10.340400,1,-1.680700,183.753115,4.281915,4.313498,27.260416,0
2022-08-25,sz.000058,6.8900,7.4800,6.8900,7.1300,7.0200,68760189,492349106.9800,6.983000,1,1.567000,186.632437,4.349011,4.381089,27.687574,0
2022-08-26,sz.000058,6.8400,6.9700,6.4200,6.6400,7.1300,51054959,339735531.5800,5.184900,1,-6.872400,173.806365,4.050131,4.080004,25.784781,0
2022-08-29,sz.000058,6.4100,6.6300,6.4100,6.5600,6.6400,23463286,152813997.7000,2.382800,1,-1.204800,171.712312,4.001334,4.030847,25.474121,0
2022-08-30,sz.000058,6.4900,6.6100,6.2800,6.4100,6.5600,25039291,160651246.3100,2.542900,1,-2.286600,167.785964,3.909840,3.938679,24.891633,0
2022-08-31,sz.000058,6.4700,6.4700,5.9800,6.0300,6.4100,29919833,183415424.4800,3.038500,1,-5.928200,-293.142125,3.898711,3.943762,48.024205,0
2022-09-01,sz.000058,5.9600,6.0900,5.8900,5.9200,6.0300,16583517,99114647.1300,1.684100,1,-1.824200,-287.794590,3.827591,3.871819,47.148141,0
2022-09-02,sz.000058,5.8600,6.2000,5.8400,6.1400,5.9200,17076120,103676101.0000,1.734200,1,3.716200,-298.489660,3.969832,4.015705,48.900268,0
2022-09-05,sz.000058,6.1400,6.3000,6.1000,6.1600,6.1400,12687800,78252137.9900,1.288500,1,0.325700,-299.461939,3.982763,4.028785,49.059552,0
2022-09-06,sz.000058,6.1200,6.2600,6.0800,6.2100,6.1600,14197232,87437355.5000,1.441800,1,0.811700,-301.892636,4.015091,4.061486,49.457763,0
2022-09-07,sz.000058,6.1700,6.1900,6.0400,6.1000,6.2100,12425800,75970988.2600,1.261900,1,-1.771300,-296.545102,3.943970,3.989544,48.581700,0
2022-09-08,sz.000058,6.1300,6.1300,5.9800,5.9900,6.1000,10322700,62434140.0000,1.048300,1,-1.803300,-291.197567,3.872849,3.917601,47.705636,0
2022-09-09,sz.000058,6.0300,6.0500,5.9400,6.0300,5.9900,7272047,43618049.9200,0.738500,1,0.667800,-293.142125,3.898711,3.943762,48.024205,0
2022-09-13,sz.000058,6.0900,6.0900,5.9500,5.9700,6.0300,8728200,52412674.0000,0.886400,1,-0.995000,-290.225288,3.859918,3.904521,47.546352,0
2022-09-14,sz.000058,5.8600,6.0700,5.8400,5.9700,5.9700,8934700,53283735.0000,0.907400,1,0.000000,-290.225288,3.859918,3.904521,47.546352,0
2022-09-15,sz.000058,5.9700,5.9900,5.7200,5.8400,5.9700,11219291,65563507.4300,1.139400,1,-2.177600,-283.905474,3.775866,3.819498,46.511004,0
2022-09-16,sz.000058,5.8100,5.8500,5.7000,5.7000,5.8400,6636100,38287951.0000,0.673900,1,-2.397300,-277.099521,3.685349,3.727934,45.396014,0
2022-09-19,sz.000058,5.7200,5.7500,5.5900,5.6400,5.7000,5370500,30266660.0000,0.545400,1,-1.052600,-274.182684,3.646556,3.688693,44.918162,0
2022-09-20,sz.000058,5.6800,5.7800,5.6800,5.7500,5.6400,4327500,24863418.0000,0.439500,1,1.950400,-279.530219,3.717677,3.760635,45.794225,0
2022-09-21,sz.000058,5.7300,5.8900,5.6000,5.8600,5.7500,6921100,40125375.0000,0.702900,1,1.913000,-284.877753,3.788798,3.832578,46.670288,0
2022-09-22,sz.000058,5.8000,5.9700,5.7800,5.8500,5.8600,7975900,46929168.0000,0.810000,1,-0.170600,-284.391614,3.782332,3.826038,46.590646,0
2022-09-23,sz.000058,5.8300,5.8900,5.7000,5.7000,5.8500,5765900,33311439.0000,0.585600,1,-2.564100,-277.099521,3.685349,3.727934,45.396014,0
2022-09-26,sz.000058,5.7000,5.9400,5.5500,5.6500,5.7000,8770700,50406696.6000,0.890700,1,-0.877200,-274.668824,3.653021,3.695233,44.997804,0
2022-09-27,sz.000058,5.6300,5.8000,5.5800,5.7900,5.6500,7409365,42242291.1000,0.752500,1,2.477900,-281.474777,3.743539,3.786796,46.112794,0
2022-09-28,sz.000058,5.7500,5.8400,5.6100,5.6200,5.7900,6683765,38264700.7300,0.678800,1,-2.936100,-273.210405,3.633625,3.675612,44.758877,0
2022-09-29,sz.000058,5.6600,5.7000,5.3800,5.4200,5.6200,8936299,49146791.6100,0.907500,1,-3.558700,-263.487615,3.504314,3.544808,43.166035,0
2022-09-30,sz.000058,5.4300,5.5000,5.3300,5.4200,5.4200,3841472,20789867.9200,0.390100,1,0.000000,-263.487615,3.504314,3.544808,43.166035,0
2022-10-10,sz.000058,5.4300,5.4400,5.2700,5.3200,5.4200,4065689,21803625.9200,0.412900,1,-1.845000,-258.626220,3.439659,3.479405,42.369613,0
2022-10-11,sz.000058,5.3200,5.4000,5.2100,5.3500,5.3200,3432400,18172910.0000,0.348600,1,0.563900,-260.084638,3.459056,3.499026,42.608540,0
2022-10-12,sz.000058,5.3800,5.5100,5.3200,5.5100,5.3500,4590799,24875434.5000,0.466200,1,2.990700,-267.862871,3.562504,3.603670,43.882814,0
2022-10-13,sz.000058,5.5100,5.5800,5.4700,5.5200,5.5100,3448060,19054880.7800,0.350200,1,0.181500,-268.349010,3.568970,3.610210,43.962456,0
2022-10-14,sz.000058,5.5400,5.6800,5.5400,5.6300,5.5200,4677690,26343842.1900,0.475000,1,1.992800,-273.696545,3.640090,3.682153,44.838519,0
2022-10-17,sz.000058,5.5900,5.7400,5.5500,5.7200,5.6300,4232889,24038223.7400,0.429900,1,1.598600,-278.071800,3.698280,3.741015,45.555299,0
2022-10-18,sz.000058,5.7200,5.7700,5.6600,5.6700,5.7200,4435400,25213372.0000,0.450400,1,-0.874100,-275.641103,3.665953,3.708314,45.157088,0
2022-10-19,sz.000058,5.6900,5.7300,5.6100,5.6300,5.6700,3466100,19629637.0000,0.352000,1,-0.705500,-273.696545,3.640090,3.682153,44.838519,0
2022-10-20,sz.000058,5.6300,5.6900,5.5500,5.6500,5.6300,4171489,23466190.8500,0.423600,1,0.355200,-274.668824,3.653021,3.695233,44.997804,0
2022-10-21,sz.000058,5.6400,5.9000,5.6200,5.6400,5.6500,5804742,33152735.1000,0.589500,1,-0.177000,-274.182684,3.646556,3.688693,44.918162,0
2022-10-24,sz.000058,5.6400,5.6900,5.4800,5.5000,5.6400,5086804,28420123.1200,0.516600,1,-2.482300,-267.376731,3.556039,3.597130,43.803172,0
2022-10-25,sz.000058,5.5100,5.5300,5.3900,5.5200,5.5000,4002718,21868441.3200,0.406500,1,0.363600,-268.349010,3.568970,3.610210,43.962456,0
2022-10-26,sz.000058,5.5500,5.7000,5.5300,5.6600,5.5200,5075500,28603354.5000,0.515400,1,2.536200,-275.154963,3.659487,3.701773,45.077446,0
2022-10-27,sz.000058,5.6500,5.6900,5.6200,5.6700,5.6600,4187677,23696369.7300,0.425300,1,0.176700,-275.641103,3.665953,3.708314,45.157088,0
2022-10-28,sz.000058,5.6800,5.6900,5.4300,5.4500,5.6700,5636099,31345019.0200,0.572400,1,-3.880100,552.767727,3.462155,3.550783,-113.582003,0
2022-10-31,sz.000058,5.4200,5.6600,5.4200,5.6200,5.4500,5554632,31067557.3200,0.564100,1,3.119300,570.010023,3.570149,3.661542,-117.124928,0
2022-11-01,sz.000058,5.6400,5.7200,5.6200,5.7200,5.6200,4809918,27392639.6600,0.488500,1,1.779400,580.152550,3.633674,3.726694,-119.209001,0
2022-11-02,sz.000058,5.7300,5.8000,5.6900,5.7800,5.7200,6209572,35725935.3900,0.630600,1,1.049000,586.238066,3.671790,3.765785,-120.459445,0
2022-11-03,sz.000058,5.7300,5.8100,5.6900,5.7900,5.7800,5146556,29636959.4000,0.522700,1,0.173000,587.252319,3.678142,3.772300,-120.667853,0
2022-11-04,sz.000058,5.8300,5.8700,5.7800,5.8500,5.7900,6256123,36472967.9100,0.635300,1,1.036300,593.337835,3.716258,3.811391,-121.918297,0
2022-11-07,sz.000058,5.8700,5.9700,5.8200,5.9400,5.8500,9468209,55851636.8400,0.961500,1,1.538500,602.466110,3.773431,3.870028,-123.793963,0
2022-11-08,sz.000058,5.9600,5.9700,5.8300,5.8700,5.9400,5360700,31499643.0000,0.544400,1,-1.178500,595.366341,3.728963,3.824422,-122.335112,0
2022-11-09,sz.000058,5.8800,5.9300,5.8700,5.8700,5.8700,4346983,25632089.3700,0.441500,1,0.000000,595.366341,3.728963,3.824422,-122.335112,0
2022-11-10,sz.000058,5.8700,5.9200,5.8100,5.8800,5.8700,4871100,28614687.0000,0.494700,1,0.170400,596.380594,3.735316,3.830937,-122.543519,0
2022-11-11,sz.000058,5.9900,6.0100,5.8900,5.9300,5.8800,8794333,52405395.1500,0.893100,1,0.850300,601.451857,3.767079,3.863513,-123.585556,0
2022-11-14,sz.000058,5.9100,5.9700,5.8500,5.9000,5.9300,6488792,38352820.2400,0.659000,1,-0.505900,598.409099,3.748021,3.843967,-122.960334,0
2022-11-15,sz.000058,5.9600,6.1300,5.9000,6.0800,5.9000,13809494,83284692.1200,1.402400,1,3.050800,616.665648,3.862367,3.961241,-126.711666,0
2022-11-16,sz.000058,6.0600,6.1000,5.9500,6.0100,6.0800,7974052,47928710.2300,0.809800,1,-1.151300,609.565879,3.817899,3.915635,-125.252814,0
2022-11-17,sz.000058,6.0100,6.0500,5.9600,6.0500,6.0100,5308223,31898930.8300,0.539100,1,0.665600,613.622890,3.843309,3.941695,-126.086444,0
2022-11-18,sz.000058,6.0500,6.0900,5.9900,5.9900,6.0500,5967900,35987684.3300,0.606100,1,-0.991700,607.537373,3.805194,3.902604,-124.836000,0
2022-11-21,sz.000058,5.9700,5.9700,5.8800,5.9600,5.9900,5162751,30591966.3800,0.524300,1,-0.500800,604.494615,3.786136,3.883059,-124.210778,0
2022-11-22,sz.000058,5.9700,6.0300,5.9200,5.9500,5.9600,5557806,33262448.4700,0.564400,1,-0.167800,603.480362,3.779784,3.876543,-124.002370,0
2022-11-23,sz.000058,5.9500,6.5500,5.9100,6.5500,5.9500,65923876,423060795.4100,6.694900,1,10.084000,664.335525,4.160938,4.267455,-136.506811,0
2022-11-24,sz.000058,6.3800,6.4500,6.1400,6.2500,6.5500,53353551,335212720.0800,5.418300,1,-4.580200,633.907944,3.970361,4.071999,-130.254591,0
2022-11-25,sz.000058,6.2000,6.2700,6.1200,6.2100,6.2500,25974830,160899581.3000,2.637900,1,-0.640000,629.850933,3.944951,4.045939,-129.420961,0
2022-11-28,sz.000058,6.1000,6.4100,6.0500,6.2500,6.2100,27962127,174819544.0200,2.839700,1,0.644100,633.907944,3.970361,4.071999,-130.254591,0
2022-11-29,sz.000058,6.3000,6.3400,6.1700,6.3200,6.2500,24140114,151352212.7800,2.451600,1,1.120000,641.007713,4.014829,4.117606,-131.713442,0
2022-11-30,sz.000058,6.3400,6.8800,6.2000,6.4600,6.3200,45245207,293222704.1600,4.594900,1,2.215200,655.207251,4.103765,4.208818,-134.631145,0
2022-12-01,sz.000058,6.4600,7.1100,6.3800,6.8600,6.4600,76688576,528785706.4700,7.788100,1,6.192000,695.777359,4.357868,4.469426,-142.967439,0
2022-12-02,sz.000058,6.6200,7.2000,6.5500,7.0000,6.8600,62934213,431348559.0900,6.391300,1,2.040800,709.976897,4.446804,4.560639,-145.885142,0
2022-12-05,sz.000058,7.2900,7.7000,7.1200,7.7000,7.0000,95196678,720344645.9000,9.667700,1,10.000000,780.974587,4.891485,5.016703,-160.473656,0
2022-12-06,sz.000058,7.8900,8.4700,7.7000,8.4700,7.7000,78752079,648386749.1000,7.997700,1,10.000000,859.072045,5.380633,5.518373,-176.521021,0
2022-12-07,sz.000058,8.8000,9.3200,8.6300,9.0100,8.4700,158424502,1451587600.7600,16.088900,1,6.375400,913.841692,5.723672,5.870194,-187.775018,0
2022-12-08,sz.000058,8.1100,9.2400,8.1100,8.1400,9.0100,133069964,1132220232.9400,13.514000,1,-9.655900,825.601706,5.170998,5.303372,-169.643579,0
2022-12-09,sz.000058,7.8600,7.9500,7.3300,7.4800,8.1400,105688860,796818581.5800,10.733300,1,-8.108100,758.661027,4.751728,4.873369,-155.888694,0
2022-12-12,sz.000058,7.5200,7.5800,7.1600,7.2200,7.4800,64492751,470086978.3800,6.549600,1,-3.475900,732.290457,4.586561,4.703974,-150.470103,0
2022-12-13,sz.000058,7.2500,7.4400,7.1100,7.3300,7.2200,59447220,433309324.9200,6.037200,1,1.523500,743.447236,4.656439,4.775641,-152.762584,0
2022-12-14,sz.000058,7.2000,7.3800,7.1500,7.3500,7.3300,47523822,345594428.4300,4.826300,1,0.272900,745.475742,4.669145,4.788671,-153.179399,0
2022-12-15,sz.000058,7.2500,7.3200,7.1600,7.2700,7.3500,36185068,261077152.3200,3.674800,1,-1.088400,737.361720,4.618324,4.736550,-151.512140,0
2022-12-16,sz.000058,7.2000,7.6300,7.0600,7.5000,7.2700,63537131,466805227.6000,6.452500,1,3.163700,760.689533,4.764433,4.886399,-156.305509,0
2022-12-19,sz.000058,7.3900,8.2400,7.3500,8.1300,7.5000,88514543,688185404.0400,8.989100,1,8.400000,824.587453,5.164646,5.296857,-169.435172,0
2022-12-20,sz.000058,7.8600,7.9100,7.3200,7.3200,8.1300,55776320,422219132.5200,5.664400,1,-9.963100,742.432984,4.650087,4.769126,-152.554177,0
2022-12-21,sz.000058,7.1900,7.4800,7.0300,7.2100,7.3200,37792790,274592335.6500,3.838100,1,-1.502700,731.276204,4.580209,4.697458,-150.261696,0
2022-12-22,sz.000058,7.2200,7.6300,7.0600,7.5300,7.2100,47864504,352567613.2800,4.860900,1,4.438300,763.732291,4.783491,4.905945,-156.930731,0
2022-12-23,sz.000058,7.3500,7.8300,7.3500,7.8300,7.5300,56074914,430105035.3600,5.694700,1,3.984100,794.159872,4.974068,5.101401,-163.182951,0
2022-12-26,sz.000058,7.7000,8.1000,7.5300,7.8500,7.8300,54232624,427041998.1000,5.507600,1,0.255400,796.188377,4.986773,5.114431,-163.599766,0
2022-12-27,sz.000058,7.8600,8.6000,7.8000,8.3800,7.8500,74662455,621881995.6300,7.582400,1,6.751600,849.943771,5.323460,5.459737,-174.645355,0
2022-12-28,sz.000058,8.3100,8.8000,8.0400,8.3400,8.3800,78062665,658769140.9000,7.927700,1,-0.477300,845.886760,5.298050,5.433676,-173.811726,0
2022-12-29,sz.000058,8.1100,8.3300,7.8200,8.0300,8.3400,54001860,434877208.4100,5.484200,1,-3.717000,814.444926,5.101120,5.231705,-167.351098,0
2022-12-30,sz.000058,8.0300,8.1000,7.6300,7.9000,8.0300,44951358,353372814.3300,4.565100,1,-1.618900,801.259641,5.018536,5.147007,-164.641803,0
2023-01-03,sz.000058,7.8800,7.9600,7.5000,7.7800,7.9000,43107081,331073101.2100,4.377800,1,-1.519000,789.088608,4.942305,5.068825,-162.140914,0
2023-01-04,sz.000058,7.6600,8.1700,7.6300,7.9300,7.7800,44178001,350135260.1300,4.486500,1,1.928000,804.302399,5.037594,5.166553,-165.267025,0
2023-01-05,sz.000058,7.8000,7.8700,7.4300,7.4500,7.9300,48024874,363600447.2200,4.877200,1,-6.053000,755.618269,4.732670,4.853823,-155.263472,0
2023-01-06,sz.000058,7.4500,7.5800,7.3500,7.4800,7.4500,30241657,225681128.0000,3.071200,1,0.402700,758.661027,4.751728,4.873369,-155.888694,0
2023-01-09,sz.000058,7.4000,7.5300,7.3000,7.3200,7.4800,26088699,192988163.0000,2.649400,1,-2.139000,742.432984,4.650087,4.769126,-152.554177,0
2023-01-10,sz.000058,7.3200,7.3900,7.2000,7.2000,7.3200,23184743,168609984.7700,2.354500,1,-1.639300,730.261951,4.573856,4.690943,-150.053288,0
2023-01-11,sz.000058,7.1700,7.2200,7.0200,7.0300,7.2000,24700535,175408287.5500,2.508500,1,-2.361100,713.019655,4.465862,4.580185,-146.510364,0
2023-01-12,sz.000058,7.0400,7.1500,6.9700,7.0100,7.0300,18310923,129146645.2200,1.859600,1,-0.284500,710.991150,4.453157,4.567154,-146.093549,0
2023-01-13,sz.000058,6.9900,7.0600,6.8800,6.9800,7.0100,17137820,119243273.0000,1.740400,1,-0.428000,707.948392,4.434099,4.547609,-145.468327,0
2023-01-16,sz.000058,6.9800,7.0800,6.9500,7.0500,6.9800,13875801,97600059.0200,1.409200,1,1.002900,715.048161,4.478567,4.593215,-146.927178,0
2023-01-17,sz.000058,7.0500,7.0500,6.8200,6.8400,7.0500,18085590,124668390.4000,1.836700,1,-2.978700,693.748854,4.345163,4.456396,-142.550624,0
2023-01-18,sz.000058,6.8300,6.8800,6.7500,6.7800,6.8400,12658601,86044861.8800,1.285500,1,-0.877200,687.663337,4.307048,4.417305,-141.300180,0
2023-01-19,sz.000058,6.7300,6.8100,6.6900,6.7400,6.7800,11233732,75880408.2800,1.140800,1,-0.590000,683.606327,4.281637,4.391244,-140.466551,0
2023-01-20,sz.000058,6.7300,6.8800,6.7300,6.8500,6.7400,12048658,82299884.7000,1.223600,1,1.632000,694.763106,4.351516,4.462911,-142.759031,0
2023-01-30,sz.000058,6.8500,6.9800,6.8300,6.9700,6.8500,19488204,134796174.1800,1.979100,1,1.751800,706.934139,4.427747,4.541094,-145.259920,0
2023-01-31,sz.000058,6.9300,7.2400,6.8200,7.1500,6.9700,31782330,224190787.9000,3.227700,1,2.582500,725.190688,4.542093,4.658367,-149.011252,0
2023-02-01,sz.000058,7.1500,7.2300,7.0000,7.1400,7.1500,22499100,159496506.7400,2.284900,1,-0.139900,724.176435,4.535740,4.651852,-148.802844,0
2023-02-02,sz.000058,7.1600,7.3500,7.1200,7.1800,7.1400,24637500,177426080.3600,2.502100,1,0.560200,728.233446,4.561151,4.677913,-149.636474,0
2023-02-03,sz.000058,7.1700,7.2000,7.0300,7.1300,7.1800,17521700,124157302.7600,1.779400,1,-0.696400,723.162182,4.529388,4.645337,-148.594437,0
2023-02-06,sz.000058,7.0800,7.2300,7.0300,7.1900,7.1300,16039231,114643283.0100,1.628900,1,0.841500,729.247699,4.567503,4.684428,-149.844881,0
2023-02-07,sz.000058,7.2000,7.2100,7.0500,7.1100,7.1900,15532800,110319037.0000,1.577400,1,-1.112700,721.133677,4.516683,4.632306,-148.177622,0
2023-02-08,sz.000058,7.1500,7.1700,7.0200,7.0500,7.1100,9883084,69836455.3600,1.003700,1,-0.843900,715.048161,4.478567,4.593215,-146.927178,0
2023-02-09,sz.000058,7.0400,7.1300,6.9500,7.1200,7.0500,14707821,103846503.5800,1.493700,1,0.992900,722.147930,4.523035,4.638822,-148.386030,0
2023-02-10,sz.000058,7.1000,7.2300,7.0600,7.1500,7.1200,15430535,110362357.6000,1.567100,1,0.421300,725.190688,4.542093,4.658367,-149.011252,0
2023-02-13,sz.000058,7.1600,7.2600,7.1200,7.2300,7.1500,16257610,117174885.0000,1.651000,1,1.118900,733.304709,4.592914,4.710489,-150.678510,0
2023-02-14,sz.000058,7.2600,7.2800,7.0500,7.0900,7.2300,15440911,109965573.2400,1.568100,1,-1.936400,719.105171,4.503978,4.619276,-147.760808,0
2023-02-15,sz.000058,7.1000,7.1200,7.0500,7.0700,7.0900,9963237,70486786.7300,1.011800,1,-0.282100,717.076666,4.491272,4.606246,-147.343993,0
2023-02-16,sz.000058,7.0800,7.1700,6.8100,6.8500,7.0700,17517730,122610692.2800,1.779000,1,-3.111700,694.763106,4.351516,4.462911,-142.759031,0
2023-02-17,sz.000058,6.8800,6.9600,6.8400,6.8500,6.8500,10521075,72465284.6400,1.068500,1,0.000000,694.763106,4.351516,4.462911,-142.759031,0
2023-02-20,sz.000058,6.8600,6.9200,6.7600,6.9100,6.8500,8774379,60088251.0400,0.891100,1,0.875900,700.848623,4.389631,4.502002,-144.009475,0
2023-02-21,sz.000058,6.9600,7.0500,6.9200,7.0400,6.9100,13712676,95918253.5200,1.392600,1,1.881300,714.033908,4.472215,4.586700,-146.718771,0
2023-02-22,sz.000058,7.0100,7.0500,6.9700,7.0100,7.0400,7438406,52098732.0300,0.755400,1,-0.426100,710.991150,4.453157,4.567154,-146.093549,0
2023-02-23,sz.000058,7.0500,7.2800,6.9900,7.2800,7.0100,13328046,94573384.6800,1.353500,1,3.851600,738.375973,4.624677,4.743065,-151.720547,0
2023-02-24,sz.000058,7.3500,7.7000,7.1200,7.4300,7.2800,60310315,447415305.9800,6.124800,1,2.060400,753.589764,4.719965,4.840793,-154.846657,0
2023-02-27,sz.000058,7.3800,7.4000,7.0600,7.1000,7.4300,31080417,223309436.2900,3.156400,1,-4.441500,720.119424,4.510330,4.625791,-147.969215,0
2023-02-28,sz.000058,7.1000,7.1300,6.9100,7.0000,7.1000,21780954,152376883.6800,2.212000,1,-1.408500,709.976897,4.446804,4.560639,-145.885142,0
2023-03-01,sz.000058,6.9900,7.0300,6.9600,7.0300,7.0000,12266096,85936602.3600,1.245700,1,0.428600,713.019655,4.465862,4.580185,-146.510364,0
2023-03-02,sz.000058,7.0100,7.0400,6.9100,6.9300,7.0300,13698677,95208049.8400,1.391200,1,-1.422500,702.877128,4.402336,4.515033,-144.426290,0
2023-03-03,sz.000058,6.9100,6.9900,6.9000,6.9800,6.9300,10416647,72393370.7600,1.057900,1,0.721500,707.948392,4.434099,4.547609,-145.468327,0
2023-03-06,sz.000058,6.9800,6.9900,6.8700,6.9000,6.9800,10001320,69106670.0000,1.015700,1,-1.146100,699.834370,4.383279,4.495487,-143.801068,0
2023-03-07,sz.000058,6.9100,6.9400,6.7700,6.7800,6.9000,10558775,72223037.6300,1.072300,1,-1.739100,687.663337,4.307048,4.417305,-141.300180,0
2023-03-08,sz.000058,6.7600,6.8400,6.6900,6.8400,6.7800,5046899,34276839.2100,0.512500,1,0.885000,693.748854,4.345163,4.456396,-142.550624,0
2023-03-09,sz.000058,6.8700,6.8700,6.7400,6.7500,6.8400,6082299,41208037.2600,0.617700,1,-1.315800,684.620579,4.287990,4.397759,-140.674958,0
2023-03-10,sz.000058,6.7100,6.7400,6.5900,6.6500,6.7500,8401070,55742846.0000,0.853200,1,-1.481500,674.478052,4.224464,4.332607,-138.590884,0
2023-03-13,sz.000058,6.6000,6.6800,6.5000,6.6600,6.6500,7849875,51693281.1900,0.797200,1,0.150400,675.492305,4.230817,4.339122,-138.799292,0
2023-03-14,sz.000058,6.6400,6.6400,6.4500,6.4600,6.6600,7971799,51969644.4700,0.809600,1,-3.003000,655.207251,4.103765,4.208818,-134.631145,0
2023-03-15,sz.000058,6.5200,6.5800,6.4800,6.5500,6.4600,5659600,36957363.0000,0.574800,1,1.393200,664.335525,4.160938,4.267455,-136.506811,0
2023-03-16,sz.000058,6.5100,6.5200,6.3500,6.3900,6.5500,7815610,50265988.9000,0.793700,1,-2.442700,648.107482,4.059297,4.163212,-133.172294,0
2023-03-17,sz.000058,6.4000,6.5400,6.4000,6.4700,6.3900,6985925,45217165.7700,0.709500,1,1.252000,656.221503,4.110118,4.215334,-134.839552,0
2023-03-20,sz.000058,6.4900,6.5700,6.4800,6.5300,6.4700,6437513,42044191.0600,0.653800,1,0.927400,662.307020,4.148233,4.254425,-136.089996,0
2023-03-21,sz.000058,6.5500,6.5700,6.5000,6.5600,6.5300,5016593,32812812.3200,0.509500,1,0.459400,665.349778,4.167291,4.273970,-136.715218,0
2023-03-22,sz.000058,6.5600,6.5800,6.5200,6.5300,6.5600,4883637,31946175.3000,0.496000,1,-0.457300,662.307020,4.148233,4.254425,-136.089996,0
2023-03-23,sz.000058,6.5100,6.5200,6.4400,6.4800,6.5300,5588612,36149868.4000,0.567600,1,-0.765700,657.235756,4.116470,4.221849,-135.047960,0
2023-03-24,sz.000058,6.5200,6.6000,6.4700,6.5900,6.4800,9675402,63192919.7600,0.982600,1,1.697500,668.392536,4.186349,4.293516,-137.340440,0
2023-03-27,sz.000058,6.6000,6.6300,6.4300,6.4500,6.5900,7716165,50113752.6700,0.783600,1,-2.124400,654.192998,4.097413,4.202303,-134.422738,0
2023-03-28,sz.000058,6.4500,6.5000,6.3500,6.4500,6.4500,6365717,40874486.2800,0.646500,1,0.000000,654.192998,4.097413,4.202303,-134.422738,0
2023-03-29,sz.000058,6.5000,6.5000,6.3600,6.3800,6.4500,5676563,36481328.5200,0.576500,1,-1.085300,647.093229,4.052945,4.156697,-132.963886,0
2023-03-30,sz.000058,6.3600,6.4900,6.3500,6.4900,6.3800,6534126,41984702.0500,0.663600,1,1.724100,658.250009,4.122823,4.228364,-135.256367,0
2023-03-31,sz.000058,6.4800,6.5600,6.4500,6.5100,6.4900,5961013,38728405.2800,0.605400,1,0.308200,660.278514,4.135528,4.241394,-135.673182,0
2023-04-03,sz.000058,6.4900,6.6400,6.4900,6.6100,6.5100,10326610,68036942.8700,1.048700,1,1.536100,670.421041,4.199054,4.306546,-137.757255,0
2023-04-04,sz.000058,6.6100,6.6600,6.5100,6.5400,6.6100,8798400,57636112.0000,0.893500,1,-1.059000,663.321272,4.154586,4.260940,-136.298404,0
2023-04-06,sz.000058,6.5400,6.5400,6.4400,6.4500,6.5400,5685787,36864907.1700,0.577400,1,-1.376100,654.192998,4.097413,4.202303,-134.422738,0
2023-04-07,sz.000058,6.4800,6.6200,6.4500,6.6100,6.4500,9255287,60930548.1100,0.939900,1,2.480600,670.421041,4.199054,4.306546,-137.757255,0
2023-04-10,sz.000058,6.6100,6.6400,6.4200,6.4300,6.6100,8672979,56300987.9700,0.880800,1,-2.723100,652.164493,4.084707,4.189273,-134.005923,0
2023-04-11,sz.000058,6.4600,6.5200,6.3700,6.5100,6.4300,6609700,42779136.9900,0.671300,1,1.244200,660.278514,4.135528,4.241394,-135.673182,0
2023-04-12,sz.000058,6.5100,6.5800,6.4700,6.5700,6.5100,6089460,39786839.0000,0.618400,1,0.921700,666.364031,4.173644,4.280486,-136.923626,0
2023-04-13,sz.000058,6.5700,6.6300,6.5300,6.5900,6.5700,7843519,51689203.6400,0.796600,1,0.304400,668.392536,4.186349,4.293516,-137.340440,0
2023-04-14,sz.000058,6.6000,6.6200,6.4900,6.5000,6.5900,6388133,41745393.8100,0.648700,1,-1.365700,659.264262,4.129175,4.234879,-135.464774,0
2023-04-17,sz.000058,6.5000,6.5900,6.4300,6.5200,6.5000,7152832,46405923.0100,0.726400,1,0.307700,661.292767,4.141881,4.247910,-135.881589,0
2023-04-18,sz.000058,6.5400,6.5500,6.3800,6.4000,6.5200,6185300,39813270.0000,0.628200,1,-1.840500,649.121734,4.065650,4.169727,-133.380701,0
2023-04-19,sz.000058,6.3800,6.4100,6.2300,6.2400,6.4000,9402320,59248817.4900,0.954900,1,-2.500000,632.893691,3.964008,4.065484,-130.046183,0
2023-04-20,sz.000058,6.2300,6.2900,6.1200,6.2500,6.2400,6478751,40157841.5600,0.658000,1,0.160300,633.907944,3.970361,4.071999,-130.254591,0
2023-04-21,sz.000058,6.2500,6.3200,6.1000,6.1000,6.2500,6050700,37437728.0000,0.614500,1,-2.400000,618.694153,3.875072,3.974271,-127.128480,0
2023-04-24,sz.000058,6.1000,6.1500,5.9400,6.0900,6.1000,5895201,35640426.1200,0.598700,1,-0.163900,617.679900,3.868720,3.967756,-126.920073,0
2023-04-25,sz.000058,6.1300,6.1300,5.8500,5.9600,6.0900,6427873,38370501.3900,0.652800,1,-2.134600,604.494615,3.786136,3.883059,-124.210778,0
2023-04-26,sz.000058,5.8600,6.1000,5.8600,6.0200,5.9600,4949381,29774557.9100,0.502600,1,1.006700,610.580131,3.824252,3.922150,-125.461222,0
2023-04-27,sz.000058,6.0700,6.0900,6.0000,6.0400,6.0200,4065609,24583102.1800,0.412900,1,0.332200,496.981402,3.788707,4.127232,-252.141745,0
2023-04-28,sz.000058,6.0300,6.1800,6.0300,6.1700,6.0400,5356356,32823232.3000,0.544000,1,2.152300,507.678022,3.870252,4.216063,-257.568637,0
2023-05-04,sz.000058,6.1700,6.3400,6.1500,6.3000,6.1700,6886496,43219119.0700,0.699400,1,2.107000,518.374641,3.951797,4.304894,-262.995529,0
2023-05-05,sz.000058,6.2700,6.3500,6.2300,6.3300,6.3000,5758004,36244712.1200,0.584800,1,0.476200,520.843092,3.970616,4.325394,-264.247888,0
2023-05-08,sz.000058,6.2900,6.3800,6.2600,6.3500,6.3300,6794591,43013552.6500,0.690000,1,0.316000,522.488726,3.983161,4.339060,-265.082795,0
2023-05-09,sz.000058,6.3400,6.4200,6.3000,6.3400,6.3500,6536252,41620898.1500,0.663800,1,-0.157500,521.665909,3.976888,4.332227,-264.665342,0
2023-05-10,sz.000058,6.3100,6.4000,6.2500,6.3500,6.3400,6057582,38359076.9200,0.615200,1,0.157700,522.488726,3.983161,4.339060,-265.082795,0
2023-05-11,sz.000058,6.3600,6.4500,6.3400,6.3900,6.3500,7813788,49936167.7500,0.793500,1,0.629900,525.779993,4.008252,4.366393,-266.752608,0
2023-05-12,sz.000058,6.4300,6.4400,6.3300,6.3500,6.3900,4310538,27501576.0900,0.437800,1,-0.626000,522.488726,3.983161,4.339060,-265.082795,0
2023-05-15,sz.000058,6.3500,6.3800,6.2700,6.3700,6.3500,4895479,30938025.5400,0.497200,1,0.315000,524.134359,3.995706,4.352727,-265.917701,0
2023-05-16,sz.000058,6.3600,6.4200,6.2800,6.3000,6.3700,4835895,30658098.3700,0.491100,1,-1.098900,518.374641,3.951797,4.304894,-262.995529,0
2023-05-17,sz.000058,6.3100,6.3900,6.2500,6.3700,6.3000,4098147,26011839.9600,0.416200,1,1.111100,524.134359,3.995706,4.352727,-265.917701,0
2023-05-18,sz.000058,6.3900,6.4900,6.3500,6.4300,6.3700,5794051,37239773.8700,0.588400,1,0.941900,529.071261,4.033342,4.393726,-268.422421,0
2023-05-19,sz.000058,6.4300,6.4500,6.3200,6.3500,6.4300,5126925,32619811.0000,0.520700,1,-1.244200,522.488726,3.983161,4.339060,-265.082795,0
2023-05-22,sz.000058,6.3400,6.3700,6.2700,6.3400,6.3500,3690002,23322246.6400,0.374700,1,-0.157500,521.665909,3.976888,4.332227,-264.665342,0
2023-05-23,sz.000058,6.3600,6.4800,6.3100,6.3600,6.3400,7394793,47370738.6500,0.751000,1,0.315500,523.311543,3.989434,4.345893,-265.500248,0
2023-05-24,sz.000058,6.3100,6.4100,6.3000,6.3300,6.3600,5233836,33214541.8800,0.531500,1,-0.471700,520.843092,3.970616,4.325394,-264.247888,0
2023-05-25,sz.000058,6.3000,6.3300,6.1400,6.2100,6.3300,8268114,51336280.8000,0.839700,1,-1.895700,510.969289,3.895343,4.243396,-259.238450,0
2023-05-26,sz.000058,6.2400,6.3000,6.1600,6.2700,6.2100,4728071,29490876.6200,0.480200,1,0.966200,515.906191,3.932979,4.284395,-261.743169,0
2023-05-29,sz.000058,6.2600,6.3200,6.2100,6.2300,6.2700,4296379,26917646.6400,0.436300,1,-0.638000,512.614923,3.907889,4.257062,-260.073356,0
2023-05-30,sz.000058,6.2500,6.2500,6.1000,6.2300,6.2300,4816456,29713385.2800,0.489100,1,0.000000,512.614923,3.907889,4.257062,-260.073356,0
2023-05-31,sz.000058,6.2700,6.3300,6.2000,6.3100,6.2300,5249895,33031814.2700,0.533200,1,1.284100,519.197458,3.958070,4.311728,-263.412982,0
2023-06-01,sz.000058,6.3000,6.3200,6.2200,6.2300,6.3100,4762502,29814182.9700,0.483700,1,-1.267800,512.614923,3.907889,4.257062,-260.073356,0
2023-06-02,sz.000058,6.2100,6.3700,6.2000,6.3700,6.2300,6206817,39247667.1600,0.630300,1,2.247200,524.134359,3.995706,4.352727,-265.917701,0
2023-06-05,sz.000058,6.4000,6.4400,6.3500,6.4200,6.3700,7077464,45304566.8800,0.718800,1,0.784900,528.248444,4.027070,4.386892,-268.004967,0
2023-06-06,sz.000058,6.4300,6.4400,6.2800,6.3000,6.4200,5149149,32736032.6400,0.522900,1,-1.869200,518.374641,3.951797,4.304894,-262.995529,0
2023-06-07,sz.000058,6.2500,6.4000,6.2500,6.3500,6.3000,3817200,24218260.0000,0.387700,1,0.793700,522.488726,3.983161,4.339060,-265.082795,0
2023-06-08,sz.000058,6.4100,6.4300,6.3000,6.3900,6.3500,4764210,30367310.8000,0.483800,1,0.629900,525.779993,4.008252,4.366393,-266.752608,0
2023-06-09,sz.000058,6.3900,6.4900,6.3500,6.4700,6.3900,8530100,54999192.0000,0.866300,1,1.252000,532.362528,4.058433,4.421058,-270.092234,0
2023-06-12,sz.000058,6.4700,6.5100,6.3700,6.4900,6.4700,6382000,41174066.0000,0.648100,1,0.309100,534.008162,4.070979,4.434725,-270.927140,0
2023-06-13,sz.000058,6.4700,6.5600,6.4500,6.5400,6.4900,6314900,41231660.0000,0.641300,1,0.770400,538.122247,4.102342,4.468890,-273.014406,0
2023-06-14,sz.000058,6.5500,6.5600,6.4600,6.5100,6.5400,5483486,35620585.1400,0.556900,1,-0.458700,535.653796,4.083524,4.448391,-271.762046,0
2023-06-15,sz.000058,6.5100,6.5200,6.4200,6.4600,6.5100,4908451,31685295.4800,0.498500,1,-0.768000,531.539711,4.052161,4.414225,-269.674780,0
2023-06-16,sz.000058,6.4800,6.6000,6.4400,6.5200,6.4600,5832750,38090548.5000,0.592300,1,0.928800,536.476613,4.089797,4.455224,-272.179500,0
2023-06-19,sz.000058,6.5100,6.5600,6.3900,6.4000,6.5200,6226700,40082769.0000,0.632400,1,-1.840500,526.602810,4.014524,4.373226,-267.170061,0
2023-06-20,sz.000058,6.3800,6.4200,6.2100,6.2200,6.4000,8151197,51119522.8400,0.827800,1,-2.812500,511.792106,3.901616,4.250229,-259.655903,0
2023-06-21,sz.000058,6.2000,6.2200,6.0200,6.0200,6.2200,8615300,52562835.0000,0.874900,1,-3.215400,495.335768,3.776162,4.113566,-251.306839,0
2023-06-26,sz.000058,6.0100,6.0800,5.9000,5.9200,6.0200,7048900,42130685.0000,0.715900,1,-1.661100,487.107599,3.713435,4.045234,-247.132306,0
2023-06-27,sz.000058,5.9200,6.1400,5.9200,6.1400,5.9200,7366800,44671697.0000,0.748100,1,3.716200,505.209571,3.851434,4.195564,-256.316277,0
2023-06-28,sz.000058,6.1300,6.1900,6.0400,6.1600,6.1300,6024700,36809803.0000,0.611800,1,0.489400,506.855205,3.863980,4.209230,-257.151184,0
2023-06-29,sz.000058,6.1800,6.2400,6.1400,6.1500,6.1600,4587593,28355690.9500,0.465900,1,-0.162300,506.032388,3.857707,4.202397,-256.733730,0
2023-06-30,sz.000058,6.1500,6.2300,6.1500,6.1800,6.1500,4132825,25594112.0000,0.419700,1,0.487800,508.500839,3.876525,4.222896,-257.986090,0
2023-07-03,sz.000058,6.2000,6.2800,6.1700,6.2700,6.1800,5268501,32863256.2100,0.535000,1,1.456300,515.906191,3.932979,4.284395,-261.743169,0
2023-07-04,sz.000058,6.2000,6.2700,6.2000,6.2400,6.2700,3843600,23953664.0000,0.390300,1,-0.478500,513.437740,3.914161,4.263895,-260.490809,0
2023-07-05,sz.000058,6.2200,6.2500,6.1800,6.1800,6.2400,3129660,19443805.8000,0.317800,1,-0.961500,508.500839,3.876525,4.222896,-257.986090,0
2023-07-06,sz.000058,6.1700,6.2400,6.1600,6.2200,6.1800,3268600,20251240.9900,0.331900,1,0.647200,511.792106,3.901616,4.250229,-259.655903,0
2023-07-07,sz.000058,6.1900,6.2900,6.1700,6.2500,6.2200,5040600,31466352.0000,0.511900,1,0.482300,514.260557,3.920434,4.270729,-260.908263,0
2023-07-10,sz.000058,6.2500,6.3400,6.2400,6.2900,6.2500,3857794,24227121.3200,0.391800,1,0.640000,517.551824,3.945525,4.298061,-262.578076,0
2023-07-11,sz.000058,6.3200,6.3300,6.2600,6.2900,6.2900,3050910,19201600.9000,0.309800,1,0.000000,517.551824,3.945525,4.298061,-262.578076,0
2023-07-12,sz.000058,6.3000,6.3100,6.1900,6.1900,6.2900,4384094,27320210.5900,0.445200,1,-1.589800,509.323655,3.882798,4.229730,-258.403543,0
2023-07-13,sz.000058,6.2300,6.2700,6.1800,6.2700,6.1900,3384425,21103975.8300,0.343700,1,1.292400,515.906191,3.932979,4.284395,-261.743169,0
2023-07-14,sz.000058,6.2600,6.3400,6.2400,6.2900,6.2700,4568043,28755388.0400,0.463900,1,0.319000,517.551824,3.945525,4.298061,-262.578076,0
2023-07-17,sz.000058,6.3500,6.4700,6.3100,6.4600,6.2900,11679500,74963729.0000,1.186100,1,2.702700,531.539711,4.052161,4.414225,-269.674780,0
2023-07-18,sz.000058,6.4300,6.5500,6.3800,6.5300,6.4600,10772207,70076112.2600,1.094000,1,1.083600,537.299430,4.096069,4.462057,-272.596953,0
2023-07-19,sz.000058,6.5400,6.6000,6.5000,6.5700,6.5300,8353800,54876204.0000,0.848400,1,0.612600,540.590697,4.121160,4.489390,-274.266766,0
2023-07-20,sz.000058,6.5700,6.6100,6.4800,6.5200,6.5700,10310538,67315832.8400,1.047100,1,-0.761000,536.476613,4.089797,4.455224,-272.179500,0
2023-07-21,sz.000058,6.5000,6.6300,6.4500,6.5900,6.5200,10123048,66589405.3700,1.028100,1,1.073600,542.236331,4.133706,4.503056,-275.101672,0
2023-07-24,sz.000058,6.6300,6.6800,6.5300,6.6000,6.5900,10112177,66954360.9600,1.026900,1,0.151700,543.059148,4.139978,4.509889,-275.519125,0
2023-07-25,sz.000058,6.6400,6.7200,6.6200,6.7000,6.6000,10681994,71347460.8600,1.084800,1,1.515200,551.287317,4.202705,4.578221,-279.693658,0
2023-07-26,sz.000058,6.6800,6.7600,6.6200,6.7300,6.7000,9531666,63763785.6500,0.968000,1,0.447800,553.755768,4.221523,4.598721,-280.946017,0
2023-07-27,sz.000058,6.6600,6.7900,6.6300,6.6900,6.7300,7615042,51203456.4000,0.773300,1,-0.594400,550.464500,4.196433,4.571388,-279.276204,0
2023-07-28,sz.000058,6.6700,6.8300,6.6700,6.8000,6.6900,10865532,73697574.3900,1.103500,1,1.644200,559.515486,4.265432,4.646553,-283.868190,0
2023-07-31,sz.000058,6.7900,6.9300,6.7500,6.8900,6.8000,12265847,83990358.5300,1.245700,1,1.323500,566.920838,4.321886,4.708051,-287.625269,0
2023-08-01,sz.000058,6.8700,6.9100,6.7900,6.8300,6.8900,7985101,54593381.8100,0.810900,1,-0.870800,561.983936,4.284250,4.667052,-285.120549,0
2023-08-02,sz.000058,6.8200,6.9700,6.7900,6.8600,6.8300,7353216,50593681.8800,0.746800,1,0.439200,564.452387,4.303068,4.687552,-286.372909,0
2023-08-03,sz.000058,6.9200,6.9700,6.8400,6.9000,6.8600,9344396,64444935.9000,0.949000,1,0.583100,567.743655,4.328159,4.714884,-288.042722,0
2023-08-04,sz.000058,6.9300,6.9400,6.8300,6.8400,6.9000,8549100,58747185.0000,0.868200,1,-0.869600,562.806753,4.290523,4.673885,-285.538003,0
2023-08-07,sz.000058,6.8300,6.8700,6.7700,6.8000,6.8400,9197300,62638695.0000,0.934000,1,-0.584800,559.515486,4.265432,4.646553,-283.868190,0
2023-08-08,sz.000058,6.8300,6.8400,6.6900,6.7000,6.8000,7642700,51547850.0000,0.776200,1,-1.470600,551.287317,4.202705,4.578221,-279.693658,0
2023-08-09,sz.000058,6.7100,6.7300,6.5900,6.6300,6.7000,5214900,34660421.0000,0.529600,1,-1.044800,545.527599,4.158796,4.530389,-276.771485,0
2023-08-10,sz.000058,6.6100,6.7400,6.6000,6.6500,6.6300,4822100,32142677.0000,0.489700,1,0.301700,547.173232,4.171342,4.544055,-277.606391,0
2023-08-11,sz.000058,6.7300,6.7900,6.5700,6.5900,6.6500,8358662,55589188.1600,0.848900,1,-0.902300,542.236331,4.133706,4.503056,-275.101672,0
2023-08-14,sz.000058,6.5300,6.6200,6.4500,6.6100,6.5900,7246295,47421278.7200,0.735900,1,0.303500,543.881965,4.146251,4.516723,-275.936579,0
2023-08-15,sz.000058,6.5800,6.7300,6.5800,6.6500,6.6100,7831100,52160781.0000,0.795300,1,0.605100,547.173232,4.171342,4.544055,-277.606391,0
2023-08-16,sz.000058,6.6100,6.7800,6.5500,6.7000,6.6500,6562700,43940489.0000,0.666500,1,0.751900,551.287317,4.202705,4.578221,-279.693658,0
2023-08-17,sz.000058,6.6600,6.7800,6.5800,6.7700,6.7000,8601652,57711892.1400,0.873500,1,1.044800,557.047035,4.246614,4.626053,-282.615830,0
2023-08-18,sz.000058,6.7600,6.7900,6.5300,6.5400,6.7700,6704600,44549483.0000,0.680900,1,-3.397300,538.122247,4.102342,4.468890,-273.014406,0
2023-08-21,sz.000058,6.5000,6.6300,6.4600,6.4600,6.5400,5741300,37524384.0000,0.583100,1,-1.223200,531.539711,4.052161,4.414225,-269.674780,0
2023-08-22,sz.000058,6.4500,6.5400,6.3800,6.5000,6.4600,5159600,33313082.0000,0.524000,1,0.619200,534.830979,4.077251,4.441558,-271.344593,0
2023-08-23,sz.000058,6.4800,6.5400,6.4000,6.4100,6.5000,5048446,32573712.1600,0.512700,1,-1.384600,527.425627,4.020797,4.380059,-267.587514,0
2023-08-24,sz.000058,6.4100,6.5000,6.3600,6.4000,6.4100,5130256,32958148.2600,0.521000,1,-0.156000,526.602810,4.014524,4.373226,-267.170061,0
2023-08-25,sz.000058,6.3800,6.4700,6.3000,6.3300,6.4000,6502663,41458140.0300,0.660400,1,-1.093800,520.843092,3.970616,4.325394,-264.247888,0
2023-08-28,sz.000058,6.7000,6.7800,6.5400,6.5600,6.3300,11298500,75025822.0000,1.147400,1,3.633500,539.767880,4.114888,4.482557,-273.849312,0
2023-08-29,sz.000058,6.5400,7.0400,6.4900,6.9500,6.5600,21758208,148555071.8700,2.209700,1,5.945100,571.857739,4.359523,4.749050,-290.129988,0
2023-08-30,sz.000058,6.8000,6.8800,6.6600,6.7300,6.9500,18715500,125891856.0000,1.900700,1,-3.165500,553.755768,4.221523,4.598721,-280.946017,0
2023-08-31,sz.000058,6.8000,6.8500,6.5400,6.5800,6.7300,14761599,98040942.4300,1.499100,1,-2.228800,45.520730,3.944374,4.204833,78.020790,0
2023-09-01,sz.000058,6.6000,6.6800,6.4600,6.5200,6.5800,11771160,77202921.0900,1.195400,1,-0.911900,45.105647,3.908407,4.166491,77.309355,0
2023-09-04,sz.000058,6.4900,6.5800,6.3300,6.4900,6.5200,14203806,91495637.8800,1.442500,1,-0.460100,44.898106,3.890424,4.147320,76.953637,0
2023-09-05,sz.000058,6.4500,6.5000,6.3900,6.4100,6.4900,7787098,50059658.1800,0.790800,1,-1.232700,44.344662,3.842468,4.096198,76.005056,0
2023-09-06,sz.000058,6.4000,7.0500,6.3300,7.0500,6.4100,31997933,220668809.7900,3.249500,1,9.984400,48.772210,4.226115,4.505179,83.593704,0
2023-09-07,sz.000058,7.3300,7.5900,6.8400,6.8700,7.0500,81928997,587828623.9300,8.320200,1,-2.553200,47.526962,4.118214,4.390153,81.459397,0
2023-09-08,sz.000058,6.8400,7.1700,6.7100,7.1100,6.8700,61978903,433474206.8600,6.294200,1,3.493400,49.187293,4.262082,4.543521,84.305140,0
2023-09-11,sz.000058,7.0200,7.0300,6.7600,6.8900,7.1100,44318895,304476495.0300,4.500800,1,-3.094200,47.665323,4.130203,4.402933,81.696542,0
2023-09-12,sz.000058,6.8000,7.4900,6.7500,7.2200,6.8900,69947564,504737313.3100,7.103500,1,4.789600,49.948278,4.328021,4.613814,85.609439,0
2023-09-13,sz.000058,7.1100,7.9400,7.0500,7.9400,7.2200,67060210,508704515.0600,6.810200,1,9.972300,54.929269,4.759625,5.073917,94.146668,0
2023-09-14,sz.000058,8.2700,8.5400,7.6800,7.7300,7.9400,121369267,992088593.9100,12.325500,1,-2.644800,53.476480,4.633740,4.939721,91.656643,0
2023-09-15,sz.000058,7.7500,8.5000,7.6000,8.5000,7.7300,83245713,678646339.0000,8.453900,1,9.961200,58.803374,5.095316,5.431776,100.786735,0
2023-09-18,sz.000058,8.5000,9.3500,8.1500,8.2800,8.5000,132076090,1150449904.8000,13.412900,1,-2.588200,57.281404,4.963437,5.291188,98.178137,0
2023-09-19,sz.000058,8.1900,8.2800,7.4500,7.4500,8.2800,89669713,682401034.8400,9.106300,1,-10.024200,51.539428,4.465895,4.760792,88.336609,0
2023-09-20,sz.000058,7.3500,7.3800,7.0000,7.0100,7.4500,65868956,470147517.7500,6.689300,1,-5.906000,48.495489,4.202137,4.479617,83.119413,0
2023-09-21,sz.000058,7.0100,7.0800,6.9300,7.0400,7.0100,41944487,293691354.6500,4.259600,1,0.428000,48.703030,4.220121,4.498788,83.475131,0
2023-09-22,sz.000058,6.9800,7.1100,6.8100,7.0900,7.0400,41528199,290147380.1400,4.217400,1,0.710200,49.048932,4.250093,4.530740,84.067994,0
2023-09-25,sz.000058,7.0300,7.3300,6.9700,7.2100,7.0900,46451700,333916597.1200,4.717400,1,1.692500,49.879097,4.322027,4.607424,85.490866,0
2023-09-26,sz.000058,7.1000,7.1400,7.0100,7.0200,7.2100,28481800,200918874.0100,2.892400,1,-2.635200,48.564669,4.208132,4.486008,83.237986,0
2023-09-27,sz.000058,7.0000,7.2300,7.0000,7.1300,7.0200,30709573,219211184.5400,3.118700,1,1.567000,49.325654,4.274071,4.556301,84.542285,0
2023-09-28,sz.000058,7.1200,7.1400,6.9800,7.1200,7.1300,25146521,177598786.9300,2.553700,1,-0.140300,49.256473,4.268077,4.549911,84.423712,0
2023-10-09,sz.000058,7.1400,7.1400,7.0000,7.0500,7.1200,20905254,147223902.6200,2.123000,1,-0.983100,48.772210,4.226115,4.505179,83.593704,0
2023-10-10,sz.000058,7.0300,7.2200,7.0000,7.1400,7.0500,27671057,197455136.6400,2.810100,1,1.276600,49.394834,4.280066,4.562692,84.660858,0
2023-10-11,sz.000058,7.1400,7.2800,7.0200,7.0800,7.1400,28320948,201557972.2900,2.876100,1,-0.840300,48.979752,4.244099,4.524350,83.949422,0
2023-10-12,sz.000058,7.0700,7.1600,7.0300,7.1200,7.0800,19369208,137485481.0200,1.967000,1,0.565000,49.256473,4.268077,4.549911,84.423712,0
2023-10-13,sz.000058,7.1000,7.3400,7.0800,7.2100,7.1200,35152835,254602120.8100,3.569900,1,1.264000,49.879097,4.322027,4.607424,85.490866,0
2023-10-16,sz.000058,7.1800,7.1800,7.0400,7.0800,7.2100,21868110,155106116.3300,2.220800,1,-1.803100,48.979752,4.244099,4.524350,83.949422,0
2023-10-17,sz.000058,7.1200,7.1400,7.0300,7.0800,7.0800,14588210,103243727.8000,1.481500,1,0.000000,48.979752,4.244099,4.524350,83.949422,0
2023-10-18,sz.000058,7.0400,7.0500,6.9100,6.9100,7.0800,17398854,121297276.8400,1.766900,1,-2.401100,47.803684,4.142192,4.415714,81.933687,0
2023-10-19,sz.000058,6.8500,7.0200,6.8000,6.8800,6.9100,18722807,130193597.1300,1.901400,1,-0.434200,47.596143,4.124209,4.396543,81.577969,0
2023-10-20,sz.000058,6.8700,6.9400,6.7800,6.8000,6.8800,14313286,97745658.3400,1.453600,1,-1.162800,47.042699,4.076253,4.345420,80.629388,0
2023-10-23,sz.000058,6.7700,6.8400,6.6700,6.7400,6.8000,14004434,94360316.1300,1.422200,1,-0.882400,46.627617,4.040286,4.307079,79.917952,0
2023-10-24,sz.000058,6.7400,6.9400,6.7400,6.9200,6.7400,13907691,95685186.7200,1.412400,1,2.670600,47.872865,4.148187,4.422104,82.052260,0
2023-10-25,sz.000058,6.9700,7.1000,6.9200,7.0800,6.9200,17660000,124374233.0000,1.793400,1,2.312100,48.979752,4.244099,4.524350,83.949422,0
2023-10-26,sz.000058,7.1200,7.1200,6.9000,7.0400,7.0800,17477100,122191950.0000,1.774900,1,-0.565000,48.703030,4.220121,4.498788,83.475131,0
2023-10-27,sz.000058,6.9600,7.0700,6.8700,7.0300,7.0400,17668192,123448288.1800,1.794300,1,-0.142000,63.034232,4.208541,4.561025,39.373068,0
2023-10-30,sz.000058,7.0000,7.1700,6.9600,7.1000,7.0300,18829062,133843421.1800,1.912200,1,0.995700,63.661884,4.250447,4.606441,39.765118,0
2023-10-31,sz.000058,7.1400,7.1400,7.0300,7.0800,7.1000,13218357,93590770.8300,1.342400,1,-0.281700,63.482555,4.238474,4.593465,39.653104,0
2023-11-01,sz.000058,7.1000,7.1100,7.0300,7.0500,7.0800,9241971,65208876.9800,0.938600,1,-0.423700,63.213561,4.220514,4.574001,39.485082,0
2023-11-02,sz.000058,7.0400,7.3200,6.9300,7.1600,7.0500,35780231,256088533.1900,3.633600,1,1.560300,64.199872,4.286366,4.645368,40.101161,0
2023-11-03,sz.000058,7.1000,7.2300,7.0500,7.2000,7.1600,25695751,184073766.3000,2.609500,1,0.558700,64.558531,4.310312,4.671320,40.325190,0
2023-11-06,sz.000058,7.2300,7.2300,7.1300,7.2100,7.2000,25445000,182820081.0000,2.584000,1,0.138900,64.648195,4.316299,4.677808,40.381197,0
2023-11-07,sz.000058,7.2000,7.5200,7.1700,7.5000,7.2100,52769798,390894126.3600,5.359000,1,4.022200,67.248469,4.489909,4.865958,42.005407,0
2023-11-08,sz.000058,7.4900,7.4900,7.2900,7.4200,7.5000,38837773,286560984.9800,3.944100,1,-1.066700,66.531152,4.442016,4.814055,41.557349,0
2023-11-09,sz.000058,7.3700,7.4200,7.2700,7.3100,7.4200,20200012,148159220.5800,2.051400,1,-1.482500,65.544842,4.376164,4.742687,40.941270,0
2023-11-10,sz.000058,7.3000,8.0400,7.2500,7.7000,7.3100,56853184,434480504.9000,5.773700,1,5.335200,69.041762,4.609640,4.995717,43.125551,0
2023-11-13,sz.000058,7.6600,8.1500,7.6500,7.9000,7.7000,56639408,446967606.5000,5.752000,1,2.597400,70.835054,4.729371,5.125476,44.245695,0
2023-11-14,sz.000058,7.7500,7.8200,7.6300,7.7500,7.9000,33475524,257953137.4600,3.399600,1,-1.898700,69.490085,4.639572,5.028157,43.405587,0
2023-11-15,sz.000058,7.7800,8.5200,7.6900,8.0900,7.7500,55174371,447787739.2700,5.603200,1,4.387100,72.538682,4.843115,5.248747,45.309832,0
2023-11-16,sz.000058,7.9000,8.2900,7.9000,8.0100,8.0900,34578057,278508484.9800,3.511500,1,-0.988900,71.821365,4.795223,5.196843,44.861774,0
2023-11-17,sz.000058,7.9400,7.9500,7.7600,7.7900,8.0100,30890825,241267076.2500,3.137100,1,-2.746600,69.848744,4.663519,5.054109,43.629616,0
2023-11-20,sz.000058,7.7900,8.0600,7.7400,7.8400,7.7900,27220863,214283260.9500,2.764400,1,0.641800,70.297067,4.693451,5.086548,43.909652,0
2023-11-21,sz.000058,7.8500,8.6200,7.8500,8.6200,7.8400,51189345,426876257.7300,5.198500,1,9.949000,77.290908,5.160402,5.592608,48.278214,0
2023-11-22,sz.000058,9.3500,9.4800,9.1700,9.4800,8.6200,61988731,583802296.2500,6.295200,1,9.976800,85.002065,5.675245,6.150571,53.094834,0
2023-11-23,sz.000058,8.9200,9.2000,8.5300,8.5300,9.4800,103190131,906732719.9700,10.479400,1,-10.021100,76.483926,5.106523,5.534217,47.774149,0
2023-11-24,sz.000058,8.3100,8.4200,7.7200,7.8100,8.5300,77476972,619921863.5100,7.868100,1,-8.440800,70.028073,4.675492,5.067085,43.741630,0
2023-11-27,sz.000058,7.7400,7.7900,7.5200,7.5900,7.8100,39645646,301405802.4600,4.026200,1,-2.816900,68.055451,4.543788,4.924350,42.509471,0
2023-11-28,sz.000058,7.5400,7.6700,7.5000,7.6000,7.5900,25257824,191664626.6800,2.565000,1,0.131800,68.145116,4.549774,4.930838,42.565479,0
2023-11-29,sz.000058,7.6100,7.7400,7.5300,7.6600,7.6000,30627147,233969837.6800,3.110300,1,0.789500,68.683103,4.585694,4.969765,42.901522,0
2023-11-30,sz.000058,7.6300,7.6600,7.5300,7.6600,7.6600,22557244,171364266.2200,2.290800,1,0.000000,68.683103,4.585694,4.969765,42.901522,0
2023-12-01,sz.000058,7.5500,7.7700,7.5300,7.7100,7.6600,24884035,191518563.9300,2.527100,1,0.652700,69.131427,4.615626,5.002205,43.181558,0
2023-12-04,sz.000058,7.7000,7.8400,7.6900,7.8100,7.7100,22536529,175227042.7700,2.288700,1,1.297000,70.028073,4.675492,5.067085,43.741630,0
2023-12-05,sz.000058,7.7800,7.7900,7.5800,7.5800,7.8100,18055180,138174342.7100,1.833600,1,-2.944900,67.965786,4.537801,4.917862,42.453464,0
2023-12-06,sz.000058,7.5500,7.7300,7.5300,7.6500,7.5800,15152200,115831356.0000,1.538800,1,0.923500,68.593439,4.579707,4.963277,42.845515,0
2023-12-07,sz.000058,7.6000,7.6700,7.5000,7.5100,7.6500,17232758,130231048.1700,1.750100,1,-1.830100,67.338134,4.495895,4.872446,42.061414,0
2023-12-08,sz.000058,7.4900,7.4900,7.2800,7.2800,7.5100,22724293,167436447.5700,2.307700,1,-3.062600,65.275848,4.358205,4.723224,40.773248,0
2023-12-11,sz.000058,7.2700,7.3800,7.2200,7.3600,7.2800,11075563,80950395.0500,1.124800,1,1.098900,65.993165,4.406097,4.775127,41.221306,0
2023-12-12,sz.000058,7.3300,7.4500,7.3200,7.4400,7.3600,10511821,77908371.2400,1.067500,1,1.087000,66.710482,4.453990,4.827031,41.669363,0
2023-12-13,sz.000058,7.4400,7.4600,7.3600,7.3800,7.4400,10192500,75387254.9900,1.035100,1,-0.806500,66.172494,4.418070,4.788103,41.333320,0
2023-12-14,sz.000058,7.3900,7.6700,7.3900,7.4600,7.3800,28346300,213618218.1400,2.878700,1,1.084000,66.889811,4.465963,4.840007,41.781378,0
2023-12-15,sz.000058,7.4900,7.5600,7.3300,7.3500,7.4600,16463115,121735546.9000,1.671900,1,-1.474500,65.903500,4.400111,4.768639,41.165298,0
2023-12-18,sz.000058,7.3200,7.4000,7.2200,7.2800,7.3500,11627000,84931923.0000,1.180800,1,-0.952400,65.275848,4.358205,4.723224,40.773248,0
2023-12-19,sz.000058,7.2500,7.3000,7.1400,7.2100,7.2800,10762864,77682616.9600,1.093000,1,-0.961500,64.648195,4.316299,4.677808,40.381197,0
2023-12-20,sz.000058,7.1900,7.2400,7.1100,7.1200,7.2100,7974300,57236600.0000,0.809800,1,-1.248300,63.841214,4.262420,4.619416,39.877133,0
2023-12-21,sz.000058,7.1200,7.1900,7.0300,7.1600,7.1200,8478105,60387488.6400,0.861000,1,0.561800,64.199872,4.286366,4.645368,40.101161,0
2023-12-22,sz.000058,7.1700,7.1800,7.0200,7.0400,7.1600,9135895,64667023.8600,0.927800,1,-1.676000,63.123897,4.214528,4.567513,39.429075,0
2023-12-25,sz.000058,7.0500,7.0800,6.9500,7.0200,7.0400,5978213,41917078.3500,0.607100,1,-0.284100,62.944567,4.202555,4.554537,39.317060,0
2023-12-26,sz.000058,7.0200,7.0600,6.9000,6.9000,7.0200,7178787,49960025.6500,0.729000,1,-1.709400,61.868592,4.130716,4.476682,38.644974,0
2023-12-27,sz.000058,6.9000,7.0200,6.8900,7.0200,6.9000,7001126,48737286.4800,0.711000,1,1.739100,62.944567,4.202555,4.554537,39.317060,0
2023-12-28,sz.000058,7.0200,7.1700,6.9100,7.1400,7.0200,9203000,65092961.0000,0.934600,1,1.709400,64.020543,4.274393,4.632392,39.989147,0
2023-12-29,sz.000058,7.1300,7.2200,7.1200,7.1700,7.1400,9862300,70724995.0000,1.001600,1,0.420200,64.289537,4.292353,4.651856,40.157169,0
2024-01-02,sz.000058,7.1700,7.2600,7.1200,7.2000,7.1700,7838033,56540615.7200,0.796000,1,0.418400,64.558531,4.310312,4.671320,40.325190,0
2024-01-03,sz.000058,7.1800,7.2300,7.1100,7.1800,7.2000,6240295,44771214.3800,0.633700,1,-0.277800,64.379201,4.298339,4.658344,40.213176,0
2024-01-04,sz.000058,7.1600,7.1600,7.0900,7.1600,7.1800,5898600,42012115.0000,0.599000,1,-0.278600,64.199872,4.286366,4.645368,40.101161,0
2024-01-05,sz.000058,7.1600,7.1600,6.9800,7.0200,7.1600,6276647,44403620.5500,0.637400,1,-1.955300,62.944567,4.202555,4.554537,39.317060,0
2024-01-08,sz.000058,7.0100,7.0400,6.8900,6.9000,7.0200,5696355,39523411.0500,0.578500,1,-1.709400,61.868592,4.130716,4.476682,38.644974,0
2024-01-09,sz.000058,6.9400,7.3700,6.8800,7.3200,6.9000,27238641,195121838.0900,2.766200,1,6.087000,65.634506,4.382151,4.749175,40.997277,0
2024-01-10,sz.000058,7.4200,7.4700,7.1000,7.1700,7.3200,25207349,181851122.3000,2.559900,1,-2.049200,64.289537,4.292353,4.651856,40.157169,0
2024-01-11,sz.000058,7.1600,7.2100,7.0300,7.2100,7.1700,17201963,122418509.8700,1.746900,1,0.557900,64.648195,4.316299,4.677808,40.381197,0
2024-01-12,sz.000058,7.1500,7.9000,7.1300,7.5600,7.2100,49877185,373565857.5400,5.065200,1,4.854400,67.786457,4.525828,4.904886,42.341450,0
2024-01-15,sz.000058,7.6300,8.3200,7.5300,8.0400,7.5600,70576985,563053009.0500,7.167400,1,6.349200,72.090359,4.813182,5.216307,45.029796,0
2024-01-16,sz.000058,7.8800,7.9600,7.6900,7.8100,8.0400,41113771,320503729.4400,4.175300,1,-2.860700,70.028073,4.675492,5.067085,43.741630,0
2024-01-17,sz.000058,7.8300,8.0200,7.6200,7.8900,7.8100,45030707,352645857.8000,4.573100,1,1.024300,70.745390,4.723384,5.118988,44.189688,0
2024-01-18,sz.000058,7.6500,7.7200,7.1500,7.6700,7.8900,34902586,261044425.8700,3.544500,1,-2.788300,68.772768,4.591680,4.976253,42.957529,0
2024-01-19,sz.000058,7.6200,8.4400,7.5200,8.0900,7.6700,96255451,795671638.8400,9.775100,1,5.475900,72.538682,4.843115,5.248747,45.309832,0
2024-01-22,sz.000058,7.7500,8.0500,7.5500,7.8000,8.0900,63709172,499819155.8000,6.469900,1,-3.584700,69.938408,4.669505,5.060597,43.685623,0
2024-01-23,sz.000058,7.6000,8.5800,7.2000,8.2400,7.8000,91385628,735881062.5600,9.280600,1,5.641000,73.883652,4.932913,5.346066,46.149940,0
2024-01-24,sz.000058,7.9800,8.4800,7.9800,8.3000,8.2400,73452641,606471789.3800,7.459400,1,0.728200,74.421640,4.968832,5.384994,46.485983,0
2024-01-25,sz.000058,8.2000,8.8300,8.1600,8.6600,8.3000,78072613,668116357.3100,7.928600,1,4.337300,77.649566,5.184348,5.618560,48.502243,0
2024-01-26,sz.000058,8.5000,8.7600,8.1700,8.2300,8.6600,61763168,522116268.9200,6.272300,1,-4.965400,73.793987,4.926927,5.339578,46.093933,0
2024-01-29,sz.000058,8.1100,8.6700,8.0900,8.3400,8.2300,51793346,434351901.6100,5.259800,1,1.336600,74.780298,4.992779,5.410946,46.710012,0
2024-01-30,sz.000058,8.0900,8.1900,7.5100,7.6200,8.3400,53924777,422097651.9800,5.476300,1,-8.633100,68.324445,4.561747,4.943814,42.677493,0
2024-01-31,sz.000058,7.4400,7.5000,6.8600,6.8600,7.6200,43853650,310124152.1400,4.453500,1,-9.973800,61.509933,4.106770,4.450730,38.420945,0
2024-02-01,sz.000058,6.4500,6.6300,6.2100,6.4500,6.8600,31410425,201876518.5400,3.189900,1,-5.976700,57.833684,3.861322,4.184724,36.124650,0
2024-02-02,sz.000058,6.4600,6.6500,5.9200,6.1900,6.4500,30210477,190335979.8000,3.068000,1,-4.031000,55.502403,3.705671,4.016038,34.668462,0
2024-02-05,sz.000058,6.0300,6.0600,5.5700,5.5700,6.1900,28231824,161272626.9100,2.867100,1,-10.016200,49.943197,3.334506,3.613785,31.196015,0
2024-02-06,sz.000058,5.3000,5.9500,5.2400,5.8200,5.5700,25346144,142579101.8300,2.574000,1,4.488300,52.184812,3.484169,3.775984,32.596195,0
2024-02-07,sz.000058,5.7400,6.1100,5.7400,5.9300,5.8200,23771212,141990130.1100,2.414100,1,1.890000,53.171123,3.550021,3.847351,33.212275,0
2024-02-08,sz.000058,5.9600,6.2500,5.9600,6.2100,5.9300,21036668,129628764.9000,2.136400,1,4.721800,55.681733,3.717645,4.029013,34.780477,0
2024-02-19,sz.000058,6.2900,6.4200,6.1600,6.3200,6.2100,23642386,148537962.8600,2.401000,1,1.771300,56.668044,3.783497,4.100381,35.396556,0
2024-02-20,sz.000058,6.3100,6.3100,6.1400,6.2500,6.3200,17748422,110291732.0500,1.802400,1,-1.107600,56.040391,3.741591,4.054965,35.004505,0
2024-02-21,sz.000058,6.2300,6.5000,6.1800,6.3600,6.2500,24975256,158903998.0200,2.536300,1,1.760000,57.026702,3.807443,4.126333,35.620585,0
2024-02-22,sz.000058,6.3200,6.5100,6.3000,6.5000,6.3600,21942034,141076376.1500,2.228300,1,2.201300,58.282007,3.891254,4.217164,36.404686,0
2024-02-23,sz.000058,6.5200,6.5900,6.4100,6.5800,6.5000,21944904,142749341.9700,2.228600,1,1.230800,58.999324,3.939147,4.269067,36.852743,0
2024-02-26,sz.000058,6.6500,6.7000,6.5200,6.6000,6.5800,20872635,138032615.2800,2.119700,1,0.304000,59.178653,3.951120,4.282043,36.964758,0
2024-02-27,sz.000058,6.5700,6.8100,6.5500,6.8100,6.6000,18898481,126516751.0200,1.919200,1,3.181800,61.061610,4.076837,4.418290,38.140909,0
2024-02-28,sz.000058,6.8100,6.9500,6.3500,6.3700,6.8100,27411750,183397583.8700,2.783800,1,-6.461100,57.116367,3.813429,4.132821,35.676592,0
2024-02-29,sz.000058,6.3000,6.6300,6.2800,6.6300,6.3700,19326710,125896390.8000,1.962700,1,4.081600,59.447647,3.969079,4.301507,37.132779,0
2024-03-01,sz.000058,6.6500,6.8100,6.6100,6.7800,6.6300,17886644,120337218.5600,1.816500,1,2.262400,60.792616,4.058878,4.398826,37.972887,0
2024-03-04,sz.000058,6.7700,6.8100,6.5700,6.7200,6.7800,14764141,98644536.6800,1.499400,1,-0.885000,60.254629,4.022958,4.359899,37.636844,0
2024-03-05,sz.000058,6.6800,6.7100,6.5700,6.6100,6.7200,11671960,77496225.4900,1.185300,1,-1.636900,59.268318,3.957106,4.288531,37.020765,0
2024-03-06,sz.000058,6.6000,6.7500,6.5100,6.6200,6.6100,10858602,71875634.6400,1.102700,1,0.151300,59.357982,3.963093,4.295019,37.076772,0
2024-03-07,sz.000058,6.6300,6.7100,6.5200,6.5200,6.6200,11644421,77104435.9800,1.182500,1,-1.510600,58.461336,3.903227,4.230140,36.516700,0
2024-03-08,sz.000058,6.5300,6.8300,6.4800,6.6500,6.5200,19757991,131138088.1500,2.006500,1,1.993900,59.626976,3.981053,4.314483,37.244794,0
2024-03-11,sz.000058,6.6300,6.8200,6.6100,6.8000,6.6500,19132700,128751445.0000,1.943000,1,2.255600,60.971946,4.070851,4.411802,38.084902,0
2024-03-12,sz.000058,6.7900,6.9300,6.7200,6.9000,6.8000,17783115,121503569.3500,1.805900,1,1.470600,61.868592,4.130716,4.476682,38.644974,0
2024-03-13,sz.000058,6.8800,6.8900,6.7900,6.8400,6.9000,11907901,81327367.8400,1.209300,1,-0.869600,61.330604,4.094797,4.437754,38.308931,0
2024-03-14,sz.000058,6.8300,6.8700,6.7100,6.8000,6.8400,10151500,69114061.0000,1.030900,1,-0.584800,60.971946,4.070851,4.411802,38.084902,0
2024-03-15,sz.000058,6.7700,6.8900,6.7300,6.8900,6.8000,10163972,69575728.5600,1.032200,1,1.323500,61.778927,4.124730,4.470194,38.588967,0
2024-03-18,sz.000058,6.8800,7.0200,6.8700,7.0000,6.8900,13502889,93849453.6300,1.371300,1,1.596500,62.765238,4.190582,4.541561,39.205046,0
2024-03-19,sz.000058,6.9700,7.0100,6.9100,6.9100,7.0000,10077349,70055223.8500,1.023400,1,-1.285700,61.958257,4.136703,4.483170,38.700981,0
2024-03-20,sz.000058,6.9000,7.0500,6.8800,7.0300,6.9100,14679519,102731688.8900,1.490800,1,1.736600,63.034232,4.208541,4.561025,39.373068,0
2024-03-21,sz.000058,7.0100,7.0600,6.9400,7.0000,7.0300,11484700,80359040.0000,1.166300,1,-0.426700,62.765238,4.190582,4.541561,39.205046,0
2024-03-22,sz.000058,7.0000,7.1400,6.9500,7.0900,7.0000,25336418,179098941.7500,2.573000,1,1.285700,63.572220,4.244460,4.599953,39.709111,0
2024-03-25,sz.000058,7.0600,7.2700,6.9400,6.9600,7.0900,22337121,158328094.1500,2.268400,1,-1.833600,62.406580,4.166635,4.515609,38.981017,0
2024-03-26,sz.000058,6.8600,6.9900,6.8000,6.9100,6.9600,16975819,116927584.5400,1.724000,1,-0.718400,61.958257,4.136703,4.483170,38.700981,0
2024-03-27,sz.000058,6.9200,6.9200,6.5800,6.5900,6.9100,16921151,113711735.2900,1.718400,1,-4.631000,59.088988,3.945133,4.275555,36.908751,0
2024-03-28,sz.000058,6.6000,6.9000,6.5000,6.8300,6.5900,17557992,119275134.8400,1.783100,1,3.641900,61.240940,4.088810,4.431266,38.252924,0
2024-03-29,sz.000058,6.8600,6.9000,6.6300,6.7600,6.8300,12783527,86091570.9200,1.298200,1,-1.024900,91.998971,4.147998,4.270209,48.023030,0
2024-04-01,sz.000058,6.7700,6.9100,6.7700,6.9000,6.7600,12358598,84603686.1400,1.255100,1,2.071000,93.904275,4.233903,4.358645,49.017590,0
2024-04-02,sz.000058,6.9100,7.0200,6.8100,6.8900,6.9000,11597109,80015380.0500,1.177700,1,-0.144900,93.768182,4.227767,4.352328,48.946550,0
2024-04-03,sz.000058,6.8600,6.9000,6.7100,6.7800,6.8900,9183261,62362858.5800,0.932600,1,-1.596500,92.271157,4.160270,4.282842,48.165110,0
2024-04-08,sz.000058,6.7800,6.7800,6.5900,6.6000,6.7800,8868912,59076081.3600,0.900700,1,-2.654900,89.821481,4.049820,4.169139,46.886391,0
2024-04-09,sz.000058,6.5500,6.6400,6.5300,6.6100,6.6000,7226701,47579769.5800,0.733900,1,0.151500,89.957574,4.055956,4.175456,46.957431,0
2024-04-10,sz.000058,6.6100,6.6300,6.3100,6.3900,6.6100,11140752,71549411.2000,1.131400,1,-3.328300,86.963524,3.920962,4.036484,45.394551,0
2024-04-11,sz.000058,6.3200,6.5000,6.3100,6.3900,6.3900,6566001,42199381.4700,0.666800,1,0.000000,86.963524,3.920962,4.036484,45.394551,0
2024-04-12,sz.000058,6.3800,6.4300,6.2800,6.3000,6.3900,6626400,42031214.0000,0.672900,1,-1.408500,85.738686,3.865737,3.979632,44.755191,0
2024-04-15,sz.000058,6.2900,6.3400,5.9400,6.1100,6.3000,10859030,66317048.3300,1.102800,1,-3.015900,83.152916,3.749152,3.859612,43.405431,0
2024-04-16,sz.000058,6.1100,6.1300,5.7200,5.7200,6.1100,11674004,68480136.0800,1.185500,1,-6.383000,77.845283,3.509844,3.613254,40.634872,0
2024-04-17,sz.000058,5.8100,6.1500,5.8100,6.1500,5.7200,11018925,66607290.2000,1.119000,1,7.517500,83.697289,3.773696,3.884879,43.689591,0
2024-04-18,sz.000058,6.1900,6.2000,6.0500,6.0700,6.1500,8459413,51828351.8200,0.859100,1,-1.300800,82.608544,3.724607,3.834344,43.121271,0
2024-04-19,sz.000058,6.0200,6.1100,5.8700,5.9200,6.0700,10595500,63227307.0000,1.076000,1,-2.471200,80.567146,3.632566,3.739591,42.055672,0
2024-04-22,sz.000058,5.9200,5.9900,5.8000,5.8900,5.9200,6574906,38743339.2200,0.667700,1,-0.506800,80.158867,3.614158,3.720640,41.842552,0
2024-04-23,sz.000058,5.9100,6.0600,5.9000,5.9900,5.8900,7067420,42241006.6000,0.717700,1,1.697800,81.519798,3.675519,3.783809,42.552951,0
2024-04-24,sz.000058,5.9800,6.0600,5.9400,6.0300,5.9900,8789277,52676459.2300,0.892600,1,0.667800,82.064171,3.700063,3.809077,42.837111,0
2024-04-25,sz.000058,6.0000,6.0900,5.9600,6.0200,6.0300,6379900,38508800.0000,0.647900,1,-0.165800,81.928078,3.693927,3.802760,42.766071,0
2024-04-26,sz.000058,6.0000,6.2200,5.9700,6.2000,6.0200,9551619,58520302.4200,0.970000,1,2.990000,92.605425,3.760806,3.979986,84.722290,0
2024-04-29,sz.000058,6.2200,6.4200,6.2200,6.3900,6.2000,10119498,64290900.1600,1.027700,1,3.064500,95.443334,3.876056,4.101954,87.318618,0
2024-04-30,sz.000058,6.4600,6.4700,6.2800,6.3600,6.3900,7620220,48367073.4000,0.773900,1,-0.469500,94.995243,3.857859,4.082696,86.908672,0
2024-05-06,sz.000058,6.4600,6.5200,6.3800,6.4100,6.3600,8358000,53879421.0000,0.848800,1,0.786200,95.742061,3.888188,4.114792,87.591916,0
2024-05-07,sz.000058,6.4100,6.4900,6.3700,6.4500,6.4100,6394406,41098590.4000,0.649400,1,0.624000,96.339515,3.912451,4.140470,88.138511,0
2024-05-08,sz.000058,6.4400,6.4500,6.3200,6.3400,6.4500,6179401,39300704.3300,0.627500,1,-1.705400,94.696516,3.845727,4.069857,86.635374,0
2024-05-09,sz.000058,6.3000,6.4200,6.3000,6.3800,6.3400,5142136,32843156.3200,0.522200,1,0.630900,95.293970,3.869990,4.095534,87.181969,0
2024-05-10,sz.000058,6.3800,6.4200,6.2300,6.3000,6.3800,7628686,48052097.9000,0.774700,1,-1.253900,94.099061,3.821464,4.044180,86.088778,0
2024-05-13,sz.000058,6.3000,6.3400,6.1600,6.2100,6.3000,6306300,39332240.0000,0.640400,1,-1.428600,92.754789,3.766872,3.986406,84.858939,0
2024-05-14,sz.000058,6.2200,6.3100,6.2100,6.2500,6.2100,5120000,32047835.0000,0.520000,1,0.644100,93.352243,3.791135,4.012083,85.405534,0
2024-05-15,sz.000058,6.2500,6.3700,6.1600,6.3200,6.2500,6202600,39142816.0000,0.629900,1,1.120000,94.397788,3.833596,4.057018,86.362076,0
2024-05-16,sz.000058,6.3200,6.4800,6.3000,6.4000,6.3200,8827700,56729695.0000,0.896500,1,1.265800,95.592697,3.882122,4.108373,87.455267,0
2024-05-17,sz.000058,6.3800,6.5900,6.3600,6.5800,6.4000,10474266,68026725.4200,1.063700,1,2.812500,98.281242,3.991307,4.223921,89.914946,0
2024-05-20,sz.000058,6.5800,6.5900,6.4600,6.5000,6.5500,10601300,69080878.0000,1.076600,1,-0.763400,97.086333,3.942780,4.172566,88.821756,0
2024-05-21,sz.000058,6.5000,6.5700,6.4600,6.5000,6.5000,6727700,43789947.0000,0.683200,1,0.000000,97.086333,3.942780,4.172566,88.821756,0
2024-05-22,sz.000058,6.4900,6.5800,6.4700,6.4900,6.5000,5717200,37290416.0000,0.580600,1,-0.153800,96.936970,3.936714,4.166147,88.685107,0
2024-05-23,sz.000058,6.4800,6.4800,6.2900,6.3200,6.4900,7202312,45824832.9200,0.731400,1,-2.619400,94.397788,3.833596,4.057018,86.362076,0
2024-05-24,sz.000058,6.3300,6.3700,6.1300,6.1300,6.3200,6273800,39057953.0000,0.637100,1,-3.006300,91.559880,3.718345,3.935051,83.765748,0
2024-05-27,sz.000058,6.1800,6.2000,5.9300,6.1200,6.1300,8637058,52196372.2600,0.877100,1,-0.163100,91.410517,3.712279,3.928632,83.629099,0
2024-05-28,sz.000058,6.1400,6.1400,5.9900,6.0100,6.1200,5750900,34789745.0000,0.584000,1,-1.797400,89.767517,3.645555,3.858019,82.125962,0
2024-05-29,sz.000058,6.0500,6.1400,6.0000,6.0400,6.0100,4958626,30096496.8200,0.503600,1,0.499200,90.215608,3.663753,3.877277,82.535908,0
2024-05-30,sz.000058,6.0200,6.0300,5.9400,5.9500,6.0400,6133500,36631762.0000,0.622900,1,-1.490100,88.871336,3.609160,3.819503,81.306069,0
2024-05-31,sz.000058,5.9900,6.0900,5.9700,6.0600,5.9500,5808400,35112653.0000,0.589900,1,1.848700,90.514335,3.675884,3.890116,82.809206,0
2024-06-03,sz.000058,6.0900,6.1000,5.8200,5.8700,6.0600,7459500,44050722.3400,0.757500,1,-3.135300,87.676427,3.560634,3.768148,80.212878,0
2024-06-04,sz.000058,5.8700,5.9100,5.7700,5.8900,5.8700,5094922,29775358.2200,0.517400,1,0.340700,87.975154,3.572765,3.780987,80.486175,0
2024-06-05,sz.000058,5.8800,5.8800,5.7200,5.7300,5.8900,5845922,33891105.1900,0.593700,1,-2.716500,85.585337,3.475712,3.678278,78.299794,0
2024-06-06,sz.000058,5.7000,5.7700,5.4600,5.5100,5.7300,10333722,57498545.2800,1.049400,1,-3.839400,82.299338,3.342264,3.537052,75.293519,0
2024-06-07,sz.000058,5.5500,5.7100,5.5300,5.6900,5.5100,7252191,40912712.7000,0.736500,1,3.266800,84.987882,3.451449,3.652600,77.753198,0
2024-06-11,sz.000058,5.6900,5.7100,5.5400,5.6800,5.6900,5797200,32609135.0000,0.588700,1,-0.175700,84.838519,3.445383,3.646181,77.616549,0
2024-06-12,sz.000058,5.6800,5.7700,5.6500,5.7300,5.6800,4342559,24864599.4800,0.441000,1,0.880300,85.585337,3.475712,3.678278,78.299794,0
2024-06-13,sz.000058,5.7500,5.7500,5.5800,5.6100,5.7300,5193500,29238578.0000,0.527400,1,-2.094200,83.792974,3.402923,3.601246,76.660007,0
2024-06-14,sz.000058,5.6000,5.7100,5.5500,5.6800,5.6100,4750666,26800732.5100,0.482500,1,1.247800,84.838519,3.445383,3.646181,77.616549,0
2024-06-17,sz.000058,5.6900,5.7500,5.6400,5.6900,5.6800,3503312,19968684.8000,0.355800,1,0.176100,84.987882,3.451449,3.652600,77.753198,0
2024-06-18,sz.000058,5.6800,5.7800,5.6300,5.7400,5.6900,5218100,29892059.0000,0.529900,1,0.878700,85.734700,3.481778,3.684697,78.436443,0
2024-06-19,sz.000058,5.7400,5.7700,5.6900,5.7000,5.7400,4583311,26232400.2400,0.465500,1,-0.696900,85.137246,3.457515,3.659020,77.889847,0
2024-06-20,sz.000058,5.7000,5.7300,5.5500,5.5500,5.7000,5066356,28436000.7600,0.514500,1,-2.631600,82.896792,3.366528,3.562730,75.840114,0
2024-06-21,sz.000058,5.5400,5.6800,5.5200,5.5500,5.5500,4210195,23585522.5700,0.427600,1,0.000000,82.896792,3.366528,3.562730,75.840114,0
2024-06-24,sz.000058,5.5200,5.5300,5.2900,5.3000,5.5500,6283318,33759157.7900,0.638100,1,-4.504500,79.162702,3.214882,3.402246,72.423893,0
2024-06-25,sz.000058,5.3000,5.4200,5.2300,5.3600,5.3000,4955857,26524271.2400,0.503300,1,1.132100,80.058884,3.251277,3.440762,73.243786,0
2024-06-26,sz.000058,5.3700,5.5800,5.3100,5.5700,5.3600,5409300,29572596.0000,0.549300,1,3.917900,83.195519,3.378659,3.575568,76.113412,0
2024-06-27,sz.000058,5.5500,5.6300,5.4300,5.4400,5.5700,4353500,23978505.0000,0.442100,1,-2.333900,81.253793,3.299804,3.492117,74.336977,0
2024-06-28,sz.000058,5.4300,5.5000,5.3600,5.3700,5.4400,5254823,28591489.5100,0.533700,1,-1.286800,80.208247,3.257343,3.447182,73.380435,0
2024-07-01,sz.000058,5.3900,5.4900,5.3500,5.4900,5.3700,4593753,24996860.3100,0.466500,1,2.234600,82.000611,3.330133,3.524214,75.020221,0
2024-07-02,sz.000058,5.4900,5.5900,5.4600,5.5200,5.4900,5003700,27696986.0000,0.508100,1,0.546400,82.448701,3.348330,3.543472,75.430168,0
2024-07-03,sz.000058,5.5100,5.6900,5.4900,5.5900,5.5200,5619900,31557903.0000,0.570700,1,1.268100,83.494246,3.390791,3.588407,76.386710,0
2024-07-04,sz.000058,5.5900,5.6000,5.3300,5.3600,5.5900,5910564,32178686.0400,0.600200,1,-4.114500,80.058884,3.251277,3.440762,73.243786,0
2024-07-05,sz.000058,5.4300,5.4300,5.3000,5.3900,5.3600,3402720,18287160.0000,0.345600,1,0.559700,80.506975,3.269475,3.460020,73.653733,0
2024-07-08,sz.000058,5.3700,5.3700,5.1500,5.1500,5.3900,6684427,34868766.3300,0.678800,1,-4.452700,76.922249,3.123895,3.305956,70.374160,0
2024-07-09,sz.000058,5.1200,5.2300,4.9900,5.1900,5.1500,6538100,33500907.0000,0.664000,1,0.776700,77.519703,3.148158,3.331634,70.920756,0
2024-07-10,sz.000058,5.1800,5.2300,5.0900,5.1500,5.1900,3824776,19760666.6800,0.388400,1,-0.770700,76.922249,3.123895,3.305956,70.374160,0
2024-07-11,sz.000058,5.2600,5.3600,5.2100,5.3500,5.1500,5831601,30958944.3500,0.592200,1,3.883500,79.909520,3.245211,3.434343,73.107137,0
2024-07-12,sz.000058,5.3200,5.4300,5.3200,5.3900,5.3500,4189500,22562238.0000,0.425500,1,0.747700,80.506975,3.269475,3.460020,73.653733,0
2024-07-15,sz.000058,5.4700,5.4700,5.2600,5.2700,5.3900,4205180,22326387.4000,0.427100,1,-2.226300,78.714612,3.196685,3.382988,72.013946,0
2024-07-16,sz.000058,5.2500,5.2900,5.1800,5.2000,5.2700,3423576,17872055.1600,0.347700,1,-1.328300,77.669066,3.154224,3.338053,71.057404,0
2024-07-17,sz.000058,5.2000,5.5300,5.1900,5.2800,5.2000,11811349,63109041.4600,1.199500,1,1.538500,78.863975,3.202751,3.389408,72.150595,0
2024-07-18,sz.000058,5.2000,5.3100,5.1200,5.2800,5.2800,8383380,43615758.5000,0.851400,1,0.000000,78.863975,3.202751,3.389408,72.150595,0
2024-07-19,sz.000058,5.2100,5.2800,5.1400,5.2400,5.2800,5724777,29858472.6200,0.581400,1,-0.757600,78.266521,3.178487,3.363730,71.604000,0
2024-07-22,sz.000058,5.2400,5.3200,5.1700,5.3000,5.2400,5919647,31175032.6000,0.601200,1,1.145000,79.162702,3.214882,3.402246,72.423893,0
2024-07-23,sz.000058,5.2800,5.4200,5.1900,5.2200,5.3000,7175007,38033052.9500,0.728700,1,-1.509400,77.967794,3.166356,3.350892,71.330702,0
2024-07-24,sz.000058,5.1700,5.2200,5.0700,5.0900,5.2200,6052400,31101617.0000,0.614600,1,-2.490400,76.026067,3.087500,3.267440,69.554267,0
2024-07-25,sz.000058,5.0700,5.2000,5.0300,5.1400,5.0900,4366923,22403326.1400,0.443500,1,0.982300,76.772885,3.117829,3.299537,70.237511,0
2024-07-26,sz.000058,5.1400,5.2600,5.1200,5.2500,5.1400,4455206,23215593.2000,0.452400,1,2.140100,78.415884,3.184553,3.370150,71.740649,0
2024-07-29,sz.000058,5.2900,5.2900,5.1700,5.2600,5.2500,3384193,17725597.0400,0.343700,1,0.190500,78.565248,3.190619,3.376569,71.877298,0
2024-07-30,sz.000058,5.2400,5.3500,5.2200,5.3400,5.2600,5357450,28418344.5000,0.544100,1,1.520900,79.760157,3.239146,3.427924,72.970488,0
2024-07-31,sz.000058,5.3500,5.5900,5.3500,5.5800,5.3400,9322300,51299052.5300,0.946700,1,4.494400,83.344883,3.384725,3.581988,76.250061,0
2024-08-01,sz.000058,5.5700,5.6500,5.5000,5.5600,5.5800,8242199,45914842.3900,0.837000,1,-0.358400,83.046156,3.372594,3.569149,75.976763,0
2024-08-02,sz.000058,5.5200,5.6800,5.5000,5.5600,5.5600,7830001,43720425.2600,0.795200,1,0.000000,83.046156,3.372594,3.569149,75.976763,0
2024-08-05,sz.000058,5.5100,5.6400,5.4100,5.4300,5.5600,8720600,48107616.5200,0.885600,1,-2.338100,81.104429,3.293738,3.485698,74.200328,0
2024-08-06,sz.000058,5.5100,5.5500,5.4400,5.5300,5.4300,6532000,35950414.0000,0.663400,1,1.841600,82.598065,3.354396,3.549891,75.566817,0
2024-08-07,sz.000058,5.5200,5.5500,5.4500,5.5200,5.5300,4212190,23210628.9000,0.427800,1,-0.180800,82.448701,3.348330,3.543472,75.430168,0
2024-08-08,sz.000058,5.4700,5.6000,5.4500,5.5400,5.5200,5277400,29181434.0000,0.535900,1,0.362300,82.747429,3.360462,3.556310,75.703465,0
2024-08-09,sz.000058,5.5500,5.6700,5.5100,5.5300,5.5400,6522003,36466924.7000,0.662300,1,-0.180500,82.598065,3.354396,3.549891,75.566817,0
2024-08-12,sz.000058,5.5000,5.5800,5.3800,5.4000,5.5300,6960400,37832367.0000,0.706900,1,-2.350800,80.656338,3.275541,3.466440,73.790382,0
2024-08-13,sz.000058,5.4000,5.4300,5.3200,5.4200,5.4000,3968995,21371362.0000,0.403100,1,0.370400,80.955065,3.287672,3.479278,74.063679,0
2024-08-14,sz.000058,5.4000,5.4400,5.3600,5.3600,5.4200,3559601,19201301.4200,0.361500,1,-1.107000,80.058884,3.251277,3.440762,73.243786,0
2024-08-15,sz.000058,5.3500,5.5100,5.3200,5.4900,5.3600,5519300,30019318.0000,0.560500,1,2.425400,82.000611,3.330133,3.524214,75.020221,0
2024-08-16,sz.000058,5.5000,5.5200,5.4100,5.4100,5.4900,3516700,19185023.0000,0.357100,1,-1.457200,80.805702,3.281606,3.472859,73.927030,0
2024-08-19,sz.000058,5.4800,5.5000,5.3600,5.4300,5.4100,3776225,20517311.5000,0.383500,1,0.369700,81.104429,3.293738,3.485698,74.200328,0
2024-08-20,sz.000058,5.4700,5.4800,5.3000,5.3200,5.4300,4330400,23193713.0000,0.439800,1,-2.025800,79.461430,3.227014,3.415085,72.697191,0
2024-08-21,sz.000058,5.2700,5.8500,5.2700,5.6200,5.3200,32526725,183693572.3000,3.303200,1,5.639100,83.942337,3.408988,3.607665,76.796656,0
2024-08-22,sz.000058,5.5300,5.5800,5.2600,5.3000,5.6200,27773795,149294469.0200,2.820600,1,-5.694000,79.162702,3.214882,3.402246,72.423893,0
2024-08-23,sz.000058,5.2600,5.8300,5.2600,5.8300,5.3000,35386750,204046006.8300,3.593700,1,10.000000,87.078973,3.536371,3.742471,79.666282,0
2024-08-26,sz.000058,5.8000,6.1000,5.6900,5.8600,5.8300,60567303,356817212.3900,6.150900,1,0.514600,87.527063,3.554568,3.761729,80.076229,0
2024-08-27,sz.000058,5.7600,6.0200,5.7300,5.8000,5.8600,33163700,193272998.2000,3.367900,1,-1.023900,86.630882,3.518173,3.723213,79.256336,0
2024-08-28,sz.000058,5.9900,6.1800,5.7500,6.0500,5.8000,46860384,279424574.1600,4.758800,1,4.310300,2459.919257,3.691061,4.111583,422.093873,0
2024-08-29,sz.000058,5.8400,6.0300,5.7400,5.9400,6.0500,36630835,215616686.4500,3.720000,1,-1.818200,2415.193452,3.623951,4.036827,414.419439,0
2024-08-30,sz.000058,5.8900,6.2300,5.8300,6.1500,5.9400,42217538,256274178.6200,4.287300,1,3.535400,2500.579079,3.752071,4.179543,429.070632,0
2024-09-02,sz.000058,6.0600,6.1000,5.8700,5.9100,6.1500,25520613,151936820.0400,2.591700,1,-3.902400,2402.995506,3.605648,4.016439,412.326412,0
2024-09-03,sz.000058,5.9400,6.5000,5.8400,6.5000,5.9100,33014505,209844929.4800,3.352700,1,9.983100,2642.888458,3.965603,4.417403,453.489285,0
2024-09-04,sz.000058,7.0100,7.1500,6.6800,7.1500,6.5000,29810898,209855697.1700,3.027400,1,10.000000,2907.177304,4.362163,4.859144,498.838214,0
2024-09-05,sz.000058,7.5400,7.8000,6.8100,7.1400,7.1500,102077669,744296014.5400,10.366300,1,-0.139900,2903.111321,4.356062,4.852348,498.140538,0
2024-09-06,sz.000058,6.7500,7.8500,6.4300,7.4300,7.1400,116041411,839593671.2000,11.784300,1,4.061600,3021.024807,4.532989,5.049432,518.373137,0
2024-09-09,sz.000058,7.3000,8.1700,7.1000,8.1700,7.4300,75495329,603990701.0000,7.666700,1,9.959600,3321.907493,4.984458,5.552336,570.001148,0
2024-09-10,sz.000058,8.1700,8.9600,7.3500,7.3500,8.1700,130991802,1074969229.6900,13.302600,1,-10.036700,2988.496949,4.484182,4.995064,512.791730,0
2024-09-11,sz.000058,6.6200,6.8900,6.6200,6.6200,7.3500,74203230,494459559.0500,7.535500,1,-9.932000,2691.680245,4.038814,4.498955,461.861395,0
2024-09-12,sz.000058,6.3500,6.5200,6.2300,6.2400,6.6200,61387730,389277849.0600,6.234100,1,-5.740200,2537.172920,3.806979,4.240707,435.349714,0
2024-09-13,sz.000058,6.2500,6.2700,5.9700,5.9800,6.2400,46982062,286173430.7400,4.771100,1,-4.166700,2431.457381,3.648355,4.064011,417.210143,0
2024-09-18,sz.000058,5.9700,6.0900,5.8800,5.9100,5.9800,27466600,163645437.0000,2.789300,1,-1.170600,2402.995506,3.605648,4.016439,412.326412,0
2024-09-19,sz.000058,5.9300,6.1700,5.8800,6.1000,5.9100,34350491,208303775.6400,3.488400,1,3.214900,2480.249168,3.721566,4.145563,425.582252,0
2024-09-20,sz.000058,6.1300,6.2800,6.0700,6.1200,6.1000,31814880,195510782.8400,3.230900,1,0.327900,2488.381133,3.733768,4.159155,426.977604,0
2024-09-23,sz.000058,6.1800,6.3200,6.0300,6.1800,6.1200,34114900,211463332.0000,3.464500,1,0.980400,2512.777026,3.770373,4.199931,431.163659,0
2024-09-24,sz.000058,6.1500,6.2900,6.0400,6.2700,6.1800,38869100,240590050.7100,3.947300,1,1.456300,2549.370866,3.825282,4.261095,437.442741,0
2024-09-25,sz.000058,6.2600,6.4300,6.2400,6.2800,6.2700,39564200,251014878.0000,4.017800,1,0.159500,2553.436849,3.831383,4.267891,438.140417,0
2024-09-26,sz.000058,6.2600,6.4300,6.2100,6.4200,6.2800,32322475,204357538.2500,3.282400,1,2.229300,2610.360600,3.916796,4.363035,447.907879,0
2024-09-27,sz.000058,6.6200,6.8800,6.5800,6.7600,6.4200,48944000,327651624.0000,4.970400,1,5.296000,2748.603996,4.124227,4.594099,471.628857,0
2024-09-30,sz.000058,6.9900,7.4200,6.8600,7.3800,6.7600,53247498,381916408.9900,5.407400,1,9.171600,3000.694895,4.502485,5.015452,514.884758,0
2024-10-08,sz.000058,8.1200,8.1200,7.0800,7.7600,7.3800,58932104,451881055.2700,5.984700,1,5.149100,3155.202221,4.734320,5.273700,541.396439,0
2024-10-09,sz.000058,7.4600,7.4800,6.9800,6.9800,7.7600,37383679,268997045.0700,3.796400,1,-10.051500,2838.055606,4.258448,4.743611,486.977725,0
2024-10-10,sz.000058,6.8500,7.1200,6.7100,6.9200,6.9800,28732800,199577274.0000,2.917900,1,-0.859600,2813.659712,4.221842,4.702835,482.791670,0
2024-10-11,sz.000058,6.8900,7.0900,6.6100,6.7200,6.9200,25388719,174268198.9800,2.578300,1,-2.890200,2732.340067,4.099823,4.566915,468.838154,0
2024-10-14,sz.000058,6.7700,7.0100,6.6600,6.9800,6.7200,21888947,149930647.6900,2.222900,1,3.869000,2838.055606,4.258448,4.743611,486.977725,0
2024-10-15,sz.000058,6.9400,7.1400,6.8100,6.9000,6.9800,23111091,161944645.1000,2.347000,1,-1.146100,2805.527748,4.209640,4.689243,481.396318,0
2024-10-16,sz.000058,6.7900,7.0200,6.7800,6.9500,6.9000,17369829,120466332.6800,1.764000,1,0.724600,2825.857659,4.240145,4.723223,484.884698,0
2024-10-17,sz.000058,6.9800,7.0500,6.8200,6.8300,6.9500,19681900,136559815.4900,1.998700,1,-1.726600,2777.065872,4.166934,4.641671,476.512588,0
2024-10-18,sz.000058,6.7700,7.1000,6.7400,7.0000,6.8300,23815080,165396270.4900,2.418500,1,2.489000,2846.187570,4.270649,4.757203,488.373077,0
2024-10-21,sz.000058,7.0200,7.1900,7.0000,7.1400,7.0000,22572004,160099826.8400,2.292200,1,2.000000,2903.111321,4.356062,4.852348,498.140538,0
2024-10-22,sz.000058,7.1100,7.3600,7.0600,7.2900,7.1400,27664893,200127244.1900,2.809400,1,2.100800,2964.101055,4.447576,4.954288,508.605676,0
2024-10-23,sz.000058,7.3500,7.4000,7.1800,7.2700,7.2900,22700449,165911628.2300,2.305300,1,-0.274300,2955.969091,4.435374,4.940696,507.210324,0
2024-10-24,sz.000058,7.2200,7.5100,7.1600,7.3800,7.2700,29388871,217422278.7200,2.984500,1,1.513100,3000.694895,4.502485,5.015452,514.884758,0
2024-10-25,sz.000058,8.1200,8.1200,8.1200,8.1200,7.3800,10836968,87996180.1600,1.100500,1,10.027100,3301.577581,4.953953,5.518356,566.512769,0
2024-10-28,sz.000058,8.9300,8.9300,8.9300,8.9300,8.1200,12643119,112903052.6700,1.283900,1,9.975400,3630.922143,5.448128,6.068832,623.024511,0
2024-10-29,sz.000058,9.8200,9.8200,9.4500,9.8200,8.9300,88644821,865378585.2500,9.002100,1,9.966400,3992.794563,5.991111,6.673677,685.117659,0
2024-10-30,sz.000058,9.5000,10.8000,8.9800,10.8000,9.8200,138395961,1386736611.4100,14.054500,1,9.979600,-1093.152467,6.624498,7.341341,-116.065667,0
2024-10-31,sz.000058,10.8000,11.8300,10.3800,11.0000,10.8000,136493867,1514124069.4300,13.861300,1,1.851900,-1113.396032,6.747174,7.477292,-118.215031,0
2024-11-01,sz.000058,10.5500,10.7800,9.9000,9.9000,11.0000,47939102,483252981.1200,4.868300,1,-10.000000,-1002.056428,6.072457,6.729563,-106.393528,0
2024-11-04,sz.000058,8.9100,9.3500,8.9100,8.9100,9.9000,64517471,579417455.6500,6.551900,1,-10.000000,-901.850786,5.465211,6.056606,-95.754175,0
2024-11-05,sz.000058,8.9000,9.1600,8.8100,9.0300,8.9100,69627148,624881248.8000,7.070800,1,1.346800,-913.996924,5.538817,6.138177,-97.043794,0
2024-11-06,sz.000058,8.9900,9.4900,8.9600,9.4500,9.0300,71188974,658071831.1800,7.229400,1,4.651200,-956.508409,5.796436,6.423673,-101.557458,0
2024-11-07,sz.000058,9.2500,9.7400,9.1400,9.5200,9.4500,55577762,528338865.7100,5.644100,1,0.740700,-963.593656,5.839372,6.471256,-102.309736,0
2024-11-08,sz.000058,9.4900,9.7400,9.2900,9.3100,9.5200,48551158,460831336.7500,4.930500,1,-2.205900,-942.337914,5.710563,6.328508,-100.052903,0
2024-11-11,sz.000058,9.2900,9.4400,9.1000,9.4200,9.3100,33569358,312404287.7400,3.409100,1,1.181500,-953.471874,5.778035,6.403281,-101.235054,0
2024-11-12,sz.000058,9.4400,9.9900,9.3300,9.7500,9.4200,57083114,550645142.0400,5.796900,1,3.503200,-986.873755,5.980450,6.627599,-104.781505,0
2024-11-13,sz.000058,9.7400,9.8900,9.3800,9.6600,9.7500,36622876,352560612.3700,3.719100,1,-0.923100,-977.764151,5.925246,6.566422,-103.814291,0
2024-11-14,sz.000058,9.5500,9.5900,8.9800,9.0200,9.6600,34796433,320956883.8100,3.533700,1,-6.625300,-912.984746,5.532683,6.131379,-96.936325,0
2024-11-15,sz.000058,9.0100,9.0800,8.4700,8.5000,9.0200,30651817,268692016.1400,3.112800,1,-5.765000,-860.351479,5.213725,5.777907,-91.347978,0
2024-11-18,sz.000058,8.8500,9.0900,8.4900,8.5700,8.5000,36443998,318129106.7000,3.701000,1,0.823500,-867.436726,5.256662,5.825490,-92.100256,0
2024-11-19,sz.000058,8.4700,8.6000,8.2300,8.5600,8.5700,30507224,256465470.4000,3.098100,1,-0.116700,-866.424548,5.250528,5.818692,-91.992788,0
2024-11-20,sz.000058,8.4800,8.7600,8.4200,8.7000,8.5600,22706602,196487234.2000,2.305900,1,1.635500,-880.595043,5.336401,5.913858,-93.497343,0
2024-11-21,sz.000058,8.6800,8.8300,8.5800,8.7200,8.7000,20439007,177775423.9800,2.075600,1,0.229900,-882.619400,5.348669,5.927453,-93.712279,0
2024-11-22,sz.000058,8.6600,9.1600,8.4900,8.5300,8.7200,33383917,294517214.6700,3.390200,1,-2.178900,-863.388014,5.232127,5.798300,-91.670383,0
2024-11-25,sz.000058,8.5200,8.7500,8.3000,8.7200,8.5300,21738666,185775980.9800,2.207600,1,2.227400,-882.619400,5.348669,5.927453,-93.712279,0
2024-11-26,sz.000058,8.6900,8.8100,8.4800,8.5000,8.7200,16758062,144535216.7200,1.701800,1,-2.522900,-860.351479,5.213725,5.777907,-91.347978,0
2024-11-27,sz.000058,8.4000,8.4900,8.2100,8.4900,8.5000,20366088,169771075.4000,2.068200,1,-0.117600,-859.339301,5.207592,5.771110,-91.240510,0
2024-11-28,sz.000058,9.0000,9.3400,8.8300,9.3400,8.4900,28641308,261949211.3800,2.908600,1,10.011800,-945.374449,5.728964,6.348900,-100.375308,0
2024-11-29,sz.000058,9.9500,10.2000,9.3400,9.3900,9.3400,95778866,925955988.2400,9.726600,1,0.535300,-950.435340,5.759633,6.382888,-100.912649,0
2024-12-02,sz.000058,9.1100,10.3300,9.1100,10.3300,9.3900,68684033,661249730.8300,6.975000,1,10.010600,-1045.580091,6.336210,7.021857,-111.014661,0
2024-12-03,sz.000058,10.7400,11.1100,10.0600,10.1700,10.3300,101803422,1077509882.0300,10.338400,1,-1.548900,-1029.385240,6.238069,6.913096,-109.295170,0
2024-12-04,sz.000058,9.8500,10.5100,9.8300,9.8800,10.1700,59309100,599259216.2100,6.023000,1,-2.851500,-1000.032072,6.060189,6.715967,-106.178591,0
2024-12-05,sz.000058,9.7000,9.8900,9.6100,9.7000,9.8800,46403207,451976111.5800,4.712400,1,-1.821900,-981.812864,5.949781,6.593612,-104.244164,0
2024-12-06,sz.000058,9.6600,9.8000,9.4200,9.6900,9.7000,38453596,369193750.3900,3.905100,1,-0.103100,-980.800686,5.943647,6.586814,-104.136695,0
2024-12-09,sz.000058,9.7000,9.8000,9.2700,9.3600,9.6900,32263665,305229545.8100,3.276500,1,-3.405600,-947.398805,5.741232,6.362495,-100.590245,0
2024-12-10,sz.000058,9.5900,9.7100,9.4100,9.5100,9.3600,42377631,404402006.8600,4.303600,1,1.602600,-962.581478,5.833239,6.464459,-102.202268,0
2024-12-11,sz.000058,9.4200,9.9400,9.3600,9.8500,9.5100,44895960,436154036.7700,4.559300,1,3.575200,-996.995537,6.041788,6.695575,-105.856187,0
2024-12-12,sz.000058,9.7400,10.2300,9.6500,10.1500,9.8500,51669680,516890387.2000,5.247200,1,3.045700,-1027.360884,6.225802,6.899501,-109.080233,0
2024-12-13,sz.000058,10.0000,10.0000,9.7200,9.7500,10.1500,38064605,374322520.6800,3.865600,1,-3.940900,-986.873755,5.980450,6.627599,-104.781505,0
2024-12-16,sz.000058,9.6000,9.8500,9.4400,9.5300,9.7500,26325822,253474171.8800,2.673500,1,-2.256400,-964.605835,5.845506,6.478054,-102.417204,0
2024-12-17,sz.000058,9.4800,9.4800,8.9600,9.0100,9.5300,27147968,247537064.7700,2.756900,1,-5.456500,-911.972568,5.526549,6.124582,-96.828857,0
2024-12-18,sz.000058,9.0400,9.2300,8.8600,9.1500,9.0100,16598474,151110507.3000,1.685600,1,1.553800,-926.143063,5.612422,6.219747,-98.333412,0
2024-12-19,sz.000058,9.0400,9.1200,8.8200,9.0000,9.1500,17519058,157021314.4900,1.779100,1,-1.639300,-910.960389,5.520415,6.117784,-96.721389,0
2024-12-20,sz.000058,8.9900,9.0700,8.9200,8.9700,9.0000,15237618,136947199.8800,1.547400,1,-0.333300,-907.923855,5.502014,6.097392,-96.398984,0
2024-12-23,sz.000058,8.9000,8.9500,8.4000,8.4200,8.9700,19499880,167748463.6800,1.980300,1,-6.131500,-852.254053,5.164655,5.723527,-90.488233,0
2024-12-24,sz.000058,8.4200,8.5000,8.3400,8.4500,8.4200,11769971,99129436.5700,1.195300,1,0.356300,-855.290588,5.183056,5.743920,-90.810637,0
2024-12-25,sz.000058,8.4400,8.4800,8.0300,8.1300,8.4500,15281093,124684682.9800,1.551800,1,-3.787000,-822.900885,4.986775,5.526398,-87.371655,0
2024-12-26,sz.000058,8.0800,8.2700,8.0800,8.1800,8.1300,10419420,85527590.6000,1.058100,1,0.615000,-827.961776,5.017444,5.560386,-87.908996,0
2024-12-27,sz.000058,8.1800,8.4600,8.1500,8.3200,8.1800,14155125,118215420.7500,1.437500,1,1.711500,-842.132271,5.103317,5.655552,-89.413551,0
2024-12-30,sz.000058,8.3200,8.3800,8.1000,8.2800,8.3200,11323201,93182278.2400,1.149900,1,-0.480800,-838.083558,5.078782,5.628361,-88.983678,0
2024-12-31,sz.000058,8.2600,8.3800,8.0000,8.0300,8.2800,13202400,107751426.0000,1.340700,1,-3.019300,-812.779103,4.925437,5.458423,-86.296973,0
2025-01-02,sz.000058,7.9900,8.3200,7.8600,7.9400,8.0300,19155465,155162632.2700,1.945300,1,-1.120800,-803.669499,4.870233,5.397245,-85.329759,0
2025-01-03,sz.000058,7.9700,8.0500,7.4800,7.5200,7.9400,17650373,135406294.4500,1.792400,1,-5.289700,-761.158014,4.612614,5.111749,-80.816094,0
2025-01-06,sz.000058,7.5000,7.5100,7.2400,7.3800,7.5200,11863238,87618067.6800,1.204700,1,-1.861700,-746.987519,4.526740,5.016583,-79.311539,0
2025-01-07,sz.000058,7.3600,7.5900,7.3500,7.5900,7.3800,10853073,81227335.5400,1.102200,1,2.845500,-768.243262,4.655550,5.159331,-81.568371,0
2025-01-08,sz.000058,7.5900,7.6700,7.3600,7.6100,7.5900,13958095,104884105.6700,1.417500,1,0.263500,-770.267618,4.667818,5.172926,-81.783308,0
2025-01-09,sz.000058,7.5700,7.7300,7.5100,7.6300,7.6100,9497801,72660499.6700,0.964500,1,0.262800,-772.291975,4.680085,5.186521,-81.998244,0
2025-01-10,sz.000058,7.5800,7.6900,7.4000,7.5000,7.6300,14656100,109994953.8000,1.488400,1,-1.703800,-759.133658,4.600346,5.098153,-80.601157,0
2025-01-13,sz.000058,7.3900,7.5000,7.2400,7.3800,7.5000,11862618,87582817.4600,1.204700,1,-1.600000,-746.987519,4.526740,5.016583,-79.311539,0
2025-01-14,sz.000058,7.4300,7.7200,7.4200,7.7100,7.3800,16030920,121526462.6000,1.628000,1,4.471500,-780.389400,4.729156,5.240902,-82.857990,0
2025-01-15,sz.000058,7.7000,7.8000,7.6100,7.7200,7.7100,12031300,92688030.0000,1.221800,1,0.129700,-781.401579,4.735289,5.247699,-82.965458,0
2025-01-16,sz.000058,7.7300,7.9300,7.7300,7.8500,7.7200,11262446,88188979.5000,1.143700,1,1.683900,-794.559895,4.815029,5.336067,-84.362545,0
2025-01-17,sz.000058,7.8000,7.8400,7.7000,7.7900,7.8500,10372501,80607431.7900,1.053400,1,-0.764300,-788.486826,4.778226,5.295282,-83.717736,0
2025-01-20,sz.000058,7.8400,8.0800,7.7000,8.0400,7.7900,19382575,154631341.2500,1.968400,1,3.209200,-813.791281,4.931571,5.465220,-86.404441,0
2025-01-21,sz.000058,8.0700,8.0700,7.7800,7.8400,8.0400,13835929,109345465.6500,1.405100,1,-2.487600,-793.547717,4.808895,5.329270,-84.255077,0
2025-01-22,sz.000058,7.7300,7.8300,7.6100,7.7000,7.8400,9892821,76250967.6500,1.004600,1,-1.785700,-779.377222,4.723022,5.234104,-82.750522,0
2025-01-23,sz.000058,7.8100,7.9400,7.6600,7.6600,7.7000,11165459,87299641.6900,1.133900,1,-0.519500,-775.328509,4.698487,5.206914,-82.320649,0
2025-01-24,sz.000058,7.6600,7.7300,7.6000,7.7100,7.6600,9542750,73329906.5000,0.969100,1,0.652700,-780.389400,4.729156,5.240902,-82.857990,0
2025-01-27,sz.000058,7.7700,7.8900,7.6700,7.6700,7.7100,10276081,79814505.2700,1.043600,1,-0.518800,-776.340687,4.704620,5.213712,-82.428117,0
2025-02-05,sz.000058,7.7200,7.8800,7.6800,7.8300,7.6700,10334100,80658423.0000,1.049500,1,2.086000,-792.535539,4.802761,5.322472,-84.147608,0
2025-02-06,sz.000058,7.8000,7.9900,7.7100,7.9700,7.8300,12450881,98046143.9500,1.264400,1,1.788000,-806.706034,4.888634,5.417638,-85.652163,0
2025-02-07,sz.000058,7.9500,8.2100,7.9500,8.0700,7.9700,15517976,125656892.1000,1.575900,1,1.254700,-816.827816,4.949972,5.485613,-86.726845,0
2025-02-10,sz.000058,8.0600,8.4000,8.0100,8.3400,8.0700,15703504,129199989.5700,1.594700,1,3.345700,-844.156628,5.115585,5.669147,-89.628487,0
2025-02-11,sz.000058,8.3500,8.3700,8.1100,8.1600,8.3400,10792500,88179927.0000,1.096000,1,-2.158300,-825.937420,5.005176,5.546791,-87.694059,0
2025-02-12,sz.000058,8.1600,8.3100,8.1200,8.3100,8.1600,11671281,96185647.8700,1.185200,1,1.838200,-841.120093,5.097183,5.648754,-89.306082,0
2025-02-13,sz.000058,8.3200,8.3800,8.2400,8.2900,8.3100,10673600,88769455.0000,1.083900,1,-0.240700,-839.095737,5.084916,5.635159,-89.091146,0
2025-02-14,sz.000058,8.2600,8.3400,8.1600,8.3200,8.2900,11425604,94407325.8800,1.160300,1,0.361900,-842.132271,5.103317,5.655552,-89.413551,0
2025-02-17,sz.000058,8.3500,8.3500,8.2200,8.3000,8.3200,11246703,93240281.8700,1.142100,1,-0.240400,-840.107915,5.091050,5.641956,-89.198614,0
2025-02-18,sz.000058,8.2500,8.2800,7.9700,8.0200,8.3000,11025400,89520493.0000,1.119700,1,-3.373500,-811.766925,4.919303,5.451625,-86.189504,0
2025-02-19,sz.000058,8.0200,8.1300,7.9600,8.1200,8.0200,9193537,74045483.5000,0.933600,1,1.246900,-821.888707,4.980641,5.519601,-87.264186,0
2025-02-20,sz.000058,8.1000,8.1400,8.0200,8.0600,8.1200,8755900,70680201.0000,0.889200,1,-0.738900,-815.815638,4.943838,5.478816,-86.619377,0
2025-02-21,sz.000058,8.0600,8.0900,7.8700,8.0400,8.0600,12069100,96444153.0000,1.225600,1,-0.248100,-813.791281,4.931571,5.465220,-86.404441,0
2025-02-24,sz.000058,8.0300,8.1200,7.9400,8.0000,8.0400,11446600,91920431.0000,1.162400,1,-0.497500,-809.742568,4.907036,5.438030,-85.974568,0
2025-02-25,sz.000058,7.9400,8.0500,7.8500,7.9200,8.0000,9774027,77792164.5500,0.992600,1,-1.000000,-801.645143,4.857965,5.383650,-85.114822,0
2025-02-26,sz.000058,7.9300,8.1100,7.9200,8.0600,7.9200,10910100,87563705.0000,1.107900,1,1.767700,-815.815638,4.943838,5.478816,-86.619377,0
2025-02-27,sz.000058,8.1100,8.8700,8.0800,8.8700,8.0600,13649522,119372611.1300,1.386100,1,10.049600,-897.802073,5.440676,6.029416,-95.324302,0
2025-02-28,sz.000058,8.8800,9.0300,8.2900,8.3900,8.8700,64541680,553520647.1700,6.554400,1,-5.411500,-849.217519,5.146254,5.703134,-90.165828,0
2025-03-03,sz.000058,8.4200,9.2300,8.1900,9.2300,8.3900,62912814,553086013.0900,6.389000,1,10.011900,-934.240488,5.661492,6.274128,-99.193158,0
2025-03-04,sz.000058,9.1300,9.6500,9.0000,9.1700,9.2300,88349471,825976106.2400,8.972100,1,-0.650100,-928.167419,5.624690,6.233342,-98.548349,0
2025-03-05,sz.000058,9.0000,9.6100,8.9200,9.3700,9.1700,58387607,541774847.3700,5.929400,1,2.181000,-948.410983,5.747366,6.369293,-100.697713,0
2025-03-06,sz.000058,9.2300,9.9900,8.8800,9.4400,9.3700,71512314,666880940.5800,7.262300,1,0.747100,-955.496231,5.790302,6.416876,-101.449990,0
2025-03-07,sz.000058,9.2400,9.2400,8.9100,8.9500,9.4400,39989709,362501495.1400,4.061100,1,-5.190700,-905.899498,5.489746,6.083796,-96.184048,0
2025-03-10,sz.000058,8.8700,9.4000,8.8500,9.1200,8.9500,32248438,294617975.3600,3.274900,1,1.899400,-923.106528,5.594021,6.199355,-98.011007,0
2025-03-11,sz.000058,8.9100,9.2000,8.9000,9.1600,9.1200,25778913,233569201.8200,2.617900,1,0.438600,-927.155241,5.618556,6.226545,-98.440880,0
2025-03-12,sz.000058,9.3000,9.4500,9.1600,9.2400,9.1600,35733101,333005092.1300,3.628800,1,0.873400,-935.252667,5.667626,6.280925,-99.300626,0
2025-03-13,sz.000058,9.1900,9.2000,8.7400,8.8700,9.2400,27933005,248820963.8500,2.836700,1,-4.004300,-897.802073,5.440676,6.029416,-95.324302,0
2025-03-14,sz.000058,8.8600,9.0100,8.7600,8.9700,8.8700,18563486,165472589.0000,1.885200,1,1.127400,-907.923855,5.502014,6.097392,-96.398984,0
2025-03-17,sz.000058,9.0100,9.1500,8.8800,8.8900,8.9700,18652319,167637722.6700,1.894200,1,-0.891900,-899.826429,5.452943,6.043011,-95.539239,0
2025-03-18,sz.000058,8.8700,8.9300,8.8100,8.8500,8.8900,13545021,120054975.9000,1.375500,1,-0.449900,-895.777716,5.428408,6.015821,-95.109366,0
2025-03-19,sz.000058,8.8300,8.8300,8.7100,8.7800,8.8500,11787000,103228765.0000,1.197000,1,-0.791000,-888.692469,5.385472,5.968238,-94.357088,0
2025-03-20,sz.000058,8.7900,8.8100,8.6400,8.6700,8.7800,12964501,112992880.6800,1.316600,1,-1.252800,-877.558509,5.318000,5.893465,-93.174938,0
2025-03-21,sz.000058,8.6400,8.6700,8.4700,8.5500,8.6700,13927500,119069775.0000,1.414400,1,-1.384100,-865.412370,5.244394,5.811895,-91.885320,0
2025-03-24,sz.000058,8.5000,8.5700,8.0700,8.2200,8.5500,15474100,128284741.0000,1.571400,1,-3.859600,-832.010489,5.041979,5.587576,-88.338869,0
2025-03-25,sz.000058,8.2200,8.3500,8.1500,8.2500,8.2200,9125530,75210664.6000,0.926700,1,0.365000,-835.047024,5.060381,5.607969,-88.661273,0
2025-03-26,sz.000058,8.2500,8.4500,8.2200,8.3400,8.2500,10065630,84030855.6000,1.022200,1,1.090900,-844.156628,5.115585,5.669147,-89.628487,0
2025-03-27,sz.000058,8.3500,8.4500,8.2000,8.3300,8.3400,11129467,92866155.1100,1.130200,1,-0.119900,-843.144449,5.109451,5.662349,-89.521019,0
2025-03-28,sz.000058,8.3500,8.3900,8.1400,8.1500,8.3300,10118013,83332523.6000,1.027500,1,-2.160900,267.144468,4.999461,5.862962,-64.137925,0
2025-03-31,sz.000058,8.0800,8.1500,7.9200,8.1100,8.1500,9337698,75130156.7400,0.948300,1,-0.490800,265.833330,4.974923,5.834187,-63.823137,0
2025-04-01,sz.000058,8.1200,8.3800,8.0900,8.3500,8.1100,14498795,119436554.1800,1.472400,1,2.959300,273.700161,5.122147,6.006838,-65.711862,0
2025-04-02,sz.000058,8.3000,8.3900,8.2200,8.2600,8.3500,7756932,64360954.6800,0.787700,1,-1.077800,270.750099,5.066938,5.942094,-65.003590,0
2025-04-03,sz.000058,8.1800,8.3500,8.1400,8.3300,8.2600,7240100,60017286.0000,0.735300,1,0.847500,273.044592,5.109878,5.992451,-65.554468,0
2025-04-07,sz.000058,7.8500,7.9500,7.5000,7.5000,8.3300,11267802,85540054.0200,1.144300,1,-9.964000,245.838468,4.600731,5.395364,-59.022630,0
2025-04-08,sz.000058,7.3700,7.4800,7.0500,7.4000,7.5000,22174802,160304037.9300,2.251900,1,-1.333300,242.560622,4.539388,5.323426,-58.235662,0
2025-04-09,sz.000058,7.2300,7.6100,6.9100,7.5300,7.4000,20344089,148527961.5900,2.066000,1,1.756800,246.821822,4.619134,5.416945,-59.258721,0
2025-04-10,sz.000058,7.6200,7.8900,7.6200,7.7600,7.5300,15668026,122134542.5000,1.591100,1,3.054400,254.360868,4.760223,5.582403,-61.068748,0
2025-04-11,sz.000058,7.7100,8.1800,7.6900,8.0700,7.7600,20183945,161152286.1400,2.049700,1,3.994800,264.522191,4.950386,5.805412,-63.508350,0
2025-04-14,sz.000058,8.0500,8.5600,8.0300,8.2800,8.0700,21150103,173764200.6000,2.147800,1,2.602200,271.405668,5.079207,5.956482,-65.160984,0
2025-04-15,sz.000058,8.2000,8.3900,8.1500,8.1900,8.2800,13689500,112634623.0000,1.390200,1,-1.087000,268.455607,5.023998,5.891737,-64.452712,0
2025-04-16,sz.000058,8.1400,8.2400,7.9500,8.0600,8.1900,10458700,84618889.0000,1.062100,1,-1.587300,264.194407,4.944252,5.798218,-63.429653,0
2025-04-17,sz.000058,8.0000,8.2500,7.9700,8.1600,8.0600,8355200,68334428.0000,0.848500,1,1.240700,267.472253,5.005595,5.870156,-64.216622,0
2025-04-18,sz.000058,8.0700,8.2000,8.0000,8.1000,8.1600,7656200,61857936.0000,0.777500,1,-0.735300,265.505545,4.968789,5.826993,-63.744441,0
2025-04-21,sz.000058,8.0500,8.3500,8.0000,8.2800,8.1000,9972100,82061395.0000,1.012700,1,2.222200,271.405668,5.079207,5.956482,-65.160984,0
2025-04-22,sz.000058,8.2900,8.5200,8.2900,8.4800,8.2800,14580238,123169842.1000,1.480700,1,2.415500,277.961361,5.201893,6.100358,-66.734921,0
2025-04-23,sz.000058,8.4000,8.4800,8.2200,8.2800,8.4800,12677567,105221802.0800,1.287400,1,-2.358500,271.405668,5.079207,5.956482,-65.160984,0
2025-04-24,sz.000058,8.2600,8.3200,8.1200,8.1600,8.2800,7334405,60172663.8300,0.744800,1,-1.449300,267.472253,5.005595,5.870156,-64.216622,0
2025-04-25,sz.000058,8.1700,8.3900,8.1300,8.2800,8.1600,10593932,87656274.6800,1.075800,1,1.470600,271.405668,5.079207,5.956482,-65.160984,0
2025-04-28,sz.000058,8.3400,8.3400,7.9900,8.0000,8.2800,10519002,85059248.1800,1.068200,1,-3.381600,276.855564,4.856363,5.950313,-49.224648,0
2025-04-29,sz.000058,7.9800,8.1100,7.9000,8.0800,8.0000,6094083,48941440.8200,0.618900,1,1.000000,279.624119,4.904926,6.009816,-49.716894,0
2025-04-30,sz.000058,8.0800,8.2800,8.0800,8.2300,8.0800,8876634,72918865.4600,0.901400,1,1.856400,284.815161,4.995983,6.121384,-50.639856,0
2025-05-06,sz.000058,8.2200,8.4700,8.2200,8.4300,8.2300,10888700,91212674.0000,1.105800,1,2.430100,291.736550,5.117392,6.270142,-51.870473,0
2025-05-07,sz.000058,8.4900,8.5700,8.4000,8.4600,8.4300,11454292,97207037.6000,1.163200,1,0.355900,292.774758,5.135604,6.292456,-52.055065,0
2025-05-08,sz.000058,8.4300,8.5000,8.3800,8.4800,8.4600,8019700,67839551.0000,0.814400,1,0.236400,293.466897,5.147744,6.307331,-52.178127,0
2025-05-09,sz.000058,8.4700,8.5000,8.3100,8.3200,8.4800,6459900,54006448.6800,0.656000,1,-1.886800,287.929786,5.050617,6.188325,-51.193634,0
2025-05-12,sz.000058,8.3600,8.4500,8.3300,8.3800,8.3200,6574592,55137960.0400,0.667700,1,0.721200,290.006203,5.087040,6.232952,-51.562819,0
2025-05-13,sz.000058,8.4500,8.4800,8.2700,8.2800,8.3800,6751184,56360557.0900,0.685600,1,-1.193300,286.545508,5.026335,6.158574,-50.947510,0
2025-05-14,sz.000058,8.2700,8.3400,8.2100,8.2400,8.2800,6553687,54148611.5100,0.665500,1,-0.483100,285.161230,5.002054,6.128822,-50.701387,0
2025-05-15,sz.000058,8.2700,8.2800,8.1500,8.1600,8.2400,6020209,49305645.5300,0.611400,1,-0.970900,282.392675,4.953490,6.069319,-50.209141,0
2025-05-16,sz.000058,8.1500,8.2200,8.1100,8.1400,8.1600,4085165,33341130.9000,0.414900,1,-0.245100,281.700536,4.941349,6.054443,-50.086079,0
2025-05-19,sz.000058,8.2500,8.4900,8.1900,8.4800,8.1400,15740700,131984096.4700,1.598500,1,4.176900,293.466897,5.147744,6.307331,-52.178127,0
2025-05-20,sz.000058,8.4300,8.5500,8.3900,8.4900,8.4800,10202700,86276496.0000,1.036100,1,0.117900,293.812967,5.153815,6.314769,-52.239657,0
2025-05-21,sz.000058,8.4600,8.8600,8.3200,8.6000,8.4900,23229400,198752026.0000,2.359000,1,1.295600,297.619731,5.220590,6.396586,-52.916496,0
2025-05-22,sz.000058,8.6100,8.7300,8.3800,8.4500,8.6000,20730099,176772877.5400,2.105200,1,-1.744200,292.428689,5.129533,6.285018,-51.993534,0
2025-05-23,sz.000058,8.3800,8.4400,8.1200,8.1200,8.4500,14324676,118160175.7700,1.454700,1,-3.905300,281.008397,4.929208,6.039567,-49.963017,0
2025-05-26,sz.000058,8.1200,8.3200,8.0800,8.2800,8.1200,8977310,74001561.7000,0.911700,1,1.970400,286.545508,5.026335,6.158574,-50.947510,0
2025-05-27,sz.000058,8.2600,8.3000,8.1500,8.2900,8.2700,7003901,57679729.2700,0.711300,1,0.241800,286.891578,5.032406,6.166011,-51.009041,0
2025-05-28,sz.000058,8.2500,8.2900,8.0800,8.1100,8.2900,7401001,60430091.1700,0.751600,1,-2.171300,280.662328,4.923138,6.032129,-49.901487,0
2025-05-29,sz.000058,8.1100,8.3000,8.1100,8.2800,8.1100,7760164,63909742.6600,0.788100,1,2.096200,286.545508,5.026335,6.158574,-50.947510,0
2025-05-30,sz.000058,8.2800,8.3800,8.2200,8.3000,8.2800,8845600,73270032.0000,0.898300,1,0.241500,287.237647,5.038476,6.173449,-51.070572,0
2025-06-03,sz.000058,8.2800,8.3200,8.1700,8.1800,8.3000,8662763,71252676.2700,0.879700,1,-1.445800,283.084814,4.965631,6.084195,-50.332202,0
2025-06-04,sz.000058,8.1800,8.2700,8.1400,8.2100,8.1800,5761401,47311420.2000,0.585100,1,0.366700,284.123022,4.983842,6.106508,-50.516795,0
2025-06-05,sz.000058,8.2100,8.2100,8.0600,8.1400,8.2100,8872109,72068920.3500,0.901000,1,-0.852600,281.700536,4.941349,6.054443,-50.086079,0
2025-06-06,sz.000058,8.1500,8.2200,8.0800,8.1500,8.1400,6817214,55468779.6100,0.692300,1,0.122900,282.046605,4.947419,6.061881,-50.147610,0
2025-06-09,sz.000058,8.1500,8.3100,8.1400,8.2400,8.1500,10813591,89167388.6900,1.098100,1,1.104300,285.161230,5.002054,6.128822,-50.701387,0
2025-06-10,sz.000058,8.2500,8.2800,8.0000,8.1000,8.2400,9077400,73650566.0000,0.921800,1,-1.699000,280.316258,4.917067,6.024691,-49.839956,0
2025-06-11,sz.000058,8.3000,8.4600,8.2100,8.3000,8.1000,17947840,149075998.5000,1.822600,1,2.469100,287.237647,5.038476,6.173449,-51.070572,0
2025-06-12,sz.000058,8.1700,8.3000,8.1600,8.2300,8.3000,9567331,78641119.9400,0.971600,1,-0.843400,284.815161,4.995983,6.121384,-50.639856,0
2025-06-13,sz.000058,8.2000,8.2200,8.0000,8.0100,8.2300,10525098,84955080.9000,1.068900,1,-2.673100,277.201633,4.862433,5.957750,-49.286179,0
2025-06-16,sz.000058,8.0000,8.0800,7.9600,8.0300,8.0100,4911202,39454105.0800,0.498700,1,0.249700,277.893772,4.874574,5.972626,-49.409240,0
2025-06-17,sz.000058,8.0200,8.1500,7.9900,8.1100,8.0300,6172500,49918865.0000,0.626800,1,0.996300,280.662328,4.923138,6.032129,-49.901487,0
2025-06-18,sz.000058,8.0800,8.1400,8.0200,8.0500,8.1100,5078600,41019546.0000,0.515700,1,-0.739800,278.585911,4.886715,5.987502,-49.532302,0
2025-06-19,sz.000058,8.0800,8.1000,7.8500,7.8800,8.0500,7461329,59276356.7100,0.757700,1,-2.111800,272.702730,4.783517,5.861058,-48.486278,0
2025-06-20,sz.000058,7.8700,7.9900,7.8700,7.9000,7.8800,4402052,34848485.7600,0.447000,1,0.253800,273.394869,4.795658,5.875934,-48.609340,0
2025-06-23,sz.000058,7.8400,7.9800,7.7400,7.9600,7.9000,5163702,40825972.9200,0.524400,1,0.759500,275.471286,4.832081,5.920561,-48.978525,0
2025-06-24,sz.000058,8.0100,8.1900,7.9600,8.1500,7.9600,8749702,71188891.2800,0.888600,1,2.386900,282.046605,4.947419,6.061881,-50.147610,0
2025-06-25,sz.000058,8.1800,8.2000,8.1000,8.2000,8.1500,8822400,71992676.0000,0.895900,1,0.613500,283.776953,4.977772,6.099070,-50.455264,0
2025-06-26,sz.000058,8.2000,8.2400,8.1400,8.1900,8.2000,6088800,49907896.0000,0.618300,1,-0.122000,283.430883,4.971701,6.091632,-50.393733,0
2025-06-27,sz.000058,8.2000,8.2800,8.1600,8.2300,8.1900,6417564,52862396.7200,0.651700,1,0.488400,284.815161,4.995983,6.121384,-50.639856,0
2025-06-30,sz.000058,8.2700,8.3500,8.2200,8.3100,8.2300,8524202,70782928.6400,0.865700,1,0.972100,287.583717,5.044547,6.180887,-51.132103,0
2025-07-01,sz.000058,8.2500,8.3700,8.2500,8.3700,8.3100,9562756,79498253.9900,0.971100,1,0.722000,289.660133,5.080969,6.225515,-51.501288,0
2025-07-02,sz.000058,8.3500,8.3600,8.2700,8.3300,8.3700,7002400,58179250.0000,0.711100,1,-0.477900,288.275856,5.056688,6.195763,-51.255164,0
2025-07-03,sz.000058,8.3200,8.3800,8.2600,8.2900,8.3300,5128400,42569125.0000,0.520800,1,-0.480200,286.891578,5.032406,6.166011,-51.009041,0
2025-07-04,sz.000058,8.2600,8.3100,8.2100,8.2400,8.2900,6022500,49741791.0000,0.611600,1,-0.603100,285.161230,5.002054,6.128822,-50.701387,0
2025-07-07,sz.000058,8.2300,8.3200,8.2000,8.3000,8.2400,5380800,44598938.0000,0.546400,1,0.728200,287.237647,5.038476,6.173449,-51.070572,0
2025-07-08,sz.000058,8.3200,8.3800,8.2800,8.3800,8.3000,6922600,57816053.0000,0.703000,1,0.963900,290.006203,5.087040,6.232952,-51.562819,0
2025-07-09,sz.000058,8.3600,8.4200,8.3400,8.3700,8.3800,8175243,68446996.7700,0.830200,1,-0.119300,289.660133,5.080969,6.225515,-51.501288,0
2025-07-10,sz.000058,8.3400,8.4700,8.3400,8.4600,8.3700,7730600,65095527.0000,0.785100,1,1.075300,292.774758,5.135604,6.292456,-52.055065,0
2025-07-11,sz.000058,8.4500,8.4700,8.3700,8.4500,8.4600,6933400,58448075.0000,0.704100,1,-0.118200,292.428689,5.129533,6.285018,-51.993534,0
2025-07-14,sz.000058,8.4400,8.4700,8.3500,8.3700,8.4500,6361000,53383283.0000,0.646000,1,-0.946700,289.660133,5.080969,6.225515,-51.501288,0
2025-07-15,sz.000058,8.3500,8.3800,8.1900,8.2700,8.3700,8602555,71036843.0500,0.873600,1,-1.194700,286.199439,5.020265,6.151136,-50.885980,0
2025-07-16,sz.000058,8.2800,8.3800,8.2400,8.3100,8.2700,5947600,49500032.0000,0.604000,1,0.483700,287.583717,5.044547,6.180887,-51.132103,0
2025-07-17,sz.000058,8.3000,8.3500,8.2700,8.3100,8.3100,4121400,34216546.0000,0.418500,1,0.000000,287.583717,5.044547,6.180887,-51.132103,0
2025-07-18,sz.000058,8.3400,8.3500,8.2600,8.3000,8.3100,5408400,44849102.0000,0.549200,1,-0.120300,287.237647,5.038476,6.173449,-51.070572,0
2025-07-21,sz.000058,8.3100,8.4400,8.2900,8.3900,8.3000,7416936,62192776.3400,0.753200,1,1.084300,290.352272,5.093110,6.240390,-51.624349,0
2025-07-22,sz.000058,8.4000,8.4600,8.3700,8.4400,8.3900,7814500,65828718.0000,0.793600,1,0.595900,292.082620,5.123463,6.277580,-51.932003,0
2025-07-23,sz.000058,8.4300,8.4900,8.3500,8.3700,8.4400,10796846,90993295.3400,1.096400,1,-0.829400,289.660133,5.080969,6.225515,-51.501288,0
2025-07-24,sz.000058,8.3400,8.4700,8.3400,8.4600,8.3700,8167538,68892072.9600,0.829400,1,1.075300,292.774758,5.135604,6.292456,-52.055065,0
2025-07-25,sz.000058,8.4700,8.4800,8.4200,8.4300,8.4600,5467501,46160031.4400,0.555200,1,-0.354600,291.736550,5.117392,6.270142,-51.870473,0
2025-07-28,sz.000058,8.4600,8.7200,8.3600,8.4800,8.4300,20486797,174564540.5200,2.080500,1,0.593100,293.466897,5.147744,6.307331,-52.178127,0
2025-07-29,sz.000058,8.4600,8.4800,8.3000,8.3600,8.4800,12162817,101671496.2400,1.235200,1,-1.415100,289.314064,5.074899,6.218077,-51.439757,0
2025-07-30,sz.000058,8.3400,8.3600,8.2600,8.3000,8.3600,6848181,56931091.5600,0.695500,1,-0.717700,287.237647,5.038476,6.173449,-51.070572,0
2025-07-31,sz.000058,8.2900,8.3300,8.0800,8.1100,8.3000,9619299,78660419.8300,0.976900,1,-2.289200,280.662328,4.923138,6.032129,-49.901487,0
2025-08-01,sz.000058,8.1000,8.1600,8.0800,8.1300,8.1100,5918000,48023582.7100,0.601000,1,0.246600,281.354466,4.935279,6.047005,-50.024548,0
2025-08-04,sz.000058,8.0900,8.6200,8.0700,8.3800,8.1300,21047196,176854642.6800,2.137400,1,3.075000,290.006203,5.087040,6.232952,-51.562819,0
2025-08-05,sz.000058,8.4100,9.0400,8.3400,8.8200,8.3800,42420961,371236793.7000,4.308000,1,5.250600,305.233259,5.354140,6.560220,-54.270174,0
2025-08-06,sz.000058,8.8000,8.8400,8.6800,8.8100,8.8200,17172947,150203147.7100,1.744000,1,-0.113400,304.887189,5.348069,6.552782,-54.208643,0
2025-08-07,sz.000058,8.8400,9.4100,8.7400,9.0000,8.8100,35772467,323777244.7300,3.632800,1,2.156600,311.462509,5.463408,6.694102,-55.377729,0
2025-08-08,sz.000058,9.0300,9.1400,8.9200,8.9900,9.0000,22187103,200044865.9100,2.253200,1,-0.111100,311.116440,5.457338,6.686664,-55.316198,0
2025-08-11,sz.000058,8.9900,9.4500,8.9500,9.2700,8.9900,31763065,293426053.5600,3.225600,1,3.114600,320.806384,5.627310,6.894925,-57.039061,0
2025-08-12,sz.000058,9.3100,9.5600,9.2000,9.4000,9.2700,39480506,369736733.9400,4.009300,1,1.402400,325.305287,5.706226,6.991617,-57.838961,0
2025-08-13,sz.000058,9.5000,9.6800,9.2500,9.3200,9.4000,32655144,305902978.1400,3.316200,1,-0.851100,322.536732,5.657663,6.932114,-57.346715,0
2025-08-14,sz.000058,9.2500,9.3000,9.0100,9.0400,9.3200,27429289,250415706.4500,2.785500,1,-3.004300,312.846787,5.487690,6.723853,-55.623852,0
2025-08-15,sz.000058,9.0100,9.2400,8.9900,9.1500,9.0400,17291574,157842586.2800,1.756000,1,1.216800,316.653551,5.554465,6.805670,-56.300691,0
2025-08-18,sz.000058,9.1900,9.3600,9.1300,9.2200,9.1500,17484075,161355446.7700,1.775600,1,0.765000,319.076037,5.596958,6.857735,-56.731407,0
2025-08-19,sz.000058,9.1700,9.2900,9.1500,9.1900,9.2200,13003572,119822130.6800,1.320500,1,-0.325400,318.037829,5.578747,6.835422,-56.546814,0
2025-08-20,sz.000058,9.1500,9.3300,9.1200,9.2700,9.1900,14019700,129128433.0000,1.423700,1,0.870500,320.806384,5.627310,6.894925,-57.039061,0
2025-08-21,sz.000058,9.2700,9.2800,9.0900,9.1600,9.2700,13113800,119956009.0000,1.331700,1,-1.186600,316.999620,5.560535,6.813108,-56.362222,0
2025-08-22,sz.000058,9.1200,9.1900,9.0400,9.1000,9.1600,11494664,104576780.0400,1.167300,1,-0.655000,314.923204,5.524113,6.768481,-55.993037,0
2025-08-25,sz.000058,9.1700,9.1700,8.9500,9.0400,9.1000,14999009,135605266.4800,1.523200,1,-0.659300,312.846787,5.487690,6.723853,-55.623852,0
2025-08-26,sz.000058,9.0400,9.2900,8.9900,9.2300,9.0400,18664610,171329768.0700,1.895400,1,2.101800,319.422106,5.603028,6.865173,-56.792937,0
2025-08-27,sz.000058,9.1900,9.2700,8.9100,8.9100,9.2300,19798990,179552295.9900,2.010600,1,-3.467000,308.347884,5.408774,6.627161,-54.823951,0
2025-08-28,sz.000058,8.8800,9.0300,8.7500,9.0200,8.9100,12617727,112515008.1800,1.281400,1,1.234600,312.154648,5.475549,6.708977,-55.500790,0
2025-08-29,sz.000058,9.0200,9.0700,8.9200,8.9800,9.0200,11029000,99119344.4800,1.120000,1,-0.443500,325.400163,5.430405,6.657368,-91.150008,0
2025-09-01,sz.000058,8.9800,9.0300,8.8600,8.9100,8.9800,9221116,82479584.0200,0.936400,1,-0.779500,322.863636,5.388074,6.605473,-90.439485,0
2025-09-02,sz.000058,8.9600,8.9600,8.7000,8.8300,8.9100,11728582,103141880.5000,1.191100,1,-0.897900,319.964749,5.339697,6.546165,-89.627458,0
2025-09-03,sz.000058,8.8300,8.8600,8.6100,8.6300,8.8300,10110030,88497647.9000,1.026700,1,-2.265000,312.717529,5.218752,6.397894,-87.597391,0
2025-09-04,sz.000058,8.6200,8.8200,8.5800,8.6900,8.6300,10965995,95798546.6500,1.113600,1,0.695200,314.891695,5.255035,6.442375,-88.206411,0
2025-09-05,sz.000058,8.7400,9.0700,8.5900,9.0600,8.6900,14396533,127914794.6800,1.462000,1,4.257800,328.299051,5.478783,6.716677,-91.962035,0
2025-09-08,sz.000058,9.1000,9.4300,9.0500,9.1700,9.0600,15602586,144056991.2000,1.584500,1,1.214100,332.285022,5.545302,6.798226,-93.078572,0
2025-09-09,sz.000058,9.2500,9.5400,9.1300,9.4600,9.1700,29419090,277665931.0000,2.987600,1,3.162500,342.793490,5.720672,7.013219,-96.022169,0
2025-09-10,sz.000058,9.3800,9.5400,9.3300,9.4800,9.4600,15828738,149910655.8600,1.607500,1,0.211400,343.518212,5.732766,7.028046,-96.225175,0
2025-09-11,sz.000058,9.4500,9.4900,9.2800,9.4700,9.4800,12501712,117013664.2600,1.269600,1,-0.105500,343.155851,5.726719,7.020632,-96.123672,0
2025-09-12,sz.000058,9.4500,9.5400,9.4000,9.4500,9.4700,9400957,89018794.6100,0.954700,1,-0.211200,342.431129,5.714624,7.005805,-95.920665,0
2025-09-15,sz.000058,9.3900,9.7600,9.3700,9.7300,9.4500,20664219,198450570.8700,2.098500,1,2.963000,352.577237,5.883946,7.213385,-98.762759,0
2025-09-16,sz.000058,9.7400,9.7700,9.4800,9.5300,9.7300,13474414,129124455.7200,1.368300,1,-2.055500,345.330017,5.763002,7.065113,-96.732692,0
2025-09-17,sz.000058,9.5300,9.6900,9.3900,9.5700,9.5300,12103576,115125944.4800,1.229100,1,0.419700,346.779461,5.787191,7.094768,-97.138706,0
2025-09-18,sz.000058,9.5200,9.6300,9.3100,9.3900,9.5700,13080586,124271902.2500,1.328300,1,-1.880900,340.256964,5.678341,6.961324,-95.311645,0
2025-09-19,sz.000058,9.3500,9.5800,9.3000,9.5000,9.3900,10655488,100685663.5500,1.082100,1,1.171500,344.242934,5.744860,7.042873,-96.428182,0
2025-09-22,sz.000058,9.4500,9.4500,9.2400,9.3400,9.5000,7044993,65607071.5000,0.715400,1,-1.684200,338.445159,5.648105,6.924256,-94.804129,0
2025-09-23,sz.000058,9.2900,9.3300,8.9100,9.1600,9.3400,9746060,88318141.0000,0.989700,1,-1.927200,331.922661,5.539255,6.790812,-92.977068,0
2025-09-24,sz.000058,9.1700,9.4700,9.1000,9.3500,9.1600,9616436,89780530.8800,0.976500,1,2.074200,338.807520,5.654152,6.931670,-94.905632,0
2025-09-25,sz.000058,9.3500,9.5400,9.2400,9.3700,9.3500,9940876,93608676.1200,1.009500,1,0.213900,339.532242,5.666247,6.946497,-95.108639,0
2025-09-26,sz.000058,9.3400,9.9600,9.3200,9.7100,9.3700,22529352,218694746.6600,2.287800,1,3.628600,351.852515,5.871852,7.198557,-98.559752,0
2025-09-29,sz.000058,9.7000,9.7300,9.4100,9.6200,9.7100,16126891,154186890.0500,1.637700,1,-0.926900,348.591266,5.817427,7.131835,-97.646222,0
2025-09-30,sz.000058,9.6400,9.9400,9.5800,9.8100,9.6200,16018610,157226697.6000,1.626700,1,1.975100,355.476125,5.932324,7.272693,-99.574786,0
2025-10-09,sz.000058,9.7800,9.8600,9.4100,9.8400,9.8100,17757348,171646186.2700,1.803300,1,0.305800,356.563208,5.950466,7.294934,-99.879296,0
2025-10-10,sz.000058,9.8400,10.8200,9.7800,10.8200,9.8400,37191385,393534337.7400,3.776800,1,9.959300,392.074584,6.543094,8.021461,-109.826624,0
2025-10-13,sz.000058,10.5900,11.7000,10.3700,11.2900,10.8200,83866515,938551140.1400,8.516600,1,4.343800,409.105550,6.827313,8.369898,-114.597282,0
2025-10-14,sz.000058,11.4400,11.5000,11.0000,11.0500,11.2900,47212619,530349852.1900,4.794400,1,-2.125800,400.408887,6.682180,8.191973,-112.161201,0
2025-10-15,sz.000058,11.0200,11.1100,10.7700,10.9000,11.0500,27314743,297073947.5300,2.773800,1,-1.357500,394.973472,6.591471,8.080770,-110.638651,0
2025-10-16,sz.000058,10.8700,10.8800,10.4400,10.4800,10.9000,24470533,259489646.3900,2.485000,1,-3.853200,379.754311,6.337488,7.769401,-106.375510,0
2025-10-17,sz.000058,10.5000,10.7600,10.3000,10.3200,10.4800,18005571,189240124.9500,1.828500,1,-1.526700,373.956535,6.240733,7.650784,-104.751457,0
2025-10-20,sz.000058,10.3600,10.4000,10.0400,10.1500,10.3200,17885246,181959989.1600,1.816200,1,-1.647300,367.796398,6.137930,7.524754,-103.025900,0
2025-10-21,sz.000058,10.1500,10.2600,10.1000,10.1800,10.1500,15541656,158076733.5600,1.578300,1,0.295600,368.883481,6.156071,7.546994,-103.330410,0
2025-10-22,sz.000058,10.1300,10.2100,10.0500,10.1600,10.1800,11557905,117007886.2200,1.173700,1,-0.196500,368.158759,6.143977,7.532167,-103.127403,0
2025-10-23,sz.000058,11.1800,11.1800,11.1800,11.1800,10.1600,4715659,52721067.6200,0.478900,1,10.039400,405.119580,6.760794,8.288349,-113.480745,0
2025-10-24,sz.000058,12.3000,12.3000,10.4300,10.7800,11.1800,130505589,1461486648.5400,13.252800,1,-3.577800,390.625140,6.518905,7.991807,-109.420611,0
2025-10-27,sz.000058,10.1000,10.4800,10.0800,10.3000,10.7800,74500267,763136565.8600,7.565500,1,-4.452700,373.231813,6.228638,7.635957,-104.548450,0
2025-10-28,sz.000058,10.3000,10.3100,9.7400,9.7800,10.3000,56941476,565725373.6900,5.782400,1,-5.048500,354.389042,5.914183,7.250452,-99.270276,0
2025-10-29,sz.000058,9.7000,9.9800,9.6200,9.8500,9.7800,36176831,355951646.0100,3.673700,1,0.715700,356.925569,5.956513,7.302347,-99.980799,0
2025-10-30,sz.000058,9.9200,10.1600,9.7600,9.7700,9.8500,31947214,317457671.3600,3.244200,1,-0.812200,130.293152,5.774392,7.138418,-139.331882,0
2025-10-31,sz.000058,9.7600,10.0300,9.7600,9.9000,9.7700,27577364,272516212.7900,2.800500,1,1.330600,132.026838,5.851226,7.233402,-141.185837,0
2025-11-03,sz.000058,9.8800,9.9900,9.6900,9.9500,9.9000,19773093,194740035.0200,2.008000,1,0.505100,132.693640,5.880777,7.269935,-141.898897,0
2025-11-04,sz.000058,9.8900,9.8900,9.6600,9.7400,9.9500,17987499,175662603.2200,1.826600,1,-2.110600,129.893071,5.756661,7.116499,-138.904046,0
2025-11-05,sz.000058,9.6300,9.8300,9.6000,9.8200,9.7400,16761957,163738221.1700,1.702200,1,0.821400,130.959955,5.803943,7.174951,-140.044942,0
2025-11-06,sz.000058,9.8100,9.9300,9.7600,9.7900,9.8200,14025826,138021448.6500,1.424300,1,-0.305500,130.559873,5.786212,7.153031,-139.617106,0
2025-11-07,sz.000058,9.8900,9.8900,9.6100,9.6100,9.7900,16216108,157049975.1400,1.646700,1,-1.838600,128.159385,5.679826,7.021515,-137.050091,0
2025-11-10,sz.000058,9.5900,9.6600,9.4300,9.6600,9.6100,19905638,190248904.6400,2.021400,1,0.520300,128.826188,5.709378,7.058047,-137.763150,0
2025-11-11,sz.000058,9.6100,9.7000,9.5200,9.5300,9.6600,15537645,149466183.6500,1.577800,1,-1.345800,127.092502,5.632544,6.963063,-135.909195,0
2025-11-12,sz.000058,9.5200,9.5900,9.4100,9.4100,9.5300,12026374,114219816.2000,1.221300,1,-1.259200,125.492177,5.561620,6.875386,-134.197851,0
2025-11-13,sz.000058,9.3900,9.4100,9.3000,9.3900,9.4100,10656627,99890803.2600,1.082200,1,-0.212500,125.225456,5.549799,6.860773,-133.912628,0
2025-11-14,sz.000058,9.3500,9.4900,9.3500,9.4400,9.3900,9959900,94122757.4100,1.011400,1,0.532500,125.892258,5.579351,6.897305,-134.625687,0
2025-11-17,sz.000058,9.3800,9.5800,9.3800,9.5400,9.4400,11648276,110624666.5800,1.182900,1,1.059300,127.225862,5.638454,6.970370,-136.051807,0
2025-11-18,sz.000058,9.5400,9.5700,9.3900,9.5200,9.5400,10926770,103490938.4000,1.109600,1,-0.209600,126.959141,5.626633,6.955757,-135.766583,0
2025-11-19,sz.000058,9.4800,9.5600,9.2200,9.2400,9.5200,12067176,112693845.2400,1.225400,1,-2.941200,123.225049,5.461144,6.751176,-131.773448,0
2025-11-20,sz.000058,9.2900,9.3900,9.2500,9.3000,9.2400,7694851,71664716.7600,0.781400,1,0.649400,124.025212,5.496606,6.795014,-132.629120,0
2025-11-21,sz.000058,9.2500,9.3200,8.9900,8.9900,9.3000,13011199,118731532.6000,1.321300,1,-3.333300,119.891038,5.313386,6.568514,-128.208149,0
2025-11-24,sz.000058,9.0600,9.2400,9.0100,9.2000,8.9900,9660957,88437132.5500,0.981100,1,2.335900,122.691607,5.437503,6.721950,-131.203000,0
2025-11-25,sz.000058,9.1900,9.4000,9.1500,9.3500,9.2000,9597541,89674675.1700,0.974600,1,1.630400,124.692014,5.526158,6.831547,-133.342180,0
2025-11-26,sz.000058,9.3400,9.5200,9.3200,9.4300,9.3500,15584700,146972589.3000,1.582600,1,0.855600,125.758897,5.573440,6.889998,-134.483075,0
2025-11-27,sz.000058,9.3700,9.4400,9.2900,9.3500,9.4300,9897198,92893067.3600,1.005100,1,-0.848400,124.692014,5.526158,6.831547,-133.342180,0
2025-11-28,sz.000058,9.3500,9.4600,9.2800,9.4600,9.3500,9229171,86659039.3800,0.937200,1,1.176500,126.158979,5.591171,6.911918,-134.910911,0
2025-12-01,sz.000058,9.4700,9.5000,9.4200,9.4800,9.4600,9109447,86178244.1600,0.925100,1,0.211400,126.425700,5.602992,6.926531,-135.196135,0
2025-12-02,sz.000058,9.4400,9.4600,9.3300,9.3900,9.4800,6590012,61907189.6800,0.669200,1,-0.949400,125.225456,5.549799,6.860773,-133.912628,0
2025-12-03,sz.000058,9.3300,9.4200,9.2800,9.3100,9.3900,7393062,68941465.2200,0.750800,1,-0.852000,124.158572,5.502516,6.802321,-132.771732,0
2025-12-04,sz.000058,9.2400,9.3000,9.1400,9.2100,9.3100,6542600,60239233.0000,0.664400,1,-1.074100,122.824968,5.443413,6.729256,-131.345612,0
2025-12-05,sz.000058,9.2100,9.3200,9.1400,9.3100,9.2100,7439000,68701278.0000,0.755400,1,1.085800,124.158572,5.502516,6.802321,-132.771732,0
2025-12-08,sz.000058,9.3100,9.4200,9.3000,9.4100,9.3100,8654356,81015002.1600,0.878800,1,1.074100,125.492177,5.561620,6.875386,-134.197851,0
2025-12-09,sz.000058,9.5100,9.5500,9.2500,9.3000,9.4100,15589220,145881585.8000,1.583100,1,-1.169000,124.025212,5.496606,6.795014,-132.629120,0
2025-12-10,sz.000058,9.2900,9.4700,9.2700,9.4100,9.3000,11981442,112375274.8200,1.216700,1,1.182800,125.492177,5.561620,6.875386,-134.197851,0
2025-12-11,sz.000058,9.4100,9.4100,9.0400,9.0500,9.4100,13565408,124063883.9600,1.377600,1,-3.825700,120.691201,5.348848,6.612353,-129.063821,0
2025-12-12,sz.000058,9.0600,9.1100,9.0300,9.0300,9.0500,6720100,60880066.8400,0.682400,1,-0.221000,120.424480,5.337027,6.597740,-128.778597,0
2025-12-15,sz.000058,9.0300,9.4400,8.9800,9.1600,9.0300,16450490,151479150.0100,1.670500,1,1.439600,122.158165,5.413861,6.692724,-130.632553,0
2025-12-16,sz.000058,9.4500,9.9900,9.2500,9.3100,9.1600,40510197,385365343.7600,4.113800,1,1.637600,124.158572,5.502516,6.802321,-132.771732,0
2025-12-17,sz.000058,9.1700,9.2900,8.8500,8.9500,9.3100,27379962,246631246.3500,2.780400,1,-3.866800,119.357596,5.289745,6.539288,-127.637701,0
2025-12-18,sz.000058,8.8700,9.0800,8.8100,8.8200,8.9500,15740195,140572935.5600,1.598400,1,-1.452500,117.623910,5.212910,6.444304,-125.783746,0
2025-12-19,sz.000058,8.8200,9.1800,8.7900,9.1700,8.8200,18615233,167787553.0300,1.890400,1,3.968300,122.291526,5.419772,6.700030,-130.775164,0
2025-12-22,sz.000058,9.1500,9.3000,9.0900,9.1100,9.1700,12703057,116251224.6800,1.290000,1,-0.654300,121.491363,5.384310,6.656192,-129.919493,0
2025-12-23,sz.000058,9.0900,9.1400,8.9000,8.9300,9.1100,13251834,118912703.2900,1.345700,1,-1.975900,119.090875,5.277924,6.524675,-127.352478,0
2025-12-24,sz.000058,8.9100,9.2600,8.8800,9.1900,8.9300,18707182,170693747.0000,1.899700,1,2.911500,122.558247,5.431592,6.714643,-131.060388,0
2025-12-25,sz.000058,9.1100,9.3700,9.0800,9.3500,9.1900,18862060,174729914.8800,1.915400,1,1.741000,124.692014,5.526158,6.831547,-133.342180,0
2025-12-26,sz.000058,9.5000,9.5200,9.2400,9.4100,9.3500,19755168,185654235.5000,2.006100,1,0.641700,125.492177,5.561620,6.875386,-134.197851,0
2025-12-29,sz.000058,9.3400,9.5500,9.3400,9.4400,9.4100,14101534,133145115.8400,1.432000,1,0.318800,125.892258,5.579351,6.897305,-134.625687,0
2025-12-30,sz.000058,9.3700,9.4400,9.3100,9.3400,9.4400,10152510,95087033.2100,1.031000,1,-1.059300,124.558653,5.520247,6.824240,-133.199568,0
2025-12-31,sz.000058,9.3500,9.4400,9.2100,9.4000,9.3400,11974025,111967621.0200,1.216000,1,0.642400,125.358816,5.555709,6.868079,-134.055239,0
2026-01-05,sz.000058,9.4000,9.4500,9.3100,9.4300,9.4000,12016420,112921540.3700,1.220300,1,0.319100,125.758897,5.573440,6.889998,-134.483075,0
2026-01-06,sz.000058,9.4300,9.5600,9.4100,9.5000,9.4300,17063004,161738700.7600,1.732700,1,0.742300,126.692420,5.614813,6.941144,-135.481359,0
2026-01-07,sz.000058,9.4900,9.5300,9.3200,9.3400,9.5000,12614239,118604088.9400,1.281000,1,-1.684200,124.558653,5.520247,6.824240,-133.199568,0
2026-01-08,sz.000058,9.3300,9.5600,9.3100,9.5600,9.3400,17079806,161927425.0600,1.734400,1,2.355500,127.492583,5.650275,6.984983,-136.337031,0
2026-01-09,sz.000058,9.5600,9.7400,9.5300,9.7100,9.5600,18837431,182166925.3200,1.912900,1,1.569000,129.492990,5.738930,7.094580,-138.476210,0
2026-01-12,sz.000058,9.7000,9.9200,9.6600,9.9000,9.7100,22188480,218124967.5700,2.253200,1,1.956700,132.026838,5.851226,7.233402,-141.185837,0
2026-01-13,sz.000058,9.8900,9.8900,9.5400,9.5800,9.9000,17335151,168017538.2800,1.760400,1,-3.232300,127.759304,5.662095,6.999595,-136.622255,0
2026-01-14,sz.000058,9.5800,9.7700,9.3500,9.5100,9.5800,20873449,200409140.9400,2.119700,1,-0.730700,126.825781,5.620723,6.948450,-135.623971,0
2026-01-15,sz.000058,9.5100,9.5200,9.3000,9.3700,9.5100,14141701,132580088.9900,1.436100,1,-1.472100,124.958735,5.537978,6.846160,-133.627404,0
2026-01-16,sz.000058,9.4200,9.5800,9.3100,9.3800,9.3700,13071192,122981251.8800,1.327400,1,0.106700,125.092095,5.543889,6.853466,-133.770016,0
2026-01-19,sz.000058,9.3800,9.6400,9.3300,9.5800,9.3800,13948627,133255569.6600,1.416500,1,2.132200,127.759304,5.662095,6.999595,-136.622255,0
2026-01-20,sz.000058,9.5800,9.6000,9.4200,9.5000,9.5800,11606200,110277335.0000,1.178600,1,-0.835100,126.692420,5.614813,6.941144,-135.481359,0
2026-01-21,sz.000058,9.4700,9.7600,9.4000,9.6800,9.5000,17598264,169943770.5200,1.787100,1,1.894700,129.092908,5.721199,7.072660,-138.048374,0
2026-01-22,sz.000058,9.6500,9.7500,9.5600,9.7400,9.6800,14447000,139926935.6700,1.467100,1,0.619800,129.893071,5.756661,7.116499,-138.904046,0
2026-01-23,sz.000058,9.7100,9.9200,9.7000,9.8700,9.7400,17507499,172332077.9700,1.777900,1,1.334700,131.626757,5.833495,7.211483,-140.758001,0
2026-01-26,sz.000058,10.0500,10.2100,9.6200,9.7200,9.8700,22488165,222394213.5400,2.283700,1,-1.519800,129.626350,5.744840,7.101886,-138.618822,0
2026-01-27,sz.000058,9.6700,9.7800,9.4300,9.6600,9.7200,15690706,150224153.9400,1.593400,1,-0.617300,128.826188,5.709378,7.058047,-137.763150,0
2026-01-28,sz.000058,9.5900,9.6900,9.4400,9.4800,9.6600,11289469,107495457.7400,1.146400,1,-1.863400,126.425700,5.602992,6.926531,-135.196135,0
2026-01-29,sz.000058,9.3600,9.4000,9.1100,9.1600,9.4800,18662793,172396443.9000,1.895200,1,-3.375500,122.158165,5.413861,6.692724,-130.632553,0
2026-01-30,sz.000058,9.1600,9.2300,8.9600,9.0200,9.1600,14062612,127553447.7300,1.428100,1,-1.528400,120.291119,5.331117,6.590433,-128.635985,0
2026-02-02,sz.000058,8.9700,9.1700,8.9000,8.9100,9.0200,11455542,103371130.5600,1.163300,1,-1.219500,118.824154,5.266103,6.510062,-127.067254,0
2026-02-03,sz.000058,8.9500,9.3500,8.9500,9.1300,8.9100,14953841,136330736.5100,1.518600,1,2.469100,121.758084,5.396130,6.670804,-130.204717,0
2026-02-04,sz.000058,9.0900,9.3400,9.0200,9.2800,9.1300,19576718,179327837.8500,1.988000,1,1.642900,123.758491,5.484785,6.780401,-132.343896,0
2026-02-05,sz.000058,9.1900,9.3300,9.1100,9.1600,9.2800,11682319,107630293.4200,1.186300,1,-1.293100,122.158165,5.413861,6.692724,-130.632553,0
2026-02-06,sz.000058,9.0900,9.1500,9.0100,9.0700,9.1600,10482800,95278884.0000,1.064500,1,-0.982500,120.957921,5.360668,6.626966,-129.349045,0
2026-02-09,sz.000058,9.1800,9.2900,9.1300,9.2300,9.0700,11376154,104954504.3100,1.155200,1,1.764100,123.091689,5.455234,6.743869,-131.630836,0
2026-02-10,sz.000058,9.2300,9.2800,9.1900,9.2500,9.2300,7302202,67549467.5000,0.741500,1,0.216700,123.358409,5.467054,6.758482,-131.916060,0
2026-02-11,sz.000058,9.2500,9.3300,9.2200,9.2700,9.2500,8255300,76657484.0000,0.838300,1,0.216200,123.625130,5.478875,6.773095,-132.201284,0
2026-02-12,sz.000058,9.2800,9.3000,9.0600,9.0900,9.2700,9776211,89324879.3200,0.992800,1,-1.941700,121.224642,5.372489,6.641579,-129.634269,0
2026-02-13,sz.000058,9.0900,9.2100,9.0500,9.0600,9.0900,8999272,82243006.8100,0.913900,1,-0.330000,120.824561,5.354758,6.619659,-129.206433,0
2026-02-24,sz.000058,9.1400,9.1500,9.0400,9.1000,9.0600,6656504,60549499.7900,0.676000,1,0.441500,121.358003,5.378399,6.648885,-129.776881,0
2026-02-25,sz.000058,9.1000,9.5600,9.0800,9.2700,9.1000,17026498,158753079.7300,1.729000,1,1.868100,123.625130,5.478875,6.773095,-132.201284,0
2026-02-26,sz.000058,9.2600,9.2900,9.0600,9.0800,9.2700,12929054,117989600.8800,1.312900,1,-2.049600,121.091282,5.366579,6.634272,-129.491657,0
2026-02-27,sz.000058,9.0500,9.1000,9.0100,9.0900,9.0800,7416446,67224548.0800,0.753100,1,0.110100,121.224642,5.372489,6.641579,-129.634269,0
2026-03-02,sz.000058,9.0000,9.0100,8.6400,8.6700,9.0900,16967158,148712017.4400,1.723000,1,-4.620500,115.623504,5.124255,6.334707,-123.644567,0
2026-03-03,sz.000058,8.6800,8.7400,8.4100,8.4200,8.6700,10454961,89496222.4100,1.061700,1,-2.883500,112.289493,4.976497,6.152045,-120.079268,0
2026-03-04,sz.000058,8.3500,8.4700,8.2800,8.4000,8.4200,8478060,70892737.4000,0.860900,1,-0.237500,112.022772,4.964676,6.137432,-119.794044,0
2026-03-05,sz.000058,8.4700,8.5400,8.4200,8.4600,8.4000,6645470,56394079.3000,0.674800,1,0.714300,112.822934,5.000138,6.181271,-120.649716,0
2026-03-06,sz.000058,8.4100,8.6400,8.4100,8.6200,8.4600,6931302,59589429.7600,0.703900,1,1.891300,114.956702,5.094704,6.298175,-122.931507,0
2026-03-09,sz.000058,8.5000,8.5700,8.4000,8.5600,8.6200,7594082,64390196.9100,0.771200,1,-0.696100,114.156539,5.059242,6.254336,-122.075835,0
2026-03-10,sz.000058,8.6300,8.6900,8.5400,8.6000,8.5600,7940381,68280005.2200,0.806300,1,0.467300,114.689981,5.082883,6.283562,-122.646283,0
2026-03-11,sz.000058,8.6100,8.6500,8.5500,8.6100,8.6000,6399769,55023671.4000,0.649900,1,0.116300,114.823341,5.088793,6.290868,-122.788895,0
2026-03-12,sz.000058,8.6000,8.6400,8.5000,8.5200,8.6100,4804964,41122675.4300,0.487900,1,-1.045300,113.623097,5.035600,6.225110,-121.505387,0
2026-03-13,sz.000058,8.5600,8.6000,8.4500,8.4900,8.5200,5782900,49352719.0000,0.587300,1,-0.352100,113.223016,5.017869,6.203191,-121.077551,0
2026-03-16,sz.000058,8.4700,8.6200,8.4700,8.6200,8.4900,7100621,60911407.2400,0.721100,1,1.531200,114.956702,5.094704,6.298175,-122.931507,0
2026-03-17,sz.000058,8.6300,8.6700,8.5000,8.5200,8.6200,5493601,47231381.6600,0.557900,1,-1.160100,113.623097,5.035600,6.225110,-121.505387,0
2026-03-18,sz.000058,8.5000,8.6400,8.5000,8.6100,8.5200,5446200,46624111.0000,0.553100,1,1.056300,114.823341,5.088793,6.290868,-122.788895,0
2026-03-19,sz.000058,8.5600,8.6000,8.4000,8.4100,8.6100,6181100,52447807.0000,0.627700,1,-2.322900,112.156132,4.970587,6.144739,-119.936656,0
2026-03-20,sz.000058,8.4500,8.5000,8.2600,8.2600,8.4100,6553000,54835355.0900,0.665500,1,-1.783600,110.155726,4.881932,6.035142,-117.797476,0
2026-03-23,sz.000058,8.1500,8.1600,7.7400,7.8100,8.2600,10512009,83518850.7300,1.067500,1,-5.447900,104.154506,4.615967,5.706351,-111.379938,0
2026-03-24,sz.000058,7.9200,8.1300,7.8900,8.1300,7.8100,9681803,77376733.9300,0.983200,1,4.097300,108.422040,4.805098,5.940158,-115.943521,0
2026-03-25,sz.000058,8.1300,8.3400,8.1000,8.3000,8.1300,8076279,66526153.9900,0.820100,1,2.091000,110.689167,4.905573,6.064368,-118.367924,0
2026-03-26,sz.000058,8.2800,8.3600,8.0900,8.1400,8.3000,6315157,51868956.9900,0.641300,1,-1.927700,108.555400,4.811008,5.947464,-116.086133,0
2026-03-27,sz.000058,8.0500,8.1700,7.9700,8.1500,8.1400,10141338,81880026.1300,1.029800,1,0.122900,144.597206,4.983671,5.945700,-28.848565,0
2026-03-30,sz.000058,8.0000,8.1100,7.8400,8.0600,8.1500,9028742,72207842.7800,0.916900,1,-1.104300,143.000427,4.928636,5.880042,-28.529991,0
2026-03-31,sz.000058,8.0800,8.1900,7.9500,7.9700,8.0600,6023023,48571471.7600,0.611600,1,-1.116600,141.403648,4.873602,5.814384,-28.211418,0
2026-04-01,sz.000058,8.1000,8.1700,8.0400,8.1000,7.9700,6606583,53526315.0700,0.670900,1,1.631100,143.710107,4.953096,5.909223,-28.671580,0
2026-04-02,sz.000058,8.0800,8.1200,7.8800,7.9500,8.1000,5219300,41636061.0000,0.530000,1,-1.851900,141.048808,4.861372,5.799793,-28.140624,0
2026-04-03,sz.000058,7.9500,8.0000,7.6900,7.7000,7.9500,5896500,45765001.0000,0.598800,1,-3.144700,136.613311,4.708499,5.617410,-27.255699,0
2026-04-07,sz.000058,7.7200,7.8800,7.7200,7.8600,7.7000,4042007,31576671.5200,0.410500,1,2.077900,139.452029,4.806338,5.734135,-27.822051,0
2026-04-08,sz.000058,7.9900,8.2400,7.9700,8.1700,7.8600,8734340,70834655.4000,0.887000,1,3.944000,144.952046,4.995901,5.960291,-28.919359,0
2026-04-09,sz.000058,8.1100,8.1900,7.9800,7.9900,8.1700,6142000,49531959.0000,0.623700,1,-2.203200,141.758488,4.885832,5.828975,-28.282212,0
2026-04-10,sz.000058,8.0600,8.1600,8.0200,8.0600,7.9900,4979141,40361794.9200,0.505600,1,0.876100,143.000427,4.928636,5.880042,-28.529991,0
2026-04-13,sz.000058,8.0200,8.0800,8.0000,8.0500,8.0600,3266300,26237567.0000,0.331700,1,-0.124100,142.823007,4.922521,5.872747,-28.494594,0
2026-04-14,sz.000058,8.0900,8.1200,7.9900,8.0800,8.0500,5432200,43706899.0000,0.551600,1,0.372700,143.355267,4.940866,5.894633,-28.600786,0
2026-04-15,sz.000058,8.1600,8.1600,7.9800,7.9800,8.0800,4316300,34693125.0000,0.438300,1,-1.237600,141.581068,4.879717,5.821679,-28.246815,0
2026-04-16,sz.000058,7.9900,8.0900,7.9400,8.0700,7.9800,4949801,39638512.0100,0.502700,1,1.127800,143.177847,4.934751,5.887337,-28.565389,0
2026-04-17,sz.000058,8.0600,8.0700,7.9800,8.0400,8.0700,4789637,38413906.0200,0.486400,1,-0.371700,142.645587,4.916407,5.865451,-28.459197,0
2026-04-20,sz.000058,8.0400,8.0800,7.9600,8.0100,8.0400,5696140,45616990.6000,0.578400,1,-0.373100,142.113328,4.898062,5.843565,-28.353006,0
2026-04-21,sz.000058,8.0100,8.0500,7.9000,7.9500,8.0100,5011001,39906082.9100,0.508900,1,-0.749100,141.048808,4.861372,5.799793,-28.140624,0
2026-04-22,sz.000058,7.9500,8.2200,7.8900,8.1200,7.9500,13489700,108817918.0000,1.369900,1,2.138400,144.064946,4.965326,5.923814,-28.742374,0
2026-04-23,sz.000058,8.1000,8.1800,7.9500,8.0700,8.1200,9057670,72913521.3600,0.919800,1,-0.615800,143.177847,4.934751,5.887337,-28.565389,0
2026-04-24,sz.000058,8.0700,8.0700,7.9300,8.0100,8.0700,6434300,51468151.5700,0.653400,1,-0.743500,142.113328,4.898062,5.843565,-28.353006,0
2026-04-27,sz.000058,7.9900,8.0900,7.8900,8.0700,8.0100,6196957,49547004.9900,0.629300,1,0.749100,143.177847,4.934751,5.887337,-28.565389,0
2026-04-28,sz.000058,8.0700,8.1700,7.9800,8.0400,8.0700,5887900,47514996.0000,0.597900,1,-0.371700,141.586933,4.858025,5.962681,-28.530274,0
2026-04-29,sz.000058,8.0000,8.1400,7.9900,8.1300,8.0400,6162875,49936657.2200,0.625800,1,1.119400,143.171862,4.912406,6.029427,-28.849643,0
2026-04-30,sz.000058,8.1200,8.2100,8.0900,8.2000,8.1300,6990564,57166172.5200,0.709900,1,0.861000,144.404584,4.954702,6.081341,-29.098041,0
2026-05-06,sz.000058,8.2200,8.2600,8.1700,8.2300,8.2000,7554300,62086971.3500,0.767100,1,0.365900,144.932893,4.972829,6.103590,-29.204497,0
2026-05-07,sz.000058,8.2400,8.2600,8.1400,8.1700,8.2300,7006801,57395859.2100,0.711500,1,-0.729000,143.876274,4.936575,6.059093,-28.991585,0
2026-05-08,sz.000058,8.1300,8.2500,8.1300,8.2200,8.1700,6207000,50880728.0000,0.630300,1,0.612000,144.756790,4.966786,6.096174,-29.169012,0
2026-05-11,sz.000058,8.2400,8.5800,8.1500,8.4500,8.2200,24455120,205845233.6300,2.483400,1,2.798100,148.807162,5.105760,6.266748,-29.985176,0
2026-05-12,sz.000058,8.4300,8.4500,8.2000,8.3300,8.4500,15463323,128735521.9000,1.570300,1,-1.420100,146.693925,5.033252,6.177753,-29.559351,0
2026-05-13,sz.000058,8.3100,8.3500,8.2300,8.2800,8.3300,8107277,67044107.2500,0.823300,1,-0.600200,145.813409,5.003040,6.140672,-29.381924,0
2026-05-14,sz.000058,8.2900,8.3300,8.1100,8.1100,8.2800,8301186,67943161.3800,0.843000,1,-2.053100,142.819655,4.900321,6.014595,-28.778672,0
2026-05-15,sz.000058,8.0800,8.1400,7.8900,7.9300,8.1100,9553800,76378855.0000,0.970200,1,-2.219500,139.649799,4.791559,5.881102,-28.139935,0
2026-05-18,sz.000058,7.9300,7.9400,7.7900,7.9200,7.9300,7186839,56463748.7100,0.729800,1,-0.126100,139.473695,4.785517,5.873686,-28.104449,0
2026-05-19,sz.000058,7.9400,8.0200,7.8600,7.9900,7.9200,4949800,39273914.0000,0.502700,1,0.883800,140.706417,4.827813,5.925600,-28.352847,0
2026-05-20,sz.000058,7.9500,7.9600,7.7000,7.7500,7.9900,7823900,60855353.0000,0.794500,1,-3.003800,136.479942,4.682797,5.747609,-27.501197,0
2026-05-21,sz.000058,7.7500,7.9100,7.5300,7.5300,7.7500,7633901,59035397.8800,0.775200,1,-2.838700,132.605673,4.549866,5.584451,-26.720518,0
2026-05-22,sz.000058,7.5900,7.6600,7.4600,7.5800,7.5300,6069900,45892367.0000,0.616400,1,0.664000,133.486188,4.580078,5.621533,-26.897945,0
2026-05-25,sz.000058,7.5900,7.6500,7.4700,7.5500,7.5800,5434640,41014130.2000,0.551900,1,-0.395800,132.957879,4.561951,5.599284,-26.791489,0
2026-05-26,sz.000058,7.5300,7.5600,7.2400,7.3500,7.5500,10014886,73744200.5200,1.017000,1,-2.649000,129.435816,4.441105,5.450958,-26.081781,0
2026-05-27,sz.000058,7.3000,7.3900,7.0700,7.1400,7.3300,7891731,56645375.3500,0.801400,1,-2.592100,125.737650,4.314216,5.295217,-25.336587,0
2026-05-28,sz.000058,7.1200,7.2800,7.0900,7.2200,7.1400,6628229,47768508.8100,0.673100,1,1.120400,127.146475,4.362555,5.354547,-25.620470,0
2026-05-29,sz.000058,7.2300,7.4000,7.2000,7.2400,7.2200,7653400,55894941.0000,0.777200,1,0.277000,127.498681,4.374639,5.369379,-25.691441,0
2026-06-01,sz.000058,7.1800,7.4000,7.1600,7.3200,7.2400,7392140,54105626.0000,0.750700,1,1.105000,128.907506,4.422978,5.428710,-25.975324,0
2026-06-02,sz.000058,7.3200,7.3700,7.1300,7.1300,7.3200,6959271,50125898.2600,0.706700,1,-2.595600,125.561547,4.308174,5.287800,-25.301102,0
2026-06-03,sz.000058,7.1700,7.5200,7.0500,7.2300,7.1300,15858286,115377126.5000,1.610400,1,1.402500,127.322578,4.368597,5.361963,-25.655956,0
2026-06-04,sz.000058,7.1100,7.2000,6.9400,7.0000,7.2300,11846100,83457541.6000,1.203000,1,-3.181200,123.272206,4.229624,5.191389,-24.839791,0
2026-06-05,sz.000058,7.0000,7.1800,6.9900,7.0700,7.0000,8995540,63792684.8000,0.913500,1,1.000000,124.504928,4.271920,5.243303,-25.088189,0
2026-06-08,sz.000058,7.0000,7.1700,6.8400,6.9300,7.0700,8125347,56929720.5800,0.825100,1,-1.980200,122.039484,4.187327,5.139475,-24.591393,0
2026-06-09,sz.000058,6.9700,7.0200,6.8400,6.9100,6.9300,7328478,50775450.4300,0.744200,1,-0.288600,121.687277,4.175243,5.124643,-24.520422,0
2026-06-10,sz.000058,6.8600,6.9300,6.7100,6.8700,6.9100,7147113,48700853.6000,0.725800,1,-0.578900,120.982865,4.151073,5.094977,-24.378481,0
2026-06-11,sz.000058,6.8100,6.8800,6.6500,6.7300,6.8700,5283300,35547264.0000,0.536500,1,-2.037800,118.517420,4.066481,4.991150,-23.881685,0
2026-06-12,sz.000058,6.7200,6.9500,6.7200,6.8800,6.7300,6379547,43872724.2200,0.647800,1,2.228800,121.158968,4.157116,5.102394,-24.413966,0
2026-06-15,sz.000058,6.8800,7.0700,6.8500,6.8900,6.8800,6064300,42078044.0000,0.615800,1,0.145300,121.335071,4.163158,5.109810,-24.449452,0
2026-06-16,sz.000058,6.8800,6.8900,6.7100,6.8400,6.8900,5964541,40554956.2100,0.605700,1,-0.725700,120.454555,4.132946,5.072729,-24.272024,0
2026-06-17,sz.000058,6.8200,6.9500,6.7300,6.7700,6.8400,6129627,41679643.7300,0.622500,1,-1.023400,119.221833,4.090650,5.020815,-24.023627,0
2026-06-18,sz.000058,6.7600,6.7600,6.5900,6.6300,6.7700,8335100,55484718.0000,0.846400,1,-2.067900,116.756389,4.006058,4.916987,-23.526831,0
2026-06-22,sz.000058,6.6200,6.6600,6.4100,6.6200,6.6300,8645419,56331074.1600,0.877900,1,-0.150800,116.580286,4.000015,4.909571,-23.491345,0
2026-06-23,sz.000058,6.5700,6.7500,6.5400,6.6400,6.6200,7129004,47552937.1000,0.723900,1,0.302100,116.932492,4.012100,4.924403,-23.562316,0
2026-06-24,sz.000058,6.6300,6.6400,6.2600,6.3100,6.6400,9068200,57849715.0000,0.920900,1,-4.969900,111.121088,3.812704,4.679666,-22.391297,0
2026-06-25,sz.000058,6.2800,6.3500,6.1600,6.2500,6.3100,7608718,47536917.3000,0.772700,1,-0.950900,110.064469,3.776450,4.635169,-22.178385,0
2026-06-26,sz.000058,6.2100,6.2600,6.0800,6.1300,6.2500,6755600,41596380.0000,0.686000,1,-1.920000,107.951231,3.703942,4.546173,-21.752560,0
2026-06-29,sz.000058,6.1300,6.1500,5.9300,6.1000,6.1300,8598595,52138548.6300,0.873200,1,-0.489400,107.422922,3.685815,4.523925,-21.646104,0
2026-06-30,sz.000058,6.0600,6.1800,6.0400,6.1400,6.1000,6209825,37998376.8000,0.630600,1,0.655700,108.127335,3.709984,4.553590,-21.788045,0
2026-07-01,sz.000058,6.1200,6.3800,6.0900,6.3000,6.1400,7429301,46563868.3200,0.754400,1,2.605900,110.944985,3.806661,4.672250,-22.355812,0
2026-07-02,sz.000058,6.3300,6.3700,6.1800,6.2000,6.3000,7424822,46470759.5000,0.754000,1,-1.587300,109.183954,3.746238,4.598087,-22.000958,0
2026-07-03,sz.000058,6.2200,6.3200,6.2100,6.2900,6.2000,6591900,41336055.0000,0.669400,1,1.451600,110.768882,3.800619,4.664834,-22.320327,0
2026-07-06,sz.000058,6.2600,6.3800,6.1700,6.1900,6.2900,5950930,37204085.7000,0.604300,1,-1.589800,109.007850,3.740196,4.590671,-21.965472,0
2026-07-07,sz.000058,6.1700,6.2300,5.9800,6.0000,6.1900,5950100,36033478.0000,0.604200,1,-3.069500,105.661890,3.625392,4.449762,-21.291250,0
2026-07-08,sz.000058,5.9900,6.0700,5.9100,6.0300,6.0000,6358457,38164239.4500,0.645700,1,0.500000,106.190200,3.643519,4.472011,-21.397706,0
2026-07-09,sz.000058,6.0100,6.0600,5.8800,5.9900,6.0300,5904000,35197834.0000,0.599500,1,-0.663300,105.485787,3.619349,4.442346,-21.255764,0
2026-07-10,sz.000058,5.9700,6.2500,5.9100,6.1200,5.9900,8447100,51706947.0000,0.857800,1,2.170300,107.775128,3.697899,4.538757,-21.717075,0
2026-07-13,sz.000058,6.1200,6.1700,5.9500,5.9800,6.1200,6398180,38466460.6000,0.649700,1,-2.287600,105.309684,3.613307,4.434929,-21.220279,0
2026-07-14,sz.000058,5.9600,6.1200,5.9000,6.0500,5.9800,6593400,39773190.0000,0.669600,1,1.170600,106.542406,3.655603,4.486843,-21.468677,0
2026-07-15,sz.000058,6.0200,6.2000,6.0000,6.1600,6.0500,6521300,40113139.0000,0.662200,1,1.818200,108.479541,3.722069,4.568422,-21.859016,0
2026-07-16,sz.000058,6.1500,6.3300,6.1000,6.2600,6.1600,7882999,49221549.3800,0.800500,1,1.623400,110.240572,3.782492,4.642585,-22.213870,0
2026-07-17,sz.000058,6.2100,6.3600,6.0600,6.1100,6.2600,8176443,50716179.3200,0.830300,1,-2.396200,107.599025,3.691857,4.531341,-21.681589,0
2026-07-20,sz.000058,6.1000,6.2200,5.9900,6.0900,6.1100,9683611,59243444.9500,0.983400,1,-0.327300,107.246819,3.679772,4.516508,-21.610618,0
2026-07-21,sz.000058,6.1200,6.1600,6.0200,6.0700,6.0900,8575556,52150216.4900,0.870800,1,-0.328400,106.894613,3.667688,4.501676,-21.539647,0
2026-07-22,sz.000058,6.0800,6.1100,5.9500,6.0400,6.0700,8842099,53236257.8400,0.897900,1,-0.494200,106.366303,3.649561,4.479427,-21.433191,0
2026-07-23,sz.000058,6.0300,6.1700,6.0000,6.1600,6.0400,7574394,46219794.4600,0.769200,1,1.986800,108.479541,3.722069,4.568422,-21.859016,0
2026-07-24,sz.000058,6.1500,6.1600,5.9900,6.0000,6.1600,5561200,33677374.0000,0.564700,1,-2.597400,105.661890,3.625392,4.449762,-21.291250,0
2026-07-27,sz.000058,5.9900,6.1900,5.9500,6.1800,6.0000,7497000,46004842.7200,0.761300,1,3.000000,108.831747,3.734153,4.583255,-21.929987,0
2026-07-28,sz.000058,6.1500,6.3100,6.1300,6.2700,6.1800,6531104,40816117.8400,0.663200,1,1.456300,110.416676,3.788534,4.650001,-22.249356,0
2026-07-29,sz.000058,6.2800,6.5200,6.2500,6.4800,6.2700,11224393,72159871.7900,1.139800,1,3.349300,114.114842,3.915423,4.805743,-22.994549,0
2026-07-30,sz.000058,6.5800,6.7600,6.4700,6.6000,6.4800,13670951,90340160.0500,1.388300,1,1.851900,116.228080,3.987931,4.894738,-23.420374,0
2026-07-31,sz.000058,6.5200,6.7100,6.5100,6.6500,6.6000,9139628,60773042.2900,0.928100,1,0.757600,117.108595,4.018142,4.931820,-23.597802,0
2026-08-03,sz.000058,6.7700,7.1700,6.7700,7.0700,6.6500,20887162,146778153.2200,2.121100,1,6.315800,124.504928,4.271920,5.243303,-25.088189,0
2026-08-04,sz.000058,7.0900,7.1300,6.9000,6.9300,7.0700,12737800,88969394.0000,1.293500,1,-1.980200,122.039484,4.187327,5.139475,-24.591393,0
2026-08-05,sz.000058,6.9300,6.9700,6.8200,6.9100,6.9300,8313519,57338789.6700,0.844200,1,-0.288600,121.687277,4.175243,5.124643,-24.520422,0
2026-08-06,sz.000058,6.9100,6.9400,6.7600,6.8100,6.9100,7814933,53297975.9500,0.793600,1,-1.447200,119.926246,4.114819,5.050480,-24.165568,0
2026-08-07,sz.000058,6.8100,6.8100,6.5700,6.6700,6.8100,7660519,50985107.7800,0.777900,1,-2.055800,117.460802,4.030227,4.946652,-23.668772,0
2026-08-10,sz.000058,6.6800,6.8200,6.5900,6.7600,6.6700,6430800,43314245.0000,0.653000,1,1.349300,119.045730,4.084608,5.013398,-23.988141,0
2026-08-11,sz.000058,6.7000,6.8200,6.6700,6.7800,6.7600,5630900,38072784.0000,0.571800,1,0.295900,119.397936,4.096693,5.028231,-24.059112,0
2026-08-12,sz.000058,6.7500,6.9400,6.7300,6.8900,6.7800,7625947,52360361.4800,0.774400,1,1.622400,121.335071,4.163158,5.109810,-24.449452,0
2026-08-13,sz.000058,6.9100,6.9900,6.8000,6.8600,6.8900,8457953,58166168.5200,0.858900,1,-0.435400,120.806761,4.145031,5.087561,-24.342995,0
2026-08-14,sz.000058,6.8700,6.8800,6.7100,6.7300,6.8600,6269819,42395395.0600,0.636700,1,-1.895000,118.517420,4.066481,4.991150,-23.881685,0
2026-08-17,sz.000058,6.7300,6.8700,6.6500,6.8500,6.7300,7453500,50606781.0000,0.756900,1,1.783100,120.630658,4.138989,5.080145,-24.307510,0
2026-08-18,sz.000058,6.7900,6.8300,6.7300,6.7700,6.8500,4213700,28510190.0000,0.427900,1,-1.167900,119.221833,4.090650,5.020815,-24.023627,0
2026-08-19,sz.000058,6.7700,6.7800,6.5800,6.5800,6.7700,6385632,42486081.5800,0.648500,1,-2.806500,115.875873,3.975846,4.879906,-23.349404,0
2026-08-20,sz.000058,6.7200,6.7500,6.5500,6.7300,6.5800,6585802,44088916.4400,0.668800,1,2.279600,118.517420,4.066481,4.991150,-23.881685,0
2026-08-21,sz.000058,6.7300,6.7300,6.5600,6.7000,6.7300,4916102,32698449.2600,0.499200,1,-0.445800,117.989111,4.048354,4.968901,-23.775229,0
2026-08-24,sz.000058,6.7000,6.7700,6.6500,6.7200,6.7000,3991110,26771701.8000,0.405300,1,0.298500,118.341317,4.060439,4.983733,-23.846199,0
2026-08-25,sz.000058,6.7100,6.9600,6.7000,6.9500,6.7200,7127898,48876109.9000,0.723800,1,3.422600,122.391690,4.199412,5.154308,-24.662364,0
2026-08-26,sz.000058,6.9300,7.0400,6.9000,6.9100,6.9500,6141311,42756834.9400,0.623600,1,-0.575500,121.687277,4.175243,5.124643,-24.520422,0
2026-08-27,sz.000058,6.9100,6.9500,6.8500,6.8900,6.9100,5187127,35779075.8300,0.526800,1,-0.289400,118.680179,4.168624,5.257757,-55.990981,0
