date,code,open,high,low,close,preclose,volume,amount,turn,tradestatus,pctChg,peTTM,pbMRQ,psTTM,pcfNcfTTM,isST
2016-08-29,sz.002346,17.4100,17.6000,17.3100,17.4800,17.4500,2326049,40489917.0000,2.914848,1,0.171900,78.221625,4.756831,19.308114,-378.283313,0
2016-08-30,sz.002346,17.4800,17.6100,17.3200,17.4400,17.4800,1980910,34508536.0000,2.482343,1,-0.228800,78.042628,4.745946,19.263931,-377.417676,0
2016-08-31,sz.002346,17.5000,17.5800,17.2900,17.5500,17.4400,2112924,36799569.0000,2.647774,1,0.630700,78.534870,4.775880,19.385435,-379.798178,0
2016-09-01,sz.002346,17.5500,18.8300,17.5100,18.3500,17.5500,15402105,280357856.0000,19.300883,1,4.558400,82.114807,4.993584,20.269101,-397.110915,0
2016-09-02,sz.002346,18.0500,18.2900,17.7200,17.8600,18.3500,7017020,125907999.0000,8.793258,1,-2.670300,79.922095,4.860240,19.727856,-386.506863,0
2016-09-05,sz.002346,17.8500,18.2600,17.7000,18.0200,17.8600,5505247,99226849.0000,6.898806,1,0.895856,80.638083,4.903781,19.904589,-389.969411,0
2016-09-06,sz.002346,17.9400,18.0800,17.6400,18.0500,18.0200,4207910,75344186.0000,5.273070,1,0.166475,80.772330,4.911945,19.937726,-390.618639,0
2016-09-07,sz.002346,18.1800,18.6400,18.0200,18.5700,18.0500,8666758,159462025.0000,10.860599,1,2.880889,83.099290,5.053452,20.512110,-401.871918,0
2016-09-08,sz.002346,18.4900,18.6200,18.3000,18.4400,18.5700,4297197,79090093.0000,5.384959,1,-0.700049,82.517550,5.018076,20.368514,-399.058598,0
2016-09-09,sz.002346,18.4600,18.6500,18.0600,18.0600,18.4400,3903141,71603601.0000,4.891154,1,-2.060743,80.817080,4.914666,19.948772,-390.835048,0
2016-09-12,sz.002346,17.7000,17.7100,16.8700,16.8800,18.0600,4714879,81460758.0000,5.908370,1,-6.533779,75.536673,4.593553,18.645364,-365.298760,0
2016-09-13,sz.002346,17.0100,17.1800,16.8600,17.0100,16.8800,2026780,34486551.0000,2.539825,1,0.770149,76.118412,4.628930,18.788960,-368.112080,0
2016-09-14,sz.002346,16.9300,16.9300,16.7000,16.8600,17.0100,1558093,26255001.0000,1.952497,1,-0.881832,75.447174,4.588110,18.623273,-364.865942,0
2016-09-19,sz.002346,16.8900,17.2300,16.8900,17.0800,16.8600,1758015,30082144.0000,2.203026,1,1.304860,76.431657,4.647979,18.866281,-369.626944,0
2016-09-20,sz.002346,17.1000,17.2800,17.0200,17.1000,17.0800,1232310,21096961.0000,1.544248,1,0.117099,76.521155,4.653421,18.888372,-370.059763,0
2016-09-21,sz.002346,17.1000,17.2300,17.0700,17.1800,17.1000,1809540,31051540.0000,2.267594,1,0.467836,76.879149,4.675192,18.976739,-371.791037,0
2016-09-22,sz.002346,17.2600,17.4100,17.1700,17.2600,17.1800,1961793,33890517.0000,2.458387,1,0.465657,77.237143,4.696962,19.065106,-373.522310,0
2016-09-23,sz.002346,17.5500,17.5500,17.2500,17.3600,17.2600,1801401,31268954.0000,2.257395,1,0.579376,77.684635,4.724175,19.175564,-375.686402,0
2016-09-26,sz.002346,17.2900,17.3200,16.8200,16.8700,17.3600,1690600,28796339.0000,2.118546,1,-2.822579,75.491923,4.590832,18.634318,-365.082351,0
2016-09-27,sz.002346,16.7700,16.9700,16.5900,16.8200,16.8700,1141479,19178486.0000,1.430425,1,-0.296391,75.268177,4.577225,18.579089,-364.000305,0
2016-09-28,sz.002346,16.8500,17.0200,16.7800,16.7900,16.8200,1144344,19316522.0000,1.434015,1,-0.178352,75.133930,4.569061,18.545952,-363.351077,0
2016-09-29,sz.002346,16.7600,16.9500,16.7600,16.8000,16.7900,1018713,17166258.0000,1.276583,1,0.059549,75.178679,4.571783,18.556998,-363.567486,0
2016-09-30,sz.002346,16.7800,17.1600,16.7200,17.1500,16.8000,1398396,23708138.0000,1.752376,1,2.083336,76.744901,4.667028,18.943602,-371.141809,0
2016-10-10,sz.002346,17.0200,17.4700,17.0200,17.4400,17.1500,2452451,42479484.0000,3.073247,1,1.690968,78.042628,4.745946,19.263931,-377.417676,0
2016-10-11,sz.002346,17.4500,17.7600,17.3500,17.7300,17.4400,3075786,54208130.0000,3.854368,1,1.662838,79.340356,4.824863,19.584260,-383.693544,0
2016-10-12,sz.002346,17.6000,17.9600,17.4900,17.7500,17.7300,3160334,56103729.0000,3.960318,1,0.112806,79.429854,4.830306,19.606352,-384.126362,0
2016-10-13,sz.002346,17.6600,17.7400,17.4400,17.5600,17.7500,2299529,40384575.0000,2.881615,1,-1.070426,78.579619,4.778601,19.396481,-380.014587,0
2016-10-14,sz.002346,17.6300,17.9100,17.4000,17.8000,17.5600,3326611,58966464.0000,4.168685,1,1.366741,79.653600,4.843912,19.661581,-385.208408,0
2016-10-17,sz.002346,17.7900,17.8800,17.3200,17.3500,17.8000,2294340,40361393.0000,2.875113,1,-2.528084,77.639886,4.721454,19.164518,-375.469993,0
2016-10-18,sz.002346,17.3000,17.9000,17.2600,17.7800,17.3500,2437962,42987642.0000,3.055090,1,2.478388,79.564102,4.838470,19.639489,-384.775590,0
2016-10-19,sz.002346,17.8500,18.5000,17.7000,18.1000,17.7800,10099760,183488366.0000,12.656341,1,1.799773,80.996077,4.925551,19.992956,-391.700685,0
2016-10-20,sz.002346,17.9200,18.1900,17.8000,18.0600,18.1000,3961639,71267650.0000,4.964460,1,-0.220999,80.817080,4.914666,19.948772,-390.835048,0
2016-10-21,sz.002346,18.0700,18.2500,17.7500,17.9200,18.0600,2887966,52094407.0000,3.619005,1,-0.775191,80.190591,4.876568,19.794131,-387.805319,0
2016-10-24,sz.002346,17.9000,17.9800,17.7000,17.8900,17.9200,2595289,46324749.0000,3.252242,1,-0.167414,80.056343,4.868404,19.760993,-387.156091,0
2016-10-25,sz.002346,17.8200,17.8500,17.6800,17.7400,17.8900,2738109,48645141.0000,3.431214,1,-0.838455,268.388600,4.764143,19.329762,215.120190,0
2016-10-26,sz.002346,17.7400,17.7400,17.4500,17.5300,17.7400,2640068,46325763.0000,3.308356,1,-1.183760,265.211508,4.707746,19.100943,212.573671,0
2016-10-27,sz.002346,17.4700,17.6400,17.4700,17.6000,17.5300,1580819,27769791.0000,1.980976,1,0.399314,266.270539,4.726545,19.177216,213.422511,0
2016-10-28,sz.002346,17.6200,17.7100,17.3600,17.3700,17.6000,1859601,32681408.0000,2.330327,1,-1.306816,262.790867,4.664778,18.926605,210.633467,0
2016-10-31,sz.002346,17.3700,17.5900,17.3600,17.5400,17.3700,1222509,21331004.0000,1.531966,1,0.978699,265.362798,4.710432,19.111839,212.694934,0
2016-11-01,sz.002346,17.4700,17.6900,17.4700,17.6500,17.5400,1600356,28177950.0000,2.005459,1,0.627131,267.026989,4.739973,19.231697,214.028825,0
2016-11-02,sz.002346,17.6700,17.8000,17.5400,17.5700,17.6500,2441384,43080870.0000,3.059378,1,-0.453257,265.816669,4.718488,19.144528,213.058723,0
2016-11-03,sz.002346,17.4700,17.7200,17.4400,17.6400,17.5700,2641931,46540254.0000,3.310690,1,0.398405,266.875699,4.737287,19.220801,213.907562,0
2016-11-04,sz.002346,17.5900,17.9800,17.5900,17.8700,17.6400,4070822,72551890.0000,5.101281,1,1.303863,270.355371,4.799055,19.471412,216.696606,0
2016-11-07,sz.002346,18.0000,18.0700,17.7500,17.8300,17.8700,3325322,59553892.0000,4.167070,1,-0.223844,269.750211,4.788312,19.427827,216.211555,0
2016-11-08,sz.002346,17.8800,18.0100,17.8600,17.9300,17.8300,2800021,50224408.0000,3.508798,1,0.560855,271.263111,4.815168,19.536789,217.424183,0
2016-11-09,sz.002346,17.8800,17.9800,17.3200,17.5700,17.9300,3103701,54793785.0000,3.889350,1,-2.007812,265.816669,4.718488,19.144528,213.058723,0
2016-11-10,sz.002346,17.8100,19.3300,17.7600,19.3300,17.5700,18066433,338631568.0000,22.639640,1,10.017080,292.443722,5.191143,21.062249,234.400974,0
2016-11-11,sz.002346,19.7000,21.2600,19.5400,21.2600,19.3300,29066724,602033376.0000,36.424466,1,9.984482,321.642708,5.709452,23.165205,257.804692,0
2016-11-14,sz.002346,21.8700,23.3900,21.4600,23.3900,21.2600,20371223,465653904.0000,25.527848,1,10.018810,353.867494,6.281471,25.486084,283.633666,0
2016-11-15,sz.002346,23.9800,24.4800,22.7900,23.8800,23.3900,21253296,505111936.0000,26.633203,1,2.094911,361.280708,6.413062,26.019995,289.575543,0
2016-11-16,sz.002346,23.7900,26.2700,23.5100,25.4400,23.8800,23263055,589136272.0000,29.151698,1,6.532669,384.881961,6.832006,27.719794,308.492538,0
2016-11-17,sz.002346,24.1000,26.1000,23.6200,25.6000,25.4400,16198927,402385568.0000,20.299407,1,0.628930,387.302602,6.874975,27.894132,310.432743,0
2016-11-18,sz.002346,25.1000,25.9500,24.7300,25.5000,25.6000,9584348,243962691.0000,12.010461,1,-0.390626,385.789701,6.848119,27.785171,309.220115,0
2016-11-21,sz.002346,25.5300,26.5000,25.1400,26.1000,25.5000,10779946,278542352.0000,13.508704,1,2.352943,394.867106,7.009251,28.438940,316.495883,0
2016-11-22,sz.002346,25.8400,28.7100,25.0500,28.7100,26.1000,31682270,852342496.0000,39.702093,1,9.999995,434.353816,7.710177,31.282834,348.145471,0
2016-11-23,sz.002346,27.1600,31.5800,25.8400,29.5500,28.7100,25883789,727976864.0000,32.435826,1,2.925810,447.062183,7.935762,32.198110,358.331545,0
2016-11-24,sz.002346,27.5000,27.8900,26.6000,26.6000,29.5500,41561217,1112216000.0000,52.081726,1,-9.983076,402.431610,7.143528,28.983747,322.559022,0
2016-11-25,sz.002346,24.6100,25.5000,23.9400,23.9400,26.6000,22905039,551329136.0000,28.703056,1,-9.999999,362.188449,6.429175,26.085372,290.303120,0
2016-11-28,sz.002346,23.1600,23.1700,22.0200,22.2000,23.9400,24495816,550182400.0000,30.696511,1,-7.268169,335.863975,5.961892,24.189443,269.203394,0
2016-11-29,sz.002346,22.2500,22.4200,21.4000,21.4600,22.2000,17164065,374763136.0000,21.508853,1,-3.333341,324.668509,5.763162,23.383128,260.229948,0
2016-11-30,sz.002346,21.5800,21.9700,21.0300,21.7400,21.4600,12857862,278589824.0000,16.112609,1,1.304756,328.904631,5.838357,23.688220,263.625306,0
2016-12-01,sz.002346,21.7400,21.9500,21.3000,21.6700,21.7400,12651764,273503632.0000,15.854341,1,-0.321986,327.845601,5.819559,23.611947,262.776467,0
2016-12-02,sz.002346,21.5500,21.9000,20.8800,20.9100,21.6700,10372443,222777487.0000,12.998049,1,-3.507154,316.347555,5.615458,22.783840,253.560494,0
2016-12-05,sz.002346,20.3700,20.8600,20.3400,20.7800,20.9100,8256525,170180749.0000,10.346523,1,-0.621708,314.380784,5.580546,22.642190,251.984078,0
2016-12-06,sz.002346,21.0000,21.3900,20.8100,21.2100,20.7800,8623370,182369103.0000,10.806228,1,2.069290,320.886257,5.696024,23.110725,257.198378,0
2016-12-07,sz.002346,21.1500,21.4900,20.9100,21.3700,21.2100,7798752,166036235.0000,9.772872,1,0.754370,323.306898,5.738992,23.285063,259.138583,0
2016-12-08,sz.002346,21.3900,22.4200,21.2000,22.2200,21.3700,17934720,392812352.0000,22.474586,1,3.977531,336.166555,5.967263,24.211235,269.445920,0
2016-12-09,sz.002346,21.9000,22.5700,21.6500,22.1400,22.2200,14475494,319214352.0000,18.139717,1,-0.360036,334.956235,5.945779,24.124066,268.475818,0
2016-12-12,sz.002346,22.0000,22.0000,19.9300,19.9300,22.1400,12229129,253594334.0000,15.324723,1,-9.981930,301.521127,5.352275,21.716018,241.676741,0
2016-12-13,sz.002346,19.6000,19.9800,18.8300,19.5300,19.9300,8826504,171487286.0000,11.060782,1,-2.007023,295.469524,5.244854,21.280172,236.826229,0
2016-12-14,sz.002346,19.5000,20.4500,19.4100,19.9800,19.5300,9287139,186155212.0000,11.638019,1,2.304142,302.277577,5.365703,21.770499,242.283055,0
2016-12-15,sz.002346,19.7600,20.9500,19.5500,20.7900,19.9800,11526409,236593889.0000,14.444122,1,4.054061,314.532074,5.583231,22.653086,252.105341,0
2016-12-16,sz.002346,20.7900,22.3100,20.4100,21.8500,20.7900,16144247,347929600.0000,20.230886,1,5.098602,330.568822,5.867898,23.808078,264.959197,0
2016-12-19,sz.002346,21.8500,24.0400,20.8800,24.0400,21.8500,24812933,568738272.0000,31.093901,1,10.022890,363.701350,6.456031,26.194334,291.515748,0
2016-12-20,sz.002346,24.9100,26.4400,23.2000,26.4400,24.0400,40854379,1030278896.0000,51.195964,1,9.983359,400.010968,7.100560,28.809409,320.618818,0
2016-12-21,sz.002346,26.0700,29.0800,25.8000,29.0800,26.4400,34111109,955869520.0000,42.745751,1,9.984869,439.951549,7.809541,31.685991,352.632194,0
2016-12-22,sz.002346,28.8900,30.1900,27.8300,28.2000,29.0800,31008986,896641472.0000,38.858378,1,-3.026132,426.638022,7.573214,30.727130,341.961069,0
2016-12-23,sz.002346,26.0100,26.7900,25.3800,25.3800,28.2000,4636600,119621086.0000,5.810276,1,-10.000010,383.974220,6.815893,27.654417,307.764962,0
2016-12-26,sz.002346,23.5900,27.9200,22.8400,27.9200,25.3800,26799325,690405280.0000,33.583114,1,10.007880,422.401900,7.498019,30.422038,338.565710,0
2016-12-27,sz.002346,27.9900,30.7100,27.7000,30.7100,27.9200,33032606,980780464.0000,41.394243,1,9.992833,464.611832,8.247284,33.462063,372.398029,0
2016-12-28,sz.002346,30.5500,33.2500,29.0000,33.2100,30.7100,32011468,994304192.0000,40.114622,1,8.140671,502.434352,8.918668,36.186099,402.713727,0
2016-12-29,sz.002346,32.0000,36.5300,31.2000,36.5300,33.2100,25315505,888666864.0000,31.723690,1,9.996988,552.662658,9.810266,39.803619,442.972973,0
2016-12-30,sz.002346,37.0000,40.1000,35.1700,39.9900,36.5300,20375797,775280128.0000,25.533580,1,9.471675,605.009025,10.739462,43.573686,484.929898,0
2017-01-03,sz.002346,38.9900,43.3300,38.0200,42.9500,39.9900,17550613,732282592.0000,21.993249,1,7.401848,649.790889,11.534381,46.798945,520.823684,0
2017-01-04,sz.002346,42.9500,42.9500,42.9500,42.9500,42.9500,0,0.0000,,0,0.000000,649.790889,11.534381,46.798945,520.823684,0
2017-01-05,sz.002346,42.9500,42.9500,42.9500,42.9500,42.9500,0,0.0000,,0,0.000000,649.790889,11.534381,46.798945,520.823684,0
2017-01-06,sz.002346,41.8100,47.2500,38.6600,47.2500,42.9500,20286273,887657264.0000,25.421395,1,10.011640,714.845622,12.689162,51.484287,572.966684,0
2017-01-09,sz.002346,46.0700,50.2000,42.5300,47.8700,47.2500,19603797,929852736.0000,24.566162,1,1.312167,724.225607,12.855665,52.159848,580.484977,0
2017-01-10,sz.002346,45.9900,46.9300,43.0800,43.0800,47.8700,13909215,619261456.0000,17.430094,1,-10.006260,651.757660,11.569293,46.940595,522.400101,0
2017-01-11,sz.002346,40.5000,47.3900,39.3900,47.3600,43.0800,29116530,1254422992.0000,36.486880,1,9.935001,716.509813,12.718703,51.604145,574.300575,0
2017-01-12,sz.002346,42.6400,48.6000,42.6300,45.8000,47.3600,29358268,1341055568.0000,36.789810,1,-3.293922,692.908561,12.299759,49.904346,555.383580,0
2017-01-13,sz.002346,44.1100,47.4800,43.3300,45.7000,45.8000,21155891,971405856.0000,26.511142,1,-0.218337,691.395660,12.272904,49.795385,554.170952,0
2017-01-16,sz.002346,46.4000,46.4000,41.2000,44.7900,45.7000,22582267,978619680.0000,28.298580,1,-1.991247,677.628263,12.028520,48.803836,543.136038,0
2017-01-17,sz.002346,43.0000,43.2100,40.3100,40.3100,44.7900,19135019,782785072.0000,23.978721,1,-10.002230,609.850308,10.825399,43.922362,488.810308,0
2017-01-18,sz.002346,37.8900,39.9000,36.2800,36.2800,40.3100,38920448,1432716144.0000,48.772491,1,-9.997525,548.880406,9.743128,39.531216,439.941403,0
2017-01-19,sz.002346,34.8900,35.9700,33.0400,33.3000,36.2800,28441855,976630144.0000,35.641422,1,-8.213891,503.795962,8.942838,36.284164,403.805092,0
2017-01-20,sz.002346,33.6900,34.1800,33.0400,33.1800,33.3000,22424432,753129680.0000,28.100792,1,-0.360357,501.980482,8.910612,36.153411,402.349938,0
2017-01-23,sz.002346,32.6200,33.8900,32.5500,33.3000,33.1800,15550461,518133104.0000,19.486793,1,0.361660,503.795962,8.942838,36.284164,403.805092,0
2017-01-24,sz.002346,33.5300,36.6300,33.2000,36.6300,33.3000,39826786,1417781136.0000,49.908253,1,10.000010,554.175559,9.837122,39.912581,444.185601,0
2017-01-25,sz.002346,37.1500,40.2900,36.9000,40.2900,36.6300,27329636,1065966544.0000,34.247664,1,9.991809,609.547728,10.820028,43.900570,488.567782,0
2017-01-26,sz.002346,41.0000,42.1000,36.3000,36.3800,40.2900,37901534,1462492800.0000,47.495657,1,-9.704640,550.393307,9.769983,39.640177,441.154031,0
2017-02-03,sz.002346,36.3800,36.3800,36.3800,36.3800,36.3800,0,0.0000,,0,0.000000,550.393307,9.769983,39.640177,441.154031,0
2017-02-06,sz.002346,36.3800,36.3800,36.3800,36.3800,36.3800,0,0.0000,,0,0.000000,550.393307,9.769983,39.640177,441.154031,0
2017-02-07,sz.002346,36.3800,36.3800,36.3800,36.3800,36.3800,0,0.0000,,0,0.000000,550.393307,9.769983,39.640177,441.154031,0
2017-02-08,sz.002346,36.3800,36.3800,36.3800,36.3800,36.3800,0,0.0000,,0,0.000000,550.393307,9.769983,39.640177,441.154031,0
2017-02-09,sz.002346,36.3800,36.3800,36.3800,36.3800,36.3800,0,0.0000,,0,0.000000,550.393307,9.769983,39.640177,441.154031,0
2017-02-10,sz.002346,36.3800,36.3800,36.3800,36.3800,36.3800,0,0.0000,,0,0.000000,550.393307,9.769983,39.640177,441.154031,0
2017-02-13,sz.002346,36.3800,36.3800,36.3800,36.3800,36.3800,0,0.0000,,0,0.000000,550.393307,9.769983,39.640177,441.154031,0
2017-02-14,sz.002346,36.3800,36.3800,36.3800,36.3800,36.3800,0,0.0000,,0,0.000000,550.393307,9.769983,39.640177,441.154031,0
2017-02-15,sz.002346,36.3800,36.3800,36.3800,36.3800,36.3800,0,0.0000,,0,0.000000,550.393307,9.769983,39.640177,441.154031,0
2017-02-16,sz.002346,36.3800,36.3800,36.3800,36.3800,36.3800,0,0.0000,,0,0.000000,550.393307,9.769983,39.640177,441.154031,0
2017-02-17,sz.002346,36.0100,40.0200,36.0100,40.0200,36.3800,30561330,1192321312.0000,38.297406,1,10.005500,605.462895,10.747519,43.606374,485.293687,0
2017-02-20,sz.002346,41.3800,44.0000,39.0000,39.3000,40.0200,39916105,1677671552.0000,50.020182,1,-1.799103,594.570010,10.554160,42.821852,476.562766,0
2017-02-21,sz.002346,37.2800,40.7500,36.0600,38.6600,39.3000,27773089,1067260480.0000,34.803370,1,-1.628497,584.887445,10.382286,42.124498,468.801947,0
2017-02-22,sz.002346,37.8400,38.4000,36.0900,36.6100,38.6600,21611762,801658896.0000,27.082409,1,-5.302636,553.872979,9.831751,39.890789,443.943075,0
2017-02-23,sz.002346,36.4000,36.6100,34.0200,34.3700,36.6100,20446021,714390704.0000,25.621580,1,-6.118551,519.984001,9.230190,37.450052,416.780210,0
2017-02-24,sz.002346,34.1300,35.9900,34.0400,34.9600,34.3700,17114142,603251792.0000,21.446293,1,1.716614,528.910116,9.388637,38.092925,423.934715,0
2017-02-27,sz.002346,34.9600,37.9800,33.5200,37.0400,34.9600,24618566,878295936.0000,30.850333,1,5.949662,560.378452,9.947229,40.359323,449.157375,0
2017-02-28,sz.002346,36.0000,36.9900,35.0100,35.2900,37.0400,18132034,650145504.0000,22.721847,1,-4.724622,749.051196,9.477260,36.767197,427.936387,0
2017-03-01,sz.002346,35.0000,35.9800,34.3100,35.3200,35.2900,12332731,434526736.0000,15.454550,1,0.085006,749.687964,9.485316,36.798452,428.300175,0
2017-03-02,sz.002346,35.0500,35.5500,34.0100,34.1100,35.3200,11776403,407224624.0000,14.757397,1,-3.425819,724.004996,9.160367,35.537803,413.627378,0
2017-03-03,sz.002346,33.8000,34.8000,33.5800,33.7700,34.1100,9091689,310455792.0000,11.393094,1,-0.996776,716.788294,9.069058,35.183571,409.504443,0
2017-03-06,sz.002346,33.6000,34.1900,33.4000,33.9500,33.7700,7941377,267892121.0000,9.951600,1,0.533018,720.608901,9.117398,35.371106,411.687173,0
2017-03-07,sz.002346,34.1200,36.0000,33.7900,35.1000,33.9500,17846715,626421136.0000,22.364305,1,3.387327,745.018334,9.426235,36.569244,425.632394,0
2017-03-08,sz.002346,34.7100,38.0000,34.3000,36.7000,35.1000,26912251,975427824.0000,33.724625,1,4.558411,778.979283,9.855921,38.236218,445.034440,0
2017-03-09,sz.002346,36.5000,37.7700,36.1000,36.9200,36.7000,23752355,883157728.0000,29.764856,1,0.599448,783.648914,9.915002,38.465427,447.702222,0
2017-03-10,sz.002346,36.6300,37.2000,35.5000,35.9000,36.9200,15486439,558694432.0000,19.406565,1,-2.762721,761.998808,9.641078,37.402731,435.333417,0
2017-03-13,sz.002346,35.9400,36.0400,34.5800,35.1000,35.9000,10624053,373110720.0000,13.313350,1,-2.228420,745.018334,9.426235,36.569244,425.632394,0
2017-03-14,sz.002346,35.1000,37.3000,34.7000,36.5400,35.1000,16528203,594682224.0000,20.712034,1,4.102571,775.583188,9.812952,38.069520,443.094236,0
2017-03-15,sz.002346,36.1000,36.4800,34.8000,35.0100,36.5400,12475936,443829280.0000,15.634005,1,-4.187199,743.108030,9.402065,36.475476,424.541029,0
2017-03-16,sz.002346,34.5200,35.4500,34.5000,35.1000,35.0100,8128979,285034960.0000,10.186690,1,0.257070,745.018334,9.426235,36.569244,425.632394,0
2017-03-17,sz.002346,35.1100,35.3500,34.6600,34.7000,35.1000,7563465,264588200.0000,9.478026,1,-1.139595,736.528096,9.318813,36.152500,420.781882,0
2017-03-20,sz.002346,34.5100,34.8900,33.7700,34.2000,34.7000,8203866,281630800.0000,10.280534,1,-1.440922,725.915299,9.184536,35.631571,414.718743,0
2017-03-21,sz.002346,34.1800,34.9800,34.0000,34.7900,34.2000,9211219,318025936.0000,11.542881,1,1.725147,738.438400,9.342983,36.246267,421.873247,0
2017-03-22,sz.002346,34.5600,34.7700,33.8100,34.1000,34.7900,8171500,278616864.0000,10.239975,1,-1.983335,723.792740,9.157681,35.527385,413.506115,0
2017-03-23,sz.002346,34.0000,34.3500,32.0000,32.6800,34.1000,12492320,414213856.0000,15.654536,1,-4.164218,693.652397,8.776335,34.047945,396.286799,0
2017-03-24,sz.002346,32.6700,32.6700,31.4000,32.1300,32.6800,11129185,355834848.0000,13.946347,1,-1.682984,681.978321,8.628630,33.474923,389.617345,0
2017-03-27,sz.002346,32.2000,35.3400,31.8000,35.3400,32.1300,24924749,851785024.0000,31.234021,1,9.990660,750.112476,9.490688,36.819290,428.542701,0
2017-03-28,sz.002346,35.3000,37.7000,35.0000,35.7000,35.3400,31946287,1164392224.0000,40.032941,1,1.018677,757.753690,9.587367,37.194359,432.908161,0
2017-03-29,sz.002346,34.8000,37.5900,33.1100,36.3900,35.7000,27603279,990011152.0000,34.590575,1,1.932769,772.399349,9.772669,37.913241,441.275294,0
2017-03-30,sz.002346,35.8600,39.9900,35.5100,38.9400,36.3900,35887452,1360922672.0000,44.971744,1,7.007418,826.524613,10.457481,40.569981,472.197305,0
2017-03-31,sz.002346,38.0000,42.7700,37.0000,41.6600,38.9400,38114564,1522828112.0000,47.762612,1,6.985108,884.258227,11.187947,43.403837,505.180784,0
2017-04-05,sz.002346,42.0000,42.1200,38.8000,39.0400,41.6600,30938393,1237937264.0000,38.769916,1,-6.289004,828.647172,10.484336,40.674167,473.409933,0
2017-04-06,sz.002346,38.6100,40.5000,37.5200,38.2800,39.0400,26047325,1011231040.0000,32.640758,1,-1.946727,812.515721,10.280235,39.882354,464.193961,0
2017-04-07,sz.002346,37.7200,38.6300,36.9000,37.2000,38.2800,18321738,691251616.0000,22.959571,1,-2.821311,789.592080,9.990197,38.757147,451.097580,0
2017-04-10,sz.002346,36.7000,37.2800,33.5000,33.7000,37.2000,20581780,728934464.0000,25.791704,1,-9.408602,715.302503,9.050259,35.110641,408.655603,0
2017-04-11,sz.002346,33.3000,35.3900,33.0100,34.7400,33.7000,17023487,582652224.0000,21.332690,1,3.086056,737.377120,9.329555,36.194174,421.266933,0
2017-04-12,sz.002346,34.3600,35.6000,33.7000,33.7100,34.7400,12653703,435954192.0000,15.856771,1,-2.964889,715.514759,9.052945,35.121060,408.776866,0
2017-04-13,sz.002346,33.7200,34.4000,33.5100,33.7200,33.7100,7315399,247712395.0000,9.167167,1,0.029671,715.727014,9.055631,35.131478,408.898129,0
2017-04-14,sz.002346,33.8500,34.1900,33.5000,33.9200,33.7200,7146703,242090314.0000,8.955768,1,0.593111,719.972133,9.109341,35.339850,411.323385,0
2017-04-17,sz.002346,33.3000,33.8900,30.5300,30.5300,33.9200,11404081,362240592.0000,14.290828,1,-9.994097,648.017371,8.198944,31.807949,370.215299,0
2017-04-18,sz.002346,30.5000,31.4800,30.3000,30.8100,30.5300,7415358,228989104.0000,9.292429,1,0.917127,653.960537,8.274139,32.099669,373.610657,0
2017-04-19,sz.002346,30.6300,30.6300,28.0000,29.0400,30.8100,8647870,250540059.0000,10.836930,1,-5.744884,616.391237,7.798799,30.255579,352.147143,0
2017-04-20,sz.002346,28.9000,29.4300,27.6000,28.1500,29.0400,7555252,215868193.0000,9.467734,1,-3.064743,597.500458,7.559786,29.328325,341.354755,0
2017-04-21,sz.002346,28.4500,30.9700,28.4300,30.9700,28.1500,13797805,420521040.0000,17.290482,1,10.017760,657.356632,8.317108,32.266367,375.550862,0
2017-04-24,sz.002346,30.9700,32.5000,29.7000,31.6400,30.9700,19917888,628731696.0000,24.959759,1,2.163384,671.577780,8.497039,32.964412,383.675468,0
2017-04-25,sz.002346,32.3000,32.6300,30.6500,31.6600,31.6400,13835468,435296560.0000,17.337679,1,0.063213,672.002292,8.502410,32.985249,383.917994,0
2017-04-26,sz.002346,31.5000,31.6000,30.2000,30.6600,31.6600,9853758,304414400.0000,12.348068,1,-3.158560,650.776698,8.233856,31.943390,371.791715,0
2017-04-27,sz.002346,30.0500,31.5000,29.0900,31.1400,30.6600,11710266,354363376.0000,14.674519,1,1.565556,510.822231,8.270935,32.865419,1603.738771,0
2017-04-28,sz.002346,30.9800,30.9900,30.0000,30.0100,31.1400,8480343,257921411.0000,10.626996,1,-3.628771,492.285650,7.970802,31.672808,1545.542727,0
2017-05-02,sz.002346,29.2300,30.6500,29.2300,30.0200,30.0100,6516730,196056511.0000,8.166328,1,0.033323,492.449691,7.973458,31.683362,1546.057736,0
2017-05-03,sz.002346,29.8000,30.5000,29.5100,30.1000,30.0200,7166681,215081783.0000,8.980803,1,0.266489,493.762015,7.994706,31.767794,1550.177810,0
2017-05-04,sz.002346,30.0000,31.9900,29.5000,31.4000,30.1000,12456764,381695696.0000,15.609980,1,4.318934,515.087285,8.339992,33.139825,1617.129011,0
2017-05-05,sz.002346,31.0100,31.9800,30.6300,30.8600,31.4000,11746127,368350048.0000,14.719457,1,-1.719742,506.229096,8.196566,32.569905,1589.318512,0
2017-05-08,sz.002346,30.0600,30.5000,27.7700,27.7800,30.8600,9064069,264304309.0000,11.358482,1,-9.980557,455.704611,7.378503,29.319247,1430.695667,0
2017-05-09,sz.002346,27.3600,28.2000,27.3300,27.8300,27.7800,5671143,157410608.0000,7.106695,1,0.179983,456.524813,7.391783,29.372017,1433.270713,0
2017-05-10,sz.002346,28.3000,29.9000,27.9000,28.0400,27.8300,8388961,241427472.0000,10.512482,1,0.754585,459.969665,7.447560,29.593653,1444.085907,0
2017-05-11,sz.002346,28.1000,28.3700,26.5200,27.4500,28.0400,7680241,208654807.0000,9.624362,1,-2.104137,450.291273,7.290853,28.970962,1413.700362,0
2017-05-12,sz.002346,27.7000,28.0000,27.0600,27.1300,27.4500,6037075,165497945.0000,7.565257,1,-1.165762,445.041976,7.205860,28.633231,1397.220066,0
2017-05-15,sz.002346,27.1300,27.9900,27.0200,27.3200,27.1300,5921502,162690918.0000,7.420429,1,0.700334,448.158746,7.256325,28.833759,1407.005242,0
2017-05-16,sz.002346,27.3400,27.5000,26.1100,27.3600,27.3200,8437074,226647072.0000,10.572774,1,0.146416,448.814908,7.266949,28.875975,1409.065279,0
2017-05-17,sz.002346,27.1800,29.2900,27.1800,28.1900,27.3600,11129201,315585776.0000,13.946367,1,3.033625,462.430273,7.487401,29.751964,1451.811045,0
2017-05-18,sz.002346,27.6500,27.9900,26.9100,27.0400,28.1900,7806052,214034640.0000,9.782020,1,-4.079459,443.565611,7.181955,28.538245,1392.584983,0
2017-05-19,sz.002346,27.0300,27.4600,26.8000,27.1200,27.0400,4340121,117690532.0000,5.438748,1,0.295858,444.877935,7.203204,28.622677,1396.705057,0
2017-05-22,sz.002346,27.1200,27.1200,25.6000,25.7100,27.1200,5994274,157490717.0000,7.511622,1,-5.199121,421.748220,6.828701,27.134551,1324.088754,0
2017-05-23,sz.002346,25.5500,25.8600,23.1600,23.3400,25.7100,7801511,189129238.0000,9.776330,1,-9.218200,382.870613,6.199217,24.633233,1202.031564,0
2017-05-24,sz.002346,23.1200,23.2800,21.6000,23.0000,23.3400,6709165,152122918.0000,8.407475,1,-1.456727,377.293234,6.108912,24.274394,1184.521250,0
2017-05-25,sz.002346,23.0100,23.2500,22.3200,23.0300,23.0000,5849448,133661659.0000,7.330135,1,0.130438,377.785356,6.116880,24.306057,1186.066278,0
2017-05-26,sz.002346,23.1600,24.1800,22.9000,23.0600,23.0300,6842708,160222193.0000,8.574822,1,0.130260,378.277477,6.124848,24.337719,1187.611306,0
2017-05-31,sz.002346,23.5000,23.6600,22.6000,22.7300,23.0600,4858962,112863257.0000,6.088925,1,-1.431049,372.864140,6.037198,23.989434,1170.616001,0
2017-06-01,sz.002346,22.8100,23.1300,20.5500,20.6600,22.7300,6855395,149554736.0000,8.590721,1,-9.106906,338.907749,5.487396,21.804739,1064.009088,0
2017-06-02,sz.002346,20.1100,21.3900,20.1100,21.2700,20.6600,6912582,144849451.0000,8.662383,1,2.952568,348.914221,5.649415,22.448538,1095.424652,0
2017-06-05,sz.002346,21.1400,22.3200,21.0200,21.9100,21.2700,7608558,165776760.0000,9.534534,1,3.008930,359.412816,5.819402,23.123999,1128.385243,0
2017-06-06,sz.002346,21.7200,22.5000,21.7000,21.9000,21.9100,6013683,132722708.0000,7.535944,1,-0.045642,359.248775,5.816746,23.113445,1127.870234,0
2017-06-07,sz.002346,21.8000,24.0900,21.6500,24.0900,21.9000,10476059,237155383.0000,13.127893,1,10.000000,395.173653,6.398421,25.424790,1240.657257,0
2017-06-08,sz.002346,24.1000,26.0800,23.5300,25.2900,24.0900,17913373,449978944.0000,22.447836,1,4.981323,414.858517,6.717147,26.691280,1302.458366,0
2017-06-09,sz.002346,24.6500,25.8000,24.2000,24.8000,25.2900,13144269,329618608.0000,16.471515,1,-1.937531,406.820531,6.587000,26.174130,1277.222913,0
2017-06-12,sz.002346,24.3000,24.7800,23.0100,23.3100,24.8000,9953394,235826393.0000,12.472925,1,-6.008064,382.378491,6.191249,24.601571,1200.486537,0
2017-06-13,sz.002346,23.6600,25.6400,23.5500,25.6400,23.3100,12653460,312414256.0000,15.856466,1,9.995710,420.599936,6.810108,27.060673,1320.483689,0
2017-06-14,sz.002346,26.3900,28.2000,25.9900,28.2000,25.6400,27915474,763747744.0000,34.981797,1,9.984406,462.594313,7.490057,29.762518,1452.326055,0
2017-06-15,sz.002346,27.0800,28.9700,26.5200,27.7000,28.2000,24610532,683367792.0000,30.840266,1,-1.773050,454.392286,7.357254,29.234814,1426.575593,0
2017-06-16,sz.002346,27.7600,27.9200,26.6600,26.9000,27.7000,13723056,371613248.0000,17.196812,1,-2.888091,441.269044,7.144770,28.390487,1385.374854,0
2017-06-19,sz.002346,27.0000,27.8500,26.9000,26.9000,26.9000,12601604,345369088.0000,15.791484,1,0.000000,441.269044,7.144770,28.390487,1385.374854,0
2017-06-20,sz.002346,27.1500,27.4000,26.4700,27.2500,26.9000,11695419,315225504.0000,14.655914,1,1.301117,447.010462,7.237732,28.759880,1403.400177,0
2017-06-21,sz.002346,27.0100,27.6600,26.6000,26.7700,27.2500,9727047,262269123.0000,12.189282,1,-1.761466,439.136517,7.110242,28.253284,1378.679733,0
2017-06-22,sz.002346,26.9400,26.9900,25.3100,25.4100,26.7700,9450381,246628912.0000,11.842583,1,-5.080316,416.827004,6.749019,26.817929,1308.638477,0
2017-06-23,sz.002346,25.9700,27.9500,25.6900,27.9500,25.4100,21903307,598923568.0000,27.447753,1,9.996069,458.493300,7.423656,29.498666,1439.450824,0
2017-06-26,sz.002346,28.7000,28.9600,27.4000,27.7400,27.9500,20090704,564905600.0000,25.176321,1,-0.751345,455.048449,7.367879,29.277031,1428.635630,0
2017-06-27,sz.002346,27.8000,28.6000,27.3900,27.4200,27.7400,14341807,400453600.0000,17.972189,1,-1.153568,449.799151,7.282885,28.939300,1412.155334,0
2017-06-28,sz.002346,27.7900,29.3900,27.6400,28.2200,27.4200,20445305,582034912.0000,25.620683,1,2.917576,462.922394,7.495369,29.783627,1453.356073,0
2017-06-29,sz.002346,28.2200,28.4900,27.3300,27.7200,28.2200,12784553,355526176.0000,16.020743,1,-1.771793,454.720368,7.362566,29.255922,1427.605611,0
2017-06-30,sz.002346,27.4600,27.7000,26.8000,27.0400,27.7200,9483628,256948234.0000,11.884246,1,-2.453097,443.565611,7.181955,28.538245,1392.584983,0
2017-07-03,sz.002346,27.0000,29.0000,26.7500,28.2100,27.0400,13238072,368415616.0000,16.589063,1,4.326916,462.758354,7.492713,29.773072,1452.841064,0
2017-07-04,sz.002346,28.1000,28.6700,27.5800,27.8800,28.2100,11028515,309987920.0000,13.820194,1,-1.169798,457.345016,7.405063,29.424788,1435.845759,0
2017-07-05,sz.002346,27.6000,28.4800,27.5100,28.1600,27.8800,9533289,267389037.0000,11.946477,1,1.004307,461.938151,7.479433,29.720302,1450.266018,0
2017-07-06,sz.002346,28.3800,30.8300,28.3800,29.4100,28.1600,23142113,683405776.0000,29.000142,1,4.438920,482.443218,7.811439,31.039563,1514.642173,0
2017-07-07,sz.002346,29.3900,29.3900,28.5100,28.8000,29.4100,14131535,407657664.0000,17.708690,1,-2.074126,472.436746,7.649420,30.395763,1483.226609,0
2017-07-10,sz.002346,28.7100,30.2400,28.2600,30.0200,28.8000,16422529,482809120.0000,20.579610,1,4.236115,492.449691,7.973458,31.683362,1546.057736,0
2017-07-11,sz.002346,29.7000,31.6500,29.4000,30.5500,30.0200,20662403,629799088.0000,25.892736,1,1.765486,501.143839,8.114228,32.242728,1573.353226,0
2017-07-12,sz.002346,30.2000,31.5000,29.8000,30.1400,30.5500,18222149,556934016.0000,22.834773,1,-1.342062,494.418177,8.005330,31.810011,1552.237847,0
2017-07-13,sz.002346,29.8400,30.4900,29.2200,29.6000,30.1400,10826352,322688384.0000,13.566857,1,-1.791636,485.559988,7.861904,31.240090,1524.427348,0
2017-07-14,sz.002346,29.4800,30.0800,28.3200,28.7700,29.6000,9426600,275888144.0000,11.812782,1,-2.804054,471.944624,7.641452,30.364101,1481.681581,0
2017-07-17,sz.002346,28.4900,28.5900,25.8900,25.8900,28.7700,11466952,303611312.0000,14.369614,1,-10.010430,424.700949,6.876510,27.324525,1333.358920,0
2017-07-18,sz.002346,24.8000,26.2700,24.6900,26.1100,25.8900,7063434,182591959.0000,8.851421,1,0.849754,428.309841,6.934943,27.556715,1344.689124,0
2017-07-19,sz.002346,26.1000,27.3800,25.8200,26.7400,26.1100,8534619,227964026.0000,10.695011,1,2.412865,438.644395,7.102274,28.221622,1377.134706,0
2017-07-20,sz.002346,26.9900,27.2000,26.2800,26.3600,26.7400,7649987,204096852.0000,9.586450,1,-1.421089,432.410855,7.001344,27.820567,1357.564355,0
2017-07-21,sz.002346,26.3900,26.3900,25.6000,25.6600,26.3600,6455558,166534239.0000,8.089672,1,-2.655541,420.928017,6.815420,27.081781,1321.513708,0
2017-07-24,sz.002346,25.5000,25.6700,25.0000,25.5000,25.6600,5593615,141325553.0000,7.009543,1,-0.623538,418.303368,6.772924,26.912916,1313.273560,0
2017-07-25,sz.002346,25.5000,27.9400,25.3400,27.9400,25.4000,13680022,374057472.0000,17.142885,1,10.000000,458.329259,7.421000,29.488112,1438.935814,0
2017-07-26,sz.002346,28.8200,28.9700,27.5200,27.9000,27.9400,15245078,428757104.0000,19.104108,1,-0.143167,457.673097,7.410375,29.445896,1436.875778,0
2017-07-27,sz.002346,28.0100,28.5400,27.6600,28.4100,27.9000,12157418,343105376.0000,15.234860,1,1.827958,466.039165,7.545834,29.984154,1463.141249,0
2017-07-28,sz.002346,28.0000,28.3600,27.2700,27.4800,28.4100,10087991,278701728.0000,12.641593,1,-3.273496,450.783395,7.298821,29.002624,1415.245389,0
2017-07-31,sz.002346,27.2100,28.0600,27.2100,28.0500,27.4800,7733147,214406485.0000,9.690660,1,2.074235,460.133705,7.450216,29.604207,1444.600916,0
2017-08-01,sz.002346,27.9100,28.9100,27.7200,28.7400,28.0500,14556031,415771856.0000,18.240640,1,2.459895,471.452502,7.633483,30.332439,1480.136554,0
2017-08-02,sz.002346,28.3600,28.6800,27.6000,27.8700,28.7400,9626403,269131392.0000,12.063162,1,-3.027136,457.180976,7.402407,29.414234,1435.330750,0
2017-08-03,sz.002346,27.7100,28.1300,27.4500,27.6200,27.8700,5569917,154640788.0000,6.979846,1,-0.897022,453.079962,7.336006,29.150381,1422.455519,0
2017-08-04,sz.002346,27.6200,27.8600,26.5500,26.6400,27.6200,7572637,204356027.0000,9.489520,1,-3.548159,437.003990,7.075713,28.116081,1371.984613,0
2017-08-07,sz.002346,26.5000,27.1500,26.3400,26.8700,26.6400,3516867,94540479.0000,4.407102,1,0.863369,440.776922,7.136802,28.358825,1383.829826,0
2017-08-08,sz.002346,26.8800,27.2600,26.3100,26.4000,26.8700,4912547,130943354.0000,6.156074,1,-1.749167,433.067017,7.011968,27.862783,1359.624392,0
2017-08-09,sz.002346,26.3000,28.6200,26.2700,27.7800,26.4000,11987851,331903392.0000,15.022370,1,5.227277,455.704611,7.378503,29.319247,1430.695667,0
2017-08-10,sz.002346,27.4500,27.7900,26.6500,26.8600,27.7800,7555502,204728891.0000,9.468048,1,-3.311735,440.612881,7.134146,28.348271,1383.314817,0
2017-08-11,sz.002346,26.5800,27.6800,26.5100,26.7700,26.8600,6119055,165847504.0000,7.667989,1,-0.335071,439.136517,7.110242,28.253284,1378.679733,0
2017-08-14,sz.002346,27.0000,27.8000,26.6800,27.3400,26.7700,6263768,170480912.0000,7.849333,1,2.129248,448.486827,7.261637,28.854867,1408.035260,0
2017-08-15,sz.002346,27.2500,27.9700,27.2000,27.4300,27.3400,6411737,176758891.0000,8.034758,1,0.329189,449.963192,7.285541,28.949854,1412.670343,0
2017-08-16,sz.002346,27.4700,27.5900,26.7600,27.0000,27.4300,5309969,143402011.0000,6.654096,1,-1.567628,442.909449,7.171331,28.496028,1390.524946,0
2017-08-17,sz.002346,26.7600,27.7100,26.7600,27.2400,27.0000,6643107,181556807.0000,8.324695,1,0.888888,446.846422,7.235076,28.749326,1402.885168,0
2017-08-18,sz.002346,26.9500,27.2500,26.8100,27.0000,27.2400,4569283,123177127.0000,5.725919,1,-0.881056,442.909449,7.171331,28.496028,1390.524946,0
2017-08-21,sz.002346,26.9300,27.4800,26.8100,27.1300,27.0000,4524057,122534506.0000,5.669244,1,0.481478,445.041976,7.205860,28.633231,1397.220066,0
2017-08-22,sz.002346,27.0100,29.8000,26.9800,28.1700,27.1300,18207057,517822816.0000,22.815861,1,3.833398,462.102192,7.482089,29.730856,1450.781027,0
2017-08-23,sz.002346,27.7600,27.9700,27.0800,27.3300,28.1700,9481798,260375054.0000,11.881952,1,-2.981896,448.322787,7.258981,28.844313,1407.520251,0
2017-08-24,sz.002346,27.1800,28.4800,27.1800,27.8500,27.3300,9965582,276852128.0000,12.488198,1,1.902673,456.852895,7.397095,29.393125,1434.300731,0
2017-08-25,sz.002346,27.6500,27.9400,27.1700,27.7100,27.8500,7483778,205961267.0000,9.378168,1,-0.502698,-649.328312,7.133827,31.347269,162.055298,0
2017-08-28,sz.002346,27.7900,28.2000,27.3800,27.9900,27.7100,8169859,227376982.0000,10.237919,1,1.010468,-655.889550,7.205912,31.664022,163.692811,0
2017-08-29,sz.002346,28.1000,28.1900,27.6700,27.9200,27.9900,8056094,224761840.0000,10.095356,1,-0.250088,-654.249241,7.187891,31.584834,163.283432,0
2017-08-30,sz.002346,27.9800,28.0100,27.4700,27.5800,27.9200,6184180,171213679.0000,7.749599,1,-1.217766,-646.282022,7.100359,31.200204,161.295024,0
2017-08-31,sz.002346,27.6500,27.6600,27.2200,27.4000,27.5800,5102695,139819523.0000,6.394355,1,-0.652648,-642.064083,7.054019,30.996577,160.242337,0
2017-09-01,sz.002346,27.3800,27.9900,27.3200,27.6100,27.4000,6604054,183356483.0000,8.275757,1,0.766427,-646.985012,7.108082,31.234142,161.470472,0
2017-09-04,sz.002346,27.3000,27.3500,26.8000,27.0600,27.6100,7003637,189261033.0000,8.776487,1,-1.992036,-634.096864,6.966487,30.611948,158.253928,0
2017-09-05,sz.002346,27.0600,27.4900,26.9400,27.2600,27.0600,5372083,146807851.0000,6.731934,1,0.739101,-638.783463,7.017976,30.838201,159.423581,0
2017-09-06,sz.002346,27.3400,27.3400,26.8300,26.9700,27.2600,4553202,122837163.0000,5.705767,1,-1.063833,-631.987895,6.943317,30.510135,157.727585,0
2017-09-07,sz.002346,27.0000,27.2100,26.6800,27.0900,26.9700,5655281,152403061.0000,7.086818,1,0.444942,-634.799854,6.974210,30.645886,158.429376,0
2017-09-08,sz.002346,28.5000,29.6500,27.5100,27.6700,27.0900,16307422,462165056.0000,20.435366,1,2.141011,-648.390992,7.123529,31.302018,161.821367,0
2017-09-11,sz.002346,27.0400,28.2900,27.0200,27.8000,27.6700,8853243,246532317.0000,11.094289,1,0.469820,-651.437281,7.156997,31.449082,162.581641,0
2017-09-12,sz.002346,27.5100,28.1600,27.3000,27.4300,27.8000,7460712,206315684.5200,9.349263,1,-1.330931,-642.767073,7.061742,31.030515,160.417785,0
2017-09-13,sz.002346,27.3700,27.7500,27.1100,27.4700,27.4300,4364922,119734135.7900,5.469827,1,0.145822,-643.704393,7.072040,31.075766,160.651715,0
2017-09-14,sz.002346,27.6000,28.2100,27.4600,28.0000,27.4700,9599741,268137116.8800,12.029751,1,1.929380,-656.123880,7.208486,31.675334,163.751293,0
2017-09-15,sz.002346,27.9000,27.9000,27.1600,27.2600,28.0000,6153557,168581791.0900,7.711224,1,-2.642856,-638.783463,7.017976,30.838201,159.423581,0
2017-09-18,sz.002346,27.1800,27.5700,27.1400,27.3700,27.2600,3184710,87081834.9000,3.990865,1,0.403524,-641.361093,7.046295,30.962639,160.066889,0
2017-09-19,sz.002346,27.2100,27.4900,27.0700,27.0800,27.3700,3607456,98144861.1600,4.520622,1,-1.059558,-634.565524,6.971636,30.634574,158.370894,0
2017-09-20,sz.002346,26.9800,27.1000,26.4100,27.1000,27.0800,4777503,127996883.0100,5.986846,1,0.073857,-635.034184,6.976785,30.657199,158.487859,0
2017-09-21,sz.002346,27.1500,27.4800,26.8800,26.9200,27.1000,3703701,100702408.0900,4.641229,1,-0.664208,-630.816245,6.930445,30.453572,157.435172,0
2017-09-22,sz.002346,26.7400,26.7900,26.3900,26.4000,26.9200,3603101,95566087.4500,4.515164,1,-1.931651,-618.631087,6.796573,29.865315,154.394077,0
2017-09-25,sz.002346,26.4000,26.6800,26.3900,26.4800,26.4000,2268902,60162591.9200,2.843236,1,0.303030,-620.505727,6.817168,29.955816,154.861937,0
2017-09-26,sz.002346,26.4900,26.9800,26.4900,26.8400,26.4800,3274208,87674963.9000,4.103018,1,1.359519,-628.941605,6.909849,30.363071,156.967311,0
2017-09-27,sz.002346,26.7800,26.8900,26.5600,26.6700,26.8400,2529960,67500339.9800,3.170376,1,-0.633383,-624.957996,6.866083,30.170756,155.973107,0
2017-09-28,sz.002346,26.6800,26.8000,26.0000,26.0000,26.6700,4164802,109257439.0600,5.219050,1,-2.512186,-609.257889,6.693594,29.412811,152.054772,0
2017-09-29,sz.002346,26.2400,26.2400,25.6200,25.7900,26.0000,2915262,75344677.2200,3.653211,1,-0.807689,-604.336960,6.639531,29.175246,150.826638,0
2017-10-09,sz.002346,26.3200,27.8000,26.1500,26.7400,25.7900,6870110,185013438.7000,8.609160,1,3.683594,-626.598306,6.884104,30.249944,156.382485,0
2017-10-10,sz.002346,26.7300,26.9900,26.4100,26.8200,26.7400,4113740,109978307.5700,5.155063,1,0.299177,-628.472945,6.904700,30.340445,156.850346,0
2017-10-11,sz.002346,26.7600,27.8000,26.6400,27.4600,26.8200,8631960,236454680.7800,10.816992,1,2.386277,-643.470063,7.069465,31.064453,160.593233,0
2017-10-12,sz.002346,27.4000,27.4000,26.8000,27.0100,27.4600,5092710,137658172.0000,6.381842,1,-1.638743,-632.925215,6.953615,30.555385,157.961515,0
2017-10-13,sz.002346,27.0100,27.1000,26.6500,26.9600,27.0100,3569114,95775605.5400,4.472574,1,-0.185121,-631.753565,6.940742,30.498822,157.669102,0
2017-10-16,sz.002346,27.3000,27.6600,27.0000,27.1500,26.9600,6664502,182194883.3200,8.351506,1,0.704750,-636.205834,6.989657,30.713762,158.780272,0
2017-10-17,sz.002346,27.0000,27.1200,25.4200,26.6200,27.1500,4055460,107355154.6000,5.082030,1,-1.952113,-623.786346,6.853211,30.114193,155.680694,0
2017-10-18,sz.002346,26.5800,26.7400,25.8500,26.0000,26.6200,3940152,103333010.7800,4.937534,1,-2.329079,-609.257889,6.693594,29.412811,152.054772,0
2017-10-19,sz.002346,26.1600,26.1700,25.5900,25.6400,26.0000,2633870,67813227.1000,3.300589,1,-1.384618,-600.822010,6.600914,29.005556,149.949399,0
2017-10-20,sz.002346,25.7000,26.1600,25.6500,25.8900,25.6400,2154000,55817960.0000,2.699248,1,0.975039,-606.680259,6.665275,29.288372,151.411464,0
2017-10-23,sz.002346,25.8600,26.0800,25.7000,26.0200,25.8900,1817259,47143290.0500,2.277267,1,0.502128,-609.726549,6.698743,29.435436,152.171738,0
2017-10-24,sz.002346,26.0200,27.6800,25.8200,26.3600,26.0200,4954200,132349579.7900,6.208271,1,1.306688,-617.693767,6.786275,29.820065,154.160146,0
2017-10-25,sz.002346,26.0400,26.3700,26.0300,26.2900,26.3600,2922781,76484248.5100,3.662633,1,-0.265553,-616.053458,6.768254,29.740877,153.750768,0
2017-10-26,sz.002346,26.1400,26.5700,26.1400,26.3200,26.2900,2522680,66426641.0000,3.161253,1,0.114107,-616.756448,6.775977,29.774814,153.926216,0
2017-10-27,sz.002346,26.3200,26.5500,26.1500,26.1600,26.3200,2319480,61109937.9900,2.906617,1,-0.607902,-613.007168,6.734786,29.593813,152.990494,0
2017-10-30,sz.002346,26.1700,26.3500,24.0200,25.2100,26.1600,3960386,100388963.7200,4.962890,1,-3.631501,44.080052,5.805573,29.309444,727.733964,0
2017-10-31,sz.002346,25.2000,25.4400,24.7200,25.1300,25.2100,2699234,67609997.0500,3.382499,1,-0.317334,43.940171,5.787150,29.216435,725.424614,0
2017-11-01,sz.002346,25.1300,25.5200,25.1000,25.1500,25.1300,2212300,55830827.0000,2.772306,1,0.079588,43.975141,5.791755,29.239687,726.001951,0
2017-11-02,sz.002346,25.1500,25.4000,24.6100,24.6400,25.1500,2752182,68584750.6600,3.448850,1,-2.027834,43.083399,5.674308,28.646755,711.279844,0
2017-11-03,sz.002346,24.9000,24.9000,23.6000,23.9400,24.6400,3465810,83674313.3000,4.343120,1,-2.840904,41.859438,5.513106,27.832927,691.073030,0
2017-11-06,sz.002346,23.9400,24.1300,23.6300,24.0900,23.9400,2257800,53917846.0000,2.829323,1,0.626565,42.121716,5.547650,28.007318,695.403062,0
2017-11-07,sz.002346,24.0500,24.0900,23.6600,23.9500,24.0900,2370209,56445979.0500,2.970187,1,-0.581152,41.876924,5.515409,27.844553,691.361699,0
2017-11-08,sz.002346,24.0000,25.3800,23.8100,24.4400,23.9500,5651039,139042027.7200,7.081503,1,2.045928,42.733696,5.628251,28.414233,705.506469,0
2017-11-09,sz.002346,24.1000,24.4000,24.0100,24.2300,24.4400,2998800,72468234.0000,3.757895,1,-0.859251,42.366508,5.579890,28.170084,699.444425,0
2017-11-10,sz.002346,24.2300,24.3500,24.0200,24.0400,24.2300,2287600,55282394.0000,2.866667,1,-0.784146,42.034290,5.536135,27.949188,693.959718,0
2017-11-13,sz.002346,24.0600,24.1900,23.7000,23.8100,24.0400,2738801,65159056.8200,3.432081,1,-0.956745,41.632132,5.483169,27.681787,687.320336,0
2017-11-14,sz.002346,23.7300,24.3500,23.7100,24.0000,23.8100,3103583,74696979.9200,3.889202,1,0.797986,41.964349,5.526924,27.902683,692.805043,0
2017-11-15,sz.002346,24.0000,24.0500,23.2300,23.2300,24.0000,2979300,70042844.0000,3.733459,1,-3.208335,40.617993,5.349601,27.007472,670.577548,0
2017-11-16,sz.002346,23.2600,23.9300,23.2000,23.3000,23.2300,3145158,74027530.1500,3.941301,1,0.301333,40.740389,5.365722,27.088855,672.598229,0
2017-11-17,sz.002346,23.2000,23.2000,21.7500,21.8500,23.3000,4241864,94921701.5500,5.315619,1,-6.223171,38.205043,5.031803,25.403068,630.741258,0
2017-11-20,sz.002346,21.8500,22.0000,20.7100,21.7000,21.8500,2534998,54097734.0300,3.176689,1,-0.686497,37.942766,4.997260,25.228676,626.411226,0
2017-11-21,sz.002346,21.7500,22.2000,21.4000,21.8500,21.7000,2263370,49511824.0900,2.836303,1,0.691242,38.205043,5.031803,25.403068,630.741258,0
2017-11-22,sz.002346,22.0000,23.4200,22.0000,22.3900,21.8500,5460309,123820414.9300,6.842492,1,2.471391,39.149241,5.156159,26.030878,646.329371,0
2017-11-23,sz.002346,22.1300,23.8100,21.5300,22.9400,22.3900,7211235,163851757.1600,9.036635,1,2.456459,40.110924,5.282818,26.670315,662.206154,0
2017-11-24,sz.002346,22.6900,23.1600,22.5200,22.7000,22.9400,3809908,86876711.1500,4.774321,1,-1.046206,39.691280,5.227549,26.391288,655.278103,0
2017-11-27,sz.002346,22.1100,23.2400,22.1100,22.3400,22.7000,3007287,68102508.6200,3.768530,1,-1.585906,39.061815,5.144645,25.972748,644.886027,0
2017-11-28,sz.002346,22.2600,23.0600,22.1000,22.6900,22.3400,3660487,82927127.3800,4.587076,1,1.566698,39.673795,5.225246,26.379662,654.989434,0
2017-11-29,sz.002346,22.6500,24.9600,22.5500,24.9600,22.6900,16442569,397982910.0700,20.604723,1,10.004400,43.642923,5.748001,29.018791,720.517245,0
2017-11-30,sz.002346,24.8000,24.9900,23.9100,24.0000,24.9600,12970821,316867682.8700,16.254162,1,-3.846150,41.964349,5.526924,27.902683,692.805043,0
2017-12-01,sz.002346,23.6400,24.5800,23.6100,23.7700,24.0000,8171872,196166177.5900,10.240441,1,-0.958331,41.562191,5.473957,27.635283,686.165661,0
2017-12-04,sz.002346,23.9200,24.5300,23.7900,24.1000,23.7700,7691695,186037712.4900,9.638716,1,1.388304,42.139201,5.549952,28.018945,695.691731,0
2017-12-05,sz.002346,24.1000,24.1000,23.0600,23.3400,24.1000,5927851,139674625.5400,7.428385,1,-3.153528,40.810330,5.374933,27.135360,673.752904,0
2017-12-06,sz.002346,23.0100,23.0900,22.0800,22.9000,23.3400,6005676,135308123.2600,7.525910,1,-1.885178,40.040983,5.273606,26.623810,661.051479,0
2017-12-07,sz.002346,22.6700,23.1500,22.3000,22.8100,22.9000,4330893,98359444.7400,5.427184,1,-0.393014,39.883617,5.252880,26.519175,658.453460,0
2017-12-08,sz.002346,22.5900,23.0000,22.5800,22.6500,22.8100,4286378,97445868.8800,5.371401,1,-0.701446,39.603855,5.216034,26.333157,653.834759,0
2017-12-11,sz.002346,22.7000,23.0000,22.7000,22.9800,22.6500,3904077,89277558.5800,4.892327,1,1.456953,40.180864,5.292029,26.716819,663.360829,0
2017-12-12,sz.002346,23.0200,23.9600,23.0200,23.1600,22.9800,6668263,156213307.1000,8.356219,1,0.783291,40.495597,5.333481,26.926089,668.556866,0
2017-12-13,sz.002346,22.8300,22.9200,22.3000,22.7800,23.1600,3806415,86048743.6500,4.769944,1,-1.640756,39.831162,5.245972,26.484297,657.587453,0
2017-12-14,sz.002346,22.7800,22.8400,22.2700,22.4000,22.7800,3510502,78988021.0200,4.399125,1,-1.668135,39.166726,5.158462,26.042504,646.618040,0
2017-12-15,sz.002346,22.3600,22.5000,21.7200,21.8200,22.4000,3989957,87792057.5000,4.999946,1,-2.589285,38.152588,5.024895,25.368190,629.875252,0
2017-12-18,sz.002346,21.6200,21.9900,21.0200,21.1900,21.8200,3429002,73666483.7500,4.296995,1,-2.887255,37.051023,4.879813,24.635744,611.689119,0
2017-12-19,sz.002346,21.4300,21.7500,21.2200,21.6600,21.1900,3045497,65549509.9200,3.816412,1,2.218024,37.872825,4.988049,25.182172,625.256551,0
2017-12-20,sz.002346,21.5000,21.5500,20.9800,21.0200,21.6600,2892754,61301000.4800,3.625005,1,-2.954752,36.753776,4.840664,24.438100,606.781750,0
2017-12-21,sz.002346,21.0900,21.1800,20.0800,20.7400,21.0200,3010164,62008174.4800,3.772135,1,-1.332068,36.264192,4.776183,24.112569,598.699025,0
2017-12-22,sz.002346,20.7100,20.9800,20.6000,20.7600,20.7400,2152950,44773983.5000,2.697932,1,0.096434,36.299162,4.780789,24.135821,599.276362,0
2017-12-25,sz.002346,20.7700,20.7700,19.7000,19.8500,20.7600,3357364,67768357.1400,4.207223,1,-4.383429,34.708014,4.571226,23.077844,573.007504,0
2017-12-26,sz.002346,19.9800,19.9800,19.3100,19.7200,19.8500,3101720,60761704.8000,3.886867,1,-0.654917,34.480707,4.541289,22.926705,569.254810,0
2017-12-27,sz.002346,19.2000,19.2000,18.0100,18.6000,19.7200,6077944,113291558.1500,7.616471,1,-5.679508,32.522371,4.283366,21.624580,536.923908,0
2017-12-28,sz.002346,17.9600,18.4900,17.8700,18.0200,18.6000,5332181,96914596.5200,6.681931,1,-3.118279,31.508232,4.149798,20.950265,520.181120,0
2017-12-29,sz.002346,18.0100,18.8900,17.9900,18.6900,18.0200,5389431,100533387.3600,6.753673,1,3.718091,32.679737,4.304092,21.729215,539.521927,0
2018-01-02,sz.002346,18.4600,19.4000,18.3600,19.0400,18.6900,4735211,89796605.3900,1.210718,1,1.872661,33.291717,4.384693,22.136129,549.625334,0
2018-01-03,sz.002346,19.0000,20.9100,18.9000,20.0100,19.0400,7752501,156162979.3200,1.982191,1,5.094534,34.987776,4.608073,23.263862,577.626205,0
2018-01-04,sz.002346,20.0700,20.3900,19.6000,19.7400,20.0100,4990727,99029641.5900,1.276049,1,-1.349328,34.515677,4.545895,22.949957,569.832148,0
2018-01-05,sz.002346,19.9300,19.9400,19.6000,19.8500,19.7400,3641277,72086289.3000,0.931016,1,0.557247,34.708014,4.571226,23.077844,573.007504,0
2018-01-08,sz.002346,20.1000,20.3000,19.9000,19.9800,19.8500,3668395,73544342.7100,0.937950,1,0.654908,34.935321,4.601164,23.228984,576.760198,0
2018-01-09,sz.002346,19.8800,19.8800,19.2800,19.2800,19.9800,3720223,72403686.7500,0.951202,1,-3.503498,33.711361,4.439962,22.415156,556.553385,0
2018-01-10,sz.002346,19.3300,19.6200,19.1000,19.3900,19.2800,3067599,59571453.4200,0.784336,1,0.570533,33.903697,4.465294,22.543043,559.728741,0
2018-01-11,sz.002346,19.5000,19.5000,18.8300,19.1300,19.3900,2906504,55261696.1400,0.743147,1,-1.340899,33.449083,4.405419,22.240764,552.223353,0
2018-01-12,sz.002346,18.9900,19.3700,18.6700,18.7000,19.1300,2658200,50380987.1500,0.679659,1,-2.247770,32.697222,4.306395,21.740841,539.810596,0
2018-01-15,sz.002346,18.8000,20.2500,18.8000,20.0100,18.7000,9670042,191606067.7700,2.472475,1,7.005344,34.987776,4.608073,23.263862,577.626205,0
2018-01-16,sz.002346,19.7200,19.9000,19.2600,19.6900,20.0100,6718324,130935978.9100,1.717768,1,-1.599199,34.428252,4.534380,22.891826,568.388804,0
2018-01-17,sz.002346,19.5200,19.6900,18.9100,19.2500,19.6900,4560851,87607855.9500,1.166137,1,-2.234640,33.658905,4.433053,22.380277,555.687378,0
2018-01-18,sz.002346,19.2200,19.4500,19.0100,19.1000,19.2500,2561274,49162471.3600,0.654877,1,-0.779219,33.396628,4.398510,22.205886,551.357347,0
2018-01-19,sz.002346,19.1900,19.2600,18.9500,19.0500,19.1000,2493637,47545955.7200,0.637583,1,-0.261786,33.309202,4.386996,22.147755,549.914003,0
2018-01-22,sz.002346,19.0200,19.3600,18.7400,19.2900,19.0500,3174000,60701835.5600,0.811541,1,1.259851,33.728846,4.442265,22.426782,556.842053,0
2018-01-23,sz.002346,19.3500,19.4400,19.1800,19.2600,19.2900,2367269,45643413.0700,0.605273,1,-0.155525,33.676390,4.435356,22.391903,555.976047,0
2018-01-24,sz.002346,19.2700,19.4000,19.0500,19.3700,19.2600,2503340,48174137.6800,0.640064,1,0.571135,33.868727,4.460688,22.519791,559.151403,0
2018-01-25,sz.002346,19.4100,20.2000,19.3000,19.4000,19.3700,4450798,87857938.9000,1.137998,1,0.154872,33.921182,4.467597,22.554669,560.017410,0
2018-01-26,sz.002346,19.3900,19.8800,19.0300,19.6900,19.4000,4494233,87684330.9500,1.149104,1,1.494850,34.428252,4.534380,22.891826,568.388804,0
2018-01-29,sz.002346,19.3000,19.6200,18.8200,18.9600,19.6900,3400031,65185185.6000,0.869334,1,-3.707473,33.151836,4.366270,22.043120,547.315984,0
2018-01-30,sz.002346,18.7000,19.2000,18.6900,18.7000,18.9600,2268361,42917314.2100,0.579984,1,-1.371299,32.697222,4.306395,21.740841,539.810596,0
2018-01-31,sz.002346,18.7800,18.8600,17.8000,17.8700,18.7000,3052924,55349461.3500,0.780584,1,-4.438502,31.245955,4.115255,20.775873,515.851088,0
2018-02-01,sz.002346,17.9500,18.2200,16.8000,16.9900,17.8700,2672792,47235677.1600,0.683390,1,-4.924460,29.707262,3.912601,19.752775,490.448237,0
2018-02-02,sz.002346,16.7200,16.9100,15.5000,16.8800,16.9900,2384736,39233223.7700,0.609739,1,-0.647443,29.514926,3.887270,19.624887,487.272880,0
2018-02-05,sz.002346,16.6000,17.2500,16.1800,17.0300,16.8800,1734385,29419289.6300,0.443455,1,0.888635,29.777203,3.921813,19.799279,491.602912,0
2018-02-06,sz.002346,16.7900,16.9900,15.6000,15.6200,17.0300,2302189,37269418.1600,0.588633,1,-8.279511,27.311797,3.597106,18.159996,450.900615,0
2018-02-07,sz.002346,15.7600,16.2700,15.1100,15.7300,15.6200,1898987,29965455.9200,0.485541,1,0.704223,27.504134,3.622438,18.287884,454.075972,0
2018-02-08,sz.002346,15.8000,16.3300,15.8000,16.0900,15.7300,2095058,33816473.2400,0.535673,1,2.288625,28.133599,3.705342,18.706424,464.468048,0
2018-02-09,sz.002346,15.6800,15.8600,15.2000,15.3500,16.0900,2278858,35358808.1200,0.582668,1,-4.599128,26.839698,3.534928,17.846091,443.106559,0
2018-02-12,sz.002346,15.3500,15.9100,15.3500,15.8700,15.3500,1524780,24021526.7300,0.389862,1,3.387619,27.748926,3.654678,18.450649,458.117335,0
2018-02-13,sz.002346,16.3000,16.3000,15.7000,15.7200,15.8700,1884915,30171515.7700,0.481943,1,-0.945177,27.486649,3.620135,18.276258,453.787303,0
2018-02-14,sz.002346,15.7300,16.1800,15.5300,16.0200,15.7200,1463401,23314866.9800,0.374168,1,1.908398,28.011203,3.689222,18.625041,462.447366,0
2018-02-22,sz.002346,16.1200,16.4500,16.0300,16.3400,16.0200,1806069,29350371.9200,0.461783,1,1.997501,28.570728,3.762914,18.997077,471.684767,0
2018-02-23,sz.002346,16.3500,16.5800,16.2200,16.5400,16.3400,1838100,30057119.1900,0.469973,1,1.223995,28.920431,3.808972,19.229599,477.458142,0
2018-02-26,sz.002346,16.5300,17.8000,16.4200,17.3200,16.5400,4293296,73332232.5400,1.097727,1,4.715833,30.284272,3.988597,20.136437,499.974306,0
2018-02-27,sz.002346,17.0700,17.7800,16.9200,17.2000,17.3200,3926701,67717763.1300,1.003995,1,-0.692835,30.074450,3.960962,19.996923,496.510281,0
2018-02-28,sz.002346,17.1600,17.5500,16.8400,17.3600,17.2000,3632910,62755759.2500,0.928877,1,0.930232,29.286672,3.997808,16.914244,501.128981,0
2018-03-01,sz.002346,17.5700,17.6500,17.1600,17.3000,17.3600,2949871,51148518.0500,0.754235,1,-0.345630,29.185451,3.983991,16.855785,499.396968,0
2018-03-02,sz.002346,17.5900,18.5000,17.3500,17.9600,17.3000,7251680,129678681.3000,1.854139,1,3.815028,30.298884,4.135981,17.498838,518.449107,0
2018-03-05,sz.002346,18.0000,18.2000,17.5500,17.7400,17.9600,4241204,75444817.9600,1.084408,1,-1.224941,29.927739,4.085318,17.284487,512.098394,0
2018-03-06,sz.002346,17.8800,17.8800,17.1600,17.7700,17.7400,4509404,79074168.5200,1.152983,1,0.169113,29.978350,4.092226,17.313717,512.964401,0
2018-03-07,sz.002346,17.9600,17.9600,17.5200,17.7100,17.7700,3148900,55652561.0000,0.805123,1,-0.337655,29.877129,4.078409,17.255257,511.232388,0
2018-03-08,sz.002346,17.7600,17.9100,17.6200,17.7000,17.7100,3099997,55027768.9100,0.792620,1,-0.056456,29.860259,4.076106,17.245514,510.943719,0
2018-03-09,sz.002346,17.7200,18.2000,17.6000,17.8500,17.7000,4054742,72230823.6500,1.036733,1,0.847455,30.113312,4.110649,17.391663,515.273751,0
2018-03-12,sz.002346,17.9400,18.6000,17.8400,18.3100,17.8500,6567681,119671933.1100,1.679251,1,2.577026,30.889341,4.216582,17.839851,528.552514,0
2018-03-13,sz.002346,18.2900,18.2900,17.8000,17.8000,18.3100,4686902,84342457.3200,1.198366,1,-2.785365,30.028961,4.099135,17.342946,513.830407,0
2018-03-14,sz.002346,17.6000,17.9500,17.5900,17.6300,17.8000,3112797,55236053.3900,0.795892,1,-0.955057,29.742167,4.059986,17.177311,508.923038,0
2018-03-15,sz.002346,17.4300,17.6600,16.9000,17.1000,17.6300,3595882,61948639.8600,0.919410,1,-3.006233,28.848046,3.937933,16.660920,493.623593,0
2018-03-16,sz.002346,17.1100,17.2700,16.9200,16.9200,17.1000,2110898,36137958.7800,0.539723,1,-1.052633,28.544383,3.896481,16.485542,488.427555,0
2018-03-19,sz.002346,17.0800,17.3800,16.8200,17.2000,16.9200,2299319,39506268.1800,0.587899,1,1.654850,29.016749,3.960962,16.758353,496.510281,0
2018-03-20,sz.002346,17.0100,17.1600,16.9100,17.1600,17.2000,1978100,33722726.0000,0.505769,1,-0.232564,28.949268,3.951750,16.719380,495.355606,0
2018-03-21,sz.002346,17.2100,18.8800,17.2100,18.8800,17.1600,15917317,296487937.5900,4.069804,1,10.023310,31.850943,4.347847,18.395215,545.006634,0
2018-03-22,sz.002346,19.0900,20.7700,19.0600,20.0500,18.8800,26637605,530856160.2400,6.810810,1,6.197034,33.824756,4.617284,19.535173,578.780880,0
2018-03-23,sz.002346,18.5500,19.1700,18.0500,18.0500,20.0500,15949347,295286487.8100,4.077993,1,-9.975063,30.450716,4.156707,17.586527,521.047126,0
2018-03-26,sz.002346,17.7200,18.1000,16.3800,17.9800,18.0500,9760449,169174502.5100,2.495591,1,-0.387810,30.332624,4.140587,17.518324,519.026445,0
2018-03-27,sz.002346,17.8600,19.7800,17.8600,19.7800,17.9800,13372436,253544213.4600,3.419118,1,10.011130,33.369261,4.555106,19.272106,570.986823,0
2018-03-28,sz.002346,20.4600,20.9400,19.3000,19.3000,19.7800,19776097,397394964.0600,5.056432,1,-2.426701,32.559491,4.444568,18.804431,557.130722,0
2018-03-29,sz.002346,19.6400,19.9700,19.1100,19.2500,19.3000,8652854,168049561.5700,2.212396,1,-0.259063,32.475140,4.433053,18.755714,555.687378,0
2018-03-30,sz.002346,19.2000,19.4900,19.0000,19.2600,19.2500,8378800,161469851.6400,2.142325,1,0.051949,32.492010,4.435356,18.765458,555.976047,0
2018-04-02,sz.002346,19.0500,19.8000,18.7800,19.6200,19.2600,10221683,197158647.9100,2.613521,1,1.869162,33.099338,4.518260,19.116214,566.368123,0
2018-04-03,sz.002346,19.2900,19.3200,18.8000,18.8400,19.6200,6452329,122431475.0800,1.649757,1,-3.975538,31.783462,4.338635,18.356242,543.851959,0
2018-04-04,sz.002346,18.8800,19.2900,18.4200,18.4900,18.8400,5448904,102440635.2200,1.393198,1,-1.857751,31.193005,4.258034,18.015229,533.748552,0
2018-04-09,sz.002346,18.3500,18.9300,17.6800,18.8500,18.4900,6018932,110538791.6900,1.538945,1,1.947002,31.800332,4.340938,18.365985,544.140628,0
2018-04-10,sz.002346,18.8100,19.1500,18.2600,18.5200,18.8500,5249137,98140493.4500,1.342120,1,-1.750663,31.243615,4.264943,18.044459,534.614558,0
2018-04-11,sz.002346,18.7000,18.7900,18.3500,18.5500,18.5200,3612901,66977360.5900,0.923761,1,0.161980,31.294226,4.271851,18.073688,535.480564,0
2018-04-12,sz.002346,18.5000,18.5000,17.9000,17.9100,18.5500,5013739,90971886.1100,1.281933,1,-3.450132,30.214533,4.124467,17.450122,517.005763,0
2018-04-13,sz.002346,17.8400,18.1400,17.8400,17.8700,17.9100,2671837,47984014.1400,0.683146,1,-0.223333,30.147052,4.115255,17.411149,515.851088,0
2018-04-16,sz.002346,17.8200,18.0900,17.6500,17.9000,17.8700,2949652,52748586.5400,0.754179,1,0.167872,30.197663,4.122164,17.440379,516.717095,0
2018-04-17,sz.002346,17.8800,18.9800,17.8100,18.4600,17.9000,8467391,156528681.9300,2.164977,1,3.128489,31.142394,4.251125,17.985999,532.882546,0
2018-04-18,sz.002346,18.3600,18.4900,17.0200,18.0500,18.4600,5659585,101147640.4900,1.447065,1,-2.221018,30.450716,4.156707,17.586527,521.047126,0
2018-04-19,sz.002346,17.9800,17.9800,17.6100,17.6700,18.0500,4125731,73243683.5700,1.054883,1,-2.105259,29.809648,4.069198,17.216284,510.077713,0
2018-04-20,sz.002346,17.7500,18.1500,17.2100,17.2900,17.6700,3534805,62732400.2500,0.903793,1,-2.150533,29.168580,3.981688,16.846042,499.108300,0
2018-04-23,sz.002346,17.4000,17.4000,16.5100,16.7100,17.2900,3388900,56869021.0000,0.866488,1,-3.354551,28.190109,3.848121,16.280934,482.365511,0
2018-04-24,sz.002346,16.7800,17.2300,16.7200,17.1800,16.7100,2829400,48287872.0000,0.723432,1,2.812694,28.983008,3.956356,16.738866,495.932943,0
2018-04-25,sz.002346,16.9800,17.3800,16.8400,17.1400,17.1800,2341300,40087194.0000,0.598633,1,-0.232834,29.332585,3.590843,13.521266,-244.128082,0
2018-04-26,sz.002346,17.2300,17.3900,16.5500,16.5700,17.1400,2983400,50725705.0000,0.762808,1,-3.325552,28.357114,3.471428,13.071609,-236.009470,0
2018-04-27,sz.002346,16.8300,16.9200,16.3200,16.4100,16.5700,2500700,41427205.0000,0.639389,1,-0.965600,28.083298,3.437907,12.945389,-233.730562,0
2018-05-02,sz.002346,16.5000,16.7900,16.4500,16.6100,16.4100,1630949,27032575.1300,0.417008,1,1.218774,28.425568,3.479808,13.103164,-236.579197,0
2018-05-03,sz.002346,16.6100,17.4300,16.3100,16.9300,16.6100,3038002,51110407.6600,0.776769,1,1.926548,28.973201,3.546848,13.355603,-241.137014,0
2018-05-04,sz.002346,16.7600,17.0700,16.7200,16.7500,16.9300,1952603,32993312.2100,0.499249,1,-1.063203,28.665158,3.509138,13.213606,-238.573242,0
2018-05-07,sz.002346,16.7000,17.0800,16.7000,17.0000,16.7500,1918800,32548534.0000,0.490606,1,1.492537,29.092996,3.561513,13.410824,-242.134037,0
2018-05-08,sz.002346,17.0600,17.5000,16.9400,17.4300,17.0000,4016507,69587074.4400,1.026957,1,2.529414,29.828878,3.651598,13.750039,-248.258604,0
2018-05-09,sz.002346,17.5300,18.4500,17.3500,17.6300,17.4300,5681207,101431835.8200,1.452594,1,1.147440,30.171148,3.693498,13.907813,-251.107240,0
2018-05-10,sz.002346,17.7700,17.9600,17.4000,17.5200,17.6300,3623702,63914927.2600,0.926523,1,-0.623929,29.982899,3.670453,13.821037,-249.540490,0
2018-05-11,sz.002346,17.5300,17.8900,17.4400,17.4700,17.5200,2738303,48267492.1300,0.700140,1,-0.285395,29.897332,3.659978,13.781594,-248.828331,0
2018-05-14,sz.002346,17.3900,17.6500,17.0200,17.1000,17.4700,2402600,41488786.6500,0.614306,1,-2.117910,29.264131,3.582463,13.489711,-243.558355,0
2018-05-15,sz.002346,17.1000,17.3000,17.0200,17.2800,17.1000,1981866,34021116.6800,0.506731,1,1.052633,29.572175,3.620173,13.631708,-246.122127,0
2018-05-16,sz.002346,17.1500,17.3900,17.0400,17.0800,17.2800,1900000,32737786.0000,0.485800,1,-1.157412,29.229904,3.578273,13.473934,-243.273491,0
2018-05-17,sz.002346,17.0800,17.2200,16.7700,16.8000,17.0800,2076966,35178354.3900,0.531047,1,-1.639348,28.750725,3.519613,13.253050,-239.285401,0
2018-05-18,sz.002346,16.7200,16.9500,16.6100,16.8100,16.8000,1863665,31257234.9500,0.476509,1,0.059525,28.767839,3.521708,13.260938,-239.427833,0
2018-05-21,sz.002346,16.9500,17.4800,16.8600,17.1900,16.8100,2367966,40708386.8300,0.605451,1,2.260566,29.418153,3.601318,13.560710,-244.840241,0
2018-05-22,sz.002346,17.2500,17.3000,16.9800,17.2100,17.1900,2060566,35223526.7400,0.526854,1,0.116338,29.452380,3.605508,13.576487,-245.125104,0
2018-05-23,sz.002346,17.1500,17.1500,16.7200,16.7800,17.2100,2383402,40302606.8600,0.609398,1,-2.498538,28.716498,3.515423,13.237272,-239.000538,0
2018-05-24,sz.002346,16.9000,16.9000,16.6400,16.7200,16.7800,1640100,27410338.0000,0.419347,1,-0.357577,28.613817,3.502853,13.189940,-238.145947,0
2018-05-25,sz.002346,16.6500,16.8000,16.3700,16.3900,16.7200,2032261,33631588.7900,0.519617,1,-1.973684,28.049071,3.433717,12.929612,-233.445698,0
2018-05-28,sz.002346,16.3500,16.7000,16.2500,16.5200,16.3900,1678800,27666396.0000,0.429242,1,0.793173,28.271547,3.460953,13.032165,-235.297311,0
2018-05-29,sz.002346,16.5100,16.6700,16.3000,16.3000,16.5200,1554767,25656320.8400,0.397529,1,-1.331726,27.895049,3.414862,12.858614,-232.163812,0
2018-05-30,sz.002346,16.0100,16.0100,14.7000,15.0700,16.3000,2910021,45037387.2000,0.744046,1,-7.546010,25.790085,3.157176,11.888301,-214.644702,0
2018-05-31,sz.002346,15.3500,15.4800,15.1200,15.2300,15.0700,1473867,22500930.0900,0.376844,1,1.061711,26.063902,3.190697,12.014520,-216.923611,0
2018-06-01,sz.002346,15.3500,15.3500,15.0100,15.1900,15.2300,1378300,20936629.0000,0.352409,1,-0.262639,25.995448,3.182317,11.982966,-216.353884,0
2018-06-04,sz.002346,15.5500,15.9800,15.4800,15.5800,15.1900,1873703,29325743.6400,0.479076,1,2.567481,26.662875,3.264022,12.290626,-221.908723,0
2018-06-05,sz.002346,15.5800,15.7300,15.4200,15.6800,15.5800,1379519,21502514.1600,0.352721,1,0.641851,26.834010,3.284972,12.369513,-223.333041,0
2018-06-06,sz.002346,15.6800,15.7700,15.5200,15.5200,15.6800,1109021,17318777.5800,0.283559,1,-1.020407,26.560194,3.251452,12.243293,-221.054133,0
2018-06-07,sz.002346,15.5000,16.1900,15.5000,15.9000,15.5200,3242967,51161531.6000,0.829175,1,2.448448,27.210508,3.331062,12.543065,-226.466540,0
2018-06-08,sz.002346,16.0000,16.0000,15.5900,15.7100,15.9000,1855012,29111977.7800,0.474297,1,-1.194966,26.885351,3.291257,12.393179,-223.760337,0
2018-06-11,sz.002346,15.8300,15.8300,15.5900,15.6200,15.7100,1299101,20350097.7500,0.332159,1,-0.572885,26.731329,3.272402,12.322181,-222.478450,0
2018-06-12,sz.002346,15.6000,15.8000,15.6000,15.7500,15.6200,1261130,19782615.5000,0.322451,1,0.832267,26.953805,3.299637,12.424734,-224.330064,0
2018-06-13,sz.002346,15.8700,15.8700,15.1600,15.3300,15.7500,1499004,23428498.8900,0.383271,1,-2.666667,26.235037,3.211647,12.093408,-218.347929,0
2018-06-14,sz.002346,15.1500,15.4500,15.0000,15.0700,15.3300,1487970,22555979.4400,0.380450,1,-1.696022,25.790085,3.157176,11.888301,-214.644702,0
2018-06-15,sz.002346,15.1000,15.1800,14.0000,14.3100,15.0700,2100800,30506356.3300,0.537141,1,-5.043128,24.489457,2.997956,11.288758,-203.819886,0
2018-06-19,sz.002346,14.1000,14.1000,12.8800,12.8800,14.3100,3036903,40807366.4700,0.776488,1,-9.993013,22.042223,2.698370,10.160671,-183.452141,0
2018-06-20,sz.002346,12.8800,13.3500,12.7000,13.1900,12.8800,1783100,23244690.0000,0.455910,1,2.406828,22.572742,2.763315,10.405222,-187.867526,0
2018-06-21,sz.002346,13.1900,13.2000,11.9100,12.3000,13.1900,2447470,30766581.9000,0.625779,1,-6.747532,21.049638,2.576859,9.703126,-175.191097,0
2018-06-22,sz.002346,12.2800,13.0800,11.8500,12.6000,12.3000,1779882,22337876.5600,0.455087,1,2.439026,21.563044,2.639710,9.939787,-179.464051,0
2018-06-25,sz.002346,12.6800,12.9600,12.6000,12.6100,12.6000,1381000,17623284.0000,0.353100,1,0.079359,21.580158,2.641805,9.947676,-179.606483,0
2018-06-26,sz.002346,12.5500,12.8500,12.1700,12.8500,12.6100,1480500,18761726.0000,0.378540,1,1.903257,21.990882,2.692085,10.137005,-183.024846,0
2018-06-27,sz.002346,12.7600,12.9900,12.6000,12.7300,12.8500,1462600,18701714.9200,0.373963,1,-0.933859,21.785520,2.666945,10.042340,-181.315664,0
2018-06-28,sz.002346,12.6100,12.9400,12.6000,12.6900,12.7300,1251910,16045221.4000,0.320093,1,-0.314218,21.717066,2.658565,10.010786,-180.745937,0
2018-06-29,sz.002346,12.6800,13.0800,12.6200,12.9400,12.6900,1701700,21977257.0000,0.435097,1,1.970055,22.144904,2.710940,10.208004,-184.306732,0
2018-07-02,sz.002346,13.0000,13.7800,12.9200,13.1900,12.9400,3456472,46017266.4000,0.883765,1,1.931994,22.572742,2.763315,10.405222,-187.867526,0
2018-07-03,sz.002346,13.1700,13.1900,12.7000,13.1300,13.1900,2315301,30120374.7700,0.591985,1,-0.454886,22.470061,2.750745,10.357889,-187.012936,0
2018-07-04,sz.002346,13.2600,14.4400,13.2600,14.4400,13.1300,3583470,50714464.1200,0.916236,1,9.977148,24.711933,3.025191,11.391312,-205.671500,0
2018-07-05,sz.002346,15.0000,15.1300,13.7000,13.7000,14.4400,7308522,105706547.2400,1.868672,1,-5.124652,23.445532,2.870160,10.807546,-195.131547,0
2018-07-06,sz.002346,13.3400,13.7200,12.6000,13.4000,13.7000,4993003,66013834.8100,1.276631,1,-2.189782,22.932126,2.807310,10.570885,-190.858594,0
2018-07-09,sz.002346,13.5300,14.7400,13.4200,13.9800,13.4000,4545493,63629087.3000,1.162210,1,4.328358,23.924711,2.928821,11.028430,-199.119637,0
2018-07-10,sz.002346,13.8100,14.5000,13.7900,13.9500,13.9800,3642561,51105836.3400,0.931345,1,-0.214590,23.873370,2.922536,11.004764,-198.692342,0
2018-07-11,sz.002346,13.4100,13.6400,13.2500,13.6100,13.9500,2579202,34685125.7900,0.659461,1,-2.437277,23.291510,2.851305,10.736548,-193.849661,0
2018-07-12,sz.002346,13.4500,13.9800,13.4300,13.9200,13.6100,2924104,40310128.0700,0.747647,1,2.277740,23.822030,2.916251,10.981098,-198.265047,0
2018-07-13,sz.002346,13.8500,14.0300,13.6500,13.7700,13.9200,2146706,29515182.8400,0.548878,1,-1.077583,23.565327,2.884825,10.862767,-196.128570,0
2018-07-16,sz.002346,13.4500,13.6800,13.3500,13.4000,13.5700,1427800,19222534.0000,0.365066,1,-1.252764,22.932126,2.807310,10.570885,-190.858594,0
2018-07-17,sz.002346,13.4000,13.5500,13.2100,13.5200,13.4000,1884400,25249563.0000,0.481811,1,0.895529,23.137489,2.832450,10.665549,-192.567775,0
2018-07-18,sz.002346,13.5200,13.5700,13.2000,13.2000,13.5200,1524400,20347554.9000,0.389765,1,-2.366868,22.589856,2.765410,10.413110,-188.009958,0
2018-07-19,sz.002346,13.2400,14.3400,13.2000,13.3400,13.2000,4908965,66323610.2900,1.255144,1,1.060609,22.829445,2.794740,10.523552,-190.004003,0
2018-07-20,sz.002346,13.3500,13.5000,12.7100,13.0900,13.3400,3257663,42187303.7300,0.832932,1,-1.874063,22.401607,2.742365,10.326334,-186.443208,0
2018-07-23,sz.002346,12.9000,13.1800,12.8100,13.0800,13.0900,2183900,28406559.0000,0.558388,1,-0.076396,22.384493,2.740270,10.318446,-186.300777,0
2018-07-24,sz.002346,13.0800,13.8300,12.9400,13.3800,13.0800,2984239,39972486.4900,0.763022,1,2.293580,22.897899,2.803120,10.555107,-190.573730,0
2018-07-25,sz.002346,13.5300,13.5500,13.2400,13.4800,13.3800,2703822,36206666.5600,0.691324,1,0.747380,23.069034,2.824070,10.633994,-191.998048,0
2018-07-26,sz.002346,13.4500,13.5000,13.1100,13.2000,13.4800,2421403,32098019.5600,0.619114,1,-2.077149,22.589856,2.765410,10.413110,-188.009958,0
2018-07-27,sz.002346,13.1900,13.4800,13.1600,13.2100,13.2000,2265500,30202171.9800,0.579252,1,0.075759,22.606969,2.767505,10.420999,-188.152390,0
2018-07-30,sz.002346,13.1900,13.3600,12.8200,12.8500,13.2100,2169500,28451661.0000,0.554706,1,-2.725206,21.990882,2.692085,10.137005,-183.024846,0
2018-07-31,sz.002346,12.8500,13.0700,12.8000,12.8800,12.8500,1253100,16184092.0000,0.320398,1,0.233461,22.042223,2.698370,10.160671,-183.452141,0
2018-08-01,sz.002346,12.7800,13.0800,12.5000,12.5200,12.8800,1568503,20064072.2600,0.401041,1,-2.795028,21.426136,2.622950,9.876677,-178.324597,0
2018-08-02,sz.002346,12.7000,12.7000,11.2700,11.9500,12.5200,2466500,29628390.0000,0.630645,1,-4.552721,20.450665,2.503534,9.427020,-170.205985,0
2018-08-03,sz.002346,12.1300,12.4400,11.8100,11.9000,11.9500,1624520,19620382.0000,0.415364,1,-0.418412,20.365097,2.493059,9.387577,-169.493826,0
2018-08-06,sz.002346,12.0100,12.2800,11.6600,11.8500,11.9000,1840002,22091563.3000,0.470459,1,-0.420162,20.279530,2.482584,9.348133,-168.781667,0
2018-08-07,sz.002346,11.3300,12.1200,11.3300,12.0400,11.8500,1998629,23561267.3700,0.511017,1,1.603372,20.604687,2.522389,9.498019,-171.487871,0
2018-08-08,sz.002346,11.9300,12.0300,11.6000,11.6600,12.0400,1483899,17550026.2800,0.379409,1,-3.156147,19.954373,2.442779,9.198247,-166.075463,0
2018-08-09,sz.002346,11.6600,11.9800,11.5900,11.8800,11.6600,1639000,19449598.0000,0.419066,1,1.886795,20.330870,2.488869,9.371799,-169.208962,0
2018-08-10,sz.002346,11.8800,12.0700,11.8200,12.0200,11.8800,1310029,15652339.6500,0.334953,1,1.178454,20.570460,2.518199,9.482241,-171.203007,0
2018-08-13,sz.002346,11.8500,11.9900,11.7400,11.9400,12.0200,1180700,14001726.0000,0.301886,1,-0.665565,20.433551,2.501439,9.419132,-170.063553,0
2018-08-14,sz.002346,11.9400,12.2600,11.9400,12.0800,11.9400,2013902,24365781.3000,0.514923,1,1.172532,20.673141,2.530769,9.529574,-172.057598,0
2018-08-15,sz.002346,11.9600,12.1400,11.6800,11.7400,12.0800,1488200,17725762.0000,0.380509,1,-2.814571,20.091281,2.459539,9.261357,-167.214917,0
2018-08-16,sz.002346,11.5900,11.9600,11.4100,11.6800,11.7400,1251301,14687174.6700,0.319938,1,-0.511069,19.988600,2.446969,9.214025,-166.360327,0
2018-08-17,sz.002346,11.7000,11.8800,11.2700,11.3200,11.6800,1355800,15669394.0000,0.346656,1,-3.082197,19.372513,2.371549,8.930031,-161.232782,0
2018-08-20,sz.002346,11.3400,11.5800,10.9000,11.4800,11.3200,1541700,17327291.0000,0.394188,1,1.413426,19.646329,2.405069,9.056250,-163.511691,0
2018-08-21,sz.002346,11.4200,12.6300,11.3500,11.9400,11.4800,3490920,41723494.2000,0.892572,1,4.006969,20.433551,2.501439,9.419132,-170.063553,0
2018-08-22,sz.002346,11.7400,11.9600,11.5200,11.5200,11.9400,2080500,24377334.0000,0.531951,1,-3.517581,19.714783,2.413449,9.087805,-164.081418,0
2018-08-23,sz.002346,11.4700,11.7300,11.4600,11.5600,11.5200,1249000,14453849.0000,0.319349,1,0.347222,19.783237,2.421829,9.119360,-164.651145,0
2018-08-24,sz.002346,11.5000,11.6700,11.4400,11.5400,11.5600,933600,10768474.0000,0.238707,1,-0.173014,19.749010,2.417639,9.103583,-164.366282,0
2018-08-27,sz.002346,11.8500,12.0000,11.6700,11.9800,11.5400,3018300,35949408.0000,0.771731,1,3.812821,20.502005,2.509819,9.450686,-170.633280,0
2018-08-28,sz.002346,11.9500,12.0900,11.8600,11.9600,11.9800,1772200,21220369.0000,0.453123,1,-0.166941,20.467778,2.505629,9.434909,-170.348417,0
2018-08-29,sz.002346,11.9400,12.0500,11.8000,11.8200,11.9600,1197400,14208967.0000,0.306156,1,-1.170571,20.228189,2.476299,9.324467,-168.354372,0
2018-08-30,sz.002346,11.8200,12.5000,11.7700,11.8000,11.8200,3935610,47577190.9000,1.003257,1,-0.169201,19.874553,2.491719,8.565569,-57.777252,0
2018-08-31,sz.002346,11.6500,11.6800,11.2800,11.2900,11.8000,2609900,29862932.9800,0.665310,1,-4.322036,19.015568,2.384026,8.195362,-55.280100,0
2018-09-03,sz.002346,11.2900,11.3900,11.0500,11.2900,11.2900,1520406,17028646.7200,0.387578,1,0.000000,19.015568,2.384026,8.195362,-55.280100,0
2018-09-04,sz.002346,11.2600,11.4700,11.2100,11.4100,11.2900,1302000,14835070.0000,0.331903,1,1.062886,19.217682,2.409366,8.282469,-55.867665,0
2018-09-05,sz.002346,11.3700,11.4500,11.1500,11.2000,11.4100,1185100,13400412.0000,0.302103,1,-1.840491,18.863982,2.365022,8.130031,-54.839426,0
2018-09-06,sz.002346,11.1500,11.2900,11.1000,11.1100,11.2000,970100,10843296.0000,0.247296,1,-0.803573,18.712397,2.346017,8.064701,-54.398752,0
2018-09-07,sz.002346,11.0900,11.2500,11.0300,11.1200,11.1100,1024400,11429141.0000,0.261138,1,0.090011,18.729240,2.348129,8.071959,-54.447716,0
2018-09-10,sz.002346,11.1700,11.1700,10.5800,10.6400,11.1200,1528900,16632299.0000,0.389744,1,-4.316543,17.920783,2.246771,7.723530,-52.097455,0
2018-09-11,sz.002346,10.6800,10.7900,10.4500,10.7000,10.6400,1142600,12148129.0000,0.291269,1,0.563905,18.021840,2.259440,7.767083,-52.391237,0
2018-09-12,sz.002346,10.6900,10.8400,10.6000,10.7800,10.7000,967200,10402218.0000,0.246556,1,0.747663,18.156583,2.276333,7.825155,-52.782948,0
2018-09-13,sz.002346,10.8700,10.9200,10.6600,10.8400,10.7800,1003600,10840688.0000,0.255835,1,0.556590,18.257640,2.289003,7.868709,-53.076730,0
2018-09-14,sz.002346,10.8300,11.2000,10.7700,10.8700,10.8400,1829900,20033508.0000,0.466474,1,0.276750,18.308169,2.295338,7.890486,-53.223622,0
2018-09-17,sz.002346,10.8700,11.6800,10.7200,11.1900,10.8700,4550506,51007547.7000,1.160004,1,2.943880,18.847140,2.362910,8.122772,-54.790462,0
2018-09-18,sz.002346,11.0000,11.2000,10.8100,11.2000,11.1900,3296819,36271216.5400,0.840417,1,0.089368,18.863982,2.365022,8.130031,-54.839426,0
2018-09-19,sz.002346,11.1800,11.2600,10.9800,11.1900,11.2000,2278206,25391680.9600,0.580755,1,-0.089288,18.847140,2.362910,8.122772,-54.790462,0
2018-09-20,sz.002346,11.1700,11.4500,11.0800,11.3400,11.1900,2902606,32795725.1000,0.739926,1,1.340488,19.099782,2.394585,8.231657,-55.524919,0
2018-09-21,sz.002346,11.2700,11.8000,11.2100,11.4700,11.3400,3721479,42816800.2700,0.948671,1,1.146385,19.318739,2.422036,8.326023,-56.161448,0
2018-09-25,sz.002346,11.3300,11.7000,11.2500,11.4500,11.4700,3084773,35334894.5700,0.786363,1,-0.174372,19.285053,2.417812,8.311505,-56.063520,0
2018-09-26,sz.002346,11.6100,11.6700,11.2100,11.2800,11.4500,2790319,31684066.0300,0.711302,1,-1.484717,18.998725,2.381915,8.188103,-55.231136,0
2018-09-27,sz.002346,11.1100,11.2600,10.7400,10.7700,11.2800,3403700,37111145.0000,0.867663,1,-4.521270,18.139740,2.274222,7.817896,-52.733984,0
2018-09-28,sz.002346,10.8000,10.9400,10.7800,10.8600,10.7700,1229610,13370411.3000,0.313449,1,0.835647,18.291326,2.293226,7.883227,-53.174658,0
2018-10-08,sz.002346,10.7300,10.7900,10.3000,10.4500,10.8600,1588525,16844964.2000,0.404943,1,-3.775321,17.600769,2.206650,7.585609,-51.167143,0
2018-10-09,sz.002346,10.4300,10.5900,10.3800,10.4900,10.4500,985500,10338237.0000,0.251221,1,0.382775,17.668141,2.215096,7.614645,-51.362998,0
2018-10-10,sz.002346,10.5200,10.6300,10.4000,10.6200,10.4900,990775,10426000.9100,0.252566,1,1.239277,17.887098,2.242547,7.709012,-51.999527,0
2018-10-11,sz.002346,10.3000,10.3100,9.5600,9.6000,10.6200,2381830,23432261.3000,0.607171,1,-9.604515,16.169128,2.027162,6.968598,-47.005222,0
2018-10-12,sz.002346,9.5900,9.5900,8.7800,9.2100,9.6000,2279592,20868482.5800,0.581108,1,-4.062504,15.512257,1.944808,6.685499,-45.095635,0
2018-10-15,sz.002346,9.1800,9.5500,9.1100,9.1500,9.2100,1157110,10768644.2000,0.294968,1,-0.651470,15.411200,1.932138,6.641945,-44.801853,0
2018-10-16,sz.002346,9.1700,9.3500,8.8000,8.9200,9.1500,1155100,10452909.0000,0.294455,1,-2.513656,15.023815,1.883571,6.474989,-43.675686,0
2018-10-17,sz.002346,9.0100,9.1700,8.8700,9.0800,8.9200,1320282,11917702.3400,0.336563,1,1.793720,15.293300,1.917357,6.591132,-44.459106,0
2018-10-18,sz.002346,9.0500,9.0500,8.6800,8.7100,9.0800,1377422,12117920.6200,0.351129,1,-4.074889,14.670115,1.839227,6.322551,-42.647447,0
2018-10-19,sz.002346,8.6900,8.8300,7.8500,8.8000,8.7100,1866844,15996708.8700,0.475892,1,1.033297,14.821700,1.858231,6.387882,-43.088120,0
2018-10-22,sz.002346,8.8000,9.3100,8.8000,9.1200,8.8000,2527810,23014454.1000,0.644383,1,3.636360,15.360671,1.925803,6.620168,-44.654961,0
2018-10-23,sz.002346,9.1600,9.2300,8.9400,9.0100,9.1200,1724100,15639929.0000,0.439504,1,-1.206137,15.175400,1.902576,6.540320,-44.116360,0
2018-10-24,sz.002346,8.9400,9.1200,8.9000,9.0200,9.0100,1465002,13216283.0600,0.373455,1,0.110990,15.192243,1.904687,6.547579,-44.165324,0
2018-10-25,sz.002346,8.8000,8.8800,8.3000,8.8300,9.0200,1725562,14992104.7800,0.439876,1,-2.106436,14.872229,1.864566,6.409658,-43.235012,0
2018-10-26,sz.002346,8.8900,9.4500,8.8900,9.2100,8.8300,3523882,32553125.0600,0.898300,1,4.303512,15.512257,1.944808,6.685499,-45.095635,0
2018-10-29,sz.002346,9.1900,9.1900,8.8200,8.8900,9.2100,1744262,15613363.3600,0.444643,1,-3.474481,14.973286,1.877236,6.453212,-43.528794,0
2018-10-30,sz.002346,8.8400,8.9800,8.6300,8.9200,8.8900,1659700,14656428.0000,0.423087,1,0.337455,58.726505,1.947584,5.827876,-244.679544,0
2018-10-31,sz.002346,8.8600,9.0700,8.8600,8.9900,8.9200,1435700,12923166.0000,0.365985,1,0.784750,59.187363,1.962868,5.873610,-246.599675,0
2018-11-01,sz.002346,9.6300,9.7800,9.1200,9.2000,8.9900,5497445,51844723.0500,1.401396,1,2.335929,60.569937,2.008719,6.010814,-252.360068,0
2018-11-02,sz.002346,9.2000,9.4500,9.2000,9.4300,9.2000,3502102,32645783.5500,0.892748,1,2.500005,62.084186,2.058937,6.161084,-258.669070,0
2018-11-05,sz.002346,9.4200,9.5000,9.3000,9.5000,9.4300,2700045,25454728.7500,0.688289,1,0.742309,62.545044,2.074221,6.206818,-260.589201,0
2018-11-06,sz.002346,9.5300,9.5300,9.3200,9.4700,9.5000,1813500,17059253.0000,0.462293,1,-0.315787,62.347533,2.067670,6.187218,-259.766288,0
2018-11-07,sz.002346,9.4600,9.6900,9.3700,9.3800,9.4700,2820500,26859892.0000,0.718995,1,-0.950371,61.755001,2.048020,6.128417,-257.297548,0
2018-11-08,sz.002346,9.4200,9.5100,9.3000,9.4800,9.3800,1998300,18874605.0000,0.509402,1,1.066092,62.413370,2.069854,6.193752,-260.040592,0
2018-11-09,sz.002346,9.4300,9.6000,9.3500,9.5500,9.4800,2140980,20342130.2000,0.545774,1,0.738403,62.874228,2.085138,6.239486,-261.960723,0
2018-11-12,sz.002346,9.5600,9.7500,9.4200,9.6900,9.5500,3419400,32763815.0000,0.871665,1,1.465962,63.795945,2.115705,6.330955,-265.800985,0
2018-11-13,sz.002346,10.3400,10.6600,9.9800,10.6600,9.6900,5420563,56671122.0200,1.381797,1,10.010320,70.182123,2.327494,6.964704,-292.408514,0
2018-11-14,sz.002346,11.7300,11.7300,11.7300,11.7300,10.6600,1278220,14993520.6000,0.325841,1,10.037520,77.226670,2.561117,7.663787,-321.759087,0
2018-11-15,sz.002346,12.9000,12.9000,12.9000,12.9000,11.7300,1477900,19064910.0000,0.376743,1,9.974425,84.929586,2.816573,8.428206,-353.852704,0
2018-11-16,sz.002346,14.1900,14.1900,13.9300,14.1900,12.9000,8629990,122296297.6900,2.199937,1,10.000000,93.422545,3.098231,9.271027,-389.237975,0
2018-11-19,sz.002346,14.9900,15.6100,14.2900,15.6100,14.1900,28238085,434193455.5900,7.198387,1,10.007050,102.771383,3.408272,10.198783,-428.189203,0
2018-11-20,sz.002346,14.1500,14.8800,14.0500,14.0600,15.6100,23222337,329480492.3800,5.919784,1,-9.929527,92.566665,3.069846,9.186091,-385.672017,0
2018-11-21,sz.002346,13.6200,14.3600,12.6900,13.7000,14.0600,17716358,239645437.0600,4.516213,1,-2.560459,90.196537,2.991244,8.950886,-375.797058,0
2018-11-22,sz.002346,13.5500,13.7800,13.1300,13.3000,13.7000,10647382,142968630.2400,2.714206,1,-2.919705,87.563062,2.903909,8.689546,-364.824881,0
2018-11-23,sz.002346,13.0000,13.0000,11.9700,11.9700,13.3000,13112293,160841361.1900,3.342555,1,-9.999999,78.806756,2.613518,7.820591,-328.342393,0
2018-11-26,sz.002346,11.7300,12.1400,11.7300,11.9400,11.9700,6911804,82652945.4100,1.761941,1,-0.250632,78.609245,2.606968,7.800991,-327.519480,0
2018-11-27,sz.002346,12.1000,12.3700,11.8800,12.2500,11.9400,7731811,93519781.6100,1.970975,1,2.596318,80.650188,2.674653,8.003529,-336.022917,0
2018-11-28,sz.002346,12.2800,12.3500,11.5100,11.8500,12.2500,7875893,93063849.1000,2.007704,1,-3.265303,78.016713,2.587317,7.742189,-325.050740,0
2018-11-29,sz.002346,11.7800,12.2500,11.6700,12.1100,11.8500,9135357,109381607.4700,2.328764,1,2.194087,79.728472,2.644085,7.912060,-332.182655,0
2018-11-30,sz.002346,11.8000,12.0400,11.5500,11.8300,12.1100,6634103,78402479.4300,1.691150,1,-2.312137,77.885039,2.582950,7.729122,-324.502131,0
2018-12-03,sz.002346,12.1500,12.4700,11.9900,12.1400,11.8300,8944043,109559648.2300,2.279995,1,2.620460,79.925983,2.650636,7.931661,-333.005568,0
2018-12-04,sz.002346,12.0100,13.3500,11.9100,13.3500,12.1400,18758927,244555339.0100,4.781982,1,9.967052,87.892246,2.914826,8.722213,-366.196403,0
2018-12-05,sz.002346,12.5700,13.5500,12.4200,12.9900,13.3500,18080690,233594249.9900,4.609087,1,-2.696634,85.522118,2.836224,8.487008,-356.321444,0
2018-12-06,sz.002346,12.5100,12.8200,11.9200,11.9600,12.9900,11501977,141829019.4400,2.932057,1,-7.929174,78.740919,2.611335,7.814058,-328.068089,0
2018-12-07,sz.002346,11.9600,12.2100,11.6500,11.7000,11.9600,7330803,87263100.2800,1.868751,1,-2.173915,77.029160,2.554566,7.644187,-320.936174,0
2018-12-10,sz.002346,11.5800,11.7600,11.1700,11.3600,11.7000,5594319,63881555.0100,1.426091,1,-2.905984,74.790705,2.480331,7.422048,-311.609823,0
2018-12-11,sz.002346,11.3700,11.7100,11.3400,11.7100,11.3600,5484922,63320883.9800,1.398204,1,3.080989,77.094996,2.556750,7.650720,-321.210478,0
2018-12-12,sz.002346,11.7000,11.9600,11.4800,11.7700,11.7100,5166100,60625968.0000,1.316930,1,0.512386,77.490018,2.569850,7.689921,-322.856305,0
2018-12-13,sz.002346,11.7800,11.9800,11.5200,11.6500,11.7700,4268700,50214250.0000,1.088167,1,-1.019548,76.699975,2.543649,7.611520,-319.564652,0
2018-12-14,sz.002346,11.6000,11.7300,11.1000,11.1000,11.6500,4815530,54699258.9000,1.227564,1,-4.721024,73.078946,2.423563,7.252177,-304.477908,0
2018-12-17,sz.002346,11.0200,12.2100,11.0200,12.2100,11.1000,11901017,142148228.4000,3.033780,1,9.999996,80.386841,2.665919,7.977395,-334.925699,0
2018-12-18,sz.002346,12.1500,13.4300,12.0400,13.4300,12.2100,19039530,241134901.9500,4.853513,1,9.991812,88.418941,2.932293,8.774481,-368.390839,0
2018-12-19,sz.002346,13.1000,14.5700,12.8200,13.3700,13.4300,20672038,278501199.9200,5.269668,1,-0.446764,88.023920,2.919193,8.735280,-366.745012,0
2018-12-20,sz.002346,12.9600,13.6000,12.7100,13.0000,13.3700,15344847,200781991.4200,3.911673,1,-2.767389,85.587955,2.838407,8.493541,-356.595749,0
2018-12-21,sz.002346,12.9000,13.1900,12.3800,12.4100,13.0000,10564533,134549194.5200,2.693086,1,-4.538463,81.703579,2.709587,8.108065,-340.411788,0
2018-12-24,sz.002346,12.6400,12.7900,12.2900,12.3800,12.4100,8193630,102414416.8500,2.088701,1,-0.241738,81.506068,2.703037,8.088465,-339.588874,0
2018-12-25,sz.002346,12.0800,12.7800,11.6500,12.7000,12.3800,11465865,139362005.6500,2.922852,1,2.584812,83.612848,2.772905,8.297536,-348.366616,0
2018-12-26,sz.002346,12.7000,13.7700,12.4500,13.1900,12.7000,16051670,211705149.4300,4.091854,1,3.858266,86.838856,2.879892,8.617677,-361.807533,0
2018-12-27,sz.002346,13.1000,13.3600,12.6500,12.6500,13.1900,11145352,145141007.7200,2.841147,1,-4.094010,83.283664,2.761988,8.264869,-346.995094,0
2018-12-28,sz.002346,12.8000,13.0100,12.4000,12.5000,12.6500,7085295,89979569.1800,1.806167,1,-1.185768,82.296111,2.729238,8.166866,-342.880528,0
2019-01-02,sz.002346,12.4000,13.1700,12.4000,12.6800,12.5000,7885769,101071402.5600,2.010222,1,1.440002,83.481175,2.768539,8.284469,-347.818007,0
2019-01-03,sz.002346,12.5000,13.2000,11.8600,12.0000,12.6800,9426230,118412926.0100,2.402913,1,-5.362778,79.004266,2.620068,7.840192,-329.165306,0
2019-01-04,sz.002346,11.5600,13.1800,11.5300,13.1100,12.0000,13719300,173138702.8600,3.497292,1,9.249997,86.312161,2.862424,8.565410,-359.613097,0
2019-01-07,sz.002346,13.1000,13.5400,12.8500,13.2200,13.1100,13723414,181022278.6600,3.498341,1,0.839059,87.036367,2.886442,8.637278,-362.630446,0
2019-01-08,sz.002346,13.2900,13.8600,13.0500,13.6100,13.2200,13456222,180388105.4200,3.430229,1,2.950071,89.604005,2.971594,8.892084,-373.328318,0
2019-01-09,sz.002346,13.5400,13.7600,13.2000,13.2900,13.6100,12149502,163822370.2600,3.097123,1,-2.351210,87.497225,2.901725,8.683012,-364.550577,0
2019-01-10,sz.002346,13.2900,14.1800,13.2500,13.8600,13.2900,17048219,234597711.1100,4.345892,1,4.288937,91.249927,3.026179,9.055422,-380.185929,0
2019-01-11,sz.002346,13.5500,14.3300,13.2800,14.1000,13.8600,15736697,217708133.7800,4.011562,1,1.731607,92.830013,3.078580,9.212225,-386.769235,0
2019-01-14,sz.002346,14.1400,14.3600,13.6800,13.8500,14.1000,11035024,154265510.9600,2.813023,1,-1.773050,91.184091,3.023995,9.048888,-379.911624,0
2019-01-15,sz.002346,13.6500,13.8200,13.3200,13.5800,13.8500,8280345,111991534.8500,2.110806,1,-1.949462,89.406495,2.965044,8.872484,-372.505405,0
2019-01-16,sz.002346,13.5800,13.8700,13.4100,13.4300,13.5800,7759937,105571749.6700,1.978145,1,-1.104563,88.418941,2.932293,8.774481,-368.390839,0
2019-01-17,sz.002346,13.4400,13.7900,13.1100,13.4000,13.4300,7378037,99540057.7600,1.880792,1,-0.223386,88.221431,2.925743,8.754881,-367.567925,0
2019-01-18,sz.002346,13.2700,13.3900,12.6700,12.7700,13.4000,7724197,100069396.2800,1.969034,1,-4.701486,84.073707,2.788189,8.343271,-350.286747,0
2019-01-21,sz.002346,12.9000,13.0700,12.8000,12.9500,12.7700,4214001,54474805.8900,1.074223,1,1.409549,85.258771,2.827490,8.460874,-355.224227,0
2019-01-22,sz.002346,13.0900,13.1000,12.7100,12.7500,12.9500,4294492,55261011.2000,1.094742,1,-1.544400,83.942033,2.783822,8.330204,-349.738138,0
2019-01-23,sz.002346,12.7300,12.9000,12.5200,12.7600,12.7500,3687000,46837651.0000,0.939881,1,0.078433,84.007870,2.786006,8.336737,-350.012442,0
2019-01-24,sz.002346,12.9000,12.9500,12.6500,12.6800,12.7600,3357200,42793374.0000,0.855810,1,-0.626959,83.481175,2.768539,8.284469,-347.818007,0
2019-01-25,sz.002346,12.7100,12.7500,12.4100,12.4500,12.6800,3238702,40671877.8200,0.825602,1,-1.813884,81.966926,2.718321,8.134199,-341.509005,0
2019-01-28,sz.002346,12.4800,12.7900,12.4700,12.6000,12.4500,2774402,35011753.2400,0.707244,1,1.204824,82.954479,2.751072,8.232201,-345.623572,0
2019-01-29,sz.002346,12.6100,12.6800,11.7300,11.8800,12.6000,3905705,47060888.4100,0.995633,1,-5.714288,78.214224,2.593867,7.761790,-325.873653,0
2019-01-30,sz.002346,11.8100,12.0700,11.3200,11.4700,11.8800,3263897,38215734.7500,0.832025,1,-3.451177,75.514911,2.504348,7.493917,-314.627172,0
2019-01-31,sz.002346,11.4500,11.7400,10.4300,10.7500,11.4700,4727398,52177943.7300,1.205097,1,-6.277247,70.774655,2.347144,7.023505,-294.877254,0
2019-02-01,sz.002346,11.0300,11.5300,10.8300,11.4400,10.7500,3442300,38883657.0000,0.877503,1,6.418601,75.317400,2.497798,7.474316,-313.804259,0
2019-02-11,sz.002346,11.5100,11.9500,11.5100,11.9100,11.4400,2854400,33744796.0000,0.727637,1,4.108394,78.411734,2.600418,7.781390,-326.696567,0
2019-02-12,sz.002346,11.8600,12.1100,11.7800,11.8500,11.9100,3460103,41199280.2500,0.882041,1,-0.503774,78.016713,2.587317,7.742189,-325.050740,0
2019-02-13,sz.002346,11.9000,12.1900,11.8000,12.0600,11.8500,3587703,43185323.7900,0.914569,1,1.772152,79.399287,2.633168,7.879393,-330.811133,0
2019-02-14,sz.002346,12.2800,12.9500,12.0600,12.4100,12.0600,6741400,84437660.5500,1.718502,1,2.902151,81.703579,2.709587,8.108065,-340.411788,0
2019-02-15,sz.002346,12.2500,12.3500,12.0600,12.1000,12.4100,4521603,55052308.0500,1.152636,1,-2.497981,79.662635,2.641902,7.905527,-331.908351,0
2019-02-18,sz.002346,12.1500,12.4300,12.0800,12.3900,12.1000,5223407,64154581.0300,1.331539,1,2.396694,81.571905,2.705220,8.094998,-339.863179,0
2019-02-19,sz.002346,12.3900,12.6100,12.3000,12.5400,12.3900,5751494,71743267.3100,1.466157,1,1.210651,82.559458,2.737971,8.193000,-343.977745,0
2019-02-20,sz.002346,12.5000,12.5000,12.1400,12.3600,12.5400,3638192,44893999.7200,0.927439,1,-1.435409,81.374394,2.698670,8.075398,-339.040266,0
2019-02-21,sz.002346,12.4300,12.8400,12.3800,12.4900,12.3600,6934313,87444692.3600,1.767679,1,1.051781,82.230274,2.727054,8.160333,-342.606223,0
2019-02-22,sz.002346,12.3900,12.9900,12.3000,12.8800,12.4900,8534714,109251609.0200,2.175649,1,3.122501,84.797912,2.812206,8.415139,-353.304096,0
2019-02-25,sz.002346,12.8800,13.9900,12.8300,13.6900,12.8800,11045547,148202555.3500,2.815705,1,6.288816,90.130700,2.989061,8.944352,-375.522754,0
2019-02-26,sz.002346,13.7100,13.8400,13.1000,13.3900,13.6900,10545302,141959504.2500,2.688184,1,-2.191375,88.155594,2.923559,8.748347,-367.293621,0
2019-02-27,sz.002346,13.3500,13.7300,13.0600,13.4400,13.3900,7173100,96233386.9800,1.828550,1,0.373407,88.484778,2.934476,8.781015,-368.665143,0
2019-02-28,sz.002346,13.3500,13.3800,13.0000,13.1400,13.4400,5298225,69858591.0000,1.350611,1,-2.232137,90.791015,2.868975,10.574580,-360.436011,0
2019-03-01,sz.002346,13.1400,13.5800,13.1400,13.3200,13.1400,5310227,70884229.5600,1.353671,1,1.369858,92.034728,2.908276,10.719437,-365.373490,0
2019-03-04,sz.002346,13.5600,13.7100,13.3000,13.4900,13.3200,8106331,109403362.3100,2.066447,1,1.276277,93.209345,2.945393,10.856247,-370.036665,0
2019-03-05,sz.002346,13.4500,14.2100,13.3200,14.1300,13.4900,10883502,150437980.0600,2.774397,1,4.744258,97.631434,3.085130,11.371295,-387.592148,0
2019-03-06,sz.002346,14.0000,14.2800,13.6200,14.1100,14.1300,9810500,136627995.0000,2.500870,1,-0.141546,97.493244,3.080763,11.355199,-387.043539,0
2019-03-07,sz.002346,14.0300,14.6700,13.8500,14.4700,14.1100,10960125,156956959.1700,2.793930,1,2.551386,99.980669,3.159365,11.644914,-396.918499,0
2019-03-08,sz.002346,14.0000,14.2600,13.0900,13.1400,14.4700,8806301,121717436.4800,2.244882,1,-9.191429,90.791015,2.868975,10.574580,-360.436011,0
2019-03-11,sz.002346,13.0600,14.4500,13.0600,14.4500,13.1400,9630403,136185898.3500,2.454960,1,9.969554,99.842479,3.154999,11.628819,-396.369890,0
2019-03-12,sz.002346,15.0000,15.4600,14.4100,14.6100,14.4500,18267357,274000531.5900,4.656672,1,1.107265,100.948001,3.189933,11.757581,-400.758761,0
2019-03-13,sz.002346,14.9200,16.0000,14.6300,15.0600,14.6100,15784505,241409972.2800,4.023749,1,3.080087,104.057282,3.288185,12.119724,-413.102460,0
2019-03-14,sz.002346,15.2600,15.9500,13.9300,14.2400,15.0600,12040821,179306967.3600,3.069418,1,-5.444891,98.391481,3.109147,11.459818,-390.609497,0
2019-03-15,sz.002346,14.8000,15.1000,14.3200,14.8800,14.2400,10121901,149416789.0200,2.580251,1,4.494385,102.813570,3.248884,11.974867,-408.164980,0
2019-03-18,sz.002346,14.6000,15.4700,14.6000,15.3700,14.8800,10897743,165919241.7400,2.778027,1,3.293009,106.199231,3.355871,12.369200,-421.605897,0
2019-03-19,sz.002346,15.4000,15.4300,14.9100,15.1500,15.3700,7835693,118022045.8600,1.997457,1,-1.431362,104.679138,3.307836,12.192152,-415.571199,0
2019-03-20,sz.002346,14.9400,15.0800,14.0300,14.7300,15.1500,7616302,111291189.2400,1.941530,1,-2.772278,101.777142,3.216134,11.854152,-404.050414,0
2019-03-21,sz.002346,14.5300,14.9100,14.5000,14.6700,14.7300,5911402,86992089.3600,1.506921,1,-0.407328,101.362572,3.203033,11.805866,-402.404587,0
2019-03-22,sz.002346,14.6800,16.1400,14.5800,16.1400,14.6700,15266246,235856271.9400,3.891636,1,10.020440,111.519557,3.523992,12.988867,-442.727337,0
2019-03-25,sz.002346,16.3000,17.6800,16.0200,16.3200,16.1400,23456973,393518381.9500,5.979597,1,1.115244,112.763270,3.563293,13.133725,-447.664817,0
2019-03-26,sz.002346,16.5100,16.7300,15.0100,15.5800,16.3200,12396920,196129294.0200,3.160194,1,-4.534312,107.650229,3.401722,12.538200,-427.366289,0
2019-03-27,sz.002346,15.8700,16.1800,15.5800,15.9900,15.5800,9397221,149235280.4500,2.395518,1,2.631578,110.483130,3.491241,12.868153,-438.612771,0
2019-03-28,sz.002346,16.0900,16.1500,15.0500,15.3000,15.9900,7820200,121468308.0000,1.993507,1,-4.315195,105.715565,3.340587,12.312867,-419.685766,0
2019-03-29,sz.002346,15.1700,15.5700,14.8100,15.5000,15.3000,7123020,108402186.8000,1.815784,1,1.307188,107.097468,3.384255,12.473819,-425.171854,0
2019-04-01,sz.002346,16.3000,16.3000,15.7400,15.8900,15.5000,9142902,145798145.4600,2.330687,1,2.516131,109.792179,3.469407,12.787677,-435.869727,0
2019-04-02,sz.002346,15.9500,17.4300,15.9000,16.7800,15.8900,14747843,245701205.0000,3.759486,1,5.601009,115.941646,3.663729,13.503915,-460.282820,0
2019-04-03,sz.002346,16.4700,16.6700,16.0700,16.5800,16.7800,8576603,140694278.9600,2.186328,1,-1.191900,114.559744,3.620061,13.342963,-454.796732,0
2019-04-04,sz.002346,16.6100,16.7200,16.2600,16.4900,16.5800,7123701,117103115.1700,1.815957,1,-0.542824,113.937887,3.600410,13.270534,-452.327992,0
2019-04-08,sz.002346,16.5500,16.7800,15.8800,15.9800,16.4900,6824831,110928907.5500,1.739770,1,-3.092785,110.414035,3.489057,12.860105,-438.338466,0
2019-04-09,sz.002346,15.9800,16.3900,15.7000,16.2600,15.9800,5701100,92179114.5000,1.453311,1,1.752195,112.348699,3.550192,13.085439,-446.018990,0
2019-04-10,sz.002346,16.3000,16.3000,15.7800,15.8900,16.2600,5572700,88612691.0000,1.420580,1,-2.275522,109.792179,3.469407,12.787677,-435.869727,0
2019-04-11,sz.002346,15.7800,15.9600,15.2300,15.2300,15.8900,5828753,90881287.1400,1.485852,1,-4.153561,105.231900,3.325303,12.256533,-417.765635,0
2019-04-12,sz.002346,15.0900,15.4500,14.8000,14.9400,15.2300,4840205,72718399.4200,1.233854,1,-1.904136,103.228140,3.261985,12.023152,-409.810806,0
2019-04-15,sz.002346,15.2700,15.4000,14.6500,14.7000,14.9400,3973931,59882415.5900,1.013025,1,-1.606424,101.569857,3.209583,11.830009,-403.227500,0
2019-04-16,sz.002346,14.6500,15.0600,14.3300,15.0500,14.7000,4153724,61133329.6800,1.058858,1,2.380955,103.988187,3.286002,12.111676,-412.828155,0
2019-04-17,sz.002346,15.0500,15.2500,15.0100,15.0600,15.0500,3494109,52861234.0700,0.890710,1,0.066447,104.057282,3.288185,12.119724,-413.102460,0
2019-04-18,sz.002346,15.0000,15.1800,14.8100,14.8300,15.0600,3121705,46745817.3900,0.795778,1,-1.527228,102.468094,3.237968,11.934628,-406.793458,0
2019-04-19,sz.002346,14.8000,15.2500,14.6700,15.2500,14.8300,3844928,57616682.9800,0.980140,1,2.832098,105.370090,3.329670,12.272629,-418.314244,0
2019-04-22,sz.002346,15.2700,15.4000,14.9200,14.9700,15.2500,2850141,43221734.2200,0.726551,1,-1.836064,103.435426,3.268535,12.047295,-410.633720,0
2019-04-23,sz.002346,14.8500,15.3900,14.8200,15.1500,14.9700,3566100,54037572.0000,0.909062,1,1.202400,104.679138,3.307836,12.192152,-415.571199,0
2019-04-24,sz.002346,15.1500,15.2300,14.7800,15.1500,15.1500,2543200,38109260.0000,0.648307,1,0.000000,104.679138,3.307836,12.192152,-415.571199,0
2019-04-25,sz.002346,15.0800,15.3900,14.8700,14.8700,15.1500,3974183,60161169.4000,1.013089,1,-1.848183,102.744474,3.246701,11.966819,-407.890676,0
2019-04-26,sz.002346,14.6000,14.7700,13.8500,13.8600,14.8700,4363218,62002679.7900,1.105634,1,-6.792201,43.424235,2.863607,12.285416,-2677.838078,0
2019-04-29,sz.002346,13.8600,14.1000,13.3000,13.5200,13.8600,2874320,39560323.5100,0.728349,1,-2.453097,42.358994,2.793359,11.984042,-2612.147967,0
2019-04-30,sz.002346,13.5800,14.0400,13.5700,14.0400,13.5200,2479535,34353313.3000,0.628311,1,3.846150,43.988186,2.900796,12.444966,-2712.615196,0
2019-05-06,sz.002346,13.8800,13.9000,12.6400,12.7200,14.0400,3247333,42518459.8600,0.822870,1,-9.401708,39.852545,2.628072,11.274927,-2457.582998,0
2019-05-07,sz.002346,12.9000,13.2000,12.8000,13.0000,12.7200,2095500,27222824.3800,0.530997,1,2.201256,40.729802,2.685922,11.523117,-2511.680737,0
2019-05-08,sz.002346,12.9200,13.1800,12.6800,13.0200,13.0000,1813603,23583638.7000,0.459565,1,0.153850,40.792463,2.690055,11.540845,-2515.544861,0
2019-05-09,sz.002346,13.0300,13.0600,12.8100,12.8900,13.0200,1501505,19404793.6400,0.380479,1,-0.998465,40.385165,2.663195,11.425614,-2490.428054,0
2019-05-10,sz.002346,12.9100,13.3700,12.6800,13.3000,12.8900,2869002,37787814.3800,0.727001,1,3.180759,41.669720,2.747905,11.789035,-2569.642600,0
2019-05-13,sz.002346,13.1300,13.8800,13.0400,13.7500,13.3000,3473000,46886559.9400,0.880054,1,3.383457,43.079598,2.840879,12.187912,-2656.585395,0
2019-05-14,sz.002346,13.6400,13.7000,13.3100,13.4200,13.7500,2615800,35218843.0000,0.662840,1,-2.399999,42.045688,2.772698,11.895402,-2592.827345,0
2019-05-15,sz.002346,13.4900,13.7600,13.4600,13.5900,13.4200,2169882,29494519.0200,0.549845,1,1.266767,42.578308,2.807822,12.046089,-2625.672401,0
2019-05-16,sz.002346,13.5600,13.6300,13.4000,13.5600,13.5900,1756202,23773241.9200,0.445019,1,-0.220749,42.484316,2.801624,12.019497,-2619.876215,0
2019-05-17,sz.002346,13.5700,13.6300,12.4000,12.9200,13.5600,2727184,35768530.9700,0.691065,1,-4.719766,40.479157,2.669394,11.452206,-2496.224240,0
2019-05-20,sz.002346,12.9100,12.9100,12.2000,12.6000,12.9200,1968900,24708010.0000,0.498917,1,-2.476778,39.476577,2.603279,11.168560,-2434.398253,0
2019-05-21,sz.002346,12.9700,13.8600,12.9400,13.8600,12.6000,3709759,50938643.7400,0.940048,1,9.999994,43.424235,2.863607,12.285416,-2677.838078,0
2019-05-22,sz.002346,13.9800,14.6900,13.8500,13.8800,13.8600,8486227,120540911.1200,2.150399,1,0.144304,43.486896,2.867739,12.303143,-2681.702202,0
2019-05-23,sz.002346,13.6100,14.4900,13.4700,14.1200,13.8800,6451245,90564144.7600,1.634737,1,1.729105,44.238831,2.917325,12.515878,-2728.071693,0
2019-05-24,sz.002346,13.8700,14.1000,13.5000,13.5100,14.1200,4038659,55302609.2400,1.023391,1,-4.320111,42.327663,2.791293,11.975178,-2610.215904,0
2019-05-27,sz.002346,13.1200,13.7900,13.1200,13.6900,13.5100,2583528,35116496.0400,0.654663,1,1.332342,42.891614,2.828483,12.134729,-2644.993022,0
2019-05-28,sz.002346,13.6900,14.7700,13.6500,14.1800,13.6900,6108993,87167818.9800,1.548011,1,3.579260,44.426815,2.929722,12.569062,-2739.664065,0
2019-05-29,sz.002346,14.0900,14.3000,13.7000,14.1800,14.1800,3903063,54775098.2600,0.989031,1,0.000000,44.426815,2.929722,12.569062,-2739.664065,0
2019-05-30,sz.002346,14.0600,14.1500,13.7600,14.0900,14.1800,2979731,41528848.2800,0.755060,1,-0.634698,44.144839,2.911127,12.489286,-2722.275507,0
2019-05-31,sz.002346,14.1900,14.2500,13.8300,13.8600,14.0900,2562700,35895293.0000,0.649385,1,-1.632367,43.424235,2.863607,12.285416,-2677.838078,0
2019-06-03,sz.002346,13.8700,14.1800,13.7000,14.1600,13.8600,3091853,43192527.7400,0.783471,1,2.164504,44.364153,2.925589,12.551334,-2735.799941,0
2019-06-04,sz.002346,13.9500,14.0700,13.2500,13.3000,14.1600,3691000,50205027.0000,0.935295,1,-6.073444,41.669720,2.747905,11.789035,-2569.642600,0
2019-06-05,sz.002346,13.4900,13.6200,13.1000,13.1500,13.3000,2138679,28601805.8400,0.541938,1,-1.127824,41.199761,2.716914,11.656076,-2540.661669,0
2019-06-06,sz.002346,13.3500,13.3500,12.7800,13.1500,13.1500,2134620,27774488.8000,0.540910,1,0.000000,41.199761,2.716914,11.656076,-2540.661669,0
2019-06-10,sz.002346,13.1500,13.3600,12.9000,13.2700,13.1500,2006920,26355167.8000,0.508551,1,0.912554,41.575729,2.741707,11.762443,-2563.846414,0
2019-06-11,sz.002346,13.3000,13.9600,13.1000,13.8300,13.2700,2811969,38239386.0700,0.712549,1,4.220041,43.330243,2.857408,12.258824,-2672.041892,0
2019-06-12,sz.002346,13.7500,13.8600,13.5500,13.6600,13.8300,2359200,32290861.0000,0.597818,1,-1.229212,42.797623,2.822285,12.108137,-2639.196836,0
2019-06-13,sz.002346,13.6500,13.6600,13.2600,13.5500,13.6600,1916721,25840773.2400,0.485695,1,-0.805268,42.452986,2.799558,12.010634,-2617.944153,0
2019-06-14,sz.002346,13.5500,13.6200,12.9500,12.9800,13.5500,2025459,26799666.9300,0.513249,1,-4.206647,40.667141,2.681790,11.505389,-2507.816613,0
2019-06-17,sz.002346,12.8800,13.3400,12.8800,13.0900,12.9800,1277859,16797991.5800,0.323808,1,0.847462,41.011777,2.704517,11.602892,-2529.069296,0
2019-06-18,sz.002346,13.1000,13.1800,12.9500,12.9900,13.0900,1038902,13572184.9800,0.263256,1,-0.763945,40.698471,2.683856,11.514253,-2509.748675,0
2019-06-19,sz.002346,13.3500,13.5500,13.1500,13.1900,12.9900,1448359,19231789.5700,0.367012,1,1.539644,41.325084,2.725178,11.691532,-2548.389917,0
2019-06-20,sz.002346,13.2300,13.3500,13.0200,13.3000,13.1900,1978200,26119712.0000,0.501273,1,0.833970,41.669720,2.747905,11.789035,-2569.642600,0
2019-06-21,sz.002346,13.3300,13.6400,13.3300,13.4700,13.3000,2188823,29470182.4400,0.554645,1,1.278196,42.202341,2.783029,11.939722,-2602.487656,0
2019-06-24,sz.002346,13.4400,13.4400,13.0500,13.1600,13.4700,2463421,32658153.9400,0.624228,1,-2.301414,41.231092,2.718980,11.664940,-2542.593731,0
2019-06-25,sz.002346,13.0900,13.3400,13.0500,13.2800,13.1600,2264763,29859626.9300,0.573888,1,0.911853,41.607059,2.743773,11.771307,-2565.778476,0
2019-06-26,sz.002346,13.1900,13.2800,13.1000,13.1100,13.2800,1284501,16931706.3300,0.325491,1,-1.280121,41.074439,2.708649,11.620620,-2532.933420,0
2019-06-27,sz.002346,13.1100,13.2500,13.0600,13.1000,13.1100,1500510,19708139.8000,0.380227,1,-0.076272,41.043108,2.706583,11.611756,-2531.001358,0
2019-06-28,sz.002346,13.2300,13.2300,12.9200,12.9800,13.1000,1259000,16435714.0000,0.319029,1,-0.916037,40.667141,2.681790,11.505389,-2507.816613,0
2019-07-01,sz.002346,13.1900,13.3700,13.1900,13.3000,12.9800,2150200,28574191.0000,0.544858,1,2.465336,41.669720,2.747905,11.789035,-2569.642600,0
2019-07-02,sz.002346,13.2100,13.5400,13.2100,13.3600,13.3000,2380802,31970925.8000,0.603292,1,0.451124,41.857704,2.760302,11.842219,-2581.234973,0
2019-07-03,sz.002346,13.3800,13.5300,13.2300,13.3600,13.3600,1679072,22525431.8000,0.425475,1,0.000000,41.857704,2.760302,11.842219,-2581.234973,0
2019-07-04,sz.002346,13.4500,13.4500,13.2600,13.3500,13.3600,1582517,21134183.1500,0.401008,1,-0.074845,41.826373,2.758236,11.833355,-2579.302911,0
2019-07-05,sz.002346,13.1500,13.1900,12.9500,13.1200,13.3500,2177930,28455096.8700,0.551885,1,-1.722850,41.105769,2.710716,11.629484,-2534.865482,0
2019-07-08,sz.002346,13.0100,13.1500,12.7000,12.7000,13.1200,1615932,20736052.3000,0.409475,1,-3.201220,39.789883,2.623940,11.257199,-2453.718874,0
2019-07-09,sz.002346,12.6000,12.7000,12.0200,12.1800,12.7000,3135211,38359593.3900,0.794458,1,-4.094484,38.160691,2.516503,10.796274,-2353.251644,0
2019-07-10,sz.002346,12.2900,12.2900,12.0000,12.1400,12.1800,1574433,19054949.3000,0.398959,1,-0.328407,38.035369,2.508238,10.760819,-2345.523396,0
2019-07-11,sz.002346,12.0800,12.2400,12.0800,12.1600,12.1400,930833,11321936.0100,0.235872,1,0.164741,38.098030,2.512371,10.778546,-2349.387520,0
2019-07-12,sz.002346,12.1500,12.1700,11.8000,12.0300,12.1600,1243167,14892581.3800,0.315017,1,-1.069080,37.690732,2.485511,10.663315,-2324.270713,0
2019-07-15,sz.002346,12.1500,12.1800,11.9300,12.1200,12.0300,1092588,13205788.5600,0.276860,1,0.748131,37.972708,2.504106,10.743091,-2341.659272,0
2019-07-16,sz.002346,12.1500,12.3700,12.1000,12.2300,12.1200,1526278,18666073.4800,0.386757,1,0.907588,38.317344,2.526833,10.840594,-2362.911955,0
2019-07-17,sz.002346,12.3700,12.3700,12.1500,12.2600,12.2300,902800,11073298.0000,0.228768,1,0.245304,38.411336,2.533031,10.867186,-2368.708141,0
2019-07-18,sz.002346,12.1500,12.2800,12.0400,12.0500,12.2600,767800,9338048.0000,0.194560,1,-1.712888,37.753393,2.489643,10.681043,-2328.134837,0
2019-07-19,sz.002346,12.0400,12.2500,12.0400,12.2100,12.0500,956735,11652573.7000,0.242435,1,1.327800,38.254683,2.522701,10.822866,-2359.047831,0
2019-07-22,sz.002346,11.8300,12.0600,11.5700,11.5700,12.0100,1301099,15260378.8800,0.329697,1,-3.663618,36.249524,2.390471,10.255574,-2235.395856,0
2019-07-23,sz.002346,11.7700,11.7700,11.5300,11.6200,11.5700,985801,11460028.6700,0.249801,1,0.432154,36.406177,2.400801,10.299894,-2245.056166,0
2019-07-24,sz.002346,11.7700,11.9800,11.5800,11.8100,11.6200,998301,11823637.8500,0.252968,1,1.635117,37.001458,2.440057,10.468309,-2281.765346,0
2019-07-25,sz.002346,11.9300,11.9400,11.7400,11.7800,11.8100,945700,11198333.0000,0.239639,1,-0.254028,36.907467,2.433859,10.441717,-2275.969160,0
2019-07-26,sz.002346,11.8400,11.8800,11.6600,11.8600,11.7800,961002,11333207.4600,0.243500,1,0.679100,37.158112,2.450388,10.512628,-2291.425657,0
2019-07-29,sz.002346,11.8600,11.9200,11.7100,11.7600,11.8600,978100,11501231.0000,0.247849,1,-0.843166,36.844805,2.429727,10.423989,-2272.105036,0
2019-07-30,sz.002346,11.7500,11.9500,11.7500,11.8200,11.7600,1039942,12338437.3400,0.263500,1,0.510200,37.032789,2.442123,10.477173,-2283.697409,0
2019-07-31,sz.002346,11.8200,11.9200,11.7100,11.7300,11.8200,826343,9731868.9600,0.209400,1,-0.761400,36.750814,2.423528,10.397397,-2266.308850,0
2019-08-01,sz.002346,11.7300,11.8100,11.5700,11.5800,11.7300,948200,11045772.0000,0.240300,1,-1.278800,36.280854,2.392537,10.264438,-2237.327918,0
2019-08-02,sz.002346,11.5300,11.5300,11.1500,11.2400,11.5800,1360300,15348259.0000,0.344700,1,-2.936100,35.215613,2.322290,9.963064,-2171.637806,0
2019-08-05,sz.002346,11.3500,11.3800,11.1200,11.3200,11.2400,1273917,14370348.5700,0.322800,1,0.711700,35.466258,2.338819,10.033976,-2187.094303,0
2019-08-06,sz.002346,11.0400,11.2000,10.6900,10.8800,11.3200,1659907,18186983.2000,0.420600,1,-3.886900,34.087711,2.247910,9.643963,-2102.083571,0
2019-08-07,sz.002346,10.9800,11.1000,10.9000,10.9900,10.8800,1188134,13032652.5200,0.301100,1,1.011000,34.432348,2.270637,9.741466,-2123.336254,0
2019-08-08,sz.002346,11.0000,11.3400,11.0000,11.3000,10.9900,2110575,23669541.5000,0.534800,1,2.820800,35.403597,2.334686,10.016248,-2183.230179,0
2019-08-09,sz.002346,11.3500,11.6900,11.2800,11.5700,11.3000,2903710,33395194.5600,0.735800,1,2.389400,36.249524,2.390471,10.255574,-2235.395856,0
2019-08-12,sz.002346,11.7000,11.7200,11.2200,11.4200,11.5700,2280600,25915419.3600,0.577900,1,-1.296500,35.779564,2.359480,10.122615,-2206.414924,0
2019-08-13,sz.002346,11.2400,11.3700,11.1100,11.2600,11.4200,1223365,13700365.4300,0.310000,1,-1.401000,35.278275,2.326422,9.980792,-2175.501931,0
2019-08-14,sz.002346,11.4500,11.4500,11.1500,11.2900,11.2600,1989635,22479303.4500,0.504200,1,0.266400,35.372266,2.332620,10.007384,-2181.298117,0
2019-08-15,sz.002346,10.7800,11.2000,10.7000,11.0900,11.2900,970900,10735512.0000,0.246000,1,-1.771500,34.745654,2.291298,9.830105,-2142.656875,0
2019-08-16,sz.002346,11.1100,11.2800,11.0500,11.0800,11.0900,1678390,18708968.2000,0.425300,1,-0.090200,34.714323,2.289232,9.821241,-2140.724813,0
2019-08-19,sz.002346,11.1500,11.3400,11.0900,11.3100,11.0800,1909575,21441989.6000,0.483900,1,2.075800,35.434928,2.336753,10.025112,-2185.162241,0
2019-08-20,sz.002346,11.2900,12.4400,11.2100,12.4400,11.3100,3371150,40387819.2200,0.854200,1,9.991200,38.975287,2.570221,11.026737,-2403.485259,0
2019-08-21,sz.002346,13.5000,13.6800,12.5900,12.6600,12.4400,13253670,174404416.3400,3.358500,1,1.768500,39.664561,2.615675,11.221743,-2445.990625,0
2019-08-22,sz.002346,13.3900,13.3900,12.1800,12.4100,12.6600,7799301,98376386.1800,1.976300,1,-1.974700,38.881295,2.564023,11.000145,-2397.689073,0
2019-08-23,sz.002346,12.2700,12.3600,12.0000,12.0500,12.4100,4496660,54437826.3700,1.139400,1,-2.900900,37.753393,2.489643,10.681043,-2328.134837,0
2019-08-26,sz.002346,11.6900,11.9100,11.6000,11.8000,12.0500,2624644,30940475.5100,0.665100,1,-2.074700,36.970128,2.437991,10.459445,-2279.833284,0
2019-08-27,sz.002346,11.8300,12.0500,11.8300,11.9300,11.8000,2787832,33298399.4600,0.706400,1,1.101700,37.377426,2.464850,10.574676,-2304.950092,0
2019-08-28,sz.002346,11.9900,11.9900,11.7200,11.7500,11.9300,2175000,25707046.0000,0.551100,1,-1.508800,36.813475,2.427661,10.415125,-2270.172974,0
2019-08-29,sz.002346,11.8700,12.6800,11.8700,12.1500,11.7500,4964800,60879756.0000,1.258100,1,3.404300,38.066699,2.510304,10.769682,-2347.455458,0
2019-08-30,sz.002346,12.1500,12.1500,11.7300,11.7800,12.1500,2930500,34841710.0000,0.742600,1,-3.045300,60.569405,2.465712,10.972892,-874.569731,0
2019-09-02,sz.002346,11.7500,11.9900,11.7100,11.9800,11.7800,1932788,23008876.6000,0.489800,1,1.697800,61.597748,2.507574,11.159189,-889.418113,0
2019-09-03,sz.002346,12.0700,12.1700,11.9400,12.1300,11.9800,2371935,28579258.9000,0.601000,1,1.252100,62.369005,2.538971,11.298912,-900.554400,0
2019-09-04,sz.002346,12.1200,12.1200,11.9100,12.0300,12.1300,1922800,23073862.0000,0.487200,1,-0.824400,61.854833,2.518040,11.205763,-893.130209,0
2019-09-05,sz.002346,12.1300,12.9000,12.0200,12.3400,12.0300,5387444,66790858.7200,1.365200,1,2.576900,63.448765,2.582927,11.494524,-916.145202,0
2019-09-06,sz.002346,12.3400,12.5500,12.2000,12.3600,12.3400,2547890,31469508.6000,0.645600,1,0.162100,63.551599,2.587113,11.513153,-917.630040,0
2019-09-09,sz.002346,12.4200,12.5200,12.3200,12.5100,12.3600,2735912,34028223.8400,0.693300,1,1.213600,64.322857,2.618510,11.652876,-928.766327,0
2019-09-10,sz.002346,12.5700,12.5700,12.3200,12.4600,12.5100,2186503,27144274.2800,0.554100,1,-0.399700,64.065771,2.608045,11.606302,-925.054231,0
2019-09-11,sz.002346,12.5000,12.6500,12.4400,12.4400,12.4600,2391202,29975228.0000,0.605900,1,-0.160500,63.962937,2.603859,11.587672,-923.569393,0
2019-09-12,sz.002346,12.4000,12.5400,12.3100,12.3800,12.4400,1692889,20946402.5600,0.429000,1,-0.482300,63.654434,2.591300,11.531783,-919.114878,0
2019-09-16,sz.002346,12.3800,12.5000,12.3200,12.4300,12.3800,1597304,19838160.6600,0.404800,1,0.403900,63.911520,2.601765,11.578357,-922.826974,0
2019-09-17,sz.002346,12.3800,12.4500,12.0100,12.0500,12.4300,2345200,28534365.9800,0.594300,1,-3.057100,61.957668,2.522226,11.224393,-894.615047,0
2019-09-18,sz.002346,12.1400,12.1700,12.0500,12.0800,12.0500,1010800,12246157.0000,0.256100,1,0.249000,62.111919,2.528506,11.252337,-896.842304,0
2019-09-19,sz.002346,12.1200,12.1600,11.9000,12.1500,12.0800,1533551,18451822.4100,0.388600,1,0.579500,62.471839,2.543158,11.317541,-902.039238,0
2019-09-20,sz.002346,12.1100,12.6000,12.1100,12.4000,12.1500,3186764,39542652.0100,0.807500,1,2.057600,63.757268,2.595486,11.550413,-920.599716,0
2019-09-23,sz.002346,12.3200,12.4900,12.2700,12.4500,12.4000,2203572,27307727.8000,0.558400,1,0.403200,64.014354,2.605952,11.596987,-924.311812,0
2019-09-24,sz.002346,12.4600,12.5500,12.2600,12.2900,12.4500,2291376,28271530.0000,0.580600,1,-1.285100,63.191679,2.572462,11.447949,-912.433106,0
2019-09-25,sz.002346,12.2400,12.2400,11.8300,11.8400,12.2900,2438902,29171111.9200,0.618000,1,-3.661500,60.877908,2.478271,11.028781,-879.024245,0
2019-09-26,sz.002346,11.9600,11.9600,11.3600,11.3600,11.8400,1548402,17965790.8000,0.392400,1,-4.054100,58.409884,2.377800,10.581668,-843.388127,0
2019-09-27,sz.002346,11.3200,11.6800,11.3200,11.5000,11.3600,1013200,11701588.0000,0.256700,1,1.232400,59.129724,2.407104,10.712076,-853.781995,0
2019-09-30,sz.002346,11.5900,11.5900,11.3800,11.4400,11.5000,604700,6947126.0000,0.153200,1,-0.521700,58.821222,2.394545,10.656187,-849.327480,0
2019-10-08,sz.002346,11.4500,11.5700,11.4000,11.4500,11.4400,573400,6589966.0000,0.145300,1,0.087400,58.872639,2.396638,10.665502,-850.069899,0
2019-10-09,sz.002346,11.4400,11.6800,11.2100,11.6700,11.4500,725500,8340826.0000,0.183800,1,1.921400,60.003816,2.442687,10.870429,-866.403120,0
2019-10-10,sz.002346,11.5100,11.7700,11.5100,11.7100,11.6700,759002,8873558.2800,0.192300,1,0.342800,60.209485,2.451060,10.907688,-869.372797,0
2019-10-11,sz.002346,11.7900,11.7900,11.6300,11.7000,11.7100,732400,8576431.0000,0.185600,1,-0.085400,60.158067,2.448967,10.898373,-868.630377,0
2019-10-14,sz.002346,11.7200,11.9400,11.7200,11.8900,11.7000,1031800,12253129.0000,0.261500,1,1.623900,61.134993,2.488736,11.075355,-882.736341,0
2019-10-15,sz.002346,11.7200,12.0700,11.7200,11.9600,11.8900,1521502,18159309.7600,0.385500,1,0.588700,61.494913,2.503388,11.140559,-887.933275,0
2019-10-16,sz.002346,11.8800,12.0800,11.8200,11.8400,11.9600,936902,11164296.6600,0.237400,1,-1.003300,60.877908,2.478271,11.028781,-879.024245,0
2019-10-17,sz.002346,11.8300,11.9400,11.6800,11.7100,11.8400,762800,8968238.0000,0.193300,1,-1.098000,60.209485,2.451060,10.907688,-869.372797,0
2019-10-18,sz.002346,11.8200,11.8200,11.3200,11.3600,11.7100,988202,11388999.7800,0.250400,1,-2.988900,58.409884,2.377800,10.581668,-843.388127,0
2019-10-21,sz.002346,11.4400,11.7400,11.3700,11.7300,11.3600,1049600,12174953.0000,0.266000,1,3.257000,60.312319,2.455246,10.926318,-870.857635,0
2019-10-22,sz.002346,11.7400,11.9300,11.6100,11.9200,11.7300,1366100,16161004.0000,0.346200,1,1.619800,61.289245,2.495016,11.103300,-884.963598,0
2019-10-23,sz.002346,11.8500,11.9500,11.6400,11.6700,11.9200,1282600,15128482.0000,0.325000,1,-2.097300,60.003816,2.442687,10.870429,-866.403120,0
2019-10-24,sz.002346,11.7400,11.7400,11.5000,11.5500,11.6700,964300,11195893.0000,0.244400,1,-1.028300,59.386810,2.417570,10.758651,-857.494091,0
2019-10-25,sz.002346,11.5200,11.6900,11.4800,11.6300,11.5500,780400,9035933.9900,0.197800,1,0.692600,63.685875,2.454317,12.569767,-92.309267,0
2019-10-28,sz.002346,11.5500,11.8500,11.5300,11.8300,11.6300,1306800,15359615.0000,0.331100,1,1.719700,64.781075,2.496524,12.785928,-93.896701,0
2019-10-29,sz.002346,11.8300,11.8300,11.6400,11.6400,11.8300,850900,9988686.0000,0.215600,1,-1.606100,63.740635,2.456428,12.580575,-92.388639,0
2019-10-30,sz.002346,11.5700,11.6300,11.3300,11.4000,11.6400,1189000,13594665.0000,0.301300,1,-2.061900,62.426396,2.405780,12.321182,-90.483718,0
2019-10-31,sz.002346,11.3400,11.4900,11.1500,11.2000,11.4000,914600,10349139.0000,0.231800,1,-1.754400,61.331196,2.363573,12.105021,-88.896285,0
2019-11-01,sz.002346,11.1400,11.3500,11.1200,11.2600,11.2000,743389,8366280.9200,0.188400,1,0.535700,61.659756,2.376235,12.169869,-89.372515,0
2019-11-04,sz.002346,11.3000,11.3600,11.0400,11.0800,11.2600,1416501,15813250.0700,0.358900,1,-1.598600,60.674076,2.338249,11.975324,-87.943825,0
2019-11-05,sz.002346,11.0900,11.3200,11.0800,11.1500,11.0800,857095,9563304.5500,0.217200,1,0.631800,61.057396,2.353021,12.050981,-88.499426,0
2019-11-06,sz.002346,11.0900,11.2200,10.8700,10.9300,11.1500,1345001,14774857.9100,0.340800,1,-1.973100,59.852676,2.306594,11.813203,-86.753249,0
2019-11-07,sz.002346,10.9000,11.1900,10.8500,11.1600,10.9300,1073600,11927340.0000,0.272100,1,2.104300,61.112156,2.355132,12.061789,-88.578798,0
2019-11-08,sz.002346,11.2000,11.2600,11.1100,11.1900,11.1600,831002,9297699.3600,0.210600,1,0.268800,61.276436,2.361463,12.094213,-88.816913,0
2019-11-11,sz.002346,11.1800,11.1800,10.8300,10.9100,11.1900,826700,9037571.0000,0.209500,1,-2.502200,59.743156,2.302373,11.791587,-86.594506,0
2019-11-12,sz.002346,11.0300,11.0300,10.8100,10.9500,10.9100,733400,7983779.2200,0.185800,1,0.366600,59.962196,2.310815,11.834819,-86.911993,0
2019-11-13,sz.002346,11.0300,11.0300,10.8200,10.8500,10.9500,417800,4548319.0000,0.105900,1,-0.913200,59.414596,2.289711,11.726739,-86.118276,0
2019-11-14,sz.002346,10.9500,10.9500,10.7800,10.8300,10.8500,514900,5581739.0000,0.130500,1,-0.184300,59.305076,2.285491,11.705123,-85.959532,0
2019-11-15,sz.002346,10.7500,10.8900,10.5300,10.5600,10.8300,1082500,11509156.0000,0.274300,1,-2.493100,57.826556,2.228512,11.413305,-83.816497,0
2019-11-18,sz.002346,10.5600,10.6800,10.5000,10.6400,10.5600,578941,6136519.0000,0.146700,1,0.757600,58.264636,2.245394,11.499770,-84.451470,0
2019-11-19,sz.002346,10.6300,10.9500,10.6100,10.9500,10.6400,906898,9824399.3800,0.229800,1,2.913500,59.962196,2.310815,11.834819,-86.911993,0
2019-11-20,sz.002346,11.0200,11.0200,10.7800,10.7800,10.9500,674670,7324638.3000,0.171000,1,-1.552500,59.031276,2.274939,11.651083,-85.562674,0
2019-11-21,sz.002346,10.7500,10.8700,10.6500,10.7000,10.7800,651000,7008903.0000,0.165000,1,-0.742100,58.593196,2.258056,11.564618,-84.927701,0
2019-11-22,sz.002346,10.8100,10.9300,10.6200,10.6400,10.7000,679000,7300891.8000,0.172100,1,-0.560700,58.264636,2.245394,11.499770,-84.451470,0
2019-11-25,sz.002346,10.7000,10.7500,10.5900,10.7000,10.6400,522700,5572168.0000,0.132500,1,0.563900,58.593196,2.258056,11.564618,-84.927701,0
2019-11-26,sz.002346,10.7000,10.9500,10.7000,10.8200,10.7000,747200,8099781.0000,0.189300,1,1.121500,59.250316,2.283380,11.694315,-85.880161,0
2019-11-27,sz.002346,10.7500,10.8500,10.6500,10.7300,10.8200,438595,4704105.3500,0.111100,1,-0.831800,58.757476,2.264387,11.597042,-85.165816,0
2019-11-28,sz.002346,10.8000,10.8400,10.7100,10.7600,10.7300,484600,5221893.0000,0.122800,1,0.279600,58.921756,2.270718,11.629466,-85.403931,0
2019-11-29,sz.002346,10.6800,10.9200,10.6800,10.8200,10.7600,455509,4911822.1700,0.115400,1,0.557600,59.250316,2.283380,11.694315,-85.880161,0
2019-12-02,sz.002346,10.8800,10.9400,10.8200,10.8400,10.8200,609211,6625102.3000,0.154400,1,0.184800,59.359836,2.287601,11.715931,-86.038904,0
2019-12-03,sz.002346,10.8400,10.8900,10.7000,10.8300,10.8400,412850,4454544.3900,0.104600,1,-0.092300,59.305076,2.285491,11.705123,-85.959532,0
2019-12-04,sz.002346,10.8300,10.8600,10.7200,10.7400,10.8300,546101,5876057.7400,0.138400,1,-0.831000,58.812236,2.266498,11.607850,-85.245187,0
2019-12-05,sz.002346,10.7600,10.9100,10.7300,10.8900,10.7400,865749,9382267.0800,0.219400,1,1.396700,59.633636,2.298153,11.769971,-86.435763,0
2019-12-06,sz.002346,10.8200,10.9900,10.8000,10.8900,10.8900,739644,8042077.7200,0.187400,1,0.000000,59.633636,2.298153,11.769971,-86.435763,0
2019-12-09,sz.002346,10.9300,11.0200,10.8500,11.0100,10.8900,1148600,12580362.0000,0.291100,1,1.101900,60.290756,2.323477,11.899668,-87.388223,0
2019-12-10,sz.002346,11.0200,11.0800,10.9000,11.0700,11.0100,1002300,10997404.0000,0.254000,1,0.545000,60.619316,2.336139,11.964516,-87.864453,0
2019-12-11,sz.002346,11.0800,11.0800,10.9000,10.9600,11.0700,761401,8340728.9800,0.192900,1,-0.993700,60.016956,2.312925,11.845627,-86.991364,0
2019-12-12,sz.002346,10.9200,10.9600,10.7800,10.8700,10.9600,844801,9187538.8400,0.214100,1,-0.821200,59.524116,2.293932,11.748355,-86.277019,0
2019-12-13,sz.002346,10.9000,11.0300,10.8800,11.0100,10.8700,914259,10023339.5100,0.231700,1,1.288000,60.290756,2.323477,11.899668,-87.388223,0
2019-12-16,sz.002346,11.0100,11.0700,10.8900,11.0600,11.0100,1261762,13852419.8400,0.319700,1,0.454100,60.564556,2.334028,11.953708,-87.785081,0
2019-12-17,sz.002346,11.0100,11.1900,11.0100,11.1500,11.0600,1461300,16249871.0000,0.370300,1,0.813700,61.057396,2.353021,12.050981,-88.499426,0
2019-12-18,sz.002346,11.1500,11.2300,11.0000,11.1200,11.1500,1527800,16982260.0000,0.387100,1,-0.269100,60.893116,2.346690,12.018556,-88.261311,0
2019-12-19,sz.002346,11.1500,11.2900,11.0500,11.2700,11.1200,1535281,17155034.4800,0.389000,1,1.348900,61.714516,2.378345,12.180677,-89.451886,0
2019-12-20,sz.002346,11.2700,11.4000,11.1100,11.1100,11.2700,1634456,18427922.6800,0.414200,1,-1.419700,60.838356,2.344580,12.007748,-88.181940,0
2019-12-23,sz.002346,11.0800,11.1400,10.9100,10.9200,11.1100,1431439,15790859.8900,0.362700,1,-1.710200,59.797916,2.304484,11.802395,-86.673878,0
2019-12-24,sz.002346,10.8700,11.4800,10.8700,11.3000,10.9200,2284679,25736296.9000,0.578900,1,3.479900,61.878796,2.384676,12.213101,-89.690002,0
2019-12-25,sz.002346,11.3500,11.3600,11.1600,11.3100,11.3000,1447549,16298751.0100,0.366800,1,0.088500,61.933556,2.386787,12.223909,-89.769373,0
2019-12-26,sz.002346,11.2400,11.4200,11.2400,11.3200,11.3100,1098285,12447240.6500,0.278300,1,0.088400,61.988316,2.388897,12.234717,-89.848745,0
2019-12-27,sz.002346,11.4000,11.4300,11.2500,11.2700,11.3200,1371094,15561160.4000,0.347400,1,-0.441700,61.714516,2.378345,12.180677,-89.451886,0
2019-12-30,sz.002346,10.9800,11.3400,10.9800,11.2300,11.2700,917481,10272850.7200,0.232500,1,-0.354900,61.495476,2.369904,12.137445,-89.134400,0
2019-12-31,sz.002346,11.2200,11.3500,11.2000,11.2400,11.2300,563139,6333342.3600,0.142700,1,0.089000,61.550236,2.372014,12.148253,-89.213771,0
2020-01-02,sz.002346,11.3100,11.3800,11.2700,11.3600,11.2400,1276094,14480021.5000,0.323400,1,1.067600,62.207356,2.397338,12.277950,-90.166232,0
2020-01-03,sz.002346,11.3500,11.4300,11.2600,11.3300,11.3600,1148510,13020653.9000,0.291000,1,-0.264100,62.043076,2.391007,12.245526,-89.928117,0
2020-01-06,sz.002346,11.3300,11.4600,11.1500,11.4100,11.3300,1728302,19650617.3400,0.438000,1,0.706100,62.481156,2.407890,12.331990,-90.563090,0
2020-01-07,sz.002346,11.3800,11.5000,11.3800,11.4900,11.4100,1739985,19920014.2500,0.440900,1,0.701100,62.919236,2.424773,12.418454,-91.198064,0
2020-01-08,sz.002346,11.4000,11.6800,11.3400,11.3500,11.4900,2542906,29231632.7200,0.644400,1,-1.218400,62.152596,2.395228,12.267142,-90.086860,0
2020-01-09,sz.002346,11.4000,11.5200,11.3400,11.4500,11.3500,1407027,16066755.3400,0.356500,1,0.881100,62.700196,2.416331,12.375222,-90.880577,0
2020-01-10,sz.002346,11.4400,11.5000,11.2800,11.3000,11.4500,1221601,13859392.2800,0.309600,1,-1.310000,61.878796,2.384676,12.213101,-89.690002,0
2020-01-13,sz.002346,11.3100,11.3700,11.2000,11.3100,11.3000,1293184,14575633.2800,0.327700,1,0.088500,61.933556,2.386787,12.223909,-89.769373,0
2020-01-14,sz.002346,11.3600,12.4400,11.2800,12.4400,11.3100,4530794,55251102.6000,1.148100,1,9.991200,68.121435,2.625254,13.445220,-98.738373,0
2020-01-15,sz.002346,12.1300,13.5500,11.7300,12.7100,12.4400,12286767,152773034.4000,3.113500,1,2.170400,69.599955,2.682233,13.737037,-100.881409,0
2020-01-16,sz.002346,12.3200,13.1200,12.3100,12.5700,12.7100,8055529,102277724.8800,2.041300,1,-1.101500,68.833315,2.652689,13.585724,-99.770205,0
2020-01-17,sz.002346,12.3900,13.0000,12.3600,12.8100,12.5700,7183478,91840636.2000,1.820300,1,1.909300,70.147555,2.703337,13.845118,-101.675126,0
2020-01-20,sz.002346,12.8800,13.8800,12.8000,13.5500,12.8100,8164954,109671929.6500,2.069000,1,5.776700,74.199795,2.859501,14.644914,-107.548630,0
2020-01-21,sz.002346,13.5100,13.5100,12.8000,12.8100,13.5500,6016719,78974445.7500,1.524600,1,-5.461300,70.147555,2.703337,13.845118,-101.675126,0
2020-01-22,sz.002346,12.5500,12.5800,12.0200,12.3200,12.8100,5171843,63837541.9400,1.310500,1,-3.825100,67.464315,2.599930,13.315523,-97.785913,0
2020-01-23,sz.002346,12.1100,12.8000,11.8100,11.9500,12.3200,3654432,44637443.4200,0.926000,1,-3.003200,65.438195,2.521848,12.915625,-94.849161,0
2020-02-03,sz.002346,10.7600,10.7600,10.7600,10.7600,11.9500,424700,4569772.0000,0.107600,1,-9.958200,58.921756,2.270718,11.629466,-85.403931,0
2020-02-04,sz.002346,9.6800,10.4500,9.6800,10.2400,10.7600,5485147,55787844.3900,1.389900,1,-4.832700,56.074236,2.160981,11.067448,-81.276603,0
2020-02-05,sz.002346,10.1200,10.6800,10.1200,10.3700,10.2400,3856444,40389004.1200,0.977200,1,1.269500,56.786116,2.188415,11.207952,-82.308435,0
2020-02-06,sz.002346,10.4400,10.6300,10.2200,10.4800,10.3700,4335565,45043224.7300,1.098600,1,1.060700,57.388476,2.211629,11.326841,-83.181524,0
2020-02-07,sz.002346,10.4900,10.6100,10.2600,10.4500,10.4800,3225141,33547223.8600,0.817300,1,-0.286300,57.224196,2.205298,11.294417,-82.943409,0
2020-02-10,sz.002346,10.4900,10.9800,10.3100,10.9200,10.4500,4001371,43189422.1500,1.013900,1,4.497600,59.797916,2.304484,11.802395,-86.673878,0
2020-02-11,sz.002346,10.9300,11.1100,10.6800,10.7400,10.9200,2416657,26035514.1900,0.612400,1,-1.648400,58.812236,2.266498,11.607850,-85.245187,0
2020-02-12,sz.002346,10.6900,11.0100,10.6900,10.9200,10.7400,3036066,33020021.0800,0.769300,1,1.676000,59.797916,2.304484,11.802395,-86.673878,0
2020-02-13,sz.002346,10.9200,11.0200,10.8000,10.8400,10.9200,2744100,29884073.0000,0.695400,1,-0.732600,59.359836,2.287601,11.715931,-86.038904,0
2020-02-14,sz.002346,10.8000,10.9000,10.6700,10.7900,10.8400,2313600,24945889.0000,0.586300,1,-0.461300,59.086036,2.277049,11.661891,-85.642046,0
2020-02-17,sz.002346,10.7900,11.1700,10.7900,11.1500,10.7900,3738200,41205508.0000,0.947300,1,3.336400,61.057396,2.353021,12.050981,-88.499426,0
2020-02-18,sz.002346,12.1100,12.1100,11.4100,11.4700,11.1500,5161866,60028693.6200,1.308000,1,2.870000,62.809716,2.420552,12.396838,-91.039320,0
2020-02-19,sz.002346,11.6500,11.7900,11.4700,11.6400,11.4700,4502665,52277087.5200,1.141000,1,1.482100,63.740635,2.456428,12.580575,-92.388639,0
2020-02-20,sz.002346,11.5400,11.9700,11.5400,11.8500,11.6400,4354765,51317992.2300,1.103500,1,1.804100,64.890595,2.500745,12.807544,-94.055444,0
2020-02-21,sz.002346,11.8600,12.0600,11.6500,11.9900,11.8500,4436305,52621252.3100,1.124200,1,1.181400,65.657235,2.530289,12.958857,-95.166648,0
2020-02-24,sz.002346,11.8200,11.9600,11.7600,11.9100,11.9900,3260773,38744945.2700,0.826300,1,-0.667200,65.219155,2.513407,12.872393,-94.531674,0
2020-02-25,sz.002346,11.5800,11.7000,11.1200,11.5700,11.9100,4758265,54586456.2900,1.205700,1,-2.854700,63.357315,2.441655,12.504919,-91.833037,0
2020-02-26,sz.002346,11.5200,11.7100,11.3600,11.4200,11.5700,3216000,37058440.9400,0.814900,1,-1.296500,62.535916,2.410000,12.342798,-90.642462,0
2020-02-27,sz.002346,11.5500,11.6400,11.1800,11.5800,11.4200,2595903,29814689.4400,0.657800,1,1.401000,63.412076,2.443766,12.515727,-91.912409,0
2020-02-28,sz.002346,11.3000,11.3000,10.4900,10.5100,11.5800,4210565,46073391.9100,1.067000,1,-9.240100,57.552756,2.217960,11.359265,-83.419639,0
2020-03-02,sz.002346,10.7500,11.0900,10.7500,11.0600,10.5100,2549380,27961233.8000,0.646000,1,5.233100,53.587084,2.334028,9.571298,-87.785081,0
2020-03-03,sz.002346,11.1300,11.3900,11.0200,11.1300,11.0600,2916163,32745014.0200,0.739000,1,0.632900,53.926243,2.348801,9.631875,-88.340683,0
2020-03-04,sz.002346,10.9900,11.2500,10.9300,11.2200,11.1300,2201506,24448800.8200,0.557900,1,0.808600,54.362304,2.367794,9.709761,-89.055028,0
2020-03-05,sz.002346,11.5000,12.3400,11.4300,12.3400,11.2200,10342372,124745368.2800,2.620800,1,9.982200,59.788844,2.604151,10.679007,-97.944657,0
2020-03-06,sz.002346,12.3100,12.3100,11.8300,11.8700,12.3400,10134512,121912254.8400,2.568100,1,-3.808800,57.511635,2.504965,10.272270,-94.214187,0
2020-03-09,sz.002346,11.6500,13.0600,11.6500,13.0600,11.8700,15281431,195353867.5600,3.872300,1,10.025300,63.277334,2.756095,11.302093,-103.659418,0
2020-03-10,sz.002346,12.8500,13.5000,12.1200,13.3300,13.0600,18006352,230686996.4600,4.562800,1,2.067400,64.585518,2.813074,11.535750,-105.802453,0
2020-03-11,sz.002346,12.9900,13.8600,12.8200,12.8800,13.3300,13172791,173717023.5000,3.338000,1,-3.375800,62.405212,2.718109,11.146321,-102.230727,0
2020-03-12,sz.002346,12.3500,12.6500,12.0700,12.1200,12.8800,7811687,95826524.0400,1.979500,1,-5.900600,58.722916,2.557724,10.488619,-96.198480,0
2020-03-13,sz.002346,11.4000,12.5000,11.3500,12.1600,12.1200,6395952,76604122.6900,1.620700,1,0.330000,58.916721,2.566165,10.523235,-96.515966,0
2020-03-16,sz.002346,12.2900,12.5300,11.1800,11.3000,12.1600,6744788,80279179.4800,1.709100,1,-7.072400,54.749914,2.384676,9.778993,-89.690002,0
2020-03-17,sz.002346,11.4800,11.6000,10.7000,11.0500,11.3000,5569613,61282653.3600,1.411300,1,-2.212400,53.538633,2.331918,9.562644,-87.705709,0
2020-03-18,sz.002346,11.0900,11.3300,10.8700,10.8700,11.0500,4875180,54214636.0000,1.235400,1,-1.629000,52.666510,2.293932,9.406872,-86.277019,0
2020-03-19,sz.002346,10.7400,11.0300,10.0000,10.8500,10.8700,4422242,47214540.3900,1.120600,1,-0.184000,52.569608,2.289711,9.389564,-86.118276,0
2020-03-20,sz.002346,11.0000,11.0600,10.7100,10.9200,10.8500,2820889,30690359.2900,0.714800,1,0.645200,52.908766,2.304484,9.450142,-86.673878,0
2020-03-23,sz.002346,10.7100,10.8400,10.3500,10.3800,10.9200,2549550,26990189.5000,0.646100,1,-4.945100,50.292399,2.190526,8.982827,-82.387807,0
2020-03-24,sz.002346,10.6000,10.7000,10.2200,10.6500,10.3800,2172750,22819915.5000,0.550600,1,2.601200,51.600583,2.247505,9.216485,-84.530842,0
2020-03-25,sz.002346,10.8800,11.1000,10.7500,10.8500,10.6500,2579500,28065641.8000,0.653600,1,1.877900,52.569608,2.289711,9.389564,-86.118276,0
2020-03-26,sz.002346,10.8600,11.2000,10.8300,10.8500,10.8500,2820328,30959760.9400,0.714700,1,0.000000,52.569608,2.289711,9.389564,-86.118276,0
2020-03-27,sz.002346,10.9600,11.0800,10.8200,10.8200,10.8500,1933902,21106171.9100,0.490100,1,-0.276500,52.424254,2.283380,9.363602,-85.880161,0
2020-03-30,sz.002346,10.6500,10.6500,10.1800,10.3400,10.8200,2195002,22782420.8800,0.556200,1,-4.436200,50.098594,2.182084,8.948211,-82.070320,0
2020-03-31,sz.002346,10.5000,10.6100,10.3000,10.3000,10.3400,1405800,14611390.0000,0.356200,1,-0.386800,49.904789,2.173643,8.913595,-81.752833,0
2020-04-01,sz.002346,10.3000,10.4500,10.2500,10.3300,10.3000,1281600,13272267.0000,0.324800,1,0.291300,50.050142,2.179974,8.939557,-81.990948,0
2020-04-02,sz.002346,10.1800,10.5100,10.1800,10.5000,10.3300,1407006,14632607.2200,0.356500,1,1.645700,50.873814,2.215850,9.086675,-83.340267,0
2020-04-03,sz.002346,10.4100,10.6500,10.4100,10.4500,10.5000,1365800,14336218.0000,0.346100,1,-0.476200,50.631558,2.205298,9.043405,-82.943409,0
2020-04-07,sz.002346,10.6300,10.8700,10.6300,10.7700,10.4500,1954152,20992930.8400,0.495200,1,3.062200,52.181998,2.272829,9.320332,-85.483302,0
2020-04-08,sz.002346,10.7400,10.9500,10.7100,10.8700,10.7700,1859306,20194591.5000,0.471100,1,0.928500,52.666510,2.293932,9.406872,-86.277019,0
2020-04-09,sz.002346,10.8700,11.1500,10.8700,10.9400,10.8700,1924700,21177453.9500,0.487700,1,0.644000,53.005669,2.308704,9.467450,-86.832621,0
2020-04-10,sz.002346,10.9000,10.9500,10.5800,10.6300,10.9400,1714200,18362958.0000,0.434400,1,-2.833600,51.503680,2.243284,9.199177,-84.372099,0
2020-04-13,sz.002346,10.4900,10.5900,10.4100,10.4300,10.6300,1237700,12970660.9400,0.313600,1,-1.881500,50.534655,2.201077,9.026097,-82.784665,0
2020-04-14,sz.002346,10.4800,10.7500,10.4800,10.7000,10.4300,1120000,11909550.0000,0.283800,1,2.588700,51.842839,2.258056,9.259755,-84.927701,0
2020-04-15,sz.002346,10.6200,10.7800,10.5000,10.5700,10.7000,1759658,18687040.9000,0.445900,1,-1.215000,51.212973,2.230622,9.147253,-83.895869,0
2020-04-16,sz.002346,10.5000,10.5000,10.2400,10.3100,10.5700,2646600,27365499.0000,0.670600,1,-2.459800,49.953240,2.175753,8.922249,-81.832205,0
2020-04-17,sz.002346,10.3500,10.5000,10.3400,10.3600,10.3100,1628300,16920340.0000,0.412600,1,0.485000,50.195496,2.186305,8.965519,-82.229063,0
2020-04-20,sz.002346,10.3600,10.5900,10.3600,10.5500,10.3600,1565902,16403255.8000,0.396800,1,1.834000,51.116070,2.226401,9.129945,-83.737125,0
2020-04-21,sz.002346,10.5000,10.5000,10.3000,10.3700,10.5500,1563000,16164319.0000,0.396100,1,-1.706200,50.243947,2.188415,8.974173,-82.308435,0
2020-04-22,sz.002346,10.2700,10.4300,10.1300,10.4200,10.3700,1075800,11121645.0000,0.272600,1,0.482200,50.486204,2.198967,9.017443,-82.705293,0
2020-04-23,sz.002346,10.4200,10.5100,10.1000,10.2000,10.4200,1771600,18221189.0000,0.448900,1,-2.111300,49.420276,2.152540,8.827056,-80.959116,0
2020-04-24,sz.002346,10.2000,10.2300,9.9700,9.9900,10.2000,1717100,17302153.0000,0.435100,1,-2.058800,48.402800,2.108223,8.645322,-79.292311,0
2020-04-27,sz.002346,9.9200,10.1500,9.9200,10.0200,9.9900,859900,8661110.0000,0.217900,1,0.300300,48.548154,2.114554,8.671284,-79.530426,0
2020-04-28,sz.002346,10.1000,10.1900,9.3200,9.7000,10.0200,1455702,14167754.5200,0.368900,1,-3.193600,46.997714,2.047023,8.394357,-76.990532,0
2020-04-29,sz.002346,9.7000,10.2000,9.5800,9.8500,9.7000,1078200,10743525.9600,0.273200,1,1.546400,-95.228806,2.186870,9.929113,37.502751,0
2020-04-30,sz.002346,9.8600,10.0800,9.8500,9.9700,9.8500,1079000,10740934.7400,0.273400,1,1.218300,-96.388954,2.213512,10.050077,37.959638,0
2020-05-06,sz.002346,9.9700,10.1500,9.8600,10.1400,9.9700,1097920,11033565.4000,0.278200,1,1.705100,-98.032497,2.251255,10.221442,38.606893,0
2020-05-07,sz.002346,10.1900,10.2000,10.0300,10.0700,10.1400,1069807,10808093.4700,0.271100,1,-0.690300,-97.355744,2.235714,10.150880,38.340376,0
2020-05-08,sz.002346,10.0800,10.2100,10.0800,10.1700,10.0700,1066302,10850106.3400,0.270200,1,0.993100,-98.322534,2.257916,10.251683,38.721115,0
2020-05-11,sz.002346,10.0300,10.2500,10.0300,10.1500,10.1700,1021900,10373640.0000,0.258900,1,-0.196700,-98.129176,2.253475,10.231523,38.644967,0
2020-05-12,sz.002346,10.1700,10.2000,10.0200,10.2000,10.1500,1115707,11290007.7400,0.282700,1,0.492600,-98.612571,2.264576,10.281924,38.835336,0
2020-05-13,sz.002346,10.2000,10.2200,10.1100,10.2000,10.2000,1137940,11591850.8400,0.288400,1,0.000000,-98.612571,2.264576,10.281924,38.835336,0
2020-05-14,sz.002346,10.1500,10.2000,10.0300,10.0500,10.2000,798800,8078879.0000,0.202400,1,-1.470600,-97.162386,2.231273,10.130719,38.264229,0
2020-05-15,sz.002346,10.0500,10.1700,9.9800,10.0200,10.0500,690002,6936608.9800,0.174800,1,-0.298500,-96.872349,2.224613,10.100478,38.150007,0
2020-05-18,sz.002346,10.0100,10.4700,9.9900,10.2100,10.0200,1836040,18813106.6000,0.465300,1,1.896200,-98.709250,2.266796,10.292004,38.873410,0
2020-05-19,sz.002346,10.2000,10.3300,10.2000,10.2400,10.2100,1116782,11438208.6800,0.283000,1,0.293800,-98.999287,2.273457,10.322245,38.987632,0
2020-05-20,sz.002346,10.2800,10.4000,10.2600,10.2800,10.2400,1479242,15307807.7200,0.374800,1,0.390600,-99.386003,2.282337,10.362567,39.139927,0
2020-05-21,sz.002346,10.2900,10.6400,10.2800,10.4700,10.2800,2516540,26401685.5600,0.637700,1,1.848300,-101.222904,2.324521,10.554093,39.863331,0
2020-05-22,sz.002346,10.3700,10.4000,9.9000,9.9400,10.4700,2156326,21800117.5600,0.546400,1,-5.062100,-96.098917,2.206852,10.019836,37.845416,0
2020-05-25,sz.002346,9.8600,10.0800,9.7400,10.0000,9.9400,1086702,10728090.8800,0.275400,1,0.603600,-96.678991,2.220173,10.080318,38.073859,0
2020-05-26,sz.002346,10.0000,10.0800,9.9100,9.9800,10.0000,991005,9900711.7600,0.251100,1,-0.200000,-96.485633,2.215732,10.060157,37.997712,0
2020-05-27,sz.002346,9.9800,10.0200,9.8700,9.9000,9.9800,839480,8329330.1900,0.212700,1,-0.801600,-95.712201,2.197971,9.979515,37.693121,0
2020-05-28,sz.002346,10.0000,10.0000,9.7500,9.8900,9.9000,889477,8780559.6500,0.225400,1,-0.101000,-95.615522,2.195751,9.969434,37.655047,0
2020-05-29,sz.002346,9.8700,9.9200,9.7500,9.8400,9.8900,717720,7056702.6000,0.181900,1,-0.505600,-95.132127,2.184650,9.919033,37.464678,0
2020-06-01,sz.002346,9.8400,10.1600,9.8400,10.0600,9.8400,1404500,14075191.0000,0.355900,1,2.235800,-97.259065,2.233494,10.140800,38.302302,0
2020-06-02,sz.002346,10.1600,10.4900,10.0800,10.3200,10.0600,2210279,22857806.7700,0.560100,1,2.584500,-99.772719,2.291218,10.402888,39.292223,0
2020-06-03,sz.002346,10.3000,10.4100,10.1300,10.2100,10.3200,1564902,16006277.2600,0.396500,1,-1.065900,-98.709250,2.266796,10.292004,38.873410,0
2020-06-04,sz.002346,10.2100,10.4000,10.1900,10.2500,10.2100,1257999,12956785.1300,0.318800,1,0.391800,-99.095966,2.275677,10.332326,39.025706,0
2020-06-05,sz.002346,10.2000,10.4300,10.1200,10.3500,10.2500,1684175,17294790.2500,0.426800,1,0.975600,-100.062756,2.297879,10.433129,39.406444,0
2020-06-08,sz.002346,10.3200,10.7900,10.3200,10.6500,10.3500,3559182,37748774.2700,0.901900,1,2.898500,-102.963126,2.364484,10.735538,40.548660,0
2020-06-09,sz.002346,10.5000,10.8300,10.2900,10.4500,10.4500,3737077,39393436.7400,0.947000,1,0.000000,-101.029546,2.320080,10.533932,39.787183,0
2020-06-10,sz.002346,10.6600,11.3000,10.5100,10.5500,10.4500,4360867,47247616.7100,1.105000,1,0.956900,-101.996336,2.342282,10.634735,40.167921,0
2020-06-11,sz.002346,10.7700,10.8900,10.2700,10.3200,10.5500,2949799,30974113.3600,0.747500,1,-2.180100,-99.772719,2.291218,10.402888,39.292223,0
2020-06-12,sz.002346,10.0000,10.3300,9.9400,10.1000,10.3200,1702000,17237598.0000,0.431300,1,-2.131800,-97.645781,2.242374,10.181121,38.454598,0
2020-06-15,sz.002346,10.0200,10.2200,10.0200,10.0700,10.1000,1279802,12903138.1000,0.324300,1,-0.297000,-97.355744,2.235714,10.150880,38.340376,0
2020-06-16,sz.002346,10.0500,10.2200,10.0500,10.0900,10.0700,1148910,11604154.1000,0.291100,1,0.198600,-97.549102,2.240154,10.171041,38.416524,0
2020-06-17,sz.002346,10.0800,10.1300,9.8000,9.9800,10.0900,2507812,24904074.7600,0.635500,1,-1.090200,-96.485633,2.215732,10.060157,37.997712,0
2020-06-18,sz.002346,9.8500,10.0200,9.8100,9.9100,9.9800,1126457,11161430.5800,0.285400,1,-0.701400,-95.808880,2.200191,9.989595,37.731195,0
2020-06-19,sz.002346,10.0000,10.0000,9.8500,9.9500,9.9100,956500,9501778.5800,0.242400,1,0.403600,-96.195596,2.209072,10.029916,37.883490,0
2020-06-22,sz.002346,9.9500,9.9700,9.8800,9.9000,9.9500,1170900,11609523.0000,0.296700,1,-0.502500,-95.712201,2.197971,9.979515,37.693121,0
2020-06-23,sz.002346,9.9100,9.9100,9.8100,9.8100,9.9000,912200,8980571.0000,0.231200,1,-0.909100,-94.842090,2.177989,9.888792,37.350456,0
2020-06-24,sz.002346,9.8100,9.8800,9.8100,9.8400,9.8100,626655,6159442.6500,0.158800,1,0.305800,-95.132127,2.184650,9.919033,37.464678,0
2020-06-29,sz.002346,9.8200,9.8400,9.6900,9.7200,9.8400,787400,7678579.0000,0.199500,1,-1.219500,-93.971980,2.158008,9.798069,37.007791,0
2020-06-30,sz.002346,9.7500,9.8700,9.7300,9.8300,9.7200,718200,7051974.0000,0.182000,1,1.131700,-95.035448,2.182430,9.908952,37.426604,0
2020-07-01,sz.002346,9.8300,9.9300,9.0000,9.7900,9.8300,1909702,18452667.3400,0.483900,1,-0.406900,-94.648733,2.173549,9.868631,37.274308,0
2020-07-02,sz.002346,9.8000,9.8000,9.6600,9.7500,9.7900,1619300,15744977.0000,0.410300,1,-0.408600,-94.262017,2.164668,9.828310,37.122013,0
2020-07-03,sz.002346,9.7700,9.8500,9.7000,9.8300,9.7500,1654272,16216659.5800,0.419200,1,0.820500,-95.035448,2.182430,9.908952,37.426604,0
2020-07-06,sz.002346,9.8400,10.2900,9.8400,10.1900,9.8300,3642133,36708846.9700,0.922900,1,3.662300,-98.515892,2.262356,10.271844,38.797263,0
2020-07-07,sz.002346,10.2100,10.4200,10.0900,10.2700,10.1900,3294578,33810244.0500,0.834800,1,0.785100,-99.289324,2.280117,10.352486,39.101853,0
2020-07-08,sz.002346,10.2300,10.4400,10.2100,10.4100,10.2700,3121851,32346017.1700,0.791100,1,1.363200,-100.642830,2.311200,10.493611,39.634887,0
2020-07-09,sz.002346,10.4300,10.6500,10.3000,10.5900,10.4100,4061907,42544154.1000,1.029300,1,1.729100,-102.383052,2.351163,10.675057,40.320217,0
2020-07-10,sz.002346,10.5500,10.9000,10.4500,10.6600,10.5900,4205603,44824039.9500,1.065700,1,0.661000,-103.059805,2.366704,10.745619,40.586734,0
2020-07-13,sz.002346,10.5400,10.9900,10.5300,10.8900,10.6600,4199646,45500168.2400,1.064200,1,2.157600,-105.283422,2.417768,10.977466,41.462433,0
2020-07-14,sz.002346,10.9000,11.1100,10.5500,10.7000,10.8900,3973173,42761552.0600,1.006800,1,-1.744700,-103.446521,2.375585,10.785940,40.739029,0
2020-07-15,sz.002346,10.7000,10.9000,10.3500,10.4400,10.7000,3748700,39596801.0000,0.949900,1,-2.429900,-100.932867,2.317860,10.523852,39.749109,0
2020-07-16,sz.002346,10.5100,10.5400,10.0500,10.0800,10.4400,3020202,31083651.4200,0.765300,1,-3.448300,-97.452423,2.237934,10.160960,38.378450,0
2020-07-17,sz.002346,10.1100,10.1900,9.9100,10.0900,10.0800,1831299,18425114.0200,0.464100,1,0.099200,-97.549102,2.240154,10.171041,38.416524,0
2020-07-20,sz.002346,10.1000,10.5000,10.1000,10.4400,10.0900,1870144,19370203.0600,0.473900,1,3.468800,-100.932867,2.317860,10.523852,39.749109,0
2020-07-21,sz.002346,10.3800,10.8300,10.3800,10.5100,10.4400,2035100,21532160.0000,0.515700,1,0.670500,-101.609620,2.333401,10.594414,40.015626,0
2020-07-22,sz.002346,10.6900,10.6900,10.4500,10.5000,10.5100,1828064,19288960.0800,0.463200,1,-0.095100,-101.512941,2.331181,10.584334,39.977552,0
2020-07-23,sz.002346,10.4200,10.4800,10.1100,10.3300,10.5000,2091100,21532269.0000,0.529900,1,-1.619000,-99.869398,2.293438,10.412968,39.330297,0
2020-07-24,sz.002346,10.3300,10.6700,10.0600,10.1000,10.3300,2657870,27511825.2800,0.673500,1,-2.226500,-97.645781,2.242374,10.181121,38.454598,0
2020-07-27,sz.002346,10.0800,10.1300,9.8600,10.0600,10.1000,1450162,14468632.3800,0.367500,1,-0.396000,-97.259065,2.233494,10.140800,38.302302,0
2020-07-28,sz.002346,10.0900,10.3500,10.0800,10.1800,10.0600,1244500,12677284.0000,0.315400,1,1.192800,-98.419213,2.260136,10.261764,38.759189,0
2020-07-29,sz.002346,10.1500,10.3300,10.0000,10.3200,10.1800,1514900,15465874.0000,0.383900,1,1.375200,-99.772719,2.291218,10.402888,39.292223,0
2020-07-30,sz.002346,10.4000,10.4300,10.2100,10.2600,10.3200,1470162,15141599.2000,0.372500,1,-0.581400,-99.192645,2.277897,10.342406,39.063780,0
2020-07-31,sz.002346,10.1800,10.4400,10.1800,10.3900,10.2600,2052700,21254025.0000,0.520200,1,1.267100,-100.449472,2.306759,10.473450,39.558740,0
2020-08-03,sz.002346,10.3900,10.6000,10.3800,10.5900,10.3900,2183587,23032983.1300,0.553300,1,1.924900,-102.383052,2.351163,10.675057,40.320217,0
2020-08-04,sz.002346,10.5900,10.6200,10.3700,10.4500,10.5900,1913800,20046431.0000,0.485000,1,-1.322000,-101.029546,2.320080,10.533932,39.787183,0
2020-08-05,sz.002346,10.5000,10.6200,10.3300,10.5800,10.4500,2681700,28199379.0000,0.679500,1,1.244000,-102.286373,2.348943,10.664976,40.282143,0
2020-08-06,sz.002346,10.6000,10.7800,10.4100,10.5000,10.5800,2243585,23671549.6100,0.568500,1,-0.756100,-101.512941,2.331181,10.584334,39.977552,0
2020-08-07,sz.002346,10.5000,10.5300,10.1600,10.3600,10.5000,1920502,19841271.6400,0.486700,1,-1.333300,-100.159435,2.300099,10.443209,39.444518,0
2020-08-10,sz.002346,10.3500,10.5600,10.3100,10.4500,10.3600,1652483,17291046.5000,0.418700,1,0.868700,-101.029546,2.320080,10.533932,39.787183,0
2020-08-11,sz.002346,10.4200,11.5000,10.4200,11.5000,10.4500,17262492,195653697.6900,4.374300,1,10.047800,196.290926,2.611470,8.602853,45.982551,0
2020-08-12,sz.002346,11.4300,12.2000,11.0000,11.7400,11.5000,17996077,207911606.2900,4.560200,1,2.087000,200.387432,2.665970,8.782391,46.942186,0
2020-08-13,sz.002346,11.4900,12.0400,11.3600,11.5100,11.7400,9791045,114032171.9200,2.481100,1,-1.959100,196.461613,2.613740,8.610334,46.022535,0
2020-08-14,sz.002346,11.6000,12.4900,11.4600,12.1800,11.5100,13527862,162061941.6200,3.428000,1,5.821000,207.897694,2.765887,9.111544,48.701519,0
2020-08-17,sz.002346,11.9500,12.4200,11.7100,12.0400,12.1800,10308362,123736901.4000,2.612100,1,-1.149400,205.508065,2.734095,9.006813,48.141731,0
2020-08-18,sz.002346,11.9900,11.9900,11.6000,11.8200,12.0400,9643806,113063348.3100,2.443700,1,-1.827200,201.752934,2.684137,8.842237,47.262065,0
2020-08-19,sz.002346,11.7000,11.8500,11.5000,11.6000,11.8200,6126489,71308163.0600,1.552500,1,-1.861300,197.997803,2.634178,8.677661,46.382399,0
2020-08-20,sz.002346,11.6200,12.2000,11.4100,11.7700,11.6000,8328788,98845998.7600,2.110500,1,1.465500,200.899495,2.672782,8.804833,47.062141,0
2020-08-21,sz.002346,11.7100,11.7300,11.2500,11.2700,11.7700,7196689,82493628.4600,1.823600,1,-4.248100,192.365107,2.559240,8.430796,45.062900,0
2020-08-24,sz.002346,11.1800,11.4900,11.1200,11.4600,11.2700,3806500,43218053.0000,0.964600,1,1.685900,195.608175,2.602386,8.572930,45.822611,0
2020-08-25,sz.002346,11.3300,11.5100,11.1600,11.2500,11.4600,4051245,45859644.7000,1.026600,1,-1.832500,192.023732,2.554699,8.415835,44.982930,0
2020-08-26,sz.002346,11.1700,11.4400,11.1100,11.2600,11.2500,3477793,39162856.5400,0.881300,1,0.088900,192.194419,2.556969,8.423315,45.022915,0
2020-08-27,sz.002346,11.0800,11.4300,11.0800,11.3800,11.2600,2707163,30562466.4100,0.686000,1,1.065700,194.242673,2.584219,8.513084,45.502733,0
2020-08-28,sz.002346,11.3800,11.5800,11.2600,11.5000,11.3800,2748282,31467776.2900,0.696400,1,1.054500,196.290926,2.611470,8.602853,45.982551,0
2020-08-31,sz.002346,11.5600,11.6900,11.1900,11.2200,11.5000,3474820,39679698.8000,0.880500,1,-2.434800,191.511668,2.547886,8.393392,44.862975,0
2020-09-01,sz.002346,11.1900,11.3000,11.0800,11.3000,11.2200,1782299,20022135.7900,0.451600,1,0.713000,192.877170,2.566053,8.453238,45.182854,0
2020-09-02,sz.002346,11.3500,11.3700,11.0700,11.1800,11.3000,2872104,32093331.4000,0.727800,1,-1.061900,190.828917,2.538803,8.363469,44.703036,0
2020-09-03,sz.002346,11.2100,11.6900,11.1600,11.5000,11.1800,4526710,51996445.5600,1.147100,1,2.862300,196.290926,2.611470,8.602853,45.982551,0
2020-09-04,sz.002346,11.3200,12.5000,11.1900,12.2300,11.5000,10590308,126528697.8800,2.683600,1,6.347800,208.751132,2.777241,9.148947,48.901443,0
2020-09-07,sz.002346,12.2300,12.3900,11.7100,11.8700,12.2300,7522630,90606939.4900,1.906200,1,-2.943600,202.606373,2.695491,8.879641,47.461989,0
2020-09-08,sz.002346,11.7900,12.2500,11.5500,11.8800,11.8700,4714500,55502947.2300,1.194700,1,0.084200,202.777061,2.697762,8.887121,47.501974,0
2020-09-09,sz.002346,11.6600,11.7600,11.3500,11.3600,11.8800,4243200,48944405.0900,1.075200,1,-4.377100,193.901297,2.579678,8.498123,45.422763,0
2020-09-10,sz.002346,11.4300,11.5600,10.8000,10.8000,11.3600,3734000,41310742.0000,0.946200,1,-4.929600,184.342782,2.452511,8.079201,43.183613,0
2020-09-11,sz.002346,10.8000,11.0300,10.7000,10.9000,10.8000,2142700,23351775.0000,0.543000,1,0.925900,186.049660,2.475219,8.154009,43.583461,0
2020-09-14,sz.002346,10.8500,11.3000,10.8500,11.1000,10.9000,1723459,18999096.9000,0.436700,1,1.834900,189.463415,2.520636,8.303623,44.383158,0
2020-09-15,sz.002346,11.0100,11.2800,10.9700,11.0200,11.1000,1618709,17941957.3500,0.410200,1,-0.720700,188.097913,2.502469,8.243778,44.063279,0
2020-09-16,sz.002346,11.1000,11.1000,10.8400,10.8500,11.0200,1269005,13847736.4500,0.321600,1,-1.542600,185.196221,2.463865,8.116605,43.383537,0
2020-09-17,sz.002346,10.8000,10.9500,10.6400,10.8600,10.8500,1620500,17476757.0000,0.410600,1,0.092200,185.366909,2.466136,8.124086,43.423522,0
2020-09-18,sz.002346,10.9200,11.1600,10.8600,10.9900,10.8600,1533600,16830847.0000,0.388600,1,1.197100,187.585850,2.495657,8.221335,43.943324,0
2020-09-21,sz.002346,10.9600,11.1000,10.8600,10.9500,10.9900,1104300,12091932.0000,0.279800,1,-0.364000,186.903099,2.486573,8.191412,43.783385,0
2020-09-22,sz.002346,10.8500,10.9000,10.6700,10.7600,10.9500,1586093,17097408.8200,0.401900,1,-1.735200,183.660031,2.443427,8.049278,43.023673,0
2020-09-23,sz.002346,10.8100,10.9500,10.7200,10.7800,10.7600,874500,9433547.0000,0.221600,1,0.185900,184.001407,2.447969,8.064240,43.103643,0
2020-09-24,sz.002346,10.7700,10.7700,10.3500,10.3800,10.7800,1621200,17019645.9700,0.410800,1,-3.710600,177.173896,2.357135,7.765010,41.504250,0
2020-09-25,sz.002346,10.4600,10.5000,10.1200,10.2300,10.3800,1133800,11658543.0000,0.287300,1,-1.445100,174.613580,2.323073,7.652799,40.904478,0
2020-09-28,sz.002346,10.2400,10.4000,10.1800,10.2500,10.2300,599401,6150145.2500,0.151900,1,0.195500,174.954956,2.327614,7.667760,40.984447,0
2020-09-29,sz.002346,10.3500,10.3700,10.2200,10.2600,10.2500,617000,6352250.0000,0.156300,1,0.097600,175.125643,2.329885,7.675241,41.024432,0
2020-09-30,sz.002346,10.4500,10.4500,10.1400,10.1700,10.2600,879420,9017986.4000,0.222800,1,-0.877200,173.589453,2.309447,7.607914,40.664569,0
2020-10-09,sz.002346,10.2900,10.4400,10.2800,10.4200,10.1700,877700,9099204.0000,0.222400,1,2.458200,177.856647,2.366219,7.794933,41.664189,0
2020-10-12,sz.002346,10.5500,10.6900,10.4000,10.6700,10.4200,1392404,14725250.5600,0.352800,1,2.399200,182.123842,2.422990,7.981952,42.663810,0
2020-10-13,sz.002346,10.6800,10.6900,10.5200,10.5300,10.6700,1163900,12302646.0000,0.294900,1,-1.312100,179.734213,2.391198,7.877221,42.104022,0
2020-10-14,sz.002346,10.5500,10.6600,10.4900,10.6000,10.5300,879100,9304733.0000,0.222800,1,0.664800,180.929027,2.407094,7.929586,42.383916,0
2020-10-15,sz.002346,10.5400,10.7400,10.5300,10.6100,10.6000,1046242,11135552.9800,0.265100,1,0.094300,181.099715,2.409365,7.937067,42.423901,0
2020-10-16,sz.002346,10.5300,10.7500,10.5000,10.7000,10.6100,927441,9846181.7800,0.235000,1,0.848300,182.635905,2.429802,8.004394,42.783764,0
2020-10-19,sz.002346,10.7000,10.7800,10.4600,10.4600,10.7000,1109000,11748145.0000,0.281000,1,-2.243000,178.539399,2.375302,7.824856,41.824129,0
2020-10-20,sz.002346,10.4600,10.7100,10.4000,10.6800,10.4600,896300,9504006.0000,0.227100,1,2.103300,182.294529,2.425260,7.989432,42.703795,0
2020-10-21,sz.002346,10.6800,10.7200,10.5500,10.6500,10.6800,755700,8019088.0000,0.191500,1,-0.280900,181.782466,2.418448,7.966990,42.583840,0
2020-10-22,sz.002346,10.5700,10.7000,10.5100,10.6100,10.6500,591800,6282528.0000,0.150000,1,-0.375600,181.099715,2.409365,7.937067,42.423901,0
2020-10-23,sz.002346,10.7000,10.7500,10.4000,10.4900,10.6100,711511,7499063.1700,0.180300,1,-1.131000,179.051462,2.382114,7.847298,41.944083,0
2020-10-26,sz.002346,10.4900,10.5500,10.2900,10.4600,10.4900,686103,7161163.3800,0.173900,1,-0.286000,179.220939,2.371287,7.572075,37.865298,0
2020-10-27,sz.002346,10.4600,10.8400,10.2100,10.5000,10.4600,2445100,25645587.0000,0.619600,1,0.382400,179.906296,2.380355,7.601031,38.010099,0
2020-10-28,sz.002346,10.4500,10.5200,10.2100,10.2700,10.5000,1177000,12118172.0000,0.298300,1,-2.190500,175.965492,2.328214,7.434532,37.177496,0
2020-10-29,sz.002346,10.1500,10.3600,10.1200,10.2000,10.2700,804711,8252022.9700,0.203900,1,-0.681600,174.766116,2.312345,7.383859,36.924096,0
2020-10-30,sz.002346,10.2900,10.3500,10.1200,10.1300,10.2000,881159,9005650.0300,0.223300,1,-0.686300,173.566741,2.296476,7.333185,36.670695,0
2020-11-02,sz.002346,10.0200,10.2400,10.0100,10.1300,10.1300,847300,8557227.0000,0.214700,1,0.000000,173.566741,2.296476,7.333185,36.670695,0
2020-11-03,sz.002346,10.1100,10.5800,10.0900,10.4800,10.1300,1546004,16067881.9800,0.391800,1,3.455100,179.563618,2.375821,7.586553,37.937698,0
2020-11-04,sz.002346,10.4400,10.6200,10.3300,10.3300,10.4800,789100,8211217.0000,0.200000,1,-1.431300,176.993528,2.341816,7.477967,37.394697,0
2020-11-05,sz.002346,10.3600,10.5000,10.3100,10.4100,10.3300,610700,6347160.0000,0.154800,1,0.774400,178.364242,2.359952,7.535879,37.684298,0
2020-11-06,sz.002346,10.3900,10.4200,10.2400,10.3200,10.4100,683901,7050764.2900,0.173300,1,-0.864600,176.822188,2.339549,7.470728,37.358497,0
2020-11-09,sz.002346,10.3200,10.8000,10.3200,10.6800,10.3200,2112447,22452475.5600,0.535300,1,3.488400,182.990404,2.421161,7.731334,38.661700,0
2020-11-10,sz.002346,10.6600,11.1400,10.5600,11.1000,10.6800,3305404,36167436.0000,0.837600,1,3.932600,190.186656,2.516375,8.035376,40.182104,0
2020-11-11,sz.002346,11.2100,11.6300,10.9400,11.2800,11.1000,4100723,46156616.5700,1.039100,1,1.621600,193.270764,2.557181,8.165679,40.833706,0
2020-11-12,sz.002346,11.2800,11.3800,11.0200,11.2400,11.2800,2027102,22789292.3800,0.513700,1,-0.354600,192.585407,2.548113,8.136723,40.688906,0
2020-11-13,sz.002346,11.2700,11.2700,10.6100,10.8000,11.2400,2898403,31388641.8300,0.734500,1,-3.914600,185.046476,2.448365,7.818203,39.096101,0
2020-11-16,sz.002346,10.6900,10.9400,10.6200,10.8500,10.8000,1234600,13260787.0000,0.312800,1,0.463000,185.903173,2.459700,7.854399,39.277102,0
2020-11-17,sz.002346,10.9000,10.9000,10.5400,10.6000,10.8500,1421400,15086733.0000,0.360200,1,-2.304100,181.619690,2.403025,7.673422,38.372100,0
2020-11-18,sz.002346,10.8000,10.8000,10.4400,10.4700,10.6000,1564800,16456544.0000,0.396500,1,-1.226400,179.392278,2.373554,7.579314,37.901498,0
2020-11-19,sz.002346,10.4100,10.5600,10.3500,10.4300,10.4700,1069942,11175728.8000,0.271100,1,-0.382000,178.706921,2.364486,7.550357,37.756698,0
2020-11-20,sz.002346,10.4000,10.5500,10.4000,10.4400,10.4300,863647,9017298.8000,0.218800,1,0.095900,178.878260,2.366753,7.557596,37.792898,0
2020-11-23,sz.002346,10.4300,10.9500,10.3900,10.7900,10.4400,2432200,26099677.0000,0.616300,1,3.352500,184.875137,2.446098,7.810964,39.059901,0
2020-11-24,sz.002346,10.7900,10.9500,10.7100,10.8400,10.7900,1536842,16645746.5000,0.389400,1,0.463400,185.731834,2.457433,7.847160,39.240902,0
2020-11-25,sz.002346,10.8600,11.1000,10.7400,10.7800,10.8400,1970600,21478424.0000,0.499400,1,-0.553500,184.703798,2.443831,7.803725,39.023701,0
2020-11-26,sz.002346,10.7200,10.9700,10.7200,10.9200,10.7800,1312202,14276139.6600,0.332500,1,1.298700,187.102548,2.475569,7.905072,39.530503,0
2020-11-27,sz.002346,10.9700,11.1400,10.7100,10.9000,10.9200,1919500,20979029.0000,0.486400,1,-0.183200,186.759870,2.471035,7.890594,39.458102,0
2020-11-30,sz.002346,10.9500,10.9900,10.5900,10.6600,10.9000,1699000,18326359.0000,0.430500,1,-2.201800,182.647726,2.416627,7.716856,38.589300,0
2020-12-01,sz.002346,10.5200,10.7500,10.4400,10.7300,10.6600,1313002,13920114.1400,0.332700,1,0.656700,183.847101,2.432496,7.767530,38.842701,0
2020-12-02,sz.002346,10.6800,10.9500,10.6000,10.9300,10.7300,2087055,22574094.5600,0.528900,1,1.863900,187.273887,2.477836,7.912311,39.566703,0
2020-12-03,sz.002346,10.8700,10.9800,10.7800,10.8000,10.9300,912000,9888634.0000,0.231100,1,-1.189400,185.046476,2.448365,7.818203,39.096101,0
2020-12-04,sz.002346,10.8000,11.0900,10.6500,11.0700,10.8000,2147500,23569627.0000,0.544200,1,2.500000,189.672638,2.509574,8.013658,40.073504,0
2020-12-07,sz.002346,11.0700,11.3000,10.8900,10.9000,11.0700,1988999,21952436.9600,0.504000,1,-1.535700,186.759870,2.471035,7.890594,39.458102,0
2020-12-08,sz.002346,11.0000,11.0000,10.8000,10.8900,10.9000,974199,10603934.1300,0.246900,1,-0.091700,186.588530,2.468768,7.883355,39.421902,0
2020-12-09,sz.002346,11.0000,11.4800,10.7000,10.7500,10.8900,2768058,30610351.4900,0.701400,1,-1.285600,184.189780,2.437030,7.782008,38.915101,0
2020-12-10,sz.002346,10.6600,10.7500,10.3500,10.4200,10.7500,1856405,19518929.9600,0.470400,1,-3.069800,178.535582,2.362219,7.543118,37.720498,0
2020-12-11,sz.002346,10.3800,10.5100,10.1200,10.4100,10.4200,1546552,15965200.0000,0.391900,1,-0.096000,178.364242,2.359952,7.535879,37.684298,0
2020-12-14,sz.002346,10.4000,10.5300,10.3600,10.4400,10.4100,541600,5652300.0000,0.137200,1,0.288200,178.878260,2.366753,7.557596,37.792898,0
2020-12-15,sz.002346,10.4300,10.4300,10.1800,10.2100,10.4400,937500,9601313.0000,0.237600,1,-2.203100,174.937456,2.314612,7.391098,36.960296,0
2020-12-16,sz.002346,10.2300,10.5600,10.1800,10.3500,10.2100,854199,8847671.7800,0.216500,1,1.371200,177.336206,2.346350,7.492445,37.467097,0
2020-12-17,sz.002346,10.3500,10.3600,10.2200,10.3000,10.3500,497200,5115577.0000,0.126000,1,-0.483100,176.479510,2.335015,7.456249,37.286097,0
2020-12-18,sz.002346,10.3000,10.4300,10.3000,10.4000,10.3000,484100,5010784.0000,0.122700,1,0.970900,178.192903,2.357685,7.528640,37.648098,0
2020-12-21,sz.002346,10.4000,10.4700,10.3100,10.3300,10.4000,712500,7381820.0000,0.180500,1,-0.673100,176.993528,2.341816,7.477967,37.394697,0
2020-12-22,sz.002346,10.2900,10.3200,10.0700,10.0700,10.3300,950100,9679733.0000,0.240800,1,-2.516900,172.538705,2.282874,7.289751,36.453495,0
2020-12-23,sz.002346,10.0700,10.1900,9.9600,10.1200,10.0700,816100,8221984.0000,0.206800,1,0.496500,173.395402,2.294209,7.325946,36.634495,0
2020-12-24,sz.002346,10.0800,10.0900,9.9200,9.9700,10.1200,890100,8884356.6000,0.225600,1,-1.482200,170.825312,2.260204,7.217360,36.091494,0
2020-12-25,sz.002346,10.0800,10.1300,9.9000,9.9500,9.9700,589111,5890138.9000,0.149300,1,-0.200600,170.482633,2.255670,7.202882,36.019093,0
2020-12-28,sz.002346,10.0000,10.0000,9.1900,9.2700,9.9500,2944745,27501913.5700,0.746200,1,-6.834200,158.831559,2.101513,6.710624,33.557487,0
2020-12-29,sz.002346,9.2500,9.3500,9.0300,9.3100,9.2700,917800,8433182.0000,0.232600,1,0.431500,159.516916,2.110581,6.739581,33.702287,0
2020-12-30,sz.002346,9.2700,9.4700,9.2400,9.3200,9.3100,762320,7124179.0000,0.193200,1,0.107400,159.688255,2.112849,6.746820,33.738488,0
2020-12-31,sz.002346,9.3500,9.3900,9.2500,9.3100,9.3200,790659,7354062.3400,0.200400,1,-0.107300,159.516916,2.110581,6.739581,33.702287,0
2021-01-04,sz.002346,9.2800,9.4200,9.2500,9.4000,9.3100,709620,6642446.0000,0.179800,1,0.966700,161.058970,2.130985,6.804732,34.028088,0
2021-01-05,sz.002346,9.5500,10.3400,9.4400,10.3400,9.4000,1782101,18030771.4900,0.451600,1,10.000000,177.164867,2.344083,7.485206,37.430897,0
2021-01-06,sz.002346,10.8000,10.8000,10.1800,10.1800,10.3400,3749006,39336475.2400,0.950000,1,-1.547400,174.423438,2.307811,7.369380,36.851696,0
2021-01-07,sz.002346,10.1000,10.2000,9.6400,9.7500,10.1800,2515461,24775302.3500,0.637400,1,-4.224000,167.055847,2.210330,7.058100,35.295092,0
2021-01-08,sz.002346,9.6600,9.8400,9.4600,9.6400,9.7500,1155100,11168600.0000,0.292700,1,-1.128200,165.171114,2.185393,6.978470,34.896891,0
2021-01-11,sz.002346,9.5400,9.6700,9.3000,9.4300,9.6400,1410659,13303070.1900,0.357500,1,-2.178400,161.572988,2.137786,6.826450,34.136689,0
2021-01-12,sz.002346,9.5300,9.5300,9.3100,9.3700,9.4300,698159,6562839.3200,0.176900,1,-0.636300,160.544952,2.124184,6.783015,33.919488,0
2021-01-13,sz.002346,9.3700,9.4500,9.0700,9.2200,9.3700,1128614,10382788.9200,0.286000,1,-1.600900,157.974862,2.090178,6.674429,33.376487,0
2021-01-14,sz.002346,9.2200,9.2500,9.0700,9.1900,9.2200,837497,7673248.7100,0.212200,1,-0.325400,157.460844,2.083377,6.652712,33.267886,0
2021-01-15,sz.002346,9.1900,9.7600,9.1900,9.5600,9.1900,1329500,12640004.0000,0.336900,1,4.026100,163.800399,2.167257,6.920558,34.607290,0
2021-01-18,sz.002346,9.5100,9.5800,9.3700,9.4900,9.5600,1275200,12048199.0000,0.323100,1,-0.732200,162.601024,2.151388,6.869884,34.353889,0
2021-01-19,sz.002346,9.4800,9.5600,9.3900,9.5200,9.4900,1127500,10689648.0000,0.285700,1,0.316100,163.115042,2.158189,6.891601,34.462489,0
2021-01-20,sz.002346,9.5100,9.5100,9.4100,9.4300,9.5200,605800,5718411.0000,0.153500,1,-0.945400,161.572988,2.137786,6.826450,34.136689,0
2021-01-21,sz.002346,9.4100,9.4600,9.3200,9.3800,9.4300,730302,6860523.8400,0.185100,1,-0.530200,160.716291,2.126451,6.790254,33.955688,0
2021-01-22,sz.002346,9.4000,9.5400,9.3200,9.4700,9.3800,950100,8963517.0000,0.240800,1,0.959500,162.258345,2.146854,6.855406,34.281489,0
2021-01-25,sz.002346,9.4000,9.5100,9.2500,9.3500,9.4700,1253910,11707935.0000,0.317700,1,-1.267200,160.202273,2.119650,6.768537,33.847088,0
2021-01-26,sz.002346,9.3500,9.7800,9.2400,9.4900,9.3500,1172300,11126230.0000,0.297100,1,1.497300,162.601024,2.151388,6.869884,34.353889,0
2021-01-27,sz.002346,9.3500,9.7900,9.3500,9.7200,9.4900,1232302,11907801.2800,0.312300,1,2.423600,166.541829,2.203529,7.036383,35.186491,0
2021-01-28,sz.002346,9.4500,9.9500,9.4500,9.6200,9.7200,1385719,13532441.7600,0.351100,1,-1.028800,164.828435,2.180859,6.963992,34.824490,0
2021-01-29,sz.002346,9.6200,9.8000,9.5900,9.7600,9.6200,1170218,11343008.3400,0.296500,1,1.455300,167.227186,2.212597,7.065339,35.331292,0
2021-02-01,sz.002346,9.9700,10.2600,9.8000,9.8200,9.7600,1474900,14742707.7800,0.373700,1,0.614800,168.255222,2.226199,7.108774,35.548492,0
2021-02-02,sz.002346,9.7300,9.8800,9.5500,9.8100,9.8200,984102,9596902.5600,0.249400,1,-0.101800,168.083883,2.223932,7.101535,35.512292,0
2021-02-03,sz.002346,9.8100,9.8200,9.5100,9.5300,9.8100,841500,8129730.0000,0.213200,1,-2.854200,163.286381,2.160456,6.898840,34.498690,0
2021-02-04,sz.002346,9.4300,10.0200,9.4300,9.7500,9.5300,1082000,10564817.0000,0.274200,1,2.308500,167.055847,2.210330,7.058100,35.295092,0
2021-02-05,sz.002346,9.8800,9.8800,9.6100,9.8500,9.7500,628362,6108470.4900,0.159200,1,1.025600,168.769240,2.233000,7.130491,35.657093,0
2021-02-08,sz.002346,9.8000,9.9400,9.7500,9.8200,9.8500,519201,5100778.8000,0.131600,1,-0.304600,168.255222,2.226199,7.108774,35.548492,0
2021-02-09,sz.002346,9.8900,9.9000,9.7400,9.8300,9.8200,641100,6286491.0000,0.162500,1,0.101800,168.426561,2.228466,7.116013,35.584692,0
2021-02-10,sz.002346,9.8300,9.9500,9.7600,9.8800,9.8300,711461,7013000.9700,0.180300,1,0.508600,169.283258,2.239801,7.152208,35.765693,0
2021-02-18,sz.002346,9.9600,10.1700,9.9200,10.1000,9.8800,1145550,11503943.4900,0.290300,1,2.226700,173.052723,2.289675,7.311468,36.562095,0
2021-02-19,sz.002346,10.1200,10.1800,10.0000,10.1800,10.1000,1083901,10954747.1200,0.274700,1,0.792100,174.423438,2.307811,7.369380,36.851696,0
2021-02-22,sz.002346,10.1900,10.3400,10.1700,10.1800,10.1800,1445856,14837058.8600,0.366400,1,0.000000,174.423438,2.307811,7.369380,36.851696,0
2021-02-23,sz.002346,10.1600,10.2700,10.0100,10.2100,10.1800,1000306,10164809.2000,0.253500,1,0.294700,174.937456,2.314612,7.391098,36.960296,0
2021-02-24,sz.002346,10.1500,10.2100,10.0100,10.0300,10.2100,989110,9996686.3000,0.250600,1,-1.763000,171.853348,2.273806,7.260794,36.308694,0
2021-02-25,sz.002346,10.0500,10.1800,10.0200,10.0600,10.0300,912800,9219790.0000,0.231300,1,0.299100,172.367366,2.280607,7.282512,36.417294,0
2021-02-26,sz.002346,9.9900,10.0200,9.8700,10.0000,10.0600,837406,8355275.1400,0.212200,1,-0.596400,171.339330,2.267005,7.239077,36.200094,0
2021-03-01,sz.002346,10.0400,10.3300,10.0000,10.2500,10.0000,1433202,14588404.4000,0.363200,1,2.500000,175.622813,2.323680,7.420054,37.105096,0
2021-03-02,sz.002346,10.2500,10.3900,10.1700,10.2800,10.2500,1253100,12853061.0000,0.317500,1,0.292700,176.136831,2.330481,7.441771,37.213697,0
2021-03-03,sz.002346,10.2300,10.3400,10.1900,10.3100,10.2800,764400,7833836.0000,0.193700,1,0.291800,176.650849,2.337282,7.463488,37.322297,0
2021-03-04,sz.002346,10.2800,10.3200,10.1300,10.2000,10.3100,820930,8389370.9000,0.208000,1,-1.066900,174.766116,2.312345,7.383859,36.924096,0
2021-03-05,sz.002346,10.1500,10.2800,10.1500,10.2000,10.2000,1199288,12243832.5000,0.303900,1,0.000000,174.766116,2.312345,7.383859,36.924096,0
2021-03-08,sz.002346,10.2500,10.8200,10.0500,10.1300,10.2000,4180442,43455680.3400,1.059300,1,-0.686300,173.566741,2.296476,7.333185,36.670695,0
2021-03-09,sz.002346,10.2000,10.2000,9.6700,9.7400,10.1300,1741928,17184771.7600,0.441400,1,-3.850000,166.884507,2.208063,7.050861,35.258891,0
2021-03-10,sz.002346,9.8500,9.8500,9.6600,9.7000,9.7400,795498,7723366.6200,0.201600,1,-0.410700,166.199150,2.198995,7.021905,35.114091,0
2021-03-11,sz.002346,9.7000,9.8900,9.6100,9.8900,9.7000,739800,7200782.0000,0.187500,1,1.958800,169.454597,2.242068,7.159447,35.801893,0
2021-03-12,sz.002346,9.8900,9.8900,9.7000,9.7800,9.8900,645200,6299276.0000,0.163500,1,-1.112200,167.569865,2.217131,7.079817,35.403692,0
2021-03-15,sz.002346,9.7500,10.2800,9.5800,10.2000,9.7800,3595200,35540352.0000,0.911000,1,4.294500,174.766116,2.312345,7.383859,36.924096,0
2021-03-16,sz.002346,10.2000,10.8000,10.0300,10.6900,10.2000,4463309,47093476.3100,1.131000,1,4.803900,183.161744,2.423428,7.738573,38.697900,0
2021-03-17,sz.002346,10.6000,11.2800,10.5500,10.8000,10.6900,7076143,77642395.0100,1.793100,1,1.029000,185.046476,2.448365,7.818203,39.096101,0
2021-03-18,sz.002346,10.7700,11.0000,10.5000,10.8100,10.8000,3579169,38276198.9000,0.907000,1,0.092600,185.217816,2.450632,7.825442,39.132302,0
2021-03-19,sz.002346,10.7800,10.9300,10.5600,10.5800,10.8100,1912678,20481215.5700,0.484700,1,-2.127700,181.277011,2.398491,7.658944,38.299699,0
2021-03-22,sz.002346,10.5900,10.8200,10.5000,10.6100,10.5800,1390900,14798189.0000,0.352500,1,0.283600,181.791029,2.405292,7.680661,38.408300,0
2021-03-23,sz.002346,10.6700,10.6700,10.4500,10.4600,10.6100,1436500,15132920.0000,0.364000,1,-1.413800,179.220939,2.371287,7.572075,37.865298,0
2021-03-24,sz.002346,10.6900,11.2800,10.4000,10.4000,10.4600,3284561,34973860.9600,0.832300,1,-0.573600,30.432730,2.357685,7.706951,37.648098,0
2021-03-25,sz.002346,10.2000,10.9200,10.2000,10.6600,10.4000,2590216,27540023.4800,0.656400,1,2.500000,31.193549,2.416627,7.899624,38.589300,0
2021-03-26,sz.002346,10.5100,10.7000,10.4300,10.5600,10.6600,1712208,18026998.0800,0.433900,1,-0.938100,30.900926,2.393957,7.825519,38.227299,0
2021-03-29,sz.002346,10.4700,10.6500,10.4000,10.5700,10.5600,1638700,17248032.7800,0.415200,1,0.094700,30.930189,2.396224,7.832930,38.263499,0
2021-03-30,sz.002346,10.5700,10.5700,10.3000,10.3000,10.5700,1480100,15395981.0000,0.375100,1,-2.554400,30.140108,2.335015,7.632845,37.286097,0
2021-03-31,sz.002346,10.3000,10.4300,10.2100,10.3500,10.3000,1098561,11347445.3000,0.278400,1,0.485400,30.286419,2.346350,7.669898,37.467097,0
2021-04-01,sz.002346,10.3800,10.3800,10.0600,10.0800,10.3500,1683720,17074436.2000,0.426700,1,-2.608700,29.496339,2.285141,7.469814,36.489695,0
2021-04-02,sz.002346,10.1200,10.2500,9.9800,10.1400,10.0800,873600,8856866.0000,0.221400,1,0.595200,29.671912,2.298743,7.514277,36.706895,0
2021-04-06,sz.002346,10.1400,10.3400,10.0500,10.3200,10.1400,903600,9282600.0000,0.229000,1,1.775100,30.198633,2.339549,7.647666,37.358497,0
2021-04-07,sz.002346,10.3000,10.7100,10.2900,10.5800,10.3200,2275706,23989416.9200,0.576700,1,2.519400,30.959451,2.398491,7.840340,38.299699,0
2021-04-08,sz.002346,10.5500,10.8800,10.5500,10.7200,10.5800,3335417,35796797.4100,0.845200,1,1.323300,31.369122,2.430229,7.944087,38.806501,0
2021-04-09,sz.002346,10.6300,10.7900,10.5600,10.7400,10.7200,1274300,13628804.9800,0.322900,1,0.186600,31.427647,2.434763,7.958909,38.878901,0
2021-04-12,sz.002346,10.6800,10.9000,10.5300,10.5600,10.7400,1366200,14556388.9800,0.346200,1,-1.676000,30.900926,2.393957,7.825519,38.227299,0
2021-04-13,sz.002346,10.6200,10.6300,10.3800,10.4700,10.5600,1098100,11495651.0000,0.278300,1,-0.852300,30.637566,2.373554,7.758824,37.901498,0
2021-04-14,sz.002346,10.3800,10.8000,10.3200,10.4000,10.4700,1941761,20328132.9600,0.492000,1,-0.668600,30.432730,2.357685,7.706951,37.648098,0
2021-04-15,sz.002346,10.3600,10.7800,10.2600,10.5900,10.4000,2334021,24660979.9500,0.591400,1,1.826900,30.988713,2.400758,7.847751,38.335899,0
2021-04-16,sz.002346,10.5900,10.7000,10.4300,10.5900,10.5900,2150143,22789560.5200,0.544800,1,0.000000,30.988713,2.400758,7.847751,38.335899,0
2021-04-19,sz.002346,10.6100,10.8300,10.5600,10.8000,10.5900,2665129,28591272.5000,0.675300,1,1.983000,31.603220,2.448365,8.003372,39.096101,0
2021-04-20,sz.002346,10.8800,10.8800,10.6400,10.7300,10.8000,2102802,22627954.5000,0.532900,1,-0.648100,21.371705,2.246802,7.379803,-62.407678,0
2021-04-21,sz.002346,10.7100,10.8600,10.6000,10.6300,10.7300,1775902,19035539.5800,0.450000,1,-0.932000,21.172528,2.225862,7.311025,-61.826059,0
2021-04-22,sz.002346,10.6700,11.1200,10.6300,10.9300,10.6300,4308920,46952334.8000,1.091900,1,2.822200,21.770059,2.288681,7.517357,-63.570915,0
2021-04-23,sz.002346,10.8800,10.9200,10.6300,10.7200,10.9300,2255269,24216090.4600,0.571500,1,-1.921300,21.351787,2.244708,7.372925,-62.349516,0
2021-04-26,sz.002346,10.6800,10.6800,10.3800,10.4300,10.7200,2475444,25967828.3900,0.627300,1,-2.705200,20.774174,2.183983,7.173471,-60.662822,0
2021-04-27,sz.002346,10.3900,10.4000,10.1300,10.2500,10.4300,1880396,19260297.0400,0.476500,1,-1.725800,20.415655,2.146292,7.049672,-59.615908,0
2021-04-28,sz.002346,10.1700,10.5400,10.1000,10.4400,10.2500,1882000,19400867.0500,0.476900,1,1.853700,20.794091,2.186077,7.180349,-60.720984,0
2021-04-29,sz.002346,10.4300,10.5300,10.3800,10.5100,10.4400,1129902,11821135.9000,0.286300,1,0.670500,20.933515,2.200735,7.228493,-61.128117,0
2021-04-30,sz.002346,10.4900,10.5700,10.3600,10.5600,10.5100,1311520,13756771.8000,0.332300,1,0.475700,21.033104,2.211205,7.262881,-61.418926,0
2021-05-06,sz.002346,10.4800,10.8700,10.4100,10.7500,10.5600,2365000,25337114.0000,0.599300,1,1.799200,21.411540,2.250990,7.393558,-62.524001,0
2021-05-07,sz.002346,10.8000,10.9500,10.7100,10.7100,10.7500,1958512,21162632.1800,0.496300,1,-0.372100,21.331869,2.242614,7.366047,-62.291354,0
2021-05-10,sz.002346,10.7000,11.0200,10.6300,10.9900,10.7100,2863042,31212610.9000,0.725500,1,2.614400,21.889565,2.301244,7.558624,-63.919886,0
2021-05-11,sz.002346,10.9900,11.0000,10.8100,10.9200,10.9900,1875700,20485609.0000,0.475300,1,-0.636900,21.750141,2.286587,7.510480,-63.512753,0
2021-05-12,sz.002346,10.8700,11.0100,10.7600,10.9400,10.9200,1775323,19321328.6700,0.449900,1,0.183200,21.789977,2.290775,7.524235,-63.629077,0
2021-05-13,sz.002346,10.8700,10.8800,10.6500,10.7200,10.9400,1690800,18185600.9900,0.428400,1,-2.011000,21.351787,2.244708,7.372925,-62.349516,0
2021-05-14,sz.002346,10.7200,11.1600,10.7000,11.1300,10.7200,4026074,44438608.4200,1.020200,1,3.824600,22.168413,2.330559,7.654912,-64.734152,0
2021-05-17,sz.002346,11.1600,11.3300,10.8000,10.8700,11.1300,3083814,33854688.1000,0.781400,1,-2.336000,21.650553,2.276117,7.476091,-63.221944,0
2021-05-18,sz.002346,10.8200,11.2800,10.7500,10.8300,10.8700,3152669,34744312.0200,0.798900,1,-0.368000,21.570882,2.267741,7.448580,-62.989296,0
2021-05-19,sz.002346,10.7800,11.1500,10.7600,11.0600,10.8300,3198469,35260653.7600,0.810500,1,2.123700,22.028989,2.315902,7.606768,-64.327019,0
2021-05-20,sz.002346,11.0200,11.0600,10.7100,10.8200,11.0600,2534069,27396280.0100,0.642100,1,-2.170000,21.550964,2.265647,7.441702,-62.931134,0
2021-05-21,sz.002346,10.6500,10.6800,10.3200,10.4300,10.6200,2328222,24382255.7000,0.590000,1,-1.789100,20.774174,2.183983,7.173471,-60.662822,0
2021-05-24,sz.002346,10.4200,10.6800,10.3300,10.5900,10.4300,2044542,21545462.5800,0.518100,1,1.534000,21.092857,2.217487,7.283515,-61.593412,0
2021-05-25,sz.002346,10.6200,10.6400,10.3900,10.5400,10.5900,1514104,15881227.0800,0.383700,1,-0.472100,20.993268,2.207017,7.249126,-61.302602,0
2021-05-26,sz.002346,10.4900,10.5400,10.2200,10.2400,10.5400,3760506,38894061.4300,0.952900,1,-2.846300,20.395737,2.144198,7.042794,-59.557746,0
2021-05-27,sz.002346,10.2000,10.3700,10.1800,10.3300,10.2400,1371904,14136778.0400,0.347600,1,0.878900,20.574996,2.163044,7.104694,-60.081203,0
2021-05-28,sz.002346,10.4400,10.4500,10.1900,10.2400,10.3300,1939522,19940905.4000,0.491500,1,-0.871200,20.395737,2.144198,7.042794,-59.557746,0
2021-05-31,sz.002346,10.2100,10.3200,10.1500,10.3000,10.2400,1404700,14393526.0000,0.356000,1,0.585900,20.515243,2.156762,7.084060,-59.906718,0
2021-06-01,sz.002346,10.3000,10.4400,10.2500,10.4300,10.3000,1580902,16422012.7200,0.400600,1,1.262100,20.774174,2.183983,7.173471,-60.662822,0
2021-06-02,sz.002346,10.6600,11.4700,10.6600,11.4700,10.4300,7045734,79107786.2200,1.785400,1,9.971200,22.845616,2.401754,7.888755,-66.711655,0
2021-06-03,sz.002346,12.6200,12.6200,12.5800,12.6200,11.4700,4973235,62758043.7000,1.260200,1,10.026200,25.136152,2.642557,8.679693,-73.400270,0
2021-06-04,sz.002346,13.8800,13.8800,13.0100,13.8800,12.6200,28104863,382529002.4000,7.121800,1,9.984200,27.645784,2.906394,9.546287,-80.728664,0
2021-06-07,sz.002346,15.2700,15.2700,15.2700,15.2700,13.8800,2423400,37005318.0000,0.614100,1,10.014400,30.414346,3.197452,10.502291,-88.813163,0
2021-06-08,sz.002346,16.8000,16.8000,16.8000,16.8000,15.2700,1268053,21303290.4000,0.321300,1,10.019600,33.461756,3.517826,11.554584,-97.711928,0
2021-06-09,sz.002346,18.4800,18.4800,18.4800,18.4800,16.8000,3076280,56849654.4000,0.779500,1,10.000000,36.807932,3.869608,12.710042,-107.483121,0
2021-06-10,sz.002346,19.0400,20.3300,18.9500,20.3300,18.4800,51137842,1019375918.4000,12.958300,1,10.010800,40.492708,4.256988,13.982422,-118.243065,0
2021-06-11,sz.002346,20.3300,20.3300,18.3000,18.3000,20.3300,44137843,839246914.4200,11.184500,1,-9.985200,36.449413,3.831917,12.586243,-106.436207,0
2021-06-15,sz.002346,17.5000,18.8800,16.7300,18.7400,18.3000,42353797,742433450.3100,10.732500,1,2.404400,37.325792,3.924051,12.888863,-108.995329,0
2021-06-16,sz.002346,18.0000,20.3900,17.3000,19.5600,18.7400,45774476,864254307.9900,11.599300,1,4.375700,38.959045,4.095754,13.452837,-113.764602,0
2021-06-17,sz.002346,18.3300,21.0000,17.6000,19.1500,19.5600,43987190,846880104.7500,11.146400,1,-2.096100,38.142418,4.009902,13.170850,-111.379965,0
2021-06-18,sz.002346,19.0700,21.0700,18.8300,21.0700,19.1500,45401765,912201630.3600,11.504800,1,10.026100,41.966619,4.411940,14.491374,-122.547043,0
2021-06-21,sz.002346,19.9800,21.8000,19.3900,20.0500,21.0700,43644426,885795859.5900,11.059500,1,-4.841000,39.935012,4.198357,13.789846,-116.614533,0
2021-06-22,sz.002346,19.6000,19.8400,18.2000,18.4400,20.0500,33899670,643138166.1200,8.590200,1,-8.029900,36.728261,3.861232,12.682531,-107.250473,0
2021-06-23,sz.002346,17.8600,18.8800,17.7700,18.8100,18.4400,23450456,434764396.2200,5.942300,1,2.006500,37.465216,3.938708,12.937007,-109.402462,0
2021-06-24,sz.002346,18.7800,19.8200,17.3800,17.6800,18.8100,27801711,519372838.1900,7.045000,1,-6.007400,35.214515,3.702093,12.159824,-102.830172,0
2021-06-25,sz.002346,17.3900,17.8700,16.8100,17.4300,17.6800,19161367,328984193.7400,4.855500,1,-1.414000,34.716572,3.649744,11.987881,-101.376125,0
2021-06-28,sz.002346,17.5600,18.6500,17.5300,18.1100,17.4300,22199816,401604218.5400,5.625400,1,3.901300,36.070976,3.792132,12.455566,-105.331132,0
2021-06-29,sz.002346,17.7300,18.4900,17.3500,17.4000,18.1100,16248002,287129242.5200,4.117200,1,-3.920500,34.656819,3.643462,11.967248,-101.201640,0
2021-06-30,sz.002346,17.4000,18.3000,16.8600,18.1300,17.4000,18492750,327433880.9800,4.686100,1,4.195400,36.110812,3.796320,12.469322,-105.447455,0
2021-07-01,sz.002346,18.1300,18.3100,16.3200,16.3300,18.1300,20081443,346368278.4500,5.088600,1,-9.928300,32.525624,3.419410,11.231331,-94.978320,0
2021-07-02,sz.002346,15.8200,16.7700,15.7200,16.2100,16.3300,12849024,209097278.9600,3.255900,1,-0.734800,32.286611,3.394283,11.148798,-94.280378,0
2021-07-05,sz.002346,16.3000,17.5900,16.3000,17.3000,16.2100,17250469,293842283.8700,4.371300,1,6.724200,34.457642,3.622523,11.898470,-100.620021,0
2021-07-06,sz.002346,19.0300,19.0300,18.5000,19.0300,17.3000,10177876,193440295.2800,2.579100,1,10.000000,37.903406,3.984775,13.088317,-110.682023,0
2021-07-07,sz.002346,20.5900,20.5900,19.0000,19.9000,19.0300,37302702,745248659.6500,9.452500,1,4.571700,39.636247,4.166948,13.686680,-115.742105,0
2021-07-08,sz.002346,19.9500,21.0400,19.3000,20.0100,19.9000,26881379,537241840.0400,6.811700,1,0.552800,39.855342,4.189982,13.762335,-116.381885,0
2021-07-09,sz.002346,19.6000,22.0100,19.4500,22.0100,20.0100,29104161,624683046.5900,7.375000,1,9.995000,43.838884,4.608770,15.137880,-128.014258,0
2021-07-12,sz.002346,22.4400,23.5800,21.3800,21.7000,22.0100,37693919,846750036.4000,9.551600,1,-1.408500,43.221435,4.543858,14.924671,-126.211240,0
2021-07-13,sz.002346,21.5100,21.6000,20.0000,20.6000,21.7000,25062213,517041279.3100,6.350800,1,-5.069100,41.030487,4.313524,14.168121,-119.813435,0
2021-07-14,sz.002346,20.5400,20.9500,20.0000,20.0100,20.6000,17399941,355103255.3000,4.409100,1,-2.864100,39.855342,4.189982,13.762335,-116.381885,0
2021-07-15,sz.002346,20.1100,20.2200,19.0000,19.7100,20.0100,17005244,331734210.6800,4.309100,1,-1.499300,39.257810,4.127163,13.556003,-114.637030,0
2021-07-16,sz.002346,19.8000,20.9900,19.3300,20.5000,19.7100,20950424,424141852.5800,5.308800,1,4.008100,40.831309,4.292585,14.099343,-119.231817,0
2021-07-19,sz.002346,20.3000,20.3000,19.1000,19.1800,20.5000,15303936,298286808.5900,3.878000,1,-6.439000,38.202172,4.016184,13.191483,-111.554451,0
2021-07-20,sz.002346,18.7600,19.5800,18.5700,19.4900,19.1800,10258700,196761572.9800,2.599600,1,1.616300,38.819621,4.081097,13.404693,-113.357469,0
2021-07-21,sz.002346,19.4800,20.4100,19.4400,20.1500,19.4900,14029300,281204084.5300,3.555000,1,3.386400,40.134190,4.219297,13.858623,-117.196152,0
2021-07-22,sz.002346,20.2000,20.4300,19.4800,19.9000,20.1500,12205693,240645873.4800,3.092900,1,-1.240700,39.636247,4.166948,13.686680,-115.742105,0
2021-07-23,sz.002346,19.6100,19.7000,18.6000,19.0000,19.9000,11622811,222768388.8800,2.945200,1,-4.522600,37.843653,3.978493,13.067684,-110.507537,0
2021-07-26,sz.002346,18.7800,19.6300,18.5300,19.1700,19.0000,9322122,178625619.9100,2.362200,1,0.894700,38.182254,4.014090,13.184606,-111.496289,0
2021-07-27,sz.002346,19.3600,19.5600,18.0400,18.0400,19.1700,10229216,190619294.2000,2.592100,1,-5.894600,35.931552,3.777475,12.407422,-104.923999,0
2021-07-28,sz.002346,17.4000,17.9200,16.5000,17.6000,18.0400,8832445,153189426.6700,2.238100,1,-2.439000,35.055173,3.685341,12.104802,-102.364877,0
2021-07-29,sz.002346,17.7500,18.9800,17.7000,18.8700,17.6000,9387420,174270903.9800,2.378800,1,7.215900,37.584722,3.951272,12.978274,-109.751433,0
2021-07-30,sz.002346,18.9800,19.0000,18.0700,18.3000,18.8700,8243316,151614615.6200,2.088900,1,-3.020700,36.449413,3.831917,12.586243,-106.436207,0
2021-08-02,sz.002346,18.3000,18.7000,18.0200,18.4700,18.3000,6134895,112847355.2500,1.554600,1,0.929000,36.788014,3.867514,12.703165,-107.424959,0
2021-08-03,sz.002346,18.4900,20.3200,18.4800,20.3200,18.4700,8027709,160239705.3000,2.034200,1,10.016200,40.472791,4.254894,13.975544,-118.184903,0
2021-08-04,sz.002346,21.6100,22.3500,20.8100,21.3300,20.3200,29406722,633295901.0200,7.451700,1,4.970500,42.484480,4.466382,14.670195,-124.059251,0
2021-08-05,sz.002346,20.4900,20.8900,19.2600,19.5200,21.3300,19534882,390680645.0400,4.950100,1,-8.485700,38.879374,4.087378,13.425326,-113.531954,0
2021-08-06,sz.002346,19.5200,19.8400,18.7400,19.8200,19.5200,14789147,284000860.9800,3.747600,1,1.536900,39.476905,4.150197,13.631658,-115.276810,0
2021-08-09,sz.002346,20.0000,20.4000,19.3000,19.5200,19.8200,14008546,277408330.5700,3.549800,1,-1.513600,22.790901,3.881032,14.140839,-176.514808,0
2021-08-10,sz.002346,19.5300,19.9700,18.7700,19.1000,19.5200,11995720,231427811.6100,3.039700,1,-2.151600,22.300523,3.797526,13.836579,-172.716846,0
2021-08-11,sz.002346,19.1200,20.8000,19.1200,19.9900,19.1000,15832339,316559278.7400,4.011900,1,4.659700,23.339657,3.974479,14.481320,-180.764908,0
2021-08-12,sz.002346,19.5000,19.9500,19.1600,19.8400,19.9900,11817700,230846818.7000,2.994600,1,-0.750400,23.164522,3.944655,14.372656,-179.408493,0
2021-08-13,sz.002346,19.5100,20.1300,19.2200,19.3900,19.8400,9829189,192460917.5400,2.490700,1,-2.268100,22.639117,3.855185,14.046663,-175.339248,0
2021-08-16,sz.002346,19.4000,20.8700,18.6600,20.8700,19.3900,21678604,433272459.7300,5.493400,1,7.632800,24.367116,4.149443,15.118817,-188.722543,0
2021-08-17,sz.002346,20.8600,21.1000,19.8700,20.2300,20.8700,16211816,329813475.8700,4.108100,1,-3.066600,23.619873,4.022197,14.655183,-182.935172,0
2021-08-18,sz.002346,20.0000,20.9800,19.5600,20.6900,20.2300,15246072,308334914.2600,3.863400,1,2.273900,24.156954,4.113655,14.988420,-187.094845,0
2021-08-19,sz.002346,20.5500,20.6900,19.7000,19.8100,20.6900,10805643,217418688.5000,2.738200,1,-4.253300,23.129495,3.938691,14.350923,-179.137210,0
2021-08-20,sz.002346,19.6000,19.6000,18.5000,18.9000,19.8100,10959474,207780418.9000,2.777100,1,-4.593600,22.067009,3.757761,13.691693,-170.908292,0
2021-08-23,sz.002346,18.9000,19.3100,18.8500,19.0800,18.9000,5939960,113617066.0000,1.505200,1,0.952400,22.277171,3.793550,13.822090,-172.535991,0
2021-08-24,sz.002346,19.1500,20.0000,18.7800,19.6900,19.0800,10492200,204391692.0000,2.658700,1,3.197100,22.989387,3.914832,14.263991,-178.052078,0
2021-08-25,sz.002346,19.7200,20.6400,19.3500,19.8000,19.6900,12303202,246882395.3000,3.117600,1,0.558700,23.117819,3.936702,14.343679,-179.046783,0
2021-08-26,sz.002346,19.7000,21.3000,19.4200,20.7000,19.8000,20759787,423458256.1100,5.260500,1,4.545500,24.168629,4.115643,14.995664,-187.185273,0
2021-08-27,sz.002346,20.6000,22.7700,20.0700,22.3400,20.7000,26914060,579605975.5900,6.820000,1,7.922700,26.083439,4.441714,16.183726,-202.015410,0
2021-08-30,sz.002346,22.0000,23.5000,21.3500,22.5100,22.3400,24219337,540036080.4300,6.137200,1,0.761000,26.281925,4.475514,16.306879,-203.552681,0
2021-08-31,sz.002346,22.0000,22.4400,20.7000,20.7500,22.5100,17997741,386380840.1400,4.560600,1,-7.818700,24.227008,4.125585,15.031885,-187.637411,0
2021-09-01,sz.002346,21.4000,22.5000,20.9000,21.2000,20.7500,15571594,336769072.7000,3.945800,1,2.168700,24.752413,4.215055,15.357878,-191.706656,0
2021-09-02,sz.002346,21.0100,21.8500,19.9800,21.7000,21.2000,14465296,306320962.1800,3.665500,1,2.358500,25.336196,4.314467,15.720092,-196.228040,0
2021-09-03,sz.002346,21.8500,22.2800,20.5900,20.8600,21.7000,12167193,258673801.6100,3.083200,1,-3.871000,24.355440,4.147455,15.111572,-188.632115,0
2021-09-06,sz.002346,20.5000,22.9500,20.4100,22.9500,20.8600,14992530,328652766.8800,3.799100,1,10.019200,26.795654,4.562996,16.625627,-207.531498,0
2021-09-07,sz.002346,23.6500,25.0000,22.5900,24.2100,22.9500,30126159,715014264.1900,7.634000,1,5.490200,28.266788,4.813513,17.538407,-218.925384,0
2021-09-08,sz.002346,24.3000,24.8800,23.4400,24.6100,24.2100,21836918,527104199.7400,5.533500,1,1.652200,28.733815,4.893043,17.828178,-222.542491,0
2021-09-09,sz.002346,24.3300,24.7500,23.6600,23.8500,24.6100,14541262,349685722.1000,3.684800,1,-3.088200,27.846464,4.741937,17.277613,-215.669988,0
2021-09-10,sz.002346,23.5000,24.4000,23.0800,23.2800,23.8500,13696902,323918341.1600,3.470800,1,-2.389900,27.180951,4.628608,16.864689,-210.515611,0
2021-09-13,sz.002346,23.2900,23.6800,22.6000,22.8900,23.2800,10186476,234035991.7400,2.581300,1,-1.675300,26.725600,4.551067,16.582162,-206.988932,0
2021-09-14,sz.002346,23.0000,23.5000,22.6800,23.1500,22.8900,9866158,228033736.5200,2.500100,1,1.135900,27.029168,4.602761,16.770513,-209.340051,0
2021-09-15,sz.002346,23.0000,24.1000,22.6500,24.0700,23.1500,12551055,297990355.9100,3.180400,1,3.974100,28.103329,4.785678,17.436987,-217.659397,0
2021-09-16,sz.002346,24.0000,24.3000,21.6600,21.6600,24.0700,20137378,453150398.0400,5.102800,1,-10.012500,25.289493,4.306514,15.691115,-195.866329,0
2021-09-17,sz.002346,20.6000,21.3200,19.5000,19.5700,21.6600,19154667,387422473.9300,4.853800,1,-9.649100,22.849279,3.890973,14.177060,-176.966946,0
2021-09-22,sz.002346,19.3100,19.7200,18.9000,19.1600,19.5700,10022731,192369333.1000,2.539800,1,-2.095000,22.370577,3.809456,13.880044,-173.259412,0
2021-09-23,sz.002346,19.2600,19.4700,18.6200,19.0100,19.1600,9122030,173703109.0400,2.311500,1,-0.782900,22.195442,3.779632,13.771380,-171.902997,0
2021-09-24,sz.002346,18.9100,19.9900,18.8000,19.6900,19.0100,9424136,182878053.6000,2.388100,1,3.577100,22.989387,3.914832,14.263991,-178.052078,0
2021-09-27,sz.002346,20.6000,20.6800,19.5000,19.5800,19.6900,8564506,170860682.7800,2.170200,1,-0.558700,22.860955,3.892961,14.184304,-177.057374,0
2021-09-28,sz.002346,19.1700,19.4900,18.5100,18.5600,19.5800,7525991,141375081.8400,1.907100,1,-5.209400,21.670037,3.690161,13.445388,-167.833752,0
2021-09-29,sz.002346,18.0600,18.4800,17.8400,18.1000,18.5600,4186507,76266290.0600,1.060900,1,-2.478400,21.132956,3.598703,13.112151,-163.674079,0
2021-09-30,sz.002346,18.3000,18.9000,18.3000,18.8000,18.1000,3786708,70696429.8400,0.959600,1,3.867400,21.950253,3.737879,13.619250,-170.004016,0
2021-10-08,sz.002346,18.9900,19.5000,18.8300,19.3600,18.8000,4869200,93532347.0000,1.233900,1,2.978700,22.604090,3.849220,14.024930,-175.067965,0
2021-10-11,sz.002346,19.6600,19.6600,18.7500,18.9500,19.3600,4245208,80982991.8400,1.075700,1,-2.117800,22.125388,3.767703,13.727915,-171.360431,0
2021-10-12,sz.002346,18.9500,18.9900,18.0100,18.2500,18.9500,4347394,79543894.5600,1.101600,1,-3.693900,21.308091,3.628526,13.220815,-165.030494,0
2021-10-13,sz.002346,18.2400,18.7500,18.0400,18.6300,18.2500,2799836,51719487.0200,0.709500,1,2.082200,21.751766,3.704079,13.496098,-168.466745,0
2021-10-14,sz.002346,18.6300,18.7500,18.1100,18.3100,18.6300,2941309,53783539.9800,0.745300,1,-1.717700,21.378145,3.640456,13.264281,-165.573060,0
2021-10-15,sz.002346,18.8800,20.1400,18.8800,20.1400,18.3100,8608395,170153101.3000,2.181400,1,9.994500,23.514792,4.004302,14.589984,-182.121323,0
2021-10-18,sz.002346,20.7000,20.9800,19.5200,20.5400,20.1400,12850413,260237682.8600,3.256300,1,1.986100,23.981819,4.083832,14.879755,-185.738430,0
2021-10-19,sz.002346,20.2000,20.4300,19.9000,20.3500,20.5400,7318800,147598539.8900,1.854600,1,-0.925000,23.759981,4.046055,14.742114,-184.020304,0
2021-10-20,sz.002346,20.1500,20.7300,19.8800,20.5900,20.3500,8274248,168646596.7600,2.096700,1,1.179400,24.040197,4.093773,14.915977,-186.190568,0
2021-10-21,sz.002346,20.4500,20.4500,20.0000,20.2100,20.5900,5426584,109505450.2500,1.375100,1,-1.845600,23.596522,4.018220,14.640694,-182.754317,0
2021-10-22,sz.002346,20.1000,20.9800,19.9400,20.4600,20.2100,7943228,163499337.7400,2.012800,1,1.237000,23.888413,4.067926,14.821801,-185.015009,0
2021-10-25,sz.002346,20.4500,20.6500,19.8600,20.5700,20.4600,7895041,160666118.5300,2.000600,1,0.537600,19.238514,3.980056,15.338961,-160.232313,0
2021-10-26,sz.002346,20.5700,20.9100,20.2300,20.9000,20.5700,9321096,192333854.6900,2.362000,1,1.604300,19.547153,4.043907,15.585040,-162.802884,0
2021-10-27,sz.002346,20.8100,21.4400,20.3800,20.5000,20.9000,6568526,135752320.0800,1.664500,1,-1.913900,19.173045,3.966511,15.286762,-159.687040,0
2021-10-28,sz.002346,20.2100,20.3800,18.9000,19.0500,20.5000,7646224,149932196.4700,1.937600,1,-7.073200,17.816903,3.685953,14.205503,-148.392103,0
2021-10-29,sz.002346,19.1800,20.0600,19.1800,19.9000,19.0500,6658073,131276983.3700,1.687200,1,4.461900,18.611883,3.850418,14.839345,-155.013273,0
2021-11-01,sz.002346,20.0400,20.4900,19.8600,20.0900,19.9000,6484057,131208431.6400,1.643100,1,0.954800,18.789584,3.887181,14.981027,-156.493299,0
2021-11-02,sz.002346,20.0400,20.2000,19.2100,19.3500,20.0900,5882101,115560556.4100,1.490500,1,-3.683400,18.097484,3.744000,14.429212,-150.728986,0
2021-11-03,sz.002346,19.7500,19.7500,18.6300,18.8800,19.3500,5884900,111581182.6600,1.491200,1,-2.428900,17.657907,3.653060,14.078735,-147.067869,0
2021-11-04,sz.002346,18.9000,19.1500,18.8100,19.0800,18.8800,3467207,65772142.0000,0.878600,1,1.059300,17.844961,3.691758,14.227874,-148.625791,0
2021-11-05,sz.002346,19.0800,19.4200,18.5000,18.5100,19.0800,5284900,99392949.0000,1.339200,1,-2.987400,17.311857,3.581470,13.802828,-144.185712,0
2021-11-08,sz.002346,18.5100,19.0800,18.1300,18.7900,18.5100,4030746,75210163.5600,1.021400,1,1.512700,17.573733,3.635646,14.011623,-146.366804,0
2021-11-09,sz.002346,18.9800,19.1500,18.7100,19.0300,18.7900,3828059,72487568.1600,0.970000,1,1.277300,17.798198,3.682084,14.190589,-148.236311,0
2021-11-10,sz.002346,19.0900,19.3400,18.5800,19.2300,19.0300,4220041,80077089.5000,1.069400,1,1.051000,17.985252,3.720781,14.339729,-149.794233,0
2021-11-11,sz.002346,19.2100,19.5700,18.9700,19.4100,19.2300,4517759,87112182.7500,1.144800,1,0.936000,18.153600,3.755609,14.473954,-151.196363,0
2021-11-12,sz.002346,19.3200,19.6000,19.2500,19.4700,19.4100,4014200,77971317.0000,1.017200,1,0.309100,18.209717,3.767218,14.518696,-151.663740,0
2021-11-15,sz.002346,19.7300,19.7500,18.9000,19.2400,19.4700,4327965,83303744.2800,1.096700,1,-1.181300,17.994604,3.722716,14.347186,-149.872129,0
2021-11-16,sz.002346,19.1900,19.7600,19.0000,19.6000,19.2400,5774060,112140189.7000,1.463100,1,1.871100,18.331302,3.792372,14.615636,-152.676389,0
2021-11-17,sz.002346,19.6000,19.6600,19.2400,19.4300,19.6000,4188710,81276505.0000,1.061400,1,-0.867300,18.172306,3.759479,14.488868,-151.352155,0
2021-11-18,sz.002346,19.4100,19.9500,19.3500,19.6400,19.4300,5631662,110894847.3800,1.427100,1,1.080800,18.368713,3.800111,14.645464,-152.987974,0
2021-11-19,sz.002346,19.4000,19.5900,19.1500,19.2500,19.6400,4796677,92586016.5100,1.215500,1,-1.985700,18.003957,3.724651,14.354643,-149.950025,0
2021-11-22,sz.002346,19.2700,20.0600,19.1700,19.9600,19.2500,8109609,160664378.2800,2.055000,1,3.688300,18.667999,3.862028,14.884087,-155.480649,0
2021-11-23,sz.002346,20.0300,20.8000,19.6700,20.4100,19.9600,9862960,199778465.3500,2.499300,1,2.254500,19.088871,3.949097,15.219650,-158.985975,0
2021-11-24,sz.002346,20.2800,20.7400,19.9100,19.9700,20.4100,6939246,140340327.9700,1.758400,1,-2.155800,18.677352,3.863963,14.891543,-155.558545,0
2021-11-25,sz.002346,19.9500,20.2400,19.6600,19.9400,19.9700,5142600,102597204.6500,1.303100,1,-0.150200,18.649294,3.858158,14.869173,-155.324857,0
2021-11-26,sz.002346,19.8500,20.2200,19.7900,19.9000,19.9400,3864300,77242211.6600,0.979200,1,-0.200600,18.611883,3.850418,14.839345,-155.013273,0
2021-11-29,sz.002346,19.7700,20.2800,19.3300,19.9400,19.9000,4271450,85000681.3200,1.082400,1,0.201000,18.649294,3.858158,14.869173,-155.324857,0
2021-11-30,sz.002346,19.9400,20.2200,19.5600,19.7300,19.9400,4690200,93088033.4500,1.188500,1,-1.053200,18.452887,3.817525,14.712576,-153.689039,0
2021-12-01,sz.002346,19.5700,19.8400,19.5700,19.8400,19.7300,3257043,64274013.0900,0.825300,1,0.557500,18.555767,3.838809,14.794603,-154.545896,0
2021-12-02,sz.002346,19.8300,19.9700,18.9500,18.9800,19.8400,6237097,120234949.1500,1.580500,1,-4.334700,17.751434,3.672409,14.153305,-147.846830,0
2021-12-03,sz.002346,19.1000,19.1700,18.8200,19.1300,18.9800,3004726,57171850.4000,0.761400,1,0.790300,17.891725,3.701432,14.265159,-149.015272,0
2021-12-06,sz.002346,18.9600,19.2300,18.9000,18.9500,19.1300,2380918,45385022.0000,0.603300,1,-0.940900,17.723376,3.666604,14.130934,-147.613142,0
2021-12-07,sz.002346,18.9700,19.1000,18.4000,18.5300,18.9500,3919100,72901739.8100,0.993100,1,-2.216400,17.330562,3.585339,13.817742,-144.341505,0
2021-12-08,sz.002346,18.6100,18.9700,18.5500,18.8500,18.5300,2559383,48166848.4900,0.648500,1,1.726900,17.629849,3.647256,14.056364,-146.834180,0
2021-12-09,sz.002346,18.8600,19.1000,18.8600,18.9300,18.8500,2130491,40415586.1000,0.539900,1,0.424400,17.704671,3.662735,14.116020,-147.457349,0
2021-12-10,sz.002346,18.9100,18.9100,18.6500,18.7300,18.9300,2321373,43463262.4900,0.588200,1,-1.056500,17.517616,3.624037,13.966881,-145.899427,0
2021-12-13,sz.002346,18.8000,18.8300,18.5600,18.6900,18.7300,2004700,37390569.0000,0.508000,1,-0.213600,17.480206,3.616297,13.937053,-145.587843,0
2021-12-14,sz.002346,18.6900,18.8900,18.6100,18.7500,18.6900,1945753,36455517.1200,0.493100,1,0.321000,17.536322,3.627907,13.981795,-146.055219,0
2021-12-15,sz.002346,18.8600,19.4900,18.7900,19.1400,18.7500,4459984,85658120.6500,1.130200,1,2.080000,17.901077,3.703367,14.272616,-149.093168,0
2021-12-16,sz.002346,19.1000,19.1300,18.7600,18.8100,19.1400,2690814,50773030.9100,0.681900,1,-1.724100,17.592438,3.639516,14.026536,-146.522596,0
2021-12-17,sz.002346,18.7100,18.8900,18.6100,18.7700,18.8100,2028936,38073253.8100,0.514100,1,-0.212700,17.555027,3.631777,13.996709,-146.211011,0
2021-12-20,sz.002346,18.6600,18.8400,18.0500,18.1900,18.7700,3464150,63543731.8200,0.877800,1,-3.090000,17.012570,3.519553,13.564205,-141.693037,0
2021-12-21,sz.002346,18.2000,18.3300,17.8000,18.0200,18.1900,2774530,49935851.1000,0.703100,1,-0.934600,16.853574,3.486660,13.437437,-140.368803,0
2021-12-22,sz.002346,18.0100,18.2000,17.9200,18.1000,18.0200,1991451,35912229.1700,0.504600,1,0.444000,16.928396,3.502139,13.497092,-140.991972,0
2021-12-23,sz.002346,18.1600,18.1700,17.8500,17.8700,18.1000,2200584,39398740.4000,0.557600,1,-1.270700,16.713284,3.457637,13.325582,-139.200361,0
2021-12-24,sz.002346,17.9000,18.5800,17.5000,18.4500,17.8700,4811449,87005555.6800,1.219200,1,3.245700,17.255741,3.569860,13.758086,-143.718336,0
2021-12-27,sz.002346,18.3900,18.7600,18.0000,18.5500,18.4500,3653449,67526521.8100,0.925800,1,0.542000,17.349268,3.589209,13.832656,-144.497297,0
2021-12-28,sz.002346,18.5500,18.7600,18.3200,18.5300,18.5500,2228947,41251127.1100,0.564800,1,-0.107800,17.330562,3.585339,13.817742,-144.341505,0
2021-12-29,sz.002346,18.5200,18.7600,18.0600,18.3900,18.5300,1612789,29866360.9700,0.408700,1,-0.755500,17.199624,3.558251,13.713344,-143.250959,0
2021-12-30,sz.002346,19.0100,20.2300,18.7700,19.3600,18.3900,10513874,205858040.7200,2.664200,1,5.274600,18.106837,3.745935,14.436669,-150.806882,0
2021-12-31,sz.002346,18.9800,19.3600,18.8800,19.1700,19.3600,5355929,102066346.5100,1.357200,1,-0.981400,17.929135,3.709172,14.294987,-149.326856,0
2022-01-04,sz.002346,19.1700,19.2500,18.7800,19.1700,19.1700,3105988,59369558.8600,0.787100,1,0.000000,17.929135,3.709172,14.294987,-149.326856,0
2022-01-05,sz.002346,19.2000,19.2700,18.4500,18.7800,19.1700,3433000,64505708.5000,0.869900,1,-2.034400,17.564380,3.633711,14.004166,-146.288908,0
2022-01-06,sz.002346,18.7100,19.0200,18.4600,18.8900,18.7800,1997000,37471461.0000,0.506000,1,0.585700,17.667260,3.654995,14.086192,-147.145765,0
2022-01-07,sz.002346,18.9000,19.7300,18.9000,19.3800,18.8900,6352795,123688449.0600,1.609800,1,2.594000,18.125542,3.749804,14.451583,-150.962675,0
2022-01-10,sz.002346,21.3200,21.3200,21.3200,21.3200,19.3800,5131994,109414112.0800,1.300400,1,10.010300,19.939967,4.125172,15.898233,-166.074521,0
2022-01-11,sz.002346,23.4500,23.4500,22.0500,22.2600,21.3200,24653676,564987524.1200,6.247200,1,4.409000,20.819121,4.307051,16.599187,-173.396756,0
2022-01-12,sz.002346,21.5600,21.9800,20.6500,20.9000,22.2600,20859386,440904621.3600,5.285800,1,-6.109600,19.547153,4.043907,15.585040,-162.802884,0
2022-01-13,sz.002346,20.6500,21.5200,20.2000,20.2000,20.9000,10077070,206670265.5400,2.553500,1,-3.349300,18.892464,3.908465,15.063053,-157.350156,0
2022-01-14,sz.002346,20.0400,20.9700,20.0100,20.5600,20.2000,10680898,218607521.9800,2.706500,1,1.782200,19.229161,3.978121,15.331504,-160.154416,0
2022-01-17,sz.002346,20.2400,20.3800,19.7700,19.8000,20.5600,9239283,184311830.5900,2.341200,1,-3.696500,18.518356,3.831070,14.764775,-154.234311,0
2022-01-18,sz.002346,19.8100,19.9800,19.5000,19.8600,19.8000,5892094,116433496.9000,1.493100,1,0.303000,18.574472,3.842679,14.809517,-154.701688,0
2022-01-19,sz.002346,19.7800,20.2800,19.5300,20.1100,19.8600,6172104,123247613.5900,1.564000,1,1.258800,18.808290,3.891051,14.995941,-156.649091,0
2022-01-20,sz.002346,19.9000,19.9500,18.5000,18.7000,20.1100,9915040,188854176.5500,2.512500,1,-7.011400,17.489558,3.618232,13.944510,-145.665739,0
2022-01-21,sz.002346,18.6400,19.1600,18.0500,18.6900,18.7000,4430749,82940540.3000,1.122800,1,-0.053500,17.480206,3.616297,13.937053,-145.587843,0
2022-01-24,sz.002346,18.8000,19.0000,18.5000,18.7200,18.6900,2695295,50703872.5300,0.683000,1,0.160500,17.508264,3.622102,13.959424,-145.821531,0
2022-01-25,sz.002346,18.7200,18.8000,18.0500,18.1500,18.7200,3635399,66580702.5900,0.921200,1,-3.044900,16.975160,3.511814,13.534377,-141.381452,0
2022-01-26,sz.002346,18.3000,18.4700,18.0200,18.1600,18.1500,1979804,36062245.7000,0.501700,1,0.055100,16.984512,3.513749,13.541834,-141.459348,0
2022-01-27,sz.002346,18.1600,18.1900,17.4800,17.5200,18.1600,3602600,64413038.9000,0.912900,1,-3.524200,16.385939,3.389916,13.064589,-136.473997,0
2022-01-28,sz.002346,17.6500,18.0000,17.1800,17.9900,17.5200,2753750,48769254.4500,0.697800,1,2.682600,16.825516,3.480856,13.415066,-140.135114,0
2022-02-07,sz.002346,18.1300,18.5000,18.0200,18.0700,17.9900,2798645,50773666.9000,0.709200,1,0.444700,16.900338,3.496335,13.474722,-140.758283,0
2022-02-08,sz.002346,18.0700,18.9300,17.6000,18.3900,18.0700,4402154,80576384.0600,1.115500,1,1.770900,17.199624,3.558251,13.713344,-143.250959,0
2022-02-09,sz.002346,18.3900,18.5400,18.1000,18.4000,18.3900,2849838,52229117.8200,0.722100,1,0.054400,17.208977,3.560186,13.720801,-143.328855,0
2022-02-10,sz.002346,18.4300,18.4300,17.9600,18.0100,18.4000,2992700,54355783.0000,0.758400,1,-2.119600,16.844222,3.484725,13.429980,-140.290907,0
2022-02-11,sz.002346,17.8600,18.0000,17.4900,17.6000,18.0100,3239987,57363656.0900,0.821000,1,-2.276500,16.460761,3.405395,13.124245,-137.097166,0
2022-02-14,sz.002346,17.6000,17.6000,16.9000,17.0500,17.6000,3510962,60461613.9600,0.889700,1,-3.125000,15.946362,3.298977,12.714112,-132.812879,0
2022-02-15,sz.002346,17.0100,17.2400,16.9500,17.1300,17.0500,2465800,42193473.0000,0.624800,1,0.469200,16.021184,3.314456,12.773768,-133.436048,0
2022-02-16,sz.002346,17.1800,17.3600,17.1400,17.2400,17.1300,2212400,38115110.0000,0.560600,1,0.642100,16.124063,3.335739,12.855794,-134.292906,0
2022-02-17,sz.002346,17.2900,17.6600,17.0100,17.1900,17.2400,4397133,76383972.9400,1.114200,1,-0.290000,16.077300,3.326065,12.818509,-133.903425,0
2022-02-18,sz.002346,17.1400,17.1700,16.1800,16.4000,17.1900,8214124,135379773.9000,2.081500,1,-4.595700,15.338436,3.173209,12.229410,-127.749632,0
2022-02-21,sz.002346,16.2100,16.5800,16.1800,16.5500,16.4000,4058822,66838360.2200,1.028500,1,0.914600,15.478727,3.202232,12.341264,-128.918073,0
2022-02-22,sz.002346,16.4000,16.4600,16.2000,16.3200,16.5500,2764700,45099258.0000,0.700600,1,-1.389700,15.263615,3.157730,12.169754,-127.126463,0
2022-02-23,sz.002346,16.2300,16.6800,16.2300,16.6500,16.3200,3751346,62026578.5400,0.950600,1,2.022100,15.572254,3.221581,12.415834,-129.697035,0
2022-02-24,sz.002346,16.6200,17.1000,16.1900,16.3900,16.6500,5434768,90474849.8400,1.377200,1,-1.561600,15.329083,3.171274,12.221953,-127.671736,0
2022-02-25,sz.002346,16.5200,16.7800,16.5200,16.6800,16.3900,2669202,44469015.4000,0.676400,1,1.769400,15.600312,3.227386,12.438205,-129.930723,0
2022-02-28,sz.002346,16.6100,16.8200,16.2600,16.8100,16.6800,3134828,51945753.0000,0.794400,1,0.779400,15.721897,3.252539,12.535145,0.000000,0
2022-03-01,sz.002346,16.8500,17.1000,16.7900,16.9000,16.8100,3150700,53250638.0000,0.798400,1,0.535400,15.806071,3.269953,12.602258,-131.644438,0
2022-03-02,sz.002346,16.8800,16.9800,16.6500,16.9000,16.9000,2026000,34047653.0000,0.513400,1,0.000000,15.806071,3.269953,12.602258,-131.644438,0
2022-03-03,sz.002346,17.0000,17.0700,16.7700,16.7800,16.9000,1957200,33067858.0000,0.496000,1,-0.710100,15.693839,3.246735,12.512774,-130.709684,0
2022-03-04,sz.002346,16.7900,16.9300,16.6800,16.8300,16.7800,1877100,31549276.0000,0.475700,1,0.298000,15.740602,3.256409,12.550059,-131.099165,0
2022-03-07,sz.002346,16.8200,16.8400,16.3100,16.4200,16.8300,2142300,35536205.0000,0.542900,1,-2.436100,15.357142,3.177079,12.244324,-127.905424,0
2022-03-08,sz.002346,16.4200,16.5800,15.8900,16.1600,16.4200,2174400,35376444.0000,0.551000,1,-1.583400,15.113971,3.126772,12.050443,-125.880125,0
2022-03-09,sz.002346,16.2200,16.4900,15.1600,15.7100,16.1600,3548500,55943864.0000,0.899200,1,-2.784700,14.693100,3.039702,11.714880,-122.374800,0
2022-03-10,sz.002346,15.7100,16.0500,15.1800,15.2400,15.7100,6872055,106106613.0000,1.741400,1,-2.991700,15.027351,2.800069,9.767748,-151.547965,0
2022-03-11,sz.002346,15.0100,15.1700,14.0800,15.1200,15.2400,5338900,78886544.0000,1.352900,1,-0.787400,14.909025,2.778021,9.690837,-150.354674,0
2022-03-14,sz.002346,14.9900,15.0300,14.4400,14.4500,15.1200,3815107,56019251.0000,0.966700,1,-4.431200,14.248374,2.654921,9.261415,-143.692132,0
2022-03-15,sz.002346,14.4200,14.5000,13.4200,13.4200,14.4500,4839067,67380966.0000,1.226200,1,-7.128000,13.232746,2.465678,8.601259,-133.449717,0
2022-03-16,sz.002346,13.4500,13.8200,13.0900,13.7400,13.4200,4501777,60859450.0000,1.140800,1,2.384500,13.548281,2.524472,8.806356,-136.631827,0
2022-03-17,sz.002346,13.9400,15.1100,13.7500,14.6600,13.7400,9709340,141391251.0000,2.460300,1,6.695800,14.455444,2.693505,9.396010,-145.780391,0
2022-03-18,sz.002346,14.3000,14.9700,14.1000,14.3400,14.6600,6342600,90890035.0000,1.607200,1,-2.182800,14.139909,2.634711,9.190913,-142.598282,0
2022-03-21,sz.002346,14.2000,14.5400,14.1200,14.2400,14.3400,3664300,52430479.0000,0.928500,1,-0.697400,14.041304,2.616337,9.126820,-141.603873,0
2022-03-22,sz.002346,14.2400,14.3500,14.0300,14.1800,14.2400,2249000,31831044.0000,0.569900,1,-0.421300,13.982141,2.605313,9.088364,-141.007227,0
2022-03-23,sz.002346,14.1900,14.4000,14.1000,14.1800,14.1800,2824300,40220199.0000,0.715700,1,0.000000,13.982141,2.605313,9.088364,-141.007227,0
2022-03-24,sz.002346,14.1800,14.1900,13.8900,13.9900,14.1800,2307600,32337989.0000,0.584700,1,-1.339900,13.794793,2.570404,8.966588,-139.117850,0
2022-03-25,sz.002346,14.1900,14.2000,13.8000,13.8700,13.9900,2189502,30526538.8600,0.554800,1,-0.857800,13.676467,2.548357,8.889676,-137.924559,0
2022-03-28,sz.002346,13.7200,13.9300,13.4800,13.6800,13.8700,2162400,29620553.0000,0.548000,1,-1.369900,13.489118,2.513448,8.767900,-136.035181,0
2022-03-29,sz.002346,13.8000,13.8000,13.4700,13.5400,13.6800,1919500,26088437.0000,0.486400,1,-1.023400,13.351072,2.487725,8.678170,-134.643008,0
2022-03-30,sz.002346,13.7600,13.7700,13.4800,13.6900,13.5400,1958800,26657287.0000,0.496400,1,1.107800,13.498979,2.515285,8.774309,-136.134622,0
2022-03-31,sz.002346,13.5500,13.7400,13.5300,13.6200,13.6900,1854400,25305964.0000,0.469900,1,-0.511300,13.429955,2.502424,8.729444,-135.438535,0
2022-04-01,sz.002346,13.5500,13.5600,13.3100,13.4800,13.6200,1757100,23644514.0000,0.445200,1,-1.027900,13.291909,2.476701,8.639714,-134.046363,0
2022-04-06,sz.002346,13.4800,13.6400,13.3800,13.5100,13.4800,1717100,23191990.0000,0.435100,1,0.222600,13.321490,2.482213,8.658942,-134.344685,0
2022-04-07,sz.002346,13.4000,13.4800,13.0400,13.0400,13.5100,2423600,32015215.0000,0.614100,1,-3.478900,12.858048,2.395860,8.357706,-129.670962,0
2022-04-08,sz.002346,13.0100,13.1400,12.7500,12.9200,13.0400,2172900,28052300.0000,0.550600,1,-0.920200,12.739723,2.373812,8.280794,-128.477671,0
2022-04-11,sz.002346,12.9500,12.9500,12.2700,12.3200,12.9200,2902600,36315270.0000,0.735500,1,-4.644000,12.148095,2.263573,7.896237,-122.511216,0
2022-04-12,sz.002346,12.3200,12.5800,12.1000,12.5700,12.3200,2100800,26087475.0000,0.532300,1,2.029200,12.394606,2.309506,8.056469,-124.997239,0
2022-04-13,sz.002346,12.5500,12.5600,12.3000,12.3000,12.5700,1503100,18647512.0000,0.380900,1,-2.148000,12.128374,2.259898,7.883419,-122.312334,0
2022-04-14,sz.002346,12.3100,12.4800,12.2500,12.3300,12.3000,1404300,17346716.0000,0.355800,1,0.243900,12.157955,2.265410,7.902647,-122.610657,0
2022-04-15,sz.002346,12.3000,12.3300,12.0300,12.1600,12.3300,1826300,22204525.0000,0.462800,1,-1.378800,11.990327,2.234176,7.793689,-120.920161,0
2022-04-18,sz.002346,12.2000,12.3500,11.9300,12.3100,12.1600,1502900,18294643.0000,0.380800,1,1.233600,12.138234,2.261735,7.889828,-122.411775,0
2022-04-19,sz.002346,12.3600,12.6000,12.2100,12.3200,12.3100,1968700,24436166.0000,0.498900,1,0.081200,12.148095,2.263573,7.896237,-122.511216,0
2022-04-20,sz.002346,12.2800,12.4400,12.0700,12.1100,12.3200,1482500,18186730.0000,0.375700,1,-1.704500,11.941025,2.224989,7.761642,-120.422956,0
2022-04-21,sz.002346,12.1200,12.1800,11.4000,11.5000,12.1100,2407000,28287308.0000,0.609900,1,-5.037200,11.339536,2.112913,7.370676,-114.357060,0
2022-04-22,sz.002346,11.3900,11.6500,11.3200,11.5500,11.5000,1922500,22091256.0000,0.487200,1,0.434800,11.388839,2.122100,7.402723,-114.854265,0
2022-04-25,sz.002346,11.2200,11.3100,10.4100,10.4100,11.5500,3242600,35172871.0000,0.821700,1,-9.870100,10.264746,1.912646,6.672064,-103.518000,0
2022-04-26,sz.002346,10.4100,10.6800,10.2400,10.2500,10.4100,2481400,25929740.0000,0.628800,1,-1.537000,10.106978,1.883248,6.569516,-101.926945,0
2022-04-27,sz.002346,10.0600,10.6000,9.8900,10.5700,10.2500,3233700,33101466.0000,0.819400,1,3.122000,10.144652,1.913976,6.563147,70.778063,0
2022-04-28,sz.002346,10.4700,10.5400,10.1600,10.3400,10.5700,2118633,21882303.8700,0.536900,1,-2.176000,9.923907,1.872328,6.420335,69.237954,0
2022-04-29,sz.002346,10.3500,10.8000,10.3500,10.7500,10.3400,2305602,24513190.8500,0.584200,1,3.965200,10.317408,1.946569,6.674913,71.983366,0
2022-05-05,sz.002346,10.7500,11.0000,10.6300,10.9000,10.7500,1917401,20859886.9100,0.485900,1,1.395300,10.461372,1.973731,6.768051,72.987785,0
2022-05-06,sz.002346,10.6700,10.8900,10.5000,10.8000,10.9000,1511600,16226015.0000,0.383000,1,-0.917400,10.365396,1.955623,6.705959,72.318173,0
2022-05-09,sz.002346,10.8200,11.0400,10.6600,10.9900,10.8000,1395600,15271755.0000,0.353600,1,1.759300,10.547750,1.990028,6.823934,73.590437,0
2022-05-10,sz.002346,10.8700,11.1300,10.6700,11.1100,10.9900,1739502,19184685.0400,0.440800,1,1.091900,10.662921,2.011757,6.898445,74.393972,0
2022-05-11,sz.002346,11.1400,12.2200,11.1000,12.2200,11.1100,2667700,31513919.0000,0.676000,1,9.991000,11.728254,2.212751,7.587668,81.826673,0
2022-05-12,sz.002346,13.4300,13.4400,12.3600,12.6100,12.2200,16137604,206141059.0700,4.089300,1,3.191500,12.102560,2.283371,7.829828,84.438163,0
2022-05-13,sz.002346,12.9300,12.9800,12.0500,12.1200,12.6100,8701495,107133413.1400,2.205000,1,-3.885800,11.632278,2.194644,7.525576,81.157060,0
2022-05-16,sz.002346,12.0700,13.3300,12.0700,13.3300,12.1200,9975036,128253469.8800,2.527700,1,9.983500,12.793586,2.413746,8.276892,89.259374,0
2022-05-17,sz.002346,13.6300,14.6600,13.4000,14.6600,13.3300,25051229,359574176.5600,6.348000,1,9.977500,14.070066,2.654577,9.102718,98.165223,0
2022-05-18,sz.002346,13.9000,16.1300,13.6000,14.9700,14.6600,30224089,443692413.3500,7.658800,1,2.114600,14.367591,2.710711,9.295204,100.241023,0
2022-05-19,sz.002346,13.8800,14.5600,13.8800,14.2500,14.9700,16068403,228629392.3500,4.071700,1,-4.809600,13.676564,2.580336,8.848140,95.419811,0
2022-05-20,sz.002346,14.1800,14.4700,13.8500,14.2000,14.2500,12967242,183001385.6500,3.285900,1,-0.350900,13.628576,2.571282,8.817094,95.085005,0
2022-05-23,sz.002346,14.2300,14.4400,13.9900,14.1300,14.2000,8516843,120261576.5800,2.158200,1,-0.493000,13.561393,2.558607,8.773629,94.616276,0
2022-05-24,sz.002346,14.1300,15.1800,13.9000,14.6100,14.1300,19120741,277688981.3500,4.845200,1,3.397000,14.022078,2.645524,9.071672,97.830417,0
2022-05-25,sz.002346,14.2300,14.4700,13.5600,14.4700,14.6100,10998831,154594666.9100,2.787100,1,-0.958200,13.887711,2.620173,8.984743,96.892959,0
2022-05-26,sz.002346,14.2800,14.2800,13.6000,13.6500,14.2700,8154736,112647650.6000,2.066400,1,-4.344800,13.100709,2.471690,8.475587,91.402135,0
2022-05-27,sz.002346,13.7900,13.8100,13.0200,13.3600,13.6500,7669338,102641937.3600,1.943400,1,-2.124500,12.822379,2.419178,8.295519,89.460258,0
2022-05-30,sz.002346,13.3800,13.4300,13.1400,13.2600,13.3600,4751673,62854006.6500,1.204100,1,-0.748500,12.726403,2.401071,8.233427,88.790645,0
2022-05-31,sz.002346,13.2100,13.4700,13.0500,13.4600,13.2600,5347739,71143414.9600,1.355100,1,1.508300,12.918355,2.437286,8.357612,90.129871,0
2022-06-01,sz.002346,13.4000,13.7900,13.2300,13.3400,13.4600,5531393,74483770.4000,1.401700,1,-0.891500,12.803184,2.415557,8.283101,89.326335,0
2022-06-02,sz.002346,13.3000,13.5600,13.0400,13.4200,13.3400,5264801,70151928.3400,1.334100,1,0.599700,12.879965,2.430043,8.332775,89.862026,0
2022-06-06,sz.002346,13.3700,14.3100,13.3100,14.2500,13.4200,11237435,156308548.1600,2.847600,1,6.184800,13.676564,2.580336,8.848140,95.419811,0
2022-06-07,sz.002346,14.3400,14.3800,13.7800,14.0000,14.2500,7874665,110050683.0600,1.995400,1,-1.754400,13.436625,2.535067,8.692910,93.745779,0
2022-06-08,sz.002346,13.8300,14.0300,13.3900,13.6100,14.0000,5916300,80956605.0000,1.499200,1,-2.785700,13.062319,2.464447,8.450750,91.134290,0
2022-06-09,sz.002346,13.5000,13.5000,12.9500,12.9600,13.6100,5712500,75131853.0000,1.447500,1,-4.775900,12.438475,2.346748,8.047151,86.781807,0
2022-06-10,sz.002346,12.8100,13.2000,12.8000,13.1500,12.9600,3585308,46901531.3400,0.908500,1,1.466000,12.620830,2.381152,8.165126,88.054071,0
2022-06-13,sz.002346,12.9500,13.3500,12.8500,13.2500,13.1500,3912908,51678274.4800,0.991500,1,0.760500,12.716806,2.399260,8.227218,88.723684,0
2022-06-14,sz.002346,13.1300,13.3000,12.5200,13.2000,13.2500,5560982,71785214.3800,1.409200,1,-0.377400,12.668818,2.390206,8.196172,88.388878,0
2022-06-15,sz.002346,13.1300,13.4100,13.0000,13.0000,13.2000,4795100,63271168.0000,1.215100,1,-1.515200,12.476866,2.353991,8.071987,87.049652,0
2022-06-16,sz.002346,12.9800,13.1600,12.7600,12.8000,13.0000,5723500,73946784.0000,1.450300,1,-1.538500,12.284914,2.317776,7.947803,85.710427,0
2022-06-17,sz.002346,12.6500,12.9300,12.5300,12.7900,12.8000,5122500,65516338.0000,1.298000,1,-0.078100,12.275316,2.315965,7.941594,85.643465,0
2022-06-20,sz.002346,12.9300,13.4900,12.8400,13.2400,12.7900,8214000,108570245.0000,2.081400,1,3.518400,12.707208,2.397449,8.221009,88.656723,0
2022-06-21,sz.002346,13.5000,13.5000,12.8000,12.9700,13.2400,4766200,62010563.0000,1.207800,1,-2.039300,12.448073,2.348559,8.053360,86.848768,0
2022-06-22,sz.002346,12.9700,13.1000,12.6500,12.7000,12.9700,3582500,46086102.0000,0.907800,1,-2.081700,12.188938,2.299668,7.885711,85.040814,0
2022-06-23,sz.002346,12.7000,12.9800,12.5200,12.9500,12.7000,4258856,54480191.3600,1.079200,1,1.968500,12.428878,2.344937,8.040941,86.714846,0
2022-06-24,sz.002346,13.0000,13.3700,12.9600,13.0800,12.9500,4604500,60523967.0000,1.166800,1,1.003900,12.553646,2.368477,8.121661,87.585342,0
2022-06-27,sz.002346,13.0300,13.3800,13.0300,13.3000,13.0800,4363000,57624353.0000,1.105600,1,1.682000,12.764793,2.408314,8.258264,89.058490,0
2022-06-28,sz.002346,13.2400,13.4000,13.0900,13.3900,13.3000,4922900,65377198.9800,1.247500,1,0.676700,12.851172,2.424611,8.314147,89.661142,0
2022-06-29,sz.002346,13.4500,13.6800,12.8000,12.8100,13.3900,7213354,94906470.9200,1.827900,1,-4.331600,12.294512,2.319586,7.954012,85.777388,0
2022-06-30,sz.002346,12.8100,13.1000,12.7300,13.0000,12.8100,3862000,49990789.0000,0.978600,1,1.483200,12.476866,2.353991,8.071987,87.049652,0
2022-07-01,sz.002346,12.9900,13.0500,12.8400,12.9200,13.0000,2624800,33963648.3900,0.665100,1,-0.615400,12.400085,2.339505,8.022314,86.513962,0
2022-07-04,sz.002346,12.8900,13.2000,12.7100,13.1600,12.9200,3881900,50588743.0000,0.983700,1,1.857600,12.630427,2.382963,8.171335,88.121033,0
2022-07-05,sz.002346,13.1600,13.2200,12.7500,12.9500,13.1600,3916200,50722720.8400,0.992400,1,-1.595700,12.428878,2.344937,8.040941,86.714846,0
2022-07-06,sz.002346,13.0800,13.0800,12.7200,12.8400,12.9500,2560200,32915677.0000,0.648800,1,-0.849400,12.323304,2.325019,7.972640,85.978272,0
2022-07-07,sz.002346,12.7800,13.4800,12.7000,13.3100,12.8400,6549902,86310807.5000,1.659700,1,3.660400,12.774391,2.410125,8.264473,89.125452,0
2022-07-08,sz.002346,13.3500,13.4600,13.1100,13.2000,13.3100,3997205,52951055.6000,1.012900,1,-0.826400,12.668818,2.390206,8.196172,88.388878,0
2022-07-11,sz.002346,13.0900,13.1300,12.7600,12.8400,13.2000,3413700,43958909.7100,0.865000,1,-2.727300,12.323304,2.325019,7.972640,85.978272,0
2022-07-12,sz.002346,12.8100,13.4000,12.6500,12.9200,12.8400,5979457,78174597.8600,1.515200,1,0.623100,12.400085,2.339505,8.022314,86.513962,0
2022-07-13,sz.002346,12.9000,13.7800,12.8300,13.6000,12.9200,10148688,136419927.8500,2.571700,1,5.263200,13.052721,2.462637,8.444541,91.067328,0
2022-07-14,sz.002346,13.6300,14.0700,13.6200,13.7100,13.6000,9931206,136787436.7700,2.516600,1,0.808800,13.158295,2.482555,8.512842,91.803902,0
2022-07-15,sz.002346,13.7300,13.9300,13.3900,13.7100,13.7100,6934100,94942581.0000,1.757100,1,0.000000,13.158295,2.482555,8.512842,91.803902,0
2022-07-18,sz.002346,13.7100,13.9800,13.6500,13.9000,13.7100,7065554,97548921.2000,1.790400,1,1.385800,13.340649,2.516960,8.630817,93.076167,0
2022-07-19,sz.002346,13.9500,13.9900,13.6300,13.7200,13.9000,6124300,84307404.0000,1.551900,1,-1.295000,13.167892,2.484366,8.519051,91.870864,0
2022-07-20,sz.002346,13.8000,13.8200,13.4900,13.7000,13.7200,4512901,61455256.5900,1.143600,1,-0.145800,13.148697,2.480744,8.506633,91.736941,0
2022-07-21,sz.002346,13.6500,14.6600,13.5000,14.2500,13.7000,12566604,178092914.9600,3.184400,1,4.014600,13.676564,2.580336,8.848140,95.419811,0
2022-07-22,sz.002346,14.2500,15.5600,13.9500,14.8700,14.2500,17441008,256280347.3800,4.419600,1,4.350900,14.271615,2.692603,9.233112,99.571410,0
2022-07-25,sz.002346,14.6800,15.9000,14.5000,15.4900,14.8700,16922702,258998208.5200,4.288200,1,4.169500,14.866665,2.804871,9.618084,103.723009,0
2022-07-26,sz.002346,15.2000,16.0000,14.8800,15.9000,15.4900,15715512,243927439.1800,3.982300,1,2.646900,15.260167,2.879112,9.872662,106.468421,0
2022-07-27,sz.002346,15.6900,15.9400,15.5000,15.7200,15.9000,11413074,179033726.8600,2.892100,1,-1.132100,15.087410,2.846518,9.760896,105.263118,0
2022-07-28,sz.002346,15.5900,15.7900,15.0200,15.0200,15.7200,11308560,172761107.4200,2.865600,1,-4.452900,14.415579,2.719765,9.326250,100.575829,0
2022-07-29,sz.002346,15.0300,15.3300,14.7800,14.9100,15.0200,7308378,109724529.9000,1.851900,1,-0.732400,14.310005,2.699847,9.257949,99.839255,0
2022-08-01,sz.002346,14.9600,15.0000,14.3200,14.8400,14.9100,5935100,87017756.0000,1.504000,1,-0.469500,14.242822,2.687171,9.214484,99.370526,0
2022-08-02,sz.002346,14.6000,14.6200,13.4000,13.8000,14.8400,7700279,107566974.8700,1.951300,1,-7.008100,13.244673,2.498852,8.568725,92.406554,0
2022-08-03,sz.002346,13.8800,14.2800,13.5800,13.6800,13.8000,6285929,88019926.0000,1.592900,1,-0.869600,13.129502,2.477123,8.494215,91.603019,0
2022-08-04,sz.002346,13.7900,14.3600,13.7900,14.1700,13.6800,6220200,87894722.0000,1.576200,1,3.581900,13.599784,2.565850,8.798466,94.884121,0
2022-08-05,sz.002346,14.2700,15.5900,14.2700,15.5900,14.1700,13768206,212423993.8000,3.488900,1,10.021200,14.962641,2.822978,9.680176,104.392621,0
2022-08-08,sz.002346,16.0000,16.1000,15.4000,15.7700,15.5900,20326881,320408631.4900,5.150800,1,1.154600,15.135398,2.855572,9.791942,105.597924,0
2022-08-09,sz.002346,15.6300,16.0500,15.4100,15.7000,15.7700,9512324,148598511.2000,2.410400,1,-0.443900,15.068215,2.842897,9.748477,105.129195,0
2022-08-10,sz.002346,15.5600,16.4900,15.4800,16.3100,15.7000,18098984,292207374.3600,4.586300,1,3.885400,15.653668,2.953353,10.127240,109.213833,0
2022-08-11,sz.002346,16.2700,16.5100,15.8900,16.4200,16.3100,12739603,206144444.3700,3.228200,1,0.674400,15.759241,2.973272,10.195541,109.950407,0
2022-08-12,sz.002346,16.1900,16.2500,15.5900,15.6400,16.4200,9509798,150953931.1200,2.409800,1,-4.750300,15.010629,2.832032,9.711222,104.727428,0
2022-08-15,sz.002346,15.8200,17.2000,15.8200,17.2000,15.6400,15753799,267836510.8000,3.992000,1,9.974400,16.507853,3.114511,10.679860,115.173386,0
2022-08-16,sz.002346,17.7200,18.9200,17.4700,18.9200,17.2000,18724046,341521544.4700,4.744700,1,10.000000,18.158639,3.425962,11.747846,126.690725,0
2022-08-17,sz.002346,19.8600,19.8600,18.2400,18.4600,18.9200,32176331,606457219.8400,8.153500,1,-2.431300,17.717149,3.342667,11.462222,123.610506,0
2022-08-18,sz.002346,18.7500,19.1900,18.2600,19.0600,18.4600,23382360,440422857.0400,5.925100,1,3.250300,18.293005,3.451313,11.834775,127.628182,0
2022-08-19,sz.002346,19.5100,20.7000,18.5600,18.5700,19.0600,21702670,421832026.4500,5.499500,1,-2.570800,17.822723,3.362585,11.530524,124.347080,0
2022-08-22,sz.002346,18.7600,19.0900,17.7300,18.0100,18.5700,13083457,237017652.2800,3.315300,1,-3.015600,17.285258,3.261183,11.182807,120.597249,0
2022-08-23,sz.002346,17.8000,18.1500,17.8000,18.0300,18.0100,9249216,166409638.6800,2.343800,1,0.111000,17.304453,3.264804,11.195226,120.731171,0
2022-08-24,sz.002346,17.8300,18.1000,17.2800,17.4300,18.0300,9384820,165981725.2000,2.378100,1,-3.327800,16.728598,3.156159,10.822672,116.713495,0
2022-08-25,sz.002346,17.5100,17.7800,16.4200,16.6000,17.4300,8670620,145755870.0000,2.197100,1,-4.761900,15.931998,3.005865,10.307307,111.155710,0
2022-08-26,sz.002346,16.6800,17.1000,16.1800,16.5500,16.6000,5817422,97679857.4400,1.474100,1,-0.301200,15.884010,2.996812,10.276261,110.820903,0
2022-08-29,sz.002346,16.0100,16.4000,15.2600,15.6300,16.5500,13292333,209045925.9800,3.368300,1,-5.558900,15.001032,2.830221,9.705013,104.660466,0
2022-08-30,sz.002346,15.6300,15.7900,15.0800,15.1700,15.6300,9256173,141354305.5800,2.345500,1,-2.943100,14.559543,2.746926,9.419388,101.580248,0
2022-08-31,sz.002346,15.1400,15.2800,14.5200,14.6700,15.1700,9057794,134133644.0900,2.294500,1,-3.296000,14.646111,2.557025,8.969648,63.737767,0
2022-09-01,sz.002346,14.6200,15.0700,14.4900,14.7000,14.6700,5925320,87398770.2600,1.501000,1,0.204500,14.676062,2.562254,8.987991,63.868110,0
2022-09-02,sz.002346,14.8000,14.9800,14.4600,14.6500,14.7000,4770831,70017027.3200,1.208500,1,-0.340100,14.626144,2.553539,8.957420,63.650872,0
2022-09-05,sz.002346,14.4900,14.6600,14.2500,14.4000,14.6500,4758900,68549744.0000,1.205500,1,-1.706500,14.376551,2.509963,8.804563,62.564679,0
2022-09-06,sz.002346,14.4000,14.7500,14.1900,14.6900,14.4000,6334328,92003806.5300,1.604600,1,2.013900,14.666079,2.560511,8.981877,63.824662,0
2022-09-07,sz.002346,14.6000,15.0800,14.5500,15.0400,14.6900,8991355,134385284.2000,2.277600,1,2.382600,15.015509,2.621517,9.195877,65.345332,0
2022-09-08,sz.002346,15.2700,15.4900,14.6000,14.6500,15.0400,7935345,118521939.8000,2.010100,1,-2.593100,14.626144,2.553539,8.957420,63.650872,0
2022-09-09,sz.002346,14.4900,14.6600,14.3100,14.4700,14.6500,4404557,63601033.5400,1.115700,1,-1.228700,14.446437,2.522165,8.847363,62.868813,0
2022-09-13,sz.002346,14.5000,14.7500,14.4300,14.7500,14.4700,4217047,61606911.7900,1.068200,1,1.935000,14.725981,2.570969,9.018563,64.085349,0
2022-09-14,sz.002346,14.3400,14.9700,14.2300,14.8600,14.7500,4817031,70543022.3900,1.220200,1,0.745800,14.835802,2.590143,9.085820,64.563273,0
2022-09-15,sz.002346,14.9300,14.9800,14.2600,14.4000,14.8600,5016154,72586562.4600,1.270700,1,-3.095600,14.376551,2.509963,8.804563,62.564679,0
2022-09-16,sz.002346,13.8300,13.9400,13.0000,13.0500,14.4000,7901927,105158223.3200,2.001700,1,-9.375000,13.028749,2.274654,7.979135,56.699241,0
2022-09-19,sz.002346,13.0600,13.7300,13.0600,13.4700,13.0500,5273569,71041477.0500,1.335900,1,3.218400,13.448065,2.347862,8.235935,58.524044,0
2022-09-20,sz.002346,13.5000,13.6900,13.3800,13.5600,13.4700,3316913,44838378.0200,0.840200,1,0.668200,13.537919,2.363549,8.290963,58.915073,0
2022-09-21,sz.002346,13.6200,13.6500,13.2800,13.4500,13.5600,2481800,33430710.0000,0.628700,1,-0.811200,13.428098,2.344375,8.223706,58.437148,0
2022-09-22,sz.002346,13.3100,13.7200,13.2800,13.4800,13.4500,2613900,35327622.0000,0.662100,1,0.223000,13.458049,2.349605,8.242049,58.567491,0
2022-09-23,sz.002346,13.5900,13.5900,13.0300,13.1300,13.4800,2679600,35482419.0000,0.678800,1,-2.596400,13.108619,2.288598,8.028049,57.046822,0
2022-09-26,sz.002346,13.0700,13.1800,12.8200,12.8600,13.1300,3417500,44458998.0000,0.865700,1,-2.056400,12.839059,2.241537,7.862964,55.873734,0
2022-09-27,sz.002346,13.0700,13.2400,12.8700,13.1000,12.8600,2573100,33532700.0000,0.651800,1,1.866300,13.078668,2.283369,8.009706,56.916479,0
2022-09-28,sz.002346,12.9100,12.9800,12.3800,12.4000,13.1000,4583940,57872804.1000,1.161200,1,-5.343500,12.379808,2.161357,7.581707,53.875140,0
2022-09-29,sz.002346,12.5100,12.7000,12.2400,12.3000,12.4000,2950300,36545911.0000,0.747400,1,-0.806500,12.279970,2.143927,7.520564,53.440663,0
2022-09-30,sz.002346,12.4000,12.4000,12.1400,12.2400,12.3000,2011500,24696356.3800,0.509500,1,-0.487800,12.220068,2.133469,7.483878,53.179977,0
2022-10-10,sz.002346,12.3400,12.4000,12.0100,12.1800,12.2400,2031223,24823152.1300,0.514500,1,-0.490200,12.160166,2.123011,7.447193,52.919291,0
2022-10-11,sz.002346,12.1900,12.4000,11.9300,12.1300,12.1800,2564893,31008497.0200,0.649700,1,-0.410500,12.110247,2.114295,7.416621,52.702053,0
2022-10-12,sz.002346,12.0600,12.6900,12.0600,12.6300,12.1300,3120400,38535645.0000,0.790400,1,4.122000,12.609433,2.201447,7.722335,54.874437,0
2022-10-13,sz.002346,12.8000,12.9600,12.6000,12.7700,12.6300,2971500,38065046.0000,0.752700,1,1.108500,12.749205,2.225849,7.807935,55.482705,0
2022-10-14,sz.002346,12.8100,13.1100,12.7400,13.0300,12.7700,3161600,41008863.0000,0.800900,1,2.036000,13.008782,2.271168,7.966906,56.612345,0
2022-10-17,sz.002346,13.0400,13.3800,12.9000,13.3100,13.0300,2716134,35874653.7600,0.688000,1,2.148900,13.288326,2.319973,8.138106,57.828881,0
2022-10-18,sz.002346,13.4000,13.4700,13.1400,13.3000,13.3100,2473676,32950314.6000,0.626600,1,-0.075100,13.278342,2.318230,8.131992,57.785433,0
2022-10-19,sz.002346,13.1400,13.5300,13.1400,13.3800,13.3000,2467249,32971140.6300,0.625000,1,0.601500,13.358212,2.332174,8.180906,58.133014,0
2022-10-20,sz.002346,13.2600,13.4600,12.9500,13.2000,13.3800,2686100,35412056.0000,0.680400,1,-1.345300,13.178505,2.300800,8.070849,57.350956,0
2022-10-21,sz.002346,13.2800,13.3400,13.1000,13.1800,13.2000,1653500,21845580.0000,0.418900,1,-0.151500,13.158537,2.297314,8.058621,57.264061,0
2022-10-24,sz.002346,13.2000,13.6700,13.0800,13.1300,13.1800,3695496,49543110.8800,0.936100,1,-0.379400,13.108619,2.288598,8.028049,57.046822,0
2022-10-25,sz.002346,13.2800,13.5000,13.0200,13.4000,13.1300,3111500,41328175.0000,0.788200,1,2.056400,13.378179,2.335660,8.193135,58.219910,0
2022-10-26,sz.002346,13.3600,14.5000,13.3000,13.9200,13.4000,6626341,91687172.4300,1.678600,1,3.880600,13.897332,2.426298,8.511077,60.479190,0
2022-10-27,sz.002346,13.7100,13.9700,13.5200,13.5400,13.9200,4418577,60808976.5300,1.119300,1,-2.729900,13.517951,2.360063,8.278735,58.828178,0
2022-10-28,sz.002346,13.4200,13.4300,12.7000,12.8200,13.5400,4053845,53094143.1300,1.026900,1,-5.317600,13.190188,2.208310,7.560229,56.914150,0
2022-10-31,sz.002346,12.7000,13.3200,12.7000,13.1500,12.8200,2882641,37749877.7300,0.730200,1,2.574100,13.529717,2.265154,7.754837,58.379178,0
2022-11-01,sz.002346,13.2300,13.4800,13.1400,13.4000,13.1500,2726592,36356313.4500,0.690700,1,1.901100,13.786936,2.308218,7.902268,59.489049,0
2022-11-02,sz.002346,13.5000,13.6200,13.2700,13.5300,13.4000,3046410,41100713.0000,0.771700,1,0.970100,13.920689,2.330611,7.978931,60.066181,0
2022-11-03,sz.002346,13.5300,13.7000,13.3800,13.5900,13.5300,2839600,38580925.0000,0.719300,1,0.443500,13.982422,2.340946,8.014315,60.332550,0
2022-11-04,sz.002346,13.7000,14.0300,13.6500,13.9400,13.5900,4612328,64009897.8800,1.168400,1,2.575400,14.342528,2.401235,8.220717,61.886369,0
2022-11-07,sz.002346,14.0000,14.5000,13.8300,14.2800,13.9400,6486734,91505772.5700,1.643200,1,2.439000,14.692346,2.459802,8.421222,63.395792,0
2022-11-08,sz.002346,14.2100,14.2100,13.7100,14.0500,14.2800,5633749,78326859.3700,1.427100,1,-1.610600,14.455705,2.420183,8.285586,62.374711,0
2022-11-09,sz.002346,14.3900,15.4600,14.3200,15.4600,14.0500,22414418,345156007.7200,5.677900,1,10.035600,15.906420,2.663063,9.117094,68.634380,0
2022-11-10,sz.002346,15.5100,16.3700,15.4600,15.8000,15.4600,32833471,521220660.3600,8.317200,1,2.199200,16.256237,2.721630,9.317599,70.143804,0
2022-11-11,sz.002346,15.5100,15.9000,14.9900,15.1400,15.8000,27773348,426041704.5400,7.035400,1,-4.177200,15.577179,2.607941,8.928383,67.213746,0
2022-11-14,sz.002346,14.8200,14.8500,14.5100,14.6600,15.1400,12663160,185749296.5400,3.207800,1,-3.170400,15.083319,2.525259,8.645317,65.082795,0
2022-11-15,sz.002346,14.5100,15.1300,14.4700,15.1100,14.6600,12824639,190198000.2200,3.248700,1,3.069600,15.546313,2.602774,8.910691,67.080562,0
2022-11-16,sz.002346,14.9100,15.4300,14.8100,14.9500,15.1100,14203709,214448054.4900,3.598000,1,-1.058900,15.381693,2.575213,8.816336,66.370245,0
2022-11-17,sz.002346,14.9500,14.9500,14.5000,14.6500,14.9500,8187153,119529499.8200,2.073900,1,-2.006700,15.073030,2.523536,8.639419,65.038400,0
2022-11-18,sz.002346,14.6200,15.1200,14.4200,14.9800,14.6500,13108742,195508354.0400,3.320600,1,2.252600,15.412559,2.580381,8.834027,66.503429,0
2022-11-21,sz.002346,14.7000,15.1600,14.5800,15.1500,14.9800,9779232,145902540.7200,2.477200,1,1.134800,15.587468,2.609664,8.934280,67.258141,0
2022-11-22,sz.002346,15.0700,15.0700,14.6000,14.7100,15.1500,7017500,104145334.4800,1.777600,1,-2.904300,15.134763,2.533872,8.674803,65.304769,0
2022-11-23,sz.002346,14.8000,14.8600,14.3400,14.6200,14.7100,5250246,76527985.6500,1.330000,1,-0.611800,15.042164,2.518369,8.621728,64.905216,0
2022-11-24,sz.002346,14.6500,14.7100,14.4700,14.5100,14.6200,4866605,70927778.9300,1.232800,1,-0.752400,14.928988,2.499421,8.556858,64.416873,0
2022-11-25,sz.002346,14.5600,14.5700,13.7400,13.7500,14.5100,8369974,117317174.6800,2.120200,1,-5.237800,14.147042,2.368507,8.108670,61.042867,0
2022-11-28,sz.002346,13.4800,13.6800,13.2800,13.6200,13.7500,3984909,53961553.3400,1.009400,1,-0.945500,14.013288,2.346114,8.032006,60.465735,0
2022-11-29,sz.002346,13.5500,13.7600,13.5200,13.7000,13.6200,4617221,63114594.9200,1.169600,1,0.587400,14.095598,2.359894,8.079184,60.820893,0
2022-11-30,sz.002346,13.7100,13.7800,13.3500,13.4700,13.7000,5675146,77027487.0200,1.437600,1,-1.678800,13.858957,2.320276,7.943548,59.799812,0
2022-12-01,sz.002346,13.6000,13.7900,13.5700,13.6300,13.4700,4391700,60045335.0000,1.112500,1,1.187800,14.023577,2.347836,8.037903,60.510129,0
2022-12-02,sz.002346,13.6700,13.8600,13.6700,13.7400,13.6300,3734227,51392061.7100,0.945900,1,0.807000,14.136753,2.366784,8.102773,60.998472,0
2022-12-05,sz.002346,13.8300,13.8700,13.6600,13.8200,13.7400,3811641,52401667.8300,0.965500,1,0.582200,14.219063,2.380565,8.149951,61.353631,0
2022-12-06,sz.002346,13.7800,13.8800,13.5500,13.8000,13.8200,4108762,56408349.1800,1.040800,1,-0.144700,14.198486,2.377120,8.138156,61.264841,0
2022-12-07,sz.002346,13.8100,13.8100,13.6400,13.7000,13.8000,3611237,49512180.3200,0.914800,1,-0.724600,14.095598,2.359894,8.079184,60.820893,0
2022-12-08,sz.002346,13.7500,13.7500,13.3000,13.3100,13.7000,5425555,73001937.3000,1.374400,1,-2.846700,13.694337,2.292715,7.849193,59.089495,0
2022-12-09,sz.002346,13.4000,13.4600,13.2100,13.3700,13.3100,2612671,34842794.8500,0.661800,1,0.450800,13.756069,2.303050,7.884576,59.355864,0
2022-12-12,sz.002346,13.4200,13.4500,13.1300,13.2900,13.3700,2695900,35745746.0000,0.682900,1,-0.598400,13.673759,2.289270,7.837398,59.000706,0
2022-12-13,sz.002346,13.2800,13.3900,13.0500,13.1400,13.2900,3374454,44586311.8000,0.854800,1,-1.128700,13.519428,2.263431,7.748940,58.334784,0
2022-12-14,sz.002346,13.2300,13.4800,13.1900,13.2600,13.1400,3969250,53033476.4100,1.005500,1,0.913200,13.642893,2.284102,7.819707,58.867521,0
2022-12-15,sz.002346,13.2100,13.4700,13.1300,13.4600,13.2600,3405822,45562294.6800,0.862700,1,1.508300,13.848668,2.318553,7.937651,59.755418,0
2022-12-16,sz.002346,13.3400,13.3800,13.0700,13.0900,13.4600,3251099,42850139.0200,0.823600,1,-2.748900,13.467984,2.254819,7.719454,58.112809,0
2022-12-19,sz.002346,13.0700,13.1500,12.6300,12.7000,13.0900,3558960,45570027.3000,0.901500,1,-2.979400,13.066722,2.187639,7.489463,56.381412,0
2022-12-20,sz.002346,12.6600,12.8300,12.6000,12.8000,12.7000,1631600,20803010.0000,0.413300,1,0.787400,13.169610,2.204865,7.548435,56.825360,0
2022-12-21,sz.002346,12.9100,12.9200,12.5500,12.6300,12.8000,1617129,20515062.9400,0.409600,1,-1.328100,12.994701,2.175581,7.448182,56.070648,0
2022-12-22,sz.002346,12.5800,12.7500,12.2300,12.3000,12.6300,2304800,28710532.0000,0.583800,1,-2.612800,12.655172,2.118737,7.253574,54.605619,0
2022-12-23,sz.002346,12.4400,12.4900,12.1800,12.3800,12.3000,1771300,21856335.0000,0.448700,1,0.650400,12.737482,2.132518,7.300752,54.960778,0
2022-12-26,sz.002346,12.3800,12.8100,12.3800,12.8000,12.3800,2602046,33036381.5000,0.659100,1,3.392600,13.169610,2.204865,7.548435,56.825360,0
2022-12-27,sz.002346,12.8000,12.8900,12.7100,12.8800,12.8000,2015200,25845862.0000,0.510500,1,0.625000,13.251920,2.218645,7.595612,57.180518,0
2022-12-28,sz.002346,12.8700,12.8700,12.6800,12.7400,12.8800,1595500,20331388.0000,0.404200,1,-1.087000,13.107878,2.194529,7.513051,56.558991,0
2022-12-29,sz.002346,12.7300,12.8400,12.6100,12.6200,12.7400,1733802,22001800.2700,0.439200,1,-0.941900,12.984412,2.173859,7.442285,56.026253,0
2022-12-30,sz.002346,12.6400,12.8100,12.6000,12.7800,12.6200,1566500,19921800.0000,0.396800,1,1.267800,13.149033,2.201420,7.536640,56.736570,0
2023-01-03,sz.002346,12.7700,13.2200,12.7100,13.1400,12.7800,3190529,41561778.6400,0.808200,1,2.816900,13.519428,2.263431,7.748940,58.334784,0
2023-01-04,sz.002346,13.0600,13.2500,13.0500,13.1500,13.1400,2001600,26319321.6000,0.507000,1,0.076100,13.529717,2.265154,7.754837,58.379178,0
2023-01-05,sz.002346,13.1700,13.3200,13.0800,13.2900,13.1500,2583829,34195542.2500,0.654500,1,1.064600,13.673759,2.289270,7.837398,59.000706,0
2023-01-06,sz.002346,13.2900,13.5300,13.2200,13.3400,13.2900,3648302,48877093.8000,0.924200,1,0.376200,13.725203,2.297882,7.866884,59.222680,0
2023-01-09,sz.002346,13.6000,13.6400,13.2700,13.3000,13.3400,3079569,41288980.7400,0.780100,1,-0.299900,13.684048,2.290992,7.843295,59.045101,0
2023-01-10,sz.002346,13.3000,13.6000,13.2600,13.4000,13.3000,3150498,42308845.1600,0.798100,1,0.751900,13.786936,2.308218,7.902268,59.489049,0
2023-01-11,sz.002346,13.5000,13.5400,13.1200,13.2500,13.4000,2945000,39084518.0000,0.746000,1,-1.119400,13.632604,2.282379,7.813809,58.823126,0
2023-01-12,sz.002346,13.5000,13.5000,13.1700,13.2800,13.2500,2221502,29531209.5400,0.562700,1,0.226400,13.663470,2.287547,7.831501,58.956311,0
2023-01-13,sz.002346,13.2800,13.3800,13.1600,13.3000,13.2800,2072204,27492467.0400,0.524900,1,0.150600,13.684048,2.290992,7.843295,59.045101,0
2023-01-16,sz.002346,13.2600,13.4500,13.1900,13.3300,13.3000,2238231,29858723.8800,0.567000,1,0.225600,13.714914,2.296160,7.860987,59.178285,0
2023-01-17,sz.002346,13.4000,13.4500,13.2600,13.3800,13.3300,1887254,25225697.5200,0.478100,1,0.375100,13.766358,2.304773,7.890473,59.400259,0
2023-01-18,sz.002346,13.3000,13.4300,13.3000,13.3800,13.3800,1565900,20952799.0000,0.396700,1,0.000000,13.766358,2.304773,7.890473,59.400259,0
2023-01-19,sz.002346,13.3900,13.4400,13.3500,13.3900,13.3800,1822023,24414198.2000,0.461500,1,0.074700,13.776647,2.306495,7.896370,59.444654,0
2023-01-20,sz.002346,13.3700,13.5400,13.3700,13.5200,13.3900,2755225,37158947.6000,0.697900,1,0.970900,13.910401,2.328888,7.973034,60.021786,0
2023-01-30,sz.002346,13.6800,13.8000,13.5800,13.6200,13.5200,4152199,56756151.3300,1.051800,1,0.739600,14.013288,2.346114,8.032006,60.465735,0
2023-01-31,sz.002346,13.6700,13.9000,13.6000,13.9000,13.6200,5278184,72747693.4700,1.337000,1,2.055800,14.301373,2.394345,8.197128,61.708789,0
2023-02-01,sz.002346,13.8500,14.0500,13.8100,14.0100,13.9000,4744020,66036903.8500,1.201700,1,0.791400,14.414550,2.413293,8.261998,62.197132,0
2023-02-02,sz.002346,14.1000,14.1000,13.8900,13.9200,14.0100,3471689,48398794.1000,0.879400,1,-0.642400,14.321951,2.397790,8.208923,61.797579,0
2023-02-03,sz.002346,13.9200,13.9600,13.6800,13.8800,13.9200,3663000,50604058.0000,0.927900,1,-0.287400,14.280796,2.390900,8.185334,61.620000,0
2023-02-06,sz.002346,13.8600,14.0400,13.7300,14.0400,13.8800,4156900,58035143.0000,1.053000,1,1.152700,14.445416,2.418461,8.279689,62.330317,0
2023-02-07,sz.002346,14.0200,14.1400,13.9600,14.0600,14.0400,3579100,50211094.0000,0.906600,1,0.142500,14.465994,2.421906,8.291484,62.419106,0
2023-02-08,sz.002346,14.0800,14.2700,13.9300,13.9300,14.0600,4290500,60345004.0000,1.086900,1,-0.924600,14.332240,2.399513,8.214820,61.841974,0
2023-02-09,sz.002346,13.9500,14.6600,13.8200,14.2500,13.9300,7998722,114133806.0400,2.026200,1,2.297200,14.661480,2.454634,8.403531,63.262608,0
2023-02-10,sz.002346,14.1600,14.3500,14.1000,14.1800,14.2500,5026101,71466771.1700,1.273200,1,-0.491200,14.589459,2.442577,8.362250,62.951844,0
2023-02-13,sz.002346,14.1900,14.4700,14.1800,14.4400,14.1800,5088096,72909554.6500,1.288900,1,1.833600,14.856966,2.487363,8.515578,64.106109,0
2023-02-14,sz.002346,14.4400,14.4400,14.2500,14.3500,14.4400,3781584,54191444.3200,0.957900,1,-0.623300,14.764368,2.471860,8.462503,63.706556,0
2023-02-15,sz.002346,14.3200,14.6400,14.3100,14.5600,14.3500,6486509,94220695.1800,1.643100,1,1.463400,14.980431,2.508034,8.586344,64.638847,0
2023-02-16,sz.002346,14.5600,14.6200,13.8800,13.9600,14.5600,7204100,102555720.0000,1.824900,1,-4.120900,14.363106,2.404680,8.232512,61.975158,0
2023-02-17,sz.002346,13.9600,14.1600,13.7700,13.8200,13.9600,3924706,54692602.7800,0.994200,1,-1.002900,14.219063,2.380565,8.149951,61.353631,0
2023-02-20,sz.002346,13.7200,13.9200,13.7000,13.9000,13.8200,3464875,47822136.7500,0.877700,1,0.578900,14.301373,2.394345,8.197128,61.708789,0
2023-02-21,sz.002346,13.9000,14.0700,13.8000,13.9100,13.9000,3257300,45399145.0000,0.825100,1,0.071900,14.311662,2.396068,8.203025,61.753184,0
2023-02-22,sz.002346,13.9500,15.3000,13.8300,14.9200,13.9100,27276177,406086290.2000,6.909500,1,7.261000,15.350827,2.570045,8.798644,66.237060,0
2023-02-23,sz.002346,14.9300,14.9400,14.4600,14.6400,14.9200,19493086,285509524.8300,4.937900,1,-1.876700,15.062742,2.521814,8.633522,64.994005,0
2023-02-24,sz.002346,14.5300,14.6600,14.3900,14.5200,14.6400,8361734,121245761.1100,2.118200,1,-0.819700,14.939276,2.501143,8.562756,64.461268,0
2023-02-27,sz.002346,14.4100,14.5400,14.1800,14.3300,14.5200,6476762,93085604.9100,1.640700,1,-1.308500,14.743790,2.468415,8.450708,63.617766,0
2023-02-28,sz.002346,14.3400,14.5300,14.0100,14.2600,14.3300,6467809,91891922.6300,1.638400,1,-0.488500,14.671769,2.456357,8.409428,63.307003,0
2023-03-01,sz.002346,14.2100,14.3500,14.1200,14.3500,14.2600,5349509,76258409.1100,1.355100,1,0.631100,14.764368,2.471860,8.462503,63.706556,0
2023-03-02,sz.002346,14.3500,14.3600,14.0000,14.0900,14.3500,6867300,97098010.0000,1.739600,1,-1.811800,14.496860,2.427074,8.309175,62.552291,0
2023-03-03,sz.002346,14.0400,14.2100,14.0300,14.0900,14.0900,3909581,55189911.2900,0.990400,1,0.000000,14.496860,2.427074,8.309175,62.552291,0
2023-03-06,sz.002346,14.0900,14.1200,13.9000,14.0800,14.0900,4011631,56082884.9800,1.016200,1,-0.071000,14.486571,2.425351,8.303278,62.507896,0
2023-03-07,sz.002346,14.0100,14.0400,13.6000,13.6100,14.0800,5373942,73963932.5100,1.361300,1,-3.338100,14.002999,2.344391,8.026109,60.421340,0
2023-03-08,sz.002346,13.5000,13.6600,13.4600,13.5700,13.6100,3103451,42103496.8900,0.786200,1,-0.293900,13.961844,2.337501,8.002520,60.243760,0
2023-03-09,sz.002346,13.6100,13.7700,13.5600,13.6700,13.5700,2735347,37391044.0400,0.692900,1,0.736900,14.064732,2.354727,8.061492,60.687709,0
2023-03-10,sz.002346,13.5500,13.6200,13.3100,13.4400,13.6700,2943263,39591226.7200,0.745600,1,-1.682500,13.828091,2.315108,7.925856,59.666628,0
2023-03-13,sz.002346,13.3500,13.5400,13.2500,13.4100,13.4400,2530900,33857053.0000,0.641100,1,-0.223200,13.797224,2.309940,7.908165,59.533443,0
2023-03-14,sz.002346,13.3500,13.4000,12.9200,13.1900,13.4100,3050348,40093865.1600,0.772700,1,-1.640600,13.570872,2.272044,7.778426,58.556758,0
2023-03-15,sz.002346,13.3000,13.4500,13.2700,13.4100,13.1900,1983004,26537263.1200,0.502300,1,1.667900,13.797224,2.309940,7.908165,59.533443,0
2023-03-16,sz.002346,13.3400,13.3500,13.0400,13.0600,13.4100,2229358,29357931.9400,0.564700,1,-2.610000,13.437118,2.249651,7.701762,57.979625,0
2023-03-17,sz.002346,13.1900,13.2100,13.0700,13.1200,13.0600,2019112,26530638.4600,0.511500,1,0.459400,13.498850,2.259986,7.737146,58.245994,0
2023-03-20,sz.002346,13.1200,13.8600,13.0000,13.4900,13.1200,5424594,73159322.5900,1.374100,1,2.820100,13.879534,2.323721,7.955342,59.888602,0
2023-03-21,sz.002346,13.3400,13.5800,13.1900,13.5600,13.4900,3633127,48797284.9500,0.920300,1,0.518900,13.951556,2.335778,7.996623,60.199366,0
2023-03-22,sz.002346,13.6400,13.6500,13.4900,13.6200,13.5600,2224317,30171832.2200,0.563500,1,0.442500,14.013288,2.346114,8.032006,60.465735,0
2023-03-23,sz.002346,13.5500,13.6200,13.5000,13.5900,13.6200,1982748,26881147.4400,0.502300,1,-0.220300,13.982422,2.340946,8.014315,60.332550,0
2023-03-24,sz.002346,13.5800,13.7100,13.5300,13.6200,13.5900,2781676,37857343.6200,0.704600,1,0.220800,14.013288,2.346114,8.032006,60.465735,0
2023-03-27,sz.002346,13.6100,13.6100,13.4400,13.6000,13.6200,1919326,25992076.5200,0.486200,1,-0.146800,13.992711,2.342669,8.020212,60.376945,0
2023-03-28,sz.002346,13.6000,13.6100,13.3400,13.3900,13.6000,1970976,26522934.9600,0.499300,1,-1.544100,13.776647,2.306495,7.896370,59.444654,0
2023-03-29,sz.002346,13.3900,13.4500,13.2000,13.2100,13.3900,1994352,26480955.2400,0.505200,1,-1.344300,13.591449,2.275489,7.790220,58.645547,0
2023-03-30,sz.002346,13.2900,13.2900,13.1400,13.2500,13.2100,1396700,18493447.0000,0.353800,1,0.302800,13.632604,2.282379,7.813809,58.823126,0
2023-03-31,sz.002346,13.3200,13.6000,13.2200,13.4400,13.2500,2362913,31815969.0000,0.598600,1,1.434000,13.828091,2.315108,7.925856,59.666628,0
2023-04-03,sz.002346,13.4300,13.5700,13.3400,13.5500,13.4400,2817283,37907466.6700,0.713700,1,0.818500,13.941267,2.334056,7.990726,60.154971,0
2023-04-04,sz.002346,13.5200,13.5500,13.2100,13.2700,13.5500,2607577,34786589.7500,0.660500,1,-2.066400,13.653182,2.285825,7.825604,58.911916,0
2023-04-06,sz.002346,13.3200,13.6000,13.2100,13.5600,13.2700,3189505,43054080.8900,0.808000,1,2.185400,13.951556,2.335778,7.996623,60.199366,0
2023-04-07,sz.002346,13.5500,13.5600,13.4700,13.4900,13.5600,1701700,22985816.0000,0.431100,1,-0.516200,13.879534,2.323721,7.955342,59.888602,0
2023-04-10,sz.002346,13.5200,13.6400,13.3300,13.3600,13.4900,1926411,25946001.8300,0.488000,1,-0.963700,13.745781,2.301327,7.878679,59.311469,0
2023-04-11,sz.002346,13.3600,13.4800,13.2200,13.3100,13.3600,1786130,23786726.3200,0.452500,1,-0.374300,13.694337,2.292715,7.849193,59.089495,0
2023-04-12,sz.002346,13.4000,13.4000,13.2700,13.3500,13.3100,1280415,17042454.3400,0.324300,1,0.300500,13.735492,2.299605,7.872781,59.267075,0
2023-04-13,sz.002346,13.3300,13.3600,13.0000,13.1300,13.3500,2429559,32048358.0800,0.615400,1,-1.647900,13.509139,2.261709,7.743043,58.290389,0
2023-04-14,sz.002346,13.1300,13.2500,13.0400,13.1300,13.1300,1432150,18808311.0000,0.362800,1,0.000000,13.509139,2.261709,7.743043,58.290389,0
2023-04-17,sz.002346,13.1300,13.2200,13.1000,13.1800,13.1300,1379534,18180063.1200,0.349500,1,0.380800,13.560583,2.270322,7.772529,58.512363,0
2023-04-18,sz.002346,13.1600,13.1700,12.9300,12.9500,13.1800,2457416,31925081.3600,0.622500,1,-1.745100,13.323941,2.230703,7.636893,57.491282,0
2023-04-19,sz.002346,12.9200,13.2800,12.6100,13.1400,12.9500,4888468,63353259.0800,1.238300,1,1.467200,13.519428,2.263431,7.748940,58.334784,0
2023-04-20,sz.002346,13.0400,13.0900,12.8300,12.8900,13.1400,1880954,24258222.3800,0.476500,1,-1.902600,13.262209,2.220368,7.601510,57.224913,0
2023-04-21,sz.002346,12.8500,12.8900,12.4000,12.4000,12.8900,2810148,35469417.3300,0.711900,1,-3.801400,12.758060,2.135963,7.312546,55.049567,0
2023-04-24,sz.002346,12.4000,12.6900,12.2000,12.5200,12.4000,1478832,18487828.3200,0.374600,1,0.967700,12.881525,2.156633,7.383313,55.582305,0
2023-04-25,sz.002346,12.5000,12.6400,12.2500,12.3600,12.5200,1607860,19933478.0400,0.407300,1,-1.278000,12.716905,2.129072,7.288957,54.871988,0
2023-04-26,sz.002346,12.3000,12.6300,12.3000,12.5400,12.3600,1626952,20418345.9200,0.412100,1,1.456300,12.902102,2.160078,7.395107,55.671095,0
2023-04-27,sz.002346,12.5000,12.6500,12.3900,12.4700,12.5400,1368234,17140940.1600,0.346600,1,-0.558200,12.830081,2.148020,7.353827,55.360331,0
2023-04-28,sz.002346,12.5100,12.6300,12.4800,12.6100,12.4700,1599000,20125694.0000,0.405100,1,1.122700,12.974124,2.172136,7.436388,55.981858,0
2023-05-04,sz.002346,12.7800,12.8700,12.5900,12.6300,12.6100,1712459,21748858.5800,0.433800,1,0.158600,12.455752,2.032469,7.661300,-305.599910,0
2023-05-05,sz.002346,12.6000,12.6100,12.3700,12.5000,12.6300,1416300,17643804.4000,0.358800,1,-1.029300,12.327546,2.011549,7.582443,-302.454384,0
2023-05-08,sz.002346,12.4600,12.6000,12.4600,12.5600,12.5000,1444874,18110158.6400,0.366000,1,0.480000,12.386718,2.021205,7.618839,-303.906165,0
2023-05-09,sz.002346,12.4600,12.5100,12.0400,12.0500,12.5600,3382686,41345202.5600,0.856900,1,-4.060500,11.883754,1.939134,7.309475,-291.566026,0
2023-05-10,sz.002346,12.1000,12.4900,12.0500,12.3800,12.0500,2321084,28532954.3100,0.588000,1,2.738600,12.209201,1.992238,7.509651,-299.550822,0
2023-05-11,sz.002346,12.3900,12.4600,12.3100,12.4200,12.3800,1142450,14169189.0000,0.289400,1,0.323100,12.248650,1.998675,7.533915,-300.518676,0
2023-05-12,sz.002346,12.4300,12.5300,12.2300,12.3100,12.4200,1222350,15085215.5000,0.309700,1,-0.885700,12.140167,1.980974,7.467190,-297.857077,0
2023-05-15,sz.002346,12.2500,12.5900,12.2500,12.5800,12.3100,1921155,23974082.3000,0.486700,1,2.193300,12.406442,2.024423,7.630970,-304.390092,0
2023-05-16,sz.002346,12.5700,12.7900,12.5100,12.6600,12.5800,1957676,24842671.5200,0.495900,1,0.635900,12.485338,2.037297,7.679498,-306.325800,0
2023-05-17,sz.002346,12.6600,12.7900,12.5700,12.7700,12.6600,1868573,23776893.5800,0.473400,1,0.868900,12.593821,2.054999,7.746224,-308.987399,0
2023-05-18,sz.002346,12.8200,12.8300,12.6400,12.7000,12.7700,1224289,15553807.7200,0.310100,1,-0.548200,12.524787,2.043734,7.703762,-307.293654,0
2023-05-19,sz.002346,12.6800,12.7600,12.6300,12.7300,12.7000,970700,12341376.0000,0.245900,1,0.236200,12.554373,2.048562,7.721960,-308.019545,0
2023-05-22,sz.002346,12.7000,12.9200,12.5600,12.9000,12.7300,1700004,21836859.8000,0.430700,1,1.335400,12.722027,2.075919,7.825081,-312.132924,0
2023-05-23,sz.002346,12.8500,12.8900,12.7100,12.7100,12.9000,1105095,14145447.2000,0.279900,1,-1.472900,12.534649,2.045343,7.709828,-307.535618,0
2023-05-24,sz.002346,12.8200,12.9800,12.6800,12.8400,12.7100,1540572,19824657.8000,0.390300,1,1.022800,12.662855,2.066263,7.788685,-310.681143,0
2023-05-25,sz.002346,12.7700,12.9000,12.6600,12.8200,12.8400,1573425,20118375.3200,0.398600,1,-0.155800,12.643131,2.063045,7.776553,-310.197216,0
2023-05-26,sz.002346,12.8000,12.8600,12.5700,12.6900,12.8200,1626039,20600000.0100,0.411900,1,-1.014000,12.514925,2.042125,7.697696,-307.051691,0
2023-05-29,sz.002346,12.7600,12.7600,12.4700,12.5100,12.6900,1524977,19133275.2700,0.386300,1,-1.418400,12.337408,2.013159,7.588509,-302.696347,0
2023-05-30,sz.002346,12.4100,12.6500,12.3900,12.6000,12.5100,1257333,15761725.2500,0.318500,1,0.719400,12.426166,2.027642,7.643102,-304.874019,0
2023-05-31,sz.002346,12.6100,12.6900,12.4000,12.4200,12.6000,1278534,15980220.6200,0.323900,1,-1.428600,12.248650,1.998675,7.533915,-300.518676,0
2023-06-01,sz.002346,12.3700,12.6500,12.3600,12.4900,12.4200,1471224,18418159.2000,0.372700,1,0.563600,12.317684,2.009940,7.576377,-302.212420,0
2023-06-02,sz.002346,12.5300,12.7600,12.4300,12.6800,12.4900,1869948,23681491.6400,0.473700,1,1.521200,12.505062,2.040516,7.691630,-306.809727,0
2023-06-05,sz.002346,12.7600,12.7600,12.6000,12.7300,12.6800,1186866,15061235.1800,0.300700,1,0.394300,12.554373,2.048562,7.721960,-308.019545,0
2023-06-06,sz.002346,12.6600,12.7000,12.5000,12.5000,12.7300,1608900,20222527.0000,0.407600,1,-1.806800,12.327546,2.011549,7.582443,-302.454384,0
2023-06-07,sz.002346,12.5200,12.5600,12.3000,12.3500,12.5000,1581848,19632151.3600,0.400700,1,-1.200000,12.179615,1.987411,7.491454,-298.824931,0
2023-06-08,sz.002346,12.2600,12.6400,12.2500,12.3300,12.3500,2980462,36914598.5600,0.755000,1,-0.161900,12.159891,1.984192,7.479322,-298.341004,0
2023-06-09,sz.002346,12.2300,12.3700,12.1000,12.1500,12.3300,2146653,26153624.6900,0.543800,1,-1.459900,11.982375,1.955226,7.370134,-293.985661,0
2023-06-12,sz.002346,12.1100,12.2000,12.0200,12.1400,12.1500,2040565,24732081.4700,0.516900,1,-0.082300,11.972512,1.953617,7.364068,-293.743698,0
2023-06-13,sz.002346,12.1400,12.3300,12.1400,12.2700,12.1400,1672599,20488086.7600,0.423700,1,1.070800,12.100719,1.974537,7.442926,-296.889223,0
2023-06-14,sz.002346,12.2900,12.3200,12.0400,12.0600,12.2700,2089784,25275861.3600,0.529400,1,-1.711500,11.893616,1.940743,7.315541,-291.807990,0
2023-06-15,sz.002346,12.0700,12.2300,11.8500,12.2100,12.0600,3045960,36770996.7200,0.771600,1,1.243800,12.041547,1.964881,7.406530,-295.437442,0
2023-06-16,sz.002346,12.1500,12.2800,12.1400,12.2500,12.2100,1698200,20779405.0000,0.430200,1,0.327600,12.080995,1.971318,7.430794,-296.405296,0
2023-06-19,sz.002346,12.2300,12.2900,12.0800,12.1100,12.2500,1588900,19287170.4700,0.402500,1,-1.142900,11.942926,1.948789,7.345871,-293.017807,0
2023-06-20,sz.002346,12.1100,12.1900,11.9700,12.1200,12.1100,1614267,19506010.4400,0.408900,1,0.082600,11.952788,1.950398,7.351937,-293.259771,0
2023-06-21,sz.002346,12.0400,12.2000,11.9500,11.9500,12.1200,1639353,19769555.9500,0.415300,1,-1.402600,11.785134,1.923041,7.248815,-289.146391,0
2023-06-26,sz.002346,11.9500,12.2800,11.8000,12.2500,11.9500,3358972,40560783.9000,0.850900,1,2.510500,12.080995,1.971318,7.430794,-296.405296,0
2023-06-27,sz.002346,12.2300,12.2400,12.0600,12.1700,12.2500,2139915,26007326.7200,0.542100,1,-0.653100,12.002099,1.958444,7.382266,-294.469588,0
2023-06-28,sz.002346,12.1700,12.3800,11.9500,12.3600,12.1700,3280333,40122037.0200,0.831000,1,1.561200,12.189477,1.989020,7.497519,-299.066895,0
2023-06-29,sz.002346,12.3600,12.5000,12.2900,12.3800,12.3600,2213295,27453984.6700,0.560700,1,0.161800,12.209201,1.992238,7.509651,-299.550822,0
2023-06-30,sz.002346,12.3500,12.5200,12.3500,12.4400,12.3800,1863888,23175648.2800,0.490100,1,0.484700,12.268374,2.001894,7.546047,-301.002603,0
2023-07-03,sz.002346,12.5000,12.6100,12.3900,12.4500,12.4400,2114767,26343397.6700,0.535700,1,0.080400,12.278236,2.003503,7.552113,-301.244566,0
2023-07-04,sz.002346,12.3000,12.3600,12.2300,12.2900,12.2500,1702589,20911541.0200,0.431300,1,0.326500,12.120443,1.977755,7.455058,-297.373150,0
2023-07-05,sz.002346,12.3000,12.3600,12.2100,12.2600,12.2900,1222800,15023043.0000,0.309800,1,-0.244100,12.090857,1.972928,7.436860,-296.647260,0
2023-07-06,sz.002346,12.2500,12.3000,12.1800,12.2400,12.2600,1321500,16170561.0000,0.334800,1,-0.163100,12.071133,1.969709,7.424728,-296.163333,0
2023-07-07,sz.002346,12.2200,12.2200,12.1000,12.1700,12.2400,1176177,14309275.9700,0.298000,1,-0.571900,12.002099,1.958444,7.382266,-294.469588,0
2023-07-10,sz.002346,12.1800,12.4500,12.1800,12.2900,12.1700,1538993,18980821.9700,0.389900,1,0.986000,12.120443,1.977755,7.455058,-297.373150,0
2023-07-11,sz.002346,12.2900,12.3900,12.2300,12.3800,12.2900,1312829,16191286.7300,0.332600,1,0.732300,12.209201,1.992238,7.509651,-299.550822,0
2023-07-12,sz.002346,12.4200,12.4200,12.2400,12.2700,12.3800,1229400,15169455.0000,0.311400,1,-0.888500,12.100719,1.974537,7.442926,-296.889223,0
2023-07-13,sz.002346,12.2800,12.4300,12.2000,12.3400,12.2700,1424456,17588824.4800,0.360800,1,0.570500,12.169753,1.985801,7.485388,-298.582968,0
2023-07-14,sz.002346,12.4000,12.4000,12.2100,12.2700,12.3400,1184400,14571133.0000,0.300000,1,-0.567300,12.100719,1.974537,7.442926,-296.889223,0
2023-07-17,sz.002346,12.3000,12.4500,12.2100,12.4200,12.2700,1717353,21251721.7300,0.435000,1,1.222500,12.248650,1.998675,7.533915,-300.518676,0
2023-07-18,sz.002346,12.4100,12.5100,12.2900,12.4900,12.4200,1550220,19268804.7000,0.392700,1,0.563600,12.317684,2.009940,7.576377,-302.212420,0
2023-07-19,sz.002346,12.5200,12.7400,12.3900,12.4400,12.4900,1653714,20708835.2900,0.418900,1,-0.400300,12.268374,2.001894,7.546047,-301.002603,0
2023-07-20,sz.002346,12.4900,12.5200,12.2600,12.2800,12.4400,1520546,18810796.7000,0.385200,1,-1.286200,12.110581,1.976146,7.448992,-297.131187,0
2023-07-21,sz.002346,12.2900,12.3600,12.1600,12.1900,12.2800,1159621,14180865.7700,0.293800,1,-0.732900,12.021823,1.961663,7.394398,-294.953515,0
2023-07-24,sz.002346,12.1900,12.2300,12.0800,12.1500,12.1900,903300,10981658.6200,0.228800,1,-0.328100,11.982375,1.955226,7.370134,-293.985661,0
2023-07-25,sz.002346,12.2800,12.3500,12.1600,12.3400,12.1500,1402617,17245230.6500,0.355300,1,1.563800,12.169753,1.985801,7.485388,-298.582968,0
2023-07-26,sz.002346,12.3300,12.3900,12.2500,12.3500,12.3400,934476,11509774.1800,0.236700,1,0.081000,12.179615,1.987411,7.491454,-298.824931,0
2023-07-27,sz.002346,12.3500,12.4200,12.2900,12.3000,12.3500,1081700,13367898.0000,0.274000,1,-0.404900,12.130305,1.979365,7.461124,-297.615114,0
2023-07-28,sz.002346,12.3700,12.3700,12.1300,12.2900,12.3000,1290200,15817359.0000,0.326800,1,-0.081300,12.120443,1.977755,7.455058,-297.373150,0
2023-07-31,sz.002346,12.3300,12.5500,12.2500,12.4800,12.2900,2409002,29948304.8000,0.610300,1,1.546000,12.307822,2.008331,7.570311,-301.970457,0
2023-08-01,sz.002346,12.8500,12.8700,12.5300,12.5500,12.4800,4753827,60142073.5200,1.204300,1,0.560900,12.376856,2.019595,7.612773,-303.664201,0
2023-08-02,sz.002346,12.5200,12.6500,12.4300,12.5600,12.5500,2198338,27530065.2000,0.556900,1,0.079700,12.386718,2.021205,7.618839,-303.906165,0
2023-08-03,sz.002346,12.5000,12.5100,12.3600,12.4000,12.5600,1576707,19568068.7000,0.399400,1,-1.273900,12.228925,1.995457,7.521783,-300.034749,0
2023-08-04,sz.002346,12.4300,12.5000,12.3500,12.3800,12.4000,1773899,21997863.1100,0.449400,1,-0.161300,12.209201,1.992238,7.509651,-299.550822,0
2023-08-07,sz.002346,12.3200,12.3800,12.1500,12.2000,12.3800,1676852,20504105.3200,0.424800,1,-1.454000,12.031685,1.963272,7.400464,-295.195479,0
2023-08-08,sz.002346,12.2700,12.2900,12.1000,12.1700,12.2000,1426676,17372940.4000,0.361400,1,-0.245900,12.002099,1.958444,7.382266,-294.469588,0
2023-08-09,sz.002346,12.1600,12.2200,12.1100,12.1100,12.1700,895772,10861032.9200,0.226900,1,-0.493000,11.942926,1.948789,7.345871,-293.017807,0
2023-08-10,sz.002346,12.0900,12.1900,12.0900,12.1400,12.1100,698950,8484756.9000,0.177100,1,0.247700,11.972512,1.953617,7.364068,-293.743698,0
2023-08-11,sz.002346,12.1600,12.1600,11.8800,11.8800,12.1400,1429036,17150761.7600,0.362000,1,-2.141700,11.716100,1.911776,7.206354,-287.452647,0
2023-08-14,sz.002346,11.7900,12.1400,11.7500,12.0500,11.8800,1507752,17965974.6000,0.381900,1,1.431000,11.883754,1.939134,7.309475,-291.566026,0
2023-08-15,sz.002346,12.0200,12.0800,11.9000,11.9500,12.0500,742300,8877235.0000,0.188000,1,-0.829900,11.785134,1.923041,7.248815,-289.146391,0
2023-08-16,sz.002346,11.9700,11.9900,11.8700,11.8700,11.9500,721476,8596337.4000,0.182800,1,-0.669500,11.706238,1.910167,7.200288,-287.210683,0
2023-08-17,sz.002346,11.9900,12.1000,11.7600,12.0500,11.8700,1333900,15973523.0000,0.337900,1,1.516400,11.883754,1.939134,7.309475,-291.566026,0
2023-08-18,sz.002346,12.0400,12.1000,11.9400,11.9600,12.0500,910300,10945577.0000,0.230600,1,-0.746900,11.794996,1.924650,7.254881,-289.388355,0
2023-08-21,sz.002346,11.9300,12.0200,11.8300,11.8400,11.9600,858752,10226511.1600,0.217500,1,-1.003300,11.676651,1.905339,7.182090,-286.484792,0
2023-08-22,sz.002346,11.8400,11.9300,11.4900,11.6500,11.8400,1853400,21565397.0000,0.469500,1,-1.604700,11.489273,1.874764,7.066837,-281.887486,0
2023-08-23,sz.002346,11.6800,11.8000,11.4500,11.5500,11.6500,1401500,16270214.0000,0.355000,1,-0.858400,11.390652,1.858672,7.006177,-279.467851,0
2023-08-24,sz.002346,11.6800,12.5800,11.6800,12.0000,11.5500,4063198,49264412.7200,1.068500,1,3.896100,11.654383,1.861619,7.246130,-52.002815,0
2023-08-25,sz.002346,11.8800,12.3600,11.8800,11.9600,12.0000,3287870,39941947.4800,0.864600,1,-0.333300,11.615535,1.855414,7.221976,-51.829473,0
2023-08-28,sz.002346,12.4900,12.6200,11.9100,11.9800,11.9600,3118732,38104254.2000,0.820100,1,0.167200,11.634959,1.858516,7.234053,-51.916144,0
2023-08-29,sz.002346,11.8700,12.4900,11.8500,12.3400,11.9800,3549465,43482782.2400,0.933400,1,3.005000,11.984590,1.914365,7.451437,-53.476228,0
2023-08-30,sz.002346,12.2700,12.4300,12.2400,12.2900,12.3400,1942300,23937274.0000,0.510800,1,-0.405200,11.936030,1.906608,7.421245,-53.259550,0
2023-08-31,sz.002346,12.2200,12.3600,12.1400,12.2200,12.2900,1486841,18191115.1500,0.391000,1,-0.569600,11.868046,1.895749,7.378976,-52.956200,0
2023-09-01,sz.002346,12.2700,12.2700,12.1300,12.1500,12.2200,1074400,13085642.0000,0.282500,1,-0.572800,11.800062,1.884889,7.336707,-52.652850,0
2023-09-04,sz.002346,12.1300,12.3500,12.1300,12.3200,12.1500,1631000,19983163.0000,0.428900,1,1.399200,11.965166,1.911262,7.439360,-53.389557,0
2023-09-05,sz.002346,12.3000,12.4300,12.2500,12.3900,12.3200,1542117,19020106.6700,0.405500,1,0.568200,12.033150,1.922122,7.481629,-53.692907,0
2023-09-06,sz.002346,12.3700,12.4700,12.2100,12.4300,12.3900,1785556,22111456.9600,0.469500,1,0.322800,12.071998,1.928327,7.505783,-53.866249,0
2023-09-07,sz.002346,12.4400,12.4400,12.1700,12.1700,12.4300,1556300,19076708.0000,0.409200,1,-2.091700,11.819486,1.887992,7.348783,-52.739522,0
2023-09-08,sz.002346,12.1500,12.3200,12.0900,12.2700,12.1700,1096800,13389406.0000,0.288400,1,0.821700,11.916606,1.903506,7.409168,-53.172879,0
2023-09-11,sz.002346,12.2700,12.4500,12.1700,12.2200,12.2700,2584632,31766787.4400,0.679700,1,-0.407500,11.868046,1.895749,7.378976,-52.956200,0
2023-09-12,sz.002346,12.2600,12.2600,12.1000,12.1500,12.2200,1190900,14490182.0000,0.313200,1,-0.572800,11.800062,1.884889,7.336707,-52.652850,0
2023-09-13,sz.002346,12.1500,12.1900,11.9000,11.9700,12.1500,1792400,21520225.0000,0.471300,1,-1.481500,11.625247,1.856965,7.228015,-51.872808,0
2023-09-14,sz.002346,12.0200,12.1000,11.8500,11.9500,11.9700,1100500,13137364.0000,0.289400,1,-0.167100,11.605823,1.853862,7.215938,-51.786137,0
2023-09-15,sz.002346,11.9400,12.0800,11.8700,12.0800,11.9500,1222800,14658176.0000,0.321500,1,1.087900,11.732079,1.874030,7.294437,-52.349501,0
2023-09-18,sz.002346,12.0000,12.0000,11.8000,11.8400,12.0800,2145300,25430394.0000,0.564100,1,-1.986800,11.498991,1.836797,7.149515,-51.309444,0
2023-09-19,sz.002346,11.8000,11.8500,11.6900,11.7500,11.8400,1187872,13949768.0000,0.312400,1,-0.760100,11.411583,1.822835,7.095169,-50.919423,0
2023-09-20,sz.002346,11.7700,11.8400,11.7100,11.7100,11.7500,950486,11190168.0800,0.249900,1,-0.340400,11.372735,1.816630,7.071015,-50.746081,0
2023-09-21,sz.002346,11.6900,11.7700,11.6500,11.7100,11.7100,950000,11122475.0000,0.249800,1,0.000000,11.372735,1.816630,7.071015,-50.746081,0
2023-09-22,sz.002346,11.7000,11.9200,11.6700,11.9100,11.7100,1184400,14007794.0000,0.311500,1,1.707900,11.566975,1.847657,7.191784,-51.612794,0
2023-09-25,sz.002346,11.9200,12.0400,11.9000,11.9200,11.9100,1187300,14201983.0000,0.312200,1,0.084000,11.576687,1.849208,7.197822,-51.656130,0
2023-09-26,sz.002346,11.9000,11.9900,11.8400,11.8400,11.9200,701800,8350698.0000,0.184500,1,-0.671100,11.498991,1.836797,7.149515,-51.309444,0
2023-09-27,sz.002346,11.8800,12.0300,11.7900,11.9700,11.8400,1299300,15560870.0000,0.341700,1,1.098000,11.625247,1.856965,7.228015,-51.872808,0
2023-09-28,sz.002346,11.9900,12.1100,11.9800,12.0600,11.9700,985700,11871217.0000,0.259200,1,0.751900,11.712655,1.870927,7.282361,-52.262829,0
2023-10-09,sz.002346,12.0700,12.2000,12.0000,12.1600,12.0600,1714141,20810969.9700,0.450800,1,0.829200,11.809774,1.886441,7.342745,-52.696186,0
2023-10-10,sz.002346,12.1800,12.2400,12.0900,12.1200,12.1600,1472642,17886452.0800,0.387200,1,-0.328900,11.770927,1.880235,7.318591,-52.522843,0
2023-10-11,sz.002346,12.1300,12.1800,12.0600,12.1100,12.1200,1243310,15052055.0000,0.326900,1,-0.082500,11.761215,1.878684,7.312553,-52.479508,0
2023-10-12,sz.002346,12.1600,12.1900,12.0400,12.1500,12.1100,1106810,13419250.4000,0.291000,1,0.330300,11.800062,1.884889,7.336707,-52.652850,0
2023-10-13,sz.002346,12.1600,12.1800,12.0500,12.1000,12.1500,1254868,15187468.8000,0.330000,1,-0.411500,11.751503,1.877133,7.306514,-52.436172,0
2023-10-16,sz.002346,12.1100,12.1200,11.8700,11.9400,12.1000,1498400,17915254.0000,0.394000,1,-1.322300,11.596111,1.852311,7.209899,-51.742801,0
2023-10-17,sz.002346,12.0000,12.0300,11.8500,11.9200,11.9400,1296100,15433657.0000,0.340800,1,-0.167500,11.576687,1.849208,7.197822,-51.656130,0
2023-10-18,sz.002346,11.8300,11.8600,11.6200,11.6400,11.9200,1391900,16296934.0000,0.366000,1,-2.349000,11.304751,1.805770,7.028746,-50.442731,0
2023-10-19,sz.002346,11.5400,11.6600,11.4500,11.4500,11.6400,1809100,20872938.0000,0.475700,1,-1.632300,11.120223,1.776295,6.914016,-49.619353,0
2023-10-20,sz.002346,11.4400,11.7300,11.4200,11.5200,11.4500,2305303,26745131.6200,0.606200,1,0.611400,11.188207,1.787154,6.956285,-49.922703,0
2023-10-23,sz.002346,11.3800,11.5900,11.1500,11.2200,11.5200,1704193,19270675.9000,0.448100,1,-2.604200,10.896848,1.740614,6.775131,-48.622632,0
2023-10-24,sz.002346,11.2900,11.4400,11.1300,11.4000,11.2200,1358376,15380869.7200,0.357200,1,1.604300,11.071664,1.768538,6.883823,-49.402674,0
2023-10-25,sz.002346,11.4700,11.6500,11.4700,11.5100,11.4000,1337141,15418030.7100,0.351600,1,0.964900,11.178495,1.785603,6.950246,-49.879367,0
2023-10-26,sz.002346,11.4400,11.6400,11.3000,11.6300,11.5100,1133187,13001600.7600,0.298000,1,1.042600,11.295039,1.804219,7.022708,-50.399395,0
2023-10-27,sz.002346,11.5100,11.8200,11.5100,11.7700,11.6300,1715100,20143163.0000,0.451000,1,1.203800,11.431007,1.825938,7.107246,-51.006095,0
2023-10-30,sz.002346,11.7800,11.9500,11.7300,11.9000,11.7700,1545629,18336592.6800,0.406400,1,1.104500,11.557263,1.846106,7.185745,-51.569458,0
2023-10-31,sz.002346,11.5100,11.7700,11.2900,11.3600,11.9000,5643113,64420183.8200,1.483900,1,-4.537800,14.646588,1.779883,6.638623,-81.610473,0
2023-11-01,sz.002346,11.3600,11.4400,11.2600,11.3300,11.3600,2308065,26178925.4500,0.606900,1,-0.264100,14.607908,1.775183,6.621092,-81.394953,0
2023-11-02,sz.002346,11.2600,11.4100,11.2100,11.2200,11.3300,1597546,18005136.0100,0.420100,1,-0.970900,14.466084,1.757948,6.556809,-80.604710,0
2023-11-03,sz.002346,11.2300,11.4800,11.2300,11.3600,11.2200,2014403,22945295.3200,0.529700,1,1.247800,14.646588,1.779883,6.638623,-81.610473,0
2023-11-06,sz.002346,11.4400,11.5800,11.4000,11.5300,11.3600,2268700,26111302.0000,0.596600,1,1.496500,14.865771,1.806519,6.737969,-82.831757,0
2023-11-07,sz.002346,11.5500,11.5800,11.4000,11.5600,11.5300,1950539,22417956.0600,0.512900,1,0.260200,14.904450,1.811219,6.755500,-83.047277,0
2023-11-08,sz.002346,11.5600,11.6400,11.4600,11.5800,11.5600,1672918,19314772.4400,0.439900,1,0.173000,14.930236,1.814353,6.767188,-83.190958,0
2023-11-09,sz.002346,11.5800,11.6200,11.5200,11.5500,11.5800,1054700,12189523.0000,0.277300,1,-0.259100,14.891557,1.809653,6.749657,-82.975437,0
2023-11-10,sz.002346,11.5600,11.6500,11.4500,11.6100,11.5500,1440600,16658197.0000,0.378800,1,0.519500,14.968916,1.819053,6.784720,-83.406478,0
2023-11-13,sz.002346,11.6700,11.6900,11.5800,11.6700,11.6100,1254460,14602394.8000,0.329900,1,0.516800,15.046275,1.828454,6.819783,-83.837520,0
2023-11-14,sz.002346,11.6900,11.7100,11.6200,11.6500,11.6700,1096941,12779657.8900,0.288500,1,-0.171400,15.020488,1.825321,6.808095,-83.693839,0
2023-11-15,sz.002346,11.6900,11.7600,11.6600,11.7500,11.6500,1955542,22922280.5000,0.514200,1,0.858400,15.149420,1.840989,6.866534,-84.412241,0
2023-11-16,sz.002346,11.7300,11.7600,11.6000,11.6000,11.7500,1260300,14689804.0000,0.331400,1,-1.276600,14.956023,1.817487,6.778876,-83.334638,0
2023-11-17,sz.002346,11.5900,11.7100,11.5400,11.6700,11.6000,1309864,15245503.4200,0.344400,1,0.603400,15.046275,1.828454,6.819783,-83.837520,0
2023-11-20,sz.002346,11.6700,11.7200,11.5700,11.7200,11.6700,1477908,17208845.8800,0.388600,1,0.428400,15.110740,1.836288,6.849002,-84.196721,0
2023-11-21,sz.002346,11.7200,11.7500,11.6200,11.6400,11.7200,1534301,17945538.6400,0.403500,1,-0.682600,15.007595,1.823754,6.802251,-83.621999,0
2023-11-22,sz.002346,11.6300,11.6900,11.5000,11.5200,11.6400,1624034,18797426.0600,0.427100,1,-1.030900,14.852878,1.804952,6.732125,-82.759917,0
2023-11-23,sz.002346,11.4800,11.6300,11.4800,11.6000,11.5200,1255156,14533583.3600,0.330100,1,0.694400,14.956023,1.817487,6.778876,-83.334638,0
2023-11-24,sz.002346,11.6000,11.6100,11.4400,11.5000,11.6000,1412900,16244178.0000,0.371500,1,-0.862100,14.827091,1.801819,6.720437,-82.616236,0
2023-11-27,sz.002346,11.4400,11.5700,11.4200,11.5100,11.5000,1393500,16033416.0000,0.366400,1,0.087000,14.839985,1.803385,6.726281,-82.688076,0
2023-11-28,sz.002346,11.5100,11.6800,11.4200,11.6700,11.5100,1621071,18817174.4400,0.426300,1,1.390100,15.046275,1.828454,6.819783,-83.837520,0
2023-11-29,sz.002346,11.6800,11.7600,11.6400,11.6500,11.6700,1245400,14562716.0000,0.327500,1,-0.171400,15.020488,1.825321,6.808095,-83.693839,0
2023-11-30,sz.002346,11.6600,11.6800,11.3400,11.4500,11.6500,1764271,20247156.2100,0.463900,1,-1.716700,14.762626,1.793985,6.691218,-82.257035,0
2023-12-01,sz.002346,11.4300,11.4600,11.2100,11.3000,11.4500,1986335,22448115.7500,0.522300,1,-1.310000,14.569229,1.770483,6.603560,-81.179432,0
2023-12-04,sz.002346,11.3700,11.3700,11.2400,11.2900,11.3000,1204100,13581482.0000,0.316600,1,-0.088500,14.556336,1.768916,6.597716,-81.107592,0
2023-12-05,sz.002346,11.2900,11.3400,11.1300,11.1300,11.2900,1786011,20053989.6500,0.469700,1,-1.417200,14.350046,1.743847,6.504215,-79.958149,0
2023-12-06,sz.002346,11.1700,11.3900,11.1100,11.2900,11.1300,2176608,24543431.3200,0.572400,1,1.437600,14.556336,1.768916,6.597716,-81.107592,0
2023-12-07,sz.002346,11.2600,11.2800,11.1000,11.2000,11.2900,1641408,18324187.5200,0.431600,1,-0.797200,14.440298,1.754815,6.545122,-80.461030,0
2023-12-08,sz.002346,11.1900,11.2400,10.9100,10.9400,11.2000,2440100,26946587.0000,0.641700,1,-2.321400,14.105077,1.714078,6.393181,-78.593185,0
2023-12-11,sz.002346,10.8400,11.0800,10.7500,11.0500,10.9400,1345800,14710428.0000,0.353900,1,1.005500,14.246901,1.731313,6.457464,-79.383427,0
2023-12-12,sz.002346,11.0500,11.0700,10.9500,11.0600,11.0500,1013900,11163813.0000,0.266600,1,0.090500,14.259794,1.732880,6.463307,-79.455267,0
2023-12-13,sz.002346,11.1000,11.1400,10.9300,11.0200,11.0600,912571,10079559.1300,0.240000,1,-0.361700,14.208222,1.726612,6.439932,-79.167906,0
2023-12-14,sz.002346,11.0200,11.1300,11.0200,11.0700,11.0200,1199800,13306626.0000,0.315500,1,0.453700,14.272687,1.734446,6.469151,-79.527107,0
2023-12-15,sz.002346,11.0700,11.1600,11.0000,11.0300,11.0700,845400,9345038.0000,0.222300,1,-0.361300,14.221115,1.728179,6.445776,-79.239747,0
2023-12-18,sz.002346,11.0400,11.1000,10.7900,10.8100,11.0300,1251400,13607020.0000,0.329100,1,-1.994600,13.937466,1.693710,6.317211,-77.659262,0
2023-12-19,sz.002346,10.8100,10.9300,10.7600,10.8700,10.8100,783446,8484078.7200,0.206000,1,0.555000,14.014825,1.703110,6.352274,-78.090303,0
2023-12-20,sz.002346,10.8700,10.9500,10.8100,10.8200,10.8700,872600,9496745.0000,0.229500,1,-0.460000,13.950359,1.695276,6.323055,-77.731102,0
2023-12-21,sz.002346,10.8200,11.0100,10.6600,10.9800,10.8200,1528677,16592875.3600,0.402000,1,1.478700,14.156649,1.720345,6.416557,-78.880546,0
2023-12-22,sz.002346,10.9900,11.0800,10.8300,10.9800,10.9800,1358100,14888919.0000,0.357100,1,0.000000,14.156649,1.720345,6.416557,-78.880546,0
2023-12-25,sz.002346,10.9300,11.0000,10.8000,10.8500,10.9800,882035,9593160.1500,0.231900,1,-1.184000,13.989038,1.699977,6.340586,-77.946623,0
2023-12-26,sz.002346,10.8800,10.8800,10.6600,10.7300,10.8500,801935,8614044.4500,0.210900,1,-1.106000,13.834321,1.681175,6.270460,-77.084540,0
2023-12-27,sz.002346,10.7300,10.7400,10.5900,10.7100,10.7300,791100,8445828.0000,0.208000,1,-0.186400,13.808535,1.678042,6.258772,-76.940860,0
2023-12-28,sz.002346,10.7600,11.1400,10.6800,11.1000,10.7100,2249773,24761449.5700,0.591600,1,3.641500,14.311367,1.739147,6.486683,-79.742628,0
2023-12-29,sz.002346,11.1300,11.2000,11.0800,11.1500,11.1000,1351400,15061182.0000,0.355400,1,0.450500,14.375832,1.746981,6.515902,-80.101829,0
2024-01-02,sz.002346,11.2100,11.3000,11.1900,11.2300,11.1500,1476000,16607208.0000,0.388100,1,0.717500,14.478977,1.759515,6.562653,-80.676551,0
2024-01-03,sz.002346,11.2800,11.3200,11.1500,11.2300,11.2300,1347300,15127384.0000,0.354300,1,0.000000,14.478977,1.759515,6.562653,-80.676551,0
2024-01-04,sz.002346,11.2300,11.3000,11.0900,11.1100,11.2300,1171800,13085059.0000,0.308100,1,-1.068600,14.324260,1.740714,6.492527,-79.814468,0
2024-01-05,sz.002346,11.1100,11.2500,10.9900,11.0300,11.1100,1291200,14351318.0000,0.339500,1,-0.720100,14.221115,1.728179,6.445776,-79.239747,0
2024-01-08,sz.002346,11.0300,11.0600,10.8100,10.8100,11.0300,1215500,13295173.0000,0.319600,1,-1.994600,13.937466,1.693710,6.317211,-77.659262,0
2024-01-09,sz.002346,10.8200,11.0900,10.8000,10.9100,10.8100,1116100,12193736.0000,0.293500,1,0.925100,14.066397,1.709378,6.375650,-78.377664,0
2024-01-10,sz.002346,10.9200,11.0400,10.7500,10.9300,10.9100,1052400,11506419.0000,0.276700,1,0.183300,14.092183,1.712511,6.387337,-78.521344,0
2024-01-11,sz.002346,10.9100,11.1200,10.8300,11.0400,10.9300,1419332,15567769.2000,0.373200,1,1.006400,14.234008,1.729746,6.451620,-79.311587,0
2024-01-12,sz.002346,11.1000,11.2300,11.0500,11.0800,11.0400,978600,10905976.0000,0.257300,1,0.362300,14.285580,1.736013,6.474995,-79.598948,0
2024-01-15,sz.002346,11.0600,11.1700,11.0000,11.1400,11.0800,1078432,11984558.0000,0.283600,1,0.541500,14.362939,1.745414,6.510058,-80.029989,0
2024-01-16,sz.002346,11.1500,11.2400,11.0200,11.2100,11.1400,1638100,18230332.0000,0.430800,1,0.628400,14.453191,1.756382,6.550965,-80.532870,0
2024-01-17,sz.002346,11.1800,11.2600,11.0200,11.0400,11.2100,2206200,24670751.3300,0.580100,1,-1.516500,14.234008,1.729746,6.451620,-79.311587,0
2024-01-18,sz.002346,10.9400,11.1200,10.5000,10.9000,11.0400,2895638,31209121.0200,0.761400,1,-1.268100,14.053504,1.707811,6.369806,-78.305824,0
2024-01-19,sz.002346,10.8400,10.9100,10.6200,10.6400,10.9000,1482442,15933572.7200,0.389800,1,-2.385300,13.718283,1.667074,6.217865,-76.437979,0
2024-01-22,sz.002346,10.6500,10.7200,9.9000,9.9900,10.6400,2680373,27527035.2700,0.704800,1,-6.109000,12.880230,1.565232,5.838015,-71.768365,0
2024-01-23,sz.002346,10.0000,10.0900,9.6800,9.9600,9.9900,1917900,18971984.0000,0.504300,1,-0.300300,12.841551,1.560532,5.820483,-71.552845,0
2024-01-24,sz.002346,9.9600,10.2800,9.7600,10.1200,9.9600,2144500,21558882.0000,0.563900,1,1.606400,13.047841,1.585600,5.913985,-72.702288,0
2024-01-25,sz.002346,10.0900,10.5200,9.9700,10.4800,10.1200,2107600,21735471.0000,0.554200,1,3.557300,13.511993,1.642005,6.124364,-75.288535,0
2024-01-26,sz.002346,10.4900,10.5900,10.3800,10.4800,10.4800,1616055,16918587.4000,0.425000,1,0.000000,13.511993,1.642005,6.124364,-75.288535,0
2024-01-29,sz.002346,10.4200,10.5300,10.0700,10.1200,10.4800,1526487,15629786.0400,0.401400,1,-3.435100,13.047841,1.585600,5.913985,-72.702288,0
2024-01-30,sz.002346,10.0600,10.2100,9.7400,9.7600,10.1200,1513876,15108177.3200,0.398100,1,-3.557300,12.583688,1.529196,5.703606,-70.116040,0
2024-01-31,sz.002346,9.8400,9.8400,9.2200,9.3400,9.7600,2482213,23450274.4200,0.652700,1,-4.303300,12.042177,1.463390,5.458164,-67.098752,0
2024-02-01,sz.002346,9.5800,9.5800,9.0200,9.1100,9.3400,2056300,18919576.0000,0.540700,1,-2.462500,11.745635,1.427354,5.323755,-65.446427,0
2024-02-02,sz.002346,9.1900,9.1900,8.2100,8.5600,9.1100,3294400,28675630.0000,0.866300,1,-6.037300,11.036513,1.341180,5.002343,-61.495216,0
2024-02-05,sz.002346,8.4700,8.4700,7.7000,7.7000,8.5600,3662834,28956524.5000,0.963200,1,-10.046700,9.927705,1.206435,4.499771,-55.316958,0
2024-02-06,sz.002346,7.7100,8.3000,7.2800,8.0500,7.7000,3384116,26142270.3900,0.889900,1,4.545500,10.378964,1.261273,4.704306,-57.831365,0
2024-02-07,sz.002346,8.1300,8.1800,7.8600,7.9800,8.0500,2293915,18348917.4700,0.603200,1,-0.869600,10.288712,1.250305,4.663399,-57.328484,0
2024-02-08,sz.002346,8.0000,8.6600,7.9800,8.5400,7.9800,3491021,29099871.6400,0.918000,1,7.017500,11.010727,1.338046,4.990655,-61.351535,0
2024-02-19,sz.002346,8.6300,8.9900,8.6300,8.9000,8.5400,2718995,24092263.3800,0.688800,1,4.215500,11.474880,1.394451,5.201034,-63.937783,0
2024-02-20,sz.002346,8.8600,8.9000,8.6700,8.8900,8.9000,1502189,13238685.5300,0.380500,1,-0.112400,11.461986,1.392884,5.195190,-63.865943,0
2024-02-21,sz.002346,8.7600,9.1900,8.7600,8.9600,8.8900,2178984,19699735.9200,0.552000,1,0.787400,11.552238,1.403852,5.236097,-64.368824,0
2024-02-22,sz.002346,8.9600,9.1100,8.8900,9.0300,8.9600,1437000,12925258.0000,0.364000,1,0.781300,11.642490,1.414819,5.277004,-64.871705,0
2024-02-23,sz.002346,9.0700,9.2200,9.0200,9.1800,9.0300,2567257,23411105.2100,0.650300,1,1.661100,11.835887,1.438321,5.364662,-65.949309,0
2024-02-26,sz.002346,9.1800,9.4500,9.1400,9.2900,9.1800,2703802,25141755.8600,0.684900,1,1.198300,11.977711,1.455556,5.428945,-66.739551,0
2024-02-27,sz.002346,9.2700,9.4900,9.1600,9.4800,9.2900,2077363,19520273.6000,0.526200,1,2.045200,12.222681,1.485325,5.539978,-68.104515,0
2024-02-28,sz.002346,9.4800,9.8200,8.9700,9.0000,9.4800,4031743,37993319.8700,1.021300,1,-5.063300,11.603811,1.410119,5.259473,-64.656185,0
2024-02-29,sz.002346,8.7900,9.2200,8.7900,9.2200,9.0000,2832111,25862898.5500,0.717400,1,2.444400,11.887459,1.444589,5.388038,-66.236669,0
2024-03-01,sz.002346,9.2200,9.3600,9.1600,9.3400,9.2200,2435800,22603102.0000,0.617000,1,1.301500,12.042177,1.463390,5.458164,-67.098752,0
2024-03-04,sz.002346,9.4800,9.4800,9.1000,9.3100,9.3400,2232055,20678107.4000,0.565400,1,-0.321200,12.003498,1.458690,5.440632,-66.883231,0
2024-03-05,sz.002346,9.2400,9.3100,8.9900,9.0200,9.3100,2809342,25567561.1000,0.711700,1,-3.114900,11.629597,1.413253,5.271160,-64.799865,0
2024-03-06,sz.002346,9.0100,9.3900,9.0000,9.2900,9.0200,2546574,23526876.8400,0.645100,1,2.993300,11.977711,1.455556,5.428945,-66.739551,0
2024-03-07,sz.002346,9.3200,9.4100,9.1200,9.1300,9.2900,1937500,17899176.0000,0.490800,1,-1.722300,11.771421,1.430487,5.335443,-65.590108,0
2024-03-08,sz.002346,9.1300,9.2900,9.1100,9.2400,9.1300,1474990,13562074.3200,0.373600,1,1.204800,11.913246,1.447722,5.399725,-66.380350,0
2024-03-11,sz.002346,9.3200,10.1600,9.3200,10.1600,9.2400,7040617,70952221.5800,1.783500,1,9.956700,13.099413,1.591868,5.937360,-72.989649,0
2024-03-12,sz.002346,10.3000,10.9700,10.1900,10.2400,10.1600,17151572,179281961.9300,4.344900,1,0.787400,13.202558,1.604402,5.984111,-73.564370,0
2024-03-13,sz.002346,10.0600,10.5000,10.0600,10.1400,10.2400,9083912,92961813.6600,2.301200,1,-0.976600,13.073627,1.588734,5.925673,-72.845968,0
2024-03-14,sz.002346,10.0800,10.1800,9.7100,9.8700,10.1400,6993011,69451546.1000,1.771500,1,-2.662700,12.725512,1.546430,5.767888,-70.906283,0
2024-03-15,sz.002346,9.8400,9.9800,9.7600,9.9600,9.8700,3714150,36717219.0000,0.940900,1,0.911900,12.841551,1.560532,5.820483,-71.552845,0
2024-03-18,sz.002346,9.9900,10.4500,9.9300,10.2500,9.9600,5878919,59751090.6400,1.489300,1,2.911600,13.215451,1.605969,5.989955,-73.636211,0
2024-03-19,sz.002346,10.3000,10.3400,10.1000,10.1400,10.2500,3940300,40249004.0000,0.998200,1,-1.073200,13.073627,1.588734,5.925673,-72.845968,0
2024-03-20,sz.002346,10.0700,10.1800,9.9800,10.1300,10.1400,3281237,33040814.5900,0.831200,1,-0.098600,13.060734,1.587167,5.919829,-72.774128,0
2024-03-21,sz.002346,10.1800,10.1900,9.8900,10.0500,10.1300,3349113,33538792.9100,0.848400,1,-0.789700,12.957589,1.574633,5.873078,-72.199406,0
2024-03-22,sz.002346,10.0200,10.0200,9.7500,9.7800,10.0500,2919271,28694715.2700,0.739500,1,-2.686600,12.609474,1.532329,5.715294,-70.259721,0
2024-03-25,sz.002346,9.7100,9.9300,9.6100,9.6200,9.7800,2632200,25711752.0000,0.666800,1,-1.636000,12.403184,1.507260,5.621792,-69.110278,0
2024-03-26,sz.002346,9.6400,9.9700,9.5300,9.8300,9.6200,3857102,37537161.4000,0.977100,1,2.183000,12.673940,1.540163,5.744513,-70.618922,0
2024-03-27,sz.002346,9.8500,9.8500,9.4700,9.4900,9.8300,2920300,28182077.0000,0.739800,1,-3.458800,12.235574,1.486892,5.545822,-68.176355,0
2024-03-28,sz.002346,9.5100,9.7300,9.4900,9.6000,9.4900,2387600,22958990.0000,0.604800,1,1.159100,12.377398,1.504127,5.610104,-68.966597,0
2024-03-29,sz.002346,9.5900,9.7700,9.5500,9.7700,9.6000,1808100,17523203.0000,0.458000,1,1.770800,12.596581,1.530762,5.709450,-70.187881,0
2024-04-01,sz.002346,9.7900,10.0400,9.7900,10.0000,9.7700,3032017,30177745.8300,0.768100,1,2.354100,12.893123,1.566799,5.843858,-71.840205,0
2024-04-02,sz.002346,10.0600,10.1500,9.9900,10.1400,10.0000,3748714,37842287.3000,0.949600,1,1.400000,13.073627,1.588734,5.925673,-72.845968,0
2024-04-03,sz.002346,10.1700,10.3000,10.0600,10.0900,10.1400,2950300,29873289.0000,0.747400,1,-0.493100,13.009161,1.580900,5.896453,-72.486767,0
2024-04-08,sz.002346,10.0000,10.1000,9.8300,9.8300,10.0900,2451635,24414599.7500,0.621100,1,-2.576800,12.673940,1.540163,5.744513,-70.618922,0
2024-04-09,sz.002346,9.8300,10.2200,9.8000,10.1500,9.8300,3445900,34773013.0000,0.872900,1,3.255300,13.086520,1.590301,5.931516,-72.917808,0
2024-04-10,sz.002346,10.1600,10.1800,9.8600,9.9400,10.1500,2358900,23560617.0000,0.597600,1,-2.069000,12.815764,1.557398,5.808795,-71.409164,0
2024-04-11,sz.002346,9.9500,10.1800,9.8200,10.1200,9.9400,2598200,26210577.0000,0.658200,1,1.810900,13.047841,1.585600,5.913985,-72.702288,0
2024-04-12,sz.002346,10.1200,10.1400,9.9400,9.9500,10.1200,1973308,19759169.9200,0.499900,1,-1.679800,12.828657,1.558965,5.814639,-71.481004,0
2024-04-15,sz.002346,9.8800,10.0200,9.4800,9.6300,9.9500,3200276,31034673.6400,0.810700,1,-3.216100,12.416077,1.508827,5.627636,-69.182118,0
2024-04-16,sz.002346,9.4600,9.5900,8.6700,8.6700,9.6300,4776300,42825508.0000,1.209900,1,-9.968800,11.178338,1.358415,5.066625,-62.285458,0
2024-04-17,sz.002346,8.8000,9.3500,8.7700,9.3500,8.6700,2855595,26221972.6100,0.723400,1,7.843100,12.055070,1.464957,5.464008,-67.170592,0
2024-04-18,sz.002346,9.3200,9.4500,9.2300,9.2600,9.3500,1599423,14917068.4100,0.405200,1,-0.962600,11.939032,1.450856,5.411413,-66.524030,0
2024-04-19,sz.002346,9.3500,9.3500,9.1000,9.1400,9.2600,1450800,13308317.0000,0.367500,1,-1.295900,11.784314,1.432054,5.341287,-65.661948,0
2024-04-22,sz.002346,9.1300,9.2500,8.9400,9.1200,9.1400,1281300,11675891.0000,0.324600,1,-0.218800,11.758528,1.428921,5.329599,-65.518267,0
2024-04-23,sz.002346,9.1600,9.2400,9.0800,9.1400,9.1200,1246400,11427592.0000,0.315700,1,0.219300,11.784314,1.432054,5.341287,-65.661948,0
2024-04-24,sz.002346,9.1900,9.3500,9.1100,9.3400,9.1400,1479300,13721517.0000,0.374700,1,2.188200,12.042177,1.463390,5.458164,-67.098752,0
2024-04-25,sz.002346,9.3200,9.4800,9.2500,9.4500,9.3400,1243410,11720180.4000,0.315000,1,1.177700,12.184001,1.480625,5.522446,-67.888994,0
2024-04-26,sz.002346,9.0100,9.2000,8.5200,8.6900,9.4500,7471910,64815092.9000,1.892800,1,-8.042300,32.185791,1.382280,3.381985,-29.237967,0
2024-04-29,sz.002346,8.7000,9.2000,8.6500,9.1400,8.6900,4995610,44972310.0000,1.265500,1,5.178400,33.852489,1.453859,3.557117,-30.752016,0
2024-04-30,sz.002346,9.1500,9.2200,8.8600,8.9700,9.1400,2953600,26576705.0000,0.748200,1,-1.860000,33.222848,1.426818,3.490956,-30.180042,0
2024-05-06,sz.002346,9.0200,9.2800,8.9900,9.2500,8.9700,2466808,22734707.8200,0.624900,1,3.121500,34.259904,1.471357,3.599927,-31.122117,0
2024-05-07,sz.002346,9.2800,9.3000,9.1200,9.2400,9.2500,1477902,13619508.3600,0.374400,1,-0.108100,34.222867,1.469766,3.596035,-31.088471,0
2024-05-08,sz.002346,9.2400,9.2900,9.0900,9.1200,9.2400,2001700,18387345.0000,0.507100,1,-1.298700,33.778414,1.450678,3.549333,-30.684725,0
2024-05-09,sz.002346,9.1100,9.4700,9.1000,9.4200,9.1200,3197576,30020527.2000,0.810000,1,3.289500,34.889546,1.498398,3.666088,-31.694091,0
2024-05-10,sz.002346,9.4200,9.5700,9.3200,9.4800,9.4200,2871103,27129886.2000,0.727300,1,0.636900,35.111772,1.507942,3.689439,-31.895964,0
2024-05-13,sz.002346,9.4400,9.4600,9.1300,9.2000,9.4800,2147604,19876125.6600,0.544000,1,-2.953600,34.074716,1.463403,3.580468,-30.953889,0
2024-05-14,sz.002346,9.2300,9.4800,9.2300,9.2900,9.2000,1784776,16692357.7600,0.452100,1,0.978300,34.408055,1.477719,3.615494,-31.256699,0
2024-05-15,sz.002346,9.2400,9.3300,9.1700,9.1800,9.2900,1405400,13015083.0000,0.356000,1,-1.184100,34.000640,1.460222,3.572684,-30.886598,0
2024-05-16,sz.002346,9.6900,9.8700,9.1600,9.2200,9.1800,3304734,30642539.8000,0.837200,1,0.435700,34.148791,1.466585,3.588251,-31.021180,0
2024-05-17,sz.002346,9.1600,9.2300,9.0200,9.2200,9.2200,1909200,17466438.0000,0.483600,1,0.000000,34.148791,1.466585,3.588251,-31.021180,0
2024-05-20,sz.002346,9.1900,9.2800,9.1700,9.2000,9.2200,2058200,18976063.0000,0.521400,1,-0.216900,34.074716,1.463403,3.580468,-30.953889,0
2024-05-21,sz.002346,9.2100,9.2600,9.0700,9.0800,9.2000,1925400,17545152.0000,0.487700,1,-1.304300,33.630263,1.444316,3.533766,-30.550143,0
2024-05-22,sz.002346,9.0800,9.1900,9.0800,9.1700,9.0800,1216500,11127571.0000,0.308200,1,0.991200,33.963602,1.458631,3.568792,-30.852952,0
2024-05-23,sz.002346,9.1700,9.1700,8.9700,8.9900,9.1700,1758900,15905718.0000,0.445600,1,-1.962900,33.296923,1.430000,3.498740,-30.247333,0
2024-05-24,sz.002346,8.9900,9.1300,8.9500,9.0300,8.9900,1257000,11405567.0000,0.318400,1,0.444900,33.445074,1.436362,3.514307,-30.381915,0
2024-05-27,sz.002346,9.0000,9.1000,8.9100,9.0900,9.0300,1241300,11179776.0000,0.314400,1,0.664500,33.667301,1.445906,3.537658,-30.583788,0
2024-05-28,sz.002346,8.9800,9.0900,8.8600,9.0000,8.8900,2047700,18450070.0000,0.518700,1,1.237300,33.333961,1.431590,3.502632,-30.280978,0
2024-05-29,sz.002346,8.8900,9.1700,8.8700,9.0100,9.0000,1900702,17212265.0800,0.481500,1,0.111100,33.370999,1.433181,3.506523,-30.314624,0
2024-05-30,sz.002346,8.9000,9.1000,8.9000,8.9000,9.0100,1556202,13941061.8200,0.394200,1,-1.220900,32.963584,1.415684,3.463713,-29.944523,0
2024-05-31,sz.002346,8.9000,8.9300,8.8000,8.8800,8.9000,1105500,9803744.0000,0.280000,1,-0.224700,32.889508,1.412502,3.455930,-29.877232,0
2024-06-03,sz.002346,8.8900,8.9100,8.4400,8.5200,8.8800,2805700,24090094.0000,0.710700,1,-4.054100,31.556150,1.355239,3.315825,-28.665993,0
2024-06-04,sz.002346,8.5000,8.5100,8.2800,8.4700,8.5200,1666400,13965527.0000,0.422100,1,-0.586900,31.370961,1.347286,3.296365,-28.497765,0
2024-06-05,sz.002346,8.3300,8.4900,8.3000,8.3000,8.4700,1343300,11254554.0000,0.340300,1,-2.007100,30.741320,1.320244,3.230205,-27.925791,0
2024-06-06,sz.002346,8.0000,8.3900,7.8400,7.9000,8.3000,2780200,22292017.0000,0.704300,1,-4.819300,29.259810,1.256618,3.074532,-26.579970,0
2024-06-07,sz.002346,8.0500,8.1700,7.9700,8.1400,7.9000,1516202,12260404.2800,0.384100,1,3.038000,30.148716,1.294794,3.167936,-27.387463,0
2024-06-11,sz.002346,8.1400,8.1500,7.9300,8.1200,8.1400,1022384,8237887.0400,0.259000,1,-0.245700,30.074640,1.291613,3.160152,-27.320172,0
2024-06-12,sz.002346,8.1300,8.2000,8.0800,8.1300,8.1200,916534,7469087.4200,0.232200,1,0.123200,30.111678,1.293203,3.164044,-27.353817,0
2024-06-13,sz.002346,8.1000,8.2000,8.0300,8.1600,8.1300,1488400,12105216.0000,0.377000,1,0.369000,30.222791,1.297975,3.175719,-27.454754,0
2024-06-14,sz.002346,8.1700,8.2500,8.0800,8.1400,8.1600,1028935,8411268.0700,0.260700,1,-0.245100,30.148716,1.294794,3.167936,-27.387463,0
2024-06-17,sz.002346,8.1400,8.2400,8.0400,8.0900,8.1400,1163500,9471657.0000,0.294700,1,-0.614300,29.963527,1.286841,3.148477,-27.219235,0
2024-06-18,sz.002346,8.0900,8.1400,8.0400,8.1100,8.0900,1028500,8334388.0000,0.260500,1,0.247200,30.037603,1.290022,3.156260,-27.286526,0
2024-06-19,sz.002346,8.0800,8.1400,7.9400,7.9700,8.1100,1063400,8507657.0000,0.269400,1,-1.726300,29.519074,1.267753,3.101775,-26.815489,0
2024-06-20,sz.002346,7.9000,7.9700,7.7000,7.7200,7.9700,1691900,13173115.0000,0.428600,1,-3.136800,28.593131,1.227986,3.004479,-25.974350,0
2024-06-21,sz.002346,7.7100,7.7700,7.6600,7.7100,7.7200,860032,6635029.7200,0.217900,1,-0.129500,28.556093,1.226396,3.000588,-25.940705,0
2024-06-24,sz.002346,7.7000,7.7000,7.2900,7.3600,7.7100,1717383,12749588.3900,0.435100,1,-4.539600,27.259772,1.170723,2.864374,-24.763111,0
2024-06-25,sz.002346,7.3500,7.4600,7.3300,7.3600,7.3600,1025600,7589666.0000,0.259800,1,0.000000,27.259772,1.170723,2.864374,-24.763111,0
2024-06-26,sz.002346,7.5000,7.6600,7.3000,7.6500,7.3600,1150400,8648201.1600,0.291400,1,3.940200,28.333867,1.216852,2.977237,-25.738832,0
2024-06-27,sz.002346,7.6800,7.7100,7.5200,7.5400,7.6500,1005183,7648877.4100,0.254600,1,-1.437900,27.926452,1.199355,2.934427,-25.368731,0
2024-06-28,sz.002346,7.5000,7.7200,7.4900,7.6200,7.5400,1161100,8884736.0000,0.294100,1,1.061000,28.222754,1.212080,2.965561,-25.637895,0
2024-07-01,sz.002346,7.6300,7.7400,7.5200,7.6500,7.6200,759200,5788666.0000,0.192300,1,0.393700,28.333867,1.216852,2.977237,-25.738832,0
2024-07-02,sz.002346,7.7400,7.7500,7.5800,7.7000,7.6500,1074700,8260996.0000,0.272200,1,0.653600,28.519055,1.224805,2.996696,-25.907059,0
2024-07-03,sz.002346,7.7000,7.7400,7.6100,7.6300,7.7000,762493,5846333.5200,0.193200,1,-0.909100,28.259791,1.213670,2.969453,-25.671540,0
2024-07-04,sz.002346,7.6300,7.6700,7.4000,7.4200,7.6300,1000500,7517523.0000,0.253400,1,-2.752300,27.481999,1.180267,2.887725,-24.964984,0
2024-07-05,sz.002346,7.4700,7.4900,7.3400,7.4600,7.4200,1015100,7556181.0000,0.257100,1,0.539100,27.630150,1.186629,2.903292,-25.099566,0
2024-07-08,sz.002346,7.4500,7.5100,7.2200,7.2400,7.4600,1084203,7935452.8100,0.274700,1,-2.949100,26.815320,1.151635,2.817672,-24.359365,0
2024-07-09,sz.002346,7.2400,7.4100,7.1500,7.3900,7.2400,1076900,7860066.0000,0.272800,1,2.071800,27.370886,1.175495,2.876050,-24.864048,0
2024-07-10,sz.002346,7.3500,7.4700,7.3300,7.3300,7.3900,892000,6591750.0000,0.226000,1,-0.811900,27.148659,1.165951,2.852699,-24.662175,0
2024-07-11,sz.002346,7.3500,7.5000,7.2800,7.4800,7.3300,1289300,9602540.0000,0.326600,1,2.046400,27.704225,1.189811,2.911076,-25.166857,0
2024-07-12,sz.002346,7.5600,7.5600,7.4000,7.4900,7.4800,1237800,9262909.9600,0.313600,1,0.133700,27.741263,1.191401,2.914968,-25.200503,0
2024-07-15,sz.002346,7.4300,7.5400,7.2400,7.2500,7.4900,1355699,9899272.6900,0.343400,1,-3.204300,26.852357,1.153226,2.821564,-24.393010,0
2024-07-16,sz.002346,7.2100,7.2800,7.0500,7.0800,7.2500,1422439,10122632.7300,0.360300,1,-2.344800,26.222716,1.126184,2.755403,-23.821036,0
2024-07-17,sz.002346,7.1100,7.1900,7.0600,7.1000,7.0800,1059299,7523805.8900,0.268300,1,0.282500,26.296791,1.129366,2.763187,-23.888327,0
2024-07-18,sz.002346,7.0500,7.1000,6.9700,7.0600,7.1000,1164139,8177104.5600,0.294900,1,-0.563400,26.148640,1.123003,2.747620,-23.753745,0
2024-07-19,sz.002346,7.0500,7.1800,7.0500,7.1300,7.0600,1207000,8615115.0000,0.305800,1,0.991500,26.407905,1.134138,2.774863,-23.989264,0
2024-07-22,sz.002346,7.1400,7.2100,7.1300,7.1900,7.1300,861876,6183929.6800,0.218300,1,0.841500,26.630131,1.143682,2.798213,-24.191137,0
2024-07-23,sz.002346,7.1900,7.2600,7.0900,7.1000,7.1900,1032900,7415727.0000,0.261700,1,-1.251700,26.296791,1.129366,2.763187,-23.888327,0
2024-07-24,sz.002346,7.0500,7.1000,6.9200,6.9300,7.1000,986198,6896764.0600,0.249800,1,-2.394400,25.667150,1.102325,2.697026,-23.316353,0
2024-07-25,sz.002346,6.9700,7.0900,6.9100,7.0400,6.9300,936202,6567178.1200,0.237200,1,1.587300,26.074565,1.119822,2.739836,-23.686454,0
2024-07-26,sz.002346,7.0500,7.2000,7.0500,7.1700,7.0400,996500,7132040.0000,0.252400,1,1.846600,26.556056,1.140500,2.790430,-24.123846,0
2024-07-29,sz.002346,7.1700,7.2500,7.0600,7.1800,7.1700,955100,6839576.0000,0.241900,1,0.139500,26.593093,1.142091,2.794322,-24.157492,0
2024-07-30,sz.002346,7.1700,7.2600,7.1300,7.2200,7.1800,909700,6550400.0000,0.230400,1,0.557100,26.741244,1.148454,2.809889,-24.292074,0
2024-07-31,sz.002346,7.2200,7.3800,7.1600,7.3600,7.2200,1548100,11315235.0000,0.392200,1,1.939100,27.259772,1.170723,2.864374,-24.763111,0
2024-08-01,sz.002346,7.3900,7.4200,7.3400,7.3800,7.3600,1474000,10883601.0000,0.373400,1,0.271700,27.333848,1.173904,2.872158,-24.830402,0
2024-08-02,sz.002346,7.3500,7.4500,7.3000,7.3500,7.3800,1373341,10150080.5300,0.347900,1,-0.406500,27.222735,1.169132,2.860482,-24.729466,0
2024-08-05,sz.002346,7.3400,7.4700,7.2000,7.2000,7.3500,1423500,10451890.0000,0.360600,1,-2.040800,26.667169,1.145272,2.802105,-24.224783,0
2024-08-06,sz.002346,7.2300,7.3600,7.2100,7.3600,7.2000,1087402,7946371.6200,0.275500,1,2.222200,27.259772,1.170723,2.864374,-24.763111,0
2024-08-07,sz.002346,7.3600,7.4800,7.3200,7.4500,7.3600,1298900,9651231.0000,0.329000,1,1.222800,27.593112,1.185039,2.899401,-25.065921,0
2024-08-08,sz.002346,7.4500,7.4600,7.3000,7.3700,7.4500,954300,7033223.0000,0.241700,1,-1.073800,27.296810,1.172313,2.868266,-24.796757,0
2024-08-09,sz.002346,7.4400,7.4500,7.3400,7.3500,7.3700,622400,4597685.0000,0.157700,1,-0.271400,27.222735,1.169132,2.860482,-24.729466,0
2024-08-12,sz.002346,7.3500,7.3700,7.2700,7.3100,7.3500,923300,6749607.0000,0.233900,1,-0.544200,27.074584,1.162769,2.844915,-24.594883,0
2024-08-13,sz.002346,7.2800,7.3200,7.1600,7.3000,7.3100,1018000,7370456.0000,0.257900,1,-0.136800,27.037546,1.161179,2.841023,-24.561238,0
2024-08-14,sz.002346,7.3100,7.4500,7.2100,7.2700,7.3000,1734000,12681395.0000,0.439300,1,-0.411000,26.926433,1.156407,2.829348,-24.460301,0
2024-08-15,sz.002346,7.3800,7.3800,7.0300,7.2200,7.2700,2150771,15410005.3600,0.544800,1,-0.687800,26.741244,1.148454,2.809889,-24.292074,0
2024-08-16,sz.002346,7.2000,7.2700,7.1700,7.1800,7.2200,1197500,8645992.0000,0.303400,1,-0.554000,26.593093,1.142091,2.794322,-24.157492,0
2024-08-19,sz.002346,7.1800,7.2700,7.0600,7.1700,7.1800,1703100,12272786.0000,0.431400,1,-0.139300,26.556056,1.140500,2.790430,-24.123846,0
2024-08-20,sz.002346,7.1800,7.2100,6.9200,6.9400,7.1700,2115700,14810942.0000,0.536000,1,-3.207800,25.704188,1.103915,2.700918,-23.349999,0
2024-08-21,sz.002346,6.9500,6.9900,6.8700,6.8800,6.9400,1167700,8079282.0000,0.295800,1,-0.864600,25.481961,1.094371,2.677567,-23.148126,0
2024-08-22,sz.002346,6.9100,6.9600,6.7900,6.7900,6.8800,1261600,8660050.0000,0.319600,1,-1.308100,25.148622,1.080055,2.642541,-22.845316,0
2024-08-23,sz.002346,6.7800,6.7900,6.6700,6.6900,6.7900,1168700,7844016.0000,0.296100,1,-1.472800,24.778244,1.064149,2.603623,-22.508861,0
2024-08-26,sz.002346,6.6900,6.9600,6.6900,6.9400,6.6900,1419102,9766421.8600,0.359500,1,3.736900,25.704188,1.103915,2.700918,-23.349999,0
2024-08-27,sz.002346,6.9300,6.9300,6.7200,6.7300,6.9400,869900,5908671.0000,0.220400,1,-3.025900,24.926395,1.070511,2.619190,-22.643443,0
2024-08-28,sz.002346,6.7300,6.8800,6.6600,6.8200,6.7300,1057300,7179840.0000,0.268700,1,1.337300,-38.748039,1.123078,2.590579,-26.691702,0
2024-08-29,sz.002346,6.8400,6.9900,6.7800,6.9600,6.8200,1316100,9129178.0000,0.334500,1,2.052800,-39.543453,1.146132,2.643758,-27.239625,0
2024-08-30,sz.002346,6.9800,7.1600,6.9200,7.0900,6.9600,1228600,8718148.0000,0.312200,1,1.867800,-40.282052,1.167540,2.693139,-27.748411,0
2024-09-02,sz.002346,7.1200,7.2000,7.0800,7.0900,7.0900,1407600,10037763.0000,0.357700,1,0.000000,-40.282052,1.167540,2.693139,-27.748411,0
2024-09-03,sz.002346,7.1200,7.2400,7.0600,7.2200,7.0900,1549898,11155903.7800,0.393900,1,1.833600,-41.020651,1.188948,2.742519,-28.257197,0
2024-09-04,sz.002346,7.2200,7.2900,7.1600,7.2000,7.2200,1564800,11318678.0000,0.397700,1,-0.277000,-40.907021,1.185654,2.734922,-28.178923,0
2024-09-05,sz.002346,7.2000,7.2600,7.1700,7.2200,7.2000,949156,6851527.2000,0.241200,1,0.277800,-41.020651,1.188948,2.742519,-28.257197,0
2024-09-06,sz.002346,7.2100,7.2400,7.0900,7.1100,7.2200,878298,6268522.8200,0.223200,1,-1.523500,-40.395683,1.170833,2.700736,-27.826686,0
2024-09-09,sz.002346,7.1200,7.1400,7.0200,7.0500,7.1100,796598,5625913.9200,0.202500,1,-0.843900,-40.054791,1.160953,2.677945,-27.591862,0
2024-09-10,sz.002346,7.0800,7.1200,6.9900,7.1000,7.0500,973900,6864676.0000,0.247500,1,0.709200,-40.338868,1.169187,2.696937,-27.787549,0
2024-09-11,sz.002346,7.1000,7.2300,7.0900,7.1200,7.1000,1251898,8956021.5800,0.318200,1,0.281700,-40.452498,1.172480,2.704534,-27.865824,0
2024-09-12,sz.002346,7.1200,7.3600,7.1200,7.3100,7.1200,2469400,17962778.0000,0.627600,1,2.668500,-41.531989,1.203768,2.776706,-28.609434,0
2024-09-13,sz.002346,7.4000,7.5800,7.2100,7.2300,7.3100,2492600,18262058.0000,0.633500,1,-1.094400,-41.077467,1.190594,2.746318,-28.296335,0
2024-09-18,sz.002346,7.2300,7.2700,7.0500,7.1900,7.2300,1551200,11103553.0000,0.394200,1,-0.553300,-40.850205,1.184007,2.731124,-28.139785,0
2024-09-19,sz.002346,7.2000,7.3900,7.1700,7.3200,7.1900,1474100,10749512.0000,0.374600,1,1.808100,-41.588804,1.205415,2.780504,-28.648571,0
2024-09-20,sz.002346,7.3300,7.3400,7.2000,7.2500,7.3200,1011400,7335957.0000,0.257000,1,-0.956300,-41.191097,1.193888,2.753915,-28.374610,0
2024-09-23,sz.002346,7.2000,7.3000,7.1700,7.2100,7.2500,914900,6609032.0000,0.232500,1,-0.551700,-40.963836,1.187301,2.738721,-28.218060,0
2024-09-24,sz.002346,7.2100,7.4300,7.2100,7.3600,7.2100,1503554,11020959.1800,0.382100,1,2.080400,-41.816066,1.212002,2.795698,-28.805121,0
2024-09-25,sz.002346,7.4300,7.6200,7.4200,7.4800,7.3600,2271720,17097127.4000,0.577300,1,1.630400,-42.497849,1.231763,2.841280,-29.274770,0
2024-09-26,sz.002346,7.7700,8.2300,7.5500,8.2200,7.4800,7439683,57891104.4700,1.890800,1,9.893000,-46.702182,1.353622,3.122370,-32.170937,0
2024-09-27,sz.002346,8.0100,8.5100,8.0000,8.3100,8.2200,9688716,79985289.8200,2.462300,1,1.094900,-47.213520,1.368442,3.156556,-32.523173,0
2024-09-30,sz.002346,8.4600,9.0000,8.2600,8.8600,8.3100,12524056,108406988.3800,3.182900,1,6.618500,-50.338362,1.459013,3.365474,-34.675730,0
2024-10-08,sz.002346,9.7300,9.7300,8.8100,9.3300,8.8600,11773598,109289404.5800,2.992200,1,5.304700,-53.008681,1.536410,3.544004,-36.515187,0
2024-10-09,sz.002346,9.1500,9.1500,8.4500,8.5000,9.3300,5973183,52645253.6800,1.518100,1,-8.896000,-48.293011,1.399731,3.228728,-33.266784,0
2024-10-10,sz.002346,8.6300,8.7800,8.4200,8.5300,8.5000,3370959,29028604.2700,0.856700,1,0.352900,-48.463456,1.404671,3.240123,-33.384196,0
2024-10-11,sz.002346,8.5300,8.6000,8.2500,8.3000,8.5300,3015398,25261418.5100,0.766400,1,-2.696400,-47.156704,1.366796,3.152758,-32.484036,0
2024-10-14,sz.002346,8.3400,8.5900,8.3000,8.5000,8.3000,2495321,21054048.1800,0.634200,1,2.409600,-48.293011,1.399731,3.228728,-33.266784,0
2024-10-15,sz.002346,8.5300,8.5800,8.4000,8.4200,8.5000,2122050,18033398.9600,0.539300,1,-0.941200,-47.838488,1.386557,3.198340,-32.953685,0
2024-10-16,sz.002346,8.3500,8.4900,8.3000,8.4300,8.4200,2116182,17792508.2100,0.537800,1,0.118800,-47.895303,1.388203,3.202138,-32.992822,0
2024-10-17,sz.002346,8.4900,8.6000,8.3500,8.3900,8.4300,2153102,18264090.7000,0.547200,1,-0.474500,-47.668042,1.381616,3.186944,-32.836272,0
2024-10-18,sz.002346,8.3900,8.6800,8.3600,8.6000,8.3900,3959541,33757758.5800,1.006300,1,2.503000,-48.861164,1.416198,3.266713,-33.658158,0
2024-10-21,sz.002346,8.7200,8.7400,8.5800,8.6400,8.6000,4182980,36185491.5100,1.063100,1,0.465100,-49.088425,1.422785,3.281907,-33.814707,0
2024-10-22,sz.002346,8.6900,8.7100,8.5800,8.6600,8.6400,2448153,21156960.4200,0.622200,1,0.231500,-49.202055,1.426078,3.289504,-33.892982,0
2024-10-23,sz.002346,8.7000,8.7900,8.5600,8.7400,8.6600,2410200,21020789.0000,0.612500,1,0.923800,-49.656578,1.439252,3.319892,-34.206081,0
2024-10-24,sz.002346,8.7500,8.8000,8.7000,8.7200,8.7400,1811500,15829889.0000,0.460400,1,-0.228800,-49.542947,1.435959,3.312295,-34.127806,0
2024-10-25,sz.002346,8.7100,9.0700,8.6700,9.0300,8.7200,4343700,39079784.0000,1.103900,1,3.555000,-51.304222,1.487008,3.430048,-35.341066,0
2024-10-28,sz.002346,8.9500,9.2200,8.9200,9.1600,9.0300,4387877,40009761.2600,1.115200,1,1.439600,-88.247243,1.506270,3.069114,165.517327,0
2024-10-29,sz.002346,9.1600,10.0800,9.0100,10.0800,9.1600,15575053,151550596.2100,3.958300,1,10.043700,-97.110503,1.657555,3.377366,182.141338,0
2024-10-30,sz.002346,10.0800,10.9500,9.7000,10.4100,10.0800,25210082,258290053.4000,6.407000,1,3.273800,-100.289716,1.711820,3.487935,188.104298,0
2024-10-31,sz.002346,10.3300,10.4900,9.9500,10.0500,10.4100,14659327,147981721.7500,3.725600,1,-3.458200,-96.821484,1.652622,3.367314,181.599251,0
2024-11-01,sz.002346,10.0800,10.0800,9.3800,9.4000,10.0500,9338287,89734305.2700,2.373300,1,-6.467700,-90.559398,1.545736,3.149528,169.854025,0
2024-11-04,sz.002346,9.3000,9.6600,9.2600,9.5100,9.4000,6146999,58152229.6100,1.562200,1,1.170200,-91.619136,1.563824,3.186384,171.841679,0
2024-11-05,sz.002346,9.5200,9.6500,9.4300,9.6000,9.5100,5705699,54614743.4600,1.450100,1,0.946400,-92.486194,1.578624,3.216539,173.467941,0
2024-11-06,sz.002346,9.6300,9.7300,9.5300,9.5900,9.6000,5320803,51300817.6900,1.352300,1,-0.104200,-92.389854,1.576980,3.213188,173.287245,0
2024-11-07,sz.002346,9.5500,9.7900,9.4600,9.7200,9.5900,4593128,44337565.0800,1.167300,1,1.355600,-93.642271,1.598357,3.256746,175.636290,0
2024-11-08,sz.002346,9.8900,10.0600,9.7400,9.7700,9.7200,5826200,57442475.0500,1.480700,1,0.514400,-94.123970,1.606579,3.273499,176.539769,0
2024-11-11,sz.002346,9.7700,10.2800,9.7500,10.2400,9.7700,9419946,94983640.5200,2.394000,1,4.810600,-98.651940,1.683866,3.430975,185.032470,0
2024-11-12,sz.002346,10.1400,10.5000,9.9800,10.1100,10.2400,8099005,82678804.2500,2.058300,1,-1.269500,-97.399523,1.662488,3.387418,182.683425,0
2024-11-13,sz.002346,10.3000,10.5900,10.1100,10.4400,10.1100,9305133,96286433.4800,2.365300,1,3.264100,-100.578736,1.716754,3.497986,188.646386,0
2024-11-14,sz.002346,10.3000,10.6200,10.0500,10.1300,10.4400,5860559,60559935.9700,1.489700,1,-2.969300,-97.592202,1.665777,3.394119,183.044817,0
2024-11-15,sz.002346,10.1000,10.1300,9.7100,9.7200,10.1300,5526699,54837430.2300,1.404900,1,-4.047400,-93.642271,1.598357,3.256746,175.636290,0
2024-11-18,sz.002346,9.7800,9.9900,9.4500,9.4900,9.7200,3694088,35730372.8800,0.939000,1,-2.366300,-91.426456,1.560536,3.179683,171.480287,0
2024-11-19,sz.002346,9.5000,9.8000,9.4400,9.7900,9.4900,2900100,27854129.0000,0.737200,1,3.161200,-94.316650,1.609868,3.280200,176.901160,0
2024-11-20,sz.002346,9.8900,9.9200,9.7300,9.8800,9.7900,2971104,29215736.3600,0.755200,1,0.919300,-95.183708,1.624667,3.310355,178.527422,0
2024-11-21,sz.002346,9.9000,10.0600,9.8000,9.9300,9.8800,2829900,28111309.5800,0.719300,1,0.506100,-95.665407,1.632889,3.327108,179.430901,0
2024-11-22,sz.002346,9.8700,10.0000,9.6000,9.6200,9.9300,3334582,32751768.2400,0.847600,1,-3.121900,-92.678873,1.581913,3.223240,173.829332,0
2024-11-25,sz.002346,9.6200,10.0900,9.5300,9.9400,9.6200,4393580,43185248.2000,1.116800,1,3.326400,-95.761746,1.634534,3.330458,179.611597,0
2024-11-26,sz.002346,9.9000,10.0500,9.7800,9.8500,9.9400,2712000,26801117.0000,0.689400,1,-0.905400,-94.894688,1.619734,3.300303,177.985335,0
2024-11-27,sz.002346,9.8800,9.9400,9.5200,9.9100,9.8500,3291207,31983232.3000,0.836600,1,0.609100,-95.472727,1.629600,3.320406,179.069510,0
2024-11-28,sz.002346,9.9100,10.1200,9.9100,10.0300,9.9100,3228201,32343476.0100,0.820600,1,1.210900,-96.628804,1.649333,3.360613,181.237859,0
2024-11-29,sz.002346,9.9800,10.0900,9.8900,10.0000,10.0300,3392200,33933879.0000,0.862300,1,-0.299100,-96.339785,1.644400,3.350561,180.695772,0
2024-12-02,sz.002346,10.0000,10.2500,9.9600,10.1500,10.0000,4366700,44237728.0000,1.110000,1,1.500000,-97.784882,1.669066,3.400820,183.406208,0
2024-12-03,sz.002346,10.1500,10.3000,10.0700,10.1500,10.1500,2851700,28997767.0000,0.724900,1,0.000000,-97.784882,1.669066,3.400820,183.406208,0
2024-12-04,sz.002346,10.1500,10.1500,9.8600,9.9400,10.1500,2670200,26737368.0000,0.678700,1,-2.069000,-95.761746,1.634534,3.330458,179.611597,0
2024-12-05,sz.002346,9.9000,10.0400,9.8600,9.9700,9.9400,2217800,22132578.0000,0.563800,1,0.301800,-96.050766,1.639467,3.340510,180.153684,0
2024-12-06,sz.002346,9.9700,10.0800,9.8600,10.0400,9.9700,2361100,23647692.0000,0.600200,1,0.702100,-96.725144,1.650978,3.363964,181.418555,0
2024-12-09,sz.002346,10.1200,10.2400,9.9900,10.0900,10.0400,2754400,27868789.0000,0.700200,1,0.498000,-97.206843,1.659200,3.380717,182.322034,0
2024-12-10,sz.002346,10.3100,10.4700,10.0000,10.0300,10.0900,3284200,33288911.9200,0.834800,1,-0.594600,-96.628804,1.649333,3.360613,181.237859,0
2024-12-11,sz.002346,9.9700,10.2200,9.9400,10.2000,10.0300,3258200,33045076.0000,0.828200,1,1.694900,-98.266581,1.677288,3.417573,184.309687,0
2024-12-12,sz.002346,10.1300,10.2200,10.0300,10.1900,10.2000,2341704,23779424.5600,0.595200,1,-0.098000,-98.170241,1.675644,3.414222,184.128991,0
2024-12-13,sz.002346,10.1800,10.1800,9.9600,10.0000,10.1900,2190300,21996077.0000,0.556800,1,-1.864600,-96.339785,1.644400,3.350561,180.695772,0
2024-12-16,sz.002346,10.0100,10.1900,9.8600,9.9400,10.0000,2781864,27829453.6400,0.707100,1,-0.600000,-95.761746,1.634534,3.330458,179.611597,0
2024-12-17,sz.002346,10.1400,10.1400,9.6600,9.6700,9.9400,3198100,31281203.0000,0.812900,1,-2.716300,-93.160572,1.590135,3.239993,174.732811,0
2024-12-18,sz.002346,9.6100,9.7400,9.5300,9.5800,9.6700,2536700,24443714.0000,0.644800,1,-0.930700,-92.293514,1.575335,3.209838,173.106549,0
2024-12-19,sz.002346,9.5600,9.6900,9.4100,9.6400,9.5800,2383300,22770146.0000,0.605800,1,0.626300,-92.871553,1.585202,3.229941,174.190724,0
2024-12-20,sz.002346,9.6400,9.7500,9.5800,9.5800,9.6400,1740876,16818768.9200,0.442500,1,-0.622400,-92.293514,1.575335,3.209838,173.106549,0
2024-12-23,sz.002346,9.6700,9.7500,9.4000,9.4600,9.5800,3395400,32331828.0000,0.863100,1,-1.252600,-91.137437,1.555602,3.169631,170.938200,0
2024-12-24,sz.002346,9.4800,10.4100,9.4800,10.4100,9.4600,6233576,63972324.3600,1.584500,1,10.042300,-100.289716,1.711820,3.487935,188.104298,0
2024-12-25,sz.002346,10.7800,10.7900,10.1300,10.2500,10.4100,15691301,163450040.6400,3.988600,1,-1.537000,-98.748280,1.685510,3.434326,185.213166,0
2024-12-26,sz.002346,10.2000,10.5300,10.2000,10.3100,10.2500,9576002,98865047.6400,2.434200,1,0.585400,-99.326318,1.695376,3.454429,186.297341,0
2024-12-27,sz.002346,10.3500,10.4700,10.2400,10.3700,10.3100,7401100,76808206.0000,1.881300,1,0.582000,-99.904357,1.705243,3.474532,187.381515,0
2024-12-30,sz.002346,10.3100,10.4300,10.0700,10.1300,10.3700,5723766,58465033.8000,1.454900,1,-2.314400,-97.592202,1.665777,3.394119,183.044817,0
2024-12-31,sz.002346,10.1600,10.4000,9.8300,9.8600,10.1300,5343600,54067101.0000,1.358300,1,-2.665400,-94.991028,1.621378,3.303654,178.166031,0
2025-01-02,sz.002346,9.8600,10.3800,9.7200,10.2000,9.8600,8050500,81766450.0000,2.046400,1,3.448300,-98.266581,1.677288,3.417573,184.309687,0
2025-01-03,sz.002346,10.2000,10.3800,9.8300,9.8700,10.2000,6314602,63351686.0800,1.605100,1,-3.235300,-95.087368,1.623023,3.307004,178.346727,0
2025-01-06,sz.002346,9.7300,10.8600,9.6000,10.8600,9.8700,7170800,75241079.0000,1.822800,1,10.030400,-104.625007,1.785818,3.638710,196.235608,0
2025-01-07,sz.002346,11.9400,11.9500,11.7800,11.9500,10.8600,11498348,137333821.3200,2.922800,1,10.036800,-115.126043,1.965058,4.003921,215.931447,0
2025-01-08,sz.002346,11.9700,13.1500,11.6000,12.4300,11.9500,50953566,626772200.7800,12.952100,1,4.016700,-119.750353,2.043989,4.164748,224.604844,0
2025-01-09,sz.002346,11.5000,12.2000,11.1900,11.6100,12.4300,35331947,413333273.7900,8.981200,1,-6.596900,-111.850491,1.909148,3.890002,209.787791,0
2025-01-10,sz.002346,11.4000,12.7700,11.4000,12.7700,11.6100,27805376,351102235.8400,7.068000,1,9.991400,-123.025906,2.099899,4.278667,230.748500,0
2025-01-13,sz.002346,12.1500,12.3300,11.5500,11.7700,12.7700,36523496,432535979.8100,9.284100,1,-7.830900,-113.391927,1.935459,3.943611,212.678923,0
2025-01-14,sz.002346,11.6300,12.9500,11.6200,12.9500,11.7700,14321749,182620099.5500,3.640500,1,10.025500,-124.760022,2.129498,4.338977,234.001024,0
2025-01-15,sz.002346,13.1700,14.2500,12.7200,12.7500,12.9500,54951311,743830741.0200,13.968300,1,-1.544400,-122.833226,2.096610,4.271966,230.387109,0
2025-01-16,sz.002346,12.5000,13.9000,12.0200,13.8500,12.7500,44758533,575179529.2800,11.377400,1,8.627500,-133.430602,2.277494,4.640528,250.263644,0
2025-01-17,sz.002346,13.1100,13.2900,12.5700,12.9900,13.8500,28300841,367172985.5800,7.193900,1,-6.209400,-125.145381,2.136076,4.352379,234.723807,0
2025-01-20,sz.002346,13.1600,13.7900,12.6600,12.7000,12.9900,24060591,313549762.7300,6.116100,1,-2.232500,-122.351527,2.088388,4.255213,229.483630,0
2025-01-21,sz.002346,12.5000,12.5300,11.5000,11.6300,12.7000,25369802,298633119.7800,6.448900,1,-8.425200,-112.043170,1.912437,3.896703,210.149182,0
2025-01-22,sz.002346,11.3500,11.9900,11.3200,11.8600,11.6300,17795266,209408307.4000,4.523500,1,1.977600,-114.258985,1.950258,3.973766,214.305185,0
2025-01-23,sz.002346,12.0200,12.1000,11.0000,11.0800,11.8600,18008100,207244260.0000,4.577600,1,-6.576700,-106.744482,1.821995,3.712422,200.210915,0
2025-01-24,sz.002346,10.9700,11.2100,10.6800,10.8200,11.0800,16952499,183926534.4500,4.309200,1,-2.346600,-104.239648,1.779241,3.625308,195.512825,0
2025-01-27,sz.002346,10.8300,11.1700,10.8300,10.9600,10.8200,11349512,124709836.1600,2.885000,1,1.293900,-105.588404,1.802262,3.672215,198.042566,0
2025-02-05,sz.002346,10.8200,11.2000,10.8200,11.0800,10.9600,9393249,103564372.5300,2.387700,1,1.094900,-106.744482,1.821995,3.712422,200.210915,0
2025-02-06,sz.002346,11.0800,11.1800,10.7600,11.1500,11.0800,10922549,120508383.5900,2.776400,1,0.631800,-107.418860,1.833506,3.735876,201.475785,0
2025-02-07,sz.002346,11.0900,11.2700,11.0100,11.1600,11.1500,12508800,139834618.0000,3.179700,1,0.089700,-107.515200,1.835150,3.739227,201.656481,0
2025-02-10,sz.002346,11.2000,11.3500,11.0200,11.2700,11.1600,10415192,116566033.1200,2.647500,1,0.985700,-108.574938,1.853239,3.776083,203.644135,0
2025-02-11,sz.002346,11.2800,11.4000,11.1600,11.3800,11.2700,9520000,107525190.0000,2.419900,1,0.976000,-109.634675,1.871327,3.812939,205.631788,0
2025-02-12,sz.002346,11.3700,11.5000,11.2300,11.4300,11.3800,8709401,99150925.4300,2.213900,1,0.439400,-110.116374,1.879549,3.829692,206.535267,0
2025-02-13,sz.002346,11.4300,12.4600,11.4300,11.8400,11.4300,18911435,223900249.8000,4.807200,1,3.587100,-114.066306,1.946970,3.967065,213.943794,0
2025-02-14,sz.002346,11.6000,11.9100,11.4500,11.5300,11.8400,11112303,129029740.5600,2.824700,1,-2.618200,-111.079772,1.895993,3.863197,208.342225,0
2025-02-17,sz.002346,11.4200,11.6800,11.2100,11.4700,11.5300,8786097,100880356.5900,2.233400,1,-0.520400,-110.501734,1.886127,3.843094,207.258050,0
2025-02-18,sz.002346,11.4700,11.6000,11.0400,11.1500,11.4700,8834286,100279216.9200,2.245600,1,-2.789900,-107.418860,1.833506,3.735876,201.475785,0
2025-02-19,sz.002346,11.0400,11.2100,11.0400,11.1800,11.1500,6743944,75087323.9400,1.714300,1,0.269100,-107.707880,1.838439,3.745928,202.017873,0
2025-02-20,sz.002346,11.1800,11.2500,11.1000,11.2400,11.1800,5273194,58969916.3400,1.340400,1,0.536700,-108.285918,1.848306,3.766031,203.102047,0
2025-02-21,sz.002346,11.2000,11.3500,11.1200,11.2500,11.2400,6083600,68393733.0000,1.546400,1,0.089000,-108.382258,1.849950,3.769382,203.282743,0
2025-02-24,sz.002346,11.2000,11.5800,11.1500,11.3700,11.2500,6239432,70718488.1200,1.586000,1,1.066700,-109.538336,1.869683,3.809588,205.451092,0
2025-02-25,sz.002346,11.2100,11.5100,11.2100,11.4300,11.3700,5189733,59237859.4300,1.319200,1,0.527700,-110.116374,1.879549,3.829692,206.535267,0
2025-02-26,sz.002346,11.5000,11.5600,11.3600,11.5300,11.4300,5658501,64931718.4900,1.438400,1,0.874900,-111.079772,1.895993,3.863197,208.342225,0
2025-02-27,sz.002346,11.5500,11.6400,11.3000,11.4900,11.5300,5353800,61470424.0000,1.360900,1,-0.346900,-110.694413,1.889416,3.849795,207.619442,0
2025-02-28,sz.002346,11.4700,11.5500,11.2400,11.2700,11.4900,5081600,57670091.0000,1.291700,1,-1.914700,-108.574938,1.853239,3.776083,203.644135,0
2025-03-03,sz.002346,11.2800,11.6800,11.1000,11.6000,11.2700,8119400,93669508.0000,2.063900,1,2.928100,-111.754151,1.907504,3.886651,209.607095,0
2025-03-04,sz.002346,11.6200,11.7400,11.4500,11.6300,11.6000,5254000,60811543.0000,1.335500,1,0.258600,-112.043170,1.912437,3.896703,210.149182,0
2025-03-05,sz.002346,11.6100,11.6400,11.3900,11.5700,11.6300,4521800,51988268.9800,1.149400,1,-0.515900,-111.465131,1.902571,3.876600,209.065008,0
2025-03-06,sz.002346,11.5800,11.6300,11.5200,11.5600,11.5700,4761300,55064248.0000,1.210300,1,-0.086400,-111.368792,1.900926,3.873249,208.884312,0
2025-03-07,sz.002346,11.5500,11.6000,11.3800,11.4700,11.5600,3992900,45895068.0000,1.015000,1,-0.778500,-110.501734,1.886127,3.843094,207.258050,0
2025-03-10,sz.002346,11.4800,11.6600,11.4200,11.6400,11.4700,4360400,50438262.0000,1.108400,1,1.482100,-112.139510,1.914082,3.900054,210.329878,0
2025-03-11,sz.002346,11.4600,12.0000,11.4600,11.8600,11.6400,7714500,90992308.9800,1.961000,1,1.890000,-114.258985,1.950258,3.973766,214.305185,0
2025-03-12,sz.002346,11.9000,11.9800,11.7800,11.8900,11.8600,5325702,63218526.7800,1.353800,1,0.253000,-114.548005,1.955192,3.983818,214.847273,0
2025-03-13,sz.002346,11.8900,11.9800,11.7000,11.9600,11.8900,5446200,64548432.3600,1.384400,1,0.588700,-115.222383,1.966702,4.007272,216.112143,0
2025-03-14,sz.002346,11.9500,11.9500,11.7500,11.8200,11.9600,4096903,48454567.4000,1.041400,1,-1.170600,-113.873626,1.943681,3.960364,213.582402,0
2025-03-17,sz.002346,11.8700,11.9500,11.7700,11.8400,11.8200,3144000,37291206.9400,0.799200,1,0.169200,-114.066306,1.946970,3.967065,213.943794,0
2025-03-18,sz.002346,11.9000,12.0000,11.8000,11.9600,11.8400,3306800,39493332.0000,0.840600,1,1.013500,-115.222383,1.966702,4.007272,216.112143,0
2025-03-19,sz.002346,11.9400,11.9500,11.7900,11.8000,11.9600,3433800,40756695.0000,0.872900,1,-1.337800,-113.680946,1.940392,3.953663,213.221011,0
2025-03-20,sz.002346,11.7600,11.8400,11.6700,11.7800,11.8000,2541500,29921574.0000,0.646000,1,-0.169500,-113.488267,1.937103,3.946961,212.859619,0
2025-03-21,sz.002346,11.7400,11.8500,11.5500,11.6600,11.7800,3083600,36003027.9300,0.783800,1,-1.018700,-112.332189,1.917370,3.906755,210.691270,0
2025-03-24,sz.002346,11.6500,11.8300,11.4400,11.6200,11.6600,5366390,62384659.2000,1.364100,1,-0.343100,-111.946830,1.910793,3.893352,209.968487,0
2025-03-25,sz.002346,11.6200,11.9800,11.5600,11.6700,11.6200,4429771,52039423.7100,1.126000,1,0.430300,-112.428529,1.919015,3.910105,210.871966,0
2025-03-26,sz.002346,11.5600,11.9600,11.5600,11.9600,11.6700,4995500,59320603.0000,1.269800,1,2.485000,-115.222383,1.966702,4.007272,216.112143,0
2025-03-27,sz.002346,11.9600,11.9600,11.6700,11.7000,11.9600,4405418,51904596.4100,1.119800,1,-2.173900,-112.717549,1.923948,3.920157,211.414053,0
2025-03-28,sz.002346,11.6900,11.8300,11.5000,11.5500,11.7000,2851466,33071728.3400,0.724800,1,-1.282100,-111.272452,1.899282,3.869899,208.703616,0
2025-03-31,sz.002346,11.4300,11.7300,11.2300,11.6500,11.5500,3521499,40740887.7700,0.895100,1,0.865800,-112.235850,1.915726,3.903404,210.510574,0
2025-04-01,sz.002346,11.6500,11.9400,11.6200,11.7700,11.6500,3001900,35315515.3800,0.763100,1,1.030000,-113.391927,1.935459,3.943611,212.678923,0
2025-04-02,sz.002346,11.7100,11.9000,11.7100,11.7700,11.7700,2246102,26483614.5000,0.570900,1,0.000000,-113.391927,1.935459,3.943611,212.678923,0
2025-04-03,sz.002346,11.6500,11.7700,11.5000,11.5700,11.7700,2786100,32330397.0000,0.708200,1,-1.699200,-111.465131,1.902571,3.876600,209.065008,0
2025-04-07,sz.002346,11.2000,11.3300,10.4100,10.4100,11.5700,9412200,100668146.0000,2.392500,1,-10.025900,-100.289716,1.711820,3.487935,188.104298,0
2025-04-08,sz.002346,10.5500,11.0800,10.5000,10.9400,10.4100,7411903,80297137.4300,1.884100,1,5.091300,-105.395725,1.798974,3.665514,197.681174,0
2025-04-09,sz.002346,10.8400,11.5700,10.4200,11.5100,10.9400,6966900,76968799.0000,1.770900,1,5.210200,-110.887093,1.892704,3.856496,207.980833,0
2025-04-10,sz.002346,11.5700,11.9000,11.5300,11.5500,11.5100,4461800,52072847.0000,1.134200,1,0.347500,-111.272452,1.899282,3.869899,208.703616,0
2025-04-11,sz.002346,11.6600,11.9000,11.5100,11.7700,11.5500,4326700,50697969.0000,1.099800,1,1.904800,-113.391927,1.935459,3.943611,212.678923,0
2025-04-14,sz.002346,11.8800,12.5500,11.8800,12.3100,11.7700,8028993,98330408.6700,2.040900,1,4.587900,-118.594275,2.024256,4.124541,222.436495,0
2025-04-15,sz.002346,12.3100,12.7200,12.2500,12.5700,12.3100,7194900,90119777.0000,1.828900,1,2.112100,-121.099110,2.067011,4.211656,227.134585,0
2025-04-16,sz.002346,12.4900,12.6500,12.1400,12.2000,12.5700,4982084,61513251.6400,1.266400,1,-2.943500,-117.534538,2.006168,4.087685,220.448841,0
2025-04-17,sz.002346,12.1300,12.3600,12.1000,12.2800,12.2000,3404607,41726431.9600,0.865400,1,0.655700,-118.305256,2.019323,4.114490,221.894408,0
2025-04-18,sz.002346,12.1900,12.4800,12.1600,12.3000,12.2800,2303907,28287879.9600,0.585600,1,0.162900,-118.497936,2.022612,4.121191,222.255799,0
2025-04-21,sz.002346,12.2800,12.5900,12.2200,12.5400,12.3000,3328800,41433226.0000,0.846200,1,1.951200,-120.810091,2.062078,4.201604,226.592498,0
2025-04-22,sz.002346,12.5100,13.0900,12.4600,12.9200,12.5400,5520435,71221215.5000,1.403300,1,3.030300,-124.471002,2.124565,4.328925,233.458937,0
2025-04-23,sz.002346,13.0200,13.0800,12.7600,12.9400,12.9200,3525100,45426759.6500,0.896100,1,0.154800,-124.663682,2.127854,4.335627,233.820329,0
2025-04-24,sz.002346,13.0200,13.5300,12.8300,12.9800,12.9400,6505700,85280116.0000,1.653700,1,0.309100,15.729304,1.998567,5.885795,29.543800,0
2025-04-25,sz.002346,12.9900,13.4700,12.9900,13.3200,12.9800,4881345,65008211.9500,1.240800,1,2.619400,16.141320,2.050918,6.039968,30.317674,0
2025-04-28,sz.002346,13.4500,13.6200,13.1700,13.2600,13.3200,5053376,67769445.5100,1.284500,1,-0.450500,16.068611,2.041680,6.012761,30.181108,0
2025-04-29,sz.002346,13.3100,13.3300,12.8900,12.9200,13.2600,5204735,67888131.0500,1.323000,1,-2.564100,15.656595,1.989329,5.858588,29.407234,0
2025-04-30,sz.002346,12.9300,13.1400,12.8700,13.1000,12.9200,3243101,42298968.0700,0.824400,1,1.393200,15.874721,2.017044,5.940209,29.816932,0
2025-05-06,sz.002346,13.1900,13.4500,13.1900,13.4400,13.1000,4144510,55356705.6500,1.053500,1,2.595400,16.286737,2.069395,6.094382,30.590807,0
2025-05-07,sz.002346,13.6500,13.8900,13.4500,13.8100,13.4400,5202500,71113174.0000,1.322400,1,2.753000,16.735107,2.126365,6.262159,31.432964,0
2025-05-08,sz.002346,13.8600,14.6000,13.5800,14.5000,13.8100,9609900,137496014.0000,2.442800,1,4.996400,17.571256,2.232606,6.575040,33.003474,0
2025-05-09,sz.002346,14.5400,14.5400,13.7800,13.8700,14.5000,6256577,87386315.6100,1.590400,1,-4.344800,16.807816,2.135603,6.289366,31.569530,0
2025-05-12,sz.002346,13.8800,14.0900,13.7600,14.0300,13.8700,4403699,61333645.0300,1.119400,1,1.153600,17.001705,2.160239,6.361918,31.933707,0
2025-05-13,sz.002346,14.2400,14.2400,13.8800,13.9500,14.0300,2903201,40511549.9700,0.738000,1,-0.570200,16.904761,2.147921,6.325642,31.751618,0
2025-05-14,sz.002346,13.8800,13.9900,13.6700,13.9200,13.9500,2979410,41333173.0000,0.757300,1,-0.215100,16.868406,2.143302,6.312039,31.683335,0
2025-05-15,sz.002346,13.9200,13.9300,13.6000,13.7400,13.9200,2615110,35923357.5000,0.664700,1,-1.293100,16.650280,2.115587,6.230418,31.273637,0
2025-05-16,sz.002346,13.8000,13.8800,13.6900,13.7700,13.7400,1892610,26062523.4000,0.481100,1,0.218300,16.686635,2.120206,6.244021,31.341920,0
2025-05-19,sz.002346,13.7700,14.0400,13.6900,13.9600,13.7700,2598200,36031794.0000,0.660400,1,1.379800,16.916879,2.149461,6.330177,31.774379,0
2025-05-20,sz.002346,13.9000,13.9800,13.7600,13.9200,13.9600,2113400,29307718.0000,0.537200,1,-0.286500,16.868406,2.143302,6.312039,31.683335,0
2025-05-21,sz.002346,13.8900,14.0600,13.7000,13.7400,13.9200,2246800,31022467.8500,0.571100,1,-1.293100,16.650280,2.115587,6.230418,31.273637,0
2025-05-22,sz.002346,13.8000,13.9500,13.6300,13.6500,13.7400,2045500,28145100.0000,0.520000,1,-0.655000,16.541217,2.101729,6.189607,31.068788,0
2025-05-23,sz.002346,13.6500,13.7600,13.4300,13.4300,13.6500,1780700,24183730.0000,0.452600,1,-1.611700,16.274619,2.067855,6.089848,30.568046,0
2025-05-26,sz.002346,13.4800,13.5800,13.3100,13.5500,13.4300,1655302,22303335.8000,0.420800,1,0.893500,16.420036,2.086332,6.144262,30.841178,0
2025-05-27,sz.002346,13.6100,13.6700,13.4400,13.6100,13.5500,1351800,18330212.0000,0.343600,1,0.442800,16.492745,2.095570,6.171469,30.977744,0
2025-05-28,sz.002346,13.6500,13.7300,13.4500,13.5100,13.6100,1614700,21857856.0000,0.410400,1,-0.734800,16.371564,2.080173,6.126124,30.750134,0
2025-05-29,sz.002346,13.5100,13.5600,13.3800,13.4400,13.5100,1916781,25808530.8500,0.487200,1,-0.518100,16.286737,2.069395,6.094382,30.590807,0
2025-05-30,sz.002346,13.5300,13.9500,13.4100,13.6600,13.4400,4150500,57028316.0000,1.055000,1,1.636900,16.553335,2.103269,6.194142,31.091549,0
2025-06-03,sz.002346,13.6600,13.9600,13.4700,13.9200,13.6600,2886000,39718220.0000,0.733600,1,1.903400,16.868406,2.143302,6.312039,31.683335,0
2025-06-04,sz.002346,13.9400,14.3500,13.8000,14.1900,13.9200,3616100,51274487.0000,0.919200,1,1.939700,17.195595,2.184874,6.434471,32.297883,0
2025-06-05,sz.002346,14.2300,14.4900,14.1500,14.3800,14.1900,4696735,67351516.6500,1.193900,1,1.339000,17.425839,2.214129,6.520626,32.730342,0
2025-06-06,sz.002346,14.4300,14.7400,14.3200,14.6500,14.3800,4403200,64225294.0000,1.119300,1,1.877600,17.753028,2.255702,6.643058,33.344890,0
2025-06-09,sz.002346,14.7500,14.7800,14.2000,14.2500,14.6500,4531300,65012342.0000,1.151800,1,-2.730400,17.268304,2.194113,6.461678,32.434449,0
2025-06-10,sz.002346,14.2500,14.5200,14.0500,14.2900,14.2500,2845000,40577647.0000,0.723200,1,0.280700,17.316776,2.200272,6.479816,32.525493,0
2025-06-11,sz.002346,14.2900,14.3400,14.1300,14.2200,14.2900,2055000,29202124.2000,0.522400,1,-0.489900,17.231949,2.189494,6.448074,32.366166,0
2025-06-12,sz.002346,14.2200,14.2800,14.1100,14.2300,14.2200,2656715,37674374.8500,0.675300,1,0.070300,17.244068,2.191033,6.452609,32.388927,0
2025-06-13,sz.002346,13.7900,13.7900,13.5200,13.6200,13.7600,2510700,34200829.0000,0.638200,1,-1.017400,16.504863,2.097110,6.176004,31.000505,0
2025-06-16,sz.002346,13.6100,13.7600,13.5300,13.5500,13.6200,2016315,27466448.2500,0.512500,1,-0.514000,16.420036,2.086332,6.144262,30.841178,0
2025-06-17,sz.002346,13.6600,13.7200,13.5000,13.6200,13.5500,2044300,27806541.0000,0.519600,1,0.516600,16.504863,2.097110,6.176004,31.000505,0
2025-06-18,sz.002346,13.6100,13.6900,13.4200,13.5200,13.6200,2099200,28396333.0000,0.533600,1,-0.734200,16.383682,2.081713,6.130658,30.772895,0
2025-06-19,sz.002346,13.4900,13.5900,13.1100,13.1700,13.5200,2199100,29268836.0000,0.559000,1,-2.588800,15.959548,2.027822,5.971951,29.976259,0
2025-06-20,sz.002346,13.1700,13.4300,13.1000,13.1100,13.1700,1504400,19881838.0000,0.382400,1,-0.455600,15.886839,2.018584,5.944743,29.839693,0
2025-06-23,sz.002346,12.9300,13.2300,12.9200,13.2000,13.1100,1669300,21860573.0000,0.424300,1,0.686500,15.995902,2.032441,5.985554,30.044542,0
2025-06-24,sz.002346,13.2400,13.5800,13.2000,13.5700,13.2000,2184870,29422515.1000,0.555400,1,2.803000,16.444272,2.089411,6.153331,30.886700,0
2025-06-25,sz.002346,13.6400,13.7900,13.5700,13.6500,13.5700,2242200,30654272.0000,0.570000,1,0.589500,16.541217,2.101729,6.189607,31.068788,0
2025-06-26,sz.002346,13.6500,13.7300,13.4800,13.5200,13.6500,1522900,20692781.0000,0.387100,1,-0.952400,16.383682,2.081713,6.130658,30.772895,0
2025-06-27,sz.002346,13.5100,13.6600,13.4200,13.5100,13.5200,1833700,24752689.0000,0.466100,1,-0.074000,16.371564,2.080173,6.126124,30.750134,0
2025-06-30,sz.002346,13.6200,13.6600,13.5000,13.6000,13.5100,1726100,23461523.3600,0.438800,1,0.666200,16.480627,2.094030,6.166934,30.954983,0
2025-07-01,sz.002346,13.6400,13.7900,13.5600,13.7100,13.6000,2502100,34218440.0000,0.636000,1,0.808800,16.613926,2.110967,6.216814,31.205354,0
2025-07-02,sz.002346,13.8100,13.8800,13.5800,13.7000,13.7100,2459700,33719677.0000,0.625200,1,-0.072900,16.601808,2.109428,6.212280,31.182593,0
2025-07-03,sz.002346,13.7800,13.7800,13.4400,13.5900,13.7000,2217700,30102793.0000,0.563700,1,-0.802900,16.468509,2.092491,6.162400,30.932222,0
2025-07-04,sz.002346,13.6800,13.6800,13.4500,13.5600,13.5900,1663400,22556427.0000,0.422800,1,-0.220800,16.432154,2.087872,6.148796,30.863939,0
2025-07-07,sz.002346,13.6600,13.9500,13.4700,13.9400,13.5600,3545100,48901891.0000,0.901100,1,2.802400,16.892642,2.146381,6.321108,31.728857,0
2025-07-08,sz.002346,14.2300,14.3100,13.8800,14.1900,13.9400,5107073,72438848.6700,1.298200,1,1.793400,17.195595,2.184874,6.434471,32.297883,0
2025-07-09,sz.002346,14.1900,14.4800,14.1600,14.3300,14.1900,3499605,50106689.6600,0.889600,1,0.986600,17.365249,2.206431,6.497954,32.616537,0
2025-07-10,sz.002346,14.3700,14.4000,13.8800,13.9200,14.3300,4054600,57073145.0000,1.030700,1,-2.861100,16.868406,2.143302,6.312039,31.683335,0
2025-07-11,sz.002346,14.0100,14.0100,13.7000,13.8700,13.9200,3373202,46658017.7600,0.857400,1,-0.359200,16.807816,2.135603,6.289366,31.569530,0
2025-07-14,sz.002346,13.8800,14.2200,13.8400,14.1900,13.8700,2841900,40019570.0000,0.722400,1,2.307100,17.195595,2.184874,6.434471,32.297883,0
2025-07-15,sz.002346,13.8500,13.8500,13.0100,13.1100,14.1900,9066602,120337745.1800,2.304700,1,-7.611000,15.886839,2.018584,5.944743,29.839693,0
2025-07-16,sz.002346,13.1000,13.3000,13.0000,13.1600,13.1100,3819600,50286133.9200,0.970900,1,0.381400,15.947430,2.026282,5.967416,29.953498,0
2025-07-17,sz.002346,13.1600,13.2500,13.0500,13.1000,13.1600,2408800,31592259.0000,0.612300,1,-0.455900,15.874721,2.017044,5.940209,29.816932,0
2025-07-18,sz.002346,13.2000,13.2400,13.0200,13.1300,13.1000,2701100,35366618.0000,0.686600,1,0.229000,15.911076,2.021663,5.953812,29.885215,0
2025-07-21,sz.002346,13.3000,13.7100,13.2000,13.6600,13.1300,5301100,71298044.0000,1.347500,1,4.036600,16.553335,2.103269,6.194142,31.091549,0
2025-07-22,sz.002346,13.8400,14.5900,13.7000,14.1800,13.6600,9017202,128019702.3400,2.292100,1,3.806700,17.183477,2.183335,6.429936,32.275122,0
2025-07-23,sz.002346,14.1500,14.2700,13.7600,14.0400,14.1800,5192803,72942760.3400,1.320000,1,-0.987300,17.013823,2.161779,6.366453,31.956468,0
2025-07-24,sz.002346,13.8800,14.1900,13.8600,14.0600,14.0400,3395900,47516839.9300,0.863200,1,0.142500,17.038060,2.164858,6.375522,32.001990,0
2025-07-25,sz.002346,14.0000,14.4500,13.8900,14.1900,14.0600,5455932,77436412.8800,1.386900,1,0.924600,17.195595,2.184874,6.434471,32.297883,0
2025-07-28,sz.002346,14.1900,14.3300,14.0300,14.1500,14.1900,3180947,45164466.1600,0.808600,1,-0.281900,17.147123,2.178716,6.416333,32.206839,0
2025-07-29,sz.002346,14.1500,14.1500,13.9600,14.0800,14.1500,2945078,41423501.8300,0.748600,1,-0.494700,17.062296,2.167937,6.384591,32.047512,0
2025-07-30,sz.002346,14.0600,14.4200,14.0100,14.2600,14.0800,3924802,55750250.4500,0.997700,1,1.278400,17.280422,2.195653,6.466212,32.457210,0
2025-07-31,sz.002346,14.3200,14.6000,14.1100,14.1300,14.2600,4187693,59932696.1700,1.064500,1,-0.911600,17.122886,2.175636,6.407264,32.161317,0
2025-08-01,sz.002346,14.2500,14.4900,14.1300,14.3400,14.1300,3449900,49475414.8000,0.876900,1,1.486200,17.377367,2.207970,6.502488,32.639298,0
2025-08-04,sz.002346,14.1800,14.8500,14.1800,14.7500,14.3400,5886792,86329851.4900,1.496400,1,2.859100,17.874209,2.271099,6.688403,33.572500,0
2025-08-05,sz.002346,14.7800,14.9500,14.6600,14.8800,14.7500,6030012,89443221.6400,1.532800,1,0.881400,18.031745,2.291116,6.747352,33.868393,0
2025-08-06,sz.002346,14.8800,16.3700,14.8500,16.3700,14.8800,10849114,171335673.2800,2.757800,1,10.013400,19.837343,2.520535,7.422994,37.259785,0
2025-08-07,sz.002346,17.1000,17.7700,16.6300,17.1800,16.3700,21100545,363055445.7100,5.363600,1,4.948100,20.818909,2.645253,7.790289,39.103427,0
2025-08-08,sz.002346,16.9900,17.1400,16.3400,16.8000,17.1800,15154219,252478980.1000,3.852100,1,-2.211900,20.358421,2.586744,7.617978,38.238508,0
2025-08-11,sz.002346,17.1000,17.2400,16.5400,16.5500,16.8000,13740913,231292361.4000,3.492900,1,-1.488100,20.055469,2.548250,7.504615,37.669483,0
2025-08-12,sz.002346,16.6500,16.6800,16.1900,16.4700,16.5500,8265503,135774437.4200,2.101000,1,-0.483400,19.958524,2.535932,7.468339,37.487395,0
2025-08-13,sz.002346,16.4700,16.4800,16.0500,16.2400,16.4700,7446715,121164848.5100,1.892900,1,-1.396500,19.679807,2.500519,7.364045,36.963891,0
2025-08-14,sz.002346,16.2200,16.3200,15.9000,16.0500,16.2400,6188412,99674478.2400,1.573100,1,-1.170000,19.449563,2.471264,7.277890,36.531432,0
2025-08-15,sz.002346,15.9600,16.2300,15.9600,16.2200,16.0500,5335179,86125589.0100,1.356200,1,1.059200,19.655571,2.497439,7.354976,36.918369,0
2025-08-18,sz.002346,16.2300,16.3300,16.0600,16.2500,16.2200,6741933,109347215.6800,1.713800,1,0.185000,19.691925,2.502058,7.368580,36.986652,0
2025-08-19,sz.002346,16.2700,16.3800,15.9800,16.0600,16.2500,6007858,96762433.2400,1.527200,1,-1.169200,19.461681,2.472804,7.282424,36.554193,0
2025-08-20,sz.002346,16.1000,16.1200,15.9400,16.1000,16.0600,3531260,56601471.0000,0.897600,1,0.249100,19.510154,2.478963,7.300562,36.645237,0
2025-08-21,sz.002346,16.2000,16.3700,16.0700,16.1600,16.1000,5421760,87859651.0000,1.378200,1,0.372700,19.582862,2.488201,7.327769,36.781803,0
2025-08-22,sz.002346,16.1400,16.8600,16.0300,16.3000,16.1600,10683355,175561269.3500,2.715600,1,0.866300,19.752516,2.509757,7.391252,37.100457,0
2025-08-25,sz.002346,16.3200,16.7100,16.2500,16.6900,16.3000,9690250,159362514.0000,2.463200,1,2.392600,20.225122,2.569806,7.568098,37.988137,0
2025-08-26,sz.002346,16.6700,16.6700,16.0200,16.2700,16.6900,7198450,116877121.0000,1.830200,1,-2.516500,19.352359,2.758561,7.915557,33.286084,0
2025-08-27,sz.002346,16.2300,16.3600,15.6500,15.6600,16.2700,7498315,120381774.8700,1.906400,1,-3.749200,18.626794,2.655136,7.618784,32.038112,0
2025-08-28,sz.002346,15.6000,15.9500,15.1600,15.6500,15.6600,6099812,94959773.8000,1.550800,1,-0.063900,18.614900,2.653441,7.613919,32.017653,0
2025-08-29,sz.002346,15.6000,16.0600,15.5200,15.9400,15.6500,5166300,81915981.0000,1.313500,1,1.853000,18.959840,2.702610,7.755008,32.610952,0
2025-09-01,sz.002346,15.9300,16.2200,15.6600,15.7700,15.9400,5297300,84210985.0000,1.346800,1,-1.066500,18.757634,2.673786,7.672301,32.263156,0
2025-09-02,sz.002346,15.7700,15.9200,15.2400,15.4700,15.7700,4340934,67263726.8000,1.103700,1,-1.902300,18.400799,2.622922,7.526347,31.649399,0
2025-09-03,sz.002346,15.5200,15.5200,15.0800,15.1100,15.4700,4029413,61455773.2000,1.024400,1,-2.327100,17.972597,2.561884,7.351202,30.912891,0
2025-09-04,sz.002346,15.1100,15.3800,14.9500,15.1700,15.1100,4344500,66032622.0000,1.104600,1,0.397100,18.043964,2.572057,7.380393,31.035642,0
2025-09-05,sz.002346,15.1000,15.4900,15.0300,15.4700,15.1700,3038300,46566972.0000,0.772500,1,1.977600,18.400799,2.622922,7.526347,31.649399,0
2025-09-08,sz.002346,15.5500,15.8800,15.5500,15.7000,15.4700,4427240,69592517.6000,1.125600,1,1.486700,18.674372,2.661918,7.638245,32.119946,0
2025-09-09,sz.002346,15.6500,15.9900,15.5000,15.6800,15.7000,3580362,56368424.4600,0.910300,1,-0.127400,18.650583,2.658527,7.628514,32.079029,0
2025-09-10,sz.002346,15.5700,15.7800,15.4000,15.4400,15.6800,2507112,38979176.2800,0.637400,1,-1.530600,18.365115,2.617835,7.511752,31.588023,0
2025-09-11,sz.002346,15.4400,15.6300,15.2200,15.6000,15.4400,2211302,34191058.0800,0.562200,1,1.036300,18.555427,2.644963,7.589594,31.915360,0
2025-09-12,sz.002346,15.6200,15.8000,15.4800,15.5900,15.6000,3056347,47786890.9200,0.777100,1,-0.064100,18.543533,2.643268,7.584728,31.894902,0
2025-09-15,sz.002346,15.5400,16.3000,15.4800,15.8700,15.5900,6496912,103114936.8600,1.651800,1,1.796000,18.876579,2.690741,7.720952,32.467742,0
2025-09-16,sz.002346,15.8300,16.2900,15.6600,16.2300,15.8700,7770902,125071174.0600,1.975700,1,2.268400,19.304781,2.751779,7.896096,33.204250,0
2025-09-17,sz.002346,16.2100,16.4500,16.1000,16.3000,16.2300,5525700,90114216.0000,1.404900,1,0.431300,19.388043,2.763647,7.930152,33.347460,0
2025-09-18,sz.002346,16.3300,16.6600,15.8400,15.9800,16.3000,6710412,108920245.6500,1.706100,1,-1.963200,19.007418,2.709392,7.774468,32.692786,0
2025-09-19,sz.002346,15.9700,16.1000,15.5800,16.0000,15.9800,5022499,79487112.1500,1.276900,1,0.125200,19.031207,2.712783,7.784198,32.733703,0
2025-09-22,sz.002346,16.0900,17.3000,16.0000,16.8400,16.0000,11102719,185802231.4400,2.822800,1,5.250000,20.030346,2.855204,8.192869,34.452222,0
2025-09-23,sz.002346,16.8000,16.8500,16.2800,16.6100,16.8400,7013201,115788816.3500,1.783100,1,-1.365800,19.756772,2.816208,8.080971,33.981675,0
2025-09-24,sz.002346,16.4100,17.1000,16.3600,16.7000,16.6100,5934254,98771530.6200,1.508700,1,0.541800,19.863823,2.831467,8.124757,34.165802,0
2025-09-25,sz.002346,16.7200,17.8000,16.7100,17.4000,16.7000,11983298,208257788.9700,3.046700,1,4.191600,20.696438,2.950151,8.465316,35.597902,0
2025-09-26,sz.002346,17.1200,19.1400,17.0600,19.1400,17.4000,11976515,224189319.8600,3.044900,1,10.000000,22.766082,3.245166,9.311847,39.157692,0
2025-09-29,sz.002346,19.2400,19.4800,18.1800,18.6900,19.1400,21755224,411495112.0000,5.531100,1,-2.351100,22.230829,3.168869,9.092917,38.237057,0
2025-09-30,sz.002346,18.8900,18.9000,18.1100,18.2400,18.6900,11180299,206444469.7400,2.842500,1,-2.407700,21.695577,3.092572,8.873986,37.316421,0
2025-10-09,sz.002346,18.2100,18.2400,17.5200,18.0700,18.2400,10118597,181364182.8800,2.572600,1,-0.932000,21.493370,3.063749,8.791279,36.968626,0
2025-10-10,sz.002346,18.1000,19.2000,17.8500,18.4500,18.0700,12728978,234558292.3700,3.236200,1,2.102900,21.945361,3.128178,8.976154,37.746051,0
2025-10-13,sz.002346,17.5300,18.3700,17.3600,18.2100,18.4500,8891458,160516506.4900,2.260600,1,-1.300800,21.659893,3.087486,8.859391,37.255046,0
2025-10-14,sz.002346,18.2200,18.4500,17.4300,17.5500,18.2100,7973697,142497973.0000,2.027300,1,-3.624400,20.874856,2.975584,8.538293,35.904780,0
2025-10-15,sz.002346,17.4600,18.6600,17.4000,18.6200,17.5500,9058000,162918446.0000,2.302900,1,6.096900,22.147568,3.157001,9.058861,38.093847,0
2025-10-16,sz.002346,18.5300,18.8700,17.8500,17.9600,18.6200,8986600,164756627.0000,2.284800,1,-3.544600,21.362530,3.045099,8.737763,36.743582,0
2025-10-17,sz.002346,17.9000,17.9600,16.7800,16.8200,17.9600,7909460,135550084.0000,2.010900,1,-6.347400,20.006557,2.851813,8.183139,34.411305,0
2025-10-20,sz.002346,17.0200,18.4800,16.8300,18.0000,16.8200,12189375,218167566.5000,3.099100,1,7.015500,21.410108,3.051881,8.757223,36.825416,0
2025-10-21,sz.002346,18.1300,18.3200,17.6600,18.0100,18.0000,6202540,111823737.4100,1.577000,1,0.055600,21.422003,3.053576,8.762088,36.845874,0
2025-10-22,sz.002346,18.0000,18.2800,17.7800,17.8200,18.0100,4117300,73861180.0000,1.046800,1,-1.055000,21.196007,3.021362,8.669651,36.457162,0
2025-10-23,sz.002346,17.7000,17.9000,17.5000,17.8600,17.8200,3128802,55423090.2800,0.795500,1,0.224500,21.243585,3.028144,8.689112,36.538996,0
2025-10-24,sz.002346,17.8000,18.3000,17.7000,18.1000,17.8600,4975525,90008421.2500,1.265000,1,1.343800,21.529053,3.068835,8.805874,37.030001,0
2025-10-27,sz.002346,18.3000,18.3200,17.6300,17.7500,18.1000,5628825,100504310.5000,1.431100,1,-1.933700,21.112746,3.009493,8.635595,36.313952,0
2025-10-28,sz.002346,17.7000,17.8900,17.5200,17.6300,17.7500,3233500,57101775.0000,0.822100,1,-0.676100,20.970012,2.989148,8.577214,36.068449,0
2025-10-29,sz.002346,17.6300,18.0600,17.5400,18.0500,17.6300,4749800,84790443.8300,1.207600,1,2.382300,21.469581,3.060358,8.781549,36.927709,0
2025-10-30,sz.002346,17.8800,18.7000,17.8800,18.2300,18.0500,7078068,130261607.8800,1.799500,1,0.997200,21.683682,3.090877,8.869121,37.295963,0
2025-10-31,sz.002346,18.5100,18.5400,17.2000,17.9800,18.2300,13018850,232713254.8700,3.309900,1,-1.371400,13.856486,2.752322,9.397386,-116.965800,0
2025-11-03,sz.002346,17.9600,18.4800,17.7000,18.2300,17.9800,7426095,134414435.5100,1.888000,1,1.390400,14.049151,2.790592,9.528051,-118.592132,0
2025-11-04,sz.002346,18.1300,18.6400,17.9100,18.1600,18.2300,7540000,137328070.0000,1.917000,1,-0.384000,13.995205,2.779876,9.491464,-118.136759,0
2025-11-05,sz.002346,17.9600,18.8700,17.7500,18.6500,18.1600,9761898,179809277.5600,2.481900,1,2.698200,14.372829,2.854884,9.747567,-121.324370,0
2025-11-06,sz.002346,18.7300,18.9500,18.3800,18.6000,18.6500,7864550,146746784.5400,1.999500,1,-0.268100,14.334295,2.847230,9.721434,-120.999103,0
2025-11-07,sz.002346,18.5300,18.8500,18.3400,18.6000,18.6000,7328151,136131650.6800,1.863100,1,0.000000,14.334295,2.847230,9.721434,-120.999103,0
2025-11-10,sz.002346,18.6000,19.2600,18.5000,18.7700,18.6000,7964462,150098108.4000,2.024900,1,0.914000,14.465308,2.873253,9.810286,-122.105009,0
2025-11-11,sz.002346,18.7200,19.1500,18.4000,18.6400,18.7700,5158700,96339059.0000,1.311600,1,-0.692600,14.365122,2.853353,9.742340,-121.259316,0
2025-11-12,sz.002346,18.5500,18.9000,18.1200,18.3700,18.6400,5456600,100817189.0000,1.387300,1,-1.448500,14.157043,2.812022,9.601223,-119.502878,0
2025-11-13,sz.002346,18.4000,19.1800,18.3000,18.9300,18.3700,6626320,124711091.5900,1.684700,1,3.048400,14.588614,2.897745,9.893911,-123.145862,0
2025-11-14,sz.002346,18.9000,19.2700,18.6500,18.9100,18.9300,5312800,100473710.0000,1.350700,1,-0.105700,14.573200,2.894684,9.883458,-123.015755,0
2025-11-17,sz.002346,18.9100,19.1000,18.2800,18.4500,18.9100,5257400,97181206.0000,1.336700,1,-2.432600,14.218696,2.824268,9.643035,-120.023304,0
2025-11-18,sz.002346,18.4100,18.4100,17.5300,17.7100,18.4500,6859100,122740645.0000,1.743900,1,-4.010800,13.648407,2.710992,9.256268,-115.209361,0
2025-11-19,sz.002346,17.7200,17.9000,17.3300,17.7900,17.7100,3970160,69873188.0000,1.009400,1,0.451700,13.710060,2.723238,9.298081,-115.729787,0
2025-11-20,sz.002346,17.8800,17.9300,17.4500,17.6500,17.7900,2475160,43645398.3200,0.629300,1,-0.787000,13.602167,2.701807,9.224909,-114.819042,0
2025-11-21,sz.002346,17.4400,17.5700,16.4000,16.4500,17.6500,5977600,100470457.0000,1.519800,1,-6.798900,12.677374,2.518115,8.597720,-107.012648,0
2025-11-24,sz.002346,16.5000,16.9200,16.4600,16.7800,16.4500,4698485,78618172.5800,1.194600,1,2.006100,12.931692,2.568630,8.770197,-109.159406,0
2025-11-25,sz.002346,16.8000,17.0700,16.6600,16.6900,16.7800,2701360,45475352.8000,0.686800,1,-0.536400,12.862333,2.554853,8.723158,-108.573927,0
2025-11-26,sz.002346,16.7000,17.1300,16.6700,16.7200,16.6900,2263422,38210846.1200,0.575500,1,0.179700,12.885453,2.559445,8.738837,-108.769086,0
2025-11-27,sz.002346,16.6700,17.1400,16.6700,16.8200,16.7200,2915160,49401859.2000,0.741200,1,0.598100,12.962519,2.574753,8.791103,-109.419619,0
2025-11-28,sz.002346,16.8200,17.5900,16.7000,17.0600,16.8200,3629102,62235280.0600,0.922700,1,1.426900,13.147477,2.611492,8.916541,-110.980898,0
2025-12-01,sz.002346,17.2500,17.2500,16.7700,16.9200,17.0600,3257792,55110895.4000,0.828300,1,-0.820600,13.039585,2.590061,8.843369,-110.070152,0
2025-12-02,sz.002346,16.9300,17.2200,16.7100,16.9500,16.9200,2908809,49230945.2800,0.739500,1,0.177300,13.062705,2.594653,8.859049,-110.265312,0
2025-12-03,sz.002346,16.9800,17.2100,16.8400,16.9500,16.9500,2389300,40639198.0000,0.607500,1,0.000000,13.062705,2.594653,8.859049,-110.265312,0
2025-12-04,sz.002346,16.9900,16.9900,16.6500,16.6900,16.9500,1578600,26480601.0000,0.401300,1,-1.533900,12.862333,2.554853,8.723158,-108.573927,0
2025-12-05,sz.002346,16.6800,16.9700,16.6400,16.9000,16.6900,1494100,25160657.0000,0.379900,1,1.258200,13.024172,2.586999,8.832916,-109.940045,0
2025-12-08,sz.002346,16.9300,17.1300,16.7700,17.0000,16.9000,2102500,35592542.0000,0.534500,1,0.591700,13.101238,2.602307,8.885182,-110.590578,0
2025-12-09,sz.002346,16.9200,18.7000,16.9200,18.7000,17.0000,10824261,195635561.7000,2.752000,1,10.000000,14.411362,2.862538,9.773700,-121.649636,0
2025-12-10,sz.002346,19.0100,20.1800,18.7400,19.8700,18.7000,21916763,430898856.6000,5.572200,1,6.256700,15.313035,3.041638,10.385209,-129.260870,0
2025-12-11,sz.002346,19.7700,20.4000,19.6700,19.9500,19.8700,14587474,291906419.2800,3.708800,1,0.402600,15.374688,3.053884,10.427022,-129.781296,0
2025-12-12,sz.002346,19.8900,20.0400,19.0100,19.2600,19.9500,12886303,251453489.1300,3.276200,1,-3.458600,14.842932,2.948261,10.066388,-125.292620,0
2025-12-15,sz.002346,19.2000,19.3800,18.7700,18.8900,19.2600,7137000,135422615.0000,1.814500,1,-1.921100,14.557787,2.891622,9.873005,-122.885648,0
2025-12-16,sz.002346,18.7600,18.9600,17.6000,17.8500,18.8900,8946900,161275037.0000,2.274700,1,-5.505600,13.756300,2.732422,9.329441,-116.120107,0
2025-12-17,sz.002346,17.7900,17.8500,17.1900,17.7100,17.8500,6019700,105719299.0000,1.530500,1,-0.784300,13.648407,2.710992,9.256268,-115.209361,0
2025-12-18,sz.002346,17.6800,17.7000,17.4400,17.5100,17.7100,3819900,67031619.0000,0.971200,1,-1.129300,13.494275,2.680376,9.151737,-113.908296,0
2025-12-19,sz.002346,17.5700,17.8900,17.5200,17.6500,17.5100,4014600,70974068.0000,1.020700,1,0.799500,13.602167,2.701807,9.224909,-114.819042,0
2025-12-22,sz.002346,17.7400,17.7600,17.4500,17.5900,17.6500,4015200,70680071.0000,1.020800,1,-0.339900,13.555928,2.692622,9.193550,-114.428722,0
2025-12-23,sz.002346,17.6000,17.9100,17.3300,17.7900,17.5900,4311427,76314303.5200,1.096100,1,1.137000,13.710060,2.723238,9.298081,-115.729787,0
2025-12-24,sz.002346,17.7900,17.9000,17.3900,17.8400,17.7900,4279800,75795875.0000,1.088100,1,0.281100,13.748593,2.730892,9.324214,-116.055054,0
2025-12-25,sz.002346,17.9000,19.6200,17.8800,19.6200,17.8400,10353798,195382555.7500,2.632400,1,9.977600,15.120370,3.003368,10.254545,-127.634538,0
2025-12-26,sz.002346,20.0100,21.0300,19.6200,20.4900,19.6200,19503642,398067533.0200,4.958700,1,4.434300,15.790845,3.136545,10.709257,-133.294173,0
2025-12-29,sz.002346,20.2800,20.6800,19.8000,20.4000,20.4900,11881144,239935315.9600,3.020700,1,-0.439200,15.721485,3.122768,10.662218,-132.708694,0
2025-12-30,sz.002346,20.2500,20.5000,20.0100,20.0300,20.4000,6210902,125282379.9200,1.579100,1,-1.813700,15.436341,3.066130,10.468834,-130.301722,0
2025-12-31,sz.002346,20.2900,20.5400,20.0100,20.3100,20.0300,6769168,137459941.9200,1.721000,1,1.397900,15.652126,3.108991,10.615179,-132.123214,0
2026-01-05,sz.002346,20.3700,20.4500,19.8500,19.9400,20.3100,6448166,129031431.9800,1.639400,1,-1.821800,15.366981,3.052353,10.421795,-129.716243,0
2026-01-06,sz.002346,19.9500,20.7500,19.8800,20.3300,19.9400,6983344,142296567.5200,1.775500,1,1.955900,15.667539,3.112053,10.625632,-132.253321,0
2026-01-07,sz.002346,20.3500,20.7800,20.0500,20.6000,20.3300,7300403,149769678.3700,1.856100,1,1.328100,15.875618,3.153384,10.766749,-134.009760,0
2026-01-08,sz.002346,20.4500,20.8900,20.3000,20.6800,20.6000,6563379,135250510.2500,1.668700,1,0.388300,15.937270,3.165630,10.808562,-134.530186,0
2026-01-09,sz.002346,20.6800,20.8900,20.3800,20.8100,20.6800,6716200,138637594.9400,1.707500,1,0.628600,16.037456,3.185530,10.876507,-135.375878,0
2026-01-12,sz.002346,20.8800,21.8000,20.6100,21.2000,20.8100,10577900,223174919.0000,2.689400,1,1.874100,16.338014,3.245230,11.080344,-137.912956,0
2026-01-13,sz.002346,21.2200,21.5700,20.8000,20.8600,21.2000,8032300,169447779.7100,2.042200,1,-1.603800,16.075989,3.193184,10.902640,-135.701145,0
2026-01-14,sz.002346,21.0600,21.4100,20.3300,20.7900,20.8600,9976022,207941776.8600,2.536300,1,-0.335600,16.022043,3.182468,10.866054,-135.245772,0
2026-01-15,sz.002346,20.6100,20.9900,20.5700,20.9000,20.7900,5306984,110380204.5000,1.349300,1,0.529100,16.106816,3.199307,10.923547,-135.961358,0
2026-01-16,sz.002346,21.2700,21.5300,20.8500,21.0800,20.9000,8120933,172127215.1200,2.064700,1,0.861200,16.245535,3.226861,11.017625,-137.132317,0
2026-01-19,sz.002346,20.9200,21.6900,20.9100,21.2800,21.0800,7613074,162582265.6100,1.935600,1,0.948800,16.399667,3.257476,11.122157,-138.433383,0
2026-01-20,sz.002346,21.3400,22.1000,21.0800,21.6900,21.2800,12445569,269942163.9400,3.164200,1,1.926700,16.715638,3.320238,11.336446,-141.100567,0
2026-01-21,sz.002346,21.4200,21.5700,20.6000,20.7000,21.6900,10274379,214651068.6800,2.612200,1,-4.564300,15.952684,3.168691,10.819015,-134.660292,0
2026-01-22,sz.002346,20.7200,22.6000,20.7200,21.5500,20.7000,11425085,248221815.5000,2.904700,1,4.106300,16.607746,3.298807,11.263274,-140.189821,0
2026-01-23,sz.002346,21.6800,21.8000,21.1800,21.2500,21.5500,10510500,225074823.5000,2.672200,1,-1.392100,16.376547,3.252884,11.106477,-138.238223,0
2026-01-26,sz.002346,21.2400,21.7800,21.0100,21.1100,21.2500,7669100,163927777.5000,1.949800,1,-0.658800,16.268655,3.231453,11.033305,-137.327477,0
2026-01-27,sz.002346,21.1100,21.3300,20.1800,20.7800,21.1100,7093400,146147967.0000,1.803400,1,-1.563200,16.014337,3.180938,10.860828,-135.180719,0
2026-01-28,sz.002346,20.7800,20.8000,20.3200,20.4300,20.7800,3669210,75087951.8000,0.932900,1,-1.684300,15.744605,3.127361,10.677898,-132.903854,0
2026-01-29,sz.002346,20.4400,20.6000,19.9000,20.0400,20.4300,4436200,89508996.0000,1.127900,1,-1.909000,15.444047,3.067661,10.474061,-130.366776,0
2026-01-30,sz.002346,20.1000,20.3200,19.5000,19.9900,20.0400,5300100,105611444.3000,1.347500,1,-0.249500,15.405514,3.060007,10.447928,-130.041509,0
2026-02-02,sz.002346,19.9200,20.7000,19.9200,20.2000,19.9900,4992100,101803723.0000,1.269200,1,1.050500,15.567353,3.092153,10.557686,-131.407628,0
2026-02-03,sz.002346,20.2100,20.4800,20.0100,20.4000,20.2000,3876685,78659605.7500,0.985600,1,0.990100,15.721485,3.122768,10.662218,-132.708694,0
2026-02-04,sz.002346,20.4000,20.9300,20.3000,20.5100,20.4000,3679858,75711407.1200,0.935600,1,0.539200,15.806258,3.139607,10.719710,-133.424280,0
2026-02-05,sz.002346,20.4500,20.5100,19.8600,19.9400,20.5100,3522400,70856001.0000,0.895500,1,-2.779100,15.366981,3.052353,10.421795,-129.716243,0
2026-02-06,sz.002346,19.8500,20.4500,19.7000,20.2000,19.9400,2891800,58349199.0000,0.735200,1,1.303900,15.567353,3.092153,10.557686,-131.407628,0
2026-02-09,sz.002346,20.4000,20.4400,20.0800,20.3500,20.2000,3040700,61546645.0000,0.773100,1,0.742600,15.682952,3.115114,10.636085,-132.383427,0
2026-02-10,sz.002346,20.3100,20.5000,20.0800,20.3200,20.3500,2554071,51859551.9700,0.649400,1,-0.147400,15.659832,3.110522,10.620405,-132.188268,0
2026-02-11,sz.002346,20.3300,20.5800,20.2200,20.4100,20.3200,2474333,50590887.9200,0.629100,1,0.442900,15.729192,3.124299,10.667444,-132.773747,0
2026-02-12,sz.002346,20.4900,20.8600,20.3300,20.6900,20.4100,3478000,71850576.0000,0.884300,1,1.371900,15.944977,3.167161,10.813789,-134.595239,0
2026-02-13,sz.002346,20.6900,20.7600,20.2000,20.2300,20.6900,2749363,56105355.5400,0.699000,1,-2.223300,15.590473,3.096745,10.573366,-131.602788,0
2026-02-24,sz.002346,20.4100,21.1900,20.2000,20.9900,20.2300,5328281,111580810.9900,1.354700,1,3.756800,16.176175,3.213084,10.970586,-136.546837,0
2026-02-25,sz.002346,21.0500,21.8500,20.7600,21.7500,20.9900,6848578,146913772.8000,1.741200,1,3.620800,16.761878,3.329422,11.367806,-141.490887,0
2026-02-26,sz.002346,21.6100,23.7400,21.6100,22.7000,21.7500,14219306,325453746.7300,3.615200,1,4.367800,17.494006,3.474845,11.864331,-147.670949,0
2026-02-27,sz.002346,22.8100,22.9400,22.2400,22.3600,22.7000,8073842,182102648.8000,2.052700,1,-1.497800,17.231981,3.422799,11.686627,-145.459137,0
2026-03-02,sz.002346,21.8000,22.2000,21.1400,21.2500,22.3600,9881585,212036881.5500,2.512300,1,-4.964200,16.376547,3.252884,11.106477,-138.238223,0
2026-03-03,sz.002346,21.2000,21.2900,19.9500,19.9800,21.2500,8169550,167469832.5000,2.077000,1,-5.976500,15.397808,3.058476,10.442702,-129.976456,0
2026-03-04,sz.002346,19.8100,21.2800,19.6400,20.7100,19.9800,8092836,168107756.8000,2.057500,1,3.653700,15.960390,3.170222,10.824242,-134.725346,0
2026-03-05,sz.002346,20.9500,21.3000,20.7600,20.9100,20.7100,5606836,118120037.8800,1.425500,1,0.965700,16.114522,3.200838,10.928773,-136.026411,0
2026-03-06,sz.002346,21.1400,21.9700,20.9300,21.3100,20.9100,7931583,170427567.0300,2.016500,1,1.913000,16.422787,3.262068,11.137836,-138.628542,0
2026-03-09,sz.002346,20.8800,21.5000,20.4100,21.3500,21.3100,7136100,149330601.0000,1.814300,1,0.187700,16.453613,3.268191,11.158743,-138.888756,0
2026-03-10,sz.002346,21.3000,21.7900,21.3000,21.6500,21.3500,4726938,102068654.3200,1.201800,1,1.405200,16.684812,3.314114,11.315540,-140.840354,0
2026-03-11,sz.002346,21.6400,21.7900,21.3300,21.4200,21.6500,4815738,103720542.4600,1.224400,1,-1.062400,16.507560,3.278907,11.195329,-139.344129,0
2026-03-12,sz.002346,21.5100,21.5500,20.5200,20.6600,21.4200,6288294,131372380.9400,1.598800,1,-3.548100,15.921857,3.162568,10.798109,-134.400079,0
2026-03-13,sz.002346,20.8000,20.9700,20.5000,20.6000,20.6600,4727000,97845205.9200,1.201800,1,-0.290400,15.875618,3.153384,10.766749,-134.009760,0
2026-03-16,sz.002346,20.4400,20.5400,19.7800,20.1500,20.6000,5339200,106878282.5900,1.357500,1,-2.184500,15.528820,3.084499,10.531553,-131.082362,0
2026-03-17,sz.002346,20.1900,20.3800,19.5400,19.5400,20.1500,4538480,89745574.6000,1.153900,1,-3.027300,15.058717,2.991122,10.212732,-127.114112,0
2026-03-18,sz.002346,19.5500,19.8200,19.4100,19.7700,19.5400,2335200,45858833.0000,0.593700,1,1.177100,15.235969,3.026330,10.332943,-128.610337,0
2026-03-19,sz.002346,19.4700,19.6500,18.9200,19.0400,19.7700,3944300,75763181.0000,1.002800,1,-3.692500,14.673386,2.914584,9.951403,-123.861448,0
2026-03-20,sz.002346,19.0800,19.5600,18.6300,18.9100,19.0400,4425942,84729122.5600,1.125300,1,-0.682800,14.573200,2.894684,9.883458,-123.015755,0
2026-03-23,sz.002346,18.5000,19.1100,17.9200,18.0500,18.9100,5633604,104404710.0800,1.432300,1,-4.547900,13.910432,2.763038,9.433972,-117.421173,0
2026-03-24,sz.002346,18.4900,19.0400,18.1700,18.9400,18.0500,4761700,88591649.0000,1.210600,1,4.930700,14.596320,2.899276,9.899138,-123.210915,0
2026-03-25,sz.002346,19.0400,19.1800,18.8700,19.0700,18.9400,3721142,70765446.4200,0.946100,1,0.686400,14.696506,2.919176,9.967083,-124.056607,0
2026-03-26,sz.002346,19.0500,19.6900,18.8500,19.0700,19.0700,6235500,120138205.0000,1.585300,1,0.000000,14.696506,2.919176,9.967083,-124.056607,0
2026-03-27,sz.002346,18.8000,19.5500,18.6300,19.3900,19.0700,4368500,83927541.0000,1.110700,1,1.678000,14.943118,2.968161,10.134334,-126.138312,0
2026-03-30,sz.002346,19.0400,19.4200,19.0400,19.3000,19.3900,2625200,50492441.0000,0.667400,1,-0.464200,14.873758,2.954384,10.087294,-125.552833,0
2026-03-31,sz.002346,19.3500,19.3900,18.8300,19.0900,19.3000,3105500,59347411.0000,0.789600,1,-1.088100,14.711919,2.922238,9.977536,-124.186714,0
2026-04-01,sz.002346,19.4000,19.8400,19.2500,19.5200,19.0900,4389900,85675645.0000,1.116100,1,2.252500,15.043304,2.988061,10.202279,-126.984005,0
2026-04-02,sz.002346,19.5500,19.5500,18.7500,18.8700,19.5200,3599204,68767683.4000,0.915100,1,-3.329900,14.542374,2.888561,9.862551,-122.755542,0
2026-04-03,sz.002346,18.8700,19.2000,18.4500,18.5000,18.8700,2003100,37337638.0000,0.509300,1,-1.960800,14.257229,2.831922,9.669168,-120.348570,0
2026-04-07,sz.002346,18.5800,18.7900,18.5000,18.5400,18.5000,1695900,31577651.0000,0.431200,1,0.216200,14.288056,2.838045,9.690074,-120.608784,0
2026-04-08,sz.002346,18.8800,19.1300,18.8600,19.0300,18.5400,3457900,65775770.0000,0.879100,1,2.642900,14.665680,2.913053,9.946177,-123.796394,0
2026-04-09,sz.002346,18.8600,18.9900,18.4000,18.4800,19.0300,3329365,62005885.0000,0.846500,1,-2.890200,14.241816,2.828861,9.658715,-120.218464,0
2026-04-10,sz.002346,18.5500,18.8900,18.5500,18.7900,18.4800,2670365,50075019.4000,0.678900,1,1.677500,14.480721,2.876315,9.820739,-122.235116,0
2026-04-13,sz.002346,18.7300,19.6500,18.6000,19.2200,18.7900,5348000,102850850.0000,1.359700,1,2.288500,14.812105,2.942138,10.045482,-125.032407,0
2026-04-14,sz.002346,19.4100,19.4400,18.9200,19.2000,19.2200,3412500,65108860.0000,0.867600,1,-0.104100,14.796692,2.939076,10.035029,-124.902300,0
2026-04-15,sz.002346,19.3500,19.4600,18.8700,18.9500,19.2000,3066800,58691309.0000,0.779700,1,-1.302100,14.604027,2.900807,9.904364,-123.275968,0
2026-04-16,sz.002346,18.9400,19.2800,18.8000,19.2100,18.9500,2603600,49588980.0000,0.661900,1,1.372000,14.804399,2.940607,10.040255,-124.967353,0
2026-04-17,sz.002346,19.2100,19.2400,18.8800,19.0000,19.2100,2726300,51913569.0000,0.693100,1,-1.093200,14.642560,2.908461,9.930497,-123.601235,0
2026-04-20,sz.002346,19.0000,20.0500,18.9300,19.3500,19.0000,5863900,114587719.8900,1.490900,1,1.842100,14.912291,2.962038,10.113427,-125.878099,0
2026-04-21,sz.002346,19.4000,19.5700,18.9700,19.2200,19.3500,2725600,52076373.0000,0.693000,1,-0.671800,14.812105,2.942138,10.045482,-125.032407,0
2026-04-22,sz.002346,19.1000,19.4100,19.0000,19.2900,19.2200,2702200,51949248.0000,0.687000,1,0.364200,14.866052,2.952853,10.082068,-125.487780,0
2026-04-23,sz.002346,19.3000,19.3800,18.7100,18.8600,19.2900,4212400,79634205.0000,1.071000,1,-2.229100,14.534667,2.887030,9.857325,-122.690489,0
2026-04-24,sz.002346,18.7100,18.9800,18.5100,18.8400,18.8600,2209100,41331278.0000,0.561600,1,-0.106000,14.519254,2.883968,9.846872,-122.560382,0
2026-04-27,sz.002346,18.8300,18.8300,18.3000,18.5900,18.8400,2930800,54388736.0000,0.745100,1,-1.327000,14.326589,2.845699,9.716207,-120.934050,0
2026-04-28,sz.002346,18.5600,18.5600,17.9700,18.1600,18.5900,4055710,73462833.3600,1.031100,1,-2.313100,13.995205,2.779876,9.491464,-118.136759,0
2026-04-29,sz.002346,17.8300,18.0300,17.1000,17.5900,18.1600,5737665,101374238.7400,1.463300,1,-3.138800,27.850115,2.684325,8.889802,-147.604332,0
2026-04-30,sz.002346,17.5900,17.7400,17.2500,17.7400,17.5900,3293903,57663686.4600,0.840000,1,0.852800,28.087609,2.707216,8.965610,-148.863038,0
2026-05-06,sz.002346,17.9200,18.4700,17.9200,18.0600,17.7400,3892900,70504858.0000,0.992800,1,1.803800,28.594262,2.756050,9.127335,-151.548279,0
2026-05-07,sz.002346,18.0600,18.2700,17.9700,18.2200,18.0600,3368986,61130684.2200,0.859200,1,0.885900,28.847589,2.780467,9.208197,-152.890900,0
2026-05-08,sz.002346,18.1700,18.4000,18.0600,18.2900,18.2200,2928500,53459102.0000,0.746900,1,0.384200,28.958420,2.791149,9.243575,-153.478296,0
2026-05-11,sz.002346,18.2900,18.7300,18.2100,18.5200,18.2900,3635600,67110534.0000,0.927200,1,1.257500,29.322577,2.826248,9.359814,-155.408313,0
2026-05-12,sz.002346,18.4300,20.3700,18.4200,20.3700,18.5200,9843283,195049780.4400,2.510300,1,9.989200,32.251668,3.108568,10.294785,-170.932361,0
2026-05-13,sz.002346,21.0000,22.4100,20.9900,21.3700,20.3700,30720284,668216591.5200,7.834500,1,4.909200,33.834960,3.261173,10.800174,-179.323739,0
2026-05-14,sz.002346,20.9900,21.1800,20.4000,20.4000,21.3700,19161383,397892796.5100,4.886700,1,-4.539100,32.299167,3.113146,10.309947,-171.184103,0
2026-05-15,sz.002346,20.3600,20.7700,20.0500,20.1200,20.4000,9317366,189644465.0400,2.376200,1,-1.372500,31.855845,3.070416,10.168438,-168.834517,0
2026-05-18,sz.002346,20.0800,21.1200,19.6000,20.7500,20.1200,11733040,239703183.0200,2.992300,1,3.131200,32.853319,3.166558,10.486833,-174.121085,0
2026-05-19,sz.002346,20.7600,21.1900,20.5100,20.8000,20.7500,8104920,168970697.4300,2.067000,1,0.241000,32.932484,3.174188,10.512102,-174.540654,0
2026-05-20,sz.002346,20.8000,21.7800,20.7000,21.6800,20.8000,10987120,234118718.8700,2.802000,1,4.230800,34.325781,3.308481,10.956845,-181.925066,0
2026-05-21,sz.002346,21.3700,21.7300,20.2500,20.3500,21.6800,9277400,194283272.0000,2.366000,1,-6.134700,32.220002,3.105516,10.284677,-170.764534,0
2026-05-22,sz.002346,20.3400,20.7000,20.0400,20.3500,20.3500,5366300,109168288.0000,1.368600,1,0.000000,32.220002,3.105516,10.284677,-170.764534,0
2026-05-25,sz.002346,20.3500,21.6800,20.1500,21.0600,20.3500,10572200,222321985.0000,2.696200,1,3.488900,33.344140,3.213865,10.643504,-176.722412,0
2026-05-26,sz.002346,20.8100,22.3400,20.8100,22.1200,21.0600,12674710,275825015.8000,3.232400,1,5.033200,35.022430,3.375627,11.179217,-185.617272,0
2026-05-27,sz.002346,21.9100,22.8300,21.6800,22.1200,22.1200,10726190,238093727.2700,2.735500,1,0.000000,35.022430,3.375627,11.179217,-185.617272,0
2026-05-28,sz.002346,22.0400,22.0800,21.3900,22.0000,22.1200,7200447,156813745.0000,1.836300,1,-0.542500,34.832435,3.357314,11.118570,-184.610307,0
2026-05-29,sz.002346,21.8500,22.0000,20.6000,20.8500,22.0000,7186198,151882737.4400,1.832700,1,-5.227300,33.011648,3.181818,10.537372,-174.960223,0
2026-06-01,sz.002346,20.7800,21.6800,20.3100,20.4400,20.8500,6421100,133607224.0000,1.637600,1,-1.966400,32.362498,3.119250,10.330162,-171.519758,0
2026-06-02,sz.002346,20.4900,20.4900,19.3800,19.4500,20.4400,6773382,133142552.4900,1.727400,1,-4.843400,30.795039,2.968171,9.829827,-163.212294,0
2026-06-03,sz.002346,19.3700,19.4900,18.7000,18.9000,19.4500,5306322,101198485.8000,1.353300,1,-2.827800,29.924228,2.884238,9.551862,-158.597036,0
2026-06-04,sz.002346,18.7300,18.7300,17.8700,18.1100,18.9000,5886650,107202195.5000,1.501300,1,-4.179900,28.673427,2.763680,9.152605,-151.967848,0
2026-06-05,sz.002346,18.1000,18.5500,17.2000,17.8500,18.1100,4686700,83547645.9000,1.195200,1,-1.435700,28.261771,2.724003,9.021203,-149.786090,0
2026-06-08,sz.002346,17.5000,18.1000,16.6600,16.8500,17.8500,6053900,104323156.0000,1.543900,1,-5.602200,26.678478,2.571397,8.515814,-141.394712,0
2026-06-09,sz.002346,17.0900,18.5400,16.8400,17.6100,16.8500,10076102,179798309.3000,2.569700,1,4.510400,27.881781,2.687377,8.899910,-147.772159,0
2026-06-10,sz.002346,17.9000,17.9000,16.6600,16.7100,17.6100,6103900,104253472.0000,1.556700,1,-5.110700,26.456817,2.550033,8.445059,-140.219919,0
2026-06-11,sz.002346,16.6300,16.6600,15.8600,15.9400,16.7100,5070442,81606635.7400,1.293100,1,-4.608000,25.237682,2.432527,8.055909,-133.758559,0
2026-06-12,sz.002346,16.3000,16.4500,15.8400,16.0000,15.9400,3277800,52908072.0000,0.835900,1,0.376400,25.332680,2.441683,8.086233,-134.262041,0
2026-06-15,sz.002346,16.1300,16.8200,16.1100,16.3700,16.0000,3747347,61155882.1000,0.955700,1,2.312500,25.918498,2.498147,8.273227,-137.366851,0
2026-06-16,sz.002346,16.4800,18.0100,16.3200,18.0100,16.3700,6881801,120092452.1400,1.755100,1,10.018300,28.515098,2.748420,9.102066,-151.128710,0
2026-06-17,sz.002346,18.5600,19.1700,18.1600,18.3300,18.0100,10256700,190837854.0000,2.615700,1,1.776800,29.021751,2.797253,9.263790,-153.813951,0
2026-06-18,sz.002346,18.7500,19.0000,18.1800,18.4300,18.3300,7149400,132455920.0000,1.823300,1,0.545600,29.180081,2.812514,9.314329,-154.653089,0
2026-06-22,sz.002346,18.8100,20.2700,18.8100,20.2700,18.4300,6103582,121843344.1400,1.556600,1,9.983700,32.093339,3.093307,10.244246,-170.093224,0
2026-06-23,sz.002346,20.6000,22.1500,20.6000,21.4800,20.2700,18241382,393805083.4200,4.652100,1,5.969400,34.009123,3.277960,10.855767,-180.246791,0
2026-06-24,sz.002346,21.3300,23.1700,21.1600,23.0900,21.4800,15544720,345843215.0000,3.964300,1,7.495300,36.558224,3.523654,11.669444,-193.756908,0
2026-06-25,sz.002346,23.5600,24.7200,22.8300,22.8900,23.0900,16859320,398489051.4900,4.299600,1,-0.866200,36.241565,3.493133,11.568367,-192.078633,0
2026-06-26,sz.002346,22.8800,22.9300,21.2800,21.2800,22.8900,11498756,252959461.3600,2.932500,1,-7.033600,33.692464,3.247438,10.754689,-178.568515,0
2026-06-29,sz.002346,21.7800,22.6500,20.5900,20.7800,21.2800,10586011,225232368.3700,2.699700,1,-2.349600,32.900818,3.171136,10.501995,-174.372826,0
2026-06-30,sz.002346,21.2800,21.5500,20.5700,21.3900,20.7800,8564100,180427122.3800,2.184100,1,2.935500,33.866626,3.264225,10.810282,-179.491567,0
2026-07-01,sz.002346,21.2000,21.6700,20.3700,20.6400,21.3900,9660248,199857663.8800,2.463600,1,-3.506300,32.679157,3.149771,10.431240,-173.198033,0
2026-07-02,sz.002346,20.5200,20.6400,20.0000,20.1500,20.6400,5757550,116827533.5000,1.468300,1,-2.374000,31.903344,3.074995,10.183599,-169.086258,0
2026-07-03,sz.002346,20.2300,20.9100,19.9400,20.2000,20.1500,6122000,124726580.0000,1.561300,1,0.248100,31.982508,3.082625,10.208869,-169.505827,0
2026-07-06,sz.002346,20.3200,20.3300,19.1100,19.5600,20.2000,5181071,101885232.7500,1.321300,1,-3.168300,30.969201,2.984958,9.885419,-164.135346,0
2026-07-07,sz.002346,19.2400,19.3700,18.5000,18.7600,19.0800,5368400,101045789.0000,1.369100,1,-1.677100,29.702567,2.862873,9.481108,-157.422244,0
2026-07-08,sz.002346,18.7500,19.0000,18.0000,18.0300,18.7600,4147904,75927434.8000,1.057800,1,-3.891300,28.546764,2.751472,9.112173,-151.296538,0
2026-07-09,sz.002346,18.0600,19.8300,18.0600,19.8300,18.0300,3073485,59937005.6500,0.783800,1,9.983400,31.396690,3.026161,10.021875,-166.401018,0
2026-07-10,sz.002346,21.0900,21.8100,20.7500,21.8100,19.8300,9531498,205978125.2200,2.430800,1,9.984900,34.531609,3.328319,11.022546,-183.015945,0
2026-07-13,sz.002346,21.4500,22.3900,20.2200,20.3300,21.8100,17663332,371556103.0800,4.504600,1,-6.785900,32.188336,3.102464,10.274569,-170.596706,0
2026-07-14,sz.002346,20.3400,20.7300,19.6000,20.3400,20.3300,10549010,212284232.1000,2.690300,1,0.049200,32.204169,3.103990,10.279623,-170.680620,0
2026-07-15,sz.002346,20.8000,21.1900,19.9300,20.1600,20.3400,12053619,246400993.9500,3.074000,1,-0.885000,31.919177,3.076521,10.188653,-169.170172,0
2026-07-16,sz.002346,19.5300,21.1100,19.3300,20.4900,20.1600,13888409,285668281.5800,3.541900,1,1.636900,32.441663,3.126880,10.355432,-171.939327,0
2026-07-17,sz.002346,20.3000,20.3400,18.4400,18.4400,20.4900,11725756,224452671.3200,2.990400,1,-10.004900,29.195913,2.814040,9.319383,-154.737003,0
2026-07-20,sz.002346,18.2600,19.2900,17.0500,17.2500,18.4400,11613325,210682026.5500,2.961700,1,-6.453400,27.311795,2.632440,8.717970,-144.751263,0
2026-07-21,sz.002346,17.5600,17.6200,15.8300,17.4400,17.2500,10270880,172901713.5800,2.619400,1,1.101400,27.612621,2.661435,8.813994,-146.345625,0
2026-07-22,sz.002346,17.2700,17.5600,16.8500,16.9300,17.4400,7346029,125934759.8400,1.873400,1,-2.924300,26.805142,2.583606,8.556245,-142.066023,0
2026-07-23,sz.002346,16.9300,17.2700,16.6100,17.1900,16.9300,6101950,103992224.5600,1.556200,1,1.535700,27.216798,2.623283,8.687646,-144.247781,0
2026-07-24,sz.002346,17.1500,17.1900,16.5000,16.6600,17.1900,5878900,98454465.0000,1.499300,1,-3.083200,26.377653,2.542403,8.419790,-139.800351,0
2026-07-27,sz.002346,16.4300,17.3200,16.4300,17.0500,16.6600,4336900,73397483.0000,1.106000,1,2.340900,26.995137,2.601919,8.616892,-143.072988,0
2026-07-28,sz.002346,16.9100,17.3300,16.6500,16.7500,17.0500,4038400,68439367.0000,1.029900,1,-1.759500,26.520149,2.556137,8.465275,-140.555575,0
2026-07-29,sz.002346,16.7600,17.0400,16.2500,16.5000,16.7500,4559492,75016830.0800,1.162800,1,-1.492500,26.124326,2.517986,8.338927,-138.457730,0
2026-07-30,sz.002346,16.3900,16.5800,15.5000,15.5700,16.5000,5974700,95004646.0000,1.523700,1,-5.636400,24.651864,2.376063,7.868915,-130.653749,0
2026-07-31,sz.002346,15.8400,17.1300,15.8400,17.1300,15.5700,6835945,113964783.0100,1.743400,1,10.019300,27.121800,2.614127,8.657323,-143.744298,0
2026-08-03,sz.002346,17.5000,17.6800,16.7600,17.4500,17.1300,10657609,184625804.7800,2.718000,1,1.868100,27.628454,2.662961,8.819047,-146.429539,0
2026-08-04,sz.002346,17.6400,18.2600,17.4700,18.1800,17.4500,5541094,99076816.9300,1.413100,1,4.183400,28.784257,2.774362,9.187982,-152.555244,0
2026-08-05,sz.002346,18.1900,20.0000,18.1200,20.0000,18.1800,5942097,115231951.7800,1.515400,1,10.011000,31.665850,3.052104,10.107791,-167.827552,0
2026-08-06,sz.002346,20.0300,20.3900,19.2300,20.1900,20.0000,10106429,201299617.7700,2.577400,1,0.950000,31.966675,3.081099,10.203815,-169.421913,0
2026-08-07,sz.002346,20.1900,20.6700,20.1700,20.4700,20.1900,6625700,135387055.0000,1.689700,1,1.386800,32.409997,3.123828,10.345324,-171.771499,0
2026-08-10,sz.002346,20.5000,20.7900,20.0500,20.7700,20.4700,5768554,118627290.0200,1.471100,1,1.465600,32.884985,3.169610,10.496941,-174.288912,0
2026-08-11,sz.002346,20.5500,21.0700,20.2700,20.7500,20.7700,5251142,108445720.2200,1.339200,1,-0.096300,32.853319,3.166558,10.486833,-174.121085,0
2026-08-12,sz.002346,20.7000,21.5400,20.5300,21.4400,20.7500,6262100,132933310.3200,1.597000,1,3.325300,33.945791,3.271855,10.835552,-179.911135,0
2026-08-13,sz.002346,21.6000,21.9900,21.2600,21.6100,21.4400,7197193,155579110.3600,1.835500,1,0.792900,34.214951,3.297798,10.921468,-181.337670,0
2026-08-14,sz.002346,21.4900,22.3600,21.3900,22.3300,21.6100,5961995,131328061.8600,1.520500,1,3.331800,35.354921,3.407674,11.285348,-187.379461,0
2026-08-17,sz.002346,22.6000,24.5600,22.4000,24.3300,22.3300,23225731,558274734.7900,5.923200,1,8.956600,38.521506,3.712884,12.296127,-204.162217,0
2026-08-18,sz.002346,24.3900,26.6600,24.0200,26.1000,24.3300,23791217,615399294.4800,6.067400,1,7.275000,41.323934,3.982996,13.190667,-219.014955,0
2026-08-19,sz.002346,25.7400,27.4800,25.5200,26.3000,26.1000,17312941,462827154.9500,4.415300,1,0.766300,41.640592,4.013517,13.291745,-220.693230,0
2026-08-20,sz.002346,26.3200,26.4100,23.6700,23.6700,26.3000,21234540,520509145.6000,4.808800,1,-10.000000,17.443395,3.249197,11.734546,66.664417,0
2026-08-21,sz.002346,23.1100,23.8000,22.5600,23.0700,23.6700,18606549,431648274.0800,4.213700,1,-2.534900,17.001230,3.166834,11.437092,64.974571,0
2026-08-24,sz.002346,23.0900,23.1400,20.8000,21.3200,23.0700,15472540,336038036.2400,3.503900,1,-7.585600,15.711583,2.926611,10.569519,60.045854,0
2026-08-25,sz.002346,21.5300,21.5700,19.9700,20.6200,21.3200,11494066,236473334.3000,2.603000,1,-3.283300,15.195725,2.830521,10.222490,58.074367,0
2026-08-26,sz.002346,20.5300,21.4200,20.2800,20.7400,20.6200,12253315,254718003.7800,2.774900,1,0.582000,15.284158,2.846994,10.281981,58.412336,0
2026-08-27,sz.002346,20.5500,21.0800,20.2300,21.0100,20.7400,11424000,234984721.0000,2.587100,1,1.301800,15.483132,2.884057,10.415835,59.172767,0
