date,code,open,high,low,close,preclose,volume,amount,turn,tradestatus,pctChg,peTTM,pbMRQ,psTTM,pcfNcfTTM,isST
2016-08-29,sz.002483,12.2000,12.5500,12.1300,12.5000,12.1400,8953633,111464442.0000,2.492389,1,2.965400,-12.483359,2.183786,2.156418,53.990984,0
2016-08-30,sz.002483,12.5000,12.7500,12.3800,12.7500,12.5000,11645746,147002901.0000,3.241782,1,2.000000,-12.733026,2.227462,2.199546,55.070803,0
2016-08-31,sz.002483,12.7300,12.7600,12.5200,12.6900,12.7500,6437369,81299023.0000,1.791946,1,-0.470600,-12.673106,2.216980,2.189195,54.811647,0
2016-09-01,sz.002483,12.6200,12.9200,12.6200,12.6300,12.6900,10316079,132059168.0000,2.871648,1,-0.472800,-12.613186,2.206498,2.178845,54.552490,0
2016-09-02,sz.002483,12.5500,12.6100,12.4400,12.5300,12.6300,4939363,61799906.0000,1.374952,1,-0.791800,-12.513319,2.189027,2.161593,54.120562,0
2016-09-05,sz.002483,12.5200,12.7300,12.4200,12.4500,12.5300,4925204,61850605.0000,1.371010,1,-0.638467,-12.433425,2.175051,2.147792,53.775020,0
2016-09-06,sz.002483,12.4100,12.9700,12.2200,12.9200,12.4500,11029787,139242273.0000,3.070320,1,3.775103,-12.902800,2.257162,2.228874,55.805081,0
2016-09-07,sz.002483,12.8900,13.1900,12.7500,12.7700,12.9200,12225583,158956297.0000,3.403189,1,-1.160988,-12.752999,2.230956,2.202996,55.157189,0
2016-09-08,sz.002483,12.7000,13.2700,12.7000,13.2500,12.7700,14826515,194457240.0000,4.127201,1,3.758806,-13.232360,2.314813,2.285803,57.230443,0
2016-09-09,sz.002483,13.3300,13.9600,13.0500,13.6900,13.2500,24245632,329579728.0000,6.749165,1,3.320752,-13.671774,2.391683,2.361709,59.130925,0
2016-09-12,sz.002483,13.4000,14.0600,13.3100,13.5000,13.6900,18317774,251219434.0000,5.099049,1,-1.387871,-13.482027,2.358489,2.328931,58.310262,0
2016-09-13,sz.002483,13.5000,13.6800,13.1600,13.4200,13.5000,11365490,151574113.0000,3.163768,1,-0.592592,-13.402134,2.344513,2.315130,57.964720,0
2016-09-14,sz.002483,13.3100,13.4000,13.1500,13.2400,13.4200,6216607,82487792.0000,1.730493,1,-1.341284,-13.222374,2.313066,2.284078,57.187250,0
2016-09-19,sz.002483,13.3900,13.4400,13.1000,13.4300,13.2400,7592502,100883460.0000,2.113496,1,1.435049,-13.412121,2.346260,2.316855,58.007913,0
2016-09-20,sz.002483,13.3900,13.3900,13.1700,13.2100,13.4300,5678035,75194612.0000,1.580573,1,-1.638126,-13.192414,2.307825,2.278902,57.057671,0
2016-09-21,sz.002483,13.2100,13.3000,13.0300,13.1900,13.2100,5055421,66479231.0000,1.407258,1,-0.151404,-13.172440,2.304331,2.275452,56.971286,0
2016-09-22,sz.002483,13.2900,13.3600,13.0000,13.3600,13.1900,9083351,119873778.0000,2.528498,1,1.288856,-13.342214,2.334031,2.304779,57.705563,0
2016-09-23,sz.002483,13.3200,13.6600,13.2500,13.5800,13.3600,10317606,139572238.0000,2.872073,1,1.646709,-13.561921,2.372465,2.342732,58.655805,0
2016-09-26,sz.002483,13.5000,13.6900,12.8000,12.8600,13.5800,9574309,126324402.0000,2.665164,1,-5.301917,-12.842879,2.246679,2.218523,55.545924,0
2016-09-27,sz.002483,12.7300,12.9400,12.6000,12.9400,12.8600,6184901,78822997.0000,1.721668,1,0.622083,-12.922773,2.260656,2.232324,55.891466,0
2016-09-28,sz.002483,12.9100,12.9700,12.7500,12.8100,12.9400,3322101,42619687.0000,0.924761,1,-1.004630,-12.792946,2.237944,2.209897,55.329960,0
2016-09-29,sz.002483,12.8800,13.0800,12.8000,12.9100,12.8100,4213500,54629896.0000,1.172896,1,0.780636,-12.892813,2.255414,2.227148,55.761888,0
2016-09-30,sz.002483,12.9100,13.0600,12.8800,13.0400,12.9100,2630981,34191006.0000,0.732376,1,1.006972,-13.022640,2.278126,2.249575,56.323394,0
2016-10-10,sz.002483,13.1100,13.4500,13.1100,13.4400,13.0400,5871691,78338718.0000,1.634480,1,3.067482,-13.422107,2.348007,2.318580,58.051106,0
2016-10-11,sz.002483,13.4900,13.5000,13.3000,13.4900,13.4400,5140731,68953879.0000,1.431006,1,0.372025,-13.472041,2.356742,2.327206,58.267069,0
2016-10-12,sz.002483,13.4500,13.6500,13.3500,13.5500,13.4900,6539632,88387254.0000,1.820413,1,0.444777,-13.531961,2.367224,2.337557,58.526226,0
2016-10-13,sz.002483,13.5700,13.5800,13.3800,13.4200,13.5500,4376865,58842004.0000,1.218371,1,-0.959410,-13.402134,2.344513,2.315130,57.964720,0
2016-10-14,sz.002483,13.3900,13.4000,13.2200,13.3200,13.4200,4348433,57845578.0000,1.210457,1,-0.745159,-13.302267,2.327043,2.297879,57.532792,0
2016-10-17,sz.002483,13.3900,13.5600,13.2200,13.3000,13.3200,5504126,73855680.0000,1.532163,1,-0.150146,-13.282294,2.323549,2.294429,57.446407,0
2016-10-18,sz.002483,13.2600,13.5200,13.1400,13.5000,13.3000,6054202,80864976.0000,1.685285,1,1.503758,-13.482027,2.358489,2.328931,58.310262,0
2016-10-19,sz.002483,13.5500,13.5600,13.3000,13.3600,13.5000,4149879,55691926.0000,1.155186,1,-1.037040,-13.342214,2.334031,2.304779,57.705563,0
2016-10-20,sz.002483,13.3500,13.4300,13.1700,13.2000,13.3600,4785869,63541083.0000,1.332224,1,-1.197604,-13.182427,2.306078,2.277177,57.014479,0
2016-10-21,sz.002483,13.2400,13.3200,13.1300,13.2600,13.2000,4090098,54107852.0000,1.138545,1,0.454549,-13.242347,2.316561,2.287528,57.273635,0
2016-10-24,sz.002483,13.2500,13.5000,13.2000,13.4900,13.2600,5265993,70346716.0000,1.465875,1,1.734537,-13.472041,2.356742,2.327206,58.267069,0
2016-10-25,sz.002483,13.4800,13.5000,13.3700,13.4200,13.4900,3182474,42775561.0000,0.885893,1,-0.518901,-13.402134,2.344513,2.315130,57.964720,0
2016-10-26,sz.002483,13.4100,13.4300,13.1700,13.2500,13.4200,3543721,47052433.0000,0.986452,1,-1.266767,-13.232360,2.314813,2.285803,57.230443,0
2016-10-27,sz.002483,13.2700,13.5200,13.2000,13.4600,13.2500,3943265,52680835.0000,1.097672,1,1.584906,-13.442081,2.351501,2.322031,58.137491,0
2016-10-28,sz.002483,13.4800,13.4800,12.8800,12.9100,13.4600,9418088,124052370.0000,2.621678,1,-4.086183,-13.740296,2.244234,2.113246,-31.357969,0
2016-10-31,sz.002483,12.7900,13.0500,12.7000,12.7900,12.9100,5132765,65844566.0000,1.428788,1,-0.929511,-13.612578,2.223374,2.093603,-31.066493,0
2016-11-01,sz.002483,12.8400,12.9800,12.7500,12.9300,12.7900,4983166,64229585.0000,1.387145,1,1.094608,-13.761582,2.247711,2.116520,-31.406548,0
2016-11-02,sz.002483,12.9700,12.9800,12.4800,12.5000,12.9300,8121727,103107224.0000,2.260814,1,-3.325602,-13.303927,2.172961,2.046133,-30.362092,0
2016-11-03,sz.002483,12.4600,12.6900,12.4100,12.5800,12.5000,5343246,67246357.0000,1.487379,1,0.639999,-13.389072,2.186868,2.059228,-30.556409,0
2016-11-04,sz.002483,12.6100,12.6500,12.5000,12.5400,12.5800,3436022,43190247.0000,0.956472,1,-0.317965,-13.346499,2.179915,2.052681,-30.459251,0
2016-11-07,sz.002483,12.5400,12.6700,12.4100,12.5900,12.5400,2873968,36072434.0000,0.800016,1,0.398726,-13.399715,2.188606,2.060865,-30.580699,0
2016-11-08,sz.002483,12.6000,12.7900,12.5800,12.7800,12.5900,3464335,44041301.0000,0.964354,1,1.509131,-13.601935,2.221635,2.091966,-31.042203,0
2016-11-09,sz.002483,12.7900,12.7900,12.2500,12.4900,12.7800,4073302,51165454.0000,1.133870,1,-2.269170,-13.293284,2.171223,2.044496,-30.337802,0
2016-11-10,sz.002483,12.6200,12.7400,12.5400,12.6400,12.4900,5175728,65402276.0000,1.440748,1,1.200965,-13.452931,2.197298,2.069050,-30.702148,0
2016-11-11,sz.002483,12.6300,12.8700,12.6100,12.8000,12.6400,5148604,65549812.0000,1.433197,1,1.265821,-13.623221,2.225112,2.095240,-31.090782,0
2016-11-14,sz.002483,12.8200,12.8900,12.7400,12.8600,12.8000,6361513,81560054.0000,1.770830,1,0.468746,-13.687080,2.235542,2.105062,-31.236520,0
2016-11-15,sz.002483,12.7900,12.9100,12.7400,12.8900,12.8600,3838618,49243495.0000,1.068542,1,0.233287,-13.719009,2.240757,2.109972,-31.309389,0
2016-11-16,sz.002483,12.9300,12.9700,12.8200,12.9500,12.8900,4452370,57469614.0000,1.239389,1,0.465473,-13.782868,2.251188,2.119794,-31.455127,0
2016-11-17,sz.002483,12.9500,13.2400,12.8200,13.0800,12.9500,7480435,97711052.0000,2.082300,1,1.003862,-13.921229,2.273786,2.141074,-31.770893,0
2016-11-18,sz.002483,13.1100,13.1400,12.9300,12.9900,13.0800,4111616,53433578.0000,1.144535,1,-0.688075,-13.825441,2.258141,2.126341,-31.552286,0
2016-11-21,sz.002483,12.9100,13.1000,12.8700,13.0100,12.9900,3333353,43268088.0000,0.927893,1,0.153968,-13.846727,2.261618,2.129615,-31.600865,0
2016-11-22,sz.002483,13.0000,13.1000,12.9300,13.0700,13.0100,4577543,59541033.0000,1.274233,1,0.461180,-13.910586,2.272048,2.139437,-31.746603,0
2016-11-23,sz.002483,13.1300,13.2300,12.9600,13.0700,13.0700,4994450,65699320.0000,1.390286,1,0.000000,-13.910586,2.272048,2.139437,-31.746603,0
2016-11-24,sz.002483,13.0700,13.1100,12.8400,12.8500,13.0700,3660735,47645897.0000,1.019025,1,-1.683239,-13.676437,2.233804,2.103425,-31.212231,0
2016-11-25,sz.002483,12.8000,12.8900,12.3600,12.6500,12.8500,6804427,85514992.0000,1.894123,1,-1.556426,-13.463574,2.199037,2.070687,-30.726437,0
2016-11-28,sz.002483,12.6500,12.7700,12.6200,12.6500,12.6500,3625533,46004528.0000,1.009226,1,0.000000,-13.463574,2.199037,2.070687,-30.726437,0
2016-11-29,sz.002483,12.6100,12.7100,12.3100,12.3900,12.6500,4340295,54488541.0000,1.208192,1,-2.055330,-13.186852,2.153839,2.028127,-30.094906,0
2016-11-30,sz.002483,12.3300,12.5600,12.3300,12.5400,12.3900,3625512,45249931.0000,1.009220,1,1.210651,-13.346499,2.179915,2.052681,-30.459251,0
2016-12-01,sz.002483,12.6000,12.6600,12.5300,12.6200,12.5400,4030730,50772891.0000,1.122019,1,0.637958,-13.431644,2.193821,2.065776,-30.653568,0
2016-12-02,sz.002483,12.6200,12.6200,12.2500,12.2900,12.6200,3601538,44578551.0000,1.002547,1,-2.614896,-13.080421,2.136455,2.011758,-29.852009,0
2016-12-05,sz.002483,12.1500,12.4500,12.1300,12.3000,12.2900,2259827,27888569.0000,0.629059,1,0.081369,-13.091064,2.138194,2.013395,-29.876299,0
2016-12-06,sz.002483,12.2500,12.4000,12.2000,12.2400,12.3000,2090152,25712516.0000,0.581828,1,-0.487808,-13.027205,2.127763,2.003573,-29.730561,0
2016-12-07,sz.002483,12.2400,12.4200,12.2200,12.3700,12.2400,2263636,27907756.0000,0.630120,1,1.062092,-13.165566,2.150362,2.024853,-30.046326,0
2016-12-08,sz.002483,12.3800,12.4300,12.3200,12.3300,12.3700,2307905,28554211.0000,0.642443,1,-0.323363,-13.122993,2.143409,2.018306,-29.949168,0
2016-12-09,sz.002483,12.3100,12.3600,12.2500,12.2500,12.3300,1802029,22155953.0000,0.501624,1,-0.648823,-13.037848,2.129502,2.005210,-29.754850,0
2016-12-12,sz.002483,12.1500,12.2900,11.1000,11.1800,12.2500,7110942,82914221.0000,1.979446,1,-8.734692,-11.899032,1.943496,1.830061,-27.155855,0
2016-12-13,sz.002483,11.1600,11.3800,10.9200,11.3000,11.1800,4302848,47881610.0000,1.197768,1,1.073344,-12.026750,1.964357,1.849704,-27.447331,0
2016-12-14,sz.002483,11.2500,11.3000,10.9700,11.0700,11.3000,3305200,36773060.0000,0.920056,1,-2.035403,-11.781958,1.924374,1.812055,-26.888669,0
2016-12-15,sz.002483,11.0200,11.3200,10.9300,11.2400,11.0700,3098191,34715245.0000,0.862432,1,1.535683,-11.962891,1.953927,1.839883,-27.301593,0
2016-12-16,sz.002483,11.2500,11.8600,11.2200,11.5600,11.2400,3378693,38978405.0000,0.940514,1,2.846981,-12.303471,2.009554,1.892264,-28.078863,0
2016-12-19,sz.002483,11.5900,11.5900,11.3900,11.4600,11.5600,2323231,26613850.0000,0.646709,1,-0.865055,-12.197040,1.992171,1.875895,-27.835966,0
2016-12-20,sz.002483,11.4600,11.6200,11.4200,11.5200,11.4600,1817072,20933197.0000,0.505811,1,0.523564,-12.260899,2.002601,1.885716,-27.981704,0
2016-12-21,sz.002483,11.6000,11.6800,11.4900,11.5700,11.5200,2436227,28221098.0000,0.678163,1,0.434021,-12.314115,2.011293,1.893901,-28.103152,0
2016-12-22,sz.002483,11.5300,11.6500,11.4700,11.5900,11.5700,1511874,17486547.0000,0.420855,1,0.172865,-12.335401,2.014769,1.897175,-28.151732,0
2016-12-23,sz.002483,11.5800,11.6500,11.4700,11.5800,11.5900,1846186,21324225.0000,0.513916,1,-0.086283,-12.324758,2.013031,1.895538,-28.127442,0
2016-12-26,sz.002483,11.5100,11.7500,11.4500,11.7300,11.5800,2457244,28438536.0000,0.684014,1,1.295334,-12.484405,2.039107,1.920091,-28.491787,0
2016-12-27,sz.002483,11.7300,11.7800,11.6400,11.7300,11.7300,1739005,20386814.0000,0.484080,1,0.000000,-12.484405,2.039107,1.920091,-28.491787,0
2016-12-28,sz.002483,11.7300,11.8600,11.6700,11.7100,11.7300,1678445,19775906.0000,0.467222,1,-0.170499,-12.463119,2.035630,1.916817,-28.443208,0
2016-12-29,sz.002483,11.7700,11.8200,11.6000,11.7000,11.7100,1593727,18691311.0000,0.443640,1,-0.085399,-12.452475,2.033892,1.915181,-28.418918,0
2016-12-30,sz.002483,11.7100,11.8400,11.7000,11.7900,11.7000,1465064,17261368.0000,0.407824,1,0.769232,-12.548264,2.049537,1.929913,-28.637525,0
2017-01-03,sz.002483,11.9000,12.1500,11.8200,12.0900,11.7900,4356263,52539968.0000,1.212636,1,2.544531,-12.867558,2.101688,1.979020,-29.366215,0
2017-01-04,sz.002483,12.1300,12.1700,11.9700,12.1500,12.0900,2584892,31226249.0000,0.719547,1,0.496273,-12.931417,2.112118,1.988841,-29.511953,0
2017-01-05,sz.002483,12.1400,13.3700,12.1100,13.3700,12.1500,23402942,305952736.0000,6.514588,1,10.041150,-14.229880,2.324199,2.188544,-32.475294,0
2017-01-06,sz.002483,14.0000,14.7100,13.8500,14.7100,13.3700,42020896,609146240.0000,11.697198,1,10.022440,-15.656061,2.557141,2.407889,-35.730110,0
2017-01-09,sz.002483,15.3000,16.1800,15.0800,16.1700,14.7100,75177334,1186616000.0000,20.926830,1,9.925220,-17.209960,2.810942,2.646878,-39.276402,0
2017-01-10,sz.002483,14.7700,15.7500,14.5500,15.2400,16.1700,58520140,884207648.0000,16.290030,1,-5.751393,-16.220148,2.649274,2.494645,-37.017463,0
2017-01-11,sz.002483,14.8700,15.1200,14.5600,15.0100,15.2400,35693749,530494992.0000,9.935934,1,-1.509183,-15.975355,2.609292,2.456997,-36.458800,0
2017-01-12,sz.002483,14.9800,15.0000,14.1100,14.3300,15.0100,35600940,514593216.0000,9.910099,1,-4.530315,-15.251622,2.491083,2.345687,-34.807102,0
2017-01-13,sz.002483,14.2800,14.4800,13.5500,13.6100,14.3300,28308541,398325872.0000,7.880142,1,-5.024426,-14.485315,2.365920,2.227830,-33.058246,0
2017-01-16,sz.002483,13.7500,14.1100,12.9000,13.8900,13.6100,32920317,449655952.0000,9.163904,1,2.057316,-14.783323,2.414594,2.273663,-33.738357,0
2017-01-17,sz.002483,13.7400,15.2800,13.3100,14.8800,13.8900,51483614,739683392.0000,14.331299,1,7.127428,-15.836994,2.586693,2.435717,-36.143034,0
2017-01-18,sz.002483,14.4500,14.9800,14.2200,14.4500,14.8800,37340446,543522016.0000,10.394319,1,-2.889787,-15.379339,2.511943,2.365330,-35.098578,0
2017-01-19,sz.002483,14.2600,14.3500,13.7900,14.0900,14.4500,20515390,287805056.0000,5.710792,1,-2.491347,-14.996186,2.449362,2.306401,-34.224150,0
2017-01-20,sz.002483,14.1500,14.5700,14.0400,14.2700,14.0900,22596153,323207600.0000,6.290006,1,1.277504,-15.187763,2.480652,2.335865,-34.661364,0
2017-01-23,sz.002483,14.1300,14.6600,13.8700,14.2700,14.2700,21168680,301840560.0000,5.892645,1,0.000000,-15.187763,2.480652,2.335865,-34.661364,0
2017-01-24,sz.002483,14.2000,14.2000,13.6800,13.8900,14.2700,15838447,220097669.0000,4.408889,1,-2.662930,-14.783323,2.414594,2.273663,-33.738357,0
2017-01-25,sz.002483,13.9000,13.9500,13.3200,13.4500,13.8900,16429810,223962900.0000,4.573504,1,-3.167750,-14.315025,2.338106,2.201639,-32.669611,0
2017-01-26,sz.002483,13.5200,13.6600,13.3100,13.3800,13.4500,10637064,143191072.0000,2.960999,1,-0.520444,-14.240523,2.325937,2.190181,-32.499583,0
2017-02-03,sz.002483,13.4100,13.8700,13.3900,13.8000,13.3800,15500642,211837557.0000,4.314855,1,3.139014,-14.687535,2.398949,2.258931,-33.519750,0
2017-02-06,sz.002483,13.8100,14.2700,13.5400,14.2400,13.8000,23546426,327812608.0000,6.554530,1,3.188403,-15.155833,2.475437,2.330955,-34.588495,0
2017-02-07,sz.002483,14.0900,14.4400,14.0100,14.1100,14.2400,18835515,266678774.0000,5.243171,1,-0.912922,-15.017473,2.452838,2.309675,-34.272730,0
2017-02-08,sz.002483,14.0500,14.7200,13.9500,14.5400,14.1100,25288123,363813600.0000,7.039359,1,3.047486,-15.475128,2.527588,2.380062,-35.317185,0
2017-02-09,sz.002483,14.4100,14.5600,14.2900,14.4300,14.5400,17639532,254136806.0000,4.910250,1,-0.756531,-15.358053,2.508466,2.362056,-35.049999,0
2017-02-10,sz.002483,14.3900,14.5400,13.9500,14.0300,14.4300,18673682,264623761.0000,5.198122,1,-2.772007,-14.932327,2.438931,2.296580,-34.078412,0
2017-02-13,sz.002483,14.0000,14.4900,13.8500,14.4800,14.0300,17299225,245751913.0000,4.815520,1,3.207411,-15.411269,2.517158,2.370240,-35.171447,0
2017-02-14,sz.002483,14.6600,15.0000,14.3100,14.3200,14.4800,21990107,320565168.0000,6.121303,1,-1.104971,-15.240979,2.489344,2.344050,-34.782813,0
2017-02-15,sz.002483,14.1000,14.2100,13.7000,13.7300,14.3200,18081196,252186481.0000,5.033194,1,-4.120113,-14.613033,2.386780,2.247473,-33.349722,0
2017-02-16,sz.002483,13.6100,14.0500,13.5500,14.0000,13.7300,12610383,173899668.0000,3.510305,1,1.966500,-14.900398,2.433716,2.291669,-34.005543,0
2017-02-17,sz.002483,13.8700,13.9600,13.6500,13.7400,14.0000,9557333,131618825.0000,2.660439,1,-1.857145,-14.623676,2.388519,2.249109,-33.374012,0
2017-02-20,sz.002483,13.7100,14.2900,13.7000,14.2300,13.7400,15523311,218578793.0000,4.321165,1,3.566228,-15.145190,2.473699,2.329318,-34.564206,0
2017-02-21,sz.002483,14.2200,14.3400,14.0800,14.3300,14.2300,13047202,185438441.0000,3.631900,1,0.702743,-15.251622,2.491083,2.345687,-34.807102,0
2017-02-22,sz.002483,14.3100,14.4600,14.1100,14.4600,14.3300,14433779,206493423.0000,4.017876,1,0.907188,-15.389983,2.513681,2.366967,-35.122868,0
2017-02-23,sz.002483,14.4000,14.5400,14.1100,14.1800,14.4600,10594045,151083682.0000,2.949024,1,-1.936374,-15.091975,2.465007,2.321133,-34.442757,0
2017-02-24,sz.002483,14.1800,14.2700,13.9300,14.0800,14.1800,8331748,117270200.0000,2.319277,1,-0.705221,-14.985543,2.447623,2.304764,-34.199861,0
2017-02-27,sz.002483,14.0300,14.4700,13.9300,14.2200,14.0800,13110825,187376020.0000,3.649611,1,0.994321,-15.134547,2.471960,2.327681,-34.539916,0
2017-02-28,sz.002483,14.1100,14.2800,13.9400,14.0700,14.2200,9069220,127586124.0000,2.524564,1,-1.054856,65.033005,2.445885,2.082792,-34.175571,0
2017-03-01,sz.002483,14.0700,15.2500,13.9700,14.6800,14.0700,29323438,428377520.0000,8.162655,1,4.335470,67.852489,2.551925,2.173091,-35.657241,0
2017-03-02,sz.002483,14.5700,15.1000,14.4200,14.9600,14.6800,29388688,435201584.0000,8.180818,1,1.907355,69.146678,2.600600,2.214539,-36.337352,0
2017-03-03,sz.002483,14.8000,15.2200,14.6500,14.7500,14.9600,19270028,286636448.0000,5.364125,1,-1.403744,68.176036,2.564094,2.183453,-35.827269,0
2017-03-06,sz.002483,14.7400,14.9900,14.6500,14.9000,14.7500,14353936,212717913.0000,3.995651,1,1.016947,68.869351,2.590170,2.205657,-36.191614,0
2017-03-07,sz.002483,14.8500,14.8900,14.5100,14.6000,14.9000,13123429,191882895.0000,3.653119,1,-2.013418,67.482720,2.538018,2.161248,-35.462924,0
2017-03-08,sz.002483,14.6000,14.6900,14.3700,14.5800,14.6000,9528113,138079042.0000,2.652305,1,-0.136989,67.390278,2.534542,2.158287,-35.414344,0
2017-03-09,sz.002483,14.5400,14.5400,13.9100,13.9200,14.5800,12936657,183296058.0000,3.601128,1,-4.526748,64.339689,2.419809,2.060587,-33.811226,0
2017-03-10,sz.002483,13.8400,14.1100,13.7900,13.9200,13.9200,7318451,102216331.0000,2.037210,1,0.000000,64.339689,2.419809,2.060587,-33.811226,0
2017-03-13,sz.002483,13.8100,14.0400,13.6500,13.9700,13.9200,6413287,89043508.0000,1.785242,1,0.359197,64.570795,2.428501,2.067989,-33.932674,0
2017-03-14,sz.002483,13.9800,14.0900,13.8600,13.9000,13.9700,5786969,80797117.0000,1.610897,1,-0.501078,64.247247,2.416333,2.057627,-33.762646,0
2017-03-15,sz.002483,13.9000,14.1600,13.7100,14.1100,13.9000,6660820,93057948.0000,1.854147,1,1.510792,65.217889,2.452838,2.088713,-34.272730,0
2017-03-16,sz.002483,14.0300,14.2300,13.9900,14.1200,14.1100,7317996,103037885.0000,2.037083,1,0.070873,65.264110,2.454577,2.090193,-34.297019,0
2017-03-17,sz.002483,14.0800,14.1400,13.7100,13.7100,14.1200,9981535,138472361.0000,2.778522,1,-2.903682,63.369048,2.383304,2.029501,-33.301143,0
2017-03-20,sz.002483,13.6700,13.7600,13.3700,13.5900,13.7100,7960923,107677129.0000,2.216052,1,-0.875273,62.814395,2.362443,2.011737,-33.009666,0
2017-03-21,sz.002483,13.5100,13.7700,13.5000,13.7200,13.5900,5363106,73282309.0000,1.492908,1,0.956587,63.415269,2.385042,2.030981,-33.325432,0
2017-03-22,sz.002483,13.7200,13.7200,13.4000,13.4200,13.7200,6574204,88737050.0000,1.830036,1,-2.186590,62.028637,2.332891,1.986572,-32.596742,0
2017-03-23,sz.002483,13.4400,13.5500,13.2600,13.5200,13.4200,6014312,80780900.0000,1.674181,1,0.745159,62.490848,2.350275,2.001375,-32.839639,0
2017-03-24,sz.002483,13.5000,13.5700,13.3000,13.4700,13.5200,5906795,79228259.0000,1.644252,1,-0.369824,62.259743,2.341583,1.993973,-32.718190,0
2017-03-27,sz.002483,13.4900,13.7700,13.4900,13.7500,13.4700,8106410,110799257.0000,2.256551,1,2.078691,63.553932,2.390257,2.035422,-33.398301,0
2017-03-28,sz.002483,13.7800,13.7800,13.5600,13.6900,13.7500,4813208,65643617.0000,1.339835,1,-0.436367,63.276605,2.379827,2.026540,-33.252563,0
2017-03-29,sz.002483,13.7100,14.4400,13.3500,14.0400,13.6900,14839717,206405446.0000,4.130876,1,2.556613,64.894342,2.440670,2.078351,-34.102702,0
2017-03-30,sz.002483,13.9900,14.3800,13.9000,14.1700,14.0400,20029119,284861824.0000,5.575430,1,0.925927,65.495215,2.463269,2.097595,-34.418468,0
2017-03-31,sz.002483,14.1400,14.7300,14.0000,14.6000,14.1700,24752991,359150416.0000,6.890397,1,3.034582,67.482720,2.538018,2.161248,-35.462924,0
2017-04-05,sz.002483,14.4500,14.6700,14.2000,14.6500,14.6000,17819952,257788487.0000,4.960473,1,0.342461,67.713825,2.546710,2.168650,-35.584372,0
2017-04-06,sz.002483,14.5600,14.6000,14.3000,14.4100,14.6500,14097175,203389789.0000,3.924177,1,-1.638224,66.604520,2.504989,2.133122,-35.001420,0
2017-04-07,sz.002483,14.3700,14.7000,14.1600,14.6400,14.4100,16602006,239725939.0000,4.621438,1,1.596117,67.667604,2.544972,2.167169,-35.560082,0
2017-04-10,sz.002483,14.5800,14.6900,14.1800,14.2000,14.6400,12151025,174927869.0000,3.382435,1,-3.005468,65.633879,2.468484,2.102036,-34.491337,0
2017-04-11,sz.002483,13.6600,13.9700,12.8500,13.1600,14.2000,20324692,268370287.0000,5.657708,1,-7.323944,60.826890,2.287693,1.948084,-31.965211,0
2017-04-12,sz.002483,13.0900,13.3300,12.9500,13.0000,13.1600,9208269,120926621.0000,2.563271,1,-1.215804,60.087354,2.259879,1.924399,-31.576576,0
2017-04-13,sz.002483,13.0100,13.2000,12.9000,13.0900,13.0000,5338054,69896429.0000,1.485934,1,0.692309,60.503343,2.275525,1.937722,-31.795183,0
2017-04-14,sz.002483,13.1000,13.1000,12.5900,12.5900,13.0900,10084878,128426708.0000,2.807289,1,-3.819710,58.192291,2.188606,1.863706,-30.580699,0
2017-04-17,sz.002483,12.4900,12.7500,12.3000,12.5500,12.5900,5408948,67601509.0000,1.505668,1,-0.317712,58.007407,2.181653,1.857785,-30.483540,0
2017-04-18,sz.002483,12.7200,12.9400,12.5800,12.6200,12.5500,5370241,68571722.0000,1.494894,1,0.557767,63.265556,2.189034,1.877876,12177.865217,0
2017-04-19,sz.002483,12.5000,12.6200,12.0500,12.3200,12.6200,6020319,74161213.0000,1.675853,1,-2.377181,61.761621,2.136997,1.833235,11888.375552,0
2017-04-20,sz.002483,12.3000,12.4200,12.1600,12.3400,12.3200,3389453,41690222.0000,0.943509,1,0.162341,61.861883,2.140466,1.836212,11907.674863,0
2017-04-21,sz.002483,12.3900,12.5200,12.3000,12.4000,12.3400,3021049,37532910.0000,0.840958,1,0.486219,62.162670,2.150874,1.845140,11965.572796,0
2017-04-24,sz.002483,12.3200,12.4100,11.5000,11.6300,12.4000,4553232,53950532.0000,1.267466,1,-6.209674,58.302569,2.017311,1.730562,11222.549324,0
2017-04-25,sz.002483,11.3100,11.7500,11.3000,11.6700,11.6300,4279857,49567234.0000,1.191368,1,0.343938,59.718738,2.006907,1.905600,20.813919,0
2017-04-26,sz.002483,11.6800,11.7000,11.4100,11.6300,11.6700,3198724,37064189.0000,0.890417,1,-0.342759,59.514046,2.000028,1.899068,20.742577,0
2017-04-27,sz.002483,11.5300,11.6200,11.0000,11.5300,11.6300,5613621,63572369.0000,1.562642,1,-0.859849,59.002318,1.982831,1.882739,20.564223,0
2017-04-28,sz.002483,11.4600,11.7300,11.4100,11.7300,11.5300,3164018,36644787.0000,0.880756,1,1.734604,60.025775,2.017225,1.915397,20.920931,0
2017-05-02,sz.002483,11.7400,11.7900,11.5600,11.6900,11.7300,2761120,32189697.0000,0.768603,1,-0.341006,59.821084,2.010346,1.908866,20.849590,0
2017-05-03,sz.002483,11.6100,11.7400,11.5300,11.7000,11.6900,2852569,33147807.0000,0.794059,1,0.085545,59.872257,2.012066,1.910499,20.867425,0
2017-05-04,sz.002483,11.7000,11.7000,11.4800,11.5400,11.7000,3067564,35474496.0000,0.853906,1,-1.367520,59.053491,1.984551,1.884372,20.582058,0
2017-05-05,sz.002483,11.5200,11.5300,11.1500,11.1600,11.5400,4260715,48191248.0000,1.186039,1,-3.292895,57.108922,1.919201,1.822322,19.904313,0
2017-05-08,sz.002483,11.1800,11.3800,11.0800,11.1100,11.1600,3195953,35858473.0000,0.889645,1,-0.448030,56.853057,1.910603,1.814157,19.815136,0
2017-05-09,sz.002483,11.1000,11.3100,11.0300,11.2800,11.1100,2476768,27778984.0000,0.689449,1,1.530154,57.722996,1.939838,1.841917,20.118338,0
2017-05-10,sz.002483,11.3000,11.3700,10.5200,10.5200,11.2800,3939452,43409187.0000,1.096610,1,-6.737582,53.833858,1.809140,1.717816,18.762847,0
2017-05-11,sz.002483,10.4400,10.4800,9.9600,10.2300,10.5200,4615227,47045182.0000,1.284723,1,-2.756663,52.349845,1.759268,1.670462,18.245620,0
2017-05-12,sz.002483,10.2200,10.6500,10.1800,10.3700,10.2300,3592301,37321112.0000,0.999975,1,1.368527,53.066265,1.783344,1.693322,18.495316,0
2017-05-15,sz.002483,10.2400,10.3700,10.2000,10.3300,10.3700,2584537,26643314.0000,0.719448,1,-0.385728,52.861574,1.776465,1.686791,18.423974,0
2017-05-16,sz.002483,10.3500,10.8300,10.3000,10.7300,10.3300,3972705,41916131.0000,1.105867,1,3.872213,54.908488,1.845254,1.752107,19.137391,0
2017-05-17,sz.002483,10.8700,11.2700,10.8500,11.1300,10.7300,5927950,66051228.0000,1.650141,1,3.727871,56.955403,1.914042,1.817423,19.850807,0
2017-05-18,sz.002483,10.9500,11.2700,10.9100,11.0800,11.1300,3969489,44136803.0000,1.104972,1,-0.449238,56.699539,1.905444,1.809258,19.761630,0
2017-05-19,sz.002483,11.1000,11.7700,11.0800,11.3600,11.0800,5850094,67098484.0000,1.628469,1,2.527073,58.132379,1.953596,1.854980,20.261021,0
2017-05-22,sz.002483,11.3800,11.5100,11.0900,11.1700,11.3600,5058232,56906032.0000,1.408041,1,-1.672531,57.160095,1.920921,1.823955,19.922148,0
2017-05-23,sz.002483,11.1500,11.1600,10.8400,10.8900,11.1700,3042662,33273832.0000,0.846974,1,-2.506712,55.727254,1.872769,1.778233,19.422757,0
2017-05-24,sz.002483,6.8000,6.8000,6.2100,6.5700,6.7400,4305416,28272125.0000,0.749051,1,-2.522249,53.792920,1.807764,1.716509,18.748579,0
2017-05-25,sz.002483,6.5600,6.7000,6.4800,6.6200,6.5700,3402194,22511105.0000,0.591910,1,0.761031,54.202303,1.821522,1.729573,18.891262,0
2017-05-26,sz.002483,6.6200,7.1400,6.5900,6.9100,6.6200,5725951,39082055.0000,0.996195,1,4.380664,56.576724,1.901316,1.805339,19.718825,0
2017-05-31,sz.002483,6.9700,7.0800,6.8000,6.8800,6.9100,4630985,32212606.0000,0.805694,1,-0.434150,56.331094,1.893062,1.797502,19.633215,0
2017-06-01,sz.002483,6.8800,6.8900,6.4000,6.4000,6.8800,5041521,33291719.0000,0.877118,1,-6.976745,52.401018,1.760988,1.672094,18.263456,0
2017-06-02,sz.002483,6.3500,6.5200,6.2300,6.5200,6.4000,3590148,22845085.0000,0.624610,1,1.874998,53.383537,1.794006,1.703446,18.605895,0
2017-06-05,sz.002483,6.5200,6.6400,6.5200,6.5800,6.5200,2279631,14995586.0000,0.396608,1,0.920245,53.874796,1.810515,1.719122,18.777115,0
2017-06-06,sz.002483,6.7000,6.7900,6.5400,6.6300,6.5800,2795959,18652583.0000,0.486438,1,0.759881,54.284179,1.824273,1.732185,18.919799,0
2017-06-07,sz.002483,6.5800,6.8400,6.5600,6.7900,6.6300,4268047,28723712.0000,0.742550,1,2.413271,55.594205,1.868298,1.773988,19.376385,0
2017-06-08,sz.002483,6.8000,6.8700,6.7200,6.7800,6.7900,3376016,22916463.0000,0.587356,1,-0.147272,55.512328,1.865546,1.771375,19.347848,0
2017-06-09,sz.002483,6.7700,6.8400,6.6700,6.8000,6.7800,4125288,27919886.0000,0.717713,1,0.294985,55.676081,1.871049,1.776600,19.404922,0
2017-06-12,sz.002483,6.7900,6.8400,6.4200,6.5100,6.8000,3942628,26142360.0000,0.685934,1,-4.264705,53.301660,1.791255,1.700834,18.577359,0
2017-06-13,sz.002483,6.5100,6.6300,6.4500,6.6000,6.5100,2470985,16263824.0000,0.429899,1,1.382483,54.038550,1.816019,1.724347,18.834189,0
2017-06-14,sz.002483,6.5600,6.6500,6.5300,6.6400,6.6000,2584716,17047242.0000,0.449686,1,0.606060,54.366056,1.827025,1.734798,18.948335,0
2017-06-15,sz.002483,6.6200,6.8000,6.5900,6.8000,6.6400,4589429,30826777.0000,0.798464,1,2.409643,55.676081,1.871049,1.776600,19.404922,0
2017-06-16,sz.002483,6.7700,6.8500,6.7300,6.7800,6.8000,3225292,21869950.0000,0.561133,1,-0.294117,55.512328,1.865546,1.771375,19.347848,0
2017-06-19,sz.002483,6.7800,6.8500,6.7100,6.8500,6.7800,3461551,23533862.0000,0.602237,1,1.032444,56.085464,1.884807,1.789664,19.547605,0
2017-06-20,sz.002483,6.8900,6.8900,6.7400,6.7800,6.8500,4387685,29881316.0000,0.763365,1,-1.021893,55.512328,1.865546,1.771375,19.347848,0
2017-06-21,sz.002483,6.7800,6.8700,6.7200,6.7800,6.7800,4029164,27327046.0000,0.700989,1,0.000000,55.512328,1.865546,1.771375,19.347848,0
2017-06-22,sz.002483,6.7800,6.7800,6.5000,6.5300,6.7800,5063303,33743892.0000,0.880908,1,-3.687315,53.465413,1.796758,1.706059,18.634432,0
2017-06-23,sz.002483,6.5300,6.5500,6.3500,6.4300,6.5300,4861013,31256537.0000,0.845714,1,-1.531399,52.646647,1.769242,1.679932,18.349066,0
2017-06-26,sz.002483,6.4200,6.5800,6.3700,6.5400,6.4300,4115885,26685970.0000,0.716077,1,1.710733,53.547290,1.799509,1.708672,18.662969,0
2017-06-27,sz.002483,6.5500,6.6100,6.5000,6.5300,6.5400,2898771,18998976.0000,0.504325,1,-0.152901,53.465413,1.796758,1.706059,18.634432,0
2017-06-28,sz.002483,6.5400,6.5500,6.3500,6.4100,6.5300,3896993,25092593.0000,0.677995,1,-1.837678,52.482894,1.763739,1.674707,18.291992,0
2017-06-29,sz.002483,6.4100,6.5200,6.4000,6.4900,6.4100,4000392,25881919.0000,0.695984,1,1.248049,53.137907,1.785752,1.695608,18.520286,0
2017-06-30,sz.002483,6.4500,6.6100,6.4400,6.5900,6.4900,3811178,24980461.0000,0.663065,1,1.540838,53.956673,1.813267,1.721735,18.805652,0
2017-07-03,sz.002483,6.5800,6.7500,6.5300,6.7100,6.5900,4957618,33101541.0000,0.862521,1,1.820939,54.939192,1.846286,1.753087,19.148092,0
2017-07-04,sz.002483,6.6800,6.7400,6.6300,6.6900,6.7100,3031830,20243606.0000,0.527474,1,-0.298062,54.775439,1.840782,1.747861,19.091019,0
2017-07-05,sz.002483,6.6700,6.7200,6.6500,6.7200,6.6900,2711621,18145645.0000,0.471765,1,0.448427,55.021069,1.849037,1.755699,19.176628,0
2017-07-06,sz.002483,6.7300,6.7500,6.6200,6.6600,6.7200,2961095,19761238.0000,0.515168,1,-0.892856,54.529809,1.832528,1.740023,19.005409,0
2017-07-07,sz.002483,6.6300,6.7600,6.6100,6.7600,6.6600,3607258,24197320.0000,0.627587,1,1.501507,55.348575,1.860043,1.766150,19.290775,0
2017-07-10,sz.002483,6.7300,6.8100,6.7200,6.7400,6.7600,4458358,30200924.0000,0.775660,1,-0.295865,55.184822,1.854540,1.760924,19.233702,0
2017-07-11,sz.002483,6.7400,6.7700,6.5600,6.5600,6.7400,3599401,24017307.0000,0.626220,1,-2.670621,53.711043,1.805012,1.713897,18.720042,0
2017-07-12,sz.002483,6.5600,6.6000,6.4200,6.5000,6.5600,3923279,25442039.0000,0.682568,1,-0.914633,53.219784,1.788503,1.698221,18.548822,0
2017-07-13,sz.002483,6.4900,6.5800,6.4600,6.5600,6.5000,3025672,19676282.0000,0.526403,1,0.923076,53.711043,1.805012,1.713897,18.720042,0
2017-07-14,sz.002483,6.5400,6.5500,6.4600,6.5400,6.5600,1919795,12509716.0000,0.334004,1,-0.304878,53.547290,1.799509,1.708672,18.662969,0
2017-07-17,sz.002483,6.5100,6.5200,6.0400,6.0400,6.5400,5017993,31200803.0000,0.873025,1,-7.645260,49.453460,1.661932,1.578039,17.236136,0
2017-07-18,sz.002483,6.0300,6.1900,6.0000,6.1500,6.0400,3137272,19139703.0000,0.545819,1,1.821194,50.354103,1.692199,1.606778,17.550039,0
2017-07-19,sz.002483,6.1500,6.2200,6.1100,6.2100,6.1500,2341091,14442270.0000,0.407300,1,0.975609,50.845363,1.708708,1.622454,17.721259,0
2017-07-20,sz.002483,6.2100,6.2600,6.1100,6.1400,6.2100,4167126,25788082.0000,0.724992,1,-1.127217,50.272226,1.689448,1.604166,17.521503,0
2017-07-21,sz.002483,6.1500,6.1800,6.0900,6.1300,6.1400,2372875,14588748.0000,0.412830,1,-0.162862,50.190350,1.686696,1.601553,17.492966,0
2017-07-24,sz.002483,6.1100,6.1900,6.0800,6.1800,6.1300,2781971,17098276.0000,0.484004,1,0.815656,50.599733,1.700454,1.614616,17.635649,0
2017-07-25,sz.002483,6.1800,6.1900,6.0400,6.0900,6.1800,3075968,18778340.0000,0.535153,1,-1.456306,49.862843,1.675690,1.591102,17.378820,0
2017-07-26,sz.002483,6.0800,6.1000,6.0400,6.0800,6.0900,3027853,18392711.0000,0.526782,1,-0.164207,49.780967,1.672938,1.588490,17.350283,0
2017-07-27,sz.002483,6.0900,6.2200,6.0400,6.2000,6.0800,4021277,24766613.0000,0.699617,1,1.973682,50.763486,1.705957,1.619842,17.692723,0
2017-07-28,sz.002483,6.2100,6.2500,6.1500,6.1700,6.2000,2581279,15987201.0000,0.449088,1,-0.483867,50.517856,1.697702,1.612004,17.607113,0
2017-07-31,sz.002483,6.1800,6.2000,6.1200,6.1500,6.1700,2882850,17755518.0000,0.501555,1,-0.324149,50.354103,1.692199,1.606778,17.550039,0
2017-08-01,sz.002483,6.1700,6.1800,6.1200,6.1500,6.1500,3472013,21340987.0000,0.604057,1,0.000000,50.354103,1.692199,1.606778,17.550039,0
2017-08-02,sz.002483,6.1600,6.1900,6.0900,6.1000,6.1500,3466825,21250522.0000,0.603154,1,-0.813011,49.944720,1.678441,1.593715,17.407356,0
2017-08-03,sz.002483,6.1200,6.1700,6.0900,6.1500,6.1000,2838943,17413098.0000,0.493916,1,0.819675,50.354103,1.692199,1.606778,17.550039,0
2017-08-04,sz.002483,6.1500,6.1500,6.1000,6.1200,6.1500,3058653,18737035.0000,0.532141,1,-0.487808,50.108473,1.683944,1.598940,17.464429,0
2017-08-07,sz.002483,6.1000,6.1300,6.0700,6.1200,6.1200,3815532,23260960.0000,0.663822,1,0.000000,50.108473,1.683944,1.598940,17.464429,0
2017-08-08,sz.002483,6.1000,6.1200,6.0300,6.1100,6.1200,4356801,26492440.0000,0.757991,1,-0.163395,50.026597,1.681193,1.596328,17.435893,0
2017-08-09,sz.002483,6.1000,6.3200,6.0700,6.2600,6.1100,7610928,47277104.0000,1.324141,1,2.454993,51.254745,1.722466,1.635517,17.863943,0
2017-08-10,sz.002483,6.2300,6.2500,6.1200,6.2000,6.2600,5144820,31779778.0000,0.895090,1,-0.958473,50.763486,1.705957,1.619842,17.692723,0
2017-08-11,sz.002483,6.1500,6.3400,6.1100,6.2200,6.2000,6326926,39477539.0000,1.100752,1,0.322580,50.927239,1.711460,1.625067,17.749796,0
2017-08-14,sz.002483,6.1500,6.3600,6.1500,6.3600,6.2200,5967781,37600488.0000,1.038268,1,2.250809,52.073511,1.749982,1.661644,18.149309,0
2017-08-15,sz.002483,6.3300,6.3700,6.2500,6.3200,6.3600,4820503,30396247.0000,0.838666,1,-0.628930,51.746005,1.738975,1.651193,18.035162,0
2017-08-16,sz.002483,6.3100,6.3400,6.2600,6.3100,6.3200,3939589,24798833.0000,0.685405,1,-0.158231,51.664128,1.736224,1.648581,18.006626,0
2017-08-17,sz.002483,6.3000,6.4400,6.2500,6.4000,6.3100,6013609,38189490.0000,1.046241,1,1.426310,52.401018,1.760988,1.672094,18.263456,0
2017-08-18,sz.002483,6.3500,6.3700,6.3100,6.3500,6.4000,4127049,26166179.0000,0.718019,1,-0.781253,51.991635,1.747230,1.659031,18.120772,0
2017-08-21,sz.002483,6.3700,6.4000,6.3200,6.3600,6.3500,2751068,17493167.0000,0.478628,1,0.157484,52.073511,1.749982,1.661644,18.149309,0
2017-08-22,sz.002483,6.3700,6.3700,6.2000,6.2200,6.3600,5779047,36168356.0000,1.005432,1,-2.201263,59.938989,1.718733,1.982723,54.345877,0
2017-08-23,sz.002483,6.2300,6.2700,6.2000,6.2400,6.2200,3544281,22120836.0000,0.616630,1,0.321543,60.131719,1.724259,1.989098,54.520622,0
2017-08-24,sz.002483,6.2400,6.2400,6.1600,6.1700,6.2400,2650823,16423749.0000,0.461187,1,-1.121790,59.457164,1.704916,1.966785,53.909013,0
2017-08-25,sz.002483,6.1600,6.2600,6.1000,6.2300,6.1700,2844027,17666511.0000,0.494801,1,0.972446,60.035354,1.721496,1.985911,54.433250,0
2017-08-28,sz.002483,6.2300,6.3200,6.2300,6.2800,6.2300,3482596,21894133.0000,0.605898,1,0.802571,60.517179,1.735312,2.001849,54.870114,0
2017-08-29,sz.002483,6.2800,6.3100,6.2700,6.2800,6.2800,2796280,17577388.0000,0.486494,1,0.000000,60.517179,1.735312,2.001849,54.870114,0
2017-08-30,sz.002483,6.3100,6.3100,6.2500,6.3000,6.2800,3506854,22011554.0000,0.610119,1,0.318471,60.709909,1.740839,2.008224,55.044859,0
2017-08-31,sz.002483,6.3200,6.4700,6.2800,6.4200,6.3000,7608357,48609628.0000,1.323693,1,1.904760,61.866288,1.773997,2.046476,56.093333,0
2017-09-01,sz.002483,6.4100,6.4400,6.3400,6.3800,6.4200,4111887,26166745.0000,0.715382,1,-0.623052,61.480828,1.762944,2.033726,55.743841,0
2017-09-04,sz.002483,6.3900,6.4000,6.3400,6.4000,6.3800,3800068,24218030.0000,0.661132,1,0.313479,61.673558,1.768471,2.040101,55.918587,0
2017-09-05,sz.002483,6.4100,6.4500,6.3300,6.3700,6.4000,3884359,24802579.0000,0.675796,1,-0.468753,61.384463,1.760181,2.030538,55.656469,0
2017-09-06,sz.002483,6.3600,6.6000,6.3400,6.6000,6.3700,5380080,34665323.0000,0.936020,1,3.610675,63.600857,1.823736,2.103854,57.666043,0
2017-09-07,sz.002483,6.7500,6.7500,6.4900,6.4900,6.6000,12032770,79947204.0000,2.093448,1,-1.666669,62.540842,1.793340,2.068790,56.704942,0
2017-09-08,sz.002483,6.4800,6.5900,6.4600,6.5300,6.4900,4253828,27758055.0000,0.740076,1,0.616340,62.926302,1.804393,2.081540,57.054433,0
2017-09-11,sz.002483,6.5200,6.9800,6.4700,6.9200,6.5300,15601836,105896821.0000,2.714390,1,5.972433,66.684534,1.912159,2.205859,60.461972,0
2017-09-12,sz.002483,6.8200,7.0800,6.7700,6.7800,6.9200,17302970,119004123.3300,3.010351,1,-2.023119,65.335425,1.873474,2.161232,59.238753,0
2017-09-13,sz.002483,6.7700,6.7700,6.6700,6.7300,6.7800,6902559,46251691.2800,1.200900,1,-0.737466,64.853601,1.859658,2.145294,58.801889,0
2017-09-14,sz.002483,6.7200,6.7500,6.6300,6.6900,6.7300,3882012,25918984.6000,0.675388,1,-0.594353,64.468141,1.848605,2.132543,58.452398,0
2017-09-15,sz.002483,6.7000,6.7400,6.6600,6.6800,6.6900,3989632,26707372.5800,0.694112,1,-0.149480,64.371776,1.845841,2.129355,58.365025,0
2017-09-18,sz.002483,6.6900,6.7400,6.6600,6.7300,6.6800,3603251,24155688.1500,0.626890,1,0.748506,64.853601,1.859658,2.145294,58.801889,0
2017-09-19,sz.002483,6.7300,6.7300,6.6200,6.6200,6.7300,3598340,23988105.6400,0.626035,1,-1.634475,63.793586,1.829262,2.110229,57.840788,0
2017-09-20,sz.002483,6.6100,6.6600,6.5700,6.6500,6.6200,2507083,16597529.9500,0.436180,1,0.453175,64.082681,1.837552,2.119792,58.102907,0
2017-09-21,sz.002483,6.6300,6.7000,6.5900,6.5900,6.6500,2889472,19198405.9200,0.502707,1,-0.902255,63.504492,1.820972,2.100666,57.578670,0
2017-09-22,sz.002483,6.5900,6.6300,6.5000,6.5300,6.5900,3239834,21185351.9400,0.563663,1,-0.910470,62.926302,1.804393,2.081540,57.054433,0
2017-09-25,sz.002483,6.5100,6.5700,6.3300,6.3500,6.5300,4222163,27143861.0900,0.734567,1,-2.756513,61.191733,1.754655,2.024163,55.481723,0
2017-09-26,sz.002483,6.3600,6.4400,6.3500,6.4100,6.3500,1650733,10532908.0800,0.287193,1,0.944881,61.769923,1.771234,2.043289,56.005960,0
2017-09-27,sz.002483,6.4200,6.4800,6.3700,6.4600,6.4100,1746432,11234759.9600,0.303842,1,0.780034,62.251747,1.785050,2.059227,56.442824,0
2017-09-28,sz.002483,6.4300,6.4800,6.3900,6.3900,6.4600,2143550,13773756.2000,0.372932,1,-1.083594,61.577193,1.765708,2.036913,55.831214,0
2017-09-29,sz.002483,6.4100,6.5000,6.4000,6.4700,6.3900,1918922,12350168.9000,0.333852,1,1.251955,62.348112,1.787814,2.062414,56.530197,0
2017-10-09,sz.002483,6.5000,6.5500,6.4700,6.4900,6.4700,2801960,18241656.2000,0.487482,1,0.309119,62.540842,1.793340,2.068790,56.704942,0
2017-10-10,sz.002483,6.4900,6.6100,6.4700,6.5800,6.4900,3333278,21832143.9200,0.579920,1,1.386751,63.408127,1.818209,2.097479,57.491297,0
2017-10-11,sz.002483,6.6100,6.6300,6.5400,6.5700,6.5800,3385953,22312827.4900,0.589084,1,-0.151972,63.311762,1.815446,2.094291,57.403925,0
2017-10-12,sz.002483,6.5700,6.6100,6.4800,6.5600,6.5700,2811560,18450220.0000,0.489152,1,-0.152210,63.215397,1.812683,2.091103,57.316552,0
2017-10-13,sz.002483,6.5700,6.6500,6.5500,6.6400,6.5600,4041261,26688688.4300,0.703094,1,1.219511,63.986316,1.834789,2.116605,58.015534,0
2017-10-16,sz.002483,6.6900,6.6900,6.4000,6.4300,6.6400,4398268,28645457.4800,0.765206,1,-3.162651,61.962653,1.776761,2.049664,56.180705,0
2017-10-17,sz.002483,6.4800,6.4800,6.4000,6.4200,6.4300,1999206,12877744.2600,0.347820,1,-0.155517,61.866288,1.773997,2.046476,56.093333,0
2017-10-18,sz.002483,6.4600,6.5200,6.3500,6.3600,6.4200,2178613,14006371.1000,0.379033,1,-0.934579,61.288098,1.757418,2.027350,55.569096,0
2017-10-19,sz.002483,6.3700,6.5300,6.3100,6.3300,6.3600,3026880,19334145.3000,0.526613,1,-0.471701,60.999003,1.749128,2.017787,55.306978,0
2017-10-20,sz.002483,6.3100,6.4300,6.2900,6.3900,6.3300,2681079,17028531.1600,0.466451,1,0.947866,61.577193,1.765708,2.036913,55.831214,0
2017-10-23,sz.002483,6.3700,6.4000,6.3500,6.3900,6.3900,1923773,12272394.7500,0.334696,1,0.000000,61.577193,1.765708,2.036913,55.831214,0
2017-10-24,sz.002483,6.4200,6.4300,6.2300,6.3100,6.3900,2591659,16402440.2000,0.450894,1,-1.251955,52.084426,1.726806,1.915547,-16.802108,0
2017-10-25,sz.002483,6.2900,6.3500,6.2800,6.3200,6.3100,2408220,15202508.2000,0.418979,1,0.158482,52.166968,1.729543,1.918582,-16.828736,0
2017-10-26,sz.002483,6.3200,6.3700,6.2900,6.3500,6.3200,3124338,19769706.2900,0.543569,1,0.474679,52.414596,1.737752,1.927689,-16.908619,0
2017-10-27,sz.002483,6.3700,6.4100,6.3100,6.3300,6.3500,2681808,17048258.4400,0.466578,1,-0.314960,52.249511,1.732279,1.921618,-16.855363,0
2017-10-30,sz.002483,6.3300,6.3400,6.0600,6.0900,6.3300,5254203,32315437.9600,0.914120,1,-3.791466,50.268487,1.666600,1.848760,-16.216297,0
2017-10-31,sz.002483,6.1000,6.1200,6.0400,6.1200,6.0900,2783289,16919138.8100,0.484234,1,0.492607,50.516115,1.674810,1.857868,-16.296181,0
2017-11-01,sz.002483,6.1200,6.1400,6.0400,6.0600,6.1200,2856082,17401560.9300,0.496898,1,-0.980391,50.020859,1.658391,1.839653,-16.136414,0
2017-11-02,sz.002483,6.0400,6.0700,5.8900,5.9100,6.0600,5724409,34189793.6300,0.995926,1,-2.475249,48.782719,1.617341,1.794117,-15.736998,0
2017-11-03,sz.002483,5.9300,6.0200,5.8900,5.9700,5.9100,3073763,18272259.2400,0.534770,1,1.015227,49.277975,1.633761,1.812332,-15.896765,0
2017-11-06,sz.002483,6.0000,6.0000,5.9100,5.9900,5.9700,2182550,12991980.8600,0.379718,1,0.335008,49.443060,1.639234,1.818403,-15.950020,0
2017-11-07,sz.002483,6.0100,6.0100,5.9600,6.0100,5.9900,2011020,12041622.5200,0.349875,1,0.333898,49.608146,1.644707,1.824475,-16.003276,0
2017-11-08,sz.002483,6.0100,6.0900,5.9900,6.0600,6.0100,2468001,14934473.6600,0.429380,1,0.831942,50.020859,1.658391,1.839653,-16.136414,0
2017-11-09,sz.002483,6.0600,6.0900,6.0200,6.0400,6.0600,1993609,12068683.7900,0.346846,1,-0.330033,49.855774,1.652917,1.833582,-16.083159,0
2017-11-10,sz.002483,6.0500,6.1200,6.0300,6.0600,6.0400,2344180,14254121.4000,0.407838,1,0.331126,50.020859,1.658391,1.839653,-16.136414,0
2017-11-13,sz.002483,6.0500,6.0800,6.0000,6.0400,6.0600,2314433,13951842.6400,0.402662,1,-0.330033,49.855774,1.652917,1.833582,-16.083159,0
2017-11-14,sz.002483,6.0300,6.0300,5.9500,5.9600,6.0400,2203751,13182578.6200,0.383406,1,-1.324502,49.195432,1.631024,1.809296,-15.870137,0
2017-11-15,sz.002483,5.9700,5.9800,5.8900,5.9500,5.9600,2055200,12207414.8000,0.357561,1,-0.167789,49.112890,1.628288,1.806260,-15.843509,0
2017-11-16,sz.002483,5.9500,5.9800,5.9200,5.9600,5.9500,1690780,10070819.4000,0.294160,1,0.168071,49.195432,1.631024,1.809296,-15.870137,0
2017-11-17,sz.002483,5.9700,5.9700,5.7600,5.8200,5.9600,3896834,22790101.4000,0.677967,1,-2.348991,48.039835,1.592712,1.766796,-15.497348,0
2017-11-20,sz.002483,5.7900,5.7900,5.5100,5.6600,5.8200,2558547,14366160.3400,0.445133,1,-2.749146,46.719152,1.548926,1.718224,-15.071304,0
2017-11-21,sz.002483,5.6500,5.6800,5.5800,5.6100,5.6600,1826056,10261999.1400,0.317695,1,-0.883387,46.306439,1.535243,1.703045,-14.938166,0
2017-11-22,sz.002483,5.6300,5.8500,5.5600,5.7200,5.6100,3546935,20171878.4000,0.617092,1,1.960778,47.214408,1.565346,1.736438,-15.231071,0
2017-11-23,sz.002483,5.6700,5.6800,5.5500,5.5500,5.7200,1900293,10693511.5100,0.330611,1,-2.972021,45.811183,1.518823,1.684831,-14.778399,0
2017-11-24,sz.002483,5.5200,5.6200,5.5200,5.5700,5.5500,1048120,5848402.8000,0.182351,1,0.360360,45.976268,1.524296,1.690902,-14.831655,0
2017-11-27,sz.002483,5.6100,5.7900,5.5500,5.7600,5.5700,3637356,20659726.7500,0.632823,1,3.411132,47.544579,1.576292,1.748581,-15.337582,0
2017-11-28,sz.002483,5.9400,5.9400,5.7600,5.8200,5.7600,5420497,31861179.3200,0.943052,1,1.041666,48.039835,1.592712,1.766796,-15.497348,0
2017-11-29,sz.002483,5.7700,5.8000,5.5700,5.6700,5.8200,3342672,18960585.7400,0.581554,1,-2.577321,46.801695,1.551662,1.721260,-15.097932,0
2017-11-30,sz.002483,5.6600,5.6900,5.6200,5.6300,5.6700,1510148,8526160.3600,0.262734,1,-0.705467,46.471524,1.540716,1.709117,-14.991421,0
2017-12-01,sz.002483,5.6300,5.6800,5.6000,5.6700,5.6300,1685640,9517496.8000,0.293266,1,0.710479,46.801695,1.551662,1.721260,-15.097932,0
2017-12-04,sz.002483,5.6600,5.6800,5.5900,5.6100,5.6700,1270728,7153342.8000,0.221080,1,-1.058200,46.306439,1.535243,1.703045,-14.938166,0
2017-12-05,sz.002483,5.6100,5.6100,5.3900,5.4100,5.6100,2361660,12968785.4800,0.410879,1,-3.565068,44.655585,1.480510,1.642331,-14.405611,0
2017-12-06,sz.002483,5.4000,5.6100,5.2800,5.4500,5.4100,1698722,9302849.3200,0.295542,1,0.739371,44.985756,1.491457,1.654474,-14.512122,0
2017-12-07,sz.002483,5.5200,5.5300,5.4400,5.4700,5.4500,1110318,6094054.3200,0.193172,1,0.366972,45.150841,1.496930,1.660545,-14.565377,0
2017-12-08,sz.002483,5.4600,5.5600,5.4500,5.4900,5.4700,1067148,5887055.3600,0.185661,1,0.365630,45.315927,1.502403,1.666617,-14.618633,0
2017-12-11,sz.002483,5.5100,5.5500,5.4800,5.5200,5.4900,947742,5232647.6200,0.164887,1,0.546452,45.563555,1.510613,1.675724,-14.698516,0
2017-12-12,sz.002483,5.5300,5.5800,5.5000,5.5000,5.5200,1285903,7111067.6200,0.223720,1,-0.362318,45.398469,1.505140,1.669652,-14.645260,0
2017-12-13,sz.002483,5.4600,5.5200,5.4600,5.4900,5.5000,1024483,5626667.0400,0.178238,1,-0.181822,45.315927,1.502403,1.666617,-14.618633,0
2017-12-14,sz.002483,5.4900,5.5200,5.4500,5.5000,5.4900,1140765,6249375.4000,0.198469,1,0.182153,45.398469,1.505140,1.669652,-14.645260,0
2017-12-15,sz.002483,5.5100,5.5400,5.4600,5.5000,5.5000,1230303,6762702.6700,0.214047,1,0.000000,45.398469,1.505140,1.669652,-14.645260,0
2017-12-18,sz.002483,5.5100,5.5100,5.4500,5.4600,5.5000,874580,4790331.8000,0.152158,1,-0.727272,45.068299,1.494193,1.657509,-14.538749,0
2017-12-19,sz.002483,5.4600,5.5400,5.4300,5.5100,5.4600,845923,4659230.6700,0.147173,1,0.915754,45.481012,1.507877,1.672688,-14.671888,0
2017-12-20,sz.002483,5.5100,5.5200,5.4300,5.4600,5.5100,861887,4709751.1200,0.149950,1,-0.907444,45.068299,1.494193,1.657509,-14.538749,0
2017-12-21,sz.002483,5.4600,5.4700,5.3900,5.4200,5.4600,884200,4800769.4000,0.153832,1,-0.732600,44.738128,1.483247,1.645366,-14.432238,0
2017-12-22,sz.002483,5.4400,5.5300,5.4100,5.4800,5.4200,1611643,8853798.9800,0.280392,1,1.107010,45.233384,1.499667,1.663581,-14.592005,0
2017-12-25,sz.002483,5.4400,5.5000,5.4100,5.4400,5.4800,1067191,5825542.1100,0.185669,1,-0.729926,44.903213,1.488720,1.651438,-14.485494,0
2017-12-26,sz.002483,5.4100,5.5100,5.4000,5.5100,5.4400,1216884,6651247.3600,0.211712,1,1.286768,45.481012,1.507877,1.672688,-14.671888,0
2017-12-27,sz.002483,5.5100,5.5300,5.4200,5.4300,5.5100,1301159,7124121.3100,0.226374,1,-1.451913,44.820671,1.485984,1.648402,-14.458866,0
2017-12-28,sz.002483,5.4400,5.4800,5.3900,5.4000,5.4300,1534444,8330159.3800,0.266961,1,-0.552481,44.573043,1.477774,1.639295,-14.378983,0
2017-12-29,sz.002483,5.4200,5.4600,5.4000,5.4500,5.4000,1022822,5552826.8600,0.177949,1,0.925921,44.985756,1.491457,1.654474,-14.512122,0
2018-01-02,sz.002483,5.4600,5.5000,5.4200,5.5000,5.4500,1337700,7322768.2800,0.232732,1,0.917435,45.398469,1.505140,1.669652,-14.645260,0
2018-01-03,sz.002483,5.5500,5.5800,5.4900,5.5600,5.5000,2183042,12096947.0600,0.379803,1,1.090908,45.893725,1.521560,1.687867,-14.805027,0
2018-01-04,sz.002483,5.5600,5.6200,5.5300,5.6000,5.5600,2584969,14460890.7300,0.449730,1,0.719424,46.223896,1.532506,1.700010,-14.911538,0
2018-01-05,sz.002483,5.6200,5.6400,5.5600,5.6000,5.6000,1789174,10006603.8400,0.311279,1,0.000000,46.223896,1.532506,1.700010,-14.911538,0
2018-01-08,sz.002483,5.5900,5.6100,5.5300,5.5900,5.6000,1463800,8148261.8000,0.254670,1,-0.178567,46.141353,1.529769,1.696974,-14.884910,0
2018-01-09,sz.002483,5.5800,5.6000,5.5400,5.5400,5.5900,1703499,9489930.3200,0.296373,1,-0.894458,45.728640,1.516086,1.681795,-14.751771,0
2018-01-10,sz.002483,5.5400,5.5700,5.4400,5.5000,5.5400,1820701,10002678.3700,0.316764,1,-0.722021,45.398469,1.505140,1.669652,-14.645260,0
2018-01-11,sz.002483,5.5000,5.5200,5.4400,5.5200,5.5000,1587272,8700168.2500,0.276152,1,0.363636,45.563555,1.510613,1.675724,-14.698516,0
2018-01-12,sz.002483,5.4500,5.5200,5.4400,5.4400,5.5200,1978902,10828158.6800,0.344287,1,-1.449274,44.903213,1.488720,1.651438,-14.485494,0
2018-01-15,sz.002483,5.4800,5.4800,5.3200,5.3300,5.4400,2917262,15708622.2400,0.507542,1,-2.022061,43.995244,1.458617,1.618045,-14.192589,0
2018-01-16,sz.002483,5.3500,5.8300,5.3300,5.4200,5.3300,4807600,26345753.0900,0.836421,1,1.688558,44.738128,1.483247,1.645366,-14.432238,0
2018-01-17,sz.002483,5.3800,5.4400,5.3400,5.4200,5.4200,3030471,16340072.3700,0.527238,1,0.000000,44.738128,1.483247,1.645366,-14.432238,0
2018-01-18,sz.002483,5.4300,5.4400,5.3500,5.3500,5.4200,2981180,16014792.3400,0.518662,1,-1.291516,44.160329,1.464091,1.624116,-14.245844,0
2018-01-19,sz.002483,5.3600,5.4200,5.2800,5.3100,5.3500,4628175,24670567.9200,0.805205,1,-0.747663,43.830159,1.453144,1.611973,-14.139333,0
2018-01-22,sz.002483,5.3000,5.3300,5.2300,5.3200,5.3100,1626948,8604885.6000,0.283055,1,0.188328,43.912701,1.455881,1.615009,-14.165961,0
2018-01-23,sz.002483,5.3200,5.3300,5.2600,5.2800,5.3200,1813457,9598712.2200,0.315503,1,-0.751879,43.582531,1.444934,1.602866,-14.059450,0
2018-01-24,sz.002483,5.2800,5.3400,5.2800,5.3200,5.2800,1853412,9861974.9200,0.322455,1,0.757575,43.912701,1.455881,1.615009,-14.165961,0
2018-01-25,sz.002483,5.3000,5.3900,5.2900,5.3200,5.3200,2617387,13991929.5700,0.455370,1,0.000000,43.912701,1.455881,1.615009,-14.165961,0
2018-01-26,sz.002483,5.3200,5.3500,5.3100,5.3300,5.3200,1388680,7397294.4000,0.241601,1,0.187965,43.995244,1.458617,1.618045,-14.192589,0
2018-01-29,sz.002483,5.3300,5.3600,5.2100,5.2400,5.3300,2745940,14474403.2000,0.477736,1,-1.688558,43.252360,1.433988,1.590723,-13.952939,0
2018-01-30,sz.002483,5.2600,5.2900,5.2200,5.2300,5.2400,1346271,7065284.6600,0.234223,1,-0.190835,43.169817,1.431251,1.587688,-13.926311,0
2018-01-31,sz.002483,5.2200,5.2700,4.9900,5.0300,5.2300,4294166,21987193.1700,0.747094,1,-3.824088,41.518964,1.376519,1.526973,-13.393756,0
2018-02-01,sz.002483,5.0600,5.0600,4.6900,4.6900,5.0300,4985563,24129588.5300,0.867383,1,-6.759446,38.712513,1.283474,1.423758,-12.488413,0
2018-02-02,sz.002483,4.7000,4.7200,4.5200,4.6300,4.6900,2408940,11120340.0000,0.419105,1,-1.279316,38.217257,1.267054,1.405544,-12.328647,0
2018-02-05,sz.002483,4.5800,4.6500,4.5200,4.6000,4.6300,1761840,8093273.7800,0.306523,1,-0.647953,37.969629,1.258844,1.396436,-12.248763,0
2018-02-06,sz.002483,4.5800,4.5800,4.2200,4.2200,4.6000,4734396,20757719.9200,0.823685,1,-8.260872,34.833007,1.154853,1.281079,-11.236909,0
2018-02-07,sz.002483,4.2900,4.3400,4.1800,4.2700,4.2200,2412340,10294486.4000,0.419696,1,1.184839,35.245721,1.168536,1.296257,-11.370048,0
2018-02-08,sz.002483,4.2800,4.3900,4.2300,4.3400,4.2700,3611780,15567287.8000,0.628373,1,1.639348,35.823519,1.187692,1.317507,-11.556442,0
2018-02-09,sz.002483,4.2300,4.2800,4.1500,4.1800,4.3400,3361112,14137054.2000,0.584763,1,-3.686643,34.502837,1.143906,1.268936,-11.130398,0
2018-02-12,sz.002483,4.2100,4.3600,4.2100,4.3300,4.1800,2604409,11176703.4100,0.453112,1,3.588519,35.740977,1.184956,1.314472,-11.529814,0
2018-02-13,sz.002483,4.3100,4.4200,4.3100,4.3300,4.3300,2046900,8924868.0000,0.356117,1,0.000000,35.740977,1.184956,1.314472,-11.529814,0
2018-02-14,sz.002483,4.3500,4.3600,4.2900,4.3400,4.3300,1541159,6677961.3000,0.268129,1,0.230952,35.823519,1.187692,1.317507,-11.556442,0
2018-02-22,sz.002483,4.3600,4.4200,4.3500,4.4100,4.3400,1394300,6122127.6000,0.242579,1,1.612896,36.401318,1.206849,1.338758,-11.742836,0
2018-02-23,sz.002483,4.4100,4.4400,4.3900,4.4000,4.4100,1417980,6243162.0000,0.246699,1,-0.226752,36.318776,1.204112,1.335722,-11.716208,0
2018-02-26,sz.002483,4.4100,4.5200,4.4000,4.4800,4.4000,2507119,11185942.6400,0.436186,1,1.818180,35.575955,1.226005,1.635108,-11.929230,0
2018-02-27,sz.002483,4.4900,4.5200,4.4300,4.4900,4.4800,2033758,9120990.9400,0.353831,1,0.223209,35.655365,1.228741,1.638757,-11.955858,0
2018-02-28,sz.002483,4.4700,4.5200,4.4300,4.5100,4.4900,2412000,10811567.1000,0.419637,1,0.445445,35.814186,1.234215,1.646057,-12.009114,0
2018-03-01,sz.002483,4.5000,4.6000,4.4700,4.5900,4.5100,2602220,11859907.8000,0.452731,1,1.773834,36.449471,1.256108,1.675255,-12.222136,0
2018-03-02,sz.002483,4.5700,4.6200,4.5400,4.5400,4.5900,2859760,13080815.4000,0.497538,1,-1.089329,36.052418,1.242425,1.657006,-12.088997,0
2018-03-05,sz.002483,4.5700,4.5900,4.5300,4.5700,4.5400,1425632,6506047.7600,0.248030,1,0.660798,36.290650,1.250634,1.667956,-12.168880,0
2018-03-06,sz.002483,4.5700,4.6400,4.5500,4.6100,4.5700,2174312,10000970.4800,0.378284,1,0.875273,36.608292,1.261581,1.682555,-12.275391,0
2018-03-07,sz.002483,4.6500,4.6500,4.5600,4.5600,4.6100,2338062,10739185.1400,0.406773,1,-1.084603,36.211239,1.247898,1.664306,-12.142252,0
2018-03-08,sz.002483,4.5900,4.7000,4.5800,4.6600,4.5600,3205352,14881579.7200,0.557664,1,2.192981,37.005346,1.275264,1.700804,-12.408530,0
2018-03-09,sz.002483,4.6500,4.7800,4.6300,4.7400,4.6600,3004352,14129696.0000,0.522694,1,1.716737,37.640630,1.297157,1.730002,-12.621552,0
2018-03-12,sz.002483,4.7600,4.8500,4.7300,4.8300,4.7400,2594600,12440068.3200,0.451406,1,1.898737,38.355326,1.321787,1.762850,-12.861201,0
2018-03-13,sz.002483,4.8300,4.8400,4.7700,4.7800,4.8300,2313740,11106402.2000,0.402542,1,-1.035191,37.958273,1.308103,1.744601,-12.728063,0
2018-03-14,sz.002483,4.7800,4.8700,4.7400,4.7400,4.7800,2390560,11477353.6000,0.415907,1,-0.836829,37.640630,1.297157,1.730002,-12.621552,0
2018-03-15,sz.002483,4.7200,4.7300,4.6000,4.6500,4.7400,2199900,10245850.0000,0.382736,1,-1.898727,36.925935,1.272527,1.697154,-12.381902,0
2018-03-16,sz.002483,4.6600,4.7900,4.6500,4.7600,4.6500,2779668,13162897.7600,0.483604,1,2.365594,37.799452,1.302630,1.737302,-12.674807,0
2018-03-19,sz.002483,4.7500,4.8000,4.7100,4.7400,4.7600,1964936,9369519.1500,0.341857,1,-0.420178,37.640630,1.297157,1.730002,-12.621552,0
2018-03-20,sz.002483,4.7300,4.9000,4.6700,4.8700,4.7400,3265732,15689675.8700,0.568168,1,2.742619,38.672968,1.332733,1.777449,-12.967712,0
2018-03-21,sz.002483,4.8600,4.8800,4.7100,4.7100,4.8700,3273237,15780506.7300,0.569474,1,-3.285418,37.402399,1.288947,1.719053,-12.541668,0
2018-03-22,sz.002483,4.7100,4.8300,4.7000,4.7600,4.7100,2741919,13041023.9000,0.477036,1,1.061575,37.799452,1.302630,1.737302,-12.674807,0
2018-03-23,sz.002483,4.6700,4.7100,4.4000,4.4700,4.7600,3705461,16965287.1400,0.644672,1,-6.092446,35.496544,1.223268,1.631458,-11.902603,0
2018-03-26,sz.002483,4.4100,4.9100,4.2400,4.6100,4.4700,4152366,19050875.4100,0.722424,1,3.131999,36.608292,1.261581,1.682555,-12.275391,0
2018-03-27,sz.002483,4.6100,4.7900,4.6100,4.7600,4.6100,3302869,15538817.1400,0.574629,1,3.253798,37.799452,1.302630,1.737302,-12.674807,0
2018-03-28,sz.002483,4.7100,4.8200,4.6800,4.7900,4.7600,2872681,13688302.1600,0.499786,1,0.630247,38.037684,1.310840,1.748251,-12.754690,0
2018-03-29,sz.002483,4.7900,4.8200,4.7400,4.7900,4.7900,1907765,9104685.3400,0.331911,1,0.000000,38.037684,1.310840,1.748251,-12.754690,0
2018-03-30,sz.002483,4.8100,4.8600,4.7700,4.8400,4.7900,2390115,11523159.2900,0.415830,1,1.043845,38.434737,1.324523,1.766500,-12.887829,0
2018-04-02,sz.002483,4.8300,4.8600,4.7800,4.7800,4.8400,3406636,16389385.7200,0.592683,1,-1.239668,37.958273,1.308103,1.744601,-12.728063,0
2018-04-03,sz.002483,4.7000,4.7500,4.6600,4.7200,4.7800,2775278,13062549.8400,0.482840,1,-1.255239,37.481809,1.291684,1.722703,-12.568296,0
2018-04-04,sz.002483,4.7600,4.8000,4.6800,4.6900,4.7200,2506400,11875706.6000,0.436061,1,-0.635588,37.243577,1.283474,1.711753,-12.488413,0
2018-04-09,sz.002483,4.6300,4.7600,4.6200,4.7200,4.6900,2226897,10468483.2800,0.387433,1,0.639653,37.481809,1.291684,1.722703,-12.568296,0
2018-04-10,sz.002483,4.7000,5.0400,4.6600,4.8700,4.7200,5584144,27159531.0100,0.971523,1,3.177969,38.672968,1.332733,1.777449,-12.967712,0
2018-04-11,sz.002483,4.8400,4.8900,4.7800,4.8600,4.8700,4105576,19848073.1200,0.714284,1,-0.205334,38.593558,1.329996,1.773800,-12.941085,0
2018-04-12,sz.002483,4.8400,4.9200,4.8000,4.8200,4.8600,2805560,13599499.8000,0.488108,1,-0.823044,38.275915,1.319050,1.759201,-12.834574,0
2018-04-13,sz.002483,4.8200,4.8600,4.8000,4.8200,4.8200,1391226,6719898.4600,0.242044,1,0.000000,38.275915,1.319050,1.759201,-12.834574,0
2018-04-16,sz.002483,4.7600,4.8500,4.7200,4.7300,4.8200,2053920,9812507.6000,0.357339,1,-1.867223,37.561220,1.294420,1.726352,-12.594924,0
2018-04-17,sz.002483,4.7500,4.8200,4.7400,4.8100,4.7300,3472060,16648219.8000,0.604065,1,1.691330,38.196505,1.316313,1.755551,-12.807946,0
2018-04-18,sz.002483,4.8100,4.8500,4.6600,4.8400,4.8100,3065785,14625045.5700,0.533382,1,0.623705,38.434737,1.324523,1.766500,-12.887829,0
2018-04-19,sz.002483,4.8200,4.9300,4.8200,4.9200,4.8400,3272672,15992658.8800,0.569376,1,1.652891,39.070021,1.346416,1.795698,-13.100851,0
2018-04-20,sz.002483,4.9100,4.9200,4.8000,4.8100,4.9200,2763420,13421001.4000,0.480777,1,-2.235775,38.196505,1.316313,1.755551,-12.807946,0
2018-04-23,sz.002483,4.8000,4.8500,4.7400,4.8400,4.8100,1377264,6599326.4800,0.239615,1,0.623705,38.434737,1.324523,1.766500,-12.887829,0
2018-04-24,sz.002483,4.8000,4.9500,4.8000,4.9400,4.8400,1844680,8980625.1200,0.320935,1,2.066114,39.047080,1.346875,1.802496,-29.440714,0
2018-04-25,sz.002483,4.9000,4.9600,4.8500,4.9400,4.9400,2437228,11924874.5800,0.424026,1,0.000000,39.047080,1.346875,1.802496,-29.440714,0
2018-04-26,sz.002483,4.9000,4.9500,4.7600,4.7700,4.9400,2265390,10985242.8200,0.394130,1,-3.441297,37.703354,1.300525,1.740467,-28.427572,0
2018-04-27,sz.002483,4.7800,4.8800,4.7200,4.8800,4.7700,2119803,10219378.6200,0.368801,1,2.306082,38.572824,1.330516,1.780603,-29.083134,0
2018-05-02,sz.002483,4.8800,4.9400,4.8400,4.8800,4.8800,1612980,7873545.0000,0.280624,1,0.000000,35.252425,1.315098,1.793281,-10.028313,0
2018-05-03,sz.002483,4.8800,4.9500,4.8000,4.9200,4.8800,2147760,10469962.4000,0.373665,1,0.819671,35.541379,1.325878,1.807980,-10.110512,0
2018-05-04,sz.002483,4.9000,4.9200,4.8700,4.9100,4.9200,1317820,6453711.3400,0.229273,1,-0.203257,35.469141,1.323183,1.804305,-10.089962,0
2018-05-07,sz.002483,4.9200,5.0300,4.9100,5.0300,4.9100,3253490,16277820.4800,0.566039,1,2.443999,36.336004,1.355521,1.848402,-10.336560,0
2018-05-08,sz.002483,5.0400,5.0600,4.9800,5.0000,5.0300,2148078,10763359.4700,0.373720,1,-0.596426,36.119288,1.347437,1.837378,-10.274911,0
2018-05-09,sz.002483,5.0000,5.0200,4.9600,4.9900,5.0000,1464858,7299010.8400,0.254854,1,-0.200005,36.047049,1.344742,1.833703,-10.254361,0
2018-05-10,sz.002483,5.0000,5.0500,4.9400,5.0400,4.9900,1988729,9949838.0800,0.345997,1,1.002008,36.408242,1.358216,1.852077,-10.357110,0
2018-05-11,sz.002483,5.0500,5.0500,4.9500,4.9800,5.0400,1807761,9008862.5500,0.314512,1,-1.190475,35.974811,1.342047,1.830029,-10.233811,0
2018-05-14,sz.002483,4.9700,5.0600,4.9600,4.9800,4.9800,2046618,10275727.7900,0.356068,1,0.000000,35.974811,1.342047,1.830029,-10.233811,0
2018-05-15,sz.002483,4.9700,5.0300,4.9600,5.0200,4.9800,1395588,6965014.6600,0.242803,1,0.803212,36.263765,1.352827,1.844728,-10.316010,0
2018-05-16,sz.002483,5.0200,5.0400,4.9500,4.9700,5.0200,1323126,6606796.7200,0.230196,1,-0.996020,35.902572,1.339352,1.826354,-10.213261,0
2018-05-17,sz.002483,4.9800,5.0000,4.9500,4.9500,4.9700,970360,4820683.7900,0.168822,1,-0.402414,35.758095,1.333962,1.819004,-10.172162,0
2018-05-18,sz.002483,4.9500,5.0000,4.9400,4.9800,4.9500,1608967,7994116.7300,0.279926,1,0.606065,35.974811,1.342047,1.830029,-10.233811,0
2018-05-21,sz.002483,4.9900,5.0200,4.9500,5.0000,4.9800,2664327,13277303.2900,0.463537,1,0.401606,36.119288,1.347437,1.837378,-10.274911,0
2018-05-22,sz.002483,5.0100,5.0100,4.9600,5.0000,5.0000,1392599,6936481.3600,0.242283,1,0.000000,36.119288,1.347437,1.837378,-10.274911,0
2018-05-23,sz.002483,5.0000,5.0000,4.9200,4.9200,5.0000,2020869,9990782.1400,0.351589,1,-1.599998,35.541379,1.325878,1.807980,-10.110512,0
2018-05-24,sz.002483,4.9200,4.9400,4.8600,4.8700,4.9200,1730282,8444146.9200,0.301033,1,-1.016264,35.180186,1.312403,1.789606,-10.007763,0
2018-05-25,sz.002483,4.8800,4.8800,4.7500,4.7600,4.8700,2115763,10156712.3100,0.368098,1,-2.258720,34.385562,1.282760,1.749184,-9.781715,0
2018-05-28,sz.002483,4.7500,4.7800,4.7000,4.7100,4.7600,1304720,6199114.2000,0.226994,1,-1.050424,34.024369,1.269285,1.730810,-9.678966,0
2018-05-29,sz.002483,4.7000,4.8000,4.6300,4.6600,4.7100,2817920,13222603.6000,0.490259,1,-1.061575,33.663176,1.255811,1.712436,-9.576217,0
2018-05-30,sz.002483,4.6300,4.6300,4.3800,4.4200,4.6600,4429580,19745376.8400,0.770653,1,-5.150210,31.929450,1.191134,1.624242,-9.083021,0
2018-05-31,sz.002483,4.4400,4.4800,4.4000,4.4500,4.4200,1800005,7980036.6100,0.313163,1,0.678727,32.146166,1.199219,1.635267,-9.144671,0
2018-06-01,sz.002483,4.4400,4.5100,4.4200,4.4400,4.4500,1254300,5589818.5600,0.218222,1,-0.224714,32.073928,1.196524,1.631592,-9.124121,0
2018-06-04,sz.002483,4.4900,4.5200,4.4500,4.4800,4.4400,1423464,6386811.2000,0.247653,1,0.900900,32.362882,1.207303,1.646291,-9.206320,0
2018-06-05,sz.002483,4.4900,4.5500,4.4700,4.5300,4.4800,1257490,5678047.3000,0.218777,1,1.116076,32.724075,1.220778,1.664665,-9.309069,0
2018-06-06,sz.002483,4.5400,4.7400,4.5200,4.7100,4.5300,2995416,13936776.8700,0.521139,1,3.973506,34.024369,1.269285,1.730810,-9.678966,0
2018-06-07,sz.002483,4.6900,5.0800,4.6700,5.0200,4.7100,5756292,27945867.4200,1.001473,1,6.581739,36.263765,1.352827,1.844728,-10.316010,0
2018-06-08,sz.002483,5.0100,5.1700,4.8500,4.8500,5.0200,11501640,57777976.2200,2.001043,1,-3.386456,35.035709,1.307014,1.782257,-9.966664,0
2018-06-11,sz.002483,4.8300,4.8300,4.4000,4.5300,4.8500,7100566,32425296.9200,1.235349,1,-6.597932,32.724075,1.220778,1.664665,-9.309069,0
2018-06-12,sz.002483,4.4800,4.5200,4.4300,4.4800,4.5300,2905000,12988606.6000,0.505409,1,-1.103757,32.362882,1.207303,1.646291,-9.206320,0
2018-06-13,sz.002483,4.4600,4.5200,4.4100,4.4200,4.4800,1864300,8329787.0000,0.324349,1,-1.339284,31.929450,1.191134,1.624242,-9.083021,0
2018-06-14,sz.002483,4.4000,4.4600,4.3700,4.4100,4.4200,1442000,6351494.4000,0.250878,1,-0.226249,31.857212,1.188439,1.620568,-9.062471,0
2018-06-15,sz.002483,4.4300,4.4500,4.2500,4.3100,4.4100,1673356,7290789.9200,0.291129,1,-2.267571,31.134826,1.161491,1.583820,-8.856973,0
2018-06-19,sz.002483,4.2500,4.3000,3.8800,3.9100,4.3100,3099138,12567423.4200,0.539185,1,-9.280739,28.245283,1.053696,1.436830,-8.034980,0
2018-06-20,sz.002483,3.9100,4.0200,3.9100,3.9900,3.9100,1533217,6076765.0300,0.266747,1,2.046034,28.823192,1.075255,1.466228,-8.199379,0
2018-06-21,sz.002483,3.9900,4.1000,3.9400,3.9500,3.9900,1648996,6629375.1600,0.286890,1,-1.002505,28.534237,1.064475,1.451529,-8.117180,0
2018-06-22,sz.002483,3.8900,4.0300,3.8800,3.9700,3.9000,1538620,6069831.0000,0.267687,1,1.794870,28.678715,1.069865,1.458878,-8.158279,0
2018-06-25,sz.002483,4.0300,4.0600,3.9700,4.0600,3.9700,1245020,4991145.2800,0.216607,1,2.267000,29.328862,1.094119,1.491951,-8.343228,0
2018-06-26,sz.002483,3.9900,4.4200,3.9600,4.1900,4.0600,2627060,10850325.8000,0.457053,1,3.201973,30.267963,1.129152,1.539723,-8.610375,0
2018-06-27,sz.002483,4.1700,4.2300,4.0900,4.1000,4.1900,1663707,6886185.3000,0.289450,1,-2.147975,29.617816,1.104898,1.506650,-8.425427,0
2018-06-28,sz.002483,4.0700,4.1600,4.0500,4.0600,4.1000,1223032,5011610.8000,0.212782,1,-0.975609,29.328862,1.094119,1.491951,-8.343228,0
2018-06-29,sz.002483,4.0900,4.2500,4.0500,4.2000,4.0600,1847006,7705807.4800,0.321340,1,3.448272,30.340202,1.131847,1.543398,-8.630925,0
2018-07-02,sz.002483,4.2000,4.2300,4.1400,4.1700,4.2000,1076456,4489540.8400,0.187281,1,-0.714279,30.123486,1.123762,1.532373,-8.569276,0
2018-07-03,sz.002483,4.1600,4.2000,4.1200,4.1900,4.1700,1139700,4754103.6000,0.198284,1,0.479616,30.267963,1.129152,1.539723,-8.610375,0
2018-07-04,sz.002483,4.1900,4.2800,4.0900,4.1200,4.1900,1477620,6182200.5600,0.257075,1,-1.670649,29.762293,1.110288,1.514000,-8.466527,0
2018-07-05,sz.002483,4.1100,4.1500,3.8400,3.9000,4.1200,3134178,12327779.4200,0.545281,1,-5.339801,28.173045,1.051001,1.433155,-8.014430,0
2018-07-06,sz.002483,3.9000,3.9800,3.8500,3.9400,3.9000,1554320,6079202.0000,0.270419,1,1.025640,28.461999,1.061780,1.447854,-8.096630,0
2018-07-09,sz.002483,3.9400,4.0200,3.8800,4.0000,3.9400,1120500,4457835.8400,0.194943,1,1.522841,28.895430,1.077949,1.469902,-8.219929,0
2018-07-10,sz.002483,4.0000,4.0200,3.9700,4.0200,4.0000,913668,3648995.9400,0.158959,1,0.499999,29.039907,1.083339,1.477252,-8.261028,0
2018-07-11,sz.002483,3.9900,3.9900,3.9200,3.9500,4.0200,1303240,5140556.8000,0.226736,1,-1.741292,28.534237,1.064475,1.451529,-8.117180,0
2018-07-12,sz.002483,3.9000,4.0400,3.9000,4.0200,3.9500,1516848,6070806.1500,0.263900,1,1.772150,29.039907,1.083339,1.477252,-8.261028,0
2018-07-13,sz.002483,4.0300,4.0500,4.0100,4.0300,4.0200,947420,3821513.7200,0.164831,1,0.248762,29.112146,1.086034,1.480927,-8.281578,0
2018-07-16,sz.002483,4.0400,4.0600,4.0200,4.0500,4.0300,1134641,4582493.0400,0.197404,1,0.496277,29.256623,1.091424,1.488276,-8.322678,0
2018-07-17,sz.002483,4.0700,4.0700,4.0100,4.0400,4.0500,687543,2771395.2600,0.119618,1,-0.246919,29.184385,1.088729,1.484602,-8.302128,0
2018-07-18,sz.002483,4.0400,4.0900,4.0400,4.0500,4.0400,1142692,4645150.0400,0.198804,1,0.247530,29.256623,1.091424,1.488276,-8.322678,0
2018-07-19,sz.002483,4.0400,4.2600,4.0300,4.2600,4.0500,6336476,26416976.4600,1.102413,1,5.185186,30.773633,1.148016,1.565446,-8.754224,0
2018-07-20,sz.002483,4.2000,4.3500,4.2000,4.2500,4.2600,5001156,21379310.0000,0.870096,1,-0.234747,30.701395,1.145321,1.561771,-8.733674,0
2018-07-23,sz.002483,4.2100,4.2400,4.1600,4.2100,4.2500,1998130,8371056.7000,0.347632,1,-0.941176,30.412440,1.134542,1.547072,-8.651475,0
2018-07-24,sz.002483,4.2100,4.3700,4.1800,4.3000,4.2100,2786605,11953448.4100,0.484810,1,2.137771,31.062588,1.158796,1.580145,-8.836423,0
2018-07-25,sz.002483,4.2700,4.3300,4.2600,4.3100,4.3000,1262939,5420915.8700,0.219725,1,0.232552,31.134826,1.161491,1.583820,-8.856973,0
2018-07-26,sz.002483,4.3100,4.3600,4.2600,4.3600,4.3100,1849086,7979088.7700,0.321702,1,1.160097,31.496019,1.174965,1.602194,-8.959722,0
2018-07-27,sz.002483,4.3100,4.6200,4.3100,4.3600,4.3600,4427242,19801958.8500,0.770247,1,0.000000,31.496019,1.174965,1.602194,-8.959722,0
2018-07-30,sz.002483,4.3400,4.3600,4.2300,4.3000,4.3600,1706520,7307308.0000,0.296898,1,-1.376145,31.062588,1.158796,1.580145,-8.836423,0
2018-07-31,sz.002483,4.3500,4.3500,4.2700,4.3200,4.3000,724100,3122469.0000,0.125978,1,0.465116,31.207065,1.164185,1.587495,-8.877523,0
2018-08-01,sz.002483,4.3200,4.4600,4.2800,4.3400,4.3200,2091762,9112425.6000,0.363922,1,0.462962,31.351542,1.169575,1.594844,-8.918623,0
2018-08-02,sz.002483,4.3100,4.4000,4.1300,4.2600,4.3400,2136456,9015672.8000,0.371698,1,-1.843316,30.773633,1.148016,1.565446,-8.754224,0
2018-08-03,sz.002483,4.2500,4.2700,4.1900,4.2200,4.2600,865640,3666288.6000,0.150603,1,-0.938977,30.484679,1.137237,1.550747,-8.672025,0
2018-08-06,sz.002483,4.2000,4.2600,4.1000,4.1800,4.2200,955640,3989220.0000,0.166261,1,-0.947866,30.195725,1.126457,1.536048,-8.589825,0
2018-08-07,sz.002483,4.1800,4.2800,4.1800,4.2600,4.1800,1032900,4376595.0000,0.179703,1,1.913885,30.773633,1.148016,1.565446,-8.754224,0
2018-08-08,sz.002483,4.3100,4.3100,4.2600,4.2800,4.2600,1082300,4634307.6000,0.188297,1,0.469483,30.918110,1.153406,1.572796,-8.795324,0
2018-08-09,sz.002483,4.2100,4.3600,4.2100,4.3400,4.2800,1390120,6027270.2000,0.241852,1,1.401868,31.351542,1.169575,1.594844,-8.918623,0
2018-08-10,sz.002483,4.3400,4.5000,4.3300,4.4500,4.3400,1981428,8755505.2400,0.344727,1,2.534554,32.146166,1.199219,1.635267,-9.144671,0
2018-08-13,sz.002483,4.3800,4.4500,4.3700,4.4100,4.4500,1364788,6019783.8400,0.237444,1,-0.898876,31.857212,1.188439,1.620568,-9.062471,0
2018-08-14,sz.002483,4.4100,4.4200,4.3900,4.4000,4.4100,1210840,5328427.6000,0.210661,1,-0.226752,31.784973,1.185744,1.616893,-9.041922,0
2018-08-15,sz.002483,4.4000,4.4500,4.3500,4.3800,4.4000,1839620,8087915.6000,0.320055,1,-0.454545,31.640496,1.180355,1.609543,-9.000822,0
2018-08-16,sz.002483,4.3600,4.4000,4.3300,4.3600,4.3800,1124160,4912883.2000,0.195580,1,-0.456621,31.496019,1.174965,1.602194,-8.959722,0
2018-08-17,sz.002483,4.3800,4.4000,4.2600,4.2800,4.3600,1039528,4491384.1600,0.180856,1,-1.834861,30.918110,1.153406,1.572796,-8.795324,0
2018-08-20,sz.002483,4.2700,4.3400,4.2200,4.3300,4.2800,1461202,6241988.6200,0.254218,1,1.168218,31.279303,1.166880,1.591169,-8.898073,0
2018-08-21,sz.002483,4.3300,4.3500,4.2500,4.3300,4.3300,1080840,4649370.0000,0.188043,1,0.000000,44.799434,1.180307,1.483930,-10.866662,0
2018-08-22,sz.002483,4.3600,4.3600,4.2500,4.2700,4.3300,649622,2783118.8600,0.113021,1,-1.385680,44.178657,1.163952,1.463367,-10.716085,0
2018-08-23,sz.002483,4.2500,4.4000,4.1500,4.3400,4.2700,1805565,7712366.6700,0.314130,1,1.639348,44.902897,1.183033,1.487357,-10.891758,0
2018-08-24,sz.002483,4.3500,4.3700,4.2100,4.2800,4.3400,993140,4264433.8400,0.172785,1,-1.382487,44.282120,1.166678,1.466794,-10.741181,0
2018-08-27,sz.002483,4.3000,4.3200,4.2500,4.3000,4.2800,723580,3098626.2000,0.107799,1,0.467289,44.489046,1.172130,1.473648,-10.791374,0
2018-08-28,sz.002483,4.3200,4.3200,4.2400,4.2600,4.3000,892377,3806924.4200,0.132947,1,-0.930232,44.075194,1.161226,1.459940,-10.690989,0
2018-08-29,sz.002483,4.3600,4.3600,4.2700,4.2800,4.2600,1172240,5051484.5200,0.174641,1,0.469483,44.282120,1.166678,1.466794,-10.741181,0
2018-08-30,sz.002483,4.2600,4.2900,4.2200,4.2400,4.2800,965620,4103022.8000,0.143858,1,-0.934590,43.868268,1.155775,1.453086,-10.640796,0
2018-08-31,sz.002483,4.2400,4.3200,4.1600,4.2400,4.2400,1384789,5883334.0100,0.206306,1,0.000000,43.868268,1.155775,1.453086,-10.640796,0
2018-09-03,sz.002483,4.2100,4.2700,4.1500,4.1700,4.2400,990580,4135571.0000,0.147577,1,-1.650936,43.144028,1.136693,1.429096,-10.465123,0
2018-09-04,sz.002483,4.1700,4.2500,4.1600,4.2200,4.1700,560540,2361366.4000,0.083509,1,1.199034,43.661343,1.150323,1.446232,-10.590604,0
2018-09-05,sz.002483,4.2100,4.2400,4.1600,4.2000,4.2200,612500,2572811.4000,0.091250,1,-0.473933,43.454417,1.144871,1.439377,-10.540411,0
2018-09-06,sz.002483,4.1700,4.2100,4.1400,4.1500,4.2000,648680,2703387.0000,0.096640,1,-1.190469,42.937102,1.131242,1.422242,-10.414930,0
2018-09-07,sz.002483,4.1500,4.2400,4.1500,4.1500,4.1500,625060,2612408.8000,0.093122,1,0.000000,42.937102,1.131242,1.422242,-10.414930,0
2018-09-10,sz.002483,4.1800,4.1800,4.0800,4.0800,4.1500,1092523,4478527.1700,0.162764,1,-1.686751,42.212862,1.112160,1.398252,-10.239257,0
2018-09-11,sz.002483,4.0800,4.1000,3.9200,4.0400,4.0800,791540,3189612.2000,0.117924,1,-0.980391,41.799010,1.101257,1.384544,-10.138872,0
2018-09-12,sz.002483,4.0400,4.0900,4.0000,4.0700,4.0400,734640,2980029.0000,0.109447,1,0.742579,42.109399,1.109434,1.394825,-10.214161,0
2018-09-13,sz.002483,4.1000,4.1100,4.0600,4.0900,4.0700,457560,1867141.8000,0.068167,1,0.491400,42.316325,1.114886,1.401679,-10.264353,0
2018-09-14,sz.002483,4.0900,4.0900,4.0200,4.0300,4.0900,776900,3147953.0000,0.115743,1,-1.466991,41.695548,1.098531,1.381117,-10.113776,0
2018-09-17,sz.002483,4.0200,4.0600,3.9500,3.9600,4.0300,913020,3631627.6500,0.136022,1,-1.736977,40.971307,1.079450,1.357127,-9.938102,0
2018-09-18,sz.002483,3.9600,4.0300,3.9200,3.9600,3.9600,3036173,12053414.0300,0.452330,1,0.000000,40.971307,1.079450,1.357127,-9.938102,0
2018-09-19,sz.002483,3.9700,4.0400,3.9200,3.9900,3.9600,2925518,11634378.1200,0.435844,1,0.757575,41.281696,1.087627,1.367409,-10.013391,0
2018-09-20,sz.002483,3.9900,4.0300,3.9700,4.0200,3.9900,1421575,5685412.5900,0.211787,1,0.751879,41.592085,1.095805,1.377690,-10.088679,0
2018-09-21,sz.002483,4.0300,4.0600,4.0000,4.0500,4.0200,995960,4017431.8000,0.148378,1,0.746274,41.902473,1.103983,1.387971,-10.163968,0
2018-09-25,sz.002483,4.0500,4.1200,4.0300,4.1000,4.0500,2269541,9253442.8800,0.338117,1,1.234561,42.419788,1.117612,1.405107,-10.289449,0
2018-09-26,sz.002483,4.1000,4.1100,4.0600,4.0700,4.1000,768379,3137560.7400,0.114473,1,-0.731701,42.109399,1.109434,1.394825,-10.214161,0
2018-09-27,sz.002483,4.0800,4.1000,3.9900,4.0100,4.0700,842351,3395442.7100,0.125494,1,-1.474200,41.488622,1.093079,1.374263,-10.063583,0
2018-09-28,sz.002483,4.0000,4.0600,4.0000,4.0500,4.0100,749000,3022705.0000,0.111586,1,0.997505,41.902473,1.103983,1.387971,-10.163968,0
2018-10-08,sz.002483,4.0300,4.0300,3.9200,3.9200,4.0500,1086072,4286454.2800,0.161803,1,-3.209879,40.557456,1.068546,1.343419,-9.837717,0
2018-10-09,sz.002483,3.9400,3.9500,3.9000,3.9200,3.9200,799761,3135780.1300,0.119149,1,0.000000,40.557456,1.068546,1.343419,-9.837717,0
2018-10-10,sz.002483,3.9300,3.9600,3.9200,3.9400,3.9200,686140,2706382.8000,0.102221,1,0.510204,40.764382,1.073998,1.350273,-9.887910,0
2018-10-11,sz.002483,3.8800,3.8800,3.5500,3.5700,3.9400,2765120,10248711.4400,0.411948,1,-9.390866,36.936254,0.973140,1.223471,-8.959350,0
2018-10-12,sz.002483,3.5900,3.6000,3.3000,3.5500,3.5700,1803705,6283202.7500,0.268716,1,-0.560223,36.729329,0.967689,1.216617,-8.909157,0
2018-10-15,sz.002483,3.5500,3.5800,3.4000,3.4100,3.5500,1501940,5237296.4000,0.223759,1,-3.943658,35.280848,0.929526,1.168637,-8.557810,0
2018-10-16,sz.002483,3.3600,3.4700,3.3500,3.4300,3.4100,1562204,5324601.0800,0.232737,1,0.586510,35.487774,0.934978,1.175492,-8.608003,0
2018-10-17,sz.002483,3.4500,3.5400,3.4500,3.5100,3.4300,1313944,4598619.3600,0.195752,1,2.332359,36.315477,0.956785,1.202908,-8.808772,0
2018-10-18,sz.002483,3.5100,3.5100,3.3700,3.4200,3.5100,878080,3036616.6000,0.130817,1,-2.564100,35.384311,0.932252,1.172064,-8.582906,0
2018-10-19,sz.002483,3.4300,3.6000,3.3500,3.5100,3.4200,1418060,4913539.2000,0.211263,1,2.631576,36.315477,0.956785,1.202908,-8.808772,0
2018-10-22,sz.002483,3.4800,3.7200,3.4800,3.6300,3.5100,1683056,6068184.6800,0.250742,1,3.418807,37.557032,0.989496,1.244033,-9.109927,0
2018-10-23,sz.002483,3.6100,3.6600,3.5600,3.5600,3.6300,1110160,4002062.2000,0.165392,1,-1.928379,36.832791,0.970414,1.220044,-8.934253,0
2018-10-24,sz.002483,3.5700,3.6600,3.5600,3.6100,3.5600,951640,3434974.0000,0.141776,1,1.404493,37.350106,0.984044,1.237179,-9.059735,0
2018-10-25,sz.002483,3.5000,3.6400,3.4100,3.6200,3.6100,1278300,4517433.6800,0.190441,1,0.277008,37.453569,0.986770,1.240606,-9.084831,0
2018-10-26,sz.002483,3.6200,3.7200,3.6100,3.6700,3.6200,890340,3266355.0000,0.132643,1,1.381221,37.970883,1.000399,1.257742,-9.210312,0
2018-10-29,sz.002483,3.6700,3.7100,3.5800,3.6000,3.6700,598460,2173800.8000,0.089159,1,-1.907362,37.246643,0.981318,1.233752,-9.034638,0
2018-10-30,sz.002483,3.6500,3.7100,3.5900,3.6600,3.6000,969948,3554180.5200,0.144503,1,1.666672,33.018324,0.983979,1.387454,-13.433734,0
2018-10-31,sz.002483,3.7300,3.7300,3.6300,3.6900,3.6600,937620,3453714.6000,0.139687,1,0.819671,33.288966,0.992045,1.398826,-13.543847,0
2018-11-01,sz.002483,3.7100,3.7300,3.6200,3.6400,3.6900,1878031,6926728.8900,0.279789,1,-1.355012,32.837896,0.978602,1.379872,-13.360326,0
2018-11-02,sz.002483,3.6700,3.8000,3.6600,3.7700,3.6400,2406568,9008414.2100,0.358531,1,3.571425,34.010678,1.013553,1.429153,-13.837480,0
2018-11-05,sz.002483,3.8100,3.9800,3.7300,3.8500,3.7700,3018491,11609759.1300,0.449695,1,2.122014,34.732390,1.035060,1.459480,-14.131114,0
2018-11-06,sz.002483,3.8300,3.8500,3.7700,3.8300,3.8500,1537229,5847737.1100,0.229017,1,-0.519480,34.551962,1.029683,1.451898,-14.057705,0
2018-11-07,sz.002483,3.8100,3.8500,3.7400,3.7400,3.8300,1505083,5704683.8300,0.224228,1,-2.349867,33.740036,1.005487,1.417780,-13.727368,0
2018-11-08,sz.002483,3.7700,3.8100,3.7000,3.7400,3.7400,2361949,8905767.7700,0.351884,1,0.000000,33.740036,1.005487,1.417780,-13.727368,0
2018-11-09,sz.002483,3.7100,3.7800,3.7100,3.7300,3.7400,1468680,5512505.8000,0.218804,1,-0.267379,33.649822,1.002799,1.413990,-13.690664,0
2018-11-12,sz.002483,3.7700,3.8800,3.7300,3.8800,3.7300,2161376,8275337.4300,0.322002,1,4.021450,35.003032,1.043126,1.470852,-14.241226,0
2018-11-13,sz.002483,3.8200,4.0300,3.8200,3.9600,3.8800,3826037,15051969.5000,0.570004,1,2.061854,35.724744,1.064633,1.501179,-14.534860,0
2018-11-14,sz.002483,3.9800,4.0100,3.9200,3.9400,3.9600,2564660,10155365.4400,0.382084,1,-0.505050,35.544316,1.059257,1.493598,-14.461452,0
2018-11-15,sz.002483,3.9800,4.0000,3.9200,3.9800,3.9400,2769980,11010014.8000,0.412672,1,1.015227,35.905172,1.070010,1.508761,-14.608268,0
2018-11-16,sz.002483,4.0400,4.0500,3.9800,4.0300,3.9800,3050700,12264680.0000,0.454494,1,1.256286,36.356242,1.083453,1.527715,-14.791789,0
2018-11-19,sz.002483,4.0400,4.0600,3.9400,4.0300,4.0300,2478882,9952743.3600,0.369304,1,0.000000,36.356242,1.083453,1.527715,-14.791789,0
2018-11-20,sz.002483,4.0100,4.1000,3.9100,3.9200,4.0300,3489820,13980612.6000,0.519914,1,-2.729532,35.363888,1.053880,1.486016,-14.388043,0
2018-11-21,sz.002483,3.9200,4.0400,3.9200,4.0400,3.9200,2889180,11493463.0000,0.430431,1,3.061222,36.446456,1.086141,1.531506,-14.828493,0
2018-11-22,sz.002483,4.0400,4.1000,4.0000,4.0500,4.0400,1762900,7121881.2000,0.262637,1,0.247530,36.536670,1.088830,1.535297,-14.865198,0
2018-11-23,sz.002483,4.0100,4.0700,3.8400,3.8400,4.0500,2605842,10226879.4800,0.388219,1,-5.185192,34.642176,1.032372,1.455689,-14.094410,0
2018-11-26,sz.002483,3.8000,3.9500,3.8000,3.9200,3.8400,1856403,7272464.1500,0.276567,1,2.083338,35.363888,1.053880,1.486016,-14.388043,0
2018-11-27,sz.002483,3.9800,3.9800,3.9100,3.9300,3.9200,1703120,6724977.0000,0.253731,1,0.255102,35.454102,1.056568,1.489807,-14.424747,0
2018-11-28,sz.002483,3.9700,4.0800,3.9100,4.0500,3.9300,2699260,10777885.0000,0.402136,1,3.053438,36.536670,1.088830,1.535297,-14.865198,0
2018-11-29,sz.002483,4.0400,4.1000,3.9600,3.9800,4.0500,3724670,14982514.5000,0.554902,1,-1.728399,35.905172,1.070010,1.508761,-14.608268,0
2018-11-30,sz.002483,3.9600,4.0200,3.9100,3.9500,3.9800,1640020,6497593.8000,0.244331,1,-0.753768,35.634530,1.061945,1.497388,-14.498156,0
2018-12-03,sz.002483,3.9900,4.1400,3.9900,4.0600,3.9500,3615290,14770004.7200,0.538607,1,2.784807,36.626884,1.091518,1.539088,-14.901902,0
2018-12-04,sz.002483,4.0700,4.1300,4.0300,4.1300,4.0600,2791082,11421470.1800,0.415816,1,1.724142,37.258382,1.110337,1.565624,-15.158831,0
2018-12-05,sz.002483,4.0900,4.1200,4.0600,4.0800,4.1300,2044992,8365247.4000,0.304663,1,-1.210658,36.807312,1.096895,1.546670,-14.975310,0
2018-12-06,sz.002483,4.0800,4.0800,4.0000,4.0700,4.0800,2726819,11026061.4500,0.406242,1,-0.245092,36.717098,1.094207,1.542879,-14.938606,0
2018-12-07,sz.002483,4.0700,4.1000,4.0100,4.0300,4.0700,2309645,9319478.9700,0.344091,1,-0.982800,36.356242,1.083453,1.527715,-14.791789,0
2018-12-10,sz.002483,4.0300,4.0500,3.9300,3.9500,4.0300,1549970,6171085.8000,0.230915,1,-1.985116,35.634530,1.061945,1.497388,-14.498156,0
2018-12-11,sz.002483,3.9600,4.1100,3.9400,4.0900,3.9500,2142500,8637153.5800,0.319190,1,3.544306,36.897526,1.099584,1.550460,-15.012014,0
2018-12-12,sz.002483,4.0800,4.1700,4.0600,4.1600,4.0900,3612584,14913603.2300,0.538203,1,1.711484,37.529024,1.118403,1.576996,-15.268944,0
2018-12-13,sz.002483,4.1300,4.1700,4.0800,4.0800,4.1600,2242057,9232515.0800,0.334022,1,-1.923075,36.807312,1.096895,1.546670,-14.975310,0
2018-12-14,sz.002483,4.0800,4.1000,4.0300,4.0300,4.0800,1928510,7838198.4200,0.287310,1,-1.225483,36.356242,1.083453,1.527715,-14.791789,0
2018-12-17,sz.002483,4.0100,4.0500,3.9500,4.0300,4.0300,2075509,8282343.4100,0.309210,1,0.000000,36.356242,1.083453,1.527715,-14.791789,0
2018-12-18,sz.002483,4.0300,4.0300,3.9100,3.9900,4.0300,1873754,7402094.2800,0.279152,1,-0.992561,35.995386,1.072699,1.512552,-14.644973,0
2018-12-19,sz.002483,3.9800,3.9800,3.8700,3.9100,3.9900,1161652,4541098.8000,0.173063,1,-2.005011,35.273674,1.051191,1.482225,-14.351339,0
2018-12-20,sz.002483,3.9200,4.1400,3.8500,4.0600,3.9100,1830360,7306369.8000,0.272687,1,3.836313,36.626884,1.091518,1.539088,-14.901902,0
2018-12-21,sz.002483,4.0400,4.0500,3.9600,3.9800,4.0600,1461340,5829758.7500,0.217711,1,-1.970441,35.905172,1.070010,1.508761,-14.608268,0
2018-12-24,sz.002483,3.9800,4.0400,3.9000,3.9600,3.9800,1293532,5101593.5600,0.192711,1,-0.502512,35.724744,1.064633,1.501179,-14.534860,0
2018-12-25,sz.002483,3.9400,3.9400,3.8000,3.8600,3.9600,1313954,5039822.2800,0.195753,1,-2.525256,34.822604,1.037749,1.463271,-14.167818,0
2018-12-26,sz.002483,3.8400,3.8800,3.8300,3.8300,3.8600,521176,2008174.5200,0.077645,1,-0.777201,34.551962,1.029683,1.451898,-14.057705,0
2018-12-27,sz.002483,3.8700,3.9300,3.7100,3.7200,3.8300,1886460,7192515.4000,0.281045,1,-2.872060,33.559608,1.000110,1.410199,-13.653959,0
2018-12-28,sz.002483,3.7600,3.7900,3.6100,3.6500,3.7200,2648249,9684747.6700,0.394537,1,-1.881719,32.928110,0.981291,1.383663,-13.397030,0
2019-01-02,sz.002483,3.6800,3.7200,3.6300,3.7000,3.6500,1715229,6284232.6000,0.255535,1,1.369862,33.379180,0.994733,1.402617,-13.580551,0
2019-01-03,sz.002483,3.6500,3.7700,3.6200,3.7600,3.7000,1312330,4882035.0400,0.195511,1,1.621620,33.920464,1.010864,1.425362,-13.800776,0
2019-01-04,sz.002483,3.7100,3.8400,3.7100,3.8200,3.7600,1723860,6516209.2000,0.256821,1,1.595743,34.461748,1.026995,1.448107,-14.021001,0
2019-01-07,sz.002483,3.8400,3.9300,3.7800,3.9100,3.8200,1477004,5716730.8800,0.220044,1,2.356025,35.273674,1.051191,1.482225,-14.351339,0
2019-01-08,sz.002483,3.8700,3.9500,3.8700,3.9100,3.9100,1191360,4663082.0000,0.177489,1,0.000000,35.273674,1.051191,1.482225,-14.351339,0
2019-01-09,sz.002483,3.8900,4.0100,3.8800,3.9500,3.9100,2255696,8943642.1900,0.336054,1,1.023017,35.634530,1.061945,1.497388,-14.498156,0
2019-01-10,sz.002483,3.9000,4.0200,3.9000,3.9900,3.9500,1551684,6165383.3200,0.231170,1,1.012657,35.995386,1.072699,1.512552,-14.644973,0
2019-01-11,sz.002483,3.9700,3.9900,3.9000,3.9900,3.9900,2849125,11224793.7300,0.424463,1,0.000000,35.995386,1.072699,1.512552,-14.644973,0
2019-01-14,sz.002483,3.9900,4.0100,3.9300,3.9600,3.9900,2040360,8083241.4000,0.303973,1,-0.751879,35.724744,1.064633,1.501179,-14.534860,0
2019-01-15,sz.002483,3.9600,4.0700,3.9600,4.0500,3.9600,3207463,12941751.5900,0.477848,1,2.272731,36.536670,1.088830,1.535297,-14.865198,0
2019-01-16,sz.002483,4.0500,4.1000,3.9900,4.0100,4.0500,1737640,7036932.0000,0.258874,1,-0.987653,36.175814,1.078076,1.520134,-14.718381,0
2019-01-17,sz.002483,4.0800,4.0800,3.9900,3.9900,4.0100,1549077,6251974.9800,0.230782,1,-0.498758,35.995386,1.072699,1.512552,-14.644973,0
2019-01-18,sz.002483,4.0100,4.0600,4.0000,4.0200,3.9900,1539116,6194610.1200,0.229298,1,0.751879,36.266028,1.080764,1.523924,-14.755085,0
2019-01-21,sz.002483,4.0400,4.1100,4.0200,4.0600,4.0200,1790280,7275593.6000,0.266716,1,0.995024,36.626884,1.091518,1.539088,-14.901902,0
2019-01-22,sz.002483,4.0600,4.0800,3.9800,4.0000,4.0600,1675700,6742032.8000,0.249646,1,-1.477831,36.085600,1.075387,1.516343,-14.681677,0
2019-01-23,sz.002483,4.0300,4.0400,3.9600,4.0300,4.0000,1317019,5281018.1800,0.196210,1,0.750005,36.356242,1.083453,1.527715,-14.791789,0
2019-01-24,sz.002483,4.0700,4.1300,4.0300,4.0900,4.0300,2129159,8706040.1100,0.317203,1,1.488832,36.897526,1.099584,1.550460,-15.012014,0
2019-01-25,sz.002483,4.0900,4.0900,4.0100,4.0300,4.0900,1325820,5360487.8000,0.197521,1,-1.466991,36.356242,1.083453,1.527715,-14.791789,0
2019-01-28,sz.002483,4.0600,4.0700,4.0000,4.0300,4.0300,869926,3510086.3000,0.129602,1,0.000000,36.356242,1.083453,1.527715,-14.791789,0
2019-01-29,sz.002483,4.0100,4.0300,3.8700,3.9700,4.0300,2363659,9285015.6900,0.352138,1,-1.488838,35.814958,1.067322,1.504970,-14.571564,0
2019-01-30,sz.002483,3.9400,3.9800,3.8700,3.9700,3.9700,2558050,9999737.0000,0.381099,1,0.000000,35.814958,1.067322,1.504970,-14.571564,0
2019-01-31,sz.002483,3.9700,3.9700,3.9700,3.9700,3.9700,0,0.0000,,0,0.000000,35.814958,1.067322,1.504970,-14.571564,0
2019-02-01,sz.002483,3.9700,3.9700,3.9700,3.9700,3.9700,0,0.0000,,0,0.000000,35.814958,1.067322,1.504970,-14.571564,0
2019-02-11,sz.002483,3.9700,3.9700,3.9700,3.9700,3.9700,0,0.0000,,0,0.000000,35.814958,1.067322,1.504970,-14.571564,0
2019-02-12,sz.002483,3.9700,3.9700,3.9700,3.9700,3.9700,0,0.0000,,0,0.000000,35.814958,1.067322,1.504970,-14.571564,0
2019-02-13,sz.002483,3.9700,3.9700,3.9700,3.9700,3.9700,0,0.0000,,0,0.000000,35.814958,1.067322,1.504970,-14.571564,0
2019-02-14,sz.002483,3.9700,3.9700,3.9700,3.9700,3.9700,0,0.0000,,0,0.000000,35.814958,1.067322,1.504970,-14.571564,0
2019-02-15,sz.002483,3.9700,3.9700,3.9700,3.9700,3.9700,0,0.0000,,0,0.000000,35.814958,1.067322,1.504970,-14.571564,0
2019-02-18,sz.002483,3.9700,3.9700,3.9700,3.9700,3.9700,0,0.0000,,0,0.000000,35.814958,1.067322,1.504970,-14.571564,0
2019-02-19,sz.002483,3.9700,3.9700,3.9700,3.9700,3.9700,0,0.0000,,0,0.000000,35.814958,1.067322,1.504970,-14.571564,0
2019-02-20,sz.002483,3.9700,3.9700,3.9700,3.9700,3.9700,0,0.0000,,0,0.000000,35.814958,1.067322,1.504970,-14.571564,0
2019-02-21,sz.002483,4.3700,4.3700,4.3700,4.3700,3.9700,3410465,14903732.0500,0.508092,1,10.075560,39.423518,1.174861,1.656604,-16.039732,0
2019-02-22,sz.002483,4.5900,4.6800,4.3500,4.4200,4.3700,38156920,171362539.7500,5.684625,1,1.144169,39.874588,1.188303,1.675559,-16.223253,0
2019-02-25,sz.002483,4.2800,4.5400,4.1900,4.5200,4.4200,26980373,118358093.6300,4.019541,1,2.262441,40.776728,1.215188,1.713467,-16.590295,0
2019-02-26,sz.002483,4.5000,4.5200,4.3000,4.3800,4.5200,18637370,82418482.8300,2.776599,1,-3.097342,39.513732,1.177549,1.660395,-16.076436,0
2019-02-27,sz.002483,4.3700,4.4900,4.3100,4.4200,4.3800,12879143,56805488.5100,1.918737,1,0.913241,39.874588,1.188303,1.675559,-16.223253,0
2019-02-28,sz.002483,4.4600,4.4600,4.3600,4.3800,4.4200,8287359,36404010.1000,1.234652,1,-0.904976,41.480816,1.177549,1.494325,-16.076436,0
2019-03-01,sz.002483,4.3800,4.4000,4.2500,4.3400,4.3800,8556603,36926219.1000,1.274764,1,-0.913241,41.101996,1.166795,1.480678,-15.929619,0
2019-03-04,sz.002483,4.3500,4.4500,4.3200,4.3900,4.3400,14559435,63861003.3600,2.169068,1,1.152067,41.575521,1.180238,1.497736,-16.113140,0
2019-03-05,sz.002483,4.4000,4.4700,4.3300,4.4600,4.3900,13788637,60839804.8900,2.054234,1,1.594537,42.238457,1.199057,1.521618,-16.370070,0
2019-03-06,sz.002483,4.4800,4.6500,4.4100,4.5900,4.4600,20018964,89826749.1400,2.982429,1,2.914801,43.469623,1.234007,1.565970,-16.847224,0
2019-03-07,sz.002483,4.6000,4.7400,4.5000,4.6400,4.5900,19926206,91626850.2200,2.968610,1,1.089318,43.943148,1.247449,1.583029,-17.030745,0
2019-03-08,sz.002483,4.5500,4.5700,4.3000,4.3300,4.6400,15323181,68428727.6300,2.282851,1,-6.681033,41.007291,1.164107,1.477266,-15.892915,0
2019-03-11,sz.002483,4.3200,4.4900,4.3200,4.4900,4.3300,12039194,53106551.8800,1.793602,1,3.695147,42.522572,1.207122,1.531853,-16.480182,0
2019-03-12,sz.002483,4.4900,4.5800,4.4200,4.5500,4.4900,21651263,97762855.0500,3.225609,1,1.336312,43.090802,1.223253,1.552324,-16.700407,0
2019-03-13,sz.002483,4.5800,4.6400,4.4600,4.4900,4.5500,17203506,78301194.8600,2.562982,1,-1.318690,42.522572,1.207122,1.531853,-16.480182,0
2019-03-14,sz.002483,4.4600,4.5000,4.2800,4.3800,4.4900,9402916,41188793.0800,1.400848,1,-2.449881,41.480816,1.177549,1.494325,-16.076436,0
2019-03-15,sz.002483,4.3600,4.8200,4.3600,4.8200,4.3800,32329975,154488866.3600,4.816526,1,10.045660,45.647839,1.295842,1.644440,-17.691420,0
2019-03-18,sz.002483,4.8800,4.9700,4.6800,4.7700,4.8200,33019138,157646260.0400,4.919198,1,-1.037348,45.174314,1.282399,1.627381,-17.507899,0
2019-03-19,sz.002483,4.7700,4.7700,4.6300,4.7200,4.7700,18774414,87865816.7600,2.797016,1,-1.048222,44.700788,1.268957,1.610323,-17.324379,0
2019-03-20,sz.002483,4.7000,4.7100,4.5500,4.6800,4.7200,13953570,64645359.3300,2.078806,1,-0.847457,44.321968,1.258203,1.596676,-17.177562,0
2019-03-21,sz.002483,4.6600,4.7200,4.6400,4.6800,4.6800,14507951,67962223.8800,2.161397,1,0.000000,44.321968,1.258203,1.596676,-17.177562,0
2019-03-22,sz.002483,4.6900,4.7000,4.5800,4.6600,4.6800,10179348,47176398.5200,1.516521,1,-0.427350,44.132558,1.252826,1.589852,-17.104153,0
2019-03-25,sz.002483,4.5600,4.7300,4.5200,4.6500,4.6600,10758691,49985112.0800,1.602832,1,-0.214587,44.037853,1.250138,1.586441,-17.067449,0
2019-03-26,sz.002483,4.6400,4.6800,4.4600,4.4800,4.6500,8147120,37253697.4200,1.213760,1,-3.655916,42.427867,1.204434,1.528442,-16.443478,0
2019-03-27,sz.002483,4.5300,4.5800,4.4400,4.5700,4.4800,6937371,31236551.0800,1.033531,1,2.008932,43.280212,1.228630,1.559147,-16.773816,0
2019-03-28,sz.002483,4.5300,4.6100,4.4600,4.4800,4.5700,6443020,29170478.3800,0.959882,1,-1.969369,42.427867,1.204434,1.528442,-16.443478,0
2019-03-29,sz.002483,4.4800,4.5900,4.4600,4.5800,4.4800,7074267,32121577.7000,1.053926,1,2.232141,43.374917,1.231318,1.562559,-16.810520,0
2019-04-01,sz.002483,4.6100,4.7800,4.5600,4.7100,4.5800,13310529,62393537.2100,1.983005,1,2.838431,44.606083,1.266269,1.606911,-17.287674,0
2019-04-02,sz.002483,4.7200,4.8300,4.6700,4.7300,4.7100,14809540,70456996.8200,2.206328,1,0.424628,44.795493,1.271646,1.613734,-17.361083,0
2019-04-03,sz.002483,4.7300,4.8300,4.6700,4.8100,4.7300,11491390,54862446.8400,1.711990,1,1.691330,45.553134,1.293153,1.641028,-17.654716,0
2019-04-04,sz.002483,4.8300,4.8300,4.6900,4.7300,4.8100,14024696,66543965.2500,2.089402,1,-1.663200,44.795493,1.271646,1.613734,-17.361083,0
2019-04-08,sz.002483,4.7500,4.8000,4.6100,4.6900,4.7300,12942813,60944667.2100,1.928223,1,-0.845665,44.416673,1.260892,1.600087,-17.214266,0
2019-04-09,sz.002483,4.6300,4.7600,4.6300,4.7400,4.6900,9216036,43470855.9500,1.373007,1,1.066092,44.890198,1.274334,1.617146,-17.397787,0
2019-04-10,sz.002483,4.7100,4.8400,4.6500,4.8000,4.7400,13770107,65599319.1000,2.051473,1,1.265832,45.458429,1.290465,1.637616,-17.618012,0
2019-04-11,sz.002483,4.8100,4.9700,4.7900,4.8100,4.8000,21924802,107118269.5000,3.266361,1,0.208328,45.553134,1.293153,1.641028,-17.654716,0
2019-04-12,sz.002483,4.7900,5.2900,4.7300,5.0300,4.8100,29968172,151920347.7300,4.464664,1,4.573810,47.636645,1.352300,1.716085,-18.462208,0
2019-04-15,sz.002483,4.9000,5.0900,4.8400,4.9900,5.0300,18430463,91756927.3800,2.745774,1,-0.795237,47.257825,1.341546,1.702438,-18.315392,0
2019-04-16,sz.002483,4.9500,4.9500,4.7400,4.9100,4.9900,12998698,63137837.4000,1.936549,1,-1.603205,50.425426,1.309437,1.684118,-31.315709,0
2019-04-17,sz.002483,4.8800,4.9400,4.8500,4.9100,4.9100,9614799,47062428.9700,1.432415,1,0.000000,50.425426,1.309437,1.684118,-31.315709,0
2019-04-18,sz.002483,4.9000,4.9200,4.7800,4.8000,4.9100,9902784,48012461.4800,1.475319,1,-2.240319,49.295732,1.280102,1.646388,-30.614135,0
2019-04-19,sz.002483,4.8200,4.9700,4.7800,4.9500,4.8000,11754953,57566901.3500,1.751255,1,3.124992,50.836224,1.320105,1.697838,-31.570827,0
2019-04-22,sz.002483,4.9800,5.0000,4.8500,4.9000,4.9500,10408956,51173063.5400,1.550728,1,-1.010095,50.322727,1.306771,1.680688,-31.251930,0
2019-04-23,sz.002483,4.8600,4.9000,4.6700,4.7200,4.9000,9575820,45772210.4000,1.426608,1,-3.673476,48.474137,1.258767,1.618948,-30.103900,0
2019-04-24,sz.002483,4.7100,4.8400,4.6800,4.8300,4.7200,5993317,28577353.4000,0.892886,1,2.330511,49.603831,1.288102,1.656678,-30.805474,0
2019-04-25,sz.002483,4.8100,4.8300,4.4800,4.5400,4.8300,7637097,35699989.7800,1.137776,1,-6.004140,46.625547,1.210763,1.557209,-28.955870,0
2019-04-26,sz.002483,4.5300,4.6600,4.5100,4.5700,4.5400,6722038,30717463.6400,1.001451,1,0.660798,46.933645,1.218764,1.567499,-29.147208,0
2019-04-29,sz.002483,4.5600,4.5700,4.2000,4.2900,4.5700,8852287,38816225.8200,1.318815,1,-6.126919,46.708101,1.132788,1.523242,37.992876,0
2019-04-30,sz.002483,4.3400,4.4000,4.2900,4.3600,4.2900,3578516,15565228.5800,0.533128,1,1.631706,47.470238,1.151272,1.548097,38.612806,0
2019-05-06,sz.002483,4.2400,4.2700,3.9400,4.0600,4.3600,7557740,31137989.4000,1.125954,1,-6.880738,44.203937,1.072056,1.441577,35.955962,0
2019-05-07,sz.002483,4.0900,4.1500,4.0000,4.0700,4.0600,4335844,17632014.0300,0.645955,1,0.246311,44.312814,1.074696,1.445127,36.044523,0
2019-05-08,sz.002483,4.0200,4.1900,3.9800,4.1200,4.0700,4595695,18903460.4500,0.684668,1,1.228494,44.857197,1.087899,1.462881,36.487331,0
2019-05-09,sz.002483,4.0900,4.1600,4.0800,4.0900,4.1200,2302040,9483074.0000,0.342958,1,-0.728149,44.530567,1.079978,1.452229,36.221646,0
2019-05-10,sz.002483,4.1400,4.2100,4.0500,4.2100,4.0900,4546140,18932033.6000,0.677285,1,2.933982,45.837088,1.111664,1.494837,37.284384,0
2019-05-13,sz.002483,4.1500,4.2700,4.1400,4.2300,4.2100,2757278,11649145.9400,0.410780,1,0.475059,46.054841,1.116945,1.501938,37.461507,0
2019-05-14,sz.002483,4.1600,4.2500,4.1300,4.1500,4.2300,3513967,14693555.2900,0.523511,1,-1.891251,45.183827,1.095821,1.473533,36.753015,0
2019-05-15,sz.002483,4.1700,4.3100,4.1500,4.2800,4.1500,3859317,16360002.4700,0.574962,1,3.132533,46.599224,1.130148,1.519692,37.904315,0
2019-05-16,sz.002483,4.2800,4.3500,4.2600,4.3300,4.2800,3246529,13977022.5000,0.483669,1,1.168218,47.143608,1.143350,1.537445,38.347122,0
2019-05-17,sz.002483,4.3400,4.3400,4.1300,4.1500,4.3300,3423620,14435677.0000,0.510052,1,-4.157040,45.183827,1.095821,1.473533,36.753015,0
2019-05-20,sz.002483,4.1600,4.1700,4.0500,4.1500,4.1500,2476180,10188206.8000,0.368902,1,0.000000,45.183827,1.095821,1.473533,36.753015,0
2019-05-21,sz.002483,4.1400,4.2900,4.1300,4.2200,4.1500,2168900,9174100.8000,0.323123,1,1.686740,45.945964,1.114304,1.498388,37.372946,0
2019-05-22,sz.002483,4.2700,4.2800,4.1900,4.2700,4.2200,2714539,11499233.5700,0.404413,1,1.184839,46.490348,1.127507,1.516141,37.815753,0
2019-05-23,sz.002483,4.2900,4.2900,4.1100,4.1300,4.2700,3111600,13024789.0000,0.463567,1,-3.278685,44.966074,1.090540,1.466431,36.575892,0
2019-05-24,sz.002483,4.1300,4.1900,4.0700,4.1600,4.1300,2231240,9250713.2000,0.332411,1,0.726386,45.292704,1.098461,1.477083,36.841577,0
2019-05-27,sz.002483,4.1600,4.2500,4.1200,4.2400,4.1600,2782140,11662295.8000,0.414484,1,1.923075,46.163718,1.119586,1.505489,37.550069,0
2019-05-28,sz.002483,4.2400,4.2700,4.1800,4.1900,4.2400,3243500,13741470.2000,0.483217,1,-1.179239,45.619334,1.106383,1.487735,37.107261,0
2019-05-29,sz.002483,4.1900,4.2200,4.1400,4.1800,4.1900,2877498,12047057.6600,0.428690,1,-0.238669,45.510458,1.103742,1.484185,37.018700,0
2019-05-30,sz.002483,4.1500,4.1900,4.1200,4.1600,4.1800,2599200,10824108.0000,0.387229,1,-0.478469,45.292704,1.098461,1.477083,36.841577,0
2019-05-31,sz.002483,4.1700,4.2200,4.1600,4.1800,4.1600,2530160,10610496.2000,0.376944,1,0.480769,45.510458,1.103742,1.484185,37.018700,0
2019-06-03,sz.002483,4.2100,4.2100,4.0700,4.0800,4.1800,2489640,10277974.0000,0.370907,1,-2.392342,44.421691,1.077337,1.448678,36.133085,0
2019-06-04,sz.002483,4.0800,4.1200,3.9500,4.0000,4.0800,2697300,10875823.2000,0.401844,1,-1.960783,43.550677,1.056213,1.420273,35.424593,0
2019-06-05,sz.002483,4.0300,4.0700,3.9900,4.0000,4.0000,2024388,8142862.0000,0.301594,1,0.000000,43.550677,1.056213,1.420273,35.424593,0
2019-06-06,sz.002483,4.0000,4.0400,3.9400,4.0000,4.0000,2495680,9925955.4000,0.371807,1,0.000000,43.550677,1.056213,1.420273,35.424593,0
2019-06-10,sz.002483,3.9900,4.0100,3.9500,3.9600,4.0000,2177550,8661594.9000,0.324412,1,-0.999999,43.115170,1.045651,1.406070,35.070347,0
2019-06-11,sz.002483,3.9900,4.1000,3.9400,4.0700,3.9600,2870260,11588668.0000,0.427612,1,2.777781,44.312814,1.074696,1.445127,36.044523,0
2019-06-12,sz.002483,4.0700,4.0900,4.0100,4.0100,4.0700,2937360,11868181.8000,0.437608,1,-1.474200,43.659554,1.058853,1.423823,35.513155,0
2019-06-13,sz.002483,4.0100,4.0600,3.9600,4.0400,4.0100,2711340,10890583.8000,0.403936,1,0.748123,43.986184,1.066775,1.434475,35.778839,0
2019-06-14,sz.002483,4.0500,4.1800,4.0200,4.0500,4.0400,5072800,20800941.2000,0.755747,1,0.247530,44.095061,1.069415,1.438026,35.867401,0
2019-06-17,sz.002483,4.0500,4.0500,3.9300,3.9800,4.0500,3869780,15402295.4000,0.576521,1,-1.728399,43.332924,1.050932,1.413171,35.247470,0
2019-06-18,sz.002483,3.9600,3.9900,3.9300,3.9500,3.9800,1780784,7056411.5200,0.265302,1,-0.753768,43.006294,1.043010,1.402519,34.981786,0
2019-06-19,sz.002483,3.9900,4.0800,3.9900,4.0000,3.9500,2262640,9095040.6000,0.337089,1,1.265822,43.550677,1.056213,1.420273,35.424593,0
2019-06-20,sz.002483,4.0300,4.1400,4.0100,4.1300,4.0000,5335982,21843395.6600,0.794956,1,3.250003,44.966074,1.090540,1.466431,36.575892,0
2019-06-21,sz.002483,4.1400,4.2700,4.1000,4.2400,4.1300,5709760,24072842.8000,0.850641,1,2.663430,46.163718,1.119586,1.505489,37.550069,0
2019-06-24,sz.002483,4.2500,4.2900,4.1800,4.2600,4.2400,5212120,22047315.2000,0.776503,1,0.471709,46.381471,1.124867,1.512590,37.727192,0
2019-06-25,sz.002483,4.2800,4.2900,4.1800,4.2300,4.2600,3501760,14819731.6000,0.521693,1,-0.704230,46.054841,1.116945,1.501938,37.461507,0
2019-06-26,sz.002483,4.2200,4.2700,4.1700,4.2200,4.2300,2830300,11992281.6000,0.421659,1,-0.236412,45.945964,1.114304,1.498388,37.372946,0
2019-06-27,sz.002483,4.2500,4.2600,4.2200,4.2500,4.2200,2929764,12421717.3200,0.436477,1,0.710905,46.272594,1.122226,1.509040,37.638630,0
2019-06-28,sz.002483,4.2500,4.2700,4.1500,4.1800,4.2500,3196840,13446871.6000,0.476266,1,-1.647063,45.510458,1.103742,1.484185,37.018700,0
2019-07-01,sz.002483,4.2800,4.6000,4.2800,4.6000,4.1800,8860810,40598523.0000,1.320085,1,10.047850,50.083279,1.214645,1.633313,40.738282,0
2019-07-02,sz.002483,4.5800,4.5800,4.1600,4.4300,4.6000,19681323,87954756.5200,2.932127,1,-3.695654,48.232375,1.169756,1.572952,39.232737,0
2019-07-03,sz.002483,4.3700,4.4300,4.3100,4.3500,4.4300,7586720,33116641.0000,1.130271,1,-1.805867,47.361361,1.148631,1.544546,38.524245,0
2019-07-04,sz.002483,4.3000,4.3800,4.2500,4.3200,4.3000,6789891,29217957.5500,1.011559,1,0.465116,47.034731,1.140710,1.533894,38.258561,0
2019-07-05,sz.002483,4.3400,4.3400,4.2300,4.2800,4.3200,4878050,20906344.5000,0.726733,1,-0.925925,46.599224,1.130148,1.519692,37.904315,0
2019-07-08,sz.002483,4.2800,4.2800,4.1800,4.2000,4.2800,4828226,20381580.1200,0.719310,1,-1.869168,45.728211,1.109023,1.491286,37.195823,0
2019-07-09,sz.002483,4.1900,4.2400,4.1100,4.2400,4.2000,4060930,16990129.0000,0.604998,1,0.952380,46.163718,1.119586,1.505489,37.550069,0
2019-07-10,sz.002483,4.3800,4.4500,4.2200,4.2500,4.2400,7341854,31744931.2200,1.093791,1,0.235854,46.272594,1.122226,1.509040,37.638630,0
2019-07-11,sz.002483,4.2100,4.2900,4.1800,4.2000,4.2500,3346274,14127890.6000,0.498529,1,-1.176475,45.728211,1.109023,1.491286,37.195823,0
2019-07-12,sz.002483,4.2000,4.2400,4.1400,4.1600,4.2000,3633814,15179279.5600,0.541366,1,-0.952380,45.292704,1.098461,1.477083,36.841577,0
2019-07-15,sz.002483,4.1600,4.2700,4.1300,4.2400,4.1600,3042576,12764420.5000,0.453284,1,1.923075,46.163718,1.119586,1.505489,37.550069,0
2019-07-16,sz.002483,4.2400,4.2500,4.1900,4.2200,4.2400,1793280,7560325.0000,0.267163,1,-0.471698,45.945964,1.114304,1.498388,37.372946,0
2019-07-17,sz.002483,4.2000,4.2500,4.1800,4.2000,4.2200,2337185,9853961.0000,0.348194,1,-0.473933,45.728211,1.109023,1.491286,37.195823,0
2019-07-18,sz.002483,4.1600,4.2100,4.1300,4.1800,4.2000,2370163,9877738.2500,0.353107,1,-0.476190,45.510458,1.103742,1.484185,37.018700,0
2019-07-19,sz.002483,4.1700,4.2400,4.1700,4.2200,4.1800,2082080,8781473.8000,0.310189,1,0.956937,36.521083,1.114304,1.614718,37.372946,0
2019-07-22,sz.002483,4.2100,4.2400,4.0900,4.1000,4.2200,3445820,14261748.0000,0.513359,1,-2.843599,35.482569,1.082618,1.568802,36.310208,0
2019-07-23,sz.002483,4.0900,4.1300,4.0500,4.1100,4.1000,2651000,10840122.8000,0.394947,1,0.243908,35.569112,1.085259,1.572628,36.398769,0
2019-07-24,sz.002483,4.1100,4.1500,4.1000,4.1000,4.1100,2383540,9830741.8000,0.355100,1,-0.243315,35.482569,1.082618,1.568802,36.310208,0
2019-07-25,sz.002483,4.1000,4.1800,4.0700,4.1200,4.1000,1887216,7781088.5200,0.281158,1,0.487804,35.655655,1.087899,1.576455,36.487331,0
2019-07-26,sz.002483,4.1100,4.1100,4.0500,4.0700,4.1200,2715860,11069644.2000,0.404600,1,-1.213600,35.222941,1.074696,1.557323,36.044523,0
2019-07-29,sz.002483,4.0400,4.0900,3.9700,3.9900,4.0700,3768300,15097654.4000,0.561402,1,-1.965606,34.530598,1.053572,1.526712,35.336032,0
2019-07-30,sz.002483,3.9900,4.0400,3.9800,4.0100,3.9900,3585314,14358943.2600,0.534100,1,0.501300,34.703684,1.058853,1.534365,35.513155,0
2019-07-31,sz.002483,4.1200,4.1500,4.0100,4.0300,4.0100,4460780,18115012.2000,0.664600,1,0.498800,34.876769,1.064134,1.542018,35.690278,0
2019-08-01,sz.002483,3.9800,4.0000,3.9500,3.9700,4.0300,2539183,10092333.4800,0.378300,1,-1.488800,34.357512,1.048291,1.519060,35.158909,0
2019-08-02,sz.002483,3.9400,3.9400,3.8400,3.8600,3.9700,3484400,13522595.4800,0.519100,1,-2.770800,33.405541,1.019245,1.476970,34.184732,0
2019-08-05,sz.002483,3.8700,3.8700,3.7000,3.8000,3.8600,2128994,8124469.0200,0.317200,1,-1.554400,32.886284,1.003402,1.454012,33.653363,0
2019-08-06,sz.002483,3.7400,3.7400,3.4700,3.7000,3.8000,4545403,16572887.1200,0.677200,1,-2.631600,32.020855,0.976997,1.415748,32.767749,0
2019-08-07,sz.002483,3.7000,3.7500,3.6600,3.6600,3.7000,2119523,7823486.7800,0.315800,1,-1.081100,31.674684,0.966435,1.400443,32.413503,0
2019-08-08,sz.002483,3.7200,3.8700,3.6800,3.7300,3.6600,3154987,11874171.7700,0.470000,1,1.912600,32.280484,0.984918,1.427227,33.033433,0
2019-08-09,sz.002483,3.7500,3.7500,3.6300,3.6700,3.7300,2441263,8990145.9500,0.363700,1,-1.608600,31.761227,0.969075,1.404269,32.502064,0
2019-08-12,sz.002483,3.6900,3.7000,3.6400,3.7000,3.6700,1772180,6510044.0000,0.264000,1,0.817400,32.020855,0.976997,1.415748,32.767749,0
2019-08-13,sz.002483,3.6600,3.6900,3.6300,3.6800,3.7000,1066620,3902946.2000,0.158900,1,-0.540500,31.847769,0.971716,1.408096,32.590626,0
2019-08-14,sz.002483,3.7300,3.7400,3.6700,3.6900,3.6800,1937823,7191322.6400,0.288700,1,0.271700,31.934312,0.974356,1.411922,32.679187,0
2019-08-15,sz.002483,3.6100,3.7200,3.6000,3.7100,3.6900,1774213,6496824.1700,0.264300,1,0.542000,32.107398,0.979637,1.419575,32.856310,0
2019-08-16,sz.002483,3.7200,3.7400,3.6900,3.7100,3.7100,1498620,5572494.6000,0.223300,1,0.000000,32.107398,0.979637,1.419575,32.856310,0
2019-08-19,sz.002483,3.7400,3.8000,3.7200,3.8000,3.7100,2145881,8081181.2700,0.319700,1,2.425900,32.886284,1.003402,1.454012,33.653363,0
2019-08-20,sz.002483,3.8200,3.8500,3.7800,3.8200,3.8000,2635569,10064053.8900,0.392600,1,0.526300,33.059369,1.008683,1.461664,33.830486,0
2019-08-21,sz.002483,3.8100,3.8300,3.7900,3.8200,3.8200,1609001,6138321.8000,0.239700,1,0.000000,33.059369,1.008683,1.461664,33.830486,0
2019-08-22,sz.002483,3.8400,3.8500,3.8000,3.8400,3.8200,1711029,6539901.7600,0.254900,1,0.523600,33.232455,1.013964,1.469317,34.007609,0
2019-08-23,sz.002483,3.8300,4.2000,3.8200,3.9800,3.8400,7866452,31139252.9300,1.171900,1,3.645800,34.444055,1.050932,1.522886,35.247470,0
2019-08-26,sz.002483,3.9000,4.0600,3.8700,4.0000,3.9800,4511220,17880433.8000,0.672100,1,0.502500,34.617141,1.056213,1.530539,35.424593,0
2019-08-27,sz.002483,4.0500,4.1300,3.9900,4.0100,4.0000,6026040,24253308.8000,0.897800,1,0.250000,34.703684,1.058853,1.534365,35.513155,0
2019-08-28,sz.002483,4.0000,4.1200,3.9700,4.0500,4.0100,3909660,15852512.0000,0.582500,1,0.997500,35.049855,1.069415,1.549670,35.867401,0
2019-08-29,sz.002483,4.0500,4.3700,4.0500,4.2600,4.0500,15220300,64677201.3800,2.267500,1,5.185200,36.867255,1.124867,1.630024,37.727192,0
2019-08-30,sz.002483,4.2600,4.4800,4.2100,4.3100,4.2600,20381512,88446059.6800,3.036400,1,1.173700,37.299969,1.138069,1.649155,38.169999,0
2019-09-02,sz.002483,4.3500,4.4000,4.2700,4.3500,4.3100,13880200,60125618.8400,2.067900,1,0.928100,37.738195,1.140886,1.664461,81.250749,0
2019-09-03,sz.002483,4.3300,4.6000,4.2600,4.5400,4.3500,21932539,97018952.9200,3.267500,1,4.367800,39.386530,1.190718,1.737161,84.799632,0
2019-09-04,sz.002483,4.4500,4.6000,4.4100,4.4900,4.5400,13014519,58191527.7600,1.938900,1,-1.101300,38.952758,1.177604,1.718030,83.865716,0
2019-09-05,sz.002483,4.5800,4.5800,4.3800,4.4400,4.4900,12668812,56303038.9600,1.887400,1,-1.113600,38.518986,1.164490,1.698898,82.931799,0
2019-09-06,sz.002483,4.4300,4.4400,4.2700,4.3800,4.4400,10801581,47039508.3300,1.609200,1,-1.351400,37.998459,1.148754,1.675940,81.811099,0
2019-09-09,sz.002483,4.3900,4.3900,4.3100,4.3800,4.3800,7357176,32015414.4800,1.096100,1,0.000000,37.998459,1.148754,1.675940,81.811099,0
2019-09-10,sz.002483,4.3800,4.4200,4.3400,4.3500,4.3800,4249940,18516902.6000,0.633200,1,-0.684900,37.738195,1.140886,1.664461,81.250749,0
2019-09-11,sz.002483,4.3500,4.5400,4.3100,4.4500,4.3500,22375078,99141627.0300,3.333400,1,2.298800,38.605740,1.167113,1.702724,83.118582,0
2019-09-12,sz.002483,4.4300,4.6500,4.3800,4.5600,4.4500,24587434,111574596.3300,3.663000,1,2.471900,39.560039,1.195963,1.744814,85.173199,0
2019-09-16,sz.002483,4.5600,4.6400,4.4400,4.5300,4.5600,18747727,84945268.1500,2.793000,1,-0.657900,39.299776,1.188095,1.733335,84.612849,0
2019-09-17,sz.002483,4.5000,4.5100,4.3200,4.4200,4.5300,12764421,56383533.2000,1.901600,1,-2.428300,38.345477,1.159245,1.691245,82.558232,0
2019-09-18,sz.002483,4.4000,4.5000,4.2700,4.3200,4.4200,16242122,71130881.0100,2.419800,1,-2.262400,37.477932,1.133018,1.652982,80.690399,0
2019-09-19,sz.002483,4.3200,4.3800,4.2900,4.3400,4.3200,10612921,45889588.9100,1.581100,1,0.463000,37.651441,1.138263,1.660634,81.063966,0
2019-09-20,sz.002483,4.3400,4.3700,4.2600,4.2900,4.3400,9156221,39484786.0800,1.364100,1,-1.152100,37.217669,1.125149,1.641503,80.130049,0
2019-09-23,sz.002483,4.3200,4.3200,4.1600,4.2000,4.2900,4794840,20182913.5900,0.714300,1,-2.097900,36.436878,1.101545,1.607066,78.448999,0
2019-09-24,sz.002483,4.2000,4.2200,4.1500,4.1500,4.2000,5904956,24716713.3200,0.879700,1,-1.190500,36.003106,1.088431,1.587934,77.515082,0
2019-09-25,sz.002483,4.1300,4.2500,4.1000,4.1200,4.1500,5803200,24167487.0000,0.864600,1,-0.722900,35.742843,1.080563,1.576455,76.954732,0
2019-09-26,sz.002483,4.1500,4.1700,3.9900,3.9900,4.1200,4264380,17334194.2000,0.635300,1,-3.155300,34.615034,1.046468,1.526712,74.526549,0
2019-09-27,sz.002483,3.9600,4.0900,3.9600,4.0700,3.9900,3074333,12479880.8300,0.458000,1,2.005000,35.309070,1.067449,1.557323,76.020816,0
2019-09-30,sz.002483,4.0700,4.1200,4.0400,4.0900,4.0700,1966660,8028333.4700,0.293000,1,0.491400,35.482579,1.072695,1.564976,76.394382,0
2019-10-08,sz.002483,4.1300,4.1500,4.0700,4.0800,4.0900,2817973,11581946.8400,0.419800,1,-0.244500,35.395825,1.070072,1.561149,76.207599,0
2019-10-09,sz.002483,4.0500,4.1400,4.0300,4.1400,4.0800,2596772,10651290.9200,0.386900,1,1.470600,35.916352,1.085809,1.584107,77.328299,0
2019-10-10,sz.002483,4.1400,4.1700,4.1300,4.1600,4.1400,2160660,8962415.8000,0.321900,1,0.483100,36.089860,1.091054,1.591760,77.701866,0
2019-10-11,sz.002483,4.1600,4.1800,4.0900,4.1400,4.1600,4093236,16917737.5200,0.609800,1,-0.480800,35.916352,1.085809,1.584107,77.328299,0
2019-10-14,sz.002483,4.1700,4.2100,4.1500,4.1600,4.1400,3565820,14883961.0000,0.531200,1,0.483100,36.089860,1.091054,1.591760,77.701866,0
2019-10-15,sz.002483,4.1400,4.1700,4.0800,4.0900,4.1600,2405990,9876904.3000,0.358400,1,-1.682700,35.482579,1.072695,1.564976,76.394382,0
2019-10-16,sz.002483,4.1100,4.1300,4.0000,4.0000,4.0900,3546120,14332078.6000,0.528300,1,-2.200500,34.701789,1.049090,1.530539,74.713332,0
2019-10-17,sz.002483,3.9900,4.0800,3.9900,4.0700,4.0000,2991558,12140988.7600,0.445700,1,1.750000,35.309070,1.067449,1.557323,76.020816,0
2019-10-18,sz.002483,4.0800,4.0800,3.9700,4.0000,4.0700,2682016,10750537.4000,0.399600,1,-1.719900,34.701789,1.049090,1.530539,74.713332,0
2019-10-21,sz.002483,3.9900,4.0100,3.9500,3.9700,4.0000,1824400,7261773.0000,0.271800,1,-0.750000,34.441526,1.041222,1.519060,74.152982,0
2019-10-22,sz.002483,3.9700,4.0200,3.9500,3.9900,3.9700,1757140,6993127.2000,0.261800,1,0.503800,34.615034,1.046468,1.526712,74.526549,0
2019-10-23,sz.002483,3.9900,4.0800,3.9700,4.0500,3.9900,3718080,15044060.0000,0.553900,1,1.503800,35.135561,1.062204,1.549670,75.647249,0
2019-10-24,sz.002483,4.0400,4.1500,4.0300,4.1100,4.0500,8074431,33075246.2500,1.202900,1,1.481500,35.656088,1.077940,1.572628,76.767949,0
2019-10-25,sz.002483,4.1100,4.2900,4.0200,4.2100,4.1100,12436231,51830988.8800,1.852800,1,2.433100,36.523633,1.104168,1.610892,78.635782,0
2019-10-28,sz.002483,4.1400,4.2900,4.1300,4.1800,4.2100,14207983,59546457.2100,2.116700,1,-0.712600,36.263369,1.096299,1.599413,78.075432,0
2019-10-29,sz.002483,4.1600,4.1600,4.0200,4.0400,4.1800,6970060,28469437.8000,1.038400,1,-3.349300,47.164328,1.067832,1.589959,9.468813,0
2019-10-30,sz.002483,4.0400,4.2200,3.9900,4.0800,4.0400,9192517,37628479.8800,1.369500,1,0.990100,47.631301,1.078405,1.605701,9.562563,0
2019-10-31,sz.002483,4.0700,4.1100,3.9400,3.9600,4.0800,6588036,26518671.1600,0.981500,1,-2.941200,46.230381,1.046687,1.558475,9.281311,0
2019-11-01,sz.002483,3.9500,3.9900,3.9100,3.9800,3.9600,2078496,8249471.2400,0.309700,1,0.505100,46.463868,1.051973,1.566346,9.328187,0
2019-11-04,sz.002483,3.9900,4.0400,3.9800,3.9900,3.9800,2065296,8262115.7200,0.307700,1,0.251300,46.580611,1.054616,1.570281,9.351624,0
2019-11-05,sz.002483,3.9800,4.0400,3.9600,4.0200,3.9900,3355952,13434785.3200,0.500000,1,0.751900,46.930841,1.062546,1.582088,9.421937,0
2019-11-06,sz.002483,4.0100,4.0400,3.9800,4.0000,4.0200,2201920,8822018.4800,0.328000,1,-0.497500,46.697354,1.057259,1.574217,9.375062,0
2019-11-07,sz.002483,3.9700,4.1000,3.9700,4.0700,4.0000,6888944,27982910.6400,1.026300,1,1.750000,47.514558,1.075761,1.601766,9.539126,0
2019-11-08,sz.002483,4.1000,4.1700,4.0400,4.0600,4.0700,5782800,23663303.6400,0.861500,1,-0.245700,47.397815,1.073118,1.597830,9.515688,0
2019-11-11,sz.002483,4.0600,4.1000,3.9300,3.9300,4.0600,2423800,9638158.4000,0.361100,1,-3.202000,45.880151,1.038757,1.546668,9.210998,0
2019-11-12,sz.002483,3.9300,3.9600,3.9000,3.9400,3.9300,1375532,5400647.8400,0.204900,1,0.254500,45.996894,1.041400,1.550604,9.234436,0
2019-11-13,sz.002483,3.9200,3.9400,3.8200,3.8400,3.9400,2598181,10081125.4300,0.387100,1,-2.538100,44.829460,1.014969,1.511248,9.000060,0
2019-11-14,sz.002483,3.8400,3.8800,3.8300,3.8500,3.8400,1411587,5446321.0800,0.210300,1,0.260400,44.946204,1.017612,1.515184,9.023497,0
2019-11-15,sz.002483,3.8400,3.8500,3.7700,3.7800,3.8500,1710080,6496000.8000,0.254800,1,-1.818200,44.129000,0.999110,1.487635,8.859434,0
2019-11-18,sz.002483,3.8200,3.8600,3.7800,3.8400,3.7800,1198600,4580705.6000,0.178600,1,1.587300,44.829460,1.014969,1.511248,9.000060,0
2019-11-19,sz.002483,3.8500,4.0900,3.8400,4.0100,3.8400,3841616,15274592.4400,0.572300,1,4.427100,46.814098,1.059902,1.578153,9.398500,0
2019-11-20,sz.002483,4.0100,4.0600,3.9400,4.0100,4.0100,2610028,10454745.5200,0.388800,1,0.000000,46.814098,1.059902,1.578153,9.398500,0
2019-11-21,sz.002483,4.0000,4.0400,3.9800,4.0400,4.0100,1846320,7409059.0000,0.275100,1,0.748100,47.164328,1.067832,1.589959,9.468813,0
2019-11-22,sz.002483,4.0300,4.3000,4.0100,4.1400,4.0400,17282408,71533313.3200,2.574700,1,2.475200,48.331762,1.094263,1.629315,9.703189,0
2019-11-25,sz.002483,4.1100,4.2200,4.0400,4.1600,4.1400,11707880,48529685.8500,1.744200,1,0.483100,48.565248,1.099550,1.637186,9.750065,0
2019-11-26,sz.002483,4.1500,4.2500,4.1200,4.1700,4.1600,7640320,31954764.8000,1.138300,1,0.240400,48.681992,1.102193,1.641121,9.773502,0
2019-11-27,sz.002483,4.1800,4.2500,4.0600,4.0800,4.1700,10262753,42567754.2800,1.528900,1,-2.158300,47.631301,1.078405,1.605701,9.562563,0
2019-11-28,sz.002483,4.0700,4.1200,4.0100,4.0200,4.0800,10586400,43043880.0000,1.577200,1,-1.470600,46.930841,1.062546,1.582088,9.421937,0
2019-11-29,sz.002483,4.0400,4.0800,3.9700,4.0500,4.0200,8442500,34047824.2000,1.257800,1,0.746300,47.281071,1.070475,1.593895,9.492250,0
2019-12-02,sz.002483,4.0600,4.0800,3.9700,3.9700,4.0500,4538120,18229454.8000,0.676100,1,-1.975300,46.347124,1.049330,1.562410,9.304749,0
2019-12-03,sz.002483,3.9700,3.9800,3.9200,3.9700,3.9700,3177900,12568773.0000,0.473400,1,0.000000,46.347124,1.049330,1.562410,9.304749,0
2019-12-04,sz.002483,3.9700,4.0600,3.9700,4.0400,3.9700,5279740,21257267.8000,0.786600,1,1.763200,47.164328,1.067832,1.589959,9.468813,0
2019-12-05,sz.002483,4.0500,4.0700,4.0000,4.0300,4.0400,4935040,19850489.8000,0.735200,1,-0.247500,47.047584,1.065189,1.586024,9.445375,0
2019-12-06,sz.002483,4.0200,4.0700,4.0100,4.0500,4.0300,3223173,13009574.8600,0.480200,1,0.496300,47.281071,1.070475,1.593895,9.492250,0
2019-12-09,sz.002483,4.0700,4.2100,4.0300,4.1200,4.0500,7868268,32432528.8600,1.172200,1,1.728400,48.098275,1.088977,1.621444,9.656314,0
2019-12-10,sz.002483,4.1200,4.1200,4.1200,4.1200,4.1200,0,0.0000,,0,0.000000,48.098275,1.088977,1.621444,9.656314,0
2019-12-11,sz.002483,4.1400,4.1600,4.0800,4.1200,4.1200,4482121,18456356.4600,0.667700,1,0.000000,48.098275,1.088977,1.621444,9.656314,0
2019-12-12,sz.002483,4.1000,4.1000,4.0200,4.0400,4.1200,3385036,13707291.5900,0.504300,1,-1.941700,47.164328,1.067832,1.589959,9.468813,0
2019-12-13,sz.002483,4.0600,4.0800,4.0400,4.0600,4.0400,2154876,8748126.8000,0.321000,1,0.495000,47.397815,1.073118,1.597830,9.515688,0
2019-12-16,sz.002483,4.0700,4.1600,4.0500,4.1500,4.0600,5162824,21313763.2100,0.769200,1,2.216800,48.448505,1.096907,1.633250,9.726627,0
2019-12-17,sz.002483,4.1500,4.2500,4.1100,4.1800,4.1500,5728553,23981212.0500,0.853400,1,0.722900,48.798735,1.104836,1.645057,9.796940,0
2019-12-18,sz.002483,4.1800,4.2300,4.1700,4.2000,4.1800,4497060,18890237.0000,0.670000,1,0.478500,49.032222,1.110122,1.652928,9.843815,0
2019-12-19,sz.002483,4.2200,4.2400,4.1900,4.2000,4.2000,3885980,16343765.7500,0.578900,1,0.000000,49.032222,1.110122,1.652928,9.843815,0
2019-12-20,sz.002483,4.2000,4.2800,4.1900,4.2200,4.2000,5680620,24045159.9700,0.846300,1,0.476200,49.265709,1.115409,1.660799,9.890690,0
2019-12-23,sz.002483,4.2200,4.2300,4.1100,4.1200,4.2200,3980322,16613902.8500,0.593000,1,-2.369700,48.098275,1.088977,1.621444,9.656314,0
2019-12-24,sz.002483,4.1000,4.1900,4.1000,4.1900,4.1200,2673388,11110572.8800,0.398300,1,1.699000,48.915479,1.107479,1.648992,9.820378,0
2019-12-25,sz.002483,4.1800,4.2100,4.1600,4.1800,4.1900,3037238,12720542.6600,0.452500,1,-0.238700,48.798735,1.104836,1.645057,9.796940,0
2019-12-26,sz.002483,4.2000,4.2300,4.1500,4.2300,4.1800,5976403,25139618.8900,0.890400,1,1.196200,49.382452,1.118052,1.664734,9.914128,0
2019-12-27,sz.002483,4.2400,4.2500,4.1700,4.1800,4.2300,4516660,19019898.8000,0.672900,1,-1.182000,48.798735,1.104836,1.645057,9.796940,0
2019-12-30,sz.002483,4.1700,4.2300,4.1100,4.2000,4.1800,3987653,16662974.3900,0.594100,1,0.478500,49.032222,1.110122,1.652928,9.843815,0
2019-12-31,sz.002483,4.1900,4.2600,4.1800,4.2400,4.2000,4109820,17321035.6000,0.612300,1,0.952400,49.499196,1.120695,1.668670,9.937566,0
2020-01-02,sz.002483,4.2700,4.3000,4.2300,4.2700,4.2400,7001571,29875174.3700,1.043100,1,0.707600,49.849426,1.128624,1.680477,10.007879,0
2020-01-03,sz.002483,4.2500,4.3800,4.2200,4.3600,4.2700,9727170,41862930.0300,1.449200,1,2.107700,50.900116,1.152413,1.715897,10.218818,0
2020-01-06,sz.002483,4.3300,4.4000,4.2600,4.3000,4.3600,9236001,40007471.1300,1.376000,1,-1.376100,50.199656,1.136554,1.692283,10.078192,0
2020-01-07,sz.002483,4.3000,4.3600,4.2700,4.3500,4.3000,4780332,20725154.0600,0.712200,1,1.162800,50.783373,1.149770,1.711961,10.195380,0
2020-01-08,sz.002483,4.3400,4.4200,4.2900,4.3200,4.3500,7279596,31685093.4000,1.084500,1,-0.689600,50.433143,1.141840,1.700154,10.125067,0
2020-01-09,sz.002483,4.3500,4.3700,4.2800,4.3100,4.3200,7571256,32682187.6800,1.128000,1,-0.231500,50.316399,1.139197,1.696219,10.101629,0
2020-01-10,sz.002483,4.3100,4.3100,4.1600,4.2400,4.3100,8882432,37623140.4400,1.323300,1,-1.624100,49.499196,1.120695,1.668670,9.937566,0
2020-01-13,sz.002483,4.2200,4.2300,4.1500,4.1800,4.2400,6927489,28904248.0400,1.032100,1,-1.415100,48.798735,1.104836,1.645057,9.796940,0
2020-01-14,sz.002483,4.2000,4.2200,4.1600,4.1700,4.1800,4277555,17909612.4500,0.637300,1,-0.239200,48.681992,1.102193,1.641121,9.773502,0
2020-01-15,sz.002483,4.1900,4.1900,4.1100,4.1300,4.1700,4150271,17172705.1800,0.618300,1,-0.959200,48.215018,1.091620,1.625379,9.679752,0
2020-01-16,sz.002483,4.1500,4.1700,4.1100,4.1400,4.1300,3349360,13866874.4000,0.499000,1,0.242100,48.331762,1.094263,1.629315,9.703189,0
2020-01-17,sz.002483,4.3600,4.4100,4.2200,4.2300,4.1400,19814312,85302625.6300,2.951900,1,2.173900,49.382452,1.118052,1.664734,9.914128,0
2020-01-20,sz.002483,4.2000,4.4200,4.1600,4.4000,4.2300,17098093,73593054.9100,2.547300,1,4.018900,51.367090,1.162985,1.731639,10.312568,0
2020-01-21,sz.002483,4.3600,4.4400,4.3500,4.4200,4.4000,12745956,56094274.8000,1.898900,1,0.454500,51.600577,1.168272,1.739510,10.359444,0
2020-01-22,sz.002483,4.4200,4.5000,4.3300,4.4900,4.4200,12604864,55814118.1200,1.877900,1,1.583700,52.417780,1.186774,1.767059,10.523507,0
2020-01-23,sz.002483,4.4500,4.5200,4.1900,4.2500,4.4900,15205993,66220303.8900,2.265400,1,-5.345200,49.615939,1.123338,1.672606,9.961003,0
2020-02-03,sz.002483,3.8300,3.9100,3.8300,3.8300,4.2500,9756440,37448002.4000,1.453500,1,-9.882400,44.712717,1.012326,1.507313,8.976622,0
2020-02-04,sz.002483,3.7100,3.8800,3.7100,3.8500,3.8300,12374651,47332188.5700,1.843600,1,0.522200,44.946204,1.017612,1.515184,9.023497,0
2020-02-05,sz.002483,3.8700,4.2400,3.8500,4.2400,3.8500,14350049,57960312.6200,2.137900,1,10.129900,49.499196,1.120695,1.668670,9.937566,0
2020-02-06,sz.002483,4.6600,4.6600,4.4300,4.6600,4.2400,30043026,137553551.6400,4.475800,1,9.905700,54.402418,1.231707,1.833963,10.921947,0
2020-02-07,sz.002483,5.1300,5.1300,5.1300,5.1300,4.6600,9468776,48574820.8800,1.410700,1,10.085800,59.889357,1.355935,2.018933,12.023517,0
2020-02-10,sz.002483,5.6400,5.6400,5.1300,5.6400,5.1300,99119330,543086134.9600,14.766800,1,9.941500,65.843270,1.490736,2.219646,13.218838,0
2020-02-11,sz.002483,5.4400,5.4900,5.0800,5.0900,5.6400,82230907,428014546.4800,12.250800,1,-9.751800,59.422383,1.345363,2.003191,11.929766,0
2020-02-12,sz.002483,5.0000,5.2900,5.0000,5.2200,5.0900,56778236,293587585.8600,8.458800,1,2.554000,60.940047,1.379723,2.054353,12.234456,0
2020-02-13,sz.002483,5.1100,5.7400,4.8800,5.7400,5.2200,98481332,531498704.8100,14.671800,1,9.961700,67.010703,1.517167,2.259001,13.453214,0
2020-02-14,sz.002483,6.1000,6.3100,5.8600,6.3100,5.7400,128816079,797549824.4800,19.191000,1,9.930300,73.665076,1.667827,2.483327,14.789160,0
2020-02-17,sz.002483,6.3800,6.9400,6.3700,6.9400,6.3100,45388516,305389907.1800,6.762000,1,9.984200,81.019910,1.834345,2.731267,16.265733,0
2020-02-18,sz.002483,7.4000,7.6300,6.3000,6.4500,6.9400,141709832,956031931.1100,21.112000,1,-7.060500,75.299484,1.704831,2.538425,15.117288,0
2020-02-19,sz.002483,5.9500,6.0500,5.8100,5.8100,6.4500,95102749,558859627.2600,14.168400,1,-9.922500,67.827907,1.535669,2.286550,13.617278,0
2020-02-20,sz.002483,5.6500,5.8300,5.5000,5.6500,5.8100,55963945,316079015.7600,8.337500,1,-2.753900,65.960013,1.493379,2.223582,13.242275,0
2020-02-21,sz.002483,5.6400,5.7600,5.5100,5.7000,5.6500,47798278,269175969.4400,7.121000,1,0.885000,66.543730,1.506595,2.243259,13.359463,0
2020-02-24,sz.002483,5.8400,6.2700,5.7100,6.2700,5.7000,73007467,444151486.4400,10.876700,1,10.000000,73.198103,1.657254,2.467585,14.695410,0
2020-02-25,sz.002483,6.4400,6.9000,6.3100,6.9000,6.2700,121256599,811507959.9700,18.064800,1,10.047800,80.552936,1.823772,2.715524,16.171982,0
2020-02-26,sz.002483,6.7000,6.9000,6.3100,6.3500,6.9000,77170416,506917077.6700,11.496900,1,-7.971000,74.132050,1.678399,2.499070,14.882911,0
2020-02-27,sz.002483,6.4300,6.8600,6.4300,6.6300,6.3500,73465773,486321413.7100,10.944900,1,4.409500,77.400865,1.752407,2.609265,15.539165,0
2020-02-28,sz.002483,6.1500,6.4500,5.9700,5.9700,6.6300,59014232,363865617.2700,8.792000,1,-9.954800,69.695801,1.577960,2.349519,13.992280,0
2020-03-02,sz.002483,5.9500,6.4700,5.9200,6.1600,5.9700,48832103,305039600.2700,7.275000,1,3.182600,29.363419,1.628179,1.791662,14.437596,0
2020-03-03,sz.002483,6.2500,6.6500,5.9800,6.6100,6.1600,73717148,468660659.9600,10.982400,1,7.305200,31.508474,1.747121,1.922547,15.492290,0
2020-03-04,sz.002483,6.5000,6.7400,6.3600,6.4500,6.6100,52153923,339657117.1800,7.769900,1,-2.420600,30.745787,1.704831,1.876010,15.117288,0
2020-03-05,sz.002483,6.5100,6.5200,6.2200,6.2600,6.4500,41152868,258993268.3600,6.131000,1,-2.945700,29.840098,1.654611,1.820748,14.671972,0
2020-03-06,sz.002483,6.1100,6.3900,6.0100,6.1600,6.2600,30742551,191183268.3900,4.580000,1,-1.597500,29.363419,1.628179,1.791662,14.437596,0
2020-03-09,sz.002483,6.0300,6.1000,5.6400,5.7200,6.1600,36224522,212305012.3100,5.396700,1,-7.142900,27.266032,1.511881,1.663686,13.406339,0
2020-03-10,sz.002483,5.4500,5.8000,5.2500,5.7000,5.7200,27494872,152806926.9700,4.096200,1,-0.349700,27.170696,1.506595,1.657869,13.359463,0
2020-03-11,sz.002483,5.8000,6.2700,5.7200,6.1500,5.7000,65006887,397981032.8600,9.684700,1,7.894700,29.315751,1.625536,1.788754,14.414158,0
2020-03-12,sz.002483,6.1400,6.6900,6.0300,6.3600,6.1500,81909380,522243168.6100,12.202900,1,3.414600,30.316776,1.681042,1.849833,14.906349,0
2020-03-13,sz.002483,5.7300,6.1800,5.7300,5.9500,6.3600,48433153,289957964.7700,7.215600,1,-6.446500,28.362393,1.572673,1.730583,13.945405,0
2020-03-16,sz.002483,6.1700,6.1700,5.4000,5.4100,5.9500,37948361,218552673.8600,5.653600,1,-9.075600,25.788327,1.429943,1.573521,12.679771,0
2020-03-17,sz.002483,5.4300,5.5600,5.0600,5.2500,5.4100,26602899,139823014.6300,3.963300,1,-2.957500,25.025641,1.387653,1.526985,12.304769,0
2020-03-18,sz.002483,5.3400,5.3400,5.0700,5.0800,5.2500,21983120,114482214.4000,3.275200,1,-3.238100,24.215287,1.342719,1.477540,11.906329,0
2020-03-19,sz.002483,5.0800,5.0900,4.7900,5.0000,5.0800,24264869,119776171.5400,3.615000,1,-1.574800,23.833944,1.321574,1.454271,11.718828,0
2020-03-20,sz.002483,5.0600,5.0800,4.8600,5.0000,5.0000,19151438,95196230.3200,2.853200,1,0.000000,23.833944,1.321574,1.454271,11.718828,0
2020-03-23,sz.002483,4.8600,5.0200,4.6500,4.7200,5.0000,19153036,92553249.3600,2.853400,1,-5.600000,22.499243,1.247566,1.372832,11.062573,0
2020-03-24,sz.002483,4.7900,4.9000,4.6700,4.8200,4.7200,17250424,82581430.1500,2.570000,1,2.118700,22.975922,1.273997,1.401917,11.296950,0
2020-03-25,sz.002483,4.9400,5.3000,4.8300,5.3000,4.8200,32663140,165100728.7600,4.866200,1,9.958500,25.263980,1.400869,1.541528,12.421957,0
2020-03-26,sz.002483,5.2000,5.2300,5.0600,5.1300,5.3000,25294640,129791373.8000,3.768400,1,-3.207500,34.266419,1.900047,2.090828,16.848334,0
2020-03-27,sz.002483,5.1500,5.1700,5.0100,5.0600,5.1300,14936585,75722972.4500,2.225300,1,-1.364500,33.798846,1.874120,2.062298,16.618435,0
2020-03-30,sz.002483,5.0000,5.0000,4.7300,4.7800,5.0600,14278288,68932556.5200,2.127200,1,-5.533600,31.928554,1.770414,1.948179,15.698838,0
2020-03-31,sz.002483,4.8600,4.9000,4.7800,4.7900,4.7800,9750468,47122785.0000,1.452600,1,0.209200,31.995350,1.774118,1.952254,15.731681,0
2020-04-01,sz.002483,4.7500,4.8700,4.7100,4.7500,4.7900,9180260,44069021.2000,1.367700,1,-0.835100,31.728166,1.759303,1.935951,15.600310,0
2020-04-02,sz.002483,4.7800,4.9400,4.7500,4.9400,4.7500,15264430,74488891.5200,2.274100,1,4.000000,32.997292,1.829675,2.013390,16.224322,0
2020-04-03,sz.002483,4.9000,4.9400,4.8100,4.8400,4.9400,11632002,56643658.6000,1.732900,1,-2.024300,32.329331,1.792637,1.972633,15.895894,0
2020-04-07,sz.002483,4.9000,5.0700,4.8900,5.0200,4.8400,18331306,91337191.9400,2.731000,1,3.719000,33.531661,1.859305,2.045995,16.487064,0
2020-04-08,sz.002483,5.0000,5.1200,4.9600,5.0600,5.0200,14629193,74048824.3700,2.179500,1,0.796800,33.798846,1.874120,2.062298,16.618435,0
2020-04-09,sz.002483,5.0700,5.1400,5.0200,5.0900,5.0600,13343802,67845984.1000,1.988000,1,0.592900,33.999234,1.885232,2.074525,16.716963,0
2020-04-10,sz.002483,5.0900,5.1000,4.8600,4.9000,5.0900,13413640,66348605.9900,1.998400,1,-3.732800,32.730108,1.814860,1.997087,16.092951,0
2020-04-13,sz.002483,4.9100,5.1400,4.7300,5.0000,4.9000,20360312,101074847.2400,3.033300,1,2.040800,33.398069,1.851898,2.037844,16.421379,0
2020-04-14,sz.002483,5.0700,5.0800,4.8800,4.9900,5.0000,13654607,67813613.7700,2.034300,1,-0.200000,33.331273,1.848194,2.033768,16.388536,0
2020-04-15,sz.002483,4.8900,4.9500,4.7900,4.7900,4.9900,15160054,73355457.6200,2.258500,1,-4.008000,31.995350,1.774118,1.952254,15.731681,0
2020-04-16,sz.002483,4.7600,4.8300,4.7300,4.8100,4.7900,9129292,43598566.4000,1.360100,1,0.417500,32.128942,1.781526,1.960406,15.797366,0
2020-04-17,sz.002483,4.8300,4.8900,4.7400,4.7700,4.8100,9999220,48014102.2000,1.489700,1,-0.831600,31.861758,1.766710,1.944103,15.665995,0
2020-04-20,sz.002483,4.7400,4.8200,4.7300,4.7800,4.7700,6051781,28921735.7700,0.901600,1,0.209600,31.928554,1.770414,1.948179,15.698838,0
2020-04-21,sz.002483,4.7500,4.7600,4.6500,4.7300,4.7800,9733776,45703478.6000,1.450100,1,-1.046000,31.594573,1.751895,1.927800,15.534624,0
2020-04-22,sz.002483,4.7100,4.7600,4.6500,4.7400,4.7300,6823836,32181276.6000,1.016600,1,0.211400,31.661369,1.755599,1.931876,15.567467,0
2020-04-23,sz.002483,4.7600,4.9800,4.7200,4.8900,4.7400,21749220,106075578.0000,3.240200,1,3.164600,32.663311,1.811156,1.993011,16.060108,0
2020-04-24,sz.002483,4.8300,4.8700,4.6600,4.7200,4.8900,15354818,72901320.0000,2.287600,1,-3.476500,31.527777,1.748191,1.923724,15.501781,0
2020-04-27,sz.002483,4.7500,4.7500,4.5000,4.5300,4.7200,11657240,53778423.6900,1.736700,1,-4.025400,30.258651,1.677819,1.846286,14.877769,0
2020-04-28,sz.002483,4.5700,4.7500,4.5500,4.6500,4.5300,12922281,59982955.0300,1.925300,1,2.649000,31.232850,1.670912,1.893791,26.402320,0
2020-04-29,sz.002483,4.6000,4.6500,4.5200,4.5200,4.6500,8784080,40125861.2000,1.308700,1,-2.795700,33.594661,1.189870,1.725718,32.730127,0
2020-04-30,sz.002483,4.5400,4.6200,4.5400,4.6000,4.5200,8067521,36999790.7900,1.202000,1,1.769900,34.189257,1.210930,1.756261,33.309421,0
2020-05-06,sz.002483,4.5700,4.6900,4.5700,4.6800,4.6000,9399540,43653889.8000,1.400400,1,1.739100,34.783852,1.231989,1.786805,33.888716,0
2020-05-07,sz.002483,4.7100,4.7500,4.6500,4.7100,4.6800,9605112,45165557.1600,1.431000,1,0.641000,35.006826,1.239887,1.798259,34.105951,0
2020-05-08,sz.002483,4.7100,4.7900,4.6900,4.7600,4.7100,9811732,46670861.9200,1.461800,1,1.061600,35.378448,1.253049,1.817349,34.468010,0
2020-05-11,sz.002483,4.7700,4.7800,4.6500,4.7000,4.7600,8484220,39892863.6000,1.264000,1,-1.260500,34.932501,1.237254,1.794441,34.033539,0
2020-05-12,sz.002483,4.6900,4.7200,4.5600,4.6900,4.7000,9842760,45688576.6000,1.466400,1,-0.212800,34.858177,1.234622,1.790623,33.961127,0
2020-05-13,sz.002483,4.7600,5.1400,4.7500,5.0000,4.6900,31564932,155641042.7600,4.702800,1,6.609800,37.162236,1.316228,1.908980,36.205893,0
2020-05-14,sz.002483,4.9400,4.9800,4.8500,4.8500,5.0000,15053888,73670995.1600,2.242800,1,-3.000000,36.047368,1.276741,1.851710,35.119716,0
2020-05-15,sz.002483,4.8700,4.9100,4.7300,4.7600,4.8500,12015444,57672891.5600,1.790100,1,-1.855700,35.378448,1.253049,1.817349,34.468010,0
2020-05-18,sz.002483,4.7300,4.7600,4.6600,4.6800,4.7600,7598420,35737555.8000,1.132100,1,-1.680700,34.783852,1.231989,1.786805,33.888716,0
2020-05-19,sz.002483,4.7200,4.7600,4.6400,4.7300,4.6800,6760859,31769140.4900,1.007300,1,1.068400,35.155475,1.245152,1.805895,34.250775,0
2020-05-20,sz.002483,4.7200,4.7200,4.6200,4.6300,4.7300,7063800,32912189.0000,1.052400,1,-2.114200,34.412230,1.218827,1.767715,33.526657,0
2020-05-21,sz.002483,4.6500,4.6600,4.5800,4.5900,4.6300,5627420,25878692.6000,0.838400,1,-0.863900,34.114932,1.208297,1.752444,33.237010,0
2020-05-22,sz.002483,4.5900,4.6100,4.5100,4.5200,4.5900,5820030,26471908.2000,0.867100,1,-1.525100,33.594661,1.189870,1.725718,32.730127,0
2020-05-25,sz.002483,4.5100,4.5800,4.5000,4.5100,4.5200,3307840,14949810.0000,0.492800,1,-0.221200,33.520336,1.187238,1.721900,32.657715,0
2020-05-26,sz.002483,4.5100,4.5700,4.5000,4.5400,4.5100,4121440,18727525.8000,0.614000,1,0.665200,33.743310,1.195135,1.733354,32.874951,0
2020-05-27,sz.002483,4.5600,4.5600,4.3800,4.4000,4.5400,8763540,38981907.0100,1.305700,1,-3.083700,32.702767,1.158281,1.679902,31.861186,0
2020-05-28,sz.002483,4.4000,4.4400,4.2600,4.4300,4.4000,10270660,44657422.5200,1.530200,1,0.681800,32.925741,1.166178,1.691356,32.078421,0
2020-05-29,sz.002483,4.4400,4.5000,4.4000,4.4600,4.4300,7247843,32359980.8600,1.079800,1,0.677200,33.148714,1.174075,1.702810,32.295656,0
2020-06-01,sz.002483,4.4600,4.5200,4.4300,4.5200,4.4600,8657938,38788874.4000,1.289900,1,1.345300,33.594661,1.189870,1.725718,32.730127,0
2020-06-02,sz.002483,4.5100,4.5200,4.4700,4.4900,4.5200,7769540,34859174.3800,1.157600,1,-0.663700,33.371688,1.181973,1.714264,32.512892,0
2020-06-03,sz.002483,4.5000,4.5900,4.4800,4.5000,4.4900,8265220,37452897.6000,1.231400,1,0.222700,33.446012,1.184605,1.718082,32.585303,0
2020-06-04,sz.002483,4.5300,4.5400,4.4700,4.4800,4.5000,5363024,24099373.5200,0.799000,1,-0.444400,33.297363,1.179340,1.710446,32.440480,0
2020-06-05,sz.002483,4.4800,4.4900,4.3500,4.3800,4.4800,8307321,36498211.0500,1.237700,1,-2.232100,32.554118,1.153016,1.672266,31.716362,0
2020-06-08,sz.002483,4.3700,4.3900,4.3300,4.3600,4.3800,5489346,23898521.7800,0.817800,1,-0.456600,32.405469,1.147751,1.664630,31.571538,0
2020-06-09,sz.002483,4.3800,4.4800,4.3600,4.4200,4.3600,6845662,30358741.8600,1.019900,1,1.376100,32.851416,1.163546,1.687538,32.006009,0
2020-06-10,sz.002483,4.4000,4.5400,4.3600,4.5200,4.4200,12020878,53932298.1200,1.791000,1,2.262400,33.594661,1.189870,1.725718,32.730127,0
2020-06-11,sz.002483,4.4800,4.5100,4.4400,4.4600,4.5200,7096686,31696300.0200,1.057300,1,-1.327400,33.148714,1.174075,1.702810,32.295656,0
2020-06-12,sz.002483,4.4000,4.5200,4.3300,4.5000,4.4600,8328140,36933198.2000,1.240800,1,0.896900,33.446012,1.184605,1.718082,32.585303,0
2020-06-15,sz.002483,4.4900,4.6400,4.4700,4.4800,4.4500,11818161,53319303.2700,1.760800,1,0.674200,33.297363,1.179340,1.710446,32.440480,0
2020-06-16,sz.002483,4.5000,4.5700,4.4600,4.5600,4.4800,11218320,50620459.8000,1.671400,1,1.785700,33.891959,1.200400,1.740990,33.019774,0
2020-06-17,sz.002483,4.5600,4.6300,4.5200,4.6100,4.5600,12354030,56500455.4000,1.840600,1,1.096500,34.263581,1.213562,1.760079,33.381833,0
2020-06-18,sz.002483,4.5900,4.6200,4.5000,4.5200,4.6100,9134493,41485719.2300,1.360900,1,-1.952300,33.594661,1.189870,1.725718,32.730127,0
2020-06-19,sz.002483,4.5000,4.5300,4.4600,4.4700,4.5200,6996430,31476838.3000,1.042400,1,-1.106200,33.223039,1.176708,1.706628,32.368068,0
2020-06-22,sz.002483,4.4600,4.5500,4.4600,4.5000,4.4700,6675970,30140963.9000,0.994600,1,0.671100,33.446012,1.184605,1.718082,32.585303,0
2020-06-23,sz.002483,4.5000,4.5200,4.4300,4.4600,4.5000,5454740,24317137.0000,0.812700,1,-0.888900,33.148714,1.174075,1.702810,32.295656,0
2020-06-24,sz.002483,4.4500,4.4700,4.3500,4.3700,4.4600,6742500,29624144.2800,1.004500,1,-2.017900,32.479794,1.150383,1.668448,31.643950,0
2020-06-29,sz.002483,4.3500,4.4500,4.3500,4.4100,4.3700,4868420,21483728.2000,0.725300,1,0.915300,32.777092,1.160913,1.683720,31.933597,0
2020-06-30,sz.002483,4.4100,4.4500,4.3900,4.4500,4.4100,5741240,25400336.0000,0.855400,1,0.907000,33.074390,1.171443,1.698992,32.223245,0
2020-07-01,sz.002483,4.4500,4.5500,4.3900,4.5300,4.4500,10690318,47891763.1400,1.592700,1,1.797800,33.668985,1.192503,1.729536,32.802539,0
2020-07-02,sz.002483,4.5200,4.6300,4.4900,4.5900,4.5300,13826944,63195995.9400,2.060000,1,1.324500,34.114932,1.208297,1.752444,33.237010,0
2020-07-03,sz.002483,4.5900,4.6400,4.5700,4.6300,4.5900,10554814,48598313.7800,1.572500,1,0.871500,34.412230,1.218827,1.767715,33.526657,0
2020-07-06,sz.002483,4.6300,4.8200,4.6000,4.7900,4.6300,17746226,84265409.0000,2.644000,1,3.455700,35.601422,1.260946,1.828803,34.685245,0
2020-07-07,sz.002483,4.8300,4.9000,4.6900,4.8000,4.7900,22257791,106955038.3900,3.316100,1,0.208800,35.675746,1.263579,1.832621,34.757657,0
2020-07-08,sz.002483,4.7500,5.0700,4.7300,5.0000,4.8000,25178460,124298190.2800,3.751300,1,4.166700,37.162236,1.316228,1.908980,36.205893,0
2020-07-09,sz.002483,5.0000,5.2700,4.9600,5.2000,5.0000,23016026,116987277.9000,3.429100,1,4.000000,38.648725,1.368877,1.985339,37.654128,0
2020-07-10,sz.002483,5.1800,5.2100,4.9700,4.9800,5.2000,21260204,107794474.8800,3.167500,1,-4.230800,37.013587,1.310963,1.901344,36.061069,0
2020-07-13,sz.002483,4.9700,5.1000,4.9600,5.0700,4.9800,13564462,68448144.0400,2.020900,1,1.807200,37.682507,1.334655,1.935706,36.712775,0
2020-07-14,sz.002483,5.0700,5.1700,5.0200,5.1200,5.0700,16320714,83200729.0800,2.431600,1,0.986200,38.054129,1.347817,1.954795,37.074834,0
2020-07-15,sz.002483,5.2300,5.3400,5.0600,5.1700,5.1200,26145089,136266898.4300,3.895300,1,0.976600,38.425752,1.360980,1.973885,37.436893,0
2020-07-16,sz.002483,5.1700,5.3000,5.0300,5.0600,5.1700,24812513,128964945.5600,3.696700,1,-2.127700,37.608182,1.332023,1.931888,36.640363,0
2020-07-17,sz.002483,5.0900,5.3400,5.0600,5.2000,5.0600,24105769,125456869.2800,3.591400,1,2.766800,38.648725,1.368877,1.985339,37.654128,0
2020-07-20,sz.002483,5.2500,5.4500,5.1200,5.4400,5.2000,32618078,173831379.0600,4.859700,1,4.615400,40.432512,1.432056,2.076970,39.392011,0
2020-07-21,sz.002483,5.3900,5.3900,5.2000,5.2800,5.4400,24432711,128930538.8500,3.640200,1,-2.941200,39.243321,1.389937,2.015883,38.233423,0
2020-07-22,sz.002483,5.2100,5.2700,5.1300,5.1400,5.2800,15024892,78200091.2600,2.238500,1,-2.651500,38.202778,1.353082,1.962431,37.219658,0
2020-07-23,sz.002483,5.0900,5.1200,4.9300,5.0200,5.1400,17419170,87422993.1000,2.595200,1,-2.334600,37.310884,1.321493,1.916616,36.350716,0
2020-07-24,sz.002483,5.0300,5.1100,4.8000,4.8200,5.0200,14428440,71384667.9000,2.149600,1,-3.984100,35.824395,1.268844,1.840257,34.902481,0
2020-07-27,sz.002483,4.8600,4.8900,4.8000,4.8800,4.8200,7013004,33932033.3600,1.044800,1,1.244800,36.270342,1.284638,1.863164,35.336951,0
2020-07-28,sz.002483,4.9000,4.9700,4.8800,4.9200,4.8800,6447408,31798210.0000,0.960600,1,0.819700,36.567640,1.295168,1.878436,35.626598,0
2020-07-29,sz.002483,4.8900,5.0500,4.8500,5.0400,4.9200,8533032,42567516.7600,1.271300,1,2.439000,37.459533,1.326758,1.924252,36.495540,0
2020-07-30,sz.002483,5.0400,5.1000,5.0000,5.0600,5.0400,9003742,45436868.2000,1.341400,1,0.396800,37.608182,1.332023,1.931888,36.640363,0
2020-07-31,sz.002483,5.0300,5.1300,5.0100,5.0800,5.0600,8243266,41738796.5200,1.228100,1,0.395300,37.756831,1.337288,1.939524,36.785187,0
2020-08-03,sz.002483,5.1500,5.5900,5.1200,5.5900,5.0800,41810713,231158518.7000,6.229200,1,10.039400,41.547379,1.471543,2.134240,40.478188,0
2020-08-04,sz.002483,5.6800,5.9500,5.6300,5.6700,5.5900,61447421,353759155.8800,9.154900,1,1.431100,42.141975,1.492603,2.164783,41.057482,0
2020-08-05,sz.002483,5.5900,5.7100,5.5000,5.5800,5.6700,28783382,161580418.7000,4.288300,1,-1.587300,41.473055,1.468910,2.130422,40.405776,0
2020-08-06,sz.002483,5.6000,5.8000,5.5400,5.6100,5.5800,24268468,137079185.2800,3.615700,1,0.537600,41.696028,1.476808,2.141875,40.623012,0
2020-08-07,sz.002483,5.5300,5.8100,5.4500,5.7600,5.6100,29872709,168422527.6600,4.450600,1,2.673800,42.810895,1.516295,2.199145,41.709188,0
2020-08-10,sz.002483,5.7000,5.7000,5.5000,5.5200,5.7600,23360592,130656075.6200,3.480400,1,-4.166700,41.027108,1.453116,2.107514,39.971306,0
2020-08-11,sz.002483,5.5600,5.7200,5.5000,5.5400,5.5200,17794882,99491529.8400,2.651200,1,0.362300,41.175757,1.458381,2.115150,40.116129,0
2020-08-12,sz.002483,5.5000,5.5000,5.2700,5.4000,5.5400,16559360,88770480.6800,2.467100,1,-2.527100,40.135214,1.421526,2.061698,39.102364,0
2020-08-13,sz.002483,5.3800,5.5200,5.3800,5.4400,5.4000,11493860,62760657.5600,1.712400,1,0.740700,40.432512,1.432056,2.076970,39.392011,0
2020-08-14,sz.002483,5.4500,5.4900,5.3100,5.4400,5.4400,8648464,46520557.2400,1.288500,1,0.000000,40.432512,1.432056,2.076970,39.392011,0
2020-08-17,sz.002483,5.4500,5.5500,5.4000,5.5500,5.4400,9332860,51323928.5800,1.390500,1,2.022100,41.250081,1.461013,2.118968,40.188541,0
2020-08-18,sz.002483,5.5600,5.8800,5.5600,5.6500,5.5500,16026744,91555063.1200,2.387800,1,1.801800,41.993326,1.487338,2.157147,40.912659,0
2020-08-19,sz.002483,5.6300,5.7000,5.4200,5.4700,5.6500,11446770,63521401.8000,1.705400,1,-3.185800,40.655486,1.439953,2.088424,39.609247,0
2020-08-20,sz.002483,5.4200,5.4800,5.3500,5.3800,5.4700,7502957,40573948.9200,1.117800,1,-1.645300,39.986565,1.416261,2.054062,38.957541,0
2020-08-21,sz.002483,5.4300,5.5000,5.3900,5.4400,5.3800,6551502,35617070.2200,0.976100,1,1.115200,40.432512,1.432056,2.076970,39.392011,0
2020-08-24,sz.002483,5.4600,5.5900,5.3000,5.5600,5.4400,10515068,57635679.4400,1.566600,1,2.205900,41.324406,1.463645,2.122786,40.260953,0
2020-08-25,sz.002483,5.5100,5.6400,5.4900,5.5500,5.5600,10163920,56364293.6000,1.514300,1,-0.179900,31.046672,1.388524,1.650951,20.089295,0
2020-08-26,sz.002483,5.5700,5.8000,5.5500,5.7500,5.5500,31042770,177524039.4600,4.625000,1,3.603600,32.165471,1.438561,1.710445,20.813233,0
2020-08-27,sz.002483,5.8000,5.8400,5.5400,5.6900,5.7500,19791781,111638866.9700,2.948700,1,-1.043500,31.829831,1.423550,1.692597,20.596051,0
2020-08-28,sz.002483,5.6800,5.8400,5.6500,5.7700,5.6900,16797417,96447132.0900,2.502600,1,1.406000,32.277351,1.443565,1.716394,20.885627,0
2020-08-31,sz.002483,5.8800,5.8800,5.5800,5.5800,5.7700,18136080,102810392.5000,2.702000,1,-3.292900,31.214492,1.396030,1.659875,20.197885,0
2020-09-01,sz.002483,5.5500,5.5500,5.4300,5.4900,5.5800,12230832,66967294.0800,1.822200,1,-1.612900,30.711032,1.373513,1.633103,19.872113,0
2020-09-02,sz.002483,5.4900,5.7000,5.4400,5.6800,5.4900,15351296,85717048.9700,2.287100,1,3.460800,31.773891,1.421048,1.689622,20.559855,0
2020-09-03,sz.002483,5.6500,5.7500,5.6100,5.6300,5.6800,12186458,69028164.6100,1.815600,1,-0.880300,31.494192,1.408539,1.674749,20.378870,0
2020-09-04,sz.002483,5.5700,5.6600,5.4800,5.6300,5.6300,8237147,45731433.6600,1.227200,1,0.000000,31.494192,1.408539,1.674749,20.378870,0
2020-09-07,sz.002483,5.6000,5.6900,5.5000,5.5300,5.6300,10473900,58388399.4000,1.560500,1,-1.776200,30.934792,1.383521,1.645002,20.016901,0
2020-09-08,sz.002483,5.5300,5.7500,5.4800,5.7500,5.5300,14224240,80320448.7300,2.119200,1,3.978300,32.165471,1.438561,1.710445,20.813233,0
2020-09-09,sz.002483,5.7500,5.8400,5.5900,5.6700,5.7500,17440775,99870383.6500,2.598400,1,-1.391300,31.717951,1.418546,1.686648,20.523658,0
2020-09-10,sz.002483,5.7100,5.7300,5.3200,5.6000,5.6700,17042380,94058651.5000,2.539100,1,-1.234600,31.326372,1.401033,1.665825,20.270279,0
2020-09-11,sz.002483,5.5000,5.5900,5.3900,5.5400,5.6000,9882048,54173253.9800,1.472300,1,-1.071400,30.990732,1.386022,1.647977,20.053098,0
2020-09-14,sz.002483,5.4000,5.5100,5.3200,5.3700,5.5400,13533780,72877480.7500,2.016400,1,-3.068600,30.039753,1.343491,1.597407,19.437750,0
2020-09-15,sz.002483,5.3500,5.5100,5.3000,5.4500,5.3700,8158534,44110003.0600,1.215500,1,1.489800,30.487273,1.363506,1.621204,19.727325,0
2020-09-16,sz.002483,5.4500,5.8700,5.3800,5.7100,5.4500,25566111,145300443.4200,3.809000,1,4.770600,31.941711,1.428554,1.698546,20.668445,0
2020-09-17,sz.002483,5.7200,5.9800,5.6200,5.6200,5.7100,13444314,76860471.5000,2.003000,1,-1.576200,31.438252,1.406037,1.671774,20.342673,0
2020-09-18,sz.002483,5.7200,5.7400,5.5900,5.7200,5.6200,9382900,53111877.6800,1.397900,1,1.779400,31.997651,1.431056,1.701521,20.704642,0
2020-09-21,sz.002483,5.8400,6.1600,5.6800,6.0700,5.7200,29424601,175511406.9200,4.383900,1,6.118900,33.955549,1.518620,1.805635,21.971535,0
2020-09-22,sz.002483,5.9700,6.0400,5.8200,5.9000,6.0700,15855988,94044159.4800,2.362300,1,-2.800700,33.004570,1.476089,1.755065,21.356187,0
2020-09-23,sz.002483,5.8200,5.9800,5.7700,5.8000,5.9000,9755522,56980495.6400,1.453400,1,-1.694900,32.445171,1.451070,1.725319,20.994218,0
2020-09-24,sz.002483,5.7300,6.1700,5.7100,6.0500,5.8000,27042968,161648076.6000,4.029000,1,4.310300,33.843669,1.513616,1.799686,21.899141,0
2020-09-25,sz.002483,6.0900,6.2400,5.7900,5.8100,6.0500,26385220,158625592.4000,3.931100,1,-3.966900,32.501111,1.453572,1.728293,21.030415,0
2020-09-28,sz.002483,5.8700,6.1700,5.8200,5.9100,5.8100,20229480,120097869.8800,3.013900,1,1.721200,33.060510,1.478591,1.758040,21.392384,0
2020-09-29,sz.002483,5.9800,5.9800,5.6000,5.7200,5.9100,21605942,123957604.4000,3.219000,1,-3.214900,31.997651,1.431056,1.701521,20.704642,0
2020-09-30,sz.002483,5.7300,5.8200,5.6500,5.7500,5.7200,9402183,53804068.2700,1.400800,1,0.524500,32.165471,1.438561,1.710445,20.813233,0
2020-10-09,sz.002483,5.7700,6.2300,5.7700,6.0500,5.7500,29998424,182449507.0800,4.469400,1,5.217400,33.843669,1.513616,1.799686,21.899141,0
2020-10-12,sz.002483,6.0800,6.3000,6.0000,6.2800,6.0500,26906032,166393383.6000,4.008600,1,3.801700,35.130288,1.571159,1.868104,22.731670,0
2020-10-13,sz.002483,6.1500,6.5000,6.1500,6.4700,6.2800,31070992,198338015.0200,4.629200,1,3.025500,36.193147,1.618694,1.924623,23.419412,0
2020-10-14,sz.002483,6.4900,6.5400,6.3500,6.4900,6.4700,22291742,143856068.8000,3.321200,1,0.309100,36.305027,1.623698,1.930572,23.491806,0
2020-10-15,sz.002483,6.5600,6.6200,6.3600,6.4700,6.4900,18443145,119441722.8100,2.747800,1,-0.308200,36.193147,1.618694,1.924623,23.419412,0
2020-10-16,sz.002483,6.4300,6.5400,6.3100,6.4200,6.4700,15679310,100618302.7600,2.336000,1,-0.772800,35.913448,1.606185,1.909749,23.238427,0
2020-10-19,sz.002483,6.4200,6.5300,6.3100,6.4300,6.4200,13725838,88048642.6600,2.045000,1,0.155800,35.969388,1.608687,1.912724,23.274624,0
2020-10-20,sz.002483,6.3700,6.4400,6.2700,6.4300,6.4300,10262200,65274652.9600,1.528900,1,0.000000,35.969388,1.608687,1.912724,23.274624,0
2020-10-21,sz.002483,6.4000,6.4200,6.1100,6.2400,6.4300,18781044,117471899.0400,2.798100,1,-2.954900,34.906529,1.561152,1.856205,22.586882,0
2020-10-22,sz.002483,6.2000,6.5500,6.1500,6.4000,6.2400,17203928,109195269.2000,2.563200,1,2.564100,35.801568,1.601181,1.903800,23.166033,0
2020-10-23,sz.002483,6.3700,6.5500,6.3500,6.4800,6.4000,14149574,91364053.2800,2.108100,1,1.250000,36.249087,1.621196,1.927597,23.455609,0
2020-10-26,sz.002483,6.4700,6.8000,6.3900,6.7200,6.4800,24185403,160031239.6200,3.603300,1,3.703700,37.591646,1.681240,1.998990,24.324335,0
2020-10-27,sz.002483,6.6600,6.9000,6.6000,6.7400,6.7200,16969999,114328255.3900,2.528300,1,0.297600,27.953679,1.654932,1.647303,5777.316426,0
2020-10-28,sz.002483,6.7700,6.8000,6.6100,6.6600,6.7400,11390738,76199918.3200,1.697100,1,-1.186900,27.621885,1.635289,1.627751,5708.742937,0
2020-10-29,sz.002483,6.5900,6.7800,6.5500,6.6500,6.6600,12137000,81023035.2000,1.808300,1,-0.150200,27.580410,1.632834,1.625307,5700.171251,0
2020-10-30,sz.002483,6.6400,6.7400,6.3900,6.4900,6.6500,17830452,116401593.9600,2.656500,1,-2.406000,26.916822,1.593547,1.586202,5563.024273,0
2020-11-02,sz.002483,6.5800,6.7600,6.4500,6.6300,6.4900,10980260,72575072.9800,1.635900,1,2.157200,27.497462,1.627923,1.620419,5683.027879,0
2020-11-03,sz.002483,6.6400,6.6800,6.4800,6.5500,6.6300,10186673,66567941.3000,1.517700,1,-1.206600,27.165667,1.608280,1.600866,5614.454390,0
2020-11-04,sz.002483,6.5000,6.6200,6.4600,6.6200,6.5500,8166013,53437255.5000,1.216600,1,1.068700,27.455988,1.625468,1.617974,5674.456193,0
2020-11-05,sz.002483,6.7100,6.7400,6.5900,6.7100,6.6200,8068594,53717235.7600,1.202100,1,1.359500,27.829256,1.647566,1.639971,5751.601367,0
2020-11-06,sz.002483,6.7100,6.7100,6.5400,6.6300,6.7100,7659274,50578480.6000,1.141100,1,-1.192300,27.497462,1.627923,1.620419,5683.027879,0
2020-11-09,sz.002483,6.6200,6.8500,6.6000,6.7300,6.6300,13787880,92512267.3200,2.054200,1,1.508300,27.912205,1.652477,1.644859,5768.744740,0
2020-11-10,sz.002483,6.7800,6.7900,6.5000,6.5500,6.7300,10799887,71244064.1400,1.609000,1,-2.674600,27.165667,1.608280,1.600866,5614.454390,0
2020-11-11,sz.002483,6.6200,6.6200,6.2600,6.3800,6.5500,11260240,72390710.8000,1.677600,1,-2.595400,26.460604,1.566538,1.559317,5468.735726,0
2020-11-12,sz.002483,6.4200,6.4800,6.3800,6.4100,6.3800,5175316,33290417.5600,0.771100,1,0.470200,26.585027,1.573904,1.566649,5494.450785,0
2020-11-13,sz.002483,6.4100,6.5300,6.2600,6.4300,6.4100,9381495,60011616.7500,1.397700,1,0.312000,26.667976,1.578815,1.571537,5511.594157,0
2020-11-16,sz.002483,6.5200,6.5500,6.3600,6.5100,6.4300,8327595,53819126.5000,1.240700,1,1.244200,26.999770,1.598458,1.591090,5580.167646,0
2020-11-17,sz.002483,6.5200,6.6300,6.4200,6.5700,6.5100,10253380,67086891.0000,1.527600,1,0.921700,27.248616,1.613191,1.605754,5631.597762,0
2020-11-18,sz.002483,6.5700,6.7200,6.4900,6.6100,6.5700,14091320,93201125.6000,2.099400,1,0.608800,27.414513,1.623012,1.615530,5665.884507,0
2020-11-19,sz.002483,6.6100,6.6800,6.5300,6.6200,6.6100,11086442,73220519.2000,1.651700,1,0.151300,27.455988,1.625468,1.617974,5674.456193,0
2020-11-20,sz.002483,6.5900,6.6800,6.5200,6.6300,6.6200,8154000,53813359.0000,1.214800,1,0.151100,27.497462,1.627923,1.620419,5683.027879,0
2020-11-23,sz.002483,6.6300,6.7300,6.5400,6.6800,6.6300,11554721,76825512.9600,1.721500,1,0.754100,27.704833,1.640200,1.632639,5725.886309,0
2020-11-24,sz.002483,6.6800,6.7700,6.6100,6.6300,6.6800,13440040,89772369.6000,2.002400,1,-0.748500,27.497462,1.627923,1.620419,5683.027879,0
2020-11-25,sz.002483,6.6400,6.8700,6.5700,6.8000,6.6300,19263667,130250273.0600,2.870000,1,2.564100,28.202525,1.669665,1.661968,5828.746542,0
2020-11-26,sz.002483,6.8300,7.0400,6.7200,7.0400,6.8000,23295104,160930237.8600,3.470700,1,3.529400,29.197908,1.728594,1.720625,6034.467008,0
2020-11-27,sz.002483,7.0100,7.0700,6.8000,7.0000,7.0400,22906246,158486231.6300,3.412700,1,-0.568200,29.032011,1.718772,1.710849,6000.180264,0
2020-11-30,sz.002483,6.9600,7.0400,6.8800,6.8800,7.0000,12988840,90369660.0000,1.935200,1,-1.714300,28.534319,1.689308,1.681520,5897.320031,0
2020-12-01,sz.002483,6.8700,7.0200,6.8100,6.9600,6.8800,12002600,83305971.0200,1.788200,1,1.162800,28.866114,1.708951,1.701073,5965.893520,0
2020-12-02,sz.002483,6.9200,6.9700,6.8600,6.9500,6.9600,9366067,64842215.6500,1.395400,1,-0.143700,28.824639,1.706495,1.698629,5957.321834,0
2020-12-03,sz.002483,6.9100,6.9900,6.8200,6.8400,6.9500,8461243,58147766.6700,1.260600,1,-1.582700,28.368422,1.679486,1.671744,5863.033287,0
2020-12-04,sz.002483,6.8500,6.9100,6.7500,6.8500,6.8400,7217005,49237888.2000,1.075200,1,0.146200,28.409896,1.681942,1.674188,5871.604973,0
2020-12-07,sz.002483,6.8500,6.9000,6.6000,6.7000,6.8500,7932478,53848726.0800,1.181800,1,-2.189800,27.787782,1.645111,1.637527,5743.029681,0
2020-12-08,sz.002483,6.7300,6.7300,6.2500,6.7000,6.7000,23618974,153093240.9100,3.518900,1,0.000000,27.787782,1.645111,1.637527,5743.029681,0
2020-12-09,sz.002483,6.6800,6.6900,6.0300,6.0300,6.7000,32521020,202128064.0000,4.845200,1,-10.000000,25.009004,1.480600,1.473774,5168.726713,0
2020-12-10,sz.002483,6.0300,6.1500,5.8300,6.0000,6.0300,16937144,101932674.0100,2.523400,1,-0.497500,24.884581,1.473233,1.466442,5143.011655,0
2020-12-11,sz.002483,5.9000,5.9900,5.4000,5.6700,6.0000,30629677,173891090.4700,4.563400,1,-5.500000,23.515929,1.392206,1.385788,4860.146014,0
2020-12-14,sz.002483,5.6500,5.6500,5.2600,5.3300,5.6700,28991852,156093585.5200,4.319400,1,-5.996500,22.105803,1.308722,1.302689,4568.708687,0
2020-12-15,sz.002483,5.3700,5.5400,5.2900,5.3300,5.3300,14947245,80138186.8600,2.226900,1,0.000000,22.105803,1.308722,1.302689,4568.708687,0
2020-12-16,sz.002483,5.3700,5.7500,5.2600,5.5200,5.3300,20795005,114928102.0600,3.098200,1,3.564700,22.893814,1.355375,1.349127,4731.570723,0
2020-12-17,sz.002483,5.5700,5.6400,5.4200,5.5700,5.5200,11940540,66187623.7800,1.779000,1,0.905800,23.101186,1.367652,1.361347,4774.429153,0
2020-12-18,sz.002483,5.5100,5.6500,5.5100,5.5700,5.5700,7623986,42391426.1000,1.135900,1,0.000000,23.101186,1.367652,1.361347,4774.429153,0
2020-12-21,sz.002483,5.5100,5.6200,5.5100,5.5700,5.5700,6323676,35264235.5600,0.942100,1,0.000000,23.101186,1.367652,1.361347,4774.429153,0
2020-12-22,sz.002483,5.5700,5.5900,5.4100,5.5100,5.5700,8162416,44905450.8400,1.216100,1,-1.077200,22.852340,1.352919,1.346683,4722.999036,0
2020-12-23,sz.002483,5.4700,5.5600,5.3800,5.5000,5.5100,8599340,46814778.8000,1.281200,1,-0.181500,22.810866,1.350464,1.344239,4714.427350,0
2020-12-24,sz.002483,5.4900,5.4900,5.3200,5.4800,5.5000,8597582,46375900.3200,1.280900,1,-0.363600,22.727917,1.345553,1.339350,4697.283978,0
2020-12-25,sz.002483,5.4900,5.4900,5.3200,5.4200,5.4800,6109860,33002725.0000,0.910300,1,-1.094900,22.479071,1.330821,1.324686,4645.853862,0
2020-12-28,sz.002483,5.4000,5.4700,5.3300,5.4200,5.4200,4225040,22915399.0000,0.629500,1,0.000000,22.479071,1.330821,1.324686,4645.853862,0
2020-12-29,sz.002483,5.4100,5.4600,5.3600,5.3800,5.4200,4373860,23647747.8000,0.651600,1,-0.738000,22.313174,1.320999,1.314910,4611.567117,0
2020-12-30,sz.002483,5.4100,5.6800,5.3700,5.6000,5.3800,9246456,51397176.0400,1.377600,1,4.089200,23.225609,1.375018,1.368679,4800.144211,0
2020-12-31,sz.002483,5.5800,5.6900,5.5800,5.6500,5.6000,5614920,31634312.2000,0.836500,1,0.892900,23.432980,1.387295,1.380900,4843.002642,0
2021-01-04,sz.002483,5.6800,6.0000,5.6700,5.8100,5.6500,10178262,59630845.5800,1.516400,1,2.831900,24.096569,1.426581,1.420005,4980.149619,0
2021-01-05,sz.002483,6.1000,6.2500,5.8900,5.9000,5.8100,15171418,91107599.4600,2.260300,1,1.549100,24.469838,1.448680,1.442001,5057.294794,0
2021-01-06,sz.002483,5.7900,5.9400,5.7700,5.8000,5.9000,8522926,49754585.0000,1.269800,1,-1.694900,24.055095,1.424126,1.417561,4971.577933,0
2021-01-07,sz.002483,5.8300,5.9000,5.5900,5.7500,5.8000,8118968,46523174.6400,1.209600,1,-0.862100,23.847723,1.411849,1.405340,4928.719503,0
2021-01-08,sz.002483,5.6900,5.8400,5.6600,5.7200,5.7500,5988767,34460436.0000,0.892200,1,-0.521700,23.723300,1.404483,1.398008,4903.004444,0
2021-01-11,sz.002483,5.7200,5.7600,5.5600,5.6200,5.7200,6709167,37896300.1800,0.999600,1,-1.748300,23.308557,1.379929,1.373567,4817.287583,0
2021-01-12,sz.002483,5.5500,5.6300,5.4300,5.5100,5.6200,7669372,42234019.3300,1.142600,1,-1.957300,22.852340,1.352919,1.346683,4722.999036,0
2021-01-13,sz.002483,5.4700,5.5000,5.1900,5.3000,5.5100,11052943,58664230.7600,1.646700,1,-3.811300,21.981380,1.301356,1.295357,4542.993629,0
2021-01-14,sz.002483,5.2200,5.2200,4.7700,4.7700,5.3000,20719601,101525650.5600,3.086900,1,-10.000000,19.783242,1.171221,1.165821,4088.694266,0
2021-01-15,sz.002483,4.8000,5.0800,4.7400,5.0000,4.7700,13990285,68920391.8000,2.084400,1,4.821800,20.737151,1.227695,1.222035,4285.843046,0
2021-01-18,sz.002483,5.0000,5.0700,4.8900,5.0300,5.0000,9973220,49682954.4000,1.485900,1,0.600000,20.861574,1.235061,1.229367,4311.558104,0
2021-01-19,sz.002483,5.0200,5.0300,4.9000,5.0000,5.0300,8874200,44087108.2500,1.322100,1,-0.596400,20.737151,1.227695,1.222035,4285.843046,0
2021-01-20,sz.002483,5.0500,5.1200,4.9400,4.9900,5.0000,7700025,38484916.1000,1.147200,1,-0.200000,20.695676,1.225239,1.219591,4277.271360,0
2021-01-21,sz.002483,5.3000,5.3400,5.0800,5.1100,4.9900,15919320,82366923.9800,2.371800,1,2.404800,21.193368,1.254704,1.248920,4380.131593,0
2021-01-22,sz.002483,5.1200,5.1200,4.9000,5.0200,5.1100,11833318,58824391.0400,1.763000,1,-1.761300,20.820099,1.232605,1.226923,4302.986418,0
2021-01-25,sz.002483,5.0300,5.0400,4.8300,4.8400,5.0200,9026229,44066847.5600,1.344800,1,-3.585700,20.073562,1.188408,1.182930,4148.696068,0
2021-01-26,sz.002483,4.8600,4.9700,4.7500,4.7900,4.8400,8778240,42184967.8000,1.307800,1,-1.033100,19.866190,1.176131,1.170710,4105.837638,0
2021-01-27,sz.002483,4.7800,4.7900,4.6200,4.6300,4.7900,12378460,58196099.4000,1.844200,1,-3.340300,19.202602,1.136845,1.131604,3968.690660,0
2021-01-28,sz.002483,4.6000,4.7000,4.5000,4.5400,4.6300,12415901,56776332.6100,1.849800,1,-1.943800,18.829333,1.114747,1.109608,3891.545486,0
2021-01-29,sz.002483,4.5500,4.6000,4.4300,4.4600,4.5400,8934709,40268339.3700,1.331200,1,-1.762100,18.497538,1.095104,1.090055,3822.971997,0
2021-02-01,sz.002483,4.4900,4.6500,4.4700,4.5100,4.4600,7033511,31827958.4600,1.047900,1,1.121100,18.704910,1.107380,1.102276,3865.830427,0
2021-02-02,sz.002483,4.5000,4.6600,4.4300,4.6600,4.5100,9356961,42821022.6100,1.394100,1,3.325900,19.327024,1.144211,1.138937,3994.405719,0
2021-02-03,sz.002483,4.6600,4.8200,4.6100,4.6100,4.6600,9455287,44473510.6800,1.408700,1,-1.073000,19.119653,1.131934,1.126716,3951.547288,0
2021-02-04,sz.002483,4.6100,4.6200,4.3600,4.3600,4.6100,8119418,36068648.6800,1.209700,1,-5.423000,18.082795,1.070550,1.065615,3737.255136,0
2021-02-05,sz.002483,4.3600,4.4800,4.1000,4.1100,4.3600,15550714,66690577.5800,2.316900,1,-5.733900,17.045938,1.009165,1.004513,3522.962984,0
2021-02-08,sz.002483,4.3200,4.3200,4.1100,4.1700,4.1100,12329403,51809185.3700,1.836900,1,1.459900,17.294784,1.023897,1.019177,3574.393100,0
2021-02-09,sz.002483,4.1400,4.2700,4.1300,4.2500,4.1700,7095741,29889278.6400,1.057200,1,1.918500,17.626578,1.043540,1.038730,3642.966589,0
2021-02-10,sz.002483,4.2600,4.3900,4.2300,4.3700,4.2500,7174788,30928557.4000,1.068900,1,2.823500,18.124270,1.073005,1.068059,3745.826822,0
2021-02-18,sz.002483,4.4500,4.6300,4.4200,4.5500,4.3700,10529340,47778271.6000,1.568700,1,4.119000,18.870807,1.117202,1.112052,3900.117172,0
2021-02-19,sz.002483,4.6000,4.8300,4.5800,4.8100,4.5500,11483308,54583589.5200,1.710900,1,5.714300,19.949139,1.181042,1.175598,4122.981010,0
2021-02-22,sz.002483,4.8100,5.0200,4.7900,4.8100,4.8100,12476320,61164504.2000,1.858800,1,0.000000,19.949139,1.181042,1.175598,4122.981010,0
2021-02-23,sz.002483,4.8100,4.9000,4.7100,4.7300,4.8100,7623900,36499669.0000,1.135900,1,-1.663200,19.617345,1.161399,1.156045,4054.407521,0
2021-02-24,sz.002483,4.7200,4.7800,4.6800,4.7000,4.7300,8401660,39693416.8000,1.251700,1,-0.634200,19.492922,1.154033,1.148713,4028.692463,0
2021-02-25,sz.002483,4.7000,4.7500,4.6100,4.6300,4.7000,5962662,27762545.4400,0.888400,1,-1.489400,19.202602,1.136845,1.131604,3968.690660,0
2021-02-26,sz.002483,4.6100,4.7400,4.5700,4.6700,4.6300,8147222,38069181.1800,1.213800,1,0.863900,19.368499,1.146667,1.141381,4002.977405,0
2021-03-01,sz.002483,4.6900,4.8900,4.6800,4.8800,4.6700,8552540,41126027.4000,1.274200,1,4.496800,20.239459,1.198230,1.192706,4182.982813,0
2021-03-02,sz.002483,4.8800,4.9600,4.8300,4.8800,4.8800,8410520,41085245.0000,1.253100,1,0.000000,20.239459,1.198230,1.192706,4182.982813,0
2021-03-03,sz.002483,4.9000,4.9800,4.8700,4.9500,4.8800,6466440,31906472.0000,0.963400,1,1.434400,20.529779,1.215418,1.209815,4242.984615,0
2021-03-04,sz.002483,4.9400,5.0300,4.8900,4.9400,4.9500,6389540,31703459.7700,0.952000,1,-0.202000,20.488305,1.212962,1.207371,4234.412929,0
2021-03-05,sz.002483,4.8900,5.0200,4.8700,5.0000,4.9400,6334580,31587320.4000,0.943800,1,1.214600,20.737151,1.227695,1.222035,4285.843046,0
2021-03-08,sz.002483,4.9800,5.0800,4.9500,5.0100,5.0000,8795020,44370995.4000,1.310300,1,0.200000,20.778625,1.230150,1.224479,4294.414732,0
2021-03-09,sz.002483,5.0500,5.0500,4.8200,4.8800,5.0100,9681381,47640821.0600,1.442400,1,-2.594800,20.239459,1.198230,1.192706,4182.982813,0
2021-03-10,sz.002483,4.9000,4.9300,4.7000,4.7300,4.8800,8562520,40863706.8000,1.275700,1,-3.073800,19.617345,1.161399,1.156045,4054.407521,0
2021-03-11,sz.002483,4.7800,4.8100,4.7100,4.8000,4.7300,5273280,25164444.8000,0.785600,1,1.479900,19.907665,1.178587,1.173154,4114.409324,0
2021-03-12,sz.002483,4.8000,4.8800,4.7100,4.8600,4.8000,5479620,26283415.1200,0.816400,1,1.250000,20.156510,1.193319,1.187818,4165.839440,0
2021-03-15,sz.002483,4.8200,4.9100,4.8200,4.8700,4.8600,6236500,30394349.0000,0.929200,1,0.205800,20.197985,1.195774,1.190262,4174.411127,0
2021-03-16,sz.002483,4.8800,4.9300,4.8200,4.9200,4.8700,5481743,26767848.9600,0.816700,1,1.026700,20.405356,1.208051,1.202483,4217.269557,0
2021-03-17,sz.002483,4.9200,4.9300,4.8300,4.8500,4.9200,4826727,23482254.4800,0.719100,1,-1.422800,20.115036,1.190864,1.185374,4157.267754,0
2021-03-18,sz.002483,4.8400,4.9000,4.8000,4.8100,4.8500,5012980,24296556.0000,0.746900,1,-0.824700,19.949139,1.181042,1.175598,4122.981010,0
2021-03-19,sz.002483,4.7600,5.0000,4.7600,4.8600,4.8100,9546748,46816606.6800,1.422300,1,1.039500,20.156510,1.193319,1.187818,4165.839440,0
2021-03-22,sz.002483,4.8400,5.0300,4.8400,5.0000,4.8600,10502754,52146317.5200,1.564800,1,2.880700,20.737151,1.227695,1.222035,4285.843046,0
2021-03-23,sz.002483,5.0300,5.0500,4.8800,4.9000,5.0000,6036860,29843058.4000,0.899400,1,-2.000000,20.322408,1.203141,1.197594,4200.126185,0
2021-03-24,sz.002483,4.9000,4.9900,4.8200,4.8300,4.9000,8914558,43780426.8700,1.328200,1,-1.428600,20.032088,1.185953,1.180486,4140.124382,0
2021-03-25,sz.002483,4.7600,4.8500,4.5400,4.5600,4.8300,12391317,57543206.4500,1.846100,1,-5.590100,18.912281,1.119657,1.114496,3908.688858,0
2021-03-26,sz.002483,4.5600,4.8200,4.5200,4.7800,4.5600,10833953,50927137.9300,1.291700,1,4.824600,19.824716,1.173676,1.168266,4097.265952,0
2021-03-29,sz.002483,4.7800,4.9000,4.7400,4.7900,4.7800,7401036,35630663.7200,0.882400,1,0.209200,19.866190,1.176131,1.170710,4105.837638,0
2021-03-30,sz.002483,4.8000,4.8100,4.6200,4.6700,4.7900,6782400,31743666.0000,0.808700,1,-2.505200,19.368499,1.146667,1.141381,4002.977405,0
2021-03-31,sz.002483,4.6200,4.7300,4.6000,4.7300,4.6700,6620002,30966946.2400,0.789300,1,1.284800,19.617345,1.161399,1.156045,4054.407521,0
2021-04-01,sz.002483,4.7000,4.9000,4.6400,4.8200,4.7300,10754320,51537671.2600,1.282200,1,1.902700,19.990613,1.183498,1.178042,4131.552696,0
2021-04-02,sz.002483,4.7800,4.8000,4.5000,4.6100,4.8200,16742683,77161451.0700,1.996200,1,-4.356800,19.119653,1.131934,1.126716,3951.547288,0
2021-04-06,sz.002483,4.6200,4.8200,4.5700,4.7100,4.6100,13656501,64091582.3300,1.628300,1,2.169200,19.534396,1.156488,1.151157,4037.264149,0
2021-04-07,sz.002483,4.7500,4.8600,4.6700,4.8400,4.7100,11044811,52769398.5400,1.316900,1,2.760100,20.073562,1.188408,1.182930,4148.696068,0
2021-04-08,sz.002483,4.8200,4.9100,4.7600,4.8200,4.8400,9881418,47811970.9800,1.178200,1,-0.413200,19.990613,1.183498,1.178042,4131.552696,0
2021-04-09,sz.002483,4.8400,4.9200,4.8100,4.8900,4.8200,8744575,42627038.3600,1.042600,1,1.452300,20.280933,1.200685,1.195150,4191.554499,0
2021-04-12,sz.002483,4.9000,4.9200,4.7800,4.7900,4.8900,8859060,42882220.6000,1.056300,1,-2.045000,19.866190,1.176131,1.170710,4105.837638,0
2021-04-13,sz.002483,4.7700,4.7900,4.6600,4.7000,4.7900,5555798,26223815.8000,0.662400,1,-1.878900,19.492922,1.154033,1.148713,4028.692463,0
2021-04-14,sz.002483,4.6900,4.8000,4.6600,4.7800,4.7000,5756100,27264445.8000,0.686300,1,1.702100,19.824716,1.173676,1.168266,4097.265952,0
2021-04-15,sz.002483,4.8500,4.9800,4.8200,4.8800,4.7800,15352762,74917946.1600,1.830500,1,2.092100,17.996431,1.198230,1.272121,4182.982813,0
2021-04-16,sz.002483,4.8800,4.9700,4.8600,4.9400,4.8800,14930029,73515345.7000,1.780100,1,1.229500,18.217699,1.212962,1.287762,4234.412929,0
2021-04-19,sz.002483,5.0000,5.1700,4.9500,5.1200,4.9400,18859464,96330359.9200,2.248600,1,3.643700,18.881501,1.257159,1.334684,4388.703279,0
2021-04-20,sz.002483,5.0500,5.2100,5.0200,5.1300,5.1200,16174260,83384088.2000,1.928400,1,0.195300,18.874059,1.223693,1.337291,41.441273,0
2021-04-21,sz.002483,5.1000,5.2200,5.0600,5.1000,5.1300,14032156,71779903.5700,1.673000,1,-0.584800,18.763685,1.216537,1.329471,41.198927,0
2021-04-22,sz.002483,5.1000,5.1800,5.0900,5.1100,5.1000,10234878,52558921.9000,1.220300,1,0.196100,18.800476,1.218922,1.332077,41.279709,0
2021-04-23,sz.002483,5.1100,5.1200,5.0400,5.0600,5.1100,8753528,44399280.8800,1.031100,1,-0.978500,18.616519,1.206995,1.319043,40.875798,0
2021-04-26,sz.002483,5.0600,5.1200,5.0300,5.0500,5.0600,10435621,52880662.2800,1.229200,1,-0.197600,18.579727,1.204610,1.316437,40.795015,0
2021-04-27,sz.002483,5.0500,5.1100,4.9000,4.9500,5.0500,8452256,42189081.2600,0.995600,1,-1.980200,13.813786,1.153470,1.173410,-204.286978,0
2021-04-28,sz.002483,4.9500,5.1100,4.9200,5.0900,4.9500,14803335,74350788.3600,1.743700,1,2.828300,14.204479,1.186093,1.206598,-210.064791,0
2021-04-29,sz.002483,5.1000,5.4000,5.0200,5.2500,5.0900,19523499,102175466.7100,2.299700,1,3.143400,14.650985,1.223377,1.244526,-216.668007,0
2021-04-30,sz.002483,5.2500,5.3200,5.1500,5.2400,5.2500,10953460,57374303.4000,1.290200,1,-0.190500,14.623078,1.221047,1.242156,-216.255306,0
2021-05-06,sz.002483,5.2400,5.3400,5.1600,5.3200,5.2400,10552011,55316243.1300,1.242900,1,1.526700,14.846331,1.239689,1.261120,-219.556914,0
2021-05-07,sz.002483,5.2700,5.5100,5.2400,5.3100,5.3200,15744505,84614058.8300,1.854600,1,-0.188000,14.818425,1.237359,1.258749,-219.144213,0
2021-05-10,sz.002483,5.3200,5.3700,5.2000,5.3100,5.3100,10494595,55418990.8500,1.236200,1,0.000000,14.818425,1.237359,1.258749,-219.144213,0
2021-05-11,sz.002483,5.3100,5.3200,5.1900,5.2000,5.3100,7055001,36826851.1700,0.831000,1,-2.071600,14.511452,1.211726,1.232674,-214.604502,0
2021-05-12,sz.002483,5.1800,5.2100,5.0800,5.1800,5.2000,9680985,49624756.3300,1.140300,1,-0.384600,14.455639,1.207065,1.227933,-213.779100,0
2021-05-13,sz.002483,5.1300,5.2200,5.1300,5.1800,5.1800,6666600,34469991.0000,0.785300,1,0.000000,14.455639,1.207065,1.227933,-213.779100,0
2021-05-14,sz.002483,5.1900,5.4800,5.1900,5.4100,5.1800,16618914,89036284.2900,1.957600,1,4.440200,15.097491,1.260661,1.282455,-223.271222,0
2021-05-17,sz.002483,5.3300,5.3300,4.8700,4.8800,5.4100,28869245,143213761.5000,3.400600,1,-9.796700,13.618439,1.137158,1.156817,-201.398071,0
2021-05-18,sz.002483,4.7900,4.8900,4.7500,4.7800,4.8800,14465892,69391260.8800,1.704000,1,-2.049200,13.339373,1.113856,1.133112,-197.271061,0
2021-05-19,sz.002483,4.7700,4.7800,4.6400,4.6700,4.7800,13638540,64125088.6000,1.606500,1,-2.301300,13.032400,1.088223,1.107036,-192.731351,0
2021-05-20,sz.002483,4.6700,4.7600,4.6700,4.7100,4.6700,7589360,35754868.6000,0.879100,1,0.856500,13.144027,1.097544,1.116518,-194.382155,0
2021-05-21,sz.002483,4.7400,4.9300,4.6700,4.8000,4.7100,10370443,49786164.9300,1.201200,1,1.910800,13.395186,1.118516,1.137853,-198.096463,0
2021-05-24,sz.002483,4.8000,4.8600,4.7700,4.8200,4.8000,7915480,38116836.0000,0.916800,1,0.416700,13.451000,1.123177,1.142594,-198.921865,0
2021-05-25,sz.002483,4.8500,4.8700,4.7800,4.8600,4.8200,7444240,35965801.2000,0.862300,1,0.829900,13.562626,1.132498,1.152076,-200.572669,0
2021-05-26,sz.002483,4.9500,5.0000,4.8600,4.9100,4.8600,9228843,45286696.1300,1.069000,1,1.028800,13.702159,1.144149,1.163928,-202.636174,0
2021-05-27,sz.002483,4.9000,4.9000,4.8000,4.8300,4.9100,14493940,70095945.0000,1.678800,1,-1.629300,13.478906,1.125507,1.144964,-199.334566,0
2021-05-28,sz.002483,4.8400,4.8700,4.8000,4.8200,4.8300,7037200,33981740.9400,0.815100,1,-0.207000,13.451000,1.123177,1.142594,-198.921865,0
2021-05-31,sz.002483,4.7800,4.8100,4.7100,4.7400,4.7700,11207636,53325641.9600,1.298200,1,-0.628900,13.227746,1.104535,1.123629,-195.620258,0
2021-06-01,sz.002483,4.7400,4.8900,4.7000,4.8700,4.7400,14347620,69193573.6000,1.661900,1,2.742600,13.590533,1.134828,1.154446,-200.985370,0
2021-06-02,sz.002483,4.8600,4.9000,4.7800,4.8100,4.8700,8934220,43226309.2000,1.034800,1,-1.232000,13.423093,1.120846,1.140223,-198.509164,0
2021-06-03,sz.002483,4.8000,4.8800,4.7700,4.7900,4.8100,6622480,31879345.2000,0.767100,1,-0.415800,13.367280,1.116186,1.135482,-197.683762,0
2021-06-04,sz.002483,4.7900,4.7900,4.7300,4.7500,4.7900,4727580,22486263.2000,0.547600,1,-0.835100,13.255653,1.106865,1.126000,-196.032958,0
2021-06-07,sz.002483,4.7600,4.7800,4.6500,4.6700,4.7500,7798840,36666385.0000,0.903300,1,-1.684200,13.032400,1.088223,1.107036,-192.731351,0
2021-06-08,sz.002483,4.6500,4.6800,4.6100,4.6600,4.6700,6109920,28383629.0000,0.707700,1,-0.214100,13.004493,1.085893,1.104665,-192.318650,0
2021-06-09,sz.002483,4.6700,4.7200,4.6400,4.6400,4.6600,5429600,25372066.2000,0.628900,1,-0.429200,12.948680,1.081232,1.099924,-191.493248,0
2021-06-10,sz.002483,4.6300,4.6800,4.5000,4.5200,4.6400,11616943,53233748.0200,1.345600,1,-2.586200,12.613800,1.053269,1.071478,-186.540836,0
2021-06-11,sz.002483,4.5400,4.6000,4.5200,4.5300,4.5200,6540067,29866503.5800,0.757500,1,0.221200,12.641707,1.055600,1.073848,-186.953537,0
2021-06-15,sz.002483,4.5600,4.6000,4.5200,4.5600,4.5300,6400402,29196020.9000,0.741400,1,0.662300,12.725427,1.062590,1.080960,-188.191640,0
2021-06-16,sz.002483,4.5500,4.5800,4.4700,4.5400,4.5600,6709440,30360310.8100,0.777100,1,-0.438600,12.669614,1.057930,1.076219,-187.366238,0
2021-06-17,sz.002483,4.5500,4.6200,4.5000,4.5600,4.5400,7903515,36061142.3200,0.915500,1,0.440500,12.725427,1.062590,1.080960,-188.191640,0
2021-06-18,sz.002483,4.5700,4.6600,4.5200,4.6500,4.5600,7908600,36320263.2000,0.916000,1,1.973700,12.976587,1.083563,1.102295,-191.905949,0
2021-06-21,sz.002483,5.1200,5.1200,5.1200,5.1200,4.6500,7630360,39067443.2000,0.883800,1,10.107500,14.288199,1.193084,1.213709,-211.302894,0
2021-06-22,sz.002483,5.3700,5.5700,5.1300,5.1600,5.1200,54728280,289853197.4600,6.339100,1,0.781300,14.399825,1.202405,1.223192,-212.953698,0
2021-06-23,sz.002483,5.0800,5.2400,5.0000,5.0200,5.1600,31482819,160195764.3000,3.646600,1,-2.713200,14.009132,1.169782,1.190004,-207.175885,0
2021-06-24,sz.002483,5.0000,5.0700,4.9200,4.9200,5.0200,20208920,100953574.9500,2.340800,1,-1.992000,13.730066,1.146479,1.166299,-203.048875,0
2021-06-25,sz.002483,4.9500,4.9800,4.8900,4.9400,4.9200,14159496,69949797.1600,1.640100,1,0.406500,13.785879,1.151140,1.171040,-203.874277,0
2021-06-28,sz.002483,4.9500,4.9900,4.8500,4.8700,4.9400,12588604,61753183.3800,1.458100,1,-1.417000,13.590533,1.134828,1.154446,-200.985370,0
2021-06-29,sz.002483,4.8700,4.9500,4.8200,4.9000,4.8700,10611920,51812814.7000,1.229200,1,0.616000,13.674253,1.141819,1.161558,-202.223473,0
2021-06-30,sz.002483,4.9700,4.9700,4.7800,4.8100,4.9000,14189016,68658861.4700,1.643500,1,-1.836700,13.423093,1.120846,1.140223,-198.509164,0
2021-07-01,sz.002483,4.8100,4.8600,4.7500,4.7600,4.8100,7882153,37922018.1200,0.913000,1,-1.039500,13.283560,1.109195,1.128370,-196.445659,0
2021-07-02,sz.002483,4.7600,4.8200,4.6900,4.7200,4.7600,9851780,46673373.8000,1.141100,1,-0.840300,13.171933,1.099874,1.118888,-194.794856,0
2021-07-05,sz.002483,4.7200,4.8400,4.7000,4.7700,4.7200,8300860,39501032.6000,0.961500,1,1.059300,13.311466,1.111526,1.130741,-196.858360,0
2021-07-06,sz.002483,4.7800,4.8000,4.7100,4.7800,4.7700,6717487,31947284.3500,0.778100,1,0.209600,13.339373,1.113856,1.133112,-197.271061,0
2021-07-07,sz.002483,4.7500,4.8100,4.7500,4.8000,4.7800,6239320,29887743.0000,0.722700,1,0.418400,13.395186,1.118516,1.137853,-198.096463,0
2021-07-08,sz.002483,4.8000,4.8200,4.7000,4.7300,4.8000,9066420,43010256.3900,1.050200,1,-1.458300,13.199840,1.102205,1.121259,-195.207557,0
2021-07-09,sz.002483,4.7200,4.8600,4.7000,4.8500,4.7300,7811700,37440604.7900,0.904800,1,2.537000,13.534719,1.130167,1.149705,-200.159968,0
2021-07-12,sz.002483,4.8700,4.9200,4.8300,4.8500,4.8500,8908068,43269831.2400,1.031800,1,0.000000,13.534719,1.130167,1.149705,-200.159968,0
2021-07-13,sz.002483,4.8500,4.9000,4.8200,4.9000,4.8500,7812425,38038570.1000,0.904900,1,1.030900,13.674253,1.141819,1.161558,-202.223473,0
2021-07-14,sz.002483,5.1000,5.1300,4.9600,4.9900,4.9000,22168467,111542758.1200,2.567800,1,1.836700,13.925412,1.162791,1.182893,-205.937782,0
2021-07-15,sz.002483,4.9900,5.1000,4.9300,4.9700,4.9900,14026484,69958015.6100,1.624700,1,-0.400800,13.869599,1.158130,1.178152,-205.112380,0
2021-07-16,sz.002483,4.9800,5.0100,4.9200,4.9500,4.9700,10565252,52406357.1100,1.223800,1,-0.402400,13.813786,1.153470,1.173410,-204.286978,0
2021-07-19,sz.002483,4.9600,5.0200,4.9100,5.0200,4.9500,13977255,69631977.5200,1.619000,1,1.414100,14.009132,1.169782,1.190004,-207.175885,0
2021-07-20,sz.002483,4.9800,5.0900,4.9800,5.0600,5.0200,15640303,78821968.6900,1.811600,1,0.796800,14.120759,1.179103,1.199486,-208.826688,0
2021-07-21,sz.002483,5.0600,5.0800,4.9800,4.9900,5.0600,12308880,61779335.8600,1.425700,1,-1.383400,13.925412,1.162791,1.182893,-205.937782,0
2021-07-22,sz.002483,4.9800,5.0800,4.9800,5.0800,4.9900,14517002,73273560.3000,1.681500,1,1.803600,14.176572,1.183763,1.204227,-209.652090,0
2021-07-23,sz.002483,5.0800,5.1000,4.9600,4.9900,5.0800,14166703,71071751.7400,1.640900,1,-1.771700,13.925412,1.162791,1.182893,-205.937782,0
2021-07-26,sz.002483,4.9600,4.9900,4.8300,4.9000,4.9900,11120674,54538023.0600,1.288100,1,-1.803600,13.674253,1.141819,1.161558,-202.223473,0
2021-07-27,sz.002483,4.8900,5.0500,4.8400,4.8500,4.9000,11006143,54677087.7400,1.274800,1,-1.020400,13.534719,1.130167,1.149705,-200.159968,0
2021-07-28,sz.002483,4.8000,4.8600,4.6200,4.6400,4.8500,12936505,60692769.7400,1.498400,1,-4.329900,12.948680,1.081232,1.099924,-191.493248,0
2021-07-29,sz.002483,4.6900,4.7000,4.6500,4.6700,4.6400,8558536,40018494.8900,0.991300,1,0.646600,13.032400,1.088223,1.107036,-192.731351,0
2021-07-30,sz.002483,4.6600,4.8100,4.6300,4.8000,4.6700,11727126,55436860.0400,1.358300,1,2.783700,13.395186,1.118516,1.137853,-198.096463,0
2021-08-02,sz.002483,4.7800,5.1000,4.7600,5.0500,4.8000,20181824,100217241.8000,2.337600,1,5.208300,14.092852,1.176772,1.197116,-208.413987,0
2021-08-03,sz.002483,5.1800,5.5600,5.0800,5.2900,5.0500,62692056,338213774.2700,7.261600,1,4.752500,14.762612,1.232698,1.254008,-218.318811,0
2021-08-04,sz.002483,5.2600,5.4300,5.2200,5.3900,5.2900,38004224,203242672.3600,4.402000,1,1.890400,15.041678,1.256001,1.277714,-222.445820,0
2021-08-05,sz.002483,5.4000,5.6000,5.3600,5.5200,5.3900,31583995,173365418.1600,3.658300,1,2.411900,15.404464,1.286294,1.308530,-227.810933,0
2021-08-06,sz.002483,5.4600,5.5100,5.3800,5.4700,5.5200,18888059,102806445.2400,2.187800,1,-0.905800,15.264931,1.274642,1.296678,-225.747428,0
2021-08-09,sz.002483,5.4800,5.5300,5.4000,5.4700,5.4700,15013302,82145159.3400,1.739000,1,0.000000,15.264931,1.274642,1.296678,-225.747428,0
2021-08-10,sz.002483,5.4800,5.6600,5.4800,5.6500,5.4700,19924213,111592877.3900,2.307800,1,3.290700,15.767250,1.316587,1.339347,-233.176045,0
2021-08-11,sz.002483,5.5800,5.6700,5.5300,5.6400,5.6500,13367804,74897803.1000,1.548400,1,-0.177000,15.739344,1.314257,1.336977,-232.763344,0
2021-08-12,sz.002483,5.6200,5.7000,5.5700,5.5900,5.6400,12816790,72031964.8500,1.484600,1,-0.886500,15.599811,1.302605,1.325124,-230.699840,0
2021-08-13,sz.002483,5.5700,5.8800,5.5600,5.6700,5.5900,18011714,102879858.8400,2.086300,1,1.431100,15.823064,1.321247,1.344088,-234.001447,0
2021-08-16,sz.002483,5.7100,5.9100,5.7100,5.7700,5.6700,12859930,74613394.7600,1.489600,1,1.763700,16.102130,1.344550,1.367794,-238.128457,0
2021-08-17,sz.002483,5.7700,5.8000,5.5300,5.5600,5.7700,15547220,87786533.6000,1.800800,1,-3.639500,15.516091,1.295615,1.318013,-229.461737,0
2021-08-18,sz.002483,5.5400,5.7200,5.5300,5.6700,5.5600,10365080,58578446.2000,1.200600,1,1.978400,15.823064,1.321247,1.344088,-234.001447,0
2021-08-19,sz.002483,5.6400,5.6900,5.4900,5.5700,5.6700,10637080,59088837.6000,1.232100,1,-1.763700,15.543997,1.297945,1.320383,-229.874438,0
2021-08-20,sz.002483,5.5000,5.6500,5.4500,5.6000,5.5700,10927303,60631361.8800,1.265700,1,0.538600,15.627717,1.304936,1.327495,-231.112541,0
2021-08-23,sz.002483,5.5900,6.0200,5.5800,5.9800,5.6000,24719854,145811919.6000,2.863300,1,6.785700,16.688170,1.393485,1.417575,-246.795177,0
2021-08-24,sz.002483,6.0200,6.1200,5.8400,5.8900,5.9800,21347048,127067612.2400,2.472600,1,-1.505000,14.311067,1.351300,1.424035,-31.533762,0
2021-08-25,sz.002483,5.8900,5.9000,5.7400,5.7600,5.8900,14677500,84961423.3400,1.700100,1,-2.207100,13.995203,1.321475,1.392605,-30.837771,0
2021-08-26,sz.002483,5.7700,5.8200,5.6700,5.7400,5.7600,11855594,68158940.9200,1.373200,1,-0.347200,13.946608,1.316887,1.387770,-30.730695,0
2021-08-27,sz.002483,5.7100,5.7800,5.5900,5.7700,5.7400,10821905,61860702.3100,1.253500,1,0.522600,14.019500,1.323770,1.395023,-30.891309,0
2021-08-30,sz.002483,5.7700,5.8200,5.6400,5.6700,5.7700,13626820,77742974.0000,1.578400,1,-1.733100,13.776528,1.300827,1.370846,-30.355931,0
2021-08-31,sz.002483,5.7100,5.9800,5.6300,5.6600,5.6700,23918438,138357427.2200,2.770500,1,-0.176400,13.752231,1.298533,1.368428,-30.302393,0
2021-09-01,sz.002483,5.6600,5.9500,5.5100,5.6700,5.6600,22858579,129866669.2600,2.647700,1,0.176700,13.776528,1.300827,1.370846,-30.355931,0
2021-09-02,sz.002483,5.6700,6.0500,5.5600,5.9300,5.6700,29774111,173810361.7400,3.448700,1,4.585500,14.408256,1.360477,1.433706,-31.747914,0
2021-09-03,sz.002483,5.9400,6.1400,5.8400,5.9500,5.9300,28401104,170194670.6800,3.289700,1,0.337300,14.456850,1.365066,1.438542,-31.854989,0
2021-09-06,sz.002483,5.9700,6.1900,5.8600,6.0300,5.9500,23637600,141808128.1700,2.737900,1,1.344500,14.651228,1.383420,1.457883,-32.283292,0
2021-09-07,sz.002483,6.0400,6.3000,5.9800,6.2900,6.0300,34906599,215396858.9200,4.043200,1,4.311800,15.282956,1.443070,1.520744,-33.675274,0
2021-09-08,sz.002483,6.2900,6.7200,6.2900,6.5800,6.2900,50237392,326422468.6500,5.819000,1,4.610500,15.987576,1.509602,1.590858,-35.227870,0
2021-09-09,sz.002483,6.5000,6.6400,6.3400,6.3600,6.5800,31999773,205778299.5600,3.706500,1,-3.343500,15.453037,1.459129,1.537668,-34.050039,0
2021-09-10,sz.002483,6.3700,6.5200,6.2300,6.2600,6.3600,31444039,198823245.4100,3.642100,1,-1.572300,15.210064,1.436187,1.513491,-33.514661,0
2021-09-13,sz.002483,6.2500,6.3500,6.2000,6.2800,6.2600,18416800,115452881.4000,2.133200,1,0.319500,15.258659,1.440775,1.518326,-33.621736,0
2021-09-14,sz.002483,6.2800,6.3100,6.1100,6.1600,6.2800,22240670,137674090.1200,2.576100,1,-1.910800,14.967092,1.413245,1.489314,-32.979283,0
2021-09-15,sz.002483,6.1500,6.6400,6.1200,6.5600,6.1600,30868106,198904190.7100,3.575400,1,6.493500,15.938981,1.505014,1.586022,-35.120795,0
2021-09-16,sz.002483,6.5600,6.6300,6.3000,6.3200,6.5600,21206063,136895643.9100,2.456300,1,-3.658500,15.355848,1.449952,1.527997,-33.835888,0
2021-09-17,sz.002483,6.2300,6.4600,6.1100,6.3400,6.3200,20918370,131499443.4000,2.423000,1,0.316500,15.404442,1.454541,1.532833,-33.942963,0
2021-09-22,sz.002483,6.3000,6.9700,6.2800,6.9700,6.3400,49245843,331550794.4500,5.704100,1,9.936900,16.935167,1.599077,1.685149,-37.315844,0
2021-09-23,sz.002483,7.0600,7.3600,6.7300,6.9600,6.9700,62568917,438167468.3300,7.247300,1,-0.143500,16.910870,1.596783,1.682731,-37.262307,0
2021-09-24,sz.002483,7.1300,7.4300,6.8600,7.0500,6.9600,57842155,410053907.3500,6.699800,1,1.293100,17.129545,1.617431,1.704491,-37.744147,0
2021-09-27,sz.002483,6.8000,6.8600,6.3500,6.3500,7.0500,24285460,157178435.8000,2.813000,1,-9.929100,15.428739,1.456835,1.535250,-33.996501,0
2021-09-28,sz.002483,5.9600,6.0900,5.7200,5.9400,6.3500,60771936,354834164.5900,7.039200,1,-6.456700,14.432553,1.362772,1.436124,-31.801451,0
2021-09-29,sz.002483,5.8100,6.0700,5.6200,5.6700,5.9400,26473849,154247614.8200,3.066400,1,-4.545500,13.776528,1.300827,1.370846,-30.355931,0
2021-09-30,sz.002483,5.7500,6.0100,5.7000,5.9900,5.6700,20532639,120486898.5700,2.378300,1,5.643700,14.554039,1.374243,1.448213,-32.069140,0
2021-10-08,sz.002483,6.0500,6.1100,5.7900,5.8300,5.9900,17389544,102788890.0400,2.014200,1,-2.671100,14.165283,1.337535,1.409529,-31.212536,0
2021-10-11,sz.002483,5.8600,5.9700,5.7200,5.8900,5.8300,14330341,83931862.7500,1.659900,1,1.029200,14.311067,1.351300,1.424035,-31.533762,0
2021-10-12,sz.002483,5.8400,5.9200,5.5000,5.5700,5.8900,17020206,96162927.1400,1.971400,1,-5.432900,13.533556,1.277885,1.346668,-29.820553,0
2021-10-13,sz.002483,5.5900,5.7700,5.4400,5.7200,5.5700,14901531,83626948.7600,1.726000,1,2.693000,13.898014,1.312299,1.382934,-30.623620,0
2021-10-14,sz.002483,5.5000,5.8100,5.4600,5.7100,5.7200,19365780,109184596.4000,2.243100,1,-0.174800,13.873717,1.310004,1.380516,-30.570082,0
2021-10-15,sz.002483,5.7100,5.7100,5.5200,5.5300,5.7100,13406748,74961991.5000,1.552900,1,-3.152400,13.436367,1.268708,1.336998,-29.606402,0
2021-10-18,sz.002483,5.5700,5.8400,5.5200,5.8100,5.5300,17072119,97451408.6300,1.977400,1,5.063300,14.116689,1.332947,1.404694,-31.105460,0
2021-10-19,sz.002483,5.7900,5.8800,5.7200,5.7400,5.8100,11511345,66392501.4600,1.333300,1,-1.204800,13.946608,1.316887,1.387770,-30.730695,0
2021-10-20,sz.002483,5.7100,5.7700,5.6400,5.7200,5.7400,12052761,68678956.2900,1.396100,1,-0.348400,13.898014,1.312299,1.382934,-30.623620,0
2021-10-21,sz.002483,5.7100,5.7500,5.5600,5.6000,5.7200,12416739,70022529.1700,1.438200,1,-2.097900,13.606447,1.284768,1.353922,-29.981166,0
2021-10-22,sz.002483,5.6000,5.6300,5.4700,5.4800,5.6000,9670600,53560363.8000,1.120100,1,-2.142900,13.314881,1.257237,1.324909,-29.338713,0
2021-10-25,sz.002483,5.4800,5.4800,5.4800,5.4800,5.4800,0,0.0000,,0,0.000000,13.314881,1.257237,1.324909,-29.338713,0
2021-10-26,sz.002483,5.4800,5.4800,5.4800,5.4800,5.4800,0,0.0000,,0,0.000000,13.731021,1.238106,1.382238,-91.408988,0
2021-10-27,sz.002483,5.4800,5.4800,5.4800,5.4800,5.4800,0,0.0000,,0,0.000000,13.731021,1.238106,1.382238,-91.408988,0
2021-10-28,sz.002483,5.4800,5.4800,5.4800,5.4800,5.4800,,,,0,,13.731021,1.238106,1.382238,-91.408988,0
2021-10-29,sz.002483,5.4800,5.4800,5.4800,5.4800,5.4800,,,,0,,13.731021,1.238106,1.382238,-91.408988,0
2021-11-01,sz.002483,6.0300,6.0300,6.0300,6.0300,5.4800,2864800,17274744.0000,0.331800,1,10.036500,15.109135,1.362368,1.520966,-100.583247,0
2021-11-02,sz.002483,6.6300,6.6300,6.0100,6.1100,6.0300,74007332,464502930.6500,8.572200,1,1.326700,15.309588,1.380443,1.541144,-101.917685,0
2021-11-03,sz.002483,6.0100,6.1700,5.8300,6.1100,6.1100,40576206,243222056.9400,4.699900,1,0.000000,15.309588,1.380443,1.541144,-101.917685,0
2021-11-04,sz.002483,6.1200,6.7200,6.0900,6.7200,6.1100,56612653,373223907.1500,6.557400,1,9.983600,16.838041,1.518261,1.695007,-112.092773,0
2021-11-05,sz.002483,7.0000,7.3700,6.8200,7.0400,6.7200,102736667,723151013.9400,11.899900,1,4.761900,17.639852,1.590560,1.775721,-117.430524,0
2021-11-08,sz.002483,6.9000,7.7400,6.8300,7.3400,7.0400,86202230,635097268.8500,9.984700,1,4.261400,18.391551,1.658339,1.851391,-122.434666,0
2021-11-09,sz.002483,7.2800,7.4800,7.1800,7.3100,7.3400,48102646,352165407.8000,5.571700,1,-0.408700,18.316381,1.651561,1.843824,-121.934252,0
2021-11-10,sz.002483,7.3800,7.6400,7.2900,7.5100,7.3100,43785992,326567599.3800,5.071700,1,2.736000,18.817513,1.696747,1.894271,-125.270346,0
2021-11-11,sz.002483,7.4200,7.5000,7.0700,7.1000,7.5100,54748488,394738389.8100,6.341500,1,-5.459400,17.790192,1.604115,1.790855,-118.431353,0
2021-11-12,sz.002483,7.1500,7.7000,7.1000,7.6400,7.1000,47342460,353028692.4800,5.483600,1,7.605600,19.143249,1.726119,1.927061,-127.438808,0
2021-11-15,sz.002483,7.5700,7.6500,7.1900,7.2800,7.6400,38906120,285157746.0000,4.506500,1,-4.712000,18.241211,1.644783,1.836257,-121.433838,0
2021-11-16,sz.002483,7.3200,8.0100,7.3200,8.0100,7.2800,57182996,440971427.3600,6.623500,1,10.027500,20.070343,1.809713,2.020387,-133.610582,0
2021-11-17,sz.002483,8.1500,8.7700,7.8600,8.3100,8.0100,86569456,720158675.2700,10.027300,1,3.745300,20.822042,1.877493,2.096057,-138.614724,0
2021-11-18,sz.002483,8.2500,8.5700,8.0700,8.3300,8.3100,54051898,450141439.6400,6.260800,1,0.240700,20.872155,1.882012,2.101102,-138.948334,0
2021-11-19,sz.002483,8.2800,9.1500,8.2500,8.9300,8.3300,59459844,528812592.7000,6.887200,1,7.202900,22.375551,2.017571,2.252442,-148.956617,0
2021-11-22,sz.002483,8.9100,8.9900,8.7100,8.7500,8.9300,45621145,402169942.2400,5.284300,1,-2.015700,21.924532,1.976903,2.207040,-145.954132,0
2021-11-23,sz.002483,8.7200,8.7400,8.1700,8.2500,8.7500,58439919,486972067.0000,6.769000,1,-5.714300,20.671702,1.863937,2.080923,-137.613896,0
2021-11-24,sz.002483,8.2100,8.6600,8.0900,8.3500,8.2500,49210752,410844880.7000,5.700000,1,1.212100,20.922268,1.886530,2.106147,-139.281943,0
2021-11-25,sz.002483,8.3000,8.6300,8.1500,8.2400,8.3500,35711409,297763043.7800,4.136400,1,-1.317400,20.646645,1.861678,2.078401,-137.447091,0
2021-11-26,sz.002483,8.2000,8.6400,8.0800,8.4400,8.2400,40582204,339912010.3100,4.700600,1,2.427200,21.147778,1.906864,2.128848,-140.783186,0
2021-11-29,sz.002483,8.2700,8.4200,8.1800,8.3200,8.4400,21445220,178070357.4000,2.484000,1,-1.421800,20.847098,1.879752,2.098580,-138.781529,0
2021-11-30,sz.002483,8.2800,8.5500,8.1600,8.2200,8.3200,31744740,264191672.8000,3.677000,1,-1.201900,20.596532,1.857159,2.073356,-137.113482,0
2021-12-01,sz.002483,8.2100,8.3000,8.0400,8.1800,8.2200,24383580,198605276.2000,2.824300,1,-0.486600,20.496306,1.848122,2.063267,-136.446263,0
2021-12-02,sz.002483,8.1400,8.1700,7.7300,7.7500,8.1800,37444904,295783681.6000,4.337200,1,-5.256700,19.418872,1.750971,1.954807,-129.273660,0
2021-12-03,sz.002483,7.8400,8.0100,7.7900,7.8200,7.7500,22934024,181052915.8000,2.656400,1,0.903200,19.594268,1.766786,1.972463,-130.441293,0
2021-12-06,sz.002483,7.8800,7.9300,7.5000,7.5300,7.8200,30794274,236249855.4000,3.566900,1,-3.708400,18.867626,1.701266,1.899315,-125.603956,0
2021-12-07,sz.002483,7.6600,7.7000,7.1100,7.2700,7.5300,34435463,252098528.3600,3.988600,1,-3.452900,18.216154,1.642524,1.833735,-121.267033,0
2021-12-08,sz.002483,7.3400,7.5600,7.2700,7.4800,7.2700,20883919,155757003.7600,2.419000,1,2.888600,18.742343,1.689970,1.886704,-124.769932,0
2021-12-09,sz.002483,7.4800,7.5000,7.2900,7.3900,7.4800,17962031,132112332.1600,2.080500,1,-1.203200,18.516834,1.669636,1.864003,-123.268690,0
2021-12-10,sz.002483,7.3200,7.5400,7.3000,7.4100,7.3900,14675140,108978475.0000,1.699800,1,0.270600,18.566947,1.674154,1.869047,-123.602299,0
2021-12-13,sz.002483,7.4200,7.5900,7.3700,7.4200,7.4100,21596960,161042400.8000,2.501600,1,0.135000,18.592003,1.676414,1.871570,-123.769104,0
2021-12-14,sz.002483,7.5700,8.1600,7.4900,8.1600,7.4200,59664249,467414899.7100,6.910900,1,9.973000,20.446192,1.843603,2.058222,-136.112653,0
2021-12-15,sz.002483,8.1500,8.1500,7.9000,7.9500,8.1600,49497743,396062697.6300,5.733300,1,-2.573500,19.920004,1.796157,2.005253,-132.609754,0
2021-12-16,sz.002483,7.8800,8.3200,7.8600,8.1000,7.9500,33974369,277350826.2200,3.935200,1,1.886800,20.295853,1.830047,2.043088,-135.111825,0
2021-12-17,sz.002483,8.1100,8.2000,7.8900,7.9000,8.1000,27120320,217357812.6000,3.141300,1,-2.469100,19.794721,1.784861,1.992642,-131.775731,0
2021-12-20,sz.002483,7.9000,8.0800,7.7100,7.8300,7.9000,33701775,266447287.6700,3.903600,1,-0.886100,19.619324,1.769046,1.974985,-130.608097,0
2021-12-21,sz.002483,8.0500,8.3000,7.8600,8.2300,7.8300,37906588,307552207.7600,4.390700,1,5.108600,20.621589,1.859418,2.075879,-137.280286,0
2021-12-22,sz.002483,8.1500,8.2400,7.8000,7.8400,8.2300,31808183,252648121.3500,3.684300,1,-4.738800,19.644381,1.771305,1.977508,-130.774902,0
2021-12-23,sz.002483,7.8000,7.9300,7.5500,7.8300,7.8400,23666309,183313847.2400,2.741200,1,-0.127600,19.619324,1.769046,1.974985,-130.608097,0
2021-12-24,sz.002483,7.9500,7.9500,7.5000,7.5100,7.8300,23537365,179777229.3700,2.726300,1,-4.086800,18.817513,1.696747,1.894271,-125.270346,0
2021-12-27,sz.002483,7.4900,7.8500,7.4700,7.6100,7.5100,22030408,169345999.7200,2.551800,1,1.331600,19.068079,1.719341,1.919494,-126.938394,0
2021-12-28,sz.002483,7.7400,7.7500,7.4300,7.7100,7.6100,16032968,121482997.8800,1.857100,1,1.314100,19.318645,1.741934,1.944717,-128.606441,0
2021-12-29,sz.002483,7.6300,8.0600,7.5400,7.8700,7.7100,31202648,247115356.1400,3.614200,1,2.075200,19.719551,1.778083,1.985075,-131.275316,0
2021-12-30,sz.002483,7.9000,8.2400,7.8100,8.0900,7.8700,29301602,235398535.7800,3.394000,1,2.795400,20.270796,1.827788,2.040566,-134.945020,0
2021-12-31,sz.002483,8.1200,8.5600,8.0600,8.0800,8.0900,33615691,278621699.6200,3.893700,1,-0.123600,20.245740,1.825529,2.038044,-134.778216,0
2022-01-04,sz.002483,8.1200,8.8900,8.1200,8.5100,8.0800,56901147,488481854.1200,6.590800,1,5.321800,21.323174,1.922679,2.146504,-141.950819,0
2022-01-05,sz.002483,8.4700,8.6100,8.1300,8.5000,8.5100,42250146,354089779.3200,4.893800,1,-0.117500,21.298117,1.920420,2.143982,-141.784014,0
2022-01-06,sz.002483,8.4800,8.8500,8.3400,8.7400,8.5000,30574347,263555215.0800,3.541400,1,2.823500,21.899476,1.974644,2.204518,-145.787327,0
2022-01-07,sz.002483,8.6300,8.9900,8.4000,8.4200,8.7400,25668964,221896055.8400,2.973200,1,-3.661300,21.097664,1.902345,2.123803,-140.449576,0
2022-01-10,sz.002483,8.5000,8.5300,8.1700,8.1900,8.4200,18365520,151891107.0000,2.127300,1,-2.731600,20.521362,1.850381,2.065789,-136.613067,0
2022-01-11,sz.002483,8.2900,8.3500,7.9400,8.0000,8.1900,18544552,149948446.2000,2.148000,1,-2.319900,20.045287,1.807454,2.017865,-133.443778,0
2022-01-12,sz.002483,8.0300,8.2800,7.9800,8.1600,8.0000,17076009,139434888.6100,1.977900,1,2.000000,20.446192,1.843603,2.058222,-136.112653,0
2022-01-13,sz.002483,8.2000,8.3400,7.9800,8.0000,8.1600,23282191,190497810.3400,2.696800,1,-1.960800,20.045287,1.807454,2.017865,-133.443778,0
2022-01-14,sz.002483,7.9300,8.0200,7.6200,7.6500,8.0000,29349061,228212611.9700,3.399500,1,-4.375000,19.168305,1.728378,1.929583,-127.605612,0
2022-01-17,sz.002483,7.6500,7.7200,7.5000,7.5700,7.6500,20896420,159137348.4800,2.420400,1,-1.045800,18.967853,1.710303,1.909405,-126.271175,0
2022-01-18,sz.002483,7.5200,7.6000,7.3200,7.4100,7.5700,21910407,162834404.7600,2.537900,1,-2.113600,18.566947,1.674154,1.869047,-123.602299,0
2022-01-19,sz.002483,7.4000,7.4500,7.2600,7.3700,7.4100,12513710,92010262.4600,1.449500,1,-0.539800,18.466720,1.665117,1.858958,-122.935080,0
2022-01-20,sz.002483,7.4000,7.4000,6.9900,7.0100,7.3700,22416659,160007100.2000,2.596500,1,-4.884700,17.564683,1.583782,1.768154,-116.930110,0
2022-01-21,sz.002483,7.4000,7.5500,7.1200,7.1400,7.0100,33381087,246073352.6700,3.866500,1,1.854500,17.890418,1.613153,1.800945,-119.098572,0
2022-01-24,sz.002483,7.1600,7.7400,7.0900,7.5300,7.1400,31882474,238746825.2000,3.692900,1,5.462200,18.867626,1.701266,1.899315,-125.603956,0
2022-01-25,sz.002483,7.6500,8.2500,7.5400,7.6400,7.5300,38004510,299230244.9400,4.402000,1,1.460800,19.143249,1.726119,1.927061,-127.438808,0
2022-01-26,sz.002483,7.7500,7.9600,7.5300,7.7400,7.6400,30339261,235670591.4500,3.514200,1,1.308900,19.393815,1.748712,1.952284,-129.106855,0
2022-01-27,sz.002483,7.7700,7.8200,7.5800,7.6000,7.7400,18007116,138260404.7200,2.085700,1,-1.808800,19.043022,1.717081,1.916972,-126.771589,0
2022-01-28,sz.002483,7.5900,8.2900,7.3700,8.1100,7.6000,44867917,356366345.8300,5.197000,1,6.710500,20.320909,1.832307,2.045611,-135.278630,0
2022-02-07,sz.002483,8.3200,8.3500,7.9300,8.0100,8.1100,31197282,251313011.7000,3.613600,1,-1.233000,20.070343,1.809713,2.020387,-133.610582,0
2022-02-08,sz.002483,7.9800,8.0800,7.7600,8.0200,8.0100,23912557,190018916.3400,2.769800,1,0.124800,20.095400,1.811973,2.022910,-133.777387,0
2022-02-09,sz.002483,7.9800,8.1100,7.8100,8.0500,8.0200,21159856,168938921.9400,2.450900,1,0.374100,20.170570,1.818751,2.030477,-134.277801,0
2022-02-10,sz.002483,8.0600,8.1600,7.7800,7.8800,8.0500,25607290,202831553.1200,2.966100,1,-2.111800,19.744607,1.780342,1.987597,-131.442121,0
2022-02-11,sz.002483,7.7800,7.7800,7.3000,7.3000,7.8800,33872607,252741782.7000,3.923400,1,-7.360400,18.291324,1.649302,1.841302,-121.767447,0
2022-02-14,sz.002483,7.2000,7.4600,7.1500,7.3600,7.3000,13224699,97197748.3200,1.531800,1,0.821900,18.441664,1.662858,1.856436,-122.768276,0
2022-02-15,sz.002483,7.3600,8.0000,7.3100,7.9500,7.3600,36108773,279335361.3000,4.182500,1,8.016300,19.920004,1.796157,2.005253,-132.609754,0
2022-02-16,sz.002483,7.9500,8.3400,7.8600,8.2800,7.9500,39406922,322892174.4800,4.564500,1,4.150900,20.746872,1.870715,2.088490,-138.114310,0
2022-02-17,sz.002483,8.2200,8.4700,8.1600,8.3700,8.2800,33156180,275087266.1200,3.840500,1,1.087000,20.972381,1.891049,2.111191,-139.615552,0
2022-02-18,sz.002483,8.2900,8.3300,8.1900,8.3000,8.3700,16675853,137825920.9300,1.931600,1,-0.836300,20.796985,1.875234,2.093535,-138.447919,0
2022-02-21,sz.002483,8.2700,8.5200,8.2000,8.4800,8.3000,21784778,183151899.8600,2.523300,1,2.168700,21.248004,1.915901,2.138937,-141.450404,0
2022-02-22,sz.002483,8.4000,8.4400,8.1500,8.2100,8.4800,22193413,183298962.1700,2.570600,1,-3.184000,20.571476,1.854900,2.070834,-136.946677,0
2022-02-23,sz.002483,8.2200,8.4600,8.2000,8.4300,8.2100,25050146,209545608.0200,2.901500,1,2.679700,21.122721,1.904605,2.126325,-140.616381,0
2022-02-24,sz.002483,8.3600,8.5400,8.0100,8.3700,8.4300,36548337,302872416.5700,4.233400,1,-0.711700,20.972381,1.891049,2.111191,-139.615552,0
2022-02-25,sz.002483,8.5100,8.7400,8.4000,8.5600,8.3700,27235448,234227873.0200,3.154700,1,2.270000,21.448457,1.933976,2.159116,-142.784842,0
2022-02-28,sz.002483,8.5000,8.6000,8.2000,8.5400,8.5600,23694890,199531862.0000,2.744600,1,-0.233600,21.398344,1.929457,2.154071,0.000000,0
2022-03-01,sz.002483,8.5300,8.8800,8.5300,8.7200,8.5400,24382481,212662953.0000,2.824200,1,2.107700,21.849363,1.970125,2.199473,-145.453718,0
2022-03-02,sz.002483,8.6900,9.0400,8.6100,8.9800,8.7200,28823018,254936510.0000,3.338500,1,2.981700,22.500834,2.028867,2.265053,-149.790640,0
2022-03-03,sz.002483,9.0500,9.0900,8.5200,8.6800,8.9800,27980281,243760667.0000,3.240900,1,-3.340800,21.749136,1.961088,2.189384,-144.786499,0
2022-03-04,sz.002483,8.6800,8.7000,8.3000,8.3300,8.6800,17440341,147953064.0000,2.020100,1,-4.032300,20.872155,1.882012,2.101102,-138.948334,0
2022-03-07,sz.002483,8.3500,8.8800,8.3500,8.5600,8.3300,31300294,270962880.0000,3.625500,1,2.761100,21.448457,1.933976,2.159116,-142.784842,0
2022-03-08,sz.002483,8.7500,8.9800,8.1100,8.1700,8.5600,28874594,246397793.0000,3.344500,1,-4.556100,20.471249,1.845862,2.060745,-136.279458,0
2022-03-09,sz.002483,8.3900,8.4800,7.8300,8.2300,8.1700,23252800,190856766.0000,2.693400,1,0.734400,20.621589,1.859418,2.075879,-137.280286,0
2022-03-10,sz.002483,8.4000,8.6500,8.2600,8.5700,8.2300,21471621,182033129.0000,2.487000,1,4.131200,21.473513,1.936235,2.161638,-142.951647,0
2022-03-11,sz.002483,8.4700,8.5300,8.0900,8.3400,8.5700,19846060,164457225.0000,2.298800,1,-2.683800,20.897211,1.884271,2.103624,-139.115138,0
2022-03-14,sz.002483,8.2600,8.3700,8.0100,8.0300,8.3400,17753533,145258336.0000,2.056400,1,-3.717000,20.120457,1.814232,2.025432,-133.944192,0
2022-03-15,sz.002483,7.9700,8.0000,7.4900,7.5600,8.0300,26976667,208317278.0000,3.124700,1,-5.853100,18.942796,1.708044,1.906882,-126.104370,0
2022-03-16,sz.002483,7.6600,8.1400,7.5100,8.0300,7.5600,23287248,182877506.0000,2.697300,1,6.216900,20.120457,1.814232,2.025432,-133.944192,0
2022-03-17,sz.002483,8.0500,8.1500,7.7800,7.8500,8.0300,23336346,185562574.0000,2.703000,1,-2.241600,19.669438,1.773564,1.980030,-130.941707,0
2022-03-18,sz.002483,7.9400,8.0600,7.7000,7.8000,7.8500,13554551,106583558.1800,1.570000,1,-0.636900,19.544155,1.762268,1.967418,-130.107683,0
2022-03-21,sz.002483,7.7900,7.8900,7.6200,7.7900,7.8000,12122088,94239967.7300,1.404100,1,-0.128200,19.519098,1.760008,1.964896,-129.940879,0
2022-03-22,sz.002483,7.8000,7.8600,7.6500,7.6700,7.7900,12601502,97441954.1400,1.459600,1,-1.540400,19.218419,1.732897,1.934628,-127.939222,0
2022-03-23,sz.002483,7.7600,8.1000,7.6800,7.9500,7.6700,20198566,159839298.0000,2.339600,1,3.650600,19.920004,1.796157,2.005253,-132.609754,0
2022-03-24,sz.002483,7.9100,7.9100,7.5700,7.6300,7.9500,16756533,128536235.9900,1.940900,1,-4.025200,19.118192,1.723859,1.924539,-127.272003,0
2022-03-25,sz.002483,7.5600,7.7100,7.5600,7.6300,7.6300,8733139,66770249.5700,1.011600,1,0.000000,19.118192,1.723859,1.924539,-127.272003,0
2022-03-28,sz.002483,7.5500,7.7600,7.3000,7.7000,7.6300,13940459,104775742.3500,1.614700,1,0.917400,19.293589,1.739675,1.942195,-128.439636,0
2022-03-29,sz.002483,7.7000,7.7000,7.4400,7.5000,7.7000,8199550,61889844.5400,0.949700,1,-2.597400,18.792456,1.694488,1.891748,-125.103542,0
2022-03-30,sz.002483,7.5300,7.6800,7.5300,7.6500,7.5000,7992739,61007452.8000,0.925800,1,2.000000,19.168305,1.728378,1.929583,-127.605612,0
2022-03-31,sz.002483,7.6500,7.7400,7.5300,7.5400,7.6500,7737224,58960255.5700,0.896200,1,-1.437900,18.892683,1.703525,1.901838,-125.770761,0
2022-04-01,sz.002483,7.5000,7.5000,7.2900,7.3200,7.5400,12047516,88863502.8100,1.395500,1,-2.917800,18.341437,1.653820,1.846346,-122.101057,0
2022-04-06,sz.002483,7.3600,7.3700,7.1800,7.2600,7.3200,9433939,68199648.8200,1.092700,1,-0.819700,18.191098,1.640265,1.831212,-121.100228,0
2022-04-07,sz.002483,7.1600,7.3100,7.0800,7.1000,7.2600,9070412,65005077.0400,1.050600,1,-2.203900,17.790192,1.604115,1.790855,-118.431353,0
2022-04-08,sz.002483,7.0900,7.1700,6.8700,6.9200,7.1000,15497329,108023077.9200,1.795000,1,-2.535200,17.339173,1.563448,1.745453,-115.428868,0
2022-04-11,sz.002483,6.8600,6.9200,6.5400,6.5800,6.9200,14075900,93933858.0000,1.630400,1,-4.913300,16.487248,1.486631,1.659694,-109.757507,0
2022-04-12,sz.002483,6.5400,6.6400,6.4700,6.6200,6.5800,9778065,64172561.3100,1.132600,1,0.607900,16.587475,1.495668,1.669783,-110.424726,0
2022-04-13,sz.002483,6.5800,6.6100,6.3600,6.4000,6.6200,11719405,75505646.1800,1.357400,1,-3.323300,16.036229,1.445963,1.614292,-106.755022,0
2022-04-14,sz.002483,6.4500,6.5000,6.3000,6.3500,6.4000,16983402,108306368.8700,1.967200,1,-0.781300,15.910946,1.434667,1.601680,-105.920999,0
2022-04-15,sz.002483,6.3000,6.3300,6.0500,6.1000,6.3500,18818447,115411428.4500,2.179700,1,-3.937000,15.284531,1.378184,1.538622,-101.750881,0
2022-04-18,sz.002483,6.1200,6.2200,6.0400,6.1900,6.1000,10936992,67320744.6600,1.266800,1,1.475400,15.510041,1.398518,1.561323,-103.252123,0
2022-04-19,sz.002483,6.1900,6.4700,6.1600,6.3200,6.1900,13027560,82781763.4000,1.509000,1,2.100200,17.040663,1.401385,1.548103,36.073786,0
2022-04-20,sz.002483,6.3700,6.3700,6.0600,6.1200,6.3200,14116568,87741883.5000,1.635100,1,-3.164600,16.501402,1.357037,1.499112,34.932210,0
2022-04-21,sz.002483,6.1700,6.1800,5.8500,5.9700,6.1200,14246461,85156760.1000,1.650200,1,-2.451000,16.096956,1.323776,1.462369,34.076029,0
2022-04-22,sz.002483,5.8800,6.1500,5.8600,5.9900,5.9700,12746229,76303156.6800,1.476400,1,0.335000,16.150882,1.328211,1.467268,34.190186,0
2022-04-25,sz.002483,5.9000,5.9000,5.4700,5.4700,5.9900,19751232,112892755.9900,2.287800,1,-8.681100,14.748802,1.212907,1.339893,31.222090,0
2022-04-26,sz.002483,5.4000,5.4300,4.9200,4.9200,5.4700,33028200,171753481.5100,3.825600,1,-10.054800,15.179327,1.077981,1.195710,7.622395,0
2022-04-27,sz.002483,4.8500,5.1600,4.8000,5.1400,4.9200,18423343,91732195.9800,2.134000,1,4.471500,15.858078,1.126183,1.249176,7.963233,0
2022-04-28,sz.002483,5.1000,5.1600,4.9000,5.0100,5.1400,12766068,64117305.3200,1.478700,1,-2.529200,15.456998,1.097700,1.217582,7.761829,0
2022-04-29,sz.002483,5.0200,5.2900,5.0200,5.2500,5.0100,13555801,70273511.4400,1.570200,1,4.790400,16.197453,1.150284,1.275910,8.133653,0
2022-05-05,sz.002483,5.2500,5.4100,5.1800,5.3100,5.2500,12683629,67638131.7700,1.469100,1,1.142900,16.382567,1.163430,1.290492,8.226609,0
2022-05-06,sz.002483,5.2100,5.2600,5.0800,5.1400,5.3100,9864886,51003298.0400,1.142600,1,-3.201500,15.858078,1.126183,1.249176,7.963233,0
2022-05-09,sz.002483,5.1600,5.3900,5.1600,5.2800,5.1400,9711881,51475207.3200,1.124900,1,2.723700,16.290010,1.156857,1.283201,8.180131,0
2022-05-10,sz.002483,5.2500,5.5400,5.1700,5.4300,5.2800,17938520,96893742.2800,2.077800,1,2.840900,16.752794,1.189723,1.319655,8.412521,0
2022-05-11,sz.002483,5.4000,5.5900,5.3800,5.4300,5.4300,13420589,73906570.7400,1.554500,1,0.000000,16.752794,1.189723,1.319655,8.412521,0
2022-05-12,sz.002483,5.3800,5.5100,5.3100,5.3900,5.4300,10730408,57886581.7600,1.242900,1,-0.736600,16.629385,1.180959,1.309934,8.350550,0
2022-05-13,sz.002483,5.3900,5.4200,5.3300,5.3800,5.3900,8886664,47794132.7200,1.029300,1,-0.185500,16.598533,1.178767,1.307504,8.335058,0
2022-05-16,sz.002483,5.4500,5.5200,5.3000,5.3400,5.3800,10298292,55276393.5000,1.192800,1,-0.743500,16.475124,1.170003,1.297782,8.273087,0
2022-05-17,sz.002483,5.3400,5.3800,5.2000,5.3000,5.3400,8419500,44499509.4200,0.975200,1,-0.749100,16.351714,1.161239,1.288061,8.211116,0
2022-05-18,sz.002483,5.3000,5.4600,5.2500,5.3800,5.3000,10731110,57942109.9700,1.243000,1,1.509400,16.598533,1.178767,1.307504,8.335058,0
2022-05-19,sz.002483,5.3100,5.8300,5.2700,5.6400,5.3800,26289516,147455204.7400,3.045100,1,4.832700,17.400692,1.235734,1.370692,8.737867,0
2022-05-20,sz.002483,5.7300,5.7400,5.5200,5.6800,5.6400,16874898,95121118.7800,1.954600,1,0.709200,17.524102,1.244498,1.380413,8.799838,0
2022-05-23,sz.002483,5.6800,5.8800,5.6200,5.8500,5.6800,20228422,116502711.7300,2.343000,1,2.993000,18.048590,1.281745,1.421728,9.063213,0
2022-05-24,sz.002483,5.8700,6.1500,5.7600,5.7800,5.8500,27607187,163949329.3500,3.197700,1,-1.196600,17.832624,1.266408,1.404716,8.954764,0
2022-05-25,sz.002483,5.7000,5.9900,5.5100,5.9700,5.7800,16329882,95556121.4700,1.891500,1,3.287200,18.418818,1.308038,1.450892,9.249125,0
2022-05-26,sz.002483,6.0400,6.0600,5.8700,5.9500,5.9700,13972888,83271243.7500,1.618500,1,-0.335000,18.357113,1.303656,1.446031,9.218140,0
2022-05-27,sz.002483,5.9800,6.0300,5.8000,5.9100,5.9500,10446138,62012950.1200,1.210000,1,-0.672300,18.233704,1.294891,1.436310,9.156169,0
2022-05-30,sz.002483,5.9300,5.9800,5.8000,5.9300,5.9100,10068441,59396883.5900,1.166200,1,0.338400,18.295409,1.299273,1.441170,9.187154,0
2022-05-31,sz.002483,6.0100,6.1100,5.9200,6.0400,5.9300,13958437,84153400.3600,1.616800,1,1.855000,18.634784,1.323375,1.467904,9.357574,0
2022-06-01,sz.002483,6.0300,6.2000,5.9200,6.0700,6.0400,16542636,99954015.6900,1.916100,1,0.496700,18.727341,1.329948,1.475195,9.404052,0
2022-06-02,sz.002483,6.0500,6.2400,6.0500,6.1600,6.0700,13747950,84601250.7600,1.592400,1,1.482700,19.005012,1.349667,1.497067,9.543486,0
2022-06-06,sz.002483,6.1500,6.2700,6.1300,6.2200,6.1600,11072445,68628165.0000,1.282500,1,0.974000,19.190125,1.362813,1.511649,9.636442,0
2022-06-07,sz.002483,6.2100,6.2300,6.0700,6.1200,6.2200,10693939,65523722.4300,1.238700,1,-1.607700,18.881602,1.340903,1.487346,9.481515,0
2022-06-08,sz.002483,6.0800,6.1600,5.8800,5.9900,6.1200,18016600,108218394.2000,2.086800,1,-2.124200,18.480523,1.312420,1.455752,9.280110,0
2022-06-09,sz.002483,6.0100,6.0300,5.7700,5.7700,5.9900,15553200,91031175.2600,1.801500,1,-3.672800,17.801772,1.264217,1.402286,8.939272,0
2022-06-10,sz.002483,5.7900,5.9500,5.6800,5.9200,5.7700,10948637,64426267.2700,1.268200,1,2.599700,18.264557,1.297082,1.438740,9.171662,0
2022-06-13,sz.002483,5.9000,6.0100,5.8000,5.9000,5.9200,13537283,80153032.7000,1.568000,1,-0.337800,18.202852,1.292700,1.433879,9.140676,0
2022-06-14,sz.002483,5.8500,5.8900,5.6700,5.8600,5.9000,9884686,57143217.3400,1.144900,1,-0.678000,18.079443,1.283936,1.424158,9.078706,0
2022-06-15,sz.002483,5.8700,6.1000,5.8500,5.9300,5.8600,14423400,86203085.4400,1.670700,1,1.194500,18.295409,1.299273,1.441170,9.187154,0
2022-06-16,sz.002483,5.9300,6.1300,5.9000,6.0500,5.9300,15209032,91874111.1200,1.761600,1,2.023600,18.665636,1.325566,1.470334,9.373067,0
2022-06-17,sz.002483,6.0000,6.4100,6.0000,6.3200,6.0500,22040212,138206409.7100,2.552900,1,4.462800,19.498648,1.384723,1.535952,9.791369,0
2022-06-20,sz.002483,6.3800,6.8200,6.2800,6.6000,6.3200,28661154,187824813.2500,3.319700,1,4.430400,20.362512,1.446072,1.604001,10.225163,0
2022-06-21,sz.002483,6.5700,6.6600,6.3700,6.6000,6.6000,24233662,158079145.5000,2.806900,1,0.000000,20.362512,1.446072,1.604001,10.225163,0
2022-06-22,sz.002483,6.5900,6.9300,6.5400,6.6400,6.6000,20199432,135737313.8900,2.281800,1,0.606100,20.485921,1.454836,1.613722,10.287134,0
2022-06-23,sz.002483,6.6000,6.6800,6.2700,6.4200,6.6400,35676172,228604242.7600,4.030100,1,-3.313300,19.807171,1.406633,1.560255,9.946295,0
2022-06-24,sz.002483,6.4500,6.6400,6.4300,6.6100,6.4200,21689649,142100249.5500,2.450100,1,2.959500,20.393365,1.448263,1.606431,10.240656,0
2022-06-27,sz.002483,6.6200,6.6500,6.4300,6.5200,6.6100,14801334,96171436.5000,1.672000,1,-1.361600,20.115694,1.428544,1.584558,10.101222,0
2022-06-28,sz.002483,6.5800,6.6900,6.5200,6.6600,6.5200,14833315,98287232.7700,1.675600,1,2.147200,20.547626,1.459218,1.618583,10.318120,0
2022-06-29,sz.002483,6.6500,6.7400,6.3500,6.4000,6.6600,15474013,100576654.3600,1.748000,1,-3.903900,19.745466,1.402251,1.555395,9.915310,0
2022-06-30,sz.002483,6.3700,6.5900,6.3500,6.4600,6.4000,14152754,91495857.6400,1.598700,1,0.937500,19.930580,1.415397,1.569977,10.008266,0
2022-07-01,sz.002483,6.4500,6.6300,6.4000,6.4800,6.4600,10658214,69453168.6100,1.204000,1,0.309600,19.992285,1.419779,1.574837,10.039251,0
2022-07-04,sz.002483,6.4600,6.5800,6.3400,6.5600,6.4800,10485284,67827153.1100,1.184400,1,1.234600,20.239103,1.437308,1.594280,10.163193,0
2022-07-05,sz.002483,6.5000,6.5700,6.4400,6.5300,6.5600,10016805,65136321.1500,1.131500,1,-0.457300,20.146546,1.430735,1.586989,10.116715,0
2022-07-06,sz.002483,6.5300,6.6500,6.3800,6.4500,6.5300,9650820,62757375.8000,1.090200,1,-1.225100,19.899728,1.413206,1.567546,9.992773,0
2022-07-07,sz.002483,6.4500,6.4600,6.3300,6.3800,6.4500,12126785,77306251.9000,1.369900,1,-1.085300,19.683762,1.397869,1.550534,9.884325,0
2022-07-08,sz.002483,6.3400,6.5300,6.3100,6.4000,6.3800,14267160,91215441.3300,1.611700,1,0.313500,19.745466,1.402251,1.555395,9.915310,0
2022-07-11,sz.002483,6.3800,6.5100,6.3000,6.4000,6.4000,13301505,85177974.2200,1.502600,1,0.000000,19.745466,1.402251,1.555395,9.915310,0
2022-07-12,sz.002483,6.4300,6.6100,6.3100,6.3400,6.4000,21176200,137073145.6000,2.392100,1,-0.937500,19.560353,1.389105,1.540813,9.822354,0
2022-07-13,sz.002483,6.3800,6.7700,6.3300,6.6900,6.3400,26898940,177238369.6000,3.038600,1,5.520500,20.640183,1.465791,1.625874,10.364598,0
2022-07-14,sz.002483,6.7000,6.8000,6.5900,6.7200,6.6900,16430202,109986829.9600,1.856000,1,0.448400,20.732740,1.472364,1.633164,10.411076,0
2022-07-15,sz.002483,6.6900,6.8800,6.6800,6.6900,6.7200,14881733,100615100.3700,1.681100,1,-0.446400,20.640183,1.465791,1.625874,10.364598,0
2022-07-18,sz.002483,6.7400,6.9800,6.6600,6.9700,6.6400,18403535,125750895.7300,2.078900,1,4.969900,21.504047,1.527139,1.693922,10.798392,0
2022-07-19,sz.002483,6.9400,6.9400,6.8000,6.8100,6.9700,15445767,105965997.8000,1.744800,1,-2.295600,21.010410,1.492083,1.655037,10.550510,0
2022-07-20,sz.002483,6.8100,7.1700,6.7500,7.1200,6.8100,23754528,166162059.3200,2.683400,1,4.552100,21.966831,1.560005,1.730377,11.030782,0
2022-07-21,sz.002483,7.0800,7.3600,6.9500,6.9600,7.1200,22033549,156404023.0800,2.489000,1,-2.247200,21.473195,1.524948,1.691492,10.782900,0
2022-07-22,sz.002483,6.9500,7.1500,6.7800,6.9200,6.9600,18107940,125668824.8200,2.045500,1,-0.574700,21.349786,1.516184,1.681771,10.720929,0
2022-07-25,sz.002483,6.9400,7.6100,6.8500,7.2800,6.9200,64929949,476468025.4000,7.334600,1,5.202300,22.460468,1.595061,1.769261,11.278665,0
2022-07-26,sz.002483,7.0200,7.5000,6.9500,7.0600,7.2800,51563650,368637338.1600,5.824800,1,-3.022000,21.781718,1.546858,1.715795,10.937826,0
2022-07-27,sz.002483,6.9100,7.0500,6.7800,6.9600,7.0600,36841344,254804673.2100,4.161700,1,-1.416400,21.473195,1.524948,1.691492,10.782900,0
2022-07-28,sz.002483,7.0300,7.0700,6.7500,6.7700,6.9600,27131615,185910144.6000,3.064900,1,-2.729900,20.887001,1.483319,1.645316,10.488539,0
2022-07-29,sz.002483,6.7900,6.9600,6.7400,6.7700,6.7700,21271042,145270851.6600,2.402800,1,0.000000,20.887001,1.483319,1.645316,10.488539,0
2022-08-01,sz.002483,6.7500,6.8000,6.5900,6.7100,6.7700,16041140,106932990.4000,1.812000,1,-0.886300,20.701888,1.470173,1.630734,10.395583,0
2022-08-02,sz.002483,6.6100,6.6200,6.1600,6.2000,6.7100,21439198,135576821.2400,2.421800,1,-7.600600,19.128421,1.358431,1.506789,9.605457,0
2022-08-03,sz.002483,6.2200,6.4500,6.2100,6.2300,6.2000,16382806,104138962.8400,1.850600,1,0.483900,19.220978,1.365004,1.514080,9.651935,0
2022-08-04,sz.002483,6.2700,6.3500,6.1300,6.2200,6.2300,11128500,69241816.0000,1.257100,1,-0.160500,19.190125,1.362813,1.511649,9.636442,0
2022-08-05,sz.002483,6.2400,6.2700,6.1200,6.1800,6.2200,11625440,71763775.0000,1.313200,1,-0.643100,19.066716,1.354049,1.501928,9.574471,0
2022-08-08,sz.002483,6.1500,6.2600,6.0500,6.1900,6.1800,10773299,66622162.8100,1.217000,1,0.161800,19.097568,1.356240,1.504358,9.589964,0
2022-08-09,sz.002483,6.1900,6.2900,6.0800,6.2000,6.1900,10065043,62562465.0400,1.137000,1,0.161600,19.128421,1.358431,1.506789,9.605457,0
2022-08-10,sz.002483,6.2000,6.2100,6.1200,6.2000,6.2000,8058219,49762476.4200,0.910300,1,0.000000,19.128421,1.358431,1.506789,9.605457,0
2022-08-11,sz.002483,6.2000,6.2700,6.1700,6.2500,6.2000,10746809,66923486.9400,1.214000,1,0.806500,19.282682,1.369386,1.518940,9.682920,0
2022-08-12,sz.002483,6.3000,6.3600,6.1900,6.2000,6.2500,15447051,96696458.2000,1.744900,1,-0.800000,19.128421,1.358431,1.506789,9.605457,0
2022-08-15,sz.002483,6.2000,6.2300,6.1400,6.2000,6.2000,8606788,53189832.9000,0.972200,1,0.000000,19.128421,1.358431,1.506789,9.605457,0
2022-08-16,sz.002483,6.2200,6.6300,6.2100,6.5000,6.2000,30749973,199072969.2000,3.473600,1,4.838700,20.053989,1.424161,1.579698,10.070237,0
2022-08-17,sz.002483,6.5100,6.7300,6.4300,6.6400,6.5000,27341719,180079762.9100,3.088600,1,2.153800,20.485921,1.454836,1.613722,10.287134,0
2022-08-18,sz.002483,6.6000,7.1500,6.5400,6.9500,6.6400,45228899,310946279.6500,5.109200,1,4.668700,21.442343,1.522757,1.689061,10.767407,0
2022-08-19,sz.002483,6.8300,6.8900,6.6200,6.6500,6.9500,28266942,189795249.6100,3.193100,1,-4.316500,20.516774,1.457027,1.616152,10.302627,0
2022-08-22,sz.002483,6.6000,6.6900,6.4800,6.5300,6.6500,14686031,96014131.9700,1.659000,1,-1.804500,20.146546,1.430735,1.586989,10.116715,0
2022-08-23,sz.002483,6.4900,6.8000,6.4600,6.7700,6.5300,21693980,144839418.8700,2.450600,1,3.675300,20.887001,1.483319,1.645316,10.488539,0
2022-08-24,sz.002483,6.6000,6.7900,6.4100,6.4300,6.7700,23189154,152390559.9000,2.619500,1,-5.022200,22.646176,1.382591,1.665507,2.748473,0
2022-08-25,sz.002483,6.4300,6.4400,6.1500,6.2900,6.4300,16729692,104687769.5800,1.889800,1,-2.177300,22.153102,1.352488,1.629244,2.688631,0
2022-08-26,sz.002483,6.2900,6.4700,6.2200,6.3300,6.2900,12478704,79737931.9200,1.409600,1,0.635900,22.293981,1.361089,1.639605,2.705729,0
2022-08-29,sz.002483,6.2400,6.6200,6.1600,6.5500,6.3300,14939279,96483908.1300,1.687600,1,3.475500,23.068811,1.408394,1.696590,2.799767,0
2022-08-30,sz.002483,6.5300,6.5600,6.3400,6.3500,6.5500,11105517,71083515.6800,1.254500,1,-3.053400,22.364420,1.365389,1.644786,2.714278,0
2022-08-31,sz.002483,6.3600,6.3600,6.0900,6.1100,6.3500,14622900,90136049.4000,1.651800,1,-3.779500,21.519150,1.313784,1.582621,2.611691,0
2022-09-01,sz.002483,6.1100,6.2100,6.0800,6.1000,6.1100,7252432,44439292.7400,0.819300,1,-0.163700,21.483931,1.311634,1.580030,2.607416,0
2022-09-02,sz.002483,6.1200,6.1500,6.0100,6.0700,6.1000,7974702,48425449.7800,0.900800,1,-0.491800,21.378272,1.305183,1.572260,2.594593,0
2022-09-05,sz.002483,6.1400,6.3200,6.1000,6.1800,6.0700,10192091,63088559.6700,1.151300,1,1.812200,21.765687,1.328835,1.600752,2.641612,0
2022-09-06,sz.002483,6.1800,6.2500,6.1500,6.2400,6.1800,7420559,46085349.4900,0.838200,1,0.970900,21.977005,1.341737,1.616293,2.667259,0
2022-09-07,sz.002483,6.2400,6.3000,6.2000,6.2700,6.2400,6048962,37891927.1200,0.683300,1,0.480800,22.082663,1.348187,1.624064,2.680082,0
2022-09-08,sz.002483,6.2800,6.2800,6.0700,6.1100,6.2700,11475291,70511903.2800,1.296300,1,-2.551800,21.519150,1.313784,1.582621,2.611691,0
2022-09-09,sz.002483,6.1100,6.1500,6.0200,6.0900,6.1100,6295929,38163768.7200,0.711200,1,-0.327300,21.448711,1.309483,1.577440,2.603142,0
2022-09-13,sz.002483,6.0900,6.1200,6.0300,6.0400,6.0900,6497492,39433090.7600,0.734000,1,-0.821000,21.272613,1.298732,1.564489,2.581770,0
2022-09-14,sz.002483,5.9600,5.9600,5.8200,5.8600,6.0400,9848730,57991923.7600,1.112500,1,-2.980100,20.638661,1.260028,1.517865,2.504830,0
2022-09-15,sz.002483,5.9000,5.9600,5.5700,5.6900,5.8600,10283176,59007142.1300,1.161600,1,-2.901000,20.039929,1.223475,1.473832,2.432164,0
2022-09-16,sz.002483,5.7000,5.7100,5.4900,5.4900,5.6900,6032874,33660289.8400,0.681500,1,-3.514900,19.335538,1.180470,1.422027,2.346675,0
2022-09-19,sz.002483,5.4900,5.5400,5.3400,5.3900,5.4900,4800980,26000779.2000,0.542300,1,-1.821500,18.983342,1.158968,1.396125,2.303930,0
2022-09-20,sz.002483,5.5000,5.5800,5.4800,5.5600,5.3900,5245879,29042974.4700,0.592600,1,3.154000,19.582075,1.195522,1.440159,2.376596,0
2022-09-21,sz.002483,5.5500,5.6000,5.4400,5.5700,5.5600,3562280,19726658.0000,0.402400,1,0.179900,19.617294,1.197672,1.442749,2.380870,0
2022-09-22,sz.002483,5.5500,5.6800,5.5100,5.5800,5.5700,4397464,24667163.9400,0.496700,1,0.179500,19.652514,1.199822,1.445339,2.385145,0
2022-09-23,sz.002483,5.6100,5.6100,5.4600,5.4900,5.5800,4066359,22475515.3200,0.459300,1,-1.612900,19.335538,1.180470,1.422027,2.346675,0
2022-09-26,sz.002483,5.4900,5.5400,5.3800,5.4000,5.4900,5602540,30585544.2600,0.632900,1,-1.639300,19.018562,1.161118,1.398715,2.308205,0
2022-09-27,sz.002483,5.4500,5.6100,5.4400,5.5800,5.4000,7441114,41295259.9000,0.840600,1,3.333300,19.652514,1.199822,1.445339,2.385145,0
2022-09-28,sz.002483,5.5800,5.6200,5.4000,5.4300,5.5800,6207200,34043637.0000,0.701200,1,-2.688200,19.124220,1.167569,1.406486,2.321028,0
2022-09-29,sz.002483,5.5000,5.5100,5.3100,5.3300,5.4300,5157880,27812438.2000,0.582600,1,-1.841600,18.772025,1.146067,1.380584,2.278284,0
2022-09-30,sz.002483,5.3000,5.4000,5.2600,5.2800,5.3300,3374087,17970628.9000,0.381100,1,-0.938100,18.595927,1.135316,1.367633,2.256911,0
2022-10-10,sz.002483,5.3000,5.3600,5.1800,5.2400,5.2800,4431103,23277523.2400,0.500500,1,-0.757600,18.455049,1.126715,1.357272,2.239813,0
2022-10-11,sz.002483,5.2300,5.3400,5.1500,5.3000,5.2400,3964703,20789949.7800,0.447900,1,1.145000,18.666366,1.139616,1.372813,2.265460,0
2022-10-12,sz.002483,5.3000,5.6600,5.2600,5.5900,5.3000,8126983,44209486.1700,0.918000,1,5.471700,19.687733,1.201973,1.447930,2.389419,0
2022-10-13,sz.002483,5.5800,5.6500,5.5100,5.5900,5.5900,4977780,27843859.6000,0.562300,1,0.000000,19.687733,1.201973,1.447930,2.389419,0
2022-10-14,sz.002483,5.6300,5.7600,5.6000,5.7100,5.5900,7609962,43307731.2000,0.859600,1,2.146700,20.110368,1.227775,1.479012,2.440713,0
2022-10-17,sz.002483,5.6600,5.8200,5.6400,5.8100,5.7100,6497927,37320898.4700,0.734000,1,1.751300,20.462564,1.249277,1.504914,2.483457,0
2022-10-18,sz.002483,5.8200,5.9600,5.7800,5.9300,5.8100,8718002,51374488.6000,0.984800,1,2.065400,20.885198,1.275080,1.535997,2.534751,0
2022-10-19,sz.002483,5.8900,5.9400,5.8400,5.8400,5.9300,5885220,34646987.0000,0.664800,1,-1.517700,20.568222,1.255728,1.512685,2.496281,0
2022-10-20,sz.002483,5.8300,5.9400,5.7400,5.8400,5.8400,7782163,45457286.9200,0.879100,1,0.000000,20.568222,1.255728,1.512685,2.496281,0
2022-10-21,sz.002483,5.9600,6.4200,5.9600,6.2400,5.8400,46094596,288918667.6400,5.207000,1,6.849300,21.977005,1.341737,1.616293,2.667259,0
2022-10-24,sz.002483,6.3000,6.5500,6.2000,6.3500,6.2400,35381894,225814250.8200,3.996800,1,1.762800,22.364420,1.365389,1.644786,2.714278,0
2022-10-25,sz.002483,6.1800,6.2500,6.0100,6.0700,6.3500,25868488,157767090.9200,2.922200,1,-4.409400,22.575292,1.305762,1.474117,2.851423,0
2022-10-26,sz.002483,6.1500,6.2300,6.0100,6.0800,6.0700,24316246,148193985.0100,2.746800,1,0.164700,22.612484,1.307913,1.476545,2.856121,0
2022-10-27,sz.002483,6.0800,6.1600,5.8800,6.0100,6.0800,22589093,135552631.2200,2.551700,1,-1.151300,22.352143,1.292855,1.459546,2.823238,0
2022-10-28,sz.002483,5.9900,6.0500,5.7100,5.7500,6.0100,13607273,79720317.7100,1.537100,1,-4.326100,21.385161,1.236924,1.396404,2.701101,0
2022-10-31,sz.002483,5.6800,5.8500,5.6500,5.7700,5.7500,9143931,52666865.5100,1.032900,1,0.347800,21.459544,1.241227,1.401261,2.710496,0
2022-11-01,sz.002483,5.7800,5.9700,5.7500,5.9600,5.7700,11890479,69971851.9200,1.343200,1,3.292900,22.166185,1.282099,1.447403,2.799750,0
2022-11-02,sz.002483,5.9400,6.0000,5.8400,5.8800,5.9600,18106403,106694846.3300,2.045300,1,-1.342300,21.868652,1.264889,1.427975,2.762170,0
2022-11-03,sz.002483,5.8000,5.9500,5.7900,5.8800,5.8800,9375368,54839599.4200,1.059100,1,0.000000,21.868652,1.264889,1.427975,2.762170,0
2022-11-04,sz.002483,5.8800,6.0600,5.8700,6.0400,5.8800,14297892,85495771.2500,1.615100,1,2.721100,22.463717,1.299308,1.466831,2.837331,0
2022-11-07,sz.002483,6.0200,6.0500,5.8800,5.9600,6.0400,12244170,72993369.1000,1.383100,1,-1.324500,22.166185,1.282099,1.447403,2.799750,0
2022-11-08,sz.002483,5.9100,6.1500,5.9000,6.0300,5.9600,11660101,70143186.8300,1.317200,1,1.174500,22.426526,1.297157,1.464403,2.832633,0
2022-11-09,sz.002483,5.9800,6.0200,5.9200,5.9500,6.0300,7744900,46097075.0000,0.874900,1,-1.326700,22.128993,1.279948,1.444975,2.795053,0
2022-11-10,sz.002483,5.9200,5.9600,5.8300,5.8500,5.9500,6833326,40204512.1400,0.771900,1,-1.680700,21.757077,1.258436,1.420689,2.748077,0
2022-11-11,sz.002483,5.9600,6.0100,5.8400,5.8500,5.8500,7259123,42966512.2700,0.820000,1,0.000000,21.757077,1.258436,1.420689,2.748077,0
2022-11-14,sz.002483,5.8100,5.9100,5.7500,5.7600,5.8500,8471208,49209741.6400,0.956900,1,-1.538500,21.422353,1.239075,1.398833,2.705799,0
2022-11-15,sz.002483,5.8100,5.8700,5.7400,5.8700,5.7600,6803002,39601383.7800,0.768500,1,1.909700,21.831460,1.262738,1.425546,2.757472,0
2022-11-16,sz.002483,5.8800,5.9200,5.7400,5.7700,5.8700,8042770,46662320.0700,0.908500,1,-1.703600,21.459544,1.241227,1.401261,2.710496,0
2022-11-17,sz.002483,5.7500,5.7700,5.6500,5.6900,5.7700,7929403,45006413.8400,0.895700,1,-1.386500,21.162012,1.224017,1.381833,2.672916,0
2022-11-18,sz.002483,5.7200,5.8200,5.6200,5.7900,5.6900,10007189,57565238.3100,1.130400,1,1.757500,21.533928,1.245529,1.406118,2.719891,0
2022-11-21,sz.002483,5.7700,5.7800,5.6000,5.6700,5.7900,10466160,59221822.0000,1.182300,1,-2.072500,21.087629,1.219715,1.376976,2.663521,0
2022-11-22,sz.002483,5.6600,5.6800,5.5100,5.5600,5.6700,8661434,48461806.1500,0.978400,1,-1.940000,20.678521,1.196052,1.350262,2.611847,0
2022-11-23,sz.002483,5.5800,5.6400,5.4300,5.6200,5.5600,6192791,34395835.1100,0.699600,1,1.079100,20.901671,1.208959,1.364833,2.640033,0
2022-11-24,sz.002483,5.6200,5.6800,5.6000,5.6500,5.6200,4237300,23928211.8000,0.478700,1,0.533800,21.013245,1.215413,1.372119,2.654126,0
2022-11-25,sz.002483,5.6200,5.6500,5.5400,5.5500,5.6500,3906500,21826412.0000,0.441300,1,-1.769900,20.641330,1.193901,1.347833,2.607150,0
2022-11-28,sz.002483,5.5000,5.6800,5.4200,5.6600,5.5500,7084672,39451609.8400,0.800300,1,1.982000,21.050437,1.217564,1.374547,2.658823,0
2022-11-29,sz.002483,5.6100,5.7100,5.6100,5.7000,5.6600,5872000,33327443.0000,0.663300,1,0.706700,21.199203,1.226168,1.384261,2.677613,0
2022-11-30,sz.002483,5.7100,5.7200,5.6600,5.6900,5.7000,4193377,23839071.5900,0.473700,1,-0.175400,21.162012,1.224017,1.381833,2.672916,0
2022-12-01,sz.002483,5.7000,5.7500,5.6800,5.6800,5.6900,4920162,28074199.2200,0.555800,1,-0.175700,21.124820,1.221866,1.379404,2.668218,0
2022-12-02,sz.002483,5.6800,5.6800,5.6000,5.6200,5.6800,6944300,39102730.4000,0.784400,1,-1.056300,20.901671,1.208959,1.364833,2.640033,0
2022-12-05,sz.002483,5.6500,5.6500,5.5800,5.6400,5.6200,8431600,47356145.2400,0.952500,1,0.355900,20.976054,1.213261,1.369690,2.649428,0
2022-12-06,sz.002483,5.6300,5.6500,5.5500,5.5700,5.6400,7331474,40928306.4400,0.828200,1,-1.241100,20.715713,1.198203,1.352691,2.616545,0
2022-12-07,sz.002483,5.5700,5.5700,5.5000,5.5100,5.5700,6458000,35723151.0000,0.729500,1,-1.077200,20.492563,1.185296,1.338119,2.588360,0
2022-12-08,sz.002483,5.5100,5.6000,5.4800,5.5300,5.5100,7428321,41198515.4900,0.839100,1,0.363000,20.566946,1.189598,1.342976,2.597755,0
2022-12-09,sz.002483,5.5300,5.5400,5.4400,5.4900,5.5300,8116800,44448817.0000,0.916900,1,-0.723300,20.418180,1.180994,1.333262,2.578964,0
2022-12-12,sz.002483,5.4600,5.5100,5.4200,5.4800,5.4900,5559843,30391827.4900,0.628100,1,-0.182100,20.380989,1.178843,1.330834,2.574267,0
2022-12-13,sz.002483,5.4700,5.4800,5.3800,5.3900,5.4800,6194100,33576689.0000,0.699700,1,-1.642300,20.046264,1.159482,1.308977,2.531989,0
2022-12-14,sz.002483,5.3700,5.5100,5.3700,5.4400,5.3900,5742362,31329496.4200,0.648700,1,0.927600,20.232222,1.170238,1.321120,2.555477,0
2022-12-15,sz.002483,5.4800,5.4800,5.4200,5.4400,5.4400,5113408,27819036.5600,0.577600,1,0.000000,20.232222,1.170238,1.321120,2.555477,0
2022-12-16,sz.002483,5.4400,5.4500,5.3200,5.3600,5.4400,4795565,25770204.2800,0.541700,1,-1.470600,19.934689,1.153029,1.301691,2.517896,0
2022-12-19,sz.002483,5.3900,5.3900,5.1300,5.1700,5.3600,12301042,64159697.5900,1.389600,1,-3.544800,19.228049,1.112156,1.255549,2.428642,0
2022-12-20,sz.002483,5.1500,5.2300,5.1100,5.1800,5.1700,5609772,29089721.6800,0.633700,1,0.193400,19.265241,1.114307,1.257978,2.433340,0
2022-12-21,sz.002483,5.2300,5.2300,5.1100,5.1400,5.1800,4220384,21812926.9200,0.476700,1,-0.772200,19.116475,1.105703,1.248264,2.414550,0
2022-12-22,sz.002483,5.1700,5.1800,5.0000,5.0200,5.1400,6636037,33688663.3300,0.749600,1,-2.334600,18.670176,1.079889,1.219121,2.358179,0
2022-12-23,sz.002483,5.0000,5.0300,4.9100,4.9700,5.0200,7510920,37310931.8000,0.848500,1,-0.996000,18.484218,1.069133,1.206979,2.334691,0
2022-12-26,sz.002483,4.9300,5.0600,4.9300,5.0600,4.9700,5984091,30059852.6400,0.676000,1,1.810900,18.818942,1.088493,1.228836,2.376969,0
2022-12-27,sz.002483,5.0600,5.1100,4.9900,5.0800,5.0600,7941200,40104500.0000,0.897100,1,0.395300,18.893325,1.092796,1.233693,2.386364,0
2022-12-28,sz.002483,5.1000,5.1000,5.0200,5.0400,5.0800,5451857,27595445.9100,0.615900,1,-0.787400,18.744559,1.084191,1.223978,2.367574,0
2022-12-29,sz.002483,5.0400,5.0400,4.9500,4.9600,5.0400,5108790,25481780.4000,0.577100,1,-1.587300,18.447026,1.066982,1.204550,2.329993,0
2022-12-30,sz.002483,4.9800,5.0800,4.9600,5.0300,4.9600,6715387,33677892.2600,0.758600,1,1.411300,18.707367,1.082040,1.221550,2.362876,0
2023-01-03,sz.002483,5.0200,5.3800,5.0000,5.3000,5.0300,17152137,89798064.4400,1.937500,1,5.367800,19.711540,1.140121,1.287120,2.489711,0
2023-01-04,sz.002483,5.2800,5.4000,5.2700,5.3400,5.3000,13960640,74423588.0000,1.577000,1,0.754700,19.860306,1.148726,1.296834,2.508501,0
2023-01-05,sz.002483,5.3400,5.3900,5.3000,5.3400,5.3400,8921653,47514662.9600,1.007800,1,0.000000,19.860306,1.148726,1.296834,2.508501,0
2023-01-06,sz.002483,5.3500,5.4800,5.3200,5.4300,5.3400,9679546,52525040.3200,1.093400,1,1.685400,20.195031,1.168087,1.318691,2.550779,0
2023-01-09,sz.002483,5.4400,5.5600,5.4000,5.4700,5.4300,9128489,50061667.2400,1.031200,1,0.736600,20.343797,1.176691,1.328405,2.569569,0
2023-01-10,sz.002483,5.4900,5.5800,5.4400,5.4700,5.4700,8615362,47368918.6600,0.973200,1,0.000000,20.343797,1.176691,1.328405,2.569569,0
2023-01-11,sz.002483,5.4600,5.4900,5.3900,5.3900,5.4700,5836540,31747190.7200,0.659300,1,-1.462500,20.046264,1.159482,1.308977,2.531989,0
2023-01-12,sz.002483,5.4000,5.4800,5.3800,5.4200,5.3900,5126500,27857683.0000,0.579100,1,0.556600,20.157839,1.165936,1.316263,2.546082,0
2023-01-13,sz.002483,5.5300,5.5300,5.3400,5.3700,5.4200,7272664,39102193.4000,0.821500,1,-0.922500,19.971881,1.155180,1.304120,2.522594,0
2023-01-16,sz.002483,5.4100,5.4700,5.3900,5.4400,5.3700,6461177,35140532.1200,0.729900,1,1.303500,20.232222,1.170238,1.321120,2.555477,0
2023-01-17,sz.002483,5.4800,5.4800,5.3900,5.4200,5.4400,3823291,20706463.0200,0.431900,1,-0.367600,20.157839,1.165936,1.316263,2.546082,0
2023-01-18,sz.002483,5.3800,5.4500,5.3800,5.4200,5.4200,3547766,19242554.2600,0.400800,1,0.000000,20.157839,1.165936,1.316263,2.546082,0
2023-01-19,sz.002483,5.4200,5.4600,5.3900,5.4300,5.4200,4771520,25906289.0000,0.539000,1,0.184500,20.195031,1.168087,1.318691,2.550779,0
2023-01-20,sz.002483,5.4600,5.5000,5.4300,5.4500,5.4300,7371940,40175307.0000,0.832800,1,0.368300,20.269414,1.172389,1.323548,2.560174,0
2023-01-30,sz.002483,5.4800,5.5500,5.4500,5.5400,5.4500,11153798,61610099.4900,1.260000,1,1.651400,20.604138,1.191750,1.345405,2.602452,0
2023-01-31,sz.002483,5.4100,5.5900,5.3800,5.5800,5.5400,13457808,73896086.7200,1.520200,1,0.722000,20.752904,1.200354,1.355119,2.621243,0
2023-02-01,sz.002483,5.6000,5.6400,5.5400,5.6100,5.5800,10087532,56359559.3400,1.139500,1,0.537600,20.864479,1.206808,1.362405,2.635335,0
2023-02-02,sz.002483,5.6200,5.6500,5.5600,5.5700,5.6100,8193200,45896222.0000,0.925500,1,-0.713000,20.715713,1.198203,1.352691,2.616545,0
2023-02-03,sz.002483,5.5900,5.6100,5.4900,5.5500,5.5700,7413552,41049377.0900,0.837500,1,-0.359100,20.641330,1.193901,1.347833,2.607150,0
2023-02-06,sz.002483,5.5300,5.5600,5.4900,5.5100,5.5500,6622421,36513506.0700,0.748100,1,-0.720700,20.492563,1.185296,1.338119,2.588360,0
2023-02-07,sz.002483,5.5100,5.7800,5.4900,5.7700,5.5100,22692238,128563665.7400,2.563400,1,4.718700,21.459544,1.241227,1.401261,2.710496,0
2023-02-08,sz.002483,5.8800,6.0400,5.7900,5.8900,5.7700,33635321,198871153.0700,3.799500,1,2.079700,21.905843,1.267041,1.430403,2.766867,0
2023-02-09,sz.002483,6.0100,6.4800,5.9100,6.2400,5.8900,67683461,423932357.4200,7.645700,1,5.942300,23.207549,1.342332,1.515402,2.931282,0
2023-02-10,sz.002483,6.2500,6.3200,6.0600,6.0900,6.2400,29637692,182079495.2500,3.347900,1,-2.403800,22.649675,1.310064,1.478974,2.860819,0
2023-02-13,sz.002483,6.1500,6.2100,6.0700,6.1200,6.0900,21432120,131398389.9700,2.421000,1,0.492600,22.761250,1.316518,1.486260,2.874911,0
2023-02-14,sz.002483,6.1200,6.2400,6.0700,6.1800,6.1200,18921142,116420519.9200,2.137400,1,0.980400,22.984399,1.329425,1.500831,2.903097,0
2023-02-15,sz.002483,6.1500,6.3000,6.1100,6.1400,6.1800,16026293,99235858.8000,1.810400,1,-0.647200,22.835633,1.320820,1.491117,2.884306,0
2023-02-16,sz.002483,6.1600,6.1800,5.8900,5.9400,6.1400,17649846,106770156.6500,1.993800,1,-3.257300,22.091801,1.277797,1.442546,2.790355,0
2023-02-17,sz.002483,5.9800,6.0000,5.8600,5.9000,5.9400,9893664,58592850.4600,1.117600,1,-0.673400,21.943035,1.269192,1.432832,2.771565,0
2023-02-20,sz.002483,5.8700,5.9600,5.8000,5.9400,5.9000,12075476,71078424.2200,1.364100,1,0.678000,22.091801,1.277797,1.442546,2.790355,0
2023-02-21,sz.002483,5.9700,6.1200,5.9400,6.0200,5.9400,14730567,88564127.4400,1.664000,1,1.346800,22.389334,1.295006,1.461974,2.827936,0
2023-02-22,sz.002483,6.0300,6.0600,5.9100,5.9400,6.0200,9826634,58573841.8200,1.110000,1,-1.328900,22.091801,1.277797,1.442546,2.790355,0
2023-02-23,sz.002483,5.9300,5.9800,5.8700,5.9100,5.9400,5847898,34604389.4300,0.660600,1,-0.505100,21.980227,1.271343,1.435260,2.776262,0
2023-02-24,sz.002483,5.9100,5.9800,5.8500,5.8900,5.9100,5349256,31566403.7200,0.604300,1,-0.338400,21.905843,1.267041,1.430403,2.766867,0
2023-02-27,sz.002483,5.8700,6.0100,5.7900,5.8400,5.8900,14377301,84362877.4300,1.624100,1,-0.848900,21.719886,1.256285,1.418261,2.743379,0
2023-02-28,sz.002483,5.8800,5.8900,5.7400,5.8400,5.8400,16227200,94032832.0000,1.833100,1,0.000000,21.719886,1.256285,1.418261,2.743379,0
2023-03-01,sz.002483,5.8400,5.8900,5.8000,5.8900,5.8400,8356174,48919108.9000,0.943900,1,0.856200,21.905843,1.267041,1.430403,2.766867,0
2023-03-02,sz.002483,5.8900,5.9700,5.8400,5.8400,5.8900,7886784,46458138.1600,0.890900,1,-0.848900,21.719886,1.256285,1.418261,2.743379,0
2023-03-03,sz.002483,5.8500,5.9900,5.8500,5.9000,5.8400,8326313,49194543.9600,0.940600,1,1.027400,21.943035,1.269192,1.432832,2.771565,0
2023-03-06,sz.002483,5.9400,5.9700,5.8700,5.9500,5.9000,7392374,43810980.1600,0.835100,1,0.847500,22.128993,1.279948,1.444975,2.795053,0
2023-03-07,sz.002483,5.9400,5.9400,5.7300,5.7300,5.9500,10979296,63792634.0000,1.240200,1,-3.697500,21.310778,1.232622,1.391547,2.691706,0
2023-03-08,sz.002483,5.7200,5.7800,5.7000,5.7400,5.7300,5519700,31686099.4400,0.623500,1,0.174500,21.347970,1.234773,1.393976,2.696404,0
2023-03-09,sz.002483,5.7800,5.7800,5.6600,5.7100,5.7400,5757303,32751843.0300,0.650400,1,-0.522600,21.236395,1.228320,1.386690,2.682311,0
2023-03-10,sz.002483,5.6600,5.7200,5.5500,5.6000,5.7100,9534734,53495538.6600,1.077100,1,-1.926400,20.827288,1.204657,1.359976,2.630638,0
2023-03-13,sz.002483,5.5800,5.5900,5.4800,5.5400,5.6000,7463400,41175027.0000,0.843100,1,-1.071400,20.604138,1.191750,1.345405,2.602452,0
2023-03-14,sz.002483,5.5600,5.5600,5.3700,5.4300,5.5400,6725899,36634791.1900,0.759800,1,-1.985600,20.195031,1.168087,1.318691,2.550779,0
2023-03-15,sz.002483,5.4800,5.5900,5.4300,5.5500,5.4300,6554490,36254739.5000,0.740400,1,2.209900,20.641330,1.193901,1.347833,2.607150,0
2023-03-16,sz.002483,5.5100,5.5300,5.3700,5.3900,5.5500,6942201,37707706.3900,0.784200,1,-2.882900,20.046264,1.159482,1.308977,2.531989,0
2023-03-17,sz.002483,5.4600,5.4700,5.3900,5.4100,5.3900,5268244,28607505.7700,0.595100,1,0.371100,20.120647,1.163784,1.313834,2.541384,0
2023-03-20,sz.002483,5.4500,5.4900,5.3900,5.4400,5.4100,7611661,41424262.2900,0.859800,1,0.554500,20.232222,1.170238,1.321120,2.555477,0
2023-03-21,sz.002483,5.4100,5.5400,5.4100,5.5100,5.4400,5171135,28249274.9500,0.584100,1,1.286800,20.492563,1.185296,1.338119,2.588360,0
2023-03-22,sz.002483,5.4900,5.5300,5.4700,5.5000,5.5100,5674716,31221709.1200,0.641000,1,-0.181500,20.455372,1.183145,1.335691,2.583662,0
2023-03-23,sz.002483,5.5000,5.5000,5.4200,5.4600,5.5000,5481716,29967662.3600,0.619200,1,-0.727300,20.306605,1.174540,1.325977,2.564872,0
2023-03-24,sz.002483,5.4800,5.4800,5.4100,5.4400,5.4600,5249007,28521787.7700,0.592900,1,-0.366300,20.232222,1.170238,1.321120,2.555477,0
2023-03-27,sz.002483,5.4600,5.6800,5.3800,5.6000,5.4400,16272077,90110166.9100,1.838100,1,2.941200,20.827288,1.204657,1.359976,2.630638,0
2023-03-28,sz.002483,5.5900,5.5900,5.4600,5.4600,5.6000,9559700,52651810.0000,1.079900,1,-2.500000,20.306605,1.174540,1.325977,2.564872,0
2023-03-29,sz.002483,5.4600,5.4900,5.3600,5.3700,5.4600,6852377,37096694.6600,0.774100,1,-1.648400,19.971881,1.155180,1.304120,2.522594,0
2023-03-30,sz.002483,5.3600,5.3900,5.3100,5.3600,5.3700,5248686,28050542.2400,0.592900,1,-0.186200,19.934689,1.153029,1.301691,2.517896,0
2023-03-31,sz.002483,5.3700,5.4000,5.3400,5.3600,5.3600,4577846,24556181.1000,0.517100,1,0.000000,19.934689,1.153029,1.301691,2.517896,0
2023-04-03,sz.002483,5.3600,5.4600,5.3200,5.4500,5.3600,8544037,45994572.1900,0.965200,1,1.679100,20.269414,1.172389,1.323548,2.560174,0
2023-04-04,sz.002483,5.5200,5.7900,5.4400,5.4500,5.4500,20658679,115115457.8500,2.333700,1,0.000000,96.616964,1.204815,0.992516,3.355564,0
2023-04-06,sz.002483,5.4400,5.6800,5.4200,5.5400,5.4500,16704797,92802885.9700,1.887000,1,1.651400,98.212473,1.224711,1.008906,3.410977,0
2023-04-07,sz.002483,5.5200,5.5800,5.4900,5.5400,5.5400,7370182,40743251.7800,0.832600,1,0.000000,98.212473,1.224711,1.008906,3.410977,0
2023-04-10,sz.002483,5.5600,5.7500,5.5200,5.6700,5.5400,17184974,96796975.2900,1.941300,1,2.346600,100.517098,1.253450,1.032581,3.491018,0
2023-04-11,sz.002483,5.6600,5.6700,5.5700,5.6000,5.6700,9470872,53061591.8800,1.069900,1,-1.234600,99.276146,1.237975,1.019833,3.447919,0
2023-04-12,sz.002483,5.6000,5.6500,5.5500,5.5700,5.6000,8140522,45473072.4600,0.919600,1,-0.535700,98.744310,1.231343,1.014370,3.429448,0
2023-04-13,sz.002483,5.5900,5.6100,5.5000,5.5100,5.5700,8155409,45149249.9900,0.921300,1,-1.077200,97.680637,1.218079,1.003443,3.392506,0
2023-04-14,sz.002483,5.5100,5.5500,5.4700,5.5200,5.5100,5531820,30504000.0000,0.624900,1,0.181500,97.857916,1.220290,1.005264,3.398663,0
2023-04-17,sz.002483,5.5300,5.6200,5.5000,5.6100,5.5200,10599194,59237815.7200,1.197300,1,1.630400,99.453425,1.240186,1.021654,3.454076,0
2023-04-18,sz.002483,5.6500,5.6500,5.5000,5.5000,5.6100,11750540,64997874.8000,1.327400,1,-1.960800,97.503358,1.215868,1.001622,3.386349,0
2023-04-19,sz.002483,5.5100,5.5300,5.3900,5.4000,5.5000,9175242,49708334.3800,1.036500,1,-1.818200,95.730570,1.193762,0.983410,3.324779,0
2023-04-20,sz.002483,5.4000,5.4000,5.2600,5.2800,5.4000,11063680,58590522.4000,1.249800,1,-2.222200,93.603224,1.167234,0.961557,3.250895,0
2023-04-21,sz.002483,5.3000,5.3000,5.1000,5.1200,5.2800,8797220,45581650.0700,0.993800,1,-3.030300,90.766762,1.131863,0.932419,3.152383,0
2023-04-24,sz.002483,5.1700,5.1700,5.0100,5.0300,5.1200,8224032,41611740.0600,0.929000,1,-1.757800,89.171253,1.111967,0.916029,3.096970,0
2023-04-25,sz.002483,5.0500,5.0600,4.8900,4.9800,5.0300,8459016,41997289.9600,0.955600,1,-0.994000,88.284859,1.100914,0.906923,3.066185,0
2023-04-26,sz.002483,4.9700,5.1500,4.9400,5.1100,4.9800,7398274,37661247.2200,0.835700,1,2.610400,90.589484,1.129652,0.930598,3.146226,0
2023-04-27,sz.002483,5.1400,5.1800,5.0700,5.1100,5.1100,5888660,30205930.4000,0.665200,1,0.000000,90.589484,1.129652,0.930598,3.146226,0
2023-04-28,sz.002483,5.1100,5.2200,5.1100,5.1900,5.1100,5495080,28368685.7200,0.620700,1,1.565600,92.007714,1.147338,0.945167,3.195482,0
2023-05-04,sz.002483,5.2300,5.4700,5.2000,5.4100,5.1900,17444067,93886658.7100,1.970500,1,4.238900,110.656593,1.183364,0.938129,1.999877,0
2023-05-05,sz.002483,5.4100,5.4500,5.3300,5.3700,5.4100,6918965,37221425.9500,0.781600,1,-0.739400,109.838429,1.174615,0.931192,1.985090,0
2023-05-08,sz.002483,5.4100,5.6900,5.4000,5.6200,5.3700,21630962,120879362.7900,2.443500,1,4.655500,114.951950,1.229299,0.974544,2.077506,0
2023-05-09,sz.002483,5.6500,5.7000,5.5800,5.5800,5.6200,12410356,69724239.8100,1.401900,1,-0.711700,114.133787,1.220549,0.967608,2.062719,0
2023-05-10,sz.002483,5.5700,5.7500,5.5300,5.6700,5.5800,12743587,72081916.2400,1.439500,1,1.612900,115.974655,1.240236,0.983214,2.095989,0
2023-05-11,sz.002483,5.7000,5.7200,5.6200,5.6400,5.6700,7644740,43256570.4700,0.863600,1,-0.529100,115.361032,1.233674,0.978012,2.084899,0
2023-05-12,sz.002483,5.6400,5.6700,5.5500,5.5800,5.6400,8073502,45125186.5200,0.912000,1,-1.063800,114.133787,1.220549,0.967608,2.062719,0
2023-05-15,sz.002483,5.5600,5.6200,5.5300,5.6000,5.5800,5872660,32768473.8000,0.663400,1,0.358400,114.542869,1.224924,0.971076,2.070113,0
2023-05-16,sz.002483,5.6000,5.7600,5.5700,5.6700,5.6000,10047404,57165751.8000,1.135000,1,1.250000,115.974655,1.240236,0.983214,2.095989,0
2023-05-17,sz.002483,5.6500,5.7900,5.6200,5.7400,5.6700,11431209,65474924.6800,1.291300,1,1.234600,117.406440,1.255547,0.995353,2.121865,0
2023-05-18,sz.002483,5.7400,5.7800,5.6700,5.7000,5.7400,8772146,50060579.9000,0.990900,1,-0.696900,116.588277,1.246798,0.988416,2.107079,0
2023-05-19,sz.002483,5.6800,5.7200,5.6500,5.6700,5.7000,7577417,42975733.4200,0.856000,1,-0.526300,115.974655,1.240236,0.983214,2.095989,0
2023-05-22,sz.002483,5.6500,5.7300,5.6400,5.6800,5.6700,7028614,39969312.5200,0.794000,1,0.176400,116.179195,1.242423,0.984948,2.099686,0
2023-05-23,sz.002483,5.6700,5.7100,5.5700,5.5800,5.6800,6873565,38720829.1300,0.776500,1,-1.760600,114.133787,1.220549,0.967608,2.062719,0
2023-05-24,sz.002483,5.5800,5.7000,5.5600,5.6300,5.5800,9010453,50773244.2700,1.017800,1,0.896100,115.156491,1.231486,0.976278,2.081203,0
2023-05-25,sz.002483,5.6000,5.6600,5.5300,5.6300,5.6300,7990560,44703349.6000,0.902600,1,0.000000,115.156491,1.231486,0.976278,2.081203,0
2023-05-26,sz.002483,5.6100,5.6400,5.4900,5.6100,5.6300,5877500,32714179.8000,0.663900,1,-0.355200,114.747410,1.227112,0.972810,2.073809,0
2023-05-29,sz.002483,5.5900,5.6100,5.4800,5.4900,5.6100,8371019,46250641.8100,0.945600,1,-2.139000,112.292919,1.200863,0.952001,2.029450,0
2023-05-30,sz.002483,5.4800,5.5300,5.4000,5.4900,5.4900,8249020,45037238.6000,0.931800,1,0.000000,112.292919,1.200863,0.952001,2.029450,0
2023-05-31,sz.002483,5.4900,5.5200,5.3900,5.4000,5.4900,6272826,34102569.3200,0.708600,1,-1.639300,110.452052,1.181177,0.936395,1.996180,0
2023-06-01,sz.002483,5.4200,5.5200,5.3600,5.4500,5.4000,7828680,42676072.0000,0.884300,1,0.925900,111.474756,1.192114,0.945065,2.014663,0
2023-06-02,sz.002483,5.4700,5.6900,5.4300,5.5300,5.4500,15676560,87452686.1200,1.770900,1,1.467900,106.410486,1.137956,0.902131,1.923138,0
2023-06-05,sz.002483,5.5100,5.5400,5.4200,5.4400,5.5300,9532826,52116982.9600,1.076900,1,-1.627500,104.678670,1.119436,0.887449,1.891839,0
2023-06-06,sz.002483,5.4400,5.4400,5.2500,5.2600,5.4400,13086969,69622412.0200,1.478300,1,-3.308800,101.215037,1.082396,0.858085,1.829241,0
2023-06-07,sz.002483,5.2700,5.3100,5.1800,5.2000,5.2600,7580733,39641783.2000,0.856300,1,-1.140700,100.060493,1.070049,0.848297,1.808375,0
2023-06-08,sz.002483,5.2000,5.2100,5.1400,5.1600,5.2000,6279367,32472808.7200,0.709300,1,-0.769200,99.290797,1.061818,0.841771,1.794465,0
2023-06-09,sz.002483,5.1700,5.2600,5.1100,5.2200,5.1600,7915306,41005550.6600,0.894100,1,1.162800,100.445341,1.074165,0.851559,1.815331,0
2023-06-12,sz.002483,5.2000,5.2500,5.1700,5.2300,5.2200,5360624,27949412.3200,0.605500,1,0.191600,100.637765,1.076223,0.853191,1.818808,0
2023-06-13,sz.002483,5.2100,5.2600,5.1700,5.1900,5.2300,6875680,35714874.4000,0.776700,1,-0.764800,99.868069,1.067992,0.846665,1.804898,0
2023-06-14,sz.002483,5.2100,5.2500,5.1500,5.2400,5.1900,7216657,37534088.5400,0.815200,1,0.963400,100.830189,1.078280,0.854822,1.822286,0
2023-06-15,sz.002483,5.2200,5.3700,5.2000,5.3200,5.2400,12344032,65471139.2300,1.394400,1,1.526700,102.369581,1.094743,0.867873,1.850107,0
2023-06-16,sz.002483,5.3400,5.6500,5.3300,5.5500,5.3200,19721646,108489794.9800,2.227800,1,4.323300,106.795334,1.142072,0.905393,1.930093,0
2023-06-19,sz.002483,5.5000,5.7500,5.4900,5.6300,5.5500,17420700,98228248.0000,1.967900,1,1.441400,108.334726,1.158534,0.918444,1.957914,0
2023-06-20,sz.002483,5.6000,5.6600,5.5400,5.5700,5.6300,10580142,58982832.9400,1.195200,1,-1.065700,107.180182,1.146187,0.908656,1.937048,0
2023-06-21,sz.002483,5.5100,5.6400,5.5000,5.5100,5.5200,11460339,63745956.9200,1.294600,1,-0.181200,106.025638,1.133841,0.898868,1.916182,0
2023-06-26,sz.002483,5.5000,5.5700,5.4200,5.4500,5.5100,11223100,61576699.8800,1.267800,1,-1.088900,104.871094,1.121494,0.889080,1.895316,0
2023-06-27,sz.002483,5.5100,5.6500,5.4700,5.6200,5.4500,10673940,59588393.4000,1.205800,1,3.119300,108.142302,1.156476,0.916813,1.954436,0
2023-06-28,sz.002483,5.6500,5.6900,5.5100,5.6500,5.6200,10723056,60125614.0800,1.211300,1,0.533800,108.719574,1.162650,0.921707,1.964869,0
2023-06-29,sz.002483,5.6500,5.8700,5.6300,5.8200,5.6500,21685433,125804515.9500,2.449600,1,3.008800,111.990783,1.197632,0.949440,2.023989,0
2023-06-30,sz.002483,5.8000,5.8500,5.7800,5.8000,5.8200,12880758,74861971.6200,1.455000,1,-0.343600,111.605935,1.193517,0.946177,2.017034,0
2023-07-03,sz.002483,5.8000,5.8700,5.7500,5.7500,5.8000,12027409,69444902.7500,1.358600,1,-0.862100,110.643814,1.183228,0.938020,1.999646,0
2023-07-04,sz.002483,5.7500,5.8200,5.6900,5.7400,5.7500,13323961,76575797.1700,1.505100,1,-0.173900,110.451390,1.181170,0.936389,1.996168,0
2023-07-05,sz.002483,5.7400,5.8000,5.6900,5.7400,5.7400,9906743,57047660.0200,1.119100,1,0.000000,110.451390,1.181170,0.936389,1.996168,0
2023-07-06,sz.002483,5.7500,5.7600,5.6900,5.7400,5.7400,8191443,46887403.5100,0.925300,1,0.000000,110.451390,1.181170,0.936389,1.996168,0
2023-07-07,sz.002483,5.7100,5.7800,5.6700,5.7300,5.7400,10466505,59963314.6300,1.182300,1,-0.174200,110.258966,1.179112,0.934758,1.992690,0
2023-07-10,sz.002483,5.7500,5.7800,5.6600,5.6900,5.7300,8828383,50308895.9300,0.997300,1,-0.698100,109.489270,1.170881,0.928232,1.978780,0
2023-07-11,sz.002483,5.6900,5.7300,5.6600,5.7000,5.6900,7712559,43933228.3000,0.871200,1,0.175700,109.681694,1.172939,0.929864,1.982258,0
2023-07-12,sz.002483,5.7200,5.7200,5.5900,5.6200,5.7000,7536769,42558581.6100,0.851400,1,-1.403500,108.142302,1.156476,0.916813,1.954436,0
2023-07-13,sz.002483,5.6500,5.7200,5.6100,5.6600,5.6200,7773203,43959744.0100,0.878100,1,0.711700,108.911998,1.164708,0.923338,1.968347,0
2023-07-14,sz.002483,5.6700,5.6900,5.6100,5.6500,5.6600,6791653,38376037.5200,0.767200,1,-0.176700,108.719574,1.162650,0.921707,1.964869,0
2023-07-17,sz.002483,5.6200,5.6700,5.5800,5.6500,5.6500,6450200,36246915.0000,0.728600,1,0.000000,108.719574,1.162650,0.921707,1.964869,0
2023-07-18,sz.002483,5.6500,5.7100,5.5900,5.6900,5.6500,6554819,37189382.5600,0.740400,1,0.708000,109.489270,1.170881,0.928232,1.978780,0
2023-07-19,sz.002483,5.7200,5.7900,5.6600,5.7600,5.6900,11411380,65392893.7200,1.289100,1,1.230200,110.836238,1.185285,0.939652,2.003123,0
2023-07-20,sz.002483,5.7900,5.7900,5.6200,5.6400,5.7600,10308404,58572085.7600,1.164500,1,-2.083300,108.527150,1.160592,0.920076,1.961392,0
2023-07-21,sz.002483,5.6600,5.7100,5.6000,5.6300,5.6400,6608179,37276056.9000,0.746500,1,-0.177300,108.334726,1.158534,0.918444,1.957914,0
2023-07-24,sz.002483,5.6300,5.6900,5.5900,5.6200,5.6300,6438227,36309068.2800,0.727300,1,-0.177600,108.142302,1.156476,0.916813,1.954436,0
2023-07-25,sz.002483,5.6600,5.7700,5.6400,5.7400,5.6200,10751114,61557489.6500,1.214500,1,2.135200,110.451390,1.181170,0.936389,1.996168,0
2023-07-26,sz.002483,5.7700,5.7700,5.5800,5.6000,5.7400,10702108,60330289.4000,1.208900,1,-2.439000,107.757454,1.152361,0.913550,1.947481,0
2023-07-27,sz.002483,5.5800,5.6900,5.5500,5.5800,5.6000,9083360,50867920.6000,1.026100,1,-0.357100,107.372606,1.148245,0.910287,1.940526,0
2023-07-28,sz.002483,5.5600,5.7100,5.5000,5.6800,5.5800,9654858,54179310.1400,1.090600,1,1.792100,109.296846,1.168823,0.926601,1.975302,0
2023-07-31,sz.002483,5.6700,5.7400,5.6700,5.7200,5.6800,8450691,48324136.9600,0.954600,1,0.704200,110.066542,1.177054,0.933126,1.989213,0
2023-08-01,sz.002483,5.7200,5.7200,5.6000,5.6300,5.7200,10456860,58968958.4000,1.181200,1,-1.573400,108.334726,1.158534,0.918444,1.957914,0
2023-08-02,sz.002483,5.6400,5.6700,5.5900,5.6200,5.6300,6708660,37725421.8000,0.757800,1,-0.177600,108.142302,1.156476,0.916813,1.954436,0
2023-08-03,sz.002483,5.6300,5.6300,5.5300,5.5500,5.6200,9988760,55579561.2000,1.128400,1,-1.245600,106.795334,1.142072,0.905393,1.930093,0
2023-08-04,sz.002483,5.5900,5.6100,5.5000,5.5300,5.5500,9381487,52021488.5300,1.059800,1,-0.360400,106.410486,1.137956,0.902131,1.923138,0
2023-08-07,sz.002483,5.5300,5.5800,5.4600,5.5200,5.5300,9795820,54106666.0000,1.106600,1,-0.180800,106.218062,1.135899,0.900499,1.919660,0
2023-08-08,sz.002483,5.5000,5.5300,5.4200,5.4600,5.5200,7823601,42813364.4700,0.883800,1,-1.087000,105.063518,1.123552,0.890711,1.898794,0
2023-08-09,sz.002483,5.4600,5.5200,5.3700,5.4200,5.4600,9334390,50721188.3000,1.054400,1,-0.732600,104.293822,1.115321,0.884186,1.884883,0
2023-08-10,sz.002483,5.4200,5.4600,5.3900,5.4300,5.4200,6255998,33959954.5200,0.706700,1,0.184500,104.486246,1.117378,0.885817,1.888361,0
2023-08-11,sz.002483,5.4500,5.4500,5.3300,5.3400,5.4300,7848403,42224738.0800,0.886600,1,-1.657500,102.754429,1.098858,0.871135,1.857062,0
2023-08-14,sz.002483,5.3000,5.3700,5.2600,5.3400,5.3400,7409800,39380506.0000,0.837000,1,0.000000,102.754429,1.098858,0.871135,1.857062,0
2023-08-15,sz.002483,5.3400,5.3800,5.2700,5.3000,5.3400,5774500,30700926.0000,0.652300,1,-0.749100,101.984733,1.090627,0.864610,1.843152,0
2023-08-16,sz.002483,5.2900,5.3200,5.2500,5.2600,5.3000,5391152,28450790.4900,0.609000,1,-0.754700,101.215037,1.082396,0.858085,1.829241,0
2023-08-17,sz.002483,5.2700,5.3900,5.1700,5.3700,5.2600,10126310,53739017.3500,1.143900,1,2.091300,103.331701,1.105032,0.876029,1.867495,0
2023-08-18,sz.002483,5.3600,5.4100,5.2800,5.3000,5.3700,5754195,30804830.7200,0.650000,1,-1.303500,101.984733,1.090627,0.864610,1.843152,0
2023-08-21,sz.002483,5.3500,5.4100,5.2400,5.2600,5.3000,7315889,38905037.9600,0.826400,1,-0.754700,101.215037,1.082396,0.858085,1.829241,0
2023-08-22,sz.002483,5.2800,5.3600,5.1500,5.2500,5.2600,8301268,43360351.3200,0.937700,1,-0.190100,101.022613,1.080338,0.856453,1.825764,0
2023-08-23,sz.002483,5.2600,5.2600,5.1500,5.1500,5.2500,5201545,27026704.7700,0.587600,1,-1.904800,99.098373,1.059760,0.840140,1.790987,0
2023-08-24,sz.002483,5.2000,5.2200,5.1100,5.1700,5.1500,5752463,29707676.8500,0.649800,1,0.388300,99.483221,1.063876,0.843403,1.797942,0
2023-08-25,sz.002483,5.2300,5.3400,5.1500,5.1700,5.1700,14731003,77053255.0100,1.664000,1,0.000000,99.483221,1.063876,0.843403,1.797942,0
2023-08-28,sz.002483,5.3900,5.4700,5.1000,5.1400,5.1700,16970598,88896610.5500,1.917000,1,-0.580300,98.905949,1.057703,0.838509,1.787509,0
2023-08-29,sz.002483,5.4100,5.6500,5.3900,5.6500,5.1400,39156838,219195634.1200,4.423200,1,9.922200,56.341541,1.222388,0.767143,4.815545,0
2023-08-30,sz.002483,5.5500,5.6800,5.4900,5.5800,5.6500,48799753,273409247.1100,5.512500,1,-1.238900,55.643504,1.207244,0.757639,4.755883,0
2023-08-31,sz.002483,5.6000,5.8300,5.6000,5.7700,5.5800,44159538,253598304.5600,4.988400,1,3.405000,57.538175,1.248350,0.783437,4.917822,0
2023-09-01,sz.002483,5.7700,5.8000,5.6800,5.7700,5.7700,20804346,119545601.8000,2.350100,1,0.000000,57.538175,1.248350,0.783437,4.917822,0
2023-09-04,sz.002483,5.8100,5.9000,5.7500,5.8600,5.7700,24268103,141821053.1500,2.741400,1,1.559800,58.435651,1.267822,0.795657,4.994529,0
2023-09-05,sz.002483,5.8600,5.9200,5.7800,5.8300,5.8600,22149101,129653194.8700,2.502000,1,-0.511900,58.136492,1.261332,0.791583,4.968960,0
2023-09-06,sz.002483,5.8500,5.8500,5.7500,5.7800,5.8300,16617557,96289802.5200,1.877200,1,-0.857600,57.637895,1.250514,0.784795,4.926345,0
2023-09-07,sz.002483,5.8000,5.8200,5.6700,5.6900,5.7800,17456420,99910434.6000,1.971900,1,-1.557100,56.740419,1.231042,0.772575,4.849637,0
2023-09-08,sz.002483,5.6900,5.7600,5.6700,5.7400,5.6900,9467800,54251897.0000,1.069500,1,0.878700,57.239016,1.241860,0.779363,4.892252,0
2023-09-11,sz.002483,5.7300,5.7900,5.7000,5.7600,5.7400,10631244,61078029.1200,1.200900,1,0.348400,57.438456,1.246187,0.782079,4.909299,0
2023-09-12,sz.002483,5.7500,5.7800,5.7100,5.7600,5.7600,8976116,51555423.4000,1.014000,1,0.000000,57.438456,1.246187,0.782079,4.909299,0
2023-09-13,sz.002483,5.7600,5.8200,5.6600,5.7200,5.7600,9128656,52195147.5600,1.031200,1,-0.694400,57.039577,1.237533,0.776648,4.875206,0
2023-09-14,sz.002483,5.7000,5.7300,5.6600,5.6900,5.7200,8811400,50163431.9700,0.995400,1,-0.524500,56.740419,1.231042,0.772575,4.849637,0
2023-09-15,sz.002483,5.7600,5.7700,5.6800,5.7400,5.6900,8980062,51488579.0200,1.014400,1,0.878700,57.239016,1.241860,0.779363,4.892252,0
2023-09-18,sz.002483,5.7400,5.8400,5.7000,5.8300,5.7400,14172888,82171057.0000,1.601000,1,1.567900,58.136492,1.261332,0.791583,4.968960,0
2023-09-19,sz.002483,5.8200,5.8900,5.7700,5.8200,5.8300,11455418,66749772.0800,1.294000,1,-0.171500,58.036773,1.259168,0.790226,4.960437,0
2023-09-20,sz.002483,5.8500,5.9000,5.7800,5.8200,5.8200,13215200,77342886.0000,1.492800,1,0.000000,58.036773,1.259168,0.790226,4.960437,0
2023-09-21,sz.002483,5.8000,5.8600,5.7300,5.7500,5.8200,12974200,74933208.0000,1.465600,1,-1.202700,57.338736,1.244023,0.780721,4.900775,0
2023-09-22,sz.002483,5.7700,5.8600,5.6800,5.8600,5.7500,13800433,80130793.0700,1.558900,1,1.913000,58.435651,1.267822,0.795657,4.994529,0
2023-09-25,sz.002483,5.8300,5.8800,5.7800,5.8200,5.8600,9730456,56655365.4000,1.099200,1,-0.682600,58.036773,1.259168,0.790226,4.960437,0
2023-09-26,sz.002483,5.8200,5.9200,5.8200,5.8800,5.8200,13102004,76884050.5600,1.480000,1,1.030900,58.635090,1.272149,0.798372,5.011576,0
2023-09-27,sz.002483,5.8700,5.9900,5.8500,5.9500,5.8800,12402000,73704830.0000,1.401000,1,1.190500,59.333127,1.287294,0.807877,5.071237,0
2023-09-28,sz.002483,5.9700,6.0600,5.9500,6.0400,5.9500,14478644,87219829.7600,1.635500,1,1.512600,60.230603,1.306765,0.820097,5.147945,0
2023-10-09,sz.002483,6.0200,6.0200,5.9100,5.9500,6.0400,12288946,73160097.4300,1.388200,1,-1.490100,59.333127,1.287294,0.807877,5.071237,0
2023-10-10,sz.002483,5.9500,6.0000,5.8800,5.9100,5.9500,9695900,57378327.0000,1.095300,1,-0.672300,58.934249,1.278640,0.802446,5.037145,0
2023-10-11,sz.002483,5.9200,5.9600,5.8600,5.9200,5.9100,10273820,60787439.4000,1.160600,1,0.169200,59.033968,1.280803,0.803803,5.045668,0
2023-10-12,sz.002483,5.9400,5.9900,5.8900,5.9800,5.9200,8061900,47898731.0000,0.910700,1,1.013500,59.632285,1.293784,0.811950,5.096806,0
2023-10-13,sz.002483,5.9900,5.9900,5.8800,5.8800,5.9800,9447740,55863097.8000,1.067200,1,-1.672200,58.635090,1.272149,0.798372,5.011576,0
2023-10-16,sz.002483,5.8900,5.9300,5.8500,5.8900,5.8800,8492844,49927806.1100,0.959400,1,0.170100,58.734810,1.274313,0.799730,5.020099,0
2023-10-17,sz.002483,5.9000,5.9300,5.8600,5.8800,5.8900,7400435,43548574.3500,0.836000,1,-0.169800,58.635090,1.272149,0.798372,5.011576,0
2023-10-18,sz.002483,5.8600,5.8900,5.7000,5.7200,5.8800,13841960,79739281.4000,1.563600,1,-2.721100,57.039577,1.237533,0.776648,4.875206,0
2023-10-19,sz.002483,5.7500,5.7900,5.7000,5.7100,5.7200,8320720,47738491.8300,0.939900,1,-0.174800,56.939858,1.235369,0.775290,4.866683,0
2023-10-20,sz.002483,5.7000,5.8200,5.6100,5.6900,5.7100,9349717,53651448.4000,1.056200,1,-0.350300,56.740419,1.231042,0.772575,4.849637,0
2023-10-23,sz.002483,5.6900,5.6900,5.5100,5.5400,5.6900,8642703,48337688.1200,0.976300,1,-2.636200,55.244626,1.198590,0.752208,4.721791,0
2023-10-24,sz.002483,5.5400,5.6200,5.5300,5.6000,5.5400,8016665,44738352.3500,0.905600,1,1.083000,55.842943,1.211571,0.760355,4.772929,0
2023-10-25,sz.002483,5.6600,5.8100,5.6100,5.7500,5.6000,8863989,50846609.7100,1.001300,1,2.678600,57.338736,1.244023,0.780721,4.900775,0
2023-10-26,sz.002483,5.7300,5.8300,5.6500,5.8000,5.7500,10343700,59575823.0000,1.168400,1,0.869600,57.837334,1.254841,0.787510,4.943391,0
2023-10-27,sz.002483,5.8100,5.8800,5.7600,5.8500,5.8000,7707472,44986857.2000,0.870700,1,0.862100,58.335931,1.265659,0.794299,4.986006,0
2023-10-30,sz.002483,5.8700,5.9100,5.8000,5.8800,5.8500,11829721,69265799.6200,1.336300,1,0.512800,58.635090,1.272149,0.798372,5.011576,0
2023-10-31,sz.002483,5.6800,5.7900,5.2900,5.3100,5.8800,60379716,324087359.4700,6.820600,1,-9.693900,46.213741,1.135145,0.651869,4.744554,0
2023-11-01,sz.002483,5.3000,5.4700,5.2800,5.4000,5.3100,43061693,231814881.4400,4.864300,1,1.694900,46.997024,1.154385,0.662917,4.824970,0
2023-11-02,sz.002483,5.4000,5.5500,5.3700,5.3700,5.4000,24943216,135669447.1200,2.817600,1,-0.555600,46.735930,1.147972,0.659234,4.798165,0
2023-11-03,sz.002483,5.3900,5.5700,5.3900,5.4600,5.3700,23735049,130717008.1500,2.681200,1,1.676000,47.519214,1.167212,0.670283,4.878581,0
2023-11-06,sz.002483,5.5400,5.7200,5.5000,5.6000,5.4600,25732158,143945256.0200,2.906800,1,2.564100,48.737655,1.197140,0.687470,5.003673,0
2023-11-07,sz.002483,5.5900,5.6200,5.4800,5.5500,5.6000,15699900,86804525.7000,1.773500,1,-0.892900,48.302497,1.186451,0.681332,4.958997,0
2023-11-08,sz.002483,5.5600,5.5600,5.4600,5.4800,5.5500,14439805,79406873.4000,1.631200,1,-1.261300,47.693277,1.171487,0.672738,4.896451,0
2023-11-09,sz.002483,5.4700,5.4900,5.4100,5.4100,5.4800,11312820,61472017.6000,1.277900,1,-1.277400,47.084056,1.156523,0.664145,4.833905,0
2023-11-10,sz.002483,5.4400,5.4500,5.3300,5.4000,5.4100,9811160,52855544.8000,1.108300,1,-0.184800,46.997024,1.154385,0.662917,4.824970,0
2023-11-13,sz.002483,5.4100,5.4900,5.3700,5.4900,5.4000,12741280,69345366.0000,1.439300,1,1.666700,47.780308,1.173625,0.673966,4.905386,0
2023-11-14,sz.002483,5.5000,5.5500,5.4700,5.5200,5.4900,9383900,51774607.2000,1.060000,1,0.546400,48.041403,1.180038,0.677649,4.932192,0
2023-11-15,sz.002483,5.5800,5.5900,5.5000,5.5500,5.5200,9764736,54166867.5400,1.103000,1,0.543500,48.302497,1.186451,0.681332,4.958997,0
2023-11-16,sz.002483,5.5700,5.5800,5.4700,5.4800,5.5500,8928791,49198827.5900,1.008600,1,-1.261300,47.693277,1.171487,0.672738,4.896451,0
2023-11-17,sz.002483,5.4900,5.5500,5.4600,5.5100,5.4800,7625500,42004981.0000,0.861400,1,0.547400,47.954371,1.177900,0.676421,4.923256,0
2023-11-20,sz.002483,5.5100,5.5300,5.4300,5.5100,5.5100,13074067,71638424.0200,1.476900,1,0.000000,47.954371,1.177900,0.676421,4.923256,0
2023-11-21,sz.002483,5.5100,5.5500,5.4200,5.4300,5.5100,17023180,93286978.4000,1.923000,1,-1.451900,47.258119,1.160798,0.666600,4.851775,0
2023-11-22,sz.002483,5.4100,5.4300,5.3600,5.3600,5.4300,15181739,81811772.1400,1.715000,1,-1.289100,46.648898,1.145834,0.658007,4.789230,0
2023-11-23,sz.002483,5.3700,5.4300,5.3500,5.4100,5.3600,12990179,70071740.6000,1.467400,1,0.932800,47.084056,1.156523,0.664145,4.833905,0
2023-11-24,sz.002483,5.4100,5.4200,5.3100,5.3300,5.4100,11700780,62569086.4000,1.321700,1,-1.478700,46.387804,1.139421,0.654324,4.762424,0
2023-11-27,sz.002483,5.3100,5.3800,5.3100,5.3500,5.3300,14374305,76863632.3200,1.623800,1,0.375200,46.561867,1.143696,0.656779,4.780294,0
2023-11-28,sz.002483,5.3300,5.4200,5.3200,5.4100,5.3500,11669280,62858616.0000,1.318200,1,1.121500,47.084056,1.156523,0.664145,4.833905,0
2023-11-29,sz.002483,5.4100,5.4200,5.3400,5.3700,5.4100,8214169,44172457.8200,0.927900,1,-0.739400,46.735930,1.147972,0.659234,4.798165,0
2023-11-30,sz.002483,5.3600,5.3900,5.2800,5.3500,5.3700,12094135,64416458.9000,1.366200,1,-0.372400,46.561867,1.143696,0.656779,4.780294,0
2023-12-01,sz.002483,5.3400,5.3700,5.2600,5.3600,5.3500,15131143,80468550.0100,1.709200,1,0.186900,46.648898,1.145834,0.658007,4.789230,0
2023-12-04,sz.002483,5.3500,5.3800,5.2800,5.3200,5.3600,15396500,81997468.0000,1.739200,1,-0.746300,46.300772,1.137283,0.653096,4.753489,0
2023-12-05,sz.002483,5.3100,5.3400,5.2200,5.2200,5.3200,14575260,76785359.1500,1.646500,1,-1.879700,45.430457,1.115906,0.640820,4.664138,0
2023-12-06,sz.002483,5.2200,5.2700,5.2000,5.2300,5.2200,8461117,44371687.6800,0.955800,1,0.191600,45.517488,1.118043,0.642048,4.673073,0
2023-12-07,sz.002483,5.2300,5.2400,5.1900,5.2200,5.2300,9444371,49228044.3300,1.066900,1,-0.191200,45.430457,1.115906,0.640820,4.664138,0
2023-12-08,sz.002483,5.2200,5.2400,5.1200,5.1200,5.2200,13203620,68194428.4000,1.491500,1,-1.915700,44.560142,1.094528,0.628544,4.574786,0
2023-12-11,sz.002483,5.1400,5.1700,5.0700,5.1600,5.1200,13914508,71278408.0400,1.571800,1,0.781300,44.908268,1.103079,0.633454,4.610527,0
2023-12-12,sz.002483,5.1700,5.2100,5.1300,5.2000,5.1600,9844360,51008509.0000,1.112000,1,0.775200,45.256394,1.111630,0.638365,4.646267,0
2023-12-13,sz.002483,5.2000,5.2600,5.1600,5.2100,5.2000,8474893,44289563.3900,0.957300,1,0.192300,45.343425,1.113768,0.639592,4.655203,0
2023-12-14,sz.002483,5.2200,5.2500,5.1900,5.1900,5.2100,6241803,32536934.8300,0.705100,1,-0.383900,45.169362,1.109492,0.637137,4.637332,0
2023-12-15,sz.002483,5.1900,5.2300,5.1600,5.1900,5.1900,7765320,40260853.8000,0.877200,1,0.000000,45.169362,1.109492,0.637137,4.637332,0
2023-12-18,sz.002483,5.1800,5.1900,5.1000,5.1100,5.1900,8446833,43434484.6300,0.954200,1,-1.541400,44.473110,1.092390,0.627316,4.565851,0
2023-12-19,sz.002483,5.1300,5.1300,5.0800,5.1000,5.1100,6490804,33108259.6900,0.733200,1,-0.195700,44.386079,1.090253,0.626088,4.556916,0
2023-12-20,sz.002483,5.1200,5.1800,5.0900,5.1000,5.1000,7373740,37826165.4000,0.833000,1,0.000000,44.386079,1.090253,0.626088,4.556916,0
2023-12-21,sz.002483,5.0900,5.1500,4.9800,5.1300,5.1000,12591861,63717120.2000,1.422400,1,0.588200,44.647173,1.096666,0.629771,4.583722,0
2023-12-22,sz.002483,5.1300,5.1500,5.0700,5.1000,5.1300,9159221,46738357.8900,1.034600,1,-0.584800,44.386079,1.090253,0.626088,4.556916,0
2023-12-25,sz.002483,5.0700,5.1000,5.0300,5.0600,5.1000,5879395,29779970.7000,0.664200,1,-0.784300,44.037952,1.081702,0.621178,4.521176,0
2023-12-26,sz.002483,5.0700,5.0700,4.9600,4.9900,5.0600,7813446,39014502.1600,0.882600,1,-1.383400,43.428732,1.066737,0.612585,4.458630,0
2023-12-27,sz.002483,4.9700,5.0600,4.9600,5.0400,4.9900,6535640,32775784.0000,0.738300,1,1.002000,43.863889,1.077426,0.618723,4.503305,0
2023-12-28,sz.002483,5.0400,5.2000,5.0100,5.1900,5.0400,11738809,60379509.2600,1.326000,1,2.976200,45.169362,1.109492,0.637137,4.637332,0
2023-12-29,sz.002483,5.1800,5.2400,5.1600,5.2200,5.1900,9248860,48227379.0000,1.044800,1,0.578000,45.430457,1.115906,0.640820,4.664138,0
2024-01-02,sz.002483,5.2300,5.2900,5.2300,5.2600,5.2200,9336289,49138397.0300,1.054600,1,0.766300,45.778583,1.124457,0.645730,4.699878,0
2024-01-03,sz.002483,5.2600,5.2800,5.2100,5.2600,5.2600,8768659,45988149.7200,0.990500,1,0.000000,45.778583,1.124457,0.645730,4.699878,0
2024-01-04,sz.002483,5.2500,5.2700,5.2200,5.2500,5.2600,6398840,33527277.0000,0.722800,1,-0.190100,45.691551,1.122319,0.644503,4.690943,0
2024-01-05,sz.002483,5.2200,5.2700,5.1400,5.1500,5.2500,8285400,43021186.0000,0.935900,1,-1.904800,44.821236,1.100941,0.632227,4.601592,0
2024-01-08,sz.002483,5.1500,5.1800,5.0400,5.0400,5.1500,6997820,35653342.8000,0.790500,1,-2.135900,43.863889,1.077426,0.618723,4.503305,0
2024-01-09,sz.002483,5.0600,5.1400,5.0300,5.0700,5.0400,8365096,42590638.6800,0.944900,1,0.595200,44.124984,1.083839,0.622406,4.530111,0
2024-01-10,sz.002483,5.1000,5.1000,5.0000,5.0500,5.0700,8071485,40827879.3000,0.911800,1,-0.394500,43.950921,1.079564,0.619950,4.512241,0
2024-01-11,sz.002483,5.0500,5.1600,5.0200,5.1500,5.0500,8118654,41448966.1600,0.917100,1,1.980200,44.821236,1.100941,0.632227,4.601592,0
2024-01-12,sz.002483,5.1500,5.3400,5.1300,5.1600,5.1500,13573574,70960492.1600,1.533300,1,0.194200,44.908268,1.103079,0.633454,4.610527,0
2024-01-15,sz.002483,5.1500,5.1500,5.0400,5.1200,5.1600,12064683,61504639.4000,1.362900,1,-0.775200,44.560142,1.094528,0.628544,4.574786,0
2024-01-16,sz.002483,5.1000,5.1500,5.0400,5.1200,5.1200,10228022,52097238.0400,1.155400,1,0.000000,44.560142,1.094528,0.628544,4.574786,0
2024-01-17,sz.002483,5.1100,5.1400,5.0100,5.0100,5.1200,8235296,41766377.6000,0.930300,1,-2.148400,43.602795,1.071013,0.615040,4.476500,0
2024-01-18,sz.002483,4.9900,5.0100,4.7800,4.9000,5.0100,16045553,78303587.3500,1.812500,1,-2.195600,42.645448,1.047498,0.601536,4.378214,0
2024-01-19,sz.002483,4.9100,4.9200,4.8100,4.8100,4.9000,9516385,46270835.0700,1.075000,1,-1.836700,41.862164,1.028258,0.590487,4.297797,0
2024-01-22,sz.002483,4.8000,4.8100,4.4200,4.4800,4.8100,16876910,78053305.6900,1.906500,1,-6.860700,38.990124,0.957712,0.549976,4.002938,0
2024-01-23,sz.002483,4.4100,4.5200,4.3900,4.4600,4.4800,14818053,66049477.2700,1.673900,1,-0.446400,38.816061,0.953437,0.547520,3.985068,0
2024-01-24,sz.002483,4.5100,4.6200,4.4000,4.6100,4.4600,19945701,90304156.6500,2.253100,1,3.363200,40.121534,0.985503,0.565935,4.119095,0
2024-01-25,sz.002483,4.6100,4.7900,4.6000,4.7800,4.6100,11814344,55670877.9700,1.334600,1,3.687600,41.601070,1.021845,0.586804,4.270992,0
2024-01-26,sz.002483,4.7700,4.8700,4.7400,4.7700,4.7800,10431861,50181213.2900,1.178400,1,-0.209200,41.514038,1.019707,0.585577,4.262057,0
2024-01-29,sz.002483,4.7700,4.8100,4.6100,4.6300,4.7700,10618973,49730806.3300,1.199500,1,-2.935000,40.295597,0.989778,0.568390,4.136965,0
2024-01-30,sz.002483,4.6000,4.7100,4.5100,4.5300,4.6300,9740956,44869398.0000,1.100400,1,-2.159800,39.425282,0.968401,0.556114,4.047614,0
2024-01-31,sz.002483,4.4900,4.5800,4.2500,4.2800,4.5300,17063772,74729034.5000,1.927600,1,-5.518800,37.249493,0.914957,0.525423,3.824236,0
2024-02-01,sz.002483,4.2800,4.3100,4.1400,4.1700,4.2800,16143489,67973325.5300,1.823600,1,-2.570100,36.292147,0.891442,0.511919,3.725949,0
2024-02-02,sz.002483,4.1900,4.2300,3.8100,3.9600,4.1700,19148653,77036621.5400,2.163100,1,-5.036000,34.464485,0.846549,0.486139,3.538311,0
2024-02-05,sz.002483,3.9000,3.9400,3.5600,3.5700,3.9600,25141717,91636079.4800,2.840100,1,-9.848500,31.070255,0.763177,0.438262,3.189841,0
2024-02-06,sz.002483,3.4300,3.8100,3.3700,3.7000,3.5700,28349863,100672354.6000,3.202500,1,3.641500,32.201665,0.790968,0.454221,3.305998,0
2024-02-07,sz.002483,3.7100,3.8300,3.4900,3.5800,3.7000,30268374,110735519.9100,3.419200,1,-3.243200,31.157287,0.765315,0.439490,3.198776,0
2024-02-08,sz.002483,3.6200,3.9400,3.5900,3.9400,3.5800,33211234,125705362.2900,3.751600,1,10.055900,34.290421,0.842274,0.483684,3.520441,0
2024-02-19,sz.002483,4.0000,4.1900,3.9800,4.1300,3.9400,31050765,127464692.8700,3.507600,1,4.822300,35.944021,0.882891,0.507009,3.690209,0
2024-02-20,sz.002483,4.1300,4.1300,4.0300,4.0700,4.1300,17773286,72275602.3100,2.007700,1,-1.452800,35.421831,0.870064,0.499643,3.636598,0
2024-02-21,sz.002483,4.0500,4.2200,3.9900,4.1100,4.0700,22604400,92819007.0000,2.553400,1,0.982800,35.769957,0.878615,0.504554,3.672338,0
2024-02-22,sz.002483,4.0900,4.1800,4.0600,4.1500,4.1100,11914760,49176135.6500,1.345900,1,0.973200,36.118084,0.887166,0.509464,3.708079,0
2024-02-23,sz.002483,4.1700,4.2500,4.1200,4.2400,4.1500,17480859,73016159.6700,1.974700,1,2.168700,36.901367,0.906406,0.520513,3.788495,0
2024-02-26,sz.002483,4.2800,4.4700,4.2700,4.3800,4.2400,22777194,99696565.3800,2.573000,1,3.301900,38.119809,0.936335,0.537700,3.913587,0
2024-02-27,sz.002483,4.3500,4.4400,4.2900,4.4300,4.3800,18833232,82706593.1300,2.127400,1,1.141600,38.554966,0.947023,0.543838,3.958262,0
2024-02-28,sz.002483,4.4700,4.5600,4.1000,4.1300,4.4300,32172092,139725833.3800,3.634200,1,-6.772000,35.944021,0.882891,0.507009,3.690209,0
2024-02-29,sz.002483,4.1000,4.3100,4.0500,4.3100,4.1300,20406429,86337448.6300,2.305200,1,4.358400,37.510588,0.921370,0.529106,3.851041,0
2024-03-01,sz.002483,4.3200,4.3900,4.3100,4.3600,4.3100,16168293,70390704.5800,1.826400,1,1.160100,37.945746,0.932059,0.535244,3.895717,0
2024-03-04,sz.002483,4.3700,4.4000,4.2300,4.3100,4.3600,15536093,66737206.2400,1.755000,1,-1.146800,37.510588,0.921370,0.529106,3.851041,0
2024-03-05,sz.002483,4.3100,4.3300,4.1900,4.2200,4.3100,11465776,48668701.7200,1.295200,1,-2.088200,36.727304,0.902131,0.518058,3.770625,0
2024-03-06,sz.002483,4.2000,4.4200,4.1700,4.3400,4.2200,17926440,77287766.3200,2.025000,1,2.843600,37.771683,0.927784,0.532789,3.877846,0
2024-03-07,sz.002483,4.3400,4.4300,4.2900,4.3300,4.3400,16540032,72198569.5800,1.868400,1,-0.230400,37.684651,0.925646,0.531561,3.868911,0
2024-03-08,sz.002483,4.3300,4.3800,4.2700,4.3500,4.3300,12385475,53506682.7700,1.399100,1,0.461900,37.858714,0.929921,0.534017,3.886781,0
2024-03-11,sz.002483,4.3500,4.4500,4.3400,4.4500,4.3500,15451958,68027077.7200,1.745500,1,2.298900,38.729029,0.951299,0.546293,3.976133,0
2024-03-12,sz.002483,4.4500,4.5200,4.4000,4.4600,4.4500,12311734,54771424.7200,1.390800,1,0.224700,38.816061,0.953437,0.547520,3.985068,0
2024-03-13,sz.002483,4.4800,4.6700,4.4200,4.5400,4.4600,23239324,105432481.3500,2.625200,1,1.793700,39.512313,0.970539,0.557342,4.056549,0
2024-03-14,sz.002483,4.5100,4.6000,4.4200,4.5000,4.5400,15758950,71061309.0000,1.780200,1,-0.881100,39.164187,0.961988,0.552431,4.020808,0
2024-03-15,sz.002483,4.4500,4.5900,4.4400,4.5800,4.5000,12295212,55590816.6400,1.388900,1,1.777800,39.860439,0.979090,0.562252,4.092289,0
2024-03-18,sz.002483,4.6500,4.7000,4.5800,4.6600,4.5800,14989367,69438209.2500,1.693200,1,1.746700,40.556691,0.996192,0.572073,4.163770,0
2024-03-19,sz.002483,4.6600,4.7600,4.6300,4.7400,4.6600,22219101,104675437.3800,2.509900,1,1.716700,41.252944,1.013294,0.581894,4.235252,0
2024-03-20,sz.002483,4.7100,4.7100,4.6400,4.6700,4.7400,16755728,78295173.6800,1.892800,1,-1.476800,40.643723,0.998329,0.573301,4.172706,0
2024-03-21,sz.002483,4.6700,4.7200,4.6500,4.7000,4.6700,15079980,70702918.7600,1.703500,1,0.642400,40.904818,1.004743,0.576983,4.199511,0
2024-03-22,sz.002483,4.7200,4.7200,4.5700,4.6100,4.7000,12015500,55604456.0000,1.357300,1,-1.914900,40.121534,0.985503,0.565935,4.119095,0
2024-03-25,sz.002483,4.5800,4.6500,4.5400,4.5600,4.6100,15647572,72048848.3500,1.767600,1,-1.084600,39.686376,0.974814,0.559797,4.074419,0
2024-03-26,sz.002483,4.5500,4.6500,4.5000,4.5700,4.5600,13163597,60118154.5200,1.487000,1,0.219300,39.773408,0.976952,0.561024,4.083354,0
2024-03-27,sz.002483,4.5800,4.5800,4.4100,4.4100,4.5700,10466278,47016628.9300,1.182300,1,-3.501100,38.380903,0.942748,0.541382,3.940392,0
2024-03-28,sz.002483,4.4200,4.5400,4.4000,4.5100,4.4100,9705080,43479356.7700,1.096300,1,2.267600,39.251219,0.964125,0.553659,4.029744,0
2024-03-29,sz.002483,4.4800,4.6400,4.4800,4.6400,4.5100,9914582,45362721.2300,1.120000,1,2.882500,40.382628,0.991916,0.569618,4.145900,0
2024-04-01,sz.002483,4.6700,4.7600,4.6400,4.7400,4.6400,13531368,63611501.9500,1.528500,1,2.155200,41.252944,1.013294,0.581894,4.235252,0
2024-04-02,sz.002483,4.6800,4.7300,4.5200,4.6800,4.7400,26446379,122734092.4900,2.987400,1,-1.265800,74.923288,1.037088,0.577594,6.670104,0
2024-04-03,sz.002483,4.6400,4.6700,4.5800,4.6500,4.6800,13200847,61140664.5300,1.491200,1,-0.641000,74.443010,1.030440,0.573892,6.627347,0
2024-04-08,sz.002483,4.6800,4.6800,4.5700,4.5700,4.6500,12510560,57884314.4900,1.413200,1,-1.720400,73.162270,1.012712,0.564018,6.513328,0
2024-04-09,sz.002483,4.5800,4.6100,4.5100,4.5800,4.5700,9957449,45429370.1300,1.124800,1,0.218800,73.322363,1.014928,0.565252,6.527580,0
2024-04-10,sz.002483,4.5800,4.5900,4.4500,4.5100,4.5800,14790727,66519330.2600,1.670800,1,-1.528400,72.201715,0.999416,0.556613,6.427814,0
2024-04-11,sz.002483,4.4700,4.6500,4.4500,4.6000,4.5100,13818920,63432519.0200,1.561000,1,1.995600,73.642548,1.019360,0.567721,6.556085,0
2024-04-12,sz.002483,4.6000,4.8500,4.5600,4.7900,4.6000,30280971,143930156.8400,3.420600,1,4.130400,76.684305,1.061464,0.591170,6.826880,0
2024-04-15,sz.002483,4.8000,4.9800,4.6800,4.8300,4.7900,40851237,197675330.0900,4.614700,1,0.835100,77.324675,1.070328,0.596107,6.883889,0
2024-04-16,sz.002483,4.7200,4.7700,4.4100,4.4400,4.8300,31095651,142736561.8100,3.512600,1,-8.074500,71.081068,0.983904,0.547974,6.328047,0
2024-04-17,sz.002483,4.6000,4.8100,4.5600,4.7900,4.4400,26114161,122066866.1000,2.949900,1,7.882900,76.684305,1.061464,0.591170,6.826880,0
2024-04-18,sz.002483,4.7900,5.2700,4.7900,5.0900,4.7900,57578712,295238449.6500,6.504200,1,6.263000,81.487080,1.127944,0.628195,7.254451,0
2024-04-19,sz.002483,5.1600,5.6000,5.1600,5.6000,5.0900,82889658,448123874.9300,9.363400,1,10.019600,89.651797,1.240960,0.691138,7.981321,0
2024-04-22,sz.002483,5.6700,5.7600,5.4500,5.4900,5.6000,75035817,417926978.7400,8.476200,1,-1.964300,87.890780,1.216584,0.677562,7.824545,0
2024-04-23,sz.002483,5.4000,5.5900,5.2900,5.3500,5.4900,40026822,217585672.5200,4.521500,1,-2.550100,85.649485,1.185560,0.660284,7.625012,0
2024-04-24,sz.002483,5.3200,5.3900,5.1400,5.2900,5.3500,38421462,201548330.7500,4.340200,1,-1.121500,84.688930,1.172264,0.652879,7.539498,0
2024-04-25,sz.002483,5.2600,5.3000,5.1600,5.2900,5.2900,25220849,132382970.5400,2.849000,1,0.000000,84.688930,1.172264,0.652879,7.539498,0
2024-04-26,sz.002483,5.2600,5.3700,5.1800,5.3000,5.2900,28278216,149553524.1200,3.194400,1,0.189000,84.849023,1.174480,0.654113,7.553750,0
2024-04-29,sz.002483,5.3300,5.4600,5.2500,5.4300,5.3000,25168312,134751726.8800,2.843100,1,2.452800,86.930225,1.203288,0.670157,7.739031,0
2024-04-30,sz.002483,5.3900,5.6400,5.3900,5.5600,5.4300,31818491,176820340.4500,3.594300,1,2.394100,65.051535,1.216267,0.662816,-3.909476,0
2024-05-06,sz.002483,5.6000,5.6600,5.4500,5.5500,5.5600,24713278,136228751.6000,2.791700,1,-0.179900,64.934536,1.214080,0.661624,-3.902445,0
2024-05-07,sz.002483,5.5800,5.6100,5.4900,5.5200,5.5500,17797424,98681294.5500,2.010400,1,-0.540500,64.583538,1.207517,0.658047,-3.881350,0
2024-05-08,sz.002483,5.5200,5.6200,5.4100,5.4300,5.5200,16204729,89134840.7800,1.830500,1,-1.630400,63.530546,1.187830,0.647318,-3.818067,0
2024-05-09,sz.002483,5.5200,5.6600,5.5000,5.6300,5.4300,22980202,128671994.5800,2.595900,1,3.683200,65.870529,1.231580,0.671160,-3.958696,0
2024-05-10,sz.002483,5.6200,5.6500,5.4900,5.5900,5.6300,13453800,74792692.0000,1.519800,1,-0.710500,65.402532,1.222830,0.666392,-3.930570,0
2024-05-13,sz.002483,5.5600,5.8400,5.4700,5.6400,5.5900,22333240,126531574.8400,2.522800,1,0.894500,65.987528,1.233768,0.672353,-3.965727,0
2024-05-14,sz.002483,5.6900,5.8200,5.4800,5.6000,5.6400,30232930,171096259.6300,3.415200,1,-0.709200,65.519532,1.225018,0.667584,-3.937602,0
2024-05-15,sz.002483,5.5000,5.5300,5.2800,5.3600,5.5000,26021520,139757933.4000,2.939500,1,-2.545500,62.711552,1.172517,0.638973,-3.768847,0
2024-05-16,sz.002483,5.3600,5.4200,5.3000,5.3200,5.3600,15477209,82949557.6000,1.748300,1,-0.746300,62.243555,1.163767,0.634205,-3.740722,0
2024-05-17,sz.002483,5.3000,5.3500,5.2300,5.2800,5.3200,12980420,68538981.0000,1.466300,1,-0.751900,61.775558,1.155017,0.629436,-3.712596,0
2024-05-20,sz.002483,5.3200,5.3200,5.1400,5.1900,5.2800,30784446,159953237.7900,3.477500,1,-1.704500,60.722566,1.135329,0.618707,-3.649313,0
2024-05-21,sz.002483,5.1900,5.2000,5.0600,5.0800,5.1900,27388200,139682432.8000,3.093800,1,-2.119500,59.435575,1.111266,0.605594,-3.571967,0
2024-05-22,sz.002483,5.1300,5.2400,5.1200,5.1600,5.0800,22618967,117195276.3900,2.555100,1,1.574800,60.371568,1.128766,0.615131,-3.628219,0
2024-05-23,sz.002483,5.1200,5.1700,5.0200,5.0300,5.1600,17812480,90400791.4000,2.012100,1,-2.519400,58.850579,1.100328,0.599634,-3.536810,0
2024-05-24,sz.002483,5.0400,5.2300,5.0200,5.0500,5.0300,17868600,91074221.0000,2.018500,1,0.397600,59.084578,1.104703,0.602018,-3.550873,0
2024-05-27,sz.002483,5.0600,5.1200,4.9600,5.1100,5.0500,15575900,78696604.0000,1.759500,1,1.188100,59.786573,1.117829,0.609170,-3.593062,0
2024-05-28,sz.002483,5.1000,5.2000,5.0600,5.1200,5.1100,18740500,96346036.0000,2.117000,1,0.195700,59.903572,1.120016,0.610363,-3.600093,0
2024-05-29,sz.002483,5.0900,5.1200,4.9800,5.0000,5.1200,15673461,78907724.6400,1.770500,1,-2.343800,58.499582,1.093766,0.596057,-3.515716,0
2024-05-30,sz.002483,4.9500,5.0700,4.9300,4.9800,5.0000,11918680,59791732.4000,1.346400,1,-0.400000,58.265583,1.089391,0.593673,-3.501653,0
2024-05-31,sz.002483,4.9800,5.0300,4.9500,5.0000,4.9800,9155355,45734274.6200,1.034200,1,0.401600,58.499582,1.093766,0.596057,-3.515716,0
2024-06-03,sz.002483,4.9200,4.9500,4.5600,4.7000,5.0000,44753657,211180375.3500,5.055500,1,-6.000000,54.989607,1.028140,0.560294,-3.304773,0
2024-06-04,sz.002483,4.6700,4.6900,4.5700,4.6700,4.7000,20834631,96192624.6700,2.353500,1,-0.638300,54.638609,1.021577,0.556717,-3.283679,0
2024-06-05,sz.002483,4.6600,4.6600,4.5000,4.5100,4.6700,21066018,96192257.1800,2.379700,1,-3.426100,52.766623,0.986577,0.537644,-3.171176,0
2024-06-06,sz.002483,4.5100,4.5600,4.4000,4.4400,4.5100,22012286,98594489.2400,2.486600,1,-1.552100,51.947629,0.971264,0.529299,-3.121956,0
2024-06-07,sz.002483,4.4600,4.5500,4.4300,4.4800,4.4400,14855960,66707996.4000,1.678200,1,0.900900,52.415625,0.980014,0.534067,-3.150081,0
2024-06-11,sz.002483,4.4700,4.4700,4.3700,4.4400,4.4800,14405428,63592772.8200,1.627300,1,-0.892900,51.947629,0.971264,0.529299,-3.121956,0
2024-06-12,sz.002483,4.4100,4.5300,4.4000,4.5200,4.4400,11227600,50266769.0000,1.268300,1,1.801800,52.883622,0.988764,0.538836,-3.178207,0
2024-06-13,sz.002483,4.5000,4.6000,4.4800,4.4900,4.5200,11735017,53224130.3300,1.325600,1,-0.663700,52.532624,0.982202,0.535259,-3.157113,0
2024-06-14,sz.002483,4.5000,4.5300,4.4200,4.4500,4.4900,12125700,54076003.6800,1.369700,1,-0.890900,52.064628,0.973451,0.530491,-3.128987,0
2024-06-17,sz.002483,4.4100,4.4500,4.3300,4.3500,4.4500,12493800,54806697.0000,1.411300,1,-2.247200,50.894636,0.951576,0.518570,-3.058673,0
2024-06-18,sz.002483,4.3600,4.4900,4.3300,4.4800,4.3500,10830742,48019459.5400,1.223500,1,2.988500,52.415625,0.980014,0.534067,-3.150081,0
2024-06-19,sz.002483,4.4600,4.5100,4.4000,4.4200,4.4800,7884060,35082537.4000,0.890600,1,-1.339300,51.713630,0.966889,0.526915,-3.107893,0
2024-06-20,sz.002483,4.4000,4.4400,4.2700,4.2800,4.4200,9657384,41755487.8000,1.090900,1,-3.167400,50.075642,0.936263,0.510225,-3.009453,0
2024-06-21,sz.002483,4.2800,4.3600,4.2600,4.2900,4.2800,6829460,29438245.2000,0.771500,1,0.233600,50.192641,0.938451,0.511417,-3.016484,0
2024-06-24,sz.002483,4.2600,4.2600,4.1200,4.1400,4.2900,10355860,43344121.9500,1.169800,1,-3.496500,48.437654,0.905638,0.493535,-2.911013,0
2024-06-25,sz.002483,4.1700,4.2700,4.1500,4.2100,4.1400,10995385,46365161.7000,1.242100,1,1.690800,49.256648,0.920951,0.501880,-2.960233,0
2024-06-26,sz.002483,4.2000,4.3900,4.1600,4.3800,4.2100,9835322,42234177.5100,1.111000,1,4.038000,51.245634,0.958139,0.522146,-3.079767,0
2024-06-27,sz.002483,4.3900,4.4600,4.3400,4.3800,4.3800,12752008,56086450.0000,1.440500,1,0.000000,51.245634,0.958139,0.522146,-3.079767,0
2024-06-28,sz.002483,4.3600,4.5300,4.3500,4.5100,4.3800,15122322,67822751.6000,1.708300,1,2.968000,52.766623,0.986577,0.537644,-3.171176,0
2024-07-01,sz.002483,4.5200,4.7100,4.4700,4.6900,4.5100,21500875,98899428.1000,2.428800,1,3.991100,54.872608,1.025952,0.559102,-3.297741,0
2024-07-02,sz.002483,4.6800,4.7000,4.6000,4.6200,4.6900,14488980,67214133.8000,1.636700,1,-1.492500,54.053614,1.010639,0.550757,-3.248521,0
2024-07-03,sz.002483,4.6100,4.6300,4.5100,4.5200,4.6200,8693710,39594388.8000,0.982100,1,-2.164500,52.883622,0.988764,0.538836,-3.178207,0
2024-07-04,sz.002483,4.5400,4.5600,4.3900,4.4100,4.5200,10412200,46361216.0000,1.176200,1,-2.433600,51.596631,0.964701,0.525722,-3.100861,0
2024-07-05,sz.002483,4.4000,4.4500,4.3500,4.4100,4.4100,8836800,38821434.0000,0.998200,1,0.000000,51.596631,0.964701,0.525722,-3.100861,0
2024-07-08,sz.002483,4.4100,4.4100,4.2300,4.2500,4.4100,8052236,34569660.5000,0.909600,1,-3.628100,49.724645,0.929701,0.506649,-2.988358,0
2024-07-09,sz.002483,4.2500,4.4000,4.1900,4.3900,4.2500,11743904,50511881.2800,1.326600,1,3.294100,51.362633,0.960326,0.523338,-3.086798,0
2024-07-10,sz.002483,4.3800,4.3800,4.2300,4.2500,4.3900,10697564,46005775.7600,1.208400,1,-3.189100,49.724645,0.929701,0.506649,-2.988358,0
2024-07-11,sz.002483,4.3200,4.5800,4.3100,4.5400,4.2500,17705451,78665275.5300,2.000000,1,6.823500,53.117620,0.993139,0.541220,-3.192270,0
2024-07-12,sz.002483,4.5600,4.6700,4.5100,4.5800,4.5400,21363493,97960949.8700,2.413300,1,0.881100,53.585617,1.001889,0.545988,-3.220396,0
2024-07-15,sz.002483,4.5300,4.6200,4.5100,4.5800,4.5800,11516425,52667360.4000,1.300900,1,0.000000,53.585617,1.001889,0.545988,-3.220396,0
2024-07-16,sz.002483,4.5500,4.5800,4.3800,4.4300,4.5800,16074940,71179013.6000,1.815900,1,-3.275100,51.830629,0.969076,0.528107,-3.114924,0
2024-07-17,sz.002483,4.4500,4.4500,4.2600,4.2800,4.4300,15548510,66910774.7000,1.756400,1,-3.386000,50.075642,0.936263,0.510225,-3.009453,0
2024-07-18,sz.002483,4.2800,4.3000,4.1900,4.2800,4.2800,9513867,40293298.7600,1.074700,1,0.000000,50.075642,0.936263,0.510225,-3.009453,0
2024-07-19,sz.002483,4.2300,4.3100,4.2300,4.2700,4.2800,8632500,36908511.0000,0.975100,1,-0.233600,49.958643,0.934076,0.509033,-3.002421,0
2024-07-22,sz.002483,4.3000,4.3100,4.2300,4.2800,4.2700,10184300,43482385.0000,1.150400,1,0.234200,50.075642,0.936263,0.510225,-3.009453,0
2024-07-23,sz.002483,4.2800,4.2900,4.1800,4.1900,4.2800,9773200,41267316.6000,1.104000,1,-2.102800,49.022650,0.916576,0.499496,-2.946170,0
2024-07-24,sz.002483,4.1600,4.2400,4.1000,4.1600,4.1900,12631960,52459667.6000,1.426900,1,-0.716000,48.671652,0.910013,0.495920,-2.925076,0
2024-07-25,sz.002483,4.1400,4.2100,4.1000,4.1900,4.1600,8786967,36500369.3900,0.992600,1,0.721200,49.022650,0.916576,0.499496,-2.946170,0
2024-07-26,sz.002483,4.1700,4.5300,4.1500,4.4700,4.1900,24235796,106117844.3700,2.737700,1,6.682600,52.298626,0.977827,0.532875,-3.143050,0
2024-07-29,sz.002483,4.4400,4.4900,4.4100,4.4500,4.4700,11931808,53115714.5200,1.347800,1,-0.447400,52.064628,0.973451,0.530491,-3.128987,0
2024-07-30,sz.002483,4.4600,4.4600,4.3000,4.3700,4.4500,10210570,44523189.1600,1.153400,1,-1.797800,51.128634,0.955951,0.520954,-3.072736,0
2024-07-31,sz.002483,4.3300,4.5300,4.3300,4.5100,4.3700,13241292,59160239.2800,1.495800,1,3.203700,52.766623,0.986577,0.537644,-3.171176,0
2024-08-01,sz.002483,4.5100,4.6500,4.4800,4.5500,4.5100,15552620,71204323.8000,1.756900,1,0.886900,53.234619,0.995327,0.542412,-3.199301,0
2024-08-02,sz.002483,4.5100,4.5800,4.4600,4.4700,4.5500,9443340,42600811.4000,1.066700,1,-1.758200,52.298626,0.977827,0.532875,-3.143050,0
2024-08-05,sz.002483,4.4500,4.5300,4.3500,4.3500,4.4700,10192400,45169461.0000,1.151400,1,-2.684600,50.894636,0.951576,0.518570,-3.058673,0
2024-08-06,sz.002483,4.4000,4.4600,4.3700,4.4300,4.3500,6831000,30187993.0000,0.771600,1,1.839100,51.830629,0.969076,0.528107,-3.114924,0
2024-08-07,sz.002483,4.4200,4.4400,4.3800,4.4000,4.4300,7511400,33102618.0000,0.848500,1,-0.677200,51.479632,0.962514,0.524530,-3.093830,0
2024-08-08,sz.002483,4.3600,4.4000,4.2500,4.3600,4.4000,8227100,35742287.0000,0.929400,1,-0.909100,51.011635,0.953764,0.519762,-3.065704,0
2024-08-09,sz.002483,4.3800,4.4200,4.3300,4.3400,4.3600,5815740,25431403.2000,0.657000,1,-0.458700,50.777637,0.949389,0.517378,-3.051641,0
2024-08-12,sz.002483,4.3600,4.3800,4.2900,4.3100,4.3400,6039000,26173029.0000,0.682200,1,-0.691200,50.426640,0.942826,0.513801,-3.030547,0
2024-08-13,sz.002483,4.3100,4.3500,4.2800,4.3400,4.3100,5583500,24091852.0000,0.630700,1,0.696100,50.777637,0.949389,0.517378,-3.051641,0
2024-08-14,sz.002483,4.3200,4.3400,4.2600,4.2700,4.3400,6538220,28055413.4000,0.738600,1,-1.612900,49.958643,0.934076,0.509033,-3.002421,0
2024-08-15,sz.002483,4.2500,4.3200,4.2000,4.2600,4.2700,9856780,41956130.4000,1.113400,1,-0.234200,49.841644,0.931888,0.507841,-2.995390,0
2024-08-16,sz.002483,4.2600,4.2800,4.2100,4.2200,4.2600,6947300,29442213.0000,0.784800,1,-0.939000,49.373647,0.923138,0.503072,-2.967264,0
2024-08-19,sz.002483,4.2200,4.2600,4.2000,4.2200,4.2200,5321000,22485982.4000,0.601100,1,0.000000,49.373647,0.923138,0.503072,-2.967264,0
2024-08-20,sz.002483,4.2300,4.2300,4.1000,4.1400,4.2200,9640542,39899099.6200,1.089000,1,-1.895700,48.437654,0.905638,0.493535,-2.911013,0
2024-08-21,sz.002483,4.1100,4.1500,4.0600,4.0800,4.1400,7793085,31957258.2000,0.880300,1,-1.449300,47.735659,0.892513,0.486383,-2.868824,0
2024-08-22,sz.002483,4.0800,4.1200,3.9800,4.0200,4.0800,10322192,41761702.4000,1.166000,1,-1.470600,47.033664,0.879388,0.479230,-2.826636,0
2024-08-23,sz.002483,4.0200,4.0200,3.9100,3.9800,4.0200,6967600,27612957.0000,0.787100,1,-0.995000,46.565667,0.870637,0.474462,-2.798510,0
2024-08-26,sz.002483,3.9800,4.0400,3.9300,4.0200,3.9800,6547560,26207342.4000,0.739600,1,1.005000,47.033664,0.879388,0.479230,-2.826636,0
2024-08-27,sz.002483,4.0100,4.0600,3.9600,3.9700,4.0200,6264500,25058586.0000,0.707700,1,-1.243800,46.448668,0.868450,0.473269,-2.791478,0
2024-08-28,sz.002483,3.9400,4.0100,3.9300,3.9700,3.9700,6550042,26025496.9000,0.739900,1,0.000000,46.448668,0.868450,0.473269,-2.791478,0
2024-08-29,sz.002483,3.9500,4.1200,3.9500,4.0900,3.9700,7783840,31567428.0000,0.879300,1,3.022700,47.852658,0.894700,0.487575,-2.875856,0
2024-08-30,sz.002483,4.1000,4.2000,4.0400,4.1600,4.0900,11922080,49336742.2000,1.346700,1,1.711500,48.671652,0.910013,0.495920,-2.925076,0
2024-09-02,sz.002483,4.3000,4.3500,4.1900,4.2400,4.1600,25421813,109026252.1700,2.871700,1,1.923100,53.133328,0.923301,0.515096,-5.225632,0
2024-09-03,sz.002483,4.2200,4.3300,4.2200,4.2800,4.2400,11052260,47414503.2000,1.248500,1,0.943400,53.634586,0.932011,0.519956,-5.274931,0
2024-09-04,sz.002483,4.2300,4.3200,4.2300,4.2600,4.2800,8194980,35043187.8000,0.925700,1,-0.467300,53.383957,0.927656,0.517526,-5.250281,0
2024-09-05,sz.002483,4.2500,4.3000,4.2100,4.2400,4.2600,7322100,31052408.0000,0.827100,1,-0.469500,53.133328,0.923301,0.515096,-5.225632,0
2024-09-06,sz.002483,4.2500,4.2700,4.1500,4.1700,4.2400,6210540,26097740.8000,0.701600,1,-1.650900,52.256127,0.908058,0.506592,-5.139360,0
2024-09-09,sz.002483,4.1700,4.1800,4.1000,4.1300,4.1700,6468500,26756722.0000,0.730700,1,-0.959200,51.754869,0.899347,0.501733,-5.090061,0
2024-09-10,sz.002483,4.1400,4.1600,4.0500,4.1400,4.1300,7391740,30351061.2000,0.835000,1,0.242100,51.880184,0.901525,0.502948,-5.102386,0
2024-09-11,sz.002483,4.1200,4.1500,4.0900,4.1300,4.1400,4946550,20411114.9000,0.558800,1,-0.241500,51.754869,0.899347,0.501733,-5.090061,0
2024-09-12,sz.002483,4.1300,4.2100,4.1300,4.1600,4.1300,6831040,28574504.2000,0.771700,1,0.726400,52.130813,0.905880,0.505377,-5.127035,0
2024-09-13,sz.002483,4.1600,4.1800,4.1100,4.1400,4.1600,5973200,24778899.0000,0.674700,1,-0.480800,51.880184,0.901525,0.502948,-5.102386,0
2024-09-18,sz.002483,4.1500,4.1600,4.0400,4.1100,4.1400,6327800,25954914.0000,0.714800,1,-0.724600,51.504240,0.894992,0.499303,-5.065412,0
2024-09-19,sz.002483,4.1200,4.2400,4.1100,4.2200,4.1100,8199461,34420685.4200,0.926200,1,2.676400,52.882699,0.918946,0.512666,-5.200983,0
2024-09-20,sz.002483,4.2200,4.2300,4.1500,4.1900,4.2200,5654000,23648799.0000,0.638700,1,-0.710900,52.506756,0.912413,0.509022,-5.164009,0
2024-09-23,sz.002483,4.1600,4.2100,4.1500,4.1900,4.1900,4682802,19601729.3300,0.529000,1,0.000000,52.506756,0.912413,0.509022,-5.164009,0
2024-09-24,sz.002483,4.1900,4.3900,4.1900,4.3900,4.1900,12608100,54136580.0000,1.424200,1,4.773300,55.013045,0.955965,0.533319,-5.410501,0
2024-09-25,sz.002483,4.4800,4.5400,4.4100,4.4300,4.3900,15772640,70541197.8000,1.781700,1,0.911200,55.514303,0.964675,0.538178,-5.459800,0
2024-09-26,sz.002483,4.4200,4.6100,4.4100,4.6000,4.4300,16011022,72565970.0000,1.808600,1,3.837500,57.644649,1.001694,0.558831,-5.669318,0
2024-09-27,sz.002483,4.6300,4.8500,4.6300,4.7500,4.6000,25716873,121315617.3000,2.905000,1,3.260900,59.524365,1.034358,0.577054,-5.854187,0
2024-09-30,sz.002483,4.9200,5.1600,4.8600,5.1100,4.7500,40713841,204617217.8800,4.599100,1,7.578900,64.035686,1.112752,0.620788,-6.297873,0
2024-10-08,sz.002483,5.6100,5.6100,5.0600,5.3700,5.1100,55564311,295567561.4000,6.276700,1,5.088100,67.293862,1.169369,0.652374,-6.618312,0
2024-10-09,sz.002483,5.2300,5.2300,4.9300,4.9300,5.3700,36886407,187006186.0300,4.166800,1,-8.193700,61.780026,1.073555,0.598921,-6.076030,0
2024-10-10,sz.002483,5.0000,5.0800,4.8800,4.9700,4.9300,25677164,128158492.1200,2.900600,1,0.811400,62.281283,1.082265,0.603780,-6.125328,0
2024-10-11,sz.002483,4.9500,4.9700,4.7600,4.8000,4.9700,20784102,100608037.9200,2.347800,1,-3.420500,60.150938,1.045246,0.583128,-5.915810,0
2024-10-14,sz.002483,4.8100,4.8900,4.7400,4.8800,4.8000,14695972,71006576.0800,1.660100,1,1.666700,61.153453,1.062667,0.592847,-6.014407,0
2024-10-15,sz.002483,4.8500,4.8900,4.7600,4.7700,4.8800,14814440,71390297.4000,1.673500,1,-2.254100,59.774994,1.038713,0.579483,-5.878836,0
2024-10-16,sz.002483,4.7400,4.7800,4.6600,4.7200,4.7700,13601271,64313173.3900,1.536400,1,-1.048200,59.148422,1.027825,0.573409,-5.817213,0
2024-10-17,sz.002483,4.7200,4.7800,4.6500,4.6600,4.7200,12002200,56658066.2000,1.355800,1,-1.271200,58.396535,1.014760,0.566120,-5.743266,0
2024-10-18,sz.002483,4.6800,4.8100,4.6400,4.7500,4.6600,14537489,68821736.3000,1.642200,1,1.931300,59.524365,1.034358,0.577054,-5.854187,0
2024-10-21,sz.002483,4.7700,4.8300,4.7200,4.7900,4.7500,17764860,84704766.5200,2.006800,1,0.842100,60.025623,1.043069,0.581913,-5.903485,0
2024-10-22,sz.002483,4.7900,4.9300,4.7600,4.9200,4.7900,16400480,79977678.4000,1.852600,1,2.714000,61.654711,1.071377,0.597706,-6.063705,0
2024-10-23,sz.002483,4.9000,5.1200,4.9000,5.0000,4.9200,20817804,104322409.0000,2.351600,1,1.626000,62.657227,1.088798,0.607425,-6.162302,0
2024-10-24,sz.002483,4.9800,4.9900,4.9000,4.9500,5.0000,12131280,59835274.0000,1.370400,1,-1.000000,62.030655,1.077910,0.601351,-6.100679,0
2024-10-25,sz.002483,4.9500,5.0500,4.9300,5.0400,4.9500,12871360,64664145.6000,1.454000,1,1.818200,63.158485,1.097508,0.612284,-6.211600,0
2024-10-28,sz.002483,5.0800,5.1700,5.0400,5.1600,5.0400,17525000,89855346.6000,1.979700,1,2.381000,64.662258,1.123640,0.626862,-6.359496,0
2024-10-29,sz.002483,5.1900,5.2000,4.9900,4.9900,5.1600,17177649,87008874.5300,1.940400,1,-3.294600,62.531912,1.086620,0.606210,-6.149977,0
2024-10-30,sz.002483,4.9900,5.1200,4.9800,5.1000,4.9900,16582484,84157183.4900,1.873200,1,2.204400,63.910371,1.110574,0.619573,-6.285548,0
2024-10-31,sz.002483,5.1700,5.2200,5.1000,5.1800,5.1000,22014400,113908940.0000,2.486800,1,1.568600,49.438917,1.100987,0.623448,-6.922234,0
2024-11-01,sz.002483,5.1600,5.2100,5.0300,5.0800,5.1800,17538157,89607431.8200,1.981200,1,-1.930500,48.484497,1.079732,0.611412,-6.788600,0
2024-11-04,sz.002483,5.0900,5.2300,5.0500,5.2100,5.0800,20322944,104953837.4000,2.295700,1,2.559100,49.725242,1.107363,0.627059,-6.962324,0
2024-11-05,sz.002483,5.2400,5.3200,5.2000,5.3000,5.2100,22986623,121113965.5100,2.596600,1,1.727400,50.584220,1.126492,0.637891,-7.082594,0
2024-11-06,sz.002483,5.3200,5.4300,5.2900,5.3700,5.3000,23902937,128516094.8100,2.700100,1,1.320800,51.252313,1.141370,0.646316,-7.176138,0
2024-11-07,sz.002483,5.3200,5.4400,5.3000,5.4100,5.3700,21609180,115897859.2000,2.441000,1,0.744900,51.634081,1.149872,0.651130,-7.229591,0
2024-11-08,sz.002483,5.4400,5.4700,5.3500,5.3800,5.4100,21546232,116413379.1600,2.433900,1,-0.554500,51.347755,1.143496,0.647519,-7.189501,0
2024-11-11,sz.002483,5.3600,5.4500,5.3200,5.4400,5.3800,21055820,113253780.6000,2.378500,1,1.115200,51.920407,1.156249,0.654741,-7.269682,0
2024-11-12,sz.002483,5.4200,5.4700,5.2700,5.3300,5.4400,19696639,106051001.5500,2.225000,1,-2.022100,50.870545,1.132869,0.641502,-7.122684,0
2024-11-13,sz.002483,5.3100,5.3900,5.2500,5.3500,5.3300,21256173,112753256.7100,2.401100,1,0.375200,51.061429,1.137119,0.643909,-7.149411,0
2024-11-14,sz.002483,5.3300,5.3700,5.1700,5.2100,5.3500,14244100,74951589.0000,1.609000,1,-2.616800,49.725242,1.107363,0.627059,-6.962324,0
2024-11-15,sz.002483,5.2000,5.2500,5.1000,5.1200,5.2100,13846080,71734461.9000,1.564100,1,-1.727400,48.866265,1.088234,0.616227,-6.842053,0
2024-11-18,sz.002483,5.1100,5.2300,5.0400,5.1000,5.1200,17057560,87771195.4000,1.926900,1,-0.390600,48.675381,1.083983,0.613820,-6.815326,0
2024-11-19,sz.002483,5.1200,5.2200,5.0800,5.2200,5.1000,12501800,64526681.8000,1.412200,1,2.352900,49.820684,1.109489,0.628262,-6.975687,0
2024-11-20,sz.002483,5.2100,5.3000,5.1800,5.2700,5.2200,12689516,66806980.0400,1.433400,1,0.957900,50.297894,1.120116,0.634280,-7.042504,0
2024-11-21,sz.002483,5.2500,5.3200,5.2300,5.3000,5.2700,10497040,55401887.0000,1.185800,1,0.569300,50.584220,1.126492,0.637891,-7.082594,0
2024-11-22,sz.002483,5.2800,5.3200,5.1200,5.1300,5.3000,13737860,71971245.0000,1.551900,1,-3.207500,48.961707,1.090359,0.617430,-6.855417,0
2024-11-25,sz.002483,5.1200,5.2400,5.1200,5.2400,5.1300,10939935,56719424.7500,1.235800,1,2.144200,50.011568,1.113739,0.630670,-7.002414,0
2024-11-26,sz.002483,5.2100,5.2600,5.1700,5.1800,5.2400,9283995,48398327.2500,1.048700,1,-1.145000,49.438917,1.100987,0.623448,-6.922234,0
2024-11-27,sz.002483,5.1500,5.2600,5.0100,5.2500,5.1800,14019860,71900911.8000,1.583700,1,1.351400,50.107010,1.115865,0.631873,-7.015777,0
2024-11-28,sz.002483,5.2500,5.3300,5.2200,5.2700,5.2500,15528663,81925430.6400,1.754200,1,0.381000,50.297894,1.120116,0.634280,-7.042504,0
2024-11-29,sz.002483,5.2600,5.3200,5.2300,5.3000,5.2700,12378101,65419359.1000,1.398300,1,0.569300,50.584220,1.126492,0.637891,-7.082594,0
2024-12-02,sz.002483,5.3200,5.4700,5.3000,5.4600,5.3000,20819156,112671164.3400,2.351800,1,3.018900,52.111290,1.160500,0.657148,-7.296408,0
2024-12-03,sz.002483,5.4600,5.4800,5.3700,5.4400,5.4600,15284080,82995453.8000,1.726500,1,-0.366300,51.920407,1.156249,0.654741,-7.269682,0
2024-12-04,sz.002483,5.4400,5.7800,5.4200,5.5800,5.4400,42389778,237283021.4300,4.788400,1,2.573500,53.256594,1.186005,0.671591,-7.456769,0
2024-12-05,sz.002483,5.5000,5.6300,5.4800,5.6000,5.5800,26522263,147390795.9200,2.996000,1,0.358400,53.447477,1.190256,0.673998,-7.483496,0
2024-12-06,sz.002483,5.6200,5.6600,5.5200,5.6100,5.6000,19182016,107306209.1600,2.166800,1,0.178600,53.542919,1.192381,0.675202,-7.496859,0
2024-12-09,sz.002483,5.5900,5.6900,5.5600,5.6300,5.6100,17965482,101057361.3400,2.029400,1,0.356500,53.733803,1.196632,0.677609,-7.523586,0
2024-12-10,sz.002483,5.7300,5.8300,5.5600,5.5700,5.6300,23604640,133029645.8000,2.666400,1,-1.065700,53.161152,1.183880,0.670387,-7.443406,0
2024-12-11,sz.002483,5.5700,5.6600,5.5400,5.6000,5.5700,19890345,111402218.2600,2.246900,1,0.538600,53.447477,1.190256,0.673998,-7.483496,0
2024-12-12,sz.002483,5.6200,5.6500,5.5500,5.6000,5.6000,16598808,92944104.4500,1.875000,1,0.000000,53.447477,1.190256,0.673998,-7.483496,0
2024-12-13,sz.002483,5.5800,5.6000,5.4400,5.4600,5.6000,16736880,92267814.0200,1.890600,1,-2.500000,52.111290,1.160500,0.657148,-7.296408,0
2024-12-16,sz.002483,5.4700,5.5600,5.3700,5.4200,5.4600,13696649,74759722.7400,1.547200,1,-0.732600,51.729523,1.151998,0.652334,-7.242955,0
2024-12-17,sz.002483,5.4200,5.4300,5.1900,5.2100,5.4200,17085122,90224271.0800,1.930000,1,-3.874500,49.725242,1.107363,0.627059,-6.962324,0
2024-12-18,sz.002483,5.2500,5.2800,5.1900,5.2200,5.2100,10814700,56660921.1200,1.221700,1,0.191900,49.820684,1.109489,0.628262,-6.975687,0
2024-12-19,sz.002483,5.1700,5.3800,5.0800,5.3200,5.2200,22896820,119633694.6400,2.586500,1,1.915700,50.775104,1.130743,0.640298,-7.109321,0
2024-12-20,sz.002483,5.3100,5.3900,5.2700,5.3500,5.3200,14800469,78898690.4600,1.671900,1,0.563900,51.061429,1.137119,0.643909,-7.149411,0
2024-12-23,sz.002483,5.3700,5.3800,5.1000,5.1300,5.3500,16168965,84148153.5600,1.826500,1,-4.112100,48.961707,1.090359,0.617430,-6.855417,0
2024-12-24,sz.002483,5.1600,5.3100,5.1500,5.2700,5.1300,14560630,76475176.1900,1.644800,1,2.729000,50.297894,1.120116,0.634280,-7.042504,0
2024-12-25,sz.002483,5.2400,5.2700,5.1000,5.1800,5.2700,12257720,63202456.6000,1.384700,1,-1.707800,49.438917,1.100987,0.623448,-6.922234,0
2024-12-26,sz.002483,5.1700,5.3200,5.1500,5.3100,5.1800,13862801,73110612.9900,1.566000,1,2.509700,50.679662,1.128618,0.639095,-7.095958,0
2024-12-27,sz.002483,5.3100,5.4400,5.2900,5.4000,5.3100,14213320,76497725.2000,1.605600,1,1.694900,51.538639,1.147747,0.649927,-7.216228,0
2024-12-30,sz.002483,5.3800,5.4200,5.2900,5.3300,5.4000,11199782,59901237.0400,1.265200,1,-1.296300,50.870545,1.132869,0.641502,-7.122684,0
2024-12-31,sz.002483,5.3300,5.3800,5.2000,5.2100,5.3300,9748503,51448328.0200,1.101200,1,-2.251400,49.725242,1.107363,0.627059,-6.962324,0
2025-01-02,sz.002483,5.2000,5.2900,5.0200,5.0900,5.2100,15396772,79436228.1000,1.739300,1,-2.303300,48.579939,1.081858,0.612616,-6.801963,0
2025-01-03,sz.002483,5.1100,5.1400,4.8800,4.8900,5.0900,17811702,89138455.8800,2.012100,1,-3.929300,46.671101,1.039348,0.588545,-6.534695,0
2025-01-06,sz.002483,4.9000,5.1000,4.7800,5.0500,4.8900,18119509,90557815.3600,2.046800,1,3.272000,48.198172,1.073356,0.607802,-6.748510,0
2025-01-07,sz.002483,5.0600,5.5000,5.0400,5.3300,5.0500,33483522,178099709.4000,3.782400,1,5.544600,50.870545,1.132869,0.641502,-7.122684,0
2025-01-08,sz.002483,5.3500,5.4400,5.2100,5.3500,5.3300,27654905,147587380.5100,3.124000,1,0.375200,51.061429,1.137119,0.643909,-7.149411,0
2025-01-09,sz.002483,5.3100,5.4000,5.2600,5.3000,5.3500,18953232,100783606.1200,2.141000,1,-0.934600,50.584220,1.126492,0.637891,-7.082594,0
2025-01-10,sz.002483,5.3000,5.5600,5.2700,5.4200,5.3000,37820142,205006311.8300,4.272300,1,2.264200,51.729523,1.151998,0.652334,-7.242955,0
2025-01-13,sz.002483,5.3600,5.5400,5.2400,5.4700,5.4200,45734948,248435825.3900,5.166300,1,0.922500,52.206732,1.162625,0.658352,-7.309772,0
2025-01-14,sz.002483,5.4200,5.5700,5.3900,5.5700,5.4700,43446525,239940375.9300,4.907800,1,1.828200,53.161152,1.183880,0.670387,-7.443406,0
2025-01-15,sz.002483,5.5600,5.6500,5.4800,5.5800,5.5700,31365270,174390197.1600,3.543100,1,0.179500,53.256594,1.186005,0.671591,-7.456769,0
2025-01-16,sz.002483,5.5600,5.6800,5.5600,5.6800,5.5800,34623314,194608801.0400,3.911100,1,1.792100,54.211013,1.207260,0.683627,-7.590403,0
2025-01-17,sz.002483,5.7300,5.7700,5.5000,5.5400,5.6800,34613320,193062866.8000,3.910000,1,-2.464800,52.874826,1.177503,0.666777,-7.403315,0
2025-01-20,sz.002483,5.5900,5.6700,5.5400,5.6200,5.5400,29657353,166363230.3500,3.350200,1,1.444000,53.638361,1.194507,0.676405,-7.510223,0
2025-01-21,sz.002483,5.6300,5.7100,5.6100,5.6900,5.6200,26238126,148534830.3700,2.963900,1,1.245600,54.306455,1.209385,0.684830,-7.603766,0
2025-01-22,sz.002483,6.2600,6.2600,6.2600,6.2600,5.6900,18108716,113360562.1600,2.045600,1,10.017600,59.746644,1.330536,0.753433,-8.365479,0
2025-01-23,sz.002483,6.2000,6.3100,5.8400,5.8600,6.2600,121335251,739252908.8500,13.706300,1,-6.389800,55.928967,1.245518,0.705291,-7.830944,0
2025-01-24,sz.002483,5.8100,5.9900,5.7300,5.9600,5.8600,66934459,392775143.9800,7.561100,1,1.706500,56.883387,1.266772,0.717326,-7.964578,0
2025-01-27,sz.002483,5.9600,6.0500,5.9100,5.9500,5.9600,41236802,246588021.7600,4.658200,1,-0.167800,56.787945,1.264647,0.716123,-7.951214,0
2025-02-05,sz.002483,5.9600,5.9800,5.8000,5.9100,5.9500,35302936,207058214.8200,3.987900,1,-0.672300,56.406177,1.256145,0.711309,-7.897761,0
2025-02-06,sz.002483,5.9500,5.9600,5.8500,5.9200,5.9100,33373780,196872243.6000,3.770000,1,0.169200,56.501619,1.258271,0.712512,-7.911124,0
2025-02-07,sz.002483,5.9400,6.2600,5.9100,6.1800,5.9200,57969015,354419191.7000,6.548300,1,4.391900,58.983109,1.313532,0.743805,-8.258572,0
2025-02-10,sz.002483,6.1800,6.1900,6.0700,6.1400,6.1800,29650620,181335908.0000,3.349400,1,-0.647200,58.601341,1.305031,0.738991,-8.205119,0
2025-02-11,sz.002483,6.1700,6.2600,6.1000,6.2400,6.1400,26820200,166066501.2000,3.029700,1,1.628700,59.555761,1.326285,0.751026,-8.338752,0
2025-02-12,sz.002483,6.2000,6.3800,6.1800,6.2800,6.2400,25873760,162534357.0000,2.922800,1,0.641000,59.937528,1.334787,0.755841,-8.392206,0
2025-02-13,sz.002483,6.2600,6.3200,6.0800,6.0900,6.2800,26621886,164471363.8400,3.007300,1,-3.025500,58.124132,1.294403,0.732973,-8.138302,0
2025-02-14,sz.002483,6.0900,6.1500,6.0500,6.0800,6.0900,21455537,130702394.0500,2.423700,1,-0.164200,58.028690,1.292278,0.731769,-8.124938,0
2025-02-17,sz.002483,6.0500,6.1000,6.0200,6.1000,6.0800,19677106,119356391.4600,2.222800,1,0.328900,58.219574,1.296529,0.734176,-8.151665,0
2025-02-18,sz.002483,6.0800,6.1900,6.0100,6.0400,6.1000,19163561,116966939.3200,2.164800,1,-0.983600,57.646922,1.283776,0.726955,-8.071485,0
2025-02-19,sz.002483,6.0300,6.1500,6.0300,6.1300,6.0400,15162170,92588494.7000,1.712800,1,1.490100,58.505899,1.302905,0.737787,-8.191755,0
2025-02-20,sz.002483,6.1100,6.3000,6.1000,6.2800,6.1300,28110258,175077209.1600,3.175400,1,2.447000,59.937528,1.334787,0.755841,-8.392206,0
2025-02-21,sz.002483,6.2800,6.6000,6.2400,6.5200,6.2800,38548500,248315480.8000,4.354500,1,3.821700,62.228134,1.385798,0.784726,-8.712927,0
2025-02-24,sz.002483,6.5000,6.6000,6.4300,6.5500,6.5200,21752164,141933735.2000,2.457200,1,0.460100,62.514460,1.392174,0.788337,-8.753017,0
2025-02-25,sz.002483,6.5000,6.6200,6.4500,6.4800,6.5500,18133537,118507124.6100,2.048400,1,-1.068700,61.846367,1.377296,0.779912,-8.659474,0
2025-02-26,sz.002483,6.5200,6.6100,6.4800,6.5700,6.4800,16774780,109978315.0000,1.894900,1,1.388900,62.705344,1.396425,0.790744,-8.779744,0
2025-02-27,sz.002483,6.5800,6.6000,6.3600,6.4900,6.5700,19901380,128780420.6000,2.248100,1,-1.217700,61.941809,1.379422,0.781116,-8.672837,0
2025-02-28,sz.002483,6.4800,6.5300,6.3700,6.4100,6.4900,18637458,120345594.0000,2.105300,1,-1.232700,61.178273,1.362418,0.771487,-8.565930,0
2025-03-03,sz.002483,6.4100,6.5100,6.2600,6.3200,6.4100,21443900,137057906.0000,2.422400,1,-1.404100,60.319296,1.343289,0.760655,-8.445659,0
2025-03-04,sz.002483,6.2700,6.4400,6.2700,6.3800,6.3200,12331860,78625422.8000,1.393000,1,0.949400,60.891947,1.356042,0.767876,-8.525840,0
2025-03-05,sz.002483,6.3900,6.4600,6.3400,6.4100,6.3800,12981620,82973052.2000,1.466400,1,0.470200,61.178273,1.362418,0.771487,-8.565930,0
2025-03-06,sz.002483,6.4000,6.4700,6.3700,6.4000,6.4100,17794520,113964091.1800,2.010100,1,-0.156000,61.082831,1.360292,0.770283,-8.552567,0
2025-03-07,sz.002483,6.3900,6.5800,6.3800,6.4600,6.4000,19160492,123933130.6800,2.164400,1,0.937500,61.655483,1.373045,0.777505,-8.632747,0
2025-03-10,sz.002483,6.4600,6.6800,6.4300,6.6600,6.4600,30605597,201180047.8500,3.457300,1,3.096000,63.564321,1.415554,0.801576,-8.900015,0
2025-03-11,sz.002483,6.6000,6.7300,6.5500,6.7300,6.6600,19816052,131892527.1600,2.238500,1,1.051100,64.232415,1.430433,0.810001,-8.993558,0
2025-03-12,sz.002483,6.7500,6.8800,6.7200,6.8200,6.7300,19460620,132360606.2000,2.198300,1,1.337300,65.091392,1.449562,0.820833,-9.113829,0
2025-03-13,sz.002483,6.8000,6.8100,6.6200,6.6900,6.8200,15745000,105435233.0000,1.778600,1,-1.906200,63.850647,1.421931,0.805187,-8.940105,0
2025-03-14,sz.002483,6.7100,6.9300,6.7100,6.8600,6.6900,21379920,145684124.2000,2.415100,1,2.541100,65.473160,1.458063,0.825648,-9.167282,0
2025-03-17,sz.002483,6.9900,7.1800,6.9500,7.1200,6.8600,37012700,262324787.6100,4.181000,1,3.790100,67.954650,1.513325,0.856940,-9.514730,0
2025-03-18,sz.002483,7.1000,7.2000,7.0600,7.1800,7.1200,25033882,178566606.9200,2.827900,1,0.842700,68.527301,1.526078,0.864162,-9.594911,0
2025-03-19,sz.002483,7.1800,7.2100,7.0600,7.1000,7.1800,17365427,123472725.8800,1.961600,1,-1.114200,67.763766,1.509074,0.854533,-9.488004,0
2025-03-20,sz.002483,7.1300,7.2900,7.0900,7.2500,7.1000,24888591,179265407.8700,2.811500,1,2.112700,69.195395,1.540956,0.872587,-9.688454,0
2025-03-21,sz.002483,7.4000,7.9800,7.3500,7.8100,7.2500,122441788,966368895.5700,13.831300,1,7.724100,74.540143,1.659982,0.939986,-10.436804,0
2025-03-24,sz.002483,7.9800,8.2000,7.5000,7.9600,7.8100,136105426,1069579651.9400,15.374800,1,1.920600,75.971771,1.691864,0.958040,-10.637255,0
2025-03-25,sz.002483,7.8100,7.8600,7.4700,7.5000,7.9600,84915091,644809089.8300,9.592200,1,-5.778900,71.581443,1.594093,0.902676,-10.022539,0
2025-03-26,sz.002483,7.4200,7.6000,7.2300,7.2500,7.5000,75551805,557210187.7600,8.534500,1,-3.333300,69.195395,1.540956,0.872587,-9.688454,0
2025-03-27,sz.002483,7.1900,7.5300,7.0400,7.3100,7.2500,61544625,447809584.3000,6.952200,1,0.827600,69.768046,1.553709,0.879808,-9.768635,0
2025-03-28,sz.002483,7.3000,7.3400,7.1100,7.1400,7.3100,31948050,230197390.6000,3.608900,1,-2.325600,68.145534,1.517576,0.859347,-9.541457,0
2025-03-31,sz.002483,7.0800,7.1300,6.8300,6.9300,7.1400,33500351,232976785.0200,3.784300,1,-2.941200,66.141253,1.472942,0.834072,-9.260826,0
2025-04-01,sz.002483,6.9600,7.0500,6.9000,6.9000,6.9300,26128544,181358411.2400,2.951500,1,-0.432900,65.854928,1.466565,0.830462,-9.220736,0
2025-04-02,sz.002483,6.8900,7.0000,6.8600,6.9200,6.9000,23073842,159958413.4400,2.606500,1,0.289900,66.045811,1.470816,0.832869,-9.247463,0
2025-04-03,sz.002483,6.8400,6.9500,6.7000,6.7500,6.9200,22067100,150151797.2000,2.492800,1,-2.456600,64.423299,1.434683,0.812408,-9.020285,0
2025-04-07,sz.002483,6.3000,6.3300,6.0800,6.0800,6.7500,20356500,124486997.0000,2.299500,1,-9.925900,58.028690,1.292278,0.731769,-8.124938,0
2025-04-08,sz.002483,6.0000,6.0600,5.4900,5.6000,6.0800,50935438,288725964.8000,5.753800,1,-7.894700,53.447477,1.190256,0.673998,-7.483496,0
2025-04-09,sz.002483,5.6100,5.8900,5.2900,5.8500,5.6000,38457118,217115887.2000,4.344200,1,4.464300,55.833525,1.243392,0.704087,-7.817580,0
2025-04-10,sz.002483,5.9900,6.1400,5.9000,6.0100,5.8500,33613058,203378863.1000,3.797000,1,2.735000,57.360596,1.277400,0.723344,-8.031395,0
2025-04-11,sz.002483,5.9500,6.2000,5.9200,6.0600,6.0100,25911960,157876971.6000,2.927100,1,0.831900,57.837806,1.288027,0.729362,-8.098211,0
2025-04-14,sz.002483,6.1800,6.3300,6.1600,6.2200,6.0600,21390946,133419781.6600,2.416400,1,2.640300,59.364877,1.322034,0.748619,-8.312026,0
2025-04-15,sz.002483,6.2500,6.2800,6.1600,6.2500,6.2200,13219400,82209403.0000,1.493300,1,0.482300,59.651202,1.328411,0.752230,-8.352116,0
2025-04-16,sz.002483,6.2000,6.2500,6.0500,6.1000,6.2500,17457900,107178364.0000,1.972100,1,-2.400000,58.219574,1.296529,0.734176,-8.151665,0
2025-04-17,sz.002483,6.0900,6.2300,6.0700,6.1800,6.1000,13234740,81650730.2000,1.495000,1,1.311500,58.983109,1.313532,0.743805,-8.258572,0
2025-04-18,sz.002483,6.1400,6.2000,6.1100,6.1500,6.1800,10670060,65653152.2000,1.205300,1,-0.485400,58.696783,1.307156,0.740194,-8.218482,0
2025-04-21,sz.002483,6.1500,6.2900,6.1100,6.2700,6.1500,13095520,81632863.0000,1.479300,1,1.951200,59.842086,1.332662,0.754637,-8.378843,0
2025-04-22,sz.002483,6.2800,6.3100,6.2000,6.2800,6.2700,12964180,81113311.4000,1.464500,1,0.159500,59.937528,1.334787,0.755841,-8.392206,0
2025-04-23,sz.002483,6.3100,6.4300,6.3000,6.3900,6.2800,13407361,85439926.9800,1.514500,1,1.751600,60.987389,1.358167,0.769080,-8.539203,0
2025-04-24,sz.002483,6.3900,6.4500,6.2200,6.3000,6.3900,13698741,86420855.4900,1.547400,1,-1.408500,60.128412,1.339038,0.758248,-8.418933,0
2025-04-25,sz.002483,6.2900,6.3900,6.2800,6.3700,6.3000,12145280,77057165.6000,1.372000,1,1.111100,60.796506,1.353916,0.766673,-8.512476,0
2025-04-28,sz.002483,6.3800,6.3900,6.2600,6.2900,6.3700,14673660,92339919.4000,1.657600,1,-1.255900,60.032970,1.336912,0.757044,-8.405569,0
2025-04-29,sz.002483,6.3400,6.3600,6.0600,6.1300,6.2900,36638571,225587427.9800,4.138800,1,-2.543700,11.030404,1.216700,0.664346,6.958648,0
2025-04-30,sz.002483,6.2300,6.2500,6.0900,6.1000,6.1300,24557968,151219956.4000,2.774100,1,-0.489400,10.976422,1.210746,0.661095,6.924593,0
2025-05-06,sz.002483,6.1700,6.2500,6.1500,6.2100,6.1000,23661841,146833746.7900,2.672900,1,1.803300,11.174357,1.232579,0.673016,7.049463,0
2025-05-07,sz.002483,6.2600,6.3600,6.2400,6.3100,6.2100,24507674,154400909.6000,2.768400,1,1.610300,11.354299,1.252427,0.683854,7.162981,0
2025-05-08,sz.002483,6.3000,6.3900,6.2600,6.3800,6.3100,15413554,97848413.5000,1.741200,1,1.109400,11.480257,1.266321,0.691440,7.242443,0
2025-05-09,sz.002483,6.4200,6.4200,6.2100,6.2500,6.3800,16819837,105561150.6200,1.900000,1,-2.037600,11.246334,1.240518,0.677351,7.094870,0
2025-05-12,sz.002483,6.3100,6.4100,6.3000,6.3500,6.2500,17543590,111418144.0000,1.981800,1,1.600000,11.426275,1.260367,0.688189,7.208388,0
2025-05-13,sz.002483,6.4200,6.4700,6.3300,6.3600,6.3500,17848280,113966128.8000,2.016200,1,0.157500,11.444269,1.262351,0.689273,7.219739,0
2025-05-14,sz.002483,6.3800,6.4000,6.3100,6.3700,6.3600,14364300,91250071.0000,1.622600,1,0.157200,11.462263,1.264336,0.690356,7.231091,0
2025-05-15,sz.002483,6.3500,6.3600,6.2200,6.2200,6.3700,14884900,93575107.8000,1.681400,1,-2.354800,11.192351,1.234564,0.674100,7.060814,0
2025-05-16,sz.002483,6.2200,6.3300,6.2000,6.2300,6.2200,13982180,87701526.6000,1.579500,1,0.160800,11.210345,1.236549,0.675184,7.072166,0
2025-05-19,sz.002483,6.2100,6.2600,6.1700,6.2200,6.2300,13643800,84736020.8000,1.541200,1,-0.160500,11.192351,1.234564,0.674100,7.060814,0
2025-05-20,sz.002483,6.2300,6.2500,6.1700,6.2200,6.2200,14473129,89913555.0900,1.634900,1,0.000000,11.192351,1.234564,0.674100,7.060814,0
2025-05-21,sz.002483,6.2200,6.2300,6.1600,6.1800,6.2200,13212517,81758998.0600,1.492500,1,-0.643100,11.120375,1.226624,0.669765,7.015407,0
2025-05-22,sz.002483,6.1700,6.2100,6.1000,6.1100,6.1800,11757300,72259906.0000,1.328100,1,-1.132700,10.994416,1.212731,0.662179,6.935945,0
2025-05-23,sz.002483,6.1100,6.1900,6.0600,6.0700,6.1100,13513960,82717385.2000,1.526600,1,-0.654700,10.922439,1.204791,0.657844,6.890538,0
2025-05-26,sz.002483,6.0700,6.1100,6.0400,6.0900,6.0700,9635540,58547414.4000,1.088500,1,0.329500,10.958428,1.208761,0.660011,6.913241,0
2025-05-27,sz.002483,6.0800,6.0900,6.0000,6.0600,6.0900,11608100,70153222.0000,1.311300,1,-0.492600,10.904445,1.202807,0.656760,6.879186,0
2025-05-28,sz.002483,6.0600,6.2100,6.0500,6.1500,6.0600,16412360,100942780.8200,1.854000,1,1.485100,11.066392,1.220670,0.666514,6.981352,0
2025-05-29,sz.002483,6.1900,6.2700,6.1600,6.2500,6.1500,13894540,86620962.0000,1.569600,1,1.626000,11.246334,1.240518,0.677351,7.094870,0
2025-05-30,sz.002483,6.2300,6.2300,6.1400,6.1600,6.2500,12263997,75642808.7800,1.385400,1,-1.440000,11.084387,1.222655,0.667597,6.992704,0
2025-06-03,sz.002483,6.1400,6.2100,6.1100,6.2000,6.1600,9659280,59584623.2000,1.091100,1,0.649400,11.156363,1.230594,0.671932,7.038111,0
2025-06-04,sz.002483,6.2300,6.2900,6.2000,6.2900,6.2000,11788660,73785286.2000,1.331700,1,1.451600,11.318310,1.248458,0.681686,7.140277,0
2025-06-05,sz.002483,6.2900,6.3100,6.2400,6.2700,6.2900,14683755,92198035.9500,1.658700,1,-0.318000,11.282322,1.244488,0.679519,7.117573,0
2025-06-06,sz.002483,6.0000,6.0100,5.9100,5.9700,5.9700,12448241,74153944.9600,1.406200,1,0.000000,10.742498,1.184943,0.647006,6.777020,0
2025-06-09,sz.002483,5.9700,6.0000,5.9500,5.9600,5.9700,9289303,55474499.3500,1.049300,1,-0.167500,10.724504,1.182958,0.645922,6.765668,0
2025-06-10,sz.002483,5.9700,6.0400,5.9000,5.9700,5.9600,14056752,83873245.3600,1.587900,1,0.167800,10.742498,1.184943,0.647006,6.777020,0
2025-06-11,sz.002483,5.9800,6.0600,5.9500,6.0200,5.9700,11709628,70507644.0600,1.322700,1,0.837500,10.832469,1.194867,0.652425,6.833779,0
2025-06-12,sz.002483,5.9900,6.0400,5.9400,5.9600,6.0200,10853400,64892955.0000,1.226000,1,-0.996700,10.724504,1.182958,0.645922,6.765668,0
2025-06-13,sz.002483,5.9500,5.9600,5.8700,5.8900,5.9600,10737900,63396727.0000,1.213000,1,-1.174500,10.598545,1.169064,0.638336,6.686205,0
2025-06-16,sz.002483,5.8800,5.9400,5.8500,5.9100,5.8900,8864000,52337845.0000,1.001300,1,0.339600,10.634533,1.173034,0.640503,6.708909,0
2025-06-17,sz.002483,5.9100,5.9300,5.8400,5.8900,5.9100,7670900,45044392.0000,0.866500,1,-0.338400,10.598545,1.169064,0.638336,6.686205,0
2025-06-18,sz.002483,5.8600,5.9100,5.8500,5.8700,5.8900,7293600,42827324.0000,0.823900,1,-0.339600,10.562557,1.165095,0.636168,6.663502,0
2025-06-19,sz.002483,5.8400,5.8700,5.7200,5.7300,5.8700,10101464,58323601.0000,1.141100,1,-2.385000,10.310639,1.137307,0.620996,6.504577,0
2025-06-20,sz.002483,5.7400,5.8000,5.7200,5.7400,5.7300,8807180,50718853.8000,0.994900,1,0.174500,10.328633,1.139292,0.622079,6.515928,0
2025-06-23,sz.002483,5.7300,5.8100,5.6200,5.7900,5.7400,8049595,46395885.9700,0.909300,1,0.871100,10.418604,1.149216,0.627498,6.572687,0
2025-06-24,sz.002483,5.7800,5.9100,5.7800,5.9000,5.7900,10766900,63175379.0000,1.216300,1,1.899800,10.616539,1.171049,0.639420,6.697557,0
2025-06-25,sz.002483,5.9200,5.9600,5.8900,5.9400,5.9000,9098320,53909162.2000,1.027800,1,0.678000,10.688516,1.178989,0.643755,6.742964,0
2025-06-26,sz.002483,5.9500,6.2000,5.9400,6.0700,5.9400,24446407,148433638.0700,2.761500,1,2.188600,10.922439,1.204791,0.657844,6.890538,0
2025-06-27,sz.002483,6.0500,6.1100,6.0300,6.0700,6.0700,13226700,80114027.0000,1.494100,1,0.000000,10.922439,1.204791,0.657844,6.890538,0
2025-06-30,sz.002483,6.0800,6.3700,6.0800,6.2500,6.0700,29449802,183066909.3600,3.326700,1,2.965400,11.246334,1.240518,0.677351,7.094870,0
2025-07-01,sz.002483,6.2400,6.2900,6.1900,6.2800,6.2500,15504500,96767275.8200,1.751400,1,0.480000,11.300316,1.246473,0.680603,7.128925,0
2025-07-02,sz.002483,6.5500,6.6600,6.3500,6.4800,6.2800,51990363,338176840.5400,5.873000,1,3.184700,11.660199,1.286169,0.702278,7.355961,0
2025-07-03,sz.002483,6.4400,6.5100,6.3500,6.4000,6.4800,28203034,181101995.8600,3.185900,1,-1.234600,11.516246,1.270291,0.693608,7.265147,0
2025-07-04,sz.002483,6.3900,6.5000,6.3700,6.3800,6.4000,17839400,114613609.2000,2.015200,1,-0.312500,11.480257,1.266321,0.691440,7.242443,0
2025-07-07,sz.002483,6.3800,6.3800,6.3100,6.3600,6.3800,14433380,91518567.0000,1.630400,1,-0.313500,11.444269,1.262351,0.689273,7.219739,0
2025-07-08,sz.002483,6.3600,6.4000,6.3400,6.3900,6.3600,11069180,70559033.6000,1.250400,1,0.471700,11.498252,1.268306,0.692524,7.253795,0
2025-07-09,sz.002483,6.3900,6.5300,6.3900,6.4300,6.3900,20292780,131340715.1200,2.292300,1,0.626000,11.570228,1.276245,0.696859,7.299202,0
2025-07-10,sz.002483,6.4300,6.5400,6.4300,6.4700,6.4300,12172720,78806617.2000,1.375100,1,0.622100,11.642205,1.284185,0.701194,7.344609,0
2025-07-11,sz.002483,6.4700,6.4900,6.4000,6.4600,6.4700,13059720,84289880.6000,1.475300,1,-0.154600,11.624211,1.282200,0.700110,7.333257,0
2025-07-14,sz.002483,6.4600,6.5500,6.4000,6.5100,6.4600,13137660,85363734.6000,1.484100,1,0.774000,11.714181,1.292124,0.705529,7.390016,0
2025-07-15,sz.002483,6.5200,6.5200,6.3700,6.4200,6.5100,12363700,79520585.0000,1.396600,1,-1.382500,11.552234,1.274260,0.695775,7.287850,0
2025-07-16,sz.002483,6.4300,6.4600,6.3800,6.4100,6.4200,9817654,63005892.3400,1.109000,1,-0.155800,11.534240,1.272276,0.694691,7.276498,0
2025-07-17,sz.002483,6.4300,6.4300,6.3700,6.4200,6.4100,9930050,63557880.5000,1.121700,1,0.156000,11.552234,1.274260,0.695775,7.287850,0
2025-07-18,sz.002483,6.4200,6.4400,6.3600,6.4100,6.4200,8055160,51455203.8000,0.909900,1,-0.155800,11.534240,1.272276,0.694691,7.276498,0
2025-07-21,sz.002483,6.4300,6.5000,6.4200,6.5000,6.4100,10165820,65856416.4000,1.148400,1,1.404100,11.696187,1.290139,0.704445,7.378665,0
2025-07-22,sz.002483,6.5300,6.5600,6.4900,6.5600,6.5000,11619000,75924772.0000,1.312500,1,0.923100,11.804152,1.302048,0.710948,7.446775,0
2025-07-23,sz.002483,6.5600,6.5700,6.4700,6.4800,6.5600,11059140,72033796.4000,1.249300,1,-1.219500,11.660199,1.286169,0.702278,7.355961,0
2025-07-24,sz.002483,6.4700,6.5400,6.4700,6.4900,6.4800,10698000,69543561.0000,1.208500,1,0.154300,11.678193,1.288154,0.703362,7.367313,0
2025-07-25,sz.002483,6.4800,6.5300,6.4600,6.4800,6.4900,8459860,54884225.0000,0.955600,1,-0.154100,11.660199,1.286169,0.702278,7.355961,0
2025-07-28,sz.002483,6.4600,6.5000,6.4300,6.4900,6.4800,8648728,55987222.3200,0.977000,1,0.154300,11.678193,1.288154,0.703362,7.367313,0
2025-07-29,sz.002483,6.4700,6.6000,6.4400,6.5600,6.4900,15007880,97746289.8000,1.695300,1,1.078600,11.804152,1.302048,0.710948,7.446775,0
2025-07-30,sz.002483,6.5600,6.7400,6.5100,6.6900,6.5600,23025358,152427685.7200,2.601000,1,1.981700,12.038076,1.327851,0.725037,7.594349,0
2025-07-31,sz.002483,6.6600,6.9000,6.6400,6.7000,6.6900,34829123,235394577.1100,3.934400,1,0.149500,12.056070,1.329836,0.726121,7.605700,0
2025-08-01,sz.002483,6.6800,6.7500,6.6400,6.6700,6.7000,18356593,122774105.0900,2.073600,1,-0.447800,12.002087,1.323881,0.722869,7.571645,0
2025-08-04,sz.002483,6.6400,6.6800,6.5700,6.6700,6.6700,15853766,105145643.2200,1.790900,1,0.000000,12.002087,1.323881,0.722869,7.571645,0
2025-08-05,sz.002483,6.6600,6.8400,6.6600,6.8100,6.6700,16724580,113619733.0000,1.889200,1,2.099000,12.254005,1.351669,0.738042,7.730570,0
2025-08-06,sz.002483,6.8200,7.0900,6.7900,7.0300,6.8100,27524300,192945368.4000,3.109200,1,3.230500,12.649876,1.395335,0.761885,7.980310,0
2025-08-07,sz.002483,7.0300,7.0900,6.9400,7.0200,7.0300,19971764,139972357.5600,2.256100,1,-0.142200,12.631882,1.393350,0.760801,7.968958,0
2025-08-08,sz.002483,6.9900,7.1800,6.9700,7.1100,7.0200,20638220,146221842.6000,2.331300,1,1.282100,12.793829,1.411214,0.770555,8.071124,0
2025-08-11,sz.002483,7.1300,7.1700,7.0500,7.0900,7.1100,15343540,108920752.6000,1.733200,1,-0.281300,12.757841,1.407244,0.768387,8.048420,0
2025-08-12,sz.002483,7.0800,7.1000,6.9600,7.0200,7.0900,16603764,116478518.8400,1.875600,1,-0.987300,12.631882,1.393350,0.760801,7.968958,0
2025-08-13,sz.002483,7.0200,7.0300,6.9400,6.9900,7.0200,14111982,98431264.3400,1.594100,1,-0.427400,12.577900,1.387396,0.757550,7.934902,0
2025-08-14,sz.002483,7.0300,7.0900,6.9500,6.9500,6.9900,16574977,116519451.7100,1.872300,1,-0.572200,12.505923,1.379456,0.753215,7.889495,0
2025-08-15,sz.002483,6.9600,7.1800,6.9500,7.1600,6.9500,18074720,128745307.6000,2.041800,1,3.021600,12.883800,1.421138,0.775974,8.127883,0
2025-08-18,sz.002483,7.1700,7.2100,7.0900,7.1100,7.1600,17397591,123920086.3500,1.965300,1,-0.698300,12.793829,1.411214,0.770555,8.071124,0
2025-08-19,sz.002483,7.1100,7.1300,7.0300,7.0900,7.1100,11192734,79252277.2600,1.264400,1,-0.281300,12.757841,1.407244,0.768387,8.048420,0
2025-08-20,sz.002483,7.0800,7.1300,7.0500,7.1100,7.0900,10583724,75052424.5600,1.195600,1,0.282100,12.793829,1.411214,0.770555,8.071124,0
2025-08-21,sz.002483,7.0800,7.1900,7.0600,7.0900,7.1100,17901360,127621869.4000,2.022200,1,-0.281300,12.757841,1.407244,0.768387,8.048420,0
2025-08-22,sz.002483,7.1000,7.1500,7.0500,7.1000,7.0900,12961720,91986229.4000,1.464200,1,0.141000,12.775835,1.409229,0.769471,8.059772,0
2025-08-25,sz.002483,7.1400,7.1600,7.0700,7.1100,7.1000,15767344,112268795.1600,1.781100,1,0.140800,12.793829,1.411214,0.770555,8.071124,0
2025-08-26,sz.002483,7.0600,7.1100,6.8600,7.0700,7.1100,24494933,171363764.8300,2.767000,1,-0.562600,13.212243,1.448996,0.763312,6.684837,0
2025-08-27,sz.002483,7.0600,7.1100,6.8000,6.8000,7.0700,20822520,144839030.9600,2.352200,1,-3.819000,12.707674,1.393660,0.734161,6.429546,0
2025-08-28,sz.002483,6.8000,6.8800,6.4900,6.7100,6.8000,26822740,179060011.4000,3.030000,1,-1.323500,12.539484,1.375214,0.724445,6.344449,0
2025-08-29,sz.002483,6.6900,6.7900,6.6600,6.7000,6.7100,13485940,90531063.6000,1.523400,1,-0.149000,12.520796,1.373165,0.723365,6.334994,0
2025-09-01,sz.002483,6.7000,6.7200,6.6000,6.6200,6.7000,13860900,92011744.0000,1.565800,1,-1.194000,12.371294,1.356769,0.714728,6.259352,0
2025-09-02,sz.002483,6.6400,6.7000,6.4300,6.5500,6.6200,14309260,93435320.2000,1.616400,1,-1.057400,12.240480,1.342422,0.707170,6.193166,0
2025-09-03,sz.002483,6.5900,6.6200,6.4300,6.4700,6.5500,11136980,72444989.6000,1.258100,1,-1.221400,12.090978,1.326026,0.698533,6.117524,0
2025-09-04,sz.002483,6.4800,6.5300,6.3400,6.4200,6.4700,11910860,76886160.2000,1.345500,1,-0.772800,11.997539,1.315779,0.693135,6.070248,0
2025-09-05,sz.002483,6.4200,6.5200,6.4200,6.5100,6.4200,10562300,68306985.6000,1.193100,1,1.401900,12.165729,1.334224,0.702852,6.155345,0
2025-09-08,sz.002483,6.5100,6.5400,6.4500,6.4900,6.5100,10694924,69347486.2800,1.208100,1,-0.307200,12.128353,1.330125,0.700692,6.136434,0
2025-09-09,sz.002483,6.5000,6.5400,6.4300,6.4900,6.4900,12414334,80433993.3100,1.402400,1,0.000000,12.128353,1.330125,0.700692,6.136434,0
2025-09-10,sz.002483,6.5000,6.5700,6.4400,6.4700,6.4900,10290121,66773069.0600,1.162400,1,-0.308200,12.090978,1.326026,0.698533,6.117524,0
2025-09-11,sz.002483,6.4700,6.5100,6.4200,6.5100,6.4700,10413140,67296295.2000,1.176300,1,0.618200,12.165729,1.334224,0.702852,6.155345,0
2025-09-12,sz.002483,6.5200,6.5900,6.4700,6.5400,6.5100,11233700,73369509.0000,1.269000,1,0.460800,12.221792,1.340373,0.706091,6.183710,0
2025-09-15,sz.002483,6.5400,6.5600,6.4200,6.4400,6.5400,12411744,80251084.5600,1.402100,1,-1.529100,12.034914,1.319878,0.695294,6.089158,0
2025-09-16,sz.002483,6.4600,6.5500,6.4600,6.5300,6.4400,12033306,78386180.1200,1.359300,1,1.397500,12.203104,1.338323,0.705011,6.174255,0
2025-09-17,sz.002483,6.5400,6.7400,6.5100,6.6800,6.5300,16115480,106914834.2000,1.820400,1,2.297100,12.483421,1.369066,0.721206,6.316083,0
2025-09-18,sz.002483,6.6900,7.0400,6.6200,6.8100,6.6800,30949797,211776166.1500,3.496200,1,1.946100,12.726361,1.395709,0.735241,6.439001,0
2025-09-19,sz.002483,6.7900,6.9600,6.7400,6.8300,6.8100,17457490,119588200.8400,1.972000,1,0.293700,12.763737,1.399808,0.737400,6.457912,0
2025-09-22,sz.002483,6.8400,6.9900,6.7200,6.8300,6.8300,14495700,99251485.0000,1.637500,1,0.000000,12.763737,1.399808,0.737400,6.457912,0
2025-09-23,sz.002483,6.8500,6.9500,6.7300,6.9400,6.8300,18047480,123490215.6000,2.038700,1,1.610500,12.969302,1.422353,0.749277,6.561919,0
2025-09-24,sz.002483,6.9100,7.1100,6.8600,6.9600,6.9400,16042955,112024848.0000,1.812200,1,0.288200,13.006678,1.426452,0.751436,6.580829,0
2025-09-25,sz.002483,6.9300,7.0200,6.8800,6.9500,6.9600,15063540,104822174.0000,1.701600,1,-0.143700,12.987990,1.424402,0.750356,6.571374,0
2025-09-26,sz.002483,6.9200,7.1300,6.8900,7.0000,6.9500,15340051,107870452.8800,1.732800,1,0.719400,13.081429,1.434650,0.755754,6.618650,0
2025-09-29,sz.002483,6.9900,7.1500,6.8600,7.1200,7.0000,18535484,131016198.1600,2.093800,1,1.714300,13.305682,1.459244,0.768710,6.732113,0
2025-09-30,sz.002483,7.1200,7.1600,7.0500,7.1100,7.1200,14087159,100074478.7500,1.591300,1,-0.140400,13.286994,1.457194,0.767631,6.722658,0
2025-10-09,sz.002483,7.0900,7.2800,7.0900,7.2200,7.1100,14342368,103189311.1600,1.620100,1,1.547100,13.492559,1.479739,0.779507,6.826665,0
2025-10-10,sz.002483,7.2300,7.5100,7.1800,7.3800,7.2200,18358302,135250392.6800,2.073800,1,2.216100,13.791563,1.512531,0.796781,6.977948,0
2025-10-13,sz.002483,7.1500,7.3400,7.0800,7.3000,7.3800,16576636,119715703.6400,1.872500,1,-1.084000,13.642061,1.496135,0.788144,6.902307,0
2025-10-14,sz.002483,7.3300,7.4000,7.1800,7.2100,7.3000,14617178,106528669.9800,1.651200,1,-1.232900,13.473872,1.477689,0.778427,6.817210,0
2025-10-15,sz.002483,7.1900,7.3100,7.1000,7.2800,7.2100,14675842,105854332.5400,1.657800,1,0.970900,13.604686,1.492036,0.785985,6.883396,0
2025-10-16,sz.002483,7.2900,7.3000,7.1300,7.1600,7.2800,9671948,69583799.6800,1.092600,1,-1.648400,13.380433,1.467442,0.773029,6.769934,0
2025-10-17,sz.002483,7.1700,7.1700,6.8600,6.8700,7.1600,16161766,112831482.8500,1.825700,1,-4.050300,12.838488,1.408006,0.741719,6.495732,0
2025-10-20,sz.002483,6.9700,7.0200,6.8700,6.9200,6.8700,12715095,88114782.9600,1.436300,1,0.727800,12.931927,1.418254,0.747117,6.543008,0
2025-10-21,sz.002483,6.9500,7.2800,6.9400,7.2100,6.9200,14705438,104897789.9500,1.661200,1,4.190800,13.473872,1.477689,0.778427,6.817210,0
2025-10-22,sz.002483,7.2300,7.4800,7.1400,7.3600,7.2100,18285645,134562574.4900,2.065600,1,2.080400,13.754188,1.508432,0.794622,6.959038,0
2025-10-23,sz.002483,7.3100,7.3800,7.2200,7.3600,7.3600,11831640,86143526.2000,1.336500,1,0.000000,13.754188,1.508432,0.794622,6.959038,0
2025-10-24,sz.002483,7.3700,7.4700,7.3000,7.4400,7.3600,14080680,104297808.0000,1.590600,1,1.087000,13.903690,1.524828,0.803259,7.034680,0
2025-10-27,sz.002483,7.5100,7.5200,7.3900,7.4400,7.4400,10435480,77508285.0000,1.178800,1,0.000000,13.903690,1.524828,0.803259,7.034680,0
2025-10-28,sz.002483,7.4000,7.4300,7.2900,7.3100,7.4400,10104327,74263189.9600,1.141400,1,-1.747300,13.660749,1.498184,0.789224,6.911762,0
2025-10-29,sz.002483,7.3100,7.3100,7.1400,7.2600,7.3100,10864700,78507249.0000,1.227300,1,-0.684000,13.567310,1.487937,0.783825,6.864486,0
2025-10-30,sz.002483,7.1300,7.1500,6.7500,6.7800,7.2600,33903527,233869312.0600,3.829800,1,-6.611600,13.231609,1.370311,0.773362,5.134450,0
2025-10-31,sz.002483,6.7700,6.8000,6.7100,6.7100,6.7800,14844280,100233869.6000,1.676800,1,-1.032400,13.095000,1.356163,0.765377,5.081440,0
2025-11-03,sz.002483,6.7300,6.7900,6.6500,6.7800,6.7100,11974164,80518770.6800,1.352600,1,1.043200,13.231609,1.370311,0.773362,5.134450,0
2025-11-04,sz.002483,6.8000,7.0300,6.7900,6.8500,6.7800,18333288,125967752.9400,2.071000,1,1.032400,13.368219,1.384458,0.781346,5.187461,0
2025-11-05,sz.002483,6.8100,7.0300,6.7900,6.9800,6.8500,13707415,95019314.2100,1.548400,1,1.897800,13.621922,1.410733,0.796175,5.285909,0
2025-11-06,sz.002483,6.9800,7.0700,6.9100,7.0400,6.9800,11361342,79532909.6400,1.283400,1,0.859600,13.739016,1.422859,0.803019,5.331347,0
2025-11-07,sz.002483,7.0200,7.0900,6.9800,7.0600,7.0400,9529300,66988012.6000,1.076500,1,0.284100,13.778047,1.426902,0.805300,5.346492,0
2025-11-10,sz.002483,7.1000,7.1200,6.9600,7.0600,7.0600,13732453,96447958.4100,1.551200,1,0.000000,13.778047,1.426902,0.805300,5.346492,0
2025-11-11,sz.002483,7.0400,7.1800,7.0400,7.0900,7.0600,9844780,70007712.8000,1.112100,1,0.424900,13.836594,1.432965,0.808722,5.369211,0
2025-11-12,sz.002483,7.1100,7.1100,6.9800,7.0000,7.0900,9248940,65053957.2000,1.044800,1,-1.269400,13.660953,1.414775,0.798456,5.301055,0
2025-11-13,sz.002483,7.0000,7.0300,6.9000,6.9300,7.0000,12302468,85505671.0800,1.389700,1,-1.000000,13.524344,1.400627,0.790471,5.248044,0
2025-11-14,sz.002483,6.9400,7.0900,6.9200,6.9800,6.9300,11306920,79458623.8000,1.277300,1,0.721500,13.621922,1.410733,0.796175,5.285909,0
2025-11-17,sz.002483,6.9800,7.0100,6.8800,6.9100,6.9800,8196960,56647248.6000,0.925900,1,-1.002900,13.485313,1.396585,0.788190,5.232898,0
2025-11-18,sz.002483,6.9100,6.9100,6.6900,6.7100,6.9100,12881940,86823756.6400,1.455200,1,-2.894400,13.095000,1.356163,0.765377,5.081440,0
2025-11-19,sz.002483,6.7100,6.7600,6.6300,6.6800,6.7100,10510825,70297706.0500,1.187300,1,-0.447100,13.036453,1.350100,0.761955,5.058721,0
2025-11-20,sz.002483,6.6900,6.7500,6.6500,6.6800,6.6800,7059600,47289914.0000,0.797500,1,0.000000,13.036453,1.350100,0.761955,5.058721,0
2025-11-21,sz.002483,6.6400,6.6700,6.3900,6.4000,6.6800,14812129,96051497.6700,1.673200,1,-4.191600,12.490015,1.293509,0.730017,4.846679,0
2025-11-24,sz.002483,6.4500,6.6000,6.4500,6.5200,6.4000,10879727,70927067.0300,1.229000,1,1.875000,12.724202,1.317762,0.743705,4.937554,0
2025-11-25,sz.002483,6.5600,6.6900,6.5200,6.5400,6.5200,10460960,68804265.6600,1.181700,1,0.306700,12.763234,1.321804,0.745986,4.952700,0
2025-11-26,sz.002483,6.5500,6.6700,6.4500,6.5200,6.5400,8202747,53950593.4600,0.926600,1,-0.305800,12.724202,1.317762,0.743705,4.937554,0
2025-11-27,sz.002483,6.5500,6.5500,6.4700,6.4800,6.5200,7485827,48712422.4900,0.845600,1,-0.613500,12.646140,1.309677,0.739142,4.907262,0
2025-11-28,sz.002483,6.4800,6.5500,6.4200,6.5500,6.4800,6799500,44226897.0000,0.768100,1,1.080200,12.782749,1.323825,0.747127,4.960273,0
2025-12-01,sz.002483,6.5600,6.5800,6.5000,6.5200,6.5500,8642320,56437640.2000,0.976300,1,-0.458000,12.724202,1.317762,0.743705,4.937554,0
2025-12-02,sz.002483,6.5300,6.5400,6.4600,6.5300,6.5200,6060300,39471999.0000,0.684600,1,0.153400,12.743718,1.319783,0.744845,4.945127,0
2025-12-03,sz.002483,6.5300,6.6800,6.5000,6.6400,6.5300,14992718,98907911.2200,1.693600,1,1.684500,12.958390,1.342015,0.757393,5.028429,0
2025-12-04,sz.002483,6.6200,6.9700,6.6100,6.8900,6.6400,31466701,215052618.0300,3.554600,1,3.765100,13.446281,1.392543,0.785909,5.217752,0
2025-12-05,sz.002483,6.9200,6.9900,6.8100,6.9800,6.8900,18849120,130624328.2000,2.129200,1,1.306200,13.621922,1.410733,0.796175,5.285909,0
2025-12-08,sz.002483,6.9700,7.0900,6.9000,7.0100,6.9800,18479760,129405273.4000,2.087500,1,0.429800,13.680469,1.416796,0.799597,5.308628,0
2025-12-09,sz.002483,6.9900,7.2500,6.9800,7.0600,7.0100,21994110,156923993.8400,2.484500,1,0.713300,13.778047,1.426902,0.805300,5.346492,0
2025-12-10,sz.002483,7.0600,7.1000,6.9200,7.0500,7.0600,12948491,90808570.5300,1.462700,1,-0.141600,13.758532,1.424880,0.804159,5.338919,0
2025-12-11,sz.002483,7.0700,7.1200,6.9700,6.9800,7.0500,9758305,68747386.5500,1.102300,1,-0.992900,13.621922,1.410733,0.796175,5.285909,0
2025-12-12,sz.002483,6.9900,7.1900,6.9800,7.1200,6.9800,16343548,116102948.8000,1.846200,1,2.005700,13.895141,1.439028,0.812144,5.391930,0
2025-12-15,sz.002483,7.1000,7.2400,7.0500,7.1700,7.1200,12003564,85964757.4900,1.356000,1,0.702200,13.992720,1.449134,0.817847,5.429795,0
2025-12-16,sz.002483,7.1600,7.1600,6.9600,7.0200,7.1700,12330360,86591572.0400,1.392900,1,-2.092100,13.699985,1.418817,0.800737,5.316201,0
2025-12-17,sz.002483,7.0000,7.0200,6.8400,6.9800,7.0200,12953697,89739293.5200,1.463300,1,-0.569800,13.621922,1.410733,0.796175,5.285909,0
2025-12-18,sz.002483,6.9600,7.0500,6.9200,6.9500,6.9800,7228640,50536285.6000,0.816600,1,-0.429800,13.563375,1.404669,0.792753,5.263190,0
2025-12-19,sz.002483,6.9900,7.1000,6.9300,7.0800,6.9500,9780093,68930228.0200,1.104800,1,1.870500,13.817079,1.430944,0.807581,5.361638,0
2025-12-22,sz.002483,7.0800,7.1400,7.0100,7.0300,7.0800,9942800,70252814.4000,1.123200,1,-0.706200,13.719500,1.420838,0.801878,5.323774,0
2025-12-23,sz.002483,7.0500,7.1000,6.8800,6.9300,7.0300,11668262,81603917.8400,1.318100,1,-1.422500,13.524344,1.400627,0.790471,5.248044,0
2025-12-24,sz.002483,6.9300,7.0300,6.8800,6.9900,6.9300,8305400,57845841.0000,0.938200,1,0.865800,13.641438,1.412754,0.797315,5.293482,0
2025-12-25,sz.002483,7.0000,7.1100,6.9700,7.0900,6.9900,8390860,59260360.7800,0.947900,1,1.430600,13.836594,1.432965,0.808722,5.369211,0
2025-12-26,sz.002483,7.0700,7.1700,7.0500,7.1100,7.0900,11548548,82210475.7200,1.304600,1,0.282100,13.875626,1.437007,0.811003,5.384357,0
2025-12-29,sz.002483,7.1300,7.1800,7.0700,7.0900,7.1100,7262628,51604649.2000,0.820400,1,-0.281300,13.836594,1.432965,0.808722,5.369211,0
2025-12-30,sz.002483,7.0700,7.3000,7.0400,7.1800,7.0900,14525592,104651288.4500,1.640800,1,1.269400,14.012235,1.451155,0.818988,5.437368,0
2025-12-31,sz.002483,7.2000,7.2000,7.0900,7.1400,7.1800,8597056,61409806.0000,0.971100,1,-0.557100,13.934173,1.443070,0.814425,5.407076,0
2026-01-05,sz.002483,7.1500,7.1800,7.0400,7.0600,7.1400,14368164,101825632.4000,1.623100,1,-1.120400,13.778047,1.426902,0.805300,5.346492,0
2026-01-06,sz.002483,7.0700,7.1700,6.9700,7.1300,7.0600,23461066,165160329.4800,2.650200,1,0.991500,13.914657,1.441049,0.813284,5.399503,0
2026-01-07,sz.002483,7.1200,7.2900,7.0600,7.1700,7.1300,15126836,108744312.5600,1.708800,1,0.561000,13.992720,1.449134,0.817847,5.429795,0
2026-01-08,sz.002483,7.1700,7.2600,7.1100,7.2400,7.1700,11348660,81834570.4000,1.282000,1,0.976300,14.129329,1.463282,0.825832,5.482805,0
2026-01-09,sz.002483,7.2300,7.2800,7.1200,7.1800,7.2400,13320958,95639414.7100,1.504800,1,-0.828700,14.012235,1.451155,0.818988,5.437368,0
2026-01-12,sz.002483,7.1100,7.2400,7.1000,7.1800,7.1800,15514273,111068304.8500,1.752500,1,0.000000,14.012235,1.451155,0.818988,5.437368,0
2026-01-13,sz.002483,7.2200,7.3000,7.0800,7.1500,7.1800,15745254,113195554.6200,1.778600,1,-0.417800,13.953688,1.445092,0.815566,5.414649,0
2026-01-14,sz.002483,7.1400,7.2500,6.9900,7.1900,7.1500,22985417,163959118.2000,2.596500,1,0.559400,14.031751,1.453176,0.820128,5.444941,0
2026-01-15,sz.002483,7.1500,7.3000,7.1300,7.2300,7.1900,15991055,115607130.3100,1.806400,1,0.556300,14.109813,1.461260,0.824691,5.475232,0
2026-01-16,sz.002483,7.2500,7.3300,7.1700,7.2000,7.2300,14763223,106881256.4000,1.667700,1,-0.414900,14.051266,1.455197,0.821269,5.452513,0
2026-01-19,sz.002483,7.2100,7.4200,7.2100,7.4200,7.2000,16561217,121782127.5200,1.870800,1,3.055600,14.480611,1.499661,0.846363,5.619118,0
2026-01-20,sz.002483,7.4400,7.4700,7.2700,7.3400,7.4200,15079859,110413676.6900,1.703500,1,-1.078200,14.324486,1.483493,0.837238,5.558535,0
2026-01-21,sz.002483,7.3100,7.5500,7.2700,7.4800,7.3400,16902340,125992475.0000,1.909300,1,1.907400,14.597705,1.511788,0.853207,5.664556,0
2026-01-22,sz.002483,7.5100,7.5900,7.4400,7.5800,7.4800,12694820,95677003.0000,1.434000,1,1.336900,14.792861,1.531999,0.864614,5.740285,0
2026-01-23,sz.002483,7.6200,7.6400,7.5100,7.5600,7.5800,10944537,82645559.1500,1.236300,1,-0.263900,14.753830,1.527957,0.862333,5.725139,0
2026-01-26,sz.002483,7.5500,7.7300,7.5100,7.6000,7.5600,16830876,128184268.4400,1.901300,1,0.529100,14.831892,1.536041,0.866895,5.755431,0
2026-01-27,sz.002483,7.5600,7.6000,7.4000,7.4700,7.6000,13328516,99569099.6800,1.505600,1,-1.710500,14.578189,1.509767,0.852067,5.656983,0
2026-01-28,sz.002483,7.4400,7.4700,7.3200,7.3700,7.4700,10998700,81264223.0000,1.242400,1,-1.338700,14.383032,1.489556,0.840660,5.581253,0
2026-01-29,sz.002483,7.3500,7.5100,7.3000,7.3400,7.3700,14768980,109267351.2000,1.668300,1,-0.407100,14.324486,1.483493,0.837238,5.558535,0
2026-01-30,sz.002483,7.2900,7.4000,7.1900,7.3500,7.3400,12798858,93781038.8600,1.445800,1,0.136200,14.344001,1.485514,0.838379,5.566108,0
2026-02-02,sz.002483,7.3300,7.4100,7.2100,7.2200,7.3500,9934980,72725302.0000,1.122300,1,-1.768700,14.090298,1.459239,0.823550,5.467659,0
2026-02-03,sz.002483,7.3000,7.3700,7.2200,7.3600,7.2200,10120620,74076870.6000,1.143200,1,1.939100,14.363517,1.487535,0.839519,5.573680,0
2026-02-04,sz.002483,7.3600,7.5700,7.3400,7.5000,7.3600,13480490,101035822.2000,1.522800,1,1.902200,14.636736,1.515830,0.855489,5.679702,0
2026-02-05,sz.002483,7.4700,7.5900,7.4100,7.4200,7.5000,14363519,107366542.7800,1.622500,1,-1.066700,14.480611,1.499661,0.846363,5.619118,0
2026-02-06,sz.002483,7.3700,7.5000,7.3600,7.3800,7.4200,8995400,66914511.6000,1.016100,1,-0.539100,14.402548,1.491577,0.841801,5.588826,0
2026-02-09,sz.002483,7.4600,7.5600,7.4200,7.4300,7.3800,10375415,77535697.2200,1.172000,1,0.677500,14.500126,1.501683,0.847504,5.626691,0
2026-02-10,sz.002483,7.4400,7.5100,7.3800,7.4000,7.4300,8128700,60332290.0000,0.918200,1,-0.403800,14.441579,1.495619,0.844082,5.603972,0
2026-02-11,sz.002483,7.4000,7.4800,7.3700,7.4200,7.4000,6987932,51978508.7200,0.789400,1,0.270300,14.480611,1.499661,0.846363,5.619118,0
2026-02-12,sz.002483,7.4200,7.4700,7.3400,7.3800,7.4200,7713300,57133688.0000,0.871300,1,-0.539100,14.402548,1.491577,0.841801,5.588826,0
2026-02-13,sz.002483,7.3600,7.4100,7.2600,7.2700,7.3800,7210020,52828997.8000,0.814500,1,-1.490500,14.187876,1.469345,0.829254,5.505524,0
2026-02-24,sz.002483,7.3400,7.6500,7.3200,7.6300,7.2700,19183378,144726512.3400,2.167000,1,4.951900,14.890439,1.542105,0.870317,5.778150,0
2026-02-25,sz.002483,7.6300,7.8400,7.6000,7.7200,7.6300,17396262,134422844.2400,1.965100,1,1.179600,15.066080,1.560295,0.880583,5.846306,0
2026-02-26,sz.002483,7.7300,8.0800,7.6800,8.0000,7.7200,25945460,205448749.9800,2.930900,1,3.626900,15.612518,1.616886,0.912521,6.058348,0
2026-02-27,sz.002483,7.9600,8.0100,7.8200,7.9500,8.0000,13497769,107227901.4000,1.524700,1,-0.625000,15.514940,1.606780,0.906818,6.020484,0
2026-03-02,sz.002483,7.8500,7.9900,7.7800,7.9300,7.9500,15482432,122265962.2000,1.748900,1,-0.251600,15.475909,1.602738,0.904537,6.005338,0
2026-03-03,sz.002483,7.9000,8.0500,7.7400,7.7700,7.9300,17819327,140655196.5300,2.012900,1,-2.017700,15.163658,1.570400,0.886286,5.884171,0
2026-03-04,sz.002483,7.6500,7.9100,7.6200,7.7200,7.7700,14428114,111998066.4800,1.629800,1,-0.643500,15.066080,1.560295,0.880583,5.846306,0
2026-03-05,sz.002483,7.8300,8.0300,7.7900,7.9000,7.7200,14624866,115782181.0100,1.652100,1,2.331600,15.417362,1.596675,0.901115,5.982619,0
2026-03-06,sz.002483,7.8700,8.1800,7.8700,8.1100,7.9000,16918742,136904854.8400,1.911200,1,2.658200,15.827190,1.639118,0.925068,6.141651,0
2026-03-09,sz.002483,8.0200,8.0700,7.8200,7.9100,8.1100,14382364,113906186.6000,1.624700,1,-2.466100,15.436877,1.598696,0.902255,5.990192,0
2026-03-10,sz.002483,8.0000,8.0800,7.8600,8.0100,7.9100,14206553,113562477.4000,1.604800,1,1.264200,15.632034,1.618907,0.913662,6.065921,0
2026-03-11,sz.002483,8.0100,8.0800,7.9200,8.0400,8.0100,13712080,109657685.5000,1.548900,1,0.374500,15.690581,1.624970,0.917084,6.088640,0
2026-03-12,sz.002483,8.0300,8.0300,7.7500,7.8500,8.0400,18169393,143043494.5600,2.052500,1,-2.363200,15.319784,1.586569,0.895411,5.944754,0
2026-03-13,sz.002483,7.8200,8.0400,7.7500,7.9000,7.8500,14197200,112846395.1900,1.603700,1,0.636900,15.417362,1.596675,0.901115,5.982619,0
2026-03-16,sz.002483,8.0900,8.3200,7.9600,8.0000,7.9000,27210220,220487536.2000,3.073700,1,1.265800,15.612518,1.616886,0.912521,6.058348,0
2026-03-17,sz.002483,8.0200,8.0700,7.8100,7.8300,8.0000,18649100,147966278.4000,2.106600,1,-2.125000,15.280752,1.582527,0.893130,5.929608,0
2026-03-18,sz.002483,7.8500,7.8600,7.6000,7.7400,7.8300,14672808,113030134.5200,1.657500,1,-1.149400,15.105111,1.564337,0.882864,5.861452,0
2026-03-19,sz.002483,7.6400,7.7000,7.3000,7.3500,7.7400,18090550,135093618.3000,2.043600,1,-5.038800,14.344001,1.485514,0.838379,5.566108,0
2026-03-20,sz.002483,7.3800,7.4200,7.0700,7.0800,7.3500,16885088,121536446.1200,1.907400,1,-3.673500,13.817079,1.430944,0.807581,5.361638,0
2026-03-23,sz.002483,6.9000,6.9200,6.4900,6.5100,7.0800,24829216,166000402.2400,2.804800,1,-8.050800,12.704687,1.315741,0.742564,4.929981,0
2026-03-24,sz.002483,6.6100,6.8200,6.5000,6.8000,6.5100,16987800,113055746.0000,1.919000,1,4.454700,13.270641,1.374353,0.775643,5.149596,0
2026-03-25,sz.002483,6.8500,7.0100,6.8300,7.0000,6.8000,10721701,74410835.9300,1.211100,1,2.941200,13.660953,1.414775,0.798456,5.301055,0
2026-03-26,sz.002483,7.0300,7.1000,6.8900,6.9200,7.0000,9440615,65882156.6200,1.066400,1,-1.142900,13.504828,1.398606,0.789331,5.240471,0
2026-03-27,sz.002483,6.8500,7.0700,6.8200,7.0200,6.9200,10826261,75281175.0900,1.223000,1,1.445100,13.699985,1.418817,0.800737,5.316201,0
2026-03-30,sz.002483,6.9000,7.0500,6.8700,6.9700,7.0200,7855300,54553568.0000,0.887400,1,-0.712300,13.602407,1.408712,0.795034,5.278336,0
2026-03-31,sz.002483,7.0000,7.0500,6.8200,6.8300,6.9700,8132276,56291089.4800,0.918600,1,-2.008600,13.329187,1.380416,0.779065,5.172315,0
2026-04-01,sz.002483,7.0000,7.0400,6.9100,6.9600,6.8300,7632540,53142293.0000,0.862200,1,1.903400,13.582891,1.406691,0.793893,5.270763,0
2026-04-02,sz.002483,6.9700,7.0100,6.8300,6.8700,6.9600,6888540,47583596.4000,0.778100,1,-1.293100,13.407250,1.388501,0.783628,5.202607,0
2026-04-03,sz.002483,6.9000,6.9000,6.5900,6.6100,6.8700,9183145,61272480.8500,1.037300,1,-3.784600,12.899843,1.335952,0.753971,5.005710,0
2026-04-07,sz.002483,6.6200,6.7100,6.5800,6.6400,6.6100,6702298,44581324.1800,0.757100,1,0.453900,12.958390,1.342015,0.757393,5.028429,0
2026-04-08,sz.002483,6.8800,7.0000,6.8500,6.9900,6.6400,9822565,68125972.2000,1.109600,1,5.271100,13.641438,1.412754,0.797315,5.293482,0
2026-04-09,sz.002483,6.9300,6.9800,6.8600,6.8800,6.9900,7030160,48591968.6000,0.794100,1,-1.573700,13.426766,1.390522,0.784768,5.210180,0
2026-04-10,sz.002483,6.9200,7.1000,6.9200,6.9800,6.8800,7839655,55019056.0000,0.885600,1,1.453500,13.621922,1.410733,0.796175,5.285909,0
2026-04-13,sz.002483,6.9500,6.9900,6.7900,6.9200,6.9800,7905580,54271471.4000,0.893000,1,-0.859600,13.504828,1.398606,0.789331,5.240471,0
2026-04-14,sz.002483,6.9500,7.0000,6.8500,6.9300,6.9200,5932600,41093053.0000,0.670200,1,0.144500,13.524344,1.400627,0.790471,5.248044,0
2026-04-15,sz.002483,6.9900,7.0300,6.8700,6.9000,6.9300,7767000,53951577.0000,0.877400,1,-0.432900,13.465797,1.394564,0.787050,5.225325,0
2026-04-16,sz.002483,6.8900,7.0100,6.8900,6.9700,6.9000,6164288,42932613.4800,0.696300,1,1.014500,13.602407,1.408712,0.795034,5.278336,0
2026-04-17,sz.002483,6.9700,6.9800,6.8600,6.9200,6.9700,6495090,44853258.1200,0.733700,1,-0.717400,13.504828,1.398606,0.789331,5.240471,0
2026-04-20,sz.002483,6.9300,6.9500,6.8400,6.9100,6.9200,6653900,45991631.0000,0.751600,1,-0.144500,13.485313,1.396585,0.788190,5.232898,0
2026-04-21,sz.002483,6.9300,6.9900,6.8600,6.9400,6.9100,7777047,53819871.4400,0.878500,1,0.434200,13.543860,1.402648,0.791612,5.255617,0
2026-04-22,sz.002483,6.9000,6.9300,6.8400,6.8700,6.9400,8004752,54943424.2000,0.904200,1,-1.008600,13.407250,1.388501,0.783628,5.202607,0
2026-04-23,sz.002483,6.8300,7.0300,6.8100,7.0000,6.8700,14595492,101440577.3200,1.648700,1,1.892300,13.660953,1.414775,0.798456,5.301055,0
2026-04-24,sz.002483,6.9500,6.9500,6.6500,6.8600,7.0000,15431600,104541812.2400,1.743200,1,-2.000000,13.387734,1.386479,0.782487,5.195034,0
2026-04-27,sz.002483,6.8300,6.8800,6.7500,6.8700,6.8600,8504740,57967488.6000,0.960700,1,0.145800,13.407250,1.388501,0.783628,5.202607,0
2026-04-28,sz.002483,6.7100,6.7300,6.3600,6.4700,6.8700,25248170,163843232.4200,2.852100,1,-5.822400,15.986944,1.245194,0.898591,13.799861,0
2026-04-29,sz.002483,6.4300,6.5700,6.4000,6.5500,6.4700,11021936,71744865.4600,1.245100,1,1.236500,16.184619,1.260590,0.909702,13.970493,0
2026-04-30,sz.002483,6.5500,6.5800,6.5000,6.5400,6.5500,7910080,51750805.8000,0.893500,1,-0.152700,16.159910,1.258666,0.908313,13.949164,0
2026-05-06,sz.002483,6.5600,6.6100,6.5200,6.5600,6.5400,11713939,76834699.8500,1.323200,1,0.305800,16.209328,1.262515,0.911090,13.991822,0
2026-05-07,sz.002483,6.5600,6.5700,6.4400,6.4500,6.5600,12618700,81655053.2000,1.425400,1,-1.676800,15.937525,1.241345,0.895813,13.757203,0
2026-05-08,sz.002483,6.4400,6.4900,6.3800,6.4600,6.4500,12251079,78709559.0400,1.383900,1,0.155000,15.962235,1.243269,0.897202,13.778532,0
2026-05-11,sz.002483,6.5000,6.5200,6.4300,6.5100,6.4600,11635610,75376741.2700,1.314400,1,0.774000,16.085782,1.252892,0.904146,13.885177,0
2026-05-12,sz.002483,6.5000,6.5100,6.3800,6.3900,6.5100,10645920,68509611.6000,1.202600,1,-1.843300,15.789269,1.229797,0.887480,13.629229,0
2026-05-13,sz.002483,6.4000,6.4500,6.3300,6.4000,6.3900,9343550,59807493.8000,1.055500,1,0.156500,15.813979,1.231722,0.888869,13.650558,0
2026-05-14,sz.002483,6.4200,6.4400,6.2700,6.2700,6.4000,10583620,66964155.4000,1.195600,1,-2.031300,15.492757,1.206702,0.870814,13.373281,0
2026-05-15,sz.002483,6.2700,6.3100,6.1600,6.1900,6.2700,9621826,59916517.8900,1.086900,1,-1.275900,15.295083,1.191306,0.859703,13.202649,0
2026-05-18,sz.002483,6.1900,6.1900,5.9700,6.0500,6.1900,15015437,90834516.5700,1.696200,1,-2.261700,14.949152,1.164362,0.840259,12.904043,0
2026-05-19,sz.002483,6.0800,6.1800,6.0000,6.1600,6.0500,11098900,67922262.8600,1.253800,1,1.818200,15.220955,1.185532,0.855536,13.138662,0
2026-05-20,sz.002483,6.1700,6.2900,5.9600,6.0200,6.1600,14588280,88208655.8000,1.647900,1,-2.272700,14.875024,1.158588,0.836092,12.840056,0
2026-05-21,sz.002483,6.0300,6.1200,5.9100,5.9200,6.0200,10886938,65705759.2700,1.229800,1,-1.661100,14.627930,1.139343,0.822204,12.626766,0
2026-05-22,sz.002483,5.9400,6.0700,5.8600,6.0400,5.9200,9154980,54649299.0000,1.034200,1,2.027000,14.924442,1.162437,0.838870,12.882714,0
2026-05-25,sz.002483,6.0400,6.0800,5.9100,5.9300,6.0400,10814360,64739095.8000,1.221600,1,-1.821200,14.652640,1.141267,0.823592,12.648095,0
2026-05-26,sz.002483,5.9000,5.9300,5.8000,5.8700,5.9300,9899240,57810737.2000,1.118200,1,-1.011800,14.504384,1.129720,0.815259,12.520121,0
2026-05-27,sz.002483,5.8800,5.9200,5.7400,5.8000,5.8700,11882153,68896374.3300,1.342200,1,-1.192500,14.331418,1.116248,0.805537,12.370818,0
2026-05-28,sz.002483,5.8200,5.8500,5.7100,5.8100,5.8000,8999160,52167299.2000,1.016600,1,0.172400,14.356128,1.118172,0.806926,12.392147,0
2026-05-29,sz.002483,5.8100,5.8500,5.7000,5.7200,5.8100,9954130,57478690.8000,1.124400,1,-1.549100,14.133744,1.100851,0.794426,12.200186,0
2026-06-01,sz.002483,5.7200,5.9600,5.6800,5.9400,5.7200,14075920,82753691.0000,1.590000,1,3.846200,14.677349,1.143192,0.824981,12.669424,0
2026-06-02,sz.002483,5.9400,5.9600,5.8300,5.9400,5.9400,10771094,63477011.5000,1.216700,1,0.000000,14.677349,1.143192,0.824981,12.669424,0
2026-06-03,sz.002483,5.9300,5.9400,5.7500,5.8100,5.9400,8659800,50510671.4000,0.978200,1,-2.188600,14.356128,1.118172,0.806926,12.392147,0
2026-06-04,sz.002483,5.6600,6.0300,5.6100,5.8800,5.6600,23221270,135040853.5000,2.623100,1,3.886900,14.529093,1.131644,0.816648,12.541450,0
2026-06-05,sz.002483,5.8900,5.9500,5.6800,5.7300,5.8800,17643500,101665161.0000,1.993100,1,-2.551000,14.158453,1.102776,0.795815,12.221515,0
2026-06-08,sz.002483,5.6300,5.7400,5.4700,5.5400,5.7300,13890520,77664382.4000,1.569100,1,-3.315900,13.688975,1.066209,0.769427,11.816264,0
2026-06-09,sz.002483,5.5800,5.5800,5.4200,5.4900,5.5400,9734100,53307851.4000,1.099600,1,-0.902500,13.565429,1.056586,0.762483,11.709619,0
2026-06-10,sz.002483,5.4400,5.4600,5.3000,5.4000,5.4900,10944154,58764740.7500,1.236300,1,-1.639300,13.343045,1.039265,0.749983,11.517659,0
2026-06-11,sz.002483,5.3600,5.4000,5.2800,5.3300,5.4000,9133580,48596299.2000,1.031800,1,-1.296300,13.170079,1.025793,0.740261,11.368356,0
2026-06-12,sz.002483,5.3700,5.4600,5.3000,5.4300,5.3300,9719400,52455390.0000,1.097900,1,1.876200,13.417173,1.045039,0.754150,11.581646,0
2026-06-15,sz.002483,5.4800,5.5300,5.3900,5.4500,5.4300,9227982,50368554.0800,1.042400,1,0.368300,13.466591,1.048888,0.756927,11.624303,0
2026-06-16,sz.002483,5.4200,5.4600,5.3000,5.3500,5.4500,8393160,44881142.2000,0.948100,1,-1.834900,13.219498,1.029642,0.743039,11.411014,0
2026-06-17,sz.002483,5.3500,5.3500,5.2500,5.3000,5.3500,6931976,36637977.0000,0.783100,1,-0.934600,13.095951,1.020020,0.736094,11.304369,0
2026-06-18,sz.002483,5.2500,5.3200,5.2000,5.2400,5.3000,6749263,35422514.3000,0.762400,1,-1.132100,12.947695,1.008472,0.727761,11.176395,0
2026-06-22,sz.002483,5.2400,5.2700,5.0600,5.2600,5.2400,9633734,49699871.2200,1.088200,1,0.381700,12.997114,1.012321,0.730539,11.219053,0
2026-06-23,sz.002483,5.2500,5.4400,5.2200,5.2800,5.2600,10132254,54244137.3200,1.144600,1,0.380200,13.046532,1.016170,0.733317,11.261711,0
2026-06-24,sz.002483,5.3000,5.3000,5.0900,5.1400,5.2800,13015300,67046073.2000,1.470200,1,-2.651500,12.700602,0.989227,0.713873,10.963105,0
2026-06-25,sz.002483,5.1300,5.1500,5.0100,5.0300,5.1400,8392800,42425898.0000,0.948100,1,-2.140100,12.428799,0.968056,0.698595,10.728486,0
2026-06-26,sz.002483,5.0300,5.0500,4.9300,4.9600,5.0300,8655853,43161953.1400,0.977800,1,-1.391700,12.255834,0.954584,0.688873,10.579183,0
2026-06-29,sz.002483,4.9600,4.9600,4.7400,4.8900,4.9600,14783752,71872225.9200,1.670000,1,-1.411300,12.082868,0.941112,0.679151,10.429880,0
2026-06-30,sz.002483,4.9100,4.9600,4.8700,4.9400,4.8900,8905775,43783104.2500,1.006000,1,1.022500,12.206415,0.950735,0.686096,10.536525,0
2026-07-01,sz.002483,4.9300,5.0600,4.9000,4.9800,4.9400,8540767,42560212.4700,0.964800,1,0.809700,12.305252,0.958434,0.691651,10.621841,0
2026-07-02,sz.002483,5.0000,5.1000,4.9600,4.9700,4.9800,9420126,47220062.0000,1.064100,1,-0.200800,12.280543,0.956509,0.690262,10.600512,0
2026-07-03,sz.002483,5.0100,5.2000,4.9900,5.1500,4.9700,12063932,61913647.0900,1.362800,1,3.621700,12.725311,0.991151,0.715262,10.984434,0
2026-07-06,sz.002483,5.1800,5.2500,5.1400,5.2300,5.1500,8135160,42234530.4000,0.919000,1,1.553400,12.922986,1.006548,0.726372,11.155066,0
2026-07-07,sz.002483,5.2400,5.2400,5.0600,5.0800,5.2300,7907274,40532466.2800,0.893200,1,-2.868100,12.552346,0.977679,0.705540,10.835131,0
2026-07-08,sz.002483,5.0500,5.1100,4.9800,5.0000,5.0800,6264921,31521770.7500,0.707700,1,-1.574800,12.354671,0.962283,0.694429,10.664499,0
2026-07-09,sz.002483,4.9700,5.0500,4.8400,4.9100,5.0000,8894326,43627078.6600,1.004700,1,-1.800000,12.132287,0.944962,0.681929,10.472538,0
2026-07-10,sz.002483,4.9300,5.1100,4.8600,5.0000,4.9100,9081799,45328098.9700,1.025900,1,1.833000,12.354671,0.962283,0.694429,10.664499,0
2026-07-13,sz.002483,5.0000,5.0000,4.8900,4.8900,5.0000,8448080,41608262.8000,0.954300,1,-2.200000,12.082868,0.941112,0.679151,10.429880,0
2026-07-14,sz.002483,4.9000,5.0600,4.8800,5.0500,4.8900,9645173,48096009.5900,1.089500,1,3.272000,12.478218,0.971905,0.701373,10.771144,0
2026-07-15,sz.002483,5.0600,5.1400,5.0200,5.0900,5.0500,6427380,32731996.6000,0.726100,1,0.792100,12.577055,0.979604,0.706928,10.856460,0
2026-07-16,sz.002483,5.0600,5.1600,5.0200,5.1100,5.0900,7774941,39696983.5400,0.878300,1,0.392900,12.626474,0.983453,0.709706,10.899118,0
2026-07-17,sz.002483,5.1000,5.1900,4.9700,5.0000,5.1100,9383800,47680073.0000,1.060000,1,-2.152600,12.354671,0.962283,0.694429,10.664499,0
2026-07-20,sz.002483,5.0000,5.1200,4.9500,5.0200,5.0000,11017976,55416218.2400,1.244600,1,0.400000,12.404090,0.966132,0.697206,10.707157,0
2026-07-21,sz.002483,5.0100,5.0500,4.9000,4.9500,5.0200,12101076,60154680.2000,1.367000,1,-1.394400,12.231124,0.952660,0.687484,10.557854,0
2026-07-22,sz.002483,4.9500,4.9700,4.8300,4.8700,4.9500,10369226,50658267.4600,1.171300,1,-1.616200,12.033449,0.937263,0.676374,10.387222,0
2026-07-23,sz.002483,4.8700,5.0600,4.8500,5.0300,4.8700,9721998,48308372.1400,1.098200,1,3.285400,12.428799,0.968056,0.698595,10.728486,0
2026-07-24,sz.002483,4.9600,5.0400,4.8600,4.8900,5.0300,10700105,52638358.5200,1.208700,1,-2.783300,12.082868,0.941112,0.679151,10.429880,0
2026-07-27,sz.002483,4.9000,5.0700,4.8900,5.0400,4.8900,9223471,46145102.3900,1.041900,1,3.067500,12.453508,0.969981,0.699984,10.749815,0
2026-07-28,sz.002483,5.0400,5.1000,4.9700,5.0700,5.0400,8673051,43852648.4500,0.979700,1,0.595200,12.527636,0.975755,0.704151,10.813802,0
2026-07-29,sz.002483,5.0900,5.1700,5.0600,5.1400,5.0700,10925573,56036366.5700,1.234200,1,1.380700,12.700602,0.989227,0.713873,10.963105,0
2026-07-30,sz.002483,5.1100,5.1800,5.0500,5.1000,5.1400,10892593,55692229.1000,1.230500,1,-0.778200,12.601764,0.981528,0.708317,10.877789,0
2026-07-31,sz.002483,5.1100,5.1900,5.0600,5.1900,5.1000,14627061,74988389.6800,1.652300,1,1.764700,12.824148,0.998849,0.720817,11.069750,0
2026-08-03,sz.002483,5.1700,5.2700,5.1600,5.2600,5.1900,9641516,50395974.6000,1.089100,1,1.348700,12.997114,1.012321,0.730539,11.219053,0
2026-08-04,sz.002483,5.2800,5.2900,5.1900,5.2600,5.2600,11915520,62424200.5500,1.346000,1,0.000000,12.997114,1.012321,0.730539,11.219053,0
2026-08-05,sz.002483,5.2400,5.3000,5.2100,5.2600,5.2600,12418323,65218388.2800,1.402800,1,0.000000,12.997114,1.012321,0.730539,11.219053,0
2026-08-06,sz.002483,5.2700,5.2700,5.0900,5.1800,5.2600,14498213,74847180.7300,1.637800,1,-1.520900,12.799439,0.996925,0.719428,11.048421,0
2026-08-07,sz.002483,5.2100,5.2100,5.1000,5.1600,5.1800,13791626,71094231.1400,1.557900,1,-0.386100,12.750020,0.993076,0.716650,11.005763,0
2026-08-10,sz.002483,5.1700,5.2700,5.1400,5.2500,5.1600,11683101,61010146.8200,1.319800,1,1.744200,12.972404,1.010397,0.729150,11.197724,0
2026-08-11,sz.002483,5.2600,5.3100,5.2000,5.2300,5.2500,9344100,49031461.0000,1.055500,1,-0.381000,12.922986,1.006548,0.726372,11.155066,0
2026-08-12,sz.002483,5.7500,5.7500,5.7500,5.7500,5.2300,7323340,42109205.0000,0.827300,1,9.942600,14.207872,1.106625,0.798593,12.264173,0
2026-08-13,sz.002483,6.2400,6.2400,5.7400,5.7600,5.7500,71474267,426256801.9300,8.073900,1,0.173900,14.232581,1.108550,0.799982,12.285502,0
2026-08-14,sz.002483,5.6800,5.7400,5.4400,5.5000,5.7600,39157853,216608342.7600,4.423400,1,-4.513900,13.590138,1.058511,0.763872,11.730948,0
2026-08-17,sz.002483,5.5500,5.6000,5.4600,5.5700,5.5000,26316655,145904631.2500,2.972800,1,1.272700,13.763103,1.071983,0.773594,11.880251,0
2026-08-18,sz.002483,5.6300,5.6500,5.4900,5.5300,5.5700,16819266,93494956.2000,1.899900,1,-0.718100,13.664266,1.064285,0.768038,11.794935,0
2026-08-19,sz.002483,5.4800,5.5500,5.4200,5.4500,5.5300,13680300,74924963.0000,1.545400,1,-1.446700,13.466591,1.048888,0.756927,11.624303,0
2026-08-20,sz.002483,5.4600,5.5100,5.4100,5.4700,5.4500,13625960,74424895.6000,1.539200,1,0.367000,13.516010,1.052737,0.759705,11.666961,0
2026-08-21,sz.002483,5.4600,5.4600,5.3600,5.4200,5.4700,10768197,58111957.2500,1.216400,1,-0.914100,13.392463,1.043114,0.752761,11.560317,0
2026-08-24,sz.002483,5.4100,5.4800,5.3700,5.4600,5.4200,12122974,65873373.3000,1.369400,1,0.738000,13.491301,1.050813,0.758316,11.645632,0
2026-08-25,sz.002483,5.1900,5.3700,5.1100,5.3500,5.4600,20191137,105906300.0000,2.280800,1,-2.014700,15.096568,1.046708,0.810331,-22.307749,0
2026-08-26,sz.002483,5.3000,5.3600,5.2900,5.3300,5.3500,11569800,61635116.8000,1.307000,1,-0.373800,15.040132,1.042795,0.807302,-22.224356,0
2026-08-27,sz.002483,5.3500,5.3500,5.2800,5.3400,5.3300,9084459,48261149.7000,1.026200,1,0.187600,15.068350,1.044752,0.808816,-22.266053,0
