date,code,open,high,low,close,preclose,volume,amount,turn,tradestatus,pctChg,peTTM,pbMRQ,psTTM,pcfNcfTTM,isST
2016-08-29,sz.300301,8.9200,9.3500,8.8200,9.3100,8.9500,13695215,124827271.0000,3.385934,1,4.022400,71.400372,3.309273,4.790309,11.439696,0
2016-08-30,sz.300301,9.3600,9.4000,9.0000,9.0700,9.3100,13713459,125940715.0000,3.390445,1,-2.577900,69.559761,3.223964,4.666821,11.144795,0
2016-08-31,sz.300301,9.1000,9.1000,8.9600,9.0200,9.0700,4946201,44623989.0000,1.222873,1,-0.551300,69.176301,3.206192,4.641094,11.083357,0
2016-09-01,sz.300301,9.0400,9.0400,8.8100,8.8100,9.0200,6266855,55975156.0000,1.549385,1,-2.328200,67.565766,3.131546,4.533042,10.825319,0
2016-09-02,sz.300301,8.7600,8.8500,8.7000,8.7700,8.8100,4456098,39044579.0000,1.101703,1,-0.454000,67.258997,3.117328,4.512461,10.776169,0
2016-09-05,sz.300301,8.8100,8.9200,8.7300,8.7700,8.7700,5761396,50732459.0000,1.424418,1,0.000000,67.258997,3.117328,4.512461,10.776169,0
2016-09-06,sz.300301,8.7500,9.1800,8.6500,9.1400,8.7700,12329990,110944473.0000,3.048403,1,4.218926,70.096606,3.248846,4.702838,11.230808,0
2016-09-07,sz.300301,9.0400,9.2500,9.0300,9.0500,9.1400,9258187,84452224.0000,2.288947,1,-0.984684,69.406377,3.216855,4.656530,11.120220,0
2016-09-08,sz.300301,9.0300,9.0900,8.9500,9.0800,9.0500,5817720,52450664.0000,1.438343,1,0.331489,69.636453,3.227519,4.671966,11.157083,0
2016-09-09,sz.300301,9.0800,9.0900,8.9600,8.9600,9.0800,4922904,44447140.0000,1.217113,1,-1.321585,68.716148,3.184864,4.610222,11.009632,0
2016-09-12,sz.300301,8.7600,8.8700,8.5000,8.6100,8.9600,7316467,63736245.0000,1.808886,1,-3.906254,66.031923,3.060456,4.430135,10.579568,0
2016-09-13,sz.300301,8.6400,8.7800,8.6400,8.7600,8.6100,3517662,30660162.0000,0.869689,1,1.742167,67.182305,3.113774,4.507316,10.763881,0
2016-09-14,sz.300301,8.7000,8.9500,8.6300,8.7100,8.7600,3003378,26300272.0000,0.742540,1,-0.570778,66.798845,3.096001,4.481589,10.702444,0
2016-09-19,sz.300301,8.6700,8.8600,8.6500,8.8100,8.7100,3593636,31520666.0000,0.888472,1,1.148110,67.565766,3.131546,4.533042,10.825319,0
2016-09-20,sz.300301,8.8100,8.8600,8.6800,8.7000,8.8100,2755577,24068408.0000,0.681275,1,-1.248588,66.722153,3.092447,4.476444,10.690156,0
2016-09-21,sz.300301,8.7000,8.8300,8.6600,8.7300,8.7000,2918041,25564422.0000,0.721441,1,0.344824,66.952229,3.103110,4.491880,10.727019,0
2016-09-22,sz.300301,8.8300,8.8300,8.7100,8.7200,8.7300,3033581,26586459.0000,0.750007,1,-0.114539,66.875537,3.099556,4.486734,10.714731,0
2016-09-23,sz.300301,8.7600,8.8800,8.7100,8.7400,8.7200,4254991,37462410.0000,1.048412,1,0.229352,67.028921,3.106665,4.497025,10.739306,0
2016-09-26,sz.300301,8.6100,8.8100,8.3800,8.4000,8.7400,4584300,39514281.0000,1.129553,1,-3.890162,64.421389,2.985810,4.322083,10.321530,0
2016-09-27,sz.300301,8.4000,8.5400,8.2200,8.4700,8.4000,6066930,50631974.0000,1.494867,1,0.833341,64.958234,3.010692,4.358101,10.407543,0
2016-09-28,sz.300301,8.4200,8.5700,8.3100,8.4100,8.4700,3402154,28580298.0000,0.838277,1,-0.708387,64.498081,2.989365,4.327229,10.333818,0
2016-09-29,sz.300301,8.4100,8.7900,8.3200,8.6200,8.4100,5267443,44613437.0000,1.297876,1,2.497028,66.108616,3.064010,4.435281,10.591856,0
2016-09-30,sz.300301,8.6200,8.7000,8.5700,8.6000,8.6200,2767412,23893500.0000,0.681879,1,-0.232013,65.955231,3.056901,4.424990,10.567281,0
2016-10-10,sz.300301,8.6000,8.8000,8.6000,8.7800,8.6000,7156942,62414131.0000,1.763441,1,2.093016,67.335690,3.120883,4.517606,10.788457,0
2016-10-11,sz.300301,8.7800,9.0600,8.7500,8.9800,8.7800,11950439,106040225.0000,2.944539,1,2.277902,68.869532,3.191974,4.620513,11.034207,0
2016-10-12,sz.300301,8.8700,9.1600,8.8700,9.0500,8.9800,11312332,102629424.0000,2.787312,1,0.779517,69.406377,3.216855,4.656530,11.120220,0
2016-10-13,sz.300301,9.1100,9.2400,9.0100,9.0400,9.0500,7229292,65891044.0000,1.781268,1,-0.110500,69.329685,3.213301,4.651385,11.107932,0
2016-10-14,sz.300301,9.0300,9.1400,8.9400,9.1100,9.0400,6556458,59363446.0000,1.615484,1,0.774333,69.866530,3.238183,4.687402,11.193945,0
2016-10-17,sz.300301,9.1000,9.1900,9.0000,9.1100,9.1100,9213549,84053972.0000,2.270181,1,0.000000,69.866530,3.238183,4.687402,11.193945,0
2016-10-18,sz.300301,9.0500,9.4800,9.0400,9.2800,9.1100,6144293,56762331.0000,1.513929,1,1.866082,71.170296,3.298610,4.774873,11.402833,0
2016-10-19,sz.300301,9.2600,9.3900,8.8400,9.2400,9.2800,7209502,66790086.0000,1.776392,1,-0.431034,70.863528,3.284392,4.754292,11.353683,0
2016-10-20,sz.300301,9.3000,9.4000,9.2300,9.2700,9.2400,5558579,51599427.0000,1.369611,1,0.324683,71.093604,3.295055,4.769728,11.390546,0
2016-10-21,sz.300301,9.2300,9.3300,9.0500,9.1600,9.2700,7174542,65932928.0000,1.767778,1,-1.186630,70.249990,3.255955,4.713129,11.255383,0
2016-10-24,sz.300301,9.2800,9.3000,9.1100,9.1700,9.1600,6266417,57594386.0000,1.544019,1,0.109173,70.326683,3.259510,4.718274,11.267670,0
2016-10-25,sz.300301,9.1300,9.2900,9.1100,9.2500,9.1700,4828918,44593117.0000,1.189826,1,0.872409,70.940220,3.287946,4.759437,11.365971,0
2016-10-26,sz.300301,9.3000,9.4600,9.1600,9.4400,9.2500,7449791,69559288.0000,1.835598,1,2.054049,72.397370,3.355482,4.857198,11.599434,0
2016-10-27,sz.300301,9.4600,9.6300,9.4000,9.4700,9.4400,9464704,90253147.0000,2.332064,1,0.317804,72.627446,3.366146,4.872635,11.636297,0
2016-10-28,sz.300301,9.6100,9.6100,9.3800,9.4600,9.4700,6807934,64542705.0000,1.677447,1,-0.105599,82.231659,3.330951,4.861457,12.563515,0
2016-10-31,sz.300301,9.4200,9.4700,9.2400,9.3100,9.4600,4529507,42267762.0000,1.116052,1,-1.585620,80.927775,3.278135,4.784372,12.364305,0
2016-11-01,sz.300301,9.3100,9.3400,9.1800,9.3200,9.3100,8286213,76575685.0000,2.041689,1,0.107404,81.014700,3.281656,4.789511,12.377586,0
2016-11-02,sz.300301,9.3200,9.3200,9.1200,9.1300,9.3200,4563487,41989786.0000,1.124424,1,-2.038622,79.363113,3.214755,4.691871,12.125253,0
2016-11-03,sz.300301,9.1800,9.2800,9.1000,9.1200,9.1300,7154070,65405460.0000,1.762733,1,-0.109532,79.276188,3.211234,4.686732,12.111972,0
2016-11-04,sz.300301,9.1700,9.2900,9.0800,9.0900,9.1200,7485932,68770794.0000,1.844503,1,-0.328944,79.015411,3.200671,4.671315,12.072130,0
2016-11-07,sz.300301,9.1100,9.2200,9.0700,9.1900,9.0900,4539064,41581492.0000,1.118407,1,1.100104,79.884667,3.235882,4.722705,12.204937,0
2016-11-08,sz.300301,9.2500,9.2500,9.0900,9.1400,9.1900,4684674,42924152.0000,1.154284,1,-0.544061,79.450039,3.218277,4.697010,12.138534,0
2016-11-09,sz.300301,9.1800,9.1800,8.9500,9.1000,9.1400,4062674,36930167.0000,1.001026,1,-0.437636,79.102336,3.204192,4.676454,12.085411,0
2016-11-10,sz.300301,9.1500,9.2400,9.0800,9.1900,9.1000,7205580,65873674.0000,1.775425,1,0.989002,79.884667,3.235882,4.722705,12.204937,0
2016-11-11,sz.300301,9.2100,9.2100,9.1000,9.1500,9.1900,4933145,45128139.0000,1.215507,1,-0.435255,79.511283,3.220757,4.700631,12.147891,0
2016-11-14,sz.300301,9.1400,9.2100,9.0500,9.0800,9.1500,7953934,72593027.0000,1.959817,1,-0.765024,78.903000,3.196118,4.664670,12.054956,0
2016-11-15,sz.300301,9.1100,9.1200,9.0100,9.1200,9.0800,7132698,64668648.0000,1.757468,1,0.440528,79.250590,3.210197,4.685219,12.108062,0
2016-11-16,sz.300301,9.1600,9.1700,9.0800,9.0800,9.1200,6853677,62471180.0000,1.688718,1,-0.438596,78.903000,3.196118,4.664670,12.054956,0
2016-11-17,sz.300301,9.0800,9.1000,8.9300,9.0200,9.0800,6929162,62383407.0000,1.707317,1,-0.660787,78.381614,3.174998,4.633846,11.975298,0
2016-11-18,sz.300301,9.1400,9.9200,9.1200,9.9200,9.0200,43077962,423036304.0000,10.614233,1,9.977822,86.202396,3.491794,5.096203,13.170172,0
2016-11-21,sz.300301,9.9500,10.4100,9.8300,10.1000,9.9200,54033460,542972032.0000,13.313623,1,1.814519,87.766553,3.555153,5.188674,13.409147,0
2016-11-22,sz.300301,10.0000,10.0300,9.8500,9.9600,10.1000,24120047,239506870.0000,5.943081,1,-1.386142,86.549987,3.505874,5.116752,13.223278,0
2016-11-23,sz.300301,9.9000,10.1400,9.8300,10.0200,9.9600,21419097,213836788.0000,5.277578,1,0.602414,87.071372,3.526993,5.147576,13.302936,0
2016-11-24,sz.300301,10.1800,10.5000,9.9300,10.1800,10.0200,29364197,298116528.0000,7.235218,1,1.596805,88.461733,3.583313,5.229773,13.515358,0
2016-11-25,sz.300301,10.0100,10.0700,9.7000,10.0000,10.1800,14134139,140292665.0000,3.482594,1,-1.768176,86.897577,3.519953,5.137301,13.276383,0
2016-11-28,sz.300301,9.9000,10.3900,9.9000,10.0900,10.0000,20910961,213332342.0000,5.152375,1,0.900002,87.679655,3.551633,5.183537,13.395871,0
2016-11-29,sz.300301,10.1500,10.4400,9.9500,10.0000,10.0900,15438164,157316725.0000,3.803900,1,-0.891974,86.897577,3.519953,5.137301,13.276383,0
2016-11-30,sz.300301,9.9900,10.1300,9.8000,10.1300,10.0000,11231720,112233481.0000,2.767450,1,1.300001,88.027245,3.565713,5.204086,13.448976,0
2016-12-01,sz.300301,10.1900,10.1900,9.9300,9.9600,10.1300,9812388,98204576.0000,2.417732,1,-1.678184,86.549987,3.505874,5.116752,13.223278,0
2016-12-02,sz.300301,9.9300,10.0000,9.5100,9.6000,9.9600,13529700,132459527.0000,3.333663,1,-3.614454,83.421674,3.379155,4.931809,12.745328,0
2016-12-05,sz.300301,9.4800,9.7500,9.3000,9.4900,9.6000,7597829,72270740.0000,1.872074,1,-1.145840,82.465800,3.340436,4.875299,12.599288,0
2016-12-06,sz.300301,9.4900,9.6500,9.3300,9.3900,9.4900,7458799,70591891.0000,1.837817,1,-1.053735,81.596825,3.305236,4.823926,12.466524,0
2016-12-07,sz.300301,9.3800,9.4900,9.2500,9.4600,9.3900,8034760,75481381.0000,1.979732,1,0.745471,82.205108,3.329876,4.859887,12.559459,0
2016-12-08,sz.300301,9.4000,9.4800,9.3000,9.3200,9.4600,6355623,59576586.0000,1.565999,1,-1.479919,80.988542,3.280597,4.787965,12.373589,0
2016-12-09,sz.300301,9.3800,9.4100,9.1500,9.2100,9.3200,7278900,67391307.0000,1.793491,1,-1.180254,80.032668,3.241877,4.731454,12.227549,0
2016-12-12,sz.300301,9.2500,9.2500,8.5300,8.5400,9.2100,11252736,99118654.0000,2.772628,1,-7.274702,74.210531,3.006040,4.387255,11.338031,0
2016-12-13,sz.300301,8.5700,8.7200,8.2200,8.5900,8.5400,6560885,55807106.0000,1.616575,1,0.585482,74.645019,3.023640,4.412942,11.404413,0
2016-12-14,sz.300301,8.6000,8.6200,8.3500,8.4500,8.5900,4371542,37096161.0000,1.077130,1,-1.629806,73.428452,2.974361,4.341020,11.218544,0
2016-12-15,sz.300301,8.4500,8.5600,8.3400,8.4600,8.4500,4811643,40677548.0000,1.185569,1,0.118346,73.515350,2.977881,4.346157,11.231820,0
2016-12-16,sz.300301,8.4800,8.5200,8.4000,8.4600,8.4600,7022103,59433418.0000,1.730217,1,0.000000,73.515350,2.977881,4.346157,11.231820,0
2016-12-19,sz.300301,8.4800,8.4800,8.3000,8.3500,8.4600,5006999,41956738.0000,1.233704,1,-1.300232,72.559477,2.939161,4.289647,11.085780,0
2016-12-20,sz.300301,8.3500,8.8000,8.2100,8.6000,8.3500,10844376,91698100.0000,2.672010,1,2.994012,74.731916,3.027160,4.418079,11.417690,0
2016-12-21,sz.300301,8.5400,8.6500,8.4900,8.6200,8.6000,5639095,48259554.0000,1.389450,1,0.232552,74.905711,3.034200,4.428354,11.444242,0
2016-12-22,sz.300301,8.5200,8.6000,8.4200,8.4800,8.6200,8101809,68837522.0000,1.996252,1,-1.624134,73.689145,2.984920,4.356431,11.258373,0
2016-12-23,sz.300301,8.4400,9.0500,8.4300,8.5900,8.4800,12061677,103630784.0000,2.971948,1,1.297177,74.645019,3.023640,4.412942,11.404413,0
2016-12-26,sz.300301,8.5200,8.7300,8.4300,8.6800,8.5900,8524794,73313648.0000,2.100474,1,1.047732,75.427097,3.055320,4.459178,11.523901,0
2016-12-27,sz.300301,8.6500,8.7300,8.5800,8.6000,8.6800,5242659,45309828.0000,1.291770,1,-0.921658,74.731916,3.027160,4.418079,11.417690,0
2016-12-28,sz.300301,8.5700,8.8200,8.5700,8.6700,8.6000,8566172,74389193.0000,2.110670,1,0.813950,75.340199,3.051800,4.454040,11.510624,0
2016-12-29,sz.300301,8.6500,8.8600,8.6200,8.6900,8.6700,10323108,90318273.0000,2.543571,1,0.230675,75.513994,3.058839,4.464315,11.537177,0
2016-12-30,sz.300301,8.6200,8.7000,8.5300,8.6200,8.6900,5135736,44209044.0000,1.265424,1,-0.805520,74.905711,3.034200,4.428354,11.444242,0
2017-01-03,sz.300301,8.6300,8.6800,8.4700,8.5100,8.6200,6028559,51550978.0000,1.481810,1,-1.276098,73.949838,2.995480,4.371843,11.298202,0
2017-01-04,sz.300301,8.5100,8.6100,8.4200,8.5500,8.5100,9538232,81295899.0000,2.344481,1,0.470035,74.297428,3.009560,4.392393,11.351308,0
2017-01-05,sz.300301,8.5200,8.5600,8.4300,8.4300,8.5500,8310557,70416943.0000,2.042721,1,-1.403507,73.254657,2.967321,4.330745,11.191991,0
2017-01-06,sz.300301,8.4500,8.4900,8.0700,8.1000,8.4300,19775620,163189634.0000,4.860814,1,-3.914590,70.387037,2.851162,4.161214,10.753871,0
2017-01-09,sz.300301,8.1400,8.1400,7.9200,8.0400,8.1000,8350103,66834387.0000,2.052441,1,-0.740746,69.865652,2.830043,4.130390,10.674212,0
2017-01-10,sz.300301,8.0100,8.2000,8.0100,8.1100,8.0400,4870682,39486558.0000,1.197205,1,0.870643,70.473935,2.854682,4.166351,10.767147,0
2017-01-11,sz.300301,8.1100,8.1200,7.9800,8.0100,8.1100,3745349,30136094.0000,0.920600,1,-1.233039,69.604959,2.819483,4.114978,10.634383,0
2017-01-12,sz.300301,8.0100,8.0800,7.7600,7.8000,8.0100,5911827,46760402.0000,1.453117,1,-2.621723,67.780110,2.745564,4.007095,10.355579,0
2017-01-13,sz.300301,7.8300,7.8400,7.7000,7.8000,7.8000,3680875,28631041.0000,0.904753,1,0.000000,67.780110,2.745564,4.007095,10.355579,0
2017-01-16,sz.300301,7.7000,7.7800,7.0200,7.4600,7.8000,8124183,60338648.0000,1.996910,1,-4.358976,64.825592,2.625885,3.832427,9.904182,0
2017-01-17,sz.300301,7.3900,7.8200,7.2900,7.7700,7.4600,8226860,62386041.0000,2.022148,1,4.155495,67.519417,2.735004,3.991683,10.315750,0
2017-01-18,sz.300301,7.6800,7.9200,7.6100,7.6700,7.7700,4431552,34345831.0000,1.089268,1,-1.287000,66.650441,2.699804,3.940310,10.182986,0
2017-01-19,sz.300301,7.6000,7.6700,7.5700,7.6100,7.6700,1665261,12681411.0000,0.409318,1,-0.782268,66.129056,2.678685,3.909486,10.103328,0
2017-01-20,sz.300301,7.6100,7.8500,7.6100,7.7900,7.6100,4442057,34468620.0000,1.091850,1,2.365307,67.693212,2.742044,4.001958,10.342303,0
2017-01-23,sz.300301,7.7900,7.8400,7.7300,7.7900,7.7900,3193609,24898812.0000,0.784984,1,0.000000,67.693212,2.742044,4.001958,10.342303,0
2017-01-24,sz.300301,7.7400,7.8300,7.7000,7.7500,7.7900,2417794,18723550.0000,0.594290,1,-0.513478,67.345622,2.727964,3.981408,10.289197,0
2017-01-25,sz.300301,7.7300,7.8100,7.6000,7.6800,7.7500,3593823,27684307.0000,0.883356,1,-0.903228,66.737339,2.703324,3.945447,10.196262,0
2017-01-26,sz.300301,7.6900,7.7300,7.5900,7.6400,7.6800,3824908,29304979.0000,0.940156,1,-0.520833,66.389749,2.689244,3.924898,10.143157,0
2017-02-03,sz.300301,7.6400,7.6800,7.5300,7.6300,7.6400,2142400,16249559.0000,0.526598,1,-0.130887,66.302851,2.685724,3.919761,10.129881,0
2017-02-06,sz.300301,7.6300,7.7600,7.5900,7.7100,7.6300,2954030,22744816.0000,0.726096,1,1.048492,66.998032,2.713884,3.960859,10.236092,0
2017-02-07,sz.300301,7.7000,7.8200,7.6800,7.8000,7.7100,5693405,44123982.0000,1.399429,1,1.167317,67.780110,2.745564,4.007095,10.355579,0
2017-02-08,sz.300301,7.8000,7.9200,7.7400,7.8900,7.8000,3929642,30830912.0000,0.965899,1,1.153842,68.562188,2.777243,4.053331,10.475066,0
2017-02-09,sz.300301,7.8900,7.9600,7.8400,7.9300,7.8900,4214631,33391761.0000,1.035949,1,0.506970,68.909778,2.791323,4.073880,10.528172,0
2017-02-10,sz.300301,7.9300,7.9300,7.7800,7.8800,7.9300,5370774,42157759.0000,1.320127,1,-0.630513,68.475291,2.773723,4.048193,10.461790,0
2017-02-13,sz.300301,7.8500,7.9300,7.7800,7.8600,7.8800,3877234,30439284.0000,0.953018,1,-0.253807,68.301495,2.766683,4.037919,10.435237,0
2017-02-14,sz.300301,7.8900,7.9200,7.8100,7.8300,7.8600,2659049,20861518.0000,0.653590,1,-0.381682,68.040803,2.756123,4.022507,10.395408,0
2017-02-15,sz.300301,7.8300,7.8600,7.6800,7.7100,7.8300,3508576,27260560.0000,0.862402,1,-1.532566,66.998032,2.713884,3.960859,10.236092,0
2017-02-16,sz.300301,7.6700,7.7200,7.6300,7.6600,7.7100,5069360,38838189.0000,1.246040,1,-0.648511,66.563544,2.696284,3.935173,10.169710,0
2017-02-17,sz.300301,7.6700,7.6900,7.5400,7.5500,7.6600,4095037,31157459.0000,1.006553,1,-1.436027,65.607671,2.657565,3.878662,10.023669,0
2017-02-20,sz.300301,7.5900,7.7500,7.5300,7.7500,7.5500,5322248,40724797.0000,1.308200,1,2.649004,67.345622,2.727964,3.981408,10.289197,0
2017-02-21,sz.300301,7.7300,7.7900,7.6500,7.7500,7.7500,5952796,46026632.0000,1.463187,1,0.000000,67.345622,2.727964,3.981408,10.289197,0
2017-02-22,sz.300301,7.7500,7.7900,7.6400,7.7000,7.7500,6236000,48022611.0000,1.532798,1,-0.645164,66.911134,2.710364,3.955722,10.222815,0
2017-02-23,sz.300301,7.7000,7.7300,7.5300,7.5900,7.7000,8366886,63722405.0000,2.056566,1,-1.428567,65.955261,2.671645,3.899212,10.076775,0
2017-02-24,sz.300301,7.6100,7.6600,7.5400,7.6500,7.5900,11489450,87259487.0000,2.824087,1,0.790513,66.476646,2.692764,3.930035,10.156433,0
2017-02-27,sz.300301,7.6300,7.6900,7.5800,7.6700,7.6500,6753586,51536357.0000,1.660020,1,0.261438,66.650441,2.699804,3.940310,10.182986,0
2017-02-28,sz.300301,7.5900,7.6700,7.5600,7.6300,7.6700,5861780,44627104.0000,1.440816,1,-0.521512,-115.627993,2.685724,3.754773,10.129881,0
2017-03-01,sz.300301,7.6400,7.8500,7.5900,7.7500,7.6300,12329999,95516298.0000,3.030693,1,1.572738,-117.446520,2.727964,3.813826,10.289197,0
2017-03-02,sz.300301,7.7300,7.7500,7.6000,7.6500,7.7500,6827641,52290875.0000,1.678223,1,-1.290321,-115.931081,2.692764,3.764615,10.156433,0
2017-03-03,sz.300301,7.6100,7.8800,7.5400,7.7900,7.6500,9764039,75600557.0000,2.399984,1,1.830064,-118.052695,2.742044,3.833510,10.342303,0
2017-03-06,sz.300301,7.7700,7.8500,7.7200,7.8100,7.7900,9875777,76934291.0000,2.427449,1,0.256739,-118.355783,2.749084,3.843352,10.368855,0
2017-03-07,sz.300301,7.8000,7.8300,7.7500,7.8200,7.8100,6009625,46831471.0000,1.477156,1,0.128044,-118.507327,2.752604,3.848273,10.382132,0
2017-03-08,sz.300301,7.8400,7.8400,7.7200,7.7500,7.8200,5850466,45428266.0000,1.438035,1,-0.895143,-117.446520,2.727964,3.813826,10.289197,0
2017-03-09,sz.300301,7.7300,7.7600,7.6300,7.6400,7.7500,5587204,42965687.0000,1.373325,1,-1.419357,-115.779537,2.689244,3.759694,10.143157,0
2017-03-10,sz.300301,7.6500,7.6700,7.5100,7.5500,7.6400,5821223,44176551.0000,1.430847,1,-1.178006,-114.415642,2.657565,3.715404,10.023669,0
2017-03-13,sz.300301,7.5300,7.6400,7.4300,7.6200,7.5500,5193291,39305496.0000,1.276502,1,0.927148,-115.476449,2.682204,3.749852,10.116604,0
2017-03-14,sz.300301,7.6000,7.6600,7.4900,7.5200,7.6200,5092643,38531538.0000,1.251763,1,-1.312335,-113.961010,2.647005,3.700641,9.983840,0
2017-03-15,sz.300301,7.4900,7.5700,7.4600,7.5200,7.5200,3065747,23064059.0000,0.753555,1,0.000000,-113.961010,2.647005,3.700641,9.983840,0
2017-03-16,sz.300301,7.5200,7.6000,7.5000,7.6000,7.5200,3775740,28575219.0000,0.928071,1,1.063829,-115.173361,2.675165,3.740010,10.090051,0
2017-03-17,sz.300301,7.5900,7.6400,7.5100,7.5100,7.6000,4780601,36231313.0000,1.175064,1,-1.184206,-113.809466,2.643485,3.695720,9.970564,0
2017-03-20,sz.300301,7.5200,7.5400,7.4500,7.5100,7.5100,3415862,25583520.0000,0.839613,1,0.000000,-113.809466,2.643485,3.695720,9.970564,0
2017-03-21,sz.300301,7.5100,7.6300,7.4800,7.5900,7.5100,5125592,38800075.0000,1.259862,1,1.065245,-115.021817,2.671645,3.735089,10.076775,0
2017-03-22,sz.300301,7.5800,7.5800,7.4500,7.4900,7.5900,3838649,28766080.0000,0.943533,1,-1.317528,-113.506378,2.636445,3.685878,9.944011,0
2017-03-23,sz.300301,7.4600,7.5300,7.3600,7.4900,7.4900,4288352,31952726.0000,1.054070,1,0.000000,-113.506378,2.636445,3.685878,9.944011,0
2017-03-24,sz.300301,7.4700,7.6100,7.4300,7.6100,7.4900,5176712,38694550.0000,1.272427,1,1.602141,-115.324905,2.678685,3.744931,10.103328,0
2017-03-27,sz.300301,7.5800,7.5900,7.4300,7.4500,7.6100,4571022,34310354.0000,1.123549,1,-2.102501,-112.900203,2.622365,3.666194,9.890906,0
2017-03-28,sz.300301,7.4500,7.5000,7.4400,7.4700,7.4500,2915430,21775685.0000,0.716608,1,0.268456,-113.203291,2.629405,3.676036,9.917458,0
2017-03-29,sz.300301,7.4300,7.4500,7.1600,7.2600,7.4700,6447928,47107268.0000,1.584890,1,-2.811239,-110.020869,2.555486,3.572693,9.638654,0
2017-03-30,sz.300301,7.2700,7.2700,7.0000,7.0400,7.2600,7682107,54398374.0000,1.888249,1,-3.030307,-106.686903,2.478047,3.464430,9.346574,0
2017-03-31,sz.300301,7.1000,7.1000,6.9500,7.0700,7.0400,4098543,28795995.0000,1.007415,1,0.426139,-107.141535,2.488607,3.479193,9.386403,0
2017-04-05,sz.300301,7.0300,7.1800,7.0200,7.1800,7.0700,4375854,31254795.0000,1.075578,1,1.555865,-108.808518,2.527327,3.533325,9.532443,0
2017-04-06,sz.300301,7.1900,7.2400,7.1600,7.1900,7.1800,4348205,31322457.0000,1.068781,1,0.139279,-108.960062,2.530846,3.538246,9.545720,0
2017-04-07,sz.300301,7.2200,7.2200,7.1200,7.1900,7.1900,3451900,24777159.0000,0.848471,1,0.000000,-108.960062,2.530846,3.538246,9.545720,0
2017-04-10,sz.300301,7.2200,7.2200,7.0700,7.0800,7.1900,4615166,32837525.0000,1.134400,1,-1.529904,-107.293079,2.492127,3.484114,9.399679,0
2017-04-11,sz.300301,7.1500,7.1700,7.0100,7.0800,7.0800,3711281,26311370.0000,0.912227,1,0.000000,-107.293079,2.492127,3.484114,9.399679,0
2017-04-12,sz.300301,7.0900,7.2000,7.0600,7.1200,7.0800,4936683,35156058.0000,1.213428,1,0.564971,-107.899254,2.506207,3.503799,9.452785,0
2017-04-13,sz.300301,7.1000,7.1400,7.0600,7.1200,7.1200,4260780,30238574.0000,1.047293,1,0.000000,-107.899254,2.506207,3.503799,9.452785,0
2017-04-14,sz.300301,7.1500,7.1500,7.0000,7.0200,7.1200,3734627,26267516.0000,0.917965,1,-1.404493,-106.383815,2.471007,3.454588,9.320021,0
2017-04-17,sz.300301,7.0200,7.0200,6.7800,6.9800,7.0200,5374252,36972394.0000,1.320982,1,-0.569800,-105.777640,2.456927,3.434904,9.266916,0
2017-04-18,sz.300301,6.9700,7.0300,6.8200,7.0000,6.9800,7060438,49019027.0000,1.735444,1,0.286533,-106.080727,2.463967,3.444746,9.293468,0
2017-04-19,sz.300301,6.9000,7.2000,6.5000,7.0300,7.0000,13014763,88385589.0000,3.199007,1,0.428574,-106.535359,2.474527,3.459509,9.333298,0
2017-04-20,sz.300301,6.9700,7.4000,6.8500,7.1500,7.0300,16858687,119868634.0000,4.143837,1,1.706968,-108.353886,2.516767,3.518562,9.492614,0
2017-04-21,sz.300301,7.3300,7.3300,6.8400,6.9300,7.1500,9633898,67991887.0000,2.367996,1,-3.076927,-105.019920,2.439328,3.410298,9.200534,0
2017-04-24,sz.300301,6.8200,6.8200,6.4200,6.6100,6.9300,5532075,36581626.0000,1.359775,1,-4.617600,-100.170516,2.326689,3.252824,8.775689,0
2017-04-25,sz.300301,6.6100,6.6100,6.4300,6.5700,6.6100,5149597,33521510.0000,1.265762,1,-0.605143,-69.049224,2.434508,3.072291,10.309268,0
2017-04-26,sz.300301,6.5400,6.5700,6.4000,6.5700,6.5700,4960429,32195297.0000,1.219265,1,0.000000,-69.049224,2.434508,3.072291,10.309268,0
2017-04-27,sz.300301,6.5000,6.5900,6.3900,6.5700,6.5700,5109506,33163298.0000,1.255908,1,0.000000,-69.049224,2.434508,3.072291,10.309268,0
2017-04-28,sz.300301,6.5800,6.6100,6.5000,6.5700,6.5700,3324573,21794431.0000,0.817174,1,0.000000,-69.049224,2.434508,3.072291,10.309268,0
2017-05-02,sz.300301,6.5400,6.5800,6.4900,6.5600,6.5700,2510585,16389971.0000,0.617098,1,-0.152210,-68.944126,2.430802,3.067615,10.293577,0
2017-05-03,sz.300301,6.5300,6.5300,6.3800,6.4100,6.5600,5219640,33595453.0000,1.282979,1,-2.286587,-67.367660,2.375220,2.997471,10.058205,0
2017-05-04,sz.300301,6.4100,6.4400,6.3300,6.4200,6.4100,2963859,18949244.0000,0.728512,1,0.156010,-67.472758,2.378925,3.002148,10.073897,0
2017-05-05,sz.300301,6.3900,6.4400,6.3300,6.4400,6.4200,2835774,18087790.0000,0.697028,1,0.311526,-67.682953,2.386336,3.011500,10.105279,0
2017-05-08,sz.300301,6.4000,6.4000,6.3100,6.3200,6.4400,2467133,15671552.0000,0.606417,1,-1.863352,-66.421780,2.341870,2.955385,9.916982,0
2017-05-09,sz.300301,6.3000,6.3500,6.0800,6.3000,6.3200,4539500,28317813.0000,1.115801,1,-0.316455,-66.211585,2.334459,2.946033,9.885599,0
2017-05-10,sz.300301,6.2900,6.3000,6.1000,6.1600,6.3000,7596820,47052492.0000,1.867286,1,-2.222228,-64.740216,2.282582,2.880565,9.665919,0
2017-05-11,sz.300301,6.1000,6.1000,5.8600,5.9600,6.1600,6626873,39692164.0000,1.628874,1,-3.246750,-62.638261,2.208473,2.787041,9.352091,0
2017-05-12,sz.300301,5.9700,6.0000,5.8300,5.9600,5.9600,3730602,22090852.0000,0.916976,1,0.000000,-62.638261,2.208473,2.787041,9.352091,0
2017-05-15,sz.300301,5.8900,6.4400,5.8900,6.3500,5.9600,12155627,75670007.0000,2.987833,1,6.543622,-66.737074,2.352987,2.969414,9.964057,0
2017-05-16,sz.300301,6.3500,6.3500,6.3500,6.3500,6.3500,0,0.0000,,0,0.000000,-66.737074,2.352987,2.969414,9.964057,0
2017-05-17,sz.300301,6.3500,6.3500,6.3500,6.3500,6.3500,0,0.0000,,0,0.000000,-66.737074,2.352987,2.969414,9.964057,0
2017-05-18,sz.300301,6.3500,6.3500,6.3500,6.3500,6.3500,0,0.0000,,0,0.000000,-66.737074,2.352987,2.969414,9.964057,0
2017-05-19,sz.300301,6.3500,6.3500,6.3500,6.3500,6.3500,0,0.0000,,0,0.000000,-66.737074,2.352987,2.969414,9.964057,0
2017-05-22,sz.300301,6.3500,6.3500,6.3500,6.3500,6.3500,0,0.0000,,0,0.000000,-66.737074,2.352987,2.969414,9.964057,0
2017-05-23,sz.300301,6.3500,6.3500,6.3500,6.3500,6.3500,0,0.0000,,0,0.000000,-66.737074,2.352987,2.969414,9.964057,0
2017-05-24,sz.300301,6.3500,6.3500,6.3500,6.3500,6.3500,0,0.0000,,0,0.000000,-66.737074,2.352987,2.969414,9.964057,0
2017-05-25,sz.300301,6.3500,6.3500,6.3500,6.3500,6.3500,0,0.0000,,0,0.000000,-66.737074,2.352987,2.969414,9.964057,0
2017-05-26,sz.300301,6.3500,6.3500,6.3500,6.3500,6.3500,0,0.0000,,0,0.000000,-66.737074,2.352987,2.969414,9.964057,0
2017-05-31,sz.300301,6.3500,6.3500,6.3500,6.3500,6.3500,0,0.0000,,0,0.000000,-66.737074,2.352987,2.969414,9.964057,0
2017-06-01,sz.300301,6.3500,6.3500,6.3500,6.3500,6.3500,0,0.0000,,0,0.000000,-66.737074,2.352987,2.969414,9.964057,0
2017-06-02,sz.300301,6.3500,6.3500,6.3500,6.3500,6.3500,0,0.0000,,0,0.000000,-66.737074,2.352987,2.969414,9.964057,0
2017-06-05,sz.300301,6.3500,6.3500,6.3500,6.3500,6.3500,0,0.0000,,0,0.000000,-66.737074,2.352987,2.969414,9.964057,0
2017-06-06,sz.300301,6.3500,6.3500,6.3500,6.3500,6.3500,0,0.0000,,0,0.000000,-66.737074,2.352987,2.969414,9.964057,0
2017-06-07,sz.300301,6.3500,6.3500,6.3500,6.3500,6.3500,0,0.0000,,0,0.000000,-66.737074,2.352987,2.969414,9.964057,0
2017-06-08,sz.300301,6.3500,6.3500,6.3500,6.3500,6.3500,0,0.0000,,0,0.000000,-66.737074,2.352987,2.969414,9.964057,0
2017-06-09,sz.300301,6.3500,6.3500,6.3500,6.3500,6.3500,0,0.0000,,0,0.000000,-66.737074,2.352987,2.969414,9.964057,0
2017-06-12,sz.300301,6.3500,6.3500,6.3500,6.3500,6.3500,0,0.0000,,0,0.000000,-66.737074,2.352987,2.969414,9.964057,0
2017-06-13,sz.300301,6.3500,6.3500,6.3500,6.3500,6.3500,0,0.0000,,0,0.000000,-66.737074,2.352987,2.969414,9.964057,0
2017-06-14,sz.300301,6.3500,6.3500,6.3500,6.3500,6.3500,0,0.0000,,0,0.000000,-66.737074,2.352987,2.969414,9.964057,0
2017-06-15,sz.300301,6.3500,6.3500,6.3500,6.3500,6.3500,0,0.0000,,0,0.000000,-66.737074,2.352987,2.969414,9.964057,0
2017-06-16,sz.300301,6.3500,6.3500,6.3500,6.3500,6.3500,0,0.0000,,0,0.000000,-66.737074,2.352987,2.969414,9.964057,0
2017-06-19,sz.300301,6.3500,6.3500,6.3500,6.3500,6.3500,0,0.0000,,0,0.000000,-66.737074,2.352987,2.969414,9.964057,0
2017-06-20,sz.300301,6.3500,6.3500,6.3500,6.3500,6.3500,0,0.0000,,0,0.000000,-66.737074,2.352987,2.969414,9.964057,0
2017-06-21,sz.300301,6.3500,6.3500,6.3500,6.3500,6.3500,0,0.0000,,0,0.000000,-66.737074,2.352987,2.969414,9.964057,0
2017-06-22,sz.300301,6.3500,6.3500,6.3500,6.3500,6.3500,0,0.0000,,0,0.000000,-66.737074,2.352987,2.969414,9.964057,0
2017-06-23,sz.300301,6.3500,6.3500,6.3500,6.3500,6.3500,0,0.0000,,0,0.000000,-66.737074,2.352987,2.969414,9.964057,0
2017-06-26,sz.300301,6.3500,6.3500,6.3500,6.3500,6.3500,0,0.0000,,0,0.000000,-66.737074,2.352987,2.969414,9.964057,0
2017-06-27,sz.300301,6.3500,6.3500,6.3500,6.3500,6.3500,0,0.0000,,0,0.000000,-66.737074,2.352987,2.969414,9.964057,0
2017-06-28,sz.300301,6.3500,6.3500,6.3500,6.3500,6.3500,0,0.0000,,0,0.000000,-66.737074,2.352987,2.969414,9.964057,0
2017-06-29,sz.300301,6.1000,6.3400,6.1000,6.3300,6.3500,13380075,83458889.0000,2.743491,1,-0.314960,-66.526878,2.345576,2.960061,9.932674,0
2017-06-30,sz.300301,6.2200,6.5200,6.2200,6.4000,6.3300,9325172,59923297.0000,1.912062,1,1.105848,-67.262562,2.371514,2.992795,10.042514,0
2017-07-03,sz.300301,6.4200,6.5100,6.4100,6.5000,6.4000,6945849,44870477.0000,1.424198,1,1.562499,-68.313540,2.408569,3.039558,10.199428,0
2017-07-04,sz.300301,6.5300,6.5300,6.4100,6.4800,6.5000,5800653,37442977.0000,1.189384,1,-0.307692,-68.103344,2.401158,3.030205,10.168045,0
2017-07-05,sz.300301,6.5100,6.7900,6.4400,6.6700,6.4800,9675776,63923901.0000,1.983951,1,2.932100,-70.100202,2.471562,3.119054,10.466182,0
2017-07-06,sz.300301,6.6500,6.8900,6.6300,6.8600,6.6700,8988387,61164867.0000,1.843006,1,2.848577,-72.097059,2.541967,3.207902,10.764319,0
2017-07-07,sz.300301,6.8600,6.9300,6.8100,6.8500,6.8600,4491100,30814118.0000,0.920869,1,-0.145776,-71.991961,2.538261,3.203226,10.748628,0
2017-07-10,sz.300301,6.8300,6.9000,6.7700,6.8500,6.8500,3365899,23069778.0000,0.690154,1,0.000000,-71.991961,2.538261,3.203226,10.748628,0
2017-07-11,sz.300301,6.8600,6.9500,6.8000,6.8600,6.8500,3840481,26396798.0000,0.787464,1,0.145989,-72.097059,2.541967,3.207902,10.764319,0
2017-07-12,sz.300301,6.8500,6.9000,6.7000,6.8100,6.8600,3616081,24508469.0000,0.741452,1,-0.728866,-71.571570,2.523439,3.184521,10.685862,0
2017-07-13,sz.300301,6.8200,6.9500,6.7500,6.9200,6.8100,3325018,22754523.0000,0.681772,1,1.615274,-72.727645,2.564200,3.235960,10.858468,0
2017-07-14,sz.300301,6.9500,6.9500,6.8100,6.8500,6.9200,2249820,15395897.0000,0.461310,1,-1.011563,-71.991961,2.538261,3.203226,10.748628,0
2017-07-17,sz.300301,6.8500,6.9300,6.4700,6.5300,6.8500,3361853,22254490.0000,0.689325,1,-4.671528,-68.628833,2.419686,3.053586,10.246502,0
2017-07-18,sz.300301,6.5300,6.6700,6.4300,6.6500,6.5300,2486262,16276165.0000,0.509791,1,1.837670,-69.890006,2.464151,3.109701,10.434799,0
2017-07-19,sz.300301,6.7000,6.7000,6.5900,6.6700,6.6500,3407900,22598695.0000,0.698766,1,0.300752,-70.100202,2.471562,3.119054,10.466182,0
2017-07-20,sz.300301,6.6500,6.6900,6.5800,6.6000,6.6700,2991513,19849644.0000,0.613389,1,-1.049478,-69.364517,2.445624,3.086320,10.356342,0
2017-07-21,sz.300301,6.6500,6.6700,6.5300,6.5800,6.6000,3252177,21399069.0000,0.666836,1,-0.303030,-69.154322,2.438213,3.076968,10.324959,0
2017-07-24,sz.300301,6.5700,6.7200,6.5400,6.6900,6.5800,3597417,23908249.0000,0.737625,1,1.671735,-70.310397,2.478973,3.128406,10.497565,0
2017-07-25,sz.300301,6.6900,6.9300,6.6600,6.8600,6.6900,4645460,31799033.0000,0.952519,1,2.541107,-72.097059,2.541967,3.207902,10.764319,0
2017-07-26,sz.300301,6.9000,6.9200,6.8000,6.8700,6.8600,2275180,15608389.0000,0.466510,1,0.145769,-72.202157,2.545672,3.212579,10.780011,0
2017-07-27,sz.300301,6.8700,7.1000,6.8400,7.0600,6.8700,4779041,33284433.0000,0.979909,1,2.765649,-74.199014,2.616077,3.301427,11.078148,0
2017-07-28,sz.300301,7.0700,7.0900,6.9300,7.0500,7.0600,2526400,17683744.0000,0.518021,1,-0.141640,-74.093916,2.612371,3.296751,11.062457,0
2017-07-31,sz.300301,7.0800,7.1000,6.9900,7.0800,7.0500,3125379,21989586.0000,0.640837,1,0.425528,-74.409210,2.623488,3.310780,11.109531,0
2017-08-01,sz.300301,7.0400,7.1500,7.0100,7.0300,7.0800,1624010,11452840.0000,0.332992,1,-0.706211,-73.883721,2.604960,3.287398,11.031074,0
2017-08-02,sz.300301,7.0400,7.0600,6.9200,6.9200,7.0300,1961600,13635424.0000,0.402212,1,-1.564725,-72.727645,2.564200,3.235960,10.858468,0
2017-08-03,sz.300301,6.9100,7.0300,6.9000,6.9500,6.9200,2194600,15316087.0000,0.449987,1,0.433522,-73.042939,2.575316,3.249989,10.905542,0
2017-08-04,sz.300301,7.0200,7.0800,6.8800,6.9400,6.9500,2271822,15796793.0000,0.465821,1,-0.143881,-72.937841,2.571611,3.245312,10.889851,0
2017-08-07,sz.300301,6.9900,7.1600,6.9200,7.1100,6.9400,3361670,23764748.0000,0.689287,1,2.449569,-74.724503,2.634604,3.324808,11.156605,0
2017-08-08,sz.300301,7.1300,7.2500,7.0300,7.1900,7.1100,3817645,27334133.0000,0.782782,1,1.125175,-75.565285,2.664248,3.362218,11.282136,0
2017-08-09,sz.300301,7.1500,7.2400,7.1400,7.1600,7.1900,1644500,11811224.0000,0.337193,1,-0.417249,-75.249992,2.653131,3.348190,11.235062,0
2017-08-10,sz.300301,7.1800,7.1800,6.9500,7.0800,7.1600,2507220,17731513.0000,0.514088,1,-1.117317,-74.409210,2.623488,3.310780,11.109531,0
2017-08-11,sz.300301,7.0500,7.0900,6.9600,6.9800,7.0800,1740762,12206525.0000,0.356873,1,-1.412428,-73.358232,2.586433,3.264017,10.952617,0
2017-08-14,sz.300301,6.9600,7.1600,6.9600,7.1200,6.9800,1513600,10724604.0000,0.310303,1,2.005729,-74.829601,2.638310,3.329485,11.172297,0
2017-08-15,sz.300301,7.0700,7.1600,7.0200,7.0300,7.1200,1335300,9443924.0000,0.273750,1,-1.264040,-73.883721,2.604960,3.287398,11.031074,0
2017-08-16,sz.300301,7.0700,7.2100,6.9900,7.1900,7.0300,5462513,38743076.0000,1.119868,1,2.275958,-75.565285,2.664248,3.362218,11.282136,0
2017-08-17,sz.300301,7.2400,7.2400,7.0900,7.1900,7.1900,3843359,27452727.0000,0.787926,1,0.000000,-75.565285,2.664248,3.362218,11.282136,0
2017-08-18,sz.300301,7.1400,7.1600,7.0900,7.1000,7.1900,2364400,16863046.0000,0.484725,1,-1.251741,-74.619405,2.630899,3.320132,11.140914,0
2017-08-21,sz.300301,7.0900,7.3100,7.0400,7.2000,7.1000,5501123,39582707.0000,1.127784,1,1.408449,-75.670383,2.667953,3.366895,11.297828,0
2017-08-22,sz.300301,7.1700,7.2100,7.1300,7.1700,7.2000,1586720,11345311.0000,0.325293,1,-0.416663,-75.355089,2.656837,3.352866,11.250754,0
2017-08-23,sz.300301,7.1700,7.2200,7.1300,7.1400,7.1700,1861402,13342359.0000,0.381606,1,-0.418413,-75.039796,2.645721,3.338837,11.203679,0
2017-08-24,sz.300301,7.1700,7.2800,7.0000,7.1500,7.1400,4833622,34564713.0000,0.990940,1,0.140059,-75.144894,2.649426,3.343513,11.219371,0
2017-08-25,sz.300301,7.1100,7.1600,7.0600,7.1000,7.1500,2676700,19034845.0000,0.548750,1,-0.699303,-74.619405,2.630899,3.320132,11.140914,0
2017-08-28,sz.300301,7.0700,7.1400,7.0700,7.0900,7.1000,3688250,26178572.0000,0.756127,1,-0.140842,-74.514307,2.627193,3.315456,11.125222,0
2017-08-29,sz.300301,7.0900,7.1100,6.9000,6.9000,7.0900,6060623,42295763.0000,1.242487,1,-2.679832,-61.959012,2.544865,3.150049,-13.012996,0
2017-08-30,sz.300301,6.9000,6.9400,6.8100,6.9100,6.9000,2612654,18011946.0000,0.535620,1,0.144924,-62.048808,2.548553,3.154614,-13.031856,0
2017-08-31,sz.300301,6.9000,6.9300,6.8000,6.8700,6.9100,3043708,20911185.0000,0.623990,1,-0.578871,-61.689625,2.533800,3.136353,-12.956418,0
2017-09-01,sz.300301,6.8700,6.8700,6.7700,6.8600,6.8700,2811070,19154611.0000,0.576297,1,-0.145557,-61.599829,2.530112,3.131788,-12.937559,0
2017-09-04,sz.300301,6.8300,7.0400,6.7800,6.8900,6.8600,4820343,33335897.0000,0.988217,1,0.437314,-61.869216,2.541177,3.145484,-12.994137,0
2017-09-05,sz.300301,6.8900,6.9100,6.7800,6.8000,6.8900,3526735,24069497.0000,0.723015,1,-1.306236,-61.061055,2.507983,3.104396,-12.824402,0
2017-09-06,sz.300301,6.7800,6.8500,6.7000,6.8000,6.8000,2763616,18772698.0000,0.566568,1,0.000000,-61.061055,2.507983,3.104396,-12.824402,0
2017-09-07,sz.300301,6.7500,6.8500,6.7200,6.7900,6.8000,2581600,17501412.0000,0.529253,1,-0.147062,-60.971260,2.504295,3.099831,-12.805543,0
2017-09-08,sz.300301,6.7700,6.7900,6.5800,6.5900,6.7900,4043100,26954122.0000,0.828875,1,-2.945505,-59.175346,2.430531,3.008525,-12.428355,0
2017-09-11,sz.300301,6.6100,6.6700,6.5500,6.6500,6.5900,2337969,15490396.0000,0.479306,1,0.910470,-59.714120,2.452660,3.035917,-12.541511,0
2017-09-12,sz.300301,6.6500,6.6800,6.5500,6.5900,6.6500,3028021,20042088.6000,0.620774,1,-0.902255,-59.175346,2.430531,3.008525,-12.428355,0
2017-09-13,sz.300301,6.5600,6.6000,6.4900,6.5100,6.5900,2510380,16374519.4600,0.514652,1,-1.213959,-58.456981,2.401025,2.972003,-12.277479,0
2017-09-14,sz.300301,6.5600,6.6200,6.5000,6.5400,6.5100,3069914,20111956.8200,0.629362,1,0.460825,-58.726368,2.412089,2.985699,-12.334058,0
2017-09-15,sz.300301,6.5600,6.6000,6.5100,6.5700,6.5400,2567925,16812629.9700,0.526450,1,0.458719,-58.995755,2.423154,2.999395,-12.390636,0
2017-09-18,sz.300301,6.5800,6.5900,6.5000,6.5300,6.5700,2766861,18093848.6700,0.567233,1,-0.608827,-58.636572,2.408401,2.981133,-12.315198,0
2017-09-19,sz.300301,6.5200,6.5600,6.4700,6.5100,6.5300,2165161,14119557.5500,0.443879,1,-0.306278,-58.456981,2.401025,2.972003,-12.277479,0
2017-09-20,sz.300301,6.5100,6.5300,6.4000,6.5200,6.5100,3045463,19681544.4400,0.624350,1,0.153606,-58.546777,2.404713,2.976568,-12.296339,0
2017-09-21,sz.300301,6.5000,6.5500,6.4500,6.4800,6.5200,2196761,14278811.8600,0.450357,1,-0.613496,-58.187594,2.389960,2.958307,-12.220901,0
2017-09-22,sz.300301,6.4500,6.4600,6.3600,6.4000,6.4800,3134906,20043944.5100,0.642686,1,-1.234567,-57.469229,2.360455,2.921785,-12.070026,0
2017-09-25,sz.300301,6.4600,6.4600,6.3400,6.3800,6.4000,1189722,7583016.9000,0.243905,1,-0.312500,-57.289637,2.353078,2.912654,-12.032307,0
2017-09-26,sz.300301,6.3800,6.4100,6.3100,6.3700,6.3800,1770700,11241736.0000,0.363011,1,-0.156743,-57.199842,2.349390,2.908089,-12.013447,0
2017-09-27,sz.300301,6.3600,6.3700,6.3200,6.3600,6.3700,2108700,13368674.5000,0.412595,1,-0.156982,-57.110046,2.345702,2.903524,-11.994588,0
2017-09-28,sz.300301,6.3600,6.4200,6.2100,6.3900,6.3600,3868134,24556892.8200,0.756852,1,0.471694,-57.379433,2.356766,2.917219,-12.051166,0
2017-09-29,sz.300301,6.4000,6.6500,6.4000,6.5800,6.3900,4345575,28477877.9600,0.850270,1,2.973397,-59.085551,2.426842,3.003960,-12.409495,0
2017-10-09,sz.300301,6.6100,6.6800,6.5300,6.5700,6.5800,4988100,32877542.9800,0.975988,1,-0.151972,-58.995755,2.423154,2.999395,-12.390636,0
2017-10-10,sz.300301,6.5500,6.6300,6.4700,6.5800,6.5700,2746807,17999006.3400,0.537449,1,0.152203,-59.085551,2.426842,3.003960,-12.409495,0
2017-10-11,sz.300301,6.5600,6.6500,6.5000,6.5800,6.5800,2527468,16664856.8000,0.494533,1,0.000000,-59.085551,2.426842,3.003960,-12.409495,0
2017-10-12,sz.300301,6.5800,6.6400,6.5300,6.5400,6.5800,2195000,14421816.2400,0.429481,1,-0.607902,-58.726368,2.412089,2.985699,-12.334058,0
2017-10-13,sz.300301,6.5400,6.5400,6.4700,6.4900,6.5400,3485600,22642638.2000,0.682004,1,-0.764529,-58.277390,2.393648,2.962872,-12.239760,0
2017-10-16,sz.300301,6.5000,6.5100,6.3600,6.3900,6.4900,3210445,20577087.7400,0.628166,1,-1.540831,-57.379433,2.356766,2.917219,-12.051166,0
2017-10-17,sz.300301,6.3900,6.4500,6.3200,6.3900,6.3900,3606765,23010576.7500,0.705712,1,0.000000,-57.379433,2.356766,2.917219,-12.051166,0
2017-10-18,sz.300301,6.4000,6.4000,6.3000,6.3900,6.3900,3556700,22612529.9600,0.695916,1,0.000000,-57.379433,2.356766,2.917219,-12.051166,0
2017-10-19,sz.300301,6.3500,6.3700,6.3000,6.3600,6.3900,1970700,12476403.0000,0.385594,1,-0.469479,-57.110046,2.345702,2.903524,-11.994588,0
2017-10-20,sz.300301,6.3500,6.4100,6.3100,6.4000,6.3600,2707798,17278778.1300,0.529817,1,0.628930,-57.469229,2.360455,2.921785,-12.070026,0
2017-10-23,sz.300301,6.4100,6.4200,6.3700,6.4100,6.4000,3091748,19804965.8100,0.604942,1,0.156246,-57.559024,2.364143,2.926350,-12.088885,0
2017-10-24,sz.300301,6.4100,6.4400,6.3700,6.4400,6.4100,2502800,16029138.0000,0.489706,1,0.468022,-57.828411,2.375207,2.940046,-12.145463,0
2017-10-25,sz.300301,6.4100,6.5400,6.4100,6.5300,6.4400,2260296,14671105.2200,0.442257,1,1.397518,-58.636572,2.408401,2.981133,-12.315198,0
2017-10-26,sz.300301,6.5000,6.5700,6.4700,6.5300,6.5300,1880412,12232368.9700,0.367928,1,0.000000,-58.636572,2.408401,2.981133,-12.315198,0
2017-10-27,sz.300301,6.5200,6.5200,6.4300,6.4300,6.5300,1353500,8763273.0000,0.264830,1,-1.531399,-57.738616,2.371519,2.935481,-12.126604,0
2017-10-30,sz.300301,6.4100,6.4200,6.2200,6.3600,6.4300,2970637,18745809.6200,0.581245,1,-1.088642,-58.237245,2.326512,2.801128,-13.095307,0
2017-10-31,sz.300301,6.3000,6.4200,6.2900,6.3700,6.3600,1212980,7702867.0000,0.237336,1,0.157229,-58.328813,2.330170,2.805533,-13.115897,0
2017-11-01,sz.300301,6.4000,6.4400,6.3500,6.3900,6.3700,1127800,7198040.0000,0.220669,1,0.313972,-58.511949,2.337486,2.814341,-13.157077,0
2017-11-02,sz.300301,6.4000,6.4000,6.2500,6.3600,6.3900,2078335,13098371.1500,0.406654,1,-0.469479,-58.237245,2.326512,2.801128,-13.095307,0
2017-11-03,sz.300301,6.3100,6.3600,6.2500,6.3600,6.3600,2737960,17229199.0000,0.535718,1,0.000000,-58.237245,2.326512,2.801128,-13.095307,0
2017-11-06,sz.300301,6.3500,6.3800,6.3200,6.3600,6.3600,1338998,8497422.0700,0.261993,1,0.000000,-58.237245,2.326512,2.801128,-13.095307,0
2017-11-07,sz.300301,6.3500,6.3600,6.2900,6.3600,6.3600,1596305,10102611.8000,0.312338,1,0.000000,-58.237245,2.326512,2.801128,-13.095307,0
2017-11-08,sz.300301,6.3400,6.3800,6.3100,6.3600,6.3600,2378400,15104900.0000,0.465366,1,0.000000,-58.237245,2.326512,2.801128,-13.095307,0
2017-11-09,sz.300301,6.3500,6.5200,6.3200,6.4700,6.3600,2510985,16101018.2000,0.491308,1,1.729554,-59.244493,2.366751,2.849576,-13.321798,0
2017-11-10,sz.300301,6.4600,6.4600,6.4000,6.4300,6.4700,1977150,12697823.9000,0.386856,1,-0.618237,-58.878221,2.352119,2.831958,-13.239437,0
2017-11-13,sz.300301,6.4900,6.5300,6.3600,6.3700,6.4300,2804850,18017191.4600,0.548806,1,-0.933125,-58.328813,2.330170,2.805533,-13.115897,0
2017-11-14,sz.300301,6.3400,6.3600,6.2500,6.3600,6.3700,2545562,16029001.5000,0.498073,1,-0.156982,-58.237245,2.326512,2.801128,-13.095307,0
2017-11-15,sz.300301,6.3400,6.3600,6.2700,6.3600,6.3600,1821800,11511751.0000,0.356460,1,0.000000,-58.237245,2.326512,2.801128,-13.095307,0
2017-11-16,sz.300301,6.3600,6.4000,6.3000,6.3900,6.3600,1265777,8045083.0100,0.247666,1,0.471694,-58.511949,2.337486,2.814341,-13.157077,0
2017-11-17,sz.300301,6.3900,6.4400,6.3100,6.4000,6.3900,3111800,19872294.0000,0.608865,1,0.156498,-58.603517,2.341144,2.818746,-13.177667,0
2017-11-20,sz.300301,6.4000,6.4000,6.4000,6.4000,6.4000,0,0.0000,,0,0.000000,-58.603517,2.341144,2.818746,-13.177667,0
2017-11-21,sz.300301,6.4000,6.4000,6.4000,6.4000,6.4000,0,0.0000,,0,0.000000,-58.603517,2.341144,2.818746,-13.177667,0
2017-11-22,sz.300301,6.4000,6.4000,6.4000,6.4000,6.4000,0,0.0000,,0,0.000000,-58.603517,2.341144,2.818746,-13.177667,0
2017-11-23,sz.300301,6.4000,6.4000,6.4000,6.4000,6.4000,0,0.0000,,0,0.000000,-58.603517,2.341144,2.818746,-13.177667,0
2017-11-24,sz.300301,6.4000,6.4000,6.4000,6.4000,6.4000,0,0.0000,,0,0.000000,-58.603517,2.341144,2.818746,-13.177667,0
2017-11-27,sz.300301,6.4000,6.4000,6.4000,6.4000,6.4000,0,0.0000,,0,0.000000,-58.603517,2.341144,2.818746,-13.177667,0
2017-11-28,sz.300301,6.4000,6.4000,6.4000,6.4000,6.4000,0,0.0000,,0,0.000000,-58.603517,2.341144,2.818746,-13.177667,0
2017-11-29,sz.300301,6.4000,6.4000,6.4000,6.4000,6.4000,0,0.0000,,0,0.000000,-58.603517,2.341144,2.818746,-13.177667,0
2017-11-30,sz.300301,6.4000,6.4000,6.4000,6.4000,6.4000,0,0.0000,,0,0.000000,-58.603517,2.341144,2.818746,-13.177667,0
2017-12-01,sz.300301,6.4000,6.4000,6.4000,6.4000,6.4000,0,0.0000,,0,0.000000,-58.603517,2.341144,2.818746,-13.177667,0
2017-12-04,sz.300301,6.4000,6.4000,6.4000,6.4000,6.4000,0,0.0000,,0,0.000000,-58.603517,2.341144,2.818746,-13.177667,0
2017-12-05,sz.300301,6.4000,6.4000,6.4000,6.4000,6.4000,0,0.0000,,0,0.000000,-58.603517,2.341144,2.818746,-13.177667,0
2017-12-06,sz.300301,6.4000,6.4000,6.4000,6.4000,6.4000,0,0.0000,,0,0.000000,-58.603517,2.341144,2.818746,-13.177667,0
2017-12-07,sz.300301,6.4000,6.4000,6.4000,6.4000,6.4000,0,0.0000,,0,0.000000,-58.603517,2.341144,2.818746,-13.177667,0
2017-12-08,sz.300301,6.4000,6.4000,6.4000,6.4000,6.4000,0,0.0000,,0,0.000000,-58.603517,2.341144,2.818746,-13.177667,0
2017-12-11,sz.300301,6.4100,6.6600,6.3200,6.4400,6.4000,6069688,39235896.2800,1.187616,1,0.624999,-58.969789,2.355777,2.836363,-13.260028,0
2017-12-12,sz.300301,6.3500,6.3600,6.2000,6.3600,6.4400,4895378,30746277.3800,0.957846,1,-1.242235,-58.237245,2.326512,2.801128,-13.095307,0
2017-12-13,sz.300301,6.3300,6.3500,6.1600,6.3200,6.3600,3509590,22006594.6000,0.686698,1,-0.628930,-57.870973,2.311880,2.783511,-13.012946,0
2017-12-14,sz.300301,6.2500,6.2900,6.1900,6.2400,6.3200,2255558,14066742.9200,0.441330,1,-1.265829,-57.138429,2.282616,2.748277,-12.848225,0
2017-12-15,sz.300301,6.2000,6.2100,6.0200,6.0200,6.2400,2307500,14120899.0000,0.451493,1,-3.525638,-55.123933,2.202139,2.651382,-12.395243,0
2017-12-18,sz.300301,6.0400,6.0500,5.8600,5.9300,6.0200,3328854,19674224.4800,0.651335,1,-1.495019,-54.299821,2.169217,2.611744,-12.209932,0
2017-12-19,sz.300301,5.8900,5.9500,5.3400,5.9300,5.9300,3034513,17570793.4100,0.593743,1,0.000000,-54.299821,2.169217,2.611744,-12.209932,0
2017-12-20,sz.300301,5.9200,5.9500,5.8500,5.9200,5.9300,1651400,9716133.0000,0.323118,1,-0.168630,-54.208253,2.165559,2.607340,-12.189342,0
2017-12-21,sz.300301,5.9100,5.9200,5.7900,5.8000,5.9200,3865400,22559070.2100,0.756317,1,-2.027025,-53.109438,2.121662,2.554488,-11.942261,0
2017-12-22,sz.300301,5.8000,6.1800,5.7200,6.1600,5.8000,5370027,32015343.7000,1.050718,1,6.206891,-56.405885,2.253352,2.713043,-12.683505,0
2017-12-25,sz.300301,6.1300,6.1800,6.0100,6.1500,6.1600,4437471,26968611.5500,0.868251,1,-0.162334,-56.314317,2.249694,2.708638,-12.662914,0
2017-12-26,sz.300301,6.1400,6.1900,6.0900,6.1500,6.1500,3322750,20379062.4800,0.650140,1,0.000000,-56.314317,2.249694,2.708638,-12.662914,0
2017-12-27,sz.300301,6.1500,6.2700,6.0200,6.1500,6.1500,1931402,11822937.0400,0.377905,1,0.000000,-56.314317,2.249694,2.708638,-12.662914,0
2017-12-28,sz.300301,6.1400,6.2000,6.0800,6.1400,6.1500,1097900,6712618.0000,0.214819,1,-0.162605,-56.222749,2.246036,2.704234,-12.642324,0
2017-12-29,sz.300301,6.1000,6.1400,6.0600,6.1300,6.1400,1190202,7261283.2000,0.232879,1,-0.162862,-56.131181,2.242377,2.699830,-12.621734,0
2018-01-02,sz.300301,6.1200,6.1600,6.0700,6.1500,6.1300,1281900,7847696.0000,0.250821,1,0.326264,-56.314317,2.249694,2.708638,-12.662914,0
2018-01-03,sz.300301,6.0900,6.1800,6.0700,6.1400,6.1500,2571115,15739550.2000,0.503073,1,-0.162605,-56.222749,2.246036,2.704234,-12.642324,0
2018-01-04,sz.300301,6.1300,6.1600,6.0900,6.1200,6.1400,1401082,8565350.2000,0.274140,1,-0.325733,-56.039613,2.238719,2.695425,-12.601144,0
2018-01-05,sz.300301,6.0900,6.1200,5.9700,6.1100,6.1200,5928100,35830223.0000,1.159912,1,-0.163395,-55.948045,2.235061,2.691021,-12.580554,0
2018-01-08,sz.300301,6.0800,6.0900,6.0000,6.0600,6.1100,2013445,12147761.0600,0.393957,1,-0.818334,-55.490205,2.216771,2.669000,-12.477604,0
2018-01-09,sz.300301,6.0500,6.0800,6.0000,6.0800,6.0600,1592031,9617088.1200,0.311502,1,0.330033,-55.673341,2.224087,2.677808,-12.518784,0
2018-01-10,sz.300301,6.0600,6.0600,6.0000,6.0500,6.0800,1256200,7567092.0000,0.245792,1,-0.493417,-55.398637,2.213113,2.664595,-12.457013,0
2018-01-11,sz.300301,5.9900,6.0000,5.9600,5.9600,6.0500,1423996,8518127.0800,0.278624,1,-1.487606,-54.574525,2.180191,2.624957,-12.271702,0
2018-01-12,sz.300301,5.9400,5.9700,5.8200,5.9500,5.9600,2028318,11943899.8000,0.396868,1,-0.167789,-54.482957,2.176533,2.620552,-12.251112,0
2018-01-15,sz.300301,5.9000,6.0000,5.7700,5.8300,5.9500,1636702,9540300.5000,0.320243,1,-2.016805,-53.384142,2.132636,2.567701,-12.004031,0
2018-01-16,sz.300301,5.8200,5.8600,5.7000,5.7200,5.8300,1942010,11139734.1000,0.379980,1,-1.886795,-52.376894,2.092398,2.519254,-11.777540,0
2018-01-17,sz.300301,5.7200,5.7300,5.5900,5.6700,5.7200,1705003,9628383.8900,0.333607,1,-0.874121,-51.919054,2.074108,2.497232,-11.674589,0
2018-01-18,sz.300301,5.6000,5.8300,5.5000,5.7300,5.6700,2279100,13081068.0000,0.445936,1,1.058200,-52.468462,2.096056,2.523658,-11.798130,0
2018-01-19,sz.300301,5.8000,6.0000,5.7700,5.9800,5.7300,4183300,24513486.0000,0.818519,1,4.363002,-54.757661,2.187507,2.633765,-12.312883,0
2018-01-22,sz.300301,6.0200,6.0200,5.8200,5.8500,5.9800,3136381,18349717.1900,0.613675,1,-2.173915,-53.567278,2.139952,2.576510,-12.045211,0
2018-01-23,sz.300301,5.8100,5.8800,5.7600,5.8100,5.8500,1108200,6422490.4800,0.216834,1,-0.683760,-53.201006,2.125320,2.558892,-11.962851,0
2018-01-24,sz.300301,5.8100,5.8400,5.7200,5.7500,5.8100,1562200,9002029.0000,0.305665,1,-1.032701,-52.651598,2.103372,2.532467,-11.839310,0
2018-01-25,sz.300301,5.7500,6.0000,5.7500,5.7700,5.7500,2029648,11889612.0500,0.397128,1,0.347826,-52.834734,2.110688,2.541275,-11.880490,0
2018-01-26,sz.300301,5.8500,5.8900,5.7000,5.8500,5.7700,2108400,12173248.2000,0.412537,1,1.386480,-53.567278,2.139952,2.576510,-12.045211,0
2018-01-29,sz.300301,5.8000,5.8300,5.6300,5.6700,5.8500,1284155,7330561.7500,0.251262,1,-3.076920,-51.919054,2.074108,2.497232,-11.674589,0
2018-01-30,sz.300301,5.7200,5.7200,5.5300,5.6400,5.6700,650900,3664895.0000,0.127357,1,-0.529104,-51.644350,2.063134,2.484019,-11.612819,0
2018-01-31,sz.300301,5.6500,5.6500,5.4300,5.4900,5.6400,1125278,6203886.5800,0.220176,1,-2.659576,-50.270830,2.008263,2.417955,-11.303968,0
2018-02-01,sz.300301,5.5300,5.5300,5.2000,5.2000,5.4900,1428100,7619006.0000,0.279427,1,-5.282331,-47.615358,1.902180,2.290231,-10.706855,0
2018-02-02,sz.300301,5.2000,5.6000,5.1000,5.5100,5.2000,3985174,21493060.5000,0.779753,1,5.961547,-50.453966,2.015579,2.426764,-11.345148,0
2018-02-05,sz.300301,5.4200,5.5500,5.3600,5.5500,5.5100,1444777,7878214.4900,0.282690,1,0.725952,-50.820238,2.030211,2.444381,-11.427508,0
2018-02-06,sz.300301,5.4900,5.4900,5.1300,5.1300,5.5500,1147700,6163715.3400,0.224563,1,-7.567569,-46.974382,1.876574,2.259401,-10.562724,0
2018-02-07,sz.300301,5.3500,5.3500,5.0800,5.3400,5.1300,3137457,16398172.7500,0.613885,1,4.093568,-48.897310,1.953392,2.351891,-10.995116,0
2018-02-08,sz.300301,5.2500,5.4600,5.1800,5.4000,5.3400,2308500,12381197.7700,0.451689,1,1.123594,-49.446718,1.975341,2.378317,-11.118657,0
2018-02-09,sz.300301,5.2500,5.4500,5.1100,5.3300,5.4000,1833500,9739965.4000,0.358749,1,-1.296299,-48.805742,1.949734,2.347486,-10.974526,0
2018-02-12,sz.300301,5.3200,5.5300,5.2600,5.4200,5.3300,1645300,8951106.0000,0.321925,1,1.688558,-49.629854,1.982657,2.387125,-11.159837,0
2018-02-13,sz.300301,5.4300,5.5100,5.4300,5.4400,5.4200,776297,4246654.5900,0.151893,1,0.369003,-49.812990,1.989973,2.395934,-11.201017,0
2018-02-14,sz.300301,5.4800,5.5500,5.4500,5.5100,5.4400,857400,4698989.9800,0.167762,1,1.286768,-50.453966,2.015579,2.426764,-11.345148,0
2018-02-22,sz.300301,5.5100,5.5300,5.4700,5.5000,5.5100,647172,3558992.3800,0.126628,1,-0.181492,-50.362398,2.011921,2.422359,-11.324558,0
2018-02-23,sz.300301,5.5100,5.5100,5.3300,5.4600,5.5000,1346052,7296265.8000,0.263373,1,-0.727272,-49.996126,1.997289,2.404742,-11.242197,0
2018-02-26,sz.300301,5.4700,5.6800,5.4100,5.6100,5.4600,2867540,15891558.1200,0.561073,1,2.747254,-51.369646,2.052159,2.470807,-11.551049,0
2018-02-27,sz.300301,5.5600,5.6200,5.5500,5.5900,5.6100,836300,4674005.0000,0.163633,1,-0.356506,-51.186510,2.044843,2.461998,-11.509869,0
2018-02-28,sz.300301,5.5600,5.6600,5.5500,5.5500,5.5900,1393900,7784121.0000,0.272735,1,-0.715563,121.006971,2.030211,2.505190,-11.427508,0
2018-03-01,sz.300301,5.6100,5.6400,5.5500,5.6400,5.5500,2544261,14271285.0300,0.498032,1,1.621616,122.969246,2.057792,2.545815,-169.253405,0
2018-03-02,sz.300301,5.6700,5.7300,5.6100,5.6200,5.6400,1592020,9018140.8000,0.311634,1,-0.354610,122.533185,2.050495,2.536787,-168.653215,0
2018-03-05,sz.300301,5.5800,5.7100,5.5800,5.6300,5.6200,1079400,6108216.0000,0.211290,1,0.177940,122.751216,2.054143,2.541301,-168.953310,0
2018-03-06,sz.300301,5.5800,5.7100,5.5100,5.6400,5.6300,2771422,15655394.5600,0.542498,1,0.177616,122.969246,2.057792,2.545815,-169.253405,0
2018-03-07,sz.300301,5.6100,5.7200,5.6000,5.6100,5.6400,1339100,7581957.4000,0.262125,1,-0.531910,122.315154,2.046846,2.532273,-168.353120,0
2018-03-08,sz.300301,5.6200,5.6900,5.5500,5.6200,5.6100,1259440,7058004.0000,0.246532,1,0.178249,122.533185,2.050495,2.536787,-168.653215,0
2018-03-09,sz.300301,5.6200,5.7100,5.5700,5.7100,5.6200,4849288,27357532.0000,0.949235,1,1.601426,124.495460,2.083332,2.577412,-171.354067,0
2018-03-12,sz.300301,5.7000,5.8000,5.6900,5.7600,5.7100,6024871,34682557.2000,1.179352,1,0.875660,125.585613,2.101575,2.599981,-172.854541,0
2018-03-13,sz.300301,5.7600,5.7800,5.7000,5.7400,5.7600,2835143,16290378.8400,0.554972,1,-0.347230,125.149552,2.094277,2.590953,-172.254351,0
2018-03-14,sz.300301,5.7400,5.7600,5.6000,5.6900,5.7400,1940200,11001981.8000,0.379789,1,-0.871075,124.059399,2.076035,2.568384,-170.753878,0
2018-03-15,sz.300301,5.6800,5.7600,5.6100,5.7400,5.6900,2567613,14605368.4900,0.502603,1,0.878730,125.149552,2.094277,2.590953,-172.254351,0
2018-03-16,sz.300301,5.7300,5.7900,5.6900,5.7500,5.7400,1520945,8718293.6000,0.297721,1,0.174220,125.367582,2.097926,2.595467,-172.554446,0
2018-03-19,sz.300301,5.7400,5.7700,5.6800,5.7700,5.7500,2004453,11507851.7100,0.392366,1,0.347826,125.803644,2.105223,2.604495,-173.154636,0
2018-03-20,sz.300301,5.7700,5.7700,5.7700,5.7700,5.7700,0,0.0000,,0,0.000000,125.803644,2.105223,2.604495,-173.154636,0
2018-03-21,sz.300301,5.7700,5.7700,5.7700,5.7700,5.7700,0,0.0000,,0,0.000000,125.803644,2.105223,2.604495,-173.154636,0
2018-03-22,sz.300301,5.7700,5.7700,5.7700,5.7700,5.7700,0,0.0000,,0,0.000000,125.803644,2.105223,2.604495,-173.154636,0
2018-03-23,sz.300301,5.7700,5.7700,5.7700,5.7700,5.7700,0,0.0000,,0,0.000000,125.803644,2.105223,2.604495,-173.154636,0
2018-03-26,sz.300301,5.7700,5.7700,5.7700,5.7700,5.7700,0,0.0000,,0,0.000000,125.803644,2.105223,2.604495,-173.154636,0
2018-03-27,sz.300301,5.7700,5.7700,5.7700,5.7700,5.7700,0,0.0000,,0,0.000000,125.803644,2.105223,2.604495,-173.154636,0
2018-03-28,sz.300301,6.0300,6.3500,6.0100,6.0900,5.7700,16885559,105321602.2700,3.305303,1,5.545930,132.780622,2.221977,2.748938,-182.757666,0
2018-03-29,sz.300301,5.9600,6.0500,5.7600,5.8200,6.0900,12789974,74788347.8200,2.503603,1,-4.433497,126.893797,2.123466,2.627064,-174.655109,0
2018-03-30,sz.300301,5.7800,5.8300,5.6600,5.7900,5.8200,6811181,39113616.2100,1.333271,1,-0.515467,126.239705,2.112520,2.613523,-173.754825,0
2018-04-02,sz.300301,5.7500,6.0800,5.7300,6.0300,5.7900,9820591,58314535.2800,1.922355,1,4.145082,131.472439,2.200086,2.721855,-180.957097,0
2018-04-03,sz.300301,5.9000,5.9600,5.7600,5.7800,6.0300,5536510,32337936.6000,1.083757,1,-4.145936,126.021674,2.108872,2.609009,-173.454730,0
2018-04-04,sz.300301,5.7900,5.8400,5.6000,5.6000,5.7800,4266380,24531795.8000,0.835133,1,-3.114192,122.097124,2.043197,2.527759,-168.053026,0
2018-04-09,sz.300301,5.5800,5.7600,5.5500,5.6600,5.6000,3865350,21929242.0000,0.756632,1,1.071428,123.405307,2.065089,2.554843,-169.853594,0
2018-04-10,sz.300301,5.6700,5.6800,5.4100,5.4600,5.6600,3696500,20388701.0000,0.723580,1,-3.533566,119.044696,1.992118,2.464565,-163.851700,0
2018-04-11,sz.300301,5.5300,5.5700,5.4600,5.5100,5.4600,2071600,11425697.0000,0.405510,1,0.915754,120.134849,2.010360,2.487135,-165.352174,0
2018-04-12,sz.300301,5.5300,5.5300,5.4400,5.4700,5.5100,1988300,10889531.3400,0.389204,1,-0.725961,119.262726,1.995766,2.469079,-164.151795,0
2018-04-13,sz.300301,5.4800,5.5300,5.4100,5.4100,5.4700,1830774,9996522.8200,0.358369,1,-1.096891,117.954543,1.973875,2.441996,-162.351227,0
2018-04-16,sz.300301,5.4100,5.4100,5.1900,5.2800,5.4100,3751702,19823008.1400,0.734386,1,-2.402951,115.120145,1.926443,2.383316,-158.449996,0
2018-04-17,sz.300301,5.2500,5.3300,5.2300,5.2800,5.2800,3358202,17762496.5800,0.657359,1,0.000000,115.120145,1.926443,2.383316,-158.449996,0
2018-04-18,sz.300301,5.2900,5.3600,5.2600,5.3100,5.2800,4236824,22502029.4400,0.829347,1,0.568177,115.774237,1.937389,2.396858,-159.350280,0
2018-04-19,sz.300301,5.3200,5.3200,5.2200,5.2300,5.3100,3137200,16507140.0000,0.614099,1,-1.506590,114.029992,1.908200,2.360747,-156.949522,0
2018-04-20,sz.300301,5.2200,5.2400,5.1200,5.1600,5.2300,3460320,17878376.4000,0.677348,1,-1.338435,112.503778,1.882661,2.329150,-154.848859,0
2018-04-23,sz.300301,5.1700,5.2700,5.1300,5.2200,5.1600,3223400,16730774.0000,0.630972,1,1.162790,113.811962,1.904552,2.356233,-156.649428,0
2018-04-24,sz.300301,5.2200,5.3300,5.1700,5.2800,5.2200,2451540,12886568.2000,0.479882,1,1.149433,115.120145,1.926443,2.383316,-158.449996,0
2018-04-25,sz.300301,5.2600,5.3600,5.2400,5.3200,5.2800,1474076,7815147.2200,0.288546,1,0.757575,115.992268,1.941038,2.401371,-159.650375,0
2018-04-26,sz.300301,5.3300,5.3500,5.2600,5.3200,5.3200,1766700,9372677.0000,0.345827,1,0.000000,115.992268,1.941038,2.401371,-159.650375,0
2018-04-27,sz.300301,5.3200,5.3600,5.2600,5.3000,5.3200,1646300,8731404.6200,0.322259,1,-0.375939,112.153029,1.930858,2.487785,-14.977914,0
2018-05-02,sz.300301,5.3000,5.3100,5.1800,5.2500,5.3000,1609408,8407013.4900,0.315037,1,-0.943400,111.094982,1.912642,2.464315,-14.836613,0
2018-05-03,sz.300301,5.2100,5.2800,4.7800,5.2600,5.2500,2022105,10442166.3000,0.395822,1,0.190481,111.306591,1.916285,2.469009,-14.864873,0
2018-05-04,sz.300301,5.1600,5.2600,5.1400,5.2500,5.2600,2163200,11242515.0000,0.423441,1,-0.190118,111.094982,1.912642,2.464315,-14.836613,0
2018-05-07,sz.300301,5.2000,5.3000,5.2000,5.3000,5.2500,1040156,5477586.3400,0.203608,1,0.952385,112.153029,1.930858,2.487785,-14.977914,0
2018-05-08,sz.300301,5.3100,5.3100,5.2700,5.2700,5.3000,1654400,8744932.0000,0.323844,1,-0.566042,111.518201,1.919929,2.473703,-14.893133,0
2018-05-09,sz.300301,5.2800,5.3300,5.2300,5.2900,5.2700,2215052,11678458.5200,0.433591,1,0.379506,111.941420,1.927215,2.483091,-14.949653,0
2018-05-10,sz.300301,5.3000,5.3300,5.2600,5.2700,5.2900,1171652,6187932.6000,0.229348,1,-0.378072,111.518201,1.919929,2.473703,-14.893133,0
2018-05-11,sz.300301,5.2500,5.5300,5.2200,5.4300,5.2700,6517542,35258684.4000,1.275792,1,3.036050,114.903953,1.978219,2.548806,-15.345296,0
2018-05-14,sz.300301,5.3600,5.3800,5.2400,5.2500,5.4300,2517100,13344483.0000,0.492716,1,-3.314914,111.094982,1.912642,2.464315,-14.836613,0
2018-05-15,sz.300301,5.1900,5.3200,5.1900,5.2500,5.2500,2913742,15274862.6800,0.570357,1,0.000000,111.094982,1.912642,2.464315,-14.836613,0
2018-05-16,sz.300301,5.2500,5.2500,5.1900,5.1900,5.2500,1567800,8173855.9500,0.306893,1,-1.142856,109.825325,1.890784,2.436151,-14.667051,0
2018-05-17,sz.300301,5.1900,5.2300,5.1400,5.1500,5.1900,1247700,6447812.2000,0.244234,1,-0.770712,108.978887,1.876211,2.417376,-14.554010,0
2018-05-18,sz.300301,5.1200,5.2100,5.0800,5.1900,5.1500,2511702,12921911.2000,0.491659,1,0.776698,109.825325,1.890784,2.436151,-14.667051,0
2018-05-21,sz.300301,5.2100,5.2500,5.1800,5.2200,5.1900,1805719,9411828.3700,0.353465,1,0.578030,110.460153,1.901713,2.450233,-14.751832,0
2018-05-22,sz.300301,5.2000,5.2900,5.1600,5.2600,5.2200,1822900,9528053.0000,0.356828,1,0.766292,111.306591,1.916285,2.469009,-14.864873,0
2018-05-23,sz.300301,5.2600,5.2600,5.1200,5.2000,5.2600,4580600,23720434.0000,0.896640,1,-1.140692,110.036934,1.894427,2.440845,-14.695311,0
2018-05-24,sz.300301,5.2000,5.2000,5.0200,5.1200,5.2000,3625942,18497467.6800,0.709769,1,-1.538460,108.344058,1.865282,2.403294,-14.469230,0
2018-05-25,sz.300301,5.0900,5.1900,5.0100,5.1200,5.1200,3369620,17158065.8000,0.659594,1,0.000000,108.344058,1.865282,2.403294,-14.469230,0
2018-05-28,sz.300301,5.0800,5.1300,5.0000,5.0000,5.1200,2075300,10455087.0000,0.406234,1,-2.343748,105.804745,1.821564,2.346967,-14.130107,0
2018-05-29,sz.300301,5.0000,5.0300,4.7800,4.8100,5.0000,3656842,17835948.8200,0.715817,1,-3.800001,101.784164,1.752345,2.257782,-13.593163,0
2018-05-30,sz.300301,4.7700,4.9200,4.6000,4.9100,4.8100,3745820,17937162.6000,0.733234,1,2.079000,103.900259,1.788776,2.304721,-13.875765,0
2018-05-31,sz.300301,4.9500,5.0200,4.8600,4.9800,4.9100,2789122,13862583.7100,0.545963,1,1.425665,105.381526,1.814278,2.337579,-14.073587,0
2018-06-01,sz.300301,4.9000,4.9900,4.8200,4.9900,4.9800,2874435,14061257.1000,0.562663,1,0.200798,105.593135,1.817921,2.342273,-14.101847,0
2018-06-04,sz.300301,4.9000,5.0400,4.8900,4.9500,4.9900,1229524,6097837.0400,0.240676,1,-0.801602,104.746697,1.803349,2.323497,-13.988806,0
2018-06-05,sz.300301,5.0000,5.0000,4.8600,4.9000,4.9500,854104,4183002.5200,0.167189,1,-1.010095,103.688650,1.785133,2.300027,-13.847505,0
2018-06-06,sz.300301,4.9200,4.9200,4.7700,4.9100,4.9000,2360678,11396657.7000,0.462096,1,0.204077,103.900259,1.788776,2.304721,-13.875765,0
2018-06-07,sz.300301,4.8800,4.8800,4.8000,4.8700,4.9100,1226700,5943954.0000,0.240123,1,-0.814663,103.053821,1.774203,2.285945,-13.762724,0
2018-06-08,sz.300301,4.8700,4.8700,4.7700,4.7800,4.8700,1382700,6650772.5000,0.270660,1,-1.848043,101.149336,1.741415,2.243700,-13.508382,0
2018-06-11,sz.300301,4.7600,4.7900,4.6800,4.7000,4.7800,1410200,6646068.0000,0.276043,1,-1.673648,99.456460,1.712270,2.206149,-13.282301,0
2018-06-12,sz.300301,4.7000,4.7700,4.6000,4.7300,4.7000,3520350,16519496.5000,0.689099,1,0.638302,100.091288,1.723200,2.220230,-13.367081,0
2018-06-13,sz.300301,4.7100,4.7100,4.6000,4.6200,4.7300,2590302,12025637.2500,0.507045,1,-2.325584,97.763584,1.683125,2.168597,-13.056219,0
2018-06-14,sz.300301,4.6200,4.6500,4.5300,4.5800,4.6200,2205500,10111951.0000,0.431721,1,-0.865800,96.917146,1.668553,2.149821,-12.943178,0
2018-06-15,sz.300301,4.6300,4.6300,4.1200,4.5600,4.5800,18501000,79699213.3000,3.621522,1,-0.436681,96.493927,1.661267,2.140434,-12.886658,0
2018-06-19,sz.300301,4.5000,4.6300,4.3000,4.5000,4.5600,5678457,25452504.8700,1.111543,1,-1.315788,95.224270,1.639408,2.112270,-12.717096,0
2018-06-20,sz.300301,4.5000,4.9500,4.3200,4.8000,4.5000,8429027,38952266.2900,1.649960,1,6.666671,101.572555,1.748702,2.253088,-13.564903,0
2018-06-21,sz.300301,4.7200,4.7900,4.6400,4.7400,4.8000,4884800,22942543.0000,0.956187,1,-1.250009,100.302898,1.726843,2.224924,-13.395342,0
2018-06-22,sz.300301,4.6900,4.8000,4.6300,4.6300,4.7400,3324901,15631271.2000,0.650841,1,-2.320668,97.975194,1.686768,2.173291,-13.084479,0
2018-06-25,sz.300301,4.6300,4.6400,4.4800,4.5600,4.6300,2459964,11201368.0000,0.481531,1,-1.511883,96.493927,1.661267,2.140434,-12.886658,0
2018-06-26,sz.300301,4.5600,4.6000,4.4500,4.5000,4.5600,3353502,15072334.9000,0.656439,1,-1.315788,95.224270,1.639408,2.112270,-12.717096,0
2018-06-27,sz.300301,4.5000,4.5200,4.3700,4.5000,4.5000,3039300,13476398.4000,0.587859,1,0.000000,95.224270,1.639408,2.112270,-12.717096,0
2018-06-28,sz.300301,4.4700,4.5500,4.3900,4.5000,4.5000,3270140,14644893.4200,0.534803,1,0.000000,95.224270,1.639408,2.112270,-12.717096,0
2018-06-29,sz.300301,4.4800,4.6000,4.4300,4.5400,4.5000,1629143,7341983.4300,0.266432,1,0.888888,96.070708,1.653980,2.131046,-12.830137,0
2018-07-02,sz.300301,4.5500,4.6100,4.4900,4.4900,4.5400,981700,4464941.0000,0.160549,1,-1.101326,95.012661,1.635765,2.107576,-12.688836,0
2018-07-03,sz.300301,4.5100,4.6000,4.5000,4.5800,4.4900,1417140,6463037.6000,0.231761,1,2.004458,96.917146,1.668553,2.149821,-12.943178,0
2018-07-04,sz.300301,4.5800,4.6000,4.5000,4.5500,4.5800,1432800,6524327.0000,0.234322,1,-0.655016,96.282318,1.657623,2.135740,-12.858398,0
2018-07-05,sz.300301,4.5400,4.5800,4.4800,4.4800,4.5500,2267300,10296447.0000,0.370798,1,-1.538465,94.801051,1.632121,2.102882,-12.660576,0
2018-07-06,sz.300301,4.4700,4.5200,4.4100,4.4900,4.4800,1720700,7686187.0000,0.281406,1,0.223209,95.012661,1.635765,2.107576,-12.688836,0
2018-07-09,sz.300301,4.5000,4.5500,4.4400,4.5400,4.4900,921000,4150519.0000,0.150622,1,1.113590,96.070708,1.653980,2.131046,-12.830137,0
2018-07-10,sz.300301,4.5000,4.5500,4.4800,4.5300,4.5400,2554700,11552292.0000,0.417799,1,-0.220259,95.859099,1.650337,2.126352,-12.801877,0
2018-07-11,sz.300301,4.5300,4.5300,4.4000,4.4100,4.5300,1247000,5529364.0000,0.203936,1,-2.649014,93.319785,1.606620,2.070025,-12.462755,0
2018-07-12,sz.300301,4.3800,4.4800,4.3000,4.4500,4.4100,1067420,4754409.6000,0.174567,1,0.907029,94.166223,1.621192,2.088800,-12.575795,0
2018-07-13,sz.300301,4.4500,4.4800,4.3800,4.3900,4.4500,1121415,4951684.4500,0.183398,1,-1.348313,92.896566,1.599333,2.060637,-12.406234,0
2018-07-16,sz.300301,4.3600,4.4400,4.3600,4.4100,4.3900,992920,4369474.6000,0.162384,1,0.455580,93.319785,1.606620,2.070025,-12.462755,0
2018-07-17,sz.300301,4.4200,4.4200,4.3000,4.4100,4.4100,1841100,8081655.4000,0.301096,1,0.000000,93.319785,1.606620,2.070025,-12.462755,0
2018-07-18,sz.300301,4.4100,4.4500,4.3600,4.3800,4.4100,2114400,9308453.0000,0.345792,1,-0.680266,92.684956,1.595690,2.055943,-12.377974,0
2018-07-19,sz.300301,4.4000,4.5000,4.3000,4.4000,4.3800,1813000,7952447.0000,0.296501,1,0.456621,93.108175,1.602976,2.065331,-12.434494,0
2018-07-20,sz.300301,4.4000,4.4200,4.3500,4.4100,4.4000,2921676,12812764.0400,0.477815,1,0.227267,93.319785,1.606620,2.070025,-12.462755,0
2018-07-23,sz.300301,4.4000,4.4200,4.3600,4.4200,4.4100,4562800,20017999.0000,0.746207,1,0.226763,93.531394,1.610263,2.074718,-12.491015,0
2018-07-24,sz.300301,4.4100,4.4500,4.3800,4.4300,4.4200,3627555,16054859.1000,0.593256,1,0.226239,93.743004,1.613906,2.079412,-12.519275,0
2018-07-25,sz.300301,4.4300,4.4600,4.3800,4.4400,4.4300,4204636,18550685.5800,0.687632,1,0.225739,93.954613,1.617549,2.084106,-12.547535,0
2018-07-26,sz.300301,4.4400,4.6600,4.4400,4.5100,4.4400,5838385,26549702.3000,0.954818,1,1.576581,95.435880,1.643051,2.116964,-12.745357,0
2018-07-27,sz.300301,4.5100,4.5700,4.4600,4.5500,4.5100,3332402,15116154.1400,0.544986,1,0.886917,96.282318,1.657623,2.135740,-12.858398,0
2018-07-30,sz.300301,4.5600,4.5800,4.4000,4.4000,4.5500,2969100,13282540.7700,0.485571,1,-3.296705,93.108175,1.602976,2.065331,-12.434494,0
2018-07-31,sz.300301,4.3800,4.4400,4.2800,4.3700,4.4000,3840400,16622468.0000,0.628065,1,-0.681823,92.473347,1.592047,2.051249,-12.349714,0
2018-08-01,sz.300301,4.3400,4.3900,4.3200,4.3500,4.3700,2467615,10769825.9500,0.403557,1,-0.457666,92.050128,1.584761,2.041861,-12.293193,0
2018-08-02,sz.300301,4.3200,4.3500,4.1500,4.3500,4.3500,2158142,9165804.0200,0.352946,1,0.000000,92.050128,1.584761,2.041861,-12.293193,0
2018-08-03,sz.300301,4.3000,4.3900,4.2500,4.3900,4.3500,1651200,7102409.0000,0.270040,1,0.919539,92.896566,1.599333,2.060637,-12.406234,0
2018-08-06,sz.300301,4.3700,4.3900,4.2200,4.3900,4.3900,1652300,7177137.9600,0.270220,1,0.000000,92.896566,1.599333,2.060637,-12.406234,0
2018-08-07,sz.300301,4.3600,4.4500,4.3300,4.4500,4.3900,1087220,4778979.2000,0.177806,1,1.366741,94.166223,1.621192,2.088800,-12.575795,0
2018-08-08,sz.300301,4.4400,4.4600,4.4000,4.4600,4.4500,1498900,6650579.0000,0.245132,1,0.224724,94.377832,1.624835,2.093494,-12.604056,0
2018-08-09,sz.300301,4.4500,4.5000,4.4100,4.4100,4.4600,2623400,11704689.0000,0.429035,1,-1.121081,93.319785,1.606620,2.070025,-12.462755,0
2018-08-10,sz.300301,4.4100,4.4400,4.3600,4.3600,4.4100,1667346,7330103.4800,0.272680,1,-1.133780,92.261737,1.588404,2.046555,-12.321453,0
2018-08-13,sz.300301,4.3600,4.3700,4.2700,4.3700,4.3600,1562000,6764214.0000,0.255452,1,0.229352,92.473347,1.592047,2.051249,-12.349714,0
2018-08-14,sz.300301,4.3400,4.4000,4.3100,4.3900,4.3700,1672410,7281203.4000,0.273508,1,0.457666,92.896566,1.599333,2.060637,-12.406234,0
2018-08-15,sz.300301,4.3900,4.3900,4.3300,4.3400,4.3900,1350400,5879499.0000,0.220846,1,-1.138946,91.838518,1.581118,2.037167,-12.264933,0
2018-08-16,sz.300301,4.3300,4.3500,4.2600,4.3000,4.3400,1298110,5614116.0000,0.212295,1,-0.921658,90.992080,1.566545,2.018391,-12.151892,0
2018-08-17,sz.300301,4.3200,4.3500,4.2200,4.3100,4.3000,3158900,13521248.0000,0.516611,1,0.232552,91.203690,1.570188,2.023085,-12.180152,0
2018-08-20,sz.300301,4.2800,4.3600,4.1900,4.3200,4.3100,3747400,15900250.0000,0.612855,1,0.232024,91.415299,1.573831,2.027779,-12.208413,0
2018-08-21,sz.300301,4.3000,4.3400,4.2600,4.3200,4.3200,1055500,4536531.0100,0.172618,1,0.000000,91.415299,1.573831,2.027779,-12.208413,0
2018-08-22,sz.300301,4.3000,4.3200,4.2700,4.3000,4.3200,711805,3055299.4500,0.116410,1,-0.462962,90.992080,1.566545,2.018391,-12.151892,0
2018-08-23,sz.300301,4.3000,4.3200,4.2800,4.3000,4.3000,803700,3451105.5000,0.131438,1,0.000000,90.992080,1.566545,2.018391,-12.151892,0
2018-08-24,sz.300301,4.2900,4.3000,4.2700,4.2800,4.3000,573100,2454012.0000,0.093726,1,-0.465116,90.568861,1.559259,2.009003,-12.095372,0
2018-08-27,sz.300301,4.3000,4.3100,4.2800,4.2900,4.2800,1358826,5833873.5400,0.222224,1,0.233639,90.780471,1.562902,2.013697,-12.123632,0
2018-08-28,sz.300301,4.2800,4.3000,4.2500,4.2900,4.2900,982100,4198471.0000,0.160614,1,0.000000,90.780471,1.562902,2.013697,-12.123632,0
2018-08-29,sz.300301,4.2700,4.2900,4.2500,4.2800,4.2900,1556210,6636174.5000,0.254505,1,-0.233095,90.568861,1.559259,2.009003,-12.095372,0
2018-08-30,sz.300301,4.2800,4.2800,4.2100,4.2400,4.2800,2310300,9764415.0000,0.419678,1,-0.934590,103.062919,1.592372,1.993651,-20.968109,0
2018-08-31,sz.300301,4.2300,4.2600,4.1900,4.2300,4.2400,714000,3012736.0000,0.129702,1,-0.235843,102.819846,1.588617,1.988949,-20.918656,0
2018-09-03,sz.300301,4.2400,4.2400,4.1600,4.2300,4.2300,1059903,4444424.5100,0.192537,1,0.000000,102.819846,1.588617,1.988949,-20.918656,0
2018-09-04,sz.300301,4.2300,4.2300,4.1800,4.2300,4.2300,992023,4171731.6000,0.180206,1,0.000000,102.819846,1.588617,1.988949,-20.918656,0
2018-09-05,sz.300301,4.2200,4.2300,4.1800,4.2300,4.2300,1913600,8033400.6800,0.347615,1,0.000000,102.819846,1.588617,1.988949,-20.918656,0
2018-09-06,sz.300301,4.2200,4.2300,4.1800,4.2100,4.2300,562200,2365070.0000,0.102127,1,-0.472813,102.333700,1.581105,1.979545,-20.819750,0
2018-09-07,sz.300301,4.2100,4.2200,4.1600,4.2000,4.2100,1337478,5611189.4800,0.242960,1,-0.237535,102.090627,1.577350,1.974843,-20.770297,0
2018-09-10,sz.300301,4.2000,4.2000,4.1300,4.1700,4.2000,1109278,4604876.2600,0.201506,1,-0.714279,101.361408,1.566083,1.960737,-20.621938,0
2018-09-11,sz.300301,4.1500,4.1600,4.1000,4.1200,4.1700,605300,2499770.9400,0.109956,1,-1.199045,100.146044,1.547305,1.937227,-20.374672,0
2018-09-12,sz.300301,4.0800,4.1600,4.0600,4.1000,4.1200,1021820,4171774.4000,0.185619,1,-0.485436,99.659898,1.539794,1.927823,-20.275766,0
2018-09-13,sz.300301,4.0600,4.1200,4.0600,4.1000,4.1000,792584,3236085.7200,0.143977,1,0.000000,99.659898,1.539794,1.927823,-20.275766,0
2018-09-14,sz.300301,4.1100,4.1200,4.0100,4.0700,4.1000,1489545,6029916.4600,0.270583,1,-0.731701,98.930679,1.528527,1.913717,-20.127407,0
2018-09-17,sz.300301,4.0500,4.0500,3.9200,4.0000,4.0700,1134000,4519394.0000,0.205997,1,-1.719906,97.229169,1.502238,1.880802,-19.781235,0
2018-09-18,sz.300301,3.9700,4.0400,3.9500,4.0400,4.0000,797000,3193415.0000,0.144779,1,0.999999,98.201460,1.517260,1.899610,-19.979048,0
2018-09-19,sz.300301,4.0400,4.0400,3.9900,4.0200,4.0400,1261160,5055491.0000,0.229096,1,-0.495049,97.715314,1.509749,1.890206,-19.880141,0
2018-09-20,sz.300301,4.0000,4.0100,3.9800,4.0000,4.0200,804800,3214382.0000,0.146196,1,-0.497512,97.229169,1.502238,1.880802,-19.781235,0
2018-09-21,sz.300301,4.0000,4.0100,3.9700,4.0000,4.0000,1054300,4208939.8600,0.191519,1,0.000000,97.229169,1.502238,1.880802,-19.781235,0
2018-09-25,sz.300301,4.0000,4.0000,3.9400,4.0000,4.0000,1279716,5088047.6000,0.232467,1,0.000000,97.229169,1.502238,1.880802,-19.781235,0
2018-09-26,sz.300301,3.9900,3.9900,3.9700,3.9800,4.0000,706700,2814862.0000,0.128376,1,-0.499999,96.743023,1.494727,1.871398,-19.682329,0
2018-09-27,sz.300301,3.9800,3.9800,3.8900,3.9500,3.9800,1338031,5258624.9000,0.243060,1,-0.753768,96.013804,1.483460,1.857292,-19.533970,0
2018-09-28,sz.300301,3.9400,3.9800,3.9000,3.9800,3.9500,1423400,5611097.0000,0.258568,1,0.759493,96.743023,1.494727,1.871398,-19.682329,0
2018-10-08,sz.300301,3.9400,3.9700,3.8400,3.9700,3.9800,3411020,13362089.8000,0.619629,1,-0.251256,96.499950,1.490971,1.866696,-19.632876,0
2018-10-09,sz.300301,3.9200,3.9800,3.8500,3.9700,3.9700,2909200,11391552.0000,0.528471,1,0.000000,96.499950,1.490971,1.866696,-19.632876,0
2018-10-10,sz.300301,3.9300,3.9800,3.8600,3.9800,3.9700,3331010,13079874.2000,0.605095,1,0.251889,96.743023,1.494727,1.871398,-19.682329,0
2018-10-11,sz.300301,3.8800,3.9600,3.7100,3.9300,3.9800,4983051,19266602.3700,0.905197,1,-1.256280,95.527658,1.475949,1.847888,-19.435064,0
2018-10-12,sz.300301,3.8900,3.8900,3.7800,3.8000,3.9300,4973214,19042246.9200,0.903410,1,-3.307891,92.367710,1.427126,1.786762,-18.792173,0
2018-10-15,sz.300301,3.7600,3.8400,3.7300,3.7500,3.8000,4654100,17550799.0000,0.845441,1,-1.315788,91.152345,1.408348,1.763252,-18.544908,0
2018-10-16,sz.300301,3.7600,3.7900,3.6500,3.7400,3.7500,2732923,10205466.8700,0.496449,1,-0.266666,90.909273,1.404592,1.758550,-18.495455,0
2018-10-17,sz.300301,3.7400,3.7500,3.5100,3.7000,3.7400,8918786,32718234.0400,1.620143,1,-1.069518,89.936981,1.389570,1.739742,-18.297643,0
2018-10-18,sz.300301,3.6600,3.6800,3.5600,3.6000,3.7000,3802340,13647869.5800,0.690714,1,-2.702707,87.506252,1.352014,1.692722,-17.803112,0
2018-10-19,sz.300301,3.5700,3.7600,3.5200,3.7300,3.6000,5136657,18573912.0800,0.933100,1,3.611114,90.666200,1.400837,1.753848,-18.446002,0
2018-10-22,sz.300301,3.7200,3.9600,3.6200,3.7800,3.7300,12814815,47901274.6400,2.327877,1,1.340481,91.881564,1.419615,1.777358,-18.693267,0
2018-10-23,sz.300301,3.7100,3.7100,3.5000,3.6500,3.7800,12194620,43822882.8500,2.215215,1,-3.439150,88.721616,1.370792,1.716232,-18.050377,0
2018-10-24,sz.300301,3.5500,3.5600,3.3500,3.5000,3.6500,12677100,43845272.0000,2.302860,1,-4.109591,85.075522,1.314458,1.645702,-17.308581,0
2018-10-25,sz.300301,3.3600,3.5100,3.3100,3.5000,3.5000,15548480,52796634.3200,2.824461,1,0.000000,85.075522,1.314458,1.645702,-17.308581,0
2018-10-26,sz.300301,3.4700,3.5000,3.4000,3.4600,3.5000,10025372,34556650.4000,1.821160,1,-1.142856,84.103231,1.299436,1.626894,-17.110768,0
2018-10-29,sz.300301,3.4200,3.5000,3.4200,3.4800,3.4600,11007422,38255193.1200,1.999554,1,0.578034,249.810774,1.309537,1.719018,-16.097057,0
2018-10-30,sz.300301,3.4600,3.5500,3.4600,3.5300,3.4800,9617673,33741688.6700,1.747099,1,1.436780,253.400010,1.328352,1.743716,-16.328336,0
2018-10-31,sz.300301,3.5300,3.6100,3.4900,3.5800,3.5300,8371017,29705434.7200,1.520638,1,1.416429,256.989245,1.347167,1.768415,-16.559616,0
2018-11-01,sz.300301,3.5800,3.6100,3.5800,3.5800,3.5800,6298026,22632842.9200,1.144069,1,0.000000,256.989245,1.347167,1.768415,-16.559616,0
2018-11-02,sz.300301,3.5900,3.6500,3.5800,3.6200,3.5800,7341400,26503579.0000,1.333603,1,1.117317,259.860633,1.362220,1.788174,-16.744640,0
2018-11-05,sz.300301,3.6300,3.6500,3.5700,3.6300,3.6200,7236381,26195967.2200,1.314526,1,0.276249,260.578480,1.365983,1.793113,-16.790896,0
2018-11-06,sz.300301,3.6400,3.6400,3.5700,3.5900,3.6300,5653400,20334038.0000,1.026969,1,-1.101934,257.707092,1.350930,1.773355,-16.605872,0
2018-11-07,sz.300301,3.5900,3.6000,3.5800,3.5800,3.5900,8768005,31459631.9000,1.592753,1,-0.278551,256.989245,1.347167,1.768415,-16.559616,0
2018-11-08,sz.300301,3.5900,3.6200,3.5600,3.6000,3.5800,11030775,39668849.6800,2.003797,1,0.558659,258.424939,1.354693,1.778294,-16.652128,0
2018-11-09,sz.300301,3.6100,3.6200,3.6000,3.6100,3.6000,8484635,30635655.3500,1.541277,1,0.277778,259.142786,1.358457,1.783234,-16.698384,0
2018-11-12,sz.300301,3.6200,3.7300,3.6100,3.7200,3.6100,8715467,31940782.5600,1.583209,1,3.047095,267.039104,1.399850,1.837571,-17.207199,0
2018-11-13,sz.300301,3.7000,3.9000,3.6700,3.8500,3.7200,11115323,42570705.6300,2.019155,1,3.494620,276.371115,1.448769,1.901787,-17.808526,0
2018-11-14,sz.300301,3.8800,4.0500,3.8700,3.9900,3.8500,7789978,30961753.8600,1.415089,1,3.636367,286.420974,1.501452,1.970943,-18.456108,0
2018-11-15,sz.300301,3.9900,4.0400,3.9600,4.0000,3.9900,4490509,17917351.6600,0.815724,1,0.250626,287.138821,1.505215,1.975883,-18.502364,0
2018-11-16,sz.300301,4.0300,4.1400,4.0200,4.0800,4.0000,8583348,35089867.1100,1.559209,1,1.999998,292.881598,1.535319,2.015400,-18.872412,0
2018-11-19,sz.300301,4.1300,4.2400,3.9900,4.0500,4.0800,7676261,31109270.0300,1.394432,1,-0.735288,290.728056,1.524030,2.000581,-18.733644,0
2018-11-20,sz.300301,4.0200,4.0900,3.9500,3.9500,4.0500,4658984,18727942.7200,0.846328,1,-2.469139,283.549586,1.486400,1.951184,-18.271085,0
2018-11-21,sz.300301,3.9200,3.9600,3.9000,3.9100,3.9500,3738600,14651316.0000,0.679136,1,-1.012657,280.678198,1.471348,1.931425,-18.086061,0
2018-11-22,sz.300301,3.9400,4.0200,3.9300,3.9500,3.9100,3125120,12359489.2000,0.567694,1,1.023017,283.549586,1.486400,1.951184,-18.271085,0
2018-11-23,sz.300301,4.0000,4.0000,3.8400,3.8900,3.9500,4796039,18647973.0500,0.871225,1,-1.518986,279.242504,1.463822,1.921546,-17.993549,0
2018-11-26,sz.300301,3.8800,3.9300,3.8500,3.8900,3.8900,3139435,12207239.8000,0.570294,1,0.000000,279.242504,1.463822,1.921546,-17.993549,0
2018-11-27,sz.300301,3.8900,3.9300,3.8700,3.8900,3.8900,2234912,8687357.5400,0.405983,1,0.000000,279.242504,1.463822,1.921546,-17.993549,0
2018-11-28,sz.300301,3.8900,3.9200,3.8400,3.8800,3.8900,3364200,13066144.4400,0.611124,1,-0.257069,278.524657,1.460059,1.916606,-17.947293,0
2018-11-29,sz.300301,3.9000,3.9100,3.7600,3.7700,3.8800,3611000,13931594.0000,0.655957,1,-2.835055,270.628339,1.418665,1.862269,-17.438478,0
2018-11-30,sz.300301,3.7800,3.8000,3.6400,3.7200,3.7700,6784542,25192231.4000,1.232447,1,-1.326259,267.039104,1.399850,1.837571,-17.207199,0
2018-12-03,sz.300301,3.7500,3.8400,3.7500,3.7900,3.7200,4819151,18335796.8000,0.875423,1,1.881719,272.064033,1.426191,1.872149,-17.530990,0
2018-12-04,sz.300301,3.8200,3.8400,3.7900,3.8100,3.7900,3238600,12341807.0000,0.588308,1,0.527704,273.499727,1.433717,1.882028,-17.623502,0
2018-12-05,sz.300301,3.7700,3.7900,3.7200,3.7500,3.8100,2254700,8466514.0000,0.409578,1,-1.574802,269.192645,1.411139,1.852390,-17.345966,0
2018-12-06,sz.300301,3.7800,3.8100,3.6800,3.6800,3.7500,3072800,11431991.3000,0.558190,1,-1.866665,264.167715,1.384798,1.817812,-17.022175,0
2018-12-07,sz.300301,3.6800,3.7100,3.6500,3.6900,3.6800,3409808,12527216.5200,0.619409,1,0.271739,264.885563,1.388561,1.822752,-17.068431,0
2018-12-10,sz.300301,3.6700,3.6800,3.5900,3.6500,3.6900,2559191,9308204.0500,0.464890,1,-1.084010,262.014174,1.373509,1.802993,-16.883407,0
2018-12-11,sz.300301,3.7000,3.7200,3.6200,3.6700,3.6500,2168445,7912176.0300,0.393909,1,0.547945,263.449868,1.381035,1.812872,-16.975919,0
2018-12-12,sz.300301,3.6700,3.7000,3.6400,3.6800,3.6700,1457600,5353872.0000,0.264780,1,0.272479,264.167715,1.384798,1.817812,-17.022175,0
2018-12-13,sz.300301,3.6900,3.7100,3.6500,3.6800,3.6800,1712201,6316457.6500,0.311030,1,0.000000,264.167715,1.384798,1.817812,-17.022175,0
2018-12-14,sz.300301,3.6700,3.6900,3.6100,3.6500,3.6800,4882502,17811493.6400,0.886931,1,-0.815217,262.014174,1.373509,1.802993,-16.883407,0
2018-12-17,sz.300301,3.6800,3.8200,3.6800,3.7600,3.6500,5528757,20844609.0400,1.004327,1,3.013695,269.910492,1.414902,1.857330,-17.392222,0
2018-12-18,sz.300301,3.8100,3.8900,3.8000,3.8600,3.7600,10191642,39255662.3100,1.851364,1,2.659572,277.088962,1.452532,1.906727,-17.854781,0
2018-12-19,sz.300301,3.8600,3.9000,3.7900,3.7900,3.8600,7179070,27489397.0000,1.304115,1,-1.813470,272.064033,1.426191,1.872149,-17.530990,0
2018-12-20,sz.300301,3.7900,3.8400,3.7500,3.7800,3.7900,1950132,7417277.2800,0.354251,1,-0.263852,271.346186,1.422428,1.867209,-17.484734,0
2018-12-21,sz.300301,3.7800,3.8400,3.7600,3.7800,3.7800,4260190,16116646.5000,0.773885,1,0.000000,271.346186,1.422428,1.867209,-17.484734,0
2018-12-24,sz.300301,3.8200,3.8200,3.7500,3.8000,3.7800,5024421,18956998.3100,0.912712,1,0.529100,272.781880,1.429954,1.877088,-17.577246,0
2018-12-25,sz.300301,3.8000,3.8200,3.6500,3.7500,3.8000,2814970,10426640.0000,0.511354,1,-1.315788,269.192645,1.411139,1.852390,-17.345966,0
2018-12-26,sz.300301,3.7500,3.7700,3.7100,3.7600,3.7500,2222150,8304607.0000,0.403665,1,0.266666,269.910492,1.414902,1.857330,-17.392222,0
2018-12-27,sz.300301,3.7800,3.8100,3.6700,3.7000,3.7600,2162741,8039380.9800,0.392873,1,-1.595743,265.603410,1.392324,1.827691,-17.114687,0
2018-12-28,sz.300301,3.7000,3.7100,3.6400,3.6400,3.7000,1795091,6593708.2400,0.326087,1,-1.621620,261.296327,1.369746,1.798053,-16.837151,0
2019-01-02,sz.300301,3.6500,3.6700,3.6400,3.6400,3.6400,1009252,3681982.3200,0.183336,1,0.000000,261.296327,1.369746,1.798053,-16.837151,0
2019-01-03,sz.300301,3.6400,3.6700,3.6100,3.6100,3.6400,1947100,7098964.0000,0.353701,1,-0.824182,259.142786,1.358457,1.783234,-16.698384,0
2019-01-04,sz.300301,3.6100,3.7000,3.6100,3.6800,3.6100,2291191,8364634.5100,0.416207,1,1.939063,264.167715,1.384798,1.817812,-17.022175,0
2019-01-07,sz.300301,3.6900,3.7400,3.6700,3.7300,3.6800,2349060,8693257.0000,0.426719,1,1.358694,267.756951,1.403613,1.842510,-17.253455,0
2019-01-08,sz.300301,3.7400,3.7400,3.7000,3.7100,3.7300,1007100,3742588.0000,0.182945,1,-0.536192,266.321257,1.396087,1.832631,-17.160943,0
2019-01-09,sz.300301,3.7200,3.7300,3.7000,3.7100,3.7100,2417500,8982726.0000,0.439151,1,0.000000,266.321257,1.396087,1.832631,-17.160943,0
2019-01-10,sz.300301,3.7300,3.7600,3.6700,3.6900,3.7100,3010500,11198560.0000,0.546873,1,-0.539083,264.885563,1.388561,1.822752,-17.068431,0
2019-01-11,sz.300301,3.6600,3.7300,3.6600,3.7300,3.6900,2848900,10505696.0000,0.517517,1,1.084010,267.756951,1.403613,1.842510,-17.253455,0
2019-01-14,sz.300301,3.7400,3.7400,3.6800,3.7200,3.7300,2997865,11122723.7000,0.544577,1,-0.268096,267.039104,1.399850,1.837571,-17.207199,0
2019-01-15,sz.300301,3.7200,3.7300,3.6800,3.7200,3.7200,1698800,6288922.0000,0.308596,1,0.000000,267.039104,1.399850,1.837571,-17.207199,0
2019-01-16,sz.300301,3.7100,3.7400,3.7100,3.7300,3.7200,2610769,9731223.9900,0.474260,1,0.268817,267.756951,1.403613,1.842510,-17.253455,0
2019-01-17,sz.300301,3.7300,3.7300,3.6900,3.6900,3.7300,2219400,8220827.0000,0.403165,1,-1.072385,264.885563,1.388561,1.822752,-17.068431,0
2019-01-18,sz.300301,3.7000,3.7200,3.6500,3.6800,3.6900,2376220,8732001.4000,0.431653,1,-0.271002,264.167715,1.384798,1.817812,-17.022175,0
2019-01-21,sz.300301,3.6800,3.7100,3.6600,3.7000,3.6800,1979567,7292890.5600,0.359598,1,0.543478,265.603410,1.392324,1.827691,-17.114687,0
2019-01-22,sz.300301,3.6800,3.7000,3.6600,3.6800,3.7000,1650291,6058237.9700,0.299784,1,-0.540540,264.167715,1.384798,1.817812,-17.022175,0
2019-01-23,sz.300301,3.6800,3.6900,3.6400,3.6700,3.6800,1877767,6901869.2200,0.341106,1,-0.271739,263.449868,1.381035,1.812872,-16.975919,0
2019-01-24,sz.300301,3.6800,3.6800,3.6400,3.6700,3.6700,1785670,6548912.4900,0.324376,1,0.000000,263.449868,1.381035,1.812872,-16.975919,0
2019-01-25,sz.300301,3.6700,3.6800,3.6300,3.6300,3.6700,1060370,3874599.1000,0.192622,1,-1.089917,260.578480,1.365983,1.793113,-16.790896,0
2019-01-28,sz.300301,3.6500,3.6600,3.5600,3.5900,3.6300,1719900,6213681.0000,0.312429,1,-1.101934,257.707092,1.350930,1.773355,-16.605872,0
2019-01-29,sz.300301,3.5800,3.5800,3.4800,3.5400,3.5900,2407391,8447712.8600,0.437315,1,-1.392756,254.117857,1.332115,1.748656,-16.374592,0
2019-01-30,sz.300301,3.5400,3.5600,3.5000,3.5400,3.5400,1896900,6700047.0000,0.344582,1,0.000000,254.117857,1.332115,1.748656,-16.374592,0
2019-01-31,sz.300301,3.5200,3.5900,3.4800,3.5100,3.5400,1272000,4468360.0000,0.231065,1,-0.847457,251.964316,1.320826,1.733837,-16.235825,0
2019-02-01,sz.300301,3.5100,3.5600,3.4900,3.5500,3.5100,1627205,5734170.4000,0.295590,1,1.139600,254.835704,1.335878,1.753596,-16.420848,0
2019-02-11,sz.300301,3.5700,3.6100,3.5400,3.6100,3.5500,2012481,7187541.9800,0.365577,1,1.690139,259.142786,1.358457,1.783234,-16.698384,0
2019-02-12,sz.300301,3.6000,3.6300,3.5800,3.6200,3.6100,1447981,5229794.6000,0.263033,1,0.277008,259.860633,1.362220,1.788174,-16.744640,0
2019-02-13,sz.300301,3.6200,3.7100,3.6100,3.6900,3.6200,3875955,14228001.3500,0.704087,1,1.933707,264.885563,1.388561,1.822752,-17.068431,0
2019-02-14,sz.300301,3.6800,3.6800,3.6400,3.6600,3.6900,2282900,8351792.0000,0.414700,1,-0.813007,262.732021,1.377272,1.807933,-16.929663,0
2019-02-15,sz.300301,3.6600,3.7000,3.6400,3.6700,3.6600,2883500,10596224.0000,0.523803,1,0.273224,263.449868,1.381035,1.812872,-16.975919,0
2019-02-18,sz.300301,3.6800,3.8000,3.6500,3.7600,3.6700,6675002,24990082.2100,1.212548,1,2.452314,269.910492,1.414902,1.857330,-17.392222,0
2019-02-19,sz.300301,3.7800,3.8500,3.7200,3.7600,3.7600,5408865,20490877.3000,0.982548,1,0.000000,269.910492,1.414902,1.857330,-17.392222,0
2019-02-20,sz.300301,3.7600,3.7900,3.7200,3.7600,3.7600,3012971,11307376.1000,0.547322,1,0.000000,269.910492,1.414902,1.857330,-17.392222,0
2019-02-21,sz.300301,3.7500,3.8000,3.7200,3.7600,3.7600,4132326,15536080.4400,0.750658,1,0.000000,-18.649070,1.414902,1.877280,-17.392222,0
2019-02-22,sz.300301,3.7500,3.8500,3.7400,3.8200,3.7600,6503824,24800765.1800,1.181453,1,1.595743,-18.946661,1.437480,1.907236,-17.669758,0
2019-02-25,sz.300301,3.8700,4.1500,3.8600,4.0700,3.8200,14310985,57514376.0300,2.599664,1,6.544509,-20.186626,1.531556,2.032055,-18.826156,0
2019-02-26,sz.300301,4.1300,4.1800,3.9400,4.0400,4.0700,10808485,43686932.1000,1.963417,1,-0.737106,-20.037830,1.520267,2.017077,-18.687388,0
2019-02-27,sz.300301,4.0200,4.0200,3.9300,3.9700,4.0400,9202407,36700715.7200,1.671664,1,-1.732672,-19.690640,1.493926,1.982128,-18.363597,0
2019-02-28,sz.300301,3.9700,4.0400,3.9400,3.9800,3.9700,5319520,21183096.8000,0.966318,1,0.251889,-19.740239,1.497689,1.987121,-18.409852,0
2019-03-01,sz.300301,4.0000,4.0100,3.9000,3.9600,3.9800,5014399,19789563.0700,0.910891,1,-0.502512,-19.641041,1.490163,1.977135,-18.317341,0
2019-03-04,sz.300301,3.9700,4.0400,3.9500,3.9900,3.9600,11451802,45755382.9800,2.080278,1,0.757575,-19.789837,1.501452,1.992113,-18.456108,0
2019-03-05,sz.300301,3.9900,4.0700,3.9400,4.0700,3.9900,12362104,49608595.5800,2.245639,1,2.005017,-20.186626,1.531556,2.032055,-18.826156,0
2019-03-06,sz.300301,4.0900,4.2600,4.0500,4.2200,4.0700,20793293,86356485.2700,3.777208,1,3.685494,-20.930605,1.588002,2.106947,-19.519994,0
2019-03-07,sz.300301,4.2800,4.3300,4.1600,4.2500,4.2200,19027385,80591181.5400,3.456422,1,0.710905,-21.079401,1.599291,2.121925,-19.658762,0
2019-03-08,sz.300301,4.2000,4.3300,4.0500,4.0800,4.2500,13056800,54565953.0700,2.371834,1,-4.000002,-20.236225,1.535319,2.037048,-18.872412,0
2019-03-11,sz.300301,4.1300,4.2600,4.0900,4.2600,4.0800,9227222,38460416.1100,1.676172,1,4.411772,-21.128999,1.603054,2.126918,-19.705018,0
2019-03-12,sz.300301,4.3200,4.4200,4.2400,4.3000,4.2600,13936006,60168474.0200,2.531547,1,0.938966,-21.327393,1.618106,2.146889,-19.890042,0
2019-03-13,sz.300301,4.3200,4.3700,4.2100,4.2600,4.3000,14531961,62352568.6700,2.639805,1,-0.930232,-21.128999,1.603054,2.126918,-19.705018,0
2019-03-14,sz.300301,4.2800,4.2800,3.9900,4.0800,4.2600,9456925,38716891.1700,1.717899,1,-4.225359,-20.236225,1.535319,2.037048,-18.872412,0
2019-03-15,sz.300301,4.0900,4.1900,4.0600,4.1200,4.0800,6264436,25888999.6800,1.137967,1,0.980391,-20.434619,1.550371,2.057019,-19.057435,0
2019-03-18,sz.300301,4.1400,4.2600,4.1000,4.2400,4.1200,5903481,24682719.9100,1.072397,1,2.912619,-21.029802,1.595528,2.116932,-19.612506,0
2019-03-19,sz.300301,4.2700,4.3000,4.2200,4.2500,4.2400,5918152,25234879.8300,1.075063,1,0.235854,-21.079401,1.599291,2.121925,-19.658762,0
2019-03-20,sz.300301,4.2200,4.3200,4.1800,4.2700,4.2500,7267572,30924686.9600,1.320192,1,0.470588,-21.178598,1.606817,2.131911,-19.751274,0
2019-03-21,sz.300301,4.2500,4.3500,4.2300,4.3000,4.2700,8799733,37884173.2400,1.598516,1,0.702581,-21.327393,1.618106,2.146889,-19.890042,0
2019-03-22,sz.300301,4.3300,4.4900,4.2800,4.4300,4.3000,12585844,55088968.6200,2.286283,1,3.023247,-21.972175,1.667026,2.211795,-20.491368,0
2019-03-25,sz.300301,4.3500,4.4700,4.3300,4.4100,4.4300,10060645,44141554.6000,1.827568,1,-0.451467,-21.872978,1.659500,2.201809,-20.398857,0
2019-03-26,sz.300301,4.3700,4.5000,4.2600,4.2700,4.4100,10627715,46582635.6500,1.930579,1,-3.174600,-21.178598,1.606817,2.131911,-19.751274,0
2019-03-27,sz.300301,4.3000,4.3300,4.2000,4.2700,4.2700,6565309,27953973.3800,1.192622,1,0.000000,-21.178598,1.606817,2.131911,-19.751274,0
2019-03-28,sz.300301,4.3000,4.3000,4.1200,4.1500,4.2700,7896962,33327835.2400,1.434523,1,-2.810302,-20.583415,1.561661,2.071998,-19.196203,0
2019-03-29,sz.300301,4.1800,4.2700,4.0500,4.2300,4.1500,7909145,32945344.9600,1.436737,1,1.927709,-20.980203,1.591765,2.111940,-19.566250,0
2019-04-01,sz.300301,4.2600,4.4300,4.2400,4.3800,4.2300,7448214,32439677.9000,1.353006,1,3.546102,-21.724182,1.648210,2.186831,-20.260089,0
2019-04-02,sz.300301,4.4100,4.4200,4.3300,4.3400,4.3800,6212074,27176348.4400,1.128455,1,-0.913241,-21.525788,1.633158,2.166860,-20.075065,0
2019-04-03,sz.300301,4.3400,4.5200,4.3200,4.4900,4.3400,11035871,48830789.9500,2.004722,1,3.456212,-22.269767,1.689604,2.241752,-20.768904,0
2019-04-04,sz.300301,4.4900,4.5900,4.4500,4.5700,4.4900,7733890,34918492.1100,1.404901,1,1.781746,-22.666555,1.719708,2.281694,-21.138951,0
2019-04-08,sz.300301,4.5600,4.7700,4.4700,4.6300,4.5700,13188099,60938792.2700,2.395686,1,1.312909,-22.964147,1.755614,2.311650,-21.416487,0
2019-04-09,sz.300301,4.6400,4.7600,4.5100,4.7500,4.6300,12694805,59449777.5900,2.306076,1,2.591790,-23.559330,1.801116,2.371563,-21.971558,0
2019-04-10,sz.300301,4.6900,4.9500,4.6500,4.7000,4.7500,17280362,82879912.8300,3.139066,1,-1.052636,-23.311337,1.782157,2.346600,-21.740278,0
2019-04-11,sz.300301,4.6800,4.8500,4.6500,4.8200,4.7000,12887464,61284968.0000,2.341074,1,2.553199,-23.906520,1.827659,2.406513,-22.295349,0
2019-04-12,sz.300301,4.8400,4.8500,4.6300,4.7300,4.8200,8272803,39496104.9200,1.502797,1,-1.867223,-23.460133,1.793532,2.361578,-21.879046,0
2019-04-15,sz.300301,4.7500,4.8600,4.7300,4.7900,4.7300,8464060,40741660.1300,1.537540,1,1.268498,-23.757724,1.816283,2.391535,-22.156581,0
2019-04-16,sz.300301,4.8000,5.0400,4.7500,5.0000,4.7900,11574914,56351733.1200,1.922042,1,4.384134,-29.019028,2.415189,2.481809,-16.718457,0
2019-04-17,sz.300301,5.0500,5.3100,4.9600,5.1800,5.0000,15972623,82037621.3500,2.652292,1,3.599997,-30.063713,2.502135,2.571155,-17.320322,0
2019-04-18,sz.300301,5.2000,5.3000,5.1100,5.1800,5.1800,10408944,53958939.0400,1.728430,1,0.000000,-30.063713,2.502135,2.571155,-17.320322,0
2019-04-19,sz.300301,5.1800,5.2100,5.0500,5.0900,5.1800,11864790,60563036.6000,1.970177,1,-1.737446,-29.541370,2.458662,2.526482,-17.019389,0
2019-04-22,sz.300301,5.1000,5.1300,4.9300,5.0600,5.0900,9329861,47080543.2200,1.549246,1,-0.589395,-29.367256,2.444171,2.511591,-16.919079,0
2019-04-23,sz.300301,5.0800,5.0800,4.8000,4.8300,5.0600,8377059,41013827.0300,1.391031,1,-4.545455,-28.032381,2.333072,2.397428,-16.150030,0
2019-04-24,sz.300301,4.7800,4.9200,4.7600,4.8200,4.8300,8088999,38961672.3000,1.343198,1,-0.207034,-27.974343,2.328242,2.392464,-16.116593,0
2019-04-25,sz.300301,4.8600,4.9300,4.5600,4.5800,4.8200,7212200,34034776.0000,1.197603,1,-4.979258,-26.581429,2.212313,2.273337,-15.314107,0
2019-04-26,sz.300301,4.6200,4.6200,4.4400,4.5600,4.5800,9237961,42002261.9400,1.533985,1,-0.436681,-26.465353,2.202652,2.263410,-15.247233,0
2019-04-29,sz.300301,4.5800,4.5900,4.2400,4.2700,4.5600,12956743,56279013.2300,2.151498,1,-6.359649,-24.782250,2.062571,2.119465,-14.277562,0
2019-04-30,sz.300301,4.3000,4.4200,4.2800,4.4000,4.2700,4503500,19650932.0000,0.747817,1,3.044499,-25.536744,2.125366,2.183992,-14.712242,0
2019-05-06,sz.300301,4.3900,4.3900,4.0900,4.2000,4.4000,18036424,75518862.5800,2.994991,1,-4.545461,-24.375983,2.028758,2.084720,-14.043504,0
2019-05-07,sz.300301,4.2600,4.4000,4.1200,4.3200,4.2000,9710000,41251793.3400,1.612369,1,2.857152,-25.072440,2.086723,2.144283,-14.444747,0
2019-05-08,sz.300301,4.2300,4.4200,4.2000,4.3000,4.3200,7585040,32617417.4000,1.259514,1,-0.462962,-24.956364,2.077062,2.134356,-14.377873,0
2019-05-09,sz.300301,4.3500,4.3500,4.2300,4.3100,4.3000,4017962,17129223.4900,0.667192,1,0.232552,-25.014402,2.081893,2.139320,-14.411310,0
2019-05-10,sz.300301,4.3500,4.4400,4.2500,4.4400,4.3100,7459400,32669096.0000,1.238651,1,3.016244,-25.768896,2.144687,2.203847,-14.845990,0
2019-05-13,sz.300301,4.4100,4.4300,4.2900,4.3400,4.4400,4333642,18862153.6000,0.719612,1,-2.252250,-25.188516,2.096384,2.154211,-14.511621,0
2019-05-14,sz.300301,4.2900,4.3500,4.2600,4.3200,4.3400,2945070,12668047.5700,0.489036,1,-0.460829,-25.072440,2.086723,2.144283,-14.444747,0
2019-05-15,sz.300301,4.3700,4.3900,4.2600,4.3700,4.3200,4577379,19850442.8700,0.760085,1,1.157401,-25.362630,2.110875,2.169101,-14.611932,0
2019-05-16,sz.300301,4.3400,4.3600,4.2900,4.3200,4.3700,4391500,19004045.0000,0.729219,1,-1.144158,-25.072440,2.086723,2.144283,-14.444747,0
2019-05-17,sz.300301,4.3200,4.3500,4.1800,4.2300,4.3200,3480100,14832320.0000,0.577879,1,-2.083337,-24.550097,2.043250,2.099611,-14.143815,0
2019-05-20,sz.300301,4.2700,4.3000,4.2000,4.2900,4.2300,4227000,17999945.0000,0.701903,1,1.418438,-24.898326,2.072232,2.129393,-14.344436,0
2019-05-21,sz.300301,4.3400,4.4000,4.2600,4.3400,4.2900,3290860,14226016.2000,0.546455,1,1.165506,-25.188516,2.096384,2.154211,-14.511621,0
2019-05-22,sz.300301,4.3500,4.4300,4.3200,4.3800,4.3400,4246400,18523962.0000,0.705125,1,0.921658,-25.420668,2.115705,2.174065,-14.645368,0
2019-05-23,sz.300301,4.4000,4.8100,4.3700,4.5800,4.3800,18104353,82630985.3800,3.006271,1,4.566206,-26.581429,2.212313,2.273337,-15.314107,0
2019-05-24,sz.300301,4.6100,4.7900,4.5000,4.7000,4.5800,10506526,48591561.0500,1.744634,1,2.620085,-27.277886,2.270277,2.332901,-15.715350,0
2019-05-27,sz.300301,4.7400,4.8600,4.6000,4.7500,4.7000,14862500,70255393.0000,2.467954,1,1.063834,-27.568076,2.294429,2.357719,-15.882534,0
2019-05-28,sz.300301,4.7600,4.8100,4.6900,4.7300,4.7500,7474466,35486011.2000,1.241153,1,-0.421052,-27.452000,2.284768,2.347792,-15.815660,0
2019-05-29,sz.300301,4.7400,4.7400,4.6400,4.6800,4.7300,6738800,31526247.6600,1.118994,1,-1.057086,-27.161810,2.260617,2.322974,-15.648476,0
2019-05-30,sz.300301,4.7200,4.7500,4.6100,4.6900,4.6800,10701000,50239453.0000,1.776927,1,0.213680,-27.219848,2.265447,2.327937,-15.681913,0
2019-05-31,sz.300301,4.7100,4.7400,4.6400,4.6600,4.6900,5327800,24975087.0000,0.884694,1,-0.639663,-27.045734,2.250956,2.313046,-15.581602,0
2019-06-03,sz.300301,4.6500,4.7200,4.5800,4.6300,4.6600,5297220,24499145.4000,0.879616,1,-0.643771,-26.871619,2.236465,2.298156,-15.481291,0
2019-06-04,sz.300301,4.7000,4.7000,4.4900,4.5800,4.6300,6816399,31147596.4900,1.131879,1,-1.079918,-26.581429,2.212313,2.273337,-15.314107,0
2019-06-05,sz.300301,4.6100,4.6500,4.5400,4.6100,4.5800,4701500,21603233.0000,0.780695,1,0.655026,-26.755543,2.226804,2.288228,-15.414417,0
2019-06-06,sz.300301,4.6300,4.7000,4.5600,4.5600,4.6100,7486900,34778480.9100,1.243218,1,-1.084603,-26.465353,2.202652,2.263410,-15.247233,0
2019-06-10,sz.300301,4.5800,4.6200,4.5200,4.5600,4.5600,4126400,18854575.0000,0.685199,1,0.000000,-26.465353,2.202652,2.263410,-15.247233,0
2019-06-11,sz.300301,4.6000,4.6800,4.4900,4.6500,4.5600,10593681,48278148.3500,1.759106,1,1.973688,-26.987696,2.246125,2.308083,-15.548165,0
2019-06-12,sz.300301,4.6300,4.6600,4.5500,4.6000,4.6500,6228368,28600259.3900,1.034235,1,-1.075273,-26.697505,2.221974,2.283265,-15.380981,0
2019-06-13,sz.300301,4.6000,5.0600,4.5900,4.8800,4.6000,41633179,206174101.4700,6.913289,1,6.086961,-28.322571,2.357224,2.422246,-16.317214,0
2019-06-14,sz.300301,4.7700,4.8800,4.7200,4.8700,4.8800,12276359,58848737.8600,2.038519,1,-0.204923,-28.264533,2.352394,2.417282,-16.283777,0
2019-06-17,sz.300301,4.8500,5.2600,4.8100,5.2100,4.8700,21907614,112029609.4700,3.637812,1,6.981523,-30.237827,2.516627,2.586045,-17.420632,0
2019-06-18,sz.300301,5.2300,5.3700,5.1000,5.2500,5.2100,21620421,113180079.4500,3.590123,1,0.767754,-30.469979,2.535948,2.605900,-17.554380,0
2019-06-19,sz.300301,5.3600,5.7800,5.3400,5.7800,5.2500,35293595,199483813.5300,5.860586,1,10.095240,-33.545996,2.791958,2.868972,-19.326536,0
2019-06-20,sz.300301,6.2600,6.3600,6.2200,6.3600,5.7800,36076936,228245888.1600,5.990661,1,10.034600,-36.912203,3.072120,3.156862,-21.265877,0
2019-06-21,sz.300301,7.0000,7.0000,7.0000,7.0000,6.3600,10547704,73833928.0000,1.751471,1,10.062890,-40.626639,3.381264,3.474533,-23.405840,0
2019-06-24,sz.300301,7.5000,7.5000,6.3000,6.3000,7.0000,103943502,682155630.3500,17.260067,1,-9.999997,-36.563975,3.043138,3.127080,-21.065256,0
2019-06-25,sz.300301,5.6700,5.7900,5.6700,5.6700,6.3000,18219100,103334038.0000,3.025325,1,-10.000000,-32.907577,2.738824,2.814372,-18.958730,0
2019-06-26,sz.300301,5.1000,5.2900,5.1000,5.1900,5.6700,142104724,728156482.0600,23.596829,1,-8.465609,-30.121751,2.506966,2.576118,-17.353759,0
2019-06-27,sz.300301,4.9800,5.1100,4.9400,5.0000,5.1900,74834249,375443962.4000,12.426406,1,-3.660887,-29.019028,2.415189,2.481809,-16.718457,0
2019-06-28,sz.300301,4.9900,5.0300,4.7700,4.8200,5.0000,57412986,279407060.9700,9.533563,1,-3.599997,-27.974343,2.328242,2.392464,-16.116593,0
2019-07-01,sz.300301,4.8900,4.9300,4.8300,4.9000,4.8200,50494271,246809195.4700,8.384694,1,1.659750,-28.438647,2.366885,2.432173,-16.384088,0
2019-07-02,sz.300301,4.8400,4.8800,4.7900,4.7900,4.9000,33979800,163779610.0000,5.642427,1,-2.244901,-27.800228,2.313751,2.377573,-16.016282,0
2019-07-03,sz.300301,4.7600,4.7600,4.5400,4.6200,4.7900,37566995,173629377.9200,6.238089,1,-3.549062,-26.813581,2.231634,2.293192,-15.447854,0
2019-07-04,sz.300301,4.6200,4.6700,4.5800,4.6300,4.6200,22059817,101965302.3100,3.663085,1,0.216455,-26.871619,2.236465,2.298156,-15.481291,0
2019-07-05,sz.300301,4.6200,4.6700,4.5700,4.5700,4.6300,20114177,92773338.5100,3.340007,1,-1.295895,-26.523391,2.207482,2.268374,-15.280670,0
2019-07-08,sz.300301,4.5600,4.5700,4.2500,4.2600,4.5700,36368917,158050296.8700,6.039145,1,-6.783369,-24.724211,2.057741,2.114502,-14.244125,0
2019-07-09,sz.300301,4.3000,4.3000,4.2300,4.2700,4.2600,18904037,80583237.6800,3.139060,1,0.234736,-24.782250,2.062571,2.119465,-14.277562,0
2019-07-10,sz.300301,4.2900,4.4200,4.2700,4.3300,4.2700,27865000,121210102.0000,4.627050,1,1.405151,-25.130478,2.091553,2.149247,-14.478184,0
2019-07-11,sz.300301,4.3700,4.3900,4.2800,4.3000,4.3300,16713300,72547261.0000,2.775283,1,-0.692835,-24.956364,2.077062,2.134356,-14.377873,0
2019-07-12,sz.300301,4.3200,4.4800,4.3000,4.3600,4.3000,19810462,86896417.6000,3.289574,1,1.395347,-25.304592,2.106044,2.164138,-14.578495,0
2019-07-15,sz.300301,4.4100,4.5400,4.3800,4.4900,4.3600,26686563,119465856.4700,4.431367,1,2.981643,-26.059087,2.168839,2.228665,-15.013175,0
2019-07-16,sz.300301,4.4800,4.5300,4.4300,4.4700,4.4900,18309323,81752381.5800,3.040307,1,-0.445434,-25.943011,2.159179,2.218738,-14.946301,0
2019-07-17,sz.300301,4.4700,4.5000,4.4100,4.4300,4.4700,15533940,69156774.4000,2.579448,1,-0.894854,-25.710858,2.139857,2.198883,-14.812553,0
2019-07-18,sz.300301,4.3900,4.4000,4.2600,4.2700,4.4300,19186600,82567954.0000,3.185981,1,-3.611735,-24.782250,2.062571,2.119465,-14.277562,0
2019-07-19,sz.300301,4.3500,4.3900,4.2900,4.3200,4.2700,16797566,72957957.6400,2.789276,1,1.170965,-25.072440,2.086723,2.144283,-14.444747,0
2019-07-22,sz.300301,4.3300,4.3700,4.1100,4.1200,4.3200,19503769,81724299.2100,3.238647,1,-4.629636,-23.911679,1.990115,2.045011,-13.776009,0
2019-07-23,sz.300301,4.1800,4.2800,4.1500,4.2600,4.1200,17803976,75363097.0300,2.956393,1,3.398067,-24.724211,2.057741,2.114502,-14.244125,0
2019-07-24,sz.300301,4.3100,4.3700,4.2700,4.2900,4.2600,17723500,76591573.7200,2.943029,1,0.704219,-24.898326,2.072232,2.129393,-14.344436,0
2019-07-25,sz.300301,4.3100,4.3900,4.2800,4.3000,4.2900,16092600,69690582.0000,2.672215,1,0.233106,-24.956364,2.077062,2.134356,-14.377873,0
2019-07-26,sz.300301,4.3100,4.3700,4.2400,4.2700,4.3000,12439800,53282030.0000,2.065700,1,-0.697700,-24.782250,2.062571,2.119465,-14.277562,0
2019-07-29,sz.300301,4.2500,4.3000,4.2100,4.2300,4.2700,9567000,40589324.0000,1.588623,1,-0.936767,-24.550097,2.043250,2.099611,-14.143815,0
2019-07-30,sz.300301,4.2500,4.3100,4.2200,4.2400,4.2300,12301069,52408921.0500,2.042600,1,0.236400,-24.608135,2.048080,2.104574,-14.177252,0
2019-07-31,sz.300301,4.2500,4.2500,4.1700,4.1900,4.2400,9643803,40424613.5100,1.601400,1,-1.179200,-24.317945,2.023928,2.079756,-14.010067,0
2019-08-01,sz.300301,4.1700,4.2200,4.1300,4.1800,4.1900,9725458,40508254.8400,1.614900,1,-0.238700,-24.259907,2.019098,2.074793,-13.976630,0
2019-08-02,sz.300301,4.0400,4.1200,4.0100,4.0400,4.1800,15852809,64214240.9500,2.632400,1,-3.349300,-23.447374,1.951472,2.005302,-13.508513,0
2019-08-05,sz.300301,4.0300,4.1000,4.0100,4.0200,4.0400,11884102,48212105.1200,1.973400,1,-0.495000,-23.331298,1.941812,1.995375,-13.441640,0
2019-08-06,sz.300301,3.9100,3.9300,3.6600,3.8000,4.0200,22504518,85201428.3000,3.736900,1,-5.472600,-22.054461,1.835543,1.886175,-12.706027,0
2019-08-07,sz.300301,3.8200,3.8800,3.8100,3.8300,3.8000,15339323,58978213.3200,2.547100,1,0.789500,-22.228575,1.850034,1.901066,-12.806338,0
2019-08-08,sz.300301,3.8500,3.8800,3.8100,3.8300,3.8300,9723800,37315444.0000,1.614700,1,0.000000,-22.228575,1.850034,1.901066,-12.806338,0
2019-08-09,sz.300301,3.8800,3.9200,3.7700,3.8000,3.8300,13391300,51591552.7300,2.223700,1,-0.783300,-22.054461,1.835543,1.886175,-12.706027,0
2019-08-12,sz.300301,3.7800,3.8800,3.7800,3.8800,3.8000,9611100,36873667.0000,1.595900,1,2.105300,-22.518765,1.874186,1.925884,-12.973523,0
2019-08-13,sz.300301,3.8400,3.8800,3.8100,3.8300,3.8800,8782000,33759177.6500,1.458300,1,-1.288700,-22.228575,1.850034,1.901066,-12.806338,0
2019-08-14,sz.300301,3.8900,3.9400,3.8600,3.8700,3.8300,11342000,44215663.0000,1.883400,1,1.044400,-22.460727,1.869356,1.920921,-12.940086,0
2019-08-15,sz.300301,3.7900,3.9100,3.7500,3.9100,3.8700,12870866,49241387.2000,2.137200,1,1.033600,-22.692880,1.888677,1.940775,-13.073833,0
2019-08-16,sz.300301,3.9300,4.0500,3.9000,4.0400,3.9100,15280047,61022828.3100,2.537300,1,3.324800,-23.447374,1.951472,2.005302,-13.508513,0
2019-08-19,sz.300301,4.1500,4.2200,4.0900,4.2000,4.0400,26768495,111353725.4100,4.445000,1,3.960400,-24.375983,2.028758,2.084720,-14.043504,0
2019-08-20,sz.300301,4.2100,4.3000,4.1700,4.1800,4.2000,28736019,121683470.8300,4.778500,1,-0.476200,-28.769200,1.988448,2.055975,-29.475249,0
2019-08-21,sz.300301,4.2200,4.3500,4.1800,4.2400,4.1800,26970613,114629454.7700,4.484900,1,1.435400,-29.182155,2.016990,2.085486,-29.898338,0
2019-08-22,sz.300301,4.2200,4.4400,4.2200,4.4000,4.2400,38287840,166788083.4000,6.366800,1,3.773600,-30.283368,2.093103,2.164184,-31.026578,0
2019-08-23,sz.300301,4.3600,4.3900,4.2200,4.2600,4.4000,27545504,117880046.0000,4.580500,1,-3.181800,-29.319806,2.026504,2.095324,-30.039368,0
2019-08-26,sz.300301,4.1100,4.2600,4.0700,4.2400,4.2600,23147185,96130598.3500,3.849100,1,-0.469500,-29.182155,2.016990,2.085486,-29.898338,0
2019-08-27,sz.300301,4.2100,4.3200,4.2100,4.2600,4.2400,20295390,86784701.6800,3.374900,1,0.471700,-29.319806,2.026504,2.095324,-30.039368,0
2019-08-28,sz.300301,4.2900,4.2900,4.2100,4.2100,4.2600,14337490,60688840.7000,2.384200,1,-1.173700,-28.975677,2.002719,2.070731,-29.686794,0
2019-08-29,sz.300301,4.2300,4.3500,4.2100,4.2600,4.2100,20840458,89068444.3500,3.465500,1,1.187700,-29.319806,2.026504,2.095324,-30.039368,0
2019-08-30,sz.300301,4.2900,4.3000,4.0900,4.1100,4.2600,18675033,78093532.8400,3.105400,1,-3.521100,-28.287419,1.955148,2.021545,-28.981644,0
2019-09-02,sz.300301,4.1400,4.2800,4.1200,4.2400,4.1100,16760896,70749014.0500,2.787100,1,3.163000,-29.182155,2.016990,2.085486,-29.898338,0
2019-09-03,sz.300301,4.3000,4.3600,4.2100,4.2800,4.2400,16318462,69808643.9600,2.713600,1,0.943400,-29.457458,2.036018,2.105161,-30.180398,0
2019-09-04,sz.300301,4.2700,4.3000,4.2000,4.2500,4.2800,16120449,68357737.7600,2.680600,1,-0.700900,-29.250980,2.021747,2.090405,-29.968853,0
2019-09-05,sz.300301,4.2700,4.3500,4.2500,4.2900,4.2500,24464179,105115213.9400,4.068100,1,0.941200,-29.526284,2.040775,2.110079,-30.250913,0
2019-09-06,sz.300301,4.3000,4.4400,4.2600,4.3400,4.2900,34421298,149497562.0900,5.723900,1,1.165500,-29.870413,2.064561,2.134672,-30.603488,0
2019-09-09,sz.300301,4.3700,4.5600,4.3400,4.4900,4.3400,42356422,187327966.2100,7.043400,1,3.456200,-30.902801,2.135916,2.208451,-31.661212,0
2019-09-10,sz.300301,4.4500,4.4800,4.3700,4.4300,4.4900,26851645,118727570.7000,4.465100,1,-1.336300,-30.489846,2.107374,2.178940,-31.238122,0
2019-09-11,sz.300301,4.4400,4.5000,4.3800,4.3900,4.4300,24304947,107967483.8000,4.041600,1,-0.902900,-30.214542,2.088346,2.159265,-30.956063,0
2019-09-12,sz.300301,4.4100,4.4500,4.3900,4.4300,4.3900,16746255,74021763.3600,2.784700,1,0.911200,-30.489846,2.107374,2.178940,-31.238122,0
2019-09-16,sz.300301,4.4400,4.4700,4.4000,4.4400,4.4300,18072600,80271167.8800,3.005300,1,0.225700,-30.558671,2.112131,2.183858,-31.308637,0
2019-09-17,sz.300301,4.4400,4.4400,4.2000,4.2400,4.4400,20305102,87402230.4600,3.376500,1,-4.504500,-29.182155,2.016990,2.085486,-29.898338,0
2019-09-18,sz.300301,4.2900,4.2900,4.1800,4.1900,4.2400,13467842,57021000.5400,2.239500,1,-1.179200,-28.838025,1.993205,2.060893,-29.545764,0
2019-09-19,sz.300301,4.2200,4.2400,4.1300,4.2400,4.1900,11786402,49479666.4600,1.959900,1,1.193300,-29.182155,2.016990,2.085486,-29.898338,0
2019-09-20,sz.300301,4.2400,4.2700,4.2000,4.2100,4.2400,11091900,46973637.0000,1.844500,1,-0.707500,-28.975677,2.002719,2.070731,-29.686794,0
2019-09-23,sz.300301,4.2200,4.2200,4.1200,4.1600,4.2100,10979800,45589037.0000,1.825800,1,-1.187700,-28.631548,1.978934,2.046138,-29.334219,0
2019-09-24,sz.300301,4.1900,4.2200,4.1400,4.1500,4.1600,10345302,43316187.4000,1.720300,1,-0.240400,-28.562722,1.974177,2.041219,-29.263704,0
2019-09-25,sz.300301,4.1500,4.1500,4.0100,4.0400,4.1500,11339060,46097022.6000,1.885600,1,-2.650600,-27.805638,1.921849,1.987114,-28.488039,0
2019-09-26,sz.300301,4.0600,4.0700,3.8500,3.8600,4.0400,14423002,56552908.8000,2.398400,1,-4.455400,-26.566773,1.836222,1.898580,-27.218770,0
2019-09-27,sz.300301,3.8700,3.9200,3.8400,3.8900,3.8600,7223900,28130738.0000,1.201200,1,0.777200,-26.773250,1.850493,1.913335,-27.430315,0
2019-09-30,sz.300301,3.8900,3.9100,3.8000,3.8200,3.8900,6741306,25933014.8600,1.121000,1,-1.799500,-26.291470,1.817194,1.878905,-26.936711,0
2019-10-08,sz.300301,3.8200,3.8500,3.7800,3.8100,3.8200,6082222,23253090.8200,1.011400,1,-0.261800,-26.222644,1.812437,1.873987,-26.866196,0
2019-10-09,sz.300301,3.7900,3.8600,3.7300,3.8500,3.8100,6596402,25093853.5600,1.096900,1,1.049900,-26.497947,1.831465,1.893661,-27.148255,0
2019-10-10,sz.300301,3.8600,3.9400,3.8400,3.9200,3.8500,8392570,32728312.1000,1.395600,1,1.818200,-26.979728,1.864764,1.928091,-27.641860,0
2019-10-11,sz.300301,3.9200,3.9600,3.9000,3.9600,3.9200,8654760,34040705.6000,1.439200,1,1.020400,-27.255031,1.883793,1.947766,-27.923920,0
2019-10-14,sz.300301,3.9600,4.0300,3.9600,4.0300,3.9600,8192072,32844272.0000,1.362200,1,1.767700,-27.736812,1.917092,1.982196,-28.417524,0
2019-10-15,sz.300301,4.0200,4.0500,3.9300,4.0100,4.0300,12291108,48864819.6000,2.043900,1,-0.496300,-27.599160,1.907578,1.972359,-28.276495,0
2019-10-16,sz.300301,4.1700,4.4100,4.0100,4.0100,4.0100,26840807,111786531.6400,4.463300,1,0.000000,-27.599160,1.907578,1.972359,-28.276495,0
2019-10-17,sz.300301,3.9000,3.9700,3.7800,3.9000,4.0100,15160278,59231972.6000,2.521000,1,-2.743100,-26.842076,1.855250,1.918254,-27.500830,0
2019-10-18,sz.300301,3.9000,3.9100,3.8000,3.8500,3.9000,9576000,36923306.0000,1.592400,1,-1.282100,-26.497947,1.831465,1.893661,-27.148255,0
2019-10-21,sz.300301,3.9000,3.9200,3.8000,3.9000,3.8500,7270391,28033315.4400,1.209000,1,1.298700,-26.842076,1.855250,1.918254,-27.500830,0
2019-10-22,sz.300301,3.9000,3.9300,3.8500,3.9100,3.9000,7730900,30111696.6400,1.285600,1,0.256400,-26.910902,1.860007,1.923173,-27.571345,0
2019-10-23,sz.300301,3.9000,3.9500,3.8700,3.8900,3.9100,7435200,29068794.0000,1.236400,1,-0.511500,-26.773250,1.850493,1.913335,-27.430315,0
2019-10-24,sz.300301,3.9000,3.9200,3.8600,3.8800,3.8900,6020900,23428678.0000,1.001200,1,-0.257100,-26.704425,1.845736,1.908417,-27.359800,0
2019-10-25,sz.300301,3.8800,3.9700,3.8500,3.9400,3.8800,9198320,36083273.8000,1.529600,1,1.546400,-27.117380,1.874278,1.937928,-27.782890,0
2019-10-28,sz.300301,3.9400,4.0400,3.9400,4.0300,3.9400,10573733,42339005.0800,1.758300,1,2.284300,-32.851066,1.907615,1.959328,-33.382078,0
2019-10-29,sz.300301,4.0400,4.0400,3.9100,3.9300,4.0300,10358444,41170495.8700,1.722500,1,-2.481400,-32.035903,1.860280,1.910710,-32.553739,0
2019-10-30,sz.300301,3.9100,3.9100,3.7800,3.8000,3.9300,10953600,42034343.0000,1.821500,1,-3.307900,-30.976191,1.798744,1.847506,-31.476898,0
2019-10-31,sz.300301,3.8000,3.8300,3.6900,3.7000,3.8000,10182000,38094756.5800,1.693100,1,-2.631600,-30.161028,1.751408,1.798887,-30.648558,0
2019-11-01,sz.300301,3.7000,3.7600,3.6700,3.7500,3.7000,5467520,20379643.2000,0.909200,1,1.351400,-30.568610,1.775076,1.823196,-31.062728,0
2019-11-04,sz.300301,3.7500,3.8000,3.7400,3.7500,3.7500,6106000,23024801.0000,1.015400,1,0.000000,-30.568610,1.775076,1.823196,-31.062728,0
2019-11-05,sz.300301,3.7600,3.7800,3.6900,3.7200,3.7500,6914402,25772859.4600,1.149800,1,-0.800000,-30.324061,1.760875,1.808611,-30.814226,0
2019-11-06,sz.300301,3.7200,3.7400,3.6300,3.6600,3.7200,7045400,25914793.0000,1.171600,1,-1.612900,-29.834963,1.732474,1.779440,-30.317223,0
2019-11-07,sz.300301,3.6600,3.6600,3.5900,3.6300,3.6600,6576000,23836576.0000,1.093500,1,-0.819700,-29.590414,1.718273,1.764854,-30.068721,0
2019-11-08,sz.300301,3.6600,3.6800,3.6200,3.6500,3.6300,5967582,21788038.1200,0.992300,1,0.551000,-29.753447,1.727741,1.774578,-30.234389,0
2019-11-11,sz.300301,3.6300,3.6300,3.4800,3.4800,3.6500,8977298,31629620.0600,1.492800,1,-4.657500,-28.367670,1.647270,1.691926,-28.826212,0
2019-11-12,sz.300301,3.4900,3.5400,3.4600,3.5300,3.4800,5664486,19841159.4200,0.941900,1,1.436800,-28.775251,1.670938,1.716235,-29.240381,0
2019-11-13,sz.300301,3.5200,3.5300,3.4700,3.5000,3.5300,3574922,12512321.0000,0.594500,1,-0.849900,-28.530702,1.656737,1.701650,-28.991880,0
2019-11-14,sz.300301,3.5000,3.5300,3.4700,3.5200,3.5000,4512707,15812566.2800,0.750400,1,0.571400,-28.693735,1.666205,1.711374,-29.157547,0
2019-11-15,sz.300301,3.5300,3.5300,3.4600,3.4700,3.5200,5018000,17568858.0000,0.834400,1,-1.420500,-28.286154,1.642537,1.687064,-28.743378,0
2019-11-18,sz.300301,3.4700,3.4900,3.4400,3.4800,3.4700,3508700,12174131.0000,0.583500,1,0.288200,-28.367670,1.647270,1.691926,-28.826212,0
2019-11-19,sz.300301,3.4800,3.5600,3.4600,3.5500,3.4800,7413625,26200115.7900,1.232800,1,2.011500,-28.938284,1.680405,1.725959,-29.406049,0
2019-11-20,sz.300301,3.5400,3.5700,3.5200,3.5300,3.5500,4911836,17416814.7400,0.816800,1,-0.563400,-28.775251,1.670938,1.716235,-29.240381,0
2019-11-21,sz.300301,3.5200,3.5900,3.5100,3.5600,3.5300,5459620,19387879.8000,0.907900,1,0.849900,-29.019800,1.685139,1.730821,-29.488883,0
2019-11-22,sz.300301,3.5700,3.6100,3.4900,3.5400,3.5600,10647345,37873633.7000,1.770500,1,-0.561800,-28.856768,1.675672,1.721097,-29.323215,0
2019-11-25,sz.300301,3.5500,3.5600,3.5100,3.5400,3.5400,5483247,19363602.7900,0.911800,1,0.000000,-28.856768,1.675672,1.721097,-29.323215,0
2019-11-26,sz.300301,3.5400,3.5500,3.4700,3.4700,3.5400,6519166,22813099.3400,1.084100,1,-1.977400,-28.286154,1.642537,1.687064,-28.743378,0
2019-11-27,sz.300301,3.4600,3.5000,3.4200,3.4600,3.4700,5781181,20071358.4500,0.961300,1,-0.288200,-28.204637,1.637803,1.682202,-28.660544,0
2019-11-28,sz.300301,3.4500,3.4800,3.4300,3.4400,3.4600,5753018,19897768.1200,0.956700,1,-0.578000,-28.041605,1.628336,1.672479,-28.494876,0
2019-11-29,sz.300301,3.4200,3.5100,3.4200,3.5100,3.4400,6273202,21795739.9400,1.043200,1,2.034900,-28.612219,1.661471,1.706512,-29.074714,0
2019-12-02,sz.300301,3.4800,3.5300,3.4800,3.5100,3.5100,4608000,16143456.0000,0.766300,1,0.000000,-28.612219,1.661471,1.706512,-29.074714,0
2019-12-03,sz.300301,3.4800,3.6600,3.4700,3.5600,3.5100,10334400,36705307.0000,1.718500,1,1.424500,-29.019800,1.685139,1.730821,-29.488883,0
2019-12-04,sz.300301,3.5300,3.6400,3.5200,3.6000,3.5600,9259237,33194670.5200,1.539700,1,1.123600,-29.345865,1.704073,1.750268,-29.820219,0
2019-12-05,sz.300301,3.5800,3.6200,3.5600,3.6000,3.6000,7735160,27790165.0000,1.286300,1,0.000000,-29.345865,1.704073,1.750268,-29.820219,0
2019-12-06,sz.300301,3.6000,3.6400,3.5700,3.6400,3.6000,8558200,30797848.0000,1.423100,1,1.111100,-29.671931,1.723007,1.769716,-30.151555,0
2019-12-09,sz.300301,3.6300,3.6600,3.6000,3.6200,3.6400,7360476,26714044.0600,1.224000,1,-0.549500,-29.508898,1.713540,1.759992,-29.985887,0
2019-12-10,sz.300301,3.6200,3.7200,3.5800,3.7100,3.6200,13251840,48507637.0000,2.203600,1,2.486200,-30.242545,1.756142,1.803749,-30.731392,0
2019-12-11,sz.300301,3.7100,3.7600,3.6700,3.7300,3.7100,10982020,40872763.0000,1.826200,1,0.539100,-30.405577,1.765609,1.813473,-30.897060,0
2019-12-12,sz.300301,3.7000,3.8900,3.6900,3.7500,3.7300,23309600,88561383.5800,3.876100,1,0.536200,-30.568610,1.775076,1.823196,-31.062728,0
2019-12-13,sz.300301,3.7500,3.8200,3.7300,3.8000,3.7500,13137323,49622175.1300,2.184600,1,1.333300,-30.976191,1.798744,1.847506,-31.476898,0
2019-12-16,sz.300301,3.8200,3.9700,3.8000,3.9500,3.8000,21710153,84978656.3000,3.610100,1,3.947400,-32.198936,1.869747,1.920433,-32.719407,0
2019-12-17,sz.300301,3.9700,4.0600,3.9300,3.9800,3.9500,23126059,92583770.1100,3.845600,1,0.759500,-32.443484,1.883947,1.935019,-32.967909,0
2019-12-18,sz.300301,3.9300,4.0300,3.9100,3.9700,3.9800,22177756,88298239.4400,3.687900,1,-0.251300,-32.361968,1.879214,1.930157,-32.885075,0
2019-12-19,sz.300301,3.9400,4.0100,3.9300,3.9600,3.9700,14240101,56464687.9400,2.368000,1,-0.251900,-32.280452,1.874480,1.925295,-32.802241,0
2019-12-20,sz.300301,4.0000,4.0300,3.8500,3.8600,3.9600,14721566,57823984.3600,2.448000,1,-2.525300,-31.465289,1.827145,1.876677,-31.973901,0
2019-12-23,sz.300301,3.8600,3.8800,3.7000,3.7100,3.8600,11956583,45212149.1000,1.988200,1,-3.886000,-30.242545,1.756142,1.803749,-30.731392,0
2019-12-24,sz.300301,3.7300,3.8000,3.7000,3.7800,3.7100,10948637,41105750.6400,1.820600,1,1.886800,-30.813159,1.789276,1.837782,-31.311230,0
2019-12-25,sz.300301,3.7700,3.8700,3.7700,3.8400,3.7800,9371558,35909690.9400,1.558400,1,1.587300,-31.302256,1.817678,1.866953,-31.808234,0
2019-12-26,sz.300301,3.8500,3.8600,3.7900,3.8500,3.8400,6859092,26230450.2000,1.140600,1,0.260400,-31.383773,1.822411,1.871815,-31.891068,0
2019-12-27,sz.300301,3.8500,3.9200,3.7600,3.7600,3.8500,10430672,39991098.8000,1.734500,1,-2.337700,-30.650126,1.779809,1.828058,-31.145562,0
2019-12-30,sz.300301,3.7500,3.8000,3.6500,3.7800,3.7600,10554140,39468805.7600,1.755000,1,0.531900,-30.813159,1.789276,1.837782,-31.311230,0
2019-12-31,sz.300301,3.7400,3.8300,3.7000,3.7600,3.7800,9832202,36948332.9900,1.635000,1,-0.529100,-30.650126,1.779809,1.828058,-31.145562,0
2020-01-02,sz.300301,3.7800,3.8800,3.7500,3.8700,3.7600,13505023,51570206.1100,2.245700,1,2.925500,-31.546805,1.831878,1.881539,-32.056735,0
2020-01-03,sz.300301,3.8700,3.8900,3.8200,3.8600,3.8700,9257152,35711249.4200,1.539400,1,-0.258400,-31.465289,1.827145,1.876677,-31.973901,0
2020-01-06,sz.300301,3.8400,3.9300,3.8100,3.9000,3.8600,12667609,49226703.1100,2.106500,1,1.036300,-31.791354,1.846079,1.896124,-32.305237,0
2020-01-07,sz.300301,3.9100,3.9800,3.9000,3.9800,3.9000,14446497,56921662.8200,2.402300,1,2.051300,-32.443484,1.883947,1.935019,-32.967909,0
2020-01-08,sz.300301,3.9500,3.9900,3.8800,3.9000,3.9800,15040971,59024659.4800,2.501100,1,-2.010000,-31.791354,1.846079,1.896124,-32.305237,0
2020-01-09,sz.300301,3.9300,3.9800,3.9200,3.9400,3.9000,10148536,40000926.2000,1.687600,1,1.025600,-32.117419,1.865013,1.915572,-32.636573,0
2020-01-10,sz.300301,3.9900,3.9900,3.8800,3.8900,3.9400,7993071,31315747.1900,1.329200,1,-1.269000,-31.709838,1.841345,1.891262,-32.222403,0
2020-01-13,sz.300301,3.8900,3.9300,3.8300,3.9200,3.8900,7341920,28521752.4000,1.220900,1,0.771200,-31.954387,1.855546,1.905848,-32.470905,0
2020-01-14,sz.300301,3.9300,3.9400,3.8900,3.9200,3.9200,7371500,28893294.0000,1.225800,1,0.000000,-31.954387,1.855546,1.905848,-32.470905,0
2020-01-15,sz.300301,3.9100,3.9200,3.8200,3.8900,3.9200,9482891,36729737.1500,1.576900,1,-0.765300,-31.709838,1.841345,1.891262,-32.222403,0
2020-01-16,sz.300301,3.9100,3.9400,3.8200,3.8400,3.8900,8476000,32862999.0000,1.409500,1,-1.285400,-31.302256,1.817678,1.866953,-31.808234,0
2020-01-17,sz.300301,3.8500,3.8800,3.7700,3.7800,3.8400,7916700,30226259.0000,1.316500,1,-1.562500,-30.813159,1.789276,1.837782,-31.311230,0
2020-01-20,sz.300301,3.7900,3.8100,3.7500,3.8100,3.7800,5636452,21321426.2400,0.937300,1,0.793700,-31.057707,1.803477,1.852367,-31.559732,0
2020-01-21,sz.300301,3.7900,3.8100,3.7100,3.7100,3.8100,7305311,27373474.0300,1.214800,1,-2.624700,-30.242545,1.756142,1.803749,-30.731392,0
2020-01-22,sz.300301,3.7000,3.7300,3.6300,3.6900,3.7100,7851022,28860431.4900,1.305500,1,-0.539100,-30.079512,1.746675,1.794025,-30.565724,0
2020-01-23,sz.300301,3.6800,3.7000,3.4900,3.5400,3.6900,11475266,41208830.9000,1.908200,1,-4.065000,-28.856768,1.675672,1.721097,-29.323215,0
2020-02-03,sz.300301,3.1900,3.1900,3.1900,3.1900,3.5400,996800,3179792.0000,0.165800,1,-9.887000,-26.003697,1.509998,1.550932,-26.424027,0
2020-02-04,sz.300301,2.8700,2.9700,2.8700,2.8700,3.1900,37022822,106653036.1700,6.156500,1,-10.031400,-23.395176,1.358525,1.395353,-23.773341,0
2020-02-05,sz.300301,2.8800,2.9500,2.8400,2.9000,2.8700,26034343,75558736.0600,4.329200,1,1.045300,-23.639725,1.372725,1.409938,-24.021843,0
2020-02-06,sz.300301,2.9300,2.9300,2.8400,2.9100,2.9000,19410535,56104951.5200,3.227700,1,0.344800,-23.721241,1.377459,1.414800,-24.104677,0
2020-02-07,sz.300301,2.9000,2.9400,2.8700,2.9400,2.9100,18198569,52910143.4600,3.026200,1,1.030900,-23.965790,1.391659,1.429386,-24.353179,0
2020-02-10,sz.300301,2.9300,3.0400,2.9000,3.0300,2.9400,19162834,57144626.5200,3.186600,1,3.061200,-24.699437,1.434261,1.473143,-25.098684,0
2020-02-11,sz.300301,3.0500,3.0600,2.9900,3.0000,3.0300,13874500,41892402.0000,2.307200,1,-0.990100,-24.454888,1.420061,1.458557,-24.850182,0
2020-02-12,sz.300301,3.0100,3.1000,2.9900,3.0900,3.0000,15338798,46758665.8000,2.550700,1,3.000000,-25.188534,1.462663,1.502314,-25.595688,0
2020-02-13,sz.300301,3.0700,3.1100,3.0000,3.0300,3.0900,12912600,39405457.0000,2.147200,1,-1.941700,-24.699437,1.434261,1.473143,-25.098684,0
2020-02-14,sz.300301,3.0300,3.0700,2.9800,3.0200,3.0300,12983682,39217175.1800,2.159000,1,-0.330000,-24.617920,1.429528,1.468281,-25.015850,0
2020-02-17,sz.300301,3.0500,3.2100,3.0400,3.1700,3.0200,18967250,59425208.2800,3.154000,1,4.966900,-25.840665,1.500531,1.541209,-26.258360,0
2020-02-18,sz.300301,3.1800,3.3600,3.1500,3.3500,3.1700,23700901,77710872.3100,3.941200,1,5.678200,-27.307958,1.585734,1.628722,-27.749370,0
2020-02-19,sz.300301,3.3800,3.3900,3.2600,3.2900,3.3500,17350911,57535291.8600,2.885200,1,-1.791000,-27.307958,1.585734,1.628722,-27.749370,0
2020-02-20,sz.300301,3.3200,3.3800,3.2600,3.3800,3.2900,14861418,49507744.3800,2.471300,1,2.735600,-27.552507,1.599935,1.643308,-27.997872,0
2020-02-21,sz.300301,3.3500,3.4600,3.3400,3.4000,3.3800,16257300,55354977.0000,2.703400,1,0.591700,-27.715539,1.609402,1.653031,-28.163540,0
2020-02-24,sz.300301,3.4000,3.5100,3.3000,3.5000,3.4000,19998129,68514659.9500,3.325500,1,2.941200,-28.530702,1.656737,1.701650,-28.991880,0
2020-02-25,sz.300301,3.4000,3.4800,3.2700,3.4500,3.5000,25813622,87564173.7100,4.292500,1,-1.428600,-28.123121,1.633070,1.677341,-28.577710,0
2020-02-26,sz.300301,3.4000,3.5500,3.3600,3.4300,3.4500,19862889,68942172.8100,3.303000,1,-0.579700,-27.960088,1.623603,1.667617,-28.412042,0
2020-02-27,sz.300301,3.4600,3.5300,3.3500,3.4300,3.4300,16020233,55056557.2500,2.664000,1,0.000000,-27.960088,1.623603,1.667617,-28.412042,0
2020-02-28,sz.300301,3.3600,3.3600,3.1500,3.2100,3.4300,20263280,65913224.3800,3.369500,1,-6.414000,-26.166730,1.519465,1.560656,-26.589695,0
2020-03-02,sz.300301,3.2500,3.4000,3.1900,3.3400,3.2100,15179147,50214018.7700,2.524100,1,4.049800,-6.326311,1.581001,1.634768,-27.666537,0
2020-03-03,sz.300301,3.3700,3.4800,3.3200,3.3400,3.3400,17005236,57736123.4800,2.827800,1,0.000000,-6.326311,1.581001,1.634768,-27.666537,0
2020-03-04,sz.300301,3.3500,3.4100,3.2700,3.3900,3.3400,13796431,46047061.0200,2.294200,1,1.497000,-6.421016,1.604669,1.659241,-28.080706,0
2020-03-05,sz.300301,3.4200,3.4600,3.3900,3.4500,3.3900,14297008,49016165.1700,2.377400,1,1.769900,-6.534662,1.633070,1.688608,-28.577710,0
2020-03-06,sz.300301,3.4400,3.4900,3.3800,3.4500,3.4500,13714510,47190496.7200,2.280600,1,0.000000,-6.534662,1.633070,1.688608,-28.577710,0
2020-03-09,sz.300301,3.4000,3.4300,3.2800,3.2800,3.4500,12672147,42376389.1700,2.107200,1,-4.927500,-6.212664,1.552600,1.605401,-27.169533,0
2020-03-10,sz.300301,3.2000,3.4600,3.2000,3.4400,3.2800,22224240,74736587.3300,3.695600,1,4.878100,-6.515721,1.628336,1.683714,-28.494876,0
2020-03-11,sz.300301,3.4500,3.6000,3.4000,3.4600,3.4400,24857037,87286784.5500,4.133400,1,0.581400,-6.553603,1.637803,1.693503,-28.660544,0
2020-03-12,sz.300301,3.4900,3.5000,3.3600,3.4500,3.4600,15624664,53573560.8200,2.598200,1,-0.289000,-6.534662,1.633070,1.688608,-28.577710,0
2020-03-13,sz.300301,3.3500,3.4800,3.2200,3.4100,3.4500,21077962,69953507.8900,3.505000,1,-1.159400,-6.458898,1.614136,1.669030,-28.246374,0
2020-03-16,sz.300301,3.4600,3.5000,3.2100,3.2200,3.4100,15941658,53767091.1000,2.650900,1,-5.571800,-6.099018,1.524198,1.576034,-26.672529,0
2020-03-17,sz.300301,3.3000,3.3400,3.1100,3.1600,3.2200,16017511,51015957.2700,2.663500,1,-1.863400,-5.985372,1.495797,1.546667,-26.175526,0
2020-03-18,sz.300301,3.2100,3.2200,3.0000,3.0100,3.1600,15976104,49848630.1400,2.652300,1,-4.746800,-5.701256,1.424794,1.473249,-24.933016,0
2020-03-19,sz.300301,3.0300,3.0800,2.9300,3.0300,3.0100,11686750,35106026.8100,1.943400,1,0.664500,-5.739138,1.434261,1.483038,-25.098684,0
2020-03-20,sz.300301,3.0600,3.0900,2.9700,3.0300,3.0300,8981797,27227202.8300,1.493600,1,0.000000,-5.739138,1.434261,1.483038,-25.098684,0
2020-03-23,sz.300301,2.9800,2.9800,2.8400,2.8500,3.0300,11438719,33220165.5300,1.902100,1,-5.940600,-5.398199,1.349058,1.394937,-23.607673,0
2020-03-24,sz.300301,2.9100,3.0200,2.8400,2.9500,2.8500,12057300,35206410.4800,2.005000,1,3.508800,-5.587610,1.396393,1.443882,-24.436013,0
2020-03-25,sz.300301,3.0400,3.1000,2.9900,3.0500,2.9500,13495416,41133981.0600,2.244100,1,3.389800,-5.777020,1.443728,1.492828,-25.264352,0
2020-03-26,sz.300301,3.0600,3.1000,3.0100,3.0400,3.0500,11474330,35008216.6200,1.908000,1,-0.327900,-5.758079,1.438995,1.487933,-25.181518,0
2020-03-27,sz.300301,3.0700,3.0700,2.9700,2.9800,3.0400,8516600,25676443.0000,1.416200,1,-1.973700,-5.644433,1.410594,1.458566,-24.684515,0
2020-03-30,sz.300301,2.9900,2.9900,2.8500,2.9200,2.9800,8345800,24148272.0000,1.387800,1,-2.013400,-5.530787,1.382192,1.429199,-24.187511,0
2020-03-31,sz.300301,2.9600,2.9800,2.9100,2.9300,2.9200,5443317,15977322.4700,0.905200,1,0.342500,-5.549728,1.386926,1.434093,-24.270345,0
2020-04-01,sz.300301,2.9600,3.0100,2.8800,2.8900,2.9300,7011300,20595810.0000,1.165900,1,-1.365200,-5.473963,1.367992,1.414515,-23.939009,0
2020-04-02,sz.300301,2.8900,2.9900,2.8500,2.9800,2.8900,8280827,24317341.7800,1.377000,1,3.114200,-5.644433,1.410594,1.458566,-24.684515,0
2020-04-03,sz.300301,2.9800,3.2000,2.9100,3.0300,2.9800,15278941,46009740.9200,2.540700,1,1.677900,-5.739138,1.434261,1.483038,-25.098684,0
2020-04-07,sz.300301,3.0500,3.0900,3.0000,3.0700,3.0300,12726051,38748644.2300,2.116200,1,1.320100,-5.814902,1.453195,1.502617,-25.430020,0
2020-04-08,sz.300301,3.0400,3.1100,3.0200,3.0400,3.0700,11033155,33725156.7100,1.834700,1,-0.977200,-5.758079,1.438995,1.487933,-25.181518,0
2020-04-09,sz.300301,3.0400,3.1100,3.0400,3.0800,3.0400,10492006,32309024.7800,1.744700,1,1.315800,-5.833843,1.457929,1.507511,-25.512854,0
2020-04-10,sz.300301,3.1000,3.1000,2.9500,2.9600,3.0800,10490549,31527898.2100,1.744500,1,-3.896100,-5.606551,1.401127,1.448777,-24.518847,0
2020-04-13,sz.300301,2.9100,2.9200,2.8400,2.8700,2.9600,9808820,28243997.5400,1.631100,1,-3.040500,-5.436081,1.358525,1.404726,-23.773341,0
2020-04-14,sz.300301,2.8700,2.9400,2.8700,2.9200,2.8700,5630920,16386178.0200,0.936400,1,1.742200,-5.530787,1.382192,1.429199,-24.187511,0
2020-04-15,sz.300301,2.9300,2.9400,2.8800,2.8800,2.9200,5098423,14834856.9900,0.847800,1,-1.369900,-5.455022,1.363258,1.409621,-23.856175,0
2020-04-16,sz.300301,2.8800,2.9300,2.8500,2.9000,2.8800,6094342,17596494.8300,1.013400,1,0.694400,-5.492904,1.372725,1.419410,-24.021843,0
2020-04-17,sz.300301,2.9100,2.9400,2.8600,2.8600,2.9000,8099606,23424835.6000,1.346900,1,-1.379300,-5.417140,1.353791,1.399832,-23.690507,0
2020-04-20,sz.300301,2.8500,2.8600,2.7400,2.7600,2.8600,12244139,34074372.2500,2.032700,1,-3.496500,-5.227730,1.306456,1.350887,-22.862168,0
2020-04-21,sz.300301,2.7600,2.7700,2.7200,2.7500,2.7600,7052522,19318704.2600,1.172800,1,-0.362300,-5.208789,1.301722,1.345992,-22.779334,0
2020-04-22,sz.300301,2.7200,2.7900,2.7200,2.7800,2.7500,5485380,15141036.2000,0.912200,1,1.090900,-5.265612,1.315923,1.360676,-23.027836,0
2020-04-23,sz.300301,2.7800,2.7800,2.7300,2.7300,2.7800,5603600,15439013.0000,0.931800,1,-1.798600,-5.170907,1.292255,1.336203,-22.613666,0
2020-04-24,sz.300301,2.7400,2.7500,2.5400,2.5600,2.7300,16423863,43161739.4700,2.731100,1,-6.227100,-4.848909,1.211785,1.252996,-21.205489,0
2020-04-27,sz.300301,2.6000,2.6200,2.4800,2.5000,2.5600,7803900,19996384.0000,1.297700,1,-2.343700,-4.735262,1.183384,1.223629,-20.708485,0
2020-04-28,sz.300301,2.4900,2.5200,2.3500,2.4300,2.5000,10183825,24705656.3000,1.690700,1,-2.800000,-4.031311,1.652250,1.262710,-43.643438,0
2020-04-29,sz.300301,2.4100,2.5200,2.4000,2.4500,2.4300,8121165,20126375.8500,1.348200,1,0.823000,-4.064491,1.665849,1.273103,-44.002643,0
2020-04-30,sz.300301,2.4800,2.5800,2.4800,2.5700,2.4500,9819419,24963949.5900,1.630200,1,4.898000,-4.263568,1.747441,1.335459,-46.157875,0
2020-05-06,sz.300301,2.5300,2.6500,2.5200,2.6400,2.5700,8576708,22300822.7200,1.423900,1,2.723700,-4.379696,1.795037,1.371834,-47.415093,0
2020-05-07,sz.300301,2.6200,2.6900,2.5800,2.5800,2.6400,5589500,14636376.0000,0.927900,1,-2.272700,-4.280157,1.754241,1.340656,-46.337477,0
2020-05-08,sz.300301,2.6200,2.6500,2.5900,2.6000,2.5800,4818980,12600996.4000,0.800000,1,0.775200,-4.313337,1.767839,1.351048,-46.696683,0
2020-05-11,sz.300301,2.6000,2.6400,2.5600,2.6300,2.6000,7138432,18607812.8800,1.185100,1,1.153900,-4.363106,1.788237,1.366637,-47.235491,0
2020-05-12,sz.300301,2.6200,2.6500,2.5700,2.6200,2.6300,6468538,16839590.8200,1.073900,1,-0.380200,-4.346516,1.781438,1.361441,-47.055888,0
2020-05-13,sz.300301,2.6200,2.6200,2.5800,2.6200,2.6200,4378750,11387300.2000,0.726900,1,0.000000,-4.346516,1.781438,1.361441,-47.055888,0
2020-05-14,sz.300301,2.5800,2.7200,2.5600,2.6100,2.6200,20031425,53471093.7700,3.325500,1,-0.381700,-4.329927,1.774639,1.356245,-46.876285,0
2020-05-15,sz.300301,2.6100,2.6800,2.6100,2.6400,2.6100,8794866,23301293.6200,1.460100,1,1.149400,-4.379696,1.795037,1.371834,-47.415093,0
2020-05-18,sz.300301,2.6400,2.6800,2.6000,2.6200,2.6400,7313419,19343295.0200,1.214100,1,-0.757600,-4.346516,1.781438,1.361441,-47.055888,0
2020-05-19,sz.300301,2.6400,2.7200,2.6100,2.7100,2.6200,8715612,23231915.3800,1.446900,1,3.435100,-4.495824,1.842633,1.408208,-48.672312,0
2020-05-20,sz.300301,2.7000,2.7100,2.6000,2.6400,2.7100,5377344,14337303.9000,0.892700,1,-2.583000,-4.379696,1.795037,1.371834,-47.415093,0
2020-05-21,sz.300301,2.7000,2.7400,2.6000,2.6400,2.6400,6709200,17875447.0000,1.113800,1,0.000000,-4.379696,1.795037,1.371834,-47.415093,0
2020-05-22,sz.300301,2.6400,2.6400,2.5500,2.5800,2.6400,4498904,11613363.0400,0.746900,1,-2.272700,-4.280157,1.754241,1.340656,-46.337477,0
2020-05-25,sz.300301,2.5300,2.6000,2.5300,2.5600,2.5800,3289224,8437965.0000,0.546100,1,-0.775200,-4.246978,1.740642,1.330263,-45.978272,0
2020-05-26,sz.300301,2.5800,2.6600,2.5700,2.6300,2.5600,5846127,15307661.7000,0.970500,1,2.734400,-4.363106,1.788237,1.366637,-47.235491,0
2020-05-27,sz.300301,2.6200,2.6800,2.5900,2.6000,2.6300,3805677,10013247.2000,0.631800,1,-1.140700,-4.313337,1.767839,1.351048,-46.696683,0
2020-05-28,sz.300301,2.6000,2.6200,2.5200,2.5800,2.6000,5549877,14253252.4300,0.921400,1,-0.769200,-4.280157,1.754241,1.340656,-46.337477,0
2020-05-29,sz.300301,2.5400,2.6300,2.5300,2.5800,2.5800,3686502,9539362.1400,0.612000,1,0.000000,-4.280157,1.754241,1.340656,-46.337477,0
2020-06-01,sz.300301,2.5900,2.6700,2.5500,2.6600,2.5800,7946200,21024262.8000,1.319200,1,3.100800,-4.412876,1.808636,1.382226,-47.774298,0
2020-06-02,sz.300301,2.6500,2.7300,2.6500,2.6900,2.6600,8316048,22385758.1500,1.380600,1,1.127800,-4.462645,1.829034,1.397815,-48.313106,0
2020-06-03,sz.300301,2.6900,2.7000,2.6400,2.6600,2.6900,4984920,13327730.6000,0.827600,1,-1.115200,-4.412876,1.808636,1.382226,-47.774298,0
2020-06-04,sz.300301,2.6900,2.7300,2.6600,2.7000,2.6600,7534343,20266114.4400,1.250800,1,1.503800,-4.479235,1.835833,1.403012,-48.492709,0
2020-06-05,sz.300301,2.7600,2.9000,2.7200,2.7400,2.7000,17762775,49420764.1600,2.948900,1,1.481500,-4.545594,1.863031,1.423797,-49.211119,0
2020-06-08,sz.300301,2.7100,2.7200,2.6200,2.6300,2.7400,11686523,31299368.2000,1.940100,1,-4.014600,-4.363106,1.788237,1.366637,-47.235491,0
2020-06-09,sz.300301,2.6500,2.6600,2.6100,2.6300,2.6300,7681900,20231654.0000,1.275300,1,0.000000,-4.363106,1.788237,1.366637,-47.235491,0
2020-06-10,sz.300301,2.6400,2.6400,2.5400,2.5500,2.6300,8673844,22437894.9600,1.440000,1,-3.041800,-4.230388,1.733842,1.325067,-45.798670,0
2020-06-11,sz.300301,2.5700,2.6100,2.5500,2.5700,2.5500,3795200,9782224.0000,0.630100,1,0.784300,-4.263568,1.747441,1.335459,-46.157875,0
2020-06-12,sz.300301,2.5200,2.5600,2.4900,2.5300,2.5700,4942300,12481043.0000,0.820500,1,-1.556400,-4.197209,1.720244,1.314674,-45.439464,0
2020-06-15,sz.300301,2.5000,2.5600,2.5000,2.5000,2.5300,4330900,10937465.0000,0.719000,1,-1.185800,-4.147439,1.699846,1.299085,-44.900656,0
2020-06-16,sz.300301,2.5100,2.5500,2.5000,2.5500,2.5000,4689236,11863531.5800,0.778500,1,2.000000,-4.230388,1.733842,1.325067,-45.798670,0
2020-06-17,sz.300301,2.5100,2.5400,2.4700,2.5200,2.5500,5724200,14342466.0000,0.950300,1,-1.176500,-4.180619,1.713444,1.309478,-45.259862,0
2020-06-18,sz.300301,2.5000,2.5300,2.4900,2.5200,2.5200,2983100,7496507.0000,0.495200,1,0.000000,-4.180619,1.713444,1.309478,-45.259862,0
2020-06-19,sz.300301,2.5200,2.5300,2.4900,2.5000,2.5200,3625729,9077594.0800,0.601900,1,-0.793700,-4.147439,1.699846,1.299085,-44.900656,0
2020-06-22,sz.300301,2.5100,2.5300,2.4900,2.5000,2.5000,3189400,7990816.7900,0.529500,1,0.000000,-4.147439,1.699846,1.299085,-44.900656,0
2020-06-23,sz.300301,2.5100,2.5100,2.4100,2.4300,2.5000,6115224,14996637.4700,1.015200,1,-2.800000,-4.031311,1.652250,1.262710,-43.643438,0
2020-06-24,sz.300301,2.4100,2.4300,2.3200,2.3400,2.4300,10930303,25741998.8400,1.814600,1,-3.703700,-3.882003,1.591055,1.215943,-42.027014,0
2020-06-29,sz.300301,2.3400,2.3400,2.2600,2.2800,2.3400,6448800,14732166.3600,1.070600,1,-2.564100,-3.782465,1.550259,1.184765,-40.949399,0
2020-06-30,sz.300301,2.3000,2.4200,2.2800,2.4000,2.2800,8701809,20542875.7100,1.444600,1,5.263200,-3.981542,1.631852,1.247121,-43.104630,0
2020-07-01,sz.300301,2.4100,2.4200,2.3600,2.3900,2.4000,5922907,14147190.7100,0.983300,1,-0.416700,-3.964952,1.625052,1.241925,-42.925027,0
2020-07-02,sz.300301,2.4100,2.4400,2.3600,2.4300,2.3900,5864467,14140350.9400,0.973600,1,1.673600,-4.031311,1.652250,1.262710,-43.643438,0
2020-07-03,sz.300301,2.6700,2.6700,2.6700,2.6700,2.4300,16243177,43369282.5900,2.696600,1,9.876500,-4.429465,1.815435,1.387423,-47.953901,0
2020-07-06,sz.300301,2.9400,2.9400,2.9400,2.9400,2.6700,14323069,42109822.8600,2.377800,1,10.112400,-4.877389,1.999018,1.527724,-52.803172,0
2020-07-07,sz.300301,2.9800,2.9800,2.6800,2.8100,2.9400,71398127,203456596.5200,11.853100,1,-4.421800,-4.661722,1.910626,1.460171,-50.468338,0
2020-07-08,sz.300301,2.7300,2.7700,2.6500,2.7500,2.8100,37735441,102527962.8600,6.264600,1,-2.135200,-4.562183,1.869830,1.428993,-49.390722,0
2020-07-09,sz.300301,2.7400,2.7900,2.7100,2.7700,2.7500,31305457,86114443.6400,5.197200,1,0.727300,-4.595363,1.883429,1.439386,-49.749927,0
2020-07-10,sz.300301,2.7800,2.8200,2.7100,2.7100,2.7700,22792874,62874001.5800,3.784000,1,-2.166100,-4.495824,1.842633,1.408208,-48.672312,0
2020-07-13,sz.300301,2.6900,2.7800,2.6800,2.7600,2.7100,20109105,55013936.7000,3.338400,1,1.845000,-4.578773,1.876629,1.434190,-49.570325,0
2020-07-14,sz.300301,2.7800,2.8000,2.7100,2.7500,2.7600,16190708,44461470.8400,2.687900,1,-0.362300,-4.562183,1.869830,1.428993,-49.390722,0
2020-07-15,sz.300301,2.7700,2.7900,2.6500,2.6700,2.7500,13982630,37658267.9600,2.321300,1,-2.909100,-4.429465,1.815435,1.387423,-47.953901,0
2020-07-16,sz.300301,2.6700,2.6900,2.5900,2.6000,2.6700,9923083,26294705.1000,1.647400,1,-2.621700,-4.313337,1.767839,1.351048,-46.696683,0
2020-07-17,sz.300301,2.6000,2.8200,2.5500,2.7000,2.6000,20252181,54575080.2400,3.362200,1,3.846200,-4.479235,1.835833,1.403012,-48.492709,0
2020-07-20,sz.300301,2.7200,2.7900,2.6500,2.7500,2.7000,18046399,49024512.0700,2.996000,1,1.851800,-4.562183,1.869830,1.428993,-49.390722,0
2020-07-21,sz.300301,2.7500,2.7700,2.7100,2.7400,2.7500,9247106,25276882.7900,1.535200,1,-0.363600,-4.545594,1.863031,1.423797,-49.211119,0
2020-07-22,sz.300301,2.7300,2.7500,2.7000,2.7200,2.7400,8556274,23332440.0200,1.420500,1,-0.729900,-4.512414,1.849432,1.413404,-48.851914,0
2020-07-23,sz.300301,2.7200,2.7200,2.6100,2.6500,2.7200,8756798,23185060.7200,1.453800,1,-2.573500,-4.396286,1.801836,1.377030,-47.594696,0
2020-07-24,sz.300301,2.6500,2.7200,2.5800,2.5800,2.6500,9861000,25985154.0000,1.637100,1,-2.641500,-4.280157,1.754241,1.340656,-46.337477,0
2020-07-27,sz.300301,2.5600,2.6000,2.5100,2.5600,2.5800,7774608,19803332.1600,1.290700,1,-0.775200,-4.246978,1.740642,1.330263,-45.978272,0
2020-07-28,sz.300301,2.5700,2.6100,2.5400,2.5700,2.5600,6825441,17604175.6000,1.133100,1,0.390600,-4.263568,1.747441,1.335459,-46.157875,0
2020-07-29,sz.300301,2.5700,2.6100,2.5300,2.6000,2.5700,6500841,16763438.9600,1.079200,1,1.167300,-4.313337,1.767839,1.351048,-46.696683,0
2020-07-30,sz.300301,2.6000,2.6400,2.5800,2.5800,2.6000,7585141,19758407.1900,1.259200,1,-0.769200,-4.280157,1.754241,1.340656,-46.337477,0
2020-07-31,sz.300301,2.5800,2.6300,2.5700,2.6200,2.5800,8936340,23290997.0000,1.483600,1,1.550400,-4.346516,1.781438,1.361441,-47.055888,0
2020-08-03,sz.300301,2.6100,2.6900,2.6100,2.6900,2.6200,10755810,28671193.4500,1.785600,1,2.671800,-4.462645,1.829034,1.397815,-48.313106,0
2020-08-04,sz.300301,2.6900,2.7000,2.6300,2.6500,2.6900,7697700,20474224.0000,1.277900,1,-1.487000,-4.396286,1.801836,1.377030,-47.594696,0
2020-08-05,sz.300301,2.6900,2.7200,2.6400,2.7200,2.6500,12888443,34662090.9000,2.139700,1,2.641500,-4.512414,1.849432,1.413404,-48.851914,0
2020-08-06,sz.300301,2.7200,2.7300,2.6600,2.6900,2.7200,8173707,22005601.9200,1.357000,1,-1.102900,-4.462645,1.829034,1.397815,-48.313106,0
2020-08-07,sz.300301,2.6800,2.7000,2.6200,2.6500,2.6900,6557002,17405538.5200,1.088600,1,-1.487000,-4.396286,1.801836,1.377030,-47.594696,0
2020-08-10,sz.300301,2.6400,2.7300,2.6300,2.7100,2.6500,8006428,21604600.7200,1.329200,1,2.264200,-4.495824,1.842633,1.408208,-48.672312,0
2020-08-11,sz.300301,2.7200,2.7500,2.6400,2.6500,2.7100,8294300,22385351.0000,1.377000,1,-2.214000,-4.396286,1.801836,1.377030,-47.594696,0
2020-08-12,sz.300301,2.6500,2.6500,2.5700,2.6300,2.6500,6063700,15789798.0000,1.006700,1,-0.754700,-4.363106,1.788237,1.366637,-47.235491,0
2020-08-13,sz.300301,2.6300,2.7200,2.6200,2.7000,2.6300,8756772,23540682.1200,1.453800,1,2.661600,-4.479235,1.835833,1.403012,-48.492709,0
2020-08-14,sz.300301,2.7000,2.7800,2.6800,2.7300,2.7000,14820566,40420705.8600,2.460400,1,1.111100,-4.529004,1.856231,1.418601,-49.031517,0
2020-08-17,sz.300301,2.7600,2.7700,2.7000,2.7400,2.7300,13476100,36891371.0000,2.237200,1,0.366300,-4.545594,1.863031,1.423797,-49.211119,0
2020-08-18,sz.300301,2.7500,2.8000,2.7200,2.7700,2.7400,15052853,41547177.3200,2.499000,1,1.094900,-4.595363,1.883429,1.439386,-49.749927,0
2020-08-19,sz.300301,2.7900,2.8600,2.7400,2.7400,2.7700,17197412,47876262.0800,2.855000,1,-1.083000,-4.545594,1.863031,1.423797,-49.211119,0
2020-08-20,sz.300301,2.6900,2.7600,2.6600,2.7100,2.7400,7485500,20338971.8500,1.242700,1,-1.094900,-4.495824,1.842633,1.408208,-48.672312,0
2020-08-21,sz.300301,2.7100,2.9200,2.7100,2.8400,2.7100,22957517,64753714.7900,3.811300,1,4.797000,-4.711491,1.931025,1.475760,-51.007146,0
2020-08-24,sz.300301,2.8500,3.1200,2.7300,2.9600,2.8400,41229039,120741196.2500,6.844600,1,4.225400,-4.910568,2.012617,1.538116,-53.162377,0
2020-08-25,sz.300301,2.9900,3.3800,2.9100,3.2700,2.9600,61178969,194478070.2900,10.156600,1,10.473000,-5.424851,2.223398,1.699203,-58.730059,0
2020-08-26,sz.300301,3.3200,3.3400,3.0400,3.1300,3.2700,43701728,138947904.6900,7.255100,1,-4.281300,-5.192594,2.128207,1.626454,-56.215622,0
2020-08-27,sz.300301,3.0500,3.3800,2.9800,3.3400,3.1300,52241825,167116831.0300,8.672900,1,6.709300,-5.540979,2.270994,1.735577,-59.987277,0
2020-08-28,sz.300301,3.2100,3.3100,3.1200,3.1800,3.3400,37078055,119081514.3700,5.943300,1,-4.790400,-4.983704,2.167136,1.853024,-90.301565,0
2020-08-31,sz.300301,3.1100,3.2300,3.0800,3.1600,3.1800,24096786,75845615.6400,3.862500,1,-0.628900,-4.952360,2.153506,1.841369,-89.733631,0
2020-09-01,sz.300301,3.1800,3.3500,3.1100,3.3400,3.1600,40099032,130944865.3500,6.427600,1,5.696200,-5.234456,2.276174,1.946258,-94.845040,0
2020-09-02,sz.300301,4.0000,4.0100,4.0000,4.0100,3.3400,35041109,140485417.0900,5.616800,1,20.059900,-6.284482,2.732772,2.336675,-113.870841,0
2020-09-03,sz.300301,4.8100,4.8100,4.6000,4.8100,4.0100,146212194,702046547.2900,23.436700,1,19.950100,-7.538244,3.277963,2.802844,-136.588216,0
2020-09-04,sz.300301,5.0000,5.7700,4.8800,5.7700,4.8100,165482160,906643067.8500,26.525600,1,19.958400,-9.042758,3.932193,3.362247,-163.849066,0
2020-09-07,sz.300301,6.9200,6.9200,6.8100,6.9200,5.7700,47558084,328767151.0800,7.623200,1,19.930700,-10.845041,4.715905,4.032366,-196.505292,0
2020-09-08,sz.300301,7.7000,8.3000,7.1500,8.3000,6.9200,198508263,1571777655.3800,31.819400,1,19.942200,-13.007780,5.656360,4.836508,-235.692764,0
2020-09-09,sz.300301,8.3000,8.3000,8.3000,8.3000,8.3000,0,0.0000,,0,0.000000,-13.007780,5.656360,4.836508,-235.692764,0
2020-09-10,sz.300301,8.3000,8.3000,8.3000,8.3000,8.3000,0,0.0000,,0,0.000000,-13.007780,5.656360,4.836508,-235.692764,0
2020-09-11,sz.300301,8.3000,8.3000,8.3000,8.3000,8.3000,0,0.0000,,0,0.000000,-13.007780,5.656360,4.836508,-235.692764,0
2020-09-14,sz.300301,8.3000,8.3000,8.3000,8.3000,8.3000,0,0.0000,,0,0.000000,-13.007780,5.656360,4.836508,-235.692764,0
2020-09-15,sz.300301,8.3000,8.3000,8.3000,8.3000,8.3000,0,0.0000,,0,0.000000,-13.007780,5.656360,4.836508,-235.692764,0
2020-09-16,sz.300301,8.3000,8.3000,8.3000,8.3000,8.3000,0,0.0000,,0,0.000000,-13.007780,5.656360,4.836508,-235.692764,0
2020-09-17,sz.300301,8.3000,8.3000,8.3000,8.3000,8.3000,0,0.0000,,0,0.000000,-13.007780,5.656360,4.836508,-235.692764,0
2020-09-18,sz.300301,8.3000,8.3000,8.3000,8.3000,8.3000,0,0.0000,,0,0.000000,-13.007780,5.656360,4.836508,-235.692764,0
2020-09-21,sz.300301,8.3000,8.3000,8.3000,8.3000,8.3000,0,0.0000,,0,0.000000,-13.007780,5.656360,4.836508,-235.692764,0
2020-09-22,sz.300301,6.6400,8.2000,6.6400,6.6400,8.3000,244170856,1714850058.4300,39.138800,1,-20.000000,-10.406224,4.525088,3.869207,-188.554211,0
2020-09-23,sz.300301,6.1900,6.6000,5.8100,6.0000,6.6400,206646816,1261189211.6100,33.124000,1,-9.638600,-9.403215,4.088935,3.496271,-170.380311,0
2020-09-24,sz.300301,5.6800,6.0700,5.1800,5.3200,6.0000,170089767,954385048.0700,27.264100,1,-11.333300,-8.337517,3.625522,3.100027,-151.070542,0
2020-09-25,sz.300301,5.3600,5.4600,4.9700,5.0400,5.3200,135554991,699634322.6200,21.728500,1,-5.263200,-7.898700,3.434706,2.936868,-143.119461,0
2020-09-28,sz.300301,5.0500,5.1000,4.6000,4.7100,5.0400,126031659,604403508.3100,20.202000,1,-6.547600,-7.381524,3.209814,2.744573,-133.748544,0
2020-09-29,sz.300301,4.7000,4.7400,4.4500,4.4500,4.7100,107373466,492723458.7700,17.211200,1,-5.520200,-6.974051,3.032627,2.593068,-126.365397,0
2020-09-30,sz.300301,4.4000,4.8300,4.0200,4.6000,4.4500,204294394,896199849.0800,32.746900,1,3.370800,-7.209131,3.134850,2.680475,-130.624905,0
2020-10-09,sz.300301,4.5000,5.2900,4.4700,5.0000,4.6000,185187151,902381639.5800,29.684100,1,8.695700,-7.836012,3.407446,2.913559,-141.983593,0
2020-10-12,sz.300301,4.8300,5.3000,4.7200,5.0900,5.0000,178350894,891922266.3700,28.588300,1,1.800000,-7.977061,3.468780,2.966003,-144.539297,0
2020-10-13,sz.300301,4.9800,6.1100,4.9300,6.1100,5.0900,228655345,1317562293.4900,36.651800,1,20.039300,-9.575607,4.163899,3.560369,-173.503950,0
2020-10-14,sz.300301,6.1200,6.7900,5.8000,6.3300,6.1100,257953436,1626945669.6500,41.348000,1,3.600700,-9.920392,4.313827,3.688566,-179.751228,0
2020-10-15,sz.300301,6.0000,6.6300,5.6700,6.0300,6.3300,167809149,1025233239.7300,26.898600,1,-4.739300,-9.450231,4.109380,3.513753,-171.232213,0
2020-10-16,sz.300301,5.8500,6.0600,5.6000,5.6500,6.0300,118427371,683064446.1900,18.983000,1,-6.301800,-8.854694,3.850414,3.292322,-160.441460,0
2020-10-19,sz.300301,5.5400,5.8800,5.5400,5.6900,5.6500,89911646,513496753.9800,14.412200,1,0.708000,-8.917382,3.877673,3.315630,-161.577328,0
2020-10-20,sz.300301,5.6500,6.3900,5.5400,6.2000,5.6900,154393712,942068996.8200,24.748200,1,8.963100,-9.716655,4.225233,3.612814,-176.059655,0
2020-10-21,sz.300301,6.0100,6.1200,5.7000,5.7600,6.2000,111967727,657461251.8400,17.947600,1,-7.096800,-9.027086,3.925378,3.356420,-163.565099,0
2020-10-22,sz.300301,5.6000,5.9900,5.3000,5.6400,5.7600,99497741,563870055.1100,15.948800,1,-2.083300,-8.839022,3.843599,3.286495,-160.157492,0
2020-10-23,sz.300301,5.5100,5.7400,5.2000,5.3400,5.6400,78884669,432226810.0200,12.644600,1,-5.319100,-8.368861,3.639152,3.111681,-151.638477,0
2020-10-26,sz.300301,5.3000,5.4400,5.1100,5.2800,5.3400,52334604,276077096.4300,8.388900,1,-1.123600,-8.274829,3.598263,3.076719,-149.934674,0
2020-10-27,sz.300301,5.1100,5.4400,5.0900,5.1800,5.2800,63318673,333086102.6400,10.149500,1,-1.893900,-8.118109,3.530114,3.018447,-147.095002,0
2020-10-28,sz.300301,5.0000,5.0700,4.6700,4.9200,5.1800,79526366,389288916.8800,12.747500,1,-5.019300,-7.710636,3.352927,2.866942,-139.711855,0
2020-10-29,sz.300301,4.8000,5.6500,4.7500,5.3700,4.9200,123757503,657606235.4600,19.837400,1,9.146300,-8.415877,3.659597,3.129163,-152.490378,0
2020-10-30,sz.300301,5.3000,5.4400,4.8000,4.8600,5.3700,87792022,443463511.8100,14.072400,1,-9.497200,-7.650420,3.282807,2.882462,79.507273,0
2020-11-02,sz.300301,4.8800,5.1300,4.8100,4.9000,4.8600,51470102,254843565.7200,8.250300,1,0.823000,-7.713386,3.309826,2.906186,80.161654,0
2020-11-03,sz.300301,4.9000,5.0900,4.7100,4.9700,4.9000,57983379,287581095.4400,9.294300,1,1.428600,-7.823577,3.357109,2.947703,81.306820,0
2020-11-04,sz.300301,4.9200,5.1300,4.8500,4.8700,4.9700,51144322,253411568.0200,8.198100,1,-2.012100,-7.666161,3.289562,2.888393,79.670868,0
2020-11-05,sz.300301,4.9400,4.9900,4.7600,4.8600,4.8700,48410282,235001633.3600,7.759800,1,-0.205300,-7.650420,3.282807,2.882462,79.507273,0
2020-11-06,sz.300301,4.8200,4.9000,4.5200,4.5900,4.8600,51515902,242161088.7800,8.257600,1,-5.555600,-7.225396,3.100429,2.722325,75.090202,0
2020-11-09,sz.300301,4.6400,4.9000,4.6000,4.8300,4.5900,57544800,276008893.0000,9.224000,1,5.228800,-7.603195,3.262543,2.864669,79.016487,0
2020-11-10,sz.300301,4.8300,5.4900,4.7100,5.1300,4.8300,111721244,574847520.5600,17.908100,1,6.211200,-8.075443,3.465185,3.042598,83.924344,0
2020-11-11,sz.300301,5.0500,5.4700,4.9000,5.2900,5.1300,95922904,501590498.8000,15.375700,1,3.118900,-8.327309,3.573261,3.137494,86.541867,0
2020-11-12,sz.300301,5.1300,5.2300,4.6100,4.7200,5.2900,88560864,432675852.4600,14.195700,1,-10.775000,-7.430037,3.188241,2.799428,77.216940,0
2020-11-13,sz.300301,4.6100,4.9000,4.5100,4.7300,4.7200,51313082,239934987.0200,8.225100,1,0.211900,-7.445779,3.194995,2.805359,77.380535,0
2020-11-16,sz.300301,4.7000,4.7200,4.4300,4.5300,4.7300,48922800,221998382.0000,7.842000,1,-4.228300,-7.130947,3.059900,2.686739,74.108631,0
2020-11-17,sz.300301,4.5300,4.7900,4.4300,4.6800,4.5300,65636646,306459117.2600,10.521100,1,3.311300,-7.367071,3.161222,2.775704,76.562559,0
2020-11-18,sz.300301,4.6000,4.9800,4.5700,4.9000,4.6800,79658803,382107149.5200,12.768700,1,4.700900,-7.713386,3.309826,2.906186,80.161654,0
2020-11-19,sz.300301,4.8000,5.8800,4.7100,5.8800,4.9000,187623172,1021193639.6100,30.074600,1,20.000000,-9.256063,3.971791,3.487423,96.193984,0
2020-11-20,sz.300301,5.6000,5.8400,5.3200,5.4800,5.8800,172411410,956315784.5000,27.636300,1,-6.802700,-8.626399,3.701601,3.250183,89.650176,0
2020-11-23,sz.300301,5.4200,5.7700,5.2800,5.4500,5.4800,112777543,622704982.1100,18.077400,1,-0.547400,-8.579174,3.681337,3.232390,89.159390,0
2020-11-24,sz.300301,5.3800,5.7300,5.1300,5.5500,5.4500,121367262,656797341.6800,19.454300,1,1.834900,-8.736590,3.748885,3.291700,90.795343,0
2020-11-25,sz.300301,5.4400,5.7000,5.2000,5.2100,5.5500,94437367,514890613.1600,15.137600,1,-6.126100,-8.201376,3.519223,3.090046,85.233105,0
2020-11-26,sz.300301,5.2100,5.4500,5.1000,5.3100,5.2100,79769543,420375420.1300,12.786500,1,1.919400,-8.358792,3.586771,3.149356,86.869057,0
2020-11-27,sz.300301,5.2600,5.6300,5.2400,5.3900,5.3100,90949004,495889215.4800,14.578500,1,1.506600,-8.484725,3.640809,3.196804,88.177819,0
2020-11-30,sz.300301,5.3000,5.8400,5.1800,5.7300,5.3900,107935301,593185468.0800,17.301200,1,6.308000,-9.019939,3.870470,3.398458,93.740056,0
2020-12-01,sz.300301,5.6000,5.8200,5.5400,5.6500,5.7300,100865170,571220114.2800,16.167900,1,-1.396200,-8.894006,3.816432,3.351010,92.431295,0
2020-12-02,sz.300301,5.6300,6.4700,5.6300,6.0100,5.6500,145548104,883526924.1500,23.330300,1,6.371700,-9.460704,4.059603,3.564526,98.320722,0
2020-12-03,sz.300301,5.8500,6.3500,5.7300,5.9900,6.0100,124556047,755215381.0100,19.965400,1,-0.332800,-9.429221,4.046093,3.552664,97.993532,0
2020-12-04,sz.300301,5.8200,5.8900,5.4100,5.4200,5.9900,99550450,556998297.6700,15.957200,1,-9.515900,-8.531949,3.661073,3.214597,88.668605,0
2020-12-07,sz.300301,5.4700,5.6400,5.3300,5.5600,5.4200,70487975,387073394.8500,11.298700,1,2.583000,-8.752332,3.755639,3.297631,90.958938,0
2020-12-08,sz.300301,5.5100,6.0800,5.4900,5.9500,5.5600,121311003,710004003.6300,19.445300,1,7.014400,-9.366254,4.019074,3.528940,97.339151,0
2020-12-09,sz.300301,5.8600,6.3600,5.7600,5.7900,5.9500,145304566,885624468.2800,23.291300,1,-2.689100,-9.114389,3.910999,3.434044,94.721628,0
2020-12-10,sz.300301,5.6800,5.9800,5.5000,5.5800,5.7900,102527008,582997221.6900,16.434300,1,-3.626900,-8.783815,3.769149,3.309493,91.286128,0
2020-12-11,sz.300301,5.5800,6.0900,5.5300,5.9500,5.5800,133873647,781874929.3700,21.459000,1,6.630800,-9.366254,4.019074,3.528940,97.339151,0
2020-12-14,sz.300301,5.8400,6.1500,5.7000,5.8400,5.9500,105719346,624581552.7000,16.946000,1,-1.848700,-9.193097,3.944772,3.463699,95.539604,0
2020-12-15,sz.300301,5.7000,5.7800,5.0000,5.0000,5.8400,135277739,717776168.6000,21.684000,1,-14.383600,-7.870802,3.377374,2.965496,81.797606,0
2020-12-16,sz.300301,4.8500,5.1900,4.6600,4.9700,5.0000,76047285,379904506.9500,12.189800,1,-0.600000,-7.823577,3.357109,2.947703,81.306820,0
2020-12-17,sz.300301,4.9200,5.0500,4.8000,4.8700,4.9700,59583215,290312711.0100,9.550800,1,-2.012100,-7.666161,3.289562,2.888393,79.670868,0
2020-12-18,sz.300301,4.8400,4.9800,4.7300,4.7600,4.8700,54627820,263853823.7000,8.756400,1,-2.258700,-7.493004,3.215260,2.823152,77.871321,0
2020-12-21,sz.300301,4.8300,5.1100,4.7800,4.9600,4.7600,64968629,322350653.8300,10.414000,1,4.201700,-7.807836,3.350355,2.941772,81.143225,0
2020-12-22,sz.300301,4.9300,5.0300,4.7100,4.7500,4.9600,56665032,274099254.3200,9.083000,1,-4.233900,-7.477262,3.208505,2.817221,77.707726,0
2020-12-23,sz.300301,4.7500,4.8500,4.4500,4.8100,4.7500,73322034,341137208.2800,11.753000,1,1.263200,-7.571712,3.249033,2.852807,78.689297,0
2020-12-24,sz.300301,4.7500,5.4500,4.7300,5.1200,4.8100,127322403,644774325.5300,20.408800,1,6.444900,-8.059701,3.458430,3.036667,83.760748,0
2020-12-25,sz.300301,5.0300,5.0900,4.7700,4.8500,5.1200,75934570,371355716.0800,12.171800,1,-5.273400,-7.634678,3.276052,2.876531,79.343678,0
2020-12-28,sz.300301,4.7900,4.9100,4.7000,4.8100,4.8500,53452300,256271647.0000,8.568000,1,-0.824700,-7.571712,3.249033,2.852807,78.689297,0
2020-12-29,sz.300301,4.8100,5.0400,4.7600,4.7900,4.8100,61460572,300536169.7000,9.851700,1,-0.415800,-7.540228,3.235524,2.840945,78.362106,0
2020-12-30,sz.300301,4.6800,4.7600,4.5200,4.6200,4.7900,54694541,253946954.5000,8.767100,1,-3.549100,-7.272621,3.120693,2.740118,75.580988,0
2020-12-31,sz.300301,4.6200,4.7300,4.5800,4.6000,4.6200,41627925,192850696.1400,6.672700,1,-0.432900,-7.241138,3.107184,2.728256,75.253797,0
2021-01-04,sz.300301,4.4800,4.6400,4.3600,4.5300,4.6000,54174918,243785798.7000,8.683800,1,-1.521700,-7.130947,3.059900,2.686739,74.108631,0
2021-01-05,sz.300301,4.4900,4.6600,4.4900,4.5600,4.5300,45811203,209412703.6000,7.343200,1,0.662300,-7.178171,3.080165,2.704532,74.599417,0
2021-01-06,sz.300301,4.6700,4.7000,4.4000,4.4300,4.5600,48751802,220923604.1300,7.814600,1,-2.850900,-6.973531,2.992353,2.627429,72.472679,0
2021-01-07,sz.300301,4.3500,4.4000,4.0200,4.0300,4.4300,60097424,250568799.4300,9.633200,1,-9.029300,-6.343866,2.722163,2.390189,65.928870,0
2021-01-08,sz.300301,4.0100,4.1000,3.9300,3.9800,4.0300,36479348,146739418.6700,5.847400,1,-1.240700,-6.265158,2.688389,2.360534,65.110894,0
2021-01-11,sz.300301,3.9400,4.0300,3.6400,3.7000,3.9800,51731597,196630699.0200,8.292200,1,-7.035200,-5.824394,2.499256,2.194467,60.530228,0
2021-01-12,sz.300301,3.7400,3.8700,3.6500,3.6900,3.7000,37189544,139111683.4000,5.961200,1,-0.270300,-5.808652,2.492502,2.188536,60.366633,0
2021-01-13,sz.300301,3.6800,3.8400,3.5400,3.7200,3.6900,42927699,160216314.6300,6.881000,1,0.813000,-5.855877,2.512766,2.206329,60.857419,0
2021-01-14,sz.300301,3.7100,3.7400,3.4200,3.4800,3.7200,41495370,147231951.1600,6.651400,1,-6.451600,-5.478078,2.350652,2.063985,56.931134,0
2021-01-15,sz.300301,3.5100,3.6300,3.4800,3.5400,3.4800,34658652,122761852.5000,5.555500,1,1.724100,-5.572528,2.391180,2.099571,57.912705,0
2021-01-18,sz.300301,3.5300,3.9200,3.5300,3.8300,3.5400,54955088,205278787.2900,8.808900,1,8.192100,-6.029034,2.587068,2.271570,62.656966,0
2021-01-19,sz.300301,3.7800,4.2400,3.7100,4.1000,3.8300,85812296,339892561.9400,13.755100,1,7.049600,-6.454058,2.769446,2.431706,67.074037,0
2021-01-20,sz.300301,4.0000,4.1700,3.8600,3.9000,4.1000,63620004,254762481.4300,10.197800,1,-4.878000,-6.139226,2.634351,2.313087,63.802133,0
2021-01-21,sz.300301,3.9000,4.0200,3.8600,3.8900,3.9000,42289856,166562704.9600,6.778800,1,-0.256400,-6.123484,2.627597,2.307156,63.638537,0
2021-01-22,sz.300301,3.8800,3.9700,3.7800,3.7800,3.8900,33224402,128463086.7600,5.325600,1,-2.827800,-5.950326,2.553294,2.241915,61.838990,0
2021-01-25,sz.300301,3.7100,3.9000,3.6900,3.7100,3.7800,29179448,110373086.2000,4.677300,1,-1.851900,-5.840135,2.506011,2.200398,60.693824,0
2021-01-26,sz.300301,3.7200,3.8100,3.5500,3.6200,3.7100,33141346,121112872.3000,5.312300,1,-2.425900,-5.698461,2.445218,2.147019,59.221467,0
2021-01-27,sz.300301,3.6100,3.6800,3.5200,3.5800,3.6200,26471963,94672327.6500,4.243300,1,-1.105000,-5.635494,2.418199,2.123295,58.567086,0
2021-01-28,sz.300301,3.5300,3.7200,3.5100,3.5800,3.5800,29863623,108228672.6800,4.786900,1,0.000000,-5.635494,2.418199,2.123295,58.567086,0
2021-01-29,sz.300301,3.6000,3.6200,3.2200,3.3500,3.5800,42943886,145231035.2800,6.883600,1,-6.424600,-5.273437,2.262840,1.986882,54.804396,0
2021-02-01,sz.300301,3.3200,3.5500,3.3200,3.4500,3.3500,30491900,105027030.0000,4.887600,1,2.985100,-5.430853,2.330388,2.046192,56.440348,0
2021-02-02,sz.300301,3.4900,3.4900,3.3300,3.3700,3.4500,27321900,92231701.0000,4.379500,1,-2.318800,-5.304921,2.276350,1.998744,55.131586,0
2021-02-03,sz.300301,3.3000,3.7100,3.2800,3.5300,3.3700,61304258,217688744.2400,9.826600,1,4.747800,-5.556786,2.384426,2.093640,57.749110,0
2021-02-04,sz.300301,3.4500,3.4900,3.2300,3.2600,3.5300,43814960,145978876.6600,7.023200,1,-7.648700,-5.131763,2.202048,1.933503,53.332039,0
2021-02-05,sz.300301,3.2800,3.3500,3.0800,3.0800,3.2600,33447012,107614552.7200,5.361300,1,-5.521500,-4.848414,2.080462,1.826745,50.387325,0
2021-02-08,sz.300301,3.0900,3.1800,3.0200,3.0900,3.0800,26484440,82347139.2000,4.245300,1,0.324700,-4.864156,2.087217,1.832676,50.550920,0
2021-02-09,sz.300301,3.0900,3.1400,3.0600,3.1000,3.0900,24427420,75692567.4000,3.915500,1,0.323600,-4.879897,2.093972,1.838607,50.714516,0
2021-02-10,sz.300301,3.2100,3.6600,3.2100,3.5100,3.1000,62873180,217184273.4600,10.078100,1,13.225800,-5.525303,2.370916,2.081778,57.421919,0
2021-02-18,sz.300301,3.6000,3.7000,3.4600,3.5700,3.5100,52922374,190110801.5800,8.483100,1,1.709400,-5.619753,2.411445,2.117364,58.403491,0
2021-02-19,sz.300301,3.4700,3.7400,3.4700,3.6800,3.5700,47033263,170515394.0100,7.539100,1,3.081200,-5.792910,2.485747,2.182605,60.203038,0
2021-02-22,sz.300301,3.6700,3.8600,3.6500,3.7200,3.6800,45716861,172576443.3900,7.328100,1,1.087000,-5.855877,2.512766,2.206329,60.857419,0
2021-02-23,sz.300301,3.7200,3.8300,3.6800,3.6900,3.7200,31113287,116137544.3300,4.987200,1,-0.806500,-5.808652,2.492502,2.188536,60.366633,0
2021-02-24,sz.300301,3.7000,4.0900,3.7000,3.8800,3.6900,64200121,250922001.1600,10.290800,1,5.149100,-6.107742,2.620842,2.301225,63.474942,0
2021-02-25,sz.300301,3.8700,3.9300,3.7200,3.7700,3.8800,41510732,157794653.7800,6.653900,1,-2.835100,-5.934585,2.546540,2.235984,61.675395,0
2021-02-26,sz.300301,3.7200,3.9000,3.7200,3.7400,3.7700,31760652,120808912.8000,5.091000,1,-0.795800,-5.887360,2.526275,2.218191,61.184609,0
2021-03-01,sz.300301,3.8000,3.8700,3.7400,3.8100,3.7400,31593200,120108264.0000,5.064200,1,1.871700,-5.997551,2.573559,2.259708,62.329776,0
2021-03-02,sz.300301,3.8100,3.8400,3.6600,3.6900,3.8100,26857300,99861532.0000,4.305000,1,-3.149600,-5.808652,2.492502,2.188536,60.366633,0
2021-03-03,sz.300301,3.6200,3.8000,3.6200,3.7300,3.6900,26285662,97787152.4600,4.213400,1,1.084000,-5.871618,2.519521,2.212260,61.021014,0
2021-03-04,sz.300301,3.7200,3.8100,3.6400,3.7500,3.7300,41098450,153551430.5000,6.587800,1,0.536200,-5.903102,2.533030,2.224122,61.348204,0
2021-03-05,sz.300301,3.7500,4.2700,3.6700,4.0300,3.7500,83646866,333888242.5600,13.408000,1,7.466700,-6.343866,2.722163,2.390189,65.928870,0
2021-03-08,sz.300301,3.9900,4.1100,3.8100,3.8600,4.0300,51933546,204420478.9200,8.324600,1,-4.218400,-6.076259,2.607332,2.289363,63.147752,0
2021-03-09,sz.300301,3.8600,3.9800,3.7000,3.8400,3.8600,57010000,219937160.0000,9.138300,1,-0.518100,-6.044776,2.593823,2.277501,62.820561,0
2021-03-10,sz.300301,3.8200,3.8500,3.6200,3.6600,3.8400,43520326,161036570.9500,6.976000,1,-4.687500,-5.761427,2.472237,2.170743,59.875847,0
2021-03-11,sz.300301,3.6200,3.9400,3.6100,3.8400,3.6600,47381653,179337159.8800,7.594900,1,4.918000,-6.044776,2.593823,2.277501,62.820561,0
2021-03-12,sz.300301,3.8000,3.9700,3.7600,3.7900,3.8400,41115740,158525864.7600,6.590600,1,-1.302100,-5.966068,2.560049,2.247846,62.002585,0
2021-03-15,sz.300301,3.7500,3.7900,3.6800,3.7100,3.7900,29672800,110505045.0000,4.756300,1,-2.110800,-5.840135,2.506011,2.200398,60.693824,0
2021-03-16,sz.300301,3.6900,3.7600,3.6600,3.7200,3.7100,26573703,98595537.1300,4.259600,1,0.269500,-5.855877,2.512766,2.206329,60.857419,0
2021-03-17,sz.300301,3.7200,3.8000,3.6600,3.7500,3.7200,29665608,111218085.9500,4.755200,1,0.806500,-5.903102,2.533030,2.224122,61.348204,0
2021-03-18,sz.300301,3.7500,3.7500,3.5700,3.5900,3.7500,36315923,132248289.8600,5.821200,1,-4.266700,-5.651236,2.424954,2.129226,58.730681,0
2021-03-19,sz.300301,3.5200,3.6300,3.5200,3.5200,3.5900,23394843,83106489.6300,3.750000,1,-1.949900,-5.541045,2.377671,2.087709,57.585515,0
2021-03-22,sz.300301,3.5000,3.5700,3.4100,3.5300,3.5200,29158900,101751983.0000,4.674000,1,0.284100,-5.556786,2.384426,2.093640,57.749110,0
2021-03-23,sz.300301,3.5500,3.5500,3.3800,3.4100,3.5300,23140552,79955675.8000,3.709300,1,-3.399400,-5.367887,2.303369,2.022468,55.785967,0
2021-03-24,sz.300301,3.3800,3.4400,3.3500,3.3700,3.4100,20575182,69587921.3600,3.298100,1,-1.173000,-5.304921,2.276350,1.998744,55.131586,0
2021-03-25,sz.300301,3.3700,3.4400,3.3500,3.3600,3.3700,19969599,67789181.8400,3.201000,1,-0.296700,-5.289179,2.269595,1.992813,54.967991,0
2021-03-26,sz.300301,3.3600,3.4600,3.2900,3.4100,3.3600,23152186,77902737.2300,3.711100,1,1.488100,-5.367887,2.303369,2.022468,55.785967,0
2021-03-29,sz.300301,3.4000,3.4500,3.3600,3.3700,3.4100,16038860,54562835.1500,2.570900,1,-1.173000,-5.304921,2.276350,1.998744,55.131586,0
2021-03-30,sz.300301,3.3500,3.4100,3.2900,3.2900,3.3700,19659675,65550460.0700,3.151300,1,-2.373900,-5.178988,2.222312,1.951296,53.822825,0
2021-03-31,sz.300301,3.2800,3.3100,3.2400,3.2700,3.2900,13964904,45651591.5500,2.238500,1,-0.607900,-5.147505,2.208802,1.939434,53.495634,0
2021-04-01,sz.300301,3.2600,3.3300,3.2300,3.2800,3.2700,17517417,57431221.7200,2.807900,1,0.305800,-5.163246,2.215557,1.945365,53.659229,0
2021-04-02,sz.300301,3.2600,3.4300,3.2600,3.3800,3.2800,26249400,88399518.0000,4.207600,1,3.048800,-5.320662,2.283104,2.004675,55.295182,0
2021-04-06,sz.300301,3.3800,3.5000,3.3600,3.4400,3.3800,26318767,90647700.4900,4.218700,1,1.775100,-5.415112,2.323633,2.040261,56.276753,0
2021-04-07,sz.300301,3.4200,3.4800,3.3800,3.4200,3.4400,21764900,74342702.0000,3.488800,1,-0.581400,-5.383629,2.310123,2.028399,55.949562,0
2021-04-08,sz.300301,3.4100,3.4400,3.3100,3.3100,3.4200,21307059,71594890.4000,3.415400,1,-3.216400,-5.210471,2.235821,1.963158,54.150015,0
2021-04-09,sz.300301,3.2800,3.3500,3.2500,3.3100,3.3100,13744650,45369159.0000,2.203200,1,0.000000,-5.210471,2.235821,1.963158,54.150015,0
2021-04-12,sz.300301,3.3200,3.3300,3.2000,3.2100,3.3100,16724200,54485123.0000,2.680800,1,-3.021100,-5.053055,2.168274,1.903848,52.514063,0
2021-04-13,sz.300301,3.2300,3.2500,3.1500,3.1600,3.2100,14123200,45138911.0000,2.263800,1,-1.557600,-4.974347,2.134500,1.874193,51.696087,0
2021-04-14,sz.300301,3.1700,3.2400,3.1500,3.2300,3.1600,12703600,40685969.0000,2.036300,1,2.215200,-5.084538,2.181783,1.915710,52.841253,0
2021-04-15,sz.300301,3.2100,3.2600,3.1700,3.2100,3.2300,14240450,45726788.5000,2.282600,1,-0.619200,-5.053055,2.168274,1.903848,52.514063,0
2021-04-16,sz.300301,3.2100,3.3300,3.2100,3.3200,3.2100,21605800,70946782.0000,3.463300,1,3.426800,-5.226213,2.242576,1.969089,54.313610,0
2021-04-19,sz.300301,3.3200,3.3700,3.3100,3.3500,3.3200,16495191,55251355.9400,2.644100,1,0.903600,-5.273437,2.262840,1.986882,54.804396,0
2021-04-20,sz.300301,3.3400,3.4600,3.3000,3.3100,3.3500,23231400,78229198.0000,3.723800,1,-1.194000,-5.210471,2.235821,1.963158,54.150015,0
2021-04-21,sz.300301,3.2900,3.3200,3.2400,3.2600,3.3100,14837900,48554026.0000,2.378400,1,-1.510600,-5.131763,2.202048,1.933503,53.332039,0
2021-04-22,sz.300301,3.2700,3.3200,3.2400,3.2600,3.2600,14808500,48427194.0000,2.373700,1,0.000000,-5.131763,2.202048,1.933503,53.332039,0
2021-04-23,sz.300301,3.2700,3.3800,3.1700,3.3700,3.2600,28196693,91938146.3100,4.519700,1,3.374200,-5.304921,2.276350,1.998744,55.131586,0
2021-04-26,sz.300301,3.2600,3.2600,3.1400,3.1500,3.3700,34916600,112170434.0000,5.596900,1,-6.528200,-4.958605,2.127745,1.868262,51.532492,0
2021-04-27,sz.300301,3.1000,3.1100,2.8800,2.9200,3.1500,32473214,96474089.8000,4.110000,1,-7.301600,-89.453829,2.027735,1.738017,-50.470550,0
2021-04-28,sz.300301,2.8800,2.9900,2.8700,2.9300,2.9200,13506846,39782060.7800,1.709500,1,0.342500,-89.760178,2.034679,1.743969,-50.643394,0
2021-04-29,sz.300301,2.9000,2.9600,2.9000,2.9000,2.9300,14119734,41255478.4000,1.787100,1,-1.023900,-88.841131,2.013846,1.726112,-50.124861,0
2021-04-30,sz.300301,2.8800,2.9100,2.7600,2.7800,2.9000,22133945,62094895.3500,2.801400,1,-4.137900,-85.164947,1.930515,1.654687,-48.050729,0
2021-05-06,sz.300301,2.7800,2.8800,2.7500,2.8500,2.7800,17592586,49482617.5000,2.226600,1,2.518000,-87.309388,1.979125,1.696352,-49.260639,0
2021-05-07,sz.300301,2.8500,2.9800,2.8100,2.9200,2.8500,23271953,67939094.7100,2.945400,1,2.456100,-89.453829,2.027735,1.738017,-50.470550,0
2021-05-10,sz.300301,2.9100,3.0100,2.8700,2.9500,2.9200,21218083,62549185.0800,2.685500,1,1.027400,-90.372875,2.048568,1.755873,-50.989083,0
2021-05-11,sz.300301,2.9300,3.1500,2.9200,3.1200,2.9500,35633200,108718354.0000,4.509900,1,5.762700,-95.580803,2.166621,1.857059,-53.927437,0
2021-05-12,sz.300301,3.0600,3.1000,3.0100,3.0600,3.1200,23995900,73344578.0000,3.037000,1,-1.923100,-93.742711,2.124955,1.821346,-52.890370,0
2021-05-13,sz.300301,3.0200,3.1400,3.0200,3.0500,3.0600,18876000,58096686.0000,2.389000,1,-0.326800,-93.436362,2.118011,1.815394,-52.717526,0
2021-05-14,sz.300301,3.0600,3.1100,3.0400,3.0800,3.0500,18313700,56219349.0000,2.317900,1,0.983600,-94.355408,2.138844,1.833250,-53.236059,0
2021-05-17,sz.300301,3.1000,3.1100,2.9800,3.0300,3.0800,17626800,53629513.0000,2.230900,1,-1.623400,-92.823665,2.104122,1.803490,-52.371837,0
2021-05-18,sz.300301,3.0300,3.0500,2.9900,3.0000,3.0300,12227720,36848692.6000,1.547600,1,-0.990100,-91.904619,2.083289,1.785634,-51.853304,0
2021-05-19,sz.300301,2.9400,3.0200,2.9400,2.9400,3.0000,13108700,38808829.0000,1.659100,1,-2.000000,-90.066526,2.041623,1.749921,-50.816238,0
2021-05-20,sz.300301,2.9400,3.0900,2.8700,3.0100,2.9400,23514859,69852565.0500,2.976200,1,2.381000,-92.210967,2.090234,1.791586,-52.026149,0
2021-05-21,sz.300301,3.0100,3.5600,3.0000,3.2600,3.0100,75717335,251793066.6600,9.583200,1,8.305600,-99.869686,2.263841,1.940388,-56.347257,0
2021-05-24,sz.300301,3.3000,3.3400,3.1800,3.1900,3.2600,45730452,148338420.9200,5.787900,1,-2.147200,-97.725244,2.215231,1.898724,-55.137347,0
2021-05-25,sz.300301,3.2100,3.2300,3.1200,3.1400,3.1900,24452240,77139790.8000,3.094800,1,-1.567400,-96.193501,2.180509,1.868963,-54.273125,0
2021-05-26,sz.300301,3.1400,3.2100,3.1200,3.1500,3.1400,22066059,69675911.6700,2.792800,1,0.318500,-96.499850,2.187454,1.874915,-54.445970,0
2021-05-27,sz.300301,3.1500,3.2600,3.1200,3.2200,3.1500,26083702,83579814.6700,3.301300,1,2.222200,-98.644291,2.236064,1.916580,-55.655880,0
2021-05-28,sz.300301,3.2000,3.2200,3.1100,3.1200,3.2200,21962043,69045767.1600,2.779600,1,-3.105600,-95.580803,2.166621,1.857059,-53.927437,0
2021-05-31,sz.300301,3.1400,3.2400,3.1300,3.1800,3.1200,18553000,58949868.0000,2.348200,1,1.923100,-97.418896,2.208287,1.892772,-54.964503,0
2021-06-01,sz.300301,3.1800,3.3700,3.1600,3.2500,3.1800,38670907,126662412.7700,4.894400,1,2.201300,-99.563337,2.256897,1.934436,-56.174413,0
2021-06-02,sz.300301,3.2100,3.2800,3.1600,3.1800,3.2500,24075700,77428216.5000,3.047100,1,-2.153800,-97.418896,2.208287,1.892772,-54.964503,0
2021-06-03,sz.300301,3.1100,3.2000,3.0800,3.0900,3.1800,22214600,69761655.9800,2.811600,1,-2.830200,-94.661757,2.145788,1.839203,-53.408903,0
2021-06-04,sz.300301,3.0700,3.1100,3.0300,3.0500,3.0900,18769202,57598653.1200,2.375500,1,-1.294500,-93.436362,2.118011,1.815394,-52.717526,0
2021-06-07,sz.300301,3.1000,3.1800,3.0700,3.1500,3.0500,18658800,58305441.0000,2.361500,1,3.278700,-96.499850,2.187454,1.874915,-54.445970,0
2021-06-08,sz.300301,3.1700,3.2200,3.1000,3.1700,3.1500,21170100,66764197.0000,2.679400,1,0.634900,-97.112547,2.201342,1.886819,-54.791658,0
2021-06-09,sz.300301,3.1700,3.3400,3.1600,3.2600,3.1700,42684200,139294628.0000,5.402300,1,2.839100,-99.869686,2.263841,1.940388,-56.347257,0
2021-06-10,sz.300301,3.2600,3.3200,3.1900,3.2800,3.2600,31384300,102117679.0000,3.972100,1,0.613500,-100.482383,2.277730,1.952293,-56.692946,0
2021-06-11,sz.300301,3.2600,3.3100,3.2100,3.2200,3.2800,24286200,79106898.0000,3.073800,1,-1.829300,-98.644291,2.236064,1.916580,-55.655880,0
2021-06-15,sz.300301,3.2100,3.4100,3.2100,3.3800,3.2200,48299215,161281000.5800,6.113000,1,4.968900,-103.545870,2.347173,2.011814,-58.421390,0
2021-06-16,sz.300301,3.3500,3.6400,3.3100,3.5200,3.3800,73325431,256388451.5200,9.280400,1,4.142000,-107.834752,2.444393,2.095143,-60.841210,0
2021-06-17,sz.300301,3.5200,3.6300,3.4000,3.6000,3.5200,76706969,270038739.2100,9.708400,1,2.272700,-110.285542,2.499947,2.142760,-62.223965,0
2021-06-18,sz.300301,3.6800,4.1600,3.5200,3.8800,3.6000,106690072,402173031.4000,13.503200,1,7.777800,-118.863307,2.694387,2.309419,-67.063607,0
2021-06-21,sz.300301,3.7100,3.9500,3.6900,3.8300,3.8800,74732212,286845677.0000,9.458500,1,-1.288700,-117.331563,2.659666,2.279659,-66.199385,0
2021-06-22,sz.300301,3.7900,4.6000,3.7800,4.6000,3.8300,132118689,562612883.9900,16.721600,1,20.104400,-140.920415,3.194377,2.737971,-79.508400,0
2021-06-23,sz.300301,4.9000,4.9000,4.2300,4.3800,4.6000,162257547,739438585.1400,20.536100,1,-4.782600,-134.180743,3.041602,2.607025,-75.705824,0
2021-06-24,sz.300301,4.3300,4.3800,4.0400,4.0500,4.3800,103592425,432236222.6100,13.111200,1,-7.534200,-124.071235,2.812440,2.410605,-70.001961,0
2021-06-25,sz.300301,4.0200,4.1600,3.8600,3.8800,4.0500,71465280,283670244.8000,9.045000,1,-4.197500,-118.863307,2.694387,2.309419,-67.063607,0
2021-06-28,sz.300301,3.8800,4.0200,3.8300,3.9100,3.8800,54433200,213090779.0000,6.889300,1,0.773200,-119.782353,2.715220,2.327276,-67.582140,0
2021-06-29,sz.300301,3.8900,3.8900,3.6600,3.6600,3.9100,57951685,215760201.3000,7.334600,1,-6.393900,-112.123635,2.541613,2.178473,-63.261031,0
2021-06-30,sz.300301,3.6500,3.8100,3.6400,3.7200,3.6600,44616252,166645639.4000,5.646800,1,1.639300,-113.961727,2.583279,2.214186,-64.298097,0
2021-07-01,sz.300301,3.6900,3.8300,3.5600,3.5600,3.7200,48675885,180336035.5000,6.160700,1,-4.301100,-109.060147,2.472170,2.118952,-61.532588,0
2021-07-02,sz.300301,3.5500,3.6400,3.5400,3.5700,3.5600,30398100,109080253.0000,3.847300,1,0.280900,-109.366496,2.479114,2.124904,-61.705432,0
2021-07-05,sz.300301,3.5200,3.7800,3.5200,3.7400,3.5700,38771877,143033619.4300,4.907200,1,4.761900,-114.574425,2.597167,2.226090,-64.643786,0
2021-07-06,sz.300301,3.7100,3.9200,3.6800,3.8600,3.7400,53976100,206152553.0000,6.831500,1,3.208600,-118.250609,2.680499,2.297515,-66.717918,0
2021-07-07,sz.300301,3.8000,3.8400,3.7300,3.7400,3.8600,37010462,139447359.5600,4.684200,1,-3.108800,-114.574425,2.597167,2.226090,-64.643786,0
2021-07-08,sz.300301,3.7300,3.9500,3.7000,3.8600,3.7400,50303800,193268472.8000,6.366700,1,3.208600,-118.250609,2.680499,2.297515,-66.717918,0
2021-07-09,sz.300301,3.8400,4.0100,3.8000,3.9300,3.8600,45915668,180238123.5600,5.811300,1,1.813500,-120.395050,2.729109,2.339180,-67.927829,0
2021-07-12,sz.300301,3.8900,3.9700,3.7400,3.7700,3.9300,65507000,250644688.0200,8.290900,1,-4.071200,-115.493471,2.618000,2.243946,-65.162319,0
2021-07-13,sz.300301,3.7600,3.8800,3.7300,3.8300,3.7700,43811883,167114937.5500,5.545000,1,1.591500,-117.331563,2.659666,2.279659,-66.199385,0
2021-07-14,sz.300301,3.7800,3.8800,3.6600,3.6800,3.8300,44312307,165711796.1800,5.608400,1,-3.916400,-112.736332,2.555501,2.190377,-63.606720,0
2021-07-15,sz.300301,3.6800,3.6900,3.5400,3.5700,3.6800,32835485,117785367.0000,4.155800,1,-2.989100,-109.366496,2.479114,2.124904,-61.705432,0
2021-07-16,sz.300301,3.5600,3.7100,3.5500,3.6400,3.5700,27896200,101768243.0000,3.530700,1,1.960800,-111.510937,2.527724,2.166569,-62.915343,0
2021-07-19,sz.300301,3.6400,3.6800,3.5800,3.6300,3.6400,20544650,74419250.0000,2.600200,1,-0.274700,-111.204589,2.520780,2.160617,-62.742498,0
2021-07-20,sz.300301,3.6000,3.9100,3.5600,3.8700,3.6300,57319365,215110657.2600,7.254600,1,6.611600,-118.556958,2.687443,2.303467,-66.890763,0
2021-07-21,sz.300301,3.8200,4.0300,3.8200,3.9400,3.8700,71669200,281947224.0000,9.070800,1,1.808800,-120.701399,2.736053,2.345132,-68.100673,0
2021-07-22,sz.300301,3.9300,4.2000,3.8900,4.0900,3.9400,80307499,327983379.1100,10.164100,1,3.807100,-125.296630,2.840218,2.434414,-70.693338,0
2021-07-23,sz.300301,4.1000,4.3300,4.0400,4.0600,4.0900,86467265,358100029.7400,10.943700,1,-0.733500,-124.377584,2.819385,2.416557,-70.174805,0
2021-07-26,sz.300301,4.0500,4.1200,3.8800,3.9800,4.0600,68970651,275916329.7300,8.729300,1,-1.970400,-121.926794,2.763830,2.368940,-68.792050,0
2021-07-27,sz.300301,4.0400,4.0800,3.8900,3.8900,3.9800,52906320,210542721.8000,6.696100,1,-2.261300,-119.169655,2.701332,2.315371,-67.236451,0
2021-07-28,sz.300301,3.8900,3.8900,3.5000,3.6000,3.8900,47370010,172231032.8000,5.995400,1,-7.455000,-110.285542,2.499947,2.142760,-62.223965,0
2021-07-29,sz.300301,3.6600,4.3200,3.6500,4.1500,3.6000,126530644,518677424.8000,16.014300,1,15.277800,-127.134722,2.881883,2.470126,-71.730404,0
2021-07-30,sz.300301,4.1600,4.1900,4.0000,4.0900,4.1500,89782931,367390691.9700,11.363400,1,-1.445800,-125.296630,2.840218,2.434414,-70.693338,0
2021-08-02,sz.300301,4.1100,4.1400,3.9300,4.0000,4.0900,64866500,259210667.0000,8.209800,1,-2.200500,-122.539491,2.777719,2.380845,-69.137739,0
2021-08-03,sz.300301,4.0600,4.1200,3.8600,3.8900,4.0000,58297644,232310827.5600,7.378400,1,-2.750000,-119.169655,2.701332,2.315371,-67.236451,0
2021-08-04,sz.300301,3.8600,3.9900,3.8000,3.9100,3.8900,42259260,165632812.0000,5.348500,1,0.514100,-119.782353,2.715220,2.327276,-67.582140,0
2021-08-05,sz.300301,3.8800,4.0000,3.7500,3.9000,3.9100,48462900,188228032.0000,6.133700,1,-0.255800,-119.476004,2.708276,2.321324,-67.409296,0
2021-08-06,sz.300301,3.8600,3.8800,3.7200,3.7800,3.9000,42153466,158500871.0200,5.335100,1,-3.076900,-115.799819,2.624944,2.249898,-65.335163,0
2021-08-09,sz.300301,3.7500,3.7700,3.6700,3.7000,3.7800,29618085,109757122.5000,3.748600,1,-2.116400,-113.349030,2.569390,2.202281,-63.952409,0
2021-08-10,sz.300301,3.6800,3.8500,3.6800,3.7800,3.7000,34766710,131253626.3000,4.400200,1,2.162200,-115.799819,2.624944,2.249898,-65.335163,0
2021-08-11,sz.300301,3.7800,3.9500,3.7300,3.9200,3.7800,49132231,190197749.2900,6.218400,1,3.703700,-120.088702,2.722165,2.333228,-67.754984,0
2021-08-12,sz.300301,3.9000,4.0200,3.8800,3.9700,3.9200,54928906,217303659.1200,6.952100,1,1.275500,-121.620445,2.756886,2.362988,-68.619206,0
2021-08-13,sz.300301,3.9700,4.0400,3.8700,3.9100,3.9700,37440152,147385801.3000,4.738600,1,-1.511300,-119.782353,2.715220,2.327276,-67.582140,0
2021-08-16,sz.300301,3.8400,3.9000,3.7600,3.7800,3.9100,31180260,119064838.8000,3.946300,1,-3.324800,-115.799819,2.624944,2.249898,-65.335163,0
2021-08-17,sz.300301,3.7600,3.9100,3.7100,3.7400,3.7800,42447500,161550882.0000,5.372400,1,-1.058200,-114.574425,2.597167,2.226090,-64.643786,0
2021-08-18,sz.300301,3.7000,3.7500,3.5500,3.7300,3.7400,40530900,147790036.0000,5.129800,1,-0.267400,-114.268076,2.590223,2.220138,-64.470942,0
2021-08-19,sz.300301,3.7000,3.7200,3.5800,3.6000,3.7300,27111200,98531713.0000,3.431300,1,-3.485300,-110.285542,2.499947,2.142760,-62.223965,0
2021-08-20,sz.300301,3.5700,3.6900,3.5000,3.6400,3.6000,32087844,115216268.7100,4.061200,1,1.111100,-111.510937,2.527724,2.166569,-62.915343,0
2021-08-23,sz.300301,3.5800,3.7400,3.5800,3.7100,3.6400,32002856,117650844.1600,4.050400,1,1.923100,-113.655378,2.576334,2.208233,-64.125253,0
2021-08-24,sz.300301,3.7000,3.7400,3.5600,3.5900,3.7100,33586000,121632044.0000,4.250800,1,-3.234500,-109.979194,2.493003,2.136808,-62.051121,0
2021-08-25,sz.300301,3.6000,3.6200,3.5200,3.5200,3.5900,24828300,88088167.0000,3.142400,1,-1.949900,-107.834752,2.444393,2.095143,-60.841210,0
2021-08-26,sz.300301,3.5100,3.5700,3.4700,3.4700,3.5200,22094400,77808886.0000,2.796400,1,-1.420500,-106.303009,2.409671,2.065383,-59.976989,0
2021-08-27,sz.300301,3.4800,3.4900,3.2300,3.2900,3.4700,39763276,131431279.8300,5.032600,1,-5.187300,-100.788732,2.284674,1.958245,-56.865790,0
2021-08-30,sz.300301,3.2600,3.5500,3.2500,3.4400,3.2900,36192162,124632855.8400,4.580700,1,4.559300,-182.482017,2.372736,2.051654,-445.340040,0
2021-08-31,sz.300301,3.4600,3.4600,3.3300,3.3600,3.4400,19387062,65398680.1400,2.453700,1,-2.325600,-178.238249,2.317556,2.003942,-434.983295,0
2021-09-01,sz.300301,3.3300,3.4300,3.3100,3.4200,3.3600,23735017,80110886.6300,3.004000,1,1.785700,-181.421075,2.358941,2.039726,-442.750854,0
2021-09-02,sz.300301,3.3900,3.4500,3.3600,3.4500,3.4200,18948700,64854789.0000,2.398200,1,0.877200,-183.012488,2.379633,2.057619,-446.634633,0
2021-09-03,sz.300301,3.4800,3.5800,3.3900,3.3900,3.4500,29818700,103837313.0000,3.774000,1,-1.739100,-179.829662,2.338249,2.021834,-438.867074,0
2021-09-06,sz.300301,3.4500,3.5500,3.4100,3.4300,3.3900,31806222,110316132.3000,4.025500,1,1.179900,-181.951546,2.365838,2.045690,-444.045447,0
2021-09-07,sz.300301,3.4000,3.4500,3.3700,3.4500,3.4300,24416040,83041832.6000,3.090200,1,0.583100,-183.012488,2.379633,2.057619,-446.634633,0
2021-09-08,sz.300301,3.4300,3.5700,3.4000,3.5600,3.4500,40556000,142843278.0000,5.133000,1,3.188400,-188.847668,2.455506,2.123224,-460.875158,0
2021-09-09,sz.300301,3.5900,3.6200,3.5200,3.5500,3.5600,27510000,97732420.0000,3.481800,1,-0.280900,-188.317197,2.448608,2.117260,-459.580564,0
2021-09-10,sz.300301,3.5400,3.5700,3.4700,3.5000,3.5500,27421657,96396447.7800,3.470600,1,-1.408500,-185.664842,2.414121,2.087439,-453.107599,0
2021-09-13,sz.300301,3.4900,3.5400,3.4400,3.5400,3.5000,23350180,81525133.8000,2.955300,1,1.142900,-187.786726,2.441711,2.111296,-458.285971,0
2021-09-14,sz.300301,3.5300,3.6100,3.4500,3.5300,3.5400,42099400,148934108.1200,5.328300,1,-0.282500,-187.256255,2.434813,2.105331,-456.991378,0
2021-09-15,sz.300301,3.5000,3.5200,3.4500,3.4700,3.5300,25754360,89511353.0000,3.259600,1,-1.699700,-184.073429,2.393428,2.069547,-449.223819,0
2021-09-16,sz.300301,3.4700,3.5300,3.3600,3.3600,3.4700,26521896,91513406.0000,3.356700,1,-3.170000,-178.238249,2.317556,2.003942,-434.983295,0
2021-09-17,sz.300301,3.3300,3.3900,3.2700,3.3100,3.3600,20411042,67704395.1900,2.583300,1,-1.488100,-175.585894,2.283069,1.974121,-428.510329,0
2021-09-22,sz.300301,3.2600,3.3300,3.2500,3.3000,3.3100,10501300,34596393.0000,1.329100,1,-0.302100,-175.055423,2.276171,1.968157,-427.215736,0
2021-09-23,sz.300301,3.3200,3.4000,3.3100,3.3500,3.3000,16571100,55618643.0000,2.097300,1,1.515200,-177.707778,2.310659,1.997977,-433.688702,0
2021-09-24,sz.300301,3.3600,3.3900,3.2900,3.3200,3.3500,20157183,67095501.0500,2.551200,1,-0.895500,-176.116365,2.289966,1.980085,-429.804922,0
2021-09-27,sz.300301,3.3100,3.3400,3.1500,3.1900,3.3200,19606240,63288157.8000,2.481500,1,-3.915700,-169.220242,2.200299,1.902552,-412.975211,0
2021-09-28,sz.300301,3.1800,3.2100,3.1600,3.2000,3.1900,11211300,35730742.0000,1.419000,1,0.313500,-169.750713,2.207196,1.908516,-414.269805,0
2021-09-29,sz.300301,3.1800,3.1900,3.0600,3.0600,3.2000,14088300,43946724.0000,1.783100,1,-4.375000,-162.324119,2.110631,1.825018,-396.145501,0
2021-09-30,sz.300301,3.0900,3.1400,3.0800,3.1300,3.0600,9454460,29421666.4000,1.196600,1,2.287600,-166.037416,2.158914,1.866767,-405.207653,0
2021-10-08,sz.300301,3.1700,3.2700,3.1500,3.2600,3.1300,17584800,56782138.0000,2.225600,1,4.153400,-172.933539,2.248581,1.944300,-422.037363,0
2021-10-11,sz.300301,3.2500,3.2900,3.2000,3.2300,3.2600,11825460,38302058.6000,1.496700,1,-0.920200,-171.342126,2.227889,1.926408,-418.153584,0
2021-10-12,sz.300301,3.2300,3.2800,3.1700,3.2300,3.2300,12333000,39662489.0000,1.560900,1,0.000000,-171.342126,2.227889,1.926408,-418.153584,0
2021-10-13,sz.300301,3.2500,3.2600,3.1800,3.2300,3.2300,11614902,37365589.4000,1.470000,1,0.000000,-171.342126,2.227889,1.926408,-418.153584,0
2021-10-14,sz.300301,3.2300,3.2500,3.1900,3.2200,3.2300,9084000,29225300.0000,1.149700,1,-0.309600,-170.811655,2.220991,1.920444,-416.858991,0
2021-10-15,sz.300301,3.2000,3.2800,3.2000,3.2000,3.2200,10607096,34270567.1600,1.342500,1,-0.621100,-169.750713,2.207196,1.908516,-414.269805,0
2021-10-18,sz.300301,3.2000,3.2400,3.1200,3.2200,3.2000,10326896,32935770.1600,1.307000,1,0.625000,-170.811655,2.220991,1.920444,-416.858991,0
2021-10-19,sz.300301,3.2400,3.2700,3.1500,3.1500,3.2200,14031300,44909039.6000,1.775900,1,-2.173900,-167.098358,2.172709,1.878695,-407.796839,0
2021-10-20,sz.300301,3.1500,3.1800,3.1400,3.1500,3.1500,8274200,26103840.0000,1.047200,1,0.000000,-167.098358,2.172709,1.878695,-407.796839,0
2021-10-21,sz.300301,3.1400,3.1600,3.0500,3.0900,3.1500,11563900,35842649.0000,1.463600,1,-1.904800,-163.915532,2.131324,1.842911,-400.029280,0
2021-10-22,sz.300301,3.0800,3.1400,3.0700,3.0900,3.0900,10022896,31085862.5600,1.268500,1,0.000000,-163.915532,2.131324,1.842911,-400.029280,0
2021-10-25,sz.300301,3.0900,3.1900,3.0400,3.1800,3.0900,13488177,42311480.0500,1.707100,1,2.912600,-168.689771,2.193401,1.896588,-411.680618,0
2021-10-26,sz.300301,3.1800,3.8200,3.1800,3.4600,3.1800,80801835,284315281.5000,10.226700,1,8.805000,-6724.191843,2.337149,1.711102,-49.304380,0
2021-10-27,sz.300301,3.3600,3.5700,3.3200,3.5400,3.4600,65749100,227361221.2000,8.321500,1,2.312100,-6879.664487,2.391188,1.750665,-50.444366,0
2021-10-28,sz.300301,3.4600,3.4900,3.3700,3.4300,3.5400,36910900,126395769.0000,4.671600,1,-3.107300,-6665.889602,2.316885,1.696266,-48.876886,0
2021-10-29,sz.300301,3.4500,3.7300,3.4000,3.6100,3.4300,58636996,210528222.9500,7.421400,1,5.247800,-7015.703050,2.438471,1.785283,-51.441853,0
2021-11-01,sz.300301,3.5200,3.6600,3.5200,3.6100,3.6100,40634640,145688007.6000,5.142900,1,0.000000,-7015.703050,2.438471,1.785283,-51.441853,0
2021-11-02,sz.300301,3.5900,3.5900,3.4200,3.5000,3.6100,42836625,149933644.0600,5.421600,1,-3.047100,-6801.928165,2.364168,1.730883,-49.874373,0
2021-11-03,sz.300301,3.4300,3.5000,3.3900,3.4700,3.5000,28933223,99692644.8900,3.661900,1,-0.857100,-6743.625923,2.343904,1.716047,-49.446879,0
2021-11-04,sz.300301,3.4700,3.4800,3.3600,3.4200,3.4700,28715700,97919015.0000,3.634400,1,-1.440900,-6646.455521,2.310130,1.691320,-48.734388,0
2021-11-05,sz.300301,3.4100,3.5200,3.3800,3.4600,3.4200,33860000,117067552.0000,4.285500,1,1.169600,-6724.191843,2.337149,1.711102,-49.304380,0
2021-11-08,sz.300301,3.4500,3.6400,3.3500,3.6000,3.4600,51448818,180679875.4400,6.511600,1,4.046200,-6996.268970,2.431716,1.780337,-51.299355,0
2021-11-09,sz.300301,3.5600,3.6100,3.5200,3.5600,3.6000,28994265,103217465.8900,3.669700,1,-1.111100,-6918.532648,2.404697,1.760556,-50.729362,0
2021-11-10,sz.300301,3.6000,3.6700,3.5600,3.6100,3.5600,41670185,150572557.8500,5.274000,1,1.404500,-7015.703050,2.438471,1.785283,-51.441853,0
2021-11-11,sz.300301,3.6000,3.7800,3.5800,3.7700,3.6100,56111744,208670349.3300,7.101800,1,4.432100,-7326.648338,2.546547,1.864409,-53.721825,0
2021-11-12,sz.300301,3.7800,3.8000,3.6500,3.7000,3.7700,44625382,164573145.7600,5.648000,1,-1.856800,-7190.609774,2.499264,1.829791,-52.724337,0
2021-11-15,sz.300301,3.6700,3.7500,3.6600,3.6800,3.7000,31252400,115749317.0000,3.955500,1,-0.540500,-7151.741613,2.485754,1.819900,-52.439341,0
2021-11-16,sz.300301,3.7000,3.7100,3.5700,3.5900,3.6800,31961200,116089066.0000,4.045200,1,-2.445700,-6976.834889,2.424961,1.775392,-51.156857,0
2021-11-17,sz.300301,3.6100,3.8900,3.6000,3.8200,3.5900,60322162,228505816.0600,7.634700,1,6.406700,-7423.818740,2.580321,1.889136,-54.434316,0
2021-11-18,sz.300301,3.8100,3.8800,3.7300,3.7800,3.8200,41782000,158652651.0000,5.288100,1,-1.047100,-7346.082418,2.553302,1.869354,-53.864323,0
2021-11-19,sz.300301,3.7600,3.8000,3.6700,3.7400,3.7800,30446100,113416576.0000,3.853400,1,-1.058200,-7268.346096,2.526283,1.849573,-53.294330,0
2021-11-22,sz.300301,3.7400,3.8500,3.6800,3.8000,3.7400,35220324,132955750.5200,4.457700,1,1.604300,-7384.950579,2.566812,1.879245,-54.149319,0
2021-11-23,sz.300301,3.7700,3.9000,3.7300,3.8600,3.8000,42389696,162823435.2000,5.365000,1,1.578900,-7501.555062,2.607340,1.908917,-55.004309,0
2021-11-24,sz.300301,3.8400,3.8600,3.7300,3.7800,3.8600,35483035,134389226.7000,4.490900,1,-2.072500,-7346.082418,2.553302,1.869354,-53.864323,0
2021-11-25,sz.300301,3.7400,3.8200,3.7000,3.7100,3.7800,27989484,104682129.8200,3.542500,1,-1.851900,-7210.043855,2.506019,1.834736,-52.866836,0
2021-11-26,sz.300301,3.6900,3.7200,3.6000,3.6200,3.7100,27756737,100918192.6200,3.513000,1,-2.425900,-7035.137130,2.445226,1.790228,-51.584352,0
2021-11-29,sz.300301,3.5500,3.6800,3.5200,3.6400,3.6200,17932290,65013552.7000,2.269600,1,0.552500,-7074.005291,2.458735,1.800119,-51.869348,0
2021-11-30,sz.300301,3.6500,3.8000,3.6500,3.7000,3.6400,28015800,104869614.0000,3.545800,1,1.648400,-7190.609774,2.499264,1.829791,-52.724337,0
2021-12-01,sz.300301,3.6800,4.4400,3.6700,4.0300,3.7000,100820122,412592563.4600,12.760300,1,8.918900,-7831.934430,2.722171,1.992989,-57.426778,0
2021-12-02,sz.300301,4.0300,4.0800,3.8600,3.8700,4.0300,66118349,260192884.5700,8.368300,1,-3.970200,-7520.989142,2.614095,1.913862,-55.146807,0
2021-12-03,sz.300301,3.9200,3.9600,3.8200,3.8200,3.8700,35647800,137955738.0000,4.511800,1,-1.292000,-7423.818740,2.580321,1.889136,-54.434316,0
2021-12-06,sz.300301,3.8800,3.8800,3.6800,3.7100,3.8200,34650349,130233073.7900,4.385500,1,-2.879600,-7210.043855,2.506019,1.834736,-52.866836,0
2021-12-07,sz.300301,3.7200,3.7400,3.5700,3.6200,3.7100,27834007,101063022.1300,3.522800,1,-2.425900,-7035.137130,2.445226,1.790228,-51.584352,0
2021-12-08,sz.300301,3.6400,3.7100,3.5800,3.6900,3.6200,24857149,90997938.3200,3.146000,1,1.933700,-7171.175694,2.492509,1.824846,-52.581839,0
2021-12-09,sz.300301,3.6700,3.9100,3.6400,3.7800,3.6900,44015549,166728169.8300,5.570800,1,2.439000,-7346.082418,2.553302,1.869354,-53.864323,0
2021-12-10,sz.300301,3.7400,3.8200,3.7300,3.7600,3.7800,28084300,105940397.0000,3.554500,1,-0.529100,-7307.214257,2.539792,1.859463,-53.579327,0
2021-12-13,sz.300301,3.7400,3.8000,3.7200,3.7400,3.7600,22510500,84309394.0000,2.849000,1,-0.531900,-7268.346096,2.526283,1.849573,-53.294330,0
2021-12-14,sz.300301,3.7500,3.8200,3.6700,3.7900,3.7400,27353800,103111666.0000,3.462000,1,1.336900,-7365.516498,2.560057,1.874299,-54.006821,0
2021-12-15,sz.300301,3.7700,3.8700,3.7600,3.8500,3.7900,29618600,113634331.0000,3.748700,1,1.583100,-7482.120981,2.600585,1.903972,-54.861811,0
2021-12-16,sz.300301,3.8800,3.9000,3.7900,3.8200,3.8500,24710000,94605386.9300,3.127400,1,-0.779200,-7423.818740,2.580321,1.889136,-54.434316,0
2021-12-17,sz.300301,3.8000,3.8500,3.7300,3.8300,3.8200,28039700,106575223.0000,3.548800,1,0.261800,-7443.252820,2.587076,1.894081,-54.576814,0
2021-12-20,sz.300301,3.7800,3.8200,3.6500,3.6800,3.8300,29112800,108657523.0000,3.684700,1,-3.916400,-7151.741613,2.485754,1.819900,-52.439341,0
2021-12-21,sz.300301,3.6500,3.8900,3.6400,3.8800,3.6800,41538080,158200784.0000,5.257300,1,5.434800,-7540.423223,2.620850,1.918808,-55.289305,0
2021-12-22,sz.300301,3.8800,3.9000,3.8300,3.8500,3.8800,25236700,97425495.0000,3.194100,1,-0.773200,-7482.120981,2.600585,1.903972,-54.861811,0
2021-12-23,sz.300301,3.8300,3.8600,3.7200,3.7400,3.8500,23142830,87453610.9000,2.929100,1,-2.857100,-7268.346096,2.526283,1.849573,-53.294330,0
2021-12-24,sz.300301,3.7000,3.7400,3.5600,3.5600,3.7400,30907970,111967223.0000,3.911900,1,-4.812800,-6918.532648,2.404697,1.760556,-50.729362,0
2021-12-27,sz.300301,3.5700,3.6100,3.5300,3.6100,3.5600,17213200,61546398.0000,2.178600,1,1.404500,-7015.703050,2.438471,1.785283,-51.441853,0
2021-12-28,sz.300301,3.5900,3.7100,3.5800,3.6800,3.6100,20058500,73467981.0000,2.538700,1,1.939100,-7151.741613,2.485754,1.819900,-52.439341,0
2021-12-29,sz.300301,3.6200,3.6600,3.5700,3.6100,3.6800,21946100,79151938.0000,2.777600,1,-1.902200,-7015.703050,2.438471,1.785283,-51.441853,0
2021-12-30,sz.300301,3.6300,3.7300,3.6000,3.6700,3.6100,23301300,85533421.0000,2.949100,1,1.662000,-7132.307533,2.479000,1.814955,-52.296843,0
2021-12-31,sz.300301,3.7000,3.7500,3.6600,3.7200,3.6700,20123900,74712470.0000,2.547000,1,1.362400,-7229.477935,2.512773,1.839682,-53.009334,0
2022-01-04,sz.300301,3.7100,3.8700,3.7000,3.8500,3.7200,36017182,137559049.0600,4.558500,1,3.494600,-7482.120981,2.600585,1.903972,-54.861811,0
2022-01-05,sz.300301,3.8600,4.0100,3.8100,3.8900,3.8500,46392122,180557833.4000,5.871600,1,1.039000,-7559.857303,2.627604,1.923753,-55.431803,0
2022-01-06,sz.300301,3.9000,3.9400,3.8400,3.9100,3.8900,29842000,116398733.0000,3.776900,1,0.514100,-7598.725464,2.641114,1.933644,-55.716800,0
2022-01-07,sz.300301,3.9200,3.9300,3.7700,3.7800,3.9100,27319790,105047059.2000,3.457700,1,-3.324800,-7346.082418,2.553302,1.869354,-53.864323,0
2022-01-10,sz.300301,3.8000,3.8100,3.7200,3.7500,3.7800,21744000,81649116.0000,2.752000,1,-0.793700,-7287.780177,2.533038,1.854518,-53.436828,0
2022-01-11,sz.300301,3.7300,3.9200,3.7200,3.7800,3.7500,31700390,120705247.0000,4.012200,1,0.800000,-7346.082418,2.553302,1.869354,-53.864323,0
2022-01-12,sz.300301,3.7600,3.9300,3.7300,3.8700,3.7800,38850562,150100636.3000,4.917100,1,2.381000,-7520.989142,2.614095,1.913862,-55.146807,0
2022-01-13,sz.300301,3.8700,3.9700,3.8400,3.9100,3.8700,42420500,166106060.0000,5.368900,1,1.033600,-7598.725464,2.641114,1.933644,-55.716800,0
2022-01-14,sz.300301,3.9000,3.9100,3.8000,3.8200,3.9100,26971022,103834785.9200,3.413600,1,-2.301800,-7423.818740,2.580321,1.889136,-54.434316,0
2022-01-17,sz.300301,3.8500,3.9800,3.8100,3.9500,3.8200,38352523,150337061.4500,4.854100,1,3.403100,-7676.461786,2.668133,1.953426,-56.286793,0
2022-01-18,sz.300301,3.9600,3.9700,3.8000,3.8200,3.9500,31594200,122120097.0000,3.998700,1,-3.291100,-7423.818740,2.580321,1.889136,-54.434316,0
2022-01-19,sz.300301,3.7800,3.8900,3.7500,3.8700,3.8200,23767100,91412366.0000,3.008100,1,1.308900,-7520.989142,2.614095,1.913862,-55.146807,0
2022-01-20,sz.300301,3.8600,3.8700,3.6500,3.6800,3.8700,36629900,136182351.0000,4.636100,1,-4.909600,-7151.741613,2.485754,1.819900,-52.439341,0
2022-01-21,sz.300301,3.6700,3.7100,3.5600,3.6000,3.6800,22740400,81958667.0000,2.878100,1,-2.173900,-6996.268970,2.431716,1.780337,-51.299355,0
2022-01-24,sz.300301,3.5900,3.6700,3.5000,3.5100,3.6000,20447791,72757514.8700,2.588000,1,-2.500000,-6821.362245,2.370923,1.735829,-50.016871,0
2022-01-25,sz.300301,3.4700,3.5100,3.3000,3.3100,3.5100,24302900,81989570.0000,3.075900,1,-5.698000,-6432.680636,2.235828,1.636921,-47.166907,0
2022-01-26,sz.300301,3.3100,3.4100,3.3000,3.3700,3.3100,19299696,64958502.5200,2.442700,1,1.812700,-6549.285119,2.276357,1.666593,-48.021896,0
2022-01-27,sz.300301,3.3500,3.3800,3.2100,3.2100,3.3700,17808104,58523481.8400,2.253900,1,-4.747800,-6238.339831,2.168280,1.587467,-45.741925,0
2022-01-28,sz.300301,3.2400,3.4300,3.2400,3.3900,3.2100,21743800,72788281.0000,2.752000,1,5.607500,-6588.153280,2.289866,1.676484,-48.306893,0
2022-02-07,sz.300301,3.3000,3.3400,3.1100,3.1800,3.3900,35591171,114223435.0000,4.504600,1,-6.194700,-6180.037590,2.148016,1.572631,-45.314431,0
2022-02-08,sz.300301,3.1700,3.3200,3.1500,3.2900,3.1800,27447030,89285730.7000,3.473800,1,3.459100,-6393.812475,2.222318,1.627030,-46.881911,0
2022-02-09,sz.300301,3.2800,3.3600,3.2600,3.3500,3.2900,18206060,60542007.6000,2.304200,1,1.823700,-6510.416958,2.262847,1.656703,-47.736900,0
2022-02-10,sz.300301,3.3500,3.3800,3.2900,3.3300,3.3500,15764800,52472324.0000,1.995300,1,-0.597000,-6471.548797,2.249337,1.646812,-47.451904,0
2022-02-11,sz.300301,3.3100,3.3300,2.6600,3.1500,3.3300,29054731,92269626.9600,3.677300,1,-5.405400,-6121.735348,2.127752,1.557795,-44.886936,0
2022-02-14,sz.300301,3.0900,3.1800,3.0600,3.1300,3.1500,18549700,58076106.0000,2.347700,1,-0.634900,-6082.867187,2.114242,1.547904,-44.601939,0
2022-02-15,sz.300301,3.1500,3.1600,3.0600,3.0900,3.1300,16340881,50719469.3400,2.068200,1,-1.278000,-6005.130866,2.087223,1.528123,-44.031947,0
2022-02-16,sz.300301,3.1200,3.1700,3.1000,3.1400,3.0900,12653150,39588890.0000,1.601400,1,1.618100,-6102.301268,2.120997,1.552850,-44.744438,0
2022-02-17,sz.300301,3.1500,3.2100,3.0900,3.0900,3.1400,16177320,50662976.8000,2.047500,1,-1.592400,-6005.130866,2.087223,1.528123,-44.031947,0
2022-02-18,sz.300301,3.0800,3.1300,3.0600,3.1100,3.0900,10977720,33945712.3400,1.389400,1,0.647200,-6043.999026,2.100733,1.538014,-44.316943,0
2022-02-21,sz.300301,3.1000,3.2400,3.0900,3.2400,3.1100,20784000,66219299.0000,2.630500,1,4.180100,-6296.642073,2.188545,1.602303,-46.169420,0
2022-02-22,sz.300301,3.2100,3.2400,3.1400,3.1700,3.2400,14683300,46706658.0000,1.858400,1,-2.160500,-6160.603509,2.141261,1.567686,-45.171932,0
2022-02-23,sz.300301,3.1600,3.2300,3.1500,3.2200,3.1700,13051402,41798439.4000,1.651800,1,1.577300,-6257.773912,2.175035,1.592413,-45.884423,0
2022-02-24,sz.300301,3.2100,3.2700,3.1000,3.1600,3.2200,21884350,69856889.5000,2.769800,1,-1.863400,-6141.169429,2.134506,1.562740,-45.029434,0
2022-02-25,sz.300301,3.1700,3.2400,3.1200,3.1300,3.1600,16111800,50991610.0000,2.039200,1,-0.949400,-6082.867187,2.114242,1.547904,-44.601939,0
2022-02-28,sz.300301,3.1000,3.1500,3.0600,3.0900,3.1300,14433700,44641566.0000,1.826800,1,-1.278000,-6005.130866,2.087223,1.528123,0.000000,0
2022-03-01,sz.300301,3.0800,3.1500,3.0800,3.1500,3.0900,12649259,39522679.0000,1.601000,1,1.941700,-6121.735348,2.127752,1.557795,-44.886936,0
2022-03-02,sz.300301,3.1300,3.2300,3.1200,3.2100,3.1500,16196628,51778504.0000,2.049900,1,1.904800,-6238.339831,2.168280,1.587467,-45.741925,0
2022-03-03,sz.300301,3.2500,3.2500,3.1600,3.1700,3.2100,12191112,38840365.0000,1.543000,1,-1.246100,-6160.603509,2.141261,1.567686,-45.171932,0
2022-03-04,sz.300301,3.1700,3.2100,3.1500,3.1700,3.1700,13116294,41742574.0000,1.660100,1,0.000000,-6160.603509,2.141261,1.567686,-45.171932,0
2022-03-07,sz.300301,3.1700,3.1900,3.0900,3.1100,3.1700,10976324,34428075.0000,1.389200,1,-1.892700,-6043.999026,2.100733,1.538014,-44.316943,0
2022-03-08,sz.300301,3.1200,3.1400,3.0100,3.0400,3.1100,12320907,37706552.0000,1.559400,1,-2.250800,-5907.960463,2.053449,1.503396,-43.319456,0
2022-03-09,sz.300301,3.0500,3.0900,2.8300,3.0100,3.0400,14777800,43976505.0000,1.870400,1,-0.986800,-5849.658222,2.033185,1.488560,-42.891961,0
2022-03-10,sz.300301,3.0500,3.0900,3.0300,3.0600,3.0100,9106358,27907913.0000,1.152500,1,1.661100,-5946.828624,2.066959,1.513287,-43.604452,0
2022-03-11,sz.300301,3.0400,3.0900,2.9800,3.0800,3.0600,9300400,28142320.0000,1.177100,1,0.653600,-5985.696785,2.080468,1.523177,-43.889448,0
2022-03-14,sz.300301,3.0500,3.0800,2.9600,2.9600,3.0800,11960900,35999011.0000,1.513800,1,-3.896100,-5752.487819,1.999411,1.463833,-42.179470,0
2022-03-15,sz.300301,2.9500,2.9600,2.7100,2.7300,2.9600,15824600,44901881.0000,2.002800,1,-7.770300,-5305.503969,1.844051,1.350089,-38.902011,0
2022-03-16,sz.300301,2.7900,2.9000,2.7400,2.8900,2.7300,17836402,50465497.0000,2.257500,1,5.860800,-5616.449256,1.952128,1.429215,-41.181982,0
2022-03-17,sz.300301,2.8700,3.0000,2.8700,2.9400,2.8900,15344900,45349252.0000,1.942100,1,1.730100,-5713.619658,1.985902,1.453942,-41.894473,0
2022-03-18,sz.300301,2.9400,3.0200,2.9200,3.0000,2.9400,10886900,32485519.0000,1.377900,1,2.040800,-5830.224141,2.026430,1.483614,-42.749463,0
2022-03-21,sz.300301,2.9900,3.0900,2.9900,3.0700,3.0000,12763663,38899514.1500,1.615400,1,2.333300,-5966.262705,2.073714,1.518232,-43.746950,0
2022-03-22,sz.300301,3.0800,3.0900,3.0300,3.0600,3.0700,9554500,29218893.0000,1.209300,1,-0.325700,-5946.828624,2.066959,1.513287,-43.604452,0
2022-03-23,sz.300301,3.0500,3.0900,3.0300,3.0400,3.0600,12132900,37008146.0000,1.535600,1,-0.653600,-5907.960463,2.053449,1.503396,-43.319456,0
2022-03-24,sz.300301,3.0400,3.0500,2.9600,2.9700,3.0400,9912563,29641538.3700,1.254600,1,-2.302600,-5771.921900,2.006166,1.468778,-42.321968,0
2022-03-25,sz.300301,2.9500,3.0100,2.9400,2.9600,2.9700,10257609,30611603.6400,1.298300,1,-0.336700,-5752.487819,1.999411,1.463833,-42.179470,0
2022-03-28,sz.300301,2.9800,3.0000,2.9100,2.9500,2.9600,9042700,26671140.0000,1.144500,1,-0.337800,-5733.053739,1.992656,1.458887,-42.036972,0
2022-03-29,sz.300301,2.9400,2.9600,2.8600,2.8700,2.9500,10965300,31804517.0000,1.387800,1,-2.711900,-5577.581095,1.938618,1.419324,-40.896986,0
2022-03-30,sz.300301,2.9100,2.9200,2.8300,2.8900,2.8700,10286000,29654758.0000,1.301800,1,0.696900,-5616.449256,1.952128,1.429215,-41.181982,0
2022-03-31,sz.300301,2.9000,2.9300,2.8700,2.8900,2.8900,9397800,27206176.0000,1.189400,1,0.000000,-5616.449256,1.952128,1.429215,-41.181982,0
2022-04-01,sz.300301,2.8700,2.8900,2.8200,2.8700,2.8900,10572700,30232986.0000,1.338100,1,-0.692000,-5577.581095,1.938618,1.419324,-40.896986,0
2022-04-06,sz.300301,2.8600,3.0100,2.8500,2.9900,2.8700,19809400,59029080.0000,2.507200,1,4.181200,-5810.790061,2.019675,1.478669,-42.606965,0
2022-04-07,sz.300301,3.0000,3.0000,2.8800,2.8800,2.9900,15625800,45616032.0000,1.977700,1,-3.678900,-5597.015176,1.945373,1.424270,-41.039484,0
2022-04-08,sz.300301,2.8800,2.8800,2.7400,2.7900,2.8800,15796600,44104109.0000,1.999300,1,-3.125000,-5422.108451,1.884580,1.379761,-39.757000,0
2022-04-11,sz.300301,2.7700,2.7800,2.6700,2.7200,2.7900,11829600,32127968.0000,1.497200,1,-2.509000,-5286.069888,1.837297,1.345144,-38.759513,0
2022-04-12,sz.300301,2.7000,2.9100,2.6700,2.8200,2.7200,24543335,68770134.0500,3.106300,1,3.676500,-5480.410693,1.904844,1.394597,-40.184495,0
2022-04-13,sz.300301,2.7900,2.8100,2.7300,2.7500,2.8200,12092600,33360026.0000,1.530500,1,-2.482300,-5344.372129,1.857561,1.359980,-39.187008,0
2022-04-14,sz.300301,2.7400,2.7900,2.7300,2.7500,2.7500,8189600,22592562.0000,1.036500,1,0.000000,-5344.372129,1.857561,1.359980,-39.187008,0
2022-04-15,sz.300301,2.7300,2.7500,2.6600,2.6800,2.7500,9644200,25964894.0000,1.220600,1,-2.545500,-5208.333566,1.810278,1.325362,-38.189520,0
2022-04-18,sz.300301,2.6800,2.7300,2.6000,2.7200,2.6800,8910224,23908820.4600,1.127700,1,1.492500,-5286.069888,1.837297,1.345144,-38.759513,0
2022-04-19,sz.300301,2.6900,2.7600,2.6900,2.7200,2.7200,8032900,21830554.0000,1.016700,1,0.000000,-5286.069888,1.837297,1.345144,-38.759513,0
2022-04-20,sz.300301,2.7200,2.7500,2.6700,2.6800,2.7200,8396000,22780180.0000,1.062600,1,-1.470600,-5208.333566,1.810278,1.325362,-38.189520,0
2022-04-21,sz.300301,2.6400,2.6600,2.5300,2.5400,2.6800,13528200,35034145.0000,1.712200,1,-5.223900,-4936.256440,1.715711,1.256127,-36.194545,0
2022-04-22,sz.300301,2.5400,2.5400,2.4200,2.4500,2.5400,19273445,47787472.9500,2.439300,1,-3.543300,-4761.349715,1.654918,1.211618,-34.912061,0
2022-04-25,sz.300301,2.4300,2.4400,2.3100,2.3200,2.4500,20498600,48646116.0000,2.594400,1,-5.306100,-4508.706669,1.567106,1.147328,-33.059585,0
2022-04-26,sz.300301,2.2900,2.3700,2.2300,2.2300,2.3200,22193000,50764169.0000,2.808900,1,-3.879300,-4333.799945,1.506313,1.102820,-31.777101,0
2022-04-27,sz.300301,2.0700,2.1900,2.0300,2.1100,2.2300,44783900,93793902.0000,5.668100,1,-5.381200,-4100.590979,1.425256,1.043475,-30.067122,0
2022-04-28,sz.300301,2.0300,2.0600,1.8400,1.9300,2.1100,57278276,112021683.3200,7.249400,1,-8.530800,-3750.777531,1.303670,0.954459,-27.502154,0
2022-04-29,sz.300301,1.9600,2.2900,1.9600,2.2000,1.9300,60296600,129390072.2000,7.631400,1,13.989600,-4275.497704,1.486049,1.087984,-31.349606,0
2022-05-05,sz.300301,2.2000,2.2000,2.2000,2.2000,2.2000,,,,0,,-4.496427,2.313839,1.129415,12.737464,0
2022-05-06,sz.300301,1.7600,1.7600,1.7600,1.7600,2.2000,1880700,3310032.0000,0.238000,1,-20.000000,-3.597141,1.851072,0.903532,10.189971,1
2022-05-09,sz.300301,1.5000,1.6900,1.4800,1.6600,1.7600,98674986,151782304.0400,12.488800,1,-5.681800,-3.392758,1.745897,0.852195,9.610996,1
2022-05-10,sz.300301,1.5800,1.6300,1.5400,1.5600,1.6600,67089466,105769857.7400,8.491200,1,-6.024100,-3.188375,1.640723,0.800858,9.032020,1
2022-05-11,sz.300301,1.5600,1.5900,1.5200,1.5300,1.5600,49796760,77479105.8500,6.302500,1,-1.923100,-3.127060,1.609170,0.785457,8.858327,1
2022-05-12,sz.300301,1.5200,1.5700,1.4900,1.5100,1.5300,38068565,58165002.9000,4.818100,1,-1.307200,-3.086184,1.588135,0.775189,8.742532,1
2022-05-13,sz.300301,1.5100,1.5600,1.4900,1.5500,1.5100,29097552,44372559.7000,3.682700,1,2.649000,-3.167937,1.630205,0.795724,8.974123,1
2022-05-16,sz.300301,1.5700,1.6600,1.5700,1.6100,1.5500,40293098,64904098.1200,5.099700,1,3.871000,-3.290567,1.693310,0.826526,9.321508,1
2022-05-17,sz.300301,1.6100,1.7600,1.6100,1.6400,1.6100,38766800,64420931.0000,4.906500,1,1.863400,-3.351882,1.724862,0.841928,9.495201,1
2022-05-18,sz.300301,1.6100,1.7100,1.6000,1.6700,1.6400,33631556,55721624.1200,4.256600,1,1.829300,-3.413197,1.756415,0.857329,9.668893,1
2022-05-19,sz.300301,1.7000,1.8400,1.6700,1.8000,1.6700,55811234,99212730.2000,7.063700,1,7.784400,-3.678894,1.893141,0.924067,10.421562,1
2022-05-20,sz.300301,1.7700,1.9300,1.7400,1.8800,1.8000,50099055,91509027.1000,6.340800,1,4.444400,-3.842401,1.977281,0.965136,10.884742,1
2022-05-23,sz.300301,1.9900,2.0300,1.9000,1.9900,1.8800,44027854,86142680.8400,5.572400,1,5.851100,-4.067222,2.092973,1.021607,11.521615,1
2022-05-24,sz.300301,2.0300,2.0800,1.8600,1.8800,1.9900,40975900,80219327.0000,5.186100,1,-5.527600,-3.842401,1.977281,0.965136,10.884742,1
2022-05-25,sz.300301,1.8300,1.9500,1.8300,1.9500,1.8800,24654000,46777351.0000,3.120300,1,3.723400,-3.985469,2.050903,1.001072,11.290025,1
2022-05-26,sz.300301,1.9500,1.9700,1.8600,1.8600,1.9500,23704600,44946980.0000,3.000200,1,-4.615400,-3.801524,1.956246,0.954869,10.768947,1
2022-05-27,sz.300301,1.8500,1.8800,1.7600,1.7900,1.8600,24879188,44982861.6300,3.148800,1,-3.763400,-3.658456,1.882624,0.918933,10.363664,1
2022-05-30,sz.300301,1.7800,1.8400,1.7700,1.7900,1.7900,11820474,21266309.9600,1.496100,1,0.000000,-3.658456,1.882624,0.918933,10.363664,1
2022-05-31,sz.300301,1.8000,1.8300,1.7800,1.8100,1.7900,12742900,23001074.0000,1.612800,1,1.117300,-3.699333,1.903659,0.929201,10.479459,1
2022-06-01,sz.300301,1.8100,1.8500,1.7800,1.7900,1.8100,13690189,24766522.9800,1.732700,1,-1.105000,-3.658456,1.882624,0.918933,10.363664,1
2022-06-02,sz.300301,1.8000,1.8000,1.7500,1.7600,1.7900,15352820,27264771.4000,1.943100,1,-1.676000,-3.597141,1.851072,0.903532,10.189971,1
2022-06-06,sz.300301,1.7400,1.8000,1.7300,1.7900,1.7600,14808598,26331303.4400,1.874200,1,1.704500,-3.658456,1.882624,0.918933,10.363664,1
2022-06-07,sz.300301,1.8700,1.9800,1.8100,1.8600,1.7900,29367104,55362160.6800,3.716800,1,3.910600,-3.801524,1.956246,0.954869,10.768947,1
2022-06-08,sz.300301,1.8200,1.9100,1.8200,1.9000,1.8600,23449904,43597104.2800,2.967900,1,2.150500,-3.883278,1.998316,0.975404,11.000537,1
2022-06-09,sz.300301,1.8800,1.9000,1.7800,1.7900,1.9000,20050700,36705795.0000,2.537700,1,-5.789500,-3.658456,1.882624,0.918933,10.363664,1
2022-06-10,sz.300301,1.7600,1.8000,1.7500,1.7700,1.7900,13899700,24631042.0000,1.759200,1,-1.117300,-3.617580,1.861589,0.908666,10.247869,1
2022-06-13,sz.300301,1.7700,1.7900,1.7400,1.7700,1.7700,13110340,23136323.4000,1.659300,1,0.000000,-3.617580,1.861589,0.908666,10.247869,1
2022-06-14,sz.300301,1.7600,1.8400,1.7500,1.8200,1.7700,21350500,38312005.2000,2.702200,1,2.824900,-3.719771,1.914176,0.934334,10.537357,1
2022-06-15,sz.300301,1.8400,1.8800,1.8100,1.8200,1.8200,18230200,33567018.0000,2.307300,1,0.000000,-3.719771,1.914176,0.934334,10.537357,1
2022-06-16,sz.300301,1.8000,1.8800,1.7900,1.8600,1.8200,18906420,34597266.2000,2.392900,1,2.197800,-3.801524,1.956246,0.954869,10.768947,1
2022-06-17,sz.300301,1.8300,1.8700,1.8200,1.8500,1.8600,11830620,21836041.0000,1.497300,1,-0.537600,-3.781086,1.945729,0.949735,10.711049,1
2022-06-20,sz.300301,1.8200,1.8400,1.7900,1.8000,1.8500,16005100,29048423.0000,2.025700,1,-2.702700,-3.678894,1.893141,0.924067,10.421562,1
2022-06-21,sz.300301,1.8200,1.8300,1.7800,1.7900,1.8000,11890000,21411939.0000,1.504900,1,-0.555600,-3.658456,1.882624,0.918933,10.363664,1
2022-06-22,sz.300301,1.7900,1.7900,1.7300,1.7400,1.7900,13339600,23468719.0000,1.688300,1,-2.793300,-3.556265,1.830037,0.893265,10.074176,1
2022-06-23,sz.300301,1.7100,1.7400,1.6800,1.7000,1.7400,17949460,30528882.6000,2.271800,1,-2.298900,-3.474511,1.787967,0.872730,9.842586,1
2022-06-24,sz.300301,1.7000,1.7300,1.6900,1.7000,1.7000,12942336,22093577.2000,1.638000,1,0.000000,-3.474511,1.787967,0.872730,9.842586,1
2022-06-27,sz.300301,1.7100,1.7300,1.6900,1.7100,1.7000,11226280,19189299.0000,1.420900,1,0.588200,-3.494950,1.798484,0.877863,9.900484,1
2022-06-28,sz.300301,1.7000,1.7000,1.6000,1.6500,1.7100,32421442,53019449.0800,4.103400,1,-3.508800,-3.372320,1.735380,0.847061,9.553098,1
2022-06-29,sz.300301,1.6300,1.6500,1.6000,1.6100,1.6500,18567500,30136358.0000,2.350000,1,-2.424200,-3.290567,1.693310,0.826526,9.321508,1
2022-06-30,sz.300301,1.6000,1.6500,1.5800,1.6200,1.6100,17993100,29029667.0000,2.277300,1,0.621100,-3.311005,1.703827,0.831660,9.379405,1
2022-07-01,sz.300301,1.6000,1.6700,1.5900,1.6500,1.6200,17915600,29193438.0000,2.267500,1,1.851900,-3.372320,1.735380,0.847061,9.553098,1
2022-07-04,sz.300301,1.6600,1.6800,1.6300,1.6400,1.6500,13265000,21896729.0000,1.678900,1,-0.606100,-3.351882,1.724862,0.841928,9.495201,1
2022-07-05,sz.300301,1.6200,1.6400,1.5800,1.6100,1.6400,14759124,23681377.4700,1.868000,1,-1.829300,-3.290567,1.693310,0.826526,9.321508,1
2022-07-06,sz.300301,1.6000,1.7000,1.5900,1.6700,1.6100,25525031,42340612.4600,3.230600,1,3.726700,-3.413197,1.756415,0.857329,9.668893,1
2022-07-07,sz.300301,1.6600,1.7300,1.6500,1.6900,1.6700,19053800,32297392.0000,2.411500,1,1.197600,-3.454073,1.777449,0.867596,9.784688,1
2022-07-08,sz.300301,1.6800,1.7100,1.6700,1.6800,1.6900,12967600,21863231.0000,1.641200,1,-0.591700,-3.433635,1.766932,0.862462,9.726791,1
2022-07-11,sz.300301,1.6700,1.7600,1.6700,1.7400,1.6800,16732500,28472729.0000,2.117700,1,3.571400,-3.556265,1.830037,0.893265,10.074176,1
2022-07-12,sz.300301,1.7200,1.8100,1.7000,1.7800,1.7400,23290623,41224939.7600,2.947800,1,2.298900,-3.638018,1.872106,0.913799,10.305767,1
2022-07-13,sz.300301,1.8300,1.9000,1.8000,1.8100,1.7800,27140419,50034932.9600,3.435000,1,1.685400,-3.699333,1.903659,0.929201,10.479459,1
2022-07-14,sz.300301,1.7900,1.8100,1.7400,1.7600,1.8100,16644019,29437098.4400,2.106500,1,-2.762400,-3.597141,1.851072,0.903532,10.189971,1
2022-07-15,sz.300301,1.7200,1.7400,1.6600,1.6800,1.7600,16804400,28458705.0000,2.126800,1,-4.545500,-3.433635,1.766932,0.862462,9.726791,1
2022-07-18,sz.300301,1.6600,1.7600,1.6600,1.7600,1.6800,15583000,26868398.0000,1.972300,1,4.761900,-3.597141,1.851072,0.903532,10.189971,1
2022-07-19,sz.300301,1.7400,1.7900,1.7300,1.7700,1.7600,13892205,24436294.7000,1.758300,1,0.568200,-3.617580,1.861589,0.908666,10.247869,1
2022-07-20,sz.300301,1.7600,1.8400,1.7600,1.8200,1.7700,14972800,27113296.0000,1.895000,1,2.824900,-3.719771,1.914176,0.934334,10.537357,1
2022-07-21,sz.300301,1.8300,1.9200,1.8300,1.8800,1.8200,23216200,43619075.0000,2.938400,1,3.296700,-3.842401,1.977281,0.965136,10.884742,1
2022-07-22,sz.300301,1.8800,1.8900,1.8400,1.8600,1.8800,15649270,29107444.6000,1.980600,1,-1.063800,-3.801524,1.956246,0.954869,10.768947,1
2022-07-25,sz.300301,1.8800,1.9300,1.8500,1.9000,1.8600,21133380,40113891.2000,2.674700,1,2.150500,-3.883278,1.998316,0.975404,11.000537,1
2022-07-26,sz.300301,1.9200,1.9600,1.8600,1.9100,1.9000,17550500,33359233.0000,2.221300,1,0.526300,-3.903716,2.008833,0.980538,11.058435,1
2022-07-27,sz.300301,1.9100,1.9300,1.8400,1.8400,1.9100,20195100,37786412.0000,2.556000,1,-3.664900,-3.760648,1.935211,0.944602,10.653152,1
2022-07-28,sz.300301,1.8400,1.9300,1.8200,1.9200,1.8400,20365265,38432377.2500,2.577500,1,4.347800,-3.924154,2.019351,0.985671,11.116332,1
2022-07-29,sz.300301,1.9100,1.9500,1.8600,1.8700,1.9200,18589700,35316930.0000,2.352800,1,-2.604200,-3.821963,1.966764,0.960003,10.826845,1
2022-08-01,sz.300301,1.8300,1.8900,1.8100,1.8500,1.8700,12503302,23187701.6600,1.582500,1,-1.069500,-3.781086,1.945729,0.949735,10.711049,1
2022-08-02,sz.300301,1.8300,1.8500,1.7200,1.7500,1.8500,18113580,32203047.0000,2.292500,1,-5.405400,-3.576703,1.840554,0.898398,10.132074,1
2022-08-03,sz.300301,1.7500,1.8400,1.7300,1.7900,1.7500,15528440,27929734.6000,1.965400,1,2.285700,-3.658456,1.882624,0.918933,10.363664,1
2022-08-04,sz.300301,1.7900,2.0600,1.7800,1.9900,1.7900,45400933,88346582.2000,5.746200,1,11.173200,-4.067222,2.092973,1.021607,11.521615,1
2022-08-05,sz.300301,1.9400,2.1100,1.9400,2.0200,1.9900,39466240,80579699.0000,4.995000,1,1.507500,-4.128537,2.124525,1.037008,11.695308,1
2022-08-08,sz.300301,2.0300,2.1800,2.0300,2.1000,2.0200,32890200,69319962.0000,4.162700,1,3.960400,-4.292044,2.208665,1.078078,12.158489,1
2022-08-09,sz.300301,2.1400,2.1800,2.0700,2.1100,2.1000,34034900,71750500.0000,4.307600,1,0.476200,-4.312482,2.219182,1.083212,12.216386,1
2022-08-10,sz.300301,2.1200,2.3900,2.0800,2.3300,2.1100,58498100,130142403.2000,7.403800,1,10.426500,-4.762125,2.450566,1.196153,13.490133,1
2022-08-11,sz.300301,2.0700,2.2200,2.0000,2.0300,2.3300,87026171,182059050.8500,11.014500,1,-12.875500,-4.148975,2.135043,1.042142,11.753206,1
2022-08-12,sz.300301,1.9900,2.0600,1.9700,1.9900,2.0300,40263926,80788315.3800,5.096000,1,-1.970400,-4.067222,2.092973,1.021607,11.521615,1
2022-08-15,sz.300301,1.9500,2.0300,1.9500,2.0200,1.9900,23943760,48000509.6000,3.030400,1,1.507500,-4.128537,2.124525,1.037008,11.695308,1
2022-08-16,sz.300301,2.0100,2.0300,1.9400,1.9700,2.0200,37797100,74604343.0000,4.783800,1,-2.475200,-4.026346,2.071938,1.011340,11.405820,1
2022-08-17,sz.300301,1.9800,2.1500,1.9800,2.1300,1.9700,53600722,111929252.5600,6.784000,1,8.121800,-4.353358,2.240217,1.093479,12.332181,1
2022-08-18,sz.300301,2.1100,2.2600,2.0800,2.1000,2.1300,45057400,97388157.8000,5.702700,1,-1.408500,-4.292044,2.208665,1.078078,12.158489,1
2022-08-19,sz.300301,2.1300,2.2400,2.1000,2.2100,2.1000,45521381,99370556.6300,5.761400,1,5.238100,-4.516865,2.324357,1.134549,12.795362,1
2022-08-22,sz.300301,2.2500,2.3900,2.2200,2.3400,2.2100,53944120,125673136.6000,6.827400,1,5.882400,-4.782563,2.461084,1.201287,13.548030,1
2022-08-23,sz.300301,2.4000,2.5600,2.2800,2.2800,2.3400,49871300,118222799.0000,6.312000,1,-2.564100,-4.659933,2.397979,1.170485,13.200645,1
2022-08-24,sz.300301,2.2600,2.4200,2.2500,2.3400,2.2800,39404020,91843034.6000,4.987200,1,2.631600,-4.782563,2.461084,1.201287,13.548030,1
2022-08-25,sz.300301,2.3300,2.3400,2.2100,2.2100,2.3400,31050720,70061305.8000,3.929900,1,-5.555600,-4.516865,2.324357,1.134549,12.795362,1
2022-08-26,sz.300301,2.2000,2.3200,2.1700,2.2200,2.2100,26107760,58475355.0000,3.304300,1,0.452500,-4.537303,2.334874,1.139682,12.853259,1
2022-08-29,sz.300301,2.2400,2.4300,2.1300,2.3800,2.2200,40065731,92478692.1600,5.070900,1,7.207200,-4.864316,2.503154,1.221822,13.779620,1
2022-08-30,sz.300301,2.3300,2.3800,2.2400,2.3200,2.3800,43023200,98855872.0000,5.445200,1,-2.521000,-4.319808,2.541791,1.259261,-121.578696,1
2022-08-31,sz.300301,2.3000,2.4200,2.2700,2.3400,2.3200,37005600,87083597.0000,4.683600,1,0.862100,-4.357048,2.563703,1.270117,-122.626788,1
2022-09-01,sz.300301,2.3800,2.4800,2.3000,2.3600,2.3400,34319800,82119615.0000,4.343700,1,0.854700,-4.394287,2.585615,1.280973,-123.674881,1
2022-09-02,sz.300301,2.3200,2.3500,2.2500,2.2900,2.3600,24963200,57277812.0000,3.159500,1,-2.966100,-4.263948,2.508923,1.242978,-120.006558,1
2022-09-05,sz.300301,2.2900,2.2900,2.1900,2.2200,2.2900,26272300,58401164.0000,3.325100,1,-3.056800,-4.133609,2.432231,1.204983,-116.338235,1
2022-09-06,sz.300301,2.2700,2.2900,2.2200,2.2500,2.2200,18520722,41737469.5000,2.344100,1,1.351400,-4.189469,2.465099,1.221266,-117.910373,1
2022-09-07,sz.300301,2.2300,2.2400,2.1600,2.1900,2.2500,24088560,52753993.8000,3.048800,1,-2.666700,-4.077750,2.399363,1.188699,-114.766097,1
2022-09-08,sz.300301,2.1700,2.2400,2.1600,2.1800,2.1900,19304560,42394228.7800,2.443300,1,-0.456600,-4.059130,2.388407,1.183271,-114.242051,1
2022-09-09,sz.300301,2.2000,2.2200,2.1200,2.2000,2.1800,17054785,37114209.4500,2.158500,1,0.917400,-4.096370,2.410319,1.194127,-115.290143,1
2022-09-13,sz.300301,2.1900,2.2200,2.1600,2.1800,2.2000,13300800,29055223.0000,1.683400,1,-0.909100,-4.059130,2.388407,1.183271,-114.242051,1
2022-09-14,sz.300301,2.1600,2.1700,2.1000,2.1100,2.1800,20357400,43379982.0000,2.576500,1,-3.211000,-3.928791,2.311715,1.145276,-110.573728,1
2022-09-15,sz.300301,2.1000,2.1400,2.0600,2.0900,2.1100,19228192,40385021.0600,2.433600,1,-0.947900,-3.891551,2.289803,1.134421,-109.525636,1
2022-09-16,sz.300301,2.0900,2.2100,2.0900,2.1400,2.0900,30457122,65831382.3600,3.854800,1,2.392300,-3.984650,2.344583,1.161560,-112.145866,1
2022-09-19,sz.300301,2.1100,2.1500,2.0000,2.0100,2.1400,18774800,38574953.0000,2.376200,1,-6.074800,-3.742592,2.202155,1.090998,-105.333267,1
2022-09-20,sz.300301,2.0300,2.1000,2.0200,2.0600,2.0100,9872900,20355345.0000,1.249600,1,2.487600,-3.835692,2.256935,1.118137,-107.953497,1
2022-09-21,sz.300301,2.0400,2.0800,1.9700,2.0600,2.0600,11984800,24286611.0000,1.516900,1,0.000000,-3.835692,2.256935,1.118137,-107.953497,1
2022-09-22,sz.300301,2.0300,2.1000,2.0300,2.0600,2.0600,8209115,16954235.0500,1.039000,1,0.000000,-3.835692,2.256935,1.118137,-107.953497,1
2022-09-23,sz.300301,2.0600,2.0600,1.9700,1.9700,2.0600,13286915,26614784.5500,1.681700,1,-4.368900,-3.668113,2.158331,1.069287,-103.237082,1
2022-09-26,sz.300301,1.9600,1.9900,1.8500,1.8500,1.9700,12155200,23323132.0000,1.538400,1,-6.091400,-3.444674,2.026859,1.004152,-96.948529,1
2022-09-27,sz.300301,1.8500,1.9500,1.8400,1.9400,1.8500,10837800,20540213.0000,1.371700,1,4.864900,-3.612253,2.125463,1.053003,-101.664944,1
2022-09-28,sz.300301,1.9800,2.0500,1.8900,1.8900,1.9400,16613200,32895842.0000,2.102600,1,-2.577300,-3.519154,2.070683,1.025864,-99.044714,1
2022-09-29,sz.300301,1.9400,1.9900,1.8800,1.9100,1.8900,16924700,32534903.0000,2.142100,1,1.058200,-3.556394,2.092595,1.036719,-100.092806,1
2022-09-30,sz.300301,1.9200,1.9600,1.9000,1.9100,1.9100,9545015,18392275.6500,1.208100,1,0.000000,-3.556394,2.092595,1.036719,-100.092806,1
2022-10-10,sz.300301,1.9300,1.9300,1.8300,1.8500,1.9100,10919426,20481445.8400,1.382000,1,-3.141400,-3.444674,2.026859,1.004152,-96.948529,1
2022-10-11,sz.300301,1.8700,1.8700,1.7600,1.8100,1.8500,10431200,18850612.0000,1.320200,1,-2.162200,-3.370195,1.983035,0.982441,-94.852345,1
2022-10-12,sz.300301,1.8000,1.8800,1.8000,1.8700,1.8100,10568960,19472481.2000,1.337700,1,3.314900,-3.481914,2.048771,1.015008,-97.996621,1
2022-10-13,sz.300301,1.8700,1.9500,1.8600,1.9000,1.8700,9659486,18481101.0000,1.222600,1,1.604300,-3.537774,2.081639,1.031292,-99.568760,1
2022-10-14,sz.300301,1.9100,1.9400,1.8900,1.9200,1.9000,9783426,18787026.6600,1.238200,1,1.052600,-3.575013,2.103551,1.042147,-100.616852,1
2022-10-17,sz.300301,1.9100,1.9700,1.9000,1.9600,1.9200,10751300,20880482.0000,1.360700,1,2.083300,-3.649493,2.147375,1.063859,-102.713036,1
2022-10-18,sz.300301,1.9700,2.0100,1.9500,1.9800,1.9600,8463126,16748402.4800,1.071100,1,1.020400,-3.686733,2.169287,1.074714,-103.761129,1
2022-10-19,sz.300301,1.9900,2.0100,1.9300,1.9300,1.9800,9620600,18901440.0000,1.217600,1,-2.525300,-3.593633,2.114507,1.047575,-101.140898,1
2022-10-20,sz.300301,1.9300,1.9500,1.9000,1.9200,1.9300,7437326,14325831.6600,0.941300,1,-0.518100,-3.575013,2.103551,1.042147,-100.616852,1
2022-10-21,sz.300301,1.9200,1.9400,1.8800,1.8900,1.9200,7042700,13433983.0000,0.891400,1,-1.562500,-3.519154,2.070683,1.025864,-99.044714,1
2022-10-24,sz.300301,1.8900,1.8900,1.7700,1.8000,1.8900,19479922,35646498.6000,2.465500,1,-4.761900,-3.351575,1.972079,0.977013,-94.328299,1
2022-10-25,sz.300301,1.7800,1.8300,1.7000,1.7900,1.8000,16208048,28545900.9200,2.051400,1,-0.555600,-3.332955,1.961123,0.971585,-93.804253,1
2022-10-26,sz.300301,1.8100,1.8800,1.8100,1.8500,1.7900,12311250,22749645.0200,1.558200,1,3.352000,-3.444674,2.026859,1.004152,-96.948529,1
2022-10-27,sz.300301,1.8600,1.8900,1.8400,1.8600,1.8500,11114561,20713469.9600,1.406700,1,0.540500,-3.463294,2.037815,1.009580,-97.472575,1
2022-10-28,sz.300301,1.8300,1.8600,1.7600,1.7600,1.8600,12852300,23135815.9800,1.626600,1,-5.376300,-3.277096,1.928255,0.955302,-92.232114,1
2022-10-31,sz.300301,1.7200,1.8200,1.7200,1.7800,1.7600,8107520,14472916.4000,1.026100,1,1.136400,-2.962969,2.023447,1.475455,-30.288172,1
2022-11-01,sz.300301,1.8100,1.8200,1.7800,1.8000,1.7800,7838120,14109799.0000,0.992000,1,1.123600,-2.996261,2.046182,1.492033,-30.628488,1
2022-11-02,sz.300301,1.8100,1.8700,1.8000,1.8600,1.8000,9935700,18299337.0000,1.257500,1,3.333300,-3.096136,2.114388,1.541768,-31.649438,1
2022-11-03,sz.300301,1.8500,1.9300,1.8400,1.9300,1.8600,12917774,24502087.1200,1.634900,1,3.763400,-3.212657,2.193962,1.599791,-32.840546,1
2022-11-04,sz.300301,1.9100,1.9500,1.9000,1.9400,1.9300,11742800,22612048.0000,1.486200,1,0.518100,-3.229303,2.205330,1.608080,-33.010704,1
2022-11-07,sz.300301,1.9400,1.9800,1.9300,1.9600,1.9400,12452500,24424944.5200,1.576000,1,1.030900,-3.262595,2.228065,1.624659,-33.351021,1
2022-11-08,sz.300301,1.9600,2.0700,1.9400,2.0700,1.9600,19114601,38492215.0200,2.419200,1,5.612200,-3.445700,2.353109,1.715838,-35.222762,1
2022-11-09,sz.300301,2.0500,2.0800,2.0200,2.0600,2.0700,12502352,25693945.1200,1.582400,1,-0.483100,-3.429054,2.341742,1.707549,-35.052603,1
2022-11-10,sz.300301,2.0500,2.1300,1.9800,1.9900,2.0600,27009620,54994824.6000,3.418500,1,-3.398100,-3.312533,2.262168,1.649526,-33.861495,1
2022-11-11,sz.300301,2.0200,2.0300,1.9700,1.9700,1.9900,16074000,32110905.0000,2.034400,1,-1.005000,-3.279241,2.239433,1.632948,-33.521179,1
2022-11-14,sz.300301,1.9800,2.0300,1.9500,2.0100,1.9700,14871000,29678834.0000,1.882100,1,2.030500,-3.345824,2.284903,1.666104,-34.201812,1
2022-11-15,sz.300301,2.0100,2.0800,2.0000,2.0500,2.0100,13367902,27306596.1000,1.691900,1,1.990000,-3.412408,2.330374,1.699260,-34.882445,1
2022-11-16,sz.300301,2.0500,2.1200,2.0400,2.0900,2.0500,13101602,27294012.1200,1.658200,1,1.951200,-3.478992,2.375845,1.732417,-35.563078,1
2022-11-17,sz.300301,2.1000,2.1500,2.0800,2.1400,2.0900,13484200,28672312.0000,1.706600,1,2.392300,-3.562221,2.432683,1.773862,-36.413869,1
2022-11-18,sz.300301,2.1300,2.1400,2.0600,2.0700,2.1400,14717115,30930701.3500,1.862700,1,-3.271000,-3.445700,2.353109,1.715838,-35.222762,1
2022-11-21,sz.300301,2.0600,2.1000,2.0300,2.0500,2.0700,10296734,21120473.3400,1.303200,1,-0.966200,-3.412408,2.330374,1.699260,-34.882445,1
2022-11-22,sz.300301,2.0400,2.1300,2.0400,2.0700,2.0500,12885300,26930931.0000,1.630800,1,0.975600,-3.445700,2.353109,1.715838,-35.222762,1
2022-11-23,sz.300301,2.0700,2.0700,1.9900,2.0300,2.0700,11577300,23552196.0000,1.465300,1,-1.932400,-3.379116,2.307639,1.682682,-34.542129,1
2022-11-24,sz.300301,2.0400,2.1300,2.0300,2.1000,2.0300,17631700,36868054.0000,2.231600,1,3.448300,-3.495637,2.387212,1.740706,-35.733236,1
2022-11-25,sz.300301,2.1000,2.1800,2.0800,2.1400,2.1000,18851314,40393973.1000,2.385900,1,1.904800,-3.562221,2.432683,1.773862,-36.413869,1
2022-11-28,sz.300301,2.1200,2.2200,2.1200,2.1800,2.1400,18453200,40211697.0000,2.335500,1,1.869200,-3.628805,2.478154,1.807018,-37.094503,1
2022-11-29,sz.300301,2.1800,2.2000,2.1400,2.1700,2.1800,15115100,32813650.0000,1.913000,1,-0.458700,-3.612159,2.466786,1.798729,-36.924344,1
2022-11-30,sz.300301,2.1700,2.2700,2.1700,2.2400,2.1700,20421600,45498124.0000,2.584700,1,3.225800,-3.728680,2.546360,1.856753,-38.115452,1
2022-12-01,sz.300301,2.2600,2.3500,2.2000,2.3000,2.2400,24025402,54637119.5600,3.040800,1,2.678600,-3.828555,2.614566,1.906487,-39.136402,1
2022-12-02,sz.300301,2.3000,2.3400,2.2600,2.2800,2.3000,17265500,39586343.0000,2.185200,1,-0.869600,-3.795263,2.591831,1.889909,-38.796085,1
2022-12-05,sz.300301,2.2600,2.3100,2.2300,2.2400,2.2800,20680500,46781298.0000,2.617400,1,-1.754400,-3.728680,2.546360,1.856753,-38.115452,1
2022-12-06,sz.300301,2.2300,2.2500,2.1400,2.1800,2.2400,21161100,46361118.0000,2.678300,1,-2.678600,-3.628805,2.478154,1.807018,-37.094503,1
2022-12-07,sz.300301,2.1600,2.1900,2.1200,2.1700,2.1800,20353900,43729388.0000,2.576100,1,-0.458700,-3.612159,2.466786,1.798729,-36.924344,1
2022-12-08,sz.300301,2.1500,2.1700,2.1100,2.1200,2.1700,17524700,37413823.0000,2.218000,1,-2.304100,-3.528929,2.409948,1.757284,-36.073553,1
2022-12-09,sz.300301,2.1300,2.1700,2.1100,2.1100,2.1200,11705500,24984083.0000,1.481500,1,-0.471700,-3.512283,2.398580,1.748995,-35.903395,1
2022-12-12,sz.300301,2.1000,2.1000,1.9800,1.9900,2.1100,24136120,48621003.0000,3.054800,1,-5.687200,-3.312533,2.262168,1.649526,-33.861495,1
2022-12-13,sz.300301,2.0000,2.0400,2.0000,2.0100,1.9900,9573300,19326805.0000,1.211600,1,1.005000,-3.345824,2.284903,1.666104,-34.201812,1
2022-12-14,sz.300301,2.0200,2.0500,1.9800,1.9900,2.0100,10705900,21626827.0000,1.355000,1,-0.995000,-3.312533,2.262168,1.649526,-33.861495,1
2022-12-15,sz.300301,1.9600,2.0300,1.9600,1.9900,1.9900,8915800,17782207.0000,1.128400,1,0.000000,-3.312533,2.262168,1.649526,-33.861495,1
2022-12-16,sz.300301,1.9800,2.0100,1.8800,1.9100,1.9900,18012450,34861187.5000,2.279700,1,-4.020100,-3.179365,2.171226,1.583213,-32.500229,1
2022-12-19,sz.300301,1.8600,1.9100,1.8200,1.8600,1.9100,13098700,24266012.0000,1.657800,1,-2.617800,-3.096136,2.114388,1.541768,-31.649438,1
2022-12-20,sz.300301,1.9300,2.0000,1.8900,1.9600,1.8600,18217100,35539129.0000,2.305600,1,5.376300,-3.262595,2.228065,1.624659,-33.351021,1
2022-12-21,sz.300301,1.9200,1.9700,1.9100,1.9500,1.9600,8479000,16452705.0000,1.073100,1,-0.510200,-3.245949,2.216697,1.616369,-33.180862,1
2022-12-22,sz.300301,1.9500,1.9500,1.8800,1.8800,1.9500,9847100,18789879.0000,1.246300,1,-3.589700,-3.129428,2.137123,1.558346,-31.989755,1
2022-12-23,sz.300301,1.8400,1.8600,1.7500,1.8300,1.8800,17589100,31696819.0000,2.226200,1,-2.659600,-3.046198,2.080285,1.516901,-31.138963,1
2022-12-26,sz.300301,1.8200,1.8800,1.7800,1.8700,1.8300,8281300,15269160.0000,1.048100,1,2.185800,-3.112782,2.125756,1.550057,-31.819596,1
2022-12-27,sz.300301,1.8800,1.9000,1.8700,1.9000,1.8700,6995200,13182834.0000,0.885300,1,1.604300,-3.162720,2.159859,1.574924,-32.330071,1
2022-12-28,sz.300301,1.8800,1.8800,1.8200,1.8400,1.9000,4796700,8856767.0000,0.607100,1,-3.157900,-3.062844,2.091653,1.525190,-31.309121,1
2022-12-29,sz.300301,1.8400,1.8500,1.7900,1.8100,1.8400,5769400,10490248.0000,0.730200,1,-1.630400,-3.012907,2.057550,1.500322,-30.798647,1
2022-12-30,sz.300301,1.8100,1.8600,1.7800,1.8500,1.8100,6634720,12104354.6000,0.839700,1,2.209900,-3.079490,2.103020,1.533479,-31.479280,1
2023-01-03,sz.300301,1.8500,1.9200,1.8500,1.9100,1.8500,5931600,11168887.0000,0.750700,1,3.243200,-3.179365,2.171226,1.583213,-32.500229,1
2023-01-04,sz.300301,1.9100,1.9500,1.8800,1.9100,1.9100,7650900,14623287.0000,0.968300,1,0.000000,-3.179365,2.171226,1.583213,-32.500229,1
2023-01-05,sz.300301,1.9000,1.9400,1.8800,1.9100,1.9100,6922500,13204545.0000,0.876100,1,0.000000,-3.179365,2.171226,1.583213,-32.500229,1
2023-01-06,sz.300301,1.9100,1.9300,1.8700,1.8800,1.9100,7237502,13705916.7800,0.916000,1,-1.570700,-3.129428,2.137123,1.558346,-31.989755,1
2023-01-09,sz.300301,1.8900,1.9400,1.8600,1.9400,1.8800,8658002,16429739.7400,1.095800,1,3.191500,-3.229303,2.205330,1.608080,-33.010704,1
2023-01-10,sz.300301,1.9400,1.9400,1.8900,1.9100,1.9400,6023400,11484764.0000,0.762400,1,-1.546400,-3.179365,2.171226,1.583213,-32.500229,1
2023-01-11,sz.300301,1.9100,1.9200,1.8700,1.8700,1.9100,5513700,10446073.0000,0.697800,1,-2.094200,-3.112782,2.125756,1.550057,-31.819596,1
2023-01-12,sz.300301,1.8700,1.9100,1.8700,1.9000,1.8700,4387300,8312672.0000,0.555300,1,1.604300,-3.162720,2.159859,1.574924,-32.330071,1
2023-01-13,sz.300301,1.9100,1.9100,1.8700,1.9000,1.9000,4880000,9233779.0000,0.617600,1,0.000000,-3.162720,2.159859,1.574924,-32.330071,1
2023-01-16,sz.300301,1.8900,1.9200,1.8900,1.9000,1.9000,6994700,13339854.0000,0.885300,1,0.000000,-3.162720,2.159859,1.574924,-32.330071,1
2023-01-17,sz.300301,1.9000,1.9000,1.6700,1.7600,1.9000,33520122,59691260.7400,4.242500,1,-7.368400,-2.929677,2.000711,1.458877,-29.947855,1
2023-01-18,sz.300301,1.7500,1.7800,1.7300,1.7600,1.7600,12335000,21720870.0000,1.561200,1,0.000000,-2.929677,2.000711,1.458877,-29.947855,1
2023-01-19,sz.300301,1.7500,1.8300,1.7400,1.8100,1.7600,9211322,16636676.6000,1.165800,1,2.840900,-3.012907,2.057550,1.500322,-30.798647,1
2023-01-20,sz.300301,1.8100,1.8800,1.8100,1.8400,1.8100,7133300,13160552.0000,0.902800,1,1.657500,-3.062844,2.091653,1.525190,-31.309121,1
2023-01-30,sz.300301,1.8100,1.8400,1.7800,1.8400,1.8400,12138722,22103406.2600,1.536300,1,0.000000,-3.062844,2.091653,1.525190,-31.309121,1
2023-01-31,sz.300301,1.8300,1.9700,1.8100,1.9300,1.8400,21984444,41666236.6000,2.782500,1,4.891300,-3.212657,2.193962,1.599791,-32.840546,1
2023-02-01,sz.300301,1.9100,1.9600,1.8900,1.9300,1.9300,15369000,29591614.0000,1.945200,1,0.000000,-3.212657,2.193962,1.599791,-32.840546,1
2023-02-02,sz.300301,1.9400,2.0100,1.9100,1.9200,1.9300,15964725,31050121.8100,2.020600,1,-0.518100,-3.196011,2.182594,1.591502,-32.670388,1
2023-02-03,sz.300301,1.9200,1.9500,1.8600,1.8800,1.9200,16280200,30933030.0000,2.060500,1,-2.083300,-3.129428,2.137123,1.558346,-31.989755,1
2023-02-06,sz.300301,1.8800,1.9100,1.8600,1.9000,1.8800,9871002,18620927.8000,1.249300,1,1.063800,-3.162720,2.159859,1.574924,-32.330071,1
2023-02-07,sz.300301,1.9100,1.9400,1.8600,1.9000,1.9000,13755500,25981924.0000,1.741000,1,0.000000,-3.162720,2.159859,1.574924,-32.330071,1
2023-02-08,sz.300301,1.8900,1.9200,1.8600,1.8700,1.9000,10550550,19884184.5000,1.335300,1,-1.578900,-3.112782,2.125756,1.550057,-31.819596,1
2023-02-09,sz.300301,1.8700,1.9300,1.8500,1.9200,1.8700,15836600,30057913.0000,2.004400,1,2.673800,-3.196011,2.182594,1.591502,-32.670388,1
2023-02-10,sz.300301,1.9400,2.0900,1.9300,2.0000,1.9200,30277936,60697730.5000,3.832100,1,4.166700,-3.329178,2.273536,1.657815,-34.031654,1
2023-02-13,sz.300301,1.9900,2.1300,1.9900,2.1000,2.0000,28149106,58425222.0800,3.562700,1,5.000000,-3.495637,2.387212,1.740706,-35.733236,1
2023-02-14,sz.300301,2.0600,2.0900,2.0200,2.0500,2.1000,22863110,46856118.5000,2.893700,1,-2.381000,-3.412408,2.330374,1.699260,-34.882445,1
2023-02-15,sz.300301,2.0600,2.1000,2.0300,2.0300,2.0500,15824364,32610160.8400,2.002800,1,-0.975600,-3.379116,2.307639,1.682682,-34.542129,1
2023-02-16,sz.300301,2.0200,2.0700,1.9900,2.0100,2.0300,15586450,31620751.0000,1.972700,1,-0.985200,-3.345824,2.284903,1.666104,-34.201812,1
2023-02-17,sz.300301,1.9900,2.0200,1.9800,2.0100,2.0100,10902900,21847139.0000,1.379900,1,0.000000,-3.345824,2.284903,1.666104,-34.201812,1
2023-02-20,sz.300301,2.0100,2.0400,1.9800,2.0300,2.0100,10870760,21885487.6000,1.375900,1,0.995000,-3.379116,2.307639,1.682682,-34.542129,1
2023-02-21,sz.300301,2.0300,2.0500,2.0100,2.0300,2.0300,6311150,12773231.0000,0.798800,1,0.000000,-3.379116,2.307639,1.682682,-34.542129,1
2023-02-22,sz.300301,2.0300,2.0300,1.9900,2.0100,2.0300,8394300,16876143.0000,1.062400,1,-0.985200,-3.345824,2.284903,1.666104,-34.201812,1
2023-02-23,sz.300301,2.0000,2.0600,1.9700,2.0400,2.0100,16345772,32915870.0000,2.068800,1,1.492500,-3.395762,2.319006,1.690971,-34.712287,1
2023-02-24,sz.300301,2.0200,2.0300,2.0000,2.0100,2.0400,7718500,15547936.0000,0.976900,1,-1.470600,-3.345824,2.284903,1.666104,-34.201812,1
2023-02-27,sz.300301,2.0000,2.0100,1.9300,1.9400,2.0100,12067305,23784764.9000,1.527300,1,-3.482600,-3.229303,2.205330,1.608080,-33.010704,1
2023-02-28,sz.300301,1.9400,1.9800,1.9300,1.9700,1.9400,10015500,19622846.0000,1.267600,1,1.546400,-3.279241,2.239433,1.632948,-33.521179,1
2023-03-01,sz.300301,1.9700,2.0100,1.9700,2.0000,1.9700,7273600,14508089.0000,0.920600,1,1.522800,-3.329178,2.273536,1.657815,-34.031654,1
2023-03-02,sz.300301,2.0000,2.0300,1.9900,1.9900,2.0000,7089400,14257224.0000,0.897300,1,-0.500000,-3.312533,2.262168,1.649526,-33.861495,1
2023-03-03,sz.300301,2.0700,2.1800,2.0700,2.1000,1.9900,27012654,56913140.2000,3.418900,1,5.527600,-3.495637,2.387212,1.740706,-35.733236,1
2023-03-06,sz.300301,2.0700,2.1300,2.0600,2.0600,2.1000,16507220,34434885.2000,2.089200,1,-1.904800,-3.429054,2.341742,1.707549,-35.052603,1
2023-03-07,sz.300301,2.0600,2.1700,2.0600,2.1100,2.0600,21098554,44796048.7500,2.670300,1,2.427200,-3.512283,2.398580,1.748995,-35.903395,1
2023-03-08,sz.300301,2.1300,2.1900,2.1200,2.1600,2.1100,21203987,45793037.6700,2.683700,1,2.369700,-3.595513,2.455418,1.790440,-36.754186,1
2023-03-09,sz.300301,2.1500,2.1800,2.1200,2.1400,2.1600,14873920,31853913.4000,1.882500,1,-0.925900,-3.562221,2.432683,1.773862,-36.413869,1
2023-03-10,sz.300301,2.1400,2.2200,2.0900,2.2100,2.1400,24077200,51843423.0000,3.047300,1,3.271000,-3.678742,2.512257,1.831885,-37.604977,1
2023-03-13,sz.300301,2.1800,2.1800,2.1300,2.1400,2.2100,24628800,52937915.0000,3.117100,1,-3.167400,-3.562221,2.432683,1.773862,-36.413869,1
2023-03-14,sz.300301,2.0000,2.0300,1.9200,1.9300,2.1400,43005700,84875712.6100,5.443000,1,-9.813100,-3.212657,2.193962,1.599791,-32.840546,1
2023-03-15,sz.300301,1.9400,1.9400,1.8600,1.8800,1.9300,25738000,48764784.0000,3.257500,1,-2.590700,-3.129428,2.137123,1.558346,-31.989755,1
2023-03-16,sz.300301,1.8900,1.9200,1.8700,1.8900,1.8800,16178600,30596552.0000,2.047600,1,0.531900,-3.146074,2.148491,1.566635,-32.159913,1
2023-03-17,sz.300301,1.8900,1.9000,1.8700,1.8800,1.8900,14028800,26384785.0000,1.775600,1,-0.529100,-3.129428,2.137123,1.558346,-31.989755,1
2023-03-20,sz.300301,1.8900,1.8900,1.8300,1.8600,1.8800,11330800,21150431.0000,1.434100,1,-1.063800,-3.096136,2.114388,1.541768,-31.649438,1
2023-03-21,sz.300301,1.8600,1.9600,1.8500,1.9200,1.8600,11980202,22926388.8400,1.516300,1,3.225800,-3.196011,2.182594,1.591502,-32.670388,1
2023-03-22,sz.300301,1.9200,1.9600,1.9100,1.9300,1.9200,8355400,16144383.0000,1.057500,1,0.520800,-3.212657,2.193962,1.599791,-32.840546,1
2023-03-23,sz.300301,1.9300,1.9600,1.9200,1.9300,1.9300,8578900,16621067.0000,1.085800,1,0.000000,-3.212657,2.193962,1.599791,-32.840546,1
2023-03-24,sz.300301,1.9300,1.9500,1.9200,1.9300,1.9300,7257686,14012007.9800,0.918600,1,0.000000,-3.212657,2.193962,1.599791,-32.840546,1
2023-03-27,sz.300301,1.9400,2.0100,1.9300,2.0100,1.9300,14729200,29009910.0000,1.864200,1,4.145100,-3.345824,2.284903,1.666104,-34.201812,1
2023-03-28,sz.300301,2.0100,2.0300,1.9800,1.9900,2.0100,8749960,17508354.0000,1.107400,1,-0.995000,-3.312533,2.262168,1.649526,-33.861495,1
2023-03-29,sz.300301,2.0400,2.0600,2.0000,2.0100,1.9900,9507300,19267676.0000,1.203300,1,1.005000,-3.345824,2.284903,1.666104,-34.201812,1
2023-03-30,sz.300301,1.9900,2.0100,1.9400,1.9500,2.0100,11052800,21760114.0000,1.398900,1,-2.985100,-3.245949,2.216697,1.616369,-33.180862,1
2023-03-31,sz.300301,1.9800,1.9900,1.9100,1.9400,1.9500,9993100,19486519.0000,1.264800,1,-0.512800,-3.229303,2.205330,1.608080,-33.010704,1
2023-04-03,sz.300301,1.9400,1.9700,1.9300,1.9400,1.9400,7561500,14723630.0000,0.957000,1,0.000000,-3.229303,2.205330,1.608080,-33.010704,1
2023-04-04,sz.300301,1.9400,1.9500,1.9000,1.9100,1.9400,8473700,16265601.0000,1.072500,1,-1.546400,-3.179365,2.171226,1.583213,-32.500229,1
2023-04-06,sz.300301,1.9200,1.9300,1.8800,1.9000,1.9100,8861420,16874421.6000,1.121500,1,-0.523600,-3.162720,2.159859,1.574924,-32.330071,1
2023-04-07,sz.300301,1.8900,1.9000,1.8800,1.9000,1.9000,6905105,13048094.9000,0.873900,1,0.000000,-3.162720,2.159859,1.574924,-32.330071,1
2023-04-10,sz.300301,1.9100,1.9100,1.7400,1.7900,1.9000,25228300,45468362.0000,3.193000,1,-5.789500,-2.979615,2.034814,1.483744,-30.458330,1
2023-04-11,sz.300301,1.7800,1.8400,1.7800,1.8300,1.7900,9735220,17660847.6000,1.232100,1,2.234600,-3.046198,2.080285,1.516901,-31.138963,1
2023-04-12,sz.300301,1.8400,1.8500,1.8200,1.8300,1.8300,6977200,12799478.0000,0.883100,1,0.000000,-3.046198,2.080285,1.516901,-31.138963,1
2023-04-13,sz.300301,1.8500,1.8700,1.8300,1.8600,1.8300,6484640,11985321.0000,0.820700,1,1.639300,-3.096136,2.114388,1.541768,-31.649438,1
2023-04-14,sz.300301,1.8600,1.8600,1.8000,1.8200,1.8600,7888900,14393119.0000,0.998500,1,-2.150500,-3.029552,2.068917,1.508612,-30.968805,1
2023-04-17,sz.300301,1.8100,1.8200,1.7800,1.7900,1.8200,7459202,13424914.6000,0.944100,1,-1.648400,-2.979615,2.034814,1.483744,-30.458330,1
2023-04-18,sz.300301,1.8000,1.8000,1.7200,1.7400,1.7900,11227600,19697107.0000,1.421000,1,-2.793300,-2.896385,1.977976,1.442299,-29.607539,1
2023-04-19,sz.300301,1.7300,1.7400,1.6700,1.6800,1.7400,13916600,23645330.2800,1.761400,1,-3.448300,-2.796510,1.909770,1.392564,-28.586589,1
2023-04-20,sz.300301,1.6700,1.8300,1.5200,1.7800,1.6800,27425000,45925141.0000,3.471000,1,5.952400,-2.962969,2.023447,1.475455,-30.288172,1
2023-04-21,sz.300301,1.7600,1.8200,1.7100,1.7400,1.7800,14632800,25749973.0000,1.852000,1,-2.247200,-2.896385,1.977976,1.442299,-29.607539,1
2023-04-24,sz.300301,1.7100,1.8300,1.7100,1.8300,1.7400,13128471,23535210.8900,1.661600,1,5.172400,-3.046198,2.080285,1.516901,-31.138963,1
2023-04-25,sz.300301,1.8400,1.9600,1.8400,1.9500,1.8300,24454500,46903708.0000,3.095100,1,6.557400,-3.245949,2.216697,1.616369,-33.180862,1
2023-04-26,sz.300301,2.0100,2.0400,1.8300,1.8800,1.9500,29505300,57554316.8900,3.734300,1,-3.589700,-3.129428,2.137123,1.558346,-31.989755,1
2023-04-27,sz.300301,1.6100,1.9500,1.6100,1.8400,1.8800,22101120,40015257.6000,2.797200,1,-2.127700,-3.062844,2.091653,1.525190,-31.309121,1
2023-04-28,sz.300301,1.8800,1.9600,1.8300,1.9000,1.8400,21156300,39983032.0000,2.677600,1,3.260900,-3.162720,2.159859,1.574924,-32.330071,1
2023-05-04,sz.300301,2.0400,2.0800,1.9900,2.0300,1.9000,31389900,63955610.0000,3.972900,1,6.842100,-7.670850,9.249330,2.408992,-9.610120,1
2023-05-05,sz.300301,2.0200,2.0500,1.9300,1.9500,2.0300,22705900,45156102.0000,2.873800,1,-3.940900,-7.368551,8.884825,2.314056,-9.231396,1
2023-05-08,sz.300301,1.9600,1.9700,1.8500,1.8500,1.9500,17930920,33945031.8000,2.269400,1,-5.128200,-6.990676,8.429193,2.195387,-8.757992,1
2023-05-09,sz.300301,1.8400,1.8800,1.7800,1.8000,1.8500,13454120,24559199.2000,1.702800,1,-2.702700,-6.801739,8.201377,2.136052,-8.521289,1
2023-05-10,sz.300301,1.7600,1.8200,1.7600,1.7800,1.8000,9572760,17016287.2000,1.211600,1,-1.111100,-6.726164,8.110250,2.112318,-8.426608,1
2023-05-11,sz.300301,1.7700,1.8500,1.7600,1.8300,1.7800,8125400,14751119.0000,1.028400,1,2.809000,-6.915101,8.338066,2.171653,-8.663311,1
2023-05-12,sz.300301,1.8300,1.8400,1.7700,1.7700,1.8300,7441900,13321288.0000,0.941900,1,-3.278700,-6.688377,8.064687,2.100451,-8.379268,1
2023-05-15,sz.300301,1.7800,1.8100,1.7600,1.7900,1.7700,5170600,9224394.0000,0.654400,1,1.129900,-6.763952,8.155813,2.124185,-8.473949,1
2023-05-16,sz.300301,1.7900,1.8000,1.7200,1.7400,1.7900,6726300,11868346.0000,0.851300,1,-2.793300,-6.575014,7.927997,2.064850,-8.237246,1
2023-05-17,sz.300301,1.7300,1.7700,1.7300,1.7600,1.7400,3431400,6012950.0000,0.434300,1,1.149400,-6.650589,8.019124,2.088584,-8.331927,1
2023-05-18,sz.300301,1.7700,1.7900,1.7700,1.7800,1.7600,3920300,6971967.0000,0.496200,1,1.136400,-6.726164,8.110250,2.112318,-8.426608,1
2023-05-19,sz.300301,1.7900,1.7900,1.7500,1.7600,1.7800,5176400,9107525.0000,0.655200,1,-1.123600,-6.650589,8.019124,2.088584,-8.331927,1
2023-05-22,sz.300301,1.7700,1.7900,1.7300,1.7400,1.7600,10926500,19184207.0000,1.382900,1,-1.136400,-6.575014,7.927997,2.064850,-8.237246,1
2023-05-23,sz.300301,1.7200,1.7900,1.7200,1.7700,1.7400,9520600,16771945.0000,1.205000,1,1.724100,-6.688377,8.064687,2.100451,-8.379268,1
2023-05-24,sz.300301,1.7500,1.7800,1.7200,1.7300,1.7700,9498700,16575453.0000,1.202200,1,-2.259900,-6.537227,7.882434,2.052983,-8.189906,1
2023-05-25,sz.300301,1.7400,1.7400,1.6700,1.6900,1.7300,8742620,14875135.4000,1.106500,1,-2.312100,-6.386077,7.700181,2.005515,-8.000544,1
2023-05-26,sz.300301,1.6800,1.7200,1.6600,1.7000,1.6900,5959920,10055693.0000,0.754300,1,0.591700,-6.423865,7.745745,2.017382,-8.047884,1
2023-05-29,sz.300301,1.7000,1.7600,1.6900,1.7200,1.7000,6079700,10502436.0000,0.769500,1,1.176500,-6.499440,7.836871,2.041116,-8.142565,1
2023-05-30,sz.300301,1.7100,1.7300,1.6900,1.7200,1.7200,4737000,8083714.0000,0.599500,1,0.000000,-6.499440,7.836871,2.041116,-8.142565,1
2023-05-31,sz.300301,1.7000,1.7300,1.6800,1.7000,1.7200,3466200,5936134.0000,0.438700,1,-1.162800,-6.423865,7.745745,2.017382,-8.047884,1
2023-06-01,sz.300301,1.7100,1.7500,1.6900,1.7200,1.7000,6143805,10576673.5000,0.777600,1,1.176500,-6.499440,7.836871,2.041116,-8.142565,1
2023-06-02,sz.300301,1.7100,1.8100,1.7000,1.8000,1.7200,13366800,23557191.0000,1.691800,1,4.651200,-6.801739,8.201377,2.136052,-8.521289,1
2023-06-05,sz.300301,1.7800,1.8300,1.7600,1.7900,1.8000,11545800,20760338.0000,1.461300,1,-0.555600,-6.763952,8.155813,2.124185,-8.473949,1
2023-06-06,sz.300301,1.7700,1.7800,1.7000,1.7100,1.7900,13706476,23745877.2000,1.734800,1,-4.469300,-6.461652,7.791308,2.029249,-8.095225,1
2023-06-07,sz.300301,1.6900,1.7700,1.6900,1.7600,1.7100,8032500,13946505.0000,1.016600,1,2.924000,-6.650589,8.019124,2.088584,-8.331927,1
2023-06-08,sz.300301,1.7500,1.7800,1.7400,1.7400,1.7600,4809200,8426232.0000,0.608700,1,-1.136400,-6.575014,7.927997,2.064850,-8.237246,1
2023-06-09,sz.300301,1.7500,1.7800,1.7300,1.7500,1.7400,5699600,9972377.0000,0.721400,1,0.574700,-6.612802,7.973561,2.076717,-8.284587,1
2023-06-12,sz.300301,1.7500,1.7900,1.7500,1.7900,1.7500,5133940,9095655.0000,0.649800,1,2.285700,-6.763952,8.155813,2.124185,-8.473949,1
2023-06-13,sz.300301,1.7800,1.8100,1.7700,1.8100,1.7900,4759400,8553772.0000,0.602400,1,1.117300,-6.839527,8.246940,2.147919,-8.568630,1
2023-06-14,sz.300301,1.8000,1.8200,1.7900,1.8100,1.8100,5527700,9963790.0000,0.699600,1,0.000000,-6.839527,8.246940,2.147919,-8.568630,1
2023-06-15,sz.300301,1.8000,1.8100,1.7600,1.7700,1.8100,7601900,13513666.0000,0.962100,1,-2.209900,-6.688377,8.064687,2.100451,-8.379268,1
2023-06-16,sz.300301,1.7800,1.8300,1.7800,1.8200,1.7700,7673260,13900792.4000,0.971200,1,2.824900,-6.877314,8.292503,2.159786,-8.615970,1
2023-06-19,sz.300301,1.8300,1.9200,1.8200,1.9000,1.8200,14659746,27653608.0000,1.855400,1,4.395600,-7.179613,8.657009,2.254721,-8.994694,1
2023-06-20,sz.300301,1.8800,1.9000,1.8100,1.8200,1.9000,12589126,23242782.3200,1.593300,1,-4.210500,-6.877314,8.292503,2.159786,-8.615970,1
2023-06-21,sz.300301,1.7500,1.7600,1.7000,1.7000,1.8200,15083026,26038189.9800,1.909000,1,-6.593400,-6.423865,7.745745,2.017382,-8.047884,1
2023-06-26,sz.300301,1.6800,1.7200,1.6600,1.7000,1.7000,5331150,9083705.0000,0.674700,1,0.000000,-6.423865,7.745745,2.017382,-8.047884,1
2023-06-27,sz.300301,1.7100,1.7600,1.7100,1.7600,1.7000,5758900,10032625.0000,0.728900,1,3.529400,-6.650589,8.019124,2.088584,-8.331927,1
2023-06-28,sz.300301,1.7700,1.7800,1.7300,1.7800,1.7600,5369100,9408819.0000,0.679500,1,1.136400,-6.726164,8.110250,2.112318,-8.426608,1
2023-06-29,sz.300301,1.7700,1.8400,1.7700,1.8300,1.7800,8416728,15302794.1800,1.065300,1,2.809000,-6.915101,8.338066,2.171653,-8.663311,1
2023-06-30,sz.300301,1.8000,1.8000,1.7300,1.7400,1.8300,19566000,34486965.0000,2.476400,1,-4.918000,-6.575014,7.927997,2.064850,-8.237246,1
2023-07-03,sz.300301,1.7300,1.7800,1.7300,1.7800,1.7400,8870400,15655650.0000,1.122700,1,2.298900,-6.726164,8.110250,2.112318,-8.426608,1
2023-07-04,sz.300301,1.7700,1.7900,1.7600,1.7900,1.7800,8190300,14568477.0000,1.036600,1,0.561800,-6.763952,8.155813,2.124185,-8.473949,1
2023-07-05,sz.300301,1.7900,1.8200,1.7600,1.7700,1.7900,10397200,18638398.0000,1.315900,1,-1.117300,-6.688377,8.064687,2.100451,-8.379268,1
2023-07-06,sz.300301,1.7800,1.7800,1.7300,1.7400,1.7700,6308100,11018310.0000,0.798400,1,-1.694900,-6.575014,7.927997,2.064850,-8.237246,1
2023-07-07,sz.300301,1.7300,1.7500,1.7200,1.7300,1.7400,4704500,8137954.0000,0.595400,1,-0.574700,-6.537227,7.882434,2.052983,-8.189906,1
2023-07-10,sz.300301,1.7400,1.7500,1.7100,1.7100,1.7300,5835000,10075910.0000,0.738500,1,-1.156100,-6.461652,7.791308,2.029249,-8.095225,1
2023-07-11,sz.300301,1.7100,1.7300,1.7000,1.7200,1.7100,5264900,9026375.0000,0.666400,1,0.584800,-6.499440,7.836871,2.041116,-8.142565,1
2023-07-12,sz.300301,1.7200,1.7300,1.7000,1.7000,1.7200,5838800,9973123.0000,0.739000,1,-1.162800,-6.423865,7.745745,2.017382,-8.047884,1
2023-07-13,sz.300301,1.6600,1.7100,1.6600,1.6800,1.7000,5697900,9612873.0000,0.721200,1,-1.176500,-6.348290,7.654618,1.993648,-7.953203,1
2023-07-14,sz.300301,1.6800,1.7200,1.6800,1.7100,1.6800,6472600,11034962.0000,0.819200,1,1.785700,-6.461652,7.791308,2.029249,-8.095225,1
2023-07-17,sz.300301,1.6800,1.7000,1.6700,1.6800,1.7100,5034400,8478012.0000,0.637200,1,-1.754400,-6.348290,7.654618,1.993648,-7.953203,1
2023-07-18,sz.300301,1.6700,1.6800,1.6600,1.6700,1.6800,5094100,8499741.0000,0.644700,1,-0.595200,-6.310502,7.609055,1.981781,-7.905863,1
2023-07-19,sz.300301,1.6700,1.6800,1.6300,1.6500,1.6700,7538420,12441573.8000,0.954100,1,-1.197600,-6.234927,7.517929,1.958047,-7.811182,1
2023-07-20,sz.300301,1.6500,1.6800,1.6500,1.6700,1.6500,5623420,9351431.2000,0.711700,1,1.212100,-6.310502,7.609055,1.981781,-7.905863,1
2023-07-21,sz.300301,1.6600,1.6800,1.6400,1.6600,1.6700,6402880,10590565.6000,0.810400,1,-0.598800,-6.272715,7.563492,1.969914,-7.858522,1
2023-07-24,sz.300301,1.6600,1.7000,1.6400,1.6800,1.6600,6226280,10399823.8000,0.788000,1,1.204800,-6.348290,7.654618,1.993648,-7.953203,1
2023-07-25,sz.300301,1.6800,1.7100,1.6700,1.7000,1.6800,5150302,8712070.3800,0.651800,1,1.190500,-6.423865,7.745745,2.017382,-8.047884,1
2023-07-26,sz.300301,1.6900,1.7100,1.6800,1.7000,1.7000,6176734,10462167.4600,0.781800,1,0.000000,-6.423865,7.745745,2.017382,-8.047884,1
2023-07-27,sz.300301,1.7000,1.7000,1.6700,1.6800,1.7000,6774300,11419030.0000,0.857400,1,-1.176500,-6.348290,7.654618,1.993648,-7.953203,1
2023-07-28,sz.300301,1.6800,1.6900,1.6600,1.6800,1.6800,6541802,10970713.3400,0.828000,1,0.000000,-6.348290,7.654618,1.993648,-7.953203,1
2023-07-31,sz.300301,1.6600,1.7000,1.6600,1.6900,1.6800,10315557,17313746.6600,1.305600,1,0.595200,-6.386077,7.700181,2.005515,-8.000544,1
2023-08-01,sz.300301,1.6800,1.7800,1.6700,1.7300,1.6900,16578336,28629974.2800,2.098200,1,2.366900,-6.537227,7.882434,2.052983,-8.189906,1
2023-08-02,sz.300301,1.7100,1.7600,1.7100,1.7500,1.7300,10236800,17759971.0000,1.295600,1,1.156100,-6.612802,7.973561,2.076717,-8.284587,1
2023-08-03,sz.300301,1.7400,1.7600,1.7300,1.7300,1.7500,7845402,13626516.4600,0.993000,1,-1.142900,-6.537227,7.882434,2.052983,-8.189906,1
2023-08-04,sz.300301,1.7300,1.7400,1.7100,1.7300,1.7300,6988955,12080188.6000,0.884600,1,0.000000,-6.537227,7.882434,2.052983,-8.189906,1
2023-08-07,sz.300301,1.7200,1.7500,1.7000,1.7500,1.7300,5872757,10114185.6100,0.743300,1,1.156100,-6.612802,7.973561,2.076717,-8.284587,1
2023-08-08,sz.300301,1.7200,1.7200,1.6900,1.7100,1.7500,8175100,13953448.0000,1.034700,1,-2.285700,-6.461652,7.791308,2.029249,-8.095225,1
2023-08-09,sz.300301,1.7000,1.7100,1.6500,1.6600,1.7100,7872000,13224318.0000,0.996300,1,-2.924000,-6.272715,7.563492,1.969914,-7.858522,1
2023-08-10,sz.300301,1.6600,1.7100,1.6500,1.7000,1.6600,7592900,12797098.0000,0.961000,1,2.409600,-6.423865,7.745745,2.017382,-8.047884,1
2023-08-11,sz.300301,1.7000,1.7100,1.6700,1.6800,1.7000,5480400,9225354.0000,0.693600,1,-1.176500,-6.348290,7.654618,1.993648,-7.953203,1
2023-08-14,sz.300301,1.6800,1.6800,1.6500,1.6800,1.6800,4687100,7822046.0000,0.593200,1,0.000000,-6.348290,7.654618,1.993648,-7.953203,1
2023-08-15,sz.300301,1.6700,1.7000,1.6500,1.6800,1.6800,8935200,15034888.0000,1.130900,1,0.000000,-6.348290,7.654618,1.993648,-7.953203,1
2023-08-16,sz.300301,1.6600,1.7300,1.6600,1.7100,1.6800,15540207,26500035.9700,1.966800,1,1.785700,-6.461652,7.791308,2.029249,-8.095225,1
2023-08-17,sz.300301,1.7000,1.7300,1.6800,1.7300,1.7100,10952500,18647342.0000,1.386200,1,1.169600,-6.537227,7.882434,2.052983,-8.189906,1
2023-08-18,sz.300301,1.7300,1.7500,1.7100,1.7100,1.7300,10151400,17515503.0000,1.284800,1,-1.156100,-6.461652,7.791308,2.029249,-8.095225,1
2023-08-21,sz.300301,1.7200,1.7400,1.6600,1.6800,1.7100,9915100,16921430.0000,1.254900,1,-1.754400,-6.348290,7.654618,1.993648,-7.953203,1
2023-08-22,sz.300301,1.6800,1.7000,1.6400,1.6700,1.6800,6037600,10059842.0000,0.764100,1,-0.595200,-6.310502,7.609055,1.981781,-7.905863,1
2023-08-23,sz.300301,1.6700,1.6700,1.6500,1.6600,1.6700,3639000,6044842.0000,0.460600,1,-0.598800,-6.272715,7.563492,1.969914,-7.858522,1
2023-08-24,sz.300301,1.6600,1.6700,1.6200,1.6400,1.6600,7930605,12980790.2000,1.003700,1,-1.204800,-6.197140,7.472365,1.946180,-7.763841,1
2023-08-25,sz.300301,1.6300,1.6400,1.5700,1.5900,1.6400,6975502,11237016.1800,0.882900,1,-3.048800,-6.008203,7.244549,1.886846,-7.527139,1
2023-08-28,sz.300301,1.6500,1.6700,1.5700,1.5900,1.5900,7842100,12661990.5000,0.992500,1,0.000000,-6.008203,7.244549,1.886846,-7.527139,1
2023-08-29,sz.300301,1.5800,1.6300,1.5800,1.6200,1.5900,9914438,15868117.1000,1.254800,1,1.886800,-6.121565,7.381239,1.922447,-7.669160,1
2023-08-30,sz.300301,1.6100,1.6500,1.6000,1.6100,1.6200,9467702,15363993.2400,1.198300,1,-0.617300,-6.224201,8.992274,2.053892,-46.973085,1
2023-08-31,sz.300301,1.6000,1.6000,1.5500,1.5700,1.6100,10038538,15804604.3200,1.270500,1,-2.484500,-6.069563,8.768864,2.002864,-45.806052,1
2023-09-01,sz.300301,1.5700,1.6600,1.5600,1.6300,1.5700,13569102,21816099.1400,1.717400,1,3.821700,-6.301521,9.103980,2.079406,-47.556602,1
2023-09-04,sz.300301,1.6400,1.6500,1.6100,1.6400,1.6300,11330802,18382068.2200,1.434100,1,0.613500,-6.340180,9.159832,2.092163,-47.848360,1
2023-09-05,sz.300301,1.6300,1.6300,1.6000,1.6000,1.6400,8185100,13221349.0000,1.035900,1,-2.439000,-6.185542,8.936422,2.041135,-46.681327,1
2023-09-06,sz.300301,1.6000,1.6300,1.5900,1.6200,1.6000,8740836,14110200.3200,1.106300,1,1.250000,-6.262861,9.048127,2.066649,-47.264844,1
2023-09-07,sz.300301,1.6100,1.6200,1.5800,1.5900,1.6200,6639700,10608749.0000,0.840400,1,-1.851900,-6.146882,8.880569,2.028378,-46.389569,1
2023-09-08,sz.300301,1.5900,1.6100,1.5800,1.6000,1.5900,4672810,7455605.9000,0.591400,1,0.628900,-6.185542,8.936422,2.041135,-46.681327,1
2023-09-11,sz.300301,1.5900,1.6100,1.5700,1.6100,1.6000,7311636,11646066.2400,0.925400,1,0.625000,-6.224201,8.992274,2.053892,-46.973085,1
2023-09-12,sz.300301,1.5900,1.6000,1.5800,1.5900,1.6100,7243900,11491658.0000,0.916800,1,-1.242200,-6.146882,8.880569,2.028378,-46.389569,1
2023-09-13,sz.300301,1.5800,1.5900,1.5400,1.5500,1.5900,12582300,19633928.0000,1.592500,1,-2.515700,-5.992244,8.657159,1.977350,-45.222536,1
2023-09-14,sz.300301,1.5400,1.5500,1.5200,1.5500,1.5500,8486610,12998822.3000,1.074100,1,0.000000,-5.992244,8.657159,1.977350,-45.222536,1
2023-09-15,sz.300301,1.5400,1.5800,1.5200,1.5700,1.5500,9402910,14584067.6000,1.190100,1,1.290300,-6.069563,8.768864,2.002864,-45.806052,1
2023-09-18,sz.300301,1.5700,1.6600,1.5700,1.6400,1.5700,18898112,30848474.6800,2.391800,1,4.458600,-6.340180,9.159832,2.092163,-47.848360,1
2023-09-19,sz.300301,1.6300,1.6700,1.6000,1.6500,1.6400,14655802,23906942.2000,1.854900,1,0.609800,-6.378840,9.215685,2.104921,-48.140118,1
2023-09-20,sz.300301,1.6400,1.6700,1.6300,1.6400,1.6500,12423814,20465791.0600,1.572400,1,-0.606100,-6.340180,9.159832,2.092163,-47.848360,1
2023-09-21,sz.300301,1.6300,1.6600,1.6100,1.6500,1.6400,11869900,19409914.0000,1.502300,1,0.609800,-6.378840,9.215685,2.104921,-48.140118,1
2023-09-22,sz.300301,1.6400,1.7100,1.6300,1.6600,1.6500,16622700,27847661.9300,2.103900,1,0.606100,-6.417500,9.271538,2.117678,-48.431877,1
2023-09-25,sz.300301,1.6400,1.6400,1.5900,1.6100,1.6600,13268886,21482301.1800,1.679400,1,-3.012000,-6.224201,8.992274,2.053892,-46.973085,1
2023-09-26,sz.300301,1.6000,1.6200,1.5800,1.6100,1.6100,7987600,12752796.0000,1.011000,1,0.000000,-6.224201,8.992274,2.053892,-46.973085,1
2023-09-27,sz.300301,1.6000,1.6400,1.5900,1.6400,1.6100,10776410,17509050.1000,1.363900,1,1.863400,-6.340180,9.159832,2.092163,-47.848360,1
2023-09-28,sz.300301,1.6500,1.6900,1.6300,1.6600,1.6400,13399300,22271063.0000,1.695900,1,1.219500,-6.417500,9.271538,2.117678,-48.431877,1
2023-10-09,sz.300301,1.6700,1.7000,1.6400,1.6600,1.6600,9497900,15818008.0000,1.202100,1,0.000000,-6.417500,9.271538,2.117678,-48.431877,1
2023-10-10,sz.300301,1.6700,1.6800,1.6200,1.6400,1.6600,9738000,16030058.0000,1.232500,1,-1.204800,-6.340180,9.159832,2.092163,-47.848360,1
2023-10-11,sz.300301,1.6400,1.6400,1.6100,1.6200,1.6400,8347552,13547364.5500,1.056500,1,-1.219500,-6.262861,9.048127,2.066649,-47.264844,1
2023-10-12,sz.300301,1.6300,1.7500,1.6300,1.6800,1.6200,20054352,33856281.1100,2.538200,1,3.703700,-6.494819,9.383243,2.143192,-49.015393,1
2023-10-13,sz.300301,1.6700,1.7800,1.6500,1.7500,1.6800,27690607,48226327.9700,3.504700,1,4.166700,-6.765436,9.774211,2.232491,-51.057701,1
2023-10-16,sz.300301,1.7400,2.1000,1.7300,2.1000,1.7500,101861290,202654643.4200,12.892100,1,20.000000,-8.118523,11.729053,2.678990,-61.269242,1
2023-10-17,sz.300301,2.0700,2.5000,2.0200,2.3300,2.1000,135664622,314208608.9700,17.170400,1,10.952400,-9.007695,13.013664,2.972403,-67.979682,1
2023-10-18,sz.300301,2.1500,2.2900,2.0200,2.2100,2.3300,91653030,197281953.4000,11.600100,1,-5.150200,-8.543779,12.343432,2.819318,-64.478583,1
2023-10-19,sz.300301,2.1400,2.1800,1.8800,1.8800,2.2100,76800340,154398289.0000,9.720200,1,-14.932100,-7.268011,10.500296,2.398334,-54.850559,1
2023-10-20,sz.300301,1.8600,2.0300,1.8600,1.9200,1.8800,65265358,127945336.1200,8.260300,1,2.127700,-7.422650,10.723706,2.449362,-56.017592,1
2023-10-23,sz.300301,1.9200,1.9500,1.7200,1.8400,1.9200,53563916,98442506.0600,6.779300,1,-4.166700,-7.113373,10.276885,2.347305,-53.683526,1
2023-10-24,sz.300301,1.8300,1.8900,1.7800,1.8100,1.8400,42303560,77205250.8000,5.354200,1,-1.630400,-6.997394,10.109327,2.309034,-52.808251,1
2023-10-25,sz.300301,1.7900,1.8500,1.7800,1.8100,1.8100,35221236,63755839.7600,4.457800,1,0.000000,-6.997394,10.109327,2.309034,-52.808251,1
2023-10-26,sz.300301,1.7900,1.8000,1.7200,1.7300,1.8100,36907100,64586414.0000,4.671200,1,-4.419900,-6.899083,12.137048,2.329327,189.598098,1
2023-10-27,sz.300301,1.7300,1.8000,1.7200,1.7700,1.7300,28575300,50586105.6400,3.616600,1,2.312100,-7.058599,12.417673,2.383185,193.981869,1
2023-10-30,sz.300301,1.7600,1.8200,1.7400,1.8200,1.7700,24005342,43097253.0200,3.038200,1,2.824900,-7.257994,12.768455,2.450506,199.461583,1
2023-10-31,sz.300301,1.8100,1.9200,1.7700,1.9000,1.8200,39056916,72275239.1200,4.943200,1,4.395600,-7.577027,13.329706,2.558221,208.229125,1
2023-11-01,sz.300301,1.8700,1.9200,1.8500,1.8600,1.9000,27726216,51997892.7600,3.509200,1,-2.105300,-7.417511,13.049080,2.504363,203.845354,1
2023-11-02,sz.300301,1.8900,2.0200,1.8600,1.9300,1.8600,44508842,86376911.5400,5.633300,1,3.763400,-7.696664,13.540175,2.598614,211.516953,1
2023-11-03,sz.300301,1.8900,1.9200,1.8700,1.8800,1.9300,27070755,51116716.4700,3.426200,1,-2.590700,-7.497269,13.189393,2.531292,206.037240,1
2023-11-06,sz.300301,1.9000,1.9100,1.8500,1.8800,1.8800,21474116,40202306.7600,2.717900,1,0.000000,-7.497269,13.189393,2.531292,206.037240,1
2023-11-07,sz.300301,1.8600,1.8800,1.8400,1.8700,1.8800,22620200,42071775.8400,2.862900,1,-0.531900,-7.457390,13.119237,2.517828,204.941297,1
2023-11-08,sz.300301,1.8600,1.8900,1.8500,1.8700,1.8700,19692416,36771443.6000,2.492400,1,0.000000,-7.457390,13.119237,2.517828,204.941297,1
2023-11-09,sz.300301,1.8600,1.8700,1.8100,1.8300,1.8700,20729800,38134077.5400,2.623700,1,-2.139000,-7.297874,12.838611,2.463970,200.557526,1
2023-11-10,sz.300301,1.8100,1.8500,1.8100,1.8400,1.8300,14276423,26124597.8600,1.806900,1,0.546400,-7.337753,12.908768,2.477435,201.653469,1
2023-11-13,sz.300301,1.8300,1.8500,1.8200,1.8400,1.8400,10442823,19156339.0900,1.321700,1,0.000000,-7.337753,12.908768,2.477435,201.653469,1
2023-11-14,sz.300301,1.8400,2.0000,1.8200,1.9800,1.8400,37463523,72671663.6200,4.741600,1,7.608700,-7.896060,13.890957,2.665935,216.996667,1
2023-11-15,sz.300301,1.9400,1.9500,1.8900,1.9400,1.9800,32070336,61541145.4800,4.059000,1,-2.020200,-7.736544,13.610331,2.612078,212.612896,1
2023-11-16,sz.300301,1.9300,2.0400,1.9100,1.9300,1.9400,32416000,63888989.0000,4.102700,1,-0.515500,-7.696664,13.540175,2.598614,211.516953,1
2023-11-17,sz.300301,1.9200,1.9400,1.8700,1.8900,1.9300,24234200,45940297.0000,3.067200,1,-2.072500,-7.537148,13.259549,2.544756,207.133182,1
2023-11-20,sz.300301,1.8800,1.9400,1.8600,1.9100,1.8900,17675848,33695357.6800,2.237100,1,1.058200,-7.616906,13.399862,2.571685,209.325068,1
2023-11-21,sz.300301,1.9100,1.9200,1.8800,1.8900,1.9100,14423300,27315679.0000,1.825500,1,-1.047100,-7.537148,13.259549,2.544756,207.133182,1
2023-11-22,sz.300301,1.8900,1.9500,1.8800,1.9300,1.8900,20109502,38677963.8200,2.545200,1,2.116400,-7.696664,13.540175,2.598614,211.516953,1
2023-11-23,sz.300301,1.9200,1.9300,1.8600,1.8900,1.9300,16671400,31507947.0000,2.110000,1,-2.072500,-7.537148,13.259549,2.544756,207.133182,1
2023-11-24,sz.300301,1.9000,1.9100,1.8600,1.8600,1.8900,11466622,21560481.9200,1.451300,1,-1.587300,-7.417511,13.049080,2.504363,203.845354,1
2023-11-27,sz.300301,1.8600,1.8600,1.7900,1.8200,1.8600,19475800,35347858.0000,2.465000,1,-2.150500,-7.257994,12.768455,2.450506,199.461583,1
2023-11-28,sz.300301,1.8100,1.8400,1.7900,1.8200,1.8200,10409923,18909187.4000,1.317500,1,0.000000,-7.257994,12.768455,2.450506,199.461583,1
2023-11-29,sz.300301,1.8100,1.8300,1.7900,1.7900,1.8200,10956900,19789590.0000,1.386800,1,-1.648400,-7.138357,12.557986,2.410113,196.173755,1
2023-11-30,sz.300301,1.7900,1.8200,1.7800,1.8000,1.7900,7734500,13944039.0000,0.978900,1,0.558700,-7.178236,12.628142,2.423577,197.269697,1
2023-12-01,sz.300301,1.8000,1.8200,1.7900,1.8100,1.8000,6517400,11753023.0000,0.824900,1,0.555600,-7.218115,12.698299,2.437042,198.365640,1
2023-12-04,sz.300301,1.8100,1.8100,1.7800,1.7800,1.8100,7580400,13610243.0000,0.959400,1,-1.657500,-7.098478,12.487830,2.396649,195.077812,1
2023-12-05,sz.300301,1.7700,1.7800,1.7100,1.7400,1.7800,13377400,23352684.0000,1.693100,1,-2.247200,-6.938962,12.207204,2.342792,190.694041,1
2023-12-06,sz.300301,1.7300,1.7700,1.7200,1.7600,1.7400,8339900,14602260.0000,1.055500,1,1.149400,-7.018720,12.347517,2.369720,192.885926,1
2023-12-07,sz.300301,1.7600,1.7600,1.7100,1.7300,1.7600,8958617,15516188.0700,1.133800,1,-1.704500,-6.899083,12.137048,2.329327,189.598098,1
2023-12-08,sz.300301,1.7200,1.8200,1.7200,1.7600,1.7300,13200500,23389447.0000,1.670700,1,1.734100,-7.018720,12.347517,2.369720,192.885926,1
2023-12-11,sz.300301,1.7400,1.7500,1.6500,1.7200,1.7600,11886300,20254521.0000,1.504400,1,-2.272700,-6.859204,12.066892,2.315863,188.502155,1
2023-12-12,sz.300301,1.7100,1.7400,1.6900,1.7200,1.7200,8697500,14908402.0000,1.100800,1,0.000000,-6.859204,12.066892,2.315863,188.502155,1
2023-12-13,sz.300301,1.7000,1.7000,1.6700,1.6700,1.7200,9282600,15634469.0000,1.174900,1,-2.907000,-6.659808,11.716110,2.248541,183.022442,1
2023-12-14,sz.300301,1.6800,1.7800,1.6800,1.7000,1.6700,16648900,28627009.0000,2.107200,1,1.796400,-6.779445,11.926579,2.288934,186.310270,1
2023-12-15,sz.300301,1.6900,1.7000,1.6500,1.6600,1.7000,11767400,19648885.0000,1.489300,1,-2.352900,-6.619929,11.645954,2.235077,181.926499,1
2023-12-18,sz.300301,1.6600,1.6700,1.6000,1.6100,1.6600,9574100,15602275.0000,1.211700,1,-3.012000,-6.420534,11.295172,2.167755,176.446785,1
2023-12-19,sz.300301,1.6000,1.6300,1.5900,1.6200,1.6100,6580000,10604284.0000,0.832800,1,0.621100,-6.460413,11.365328,2.181220,177.542728,1
2023-12-20,sz.300301,1.6200,1.6800,1.6200,1.6300,1.6200,7326900,12043728.0000,0.927300,1,0.617300,-6.500292,11.435484,2.194684,178.638670,1
2023-12-21,sz.300301,1.6200,1.6400,1.6000,1.6300,1.6300,6726501,10907241.6200,0.851300,1,0.000000,-6.500292,11.435484,2.194684,178.638670,1
2023-12-22,sz.300301,1.6300,1.6800,1.6100,1.6600,1.6300,11449586,18837733.7600,1.449100,1,1.840500,-6.619929,11.645954,2.235077,181.926499,1
2023-12-25,sz.300301,1.6400,1.6800,1.6200,1.6500,1.6600,7875186,12971323.1800,0.996700,1,-0.602400,-6.580050,11.575797,2.221613,180.830556,1
2023-12-26,sz.300301,1.6400,1.6800,1.6400,1.6600,1.6500,7027304,11671596.6400,0.889400,1,0.606100,-6.619929,11.645954,2.235077,181.926499,1
2023-12-27,sz.300301,1.6500,1.6600,1.6100,1.6400,1.6600,6844000,11185643.0000,0.866200,1,-1.204800,-6.540171,11.505641,2.208148,179.734613,1
2023-12-28,sz.300301,1.6400,1.6600,1.6200,1.6400,1.6400,8786600,14435350.0000,1.112100,1,0.000000,-6.540171,11.505641,2.208148,179.734613,1
2023-12-29,sz.300301,1.6400,1.6800,1.6300,1.6700,1.6400,6904300,11499165.0000,0.873800,1,1.829300,-6.659808,11.716110,2.248541,183.022442,1
2024-01-02,sz.300301,1.6800,1.7300,1.6700,1.7100,1.6700,11563900,19782450.0000,1.463600,1,2.395200,-6.819324,11.996735,2.302399,187.406213,1
2024-01-03,sz.300301,1.7000,1.7000,1.6700,1.6900,1.7100,6628600,11177527.0000,0.838900,1,-1.169600,-6.739566,11.856423,2.275470,185.214327,1
2024-01-04,sz.300301,1.6800,1.7700,1.6700,1.7500,1.6900,16282604,28320717.0000,2.060800,1,3.550300,-6.978841,12.277361,2.356256,191.789984,1
2024-01-05,sz.300301,1.7400,1.7800,1.6900,1.7000,1.7500,10992900,18991836.0000,1.391300,1,-2.857100,-6.779445,11.926579,2.288934,186.310270,1
2024-01-08,sz.300301,1.7000,1.7000,1.6300,1.6400,1.7000,8204200,13618796.0000,1.038400,1,-3.529400,-6.540171,11.505641,2.208148,179.734613,1
2024-01-09,sz.300301,1.6400,1.6700,1.6100,1.6500,1.6400,6834700,11227530.0000,0.865000,1,0.609800,-6.580050,11.575797,2.221613,180.830556,1
2024-01-10,sz.300301,1.6500,1.6500,1.6100,1.6100,1.6500,6166300,10000722.0000,0.780400,1,-2.424200,-6.420534,11.295172,2.167755,176.446785,1
2024-01-11,sz.300301,1.6000,1.6300,1.6000,1.6200,1.6100,5944900,9605158.0000,0.752400,1,0.621100,-6.460413,11.365328,2.181220,177.542728,1
2024-01-12,sz.300301,1.6200,1.6400,1.5900,1.6000,1.6200,7163200,11551400.0000,0.906600,1,-1.234600,-6.380654,11.225015,2.154291,175.350842,1
2024-01-15,sz.300301,1.5900,1.6200,1.5900,1.6200,1.6000,4626400,7444514.0000,0.585500,1,1.250000,-6.460413,11.365328,2.181220,177.542728,1
2024-01-16,sz.300301,1.6100,1.6600,1.6000,1.6300,1.6200,7378100,12068674.0000,0.933800,1,0.617300,-6.500292,11.435484,2.194684,178.638670,1
2024-01-17,sz.300301,1.6300,1.7900,1.6100,1.6700,1.6300,18640400,31355574.0000,2.359200,1,2.454000,-6.659808,11.716110,2.248541,183.022442,1
2024-01-18,sz.300301,1.6500,1.7300,1.6200,1.6500,1.6700,16502100,27323032.0000,2.088600,1,-1.197600,-6.580050,11.575797,2.221613,180.830556,1
2024-01-19,sz.300301,1.6400,1.6700,1.6100,1.6200,1.6500,8794800,14436413.0000,1.113100,1,-1.818200,-6.460413,11.365328,2.181220,177.542728,1
2024-01-22,sz.300301,1.6200,1.6300,1.5400,1.5600,1.6200,14168300,22326686.0000,1.793200,1,-3.703700,-6.221138,10.944390,2.100434,170.967071,1
2024-01-23,sz.300301,1.5500,1.5800,1.5200,1.5500,1.5600,7722300,11997640.0000,0.977400,1,-0.641000,-6.181259,10.874234,2.086970,169.871128,1
2024-01-24,sz.300301,1.5600,1.6900,1.5400,1.6200,1.5500,17320500,28161783.0000,2.192200,1,4.516100,-6.460413,11.365328,2.181220,177.542728,1
2024-01-25,sz.300301,1.6100,1.6200,1.5600,1.6000,1.6200,15247200,24217804.0000,1.929800,1,-1.234600,-6.380654,11.225015,2.154291,175.350842,1
2024-01-26,sz.300301,1.5900,1.6100,1.5800,1.5800,1.6000,7608300,12143304.0000,0.962900,1,-1.250000,-6.300896,11.084703,2.127362,173.158957,1
2024-01-29,sz.300301,1.5900,1.6000,1.5300,1.5300,1.5800,7539600,11742382.0000,0.954300,1,-3.164600,-6.101501,10.733921,2.060041,167.679243,1
2024-01-30,sz.300301,1.5300,1.5600,1.5100,1.5200,1.5300,7088800,10847844.0000,0.897200,1,-0.653600,-6.061622,10.663765,2.046577,166.583300,1
2024-01-31,sz.300301,1.5300,1.5700,1.5100,1.5200,1.5200,9582300,14732056.0000,1.212800,1,0.000000,-6.061622,10.663765,2.046577,166.583300,1
2024-02-01,sz.300301,1.5200,1.5200,1.3200,1.3400,1.5200,23419702,32990910.6400,2.964100,1,-11.842100,-5.343798,9.400950,1.804219,146.856330,1
2024-02-02,sz.300301,1.3500,1.3900,1.2900,1.3600,1.3400,19087500,25692193.0000,2.415800,1,1.492500,-5.423556,9.541263,1.831147,149.048216,1
2024-02-05,sz.300301,1.3500,1.3600,1.1600,1.2100,1.3600,14838500,18630221.0000,1.878000,1,-11.029400,-4.825370,8.488918,1.629183,132.609074,1
2024-02-06,sz.300301,1.1900,1.3100,1.1600,1.2700,1.2100,11709010,14475519.0000,1.482000,1,4.958700,-5.064644,8.909856,1.709969,139.184731,1
2024-02-07,sz.300301,1.2900,1.3100,1.2200,1.2200,1.2700,13075400,16373389.0000,1.654900,1,-3.937000,-4.865249,8.559074,1.642647,133.705017,1
2024-02-08,sz.300301,1.2200,1.3200,1.2200,1.3100,1.2200,10645000,13648179.0000,1.347300,1,7.377000,-5.224161,9.190481,1.763826,143.568502,1
2024-02-19,sz.300301,1.3400,1.4100,1.3300,1.3600,1.3100,9408672,12883920.9200,1.190800,1,3.816800,-5.423556,9.541263,1.831147,149.048216,1
2024-02-20,sz.300301,1.3800,1.4700,1.3700,1.4700,1.3600,12297000,17451613.0000,1.556400,1,8.088200,-5.862226,10.312983,1.979255,161.103586,1
2024-02-21,sz.300301,1.4500,1.5400,1.4400,1.5000,1.4700,13146240,19819573.6000,1.663900,1,2.040800,-5.981864,10.523452,2.019648,164.391415,1
2024-02-22,sz.300301,1.4800,1.5200,1.4700,1.4900,1.5000,8572200,12763359.0000,1.084900,1,-0.666700,-5.941984,10.453296,2.006184,163.295472,1
2024-02-23,sz.300301,1.4800,1.5400,1.4700,1.5300,1.4900,9901440,15005372.8000,1.253200,1,2.684600,-6.101501,10.733921,2.060041,167.679243,1
2024-02-26,sz.300301,1.5200,1.5600,1.5100,1.5300,1.5300,8173800,12569642.0000,1.034500,1,0.000000,-6.101501,10.733921,2.060041,167.679243,1
2024-02-27,sz.300301,1.5300,1.5600,1.5200,1.5400,1.5300,8728400,13431994.0000,1.104700,1,0.653600,-6.141380,10.804077,2.073505,168.775186,1
2024-02-28,sz.300301,1.5500,1.5700,1.4500,1.4500,1.5400,14267200,21801957.0000,1.805700,1,-5.844200,-5.782468,10.172670,1.952326,158.911701,1
2024-02-29,sz.300301,1.4100,1.5000,1.3900,1.4800,1.4500,10573460,15457328.0000,1.338200,1,2.069000,-5.902105,10.383139,1.992719,162.199529,1
2024-03-01,sz.300301,1.4600,1.4900,1.4600,1.4700,1.4800,6021000,8857685.0000,0.762000,1,-0.675700,-5.862226,10.312983,1.979255,161.103586,1
2024-03-04,sz.300301,1.4600,1.4600,1.3600,1.3700,1.4700,16557600,23124854.0000,2.095600,1,-6.802700,-5.463435,9.611419,1.844612,150.144159,1
2024-03-05,sz.300301,1.3700,1.4100,1.3500,1.3700,1.3700,7955800,11023688.0000,1.006900,1,0.000000,-5.463435,9.611419,1.844612,150.144159,1
2024-03-06,sz.300301,1.3600,1.3900,1.3600,1.3900,1.3700,8035942,11069064.5600,1.017100,1,1.459900,-5.543194,9.751732,1.871540,152.336044,1
2024-03-07,sz.300301,1.3900,1.4100,1.3600,1.3600,1.3900,8119600,11260817.9800,1.027700,1,-2.158300,-5.423556,9.541263,1.831147,149.048216,1
2024-03-08,sz.300301,1.3700,1.3800,1.3500,1.3800,1.3600,5861700,8016284.0000,0.741900,1,1.470600,-5.503314,9.681576,1.858076,151.240101,1
2024-03-11,sz.300301,1.3700,1.4100,1.3500,1.4000,1.3800,10031300,13879006.0000,1.269600,1,1.449300,-5.583073,9.821889,1.885005,153.431987,1
2024-03-12,sz.300301,1.3900,1.4300,1.3900,1.4200,1.4000,9322400,13116606.0000,1.179900,1,1.428600,-5.662831,9.962201,1.911933,155.623872,1
2024-03-13,sz.300301,1.4100,1.4200,1.3900,1.3900,1.4200,8343476,11675001.6400,1.056000,1,-2.112700,-5.543194,9.751732,1.871540,152.336044,1
2024-03-14,sz.300301,1.3900,1.4000,1.3600,1.3900,1.3900,8839100,12163651.0000,1.118700,1,0.000000,-5.543194,9.751732,1.871540,152.336044,1
2024-03-15,sz.300301,1.3800,1.3900,1.3600,1.3800,1.3900,6410200,8805779.0000,0.811300,1,-0.719400,-5.503314,9.681576,1.858076,151.240101,1
2024-03-18,sz.300301,1.3800,1.4000,1.3800,1.4000,1.3800,6606100,9188120.0000,0.836100,1,1.449300,-5.583073,9.821889,1.885005,153.431987,1
2024-03-19,sz.300301,1.4000,1.5100,1.3900,1.4800,1.4000,17172800,25021656.0000,2.173500,1,5.714300,-5.902105,10.383139,1.992719,162.199529,1
2024-03-20,sz.300301,1.4700,1.4900,1.4500,1.4600,1.4800,7437100,10893825.0000,0.941300,1,-1.351400,-5.822347,10.242827,1.965791,160.007644,1
2024-03-21,sz.300301,1.5000,1.5400,1.4500,1.4700,1.4600,12889300,19172330.0000,1.631300,1,0.684900,-5.862226,10.312983,1.979255,161.103586,1
2024-03-22,sz.300301,1.4700,1.4800,1.4300,1.4600,1.4700,7307402,10593703.9000,0.924900,1,-0.680300,-5.822347,10.242827,1.965791,160.007644,1
2024-03-25,sz.300301,1.4600,1.5100,1.4500,1.4600,1.4600,8049100,11865254.0000,1.018700,1,0.000000,-5.822347,10.242827,1.965791,160.007644,1
2024-03-26,sz.300301,1.4500,1.4900,1.4400,1.4800,1.4600,7344902,10761377.9400,0.929600,1,1.369900,-5.902105,10.383139,1.992719,162.199529,1
2024-03-27,sz.300301,1.4700,1.5000,1.4500,1.4600,1.4800,9258100,13684338.0000,1.171800,1,-1.351400,-5.822347,10.242827,1.965791,160.007644,1
2024-03-28,sz.300301,1.4400,1.4700,1.4100,1.4400,1.4600,8710702,12562636.8400,1.102500,1,-1.369900,-5.742589,10.102514,1.938862,157.815758,1
2024-03-29,sz.300301,1.4300,1.4400,1.4000,1.4200,1.4400,5724020,8108574.2000,0.724500,1,-1.388900,-5.662831,9.962201,1.911933,155.623872,1
2024-04-01,sz.300301,1.4200,1.4400,1.4100,1.4300,1.4200,4743000,6766668.0000,0.600300,1,0.704200,-5.702710,10.032358,1.925398,156.719815,1
2024-04-02,sz.300301,1.4200,1.4500,1.4100,1.4300,1.4300,5834800,8311055.9800,0.738500,1,0.000000,-5.702710,10.032358,1.925398,156.719815,1
2024-04-03,sz.300301,1.4100,1.4200,1.3900,1.4200,1.4300,4162600,5860454.0000,0.526800,1,-0.699300,-5.662831,9.962201,1.911933,155.623872,1
2024-04-08,sz.300301,1.4200,1.4200,1.3800,1.3800,1.4200,4232800,5910235.0000,0.535700,1,-2.816900,-5.503314,9.681576,1.858076,151.240101,1
2024-04-09,sz.300301,1.3800,1.4100,1.3800,1.3900,1.3800,3096050,4313246.5000,0.391900,1,0.724600,-5.543194,9.751732,1.871540,152.336044,1
2024-04-10,sz.300301,1.3900,1.4000,1.3600,1.3700,1.3900,3563700,4900948.0000,0.451000,1,-1.438800,-5.463435,9.611419,1.844612,150.144159,1
2024-04-11,sz.300301,1.3700,1.3700,1.3100,1.3300,1.3700,7781300,10423900.0000,0.984800,1,-2.919700,-5.303919,9.330794,1.790754,145.760388,1
2024-04-12,sz.300301,1.3100,1.3400,1.2500,1.3200,1.3300,9423937,12221849.3100,1.192700,1,-0.751900,-5.264040,9.260638,1.777290,144.664445,1
2024-04-15,sz.300301,1.0900,1.2300,1.0900,1.1800,1.3200,16839612,19827547.9200,2.131300,1,-10.606100,-4.705733,8.278449,1.588790,129.321246,1
2024-04-16,sz.300301,1.1400,1.1600,0.9900,1.0100,1.1800,14976400,15998127.0000,1.895500,1,-14.406800,-4.027788,7.085791,1.359896,110.690219,1
2024-04-17,sz.300301,1.0100,1.1200,1.0100,1.1000,1.0100,9754447,10539999.7100,1.234600,1,8.910900,-4.386700,7.717198,1.481075,120.553704,1
2024-04-18,sz.300301,1.1100,1.1200,1.0600,1.0600,1.1000,7926900,8622030.0000,1.003300,1,-3.636400,-4.227184,7.436573,1.427218,116.169933,1
2024-04-19,sz.300301,1.0600,1.1700,1.0600,1.1700,1.0600,10030603,11264356.2700,1.269500,1,10.377400,-4.665854,8.208293,1.575325,128.225303,1
2024-04-22,sz.300301,1.1900,1.4000,1.1900,1.4000,1.1700,28735128,39084039.2000,3.636900,1,19.658100,-5.583073,9.821889,1.885005,153.431987,1
2024-04-23,sz.300301,1.3900,1.4500,1.3500,1.3600,1.4000,19358576,26817373.3600,2.450100,1,-2.857100,-5.423556,9.541263,1.831147,149.048216,1
2024-04-24,sz.300301,1.3600,1.4200,1.3300,1.4000,1.3600,13101921,17971756.1400,1.658200,1,2.941200,-5.583073,9.821889,1.885005,153.431987,1
2024-04-25,sz.300301,1.4000,1.6300,1.4000,1.5500,1.4000,20415221,31291129.2900,2.583900,1,10.714300,-6.181259,10.874234,2.086970,169.871128,1
2024-04-26,sz.300301,1.5300,1.6500,1.4500,1.4500,1.5500,22163300,34440092.0000,2.805100,1,-6.451600,-5.782468,10.172670,1.952326,158.911701,1
2024-04-29,sz.300301,1.5800,1.6000,1.5000,1.5200,1.4500,19017000,29292013.0000,2.406900,1,4.827600,-9.463222,24.852387,2.262692,158.032341,1
2024-04-30,sz.300301,1.5000,1.5500,1.4600,1.4800,1.5200,12984700,19434973.0000,1.643400,1,-2.631600,-9.214190,24.198376,2.203147,153.873596,1
2024-05-06,sz.300301,1.4900,1.5000,1.4100,1.4300,1.4800,10407022,14978574.0200,1.317200,1,-3.378400,-8.902900,23.380864,2.128717,148.675163,1
2024-05-07,sz.300301,1.4400,1.4400,1.3600,1.3900,1.4300,10043340,13882185.2000,1.271100,1,-2.797200,-8.653868,22.726854,2.069172,144.516417,1
2024-05-08,sz.300301,1.3800,1.4800,1.3700,1.4200,1.3900,9697640,13930512.2000,1.227400,1,2.158300,-8.840642,23.217361,2.113831,147.635477,1
2024-05-09,sz.300301,1.3900,1.4500,1.3900,1.4400,1.4200,7559888,10777680.9600,0.956800,1,1.408500,-8.965158,23.544366,2.143603,149.714850,1
2024-05-10,sz.300301,1.4100,1.4300,1.3700,1.3900,1.4400,6480860,9049581.4000,0.820200,1,-3.472200,-8.653868,22.726854,2.069172,144.516417,1
2024-05-13,sz.300301,1.3800,1.4600,1.3800,1.4400,1.3900,6440500,9248771.6000,0.815100,1,3.597100,-8.965158,23.544366,2.143603,149.714850,1
2024-05-14,sz.300301,1.4500,1.5000,1.4500,1.4700,1.4400,7167140,10571434.2000,0.907100,1,2.083300,-9.151932,24.034874,2.188261,152.833909,1
2024-05-15,sz.300301,1.5000,1.5000,1.4500,1.4600,1.4700,7377460,10866341.6000,0.933700,1,-0.680300,-9.089674,23.871371,2.173375,151.794223,1
2024-05-16,sz.300301,1.4600,1.4800,1.4000,1.4200,1.4600,10784500,15436026.0000,1.364900,1,-2.739700,-8.840642,23.217361,2.113831,147.635477,1
2024-05-17,sz.300301,1.4200,1.4300,1.3800,1.4300,1.4200,6627800,9324934.0000,0.838800,1,0.704200,-8.902900,23.380864,2.128717,148.675163,1
2024-05-20,sz.300301,1.4200,1.4200,1.3900,1.4100,1.4300,6031100,8456308.0000,0.763300,1,-1.398600,-8.778384,23.053859,2.098944,146.595790,1
2024-05-21,sz.300301,1.4100,1.4200,1.3900,1.4000,1.4100,3934800,5518687.0000,0.498000,1,-0.709200,-8.716126,22.890356,2.084058,145.556104,1
2024-05-22,sz.300301,1.4000,1.4100,1.3500,1.3800,1.4000,7784800,10671835.0000,0.985300,1,-1.428600,-8.591610,22.563351,2.054286,143.476731,1
2024-05-23,sz.300301,1.3800,1.3900,1.3400,1.3500,1.3800,5130700,6976362.0000,0.649400,1,-2.173900,-8.404836,22.072843,2.009628,140.357672,1
2024-05-24,sz.300301,1.3700,1.4000,1.3600,1.3900,1.3500,5982000,8250335.0000,0.757100,1,2.963000,-8.653868,22.726854,2.069172,144.516417,1
2024-05-27,sz.300301,1.3900,1.4100,1.3700,1.3900,1.3900,7163300,9922161.0000,0.906600,1,0.000000,-8.653868,22.726854,2.069172,144.516417,1
2024-05-28,sz.300301,1.3900,1.5400,1.3900,1.5100,1.3900,19964381,29496942.8400,2.526800,1,8.633100,-9.400964,24.688884,2.247806,156.992655,1
2024-05-29,sz.300301,1.5100,1.5200,1.4200,1.4200,1.5100,15329800,22288696.0000,1.940200,1,-5.960300,-8.840642,23.217361,2.113831,147.635477,1
2024-05-30,sz.300301,1.3800,1.4300,1.1800,1.3800,1.4200,13230060,17764182.6000,1.674500,1,-2.816900,-8.591610,22.563351,2.054286,143.476731,1
2024-05-31,sz.300301,1.3700,1.3800,1.2800,1.3000,1.3800,9538100,12694517.0000,1.207200,1,-5.797100,-8.093545,21.255331,1.935197,135.159239,1
2024-06-03,sz.300301,1.3500,1.3500,1.2600,1.2700,1.3000,8568860,11073919.2000,1.084500,1,-2.307700,-7.906771,20.764823,1.890539,132.040180,1
2024-06-04,sz.300301,1.2700,1.2900,1.2500,1.2900,1.2700,5850320,7439060.0000,0.740400,1,1.574800,-8.031287,21.091828,1.920311,134.119553,1
2024-06-05,sz.300301,1.2700,1.3500,1.2600,1.3000,1.2900,6768420,8806235.0000,0.856600,1,0.775200,-8.093545,21.255331,1.935197,135.159239,1
2024-06-06,sz.300301,1.3000,1.3000,1.2400,1.2600,1.3000,7623558,9611757.5000,0.964900,1,-3.076900,-7.844513,20.601320,1.875653,131.000493,1
2024-06-07,sz.300301,1.2800,1.3100,1.2800,1.3000,1.2600,5583800,7215561.0000,0.706700,1,3.174600,-8.093545,21.255331,1.935197,135.159239,1
2024-06-11,sz.300301,1.2900,1.3500,1.2600,1.3300,1.3000,7427400,9742696.2000,0.940000,1,2.307700,-8.280320,21.745838,1.979855,138.278299,1
2024-06-12,sz.300301,1.2900,1.3100,1.2800,1.3000,1.3300,7933200,10287356.0000,1.004100,1,-2.255600,-8.093545,21.255331,1.935197,135.159239,1
2024-06-13,sz.300301,1.2900,1.3100,1.2600,1.2700,1.3000,5282600,6758276.0000,0.668600,1,-2.307700,-7.906771,20.764823,1.890539,132.040180,1
2024-06-14,sz.300301,1.2700,1.2800,1.2500,1.2700,1.2700,2885050,3654082.5000,0.365100,1,0.000000,-7.906771,20.764823,1.890539,132.040180,1
2024-06-17,sz.300301,1.2800,1.2900,1.2400,1.2400,1.2700,6219500,7792394.0000,0.787200,1,-2.362200,-7.719997,20.274315,1.845880,128.921121,1
2024-06-18,sz.300301,1.2600,1.2600,1.2300,1.2500,1.2400,4624000,5759711.0000,0.585200,1,0.806500,-7.782255,20.437818,1.860766,129.960807,1
2024-06-19,sz.300301,1.2500,1.2600,1.2400,1.2600,1.2500,3939750,4917540.5000,0.498600,1,0.800000,-7.844513,20.601320,1.875653,131.000493,1
2024-06-20,sz.300301,1.2500,1.2500,1.2100,1.2200,1.2600,7556652,9252972.9200,0.956400,1,-3.174600,-7.595481,19.947310,1.816108,126.841748,1
2024-06-21,sz.300301,1.2200,1.2800,1.2000,1.2700,1.2200,6075962,7552180.0600,0.769000,1,4.098400,-7.906771,20.764823,1.890539,132.040180,1
2024-06-24,sz.300301,1.2600,1.2900,1.2500,1.2800,1.2700,4968792,6332489.7400,0.628900,1,0.787400,-7.969029,20.928326,1.905425,133.079866,1
2024-06-25,sz.300301,1.2800,1.2800,1.2500,1.2500,1.2800,4304450,5424849.5000,0.544800,1,-2.343800,-7.782255,20.437818,1.860766,129.960807,1
2024-06-26,sz.300301,1.2400,1.2500,1.2000,1.2500,1.2500,5898009,7255484.9800,0.746500,1,0.000000,-7.782255,20.437818,1.860766,129.960807,1
2024-06-27,sz.300301,1.2400,1.2600,1.2200,1.2200,1.2500,3389000,4167625.0000,0.428900,1,-2.400000,-7.595481,19.947310,1.816108,126.841748,1
2024-06-28,sz.300301,1.2200,1.2600,1.2100,1.2400,1.2200,4493600,5562919.0000,0.568700,1,1.639300,-7.719997,20.274315,1.845880,128.921121,1
2024-07-01,sz.300301,1.2400,1.3500,1.2400,1.3100,1.2400,10551984,13749194.0400,1.335500,1,5.645200,-8.155803,21.418833,1.950083,136.198926,1
2024-07-02,sz.300301,1.3000,1.3200,1.2800,1.2900,1.3100,5356200,6942183.0000,0.677900,1,-1.526700,-8.031287,21.091828,1.920311,134.119553,1
2024-07-03,sz.300301,1.2800,1.3600,1.2800,1.3400,1.2900,8588600,11461150.0000,1.087000,1,3.876000,-8.342578,21.909341,1.994742,139.317985,1
2024-07-04,sz.300301,1.3400,1.3600,1.3000,1.3000,1.3400,6188600,8137536.0000,0.783300,1,-2.985100,-8.093545,21.255331,1.935197,135.159239,1
2024-07-05,sz.300301,1.2800,1.3200,1.2800,1.3200,1.3000,4191800,5483797.0000,0.530500,1,1.538500,-8.218062,21.582336,1.964969,137.238612,1
2024-07-08,sz.300301,1.3100,1.3100,1.2700,1.2700,1.3200,3775000,4861102.9200,0.477800,1,-3.787900,-7.906771,20.764823,1.890539,132.040180,1
2024-07-09,sz.300301,1.2700,1.2800,1.2100,1.2500,1.2700,6244602,7754005.4200,0.790300,1,-1.574800,-7.782255,20.437818,1.860766,129.960807,1
2024-07-10,sz.300301,1.2300,1.2600,1.2200,1.2400,1.2500,3957700,4904878.0000,0.500900,1,-0.800000,-7.719997,20.274315,1.845880,128.921121,1
2024-07-11,sz.300301,1.2500,1.2700,1.2300,1.2600,1.2400,3408442,4272812.7000,0.431400,1,1.612900,-7.844513,20.601320,1.875653,131.000493,1
2024-07-12,sz.300301,1.2600,1.3000,1.2500,1.2700,1.2600,4500824,5735183.2600,0.569600,1,0.793700,-7.906771,20.764823,1.890539,132.040180,1
2024-07-15,sz.300301,1.2700,1.2700,1.2300,1.2400,1.2700,3610300,4493421.0000,0.456900,1,-2.362200,-7.719997,20.274315,1.845880,128.921121,1
2024-07-16,sz.300301,1.2300,1.2600,1.2200,1.2300,1.2400,4138900,5115273.0000,0.523800,1,-0.806500,-7.657739,20.110813,1.830994,127.881434,1
2024-07-17,sz.300301,1.2300,1.2500,1.2200,1.2300,1.2300,7168500,8801464.0000,0.907300,1,0.000000,-7.657739,20.110813,1.830994,127.881434,1
2024-07-18,sz.300301,1.2500,1.2500,1.2000,1.2200,1.2300,5466068,6663699.2800,0.691800,1,-0.813000,-7.595481,19.947310,1.816108,126.841748,1
2024-07-19,sz.300301,1.2300,1.2300,1.2100,1.2100,1.2200,4139220,5033077.2000,0.523900,1,-0.819700,-7.533223,19.783808,1.801222,125.802061,1
2024-07-22,sz.300301,1.2000,1.2200,1.1900,1.2100,1.2100,4948900,5965859.0000,0.626400,1,0.000000,-7.533223,19.783808,1.801222,125.802061,1
2024-07-23,sz.300301,1.2000,1.2500,1.2000,1.2200,1.2100,5369100,6615027.0000,0.679500,1,0.826400,-7.595481,19.947310,1.816108,126.841748,1
2024-07-24,sz.300301,1.2100,1.2200,1.1900,1.2000,1.2200,3855802,4625986.3800,0.488000,1,-1.639300,-7.470965,19.620305,1.786336,124.762375,1
2024-07-25,sz.300301,1.2000,1.2100,1.1700,1.1900,1.2000,3910800,4659006.0000,0.495000,1,-0.833300,-7.408707,19.456803,1.771450,123.722688,1
2024-07-26,sz.300301,1.1900,1.2200,1.1900,1.2000,1.1900,2977800,3584633.0000,0.376900,1,0.840300,-7.470965,19.620305,1.786336,124.762375,1
2024-07-29,sz.300301,1.1900,1.2100,1.1900,1.2100,1.2000,2724364,3276722.1600,0.344800,1,0.833300,-7.533223,19.783808,1.801222,125.802061,1
2024-07-30,sz.300301,1.2100,1.2300,1.2000,1.2300,1.2100,5250000,6394944.0000,0.664500,1,1.652900,-7.657739,20.110813,1.830994,127.881434,1
2024-07-31,sz.300301,1.2200,1.2900,1.2200,1.2700,1.2300,9303720,11738184.2000,1.177500,1,3.252000,-7.906771,20.764823,1.890539,132.040180,1
2024-08-01,sz.300301,1.2600,1.2800,1.2400,1.2600,1.2700,6843200,8591652.0000,0.866100,1,-0.787400,-7.844513,20.601320,1.875653,131.000493,1
2024-08-02,sz.300301,1.2500,1.2700,1.2400,1.2600,1.2600,5188900,6497637.0000,0.656700,1,0.000000,-7.844513,20.601320,1.875653,131.000493,1
2024-08-05,sz.300301,1.2500,1.3400,1.2500,1.2800,1.2600,13872084,17991760.5200,1.755700,1,1.587300,-7.969029,20.928326,1.905425,133.079866,1
2024-08-06,sz.300301,1.2600,1.3100,1.2600,1.2900,1.2800,11369226,14584016.2800,1.438900,1,0.781300,-8.031287,21.091828,1.920311,134.119553,1
2024-08-07,sz.300301,1.2800,1.3000,1.2600,1.2600,1.2900,7139000,9065072.0000,0.903500,1,-2.325600,-7.844513,20.601320,1.875653,131.000493,1
2024-08-08,sz.300301,1.2600,1.3100,1.2300,1.3000,1.2600,10879817,13867976.2500,1.377000,1,3.174600,-8.093545,21.255331,1.935197,135.159239,1
2024-08-09,sz.300301,1.3000,1.3100,1.2700,1.2700,1.3000,5868000,7533773.0000,0.742700,1,-2.307700,-7.906771,20.764823,1.890539,132.040180,1
2024-08-12,sz.300301,1.2600,1.2700,1.2200,1.2200,1.2700,7512768,9308164.0000,0.950900,1,-3.937000,-7.595481,19.947310,1.816108,126.841748,1
2024-08-13,sz.300301,1.2100,1.2600,1.2100,1.2300,1.2200,3912802,4844308.4800,0.495200,1,0.819700,-7.657739,20.110813,1.830994,127.881434,1
2024-08-14,sz.300301,1.2300,1.2500,1.2200,1.2300,1.2300,4521200,5584633.0000,0.572200,1,0.000000,-7.657739,20.110813,1.830994,127.881434,1
2024-08-15,sz.300301,1.2300,1.2500,1.2200,1.2400,1.2300,5282100,6537487.0000,0.668500,1,0.813000,-7.719997,20.274315,1.845880,128.921121,1
2024-08-16,sz.300301,1.2500,1.2600,1.2200,1.2300,1.2400,6532100,8073483.0000,0.826700,1,-0.806500,-7.657739,20.110813,1.830994,127.881434,1
2024-08-19,sz.300301,1.2300,1.2400,1.2100,1.2100,1.2300,5090100,6186327.0000,0.644200,1,-1.626000,-7.533223,19.783808,1.801222,125.802061,1
2024-08-20,sz.300301,1.2200,1.2300,1.1800,1.1900,1.2100,6192800,7411105.0000,0.783800,1,-1.652900,-7.408707,19.456803,1.771450,123.722688,1
2024-08-21,sz.300301,1.1500,1.2000,1.1500,1.2000,1.1900,5278100,6256643.0000,0.668000,1,0.840300,-7.470965,19.620305,1.786336,124.762375,1
2024-08-22,sz.300301,1.1800,1.2100,1.1800,1.1900,1.2000,3959384,4725563.1200,0.501100,1,-0.833300,-7.408707,19.456803,1.771450,123.722688,1
2024-08-23,sz.300301,1.1900,1.2000,1.1700,1.1700,1.1900,3830801,4530730.1900,0.484800,1,-1.680700,-7.284191,19.129798,1.741677,121.643315,1
2024-08-26,sz.300301,1.1700,1.1900,1.1700,1.1800,1.1700,3406760,4019777.8000,0.431200,1,0.854700,-7.346449,19.293300,1.756563,122.683002,1
2024-08-27,sz.300301,1.1800,1.2000,1.1700,1.2000,1.1800,5228861,6183364.3800,0.661800,1,1.694900,-7.470965,19.620305,1.786336,124.762375,1
2024-08-28,sz.300301,1.2000,1.2500,1.1900,1.2200,1.2000,7851800,9612457.0000,0.993800,1,1.666700,-7.595481,19.947310,1.816108,126.841748,1
2024-08-29,sz.300301,1.2200,1.2800,1.2100,1.2700,1.2200,10308462,12880231.9200,1.304700,1,4.098400,-7.906771,20.764823,1.890539,132.040180,1
2024-08-30,sz.300301,1.2500,1.2800,1.2300,1.2600,1.2700,11379102,14258773.5200,1.440600,1,-0.787400,-9.107775,30.935322,2.039486,31.576500,1
2024-09-02,sz.300301,1.2600,1.2900,1.2500,1.2800,1.2600,11906600,15105067.0000,1.507400,1,1.587300,-9.252342,31.426359,2.071859,32.077714,1
2024-09-03,sz.300301,1.2800,1.3200,1.2600,1.3000,1.2800,16882508,21807714.9600,2.137400,1,1.562500,-9.396910,31.917395,2.104232,32.578928,1
2024-09-04,sz.300301,1.2900,1.2900,1.2400,1.2500,1.3000,11668528,14755822.6800,1.477300,1,-3.846200,-9.035491,30.689803,2.023300,31.325892,1
2024-09-05,sz.300301,1.2400,1.2700,1.2400,1.2600,1.2500,7895560,9902488.2000,0.999600,1,0.800000,-9.107775,30.935322,2.039486,31.576500,1
2024-09-06,sz.300301,1.2500,1.2600,1.2200,1.2300,1.2600,8020800,9950231.0000,1.015400,1,-2.381000,-8.890923,30.198767,1.990927,30.824678,1
2024-09-09,sz.300301,1.2300,1.2300,1.1800,1.2100,1.2300,9466200,11396700.0000,1.198400,1,-1.626000,-8.746355,29.707730,1.958554,30.323464,1
2024-09-10,sz.300301,1.2100,1.2200,1.1900,1.2000,1.2100,6458700,7771289.0000,0.817700,1,-0.826400,-8.674071,29.462211,1.942368,30.072857,1
2024-09-11,sz.300301,1.2000,1.2300,1.2000,1.2000,1.2000,7279379,8804935.0000,0.921600,1,0.000000,-8.674071,29.462211,1.942368,30.072857,1
2024-09-12,sz.300301,1.2000,1.2400,1.1900,1.2200,1.2000,11074379,13399523.7700,1.402000,1,1.666700,-8.818639,29.953248,1.974741,30.574071,1
2024-09-13,sz.300301,1.2200,1.2300,1.2100,1.2100,1.2200,6735879,8192669.3800,0.852800,1,-0.819700,-8.746355,29.707730,1.958554,30.323464,1
2024-09-18,sz.300301,1.2100,1.2100,1.1800,1.2000,1.2100,8988900,10733061.0000,1.138000,1,-0.826400,-8.674071,29.462211,1.942368,30.072857,1
2024-09-19,sz.300301,1.2000,1.2300,1.1900,1.2200,1.2000,7804500,9436420.0000,0.988100,1,1.666700,-8.818639,29.953248,1.974741,30.574071,1
2024-09-20,sz.300301,1.2100,1.2200,1.2000,1.2000,1.2200,6677400,8056297.0000,0.845400,1,-1.639300,-8.674071,29.462211,1.942368,30.072857,1
2024-09-23,sz.300301,1.2000,1.2100,1.1800,1.1900,1.2000,8180300,9717007.0000,1.035600,1,-0.833300,-8.601787,29.216693,1.926181,29.822250,1
2024-09-24,sz.300301,1.1900,1.2300,1.1800,1.2200,1.1900,11047300,13365915.0000,1.398600,1,2.521000,-8.818639,29.953248,1.974741,30.574071,1
2024-09-25,sz.300301,1.2200,1.2600,1.2100,1.2500,1.2200,16158400,19991954.0000,2.045700,1,2.459000,-9.035491,30.689803,2.023300,31.325892,1
2024-09-26,sz.300301,1.2300,1.2600,1.2300,1.2600,1.2500,13839800,17215358.0000,1.752100,1,0.800000,-9.107775,30.935322,2.039486,31.576500,1
2024-09-27,sz.300301,1.2600,1.3200,1.2400,1.3000,1.2600,22825940,29365575.0000,2.889800,1,3.174600,-9.396910,31.917395,2.104232,32.578928,1
2024-09-30,sz.300301,1.3200,1.4600,1.3200,1.4400,1.3000,41371041,57585173.8700,5.237700,1,10.769200,-10.408885,35.354653,2.330841,36.087428,1
2024-10-08,sz.300301,1.7100,1.7100,1.5200,1.6200,1.4400,52693707,84647893.3600,6.671100,1,12.500000,-11.709996,39.773985,2.622197,40.598356,1
2024-10-09,sz.300301,1.5500,1.5800,1.4200,1.4200,1.6200,31946642,48161314.5800,4.044500,1,-12.345700,-10.264317,34.863617,2.298469,35.586214,1
2024-10-10,sz.300301,1.4400,1.4900,1.4200,1.4400,1.4200,20006500,29095785.0000,2.532900,1,1.408500,-10.408885,35.354653,2.330841,36.087428,1
2024-10-11,sz.300301,1.4400,1.4600,1.4000,1.4200,1.4400,17730002,25470258.8000,2.244700,1,-1.388900,-10.264317,34.863617,2.298469,35.586214,1
2024-10-14,sz.300301,1.4100,1.4500,1.4000,1.4400,1.4200,14632411,20905164.3200,1.852500,1,1.408500,-10.408885,35.354653,2.330841,36.087428,1
2024-10-15,sz.300301,1.4400,1.4400,1.4100,1.4100,1.4400,12752541,18139790.2200,1.614500,1,-2.083300,-10.192033,34.618098,2.282282,35.335607,1
2024-10-16,sz.300301,1.4000,1.4200,1.3700,1.3800,1.4100,11504600,16012207.0000,1.456500,1,-2.127700,-9.975182,33.881543,2.233723,34.583785,1
2024-10-17,sz.300301,1.3800,1.4100,1.3600,1.3800,1.3800,9357320,12977014.6000,1.184700,1,0.000000,-9.975182,33.881543,2.233723,34.583785,1
2024-10-18,sz.300301,1.3800,1.4300,1.3600,1.4200,1.3800,13580501,18940007.4000,1.719300,1,2.898600,-10.264317,34.863617,2.298469,35.586214,1
2024-10-21,sz.300301,1.4200,1.4200,1.3900,1.3900,1.4200,13980858,19614103.7800,1.770000,1,-2.112700,-10.047466,34.127061,2.249909,34.834392,1
2024-10-22,sz.300301,1.3900,1.4600,1.3700,1.4400,1.3900,18342563,25977349.2300,2.322200,1,3.597100,-10.408885,35.354653,2.330841,36.087428,1
2024-10-23,sz.300301,1.4300,1.4500,1.4100,1.4300,1.4400,17176288,24562275.8000,2.174600,1,-0.694400,-10.336601,35.109135,2.314655,35.836821,1
2024-10-24,sz.300301,1.4200,1.6500,1.4000,1.5400,1.4300,45856313,70337288.1600,5.805500,1,7.692300,-11.131724,37.809838,2.492705,38.593499,1
2024-10-25,sz.300301,1.5100,1.5900,1.4900,1.5400,1.5400,28509325,44073822.0000,3.609300,1,0.000000,-11.131724,37.809838,2.492705,38.593499,1
2024-10-28,sz.300301,1.5300,1.6200,1.5100,1.5900,1.5400,33596885,52929171.7000,4.253400,1,3.246800,-11.493144,39.037430,2.573637,39.846535,1
2024-10-29,sz.300301,1.5900,1.6200,1.5300,1.5800,1.5900,28604793,44807941.4900,3.621400,1,-0.628900,-11.420860,38.791911,2.557451,39.595928,1
2024-10-30,sz.300301,1.5500,1.6000,1.5200,1.5700,1.5800,27285552,42801745.1200,3.454400,1,-0.632900,-12.594339,87.658071,2.633373,122.851452,1
2024-10-31,sz.300301,1.5700,1.7200,1.5700,1.6600,1.5700,52317977,86681161.8000,6.623600,1,5.732500,-13.316307,92.683056,2.784330,129.893891,1
2024-11-01,sz.300301,1.6600,1.6600,1.5100,1.5100,1.6600,43681508,68921433.0800,5.530200,1,-9.036100,-12.113026,84.308081,2.532734,118.156492,1
2024-11-04,sz.300301,1.4900,1.5600,1.4900,1.5600,1.5100,19736905,30309604.7500,2.498700,1,3.311300,-12.514120,87.099739,2.616600,122.068958,1
2024-11-05,sz.300301,1.5500,1.6300,1.5400,1.6100,1.5600,27783257,44402246.6200,3.517400,1,3.205100,-12.915214,89.891397,2.700465,125.981425,1
2024-11-06,sz.300301,1.6200,1.6500,1.5900,1.6100,1.6100,27601557,44589902.5500,3.494400,1,0.000000,-12.915214,89.891397,2.700465,125.981425,1
2024-11-07,sz.300301,1.6000,1.8300,1.5800,1.7300,1.6100,51634684,87363520.2200,6.537100,1,7.453400,-13.877838,96.591377,2.901742,135.371345,1
2024-11-08,sz.300301,1.7300,1.8400,1.7200,1.7800,1.7300,42077135,74729656.9500,5.327100,1,2.890200,-14.278932,99.383036,2.985607,139.283811,1
2024-11-11,sz.300301,1.8300,1.9900,1.8000,1.9200,1.7800,40793070,77460533.8500,5.164500,1,7.865200,-15.401994,107.199679,3.220430,150.238718,1
2024-11-12,sz.300301,1.9200,1.9400,1.8300,1.8800,1.9200,40943940,76683953.2000,5.183600,1,-2.083300,-15.081119,104.966352,3.153338,147.108744,1
2024-11-13,sz.300301,1.8500,1.9300,1.8000,1.8700,1.8800,26876800,49984588.0000,3.402700,1,-0.531900,-15.000900,104.408021,3.136565,146.326251,1
2024-11-14,sz.300301,1.8800,1.9200,1.8300,1.8500,1.8700,25877178,48528172.8600,3.276100,1,-1.069500,-14.840463,103.291357,3.103019,144.761265,1
2024-11-15,sz.300301,1.8400,1.8500,1.6900,1.7100,1.8500,31482300,55721914.8800,3.985700,1,-7.567600,-13.717401,95.474714,2.868196,133.806358,1
2024-11-18,sz.300301,1.7600,1.7700,1.6700,1.6900,1.7100,24326307,41643948.6900,3.079800,1,-1.169600,-13.556963,94.358051,2.834650,132.241371,1
2024-11-19,sz.300301,1.7000,1.7500,1.6800,1.7400,1.6900,18989049,32550082.8600,2.404100,1,2.958600,-13.958057,97.149709,2.918515,136.153838,1
2024-11-20,sz.300301,1.7500,1.7700,1.7200,1.7500,1.7400,17200715,30045758.1800,2.177600,1,0.574700,-14.038276,97.708041,2.935288,136.936331,1
2024-11-21,sz.300301,1.7400,1.7600,1.7000,1.7200,1.7500,15042074,25965241.8000,1.904400,1,-1.714300,-13.797620,96.033046,2.884969,134.588851,1
2024-11-22,sz.300301,1.7100,1.7200,1.6500,1.6500,1.7200,17514308,29574726.4400,2.217300,1,-4.069800,-13.236089,92.124724,2.767557,129.111398,1
2024-11-25,sz.300301,1.6500,1.6700,1.6100,1.6400,1.6500,13902800,22760883.2600,1.760100,1,-0.606100,-13.155870,91.566392,2.750784,128.328905,1
2024-11-26,sz.300301,1.6300,1.6800,1.6300,1.6700,1.6400,13030527,21632765.6200,1.649700,1,1.829300,-13.396526,93.241387,2.801103,130.676385,1
2024-11-27,sz.300301,1.6700,1.8200,1.6600,1.7900,1.6700,25421947,44463389.8400,3.218500,1,7.185600,-14.359151,99.941367,3.002380,140.066305,1
2024-11-28,sz.300301,1.8500,1.9100,1.7600,1.7900,1.7900,30300933,55877138.6300,3.836200,1,0.000000,-14.359151,99.941367,3.002380,140.066305,1
2024-11-29,sz.300301,1.8500,1.8600,1.7900,1.8100,1.7900,16654900,30196236.8300,2.108500,1,1.117300,-14.519588,101.058031,3.035926,141.631291,1
2024-12-02,sz.300301,1.7900,1.8400,1.7600,1.8300,1.8100,19201183,34725604.9700,2.430900,1,1.105000,-14.680025,102.174694,3.069473,143.196278,1
2024-12-03,sz.300301,1.8300,1.8900,1.8100,1.8300,1.8300,18394220,33924379.6000,2.328700,1,0.000000,-14.680025,102.174694,3.069473,143.196278,1
2024-12-04,sz.300301,1.8400,1.8400,1.7700,1.7800,1.8300,15861720,28502791.6000,2.008100,1,-2.732200,-14.278932,99.383036,2.985607,139.283811,1
2024-12-05,sz.300301,1.7800,1.8600,1.7700,1.8400,1.7800,14471477,26292715.1700,1.832100,1,3.370800,-14.760244,102.733026,3.086246,143.978771,1
2024-12-06,sz.300301,1.8500,1.9100,1.8000,1.8800,1.8400,26064124,48476367.1600,3.299800,1,2.173900,-15.081119,104.966352,3.153338,147.108744,1
2024-12-09,sz.300301,1.8700,1.9800,1.8500,1.9800,1.8800,31865157,62085732.8900,4.034200,1,5.319100,-15.883306,110.549669,3.321069,154.933678,1
2024-12-10,sz.300301,2.0200,2.0500,1.9100,1.9400,1.9800,28715920,56178791.8000,3.635500,1,-2.020200,-15.562431,108.316342,3.253976,151.803704,1
2024-12-11,sz.300301,1.9400,1.9900,1.9300,1.9400,1.9400,20370200,39770894.0000,2.578900,1,0.000000,-15.562431,108.316342,3.253976,151.803704,1
2024-12-12,sz.300301,1.9300,1.9700,1.9200,1.9300,1.9400,16023700,31056135.0000,2.028600,1,-0.515500,-15.482213,107.758011,3.237203,151.021211,1
2024-12-13,sz.300301,1.9400,1.9400,1.8800,1.9000,1.9300,16973700,32261659.0000,2.148900,1,-1.554400,-15.241557,106.083016,3.186884,148.673731,1
2024-12-16,sz.300301,1.8900,1.9800,1.8800,1.9500,1.9000,20577800,39817012.0000,2.605200,1,2.631600,-15.642650,108.874674,3.270749,152.586198,1
2024-12-17,sz.300301,1.9300,1.9500,1.7900,1.8000,1.9500,24267600,44666262.0000,3.072300,1,-7.692300,-14.439369,100.499699,3.019153,140.848798,1
2024-12-18,sz.300301,1.7800,1.8200,1.7500,1.8000,1.8000,10055541,18008176.3900,1.273100,1,0.000000,-14.439369,100.499699,3.019153,140.848798,1
2024-12-19,sz.300301,1.7700,1.8000,1.7400,1.7900,1.8000,10851800,19276662.0000,1.373900,1,-0.555600,-14.359151,99.941367,3.002380,140.066305,1
2024-12-20,sz.300301,1.7800,1.8400,1.7800,1.8200,1.7900,7835200,14250068.0000,0.992000,1,1.676000,-14.599807,101.616362,3.052700,142.413785,1
2024-12-23,sz.300301,1.8100,1.8300,1.6500,1.6800,1.8200,21703607,37308956.0400,2.747700,1,-7.692300,-13.476745,93.799719,2.817876,131.458878,1
2024-12-24,sz.300301,1.6600,1.7200,1.6600,1.7000,1.6800,8571600,14536468.9300,1.085200,1,1.190500,-13.637182,94.916382,2.851423,133.023865,1
2024-12-25,sz.300301,1.6900,1.7000,1.5700,1.6400,1.7000,11180000,18268756.0000,1.415400,1,-3.529400,-13.155870,91.566392,2.750784,128.328905,1
2024-12-26,sz.300301,1.6200,1.6700,1.6100,1.6500,1.6400,7830800,12919044.0000,0.991400,1,0.609800,-13.902157,96.760642,2.906827,135.608566,1
2024-12-27,sz.300301,1.6500,1.7200,1.6400,1.7100,1.6500,11554150,19532443.0000,1.462800,1,3.636400,-14.407690,100.279210,3.012530,140.539786,1
2024-12-30,sz.300301,1.6900,1.7000,1.6700,1.6800,1.7100,7763150,13045991.0000,0.982800,1,-1.754400,-14.154924,98.519926,2.959678,138.074176,1
2024-12-31,sz.300301,1.6800,1.7500,1.6800,1.7400,1.6800,13727800,23686636.0000,1.738000,1,3.571400,-14.660457,102.038495,3.065381,143.005397,1
2025-01-02,sz.300301,1.7400,1.9100,1.7200,1.8400,1.7400,25274048,45966069.6000,3.199700,1,5.747100,-15.503012,107.902776,3.241552,151.224098,1
2025-01-03,sz.300301,1.8400,1.9000,1.8200,1.8500,1.8400,24346022,45412519.0400,3.082300,1,0.543500,-15.587267,108.489204,3.259169,152.045968,1
2025-01-06,sz.300301,1.8300,1.8600,1.7200,1.8000,1.8500,16604800,29441513.0000,2.102200,1,-2.702700,-15.165990,105.557063,3.171084,147.936617,1
2025-01-07,sz.300301,1.7800,1.8900,1.7700,1.8900,1.8000,15975550,29595052.0000,2.022500,1,5.000000,-15.924289,110.834917,3.329638,155.333448,1
2025-01-08,sz.300301,1.8700,1.9400,1.8500,1.9200,1.8900,17357600,32969003.0000,2.197500,1,1.587300,-16.177056,112.594201,3.382489,157.799058,1
2025-01-09,sz.300301,1.9100,1.9300,1.8700,1.8700,1.9200,10176000,19260800.0000,1.288300,1,-2.604200,-15.755778,109.662060,3.294404,153.689708,1
2025-01-10,sz.300301,1.8500,1.8700,1.8000,1.8000,1.8700,10929400,20007711.0000,1.383700,1,-3.743300,-15.165990,105.557063,3.171084,147.936617,1
2025-01-13,sz.300301,1.8900,2.1000,1.8700,1.9000,1.8000,25355300,49529348.0000,3.210000,1,5.555600,-16.008545,111.421345,3.347255,156.155318,1
2025-01-14,sz.300301,1.8200,1.9200,1.8200,1.9000,1.9000,17365100,32693921.0000,2.198500,1,0.000000,-16.008545,111.421345,3.347255,156.155318,1
2025-01-15,sz.300301,1.8800,2.0200,1.8800,1.9500,1.9000,18211300,35668975.0000,2.305600,1,2.631600,-16.429822,114.353485,3.435341,160.264669,1
2025-01-16,sz.300301,1.9400,2.0000,1.9200,1.9200,1.9500,14456100,28205395.0000,1.830200,1,-1.538500,-16.177056,112.594201,3.382489,157.799058,1
2025-01-17,sz.300301,1.9100,1.9600,1.9100,1.9300,1.9200,8610400,16645128.0000,1.090100,1,0.520800,-16.261311,113.180629,3.400106,158.620928,1
2025-01-20,sz.300301,1.9400,1.9500,1.9100,1.9300,1.9300,9122120,17617705.4000,1.154900,1,0.000000,-16.261311,113.180629,3.400106,158.620928,1
2025-01-21,sz.300301,1.9400,1.9500,1.8600,1.8900,1.9300,9386100,17803887.0000,1.188300,1,-2.072500,-15.924289,110.834917,3.329638,155.333448,1
2025-01-22,sz.300301,1.9000,1.9100,1.8700,1.8900,1.8900,6436900,12124534.0000,0.814900,1,0.000000,-15.924289,110.834917,3.329638,155.333448,1
2025-01-23,sz.300301,1.8800,1.9200,1.8500,1.8500,1.8900,9945200,18721991.0000,1.259100,1,-2.116400,-15.587267,108.489204,3.259169,152.045968,1
2025-01-24,sz.300301,1.8500,1.8700,1.8300,1.8400,1.8500,7741200,14313006.0000,0.980100,1,-0.540500,-15.503012,107.902776,3.241552,151.224098,1
2025-01-27,sz.300301,1.8500,1.8700,1.8300,1.8500,1.8400,6558500,12130309.0000,0.830300,1,0.543500,-15.587267,108.489204,3.259169,152.045968,1
2025-02-05,sz.300301,1.8400,1.8600,1.8300,1.8400,1.8500,5581000,10255276.0000,0.706600,1,-0.540500,-15.503012,107.902776,3.241552,151.224098,1
2025-02-06,sz.300301,1.8400,1.8600,1.8000,1.8600,1.8400,8231400,15058433.0000,1.042100,1,1.087000,-15.671523,109.075632,3.276787,152.867838,1
2025-02-07,sz.300301,1.8600,1.9100,1.8500,1.8600,1.8600,10252600,19232866.0000,1.298000,1,0.000000,-15.671523,109.075632,3.276787,152.867838,1
2025-02-10,sz.300301,1.8700,1.8800,1.8400,1.8600,1.8600,7966500,14844998.0000,1.008600,1,0.000000,-15.671523,109.075632,3.276787,152.867838,1
2025-02-11,sz.300301,1.8600,1.8600,1.8300,1.8500,1.8600,6448520,11900255.8000,0.816400,1,-0.537600,-15.587267,108.489204,3.259169,152.045968,1
2025-02-12,sz.300301,1.8500,1.8500,1.8100,1.8200,1.8500,8473020,15469066.0000,1.072700,1,-1.621600,-15.334501,106.729920,3.206318,149.580357,1
2025-02-13,sz.300301,1.8200,1.8300,1.8000,1.8100,1.8200,6640602,12017322.6000,0.840700,1,-0.549500,-15.250245,106.143492,3.188701,148.758487,1
2025-02-14,sz.300301,1.8000,1.8100,1.7900,1.8000,1.8100,6140372,11043451.6000,0.777400,1,-0.552500,-15.165990,105.557063,3.171084,147.936617,1
2025-02-17,sz.300301,1.7900,1.8200,1.7700,1.8100,1.8000,7746600,13920857.0000,0.980700,1,0.555600,-15.250245,106.143492,3.188701,148.758487,1
2025-02-18,sz.300301,1.8000,1.8100,1.7700,1.7700,1.8100,4976800,8893797.0000,0.630100,1,-2.209900,-14.913223,103.797779,3.118232,145.471007,1
2025-02-19,sz.300301,1.7700,1.8000,1.7700,1.7900,1.7700,4425600,7888019.0000,0.560300,1,1.129900,-15.081734,104.970635,3.153467,147.114747,1
2025-02-20,sz.300301,1.7900,1.8000,1.7800,1.8000,1.7900,5105900,9113155.0000,0.646400,1,0.558700,-15.165990,105.557063,3.171084,147.936617,1
2025-02-21,sz.300301,1.8000,1.8000,1.7700,1.7800,1.8000,5725600,10194180.0000,0.724900,1,-1.111100,-14.997479,104.384207,3.135850,146.292877,1
2025-02-24,sz.300301,1.7800,1.7800,1.7300,1.7500,1.7800,7396100,12991473.0000,0.936400,1,-1.685400,-14.744712,102.624923,3.082998,143.827267,1
2025-02-25,sz.300301,1.7300,1.7700,1.7300,1.7500,1.7500,6189500,10841789.0000,0.783600,1,0.000000,-14.744712,102.624923,3.082998,143.827267,1
2025-02-26,sz.300301,1.7400,1.7600,1.7100,1.7100,1.7500,7680800,13323984.0000,0.972400,1,-2.285700,-14.407690,100.279210,3.012530,140.539786,1
2025-02-27,sz.300301,1.7200,1.8100,1.7100,1.7900,1.7100,12848800,22779447.0000,1.626700,1,4.678400,-15.081734,104.970635,3.153467,147.114747,1
2025-02-28,sz.300301,1.7800,1.7900,1.7200,1.7500,1.7900,8516400,14935284.0000,1.078200,1,-2.234600,-14.744712,102.624923,3.082998,143.827267,1
2025-03-03,sz.300301,1.7500,1.7600,1.7100,1.7100,1.7500,8197900,14123736.0000,1.037900,1,-2.285700,-14.407690,100.279210,3.012530,140.539786,1
2025-03-04,sz.300301,1.7200,1.7600,1.7200,1.7500,1.7100,7091800,12347719.0000,0.897800,1,2.339200,-14.744712,102.624923,3.082998,143.827267,1
2025-03-05,sz.300301,1.7600,1.8100,1.7300,1.7900,1.7500,9214902,16237000.4800,1.166600,1,2.285700,-15.081734,104.970635,3.153467,147.114747,1
2025-03-06,sz.300301,1.7900,1.8200,1.7800,1.8000,1.7900,7310000,13131612.0000,0.925500,1,0.558700,-15.165990,105.557063,3.171084,147.936617,1
2025-03-07,sz.300301,1.8100,1.8100,1.7500,1.7600,1.8000,8529200,15166742.0000,1.079800,1,-2.222200,-14.828968,103.211351,3.100615,144.649137,1
2025-03-10,sz.300301,1.7700,1.7700,1.7400,1.7500,1.7600,5432268,9540533.0000,0.687700,1,-0.568200,-14.744712,102.624923,3.082998,143.827267,1
2025-03-11,sz.300301,1.7300,1.7500,1.7200,1.7500,1.7500,6055528,10525734.6400,0.766600,1,0.000000,-14.744712,102.624923,3.082998,143.827267,1
2025-03-12,sz.300301,1.7400,1.7900,1.7400,1.7800,1.7500,8931768,15862755.0400,1.130800,1,1.714300,-14.997479,104.384207,3.135850,146.292877,1
2025-03-13,sz.300301,1.7900,1.8400,1.7600,1.8100,1.7800,13597600,24525891.0000,1.721500,1,1.685400,-15.250245,106.143492,3.188701,148.758487,1
2025-03-14,sz.300301,1.8200,1.8600,1.8100,1.8400,1.8100,12428289,22806087.9800,1.573400,1,1.657500,-15.503012,107.902776,3.241552,151.224098,1
2025-03-17,sz.300301,1.8400,1.8800,1.8400,1.8700,1.8400,11864600,22139482.0000,1.502100,1,1.630400,-15.755778,109.662060,3.294404,153.689708,1
2025-03-18,sz.300301,1.8800,1.9400,1.8500,1.8600,1.8700,16605328,31572736.1200,2.102300,1,-0.534800,-15.671523,109.075632,3.276787,152.867838,1
2025-03-19,sz.300301,1.8400,1.9100,1.8300,1.9000,1.8600,10834400,20429165.0000,1.371700,1,2.150500,-16.008545,111.421345,3.347255,156.155318,1
2025-03-20,sz.300301,1.9000,1.9300,1.8800,1.9100,1.9000,11381731,21721376.5900,1.441000,1,0.526300,-16.092800,112.007773,3.364872,156.977188,1
2025-03-21,sz.300301,2.0800,2.1800,2.0200,2.0400,1.9100,36412759,75105301.8300,4.609900,1,6.806300,-17.188122,119.631339,3.593895,167.661500,1
2025-03-24,sz.300301,2.0400,2.1700,2.0300,2.0700,2.0400,38170188,80061463.3200,4.832400,1,1.470600,-17.440888,121.390623,3.646746,170.127110,1
2025-03-25,sz.300301,2.0300,2.0600,1.9400,1.9600,2.0700,26542900,52656042.0000,3.360400,1,-5.314000,-16.514078,114.939914,3.452958,161.086539,1
2025-03-26,sz.300301,1.9600,2.1100,1.9600,2.0900,1.9600,24975093,50834231.0600,3.161900,1,6.632700,-17.609399,122.563479,3.681981,171.770850,1
2025-03-27,sz.300301,2.0600,2.1100,1.9900,2.0000,2.0900,24817402,50822634.0400,3.141900,1,-4.306200,-16.851100,117.285626,3.523426,164.374019,1
2025-03-28,sz.300301,1.9900,2.0300,1.8700,1.9000,2.0000,26326800,50883925.0000,3.333000,1,-5.000000,-16.008545,111.421345,3.347255,156.155318,1
2025-03-31,sz.300301,1.9500,1.9900,1.9000,1.9300,1.9000,17981049,34976075.5500,2.276400,1,1.578900,-38.372821,51.956807,3.170718,25.645830,1
2025-04-01,sz.300301,1.9100,1.9700,1.9000,1.9400,1.9300,13358900,25862439.0000,1.691300,1,0.518100,-38.571644,52.226013,3.187147,25.778710,1
2025-04-02,sz.300301,1.9300,2.0300,1.9300,2.0000,1.9400,18477190,36903866.0000,2.339200,1,3.092800,-39.764581,53.841250,3.285718,26.575989,1
2025-04-03,sz.300301,1.9800,2.0200,1.9700,1.9900,2.0000,12801530,25436265.9000,1.620700,1,-0.500000,-39.565758,53.572044,3.269290,26.443109,1
2025-04-07,sz.300301,1.8700,1.9000,1.6200,1.7100,1.9900,28868521,51118704.3300,3.654800,1,-14.070400,-33.998717,46.034269,2.809289,22.722471,1
2025-04-08,sz.300301,1.7400,1.8000,1.7100,1.7500,1.7100,16317000,28464252.0000,2.065800,1,2.339200,-34.794009,47.111094,2.875004,23.253991,1
2025-04-09,sz.300301,1.7200,1.8200,1.6600,1.8000,1.7500,19011572,33029982.6000,2.406900,1,2.857100,-35.788123,48.457125,2.957147,23.918390,1
2025-04-10,sz.300301,1.8100,1.8800,1.8100,1.8300,1.8000,13847649,25548595.6500,1.753100,1,1.666700,-36.384592,49.264744,3.006432,24.317030,1
2025-04-11,sz.300301,1.8000,1.8400,1.7800,1.8000,1.8300,12928949,23445248.2200,1.636800,1,-1.639300,-35.788123,48.457125,2.957147,23.918390,1
2025-04-14,sz.300301,1.8300,1.8600,1.8200,1.8500,1.8000,13411449,24701574.6700,1.697900,1,2.777800,-36.782238,49.803157,3.039290,24.582790,1
2025-04-15,sz.300301,1.8500,1.8800,1.8100,1.8800,1.8500,13311850,24606064.5000,1.685300,1,1.621600,-37.378706,50.610775,3.088575,24.981430,1
2025-04-16,sz.300301,1.8800,1.8800,1.8200,1.8400,1.8800,11871550,21923816.5000,1.503000,1,-2.127700,-36.583415,49.533950,3.022861,24.449910,1
2025-04-17,sz.300301,1.8400,1.8600,1.8200,1.8300,1.8400,11994200,22114241.0000,1.518500,1,-0.543500,-36.384592,49.264744,3.006432,24.317030,1
2025-04-18,sz.300301,1.8300,1.8400,1.7700,1.7900,1.8300,15006068,27029174.7200,1.899800,1,-2.185800,-35.589300,48.187919,2.940718,23.785510,1
2025-04-21,sz.300301,1.7900,1.8200,1.7700,1.8100,1.7900,7224968,13016506.3600,0.914700,1,1.117300,-35.986946,48.726332,2.973575,24.051270,1
2025-04-22,sz.300301,1.7900,1.8100,1.7800,1.8100,1.8100,7022100,12627648.0000,0.889000,1,0.000000,-35.986946,48.726332,2.973575,24.051270,1
2025-04-23,sz.300301,1.8100,1.8500,1.8000,1.8400,1.8100,9495800,17360162.0000,1.202200,1,1.657500,-36.583415,49.533950,3.022861,24.449910,1
2025-04-24,sz.300301,1.8300,1.8400,1.7700,1.7900,1.8400,11747400,21142153.0000,1.487200,1,-2.717400,-35.589300,48.187919,2.940718,23.785510,1
2025-04-25,sz.300301,1.7800,1.8100,1.7800,1.8100,1.7900,8535580,15345542.0000,1.080600,1,1.117300,-35.986946,48.726332,2.973575,24.051270,1
2025-04-28,sz.300301,1.7700,1.8000,1.7500,1.7600,1.8100,11555500,20482986.0000,1.462900,1,-2.762400,-23.399153,116.957716,3.004976,-303.029533,1
2025-04-29,sz.300301,1.7500,1.8000,1.7500,1.7700,1.7600,5848600,10402197.0000,0.740400,1,0.568200,-23.532103,117.622249,3.022050,-304.751292,1
2025-04-30,sz.300301,1.7900,1.8100,1.7800,1.8000,1.7700,6684604,11989019.1400,0.846300,1,1.694900,-23.930952,119.615846,3.073271,-309.916568,1
2025-05-06,sz.300301,1.8100,1.8200,1.7800,1.8200,1.8000,10827185,19478593.7900,1.370700,1,1.111100,-24.196852,120.944911,3.107419,-313.360085,1
2025-05-07,sz.300301,1.8200,1.8400,1.8100,1.8300,1.8200,8910550,16237510.0000,1.128100,1,0.549500,-24.329801,121.609443,3.124492,-315.081844,1
2025-05-08,sz.300301,1.8200,1.9300,1.8200,1.9100,1.8300,18580100,35205181.9800,2.352300,1,4.371600,-25.393399,126.925703,3.261082,-328.855914,1
2025-05-09,sz.300301,1.9000,1.9300,1.8900,1.9100,1.9100,14181400,27107639.0000,1.795400,1,0.000000,-25.393399,126.925703,3.261082,-328.855914,1
2025-05-12,sz.300301,1.9100,1.9200,1.8800,1.9000,1.9100,12526600,23753873.0000,1.585900,1,-0.523600,-25.260450,126.261171,3.244008,-327.134155,1
2025-05-13,sz.300301,1.9200,1.9200,1.8500,1.8600,1.9000,11923322,22354115.7000,1.509500,1,-2.105300,-24.728651,123.603041,3.175714,-320.247120,1
2025-05-14,sz.300301,1.8400,1.8700,1.8300,1.8500,1.8600,8242500,15222043.0000,1.043500,1,-0.537600,-24.595701,122.938508,3.158640,-318.525361,1
2025-05-15,sz.300301,1.8400,1.9100,1.8400,1.8600,1.8500,9901000,18551633.0000,1.253500,1,0.540500,-24.728651,123.603041,3.175714,-320.247120,1
2025-05-16,sz.300301,1.8500,1.8700,1.8400,1.8500,1.8600,6302256,11664569.6000,0.797900,1,-0.537600,-24.595701,122.938508,3.158640,-318.525361,1
2025-05-19,sz.300301,1.8800,1.8900,1.8600,1.8900,1.8500,10039100,18870338.0000,1.271000,1,2.162200,-25.127500,125.596638,3.226935,-325.412396,1
2025-05-20,sz.300301,1.8900,1.9300,1.8800,1.9100,1.8900,15861200,30318239.0000,2.008100,1,1.058200,-25.393399,126.925703,3.261082,-328.855914,1
2025-05-21,sz.300301,1.9000,1.9100,1.8800,1.9000,1.9100,9252300,17499174.0000,1.171400,1,-0.523600,-25.260450,126.261171,3.244008,-327.134155,1
2025-05-22,sz.300301,1.8900,1.9100,1.8800,1.8900,1.9000,7475200,14186129.0000,0.946400,1,-0.526300,-25.127500,125.596638,3.226935,-325.412396,1
2025-05-23,sz.300301,1.8700,1.9000,1.8500,1.8500,1.8900,7614700,14256206.0000,0.964000,1,-2.116400,-24.595701,122.938508,3.158640,-318.525361,1
2025-05-26,sz.300301,1.8500,1.8700,1.8500,1.8700,1.8500,4681200,8710832.0000,0.592600,1,1.081100,-24.861600,124.267573,3.192787,-321.968879,1
2025-05-27,sz.300301,1.8800,1.9300,1.8600,1.9300,1.8700,14405700,27483151.0000,1.823800,1,3.208600,-25.659299,128.254768,3.295230,-332.299431,1
2025-05-28,sz.300301,1.9300,1.9400,1.8900,1.9100,1.9300,9772700,18626376.0000,1.237200,1,-1.036300,-25.393399,126.925703,3.261082,-328.855914,1
2025-05-29,sz.300301,1.9000,1.9300,1.9000,1.9100,1.9100,9987900,19133979.0000,1.264500,1,0.000000,-25.393399,126.925703,3.261082,-328.855914,1
2025-05-30,sz.300301,1.9000,1.9100,1.8900,1.8900,1.9100,7253800,13770833.0000,0.918300,1,-1.047100,-25.127500,125.596638,3.226935,-325.412396,1
2025-06-03,sz.300301,1.8700,1.9200,1.8700,1.9000,1.8900,8081300,15367514.0000,1.023100,1,0.529100,-25.260450,126.261171,3.244008,-327.134155,1
2025-06-04,sz.300301,1.9000,2.0600,1.9000,2.0300,1.9000,25114022,49922015.1700,3.179500,1,6.842100,-26.988796,134.900093,3.465967,-349.517018,1
2025-06-05,sz.300301,2.0300,2.1400,2.0000,2.0400,2.0300,32671183,67839218.6400,4.136200,1,0.492600,-27.121746,135.564625,3.483041,-351.238777,1
2025-06-06,sz.300301,2.0500,2.1200,2.0300,2.1000,2.0400,22021600,45843456.0000,2.788000,1,2.941200,-27.919444,139.551820,3.585483,-361.569329,1
2025-06-09,sz.300301,2.0900,2.1500,2.0700,2.1400,2.1000,23016600,48504203.0000,2.913900,1,1.904800,-28.451243,142.209950,3.653778,-368.456364,1
2025-06-10,sz.300301,2.1300,2.2000,2.1100,2.1500,2.1400,22347150,48155972.0000,2.829200,1,0.467300,-28.584193,142.874483,3.670852,-370.178123,1
2025-06-11,sz.300301,2.1600,2.2500,2.1400,2.2500,2.1500,26573390,58777626.8800,3.364200,1,4.651200,-29.913690,149.519808,3.841589,-387.395710,1
2025-06-12,sz.300301,2.2600,2.3200,2.1700,2.2100,2.2500,31070260,69051480.4000,3.933600,1,-1.777800,-29.381891,146.861678,3.773294,-380.508675,1
2025-06-13,sz.300301,2.2000,2.2000,2.0500,2.1000,2.2100,32391160,68453996.6000,4.100800,1,-4.977400,-27.919444,139.551820,3.585483,-361.569329,1
2025-06-16,sz.300301,2.0700,2.1400,2.0500,2.1200,2.1000,14538550,30506041.0000,1.840600,1,0.952400,-28.185344,140.880885,3.619630,-365.012846,1
2025-06-17,sz.300301,2.1200,2.1700,2.0800,2.1500,2.1200,13581200,28995730.0000,1.719400,1,1.415100,-28.584193,142.874483,3.670852,-370.178123,1
2025-06-18,sz.300301,2.1800,2.1900,2.1200,2.1600,2.1500,11805400,25435490.0000,1.494600,1,0.465100,-28.717143,143.539015,3.687925,-371.899881,1
2025-06-19,sz.300301,2.1400,2.1600,2.0800,2.0900,2.1600,11806400,24932869.0000,1.494700,1,-3.240700,-27.786494,138.887288,3.568409,-359.847570,1
2025-06-20,sz.300301,2.0800,2.1200,2.0700,2.1000,2.0900,7771400,16267532.0000,0.983900,1,0.478500,-27.919444,139.551820,3.585483,-361.569329,1
2025-06-23,sz.300301,2.0900,2.2800,2.0800,2.2800,2.1000,26183369,58102208.0100,3.314900,1,8.571400,-30.312539,151.513405,3.892810,-392.560986,1
2025-06-24,sz.300301,2.2800,2.4300,2.2800,2.3500,2.2800,26933790,63470844.9000,3.409900,1,3.070200,-31.243188,156.165132,4.012326,-404.613297,1
2025-06-25,sz.300301,2.3300,2.4100,2.3100,2.3900,2.3500,21827194,51561852.8400,2.763400,1,1.702100,-31.774986,158.823262,4.080621,-411.500332,1
2025-06-26,sz.300301,2.3800,2.7900,2.3800,2.6300,2.3900,40788320,105137854.0000,5.163900,1,10.041800,-34.965780,174.772042,4.490391,-452.822541,1
2025-06-27,sz.300301,2.6300,2.7000,2.5200,2.5800,2.6300,28845378,75038081.6200,3.651900,1,-1.901100,-34.301031,171.449379,4.405022,-444.213747,1
2025-06-30,sz.300301,2.6700,2.7500,2.5500,2.6100,2.5800,29892510,79041820.6000,3.784500,1,1.162800,-34.699881,173.442977,4.456243,-449.379023,1
2025-07-01,sz.300301,2.5800,2.6500,2.5600,2.6300,2.6100,20656172,54129688.3600,2.615100,1,0.766300,-34.965780,174.772042,4.490391,-452.822541,1
2025-07-02,sz.300301,2.6400,2.6700,2.5400,2.5700,2.6300,18536734,47885540.7400,2.346800,1,-2.281400,-34.168082,170.784847,4.387948,-442.491988,1
2025-07-03,sz.300301,2.5900,2.6700,2.5600,2.5900,2.5700,14837946,38802668.4400,1.878500,1,0.778200,-34.433981,172.113912,4.422096,-445.935506,1
2025-07-04,sz.300301,2.5900,2.6000,2.5200,2.5700,2.5900,13657621,34812473.9700,1.729100,1,-0.772200,-34.168082,170.784847,4.387948,-442.491988,1
2025-07-07,sz.300301,2.5600,2.6300,2.5500,2.5700,2.5700,9352021,24132907.9700,1.184000,1,0.000000,-34.168082,170.784847,4.387948,-442.491988,1
2025-07-08,sz.300301,2.6000,2.6900,2.5800,2.5900,2.5700,26958300,71188706.0000,3.413000,1,0.778200,-34.433981,172.113912,4.422096,-445.935506,1
2025-07-09,sz.300301,2.5800,2.6000,2.5100,2.5200,2.5900,18045203,45733330.5900,2.284600,1,-2.702700,-33.503333,167.462184,4.302580,-433.883195,1
2025-07-10,sz.300301,2.5200,2.5200,2.5200,2.5200,2.5200,,,,0,,-33.503333,167.462184,4.302580,-433.883195,1
2025-07-11,sz.300301,2.6000,2.7400,2.5300,2.5500,2.5200,37811200,99600003.0000,4.787000,1,1.190500,-33.902182,169.455782,4.353801,-439.048471,1
2025-07-14,sz.300301,2.4800,2.5000,2.3100,2.3400,2.5500,36200300,86441101.0000,4.583000,1,-8.235300,-31.110238,155.500600,3.995253,-402.891538,1
2025-07-15,sz.300301,2.3700,2.4000,2.3200,2.3500,2.3400,16254500,38263828.0000,2.057900,1,0.427400,-31.243188,156.165132,4.012326,-404.613297,1
2025-07-16,sz.300301,2.3500,2.3600,2.3000,2.3200,2.3500,13482900,31366685.0000,1.707000,1,-1.276600,-30.844338,154.171535,3.961105,-399.448021,1
2025-07-17,sz.300301,2.3100,2.3700,2.3100,2.3600,2.3200,7865600,18438562.0000,0.995800,1,1.724100,-31.376137,156.829665,4.029400,-406.335055,1
2025-07-18,sz.300301,2.3600,2.3600,2.2900,2.3000,2.3600,12994372,30170424.6000,1.645100,1,-2.542400,-30.578439,152.842470,3.926958,-396.004503,1
2025-07-21,sz.300301,2.3100,2.3600,2.3000,2.3500,2.3000,9348700,21880768.0000,1.183600,1,2.173900,-31.243188,156.165132,4.012326,-404.613297,1
2025-07-22,sz.300301,2.3400,2.4300,2.3300,2.3500,2.3500,13034500,30930583.0000,1.650200,1,0.000000,-31.243188,156.165132,4.012326,-404.613297,1
2025-07-23,sz.300301,2.3400,2.3700,2.3200,2.3400,2.3500,11033840,25815166.6000,1.396900,1,-0.425500,-31.110238,155.500600,3.995253,-402.891538,1
2025-07-24,sz.300301,2.3300,2.3700,2.3300,2.3400,2.3400,10080500,23655933.0000,1.276200,1,0.000000,-31.110238,155.500600,3.995253,-402.891538,1
2025-07-25,sz.300301,2.3500,2.6000,2.3300,2.4900,2.3400,22532732,54875348.0400,2.852700,1,6.410300,-33.104484,165.468587,4.251358,-428.717919,1
2025-07-28,sz.300301,2.4800,2.5200,2.4200,2.4600,2.4900,13565100,33387772.0000,1.717400,1,-1.204800,-32.705635,163.474990,4.200137,-423.552643,1
2025-07-29,sz.300301,2.4700,2.4800,2.3700,2.3800,2.4600,13112700,31602490.0000,1.660100,1,-3.252000,-31.642037,158.158730,4.063547,-409.778573,1
2025-07-30,sz.300301,2.3800,2.4900,2.3600,2.3900,2.3800,11742700,28390693.0000,1.486600,1,0.420200,-31.774986,158.823262,4.080621,-411.500332,1
2025-07-31,sz.300301,2.4000,2.4000,2.3300,2.3500,2.3900,10084600,23750415.0000,1.276700,1,-1.673600,-31.243188,156.165132,4.012326,-404.613297,1
2025-08-01,sz.300301,2.3500,2.3900,2.3400,2.3500,2.3500,6888702,16238776.6800,0.872100,1,0.000000,-31.243188,156.165132,4.012326,-404.613297,1
2025-08-04,sz.300301,2.3400,2.3600,2.3100,2.3300,2.3500,8484000,19732592.0000,1.074100,1,-0.851100,-30.977288,154.836067,3.978179,-401.169779,1
2025-08-05,sz.300301,2.3400,2.4100,2.3400,2.3800,2.3300,11182300,26653716.0000,1.415700,1,2.145900,-31.642037,158.158730,4.063547,-409.778573,1
2025-08-06,sz.300301,2.3700,2.3800,2.3400,2.3500,2.3800,9063500,21388262.0000,1.147500,1,-1.260500,-31.243188,156.165132,4.012326,-404.613297,1
2025-08-07,sz.300301,2.3600,2.3900,2.3300,2.3800,2.3500,9068800,21471845.0000,1.148100,1,1.276600,-31.642037,158.158730,4.063547,-409.778573,1
2025-08-08,sz.300301,2.3700,2.3900,2.3300,2.3400,2.3800,8727700,20584162.0000,1.104900,1,-1.680700,-31.110238,155.500600,3.995253,-402.891538,1
2025-08-11,sz.300301,2.3300,2.3500,2.3100,2.3400,2.3400,9081475,21131857.0000,1.149700,1,0.000000,-31.110238,155.500600,3.995253,-402.891538,1
2025-08-12,sz.300301,2.3400,2.3700,2.3200,2.3600,2.3400,7639900,17897848.0000,0.967200,1,0.854700,-31.376137,156.829665,4.029400,-406.335055,1
2025-08-13,sz.300301,2.3500,2.3600,2.3200,2.3200,2.3600,9533600,22217060.0000,1.207000,1,-1.694900,-30.844338,154.171535,3.961105,-399.448021,1
2025-08-14,sz.300301,2.3200,2.3300,2.3000,2.3000,2.3200,6197000,14315347.0000,0.784600,1,-0.862100,-30.578439,152.842470,3.926958,-396.004503,1
2025-08-15,sz.300301,2.3100,2.3400,2.3000,2.3200,2.3000,6349700,14755337.0000,0.803900,1,0.869600,-30.844338,154.171535,3.961105,-399.448021,1
2025-08-18,sz.300301,2.3200,2.3800,2.3100,2.3600,2.3200,11461000,26980030.0000,1.451000,1,1.724100,-31.376137,156.829665,4.029400,-406.335055,1
2025-08-19,sz.300301,2.3500,2.4100,2.3300,2.3500,2.3600,16089300,37984987.0000,2.036900,1,-0.423700,-31.243188,156.165132,4.012326,-404.613297,1
2025-08-20,sz.300301,2.3300,2.4500,2.3200,2.4100,2.3500,19312904,46121962.4800,2.445100,1,2.553200,-32.040886,160.152327,4.114769,-414.943849,1
2025-08-21,sz.300301,2.4000,2.4500,2.3900,2.4100,2.4100,16537300,39985836.0000,2.093700,1,0.000000,-32.040886,160.152327,4.114769,-414.943849,1
2025-08-22,sz.300301,2.4000,2.4300,2.3600,2.3600,2.4100,14198902,33865947.7200,1.797600,1,-2.074700,-31.376137,156.829665,4.029400,-406.335055,1
2025-08-25,sz.300301,2.3700,2.3800,2.3300,2.3400,2.3600,15025022,35263889.2600,1.902200,1,-0.847500,-31.110238,155.500600,3.995253,-402.891538,1
2025-08-26,sz.300301,2.3300,2.3500,2.3100,2.3300,2.3400,16786000,39010215.0000,2.125100,1,-0.427400,-30.977288,154.836067,3.978179,-401.169779,1
2025-08-27,sz.300301,2.3300,2.3700,2.3200,2.3400,2.3300,15169600,35573488.0000,1.920500,1,0.429200,-31.110238,155.500600,3.995253,-402.891538,1
2025-08-28,sz.300301,2.3500,2.3500,2.2700,2.3000,2.3400,15451967,35693503.4300,1.956300,1,-1.709400,-24.958444,9.967310,4.259999,-57.178828,1
2025-08-29,sz.300301,2.2900,2.3000,2.1600,2.2300,2.3000,18419620,40943004.8000,2.332000,1,-3.043500,-24.198839,9.663957,4.130347,-55.438603,1
2025-09-01,sz.300301,2.2200,2.2700,2.2000,2.2500,2.2300,10972100,24608044.0000,1.389100,1,0.896900,-24.415869,9.750629,4.167391,-55.935810,1
2025-09-02,sz.300301,2.2500,2.3300,2.2300,2.3100,2.2500,16639900,38137152.0000,2.106600,1,2.666700,-25.066959,10.010646,4.278521,-57.427431,1
2025-09-03,sz.300301,2.3100,2.3200,2.2200,2.2400,2.3100,10730900,24374585.0000,1.358600,1,-3.030300,-24.307354,9.707293,4.148869,-55.687206,1
2025-09-04,sz.300301,2.2200,2.2700,2.2200,2.2500,2.2400,5737200,12892714.0000,0.726300,1,0.446400,-24.415869,9.750629,4.167391,-55.935810,1
2025-09-05,sz.300301,2.2400,2.2500,2.2100,2.2400,2.2500,7549400,16855744.0000,0.955800,1,-0.444400,-24.307354,9.707293,4.148869,-55.687206,1
2025-09-08,sz.300301,2.2500,2.2800,2.2400,2.2800,2.2400,9572242,21640890.5200,1.211900,1,1.785700,-24.741414,9.880638,4.222956,-56.681621,1
2025-09-09,sz.300301,2.2700,2.3100,2.2600,2.2800,2.2800,9600502,21924614.5600,1.215400,1,0.000000,-24.741414,9.880638,4.222956,-56.681621,1
2025-09-10,sz.300301,2.2700,2.3100,2.2600,2.3000,2.2800,8249500,18899361.0000,1.044400,1,0.877200,-24.958444,9.967310,4.259999,-57.178828,1
2025-09-11,sz.300301,2.2900,2.3000,2.2500,2.2800,2.3000,11592200,26324293.0000,1.467600,1,-0.869600,-24.741414,9.880638,4.222956,-56.681621,1
2025-09-12,sz.300301,2.2700,2.3000,2.2600,2.2900,2.2800,9633322,21983977.9400,1.219600,1,0.438600,-24.849929,9.923974,4.241478,-56.930224,1
2025-09-15,sz.300301,2.2800,2.2800,2.2200,2.2400,2.2900,11885400,26649869.0000,1.504700,1,-2.183400,-24.307354,9.707293,4.148869,-55.687206,1
2025-09-16,sz.300301,2.2600,2.3000,2.2500,2.2800,2.2400,12054200,27525057.0000,1.526100,1,1.785700,-24.741414,9.880638,4.222956,-56.681621,1
2025-09-17,sz.300301,2.2800,2.3900,2.2700,2.3400,2.2800,19996400,46899137.0000,2.531600,1,2.631600,-25.392503,10.140654,4.334086,-58.173242,1
2025-09-18,sz.300301,2.3400,2.3800,2.2700,2.2900,2.3400,16543720,38558467.0000,2.094500,1,-2.136800,-24.849929,9.923974,4.241478,-56.930224,1
2025-09-19,sz.300301,2.2800,2.3100,2.2600,2.2800,2.2900,8244100,18772387.0000,1.043700,1,-0.436700,-24.741414,9.880638,4.222956,-56.681621,1
2025-09-22,sz.300301,2.2700,2.2700,2.2500,2.2500,2.2800,6335954,14303735.5000,0.802100,1,-1.315800,-24.415869,9.750629,4.167391,-55.935810,1
2025-09-23,sz.300301,2.2500,2.2500,2.1900,2.2200,2.2500,10106300,22377203.0000,1.279500,1,-1.333300,-24.090324,9.620621,4.111826,-55.189999,1
2025-09-24,sz.300301,2.2200,2.2400,2.2100,2.2300,2.2200,4510300,10054870.0000,0.571000,1,0.450500,-24.198839,9.663957,4.130347,-55.438603,1
2025-09-25,sz.300301,2.2200,2.2400,2.2100,2.2200,2.2300,4603847,10239384.8700,0.582900,1,-0.448400,-24.090324,9.620621,4.111826,-55.189999,1
2025-09-26,sz.300301,2.2200,2.2300,2.2000,2.2100,2.2200,6854300,15163148.0000,0.867800,1,-0.450500,-23.981809,9.577285,4.093304,-54.941395,1
2025-09-29,sz.300301,2.2000,2.2400,2.2000,2.2400,2.2100,5565600,12373243.0000,0.704600,1,1.357500,-24.307354,9.707293,4.148869,-55.687206,1
2025-09-30,sz.300301,2.2400,2.2400,2.2100,2.2200,2.2400,6347100,14088031.0000,0.803600,1,-0.892900,-24.090324,9.620621,4.111826,-55.189999,1
2025-10-09,sz.300301,2.2200,2.2200,2.1600,2.1700,2.2200,11615376,25377811.1600,1.470500,1,-2.252300,-23.547749,9.403940,4.019217,-53.946981,1
2025-10-10,sz.300301,2.1800,2.2000,2.1600,2.1800,2.1700,5378800,11744294.0000,0.681000,1,0.460800,-23.656264,9.447276,4.037739,-54.195585,1
2025-10-13,sz.300301,2.1500,2.1900,2.0700,2.1700,2.1800,8971600,19062357.0000,1.135800,1,-0.458700,-23.547749,9.403940,4.019217,-53.946981,1
2025-10-14,sz.300301,2.1600,2.1800,2.1100,2.1200,2.1700,9335200,19944298.0000,1.181900,1,-2.304100,-23.005174,9.187259,3.926608,-52.703963,1
2025-10-15,sz.300301,2.1300,2.1300,2.0800,2.1100,2.1200,6669555,14046614.0500,0.844400,1,-0.471700,-22.896659,9.143923,3.908086,-52.455359,1
2025-10-16,sz.300301,2.1100,2.1500,2.0700,2.1300,2.1100,12121702,25596350.1800,1.534600,1,0.947900,-23.113689,9.230596,3.945130,-52.952567,1
2025-10-17,sz.300301,2.1100,2.1100,2.0700,2.0700,2.1300,10099500,21100489.0000,1.278600,1,-2.816900,-22.462599,8.970579,3.833999,-51.460945,1
2025-10-20,sz.300301,2.0800,2.1400,2.0700,2.1100,2.0700,10567100,22308394.0000,1.337800,1,1.932400,-22.896659,9.143923,3.908086,-52.455359,1
2025-10-21,sz.300301,2.1200,2.1400,2.0900,2.1300,2.1100,11887400,25118664.0000,1.505000,1,0.947900,-23.113689,9.230596,3.945130,-52.952567,1
2025-10-22,sz.300301,2.1300,2.1800,2.1200,2.1600,2.1300,12302700,26589336.0000,1.557500,1,1.408500,-23.439234,9.360604,4.000695,-53.698377,1
2025-10-23,sz.300301,2.1700,2.2100,2.1500,2.1700,2.1600,10673800,23286546.0000,1.351300,1,0.463000,-23.547749,9.403940,4.019217,-53.946981,1
2025-10-24,sz.300301,2.1800,2.2800,2.1700,2.2200,2.1700,17752300,39693367.0000,2.247500,1,2.304100,-24.090324,9.620621,4.111826,-55.189999,1
2025-10-27,sz.300301,2.2100,2.2200,2.1500,2.1700,2.2200,15857000,34468513.0000,2.007500,1,-2.252300,-23.547749,9.403940,4.019217,-53.946981,1
2025-10-28,sz.300301,2.1600,2.2100,2.1600,2.1800,2.1700,11792300,25830193.0000,1.492900,1,0.460800,-19.875384,10.995286,4.124407,-87.806049,1
2025-10-29,sz.300301,2.1900,2.2400,2.1700,2.2200,2.1800,11159400,24537638.0000,1.412800,1,1.834900,-20.240070,11.197035,4.200084,-89.417169,1
2025-10-30,sz.300301,2.2200,2.3000,2.2100,2.2700,2.2200,14762700,33547196.0000,1.869000,1,2.252300,-20.695928,11.449220,4.294680,-91.431069,1
2025-10-31,sz.300301,2.2700,2.3400,2.2500,2.3300,2.2700,16356100,37655295.0000,2.070700,1,2.643200,-21.242957,11.751843,4.408196,-93.847750,1
2025-11-03,sz.300301,2.3300,2.3700,2.2800,2.3700,2.3300,14944908,34911441.7200,1.892100,1,1.716700,-21.607643,11.953591,4.483873,-95.458870,1
2025-11-04,sz.300301,2.3600,2.4000,2.3200,2.3700,2.3700,16150100,38151601.0000,2.044600,1,0.000000,-21.607643,11.953591,4.483873,-95.458870,1
2025-11-05,sz.300301,2.3500,2.3900,2.3500,2.3800,2.3700,8754900,20745104.0000,1.108400,1,0.421900,-21.698814,12.004028,4.502792,-95.861650,1
2025-11-06,sz.300301,2.3700,2.3900,2.3300,2.3500,2.3800,11192800,26384775.7800,1.417000,1,-1.260500,-21.425300,11.852717,4.446035,-94.653310,1
2025-11-07,sz.300301,2.3500,2.3700,2.3200,2.3700,2.3500,9995900,23444710.8000,1.265500,1,0.851100,-21.607643,11.953591,4.483873,-95.458870,1
2025-11-10,sz.300301,2.3800,2.5200,2.3800,2.5100,2.3700,22488002,55334675.3000,2.847000,1,5.907200,-22.884043,12.659710,4.748743,-101.097790,1
2025-11-11,sz.300301,2.5100,2.5800,2.4600,2.4800,2.5100,19605602,49202209.0200,2.482100,1,-1.195200,-22.610529,12.508399,4.691985,-99.889450,1
2025-11-12,sz.300301,2.4800,2.5200,2.4600,2.5200,2.4800,11978300,29909904.0000,1.516500,1,1.612900,-22.975215,12.710148,4.767663,-101.500570,1
2025-11-13,sz.300301,2.5200,2.6200,2.5200,2.5700,2.5200,19044400,49069360.0000,2.411100,1,1.984100,-23.431072,12.962333,4.862259,-103.514471,1
2025-11-14,sz.300301,2.5600,2.6000,2.4600,2.4700,2.5700,22669500,57292997.0000,2.870000,1,-3.891100,-22.519357,12.457962,4.673066,-99.486670,1
2025-11-17,sz.300301,2.4800,2.6600,2.4700,2.6400,2.4700,23537400,60209765.8000,2.979900,1,6.882600,-24.069273,13.315393,4.994694,-106.333931,1
2025-11-18,sz.300301,2.6700,2.6700,2.5600,2.6000,2.6400,19819600,51565997.0000,2.509200,1,-1.515200,-23.704587,13.113644,4.919017,-104.722811,1
2025-11-19,sz.300301,2.6000,2.6500,2.5400,2.5700,2.6000,20639656,53569851.6000,2.613000,1,-1.153800,-23.431072,12.962333,4.862259,-103.514471,1
2025-11-20,sz.300301,2.5500,2.5900,2.4300,2.5100,2.5700,19790356,49413776.2600,2.505500,1,-2.334600,-22.884043,12.659710,4.748743,-101.097790,1
2025-11-21,sz.300301,2.4700,2.5000,2.3700,2.3800,2.5100,16344300,39660316.0000,2.069200,1,-5.179300,-21.698814,12.004028,4.502792,-95.861650,1
2025-11-24,sz.300301,2.3800,2.4200,2.3600,2.4100,2.3800,9756854,23326566.5200,1.235200,1,1.260500,-21.972329,12.155340,4.559550,-97.069990,1
2025-11-25,sz.300301,2.4200,2.5000,2.4200,2.4800,2.4100,11930400,29495505.0000,1.510400,1,2.904600,-22.610529,12.508399,4.691985,-99.889450,1
2025-11-26,sz.300301,2.5000,2.5300,2.4600,2.5000,2.4800,9622302,24095167.9800,1.218200,1,0.806500,-22.792872,12.609273,4.729824,-100.695010,1
2025-11-27,sz.300301,2.4900,2.5700,2.4800,2.5400,2.5000,11188302,28225326.9800,1.416500,1,1.600000,-23.157558,12.811022,4.805501,-102.306131,1
2025-11-28,sz.300301,2.5400,2.5600,2.4700,2.5000,2.5400,11144600,27986048.0000,1.410900,1,-1.574800,-22.792872,12.609273,4.729824,-100.695010,1
2025-12-01,sz.300301,2.5000,2.5700,2.5000,2.5100,2.5000,10896900,27595274.0000,1.379600,1,0.400000,-22.884043,12.659710,4.748743,-101.097790,1
2025-12-02,sz.300301,2.5200,2.5200,2.4700,2.4900,2.5100,7519902,18663334.9600,0.952000,1,-0.796800,-22.701700,12.558836,4.710905,-100.292230,1
2025-12-03,sz.300301,2.5000,2.5100,2.4300,2.4400,2.4900,8450200,20825623.0000,1.069800,1,-2.008000,-22.245843,12.306651,4.616308,-98.278330,1
2025-12-04,sz.300301,2.4300,2.4600,2.3800,2.3900,2.4400,7607000,18418971.0000,0.963100,1,-2.049200,-21.789986,12.054465,4.521712,-96.264430,1
2025-12-05,sz.300301,2.3900,2.4400,2.3800,2.4400,2.3900,4788900,11571200.0000,0.606300,1,2.092100,-22.245843,12.306651,4.616308,-98.278330,1
2025-12-08,sz.300301,2.4300,2.4700,2.4300,2.4600,2.4400,5827700,14308594.0000,0.737800,1,0.819700,-22.428186,12.407525,4.654147,-99.083890,1
2025-12-09,sz.300301,2.4600,2.4800,2.4400,2.4600,2.4600,7950900,19573596.0000,1.006600,1,0.000000,-22.428186,12.407525,4.654147,-99.083890,1
2025-12-10,sz.300301,2.4600,2.4700,2.4100,2.4400,2.4600,8986402,21974577.8800,1.137700,1,-0.813000,-22.245843,12.306651,4.616308,-98.278330,1
2025-12-11,sz.300301,2.4400,2.4600,2.3900,2.3900,2.4400,6610000,16014457.0000,0.836800,1,-2.049200,-21.789986,12.054465,4.521712,-96.264430,1
2025-12-12,sz.300301,2.4000,2.4100,2.3700,2.3700,2.3900,6274000,14985511.0000,0.794300,1,-0.836800,-21.607643,11.953591,4.483873,-95.458870,1
2025-12-15,sz.300301,2.3700,2.3900,2.3300,2.3600,2.3700,5431700,12862399.0000,0.687700,1,-0.421900,-21.516471,11.903154,4.464954,-95.056090,1
2025-12-16,sz.300301,2.3600,2.3900,2.3100,2.3300,2.3600,6577100,15407684.0000,0.832700,1,-1.271200,-21.242957,11.751843,4.408196,-93.847750,1
2025-12-17,sz.300301,2.3300,2.4000,2.3300,2.3600,2.3300,6076200,14376434.0000,0.769300,1,1.287600,-21.516471,11.903154,4.464954,-95.056090,1
2025-12-18,sz.300301,2.3500,2.4400,2.3400,2.3900,2.3600,8463000,20255819.0000,1.071400,1,1.271200,-21.789986,12.054465,4.521712,-96.264430,1
2025-12-19,sz.300301,2.3700,2.4300,2.3700,2.4200,2.3900,7567400,18135530.0000,0.958000,1,1.255200,-22.063500,12.205777,4.578470,-97.472770,1
2025-12-22,sz.300301,2.4200,2.4300,2.4100,2.4300,2.4200,5742000,13892870.0000,0.726900,1,0.413200,-22.154671,12.256214,4.597389,-97.875550,1
2025-12-23,sz.300301,2.4300,2.4300,2.3800,2.4000,2.4300,7121560,17079345.8000,0.901600,1,-1.234600,-21.881157,12.104902,4.540631,-96.667210,1
2025-12-24,sz.300301,2.3800,2.4200,2.3800,2.4200,2.4000,4811222,11565775.8000,0.609100,1,0.833300,-22.063500,12.205777,4.578470,-97.472770,1
2025-12-25,sz.300301,2.4100,2.4200,2.3900,2.4100,2.4200,6017900,14471514.0000,0.761900,1,-0.413200,-21.972329,12.155340,4.559550,-97.069990,1
2025-12-26,sz.300301,2.4000,2.4100,2.3700,2.3800,2.4100,9107200,21768252.0000,1.153000,1,-1.244800,-21.698814,12.004028,4.502792,-95.861650,1
2025-12-29,sz.300301,2.3900,2.3900,2.3300,2.3500,2.3800,8140800,19139819.0000,1.030600,1,-1.260500,-21.425300,11.852717,4.446035,-94.653310,1
2025-12-30,sz.300301,2.3400,2.3900,2.3200,2.3500,2.3500,7837102,18494765.6600,0.992200,1,0.000000,-21.425300,11.852717,4.446035,-94.653310,1
2025-12-31,sz.300301,2.3600,2.3700,2.3300,2.3700,2.3500,5546500,13017724.0000,0.702200,1,0.851100,-21.607643,11.953591,4.483873,-95.458870,1
2026-01-05,sz.300301,2.3700,2.4100,2.3600,2.3800,2.3700,8643300,20608302.0000,1.094300,1,0.421900,-21.698814,12.004028,4.502792,-95.861650,1
2026-01-06,sz.300301,2.3800,2.4000,2.3600,2.3900,2.3800,8868550,21100952.5000,1.122800,1,0.420200,-21.789986,12.054465,4.521712,-96.264430,1
2026-01-07,sz.300301,2.3900,2.3900,2.3500,2.3600,2.3900,9069200,21473149.0000,1.148200,1,-1.255200,-21.516471,11.903154,4.464954,-95.056090,1
2026-01-08,sz.300301,2.3400,2.3800,2.3400,2.3600,2.3600,7710300,18203918.0000,0.976100,1,0.000000,-21.516471,11.903154,4.464954,-95.056090,1
2026-01-09,sz.300301,2.3600,2.3600,2.3200,2.3300,2.3600,11296400,26438774.0000,1.430100,1,-1.271200,-21.242957,11.751843,4.408196,-93.847750,1
2026-01-12,sz.300301,2.3400,2.3500,2.3100,2.3300,2.3300,10834710,25241741.2000,1.371700,1,0.000000,-21.242957,11.751843,4.408196,-93.847750,1
2026-01-13,sz.300301,2.3300,2.3400,2.3000,2.3300,2.3300,13789500,31978685.0000,1.745800,1,0.000000,-21.242957,11.751843,4.408196,-93.847750,1
2026-01-14,sz.300301,2.3300,2.3700,2.3200,2.3400,2.3300,13772025,32344138.2500,1.743600,1,0.429200,-21.334128,11.802280,4.427115,-94.250530,1
2026-01-15,sz.300301,2.3400,2.4000,2.3400,2.3600,2.3400,10428825,24633939.2500,1.320300,1,0.854700,-21.516471,11.903154,4.464954,-95.056090,1
2026-01-16,sz.300301,2.3600,2.3800,2.3400,2.3700,2.3600,9689300,22870280.0000,1.226700,1,0.423700,-21.607643,11.953591,4.483873,-95.458870,1
2026-01-19,sz.300301,2.3600,2.4000,2.3500,2.3800,2.3700,10667962,25337978.5600,1.350600,1,0.421900,-21.698814,12.004028,4.502792,-95.861650,1
2026-01-20,sz.300301,2.3800,2.4700,2.3700,2.4100,2.3800,19589400,47583139.0000,2.480100,1,1.260500,-21.972329,12.155340,4.559550,-97.069990,1
2026-01-21,sz.300301,2.4000,2.4400,2.3900,2.4300,2.4100,8282200,19997068.0000,1.048500,1,0.829900,-22.154671,12.256214,4.597389,-97.875550,1
2026-01-22,sz.300301,2.4200,2.4600,2.3900,2.4500,2.4300,13741513,33262359.4300,1.739700,1,0.823000,-22.337014,12.357088,4.635228,-98.681110,1
2026-01-23,sz.300301,2.4500,2.4500,2.4000,2.4100,2.4500,14647500,35493677.0000,1.854400,1,-1.632700,-21.972329,12.155340,4.559550,-97.069990,1
2026-01-26,sz.300301,2.4100,2.4200,2.3700,2.4100,2.4100,11676700,27932526.9800,1.478300,1,0.000000,-21.972329,12.155340,4.559550,-97.069990,1
2026-01-27,sz.300301,2.4100,2.4100,2.3500,2.3900,2.4100,9942700,23593280.0000,1.258800,1,-0.829900,-21.789986,12.054465,4.521712,-96.264430,1
2026-01-28,sz.300301,2.3900,2.4000,2.3400,2.3400,2.3900,9106300,21471059.0000,1.152900,1,-2.092100,-21.334128,11.802280,4.427115,-94.250530,1
2026-01-29,sz.300301,2.3400,2.3400,2.2600,2.2700,2.3400,16532211,37825637.1900,2.093000,1,-2.991500,-20.695928,11.449220,4.294680,-91.431069,1
2026-01-30,sz.300301,2.2300,2.2800,2.2300,2.2700,2.2700,7060840,15977062.4000,0.893900,1,0.000000,-20.695928,11.449220,4.294680,-91.431069,1
2026-02-02,sz.300301,2.2800,2.3200,2.2700,2.2800,2.2700,8714200,19990555.0000,1.103200,1,0.440500,-20.787099,11.499657,4.313600,-91.833849,1
2026-02-03,sz.300301,2.2900,2.3200,2.2800,2.3000,2.2800,6004802,13823038.5800,0.760200,1,0.877200,-20.969442,11.600532,4.351438,-92.639410,1
2026-02-04,sz.300301,2.3100,2.3300,2.3000,2.3200,2.3000,6867602,15889811.6400,0.869500,1,0.869600,-21.151785,11.701406,4.389277,-93.444970,1
2026-02-05,sz.300301,2.3100,2.5700,2.3100,2.4700,2.3200,35679404,87477850.6200,4.517100,1,6.465500,-22.519357,12.457962,4.673066,-99.486670,1
2026-02-06,sz.300301,2.4500,2.4700,2.3900,2.4300,2.4700,19878802,48129760.7800,2.516700,1,-1.619400,-22.154671,12.256214,4.597389,-97.875550,1
2026-02-09,sz.300301,2.4200,2.5000,2.4200,2.4900,2.4300,15016822,37073569.1000,1.901200,1,2.469100,-22.701700,12.558836,4.710905,-100.292230,1
2026-02-10,sz.300301,2.5200,2.5600,2.4800,2.5000,2.4900,15811900,39815821.0000,2.001800,1,0.401600,-22.792872,12.609273,4.729824,-100.695010,1
2026-02-11,sz.300301,2.5100,2.5400,2.4800,2.5000,2.5000,11725502,29407001.0000,1.484500,1,0.000000,-22.792872,12.609273,4.729824,-100.695010,1
2026-02-12,sz.300301,2.4900,2.5200,2.4600,2.4800,2.5000,10651800,26521548.0000,1.348500,1,-0.800000,-22.610529,12.508399,4.691985,-99.889450,1
2026-02-13,sz.300301,2.4700,2.5400,2.4600,2.5300,2.4800,12343300,31045281.0000,1.562700,1,2.016100,-23.066386,12.760585,4.786582,-101.903350,1
2026-02-24,sz.300301,2.5900,2.6600,2.5800,2.6200,2.5300,17867450,46763013.5000,2.262100,1,3.557300,-23.886930,13.214519,4.956856,-105.528371,1
2026-02-25,sz.300301,2.6300,3.0800,2.6300,2.9200,2.6200,50941110,148355792.5000,6.449200,1,11.450400,-26.622074,14.727631,5.524434,-117.611772,1
2026-02-26,sz.300301,2.9100,3.0500,2.8400,2.9300,2.9200,36577820,106615434.4000,4.630800,1,0.342500,-26.713246,14.778068,5.543354,-118.014552,1
2026-02-27,sz.300301,2.9300,2.9300,2.8400,2.8900,2.9300,21690500,62593981.0000,2.746100,1,-1.365200,-26.348560,14.576320,5.467677,-116.403432,1
2026-03-02,sz.300301,2.8900,3.0100,2.8200,2.9100,2.8900,30653100,89453638.0000,3.880700,1,0.692000,-26.530903,14.677194,5.505515,-117.208992,1
2026-03-03,sz.300301,2.9300,2.9900,2.7900,2.8000,2.9100,26377299,76367159.1000,3.339400,1,-3.780100,-25.528017,14.122386,5.297403,-112.778412,1
2026-03-04,sz.300301,2.7800,2.8400,2.7300,2.7700,2.8000,20924600,58115624.0000,2.649100,1,-1.071400,-25.254502,13.971075,5.240645,-111.570071,1
2026-03-05,sz.300301,2.8400,3.0200,2.8300,2.9900,2.7700,30098404,88506627.7800,3.810500,1,7.942200,-27.260275,15.080691,5.656870,-120.431232,1
2026-03-06,sz.300301,2.9500,3.2400,2.9300,3.1600,2.9900,36897702,113267202.9400,4.671300,1,5.685600,-28.810190,15.938122,5.978498,-127.278493,1
2026-03-09,sz.300301,3.1400,3.1900,3.0700,3.1600,3.1600,26372600,82776468.0000,3.338800,1,0.000000,-28.810190,15.938122,5.978498,-127.278493,1
2026-03-10,sz.300301,3.1300,3.2400,3.0300,3.0600,3.1600,30669502,95550153.2600,3.882800,1,-3.164600,-27.898475,15.433751,5.789305,-123.250693,1
2026-03-11,sz.300301,3.0900,3.0900,2.9800,3.0100,3.0600,19102552,57544428.4600,2.418400,1,-1.634000,-27.442618,15.181565,5.694708,-121.236792,1
2026-03-12,sz.300301,3.0000,3.0800,2.9900,3.0000,3.0100,15906500,48058002.0000,2.013800,1,-0.332200,-27.351446,15.131128,5.675789,-120.834012,1
2026-03-13,sz.300301,2.9300,3.1900,2.9100,3.1400,3.0000,29456546,90742167.1600,3.729300,1,4.666700,-28.627847,15.837247,5.940659,-126.472933,1
2026-03-16,sz.300301,3.1300,3.3300,3.1000,3.2600,3.1400,25697242,83535177.2000,3.253300,1,3.821700,-29.721905,16.442493,6.167691,-131.306294,1
2026-03-17,sz.300301,3.2700,3.3000,3.1900,3.2000,3.2600,17885500,57732278.0000,2.264300,1,-1.840500,-29.174876,16.139870,6.054175,-128.889613,1
2026-03-18,sz.300301,3.1900,3.3300,3.1700,3.2100,3.2000,17449300,56590170.0000,2.209100,1,0.312500,-29.266048,16.190307,6.073094,-129.292393,1
2026-03-19,sz.300301,3.2100,3.3800,3.2100,3.2800,3.2100,22272020,73464434.6000,2.819700,1,2.180700,-29.904248,16.543367,6.205529,-132.111854,1
2026-03-20,sz.300301,3.2500,3.3700,3.1700,3.2400,3.2800,22922420,74841684.4000,2.902000,1,-1.219500,-29.539562,16.341618,6.129852,-130.500733,1
2026-03-23,sz.300301,3.1800,3.2200,2.9800,3.0100,3.2400,28245900,87265476.0000,3.576000,1,-7.098800,-27.442618,15.181565,5.694708,-121.236792,1
2026-03-24,sz.300301,3.1000,3.3400,3.0500,3.3100,3.0100,25411007,80912002.4200,3.217100,1,9.966800,-30.177762,16.694678,6.262287,-133.320194,1
2026-03-25,sz.300301,3.3400,3.6000,3.3100,3.5000,3.3100,30581410,105967659.2000,3.871700,1,5.740200,-31.910021,17.652983,6.621754,-140.973014,1
2026-03-26,sz.300301,3.4700,3.6700,3.4500,3.5700,3.5000,24383200,86918250.0000,3.087000,1,2.000000,-32.548221,18.006042,6.754189,-143.792475,1
2026-03-27,sz.300301,3.5500,3.6000,3.4600,3.5500,3.5700,21060049,74296937.6400,2.666200,1,-0.560200,-32.365878,17.905168,6.716350,-142.986915,1
2026-03-30,sz.300301,3.5600,3.8800,3.5400,3.8800,3.5500,30140600,111959676.0000,3.815900,1,9.295800,-35.374537,19.569592,7.340687,-156.278656,1
2026-03-31,sz.300301,3.8800,3.8800,3.5100,3.5500,3.8800,35732100,132250864.0000,4.523800,1,-8.505200,-32.365878,17.905168,6.716350,-142.986915,1
2026-04-01,sz.300301,3.7000,3.8300,3.2500,3.2900,3.5500,63693528,219936993.9400,8.063700,1,-7.323900,-29.995419,16.593804,6.224448,-132.514634,1
2026-04-02,sz.300301,3.3300,3.3500,3.0700,3.1600,3.2900,48415020,153809573.6000,6.129400,1,-3.951400,-28.810190,15.938122,5.978498,-127.278493,1
2026-04-03,sz.300301,3.2100,3.4100,3.1800,3.3300,3.1600,41937562,138539539.4400,5.309400,1,5.379700,-30.360105,16.795552,6.300126,-134.125754,1
2026-04-07,sz.300301,3.2900,3.4200,3.2200,3.4000,3.3300,27225302,91141493.7200,3.446800,1,2.102100,-30.998306,17.148612,6.432561,-136.945214,1
2026-04-08,sz.300301,3.3300,3.4000,3.2900,3.3400,3.4000,36266452,121240134.7400,4.591900,1,-1.764700,-18.436031,30.315393,6.988420,-70.158354,1
2026-04-09,sz.300301,3.3400,3.4000,3.2000,3.2700,3.3400,26313552,86592922.9400,3.331700,1,-2.095800,-18.049647,29.680040,6.841956,-68.687970,1
2026-04-10,sz.300301,3.3000,3.3300,3.1400,3.1600,3.2700,26328850,84635688.0000,3.333600,1,-3.363900,-17.442473,28.681629,6.611799,-66.377365,1
2026-04-13,sz.300301,3.1500,3.2500,3.0600,3.2300,3.1600,31112543,98390509.1500,3.939300,1,2.215200,-17.828857,29.316982,6.758263,-67.847750,1
2026-04-14,sz.300301,3.2500,3.8200,3.2500,3.6600,3.2300,56949500,199318379.0000,7.210600,1,13.312700,-20.202358,33.219861,7.657970,-76.880113,1
2026-04-15,sz.300301,3.7100,4.1000,3.5200,3.6200,3.6600,71597174,272930214.9400,9.065200,1,-1.092900,-19.981567,32.856803,7.574276,-76.039893,1
2026-04-16,sz.300301,3.6400,3.9000,3.6100,3.8000,3.6200,41702563,156055005.5500,5.280100,1,4.972400,-20.975125,34.490566,7.950897,-79.820882,1
2026-04-17,sz.300301,3.7500,3.9400,3.7500,3.9200,3.8000,34239461,132151891.8500,4.335200,1,3.157900,-21.637498,35.579742,8.201978,-82.341542,1
2026-04-20,sz.300301,4.0400,4.0400,3.7500,3.8400,3.9200,24483100,94387666.0000,3.099900,1,-2.040800,-21.195916,34.853625,8.034591,-80.661102,1
2026-04-21,sz.300301,3.8500,3.9500,3.7800,3.8000,3.8400,20214670,78018285.0000,2.559500,1,-1.041700,-20.975125,34.490566,7.950897,-79.820882,1
2026-04-22,sz.300301,3.7800,3.8400,3.7400,3.8100,3.8000,15597200,59033913.0000,1.974800,1,0.263200,-21.030323,34.581331,7.971821,-80.030937,1
2026-04-23,sz.300301,3.8700,4.0300,3.7600,3.8500,3.8100,35232300,137634630.0000,4.460900,1,1.049900,-21.251114,34.944390,8.055514,-80.871157,1
2026-04-24,sz.300301,3.8000,3.9000,3.6000,3.6800,3.8500,38124007,141752455.6900,4.827000,1,-4.415600,-20.312753,33.401391,7.699816,-77.300223,1
2026-04-27,sz.300301,3.6800,3.7000,3.5500,3.6300,3.6800,18283700,65983873.0000,2.315000,1,-1.358700,-20.036764,32.947567,7.595199,-76.249948,1
2026-04-28,sz.300301,3.6200,3.7400,3.5800,3.6600,3.6300,14238100,52295074.0000,1.802700,1,0.826400,-20.202358,33.219861,7.657970,-76.880113,1
2026-04-29,sz.300301,3.7200,3.7400,3.5700,3.6000,3.6600,17225500,62280333.0000,2.181000,1,-1.639300,-20.159679,41.139455,7.758665,1222.550258,1
2026-04-30,sz.300301,3.5500,3.6900,3.5500,3.6900,3.6000,16811520,61049935.2000,2.128600,1,2.500000,-20.663671,42.167942,7.952632,1253.114014,1
2026-05-06,sz.300301,3.7100,3.7500,3.6200,3.6500,3.6900,14205000,52038470.5000,1.798600,1,-1.084000,-20.439675,41.710837,7.866425,1239.530123,1
2026-05-07,sz.300301,3.6600,3.6600,3.4400,3.4600,3.6500,23366692,82351916.4000,2.958600,1,-5.205500,-19.375691,39.539588,7.456940,1175.006637,1
2026-05-08,sz.300301,3.5000,3.6900,3.4000,3.6600,3.4600,22065702,78362531.2800,2.793800,1,5.780300,-20.495674,41.825113,7.887977,1242.926096,1
2026-05-11,sz.300301,3.6100,3.6800,3.5500,3.5900,3.6600,15124900,54320891.0000,1.915000,1,-1.912600,-20.103680,41.025179,7.737114,1219.154285,1
2026-05-12,sz.300301,3.5800,3.6300,3.5100,3.5900,3.5900,11069500,39430743.0000,1.401600,1,0.000000,-20.103680,41.025179,7.737114,1219.154285,1
2026-05-13,sz.300301,3.5800,3.7300,3.5600,3.6400,3.5900,15354872,56095739.6400,1.944100,1,1.392800,-20.383675,41.596560,7.844873,1236.134150,1
2026-05-14,sz.300301,3.6500,3.6500,3.5400,3.5500,3.6400,11569400,41451430.0000,1.464900,1,-2.472500,-19.879683,40.568074,7.650906,1205.570393,1
2026-05-15,sz.300301,3.5700,3.5900,3.5200,3.5600,3.5500,8929700,31684776.0000,1.130600,1,0.281700,-19.935683,40.682350,7.672458,1208.966366,1
2026-05-18,sz.300301,3.5100,3.5600,3.4700,3.5000,3.5600,8347400,29245274.0000,1.056900,1,-1.685400,-19.599688,39.996693,7.543147,1188.590529,1
2026-05-19,sz.300301,3.5000,3.5000,3.3900,3.4000,3.5000,10080140,34539211.0000,1.276300,1,-2.857100,-19.039697,38.853930,7.327629,1154.630799,1
2026-05-20,sz.300301,3.4500,3.4900,3.3700,3.4100,3.4000,9982800,34065130.0000,1.264000,1,0.294100,-19.095696,38.968206,7.349180,1158.026772,1
2026-05-21,sz.300301,3.3800,3.6000,3.3800,3.4500,3.4100,14987300,52666133.0000,1.897600,1,1.173000,-19.319692,39.425311,7.435388,1171.610664,1
2026-05-22,sz.300301,3.4500,3.4800,3.3800,3.4200,3.4500,7558300,25867309.0000,0.957000,1,-0.869600,-19.151695,39.082483,7.370732,1161.422745,1
2026-05-25,sz.300301,3.5000,3.5800,3.3800,3.4800,3.4200,13970000,48594022.0000,1.768800,1,1.754400,-19.487690,39.768140,7.500043,1181.798583,1
2026-05-26,sz.300301,3.4900,3.5900,3.2800,3.3000,3.4800,17512700,59980863.0000,2.217400,1,-5.172400,-18.479706,37.711167,7.112110,1120.671070,1
2026-05-27,sz.300301,3.3500,3.3900,3.1800,3.2700,3.3000,11785916,38756163.6800,1.492300,1,-0.909100,-18.311708,37.368339,7.047454,1110.483151,1
2026-05-28,sz.300301,3.2800,3.4800,3.2200,3.4200,3.2700,15434400,52393473.0000,1.954200,1,4.587200,-19.151695,39.082483,7.370732,1161.422745,1
2026-05-29,sz.300301,3.4200,3.4900,3.3400,3.4000,3.4200,13069200,44397744.0000,1.654700,1,-0.584800,-19.039697,38.853930,7.327629,1154.630799,1
2026-06-01,sz.300301,3.4000,3.4100,3.3500,3.3700,3.4000,7414600,24990729.0000,0.938800,1,-0.882400,-18.871699,38.511101,7.262973,1144.442880,1
2026-06-02,sz.300301,3.3900,3.3900,3.3000,3.3600,3.3700,8197380,27463748.4000,1.037900,1,-0.296700,-18.815700,38.396825,7.241421,1141.046908,1
2026-06-03,sz.300301,3.4100,3.4800,3.3700,3.4400,3.3600,13138700,45151603.0000,1.663500,1,2.381000,-19.263693,39.311035,7.413836,1168.214691,1
2026-06-04,sz.300301,3.4400,3.4600,3.3300,3.3300,3.4400,8934700,30279250.0000,1.131300,1,-3.197700,-18.647703,38.053996,7.176766,1130.858989,1
2026-06-05,sz.300301,3.3400,3.3400,3.2100,3.2700,3.3300,10044400,32650365.0000,1.271800,1,-1.801800,-18.311708,37.368339,7.047454,1110.483151,1
2026-06-08,sz.300301,3.2300,3.3500,3.1800,3.2700,3.2700,8191000,26758627.0000,1.037100,1,0.000000,-18.311708,37.368339,7.047454,1110.483151,1
2026-06-09,sz.300301,3.2800,3.3800,3.2300,3.2700,3.2700,8508800,28139515.0000,1.077300,1,0.000000,-18.311708,37.368339,7.047454,1110.483151,1
2026-06-10,sz.300301,3.2400,3.2600,3.1800,3.2200,3.2700,9482400,30412123.0000,1.200600,1,-1.529100,-18.031713,36.796957,6.939695,1093.503286,1
2026-06-11,sz.300301,3.2100,3.2500,3.0200,3.1400,3.2200,10610700,33096217.0000,1.343500,1,-2.484500,-17.583720,35.882747,6.767280,1066.335503,1
2026-06-12,sz.300301,3.1800,3.1900,3.1200,3.1600,3.1400,7730100,24465984.0000,0.978700,1,0.636900,-17.695718,36.111300,6.810384,1073.127449,1
2026-06-15,sz.300301,3.2100,3.2700,3.1900,3.2100,3.1600,8790993,28328575.5300,1.113100,1,1.582300,-17.975714,36.682681,6.918143,1090.107313,1
2026-06-16,sz.300301,3.2100,3.2500,3.1400,3.2000,3.2100,9289600,29440089.0000,1.176200,1,-0.311500,-17.919715,36.568405,6.896592,1086.711340,1
2026-06-17,sz.300301,3.1700,3.3000,3.1700,3.2600,3.2000,11577940,37557463.0000,1.465900,1,1.875000,-18.255709,37.254062,7.025903,1107.087178,1
2026-06-18,sz.300301,3.2600,3.2700,3.1200,3.1600,3.2600,12507700,39586784.0000,1.583700,1,-3.067500,-17.695718,36.111300,6.810384,1073.127449,1
2026-06-22,sz.300301,3.1600,3.1700,3.0400,3.0700,3.1600,10075600,31053841.0000,1.275700,1,-2.848100,-17.191726,35.082813,6.616418,1042.563692,1
2026-06-23,sz.300301,3.0900,3.1800,3.0500,3.0900,3.0700,9437189,29449745.4600,1.194900,1,0.651500,-17.303724,35.311366,6.659521,1049.355638,1
2026-06-24,sz.300301,3.0900,3.6700,3.0700,3.6300,3.0900,33080200,111373545.0000,4.188400,1,17.475700,-20.327676,41.482284,7.823321,1232.738177,1
2026-06-25,sz.300301,3.5900,3.6600,3.4000,3.5000,3.6300,23710707,83614535.5700,3.002100,1,-3.581300,-19.599688,39.996693,7.543147,1188.590529,1
2026-06-26,sz.300301,3.5200,3.8200,3.5000,3.7100,3.5000,27588302,101694198.2600,3.493100,1,6.000000,-20.775669,42.396494,7.995736,1259.905960,1
2026-06-29,sz.300301,3.6900,3.8500,3.5300,3.5900,3.7100,16472900,60066623.0000,2.085700,1,-3.234500,-20.103680,41.025179,7.737114,1219.154285,1
2026-06-30,sz.300301,3.5900,3.8900,3.5300,3.8500,3.5900,23528600,88534918.0000,2.979100,1,7.242300,-21.559657,43.996362,8.297462,1307.449582,1
2026-07-01,sz.300301,3.8600,3.9400,3.7500,3.7900,3.8500,19316900,73762098.0000,2.445800,1,-1.558400,-21.223662,43.310704,8.168151,1287.073744,1
2026-07-02,sz.300301,3.7700,4.0500,3.7700,3.9400,3.7900,28078200,110175146.0000,3.555100,1,3.957800,-22.063649,45.024848,8.491428,1338.013338,1
2026-07-03,sz.300301,3.8700,3.9900,3.8500,3.9500,3.9400,13553200,52966511.0000,1.716000,1,0.253800,-22.119648,45.139125,8.512980,1341.409311,1
2026-07-06,sz.300301,3.9500,3.9700,3.7600,3.7900,3.9500,14348800,55098523.0000,1.816800,1,-4.050600,-21.223662,43.310704,8.168151,1287.073744,1
2026-07-07,sz.300301,3.8000,3.9300,3.5800,3.6400,3.7900,12367745,46148170.9000,1.565900,1,-3.957800,-20.383675,41.596560,7.844873,1236.134150,1
2026-07-08,sz.300301,3.6400,3.7600,3.6000,3.6700,3.6400,9963289,36628500.4000,1.261500,1,0.824200,-20.551673,41.939389,7.909528,1246.322069,1
2026-07-09,sz.300301,3.7100,3.7300,3.6100,3.6700,3.6700,7681089,28065614.7400,0.972500,1,0.000000,-20.551673,41.939389,7.909528,1246.322069,1
2026-07-10,sz.300301,3.6900,3.7100,3.5800,3.6300,3.6700,7720900,28172031.0000,0.977600,1,-1.089900,-20.327676,41.482284,7.823321,1232.738177,1
2026-07-13,sz.300301,3.6400,3.7100,3.5500,3.6800,3.6300,9245896,33386460.7200,1.170700,1,1.377400,-20.607672,42.053666,7.931080,1249.718042,1
2026-07-14,sz.300301,3.7200,3.9100,3.6500,3.9100,3.6800,18142317,69744895.7700,2.297100,1,6.250000,-21.895651,44.682020,8.426773,1327.825419,1
2026-07-15,sz.300301,3.8500,3.9200,3.8000,3.8400,3.9100,10065400,38659390.0000,1.274400,1,-1.790300,-21.503658,43.882086,8.275910,1304.053609,1
2026-07-16,sz.300301,3.8500,3.8800,3.7800,3.8400,3.8400,5764076,22079335.6000,0.729800,1,0.000000,-21.503658,43.882086,8.275910,1304.053609,1
2026-07-17,sz.300301,3.8400,3.8600,3.5900,3.5900,3.8400,10264783,38024363.7400,1.299700,1,-6.510400,-20.103680,41.025179,7.737114,1219.154285,1
2026-07-20,sz.300301,3.6200,3.6800,3.0900,3.3900,3.5900,14224517,48527616.3000,1.801000,1,-5.571000,-18.983698,38.739654,7.306077,1151.234826,1
2026-07-21,sz.300301,3.3800,3.4900,3.2900,3.4100,3.3900,11018450,37234467.0400,1.395100,1,0.590000,-19.095696,38.968206,7.349180,1158.026772,1
2026-07-22,sz.300301,3.4300,3.5400,3.4000,3.4600,3.4100,8280100,28634287.6800,1.048400,1,1.466300,-19.375691,39.539588,7.456940,1175.006637,1
2026-07-23,sz.300301,3.4700,3.5300,3.4300,3.4800,3.4600,6066500,20985223.0000,0.768100,1,0.578000,-19.487690,39.768140,7.500043,1181.798583,1
2026-07-24,sz.300301,3.4300,3.4800,3.4100,3.4600,3.4800,3033000,10460343.0000,0.384000,1,-0.574700,-19.375691,39.539588,7.456940,1175.006637,1
2026-07-27,sz.300301,3.4700,3.4700,3.3300,3.3300,3.4600,10812700,36407832.0000,1.369000,1,-3.757200,-18.647703,38.053996,7.176766,1130.858989,1
2026-07-28,sz.300301,3.3000,3.4700,3.2900,3.4000,3.3300,8253300,27721218.0000,1.045000,1,2.102100,-19.039697,38.853930,7.327629,1154.630799,1
2026-07-29,sz.300301,3.4300,3.4300,3.3200,3.3900,3.4000,6405800,21498562.0000,0.811100,1,-0.294100,-18.983698,38.739654,7.306077,1151.234826,1
2026-07-30,sz.300301,3.3800,3.4200,3.2900,3.3400,3.3900,5314500,17754021.0000,0.672900,1,-1.474900,-18.703702,38.168272,7.198317,1134.254962,1
2026-07-31,sz.300301,3.4000,3.4000,3.3100,3.3600,3.3400,6167400,20581425.0000,0.780900,1,0.598800,-18.815700,38.396825,7.241421,1141.046908,1
2026-08-03,sz.300301,3.3600,3.3900,3.3200,3.3300,3.3600,5054200,16916621.0000,0.639900,1,-0.892900,-18.647703,38.053996,7.176766,1130.858989,1
2026-08-04,sz.300301,3.3500,3.4500,3.3300,3.4000,3.3300,6869000,23278462.0000,0.869700,1,2.102100,-19.039697,38.853930,7.327629,1154.630799,1
2026-08-05,sz.300301,3.4000,3.4200,3.3400,3.3500,3.4000,7734300,26016723.0000,0.979300,1,-1.470600,-18.759701,38.282549,7.219869,1137.650935,1
2026-08-06,sz.300301,3.3600,3.3700,3.3000,3.3200,3.3500,7730517,25706234.2700,0.978800,1,-0.895500,-18.591704,37.939720,7.155214,1127.463016,1
2026-08-07,sz.300301,3.3300,3.3400,3.2100,3.2300,3.3200,11029300,35996479.0000,1.396500,1,-2.710800,-18.087712,36.911234,6.961247,1096.899259,1
2026-08-10,sz.300301,3.2200,3.2800,3.2200,3.2500,3.2300,5643400,18276400.0000,0.714500,1,0.619200,-18.199710,37.139786,7.004351,1103.691205,1
2026-08-11,sz.300301,3.2800,3.3600,3.2300,3.2800,3.2500,7700900,25315797.0000,0.975000,1,0.923100,-18.367708,37.482615,7.069006,1113.879124,1
2026-08-12,sz.300301,3.2800,3.3800,3.2300,3.3300,3.2800,9580278,31539948.0600,1.213000,1,1.524400,-18.647703,38.053996,7.176766,1130.858989,1
2026-08-13,sz.300301,3.3300,3.5500,3.2900,3.4200,3.3300,12911420,44369318.8000,1.634800,1,2.702700,-19.151695,39.082483,7.370732,1161.422745,1
2026-08-14,sz.300301,3.4200,3.4500,3.3600,3.4100,3.4200,7921900,26966661.0000,1.003000,1,-0.292400,-19.095696,38.968206,7.349180,1158.026772,1
2026-08-17,sz.300301,3.4400,3.4600,3.3800,3.4100,3.4100,5187200,17699615.0000,0.656800,1,0.000000,-19.095696,38.968206,7.349180,1158.026772,1
2026-08-18,sz.300301,3.4100,3.4600,3.3100,3.3900,3.4100,8835400,29782136.0000,1.118700,1,-0.586500,-18.983698,38.739654,7.306077,1151.234826,1
2026-08-19,sz.300301,3.3800,3.3800,3.2900,3.3100,3.3900,5854200,19427138.0000,0.741200,1,-2.359900,-18.535705,37.825444,7.133662,1124.067043,1
2026-08-20,sz.300301,3.3000,3.3500,3.2700,3.2800,3.3100,4001600,13169220.0000,0.506700,1,-0.906300,-18.367708,37.482615,7.069006,1113.879124,1
2026-08-21,sz.300301,3.2800,3.3600,3.2500,3.3400,3.2800,4011080,13338661.4000,0.507900,1,1.829300,-18.703702,38.168272,7.198317,1134.254962,1
2026-08-24,sz.300301,3.3500,3.3500,3.2300,3.2500,3.3400,5287820,17269147.8000,0.669500,1,-2.694600,-18.199710,37.139786,7.004351,1103.691205,1
2026-08-25,sz.300301,3.2700,3.2700,3.2000,3.2400,3.2500,3959300,12817547.0000,0.501300,1,-0.307700,-18.143711,37.025510,6.982799,1100.295232,1
2026-08-26,sz.300301,3.2500,3.3100,3.2300,3.2500,3.2400,5980600,19480712.0000,0.757200,1,0.308600,-19.344687,52.693614,6.678438,-215.367086,1
2026-08-27,sz.300301,3.2500,3.3000,3.2000,3.2800,3.2500,8490800,27545130.0000,1.075000,1,0.923100,-19.523253,53.180017,6.740086,-217.355090,1
