date,code,open,high,low,close,preclose,volume,amount,turn,tradestatus,pctChg,peTTM,pbMRQ,psTTM,pcfNcfTTM,isST
2023-08-08,sh.603296,80.8000000000,80.8000000000,72.0000000000,73.2900000000,80.8000000000,17368654,1296702469.0900,29.211600,1,-9.294600,18.822414,4.121239,0.624311,2340.536399,0
2023-08-09,sh.603296,71.8900000000,79.9300000000,70.0100000000,76.3900000000,73.2900000000,15641364,1149856272.6800,26.306600,1,4.229800,19.618559,4.295558,0.650718,2439.535756,0
2023-08-10,sh.603296,73.8700000000,78.6300000000,72.6800000000,74.8400000000,76.3900000000,12608120,961308845.4900,21.205100,1,-2.029100,19.220486,4.208399,0.637514,2390.036078,0
2023-08-11,sh.603296,73.3500000000,75.3000000000,72.8000000000,73.5000000000,74.8400000000,8591345,633880602.3000,14.449400,1,-1.790500,18.876346,4.133048,0.626100,2347.242807,0
2023-08-14,sh.603296,72.7600000000,72.8000000000,70.2200000000,70.3500000000,73.5000000000,7667331,546271951.2000,12.895400,1,-4.285700,18.067360,3.955917,0.599267,2246.646687,0
2023-08-15,sh.603296,71.3000000000,72.4700000000,70.9100000000,71.4800000000,70.3500000000,6569504,470655359.7700,11.049000,1,1.606300,18.357567,4.019459,0.608893,2282.733549,0
2023-08-16,sh.603296,70.9300000000,72.3700000000,70.1000000000,71.6900000000,71.4800000000,5096058,365193084.7400,8.570900,1,0.293800,18.411500,4.031268,0.610682,2289.439957,0
2023-08-17,sh.603296,71.0000000000,74.1800000000,70.8000000000,73.3500000000,71.6900000000,5296211,386135613.0400,8.907500,1,2.315500,18.837823,4.124613,0.624822,2342.452516,0
2023-08-18,sh.603296,73.3000000000,73.8000000000,72.0800000000,72.1200000000,73.3500000000,3643158,265833074.7800,6.127300,1,-1.676900,18.521933,4.055448,0.614344,2303.172126,0
2023-08-21,sh.603296,71.8800000000,73.1900000000,70.9100000000,72.1000000000,72.1200000000,3029562,218628321.8500,5.095300,1,-0.027700,18.516797,4.054323,0.614174,2302.533421,0
2023-08-22,sh.603296,72.6000000000,73.4100000000,71.1200000000,73.1900000000,72.1000000000,3750765,271356431.0700,6.308300,1,1.511800,18.796731,4.115616,0.623459,2337.342872,0
2023-08-23,sh.603296,72.7600000000,72.7600000000,71.0000000000,71.0800000000,73.1900000000,2663755,191370843.2200,4.480100,1,-2.882900,18.254839,3.996966,0.605485,2269.959439,0
2023-08-24,sh.603296,71.2000000000,71.9600000000,70.6800000000,71.1100000000,71.0800000000,1995628,142485445.9500,3.356400,1,0.042200,18.262544,3.998653,0.605741,2270.917497,0
2023-08-25,sh.603296,70.6000000000,71.2400000000,68.4400000000,68.4500000000,71.1100000000,3214005,223882623.7100,5.405500,1,-3.740700,17.579400,3.849076,0.583082,2185.969662,0
2023-08-28,sh.603296,72.0500000000,72.0500000000,68.8100000000,68.9700000000,68.4500000000,2623896,184342362.5500,4.413000,1,0.759700,17.712947,3.878317,0.587512,2202.576006,0
2023-08-29,sh.603296,68.0300000000,71.5000000000,67.5500000000,70.9100000000,68.9700000000,3043502,213869215.5700,5.118700,1,2.812800,18.211179,3.987407,0.604037,2264.530442,0
2023-08-30,sh.603296,70.7500000000,73.1900000000,70.7500000000,71.9400000000,70.9100000000,3267267,236207061.5200,5.495100,1,1.452500,18.475705,4.045326,0.612811,2297.423776,0
2023-08-31,sh.603296,72.1500000000,72.1500000000,70.6800000000,70.7000000000,71.9400000000,2068235,147021658.8500,3.478500,1,-1.723700,18.453545,3.813189,0.622654,28.554116,0
2023-09-01,sh.603296,70.8300000000,71.5500000000,70.2100000000,70.2400000000,70.7000000000,1814848,128336151.3300,3.052300,1,-0.650600,18.333479,3.788379,0.618603,28.368333,0
2023-09-04,sh.603296,70.7300000000,72.0300000000,70.0300000000,71.9500000000,70.2400000000,2095395,148721082.2500,3.524200,1,2.434500,18.779810,3.880607,0.633663,29.058963,0
2023-09-05,sh.603296,71.4600000000,73.0800000000,71.0100000000,71.2700000000,71.9500000000,2273383,163544811.7700,3.823500,1,-0.945100,18.602321,3.843931,0.627674,28.784326,0
2023-09-06,sh.603296,70.8300000000,71.8700000000,70.2800000000,71.5000000000,71.2700000000,2053830,146097695.7200,3.454300,1,0.322700,18.662354,3.856336,0.629699,28.877218,0
2023-09-07,sh.603296,71.0400000000,71.2400000000,69.5200000000,69.6200000000,71.5000000000,2015087,141482118.5100,3.389100,1,-2.629400,18.171652,3.754939,0.613142,28.117929,0
2023-09-08,sh.603296,69.7000000000,70.4900000000,69.0600000000,69.3500000000,69.6200000000,1317351,91755962.2400,2.215600,1,-0.387800,18.101178,3.740377,0.610764,28.008882,0
2023-09-11,sh.603296,69.6200000000,70.2000000000,69.0000000000,69.7400000000,69.3500000000,1221778,84979424.2900,2.054900,1,0.562400,18.202973,3.761411,0.614199,28.166394,0
2023-09-12,sh.603296,69.5700000000,69.6500000000,69.1000000000,69.1500000000,69.7400000000,1204751,83411204.6000,2.026200,1,-0.846000,18.048976,3.729590,0.609003,27.928107,0
2023-09-13,sh.603296,69.0500000000,69.3700000000,68.0700000000,68.4200000000,69.1500000000,1341537,92025555.3100,2.256300,1,-1.055700,17.858437,3.690217,0.602574,27.633276,0
2023-09-14,sh.603296,68.5000000000,68.9000000000,68.0100000000,68.5800000000,68.4200000000,1085510,74224781.4900,1.825700,1,0.233800,17.900199,3.698847,0.603983,27.697897,0
2023-09-15,sh.603296,69.3300000000,69.3300000000,68.4900000000,68.7800000000,68.5800000000,1023054,70354340.3000,1.720600,1,0.291600,17.952402,3.709634,0.605744,27.778672,0
2023-09-18,sh.603296,68.4100000000,69.0500000000,68.2000000000,68.7300000000,68.7800000000,735080,50527563.0800,1.236300,1,-0.072700,17.939351,3.706937,0.605304,27.758478,0
2023-09-19,sh.603296,68.7900000000,69.0400000000,68.6000000000,68.9300000000,68.7300000000,817807,56331772.1200,1.375400,1,0.291000,17.991553,3.717724,0.607065,27.839254,0
2023-09-20,sh.603296,68.9300000000,69.8000000000,68.8000000000,69.1200000000,68.9300000000,1265030,87724648.2800,2.127600,1,0.275600,18.041146,3.727972,0.608739,27.915991,0
2023-09-21,sh.603296,69.0000000000,69.1700000000,67.9100000000,67.9100000000,69.1200000000,1182792,80785796.5200,1.989300,1,-1.750600,17.725321,3.662711,0.598082,27.427299,0
2023-09-22,sh.603296,67.7800000000,70.8800000000,67.6000000000,70.5000000000,67.9100000000,2928212,204762104.9800,4.924800,1,3.813900,18.401342,3.802402,0.620892,28.473341,0
2023-09-25,sh.603296,70.1500000000,70.4100000000,69.0100000000,69.0500000000,70.5000000000,1417226,98476435.8300,2.383600,1,-2.056700,18.022875,3.724196,0.608122,27.887719,0
2023-09-26,sh.603296,69.6600000000,71.3500000000,68.4500000000,70.4500000000,69.0500000000,2681718,188020883.2800,4.510300,1,2.027500,18.388292,3.799705,0.620452,28.453147,0
2023-09-27,sh.603296,70.0500000000,70.6000000000,69.8100000000,69.8800000000,70.4500000000,1175451,82386099.4400,1.976900,1,-0.809100,18.239515,3.768962,0.615432,28.222937,0
2023-09-28,sh.603296,69.9500000000,70.8700000000,69.9500000000,70.8100000000,69.8800000000,1740168,122899742.9800,2.926700,1,1.330900,18.482256,3.819121,0.623623,28.598543,0
2023-10-09,sh.603296,70.6100000000,71.2400000000,69.7000000000,71.0200000000,70.8100000000,1728477,121959476.0600,2.907100,1,0.296600,18.537068,3.830448,0.625472,28.683357,0
2023-10-10,sh.603296,71.0000000000,71.3500000000,69.9700000000,70.1500000000,71.0200000000,1103511,77901361.4700,1.856000,1,-1.225000,18.309988,3.783524,0.617810,28.331984,0
2023-10-11,sh.603296,70.1000000000,77.1700000000,69.7900000000,74.6000000000,70.1500000000,8832720,667110453.2200,14.855400,1,6.343500,19.471491,4.023534,0.657001,30.129237,0
2023-10-12,sh.603296,76.0900000000,78.5800000000,75.4000000000,75.8100000000,74.6000000000,9364996,720981739.4300,15.750600,1,1.622000,19.787316,4.088795,0.667658,30.617929,0
2023-10-13,sh.603296,75.8100000000,78.9000000000,75.2200000000,76.8700000000,75.8100000000,7018776,543948185.9100,11.804600,1,1.398200,20.063988,4.145966,0.676993,31.046039,0
2023-10-16,sh.603296,78.0900000000,78.4000000000,73.5900000000,74.5500000000,76.8700000000,4344244,326992109.4500,7.306400,1,-3.018100,19.458441,4.020837,0.656561,30.109044,0
2023-10-17,sh.603296,74.7900000000,75.0100000000,72.5000000000,73.0400000000,74.5500000000,2944603,215353822.6900,4.952400,1,-2.025500,19.064313,3.939396,0.643262,29.499189,0
2023-10-18,sh.603296,74.1500000000,74.1600000000,71.8000000000,71.8500000000,73.0400000000,2195334,159555532.6700,3.692200,1,-1.629200,18.753708,3.875214,0.632782,29.018575,0
2023-10-19,sh.603296,72.0000000000,73.3100000000,71.5500000000,72.1300000000,71.8500000000,1970744,142699869.3600,3.314500,1,0.389700,18.826792,3.890315,0.635248,29.131661,0
2023-10-20,sh.603296,71.5300000000,73.3400000000,71.3200000000,71.9000000000,72.1300000000,2096865,151693480.5200,3.526600,1,-0.318900,18.766759,3.877910,0.633222,29.038769,0
2023-10-23,sh.603296,74.0000000000,75.8400000000,72.7200000000,73.3500000000,71.9000000000,4234989,315228993.9700,7.122700,1,2.016700,18.457770,2.646917,0.615657,17.989227,0
2023-10-24,sh.603296,74.1900000000,80.6900000000,73.6000000000,78.8000000000,73.3500000000,8466051,661980633.6600,14.238700,1,7.430100,19.829206,2.843586,0.661401,19.325850,0
2023-10-25,sh.603296,78.8000000000,79.5100000000,76.0000000000,77.8000000000,78.8000000000,6154436,477382731.0000,10.350900,1,-1.269000,19.577566,2.807500,0.653007,19.080598,0
2023-10-26,sh.603296,77.1200000000,81.5000000000,76.5500000000,78.2400000000,77.8000000000,6490590,513561469.8500,10.916300,1,0.565600,19.688288,2.823378,0.656701,19.188509,0
2023-10-27,sh.603296,77.0000000000,77.8700000000,75.5400000000,77.2300000000,78.2400000000,3560229,274070015.1900,5.987800,1,-1.290900,19.434132,2.786931,0.648223,18.940804,0
2023-10-30,sh.603296,76.8000000000,81.7200000000,76.8000000000,81.0000000000,77.2300000000,8382113,675415374.0800,14.097500,1,4.881500,20.382813,2.922975,0.679866,19.865404,0
2023-10-31,sh.603296,81.0000000000,83.7900000000,80.0200000000,81.9900000000,81.0000000000,5263506,429422827.8200,8.852500,1,1.222200,20.631937,2.958701,0.688176,20.108203,0
2023-11-01,sh.603296,80.9200000000,81.9500000000,78.7000000000,79.4500000000,81.9900000000,3098538,248239421.7600,5.211300,1,-3.097900,19.992772,2.867042,0.666857,19.485264,0
2023-11-02,sh.603296,80.1100000000,83.5600000000,80.0000000000,81.0300000000,79.4500000000,5956097,490445229.3200,10.017300,1,1.988700,20.390363,2.924058,0.680118,19.872762,0
2023-11-03,sh.603296,80.7800000000,81.6000000000,79.5600000000,80.8700000000,81.0300000000,2747824,221466199.5100,4.621500,1,-0.197500,20.350100,2.918284,0.678775,19.833521,0
2023-11-06,sh.603296,81.5700000000,83.7500000000,80.3600000000,83.1800000000,80.8700000000,4555876,376544527.5400,7.662300,1,2.856400,20.931388,3.001643,0.698164,20.400053,0
2023-11-07,sh.603296,82.5100000000,85.2500000000,82.2900000000,82.6700000000,83.1800000000,4237562,354987779.3600,7.127000,1,-0.613100,20.803052,2.983239,0.693883,20.274975,0
2023-11-08,sh.603296,82.7000000000,84.8300000000,82.5000000000,83.1800000000,82.6700000000,3419772,286021851.7200,5.751600,1,0.616900,20.931388,3.001643,0.698164,20.400053,0
2023-11-09,sh.603296,82.8000000000,83.2700000000,81.3000000000,81.9900000000,83.1800000000,2891324,236864713.7600,4.862800,1,-1.430600,20.631937,2.958701,0.688176,20.108203,0
2023-11-10,sh.603296,81.6100000000,82.1100000000,80.5500000000,80.8100000000,81.9900000000,1992246,161702774.3900,3.350700,1,-1.439200,20.335002,2.916119,0.678272,19.818806,0
2023-11-13,sh.603296,81.0000000000,82.9500000000,80.5200000000,81.6200000000,80.8100000000,2268577,185802531.0100,3.815400,1,1.002400,20.538830,2.945349,0.685070,20.017460,0
2023-11-14,sh.603296,81.6200000000,81.6300000000,80.4900000000,81.2000000000,81.6200000000,1805711,146074803.5700,3.037000,1,-0.514600,20.433141,2.930193,0.681545,19.914454,0
2023-11-15,sh.603296,81.4800000000,82.3500000000,80.7700000000,81.2700000000,81.2000000000,1593801,129585904.0400,2.680500,1,0.086200,20.450756,2.932719,0.682133,19.931622,0
2023-11-16,sh.603296,81.0100000000,81.9900000000,80.4000000000,80.5000000000,81.2700000000,1364605,110438445.0600,2.295100,1,-0.947500,20.256994,2.904932,0.675670,19.742778,0
2023-11-17,sh.603296,80.1500000000,82.8000000000,80.1500000000,80.8600000000,80.5000000000,1783957,144806142.7300,3.000400,1,0.447200,20.347584,2.917923,0.678691,19.831069,0
2023-11-20,sh.603296,80.4000000000,80.4000000000,77.5600000000,79.1600000000,80.8600000000,3712043,292553776.9800,6.243100,1,-2.102400,19.919796,2.856577,0.664423,19.414141,0
2023-11-21,sh.603296,79.2500000000,79.8000000000,78.0400000000,78.4000000000,79.1600000000,1657718,130608113.2200,2.788000,1,-0.960100,19.728550,2.829151,0.658044,19.227749,0
2023-11-22,sh.603296,77.7100000000,78.4400000000,76.9100000000,77.1500000000,78.4000000000,1333701,103447792.0100,2.243100,1,-1.594400,19.414001,2.784044,0.647552,18.921184,0
2023-11-23,sh.603296,77.1000000000,78.7000000000,76.6600000000,78.1000000000,77.1500000000,1105506,86238740.3800,1.859300,1,1.231400,19.653058,2.818326,0.655526,19.154174,0
2023-11-24,sh.603296,78.3600000000,78.6000000000,75.3800000000,75.9400000000,78.1000000000,1834648,140128226.9600,3.085600,1,-2.765700,19.109517,2.740380,0.637396,18.624429,0
2023-11-27,sh.603296,75.5000000000,76.9400000000,75.2500000000,76.8800000000,75.9400000000,1395587,106137072.3900,2.347200,1,1.237800,19.346058,2.774301,0.645286,18.854966,0
2023-11-28,sh.603296,76.7000000000,78.5900000000,76.3400000000,77.3000000000,76.8800000000,1436241,111502098.2900,2.415600,1,0.546300,19.451747,2.789457,0.648811,18.957972,0
2023-11-29,sh.603296,77.0000000000,78.3200000000,77.0000000000,77.3500000000,77.3000000000,1032380,80344036.9900,1.736300,1,0.064700,19.464329,2.791261,0.649230,18.970235,0
2023-11-30,sh.603296,77.1200000000,77.8700000000,76.1300000000,76.6800000000,77.3500000000,799358,61514567.4400,1.344400,1,-0.866200,19.295730,2.767083,0.643607,18.805916,0
2023-12-01,sh.603296,77.0000000000,78.3600000000,75.7500000000,77.9000000000,76.6800000000,1461345,112689111.0700,2.457800,1,1.591000,19.602730,2.811108,0.653847,19.105123,0
2023-12-04,sh.603296,77.9900000000,77.9900000000,76.1800000000,77.5000000000,77.9000000000,1838734,141423176.3600,3.092500,1,-0.513500,19.502074,2.796674,0.650489,19.007022,0
2023-12-05,sh.603296,77.2500000000,77.2500000000,75.8000000000,76.0800000000,77.5000000000,1015875,77714527.7400,1.708600,1,-1.832300,19.144746,2.745432,0.638571,18.658765,0
2023-12-06,sh.603296,76.0200000000,76.2900000000,74.5300000000,75.0600000000,76.0800000000,1255004,94519920.4900,2.110700,1,-1.340700,18.888074,2.708624,0.630010,18.408608,0
2023-12-07,sh.603296,74.7400000000,75.9900000000,74.5000000000,75.7200000000,75.0600000000,1074135,80983565.0800,1.806500,1,0.879300,19.054156,2.732441,0.635549,18.570474,0
2023-12-08,sh.603296,75.6100000000,77.8000000000,75.6100000000,76.7500000000,75.7200000000,1712989,131783991.1000,2.881000,1,1.360300,19.313345,2.769609,0.644194,18.823083,0
2023-12-11,sh.603296,77.6500000000,81.5000000000,77.4800000000,80.8600000000,76.7500000000,4523067,361693635.0400,7.607200,1,5.355000,20.347584,2.917923,0.678691,19.831069,0
2023-12-12,sh.603296,80.3900000000,81.7800000000,79.2000000000,80.4500000000,80.8600000000,2455869,198030217.9000,4.130400,1,-0.507000,20.244412,2.903128,0.675250,19.730516,0
2023-12-13,sh.603296,80.6900000000,81.5000000000,79.8500000000,79.9500000000,80.4500000000,1563523,126016059.2100,2.629600,1,-0.621500,20.118592,2.885085,0.671053,19.607890,0
2023-12-14,sh.603296,80.0100000000,80.4900000000,78.2600000000,78.4000000000,79.9500000000,1233440,97502769.4000,2.074500,1,-1.938700,19.728550,2.829151,0.658044,19.227749,0
2023-12-15,sh.603296,78.8500000000,79.6600000000,76.9800000000,79.1200000000,78.4000000000,2031117,159917945.2500,3.416100,1,0.918400,19.909731,2.855133,0.664087,19.404331,0
2023-12-18,sh.603296,78.5000000000,80.7500000000,77.0900000000,77.4300000000,79.1200000000,1524217,119603198.0300,2.563500,1,-2.136000,19.484460,2.794148,0.649902,18.989855,0
2023-12-19,sh.603296,77.0100000000,78.7800000000,76.8000000000,77.8400000000,77.4300000000,1284359,99910204.6000,2.160100,1,0.529500,19.587632,2.808943,0.653343,19.090408,0
2023-12-20,sh.603296,77.4600000000,79.2700000000,77.0700000000,77.6400000000,77.8400000000,1325737,103754453.3800,2.229700,1,-0.256900,19.537304,2.801726,0.651665,19.041358,0
2023-12-21,sh.603296,77.3500000000,78.0000000000,75.7000000000,77.2000000000,77.6400000000,1386076,106480242.0400,2.331200,1,-0.566700,19.426583,2.785848,0.647971,18.933447,0
2023-12-22,sh.603296,77.1200000000,77.1200000000,73.8000000000,74.1000000000,77.2000000000,2033570,152615165.4700,3.420200,1,-4.015500,18.646500,2.673981,0.621952,18.173166,0
2023-12-25,sh.603296,74.0000000000,76.6400000000,73.8100000000,75.9800000000,74.1000000000,1718054,130141171.2000,2.889500,1,2.537100,19.119582,2.741823,0.637731,18.634240,0
2023-12-26,sh.603296,75.8000000000,76.1000000000,73.2100000000,73.2900000000,75.9800000000,1361290,100759570.4100,2.289500,1,-3.540400,18.442671,2.644751,0.615153,17.974512,0
2023-12-27,sh.603296,73.7000000000,77.1200000000,73.7000000000,77.0300000000,73.2900000000,2852115,216204673.0100,4.796900,1,5.103000,19.383804,2.779713,0.646545,18.891754,0
2023-12-28,sh.603296,76.7800000000,77.2900000000,75.5800000000,76.5000000000,77.0300000000,1516539,116115281.2500,2.550600,1,-0.688000,19.250435,2.760588,0.642096,18.761771,0
2023-12-29,sh.603296,76.4300000000,80.2000000000,76.3300000000,79.8900000000,76.5000000000,2595921,205072299.5800,4.366000,1,4.431400,20.103493,2.882920,0.670550,19.593174,0
2024-01-02,sh.603296,80.5000000000,80.5000000000,78.3600000000,78.5100000000,79.8900000000,1412221,111953560.3700,2.375200,1,-1.727400,19.756231,2.833121,0.658967,19.254727,0
2024-01-03,sh.603296,78.7400000000,78.8800000000,74.9000000000,75.4500000000,78.5100000000,2549273,194069391.8700,4.287500,1,-3.897600,18.986213,2.722697,0.633283,18.504256,0
2024-01-04,sh.603296,75.4900000000,76.6800000000,74.6000000000,74.9900000000,75.4500000000,1824172,137594961.4900,3.068000,1,-0.609700,18.870459,2.706098,0.629422,18.391440,0
2024-01-05,sh.603296,75.2200000000,76.6100000000,73.6800000000,74.3000000000,74.9900000000,1860484,139338144.7500,3.129100,1,-0.920100,18.696828,2.681198,0.623631,18.222216,0
2024-01-08,sh.603296,74.3000000000,75.4900000000,73.3500000000,74.3900000000,74.3000000000,1665733,123859074.6800,2.801500,1,0.121100,18.719475,2.684446,0.624386,18.244289,0
2024-01-09,sh.603296,75.1000000000,76.6600000000,73.9000000000,74.2300000000,74.3900000000,1996153,150078016.2200,3.357200,1,-0.215100,18.679213,2.678672,0.623043,18.205049,0
2024-01-10,sh.603296,74.0200000000,74.0200000000,70.1300000000,70.7300000000,74.2300000000,1815610,129593692.4300,3.053600,1,-4.715100,17.798474,2.552371,0.593666,17.346667,0
2024-01-11,sh.603296,71.8800000000,72.4000000000,70.6100000000,71.3100000000,70.7300000000,1926490,137248561.8000,3.240100,1,0.820000,17.944425,2.573301,0.598534,17.488913,0
2024-01-12,sh.603296,71.2000000000,71.3500000000,68.0000000000,68.4500000000,71.3100000000,2961259,205036268.6500,4.980400,1,-4.010700,17.224735,2.470095,0.574529,16.787493,0
2024-01-15,sh.603296,68.3700000000,69.8300000000,68.0100000000,69.3700000000,68.4500000000,1952027,135182256.4300,3.283000,1,1.344000,17.456244,2.503294,0.582251,17.013124,0
2024-01-16,sh.603296,69.6600000000,70.7000000000,68.8700000000,69.7500000000,69.3700000000,1586399,110753688.6900,2.668100,1,0.547800,17.551867,2.517007,0.585441,17.106320,0
2024-01-17,sh.603296,69.4000000000,69.6200000000,67.5100000000,67.5100000000,69.7500000000,1328173,90564102.4700,2.233800,1,-3.211500,16.988194,2.436174,0.566639,16.556956,0
2024-01-18,sh.603296,67.5100000000,68.1500000000,66.2000000000,68.1500000000,67.5100000000,1457419,98332538.1400,2.451200,1,0.948000,17.149244,2.459269,0.572011,16.713917,0
2024-01-19,sh.603296,68.1400000000,68.2800000000,67.0000000000,67.1800000000,68.1500000000,1051046,70958218.7900,1.767700,1,-1.423300,16.905153,2.424265,0.563869,16.476023,0
2024-01-22,sh.603296,67.2600000000,67.4400000000,64.1100000000,64.3000000000,67.1800000000,1637624,107572632.9100,2.754300,1,-4.287000,16.180431,2.320337,0.539696,15.769697,0
2024-01-23,sh.603296,64.2000000000,66.9300000000,63.7000000000,66.1800000000,64.3000000000,1966559,128930844.9300,3.307500,1,2.923800,16.653513,2.388179,0.555476,16.230771,0
2024-01-24,sh.603296,67.3000000000,67.6000000000,64.8000000000,67.2300000000,66.1800000000,1410022,93568651.3000,2.371500,1,1.586600,16.917735,2.426070,0.564289,16.488285,0
2024-01-25,sh.603296,66.2900000000,67.1000000000,64.2000000000,66.4000000000,67.2300000000,2799486,184290405.4800,4.708300,1,-1.234600,16.708874,2.396118,0.557323,16.284726,0
2024-01-26,sh.603296,66.0000000000,66.3000000000,62.6700000000,62.7800000000,66.4000000000,4134590,265235518.0900,6.953800,1,-5.451800,15.797939,2.265486,0.526938,15.396914,0
2024-01-29,sh.603296,63.4800000000,64.5400000000,62.0200000000,62.4700000000,62.7800000000,2045705,129354377.8300,3.440600,1,-0.493800,15.719930,2.254300,0.524336,15.320886,0
2024-01-30,sh.603296,62.0000000000,62.0000000000,59.3500000000,59.4400000000,62.4700000000,2058867,124605513.3300,3.462700,1,-4.850300,14.957462,2.144959,0.498904,14.577773,0
2024-01-31,sh.603296,59.6000000000,60.3700000000,57.5700000000,57.7700000000,59.4400000000,1728849,101177323.8400,2.907700,1,-2.809600,14.537224,2.084695,0.484887,14.168202,0
2024-02-01,sh.603296,57.5100000000,59.5000000000,56.7900000000,58.0100000000,57.7700000000,1662869,96579025.8900,2.796700,1,0.415400,14.597617,2.093356,0.486902,14.227063,0
2024-02-02,sh.603296,57.8800000000,58.6900000000,53.6000000000,55.1200000000,58.0100000000,2299623,128554029.9600,3.867600,1,-4.981900,13.870379,1.989067,0.462645,13.518285,0
2024-02-05,sh.603296,54.0100000000,54.9600000000,50.8500000000,53.0100000000,55.1200000000,2604037,138024972.6100,4.379600,1,-3.828000,13.339419,1.912925,0.444935,13.000803,0
2024-02-06,sh.603296,52.0000000000,55.8500000000,51.8900000000,55.1900000000,53.0100000000,2632561,142118214.1600,4.427600,1,4.112400,13.887993,1.991593,0.463232,13.535452,0
2024-02-07,sh.603296,55.0000000000,57.1200000000,54.0900000000,54.6200000000,55.1900000000,2714380,150535404.6700,4.559900,1,-1.032800,13.773963,1.975240,0.459429,13.424316,0
2024-02-08,sh.603296,53.7500000000,57.8800000000,52.5000000000,57.5200000000,54.6200000000,4164512,230030670.2200,6.774200,1,5.309400,14.505279,2.080114,0.483822,14.137068,0
2024-02-19,sh.603296,58.7100000000,60.6500000000,58.2100000000,60.6500000000,57.5200000000,4003964,238047010.0600,6.513000,1,5.441600,15.294596,2.193305,0.510150,14.906349,0
2024-02-20,sh.603296,60.0300000000,60.4900000000,59.0500000000,60.1500000000,60.6500000000,2569974,153792058.7700,4.180400,1,-0.824400,15.168507,2.175223,0.505944,14.783461,0
2024-02-21,sh.603296,59.3800000000,64.6400000000,58.8800000000,62.5300000000,60.1500000000,4027014,249849133.1100,6.550500,1,3.956800,15.768691,2.261292,0.525963,15.368409,0
2024-02-22,sh.603296,62.0200000000,64.0900000000,62.0200000000,63.0700000000,62.5300000000,2515705,158447803.0000,4.092200,1,0.863600,15.904867,2.280820,0.530505,15.501128,0
2024-02-23,sh.603296,63.6400000000,66.5500000000,63.0000000000,65.9700000000,63.0700000000,3741723,243159263.6200,6.086500,1,4.598100,16.636183,2.385694,0.554898,16.213880,0
2024-02-26,sh.603296,65.8200000000,67.3900000000,65.4800000000,66.6500000000,65.9700000000,3485397,232156452.4200,5.669500,1,1.030800,16.807664,2.410285,0.560618,16.381008,0
2024-02-27,sh.603296,66.2900000000,68.9600000000,66.0200000000,68.5500000000,66.6500000000,2885610,194722159.0400,4.693900,1,2.850700,17.286802,2.478995,0.576599,16.847984,0
2024-02-28,sh.603296,68.8000000000,71.3500000000,65.9900000000,66.0000000000,68.5500000000,4350660,298019295.0800,7.077000,1,-3.719900,16.643748,2.386779,0.555150,16.221254,0
2024-02-29,sh.603296,65.8800000000,68.3500000000,65.5000000000,68.2200000000,66.0000000000,2261437,152421405.2600,3.678600,1,3.363600,17.203583,2.467061,0.573824,16.766878,0
2024-03-01,sh.603296,69.5200000000,74.4200000000,69.5200000000,73.3000000000,68.2200000000,5560411,403530698.9900,9.044800,1,7.446500,18.484648,2.650771,0.616553,18.015423,0
2024-03-04,sh.603296,76.3200000000,79.5000000000,75.0000000000,78.6900000000,73.3000000000,7762634,601590937.5100,12.627000,1,7.353300,19.843887,2.845691,0.661891,19.340158,0
2024-03-05,sh.603296,77.2000000000,80.1200000000,76.4300000000,77.7700000000,78.6900000000,6508378,513111197.4300,10.586800,1,-1.169100,19.611883,2.812421,0.654152,19.114044,0
2024-03-06,sh.603296,77.0000000000,78.6000000000,75.5500000000,76.8300000000,77.7700000000,3976503,305747507.8400,6.468400,1,-1.208700,19.374836,2.778427,0.646245,18.883014,0
2024-03-07,sh.603296,76.7000000000,79.7000000000,76.0800000000,76.4500000000,76.8300000000,3366234,261250007.8800,5.475700,1,-0.494600,19.279008,2.764685,0.643049,18.789619,0
2024-03-08,sh.603296,76.4600000000,77.8700000000,75.7100000000,77.3900000000,76.4500000000,3652114,280743910.1100,5.940700,1,1.229600,19.516056,2.798679,0.650956,19.020649,0
2024-03-11,sh.603296,76.3300000000,76.3500000000,73.9000000000,75.9300000000,77.3900000000,4327410,325683120.6000,7.039200,1,-1.886500,19.147876,2.745880,0.638675,18.661815,0
2024-03-12,sh.603296,75.9900000000,78.2200000000,75.6900000000,76.3000000000,75.9300000000,3169703,243470591.5900,5.156000,1,0.487300,19.241182,2.759261,0.641787,18.752752,0
2024-03-13,sh.603296,76.4200000000,77.1600000000,75.2200000000,75.8100000000,76.3000000000,3063466,232838138.7100,4.983200,1,-0.642200,19.117615,2.741541,0.637666,18.632322,0
2024-03-14,sh.603296,75.0800000000,76.0800000000,73.3000000000,73.8000000000,75.8100000000,2866271,213407521.1400,4.662400,1,-2.651400,18.610737,2.668853,0.620759,18.138311,0
2024-03-15,sh.603296,73.7700000000,74.1300000000,72.0000000000,73.3000000000,73.8000000000,3311208,241442690.2600,5.386200,1,-0.677500,18.484648,2.650771,0.616553,18.015423,0
2024-03-18,sh.603296,73.0100000000,76.5200000000,73.0100000000,76.0100000000,73.3000000000,3720815,279871498.7400,6.052400,1,3.697100,19.168050,2.748774,0.639348,18.681477,0
2024-03-19,sh.603296,76.1600000000,78.0000000000,75.8000000000,76.1400000000,76.0100000000,3186975,245100078.7300,5.184100,1,0.171000,19.200833,2.753475,0.640442,18.713428,0
2024-03-20,sh.603296,75.5000000000,77.7400000000,75.4000000000,76.5000000000,76.1400000000,2513913,191617753.0300,4.089200,1,0.472800,19.291617,2.766494,0.643470,18.801908,0
2024-03-21,sh.603296,76.4500000000,77.1000000000,75.7800000000,75.8800000000,76.5000000000,1631922,124189983.9600,2.654600,1,-0.810500,19.135267,2.744072,0.638255,18.649526,0
2024-03-22,sh.603296,75.3000000000,76.3800000000,75.0000000000,75.2000000000,75.8800000000,1457047,110031087.9400,2.370100,1,-0.896200,18.963786,2.719481,0.632535,18.482398,0
2024-03-25,sh.603296,75.6500000000,77.0600000000,73.8000000000,74.6600000000,75.2000000000,2557143,192852591.7200,4.159600,1,-0.718100,18.827610,2.699953,0.627993,18.349679,0
2024-03-26,sh.603296,74.5600000000,76.9600000000,74.0500000000,75.3900000000,74.6600000000,3119050,235416672.7600,5.073600,1,0.977800,19.011700,2.726352,0.634133,18.529096,0
2024-03-27,sh.603296,75.0500000000,76.7600000000,72.0000000000,72.0000000000,75.3900000000,3040249,225651070.8100,4.945400,1,-4.496600,18.156816,2.603759,0.605619,17.695913,0
2024-03-28,sh.603296,71.9900000000,78.5500000000,71.8900000000,76.6600000000,72.0000000000,4550327,344711092.6000,7.401800,1,6.472200,19.331966,2.772280,0.644816,18.841232,0
2024-03-29,sh.603296,77.7700000000,82.8700000000,77.7700000000,82.7000000000,76.6600000000,8086593,659834068.5200,13.154000,1,7.878900,20.855121,2.990706,0.695620,20.325722,0
2024-04-01,sh.603296,81.9800000000,82.3000000000,75.1900000000,76.4000000000,82.7000000000,7413447,570434634.4900,12.059000,1,-7.617900,19.266400,2.762877,0.642629,18.777330,0
2024-04-02,sh.603296,75.9000000000,79.7000000000,75.1400000000,77.8600000000,76.4000000000,4943576,382978464.7400,8.041400,1,1.911000,19.634579,2.815676,0.654909,19.136164,0
2024-04-03,sh.603296,77.1800000000,78.0000000000,74.3000000000,76.7300000000,77.8600000000,3583228,273229417.8500,5.828600,1,-1.451300,19.349618,2.774811,0.645404,18.858436,0
2024-04-08,sh.603296,76.8000000000,77.7400000000,74.7700000000,75.2300000000,76.7300000000,2394741,181262518.7700,3.895400,1,-1.954900,18.971351,2.720566,0.632787,18.489771,0
2024-04-09,sh.603296,75.0100000000,75.6300000000,73.2000000000,73.8600000000,75.2300000000,2839284,209980517.9800,4.618500,1,-1.821100,18.625867,2.671022,0.621264,18.153057,0
2024-04-10,sh.603296,73.7000000000,73.7000000000,71.0000000000,71.6700000000,73.8600000000,2013619,145229536.2300,3.275400,1,-2.965100,18.073598,2.591825,0.602843,17.614807,0
2024-04-11,sh.603296,71.3000000000,73.8800000000,70.9000000000,73.1800000000,71.6700000000,2827780,204844815.2200,4.599800,1,2.106900,18.454386,2.646431,0.615544,17.985929,0
2024-04-12,sh.603296,72.5600000000,76.8800000000,72.4600000000,75.0000000000,73.1800000000,3864435,290969589.5500,6.286100,1,2.487000,18.913350,2.712249,0.630853,18.433243,0
2024-04-15,sh.603296,74.9800000000,75.7800000000,73.1000000000,74.0700000000,75.0000000000,1873183,139497703.5900,3.047000,1,-1.240000,18.678825,2.678617,0.623030,18.204671,0
2024-04-16,sh.603296,73.8000000000,73.8900000000,69.5000000000,69.6200000000,74.0700000000,2409829,171515946.8700,3.919900,1,-6.007800,17.556633,2.517690,0.585599,17.110965,0
2024-04-17,sh.603296,70.8300000000,72.8500000000,70.8300000000,72.0000000000,69.6200000000,1776425,127909955.7200,2.889600,1,3.418600,18.156816,2.603759,0.605619,17.695913,0
2024-04-18,sh.603296,72.0000000000,72.6600000000,70.3800000000,70.9400000000,72.0000000000,2126452,152196341.9800,3.459000,1,-1.472200,17.889508,2.565426,0.596702,17.435390,0
2024-04-19,sh.603296,70.9000000000,70.9000000000,67.2500000000,67.9900000000,70.9400000000,3369239,229941768.9900,5.480600,1,-4.158400,17.145583,2.458744,0.571889,16.710349,0
2024-04-22,sh.603296,67.9900000000,68.9900000000,65.9500000000,68.1000000000,67.9900000000,1679162,113633060.4600,2.731400,1,0.161800,17.173322,2.462722,0.572814,16.737384,0
2024-04-23,sh.603296,68.6600000000,68.6600000000,66.2400000000,66.7600000000,68.1000000000,1430670,95978308.2300,2.327200,1,-1.967700,16.835404,2.414263,0.561543,16.408044,0
2024-04-24,sh.603296,66.9000000000,69.7100000000,66.7300000000,69.2600000000,66.7600000000,2021538,138403501.4300,3.288300,1,3.744800,17.465849,2.504671,0.582571,17.022485,0
2024-04-25,sh.603296,70.7700000000,70.7700000000,67.3800000000,67.7000000000,69.2600000000,2476582,168955245.3200,4.028500,1,-2.252400,18.050551,2.304264,0.579806,11.940243,0
2024-04-26,sh.603296,67.9600000000,72.5300000000,67.9600000000,71.7800000000,67.7000000000,4037701,287634094.1700,6.567900,1,6.026600,19.138383,2.443133,0.614749,12.659832,0
2024-04-29,sh.603296,72.5800000000,73.4800000000,71.8100000000,72.7500000000,71.7800000000,2107584,152990012.3600,3.428300,1,1.351400,19.397010,2.476148,0.623056,12.830911,0
2024-04-30,sh.603296,72.4600000000,73.2400000000,71.8700000000,72.5700000000,72.7500000000,1530219,111058664.9700,2.489100,1,-0.247400,19.349017,2.470022,0.621514,12.799164,0
2024-05-06,sh.603296,73.4300000000,74.5500000000,73.1900000000,73.6600000000,72.5700000000,1919157,141559973.6600,3.121800,1,1.502000,19.639639,2.507121,0.630850,12.991407,0
2024-05-07,sh.603296,73.8800000000,74.2500000000,73.1000000000,73.6900000000,73.6600000000,1600561,117958081.0600,2.603500,1,0.040700,19.647638,2.508143,0.631107,12.996698,0
2024-05-08,sh.603296,73.8300000000,74.8900000000,72.9500000000,73.0000000000,73.6900000000,2095236,154774529.4200,3.408200,1,-0.936400,19.463666,2.484657,0.625197,12.875003,0
2024-05-09,sh.603296,72.8000000000,73.8900000000,72.8000000000,73.6800000000,73.0000000000,1270928,93524116.3500,2.067300,1,0.931500,19.644972,2.507802,0.631021,12.994935,0
2024-05-10,sh.603296,73.3300000000,73.6400000000,71.0000000000,71.8100000000,73.6800000000,1828539,131733227.8300,2.974400,1,-2.538000,19.146382,2.444154,0.615006,12.665123,0
2024-05-13,sh.603296,71.0600000000,71.2700000000,69.7000000000,69.8900000000,71.8100000000,1819644,128027168.0600,2.959900,1,-2.673700,18.634461,2.378804,0.598562,12.326493,0
2024-05-14,sh.603296,69.8900000000,71.7400000000,69.8900000000,71.3300000000,69.8900000000,1293825,92113208.7500,2.104600,1,2.060400,19.018402,2.427817,0.610895,12.580465,0
2024-05-15,sh.603296,70.8000000000,71.9900000000,70.7000000000,70.8900000000,71.3300000000,857863,61165092.4300,1.395400,1,-0.616900,18.901086,2.412841,0.607126,12.502863,0
2024-05-16,sh.603296,71.3500000000,72.0500000000,70.4900000000,71.2100000000,70.8900000000,973909,69521880.1400,1.584200,1,0.451400,18.986407,2.423732,0.609867,12.559301,0
2024-05-17,sh.603296,70.7200000000,71.3800000000,70.5300000000,71.2400000000,71.2100000000,627133,44485935.6500,1.020100,1,0.042100,18.994405,2.424753,0.610124,12.564592,0
2024-05-20,sh.603296,71.3100000000,72.8500000000,70.9900000000,72.5000000000,71.2400000000,1695328,122473716.0000,2.757700,1,1.768700,19.330354,2.467639,0.620915,12.786818,0
2024-05-21,sh.603296,72.3500000000,76.3200000000,72.3500000000,75.2100000000,72.5000000000,3659490,275215739.5400,5.952700,1,3.737900,20.052909,2.559878,0.644124,13.264781,0
2024-05-22,sh.603296,74.7900000000,77.1800000000,74.7500000000,76.8800000000,75.2100000000,3272156,249187519.5500,5.322600,1,2.220400,20.498174,2.616719,0.658427,13.559318,0
2024-05-23,sh.603296,76.9100000000,79.6900000000,76.9000000000,78.2800000000,76.8800000000,3922860,307214059.6100,6.381100,1,1.821000,20.871449,2.664370,0.670417,13.806236,0
2024-05-24,sh.603296,77.5000000000,79.0800000000,74.8200000000,75.0000000000,78.2800000000,2776758,212452638.1600,4.516800,1,-4.190100,19.996918,2.552730,0.642326,13.227743,0
2024-05-27,sh.603296,74.8000000000,77.2500000000,74.2000000000,77.2400000000,75.0000000000,2325391,175931695.8600,3.782600,1,2.986700,20.594159,2.628972,0.661510,13.622811,0
2024-05-28,sh.603296,77.2500000000,77.6000000000,75.9000000000,76.1300000000,77.2400000000,1451961,111194787.6700,2.361800,1,-1.437100,20.298204,2.591191,0.652004,13.427041,0
2024-05-29,sh.603296,76.0600000000,81.1000000000,75.4500000000,80.0000000000,76.1300000000,3942264,309838012.0400,6.412700,1,5.083400,21.330045,2.722912,0.685148,14.109592,0
2024-05-30,sh.603296,79.5000000000,83.5000000000,78.2900000000,82.1900000000,80.0000000000,4705517,384052501.1500,7.654200,1,2.737500,21.913955,2.797452,0.703903,14.495842,0
2024-05-31,sh.603296,83.7400000000,87.0000000000,81.3800000000,85.6000000000,82.1900000000,5919594,503397710.1200,9.629100,1,4.148900,22.823149,2.913516,0.733108,15.097264,0
2024-06-03,sh.603296,85.7000000000,86.6000000000,83.5000000000,84.1900000000,85.6000000000,4204981,355959764.1900,6.840000,1,-1.647200,22.447207,2.865525,0.721032,14.848582,0
2024-06-04,sh.603296,84.1200000000,84.9800000000,80.8800000000,82.0500000000,84.1900000000,3779597,309836434.4000,6.148100,1,-2.541900,21.876628,2.792687,0.702704,14.471151,0
2024-06-05,sh.603296,81.9700000000,82.9700000000,81.6000000000,82.2200000000,82.0500000000,2109354,173550036.2500,3.431200,1,0.207200,21.921954,2.798473,0.704160,14.501134,0
2024-06-06,sh.603296,82.4000000000,85.8700000000,82.4000000000,84.1300000000,82.2200000000,3988508,335800767.6500,6.487900,1,2.323000,22.431209,2.863483,0.720518,14.838000,0
2024-06-07,sh.603296,84.1300000000,84.3800000000,80.9000000000,82.0000000000,84.1300000000,2790309,229275669.6400,4.538800,1,-2.531800,21.863297,2.790985,0.702276,14.462332,0
2024-06-11,sh.603296,82.2697592200,83.5760791800,80.1540888500,83.3488931000,81.9999757500,3221124,185416548.0900,3.770800,1,1.645000,21.897415,2.795341,0.703372,14.484901,0
2024-06-12,sh.603296,83.5476809200,86.5578964800,83.1501052800,83.7464687400,83.3488931000,4913626,293612464.2300,5.752100,1,0.477000,22.001866,2.808674,0.706727,14.553995,0
2024-06-13,sh.603296,83.7606678700,87.9920086100,83.0365122400,84.4422261100,83.7464687400,5336954,321774895.5200,6.247600,1,0.830800,22.184656,2.832009,0.712599,14.674908,0
2024-06-14,sh.603296,84.4280269800,85.8621391100,81.5740018500,81.5740018500,84.4422261100,7359199,431208372.0400,8.615000,1,-3.396700,21.431116,2.735815,0.688394,14.176449,0
2024-06-17,sh.603296,81.7869888000,84.5842174100,81.7869888000,83.0081139800,81.5740018500,4866918,285641852.2600,5.697400,1,1.758100,21.807886,2.783912,0.700496,14.425679,0
2024-06-18,sh.603296,82.6105383400,84.7120095800,82.4259496500,84.6694121900,83.0081139800,3962031,233605373.8400,4.638100,1,2.001400,22.244342,2.839628,0.714516,14.714390,0
2024-06-19,sh.603296,84.3428322000,85.0101913100,82.4685470400,83.4908844000,84.6694121900,3025959,177543603.5400,3.542300,1,-1.391900,21.934719,2.800103,0.704570,14.509578,0
2024-06-20,sh.603296,83.2069018000,84.0162522100,81.1338288200,81.2048244700,83.4908844000,2555258,148355278.9900,2.991300,1,-2.738100,21.334126,2.723433,0.685279,14.112291,0
2024-06-21,sh.603296,80.7504523100,81.6307983700,79.1033532300,81.0344349100,81.2048244700,3101432,174921975.6700,3.630700,1,-0.209800,21.289361,2.717719,0.683841,14.082680,0
2024-06-24,sh.603296,80.2392836300,81.5172053300,77.9674228300,77.9674228300,81.0344349100,2690586,150714608.3400,3.149700,1,-3.784800,20.483596,2.614858,0.657959,13.549675,0
2024-06-25,sh.603296,78.3366002100,78.4643923800,75.1133977000,75.5393716000,77.9674228300,2565841,138052418.8800,3.003700,1,-3.114200,19.845698,2.533426,0.637468,13.127713,0
2024-06-26,sh.603296,75.5109733400,77.9106263100,74.4318394600,77.5272498000,75.5393716000,3281354,176027330.6000,3.841300,1,2.631600,20.367954,2.600095,0.654244,13.473179,0
2024-06-27,sh.603296,76.7888950400,80.6084610100,76.6185054800,77.8396306600,77.5272498000,4123405,229226408.8800,4.827000,1,0.402900,20.450022,2.610572,0.656880,13.527467,0
2024-06-28,sh.603296,77.2858645900,79.7139158200,76.9450854700,78.4217949900,77.8396306600,2643861,146597564.6300,3.095000,1,0.747900,20.602968,2.630096,0.661793,13.628639,0
2024-07-01,sh.603296,77.9106263100,78.0810158700,75.3973803000,77.7118384900,78.4217949900,2520470,136279504.9500,2.950600,1,-0.905300,20.416449,2.606286,0.655802,13.505258,0
2024-07-02,sh.603296,78.4927906400,78.5211889000,76.3487220100,76.9592846000,77.7118384900,1854714,100604856.2000,2.171200,1,-0.968400,20.218738,2.581047,0.649451,13.374475,0
2024-07-03,sh.603296,76.8598906900,78.4501932500,76.2209298400,77.3284619800,76.9592846000,2255318,122816863.7700,2.640200,1,0.479700,20.315728,2.593428,0.652566,13.438633,0
2024-07-04,sh.603296,77.1722715500,78.6205828100,76.1783324500,76.6895011300,77.3284619800,1745720,95169136.1600,2.043600,1,-0.826300,20.147860,2.571999,0.647174,13.327590,0
2024-07-05,sh.603296,75.9795446300,76.6327046100,74.7016229300,75.8659515900,76.6895011300,1677888,89219844.7800,1.964200,1,-1.073900,19.931497,2.544379,0.640224,13.184468,0
2024-07-08,sh.603296,75.5677698600,76.2777263600,74.0200646900,74.4460385900,75.8659515900,1959725,103275440.1700,2.294100,1,-1.871600,19.558458,2.496758,0.628242,12.937707,0
2024-07-09,sh.603296,74.4460385900,79.6997166900,74.3750429400,79.6145219100,74.4460385900,3486788,190396315.3800,4.081800,1,6.942600,20.916322,2.670098,0.671858,13.835919,0
2024-07-10,sh.603296,79.1033532300,80.5090671000,78.8761671500,79.4299332200,79.6145219100,1857858,103990773.5900,2.174900,1,-0.231900,20.867826,2.663907,0.670301,13.803840,0
2024-07-11,sh.603296,80.2250845000,83.6044774400,79.5151280000,82.6247374700,79.4299332200,3934116,227379879.7000,4.605400,1,4.022200,21.707165,2.771054,0.697261,14.359053,0
2024-07-12,sh.603296,82.6247374700,83.4056896200,80.8072488300,82.9797157200,82.6247374700,2457016,142223869.4200,2.876300,1,0.429600,21.800425,2.782959,0.700257,14.420743,0
2024-07-15,sh.603296,82.3549540000,82.4117505200,78.6915784600,78.8903662800,82.9797157200,3024837,169923688.1700,3.541000,1,-4.928100,20.726071,2.645811,0.665747,13.710070,0
2024-07-16,sh.603296,78.6773793300,80.1966862400,78.1804097800,79.8701062500,78.8903662800,2688084,150215741.1400,3.146800,1,1.241900,20.983469,2.678670,0.674015,13.880336,0
2024-07-17,sh.603296,79.5151280000,79.7991106000,77.4136567600,77.4846524100,79.8701062500,1908774,105095940.7000,2.234500,1,-2.986700,20.356762,2.598667,0.653884,13.465776,0
2024-07-18,sh.603296,76.6753020000,76.9024880800,73.6224890500,76.1073368000,77.4846524100,2788720,147225906.9600,3.264600,1,-1.777500,19.994914,2.552474,0.642261,13.226418,0
2024-07-19,sh.603296,76.0931376700,77.1722715500,75.1133977000,76.5333107000,76.1073368000,1756458,94516577.5900,2.056200,1,0.559700,20.106826,2.566761,0.645856,13.300446,0
2024-07-22,sh.603296,76.6753020000,77.7828341400,75.8233542000,76.7178993900,76.5333107000,1694013,91668104.8400,1.983100,1,0.241200,20.155321,2.572951,0.647414,13.332525,0
2024-07-23,sh.603296,76.4765141800,76.6753020000,74.2046533800,74.2898481600,76.7178993900,1767359,93563513.4400,2.068900,1,-3.164900,19.517424,2.491520,0.626924,12.910563,0
2024-07-24,sh.603296,74.9572072700,75.3405837800,73.7786794800,73.8496751300,74.2898481600,1379503,72197640.4100,1.614900,1,-0.592500,19.401781,2.476757,0.623209,12.834067,0
2024-07-25,sh.603296,72.9693290700,73.3385064500,69.9733126400,70.4560830600,73.8496751300,2713835,135960662.5700,3.176900,1,-4.595300,18.510217,2.362944,0.594571,12.244307,0
2024-07-26,sh.603296,70.4560830600,71.5636152000,69.9733126400,71.1376413000,70.4560830600,1457625,72639231.4400,1.706400,1,0.967400,18.689276,2.385802,0.600323,12.362752,0
2024-07-29,sh.603296,70.9956500000,71.6346108500,70.2998926300,70.7116674000,71.1376413000,1117937,55716171.9900,1.308700,1,-0.598800,18.577364,2.371515,0.596728,12.288724,0
2024-07-30,sh.603296,70.2998926300,70.4844813200,68.9225770200,69.1781613600,70.7116674000,1209382,59050192.9600,1.415800,1,-2.168700,18.174482,2.320085,0.583787,12.022221,0
2024-07-31,sh.603296,69.2207587500,71.6062125900,68.2410187800,71.3080308600,69.1781613600,1693236,83798736.7600,1.982200,1,3.078800,18.734041,2.391516,0.601761,12.392364,0
2024-08-01,sh.603296,71.7908012800,72.1599786600,70.5412778400,70.6548708800,71.3080308600,1252320,62790869.2000,1.466000,1,-0.916000,18.562443,2.369611,0.596249,12.278853,0
2024-08-02,sh.603296,70.0159100300,70.2714943700,69.0361700600,69.1781613600,70.6548708800,1238649,60635739.5200,1.450000,1,-2.090000,18.174482,2.320085,0.583787,12.022221,0
2024-08-05,sh.603296,68.2410187800,69.4195465700,67.7014518400,67.9854344400,69.1781613600,1516790,72975963.2000,1.777600,1,-1.724100,17.861129,2.280084,0.573722,11.814942,0
2024-08-06,sh.603296,69.0077718000,69.6325335200,67.6588544500,69.5615378700,67.9854344400,1543711,74500034.2200,1.809200,1,2.318300,18.275202,2.332943,0.587022,12.088847,0
2024-08-07,sh.603296,69.3627500500,71.3080308600,69.1071657100,70.4276848000,69.5615378700,1726561,85780021.2300,2.023500,1,1.245200,18.502756,2.361991,0.594332,12.239372,0
2024-08-08,sh.603296,70.1437022000,70.1437022000,65.8555649400,67.5736596700,70.4276848000,5133862,242688421.0500,2.107900,1,-4.052400,17.752947,2.266274,0.570247,11.743381,0
2024-08-09,sh.603296,68.1132266100,68.7805857200,66.9772962100,67.3890709800,67.5736596700,3272110,156131737.3400,1.343500,1,-0.273200,17.704452,2.260083,0.568689,11.711302,0
2024-08-12,sh.603296,67.3890709800,68.0422309600,66.4519284000,66.8069066500,67.3890709800,1540789,72880760.7600,0.632600,1,-0.863900,17.551506,2.240558,0.563776,11.610130,0
2024-08-13,sh.603296,66.7927075200,67.8860405300,66.1395475400,66.6933136100,66.8069066500,1900310,89225302.1000,0.780200,1,-0.170000,17.521663,2.236749,0.562818,11.590389,0
2024-08-14,sh.603296,66.5939197000,66.7217118700,65.3159980000,65.9549588500,66.6933136100,2111660,98306412.6000,0.867000,1,-1.107100,17.327682,2.211986,0.556587,11.462073,0
2024-08-15,sh.603296,65.8413658100,66.1395475400,63.1151328500,63.8250893500,65.9549588500,4682540,213069471.0000,1.922500,1,-3.229300,16.768123,2.140555,0.538613,11.091930,0
2024-08-16,sh.603296,63.6830980500,65.0320154000,62.7885528600,63.3849163200,63.8250893500,3836546,171825244.3500,1.575200,1,-0.689700,16.652481,2.125792,0.534898,11.015434,0
2024-08-19,sh.603296,63.3281198000,64.3078597700,62.8453493800,63.7682928300,63.3849163200,2532686,113399726.4900,1.039900,1,0.604800,16.753201,2.138650,0.538134,11.082060,0
2024-08-20,sh.603296,63.7540937000,63.7540937000,62.3909772200,62.6891589500,63.7682928300,2049903,90690806.5500,0.841600,1,-1.692300,16.469691,2.102458,0.529027,10.894521,0
2024-08-21,sh.603296,62.2347867900,63.3707171900,62.0501981000,63.2429250200,62.6891589500,2286120,101110975.0000,0.938600,1,0.883400,16.621909,2.121890,0.533916,10.995212,0
2024-08-22,sh.603296,63.1009337200,63.2003276300,62.0785963600,62.6465615600,63.2429250200,1615832,71367589.7200,0.663400,1,-0.943000,16.465169,2.101881,0.528882,10.891530,0
2024-08-23,sh.603296,62.2063885300,63.4275137100,61.9082068000,63.0867345900,62.6465615600,2063060,90954332.3700,0.847000,1,0.702600,16.580858,2.116649,0.532598,10.968057,0
2024-08-26,sh.603296,62.5329685200,64.7480328000,62.4761720000,63.6405006600,63.0867345900,3434291,153786249.5300,1.410000,1,0.877800,16.726403,2.135229,0.537273,11.064333,0
2024-08-27,sh.603296,63.4843102300,65.4295910400,62.9731415500,63.7114963100,63.6405006600,4410510,199957492.6000,1.810900,1,0.111600,16.782076,2.162148,0.536032,13.138481,0
2024-08-28,sh.603296,63.6121024000,65.0036171400,63.3281198000,63.4417128400,63.7114963100,3641990,164776978.0600,1.495300,1,-0.423400,16.711013,2.152992,0.533763,13.082847,0
2024-08-29,sh.603296,63.1151328500,63.8108902200,62.3483798300,63.4275137100,63.4417128400,3374526,150117029.9400,1.385500,1,-0.022400,16.707273,2.152510,0.533643,13.079918,0
2024-08-30,sh.603296,63.3565180600,66.1963440600,63.2713232800,65.8839632000,63.4275137100,6175948,284295906.7200,2.535700,1,3.872800,17.354320,2.235874,0.554310,13.586484,0
2024-09-02,sh.603296,65.8839632000,66.8637031700,64.3362580300,64.3788554200,65.8839632000,3681541,169734662.1000,1.511600,1,-2.284500,16.957864,2.184796,0.541647,13.276103,0
2024-09-03,sh.603296,63.9102841300,65.3301971300,63.8960850000,64.3646562900,64.3788554200,2670109,121413379.4000,1.096300,1,-0.022100,16.954124,2.184314,0.541528,13.273175,0
2024-09-04,sh.603296,63.5979032700,64.2936606400,61.3118433400,62.5045702600,64.3646562900,4003356,175461871.2400,1.643700,1,-2.889900,16.464163,2.121189,0.525878,12.889591,0
2024-09-05,sh.603296,62.4193754800,63.3707171900,62.0501981000,62.6039641700,62.5045702600,2497890,110275531.1800,1.025600,1,0.159000,16.490344,2.124562,0.526714,12.910087,0
2024-09-06,sh.603296,62.7033580800,62.8737476400,61.2976442100,61.3970381200,62.6039641700,2064440,89838749.4100,0.847600,1,-1.927900,16.172431,2.083603,0.516560,12.661197,0
2024-09-09,sh.603296,60.8290729200,62.6891589500,60.8290729200,61.8088128900,61.3970381200,2397688,104816375.7100,0.984400,1,0.670700,16.280896,2.097577,0.520024,12.746113,0
2024-09-10,sh.603296,61.5390294200,65.6851753800,61.2834450800,65.2875997400,61.8088128900,5641455,254834148.1200,2.316300,1,5.628300,17.197234,2.215635,0.549293,13.463502,0
2024-09-11,sh.603296,65.2875997400,65.9833571100,63.7256954400,65.5147858200,65.2875997400,4503049,206897059.6800,1.848900,1,0.348000,17.257076,2.223345,0.551204,13.510352,0
2024-09-12,sh.603296,65.5715823400,66.8353049100,65.2024049600,65.3017988700,65.5147858200,3801220,176732858.8000,1.560700,1,-0.325100,17.200974,2.216117,0.549412,13.466431,0
2024-09-13,sh.603296,64.9468206200,67.2328805500,64.9042232300,66.4235301400,65.3017988700,4114524,192425225.4100,1.689300,1,1.717800,17.496446,2.254185,0.558850,13.697752,0
2024-09-18,sh.603296,66.3809327500,66.3809327500,63.1151328500,65.4579893000,66.4235301400,3773912,171970133.3200,1.549500,1,-1.453600,17.242115,2.221418,0.550726,13.498640,0
2024-09-19,sh.603296,65.6567771200,65.6567771200,64.3078597700,64.7338336700,65.4579893000,2552037,116769521.6300,1.047800,1,-1.106300,17.051368,2.196842,0.544634,13.349306,0
2024-09-20,sh.603296,64.7622319300,65.9549588500,63.6405006600,64.6202406300,64.7338336700,2572812,117121238.3200,1.056300,1,-0.175500,17.021446,2.192987,0.543678,13.325881,0
2024-09-23,sh.603296,65.1456084400,66.3809327500,63.9244832600,64.8332275800,64.6202406300,4204614,192808115.7200,1.726300,1,0.329600,17.077549,2.200215,0.545470,13.369803,0
2024-09-24,sh.603296,64.8474267100,65.5999806000,61.9934015800,65.5857814700,64.8332275800,6174340,279047187.2400,2.535000,1,1.160800,17.275777,2.225755,0.551802,13.524993,0
2024-09-25,sh.603296,66.3099371000,68.2694170400,65.8839632000,67.4174692400,65.5857814700,6893533,326396217.1400,2.830300,1,2.792800,17.758257,2.287916,0.567212,13.902721,0
2024-09-26,sh.603296,68.0138327000,68.8657805000,66.1821449300,68.7095900700,67.4174692400,5626006,267536361.5900,2.309900,1,1.916600,18.098611,2.331766,0.578084,14.169180,0
2024-09-27,sh.603296,69.1497631000,72.1883769200,69.1355639700,71.9469917100,68.7095900700,3873880,193942599.1500,1.590500,1,4.711700,18.951366,2.441632,0.605321,14.836791,0
2024-09-30,sh.603296,74.3040472900,79.1459506200,74.2472507700,79.1459506200,71.9469917100,7901250,430206614.9800,3.244100,1,10.005900,20.847625,2.685940,0.665889,16.321349,0
2024-10-08,sh.603296,87.0548660300,87.0548660300,79.7707123400,85.4787626000,79.1459506200,11509069,684721730.1100,4.725400,1,8.001400,22.515734,2.900854,0.719170,17.627291,0
2024-10-09,sh.603296,84.7688061000,84.7688061000,76.9308863400,76.9308863400,85.4787626000,13126165,727984220.2400,5.389300,1,-10.000000,20.264161,2.610768,0.647253,15.864562,0
2024-10-10,sh.603296,76.9308863400,80.6936557900,75.0424020500,77.4988515400,76.9308863400,11904306,654071108.7100,4.887600,1,0.738300,20.413767,2.630043,0.652031,15.981687,0
2024-10-11,sh.603296,76.8882889500,78.8051715000,75.0849994400,77.8112324000,77.4988515400,9298114,507008676.3800,3.817600,1,0.403100,20.496051,2.640644,0.654660,16.046106,0
2024-10-14,sh.603296,77.7828341400,81.4604088100,76.5333107000,80.9634392600,77.8112324000,10502731,586105802.4000,4.312200,1,4.051100,21.326365,2.747619,0.681181,16.696148,0
2024-10-15,sh.603296,80.1398897200,81.2900192500,77.0302802500,77.0302802500,80.9634392600,7079833,395871842.7400,2.906800,1,-4.857900,20.290342,2.614141,0.648089,15.885059,0
2024-10-16,sh.603296,75.2695881300,80.3954740600,75.2553890000,79.8701062500,77.0302802500,8686919,480223818.3900,3.566700,1,3.686600,21.038373,2.710515,0.671982,16.470683,0
2024-10-17,sh.603296,79.7707123400,80.6936557900,78.5069897700,79.5151280000,79.8701062500,4502829,251988286.6300,1.848800,1,-0.444400,20.944869,2.698468,0.668995,16.397480,0
2024-10-18,sh.603296,78.8051715000,83.0933087600,78.2372063000,81.6449975000,79.5151280000,9229919,527559258.0200,3.789600,1,2.678600,21.505892,2.770749,0.686915,16.836698,0
2024-10-21,sh.603296,81.1480279500,85.3367713000,81.1196296900,85.1947800000,81.6449975000,11051717,648323208.1900,4.537600,1,4.347800,22.440931,2.891216,0.716781,17.568729,0
2024-10-22,sh.603296,84.3428322000,84.3428322000,82.1845644400,82.5679409500,85.1947800000,6258483,365474409.4800,2.569600,1,-3.083300,21.749003,2.802070,0.694680,17.027026,0
2024-10-23,sh.603296,82.2129627000,83.7890661300,81.0060366500,83.7464687400,82.5679409500,5636846,326203113.5300,2.314400,1,1.427300,22.059435,2.842065,0.704595,17.270060,0
2024-10-24,sh.603296,82.7525296400,84.1866417700,81.9999757500,83.6328757000,83.7464687400,3689158,215573490.8400,1.514700,1,-0.135600,22.029514,2.838211,0.703640,17.246635,0
2024-10-25,sh.603296,83.9168583000,83.9168583000,82.3833522600,83.1501052800,83.6328757000,4150608,243053072.4100,1.704100,1,-0.577200,21.902349,2.821827,0.699578,17.147079,0
2024-10-28,sh.603296,83.1501052800,83.2494991900,81.3752140300,82.2839583500,83.1501052800,3636811,210703170.9800,1.493200,1,-1.041700,21.674199,2.792433,0.692291,16.968464,0
2024-10-29,sh.603296,82.3549540000,82.6105383400,79.5293271300,82.2129627000,82.2839583500,10478057,599624587.8600,4.302100,1,-0.086300,21.214544,2.721003,0.609765,52.303379,0
2024-10-30,sh.603296,81.3042183800,81.3610149000,78.2372063000,80.2250845000,82.2129627000,8545107,480673757.8300,3.508400,1,-2.418000,20.701584,2.655210,0.595021,51.038703,0
2024-10-31,sh.603296,79.4441323500,80.3102792800,78.3791976000,79.5861236500,80.2250845000,5686371,317792492.4900,2.334700,1,-0.796500,20.536704,2.634062,0.590282,50.632200,0
2024-11-01,sh.603296,79.4299332200,80.0120975500,77.9532237000,77.9674228300,79.5861236500,4027220,224251428.5900,1.653500,1,-2.033900,20.119009,2.580488,0.578276,49.602393,0
2024-11-04,sh.603296,78.7199767200,80.7646514400,77.9958210900,80.0830932000,77.9674228300,3732550,209958673.6800,1.532500,1,2.713500,20.664944,2.650510,0.593968,50.948369,0
2024-11-05,sh.603296,80.4238723200,81.1054305600,79.5151280000,80.8640453500,80.0830932000,7076044,402235519.0800,2.905300,1,0.975200,20.866464,2.676358,0.599760,51.445206,0
2024-11-06,sh.603296,81.2900192500,81.2900192500,78.7909723700,79.1743488800,80.8640453500,5746854,323952626.6000,2.359500,1,-2.089600,20.430448,2.620434,0.587228,50.370232,0
2024-11-07,sh.603296,79.3447384400,82.4543479100,79.3447384400,82.3407548700,79.1743488800,12379169,707745547.7300,5.082600,1,3.999300,21.247520,2.725232,0.610713,52.384680,0
2024-11-08,sh.603296,84.3996287200,88.8297572800,84.0304513400,84.9533947900,82.3407548700,22843729,1384511890.9000,9.379100,1,3.173000,21.921695,2.811703,0.630090,54.046825,0
2024-11-11,sh.603296,85.9047365000,88.0062077400,84.7404078400,86.2597147500,84.9533947900,17875483,1082584268.5500,7.339300,1,1.537700,22.258783,2.854938,0.639779,54.877898,0
2024-11-12,sh.603296,86.8134808200,92.0955571800,86.2313164900,89.8520946400,86.2597147500,23244656,1459501954.3300,9.543700,1,4.164600,23.185774,2.973835,0.666423,57.163348,0
2024-11-13,sh.603296,88.9717485800,93.0894962800,88.7445625000,91.8257737100,89.8520946400,18542734,1189324261.8400,7.613200,1,2.196600,23.695070,3.039158,0.681062,58.418990,0
2024-11-14,sh.603296,91.8257737100,93.2172884500,87.9210129600,88.0346060000,91.8257737100,12375521,787352969.4500,5.081100,1,-4.128700,22.716783,2.913682,0.652943,56.007073,0
2024-11-15,sh.603296,87.8926147000,93.9272449500,86.4443034400,90.6472459200,88.0346060000,16779327,1064275043.8400,6.889200,1,2.967700,23.390958,3.000152,0.672321,57.669218,0
2024-11-18,sh.603296,89.7385016000,90.5194537500,84.0588496000,85.1663817400,90.6472459200,12034470,733715850.8600,4.941100,1,-6.046400,21.976655,2.818752,0.631670,54.182326,0
2024-11-19,sh.603296,84.7404078400,86.8134808200,82.6389366000,85.4503643400,85.1663817400,9364911,559078347.7400,3.845000,1,0.333400,22.049935,2.828151,0.633776,54.362994,0
2024-11-20,sh.603296,84.7972043600,86.0041304100,84.4280269800,85.1521826100,85.4503643400,6000201,359513980.2200,2.463600,1,-0.349000,21.972991,2.818282,0.631565,54.173293,0
2024-11-21,sh.603296,84.9107974000,85.3793686900,83.0507113700,83.6754730900,85.1521826100,6500069,385149356.3100,2.668800,1,-1.734200,21.591935,2.769407,0.620612,53.233819,0
2024-11-22,sh.603296,84.7688061000,91.4423972000,84.1298452500,87.7648225300,83.6754730900,18004674,1133457462.1500,7.392300,1,4.887200,22.647167,2.904753,0.650942,55.835438,0
2024-11-25,sh.603296,87.1542599400,89.0285451000,83.0649105000,86.1745199700,87.7648225300,15081592,912773445.0600,6.192200,1,-1.812000,22.236799,2.852118,0.639147,54.823697,0
2024-11-26,sh.603296,85.8905373700,85.8905373700,83.2920965800,84.3854295900,86.1745199700,7095838,421970102.1200,2.913400,1,-2.076100,21.775135,2.792905,0.625878,53.685489,0
2024-11-27,sh.603296,84.0446504700,87.6370303600,81.9999757500,87.5660347100,84.3854295900,9469525,567801628.1600,3.888000,1,3.769100,22.595871,2.898173,0.649468,55.708970,0
2024-11-28,sh.603296,87.5802338400,89.4119216100,86.7708834300,88.1765973000,87.5660347100,7997620,497672562.3300,3.283600,1,0.697300,22.753423,2.918381,0.653997,56.097407,0
2024-11-29,sh.603296,88.1056016500,90.0508824600,87.0832642900,88.8155581500,88.1765973000,6728922,420060122.3900,2.762700,1,0.724600,22.918302,2.939529,0.658736,56.503910,0
2024-12-02,sh.603296,89.3977224800,94.7081971000,89.3125277000,93.5722667000,88.8155581500,12955598,852310269.5500,5.319300,1,5.355700,24.145742,3.096962,0.694016,59.530098,0
2024-12-03,sh.603296,92.7203189000,93.7142580000,89.7527007300,89.9798868100,93.5722667000,7538936,483794599.4000,3.095300,1,-3.839200,23.218750,2.978065,0.667371,57.244648,0
2024-12-04,sh.603296,90.1644755000,90.7182415700,88.4179825100,89.2131337900,89.9798868100,4519177,285313949.3700,1.855500,1,-0.852100,23.020894,2.952687,0.661684,56.756845,0
2024-12-05,sh.603296,88.8865538000,90.8744320000,88.5883720700,89.7385016000,89.2131337900,5291089,335126793.9800,2.172400,1,0.588900,23.156462,2.970076,0.665581,57.091080,0
2024-12-06,sh.603296,89.4545190000,91.9961632700,89.3125277000,90.7324407000,89.7385016000,6219819,398461663.9200,2.553700,1,1.107600,23.412942,3.002972,0.672953,57.723418,0
2024-12-09,sh.603296,90.4910554900,91.4139989400,89.6107094300,90.6614450500,90.7324407000,4219328,269322620.3200,1.732400,1,-0.078200,23.394622,3.000622,0.672426,57.678251,0
2024-12-10,sh.603296,92.9333058500,94.0550371200,89.8804929000,89.8946920300,90.6614450500,7619641,491147108.4100,3.128500,1,-0.845700,23.196766,2.975245,0.666739,57.190448,0
2024-12-11,sh.603296,89.4545190000,90.0650815900,86.5152990900,87.8784155700,89.8946920300,8322778,514926815.5200,3.417200,1,-2.242900,22.676479,2.908512,0.651785,55.907705,0
2024-12-12,sh.603296,88.0346060000,89.1705364000,86.7992816900,88.2475929500,87.8784155700,6778984,420069124.9600,2.783300,1,0.420100,22.771743,2.920731,0.654523,56.142574,0
2024-12-13,sh.603296,87.3246495000,91.5843885000,87.2536538500,88.6451685900,88.2475929500,14846011,928744808.6900,6.095400,1,0.450500,22.874334,2.933889,0.657472,56.395509,0
2024-12-16,sh.603296,88.6451685900,90.1360772400,87.3246495000,87.9920086100,88.6451685900,7138102,444714738.1300,2.930700,1,-0.736800,22.705791,2.912272,0.652627,55.979972,0
2024-12-17,sh.603296,87.9210129600,89.9940859400,85.6065547700,85.9189356300,87.9920086100,5763837,355052500.6800,2.366500,1,-2.356000,22.170847,2.843659,0.637252,54.661096,0
2024-12-18,sh.603296,86.4727017000,88.0062077400,85.2089791300,87.4808399300,85.9189356300,5575146,341466759.5500,2.289000,1,1.817900,22.573887,2.895354,0.648836,55.654770,0
2024-12-19,sh.603296,86.4727017000,90.3348650600,86.3449095300,89.4403198700,87.4808399300,7518128,470616771.2000,3.086800,1,2.239900,23.079518,2.960207,0.663369,56.901379,0
2024-12-20,sh.603296,90.4058607100,93.7142580000,90.3206659300,92.1239554400,89.4403198700,13347021,870064360.6700,5.480000,1,3.000500,23.772014,3.049027,0.683274,58.608691,0
2024-12-23,sh.603296,93.7142580000,97.2640405000,89.9230902900,90.0224842000,92.1239554400,9515353,622445923.7000,3.906800,1,-2.281100,23.229742,2.979474,0.667687,57.271748,0
2024-12-24,sh.603296,91.6411850200,92.6351241200,89.5965103000,90.9738259100,90.0224842000,6627218,425110731.7600,2.721000,1,1.056800,23.475230,3.010961,0.674743,57.876986,0
2024-12-25,sh.603296,90.8744320000,100.0754682400,90.3774624500,97.9881961300,90.9738259100,25626611,1771916951.1900,10.521700,1,7.710300,25.285245,3.243116,0.726768,62.339485,0
2024-12-26,sh.603296,95.1483701300,107.7855958300,95.1483701300,107.7855958300,97.9881961300,26603224,1921425317.3100,10.922700,1,9.998600,27.813403,3.567380,0.799434,68.572530,0
2024-12-27,sh.603296,107.7713967000,108.8363314500,102.2053377400,103.5258568300,107.7855958300,20603352,1517863529.7000,8.459300,1,-3.952000,26.714204,3.426396,0.767840,65.862511,0
2024-12-30,sh.603296,103.6820472600,110.7532140000,103.6820472600,109.1203140500,103.5258568300,20677579,1567895324.0500,8.489800,1,5.403900,28.157818,3.611555,0.809334,69.421670,0
2024-12-31,sh.603296,107.4874141000,108.4529549400,98.8259448000,100.7428273500,109.1203140500,24092073,1732918793.5800,9.891700,1,-7.677300,25.996060,3.334286,0.747199,64.091965,0
2025-01-02,sh.603296,100.1038665000,104.3636055000,97.9739970000,99.8198839000,100.7428273500,16965856,1207755885.0600,6.965800,1,-0.916100,25.757900,3.303739,0.740354,63.504794,0
2025-01-03,sh.603296,100.6434334400,101.5237795000,93.7142580000,95.6737379400,99.8198839000,12587437,858672145.8600,5.168100,1,-4.153600,24.688013,3.166514,0.709602,60.867041,0
2025-01-06,sh.603296,95.4607509900,99.1383256600,94.9637814400,98.3147761200,95.6737379400,12427648,853409104.7700,5.102500,1,2.760500,25.369517,3.253924,0.729190,62.547253,0
2025-01-07,sh.603296,97.5622222300,102.6455107700,97.5622222300,102.2195368700,98.3147761200,12942485,916759028.0500,5.313900,1,3.971700,26.377116,3.383160,0.758152,65.031438,0
2025-01-08,sh.603296,101.3249916800,103.2418742300,97.6616161400,100.4588447500,102.2195368700,10277063,727523665.4400,4.219500,1,-1.722500,25.922780,3.324887,0.745093,63.911297,0
2025-01-09,sh.603296,99.9192778100,102.5177186000,99.4649056500,99.9334769400,100.4588447500,7379260,524009756.1800,3.029800,1,-0.523000,25.787212,3.307499,0.741196,63.577061,0
2025-01-10,sh.603296,98.1159883000,100.9842125600,97.5196248400,97.7894083100,99.9334769400,6087157,424309918.4100,2.499300,1,-2.145500,25.233949,3.236536,0.725294,62.213018,0
2025-01-13,sh.603296,96.6534779100,98.6839535000,94.5662058000,95.4465518600,97.7894083100,6356851,430895260.2100,2.610000,1,-2.395800,24.629389,3.158995,0.707917,60.722507,0
2025-01-14,sh.603296,95.5175475100,101.5237795000,93.2598858400,101.5237795000,95.4465518600,10501408,722131331.8700,4.311600,1,6.367200,26.197580,3.360133,0.752991,64.588801,0
2025-01-15,sh.603296,103.6394498700,103.6394498700,96.9232613800,98.3147761200,101.5237795000,11968035,835989801.8500,4.913800,1,-3.160800,25.369517,3.253924,0.729190,62.547253,0
2025-01-16,sh.603296,98.5419622000,103.4122637900,98.5419622000,101.3107925500,98.3147761200,18470039,1318455839.4300,7.583400,1,3.047400,26.142620,3.353084,0.751411,64.453300,0
2025-01-17,sh.603296,100.6434334400,105.7835185000,100.3736499700,101.6515716700,101.3107925500,8986372,649024944.9000,3.689600,1,0.336400,26.230556,3.364362,0.753939,64.670102,0
2025-01-20,sh.603296,102.2337360000,104.0796229000,99.6352952100,102.1059438300,101.6515716700,11701973,836756287.6700,4.804600,1,0.447000,26.347804,3.379401,0.757309,64.959171,0
2025-01-21,sh.603296,102.1059438300,110.4266340100,101.9497534000,107.2744271500,102.1059438300,16422646,1233704899.7200,6.742800,1,5.061900,27.681499,3.550462,0.795643,68.247328,0
2025-01-22,sh.603296,106.7916567300,114.2745982400,106.7916567300,113.0960704500,107.2744271500,16316384,1277156063.3700,6.699100,1,5.426900,29.183738,3.743141,0.838822,71.951021,0
2025-01-23,sh.603296,114.7289704000,114.8851608300,110.1142531500,111.0939931200,113.0960704500,9050304,714999967.9100,3.715900,1,-1.770200,28.667114,3.676878,0.823972,70.677312,0
2025-01-24,sh.603296,111.8891444000,113.0960704500,109.7734740300,111.7613522300,111.0939931200,7653265,599749863.8500,3.142300,1,0.600700,28.839322,3.698966,0.828922,71.101882,0
2025-01-27,sh.603296,112.7836895900,112.8830835000,105.7409211100,105.7977176300,111.7613522300,7713548,585311410.0000,3.167000,1,-5.336000,27.300443,3.501587,0.784690,67.307854,0
2025-02-05,sh.603296,109.3333010000,112.8830835000,108.8363314500,110.7532140000,105.7977176300,14033990,1098352427.4400,5.762000,1,4.683900,28.579178,3.665600,0.821445,70.460511,0
2025-02-06,sh.603296,110.2278461900,116.1914807900,109.2055088300,111.7471531000,110.7532140000,13973269,1106663868.5600,5.737100,1,0.897400,28.835658,3.698496,0.828817,71.092849,0
2025-02-07,sh.603296,111.8749452700,115.2969356000,109.8728679400,112.7126939400,111.7471531000,12350257,978238849.4100,5.070700,1,0.864000,29.084810,3.730452,0.835978,71.707120,0
2025-02-10,sh.603296,110.5686253100,112.1731270000,107.7997949600,110.3414392300,112.7126939400,10722010,828149999.8700,4.402200,1,-2.103800,28.472922,3.651971,0.818391,70.198542,0
2025-02-11,sh.603296,110.3272401000,116.8304416400,110.3130409700,115.6235155900,110.3414392300,10965438,887785201.0400,1.913500,1,4.787000,29.835929,3.826792,0.857567,73.558966,0
2025-02-12,sh.603296,117.3132120600,127.1816074100,117.3132120600,127.1816074100,115.6235155900,15577263,1343613718.7300,2.718200,1,9.996300,32.818423,4.209330,0.943293,80.912153,0
2025-02-13,sh.603296,126.3722570000,126.5568456900,120.8203971700,123.5040327400,127.1816074100,10255793,887184094.6300,1.789600,1,-2.891600,31.869448,4.087613,0.916016,78.572503,0
2025-02-14,sh.603296,122.1267171300,124.0010022900,120.6926050000,123.7738162100,123.5040327400,9871465,851895290.0200,1.722600,1,0.218400,31.939064,4.096542,0.918017,78.744137,0
2025-02-17,sh.603296,136.1270593100,136.1554575700,125.0943353000,131.0721690300,123.7738162100,20954347,1956292405.2400,3.656500,1,5.896500,33.822358,4.338096,0.972148,83.387304,0
2025-02-18,sh.603296,127.4513908800,129.0842908300,123.3194440500,125.9036857100,131.0721690300,12821430,1137855203.9000,2.237300,1,-3.943200,32.488663,4.167035,0.933814,80.099147,0
2025-02-19,sh.603296,124.4979718400,128.4169317200,124.4411753200,127.7069752200,125.9036857100,9924526,883850822.7200,1.731800,1,1.432300,32.953991,4.226718,0.947189,81.246389,0
2025-02-20,sh.603296,127.7779708700,132.9038568000,127.0822135000,130.2628186200,127.7069752200,12747122,1173764000.8600,2.224400,1,2.001300,33.613510,4.311309,0.966146,82.872401,0
2025-02-21,sh.603296,134.8917350000,143.2834208300,134.8917350000,143.2834208300,130.2628186200,16262346,1613545657.8900,2.837800,1,9.995600,36.973396,4.742252,1.062718,91.156027,0
2025-02-24,sh.603296,146.9609955000,150.4823797400,141.4233348000,142.1190921700,143.2834208300,19307567,1984172046.8800,3.369200,1,-0.812600,36.672948,4.703716,1.054082,90.415289,0
2025-02-25,sh.603296,139.1230757400,141.2671443700,134.4089645800,135.9850680100,142.1190921700,16562790,1604234121.6000,2.890200,1,-4.316100,35.090101,4.500698,1.008587,86.512860,0
2025-02-26,sh.603296,135.9850680100,137.0216045000,132.1939003000,134.2953715400,135.9850680100,12224565,1155842259.0900,2.133200,1,-1.242600,34.654085,4.444774,0.996055,85.437886,0
2025-02-27,sh.603296,134.4941593600,134.7355445700,127.6501787000,130.0356325400,134.2953715400,14399564,1317796119.5900,2.512700,1,-3.171900,33.554886,4.303790,0.964461,82.727866,0
2025-02-28,sh.603296,128.7435117100,128.7435117100,122.5810892900,125.3215213800,130.0356325400,16047181,1413088043.9900,2.800200,1,-3.625200,32.338439,4.147767,0.929496,79.728778,0
2025-03-03,sh.603296,124.2423875000,124.2991840200,116.8730390300,118.7473241900,125.3215213800,19257421,1619132675.9700,3.360400,1,-5.245900,30.642009,3.930181,0.880736,75.546314,0
2025-03-04,sh.603296,115.7229095000,116.8588399000,111.6477591900,116.7168486000,118.7473241900,22236722,1790329669.8900,3.880300,1,-1.709900,30.118057,3.862978,0.865677,74.254538,0
2025-03-05,sh.603296,116.7168486000,119.5424754700,116.1204851400,118.7899215800,116.7168486000,12146966,1010169026.6300,2.119600,1,1.776200,30.653001,3.931590,0.881052,75.573414,0
2025-03-06,sh.603296,121.3315658500,124.4695735800,120.3092284900,120.7636006500,118.7899215800,18506212,1598142417.5600,3.229300,1,1.661500,31.162296,3.996913,0.895691,76.829057,0
2025-03-07,sh.603296,120.6926050000,122.3965006000,118.7899215800,120.3234276200,120.7636006500,11697786,993313451.3100,2.041300,1,-0.364500,31.048712,3.982345,0.892426,76.549021,0
2025-03-10,sh.603296,121.1753754200,121.1753754200,117.5687964000,119.7554624200,120.3234276200,8064446,675927500.7200,1.407200,1,-0.472000,30.902152,3.963547,0.888214,76.187686,0
2025-03-11,sh.603296,116.7310477300,122.8224745000,116.5748573000,121.7859380100,119.7554624200,9457641,802549453.9000,1.650400,1,1.695500,31.426104,4.030750,0.903273,77.479462,0
2025-03-12,sh.603296,122.9218684100,122.9644658000,117.2848138000,118.4207442000,121.7859380100,13550785,1139076447.4000,2.364600,1,-2.763200,30.557737,3.919372,0.878314,75.338546,0
2025-03-13,sh.603296,118.2787529000,118.2787529000,112.5991009000,112.9682782800,118.4207442000,13917807,1120149110.5300,2.428700,1,-4.604300,29.150762,3.738912,0.837874,71.869721,0
2025-03-14,sh.603296,111.8891444000,116.9014372900,111.8891444000,116.2624764400,112.9682782800,9914419,805221949.8600,1.730100,1,2.916000,30.000809,3.847940,0.862306,73.965469,0
2025-03-17,sh.603296,117.7817833500,119.2726920000,115.3111347300,118.5059389800,116.2624764400,9098033,757593901.8700,1.587600,1,1.929700,30.579721,3.922191,0.878946,75.392746,0
2025-03-18,sh.603296,118.4917398500,118.4917398500,114.8709617000,117.3842077100,118.5059389800,9595322,788191918.8200,1.674400,1,-0.946600,30.290265,3.885066,0.870626,74.679108,0
2025-03-19,sh.603296,116.2766755700,117.3984068400,114.8425634400,115.9926929700,117.3842077100,5898888,482121952.6000,1.029400,1,-1.185400,29.931193,3.839011,0.860306,73.793835,0
2025-03-20,sh.603296,114.3029965000,115.6803121100,113.1670661000,114.1184078100,115.9926929700,6548751,527186494.7600,1.142800,1,-1.615900,29.447545,3.776977,0.846404,72.601426,0
2025-03-21,sh.603296,113.5930400000,114.2036025900,111.4631705000,112.1021313500,114.1184078100,6343404,502755514.9200,1.106900,1,-1.766800,28.927258,3.710245,0.831450,71.318684,0
2025-03-24,sh.603296,112.4429104700,113.8628234700,110.4408331400,112.0879322200,112.1021313500,6188937,487640514.8700,1.080000,1,-0.012700,28.923594,3.709775,0.831344,71.309650,0
2025-03-25,sh.603296,112.1731270000,112.9256808900,108.0411801700,108.4671540700,112.0879322200,7550352,583356554.4500,1.317500,1,-3.230300,27.989275,3.589938,0.804489,69.006133,0
2025-03-26,sh.603296,108.3393619000,113.2948582700,108.1547732100,112.5991009000,108.4671540700,9708155,764717319.4000,1.701800,1,3.809400,29.055498,3.726693,0.835136,71.634853,0
2025-03-27,sh.603296,112.1589278700,114.0900095500,111.6477591900,112.4997069900,112.5991009000,5547566,440941244.2600,0.972400,1,-0.088300,29.029850,3.723403,0.834398,71.571619,0
2025-03-28,sh.603296,112.3293174300,114.6721738800,111.0939931200,111.2359844200,112.4997069900,4220478,333824774.0700,0.739800,1,-1.123300,28.703754,3.681578,0.825026,70.767646,0
2025-03-31,sh.603296,110.7532140000,114.8425634400,110.7532140000,113.7066330400,111.2359844200,7546160,600354694.0000,1.322800,1,2.221100,29.341290,3.763349,0.843350,72.339458,0
2025-04-01,sh.603296,114.3455938900,114.6579747500,110.2136470600,110.3698374900,113.7066330400,6091756,478642219.9800,1.067800,1,-2.934600,28.480250,3.652911,0.818601,70.216609,0
2025-04-02,sh.603296,110.1568505400,111.2075861600,109.3333010000,109.9438635900,110.3698374900,3414311,264799774.4400,0.598500,1,-0.386000,28.370330,3.638812,0.815442,69.945607,0
2025-04-03,sh.603296,106.8768515100,108.5665479800,100.7996238700,102.0633464400,109.9438635900,14982749,1094696226.3400,2.626400,1,-7.167800,26.336812,3.377991,0.756993,64.932071,0
2025-04-07,sh.603296,92.1239554400,93.6858597400,91.8541719700,91.8541719700,102.0633464400,5440680,352881362.8500,0.953700,1,-10.002800,23.702398,3.040098,0.681273,58.437057,0
2025-04-08,sh.603296,91.7263798000,91.7263798000,82.6673348600,83.3488931000,91.8541719700,23234184,1387372993.8900,4.072800,1,-9.259500,21.507664,2.758599,0.618190,53.026051,0
2025-04-09,sh.603296,82.1845644400,85.5071608600,78.8051715000,83.2920965800,83.3488931000,23320088,1357714855.1900,4.087800,1,-0.068100,21.493008,2.756719,0.617769,52.989917,0
2025-04-10,sh.603296,91.6269858900,91.6269858900,90.8744320000,91.6269858900,83.2920965800,10685359,689063203.1000,1.873100,1,10.006800,23.643774,3.032579,0.679588,58.292522,0
2025-04-11,sh.603296,92.2943450000,97.8036074400,89.7810989900,96.6960753000,91.6269858900,23464681,1561225041.8400,4.113200,1,5.532300,24.951821,3.200350,0.717185,61.517446,0
2025-04-14,sh.603296,99.5359013000,100.5156412700,96.1849066200,98.4425682900,96.6960753000,16565787,1148589408.8100,2.903800,1,1.806200,25.402493,3.258154,0.730138,62.628554,0
2025-04-15,sh.603296,97.1220492000,98.8827413200,93.9698423400,96.4688892200,98.4425682900,13030874,876620295.7000,2.284200,1,-2.004900,24.893197,3.192831,0.715500,61.372911,0
2025-04-16,sh.603296,88.0346060000,90.5904494000,86.8276799500,87.3246495000,96.4688892200,24288368,1493850096.1300,4.257600,1,-9.479000,22.533583,2.890184,0.647678,55.555403,0
2025-04-17,sh.603296,86.4443034400,88.3185886000,86.0467278000,86.2029182300,87.3246495000,16270306,996468804.8000,2.852100,1,-1.284600,22.244127,2.853058,0.639358,54.841764,0
2025-04-18,sh.603296,86.3307104000,89.0143459700,85.5497582500,88.1198007800,86.2029182300,10845349,669593164.8300,1.901100,1,2.223700,22.738767,2.916501,0.653575,56.061273,0
2025-04-21,sh.603296,87.6086321000,89.3977224800,87.1826582000,88.9433503200,88.1198007800,8800867,548172717.8900,1.542700,1,0.934600,22.951278,2.943758,0.659683,56.585210,0
2025-04-22,sh.603296,88.6593677200,89.4119216100,87.2820521100,87.3388486300,88.9433503200,7693117,476947812.9200,1.348500,1,-1.804000,22.537247,2.890654,0.647783,55.564436,0
2025-04-23,sh.603296,89.3125277000,92.3653406500,89.3125277000,91.3997998100,87.3388486300,14622847,938335974.3800,2.563300,1,4.649700,23.585150,3.025059,0.677903,58.147988,0
2025-04-24,sh.603296,93.1462928000,94.3816171100,90.8744320000,91.1300163400,91.3997998100,13411777,875051589.8600,2.351000,1,-0.295200,20.615505,2.786727,0.506813,65.906644,0
2025-04-25,sh.603296,92.8339119400,96.0287161900,92.8339119400,94.2112275500,91.1300163400,13859516,923065163.7100,2.429500,1,3.381100,21.312540,2.880949,0.523949,68.135023,0
2025-04-28,sh.603296,94.4242145000,94.8359892700,91.3430032900,91.4707954600,94.2112275500,9105510,592252988.2900,1.596100,1,-2.908800,20.692597,2.797148,0.508708,66.153100,0
2025-04-29,sh.603296,91.9819641400,92.9049075900,90.4342589700,91.7831763200,91.4707954600,6482600,419455797.7500,1.136300,1,0.341500,20.763264,2.806700,0.510446,66.379019,0
2025-04-30,sh.603296,92.4647345600,94.6514005800,91.2720076400,93.7142580000,91.7831763200,9760742,642252543.2000,1.711000,1,2.104000,21.200115,2.865752,0.521185,67.775607,0
2025-05-06,sh.603296,96.5540840000,101.4527838500,95.2193657800,101.1546021200,93.7142580000,18329312,1279910397.7200,3.213000,1,7.939400,22.883275,3.093275,0.562564,73.156580,0
2025-05-07,sh.603296,103.9376316000,104.3636055000,98.6839535000,99.8482821600,101.1546021200,15927325,1131486657.9400,2.791900,1,-1.291400,22.587759,3.053328,0.555299,72.211829,0
2025-05-08,sh.603296,100.7144290900,103.8382376900,100.3878491000,102.2195368700,99.8482821600,15236420,1098158912.3500,2.670800,1,2.374900,23.124186,3.125841,0.568487,73.926757,0
2025-05-09,sh.603296,103.4832594400,106.1810941400,100.5014421400,103.4548611800,102.2195368700,18107982,1320047629.7700,3.174200,1,1.208500,23.403642,3.163616,0.575357,74.820163,0
2025-05-12,sh.603296,107.2034315000,110.7106166100,104.7895794000,107.0188428100,103.4548611800,21574469,1626828445.3400,3.775500,1,3.445000,24.209889,3.272602,0.595178,77.397690,0
2025-05-13,sh.603296,108.1973706000,108.3393619000,103.6678481300,103.9234324700,107.0188428100,15639504,1155793632.4400,2.736900,1,-2.892400,23.509642,3.177945,0.577963,75.159041,0
2025-05-14,sh.603296,104.2784107200,106.5644706500,104.0654237700,104.9173715700,103.9234324700,11445072,845077025.2000,2.002900,1,0.956400,23.734492,3.208340,0.583491,75.877873,0
2025-05-15,sh.603296,104.9031724400,104.9031724400,99.9334769400,100.0044725900,104.9173715700,13093193,933638367.8200,2.291300,1,-4.682600,22.623092,3.058105,0.556168,72.324788,0
2025-05-16,sh.603296,99.2945160900,107.0472410700,99.2661178300,105.0167654800,100.0044725900,22799060,1670151541.5100,3.989800,1,5.012100,23.756977,3.211379,0.584043,75.949756,0
2025-05-19,sh.603296,104.7895794000,104.7895794000,99.1809230500,101.4527838500,105.0167654800,15773080,1119827037.4400,2.760300,1,-3.393700,22.950730,3.102394,0.564222,73.372230,0
2025-05-20,sh.603296,101.9923507900,102.0349481800,99.3513126100,100.4588447500,101.4527838500,10660705,753198353.4800,1.865600,1,-0.979700,22.725881,3.071999,0.558695,72.653397,0
2025-05-21,sh.603296,100.9558143000,100.9984116900,98.8259448000,99.1241265300,100.4588447500,9064695,634218829.0900,1.586300,1,-1.328600,22.423940,3.031184,0.551272,71.688108,0
2025-05-22,sh.603296,98.3147761200,99.1951221800,97.2640405000,97.5480231000,99.1241265300,9876638,681302311.4200,1.728400,1,-1.590000,22.067392,2.982987,0.542506,70.548246,0
2025-05-23,sh.603296,97.1930448500,99.3655117400,96.6534779100,96.8380666000,97.5480231000,8935850,616957861.4000,1.563800,1,-0.727800,21.906785,2.961277,0.538558,70.034794,0
2025-05-26,sh.603296,96.5540840000,97.7894083100,95.9435214100,97.1788457200,96.8380666000,6296409,429020064.4700,1.101900,1,0.351900,21.983877,2.971698,0.540453,70.281251,0
2025-05-27,sh.603296,97.1930448500,97.1930448500,94.2538249400,94.7791927500,97.1788457200,7507492,502786255.1500,1.313800,1,-2.469300,21.441025,2.898317,0.527108,68.545785,0
2025-05-28,sh.603296,95.1341710000,95.6027422900,93.9272449500,94.2680240700,94.7791927500,4725259,314429804.0900,0.826900,1,-0.539300,21.325388,2.882686,0.524265,68.176100,0
2025-05-29,sh.603296,94.5236084100,97.3350361500,94.4526127600,96.8096683400,94.2680240700,8216019,556802475.0900,1.437800,1,2.696200,21.900361,2.960409,0.538400,70.014256,0
2025-05-30,sh.603296,95.8441275000,95.8725257600,92.2943450000,94.1544310300,96.8096683400,8085080,536163207.0000,1.414900,1,-2.742700,21.299691,2.879212,0.523633,68.093947,0
2025-06-03,sh.603296,93.5580675700,95.3755562100,93.5438684400,94.7933918800,94.1544310300,4936996,329404268.2500,0.864000,1,0.678600,21.444237,2.898751,0.527187,68.556054,0
2025-06-04,sh.603296,94.8075910100,96.6676770400,94.8075910100,96.1281101000,94.7933918800,6116186,413812984.2400,1.070300,1,1.408000,21.746178,2.939567,0.534610,69.521343,0
2025-06-05,sh.603296,97.2072439800,101.6657708000,96.6392787800,100.9416151700,96.1281101000,16670737,1173137979.1700,2.917400,1,5.007400,22.835093,3.086762,0.561380,73.002544,0
2025-06-06,sh.603296,101.7901336000,103.5158776000,100.9560240000,101.7757524000,100.9416428000,11231543,799232215.9900,1.965500,1,0.826300,22.732305,3.072868,0.558853,72.673935,0
2025-06-09,sh.603296,102.4085252000,104.2637000000,101.8045148000,103.7172144000,101.7757524000,8365367,600559130.2700,1.463900,1,1.907600,23.165944,3.131485,0.569513,74.060255,0
2025-06-10,sh.603296,103.7315956000,104.5225616000,100.0643896000,101.0135488000,103.7172144000,9335126,660452586.2000,1.633600,1,-2.606800,22.562061,3.049855,0.554667,72.129677,0
2025-06-11,sh.603296,100.9704052000,103.5158776000,100.4958256000,100.5821128000,101.0135488000,6356242,449800974.7200,1.112300,1,-0.427100,22.465697,3.036829,0.552298,71.821606,0
2025-06-12,sh.603296,100.5245880000,103.1275852000,99.5322852000,102.0921388000,100.5821128000,7231185,511851142.5600,1.265500,1,1.501300,22.802972,3.082420,0.560590,72.899854,0
2025-06-13,sh.603296,100.6684000000,102.0346140000,98.4393140000,98.7700816000,102.0921388000,7870021,545655603.0900,1.377200,1,-3.254000,22.060968,2.982119,0.542349,70.527708,0
2025-06-16,sh.603296,98.5975072000,101.0854548000,98.4249328000,99.6473348000,98.7700816000,5398428,375317145.9000,0.944700,1,0.888200,22.256908,3.008605,0.547166,71.154119,0
2025-06-17,sh.603296,99.8630528000,100.3663948000,97.8640660000,98.1516900000,99.6473348000,6860735,472123131.3200,1.200600,1,-1.500900,21.922846,2.963448,0.538953,70.086139,0
2025-06-18,sh.603296,98.1516900000,101.6031780000,97.5045360000,100.4814444000,98.1516900000,8124371,563069257.4200,1.421800,1,2.373600,22.443212,3.033789,0.551746,71.749723,0
2025-06-19,sh.603296,100.0931520000,100.8841180000,98.5256012000,99.0433244000,100.4814444000,4886765,338801428.2300,0.855200,1,-1.431200,22.121998,2.990369,0.543849,70.722819,0
2025-06-20,sh.603296,99.0864680000,99.6904784000,97.3607240000,98.1660712000,99.0433244000,4944907,337422862.2100,0.865400,1,-0.885700,21.926058,2.963882,0.539032,70.096408,0
2025-06-23,sh.603296,96.8430008000,99.3453296000,96.4978520000,98.4393140000,98.1660712000,4476760,305933749.0000,0.783400,1,0.278300,21.987089,2.972132,0.540532,70.291520,0
2025-06-24,sh.603296,98.8276064000,102.2503320000,98.7557004000,101.9627080000,98.4393140000,9043492,637144357.7500,1.582600,1,3.579300,22.771013,3.078100,0.559804,72.797683,0
2025-06-25,sh.603296,103.2857784000,107.4707076000,103.2857784000,107.1399400000,101.9627080000,15505645,1143322317.8500,2.713500,1,5.077600,23.927228,3.234393,0.588229,76.494039,0
2025-06-26,sh.603296,107.8302376000,110.6058092000,107.2837520000,107.6289008000,107.1399400000,11783995,890351450.5000,2.062200,1,0.456400,24.036426,3.249154,0.590913,76.843140,0
2025-06-27,sh.603296,108.3191984000,109.1533080000,105.1265720000,108.2472924000,107.6289008000,11044682,828817733.4100,1.932800,1,0.574600,24.174529,3.267822,0.594308,77.284649,0
2025-06-30,sh.603296,108.2041488000,117.2067800000,108.1897676000,116.0275216000,108.2472924000,16624256,1325419905.4300,2.909200,1,7.187500,25.912064,3.502696,0.637024,82.839451,0
2025-07-01,sh.603296,115.0352188000,116.7034380000,113.1656628000,114.2298716000,116.0275216000,9143521,728873338.4500,1.600100,1,-1.549300,25.510600,3.448427,0.627155,81.555994,0
2025-07-02,sh.603296,114.0572972000,114.0572972000,111.4686812000,111.8569736000,114.2298716000,7447194,582118645.5200,1.303300,1,-2.077300,24.980668,3.376793,0.614127,79.861831,0
2025-07-03,sh.603296,112.6623208000,123.0455472000,111.8713548000,121.4204716000,111.8569736000,23699088,1967710661.0500,4.147300,1,8.549800,27.116454,3.665501,0.666633,86.689822,0
2025-07-04,sh.603296,121.3629468000,121.4204716000,118.7168060000,119.2057668000,121.4204716000,10116982,843036803.5600,1.770500,1,-1.824000,26.621851,3.598642,0.654474,85.108603,0
2025-07-07,sh.603296,118.6017564000,119.7378712000,116.5308636000,119.6084404000,119.2057668000,7964728,655360392.9100,1.393800,1,0.337800,26.711779,3.610798,0.656684,85.396097,0
2025-07-08,sh.603296,119.7522524000,127.1298080000,118.6736624000,124.3829988000,119.6084404000,15573891,1341994727.7900,2.725400,1,3.991800,27.778066,3.754935,0.682898,88.804959,0
2025-07-09,sh.603296,123.1462156000,124.1097560000,120.0830200000,120.7157928000,124.3829988000,9652968,816934506.4100,1.689300,1,-2.948300,26.959081,3.644227,0.662764,86.186707,0
2025-07-10,sh.603296,121.8662888000,122.2114376000,117.9258400000,120.6295056000,120.7157928000,8812786,731514398.2400,1.542200,1,-0.071500,26.939810,3.641622,0.662290,86.125101,0
2025-07-11,sh.603296,119.6228216000,120.0542576000,114.7619760000,115.4378924000,120.6295056000,15977975,1290397261.1200,2.796100,1,-4.303800,25.780384,3.484895,0.633787,82.418477,0
2025-07-14,sh.603296,118.2134640000,122.6428736000,118.2134640000,121.0753228000,115.4378924000,13979018,1175327602.9800,2.446300,1,4.883500,27.039373,3.655081,0.664738,86.443398,0
2025-07-15,sh.603296,123.5057456000,132.4508520000,123.0311660000,130.9983508000,121.0753228000,22993739,2065220365.2900,4.023900,1,8.195700,29.255452,3.954642,0.719218,93.528081,0
2025-07-16,sh.603296,130.9839696000,131.3147372000,127.8201056000,128.2371604000,130.9983508000,12045346,1080214642.2000,2.107900,1,-2.107800,28.638804,3.871286,0.704059,91.556691,0
2025-07-17,sh.603296,127.4174320000,130.7251080000,126.7271344000,130.2936720000,128.2371604000,10545753,947028217.5300,1.845500,1,1.603700,29.098079,3.933369,0.715349,93.024966,0
2025-07-18,sh.603296,130.5237712000,130.8545388000,124.6562416000,125.3753016000,130.2936720000,12434588,1091951204.4100,2.176000,1,-3.774800,27.999674,3.784891,0.688346,89.513427,0
2025-07-21,sh.603296,125.3753016000,125.4328264000,121.7800016000,123.4482208000,125.3753016000,10416634,891857711.3500,1.822900,1,-1.537000,27.569305,3.726715,0.677766,88.137561,0
2025-07-22,sh.603296,123.4194584000,125.0301528000,120.7157928000,121.2910408000,123.4482208000,11442281,971529814.8800,2.002400,1,-1.747400,27.087549,3.661593,0.665922,86.597413,0
2025-07-23,sh.603296,120.6582680000,121.0897040000,119.0044300000,120.5719808000,121.2910408000,8109022,677621695.0700,1.419100,1,-0.592800,26.926964,3.639886,0.661975,86.084030,0
2025-07-24,sh.603296,121.0177980000,121.7512392000,117.6094536000,120.2412132000,120.5719808000,12320508,1020951114.4700,2.156100,1,-0.274300,26.853094,3.629900,0.660159,85.847874,0
2025-07-25,sh.603296,120.5144560000,121.0465604000,119.6515840000,120.5144560000,120.2412132000,6863561,574680499.4300,1.201100,1,0.227200,26.914117,3.638149,0.661659,86.042960,0
2025-07-28,sh.603296,115.0496000000,118.8174744000,113.1512816000,117.6238348000,120.5144560000,16886194,1366168669.0200,2.955100,1,-2.398600,26.268563,3.550886,0.645788,83.979161,0
2025-07-29,sh.603296,117.6238348000,123.9947064000,116.2432396000,123.3619336000,117.6238348000,17826066,1496523631.7800,3.119500,1,4.878300,27.550035,3.724110,0.677292,88.075956,0
2025-07-30,sh.603296,123.3619336000,124.3973800000,121.1184664000,121.8806700000,123.3619336000,11873182,1010655208.1600,2.077800,1,-1.200700,27.219229,3.679393,0.669160,87.018387,0
2025-07-31,sh.603296,121.5930460000,125.1020588000,117.8539340000,118.5729940000,121.8806700000,15381203,1299150659.5600,2.691700,1,-2.713900,26.480536,3.579539,0.651000,84.656826,0
2025-08-01,sh.603296,117.8970776000,118.5154692000,114.7763572000,115.6104668000,118.5729940000,10515234,850567803.1700,1.840200,1,-2.498500,25.818924,3.490105,0.634734,82.541689,0
2025-08-04,sh.603296,113.6114800000,115.8980908000,113.5539552000,115.4666548000,115.6104668000,7221110,576977714.4500,1.263700,1,-0.124400,25.786807,3.485764,0.633945,82.439012,0
2025-08-05,sh.603296,116.3151456000,116.6315320000,114.3449212000,115.1502684000,115.4666548000,7435274,595849913.8500,1.301200,1,-0.274000,25.716150,3.476213,0.632208,82.213124,0
2025-08-06,sh.603296,114.6325452000,116.1857148000,114.4887332000,115.3659864000,115.1502684000,7654304,614495278.8900,1.339500,1,0.187300,25.764325,3.482725,0.633392,82.367139,0
2025-08-07,sh.603296,115.3947488000,117.7820280000,114.4743520000,114.7332136000,115.3659864000,8680732,698780689.8600,1.519100,1,-0.548500,25.623010,3.463622,0.629918,81.915362,0
2025-08-08,sh.603296,114.5462580000,115.3947488000,113.6977672000,114.0572972000,114.7332136000,5660280,450008563.1200,0.990500,1,-0.589100,25.472060,3.443217,0.626207,81.432782,0
2025-08-11,sh.603296,114.3593024000,120.1836884000,114.3161588000,119.3064352000,114.0572972000,14142626,1158832134.1200,2.474900,1,4.602200,26.644333,3.601681,0.655026,85.180476,0
2025-08-12,sh.603296,119.5077720000,122.3264872000,118.1559392000,119.6372028000,119.3064352000,8704854,723467023.5400,1.523300,1,0.277200,26.718203,3.611666,0.656842,85.416633,0
2025-08-13,sh.603296,120.0686388000,122.8010668000,118.5010880000,122.5278240000,119.6372028000,13126693,1108440669.5300,2.297200,1,2.416200,27.363756,3.698930,0.672713,87.480431,0
2025-08-14,sh.603296,122.2402000000,125.8067376000,120.9458920000,121.8087640000,122.5278240000,12280889,1050116377.8300,2.149100,1,-0.586900,27.203171,3.677222,0.668765,86.967049,0
2025-08-15,sh.603296,121.6649520000,125.0445340000,120.9458920000,122.8298292000,121.8087640000,11626112,996692215.9400,2.034600,1,0.838300,27.431202,3.708047,0.674371,87.696052,0
2025-08-18,sh.603296,123.4769832000,126.5545600000,121.2335160000,124.7569100000,122.8298292000,13704659,1186654669.4100,2.398300,1,1.568900,27.861571,3.766223,0.684951,89.071918,0
2025-08-19,sh.603296,125.4184452000,125.7492128000,122.3983932000,124.4117612000,124.7569100000,9885101,853471737.8300,1.729900,1,-0.276700,27.784490,3.755803,0.683056,88.825494,0
2025-08-20,sh.603296,122.2402000000,130.3799592000,120.3131192000,129.8622360000,124.4117612000,15558386,1366367770.6000,2.722700,1,4.381000,29.001727,3.920345,0.712981,92.716936,0
2025-08-21,sh.603296,130.8689200000,140.1447940000,130.2936720000,135.0969928000,129.8622360000,21977430,2088789153.5000,3.846000,1,4.031000,30.170789,4.078374,0.741721,96.454363,0
2025-08-22,sh.603296,134.6080320000,137.6999900000,131.8468416000,136.9377864000,135.0969928000,19445817,1820896994.8600,3.403000,1,1.362600,30.581888,4.133945,0.751827,97.768623,0
2025-08-25,sh.603296,140.0728880000,140.9357600000,133.2705804000,136.1036768000,136.9377864000,19442195,1847289908.2100,3.402400,1,-0.609100,30.395609,4.108764,0.747248,97.173099,0
2025-08-26,sh.603296,135.1832800000,138.5628620000,134.0327840000,136.3193948000,136.1036768000,12731023,1211663363.0600,2.227900,1,0.158500,30.443784,4.115276,0.748432,97.327114,0
2025-08-27,sh.603296,136.7508308000,143.5531384000,136.3193948000,137.9732328000,136.3193948000,16026160,1560673737.9000,2.804600,1,1.213200,30.813131,4.165203,0.757512,98.507894,0
2025-08-28,sh.603296,138.0595200000,138.5628620000,133.0980060000,138.1458072000,137.9732328000,18782488,1772006430.6700,3.286900,1,0.125100,27.688251,4.135762,0.631871,62.082772,0
2025-08-29,sh.603296,138.4190500000,143.0066528000,135.4709040000,141.4391020000,138.1458072000,18822026,1821525604.3800,3.293800,1,2.383900,28.348319,4.234356,0.646935,63.562780,0
2025-09-01,sh.603296,148.5002712000,148.8454200000,137.3692224000,138.2177132000,141.4391020000,23296861,2278644610.5600,4.076900,1,-2.277600,27.702663,4.137915,0.632200,62.115087,0
2025-09-02,sh.603296,136.6214000000,137.8581832000,129.4308000000,130.6100584000,138.2177132000,20181330,1866949986.2000,3.531700,1,-5.504100,26.177878,3.910160,0.597403,58.696204,0
2025-09-03,sh.603296,130.8545388000,131.5304552000,127.5037192000,128.2803040000,130.6100584000,12670271,1141595786.7700,2.217300,1,-1.783700,25.710931,3.840412,0.586747,57.649212,0
2025-09-04,sh.603296,128.8267896000,129.8622360000,118.6592812000,120.4856936000,128.2803040000,16885852,1446751843.4100,2.955000,1,-6.076200,24.148675,3.607060,0.551095,54.146311,0
2025-09-05,sh.603296,120.6582680000,127.3455260000,119.2632916000,126.5545600000,120.4856936000,17081270,1468955636.6000,2.989200,1,5.037000,25.365044,3.788747,0.578853,56.873662,0
2025-09-08,sh.603296,127.2736200000,127.2736200000,122.5278240000,123.4913644000,126.5545600000,13556464,1169119385.2800,2.372400,1,-2.420500,24.751095,3.697043,0.564843,55.497061,0
2025-09-09,sh.603296,123.2468840000,123.2468840000,118.6736624000,119.6803464000,123.4913644000,10135287,850862993.7500,1.773700,1,-3.086100,23.987261,3.582950,0.547411,53.784388,0
2025-09-10,sh.603296,120.0974012000,123.0455472000,119.2489104000,121.1472288000,119.6803464000,10618367,898186777.6600,1.858200,1,1.225700,24.281265,3.626865,0.554121,54.443605,0
2025-09-11,sh.603296,121.4923776000,133.1555308000,120.2555944000,132.5371392000,121.1472288000,27096750,2425060602.2900,4.741900,1,9.401700,26.564119,3.967852,0.606217,59.562235,0
2025-09-12,sh.603296,130.3080532000,140.7631856000,129.4451812000,136.0173896000,132.5371392000,28034812,2624684444.2200,4.904500,1,2.625900,27.261657,4.072042,0.622136,61.126261,0
2025-09-15,sh.603296,134.0615464000,134.3635516000,128.1364920000,129.2150820000,136.0173896000,25232046,2282008863.4100,4.414100,1,-5.001100,25.898286,3.868397,0.591023,58.069301,0
2025-09-16,sh.603296,129.2150820000,137.4267472000,128.5823092000,135.4421416000,129.2150820000,22823093,2106046012.4000,3.992700,1,4.819100,27.146362,4.054821,0.619505,60.867744,0
2025-09-17,sh.603296,133.7451600000,135.4852852000,131.1709252000,135.0107056000,135.4421416000,17885343,1659831185.1300,3.128900,1,-0.318500,27.059890,4.041905,0.617531,60.673856,0
2025-09-18,sh.603296,134.4642200000,140.3317496000,132.3214212000,135.5859536000,135.0107056000,25216631,2383060760.6600,4.411400,1,0.426100,27.175186,4.059126,0.620163,60.932373,0
2025-09-19,sh.603296,138.4190500000,142.1581620000,135.7585280000,140.8350916000,135.5859536000,28116834,2721224707.1000,4.918800,1,3.871400,28.227259,4.216273,0.644172,63.291337,0
2025-09-22,sh.603296,140.8350916000,148.8454200000,138.4190500000,146.6594776000,140.8350916000,31171728,3129596200.4800,5.453200,1,4.135600,29.394627,4.390642,0.670812,65.908818,0
2025-09-23,sh.603296,146.8032896000,147.6661616000,138.2752380000,141.6692012000,146.6594776000,22141190,2182895549.9700,3.873400,1,-3.402600,28.394437,4.241244,0.647987,63.666187,0
2025-09-24,sh.603296,140.2310812000,146.5156656000,138.3471440000,145.1638328000,141.6692012000,20330736,2027724697.0200,3.556700,1,2.466800,29.094858,4.345866,0.663971,65.236675,0
2025-09-25,sh.603296,147.7955924000,159.6744636000,145.9691800000,155.0293360000,145.1638328000,32660244,3510372332.8200,5.713600,1,6.796100,31.072179,4.641216,0.709095,69.670236,0
2025-09-26,sh.603296,155.0437172000,158.0493880000,150.0102972000,150.3554460000,155.0293360000,20632897,2206440340.1800,3.609600,1,-3.014800,30.135402,4.501290,0.687717,67.569788,0
2025-09-29,sh.603296,149.4925740000,151.5490856000,145.6527936000,149.0611380000,150.3554460000,14411122,1490877483.4000,2.523100,1,-0.860800,29.875986,4.462542,0.681797,66.988125,0
2025-09-30,sh.603296,151.0026000000,155.7196336000,149.7370544000,151.5203232000,149.0611380000,14077320,1491934048.3100,2.464600,1,1.649800,30.368875,4.536164,0.693045,68.093284,0
2025-10-09,sh.603296,151.7935660000,158.4520616000,151.7935660000,153.8356964000,151.5203232000,16636810,1795980437.6400,2.912700,1,1.528100,30.832940,4.605481,0.703636,69.133814,0
2025-10-10,sh.603296,151.0026000000,151.0026000000,139.0662040000,140.3605120000,153.8356964000,20582939,2049541030.7800,3.603600,1,-8.759500,28.132140,4.202065,0.642001,63.078061,0
2025-10-13,sh.603296,133.3568676000,140.1591752000,131.9331288000,139.5407836000,140.3605120000,14367167,1363621779.5800,2.515400,1,-0.584000,27.967843,4.177525,0.638252,62.709675,0
2025-10-14,sh.603296,140.3605120000,142.9491280000,132.6234264000,133.5582044000,139.5407836000,14915749,1415400280.5500,2.611400,1,-4.287300,26.768769,3.998420,0.610888,60.021102,0
2025-10-15,sh.603296,133.7451600000,137.8150396000,132.1057032000,137.6856088000,133.5582044000,9493518,893356411.0300,1.662100,1,3.090300,27.596015,4.121985,0.629766,61.875959,0
2025-10-16,sh.603296,136.0605332000,139.1956348000,135.7585280000,136.2762512000,137.6856088000,6512868,621552103.2600,1.140300,1,-1.023600,27.313540,4.079792,0.623320,61.242593,0
2025-10-17,sh.603296,136.1612016000,137.3116976000,130.9695884000,131.3147372000,136.2762512000,8743873,812544232.6300,1.530800,1,-3.640800,26.319115,3.931256,0.600626,59.012887,0
2025-10-20,sh.603296,133.4575360000,135.0107056000,132.7097136000,134.3635516000,131.3147372000,9340004,870150958.3200,1.635200,1,2.321800,26.930182,4.022530,0.614571,60.383025,0
2025-10-21,sh.603296,135.1832800000,136.5926376000,133.7883036000,134.4642200000,134.3635516000,11883983,1116024124.9300,2.080600,1,0.074900,26.950359,4.025544,0.615032,60.428266,0
2025-10-22,sh.603296,133.1699120000,133.6013480000,131.0414944000,131.8899852000,134.4642200000,8386699,770719637.6900,1.468300,1,-1.914400,26.434411,3.948478,0.603257,59.271404,0
2025-10-23,sh.603296,131.5304552000,132.5659016000,128.0214424000,131.0271132000,131.8899852000,6890840,622831340.6100,1.206400,1,-0.654200,26.261468,3.922645,0.599311,58.883629,0
2025-10-24,sh.603296,132.4220896000,137.1966480000,131.8180792000,137.1966480000,131.0271132000,11397457,1069640577.8000,1.995400,1,4.708600,27.498014,4.107347,0.627530,61.656220,0
2025-10-27,sh.603296,138.7929612000,141.0939532000,137.2254104000,140.6481360000,137.1966480000,12040032,1166794834.2200,2.107900,1,2.515700,28.189787,4.210676,0.643317,63.207319,0
2025-10-28,sh.603296,143.7832376000,149.5069552000,142.6039792000,146.3574724000,140.6481360000,18543394,1878333494.0200,3.246500,1,4.059300,26.005060,4.156529,0.635153,-133.011082,0
2025-10-29,sh.603296,145.2501200000,157.0714664000,145.1063080000,153.9507460000,146.3574724000,18876216,1989830766.3800,3.304800,1,5.188200,27.354247,4.372177,0.668106,-139.911922,0
2025-10-30,sh.603296,154.8279992000,159.6169388000,149.3919056000,152.2825268000,153.9507460000,21880169,2348530785.5300,3.830700,1,-1.083600,27.057835,4.324800,0.660866,-138.395828,0
2025-10-31,sh.603296,152.0811900000,153.1166364000,145.7966056000,146.1417544000,152.2825268000,14278470,1474493509.1400,2.499800,1,-4.032500,25.966731,4.150403,0.634217,-132.815035,0
2025-11-03,sh.603296,143.9126684000,145.5089816000,141.6260576000,144.2434360000,146.1417544000,9816929,980397566.5100,1.718700,1,-1.299000,25.629434,4.096491,0.625978,-131.089825,0
2025-11-04,sh.603296,144.0996240000,144.8474464000,137.4986532000,138.8361048000,144.2434360000,10811856,1050335190.4700,1.892900,1,-3.748800,24.668650,3.942924,0.602512,-126.175590,0
2025-11-05,sh.603296,135.3270920000,137.5993216000,134.1765960000,136.8371180000,138.8361048000,8566825,810408785.4100,1.499900,1,-1.439800,24.313466,3.886153,0.593837,-124.358892,0
2025-11-06,sh.603296,137.7431336000,140.1160316000,135.9023400000,139.6414520000,136.8371180000,10226125,983315112.3700,1.790400,1,2.049400,24.811746,3.965795,0.606007,-126.907498,0
2025-11-07,sh.603296,138.0307576000,138.8504860000,135.1976612000,135.5859536000,139.6414520000,9237749,878180658.3500,1.617300,1,-2.904200,24.091157,3.850620,0.588407,-123.221822,0
2025-11-10,sh.603296,136.0461520000,137.3260788000,129.6896616000,132.8103820000,135.5859536000,15439969,1413843362.1000,2.703200,1,-2.047100,23.597989,3.771794,0.576362,-120.699356,0
2025-11-11,sh.603296,133.8889720000,134.4642200000,130.2792908000,130.5381524000,132.8103820000,8726220,799676614.4500,1.527800,1,-1.710900,23.194255,3.707263,0.566501,-118.634331,0
2025-11-12,sh.603296,130.0635728000,131.4297868000,126.7846592000,129.3588940000,130.5381524000,11075005,995163694.3300,1.939000,1,-0.903400,22.984722,3.673772,0.561383,-117.562610,0
2025-11-13,sh.603296,129.1431760000,131.4297868000,128.7548836000,131.0558756000,129.3588940000,8316022,754125279.0300,1.455900,1,1.311800,23.286245,3.721966,0.568748,-119.104843,0
2025-11-14,sh.603296,128.9993640000,129.2438444000,127.2736200000,127.4318132000,131.0558756000,7873227,702209424.8700,1.378400,1,-2.765300,22.642315,3.619043,0.553020,-115.811260,0
2025-11-17,sh.603296,126.5545600000,127.4318132000,123.7214636000,124.5699544000,127.4318132000,10343821,901240328.7500,1.811000,1,-2.245800,22.133815,3.537767,0.540601,-113.210375,0
2025-11-18,sh.603296,123.6783200000,126.9572336000,122.9736412000,123.5057456000,124.5699544000,10767893,935849889.5900,1.885200,1,-0.854300,21.944724,3.507544,0.535982,-112.243212,0
2025-11-19,sh.603296,123.7214636000,125.5334948000,123.5057456000,123.9515628000,123.5057456000,7016935,606940843.7700,1.228500,1,0.361000,22.023938,3.520205,0.537917,-112.648375,0
2025-11-20,sh.603296,125.9793120000,127.1154268000,123.7214636000,125.3753016000,123.9515628000,8746494,764439083.7000,1.531300,1,1.148600,22.276910,3.560639,0.544096,-113.942283,0
2025-11-21,sh.603296,123.0455472000,123.8940380000,121.6074272000,121.9094324000,125.3753016000,8110848,691418089.5800,1.420000,1,-2.764400,21.661088,3.462209,0.529055,-110.792467,0
2025-11-24,sh.603296,123.4913644000,125.6485444000,120.5575996000,124.2104244000,121.9094324000,10074694,862958572.2000,1.763800,1,1.887500,22.069933,3.527557,0.539040,-112.883631,0
2025-11-25,sh.603296,125.5478760000,128.5535468000,125.5478760000,126.2237924000,124.2104244000,10265878,907619467.5600,1.797300,1,1.620900,22.427672,3.584736,0.547778,-114.713399,0
2025-11-26,sh.603296,126.1231240000,129.3876564000,124.9151032000,126.8278028000,126.2237924000,9910359,877198285.7400,1.735100,1,0.478500,22.534993,3.601890,0.550399,-115.262330,0
2025-11-27,sh.603296,126.5545600000,128.4816408000,124.9438656000,125.3321580000,126.8278028000,8499398,750185178.0800,1.488000,1,-1.179300,22.269244,3.559414,0.543908,-113.903073,0
2025-11-28,sh.603296,125.2602520000,126.8421840000,124.2104244000,126.1662676000,125.3321580000,5841871,511195776.6900,1.022800,1,0.665500,22.417450,3.583102,0.547528,-114.661120,0
2025-12-01,sh.603296,126.6552284000,130.5812960000,125.2746332000,130.1498600000,126.1662676000,11260802,1005321737.4400,1.971500,1,3.157400,23.125262,3.696236,0.564816,-118.281447,0
2025-12-02,sh.603296,130.1498600000,131.1565440000,128.0933484000,128.8555520000,130.1498600000,7226422,650031774.6900,1.265200,1,-0.994500,22.895287,3.659477,0.559199,-117.105168,0
2025-12-03,sh.603296,128.1796356000,129.3876564000,126.8709464000,127.1729516000,128.8555520000,5386695,479401008.0600,0.943100,1,-1.305800,22.596320,3.611692,0.551897,-115.576004,0
2025-12-04,sh.603296,126.8997088000,129.7184240000,126.2381736000,128.1221108000,127.1729516000,6528429,579789264.0300,1.143000,1,0.746400,22.764968,3.638648,0.556016,-116.438609,0
2025-12-05,sh.603296,128.9130768000,132.6234264000,128.3953536000,131.5160740000,128.1221108000,11920950,1090737492.1100,2.087100,1,2.649000,23.368014,3.735036,0.570745,-119.523076,0
2025-12-08,sh.603296,131.5160740000,137.4123660000,130.3799592000,134.2485020000,131.5160740000,13261922,1234375369.6000,2.321900,1,2.077600,23.853516,3.812636,0.582603,-122.006333,0
2025-12-09,sh.603296,142.3738800000,145.0775456000,138.0739012000,139.9003136000,134.2485020000,28963116,2862991550.7200,5.070800,1,4.210000,24.857741,3.973147,0.607130,-127.142754,0
2025-12-10,sh.603296,139.6702144000,139.8859324000,134.5505072000,138.2320944000,139.9003136000,14413352,1369658210.5400,2.523400,1,-1.192400,24.561328,3.925770,0.599891,-125.626660,0
2025-12-11,sh.603296,139.6702144000,140.3317496000,134.2916456000,134.3923140000,138.2320944000,9363589,892800735.9200,1.639300,1,-2.777800,23.879069,3.816721,0.583227,-122.137031,0
2025-12-12,sh.603296,134.3923140000,138.4765748000,132.3933272000,137.3404600000,134.3923140000,13972326,1323704622.6000,2.446200,1,2.193700,24.402901,3.900447,0.596021,-124.816334,0
2025-12-15,sh.603296,134.6224132000,137.2829352000,133.1411496000,133.1699120000,137.3404600000,8630258,808689101.0900,1.511000,1,-3.036600,23.661871,3.782005,0.577922,-121.026100,0
2025-12-16,sh.603296,132.8822880000,133.7020164000,129.4451812000,130.6963456000,133.1699120000,7039894,641181126.5400,1.232500,1,-1.857500,23.222363,3.711756,0.567188,-118.778099,0
2025-12-17,sh.603296,130.5669148000,134.8525124000,130.2936720000,134.5361260000,130.6963456000,7861309,725668958.3500,1.376300,1,2.937900,23.904622,3.820805,0.583851,-122.267728,0
2025-12-18,sh.603296,133.0261000000,133.3137240000,129.8766172000,130.0060480000,134.5361260000,7459568,680490114.1500,1.306000,1,-3.367200,23.099710,3.692151,0.564192,-118.150750,0
2025-12-19,sh.603296,131.4441680000,131.5735988000,128.4528784000,128.5247844000,130.0060480000,7173215,648415614.0400,1.255900,1,-1.139400,22.836516,3.650084,0.557764,-116.804563,0
2025-12-22,sh.603296,129.4308000000,133.6876352000,129.1575572000,132.3933272000,128.5247844000,8973561,825156513.4800,1.571100,1,3.010000,23.523886,3.759950,0.574552,-120.320332,0
2025-12-23,sh.603296,132.6809512000,135.4133792000,132.1632280000,132.7528572000,132.3933272000,6355645,589194627.1200,1.112700,1,0.271600,23.587768,3.770160,0.576112,-120.647076,0
2025-12-24,sh.603296,133.2561992000,136.5638752000,133.0980060000,135.8304340000,132.7528572000,8995869,847132881.3600,1.575000,1,2.318300,24.134597,3.857563,0.589468,-123.444008,0
2025-12-25,sh.603296,135.9167212000,135.9742460000,132.5371392000,134.7806064000,135.8304340000,6637571,620106275.7700,1.162100,1,-0.772900,23.948062,3.827748,0.584912,-122.489914,0
2025-12-26,sh.603296,134.5361260000,134.6080320000,131.8180792000,132.2638964000,134.7806064000,7380920,682168036.7200,1.292200,1,-1.867300,23.500888,3.756274,0.573990,-120.202704,0
2025-12-29,sh.603296,132.0194160000,135.5428100000,131.5160740000,131.9618912000,132.2638964000,8181901,759466883.3000,1.432500,1,-0.228300,23.447227,3.747697,0.572680,-119.928239,0
2025-12-30,sh.603296,131.5304552000,133.9896404000,130.6675832000,133.0980060000,131.9618912000,7499376,691789068.8000,1.313000,1,0.860900,23.649094,3.779962,0.577610,-120.960751,0
2025-12-31,sh.603296,133.7739224000,134.0471652000,129.4883248000,130.4950088000,133.0980060000,7585294,691021776.7700,1.328000,1,-1.955700,23.186589,3.706038,0.566314,-118.595122,0
2026-01-05,sh.603296,131.6455048000,136.9090240000,131.0558756000,136.7652120000,130.4950088000,14318520,1347260292.2900,2.506800,1,4.804900,24.300690,3.884111,0.593525,-124.293543,0
2026-01-06,sh.603296,136.7652120000,137.3404600000,134.5792696000,136.4919692000,136.7652120000,9359830,885774470.6800,1.638700,1,-0.199800,24.252140,3.876351,0.592339,-124.045217,0
2026-01-07,sh.603296,136.6214000000,136.6214000000,133.5582044000,134.0327840000,136.4919692000,9662231,907028419.8100,1.691600,1,-1.801700,23.815187,3.806510,0.581667,-121.810286,0
2026-01-08,sh.603296,134.4210764000,142.7046476000,134.3204080000,136.7652120000,134.0327840000,18681505,1813302563.9800,3.270700,1,2.038600,24.300690,3.884111,0.593525,-124.293543,0
2026-01-09,sh.603296,136.6070188000,140.4899428000,135.2120424000,138.6347680000,136.7652120000,11073086,1064680508.4200,1.938600,1,1.367000,24.632876,3.937206,0.601638,-125.992614,0
2026-01-12,sh.603296,140.3605120000,140.8782352000,135.3414732000,139.8571700000,138.6347680000,15851548,1520086368.2600,2.775200,1,0.881700,24.850075,3.971922,0.606943,-127.103544,0
2026-01-13,sh.603296,139.4976400000,141.6260576000,137.1678856000,137.4267472000,139.8571700000,11388679,1100643675.1000,1.993900,1,-1.737800,24.418233,3.902898,0.596396,-124.894753,0
2026-01-14,sh.603296,138.0595200000,141.1227156000,136.3481572000,138.7785800000,137.4267472000,13819897,1335849553.2400,2.419500,1,0.983700,24.658429,3.941290,0.602262,-126.123311,0
2026-01-15,sh.603296,137.6280840000,138.6060056000,135.1976612000,137.6712276000,138.7785800000,9138478,869325587.5000,1.599900,1,-0.797900,24.461672,3.909841,0.597457,-125.116939,0
2026-01-16,sh.603296,137.3404600000,141.7842508000,137.3404600000,140.4611804000,137.6712276000,13398816,1302547552.7100,2.345800,1,2.026500,24.957396,3.989075,0.609564,-127.652475,0
2026-01-19,sh.603296,139.3250656000,140.1879376000,136.0461520000,136.4056820000,140.4611804000,13655327,1301117644.3800,2.390700,1,-2.887300,24.236808,3.873900,0.591965,-123.966799,0
2026-01-20,sh.603296,136.3337760000,136.6214000000,131.8180792000,132.6378076000,136.4056820000,12524604,1160366135.3100,2.192800,1,-2.762300,23.567325,3.766893,0.575613,-120.542518,0
2026-01-21,sh.603296,131.7461732000,135.7010032000,131.1134004000,132.8966692000,132.6378076000,11597589,1076140827.4300,2.030500,1,0.195200,23.613320,3.774245,0.576736,-120.777774,0
2026-01-22,sh.603296,133.8745908000,134.8956560000,128.9993640000,129.2869880000,132.8966692000,18116513,1637799534.7100,3.171800,1,-2.716200,22.971946,3.671730,0.561071,-117.497261,0
2026-01-23,sh.603296,130.0060480000,130.0060480000,128.1077296000,128.6542152000,129.2869880000,10890117,974110099.3500,1.906600,1,-0.489400,22.859513,3.653760,0.558325,-116.922191,0
2026-01-26,sh.603296,129.4308000000,133.2418180000,128.7261212000,130.1786224000,128.6542152000,15460604,1406652611.1700,2.706800,1,1.184900,23.130373,3.697052,0.564941,-118.307587,0
2026-01-27,sh.603296,129.6896616000,130.2792908000,125.4040640000,127.6619124000,130.1786224000,10983236,973424512.8500,1.922900,1,-1.933300,22.683199,3.625578,0.554019,-116.020377,0
2026-01-28,sh.603296,127.6906748000,129.1144136000,125.3609204000,126.4538916000,127.6619124000,11647870,1026014915.4200,2.039300,1,-0.946300,22.468556,3.591271,0.548776,-114.922516,0
2026-01-29,sh.603296,125.9793120000,126.9284712000,122.9736412000,123.5488892000,126.4538916000,10562716,915065751.6800,1.849300,1,-2.297300,21.952390,3.508769,0.536170,-112.282422,0
2026-01-30,sh.603296,123.1749780000,125.1164400000,120.8308424000,124.3398552000,123.5488892000,9111679,781850125.9700,1.595200,1,0.640200,22.092930,3.531232,0.539602,-113.001259,0
2026-02-02,sh.603296,123.7789884000,125.0157716000,119.2345292000,119.5796780000,124.3398552000,11024721,929948868.0300,1.930200,1,-3.828400,21.247133,3.396044,0.518944,-108.675164,0
2026-02-03,sh.603296,120.2987380000,120.7157928000,116.2576208000,119.1913856000,119.5796780000,11617181,955532629.0300,2.033900,1,-0.324700,21.178141,3.385017,0.517259,-108.322280,0
2026-02-04,sh.603296,118.3141324000,119.5652968000,117.0629680000,119.1482420000,119.1913856000,8279623,680243066.7800,1.449600,1,-0.036200,21.170475,3.383791,0.517072,-108.283071,0
2026-02-05,sh.603296,117.9689836000,118.8749992000,117.7245032000,118.1703204000,119.1482420000,5265078,432760476.3800,0.921800,1,-0.820800,20.996716,3.356019,0.512828,-107.394326,0
2026-02-06,sh.603296,117.2211612000,120.3706440000,116.5596260000,118.6449000000,118.1703204000,7423243,613079512.1400,1.299600,1,0.401600,21.081040,3.369497,0.514888,-107.825629,0
2026-02-09,sh.603296,120.0398764000,121.2335160000,119.8385396000,120.7445552000,118.6449000000,6919344,580132943.0400,1.211400,1,1.769700,21.454111,3.429126,0.523999,-109.733816,0
2026-02-10,sh.603296,120.9171296000,124.2104244000,120.7445552000,122.5565864000,120.7445552000,8465985,723170931.7000,1.482200,1,1.500700,21.776076,3.480588,0.531863,-111.380607,0
2026-02-11,sh.603296,123.3763148000,123.3763148000,121.4923776000,121.8950512000,122.5565864000,5560043,472401426.1200,0.973400,1,-0.539800,21.658533,3.461800,0.528992,-110.779398,0
2026-02-12,sh.603296,122.5278240000,129.2150820000,121.6937144000,128.7980272000,121.8950512000,17142508,1508423686.6400,3.001300,1,5.663000,22.885066,3.657844,0.558949,-117.052889,0
2026-02-13,sh.603296,127.6762936000,129.1863196000,126.1662676000,127.8201056000,128.7980272000,9504942,843996052.5800,1.664100,1,-0.759300,22.711307,3.630071,0.554705,-116.164144,0
2026-02-24,sh.603296,129.8334736000,129.8909984000,127.0291396000,127.1441892000,127.8201056000,7959082,707823315.2600,1.393400,1,-0.528800,22.591209,3.610875,0.551772,-115.549865,0
2026-02-25,sh.603296,126.5545600000,128.2083980000,126.4970352000,127.0147584000,127.1441892000,6379178,564137686.7600,1.116800,1,-0.101800,22.568212,3.607199,0.551210,-115.432237,0
2026-02-26,sh.603296,127.0291396000,133.2561992000,126.7702780000,132.5946640000,127.0147584000,15475667,1410073737.9400,2.709400,1,4.393100,23.559659,3.765668,0.575426,-120.503309,0
2026-02-27,sh.603296,130.0060480000,134.1046900000,129.5170872000,132.5515204000,132.5946640000,11091158,1017036457.2200,1.941800,1,-0.032500,23.551994,3.764442,0.575239,-120.464100,0
2026-03-02,sh.603296,129.4308000000,131.6598860000,127.4605756000,128.6398340000,132.5515204000,10861253,974009843.1100,1.901600,1,-2.951100,22.856958,3.653351,0.558263,-116.909121,0
2026-03-03,sh.603296,129.2869880000,130.1067164000,123.9947064000,124.3254740000,128.6398340000,9399443,827308751.5500,1.645600,1,-3.353800,22.090375,3.530824,0.539540,-112.988189,0
2026-03-04,sh.603296,123.7502260000,126.8421840000,123.0024036000,124.6850040000,124.3254740000,7267325,630647674.7600,1.272300,1,0.289200,22.154257,3.541035,0.541100,-113.314934,0
2026-03-05,sh.603296,127.0291396000,129.7903300000,125.8067376000,127.1873328000,124.6850040000,8061407,716861854.2700,1.411400,1,2.006900,22.598875,3.612100,0.551959,-115.589074,0
2026-03-06,sh.603296,125.2602520000,126.8565652000,123.1462156000,123.9515628000,127.1873328000,7955496,688348748.5500,1.392800,1,-2.544100,22.023938,3.520205,0.537917,-112.648375,0
2026-03-09,sh.603296,121.2335160000,121.7368580000,116.7465816000,121.0897040000,123.9515628000,10799175,894408481.7000,1.890700,1,-2.308900,21.515437,3.438929,0.525497,-110.047490,0
2026-03-10,sh.603296,122.7147796000,125.4759700000,122.3552496000,124.6274792000,121.0897040000,7437454,642799101.2200,1.302100,1,2.921600,22.144036,3.539401,0.540850,-113.262655,0
2026-03-11,sh.603296,124.8575784000,132.7960008000,124.8288160000,128.2371604000,124.6274792000,13268391,1197050344.1500,2.323000,1,2.896400,22.785410,3.641915,0.556515,-116.543168,0
2026-03-12,sh.603296,128.1364920000,131.1996876000,127.7338184000,130.8689200000,128.2371604000,11789580,1065189204.3700,2.064100,1,2.052300,23.253026,3.716657,0.567937,-118.934936,0
2026-03-13,sh.603296,129.7615676000,133.5150608000,129.2438444000,130.3368156000,130.8689200000,9149056,835957903.3000,1.601800,1,-0.406600,23.158481,3.701545,0.565627,-118.451355,0
2026-03-16,sh.603296,129.6608992000,130.1354788000,125.6916880000,128.1364920000,130.3368156000,6187614,549703540.4800,1.083300,1,-1.688200,22.767523,3.639056,0.556079,-116.451679,0
2026-03-17,sh.603296,128.2227792000,128.8555520000,123.5345080000,123.6495576000,128.1364920000,6450854,562669849.4200,1.129400,1,-3.501700,21.970277,3.511628,0.536606,-112.373910,0
2026-03-18,sh.603296,124.3973800000,128.1364920000,123.6783200000,127.5612440000,123.6495576000,6899879,606593648.0400,1.208000,1,3.163500,22.665312,3.622719,0.553582,-115.928888,0
2026-03-19,sh.603296,125.9074060000,127.1154268000,124.4692860000,125.0589152000,127.5612440000,4743466,414569570.4500,0.830500,1,-1.961700,22.220694,3.551654,0.542723,-113.654748,0
2026-03-20,sh.603296,126.0512180000,129.7184240000,124.8431972000,124.8431972000,125.0589152000,9880223,876594782.6100,1.729800,1,-0.172500,22.182365,3.545527,0.541786,-113.458701,0
2026-03-23,sh.603296,122.7291608000,125.3465392000,119.3927224000,119.8960644000,124.8431972000,11099070,940873016.4000,1.943200,1,-3.962700,21.303349,3.405029,0.520317,-108.962699,0
2026-03-24,sh.603296,123.3187900000,129.2869880000,122.2402000000,128.4960220000,119.8960644000,19267342,1700870351.0100,3.373300,1,7.172800,22.385086,3.518023,0.529382,-78.580954,0
2026-03-25,sh.603296,131.5879800000,132.8247632000,129.3301316000,131.5160740000,128.4960220000,15736240,1434017746.3600,2.755000,1,2.350300,22.911204,3.600707,0.541824,-80.427848,0
2026-03-26,sh.603296,131.5160740000,131.5160740000,124.3973800000,124.7425288000,131.5160740000,12281272,1084932793.5200,2.150200,1,-5.150400,21.731196,3.415258,0.513919,-76.285528,0
2026-03-27,sh.603296,122.6860172000,123.6783200000,119.4790096000,121.7800016000,124.7425288000,12976078,1095556895.9900,2.271800,1,-2.374900,21.215099,3.334148,0.501713,-74.473813,0
2026-03-30,sh.603296,119.1913856000,119.8241584000,114.8914068000,118.3572760000,121.7800016000,15207398,1239730264.6200,2.662500,1,-2.810600,20.618831,3.240439,0.487612,-72.380666,0
2026-03-31,sh.603296,118.0552708000,119.1913856000,114.6900700000,115.2365556000,118.3572760000,9304233,753925763.9500,1.629000,1,-2.636700,20.075176,3.154999,0.474756,-70.472209,0
2026-04-01,sh.603296,118.6449000000,126.7558968000,118.3572760000,126.7558968000,115.2365556000,21796414,1891828217.5000,3.816000,1,9.996300,22.081941,3.470381,0.522213,-77.516791,0
2026-04-02,sh.603296,128.1221108000,134.1909772000,127.3886696000,128.2659228000,126.7558968000,27533761,2509618284.7900,4.840100,1,1.191300,22.345001,3.511723,0.528434,-78.440238,0
2026-04-03,sh.603296,129.5458496000,133.6301104000,127.9495364000,130.7251080000,128.2659228000,14727817,1345149829.0900,2.589000,1,1.917300,22.773411,3.579052,0.538566,-79.944138,0
2026-04-07,sh.603296,130.8113952000,140.2167000000,130.8113952000,138.3759064000,130.7251080000,23294212,2230146637.7600,4.094800,1,5.852600,24.106245,3.788519,0.570086,-84.622937,0
2026-04-08,sh.603296,139.4976400000,140.9357600000,136.6214000000,140.2023188000,138.3759064000,17225605,1668150246.0700,3.028100,1,1.319900,24.424421,3.838523,0.577610,-85.739868,0
2026-04-09,sh.603296,139.4976400000,146.1273732000,137.7862772000,142.4457860000,140.2023188000,17282943,1704831407.4600,3.038100,1,1.600200,24.815252,3.899946,0.586853,-87.111847,0
2026-04-10,sh.603296,144.3872480000,146.6594776000,141.7698696000,142.0862560000,142.4457860000,16532570,1653305605.7700,2.906200,1,-0.252400,24.752619,3.890102,0.585372,-86.891978,0
2026-04-13,sh.603296,140.5906112000,145.8972740000,140.5906112000,143.3661828000,142.0862560000,16957723,1697682070.2500,2.981000,1,0.900800,24.975593,3.925145,0.590645,-87.674710,0
2026-04-14,sh.603296,145.5808876000,145.9547988000,140.7775668000,141.3671960000,143.3661828000,13135345,1298692121.0800,2.309000,1,-1.394300,24.627352,3.870416,0.582409,-86.452241,0
2026-04-15,sh.603296,142.1293996000,145.9979424000,140.2167000000,142.2013056000,141.3671960000,12351079,1226464257.0900,2.165000,1,0.590000,24.772661,3.893252,0.585846,-86.962336,0
2026-04-16,sh.603296,141.6692012000,142.2875928000,137.5561780000,140.3173684000,142.2013056000,13949490,1357101058.6800,2.445200,1,-1.324800,24.444464,3.841673,0.578084,-85.810226,0
2026-04-17,sh.603296,139.2243972000,141.3384336000,137.8438020000,140.0728880000,140.3173684000,9482396,921895210.9000,1.662200,1,-0.174200,24.401873,3.834979,0.577077,-85.660715,0
2026-04-20,sh.603296,142.3738800000,150.2116340000,142.3738800000,148.1263600000,140.0728880000,18339887,1884552903.0900,3.214800,1,5.749500,25.804856,4.055471,0.610256,-90.585767,0
2026-04-21,sh.603296,146.6882400000,147.1196760000,140.7631856000,144.4591540000,148.1263600000,11626620,1158890209.0300,2.038000,1,-2.475700,25.165998,3.955069,0.595148,-88.343109,0
2026-04-22,sh.603296,145.2213576000,151.6497540000,143.0929400000,151.1176496000,144.4591540000,16177207,1684303062.2600,2.835700,1,4.609300,26.325963,4.137368,0.622580,-92.415072,0
2026-04-23,sh.603296,152.2969080000,153.7350280000,144.7755404000,149.3631432000,151.1176496000,16557209,1715013377.4600,2.902300,1,-1.161000,27.520160,4.325047,0.650821,-96.607198,0
2026-04-24,sh.603296,150.0102972000,158.6677796000,146.6882400000,154.6554248000,149.3631432000,23935335,2552054958.8100,4.195600,1,3.543200,28.495263,4.478293,0.673881,-100.030215,0
2026-04-27,sh.603296,154.7417120000,158.9554036000,153.4474040000,155.4607720000,154.6554248000,19051835,2065981704.0000,3.339600,1,0.520700,28.643648,4.501614,0.677390,-100.551108,0
2026-04-28,sh.603296,154.4253256000,154.4253256000,148.0544540000,149.4206680000,155.4607720000,13010580,1363605492.8900,2.280600,1,-3.885300,27.530759,4.326713,0.651072,-96.644405,0
2026-04-29,sh.603296,148.6584644000,149.9959160000,141.2952900000,147.3497752000,149.4206680000,16391047,1659888253.9100,2.873200,1,-1.385900,27.149197,4.266747,0.642048,-95.304964,0
2026-04-30,sh.603296,148.4571276000,152.2969080000,140.5043240000,149.0036132000,147.3497752000,21079849,2145770392.3400,3.695100,1,1.122400,26.049422,4.157536,0.628192,118.530867,0
2026-05-06,sh.603296,152.7714876000,163.9025364000,152.6420568000,157.9055760000,149.0036132000,24508280,2716514646.0500,4.296000,1,5.974300,27.605699,4.405921,0.665723,125.612288,0
2026-05-07,sh.603296,159.6313200000,162.0617428000,155.3888660000,161.3283016000,157.9055760000,14306875,1582157072.2800,2.507800,1,2.167600,28.204074,4.501423,0.680153,128.335032,0
2026-05-08,sh.603296,162.4212728000,175.4506400000,158.5958736000,170.5610320000,161.3283016000,25642778,3020784339.5000,4.494900,1,5.722900,29.818178,4.759037,0.719077,135.679576,0
2026-05-11,sh.603296,172.5744000000,174.8897732000,163.5142440000,165.1680820000,170.5610320000,24498820,2832249795.8600,4.294400,1,-3.161900,28.875360,4.608561,0.696341,131.389539,0
2026-05-12,sh.603296,164.3771160000,166.5342960000,156.0360200000,157.6610956000,165.1680820000,22365770,2470262812.4400,3.920500,1,-4.545100,27.562958,4.399100,0.664692,125.417807,0
2026-05-13,sh.603296,157.6467144000,168.0874656000,155.4320096000,167.0807816000,157.6610956000,23522132,2671445179.9000,4.123200,1,5.974600,29.209746,4.661930,0.704405,132.911072,0
2026-05-14,sh.603296,174.0125200000,174.9904416000,163.6868184000,164.9523640000,167.0807816000,19073916,2217850812.8400,3.343400,1,-1.273900,28.837648,4.602542,0.695431,131.217937,0
2026-05-15,sh.603296,168.2456588000,172.2867760000,161.2851580000,163.7299620000,164.9523640000,16590749,1912967454.0900,2.908200,1,-0.741100,28.623942,4.568435,0.690278,130.245529,0
2026-05-18,sh.603296,161.7885000000,168.9791000000,160.6380040000,161.5296384000,163.7299620000,16610228,1897623830.5300,2.911600,1,-1.343900,28.239273,4.507041,0.681001,128.495193,0
2026-05-19,sh.603296,161.6590692000,162.2199360000,150.1253468000,156.6112680000,161.5296384000,26975045,2884909812.8300,4.728400,1,-3.044900,27.379423,4.369807,0.660266,124.582680,0
2026-05-20,sh.603296,155.1731480000,160.0483748000,154.3678008000,157.9199572000,156.6112680000,15678971,1721163548.2200,2.748300,1,0.835600,27.608214,4.406322,0.665783,125.623729,0
2026-05-21,sh.603296,161.0550588000,162.0042180000,150.3123024000,151.0601248000,157.9199572000,17039510,1854626796.6100,2.986800,1,-4.343900,26.408950,4.214918,0.636862,120.166801,0
2026-05-22,sh.603296,153.7062656000,157.7905264000,151.1464120000,156.6687928000,151.0601248000,13928920,1501773675.5300,2.441600,1,3.712900,27.986570,4.466709,0.674907,127.345336,0
2026-05-25,sh.603296,159.4875080000,161.3283016000,156.0360200000,160.7099100000,156.6687928000,14473796,1597855053.3700,2.537100,1,2.579400,28.708456,4.581923,0.692316,130.630083,0
2026-05-26,sh.603296,159.6313200000,162.8670900000,155.2162916000,158.1212940000,160.7099100000,14348390,1580181034.5000,2.515100,1,-1.610700,28.472021,4.544188,0.686614,129.554253,0
2026-05-27,sh.603296,157.7761452000,161.8028812000,152.4407200000,153.4186416000,158.1212940000,15617046,1703321721.1300,2.737500,1,-2.974100,27.625241,4.409040,0.666194,125.701207,0
2026-05-28,sh.603296,151.2183180000,154.2815136000,147.6230180000,152.4407200000,153.4186416000,15360711,1608268820.2600,2.692600,1,-0.637400,27.449152,4.380936,0.661947,124.899962,0
2026-05-29,sh.603296,163.1978576000,166.6349644000,149.1330440000,153.0159680000,152.4407200000,25461763,2749488898.9400,4.463200,1,0.377400,27.552734,4.397468,0.664445,125.371282,0
2026-06-01,sh.603296,161.2132520000,168.3175648000,161.0694400000,168.3175648000,153.0159680000,24843544,2857797574.6700,4.354800,1,10.000000,30.308007,4.837214,0.730890,137.908411,0
2026-06-02,sh.603296,174.9904416000,182.1954228000,166.6349644000,179.1897520000,168.3175648000,54523530,6685616758.5900,9.557400,1,6.459300,32.265701,5.149666,0.778100,146.816370,0
2026-06-03,sh.603296,173.6386088000,178.8014596000,166.8219200000,169.1229120000,179.1897520000,45709571,5492692588.9000,8.012400,1,-5.618000,30.453021,4.860359,0.734387,138.568259,0
2026-06-04,sh.603296,164.6647400000,172.5744000000,163.5573876000,164.5928340000,169.1229120000,27053955,3129707511.7600,4.742300,1,-2.678600,29.637316,4.730171,0.714716,134.856610,0
2026-06-05,sh.603296,162.5075600000,162.5363224000,153.6487408000,154.6554248000,164.5928340000,27779406,3030906576.7500,4.869400,1,-6.037600,27.847942,4.444583,0.671564,126.714546,0
2026-06-08,sh.603296,145.1925952000,148.9173260000,142.5320732000,142.6327416000,154.6554248000,23556571,2379854438.0100,4.129200,1,-7.773900,25.683084,4.099068,0.619358,116.863945,0
2026-06-09,sh.603296,145.4802192000,148.1119788000,139.7133580000,147.4216812000,142.6327416000,19911548,2003506201.4000,3.490300,1,3.357500,26.545402,4.236696,0.640153,120.787689,0
2026-06-10,sh.603296,144.2290548000,150.4704956000,143.1073212000,148.3708404000,147.4216812000,16702731,1702045759.2600,2.927800,1,0.643800,26.801131,4.277510,0.646320,121.951316,0
2026-06-11,sh.603296,146.6594776000,153.5193100000,144.5310600000,150.6862136000,148.3708404000,15262143,1593407261.8200,2.675300,1,1.560500,27.219371,4.344262,0.656406,123.854405,0
2026-06-12,sh.603296,153.1597800000,156.4674560000,147.7955924000,147.7955924000,150.6862136000,17832354,1895323436.5700,3.125800,1,-1.918300,26.697220,4.260926,0.643814,121.478499,0
2026-06-15,sh.603296,148.9892320000,153.1885424000,147.8387360000,152.7427252000,147.7955924000,11806332,1245457737.9800,2.069500,1,3.347300,27.590851,4.403551,0.665365,125.544725,0
2026-06-16,sh.603296,152.4982448000,154.5547564000,149.8521040000,152.3975764000,152.7427252000,15003723,1584785772.8600,2.630000,1,-0.226000,27.528505,4.393601,0.663861,125.261035,0
2026-06-17,sh.603296,153.3953829600,163.6583954400,151.2572553600,161.8053515200,152.3975900800,24276367,1903682932.2600,3.039900,1,6.173200,28.195784,4.500100,0.679953,128.297310,0
2026-06-18,sh.603296,160.8075586400,166.8757684000,160.6039274400,163.7194848000,161.8053515200,22916416,1851238978.5300,2.869600,1,1.183000,28.529336,4.553335,0.687996,129.815048,0
2026-06-22,sh.603296,166.3259641600,168.7695385600,154.1488184000,161.6017203200,163.7194848000,31074704,2443297924.4600,3.891200,1,-1.293500,28.160300,4.494436,0.679097,128.135848,0
2026-06-23,sh.603296,158.6083416800,160.3595700000,153.4157460800,154.8818907200,161.6017203200,22977875,1763831261.5300,2.877300,1,-4.158300,26.989320,4.307546,0.650858,122.807619,0
2026-06-24,sh.603296,153.4361092000,159.2803246400,150.8499929600,156.3480353600,154.8818907200,20123658,1527923182.9500,2.519900,1,0.946600,27.244806,4.348322,0.657019,123.970141,0
2026-06-25,sh.603296,155.7778680000,158.6287048000,152.7844893600,156.6738452800,156.3480353600,23199011,1770040162.9100,2.905000,1,0.208400,27.301581,4.357383,0.658389,124.228480,0
2026-06-26,sh.603296,153.8433716000,154.0673659200,141.0146060000,141.0146060000,156.6738452800,32545550,2310521495.3000,4.075300,1,-9.994800,24.572842,3.921871,0.592584,111.812090,0
2026-06-29,sh.603296,140.2815336800,141.9309464000,134.1522345600,139.3448301600,141.0146060000,20414655,1385226064.8500,2.556300,1,-1.184100,24.281871,3.875432,0.585567,110.488106,0
2026-06-30,sh.603296,140.6277067200,152.7234000000,139.6095507200,151.2368922400,139.3448301600,23857417,1725863265.8800,2.987400,1,8.534300,26.354152,4.206172,0.635541,119.917458,0
2026-07-01,sh.603296,152.6419475200,153.7415560000,145.5963080000,146.6959164800,151.2368922400,17463511,1283918137.1900,2.186800,1,-3.002600,25.562853,4.079879,0.616459,116.316866,0
2026-07-02,sh.603296,144.5781520000,147.0828157600,139.2022883200,139.8335450400,146.6959164800,16807184,1176648012.7000,2.104600,1,-4.678000,24.367034,3.889024,0.587621,110.875614,0
2026-07-03,sh.603296,138.4895791200,144.3745208000,138.0823167200,140.2611705600,139.8335450400,18982213,1318762411.6700,2.376900,1,0.305800,24.441551,3.900917,0.589418,111.214683,0
2026-07-06,sh.603296,140.2408074400,148.0195192800,133.7246090400,144.9650512800,140.2611705600,25385774,1757660952.6200,3.178800,1,3.353700,25.261237,4.031741,0.609185,114.944443,0
2026-07-07,sh.603296,143.5599960000,150.6667248800,142.0938513600,144.9243250400,144.9650512800,20689104,1495460230.3100,2.590700,1,-0.028100,25.254140,4.030608,0.609014,114.912151,0
2026-07-08,sh.603296,154.7597120000,159.4228664800,153.7008297600,159.4228664800,144.9243250400,49689424,3853722380.1100,6.222100,1,10.004200,27.780618,4.433839,0.669941,126.408210,0
2026-07-09,sh.603296,156.2258566400,167.7921088000,151.6441546400,167.2626676800,159.4228664800,57416569,4531326371.2500,7.189700,1,4.917600,29.146762,4.651878,0.702886,132.624478,0
2026-07-10,sh.603296,166.2852379200,175.1839213600,164.0452947200,168.6066336000,167.2626676800,49274251,4115824203.1300,6.170100,1,0.803500,29.380958,4.689256,0.708534,133.690124,0
2026-07-13,sh.603296,167.9753768800,174.3083072000,160.8686480000,161.2555472800,168.6066336000,32970274,2701433499.8800,4.128500,1,-4.359900,28.099977,4.484809,0.677642,127.861364,0
2026-07-14,sh.603296,165.9594280000,166.9775840000,145.1279562400,158.4047104800,161.2555472800,52563426,3935040496.6100,6.582000,1,-1.767900,27.603197,4.405522,0.665662,125.600903,0
2026-07-15,sh.603296,158.7508835200,164.8190932800,156.3480353600,159.2395984000,158.4047104800,30727661,2419894337.6100,3.847700,1,0.527100,27.748683,4.428742,0.669171,126.262895,0
2026-07-16,sh.603296,160.8279217600,165.3078081600,152.7234000000,160.1763019200,159.2395984000,34552926,2737145823.9300,4.326700,1,0.588200,27.911910,4.454793,0.673107,127.005618,0
2026-07-17,sh.603296,158.5879785600,160.8890111200,145.3519505600,146.1257491200,160.1763019200,33071194,2468414317.2400,4.141200,1,-8.771900,25.463497,4.064022,0.614062,115.864774,0
2026-07-20,sh.603296,149.6689320000,157.3051020000,145.4741292800,149.2209433600,146.1257491200,36907720,2733835863.6600,4.621600,1,2.118200,26.002857,4.150105,0.627069,118.318989,0
2026-07-21,sh.603296,151.7052440000,162.6606025600,147.4289888000,162.2940664000,149.2209433600,35883549,2751709027.3700,4.493300,1,8.760900,28.280946,4.513692,0.682006,128.684817,0
2026-07-22,sh.603296,167.9957400000,178.5234730400,165.9594280000,178.5234730400,162.2940664000,28140013,2418468435.7500,3.523700,1,10.000000,31.109041,4.965061,0.750207,141.553299,0
2026-07-23,sh.603296,183.2680800000,187.0963465600,175.1228320000,180.9874105600,178.5234730400,61755683,5504383029.0300,7.733000,1,1.380200,31.538400,5.033588,0.760561,143.506983,0
2026-07-24,sh.603296,176.7518816000,187.0963465600,175.1431951200,179.5823552800,180.9874105600,42438359,3776330655.0500,5.314100,1,-0.776300,31.293559,4.994510,0.754657,142.392899,0
2026-07-27,sh.603296,175.1228320000,186.3225480000,172.0480008800,177.0166021600,179.5823552800,41592376,3639387780.1000,5.208200,1,-1.428700,30.846457,4.923152,0.743875,140.358484,0
2026-07-28,sh.603296,170.2764094400,177.7700376000,169.1157116000,171.3760179200,177.0166021600,32595025,2756768963.1200,4.081500,1,-3.186500,29.863544,4.766277,0.720171,135.886000,0
2026-07-29,sh.603296,169.7876945600,173.0661568800,158.3843473600,170.3374988000,171.3760179200,36353473,2962819022.6900,4.552200,1,-0.606000,29.682574,4.737394,0.715807,135.062547,0
2026-07-30,sh.603296,167.7921088000,171.0298448800,156.1036779200,160.4613856000,170.3374988000,33058807,2634475473.2000,4.139600,1,-5.798000,27.961588,4.462722,0.674305,127.231664,0
2026-07-31,sh.603296,169.0138960000,171.4574704000,163.6583954400,165.5114393600,160.4613856000,28637904,2366113555.7300,3.586000,1,3.147200,28.841597,4.603173,0.695527,131.235909,0
2026-08-03,sh.603296,165.1449032000,166.5703216000,150.0761944000,150.4834568000,165.5114393600,35996262,2731628746.4400,4.507400,1,-9.079700,26.222860,4.185217,0.632375,119.320050,0
2026-08-04,sh.603296,152.2550482400,157.4069176000,148.4471448000,155.8796836000,150.4834568000,24373509,1837681863.2500,3.052000,1,3.585900,27.163192,4.335296,0.655051,123.598780,0
2026-08-05,sh.603296,154.3320864800,164.9412720000,152.8863049600,162.9864124800,155.8796836000,29909982,2378887040.4000,3.745300,1,4.559100,28.401593,4.532947,0.684916,129.233786,0
2026-08-06,sh.603296,159.6468608000,167.5884776000,157.8345431200,165.4096237600,162.9864124800,27973542,2252478484.2600,3.502800,1,1.486800,28.823855,4.600341,0.695099,131.155178,0
2026-08-07,sh.603296,164.8190932800,168.4030024000,161.3166366400,166.5906847200,165.4096237600,23787268,1935275420.7700,2.978600,1,0.714000,29.029664,4.633189,0.700062,132.091655,0
2026-08-10,sh.603296,166.7332265600,167.9957400000,160.6650168000,164.5543727200,166.5906847200,19237528,1541590745.3600,2.408900,1,-1.222300,28.674821,4.576555,0.691505,130.477040,0
2026-08-11,sh.603296,163.4751273600,169.3397059200,162.7013288000,162.9660493600,164.5543727200,24429105,1995951435.3100,3.059000,1,-0.965200,28.398044,4.532381,0.684830,129.217640,0
2026-08-12,sh.603296,162.6198763200,163.7805741600,158.5879785600,160.9093742400,162.9660493600,19134848,1512893501.6600,2.396100,1,-1.262000,28.039653,4.475181,0.676188,127.586879,0
2026-08-13,sh.603296,166.5499584800,176.9962390400,166.5499584800,175.0617426400,160.9093742400,50183391,4294605446.5600,6.284000,1,8.795200,30.505809,4.868784,0.735660,138.808453,0
2026-08-14,sh.603296,175.0617426400,179.3990872000,171.4574704000,175.0413795200,175.0617426400,36108431,3097139167.9800,4.521500,1,-0.011600,30.502260,4.868218,0.735574,138.792307,0
2026-08-17,sh.603296,175.9373568000,178.3809312000,172.2516320800,176.9555128000,175.0413795200,27306164,2347799251.0100,3.419300,1,1.093500,30.835812,4.921453,0.743618,140.310045,0
2026-08-18,sh.603296,175.7337256000,175.7337256000,169.5840633600,172.7810732000,176.9555128000,24332843,2059839440.4200,3.047000,1,-2.359000,30.108385,4.805354,0.726076,137.000085,0
2026-08-19,sh.603296,168.6066336000,168.8102648000,158.1807161600,159.0359672000,172.7810732000,26418347,2120733387.8800,3.308100,1,-7.955200,27.713198,4.423078,0.668315,126.101433,0
2026-08-20,sh.603296,161.6628096800,162.8235075200,157.2032864000,159.4839558400,159.0359672000,17759241,1392986381.8900,2.223800,1,0.281700,27.791264,4.435538,0.670198,126.456649,0
2026-08-21,sh.603296,158.8323360000,161.2148210400,157.8141800000,159.3210508800,159.4839558400,15515913,1215674441.4900,1.942900,1,-0.102100,27.762876,4.431007,0.669513,126.327479,0
2026-08-24,sh.603296,158.8323360000,158.8323360000,150.2594624800,153.1713886400,159.3210508800,20091190,1519274109.5600,2.515800,1,-3.859900,26.684238,4.258854,0.643501,121.419427,0
2026-08-25,sh.603296,152.0514170400,154.6782595200,149.6892951200,152.7234000000,153.1713886400,15831438,1183973154.1000,1.982400,1,-0.292500,26.606193,4.246398,0.641619,121.064305,0
