date,code,open,high,low,close,preclose,volume,amount,turn,tradestatus,pctChg,peTTM,pbMRQ,psTTM,pcfNcfTTM,isST
2020-07-22,sh.688418,32.0000000000,51.2000000000,31.1600000000,41.9900000000,16.2500000000,29967271,1174614179.0000,75.992500,1,158.400000,129.584693,16.805645,18.893109,-377.065754,0
2020-07-23,sh.688418,42.5000000000,55.3000000000,42.5000000000,55.3000000000,41.9900000000,21056764,1011371917.7400,53.396800,1,31.698000,170.660479,22.132702,24.881851,-496.588145,0
2020-07-24,sh.688418,53.9800000000,61.5000000000,48.8900000000,54.4200000000,55.3000000000,22563130,1236971845.0000,57.216700,1,-1.591300,167.944724,21.780500,24.485901,-488.685838,0
2020-07-27,sh.688418,56.0000000000,60.3000000000,49.0300000000,58.0000000000,54.4200000000,15224124,839037696.0000,38.606100,1,6.578500,178.992907,23.213322,26.096697,-520.833859,0
2020-07-28,sh.688418,55.5500000000,59.0000000000,52.2000000000,52.6100000000,58.0000000000,12894063,718172716.0000,32.697400,1,-9.293100,162.358911,21.056084,23.671504,-472.432229,0
2020-07-29,sh.688418,50.5500000000,52.3900000000,48.5500000000,51.3300000000,52.6100000000,12756506,645883665.0000,32.348600,1,-2.433000,158.408723,20.543790,23.095577,-460.937965,0
2020-07-30,sh.688418,50.5800000000,58.5500000000,48.8100000000,54.0000000000,51.3300000000,17459357,919953702.4300,44.274300,1,5.201600,166.648569,21.612403,24.296925,-484.914282,0
2020-07-31,sh.688418,52.5000000000,53.3500000000,48.5000000000,49.2200000000,54.0000000000,15181966,767945896.0000,38.499200,1,-8.851900,151.897084,19.699305,22.146197,-441.990388,0
2020-08-03,sh.688418,48.5000000000,50.7000000000,47.2800000000,49.0000000000,49.2200000000,11889819,581187873.0000,30.150800,1,-0.447000,151.218146,19.611255,22.047210,-440.014812,0
2020-08-04,sh.688418,49.7000000000,50.5700000000,48.1200000000,49.1500000000,49.0000000000,10497199,519774992.0000,26.619300,1,0.306100,151.681059,19.671289,22.114701,-441.361796,0
2020-08-05,sh.688418,49.3600000000,49.8600000000,46.1400000000,48.4400000000,49.1500000000,9408967,448573184.0100,23.859700,1,-1.444600,149.489938,19.387126,21.795242,-434.986071,0
2020-08-06,sh.688418,47.2800000000,47.7400000000,45.1100000000,45.4000000000,48.4400000000,8654625,400250377.1300,21.946800,1,-6.275800,140.108241,18.170428,20.427415,-407.687193,0
2020-08-07,sh.688418,45.2400000000,45.7500000000,42.0200000000,44.2800000000,45.4000000000,8136127,357502564.0000,20.632000,1,-2.467000,136.651827,17.722171,19.923479,-397.629711,0
2020-08-10,sh.688418,43.3300000000,44.8900000000,43.3300000000,43.6000000000,44.2800000000,3844300,168788052.0000,9.748600,1,-1.535700,134.553289,17.450015,19.617517,-391.523383,0
2020-08-11,sh.688418,43.6000000000,46.6000000000,43.3800000000,44.2700000000,43.6000000000,7228968,328611131.0000,18.331600,1,1.536700,136.620966,17.718168,19.918979,-397.539913,0
2020-08-12,sh.688418,43.1000000000,43.3900000000,40.0200000000,41.1400000000,44.2700000000,7317063,302564369.0000,18.555000,1,-7.070300,126.961521,16.465450,18.510657,-369.432844,0
2020-08-13,sh.688418,41.5000000000,41.8700000000,40.0000000000,40.3800000000,41.1400000000,3489940,142135905.0000,8.850000,1,-1.847300,124.616097,16.161275,18.168701,-362.608124,0
2020-08-14,sh.688418,40.0600000000,41.1200000000,39.8000000000,40.8300000000,40.3800000000,2124100,86111877.0000,5.386400,1,1.114400,126.004835,16.341378,18.371175,-366.649077,0
2020-08-17,sh.688418,40.9800000000,41.2500000000,39.9200000000,40.8600000000,40.8300000000,3189240,129275909.0000,8.087400,1,0.073500,126.097417,16.353385,18.384673,-366.918474,0
2020-08-18,sh.688418,40.8400000000,42.4300000000,40.4500000000,41.5000000000,40.8600000000,4143997,172224332.4500,10.508600,1,1.566300,128.072511,16.609532,18.672637,-372.665606,0
2020-08-19,sh.688418,41.6000000000,43.3000000000,40.5000000000,40.6000000000,41.5000000000,4005333,168863618.0000,10.156900,1,-2.168700,125.295035,16.249325,18.267688,-364.583701,0
2020-08-20,sh.688418,39.7900000000,39.7900000000,37.5000000000,37.7000000000,40.6000000000,4664565,178442331.9000,11.828600,1,-7.142900,116.345390,15.088659,16.962853,-338.542008,0
2020-08-21,sh.688418,37.7000000000,38.8000000000,37.3300000000,37.6000000000,37.7000000000,1946171,73451472.4200,4.935200,1,-0.265300,116.036781,15.048636,16.917859,-337.644019,0
2020-08-24,sh.688418,37.3200000000,37.3600000000,34.8000000000,36.1700000000,37.6000000000,2616679,94424930.7200,6.635500,1,-3.803200,111.623680,14.476308,16.274440,-324.802770,0
2020-08-25,sh.688418,36.4000000000,36.9400000000,35.8600000000,36.7500000000,36.1700000000,2150156,78278125.0000,5.452500,1,1.603500,113.413609,14.708441,16.535407,-330.011109,0
2020-08-26,sh.688418,36.9400000000,37.7000000000,35.1300000000,35.3600000000,36.7500000000,2551890,92295503.0000,6.471200,1,-3.782300,109.123952,14.152122,15.909987,-317.529056,0
2020-08-27,sh.688418,35.0400000000,37.2900000000,34.1500000000,36.4000000000,35.3600000000,2878465,102754556.3700,7.299400,1,2.941200,112.333480,14.568361,16.377927,-326.868146,0
2020-08-28,sh.688418,36.4000000000,37.4600000000,36.1100000000,36.7000000000,36.4000000000,3045506,112668673.0000,7.722900,1,0.824200,109.886095,13.978793,14.619030,3547.836718,0
2020-08-31,sh.688418,36.8800000000,39.4800000000,36.7100000000,38.4400000000,36.7000000000,3673580,142094148.0000,9.315600,1,4.741100,115.095954,14.641548,15.312139,3716.044780,0
2020-09-01,sh.688418,38.0100000000,39.2300000000,38.0100000000,38.3600000000,38.4400000000,1915610,74039911.0000,4.857700,1,-0.208100,114.856420,14.611077,15.280272,3708.311076,0
2020-09-02,sh.688418,38.6000000000,40.0000000000,37.6700000000,39.4300000000,38.3600000000,2806736,109508457.0000,7.117500,1,2.789400,118.060183,15.018633,15.706494,3811.749367,0
2020-09-03,sh.688418,41.0000000000,45.2800000000,41.0000000000,45.2600000000,39.4300000000,8206800,358754793.1100,20.811200,1,14.785700,135.516203,17.239242,18.028809,4375.343047,0
2020-09-04,sh.688418,43.8000000000,43.9000000000,42.6100000000,42.9000000000,45.2600000000,4394975,189473694.5100,11.145000,1,-5.214300,128.449959,16.340333,17.088729,4147.198779,0
2020-09-07,sh.688418,43.0900000000,44.1800000000,40.5000000000,40.5000000000,42.9000000000,4120958,174079227.0000,10.450100,1,-5.594400,121.263947,15.426189,16.132717,3915.187658,0
2020-09-08,sh.688418,40.0000000000,41.9000000000,39.6800000000,40.3200000000,40.5000000000,2256722,91482721.0000,5.722700,1,-0.444400,120.724996,15.357628,16.061016,3897.786824,0
2020-09-09,sh.688418,38.5800000000,39.7000000000,37.4700000000,37.6800000000,40.3200000000,2801689,107223267.0000,7.104700,1,-6.547600,112.820383,14.352069,15.009401,3642.574592,0
2020-09-10,sh.688418,38.6800000000,39.5900000000,37.4800000000,37.5900000000,37.6800000000,2171208,83514255.0000,5.505900,1,-0.238900,112.550908,14.317788,14.973551,3633.874175,0
2020-09-11,sh.688418,37.8900000000,38.7700000000,37.1300000000,38.6500000000,37.5900000000,1199131,45467179.0000,3.040800,1,2.819900,115.724730,14.721536,15.395790,3736.345753,0
2020-09-14,sh.688418,40.0000000000,40.3700000000,37.5700000000,37.9500000000,38.6500000000,1887919,72733292.7000,4.787500,1,-1.811100,113.628810,14.454910,15.116953,3668.675843,0
2020-09-15,sh.688418,38.0800000000,38.7800000000,37.0100000000,38.0000000000,37.9500000000,1627166,61455998.0000,4.126200,1,0.131800,113.778518,14.473955,15.136870,3673.509408,0
2020-09-16,sh.688418,38.3000000000,38.3000000000,36.7000000000,36.8700000000,38.0000000000,1411993,52429410.0000,3.580600,1,-2.973700,110.395104,14.043545,14.686747,3564.270839,0
2020-09-17,sh.688418,36.2000000000,40.1800000000,36.1300000000,39.1700000000,36.8700000000,3701716,144314004.0000,9.387000,1,6.238100,117.281699,14.919600,15.602926,3786.614829,0
2020-09-18,sh.688418,39.1900000000,39.7900000000,38.6000000000,39.1800000000,39.1700000000,1749698,68341289.0000,4.437000,1,0.025500,117.311641,14.923409,15.606909,3787.581542,0
2020-09-21,sh.688418,39.5000000000,39.5000000000,37.3700000000,37.7600000000,39.1800000000,1858873,71032065.9900,4.713800,1,-3.624300,113.059917,14.382540,15.041269,3650.308296,0
2020-09-22,sh.688418,37.0300000000,37.8000000000,36.6300000000,36.7400000000,37.7600000000,1162118,43200261.3200,2.947000,1,-2.701300,110.005862,13.994029,14.634963,3551.703570,0
2020-09-23,sh.688418,36.7400000000,37.9000000000,36.7400000000,37.2800000000,36.7400000000,1200396,44669452.0000,3.044000,1,1.469800,111.622715,14.199711,14.850066,3603.906072,0
2020-09-24,sh.688418,36.9300000000,36.9800000000,35.7000000000,36.0000000000,37.2800000000,1299273,46939501.0000,3.294800,1,-3.433500,107.790175,13.712168,14.340192,3480.166807,0
2020-09-25,sh.688418,36.0000000000,36.4500000000,35.3800000000,35.5600000000,36.0000000000,795817,28509592.7500,2.018100,1,-1.222200,106.472740,13.544575,14.164923,3437.631435,0
2020-09-28,sh.688418,35.5300000000,35.5300000000,34.1500000000,34.1700000000,35.5600000000,995154,34535116.0000,2.523600,1,-3.908900,102.310841,13.015133,13.611233,3303.258328,0
2020-09-29,sh.688418,34.6000000000,34.9100000000,34.1100000000,34.1300000000,34.1700000000,887960,30688439.4100,2.251700,1,-0.117100,102.191074,12.999897,13.595299,3299.391476,0
2020-09-30,sh.688418,34.1900000000,34.5500000000,34.0000000000,34.0900000000,34.1300000000,764956,26158237.0000,1.939800,1,-0.117200,102.071307,12.984661,13.579366,3295.524624,0
2020-10-09,sh.688418,34.8000000000,35.7900000000,34.5500000000,35.6000000000,34.0900000000,1146186,40531689.9400,2.906600,1,4.429500,106.592506,13.559810,14.180857,3441.498287,0
2020-10-12,sh.688418,36.2600000000,37.6000000000,35.8000000000,37.5000000000,35.6000000000,1482553,54854761.4300,3.759500,1,5.337100,112.281432,14.283508,14.937700,3625.173758,0
2020-10-13,sh.688418,37.9000000000,39.4900000000,37.5800000000,37.7800000000,37.5000000000,2157067,82639536.0000,5.470000,1,0.746700,113.119800,14.390158,15.049235,3652.241722,0
2020-10-14,sh.688418,37.6700000000,38.5400000000,37.0400000000,37.2200000000,37.7800000000,1149691,42943033.0000,2.915400,1,-1.482300,111.443064,14.176858,14.826166,3598.105794,0
2020-10-15,sh.688418,37.4300000000,37.5600000000,36.2500000000,36.2500000000,37.2200000000,957489,35245466.7800,2.428000,1,-2.606100,108.538718,13.807391,14.439777,3504.334633,0
2020-10-16,sh.688418,36.1000000000,37.3600000000,35.8800000000,36.2800000000,36.2500000000,795563,29017693.2600,2.017400,1,0.082800,108.628543,13.818818,14.451727,3507.234772,0
2020-10-19,sh.688418,36.9700000000,38.5000000000,36.3300000000,37.4900000000,36.2800000000,1458914,54396641.0000,3.699600,1,3.335200,112.251491,14.279699,14.933717,3624.207045,0
2020-10-20,sh.688418,37.4000000000,37.4000000000,35.7400000000,36.8800000000,37.4900000000,1091062,39874623.0000,2.766800,1,-1.627100,110.425046,14.047354,14.690730,3565.237552,0
2020-10-21,sh.688418,36.5000000000,37.3600000000,35.2500000000,35.3100000000,36.8800000000,1204989,43106297.0000,3.055700,1,-4.257000,105.724197,13.449351,14.065339,3413.463610,0
2020-10-22,sh.688418,35.0000000000,35.3700000000,34.6000000000,35.0900000000,35.3100000000,665462,23266835.4400,1.687500,1,-0.623100,105.065479,13.365555,13.977704,3392.195924,0
2020-10-23,sh.688418,35.2800000000,35.4700000000,33.8000000000,33.8000000000,35.0900000000,1355052,46595770.6400,3.436200,1,-3.676300,101.202998,12.874202,13.463847,3267.489947,0
2020-10-26,sh.688418,33.9100000000,33.9100000000,33.1200000000,33.4500000000,33.8000000000,836485,27944756.0000,2.121200,1,-1.035500,100.155038,12.740889,13.324429,3233.654992,0
2020-10-27,sh.688418,33.2200000000,34.8200000000,33.1900000000,34.2800000000,33.4500000000,838903,28546026.2700,2.127300,1,2.481300,102.640200,13.057031,13.655050,3313.892171,0
2020-10-28,sh.688418,34.2800000000,34.4800000000,33.4300000000,34.2600000000,34.2800000000,981969,33339234.1900,2.490100,1,-0.058300,102.580317,13.049413,13.647083,3311.958745,0
2020-10-29,sh.688418,34.0000000000,34.2000000000,33.5100000000,33.6200000000,34.2600000000,815512,27516268.0000,2.068000,1,-1.868100,100.664047,12.805641,13.392146,3250.089113,0
2020-10-30,sh.688418,33.5400000000,33.5900000000,31.5300000000,32.1300000000,33.6200000000,2379402,76928940.0000,6.033800,1,-4.431900,100.925845,5.065763,12.940648,19.246203,0
2020-11-02,sh.688418,32.1100000000,32.4900000000,30.0800000000,30.5500000000,32.1300000000,1772130,54608467.1000,4.493900,1,-4.917500,95.962794,4.816653,12.304289,18.299766,0
2020-11-03,sh.688418,29.7800000000,33.4000000000,29.7800000000,32.8000000000,30.5500000000,2082102,67372831.9400,5.279900,1,7.365000,103.030430,5.171398,13.210497,19.647540,0
2020-11-04,sh.688418,32.8800000000,33.7400000000,32.2500000000,33.2000000000,32.8000000000,1422311,47122015.4100,3.606800,1,1.219500,104.286899,5.234464,13.371600,19.887144,0
2020-11-05,sh.688418,33.9900000000,34.8000000000,32.8800000000,33.8500000000,33.2000000000,1394980,47147670.2300,3.537500,1,1.957800,106.328660,5.336946,13.633394,20.276500,0
2020-11-06,sh.688418,33.7500000000,35.0000000000,33.7500000000,33.7500000000,33.8500000000,1836167,63163595.7200,4.656200,1,-0.295400,106.014543,5.321180,13.593118,20.216599,0
2020-11-09,sh.688418,33.8200000000,35.7800000000,33.7500000000,35.4000000000,33.7500000000,2096583,73663912.5700,5.316600,1,4.888900,111.197476,5.581326,14.257670,21.204966,0
2020-11-10,sh.688418,35.0400000000,35.8500000000,34.6500000000,34.9800000000,35.4000000000,1335543,46922068.6300,3.386700,1,-1.186400,109.878184,5.515107,14.088511,20.953382,0
2020-11-11,sh.688418,34.9800000000,35.3500000000,34.0000000000,34.0500000000,34.9800000000,1009067,34910047.9200,2.558800,1,-2.658700,106.956895,5.368479,13.713945,20.396302,0
2020-11-12,sh.688418,34.4300000000,34.5500000000,33.3100000000,33.5100000000,34.0500000000,666007,22479236.1700,1.688900,1,-1.585900,105.260662,5.283340,13.496455,20.072837,0
2020-11-13,sh.688418,33.4100000000,33.9600000000,33.2200000000,33.6800000000,33.5100000000,640078,21520457.3600,1.623100,1,0.507300,105.794661,5.310143,13.564925,20.174669,0
2020-11-16,sh.688418,33.8800000000,34.2400000000,33.0100000000,33.2500000000,33.6800000000,603795,20100824.2000,1.531100,1,-1.276700,104.443957,5.242347,13.391738,19.917094,0
2020-11-17,sh.688418,33.4300000000,33.4300000000,31.6000000000,32.2000000000,33.2500000000,923554,29704787.0900,2.342000,1,-3.157900,101.145727,5.076800,12.968841,19.288133,0
2020-11-18,sh.688418,32.1900000000,32.8700000000,31.6600000000,32.4800000000,32.2000000000,578898,18721247.1100,1.468000,1,0.869600,102.025255,5.120946,13.081614,19.455856,0
2020-11-19,sh.688418,32.2900000000,32.7900000000,32.1000000000,32.6200000000,32.4800000000,436995,14232580.4200,1.108200,1,0.431000,102.465019,5.143019,13.138000,19.539718,0
2020-11-20,sh.688418,32.8800000000,33.7700000000,32.6200000000,32.9100000000,32.6200000000,817854,27164301.7200,2.074000,1,0.889000,103.375959,5.188741,13.254800,19.713431,0
2020-11-23,sh.688418,32.9000000000,32.9900000000,31.9800000000,32.1000000000,32.9100000000,857473,27680624.9000,2.174400,1,-2.461300,100.831610,5.061033,12.928565,19.228232,0
2020-11-24,sh.688418,32.0800000000,32.4900000000,32.0800000000,32.4300000000,32.1000000000,659329,21281486.5300,1.672000,1,1.028000,101.868197,5.113062,13.061476,19.425906,0
2020-11-25,sh.688418,32.4800000000,35.5900000000,32.4800000000,34.2000000000,32.4300000000,2461103,83589834.1900,6.241000,1,5.457900,107.428070,5.392129,13.774359,20.486154,0
2020-11-26,sh.688418,34.2000000000,34.7200000000,33.1000000000,33.7000000000,34.2000000000,1176846,39898144.8600,2.984300,1,-1.462000,105.857485,5.313296,13.572980,20.186649,0
2020-11-27,sh.688418,33.6700000000,33.6700000000,32.4100000000,32.7400000000,33.7000000000,975880,32131054.2800,2.474700,1,-2.848700,102.841960,5.161938,13.186331,19.611599,0
2020-11-30,sh.688418,33.1200000000,33.6600000000,32.4500000000,32.9600000000,32.7400000000,976364,32304052.4500,2.475900,1,0.672000,103.533018,5.196625,13.274938,19.743381,0
2020-12-01,sh.688418,32.2700000000,33.4000000000,32.2600000000,33.0900000000,32.9600000000,660422,21768989.0700,1.674700,1,0.394400,103.941370,5.217121,13.327297,19.821253,0
2020-12-02,sh.688418,33.0700000000,33.9500000000,32.8000000000,33.7100000000,33.0900000000,953145,31842024.5600,2.417000,1,1.873700,105.888896,5.314873,13.577007,20.192639,0
2020-12-03,sh.688418,33.7100000000,33.9200000000,33.4000000000,33.6300000000,33.7100000000,566211,19053187.7200,1.435800,1,-0.237300,105.637603,5.302260,13.544787,20.144718,0
2020-12-04,sh.688418,33.6200000000,33.9800000000,33.4800000000,33.9300000000,33.6300000000,659774,22279544.2000,1.673100,1,0.892100,106.579954,5.349559,13.665614,20.324421,0
2020-12-07,sh.688418,34.1400000000,34.6700000000,33.8000000000,34.0400000000,33.9300000000,777892,26616942.1900,1.972600,1,0.324200,106.925483,5.366902,13.709918,20.390312,0
2020-12-08,sh.688418,33.8100000000,34.3800000000,33.6000000000,33.6500000000,34.0400000000,535397,18225155.3000,1.357700,1,-1.145700,105.700426,5.305413,13.552842,20.156698,0
2020-12-09,sh.688418,33.6000000000,33.9200000000,32.5800000000,32.7000000000,33.6500000000,600967,20014229.4400,1.524000,1,-2.823200,102.716313,5.155632,13.170221,19.587639,0
2020-12-10,sh.688418,32.5900000000,33.8900000000,32.0000000000,33.1800000000,32.7000000000,884359,29239390.6800,2.242600,1,1.467900,104.224075,5.231311,13.363545,19.875163,0
2020-12-11,sh.688418,33.1800000000,33.1800000000,32.0700000000,32.2400000000,33.1800000000,750222,24340804.0800,1.902400,1,-2.833000,101.271374,5.083106,12.984951,19.312094,0
2020-12-14,sh.688418,32.1100000000,32.5200000000,31.3300000000,32.1700000000,32.2400000000,624896,19998845.0700,1.584600,1,-0.217100,101.051492,5.072070,12.956758,19.270163,0
2020-12-15,sh.688418,32.0100000000,32.2000000000,31.1000000000,31.2900000000,32.1700000000,803242,25264049.0300,2.036900,1,-2.735500,98.287261,4.933325,12.602330,18.743034,0
2020-12-16,sh.688418,31.3900000000,31.3900000000,29.9600000000,29.9900000000,31.2900000000,1142412,34737014.2500,2.897000,1,-4.154700,94.203738,4.728361,12.078744,17.964320,0
2020-12-17,sh.688418,29.9700000000,30.3900000000,29.6000000000,30.2600000000,29.9900000000,675382,20238901.5700,1.712700,1,0.900300,95.051854,4.770930,12.187489,18.126053,0
2020-12-18,sh.688418,30.2000000000,30.4300000000,29.1200000000,29.6300000000,30.2600000000,789229,23409207.8700,2.001400,1,-2.082000,93.072916,4.671602,11.933750,17.748677,0
2020-12-21,sh.688418,29.6200000000,30.2600000000,29.0500000000,29.2600000000,29.6300000000,995723,29365084.0800,2.525000,1,-1.248700,91.910682,4.613266,11.784730,17.527043,0
2020-12-22,sh.688418,29.1000000000,29.2700000000,27.9100000000,28.0800000000,29.2600000000,1107734,31650150.6700,2.809000,1,-4.032800,88.204100,4.427221,11.309474,16.820211,0
2020-12-23,sh.688418,28.3800000000,28.3800000000,27.3000000000,27.5900000000,28.0800000000,1161332,32144497.0000,2.945000,1,-1.745000,86.664926,4.349966,11.112122,16.526696,0
2020-12-24,sh.688418,27.6600000000,28.5000000000,27.0300000000,27.1700000000,27.5900000000,1835339,51113609.3000,4.654100,1,-1.522300,85.345634,4.283747,10.942963,16.275111,0
2020-12-25,sh.688418,27.0300000000,27.4300000000,26.6600000000,26.7700000000,27.1700000000,790379,21366049.6100,2.004300,1,-1.472200,84.089165,4.220681,10.781860,16.035507,0
2020-12-28,sh.688418,26.7800000000,26.7800000000,25.1000000000,25.6100000000,26.7700000000,1505785,38589779.5700,3.818400,1,-4.333200,80.445406,4.037790,10.314659,15.340655,0
2020-12-29,sh.688418,25.6100000000,26.4500000000,25.3600000000,25.9600000000,25.6100000000,753151,19656033.6000,1.909900,1,1.366700,81.544816,4.092973,10.455625,15.550309,0
2020-12-30,sh.688418,25.9600000000,25.9600000000,25.0000000000,25.5400000000,25.9600000000,1071930,27230213.6600,2.718300,1,-1.617900,80.225524,4.026753,10.286466,15.298724,0
2020-12-31,sh.688418,25.8900000000,26.2900000000,25.5200000000,26.0800000000,25.5400000000,691191,18012895.7700,1.752800,1,2.114300,81.921757,4.111892,10.503956,15.622190,0
2021-01-04,sh.688418,26.2000000000,27.0100000000,25.8200000000,26.7000000000,26.0800000000,883702,23486109.0600,2.240900,1,2.377300,83.869283,4.209644,10.753666,15.993576,0
2021-01-05,sh.688418,26.6300000000,26.9100000000,25.7900000000,26.2600000000,26.7000000000,1210426,31786196.9800,3.069500,1,-1.647900,82.487168,4.140272,10.576452,15.730012,0
2021-01-06,sh.688418,26.0800000000,26.3100000000,25.0000000000,25.0600000000,26.2600000000,1469053,37292404.3700,3.725300,1,-4.569700,78.717762,3.951074,10.093142,15.011199,0
2021-01-07,sh.688418,25.0500000000,25.0500000000,23.5200000000,23.7300000000,25.0600000000,1772391,42792076.2400,4.494500,1,-5.307300,74.540003,3.741381,9.557472,14.214516,0
2021-01-08,sh.688418,23.8600000000,24.3800000000,22.7100000000,23.5300000000,23.7300000000,1181475,27788793.4900,2.996000,1,-0.842800,73.911769,3.709848,9.476920,14.094714,0
2021-01-11,sh.688418,23.0200000000,23.5100000000,22.3900000000,22.5400000000,23.5300000000,1155132,26387546.0500,2.929200,1,-4.207400,70.802009,3.553760,9.078189,13.501693,0
2021-01-12,sh.688418,22.7000000000,22.8400000000,21.9000000000,22.1600000000,22.5400000000,1140126,25343518.9700,2.891200,1,-1.685900,69.608364,3.493847,8.925140,13.274069,0
2021-01-13,sh.688418,22.1700000000,22.1800000000,20.6600000000,20.6600000000,22.1600000000,1912652,40345148.2100,4.850200,1,-6.769000,64.896606,3.257350,8.321002,12.375554,0
2021-01-14,sh.688418,20.8900000000,21.9500000000,20.6800000000,21.6000000000,20.6600000000,1520138,32512702.5500,3.854800,1,4.549900,67.849308,3.405555,8.699595,12.938624,0
2021-01-15,sh.688418,21.5800000000,23.3100000000,21.4000000000,22.4100000000,21.6000000000,1965387,44340680.5000,4.983900,1,3.750000,70.393657,3.533263,9.025830,13.423822,0
2021-01-18,sh.688418,22.0400000000,23.1000000000,22.0200000000,22.7500000000,22.4100000000,1112188,25324178.9200,2.820300,1,1.517200,71.461655,3.586869,9.162768,13.627486,0
2021-01-19,sh.688418,22.8500000000,24.5900000000,22.7500000000,23.6600000000,22.7500000000,1985848,47393152.1100,5.035800,1,4.000000,74.320121,3.730344,9.529279,14.172585,0
2021-01-20,sh.688418,23.6700000000,23.8800000000,22.7000000000,22.8600000000,23.6600000000,1426074,32817460.1600,3.616300,1,-3.381200,71.807184,3.604212,9.207072,13.693377,0
2021-01-21,sh.688418,22.8500000000,23.0700000000,22.5100000000,22.5500000000,22.8600000000,1101167,25078362.1900,2.792400,1,-1.356100,70.833421,3.555336,9.082216,13.507683,0
2021-01-22,sh.688418,22.9900000000,22.9900000000,21.3000000000,21.4700000000,22.5500000000,1852333,40219503.1700,4.501600,1,-4.789400,67.440955,3.385059,8.647237,12.860752,0
2021-01-25,sh.688418,21.5000000000,22.4800000000,20.7200000000,22.1700000000,21.4700000000,1720889,37458524.9600,4.182100,1,3.260400,69.639775,3.495424,8.929168,13.280059,0
2021-01-26,sh.688418,21.9600000000,22.7700000000,21.7200000000,21.8200000000,22.1700000000,1049277,23434421.2100,2.550000,1,-1.578700,68.540365,3.440241,8.788202,13.070406,0
2021-01-27,sh.688418,21.8500000000,22.0000000000,21.0000000000,21.1700000000,21.8200000000,882741,18865244.2100,2.145300,1,-2.978900,66.498604,3.337759,8.526409,12.681049,0
2021-01-28,sh.688418,21.0300000000,22.5000000000,20.8900000000,21.3800000000,21.1700000000,1280625,27975944.9700,3.112200,1,0.992000,67.158250,3.370869,8.610988,12.806841,0
2021-01-29,sh.688418,21.7100000000,22.3800000000,21.2200000000,22.0400000000,21.3800000000,1242563,27015086.7000,3.019700,1,3.087000,69.231423,3.474927,8.876809,13.202188,0
2021-02-01,sh.688418,21.9000000000,22.4500000000,21.2200000000,21.4800000000,22.0400000000,1404242,30403921.4200,3.412600,1,-2.540800,67.472367,3.386635,8.651264,12.866742,0
2021-02-02,sh.688418,21.5100000000,21.9900000000,21.2100000000,21.5500000000,21.4800000000,921496,19941334.3400,2.239400,1,0.325900,67.692249,3.397672,8.679457,12.908673,0
2021-02-03,sh.688418,21.7400000000,21.7500000000,20.3500000000,20.3600000000,21.5500000000,1087048,22685123.2500,2.641800,1,-5.522000,63.954255,3.210051,8.200174,12.195851,0
2021-02-04,sh.688418,20.1800000000,20.5200000000,19.3800000000,19.6600000000,20.3600000000,975009,19246828.9000,2.369500,1,-3.438100,61.755435,3.099686,7.918243,11.776544,0
2021-02-05,sh.688418,19.8100000000,20.1200000000,19.3800000000,19.5300000000,19.6600000000,569979,11248147.4600,1.385200,1,-0.661200,61.347082,3.079189,7.865884,11.698672,0
2021-02-08,sh.688418,19.6900000000,19.6900000000,19.0200000000,19.4000000000,19.5300000000,579790,11231791.7800,1.409000,1,-0.665600,60.938730,3.058693,7.813525,11.620801,0
2021-02-09,sh.688418,19.4200000000,19.8300000000,19.2000000000,19.5100000000,19.4000000000,582611,11368419.1100,1.415900,1,0.567000,61.284259,3.076036,7.857829,11.686692,0
2021-02-10,sh.688418,19.3000000000,20.5700000000,19.2000000000,20.0800000000,19.5100000000,981047,19700377.5000,2.384200,1,2.921600,63.074727,3.165905,8.087402,12.028128,0
2021-02-18,sh.688418,20.3000000000,20.9800000000,20.2200000000,20.4200000000,20.0800000000,745055,15407980.1800,1.810600,1,1.693200,64.142725,3.219511,8.224340,12.231791,0
2021-02-19,sh.688418,20.4800000000,21.0800000000,20.1600000000,20.9100000000,20.4200000000,969529,20059504.3700,2.356200,1,2.399600,65.681899,3.296766,8.421692,12.525306,0
2021-02-22,sh.688418,20.9200000000,21.9800000000,20.9200000000,21.1700000000,20.9100000000,1099546,23506821.3900,2.672100,1,1.243400,66.498604,3.337759,8.526409,12.681049,0
2021-02-23,sh.688418,21.1800000000,21.4600000000,20.8600000000,21.2700000000,21.1700000000,684585,14482754.1800,1.663700,1,0.472400,66.812721,3.353526,8.566685,12.740950,0
2021-02-24,sh.688418,21.2800000000,21.9000000000,21.1900000000,21.4800000000,21.2700000000,833508,17942587.1500,2.025600,1,0.987300,67.472367,3.386635,8.651264,12.866742,0
2021-02-25,sh.688418,21.5600000000,21.7000000000,20.6000000000,20.6000000000,21.4800000000,700135,14729505.8300,1.701500,1,-4.096800,64.708136,3.247890,8.296836,12.339613,0
2021-02-26,sh.688418,20.2800000000,23.8900000000,20.2800000000,22.0800000000,20.6000000000,2889125,64915962.4800,7.021200,1,7.184500,69.357070,3.481234,8.892920,13.226149,0
2021-03-01,sh.688418,21.8600000000,23.1600000000,21.8600000000,22.5900000000,22.0800000000,1916438,43344221.7700,4.657400,1,2.309800,97.062496,3.561643,8.670975,13.531644,0
2021-03-02,sh.688418,22.6600000000,22.8800000000,22.1300000000,22.2400000000,22.5900000000,1005499,22552657.0600,2.443600,1,-1.549400,95.558650,3.506460,8.536631,13.321990,0
2021-03-03,sh.688418,22.3500000000,22.4200000000,21.7600000000,22.2700000000,22.2400000000,840540,18485738.9300,2.042700,1,0.134900,95.687551,3.511190,8.548146,13.339961,0
2021-03-04,sh.688418,22.1000000000,22.8700000000,22.0700000000,22.3400000000,22.2700000000,1129826,25347395.7600,2.745700,1,0.314300,95.988320,3.522227,8.575015,13.381891,0
2021-03-05,sh.688418,22.0900000000,22.8000000000,22.0900000000,22.5400000000,22.3400000000,719124,16244852.0900,1.747600,1,0.895300,96.847661,3.553760,8.651783,13.501693,0
2021-03-08,sh.688418,22.6800000000,24.4000000000,22.6800000000,23.7000000000,22.5400000000,2193475,52182919.4900,5.330600,1,5.146400,101.831835,3.736651,9.097039,14.196545,0
2021-03-09,sh.688418,23.4400000000,24.0500000000,22.3800000000,22.5300000000,23.7000000000,1316219,30181648.9600,3.198700,1,-4.936700,96.804694,3.552183,8.647945,13.495703,0
2021-03-10,sh.688418,22.5300000000,23.2300000000,21.3200000000,21.4000000000,22.5300000000,1045218,22896164.0200,2.540100,1,-5.015500,91.949421,3.374022,8.214204,12.818822,0
2021-03-11,sh.688418,21.3900000000,21.8100000000,21.0500000000,21.6400000000,21.4000000000,1049177,22478494.5700,2.549700,1,1.121500,92.980629,3.411862,8.306326,12.962584,0
2021-03-12,sh.688418,21.6100000000,21.9900000000,20.9900000000,21.7000000000,21.6400000000,988248,21146599.9000,2.401700,1,0.277300,93.238431,3.421321,8.329356,12.998525,0
2021-03-15,sh.688418,21.6200000000,21.8900000000,21.1700000000,21.3200000000,21.7000000000,512860,11046447.5600,1.246400,1,-1.751200,91.605685,3.361409,8.183497,12.770901,0
2021-03-16,sh.688418,21.5500000000,21.8100000000,21.2500000000,21.6000000000,21.3200000000,450472,9696827.1400,1.094700,1,1.313300,92.808761,3.405555,8.290972,12.938624,0
2021-03-17,sh.688418,21.4700000000,21.7800000000,21.4000000000,21.7100000000,21.6000000000,360508,7801748.0600,0.876100,1,0.509300,93.281398,3.422898,8.333195,13.004515,0
2021-03-18,sh.688418,21.8700000000,21.8700000000,20.5900000000,20.7100000000,21.7100000000,1319425,27739845.7900,3.206500,1,-4.606200,88.984696,3.265234,7.949353,12.405504,0
2021-03-19,sh.688418,20.7900000000,21.4800000000,20.5000000000,20.7200000000,20.7100000000,884480,18636319.0900,2.149500,1,0.048300,89.027663,3.266810,7.953192,12.411494,0
2021-03-22,sh.688418,20.2800000000,21.1300000000,20.2800000000,20.9200000000,20.7200000000,432597,9012704.4800,1.051300,1,0.965300,89.887004,3.298343,8.029960,12.531297,0
2021-03-23,sh.688418,20.7000000000,21.1400000000,20.4100000000,20.5300000000,20.9200000000,499041,10354585.9400,1.212800,1,-1.864200,88.211290,3.236854,7.880262,12.297683,0
2021-03-24,sh.688418,20.7700000000,20.9300000000,20.1100000000,20.3000000000,20.5300000000,499363,10181545.3100,1.213600,1,-1.120300,87.223049,3.200591,7.791978,12.159910,0
2021-03-25,sh.688418,20.3000000000,20.4100000000,19.9200000000,19.9200000000,20.3000000000,401070,8083284.0200,0.974700,1,-1.871900,85.590302,3.140678,7.646119,11.932286,0
2021-03-26,sh.688418,20.0900000000,20.1800000000,19.8400000000,20.0500000000,19.9200000000,559607,11174910.7000,1.360000,1,0.652600,86.148873,3.161175,7.696018,12.010158,0
2021-03-29,sh.688418,20.2300000000,20.2600000000,19.7000000000,19.8000000000,20.0500000000,507423,10078349.4100,1.233200,1,-1.246900,85.074698,3.121759,7.600058,11.860405,0
2021-03-30,sh.688418,19.6500000000,19.6800000000,19.1900000000,19.3500000000,19.8000000000,681160,13170552.8000,1.655400,1,-2.272700,83.141182,3.050810,7.427329,11.590850,0
2021-03-31,sh.688418,19.5000000000,19.5000000000,19.2100000000,19.3600000000,19.3500000000,307524,5947447.7900,0.747400,1,0.051700,83.184149,3.052386,7.431168,11.596840,0
2021-04-01,sh.688418,19.5500000000,19.5700000000,19.1500000000,19.4800000000,19.3600000000,448597,8676426.4700,1.090200,1,0.619800,83.699753,3.071306,7.477229,11.668722,0
2021-04-02,sh.688418,19.5800000000,20.6000000000,19.4500000000,20.2600000000,19.4800000000,1180086,23764984.9100,2.867900,1,4.004100,87.051181,3.194284,7.776625,12.135950,0
2021-04-06,sh.688418,20.3200000000,20.5300000000,20.1000000000,20.1200000000,20.2600000000,437790,8841517.5500,1.063900,1,-0.691000,86.449642,3.172211,7.722887,12.052088,0
2021-04-07,sh.688418,20.0200000000,20.2000000000,19.9000000000,20.1100000000,20.1200000000,499328,9995504.0800,1.213500,1,-0.049700,86.406675,3.170635,7.719049,12.046098,0
2021-04-08,sh.688418,20.0400000000,20.3300000000,20.0000000000,20.0200000000,20.1100000000,542515,10904782.0000,1.318400,1,-0.447500,86.019972,3.156445,7.684503,11.992187,0
2021-04-09,sh.688418,20.0200000000,20.1400000000,19.6100000000,19.8100000000,20.0200000000,451036,8905406.4500,1.096100,1,-1.049000,85.117665,3.123335,7.603896,11.866395,0
2021-04-12,sh.688418,19.9100000000,20.2000000000,19.5500000000,19.7100000000,19.8100000000,448570,8912064.3600,1.090100,1,-0.504800,84.687994,3.107569,7.565512,11.806494,0
2021-04-13,sh.688418,19.7600000000,19.7800000000,19.2900000000,19.5000000000,19.7100000000,402279,7847365.8900,0.977600,1,-1.065400,83.785687,3.074459,7.484905,11.680702,0
2021-04-14,sh.688418,19.6900000000,19.7200000000,19.2000000000,19.6400000000,19.5000000000,361075,7034615.6400,0.877500,1,0.717900,84.387225,3.096532,7.538643,11.764563,0
2021-04-15,sh.688418,19.6000000000,19.6300000000,19.3400000000,19.4400000000,19.6400000000,233624,4539010.6000,0.567800,1,-1.018300,83.527885,3.064999,7.461875,11.644761,0
2021-04-16,sh.688418,19.7800000000,19.8900000000,19.3600000000,19.7400000000,19.4400000000,603087,11834367.2600,1.465600,1,1.543200,84.816896,3.112299,7.577027,11.824464,0
2021-04-19,sh.688418,19.9000000000,20.5200000000,19.8000000000,20.3600000000,19.7400000000,869694,17598684.4100,2.113500,1,3.140800,87.480851,3.210051,7.815009,12.195851,0
2021-04-20,sh.688418,20.2100000000,20.8100000000,20.2100000000,20.4200000000,20.3600000000,960426,19781214.7600,2.334000,1,0.294700,87.738653,3.219511,7.838039,12.231791,0
2021-04-21,sh.688418,20.2000000000,20.4000000000,19.8300000000,19.8900000000,20.4200000000,853356,17132676.0900,2.073800,1,-2.595500,85.461401,3.135949,7.634603,11.914316,0
2021-04-22,sh.688418,20.0300000000,20.1700000000,19.7100000000,19.8300000000,19.8900000000,501647,9982822.8400,1.219100,1,-0.301700,85.203599,3.126489,7.611573,11.878375,0
2021-04-23,sh.688418,19.8300000000,19.8400000000,19.4500000000,19.5100000000,19.8300000000,611945,11977841.2200,1.487200,1,-1.613700,83.828654,3.076036,7.488744,11.686692,0
2021-04-26,sh.688418,19.7500000000,19.7500000000,19.3700000000,19.3900000000,19.5100000000,512123,10022609.2300,1.244600,1,-0.615100,83.313050,3.057116,7.442683,11.614811,0
2021-04-27,sh.688418,19.4100000000,19.4200000000,18.7500000000,18.9100000000,19.3900000000,856571,16229381.0300,2.081700,1,-2.475500,81.250633,2.981437,7.258439,11.327286,0
2021-04-28,sh.688418,18.5000000000,18.7400000000,17.7600000000,17.8900000000,18.9100000000,1659269,30099529.4700,4.032400,1,-5.394000,107.509567,2.822196,6.855887,32.113101,0
2021-04-29,sh.688418,17.9900000000,18.0000000000,16.9900000000,17.0000000000,17.8900000000,1263881,21804489.4700,3.071500,1,-4.974800,102.161131,2.681796,6.514817,30.515524,0
2021-04-30,sh.688418,16.8000000000,18.3800000000,16.5000000000,18.0200000000,17.0000000000,1894443,33327775.1300,4.603900,1,6.000000,108.290799,2.842704,6.905706,32.346455,0
2021-05-06,sh.688418,17.8000000000,18.2500000000,17.3700000000,17.4900000000,18.0200000000,723659,12825696.7000,1.758700,1,-2.941200,105.105776,2.759095,6.702597,31.395089,0
2021-05-07,sh.688418,17.6200000000,17.6200000000,17.1500000000,17.1500000000,17.4900000000,558383,9714658.3400,1.357000,1,-1.944000,103.062553,2.705459,6.572301,30.784778,0
2021-05-10,sh.688418,17.4900000000,17.6800000000,16.5800000000,16.8200000000,17.1500000000,966498,16298405.1400,2.348800,1,-1.924200,101.079425,2.653400,6.445836,30.192418,0
2021-05-11,sh.688418,16.7800000000,16.9700000000,16.6500000000,16.9500000000,16.8200000000,875920,14663214.2500,2.128700,1,0.772900,101.860657,2.673908,6.495656,30.425772,0
2021-05-12,sh.688418,16.9600000000,17.0500000000,16.5500000000,16.8400000000,16.9500000000,698401,11711291.4100,1.697300,1,-0.649000,101.199615,2.656555,6.453501,30.228319,0
2021-05-13,sh.688418,16.6000000000,17.3600000000,16.6000000000,16.8300000000,16.8400000000,713415,12164492.5600,1.733800,1,-0.059400,101.139520,2.654978,6.449669,30.210368,0
2021-05-14,sh.688418,16.8200000000,17.1400000000,16.8200000000,17.0100000000,16.8300000000,532254,9040765.6900,1.293500,1,1.069500,102.221226,2.683373,6.518649,30.533474,0
2021-05-17,sh.688418,16.8400000000,17.4700000000,16.7200000000,17.2000000000,17.0100000000,768943,13169873.7400,1.868700,1,1.117000,103.363027,2.713346,6.591462,30.874530,0
2021-05-18,sh.688418,17.5900000000,17.5900000000,17.1200000000,17.2000000000,17.2000000000,555961,9618189.3500,1.351100,1,0.000000,103.363027,2.713346,6.591462,30.874530,0
2021-05-19,sh.688418,16.9200000000,17.2500000000,16.9000000000,16.9000000000,17.2000000000,506648,8628428.9300,1.231300,1,-1.744200,101.560183,2.666021,6.476494,30.336020,0
2021-05-20,sh.688418,16.9000000000,17.2500000000,16.8300000000,17.1500000000,16.9000000000,784371,13332157.1900,1.906200,1,1.479300,103.062553,2.705459,6.572301,30.784778,0
2021-05-21,sh.688418,17.0400000000,17.3300000000,17.0400000000,17.2200000000,17.1500000000,523513,8984270.6000,1.272300,1,0.408200,103.483217,2.716502,6.599126,30.910430,0
2021-05-24,sh.688418,17.2200000000,17.2200000000,16.8700000000,17.0700000000,17.2200000000,413106,7038212.4300,1.003900,1,-0.871100,102.581795,2.692839,6.541643,30.641176,0
2021-05-25,sh.688418,17.0700000000,17.4700000000,16.9000000000,17.2800000000,17.0700000000,893669,15346685.6800,2.171800,1,1.230200,103.843785,2.725967,6.622120,31.018132,0
2021-05-26,sh.688418,17.2800000000,17.9900000000,17.1500000000,17.9700000000,17.2800000000,1476866,26069653.1800,3.589100,1,3.993100,107.990325,2.834816,6.886545,32.256703,0
2021-05-27,sh.688418,17.9600000000,18.4500000000,17.7100000000,18.4500000000,17.9700000000,1347513,24335810.5400,3.274800,1,2.671100,110.874875,2.910537,7.070492,33.118318,0
2021-05-28,sh.688418,18.9200000000,19.0000000000,18.0600000000,18.0600000000,18.4500000000,1351503,24930196.1600,3.284500,1,-2.113800,108.531178,2.849014,6.921035,32.418256,0
2021-05-31,sh.688418,17.5000000000,18.3900000000,17.5000000000,18.3000000000,18.0600000000,989991,18034329.8800,2.405900,1,1.328900,109.973453,2.886874,7.013009,32.849064,0
2021-06-01,sh.688418,19.0000000000,20.0000000000,18.6500000000,18.8400000000,18.3000000000,1919364,36773957.7600,4.664500,1,2.950800,113.218571,2.972061,7.219950,33.818380,0
2021-06-02,sh.688418,18.8000000000,21.5000000000,18.6200000000,20.3800000000,18.8400000000,4025577,81240996.0100,9.783000,1,8.174100,122.473168,3.215000,7.810116,36.582728,0
2021-06-03,sh.688418,20.0200000000,21.5200000000,19.7500000000,21.0600000000,20.3800000000,3590222,75059993.2600,8.725000,1,3.336600,126.559613,3.322272,8.070708,37.803349,0
2021-06-04,sh.688418,20.6200000000,21.1500000000,20.0700000000,20.2100000000,21.0600000000,2482006,50628063.5600,6.031800,1,-4.036100,121.451557,3.188182,7.744968,36.277572,0
2021-06-07,sh.688418,20.3900000000,20.9800000000,20.1200000000,20.6700000000,20.2100000000,2116681,43396444.7700,5.144000,1,2.276100,124.215917,3.260748,7.921251,37.103287,0
2021-06-08,sh.688418,20.7200000000,20.9200000000,20.0100000000,20.0100000000,20.6700000000,1541214,31376094.4200,3.745500,1,-3.193000,120.249661,3.156632,7.668323,35.918566,0
2021-06-09,sh.688418,20.1700000000,20.6400000000,20.0500000000,20.1600000000,20.0100000000,1442804,29294011.5600,3.506300,1,0.749600,121.151083,3.180294,7.725806,36.187821,0
2021-06-10,sh.688418,20.0200000000,20.9800000000,20.0200000000,20.8000000000,20.1600000000,2051395,42245081.9400,4.985300,1,3.174600,124.997149,3.281256,7.971070,37.336641,0
2021-06-11,sh.688418,20.8400000000,21.0000000000,20.1500000000,20.3500000000,20.8000000000,1152535,23619080.8100,2.800900,1,-2.163500,122.292884,3.210267,7.798619,36.528877,0
2021-06-15,sh.688418,20.2700000000,20.7500000000,20.2100000000,20.3600000000,20.3500000000,890915,18201288.8400,2.165100,1,0.049100,122.352978,3.211845,7.802451,36.546827,0
2021-06-16,sh.688418,20.1000000000,20.9000000000,19.6000000000,19.8300000000,20.3600000000,1074374,21832873.2000,2.611000,1,-2.603100,119.167955,3.128236,7.599342,35.595461,0
2021-06-17,sh.688418,19.8000000000,20.3500000000,19.3100000000,20.2000000000,19.8300000000,1183236,23507679.2300,2.875500,1,1.865900,121.391462,3.186605,7.741135,36.259622,0
2021-06-18,sh.688418,20.4200000000,20.7000000000,20.2000000000,20.3800000000,20.2000000000,1095442,22408826.7800,2.662200,1,0.891100,122.473168,3.215000,7.810116,36.582728,0
2021-06-21,sh.688418,20.2200000000,20.5400000000,20.2000000000,20.3800000000,20.3800000000,776216,15785991.1700,1.886400,1,0.000000,122.473168,3.215000,7.810116,36.582728,0
2021-06-22,sh.688418,20.5200000000,21.3000000000,20.2500000000,20.8500000000,20.3800000000,1396598,28939002.1100,3.394000,1,2.306200,125.297623,3.289144,7.990231,37.426392,0
2021-06-23,sh.688418,20.9900000000,20.9900000000,19.9500000000,20.2000000000,20.8500000000,1335836,27223518.6100,3.246400,1,-3.117500,121.391462,3.186605,7.741135,36.259622,0
2021-06-24,sh.688418,20.2100000000,20.9200000000,20.0500000000,20.4700000000,20.2000000000,1325077,27163205.8500,3.220200,1,1.336600,123.014021,3.229198,7.844606,36.744280,0
2021-06-25,sh.688418,20.5000000000,20.5000000000,19.4800000000,19.8500000000,20.4700000000,1648648,32673688.0600,4.006600,1,-3.028800,119.288144,3.131391,7.607007,35.631361,0
2021-06-28,sh.688418,19.7100000000,20.2400000000,19.5700000000,19.9800000000,19.8500000000,1037052,20618823.6700,2.520300,1,0.654900,120.069377,3.151899,7.656826,35.864715,0
2021-06-29,sh.688418,19.7600000000,19.9800000000,19.4600000000,19.6100000000,19.9800000000,822501,16182796.6600,1.998900,1,-1.851900,117.845870,3.093530,7.515033,35.200554,0
2021-06-30,sh.688418,19.6600000000,19.9600000000,19.4500000000,19.7900000000,19.6100000000,836920,16487548.4900,2.033900,1,0.917900,118.927576,3.121926,7.584013,35.523659,0
2021-07-01,sh.688418,19.9600000000,19.9600000000,18.7300000000,18.7300000000,19.7900000000,1065147,20490057.7500,2.588500,1,-5.356200,112.557529,2.954708,7.177795,33.620927,0
2021-07-02,sh.688418,18.6000000000,18.9900000000,17.9300000000,18.0000000000,18.7300000000,1112954,20300188.2500,2.704700,1,-3.897500,108.170610,2.839549,6.898041,32.310554,0
2021-07-05,sh.688418,18.0000000000,18.5400000000,18.0000000000,18.5000000000,18.0000000000,751835,13812366.5100,1.827100,1,2.777800,111.175349,2.918425,7.089654,33.208070,0
2021-07-06,sh.688418,18.3300000000,19.4000000000,18.3300000000,18.9200000000,18.5000000000,1027238,19519434.1600,2.496400,1,2.270300,113.699330,2.984681,7.250608,33.961983,0
2021-07-07,sh.688418,18.9200000000,19.4500000000,18.5300000000,19.3000000000,18.9200000000,1025531,19469023.7600,2.492300,1,2.008500,115.982931,3.044627,7.396233,34.644094,0
2021-07-08,sh.688418,19.4500000000,19.4500000000,18.7800000000,18.7900000000,19.3000000000,739310,13987796.5100,1.796700,1,-2.642500,112.918097,2.964173,7.200789,33.728629,0
2021-07-09,sh.688418,18.7700000000,19.4000000000,18.5700000000,18.7100000000,18.7900000000,823249,15527818.4800,2.000700,1,-0.425800,112.437339,2.951553,7.170131,33.585026,0
2021-07-12,sh.688418,18.9600000000,19.8600000000,18.6000000000,19.5500000000,18.7100000000,1512532,29323959.4600,3.675800,1,4.489600,117.485301,3.084065,7.492039,35.092852,0
2021-07-13,sh.688418,19.4900000000,19.5600000000,19.0500000000,19.0800000000,19.5500000000,711434,13687702.9400,1.728900,1,-2.404100,114.660846,3.009922,7.311924,34.249188,0
2021-07-14,sh.688418,18.9000000000,19.2400000000,18.5200000000,18.5300000000,19.0800000000,794220,14954564.7300,1.930100,1,-2.882600,111.355633,2.923158,7.101150,33.261921,0
2021-07-15,sh.688418,18.8200000000,18.8200000000,17.7900000000,18.0000000000,18.5300000000,915429,16568151.2200,2.224700,1,-2.860200,108.170610,2.839549,6.898041,32.310554,0
2021-07-16,sh.688418,18.0100377600,18.4919116800,17.6887884800,17.7289446400,17.9999987200,820092,14641242.5600,1.993000,1,-1.505900,106.127387,2.785913,6.767745,31.700244,0
2021-07-19,sh.688418,17.8895692800,17.8895692800,17.3173440000,17.6988275200,17.7289446400,630065,11016904.0600,1.531200,1,-0.169900,105.947103,2.781180,6.756248,31.646393,0
2021-07-20,sh.688418,17.6687104000,17.7691008000,17.3374220800,17.3775782400,17.6988275200,592605,10333636.4900,1.440200,1,-1.815100,104.024070,2.730699,6.633616,31.071983,0
2021-07-21,sh.688418,17.5683200000,18.1204672000,17.1567193600,17.2972659200,17.3775782400,1446476,25147034.2400,3.515300,1,-0.462200,103.543311,2.718079,6.602958,30.928381,0
2021-07-22,sh.688418,17.3073049600,18.1606233600,17.2571097600,17.4478515200,17.2972659200,3323910,58374652.1900,2.553200,1,0.870600,104.444733,2.741742,6.660442,31.197635,0
2021-07-23,sh.688418,17.4277734400,18.0200768000,16.9760166400,17.2771878400,17.4478515200,2680991,46409925.1900,2.059300,1,-0.978100,103.423122,2.714924,6.595294,30.892480,0
2021-07-26,sh.688418,17.0161728000,17.0161728000,15.7713318400,15.7813708800,17.2771878400,3222562,52338498.9800,2.475300,1,-8.657800,94.468999,2.479872,6.024289,28.217884,0
2021-07-27,sh.688418,15.8215270400,16.7551577600,15.8215270400,16.0122688000,15.7813708800,2585800,41856465.9900,1.986200,1,1.463100,95.851179,2.516156,6.112431,28.630741,0
2021-07-28,sh.688418,16.1427763200,16.7451187200,15.5203558400,15.7211366400,16.0122688000,3017120,47627262.4300,2.317500,1,-1.818200,94.108430,2.470407,6.001296,28.110182,0
2021-07-29,sh.688418,15.7612928000,16.3134400000,15.7612928000,16.0423859200,15.7211366400,1952988,31228119.7900,1.500100,1,2.043400,96.031463,2.520888,6.123928,28.684592,0
2021-07-30,sh.688418,16.0122688000,16.4037913600,15.7010585600,16.1026201600,16.0423859200,2402488,38533517.4200,1.845400,1,0.375500,96.392032,2.530353,6.146921,28.792294,0
2021-08-02,sh.688418,16.0624640000,16.8153920000,16.0624640000,16.7953139200,16.1026201600,2676881,43961742.8900,2.056200,1,4.301700,100.538572,2.639203,6.411346,30.030865,0
2021-08-03,sh.688418,16.7953139200,17.1868364800,16.5644160000,16.8053529600,16.7953139200,2225120,37355339.1000,1.709200,1,0.059800,100.598667,2.640780,6.415178,30.048816,0
2021-08-04,sh.688418,16.7651968000,17.0161728000,16.6648064000,16.9157824000,16.8053529600,1685342,28231766.3600,1.294600,1,0.657100,101.259710,2.658133,6.457333,30.246269,0
2021-08-05,sh.688418,16.9057433600,16.9559385600,16.4640256000,16.8756262400,16.9157824000,1509310,25120064.1800,1.159300,1,-0.237400,101.019330,2.651823,6.442004,30.174468,0
2021-08-06,sh.688418,16.9659776000,16.9659776000,16.2632448000,16.4238694400,16.8756262400,1642036,27017492.9000,1.261300,1,-2.677000,98.315065,2.580834,6.269553,29.366704,0
2021-08-09,sh.688418,16.5041817600,17.0964851200,16.3736742400,17.0061337600,16.4238694400,1930209,32406531.5400,1.482600,1,3.545200,101.800563,2.672331,6.491823,30.407822,0
2021-08-10,sh.688418,17.0061337600,17.2771878400,16.8756262400,17.1266022400,17.0061337600,1753049,29802359.0400,1.346600,1,0.708400,102.521700,2.691261,6.537810,30.623225,0
2021-08-11,sh.688418,17.1466803200,17.1466803200,16.8254310400,16.9458995200,17.1266022400,1222313,20609769.8500,0.938900,1,-1.055100,101.439994,2.662866,6.468830,30.300120,0
2021-08-12,sh.688418,17.0563289600,17.2872268800,16.8957043200,16.9760166400,16.9458995200,1075948,18267140.2200,0.826500,1,0.177700,101.620278,2.667598,6.480327,30.353971,0
2021-08-13,sh.688418,16.9760166400,17.1165632000,16.4539865600,16.5041817600,16.9760166400,1576872,26128352.3100,1.211200,1,-2.779400,98.795823,2.593454,6.300211,29.510306,0
2021-08-16,sh.688418,16.4238694400,16.7150016000,16.2130496000,16.5744550400,16.5041817600,1166424,19157003.0700,0.896000,1,0.425800,99.216487,2.604497,6.327037,29.635958,0
2021-08-17,sh.688418,16.3636352000,16.4941427200,15.8516441600,15.9721126400,16.5744550400,1440246,23223476.7800,1.106300,1,-3.634200,95.610800,2.509845,6.097102,28.558940,0
2021-08-18,sh.688418,16.2130496000,16.2130496000,15.7813708800,16.0825420800,15.9721126400,825699,13149624.2300,0.634200,1,0.691400,96.271843,2.527198,6.139257,28.756393,0
2021-08-19,sh.688418,16.1327372800,16.4640256000,16.0022297600,16.4539865600,16.0825420800,1268462,20571507.2900,0.974300,1,2.309600,98.495350,2.585567,6.281050,29.420555,0
2021-08-20,sh.688418,16.2833228800,16.4138304000,15.8817612800,16.3134400000,16.4539865600,941957,15132072.5500,0.723500,1,-0.854200,97.654023,2.563481,6.227398,29.169250,0
2021-08-23,sh.688418,16.1929715200,16.8655872000,16.1929715200,16.7953139200,16.3134400000,2210169,36689940.4600,1.697700,1,2.953800,100.538572,2.639203,6.411346,30.030865,0
2021-08-24,sh.688418,16.9157824000,16.9258214400,16.5443379200,16.7852748800,16.7953139200,1305147,21748849.2400,1.002500,1,-0.059800,100.478477,2.637625,6.407514,30.012915,0
2021-08-25,sh.688418,16.8856652800,16.9960947200,16.5844940800,16.7250406400,16.7852748800,1202620,20102408.2100,0.923800,1,-0.358900,100.117909,2.628160,6.384521,29.905213,0
2021-08-26,sh.688418,16.7250406400,16.7250406400,16.1226982400,16.1628544000,16.7250406400,1405236,22865165.1900,1.079400,1,-3.361300,96.752601,2.539818,6.169915,28.899996,0
2021-08-27,sh.688418,16.3134400000,16.3134400000,15.7311756800,15.9620736000,16.1628544000,1426784,22642811.4600,1.095900,1,-1.242200,95.550705,2.508268,6.093270,28.540990,0
2021-08-30,sh.688418,16.0624640000,16.1829324800,15.9620736000,16.1226982400,15.9620736000,735126,11783059.1400,0.564700,1,1.006300,96.512222,2.533508,6.154586,28.828195,0
2021-08-31,sh.688418,16.0223078400,16.0423859200,15.5002777600,15.5303948800,16.1226982400,1750763,27250366.2100,1.344800,1,-3.673700,143.008291,2.440211,6.200690,17.714333,0
2021-09-01,sh.688418,15.5303948800,15.6307852800,15.1790284800,15.5404339200,15.5303948800,1746534,26769526.9800,1.341600,1,0.064600,143.100733,2.441788,6.204699,17.725784,0
2021-09-02,sh.688418,15.5504729600,15.5504729600,15.2091456000,15.2994969600,15.5404339200,939988,14332934.8000,0.722000,1,-1.550400,140.882117,2.403931,6.108502,17.450965,0
2021-09-03,sh.688418,15.2191846400,15.6609024000,15.2191846400,15.4300044800,15.2994969600,869410,13357817.0800,0.667800,1,0.853000,142.083867,2.424437,6.160608,17.599825,0
2021-09-06,sh.688418,15.4300044800,15.7211366400,15.3998873600,15.6609024000,15.4300044800,756168,11745172.6700,0.580800,1,1.496400,144.210041,2.460717,6.252797,17.863193,0
2021-09-07,sh.688418,15.7311756800,15.7612928000,15.6207462400,15.6609024000,15.6609024000,678176,10585250.3600,0.520900,1,0.000000,144.210041,2.460717,6.252797,17.863193,0
2021-09-08,sh.688418,15.6910195200,15.8616832000,15.6508633600,15.8616832000,15.6609024000,897363,14092790.3000,0.689300,1,1.282100,146.058888,2.492264,6.332961,18.092208,0
2021-09-09,sh.688418,15.8616832000,15.9620736000,15.7211366400,15.8516441600,15.8616832000,818771,12872518.7100,0.628900,1,-0.063300,145.966445,2.490687,6.328953,18.080757,0
2021-09-10,sh.688418,15.8215270400,15.8516441600,15.6107072000,15.6107072000,15.8516441600,822925,12856877.6200,0.632100,1,-1.519900,143.747829,2.452830,6.232756,17.805939,0
2021-09-13,sh.688418,15.6006681600,16.0122688000,15.3798092800,15.7914099200,15.6107072000,1126565,17622047.7400,0.865300,1,1.157600,145.411791,2.481223,6.304904,18.012053,0
2021-09-14,sh.688418,15.7914099200,15.9118784000,15.5605120000,15.6609024000,15.7914099200,882774,13833004.0800,0.678100,1,-0.826400,144.210041,2.460717,6.252797,17.863193,0
2021-09-15,sh.688418,15.6508633600,15.8616832000,15.5002777600,15.6006681600,15.6609024000,699428,10907030.4400,0.537200,1,-0.384600,143.655387,2.451253,6.228748,17.794488,0
2021-09-16,sh.688418,15.8014489600,15.8014489600,15.2292236800,15.2593408000,15.6006681600,1057978,16233359.8600,0.812700,1,-2.187900,140.512348,2.397622,6.092469,17.405162,0
2021-09-17,sh.688418,15.3195750400,15.3798092800,14.9280524800,15.0987161600,15.2593408000,1142042,17155976.0100,0.877200,1,-1.052600,139.033270,2.372383,6.028338,17.221950,0
2021-09-22,sh.688418,15.0384819200,15.1991065600,14.9380915200,15.1288332800,15.0987161600,475940,7162787.4300,0.365600,1,0.199500,139.310597,2.377116,6.040362,17.256302,0
2021-09-23,sh.688418,15.2593408000,15.2693798400,15.1489113600,15.1589504000,15.1288332800,554320,8394099.3500,0.425800,1,0.199100,139.587924,2.381848,6.052387,17.290655,0
2021-09-24,sh.688418,15.1489113600,15.2392627200,15.0685990400,15.1087552000,15.1589504000,484543,7309203.0800,0.372200,1,-0.331100,139.125713,2.373961,6.032346,17.233401,0
2021-09-27,sh.688418,15.2493017600,15.2794188800,14.7473497600,14.8377011200,15.1087552000,709206,10556365.9600,0.544800,1,-1.794000,136.629770,2.331371,5.924124,16.924230,0
2021-09-28,sh.688418,14.6871155200,14.7774668800,14.5365299200,14.6168422400,14.8377011200,565558,8240458.8400,0.434400,1,-1.488500,134.596038,2.296669,5.835944,16.672313,0
2021-09-29,sh.688418,14.7071936000,15.1087552000,14.5264908800,14.7373107200,14.6168422400,1634206,24237553.6600,1.255300,1,0.824200,135.705346,2.315598,5.884042,16.809723,0
2021-09-30,sh.688418,14.9180134400,15.0184038400,14.7172326400,14.9079744000,14.7373107200,626026,9280851.2500,0.480900,1,1.158000,137.276866,2.342413,5.952182,17.004386,0
2021-10-08,sh.688418,14.9380915200,15.3195750400,14.9380915200,15.1288332800,14.9079744000,817468,12356747.4800,0.627900,1,1.481500,139.310597,2.377116,6.040362,17.256302,0
2021-10-11,sh.688418,15.2292236800,15.3597312000,15.0083648000,15.1489113600,15.1288332800,632067,9527544.1000,0.485500,1,0.132700,139.495482,2.380270,6.048379,17.279204,0
2021-10-12,sh.688418,15.1790284800,15.2292236800,14.9079744000,14.9782476800,15.1489113600,629307,9442946.7500,0.483400,1,-1.126600,137.923962,2.353455,5.980239,17.084541,0
2021-10-13,sh.688418,15.0485209600,15.3898483200,15.0184038400,15.1388723200,14.9782476800,620774,9398832.8900,0.476800,1,1.072400,139.403040,2.378693,6.044370,17.267753,0
2021-10-14,sh.688418,15.1288332800,15.2794188800,15.0585600000,15.1187942400,15.1388723200,485866,7341003.5900,0.373200,1,-0.132600,139.218155,2.375538,6.036354,17.244852,0
2021-10-15,sh.688418,15.1589504000,15.3396531200,15.0083648000,15.0585600000,15.1187942400,473217,7120529.1600,0.363500,1,-0.398400,138.663501,2.366074,6.012305,17.176147,0
2021-10-18,sh.688418,15.1589504000,15.1589504000,14.9882867200,15.0786380800,15.0585600000,292546,4391067.1900,0.224700,1,0.133300,138.848386,2.369229,6.020321,17.199049,0
2021-10-19,sh.688418,15.1187942400,15.1388723200,14.9782476800,15.0685990400,15.0786380800,473286,7097449.6700,0.363500,1,-0.066600,138.755943,2.367651,6.016313,17.187598,0
2021-10-20,sh.688418,15.0585600000,15.1187942400,14.9782476800,15.0987161600,15.0685990400,311506,4669937.4700,0.239300,1,0.199900,139.033270,2.372383,6.028338,17.221950,0
2021-10-21,sh.688418,15.1790284800,15.1790284800,14.3959833600,14.5967641600,15.0987161600,1572360,22982056.3100,1.207800,1,-3.324500,134.411154,2.293514,5.827927,16.649412,0
2021-10-22,sh.688418,14.6068032000,14.7272716800,14.3558272000,14.3558272000,14.5967641600,756104,10909252.3900,0.580800,1,-1.650600,132.192538,2.255657,5.731731,16.374593,0
2021-10-25,sh.688418,14.2152806400,14.3156710400,14.0948121600,14.1550464000,14.3558272000,676665,9553690.0600,0.519800,1,-1.398600,130.343691,2.224109,5.651567,16.145578,0
2021-10-26,sh.688418,14.3056320000,14.3156710400,13.9341875200,13.9542656000,14.1550464000,598659,8354627.0000,0.459800,1,-1.418400,128.494844,2.192562,5.571402,15.916563,0
2021-10-27,sh.688418,13.9643046400,13.9743436800,13.3418841600,13.4121574400,13.9542656000,826224,11161143.5900,0.634600,1,-3.884900,123.502958,2.107383,5.354959,15.298222,0
2021-10-28,sh.688418,13.8237580800,13.8237580800,13.0407129600,13.1009472000,13.4121574400,668788,8772742.2400,0.513700,1,-2.320400,120.637246,2.058484,5.230705,14.943248,0
2021-10-29,sh.688418,13.1009472000,13.6932505600,13.0607910400,13.3820403200,13.1009472000,636197,8461584.1900,0.488700,1,2.145600,123.225631,2.102651,5.342935,15.263869,0
2021-11-01,sh.688418,13.2515328000,13.7133286400,13.0507520000,13.5627430400,13.3820403200,715641,9563439.7100,0.549700,1,1.350300,-63.172831,2.227937,5.256740,-12.324140,0
2021-11-02,sh.688418,13.5828211200,13.8237580800,13.4021184000,13.5225868800,13.5627430400,678907,9199383.1600,0.521500,1,-0.296100,-62.985791,2.221340,5.241176,-12.287652,0
2021-11-03,sh.688418,13.6731724800,13.6731724800,13.3720012800,13.4824307200,13.5225868800,378959,5088090.5600,0.291100,1,-0.297000,-62.798750,2.214744,5.225612,-12.251163,0
2021-11-04,sh.688418,13.5025088000,13.6530944000,13.5025088000,13.6028992000,13.4824307200,430263,5820111.3300,0.330500,1,0.893500,-63.359871,2.234533,5.272304,-12.360629,0
2021-11-05,sh.688418,13.6028992000,13.8137190400,13.4924697600,13.7032896000,13.6028992000,720411,9823446.7400,0.553400,1,0.738000,-63.827472,2.251024,5.311214,-12.451852,0
2021-11-08,sh.688418,13.9341875200,13.9341875200,13.1712204800,13.2816499200,13.7032896000,1276998,16908089.2600,0.980900,1,-3.076900,-61.863549,2.181762,5.147792,-12.068718,0
2021-11-09,sh.688418,13.5527040000,13.8237580800,13.3117670400,13.7635238400,13.2816499200,1080168,14707209.1700,0.829700,1,3.628100,-64.108032,2.260919,5.334560,-12.506585,0
2021-11-10,sh.688418,13.7032896000,13.9442265600,13.6129382400,13.8739532800,13.7635238400,1190946,16317437.2700,0.914800,1,0.802300,-64.622392,2.279059,5.377361,-12.606930,0
2021-11-11,sh.688418,13.8538752000,14.4662566400,13.7534848000,14.2955929600,13.8739532800,1243287,17589601.3200,0.955000,1,3.039100,-66.586315,2.348321,5.540783,-12.990064,0
2021-11-12,sh.688418,14.1851635200,14.4562176000,14.0646950400,14.2855539200,14.2955929600,611443,8672286.6200,0.469700,1,-0.070200,-66.539555,2.346672,5.536892,-12.980941,0
2021-11-15,sh.688418,14.3357491200,14.7373107200,14.3156710400,14.6268812800,14.2855539200,818019,11871709.7400,0.628300,1,2.389300,-68.129396,2.402742,5.669186,-13.291097,0
2021-11-16,sh.688418,14.4361395200,14.9180134400,14.2554368000,14.2855539200,14.6268812800,989216,14243019.4400,0.759800,1,-2.333600,-66.539555,2.346672,5.536892,-12.980941,0
2021-11-17,sh.688418,14.1550464000,14.7975449600,14.1550464000,14.6569984000,14.2855539200,766409,11123548.2600,0.588700,1,2.600100,-68.269677,2.407689,5.680859,-13.318464,0
2021-11-18,sh.688418,14.6569984000,14.7573888000,14.3558272000,14.4160614400,14.6569984000,701367,10127799.5200,0.538700,1,-1.643800,-67.147435,2.368111,5.587475,-13.099530,0
2021-11-19,sh.688418,14.5566080000,14.8678182400,14.3056320000,14.6168422400,14.4160614400,916126,13367801.1700,0.703700,1,1.392800,-68.082636,2.401093,5.665295,-13.281975,0
2021-11-22,sh.688418,14.6068032000,14.7875059200,14.4461785600,14.6569984000,14.6168422400,880460,12743609.1600,0.676300,1,0.274700,-68.269677,2.407689,5.680859,-13.318464,0
2021-11-23,sh.688418,14.6469593600,15.1087552000,14.4762956800,14.8878963200,14.6569984000,1130756,16676911.3900,0.868600,1,1.575300,-69.345158,2.445618,5.770352,-13.528276,0
2021-11-24,sh.688418,14.9380915200,15.1288332800,14.7975449600,14.8778572800,14.8878963200,786383,11721712.5000,0.604000,1,-0.067400,-69.298398,2.443969,5.766461,-13.519153,0
2021-11-25,sh.688418,14.9180134400,15.2191846400,14.7774668800,15.0786380800,14.8778572800,1008560,15122245.8700,0.774700,1,1.349500,-70.233599,2.476951,5.844281,-13.701598,0
2021-11-26,sh.688418,15.0284428800,15.1388723200,14.7674278400,14.8477401600,15.0786380800,942278,13946674.9200,0.723800,1,-1.531300,-69.158118,2.439022,5.754788,-13.491787,0
2021-11-29,sh.688418,14.7071936000,14.8377011200,14.3558272000,14.5867251200,14.8477401600,941504,13622442.5000,0.723200,1,-1.757900,-67.942356,2.396145,5.653622,-13.254608,0
2021-11-30,sh.688418,14.6369203200,15.2191846400,14.6168422400,14.9481305600,14.5867251200,2077448,31130651.4400,1.595700,1,2.477600,-69.625718,2.455513,5.793698,-13.583009,0
2021-12-01,sh.688418,14.8377011200,15.1589504000,14.8276620800,15.1388723200,14.9481305600,1269793,19025516.4800,0.975400,1,1.276000,-70.514159,2.486846,5.867627,-13.756331,0
2021-12-02,sh.688418,15.0585600000,15.1087552000,14.5566080000,14.5967641600,15.1388723200,1230258,18120463.5100,0.945000,1,-3.580900,-67.989116,2.397794,5.657513,-13.263731,0
2021-12-03,sh.688418,14.7373107200,14.7774668800,14.3859443200,14.4160614400,14.5967641600,990338,14360566.4800,0.760700,1,-1.238000,-67.147435,2.368111,5.587475,-13.099530,0
2021-12-06,sh.688418,14.4461785600,14.4461785600,13.8839923200,13.9040704000,14.4160614400,1066979,15006713.7900,0.819600,1,-3.551500,-64.762673,2.284006,5.389034,-12.634296,0
2021-12-07,sh.688418,13.8940313600,14.0345779200,13.5527040000,13.6530944000,13.9040704000,1397067,19088580.7000,1.073100,1,-1.805100,-63.593671,2.242779,5.291759,-12.406241,0
2021-12-08,sh.688418,13.6530944000,13.8337971200,13.4924697600,13.6028992000,13.6530944000,968114,13124329.5600,0.743600,1,-0.367600,-63.359871,2.234533,5.272304,-12.360629,0
2021-12-09,sh.688418,13.6028992000,13.7936409600,13.5928601600,13.7032896000,13.6028992000,744936,10172465.9100,0.572200,1,0.738000,-63.827472,2.251024,5.311214,-12.451852,0
2021-12-10,sh.688418,13.8337971200,13.8337971200,13.5527040000,13.6229772800,13.7032896000,840769,11424914.3300,0.645800,1,-0.586100,-63.453391,2.237831,5.280086,-12.378874,0
2021-12-13,sh.688418,13.6932505600,13.9040704000,13.5627430400,13.7233676800,13.6229772800,1044796,14283482.6600,0.802500,1,0.736900,-63.920992,2.254323,5.318996,-12.470096,0
2021-12-14,sh.688418,13.7534848000,14.5064128000,13.6631334400,14.2253196800,13.7233676800,1753416,24804296.0500,1.346800,1,3.657600,-66.258994,2.336778,5.513546,-12.926208,0
2021-12-15,sh.688418,14.3156710400,14.5164518400,14.0948121600,14.3959833600,14.2253196800,1649871,23662161.8600,1.267300,1,1.199700,-67.053915,2.364812,5.579693,-13.081286,0
2021-12-16,sh.688418,14.3959833600,14.7373107200,14.3658662400,14.6569984000,14.3959833600,1528380,22192900.2900,1.174000,1,1.813100,-68.269677,2.407689,5.680859,-13.318464,0
2021-12-17,sh.688418,14.6569984000,14.6569984000,14.3457881600,14.3859443200,14.6569984000,1207976,17397716.9100,0.927900,1,-1.849300,-67.007155,2.363163,5.575802,-13.072164,0
2021-12-20,sh.688418,14.3959833600,14.4863347200,14.0546560000,14.1550464000,14.3859443200,1288120,18337498.4800,0.989400,1,-1.605000,-65.931674,2.325234,5.486309,-12.862352,0
2021-12-21,sh.688418,14.2152806400,15.1689894400,14.2152806400,15.1187942400,14.1550464000,2506179,37147719.8500,1.925100,1,6.808500,-70.420639,2.483548,5.859845,-13.738087,0
2021-12-22,sh.688418,14.9782476800,15.1790284800,14.7975449600,14.9280524800,15.1187942400,1105984,16457165.5400,0.849500,1,-1.261600,-69.532198,2.452215,5.785916,-13.564765,0
2021-12-23,sh.688418,14.8678182400,15.0384819200,14.5766860800,14.5967641600,14.9280524800,1028860,15101724.4900,0.790300,1,-2.219200,-67.989116,2.397794,5.657513,-13.263731,0
2021-12-24,sh.688418,14.5566080000,14.9380915200,14.5566080000,14.6971545600,14.5967641600,1031302,15118255.1600,0.792200,1,0.687800,-68.456717,2.414285,5.696423,-13.354953,0
2021-12-27,sh.688418,14.8878963200,14.9882867200,14.3959833600,14.4562176000,14.6971545600,749213,10855403.1500,0.575500,1,-1.639300,-67.334476,2.374707,5.603039,-13.136019,0
2021-12-28,sh.688418,14.7272716800,14.8778572800,14.5064128000,14.7975449600,14.4562176000,872579,12822407.2600,0.670300,1,2.361100,-68.924317,2.430776,5.735333,-13.446175,0
2021-12-29,sh.688418,14.6971545600,14.9380915200,14.5766860800,14.8176230400,14.7975449600,783555,11551737.0500,0.601900,1,0.135700,-69.017837,2.434075,5.743115,-13.464420,0
2021-12-30,sh.688418,14.8176230400,15.6207462400,14.8176230400,15.5404339200,14.8176230400,3627462,55389992.3200,2.786300,1,4.878000,-72.384561,2.552810,6.023267,-14.121221,0
2021-12-31,sh.688418,15.7512537600,15.7512537600,15.1991065600,15.2392627200,15.5404339200,1528025,23312128.2100,1.173700,1,-1.938000,-70.981760,2.503337,5.906537,-13.847554,0
2022-01-04,sh.688418,15.5605120000,15.5605120000,15.1589504000,15.3697702400,15.2392627200,1693500,25921489.2600,1.300800,1,0.856400,-71.589640,2.524775,5.957120,-13.966143,0
2022-01-05,sh.688418,15.3697702400,15.5002777600,15.0987161600,15.2091456000,15.3697702400,1232135,18722529.0100,0.946400,1,-1.045100,-70.841479,2.498390,5.894864,-13.820187,0
2022-01-06,sh.688418,15.3396531200,15.5002777600,15.0987161600,15.3396531200,15.2091456000,1184366,18144102.4300,0.909700,1,0.858100,-71.449360,2.519828,5.945447,-13.938776,0
2022-01-07,sh.688418,15.4701606400,15.5906291200,14.9380915200,14.9782476800,15.3396531200,1741847,26482315.1900,1.338000,1,-2.356000,-69.765998,2.460460,5.805371,-13.610376,0
2022-01-10,sh.688418,14.8778572800,15.2292236800,14.7071936000,15.1288332800,14.9782476800,1314016,19724094.3300,1.009300,1,1.005400,-70.467399,2.485197,5.863736,-13.747209,0
2022-01-11,sh.688418,15.2994969600,15.3195750400,14.8778572800,14.9481305600,15.1288332800,1131200,16959195.2900,0.868900,1,-1.194400,-69.625718,2.455513,5.793698,-13.583009,0
2022-01-12,sh.688418,15.0685990400,15.2794188800,14.7573888000,15.0585600000,14.9481305600,1445382,21602709.6200,1.110200,1,0.738800,-70.140079,2.473653,5.836499,-13.683354,0
2022-01-13,sh.688418,15.2091456000,15.5002777600,15.0685990400,15.1790284800,15.0585600000,1732971,26372764.6600,1.331100,1,0.800000,-70.701199,2.493442,5.883191,-13.792820,0
2022-01-14,sh.688418,15.2091456000,15.3496921600,15.0184038400,15.0384819200,15.1790284800,1091050,16466666.3800,0.838100,1,-0.925900,-70.046559,2.470355,5.828717,-13.665109,0
2022-01-17,sh.688418,15.0685990400,15.7211366400,15.0685990400,15.5805900800,15.0384819200,2096534,32331565.1800,1.610400,1,3.604800,-72.571601,2.559406,6.038831,-14.157710,0
2022-01-18,sh.688418,15.5906291200,15.6609024000,14.8477401600,14.8477401600,15.5805900800,2194726,33135869.2400,1.685800,1,-4.703600,-69.158118,2.439022,5.754788,-13.491787,0
2022-01-19,sh.688418,15.0384819200,15.4801996800,14.8678182400,15.2693798400,14.8477401600,1937809,29350608.5400,1.488500,1,2.839800,-71.122040,2.508284,5.918210,-13.874921,0
2022-01-20,sh.688418,15.3898483200,15.4099264000,14.4863347200,14.5465689600,15.2693798400,2343009,34521439.1700,1.799700,1,-4.733700,-67.755316,2.389549,5.638058,-13.218120,0
2022-01-21,sh.688418,14.5566080000,14.8477401600,14.2052416000,14.2152806400,14.5465689600,1607947,23080897.2700,1.235100,1,-2.277400,-66.212234,2.335129,5.509655,-12.917086,0
2022-01-24,sh.688418,14.3056320000,14.4060224000,14.0646950400,14.1148902400,14.2152806400,1114081,15764952.6900,0.855800,1,-0.706200,-65.744634,2.318637,5.470745,-12.825863,0
2022-01-25,sh.688418,14.1952025600,14.1952025600,13.3720012800,13.4121574400,14.1148902400,1599383,21754620.3900,1.228500,1,-4.978700,-62.471430,2.203200,5.198375,-12.187307,0
2022-01-26,sh.688418,13.4221964800,13.6430553600,13.2615718400,13.5426649600,13.4121574400,1107715,14837629.3300,0.850900,1,0.973100,-63.079311,2.224639,5.248958,-12.305896,0
2022-01-27,sh.688418,13.5426649600,13.5426649600,12.8700492800,12.9102054400,13.5426649600,1693192,22083418.0700,1.300600,1,-4.670100,-60.133427,2.120745,5.003825,-11.731195,0
2022-01-28,sh.688418,12.9302835200,13.4422745600,12.7495808000,13.2214156800,12.9102054400,1429249,18754385.8400,1.097800,1,2.410600,-61.582989,2.171867,5.124446,-12.013984,0
2022-02-07,sh.688418,13.1310643200,13.4322355200,13.1210252800,13.3418841600,13.2214156800,1395940,18510715.8700,1.072300,1,0.911200,-62.144110,2.191657,5.171138,-12.123451,0
2022-02-08,sh.688418,13.3619622400,13.4723916800,13.1812595200,13.3720012800,13.3418841600,981107,13034399.2400,0.753600,1,0.225700,-62.284390,2.196604,5.182811,-12.150818,0
2022-02-09,sh.688418,13.3017280000,13.5025088000,13.2314547200,13.4523136000,13.3720012800,968542,12923903.6700,0.744000,1,0.600600,-62.658470,2.209797,5.213939,-12.223796,0
2022-02-10,sh.688418,13.4523136000,13.4623526400,13.0507520000,13.2916889600,13.4523136000,811129,10726938.8200,0.623000,1,-1.194000,-61.910309,2.183411,5.151683,-12.077840,0
2022-02-11,sh.688418,13.2113766400,13.3519232000,12.9202444800,12.9503616000,13.2916889600,977208,12723359.4700,0.750600,1,-2.568000,-60.320468,2.127342,5.019389,-11.767684,0
2022-02-14,sh.688418,13.1210252800,13.1210252800,12.7897369600,12.9001664000,12.9503616000,510918,6590178.3300,0.392400,1,-0.387600,-60.086667,2.119096,4.999934,-11.722073,0
2022-02-15,sh.688418,12.8499712000,13.0507520000,12.5488000000,12.7094246400,12.9001664000,1015287,12936823.8800,0.779900,1,-1.478600,-59.198226,2.087763,4.926005,-11.548750,0
2022-02-16,sh.688418,12.7495808000,12.9001664000,12.7295027200,12.8499712000,12.7094246400,748744,9572952.0000,0.575100,1,1.105800,-59.852867,2.110851,4.980479,-11.676462,0
2022-02-17,sh.688418,12.8098150400,12.9905177600,12.7295027200,12.7897369600,12.8499712000,878431,11228120.2400,0.674700,1,-0.468800,-59.572307,2.100956,4.957133,-11.621728,0
2022-02-18,sh.688418,12.7897369600,12.9102054400,12.5989952000,12.8901273600,12.7897369600,792538,10064848.7600,0.608800,1,0.784900,-60.039907,2.117447,4.996043,-11.712951,0
2022-02-21,sh.688418,12.9503616000,13.3218060800,12.9102054400,13.2515328000,12.8901273600,1319374,17329954.7800,1.013400,1,2.803700,-61.723269,2.176815,5.136119,-12.041351,0
2022-02-22,sh.688418,13.1611814400,13.2816499200,12.9804787200,13.0105958400,13.2515328000,906987,11809315.7900,0.696700,1,-1.818200,-60.601028,2.137236,5.042735,-11.822417,0
2022-02-23,sh.688418,13.0206348800,13.2916889600,12.9905177600,13.2816499200,13.0105958400,1001407,13134718.5800,0.769200,1,2.083300,-61.863549,2.181762,5.147792,-12.068718,0
2022-02-24,sh.688418,13.3619622400,13.3820403200,12.7997760000,12.8700492800,13.2816499200,1890278,24587075.2800,1.452000,1,-3.099000,-59.946387,2.114149,4.988261,-11.694706,0
2022-02-25,sh.688418,13.0808691200,13.1812595200,13.0306739200,13.0507520000,12.8700492800,934982,12186990.5400,0.718200,1,1.404100,-60.788068,2.143833,5.058299,-11.858906,0
2022-02-28,sh.688418,13.1511424000,13.1912985600,12.7495808000,12.9302835200,13.0507520000,1073192,13740138.0000,0.824300,1,-0.923100,-29.263563,2.124043,5.081603,0.000000,0
2022-03-01,sh.688418,12.9604006400,13.1310643200,12.9604006400,13.0607910400,12.9302835200,629313,8190944.0000,0.483400,1,1.009300,-29.558925,2.145482,5.132892,-11.868029,0
2022-03-02,sh.688418,13.0407129600,13.0507520000,12.8800883200,12.9905177600,13.0607910400,658842,8523441.0000,0.506100,1,-0.538000,-29.399884,2.133938,5.105275,-11.804173,0
2022-03-03,sh.688418,13.0507520000,13.0507520000,12.7094246400,12.7395417600,12.9905177600,1239592,15849903.0000,0.952200,1,-1.932000,-28.831880,2.092711,5.006641,-11.576117,0
2022-03-04,sh.688418,12.8298931200,12.8399321600,12.5488000000,12.6090342400,12.7395417600,1066101,13459731.0000,0.818900,1,-1.024400,-28.536518,2.071272,4.955352,-11.457528,0
2022-03-07,sh.688418,12.6391513600,12.6692684800,12.3279411200,12.3379801600,12.6090342400,912673,11303932.0000,0.701000,1,-2.149700,-27.923074,2.026746,4.848828,-11.211228,0
2022-03-08,sh.688418,12.4082534400,12.5186828800,11.9966528000,12.0167308800,12.3379801600,1011534,12283179.0000,0.777000,1,-2.603700,-27.196029,1.973975,4.722577,-10.919316,0
2022-03-09,sh.688418,12.1472384000,12.1974336000,11.2437248000,11.6151692800,12.0167308800,1011756,11852810.0000,0.777200,1,-3.341700,-26.287223,1.908011,4.564763,-10.554427,0
2022-03-10,sh.688418,11.7757939200,12.0669260800,11.6452864000,11.7657548800,11.6151692800,747869,8853789.0000,0.574500,1,1.296500,-26.628025,1.932748,4.623943,-10.691260,0
2022-03-11,sh.688418,11.6553254400,11.9765747200,11.3441152000,11.9464576000,11.7657548800,1047931,12101023.0000,0.804900,1,1.535800,-27.036988,1.962431,4.694959,-10.855460,0
2022-03-14,sh.688418,11.8460672000,11.9364185600,11.4344665600,11.4344665600,11.9464576000,914270,10647603.0000,0.702300,1,-4.285700,-25.878260,1.878327,4.493747,-10.390226,0
2022-03-15,sh.688418,11.5750131200,11.5750131200,10.8020070400,10.8220851200,11.4344665600,1208097,13515719.0000,0.928000,1,-5.355600,-24.492330,1.777732,4.253081,-9.833770,0
2022-03-16,sh.688418,11.0329049600,11.1834905600,10.6413824000,11.0529830400,10.8220851200,1498943,16319282.0000,1.151400,1,2.133600,-25.014894,1.815661,4.343824,-10.043582,0
2022-03-17,sh.688418,11.1935296000,11.5248179200,11.1834905600,11.2336857600,11.0529830400,971574,10991051.0000,0.746300,1,1.634900,-25.423857,1.845345,4.414840,-10.207782,0
2022-03-18,sh.688418,11.2738419200,11.4645836800,11.2336857600,11.3641932800,11.2336857600,993548,11241989.4600,0.763200,1,1.161800,-25.719219,1.866784,4.466129,-10.326371,0
2022-03-21,sh.688418,11.3340761600,11.6954816000,11.3340761600,11.5850521600,11.3641932800,1192728,13761481.5300,0.916200,1,1.943500,-26.219062,1.903064,4.552927,-10.527060,0
2022-03-22,sh.688418,11.5750131200,11.6252083200,11.4143884800,11.4746227200,11.5850521600,759554,8695400.3700,0.583400,1,-0.953200,-25.969140,1.884924,4.509528,-10.426715,0
2022-03-23,sh.688418,11.6653644800,11.8259891200,11.5147788800,11.6854425600,11.4746227200,1068582,12441909.7800,0.820800,1,1.837300,-26.446264,1.919555,4.592380,-10.618282,0
2022-03-24,sh.688418,11.6653644800,11.6954816000,11.3340761600,11.3340761600,11.6854425600,1230382,14014647.4000,0.945100,1,-3.006900,-25.651058,1.861836,4.454293,-10.299004,0
2022-03-25,sh.688418,11.3039590400,11.5047398400,11.2035686400,11.2236467200,11.3340761600,992063,11230192.7400,0.762000,1,-0.974300,-25.401137,1.843696,4.410895,-10.198660,0
2022-03-28,sh.688418,11.3943104000,11.4746227200,11.0630220800,11.2236467200,11.2236467200,894575,10065651.6300,0.687100,1,0.000000,-25.401137,1.843696,4.410895,-10.198660,0
2022-03-29,sh.688418,11.3340761600,11.3340761600,10.9224755200,10.9626316800,11.2236467200,1121311,12339050.3100,0.861300,1,-2.325600,-24.810412,1.800819,4.308316,-9.961481,0
2022-03-30,sh.688418,11.0429440000,11.1031782400,10.8622412800,10.9927488000,10.9626316800,865049,9457783.7200,0.664500,1,0.274700,-24.878573,1.805767,4.320152,-9.988848,0
2022-03-31,sh.688418,11.0228659200,11.1935296000,10.8421632000,10.9325145600,10.9927488000,983275,10826416.5300,0.755300,1,-0.547900,-24.742252,1.795872,4.296480,-9.934115,0
2022-04-01,sh.688418,10.9726707200,10.9927488000,10.7518118400,10.8321241600,10.9325145600,883113,9512846.3000,0.678300,1,-0.918300,-24.515050,1.779381,4.257026,-9.842892,0
2022-04-06,sh.688418,10.8722803200,11.1132172800,10.8421632000,10.9023974400,10.8321241600,1033987,11294960.2800,0.794200,1,0.648700,-24.674091,1.790925,4.284644,-9.906748,0
2022-04-07,sh.688418,11.0128268800,11.0128268800,10.5510310400,10.5711091200,10.9023974400,1451213,15490808.6600,1.114700,1,-3.038700,-23.924326,1.736504,4.154447,-9.605714,0
2022-04-08,sh.688418,10.6313433600,10.6413824000,10.3402112000,10.4004454400,10.5711091200,844694,8784097.4700,0.648800,1,-1.614400,-23.538084,1.708470,4.087376,-9.450636,0
2022-04-11,sh.688418,10.3602892800,10.4907968000,10.0992742400,10.1494694400,10.4004454400,904224,9241858.3500,0.694600,1,-2.413100,-22.970080,1.667242,3.988743,-9.222580,0
2022-04-12,sh.688418,10.3000550400,10.3904064000,10.1193523200,10.3602892800,10.1494694400,646638,6600941.2900,0.496700,1,2.077200,-23.447203,1.701873,4.071595,-9.414147,0
2022-04-13,sh.688418,10.3602892800,10.4807577600,10.1695475200,10.3201331200,10.3602892800,662490,6819194.7900,0.508900,1,-0.387600,-23.356322,1.695277,4.055814,-9.377658,0
2022-04-14,sh.688418,10.3201331200,10.4104844800,10.2297817600,10.2297817600,10.3201331200,774113,7925989.1200,0.594600,1,-0.875500,-23.151841,1.680435,4.020306,-9.295558,0
2022-04-15,sh.688418,10.2297817600,10.2297817600,9.9185715200,9.9185715200,10.2297817600,1135838,11298088.3500,0.872500,1,-3.042200,-22.447516,1.629313,3.898000,-9.012769,0
2022-04-18,sh.688418,9.9185715200,10.0892352000,9.6675955200,9.9988838400,9.9185715200,1153988,11444120.4200,0.886400,1,0.809700,-22.629277,1.642506,3.929563,-9.085747,0
2022-04-19,sh.688418,9.9788057600,10.1595084800,9.9185715200,9.9687667200,9.9988838400,767869,7672367.2700,0.589800,1,-0.301200,-22.561117,1.637558,3.917727,-9.058380,0
2022-04-20,sh.688418,9.9888448000,10.2297817600,9.8884544000,9.8884544000,9.9687667200,944062,9455553.0900,0.725200,1,-0.805600,-22.379356,1.624366,3.886164,-8.985402,0
2022-04-21,sh.688418,9.9888448000,10.0892352000,9.4467366400,9.5471270400,9.8884544000,1209541,11789390.0200,0.929100,1,-3.451800,-21.606870,1.568296,3.752022,-8.675246,0
2022-04-22,sh.688418,9.6174003200,9.6374784000,9.2961510400,9.3664243200,9.5471270400,1186069,11143951.0900,0.911100,1,-1.892700,-21.197907,1.538612,3.681006,-8.511046,0
2022-04-25,sh.688418,9.2660339200,9.2660339200,8.4528716800,8.5331840000,9.3664243200,1487487,13090825.3000,1.142600,1,-8.896000,-19.312134,1.401737,3.353542,-7.753900,0
2022-04-26,sh.688418,8.5432230400,8.6636915200,7.9107635200,8.0011148800,8.5331840000,1672220,13935042.9900,1.284500,1,-6.235300,-18.107966,1.314334,3.144439,-7.270422,0
2022-04-27,sh.688418,7.9709977600,8.3022860800,7.7300608000,8.2420518400,8.0011148800,2228801,17866971.8600,1.712000,1,3.011300,-18.653250,1.353913,3.239127,-7.489356,0
2022-04-28,sh.688418,8.1316224000,8.2822080000,7.9208025600,8.0312320000,8.2420518400,1713724,13848039.7300,1.316400,1,-2.557900,-18.176126,1.319282,3.156275,-7.297789,0
2022-04-29,sh.688418,8.0312320000,8.5331840000,8.0312320000,8.4528716800,8.0312320000,2314723,19283663.5900,1.778000,1,5.250000,-14.802544,1.470958,3.260932,12.811321,0
2022-05-05,sh.688418,8.4729497600,9.0050188800,8.3825984000,8.7038476800,8.4528716800,2247877,19595541.0800,1.726700,1,2.969100,-15.242049,1.514632,3.357753,13.191705,0
2022-05-06,sh.688418,8.6737305600,8.7741209600,8.4528716800,8.5331840000,8.7038476800,1205924,10376353.0300,0.926300,1,-1.960800,-14.943185,1.484934,3.291915,12.933044,0
2022-05-09,sh.688418,8.5331840000,8.8644723200,8.5331840000,8.6737305600,8.5331840000,987756,8561761.5000,0.758700,1,1.647100,-15.189308,1.509391,3.346135,13.146059,0
2022-05-10,sh.688418,8.5432230400,9.0250969600,8.4327936000,8.9347456000,8.6737305600,1329007,11653362.4900,1.020800,1,3.009300,-15.646394,1.554813,3.446828,13.541658,0
2022-05-11,sh.688418,8.9146675200,9.1355264000,8.8343552000,8.8945894400,8.9347456000,1126945,10131790.4400,0.865600,1,-0.449400,-15.576073,1.547825,3.431337,13.480796,0
2022-05-12,sh.688418,8.8745113600,8.9949798400,8.7440038400,8.8343552000,8.8945894400,994465,8796656.0700,0.763900,1,-0.677200,-15.470592,1.537343,3.408100,13.389504,0
2022-05-13,sh.688418,8.8544332800,8.9949798400,8.7239257600,8.8243161600,8.8343552000,724215,6372497.6200,0.556300,1,-0.113600,-15.453012,1.535596,3.404227,13.374289,0
2022-05-16,sh.688418,8.9949798400,8.9949798400,8.7941990400,8.8845504000,8.8243161600,739647,6544092.5200,0.568100,1,0.682600,-15.558493,1.546078,3.427464,13.465581,0
2022-05-17,sh.688418,8.8945894400,8.8945894400,8.6335744000,8.7239257600,8.8845504000,918285,7975375.6400,0.705400,1,-1.807900,-15.277209,1.518126,3.365499,13.222135,0
2022-05-18,sh.688418,8.8945894400,9.1154483200,8.7841600000,8.9447846400,8.7239257600,1226648,10954896.1700,0.942200,1,2.531600,-15.663974,1.556560,3.450701,13.556873,0
2022-05-19,sh.688418,8.9146675200,8.9648627200,8.6837696000,8.9046284800,8.9447846400,913017,8050147.1700,0.701300,1,-0.448900,-15.593653,1.549572,3.435210,13.496012,0
2022-05-20,sh.688418,8.9749017600,9.0552140800,8.8544332800,8.8945894400,8.9046284800,1136042,10111250.2500,0.872600,1,-0.112700,-15.576073,1.547825,3.431337,13.480796,0
2022-05-23,sh.688418,8.8945894400,9.0752921600,8.8644723200,9.0552140800,8.8945894400,1014317,9062079.0300,0.779100,1,1.805900,-15.857357,1.575777,3.493303,13.724242,0
2022-05-24,sh.688418,8.9849408000,9.0953702400,8.4528716800,8.4629107200,9.0552140800,1524729,13325881.3200,1.171200,1,-6.541000,-14.820124,1.472705,3.264805,12.826536,0
2022-05-25,sh.688418,8.4327936000,8.6134963200,8.4327936000,8.5231449600,8.4629107200,1093855,9281992.9600,0.840200,1,0.711700,-14.925605,1.483187,3.288042,12.917829,0
2022-05-26,sh.688418,8.4227545600,8.5432230400,8.2922470400,8.4428326400,8.5231449600,1021442,8574116.5800,0.784600,1,-0.942300,-14.784963,1.469211,3.257059,12.796106,0
2022-05-27,sh.688418,8.4729497600,8.5532620800,8.2721689600,8.3223641600,8.4428326400,1134077,9494706.5600,0.871100,1,-1.426900,-14.574001,1.448247,3.210585,12.613522,0
2022-05-30,sh.688418,8.5131059200,8.7540428800,8.4327936000,8.6134963200,8.3223641600,2075763,17819757.7400,1.594400,1,3.498200,-15.083827,1.498909,3.322898,13.054767,0
2022-05-31,sh.688418,8.7339648000,9.0552140800,8.5833792000,9.0150579200,8.6134963200,2575798,22707517.2500,1.978500,1,4.662000,-15.787036,1.568789,3.477811,13.663381,0
2022-06-01,sh.688418,9.0150579200,9.2861120000,8.9447846400,9.2158387200,9.0150579200,2140171,19554243.4800,1.643900,1,2.227200,-16.138640,1.603728,3.555268,13.967687,0
2022-06-02,sh.688418,9.2459558400,10.0892352000,9.1154483200,9.9888448000,9.2158387200,4463037,43102872.7900,3.428200,1,8.387800,-17.492317,1.738246,3.853477,15.139269,0
2022-06-06,sh.688418,10.2398208000,10.6714995200,10.0992742400,10.5911872000,9.9888448000,5437121,56364598.0300,4.176400,1,6.030200,-18.547130,1.843065,4.085847,16.052190,0
2022-06-07,sh.688418,10.3904064000,10.4406016000,10.0189619200,10.1193523200,10.5911872000,3679025,37333766.4900,2.826000,1,-4.455000,-17.720860,1.760957,3.903824,15.337069,0
2022-06-08,sh.688418,10.0189619200,10.2799769600,9.5872832000,9.7880640000,10.1193523200,4441572,43857099.2800,3.411700,1,-3.273800,-17.140713,1.703306,3.776020,14.834962,0
2022-06-09,sh.688418,9.8884544000,9.8884544000,9.4166195200,9.4467366400,9.7880640000,2728925,26095041.0000,2.096200,1,-3.487200,-16.542985,1.643909,3.644343,14.317640,0
2022-06-10,sh.688418,9.4868928000,9.7378688000,9.4467366400,9.6274393600,9.4467366400,2611823,24923992.3100,2.006200,1,1.912900,-16.859429,1.675354,3.714055,14.591517,0
2022-06-13,sh.688418,9.5772441600,9.7378688000,9.4166195200,9.4969318400,9.6274393600,2153807,20529564.4000,1.654400,1,-1.355600,-16.630886,1.652644,3.663708,14.393717,0
2022-06-14,sh.688418,9.4266585600,9.5270489600,9.1054092800,9.4969318400,9.4969318400,2647724,24539187.3900,2.033800,1,0.000000,-16.630886,1.652644,3.663708,14.393717,0
2022-06-15,sh.688418,9.4969318400,9.7780249600,9.4065804800,9.5872832000,9.4969318400,2226257,21265525.5900,1.710000,1,0.951400,-16.789108,1.668367,3.698563,14.530655,0
2022-06-16,sh.688418,9.5170099200,9.7177907200,9.5170099200,9.6073612800,9.5872832000,1782382,17104444.3300,1.369100,1,0.209400,-16.824269,1.671861,3.706309,14.561086,0
2022-06-17,sh.688418,9.6374784000,9.6374784000,9.3764633600,9.4668147200,9.6073612800,1534430,14491208.0200,1.178600,1,-1.462900,-16.578146,1.647403,3.652089,14.348071,0
2022-06-20,sh.688418,9.4768537600,9.6073612800,9.4567756800,9.4668147200,9.4668147200,1198781,11381569.7900,0.920800,1,0.000000,-16.578146,1.647403,3.652089,14.348071,0
2022-06-21,sh.688418,9.5170099200,9.6374784000,9.3463462400,9.4567756800,9.4668147200,1229846,11600301.8600,0.944700,1,-0.106000,-16.560565,1.645656,3.648216,14.332856,0
2022-06-22,sh.688418,9.3463462400,9.5069708800,9.1957606400,9.1957606400,9.4567756800,1628312,15037582.0100,1.250700,1,-2.760100,-16.103480,1.600234,3.547522,13.937257,0
2022-06-23,sh.688418,9.1957606400,9.4366976000,9.1656435200,9.3965414400,9.1957606400,1049862,9732546.3900,0.806400,1,2.183400,-16.455084,1.635174,3.624979,14.241564,0
2022-06-24,sh.688418,9.4567756800,9.5872832000,9.3262681600,9.5170099200,9.3965414400,1351251,12779675.0300,1.037900,1,1.282100,-16.666047,1.656138,3.671453,14.424148,0
2022-06-27,sh.688418,9.5973222400,9.6174003200,9.3363072000,9.4065804800,9.5170099200,1266342,11901426.2700,0.972700,1,-1.160300,-16.472664,1.636921,3.628852,14.256779,0
2022-06-28,sh.688418,9.4065804800,9.6977126400,9.4065804800,9.6977126400,9.4065804800,2059687,19703056.9600,1.582100,1,3.095000,-16.982491,1.687583,3.741164,14.698024,0
2022-06-29,sh.688418,9.6575564800,9.8081420800,9.4366976000,9.4366976000,9.6977126400,1501831,14379657.0000,1.153600,1,-2.691500,-16.525405,1.642162,3.640471,14.302425,0
2022-06-30,sh.688418,9.5170099200,9.5571660800,9.3563852800,9.4366976000,9.4366976000,1141015,10761122.1300,0.876400,1,0.000000,-16.525405,1.642162,3.640471,14.302425,0
2022-07-01,sh.688418,9.3865024000,9.4567756800,9.2459558400,9.2660339200,9.4366976000,1048734,9757305.8800,0.805600,1,-1.808500,-16.226541,1.612463,3.574632,14.043764,0
2022-07-04,sh.688418,9.2760729600,9.5772441600,9.2359168000,9.5571660800,9.2660339200,1940681,18213575.2900,1.490700,1,3.141900,-16.736368,1.663126,3.686945,14.485009,0
2022-07-05,sh.688418,9.5471270400,9.5973222400,9.0552140800,9.1656435200,9.5571660800,1708524,15751139.2500,1.312400,1,-4.096600,-16.050739,1.594993,3.535904,13.891611,0
2022-07-06,sh.688418,9.1154483200,9.2459558400,9.0351360000,9.0552140800,9.1656435200,1048760,9534022.2300,0.805600,1,-1.204800,-15.857357,1.575777,3.493303,13.724242,0
2022-07-07,sh.688418,9.1455654400,9.2359168000,9.0050188800,9.0351360000,9.0552140800,997980,9040890.3200,0.766600,1,-0.221700,-15.822196,1.572283,3.485557,13.693811,0
2022-07-08,sh.688418,9.0953702400,9.3363072000,8.9949798400,9.1857216000,9.0351360000,1392331,12810586.2400,1.069500,1,1.666700,-16.085899,1.598487,3.543650,13.922041,0
2022-07-11,sh.688418,9.1254873600,9.2760729600,8.9749017600,9.0853312000,9.1857216000,991480,8971418.1200,0.761600,1,-1.092900,-15.910097,1.581018,3.504921,13.769888,0
2022-07-12,sh.688418,8.9849408000,9.1254873600,8.8443942400,8.8443942400,9.0853312000,1312706,11663672.5700,1.008300,1,-2.651900,-15.488172,1.539090,3.411973,13.404720,0
2022-07-13,sh.688418,8.8142771200,8.9749017600,8.8142771200,8.9247065600,8.8443942400,619933,5499118.9900,0.476200,1,0.908100,-15.628814,1.553066,3.442956,13.526442,0
2022-07-14,sh.688418,8.8443942400,9.1355264000,8.8142771200,9.0853312000,8.9247065600,1050327,9477199.0100,0.806800,1,1.799800,-15.910097,1.581018,3.504921,13.769888,0
2022-07-15,sh.688418,9.1756825600,9.1756825600,8.9347456000,8.9548236800,9.0853312000,846730,7622674.0900,0.650400,1,-1.436500,-15.681554,1.558307,3.454574,13.572088,0
2022-07-18,sh.688418,8.8945894400,9.7378688000,8.8945894400,9.6675955200,8.9548236800,3001299,28471401.7200,2.305400,1,7.959600,-16.929750,1.682342,3.729546,14.652378,0
2022-07-19,sh.688418,9.7780249600,9.7780249600,9.5672051200,9.7378688000,9.6675955200,1686050,16248122.6300,1.295100,1,0.726900,-17.052811,1.694571,3.756656,14.758885,0
2022-07-20,sh.688418,9.7780249600,9.7780249600,9.5370880000,9.5973222400,9.7378688000,1254420,12022988.0400,0.963600,1,-1.443300,-16.806688,1.670114,3.702436,14.545871,0
2022-07-21,sh.688418,9.5772441600,9.7579468800,9.5772441600,9.6374784000,9.5973222400,1445394,13954068.6400,1.110200,1,0.418400,-16.877009,1.677101,3.717927,14.606732,0
2022-07-22,sh.688418,9.5872832000,10.2900160000,9.5872832000,10.0490790400,9.6374784000,3529158,35304155.5400,2.661400,1,4.270800,-17.597798,1.748728,3.876714,15.230561,0
2022-07-25,sh.688418,10.1896256000,10.1896256000,9.9386496000,10.0691571200,10.0490790400,1818646,18164357.3000,1.371400,1,0.199800,-17.632959,1.752222,3.884460,15.260992,0
2022-07-26,sh.688418,9.8784153600,10.2900160000,9.8784153600,10.1896256000,10.0691571200,2491327,25237786.0300,1.878700,1,1.196400,-17.843921,1.773185,3.930934,15.443576,0
2022-07-27,sh.688418,10.1595084800,10.4004454400,10.1394304000,10.2598988800,10.1896256000,2217545,22660312.4100,1.672300,1,0.689700,-17.966983,1.785414,3.958044,15.550083,0
2022-07-28,sh.688418,10.3602892800,10.4807577600,10.2197427200,10.3602892800,10.2598988800,2585901,26706166.9500,1.950000,1,0.978500,-18.142785,1.802884,3.996772,15.702237,0
2022-07-29,sh.688418,10.4907968000,10.5008358400,10.2598988800,10.3703283200,10.3602892800,2343526,24245142.1900,1.767300,1,0.096900,-18.160365,1.804631,4.000645,15.717452,0
2022-08-01,sh.688418,10.2699379200,10.6012262400,10.2097036800,10.5008358400,10.3703283200,3215001,33482144.8100,2.424400,1,1.258500,-18.388908,1.827342,4.050992,15.915252,0
2022-08-02,sh.688418,10.5008358400,10.5008358400,9.7378688000,10.0089228800,10.5008358400,4157577,41435252.1700,3.135200,1,-4.684500,-17.527477,1.741740,3.861222,15.169700,0
2022-08-03,sh.688418,10.0892352000,10.3100940800,9.9888448000,10.0189619200,10.0089228800,2641362,26800568.9400,1.991900,1,0.100300,-17.545058,1.743487,3.865095,15.184915,0
2022-08-04,sh.688418,10.0791961600,10.2297817600,10.0189619200,10.1595084800,10.0189619200,1514417,15291254.0000,1.142000,1,1.402800,-17.791181,1.767944,3.919315,15.397930,0
2022-08-05,sh.688418,10.1595084800,10.8823193600,10.0992742400,10.7317337600,10.1595084800,3834728,40400133.0000,2.891800,1,5.632400,-18.793253,1.867522,4.140067,16.265205,0
2022-08-08,sh.688418,10.6915776000,11.1734515200,10.6313433600,11.1332953600,10.7317337600,3190235,34777093.0000,2.405800,1,3.741800,-19.496462,1.937402,4.294981,16.873818,0
2022-08-09,sh.688418,11.1031782400,11.5248179200,10.9726707200,11.3240371200,11.1332953600,4131679,46292445.0000,3.115700,1,1.713300,-19.830486,1.970594,4.368565,17.162910,0
2022-08-10,sh.688418,11.3541542400,11.8862233600,11.2738419200,11.5448960000,11.3240371200,4334145,50201674.0000,3.268400,1,1.950400,-20.217251,2.009028,4.453767,17.497648,0
2022-08-11,sh.688418,11.5950912000,11.7255987200,11.3441152000,11.5750131200,11.5448960000,2795431,32024732.0000,2.108000,1,0.260900,-20.269991,2.014269,4.465386,17.543294,0
2022-08-12,sh.688418,11.3943104000,11.8360281600,11.3943104000,11.4143884800,11.5750131200,1964999,22583200.0000,1.481800,1,-1.387700,-19.988708,1.986317,4.403420,17.299848,0
2022-08-15,sh.688418,11.3240371200,11.4545446400,11.0429440000,11.1533734400,11.4143884800,2485131,27718271.3900,1.874000,1,-2.286700,-19.531622,1.940896,4.302726,16.904249,0
2022-08-16,sh.688418,11.3240371200,11.3240371200,11.0128268800,11.0128268800,11.1533734400,1490985,16508122.1900,1.124400,1,-1.260100,-19.285499,1.916438,4.248507,16.691234,0
2022-08-17,sh.688418,10.9827097600,11.5448960000,10.9224755200,11.4746227200,11.0128268800,3595586,40594344.5300,2.711400,1,4.193300,-20.094189,1.996799,4.426657,17.391140,0
2022-08-18,sh.688418,11.5549350400,11.6352473600,11.3441152000,11.5750131200,11.4746227200,1979061,22683212.2000,1.492400,1,0.874900,-20.269991,2.014269,4.465386,17.543294,0
2022-08-19,sh.688418,11.4846617600,11.7356377600,11.3441152000,11.4545446400,11.5750131200,2228006,25526948.2900,1.680200,1,-1.040800,-20.059029,1.993305,4.418912,17.360710,0
2022-08-22,sh.688418,11.0529830400,11.3340761600,10.8522022400,11.2838809600,11.4545446400,2606981,28834692.4200,1.965900,1,-1.489900,-16.129422,1.999684,4.258940,27.076935,0
2022-08-23,sh.688418,11.3541542400,11.3541542400,10.8722803200,10.9726707200,11.2838809600,1827559,20091255.0700,1.378200,1,-2.758000,-15.684572,1.944533,4.141478,26.330151,0
2022-08-24,sh.688418,10.9425536000,10.9425536000,10.3402112000,10.3502502400,10.9726707200,2111956,22221114.7200,1.592600,1,-5.672500,-14.794870,1.834230,3.906554,24.836584,0
2022-08-25,sh.688418,10.4707187200,10.5409920000,10.0089228800,10.1795865600,10.3502502400,2070124,20964431.5000,1.561100,1,-1.648900,-14.550920,1.803985,3.842140,24.427057,0
2022-08-26,sh.688418,10.2498598400,10.2900160000,9.9888448000,9.9988838400,10.1795865600,1450066,14650771.5500,1.093500,1,-1.775100,-14.292620,1.771962,3.773936,23.993441,0
2022-08-29,sh.688418,9.9988838400,10.0490790400,9.7479078400,9.8683763200,9.9988838400,1305785,12932347.0600,0.984700,1,-1.305200,-14.106069,1.748834,3.724678,23.680273,0
2022-08-30,sh.688418,9.9687667200,10.1695475200,9.9085324800,10.0791961600,9.8683763200,1227438,12293439.4300,0.925600,1,2.136300,-14.407420,1.786195,3.804249,24.186159,0
2022-08-31,sh.688418,10.0791961600,10.1896256000,9.7880640000,9.8683763200,10.0791961600,2510351,25056151.7300,1.893100,1,-2.091600,-14.106069,1.748834,3.724678,23.680273,0
2022-09-01,sh.688418,9.7880640000,9.9888448000,9.6475174400,9.6475174400,9.8683763200,1419624,13827075.2700,1.070500,1,-2.238000,-13.790369,1.709694,3.641318,23.150298,0
2022-09-02,sh.688418,9.6475174400,11.5750131200,9.6475174400,11.4645836800,9.6475174400,8439109,91865667.1700,6.364000,1,18.834500,-16.387723,2.031707,4.327143,27.510551,0
2022-09-05,sh.688418,11.5348569600,11.5448960000,10.5409920000,10.8220851200,11.4645836800,8215195,88783682.9800,6.195100,1,-5.604200,-15.469321,1.917846,4.084642,25.968804,0
2022-09-06,sh.688418,10.6614604800,12.0167308800,10.5610700800,11.8159500800,10.8220851200,10006964,113494439.7900,7.546300,1,9.183700,-16.889973,2.093975,4.459762,28.353694,0
2022-09-07,sh.688418,11.9665356800,12.2476288000,11.3943104000,11.5750131200,11.8159500800,7772360,91132041.5500,5.861200,1,-2.039100,-16.545573,2.051277,4.368823,27.775539,0
2022-09-08,sh.688418,11.7456768000,12.0468480000,11.5147788800,11.5950912000,11.5750131200,4487769,52570657.4400,3.384200,1,0.173500,-16.574273,2.054835,4.376402,27.823719,0
2022-09-09,sh.688418,11.5750131200,11.6854425600,11.0429440000,11.0931392000,11.5950912000,3983496,44655396.3300,3.004000,1,-4.329000,-15.856772,1.965882,4.186947,26.619229,0
2022-09-13,sh.688418,11.2236467200,11.4947008000,10.8421632000,10.9927488000,11.0931392000,4491194,49621771.0000,3.386800,1,-0.905000,-15.713272,1.948091,4.149056,26.378331,0
2022-09-14,sh.688418,10.8622412800,11.1132172800,10.7216947200,10.9626316800,10.9927488000,2539405,27793594.5400,1.915000,1,-0.274000,-15.670222,1.942754,4.137689,26.306061,0
2022-09-15,sh.688418,11.0429440000,11.1433344000,10.3803673600,10.4506406400,10.9626316800,2875844,30476541.7200,2.168700,1,-4.670300,-14.938371,1.852021,3.944445,25.077482,0
2022-09-16,sh.688418,10.5309529600,10.7216947200,10.3000550400,10.3703283200,10.4506406400,2343662,24592691.9800,1.767400,1,-0.768500,-14.823570,1.837788,3.914132,24.884763,0
2022-09-19,sh.688418,10.4707187200,10.4707187200,9.8984934400,10.0591180800,10.3703283200,1786023,17922865.7800,1.346800,1,-3.001000,-14.378720,1.782636,3.796671,24.137979,0
2022-09-20,sh.688418,10.1193523200,10.2398208000,9.9185715200,10.0290009600,10.0591180800,1275788,12795984.7200,0.962100,1,-0.299400,-14.335670,1.777299,3.785303,24.065710,0
2022-09-21,sh.688418,10.0390400000,10.0892352000,9.7981030400,9.9988838400,10.0290009600,1041257,10296527.1700,0.785200,1,-0.300300,-14.292620,1.771962,3.773936,23.993441,0
2022-09-22,sh.688418,9.9888448000,10.3301721600,9.8884544000,10.0490790400,9.9988838400,1965032,19814839.1300,1.481800,1,0.502000,-14.364370,1.780857,3.792881,24.113890,0
2022-09-23,sh.688418,10.0490790400,10.0490790400,9.4969318400,9.5270489600,10.0490790400,2405230,23262488.4600,1.813800,1,-5.194800,-13.618169,1.688345,3.595849,22.861220,0
2022-09-26,sh.688418,9.5270489600,9.6876736000,9.2057996800,9.2961510400,9.5270489600,1439649,13451961.3900,1.085600,1,-2.423600,-13.288118,1.647427,3.508700,22.307155,0
2022-09-27,sh.688418,9.3162291200,9.5069708800,9.1857216000,9.4467366400,9.2961510400,1317421,12339168.6200,0.993500,1,1.619900,-13.503369,1.674113,3.565536,22.668502,0
2022-09-28,sh.688418,9.4668147200,9.4768537600,9.0853312000,9.0953702400,9.4467366400,991783,9139144.0300,0.747900,1,-3.719400,-13.001118,1.611845,3.432918,21.825359,0
2022-09-29,sh.688418,9.2459558400,9.2961510400,8.9648627200,8.9648627200,9.0953702400,1318179,11924511.5400,0.994000,1,-1.434900,-12.814568,1.588717,3.383659,21.512191,0
2022-09-30,sh.688418,8.9949798400,9.0351360000,8.8142771200,8.8343552000,8.9648627200,1010654,8969682.2400,0.762100,1,-1.455800,-12.628017,1.565589,3.334401,21.199024,0
2022-10-10,sh.688418,8.8845504000,9.0552140800,8.6536524800,8.9046284800,8.8343552000,1653871,14604186.2700,1.247200,1,0.795500,-12.728468,1.578042,3.360925,21.367652,0
2022-10-11,sh.688418,8.7239257600,9.3764633600,8.7239257600,9.3061900800,8.9046284800,2238339,20458735.3600,1.687900,1,4.509600,-13.302468,1.649206,3.512489,22.331245,0
2022-10-12,sh.688418,9.4266585600,9.7177907200,9.2459558400,9.7077516800,9.3061900800,2442455,23080705.0100,1.841900,1,4.315000,-13.876469,1.720369,3.664052,23.294836,0
2022-10-13,sh.688418,9.7679859200,9.8884544000,9.5370880000,9.8081420800,9.7077516800,1723026,16794329.4700,1.299300,1,1.034100,-14.019969,1.738160,3.701943,23.535734,0
2022-10-14,sh.688418,9.7479078400,9.9386496000,9.7378688000,9.7679859200,9.8081420800,1161217,11399241.4700,0.875700,1,-0.409400,-13.962569,1.731043,3.686787,23.439375,0
2022-10-17,sh.688418,9.9185715200,10.0691571200,9.7679859200,9.9788057600,9.7679859200,1434649,14217457.3000,1.081900,1,2.158300,-14.263920,1.768404,3.766358,23.945261,0
2022-10-18,sh.688418,9.9788057600,10.1595084800,9.7880640000,10.0992742400,9.9788057600,1637500,16281548.0400,1.234800,1,1.207200,-14.436120,1.789753,3.811827,24.234339,0
2022-10-19,sh.688418,10.0992742400,10.4406016000,10.0992742400,10.2398208000,10.0992742400,2092816,21440757.1200,1.578200,1,1.391700,-14.637020,1.814660,3.864874,24.571596,0
2022-10-20,sh.688418,10.2398208000,10.3803673600,10.0490790400,10.2398208000,10.2398208000,1756918,17877255.0900,1.324900,1,0.000000,-14.637020,1.814660,3.864874,24.571596,0
2022-10-21,sh.688418,10.2598988800,10.5209139200,10.2398208000,10.4406016000,10.2398208000,1891543,19605329.4500,1.426400,1,1.960800,-14.924021,1.850241,3.940656,25.053392,0
2022-10-24,sh.688418,10.9425536000,11.0329049600,10.3402112000,10.3602892800,10.4406016000,2866948,30437895.2300,2.162000,1,-0.769200,-14.809220,1.836009,3.910343,24.860673,0
2022-10-25,sh.688418,10.4606796800,10.5309529600,10.1394304000,10.2598988800,10.3602892800,2263804,23258929.9300,1.707100,1,-0.969000,-14.665720,1.818218,3.872452,24.619775,0
2022-10-26,sh.688418,10.3904064000,11.7055206400,10.3301721600,11.3139980800,10.2598988800,6438646,71879529.0600,4.855400,1,10.274000,-16.172472,2.005021,4.270307,27.149204,0
2022-10-27,sh.688418,11.3340761600,11.4846617600,11.2537638400,11.4143884800,11.3139980800,2737216,31026242.5200,2.064100,1,0.887300,-16.315973,2.022812,4.308198,27.390102,0
2022-10-28,sh.688418,11.5047398400,11.5248179200,10.9425536000,10.9827097600,11.4143884800,3757044,41938843.6000,2.833200,1,-3.781900,-15.698922,1.946312,4.145267,26.354241,0
2022-10-31,sh.688418,10.9827097600,11.8360281600,10.9023974400,11.5750131200,10.9827097600,4341222,49772358.1000,3.273700,1,5.393100,-18.036430,2.134914,3.994581,-108.784725,0
2022-11-01,sh.688418,11.4947008000,12.0468480000,11.2537638400,11.9966528000,11.5750131200,4387532,50728389.4600,3.308700,1,3.642700,-18.693438,2.212682,4.140090,-112.747395,0
2022-11-02,sh.688418,11.9464576000,12.2074726400,11.5750131200,11.8862233600,11.9966528000,3965902,46828363.5000,2.990700,1,-0.920500,-18.521365,2.192314,4.101981,-111.709553,0
2022-11-03,sh.688418,11.8259891200,12.1673164800,11.5750131200,12.0669260800,11.8862233600,3186811,37762259.2400,2.403200,1,1.520300,-18.802939,2.225643,4.164342,-113.407840,0
2022-11-04,sh.688418,12.0468480000,12.1974336000,11.7557158400,12.0669260800,12.0669260800,3162894,37652395.1900,2.385200,1,0.000000,-18.802939,2.225643,4.164342,-113.407840,0
2022-11-07,sh.688418,11.9866137600,12.8901273600,11.6954816000,12.6291123200,12.0669260800,7135636,88267008.5400,5.381000,1,4.658900,-19.678950,2.329334,4.358354,-118.691400,0
2022-11-08,sh.688418,12.6993856000,12.7495808000,11.9063014400,12.1673164800,12.6291123200,6713757,81429499.2000,5.062900,1,-3.656600,-18.959370,2.244159,4.198987,-114.351333,0
2022-11-09,sh.688418,12.3078630400,12.4082534400,11.7456768000,11.7858329600,12.1673164800,4373981,52746295.4700,3.298400,1,-3.135300,-18.364934,2.173798,4.067335,-110.766060,0
2022-11-10,sh.688418,12.0368089600,12.0368089600,11.5850521600,11.6051302400,11.7858329600,2883882,33705591.5500,2.174700,1,-1.533200,-18.083359,2.140469,4.004974,-109.067773,0
2022-11-11,sh.688418,11.8360281600,11.9765747200,11.4445056000,11.4445056000,11.6051302400,2043180,23823662.0200,1.540800,1,-1.384100,-17.833071,2.110843,3.949542,-107.558184,0
2022-11-14,sh.688418,11.4445056000,11.4947008000,11.1734515200,11.2638028800,11.4445056000,2489266,28067702.9700,1.877200,1,-1.578900,-17.551496,2.077514,3.887181,-105.859897,0
2022-11-15,sh.688418,11.1634124800,11.5850521600,11.1533734400,11.4746227200,11.2638028800,2094164,23887699.7500,1.579200,1,1.871700,-17.880000,2.116398,3.959936,-107.841232,0
2022-11-16,sh.688418,11.4746227200,11.6553254400,11.4344665600,11.5448960000,11.4746227200,1497606,17164242.5700,1.129400,1,0.612400,-17.989501,2.129359,3.984187,-108.501677,0
2022-11-17,sh.688418,11.5549350400,11.7657548800,11.3641932800,11.7356377600,11.5448960000,1945887,22392004.0600,1.467400,1,1.652200,-18.286719,2.164540,4.050013,-110.294314,0
2022-11-18,sh.688418,11.7456768000,12.1572774400,11.3541542400,11.3641932800,11.7356377600,2610001,30493045.4400,1.968200,1,-3.165100,-17.707926,2.096030,3.921826,-106.803390,0
2022-11-21,sh.688418,11.2437248000,12.0267699200,11.2336857600,11.4344665600,11.3641932800,3245016,37412036.9300,2.447100,1,0.618400,-17.817428,2.108991,3.946078,-107.463835,0
2022-11-22,sh.688418,11.3742323200,11.9263795200,11.2738419200,11.5549350400,11.4344665600,4363632,50697886.3100,3.290600,1,1.053600,-18.005144,2.131211,3.987652,-108.596027,0
2022-11-23,sh.688418,11.5649740800,11.5649740800,10.9525926400,11.3943104000,11.5549350400,3087733,34603841.1200,2.328500,1,-1.390100,-17.754855,2.101585,3.932220,-107.086438,0
2022-11-24,sh.688418,11.5047398400,11.6252083200,11.2336857600,11.4746227200,11.3943104000,1491490,16998003.9700,1.124700,1,0.704800,-17.880000,2.116398,3.959936,-107.841232,0
2022-11-25,sh.688418,11.3240371200,11.5348569600,11.1031782400,11.1332953600,11.4746227200,1960424,22072591.4600,1.478400,1,-2.974600,-17.348136,2.053443,3.842142,-104.633357,0
2022-11-28,sh.688418,11.2738419200,11.2738419200,10.9425536000,11.0228659200,11.1332953600,2259796,24891605.3700,1.704100,1,-0.991900,-17.176063,2.033075,3.804033,-103.595514,0
2022-11-29,sh.688418,10.8823193600,11.3340761600,10.8622412800,11.2035686400,11.0228659200,1397962,15513492.6600,1.054200,1,1.639300,-17.457638,2.066404,3.866394,-105.293802,0
2022-11-30,sh.688418,11.1232563200,11.8360281600,10.9525926400,11.5649740800,11.2035686400,3568062,40439728.1200,2.690700,1,3.225800,-18.020787,2.133062,3.991116,-108.690376,0
2022-12-01,sh.688418,11.4947008000,12.2175116800,11.4947008000,11.8561062400,11.5649740800,2923783,34599195.2700,2.204800,1,2.517400,-18.474435,2.186759,4.091587,-111.426505,0
2022-12-02,sh.688418,11.7757939200,12.1673164800,11.7757939200,11.9464576000,11.8561062400,1589609,18998900.3500,1.198700,1,0.762100,-18.615223,2.203424,4.122768,-112.275649,0
2022-12-05,sh.688418,12.1070822400,12.1873945600,11.8159500800,12.0267699200,11.9464576000,2314748,27526460.9800,1.745600,1,0.672300,-18.740367,2.218237,4.150484,-113.030443,0
2022-12-06,sh.688418,12.0468480000,12.3680972800,11.8661452800,12.3680972800,12.0267699200,2130846,25762116.7200,1.606900,1,2.838100,-19.272231,2.281192,4.268277,-116.238319,0
2022-12-07,sh.688418,12.1673164800,12.4885657600,11.8661452800,11.8862233600,12.3680972800,2154765,25894895.5900,1.624900,1,-3.896100,-18.521365,2.192314,4.101981,-111.709553,0
2022-12-08,sh.688418,12.0468480000,13.7836019200,11.8661452800,13.4723916800,11.8862233600,11096289,145429597.6400,8.367800,1,13.344600,-20.992966,2.484869,4.649373,-126.616740,0
2022-12-09,sh.688418,13.3218060800,13.3218060800,12.7395417600,12.9403225600,13.4723916800,4813383,62178326.4900,3.629800,1,-3.949300,-20.163884,2.386734,4.465754,-121.616228,0
2022-12-12,sh.688418,12.9403225600,13.4924697600,12.9202444800,13.3017280000,12.9403225600,3119946,41087644.8400,2.352800,1,2.792900,-20.727034,2.453392,4.590477,-125.012802,0
2022-12-13,sh.688418,13.2314547200,13.3920793600,12.8499712000,13.0507520000,13.3017280000,2862913,37242837.9800,2.158900,1,-1.886800,-20.335958,2.407101,4.503864,-122.654070,0
2022-12-14,sh.688418,12.9403225600,13.7434457600,12.9403225600,13.1210252800,13.0507520000,3272156,43586729.2300,2.467500,1,0.538500,-20.445459,2.420063,4.528115,-123.314515,0
2022-12-15,sh.688418,13.3920793600,13.6530944000,12.9604006400,13.1009472000,13.1210252800,1861518,24458823.0100,1.403800,1,-0.153000,-20.414173,2.416360,4.521186,-123.125816,0
2022-12-16,sh.688418,13.2113766400,13.2113766400,12.5688780800,12.9503616000,13.1009472000,2790697,35727445.3800,2.104500,1,-1.149400,-20.179527,2.388585,4.469219,-121.710577,0
2022-12-19,sh.688418,12.9302835200,12.9302835200,12.2978240000,12.4082534400,12.9503616000,2029375,25267512.0500,1.530400,1,-4.186000,-19.334803,2.288598,4.282135,-116.615716,0
2022-12-20,sh.688418,12.3480192000,12.5387609600,12.1773555200,12.2375897600,12.4082534400,1115010,13663279.1300,0.840800,1,-1.375400,-19.068871,2.257121,4.223238,-115.011778,0
2022-12-21,sh.688418,12.1873945600,12.3781363200,11.7958720000,11.9464576000,12.2375897600,1752499,20998147.3800,1.321600,1,-2.379000,-18.615223,2.203424,4.122768,-112.275649,0
2022-12-22,sh.688418,11.9364185600,12.0468480000,11.5448960000,11.5850521600,11.9464576000,1092835,12775451.4500,0.824100,1,-3.025200,-18.052073,2.136765,3.998045,-108.879074,0
2022-12-23,sh.688418,11.6954816000,11.9263795200,11.4244275200,11.6252083200,11.5850521600,1063976,12326167.2400,0.802300,1,0.346600,-18.114645,2.144172,4.011903,-109.256472,0
2022-12-26,sh.688418,11.6452864000,11.8159500800,11.3441152000,11.5248179200,11.6252083200,2339451,27138206.4100,1.764200,1,-0.863600,-17.958215,2.125656,3.977258,-108.312979,0
2022-12-27,sh.688418,11.4645836800,12.1271603200,11.2437248000,11.8962624000,11.5248179200,2119071,24635417.2900,1.598000,1,3.223000,-18.537008,2.194166,4.105445,-111.803902,0
2022-12-28,sh.688418,11.6954816000,11.8661452800,11.4445056000,11.4445056000,11.8962624000,1165704,13497716.8900,0.879100,1,-3.797500,-17.833071,2.110843,3.949542,-107.558184,0
2022-12-29,sh.688418,11.4846617600,11.9464576000,11.3742323200,11.8259891200,11.4445056000,1534248,17872782.0600,1.157000,1,3.333300,-18.427506,2.181204,4.081193,-111.143457,0
2022-12-30,sh.688418,11.7255987200,12.0267699200,11.5248179200,11.6754035200,11.8259891200,1957212,22692675.5200,1.475900,1,-1.273300,-18.192861,2.153430,4.029226,-109.728218,0
2023-01-03,sh.688418,11.6854425600,12.6491904000,11.6854425600,12.3179020800,11.6754035200,3362701,40804079.1600,2.535800,1,5.503000,-19.194015,2.271933,4.250954,-115.766572,0
2023-01-04,sh.688418,12.4785267200,12.7495808000,12.2476288000,12.4986048000,12.3179020800,2353088,29262319.9400,1.774500,1,1.467000,-19.475590,2.305263,4.313316,-117.464859,0
2023-01-05,sh.688418,12.5086438400,12.5387609600,12.1974336000,12.3279411200,12.4986048000,1888415,23201330.1400,1.424100,1,-1.365500,-19.209658,2.273785,4.254419,-115.860921,0
2023-01-06,sh.688418,12.2677068800,12.3982144000,11.9464576000,12.0870041600,12.3279411200,1533004,18546298.7200,1.156000,1,-1.954400,-18.834225,2.229346,4.171271,-113.596539,0
2023-01-09,sh.688418,12.2275507200,12.2275507200,11.8059110400,11.8761843200,12.0870041600,1359372,16229559.0100,1.025100,1,-1.744200,-18.505721,2.190462,4.098516,-111.615204,0
2023-01-10,sh.688418,11.9464576000,11.9464576000,11.6653644800,11.7456768000,11.8761843200,860583,10095184.3900,0.649000,1,-1.098900,-18.302362,2.166391,4.053477,-110.388663,0
2023-01-11,sh.688418,11.7456768000,11.8761843200,11.4344665600,11.4344665600,11.7456768000,1347770,15514309.5900,1.016400,1,-2.649600,-17.817428,2.108991,3.946078,-107.463835,0
2023-01-12,sh.688418,11.5248179200,11.7055206400,11.2838809600,11.6252083200,11.4344665600,1070362,12309061.5000,0.807200,1,1.668100,-18.114645,2.144172,4.011903,-109.256472,0
2023-01-13,sh.688418,11.6252083200,11.7757939200,11.3441152000,11.4043494400,11.6252083200,1464611,16762714.3200,1.104500,1,-1.899800,-17.770498,2.103436,3.935684,-107.180787,0
2023-01-16,sh.688418,11.5649740800,12.1472384000,11.3842713600,11.8360281600,11.4043494400,2134588,25296417.0700,1.609700,1,3.785200,-18.443149,2.183056,4.084658,-111.237806,0
2023-01-17,sh.688418,11.8360281600,12.0066918400,11.8159500800,11.8460672000,11.8360281600,760079,9005351.0200,0.573200,1,0.084800,-18.458792,2.184908,4.088122,-111.332156,0
2023-01-18,sh.688418,11.8661452800,12.1572774400,11.8159500800,11.9866137600,11.8460672000,912366,10907477.7500,0.688000,1,1.186400,-18.677795,2.210830,4.136626,-112.653046,0
2023-01-19,sh.688418,11.9866137600,12.1472384000,11.8059110400,12.0568870400,11.9866137600,982820,11743672.1200,0.741100,1,0.586300,-18.787296,2.223791,4.160877,-113.313491,0
2023-01-20,sh.688418,12.0769651200,12.2777459200,11.8360281600,12.2275507200,12.0568870400,1681936,20234121.8300,1.268400,1,1.415500,-19.053228,2.255269,4.219774,-114.917429,0
2023-01-30,sh.688418,12.3881753600,12.5889561600,12.2275507200,12.3982144000,12.2275507200,1607593,19904991.4600,1.212300,1,1.395700,-19.319160,2.286746,4.278671,-116.521366,0
2023-01-31,sh.688418,12.1773555200,12.2476288000,11.8460672000,12.0970432000,12.3982144000,1728352,20804367.4900,1.303400,1,-2.429100,-18.849868,2.231198,4.174735,-113.690888,0
2023-02-01,sh.688418,12.2074726400,12.3279411200,12.0468480000,12.2777459200,12.0970432000,2180153,26458123.1600,1.644100,1,1.493800,-19.131443,2.264527,4.237096,-115.389175,0
2023-02-02,sh.688418,12.2576678400,12.5989952000,12.2175116800,12.2576678400,12.2777459200,2102345,25956482.8500,1.585400,1,-0.163500,-19.100157,2.260824,4.230167,-115.200476,0
2023-02-03,sh.688418,12.2877849600,12.6391513600,12.1572774400,12.4082534400,12.2576678400,4059792,50117035.4500,3.061500,1,1.228500,-19.334803,2.288598,4.282135,-116.615716,0
2023-02-06,sh.688418,12.4082534400,12.7796979200,12.2677068800,12.5287219200,12.4082534400,2424599,30342943.9100,1.828400,1,0.970900,-19.522519,2.310817,4.323709,-117.747907,0
2023-02-07,sh.688418,12.5488000000,13.2013376000,12.3781363200,12.8901273600,12.5287219200,2981216,37935187.3900,2.248100,1,2.884600,-20.085669,2.377476,4.448432,-121.144481,0
2023-02-08,sh.688418,13.0708300800,13.1109862400,12.4986048000,12.5789171200,12.8901273600,2062870,26107995.7300,1.555600,1,-2.414300,-19.600735,2.320076,4.341032,-118.219654,0
2023-02-09,sh.688418,12.5588390400,12.7796979200,12.3982144000,12.7395417600,12.5789171200,1616200,20299253.2800,1.218800,1,1.276900,-19.851023,2.349701,4.396464,-119.729242,0
2023-02-10,sh.688418,12.7395417600,13.1009472000,12.6893465600,12.8901273600,12.7395417600,2024320,25999936.3300,1.526500,1,1.182000,-20.085669,2.377476,4.448432,-121.144481,0
2023-02-13,sh.688418,12.8800883200,13.0105958400,12.7596198400,12.9202444800,12.8901273600,1518449,19499333.1400,1.145100,1,0.233600,-20.132598,2.383030,4.458825,-121.427529,0
2023-02-14,sh.688418,13.1310643200,13.2013376000,12.6993856000,12.7696588800,12.9202444800,2037888,26150394.2400,1.536800,1,-1.165500,-19.897952,2.355256,4.406857,-120.012290,0
2023-02-15,sh.688418,12.7696588800,13.0507520000,12.6291123200,13.0005568000,12.7696588800,2024782,26032109.6800,1.526900,1,1.808200,-20.257742,2.397843,4.486541,-122.182323,0
2023-02-16,sh.688418,12.9804787200,13.4021184000,12.6491904000,12.6893465600,13.0005568000,3399921,44103267.2500,2.563900,1,-2.393800,-19.772808,2.340443,4.379141,-119.257496,0
2023-02-17,sh.688418,12.6993856000,12.7997760000,12.1673164800,12.2476288000,12.6893465600,2455493,30318860.4000,1.851700,1,-3.481000,-19.084514,2.258972,4.226703,-115.106127,0
2023-02-20,sh.688418,12.2375897600,12.2375897600,11.8661452800,12.1371993600,12.2476288000,2387715,28645116.5000,1.800600,1,-0.901600,-18.912441,2.238604,4.188593,-114.068285,0
2023-02-21,sh.688418,12.1371993600,12.4885657600,12.0267699200,12.0870041600,12.1371993600,2045361,24871912.0900,1.542400,1,-0.413600,-18.834225,2.229346,4.171271,-113.596539,0
2023-02-22,sh.688418,12.1472384000,14.5064128000,11.9665356800,14.1048512000,12.0870041600,19141961,263300093.1200,14.435000,1,16.694400,-21.978477,2.601521,4.867637,-132.560745,0
2023-02-23,sh.688418,14.5365299200,14.9380915200,13.8739532800,14.3156710400,14.1048512000,19200776,273307372.8100,14.479400,1,1.494700,-22.306981,2.640405,4.940392,-134.542080,0
2023-02-24,sh.688418,13.9843827200,14.4361395200,13.3619622400,13.5928601600,14.3156710400,10175239,139095530.9700,7.673200,1,-5.049100,-21.180682,2.507089,4.690947,-127.748931,0
2023-02-27,sh.688418,14.0546560000,14.8577792000,13.6129382400,13.9643046400,13.5928601600,13842240,194986814.3400,10.438500,1,2.732600,-21.759475,2.575599,4.819134,-131.239855,0
2023-02-28,sh.688418,13.5527040000,14.0546560000,13.4221964800,13.6530944000,13.9643046400,9443100,128288346.4500,7.121100,1,-2.228600,-12.399262,2.518198,4.778082,-128.315027,0
2023-03-01,sh.688418,13.5426649600,15.8817612800,13.5426649600,15.5203558400,13.6530944000,15113792,221572311.5400,11.397400,1,13.676500,-14.095043,2.862599,5.431554,-145.863994,0
2023-03-02,sh.688418,15.4300044800,17.2370316800,15.1187942400,16.6848844800,15.5203558400,21175181,349349392.5800,15.968300,1,7.503200,-15.152627,3.077387,5.839097,-156.808511,0
2023-03-03,sh.688418,16.5644160000,17.3374220800,16.3535961600,16.7551577600,16.6848844800,11927177,199456590.5300,8.994300,1,0.421200,-15.216447,3.090348,5.863690,-157.468956,0
2023-03-06,sh.688418,16.7250406400,18.3513651200,16.7250406400,17.6185152000,16.7551577600,12737285,224663593.4500,9.605200,1,5.152800,-16.000518,3.249587,6.165833,-165.582994,0
2023-03-07,sh.688418,17.4076953600,17.7189056000,16.6146112000,16.6648064000,17.6185152000,9202636,155536982.8600,6.939800,1,-5.413100,-15.134393,3.073683,5.832070,-156.619812,0
2023-03-08,sh.688418,16.7350796800,17.7791398400,16.3636352000,17.3173440000,16.6648064000,9114489,155470889.5400,6.873300,1,3.915700,-15.727005,3.194039,6.060434,-162.752516,0
2023-03-09,sh.688418,17.1667584000,18.1505843200,16.7752358400,17.8795302400,17.3173440000,9921947,172793296.9100,7.482200,1,3.246400,-16.237563,3.297729,6.257179,-168.036076,0
2023-03-10,sh.688418,17.9297254400,19.8772992000,17.7891788800,17.9899596800,17.8795302400,12532882,232898105.7400,9.451100,1,0.617600,-16.337851,3.318097,6.295825,-169.073918,0
2023-03-13,sh.688418,18.3614041600,19.1544883200,17.4277734400,19.0942540800,17.9899596800,13768783,250932591.3500,10.383100,1,6.138400,-17.340732,3.521775,6.682288,-179.452339,0
2023-03-14,sh.688418,18.9537075200,18.9537075200,17.9498035200,18.3011699200,19.0942540800,12359920,225707366.8200,9.320700,1,-4.153500,-16.620481,3.375497,6.404737,-171.998746,0
2023-03-15,sh.688418,17.7189056000,18.3513651200,17.1065241600,17.6486323200,18.3011699200,12203949,216275437.2300,9.203100,1,-3.565600,-16.027869,3.255142,6.176373,-165.866042,0
2023-03-16,sh.688418,17.5482419200,18.0602329600,16.9458995200,16.9458995200,17.6486323200,8641050,148235306.5500,6.516300,1,-3.981800,-15.389672,3.125529,5.930442,-159.261592,0
2023-03-17,sh.688418,17.0161728000,17.3775782400,16.3636352000,16.6346892800,16.9458995200,11548788,192264783.1000,8.709000,1,-1.836500,-15.107042,3.068129,5.821530,-156.336765,0
2023-03-20,sh.688418,16.7350796800,17.4578905600,16.4439475200,16.6748454400,16.6346892800,10439290,176940433.4600,7.872300,1,0.241400,-15.143510,3.075535,5.835583,-156.714162,0
2023-03-21,sh.688418,16.7551577600,17.5883980800,16.5644160000,17.2671488000,16.6748454400,7096121,121504272.3400,5.351200,1,3.552100,-15.681419,3.184780,6.042868,-162.280769,0
2023-03-22,sh.688418,17.2872268800,17.8393740800,16.8354700800,17.7189056000,17.2671488000,7566349,131279474.2700,5.705800,1,2.616300,-16.091689,3.268103,6.200966,-166.526487,0
2023-03-23,sh.688418,17.4177344000,18.3011699200,17.2169536000,18.1606233600,17.7189056000,7856014,139092812.3400,5.924300,1,2.492900,-16.492841,3.349574,6.355551,-170.677856,0
2023-03-24,sh.688418,17.9196864000,18.2509747200,17.2771878400,17.9196864000,18.1606233600,7080017,124461546.0100,5.339100,1,-1.326700,-16.274031,3.305136,6.271232,-168.413473,0
2023-03-27,sh.688418,17.6687104000,18.1405452800,17.2370316800,17.2571097600,17.9196864000,5250353,91652664.4100,3.959300,1,-3.697500,-15.672302,3.182929,6.039355,-162.186420,0
2023-03-28,sh.688418,17.3173440000,17.7992179200,16.8856652800,17.1266022400,17.2571097600,4630017,80057602.1700,3.491500,1,-0.756300,-15.553780,3.158858,5.993682,-160.959879,0
2023-03-29,sh.688418,16.8455091200,17.2972659200,16.7651968000,16.8655872000,17.1266022400,3922569,66591570.7800,2.958000,1,-1.524000,-15.316735,3.110716,5.902336,-158.506798,0
2023-03-30,sh.688418,16.8655872000,17.1567193600,16.4640256000,16.4841036800,16.8655872000,3763399,63203637.0300,2.838000,1,-2.261900,-14.970285,3.040354,5.768831,-154.921525,0
2023-03-31,sh.688418,16.6848844800,17.6586713600,16.4138304000,17.3073049600,16.4841036800,5350972,92109918.6600,4.035200,1,4.993900,-15.717888,3.192187,6.056921,-162.658167,0
2023-04-03,sh.688418,17.3675392000,17.6486323200,16.6648064000,17.1868364800,17.3073049600,5640372,95621143.7400,4.253400,1,-0.696100,-15.608482,3.169967,6.014761,-161.525975,0
2023-04-04,sh.688418,16.9458995200,17.4980467200,16.8856652800,17.1767974400,17.1868364800,4507764,77257483.0200,3.399300,1,-0.058400,-15.599365,3.168116,6.011248,-161.431626,0
2023-04-06,sh.688418,16.9960947200,17.1667584000,16.4138304000,17.0864460800,17.1767974400,7070259,118193954.0000,5.331700,1,-0.526000,-15.517311,3.151451,5.979629,-160.582482,0
2023-04-07,sh.688418,16.9659776000,17.0764070400,16.4841036800,16.9157824000,17.0864460800,5456779,91342875.2800,4.115000,1,-0.998800,-15.150056,3.548642,6.126791,-51.828364,0
2023-04-10,sh.688418,16.7651968000,17.1466803200,16.1628544000,16.1829324800,16.9157824000,6300857,104031503.6300,4.751500,1,-4.332300,-14.493703,3.394902,5.861357,-49.582981,0
2023-04-11,sh.688418,16.1226982400,16.9458995200,16.0223078400,16.5041817600,16.1829324800,6997641,115506662.8400,5.277000,1,1.985100,-14.781419,3.462295,5.977712,-50.567259,0
2023-04-12,sh.688418,16.5844940800,17.1165632000,16.3636352000,16.8856652800,16.5041817600,3093568,51793257.3500,2.332900,1,2.311400,-15.123082,3.542324,6.115883,-51.736088,0
2023-04-13,sh.688418,16.9760166400,17.5482419200,16.7150016000,16.7651968000,16.8856652800,6035966,103199303.7000,4.551800,1,-0.713400,-15.015189,3.517051,6.072250,-51.366984,0
2023-04-14,sh.688418,16.7852748800,17.0161728000,16.1628544000,16.4439475200,16.7651968000,4201122,68933380.7400,3.168100,1,-1.916200,-14.727472,3.449659,5.955895,-50.382707,0
2023-04-17,sh.688418,16.0825420800,16.7651968000,16.0825420800,16.2933619200,16.4439475200,3193688,52237052.2600,2.408400,1,-0.915800,-14.592605,3.418068,5.901354,-49.921327,0
2023-04-18,sh.688418,16.4539865600,17.6687104000,15.9219174400,17.5382028800,16.2933619200,8416771,143261865.5800,6.347100,1,7.640200,-15.707506,3.679215,6.352228,-53.735402,0
2023-04-19,sh.688418,17.5382028800,18.8733952000,17.1366412800,18.2208576000,17.5382028800,11703372,210637027.0100,8.825600,1,3.892400,-16.318903,3.822424,6.599481,-55.826992,0
2023-04-20,sh.688418,18.1706624000,19.3753472000,17.4779686400,17.7791398400,18.2208576000,10320548,187617373.1100,7.782800,1,-2.424200,-15.923293,3.729759,6.439494,-54.473610,0
2023-04-21,sh.688418,17.9799206400,18.8432780800,17.5482419200,18.0200768000,17.7791398400,10906771,198505432.7000,8.224800,1,1.355200,-16.139080,3.780304,6.526759,-55.211818,0
2023-04-24,sh.688418,17.3474611200,18.7328486400,16.8455091200,17.7088665600,18.0200768000,9734729,170772164.6300,7.341000,1,-1.727000,-15.860355,3.715017,6.414041,-54.258300,0
2023-04-25,sh.688418,17.9397644800,18.0501939200,16.4640256000,16.5644160000,17.7088665600,7383642,125159087.5200,5.568000,1,-6.462600,-14.835366,3.474931,5.999528,-50.751811,0
2023-04-26,sh.688418,16.7651968000,17.4478515200,16.1628544000,16.3636352000,16.5644160000,6557089,109849489.3600,4.944700,1,-1.212100,-14.655543,3.432811,5.926807,-50.136637,0
2023-04-27,sh.688418,16.1226982400,17.0462899200,16.0022297600,16.6748454400,16.3636352000,4787061,79107206.6000,3.609900,1,1.901800,-14.934268,3.498097,6.039525,-51.090156,0
2023-04-28,sh.688418,16.0624640000,18.4517555200,16.0624640000,18.3413260800,16.6748454400,8141835,144405603.4800,6.139800,1,9.994000,-16.426796,3.847696,6.643114,-56.196096,0
2023-05-04,sh.688418,18.2710528000,19.4656985600,18.0401548800,18.2810918400,18.3413260800,9677558,179160824.7400,7.297900,1,-0.328400,-20.285325,3.813483,5.847911,-25.482233,0
2023-05-05,sh.688418,18.3714432000,18.4115993600,17.4478515200,17.8694912000,18.2810918400,5554171,98680800.0600,4.188400,1,-2.251500,-19.828599,3.727622,5.716245,-24.908497,0
2023-05-08,sh.688418,17.8694912000,18.3614041600,17.1968755200,17.5783590400,17.8694912000,5328430,93915847.0000,4.018200,1,-1.629200,-19.505549,3.666891,5.623115,-24.502685,0
2023-05-09,sh.688418,17.4076953600,17.6486323200,16.6748454400,16.7852748800,17.5783590400,5496220,93881094.3600,4.144700,1,-4.511700,-18.625515,3.501451,5.369417,-23.397195,0
2023-05-10,sh.688418,17.1767974400,19.4355814400,17.1366412800,18.5923020800,16.7852748800,14296980,263284903.2600,10.781400,1,10.765600,-20.630654,3.878402,5.947464,-25.916032,0
2023-05-11,sh.688418,18.7127705600,20.9815936000,18.0200768000,20.3993292800,18.5923020800,18144448,352214249.9100,13.682800,1,9.719200,-22.635794,4.255353,6.525511,-28.434869,0
2023-05-12,sh.688418,20.0780800000,21.6742873600,19.7969868800,20.8109299200,20.3993292800,16356065,337625354.7300,12.334200,1,2.017700,-23.092520,4.341213,6.657178,-29.008604,0
2023-05-15,sh.688418,20.8812032000,21.6542092800,19.6765184000,20.8812032000,20.8109299200,13046978,265317901.7300,9.838800,1,0.337700,-23.170497,4.355873,6.679657,-29.106559,0
2023-05-16,sh.688418,20.9815936000,21.0217497600,19.1042931200,19.1243712000,20.8812032000,12958451,253981640.6200,9.772000,1,-8.413500,-21.221056,3.989393,6.117667,-26.657690,0
2023-05-17,sh.688418,18.7328486400,22.9492454400,18.4718336000,22.9492454400,19.1243712000,24056898,521996082.2300,18.141400,1,20.000000,-25.465268,4.787272,7.341200,-31.989228,0
2023-05-18,sh.688418,24.4551014400,25.5593958400,22.1059660800,23.5515878400,22.9492454400,32641102,773819011.7300,24.614800,1,2.624700,-26.133648,4.912922,7.533882,-32.828840,0
2023-05-19,sh.688418,22.0256537600,22.2665907200,20.6503052800,20.6804224000,23.5515878400,21174867,446728381.1800,15.968100,1,-12.191000,-22.947704,4.313989,6.615430,-28.826688,0
2023-05-22,sh.688418,20.3892902400,20.6302272000,19.2649177600,19.8170649600,20.6804224000,14998897,296038643.4200,11.310700,1,-4.174800,-21.989693,4.133891,6.339252,-27.623244,0
2023-05-23,sh.688418,19.7568307200,20.4595635200,19.0741760000,19.3954252800,19.8170649600,11581867,229171322.8500,8.733900,1,-2.127700,-21.521827,4.045936,6.204374,-27.035515,0
2023-05-24,sh.688418,19.3151129600,20.5800320000,19.0842150400,19.9776896000,19.3954252800,11383813,226057649.1900,8.584600,1,3.002100,-22.167928,4.167397,6.390633,-27.847140,0
2023-05-25,sh.688418,20.0580019200,20.8008908800,18.4718336000,18.7730048000,19.9776896000,12106960,231793075.4200,9.129900,1,-6.030200,-20.831168,3.916097,6.005269,-26.167916,0
2023-05-26,sh.688418,18.7930828800,19.7267136000,18.5220288000,19.0641369600,18.7730048000,8166036,156152280.4200,6.158000,1,1.550800,-21.154219,3.976828,6.098398,-26.573729,0
2023-05-29,sh.688418,18.9637465600,20.0580019200,18.6324582400,19.8973772800,19.0641369600,9491417,185097353.0400,7.157500,1,4.370700,-22.078810,4.150644,6.364942,-27.735192,0
2023-05-30,sh.688418,19.6965964800,19.7769088000,18.8934732800,19.4857766400,19.8973772800,8398736,160967360.3700,6.333500,1,-2.068600,-21.622084,4.064783,6.233276,-27.161457,0
2023-05-31,sh.688418,19.2950348800,19.3151129600,18.5320678400,18.9235904000,19.4857766400,7534292,141831213.3400,5.681600,1,-2.885100,-20.998263,3.947510,6.053439,-26.377819,0
2023-06-01,sh.688418,18.8733952000,19.6965964800,18.6726144000,19.2649177600,18.9235904000,9105656,174133325.0300,6.866600,1,1.803700,-21.377012,4.018711,6.162626,-26.853599,0
2023-06-02,sh.688418,19.0741760000,20.5900710400,19.0039027200,20.1684313600,19.2649177600,10774884,213289341.4900,8.125400,1,4.689900,-22.379581,4.207187,6.451650,-28.113018,0
2023-06-05,sh.688418,20.2788608000,21.2827648000,20.0680409600,20.5800320000,20.1684313600,12022445,247650311.6300,9.066200,1,2.040800,-22.836308,4.293048,6.583316,-28.686753,0
2023-06-06,sh.688418,20.2587827200,20.5599539200,19.6162841600,19.7367526400,20.5800320000,8360317,166970657.4900,6.304600,1,-4.097600,-21.900576,4.117137,6.313561,-27.511296,0
2023-06-07,sh.688418,19.5861670400,20.5699929600,19.3552691200,20.3491340800,19.7367526400,8360047,168191004.7800,6.304400,1,3.102700,-22.580095,4.244882,6.509454,-28.364901,0
2023-06-08,sh.688418,20.3792512000,20.8510860800,19.5861670400,20.0078067200,20.3491340800,7354068,148020053.4100,5.545700,1,-1.677400,-22.201347,4.173680,6.400268,-27.889121,0
2023-06-09,sh.688418,19.9776896000,21.0819840000,19.8271040000,21.0719449600,20.0078067200,10256294,210998177.5900,7.734300,1,5.318600,-23.382151,4.395662,6.740673,-29.372436,0
2023-06-12,sh.688418,21.3630771200,21.5638579200,20.3993292800,20.5800320000,21.0719449600,8855818,182858820.2200,6.678200,1,-2.334400,-22.836308,4.293048,6.583316,-28.686753,0
2023-06-13,sh.688418,20.4595635200,20.9615155200,20.1784704000,20.3993292800,20.5800320000,7559444,154562981.8300,5.700600,1,-0.878000,-22.635794,4.255353,6.525511,-28.434869,0
2023-06-14,sh.688418,19.8772992000,21.2626867200,18.9737856000,20.9815936000,20.3993292800,16803130,334105925.6100,12.671300,1,2.854300,-23.281894,4.376814,6.711771,-29.246494,0
2023-06-15,sh.688418,20.6703833600,21.1622963200,20.3390950400,20.3692121600,20.9815936000,8285494,170638341.8300,6.248100,1,-2.918700,-22.602375,4.249070,6.515877,-28.392888,0
2023-06-16,sh.688418,20.1282752000,21.2225305600,19.9576115200,20.6603443200,20.3692121600,8968025,184502675.3000,6.762800,1,1.429300,-22.925425,4.309801,6.609007,-28.798701,0
2023-06-19,sh.688418,20.5800320000,21.5136627200,20.3591731200,21.2325696000,20.6603443200,10876256,226674156.2100,8.201800,1,2.769700,-23.560386,4.429169,6.792055,-29.596333,0
2023-06-20,sh.688418,21.0016716800,21.0819840000,20.3591731200,20.7205785600,21.2325696000,8946926,184302809.4800,6.746900,1,-2.411300,-22.992263,4.322366,6.628275,-28.882662,0
2023-06-21,sh.688418,20.4495244800,20.6904614400,19.8772992000,19.9074163200,20.7205785600,5948985,119448413.5000,4.486200,1,-3.924400,-22.089950,4.152738,6.368154,-27.749186,0
2023-06-26,sh.688418,19.5761280000,20.0580019200,18.9537075200,19.0039027200,19.9074163200,4907287,94597373.9400,3.700600,1,-4.538600,-21.087381,3.964263,6.079130,-26.489767,0
2023-06-27,sh.688418,19.0641369600,20.1784704000,18.8533171200,19.8772992000,19.0039027200,5088457,99403308.2200,3.837200,1,4.595900,-22.056531,4.146456,6.358520,-27.707205,0
2023-06-28,sh.688418,20.6804224000,20.9414374400,19.0741760000,19.6464012800,19.8772992000,7329135,144905014.6000,5.526900,1,-1.161600,-21.800319,4.098290,6.284658,-27.385354,0
2023-06-29,sh.688418,19.2649177600,20.8611251200,19.2649177600,20.7306176000,19.6464012800,9272007,187457133.0500,6.992100,1,5.518700,-23.003402,4.324460,6.631487,-28.896656,0
2023-06-30,sh.688418,20.3892902400,21.3831552000,20.3892902400,21.1622963200,20.7306176000,9268589,193064830.1800,6.989500,1,2.082300,-23.482408,4.414509,6.769576,-29.498378,0
2023-07-03,sh.688418,20.9313984000,21.0619059200,19.7769088000,20.2085875200,21.1622963200,6963556,140717288.8000,5.251300,1,-4.506600,-22.424140,4.215563,6.464495,-28.168992,0
2023-07-04,sh.688418,20.2085875200,20.7808128000,19.5560499200,20.5499148800,20.2085875200,7066314,141728850.6600,5.328700,1,1.689000,-22.802889,4.286765,6.573682,-28.644772,0
2023-07-05,sh.688418,20.6603443200,22.5878400000,20.6503052800,21.5839360000,20.5499148800,14021449,303732717.5400,10.573600,1,5.031800,-23.950274,4.502465,6.904453,-30.086107,0
2023-07-06,sh.688418,21.4735065600,22.1963174400,21.1924134400,21.8449510400,21.5839360000,9087451,196455685.7900,6.852900,1,1.209300,-24.239905,4.556913,6.987949,-30.449939,0
2023-07-07,sh.688418,21.6140531200,21.7847168000,20.6101491200,20.8711641600,21.8449510400,6960885,145972193.8600,5.249200,1,-4.457700,-23.159358,4.353778,6.676446,-29.092565,0
2023-07-10,sh.688418,21.3831552000,22.1561612800,20.8611251200,21.6040140800,20.8711641600,9642459,206412783.6500,7.271400,1,3.511300,-23.972553,4.506653,6.910876,-30.114094,0
2023-07-11,sh.688418,21.4333504000,22.3067468800,20.6001100800,20.7306176000,21.6040140800,12485411,263732066.5300,9.415300,1,-4.042800,-23.003402,4.324460,6.631487,-28.896656,0
2023-07-12,sh.688418,20.1985484800,20.4294464000,16.9559385600,17.6887884800,20.7306176000,26808192,482937615.4700,20.216200,1,-14.673100,-19.628085,3.689927,5.658440,-24.656614,0
2023-07-13,sh.688418,17.4679296000,18.5621849600,17.0764070400,18.2208576000,17.6887884800,14022655,251581067.2300,10.574600,1,3.007900,-20.218487,3.800918,5.828643,-25.398271,0
2023-07-14,sh.688418,18.2007795200,18.5722240000,17.8694912000,17.9196864000,18.2208576000,7109529,128977780.4600,5.361300,1,-1.652900,-19.884297,3.738093,5.732302,-24.978465,0
2023-07-17,sh.688418,17.9196864000,18.3614041600,17.6687104000,17.9397644800,17.9196864000,5113364,91549164.2900,3.856000,1,0.112000,-19.906576,3.742281,5.738725,-25.006452,0
2023-07-18,sh.688418,17.9598425600,18.4216384000,17.7490227200,17.8393740800,17.9397644800,3684220,65995771.7500,2.778300,1,-0.559600,-19.795180,3.721339,5.706611,-24.866517,0
2023-07-19,sh.688418,17.7289446400,18.2208576000,17.7289446400,17.9698816000,17.8393740800,2457365,44133131.5100,1.853100,1,0.731600,-19.939995,3.748563,5.748359,-25.048433,0
2023-07-20,sh.688418,17.9899596800,18.0501939200,17.0563289600,17.1366412800,17.9698816000,6258084,108515990.5500,4.719300,1,-4.636900,-19.015403,3.574747,5.481815,-23.886969,0
2023-07-21,sh.688418,17.2169536000,17.2370316800,16.6848844800,16.7049625600,17.1366412800,3599551,60515019.5500,2.714400,1,-2.519000,-18.536398,3.484698,5.343726,-23.285247,0
2023-07-24,sh.688418,16.6648064000,18.1204672000,16.5945331200,17.6486323200,16.7049625600,5637920,98610640.9800,4.251600,1,5.649000,-19.583526,3.681550,5.645595,-24.600640,0
2023-07-25,sh.688418,17.7992179200,17.9096473600,17.3675392000,17.4478515200,17.6486323200,2740178,47775172.2000,2.066400,1,-1.137700,-19.360733,3.639667,5.581367,-24.320769,0
2023-07-26,sh.688418,17.4378124800,17.5281638400,16.9659776000,16.9960947200,17.4478515200,2572400,44109728.3900,1.939900,1,-2.589200,-18.859448,3.545429,5.436856,-23.691060,0
2023-07-27,sh.688418,16.9458995200,17.0563289600,16.3435571200,16.3736742400,16.9960947200,4607642,76246748.2100,3.474600,1,-3.662100,-18.168789,3.415591,5.237750,-22.823460,0
2023-07-28,sh.688418,16.3736742400,16.6246502400,16.2331276800,16.3937523200,16.3736742400,2517430,41180645.3000,1.898400,1,0.122600,-18.191068,3.419779,5.244173,-22.851447,0
2023-07-31,sh.688418,16.3937523200,16.6447283200,16.2833228800,16.4138304000,16.3937523200,2115520,34678236.5700,1.595300,1,0.122500,-18.213348,3.423967,5.250596,-22.879434,0
2023-08-01,sh.688418,16.4439475200,16.5142208000,16.1628544000,16.2833228800,16.4138304000,1876742,30475881.5700,1.415300,1,-0.795100,-18.068532,3.396743,5.208848,-22.697519,0
2023-08-02,sh.688418,16.2732838400,16.5242598400,16.1829324800,16.4339084800,16.2833228800,1552445,25384337.4200,1.170700,1,0.924800,-18.235627,3.428156,5.257019,-22.907422,0
2023-08-03,sh.688418,16.2732838400,16.8756262400,16.2230886400,16.4138304000,16.4339084800,2973573,48905580.8000,2.242400,1,-0.122200,-18.213348,3.423967,5.250596,-22.879434,0
2023-08-04,sh.688418,16.4138304000,16.8655872000,16.3335180800,16.7852748800,16.4138304000,3022054,50321787.4300,2.278900,1,2.263000,-18.625515,3.501451,5.369417,-23.397195,0
2023-08-07,sh.688418,16.8354700800,17.5080857600,16.7651968000,17.2571097600,16.7852748800,5110592,87649939.6500,3.853900,1,2.811000,-19.149079,3.599877,5.520351,-24.054892,0
2023-08-08,sh.688418,17.1567193600,17.6486323200,17.0663680000,17.1165632000,17.2571097600,2650588,45748831.8000,1.998800,1,-0.814400,-18.993124,3.570559,5.475392,-23.858982,0
2023-08-09,sh.688418,16.9960947200,17.2872268800,16.7150016000,16.7250406400,17.1165632000,1914794,32323759.2500,1.444000,1,-2.287400,-18.558677,3.488886,5.350148,-23.313234,0
2023-08-10,sh.688418,16.9559385600,16.9559385600,16.3636352000,16.4138304000,16.7250406400,2309210,37967001.6200,1.741400,1,-1.860700,-18.213348,3.423967,5.250596,-22.879434,0
2023-08-11,sh.688418,16.4941427200,17.1266022400,16.0323468800,16.0423859200,16.4138304000,3147220,51695589.4400,2.373300,1,-2.263000,-17.801180,3.346483,5.131775,-22.361674,0
2023-08-14,sh.688418,15.9419955200,16.2632448000,15.7412147200,15.9018393600,16.0423859200,3706081,58719457.2000,2.794800,1,-0.876100,-17.645225,3.317165,5.086816,-22.165764,0
2023-08-15,sh.688418,16.5644160000,16.5644160000,15.8817612800,16.0122688000,15.9018393600,3210903,51301073.0000,2.421400,1,0.694400,-17.767761,3.340200,5.122141,-22.319693,0
2023-08-16,sh.688418,16.0022297600,16.0022297600,15.2794188800,15.2794188800,16.0122688000,3669414,56690812.6200,2.767100,1,-4.576800,-16.954566,3.187326,4.887711,-21.298165,0
2023-08-17,sh.688418,15.2392627200,15.8717222400,15.2091456000,15.6609024000,15.2794188800,4287586,66341505.4300,3.233300,1,2.496700,-17.377873,3.266904,5.009743,-21.829919,0
2023-08-18,sh.688418,15.5605120000,16.1728934400,15.4601216000,15.5002777600,15.6609024000,4604902,72955836.3600,3.472600,1,-1.025600,-17.199638,3.233398,4.958361,-21.606023,0
2023-08-21,sh.688418,14.7473497600,15.0585600000,13.7534848000,14.3257100800,15.5002777600,15362431,220197769.9900,11.584900,1,-7.577700,-13.026549,3.156320,4.490085,-13.982641,0
2023-08-22,sh.688418,14.2152806400,14.8176230400,14.2152806400,14.5465689600,14.3257100800,12264694,177126188.2600,9.248900,1,1.541700,-13.227379,3.204981,4.559308,-14.198211,0
2023-08-23,sh.688418,14.5465689600,14.5967641600,14.0345779200,14.0345779200,14.5465689600,6011537,84763185.5000,4.533300,1,-3.519700,-12.761819,3.092177,4.398836,-13.698481,0
2023-08-24,sh.688418,14.1952025600,14.3558272000,14.0044608000,14.1048512000,14.0345779200,4393970,62055157.2300,3.313500,1,0.500700,-12.825719,3.107660,4.420861,-13.767071,0
2023-08-25,sh.688418,13.9542656000,14.0044608000,13.2916889600,13.4322355200,14.1048512000,5920392,80173905.0700,4.464600,1,-4.768700,-12.214101,2.959465,4.210044,-13.110563,0
2023-08-28,sh.688418,14.5164518400,14.5967641600,13.2515328000,13.3318451200,13.4322355200,5553662,76041932.3400,4.188000,1,-0.747400,-12.122815,2.937347,4.178579,-13.012577,0
2023-08-29,sh.688418,13.3820403200,14.5967641600,13.2515328000,14.4060224000,13.3318451200,6143848,86070182.2500,4.633100,1,8.057200,-13.099578,3.174015,4.515257,-14.061030,0
2023-08-30,sh.688418,14.7573888000,16.9760166400,14.7573888000,16.2632448000,14.4060224000,16864398,270941128.9700,12.717500,1,12.892000,-14.788374,3.583209,5.097363,-15.873776,0
2023-08-31,sh.688418,15.7512537600,16.3535961600,15.7211366400,15.9319564800,16.2632448000,10232669,163268984.3400,7.716500,1,-2.037000,-14.487129,3.510218,4.993528,-15.550421,0
2023-09-01,sh.688418,15.6910195200,16.0022297600,15.1890675200,15.3798092800,15.9319564800,5802154,89460770.2500,4.375400,1,-3.465700,-13.985055,3.388565,4.820469,-15.011497,0
2023-09-04,sh.688418,15.4400435200,16.3134400000,15.3798092800,16.1929715200,15.3798092800,10588755,168292803.3700,7.985000,1,5.287200,-14.724473,3.567726,5.075337,-15.805186,0
2023-09-05,sh.688418,16.1327372800,16.5945331200,15.9620736000,16.4439475200,16.1929715200,8303774,134972613.3400,6.261900,1,1.549900,-14.952689,3.623022,5.154000,-16.050151,0
2023-09-06,sh.688418,16.4138304000,19.7367526400,16.3134400000,19.7367526400,16.4439475200,25660156,477391927.3100,19.350500,1,20.024400,-17.946878,4.348511,6.186059,-19.264101,0
2023-09-07,sh.688418,21.0719449600,21.5839360000,19.0540979200,19.5560499200,19.7367526400,41469095,842975059.3300,31.272000,1,-0.915600,-17.782563,4.308698,6.129422,-19.087726,0
2023-09-08,sh.688418,19.7769088000,23.4712755200,18.2710528000,23.4712755200,19.5560499200,49512234,1045055419.6200,37.337400,1,20.020500,-21.342727,5.171322,7.356565,-22.909191,0
2023-09-11,sh.688418,22.7886208000,23.9330713600,20.7808128000,21.4835456000,23.4712755200,46169653,1030953799.3600,34.816800,1,-8.468800,-19.535259,4.733375,6.733554,-20.969062,0
2023-09-12,sh.688418,21.9654195200,21.9654195200,19.8772992000,20.9615155200,21.4835456000,30141338,621933755.3900,22.729700,1,-2.429900,-19.060571,4.618358,6.569935,-20.459534,0
2023-09-13,sh.688418,20.7808128000,21.4835456000,19.9576115200,21.2626867200,20.9615155200,24613387,510283487.8500,18.561100,1,1.436800,-19.334429,4.684714,6.664330,-20.753493,0
2023-09-14,sh.688418,21.0819840000,22.9894016000,20.3892902400,21.3831552000,21.2626867200,31484674,679685247.6200,23.742700,1,0.566600,-19.443973,4.711256,6.702088,-20.871076,0
2023-09-15,sh.688418,20.9815936000,21.3831552000,19.9877286400,20.9815936000,21.3831552000,19112268,393962066.2200,14.412700,1,-1.877900,-19.078828,4.622782,6.576228,-20.479131,0
2023-09-18,sh.688418,20.7908518400,22.2866688000,20.1583923200,20.5197977600,20.9815936000,20159432,428176223.1400,15.202300,1,-2.201000,-18.658911,4.521036,6.431488,-20.028394,0
2023-09-19,sh.688418,19.9576115200,21.2928038400,19.5359718400,20.8310080000,20.5197977600,18971869,383239224.4200,14.306800,1,1.516600,-18.941898,4.589604,6.529030,-20.332152,0
2023-09-20,sh.688418,20.2989388800,21.0117107200,20.2085875200,20.5599539200,20.8310080000,8958201,183791130.2600,6.755400,1,-1.301200,-18.695425,4.529884,6.444074,-20.067589,0
2023-09-21,sh.688418,20.5499148800,21.5538188800,20.3290560000,21.0217497600,20.5599539200,13568759,285017057.5800,10.232300,1,2.246100,-19.115342,4.631629,6.588814,-20.518325,0
2023-09-22,sh.688418,21.0819840000,21.0819840000,19.8371430400,20.3390950400,21.0217497600,18226508,369277781.6600,13.744700,1,-3.247400,-18.494596,4.481223,6.374850,-19.852019,0
2023-09-25,sh.688418,20.1182361600,20.4495244800,19.5761280000,19.8973772800,20.3390950400,13400080,267456138.4900,10.105100,1,-2.171800,-18.092936,4.383901,6.236403,-19.420879,0
2023-09-26,sh.688418,19.9174553600,19.9174553600,18.7428876800,19.5058547200,19.8973772800,17139019,328457040.1200,12.924600,1,-1.967700,-17.736920,4.297639,6.113689,-19.038733,0
2023-09-27,sh.688418,19.3753472000,19.6564403200,19.0239808000,19.0440588800,19.5058547200,8278559,159129578.2300,6.242900,1,-2.367500,-17.317003,4.195893,5.968949,-18.587996,0
2023-09-28,sh.688418,19.0440588800,19.8170649600,19.0039027200,19.5259328000,19.0440588800,9573460,185241516.0800,7.219400,1,2.530300,-17.755177,4.302062,6.119982,-19.058330,0
2023-10-09,sh.688418,19.6263232000,20.8611251200,19.6062451200,20.2186265600,19.5259328000,12986826,263463073.7300,9.793400,1,3.547600,-18.385052,4.454681,6.337092,-19.734435,0
2023-10-10,sh.688418,20.0780800000,21.0819840000,19.8973772800,20.3089779200,20.2186265600,10917104,222685380.2400,8.232600,1,0.446900,-18.467210,4.474587,6.365411,-19.822623,0
2023-10-11,sh.688418,20.1583923200,21.6843264000,20.0278848000,21.3128819200,20.3089779200,18014288,379015344.6300,13.584700,1,4.943200,-19.380072,4.695773,6.680063,-20.802486,0
2023-10-12,sh.688418,20.8812032000,21.0317888000,20.3792512000,20.5298368000,21.3128819200,11908972,244629380.3300,8.980600,1,-3.674000,-18.668040,4.523248,6.434634,-20.038193,0
2023-10-13,sh.688418,20.9815936000,24.6358041600,20.8912422400,24.6358041600,20.5298368000,24552399,572873128.9700,18.515100,1,20.000000,-22.401648,5.427898,7.721561,-24.045831,0
2023-10-16,sh.688418,26.4127142400,27.2861107200,24.3045158400,25.3786931200,24.6358041600,42508563,1086668251.6900,32.055900,1,3.015500,-23.077166,5.591575,7.954404,-24.770930,0
2023-10-17,sh.688418,24.2442816000,28.6915763200,23.4913536000,26.9447833600,25.3786931200,38250280,990597991.2100,28.844700,1,6.170900,-24.501231,5.936625,8.445261,-26.299516,0
2023-10-18,sh.688418,25.9709964800,26.6636902400,25.0775219200,25.5292787200,26.9447833600,28292979,726954457.1400,21.335900,1,-5.253400,-23.214095,5.624753,8.001601,-24.917909,0
2023-10-19,sh.688418,25.7300595200,27.3563840000,24.7663116800,26.2018944000,25.5292787200,34690658,906385016.5600,26.160400,1,2.634700,-23.825713,5.772948,8.212418,-25.574417,0
2023-10-20,sh.688418,25.2883417600,25.8706060800,22.1160051200,22.4874496000,26.2018944000,30470971,723264602.6300,22.978300,1,-14.176200,-20.448122,4.954560,7.048206,-21.948925,0
2023-10-23,sh.688418,22.0256537600,24.9068582400,21.9754585600,23.4913536000,22.4874496000,26348113,620163842.7700,19.869200,1,4.464300,-21.360984,5.175746,7.362858,-22.928788,0
2023-10-24,sh.688418,23.3407680000,24.2944768000,22.8890112000,23.1500262400,23.4913536000,19121481,446865577.9400,14.419600,1,-1.453000,-21.050611,5.100543,7.255876,-22.595634,0
2023-10-25,sh.688418,23.1500262400,24.3848281600,22.9693235200,23.4210803200,23.1500262400,18487655,437505733.3100,13.941600,1,1.170900,-21.297084,5.160263,7.340832,-22.860197,0
2023-10-26,sh.688418,23.0697139200,24.9871705600,22.9492454400,24.8365849600,23.4210803200,24969152,600828994.6800,18.829400,1,6.043700,-22.584220,5.472135,7.784491,-24.241804,0
2023-10-27,sh.688418,24.4952576000,25.8304499200,23.0897920000,23.8627980800,24.8365849600,19956339,482340348.6000,15.049200,1,-3.920800,-21.698743,5.257585,7.479279,-23.291337,0
2023-10-30,sh.688418,23.6519782400,24.9871705600,23.5817049600,24.8667020800,23.8627980800,16559910,402357720.4100,12.487900,1,4.207000,-22.611606,5.478771,7.793931,-24.271200,0
2023-10-31,sh.688418,24.8767411200,24.9470144000,23.0697139200,23.1199091200,24.8667020800,15482212,368136326.0900,11.675200,1,-7.024600,-26.985805,5.072301,6.495527,-168.790500,0
2023-11-01,sh.688418,23.1199091200,23.6519782400,22.0858880000,22.3669811200,23.1199091200,14054205,318643023.1600,10.598300,1,-3.256600,-26.106980,4.907116,6.283993,-163.293632,0
2023-11-02,sh.688418,22.3770201600,22.6781913600,20.3491340800,21.0317888000,22.3669811200,17475255,367496307.3700,13.178200,1,-5.969500,-24.548529,4.614186,5.908871,-153.545853,0
2023-11-03,sh.688418,20.9916326400,21.5437798400,20.5900710400,21.0819840000,21.0317888000,8796868,184948909.3300,6.633800,1,0.238700,-24.607117,4.625199,5.922973,-153.912310,0
2023-11-06,sh.688418,20.7406566400,21.8549900800,20.7406566400,21.7847168000,21.0819840000,11751023,249137241.4300,8.861500,1,3.333300,-25.427355,4.779372,6.120406,-159.042721,0
2023-11-07,sh.688418,21.9252633600,23.0395968000,21.7847168000,22.5978790400,21.7847168000,18474091,415469293.9900,13.931400,1,3.732700,-26.376486,4.957773,6.348863,-164.979339,0
2023-11-08,sh.688418,22.3770201600,23.0195187200,21.6642483200,22.5476838400,22.5978790400,13541686,300922359.6100,10.211900,1,-0.222100,-26.317898,4.946760,6.334761,-164.612881,0
2023-11-09,sh.688418,22.6079180800,23.3307289600,22.0858880000,23.0195187200,22.5476838400,13356703,301531551.9900,10.072400,1,2.092600,-26.868629,5.050277,6.467323,-168.057585,0
2023-11-10,sh.688418,23.0195187200,24.3145548800,22.3669811200,23.5817049600,23.0195187200,17960815,420474085.9500,13.544300,1,2.442200,-27.524818,5.173615,6.625269,-172.161913,0
2023-11-13,sh.688418,22.9793625600,23.9732275200,22.7685427200,23.4411584000,23.5817049600,13968048,325063563.0000,10.533400,1,-0.596000,-27.360771,5.142781,6.585782,-171.135831,0
2023-11-14,sh.688418,23.2905728000,24.0736179200,22.9291673600,23.5917440000,23.4411584000,14541581,340132677.5600,10.965900,1,0.642400,-27.536536,5.175818,6.628089,-172.235205,0
2023-11-15,sh.688418,23.9933056000,24.9470144000,23.2002214400,24.6759603200,23.5917440000,20135608,485524111.1300,15.184400,1,4.595700,-28.802045,5.413685,6.932699,-180.150695,0
2023-11-16,sh.688418,24.4952576000,24.8165068800,23.2805337600,23.5013926400,24.6759603200,15234916,364881075.9100,11.488700,1,-4.760000,-27.431077,5.155995,6.602705,-171.575580,0
2023-11-17,sh.688418,23.5917440000,24.2944768000,23.1500262400,24.1438912000,23.5013926400,10666403,252402004.5000,8.043600,1,2.733900,-28.181008,5.296954,6.783215,-176.266241,0
2023-11-20,sh.688418,23.8929152000,24.6759603200,23.6419392000,24.5554918400,24.1438912000,10910975,263608591.1800,8.228000,1,1.704800,-28.661433,5.387255,6.898854,-179.271196,0
2023-11-21,sh.688418,24.2944768000,24.5554918400,22.8689331200,22.8689331200,24.5554918400,13534419,318788231.7800,10.206400,1,-6.868400,-26.692863,5.017239,6.425016,-166.958211,0
2023-11-22,sh.688418,22.6681523200,22.9894016000,21.5237017600,21.5839360000,22.8689331200,13718271,300867912.7100,10.345000,1,-5.619000,-25.193001,4.735323,6.063996,-157.576889,0
2023-11-23,sh.688418,21.7244825600,22.2665907200,21.4634675200,22.0858880000,21.5839360000,8437949,184737686.5400,6.363100,1,2.325600,-25.778885,4.845446,6.205020,-161.241468,0
2023-11-24,sh.688418,22.3067468800,22.5075276800,21.1121011200,21.3630771200,22.0858880000,6225290,133872712.1700,4.694500,1,-3.272700,-24.935212,4.686868,6.001946,-155.964475,0
2023-11-27,sh.688418,21.1422182400,21.5839360000,20.6804224000,21.4735065600,21.3630771200,6207312,130966184.9000,4.681000,1,0.516900,-25.064107,4.711095,6.032971,-156.770682,0
2023-11-28,sh.688418,21.3831552000,22.0658099200,21.2827648000,21.5839360000,21.4735065600,5093771,109907746.5600,3.841200,1,0.514300,-25.193001,4.735323,6.063996,-157.576889,0
2023-11-29,sh.688418,21.3831552000,22.0457318400,21.3329600000,21.3831552000,21.5839360000,4744378,102707458.1500,3.577800,1,-0.930200,-24.958648,4.691273,6.007587,-156.111058,0
2023-11-30,sh.688418,21.5638579200,21.5638579200,20.7205785600,21.1823744000,21.3831552000,4922189,103303496.6700,3.711800,1,-0.939000,-24.724294,4.647224,5.951178,-154.645226,0
2023-12-01,sh.688418,21.1020620800,21.7746777600,21.0719449600,21.5237017600,21.1823744000,4453518,94874714.1600,3.358400,1,1.611400,-25.122695,4.722108,6.047074,-157.137140,0
2023-12-04,sh.688418,21.4534284800,21.5839360000,20.9615155200,20.9916326400,21.5237017600,5847079,123710126.0200,4.409300,1,-2.472000,-24.501658,4.605377,5.897589,-153.252686,0
2023-12-05,sh.688418,20.9715545600,21.0719449600,19.8672601600,19.8973772800,20.9916326400,9033692,181970818.1800,6.812400,1,-5.212800,-23.224432,4.365307,5.590159,-145.263904,0
2023-12-06,sh.688418,19.8772992000,20.2387046400,19.6564403200,19.8672601600,19.8973772800,5698650,112799494.1200,4.297400,1,-0.151400,-23.189279,4.358699,5.581697,-145.044030,0
2023-12-07,sh.688418,19.8271040000,20.2487436800,19.7568307200,20.0278848000,19.8672601600,4576653,91372507.5800,3.451300,1,0.808500,-23.376761,4.393939,5.626825,-146.216695,0
2023-12-08,sh.688418,20.0580019200,21.0819840000,20.0580019200,20.4194073600,20.0278848000,6496335,133471195.6800,4.898900,1,1.954900,-23.833751,4.479835,5.736823,-149.075066,0
2023-12-11,sh.688418,20.4093683200,20.7306176000,20.0780800000,20.6101491200,20.4194073600,5025751,102667972.1300,3.789900,1,0.934100,-24.056387,4.521682,5.790411,-150.467606,0
2023-12-12,sh.688418,20.6201881600,20.9514764800,20.5398758400,20.6302272000,20.6101491200,4336260,89556364.5800,3.270000,1,0.097400,-24.079822,4.526087,5.796052,-150.614190,0
2023-12-13,sh.688418,20.6804224000,21.2626867200,20.4093683200,20.8109299200,20.6302272000,6587395,137349919.8200,4.967600,1,0.875900,-24.290740,4.565732,5.846821,-151.933438,0
2023-12-14,sh.688418,21.0016716800,21.0619059200,20.3892902400,20.4696025600,20.8109299200,4353617,89418269.6100,3.283100,1,-1.640100,-23.892339,4.490848,5.750925,-149.441524,0
2023-12-15,sh.688418,20.6101491200,20.7406566400,20.2286656000,20.3290560000,20.4696025600,3079904,62685825.3100,2.322600,1,-0.686600,-23.728292,4.460013,5.711438,-148.415442,0
2023-12-18,sh.688418,20.2487436800,20.3792512000,19.6765184000,19.8973772800,20.3290560000,4344558,86651135.8200,3.276300,1,-2.123500,-23.224432,4.365307,5.590159,-145.263904,0
2023-12-19,sh.688418,19.7467916800,20.0680409600,19.5259328000,19.8271040000,19.8973772800,4125849,80974938.1600,3.111300,1,-0.353200,-23.142408,4.349889,5.570415,-144.750863,0
2023-12-20,sh.688418,19.6765184000,19.9375334400,19.0641369600,19.6664793600,19.8271040000,4423015,85332753.8300,3.335400,1,-0.810100,-22.954925,4.314650,5.525288,-143.578198,0
2023-12-21,sh.688418,19.0741760000,19.1645273600,18.2911308800,18.7127705600,19.6664793600,9499685,176583688.9300,7.163800,1,-4.849400,-21.841746,4.105415,5.257344,-136.615498,0
2023-12-22,sh.688418,18.7529267200,18.8131609600,18.1204672000,18.3112089600,18.7127705600,5510603,101552241.6100,4.155600,1,-2.145900,-21.373039,4.017316,5.144525,-133.683835,0
2023-12-25,sh.688418,18.5822630400,18.5923020800,17.8494131200,17.8594521600,18.3112089600,6192490,111675963.1300,4.669800,1,-2.467100,-20.845744,3.918204,5.017604,-130.385714,0
2023-12-26,sh.688418,17.8293350400,17.9196864000,17.3374220800,17.4378124800,17.8594521600,5353538,93602823.7100,4.037100,1,-2.360900,-20.353601,3.825700,4.899145,-127.307468,0
2023-12-27,sh.688418,17.5080857600,17.8192960000,17.3775782400,17.6285542400,17.4378124800,5527767,96953238.0600,4.168500,1,1.093800,-20.576237,3.867547,4.952734,-128.700008,0
2023-12-28,sh.688418,17.5783590400,18.1003891200,17.4578905600,17.9899596800,17.6285542400,5847738,104162766.7800,4.409800,1,2.050100,-20.998073,3.946836,5.054271,-131.338505,0
2023-12-29,sh.688418,18.1204672000,19.1444492800,17.8895692800,18.9336294400,17.9899596800,8432594,156490230.7400,6.359100,1,5.245500,-22.099535,4.153869,5.319394,-138.227913,0
2024-01-02,sh.688418,18.9336294400,19.2448396800,18.7228096000,18.7428876800,18.9336294400,5943989,111966888.4100,4.482400,1,-1.007400,-21.876899,4.112022,5.265805,-136.835373,0
2024-01-03,sh.688418,18.7027315200,18.8031219200,18.1706624000,18.5019507200,18.7428876800,5422972,99688710.3400,4.089500,1,-1.285500,-21.595675,4.059163,5.198114,-135.076375,0
2024-01-04,sh.688418,18.5521459200,18.7428876800,18.2710528000,18.3212480000,18.5019507200,4240110,77899029.2300,3.197500,1,-0.976700,-21.384757,4.019518,5.147346,-133.757127,0
2024-01-05,sh.688418,18.2509747200,18.5521459200,17.5281638400,17.7088665600,18.3212480000,5559805,99283420.3300,4.192700,1,-3.342500,-20.669979,3.885167,4.975298,-129.286341,0
2024-01-08,sh.688418,17.6787494400,17.8996083200,17.0663680000,17.1567193600,17.7088665600,4295424,74249595.8200,3.239200,1,-3.117900,-20.025506,3.764031,4.820172,-125.255304,0
2024-01-09,sh.688418,17.3675392000,17.6084761600,17.0262118400,17.3976563200,17.1567193600,4601212,79305012.3200,3.469800,1,1.404300,-20.306731,3.816890,4.887863,-127.014302,0
2024-01-10,sh.688418,17.4277734400,17.5582809600,16.6447283200,16.8655872000,17.3976563200,4512714,76120640.0200,3.403100,1,-3.058300,-19.685694,3.700159,4.738379,-123.129848,0
2024-01-11,sh.688418,16.9157824000,17.7490227200,16.6748454400,17.5482419200,16.8655872000,5694010,98640506.3100,4.293900,1,4.047600,-20.482496,3.849927,4.930170,-128.113676,0
2024-01-12,sh.688418,17.5382028800,17.6285542400,17.0462899200,17.2571097600,17.5482419200,4999236,86072250.6500,3.769900,1,-1.659000,-20.142683,3.786056,4.848377,-125.988220,0
2024-01-15,sh.688418,17.0262118400,17.3675392000,16.8053529600,17.2571097600,17.2571097600,4520937,77036230.9100,3.409300,1,0.000000,-20.142683,3.786056,4.848377,-125.988220,0
2024-01-16,sh.688418,17.1567193600,17.2269926400,16.6648064000,16.9458995200,17.2571097600,5106422,85779693.4500,3.850800,1,-1.803400,-19.779435,3.717779,4.760942,-123.716181,0
2024-01-17,sh.688418,16.9358604800,17.0663680000,16.3636352000,16.3636352000,16.9458995200,4259405,70903459.1700,3.212000,1,-3.436000,-19.099810,3.590035,4.597355,-119.465270,0
2024-01-18,sh.688418,16.2532057600,16.7651968000,15.9721126400,16.5142208000,16.3636352000,6325744,102602083.3900,4.770300,1,0.920200,-19.275575,3.623072,4.639662,-120.564643,0
2024-01-19,sh.688418,16.7852748800,16.9659776000,16.2632448000,16.2632448000,16.5142208000,5185289,85440249.9600,3.910300,1,-1.519800,-18.982633,3.568011,4.569151,-118.732354,0
2024-01-22,sh.688418,16.1929715200,16.3535961600,15.1689894400,15.3597312000,16.2632448000,6905593,109055912.3100,5.207500,1,-5.555600,-17.928043,3.369788,4.315309,-112.136112,0
2024-01-23,sh.688418,15.1689894400,15.6508633600,15.0886771200,15.3697702400,15.3597312000,4569150,69872957.4500,3.445600,1,0.065400,-17.939760,3.371990,4.318130,-112.209403,0
2024-01-24,sh.688418,15.5404339200,15.5404339200,14.6770764800,15.2994969600,15.3697702400,5046205,75872709.6900,3.805400,1,-0.457200,-17.857737,3.356573,4.298386,-111.696362,0
2024-01-25,sh.688418,15.3998873600,16.2331276800,15.2091456000,16.1829324800,15.2994969600,7134160,112978624.7500,5.379900,1,5.774300,-18.888892,3.550391,4.546587,-118.146021,0
2024-01-26,sh.688418,16.1427763200,16.2532057600,15.6910195200,15.7813708800,16.1829324800,5352917,85007567.0700,4.036700,1,-2.481400,-18.420185,3.462292,4.433769,-115.214358,0
2024-01-29,sh.688418,15.7612928000,15.9319564800,14.9983257600,15.0184038400,15.7813708800,4152126,63173617.7800,3.131100,1,-4.834600,-17.529642,3.294904,4.219413,-109.644198,0
2024-01-30,sh.688418,14.8577792000,15.0485209600,14.2554368000,14.3357491200,15.0184038400,4672036,68351742.3700,3.523200,1,-4.545500,-16.732840,3.145135,4.027622,-104.660371,0
2024-01-31,sh.688418,14.3257100800,14.3959833600,13.1009472000,13.1812595200,14.3357491200,7339062,99915617.6400,5.534400,1,-8.053200,-15.385307,2.891850,3.703269,-96.231840,0
2024-02-01,sh.688418,13.0507520000,13.4221964800,12.6592294400,13.1109862400,13.1812595200,6023592,78353789.1400,4.542400,1,-0.533100,-15.303283,2.876433,3.683525,-95.718799,0
2024-02-02,sh.688418,13.1611814400,13.5125478400,11.6553254400,12.1572774400,13.1109862400,8492972,105535065.4500,6.404600,1,-7.274100,-14.190104,2.667198,3.415581,-88.756099,0
2024-02-05,sh.688418,12.2175116800,12.3379801600,10.0992742400,10.3502502400,12.1572774400,12269894,131258126.5000,9.252800,1,-14.863700,-12.080923,2.270752,2.907898,-75.563615,0
2024-02-06,sh.688418,10.0390400000,10.9124364800,8.9347456000,10.3803673600,10.3502502400,12280325,121080438.2800,9.260700,1,0.291000,-12.116076,2.277360,2.916359,-75.783490,0
2024-02-07,sh.688418,10.5911872000,10.5911872000,9.3865024000,9.6374784000,10.3803673600,14596705,145245397.7300,11.007400,1,-7.156700,-11.248968,2.114377,2.707645,-70.359913,0
2024-02-08,sh.688418,9.5170099200,11.5649740800,9.5170099200,11.5649740800,9.6374784000,13018938,137599431.4400,9.817600,1,20.000000,-13.498761,2.537252,3.249174,-84.431896,0
2024-02-19,sh.688418,12.0468480000,12.5287219200,11.6252083200,12.2576678400,11.5649740800,15540299,187966695.7100,11.719000,1,5.989600,-14.307281,2.689223,3.443786,-89.489015,0
2024-02-20,sh.688418,12.2476288000,13.5426649600,11.8661452800,12.8600102400,12.2576678400,11402080,143975402.0000,8.598400,1,4.914000,-15.010342,2.821371,3.613014,-93.886509,0
2024-02-21,sh.688418,12.8399321600,13.8036800000,12.4383705600,12.9704396800,12.8600102400,11162325,145755929.1200,8.417600,1,0.858700,-15.139236,2.845599,3.644039,-94.692717,0
2024-02-22,sh.688418,13.2013376000,14.9380915200,13.0306739200,14.4863347200,12.9704396800,14974190,208589449.3200,11.292100,1,11.687300,-16.908605,3.178172,4.069929,-105.759745,0
2024-02-23,sh.688418,14.3558272000,15.6107072000,14.1650854400,15.5002777600,14.4863347200,15443718,229226218.8600,11.646200,1,6.999300,-18.092090,3.400622,4.354796,-113.162194,0
2024-02-26,sh.688418,15.1288332800,16.1929715200,15.0685990400,15.6408243200,15.5002777600,14238758,222364775.7200,10.737500,1,0.906700,-18.256138,3.431457,4.394282,-114.188276,0
2024-02-27,sh.688418,15.7713318400,17.1868364800,15.7713318400,16.8756262400,15.6408243200,15706910,259975630.2600,11.844700,1,7.894700,-19.697412,3.702362,4.741199,-123.203140,0
2024-02-28,sh.688418,17.3374220800,17.8092569600,15.1087552000,15.2392627200,16.8756262400,20529448,336001876.2900,15.481400,1,-9.696600,-17.787431,3.343358,4.281464,-111.256613,0
2024-02-29,sh.688418,14.5867251200,16.0423859200,14.5867251200,15.8516441600,15.2392627200,15970751,247011402.9700,12.043600,1,4.018400,-36.771137,3.477709,3.498194,-115.727399,0
2024-03-01,sh.688418,15.5605120000,16.4740646400,15.5605120000,16.2632448000,15.8516441600,11442581,183887292.5600,8.628900,1,2.596600,-37.725929,3.568011,3.589028,-118.732354,0
2024-03-04,sh.688418,18.2710528000,18.5722240000,16.5644160000,17.2269926400,16.2632448000,24788693,429962479.7400,18.693300,1,5.925900,-39.961539,3.779448,3.801711,-125.768345,0
2024-03-05,sh.688418,17.1366412800,18.6726144000,17.1366412800,17.5181248000,17.2269926400,20365366,364496329.3900,15.357600,1,1.690000,-40.636880,3.843320,3.865959,-127.893801,0
2024-03-06,sh.688418,17.6185152000,18.0401548800,17.2571097600,17.4578905600,17.5181248000,12715942,223841465.9500,9.589200,1,-0.343800,-40.497154,3.830105,3.852666,-127.454051,0
2024-03-07,sh.688418,17.5281638400,17.7490227200,16.5142208000,16.8655872000,17.4578905600,13224636,225742809.5900,9.972800,1,-3.392800,-39.123185,3.700159,3.721955,-123.129848,0
2024-03-08,sh.688418,17.0161728000,17.6285542400,16.6045721600,17.3374220800,16.8655872000,11252364,192551865.5200,8.485500,1,2.797600,-40.217703,3.803675,3.826081,-126.574552,0
2024-03-11,sh.688418,17.1165632000,17.7289446400,16.8655872000,17.5181248000,17.3374220800,10169302,176401924.6400,5.252500,1,1.042300,-40.636880,3.843320,3.865959,-127.893801,0
2024-03-12,sh.688418,17.4277734400,18.7228096000,17.3374220800,18.0100377600,17.5181248000,15119237,272922467.2800,7.809100,1,2.808000,-41.777973,3.951241,3.974516,-131.485088,0
2024-03-13,sh.688418,18.1204672000,20.5197977600,18.1003891200,19.5761280000,18.0100377600,21091106,407271868.9400,10.893600,1,8.695700,-45.410840,4.294827,4.320126,-142.918574,0
2024-03-14,sh.688418,19.5861670400,20.4997196800,19.1846054400,19.6765184000,19.5761280000,16153376,316661511.2500,8.343300,1,0.512800,-45.643716,4.316852,4.342280,-143.651490,0
2024-03-15,sh.688418,19.6865574400,20.3692121600,19.0842150400,20.0379238400,19.6765184000,14086561,275895314.8700,7.275700,1,1.836700,-46.482070,4.396141,4.422037,-146.289987,0
2024-03-18,sh.688418,20.3692121600,21.3530380800,20.1684313600,20.6001100800,20.0379238400,13627467,282302195.2800,7.038600,1,2.805600,-47.786176,4.519480,4.546102,-150.394315,0
2024-03-19,sh.688418,20.6001100800,22.6480742400,20.4796416000,22.0356928000,20.6001100800,17911113,386696037.4700,9.251100,1,6.968800,-51.116304,4.834434,4.862911,-160.875010,0
2024-03-20,sh.688418,22.0356928000,23.4311193600,21.3831552000,21.6742873600,22.0356928000,24012181,537858985.4800,12.402300,1,-1.640100,-50.277950,4.755145,4.783155,-158.236513,0
2024-03-21,sh.688418,21.5839360000,22.7886208000,21.5839360000,22.6781913600,21.6742873600,15381374,342201964.5500,7.944500,1,4.631800,-52.606711,4.975392,5.004700,-165.565671,0
2024-03-22,sh.688418,22.3870592000,22.9090892800,21.4534284800,22.0858880000,22.6781913600,14815530,326950659.6300,7.652300,1,-2.611800,-51.232742,4.845446,4.873988,-161.241468,0
2024-03-25,sh.688418,21.9754585600,22.3970982400,20.6302272000,20.8109299200,22.0858880000,16469540,350967127.0600,8.506600,1,-5.772700,-48.275216,4.565732,4.592626,-151.933438,0
2024-03-26,sh.688418,20.5699929600,21.1823744000,20.1483532800,20.5298368000,20.8109299200,10496913,215106449.1400,5.421700,1,-1.350700,-47.623163,4.504063,4.530594,-149.881274,0
2024-03-27,sh.688418,20.2387046400,20.5499148800,19.0842150400,19.0842150400,20.5298368000,13594173,267664836.6700,7.021400,1,-7.041600,-44.269747,4.186906,4.211569,-139.327287,0
2024-03-28,sh.688418,19.2548787200,20.3290560000,19.1243712000,19.7969868800,19.0842150400,15820840,310861267.7900,8.171500,1,3.734900,-45.923167,4.343282,4.368866,-144.530989,0
2024-03-29,sh.688418,19.8772992000,20.6101491200,19.5962060800,20.3491340800,19.7969868800,13539421,271264265.9500,6.993100,1,2.789000,-47.203986,4.464418,4.490715,-148.562025,0
2024-04-01,sh.688418,20.5097587200,20.7205785600,19.7969868800,20.0780800000,20.3491340800,10362923,207838333.8700,5.352500,1,-1.332000,-46.575220,4.404951,4.430898,-146.583153,0
2024-04-02,sh.688418,20.0780800000,21.1321792000,19.7568307200,20.2387046400,20.0780800000,11458627,232933898.5500,5.918400,1,0.800000,-46.947822,4.440191,4.466346,-147.755818,0
2024-04-03,sh.688418,20.2085875200,20.2487436800,19.4857766400,19.5861670400,20.2387046400,7230100,141779184.9600,3.734400,1,-3.224200,-45.434128,4.297030,4.322341,-142.991866,0
2024-04-08,sh.688418,19.2046835200,19.4656985600,18.6525363200,18.8031219200,19.5861670400,7902307,149846989.7400,4.081600,1,-3.997900,-43.617694,4.125237,4.149536,-137.275123,0
2024-04-09,sh.688418,18.6324582400,19.1042931200,18.3513651200,18.9336294400,18.8031219200,6476302,120332718.9000,3.345000,1,0.694100,-43.920433,4.153869,4.178337,-138.227913,0
2024-04-10,sh.688418,18.6424972800,19.0540979200,17.9698816000,18.1305062400,18.9336294400,6243353,113378354.1700,3.224700,1,-4.241800,-42.057424,3.977671,4.001101,-132.364587,0
2024-04-11,sh.688418,18.0903500800,18.6926924800,17.9799206400,18.1606233600,18.1305062400,5890263,107395176.6800,3.042300,1,0.166100,-42.127287,3.984278,4.007748,-132.584462,0
2024-04-12,sh.688418,17.9799206400,18.6726144000,17.9799206400,18.3112089600,18.1606233600,5620685,103079336.7600,2.903100,1,0.829200,-42.476601,4.017316,4.040979,-133.683835,0
2024-04-15,sh.688418,18.0602329600,18.4316774400,16.5342988800,16.9559385600,18.3112089600,10768302,184464251.9300,5.561900,1,-7.401300,-39.332774,3.719981,3.741894,-123.789473,0
2024-04-16,sh.688418,17.0663680000,17.0764070400,15.4400435200,15.4400435200,16.9559385600,10245183,161648573.7900,5.291700,1,-8.940200,-35.816344,3.387408,3.407361,-112.722445,0
2024-04-17,sh.688418,16.0624640000,16.7651968000,15.9118784000,16.4640256000,15.4400435200,9827299,159715932.5000,5.075800,1,6.632000,-38.191681,3.612060,3.633337,-120.198185,0
2024-04-18,sh.688418,16.7250406400,17.7189056000,16.0624640000,17.1466803200,16.4640256000,9383844,158864016.2100,4.846800,1,4.146300,-39.775238,3.761828,3.783987,-125.182013,0
2024-04-19,sh.688418,17.1266022400,17.2169536000,16.4037913600,16.5744550400,17.1466803200,5587962,93076735.5900,2.886200,1,-3.337200,-38.447844,3.636287,3.657707,-121.004393,0
2024-04-22,sh.688418,16.5644160000,16.7451187200,15.5906291200,16.3234790400,16.5744550400,7450946,120521331.8900,3.848400,1,-1.514200,-37.865654,3.581225,3.602320,-119.172103,0
2024-04-23,sh.688418,16.2632448000,16.6848844800,16.2431667200,16.3837132800,16.3234790400,3981091,65114471.1100,2.056200,1,0.369000,-38.005380,3.594440,3.615613,-119.611853,0
2024-04-24,sh.688418,16.3134400000,17.1466803200,16.3034009600,17.0262118400,16.3837132800,6868886,115516578.4100,3.547800,1,3.921600,-39.495787,3.735399,3.757402,-124.302514,0
2024-04-25,sh.688418,17.0262118400,17.6988275200,16.8856652800,17.4478515200,17.0262118400,6319134,109832264.5600,3.263800,1,2.476400,-40.473867,3.827903,3.850451,-127.380760,0
2024-04-26,sh.688418,17.4478515200,19.2749568000,17.2771878400,18.5923020800,17.4478515200,11120704,204443505.6300,5.743900,1,6.559300,-43.128654,4.078985,4.103012,-135.736000,0
2024-04-29,sh.688418,18.7328486400,19.5761280000,18.2610137600,19.4255424000,18.5923020800,10908647,206054026.1200,5.634300,1,4.481600,-45.061526,4.261790,4.286894,-141.819200,0
2024-04-30,sh.688418,19.1745664000,19.8271040000,18.5320678400,18.6525363200,19.4255424000,11971586,226347510.8200,6.183400,1,-3.979300,-42.657998,4.308267,3.873506,125.711683,0
2024-05-06,sh.688418,18.8031219200,19.5359718400,18.4818726400,19.0139417600,18.6525363200,9960234,189643472.9600,5.144500,1,1.937600,-43.484525,4.391742,3.948557,128.147431,0
2024-05-07,sh.688418,19.0942540800,20.6804224000,18.8031219200,20.1885094400,19.0139417600,18143577,359729283.8000,9.371200,1,6.177400,-46.170740,4.663038,4.192476,136.063613,0
2024-05-08,sh.688418,19.7969868800,20.1784704000,19.3954252800,19.8572211200,20.1885094400,11846477,233571392.8200,6.118700,1,-1.641000,-45.413089,4.586518,4.123678,133.830844,0
2024-05-09,sh.688418,20.0780800000,20.2788608000,19.2749568000,19.3954252800,19.8572211200,9944246,194679554.1500,5.136200,1,-2.325600,-44.356971,4.479855,4.027779,130.718499,0
2024-05-10,sh.688418,19.4757376000,19.9074163200,18.2710528000,18.3915212800,19.3954252800,11318203,213363196.4800,5.845900,1,-5.176000,-42.061062,4.247979,3.819301,123.952531,0
2024-05-13,sh.688418,18.1505843200,18.2710528000,17.2671488000,17.6887884800,18.3915212800,9330970,163958716.5900,4.819500,1,-3.821000,-40.453925,4.085665,3.673367,119.216354,0
2024-05-14,sh.688418,17.7189056000,17.8494131200,16.9960947200,17.2671488000,17.6887884800,6630292,114360490.9300,3.424600,1,-2.383700,-39.489643,3.988277,3.585807,116.374647,0
2024-05-15,sh.688418,17.0462899200,18.1405452800,16.5945331200,17.7389836800,17.2671488000,9532883,168030038.2900,4.923800,1,2.732600,-40.568720,4.097259,3.683791,119.554652,0
2024-05-16,sh.688418,17.5984371200,18.7930828800,17.5883980800,17.7590617600,17.7389836800,8630081,157077616.5900,4.457500,1,0.113200,-40.614639,4.101896,3.687961,119.689971,0
2024-05-17,sh.688418,17.8795302400,18.4818726400,17.4880076800,18.3714432000,17.7590617600,7195195,129790658.0600,3.716300,1,3.448300,-42.015143,4.243341,3.815132,123.817212,0
2024-05-20,sh.688418,18.3011699200,19.5158937600,18.3011699200,19.2849958400,18.3714432000,13840870,263901575.5400,7.148800,1,4.972700,-44.104421,4.454349,4.004846,129.974242,0
2024-05-21,sh.688418,19.3452300800,20.0580019200,19.0942540800,19.5158937600,19.2849958400,10347402,200738953.2200,5.344500,1,1.197300,-44.632480,4.507680,4.052796,131.530415,0
2024-05-22,sh.688418,19.4757376000,20.0680409600,19.1846054400,19.4556595200,19.5158937600,8702089,170367514.1700,4.494600,1,-0.308600,-44.494726,4.493768,4.040287,131.124457,0
2024-05-23,sh.688418,19.1745664000,19.5359718400,18.7930828800,18.8834342400,19.4556595200,8131606,154816261.1200,4.200000,1,-2.941200,-43.186057,4.361598,3.921455,127.267855,0
2024-05-24,sh.688418,18.8533171200,19.0540979200,17.9899596800,18.0501939200,18.8834342400,7130911,131194956.8900,3.683100,1,-4.412500,-41.280452,4.169141,3.748419,121.652102,0
2024-05-27,sh.688418,18.1204672000,18.1706624000,17.0462899200,17.7590617600,18.0501939200,7869225,136818600.4100,4.064500,1,-1.612900,-40.614639,4.101896,3.687961,119.689971,0
2024-05-28,sh.688418,17.7691008000,18.6023411200,17.3775782400,17.9999987200,17.7590617600,7414779,133520918.7100,3.829800,1,1.356700,-41.165657,4.157547,3.737995,121.313804,0
2024-05-29,sh.688418,18.5220288000,19.0239808000,17.6385932800,17.6486323200,17.9999987200,7491935,135640927.7000,3.869600,1,-1.952000,-40.362089,4.076390,3.665028,118.945715,0
2024-05-30,sh.688418,17.4277734400,18.6726144000,17.1667584000,18.6224192000,17.6486323200,10278667,185991234.9900,5.309000,1,5.517600,-42.589121,4.301310,3.867251,125.508704,0
2024-05-31,sh.688418,18.5722240000,20.0278848000,18.0702720000,19.5660889600,18.6224192000,17007733,325881174.3900,8.784500,1,5.067400,-44.747276,4.519274,4.063220,131.868713,0
2024-06-03,sh.688418,19.5761280000,19.7969868800,19.0440588800,19.3050739200,19.5660889600,10000968,192355594.7500,5.165500,1,-1.334000,-44.150339,4.458986,4.009016,130.109562,0
2024-06-04,sh.688418,19.5660889600,19.5660889600,17.8694912000,18.3413260800,19.3050739200,9922234,182637522.8500,5.124900,1,-4.992200,-41.946266,4.236385,3.808878,123.614233,0
2024-06-05,sh.688418,18.2911308800,18.7730048000,17.9799206400,18.0903500800,18.3413260800,6290368,114823337.3100,3.249000,1,-1.368400,-41.372289,4.178416,3.756758,121.922741,0
2024-06-06,sh.688418,18.0602329600,18.1706624000,16.8153920000,17.0563289600,18.0903500800,9447325,162311723.3000,4.879600,1,-5.715900,-39.007502,3.939583,3.542027,114.953794,0
2024-06-07,sh.688418,17.2872268800,17.5582809600,16.3034009600,16.7651968000,17.0563289600,6735321,112766706.4900,3.478800,1,-1.706900,-38.341688,3.872339,3.481568,112.991663,0
2024-06-11,sh.688418,16.6648064000,17.4478515200,16.0624640000,17.3073049600,16.7651968000,5446217,91491370.5700,2.813000,1,3.233500,-39.581479,3.997552,3.594146,116.645286,0
2024-06-12,sh.688418,17.2671488000,17.8594521600,17.1667584000,17.6084761600,17.3073049600,4306502,75521659.3900,2.224300,1,1.740100,-40.270252,4.067115,3.656689,118.675076,0
2024-06-13,sh.688418,17.4779686400,18.5119897600,17.4679296000,18.0401548800,17.6084761600,7066867,127032125.7800,3.650100,1,2.451500,-41.257493,4.166822,3.746334,121.584442,0
2024-06-14,sh.688418,17.9498035200,18.0401548800,17.5482419200,17.9196864000,18.0401548800,4836955,85766923.9500,2.498300,1,-0.667800,-40.981984,4.138997,3.721317,120.772526,0
2024-06-17,sh.688418,17.7691008000,18.1003891200,17.4679296000,17.6687104000,17.9196864000,4641391,82114882.7900,2.397300,1,-1.400600,-40.408007,4.081028,3.669198,119.081034,0
2024-06-18,sh.688418,17.7691008000,18.6023411200,17.6486323200,18.4015603200,17.6687104000,6677781,121943830.0000,3.449100,1,4.147700,-42.084021,4.250297,3.821386,124.020191,0
2024-06-19,sh.688418,18.4718336000,18.6424972800,18.0903500800,18.1807014400,18.4015603200,5009845,91399294.5500,2.587600,1,-1.200200,-41.578921,4.199285,3.775521,122.531678,0
2024-06-20,sh.688418,18.2308966400,18.6224192000,18.0602329600,18.0903500800,18.1807014400,6425576,117097274.2900,3.318800,1,-0.497000,-41.372289,4.178416,3.756758,121.922741,0
2024-06-21,sh.688418,18.0903500800,18.1305062400,17.4679296000,17.7490227200,18.0903500800,4972226,87807305.6500,2.568200,1,-1.886800,-40.591679,4.099578,3.685876,119.622312,0
2024-06-24,sh.688418,17.6486323200,17.6887884800,16.5142208000,16.5242598400,17.7490227200,5791750,98234225.8200,2.991500,1,-6.900500,-37.790670,3.816688,3.431534,111.367831,0
2024-06-25,sh.688418,16.5242598400,16.9559385600,15.8114880000,16.0725030400,16.5242598400,6185037,99910216.6900,3.194600,1,-2.733900,-36.757511,3.712344,3.337719,108.323145,0
2024-06-26,sh.688418,15.9821516800,16.9258214400,15.6408243200,16.9157824000,16.0725030400,5022187,81929437.0900,2.594000,1,5.246700,-38.686075,3.907120,3.512840,114.006558,0
2024-06-27,sh.688418,16.9157824000,17.0663680000,16.2532057600,16.2833228800,16.9157824000,3767007,62470325.1500,1.945700,1,-3.738900,-37.239652,3.761038,3.381499,109.743999,0
2024-06-28,sh.688418,16.1528153600,17.6586713600,16.1327372800,17.1968755200,16.2833228800,7429655,126782448.2200,3.837400,1,5.610400,-39.328929,3.972046,3.571214,115.901029,0
2024-07-01,sh.688418,17.2169536000,17.4578905600,16.4740646400,17.0864460800,17.1968755200,6175620,104161852.5700,3.189700,1,-0.642100,-39.076379,3.946539,3.548281,115.156773,0
2024-07-02,sh.688418,17.2671488000,17.3273830400,16.7752358400,16.8957043200,17.0864460800,3929771,66631460.1500,2.029700,1,-1.116300,-38.640156,3.902483,3.508671,113.871239,0
2024-07-03,sh.688418,16.8153920000,16.8153920000,16.1829324800,16.3034009600,16.8957043200,3588719,58552143.6000,1.853600,1,-3.505600,-37.285570,3.765675,3.385669,109.879318,0
2024-07-04,sh.688418,16.3034009600,16.4238694400,15.5605120000,15.5605120000,16.3034009600,4869336,76944805.3400,2.515000,1,-4.556700,-35.586597,3.594087,3.231396,104.872502,0
2024-07-05,sh.688418,15.6207462400,16.1728934400,15.1087552000,15.8817612800,15.5605120000,3761916,58382321.7800,1.943000,1,2.064500,-36.321288,3.668287,3.298109,107.037611,0
2024-07-08,sh.688418,15.8516441600,15.9721126400,15.1991065600,15.4902387200,15.8817612800,3382465,52202573.3400,1.747100,1,-2.465200,-35.425883,3.577855,3.216802,104.398884,0
2024-07-09,sh.688418,15.4801996800,16.1628544000,15.2693798400,16.1026201600,15.4902387200,3957967,62312733.7600,2.044300,1,3.953300,-36.826388,3.719300,3.343974,108.526124,0
2024-07-10,sh.688418,16.1728934400,16.5142208000,15.6107072000,15.7110976000,16.1026201600,5071852,80905908.9100,2.619600,1,-2.431400,-35.930983,3.628868,3.262667,105.887397,0
2024-07-11,sh.688418,15.9721126400,16.6346892800,15.9721126400,16.3736742400,15.7110976000,5463944,88982648.0500,2.822100,1,4.217300,-37.446284,3.781907,3.400262,110.352936,0
2024-07-12,sh.688418,16.3234790400,16.4339084800,15.8516441600,15.9018393600,16.3736742400,3928385,62851148.0600,2.029000,1,-2.881700,-36.367206,3.672925,3.302278,107.172931,0
2024-07-15,sh.688418,15.8616832000,16.1427763200,15.4500825600,15.5705510400,15.9018393600,3436566,53656872.6600,1.775000,1,-2.083300,-35.609556,3.596405,3.233481,104.940161,0
2024-07-16,sh.688418,15.5605120000,15.8416051200,15.2593408000,15.6609024000,15.5705510400,3742653,58047510.7300,1.933100,1,0.580300,-35.816188,3.617274,3.252244,105.549098,0
2024-07-17,sh.688418,15.5705510400,15.6107072000,14.8577792000,14.8778572800,15.6609024000,4291120,64833282.1300,2.216400,1,-5.000000,-34.025378,3.436411,3.089631,100.271644,0
2024-07-18,sh.688418,14.8678182400,14.8678182400,14.0546560000,14.6168422400,14.8778572800,5699383,81686907.3800,2.943700,1,-1.754400,-33.428442,3.376123,3.035427,98.512492,0
2024-07-19,sh.688418,14.4863347200,15.1489113600,14.4562176000,14.9079744000,14.6168422400,3880272,57464156.1800,2.004200,1,1.991800,-34.094256,3.443367,3.095886,100.474623,0
2024-07-22,sh.688418,14.8377011200,15.5605120000,14.7674278400,15.2493017600,14.9079744000,4841023,73300311.7000,2.500400,1,2.289600,-34.874865,3.522205,3.166768,102.775052,0
2024-07-23,sh.688418,15.2392627200,15.5404339200,14.5365299200,14.5365299200,15.2493017600,3392776,50301138.2200,1.752400,1,-4.674100,-33.244769,3.357573,3.018749,97.971214,0
2024-07-24,sh.688418,14.8276620800,14.9180134400,14.3156710400,14.4160614400,14.5365299200,4203354,61079467.5900,2.171000,1,-0.828700,-32.969260,3.329747,2.993732,97.159298,0
2024-07-25,sh.688418,14.3357491200,14.6268812800,13.9341875200,14.2353587200,14.4160614400,3515086,49693776.6900,1.815500,1,-1.253500,-32.555996,3.288010,2.956206,95.941424,0
2024-07-26,sh.688418,14.2554368000,15.9620736000,14.2554368000,15.4902387200,14.2353587200,9540962,145388557.3900,4.927900,1,8.815200,-35.425883,3.577855,3.216802,104.398884,0
2024-07-29,sh.688418,15.4902387200,16.0825420800,15.4601216000,15.7010585600,15.4902387200,6718225,105309712.3100,3.470000,1,1.361000,-35.908024,3.626549,3.260583,105.819737,0
2024-07-30,sh.688418,15.6809804800,16.7250406400,15.2894579200,16.1528153600,15.7010585600,9178557,147195910.6600,4.740700,1,2.877200,-36.941183,3.730894,3.354397,108.864423,0
2024-07-31,sh.688418,16.0725030400,16.4841036800,15.9419955200,16.3736742400,16.1528153600,8001136,129340557.0900,4.132600,1,1.367300,-37.446284,3.781907,3.400262,110.352936,0
2024-08-01,sh.688418,16.5342988800,16.8354700800,16.3535961600,16.5342988800,16.3736742400,8025160,132517922.9900,4.145000,1,0.981000,-37.813629,3.819007,3.433619,111.435490,0
2024-08-02,sh.688418,16.5342988800,16.8555481600,15.9219174400,15.9219174400,16.5342988800,7142157,116561464.9000,3.688900,1,-3.703700,-36.413124,3.677562,3.306448,107.308250,0
2024-08-05,sh.688418,16.1226982400,16.1226982400,14.8075840000,14.8477401600,15.9219174400,8460629,129742820.4500,4.369900,1,-6.746500,-33.956501,3.429454,3.083377,100.068664,0
2024-08-06,sh.688418,15.0585600000,15.3597312000,14.7473497600,15.0284428800,14.8477401600,4685121,70159294.0300,2.419900,1,1.217000,-34.369765,3.471192,3.120903,101.286539,0
2024-08-07,sh.688418,14.8477401600,17.0362508800,14.8477401600,16.3234790400,15.0284428800,12219875,198144377.8600,6.311600,1,8.617200,-37.331488,3.770313,3.389839,110.014637,0
2024-08-08,sh.688418,16.3937523200,16.3937523200,15.2493017600,15.3095360000,16.3234790400,9617057,149247775.1300,4.967200,1,-6.211600,-35.012619,3.536118,3.179277,103.181010,0
2024-08-09,sh.688418,15.2693798400,15.9520345600,15.0685990400,15.4701606400,15.3095360000,7746518,119552441.0000,4.001100,1,1.049200,-35.379965,3.573218,3.212633,104.263565,0
2024-08-12,sh.688418,15.5404339200,15.7412147200,14.7373107200,14.8477401600,15.4701606400,5436004,80922065.9400,2.807700,1,-4.023400,-33.956501,3.429454,3.083377,100.068664,0
2024-08-13,sh.688418,14.9079744000,15.0886771200,14.6569984000,14.9481305600,14.8477401600,3019685,44690052.8500,1.559700,1,0.676100,-34.186092,3.452642,3.104225,100.745261,0
2024-08-14,sh.688418,15.0786380800,15.5103168000,14.9380915200,15.1790284800,14.9481305600,5112936,77494029.1600,2.640800,1,1.544700,-34.714151,3.505974,3.152175,102.301434,0
2024-08-15,sh.688418,14.9782476800,15.7612928000,14.8778572800,15.5203558400,15.1790284800,5472072,84173021.9700,2.826300,1,2.248700,-35.494760,3.584812,3.223057,104.601863,0
2024-08-16,sh.688418,15.6809804800,16.7150016000,15.6709414400,16.3034009600,15.5203558400,9769021,157502173.1300,5.045700,1,5.045300,-37.285570,3.765675,3.385669,109.879318,0
2024-08-19,sh.688418,16.2632448000,16.9860556800,15.9319564800,16.2230886400,16.3034009600,9040965,148119767.4400,4.669700,1,-0.492600,-37.101897,3.747125,3.368991,109.338040,0
2024-08-20,sh.688418,16.2130496000,16.4037913600,15.6910195200,15.8817612800,16.2230886400,5430939,86518991.7100,2.805100,1,-2.104000,-36.321288,3.668287,3.298109,107.037611,0
2024-08-21,sh.688418,15.7010585600,16.2632448000,15.4300044800,15.5605120000,15.8817612800,6840201,107490102.0400,3.533000,1,-2.022800,-88.220776,3.587035,3.203710,390.493617,0
2024-08-22,sh.688418,15.5103168000,15.9419955200,15.2593408000,15.2794188800,15.5605120000,4452577,68965323.4200,2.299800,1,-1.806500,-86.627110,3.522237,3.145836,383.439539,0
2024-08-23,sh.688418,15.2593408000,15.4400435200,14.8577792000,15.1589504000,15.2794188800,3940798,59347076.9500,2.035400,1,-0.788400,-85.944111,3.494467,3.121033,380.416363,0
2024-08-26,sh.688418,15.1388723200,15.5002777600,14.9682086400,15.3095360000,15.1589504000,3995221,60637335.4300,2.063500,1,0.993400,-86.797860,3.529180,3.152037,384.195333,0
2024-08-27,sh.688418,15.2191846400,15.5203558400,14.6369203200,14.6971545600,15.3095360000,4578245,68180340.8800,2.364700,1,-4.000000,-83.325946,3.388013,3.025956,368.827520,0
2024-08-28,sh.688418,14.5666470400,15.0485209600,14.5566080000,14.5766860800,14.6971545600,3015438,44162465.6200,1.557500,1,-0.819700,-82.642946,3.360242,3.001153,365.804343,0
2024-08-29,sh.688418,14.6369203200,15.1589504000,14.3156710400,14.8979353600,14.5766860800,3558790,52449159.7700,1.838100,1,2.203900,-84.464278,3.434297,3.067294,373.866147,0
2024-08-30,sh.688418,14.8577792000,15.8315660800,14.8477401600,15.5404339200,14.8979353600,5557858,85987598.4900,2.870600,1,4.312700,-88.106943,3.582407,3.199576,389.989755,0
2024-09-02,sh.688418,15.5404339200,15.6609024000,14.6569984000,14.6569984000,15.5404339200,5216374,77922930.8700,2.694300,1,-5.684800,-83.098279,3.378756,3.017688,367.819794,0
2024-09-03,sh.688418,14.4461785600,14.9280524800,14.4461785600,14.8979353600,14.6569984000,3786409,55266283.4200,1.955700,1,1.643800,-84.464278,3.434297,3.067294,373.866147,0
2024-09-04,sh.688418,14.7674278400,15.6207462400,14.6569984000,15.2292236800,14.8979353600,6726495,101948016.3200,3.474200,1,2.223700,-86.342527,3.510666,3.135502,382.179882,0
2024-09-05,sh.688418,15.4400435200,15.4400435200,14.9380915200,15.0685990400,15.2292236800,4228806,63899690.5400,2.184200,1,-1.054700,-85.431861,3.473639,3.102431,378.148980,0
2024-09-06,sh.688418,15.0585600000,15.1087552000,14.6670374400,14.6670374400,15.0685990400,2860617,42245467.6700,1.477500,1,-2.664900,-83.155196,3.381070,3.019755,368.071726,0
2024-09-09,sh.688418,14.5967641600,14.7674278400,14.2755148800,14.6670374400,14.6670374400,3169766,45879837.5800,1.637200,1,0.000000,-83.155196,3.381070,3.019755,368.071726,0
2024-09-10,sh.688418,14.6871155200,15.1087552000,14.3658662400,14.9079744000,14.6670374400,3066807,45093032.0800,1.584000,1,1.642700,-84.521195,3.436611,3.069361,374.118079,0
2024-09-11,sh.688418,14.8477401600,14.9581696000,14.6369203200,14.7975449600,14.9079744000,2046878,30153512.9100,1.057200,1,-0.740700,-83.895112,3.411155,3.046625,371.346834,0
2024-09-12,sh.688418,14.9581696000,15.0585600000,14.5967641600,14.5967641600,14.7975449600,1925012,28451755.8300,0.994300,1,-1.356900,-82.756779,3.364870,3.005286,366.308206,0
2024-09-13,sh.688418,14.5967641600,14.6971545600,14.2353587200,14.2955929600,14.5967641600,2578734,37057368.4300,1.331900,1,-2.063300,-81.049281,3.295444,2.943279,358.750265,0
2024-09-18,sh.688418,14.1349683200,14.4261004800,13.8538752000,14.2052416000,14.2955929600,2391740,33603008.5200,1.235300,1,-0.632000,-80.537031,3.274616,2.924677,356.482883,0
2024-09-19,sh.688418,14.3558272000,14.6569984000,14.1450073600,14.4461785600,14.2052416000,3030762,43662226.8900,1.565400,1,1.696100,-81.903030,3.330157,2.974283,362.529236,0
2024-09-20,sh.688418,14.6068032000,14.7573888000,14.3457881600,14.4762956800,14.4461785600,2671709,38659797.8800,1.379900,1,0.208500,-82.073780,3.337100,2.980484,363.285030,0
2024-09-23,sh.688418,14.4963737600,15.1388723200,14.3457881600,14.6871155200,14.4762956800,4271343,63255494.5400,2.206200,1,1.456300,-83.269029,3.385698,3.023889,368.575588,0
2024-09-24,sh.688418,14.9380915200,15.2091456000,14.5164518400,15.0585600000,14.6871155200,4622447,68702175.9100,2.387500,1,2.529000,-85.374944,3.471324,3.100364,377.897049,0
2024-09-25,sh.688418,15.5605120000,15.5906291200,14.9983257600,15.0284428800,15.0585600000,5226331,79737381.5000,2.699400,1,-0.200000,-85.204194,3.464382,3.094164,377.141255,0
2024-09-26,sh.688418,14.9682086400,15.3998873600,14.8778572800,15.3998873600,15.0284428800,4724987,71369821.2700,2.440500,1,2.471600,-87.310110,3.550008,3.170639,386.462715,0
2024-09-27,sh.688418,15.5605120000,16.3134400000,15.5404339200,16.2230886400,15.3998873600,3969982,62923609.2800,2.050500,1,5.345500,-91.977273,3.739773,3.340126,407.121087,0
2024-09-30,sh.688418,17.0663680000,19.0540979200,16.7752358400,18.9537075200,16.2230886400,13179484,235020205.3500,6.807200,1,16.831700,-107.458597,4.369240,3.902325,475.646419,0
2024-10-08,sh.688418,22.4171763200,22.4673715200,19.7869478400,22.0858880000,18.9537075200,18050453,382577908.2100,9.323100,1,16.525400,-125.216585,5.091276,4.547201,554.249005,0
2024-10-09,sh.688418,21.0819840000,21.5839360000,19.0440588800,19.1444492800,22.0858880000,14618570,298156256.1600,7.550500,1,-13.318200,-108.540013,4.413210,3.941597,480.433115,0
2024-10-10,sh.688418,19.4255424000,20.5800320000,18.6224192000,19.1042931200,19.1444492800,10094032,196029619.8300,5.213600,1,-0.209800,-108.312346,4.403954,3.933329,479.425390,0
2024-10-11,sh.688418,19.4255424000,19.7769088000,18.4718336000,18.8834342400,19.1042931200,10301455,194673407.3300,5.320700,1,-1.156100,-107.060180,4.353041,3.887857,473.882899,0
2024-10-14,sh.688418,19.0239808000,19.6363622400,18.3714432000,19.5560499200,18.8834342400,12407520,236234805.4100,6.408500,1,3.561900,-110.873594,4.508093,4.026340,490.762301,0
2024-10-15,sh.688418,19.3151129600,21.5036236800,19.0842150400,20.0881190400,19.5560499200,15488465,314541813.2400,7.999800,1,2.720700,-113.890176,4.630747,4.135886,504.114663,0
2024-10-16,sh.688418,19.6865574400,20.5097587200,19.4757376000,20.4495244800,20.0881190400,11310584,227927753.3500,5.841900,1,1.799100,-115.939174,4.714059,4.210295,513.184193,0
2024-10-17,sh.688418,20.4796416000,21.1522572800,20.3390950400,20.7105395200,20.4495244800,12321816,255195992.7100,6.364200,1,1.276400,-117.419007,4.774228,4.264034,519.734408,0
2024-10-18,sh.688418,20.6904614400,21.6843264000,20.5800320000,21.2727257600,20.7105395200,12382243,261596335.1100,6.395500,1,2.714500,-120.606338,4.903824,4.379781,533.842565,0
2024-10-21,sh.688418,21.3831552000,22.5878400000,20.9615155200,22.2063564800,21.2727257600,17363037,379351125.1000,8.968000,1,4.388900,-125.899585,5.119046,4.572004,557.272182,0
2024-10-22,sh.688418,22.3669811200,23.7423296000,21.6843264000,22.1862784000,22.2063564800,22328243,508592903.2700,11.532600,1,-0.090400,-125.785751,5.114418,4.567870,556.768319,0
2024-10-23,sh.688418,21.8650291200,22.8086988800,21.4935846400,21.7947558400,22.1862784000,14154510,313325557.3400,7.310800,1,-1.764700,-123.566003,5.024163,4.487261,546.942996,0
2024-10-24,sh.688418,21.6843264000,21.8851072000,21.1221401600,21.6441702400,21.7947558400,8868420,189605040.6900,4.580600,1,-0.690900,-122.712253,4.989450,4.456257,543.164025,0
2024-10-25,sh.688418,21.8148339200,22.6781913600,21.5437798400,22.0758489600,21.6441702400,9753171,214373668.5200,5.037500,1,1.994400,-125.159668,5.088962,4.545134,553.997074,0
2024-10-28,sh.688418,22.0156147200,22.6781913600,21.8851072000,22.3770201600,22.0758489600,7825072,173557402.6200,4.041700,1,1.364300,-126.867167,5.158388,4.607141,561.555015,0
2024-10-29,sh.688418,22.3368640000,22.5878400000,21.4333504000,21.6140531200,22.3770201600,9674536,210354869.7600,4.996900,1,-3.409600,-122.541503,4.982508,4.450056,542.408231,0
2024-10-30,sh.688418,21.2626867200,22.2163955200,21.1723353600,21.8047948800,21.6140531200,7123239,154756541.7200,3.679200,1,0.882500,-123.622919,5.026478,4.489328,547.194927,0
2024-10-31,sh.688418,21.9453414400,23.6419392000,21.2426086400,22.9392064000,21.8047948800,16247585,366293000.2000,8.391900,1,5.202600,-158.799664,5.232901,4.688595,-226.172314,0
2024-11-01,sh.688418,22.6781913600,24.2141644800,21.2827648000,23.7122124800,22.9392064000,20279702,462027170.0000,10.474500,1,3.369800,-164.150900,5.409240,4.846592,-233.793876,0
2024-11-04,sh.688418,24.0033446400,25.9810355200,23.8527590400,25.0875609600,23.7122124800,18951168,476185918.9100,9.788300,1,5.800200,-173.671930,5.722985,5.127702,-247.354317,0
2024-11-05,sh.688418,24.9168972800,26.5833779200,24.6157260800,26.1717772800,25.0875609600,15003652,385646761.2900,7.749400,1,4.321700,-181.177559,5.970317,5.349308,-258.044299,0
2024-11-06,sh.688418,26.4327923200,31.1310630400,26.1316211200,30.0669248000,26.1717772800,22409514,647267433.9200,11.574600,1,14.883000,-208.142229,6.858879,6.145446,-296.449051,0
2024-11-07,sh.688418,29.1132160000,31.4523123200,29.1132160000,31.4523123200,30.0669248000,15512380,469143570.5500,8.012200,1,4.607700,-217.732756,7.174914,6.428608,-310.108473,0
2024-11-08,sh.688418,31.2113753600,36.5220275200,30.8198528000,34.9358592000,31.4523123200,19229181,665562498.6900,9.931900,1,11.075600,-241.848066,7.969583,7.140618,-344.454991,0
2024-11-11,sh.688418,34.9358592000,36.3413248000,33.3296128000,35.5382016000,34.9358592000,16026036,556372487.2300,8.277500,1,1.724100,-246.017860,8.106989,7.263732,-350.393870,0
2024-11-12,sh.688418,35.1366400000,35.6887872000,32.1148889600,32.6871142400,35.5382016000,18721069,624190551.6300,9.669500,1,-8.022600,-226.280834,7.456598,6.680992,-322.283175,0
2024-11-13,sh.688418,32.3257088000,33.7412134400,31.9843814400,33.2493004800,32.6871142400,11330751,372710317.6300,5.852400,1,1.719900,-230.172642,7.584844,6.795899,-327.826129,0
2024-11-14,sh.688418,32.6369190400,34.6346880000,32.6268800000,32.9280512000,33.2493004800,13126460,441636949.7000,6.779800,1,-0.966200,-227.948751,7.511561,6.730238,-324.658727,0
2024-11-15,sh.688418,32.6569971200,34.2833216000,31.7233664000,31.7735616000,32.9280512000,12818908,422876985.0600,6.621000,1,-3.506100,-219.956646,7.248198,6.494269,-313.275875,0
2024-11-18,sh.688418,32.1851622400,32.9180121600,30.4584473600,31.4422732800,31.7735616000,11227933,351188450.4300,5.799300,1,-1.042700,-217.663259,7.172624,6.426556,-310.009492,0
2024-11-19,sh.688418,31.4523123200,32.2253184000,30.6190720000,32.0747328000,31.4422732800,7912803,247927365.3900,4.087000,1,2.011500,-222.041543,7.316901,6.555826,-316.245315,0
2024-11-20,sh.688418,32.0747328000,33.3396518400,31.4824294400,33.2994956800,32.0747328000,10841242,352716053.5500,5.599500,1,3.818500,-230.520125,7.596295,6.806158,-328.321036,0
2024-11-21,sh.688418,33.3798080000,33.7110963200,32.4260992000,33.3597299200,33.2994956800,8167889,270050172.4300,4.218700,1,0.180900,-230.937104,7.610035,6.818469,-328.914924,0
2024-11-22,sh.688418,33.1388710400,34.1226969600,32.6770752000,32.7875046400,33.3597299200,9193657,305689677.8000,4.748500,1,-1.715300,-226.975799,7.479499,6.701511,-323.272988,0
2024-11-25,sh.688418,32.1249280000,34.1226969600,31.3318438400,34.0122675200,32.7875046400,9553297,311668028.4600,4.934300,1,3.735500,-235.454381,7.758893,6.951843,-335.348709,0
2024-11-26,sh.688418,34.0122675200,36.4015590400,33.8817600000,35.5883968000,34.0122675200,13458141,473928256.6100,6.951200,1,4.634000,-246.365343,8.118440,7.273992,-350.888777,0
2024-11-27,sh.688418,35.1366400000,39.3931929600,34.4238681600,38.3390937600,35.5883968000,12849884,471514846.3900,6.637000,1,7.729200,-265.407403,8.745930,7.836213,-378.009658,0
2024-11-28,sh.688418,38.1483520000,39.9353011200,30.6692672000,30.9403212800,38.3390937600,29674375,1005853725.8400,15.326900,1,-19.298200,-214.188430,7.058119,6.323961,-305.060426,0
2024-11-29,sh.688418,30.9302822400,33.7612915200,29.1132160000,33.2292224000,30.9403212800,22192823,696998211.4300,11.462600,1,7.397800,-230.033649,7.580264,6.791795,-327.628167,0
2024-12-02,sh.688418,33.2292224000,33.2292224000,31.8237568000,32.2755136000,33.2292224000,10409412,336817595.9300,5.376500,1,-2.870100,-223.431474,7.362704,6.596864,-318.224941,0
2024-12-03,sh.688418,32.1249280000,32.6770752000,31.0005555200,31.4523123200,32.2755136000,7981488,252762931.2500,4.122500,1,-2.550500,-217.732756,7.174914,6.428608,-310.108473,0
2024-12-04,sh.688418,31.3418828800,32.6971532800,31.1210240000,31.9141081600,31.4523123200,6613238,209499684.4000,3.415800,1,1.468200,-220.929598,7.280260,6.522996,-314.661614,0
2024-12-05,sh.688418,32.1249280000,36.3614028800,31.9141081600,35.8293337600,31.9141081600,14166319,487566909.4500,7.316900,1,12.268000,-248.033260,8.173402,7.323237,-353.264328,0
2024-12-06,sh.688418,36.6023398400,38.1483520000,35.8192947200,37.6363609600,35.8293337600,14257007,528987069.7400,7.363800,1,5.043400,-260.542643,8.585622,7.692580,-371.080966,0
2024-12-09,sh.688418,36.8031206400,37.5359705600,30.6893452800,33.7311744000,37.6363609600,26249116,871255054.2900,13.557700,1,-10.376100,-233.508477,7.694769,6.894390,-332.577232,0
2024-12-10,sh.688418,34.1929702400,34.7350784000,31.9241472000,33.9018380800,33.7311744000,16626780,554282562.0500,8.587800,1,0.506000,-234.689919,7.733701,6.929272,-334.259915,0
2024-12-11,sh.688418,33.7311744000,34.4339072000,32.8276608000,33.2091443200,33.9018380800,7193281,238949642.8100,3.715300,1,-2.043200,-229.894655,7.575684,6.787691,-327.430204,0
2024-12-12,sh.688418,33.4199641600,33.4300032000,32.3056307200,32.6569971200,33.2091443200,7074870,231476903.1400,3.654200,1,-1.662600,-226.072344,7.449728,6.674836,-321.986231,0
2024-12-13,sh.688418,32.3658649600,33.2292224000,32.1952012800,32.3257088000,32.6569971200,5822809,189433329.6900,3.007500,1,-1.014400,-223.778957,7.374154,6.607124,-318.719848,0
2024-12-16,sh.688418,32.1249280000,32.3257088000,30.7194624000,31.1109849600,32.3257088000,5833239,181177581.8400,3.012900,1,-3.757800,-215.369872,7.097051,6.358843,-306.743108,0
2024-12-17,sh.688418,31.1210240000,31.6832102400,29.1232550400,29.2939187200,31.1109849600,6983884,209887102.3600,3.607200,1,-5.840600,-202.790993,6.682541,5.987449,-288.827489,0
2024-12-18,sh.688418,29.4344652800,31.7032883200,28.7116544000,31.0808678400,29.2939187200,8852037,268069533.8200,4.572100,1,6.100100,-215.161382,7.090180,6.352688,-306.446164,0
2024-12-19,sh.688418,30.5588377600,32.1952012800,30.1171200000,31.6330150400,31.0808678400,6308812,198700949.4100,3.258500,1,1.776500,-218.983694,7.216136,6.465542,-311.890137,0
2024-12-20,sh.688418,31.5727808000,32.1048499200,30.8298918400,31.5727808000,31.6330150400,5583658,175063999.3300,2.884000,1,-0.190400,-218.566714,7.202396,6.453231,-311.296249,0
2024-12-23,sh.688418,31.5727808000,31.8036787200,29.6252070400,29.7456755200,31.5727808000,5926767,179246243.9600,3.061200,1,-5.787000,-205.918339,6.785596,6.079785,-293.281649,0
2024-12-24,sh.688418,30.2476275200,30.2476275200,28.8120448000,29.4043481600,29.7456755200,5077746,148398630.6100,2.622700,1,-1.147500,-203.555455,6.707732,6.010020,-289.916284,0
2024-12-25,sh.688418,29.3641920000,29.3641920000,27.6274380800,28.3201318400,29.4043481600,6991954,195943345.5300,3.611400,1,-3.687300,-196.049826,6.460400,5.788415,-279.226301,0
2024-12-26,sh.688418,28.1996633600,30.0066905600,28.1193510400,29.7557145600,28.3201318400,6201815,182098244.9300,3.203300,1,5.069100,-205.987835,6.787886,6.081837,-293.380630,0
2024-12-27,sh.688418,29.7557145600,30.5387596800,29.2136064000,29.3240358400,29.7557145600,4891177,145608096.1000,2.526300,1,-1.450700,-202.999483,6.689411,5.993605,-289.124433,0
2024-12-30,sh.688418,29.3340748800,29.9765734400,28.5309516800,29.5549337600,29.3240358400,3749479,109597477.8000,1.936600,1,0.787400,-204.597904,6.742084,6.040799,-291.401004,0
2024-12-31,sh.688418,29.8159488000,30.8399308800,29.2437235200,29.2738406400,29.5549337600,4530060,135424869.4600,2.339800,1,-0.951100,-202.652000,6.677961,5.983345,-288.629527,0
2025-01-02,sh.688418,29.2939187200,31.3017267200,28.6815372800,29.8460659200,29.2738406400,8560720,258079612.4400,4.421600,1,1.954700,-206.613304,6.808497,6.100304,-294.271462,0
2025-01-03,sh.688418,29.8159488000,29.9966515200,28.4707174400,29.1031769600,29.8460659200,5307828,153842174.8200,2.741500,1,-2.489100,-201.470558,6.639029,5.948463,-286.946844,0
2025-01-06,sh.688418,29.1031769600,29.6754022400,28.5510297600,29.1132160000,29.1031769600,4558227,132096676.4800,2.354300,1,0.034500,-201.540055,6.641319,5.950515,-287.045826,0
2025-01-07,sh.688418,28.9927475200,30.3680960000,28.9023961600,30.3379788800,29.1132160000,4654802,138717942.3600,2.404200,1,4.206900,-210.018636,6.920712,6.200847,-299.121547,0
2025-01-08,sh.688418,30.4684864000,30.4684864000,28.1093120000,29.3943091200,30.3379788800,5970728,173373442.0700,3.083900,1,-3.110500,-203.485959,6.705442,6.007968,-289.817303,0
2025-01-09,sh.688418,28.9124352000,29.7858316800,28.5409907200,29.3139968000,29.3943091200,4672792,135715094.3600,2.413500,1,-0.273200,-202.929986,6.687121,5.991553,-289.025452,0
2025-01-10,sh.688418,29.1132160000,29.6653632000,28.7016153600,28.7016153600,29.3139968000,3567216,103286586.7200,1.842500,1,-2.089000,-198.690695,6.547424,5.866387,-282.987592,0
2025-01-13,sh.688418,28.4707174400,31.1611801600,27.9888435200,30.2074713600,28.7016153600,8034143,239980487.2500,4.149700,1,5.246600,-209.115181,6.890941,6.174172,-297.834789,0
2025-01-14,sh.688418,30.3480179200,31.3418828800,30.0970419200,31.3218048000,30.2074713600,6412117,197884943.1300,3.311900,1,3.688900,-216.829300,7.145143,6.401933,-308.821716,0
2025-01-15,sh.688418,31.0206336000,31.5928588800,30.5487987200,30.7094233600,31.3218048000,4669424,144662914.6100,2.411800,1,-1.955100,-212.590009,7.005446,6.276767,-302.783855,0
2025-01-16,sh.688418,30.9302822400,31.4623513600,30.6291110400,30.9704384000,30.7094233600,4615811,142795779.7800,2.384100,1,0.850000,-214.396920,7.064989,6.330117,-305.357370,0
2025-01-17,sh.688418,30.9905164800,31.2214144000,30.5688768000,30.7194624000,30.9704384000,3903663,119794239.9300,2.016300,1,-0.810400,-212.659506,7.007736,6.278819,-302.882837,0
2025-01-20,sh.688418,30.7997747200,32.4260992000,30.7997747200,31.6229760000,30.7194624000,6215561,197961949.6600,3.210400,1,2.941200,-218.914197,7.213846,6.463490,-311.791155,0
2025-01-21,sh.688418,31.7836006400,32.2152793600,31.1812582400,32.0044595200,31.6229760000,4991001,157587905.7200,2.577900,1,1.206300,-221.555067,7.300871,6.541463,-315.552446,0
2025-01-22,sh.688418,32.0446156800,32.2253184000,31.3017267200,31.6631321600,32.0044595200,3624209,114574176.2800,1.871900,1,-1.066500,-219.192184,7.223007,6.471698,-312.187081,0
2025-01-23,sh.688418,32.0245376000,32.6770752000,31.0507507200,31.1611801600,31.6631321600,4621919,146906846.2600,2.387200,1,-1.585300,-215.717355,7.108501,6.369103,-307.238015,0
2025-01-24,sh.688418,31.2816486400,31.4623513600,30.5287206400,31.1310630400,31.1611801600,4531507,140210454.1400,2.340500,1,-0.096600,-215.508865,7.101631,6.362947,-306.941071,0
2025-01-27,sh.688418,31.1812582400,32.4060211200,31.0206336000,31.9141081600,31.1310630400,6864460,218253715.0200,3.545500,1,2.515300,-220.929598,7.280260,6.522996,-314.661614,0
2025-02-05,sh.688418,31.9341862400,32.0044595200,26.7841587200,28.7919667200,31.9141081600,12808886,363577034.7100,6.615800,1,-9.783000,-199.316164,6.568035,5.884854,-283.878423,0
2025-02-06,sh.688418,28.6915763200,30.6491891200,27.8081408000,30.5688768000,28.7919667200,7595880,222931645.0000,3.923300,1,6.171500,-211.617057,6.973385,6.248041,-301.398117,0
2025-02-07,sh.688418,30.5186816000,31.1009459200,30.0870028800,30.3078617600,30.5688768000,6109685,185674647.1800,3.155700,1,-0.853900,-209.810147,6.913842,6.194691,-298.824603,0
2025-02-10,sh.688418,30.3179008000,30.6190720000,28.6112640000,28.8120448000,30.3078617600,10314341,298814131.2300,5.327400,1,-4.935400,-199.455158,6.572616,5.888958,-284.076386,0
2025-02-11,sh.688418,28.9224742400,29.2638016000,28.3602880000,28.7618496000,28.8120448000,5426987,155829254.6000,2.803100,1,-0.174200,-199.107675,6.561165,5.878698,-283.581479,0
2025-02-12,sh.688418,28.6112640000,29.1935283200,28.4707174400,28.7618496000,28.7618496000,4987265,142895648.3800,2.575900,1,0.000000,-199.107675,6.561165,5.878698,-283.581479,0
2025-02-13,sh.688418,28.6714982400,29.6352460800,28.1595072000,28.4305612800,28.7618496000,6271713,179808966.6200,3.239400,1,-1.151800,-196.814288,6.485591,5.810986,-280.315096,0
2025-02-14,sh.688418,28.1494681600,28.5108736000,27.0050176000,27.3262668800,28.4305612800,8281840,227296911.5700,4.277600,1,-3.884200,-189.169665,6.233679,5.585277,-269.427151,0
2025-02-17,sh.688418,28.0089216000,30.0769638400,27.5571648000,29.6151680000,27.3262668800,12139300,354212103.9700,6.270000,1,8.376200,-205.014883,6.755824,6.053110,-291.994892,0
2025-02-18,sh.688418,30.1070809600,31.2916876800,29.2136064000,29.4143872000,29.6151680000,9610247,289771338.5700,4.963700,1,-0.678000,-203.624952,6.710022,6.012072,-290.015265,0
2025-02-19,sh.688418,28.9827084800,30.1070809600,28.9827084800,29.6854412800,29.4143872000,5092488,150719192.5700,2.630300,1,0.921500,-205.501359,6.771855,6.067473,-292.687761,0
2025-02-20,sh.688418,30.4182912000,32.4863334400,29.7255974400,32.2654745600,29.6854412800,14069802,436702397.2100,7.267100,1,8.691200,-223.361978,7.360413,6.594812,-318.125960,0
2025-02-21,sh.688418,32.2654745600,32.9280512000,31.2013363200,32.6569971200,32.2654745600,10200227,326790929.5400,5.268400,1,1.213400,-226.072344,7.449728,6.674836,-321.986231,0
2025-02-24,sh.688418,32.6469580800,34.9057420800,32.1349670400,33.5504716800,32.6569971200,12931452,435648531.2200,6.679100,1,2.735900,-232.257539,7.653547,6.857456,-330.795569,0
2025-02-25,sh.688418,33.4300032000,34.3033996800,32.8276608000,33.4199641600,33.5504716800,8086276,269664322.7400,4.176600,1,-0.389000,-231.354083,7.623776,6.830781,-329.508812,0
2025-02-26,sh.688418,33.4601203200,34.3134387200,32.1048499200,32.5164505600,33.4199641600,8534254,280209252.5800,4.408000,1,-2.703500,-225.099392,7.417666,6.646110,-320.600493,0
2025-02-27,sh.688418,32.1249280000,33.2794176000,31.7836006400,33.0384806400,32.5164505600,7504116,242667045.3000,3.875900,1,1.605400,-228.713214,7.536752,6.752809,-325.747521,0
2025-02-28,sh.688418,32.9280512000,32.9280512000,31.2214144000,31.2816486400,33.0384806400,6030664,192033641.2800,3.114900,1,-5.317500,222.526891,7.135983,6.348937,-308.425791,0
2025-03-03,sh.688418,31.1210240000,31.7936396800,30.3379788800,30.6793062400,31.2816486400,4871418,150011717.1100,2.516100,1,-1.925500,218.242034,6.998576,6.226686,-302.486911,0
2025-03-04,sh.688418,30.0669248000,31.4623513600,29.9966515200,31.1109849600,30.6793062400,3487435,107594515.7300,1.801300,1,1.407100,221.312848,7.097051,6.314299,-306.743108,0
2025-03-05,sh.688418,31.1009459200,33.8014476800,30.8901260800,33.0284416000,31.1109849600,8362744,271245270.5300,4.319400,1,6.163300,234.952976,7.534462,6.703467,-325.648540,0
2025-03-06,sh.688418,32.7774656000,34.4339072000,32.6569971200,33.0284416000,33.0284416000,10478430,349649132.0800,5.412100,1,0.000000,234.952976,7.534462,6.703467,-325.648540,0
2025-03-07,sh.688418,32.9280512000,34.1026188800,32.6268800000,33.1890662400,33.0284416000,8017675,265649183.2400,4.141100,1,0.486300,236.095604,7.571104,6.736068,-327.232241,0
2025-03-10,sh.688418,33.1288320000,34.1126579200,32.6369190400,33.5303936000,33.1890662400,7973035,266683195.9800,4.118100,1,1.028400,238.523689,7.648967,6.805344,-330.597606,0
2025-03-11,sh.688418,32.8678169600,33.3798080000,31.6330150400,32.4461772800,33.5303936000,7670300,246612866.1900,3.961700,1,-3.233500,230.810947,7.401635,6.585291,-319.907624,0
2025-03-12,sh.688418,32.5264896000,33.0083635200,32.2253184000,32.4762944000,32.4461772800,4880725,158202260.4700,2.520900,1,0.092800,231.025190,7.408506,6.591403,-320.204568,0
2025-03-13,sh.688418,32.6268800000,32.6268800000,31.4523123200,31.5326246400,32.4762944000,4870742,154789425.9900,2.515700,1,-2.905700,224.312248,7.193235,6.399876,-310.900324,0
2025-03-14,sh.688418,32.0948108800,32.0948108800,31.1411020800,31.5426636800,31.5326246400,4718032,148479956.5700,2.436900,1,0.031800,224.383662,7.195525,6.401913,-310.999305,0
2025-03-17,sh.688418,31.4021171200,31.6028979200,30.6692672000,31.2113753600,31.5426636800,5204636,161472336.8300,2.688200,1,-1.050300,222.026991,7.119952,6.334675,-307.732921,0
2025-03-18,sh.688418,31.3218048000,31.7133273600,30.8901260800,31.1210240000,31.2113753600,4876977,151936465.2600,2.519000,1,-0.289500,221.384263,7.099341,6.316337,-306.842089,0
2025-03-19,sh.688418,31.1210240000,31.3418828800,30.0368076800,30.8499699200,31.1210240000,5162259,157175031.7600,2.666300,1,-0.871000,219.456077,7.037508,6.261324,-304.169594,0
2025-03-20,sh.688418,30.8700480000,31.3218048000,30.4182912000,30.4684864000,30.8499699200,3136608,96270127.6700,1.620100,1,-1.236600,216.742335,6.950484,6.183898,-300.408304,0
2025-03-21,sh.688418,30.3982131200,31.6229760000,30.0468467200,30.8298918400,30.4684864000,4935609,152219796.6500,2.549300,1,1.186200,219.313249,7.032928,6.257249,-303.971631,0
2025-03-24,sh.688418,30.8298918400,31.3519219200,29.1132160000,30.1472371200,30.8298918400,6158736,184082675.0900,3.181000,1,-2.214300,214.457078,6.877200,6.118697,-297.240902,0
2025-03-25,sh.688418,29.9665344000,30.4785254400,29.7657536000,29.8059097600,30.1472371200,2961876,88767042.2700,1.529800,1,-1.132200,212.028992,6.799336,6.049421,-293.875537,0
2025-03-26,sh.688418,29.7858316800,30.1171200000,29.6151680000,29.8661440000,29.8059097600,2568824,76368192.5500,1.326800,1,0.202100,212.457478,6.813077,6.061646,-294.469425,0
2025-03-27,sh.688418,29.8360268800,32.6369190400,29.6854412800,31.9141081600,29.8661440000,9020152,285608066.0900,4.658900,1,6.857100,227.025991,7.280260,6.477302,-314.661614,0
2025-03-28,sh.688418,31.7534835200,32.0044595200,30.6793062400,30.9503603200,31.9141081600,4031754,125180818.1300,2.082400,1,-3.019800,220.170220,7.060409,6.281699,-305.159407,0
2025-03-31,sh.688418,30.5789158400,31.1210240000,29.7858316800,30.2777446400,30.9503603200,3459593,104803841.4700,1.786900,1,-2.173200,215.385463,6.906972,6.145185,-298.527659,0
2025-04-01,sh.688418,30.3078617600,31.6129369600,29.9866124800,31.5225856000,30.2777446400,4518305,139700028.2700,2.333700,1,4.111400,224.240834,7.190945,6.397838,-310.801342,0
2025-04-02,sh.688418,31.4322342400,32.8276608000,31.3619609600,32.3658649600,31.5225856000,5796973,185628929.1000,2.994100,1,2.675200,230.239633,7.383315,6.568990,-319.115773,0
2025-04-03,sh.688418,32.1249280000,33.1689881600,31.7534835200,32.8878950400,32.3658649600,6314158,206142273.7200,3.261300,1,1.612900,233.953176,7.502400,6.674942,-324.262802,0
2025-04-07,sh.688418,30.4684864000,31.0909068800,26.3123238400,26.3123238400,32.8878950400,11718993,328284833.8000,6.052900,1,-19.993900,187.176823,6.002378,5.340361,-259.430038,0
2025-04-08,sh.688418,26.9046272000,28.8020057600,26.9046272000,28.5008345600,26.3123238400,9184563,256624947.2100,4.743800,1,8.317400,202.745136,6.501622,5.784542,-281.007965,0
2025-04-09,sh.688418,28.1193510400,31.7032883200,27.7780236800,31.4623513600,28.5008345600,10705965,322373256.0200,5.529700,1,10.391000,223.812348,7.177205,6.385613,-310.207454,0
2025-04-10,sh.688418,32.1249280000,33.3296128000,31.4723904000,32.3658649600,31.4623513600,9446237,306975317.3500,4.879000,1,2.871700,230.239633,7.383315,6.568990,-319.115773,0
2025-04-11,sh.688418,32.2253184000,34.2230873600,32.2253184000,33.5303936000,32.3658649600,9516485,315836268.0500,4.915300,1,3.598000,238.523689,7.648967,6.805344,-330.597606,0
2025-04-14,sh.688418,34.3335168000,34.7150003200,33.9118771200,34.6045708800,33.5303936000,9141245,312992591.9000,4.721500,1,3.203600,246.165017,7.894009,7.023359,-341.188607,0
2025-04-15,sh.688418,37.1444480000,38.0278835200,32.7875046400,33.3095347200,34.6045708800,19444181,669402750.9200,10.043000,1,-3.742400,236.952575,7.598585,6.760518,-328.420017,0
2025-04-16,sh.688418,33.5805888000,33.5805888000,30.8198528000,31.0909068800,33.3095347200,12775471,405060279.6700,6.598600,1,-6.660600,221.170020,7.092471,6.310224,-306.545146,0
2025-04-17,sh.688418,31.0306726400,31.5326246400,30.6893452800,30.7596185600,31.0909068800,7449473,230466788.5100,3.847700,1,-1.065500,218.813349,7.016897,6.242986,-303.278762,0
2025-04-18,sh.688418,30.5387596800,32.1751232000,29.8159488000,32.1349670400,30.7596185600,8783724,271204326.6000,4.536800,1,4.471300,228.597105,7.330642,6.522127,-316.839203,0
2025-04-21,sh.688418,31.8137177600,32.1751232000,31.5727808000,31.9743424000,32.1349670400,4500764,142965317.9500,2.324700,1,-0.499800,227.454476,7.294000,6.489527,-315.255502,0
2025-04-22,sh.688418,31.7233664000,32.8778560000,31.7233664000,31.8739520000,31.9743424000,3403867,108696712.5700,1.758100,1,-0.314000,226.740334,7.271099,6.469152,-314.265688,0
2025-04-23,sh.688418,31.9241472000,32.3457868800,31.4322342400,31.7233664000,31.8739520000,3792002,120086585.5300,1.958600,1,-0.472400,225.669119,7.236747,6.438589,-312.780969,0
2025-04-24,sh.688418,31.7836006400,31.9141081600,29.8360268800,30.4383692800,31.7233664000,6821812,207603380.5000,3.523500,1,-4.050600,216.528092,6.943613,6.177785,-300.111360,0
2025-04-25,sh.688418,30.4283302400,30.8298918400,30.1371980800,30.2576665600,30.4383692800,3454991,104887865.5900,1.784500,1,-0.593700,215.242635,6.902391,6.141110,-298.329696,0
2025-04-28,sh.688418,30.2275494400,30.4986035200,29.7055193600,29.7657536000,30.2576665600,2973484,88783373.4500,1.535800,1,-1.625700,211.743335,6.790176,6.041271,-293.479611,0
2025-04-29,sh.688418,29.9966515200,30.2275494400,29.5248166400,30.2175104000,29.7657536000,4082414,121528961.0900,2.108600,1,1.517700,214.956978,6.893231,6.132959,-297.933771,0
2025-04-30,sh.688418,30.0167296000,30.0167296000,28.1896243200,29.2939187200,30.2175104000,5302809,154793466.0100,2.738900,1,-3.056500,251.400468,6.121577,6.008825,-254.596114,0
2025-05-06,sh.688418,29.2939187200,31.1009459200,29.2336844800,30.6993843200,29.2939187200,5460398,163994981.7400,2.820300,1,4.797800,263.462176,6.415278,6.297117,-266.811143,0
2025-05-07,sh.688418,30.8901260800,31.6028979200,30.3379788800,31.1611801600,30.6993843200,6214201,192182130.5400,3.209600,1,1.504300,267.425309,6.511780,6.391841,-270.824653,0
2025-05-08,sh.688418,31.0507507200,31.4924684800,30.9302822400,31.1611801600,31.1611801600,3733937,115922181.6700,1.928600,1,0.000000,267.425309,6.511780,6.391841,-270.824653,0
2025-05-09,sh.688418,31.6731712000,31.8237568000,30.0167296000,30.2375884800,31.1611801600,4337590,132254233.8100,2.240400,1,-2.963900,259.499044,6.318776,6.202392,-262.797633,0
2025-05-12,sh.688418,31.0005555200,31.3017267200,30.1171200000,30.4383692800,30.2375884800,5064426,155091728.9500,2.615800,1,0.664000,261.222145,6.360734,6.243577,-264.542638,0
2025-05-13,sh.688418,30.7094233600,30.7094233600,29.7456755200,29.8259878400,30.4383692800,4202426,126171202.4400,2.170600,1,-2.011900,255.966686,6.232764,6.117964,-259.220375,0
2025-05-14,sh.688418,29.8561049600,30.0970419200,29.4043481600,29.7055193600,29.8259878400,2583091,76385697.5100,1.334200,1,-0.403900,254.932825,6.207589,6.093253,-258.173372,0
2025-05-15,sh.688418,29.9966515200,29.9966515200,29.2336844800,29.5047385600,29.7055193600,1926679,56753583.3600,0.995100,1,-0.675900,253.209724,6.165632,6.052069,-256.428368,0
2025-05-16,sh.688418,29.5047385600,29.6854412800,29.2236454400,29.4043481600,29.5047385600,1782803,52213721.4200,0.920800,1,-0.340300,252.348174,6.144653,6.031476,-255.555866,0
2025-05-19,sh.688418,29.1132160000,29.5448947200,28.9425523200,29.3240358400,29.4043481600,1929389,56196835.2100,0.996500,1,-0.273100,251.658933,6.127870,6.015002,-254.857864,0
2025-05-20,sh.688418,29.1132160000,30.4684864000,29.1132160000,29.9163392000,29.3240358400,4439699,132878297.5300,2.293100,1,2.019900,256.742082,6.251645,6.136497,-260.005627,0
2025-05-21,sh.688418,29.6352460800,30.1070809600,29.0228646400,29.2838796800,29.9163392000,3120307,90968575.4800,1.611600,1,-2.114100,251.314313,6.119479,6.006766,-254.508863,0
2025-05-22,sh.688418,29.0630208000,29.3139968000,28.2097024000,28.3000537600,29.2838796800,4237494,120959198.0700,2.188700,1,-3.359600,242.871117,5.913888,5.804961,-245.958343,0
2025-05-23,sh.688418,28.3100928000,28.6112640000,27.6073600000,27.7077504000,28.3000537600,4699282,131247983.3400,2.427200,1,-2.092900,237.787968,5.790114,5.683467,-240.810580,0
2025-05-26,sh.688418,27.6675942400,28.2197414400,27.6675942400,27.9386483200,27.7077504000,2521878,70208824.8300,1.302600,1,0.833300,239.769535,5.838365,5.730829,-242.817335,0
2025-05-27,sh.688418,28.0490777600,28.0490777600,27.3764620800,27.6073600000,27.9386483200,2615906,71995753.5000,1.351100,1,-1.185800,236.926418,5.769135,5.662875,-239.938078,0
2025-05-28,sh.688418,28.0089216000,28.3602880000,27.5973209600,27.6173990400,27.6073600000,2510027,69917664.3300,1.296400,1,0.036400,237.012573,5.771233,5.664934,-240.025328,0
2025-05-29,sh.688418,27.6173990400,28.3402099200,27.6073600000,28.2097024000,27.6173990400,2706073,75562095.5000,1.397700,1,2.144700,242.095721,5.895007,5.786428,-245.173091,0
2025-05-30,sh.688418,28.1093120000,28.5911859200,27.8482969600,28.3000537600,28.2097024000,2564063,72189716.6100,1.324300,1,0.320300,242.871117,5.913888,5.804961,-245.958343,0
2025-06-03,sh.688418,28.1093120000,28.8823180800,28.0691558400,28.3000537600,28.3000537600,2761464,78292115.2400,1.426300,1,0.000000,242.871117,5.913888,5.804961,-245.958343,0
2025-06-04,sh.688418,28.2598976000,28.6413811200,28.2197414400,28.4104832000,28.3000537600,1763330,49890812.8900,0.910800,1,0.390200,243.818822,5.936964,5.827613,-246.918095,0
2025-06-05,sh.688418,28.4205222400,28.6815372800,28.1293900800,28.6313420800,28.4104832000,2526938,71714086.2300,1.305200,1,0.777400,245.714234,5.983118,5.872916,-248.837600,0
2025-06-06,sh.688418,28.7819276800,29.3742310400,28.5108736000,28.6313420800,28.6313420800,2884674,82887398.7300,1.489900,1,0.000000,245.714234,5.983118,5.872916,-248.837600,0
2025-06-09,sh.688418,28.7417715200,29.0429427200,27.7780236800,28.0992729600,28.6313420800,4899683,138118601.6800,2.530700,1,-1.858300,241.148016,5.871931,5.763777,-244.213339,0
2025-06-10,sh.688418,28.0992729600,28.3100928000,27.5270476800,27.6977113600,28.0992729600,3685205,102207229.7300,1.913800,1,-1.429100,236.406103,5.756465,5.650438,-239.411150,0
2025-06-11,sh.688418,27.6977113600,28.0892339200,27.3764620800,27.7378675200,27.6977113600,2612344,72142858.2300,1.356700,1,0.145000,236.748845,5.764811,5.658630,-239.758248,0
2025-06-12,sh.688418,27.7479065600,27.9486873600,27.4668134400,27.7579456000,27.7378675200,1655875,45775637.5200,0.860000,1,0.072400,236.920216,5.768984,5.662726,-239.931798,0
2025-06-13,sh.688418,27.7479065600,27.7579456000,26.1215820800,26.7841587200,27.7579456000,6068502,161574663.6900,3.151600,1,-3.508100,228.608729,5.566600,5.464070,-231.514660,0
2025-06-16,sh.688418,26.8243148800,27.4969305600,26.1918553600,27.3664230400,26.7841587200,4793254,128432188.1000,2.489300,1,2.173900,233.578484,5.687613,5.582854,-236.547588,0
2025-06-17,sh.688418,27.3162278400,27.3664230400,25.9810355200,26.2721676800,27.3664230400,4546570,120081271.5900,2.361200,1,-3.998500,224.238772,5.460192,5.359622,-227.089155,0
2025-06-18,sh.688418,26.2721676800,26.2721676800,25.1477952000,25.7802547200,26.2721676800,5136246,130700081.6100,2.667400,1,-1.872400,220.040186,5.357957,5.259270,-222.837199,0
2025-06-19,sh.688418,25.9810355200,26.7038464000,24.7161164800,24.9871705600,25.7802547200,7185755,181750857.8500,3.731800,1,-3.076300,213.271037,5.193129,5.097478,-215.982005,0
2025-06-20,sh.688418,24.7562726400,24.9470144000,23.4913536000,23.6218611200,24.9871705600,8089635,193075895.6600,4.201200,1,-5.464000,201.617818,4.909374,4.818949,-204.180658,0
2025-06-23,sh.688418,23.4511974400,24.4249843200,23.3909632000,24.3948672000,23.6218611200,4676857,111932017.4200,2.428800,1,3.272400,208.215596,5.070029,4.976646,-210.862303,0
2025-06-24,sh.688418,24.4651404800,25.6698252800,24.2643596800,25.4188492800,24.3948672000,5149231,129531510.6800,2.674200,1,4.197500,216.955510,5.282845,5.185542,-219.713313,0
2025-06-25,sh.688418,25.5393177600,26.1717772800,25.3485760000,25.8103718400,25.4188492800,4059476,103969792.6900,2.108200,1,1.540300,220.297242,5.364216,5.265414,-223.097523,0
2025-06-26,sh.688418,25.7501376000,26.5934169600,25.6698252800,25.8003328000,25.8103718400,5092571,132695300.6500,2.644700,1,-0.038900,220.211557,5.362130,5.263366,-223.010749,0
2025-06-27,sh.688418,25.9007232000,26.3524800000,25.6397081600,25.9107622400,25.8003328000,4462343,115435763.5300,2.317400,1,0.428000,221.154097,5.385081,5.285894,-223.965269,0
2025-06-30,sh.688418,25.9107622400,26.6536512000,25.5794739200,26.5632998400,25.9107622400,4051602,106333527.8500,2.104100,1,2.518400,226.723649,5.520699,5.419014,-229.605619,0
2025-07-01,sh.688418,26.5733388800,26.7440025600,26.2018944000,26.4528704000,26.5632998400,2919622,76926621.0300,1.516300,1,-0.415700,225.781110,5.497748,5.396486,-228.651098,0
2025-07-02,sh.688418,26.3223628800,26.4829875200,25.3987712000,25.5995520000,26.4528704000,3587785,92154925.0000,1.863300,1,-3.225800,218.497848,5.320401,5.222406,-221.275256,0
2025-07-03,sh.688418,25.5995520000,26.4528704000,25.4991616000,25.6999424000,25.5995520000,3441112,88811129.7600,1.787100,1,0.392200,219.354702,5.341266,5.242886,-222.143002,0
2025-07-04,sh.688418,25.5895129600,26.0312307200,25.1076390400,25.3987712000,25.6999424000,4435578,112512499.7000,2.303500,1,-1.171900,216.784140,5.278673,5.181446,-219.539764,0
2025-07-07,sh.688418,25.2883417600,25.7902937600,25.1277171200,25.4991616000,25.3987712000,2468997,62792779.4800,1.282200,1,0.395300,217.640994,5.299537,5.201926,-220.407510,0
2025-07-08,sh.688418,25.4991616000,26.1215820800,25.2582246400,25.8806451200,25.4991616000,3384768,86985998.7700,1.757800,1,1.496100,220.897040,5.378821,5.279750,-223.704945,0
2025-07-09,sh.688418,25.8806451200,25.9007232000,25.3385369600,25.4489664000,25.8806451200,2606916,66432115.5200,1.353900,1,-1.668000,217.212567,5.289105,5.191686,-219.973637,0
2025-07-10,sh.688418,25.3987712000,25.9007232000,25.1678732800,25.4489664000,25.4489664000,2748465,69478517.6900,1.427400,1,0.000000,217.212567,5.289105,5.191686,-219.973637,0
2025-07-11,sh.688418,25.4991616000,25.9609574400,25.1377561600,25.6095910400,25.4489664000,2853994,72831878.1200,1.482200,1,0.631200,218.583534,5.322488,5.224454,-221.362031,0
2025-07-14,sh.688418,25.6999424000,26.5030656000,25.3184588800,26.3524800000,25.6095910400,5623284,145014616.8300,2.920400,1,2.900800,224.924255,5.476884,5.376006,-227.783352,0
2025-07-15,sh.688418,26.3524800000,27.1957593600,26.2018944000,26.7640806400,26.3524800000,6944546,185040374.4900,3.606500,1,1.561900,228.437358,5.562427,5.459974,-231.341111,0
2025-07-16,sh.688418,26.7741196800,27.2961497600,26.5030656000,26.7540416000,26.7640806400,3903736,104617883.3500,2.027300,1,-0.037500,228.351673,5.560341,5.457926,-231.254337,0
2025-07-17,sh.688418,26.5131046400,27.3865011200,26.5131046400,27.0752908800,26.7540416000,3916752,105549440.2100,2.034100,1,1.200800,231.093606,5.627107,5.523462,-234.031124,0
2025-07-18,sh.688418,27.3061888000,27.4969305600,26.7741196800,27.0853299200,27.0752908800,3876647,104476807.2700,2.013300,1,0.037100,231.179292,5.629193,5.525510,-234.117899,0
2025-07-21,sh.688418,27.0853299200,27.5672038400,26.5632998400,26.9949785600,27.0853299200,4659654,124732458.9400,2.419900,1,-0.333600,230.408123,5.610415,5.507078,-233.336927,0
2025-07-22,sh.688418,26.9949785600,27.4065792000,26.5934169600,26.8042368000,26.9949785600,4110983,110153159.2100,2.135000,1,-0.706600,228.780100,5.570773,5.468166,-231.688210,0
2025-07-23,sh.688418,26.8845491200,27.4768524800,26.4930265600,26.9548224000,26.8042368000,5796798,156217180.2500,3.010500,1,0.561800,230.065381,5.602070,5.498886,-232.989829,0
2025-07-24,sh.688418,26.9849395200,27.1957593600,26.8042368000,26.9146662400,26.9548224000,3578707,96047383.8700,1.858500,1,-0.149000,229.722640,5.593724,5.490694,-232.642730,0
2025-07-25,sh.688418,26.8945881600,26.9849395200,26.4629094400,26.8845491200,26.9146662400,3507277,93230431.3600,1.821400,1,-0.111900,229.465583,5.587465,5.484550,-232.382406,0
2025-07-28,sh.688418,26.7640806400,27.4065792000,26.6235340800,27.1355251200,26.8845491200,4335520,116716728.6500,2.251600,1,0.933500,231.607719,5.639625,5.535750,-234.551772,0
2025-07-29,sh.688418,27.1054080000,27.4065792000,26.7741196800,27.2258764800,27.1355251200,3834928,103510158.5600,1.991600,1,0.333000,232.378888,5.658403,5.554182,-235.332743,0
2025-07-30,sh.688418,27.3563840000,27.7880627200,26.9046272000,27.5672038400,27.2258764800,6430472,174913643.9600,3.339600,1,1.253700,235.292193,5.729342,5.623814,-238.283080,0
2025-07-31,sh.688418,27.7077504000,28.5108736000,27.3463449600,27.7679846400,27.5672038400,9115268,254214607.9900,4.733900,1,0.728300,237.005901,5.771071,5.664774,-240.018572,0
2025-08-01,sh.688418,27.6274380800,30.9202432000,27.5872819200,29.9765734400,27.7679846400,17771682,524990804.8700,9.229400,1,7.953700,255.856696,6.230086,6.115335,-259.108986,0
2025-08-04,sh.688418,29.9464563200,31.4924684800,29.8360268800,30.8901260800,29.9765734400,12947160,398732718.0200,6.723900,1,3.047600,263.654070,6.419951,6.301703,-267.005476,0
2025-08-05,sh.688418,31.1210240000,31.9442252800,30.4182912000,30.6692672000,30.8901260800,12328296,381698166.7800,6.402500,1,-0.715000,261.768991,6.374049,6.256647,-265.096435,0
2025-08-06,sh.688418,30.5387596800,30.9704384000,30.2978227200,30.7596185600,30.6692672000,6603815,201295195.4300,3.429600,1,0.294600,262.540160,6.392827,6.275079,-265.877406,0
2025-08-07,sh.688418,30.7596185600,32.1349670400,30.1171200000,31.7233664000,30.7596185600,13261834,416783858.8200,6.887300,1,3.133200,270.765961,6.593125,6.471687,-274.207769,0
2025-08-08,sh.688418,31.5326246400,32.2453964800,31.2716096000,31.6631321600,31.7233664000,10150877,321043753.3100,5.271700,1,-0.189900,270.251848,6.580606,6.459399,-273.687121,0
2025-08-11,sh.688418,32.1249280000,32.7071923200,31.8237568000,32.5264896000,31.6631321600,10746449,346137533.1000,5.581000,1,2.726700,277.620795,6.760039,6.635527,-281.149737,0
2025-08-12,sh.688418,32.3759040000,32.3759040000,30.6190720000,30.7094233600,32.5264896000,12811429,398284509.5900,6.653400,1,-5.586400,262.111732,6.382395,6.264839,-265.443533,0
2025-08-13,sh.688418,30.5989939200,31.5928588800,30.5989939200,31.1109849600,30.7094233600,7620772,236743062.4200,3.957700,1,1.307600,265.539150,6.465852,6.346759,-268.914517,0
2025-08-14,sh.688418,31.0206336000,31.2214144000,29.6151680000,29.8059097600,31.1109849600,9317987,279271926.3100,4.839100,1,-4.194900,254.400044,6.194616,6.080519,-257.633818,0
2025-08-15,sh.688418,29.7757926400,30.3881740800,29.7155584000,30.3078617600,29.8059097600,6633942,199062220.3000,3.445200,1,1.684100,258.684315,6.298938,6.182919,-261.972549,0
2025-08-18,sh.688418,30.0970419200,30.6190720000,29.9063001600,30.4182912000,30.3078617600,11631732,350157267.5100,6.040700,1,0.364400,259.626855,6.321889,6.205447,-262.927069,0
2025-08-19,sh.688418,30.3881740800,30.7696576000,29.7657536000,29.9966515200,30.4182912000,7929929,237541747.4900,4.118300,1,-1.386100,256.028067,6.234258,6.119431,-259.282536,0
2025-08-20,sh.688418,29.0128256000,30.4684864000,28.1193510400,30.0970419200,29.9966515200,13833387,405751537.1700,7.184100,1,0.334700,-207.014316,6.612225,6.233789,37.321273,0
2025-08-21,sh.688418,30.2074713600,32.5064115200,29.8059097600,31.2615705600,30.0970419200,16988971,528597083.5600,8.822900,1,3.869200,-215.024209,6.868068,6.474990,38.765325,0
2025-08-22,sh.688418,31.1411020800,31.7233664000,31.0507507200,31.3720000000,31.2615705600,9027509,282175152.9500,4.688300,1,0.353200,-215.783768,6.892329,6.497862,38.902261,0
2025-08-25,sh.688418,31.3720000000,33.1589491200,30.9403212800,32.6369190400,31.3720000000,16490600,525663179.2200,8.564100,1,4.032000,-224.484170,7.170228,6.759856,40.470800,0
2025-08-26,sh.688418,33.1087539200,33.1087539200,31.5225856000,31.6932492800,32.6369190400,10220787,326042614.2700,5.308000,1,-2.891400,-217.993394,6.962906,6.564400,39.300620,0
2025-08-27,sh.688418,31.6530931200,32.9079731200,31.0206336000,31.0306726400,31.6932492800,12655397,402652355.1100,6.572400,1,-2.090600,-213.436041,6.817341,6.427165,38.479005,0
2025-08-28,sh.688418,32.1249280000,33.9319552000,31.8739520000,33.4400422400,31.0306726400,21521997,706497703.7900,11.177100,1,7.764500,-230.008234,7.346671,6.926201,41.466698,0
2025-08-29,sh.688418,33.9319552000,34.8756249600,32.9280512000,33.3898470400,33.4400422400,14421137,482578384.1200,7.489400,1,-0.150100,-229.662980,7.335644,6.915804,41.404455,0
2025-09-01,sh.688418,33.1489100800,33.3798080000,32.1249280000,32.3658649600,33.3898470400,10384890,336140111.2600,5.393200,1,-3.066700,-222.619798,7.110678,6.703714,40.134685,0
2025-09-02,sh.688418,32.4260992000,32.5164505600,30.5688768000,30.9202432000,32.3658649600,9403574,292113417.5000,4.883600,1,-4.466500,-212.676482,6.793080,6.404293,38.342069,0
2025-09-03,sh.688418,30.9102041600,31.4121561600,29.6653632000,29.7958707200,30.9202432000,6571503,199056891.5200,3.412800,1,-3.636400,-204.942792,6.546058,6.171409,36.947812,0
2025-09-04,sh.688418,29.8661440000,30.2175104000,27.7579456000,28.4104832000,29.7958707200,8859739,255743218.7800,4.601200,1,-4.649600,-195.413780,6.241693,5.884464,35.229888,0
2025-09-05,sh.688418,28.4004441600,29.8761830400,28.1494681600,29.7858316800,28.4104832000,6041969,175205213.0000,3.137800,1,4.841000,-204.873741,6.543853,6.169330,36.935363,0
2025-09-08,sh.688418,29.7557145600,33.6307840000,29.6452851200,32.7875046400,29.7858316800,13869285,434270946.8600,7.202800,1,10.077500,-225.519932,7.203311,6.791046,40.657531,0
2025-09-09,sh.688418,32.3257088000,33.3296128000,31.1611801600,31.3218048000,32.7875046400,10605799,339930631.7600,5.507900,1,-4.470300,-215.438514,6.881301,6.487465,38.840018,0
2025-09-10,sh.688418,31.8337958400,32.6268800000,31.3218048000,31.7233664000,31.3218048000,7818248,248296473.5500,4.060300,1,1.282100,-218.200546,6.969523,6.570638,39.337967,0
2025-09-11,sh.688418,31.3318438400,32.3257088000,30.5889548800,32.1851622400,31.7233664000,7335637,232277060.5400,3.809600,1,1.455700,-221.376883,7.070978,6.666287,39.910608,0
2025-09-12,sh.688418,32.0747328000,32.3457868800,31.5928588800,31.6229760000,32.1851622400,5479494,174188567.7200,2.845700,1,-1.746700,-217.510038,6.947468,6.549845,39.213479,0
2025-09-15,sh.688418,31.3519219200,32.0044595200,31.0206336000,31.2314534400,31.6229760000,5042670,158372688.5900,2.618800,1,-1.238100,-214.817057,6.861451,6.468752,38.727979,0
2025-09-16,sh.688418,30.8800870400,32.2855526400,30.8700480000,31.3619609600,31.2314534400,6341004,199248543.2000,3.293100,1,0.417900,-215.714717,6.890123,6.495783,38.889813,0
2025-09-17,sh.688418,31.1411020800,32.9280512000,30.8901260800,32.5867238400,31.3619609600,9908969,318307819.0300,5.146100,1,3.905200,-224.138916,7.159200,6.749459,40.408557,0
2025-09-18,sh.688418,32.5867238400,32.6770752000,30.5889548800,30.9603993600,32.5867238400,10697684,338148220.1700,5.555700,1,-4.990800,-212.952685,6.801902,6.412610,38.391864,0
2025-09-19,sh.688418,31.1210240000,31.4623513600,30.3179008000,30.5387596800,30.9603993600,4944986,151975504.5600,2.568100,1,-1.361900,-210.052551,6.709269,6.325279,37.869017,0
2025-09-22,sh.688418,30.7796966400,30.7796966400,29.9765734400,30.4684864000,30.5387596800,4940305,149433524.3100,2.565700,1,-0.230100,-209.569196,6.693830,6.310724,37.781876,0
2025-09-23,sh.688418,30.4684864000,30.7696576000,29.2136064000,30.0669248000,30.4684864000,5328490,157923402.3400,2.767300,1,-1.318000,-206.807163,6.605608,6.227551,37.283927,0
2025-09-24,sh.688418,30.0066905600,30.6592281600,29.5248166400,30.5989939200,30.0669248000,4049489,121954648.2400,2.103000,1,1.769600,-210.466856,6.722502,6.337755,37.943710,0
2025-09-25,sh.688418,30.4885644800,30.8901260800,29.8561049600,30.0870028800,30.5989939200,4319317,130297333.8900,2.243200,1,-1.673200,-206.945265,6.610019,6.231710,37.308825,0
2025-09-26,sh.688418,29.7958707200,30.2175104000,28.8120448000,28.8120448000,30.0870028800,5142384,150720767.2900,2.670600,1,-4.237600,-198.175813,6.329915,5.967636,35.727837,0
2025-09-29,sh.688418,28.8220838400,29.9163392000,28.8020057600,29.6252070400,28.8120448000,4598908,134597158.1300,2.388400,1,2.822300,-203.768928,6.508564,6.136061,36.736183,0
2025-09-30,sh.688418,29.6252070400,30.4684864000,29.4645824000,29.8059097600,29.6252070400,4334833,129114636.9200,2.251200,1,0.610000,-205.011842,6.548264,6.173489,36.960260,0
2025-10-09,sh.688418,29.9163392000,30.7696576000,29.7255974400,29.8761830400,29.8059097600,4304753,129833764.3700,2.235600,1,0.235800,-205.495198,6.563703,6.188044,37.047401,0
2025-10-10,sh.688418,29.6452851200,31.6229760000,28.9023961600,30.8700480000,29.8761830400,11678905,354072257.3900,6.065200,1,3.326600,-212.331228,6.782052,6.393896,38.279825,0
2025-10-13,sh.688418,29.9163392000,32.4260992000,29.8059097600,31.3318438400,30.8700480000,9885548,308108423.9200,5.133900,1,1.495900,-215.507565,6.883507,6.489545,38.852466,0
2025-10-14,sh.688418,31.3318438400,31.9040691200,29.7255974400,30.0468467200,31.3318438400,7050276,215703065.1700,3.661400,1,-4.101200,-206.669062,6.601197,6.223392,37.259030,0
2025-10-15,sh.688418,30.4283302400,30.7696576000,29.5248166400,30.0568857600,30.0468467200,5092902,152700698.9400,2.644900,1,0.033400,-206.738113,6.603403,6.225472,37.271479,0
2025-10-16,sh.688418,29.9665344000,29.9966515200,29.0730598400,29.7557145600,30.0568857600,4564510,134392363.5600,2.370500,1,-1.002000,-204.666588,6.537236,6.163092,36.898017,0
2025-10-17,sh.688418,29.7557145600,30.0769638400,28.7116544000,28.8020057600,29.7557145600,5092153,147915815.2700,2.644500,1,-3.205100,-198.106762,6.327709,5.965557,35.715388,0
2025-10-20,sh.688418,28.9927475200,30.3179008000,28.9927475200,29.3742310400,28.8020057600,4779278,140896305.6100,2.482000,1,1.986800,-202.042658,6.453426,6.084078,36.424965,0
2025-10-21,sh.688418,28.8020057600,29.5047385600,28.5811468800,29.3441139200,29.3742310400,5291952,153191591.3200,2.748300,1,-0.102500,-201.835505,6.446809,6.077840,36.387619,0
2025-10-22,sh.688418,29.1132160000,31.2615705600,28.6915763200,30.6190720000,29.3441139200,11709304,354404419.2700,6.081000,1,4.344900,-210.604958,6.726913,6.341913,37.968607,0
2025-10-23,sh.688418,30.5487987200,32.4060211200,30.5487987200,32.0245376000,30.6190720000,14624943,464469998.7700,7.595200,1,4.590200,-220.272071,7.035689,6.633018,39.711428,0
2025-10-24,sh.688418,32.5666457600,32.9983244800,31.8237568000,32.0948108800,32.0245376000,14101422,456096451.0400,7.323300,1,0.219400,-220.755426,7.051128,6.647573,39.798569,0
2025-10-27,sh.688418,32.4863334400,32.8075827200,31.3418828800,32.2855526400,32.0948108800,10708808,341972065.6200,5.561400,1,0.594300,-222.067392,7.093034,6.687080,40.035095,0
2025-10-28,sh.688418,32.2755136000,33.2894566400,31.9241472000,32.8979340800,32.2855526400,10090732,327847593.3500,5.240500,1,1.896800,-226.279491,7.227572,6.813918,40.794467,0
2025-10-29,sh.688418,33.1689881600,34.1026188800,31.8137177600,31.8137177600,32.8979340800,10192025,330526860.4800,5.293100,1,-3.295700,-218.822004,6.989373,6.589352,39.450005,0
2025-10-30,sh.688418,31.9241472000,32.1249280000,30.8399308800,31.2113753600,31.8137177600,6329238,197733538.3300,3.287000,1,-1.893300,-214.678955,6.857040,6.464593,38.703082,0
2025-10-31,sh.688418,31.0909068800,31.4824294400,30.6291110400,30.9704384000,31.2113753600,5517919,170326658.7600,2.865600,1,-0.772000,-163.400833,6.804893,6.722133,71.548824,0
2025-11-03,sh.688418,30.6793062400,30.8800870400,29.6151680000,30.6391500800,30.9704384000,7343083,221912498.0900,3.813500,1,-1.069700,-161.652947,6.732102,6.650227,70.783472,0
2025-11-04,sh.688418,30.6090329600,30.6090329600,29.4545433600,29.7055193600,30.6391500800,5871025,173918025.7600,3.049000,1,-3.047200,-156.727087,6.526962,6.447582,68.626571,0
2025-11-05,sh.688418,30.1070809600,30.4082521600,29.3340748800,29.6352460800,29.7055193600,5007555,149004241.3200,2.600600,1,-0.236600,-156.356323,6.511522,6.432329,68.464223,0
2025-11-06,sh.688418,29.5147776000,30.1673152000,29.2838796800,29.9163392000,29.6352460800,4788399,141609313.2300,2.486800,1,0.948500,-157.839378,6.573284,6.493341,69.113613,0
2025-11-07,sh.688418,29.9263782400,30.7194624000,29.6352460800,30.2677056000,29.9163392000,7495304,225118812.7800,3.892600,1,1.174500,-159.693196,6.650487,6.569605,69.925350,0
2025-11-10,sh.688418,30.6391500800,31.2414924800,29.6151680000,29.9866124800,30.2677056000,7146872,215271329.0400,3.711600,1,-0.928700,-158.210142,6.588725,6.508593,69.275960,0
2025-11-11,sh.688418,29.7155584000,30.1673152000,29.1834892800,29.2336844800,29.9866124800,4680851,137599530.2300,2.430900,1,-2.510900,-154.237674,6.423290,6.345170,67.536524,0
2025-11-12,sh.688418,29.2336844800,29.4244262400,28.6213030400,29.2437235200,29.2336844800,4018449,115939402.9500,2.086900,1,0.034300,-154.290640,6.425496,6.347349,67.559716,0
2025-11-13,sh.688418,28.8220838400,29.7858316800,28.8220838400,29.2236454400,29.2437235200,5253010,152829830.1900,2.728100,1,-0.068700,-154.184708,6.421084,6.342991,67.513331,0
2025-11-14,sh.688418,29.3039577600,29.9163392000,28.6714982400,28.8722790400,29.2236454400,3724766,108537113.9000,1.934400,1,-1.202300,-152.330890,6.343881,6.266727,66.701594,0
2025-11-17,sh.688418,28.8823180800,30.3179008000,28.7216934400,30.0568857600,28.8722790400,8614030,255442832.9100,4.473600,1,4.102900,-158.580905,6.604165,6.523846,69.438308,0
2025-11-18,sh.688418,30.0669248000,30.0669248000,28.8120448000,28.9325132800,30.0568857600,4719166,137396790.0800,2.450800,1,-3.740800,-152.648687,6.357116,6.279801,66.840749,0
2025-11-19,sh.688418,29.0228646400,29.0931379200,27.8181798400,27.8583360000,28.9325132800,4821612,135350745.3000,2.504000,1,-3.712700,-146.981300,6.121095,6.046651,64.359153,0
2025-11-20,sh.688418,28.2498585600,28.3803660800,27.6274380800,28.2498585600,27.8583360000,2725559,76154254.5500,1.415500,1,1.405400,-149.046983,6.207121,6.131631,65.263660,0
2025-11-21,sh.688418,28.0490777600,28.1494681600,26.9849395200,26.9949785600,28.2498585600,4271995,116419184.9800,2.218600,1,-4.442100,-142.426204,5.931396,5.859259,62.364599,0
2025-11-24,sh.688418,27.5872819200,28.4104832000,26.8644710400,28.3000537600,26.9949785600,4074522,113217025.9400,2.116000,1,4.834500,-149.311814,6.218150,6.142526,65.379622,0
2025-11-25,sh.688418,28.5008345600,30.6090329600,28.1996633600,29.9063001600,28.3000537600,9031017,267268661.8700,4.690100,1,5.675800,-157.786412,6.571078,6.491162,69.090420,0
2025-11-26,sh.688418,30.4182912000,30.5387596800,29.1734502400,29.2236454400,29.9063001600,4439775,131174353.6500,2.305700,1,-2.282600,-154.184708,6.421084,6.342991,67.513331,0
2025-11-27,sh.688418,29.2738406400,30.5186816000,29.1132160000,30.4584473600,29.2236454400,7516411,225058432.2200,3.903500,1,4.225400,-160.699555,6.692397,6.611005,70.366007,0
2025-11-28,sh.688418,30.4584473600,31.0105945600,30.1371980800,30.9102041600,30.4584473600,6055082,184946904.0900,3.144600,1,1.483200,-163.083035,6.791658,6.709059,71.409669,0
2025-12-01,sh.688418,30.9704384000,31.8940300800,30.4684864000,30.5989939200,30.9102041600,5544403,171063930.6500,2.879400,1,-1.006800,-161.441082,6.723279,6.641511,70.690702,0
2025-12-02,sh.688418,30.1271590400,30.9704384000,29.9163392000,30.7897356800,30.5989939200,5007257,151883175.2100,2.600400,1,0.623400,-162.447440,6.765189,6.682911,71.131359,0
2025-12-03,sh.688418,30.7897356800,31.2615705600,30.0167296000,30.4885644800,30.7897356800,6627157,201737980.0700,3.441700,1,-0.978200,-160.858453,6.699015,6.617542,70.435585,0
2025-12-04,sh.688418,30.4182912000,31.3017267200,30.0368076800,30.6090329600,30.4885644800,5461956,166402015.9600,2.836600,1,0.395100,-161.494048,6.725484,6.643690,70.713895,0
2025-12-05,sh.688418,30.4283302400,32.8878950400,30.1974323200,32.8577779200,30.6090329600,14042382,446598353.7300,7.292700,1,7.346700,-173.358485,7.219584,7.131780,75.909012,0
2025-12-08,sh.688418,33.7512524800,36.0100364800,33.3195737600,35.1968742400,32.8577779200,21068727,734918096.2900,10.941700,1,7.118900,-185.699617,7.733535,7.639481,81.312861,0
2025-12-09,sh.688418,34.6346880000,35.6887872000,34.1728921600,34.7350784000,35.1968742400,11257032,391328813.8200,5.846100,1,-1.312000,-183.263170,7.632068,7.539248,80.246007,0
2025-12-10,sh.688418,35.0362496000,36.1706611200,34.4138291200,35.9598412800,34.7350784000,11667849,411801348.7100,6.059500,1,3.526000,-189.725051,7.901176,7.805083,83.075490,0
2025-12-11,sh.688418,36.1405440000,37.1344089600,35.7189043200,36.0301145600,35.9598412800,12040667,437107367.8300,6.253100,1,0.195400,-190.095815,7.916616,7.820335,83.237838,0
2025-12-12,sh.688418,35.7891776000,37.1745651200,35.3273817600,35.6787481600,36.0301145600,12382651,443266253.9600,6.430700,1,-0.975200,-188.241996,7.839413,7.744071,82.426101,0
2025-12-15,sh.688418,36.6726131200,42.8165056000,36.5019494400,41.3106496000,35.6787481600,29217772,1172520606.0600,15.173800,1,15.785000,-217.956054,9.076867,8.966475,95.437086,0
2025-12-16,sh.688418,41.6620160000,44.6737280000,40.7685414400,43.2481843200,41.3106496000,28810224,1230128964.3400,14.962100,1,4.690200,-228.178537,9.502587,9.387017,99.913236,0
2025-12-17,sh.688418,42.6759590400,45.4065779200,42.2643584000,43.4188480000,43.2481843200,23274788,1012671156.0900,12.087400,1,0.394600,-229.078963,9.540085,9.424060,100.307509,0
2025-12-18,sh.688418,43.1678720000,45.9788032000,42.1639680000,44.6737280000,43.4188480000,28719774,1262952165.6100,14.915100,1,2.890200,-235.699742,9.815810,9.696431,103.206570,0
2025-12-19,sh.688418,44.7239232000,47.1935270400,42.8968179200,43.4891212800,44.6737280000,23634493,1041987697.1900,12.274200,1,-2.651700,-229.449727,9.555526,9.439313,100.469856,0
2025-12-22,sh.688418,42.7663104000,42.7663104000,41.0195174400,41.4612352000,43.4891212800,18122638,755208933.3000,9.411700,1,-4.663000,-218.750547,9.109954,8.999160,95.784974,0
2025-12-23,sh.688418,41.6218598400,42.0334604800,37.9776883200,38.4997184000,41.4612352000,23768116,933429764.0100,12.343600,1,-7.142900,-203.125508,8.459243,8.356363,88.943190,0
2025-12-24,sh.688418,37.8572198400,39.9854963200,37.1745651200,39.4233100800,38.4997184000,15932866,618754183.4300,8.274500,1,2.399000,-207.998402,8.662177,8.556828,91.076899,0
2025-12-25,sh.688418,39.7646374400,43.4991603200,39.4534272000,41.7523673600,39.4233100800,21571901,892439607.4400,11.203000,1,5.907800,-220.286568,9.173923,9.062350,96.457556,0
2025-12-26,sh.688418,41.4913523200,44.8644697600,41.0295564800,43.8204096000,41.7523673600,21579695,921320198.3200,11.207100,1,4.953100,-231.197612,9.628317,9.511219,101.235208,0
2025-12-29,sh.688418,41.7322892800,43.5694336000,41.7322892800,43.0574425600,43.8204096000,13049808,554468593.5900,6.777200,1,-1.741100,-227.172179,9.460677,9.345617,99.472579,0
2025-12-30,sh.688418,42.1639680000,44.6134937600,42.0234214400,42.4249830400,43.0574425600,17536887,754378499.1400,9.107500,1,-1.468900,-223.835306,9.321711,9.208341,98.011452,0
2025-12-31,sh.688418,42.3446707200,44.5432204800,42.0535385600,43.6497459200,42.4249830400,16696755,719830949.1500,8.671200,1,2.886900,-230.297186,9.590819,9.474176,100.840936,0
2026-01-05,sh.688418,43.6497459200,44.0713856000,41.9631872000,42.9670912000,43.6497459200,16455965,706402044.9300,8.546100,1,-1.563900,-226.695482,9.440824,9.326006,99.263847,0
2026-01-06,sh.688418,42.4751782400,46.3803648000,41.3608448000,45.6173977600,42.9670912000,22656185,994985292.7700,11.766100,1,6.168200,-240.678568,10.023156,9.901255,105.386663,0
2026-01-07,sh.688418,45.1455628800,47.6352448000,42.8968179200,46.0089203200,45.6173977600,24966328,1127823290.7300,12.965800,1,0.858300,-242.744251,10.109182,9.986235,106.291170,0
2026-01-08,sh.688418,46.5309504000,50.6068006400,46.0591155200,47.9263769600,46.0089203200,25468412,1219269156.4100,13.226600,1,4.167600,-252.860802,10.530490,10.402419,110.720936,0
2026-01-09,sh.688418,49.6932480000,57.5136601600,48.3680947200,57.5136601600,47.9263769600,36046090,1952408014.6700,18.719900,1,20.004200,-303.443556,12.637029,12.483338,132.869761,0
2026-01-12,sh.688418,60.3848256000,68.9180096000,57.1823718400,64.4506368000,57.5136601600,35076183,2189310499.3300,18.216200,1,12.061400,-340.043224,14.161237,13.989009,148.895770,0
2026-01-13,sh.688418,62.1516966400,62.5231411200,54.2108160000,58.0959244800,64.4506368000,27102958,1573520388.8400,14.075500,1,-9.859800,-306.515597,12.764965,12.609719,134.214926,0
2026-01-14,sh.688418,59.2303360000,68.5666432000,57.6642457600,60.8566604800,58.0959244800,31654642,1961644297.0000,16.439300,1,4.752000,-321.081312,13.371560,13.208936,140.592860,0
2026-01-15,sh.688418,59.6921318400,62.7339609600,56.2186240000,57.5939724800,60.8566604800,22912685,1326540710.0400,11.899300,1,-5.361300,-303.867286,12.654675,12.500770,133.055301,0
2026-01-16,sh.688418,60.3346304000,64.6413785600,58.7283840000,61.0373632000,57.5939724800,23693401,1453156502.4800,12.304800,1,5.978700,-322.034704,13.411264,13.248158,141.010324,0
2026-01-19,sh.688418,59.9732249600,62.3424384000,57.5136601600,57.6943628800,61.0373632000,19700081,1171031669.3000,10.230900,1,-5.477000,-304.396948,12.676733,12.522560,133.287226,0
2026-01-20,sh.688418,58.0758464000,59.8025612800,51.9620710400,53.2370291200,57.6943628800,22707524,1239934815.4300,11.792800,1,-7.725800,-280.879940,11.697358,11.555096,122.989762,0
2026-01-21,sh.688418,52.8354675200,53.9899571200,50.7975424000,50.9983232000,53.2370291200,13564102,701368306.9100,7.044300,1,-4.205200,-269.068470,11.205464,11.069185,117.817837,0
2026-01-22,sh.688418,50.2453952000,52.2431641600,49.1611788800,51.5605094400,50.9983232000,18662020,947899234.7800,9.691800,1,1.102400,-272.034579,11.328989,11.191207,119.116616,0
2026-01-23,sh.688418,51.8014464000,55.9074137600,51.0083622400,54.6926899200,51.5605094400,25714111,1381182666.9300,13.354200,1,6.074800,-288.560044,12.017199,11.871047,126.352672,0
2026-01-26,sh.688418,53.1466777600,54.1907379200,47.3340736000,47.8862208000,54.6926899200,22556354,1118915114.6600,11.714300,1,-12.444900,-252.648937,10.521666,10.393703,110.628166,0
2026-01-27,sh.688418,47.6553228800,48.6090316800,45.7880614400,47.1132147200,47.8862208000,14950324,696877621.5100,7.764200,1,-1.614300,-248.570537,10.351820,10.225922,108.842344,0
2026-01-28,sh.688418,47.3340736000,48.1873920000,45.8081395200,46.7216921600,47.1132147200,10328578,480765578.8900,5.364000,1,-0.831000,-246.504854,10.265794,10.140942,107.937837,0
2026-01-29,sh.688418,46.3602867200,47.3842688000,45.1254848000,45.2660313600,46.7216921600,10753527,494250221.6100,5.584700,1,-3.115600,-238.824750,9.945953,9.824991,104.574926,0
2026-01-30,sh.688418,45.1857190400,45.8181785600,43.4590041600,44.2922444800,45.2660313600,11065480,486943397.2200,5.746700,1,-2.151300,-233.687025,9.731990,9.613630,102.325255,0
2026-02-02,sh.688418,44.2219712000,45.5772416000,43.6698240000,43.8404876800,44.2922444800,8731644,386573752.0600,4.534600,1,-1.019900,-231.303545,9.632729,9.515577,101.281593,0
2026-02-03,sh.688418,44.2922444800,46.3803648000,43.6899020800,45.7579443200,43.8404876800,11892758,538542587.6200,6.176300,1,4.373700,-241.420096,10.054037,9.931760,105.711358,0
2026-02-04,sh.688418,44.9548211200,46.5811456000,44.6235328000,45.6876710400,45.7579443200,8930250,405295387.5600,4.637800,1,-0.153600,-241.049332,10.038596,9.916508,105.549011,0
2026-02-05,sh.688418,44.7540403200,47.3842688000,44.5432204800,45.7177881600,45.6876710400,13477336,624765944.6300,6.999200,1,0.065900,-241.208231,10.045214,9.923045,105.618588,0
2026-02-06,sh.688418,45.1756800000,46.9124339200,44.2520883200,44.8343526400,45.7177881600,10101605,454297583.3900,5.246100,1,-1.932400,-236.547202,9.851103,9.731295,103.577649,0
2026-02-09,sh.688418,45.8382566400,46.0791936000,40.1661990400,40.4573312000,44.8343526400,26564477,1134192188.3700,13.795800,1,-9.762700,-213.453924,8.889374,8.781263,93.465725,0
2026-02-10,sh.688418,40.2565504000,41.7523673600,40.2565504000,41.2002201600,40.4573312000,19940154,815204872.8800,10.355600,1,1.836200,-217.373425,9.052604,8.942507,95.181969,0
2026-02-11,sh.688418,41.1701030400,42.7161152000,40.9492441600,41.3909619200,41.2002201600,10514848,438010168.2800,5.460700,1,0.463000,-218.379784,9.094514,8.983907,95.622626,0
2026-02-12,sh.688418,41.2303372800,42.0434995200,40.2665894400,40.3569408000,41.3909619200,8322412,337816236.1100,4.322100,1,-2.498200,-212.924262,8.867316,8.759473,93.233800,0
2026-02-13,sh.688418,40.3067456000,40.8488537600,39.9553792000,39.9754572800,40.3569408000,5842817,235140342.7500,3.034400,1,-0.945300,-210.911545,8.783496,8.676672,92.352485,0
2026-02-24,sh.688418,40.0156134400,40.5175654400,39.2626854400,40.0959257600,39.9754572800,6346064,252477740.1700,3.295700,1,0.301400,-211.547139,8.809966,8.702820,92.630795,0
2026-02-25,sh.688418,40.3569408000,40.6380339200,39.6642470400,40.5777996800,40.0959257600,6917358,276901433.8700,3.592400,1,1.201800,-214.089519,8.915844,8.807410,93.744035,0
2026-02-26,sh.688418,40.3569408000,41.4411571200,40.1561600000,41.0496345600,40.5777996800,8386498,341651965.4300,4.355400,1,1.162800,-216.578932,9.019517,8.909822,94.834082,0
2026-02-27,sh.688418,40.8488537600,44.1818150400,40.5075264000,43.1377548800,41.0496345600,13730607,586752798.4100,7.130800,1,5.086800,-227.595908,9.478323,9.363048,99.658119,0
2026-03-02,sh.688418,41.8929139200,43.9709952000,41.8929139200,42.3446707200,43.1377548800,12145206,516542769.5100,6.307400,1,-1.838500,-129.866838,9.304065,9.269756,97.825913,0
2026-03-03,sh.688418,41.9832652800,42.3747878400,38.2688204800,38.4696012800,42.3446707200,11644566,462532327.1100,6.047400,1,-9.151300,-117.982391,8.452626,8.421457,88.873612,0
2026-03-04,sh.688418,38.0981568000,39.5437785600,38.0981568000,38.5800307200,38.4696012800,5974088,231357333.6000,3.102500,1,0.287100,-118.321067,8.476890,8.445631,89.128730,0
2026-03-05,sh.688418,39.4835443200,40.4573312000,39.1622950400,39.6943641600,38.5800307200,6715725,265951623.5900,3.487700,1,2.888400,-121.738615,8.721734,8.689572,91.703096,0
2026-03-06,sh.688418,39.1622950400,42.7261542400,38.9514752000,41.4612352000,39.6943641600,8462573,347664038.2600,4.394900,1,4.451200,-127.157431,9.109954,9.076361,95.784974,0
2026-03-09,sh.688418,40.8086976000,43.0474035200,39.9654182400,42.7763494400,41.4612352000,10551726,436753316.4300,5.479900,1,3.171900,-131.190753,9.398914,9.364255,98.823189,0
2026-03-10,sh.688418,42.7361932800,43.8505267200,42.6759590400,43.1176768000,42.7763494400,7409073,318613574.0300,3.847800,1,0.797900,-132.237570,9.473911,9.438976,99.611734,0
2026-03-11,sh.688418,43.0574425600,44.0312294400,42.2944755200,42.3848268800,43.1176768000,6411020,275206956.3500,3.329500,1,-1.699700,-129.989993,9.312888,9.278547,97.918682,0
2026-03-12,sh.688418,41.8929139200,42.8064665600,41.5716646400,41.9431091200,42.3848268800,6162166,258276137.9900,3.200200,1,-1.042200,-128.635289,9.215833,9.181849,96.898213,0
2026-03-13,sh.688418,41.3608448000,42.0434995200,40.3067456000,40.3970969600,41.9431091200,5493325,223632513.2100,2.852900,1,-3.686000,-123.893826,8.876140,8.843409,93.326570,0
2026-03-16,sh.688418,40.9592832000,41.3206886400,40.0858867200,40.9693222400,40.3970969600,4752803,192532782.0800,2.468300,1,1.416500,-125.648783,9.001870,8.968676,94.648542,0
2026-03-17,sh.688418,41.2403763200,41.6620160000,39.5939737600,39.7144422400,40.9693222400,4394987,177198615.0200,2.282500,1,-3.063000,-121.800193,8.726145,8.693967,91.749481,0
2026-03-18,sh.688418,40.1561600000,42.6157248000,39.5437785600,42.4149440000,39.7144422400,6922727,283515294.5300,3.595200,1,6.799800,-130.082359,9.319505,9.285140,97.988260,0
2026-03-19,sh.688418,41.7122112000,42.1438899200,40.5978777600,40.8388147200,42.4149440000,5442318,223968323.7300,2.826400,1,-3.716000,-125.248530,8.973195,8.940106,94.347039,0
2026-03-20,sh.688418,40.9392051200,41.6620160000,39.1622950400,39.1622950400,40.8388147200,5028936,201748750.1900,2.611700,1,-4.105200,-120.106813,8.604826,8.573096,90.473894,0
2026-03-23,sh.688418,38.4495232000,40.3770188800,37.8572198400,38.0680396800,39.1622950400,7076157,276106666.8200,3.674900,1,-2.794200,-116.750842,8.364394,8.333550,87.945913,0
2026-03-24,sh.688418,39.1522560000,40.0055744000,37.4556582400,39.7746764800,38.0680396800,7428985,286143114.2100,3.858100,1,4.483100,-121.984925,8.739380,8.707153,91.888636,0
2026-03-25,sh.688418,40.0256524800,41.1399859200,39.8248716800,40.3368627200,39.7746764800,4532291,182733163.3700,2.353800,1,1.413400,-123.709093,8.862905,8.830223,93.187415,0
2026-03-26,sh.688418,40.7484633600,40.9693222400,38.7205772800,39.7244812800,40.3368627200,4935266,195387502.9600,2.563000,1,-1.518200,-121.830981,8.728351,8.696165,91.772673,0
2026-03-27,sh.688418,39.4634662400,42.3346316800,38.3491328000,41.5817036800,39.7244812800,6932284,281831401.1300,3.600200,1,4.675300,-127.526895,9.136424,9.102733,96.063283,0
2026-03-30,sh.688418,41.0195174400,42.6157248000,40.9994393600,41.9230310400,41.5817036800,7071094,294901997.2200,3.672300,1,0.820900,-128.573712,9.211421,9.177454,96.851828,0
2026-03-31,sh.688418,41.5214694400,43.0775206400,41.5214694400,41.5817036800,41.9230310400,7037315,295958261.5100,3.654700,1,-0.814200,-127.526895,9.136424,9.102733,96.063283,0
2026-04-01,sh.688418,42.3647488000,42.6659200000,40.8388147200,41.2403763200,41.5817036800,5116586,210984469.9200,2.657200,1,-0.820900,-126.480079,9.061427,9.028013,95.274739,0
2026-04-02,sh.688418,40.9793612800,41.4311180800,39.5538176000,39.8248716800,41.2403763200,4418875,177506837.6400,2.294900,1,-3.432300,-122.138869,8.750409,8.718142,92.004598,0
2026-04-03,sh.688418,40.1461209600,40.9492441600,39.1522560000,39.5538176000,39.8248716800,3944905,156728612.2300,2.048700,1,-0.680600,-121.307573,8.690852,8.658805,91.378401,0
2026-04-07,sh.688418,40.0356915200,40.0356915200,38.9715532800,39.2526464000,39.5538176000,2882775,113360152.7300,1.497100,1,-0.761400,-120.383911,8.624678,8.592875,90.682626,0
2026-04-08,sh.688418,40.4171750400,42.3245926400,40.3569408000,42.2442803200,39.2526464000,7656309,317691192.8000,3.976200,1,7.621500,-129.558951,9.282007,9.247779,97.593988,0
2026-04-09,sh.688418,42.0936947200,42.7462323200,41.1098688000,42.0535385600,42.2442803200,4811274,201287015.0100,2.498700,1,-0.451500,-128.973965,9.240097,9.206024,97.153330,0
2026-04-10,sh.688418,42.7663104000,43.1578329600,41.0195174400,41.0395955200,42.0535385600,5457276,227196302.1300,2.834100,1,-2.411100,-125.864304,9.017311,8.984059,94.810889,0
2026-04-13,sh.688418,41.1600640000,43.7601753600,40.7886195200,42.8767398400,41.0395955200,8934439,380628507.2700,4.640000,1,4.476500,-131.498641,9.420972,9.386232,99.055114,0
2026-04-14,sh.688418,43.1678720000,48.8499686400,42.5655296000,47.9866112000,42.8767398400,16544358,762908767.2800,8.592000,1,11.917600,-147.170101,10.543724,10.504844,110.860091,0
2026-04-15,sh.688418,48.8399296000,49.6932480000,47.0630195200,47.3842688000,47.9866112000,12867473,619380174.5600,6.682500,1,-1.255200,-145.322778,10.411376,10.372984,109.468541,0
2026-04-16,sh.688418,47.6653619200,48.0870016000,46.3803648000,47.7858304000,47.3842688000,8490613,399294296.1900,4.409500,1,0.847500,-146.554327,10.499608,10.460891,110.396241,0
2026-04-17,sh.688418,47.1935270400,48.4383680000,47.1834880000,47.8561036800,47.7858304000,7813491,373048358.2300,4.057800,1,0.147100,-146.769848,10.515049,10.476275,110.558588,0
2026-04-20,sh.688418,48.5789145600,50.0747315200,47.9062988800,49.6430528000,47.8561036800,12537947,614333203.5400,6.511400,1,3.734000,-152.250241,10.907681,10.867459,114.686851,0
2026-04-21,sh.688418,49.2214131200,51.3496896000,48.9704371200,51.1991040000,49.6430528000,10311545,518514358.2900,5.355100,1,3.134500,-157.022493,11.249580,11.208097,118.281687,0
2026-04-22,sh.688418,50.2554342400,52.0022272000,49.7032870400,51.0384793600,51.1991040000,10624842,535961852.8700,5.517800,1,-0.313700,-156.529873,11.214288,11.172935,117.910607,0
2026-04-23,sh.688418,50.5967616000,50.5967616000,46.7819264000,46.8722777600,51.0384793600,13136376,628071762.0300,6.822200,1,-8.162900,-143.752553,10.298881,10.260903,108.285724,0
2026-04-24,sh.688418,46.6313408000,46.6313408000,43.6296678400,45.1254848000,46.8722777600,11435018,510427721.9200,5.938600,1,-3.726700,-130.451315,9.957139,9.871060,-336.957899,0
2026-04-27,sh.688418,44.9046259200,45.3864998400,43.6698240000,44.8544307200,45.1254848000,6031059,268512842.1900,3.132100,1,-0.600700,-129.667736,9.897330,9.811768,-334.933903,0
2026-04-28,sh.688418,44.8544307200,45.0250944000,41.8326796800,41.9732262400,44.8544307200,8412830,359692081.0900,4.369100,1,-6.423500,-121.338587,9.261579,9.181514,-313.419572,0
2026-04-29,sh.688418,41.6318988800,43.3686528000,41.2604544000,42.6157248000,41.9732262400,5655933,239427673.9000,2.937300,1,1.530700,-123.195958,9.403349,9.322058,-318.217193,0
2026-04-30,sh.688418,42.1740070400,48.0769625600,42.1639680000,47.2136051200,42.6157248000,14252524,660679067.6400,7.401800,1,10.789200,-79.940906,11.086831,10.978650,159.417631,0
2026-05-06,sh.688418,47.4846592000,50.7071910400,47.4846592000,48.8600076800,47.2136051200,11101941,540720275.7300,5.765600,1,3.487100,-82.728554,11.473444,11.361491,164.976741,0
2026-05-07,sh.688418,49.0105932800,52.3234764800,48.8901248000,51.0083622400,48.8600076800,9569729,484578408.3100,4.969900,1,4.397000,-86.366095,11.977927,11.861051,172.230700,0
2026-05-08,sh.688418,50.3959808000,54.6926899200,50.3658636800,54.4115968000,51.0083622400,12708265,666651293.9900,6.599800,1,6.671900,-92.128368,12.777084,12.652410,183.721786,0
2026-05-11,sh.688418,54.0100352000,54.9035097600,52.5342963200,53.8192934400,54.4115968000,10340195,553498690.9200,5.370000,1,-1.088600,-91.125494,12.637997,12.514681,181.721863,0
2026-05-12,sh.688418,53.4076928000,54.0100352000,51.9018368000,52.8655846400,53.8192934400,7957257,418147826.4900,4.132500,1,-1.772100,-89.510698,12.414045,12.292913,178.501647,0
2026-05-13,sh.688418,52.3435545600,53.5080832000,51.7813683200,52.9659750400,52.8655846400,7118514,373078007.4100,3.696900,1,0.189900,-89.680677,12.437619,12.316257,178.840617,0
2026-05-14,sh.688418,52.9559360000,54.1806988800,52.0825395200,52.7752332800,52.9659750400,8552867,452243562.4900,4.441800,1,-0.360100,-89.357717,12.392828,12.271904,178.196574,0
2026-05-15,sh.688418,52.7852723200,53.2069120000,49.5225843200,50.3257075200,52.7752332800,8878948,452703015.4200,4.611100,1,-4.641400,-85.210241,11.817624,11.702312,169.925704,0
2026-05-18,sh.688418,50.4361369600,52.0223052800,49.4422720000,50.6168396800,50.3257075200,6772184,342107253.3100,3.517000,1,0.578500,-85.703179,11.885988,11.770009,170.908717,0
2026-05-19,sh.688418,50.4562150400,51.1991040000,48.8399296000,50.3859417600,50.6168396800,5060545,251641918.5000,2.628100,1,-0.456200,-85.312228,11.831768,11.716318,170.129086,0
2026-05-20,sh.688418,50.6469568000,51.7813683200,49.4924672000,51.3095334400,50.3859417600,6146372,310253578.6000,3.192000,1,1.833000,-86.876031,12.048648,11.931082,173.247611,0
2026-05-21,sh.688418,51.1991040000,53.7088640000,48.7796953600,48.9905152000,51.3095334400,8459461,435248278.8700,4.393300,1,-4.519700,-82.949526,11.504090,11.391838,165.417402,0
2026-05-22,sh.688418,50.5264883200,51.6508608000,49.2214131200,50.0847705600,48.9905152000,5597804,280699139.0800,2.907100,1,2.233600,-84.802293,11.761046,11.646286,169.112176,0
2026-05-25,sh.688418,51.0886745600,52.5041792000,48.6692659200,52.0825395200,50.0847705600,6601728,332525456.3100,3.428500,1,3.988800,-88.184865,12.230168,12.110831,175.857680,0
2026-05-26,sh.688418,51.5705484800,52.2532032000,48.8901248000,51.8215244800,52.0825395200,7525972,380704147.4300,3.908500,1,-0.501200,-87.742921,12.168876,12.050136,174.976358,0
2026-05-27,sh.688418,52.3033984000,52.8053504000,49.3719987200,49.7133260800,51.8215244800,6871030,346815953.1100,3.568400,1,-4.068200,-84.173372,11.673823,11.559914,167.857986,0
2026-05-28,sh.688418,49.6229747200,53.8594496000,49.1511398400,53.1567168000,49.7133260800,9443225,484988008.8700,4.904200,1,6.926500,-90.003636,12.482409,12.360611,179.484660,0
2026-05-29,sh.688418,53.2069120000,54.0903475200,47.5649715200,47.6854400000,53.1567168000,10934530,545011045.1300,5.678700,1,-10.292700,-80.739805,11.197629,11.088367,161.010791,0
2026-06-01,sh.688418,48.3379776000,48.8499686400,46.0490764800,46.0791936000,47.6854400000,5148413,242138732.4300,2.673700,1,-3.368400,-78.020149,10.820445,10.714864,155.587269,0
2026-06-02,sh.688418,45.6274368000,46.8923558400,44.1717760000,44.5733376000,46.0791936000,5310310,238346868.7800,2.757800,1,-3.268000,-75.470471,10.466836,10.364705,150.502718,0
2026-06-03,sh.688418,44.9849382400,48.0870016000,44.0011123200,46.1293888000,44.5733376000,5778748,265816292.7400,3.001100,1,3.491000,-78.105138,10.832232,10.726536,155.756754,0
2026-06-04,sh.688418,45.8081395200,46.8521996800,44.9748992000,45.3162265600,46.1293888000,3453095,156505878.1400,1.793300,1,-1.762800,-76.728312,10.641283,10.537450,153.011097,0
2026-06-05,sh.688418,45.8081395200,47.9866112000,44.7038451200,46.7417702400,45.3162265600,6174686,286933377.9200,3.206700,1,3.145800,-79.142007,10.976033,10.868934,157.824472,0
2026-06-08,sh.688418,45.1556019200,46.3703257600,42.1940851200,43.1477939200,46.7417702400,6402743,282180031.5000,3.325200,1,-7.689000,-73.056776,10.132086,10.033221,145.689343,0
2026-06-09,sh.688418,43.6698240000,44.1516979200,41.8226406400,43.8605657600,43.1477939200,5496102,235641117.9000,2.854300,1,1.651900,-74.263623,10.299461,10.198963,148.096030,0
2026-06-10,sh.688418,43.7501363200,44.1516979200,41.4913523200,42.6358028800,43.8605657600,4878387,206660131.5000,2.533500,1,-2.792400,-72.189885,10.011859,9.914167,143.960595,0
2026-06-11,sh.688418,42.4751782400,42.7562713600,40.9191270400,41.4311180800,42.6358028800,5402387,223606976.2200,2.805600,1,-2.825500,-70.150143,9.728971,9.634040,139.892954,0
2026-06-12,sh.688418,42.1740070400,44.7741184000,41.8226406400,43.8806438400,41.4311180800,6058790,263452205.4800,3.146500,1,5.912300,-74.297619,10.304176,10.203632,148.163824,0
2026-06-15,sh.688418,44.1717760000,45.5772416000,43.5694336000,44.5934156800,43.8806438400,4415455,195359897.8300,2.293100,1,1.624300,-75.504467,10.471551,10.369374,150.570512,0
2026-06-16,sh.688418,45.1756800000,46.7718873600,43.9709952000,46.1795840000,44.5934156800,5615556,256146683.1600,2.916300,1,3.557000,-78.190127,10.844019,10.738208,155.926239,0
2026-06-17,sh.688418,46.4305600000,47.1834880000,45.4969292800,45.8984908800,46.1795840000,4064748,187389606.2900,2.111000,1,-0.608700,-77.714188,10.778012,10.672845,154.977123,0
2026-06-18,sh.688418,45.4467340800,47.7858304000,45.2961484800,46.3201305600,45.8984908800,4601283,213031038.0200,2.389600,1,0.918600,-78.428097,10.877023,10.770889,156.400797,0
2026-06-22,sh.688418,46.8220825600,48.1873920000,42.9470131200,43.8304486400,46.3201305600,5946671,264028958.6400,3.088300,1,-5.374900,-74.212630,10.292389,10.191960,147.994339,0
2026-06-23,sh.688418,42.9670912000,47.4846592000,42.5655296000,46.1795840000,43.8304486400,7948456,360283766.7800,4.127900,1,5.359600,-78.190127,10.844019,10.738208,155.926239,0
2026-06-24,sh.688418,46.6815360000,46.8020044800,44.3725568000,46.6815360000,46.1795840000,5187097,236776298.0800,2.693800,1,1.087000,-79.040020,10.961889,10.854927,157.621090,0
2026-06-25,sh.688418,46.8220825600,47.9364160000,43.9709952000,44.5131033600,46.6815360000,6051664,273994092.4900,3.142800,1,-4.645200,-75.368484,10.452692,10.350698,150.299336,0
2026-06-26,sh.688418,44.0613465600,47.0529804800,43.0474035200,44.9748992000,44.5131033600,6284584,285300402.5600,3.263800,1,1.037400,-76.150385,10.561132,10.458080,151.858598,0
2026-06-29,sh.688418,45.6776320000,46.5108723200,44.0814246400,45.3764608000,44.9748992000,6092971,274050761.1300,3.164300,1,0.892900,-76.830299,10.655428,10.551456,153.214479,0
2026-06-30,sh.688418,45.7780224000,48.4885632000,45.2861094400,48.2677043200,45.3764608000,8798696,414220661.6100,4.569500,1,6.371700,-81.725681,11.334358,11.223761,162.976817,0
2026-07-01,sh.688418,48.1873920000,50.4060198400,47.3742297600,49.5326233600,48.2677043200,7699434,378375585.7700,3.998600,1,2.620600,-83.867411,11.631389,11.517895,167.247840,0
2026-07-02,sh.688418,50.1952000000,52.3837107200,47.8159475200,50.0948096000,49.5326233600,9831697,496697195.6200,5.105900,1,1.135000,-84.819290,11.763404,11.648621,169.146073,0
2026-07-03,sh.688418,50.0948096000,52.8856627200,49.9040678400,52.3033984000,50.0948096000,9125527,466154680.2800,4.739200,1,4.408800,-88.558818,12.282031,12.162187,176.603415,0
2026-07-06,sh.688418,53.9096448000,56.0780774400,51.1991040000,52.3435545600,52.3033984000,10592771,562703653.4300,5.501200,1,0.076800,-88.626810,12.291460,12.171525,176.739003,0
2026-07-07,sh.688418,51.9118758400,51.9118758400,46.9124339200,46.9626291200,52.3435545600,7137168,348989989.5100,3.706600,1,-10.280000,-79.515960,11.027896,10.920290,158.570206,0
2026-07-08,sh.688418,47.0931366400,47.5750105600,44.7540403200,45.2459532800,46.9626291200,4707788,215764781.0100,2.444900,1,-3.655400,-76.609327,10.624782,10.521109,152.773818,0
2026-07-09,sh.688418,45.2359142400,47.3742297600,43.8204096000,47.0931366400,45.2459532800,4059143,183964797.8900,2.108000,1,4.082500,-79.736932,11.058542,10.950637,159.010867,0
2026-07-10,sh.688418,47.0830976000,52.1327347200,46.0490764800,49.1912960000,47.0931366400,9339905,457751136.8300,4.850500,1,4.455300,-83.289484,11.551238,11.438526,166.095342,0
2026-07-13,sh.688418,48.5989926400,48.5989926400,42.6960371200,43.0574425600,49.1912960000,7262313,324126090.7600,3.771600,1,-12.469400,-72.903795,10.110869,10.012211,145.384270,0
2026-07-14,sh.688418,42.3948659200,43.0574425600,39.4233100800,40.6480729600,43.0574425600,6086277,246805077.7000,3.160800,1,-5.595700,-68.824310,9.545094,9.451957,137.248988,0
2026-07-15,sh.688418,41.5616256000,41.5716646400,39.3530368000,40.1160038400,40.6480729600,2880602,115892529.3000,1.496000,1,-1.309000,-67.923424,9.420152,9.328234,135.452446,0
2026-07-16,sh.688418,39.4032320000,39.8549888000,36.7027302400,36.8432768000,40.1160038400,4538934,173342044.1100,2.357200,1,-8.158200,-62.382123,8.651642,8.567222,124.402021,0
2026-07-17,sh.688418,36.5320665600,37.5058534400,32.6168409600,32.9581683200,36.8432768000,5881342,201901366.0600,3.054400,1,-10.545000,-55.803954,7.739329,7.663812,111.283879,0
2026-07-20,sh.688418,33.3998860800,34.4740633600,30.3179008000,31.2214144000,32.9581683200,6520468,210310960.5100,3.386300,1,-5.269600,-52.863325,7.331500,7.259962,105.419697,0
2026-07-21,sh.688418,31.2916876800,34.0122675200,27.4567744000,33.7512524800,31.2214144000,8472885,260986603.5300,4.400200,1,8.102900,-57.146784,7.925564,7.848229,113.961743,0
2026-07-22,sh.688418,33.4902374400,33.9319552000,32.1851622400,32.2955916800,33.7512524800,4156392,137199173.1100,2.158600,1,-4.312900,-54.682096,7.583741,7.509742,109.046677,0
2026-07-23,sh.688418,32.4662553600,33.1388710400,32.0245376000,32.7272704000,32.2955916800,3326494,107778281.9600,1.727600,1,1.336600,-55.413003,7.685109,7.610121,110.504248,0
2026-07-24,sh.688418,32.2353574400,34.9057420800,31.8739520000,34.6748441600,32.7272704000,5461376,181361912.8000,2.836300,1,5.950900,-58.710587,8.142444,8.062993,117.080268,0
2026-07-27,sh.688418,34.3335168000,36.1405440000,33.9118771200,35.4378112000,34.6748441600,4045840,141513188.1700,2.101100,1,2.200300,-60.002424,8.321606,8.240407,119.656440,0
2026-07-28,sh.688418,36.1204659200,36.8934720000,34.3535948800,34.4439462400,35.4378112000,3866518,138093203.3900,2.008000,1,-2.804500,-58.319636,8.088224,8.009302,116.300636,0
2026-07-29,sh.688418,34.4138291200,34.8254297600,33.0284416000,33.8717209600,34.4439462400,3017360,101785616.6300,1.567000,1,-1.661300,-57.350759,7.953852,7.876242,114.368507,0
2026-07-30,sh.688418,34.1427750400,34.1427750400,29.5549337600,29.5549337600,33.8717209600,5121945,160331146.6800,2.660000,1,-12.744500,-50.041682,6.940172,6.872453,99.792793,0
2026-07-31,sh.688418,30.7495795200,32.1851622400,30.7495795200,31.2214144000,29.5549337600,5689998,178242716.3100,2.955000,1,5.638600,-52.863325,7.331500,7.259962,105.419697,0
2026-08-03,sh.688418,31.1310630400,32.6369190400,30.9804774400,31.7032883200,31.2214144000,4781384,151811502.8700,2.483100,1,1.543400,-53.679222,7.444655,7.372013,107.046753,0
2026-08-04,sh.688418,32.1249280000,36.1405440000,31.8337958400,35.5683187200,31.7032883200,6112722,209510074.3000,3.174500,1,12.191300,-60.223396,8.352252,8.270754,120.097101,0
2026-08-05,sh.688418,35.5382016000,36.9938624000,35.1366400000,36.6224179200,35.5683187200,5024584,181235695.8000,2.609400,1,2.963600,-62.008171,8.599779,8.515866,123.656287,0
2026-08-06,sh.688418,36.4417152000,38.2085862400,35.9999974400,37.1243699200,36.6224179200,4011076,148752705.1900,2.083100,1,1.370600,-62.858063,8.717649,8.632585,125.351138,0
2026-08-07,sh.688418,37.1444480000,37.9977664000,36.5119884800,37.8873369600,37.1243699200,3129860,116708218.3000,1.625400,1,2.055200,-64.149900,8.896811,8.809999,127.927310,0
2026-08-10,sh.688418,37.9174540800,37.9475712000,35.2069132800,36.5220275200,37.8873369600,6716560,241312337.7000,3.488100,1,-3.603600,-61.838192,8.576205,8.492522,123.317317,0
2026-08-11,sh.688418,35.3374208000,38.7908505600,35.0262105600,38.2186252800,36.5220275200,6987108,258382238.3900,3.628600,1,4.645400,-64.710829,8.974605,8.887034,129.045912,0
2026-08-12,sh.688418,38.5499136000,39.1522560000,37.5660876800,38.4595622400,38.2186252800,4413249,167762116.0100,2.291900,1,0.630400,-65.118778,9.031182,8.943059,129.859440,0
2026-08-13,sh.688418,38.4294451200,39.0418265600,36.8031206400,36.8633548800,38.4595622400,3196220,120559676.1700,1.659900,1,-4.150400,-62.416119,8.656356,8.571891,124.469815,0
2026-08-14,sh.688418,37.0540966400,37.7869465600,35.8996070400,36.9838233600,36.8633548800,3979483,145899782.8800,2.066700,1,0.326800,-62.620093,8.684645,8.599904,124.876580,0
2026-08-17,sh.688418,37.6464000000,37.6464000000,36.1606220800,37.0039014400,36.9838233600,4723853,172350840.4000,2.453300,1,0.054300,-62.654089,8.689360,8.604572,124.944374,0
2026-08-18,sh.688418,36.9637452800,37.9576102400,36.5923008000,37.4958144000,37.0039014400,4092343,152047971.4500,2.125300,1,1.329400,-63.486984,8.804872,8.718958,126.605327,0
2026-08-19,sh.688418,38.5298355200,39.0518656000,32.8376998400,33.0886758400,37.4958144000,9429628,324902770.3500,4.897100,1,-11.753700,-56.024926,7.769976,7.694159,111.724540,0
2026-08-20,sh.688418,33.1288320000,33.7412134400,32.3257088000,32.7373094400,33.0886758400,4492217,147616012.8100,2.333000,1,-1.061900,-55.430001,7.687467,7.612455,110.538145,0
2026-08-21,sh.688418,32.5566067200,33.2292224000,32.0847718400,32.9380902400,32.7373094400,2474045,81011130.7700,1.284900,1,0.613300,-55.769958,7.734615,7.659143,111.216085,0
2026-08-24,sh.688418,33.0284416000,33.0284416000,31.4221952000,32.2453964800,32.9380902400,3957271,126136925.0000,2.055100,1,-2.103000,-54.597106,7.571954,7.498070,108.877191,0
2026-08-25,sh.688418,32.1249280000,32.6268800000,30.8198528000,32.3658649600,32.2453964800,3535740,111923737.7300,1.836200,1,0.373600,-41.553426,8.487313,7.955643,-46.726410,0
