date,code,open,high,low,close,preclose,volume,amount,turn,tradestatus,pctChg,peTTM,pbMRQ,psTTM,pcfNcfTTM,isST
2017-04-17,sz.300604,11.9300000000,14.3100000000,11.9300000000,14.3100000000,9.9400000000,3900,55452.0000,0.020472,1,43.963790,25.560374,4.998143,8.349795,-37.038653,0
2017-04-18,sz.300604,15.7400000000,15.7400000000,15.7400000000,15.7400000000,14.3100000000,1000,15740.0000,0.005249,1,9.993007,28.114625,5.497608,9.184191,-40.739930,0
2017-04-19,sz.300604,17.3100000000,17.3100000000,17.3100000000,17.3100000000,15.7400000000,3064,53037.0000,0.016084,1,9.974586,30.918943,6.045971,10.100276,-44.803570,0
2017-04-20,sz.300604,19.0400000000,19.0400000000,19.0400000000,19.0400000000,17.3100000000,2400,45696.0000,0.012598,1,9.994232,34.009051,6.650219,11.109721,-49.281338,0
2017-04-21,sz.300604,20.9400000000,20.9400000000,20.9400000000,20.9400000000,19.0400000000,4500,94230.0000,0.023622,1,9.978989,37.402811,7.313844,12.218359,-54.199119,0
2017-04-24,sz.300604,23.0300000000,23.0300000000,23.0300000000,23.0300000000,20.9400000000,11400,262542.0000,0.059843,1,9.980898,41.135948,8.043831,13.437861,-59.608678,0
2017-04-25,sz.300604,25.3300000000,25.3300000000,25.3300000000,25.3300000000,23.0300000000,8961,226982.0000,0.047039,1,9.986970,45.244184,8.847167,14.779896,-65.561780,0
2017-04-26,sz.300604,27.8600000000,27.8600000000,27.8600000000,27.8600000000,25.3300000000,8600,239596.0000,0.045144,1,9.988159,49.763244,9.730835,16.256135,-72.110194,0
2017-04-27,sz.300604,30.6500000000,30.6500000000,30.6500000000,30.6500000000,27.8600000000,71400,2188410.0000,0.374803,1,10.014350,54.746713,10.705316,17.884083,-79.331566,0
2017-04-28,sz.300604,33.7200000000,33.7200000000,33.7200000000,33.7200000000,30.6500000000,51874,1749191.0000,0.272304,1,10.016320,60.230315,11.777594,19.675408,-87.277664,0
2017-05-02,sz.300604,37.0900000000,37.0900000000,37.0900000000,37.0900000000,33.7200000000,30220,1120859.0000,0.158635,1,9.994065,66.249774,12.954655,21.641782,-96.000254,0
2017-05-03,sz.300604,40.8000000000,40.8000000000,40.8000000000,40.8000000000,37.0900000000,79000,3223200.0000,0.414698,1,10.002690,72.876538,14.250470,23.806544,-105.602868,0
2017-05-04,sz.300604,44.8800000000,44.8800000000,42.8100000000,44.8800000000,40.8000000000,11649180,515928320.0000,61.150551,1,10.000000,80.164191,15.675517,26.187198,-116.163155,0
2017-05-05,sz.300604,44.1200000000,49.3700000000,43.5800000000,46.5000000000,44.8800000000,11521480,543760608.0000,60.480210,1,3.609623,83.057819,16.241344,27.132458,-120.356210,0
2017-05-08,sz.300604,48.4000000000,49.8000000000,44.5800000000,45.0000000000,46.5000000000,7691663,364572176.0000,40.376184,1,-3.225806,80.378534,15.717430,26.257218,-116.473751,0
2017-05-09,sz.300604,44.0000000000,48.3500000000,44.0000000000,47.2200000000,45.0000000000,6227639,289263584.0000,32.691018,1,4.933336,84.343875,16.492823,27.552574,-122.219790,0
2017-05-10,sz.300604,47.2100000000,51.8700000000,46.4400000000,48.4800000000,47.2200000000,8269905,399884160.0000,43.411575,1,2.668357,86.594474,16.932911,28.287776,-125.481055,0
2017-05-11,sz.300604,50.9900000000,53.3300000000,50.0800000000,53.3300000000,48.4800000000,8961489,469279664.0000,47.041937,1,10.004130,95.257494,18.626901,31.117720,-138.034337,0
2017-05-12,sz.300604,51.5000000000,54.3000000000,50.0900000000,54.3000000000,53.3300000000,8216497,426745248.0000,43.131218,1,1.818859,96.990098,18.965699,31.683709,-140.544993,0
2017-05-15,sz.300604,54.8200000000,56.3600000000,52.0100000000,52.1800000000,54.3000000000,7375001,397421968.0000,38.713916,1,-3.904234,93.203376,18.225233,30.446703,-135.057785,0
2017-05-16,sz.300604,49.4000000000,51.0000000000,47.5200000000,50.6800000000,52.1800000000,7023918,346934800.0000,36.870961,1,-2.874665,90.524091,17.701319,29.571462,-131.175327,0
2017-05-17,sz.300604,49.4700000000,50.4500000000,48.4200000000,48.4200000000,50.6800000000,4967355,244934517.0000,26.075354,1,-4.459357,86.487303,16.911955,28.252766,-125.325756,0
2017-05-18,sz.300604,47.5400000000,49.3600000000,45.3400000000,45.9900000000,48.4200000000,4778799,225589542.0000,25.085559,1,-5.018580,82.146862,16.063213,26.834876,-119.036174,0
2017-05-19,sz.300604,45.7100000000,46.6000000000,44.5300000000,45.0000000000,45.9900000000,2875555,130773785.0000,15.094777,1,-2.152645,80.378534,15.717430,26.257218,-116.473751,0
2017-05-22,sz.300604,44.6400000000,45.4000000000,41.5000000000,41.9900000000,45.0000000000,4203635,182190035.0000,22.066325,1,-6.688885,75.002103,14.666108,24.500902,-108.682952,0
2017-05-23,sz.300604,41.6000000000,42.6000000000,39.5000000000,40.4900000000,41.9900000000,4215584,174691549.0000,22.129050,1,-3.572279,72.322819,14.142194,23.625661,-104.800493,0
2017-05-24,sz.300604,40.1900000000,42.8700000000,40.0900000000,42.3000000000,40.4900000000,3570237,148761745.0000,18.741402,1,4.470233,75.555822,14.774384,24.681785,-109.485326,0
2017-05-25,sz.300604,42.0400000000,42.0400000000,40.0200000000,41.5400000000,42.3000000000,2309731,95001351.0000,12.124572,1,-1.796686,74.198318,14.508934,24.238329,-107.518214,0
2017-05-26,sz.300604,42.1000000000,43.2900000000,41.9500000000,42.2500000000,41.5400000000,2378028,101467842.0000,12.483087,1,1.709194,75.466513,14.756920,24.652610,-109.355911,0
2017-05-31,sz.300604,44.5000000000,46.4800000000,42.6600000000,42.8900000000,42.2500000000,5480912,248233809.0000,28.771192,1,1.514791,76.609674,14.980457,25.026046,-111.012427,0
2017-06-01,sz.300604,41.5000000000,42.7900000000,38.6000000000,38.6000000000,42.8900000000,3936771,158657565.0000,20.665465,1,-10.002330,68.946920,13.482062,22.522858,-99.908596,0
2017-06-02,sz.300604,37.9000000000,39.4800000000,36.4500000000,38.6500000000,38.6000000000,2820510,106766315.0000,14.805827,1,0.129542,69.036230,13.499526,22.552033,-100.038011,0
2017-06-05,sz.300604,39.6000000000,40.2800000000,38.8800000000,39.1400000000,38.6500000000,2033121,80510770.0000,10.672551,1,1.267782,69.911463,13.670671,22.837944,-101.306281,0
2017-06-06,sz.300604,39.0000000000,39.0000000000,37.1000000000,38.0000000000,39.1400000000,1518485,57867682.0000,7.971050,1,-2.912620,67.875207,13.272496,22.172762,-98.355612,0
2017-06-07,sz.300604,38.2300000000,40.0000000000,38.0500000000,39.9000000000,38.0000000000,2617933,103180790.0000,13.742430,1,5.000004,71.268967,13.936121,23.281400,-103.273393,0
2017-06-08,sz.300604,39.8000000000,39.9900000000,38.6800000000,38.8700000000,39.9000000000,1904851,74911538.0000,9.999218,1,-2.581460,69.429192,13.576367,22.680401,-100.607438,0
2017-06-09,sz.300604,38.6100000000,38.9900000000,37.8200000000,38.9900000000,38.8700000000,1646393,63068664.0000,8.642483,1,0.308729,69.643534,13.618280,22.750420,-100.918035,0
2017-06-12,sz.300604,38.0000000000,38.3700000000,35.3000000000,36.0100000000,38.9900000000,2690910,99266742.0000,14.125512,1,-7.642993,64.320689,12.577437,21.011609,-93.204884,0
2017-06-13,sz.300604,35.8200000000,37.1900000000,35.5300000000,36.9200000000,36.0100000000,1878284,68739548.0000,9.859759,1,2.527076,65.946122,12.895278,21.542588,-95.560242,0
2017-06-14,sz.300604,36.9200000000,36.9200000000,35.9000000000,36.3600000000,36.9200000000,1309900,47627504.0000,6.876115,1,-1.516786,64.945856,12.699683,21.215832,-94.110791,0
2017-06-15,sz.300604,36.3600000000,38.4700000000,36.1000000000,38.1000000000,36.3600000000,2315578,87583412.0000,12.155265,1,4.785472,68.053826,13.307424,22.231111,-98.614443,0
2017-06-16,sz.300604,38.0000000000,38.1500000000,37.5000000000,37.9300000000,38.1000000000,1019474,38566992.0000,5.351570,1,-0.446189,67.750173,13.248047,22.131917,-98.174431,0
2017-06-19,sz.300604,38.1900000000,39.0800000000,37.9300000000,38.0500000000,37.9300000000,1297031,49863055.0000,6.808562,1,0.316369,67.964516,13.289960,22.201936,-98.485028,0
2017-06-20,sz.300604,37.9000000000,38.4800000000,37.8500000000,38.0200000000,38.0500000000,1115613,42457037.0000,5.856236,1,-0.078840,67.910930,13.279482,22.184431,-98.407378,0
2017-06-21,sz.300604,37.8500000000,38.3500000000,37.4300000000,37.5600000000,38.0200000000,1096867,41425772.0000,5.757832,1,-1.209887,67.089283,13.118815,21.916024,-97.216758,0
2017-06-22,sz.300604,37.2000000000,37.7500000000,35.0000000000,35.9000000000,37.5600000000,1514122,55462843.0000,7.948147,1,-4.419595,64.124208,12.539016,20.947425,-92.920171,0
2017-06-23,sz.300604,36.5000000000,36.5000000000,34.7200000000,35.5600000000,35.9000000000,1093745,38642390.0000,5.741444,1,-0.947076,63.516904,12.420262,20.749037,-92.040147,0
2017-06-26,sz.300604,35.5000000000,36.2000000000,35.2100000000,36.0000000000,35.5600000000,603650,21575323.0000,3.168766,1,1.237341,64.302827,12.573944,21.005774,-93.179001,0
2017-06-27,sz.300604,36.2400000000,37.4600000000,36.0300000000,37.0500000000,36.0000000000,1444783,53423501.0000,7.584163,1,2.916665,66.178326,12.940684,21.618443,-95.896722,0
2017-06-28,sz.300604,36.8000000000,36.8900000000,36.1900000000,36.3100000000,37.0500000000,676137,24630896.0000,3.549276,1,-1.997295,64.856546,12.682220,21.186657,-93.981376,0
2017-06-29,sz.300604,36.5000000000,36.7900000000,36.2800000000,36.3900000000,36.3100000000,436653,15936894.0000,2.292142,1,0.220320,64.999441,12.710162,21.233337,-94.188440,0
2017-06-30,sz.300604,36.4000000000,37.8800000000,36.1500000000,37.1500000000,36.3900000000,1693756,63252735.0000,8.891108,1,2.088492,66.356945,12.975612,21.676792,-96.155553,0
2017-07-03,sz.300604,37.0000000000,39.8900000000,36.8900000000,39.4000000000,37.1500000000,2513815,97487662.0000,13.195879,1,6.056528,70.375872,13.761483,22.989653,-101.979240,0
2017-07-04,sz.300604,39.2100000000,40.3000000000,39.0000000000,39.6500000000,39.4000000000,1864410,73832831.0000,9.786929,1,0.634518,70.822419,13.848802,23.135526,-102.626316,0
2017-07-05,sz.300604,39.3300000000,39.9800000000,39.0000000000,39.8100000000,39.6500000000,1539626,60932543.0000,8.082026,1,0.403531,71.108210,13.904686,23.228885,-103.040445,0
2017-07-06,sz.300604,39.9400000000,41.4300000000,39.5600000000,40.7000000000,39.8100000000,2365026,95906976.0000,12.414835,1,2.235617,72.697919,14.215542,23.748195,-105.344037,0
2017-07-07,sz.300604,40.3900000000,44.5000000000,40.0400000000,42.1000000000,40.7000000000,2265549,95682435.0000,11.892646,1,3.439798,75.198584,14.704529,24.565086,-108.967665,0
2017-07-10,sz.300604,41.3300000000,41.6100000000,38.7800000000,38.8400000000,42.1000000000,2381682,94827085.0000,12.502268,1,-7.743464,69.375606,13.565888,22.662896,-100.529789,0
2017-07-11,sz.300604,38.8000000000,39.8000000000,38.1700000000,38.3600000000,38.8400000000,1021199,39774934.0000,5.360625,1,-1.235838,68.518235,13.398236,22.382819,-99.287402,0
2017-07-12,sz.300604,38.3900000000,39.4000000000,37.1000000000,39.2000000000,38.3600000000,1188000,45296099.0000,6.236220,1,2.189781,70.018634,13.691628,22.872954,-101.461579,0
2017-07-13,sz.300604,38.8200000000,39.0400000000,37.5100000000,37.7700000000,39.2000000000,977605,37267097.0000,5.131785,1,-3.647960,67.464383,13.192163,22.038558,-97.760302,0
2017-07-14,sz.300604,37.0000000000,37.2000000000,35.3500000000,36.1500000000,37.7700000000,1801564,65050924.0000,9.457029,1,-4.289115,64.570756,12.626335,21.093298,-93.567247,0
2017-07-17,sz.300604,35.2400000000,35.5800000000,32.5400000000,32.5400000000,36.1500000000,1679174,55788792.0000,8.814562,1,-9.986170,58.122611,11.365448,18.986886,-84.223464,0
2017-07-18,sz.300604,32.0000000000,32.3000000000,30.6900000000,31.4900000000,32.5400000000,1620100,50696627.0000,8.504462,1,-3.226801,56.247112,10.998708,18.374217,-81.505743,0
2017-07-19,sz.300604,31.2600000000,31.4200000000,30.0000000000,31.2800000000,31.4900000000,1378000,42333229.0000,7.233596,1,-0.666875,55.872012,10.925360,18.251684,-80.962199,0
2017-07-20,sz.300604,30.9900000000,31.9900000000,30.9900000000,31.2400000000,31.2800000000,1117667,35239502.0000,5.867018,1,-0.127880,55.800565,10.911389,18.228344,-80.858667,0
2017-07-21,sz.300604,31.2300000000,31.7000000000,30.6600000000,30.9500000000,31.2400000000,741600,23107035.0000,3.892913,1,-0.928294,55.282570,10.810099,18.059131,-80.108058,0
2017-07-24,sz.300604,30.0100000000,31.6200000000,30.0100000000,31.3600000000,30.9500000000,802128,24631611.0000,4.210646,1,1.324717,56.014907,10.953302,18.298363,-81.169263,0
2017-07-25,sz.300604,31.4900000000,32.1900000000,31.1400000000,31.7400000000,31.3600000000,799400,25365729.0000,4.196325,1,1.211732,56.693659,11.086027,18.520091,-82.152819,0
2017-07-26,sz.300604,31.7900000000,31.9800000000,30.3000000000,31.5000000000,31.7400000000,859800,26999497.0000,4.513386,1,-0.756143,56.264974,11.002201,18.380052,-81.531626,0
2017-07-27,sz.300604,31.4000000000,33.1000000000,30.9100000000,33.0400000000,31.5000000000,1398066,45472475.0000,7.338929,1,4.888892,59.015706,11.540086,19.278633,-85.517617,0
2017-07-28,sz.300604,33.0500000000,33.0800000000,32.2000000000,32.2200000000,33.0400000000,603800,19639325.0000,3.169554,1,-2.481839,57.551030,11.253680,18.800168,-83.395206,0
2017-07-31,sz.300604,32.0900000000,32.9400000000,32.0100000000,32.6200000000,32.2200000000,675682,22019703.0000,3.546887,1,1.241458,58.265506,11.393390,19.033565,-84.430528,0
2017-08-01,sz.300604,32.6200000000,32.8700000000,31.9200000000,32.6800000000,32.6200000000,585089,18890425.0000,3.071333,1,0.183940,58.372678,11.414347,19.068575,-84.585827,0
2017-08-02,sz.300604,32.3100000000,33.5000000000,32.0000000000,32.7600000000,32.6800000000,1195980,39395157.0000,6.278110,1,0.244792,58.515573,11.442289,19.115254,-84.792891,0
2017-08-03,sz.300604,32.7800000000,34.2600000000,32.7800000000,33.1300000000,32.7600000000,1170600,39359715.0000,6.144882,1,1.129435,59.176463,11.571521,19.331147,-85.750564,0
2017-08-04,sz.300604,32.8600000000,33.4700000000,31.7000000000,31.7100000000,33.1300000000,994792,32297083.0000,5.222005,1,-4.286151,56.640074,11.075549,18.502586,-82.075170,0
2017-08-07,sz.300604,31.8200000000,32.4000000000,31.6100000000,32.0000000000,31.7100000000,473875,15133515.0000,2.487533,1,0.914541,57.158069,11.176839,18.671799,-82.825779,0
2017-08-08,sz.300604,32.0600000000,32.0800000000,31.3000000000,31.9200000000,32.0000000000,507259,16127155.0000,2.662777,1,-0.250000,57.015173,11.148897,18.625120,-82.618714,0
2017-08-09,sz.300604,31.8000000000,32.0000000000,31.5100000000,31.9100000000,31.9200000000,303000,9626961.0000,1.590551,1,-0.031329,56.997312,11.145404,18.619285,-82.592831,0
2017-08-10,sz.300604,32.0000000000,32.2000000000,30.8300000000,31.6000000000,31.9100000000,563500,17726361.0000,2.958005,1,-0.971481,56.443593,11.037129,18.438402,-81.790457,0
2017-08-11,sz.300604,31.3000000000,31.3000000000,30.7200000000,31.0000000000,31.6000000000,519003,16078702.0000,2.724425,1,-1.898735,55.371879,10.827563,18.088306,-80.237473,0
2017-08-14,sz.300604,31.0000000000,32.2200000000,30.8200000000,31.8800000000,31.0000000000,655597,20722853.0000,3.441454,1,2.838707,56.943726,11.134926,18.601780,-82.515182,0
2017-08-15,sz.300604,32.0300000000,32.8000000000,31.8700000000,32.3100000000,31.8800000000,822977,26558810.0000,4.320089,1,1.348815,57.711787,11.285115,18.852682,-83.628153,0
2017-08-16,sz.300604,32.3100000000,33.5600000000,31.8000000000,33.2000000000,32.3100000000,1097587,36272512.0000,5.761612,1,2.754563,59.301496,11.595970,19.371992,-85.931745,0
2017-08-17,sz.300604,33.3000000000,33.4700000000,32.6100000000,33.0300000000,33.2000000000,830010,27379013.0000,4.357008,1,-0.512054,58.997844,11.536594,19.272798,-85.491734,0
2017-08-18,sz.300604,32.8900000000,32.8900000000,32.1600000000,32.2400000000,33.0300000000,469309,15254615.0000,2.463564,1,-2.391756,57.586754,11.260665,18.811838,-83.446972,0
2017-08-21,sz.300604,32.3600000000,33.0700000000,32.0000000000,33.0200000000,32.2400000000,1128191,36714514.0000,5.922262,1,2.419351,58.979982,11.533101,19.266963,-85.465850,0
2017-08-22,sz.300604,32.9800000000,33.6500000000,31.8500000000,32.0900000000,33.0200000000,1641900,53646054.0000,8.618898,1,-2.816476,57.318826,11.208274,18.724314,-83.058726,0
2017-08-23,sz.300604,31.9300000000,32.4800000000,31.0800000000,32.3000000000,32.0900000000,1411209,44763686.0000,7.407921,1,0.654407,57.693926,11.281622,18.846847,-83.602270,0
2017-08-24,sz.300604,32.4400000000,33.4300000000,32.3500000000,32.6100000000,32.3000000000,1766995,58144036.0000,9.275564,1,0.959757,55.534953,6.490962,17.230238,20.794908,0
2017-08-25,sz.300604,32.4000000000,34.7900000000,32.4000000000,34.4500000000,32.6100000000,2344416,78939144.0000,12.306646,1,5.642441,58.668480,6.857210,18.202444,21.968249,0
2017-08-28,sz.300604,35.0900000000,37.9000000000,35.0900000000,37.9000000000,34.4500000000,3027399,111461869.0000,15.891858,1,10.014520,64.543842,7.543927,20.025330,24.168262,0
2017-08-29,sz.300604,38.4700000000,39.7700000000,36.8100000000,37.8000000000,37.9000000000,4208578,160989157.0000,22.092273,1,-0.263858,64.373542,7.524022,19.972493,24.104493,0
2017-08-30,sz.300604,37.4300000000,37.9800000000,36.4000000000,36.7000000000,37.8000000000,2284412,84737988.0000,11.991664,1,-2.910049,62.500238,7.305069,19.391283,23.403040,0
2017-08-31,sz.300604,36.8300000000,40.3700000000,36.8300000000,40.3700000000,36.7000000000,4099798,161082650.0000,21.521249,1,9.999995,68.750262,8.035576,21.330411,25.743344,0
2017-09-01,sz.300604,40.3100000000,40.3200000000,38.8400000000,39.8000000000,40.3700000000,3708986,146387053.0000,19.469743,1,-1.411939,67.779550,7.922118,21.029238,25.379863,0
2017-09-04,sz.300604,39.6000000000,42.2000000000,39.6000000000,40.4200000000,39.8000000000,3919570,160432350.0000,20.575171,1,1.557786,68.835412,8.045528,21.356830,25.775228,0
2017-09-05,sz.300604,40.3900000000,41.6600000000,39.7700000000,40.8500000000,40.4200000000,2041901,83256053.0000,10.718640,1,1.063831,69.567704,8.131119,21.584030,26.049433,0
2017-09-06,sz.300604,40.2300000000,41.4200000000,39.7800000000,40.9000000000,40.8500000000,1913600,77879586.0000,10.045144,1,0.122407,69.652854,8.141071,21.610448,26.081317,0
2017-09-07,sz.300604,41.0400000000,44.5100000000,41.0000000000,41.2900000000,40.9000000000,3120632,133383747.0000,16.381270,1,0.953544,70.317025,8.218700,21.816514,26.330014,0
2017-09-08,sz.300604,41.3900000000,42.9800000000,40.7200000000,42.2000000000,41.2900000000,2643780,110898923.0000,13.878110,1,2.203923,71.866759,8.399834,22.297333,26.910307,0
2017-09-11,sz.300604,42.2800000000,42.8000000000,41.6800000000,42.5000000000,42.2000000000,2027327,85811052.0000,10.642136,1,0.710899,72.377660,8.459548,22.455845,27.101613,0
2017-09-12,sz.300604,43.0000000000,43.3000000000,40.8000000000,41.0700000000,42.5000000000,2675012,112762505.1300,14.042058,1,-3.364707,69.942364,8.174910,21.700272,26.189723,0
2017-09-13,sz.300604,40.6600000000,41.1500000000,39.5500000000,40.5000000000,41.0700000000,1765706,70946723.2500,9.268798,1,-1.387874,68.971652,8.061452,21.399099,25.826243,0
2017-09-14,sz.300604,40.0500000000,41.1500000000,39.5000000000,39.9500000000,40.5000000000,1132095,45756856.0100,5.942756,1,-1.358023,68.035000,7.951976,21.108494,25.475516,0
2017-09-15,sz.300604,40.1900000000,40.6000000000,39.6500000000,40.1700000000,39.9500000000,1018295,40782675.2700,5.345381,1,0.550682,68.409661,7.995766,21.224736,25.615807,0
2017-09-18,sz.300604,40.1100000000,41.6100000000,39.6800000000,41.1900000000,40.1700000000,1222529,49876895.1700,6.417475,1,2.539210,70.146725,8.198795,21.763677,26.266246,0
2017-09-19,sz.300604,42.8300000000,45.3100000000,41.3000000000,44.7400000000,41.1900000000,5192868,231286951.5700,27.259150,1,8.618605,76.192388,8.905416,23.639400,28.530027,0
2017-09-20,sz.300604,44.9900000000,49.2100000000,43.5300000000,49.2100000000,44.7400000000,6103545,285932222.8500,32.039606,1,9.991054,83.804815,9.795162,26.001227,31.380479,0
2017-09-21,sz.300604,48.5000000000,52.5000000000,48.1600000000,50.0800000000,49.2100000000,6254731,314327592.4000,32.833234,1,1.767939,85.286428,9.968334,26.460911,31.935265,0
2017-09-22,sz.300604,50.0200000000,51.4500000000,47.8000000000,50.5900000000,50.0800000000,4215954,210564630.9400,22.130992,1,1.018367,86.154960,10.069848,26.730381,32.260485,0
2017-09-25,sz.300604,50.3000000000,52.9400000000,49.2600000000,49.7900000000,50.5900000000,3001660,153042350.1500,15.756745,1,-1.581339,84.792557,9.910610,26.307683,31.750337,0
2017-09-26,sz.300604,48.6000000000,49.1400000000,45.3100000000,45.9800000000,49.7900000000,3025732,140758780.7900,15.883108,1,-7.652142,78.304113,9.152236,24.294582,29.320757,0
2017-09-27,sz.300604,46.9400000000,50.4400000000,46.3800000000,48.2000000000,45.9800000000,3894201,189290287.2800,20.442000,1,4.828189,82.084781,9.594123,25.467570,30.736417,0
2017-09-28,sz.300604,48.5100000000,50.5000000000,47.0000000000,49.6000000000,48.2000000000,2759449,136254744.1400,14.485297,1,2.904559,84.468986,9.872791,26.207292,31.629176,0
2017-09-29,sz.300604,50.0000000000,50.8400000000,48.2800000000,49.5100000000,49.6000000000,2641593,131459145.1800,13.866630,1,-0.181452,84.315716,9.854876,26.159739,31.571785,0
2017-10-09,sz.300604,51.4400000000,53.3200000000,50.0000000000,51.4500000000,49.5100000000,2992885,154605127.2300,15.710682,1,3.918405,87.619543,10.241030,27.184782,32.808894,0
2017-10-10,sz.300604,51.1500000000,51.8600000000,50.2800000000,51.5000000000,51.4500000000,1886625,96403920.7400,9.903543,1,0.097180,87.704694,10.250982,27.211200,32.840778,0
2017-10-11,sz.300604,51.1900000000,51.6600000000,46.5100000000,47.3900000000,51.5000000000,2473296,120759779.6000,12.983181,1,-7.980584,80.705348,9.432894,25.039588,30.219893,0
2017-10-12,sz.300604,47.0000000000,48.4500000000,46.6400000000,47.9900000000,47.3900000000,1117012,53343125.0200,5.863580,1,1.266095,81.727150,9.552323,25.356612,30.602504,0
2017-10-13,sz.300604,47.7000000000,49.2900000000,47.5300000000,48.6800000000,47.9900000000,890629,43303903.3600,4.675218,1,1.437797,82.902223,9.689666,25.721189,31.042506,0
2017-10-16,sz.300604,49.2800000000,51.0000000000,47.6000000000,47.7300000000,48.6800000000,1206544,59199405.4000,6.333564,1,-1.951522,81.284369,9.500571,25.219235,30.436705,0
2017-10-17,sz.300604,48.5400000000,50.5000000000,47.3300000000,49.5800000000,47.7300000000,1769004,86828327.1400,9.286110,1,3.875974,84.434926,9.868810,26.196725,31.616423,0
2017-10-18,sz.300604,49.6000000000,52.5200000000,49.0900000000,50.4700000000,49.5800000000,2547737,129425407.9400,13.373948,1,1.795077,85.950600,10.045963,26.666976,32.183962,0
2017-10-19,sz.300604,49.8800000000,52.0500000000,48.1300000000,52.0500000000,50.4700000000,2718262,136449877.8200,14.269092,1,3.130569,88.641346,10.360459,27.501805,33.191505,0
2017-10-20,sz.300604,51.2000000000,56.4800000000,50.5000000000,55.4500000000,52.0500000000,3709134,196666811.9400,19.470520,1,6.532183,94.431558,11.037223,29.298273,35.359634,0
2017-10-23,sz.300604,54.7000000000,56.2000000000,53.5000000000,54.5000000000,55.4500000000,2594099,142414307.8700,13.617318,1,-1.713257,92.813705,10.848127,28.796319,34.753833,0
2017-10-24,sz.300604,54.4500000000,55.5500000000,53.0000000000,55.2200000000,54.5000000000,2178408,118133633.9900,11.435213,1,1.321103,94.039868,10.991442,29.176747,35.212966,0
2017-10-25,sz.300604,54.9500000000,56.0200000000,53.7800000000,54.8000000000,55.2200000000,2076309,114028131.3500,10.899260,1,-0.760598,93.324606,10.907841,28.954831,34.945138,0
2017-10-26,sz.300604,54.0400000000,54.9800000000,53.0000000000,54.4900000000,54.8000000000,1729500,93714583.0400,9.078740,1,-0.565689,92.796675,10.846136,28.791035,34.747456,0
2017-10-27,sz.300604,54.0200000000,55.3000000000,53.1000000000,53.3800000000,54.4900000000,1736550,93725339.9200,9.115748,1,-2.037072,77.367477,10.397802,24.674587,71.980287,0
2017-10-30,sz.300604,52.3900000000,54.8800000000,50.9500000000,52.8900000000,53.3800000000,2136552,114008726.9200,11.215496,1,-0.917950,76.657285,10.302356,24.448087,71.319546,0
2017-10-31,sz.300604,52.5100000000,56.0100000000,52.0400000000,56.0100000000,52.8900000000,2238151,121984854.2200,11.748824,1,5.899034,81.179325,10.910096,25.890289,75.526711,0
2017-11-01,sz.300604,55.7900000000,60.8700000000,55.7400000000,58.9100000000,56.0100000000,3103738,181631527.9900,16.292588,1,5.177650,85.382504,11.474982,27.230797,79.437218,0
2017-11-02,sz.300604,59.0800000000,60.3500000000,56.8800000000,56.9500000000,58.9100000000,2336329,137164789.4700,12.264194,1,-3.327107,82.541735,11.093197,26.324798,76.794255,0
2017-11-03,sz.300604,57.0500000000,59.5100000000,56.2000000000,58.4600000000,56.9500000000,2225778,129006359.7200,11.683874,1,2.651446,84.730287,11.387327,27.022787,78.830415,0
2017-11-06,sz.300604,59.3000000000,61.8600000000,58.5100000000,59.5000000000,58.4600000000,2547352,153153518.9300,13.371927,1,1.778996,86.237634,11.589907,27.503521,80.232804,0
2017-11-07,sz.300604,60.0000000000,65.4500000000,58.7000000000,65.4500000000,59.5000000000,4527126,286002064.2400,23.764441,1,9.999995,94.861397,12.748898,30.253873,88.256084,0
2017-11-08,sz.300604,65.5800000000,68.2000000000,64.7000000000,64.7500000000,65.4500000000,3669408,242601707.8000,19.261984,1,-1.069514,93.846837,12.612546,29.930302,87.312169,0
2017-11-09,sz.300604,65.4600000000,69.1000000000,64.1000000000,69.1000000000,64.7500000000,3577673,239699843.0400,18.780436,1,6.718144,100.151605,13.459875,31.941063,93.177928,0
2017-11-10,sz.300604,68.4000000000,72.0000000000,68.3000000000,71.4000000000,69.1000000000,3702508,259175985.9700,19.435738,1,3.328514,103.485160,13.907888,33.004225,96.279364,0
2017-11-13,sz.300604,71.4500000000,74.6800000000,70.0000000000,73.1000000000,71.4000000000,3258051,234689842.1300,17.102630,1,2.380948,105.949093,14.239029,33.790040,98.571730,0
2017-11-14,sz.300604,71.9900000000,72.4500000000,65.8900000000,68.2900000000,73.1000000000,3918751,273511447.8500,20.570871,1,-6.580024,98.977613,13.302097,31.566646,92.085683,0
2017-11-15,sz.300604,68.0000000000,68.6300000000,64.0000000000,65.6800000000,68.2900000000,2733373,180737968.0100,14.348415,1,-3.821937,95.194753,12.793699,30.360189,88.566228,0
2017-11-16,sz.300604,65.5000000000,66.9600000000,62.6100000000,64.1700000000,65.6800000000,2380644,153802855.3000,12.496819,1,-2.299029,93.006201,12.499569,29.662200,86.530067,0
2017-11-17,sz.300604,63.9400000000,65.8800000000,60.1000000000,60.6000000000,64.1700000000,2663481,169812896.0200,13.981528,1,-5.563347,87.831943,11.804174,28.011989,81.716099,0
2017-11-20,sz.300604,60.4000000000,65.3800000000,59.6000000000,65.1100000000,60.6000000000,2478615,155502234.7400,13.011102,1,7.442248,94.368611,12.682670,30.096710,87.797611,0
2017-11-21,sz.300604,66.0000000000,66.3800000000,63.2700000000,65.1900000000,65.1100000000,2387600,155112209.7900,12.533333,1,0.122872,94.484560,12.698253,30.133689,87.905487,0
2017-11-22,sz.300604,65.3800000000,68.5800000000,64.2900000000,65.9800000000,65.1900000000,2897189,192322213.3400,15.208341,1,1.211844,95.629564,12.852136,30.498862,88.970763,0
2017-11-23,sz.300604,65.9900000000,66.2300000000,60.0000000000,60.0000000000,65.9800000000,2351589,147915017.7900,12.344299,1,-9.063357,86.962320,11.687301,27.734643,80.907029,0
2017-11-24,sz.300604,59.4000000000,59.4000000000,55.1800000000,55.3600000000,60.0000000000,2909807,167595423.9700,15.274577,1,-7.733332,80.237234,10.783483,25.589830,74.650219,0
2017-11-27,sz.300604,54.9000000000,56.6000000000,53.2100000000,53.8000000000,55.3600000000,1640380,90282914.3800,8.610919,1,-2.817922,77.976213,10.479613,24.868729,72.546636,0
2017-11-28,sz.300604,53.9500000000,57.0000000000,53.9500000000,56.5700000000,53.8000000000,1584210,87770457.9400,8.316063,1,5.148700,81.990974,11.019177,26.149145,76.281844,0
2017-11-29,sz.300604,55.6300000000,56.5600000000,53.0000000000,53.8800000000,56.5700000000,1834951,100446637.4000,9.632289,1,-4.755168,78.092163,10.495197,24.905709,72.654512,0
2017-11-30,sz.300604,54.0000000000,56.1800000000,53.9800000000,55.2100000000,53.8800000000,1572619,86795446.9500,8.255218,1,2.468445,80.019828,10.754265,25.520494,74.447951,0
2017-12-01,sz.300604,54.6100000000,57.6100000000,54.5000000000,56.6200000000,55.2100000000,1867588,105876682.6000,9.803612,1,2.553885,82.063442,11.028917,26.172258,76.349266,0
2017-12-04,sz.300604,56.0000000000,56.0000000000,53.8000000000,54.1000000000,56.6200000000,1366787,74730025.7100,7.174735,1,-4.450725,78.411025,10.538050,25.007403,72.951171,0
2017-12-05,sz.300604,54.1800000000,54.9900000000,48.8000000000,49.5000000000,54.1000000000,2308726,117482589.1500,12.119297,1,-8.502770,71.743914,9.642024,22.881080,66.748299,0
2017-12-06,sz.300604,49.5000000000,53.0000000000,48.9900000000,52.1300000000,49.5000000000,1718211,87339134.9500,9.019480,1,5.313133,75.555762,10.154317,24.096782,70.294724,0
2017-12-07,sz.300604,51.7800000000,55.0000000000,51.7800000000,54.8500000000,52.1300000000,2008663,107894827.7000,10.544163,1,5.217720,79.498054,10.684141,25.354086,73.962509,0
2017-12-08,sz.300604,54.2000000000,57.6100000000,53.6600000000,55.3000000000,54.8500000000,2373303,132909853.4300,12.458283,1,0.820421,80.150271,10.771796,25.562096,74.569312,0
2017-12-11,sz.300604,54.7200000000,56.7200000000,54.7200000000,56.2400000000,55.3000000000,1208664,67638901.3800,6.344693,1,1.699823,81.512681,10.954897,25.996605,75.836855,0
2017-12-12,sz.300604,56.2800000000,59.6300000000,55.3600000000,57.5500000000,56.2400000000,2955014,170829962.4400,15.511885,1,2.329299,83.411358,11.210070,26.602145,77.603325,0
2017-12-13,sz.300604,57.0000000000,58.2000000000,56.1800000000,57.5000000000,57.5500000000,1577161,90097618.0800,8.279060,1,-0.086880,83.338890,11.200330,26.579032,77.535903,0
2017-12-14,sz.300604,57.7900000000,59.7000000000,57.5800000000,58.3800000000,57.5000000000,1953361,114254925.1800,10.253864,1,1.530437,84.614337,11.371744,26.985807,78.722539,0
2017-12-15,sz.300604,57.7900000000,59.4900000000,55.5500000000,56.2500000000,58.3800000000,1902561,109209392.5400,9.987197,1,-3.648512,81.527175,10.956845,26.001227,75.850340,0
2017-12-18,sz.300604,57.0100000000,57.2100000000,53.0500000000,56.4000000000,56.2500000000,1640677,91101800.2200,8.612478,1,0.266669,83.710038,11.250211,26.697402,77.881207,0
2017-12-19,sz.300604,56.6100000000,57.4000000000,56.0600000000,56.6500000000,56.4000000000,955961,54287873.6200,5.018168,1,0.443262,84.081093,11.300079,26.815741,78.226426,0
2017-12-20,sz.300604,56.6400000000,56.9900000000,54.5500000000,55.0000000000,56.6500000000,1033000,57487332.0000,5.422572,1,-2.912624,81.632129,10.970950,26.034700,75.947986,0
2017-12-21,sz.300604,54.5000000000,57.3900000000,54.0000000000,56.9200000000,55.0000000000,1390881,78470120.6600,7.301213,1,3.490906,84.481833,11.353936,26.943548,78.599261,0
2017-12-22,sz.300604,56.9900000000,59.9000000000,56.8300000000,59.8000000000,56.9200000000,1958583,115528151.6800,10.281276,1,5.059735,88.756388,11.928415,28.306820,82.576174,0
2017-12-25,sz.300604,59.6600000000,62.5000000000,59.0000000000,62.1000000000,59.8000000000,2559212,156299196.3000,13.434184,1,3.846153,92.170095,12.387200,29.395543,85.752181,0
2017-12-26,sz.300604,61.3500000000,62.2000000000,60.1000000000,61.8100000000,62.1000000000,2377207,145166405.2500,12.478777,1,-0.466984,91.739671,12.329353,29.258270,85.351728,0
2017-12-27,sz.300604,61.4000000000,61.6800000000,58.3100000000,58.6700000000,61.8100000000,1867300,112403188.9800,9.802100,1,-5.080090,87.079219,11.703012,27.771925,81.015788,0
2017-12-28,sz.300604,57.8300000000,60.5700000000,57.8300000000,58.6800000000,58.6700000000,1373299,81642157.9500,7.208919,1,0.017048,87.094061,11.705007,27.776658,81.029597,0
2017-12-29,sz.300604,58.1000000000,62.8300000000,58.1000000000,62.0000000000,58.6800000000,2217921,135695728.0800,11.642630,1,5.657804,92.021673,12.367253,29.348208,85.614093,0
2018-01-02,sz.300604,62.0000000000,62.8800000000,60.9200000000,61.5400000000,62.0000000000,1425321,87621269.6800,7.482000,1,-0.741934,91.338932,12.275496,29.130463,84.978892,0
2018-01-03,sz.300604,61.8600000000,62.5000000000,60.2100000000,61.4200000000,61.5400000000,1346053,82491811.2200,7.065895,1,-0.195000,91.160825,12.251559,29.073660,84.813187,0
2018-01-04,sz.300604,60.5000000000,62.5000000000,60.4200000000,60.6700000000,61.4200000000,1589121,97175947.3500,8.341843,1,-1.221101,90.047660,12.101956,28.718641,83.777533,0
2018-01-05,sz.300604,60.6500000000,60.6500000000,56.2000000000,56.5100000000,60.6700000000,2431321,141526141.4800,12.762840,1,-6.856766,83.873302,11.272153,26.749471,78.033103,0
2018-01-08,sz.300604,56.2000000000,56.2000000000,52.8800000000,54.1800000000,56.5100000000,2248926,121287754.7100,11.805386,1,-4.123161,80.415068,10.807383,25.646547,74.815671,0
2018-01-09,sz.300604,54.5100000000,54.6000000000,53.6000000000,54.2200000000,54.1800000000,1021137,55209273.1000,5.360299,1,0.073830,80.474437,10.815362,25.665481,74.870906,0
2018-01-10,sz.300604,54.2200000000,54.7600000000,53.2000000000,53.6900000000,54.2200000000,1130400,61066688.8400,5.933858,1,-0.977504,79.687800,10.709642,25.414601,74.139043,0
2018-01-11,sz.300604,53.3000000000,56.0000000000,52.9000000000,54.6600000000,53.6900000000,1267500,69562794.0000,6.653543,1,1.806670,81.127494,10.903130,25.873758,75.478489,0
2018-01-12,sz.300604,54.0200000000,54.9800000000,53.4000000000,53.4500000000,54.6600000000,896300,48357533.4700,4.704987,1,-2.213683,79.331587,10.661769,25.300995,73.807634,0
2018-01-15,sz.300604,52.7800000000,53.0000000000,49.0000000000,49.1000000000,53.4500000000,1589800,79773623.8800,8.345407,1,-8.138451,72.875228,9.794067,23.241887,67.800838,0
2018-01-16,sz.300604,48.9900000000,50.2000000000,48.9000000000,49.7000000000,49.1000000000,657000,32577327.0000,3.448819,1,1.222001,73.765760,9.913750,23.525902,68.629362,0
2018-01-17,sz.300604,50.7000000000,51.9000000000,48.5000000000,51.7000000000,49.7000000000,1113437,56434757.3600,5.844814,1,4.024145,76.734202,10.312693,24.472618,71.391107,0
2018-01-18,sz.300604,51.0000000000,52.3500000000,50.3000000000,50.5200000000,51.7000000000,841837,43086215.2100,4.419092,1,-2.282399,74.982821,10.077317,23.914056,69.761677,0
2018-01-19,sz.300604,49.9600000000,51.3700000000,49.9600000000,50.4000000000,50.5200000000,533100,27091688.0000,2.798425,1,-0.237528,74.804715,10.053380,23.857253,69.595973,0
2018-01-22,sz.300604,49.9900000000,52.8700000000,47.1000000000,51.6800000000,50.4000000000,1433100,72671824.0000,7.522835,1,2.539680,76.704517,10.308704,24.463151,71.363489,0
2018-01-23,sz.300604,51.0000000000,51.9900000000,51.0000000000,51.7100000000,51.6800000000,545100,28066884.0000,2.861417,1,0.058047,76.749044,10.314688,24.477352,71.404916,0
2018-01-24,sz.300604,51.7100000000,53.4900000000,51.1000000000,53.0700000000,51.7100000000,1236253,64994923.7600,6.489517,1,2.630054,78.767584,10.585970,25.121119,73.282902,0
2018-01-25,sz.300604,52.9000000000,54.4800000000,52.0300000000,52.4000000000,53.0700000000,1179653,62868706.0800,6.192404,1,-1.262480,77.773156,10.452324,24.803969,72.357718,0
2018-01-26,sz.300604,52.0000000000,52.9500000000,50.0000000000,50.3000000000,52.4000000000,934300,48054026.0000,4.904462,1,-4.007638,74.656293,10.033433,23.809917,69.457885,0
2018-01-29,sz.300604,50.1600000000,51.3300000000,46.1900000000,47.2500000000,50.3000000000,1445968,69443439.0000,7.590383,1,-6.063617,70.129420,9.425044,22.366174,65.246224,0
2018-01-30,sz.300604,46.9100000000,47.9400000000,46.8400000000,47.2600000000,47.2500000000,542200,25651006.0000,2.846194,1,0.021160,70.144262,9.427038,22.370908,65.260033,0
2018-01-31,sz.300604,43.1000000000,45.6600000000,42.5300000000,42.5300000000,47.2600000000,1683599,73038827.4700,8.837790,1,-10.008460,63.123899,8.483537,20.131924,58.728506,0
2018-02-01,sz.300604,42.4900000000,43.1900000000,40.5000000000,40.8200000000,42.5300000000,954200,39712132.0000,5.008924,1,-4.020689,60.585882,8.142440,19.322481,56.367214,0
2018-02-02,sz.300604,40.8200000000,41.7400000000,38.0000000000,39.4800000000,40.8200000000,1376761,55415018.2000,7.227092,1,-3.282705,58.597027,7.875148,18.688181,54.516845,0
2018-02-05,sz.300604,38.5000000000,39.8000000000,37.6000000000,38.9000000000,39.4800000000,1095111,42371196.3700,5.748614,1,-1.469093,57.736179,7.759454,18.413633,53.715939,0
2018-02-06,sz.300604,37.7800000000,38.6400000000,35.0500000000,35.0500000000,38.9000000000,1543740,56562143.2000,8.103622,1,-9.897178,52.021930,6.991487,16.591204,48.399580,0
2018-02-07,sz.300604,36.4300000000,37.5200000000,34.0000000000,36.5700000000,35.0500000000,1343900,48550371.4900,7.054593,1,4.336663,54.277945,7.294685,17.310709,50.498506,0
2018-02-08,sz.300604,36.6400000000,38.4500000000,36.6400000000,38.2900000000,36.5700000000,1355661,51276626.3300,7.116331,1,4.703312,56.830804,7.637776,18.124885,52.873607,0
2018-02-09,sz.300604,37.3300000000,42.1200000000,36.6600000000,42.1200000000,38.2900000000,2831300,116402244.0000,14.862467,1,10.002610,62.515369,8.401753,19.937847,58.162349,0
2018-02-12,sz.300604,43.0000000000,43.6600000000,41.1200000000,43.0800000000,42.1200000000,2786700,118576118.1200,14.628346,1,2.279209,63.940221,8.593246,20.392271,59.487986,0
2018-02-13,sz.300604,42.5000000000,44.1500000000,41.3100000000,41.6200000000,43.0800000000,2066800,88346113.0000,10.849344,1,-3.389050,61.773259,8.302017,19.701168,57.471912,0
2018-02-14,sz.300604,42.0700000000,42.3400000000,39.6600000000,40.4200000000,41.6200000000,1286551,52202869.8000,6.753549,1,-2.883231,59.992194,8.062651,19.133138,55.814865,0
2018-02-22,sz.300604,40.5000000000,42.3900000000,39.9900000000,41.2500000000,40.4200000000,1191051,49296340.1800,6.252236,1,2.053443,61.224097,8.228213,19.526025,56.960990,0
2018-02-23,sz.300604,41.0000000000,41.4000000000,40.0900000000,41.2100000000,41.2500000000,963451,39240907.9100,5.057486,1,-0.096972,61.164728,8.220234,19.507091,56.905755,0
2018-02-26,sz.300604,41.5800000000,45.3300000000,41.5800000000,45.3300000000,41.2100000000,2291751,100908690.4800,12.030189,1,9.997581,67.279717,9.042058,21.457327,62.594949,0
2018-02-27,sz.300604,46.0900000000,48.2400000000,45.3600000000,46.2700000000,45.3300000000,2202591,102400506.7900,11.562157,1,2.073679,70.843541,9.229561,20.077486,63.892969,0
2018-02-28,sz.300604,46.9700000000,47.7300000000,45.7100000000,45.9200000000,46.2700000000,1645460,76723892.4000,8.637585,1,-0.756435,70.307659,9.159746,19.925614,63.409664,0
2018-03-01,sz.300604,44.9500000000,48.5000000000,44.8700000000,47.2900000000,45.9200000000,1823260,85268508.6000,9.570919,1,2.983456,72.405253,9.433023,20.520085,65.301459,0
2018-03-02,sz.300604,46.7700000000,47.4000000000,45.6500000000,45.9900000000,47.2900000000,1270260,58856477.0000,6.668031,1,-2.748994,70.414836,9.173709,19.955989,63.506325,0
2018-03-05,sz.300604,46.0800000000,48.2900000000,45.6600000000,47.9000000000,45.9900000000,1250691,58911829.4400,6.565307,1,4.153076,73.339218,9.554700,20.784776,66.143791,0
2018-03-06,sz.300604,48.1000000000,52.1000000000,48.1000000000,49.7000000000,47.9000000000,2852291,143978181.7700,14.972656,1,3.757827,76.095180,9.913750,21.565833,68.629362,0
2018-03-07,sz.300604,50.0000000000,51.9600000000,48.5000000000,51.0600000000,49.7000000000,1689245,85394218.6000,8.867428,1,2.736420,78.177463,10.185031,22.155964,70.507348,0
2018-03-08,sz.300604,50.4600000000,51.7900000000,49.9700000000,50.3700000000,51.0600000000,981200,49574035.9700,5.150656,1,-1.351356,77.121010,10.047396,21.856559,69.554546,0
2018-03-09,sz.300604,50.0200000000,52.2500000000,50.0200000000,51.8500000000,50.3700000000,1369301,70561207.4600,7.187932,1,2.938256,79.387024,10.342614,22.498761,71.598238,0
2018-03-12,sz.300604,51.8900000000,54.5000000000,51.8800000000,53.5000000000,51.8500000000,1340006,71130783.0100,7.034152,1,3.182260,81.913323,10.671743,23.214729,73.876677,0
2018-03-13,sz.300604,53.0000000000,53.9800000000,51.5000000000,52.1000000000,53.5000000000,1299296,68733122.0500,6.820451,1,-2.616825,79.769796,10.392482,22.607241,71.943456,0
2018-03-14,sz.300604,51.7600000000,52.1900000000,50.0000000000,50.2600000000,52.1000000000,1227292,63020709.4900,6.442478,1,-3.531670,76.952591,10.025454,21.808828,69.402651,0
2018-03-15,sz.300604,49.6500000000,50.5400000000,46.0000000000,49.4800000000,50.2600000000,1938008,94464186.5500,10.173270,1,-1.551928,75.758340,9.869866,21.470370,68.325570,0
2018-03-16,sz.300604,49.4500000000,49.8800000000,48.1200000000,48.6600000000,49.4800000000,1176887,57596517.9200,6.177885,1,-1.657235,74.502846,9.706299,21.114556,67.193255,0
2018-03-19,sz.300604,48.6000000000,50.9700000000,48.0800000000,49.7300000000,48.6600000000,1612300,80462391.8900,8.463517,1,2.198931,76.141113,9.919734,21.578850,68.670788,0
2018-03-20,sz.300604,49.5700000000,52.5800000000,49.5700000000,52.5400000000,49.7300000000,1949313,100840098.4400,10.232614,1,5.650516,80.443476,10.480250,22.798166,72.551040,0
2018-03-21,sz.300604,52.4100000000,54.2000000000,50.7700000000,51.1500000000,52.5400000000,1643451,85936589.6100,8.627039,1,-2.645602,78.315261,10.202984,22.195017,70.631627,0
2018-03-22,sz.300604,50.9900000000,52.3400000000,50.7700000000,51.5900000000,51.1500000000,1403800,72300325.0000,7.369029,1,0.860212,78.988940,10.290751,22.385942,71.239211,0
2018-03-23,sz.300604,48.0000000000,50.6600000000,46.5200000000,46.9200000000,51.5900000000,1717000,83263601.0000,9.013123,1,-9.052145,71.838749,9.359218,20.359535,64.790536,0
2018-03-26,sz.300604,45.8100000000,51.5400000000,45.8100000000,51.2800000000,46.9200000000,2199853,109389698.1000,11.547785,1,9.292414,78.514303,10.228915,22.251427,70.811140,0
2018-03-27,sz.300604,51.6500000000,54.5800000000,51.6500000000,54.1000000000,51.2800000000,2892246,154237083.5100,15.182394,1,5.499219,82.831977,10.791426,23.475081,74.705201,0
2018-03-28,sz.300604,53.0800000000,56.5000000000,53.0400000000,54.2200000000,54.1000000000,2709801,149618161.6200,14.224677,1,0.221816,83.015708,10.815362,23.527152,74.870906,0
2018-03-29,sz.300604,55.2800000000,57.0500000000,53.5000000000,55.4700000000,54.2200000000,2153505,118623557.1500,11.304488,1,2.305422,84.929570,11.064702,24.069552,76.596996,0
2018-03-30,sz.300604,55.5000000000,59.3200000000,55.5000000000,59.1800000000,55.4700000000,2811948,162582922.9300,14.760882,1,6.688298,90.609915,11.804743,25.679396,81.720033,0
2018-04-02,sz.300604,60.0000000000,64.4500000000,59.2000000000,62.0000000000,59.1800000000,3159166,194823068.5600,16.583549,1,4.765123,94.927589,12.367253,26.903051,85.614093,0
2018-04-03,sz.300604,60.0000000000,61.6000000000,58.7000000000,60.6000000000,62.0000000000,1988047,119926361.0200,10.435942,1,-2.258067,92.784063,12.087993,26.295563,83.680872,0
2018-04-04,sz.300604,61.4000000000,64.2000000000,59.7700000000,59.9900000000,60.6000000000,1859111,115198748.3400,9.759113,1,-1.006595,91.850098,11.966315,26.030871,82.838540,0
2018-04-09,sz.300604,59.9700000000,62.2500000000,57.2500000000,61.1300000000,59.9900000000,1737300,105454307.0000,9.119685,1,1.900316,93.595540,12.193713,26.525540,84.412734,0
2018-04-10,sz.300604,62.9900000000,63.4700000000,58.5000000000,59.3800000000,61.1300000000,1916155,115661555.1100,10.058556,1,-2.862751,90.916133,11.844637,25.766180,81.996207,0
2018-04-11,sz.300604,60.5000000000,63.9900000000,60.5000000000,60.9000000000,59.3800000000,2191521,135899213.4500,11.504047,1,2.559785,93.243390,12.147834,26.425739,84.095134,0
2018-04-12,sz.300604,62.2000000000,65.0000000000,60.0500000000,61.8000000000,60.9000000000,2636811,165232293.7800,13.841528,1,1.477829,94.621371,12.327359,26.816267,85.337919,0
2018-04-13,sz.300604,62.1000000000,62.6000000000,59.6800000000,60.8000000000,61.8000000000,2607090,158365497.4000,13.685512,1,-1.618123,93.090281,12.127887,26.382347,83.957046,0
2018-04-16,sz.300604,59.9500000000,62.5900000000,59.9500000000,60.8100000000,60.8000000000,2264120,138867581.3200,11.885144,1,0.016451,93.105592,12.129882,26.386686,83.970855,0
2018-04-17,sz.300604,61.9000000000,66.8900000000,61.0000000000,62.9200000000,60.8100000000,3763687,239147052.7700,13.725739,1,3.469819,96.336192,12.550767,27.302257,86.884496,0
2018-04-18,sz.300604,64.2400000000,69.2100000000,62.9800000000,69.2100000000,62.9200000000,5830573,388693661.8000,21.263438,1,9.996823,105.966749,13.805445,30.031615,95.570184,0
2018-04-19,sz.300604,67.3200000000,72.9000000000,67.0200000000,67.5000000000,69.2100000000,5378171,377578558.4200,19.613579,1,-2.470740,103.348585,13.464348,29.289612,93.208892,0
2018-04-20,sz.300604,67.1600000000,70.1500000000,66.2000000000,67.0900000000,67.5000000000,3219511,221109411.2000,11.741191,1,-0.607413,102.720838,13.382565,29.111705,92.642734,0
2018-04-23,sz.300604,67.9900000000,69.1100000000,60.3800000000,61.7000000000,67.0900000000,3866112,248367126.8700,14.099271,1,-8.033978,94.468262,12.307412,26.772875,85.199832,0
2018-04-24,sz.300604,62.3500000000,65.3000000000,61.9600000000,64.3000000000,61.7000000000,2832265,180713116.9500,10.328949,1,4.213942,98.449096,12.826038,27.901067,88.790100,0
2018-04-25,sz.300604,66.9800000000,70.6900000000,66.1600000000,68.4000000000,64.3000000000,4322343,295562863.6400,15.763094,1,6.376358,106.202460,12.728897,29.683772,33.299684,0
2018-04-26,sz.300604,68.9400000000,75.2400000000,68.6300000000,75.2400000000,68.4000000000,5462523,401643694.0100,19.921201,1,9.999994,116.822706,14.001787,32.652149,36.629652,0
2018-04-27,sz.300604,75.0000000000,75.4100000000,67.7200000000,68.9000000000,75.2400000000,4753966,337870196.7200,17.337174,1,-8.426365,100.261849,12.415054,26.241669,28.782742,0
2018-05-02,sz.300604,70.0000000000,71.5000000000,65.6700000000,68.0200000000,68.9000000000,3456643,236691733.0900,12.605984,1,-1.277220,98.981291,12.256487,25.906507,28.415125,0
2018-05-03,sz.300604,67.0300000000,71.5300000000,64.8000000000,70.0000000000,68.0200000000,3468227,236939420.1600,12.648230,1,2.910914,101.862546,12.613263,26.660622,29.242263,0
2018-05-04,sz.300604,69.0000000000,73.6100000000,68.6100000000,72.2000000000,70.0000000000,3698155,265746351.8400,13.486751,1,3.142853,105.063940,13.009679,27.498527,30.161305,0
2018-05-07,sz.300604,72.0500000000,73.3500000000,70.3700000000,73.1200000000,72.2000000000,2097113,150807195.6600,7.647933,1,1.274246,106.402705,13.175454,27.848924,30.545632,0
2018-05-08,sz.300604,72.0900000000,73.1200000000,69.9000000000,71.4000000000,73.1200000000,2172234,154430847.0200,7.921891,1,-2.352299,103.899797,12.865528,27.193834,29.827108,0
2018-05-09,sz.300604,71.0000000000,74.3800000000,70.5100000000,71.9900000000,71.4000000000,2232920,162208943.8100,8.143206,1,0.826325,104.758353,12.971840,27.418545,30.073579,0
2018-05-10,sz.300604,72.3300000000,72.4000000000,68.2000000000,69.8400000000,71.9900000000,2305629,160979159.6000,8.408367,1,-2.986528,101.629717,12.584432,26.599683,29.175423,0
2018-05-11,sz.300604,69.0200000000,70.4900000000,67.7000000000,68.2000000000,69.8400000000,1835983,126459217.6700,6.695621,1,-2.348224,99.243224,12.288921,25.975063,28.490319,0
2018-05-14,sz.300604,67.3000000000,68.4500000000,65.3300000000,65.9000000000,68.2000000000,2053000,136765295.0000,7.487058,1,-3.372427,95.896311,11.874486,25.099071,27.529502,0
2018-05-15,sz.300604,66.1100000000,68.6800000000,66.1000000000,68.6400000000,65.9000000000,1550364,104441384.4000,5.654001,1,4.157811,99.883502,12.368205,26.142644,28.674128,0
2018-05-16,sz.300604,68.2000000000,70.4500000000,67.8700000000,68.6700000000,68.6400000000,1506664,104315190.4000,5.494632,1,0.043705,99.927158,12.373611,26.154070,28.686660,0
2018-05-17,sz.300604,68.7100000000,70.4800000000,68.0400000000,69.4800000000,68.6700000000,1533914,106844141.2800,5.594010,1,1.179562,101.105853,12.519564,26.462571,29.025035,0
2018-05-18,sz.300604,69.3400000000,69.9800000000,65.5000000000,67.4300000000,69.4800000000,1718279,115671805.1200,6.266368,1,-2.950494,98.122736,12.150176,25.681796,28.168654,0
2018-05-21,sz.300604,67.8100000000,71.8500000000,67.0100000000,71.1800000000,67.4300000000,2568803,180094548.5600,9.368133,1,5.561323,103.579658,12.825886,27.110044,29.735204,0
2018-05-22,sz.300604,70.5000000000,74.8700000000,70.1800000000,74.2600000000,71.1800000000,2633939,191221221.4400,9.605676,1,4.327061,108.061610,13.380870,28.283111,31.021863,0
2018-05-23,sz.300604,73.6800000000,76.3200000000,73.0000000000,74.0000000000,74.2600000000,2483460,185284562.2500,9.056897,1,-0.350124,107.683263,13.334020,28.184086,30.913249,0
2018-05-24,sz.300604,75.1100000000,75.8900000000,72.6000000000,73.0000000000,74.0000000000,1791747,132407319.5300,6.534298,1,-1.351351,106.228084,13.153831,27.803220,30.495503,0
2018-05-25,sz.300604,72.7100000000,73.4700000000,69.8000000000,69.8400000000,73.0000000000,2087270,147934327.8900,7.612037,1,-4.328772,101.629717,12.584432,26.599683,29.175423,0
2018-05-28,sz.300604,69.9900000000,70.8200000000,68.0100000000,68.5600000000,69.8400000000,1835245,127154841.0000,6.692930,1,-1.832759,99.767088,12.353790,26.112175,28.640708,0
2018-05-29,sz.300604,69.0000000000,70.0000000000,68.3500000000,68.5400000000,68.5600000000,1402448,96970492.9200,5.114569,1,-0.029167,99.737984,12.350186,26.104557,28.632353,0
2018-05-30,sz.300604,68.0100000000,70.2800000000,63.5200000000,63.9000000000,68.5400000000,2517459,168271896.8900,9.180887,1,-6.769768,92.985953,11.514107,24.337339,26.694009,0
2018-05-31,sz.300604,64.2300000000,65.2000000000,61.8500000000,64.1900000000,63.9000000000,2723466,173234316.4400,9.932171,1,0.453836,93.407955,11.566362,24.447790,26.815155,0
2018-06-01,sz.300604,60.0000000000,62.1300000000,57.7700000000,58.6400000000,64.1900000000,3924923,235148532.7100,14.313748,1,-8.646211,85.331710,10.566310,22.333984,24.496661,0
2018-06-04,sz.300604,58.5000000000,60.6600000000,58.1200000000,58.7000000000,58.6400000000,1614810,95817842.0600,5.889029,1,0.102322,85.419021,10.577122,22.356836,24.521726,0
2018-06-05,sz.300604,58.9000000000,61.8800000000,58.7000000000,61.2500000000,58.7000000000,2269937,136708112.8100,8.278202,1,4.344121,89.129728,11.036605,23.328044,25.586980,0
2018-06-06,sz.300604,61.0000000000,61.6700000000,59.9800000000,60.4500000000,61.2500000000,1510656,91702944.1200,5.509191,1,-1.306121,87.965584,10.892453,23.023351,25.252783,0
2018-06-07,sz.300604,60.8600000000,61.4000000000,59.2100000000,59.4500000000,60.4500000000,1113600,66928220.0000,4.061173,1,-1.654260,86.510405,10.712264,22.642485,24.835036,0
2018-06-08,sz.300604,58.9700000000,60.4800000000,57.5100000000,60.2800000000,59.4500000000,1390595,82201563.3700,5.071342,1,1.396128,87.718204,10.861821,22.958604,25.181766,0
2018-06-11,sz.300604,59.6200000000,60.9000000000,58.1100000000,58.7400000000,60.2800000000,1160905,68643921.3200,4.233689,1,-2.554740,85.477228,10.584329,22.372070,24.538436,0
2018-06-12,sz.300604,58.7600000000,60.0000000000,56.2300000000,59.4800000000,58.7400000000,1229711,71784293.8300,4.484616,1,1.259785,86.554061,10.717669,22.653911,24.847569,0
2018-06-13,sz.300604,59.3600000000,61.9000000000,58.5300000000,58.6900000000,59.4800000000,1960149,118282935.2000,7.148441,1,-1.328179,85.404469,10.575320,22.353027,24.517549,0
2018-06-14,sz.300604,58.6800000000,61.7900000000,58.1500000000,61.1300000000,58.6900000000,2452749,148102185.8700,8.944897,1,4.157442,88.955106,11.014982,23.282340,25.536850,0
2018-06-15,sz.300604,61.7000000000,62.8200000000,60.1000000000,62.6500000000,61.1300000000,2870147,176455842.0600,10.467100,1,2.486505,91.166979,11.288870,23.861256,26.171825,0
2018-06-19,sz.300604,61.5000000000,64.7700000000,56.6000000000,59.5000000000,62.6500000000,3022252,185782089.3500,11.021810,1,-5.027936,86.583164,10.721273,22.661528,24.855923,0
2018-06-20,sz.300604,59.0000000000,61.8800000000,57.5000000000,61.6800000000,59.5000000000,2289959,137291035.4900,8.351220,1,3.663866,89.755455,11.114086,23.491816,25.766611,0
2018-06-21,sz.300604,60.5751840000,61.2799896000,55.5082032000,55.5082032000,61.6800144000,5025987,152268487.2500,9.646949,1,-10.006180,80.567453,9.976370,21.087028,23.128959,0
2018-06-22,sz.300604,53.3366400000,54.6700560000,51.4508088000,52.6889808000,55.5082032000,3204320,89130725.0000,6.150416,1,-5.078928,76.475489,9.469677,20.016033,21.954256,0
2018-06-25,sz.300604,53.2985424000,54.2509824000,51.0507840000,51.0507840000,52.6889808000,2719139,75037457.6200,5.219153,1,-3.109185,74.097726,9.175248,19.393698,21.271658,0
2018-06-26,sz.300604,49.0887576000,56.1558624000,48.2506104000,56.1558624000,51.0507840000,4771417,133585043.5000,9.158324,1,10.000000,81.507499,10.092772,21.333068,23.398823,0
2018-06-27,sz.300604,57.4130832000,61.7752584000,57.1844976000,61.7752584000,56.1558624000,7762350,246806859.3700,14.899163,1,10.006790,89.663779,11.102734,23.467822,25.740293,0
2018-06-28,sz.300604,60.9752088000,66.6327024000,60.4037448000,63.2420160000,61.7752584000,9912709,327781830.1300,19.026592,1,2.374346,91.792706,11.366351,24.025029,26.351456,0
2018-06-29,sz.300604,62.4800640000,69.5662176000,61.6990632000,69.2804856000,63.2420160000,9362228,321564385.4600,17.969991,1,9.548187,100.557250,12.451633,26.318985,28.867544,0
2018-07-02,sz.300604,69.0328512000,69.1280952000,65.9659944000,67.2994104000,69.2804856000,7591668,270166239.2000,11.559830,1,-2.859492,97.681816,12.095578,25.566394,28.042077,0
2018-07-03,sz.300604,67.0517760000,73.9093440000,66.2707752000,70.2900720000,67.2994104000,8504177,311195203.3600,12.949307,1,4.443814,102.022616,12.633083,26.702517,29.288215,0
2018-07-04,sz.300604,68.5756800000,69.5281200000,66.1183848000,68.9566560000,70.2900720000,5224099,186756265.0200,7.954733,1,-1.897021,100.087227,12.393431,26.195965,28.732612,0
2018-07-05,sz.300604,68.4423384000,70.2329256000,66.8231904000,68.0994600000,68.9566560000,4066260,146138095.9400,6.191692,1,-1.243096,98.843049,12.239369,25.870325,28.375439,0
2018-07-06,sz.300604,68.0994600000,73.9093440000,66.4803120000,66.6708000000,68.0994600000,7279421,268402531.6700,11.084371,1,-2.097902,96.769419,11.982599,25.327591,27.780150,0
2018-07-09,sz.300604,68.5756800000,73.3378800000,66.8231904000,73.3378800000,66.6708000000,5159114,190924692.5000,7.855781,1,10.000000,106.446361,13.180859,27.860350,30.558165,0
2018-07-10,sz.300604,76.7857128000,78.7477392000,72.6140256000,74.1760272000,73.3378800000,7626436,300793673.8700,11.612771,1,1.142854,107.662891,13.331498,28.178754,30.907401,0
2018-07-11,sz.300604,73.5855144000,79.4334960000,72.3473424000,79.4334960000,74.1760272000,8816261,350349780.0300,13.424517,1,7.087833,115.293850,14.276411,30.176015,33.098064,0
2018-07-12,sz.300604,77.7191040000,81.7193520000,77.2619328000,79.5287400000,79.4334960000,7048258,295141972.9500,10.732379,1,0.119902,115.432092,14.293529,30.212197,33.137750,0
2018-07-13,sz.300604,79.0525200000,82.6717920000,77.8714944000,81.5479128000,79.5287400000,4554141,192500075.8800,6.934588,1,2.538925,118.362823,14.656431,30.979262,33.979092,0
2018-07-16,sz.300604,80.8050096000,84.0623544000,79.2430080000,80.0049600000,81.5479128000,5513721,237076079.0800,8.395741,1,-1.892084,116.123303,14.379119,30.393109,33.336180,0
2018-07-17,sz.300604,78.4048608000,80.7288144000,77.3762256000,80.5764240000,80.0049600000,3457315,143619524.0000,5.264452,1,0.714284,116.952755,14.481827,30.610202,33.574295,0
2018-07-18,sz.300604,80.1954480000,80.8621560000,77.5286160000,77.5476648000,80.5764240000,3101655,128290594.2900,4.722889,1,-3.758866,112.556658,13.937475,29.459606,32.312283,0
2018-07-19,sz.300604,77.6619576000,79.4334960000,76.9571520000,77.5095672000,77.5476648000,2250895,92655968.2100,3.427437,1,-0.049129,112.501361,13.930628,29.445133,32.296408,0
2018-07-20,sz.300604,77.5095672000,79.7954232000,76.7857128000,78.4810560000,77.5095672000,2415088,99501832.6000,3.677453,1,1.253385,113.911430,14.105231,29.814192,32.701205,0
2018-07-23,sz.300604,78.1000800000,82.5194016000,77.9286408000,80.3668872000,78.4810560000,4085173,172495704.5000,6.220491,1,2.402907,116.648622,14.444168,30.530601,33.486986,0
2018-07-24,sz.300604,80.3859360000,80.7478632000,76.9571520000,78.8239344000,80.3668872000,4315195,177451663.7200,6.570746,1,-1.919881,114.409101,14.166856,29.944449,32.844074,0
2018-07-25,sz.300604,78.5191536000,80.2906920000,77.8714944000,78.8620320000,78.8239344000,3150802,130625105.9200,4.797725,1,0.048334,114.464398,14.173703,29.958921,32.859949,0
2018-07-26,sz.300604,78.8620320000,78.8620320000,74.3284176000,74.3855640000,78.8620320000,3434269,137513473.5700,5.229360,1,-5.676334,107.967023,13.369157,28.258355,30.994710,0
2018-07-27,sz.300604,74.2903200000,80.2906920000,73.1092944000,78.5763000000,74.3855640000,5219306,210955230.7300,7.947435,1,5.633805,114.049672,14.122349,29.850375,32.740891,0
2018-07-30,sz.300604,78.7858368000,79.3192032000,71.5853904000,74.0807832000,78.5763000000,4243553,167879201.9400,6.461656,1,-5.721214,107.524649,13.314380,28.142571,30.867715,0
2018-07-31,sz.300604,73.5283680000,75.7380288000,72.7664160000,74.2903200000,74.0807832000,2349890,91761741.1200,3.578176,1,0.282851,107.828781,13.352039,28.222172,30.955024,0
2018-08-01,sz.300604,76.2332976000,79.0525200000,75.1094184000,76.4809320000,74.2903200000,3972260,161133866.7300,6.048559,1,2.948722,111.008348,13.745753,29.054365,31.867800,0
2018-08-02,sz.300604,76.4999808000,80.6145216000,74.6712960000,79.9097160000,76.4809320000,5914134,243852144.0300,9.005449,1,4.483186,115.985061,14.362001,30.356926,33.296494,0
2018-08-03,sz.300604,79.9097160000,79.9097160000,74.3474664000,75.2427600000,79.9097160000,4469921,181399975.5500,6.806347,1,-5.840288,109.211201,13.523219,28.583995,31.351883,0
2018-08-06,sz.300604,73.1854896000,78.9953736000,72.4235376000,74.2331736000,75.2427600000,2870082,113006660.5200,4.370273,1,-1.341769,107.745836,13.341769,28.200463,30.931212,0
2018-08-07,sz.300604,75.7951752000,76.1190048000,69.8519496000,74.3474664000,74.2331736000,4106053,157279480.7400,6.252285,1,0.153958,107.911726,13.362310,28.243882,30.978836,0
2018-08-08,sz.300604,73.9093440000,74.0998320000,66.9184344000,66.9184344000,74.3474664000,4943840,182255838.4200,7.527983,1,-9.992309,97.128848,12.027106,25.421665,27.883333,0
2018-08-09,sz.300604,65.7183600000,73.3569288000,64.7659200000,71.6044392000,66.9184344000,5716469,211167841.7600,8.704465,1,7.002559,103.930356,12.869312,27.201832,29.835881,0
2018-08-10,sz.300604,72.2520984000,78.1000800000,72.2520984000,76.4047368000,71.6044392000,5768164,228383604.6900,8.783181,1,6.703912,110.897754,13.732059,29.025419,31.836052,0
2018-08-13,sz.300604,77.9857872000,80.3478384000,76.5380784000,79.7192280000,76.4047368000,5367189,221776316.8500,8.172616,1,4.338065,115.708577,14.327765,30.284562,33.217122,0
2018-08-14,sz.300604,80.7097656000,80.9383512000,77.7191040000,78.3477144000,79.7192280000,3783306,157039313.0300,5.760838,1,-1.720424,113.717891,14.081266,29.763537,32.645645,0
2018-08-15,sz.300604,79.7763744000,83.7194760000,79.5096912000,80.3859360000,78.3477144000,7289391,309793314.1600,11.099552,1,2.601506,116.676271,14.447591,30.537838,33.494923,0
2018-08-16,sz.300604,79.5287400000,79.5287400000,74.6712960000,76.0047120000,80.3859360000,4966220,200952890.7600,7.562061,1,-5.450235,110.317137,13.660163,28.873453,31.669371,0
2018-08-17,sz.300604,78.3667632000,78.8239344000,73.0902456000,74.3855640000,76.0047120000,4313803,171529502.1400,6.568626,1,-2.130332,107.967023,13.369157,28.258355,30.994710,0
2018-08-20,sz.300604,74.2903200000,77.7572016000,72.4425864000,77.5286160000,74.3855640000,3882964,152796862.7500,5.912588,1,4.225356,112.529010,13.934051,29.452370,32.304346,0
2018-08-21,sz.300604,76.9571520000,78.0619824000,74.0998320000,77.5476648000,77.5286160000,4182099,167371957.2000,6.368080,1,0.024566,103.494149,13.563601,26.242283,-170.915764,0
2018-08-22,sz.300604,77.7381528000,78.9953736000,76.3094928000,77.9095920000,77.5476648000,3560581,145302329.1000,5.421695,1,0.466722,103.977172,13.626904,26.364760,-171.713455,0
2018-08-23,sz.300604,77.2809816000,81.4907664000,77.2809816000,80.0049600000,77.9095920000,5351052,224533243.9000,8.148045,1,2.689483,106.773624,13.993398,27.073837,-176.331665,0
2018-08-24,sz.300604,79.9859112000,83.2242072000,79.3953984000,80.5573752000,80.0049600000,4705994,201325046.3500,7.165815,1,0.690478,107.510871,14.090019,27.260775,-177.549193,0
2018-08-27,sz.300604,80.5764240000,85.7196000000,80.3668872000,84.8243064000,80.5573752000,4721264,206297500.2900,7.189067,1,5.296755,113.205464,14.836334,28.704713,-186.953549,0
2018-08-28,sz.300604,83.9861592000,86.1005760000,83.4908904000,85.0147944000,84.8243064000,4481103,199379413.4300,6.823374,1,0.224573,113.459687,14.869651,28.769175,-187.373386,0
2018-08-29,sz.300604,84.9766968000,85.0338432000,82.5765480000,83.9099640000,85.0147944000,2585038,113396298.9800,3.936236,1,-1.299578,111.985194,14.676409,28.395298,-184.938330,0
2018-08-30,sz.300604,83.8147200000,83.9861592000,80.9764488000,81.9098400000,83.9099640000,2261674,97692775.7500,3.443850,1,-2.383653,109.315853,14.326574,27.718452,-180.530038,0
2018-08-31,sz.300604,81.7193520000,83.6242320000,80.9193024000,81.2812296000,81.9098400000,2397728,103447475.8200,3.651019,1,-0.767446,108.476918,14.216626,27.505729,-179.144575,0
2018-09-03,sz.300604,80.2144968000,83.7956712000,78.6715440000,83.7956712000,81.2812296000,3414528,145256739.6700,5.199300,1,3.093517,111.832660,14.656418,28.356621,-184.686428,0
2018-09-04,sz.300604,83.2051584000,89.9103360000,82.6908408000,87.9102120000,83.7956712000,4988185,224659283.4000,7.595507,1,4.910206,117.323875,15.376079,29.748990,-193.754913,0
2018-09-05,sz.300604,87.5292360000,89.5293600000,85.9481856000,86.3291616000,87.9102120000,3508144,161093493.6000,5.341849,1,-1.798487,115.213825,15.099543,29.213959,-190.270264,0
2018-09-06,sz.300604,86.1196248000,94.2344136000,85.9862832000,93.2438760000,86.3291616000,5465927,260681322.8000,8.322965,1,8.009711,124.442117,16.308972,31.553912,-205.510358,0
2018-09-07,sz.300604,92.3104848000,94.2725112000,83.9290128000,86.1005760000,93.2438760000,7170223,333156761.9400,10.918095,1,-7.660879,114.908758,15.059562,29.136605,-189.766459,0
2018-09-10,sz.300604,84.0052080000,86.1196248000,79.5477888000,80.7288144000,86.1005760000,5198077,225780345.3700,7.915110,1,-6.238937,107.739671,14.120005,27.318790,-177.927047,0
2018-09-11,sz.300604,81.4336200000,82.4813040000,79.2049104000,81.3193272000,80.7288144000,3260179,138613756.1400,4.964273,1,0.731471,108.527762,14.223289,27.518621,-179.228543,0
2018-09-12,sz.300604,80.7669120000,81.4907664000,78.1000800000,79.3001544000,81.3193272000,2991239,125290722.0700,4.554758,1,-2.483011,105.833000,13.870123,26.835329,-174.778267,0
2018-09-13,sz.300604,80.3859360000,81.1669368000,71.4139512000,75.9285168000,79.3001544000,6304073,250822536.9000,9.599209,1,-4.251742,101.333254,13.280401,25.694360,-167.347147,0
2018-09-14,sz.300604,75.6046872000,78.9382272000,73.9664904000,76.4999808000,75.9285168000,4223252,169866611.7200,6.430744,1,0.752632,102.095923,13.380354,25.887745,-168.606659,0
2018-09-17,sz.300604,75.3380040000,77.1476400000,72.7283184000,74.2903200000,76.4999808000,2822463,110736818.4400,4.297763,1,-2.888446,99.146937,12.993869,25.139991,-163.736546,0
2018-09-18,sz.300604,74.9951256000,76.8619080000,73.5474168000,76.3856880000,74.2903200000,3143099,124681437.0400,4.785995,1,2.820509,101.943389,13.360363,25.849068,-168.354757,0
2018-09-19,sz.300604,76.0047120000,81.0526440000,75.4903944000,79.4334960000,76.3856880000,4530717,186521961.3600,6.898921,1,3.990031,106.010956,13.893445,26.880452,-175.072153,0
2018-09-20,sz.300604,79.0334712000,79.5668376000,78.0048360000,78.2905680000,79.4334960000,2043176,84430720.3000,3.111143,1,-1.438854,104.485618,13.693539,26.493683,-172.553130,0
2018-09-21,sz.300604,78.8620320000,79.6239840000,75.8332728000,77.9095920000,78.2905680000,2834150,115305956.4200,4.315559,1,-0.486611,103.977172,13.626904,26.364760,-171.713455,0
2018-09-25,sz.300604,77.2809816000,79.5858864000,76.6714200000,78.1000800000,77.9095920000,2565648,105887357.0100,3.906711,1,0.244495,104.231395,13.660222,26.429221,-172.133292,0
2018-09-26,sz.300604,78.1000800000,79.5287400000,76.3856880000,77.7572016000,78.1000800000,2743318,111690775.8800,4.177249,1,-0.439025,103.773794,13.600250,26.313191,-171.377585,0
2018-09-27,sz.300604,77.4524208000,79.2049104000,75.4713456000,75.7951752000,77.7572016000,2889222,117734295.3000,4.399417,1,-2.523270,101.155298,13.257079,25.649237,-167.053261,0
2018-09-28,sz.300604,75.9856632000,76.3856880000,71.8139760000,74.8808328000,75.7951752000,4222774,163134248.9800,6.430016,1,-1.206332,99.935028,13.097154,25.339822,-165.038042,0
2018-10-08,sz.300604,71.6806344000,73.2235872000,67.9470696000,68.2899480000,74.8808328000,2808415,104091798.1100,4.276372,1,-8.801839,91.138915,11.944365,23.109453,-150.511671,0
2018-10-09,sz.300604,68.4423384000,69.7567056000,65.0135544000,65.5278720000,68.2899480000,3609770,126067187.5600,5.496595,1,-4.044622,87.452683,11.461259,22.174761,-144.424031,0
2018-10-10,sz.300604,66.5184096000,67.7375328000,63.6420408000,67.2422640000,65.5278720000,3262396,113724453.0800,4.967649,1,2.616272,89.740689,11.761118,22.754915,-148.202566,0
2018-10-11,sz.300604,63.9277728000,66.9946296000,61.5276240000,63.1848696000,67.2422640000,3497116,118432373.5100,5.325057,1,-6.033998,84.325741,11.051453,21.381885,-139.260032,0
2018-10-12,sz.300604,63.1658208000,66.5755560000,62.8419912000,66.0993360000,63.1848696000,3674740,125168562.5100,5.595525,1,4.612610,88.215352,11.561212,22.368146,-145.683543,0
2018-10-15,sz.300604,64.9945056000,65.9278968000,59.6227440000,59.8322808000,66.0993360000,5511726,182563481.1900,8.392703,1,-9.481271,79.851418,10.465063,20.247362,-131.870895,0
2018-10-16,sz.300604,59.3370120000,61.6419168000,56.3463504000,60.6132816000,59.8322808000,5137535,160735513.6800,7.822922,1,1.305316,80.893732,10.601665,20.511654,-133.592228,0
2018-10-17,sz.300604,61.1466480000,62.0038440000,56.3463504000,60.1942080000,60.6132816000,5205665,162667500.9800,7.926664,1,-0.691387,80.334441,10.528366,20.369839,-132.668586,0
2018-10-18,sz.300604,57.9654984000,59.4322560000,55.2415200000,55.8129840000,60.1942080000,2946258,89555423.0400,4.486266,1,-7.278485,74.487314,9.762061,18.887224,-123.012328,0
2018-10-19,sz.300604,55.3748616000,58.5369624000,54.1176408000,58.4226696000,55.8129840000,5015612,150696484.6200,7.637270,1,4.675771,77.970168,10.218512,19.770347,-128.764099,0
2018-10-22,sz.300604,59.2798656000,64.2706512000,59.2798656000,64.2706512000,58.4226696000,4913670,161227468.8100,7.482043,1,10.009790,85.774812,11.241363,21.749315,-141.653104,0
2018-10-23,sz.300604,64.6135296000,66.1945800000,62.4991128000,63.0515280000,64.2706512000,4955618,167308757.7900,7.545917,1,-1.896868,84.147785,11.028130,21.336762,-138.966146,0
2018-10-24,sz.300604,63.7182360000,64.2325536000,61.9086000000,62.4419664000,63.0515280000,2939251,97146124.1300,4.475596,1,-0.966766,83.334272,10.921514,21.130485,-137.622666,0
2018-10-25,sz.300604,59.0512800000,61.1466480000,56.5368384000,60.3085008000,62.4419664000,4165616,128748823.6900,6.342982,1,-3.416714,80.486975,10.548357,20.408516,-132.920489,0
2018-10-26,sz.300604,61.1656968000,62.5372104000,58.1940840000,58.4036208000,60.3085008000,2943887,92916128.5100,4.482655,1,-3.158560,77.944746,10.215180,19.763901,-128.722116,0
2018-10-29,sz.300604,57.1464000000,62.5753080000,57.1464000000,59.5084512000,58.4036208000,3210526,101191206.1000,4.888667,1,1.891715,81.009675,10.070443,18.325984,-357.763206,0
2018-10-30,sz.300604,60.1942080000,60.3846960000,55.4510568000,57.5845224000,59.5084512000,4283764,128459810.5400,6.522886,1,-3.233035,78.390604,9.744862,17.733499,-346.196598,0
2018-10-31,sz.300604,58.2893280000,60.0037200000,56.9749608000,58.5750600000,57.5845224000,3605910,110087406.5000,5.490718,1,1.720147,79.739036,9.912488,18.038541,-352.151683,0
2018-11-01,sz.300604,59.9275248000,62.2514784000,58.8036456000,60.1942080000,58.5750600000,4701018,148964063.2100,7.158238,1,2.764229,81.943205,10.186492,18.537167,-361.885957,0
2018-11-02,sz.300604,61.8133560000,65.8326528000,61.8133560000,65.6231160000,60.1942080000,6381312,213818367.5500,9.716821,1,9.018989,89.333652,11.105210,20.209032,-394.524406,0
2018-11-05,sz.300604,64.5182856000,67.2613128000,62.9562840000,65.4135792000,65.6231160000,5071125,173830320.5900,7.721800,1,-0.319305,89.048407,11.069751,20.144504,-393.264676,0
2018-11-06,sz.300604,63.9658704000,65.2992864000,62.3086248000,64.8611640000,65.4135792000,3039772,101634931.8600,4.628659,1,-0.844499,88.296396,10.976267,19.974384,-389.943571,0
2018-11-07,sz.300604,64.8040176000,66.9184344000,63.6420408000,65.1468960000,64.8611640000,4257697,146594678.6600,6.483193,1,0.440533,88.685367,11.024621,20.062377,-391.661384,0
2018-11-08,sz.300604,65.8707504000,66.2707752000,62.8800888000,63.4515528000,65.1468960000,2819164,95257726.9100,4.292740,1,-2.602337,86.377473,10.737723,19.540286,-381.469026,0
2018-11-09,sz.300604,62.8610400000,64.9183104000,62.8610400000,63.3944064000,63.4515528000,2012418,67588406.9100,3.064308,1,-0.090071,86.299679,10.728052,19.522688,-381.125464,0
2018-11-12,sz.300604,63.6801384000,66.0040920000,63.0515280000,65.9088480000,63.3944064000,2780416,94547155.9900,4.233738,1,3.966345,89.722623,11.153564,20.297025,-396.242219,0
2018-11-13,sz.300604,64.8802128000,67.0136784000,64.3849440000,65.6231160000,65.9088480000,3650242,126210258.4900,5.558222,1,-0.433519,89.333652,11.105210,20.209032,-394.524406,0
2018-11-14,sz.300604,64.8992616000,69.3376320000,64.8992616000,67.6803864000,65.6231160000,4256997,151284963.7000,6.482127,1,3.134972,92.134243,11.453356,20.842581,-406.892660,0
2018-11-15,sz.300604,67.2994104000,68.8042656000,66.3088728000,68.5756800000,67.6803864000,3028530,107963824.3900,4.611541,1,1.322829,93.353018,11.604864,21.118292,-412.275141,0
2018-11-16,sz.300604,69.4900224000,70.3091208000,68.0042160000,68.6328264000,68.5756800000,2950427,107178771.4300,4.492614,1,0.083330,93.430812,11.614535,21.135890,-412.618704,0
2018-11-19,sz.300604,67.7565816000,68.4232896000,66.7088976000,67.3946544000,68.6328264000,1992541,70498533.4300,3.034041,1,-1.804046,92.276870,11.471086,20.874846,-407.522547,0
2018-11-20,sz.300604,66.6136536000,67.7756304000,65.4326280000,66.2326776000,67.3946544000,1872362,65150694.9200,2.851045,1,-1.724140,90.685890,11.273309,20.514935,-400.496297,0
2018-11-21,sz.300604,64.9183104000,65.9659944000,64.7278224000,65.5088232000,66.2326776000,1414285,48471393.0700,2.153531,1,-1.092899,89.694787,11.150103,20.290728,-396.119288,0
2018-11-22,sz.300604,65.5088232000,67.3375080000,65.5088232000,66.0802872000,65.5088232000,1445578,50491202.7900,2.201181,1,0.872344,90.477237,11.247371,20.467733,-399.574821,0
2018-11-23,sz.300604,66.0802872000,66.7088976000,60.7847208000,61.1847456000,66.0802872000,2532160,84295255.8600,3.855719,1,-7.408474,83.774253,10.414112,18.951387,-369.972420,0
2018-11-26,sz.300604,61.3942824000,61.3942824000,57.4511808000,58.5179136000,61.1847456000,2636286,81256209.7700,4.014272,1,-4.358654,80.122822,9.960197,18.125361,-353.846599,0
2018-11-27,sz.300604,58.7084016000,59.5275000000,57.9274008000,58.7655480000,58.5179136000,1268497,39216560.4900,1.931540,1,0.423181,80.461884,10.002346,18.202063,-355.343996,0
2018-11-28,sz.300604,58.8607920000,62.2514784000,57.6035712000,61.2418920000,58.7655480000,2144286,68157847.3300,3.265103,1,4.213942,83.852498,10.423839,18.969087,-370.317973,0
2018-11-29,sz.300604,61.9276488000,63.1467720000,60.0989640000,61.0323552000,61.2418920000,1988791,64669646.4200,3.028331,1,-0.342148,83.565600,10.388174,18.904185,-369.050945,0
2018-11-30,sz.300604,59.8322808000,62.2705272000,58.6322064000,61.6419168000,61.0323552000,1621180,51478199.0000,2.468570,1,0.998751,84.400213,10.491926,19.092991,-372.736847,0
2018-12-03,sz.300604,63.8515776000,65.4326280000,62.8991376000,64.7659200000,61.6419168000,2867931,96881461.2000,4.366997,1,5.067983,88.677603,11.023656,20.060621,-391.627095,0
2018-12-04,sz.300604,63.6610896000,64.7468712000,63.2610648000,64.1944560000,64.7659200000,1486674,49926754.0600,2.263758,1,-0.882351,87.895154,10.926388,19.883615,-388.171562,0
2018-12-05,sz.300604,62.7657960000,64.6897248000,61.7752584000,64.3277976000,64.1944560000,2217789,73835742.1800,3.377026,1,0.207714,88.077725,10.949084,19.924917,-388.977853,0
2018-12-06,sz.300604,63.4325040000,65.1087984000,62.3276736000,62.6705520000,64.3277976000,1960766,65262933.7300,2.985658,1,-2.576248,85.808622,10.667008,19.411601,-378.956806,0
2018-12-07,sz.300604,62.2133808000,63.5467968000,62.0038440000,62.0038440000,62.6705520000,987855,32417802.1000,1.504206,1,-1.063837,84.895764,10.553529,19.205094,-374.925351,0
2018-12-10,sz.300604,61.5276240000,62.0800392000,60.9371112000,61.4704776000,62.0038440000,686210,22124705.9000,1.044892,1,-0.860211,84.165478,10.462746,19.039889,-371.700187,0
2018-12-11,sz.300604,61.7181120000,62.3657712000,61.0133064000,61.7181120000,61.4704776000,966675,31306012.1700,1.471956,1,0.402854,84.504539,10.504895,19.116592,-373.197584,0
2018-12-12,sz.300604,61.9086000000,62.4038688000,60.4227936000,61.0133064000,61.7181120000,1094847,35080398.3800,1.667123,1,-1.141984,83.539518,10.384932,18.898285,-368.935760,0
2018-12-13,sz.300604,67.0898736000,67.0898736000,62.8800888000,65.6421648000,61.0133064000,4919879,168734985.3100,7.491498,1,7.586638,89.877359,11.172799,20.332029,-396.925579,0
2018-12-14,sz.300604,66.8612880000,67.3184592000,63.8325288000,64.2135048000,65.6421648000,2447112,84093883.9100,3.726216,1,-2.176437,87.921235,10.929630,19.889516,-388.286746,0
2018-12-17,sz.300604,62.8610400000,65.1278472000,62.8610400000,63.3372600000,64.2135048000,1464450,49262731.9000,2.229917,1,-1.364578,86.721479,10.780487,19.618107,-382.988262,0
2018-12-18,sz.300604,63.3372600000,65.2611888000,62.8610400000,64.1754072000,63.3372600000,1755230,59278432.4000,2.672688,1,1.323304,87.869072,10.923146,19.877715,-388.056377,0
2018-12-19,sz.300604,63.8325288000,65.4326280000,63.6420408000,64.5563832000,64.1754072000,1556087,52719627.6000,2.369453,1,0.593650,88.390705,10.987991,19.995719,-390.360066,0
2018-12-20,sz.300604,64.7468712000,65.4135792000,63.6610896000,64.7278224000,64.5563832000,1115112,37924769.8800,1.697981,1,0.265566,88.625440,11.017171,20.048820,-391.396726,0
2018-12-21,sz.300604,64.6706760000,64.8992616000,61.7181120000,61.7562096000,64.7278224000,1683440,55739247.8700,2.563373,1,-4.590940,84.556703,10.511380,19.128392,-373.427953,0
2018-12-24,sz.300604,61.9086000000,64.1944560000,60.3846960000,63.9087240000,61.7562096000,1765737,58053822.3500,2.688687,1,3.485506,87.503929,10.877754,19.795113,-386.443795,0
2018-12-25,sz.300604,62.9562840000,62.9562840000,59.3751096000,61.2609408000,63.9087240000,3311403,105787376.5200,5.042272,1,-4.143068,83.878580,10.427081,18.974987,-370.433158,0
2018-12-26,sz.300604,60.7847208000,61.8514536000,58.7084016000,59.4894024000,61.2609408000,2779143,87243910.7800,4.231800,1,-2.891792,81.452986,10.125552,18.426270,-359.721005,0
2018-12-27,sz.300604,60.2132568000,60.5942328000,57.1464000000,57.1844976000,59.4894024000,2245674,69343579.3900,3.419487,1,-3.874477,78.297107,9.733239,17.712348,-345.783688,0
2018-12-28,sz.300604,57.6416688000,58.8036456000,55.9082280000,58.2893280000,57.1844976000,2309756,69788601.1500,3.517064,1,1.932045,79.809843,9.921290,18.054559,-352.464385,0
2019-01-02,sz.300604,58.2893280000,58.4036208000,56.8225704000,57.1083024000,58.2893280000,1087222,32821067.2000,1.655512,1,-2.026146,78.192780,9.720270,17.688747,-345.322950,0
2019-01-03,sz.300604,57.2416440000,57.8131080000,55.0129344000,55.0129344000,57.1083024000,1238640,36715056.3000,1.886077,1,-3.669114,75.323799,9.363623,17.039727,-332.652662,0
2019-01-04,sz.300604,53.7176160000,57.3368880000,53.5271280000,56.5368384000,55.0129344000,1852649,54383310.1800,2.821028,1,2.770087,77.410331,9.623003,17.511742,-341.867417,0
2019-01-07,sz.300604,57.3368880000,61.0323552000,57.3368880000,59.6608416000,56.5368384000,3028513,94935668.4100,4.611515,1,5.525604,81.687721,10.154732,18.479372,-360.757665,0
2019-01-08,sz.300604,59.3941584000,60.7466232000,59.1274752000,59.4132072000,59.6608416000,1381188,43349797.9900,2.103134,1,-0.415068,81.348660,10.112583,18.402670,-359.260267,0
2019-01-09,sz.300604,59.3370120000,61.2037944000,59.0703288000,60.0418176000,59.4132072000,1811139,57212649.2000,2.757821,1,1.058031,82.209354,10.219577,18.597376,-363.061354,0
2019-01-10,sz.300604,59.1274752000,60.5751840000,59.0512800000,59.0512800000,60.0418176000,1081450,33887124.9100,1.646723,1,-1.649748,80.853109,10.050980,18.290566,-357.071763,0
2019-01-11,sz.300604,59.1084264000,59.9656224000,58.7464992000,59.0322312000,59.0512800000,739204,22970168.4200,1.125586,1,-0.032259,80.827027,10.047738,18.284666,-356.956578,0
2019-01-14,sz.300604,59.0322312000,59.0322312000,56.1177648000,56.4225456000,59.0322312000,1906071,56953806.3400,2.902373,1,-4.420777,77.253841,9.603549,17.476341,-341.176310,0
2019-01-15,sz.300604,56.9559120000,56.9559120000,55.7177400000,56.7082776000,56.4225456000,1756747,52040992.2100,2.674998,1,0.506413,77.645066,9.652183,17.564844,-342.904077,0
2019-01-16,sz.300604,57.5273760000,57.8893032000,56.3844480000,56.4034968000,56.7082776000,1610011,48149631.5700,2.451563,1,-0.537453,77.227760,9.600307,17.470441,-341.061126,0
2019-01-17,sz.300604,56.1939600000,56.2511064000,52.7651760000,53.6795184000,56.4034968000,3382474,95505568.6300,5.150492,1,-4.829450,73.498084,9.136665,16.626715,-324.589751,0
2019-01-18,sz.300604,53.8890552000,54.5938608000,52.9366152000,54.2890800000,53.6795184000,2293044,64624693.6100,3.438463,1,1.135556,74.332697,9.240417,16.815520,-328.275653,0
2019-01-21,sz.300604,54.2509824000,55.5463008000,53.5271280000,54.7272024000,54.2890800000,3788576,108568724.3900,5.681042,1,0.807016,74.932574,9.314989,16.951225,-330.924895,0
2019-01-22,sz.300604,54.6700560000,54.6700560000,52.9747128000,53.5271280000,54.7272024000,2148752,60546261.5200,3.222095,1,-2.192827,73.289431,9.110727,16.579513,-323.668275,0
2019-01-23,sz.300604,53.5271280000,54.1747872000,51.5841504000,53.7938112000,53.5271280000,3622025,100525275.1700,5.431296,1,0.498219,73.654574,9.156119,16.662116,-325.280858,0
2019-01-24,sz.300604,53.8509576000,59.0322312000,53.2223472000,56.3463504000,53.7938112000,5946502,174979622.4400,8.916894,1,4.745043,77.149515,9.590580,17.452740,-340.715572,0
2019-01-25,sz.300604,55.7558376000,57.1844976000,54.8795928000,55.0510320000,56.3463504000,3472004,102429264.1900,5.206336,1,-2.298852,75.375963,9.370107,17.051528,-332.883031,0
2019-01-28,sz.300604,55.7558376000,55.8129840000,53.6795184000,55.8129840000,55.0510320000,2979837,85816517.3900,4.468323,1,1.384082,76.419228,9.499797,17.287535,-337.490408,0
2019-01-29,sz.300604,55.2224712000,55.6224960000,52.3842000000,53.5271280000,55.8129840000,2311448,64979408.4400,3.466061,1,-4.095559,73.289431,9.110727,16.579513,-323.668275,0
2019-01-30,sz.300604,53.5271280000,54.4605192000,52.3842000000,52.6127856000,53.5271280000,1664438,46707966.4900,2.495857,1,-1.708183,72.037512,8.955099,16.296304,-318.139422,0
2019-01-31,sz.300604,52.4222976000,53.5271280000,47.3553168000,47.3553168000,52.6127856000,5381959,138098040.4600,8.070351,1,-9.992760,64.838977,8.060238,14.667854,-286.348517,0
2019-02-01,sz.300604,47.4315120000,50.7841008000,46.4790720000,50.5364664000,47.3553168000,3924569,100126059.7700,5.884966,1,6.717618,69.194612,8.601694,15.653184,-305.584318,0
2019-02-11,sz.300604,50.7079056000,55.5843984000,50.7079056000,55.5843984000,50.5364664000,5691501,162755943.9000,8.534515,1,9.988690,76.106249,9.460890,17.216733,-336.108195,0
2019-02-12,sz.300604,56.2892040000,56.3844480000,55.1462760000,55.6415448000,55.5843984000,4036348,118216895.0900,6.052581,1,0.102806,76.184494,9.470617,17.234433,-336.453748,0
2019-02-13,sz.300604,56.6701800000,58.5560112000,55.9082280000,57.0511560000,55.6415448000,4364867,130965795.0400,6.545202,1,2.533385,78.114536,9.710544,17.671047,-344.977397,0
2019-02-14,sz.300604,57.5654736000,58.0607424000,56.5558872000,57.3940344000,57.0511560000,2727589,82163100.4400,4.090072,1,0.600996,78.584005,9.768904,17.777250,-347.050717,0
2019-02-15,sz.300604,57.4702296000,57.9464496000,56.5939848000,56.8035216000,57.3940344000,2191100,65750272.2900,3.285596,1,-1.028873,77.775474,9.668394,17.594345,-343.479999,0
2019-02-18,sz.300604,57.4702296000,62.4800640000,57.4702296000,62.4800640000,56.8035216000,4480815,142692287.8000,6.719068,1,9.993292,85.547805,10.634585,19.352599,-377.804962,0
2019-02-19,sz.300604,64.1563584000,66.3850680000,60.2894520000,61.8133560000,62.4800640000,6573960,218962437.0600,9.857779,1,-1.067069,84.634948,10.521107,19.146093,-373.773507,0
2019-02-20,sz.300604,62.4610152000,63.5467968000,60.0037200000,60.8037696000,61.8133560000,3924008,126171748.9000,5.884125,1,-1.633284,83.252620,10.349267,18.833383,-367.668731,0
2019-02-21,sz.300604,60.8609160000,64.3658952000,60.7275744000,60.9371112000,60.8037696000,4756695,155680795.8900,7.132755,1,0.219297,83.435192,10.371963,18.874684,-368.475022,0
2019-02-22,sz.300604,60.6323304000,64.1563584000,60.3085008000,64.0992120000,60.9371112000,4056640,132716312.0800,6.083009,1,5.189127,87.764745,10.910177,19.854114,-387.595639,0
2019-02-25,sz.300604,64.7659200000,69.6614616000,64.7659200000,69.4519248000,64.0992120000,6077137,215450569.5300,9.112783,1,8.350660,95.093688,11.821249,21.512066,-419.962467,0
2019-02-26,sz.300604,69.6995592000,71.4330000000,66.9755808000,69.1280952000,69.4519248000,4969323,180402125.0000,7.451595,1,-0.466259,94.650300,11.766131,21.411763,-418.004331,0
2019-02-27,sz.300604,68.1947040000,69.2423880000,67.2422640000,67.8708744000,69.1280952000,2799746,100172463.7800,4.198273,1,-1.818682,92.928912,11.552143,21.022351,-410.402158,0
2019-02-28,sz.300604,68.0994600000,68.5566312000,65.1278472000,66.1945800000,67.8708744000,3636723,127334041.5600,5.453336,1,-2.469832,141.806704,11.266824,23.975017,-400.265928,0
2019-03-01,sz.300604,67.4327520000,67.5851424000,62.5562592000,64.5754320000,66.1945800000,4476059,151227942.1900,6.711936,1,-2.446039,138.338051,10.991233,23.388578,-390.475250,0
2019-03-04,sz.300604,66.8993856000,68.9566560000,64.5944808000,65.5278720000,64.5754320000,7042331,245777868.5000,10.560110,1,1.474926,140.378435,11.153346,23.733542,-396.234472,0
2019-03-05,sz.300604,64.2325536000,72.0806592000,64.1944560000,72.0806592000,65.5278720000,8795469,320178832.9300,13.188974,1,9.999995,154.416279,12.268680,26.106896,-435.857920,0
2019-03-06,sz.300604,73.2235872000,73.5664656000,69.1090464000,71.0520240000,72.0806592000,8170773,302222055.8300,12.252231,1,-1.427064,152.212664,12.093599,25.734335,-429.637960,0
2019-03-07,sz.300604,70.2900720000,73.0521480000,69.1471440000,71.7377808000,71.0520240000,5097658,191756728.2700,7.644036,1,0.965149,153.681740,12.210320,25.982709,-433.784600,0
2019-03-08,sz.300604,69.9281448000,78.9191784000,68.7852168000,74.3855640000,71.7377808000,7998604,317822744.1300,11.994060,1,3.690917,159.354008,12.660993,26.941710,-449.795237,0
2019-03-11,sz.300604,76.2332976000,79.1668128000,72.4044888000,76.4618832000,74.3855640000,6483778,259178241.7800,9.722549,1,2.791294,163.802046,13.014398,27.693732,-462.350341,0
2019-03-12,sz.300604,76.7476152000,81.4717176000,75.5856384000,80.0049600000,76.4618832000,5815608,240843117.9800,8.720616,1,4.633783,171.392275,13.617457,28.976999,-483.774646,0
2019-03-13,sz.300604,79.7573256000,84.6528672000,75.8332728000,78.1000800000,80.0049600000,5363733,229171213.9000,8.043020,1,-2.380952,167.311507,13.293232,28.287070,-472.256203,0
2019-03-14,sz.300604,76.9571520000,79.1477640000,72.7854648000,74.7093936000,78.1000800000,4173039,163084338.8500,6.257552,1,-4.341460,160.047739,12.716111,27.058998,-451.753372,0
2019-03-15,sz.300604,74.5379544000,76.6523712000,73.6426608000,75.2046624000,74.7093936000,3100823,121889283.2700,4.649743,1,0.662923,161.108739,12.800409,27.238379,-454.748168,0
2019-03-18,sz.300604,75.1856136000,75.4522968000,71.8139760000,74.5189056000,75.2046624000,3779549,145353402.7700,5.667506,1,-0.911856,159.639662,12.683688,26.990005,-450.601528,0
2019-03-19,sz.300604,73.9093440000,77.9857872000,73.6807584000,75.2427600000,74.5189056000,2635560,105015669.1000,3.952073,1,0.971373,161.190354,12.806894,27.252178,-454.978537,0
2019-03-20,sz.300604,74.5760520000,75.9666144000,72.0044640000,72.9188064000,75.2427600000,2636558,101213939.6600,3.953569,1,-3.088611,156.211817,12.411339,26.410465,-440.926035,0
2019-03-21,sz.300604,72.3854400000,74.7855888000,72.0997080000,73.2426360000,72.9188064000,2730312,105369538.8100,4.094155,1,0.444101,156.905547,12.466458,26.527753,-442.884170,0
2019-03-22,sz.300604,74.0045880000,76.9571520000,73.5093192000,74.3855640000,73.2426360000,3389954,133385411.4700,5.083301,1,1.560464,159.354008,12.660993,26.941710,-449.795237,0
2019-03-25,sz.300604,72.5759280000,75.8904192000,72.1949520000,74.1950760000,74.3855640000,2303657,90062917.0700,3.454378,1,-0.256078,158.945932,12.628570,26.872717,-448.643392,0
2019-03-26,sz.300604,74.4808080000,75.2046624000,68.6328264000,69.5852664000,74.1950760000,3123746,116848368.2000,4.684117,1,-6.213099,149.070472,11.843945,25.203090,-420.768758,0
2019-03-27,sz.300604,70.8043896000,72.2520984000,67.5470448000,68.5947288000,69.5852664000,3397174,123318040.5100,5.094127,1,-1.423489,146.948472,11.675348,24.844327,-414.779167,0
2019-03-28,sz.300604,68.5756800000,71.1091704000,68.2899480000,68.7661680000,68.5947288000,3344711,123039174.7000,5.015458,1,0.249931,147.315741,11.704528,24.906421,-415.815827,0
2019-03-29,sz.300604,69.5281200000,71.7377808000,68.8614120000,71.1091704000,68.7661680000,3108204,115123307.3800,4.660811,1,3.407212,152.335087,12.103325,25.755033,-429.983513,0
2019-04-01,sz.300604,71.7758784000,74.6522472000,71.2044144000,74.6522472000,71.1091704000,4120989,158781552.3100,6.179502,1,4.982579,159.925316,12.706384,27.038300,-451.407819,0
2019-04-02,sz.300604,75.8904192000,79.4525448000,75.1475160000,79.4525448000,74.6522472000,5335475,215781548.6100,8.000647,1,6.430213,170.208853,13.523432,28.776920,-480.434298,0
2019-04-03,sz.300604,79.4525448000,79.4525448000,79.4525448000,79.4525448000,79.4525448000,0,0.0000,,0,0.000000,170.208853,13.523432,28.776920,-480.434298,0
2019-04-04,sz.300604,80.0049600000,81.6622056000,73.6807584000,75.5856384000,79.4525448000,6687297,271464436.7300,10.027730,1,-4.866936,161.924893,12.865254,27.376365,-457.051856,0
2019-04-08,sz.300604,74.9189304000,75.6046872000,69.8709984000,70.8615360000,75.5856384000,4286220,162253095.8600,6.427269,1,-6.249999,151.804587,12.061176,25.665342,-428.486115,0
2019-04-09,sz.300604,70.8615360000,76.4999808000,70.2900720000,76.4999808000,70.8615360000,4231343,165253737.4000,6.344980,1,7.956987,163.883661,13.020883,27.707530,-462.580710,0
2019-04-10,sz.300604,75.3380040000,75.3380040000,72.3282936000,73.4902704000,76.4999808000,3491914,135383845.0300,5.236192,1,-3.934258,157.436047,12.508607,26.617443,-444.381568,0
2019-04-11,sz.300604,73.8902952000,74.2141248000,70.0043400000,70.7853408000,73.4902704000,2980798,111270738.2500,4.469764,1,-3.680668,151.641356,12.048207,25.637745,-428.025378,0
2019-04-12,sz.300604,70.3662672000,70.8234384000,68.0613624000,69.1280952000,70.7853408000,2218001,80953814.3900,3.325935,1,-2.341224,148.091087,11.766131,25.037507,-418.004331,0
2019-04-15,sz.300604,71.3187072000,71.4330000000,67.8518256000,67.9280208000,69.1280952000,2138792,77845098.6500,3.207160,1,-1.736018,145.520203,11.561869,24.602852,-410.747712,0
2019-04-16,sz.300604,67.7946792000,70.0233888000,64.0039680000,69.6805104000,67.9280208000,4478692,156134873.2800,6.715884,1,2.579927,149.274510,11.860156,25.237586,-421.344680,0
2019-04-17,sz.300604,68.8614120000,70.8043896000,66.6898488000,70.2138768000,69.6805104000,4174153,151110760.5300,6.259222,1,0.765442,150.417126,11.950940,25.430766,-424.569844,0
2019-04-18,sz.300604,69.2423880000,70.8805848000,69.0519000000,69.5281200000,70.2138768000,3130965,114904011.7900,4.694942,1,-0.976670,148.948049,11.834218,25.182392,-420.423205,0
2019-04-19,sz.300604,69.5281200000,70.1567304000,68.5947288000,69.5281200000,69.5281200000,1852286,67490993.7800,2.777538,1,0.000000,148.948049,11.834218,25.182392,-420.423205,0
2019-04-22,sz.300604,69.5090712000,71.4330000000,68.8614120000,69.9090960000,69.5281200000,2149077,79165635.9500,3.222582,1,0.547947,149.764203,11.899064,25.320378,-422.726893,0
2019-04-23,sz.300604,69.2042904000,71.2425120000,68.9566560000,70.7472432000,69.9090960000,2321593,85704009.2000,3.481273,1,1.198906,151.559741,12.041723,25.623946,-427.795009,0
2019-04-24,sz.300604,70.5758040000,74.2903200000,70.1376816000,74.0998320000,70.7472432000,3916167,149177691.9600,5.872367,1,4.738832,158.741893,12.612359,26.838221,-448.067470,0
2019-04-25,sz.300604,72.6521232000,75.6046872000,71.2615608000,72.3854400000,74.0998320000,3109628,120133375.4900,4.662947,1,-2.313628,155.069202,12.320556,26.217285,-437.700871,0
2019-04-26,sz.300604,72.5378304000,72.5378304000,66.2898240000,66.5755560000,72.3854400000,3644481,131593846.6900,5.464969,1,-8.026314,142.889695,11.074733,24.113003,-66.622707,0
2019-04-29,sz.300604,66.4993608000,66.5184096000,59.9275248000,59.9275248000,66.5755560000,2977381,97531766.6100,4.464640,1,-9.985699,159.561509,9.790014,21.988994,-52.836830,0
2019-04-30,sz.300604,59.7179880000,61.6800144000,59.6227440000,60.2132568000,59.9275248000,1454122,46319440.4700,2.180484,1,0.476801,160.322291,9.836693,22.093837,-53.088754,0
2019-05-06,sz.300604,58.4798160000,58.6322064000,54.1938360000,55.5272520000,60.2132568000,2455369,72839762.4600,3.681873,1,-7.782351,147.845454,9.071167,20.374418,-48.957203,0
2019-05-07,sz.300604,56.2130088000,57.4321320000,55.0510320000,55.9463256000,55.5272520000,1746208,51685154.0400,2.618472,1,0.754721,148.961268,9.139629,20.528187,-49.326691,0
2019-05-08,sz.300604,56.1558624000,60.4227936000,53.8128600000,57.3559368000,55.9463256000,2282131,69232463.1800,3.422099,1,2.519577,152.714464,9.369909,21.045411,-50.569516,0
2019-05-09,sz.300604,57.6226200000,60.8990136000,57.6226200000,58.2893280000,57.3559368000,2369503,74050052.5500,3.553115,1,1.627365,155.199687,9.522391,21.387896,-51.392467,0
2019-05-10,sz.300604,59.1274752000,63.2991624000,57.3940344000,62.9181864000,58.2893280000,3606747,115238105.1300,5.408386,1,7.941171,167.524368,10.278581,23.086347,-55.473633,0
2019-05-13,sz.300604,61.9086000000,63.0324792000,59.5275000000,59.6989392000,62.9181864000,2836316,90628017.0900,4.253110,1,-5.116557,158.952882,9.752672,21.905120,-52.635291,0
2019-05-14,sz.300604,58.6703040000,61.1466480000,58.4036208000,58.9560360000,59.6989392000,1482082,46726845.9700,2.222410,1,-1.244414,156.974847,9.631308,21.632529,-51.980289,0
2019-05-15,sz.300604,59.5275000000,60.5370864000,59.2227192000,59.9465736000,58.9560360000,1199178,37609999.4900,1.798190,1,1.680125,159.612227,9.793126,21.995984,-52.853625,0
2019-05-16,sz.300604,59.9465736000,60.1370616000,57.7178640000,58.3464744000,59.9465736000,1495318,45925698.9900,2.242258,1,-2.669209,155.351844,9.531727,21.408865,-51.442852,0
2019-05-17,sz.300604,59.0512800000,60.6704280000,58.3464744000,58.4798160000,58.3464744000,2495084,77815693.7300,3.741426,1,0.228539,155.706876,9.553510,21.457792,-51.560416,0
2019-05-20,sz.300604,60.0037200000,62.2133808000,59.1465240000,59.7941832000,58.4798160000,2987071,94444532.5200,4.479170,1,2.247552,159.206477,9.768231,21.940068,-52.719266,0
2019-05-21,sz.300604,59.4322560000,60.4227936000,57.7940592000,59.8703784000,59.7941832000,2147513,66878368.8100,3.220237,1,0.127432,159.409352,9.780679,21.968026,-52.786445,0
2019-05-22,sz.300604,59.8703784000,61.8895512000,59.2989144000,61.5276240000,59.8703784000,2493278,79656903.5300,3.738718,1,2.768053,163.821892,10.051413,22.576113,-54.247604,0
2019-05-23,sz.300604,62.0419416000,62.0419416000,58.8607920000,59.9084760000,61.5276240000,2419052,76871617.4600,3.627415,1,-2.631574,159.510790,9.786902,21.982005,-52.820035,0
2019-05-24,sz.300604,58.6703040000,59.3941584000,54.8224464000,55.1272272000,59.9084760000,3088541,90816768.0200,4.631326,1,-7.980923,146.780358,9.005817,20.227638,-48.604509,0
2019-05-27,sz.300604,55.8129840000,59.4894024000,54.6700560000,58.9179384000,55.1272272000,3030911,91962586.6400,4.544909,1,6.876295,156.873409,9.625084,21.618550,-51.946699,0
2019-05-28,sz.300604,59.9656224000,61.6990632000,59.0703288000,60.5180376000,58.9179384000,3267462,103578323.1200,4.899622,1,2.715810,161.118640,9.885553,22.203581,-53.352455,0
2019-05-29,sz.300604,62.0990880000,62.6515032000,59.8703784000,61.0895016000,60.5180376000,2916676,93915650.2100,4.373611,1,0.944285,162.640063,9.978901,22.413246,-53.856256,0
2019-05-30,sz.300604,60.7656720000,60.8228184000,57.4702296000,59.2036704000,61.0895016000,2659410,82656016.6500,3.987836,1,-3.086997,157.619368,9.670853,21.721350,-52.193714,0
2019-05-31,sz.300604,59.8132320000,60.9561600000,58.2702792000,59.5846464000,59.2036704000,2577436,80623459.8600,3.864915,1,0.643503,158.633650,9.733085,21.861127,-52.529581,0
2019-06-03,sz.300604,59.4322560000,60.6704280000,57.4702296000,57.8321568000,59.5846464000,1974253,60733575.6700,2.960430,1,-2.941177,153.967954,9.446818,21.218153,-50.984594,0
2019-06-04,sz.300604,57.2416440000,58.6703040000,55.9272768000,57.3178392000,57.8321568000,1986022,59744754.9000,2.978078,1,-0.889329,152.598674,9.362804,21.029454,-50.531173,0
2019-06-05,sz.300604,57.9083520000,58.1178888000,56.3463504000,56.4034968000,57.3178392000,1766543,52907034.7400,2.648965,1,-1.595213,150.164398,9.213448,20.693989,-49.725093,0
2019-06-06,sz.300604,56.0034720000,56.7654240000,54.4795680000,54.8033976000,56.4034968000,1832278,53111615.8000,2.747536,1,-2.836880,145.904415,8.952073,20.106925,-48.314452,0
2019-06-10,sz.300604,55.5843984000,56.2892040000,54.8224464000,55.7748864000,54.8033976000,1757609,51353629.9800,2.635568,1,1.772681,148.490834,9.110765,20.463357,-49.170912,0
2019-06-11,sz.300604,55.3748616000,61.3561848000,55.3748616000,61.3561848000,55.7748864000,4138653,128717134.8900,6.205989,1,10.006820,163.350060,10.022464,22.511090,-54.091362,0
2019-06-12,sz.300604,60.9561600000,66.4422144000,60.1942080000,65.7183600000,61.3561848000,5746346,190756906.2500,8.616756,1,7.109597,174.963585,10.735020,24.111537,-57.937038,0
2019-06-13,sz.300604,64.4992368000,65.5278720000,62.2895760000,62.8229424000,65.7183600000,4207739,140092457.4800,6.309585,1,-4.405798,167.255044,10.262057,23.049232,-55.384450,0
2019-06-14,sz.300604,63.1860642000,63.2586918600,59.3004843900,60.2446439700,62.8229259000,5262224,87969824.6900,4.152871,1,-4.104041,159.862977,9.808511,22.030539,-52.936658,0
2019-06-17,sz.300604,63.1860642000,65.2922663400,60.6440961000,61.8424524900,60.2446439700,7006292,120730377.6200,5.529264,1,2.652203,164.102863,10.068652,22.614833,-54.340644,0
2019-06-18,sz.300604,58.5742077900,64.2754791000,58.4652663000,61.5156280200,61.8424524900,6156303,104035604.1800,4.858465,1,-0.528480,163.235614,10.015442,22.495319,-54.053465,0
2019-06-19,sz.300604,65.3648940000,67.6526652900,63.9849684600,67.6526652900,61.5156280200,5502435,100953185.0300,4.342442,1,9.976378,179.520630,11.014621,24.739539,-59.446048,0
2019-06-20,sz.300604,74.2617823500,74.4070376700,65.6554046400,67.4710961400,67.6526652900,22892594,444123138.6900,18.066502,1,-0.268380,179.038825,10.985059,24.673142,-59.286504,0
2019-06-21,sz.300604,64.9291280400,70.4125163700,64.9291280400,70.0856919000,67.4710961400,17085762,323915726.5700,13.483835,1,3.875131,185.976821,11.410745,25.629259,-61.583936,0
2019-06-24,sz.300604,68.9962770000,71.8650695700,67.9431759300,68.8510216800,70.0856919000,9009293,171909509.4700,7.110003,1,-1.761659,182.700545,11.209727,25.177759,-60.499037,0
2019-06-25,sz.300604,68.4515695500,71.3929897800,68.2700004000,70.9572238200,68.8510216800,10519357,203439695.4200,8.301724,1,3.059082,188.289486,11.552641,25.947965,-62.349746,0
2019-06-26,sz.300604,70.5214578600,72.5913461700,68.9962770000,69.8678089200,70.9572238200,8550191,165435275.6800,6.747686,1,-1.535318,185.398654,11.375271,25.549583,-61.392483,0
2019-06-27,sz.300604,69.6499259400,76.8400642800,69.3594153000,72.2645217000,69.8678089200,22818032,463792623.4100,18.007659,1,3.430353,191.758483,11.765483,26.426024,-63.498462,0
2019-06-28,sz.300604,71.3566759500,71.3566759500,65.7643461300,68.4515695500,72.2645217000,14652923,276443229.9800,11.563874,1,-5.276378,181.640574,11.144692,25.031686,-60.148041,0
2019-07-01,sz.300604,69.3231014700,75.3148834200,68.9599631700,75.3148834200,68.4515695500,13444086,271532075.2200,10.609877,1,10.026520,199.852811,12.262117,27.541494,-66.178799,0
2019-07-02,sz.300604,76.2590430000,81.7061175000,73.5355057500,73.6081334100,75.3148834200,26896964,567929480.2800,21.226693,1,-2.266149,195.323842,11.984239,26.917362,-64.679087,0
2019-07-03,sz.300604,68.9962770000,71.3566759500,68.0884312500,68.5605110400,73.6081334100,13496826,258238862.3900,10.651499,1,-6.857431,181.929657,11.162429,25.071524,-60.243767,0
2019-07-04,sz.300604,69.6862397700,69.6862397700,66.0911706000,66.5995642200,68.5605110400,7932276,147110283.5200,6.260037,1,-2.860164,176.726160,10.843164,24.354436,-58.520693,0
2019-07-05,sz.300604,66.8900748600,68.5241972100,66.4906227300,67.9068621000,66.5995642200,6157668,115119695.6600,4.859542,1,1.962926,180.195158,11.056007,24.832494,-59.669409,0
2019-07-08,sz.300604,67.9068621000,73.7170749000,67.5437238000,69.1052184900,67.9068621000,11585797,222394498.0300,9.143343,1,1.764705,183.375072,11.251113,25.270715,-60.722399,0
2019-07-09,sz.300604,68.5968248700,75.8959047000,68.4152557200,73.6444472400,69.1052184900,17111418,342218192.4800,13.504082,1,6.568576,195.420203,11.990151,26.930641,-64.710996,0
2019-07-10,sz.300604,71.9376972300,73.3902504300,70.8119685000,71.8650695700,73.6444472400,12849662,254645008.3900,10.140766,1,-2.416173,190.698512,11.700448,26.279950,-63.147466,0
2019-07-11,sz.300604,72.0829525500,72.3371493600,68.9236493400,69.4320429600,71.8650695700,8324345,160583727.2200,6.569452,1,-3.385549,184.242322,11.304324,25.390230,-61.009578,0
2019-07-12,sz.300604,69.6862397700,69.9041227500,66.8900748600,67.2168993300,69.4320429600,7448178,139107418.8200,5.877994,1,-3.190380,178.364298,10.943673,24.580186,-59.063143,0
2019-07-15,sz.300604,63.5492025000,63.5855163300,60.4988407800,62.7139844100,67.2168993300,13976879,237420198.0700,11.030350,1,-6.699080,166.415528,10.210548,22.933539,-55.106454,0
2019-07-16,sz.300604,62.1692769600,64.8565003800,62.1692769600,63.6218301600,62.7139844100,6846289,120371965.5600,5.402992,1,1.447597,168.824554,10.358355,23.265524,-55.904174,0
2019-07-17,sz.300604,63.8397131400,65.9459152800,62.7139844100,63.9486546300,63.6218301600,7828432,138891222.8200,6.178085,1,0.513699,169.691804,10.411566,23.385039,-56.191353,0
2019-07-18,sz.300604,64.2028514400,66.4543089000,63.5492025000,65.6554046400,63.9486546300,9846053,176912370.4300,7.770362,1,2.668934,174.220773,10.689444,24.009171,-57.691065,0
2019-07-19,sz.300604,65.7280323000,70.3762025400,64.7838727200,70.2672610500,65.6554046400,13741999,255452694.2000,10.844986,1,7.024339,186.458626,11.440307,25.695656,-61.743480,0
2019-07-22,sz.300604,68.7783940200,68.7783940200,63.2586918600,63.2586918600,70.2672610500,13869777,247614241.9100,10.945826,1,-9.974161,167.860944,10.299232,23.132730,-55.585086,0
2019-07-23,sz.300604,62.5324152600,64.4570482500,62.3871599400,63.3676333500,63.2586918600,6997620,122117725.6100,5.522420,1,0.172220,168.150027,10.316969,23.172568,-55.680812,0
2019-07-24,sz.300604,63.3676333500,65.6190908100,62.2055907900,64.5659897400,63.3676333500,8269916,146613678.2300,6.526497,1,1.891117,171.329941,10.512075,23.610789,-56.733802,0
2019-07-25,sz.300604,65.1833248500,66.0185429400,63.7307716500,64.2028514400,64.5659897400,6405324,114091912.4900,5.054989,1,-0.562432,170.366331,10.452952,23.477995,-56.414714,0
2019-07-26,sz.300604,64.9291280400,66.3453674100,63.7307716500,63.9486546300,64.2028514400,5857854,104448347.8500,4.622900,1,-0.395900,169.691804,10.411566,23.385039,-56.191353,0
2019-07-29,sz.300604,63.9123408000,64.4207344200,61.6608833400,64.4207344200,63.9486546300,8681684,150130410.6400,6.851459,1,0.738212,170.944497,10.488426,23.557671,-56.606167,0
2019-07-30,sz.300604,63.8033993100,65.3648940000,63.6218301600,64.0939099500,64.4207344200,6076360,108020448.6200,4.795400,1,-0.507300,170.077248,10.435215,23.438157,-56.318988,0
2019-07-31,sz.300604,63.7670854800,64.4570482500,61.8424524900,61.9877078100,64.0939099500,5665699,98188140.2600,4.471300,1,-3.286100,164.488307,10.092302,22.667951,-54.468279,0
2019-08-01,sz.300604,61.8061386600,63.3313195200,61.6971971700,62.5687290900,61.9877078100,4361463,74997371.0600,3.442000,1,0.937300,166.030084,10.186898,22.880421,-54.978819,0
2019-08-02,sz.300604,60.7530375900,61.6608833400,59.8815056700,60.8619790800,62.5687290900,5748794,96084697.2800,4.536900,1,-2.727800,161.501115,9.909020,22.256289,-53.479107,0
2019-08-05,sz.300604,60.3172716300,61.6608833400,58.9373460900,59.5183673700,60.8619790800,3888275,64771172.9300,3.068600,1,-2.207600,157.935756,9.690265,21.764951,-52.298482,0
2019-08-06,sz.300604,58.1021280000,60.0993886500,56.2501226700,59.7362503500,59.5183673700,6003893,96168997.6700,4.738200,1,0.366100,158.513922,9.725739,21.844627,-52.489935,0
2019-08-07,sz.300604,59.9904471600,60.5351546100,58.5015801300,58.6468354500,59.7362503500,3723074,60936168.7500,2.938200,1,-1.823700,155.623091,9.548370,21.446245,-51.532672,0
2019-08-08,sz.300604,58.7557769400,63.8033993100,58.7557769400,63.0408088800,58.6468354500,9422115,160630616.3700,7.435800,1,7.492300,167.282778,10.263758,23.053054,-55.393633,0
2019-08-09,sz.300604,64.5659897400,67.5437238000,64.2028514400,64.7475588900,63.0408088800,13585503,245025789.5700,10.721500,1,2.707400,171.811747,10.541637,23.677186,-56.893346,0
2019-08-12,sz.300604,66.1274844300,70.4125163700,65.0380695300,69.7951812600,64.7475588900,14063773,262965092.1500,11.098900,1,7.795800,185.205932,11.363447,25.523024,-61.328666,0
2019-08-13,sz.300604,68.6331387000,72.9907983000,68.6331387000,70.0856919000,69.7951812600,14483071,281577339.5400,11.429800,1,0.416200,185.976821,11.410745,25.629259,-61.583936,0
2019-08-14,sz.300604,72.3008355300,73.8260163900,70.9935376500,72.0829525500,70.0856919000,11602515,230820413.3400,9.156500,1,2.849700,191.276678,11.735922,26.359626,-63.338918,0
2019-08-15,sz.300604,70.3762025400,74.2617823500,70.3762025400,73.2086812800,72.0829525500,9990035,199136940.0400,7.884000,1,1.561700,194.263871,11.919203,26.771288,-64.328090,0
2019-08-16,sz.300604,73.2086812800,80.5440749400,72.6276600000,80.5440749400,73.2086812800,21702409,469970470.3800,17.127200,1,10.019800,213.728802,13.113489,29.453729,-70.773663,0
2019-08-19,sz.300604,81.0161547300,84.0665164500,76.9853196000,82.4323941000,80.5440749400,23483524,519218615.8700,18.532900,1,2.344500,218.739577,13.420928,30.144258,-72.432919,0
2019-08-20,sz.300604,80.9798409000,82.2508249500,78.7283834400,80.0719951500,82.4323941000,13303542,292967693.8800,10.499000,1,-2.863400,212.476109,13.036629,29.281096,-70.358849,0
2019-08-21,sz.300604,79.4546600400,82.9044738900,79.3457185500,79.8177983400,80.0719951500,11430348,254689139.6700,9.020700,1,-0.317500,211.801581,12.995243,29.188141,-70.135487,0
2019-08-22,sz.300604,80.7619579200,83.3402398500,79.8177983400,82.9407877200,79.8177983400,11454353,257529203.9100,9.039600,1,3.912700,220.088631,13.503701,30.330170,-72.879642,0
2019-08-23,sz.300604,83.1586707000,83.1586707000,79.5272877000,79.9267398300,82.9407877200,8845371,196131603.7300,6.980600,1,-3.634000,212.090664,13.012979,29.227979,-70.231214,0
2019-08-26,sz.300604,78.6194419500,87.9157824300,78.6194419500,87.9157824300,79.9267398300,23546040,557436666.0900,18.582200,1,9.995500,546.908641,14.523639,33.841211,-118.656079,0
2019-08-27,sz.300604,84.2480856000,88.0610377500,83.9212611300,85.3375005000,87.9157824300,16530915,390496087.8800,13.046000,1,-2.932700,530.869602,14.097708,32.848759,-115.176285,0
2019-08-28,sz.300604,85.3375005000,85.3375005000,79.8541121700,79.8904260000,85.3375005000,13196683,296181876.9100,10.414600,1,-6.383000,496.984308,13.197854,30.752030,-107.824607,0
2019-08-29,sz.300604,79.7088568500,81.6334898400,78.9099525900,79.3457185500,79.8904260000,9087908,199938673.4400,7.172000,1,-0.681800,493.595779,13.107869,30.542357,-107.089440,0
2019-08-30,sz.300604,79.5636015300,82.2145111200,76.5858674700,79.4546600400,79.3457185500,11718887,258458251.3100,9.248400,1,0.137300,494.273485,13.125866,30.584292,-107.236473,0
2019-09-02,sz.300604,78.8736387600,82.6502770800,76.8037504500,81.7061175000,79.4546600400,11172799,246923378.0500,8.817400,1,2.833600,508.279406,13.497805,31.450940,-110.275167,0
2019-09-03,sz.300604,82.9771015500,89.8767292500,82.9771015500,89.8767292500,81.7061175000,14508832,348452684.7000,11.450200,1,10.000000,559.107347,14.847586,34.596034,-121.302683,0
2019-09-04,sz.300604,94.1254473600,96.1227080100,88.1699792400,92.1645005400,89.8767292500,21901685,556769036.9400,17.284500,1,2.545500,573.339170,15.225525,35.476660,-124.390388,0
2019-09-05,sz.300604,92.1645005400,100.0809154800,90.7845750000,95.0696069400,92.1645005400,18462418,489195056.9900,14.570300,1,3.152100,591.411327,15.705447,36.594916,-128.311283,0
2019-09-06,sz.300604,94.8880377900,100.0446016500,92.5276388400,94.1980750200,95.0696069400,13502508,359244897.4900,10.656000,1,-0.916700,585.989680,15.561470,36.259439,-127.135014,0
2019-09-09,sz.300604,96.7400431200,98.4467931300,94.5248994900,97.4300058900,94.1980750200,10355365,275636082.7600,8.172300,1,3.431000,606.094954,16.095383,37.503498,-131.497010,0
2019-09-10,sz.300604,97.4300058900,97.5026335500,90.3488090400,93.9801920400,97.4300058900,12735984,330966945.3100,10.051100,1,-3.540800,584.634268,15.525476,36.175570,-126.840947,0
2019-09-11,sz.300604,96.9216122700,98.7009899400,89.6225324400,90.4940643600,93.9801920400,16574256,426058022.5500,13.080200,1,-3.709400,562.947680,14.949569,34.833663,-122.135873,0
2019-09-12,sz.300604,92.2371282000,92.7818356500,88.4241760500,89.0415111600,90.4940643600,9855029,243411459.2000,7.777400,1,-1.605100,553.911602,14.709608,34.274535,-120.175426,0
2019-09-16,sz.300604,89.8404154200,91.4019101100,86.2453462500,89.7314739300,89.0415111600,11577744,284324097.9200,9.137000,1,0.774900,558.203739,14.823590,34.540121,-121.106639,0
2019-09-17,sz.300604,89.6951601000,90.9661441500,86.0274632700,86.4269154000,89.7314739300,9603191,232144030.9200,7.578700,1,-3.682700,537.646661,14.277679,33.268105,-116.646621,0
2019-09-18,sz.300604,86.7900537000,87.2258196600,84.0302026200,85.7006388000,86.4269154000,7241533,170582149.2300,5.714900,1,-0.840300,533.128621,14.157698,32.988541,-115.666397,0
2019-09-19,sz.300604,85.5916973100,89.9856707400,84.6112239000,88.4241760500,85.7006388000,11762177,283949746.7200,9.282500,1,3.178000,550.071268,14.607625,34.036906,-119.342236,0
2019-09-20,sz.300604,88.1699792400,92.1281867100,87.5526441300,89.2957079700,88.4241760500,12152808,300636640.8000,9.590800,1,0.985600,555.492915,14.751602,34.372383,-120.518504,0
2019-09-23,sz.300604,89.3320218000,91.3292824500,85.7006388000,91.0387718100,89.2957079700,12863851,310568961.1000,10.152000,1,1.952000,566.336209,15.039555,35.043336,-122.871041,0
2019-09-24,sz.300604,92.1645005400,96.9216122700,89.6951601000,94.3433303400,91.0387718100,19553611,506726063.1100,15.431400,1,3.629800,651.080194,17.290006,40.287062,-141.256907,0
2019-09-25,sz.300604,93.6896814000,96.1590218400,88.6783728600,88.6783728600,94.3433303400,11806982,300249840.0000,9.317900,1,-6.004600,611.985309,16.251807,37.867977,-132.774968,0
2019-09-26,sz.300604,87.6252717900,89.3320218000,79.8177983400,79.8177983400,88.6783728600,14491072,331620443.5600,11.436100,1,-9.991800,550.836900,14.627957,34.084281,-119.508346,0
2019-09-27,sz.300604,79.7451706800,81.3429792000,77.8568515200,79.0552079100,79.8177983400,8875346,194577889.0900,7.004300,1,-0.955400,545.574127,14.488200,33.758635,-118.366546,0
2019-09-30,sz.300604,78.6557557800,79.3457185500,75.7869632100,76.1864153400,79.0552079100,8134005,173282163.5600,6.419200,1,-3.628900,525.776076,13.962445,32.533586,-114.071205,0
2019-10-08,sz.300604,77.4210855600,78.4741866300,74.8428036300,76.5495536400,76.1864153400,6336211,134725640.1900,5.000400,1,0.476600,528.282159,14.028996,32.688655,-114.614919,0
2019-10-09,sz.300604,75.7143355500,77.7115962000,74.4433515000,77.5300270500,76.5495536400,5759520,121757702.0600,4.545300,1,1.280800,535.048581,14.208684,33.107343,-116.082947,0
2019-10-10,sz.300604,77.7115962000,78.9825802500,76.8037504500,78.4378728000,77.5300270500,5645477,121358392.5900,4.455300,1,1.171000,541.313787,14.375062,33.495017,-117.442232,0
2019-10-11,sz.300604,79.1641494000,79.3094047200,75.6417078900,77.2395164100,78.4378728000,6697493,142988275.2600,5.285600,1,-1.527800,533.043715,14.155443,32.983287,-115.647976,0
2019-10-14,sz.300604,78.7646972700,81.3429792000,77.8931653500,81.3429792000,77.2395164100,8484781,186526270.5900,6.696100,1,5.312600,561.362446,14.907472,34.735573,-121.791945,0
2019-10-15,sz.300604,77.3484579000,77.3484579000,73.2086812800,73.2086812800,81.3429792000,11917931,245499288.7800,9.405500,1,-10.000000,505.226201,13.416725,31.262016,-109.612750,0
2019-10-16,sz.300604,72.4097770200,74.3344100100,72.1918940400,72.5913461700,73.2086812800,7522541,151755653.8500,5.936700,1,-0.843300,500.965861,13.303588,30.998398,-108.688436,0
2019-10-17,sz.300604,73.3176227700,73.3539366000,71.7198142500,72.5913461700,72.5913461700,3979222,79541092.2200,3.140300,1,0.000000,500.965861,13.303588,30.998398,-108.688436,0
2019-10-18,sz.300604,72.1555802100,73.0997397900,69.7588674300,72.1918940400,72.5913461700,6824803,134636126.8000,5.386000,1,-0.550300,498.209170,13.230382,30.827821,-108.090351,0
2019-10-21,sz.300604,72.1918940400,72.4824046800,68.9599631700,70.1583195600,72.1918940400,7322933,141846199.7700,5.779200,1,-2.816900,484.175109,12.857695,29.959432,-105.045552,0
2019-10-22,sz.300604,70.8482823300,73.6444472400,70.4851440300,72.5913461700,70.1583195600,6654792,132191741.5900,5.251900,1,3.467900,500.965861,13.303588,30.998398,-108.688436,0
2019-10-23,sz.300604,72.8455429800,73.5718195800,71.3566759500,71.5019312700,72.5913461700,4013296,79996859.0600,3.167200,1,-1.500700,493.447614,13.103934,30.533189,-107.057294,0
2019-10-24,sz.300604,71.7924419100,72.0829525500,70.1946333900,70.7393408400,71.5019312700,3461942,67786928.2800,2.732100,1,-1.066500,488.184841,12.964177,30.207543,-105.915495,0
2019-10-25,sz.300604,70.6667131800,73.4628780900,69.6499259400,72.7366014900,70.7393408400,5494894,108998207.2300,4.336500,1,2.823400,501.968294,13.330208,31.060425,-108.905922,0
2019-10-28,sz.300604,73.5718195800,78.6194419500,73.5718195800,77.0216334300,72.7366014900,9125312,191608646.3900,7.201600,1,5.891200,1199.192051,6.909577,26.997931,-89.509669,0
2019-10-29,sz.300604,77.2395164100,78.6194419500,75.5327664000,75.7869632100,77.0216334300,7470205,158811827.5900,5.895400,1,-1.603000,1179.968794,6.798816,26.565149,-88.074813,0
2019-10-30,sz.300604,76.1501015100,79.6725430200,75.0606866100,78.1110483300,75.7869632100,9106030,195868074.5900,7.186300,1,3.066600,1216.153749,7.007308,27.379797,-90.775718,0
2019-10-31,sz.300604,76.9853196000,79.4909738700,76.6584951300,77.2032025800,78.1110483300,6780003,145577212.6600,5.350700,1,-1.162200,1202.019001,6.925866,27.061575,-89.720677,0
2019-11-01,sz.300604,76.2590430000,79.0552079100,76.2590430000,78.1473621600,77.2032025800,5520677,119032547.1900,4.356800,1,1.223000,1216.719139,7.010566,27.392526,-90.817920,0
2019-11-04,sz.300604,78.1473621600,80.3625057900,77.3484579000,79.6725430200,78.1473621600,6696597,146593946.4600,5.284900,1,1.951700,1240.465517,7.147389,27.927138,-92.590388,0
2019-11-05,sz.300604,79.2730908900,81.9966281400,78.6194419500,81.2703515400,79.6725430200,8537073,189076159.5100,6.737300,1,2.005500,1265.342674,7.290728,28.487208,-94.447260,0
2019-11-06,sz.300604,81.3066653700,81.8876866500,78.0747345000,79.9993674900,81.2703515400,7777088,170909562.3600,6.137600,1,-1.563900,1245.554026,7.176709,28.041698,-92.970203,0
2019-11-07,sz.300604,79.1641494000,80.0719951500,78.3652451400,79.0915217400,79.9993674900,3736690,81458567.4600,2.948900,1,-1.134800,1231.419278,7.095266,27.723476,-91.915162,0
2019-11-08,sz.300604,79.1641494000,79.8904260000,77.0216334300,77.0216334300,79.0915217400,5393440,116122013.0900,4.256400,1,-2.617100,1199.192051,6.909577,26.997931,-89.509669,0
2019-11-11,sz.300604,76.2227291700,77.8205376900,75.8959047000,76.2227291700,77.0216334300,4180176,88419760.6500,3.298900,1,-1.037200,1186.753473,6.837908,26.717896,-88.581233,0
2019-11-12,sz.300604,76.4406121500,76.5495536400,73.6444472400,75.8595908700,76.2227291700,6192062,128410789.2300,4.886700,1,-0.476400,1181.099573,6.805331,26.590607,-88.159217,0
2019-11-13,sz.300604,76.2590430000,77.9657930100,75.4238249100,77.1668887500,75.8595908700,7096902,150565667.0500,5.600800,1,1.723300,1201.453611,6.922608,27.048846,-89.678475,0
2019-11-14,sz.300604,76.2590430000,79.1278355700,74.5886068200,78.1110483300,77.1668887500,8530365,181158366.4700,6.732000,1,1.223500,1216.153749,7.007308,27.379797,-90.775718,0
2019-11-15,sz.300604,77.7479100300,80.4351334500,77.0216334300,77.3121440700,78.1110483300,8120751,176485955.8100,6.408800,1,-1.022800,1203.715171,6.935639,27.099762,-89.847282,0
2019-11-18,sz.300604,75.7506493800,76.8037504500,73.9349578800,76.5132398100,77.3121440700,7944506,164663662.3500,6.269700,1,-1.033400,1191.276592,6.863970,26.819727,-88.918846,0
2019-11-19,sz.300604,75.4238249100,79.5636015300,74.6249206500,78.7646972700,76.5132398100,8914438,188721402.8000,7.035100,1,2.942600,1226.330768,7.065947,27.608916,-91.535347,0
2019-11-20,sz.300604,78.4015589700,79.7814845100,77.5300270500,79.5272877000,78.7646972700,11169359,242407195.9500,8.814700,1,0.968200,1238.203957,7.134358,27.876223,-92.421582,0
2019-11-21,sz.300604,78.5831281200,79.3094047200,76.2227291700,76.2590430000,79.5272877000,7161442,153482828.5900,5.651700,1,-4.109600,1187.318863,6.841166,26.730624,-88.623435,0
2019-11-22,sz.300604,76.6221813000,77.9294791800,73.8260163900,74.1891546900,76.2590430000,6073300,126646596.5800,4.793000,1,-2.714300,1155.091636,6.655477,26.005079,-86.217941,0
2019-11-25,sz.300604,73.7170749000,74.1528408600,68.6694525300,69.7225536000,74.1891546900,6866363,133827793.9300,5.418800,1,-6.020600,1085.548674,6.254780,24.439428,-81.027140,0
2019-11-26,sz.300604,69.5409844500,70.8119685000,68.6694525300,69.7951812600,69.7225536000,4153769,79460463.6900,3.278100,1,0.104200,1086.679454,6.261295,24.464886,-81.111543,0
2019-11-27,sz.300604,69.4683567900,72.1555802100,69.2141599800,70.8845961600,69.7951812600,4309192,84335571.1200,3.400800,1,1.560900,1103.641152,6.359026,24.846752,-82.377592,0
2019-11-28,sz.300604,70.2672610500,72.1192663800,69.9041227500,70.6303993500,70.8845961600,3178749,62178099.0100,2.508600,1,-0.358600,1099.683423,6.336222,24.757650,-82.082181,0
2019-11-29,sz.300604,70.4488302000,71.9013834000,70.3762025400,71.1387929700,70.6303993500,2888544,56609361.0200,2.279600,1,0.719800,1107.598882,6.381830,24.935854,-82.673004,0
2019-12-02,sz.300604,71.2114206300,74.1528408600,70.9209099900,73.2086812800,71.1387929700,5331965,106985961.7600,4.207900,1,2.909600,1139.826108,6.567519,25.661399,-85.078497,0
2019-12-03,sz.300604,72.9907983000,75.3511972500,71.9740110600,75.2785695900,73.2086812800,6385524,129609764.8600,5.039400,1,2.827400,1172.053334,6.753208,26.386945,-87.483990,0
2019-12-04,sz.300604,74.5159791600,79.0915217400,74.5159791600,77.2758302400,75.2785695900,9062030,191670099.7500,7.151600,1,2.653200,1203.149781,6.932381,27.087033,-89.805080,0
2019-12-05,sz.300604,76.4406121500,79.4546600400,76.4406121500,78.0747345000,77.2758302400,8850512,190168440.8000,6.984700,1,1.033800,1215.588359,7.004051,27.367068,-90.733516,0
2019-12-06,sz.300604,77.5300270500,82.6865909100,77.5300270500,81.2703515400,78.0747345000,12576393,278865428.8500,9.925100,1,4.093000,1265.342674,7.290728,28.487208,-94.447260,0
2019-12-09,sz.300604,82.2508249500,85.1559313500,79.9630536600,80.1446228100,81.2703515400,12947078,291617819.4700,10.217600,1,-1.385200,1247.815586,7.189739,28.092613,-93.139010,0
2019-12-10,sz.300604,80.9072132400,82.9044738900,79.5999153600,82.5050217600,80.1446228100,10421126,233914820.4300,8.224200,1,2.945200,1284.565931,7.401490,28.919990,-95.882116,0
2019-12-11,sz.300604,82.4687079300,83.3765536800,80.7982717500,81.7424313300,82.5050217600,8975977,202901122.5500,7.083700,1,-0.924300,1272.692743,7.333078,28.652684,-94.995881,0
2019-12-12,sz.300604,81.9603143100,86.2090324200,81.5608621800,83.7396919800,81.7424313300,14057367,324904008.0100,11.093900,1,2.443400,1303.789189,7.512251,29.352771,-97.316971,0
2019-12-13,sz.300604,83.9575749600,85.2648728400,80.1083089800,82.6502770800,83.7396919800,9589560,218637173.5200,7.567900,1,-1.301000,1286.827491,7.414521,28.970905,-96.050922,0
2019-12-16,sz.300604,83.5218090000,85.3375005000,82.7955324000,85.3375005000,82.6502770800,9994663,231967070.7400,7.887600,1,3.251300,1328.666346,7.655590,29.912842,-99.173843,0
2019-12-17,sz.300604,84.4296547500,85.9185217800,83.2312983600,83.5581228300,85.3375005000,9533811,220631481.6200,7.523900,1,-2.085100,1300.962240,7.495963,29.289127,-97.105963,0
2019-12-18,sz.300604,83.9938887900,85.0469898600,82.7955324000,83.9212611300,83.5581228300,7976656,184673047.0100,6.295100,1,0.434600,1306.616139,7.528540,29.416416,-97.527980,0
2019-12-19,sz.300604,84.8291068800,88.0610377500,84.0302026200,84.9743622000,83.9212611300,11176076,263423345.2100,8.820000,1,1.254900,1323.012447,7.623013,29.785553,-98.751827,0
2019-12-20,sz.300604,83.9212611300,85.0833036900,81.0161547300,81.0524685600,84.9743622000,9693423,221181958.4700,7.649900,1,-4.615400,1261.950334,7.271182,28.410835,-94.194050,0
2019-12-23,sz.300604,79.8904260000,83.3039260200,78.0747345000,81.6698036700,81.0524685600,10145737,226594675.2700,8.006900,1,0.761600,1271.561963,7.326563,28.627226,-94.911478,0
2019-12-24,sz.300604,82.6865909100,86.0637771000,80.7619579200,85.4827558200,81.6698036700,11556222,266420144.9700,9.120000,1,4.668700,1330.927906,7.668621,29.963757,-99.342650,0
2019-12-25,sz.300604,85.5190696500,92.2371282000,84.3207132600,89.7677877600,85.4827558200,21028309,517384099.7300,16.595200,1,5.012700,1397.643918,8.053029,31.465764,-104.322443,0
2019-12-26,sz.300604,90.4214367000,92.4913250100,89.3320218000,91.6561069200,89.7677877600,15763676,394105552.3800,12.440500,1,2.103600,1427.044195,8.222430,32.127665,-106.516928,0
2019-12-27,sz.300604,90.8208888300,91.1113994700,86.8263675300,87.1895058300,91.6561069200,14651196,358412836.8500,11.562500,1,-4.873200,1357.501233,7.821733,30.562014,-101.326127,0
2019-12-30,sz.300604,85.7369526300,87.6978994500,82.8681600600,87.5526441300,87.1895058300,8944456,210986102.3100,7.058800,1,0.416500,1363.155132,7.854310,30.689303,-101.748143,0
2019-12-31,sz.300604,87.5163303000,88.2426069000,84.7564792200,86.4995430600,87.5526441300,6396021,152220653.7800,5.047600,1,-1.202800,1346.758824,7.759836,30.320165,-100.524296,0
2020-01-02,sz.300604,87.1531920000,90.3851228700,86.2090324200,89.0778249900,86.4995430600,8053822,196964967.5700,6.356000,1,2.980700,1386.901510,7.991133,31.223915,-103.520612,0
2020-01-03,sz.300604,88.8599420100,91.4382239400,88.0247239200,88.8236281800,89.0778249900,8230641,202961642.2100,6.495500,1,-0.285400,1382.943780,7.968329,31.134813,-103.225200,0
2020-01-06,sz.300604,86.5721707200,91.1477133000,85.7006388000,89.8041015900,88.8236281800,7393418,181635206.4800,5.834800,1,1.103800,1398.209308,8.056287,31.478493,-104.364645,0
2020-01-07,sz.300604,90.4214367000,90.4214367000,87.1531920000,88.3152345600,89.8041015900,8260918,201061135.1900,6.519400,1,-1.657900,1375.028321,7.922721,30.956609,-102.634377,0
2020-01-08,sz.300604,88.4241760500,88.4241760500,85.6280111400,85.6280111400,88.3152345600,6274228,149988698.6600,4.951500,1,-3.042800,1333.189466,7.681652,30.014673,-99.511456,0
2020-01-09,sz.300604,86.4269154000,87.4800164700,85.8822079500,87.0805643400,85.6280111400,5419060,129581464.6900,4.276600,1,1.696400,1355.805063,7.811960,30.523827,-101.199522,0
2020-01-10,sz.300604,87.6615856200,89.6225324400,86.7174260400,88.2062930700,87.0805643400,8313586,202283162.2600,6.561000,1,1.292700,1373.332151,7.912948,30.918422,-102.507773,0
2020-01-13,sz.300604,87.4800164700,93.8712505500,87.1531920000,93.7986228900,88.2062930700,14770180,371801468.3200,11.656400,1,6.340100,1460.402201,8.414634,32.878668,-109.006824,0
2020-01-14,sz.300604,93.3265431000,94.3070165100,90.7119473400,91.0750856400,93.7986228900,11718534,296785005.6600,9.248100,1,-2.903600,1417.997956,8.170306,31.924003,-105.841702,0
2020-01-15,sz.300604,90.7119473400,93.2539154400,90.0582984000,92.3823835200,91.0750856400,9764077,245972107.6500,7.705700,1,1.435400,1438.351994,8.287584,32.382242,-107.360961,0
2020-01-16,sz.300604,92.3460696900,98.9551867500,91.6924207500,96.3042771600,92.3823835200,14826719,392405129.0900,11.701000,1,4.245300,1499.414107,8.639415,33.756960,-111.918737,0
2020-01-17,sz.300604,95.7958835400,98.7736176000,94.7790963000,98.5194207900,96.3042771600,11522318,307795027.0700,9.093200,1,2.300100,1533.902893,8.838135,34.533421,-114.493037,0
2020-01-20,sz.300604,97.6115750400,108.3604687200,97.2847505700,105.9274421100,98.5194207900,22408752,649316725.8700,17.684700,1,7.519400,1649.242439,9.502705,37.130110,-123.102171,0
2020-01-21,sz.300604,104.3296335900,111.3018889500,103.4944155000,107.0894846700,105.9274421100,16146509,479446336.8000,12.742600,1,1.097000,1667.334917,9.606951,37.537434,-124.452623,0
2020-01-22,sz.300604,104.5838304000,117.8020645200,103.4944155000,116.1679421700,107.0894846700,16952777,520843602.2500,13.378900,1,8.477400,1808.682401,10.421376,40.719651,-135.003032,0
2020-01-23,sz.300604,112.4639315100,115.5142932300,104.5838304000,108.1425857400,116.1679421700,15831093,482418821.7400,12.493700,1,-6.908400,1683.731225,9.701424,37.906571,-125.676470,0
2020-02-03,sz.300604,97.3210644000,99.0278144100,97.3210644000,97.3210644000,108.1425857400,12959020,347359995.5200,10.227100,1,-10.006700,1515.245025,8.730630,34.113368,-113.100383,0
2020-02-04,sz.300604,100.2624846300,104.9469687000,100.2624846300,104.2206921000,97.3210644000,11697829,330549441.7700,9.231800,1,7.089600,1622.669112,9.349593,36.531853,-121.118694,0
2020-02-05,sz.300604,103.5307293300,110.0672187300,102.4050006000,107.9610165900,104.2206921000,11750214,347169490.7700,9.273100,1,3.588800,1680.904276,9.685136,37.842927,-125.465462,0
2020-02-06,sz.300604,106.0363836000,111.7739687400,105.3464208300,110.1398463900,107.9610165900,10769361,322413520.1500,8.499000,1,2.018200,1714.827672,9.880598,38.606659,-127.997560,0
2020-02-07,sz.300604,108.9414900000,112.5365591700,107.8520751000,111.3382027800,110.1398463900,11660541,352773638.9500,9.202300,1,1.088000,1733.485539,9.988102,39.026712,-129.390214,0
2020-02-10,sz.300604,109.6677666000,112.3549900200,106.6174048800,108.5420378700,111.3382027800,9415847,283040664.9500,7.430800,1,-2.511400,1689.950515,9.737259,38.046589,-126.140688,0
2020-02-11,sz.300604,108.5783517000,109.9945910700,106.0000697700,106.1090112600,108.5420378700,8318712,246537062.4800,6.565000,1,-2.241600,1652.069389,9.518993,37.193755,-123.313179,0
2020-02-12,sz.300604,106.3995219000,109.3046283000,104.9469687000,108.5783517000,106.1090112600,10378029,306503769.6500,8.190200,1,2.327200,1690.515904,9.740517,38.059318,-126.182890,0
2020-02-13,sz.300604,107.9247027600,118.5646549500,107.4889368000,112.2097347000,108.5783517000,14802820,460224009.5700,11.682200,1,3.344500,1747.054898,10.066287,39.332205,-130.403054,0
2020-02-14,sz.300604,112.5728730000,119.8356390000,111.8829102300,115.5142932300,112.2097347000,14058952,449361933.1600,11.095100,1,2.945000,1798.505382,10.362737,40.490532,-134.243402,0
2020-02-17,sz.300604,117.2936709000,119.0004209100,114.7880166300,117.9473198400,115.5142932300,10959856,352861751.2600,8.649400,1,2.106300,1836.386508,10.581003,41.343366,-137.070912,0
2020-02-18,sz.300604,119.8356390000,125.2100858400,118.3104581400,122.9223145500,117.9473198400,12223159,410052967.7000,9.646300,1,4.218000,1913.844929,11.027308,43.087221,-142.852536,0
2020-02-19,sz.300604,119.8719528300,130.6934741700,119.8719528300,125.5369103100,122.9223145500,13580603,466854535.9800,10.717600,1,2.127000,1913.844929,11.027308,43.087221,-142.852536,0
2020-02-20,sz.300604,123.7938464700,126.9894635100,119.1456762300,124.3022400900,125.5369103100,11059598,375029590.2100,8.728100,1,-0.983500,1935.329746,11.151100,43.570918,-144.456198,0
2020-02-21,sz.300604,122.5591762500,126.6626390400,122.5591762500,125.5005964800,124.3022400900,10232869,350844357.5900,8.075600,1,0.964100,1953.987614,11.258604,43.990971,-145.848852,0
2020-02-24,sz.300604,123.8664741300,132.9086178000,123.5033358300,131.1655539600,125.5005964800,12161553,429493959.1500,9.597700,1,4.513900,2042.188444,11.766805,45.976674,-152.432307,0
2020-02-25,sz.300604,125.6458518000,133.9980327000,121.6876443300,132.5454795000,131.1655539600,13546766,482975321.5800,10.690900,1,1.052100,2063.673261,11.890597,46.460371,-154.035970,0
2020-02-26,sz.300604,129.8945699100,132.1823412000,119.2909315500,119.2909315500,132.5454795000,13180943,449392851.5300,10.402200,1,-10.000000,1857.305935,10.701538,41.814334,-138.632373,0
2020-02-27,sz.300604,119.4725007000,120.7071709200,107.6705059500,110.7208676700,119.2909315500,11989125,373052206.5800,9.461600,1,-7.184200,1723.873911,9.932721,38.810321,-128.672787,0
2020-02-28,sz.300604,104.4385750800,106.0363836000,99.6451495200,99.6451495200,110.7208676700,11406708,322702830.8900,9.002000,1,-10.003300,1551.429981,8.939123,34.928016,-115.801288,0
2020-03-02,sz.300604,102.5502559200,104.8380272100,99.6451495200,102.6591974100,99.6451495200,9456507,266548960.1700,7.462900,1,3.024800,694.960901,9.209512,22.043755,-119.304024,0
2020-03-03,sz.300604,104.8017133800,107.6341921200,103.0586495400,104.5475165700,102.6591974100,8102243,235006678.0700,6.394200,1,1.839400,707.744052,9.378912,22.449229,-121.498509,0
2020-03-04,sz.300604,102.3686867700,104.0391229500,97.8657718500,102.4413144300,104.5475165700,7574625,211179728.0900,5.977800,1,-2.014600,693.485922,9.189966,21.996970,-119.050814,0
2020-03-05,sz.300604,104.3296335900,105.0922240200,99.8630325000,101.7150378300,102.4413144300,6283678,176003317.6800,4.959000,1,-0.709000,688.569326,9.124812,21.841018,-118.206781,0
2020-03-06,sz.300604,100.0809154800,102.9497080500,100.0082878200,101.1340165500,101.7150378300,4341050,121691863.7200,3.425900,1,-0.571200,684.636049,9.072689,21.716257,-117.531555,0
2020-03-09,sz.300604,98.3015378100,100.0809154800,93.3265431000,93.6896814000,101.1340165500,6718474,178562657.0400,5.302100,1,-7.360900,634.240936,8.404861,20.117753,-108.880220,0
2020-03-10,sz.300604,93.6896814000,98.4104793000,92.9270909700,98.2652239800,93.6896814000,7227893,191902121.9800,5.704100,1,4.883700,665.215493,8.815331,21.100248,-114.197626,0
2020-03-11,sz.300604,98.5194207900,100.5529952700,94.7790963000,95.2874899200,98.2652239800,5413903,145610001.0600,4.272600,1,-3.030300,645.057448,8.548199,20.460847,-110.737092,0
2020-03-12,sz.300604,93.7623090600,96.4495324800,92.9997186300,93.7623090600,95.2874899200,3870586,100723414.8800,3.054600,1,-1.600600,634.732595,8.411376,20.133348,-108.964623,0
2020-03-13,sz.300604,89.2957079700,101.2429580400,89.1867664800,98.7736176000,93.7623090600,10527819,281704942.9800,8.308400,1,5.344700,668.657110,8.860938,21.209414,-114.788449,0
2020-03-16,sz.300604,101.6787240000,104.6201442300,99.5725218600,100.4803676100,98.7736176000,12480115,350228265.3300,9.849100,1,1.727900,680.211112,9.014050,21.575900,-116.771925,0
2020-03-17,sz.300604,102.5502559200,105.8548144500,96.8852984400,105.8548144500,100.4803676100,12560817,353630402.2200,9.912800,1,5.348800,716.593925,9.496189,22.729942,-123.017767,0
2020-03-18,sz.300604,107.8520751000,110.2851017100,103.7849261400,104.5112027400,105.8548144500,13269629,393366019.7100,10.472200,1,-1.269300,707.498222,9.375655,22.441432,-121.456307,0
2020-03-19,sz.300604,104.9106548700,110.3577293700,103.2765325200,110.2487878800,104.5112027400,10809253,316969877.7100,8.429200,1,5.489900,746.339334,9.890371,23.673449,-128.124165,0
2020-03-20,sz.300604,109.4861974500,111.8465964000,106.4721495600,107.5252506300,110.2487878800,8925057,267330701.4600,6.959900,1,-2.470400,727.902097,9.646044,23.088631,-124.959043,0
2020-03-23,sz.300604,102.4050006000,104.9832825300,96.7763569500,96.7763569500,107.5252506300,7496642,205519843.8900,5.846000,1,-9.996600,655.136470,8.681765,20.780547,-112.467359,0
2020-03-24,sz.300604,98.8099314300,98.9188729200,87.3710749800,92.0918728800,96.7763569500,8518844,217698486.9400,6.643100,1,-4.840500,623.424424,8.261522,19.774660,-107.023348,0
2020-03-25,sz.300604,94.2707026800,95.4327452400,92.2371282000,93.3265431000,92.0918728800,4761950,122958377.1100,3.713400,1,1.340700,631.782637,8.372284,20.039777,-108.458203,0
2020-03-26,sz.300604,94.2343888500,94.9243516200,90.4214367000,90.9298303200,93.3265431000,4547592,116646320.4200,3.546300,1,-2.568100,615.557869,8.157276,19.525137,-105.672895,0
2020-03-27,sz.300604,92.8181494800,93.6896814000,87.8794686000,88.2062930700,90.9298303200,4642182,115198474.8800,3.620100,1,-2.995200,597.120633,7.912948,18.940319,-102.507773,0
2020-03-30,sz.300604,85.7369526300,86.3906015700,80.6167026000,82.5050217600,88.2062930700,6248090,142087266.2000,4.872400,1,-6.463600,558.525351,7.401490,17.716099,-95.882116,0
2020-03-31,sz.300604,83.9212611300,85.7006388000,82.1055696300,82.3597664400,82.5050217600,3893114,89660052.7300,3.035900,1,-0.176100,557.542032,7.388459,17.684908,-95.713309,0
2020-04-01,sz.300604,82.0692558000,85.1559313500,81.0524685600,83.0134153800,82.3597664400,3903911,90122203.1600,3.046300,1,0.793700,561.966969,7.447097,17.825265,-96.472939,0
2020-04-02,sz.300604,80.4714472800,86.6084845500,80.2898781300,86.6084845500,83.0134153800,6942981,160897468.0800,5.397400,1,4.330700,586.304121,7.769610,18.597225,-100.650901,0
2020-04-03,sz.300604,86.2816600800,86.9716228500,82.4323941000,83.5944366600,86.6084845500,5315996,123430698.8800,4.132600,1,-3.480100,565.900246,7.499221,17.950026,-97.148165,0
2020-04-07,sz.300604,85.5553834800,86.5721707200,84.9380483700,85.4101281600,83.5944366600,5060215,119265153.7300,3.933700,1,2.172000,578.191737,7.662106,18.339905,-99.258247,0
2020-04-08,sz.300604,85.1559313500,87.5163303000,84.1391441100,86.5358568900,85.4101281600,5621150,133280539.4400,4.369800,1,1.318000,585.812461,7.763094,18.581630,-100.566497,0
2020-04-09,sz.300604,86.7900537000,87.7342132800,85.3375005000,85.8095802900,86.5358568900,4127683,98050765.4000,3.208800,1,-0.839300,580.895865,7.697940,18.425678,-99.722465,0
2020-04-10,sz.300604,86.3179739100,86.6811122100,82.3234526100,82.6865909100,85.8095802900,4564676,105472196.0200,3.548500,1,-3.639400,559.754500,7.417778,17.755087,-96.093124,0
2020-04-13,sz.300604,81.3429792000,83.0860430400,80.7982717500,81.5971760100,82.6865909100,2748074,61711463.1000,2.136300,1,-1.317500,552.379606,7.320047,17.521159,-94.827075,0
2020-04-14,sz.300604,82.1418834600,83.8486334700,82.1418834600,83.7396919800,81.5971760100,3103190,70893299.5900,2.412400,1,2.625700,566.883565,7.512251,17.981216,-97.316971,0
2020-04-15,sz.300604,83.8486334700,86.3179739100,82.9771015500,84.2117717700,83.7396919800,4939245,115611745.8100,3.839700,1,0.563800,570.079353,7.554602,18.082585,-97.865593,0
2020-04-16,sz.300604,83.1949845300,85.9185217800,81.9603143100,85.0833036900,84.2117717700,4152791,96710040.8900,3.228300,1,1.034900,575.979268,7.632786,18.269727,-98.878432,0
2020-04-17,sz.300604,85.9911494400,89.5862186100,85.9911494400,86.8626813600,85.0833036900,8015378,193911039.7900,6.231000,1,2.091300,588.024929,7.792413,18.651808,-100.946312,0
2020-04-20,sz.300604,87.5889579600,89.1504526500,86.9353090200,88.3152345600,86.8626813600,4171348,101011802.8300,3.242700,1,1.672200,597.858122,7.922721,18.963711,-102.634377,0
2020-04-21,sz.300604,87.1531920000,87.1895058300,84.9743622000,86.3542877400,88.3152345600,4727970,111716752.9000,3.675400,1,-2.220400,584.583312,7.746806,18.542642,-100.355489,0
2020-04-22,sz.300604,85.5190696500,89.9130430800,85.0469898600,89.2593941400,86.3542877400,6252728,151803308.2800,4.860800,1,3.364200,604.249698,8.007422,19.166448,-103.731620,0
2020-04-23,sz.300604,89.2230803100,90.6756335100,87.0079366800,87.0442505100,89.2593941400,3819587,92480633.7700,2.969300,1,-2.481700,589.254079,7.808702,18.690796,-101.157320,0
2020-04-24,sz.300604,86.8989951900,88.1699792400,83.1586707000,83.7396919800,87.0442505100,4116170,96688892.9400,3.199800,1,-3.796400,566.883565,7.512251,17.981216,-97.316971,0
2020-04-27,sz.300604,84.6112239000,84.9743622000,82.0692558000,82.4323941000,83.7396919800,2866229,65806427.5900,2.228200,1,-1.561100,558.033691,7.394974,17.700504,-95.797713,0
2020-04-28,sz.300604,81.8876866500,87.9884100900,80.3261919600,86.2453462500,82.4323941000,6985239,163193109.2400,5.430200,1,4.625500,625.373695,7.489718,18.714614,-233.921917,0
2020-04-29,sz.300604,85.1922451800,94.8880377900,85.1922451800,91.4745377700,86.2453462500,12972617,328792194.8700,10.084700,1,6.063200,497.472496,7.902934,16.869253,-127.249716,0
2020-04-30,sz.300604,92.7818356500,96.4132186500,91.1477133000,96.0137665200,91.4745377700,12083397,314364054.1000,9.393400,1,4.962300,522.158507,8.295100,17.706354,-133.564211,0
2020-05-06,sz.300604,94.4159580000,100.2261708000,94.0891335300,99.0278144100,96.0137665200,10367327,279002780.9500,8.059400,1,3.139200,538.550018,8.555499,18.262189,-137.757036,0
2020-05-07,sz.300604,98.1925963200,100.0809154800,95.5780005600,96.0863941800,99.0278144100,7739261,206517551.8700,6.016400,1,-2.970300,522.553483,8.301375,17.719748,-133.665243,0
2020-05-08,sz.300604,96.5947878000,98.7736176000,95.4690590700,96.2679633300,96.0863941800,6924516,184518936.1000,5.383000,1,0.189000,523.540924,8.317062,17.753232,-133.917823,0
2020-05-11,sz.300604,96.9579261000,99.2093835600,96.0137665200,97.5752612100,96.2679633300,7281152,195700773.8600,5.660200,1,1.358000,530.650495,8.430005,17.994317,-135.736398,0
2020-05-12,sz.300604,96.4132186500,102.0418623000,96.4132186500,101.2429580400,97.5752612100,9883639,271081447.7900,7.683400,1,3.758800,550.596792,8.746876,18.670694,-140.838510,0
2020-05-13,sz.300604,101.8602931500,105.9637559400,100.2624846300,102.0055484700,101.2429580400,10841049,308137937.6700,8.427600,1,0.753200,554.744042,8.812760,18.811327,-141.899345,0
2020-05-14,sz.300604,100.4803676100,104.7290857200,100.4803676100,104.1480644400,102.0055484700,9774800,277902369.0100,7.598800,1,2.100400,566.395839,8.997862,19.206439,-144.879787,0
2020-05-15,sz.300604,105.2011655100,107.1257985000,102.8770803900,103.6759846500,104.1480644400,10337292,298693808.8900,8.036000,1,-0.453300,563.828494,8.957077,19.119380,-144.223080,0
2020-05-18,sz.300604,106.3995219000,109.2320006400,103.8212399700,104.9832825300,103.6759846500,13433144,393879909.8200,10.442700,1,1.260900,570.938065,9.070021,19.360465,-146.041655,0
2020-05-19,sz.300604,106.7626602000,109.1230591500,103.8938676300,108.9051761700,104.9832825300,12048153,353553656.0200,9.366000,1,3.735700,592.266778,9.408852,20.083720,-151.497379,0
2020-05-20,sz.300604,106.2905804100,107.8883889300,101.2429580400,102.6591974100,108.9051761700,12658505,364522476.0700,9.840500,1,-5.735200,558.298827,8.869232,18.931870,-142.808633,0
2020-05-21,sz.300604,103.3128463500,103.3128463500,96.9942399300,97.1758090800,102.6591974100,8821980,241171583.4300,6.858100,1,-5.341400,528.478126,8.395495,17.920652,-135.180722,0
2020-05-22,sz.300604,96.4495324800,97.4300058900,92.5276388400,93.5807399100,97.1758090800,8239004,215179434.7200,6.404900,1,-3.699600,508.926805,8.084899,17.257668,-130.179642,0
2020-05-25,sz.300604,93.7986228900,95.3601175800,91.5108516000,93.5807399100,93.5807399100,5857826,150979684.9400,4.553800,1,0.000000,508.926805,8.084899,17.257668,-130.179642,0
2020-05-26,sz.300604,93.8712505500,99.7540910100,93.5807399100,99.7540910100,93.5807399100,9128748,243108573.9500,5.695500,1,6.596800,542.499780,8.618245,18.396125,-138.767356,0
2020-05-27,sz.300604,99.2093835600,101.5334686800,98.1562824900,100.0082878200,99.7540910100,7915283,217182491.3900,4.938400,1,0.254800,543.882197,8.640207,18.443003,-139.120967,0
2020-05-28,sz.300604,99.4635803700,100.0082878200,95.3238037500,99.2456973900,100.0082878200,6644459,178978892.7700,4.145600,1,-0.762500,539.734947,8.574323,18.302370,-138.060132,0
2020-05-29,sz.300604,98.4104793000,102.5865697500,98.2652239800,100.0446016500,99.2456973900,6282132,174272560.4700,3.919500,1,0.805000,544.079685,8.643344,18.449700,-139.171483,0
2020-06-01,sz.300604,100.7708782500,106.9079155200,100.2261708000,104.9469687000,100.0446016500,7836870,225567122.7700,4.889500,1,4.900200,570.740577,9.066883,19.353768,-145.991139,0
2020-06-02,sz.300604,106.3995219000,108.2515272300,103.5307293300,107.3436814800,104.9469687000,8818491,257351278.4300,5.502000,1,2.283700,583.774791,9.273947,19.795758,-149.325192,0
2020-06-03,sz.300604,107.3799953100,111.7376549100,106.0363836000,108.2152134000,107.3436814800,10080269,302448926.0700,6.289200,1,0.811900,588.514505,9.349243,19.956481,-150.537575,0
2020-06-04,sz.300604,107.4163091400,111.8102825700,106.3995219000,108.8325485100,108.2152134000,7221012,217250603.7100,4.505300,1,0.570500,591.871802,9.402578,20.070327,-151.396347,0
2020-06-05,sz.300604,108.9414900000,111.6650272500,107.1257985000,110.7571815000,108.8325485100,9134619,276772824.4800,5.699200,1,1.768400,602.338671,9.568856,20.425257,-154.073693,0
2020-06-08,sz.300604,111.8465964000,112.3549900200,106.5810910500,107.8883889300,110.7571815000,7881694,237096713.7000,4.917500,1,-2.590200,586.737112,9.321007,19.896210,-150.082932,0
2020-06-09,sz.300604,107.1621123300,113.0812666200,106.0363836000,110.6845538400,107.8883889300,9700117,295498642.7300,6.052000,1,2.591700,601.943695,9.562582,20.411864,-153.972661,0
2020-06-10,sz.300604,109.7767080900,110.5756123500,107.4889368000,107.9973304200,110.6845538400,4371384,130550321.7300,2.727400,1,-2.427800,587.329576,9.330419,19.916300,-150.234480,0
2020-06-11,sz.300604,108.2152134000,110.0309049000,105.4190484900,106.2542665800,107.9973304200,5514300,163593379.3400,3.440400,1,-1.614000,577.850148,9.179827,19.594853,-147.809713,0
2020-06-12,sz.300604,103.4217878400,107.1257985000,103.1312772000,104.6201442300,106.2542665800,5654119,163965544.3700,3.527700,1,-1.537900,568.963184,9.038647,19.293497,-145.536495,0
2020-06-15,sz.300604,103.2765325200,104.5112027400,99.8630325000,99.8630325000,104.6201442300,7544876,211828006.0200,4.707300,1,-4.547000,543.092244,8.627657,18.416216,-138.918904,0
2020-06-16,sz.300604,101.2429580400,102.6591974100,100.5893091000,101.7513516600,99.8630325000,4852412,135752114.7200,3.027500,1,1.890900,553.361625,8.790798,18.764450,-141.545734,0
2020-06-17,sz.300604,101.7513516600,101.9692346400,99.0278144100,100.4440537800,101.7513516600,4006322,110730344.3600,2.499600,1,-1.284800,546.252054,8.677854,18.523364,-139.727159,0
2020-06-18,sz.300604,100.1172293100,102.5502559200,100.0809154800,101.7876654900,100.4440537800,4456957,124696965.8500,2.780700,1,1.337700,553.559113,8.793936,18.771146,-141.596250,0
2020-06-19,sz.300604,101.6787240000,104.3659474200,100.4440537800,103.7486123100,101.7876654900,6955554,196847282.7600,4.339700,1,1.926500,564.223470,8.963352,19.132774,-144.324112,0
2020-06-22,sz.300604,104.2206921000,109.1956868100,104.2206921000,108.9051761700,103.7486123100,9328707,275962003.1800,5.820300,1,4.970200,592.266778,9.408852,20.083720,-151.497379,0
2020-06-23,sz.300604,108.2152134000,109.8493357500,107.1257985000,108.5057240400,108.9051761700,5863254,174514639.0000,3.658200,1,-0.366800,590.094409,9.374342,20.010055,-150.941703,0
2020-06-24,sz.300604,108.6872931900,111.1203198000,107.5615644600,110.0309049000,108.5057240400,7301342,219704009.8100,4.555400,1,1.405600,598.388909,9.506110,20.291321,-153.063374,0
2020-06-29,sz.300604,108.9414900000,112.3186761900,107.9610165900,110.7934953300,110.0309049000,7800180,237058436.7000,4.866600,1,0.693100,602.536159,9.571994,20.431954,-154.124209,0
2020-06-30,sz.300604,111.3382027800,112.3186761900,109.8130219200,111.8102825700,110.7934953300,6783119,207637575.5800,4.232100,1,0.917700,608.065826,9.659839,20.619465,-155.538656,0
2020-07-01,sz.300604,112.4639315100,114.3522506700,107.1257985000,110.5756123500,111.8102825700,9069182,276556672.2900,5.658400,1,-1.104300,601.351231,9.553170,20.391773,-153.821113,0
2020-07-02,sz.300604,109.6677666000,113.2991496000,108.9778038300,111.6650272500,110.5756123500,8519468,261545890.5400,5.315400,1,0.985200,607.275873,9.647289,20.592677,-155.336592,0
2020-07-03,sz.300604,111.4834581000,113.8801708800,108.7599208500,112.7907559800,111.6650272500,8699097,267746316.1000,5.427500,1,1.008100,613.398004,9.744547,20.800278,-156.902587,0
2020-07-06,sz.300604,114.5701336500,121.8328996500,113.2991496000,120.8524262400,112.7907559800,12652419,412155650.8800,7.894000,1,7.147500,657.240360,10.441034,22.286969,-168.117131,0
2020-07-07,sz.300604,122.1234102900,128.7688411800,120.9250539000,121.1429368800,120.8524262400,12043691,414413391.3800,7.514200,1,0.240400,658.820264,10.466133,22.340544,-168.521259,0
2020-07-08,sz.300604,123.2128251900,126.6989528700,119.1819900600,124.9195752000,121.1429368800,9924175,337115046.0900,6.191800,1,3.117500,679.359026,10.792415,23.037012,-173.774919,0
2020-07-09,sz.300604,123.4670220000,126.9894635100,122.5591762500,124.3748677500,124.9195752000,11759302,404503629.8800,7.336800,1,-0.436100,676.396704,10.745355,22.936559,-173.017180,0
2020-07-10,sz.300604,123.4670220000,127.3889156400,120.1261496400,126.4810698900,124.3748677500,12187769,418104308.2000,7.604100,1,1.693400,687.851013,10.927320,23.324974,-175.947106,0
2020-07-13,sz.300604,125.8274209500,135.0874476000,125.8274209500,134.1069741900,126.4810698900,14113559,511728553.5100,8.805600,1,6.029300,729.323512,11.586159,24.731303,-186.555458,0
2020-07-14,sz.300604,132.8359901400,132.8359901400,122.3412932700,125.6095379700,134.1069741900,12394077,435989885.7000,7.732800,1,-6.336300,683.111299,10.852024,23.164251,-174.734723,0
2020-07-15,sz.300604,127.0984050000,127.7883677700,115.1148411000,115.5142932300,125.6095379700,11243016,371329397.7200,7.014600,1,-8.037000,628.209611,9.979846,21.302539,-160.691284,0
2020-07-16,sz.300604,116.4584528100,117.7657506900,109.3409421300,110.6845538400,115.5142932300,8102437,254050461.4600,5.055200,1,-4.181100,601.943695,9.562582,20.411864,-153.972661,0
2020-07-17,sz.300604,110.6482400100,112.5728730000,107.4163091400,108.4694102100,110.6845538400,6989402,210059950.5200,4.360800,1,-2.001300,589.896921,9.371204,20.003359,-150.891187,0
2020-07-20,sz.300604,109.7767080900,113.4080910900,106.5084633900,113.3717772600,108.4694102100,5873903,178152891.2600,3.664800,1,4.519600,616.557813,9.794744,20.907427,-157.710843,0
2020-07-21,sz.300604,113.2991496000,115.4053517400,111.8465964000,114.7153889700,113.3717772600,5463824,171504720.4900,3.408900,1,1.185100,623.864873,9.910825,21.155209,-159.579933,0
2020-07-22,sz.300604,115.2964102500,117.9110060100,114.3159368400,115.0785272700,114.7153889700,5552730,177704549.7100,3.464400,1,0.316600,625.839754,9.942198,21.222177,-160.085093,0
2020-07-23,sz.300604,113.5896602400,115.4779794000,108.5057240400,112.3913038500,115.0785272700,6939500,213620762.3300,4.329600,1,-2.335100,611.225635,9.710036,20.726614,-156.346911,0
2020-07-24,sz.300604,112.2823623600,113.1902081100,103.8938676300,105.0559101900,112.3913038500,6486001,193164876.6300,4.046700,1,-6.526700,571.333041,9.076295,19.373859,-146.142687,0
2020-07-27,sz.300604,104.2206921000,105.8548144500,101.2792718700,103.2039048600,105.0559101900,4413131,125558024.0000,2.753400,1,-1.762900,561.261148,8.916292,19.032322,-143.566372,0
2020-07-28,sz.300604,103.7849261400,105.2737931700,101.8239793200,104.0028091200,103.2039048600,3792344,108134107.2300,2.366100,1,0.774100,565.605886,8.985313,19.179651,-144.677724,0
2020-07-29,sz.300604,103.4944155000,107.4163091400,102.9133942200,106.7263463700,104.0028091200,5421250,158331230.1200,3.382400,1,2.618700,580.417493,9.220613,19.681912,-148.466421,0
2020-07-30,sz.300604,107.3799953100,108.5057240400,104.5112027400,105.3464208300,106.7263463700,4775849,139469413.5700,2.979700,1,-1.293000,572.912946,9.101394,19.427433,-146.546814,0
2020-07-31,sz.300604,106.2179527500,110.6845538400,105.0559101900,109.7040804300,105.3464208300,6242494,185620619.9800,3.894800,1,4.136500,596.611516,9.477874,20.231050,-152.608730,0
2020-08-03,sz.300604,112.1007932100,116.5673943000,110.2851017100,115.5506070600,109.7040804300,8221300,259440992.9600,5.129400,1,5.329400,628.407099,9.982984,21.309236,-160.741800,0
2020-08-04,sz.300604,116.2042560000,116.4221389800,110.7571815000,112.1007932100,115.5506070600,5442283,169453319.8100,3.395500,1,-2.985500,609.645730,9.684937,20.673039,-155.942784,0
2020-08-05,sz.300604,118.7099102700,119.3635592100,112.8633836400,114.3885645000,112.1007932100,6707632,212476562.8900,4.185000,1,2.040800,622.087480,9.882589,21.094938,-159.125290,0
2020-08-06,sz.300604,112.6455006600,113.6622879000,110.3214155400,112.8633836400,114.3885645000,5770579,178113946.1000,3.600300,1,-1.333300,613.792980,9.750821,20.813672,-157.003619,0
2020-08-07,sz.300604,111.8465964000,113.1175804500,106.5810910500,109.3772559600,112.8633836400,4829892,145414825.2500,3.013400,1,-3.088800,594.834124,9.449638,20.170779,-152.154086,0
2020-08-10,sz.300604,108.2152134000,111.3382027800,105.8548144500,108.2878410600,109.3772559600,5111726,151984895.5500,3.189300,1,-0.996000,588.909481,9.355518,19.969875,-150.638607,0
2020-08-11,sz.300604,108.9414900000,109.1230591500,104.2570059300,104.5112027400,108.2878410600,3926574,115669613.0000,2.449800,1,-3.487600,568.370720,9.029235,19.273407,-145.384947,0
2020-08-12,sz.300604,104.7653995500,105.7821867900,100.5529952700,103.5670431600,104.5112027400,3593327,101510971.8700,2.241900,1,-0.903400,563.236029,8.947665,19.099290,-144.071532,0
2020-08-13,sz.300604,104.6564580600,104.6564580600,103.0223357100,103.6396708200,103.5670431600,2189915,62551894.4100,1.366300,1,0.070100,563.631006,8.953940,19.112683,-144.172564,0
2020-08-14,sz.300604,103.8212399700,105.1285378500,102.9860218800,105.1285378500,103.6396708200,2440897,70074655.1300,1.522900,1,1.436600,571.728017,9.082570,19.387252,-146.243718,0
2020-08-17,sz.300604,105.3101070000,107.6705059500,104.2206921000,107.2347399900,105.1285378500,3496269,102175273.8600,2.181400,1,2.003500,583.182326,9.264535,19.775667,-149.173644,0
2020-08-18,sz.300604,107.1257985000,107.2347399900,104.6927718900,105.4190484900,107.2347399900,3353646,97584727.9700,2.092400,1,-1.693200,573.307922,9.107669,19.440827,-146.647846,0
2020-08-19,sz.300604,104.9469687000,105.0195963600,100.9887612300,101.4245271900,105.4190484900,3569134,100821746.0800,2.226800,1,-3.789200,551.584232,8.762562,18.704178,-141.091090,0
2020-08-20,sz.300604,100.2624846300,102.2597452800,98.6283622800,99.3546388800,101.4245271900,2483422,68419582.5700,1.549400,1,-2.040800,540.327411,8.583735,18.322460,-138.211680,0
2020-08-21,sz.300604,99.8630325000,101.3155857000,98.1199686600,100.2261708000,99.3546388800,2215167,60926358.8400,1.382100,1,0.877200,545.067125,8.659031,18.483184,-139.424063,0
2020-08-24,sz.300604,100.8798197400,104.4748889100,98.7736176000,103.6033569900,100.2261708000,3635557,102629452.4500,2.268300,1,3.369600,563.433517,8.950802,19.105987,-144.122048,0
2020-08-25,sz.300604,103.4581016700,106.0363836000,102.4050006000,105.5279899800,103.6033569900,3909272,112562692.5400,2.439000,1,1.857700,573.900386,9.117081,19.460917,-146.799394,0
2020-08-26,sz.300604,105.2374793400,106.0363836000,98.8462452600,100.9524474000,105.5279899800,3819103,107169069.9400,2.382800,1,-4.335900,549.016887,8.721777,18.617120,-140.434382,0
2020-08-27,sz.300604,97.9747133400,104.0754367800,96.8852984400,103.2039048600,100.9524474000,3787718,104849054.2500,2.363200,1,2.230200,561.261148,8.916292,19.032322,-143.566372,0
2020-08-28,sz.300604,105.1285378500,105.6006176400,103.1675910300,104.2206921000,103.2039048600,4329905,124601991.5900,2.346300,1,0.985200,242.205360,8.688448,14.665436,222.258926,0
2020-08-31,sz.300604,106.6174048800,112.4276176800,106.2542665800,107.7068197800,104.2206921000,7564127,227534149.5800,4.098900,1,3.344900,250.307003,8.979072,15.155988,229.693371,0
2020-09-01,sz.300604,105.8185006200,110.3214155400,105.8185006200,109.0504314900,107.7068197800,4808372,143537304.9500,2.605600,1,1.247500,253.429511,9.091084,15.345054,232.558729,0
2020-09-02,sz.300604,107.6705059500,111.7013410800,107.1257985000,110.9024368200,109.0504314900,5687374,171080352.3700,3.081900,1,1.698300,257.733509,9.245478,15.605659,236.508278,0
2020-09-03,sz.300604,110.7571815000,112.2097347000,108.5057240400,109.7403942600,110.9024368200,5476577,166426438.4800,2.967700,1,-1.047800,255.032961,9.148603,15.442142,234.030130,0
2020-09-04,sz.300604,107.4163091400,113.9164847100,107.4163091400,113.1175804500,109.7403942600,7355809,227346748.0000,3.986000,1,3.077400,262.881427,9.430145,15.917364,241.232249,0
2020-09-07,sz.300604,115.1511549300,116.2042560000,107.7431336100,108.2152134000,113.1175804500,7742381,236963508.7100,4.195500,1,-4.333900,251.488492,9.021455,15.227526,230.777560,0
2020-09-08,sz.300604,108.1062719100,108.7236070200,101.8602931500,104.5838304000,108.2152134000,5990362,173148911.0300,3.246100,1,-3.355700,243.049281,8.718721,14.716535,223.033347,0
2020-09-09,sz.300604,103.4217878400,103.5670431600,97.7205165300,98.6646761100,104.5838304000,5857213,161706796.1100,3.174000,1,-5.659700,229.293367,8.225266,13.883620,210.410279,0
2020-09-10,sz.300604,100.2261708000,101.4971548500,98.3015378100,99.3909527100,98.6646761100,4238295,116355543.2300,2.296700,1,0.736100,230.981209,8.285813,13.985819,211.959122,0
2020-09-11,sz.300604,99.0641282400,101.8239793200,97.1031814200,101.4245271900,99.3909527100,3067446,84834814.6500,1.662200,1,2.046000,235.707167,8.455343,14.271973,216.295881,0
2020-09-14,sz.300604,102.2234314500,105.2374793400,101.6787240000,104.9832825300,101.4245271900,4427525,126976106.3300,2.399200,1,3.508800,243.977594,8.752022,14.772744,223.885210,0
2020-09-15,sz.300604,100.9524474000,105.1648516800,98.1199686600,103.1312772000,104.9832825300,6522086,181526480.7800,3.534200,1,-1.764100,239.673597,8.597628,14.512139,219.935662,0
2020-09-16,sz.300604,101.8239793200,103.8575538000,99.6451495200,100.1535431400,103.1312772000,3041512,84466708.9500,1.648200,1,-2.887300,232.753444,8.349387,14.093127,213.585407,0
2020-09-17,sz.300604,99.9356601600,104.4022612500,99.8630325000,103.7849261400,100.1535431400,4202330,118640288.4800,2.277200,1,3.625800,241.192655,8.652120,14.604117,221.329620,0
2020-09-18,sz.300604,103.1312772000,104.5475165700,102.5139420900,103.8575538000,103.7849261400,3282713,93615345.3100,1.778900,1,0.070000,241.361439,8.658175,14.614337,221.484504,0
2020-09-21,sz.300604,104.0754367800,104.7653995500,101.8966069800,102.4776282600,103.8575538000,3042734,86740599.0000,1.648800,1,-1.328700,238.154539,8.543136,14.420161,218.541703,0
2020-09-22,sz.300604,101.7150378300,102.4413144300,99.3183250500,99.5362080300,102.4776282600,2866554,79400342.6900,1.553400,1,-2.870300,231.318778,8.297922,14.006258,212.268890,0
2020-09-23,sz.300604,100.0446016500,100.7708782500,98.4104793000,99.7904048400,99.5362080300,2763642,75750856.6100,1.497600,1,0.255400,231.909522,8.319113,14.042028,212.810985,0
2020-09-24,sz.300604,98.7736176000,99.8630325000,96.8489846100,97.6478888700,99.7904048400,2213906,59860489.4200,1.199700,1,-2.147000,226.930388,8.140501,13.740543,208.241899,0
2020-09-25,sz.300604,97.6478888700,99.3909527100,92.1645005400,92.9634048000,97.6478888700,5896668,152788472.8100,3.195300,1,-4.797300,216.043805,7.749975,13.081365,198.251864,0
2020-09-28,sz.300604,93.4354845900,96.1590218400,91.3292824500,92.2008143700,92.9634048000,4484540,115223780.0400,2.430100,1,-0.820300,214.271571,7.686401,12.974057,196.625579,0
2020-09-29,sz.300604,92.5276388400,94.9606654500,90.8935164900,93.8712505500,92.2008143700,3364563,86645033.0000,1.823200,1,1.811700,218.153608,7.825658,13.209113,200.187917,0
2020-09-30,sz.300604,93.3265431000,95.1422346000,93.3265431000,94.4159580000,93.8712505500,2387399,61947435.4700,1.293700,1,0.580300,219.419490,7.871068,13.285761,201.349549,0
2020-10-09,sz.300604,96.3042771600,98.3741654700,95.9411388600,97.7931441900,94.4159580000,3430600,91873630.4300,1.859000,1,3.576900,227.267956,8.152610,13.760983,208.551668,0
2020-10-12,sz.300604,97.7931441900,101.8602931500,97.5389473800,101.6424101700,97.7931441900,4227604,116674647.1000,2.290900,1,3.936100,235.849521,8.460450,14.280593,216.426512,0
2020-10-13,sz.300604,101.6424101700,102.4776282600,100.6619367600,101.8602931500,101.6424101700,2660686,74254183.1800,1.441800,1,0.214400,236.355094,8.478586,14.311205,216.890449,0
2020-10-14,sz.300604,101.9692346400,102.3323729400,100.5893091000,101.0613888900,101.8602931500,2311188,64499113.6400,1.252400,1,-0.784300,234.501328,8.412087,14.198960,215.189347,0
2020-10-15,sz.300604,102.2597452800,106.0726974300,101.1340165500,101.4245271900,101.0613888900,4877440,138648106.6800,2.643000,1,0.359300,235.343949,8.442314,14.249981,215.962575,0
2020-10-16,sz.300604,101.0250750600,102.7318250700,100.2261708000,102.0418623000,101.4245271900,2783105,77774867.4800,1.508100,1,0.608700,236.776404,8.493699,14.336715,217.277063,0
2020-10-19,sz.300604,101.9329208100,102.4413144300,98.3378516400,99.1367559000,102.0418623000,3274885,89984881.1400,1.774600,1,-2.847000,230.035439,8.251886,13.928553,211.091239,0
2020-10-20,sz.300604,99.2820112200,101.6787240000,97.2484367400,101.5334686800,99.1367559000,3258047,89604028.1600,1.765500,1,2.417600,235.596735,8.451382,14.265287,216.194544,0
2020-10-21,sz.300604,101.6787240000,101.6787240000,96.1227080100,96.7763569500,101.5334686800,4397654,118654347.2200,2.040500,1,-4.685300,224.558405,8.055412,13.596920,206.065257,0
2020-10-22,sz.300604,96.7763569500,96.9579261000,95.4690590700,95.6869420500,96.7763569500,2608726,69076743.9600,1.210400,1,-1.125700,222.030543,7.964732,13.443859,203.745573,0
2020-10-23,sz.300604,96.2316495000,96.3042771600,92.4913250100,92.9270909700,95.6869420500,2527161,65655579.5400,1.172600,1,-2.884300,215.626626,7.735009,13.056105,197.869040,0
2020-10-26,sz.300604,92.2008143700,93.0360324600,91.0387718100,92.4186973500,92.9270909700,2062438,52398822.6100,0.956900,1,-0.547100,214.446957,7.692692,12.984676,196.786521,0
2020-10-27,sz.300604,92.4186973500,92.9270909700,90.0946122300,90.4214367000,92.4186973500,3492983,87466601.8900,1.620700,1,-2.161100,209.812543,7.526445,12.704064,192.533767,0
2020-10-28,sz.300604,90.3488090400,91.8376760700,87.3710749800,88.5694313700,90.4214367000,3540698,86537202.7100,1.642800,1,-2.048200,205.515178,7.372289,12.443861,188.590305,0
2020-10-29,sz.300604,87.1531920000,89.6588462700,86.4269154000,89.4409632900,88.5694313700,2512478,61216706.3800,1.165800,1,0.984000,207.537467,7.444833,12.566310,190.446052,0
2020-10-30,sz.300604,91.0750856400,92.3460696900,87.5163303000,88.9688835000,89.4409632900,5821328,144519778.1800,2.701000,1,-0.527800,166.924640,7.396718,11.036491,63.212725,0
2020-11-02,sz.300604,88.4604898800,89.4772771200,84.5022824100,85.8822079500,88.9688835000,6554220,155827067.5400,3.041100,1,-3.469400,161.133377,7.140098,10.653593,61.019631,0
2020-11-03,sz.300604,86.1364047600,90.6393196800,85.8822079500,88.5694313700,85.8822079500,5863348,142968724.5800,2.720500,1,3.129000,166.175182,7.363509,10.986940,62.928913,0
2020-11-04,sz.300604,88.9688835000,90.2398675500,88.0247239200,88.4604898800,88.5694313700,3384796,82945590.9900,1.570500,1,-0.123000,165.970785,7.354451,10.973426,62.851510,0
2020-11-05,sz.300604,89.6225324400,90.6756335100,87.5526441300,89.4772771200,88.4604898800,5192698,127268506.1700,2.409300,1,1.149400,167.878495,7.438985,11.099557,63.573941,0
2020-11-06,sz.300604,89.6951601000,91.9466175600,88.6783728600,90.7482611700,89.4772771200,6739044,167124999.6200,3.126800,1,1.420500,170.263133,7.544653,11.257221,64.476980,0
2020-11-09,sz.300604,92.0555590500,99.0278144100,92.0555590500,96.2316495000,90.7482611700,13419349,353240425.3500,6.226400,1,6.042400,180.551141,8.000532,11.937429,68.372948,0
2020-11-10,sz.300604,95.3238037500,96.0500803500,92.7818356500,93.3265431000,96.2316495000,7597624,196801085.6400,3.525200,1,-3.018900,175.100541,7.759007,11.577054,66.308859,0
2020-11-11,sz.300604,92.8544633100,93.2176016100,88.6783728600,88.7510005200,93.3265431000,5669630,141379037.4100,2.630600,1,-4.902700,166.515845,7.378604,11.009463,63.057919,0
2020-11-12,sz.300604,89.6588462700,90.5666920200,88.6783728600,89.4046494600,88.7510005200,2901796,71486307.2300,1.346400,1,0.736500,167.742230,7.432947,11.090547,63.522339,0
2020-11-13,sz.300604,88.8962558400,90.6756335100,87.8431547700,90.3488090400,89.4046494600,2811418,69365362.0200,1.304500,1,1.056100,169.513675,7.511443,11.207669,64.193168,0
2020-11-16,sz.300604,90.3851228700,91.1113994700,87.8794686000,88.5331175400,90.3488090400,3299511,80625322.9900,1.530900,1,-2.009600,166.107050,7.360490,10.982435,62.903112,0
2020-11-17,sz.300604,88.0610377500,88.4604898800,84.9017345400,87.6615856200,88.5331175400,4352289,103406212.3600,2.019400,1,-0.984400,164.471870,7.288032,10.874322,62.283885,0
2020-11-18,sz.300604,87.1531920000,89.1867664800,87.0079366800,87.5526441300,87.6615856200,2633332,63761878.1100,1.221800,1,-0.124300,164.267472,7.278975,10.860808,62.206482,0
2020-11-19,sz.300604,87.0079366800,89.2593941400,86.1000909300,88.1699792400,87.5526441300,2830350,68768383.9100,1.313200,1,0.705100,165.425725,7.330299,10.937388,62.645101,0
2020-11-20,sz.300604,88.2062930700,88.7510005200,86.7174260400,86.7174260400,88.1699792400,3165901,76150663.0800,1.468900,1,-1.647400,162.700425,7.209536,10.757200,61.613056,0
2020-11-23,sz.300604,86.6811122100,86.7174260400,85.0106760300,85.9185217800,86.7174260400,3221476,76030817.2800,1.494700,1,-0.921300,161.201509,7.143117,10.658097,61.045432,0
2020-11-24,sz.300604,86.2453462500,87.5163303000,85.7006388000,86.1727185900,85.9185217800,3775342,89973272.1800,1.751700,1,0.295900,161.678437,7.164250,10.689630,61.226040,0
2020-11-25,sz.300604,86.0637771000,86.9716228500,84.9380483700,85.3011866700,86.1727185900,2968494,70139490.2700,1.377300,1,-1.011400,160.043257,7.091792,10.581517,60.606813,0
2020-11-26,sz.300604,85.1196175200,85.7006388000,83.0860430400,83.4128675100,85.3011866700,3514790,81380048.7000,1.630800,1,-2.213700,156.500366,6.934801,10.347274,59.265155,0
2020-11-27,sz.300604,83.4854951700,84.5385962400,83.1586707000,84.2843994300,83.4128675100,2426772,56033747.0000,1.126000,1,1.044800,158.135547,7.007259,10.455386,59.884382,0
2020-11-30,sz.300604,84.4296547500,85.4827558200,82.2871387800,84.6475377300,84.2843994300,3702824,85767347.2800,1.718100,1,0.430800,158.816872,7.037449,10.500433,60.142393,0
2020-12-01,sz.300604,84.7927930500,85.4101281600,83.9212611300,84.9743622000,84.6475377300,2923150,68298255.5800,1.356300,1,0.386100,159.430064,7.064621,10.540975,60.374603,0
2020-12-02,sz.300604,85.4464419900,87.7705271100,84.7927930500,86.9716228500,84.9743622000,5123511,122275106.4100,2.377200,1,2.350400,163.177352,7.230670,10.788733,61.793664,0
2020-12-03,sz.300604,86.9716228500,88.1336654100,85.3738143300,85.6643249700,86.9716228500,4464756,106121376.3500,2.071600,1,-1.503100,160.724582,7.121983,10.626564,60.864824,0
2020-12-04,sz.300604,85.3375005000,94.0165058700,84.6838515600,90.7845750000,85.6643249700,11028673,270454832.3200,5.117200,1,5.977100,170.331265,7.547672,11.261726,64.502781,0
2020-12-07,sz.300604,94.0891335300,108.5783517000,92.8907771400,99.8630325000,90.7845750000,27258477,756169452.5300,12.647600,1,10.000000,187.364392,8.302439,12.387898,70.953059,0
2020-12-08,sz.300604,99.8630325000,107.1257985000,98.1562824900,103.8938676300,99.8630325000,20387093,577279264.2500,9.459400,1,4.036400,194.927100,8.637556,12.887919,73.816983,0
2020-12-09,sz.300604,102.4050006000,105.7821867900,100.4440537800,101.2066442100,103.8938676300,14022549,398601738.7400,6.506300,1,-2.586500,189.885294,8.414145,12.554572,71.907700,0
2020-12-10,sz.300604,102.1144899600,104.1117506100,99.6088356900,101.6787240000,101.2066442100,8419218,236973718.0700,3.906400,1,0.466500,190.771017,8.453392,12.613133,72.243115,0
2020-12-11,sz.300604,101.6787240000,103.3128463500,99.4998942000,100.3714261200,101.6787240000,7419053,206929865.9500,3.442400,1,-1.285700,188.318247,8.344706,12.450964,71.314275,0
2020-12-14,sz.300604,103.4944155000,105.1285378500,101.3882133600,104.5838304000,100.3714261200,10198911,290654938.2200,4.732200,1,4.196800,196.221618,8.694918,12.973508,74.307204,0
2020-12-15,sz.300604,103.8575538000,108.3967825500,103.8575538000,106.1816389200,104.5838304000,9672216,283929328.4800,4.487800,1,1.527800,199.219448,8.827757,13.171714,75.442453,0
2020-12-16,sz.300604,105.3827346600,107.1257985000,100.2624846300,104.2933197600,106.1816389200,7560664,215084041.9400,3.508100,1,-1.778400,195.676557,8.670765,12.937470,74.100795,0
2020-12-17,sz.300604,102.0418623000,104.9106548700,101.5697825100,102.2960591100,104.2933197600,4580026,129644087.4500,2.125100,1,-1.915000,191.929270,8.504717,12.689713,72.681734,0
2020-12-18,sz.300604,103.6396708200,108.3241548900,102.8770803900,104.2933197600,102.2960591100,8157616,237246441.4000,3.785000,1,1.952400,195.676557,8.670765,12.937470,74.100795,0
2020-12-21,sz.300604,108.4694102100,113.1175804500,107.5615644600,108.9414900000,104.2933197600,14422326,437443005.8600,7.815300,1,4.456800,204.397518,9.057206,13.514071,77.403337,0
2020-12-22,sz.300604,107.5615644600,112.3913038500,107.5615644600,107.7794474400,108.9414900000,11209017,339890690.4000,6.074000,1,-1.066700,202.217278,8.960596,13.369921,76.577702,0
2020-12-23,sz.300604,107.6705059500,113.9891123700,105.4553623200,113.4807187500,107.7794474400,14072610,426530285.5400,7.625800,1,5.289800,212.914082,9.434590,14.077157,80.628476,0
2020-12-24,sz.300604,112.0644793800,113.8801708800,110.2124740500,112.7544421500,113.4807187500,9017247,277287410.9600,4.886300,1,-0.640000,211.551431,9.374208,13.987063,80.112454,0
2020-12-25,sz.300604,110.0309049000,110.8661229900,106.2179527500,108.4330963800,112.7544421500,9301600,277521917.6000,5.040400,1,-3.832500,203.443663,9.014939,13.451005,77.042122,0
2020-12-28,sz.300604,107.8520751000,108.2878410600,101.9692346400,103.6033569900,108.4330963800,10124563,290843396.5800,5.486400,1,-4.454100,194.382040,8.613403,12.851881,73.610574,0
2020-12-29,sz.300604,103.6033569900,106.7263463700,100.2261708000,102.9133942200,103.6033569900,8931467,256676377.0900,4.839900,1,-0.666000,193.087522,8.556041,12.766292,73.120353,0
2020-12-30,sz.300604,101.6787240000,106.6537187100,100.9524474000,105.3827346600,102.9133942200,7132481,204641626.9700,3.865000,1,2.399400,197.720533,8.761337,13.072611,74.874828,0
2020-12-31,sz.300604,105.4916761500,112.1371070400,105.3101070000,109.4135697900,105.3827346600,10023755,301941667.4300,5.431800,1,3.824900,205.283241,9.096454,13.572632,77.738752,0
2021-01-04,sz.300604,109.4498836200,115.5506070600,108.9051761700,114.9695857800,109.4135697900,11057598,344674623.7900,5.992000,1,5.078000,215.707514,9.558372,14.261849,81.686322,0
2021-01-05,sz.300604,114.3885645000,126.1179315900,112.6091868300,123.3217666800,114.9695857800,14321003,478029412.5200,7.760400,1,7.264700,231.377991,10.252757,15.297928,87.620578,0
2021-01-06,sz.300604,122.0507826300,124.9558890300,119.8719528300,123.2854528500,123.3217666800,9766312,329781469.4400,5.292200,1,-0.029400,231.309858,10.249738,15.293423,87.594777,0
2021-01-07,sz.300604,122.7407454000,125.5005964800,120.4892879400,122.1597241200,123.2854528500,8309577,280536507.5700,4.502900,1,-0.913100,229.197750,10.156147,15.153778,86.794942,0
2021-01-08,sz.300604,121.3245060300,122.1597241200,117.3299847300,117.6568092000,122.1597241200,7545165,247339724.8300,4.088600,1,-3.686100,220.749320,9.781783,14.595197,83.595604,0
2021-01-11,sz.300604,119.7993251700,125.0648305200,117.6568092000,122.8860007200,117.6568092000,10415523,351983745.7800,5.644000,1,4.444400,230.560401,10.216529,15.243872,87.310964,0
2021-01-12,sz.300604,122.0144688000,131.6739475800,122.0144688000,131.5286922600,122.8860007200,9509990,333879176.9400,5.153300,1,7.033100,246.775937,10.935067,16.315988,93.451629,0
2021-01-13,sz.300604,130.3666497000,140.3892667800,129.0956656500,136.1405486700,131.5286922600,11387164,424430261.4500,6.170600,1,3.506400,255.428765,11.318489,16.888084,96.728370,0
2021-01-14,sz.300604,136.1405486700,140.5345221000,128.6598996900,129.5677454400,136.1405486700,11998508,443522425.3600,6.501800,1,-4.828000,243.096782,10.772037,16.072735,92.058369,0
2021-01-15,sz.300604,130.6571603400,134.6516816400,127.1347188300,133.6348944000,129.5677454400,9573172,346889208.0800,5.187600,1,3.139000,250.727622,11.110173,16.577260,94.948094,0
2021-01-18,sz.300604,135.2690167500,140.0624423100,123.4670220000,134.1069741900,133.6348944000,10372171,384171224.8400,5.620600,1,0.353300,251.613345,11.149421,16.635821,95.283508,0
2021-01-19,sz.300604,134.7243093000,137.2299635700,129.6766869300,130.5845326800,134.1069741900,7460474,271680602.6200,4.042700,1,-2.626600,245.004492,10.856571,16.198866,92.780800,0
2021-01-20,sz.300604,129.3498624600,132.5817933300,129.3135486300,131.3471231100,130.5845326800,4638379,166969607.7800,2.513500,1,0.584000,246.435275,10.919972,16.293465,93.322624,0
2021-01-21,sz.300604,130.5845326800,132.5091656700,126.4084422300,127.1347188300,131.3471231100,6597301,233617373.4400,3.575000,1,-3.207100,238.531904,10.569760,15.770921,90.329695,0
2021-01-22,sz.300604,127.0620911700,129.8945699100,123.8664741300,129.5314316100,127.1347188300,6304938,220488247.1300,3.416600,1,1.885200,243.028649,10.769018,16.068230,92.032568,0
2021-01-25,sz.300604,128.9140965000,143.0764902000,128.3693890500,141.7328784900,129.5314316100,11439856,435342617.2700,6.199100,1,9.419700,265.921171,11.783425,17.581806,100.701742,0
2021-01-26,sz.300604,144.3474742500,158.1830434800,142.4954689200,151.1744742900,141.7328784900,16893131,700021091.0600,9.154200,1,6.661500,283.635623,12.568383,18.753026,107.410031,0
2021-01-27,sz.300604,151.5376125900,157.9651605000,151.0655328000,151.4286711000,151.1744742900,13447188,569725555.6000,7.286900,1,0.168100,284.112550,12.589517,18.784558,107.590639,0
2021-01-28,sz.300604,152.4091445100,152.5180860000,138.0288678300,138.3556923000,151.4286711000,12509464,497271490.3000,6.778700,1,-8.633100,259.584848,11.502652,17.162870,98.302238,0
2021-01-29,sz.300604,142.8222933900,143.2217455200,129.1682933100,130.4755911900,138.3556923000,9506479,353098226.9700,5.099100,1,-5.695500,244.800094,10.847514,16.185352,92.703397,0
2021-02-01,sz.300604,129.9308837400,133.1628146100,127.7157401100,130.4755911900,130.4755911900,7653539,275692648.6700,4.105200,1,0.000000,244.800094,10.847514,16.185352,92.703397,0
2021-02-02,sz.300604,130.4755911900,132.8359901400,127.0984050000,131.0929263000,130.4755911900,5965055,213481327.4800,3.199500,1,0.473100,245.958347,10.898838,16.261932,93.142016,0
2021-02-03,sz.300604,128.6962135200,133.4533252500,127.0984050000,127.1710326600,131.0929263000,7194296,258004299.7200,3.858900,1,-2.991700,238.600036,10.572779,15.775425,90.355496,0
2021-02-04,sz.300604,127.8246816000,136.3584316500,123.0312560400,133.2354422700,127.1710326600,8841705,313869984.3400,4.742500,1,4.768700,249.978165,11.076963,16.527709,94.664281,0
2021-02-05,sz.300604,132.0370858800,135.0874476000,126.2631869100,126.2631869100,133.2354422700,8327214,298994299.4000,4.466500,1,-5.233000,236.896724,10.497302,15.662808,89.710468,0
2021-02-08,sz.300604,126.6626390400,132.6544209900,125.4642826500,128.9140965000,126.2631869100,4886593,174116987.5300,2.621100,1,2.099500,241.870397,10.717694,15.991650,91.593949,0
2021-02-09,sz.300604,129.8582560800,147.4704636300,129.8582560800,147.3615221400,128.9140965000,9462236,369560199.2400,5.075300,1,14.309900,276.481710,12.251381,18.280033,104.700914,0
2021-02-10,sz.300604,145.2553200000,148.7414476800,142.5680965800,147.6520327800,147.3615221400,5515676,221997467.4400,2.958500,1,0.197100,277.026770,12.275533,18.316071,104.907323,0
2021-02-18,sz.300604,148.8867030000,152.0823200400,143.5122561600,147.9788572500,147.6520327800,6448811,264123719.2700,3.459000,1,0.221300,277.639962,12.302705,18.356613,105.139533,0
2021-02-19,sz.300604,150.7023945000,150.7023945000,137.9925540000,141.7691923200,147.9788572500,6776212,265963886.4000,3.634600,1,-4.196300,265.989304,11.786444,17.586311,100.727543,0
2021-02-22,sz.300604,140.7524050800,144.8195540400,132.5454795000,135.0148199400,141.7691923200,7841069,298711956.0400,4.205800,1,-4.764300,253.316658,11.224898,16.748438,95.928536,0
2021-02-23,sz.300604,132.5817933300,137.1210220800,130.2940220400,134.5790539800,135.0148199400,4616962,170442432.8600,2.476400,1,-0.322800,252.499068,11.188669,16.694382,95.618923,0
2021-02-24,sz.300604,134.9058784500,142.7859795600,134.9058784500,139.9535008200,134.5790539800,6410509,246260784.9300,3.438500,1,3.993500,262.582678,11.635491,17.361076,99.437487,0
2021-02-25,sz.300604,139.5177348600,141.3697401900,131.0202986400,134.9785061100,139.9535008200,4076902,152880781.6600,2.186800,1,-3.554700,253.248525,11.221878,16.743934,95.902735,0
2021-02-26,sz.300604,130.8024156600,134.1069741900,130.3303358700,132.3275965200,134.9785061100,3018507,109946419.5400,1.619100,1,-1.963900,248.274852,11.001486,16.415091,94.019254,0
2021-03-01,sz.300604,134.2522295100,134.9785061100,129.0956656500,132.5817933300,132.3275965200,5056164,182990269.2700,2.712000,1,0.192100,248.751780,11.022620,16.446624,94.199861,0
2021-03-02,sz.300604,133.7075220600,142.3502136000,133.7075220600,138.3556923000,132.5817933300,7339465,280128843.5400,3.936700,1,4.355000,259.584848,11.502652,17.162870,98.302238,0
2021-03-03,sz.300604,137.9562401700,139.0093412400,132.2186550300,133.3080699300,138.3556923000,5362578,198150948.7800,2.876400,1,-3.648300,250.114430,11.083001,16.536718,94.715884,0
2021-03-04,sz.300604,131.6739475800,135.0148199400,126.4084422300,126.5900113800,133.3080699300,4981300,178459321.1900,2.671900,1,-5.039500,237.509916,10.524474,15.703350,89.942678,0
2021-03-05,sz.300604,124.1206709400,131.9644582200,124.1206709400,130.5119050200,126.5900113800,5716105,201320294.4100,3.066000,1,3.098100,244.868227,10.850533,16.189857,92.729198,0
2021-03-08,sz.300604,132.5454795000,132.8359901400,123.8664741300,125.1374581800,130.5119050200,4247045,148415463.6000,2.278000,1,-4.118000,234.784616,10.403711,15.523163,88.910633,0
2021-03-09,sz.300604,124.4111815800,127.0257773400,115.2600964200,115.2964102500,125.1374581800,4857556,159098023.8100,2.605500,1,-7.864200,216.320707,9.585543,14.302392,81.918532,0
2021-03-10,sz.300604,118.2015166500,119.3998730400,110.4303570300,111.4834581000,115.2964102500,5627970,176231633.4400,3.018700,1,-3.307100,209.166794,9.268541,13.829399,79.209415,0
2021-03-11,sz.300604,112.1371070400,118.0199475000,109.9945910700,116.8579049400,111.4834581000,4368567,138085534.8800,2.343200,1,4.820800,219.250405,9.715363,14.496093,83.027980,0
2021-03-12,sz.300604,116.0590006800,117.9473198400,112.5728730000,115.0058996100,116.8579049400,2482323,78274929.7600,1.331500,1,-1.584800,215.775647,9.561391,14.266354,81.712123,0
2021-03-15,sz.300604,113.3354634300,115.1511549300,111.5197719300,112.5002453400,115.0058996100,2592022,80626170.8400,1.390300,1,-2.178700,211.074504,9.353075,13.955530,79.931846,0
2021-03-16,sz.300604,113.6622879000,114.7153889700,108.2152134000,113.2265219400,112.5002453400,3014232,92483948.3400,1.616800,1,0.645600,212.437154,9.413456,14.045624,80.447868,0
2021-03-17,sz.300604,113.3717772600,116.2042560000,111.8465964000,113.8075432200,113.2265219400,3078059,96662163.1900,1.651000,1,0.513100,213.527274,9.461761,14.117699,80.860686,0
2021-03-18,sz.300604,114.7517028000,114.7517028000,111.7013410800,112.5002453400,113.8075432200,2780585,86659819.4900,1.491400,1,-1.148700,211.074504,9.353075,13.955530,79.931846,0
2021-03-19,sz.300604,110.9750644800,113.8438570500,109.1230591500,110.8661229900,112.5002453400,2528429,77933056.6500,1.356200,1,-1.452600,208.008541,9.217217,13.752819,78.770796,0
2021-03-22,sz.300604,110.9024368200,113.2991496000,110.3940432000,113.1175804500,110.8661229900,2558768,78998655.4000,1.372500,1,2.030800,212.232756,9.404399,14.032110,80.370465,0
2021-03-23,sz.300604,113.6622879000,116.1316283400,110.7571815000,111.2655751200,113.1175804500,3318310,103840828.2400,1.779900,1,-1.637200,208.757999,9.250427,13.802371,79.054608,0
2021-03-24,sz.300604,111.7739687400,112.0644793800,107.8520751000,108.6509793600,111.2655751200,2556511,76786608.5100,1.371300,1,-2.349900,203.852458,9.033054,13.478033,77.196928,0
2021-03-25,sz.300604,108.6509793600,110.5029846900,108.0699580800,108.8688623400,108.6509793600,1613888,48486369.8800,0.865700,1,0.200500,204.261253,9.051168,13.505061,77.351735,0
2021-03-26,sz.300604,108.9414900000,110.5029846900,108.2515272300,110.2124740500,108.8688623400,2237308,67622607.6200,1.200000,1,1.234200,206.782156,9.162874,13.671735,78.306376,0
2021-03-29,sz.300604,110.0672187300,111.7739687400,109.1956868100,110.3214155400,110.2124740500,2279724,69486310.0100,1.222800,1,0.098800,206.986553,9.171931,13.685249,78.383780,0
2021-03-30,sz.300604,110.3214155400,111.5923995900,108.6146655300,110.8298091600,110.3214155400,2448602,74480162.2700,1.313400,1,0.460800,207.940409,9.214198,13.748315,78.744995,0
2021-03-31,sz.300604,110.9387506500,110.9387506500,107.5615644600,109.3046283000,110.8298091600,2110151,63195680.8100,1.131800,1,-1.376100,205.078843,9.087397,13.559118,77.661348,0
2021-04-01,sz.300604,109.6314527700,115.0785272700,108.4694102100,114.0617400300,109.3046283000,4422737,137325264.7900,2.372300,1,4.352200,214.004202,9.482895,14.149232,81.041294,0
2021-04-02,sz.300604,113.8801708800,123.4307081700,113.8801708800,121.4697613500,114.0617400300,6018982,199483250.1100,3.228400,1,6.494700,227.903233,10.098785,15.068189,86.304721,0
2021-04-06,sz.300604,119.9445804900,123.4307081700,119.1819900600,121.2881922000,121.4697613500,3577175,118481837.7400,1.918700,1,-0.149500,227.562570,10.083690,15.045666,86.175715,0
2021-04-07,sz.300604,120.1987773000,121.4697613500,116.2042560000,120.0535219800,121.2881922000,3482475,113296736.1100,1.867900,1,-1.018000,225.246065,9.981041,14.892506,85.298478,0
2021-04-08,sz.300604,119.1819900600,128.9140965000,118.6009687800,126.6626390400,120.0535219800,6187675,215105568.3300,3.318900,1,5.505100,237.646181,10.530512,15.712360,89.994280,0
2021-04-09,sz.300604,127.0984050000,128.6962135200,125.2827135000,127.3889156400,126.6626390400,2506282,87651999.3700,1.344300,1,0.573400,239.008831,10.590893,15.802453,90.510302,0
2021-04-12,sz.300604,127.1347188300,130.0398252300,122.6681177400,123.4670220000,127.3889156400,3387742,117736235.7200,1.817100,1,-3.078700,231.650521,10.264834,15.315947,87.723782,0
2021-04-13,sz.300604,125.2827135000,128.3330752200,121.2518783700,127.3889156400,123.4670220000,3732560,128781442.2400,2.002100,1,3.176500,239.008831,10.590893,15.802453,90.510302,0
2021-04-14,sz.300604,119.3635592100,124.6290645600,114.6790751400,123.2854528500,127.3889156400,7460207,248560733.6600,4.001500,1,-3.221200,231.309858,10.249738,15.293423,87.594777,0
2021-04-15,sz.300604,122.1234102900,124.7016922200,119.7630113400,124.1932986000,123.2854528500,3432384,115457067.5500,1.841100,1,0.736400,233.013171,10.325215,15.406041,88.239804,0
2021-04-16,sz.300604,122.7044315700,132.8359901400,122.7044315700,131.4197507700,124.1932986000,5295632,187847740.5800,2.840500,1,5.818700,246.571540,10.926010,16.302474,93.374226,0
2021-04-19,sz.300604,131.4560646000,133.9617188700,129.7493145900,132.6544209900,131.4197507700,3658314,132763585.5100,1.962200,1,0.939500,248.888045,11.028658,16.455634,94.251464,0
2021-04-20,sz.300604,132.4728518400,137.2662774000,130.7297880000,135.4505859000,132.6544209900,4119150,153635921.2700,2.209400,1,2.107900,254.134248,11.261126,16.802495,96.238149,0
2021-04-21,sz.300604,135.3053305800,139.0456550700,134.0343465300,137.2662774000,135.4505859000,3620050,136590044.7600,1.941700,1,1.340500,257.540873,11.412080,17.027729,97.528205,0
2021-04-22,sz.300604,136.9031391000,139.4451072000,135.8137242000,136.5400008000,137.2662774000,3161155,119789600.8100,1.695600,1,-0.529100,256.178223,11.351698,16.937635,97.012183,0
2021-04-23,sz.300604,138.5372614500,143.6575114800,137.4841603800,143.0401763700,136.5400008000,4450508,172724254.6200,2.387200,1,4.760600,268.373941,11.892112,17.743975,101.630582,0
2021-04-26,sz.300604,144.3111604200,144.4564157400,138.8640859200,141.8781338100,143.0401763700,4938035,192786205.2200,2.648700,1,-0.812400,266.193701,11.795502,17.599825,100.804946,0
2021-04-27,sz.300604,144.8921817000,144.8921817000,140.5345221000,143.0401763700,141.8781338100,3433133,135042898.2000,1.841500,1,0.819000,145.655166,11.334248,15.376657,43.613932,0
2021-04-28,sz.300604,143.0764902000,147.0710115000,141.6602508300,145.0737508500,143.0401763700,3652316,145974635.4400,1.679900,1,1.421700,147.725917,11.495385,15.595264,44.233983,0
2021-04-29,sz.300604,144.5290434000,147.4341498000,134.3974848300,135.2690167500,145.0737508500,6865789,262807374.3000,3.157900,1,-6.758400,93.653572,10.198794,11.861531,35.577779,0
2021-04-30,sz.300604,137.3389050600,140.7524050800,135.5232135600,137.4115327200,135.2690167500,4343125,165663442.2600,1.997600,1,1.583900,95.136944,10.360332,12.049405,36.141293,0
2021-05-06,sz.300604,136.8668252700,138.4646337900,132.9086178000,134.6516816400,137.4115327200,3187700,118827914.7800,1.466200,1,-2.008500,93.226160,10.152249,11.807398,35.415411,0
2021-05-07,sz.300604,136.0679210100,138.3556923000,127.2799741500,128.4783305400,134.6516816400,3326113,120628462.8700,1.529800,1,-4.584700,88.952037,9.686801,11.266067,33.791727,0
2021-05-10,sz.300604,129.1319794800,129.7856284200,122.9223145500,123.8301603000,128.4783305400,3670436,127265763.0700,1.688200,1,-3.617900,85.733874,9.336346,10.858476,32.569189,0
2021-05-11,sz.300604,123.5759634900,125.2827135000,120.0172081500,122.7407454000,123.8301603000,3018983,101595842.2600,1.388600,1,-0.879800,84.979617,9.254208,10.762947,32.282656,0
2021-05-12,sz.300604,121.7602719900,122.9586283800,117.7657506900,122.5954900800,122.7407454000,3966877,132201955.2700,1.824500,1,-0.118300,84.879049,9.243256,10.750209,32.244452,0
2021-05-13,sz.300604,121.2881922000,122.0507826300,118.0199475000,119.9445804900,122.5954900800,3108077,102877074.5100,1.429500,1,-2.162300,83.043691,9.043387,10.517755,31.547223,0
2021-05-14,sz.300604,120.0898358100,123.5759634900,118.6735964400,122.3049794400,119.9445804900,3492255,117047240.5900,1.606200,1,1.967900,84.677914,9.221353,10.724735,32.168043,0
2021-05-17,sz.300604,123.2491390200,134.3611710000,122.7407454000,127.8246816000,122.3049794400,6761019,240994193.3400,3.109700,1,4.513100,88.499483,9.637518,11.208749,33.619808,0
2021-05-18,sz.300604,128.1151922400,129.5677454400,123.4670220000,129.5677454400,127.8246816000,4882065,169938335.7300,2.245500,1,1.363600,89.706294,9.768939,11.361596,34.078260,0
2021-05-19,sz.300604,129.5677454400,129.5677454400,126.7715805300,127.0984050000,129.5677454400,3209428,112779732.0100,1.476200,1,-1.905800,87.996645,9.582760,11.145063,33.428786,0
2021-05-20,sz.300604,126.4810698900,128.4420167100,124.5564369000,126.5900113800,127.0984050000,2623236,91959534.3900,1.206500,1,-0.400000,87.644658,9.544429,11.100483,33.295071,0
2021-05-21,sz.300604,127.4615433000,128.3693890500,123.2491390200,124.0480432800,126.5900113800,2777787,95515359.9900,1.277600,1,-2.008000,85.884725,9.352774,10.877581,32.626495,0
2021-05-24,sz.300604,125.3916549900,125.5005964800,121.2518783700,124.6290645600,124.0480432800,2484979,84273896.0900,1.143000,1,0.468400,86.286996,9.396580,10.928530,32.779312,0
2021-05-25,sz.300604,123.7575326400,130.0035114000,123.5759634900,129.1682933100,124.6290645600,3926953,138309479.7800,1.806200,1,3.642200,89.429733,9.738822,11.326568,33.973198,0
2021-05-26,sz.300604,129.1682933100,130.3303358700,126.7715805300,127.3889156400,129.1682933100,2879469,101666483.8700,1.324400,1,-1.377600,88.197780,9.604663,11.170537,33.505195,0
2021-05-27,sz.300604,127.7520539400,152.8812243000,127.0984050000,152.8812243000,127.3889156400,11807521,471373370.6400,5.430800,1,20.011400,105.847393,11.526691,13.405919,40.210054,0
2021-05-28,sz.300604,156.1494690000,156.1494690000,143.9117082900,153.9706392000,152.8812243000,14932240,620075614.8400,6.868000,1,0.712600,106.601650,11.608829,13.501448,40.496586,0
2021-05-31,sz.300604,155.5321338900,160.6523839200,151.4286711000,158.6551232700,153.9706392000,12152180,523544742.7300,5.589300,1,3.042500,109.844955,11.962022,13.912223,41.728676,0
2021-06-01,sz.300604,158.9456339100,167.0436180000,156.9846870900,163.1580381900,158.6551232700,9124748,409359884.1500,4.196900,1,2.838200,112.962550,12.301526,14.307077,42.913010,0
2021-06-02,sz.300604,160.5797562600,172.1275542000,160.5797562600,166.3173414000,163.1580381900,9176377,422723431.2300,4.220600,1,1.936300,115.149895,12.539726,14.584111,43.743954,0
2021-06-03,sz.300604,164.2474530900,166.6441658700,158.8730062500,162.7222722300,166.3173414000,6579746,296094024.8800,3.026300,1,-2.161600,112.660847,12.268670,14.268865,42.798397,0
2021-06-04,sz.300604,163.0490967000,187.9966979100,162.7948998900,181.2060117000,162.7222722300,12665649,617855766.1900,5.825500,1,11.359100,125.458074,13.662277,15.889676,47.659898,0
2021-06-07,sz.300604,185.6362989600,200.8154799000,185.6362989600,188.4324638700,181.2060117000,12549627,663903289.4400,5.772100,1,3.988000,130.461311,14.207126,16.523352,49.560563,0
2021-06-08,sz.300604,192.4269851700,194.5695011400,182.2954266000,190.7565489900,188.4324638700,7623151,395870554.7000,3.506200,1,1.233400,132.070393,14.382353,16.727147,50.171832,0
2021-06-09,sz.300604,190.4660383500,199.7260650000,189.3766234500,197.8740596700,190.7565489900,8856473,478628592.4400,4.073500,1,3.731200,136.998205,14.918988,17.351271,52.043844,0
2021-06-10,sz.300604,197.5472352000,201.2149320300,193.7342830500,196.8209586000,197.8740596700,6654237,361227097.5100,3.060600,1,-0.532200,136.269090,14.839588,17.258926,51.766863,0
2021-06-11,sz.300604,196.1673096600,198.4187671200,183.3848415000,185.0915915100,196.8209586000,10312515,533515022.2600,4.743200,1,-5.959400,128.148257,13.955236,16.230396,48.681864,0
2021-06-15,sz.300604,187.0162245000,205.3910224800,185.2368468300,202.0138362900,185.0915915100,12508990,682415275.5300,5.753500,1,9.142600,139.864382,15.231112,17.714282,53.132668,0
2021-06-16,sz.300604,203.7932139600,211.4917459200,193.7705968800,197.9830011600,202.0138362900,8407312,467901684.9800,3.866900,1,-1.995300,137.073631,14.927202,17.360824,52.072498,0
2021-06-17,sz.300604,199.9802618100,214.2515970000,197.0025277500,210.6202140000,197.9830011600,11286962,645064321.5500,5.191400,1,6.383000,145.823012,15.880002,18.468962,55.396274,0
2021-06-18,sz.300604,210.2933895300,216.2125438200,205.8994161000,210.6928416600,210.6202140000,9333568,540876105.3200,4.292900,1,0.034500,145.873295,15.885478,18.475330,55.415376,0
2021-06-21,sz.300604,211.3101767700,214.5784214700,208.1508735600,211.5280597500,210.6928416600,7053322,410014038.7300,3.244100,1,0.396400,146.451559,15.948450,18.548569,55.635051,0
2021-06-22,sz.300604,211.9638257100,212.7264161400,201.5054426700,209.0950331400,211.5280597500,5835404,333257779.7300,2.684000,1,-1.150200,144.767052,15.765009,18.335221,54.995129,0
2021-06-23,sz.300604,211.2012352800,235.4225598900,208.4413842000,230.0481130500,209.0950331400,9910845,609933765.7700,4.558400,1,10.020800,159.273927,17.344795,20.172564,60.506103,0
2021-06-24,sz.300604,225.5451981300,229.5034056000,215.5588948800,216.7209374400,230.0481130500,9542898,577656007.8200,4.389200,1,-5.793200,150.046850,16.339974,19.003925,57.000856,0
2021-06-25,sz.300604,216.7935651000,222.9306023700,212.4359055000,219.7349853300,216.7209374400,5296172,317913621.8200,2.436000,1,1.390800,152.133628,16.567223,19.268222,57.793595,0
2021-06-28,sz.300604,220.4612619300,229.7576024100,220.4612619300,226.9977513300,219.7349853300,7876138,488983504.4500,3.622600,1,3.305200,157.162008,17.114809,19.905083,59.703812,0
2021-06-29,sz.300604,226.5982992000,230.0844268800,217.5198417000,227.3972034600,226.9977513300,5924027,367403588.1400,3.177500,1,0.176000,157.438569,17.144926,19.940110,59.808874,0
2021-06-30,sz.300604,232.1180013600,263.0210706900,227.6877141000,247.6966344300,227.3972034600,13207490,899827332.3000,7.084200,1,8.926900,171.492890,18.675430,21.720136,65.147928,0
2021-07-01,sz.300604,250.6380546600,256.0488153300,245.5178046300,250.0933472100,247.6966344300,9564882,662919583.8700,5.119800,1,0.967600,173.152255,18.856133,21.930300,65.778300,0
2021-07-02,sz.300604,246.2077674000,251.9090387100,239.6712780000,247.0066716600,250.0933472100,8268250,559361210.1500,4.425800,1,-1.234200,171.015194,18.623409,21.659634,64.966458,0
2021-07-05,sz.300604,249.9844057200,257.3561132100,240.0344163000,256.5572089500,247.0066716600,8627073,592761661.5600,4.617800,1,3.866500,177.627513,19.343485,22.497106,67.478392,0
2021-07-06,sz.300604,256.9929749100,264.7278207000,246.9340440000,263.2752675000,256.5572089500,7370132,516999391.4800,3.945000,1,2.618500,182.278764,19.850002,23.086202,69.245342,0
2021-07-07,sz.300604,256.0125015000,276.6750707700,248.7860493300,276.6750707700,263.2752675000,7844367,569678707.7600,4.198900,1,5.089700,191.556125,20.860299,24.261210,72.769692,0
2021-07-08,sz.300604,274.1694165000,306.8518635000,273.0800016000,304.6730337000,276.6750707700,8231759,665916465.6300,4.406200,1,10.119400,210.940529,22.971244,26.716308,80.133576,0
2021-07-09,sz.300604,304.8546028500,322.7573210400,294.4688474700,316.2571454700,304.6730337000,8531200,723809556.8500,4.566500,1,3.802100,218.960794,23.844644,27.732101,83.180371,0
2021-07-12,sz.300604,310.4832465000,321.2321401800,301.4047890000,312.0447411900,316.2571454700,7132915,612087745.5900,3.818100,1,-1.332000,216.044334,23.527044,27.362722,82.072445,0
2021-07-13,sz.300604,305.5808794500,307.9412784000,281.5411239900,287.6781612600,312.0447411900,11228267,898673883.2600,6.010200,1,-7.808700,199.174120,21.689892,25.226054,75.663669,0
2021-07-14,sz.300604,285.0272516700,294.1420230000,283.7562676200,285.1725069900,287.6781612600,6232027,494595586.0600,3.335800,1,-0.871000,197.439329,21.500975,25.006337,75.004645,0
2021-07-15,sz.300604,276.0536300400,310.7330400200,272.8758355000,304.6537809000,285.1725187200,18334181,792843257.3100,5.165200,1,6.831400,210.663968,22.941127,26.681281,80.028514,0
2021-07-16,sz.300604,297.0547070000,312.4601022700,292.4952626600,299.7489241100,304.6537809000,13209462,575663224.8000,3.721400,1,-1.610000,207.272325,22.571780,26.251718,78.740073,0
2021-07-19,sz.300604,295.0513147900,313.3581746400,290.2155404900,297.6764494100,299.7489241100,11544651,507386371.4000,3.252400,1,-0.691400,205.839237,22.415718,26.070213,78.195661,0
2021-07-20,sz.300604,293.7387474800,306.5880906200,286.6923335000,304.8610283700,297.6764494100,11449669,493753034.2300,3.225600,1,2.413600,210.807276,22.956733,26.699431,80.082955,0
2021-07-21,sz.300604,310.9402874900,341.8201605200,305.6209357600,329.8688897500,304.8610283700,19437116,918733050.1300,5.475900,1,8.203000,228.099874,24.839882,28.889595,86.652189,0
2021-07-22,sz.300604,331.8031994700,345.4124500000,324.6877030000,341.0602531300,329.8688897500,20974108,1022639082.8800,5.908900,1,3.392700,235.838551,25.682618,29.869724,89.592012,0
2021-07-23,sz.300604,337.1225512000,342.7873153800,327.2437551300,331.3196220400,341.0602531300,12867708,619013452.4600,3.625100,1,-2.856000,229.103036,24.949126,29.016649,87.033277,0
2021-07-26,sz.300604,332.6321893500,375.7396631100,332.4940243700,371.6637962000,331.3196220400,21025486,1088413820.1600,5.923400,1,12.176800,257.000486,27.987134,32.549953,97.631157,0
2021-07-27,sz.300604,373.4599409400,427.2752006500,364.7555472000,373.7362709000,371.6637962000,30492062,1730179002.5200,8.590300,1,0.557600,258.433575,28.143196,32.731458,98.175569,0
2021-07-28,sz.300604,375.6014981300,398.3296373400,310.9402874900,394.5991828800,373.7362709000,29688607,1628299781.5200,8.364000,1,5.582300,272.859996,29.714221,34.558611,103.655980,0
2021-07-29,sz.300604,402.1291742900,423.7519936600,385.4802942000,411.7316404000,394.5991828800,27738698,1614980099.1500,7.814600,1,4.341700,284.706859,31.004335,36.059055,108.156449,0
2021-07-30,sz.300604,412.0770528500,414.4949400000,390.2469860100,398.6059673000,411.7316404000,22289528,1293830917.7600,6.279500,1,-3.187900,275.630633,30.015941,34.909522,104.708509,0
2021-08-02,sz.300604,393.7701930000,398.5368848100,367.6570117800,374.4270958000,398.6059673000,22948928,1263593625.4200,6.465200,1,-6.065900,258.911271,28.195217,32.791960,98.357039,0
2021-08-03,sz.300604,366.2062794900,373.3908584500,323.3751356900,323.7896306300,374.4270958000,32636409,1622112172.1500,9.194400,1,-13.524000,223.896149,24.382100,28.357180,85.055248,0
2021-08-04,sz.300604,322.1316508700,364.7555472000,322.0625683800,359.0907830200,323.7896306300,27389381,1371770675.4700,7.716200,1,10.902500,248.306418,27.040358,31.448820,94.328393,0
2021-08-05,sz.300604,352.2516165100,362.8212374800,344.6525426100,360.6796802900,359.0907830200,15878737,820354152.1500,4.473400,1,0.442500,249.405119,27.160005,31.587974,94.745775,0
2021-08-06,sz.300604,369.5913215000,369.5913215000,341.9583255000,349.5573994000,360.6796802900,13786749,707041313.5000,3.884000,1,-3.083700,241.714212,26.322472,30.613896,91.824100,0
2021-08-09,sz.300604,345.0670375500,348.1066671100,319.1611038000,336.5008087900,349.5573994000,18024898,864610191.3500,5.078000,1,-3.735200,232.685756,25.339281,29.470412,88.394306,0
2021-08-10,sz.300604,335.8099838900,342.3728204400,314.3253295000,325.1021979400,336.5008087900,17141999,810837636.6100,4.829300,1,-3.387400,224.803771,24.480939,28.472133,85.400042,0
2021-08-11,sz.300604,323.3060532000,335.6027364200,318.1939489400,331.3196220400,325.1021979400,15149787,719548611.1800,4.268000,1,1.912500,229.103036,24.949126,29.016649,87.033277,0
2021-08-12,sz.300604,331.2505395500,360.7487627800,327.5200850900,352.8733589200,331.3196220400,21117683,1072938336.8500,5.949300,1,6.505400,244.007153,26.572171,30.904304,92.695158,0
2021-08-13,sz.300604,360.8178452700,374.7725082500,333.8065916800,339.4713558600,352.8733589200,17157451,870803525.1800,4.833600,1,-3.798000,234.739850,25.562970,29.730570,89.174629,0
2021-08-16,sz.300604,332.3558593900,368.1405892100,328.6254049300,353.4951013300,339.4713558600,16830205,853261271.4300,4.741400,1,4.131100,244.437080,26.618990,30.958756,92.858482,0
2021-08-17,sz.300604,349.2810694400,353.2878538600,328.0036625200,331.6650344900,353.4951013300,13879442,677276488.9300,3.910200,1,-6.175500,229.341884,24.975136,29.046900,87.124012,0
2021-08-18,sz.300604,330.6287971400,341.1984181100,323.4442181800,329.8688897500,331.6650344900,10759398,518202919.4500,3.031200,1,-0.541600,228.099874,24.839882,28.889595,86.652189,0
2021-08-19,sz.300604,331.2505395500,345.4124500000,323.3751356900,333.4611792300,329.8688897500,15209491,738636362.6000,4.284900,1,1.089000,230.583894,25.110390,29.204205,87.595836,0
2021-08-20,sz.300604,330.8360446100,341.8892430100,322.1316508700,326.5529302300,333.4611792300,12799906,615476510.4100,3.606000,1,-2.071700,225.806933,24.590183,28.599187,85.781130,0
2021-08-23,sz.300604,323.3060532000,346.2414398800,310.0422151200,343.8926352200,326.5529302300,22373409,1067744771.5300,6.303100,1,5.309900,237.797104,25.895902,30.117781,90.336041,0
2021-08-24,sz.300604,341.9583255000,382.0261697000,335.1191589900,368.9004966000,343.8926352200,25331149,1334464819.3300,7.136400,1,7.272000,255.089702,27.779052,32.307945,96.905275,0
2021-08-25,sz.300604,374.7725082500,379.6082825500,342.4419029300,348.6593270300,368.9004966000,23377928,1206172636.2400,6.586100,1,-5.486900,241.093207,26.254845,30.535244,91.588188,0
2021-08-26,sz.300604,350.9390492000,351.2153791600,325.1021979400,326.3456827600,348.6593270300,19137241,925117322.9100,5.391400,1,-6.399800,225.663624,24.574577,28.581036,85.726689,0
2021-08-27,sz.300604,327.3128376200,333.3230142500,319.7137637200,332.6321893500,326.3456827600,12257351,578385320.6700,3.453200,1,1.926300,230.010658,25.047965,29.131603,87.378071,0
2021-08-30,sz.300604,332.7012718400,337.1225512000,311.9765248400,322.4079808300,332.6321893500,16859921,791309721.6100,4.749800,1,-3.073700,222.940757,24.278059,28.236176,84.692307,0
2021-08-31,sz.300604,317.7794540000,319.1611038000,295.6730572000,298.2981918200,322.4079808300,17812554,786569565.6400,4.160000,1,-7.478000,173.917847,21.447785,22.215625,81.515304,0
2021-09-01,sz.300604,298.5054392900,300.8542439500,279.0241771100,285.7251786400,298.2981918200,16477409,684524269.1900,3.848200,1,-4.214900,166.587359,20.543779,21.279255,78.079504,0
2021-09-02,sz.300604,285.7251786400,287.3831584000,264.9313491500,269.6980409600,285.7251786400,19758974,781887431.0300,4.614600,1,-5.609300,157.243000,19.391420,20.085641,73.699802,0
2021-09-03,sz.300604,269.4217110000,276.6753724500,262.5825444900,273.5666604000,269.6980409600,16403268,644573133.4100,3.830900,1,1.434400,159.498535,19.669576,20.373755,74.756972,0
2021-09-06,sz.300604,272.8758355000,290.1464580000,267.2110713200,286.4160035400,273.5666604000,16714826,680764495.7000,3.903600,1,4.697000,166.990133,20.593450,21.330704,78.268284,0
2021-09-07,sz.300604,283.3072914900,292.2189327000,280.4058269100,286.4850860300,286.4160035400,10864632,451309807.8900,2.537400,1,0.024100,167.030410,20.598417,21.335849,78.287162,0
2021-09-08,sz.300604,289.4556331000,294.7749848300,284.3435288400,292.4952626600,286.4850860300,11160050,468084337.7900,2.606300,1,2.097900,170.534545,21.030552,21.783454,79.929550,0
2021-09-09,sz.300604,294.2914074000,298.1600268400,288.7648082000,294.8440673200,292.4952626600,9964713,422576988.1700,2.327200,1,0.803000,171.903977,21.199432,21.958380,80.571403,0
2021-09-10,sz.300604,296.5711295700,323.9968781000,292.3570976800,314.6707419500,294.8440673200,18432066,828941481.9700,4.304700,1,6.724500,183.463593,22.624979,23.434963,85.989396,0
2021-09-13,sz.300604,310.8712050000,321.7171559300,301.7523163200,304.0320384900,314.6707419500,13616873,607964322.8600,3.180100,1,-3.380900,177.260872,21.860051,22.642650,83.082180,0
2021-09-14,sz.300604,302.0286462800,316.1905567300,300.8542439500,310.0422151200,304.0320384900,13383957,602963166.8200,3.125700,1,1.976800,180.765006,22.292186,23.090255,84.724568,0
2021-09-15,sz.300604,307.9006579300,332.9776018000,301.1996564000,322.4079808300,310.0422151200,19719094,921800336.2900,4.605200,1,3.988400,187.974662,23.181291,24.011190,88.103734,0
2021-09-16,sz.300604,320.7500010700,327.4510026000,310.8712050000,311.7692773700,322.4079808300,12653853,582936050.7500,2.955200,1,-3.299800,181.771942,22.416363,23.218878,85.196519,0
2021-09-17,sz.300604,308.1079054000,319.0920213100,301.8904813000,305.9663482100,311.7692773700,8850252,397262642.6000,2.066900,1,-1.861300,178.388639,21.999129,22.786707,83.610765,0
2021-09-22,sz.300604,305.1373583300,322.8915582600,304.3083684500,314.3944119900,305.9663482100,10603633,485175717.0800,2.476400,1,2.754600,183.302483,22.605111,23.414383,85.913883,0
2021-09-23,sz.300604,314.4634944800,341.9583255000,310.1803801000,328.7635699100,314.3944119900,17892094,857039999.6800,4.178600,1,4.570400,191.680184,23.638261,24.484520,89.840512,0
2021-09-24,sz.300604,331.0432920800,336.7080562600,323.3060532000,328.1418275000,328.7635699100,10315816,490450731.0300,2.409200,1,-0.189100,191.317687,23.593557,24.438216,89.670610,0
2021-09-27,sz.300604,324.6877030000,338.5732834900,290.2155404900,311.0093699800,328.1418275000,20217310,914044682.9700,4.721600,1,-5.221100,181.328890,22.361725,23.162284,84.988860,0
2021-09-28,sz.300604,314.1180820300,327.7273325600,303.9629560000,324.4113730400,311.0093699800,11219570,523154727.3500,2.620200,1,4.309200,189.142707,23.325335,24.160392,88.651197,0
2021-09-29,sz.300604,319.2992687800,333.5302617200,316.3287217100,316.8813816300,324.4113730400,12113627,573202671.4600,2.833900,1,-2.321100,184.752470,22.783925,23.599599,86.593492,0
2021-09-30,sz.300604,318.0557839600,333.3920967400,318.0557839600,329.9379722400,316.8813816300,8441401,402018530.5600,1.974800,1,4.120300,194.987009,24.046063,24.906921,91.390421,0
2021-10-08,sz.300604,337.1225512000,342.9945628500,323.6514656500,328.6944874200,329.9379722400,8138318,390200087.7500,1.903900,1,-0.376900,194.252133,23.955437,24.813051,91.045985,0
2021-10-11,sz.300604,325.7239403500,330.9051271000,314.3253295000,315.9142267700,328.6944874200,7528802,349428550.8400,1.761300,1,-3.888200,186.699244,23.024004,23.848273,87.505945,0
2021-10-12,sz.300604,314.6016594600,320.5427536000,289.1793031400,289.8010455500,315.9142267700,14584353,627206272.2500,3.411900,1,-8.265900,171.266855,21.120861,21.876997,80.272784,0
2021-10-13,sz.300604,291.8735202500,296.5711295700,283.4454564700,294.9822323000,289.8010455500,7674649,323344451.6400,1.795400,1,1.787800,174.328837,21.498469,22.268123,81.707935,0
2021-10-14,sz.300604,294.0841599300,296.0184696500,288.3503132600,288.5575607300,294.9822323000,4790728,202364927.5400,1.120800,1,-2.178000,170.531980,21.030235,21.783126,79.928348,0
2021-10-15,sz.300604,289.7319630600,326.7601777000,286.2778385600,318.7466088600,288.5575607300,16740676,758870233.7200,3.916300,1,10.462100,188.373128,23.230430,24.062089,88.290495,0
2021-10-18,sz.300604,311.5620299000,328.6944874200,311.5620299000,320.8190835600,318.7466088600,8436565,389557394.4700,1.973700,1,0.650200,189.597920,23.381473,24.218539,88.864555,0
2021-10-19,sz.300604,318.8847738400,323.0297232400,312.5291847600,313.2890921500,320.8190835600,7314638,334979031.1500,1.711200,1,-2.347100,185.147840,22.832683,23.650102,86.778802,0
2021-10-20,sz.300604,314.3253295000,316.9504641200,300.5088315000,301.3378213800,313.2890921500,8834967,390806597.8300,2.066900,1,-3.814800,178.084868,21.961668,22.747904,83.468387,0
2021-10-21,sz.300604,300.2325015400,302.5122237100,289.2483856300,289.9392105300,301.3378213800,10107269,427704988.2300,2.364500,1,-3.782700,171.348508,21.130931,21.887427,80.311055,0
2021-10-22,sz.300604,293.6696649900,319.5065162500,290.4918704500,308.1079054000,289.9392105300,16441942,732912903.7300,3.846500,1,6.266400,182.085858,22.455075,23.258976,85.343651,0
2021-10-25,sz.300604,308.1079054000,312.2528548000,295.7421396900,310.8021225100,308.1079054000,11245192,495324121.8600,2.630700,1,0.874400,151.958578,17.183215,19.812311,51.159351,0
2021-10-26,sz.300604,310.5948750400,318.8156913500,304.8610283700,310.1112976100,310.8021225100,7979728,359406771.3300,1.866800,1,-0.222300,151.620817,17.145021,19.768274,51.045639,0
2021-10-27,sz.300604,309.1441427500,309.1441427500,299.6798416200,303.9629560000,310.1112976100,6220829,273430704.3800,1.455300,1,-1.982600,148.614746,16.805100,19.376343,50.033595,0
2021-10-28,sz.300604,303.8938735100,308.5914828300,300.8542439500,303.2721311000,303.9629560000,6608230,291158912.3700,1.545900,1,-0.227300,148.276985,16.766906,19.332306,49.919883,0
2021-10-29,sz.300604,303.8938735100,338.6423659800,303.2721311000,326.4838477400,303.2721311000,19466427,917478384.2200,4.554000,1,7.653800,159.625748,18.050205,20.811954,53.740630,0
2021-11-01,sz.300604,327.9345800300,332.7012718400,316.3978042000,317.9176189800,326.4838477400,10372893,484782525.5300,2.426700,1,-2.623800,155.437514,17.576607,20.265893,52.330592,0
2021-11-02,sz.300604,317.9176189800,330.2143022000,316.3978042000,320.8881660500,317.9176189800,11224465,526298128.0200,2.625900,1,0.934400,156.889885,17.740838,20.455253,52.819557,0
2021-11-03,sz.300604,324.6186205100,332.2867769000,317.8485364900,328.4872399500,320.8881660500,10492470,493675968.8000,2.454600,1,2.368100,160.605254,18.160966,20.939662,54.070397,0
2021-11-04,sz.300604,328.1418275000,341.1984181100,325.7239403500,339.0568609200,328.4872399500,13467050,656426267.1400,3.150500,1,3.217700,165.772994,18.745325,21.613430,55.810201,0
2021-11-05,sz.300604,339.1950259000,350.5245542600,336.0863138500,342.4419029300,339.0568609200,12052976,595019212.7600,2.819700,1,0.998400,167.428022,18.932473,21.829212,56.367394,0
2021-11-08,sz.300604,339.7476858200,359.9197729000,333.0466842900,354.7385861500,342.4419029300,13257237,668672722.6600,3.101400,1,3.590900,173.440164,19.612315,22.613073,58.391480,0
2021-11-09,sz.300604,355.7748235000,377.1903954000,355.7748235000,375.8087456000,354.7385861500,16770543,895985361.3200,3.923300,1,5.939600,183.741868,20.777214,23.956206,61.859718,0
2021-11-10,sz.300604,370.2821464000,404.8233914000,369.5913215000,398.6750497900,375.8087456000,20033923,1130006458.6700,4.686800,1,6.084600,194.921750,22.041416,25.413836,65.623609,0
2021-11-11,sz.300604,392.6648731600,420.7123641000,364.5482997300,368.9695790900,398.6750497900,36281118,2052462368.2500,8.487700,1,-7.451000,180.398036,20.399100,23.520238,60.733962,0
2021-11-12,sz.300604,381.2662623100,397.9151424000,365.0318771600,365.1009596500,368.9695790900,28204453,1556629972.7900,6.598200,1,-1.048500,178.506575,20.185217,23.273630,60.097171,0
2021-11-15,sz.300604,366.8280219000,371.6637962000,341.2675006000,343.2708928100,365.1009596500,20403730,1038212935.5400,4.773300,1,-5.979200,167.833335,18.978305,21.882057,56.503849,0
2021-11-16,sz.300604,345.4124500000,345.4124500000,323.8587131200,323.8587131200,343.2708928100,14573775,703275051.3600,3.409400,1,-5.655100,158.342257,17.905070,20.644613,53.308522,0
2021-11-17,sz.300604,330.3524671800,341.2675006000,327.3128376200,340.2312632500,323.8587131200,13749340,668127327.0900,3.216500,1,5.055500,166.347187,18.810254,21.688293,56.003513,0
2021-11-18,sz.300604,340.6457581900,362.5449075200,336.6389737700,358.8835355500,340.2312632500,15355193,788337337.8800,3.592200,1,5.482200,175.466728,19.841476,22.877296,59.073756,0
2021-11-19,sz.300604,355.2221635800,367.4497643100,352.6661114500,363.9265573200,358.8835355500,10122674,528883119.4100,2.368100,1,1.405200,177.932382,20.120288,23.198767,59.903859,0
2021-11-22,sz.300604,371.6637962000,436.7395017800,371.6637962000,419.3307143000,363.9265573200,30833832,1848160942.9900,7.213300,1,15.224000,205.020797,23.183399,26.730546,69.023619,0
2021-11-23,sz.300604,419.6761267500,437.9139041100,415.8765898000,417.8799820100,419.3307143000,16279713,1000859444.9200,3.808500,1,-0.346000,204.311500,23.103193,26.638068,68.784822,0
2021-11-24,sz.300604,418.0181469900,429.2785928600,406.2050412000,412.1461353400,417.8799820100,14850847,893096088.5000,3.474200,1,-1.372100,201.508085,22.786188,26.272560,67.841007,0
2021-11-25,sz.300604,420.7814465900,421.8867664300,400.6784420000,402.4055042500,412.1461353400,9638382,567472372.5200,2.254800,1,-2.363400,196.745658,22.247661,25.651636,66.237657,0
2021-11-26,sz.300604,405.0306388700,405.8596287500,380.8517673700,385.3421292200,402.4055042500,10988159,617931021.6800,2.570600,1,-4.240300,188.402967,21.304283,24.563919,63.428953,0
2021-11-29,sz.300604,385.3421292200,391.6286358100,379.8846125100,386.5165315500,385.3421292200,11482852,640697266.5300,2.686300,1,0.304800,188.977160,21.369212,24.638782,63.622265,0
2021-11-30,sz.300604,393.7701930000,399.8494521200,378.4338802200,388.7962537200,386.5165315500,13349953,747911372.6800,3.123100,1,0.589800,190.091770,21.495250,24.784104,63.997517,0
2021-12-01,sz.300604,387.9672638400,391.4904708300,374.0816833500,384.0986444000,388.7962537200,9566223,527223014.3900,2.237900,1,-1.208200,187.794997,21.235535,24.484652,63.224270,0
2021-12-02,sz.300604,384.0295619100,386.9310264900,375.8778280900,378.8483751600,384.0986444000,6158525,339138688.2200,1.440700,1,-1.366900,185.228015,20.945265,24.149970,62.360054,0
2021-12-03,sz.300604,379.9536950000,403.2344941300,379.9536950000,396.8789050500,378.8483751600,13303751,759275270.8900,3.112300,1,4.759300,194.043572,21.942113,25.299339,65.327956,0
2021-12-06,sz.300604,397.9842248900,426.9297882000,397.9842248900,418.2944769500,396.8789050500,20610791,1237778334.7900,4.821700,1,5.396000,204.514156,23.126109,26.664490,68.853050,0
2021-12-07,sz.300604,418.2944769500,421.2650240200,388.0363463300,396.3953276200,418.2944769500,16999466,983229878.5100,3.976900,1,-5.235300,193.807139,21.915378,25.268513,65.248357,0
2021-12-08,sz.300604,397.2243175000,414.4949400000,396.3953276200,411.3171454600,396.3953276200,11828771,699441685.4700,2.767200,1,3.764400,201.102772,22.740356,26.219715,67.704552,0
2021-12-09,sz.300604,410.9717330100,417.9490645000,392.3885432000,392.9412031200,411.3171454600,9381203,543659656.4200,2.194700,1,-4.467600,192.118335,21.724411,25.048327,64.679793,0
2021-12-10,sz.300604,394.5991828800,416.5674147000,383.4078195000,407.5866910000,392.9412031200,13657151,796838486.8300,3.195000,1,3.727100,199.278864,22.534111,25.981915,67.090503,0
2021-12-13,sz.300604,414.4258575100,418.5017244200,397.9842248900,413.5277851400,407.5866910000,11513644,678892969.8600,2.693500,1,1.457600,202.183607,22.862575,26.360634,68.068432,0
2021-12-14,sz.300604,413.5277851400,415.6002598400,402.7509167000,411.3862279500,413.5277851400,8231232,488260246.4700,1.925600,1,-0.517900,201.136548,22.744175,26.224119,67.715923,0
2021-12-15,sz.300604,409.1065057800,418.3635594400,394.5301003900,399.8494521200,411.3862279500,8993340,528121256.6000,2.103900,1,-2.804400,195.495943,22.106345,25.488699,65.816920,0
2021-12-16,sz.300604,397.7078949300,409.1065057800,395.2209252900,406.9649485900,399.8494521200,6824262,397805113.9700,1.596500,1,1.779500,198.974879,22.499737,25.942281,66.988161,0
2021-12-17,sz.300604,401.5765143700,406.7577011200,388.3126762900,389.4870786200,406.9649485900,7804588,445953944.0300,1.825800,1,-4.294700,190.429531,21.533444,24.828142,64.111230,0
2021-12-20,sz.300604,386.8619440000,395.7735852100,368.2096717000,371.3183837500,389.4870786200,8256842,452244824.4200,1.931600,1,-4.664800,181.546423,20.528957,23.669965,61.120585,0
2021-12-21,sz.300604,376.0159930700,382.0261697000,364.7555472000,376.7759004600,371.3183837500,7876805,426914313.6300,1.842700,1,1.469800,184.214733,20.830685,24.017858,62.018916,0
2021-12-22,sz.300604,379.4701175700,385.4802942000,373.0454460000,380.5063549200,376.7759004600,5890297,323937244.3400,1.378000,1,0.990100,186.038641,21.036930,24.255659,62.632964,0
2021-12-23,sz.300604,386.8619440000,392.3885432000,376.4995705000,379.7464475300,380.5063549200,5953196,328837574.5000,1.392700,1,-0.199700,185.667104,20.994917,24.207218,62.507880,0
2021-12-24,sz.300604,379.9536950000,386.8619440000,366.8280219000,377.0522304200,379.7464475300,4444900,241534461.1800,1.039800,1,-0.709500,184.349837,20.845963,24.035473,62.064401,0
2021-12-27,sz.300604,372.6309510600,377.0522304200,362.6830725000,367.5879292900,377.0522304200,7024918,373224641.2200,1.643400,1,-2.510100,179.722514,20.322713,23.432164,60.506537,0
2021-12-28,sz.300604,371.7328786900,388.1054288200,366.2062794900,387.6218513900,367.5879292900,8555859,470133649.3800,2.001600,1,5.450100,189.517577,21.430322,24.709241,63.804205,0
2021-12-29,sz.300604,389.6252436000,390.2469860100,370.9729713000,376.1541580500,387.6218513900,6343001,347851897.0700,1.483900,1,-2.958500,183.910748,20.796311,23.978225,61.916574,0
2021-12-30,sz.300604,380.0918599800,398.2605548500,374.4961782900,384.9967167700,376.1541580500,7636826,426880641.9700,1.786600,1,2.350800,188.234086,21.285187,24.541900,63.372097,0
2021-12-31,sz.300604,384.9967167700,406.3432061800,377.1903954000,397.2243175000,384.9967167700,13268128,761456328.4600,3.104000,1,3.176000,194.212452,21.961210,25.321358,65.384812,0
2022-01-04,sz.300604,397.2243175000,399.2967922000,342.0274079900,348.7284095200,397.2243175000,21036717,1089383940.3100,4.921400,1,-12.208700,170.501645,19.280033,22.229950,57.402179,0
2022-01-05,sz.300604,348.7974920100,348.7974920100,322.2698158500,331.5959520000,348.7284095200,13509442,648427895.0400,3.160400,1,-4.912800,162.125177,18.332836,21.137829,54.582104,0
2022-01-06,sz.300604,330.2143022000,340.5766757000,321.6480734400,335.7409014000,331.5959520000,8751571,418148624.1100,2.047400,1,1.250000,164.151742,18.561997,21.402052,55.264380,0
2022-01-07,sz.300604,334.3592516000,355.6366585200,330.2143022000,343.6853877500,335.7409014000,13865100,691092409.6900,3.243600,1,2.366300,168.035991,19.001221,21.908479,56.572077,0
2022-01-10,sz.300604,343.6853877500,343.6853877500,343.6853877500,343.6853877500,343.6853877500,,,,0,,168.035991,19.001221,21.908479,56.572077,0
2022-01-11,sz.300604,343.6853877500,343.6853877500,343.6853877500,343.6853877500,343.6853877500,,,,0,,168.035991,19.001221,21.908479,56.572077,0
2022-01-12,sz.300604,343.6853877500,343.6853877500,343.6853877500,343.6853877500,343.6853877500,,,,0,,168.035991,19.001221,21.908479,56.572077,0
2022-01-13,sz.300604,343.6853877500,343.6853877500,343.6853877500,343.6853877500,343.6853877500,,,,0,,168.035991,19.001221,21.908479,56.572077,0
2022-01-14,sz.300604,343.6853877500,343.6853877500,343.6853877500,343.6853877500,343.6853877500,,,,0,,168.035991,19.001221,21.908479,56.572077,0
2022-01-17,sz.300604,343.6853877500,343.6853877500,343.6853877500,343.6853877500,343.6853877500,,,,0,,168.035991,19.001221,21.908479,56.572077,0
2022-01-18,sz.300604,343.6853877500,343.6853877500,343.6853877500,343.6853877500,343.6853877500,,,,0,,168.035991,19.001221,21.908479,56.572077,0
2022-01-19,sz.300604,343.6853877500,343.6853877500,343.6853877500,343.6853877500,343.6853877500,,,,0,,168.035991,19.001221,21.908479,56.572077,0
2022-01-20,sz.300604,343.6853877500,343.6853877500,343.6853877500,343.6853877500,343.6853877500,,,,0,,168.035991,19.001221,21.908479,56.572077,0
2022-01-21,sz.300604,343.6853877500,343.6853877500,343.6853877500,343.6853877500,343.6853877500,,,,0,,168.035991,19.001221,21.908479,56.572077,0
2022-01-24,sz.300604,330.0761372200,330.0761372200,276.5372074700,310.8712050000,343.6853877500,17277857,767825010.3400,4.042000,1,-9.547700,151.992354,17.187034,19.816715,51.170723,0
2022-01-25,sz.300604,308.1769878900,321.2335785000,296.9856245100,298.9890167200,310.8712050000,12485081,552049113.5300,2.920800,1,-3.822200,146.182868,16.530107,19.059276,49.214864,0
2022-01-26,sz.300604,298.4363568000,315.4997318300,294.2914074000,309.1441427500,298.9890167200,8012039,357030938.4700,1.874300,1,3.396500,151.147952,17.091550,19.706622,50.886441,0
2022-01-27,sz.300604,313.0818446800,315.7760617900,301.1996564000,301.8904813000,309.1441427500,4438393,196748917.7700,1.038300,1,-2.346400,147.601464,16.690520,19.244232,49.692457,0
2022-01-28,sz.300604,303.9629560000,310.1803801000,294.7059023400,297.7455319000,301.8904813000,4444197,193588319.7700,1.039700,1,-1.373000,145.574899,16.461359,18.980009,49.010181,0
2022-02-07,sz.300604,303.2721311000,312.5291847600,297.0547070000,304.5846984100,297.7455319000,5661362,248498566.2900,1.324400,1,2.297000,148.918731,16.839474,19.415977,50.135937,0
2022-02-08,sz.300604,299.8870890900,304.5846984100,282.4783016100,287.3831584000,304.5846984100,10745622,451593063.6800,2.513800,1,-5.647500,140.508487,15.888458,18.319452,47.304490,0
2022-02-09,sz.300604,286.6923335000,291.3208603300,275.0173926900,289.9392105300,287.3831584000,9455289,387034712.2800,2.212000,1,0.889400,141.758202,16.029774,18.482389,47.725227,0
2022-02-10,sz.300604,288.7648082000,296.7783770400,285.3106837000,288.6957257100,289.9392105300,5285941,222363142.6200,1.236600,1,-0.428900,141.150233,15.961026,18.403122,47.520544,0
2022-02-11,sz.300604,288.2121482800,293.8078299700,277.7806922900,281.1657343000,288.6957257100,5123971,211165154.9800,1.198700,1,-2.608300,137.468640,15.544717,17.923117,46.281076,0
2022-02-14,sz.300604,276.3299600000,279.3005070700,264.4477717200,267.6255662600,281.1657343000,10155595,398993894.7800,2.375800,1,-4.815700,130.848529,14.796127,17.059989,44.052306,0
2022-02-15,sz.300604,268.9381335700,281.6493117300,267.9018962200,280.6130743800,267.6255662600,7782001,311266708.0800,1.820500,1,4.852900,137.198431,15.514163,17.887888,46.190106,0
2022-02-16,sz.300604,282.4092191200,286.1396735800,269.8362059400,270.8033608000,280.6130743800,7655795,304903714.8000,1.791000,1,-3.495800,132.402228,14.971816,17.262560,44.575385,0
2022-02-17,sz.300604,273.5666604000,276.7444549400,265.4149265800,273.7739078700,270.8033608000,8314181,327609835.3300,1.945000,1,1.096900,133.854600,15.136048,17.451920,45.064350,0
2022-02-18,sz.300604,270.5961133300,273.2903304400,265.9675865000,271.2869382300,273.7739078700,5975575,232982403.7200,1.397900,1,-0.908400,132.638661,14.998552,17.293386,44.654984,0
2022-02-21,sz.300604,272.1850106000,280.3367444200,270.2507008800,271.3560207200,271.2869382300,6085855,240686687.5000,1.423700,1,0.025500,132.672437,15.002371,17.297790,44.666355,0
2022-02-22,sz.300604,270.5961133300,271.0796907600,257.6776877000,269.4217110000,271.3560207200,8315482,318797055.0600,1.945300,1,-0.712800,131.726707,14.895429,17.174486,44.347960,0
2022-02-23,sz.300604,268.8690510800,303.1339661200,267.4874012800,298.8508517400,269.4217110000,18393345,774891666.7500,4.303000,1,10.923100,146.115316,16.522469,19.050468,49.192121,0
2022-02-24,sz.300604,294.1532424200,297.4001194500,283.5836214500,292.8406751100,298.8508517400,13054146,549452403.1300,3.053900,1,-2.011100,143.176797,16.190186,18.667345,48.202821,0
2022-02-25,sz.300604,302.2358937500,306.2426781700,291.8735202500,298.2981918200,292.8406751100,8665206,373404909.7100,2.027200,1,1.863600,145.845107,16.491914,19.015239,49.101151,0
2022-02-28,sz.300604,296.2947996100,304.1702034700,293.4624175200,301.6141513400,298.2981918200,7835882,339890400.0000,1.833100,1,1.111600,147.466359,16.675242,19.226617,0.000000,0
2022-03-01,sz.300604,303.8247910200,303.9629560000,292.5643451500,297.2619544700,301.6141513400,6088948,261860510.0000,1.424500,1,-1.443000,145.338466,16.434624,18.949183,48.930582,0
2022-03-02,sz.300604,296.9856245100,298.0218618600,290.1464580000,294.7749848300,297.2619544700,4872964,206900307.0000,1.140000,1,-0.836600,144.122527,16.297128,18.790649,48.521216,0
2022-03-03,sz.300604,298.0909443500,298.9890167200,282.2019716500,282.5473841000,294.7749848300,6075537,252520100.0000,1.421300,1,-4.148100,138.144162,15.621104,18.011192,46.508501,0
2022-03-04,sz.300604,281.7183942200,294.7059023400,279.9913319700,282.6855490800,282.5473841000,6855647,285708752.0000,1.603800,1,0.048900,138.211714,15.628743,18.019999,46.531244,0
2022-03-07,sz.300604,279.5077545400,282.4092191200,272.8758355000,274.8792277100,282.6855490800,5769933,231070466.0000,1.349800,1,-2.761500,134.395017,15.197157,17.522379,45.246290,0
2022-03-08,sz.300604,274.3265677900,290.6991179200,269.4217110000,283.0309615300,274.8792277100,9653975,393468336.0000,2.258500,1,2.965600,138.380594,15.647840,18.042018,46.588100,0
2022-03-09,sz.300604,282.7546315700,294.2914074000,271.3560207200,281.7874767100,283.0309615300,8406763,344732448.0000,1.966700,1,-0.439300,137.772625,15.579091,17.962751,46.383417,0
2022-03-10,sz.300604,293.8078299700,295.3276447500,279.7840845000,282.3401366300,281.7874767100,8387889,346896912.0000,1.962300,1,0.196100,138.042833,15.609646,17.997981,46.474387,0
2022-03-11,sz.300604,272.8067530100,279.0241771100,269.2835460200,277.2971148600,282.3401366300,6262103,248605012.0000,1.465000,1,-1.786200,135.577180,15.330834,17.676509,45.644284,0
2022-03-14,sz.300604,273.9811553400,284.1362813700,273.9120728500,274.2574853000,277.2971148600,5712455,229801395.0000,1.336400,1,-1.096200,134.091032,15.162783,17.482746,45.143949,0
2022-03-15,sz.300604,274.1884028100,285.2416012100,265.4149265800,270.8033608000,274.2574853000,7584973,303168640.0000,1.774400,1,-1.259400,132.402228,14.971816,17.262560,44.575385,0
2022-03-16,sz.300604,276.3299600000,279.7840845000,237.0911056800,263.2042869000,270.8033608000,25610516,938147136.0000,5.991400,1,-2.806100,128.686860,14.551689,16.778152,43.324545,0
2022-03-17,sz.300604,265.7603390300,287.9358183200,265.4840090700,281.5802292400,263.2042869000,19728709,802526752.0000,4.615400,1,6.981600,137.671296,15.567633,17.949540,46.349303,0
2022-03-18,sz.300604,280.0604144600,286.6923335000,273.7739078700,286.6923335000,281.5802292400,11077618,452064893.9900,2.591500,1,1.815500,140.170726,15.850265,18.275415,47.190777,0
2022-03-21,sz.300604,288.5575607300,290.0773755100,277.0898673900,280.1294969500,286.6923335000,7764278,318042527.1000,1.816400,1,-2.289200,136.961999,15.487427,17.857062,46.110507,0
2022-03-22,sz.300604,277.7116098000,279.4386720500,270.1816183900,272.4613405600,280.1294969500,4943997,196296307.8400,1.156600,1,-2.737400,133.212854,15.063480,17.368249,44.848295,0
2022-03-23,sz.300604,275.9845475500,277.5734448200,268.5927211200,270.8033608000,272.4613405600,4684193,185302850.5000,1.095800,1,-0.608500,132.402228,14.971816,17.262560,44.575385,0
2022-03-24,sz.300604,269.4217110000,270.8033608000,264.7241016800,267.3492363000,270.8033608000,4675751,181155695.7400,1.093900,1,-1.275500,130.713424,14.780849,17.042375,44.006821,0
2022-03-25,sz.300604,270.6651958200,275.3628051400,257.3322752500,258.7830075400,267.3492363000,6071015,232122885.4500,1.420300,1,-3.204100,126.525190,14.307251,16.496314,42.596784,0
2022-03-28,sz.300604,253.6018207900,258.2994301100,248.6969640000,250.9766861700,258.7830075400,5610777,204856284.4200,1.312600,1,-3.016600,122.708494,13.875665,15.998694,41.311830,0
2022-03-29,sz.300604,251.0457686600,254.5689756500,242.8249523500,248.2133865700,250.9766861700,5329111,191094242.5400,1.246700,1,-1.101000,121.357450,13.722892,15.822546,40.856979,0
2022-03-30,sz.300604,251.5984285800,264.4477717200,244.8974270500,260.4409873000,248.2133865700,7701879,287366800.1400,1.801800,1,4.926200,127.335816,14.398915,16.602003,42.869694,0
2022-03-31,sz.300604,256.9177803100,259.5429149300,252.7728309100,252.9109958900,260.4409873000,4795173,177564646.1100,1.121800,1,-2.891200,123.654224,13.982607,16.121998,41.630226,0
2022-04-01,sz.300604,241.7887150000,257.6776877000,238.9563329100,250.4240262500,252.9109958900,7902826,284908333.8300,1.848800,1,-0.983300,122.438285,13.845111,15.963465,41.220860,0
2022-04-06,sz.300604,250.4240262500,251.3220986200,235.0186309800,237.7128480900,250.4240262500,11563805,401165163.7500,2.654800,1,-5.075900,116.223487,13.142352,15.153181,39.128546,0
2022-04-07,sz.300604,239.0254154000,245.0355920300,233.8442286500,235.1567959600,237.7128480900,5910709,203391843.0300,1.357000,1,-1.075300,114.973772,13.001036,14.990244,38.707809,0
2022-04-08,sz.300604,234.5350535500,239.0254154000,229.3538668000,233.9823936300,235.1567959600,5592379,189093775.2600,1.283900,1,-0.499400,114.399578,12.936108,14.915381,38.514497,0
2022-04-11,sz.300604,230.4591866400,233.8442286500,219.6823182000,220.8567205300,233.9823936300,5305841,171733495.3200,1.218100,1,-5.609700,107.982123,12.210433,14.078675,36.353956,0
2022-04-12,sz.300604,221.0639680000,225.7615773200,219.6823182000,222.4456178000,220.8567205300,5516220,177564137.5700,1.266400,1,0.719400,108.758973,12.298278,14.179960,36.615495,0
2022-04-13,sz.300604,222.0311228600,222.0311228600,213.4648941000,214.7083789200,222.4456178000,4211774,131811984.9000,0.966900,1,-3.478300,104.976052,11.870511,13.686744,35.341912,0
2022-04-14,sz.300604,215.2610388400,233.1534037500,210.7706769900,228.4557944300,214.7083789200,10138929,327657575.5600,2.327700,1,6.402800,111.697492,12.630560,14.563083,37.604795,0
2022-04-15,sz.300604,224.5871749900,227.1432271200,218.3006684000,220.0968131400,228.4557944300,6107140,196825251.0800,1.402100,1,-3.658900,107.610586,12.168420,14.030234,36.228872,0
2022-04-18,sz.300604,217.5407610100,233.9823936300,214.8465439000,230.2519391700,220.0968131400,7009157,231873837.8100,1.609100,1,4.613900,112.575670,12.729863,14.677580,37.900448,0
2022-04-19,sz.300604,229.9756092100,230.8045990900,224.5871749900,227.6958870400,230.2519391700,5760891,189400344.8200,1.322600,1,-1.110100,111.325955,12.588548,14.514643,37.479711,0
2022-04-20,sz.300604,230.6664341100,231.4263415000,225.2779998900,228.1103819800,227.6958870400,5370626,177539395.4900,1.233000,1,0.182000,111.528612,12.611464,14.541065,37.547939,0
2022-04-21,sz.300604,227.1432271200,236.4693632700,219.5441532200,221.4784629400,228.1103819800,6656263,219000561.4400,1.528100,1,-2.907300,108.286108,12.244807,14.118308,36.456297,0
2022-04-22,sz.300604,220.8567205300,223.2746076800,211.3924194000,212.0832443000,221.4784629400,5300440,165515729.9500,1.216900,1,-4.242000,103.692561,11.725376,13.519403,34.909804,0
2022-04-25,sz.300604,207.2474700000,211.3924194000,194.1217969000,195.5034467000,212.0832443000,6771005,198444394.6000,1.515300,1,-7.817600,78.366743,9.674208,11.316940,43.289993,0
2022-04-26,sz.300604,199.1648186700,202.7571081500,191.2894148100,194.3290443700,195.5034467000,5677456,161697434.3500,1.270600,1,-0.600700,77.895989,9.616094,11.248958,43.029947,0
2022-04-27,sz.300604,193.2928070200,209.2508622100,186.5918054900,206.6948100800,194.3290443700,8278137,238823672.2000,1.852600,1,6.363300,82.852755,10.227996,11.964764,45.768078,0
2022-04-28,sz.300604,206.0730676700,216.1591112100,202.9643556200,216.1591112100,206.6948100800,9462177,289106063.7900,2.117500,1,4.578900,86.646480,10.696323,12.512616,47.863742,0
2022-04-29,sz.300604,227.1432271200,227.1432271200,207.2474700000,219.6823182000,216.1591112100,10756582,339416728.2800,2.407200,1,1.629900,78.463468,10.367562,10.956054,65.622171,0
2022-05-05,sz.300604,217.6098435000,227.8340520200,215.4682863100,223.8963500900,219.6823182000,5692162,184422408.9200,1.273800,1,1.918200,79.968585,10.566437,11.166217,66.880961,0
2022-05-06,sz.300604,218.7151633400,225.7615773200,215.6064512900,219.8204831800,223.8963500900,5144157,163998787.4300,1.151200,1,-1.820400,78.512816,10.374082,10.962944,65.663443,0
2022-05-09,sz.300604,219.6823182000,230.4591866400,216.5045236600,224.1726800500,219.8204831800,6142877,200749143.5400,1.374700,1,1.979900,80.067281,10.579478,11.179998,66.963505,0
2022-05-10,sz.300604,221.6857104100,237.2983531500,220.2349781200,232.6698263200,224.1726800500,11516148,389009522.9500,2.577200,1,3.790400,83.102189,10.980487,11.603770,69.501721,0
2022-05-11,sz.300604,233.4988162000,247.5225616700,231.4263415000,242.4795399000,232.6698263200,10275220,359373526.3900,2.299500,1,4.216200,86.605904,11.443441,12.093003,72.432019,0
2022-05-12,sz.300604,240.1307352400,246.9699017500,237.6437656000,242.1341274500,242.4795399000,6028609,210881899.8800,1.349100,1,-0.142500,86.482534,11.427140,12.075776,72.328840,0
2022-05-13,sz.300604,242.1341274500,246.2790768500,239.7162403000,241.7887150000,242.1341274500,4791896,167800542.1600,1.072400,1,-0.142700,86.359163,11.410839,12.058550,72.225660,0
2022-05-16,sz.300604,242.1341274500,248.0061391000,241.7887150000,246.6244893000,241.7887150000,4604172,163443683.1600,1.030400,1,2.000000,88.086347,11.639055,12.299721,73.670174,0
2022-05-17,sz.300604,245.3810044800,257.3322752500,243.7921072100,255.9506254500,246.6244893000,5445235,199968322.7000,1.218600,1,3.781500,91.417343,12.079188,12.764836,76.456020,0
2022-05-18,sz.300604,259.0593375000,268.2473086700,254.9834705900,263.1352044100,255.9506254500,7656234,291728156.9300,1.713400,1,2.807000,93.983444,12.418253,13.123147,78.602154,0
2022-05-19,sz.300604,256.8486978200,266.6584114000,256.2960379000,263.8951118000,263.1352044100,4135381,157768905.1700,0.925500,1,0.288800,94.254858,12.454115,13.161046,78.829149,0
2022-05-20,sz.300604,263.2042869000,278.5405996800,262.5134620000,273.5666604000,263.8951118000,6550086,257517813.8000,1.465800,1,3.664900,97.709225,12.910549,13.643388,81.718176,0
2022-05-23,sz.300604,273.7048253800,277.8497747800,267.0038238500,276.3299600000,273.5666604000,5909218,233344431.7300,1.318900,1,1.010100,98.696187,13.040958,13.781200,82.543612,0
2022-05-24,sz.300604,276.1917950200,279.0932596000,267.0729063400,267.1419888300,276.3299600000,5178184,204409541.0800,1.155800,1,-3.325000,95.414538,12.607347,13.322975,79.799037,0
2022-05-25,sz.300604,268.8690510800,271.5632681900,259.9574098700,263.6187818400,267.1419888300,7709978,294176842.1200,1.720900,1,-1.318900,94.156162,12.441074,13.147264,78.746606,0
2022-05-26,sz.300604,268.8690510800,272.8758355000,261.0627297100,269.3526285100,263.6187818400,4517139,175008875.3200,1.008200,1,2.175100,96.204108,12.711674,13.433224,80.459386,0
2022-05-27,sz.300604,270.7342783100,281.0275693200,269.5598759800,273.5666604000,269.3526285100,4731248,188317020.3600,1.056000,1,1.564500,97.709225,12.910549,13.643388,81.718176,0
2022-05-30,sz.300604,275.5700526100,278.0570222500,267.7637312400,273.7048253800,273.5666604000,4425431,174603784.1900,0.987800,1,0.050500,97.758573,12.917069,13.650278,81.759448,0
2022-05-31,sz.300604,274.8792277100,281.5111467500,267.3492363000,279.0932596000,273.7048253800,5830060,231937104.0600,1.301300,1,1.968700,99.683148,13.171368,13.919012,83.369048,0
2022-06-01,sz.300604,277.9188572700,285.6560961500,274.6719802400,282.5473841000,279.0932596000,5359749,217700515.8100,1.196300,1,1.237600,100.916851,13.334380,14.091277,84.400843,0
2022-06-02,sz.300604,282.5473841000,309.4895552000,279.9222494800,303.6866260400,282.5473841000,13304565,577539977.8400,2.969600,1,7.481700,108.467109,14.332013,15.145538,90.715429,0
2022-06-06,sz.300604,303.2721311000,317.5031240400,301.6832338300,315.1543193800,303.6866260400,8956600,401081463.3300,1.999100,1,3.776200,112.563001,14.873213,15.717458,94.140989,0
2022-06-07,sz.300604,310.8712050000,315.7069793000,304.1011209800,307.0025855600,315.1543193800,5208985,232304492.1100,1.162600,1,-2.586600,109.651463,14.488505,15.310913,91.705953,0
2022-06-08,sz.300604,307.0025855600,310.4567100600,299.8870890900,303.4793785700,307.0025855600,6159853,270915808.5700,1.374900,1,-1.147600,108.393087,14.322233,15.135203,90.653522,0
2022-06-09,sz.300604,301.6832338300,304.9991933500,294.0841599300,299.6798416200,303.4793785700,5018625,216722888.9100,1.120200,1,-1.252000,107.036014,14.142919,14.945711,89.518547,0
2022-06-10,sz.300604,300.3015840300,308.3842353600,294.9822323000,307.4170805000,299.6798416200,6446726,283288610.4800,1.438900,1,2.581800,109.799508,14.508066,15.331585,91.829768,0
2022-06-13,sz.300604,305.2064408200,309.8349676500,302.8576361600,304.7228633900,307.4170805000,4208357,186251708.0400,0.939300,1,-0.876400,108.837220,14.380917,15.197218,91.024968,0
2022-06-14,sz.300604,303.9629560000,304.7228633900,286.0015086000,291.1826953500,304.7228633900,10151592,428493455.4700,2.265800,1,-4.443400,104.001107,13.741910,14.521939,86.980331,0
2022-06-15,sz.300604,291.5281078000,304.9991933500,291.5281078000,300.0252540700,291.1826953500,6463687,281066531.9800,1.442700,1,3.036800,107.159385,14.159221,14.962938,89.621727,0
2022-06-16,sz.300604,300.8542439500,314.7398244400,300.4397490100,303.4793785700,300.0252540700,6656823,295993849.2900,1.485800,1,1.151300,108.393087,14.322233,15.135203,90.653522,0
2022-06-17,sz.300604,301.4759863600,307.4170805000,298.1600268400,303.6175435500,303.4793785700,3846027,168493112.2200,0.858400,1,0.045500,108.442435,14.328753,15.142093,90.694794,0
2022-06-20,sz.300604,304.9301108600,312.3219372900,303.4793785700,309.1441427500,303.6175435500,4221300,189045506.2900,0.942200,1,1.820300,110.416359,14.589572,15.417717,92.345666,0
2022-06-21,sz.300604,308.7987303000,312.1837723100,302.5813062000,306.5880906200,309.1441427500,4788986,213303016.3700,1.068900,1,-0.826800,109.503419,14.468943,15.290241,91.582137,0
2022-06-22,sz.300604,308.0388229100,311.0784524700,297.0547070000,300.3015840300,306.5880906200,6624701,291421727.3800,1.478600,1,-2.050500,107.258081,14.172262,14.976719,89.704270,0
2022-06-23,sz.300604,298.7126867600,302.9958011400,297.2619544700,302.2358937500,300.3015840300,5703290,248211447.1400,1.273000,1,0.644100,107.948954,14.263548,15.073187,90.282075,0
2022-06-24,sz.300604,299.7489241100,305.8281832300,294.8440673200,296.7783770400,302.2358937500,7101280,307075597.7800,1.585000,1,-1.805700,105.999704,14.005989,14.801008,88.651839,0
2022-06-27,sz.300604,297.2619544700,308.5914828300,297.0547070000,305.6900182500,296.7783770400,7618188,334367718.7000,1.700400,1,3.002800,109.182656,14.426560,15.245452,91.313871,0
2022-06-28,sz.300604,304.3083684500,320.2664236400,301.1996564000,317.5722065300,305.6900182500,10118492,457186931.3200,2.258400,1,3.887000,113.426592,14.987322,15.838044,94.863246,0
2022-06-29,sz.300604,317.5722065300,329.5925597900,311.1475349600,313.0818446800,317.5722065300,9126986,424044589.7300,2.037100,1,-1.414000,111.822779,14.775406,15.614099,93.521912,0
2022-06-30,sz.300604,310.7330400200,319.1611038000,305.8281832300,311.9074423500,313.0818446800,4846427,219056932.5000,1.081700,1,-0.375100,111.403321,14.719982,15.555529,93.171102,0
2022-07-01,sz.300604,308.8678127900,316.7432166500,306.4499256400,307.1407505400,311.9074423500,4089400,184001434.9300,0.912800,1,-1.528200,109.700811,14.495025,15.317803,91.747225,0
2022-07-04,sz.300604,306.9335030700,309.9040501400,296.3638821000,300.3706665200,307.1407505400,8376854,365335404.5900,1.869700,1,-2.204200,107.282755,14.175522,14.980164,89.724906,0
2022-07-05,sz.300604,300.5088315000,303.9629560000,290.1464580000,294.7749848300,300.3706665200,6114772,261926847.6800,1.364800,1,-1.862900,105.284157,13.911442,14.701095,88.053398,0
2022-07-06,sz.300604,294.7059023400,320.1973411500,292.9788400900,305.8281832300,294.7749848300,10663320,479220841.5400,2.380100,1,3.749700,109.232005,14.433081,15.252343,91.355142,0
2022-07-07,sz.300604,310.9402874900,316.1214742400,300.5088315000,314.3253295000,305.8281832300,7500069,337298659.4400,1.674000,1,2.778400,112.266912,14.834090,15.676115,93.893358,0
2022-07-08,sz.300604,314.0489995400,317.7794540000,308.8678127900,312.8745972100,314.3253295000,5804631,263326105.4200,1.295600,1,-0.461500,111.748757,14.765625,15.603763,93.460004,0
2022-07-11,sz.300604,313.1509271700,313.9108345600,300.5779139900,305.6900182500,312.8745972100,5154519,227817923.3300,1.150500,1,-2.296300,109.182656,14.426560,15.245452,91.313871,0
2022-07-12,sz.300604,313.0818446800,314.2562470100,290.1464580000,290.9754478800,305.6900182500,7235787,313630212.2200,1.615000,1,-4.813600,103.927084,13.732129,14.511603,86.918423,0
2022-07-13,sz.300604,290.9754478800,297.8146143900,285.1725187200,295.4658097300,290.9754478800,4878736,205849940.8500,1.088900,1,1.543200,105.530898,13.944045,14.735548,88.259757,0
2022-07-14,sz.300604,293.0479225800,307.4170805000,291.8044377600,305.6209357600,295.4658097300,7535083,328791703.0000,1.681800,1,3.437000,109.157982,14.423300,15.242007,91.293235,0
2022-07-15,sz.300604,300.9924089300,318.8156913500,296.5020470800,303.6175435500,305.6209357600,8387522,372171879.4800,1.872100,1,-0.655500,108.442435,14.328753,15.142093,90.694794,0
2022-07-18,sz.300604,305.3446058000,307.4170805000,290.4918704500,299.5416766400,303.6175435500,6231761,268256370.3800,1.390900,1,-1.342400,106.986666,14.136399,14.938820,89.477275,0
2022-07-19,sz.300604,297.9527793700,305.6900182500,291.5281078000,298.3672743100,299.5416766400,4965313,214483073.2100,1.108300,1,-0.392100,106.567207,14.080975,14.880250,89.126465,0
2022-07-20,sz.300604,299.7521244900,315.7472136000,299.1981820100,313.3929580600,298.3672682900,11254443,504317031.5200,2.512000,1,5.036000,111.674735,14.755845,15.593427,93.398097,0
2022-07-21,sz.300604,309.6538463200,339.2897690000,309.5846035100,332.3654880000,313.3929580600,19386465,927550186.0700,4.327100,1,6.053900,118.435424,15.649150,16.537440,99.052334,0
2022-07-22,sz.300604,325.5796926200,345.8678359500,325.4412070000,337.2124847000,332.3654880000,13691196,663500856.8000,3.055900,1,1.458300,120.162607,15.877367,16.778611,100.496847,0
2022-07-25,sz.300604,335.4121716400,348.2913343000,331.3960886600,339.3590118100,337.2124847000,11179106,549183367.3800,2.495200,1,0.636600,120.927503,15.978434,16.885415,101.136560,0
2022-07-26,sz.300604,338.7358265200,346.4910212400,332.5732164300,345.5908647100,339.3590118100,8465358,418500894.3500,1.889500,1,1.836400,123.148167,16.271856,17.195492,102.993792,0
2022-07-27,sz.300604,340.7438680100,348.1528486800,337.0739990800,342.6826666900,345.5908647100,6502052,321801784.5700,1.451300,1,-0.841500,122.111857,16.134926,17.050789,102.127084,0
2022-07-28,sz.300604,342.0594814000,360.5473116700,338.0433984200,355.9080434000,342.6826666900,16465801,835715545.8500,3.675200,1,3.859400,126.824600,16.757632,17.708842,106.068541,0
2022-07-29,sz.300604,353.1383310000,367.1253786200,343.8597944600,348.9837624000,355.9080434000,11094306,571031682.5900,2.476200,1,-1.945500,124.357195,16.431608,17.364312,104.004951,0
2022-08-01,sz.300604,346.2832928100,377.2348288800,338.4588552800,373.5649599500,348.9837624000,16096590,842763748.8700,3.592800,1,7.043700,133.116482,17.588993,18.587393,111.330696,0
2022-08-02,sz.300604,368.9949344900,396.7613013000,366.9868930000,374.8113305300,373.5649599500,22344567,1230508339.1200,4.987300,1,0.333600,133.560615,17.647677,18.649408,111.702143,0
2022-08-03,sz.300604,375.3652730100,390.2524771600,348.8452767800,362.8323244000,374.8113305300,30598545,1604215787.9600,6.829600,1,-3.196000,129.292004,17.083656,18.053372,108.132132,0
2022-08-04,sz.300604,360.0626120000,367.5408354800,346.6295068600,354.4539443900,362.8323244000,19254493,990856964.0800,4.297600,1,-2.309200,126.306445,16.689167,17.636490,105.635187,0
2022-08-05,sz.300604,354.3847015800,389.0061065800,352.8613597600,385.5439660800,354.4539443900,25873241,1397875834.7600,5.774900,1,8.771200,137.385092,18.153014,19.183430,114.900708,0
2022-08-08,sz.300604,409.9174352000,415.4568600000,390.8064196400,406.4552947000,385.5439660800,28838027,1685808244.5800,6.436600,1,5.423900,144.836654,19.137607,20.223911,121.132750,0
2022-08-09,sz.300604,402.6469401500,406.4552947000,388.1059500500,400.8466270900,406.4552947000,15283994,876236817.8800,3.411400,1,-1.379900,142.838056,18.873527,19.944841,119.461242,0
2022-08-10,sz.300604,395.5149307200,439.6918435000,395.5149307200,426.5357096000,400.8466270900,20044764,1239313274.6800,4.474000,1,6.408700,151.992127,20.083076,21.223047,127.117162,0
2022-08-11,sz.300604,427.0204092700,440.2457859800,417.5341443000,432.5598340700,426.5357096000,13009655,811612085.8600,2.903800,1,1.412300,154.138769,20.366717,21.522789,128.912486,0
2022-08-12,sz.300604,426.6741952200,444.5388402000,418.9190005000,418.9190005000,432.5598340700,9314990,578606331.0000,2.079100,1,-3.153500,149.277982,19.724450,20.844065,124.847213,0
2022-08-15,sz.300604,413.4488185100,431.1057350600,411.3022914000,420.5808279400,418.9190005000,9319832,564154556.2100,2.080200,1,0.396700,149.870159,19.802695,20.926752,125.342475,0
2022-08-16,sz.300604,418.3650580200,421.6887129000,405.1396813100,412.8256332200,420.5808279400,10165276,606430326.5900,2.268900,1,-1.843900,147.106666,19.437549,20.540878,123.031253,0
2022-08-17,sz.300604,413.1026044600,418.2265724000,406.1783234600,412.5486619800,412.8256332200,7320542,435668591.2800,1.633900,1,-0.067100,147.007970,19.424508,20.527097,122.948710,0
2022-08-18,sz.300604,411.8562338800,428.0590514200,399.8772277500,424.1814540600,412.5486619800,11766656,705951298.5800,2.626300,1,2.819700,151.153210,19.972228,21.105907,126.415542,0
2022-08-19,sz.300604,415.8723168600,422.3811410000,396.0688732000,397.0382725400,424.1814540600,9636168,564513431.5800,2.150800,1,-6.399000,141.480983,18.694214,19.755350,118.326268,0
2022-08-22,sz.300604,401.6082980000,418.9190005000,391.2218765000,408.8095502400,397.0382725400,9977619,592178416.2000,2.227000,1,2.964800,145.675571,19.248455,20.341051,121.834371,0
2022-08-23,sz.300604,408.5325790000,411.5792626400,395.7226591500,398.1461575000,408.8095502400,5685095,328385861.6700,1.268900,1,-2.608400,141.875768,18.746378,19.810475,118.656442,0
2022-08-24,sz.300604,398.8385856000,405.0704385000,369.5488769700,371.7646468900,398.1461575000,13648769,750424096.6500,3.046400,1,-6.626100,132.474956,17.504227,18.497815,110.794163,0
2022-08-25,sz.300604,371.8338897000,387.2750363300,368.6487204400,382.9819821100,371.7646468900,10580877,578785362.9300,2.361700,1,3.017300,136.472152,18.032385,19.055954,114.137179,0
2022-08-26,sz.300604,382.6357680600,382.9127393000,363.6632381200,364.9096087000,382.9819821100,8095025,433133223.1500,1.806800,1,-4.718900,130.032226,17.181463,18.156731,108.751209,0
2022-08-29,sz.300604,364.9788515100,389.8370203000,364.9788515100,387.6212503800,364.9096087000,10560021,585370670.3700,2.357000,1,6.223900,138.125313,18.250821,19.286789,115.519785,0
2022-08-30,sz.300604,405.0704385000,429.2361791900,399.6002565100,415.3876171900,387.6212503800,22320245,1341741443.6200,4.981900,1,7.163300,96.984687,17.550588,17.890291,129.269401,0
2022-08-31,sz.300604,418.9190005000,425.7740386900,401.6082980000,404.2395247800,415.3876171900,10443128,619922157.8600,2.330900,1,-2.683800,94.381830,17.079569,17.410155,125.800094,0
2022-09-01,sz.300604,404.1010391600,428.6129939000,404.1010391600,425.4970674500,404.2395247800,11490074,701824700.3000,2.564600,1,5.258700,99.345041,17.977723,18.325694,132.415481,0
2022-09-02,sz.300604,422.3811410000,444.4695973900,414.6259462800,430.9672494400,425.4970674500,11644361,724915530.0700,2.599000,1,1.285600,100.622219,18.208845,18.561289,134.117812,0
2022-09-05,sz.300604,427.7820801800,470.8511080000,424.6661537300,462.0572711300,430.9672494400,11796782,773891957.2200,2.633000,1,7.214000,107.881116,19.522433,19.900302,143.793085,0
2022-09-06,sz.300604,463.8575841900,470.0201942800,453.9558623600,460.6031721200,462.0572711300,6771700,451146326.3400,1.511400,1,-0.314700,107.541613,19.460995,19.837676,143.340567,0
2022-09-07,sz.300604,462.8881848500,490.2390948000,458.1104309600,459.0798303000,460.6031721200,12283889,836803908.1600,2.741800,1,-0.330700,107.185943,19.396633,19.772067,142.866500,0
2022-09-08,sz.300604,455.3407185600,484.6996700000,449.2473512800,472.7899066800,459.0798303000,9755465,662220971.2400,2.177400,1,2.986400,110.386971,19.975898,20.362545,147.133101,0
2022-09-09,sz.300604,464.7577407200,470.7818651900,449.9397793800,462.8189420400,472.7899066800,8550062,566589334.5600,1.908400,1,-2.109000,108.058951,19.554614,19.933106,144.030118,0
2022-09-13,sz.300604,462.7496992300,467.3889675000,451.4631212000,459.9107440200,462.8189420400,7111344,472768819.4600,1.587300,1,-0.628400,107.379945,19.431740,19.807854,143.125082,0
2022-09-14,sz.300604,457.9719453400,474.4517341200,451.4631212000,462.7496992300,459.9107440200,6014401,401349637.1900,1.342400,1,0.617300,108.042784,19.551689,19.930124,144.008570,0
2022-09-15,sz.300604,461.1571146000,465.9348684900,436.2297030000,444.8850542500,462.7496992300,8310682,536453186.3000,1.854900,1,-3.860500,103.871747,18.796887,19.160713,138.449059,0
2022-09-16,sz.300604,440.6612428400,453.1249486400,440.6612428400,447.5162810300,444.8850542500,6993767,453080210.8100,1.561000,1,0.591400,104.486086,18.908060,19.274038,139.267902,0
2022-09-19,sz.300604,451.5323640100,461.1571146000,434.0139330800,436.7836454800,447.5162810300,5383842,343774714.8600,1.201700,1,-2.398300,101.980231,18.454594,18.811795,135.927885,0
2022-09-20,sz.300604,438.1685016800,439.6226006900,415.4568600000,421.4809844700,436.7836454800,10543889,647293050.7600,2.353400,1,-3.503500,98.407366,17.808040,18.152726,131.165669,0
2022-09-21,sz.300604,422.3811410000,425.1508534000,394.8917454300,398.9078284100,421.4809844700,14884388,872414373.8200,3.322200,1,-5.355700,93.136986,16.854299,17.180525,124.140860,0
2022-09-22,sz.300604,401.4005695700,416.1492881000,389.9062631100,413.1718472700,398.9078284100,11529188,677431244.1200,2.573300,1,3.575800,96.467349,17.456969,17.794860,128.579850,0
2022-09-23,sz.300604,413.3795757000,414.6259462800,393.0914323700,405.0704385000,413.1718472700,9694003,564359606.7400,2.163700,1,-1.960800,94.575832,17.114676,17.445941,126.058676,0
2022-09-26,sz.300604,398.3538859300,419.2652145500,392.7452183200,408.3940933800,405.0704385000,12704759,750347552.8400,2.835700,1,0.820500,95.351839,17.255104,17.589088,127.093004,0
2022-09-27,sz.300604,409.9174352000,432.6290768800,394.7532598100,423.2120547200,408.3940933800,11676189,711814094.4800,2.606100,1,3.628300,98.811536,17.881179,18.227281,131.704381,0
2022-09-28,sz.300604,423.7659972000,424.4584253000,406.2475662700,411.7869910700,423.2120547200,5980446,357003035.0300,1.334800,1,-2.699600,96.144013,17.398458,17.735216,128.148880,0
2022-09-29,sz.300604,413.4488185100,421.5502272800,407.1477228000,414.7644319000,411.7869910700,5441560,326638434.7800,1.214600,1,0.723100,96.839185,17.524258,17.863451,129.075465,0
2022-09-30,sz.300604,415.4568600000,418.7112720700,394.0608317100,394.8225026200,414.7644319000,6915004,401749772.6300,1.543400,1,-4.808000,92.183144,16.681689,17.004574,122.869499,0
2022-10-10,sz.300604,377.9964997900,387.6904931900,315.8856992200,315.8856992200,394.8225026200,29475647,1458851792.4000,6.579000,1,-19.993000,73.752982,13.346521,13.604852,98.304219,0
2022-10-11,sz.300604,319.1401112900,331.2576030400,310.5540028500,314.2931145900,315.8856992200,18146467,837422109.0600,4.050300,1,-0.504200,73.381146,13.279233,13.536261,97.808604,0
2022-10-12,sz.300604,316.3011560800,338.9435549500,301.2754663100,337.8356699900,314.2931145900,21391423,995583606.7300,4.774600,1,7.490600,78.877861,14.273932,14.550213,105.135091,0
2022-10-13,sz.300604,331.1883602300,358.4007845600,329.3880471700,341.3670533000,337.8356699900,17156276,854717523.6100,3.829300,1,1.045300,79.702368,14.423137,14.702306,106.234064,0
2022-10-14,sz.300604,346.6987496700,352.5843885200,329.8035040300,335.8276285000,341.3670533000,13193235,644116414.6700,2.944700,1,-1.622700,78.409023,14.189090,14.463729,104.510185,0
2022-10-17,sz.300604,335.8968713100,373.9111740000,333.0579161000,362.8323244000,335.8276285000,15166082,780572177.8500,3.385100,1,8.041200,84.714079,15.330069,15.626792,112.914096,0
2022-10-18,sz.300604,366.9868930000,380.4892409500,356.6697143100,373.7034455700,362.8323244000,10057511,539262270.1200,2.244800,1,2.996200,87.252268,15.789385,16.094999,116.297209,0
2022-10-19,sz.300604,370.1028194500,387.4135219500,367.0561358100,379.2428703700,373.7034455700,10211401,556394806.1600,2.279200,1,1.482300,88.545612,16.023432,16.333576,118.021089,0
2022-10-20,sz.300604,375.7114870600,424.1814540600,374.7420877200,408.5325790000,379.2428703700,13367134,773994739.4600,2.983500,1,7.723200,95.384173,17.260955,17.595052,127.136101,0
2022-10-21,sz.300604,404.1010391600,413.6565469400,387.1365507100,402.2314832900,408.5325790000,9749317,561624227.6900,2.176000,1,-1.542400,93.912993,16.994727,17.323671,125.175188,0
2022-10-24,sz.300604,398.1461575000,426.2587383600,394.6840170000,416.1492881000,402.2314832900,9021009,542045241.7300,2.013500,1,3.460100,97.162522,17.582769,17.923095,129.506435,0
2022-10-25,sz.300604,416.1492881000,422.3811410000,406.3860518900,417.4649014900,416.1492881000,7189550,430587767.4500,1.604700,1,0.316100,97.469691,17.638356,17.979757,129.915856,0
2022-10-26,sz.300604,417.8803583500,436.0912173800,412.2024479300,428.8899651400,417.4649014900,7410659,457192522.2000,1.654100,1,2.736800,100.137214,18.121077,18.471822,133.471357,0
2022-10-27,sz.300604,432.8368053100,433.8754474600,408.5325790000,416.3570165300,428.8899651400,13996632,848918881.6700,3.124000,1,-2.922200,97.211022,17.591546,17.932042,129.571080,0
2022-10-28,sz.300604,382.3587968200,443.7079264800,380.8354550000,425.0123677800,416.3570165300,18586130,1143423691.0700,4.148400,1,2.078800,89.550774,17.518866,16.890541,-338.685854,0
2022-10-31,sz.300604,425.0816105900,430.6902782000,405.0704385000,416.0108024800,425.0123677800,15191520,914382588.8500,3.390700,1,-2.118000,87.654130,17.147825,16.532807,-331.512645,0
2022-11-01,sz.300604,415.4568600000,419.5421857900,402.8546685800,413.7257897500,416.0108024800,10067665,599136275.9000,2.247100,1,-0.549300,87.172674,17.053638,16.441998,-329.691753,0
2022-11-02,sz.300604,413.7950325600,425.4970674500,408.5325790000,416.2877737200,413.7257897500,6836444,411938463.5800,1.525900,1,0.619200,87.712488,17.159242,16.543815,-331.733359,0
2022-11-03,sz.300604,408.5325790000,431.5904347300,405.3474097400,427.7128373700,416.2877737200,7469043,461377179.4500,1.667100,1,2.744500,90.119767,17.630179,16.997861,-340.837817,0
2022-11-04,sz.300604,427.7128373700,430.6902782000,415.4568600000,418.5727864500,427.7128373700,11373851,692294048.8500,2.538600,1,-2.137000,88.193944,17.253429,16.634624,-333.554251,0
2022-11-07,sz.300604,418.2958152100,429.0976935700,409.1557642900,411.9254766900,418.5727864500,7828615,468564388.9500,1.747300,1,-1.588100,86.793345,16.979429,16.370451,-328.257111,0
2022-11-08,sz.300604,413.3795757000,422.5888694300,404.5164960200,409.9174352000,411.9254766900,6755111,403754532.0100,1.507700,1,-0.487500,86.370248,16.896658,16.290649,-326.656934,0
2022-11-09,sz.300604,409.1557642900,418.9190005000,395.5841735300,400.2234418000,409.9174352000,6922250,406794588.1300,1.545000,1,-2.364900,84.327708,16.497075,15.905397,-318.931938,0
2022-11-10,sz.300604,400.7773842800,401.1235983300,365.7405224200,369.7566054000,400.2234418000,23447002,1274618750.7400,5.233400,1,-7.612500,77.908298,15.241243,14.694606,-294.653383,0
2022-11-11,sz.300604,394.6840170000,399.2540424600,370.1028194500,373.9804168100,369.7566054000,17074752,940259339.4100,3.811100,1,1.142300,78.798262,15.415347,14.862465,-298.019273,0
2022-11-14,sz.300604,370.2413050700,370.6567619300,356.6004715000,369.4796341600,373.9804168100,9325073,492241857.4700,2.081400,1,-1.203500,77.849940,15.229826,14.683599,-294.432668,0
2022-11-15,sz.300604,366.9868930000,387.4135219500,364.4941518400,378.2042282200,369.4796341600,9212941,504949954.3400,2.056300,1,2.361300,79.688225,15.589451,15.030325,-301.385164,0
2022-11-16,sz.300604,378.3427138400,378.4119566500,364.9096087000,369.6873625900,378.2042282200,6447507,343805728.2100,1.439100,1,-2.251900,77.893708,15.238388,14.691854,-294.598204,0
2022-11-17,sz.300604,366.9868930000,372.7340462300,354.3847015800,371.4876756500,369.6873625900,8750840,457926106.7800,1.953200,1,0.487000,78.273037,15.312597,14.763401,-296.032846,0
2022-11-18,sz.300604,371.0722187900,386.3748798000,366.3637077100,372.0416181300,371.4876756500,7793240,425093182.1300,1.739500,1,0.149100,78.389754,15.335430,14.785415,-296.474274,0
2022-11-21,sz.300604,372.5263178000,384.1591098800,366.2944649000,381.6663687200,372.0416181300,6681798,362471321.0000,1.491400,1,2.587000,80.417704,15.732159,15.167915,-304.144091,0
2022-11-22,sz.300604,375.2960302000,385.8901801300,372.5263178000,375.9884583000,381.6663687200,5843599,320027544.8200,1.304300,1,-1.487700,79.221359,15.498117,14.942268,-299.619451,0
2022-11-23,sz.300604,373.9111740000,381.1816690500,367.1946214300,373.8419311900,375.9884583000,4127506,222201111.7100,0.921300,1,-0.570900,78.769082,15.409638,14.856962,-297.908916,0
2022-11-24,sz.300604,373.8419311900,382.9127393000,371.1414616000,376.8886148300,373.8419311900,6037884,330596675.0300,1.347700,1,0.815000,79.411023,15.535222,14.978041,-300.336772,0
2022-11-25,sz.300604,373.0802602800,403.2701254400,372.8032890400,392.7452183200,376.8886148300,13201241,749309511.2800,2.946500,1,4.207200,82.752035,16.188825,15.608203,-312.972657,0
2022-11-28,sz.300604,391.5680905500,411.3022914000,386.2363941800,410.7483489200,392.7452183200,13899202,812892469.9000,3.102300,1,4.583900,86.545323,16.930908,16.323671,-327.319076,0
2022-11-29,sz.300604,408.4633361900,408.6710646200,392.7452183200,401.2620839500,410.7483489200,11691138,674066870.5900,2.609500,1,-2.309500,84.546552,16.539888,15.946674,-319.759617,0
2022-11-30,sz.300604,396.9690297300,400.2234418000,384.2975955000,399.2540424600,401.2620839500,9646965,545843383.9300,2.153200,1,-0.500400,84.123454,16.457117,15.866872,-318.159439,0
2022-12-01,sz.300604,396.6228156800,414.1412466100,385.0592664100,401.6082980000,399.2540424600,10597998,616834909.3100,2.365500,1,0.589700,84.619500,16.554159,15.960433,-320.035509,0
2022-12-02,sz.300604,398.1461575000,419.6114286000,392.3297614600,405.7628666000,401.6082980000,7419963,440794906.8800,1.656100,1,1.034500,85.494874,16.725409,16.125541,-323.346221,0
2022-12-05,sz.300604,408.2556077600,408.2556077600,366.2944649000,374.4651164800,405.7628666000,12425909,679905165.5400,2.773500,1,-7.713300,78.900389,15.435326,14.881728,-298.405523,0
2022-12-06,sz.300604,371.0029759800,388.5214069100,367.7485639100,376.8193720200,374.4651164800,8267412,451831906.7400,1.845300,1,0.628700,79.396434,15.532367,14.975289,-300.281593,0
2022-12-07,sz.300604,377.5118001200,377.9272569800,367.3331070500,371.1414616000,376.8193720200,9069413,485061415.3700,2.024300,1,-1.506800,78.200089,15.298326,14.749642,-295.756953,0
2022-12-08,sz.300604,370.4490335000,371.0722187900,351.7534748000,354.8694012500,371.1414616000,10474508,542055584.4500,2.337900,1,-4.384300,74.771541,14.627597,14.102969,-282.789997,0
2022-12-09,sz.300604,353.1383310000,375.0883017700,348.8452767800,365.3943083700,354.8694012500,17423564,917476473.8400,3.888900,1,2.965900,76.989155,15.061430,14.521242,-291.177135,0
2022-12-12,sz.300604,361.1012541500,361.1012541500,344.9676794200,353.0690881900,365.3943083700,10944587,555907972.0400,2.442800,1,-3.373100,74.392212,14.553389,14.031422,-281.355355,0
2022-12-13,sz.300604,353.1383310000,353.1383310000,333.0579161000,341.4362961100,353.0690881900,13559448,664748432.3000,3.026500,1,-3.294800,71.941164,14.073889,13.569120,-272.085361,0
2022-12-14,sz.300604,355.9772862100,358.4007845600,334.6505007300,336.4508137900,341.4362961100,13725162,685442528.7200,3.063500,1,-1.460200,70.890715,13.868389,13.370991,-268.112507,0
2022-12-15,sz.300604,336.4508137900,352.7228741400,332.2270023800,344.0675228900,336.4508137900,9000850,448627518.9500,2.009000,1,2.263800,72.495568,14.182347,13.673688,-274.182146,0
2022-12-16,sz.300604,342.7519095000,342.7519095000,319.2785969100,326.4798491500,344.0675228900,15392141,724934168.6300,3.435500,1,-5.111700,68.789817,13.457389,12.974732,-260.166798,0
2022-12-19,sz.300604,323.3639227000,334.2350438700,321.9790665000,326.8953060100,326.4798491500,8288541,391466154.2100,1.850000,1,0.127300,68.877355,13.474514,12.991242,-260.497869,0
2022-12-20,sz.300604,326.3413635300,333.2656445300,318.6554116200,320.0402678200,326.8953060100,5297704,248332849.4400,1.182400,1,-2.097000,67.432987,13.191952,12.718814,-255.035194,0
2022-12-21,sz.300604,320.1095106300,322.6022517900,311.0387025200,315.6087279800,320.0402678200,5447625,248100390.7200,1.215900,1,-1.384700,66.499255,13.009285,12.542699,-251.503767,0
2022-12-22,sz.300604,316.7858557500,317.4090410400,305.2915492900,305.9839773900,315.6087279800,6181781,277186535.6200,1.379800,1,-3.049600,64.471305,12.612556,12.160199,-243.833951,0
2022-12-23,sz.300604,304.6683640000,309.7923319400,300.0983385400,304.0451787100,305.9839773900,4889786,214032233.4700,1.091400,1,-0.633600,64.062797,12.532640,12.083149,-242.288952,0
2022-12-26,sz.300604,304.9453352400,314.0161433500,302.7295653200,308.2689901200,304.0451787100,5473374,245278183.3800,1.221700,1,1.389200,64.952761,12.706744,12.251008,-245.654843,0
2022-12-27,sz.300604,307.7150476400,318.5169260000,297.8133258100,315.1932711200,308.2689901200,11982444,533055719.4300,2.674500,1,2.246200,66.411718,12.992160,12.526188,-251.172696,0
2022-12-28,sz.300604,311.9388590500,315.6087279800,305.4300349100,309.7230891300,315.1932711200,7073967,315206439.5300,1.578900,1,-1.735500,65.259142,12.766681,12.308796,-246.813592,0
2022-12-29,sz.300604,309.5153607000,312.6312871500,303.8374502800,307.0918623500,309.7230891300,6996475,311574164.9300,1.561600,1,-0.849500,64.704738,12.658223,12.204228,-244.716807,0
2022-12-30,sz.300604,308.4074757400,313.6699293000,302.5910797000,308.6844469800,307.0918623500,7405609,329187064.7400,1.652900,1,0.518600,65.040298,12.723869,12.267519,-245.985914,0
2023-01-03,sz.300604,308.2689901200,317.7552550900,301.8986516000,315.2625139300,308.6844469800,11562797,519448421.8400,2.580800,1,2.131000,66.426307,12.995014,12.528940,-251.227875,0
2023-01-04,sz.300604,321.9790665000,328.2109194000,291.5814729100,296.3592268000,315.2625139300,29262868,1280139552.8700,6.531500,1,-5.996000,62.443355,12.215827,11.777699,-236.164134,0
2023-01-05,sz.300604,291.6507157200,299.3366676300,289.5734314200,294.6973993600,296.3592268000,14707394,627473992.4600,3.282700,1,-0.560700,62.093205,12.147327,11.711656,-234.839850,0
2023-01-06,sz.300604,293.5895144000,296.0822555600,283.0646072800,290.3351023300,294.6973993600,17255422,720848405.4200,3.851400,1,-1.480300,61.174062,11.967515,11.538293,-231.363602,0
2023-01-09,sz.300604,290.8198020000,298.8519679600,281.8874795100,283.2723357100,290.3351023300,17791523,738305612.6600,3.971100,1,-2.432600,59.685926,11.676390,11.257609,-225.735391,0
2023-01-10,sz.300604,284.3109778600,290.0581310900,283.1338500900,285.6265912500,283.2723357100,10574174,437486727.6900,2.360200,1,0.831100,60.181972,11.773432,11.351170,-227.611461,0
2023-01-11,sz.300604,281.1258086000,291.5814729100,271.1548439600,272.8166714000,285.6265912500,23033634,927042957.9500,5.141100,1,-4.484800,57.482901,11.245411,10.842087,-217.403432,0
2023-01-12,sz.300604,273.2321282600,276.2095690900,268.6621028000,273.8553135500,272.8166714000,12355559,487934349.4500,2.757800,1,0.380700,57.701745,11.288224,10.883364,-218.231110,0
2023-01-13,sz.300604,274.6862272700,275.4478981800,267.1387609800,272.4704573500,273.8553135500,10711954,418190278.6300,2.390900,1,-0.505700,57.409954,11.231140,10.828328,-217.127539,0
2023-01-16,sz.300604,271.7780292500,292.0661725800,270.8086299100,282.8568788500,272.4704573500,20538627,839376286.9000,4.584200,1,3.811900,59.598389,11.659265,11.241098,-225.404320,0
2023-01-17,sz.300604,284.1724922400,299.6828816800,281.8182367000,298.1595398600,282.8568788500,21114216,895156267.7900,4.712700,1,5.410000,62.822684,12.290036,11.849246,-237.598776,0
2023-01-18,sz.300604,297.8133258100,301.8986516000,294.1434568800,294.2126996900,298.1595398600,10303316,441118379.7400,2.299700,1,-1.323700,61.991078,12.127348,11.692393,-234.453600,0
2023-01-19,sz.300604,294.2126996900,302.4525940800,291.3737444800,299.5443960600,294.2126996900,11748554,505009866.9600,2.622300,1,1.812200,63.114475,12.347119,11.904282,-238.702347,0
2023-01-20,sz.300604,311.5926450000,314.3623574000,301.9678944100,305.9147345800,299.5443960600,19171750,848882716.6300,4.279100,1,2.126700,64.456715,12.609702,12.157447,-243.778772,0
2023-01-30,sz.300604,305.9147345800,314.2931145900,302.3833512700,302.4525940800,305.9147345800,16606828,739148825.9400,3.706600,1,-1.131700,63.727237,12.466994,12.019857,-241.019846,0
2023-01-31,sz.300604,301.2062235000,305.2915492900,295.5283130800,299.1289392000,302.4525940800,15002665,646552576.1400,3.348600,1,-1.098900,63.026938,12.329994,11.887771,-238.371276,0
2023-02-01,sz.300604,300.8600094500,309.3768750800,299.2674248200,308.0612616900,299.1289392000,12836216,565429854.4500,2.865000,1,2.986100,64.908992,12.698181,12.242753,-245.489307,0
2023-02-02,sz.300604,310.9002169000,324.6102932800,307.5073192100,315.8164564100,308.0612616900,22825407,1037792406.3500,5.094600,1,2.517400,66.543024,13.017848,12.550954,-251.669303,0
2023-02-03,sz.300604,312.6312871500,316.4396417000,303.4912362300,311.2464309500,315.8164564100,15280674,680983248.2500,3.410600,1,-1.447100,65.580112,12.829473,12.369336,-248.027520,0
2023-02-06,sz.300604,306.7456483000,317.1320698000,306.7456483000,311.2464309500,311.2464309500,11342952,510272232.6400,2.531700,1,0.000000,65.580112,12.829473,12.369336,-248.027520,0
2023-02-07,sz.300604,311.5234021900,312.2850731000,301.8986516000,305.7762489600,311.2464309500,10870270,479020536.2000,2.426200,1,-1.757500,64.427536,12.603994,12.151944,-243.668415,0
2023-02-08,sz.300604,304.6683640000,312.5620443400,298.8519679600,299.4059104400,305.7762489600,11223139,492413019.5800,2.505000,1,-2.083300,63.085296,12.341411,11.898778,-238.591990,0
2023-02-09,sz.300604,298.0902970500,322.5330089800,296.2899839900,321.4251240200,299.4059104400,23518783,1059724626.4000,5.249400,1,7.354300,67.724779,13.249035,12.773850,-256.138764,0
2023-02-10,sz.300604,321.2866384000,325.9951494800,312.3543159100,317.1320698000,321.4251240200,17509820,804969210.5800,3.908200,1,-1.335600,66.820225,13.072077,12.603239,-252.717695,0
2023-02-13,sz.300604,318.8631400500,321.5636096400,310.5540028500,320.2479962500,317.1320698000,14017491,642639063.0300,3.128700,1,0.982500,67.476756,13.200514,12.727070,-255.200729,0
2023-02-14,sz.300604,321.4251240200,337.6971843700,321.4251240200,331.8807883300,320.2479962500,23650035,1135586961.4800,5.278700,1,3.632400,69.927804,13.680014,13.189372,-264.470723,0
2023-02-15,sz.300604,330.7036605600,351.8919604200,328.9033475000,350.2301329800,331.8807883300,22949713,1137019077.7300,5.122400,1,5.528900,73.794039,14.436368,13.918598,-279.093035,0
2023-02-16,sz.300604,347.5296633900,357.8468420800,343.3750947900,345.8678359500,350.2301329800,20588364,1040446368.5600,4.595300,1,-1.245600,72.874897,14.256556,13.745235,-275.616788,0
2023-02-17,sz.300604,343.9982800800,346.2140500000,323.3639227000,324.8872645200,345.8678359500,17928916,857660008.4500,4.001700,1,-6.066100,68.454257,13.391743,12.911440,-258.897691,0
2023-02-20,sz.300604,324.7487789000,326.6183347700,315.7472136000,324.9565073300,324.8872645200,12778305,591883020.5700,2.852100,1,0.021300,68.468847,13.394598,12.914192,-258.952870,0
2023-02-21,sz.300604,324.1948364200,328.2109194000,315.6087279800,319.1401112900,324.9565073300,10076416,464705874.5900,2.249100,1,-1.789900,67.243323,13.154848,12.683041,-254.317873,0
2023-02-22,sz.300604,316.1626704600,325.8566638600,316.1626704600,321.2173955900,319.1401112900,8032411,373128992.7500,1.792800,1,0.650900,67.681010,13.240473,12.765595,-255.973229,0
2023-02-23,sz.300604,318.9323828600,322.6022517900,315.1240283100,318.4476831900,321.2173955900,7159835,329406945.8400,1.598100,1,-0.862300,67.097427,13.126306,12.655523,-253.766087,0
2023-02-24,sz.300604,319.9710250100,321.9790665000,313.6699293000,313.8776577300,318.4476831900,7117460,325636509.0500,1.588600,1,-1.435100,66.134516,12.937931,12.473904,-250.124304,0
2023-02-27,sz.300604,311.3156737600,312.7697727700,305.3607921000,306.1917058200,313.8776577300,8909801,397270916.0700,1.988700,1,-2.448700,64.515074,12.621119,12.168454,-243.999486,0
2023-02-28,sz.300604,308.6844469800,310.6232456600,299.6136388700,306.6071626800,306.1917058200,8506091,372577783.3600,1.898600,1,0.135700,64.602611,12.638244,12.184965,-244.330558,0
2023-03-01,sz.300604,304.3221499500,304.8760924300,299.9598529200,302.5910797000,306.6071626800,9775584,426370882.9100,2.181900,1,-1.309800,63.756416,12.472702,12.025361,-241.130203,0
2023-03-02,sz.300604,302.8680509400,309.8615747500,301.0677378800,303.9066930900,302.5910797000,10571168,465698736.9300,2.359500,1,0.434800,64.033618,12.526931,12.077645,-242.178595,0
2023-03-03,sz.300604,309.1691466500,333.9580726300,309.1691466500,333.8888298200,303.9066930900,29736426,1375228764.8900,6.637200,1,9.865600,70.350901,13.762785,13.269174,-266.070901,0
2023-03-06,sz.300604,332.3654880000,356.6697143100,324.7487789000,344.4829797500,333.8888298200,31243196,1540773013.9100,6.973500,1,3.173000,72.583105,14.199472,13.690199,-274.513217,0
2023-03-07,sz.300604,349.6761905000,350.6455898400,336.1738425500,337.5586987500,344.4829797500,18429989,906539179.1000,4.113600,1,-2.010100,71.124148,13.914056,13.415019,-268.995363,0
2023-03-08,sz.300604,335.5506572600,347.2526921500,333.2656445300,343.7905516500,337.5586987500,14853397,733229596.0700,3.315300,1,1.846200,72.437210,14.170931,13.662681,-273.961432,0
2023-03-09,sz.300604,341.7825101600,365.2558227500,341.7825101600,351.5457463700,343.7905516500,24974718,1277157890.7800,5.574400,1,2.255800,74.071241,14.490597,13.970883,-280.141428,0
2023-03-10,sz.300604,345.5216219000,357.8468420800,337.9741556100,348.5683055400,351.5457463700,20615571,1034730715.3300,4.601400,1,-0.847000,73.443890,14.367868,13.852555,-277.768751,0
2023-03-13,sz.300604,346.0755643800,349.9531617400,338.4588552800,342.0594814000,348.5683055400,17099438,846129597.8700,3.816600,1,-1.867300,72.072470,14.099576,13.593886,-272.581968,0
2023-03-14,sz.300604,343.4443376000,372.3185893700,338.0433984200,367.3331070500,342.0594814000,29121753,1491794993.2600,6.500000,1,7.388700,77.397663,15.141347,14.598293,-292.722134,0
2023-03-15,sz.300604,362.1398963000,372.1108609400,356.3235002600,359.3701839000,367.3331070500,24774096,1298001562.4400,5.529600,1,-2.167800,75.719863,14.813118,14.281836,-286.376602,0
2023-03-16,sz.300604,353.2768166200,359.0239698500,314.0853861600,319.6940537700,359.3701839000,37483244,1806542972.1400,8.366300,1,-11.040500,67.360040,13.177681,12.705055,-254.759301,0
2023-03-17,sz.300604,319.2785969100,328.6263762600,304.9453352400,322.5330089800,319.6940537700,32873621,1500775021.3700,7.278700,1,0.888000,68.364733,13.374230,12.894555,-258.559107,0
2023-03-20,sz.300604,318.5861688100,327.5877341100,315.0547855000,324.6102932800,322.5330089800,22391588,1038192730.0200,4.957800,1,0.644100,68.805039,13.460367,12.977602,-260.224365,0
2023-03-21,sz.300604,320.5942103000,321.2173955900,301.8294087900,308.1997473100,324.6102932800,23745924,1060768522.9700,5.257700,1,-5.055500,65.326627,12.779883,12.321525,-247.068825,0
2023-03-22,sz.300604,306.0532202000,306.0532202000,297.2593833300,300.1675813500,308.1997473100,17135807,746126531.2600,3.794100,1,-2.606200,63.624113,12.446820,12.000407,-240.629826,0
2023-03-23,sz.300604,297.7440830000,316.0934276500,297.2593833300,313.8084149200,300.1675813500,20650306,917138530.7600,4.572300,1,4.544400,66.515451,13.012454,12.545754,-251.565022,0
2023-03-24,sz.300604,313.8776577300,321.7020952600,308.4767185500,311.2464309500,313.8084149200,15417443,699829116.0300,3.413600,1,-0.816400,65.972408,12.906218,12.443328,-249.511204,0
2023-03-27,sz.300604,308.6844469800,321.2866384000,304.6683640000,317.7552550900,311.2464309500,15121306,687900146.3700,3.348100,1,2.091200,67.352031,13.176114,12.703545,-254.729013,0
2023-03-28,sz.300604,316.2319132700,320.8019387300,308.9614182200,312.4928015300,317.7552550900,9473248,428005725.3000,2.097500,1,-1.656100,66.236591,12.957900,12.493157,-250.510359,0
2023-03-29,sz.300604,312.0081018600,356.6004715000,308.7536897900,345.7985931400,312.4928015300,30079597,1461955933.8400,6.660000,1,10.658100,73.296152,14.338966,13.824690,-277.210000,0
2023-03-30,sz.300604,344.1367657000,347.7373918200,329.3188043600,334.6505007300,345.7985931400,20261886,985940006.5500,4.486300,1,-3.223900,70.933181,13.876697,13.379000,-268.273114,0
2023-03-31,sz.300604,333.8195870100,338.8050693300,329.5957756000,334.8582291600,334.6505007300,13502777,651850767.9900,2.989700,1,0.062100,70.977211,13.885310,13.387305,-268.439640,0
2023-04-03,sz.300604,338.6665837100,347.5989062000,335.8968713100,346.0755643800,334.8582291600,20815165,1031315639.0700,4.608800,1,3.349900,73.354860,14.350451,13.835763,-277.432035,0
2023-04-04,sz.300604,345.5216219000,356.6004715000,338.5280980900,345.9370787600,346.0755643800,21660945,1087759625.4900,4.796000,1,-0.040000,73.325506,14.344709,13.830227,-277.321017,0
2023-04-06,sz.300604,339.1512833800,380.8354550000,337.9049128000,363.8709665500,345.9370787600,28862310,1506792431.9700,6.390500,1,5.184100,77.126808,15.088359,14.547206,-291.697748,0
2023-04-07,sz.300604,364.1479377900,388.9368637700,364.1479377900,388.9368637700,363.8709665500,34171939,1870582995.2400,7.566100,1,6.888700,82.439825,16.127748,15.549316,-311.791864,0
2023-04-10,sz.300604,387.7597360000,397.6614578300,363.4555096900,366.2944649000,388.9368637700,25474390,1392316302.0200,5.640400,1,-5.821600,77.640498,15.188853,14.644095,-293.640549,0
2023-04-11,sz.300604,369.2719057300,385.4054804600,369.2719057300,376.0577011100,366.2944649000,21098262,1150968881.1900,4.671400,1,2.665400,79.709933,15.593697,15.034420,-301.467263,0
2023-04-12,sz.300604,375.9884583000,406.3168090800,368.7872060600,400.9158699000,376.0577011100,31234599,1776459733.3500,6.915800,1,6.610200,84.978919,16.624472,16.028225,-321.394854,0
2023-04-13,sz.300604,395.7919019600,402.3007261000,379.6583272300,391.9835474100,400.9158699000,20392800,1150865467.2400,4.515200,1,-2.228000,83.085607,16.254082,15.671119,-314.234243,0
2023-04-14,sz.300604,397.3152437800,421.8964413300,381.5278831000,410.4021348700,391.9835474100,29386629,1723909065.6600,6.506600,1,4.698800,86.989647,17.017832,16.407476,-328.999534,0
2023-04-17,sz.300604,411.9254766900,416.6339877700,392.9529467500,399.6002565100,410.4021348700,20185084,1175283333.6100,4.469200,1,-2.632000,84.700059,16.569919,15.975628,-320.340190,0
2023-04-18,sz.300604,390.5294484000,394.1300745200,377.0963432600,380.8354550000,399.6002565100,23675751,1309789126.8300,5.242100,1,-4.695900,80.722635,15.791813,15.225430,-305.297357,0
2023-04-19,sz.300604,380.9046978100,384.4360811200,370.0335766400,373.8419311900,380.8354550000,24539290,1333533167.4400,5.433300,1,-1.836400,79.240274,15.501818,14.945835,-299.690987,0
2023-04-20,sz.300604,371.1414616000,397.5922150200,368.7179632500,392.6067327000,373.8419311900,26679946,1485245869.3000,5.907300,1,5.019400,83.217698,16.279923,15.696034,-314.733821,0
2023-04-21,sz.300604,385.5439660800,386.5133654200,360.1318548100,360.2010976200,392.6067327000,22062457,1184061291.3500,4.884900,1,-8.254000,68.589409,13.889015,12.274356,-173.939701,0
2023-04-24,sz.300604,362.9015672100,371.1414616000,347.8066346300,352.1689316600,360.2010976200,18947235,977800911.8900,4.195200,1,-2.229900,67.059926,13.579303,12.000649,-170.061000,0
2023-04-25,sz.300604,353.1383310000,355.5618293500,333.2656445300,336.7970278400,352.1689316600,17792755,881787715.1900,3.939600,1,-4.364900,64.132812,12.986576,11.476830,-162.637968,0
2023-04-26,sz.300604,336.7970278400,340.1206827200,318.9323828600,321.9790665000,336.7970278400,18299976,865715791.0800,4.051900,1,-4.399700,61.311179,12.415210,10.971887,-155.482432,0
2023-04-27,sz.300604,321.9098236900,339.1512833800,319.3478397200,326.6875775800,321.9790665000,14609117,696963736.2300,3.234700,1,1.462400,62.207773,12.596766,11.132336,-157.756154,0
2023-04-28,sz.300604,300.3753097800,345.7293503300,300.1675813500,333.7503442000,326.6875775800,31489190,1497933737.0400,6.972100,1,2.161900,88.062312,12.912605,12.422367,-236.575660,0
2023-05-04,sz.300604,328.7648618800,331.7423027100,314.7085714500,319.2785969100,333.7503442000,13253425,612452444.8300,2.934500,1,-4.336100,84.243842,12.352701,11.883721,-226.317504,0
2023-05-05,sz.300604,319.2785969100,326.9645488200,307.8535332600,311.1771881400,319.2785969100,9751040,444477660.2100,2.159000,1,-2.537400,82.106230,12.039262,11.582182,-220.574900,0
2023-05-08,sz.300604,309.9308175600,314.4316002100,302.9372937500,305.4300349100,311.1771881400,9923134,440678183.4000,2.197100,1,-1.846900,80.589804,11.816908,11.368270,-216.501087,0
2023-05-09,sz.300604,304.5298783800,306.8841339200,292.4816294400,292.8970863000,305.4300349100,14157100,608409733.4100,3.134600,1,-4.103400,77.282900,11.332016,10.901787,-207.617229,0
2023-05-10,sz.300604,290.8198020000,295.5975558900,278.2868533900,286.3190193500,292.8970863000,14120156,580334222.2800,3.126400,1,-2.245900,75.547232,11.077514,10.656947,-202.954431,0
2023-05-11,sz.300604,287.3576615000,293.2433003500,278.0791249600,278.2176105800,286.3190193500,13330595,546907956.4100,2.951600,1,-2.829500,73.409620,10.764076,10.355409,-197.211826,0
2023-05-12,sz.300604,279.0485243000,285.8343196800,273.9245563600,274.8247128900,278.2176105800,9182627,369717883.7500,2.033200,1,-1.219500,72.514381,10.632806,10.229123,-194.806804,0
2023-05-15,sz.300604,273.3706138800,284.2417350500,273.3706138800,283.3415785200,274.8247128900,14121310,568863045.2500,3.126600,1,3.099000,74.761614,10.962319,10.546126,-200.843901,0
2023-05-16,sz.300604,283.3415785200,297.0516549000,280.7795945500,294.0049712600,283.3415785200,19431957,816100161.8800,4.302500,1,3.763400,77.575223,11.374879,10.943023,-208.402542,0
2023-05-17,sz.300604,295.6667987000,326.1336351000,295.3898274600,317.4090410400,294.0049712600,25731468,1178459067.9400,5.697300,1,7.960400,83.750547,12.280369,11.814135,-224.992288,0
2023-05-18,sz.300604,312.5620443400,325.1642357600,312.2158302900,324.1948364200,317.4090410400,14175307,656279254.6400,3.138600,1,2.137900,85.541026,12.542908,12.066706,-229.802332,0
2023-05-19,sz.300604,322.6714946000,331.5345742800,317.8244979000,324.6102932800,324.1948364200,11664072,547079674.6200,2.582600,1,0.128200,85.650647,12.558981,12.082169,-230.096825,0
2023-05-22,sz.300604,325.3719641900,335.4121716400,324.5410504700,328.5571334500,324.6102932800,10622945,505055794.6700,2.352100,1,1.215900,86.692048,12.711682,12.229073,-232.894504,0
2023-05-23,sz.300604,328.5571334500,328.6263762600,316.4396417000,317.6860122800,328.5571334500,10160597,470200338.7000,2.249700,1,-3.308700,83.823628,12.291085,11.824444,-225.188616,0
2023-05-24,sz.300604,318.5861688100,334.5812579200,312.6312871500,330.8421461800,317.6860122800,11575685,546176032.4400,2.563000,1,4.141200,87.294964,12.800088,12.314122,-234.514213,0
2023-05-25,sz.300604,328.9033475000,334.3042866800,323.6408939400,332.3654880000,330.8421461800,7363785,349783497.3600,1.630400,1,0.460400,87.696908,12.859025,12.370822,-235.594019,0
2023-05-26,sz.300604,332.7809448600,344.7599509900,328.6956190700,330.9806318000,332.3654880000,10564381,514221756.1800,2.339100,1,-0.416700,87.331504,12.805446,12.319277,-234.612377,0
2023-05-29,sz.300604,332.3654880000,337.5586987500,324.7487789000,331.8807883300,330.9806318000,9740391,466831578.1100,2.156700,1,0.272000,87.569017,12.840272,12.352781,-235.250444,0
2023-05-30,sz.300604,329.5957756000,346.2140500000,324.6102932800,343.7213088400,331.8807883300,12037765,586425275.4000,2.665300,1,3.567700,90.693219,13.298375,12.793491,-243.643481,0
2023-05-31,sz.300604,343.5828232200,358.9547270400,339.9821971000,349.7454333100,343.7213088400,9750126,493297726.5500,2.158800,1,1.752600,92.282725,13.531445,13.017713,-247.913623,0
2023-06-01,sz.300604,347.9451202500,355.7695577800,341.3670533000,346.9064781000,349.7454333100,7087665,356392160.3700,1.569300,1,-0.811700,91.533648,13.421608,12.912045,-245.901257,0
2023-06-02,sz.300604,346.2140500000,358.6085129900,345.2446506600,349.5377048800,346.9064781000,6956857,354813944.1800,1.540300,1,0.758500,92.227915,13.523408,13.009981,-247.766376,0
2023-06-05,sz.300604,353.1383310000,370.4490335000,352.7228741400,362.1398963000,349.5377048800,11727464,618413266.6700,2.596600,1,3.605400,95.553089,14.010980,13.479041,-256.699316,0
2023-06-06,sz.300604,358.6085129900,360.1318548100,349.5377048800,349.5377048800,362.1398963000,8391962,428868308.4600,1.858100,1,-3.479900,92.227915,13.523408,13.009981,-247.766376,0
2023-06-07,sz.300604,348.0143630600,359.7856407600,340.7438680100,352.1689316600,349.5377048800,7651290,386229261.5600,1.694100,1,0.752800,92.922182,13.625209,13.107916,-249.631496,0
2023-06-08,sz.300604,350.9225610800,354.9386440600,338.4588552800,348.1528486800,352.1689316600,8440216,424617036.2600,1.868800,1,-1.140400,91.862511,13.469829,12.958436,-246.784735,0
2023-06-09,sz.300604,349.8839189300,355.8388005900,342.1979670200,353.0690881900,348.1528486800,8296113,417791662.5100,1.836900,1,1.412100,93.159695,13.660035,13.141421,-250.269563,0
2023-06-12,sz.300604,351.1302895100,356.5312286900,341.0208392500,343.0981235500,353.0690881900,9200178,459696070.2300,2.037000,1,-2.824100,90.528787,13.274265,12.770296,-243.201742,0
2023-06-13,sz.300604,344.8291938000,350.3686186000,339.0820405700,344.8291938000,343.0981235500,5590513,278890602.5000,1.237800,1,0.504500,90.985542,13.341239,12.834728,-244.428794,0
2023-06-14,sz.300604,344.8984366100,354.1769731500,340.6053823900,353.9692447200,344.8291938000,7475635,376276388.2200,1.655200,1,2.650600,93.397207,13.694862,13.174925,-250.907630,0
2023-06-15,sz.300604,350.3686186000,365.9482508500,346.2140500000,350.8533182700,353.9692447200,8349856,427953218.3000,1.848800,1,-0.880300,92.575048,13.574309,13.058949,-248.698936,0
2023-06-16,sz.300604,350.5071042200,369.9643338300,346.2140500000,367.3331070500,350.8533182700,11831155,618038347.2700,2.619600,1,4.697100,96.923353,14.211902,13.672335,-260.380473,0
2023-06-19,sz.300604,364.2171806000,372.4570749900,358.8162414200,368.0947779600,367.3331070500,8166737,432669546.1300,1.808200,1,0.207400,97.124326,14.241370,13.700685,-260.920376,0
2023-06-20,sz.300604,366.2944649000,368.1640207700,349.1914908300,357.5698708400,368.0947779600,8744744,450192232.5500,1.936200,1,-2.859300,94.347257,13.834168,13.308942,-253.459898,0
2023-06-21,sz.300604,353.1383310000,359.3701839000,326.8260632000,327.3107628700,357.5698708400,16781603,812258467.5200,3.715700,1,-8.462400,86.363184,12.663461,12.182682,-232.011026,0
2023-06-26,sz.300604,323.2946798900,336.4508137900,320.5942103000,327.3800056800,327.3107628700,7376746,349892676.6800,1.633300,1,0.021200,86.381454,12.666140,12.185259,-232.060108,0
2023-06-27,sz.300604,330.4266893200,335.2736860200,316.4396417000,318.5861688100,327.3800056800,7557422,350817167.8400,1.673300,1,-2.686100,84.061140,12.325911,11.857948,-225.826683,0
2023-06-28,sz.300604,318.8631400500,330.6344177500,311.5926450000,324.2640792300,318.5861688100,9371434,437083898.7500,2.075000,1,1.782200,85.559296,12.545586,12.069283,-229.851414,0
2023-06-29,sz.300604,323.2946798900,332.8501876700,320.0402678200,324.2640792300,324.2640792300,7974199,377313127.4100,1.765600,1,0.000000,85.559296,12.545586,12.069283,-229.851414,0
2023-06-30,sz.300604,323.9865323100,337.2402114000,321.6272386500,329.5378115100,324.2640962700,7069584,338011633.8900,1.565300,1,1.626400,86.765128,12.722398,12.239382,-233.090832,0
2023-07-03,sz.300604,332.5910150700,344.6650473300,329.6765934900,333.2849249700,329.5378115100,9732356,472669941.4700,2.154900,1,1.137100,87.751719,12.867062,12.378553,-235.741265,0
2023-07-04,sz.300604,333.0767520000,334.4645718000,321.9741936000,327.5254728000,333.2849249700,7018380,331619825.0900,1.554000,1,-1.728100,86.235293,12.644708,12.164641,-231.667452,0
2023-07-05,sz.300604,325.2355701300,330.6480673500,323.4314043900,326.4846079500,327.5254728000,5004045,235922181.6900,1.108000,1,-0.317800,85.961240,12.604524,12.125983,-230.931220,0
2023-07-06,sz.300604,325.7213070600,332.1052781400,323.3620134000,323.8477503300,326.4846079500,4169912,196013487.4400,0.923300,1,-0.807700,85.266973,12.502723,12.028047,-229.066101,0
2023-07-07,sz.300604,321.5578476600,326.1376530000,316.8392603400,318.3658621200,323.8477503300,5629249,259885860.6700,1.246400,1,-1.692700,83.823628,12.291085,11.824444,-225.188616,0
2023-07-10,sz.300604,319.6148999400,320.3088098400,307.1245217400,310.8022442100,318.3658621200,9701294,434299835.7800,2.148000,1,-2.375800,81.832177,11.999078,11.543523,-219.838669,0
2023-07-11,sz.300604,309.9001613400,315.0350946000,305.1121830300,313.5778838100,310.8022442100,8306601,371070299.7000,1.839200,1,0.893100,82.562985,12.106236,11.646613,-221.801952,0
2023-07-12,sz.300604,309.5532063900,314.2024027200,298.2424750200,298.3812570000,313.5778838100,11300148,494917597.3600,2.502000,1,-4.846200,78.561813,11.519543,11.082194,-211.052975,0
2023-07-13,sz.300604,302.2671524400,312.1900640100,301.4344605600,308.9286874800,298.3812570000,7533456,333322406.9400,1.668000,1,3.534900,81.338882,11.926746,11.473937,-218.513452,0
2023-07-14,sz.300604,312.1900640100,313.8554477700,306.3612208500,306.9857397600,308.9286874800,5915995,263653687.8700,1.309900,1,-0.628900,80.827317,11.851735,11.401774,-217.139154,0
2023-07-17,sz.300604,306.0142659000,307.4020857000,291.8585039400,300.1160317500,306.9857397600,9743869,416968187.1900,2.157400,1,-2.237800,79.018568,11.586518,11.146626,-212.280027,0
2023-07-18,sz.300604,300.8099416500,309.3450334200,299.2139488800,302.8222803600,300.1160317500,6483110,284673114.4700,1.435400,1,0.901700,79.731105,11.690997,11.247139,-214.194229,0
2023-07-19,sz.300604,300.5323776900,305.9448749100,298.1730840300,303.8631452100,302.8222803600,5617398,244800498.5300,1.245200,1,0.343700,80.005158,11.731182,11.285798,-214.930460,0
2023-07-20,sz.300604,303.4467992700,305.2509650100,294.7729255200,296.4383092800,303.8631452100,5078049,218395887.7900,1.125700,1,-2.443500,78.050248,11.444532,11.010031,-209.678677,0
2023-07-21,sz.300604,295.0504894800,295.6056174000,288.1807814700,291.1645940400,296.4383092800,7160548,299823658.7600,1.587300,1,-1.779000,77.528162,11.367979,10.936384,-208.276114,0
2023-07-24,sz.300604,292.8299778000,292.8299778000,285.9602697900,287.6256535500,291.1645940400,4089317,169705480.3000,0.906500,1,-1.215400,76.585851,11.229807,10.803459,-205.744636,0
2023-07-25,sz.300604,290.7482481000,295.6750083900,288.6665184000,294.2177976000,287.6256535500,5263254,222354311.6000,1.166700,1,2.291900,78.341136,11.487185,11.051065,-210.460134,0
2023-07-26,sz.300604,295.6056174000,302.6141073900,293.0381507700,296.1607453200,294.2177976000,5488734,235738575.6200,1.216700,1,0.660400,78.858483,11.563044,11.124044,-211.849965,0
2023-07-27,sz.300604,293.8708426500,294.4953615600,283.7397581100,285.1969689000,296.1607453200,6595058,273167898.5000,1.462000,1,-3.702000,75.939167,11.134984,10.712235,-204.007347,0
2023-07-28,sz.300604,287.2786986000,288.5277364200,282.0049833600,286.8623526600,285.1969689000,5637859,232143941.3600,1.249800,1,0.583900,76.382607,11.200006,10.774788,-205.198631,0
2023-07-31,sz.300604,285.9602697900,298.7282119500,284.7806229600,291.9278949300,286.8623526600,6871279,289359290.8000,1.523200,1,1.765800,77.731405,11.397780,10.965054,-208.822119,0
2023-08-01,sz.300604,290.6094661200,298.3118660100,289.3604283000,293.8014516600,291.9278949300,5908433,250208240.3800,1.309700,1,0.641800,78.230276,11.470930,11.035427,-210.162313,0
2023-08-02,sz.300604,291.2339850300,297.3403921500,291.1645940400,293.4544967100,293.8014516600,6149835,260707550.9500,1.363300,1,-0.118100,78.137892,11.457384,11.022395,-209.914129,0
2023-08-03,sz.300604,291.3727670100,293.1075417600,286.2378337500,287.6950445400,293.4544967100,6252880,260524900.8000,1.386100,1,-1.962600,76.604328,11.232517,10.806065,-205.794273,0
2023-08-04,sz.300604,289.3604283000,289.9849472100,273.2617186200,284.9194049400,287.6950445400,14094986,568784810.4300,3.124500,1,-0.964800,75.865260,11.124147,10.701810,-203.808800,0
2023-08-07,sz.300604,283.8091491000,286.5847887000,279.7150806900,281.2416824700,284.9194049400,4921627,200124893.2800,1.091000,1,-1.290800,74.885996,10.980557,10.563671,-201.178048,0
2023-08-08,sz.300604,281.0335095000,282.0743743500,273.8862375300,275.4822303000,281.2416824700,7486928,298511782.2200,1.659700,1,-2.047900,73.352431,10.755690,10.347341,-197.058191,0
2023-08-09,sz.300604,274.7189294100,276.5230951500,269.7921691200,273.3311096100,275.4822303000,6127978,241325643.3800,1.358400,1,-0.780900,72.779654,10.671704,10.266544,-195.519450,0
2023-08-10,sz.300604,273.4698915900,276.3843131700,271.4575528800,274.0944105000,273.3311096100,4847417,191452444.1000,1.074500,1,0.279300,72.982898,10.701505,10.295214,-196.065455,0
2023-08-11,sz.300604,274.6495384200,274.7189294100,265.2123637800,265.9756646700,274.0944105000,8153800,315368329.7000,1.807500,1,-2.962000,70.821126,10.384524,9.990267,-190.257947,0
2023-08-14,sz.300604,262.9918521000,264.8654088300,259.5223026000,262.1591602200,265.9756646700,5181800,195448267.9600,1.148700,1,-1.434900,69.804908,10.235516,9.846916,-187.527921,0
2023-08-15,sz.300604,263.0612430900,264.1714989300,250.9178198400,253.2771135000,262.1591602200,9694103,355897151.3000,2.148900,1,-3.388000,67.439893,9.888733,9.513299,-181.174408,0
2023-08-16,sz.300604,251.8892937000,255.0812792400,244.6032397500,245.2971496500,253.2771135000,8698621,310778279.5100,1.928300,1,-3.150700,65.315074,9.577170,9.213565,-175.466173,0
2023-08-17,sz.300604,245.7828865800,253.6934594400,242.2439460900,250.1545189500,245.2971496500,9175449,329949549.6100,2.034000,1,1.980200,66.608442,9.766817,9.396012,-178.940751,0
2023-08-18,sz.300604,250.7790378600,252.4444216200,244.9501947000,245.2971496500,250.1545189500,8914127,319332052.3800,1.976000,1,-1.941700,65.315074,9.577170,9.213565,-175.466173,0
2023-08-21,sz.300604,244.8808037100,247.1707063800,240.7867353000,241.1336902500,245.2971496500,5734191,201096922.0200,1.271100,1,-1.697300,64.206473,9.414615,9.057182,-172.487964,0
2023-08-22,sz.300604,241.2030812400,244.5338487600,234.6109371900,241.4806452000,241.1336902500,8536252,293526525.8300,1.892300,1,0.143900,64.298857,9.428162,9.070214,-172.736148,0
2023-08-23,sz.300604,241.5500361900,241.5500361900,231.6271246200,232.1128615500,241.4806452000,6183934,209265064.2600,1.370800,1,-3.879300,61.804505,9.062414,8.718352,-166.035176,0
2023-08-24,sz.300604,232.9455534300,239.1907425300,229.6841769000,232.0434705600,232.1128615500,8752972,295025008.1900,1.940300,1,-0.029900,61.786028,9.059705,8.715746,-165.985540,0
2023-08-25,sz.300604,231.3495606600,231.7659066000,222.3981229500,224.5492436400,232.0434705600,7587097,248109825.3600,1.681900,1,-3.229700,59.790546,8.767107,8.434256,-160.624763,0
2023-08-28,sz.300604,235.9293660000,240.0928254000,220.1776112700,220.9409121600,224.5492436400,10234346,334542744.2800,2.268700,1,-1.606900,58.829759,8.626226,8.298724,-158.043648,0
2023-08-29,sz.300604,222.6756869100,249.1136541000,220.0388292900,247.1013153900,220.9409121600,19388427,663364653.0100,4.297900,1,11.840500,92.595698,8.445537,10.181549,-1042.076020,0
2023-08-30,sz.300604,252.0974666700,260.2162125000,246.3380145000,255.0118882500,247.1013153900,17387821,638194815.7300,3.854400,1,3.201300,95.560009,8.715908,10.507496,-1075.436499,0
2023-08-31,sz.300604,252.8607675600,261.6040323000,250.9872108300,259.3141296300,255.0118882500,11189076,414606792.7000,2.480300,1,1.687100,97.172178,8.862952,10.684766,-1093.579918,0
2023-09-01,sz.300604,259.5223026000,272.0126808000,256.8160539900,259.6610845800,259.3141296300,11421907,431010680.1400,2.531900,1,0.133800,97.302191,8.874810,10.699061,-1095.043097,0
2023-09-04,sz.300604,260.4243854700,266.3226196200,256.8854449800,263.2694160600,259.6610845800,9821403,369391659.2400,2.177100,1,1.389600,98.654333,8.998137,10.847739,-1110.260158,0
2023-09-05,sz.300604,265.9062736800,270.9718159500,260.6325584400,261.7428142800,263.2694160600,13121937,502240476.3000,2.908800,1,-0.579900,98.082273,8.945960,10.784837,-1103.822170,0
2023-09-06,sz.300604,260.6325584400,269.2370412000,260.0774305200,266.7389655600,261.7428142800,15206949,581399043.3200,3.371000,1,1.908800,99.954469,9.116721,10.990698,-1124.891947,0
2023-09-07,sz.300604,264.5184538800,265.7674917000,254.9424972600,254.9424972600,266.7389655600,12137626,453237363.7100,2.690600,1,-4.422500,95.534006,8.713536,10.504637,-1075.143864,0
2023-09-08,sz.300604,256.7466630000,263.3388070500,250.1545189500,259.5223026000,254.9424972600,11421342,423540689.6200,2.531800,1,1.796400,97.250186,8.870067,10.693343,-1094.457825,0
2023-09-11,sz.300604,257.4405729000,262.2285512100,254.6649333000,256.0527531000,259.5223026000,9109048,338151266.2300,2.019300,1,-1.336900,95.950050,8.751483,10.550384,-1079.826036,0
2023-09-12,sz.300604,255.3588432000,258.6202197300,247.4482703400,248.6279171700,256.0527531000,12027453,434522814.5200,2.666200,1,-2.899700,93.167758,8.497714,10.244451,-1048.514007,0
2023-09-13,sz.300604,248.0727892500,250.5708648900,240.6479533200,243.4235929200,248.6279171700,8049562,283344554.4900,1.784400,1,-2.093200,91.217554,8.319838,10.030013,-1026.566324,0
2023-09-14,sz.300604,243.7705478700,243.8399388600,237.8723137200,240.6479533200,243.4235929200,6092338,210485012.7700,1.350500,1,-1.140300,90.177445,8.224971,9.915645,-1014.860893,0
2023-09-15,sz.300604,242.1745551000,247.7258343000,235.5824110500,240.5091713400,240.6479533200,7271244,251838628.8000,1.611900,1,-0.057700,90.125440,8.220228,9.909927,-1014.275621,0
2023-09-18,sz.300604,238.6356146100,241.9663821300,235.3742380800,236.4151029300,240.5091713400,5567817,190888062.2600,1.234300,1,-1.702300,88.591279,8.080299,9.741235,-997.010110,0
2023-09-19,sz.300604,236.6232759000,236.6232759000,229.6147859100,232.1822525400,236.4151029300,5915849,198029321.8700,1.311400,1,-1.790400,87.005113,7.935627,9.566825,-979.159327,0
2023-09-20,sz.300604,232.1822525400,233.5006813500,229.3372219500,229.5453949200,232.1822525400,5536925,184180709.7000,1.227400,1,-1.135700,86.017009,7.845503,9.458176,-968.039167,0
2023-09-21,sz.300604,229.5453949200,231.5577336300,227.3248832400,229.6841769000,229.5453949200,5334588,176278121.1700,1.182600,1,0.060500,86.069015,7.850246,9.463895,-968.624439,0
2023-09-22,sz.300604,229.1984399700,252.2362486500,227.3248832400,252.2362486500,229.6841769000,15415223,535667875.1600,3.417200,1,9.818700,94.519900,8.621041,10.393129,-1063.731068,0
2023-09-25,sz.300604,248.9748721200,250.1545189500,236.6926668900,238.0804866900,252.2362486500,15973328,556645603.9000,3.540900,1,-5.612100,89.215344,8.137219,9.809856,-1004.033369,0
2023-09-26,sz.300604,239.0519605500,239.1213515400,232.4598165000,233.5006813500,238.0804866900,8683886,293928770.2600,1.925000,1,-1.923600,87.499165,7.980688,9.621150,-984.719407,0
2023-09-27,sz.300604,232.6679894700,241.8969911400,231.4883426400,234.8885011500,233.5006813500,10478272,355722474.7100,2.322800,1,0.594400,88.019219,8.028122,9.678333,-990.572123,0
2023-09-28,sz.300604,235.5130200600,239.6070884700,228.0187931400,232.6679894700,234.8885011500,12335118,415343743.0000,2.734400,1,-0.945300,87.187132,7.952228,9.586839,-981.207778,0
2023-10-09,sz.300604,234.1252002600,239.4683064900,231.6271246200,233.1537264000,232.6679894700,10433408,352860340.6000,2.312900,1,0.208800,87.369151,7.968830,9.606854,-983.256228,0
2023-10-10,sz.300604,235.5824110500,240.0234344100,232.1128615500,235.7211930300,233.1537264000,10788952,366297984.7300,2.391700,1,1.101200,88.331252,8.056582,9.712643,-994.083752,0
2023-10-11,sz.300604,235.9293660000,239.3989155000,231.2801696700,234.1945912500,235.7211930300,10633277,359326235.1800,2.357200,1,-0.647600,87.759192,8.004405,9.649741,-987.645765,0
2023-10-12,sz.300604,234.6803281800,242.1745551000,230.1699138300,238.0110957000,234.1945912500,17071604,579756711.9000,3.784400,1,1.629600,89.189342,8.134847,9.806996,-1003.740733,0
2023-10-13,sz.300604,237.3171858000,239.5376974800,231.6271246200,236.2763209500,238.0110957000,14208975,482711294.5400,3.149800,1,-0.728900,89.751179,8.186092,9.868774,-1010.063680,0
2023-10-16,sz.300604,235.1660651100,235.8599750100,226.7003643300,230.3780868000,236.2763209500,11064439,366628832.3900,2.452700,1,-2.496300,87.510695,7.981740,9.622417,-984.849169,0
2023-10-17,sz.300604,230.1005228400,233.6394633300,227.3248832400,231.6965156100,230.3780868000,7378770,245155500.2000,1.635700,1,0.572300,88.011509,8.027419,9.677485,-990.485354,0
2023-10-18,sz.300604,231.4189516500,239.2601335200,224.1328977000,224.5492436400,231.6965156100,10261507,340864529.5700,2.274700,1,-3.084800,85.296569,7.779792,9.378959,-959.931298,0
2023-10-19,sz.300604,222.1205589900,245.1583676700,222.1205589900,233.2925083800,224.5492436400,23796628,812295349.3700,5.275200,1,3.893700,88.617758,8.082714,9.744147,-997.308104,0
2023-10-20,sz.300604,231.1413876900,233.7088543200,224.4104616600,224.8961985900,233.2925083800,11436395,375119561.1400,2.535200,1,-3.599000,85.428362,7.791813,9.393450,-961.414505,0
2023-10-23,sz.300604,223.6471607700,224.4798526500,216.4998888000,217.6795356300,224.8961985900,8159107,258238725.3100,1.808700,1,-3.208900,82.687063,7.541783,9.092025,-930.563808,0
2023-10-24,sz.300604,221.7042130500,261.1876863600,219.4143103800,250.9872108300,217.6795356300,45140247,1595436881.0100,10.006600,1,15.301200,95.339212,8.695769,10.483218,-1072.951639,0
2023-10-25,sz.300604,256.7466630000,267.1553115000,251.6811207300,262.7142881400,250.9872108300,41208803,1536034458.9600,9.135100,1,4.672400,172.331449,8.319382,11.612373,74.153337,0
2023-10-26,sz.300604,262.2979422000,264.3102809100,255.9833621100,262.9224611100,262.7142881400,18892908,707942413.4700,4.188100,1,0.079200,172.468003,8.325975,11.621574,74.212096,0
2023-10-27,sz.300604,263.0612430900,264.3796719000,254.8037152800,259.5916935900,262.9224611100,16146813,606610822.7100,3.579400,1,-1.266800,170.283135,8.220499,11.474349,73.271958,0
2023-10-30,sz.300604,258.8283927000,288.5277364200,258.1344828000,284.2254950400,259.5916935900,39685223,1580957099.7600,8.797300,1,9.489400,186.442054,9.000579,12.563201,80.225058,0
2023-10-31,sz.300604,287.9726085000,292.3442408700,280.8947275200,283.2540211800,284.2254950400,15883622,652111494.6700,3.521000,1,-0.341800,185.804800,8.969815,12.520260,79.950851,0
2023-11-01,sz.300604,281.6580284100,284.5030590000,276.3149221800,277.2170050500,283.2540211800,10704360,431203549.3200,2.372900,1,-2.131300,181.844727,8.778640,12.253415,78.246852,0
2023-11-02,sz.300604,277.1476140600,279.7150806900,263.4775890300,265.0041908100,277.2170050500,16322282,632295799.3900,3.618300,1,-4.405500,173.833545,8.391897,11.713590,74.799682,0
2023-11-03,sz.300604,264.7266268500,288.5971274100,262.8530701200,284.9887959300,265.0041908100,25581601,1017119619.2300,5.670900,1,7.541200,186.942752,9.024750,12.596940,80.440506,0
2023-11-06,sz.300604,286.0296607800,288.5277364200,277.5639600000,285.0581869200,284.9887959300,23520467,961204960.9100,5.214000,1,0.024300,186.988270,9.026947,12.600007,80.460092,0
2023-11-07,sz.300604,284.5030590000,298.3812570000,279.6456897000,289.0828643400,285.0581869200,18482002,770006173.3600,4.097000,1,1.411900,189.628319,9.154397,12.777904,81.596092,0
2023-11-08,sz.300604,286.6541796900,306.5693938200,284.9887959300,293.7320606700,289.0828643400,22769807,965840189.6200,5.047600,1,1.608300,192.678030,9.301623,12.983406,82.908367,0
2023-11-09,sz.300604,292.2054588900,301.3650695700,288.0419994900,291.4421580000,293.7320606700,16105790,681838078.4600,3.570300,1,-0.779600,191.175934,9.229109,12.882188,82.262022,0
2023-11-10,sz.300604,291.3727670100,300.1854227400,282.5601112800,285.4051418700,291.4421580000,14364601,601075178.8000,3.184300,1,-2.071400,187.215861,9.037934,12.615343,80.558023,0
2023-11-13,sz.300604,288.5277364200,292.6218048300,275.4822303000,277.9109149500,285.4051418700,21083804,851765907.4300,4.673800,1,-2.625800,182.299908,8.800614,12.284087,78.442714,0
2023-11-14,sz.300604,278.2578699000,285.2663598900,275.7597942600,282.6295022700,277.9109149500,15422619,625202047.9100,3.418900,1,1.697900,185.395138,8.950038,12.492656,79.774575,0
2023-11-15,sz.300604,284.5030590000,284.5030590000,269.2370412000,273.4005006000,282.6295022700,18174277,718185389.9100,4.028800,1,-3.265400,179.341233,8.657783,12.084720,77.169611,0
2023-11-16,sz.300604,270.5554700100,275.8985762400,268.9594772400,270.0697330800,273.4005006000,10845995,425773340.2000,2.404300,1,-1.218300,177.156365,8.552308,11.937495,76.229474,0
2023-11-17,sz.300604,270.6248610000,277.1476140600,269.3064321900,276.7312681200,270.0697330800,11362798,447627948.5500,2.518900,1,2.466600,181.526101,8.763259,12.231945,78.109749,0
2023-11-20,sz.300604,278.7436068300,291.8585039400,274.2331924800,286.5847887000,276.7312681200,19279130,792057704.5100,4.273800,1,3.560700,187.989668,9.075290,12.667485,80.890989,0
2023-11-21,sz.300604,284.5030590000,284.5030590000,269.0982592200,271.1105979300,286.5847887000,16205070,643335975.4100,3.592300,1,-5.399500,177.839136,8.585269,11.983502,76.523267,0
2023-11-22,sz.300604,267.9880033800,273.1229366400,266.9471385300,267.5716574400,271.1105979300,7951430,308626626.4200,1.762700,1,-1.305300,175.517714,8.473201,11.827076,75.524371,0
2023-11-23,sz.300604,264.7960178400,269.6533871400,262.3673331900,265.3511457600,267.5716574400,9260691,354790502.0100,2.052900,1,-0.829900,174.061136,8.402884,11.728926,74.897613,0
2023-11-24,sz.300604,265.1429727900,266.8083565500,256.6772720100,256.7466630000,265.3511457600,10439604,391099024.2000,2.314200,1,-3.242700,168.416894,8.130405,11.348595,72.468924,0
2023-11-27,sz.300604,254.8731062700,263.2694160600,254.3873693400,260.4243854700,256.7466630000,7328942,274879985.5800,1.624700,1,1.432400,170.829352,8.246868,11.511155,73.506993,0
2023-11-28,sz.300604,263.5469800200,281.5192464300,257.6487458700,278.9517798000,260.4243854700,22387060,877083803.9000,4.962700,1,7.114300,182.982679,8.833576,12.330095,78.736507,0
2023-11-29,sz.300604,276.1761402000,285.3357508800,275.4822303000,277.9803059400,278.9517798000,13506261,548032520.7600,2.994000,1,-0.348300,182.345426,8.802812,12.287154,78.462300,0
2023-11-30,sz.300604,277.7027419800,282.9070662300,271.3187709000,279.6456897000,277.9803059400,10870136,435796547.9500,2.409700,1,0.599100,183.437860,8.855550,12.360766,78.932369,0
2023-12-01,sz.300604,281.5886374200,296.9934372000,279.6456897000,292.2748498800,279.6456897000,17269496,717681513.9600,3.828300,1,4.516100,191.722151,9.255478,12.918995,82.497057,0
2023-12-04,sz.300604,294.4259705700,297.5485651200,286.7235706800,286.7235706800,292.2748498800,9780366,410674672.8300,2.168100,1,-1.899300,188.080704,9.079685,12.673620,80.930161,0
2023-12-05,sz.300604,285.3357508800,289.2216463200,281.8662013800,282.1437653400,286.7235706800,7492993,307861876.8600,1.661000,1,-1.597300,185.076511,8.934656,12.471185,79.637472,0
2023-12-06,sz.300604,278.5354338600,284.2254950400,274.3719744600,278.9517798000,282.1437653400,9167660,366737931.3000,2.032300,1,-1.131300,182.982679,8.833576,12.330095,78.736507,0
2023-12-07,sz.300604,278.1190879200,280.6171635600,272.7065907000,274.5107564400,278.9517798000,5616792,223312524.1000,1.245100,1,-1.592000,180.069522,8.692942,12.133795,77.482991,0
2023-12-08,sz.300604,275.0658843600,279.3681257400,270.5554700100,271.5963348600,274.5107564400,10156309,402542681.6600,2.251400,1,-1.061700,178.157763,8.600650,12.004973,76.660370,0
2023-12-11,sz.300604,268.2655673400,288.0419994900,266.6695745700,287.9032175100,271.5963348600,15722199,636278851.9000,3.485300,1,6.004100,188.854512,9.117041,12.725762,81.263126,0
2023-12-12,sz.300604,287.2786986000,287.2786986000,277.5639600000,285.8908788000,287.9032175100,7531856,306667124.4400,1.669600,1,-0.699000,187.534487,9.053316,12.636813,80.695127,0
2023-12-13,sz.300604,284.5030590000,287.9726085000,280.5477725700,282.9070662300,285.8908788000,5651225,231288831.8700,1.252800,1,-1.043700,185.577210,8.958828,12.504924,79.852920,0
2023-12-14,sz.300604,282.9070662300,287.5562625600,273.0535456500,279.6456897000,282.9070662300,7216417,290257990.2400,1.599700,1,-1.152800,183.437860,8.855550,12.360766,78.932369,0
2023-12-15,sz.300604,279.6456897000,280.6171635600,274.7883204000,277.9803059400,279.6456897000,3207822,128149280.0100,0.711100,1,-0.595500,182.345426,8.802812,12.287154,78.462300,0
2023-12-18,sz.300604,275.5516212900,291.0258120600,274.3719744600,281.1029004900,277.9803059400,7576140,308092458.9500,1.679500,1,1.123300,184.393740,8.901695,12.425177,79.343679,0
2023-12-19,sz.300604,281.3110734600,295.4668354200,280.4089905900,290.0543382000,281.1029004900,9170059,381389662.7900,2.032800,1,3.184400,190.265572,9.185161,12.820845,81.870298,0
2023-12-20,sz.300604,291.4421580000,292.6218048300,281.4498554400,281.8662013800,290.0543382000,6906286,285158827.4200,1.531000,1,-2.823000,184.894439,8.925867,12.458916,79.559127,0
2023-12-21,sz.300604,281.7968103900,283.6009761300,271.5963348600,278.8129978200,281.8662013800,6945946,277907095.3300,1.539800,1,-1.083200,182.891643,8.829181,12.323960,78.697335,0
2023-12-22,sz.300604,278.9517798000,278.9517798000,270.7636429800,272.0126808000,278.8129978200,4757396,187522880.5300,1.054600,1,-2.439000,178.430872,8.613835,12.023376,76.777888,0
2023-12-25,sz.300604,272.6371997100,277.2863960400,265.2817547700,268.2655673400,272.0126808000,6094259,236983964.9700,1.351000,1,-1.377600,175.972895,8.495175,11.857748,75.720233,0
2023-12-26,sz.300604,269.2370412000,269.3758231800,242.8684650000,257.3017909200,268.2655673400,12325090,450009555.0000,2.732200,1,-4.086900,168.781039,8.147985,11.373132,72.625614,0
2023-12-27,sz.300604,257.4405729000,262.9918521000,254.8731062700,258.4814377500,257.3017909200,6853643,255267818.0000,1.519300,1,0.458500,169.554846,8.185341,11.425274,72.958579,0
2023-12-28,sz.300604,259.7304755700,264.1021079400,253.9710234000,261.2570773500,258.4814377500,7170337,268739703.0000,1.589500,1,1.073800,171.375569,8.273237,11.547962,73.742027,0
2023-12-29,sz.300604,259.7998665600,266.1838376400,259.7304755700,263.6163710100,261.2570773500,5878735,223118218.9100,1.303200,1,0.903100,172.923184,8.347949,11.652246,74.407958,0
2024-01-02,sz.300604,265.5593187300,265.5593187300,255.3588432000,255.3588432000,263.6163710100,5651269,210042951.7900,1.252800,1,-3.132400,167.506532,8.086457,11.287251,72.077201,0
2024-01-03,sz.300604,254.2485873600,258.0650918100,250.5014739000,257.8569188400,255.3588432000,4245590,156328724.9800,0.941200,1,0.978300,169.145183,8.165564,11.397670,72.782304,0
2024-01-04,sz.300604,256.7466630000,261.8122052700,255.7057981500,259.5916935900,257.8569188400,4076916,152551964.4200,0.903800,1,0.672800,170.283135,8.220499,11.474349,73.271958,0
2024-01-05,sz.300604,259.5916935900,269.2370412000,251.8892937000,253.1383315200,259.5916935900,6570100,246322784.4700,1.456400,1,-2.486000,166.049954,8.016140,11.189101,71.450442,0
2024-01-08,sz.300604,251.8199027100,255.0118882500,238.9825695600,238.9825695600,253.1383315200,8401620,295707323.4400,1.862500,1,-5.592100,156.764266,7.567869,10.563394,67.454858,0
2024-01-09,sz.300604,241.4806452000,248.4197442000,239.3989155000,240.4397803500,238.9825695600,5754525,202283183.3700,1.275700,1,0.609800,157.720145,7.614015,10.627805,67.866168,0
2024-01-10,sz.300604,241.4112542100,243.3542019300,235.3742380800,237.5253587700,240.4397803500,4587931,157879752.2400,1.017000,1,-1.212100,155.808386,7.521724,10.498984,67.043548,0
2024-01-11,sz.300604,236.6926668900,248.4197442000,236.6926668900,242.8684650000,237.5253587700,5683719,198907607.1700,1.260000,1,2.249500,159.313278,7.690924,10.735157,68.551685,0
2024-01-12,sz.300604,242.7990740100,246.8237514300,238.7050056000,239.3989155000,242.8684650000,5249844,183189873.2300,1.163800,1,-1.428600,157.037374,7.581054,10.581798,67.572376,0
2024-01-15,sz.300604,239.3989155000,245.8522775700,235.2354561000,235.5824110500,239.3989155000,5736645,198251610.1200,1.271700,1,-1.594200,154.533880,7.460196,10.413102,66.495135,0
2024-01-16,sz.300604,235.3048470900,242.1051641100,233.5700723400,238.0110957000,235.5824110500,5818915,198510650.5800,1.289900,1,1.030900,156.127013,7.537106,10.520454,67.180652,0
2024-01-17,sz.300604,237.8029227300,239.3989155000,223.7165517600,223.7165517600,238.0110957000,9879376,326447933.1700,2.190000,1,-6.005800,146.750288,7.084440,9.888613,63.145895,0
2024-01-18,sz.300604,222.3287319600,226.0758454200,218.4428365200,225.3125445300,223.7165517600,8344990,266123482.9400,1.849900,1,0.713400,147.797204,7.134980,9.959158,63.596378,0
2024-01-19,sz.300604,225.5901084900,230.3780868000,218.6510094900,218.7204004800,225.3125445300,7049230,227230399.8300,1.562700,1,-2.925800,143.472986,6.926226,9.667776,61.735689,0
2024-01-22,sz.300604,219.8306563200,222.6062959200,199.0133593200,202.1359538700,218.7204004800,13199048,397469053.0000,2.925900,1,-7.582500,132.594165,6.401046,8.934718,57.054588,0
2024-01-23,sz.300604,201.3032619900,209.9077447500,197.8337124900,207.2708871300,202.1359538700,9248017,274265470.2100,2.050100,1,2.540300,135.962503,6.563654,9.161690,58.503967,0
2024-01-24,sz.300604,207.6872330700,208.3811429700,197.2785845700,205.3973304000,207.2708871300,8286932,242106544.2000,1.837000,1,-0.903900,134.733515,6.504324,9.078876,57.975140,0
2024-01-25,sz.300604,205.9524583200,210.3240906900,202.8992547600,208.1035790100,205.3973304000,12392507,370668116.0300,2.747100,1,1.317600,136.508720,6.590023,9.198496,58.739001,0
2024-01-26,sz.300604,206.2994132700,207.6178420800,191.3803504200,193.4620801200,208.1035790100,19099285,541137096.0900,4.233900,1,-7.035700,126.904406,6.126370,8.551319,54.606314,0
2024-01-29,sz.300604,194.6417269500,197.6255395200,183.8861235000,184.5800334000,193.4620801200,14534799,394429990.9600,3.222000,1,-4.591100,121.078091,5.845102,8.158719,52.099281,0
2024-01-30,sz.300604,183.4697775600,186.5923721100,174.1713849000,174.7959038100,184.5800334000,15559372,402325870.5900,3.449200,1,-5.300800,114.660042,5.535268,7.726246,49.337627,0
2024-01-31,sz.300604,176.2531146000,180.4165740000,166.2608120400,166.5383760000,174.7959038100,16234690,400924577.5600,3.598900,1,-4.724100,109.243391,5.273776,7.361251,47.006870,0
2024-02-01,sz.300604,167.6486318400,170.0079255000,161.7503976900,165.4975111500,166.5383760000,12812354,306884702.8500,2.840200,1,-0.625000,108.560620,5.240815,7.315243,46.713077,0
2024-02-02,sz.300604,165.6362931300,166.9547219400,149.3294104800,156.7542464100,165.4975111500,15033398,344520866.7900,3.332600,1,-5.283000,102.825342,4.963942,6.928777,44.245216,0
2024-02-05,sz.300604,155.4358176000,156.1297275000,137.9492881200,144.2638682100,156.7542464100,19678732,414194753.4000,4.362300,1,-7.968100,94.632087,4.568409,6.376683,40.719701,0
2024-02-06,sz.300604,143.2230033600,159.5992770000,141.5576196000,158.5584121500,144.2638682100,17672317,385750894.1600,3.917600,1,9.908600,104.008812,5.021075,7.008524,44.754457,0
2024-02-07,sz.300604,158.7665851200,170.0079255000,157.3787653200,168.9670606500,158.5584121500,19561865,470516002.5400,4.336400,1,6.564600,110.836524,5.350686,7.468602,47.692387,0
2024-02-08,sz.300604,171.0487903500,190.2700945800,169.0364516400,179.7226641000,168.9670606500,19886767,521175344.4300,4.408500,1,6.365500,117.891826,5.691284,7.944016,50.728247,0
2024-02-19,sz.300604,186.5229811200,186.5229811200,174.8652948000,180.7635289500,179.7226641000,16409624,423138994.3900,3.637600,1,0.579200,118.574597,5.724245,7.990024,51.022040,0
2024-02-20,sz.300604,177.6409344000,180.1390100400,174.1019939100,178.6817992500,180.7635289500,13566601,344802558.7100,3.007400,1,-1.151600,117.209055,5.658323,7.898008,50.434454,0
2024-02-21,sz.300604,176.6694605400,183.8861235000,175.1428587600,178.7511902400,178.6817992500,12689253,329736558.1600,2.812900,1,0.038800,117.254573,5.660520,7.901076,50.454040,0
2024-02-22,sz.300604,177.1551974700,185.9678532000,177.1551974700,184.3024694400,178.7511902400,14346522,375919572.4800,3.180300,1,3.105600,120.896019,5.836313,8.146451,52.020936,0
2024-02-23,sz.300604,185.3433342900,186.4535901300,180.4165740000,185.9678532000,184.3024694400,13993301,369837320.2400,3.102000,1,0.903600,121.988453,5.889050,8.220063,52.491005,0
2024-02-26,sz.300604,188.0495829000,200.9563070400,187.7720189400,194.5723359600,185.9678532000,20404934,570684282.5700,4.523300,1,4.626900,127.632695,6.161529,8.600394,54.919693,0
2024-02-27,sz.300604,193.3232981400,204.4952475300,188.5353198300,202.6216908000,194.5723359600,23041416,655479268.9000,5.107800,1,4.136900,132.912792,6.416428,8.956188,57.191692,0
2024-02-28,sz.300604,201.9277809000,206.3688042600,187.5638459700,187.7720189400,202.6216908000,18543777,529822713.9400,4.110700,1,-7.328800,123.171923,5.946183,8.299810,53.000246,0
2024-02-29,sz.300604,186.6617631000,204.4952475300,185.9678532000,201.1644800100,187.7720189400,21815642,623010491.1500,4.836000,1,7.132300,131.956912,6.370283,8.891777,56.780382,0
2024-03-01,sz.300604,201.6502169400,208.4505339600,199.8460512000,204.4952475300,201.1644800100,17972355,529131636.8100,3.984100,1,1.655700,134.141780,6.475758,9.039002,57.720519,0
2024-03-04,sz.300604,202.8992547600,209.2138348500,200.6093520900,207.4096691100,204.4952475300,16512810,488163995.0800,3.660500,1,1.425200,136.053540,6.568049,9.167824,58.543139,0
2024-03-05,sz.300604,203.6625556500,206.5075862400,196.4458926900,198.7357953600,207.4096691100,17178788,496695186.5200,3.808200,1,-4.182000,130.363780,6.293373,8.784426,56.094865,0
2024-03-06,sz.300604,196.3765017000,199.4297052600,191.3803504200,195.7519827900,198.7357953600,10171664,286058891.6800,2.254800,1,-1.501400,128.406502,6.198885,8.652537,55.252658,0
2024-03-07,sz.300604,198.4582314000,203.2462097100,194.2947720000,194.2947720000,195.7519827900,10372887,296539055.8300,2.299400,1,-0.744400,127.450623,6.152739,8.588126,54.841348,0
2024-03-08,sz.300604,193.1845161600,216.9856257300,192.6987792300,214.6957230600,194.2947720000,26508100,785255704.7300,5.876300,1,10.500000,140.832938,6.798777,9.489879,60.599690,0
2024-03-11,sz.300604,208.1729700000,210.3934816800,201.8583899100,210.1159177200,214.6957230600,22481577,666401236.9200,4.983700,1,-2.133200,137.828745,6.653748,9.287444,59.307001,0
2024-03-12,sz.300604,208.9362708900,213.3079032600,206.0218493100,209.1444438600,210.1159177200,13910844,418976769.6400,3.083700,1,-0.462400,137.191492,6.622984,9.244504,59.032794,0
2024-03-13,sz.300604,210.9486096000,216.0141518700,207.3402781200,212.0588654400,209.1444438600,18902724,575663075.7800,4.190300,1,1.393500,139.103251,6.715275,9.373326,59.855414,0
2024-03-14,sz.300604,209.2832258400,211.2955645500,202.5522998100,205.3279394100,212.0588654400,12744099,379759636.4100,2.825100,1,-3.174100,134.687997,6.502127,9.075808,57.955553,0
2024-03-15,sz.300604,205.4667213900,207.9647970300,201.8583899100,207.2014961400,205.3279394100,9248837,272991585.0700,2.050300,1,0.912500,135.916985,6.561457,9.158623,58.484381,0
2024-03-18,sz.300604,207.4096691100,214.1405951400,206.1606312900,213.7242492000,207.2014961400,14068910,426236339.4600,3.118800,1,3.148000,140.195685,6.768013,9.446938,60.325483,0
2024-03-19,sz.300604,213.3772942500,230.1699138300,212.0588654400,221.6348220600,213.7242492000,25354855,814361113.7000,5.620600,1,3.701300,145.384746,7.018518,9.796598,62.558309,0
2024-03-20,sz.300604,222.8144688900,237.1784038200,222.4675139400,233.0843354100,221.6348220600,22946576,766860930.6000,5.086700,1,5.165900,152.895229,7.381090,10.302684,65.790032,0
2024-03-21,sz.300604,235.9293660000,237.8723137200,228.4351390800,231.7659066000,233.0843354100,16400296,550221575.6000,3.635600,1,-0.565600,152.030385,7.339339,10.244407,65.417894,0
2024-03-22,sz.300604,230.8638237300,242.4521190600,230.8638237300,239.3989155000,231.7659066000,22560107,771202726.4900,5.001100,1,3.293400,157.037374,7.581054,10.581798,67.572376,0
2024-03-25,sz.300604,247.5870523200,248.6279171700,228.9902670000,229.6841769000,239.3989155000,20474702,697292871.2900,4.538800,1,-4.058000,150.664843,7.273417,10.152391,64.830308,0
2024-03-26,sz.300604,227.6024472000,233.1537264000,218.7897914700,223.6471607700,229.6841769000,18604757,601569224.6600,4.086300,1,-2.628400,146.704770,7.082242,9.885546,63.126309,0
2024-03-27,sz.300604,221.0796941400,223.7859427500,212.1976474200,212.3364294000,223.6471607700,11627103,362735692.5700,2.534000,1,-5.057400,140.079415,6.762400,9.439103,60.275453,0
2024-03-28,sz.300604,211.6425195000,220.3857842400,211.6425195000,218.2346635500,212.3364294000,13910956,432675757.3500,3.031700,1,2.777800,143.970510,6.950245,9.701301,61.949771,0
2024-03-29,sz.300604,216.1529338500,234.9578921400,214.9732870200,233.1537264000,218.2346635500,27940339,921958172.2300,6.089300,1,6.836200,153.812691,7.425381,10.364506,66.184811,0
2024-04-01,sz.300604,234.3333732300,235.0272831300,226.9085373000,230.1005228400,233.1537264000,16443997,544226569.2700,3.583800,1,-1.309500,151.798477,7.328143,10.228780,65.318105,0
2024-04-02,sz.300604,228.5739210600,229.6841769000,220.8021301800,222.6062959200,230.1005228400,13886045,448789033.0100,3.026300,1,-3.256900,146.854497,7.089470,9.895635,63.190736,0
2024-04-03,sz.300604,221.0796941400,224.7574166100,213.5160762300,219.8306563200,222.6062959200,12005548,379332453.7700,2.616500,1,-1.246900,145.023394,7.001073,9.772248,62.402822,0
2024-04-08,sz.300604,217.0550167200,221.0103031500,214.2793771200,214.4181591000,219.8306563200,8364031,261402803.1400,1.822800,1,-2.462100,141.452742,6.828698,9.531644,60.866388,0
2024-04-09,sz.300604,215.4590239500,227.6024472000,215.4590239500,224.4798526500,214.4181591000,15605316,500416397.1700,3.401000,1,4.692600,148.090492,7.149139,9.978921,63.722578,0
2024-04-10,sz.300604,219.3449193900,221.8429950300,199.2215322900,203.3156007000,224.4798526500,23480894,700920679.3000,5.117400,1,-9.428100,134.128328,6.475109,9.038096,57.714731,0
2024-04-11,sz.300604,201.1644800100,206.9239321800,195.1274638800,195.6825918000,203.3156007000,17599674,505364972.8500,3.835600,1,-3.754300,129.092794,6.232016,8.698782,55.547966,0
2024-04-12,sz.300604,195.6825918000,199.8460512000,192.2130423000,192.8375612100,195.6825918000,13493583,380813186.3300,2.940800,1,-1.453900,127.215913,6.141408,8.572310,54.740354,0
2024-04-15,sz.300604,192.7681702200,200.1236151600,191.4497414100,193.8090350700,192.8375612100,10613750,299956767.0600,2.313100,1,0.503800,127.856799,6.172348,8.615495,55.016124,0
2024-04-16,sz.300604,190.8252225000,193.8090350700,181.8043938000,183.1922136000,193.8090350700,14322618,383487717.7800,3.121400,1,-5.478000,120.852828,5.834228,8.143540,52.002351,0
2024-04-17,sz.300604,184.5800334000,190.1313126000,183.9555144900,188.2577558700,183.1922136000,14889591,401643184.9300,3.245000,1,2.765200,124.194592,5.995553,8.368721,53.440295,0
2024-04-18,sz.300604,185.2739433000,192.6987792300,180.9023109300,188.3271468600,188.2577558700,11987443,324179154.7100,2.612500,1,0.036900,124.240370,5.997763,8.371806,53.459993,0
2024-04-19,sz.300604,186.7311540900,186.7311540900,177.7797163800,178.1960623200,188.3271468600,13111924,341680155.5600,2.860900,1,-5.379500,117.556842,5.675112,7.921444,50.584105,0
2024-04-22,sz.300604,175.9061596500,181.5962208300,172.9223470800,179.5144911300,178.1960623200,9511512,244648608.5600,2.037900,1,0.739900,118.426616,5.717101,7.980052,50.958365,0
2024-04-23,sz.300604,181.6656118200,185.0657703300,179.2369271700,183.7473415200,179.5144911300,9627007,253758117.0000,2.062600,1,2.357900,121.219049,5.851907,8.168218,52.159934,0
2024-04-24,sz.300604,185.4127252800,197.0704116000,184.9963793400,195.4744188300,183.7473415200,14819623,409621819.9100,3.175200,1,6.382200,165.840692,6.082577,8.764942,174.377021,0
2024-04-25,sz.300604,194.0172080400,204.2870745600,192.8375612100,199.8460512000,195.4744188300,12719478,366348501.9400,2.725200,1,2.236400,169.549590,6.218609,8.960963,178.276827,0
2024-04-26,sz.300604,199.1521413000,205.7442853500,199.0133593200,203.2462097100,199.8460512000,12115228,354059910.3300,2.595800,1,1.701400,172.434287,6.324412,9.113424,181.310009,0
2024-04-29,sz.300604,203.2462097100,209.5607898000,202.6216908000,208.3117519800,203.2462097100,12488532,372180784.2800,2.675700,1,2.492300,176.731899,6.482036,9.340560,185.828831,0
2024-04-30,sz.300604,208.7280979200,209.4220078200,202.4829088200,203.6625556500,208.3117519800,8418975,248265864.8600,1.803800,1,-2.231800,172.787516,6.337367,9.132093,181.681419,0
2024-05-06,sz.300604,207.1321051500,208.0341880200,201.3726529800,201.7196079300,203.6625556500,9153127,269237815.2800,1.961100,1,-0.954000,171.139117,6.276908,9.044972,179.948172,0
2024-05-07,sz.300604,201.7196079300,207.3402781200,199.8460512000,203.0380367400,201.7196079300,7483251,219133705.7700,1.603300,1,0.653600,172.257673,6.317934,9.104090,181.124304,0
2024-05-08,sz.300604,202.5522998100,204.2870745600,197.7643215000,201.2338710000,203.0380367400,8587153,248261926.5000,1.839800,1,-0.888600,170.727017,6.261794,9.023192,179.514860,0
2024-05-09,sz.300604,201.0950890200,212.3364294000,199.9848331800,210.1159177200,201.2338710000,15507074,466341998.5100,3.322500,1,4.413800,178.262555,6.538176,9.421457,187.438275,0
2024-05-10,sz.300604,210.1159177200,212.0588654400,194.9886819000,195.4744188300,210.1159177200,19172716,551888332.2000,4.107900,1,-6.968300,165.840692,6.082577,8.764942,174.377021,0
2024-05-13,sz.300604,192.6293882400,198.7357953600,187.3556730000,189.8537486400,195.4744188300,13972975,387912514.1500,2.993800,1,-2.875400,161.072110,5.907678,8.512915,169.362985,0
2024-05-14,sz.300604,191.3803504200,194.8498999200,188.3965378500,189.8537486400,189.8537486400,9022566,248330240.7400,1.933100,1,0.000000,161.072110,5.907678,8.512915,169.362985,0
2024-05-15,sz.300604,189.4374027000,195.3356368500,186.3841991400,189.3680117100,189.8537486400,9043925,249831218.2200,1.937700,1,-0.255800,160.660010,5.892564,8.491135,168.929674,0
2024-05-16,sz.300604,191.1721774500,200.4705701100,187.3556730000,196.7234566500,189.3680117100,17951087,501630488.4600,3.846100,1,3.884200,166.900377,6.121443,8.820948,175.491251,0
2024-05-17,sz.300604,199.1521413000,218.1652725600,198.1806674400,216.1529338500,196.7234566500,36868468,1111919611.8800,7.899300,1,9.876500,183.384365,6.726030,9.692153,192.823721,0
2024-05-20,sz.300604,215.1120690000,216.4998888000,206.6463682200,209.9077447500,216.1529338500,20818972,629577790.2600,4.460600,1,-2.889200,178.085940,6.531699,9.412123,187.252570,0
2024-05-21,sz.300604,208.3117519800,212.6833843500,207.2014961400,210.0465267300,209.9077447500,13138196,398471956.7800,2.814900,1,0.066100,178.203683,6.536017,9.418346,187.376373,0
2024-05-22,sz.300604,210.4628726700,212.7527753400,208.1729700000,211.4343465300,210.0465267300,9992210,303342528.8000,2.140900,1,0.660700,179.381111,6.579202,9.480575,188.614407,0
2024-05-23,sz.300604,211.9894744500,212.2670384100,202.4829088200,202.9686457500,211.4343465300,12679182,375192371.8300,2.716600,1,-4.003900,172.198802,6.315775,9.100978,181.062402,0
2024-05-24,sz.300604,200.4705701100,203.3156007000,197.4867575400,197.4867575400,202.9686457500,11273867,323868979.9100,2.415500,1,-2.700900,167.547962,6.145195,8.855174,176.172170,0
2024-05-27,sz.300604,197.6255395200,205.9524583200,190.8946134900,204.2870745600,197.4867575400,17087612,488392604.0800,3.661100,1,3.443400,173.317358,6.356800,9.160096,182.238534,0
2024-05-28,sz.300604,202.6216908000,211.7119104900,198.6664043700,203.0380367400,204.2870745600,18493227,545659036.9300,3.962300,1,-0.611400,172.257673,6.317934,9.104090,181.124304,0
2024-05-29,sz.300604,201.1644800100,205.7442853500,197.4867575400,199.3603142700,203.0380367400,11277528,326736224.4400,2.416300,1,-1.811300,169.137490,6.203494,8.939183,177.843515,0
2024-05-30,sz.300604,197.1398025900,205.7442853500,195.2662458600,202.5522998100,199.3603142700,11315520,328681169.6300,2.424400,1,1.601100,171.845574,6.302819,9.082310,180.690992,0
2024-05-31,sz.300604,201.5114349600,205.2585484200,196.7234566500,197.0704116000,202.5522998100,20162550,579821069.1500,4.319900,1,-2.706400,167.194734,6.132239,8.836505,175.800760,0
2024-06-03,sz.300604,197.6255395200,204.5646385200,195.8213737800,198.1806674400,197.0704116000,14622386,421461801.4600,3.132900,1,0.563400,168.136676,6.166787,8.886288,176.791187,0
2024-06-04,sz.300604,197.1398025900,203.3156007000,192.7681702200,200.8869160500,198.1806674400,15199567,430638101.5900,3.256600,1,1.365500,170.432660,6.250997,9.007635,179.205352,0
2024-06-05,sz.300604,202.4829088200,218.2346635500,202.4829088200,208.8668799000,200.8869160500,30852079,944842099.3500,6.610200,1,3.972400,177.202870,6.499310,9.365451,186.324045,0
2024-06-06,sz.300604,212.7527753400,215.7365879100,205.6748943600,206.7851502000,208.8668799000,25230568,766119375.4500,5.405800,1,-0.996700,175.436728,6.434533,9.272108,184.466994,0
2024-06-07,sz.300604,207.3402781200,214.2793771200,202.6910817900,210.1159177200,206.7851502000,26357168,791657387.5300,5.647200,1,1.610700,178.262555,6.538176,9.421457,187.438275,0
2024-06-11,sz.300604,209.2138348500,223.6471607700,207.4096691100,221.3572581000,210.1159177200,35253253,1106458184.9800,7.553200,1,5.350100,187.799719,6.887973,9.925511,197.466346,0
2024-06-12,sz.300604,219.1367464200,223.0920328500,216.4998888000,222.4675139400,221.3572581000,25407464,805261012.8100,5.443700,1,0.501600,188.741661,6.922521,9.975294,198.456773,0
2024-06-13,sz.300604,225.5207175000,227.6718381900,218.3040545400,218.7204004800,222.4675139400,26919919,865333259.4200,5.767700,1,-1.684300,185.562606,6.805922,9.807276,195.114083,0
2024-06-14,sz.300604,217.1937987000,218.2346635500,211.6425195000,216.6386707800,218.7204004800,21045944,654004261.3600,4.509200,1,-0.951800,183.796465,6.741145,9.713933,193.257032,0
2024-06-17,sz.300604,213.6548582100,224.4798526500,213.3772942500,222.1899499800,216.6386707800,20429596,648872536.7600,4.377200,1,2.562500,188.506176,6.913884,9.962849,198.209166,0
2024-06-18,sz.300604,221.3572581000,226.7697553200,216.8468437500,219.5530923600,222.1899499800,19418963,619791015.3700,4.160600,1,-1.186800,186.269063,6.831833,9.844614,195.856903,0
2024-06-19,sz.300604,220.9409121600,223.0920328500,213.9324221700,220.3163932500,219.5530923600,19055057,600495757.3100,4.082700,1,0.347700,186.916648,6.855584,9.878840,196.537821,0
2024-06-20,sz.300604,218.4428365200,224.2716796800,214.3487681100,214.5569410800,220.3163932500,17839990,564283469.7000,3.822300,1,-2.614200,182.030323,6.676368,9.620590,191.399982,0
2024-06-21,sz.300604,212.2670384100,217.0550167200,209.0056618800,214.6263320700,214.5569410800,11713876,360852054.2000,2.509800,1,0.032300,182.089195,6.678527,9.623701,191.461884,0
2024-06-24,sz.300604,212.9609483100,216.9162347400,203.0380367400,204.3564655500,214.6263320700,16623071,503075068.4800,3.561600,1,-4.785000,173.376230,6.358959,9.163207,182.300436,0
2024-06-25,sz.300604,204.9115934700,205.1197664400,194.2947720000,196.1683287300,204.3564655500,16411013,470802170.6200,3.516200,1,-4.006800,166.429406,6.104169,8.796057,174.996038,0
2024-06-26,sz.300604,196.9316296200,201.5808259500,192.9069522000,198.8745773400,196.1683287300,14819530,419469481.0000,3.175200,1,1.379600,168.725390,6.188380,8.917403,177.410203,0
2024-06-27,sz.300604,196.3765017000,197.8337124900,191.1721774500,191.5885233900,198.8745773400,13527420,377766313.2400,2.898300,1,-3.663600,162.543895,5.961659,8.590701,170.910527,0
2024-06-28,sz.300604,191.2415684400,194.0172080400,187.7026279500,188.5353198300,191.5885233900,14352550,395664083.0300,3.075100,1,-1.593600,159.953554,5.866653,8.453798,168.186854,0
2024-07-01,sz.300604,187.7026279500,192.7681702200,186.6617631000,191.0333954700,188.5353198300,9807411,268004232.0200,2.101300,1,1.325000,162.072924,5.944386,8.565810,170.415314,0
2024-07-02,sz.300604,190.6170495300,201.0256980300,188.4659288400,198.1806674400,191.0333954700,16743627,470855178.0900,3.587400,1,3.741400,168.136676,6.166787,8.886288,176.791187,0
2024-07-03,sz.300604,197.2091935800,200.8869160500,193.6702530900,197.0704116000,198.1806674400,11940463,339137819.1900,2.558300,1,-0.560200,167.194734,6.132239,8.836505,175.800760,0
2024-07-04,sz.300604,196.4458926900,201.3726529800,195.6825918000,197.0010206100,197.0704116000,13145306,376504558.6200,2.816500,1,-0.035200,167.135863,6.130080,8.833394,175.738858,0
2024-07-05,sz.300604,196.0295467500,199.8460512000,193.3926891300,196.3765017000,197.0010206100,10303910,291916821.1600,2.207700,1,-0.317000,166.606020,6.110647,8.805391,175.181743,0
2024-07-08,sz.300604,198.1112764500,202.2747358500,194.5029449700,197.2091935800,196.3765017000,12932499,370513956.1700,2.770900,1,0.424000,167.312477,6.136558,8.842728,175.924563,0
2024-07-09,sz.300604,196.3071107100,211.9894744500,195.7519827900,211.1567825700,197.2091935800,25897801,773660826.7500,5.548800,1,7.072500,179.145625,6.570565,9.468129,188.366800,0
2024-07-10,sz.300604,211.5731285100,218.7204004800,209.6995717800,216.2223248400,211.1567825700,19332969,600627352.4600,4.142200,1,2.398900,183.443236,6.728189,9.695264,192.885622,0
2024-07-11,sz.300604,218.5122275100,223.8553337400,213.7242492000,223.4389878000,216.2223248400,23057662,727696695.7000,4.940200,1,3.337600,189.565861,6.952750,10.018855,199.323397,0
2024-07-12,sz.300604,220.3762685600,226.2232700000,219.3321611600,223.7870194000,223.4389836000,23096200,742816043.1300,4.948500,1,0.155800,189.271504,6.941954,10.003297,199.013888,0
2024-07-15,sz.300604,225.0399482800,226.6409129600,221.2811616400,222.8125191600,223.7870194000,15645029,502330645.4800,3.352000,1,-0.435500,188.447304,6.911725,9.959737,198.147265,0
2024-07-16,sz.300604,232.8359502000,238.4045230000,222.8125191600,237.2212012800,222.8125191600,54145675,1791145266.8600,11.601000,1,6.466700,200.633681,7.358687,10.603806,210.960912,0
2024-07-17,sz.300604,236.5947368400,245.5044533200,235.2025936400,237.0819869600,237.2212012800,38169871,1321957498.9900,8.178100,1,-0.058700,200.515938,7.354369,10.597584,210.837108,0
2024-07-18,sz.300604,232.8359502000,246.1309177600,230.2604852800,244.3907387600,237.0819869600,36141932,1238386736.7800,7.743600,1,3.082800,206.697434,7.581089,10.924285,217.336784,0
2024-07-19,sz.300604,241.5368452000,249.7504900800,240.7015592800,242.9289884000,244.3907387600,33080796,1163890918.1800,7.087800,1,-0.598100,205.461135,7.535745,10.858945,216.036849,0
2024-07-22,sz.300604,244.8779888800,248.3583468800,240.5623449600,241.8848810000,242.9289884000,23320649,815723962.1200,4.996600,1,-0.429800,204.578064,7.503356,10.812273,215.108324,0
2024-07-23,sz.300604,240.8407736000,241.3280237200,227.4761988800,228.5899134400,241.8848810000,29760291,1001704303.5800,6.416800,1,-5.496400,193.333629,7.090942,10.217987,203.285104,0
2024-07-24,sz.300604,228.5899134400,231.0957712000,221.2115544800,222.7429120000,228.5899134400,19738213,640654673.9800,4.255900,1,-2.557900,188.388433,6.909565,9.956626,198.085363,0
2024-07-25,sz.300604,221.3507688000,223.9262337200,218.9145182000,220.0978399200,222.7429120000,16408176,520620971.2600,3.486200,1,-1.187500,186.151320,6.827514,9.838391,195.733099,0
2024-07-26,sz.300604,220.5154828800,223.2997692800,215.0861244000,221.4899831200,220.0978399200,18806779,594412519.0400,3.995800,1,0.632500,187.328748,6.870699,9.900620,196.971133,0
2024-07-29,sz.300604,221.5595902800,225.3183769200,218.8449110400,219.2625540000,221.4899831200,17510332,557863305.3000,3.720400,1,-1.005700,185.444864,6.801603,9.801053,194.990279,0
2024-07-30,sz.300604,217.2439463600,222.3252690400,215.7125888400,220.0978399200,219.2625540000,14157630,444660831.8100,3.008000,1,0.381000,186.151320,6.827514,9.838391,195.733099,0
2024-07-31,sz.300604,218.5664824000,231.7918428000,216.4782676000,231.4438070000,220.0978399200,25527630,828109921.2300,5.423800,1,5.155000,195.747356,7.179470,10.345556,205.823073,0
2024-08-01,sz.300604,230.3996996000,238.4741301600,228.7987349200,233.1839860000,231.4438070000,27477076,919968692.0000,5.838000,1,0.751900,197.219141,7.233451,10.423343,207.370614,0
2024-08-02,sz.300604,230.6085210800,232.4879144000,220.3762685600,221.3507688000,233.1839860000,19915100,647247817.8500,4.231300,1,-5.074600,187.211005,6.866381,9.894397,196.847330,0
2024-08-05,sz.300604,217.5919821600,221.9076260800,212.3714451600,212.3714451600,221.3507688000,18712783,581569637.9700,3.975900,1,-4.056600,179.616596,6.587839,9.493020,188.862013,0
2024-08-06,sz.300604,217.6615893200,221.0027330000,212.1626236800,218.8449110400,212.3714451600,13299290,412386042.4100,2.825700,1,3.048200,185.091635,6.788648,9.782385,194.618869,0
2024-08-07,sz.300604,217.1743392000,221.2811616400,216.4086604400,216.6870890800,218.8449110400,10125538,318298047.9400,2.151400,1,-0.986000,183.266622,6.721712,9.685930,192.699917,0
2024-08-08,sz.300604,215.7821960000,224.0654480400,210.9096948000,220.2370542400,216.6870890800,15808062,495513334.1900,3.358700,1,1.638300,186.269063,6.831833,9.844614,195.856903,0
2024-08-09,sz.300604,223.7870194000,226.4320914800,220.3066614000,221.0027330000,220.2370542400,15265734,490229414.8600,3.243500,1,0.347700,186.916648,6.855584,9.878840,196.537821,0
2024-08-12,sz.300604,221.3507688000,222.0468404000,213.6243740400,215.2949458800,221.0027330000,11658389,362564615.7000,2.477000,1,-2.582700,182.089195,6.678527,9.623701,191.461884,0
2024-08-13,sz.300604,215.2949458800,218.1488394400,212.9283024400,216.7566962400,215.2949458800,8237726,254933535.5200,1.750300,1,0.679000,183.325494,6.723871,9.689041,192.761819,0
2024-08-14,sz.300604,217.3135535200,218.0792322800,212.9979096000,212.9979096000,216.7566962400,7646520,236901835.8000,1.624600,1,-1.734100,180.146439,6.607272,9.521023,189.419128,0
2024-08-15,sz.300604,210.9793019600,218.8449110400,210.2136232000,212.9979096000,212.9979096000,8919290,275137739.0000,1.895100,1,0.000000,180.146439,6.607272,9.521023,189.419128,0
2024-08-16,sz.300604,214.5292671200,221.2811616400,211.9538022000,214.1812313200,212.9979096000,12493732,387695570.6400,2.654500,1,0.555600,181.147252,6.643979,9.573918,190.471457,0
2024-08-19,sz.300604,214.3204456400,218.0096251200,210.4224446800,213.2067310800,214.1812313200,9847800,303595954.8000,2.092300,1,-0.455000,180.323053,6.613750,9.530358,189.604833,0
2024-08-20,sz.300604,213.2067310800,214.0420170000,206.0371936000,207.2901224800,213.2067310800,13089243,391597797.7400,2.781100,1,-2.775100,175.318985,6.430214,9.265885,184.343191,0
2024-08-21,sz.300604,206.0371936000,210.7704804800,204.9930862000,207.4989439600,207.2901224800,8982790,267820328.6000,1.908600,1,0.100700,175.495599,6.436692,9.275219,184.528896,0
2024-08-22,sz.300604,206.3156222400,210.1440160400,201.8607640000,203.8793716400,207.4989439600,13047481,385413525.7700,2.772200,1,-1.744400,76.633782,5.986820,7.225241,50.984720,0
2024-08-23,sz.300604,201.9999783200,204.6450504000,198.7980489600,201.1646924000,203.8793716400,11377760,329000134.6000,2.417400,1,-1.331500,75.613394,5.907105,7.129036,50.305852,0
2024-08-26,sz.300604,203.1136928800,204.5754432400,199.0764776000,200.1205850000,201.1646924000,8370877,242415353.9400,1.778500,1,-0.519000,75.220936,5.876445,7.092034,50.044749,0
2024-08-27,sz.300604,199.0764776000,202.8352642400,196.8490484800,200.1205850000,200.1205850000,8959645,257861570.7200,1.903600,1,0.000000,75.220936,5.876445,7.092034,50.044749,0
2024-08-28,sz.300604,200.1205850000,206.1068007600,198.3107988400,204.4362289200,200.1205850000,10887302,316911195.1600,2.313200,1,2.156500,76.843092,6.003172,7.244975,51.123975,0
2024-08-29,sz.300604,202.2784069600,210.9096948000,201.6519425200,205.4803363200,204.4362289200,14810236,438712739.1700,3.146700,1,0.510700,77.235549,6.033832,7.281977,51.385078,0
2024-08-30,sz.300604,204.5058360800,215.3645530400,203.8793716400,212.6498738000,205.4803363200,17794899,540706912.4000,3.780900,1,3.489200,79.930421,6.244362,7.536057,53.177985,0
2024-09-02,sz.300604,210.9793019600,213.2763382400,201.3735138800,201.4431210400,212.6498738000,14648260,435971578.3800,3.112300,1,-5.270000,75.718049,5.915281,7.138903,50.375479,0
2024-09-03,sz.300604,202.2087998000,207.3597296400,202.2087998000,205.2715148400,201.4431210400,10224029,300832631.6500,2.172300,1,1.900500,77.157058,6.027700,7.274577,51.332857,0
2024-09-04,sz.300604,202.4176212800,209.3087301200,200.8862637600,204.7146575600,205.2715148400,11367678,335197695.8000,2.415300,1,-0.271300,76.947748,6.011348,7.254842,51.193602,0
2024-09-05,sz.300604,204.5754432400,209.2391229600,203.9489788000,205.6195506400,204.7146575600,7817000,231783119.0000,1.660900,1,0.442000,77.287877,6.037920,7.286911,51.419892,0
2024-09-06,sz.300604,205.5499434800,207.3597296400,199.7725492000,200.3294064800,205.6195506400,7798000,227354016.9600,1.656800,1,-2.572800,75.299428,5.882577,7.099434,50.096970,0
2024-09-09,sz.300604,199.4245134000,201.8607640000,197.1274771200,200.9558709200,200.3294064800,7409913,212341725.0200,1.574400,1,0.312700,75.534902,5.900973,7.121636,50.253631,0
2024-09-10,sz.300604,201.0254780800,203.8793716400,197.4755129200,202.4176212800,200.9558709200,9431456,271766005.1000,2.003900,1,0.727400,76.084342,5.943896,7.173438,50.619176,0
2024-09-11,sz.300604,201.2342995600,203.6009430000,199.8421563600,202.1391926400,202.4176212800,5678997,164803053.6600,1.206600,1,-0.137600,75.979687,5.935720,7.163571,50.549548,0
2024-09-12,sz.300604,203.3225143600,205.6891578000,199.0068704400,199.2156919200,202.1391926400,6653506,192996745.2200,1.413700,1,-1.446300,74.880807,5.849873,7.059966,49.818460,0
2024-09-13,sz.300604,198.7284418000,201.2342995600,194.3431907200,194.7608336800,199.2156919200,8127598,230933074.6000,1.726900,1,-2.236200,73.206324,5.719058,6.902091,48.704420,0
2024-09-18,sz.300604,196.6402270000,197.9627630400,194.1343692400,196.1529768800,194.7608336800,6412670,180429689.9200,1.362500,1,0.714800,73.729600,5.759938,6.951427,49.052557,0
2024-09-19,sz.300604,197.0578699600,201.5823353600,191.9069401200,198.1715845200,196.1529768800,9717843,275053857.2600,2.064700,1,1.029100,74.488350,5.819214,7.022964,49.557357,0
2024-09-20,sz.300604,197.6147272400,198.6588346400,192.6726188800,194.8304408400,198.1715845200,7813801,218958647.9200,1.660200,1,-1.686000,73.232487,5.721102,6.904558,48.721827,0
2024-09-23,sz.300604,193.5079048000,195.7353339200,189.1226537200,189.6099038400,194.8304408400,9420778,258939595.8800,2.001600,1,-2.679500,71.270202,5.567804,6.719548,47.416312,0
2024-09-24,sz.300604,191.0716542000,200.8166566000,188.8442250800,200.7470494400,189.6099038400,15897349,446830534.6100,3.377700,1,5.873700,75.456411,5.894841,7.114235,50.201411,0
2024-09-25,sz.300604,204.5058360800,205.8979792800,197.7539415600,197.8931558800,200.7470494400,18452038,536491609.8000,3.920500,1,-1.421600,74.383695,5.811038,7.013097,49.487729,0
2024-09-26,sz.300604,197.7539415600,209.0999086400,196.5010126800,209.0999086400,197.8931558800,19496214,566203083.7300,4.142300,1,5.663000,78.596067,6.140119,7.410251,52.290235,0
2024-09-27,sz.300604,212.3714451600,228.8683420800,210.2136232000,224.8311268000,209.0999086400,30507251,962340379.2000,6.481800,1,7.523300,84.509087,6.602058,7.967746,56.224187,0
2024-09-30,sz.300604,233.9496647600,264.1591722000,231.7918428000,263.8807435600,224.8311268000,38998233,1389028543.5900,8.285900,1,17.368400,99.186981,7.748731,9.351618,65.989441,0
2024-10-08,sz.300604,316.6429708400,316.6429708400,296.4568944400,316.6429708400,263.8807435600,53520147,2408970911.0900,11.371300,1,19.994700,119.019144,9.298069,11.221448,79.183848,0
2024-10-09,sz.300604,310.1695049600,338.8476548800,288.1736424000,299.3107880000,316.6429708400,67584365,3025165033.6500,14.359500,1,-5.473700,112.504357,8.789118,10.607216,74.849537,0
2024-10-10,sz.300604,304.8097536400,306.2715040000,272.5816385600,281.2129264000,299.3107880000,43656531,1795263416.8900,9.275600,1,-6.046500,105.701768,8.257683,9.965850,70.323751,0
2024-10-11,sz.300604,275.0178891600,282.6050696000,259.7739211200,264.1591722000,281.2129264000,29899915,1154803231.7700,6.352800,1,-6.064400,99.291636,7.756907,9.361485,66.059069,0
2024-10-14,sz.300604,265.9689583600,280.0992118400,261.5837072800,280.0296046800,264.1591722000,34545255,1347487885.4300,7.339800,1,6.007900,105.256983,8.222935,9.923914,70.027835,0
2024-10-15,sz.300604,278.4286400000,298.5451092400,274.2522104000,280.5168548000,280.0296046800,38003221,1565272062.2500,8.074500,1,0.174000,105.440130,8.237243,9.941182,70.149683,0
2024-10-16,sz.300604,271.4679240000,287.0599278400,270.2846022800,287.0599278400,280.5168548000,28247587,1138738227.2400,6.001700,1,2.332500,107.899528,8.429377,10.173060,71.785928,0
2024-10-17,sz.300604,292.5588934800,294.6471082800,278.5678543200,279.5423545600,287.0599278400,29342637,1204823823.5100,6.234400,1,-2.618800,105.073837,8.208627,9.906647,69.905987,0
2024-10-18,sz.300604,278.6374614800,314.2763274000,277.0364968000,301.7470386000,279.5423545600,55366079,2346762891.8500,11.763500,1,7.943200,113.420090,8.860657,10.693554,75.458778,0
2024-10-21,sz.300604,306.2018968400,324.4389727600,297.8490376400,299.3803951600,301.7470386000,60908724,2719390185.1700,12.941200,1,-0.784300,112.530521,8.791162,10.609683,74.866944,0
2024-10-22,sz.300604,295.4823942000,314.2763274000,295.4823942000,312.7449698800,299.3803951600,48425452,2124772013.9200,10.288900,1,4.464100,117.553971,9.183606,11.083307,78.209063,0
2024-10-23,sz.300604,307.1067899200,308.7773617600,300.7725383600,307.8028615200,312.7449698800,35853334,1569987173.6600,7.617700,1,-1.580200,115.696341,9.038483,10.908165,76.973176,0
2024-10-24,sz.300604,320.1929360000,338.8476548800,309.1253975600,310.4479336000,307.8028615200,89555167,4168336147.9300,19.027600,1,0.859300,69.671654,8.479608,9.013266,253.867934,0
2024-10-25,sz.300604,304.8793608000,324.7174014000,296.5961087600,312.9537913600,310.4479336000,63361066,2797008345.0400,13.462200,1,0.807200,70.234027,8.548054,9.086019,255.917092,0
2024-10-28,sz.300604,313.0930056800,313.0930056800,302.9303603200,306.6195398000,312.9537913600,38003213,1671033151.4100,8.074500,1,-2.024000,68.812475,8.375039,8.902116,250.737276,0
2024-10-29,sz.300604,306.2715040000,311.0743980400,293.3245722400,293.5333937200,306.6195398000,42068493,1831283561.1300,8.938100,1,-4.267900,65.875643,8.017603,8.522184,240.036116,0
2024-10-30,sz.300604,291.7236075600,301.1205741600,288.9393211600,296.2480729600,293.5333937200,29570041,1251184493.4800,6.282600,1,0.924800,66.484879,8.091752,8.601000,242.256037,0
2024-10-31,sz.300604,296.3176801200,311.2832195200,290.7491073200,305.9930753600,296.2480729600,43469370,1883426460.4900,9.235700,1,3.289500,68.671882,8.357928,8.883927,250.224986,0
2024-11-01,sz.300604,305.5754324000,305.5754324000,282.9531054000,283.9972128000,305.9930753600,36360327,1529846640.6800,7.725300,1,-7.188400,63.735504,7.757131,8.245319,232.237931,0
2024-11-04,sz.300604,282.1178194800,296.7353230800,281.9089980000,292.3500720000,283.9972128000,23584007,984959923.9000,5.010800,1,2.941200,65.610078,7.985281,8.487829,239.068458,0
2024-11-05,sz.300604,292.2108576800,303.2783961200,290.4010715200,300.4941097200,292.3500720000,34664499,1486076000.0500,7.365000,1,2.785700,67.437787,8.207729,8.724275,245.728222,0
2024-11-06,sz.300604,300.7029312000,310.4479336000,296.1784658000,306.3411111600,300.4941097200,42215968,1841282286.3800,8.969400,1,1.945800,68.749989,8.367434,8.894032,250.509591,0
2024-11-07,sz.300604,303.5568247600,327.0840448400,302.0254672400,325.6919016400,306.3411111600,57347802,2616572336.8200,12.184400,1,6.316700,73.092751,8.895984,9.455845,266.333646,0
2024-11-08,sz.300604,338.6388334000,390.4961676000,326.4575804000,365.0199470400,325.6919016400,83802619,4223849475.6100,17.805200,1,12.075200,81.918869,9.970194,10.597660,298.494046,0
2024-11-11,sz.300604,375.8786640000,414.1626020000,361.9572320000,367.2473761600,365.0199470400,93904351,5201197553.2100,19.951400,1,0.610200,82.418755,10.031035,10.662330,300.315520,0
2024-11-12,sz.300604,365.1591613600,378.5237360800,353.6043728000,359.9386243600,367.2473761600,59912015,3137158232.6700,12.729200,1,-1.990100,80.778503,9.831403,10.450134,294.338809,0
2024-11-13,sz.300604,354.9965160000,368.9179480000,352.7690868800,365.0895542000,359.9386243600,43697212,2276673226.9000,9.284200,1,1.431100,81.934490,9.972096,10.599681,298.550967,0
2024-11-14,sz.300604,361.2611604000,361.2611604000,344.4162276800,345.2515136000,365.0895542000,38752139,1952230868.8400,8.233500,1,-5.433700,77.482378,9.430237,10.023722,282.328465,0
2024-11-15,sz.300604,343.8593704000,348.6622644400,327.9889379200,328.3369737200,345.2515136000,33508999,1624859738.6500,7.119500,1,-4.899200,73.686366,8.968232,9.532640,268.496647,0
2024-11-18,sz.300604,325.8311159600,338.9868692000,315.8772920800,332.9310462800,328.3369737200,35533875,1676295206.0600,7.549700,1,1.399200,74.717382,9.093715,9.666020,272.253437,0
2024-11-19,sz.300604,333.0702606000,343.0240844800,320.6105789600,340.8662625200,332.9310462800,36152361,1726060383.3900,7.681100,1,2.383400,76.498227,9.310458,9.896404,278.742438,0
2024-11-20,sz.300604,337.5947260000,340.3790124000,331.3996887600,337.3162973600,340.8662625200,28765235,1387291048.6100,6.111600,1,-1.041500,75.701533,9.213494,9.793338,275.839464,0
2024-11-21,sz.300604,335.3672968800,348.0358000000,333.4879035600,341.4231198000,337.3162973600,32436112,1596151225.2300,6.891600,1,1.217500,76.623198,9.325668,9.912571,279.197806,0
2024-11-22,sz.300604,338.0123689600,346.6436568000,316.0165064000,319.6360787200,341.4231198000,31908877,1523758684.7400,6.779500,1,-6.381200,71.733685,8.730574,9.280026,261.381514,0
2024-11-25,sz.300604,320.1929360000,325.1350443600,306.2715040000,315.5292562800,319.6360787200,26158350,1182178939.3100,5.557700,1,-1.284800,70.812020,8.618400,9.160792,258.023171,0
2024-11-26,sz.300604,313.2322200000,318.1047212000,308.7773617600,309.4038262000,315.5292562800,15786186,708986167.9300,3.354000,1,-1.941300,69.437333,8.451090,8.982952,253.014118,0
2024-11-27,sz.300604,304.0440748800,316.3645422000,298.1274662800,316.2253278800,309.4038262000,23035184,1018809456.9700,4.894200,1,2.204700,70.968235,8.637413,9.181001,258.592382,0
2024-11-28,sz.300604,316.0165064000,324.2301512800,311.0743980400,314.5547560400,316.2253278800,21149818,963386604.8600,4.493600,1,-0.528300,70.593320,8.591783,9.132499,257.226277,0
2024-11-29,sz.300604,312.5361484000,326.1095446000,309.4038262000,318.1047212000,314.5547560400,25053478,1143358923.2600,5.323000,1,1.128600,71.390014,8.688747,9.235566,260.129251,0
2024-12-02,sz.300604,318.1047212000,325.7615088000,315.3900419600,321.5850792000,318.1047212000,23194373,1068697824.6400,4.928000,1,1.094100,72.171086,8.783810,9.336612,262.975304,0
2024-12-03,sz.300604,323.6732940000,326.1791517600,312.5361484000,316.2253278800,321.5850792000,21272268,973778664.0300,4.519600,1,-1.666700,70.968235,8.637413,9.181001,258.592382,0
2024-12-04,sz.300604,323.1164367200,328.9634381600,316.0861135600,318.1047212000,316.2253278800,24890270,1153982299.3900,5.288300,1,0.594300,71.390014,8.688747,9.235566,260.129251,0
2024-12-05,sz.300604,312.3273269200,319.5664715600,311.0743980400,315.1812204800,318.1047212000,15611940,707616185.6700,3.317000,1,-0.919000,70.733913,8.608894,9.150688,257.738566,0
2024-12-06,sz.300604,313.8586844400,326.3183660800,311.0047908800,321.3066505600,315.1812204800,22943374,1052575726.1500,4.874700,1,1.943500,72.108600,8.776205,9.328528,262.747620,0
2024-12-09,sz.300604,322.2811508000,327.1536520000,317.2694352800,323.0468295600,321.3066505600,19317200,896528295.5700,4.104200,1,0.541600,72.499136,8.823736,9.379051,264.170646,0
2024-12-10,sz.300604,337.2466902000,339.6133336400,323.3948653600,323.7429011600,323.0468295600,25980301,1234641019.7500,5.519900,1,0.215500,72.655351,8.842749,9.399260,264.739857,0
2024-12-11,sz.300604,321.0282219200,328.5457952000,320.8194004400,323.8821154800,323.7429011600,18029500,839165337.0100,3.830600,1,0.043000,72.686594,8.846551,9.403302,264.853699,0
2024-12-12,sz.300604,324.0909369600,334.1143680000,321.2370434000,332.9310462800,323.8821154800,26468251,1255957986.1000,5.623600,1,2.793900,74.717382,9.093715,9.666020,272.253437,0
2024-12-13,sz.300604,328.9634381600,332.7222248000,323.6732940000,325.7615088000,332.9310462800,23878777,1120230662.4700,5.073400,1,-2.153500,73.108373,8.897885,9.457866,266.390567,0
2024-12-16,sz.300604,324.2997584400,325.6919016400,312.5361484000,313.5802558000,325.7615088000,19386255,880339095.4900,4.118900,1,-3.739300,70.374620,8.565165,9.104207,256.429382,0
2024-12-17,sz.300604,312.6753627200,315.5292562800,308.7773617600,310.0998978000,313.5802558000,12780835,572614381.1500,2.715500,1,-1.109900,69.593547,8.470102,9.003161,253.583329,0
2024-12-18,sz.300604,311.6312553200,317.6174710800,307.3852185600,314.9723990000,310.0998978000,13833356,623427364.9200,2.939100,1,1.571300,70.687048,8.603190,9.144625,257.567803,0
2024-12-19,sz.300604,311.1440052000,321.2370434000,309.8214691600,318.7311856400,314.9723990000,14026886,636911486.6000,2.980200,1,1.193400,71.530607,8.705858,9.253754,260.641540,0
2024-12-20,sz.300604,317.8262925600,334.6712252800,316.7125780000,329.6595097600,318.7311856400,27069602,1276184509.5900,5.751400,1,3.428700,73.983174,9.004356,9.571037,269.578147,0
2024-12-23,sz.300604,329.6595097600,340.9358696800,327.7105092800,328.4065808800,329.6595097600,29077015,1394546369.5100,6.177900,1,-0.380100,73.701988,8.970133,9.534661,268.553568,0
2024-12-24,sz.300604,331.6781174000,341.0054768400,323.2556510400,341.0054768400,328.4065808800,33280172,1598447990.4300,7.070900,1,3.836400,76.529470,9.314260,9.900446,278.856280,0
2024-12-25,sz.300604,337.6643331600,343.2329059600,331.8173317200,335.4369040400,341.0054768400,24374319,1180802210.5200,5.178700,1,-1.633000,75.279754,9.162160,9.738773,274.302595,0
2024-12-26,sz.300604,335.9241541600,345.0426921200,333.0702606000,341.8407627600,335.4369040400,26658016,1304038674.3000,5.663900,1,1.909100,76.716927,9.337076,9.924697,279.539333,0
2024-12-27,sz.300604,342.1887985600,342.4672272000,328.3369737200,328.3369737200,341.8407627600,30634531,1479126562.6000,6.508800,1,-3.950300,73.686366,8.968232,9.532640,268.496647,0
2024-12-30,sz.300604,326.4575804000,332.0261532000,319.4968644000,326.8752233600,328.3369737200,16847586,789850762.9000,3.579500,1,-0.445200,73.358316,8.928305,9.490201,267.301304,0
2024-12-31,sz.300604,326.9448305200,328.5457952000,306.3411111600,307.1763970800,326.8752233600,22967185,1038810391.1700,4.879700,1,-6.026400,68.937446,8.390249,8.918283,251.192644,0
2025-01-02,sz.300604,295.6912156800,295.8304300000,271.4679240000,275.9923894000,307.1763970800,41316552,1673412574.2300,8.778300,1,-10.151800,61.939038,7.538486,8.012914,225.692009,0
2025-01-03,sz.300604,275.0178891600,275.2963178000,264.9248509600,265.7601368800,275.9923894000,20425908,792899763.7500,4.339800,1,-3.707400,59.642685,7.259001,7.715840,217.324613,0
2025-01-06,sz.300604,265.0640652800,274.1826032400,262.8366361600,265.7601368800,265.7601368800,16575422,637819162.1000,3.521700,1,0.000000,59.642685,7.259001,7.715840,217.324613,0
2025-01-07,sz.300604,267.1522800800,274.1129960800,265.9689583600,272.8600672000,265.7601368800,16313689,633571965.3300,3.381500,1,2.671600,61.236073,7.452929,7.921973,223.130561,0
2025-01-08,sz.300604,271.3983168400,279.6815688800,263.8807435600,274.9482820000,272.8600672000,20488454,800778807.2900,4.246800,1,0.765300,61.704716,7.509967,7.982601,224.838193,0
2025-01-09,sz.300604,273.5561388000,279.8207832000,272.1639956000,276.5492466800,274.9482820000,15183195,605092148.8600,3.147100,1,0.582300,62.064010,7.553696,8.029082,226.147377,0
2025-01-10,sz.300604,275.9923894000,286.0158204400,274.5306390400,274.5306390400,276.5492466800,20606401,831076046.6400,4.271300,1,-0.729900,61.610988,7.498560,7.970475,224.496666,0
2025-01-13,sz.300604,271.5375311600,281.8393908400,270.2149951200,280.1688190000,274.5306390400,17728187,707642594.5800,3.674700,1,2.053800,62.876325,7.652561,8.134169,229.107272,0
2025-01-14,sz.300604,280.7256762800,300.5637168800,277.1757111200,300.0068596000,280.1688190000,29263370,1221186018.2600,6.065700,1,7.080700,67.328437,8.194420,8.710129,245.329775,0
2025-01-15,sz.300604,297.9186448000,303.2087889600,295.3431798800,302.0950744000,300.0068596000,21942860,943285354.7500,4.548300,1,0.696100,67.797081,8.251458,8.770756,247.037407,0
2025-01-16,sz.300604,301.1205741600,315.1116133200,301.0509670000,307.0371827600,302.0950744000,25787847,1144340574.1400,5.345300,1,1.635900,68.906204,8.386447,8.914241,251.078802,0
2025-01-17,sz.300604,304.1832892000,320.1233288400,302.9303603200,311.9096839600,307.0371827600,26247659,1175675473.1500,5.440600,1,1.586900,69.999705,8.519535,9.055705,255.063276,0
2025-01-20,sz.300604,316.5733636800,317.1302209600,309.8214691600,312.3969340800,311.9096839600,18758698,842793153.5600,3.888300,1,0.156200,70.109055,8.532844,9.069851,255.461724,0
2025-01-21,sz.300604,313.9978987600,321.5850792000,309.5430405200,319.4272572400,312.3969340800,23115384,1048490792.3600,4.791300,1,2.250400,71.686821,8.724871,9.273963,261.210751,0
2025-01-22,sz.300604,317.9655068800,326.8752233600,316.8517923200,321.4458648800,319.4272572400,26242719,1214360543.3100,5.439500,1,0.631900,72.139843,8.780007,9.332570,262.861462,0
2025-01-23,sz.300604,326.4575804000,327.7105092800,313.0930056800,313.1626128400,321.4458648800,25927773,1192952946.9100,5.374300,1,-2.576900,70.280891,8.553757,9.092081,256.087855,0
2025-01-24,sz.300604,311.7008624800,316.5037565200,311.2136123600,314.4851488800,313.1626128400,17870534,807934479.6200,3.704200,1,0.422300,70.577698,8.589881,9.130479,257.169356,0
2025-01-27,sz.300604,315.8076849200,316.7125780000,307.8724686800,307.8724686800,314.4851488800,14314653,640196289.0600,2.967100,1,-2.102700,69.093661,8.409262,8.938492,251.761855,0
2025-02-05,sz.300604,313.2322200000,315.2508276400,307.8028615200,308.0116830000,307.8724686800,15792587,707692700.2500,3.273500,1,0.045200,69.124904,8.413064,8.942534,251.875697,0
2025-02-06,sz.300604,308.8469689200,327.0144376800,306.6195398000,325.9703302800,308.0116830000,29489320,1360603733.1300,6.112500,1,5.830500,73.155237,8.903589,9.463929,266.561331,0
2025-02-07,sz.300604,325.9703302800,333.4182964000,320.7497932800,325.9007231200,325.9703302800,35078627,1649066917.0500,7.271000,1,-0.021400,73.139616,8.901688,9.461908,266.504410,0
2025-02-10,sz.300604,327.1536520000,327.8497236000,319.7056858800,321.8635078400,325.9007231200,26390047,1221569826.0800,5.470100,1,-1.238800,72.233572,8.791415,9.344695,263.202988,0
2025-02-11,sz.300604,321.4458648800,321.4458648800,311.5616481600,315.3204348000,321.8635078400,21407342,966712686.5400,4.437300,1,-2.032900,70.765156,8.612696,9.154730,257.852408,0
2025-02-12,sz.300604,315.9468992400,332.7222248000,313.9282916000,332.4437961600,315.3204348000,34189829,1591467659.6600,7.086800,1,5.430500,74.608032,9.080406,9.651874,271.854989,0
2025-02-13,sz.300604,331.9565460400,332.0261532000,320.3321503200,320.6105789600,332.4437961600,25493872,1189647631.0700,5.284300,1,-3.559500,71.952386,8.757192,9.308319,262.178409,0
2025-02-14,sz.300604,318.8007928000,320.6105789600,310.5175407600,312.6057555600,320.6105789600,26150921,1178149986.8700,5.420500,1,-2.496700,70.155919,8.538547,9.075914,255.632487,0
2025-02-17,sz.300604,313.1626128400,325.5526873200,312.9537913600,320.8194004400,312.6057555600,23360966,1072543817.9300,4.842200,1,2.627500,71.999250,8.762896,9.314382,262.349172,0
2025-02-18,sz.300604,320.1929360000,322.9772224000,306.9675756000,308.0116830000,320.8194004400,22728029,1029140351.8400,4.711000,1,-3.992200,69.124904,8.413064,8.942534,251.875697,0
2025-02-19,sz.300604,308.0116830000,324.7174014000,307.6636472000,324.2301512800,308.0116830000,36036654,1659561025.5800,7.469600,1,5.265500,72.764701,8.856057,9.413406,265.138304,0
2025-02-20,sz.300604,324.1605441200,324.2301512800,316.5733636800,320.8194004400,324.2301512800,19612261,902456598.6000,4.065200,1,-1.052000,71.999250,8.762896,9.314382,262.349172,0
2025-02-21,sz.300604,320.6105789600,330.7732243200,320.5409718000,327.9889379200,320.8194004400,35429441,1663304404.3300,7.343700,1,2.234800,73.608259,8.958725,9.522535,268.212041,0
2025-02-24,sz.300604,326.1095446000,331.9565460400,321.9331150000,326.1791517600,327.9889379200,29667304,1395710449.2900,6.149400,1,-0.551800,73.202101,8.909293,9.469992,266.732094,0
2025-02-25,sz.300604,321.9331150000,339.2652978400,320.2625431600,333.2790820800,326.1791517600,43086870,2055785074.6700,8.931000,1,2.176700,74.795489,9.103221,9.676125,272.538042,0
2025-02-26,sz.300604,333.2094749200,337.4555116800,324.9262228800,334.8104396000,333.2790820800,32007666,1524383057.4200,6.634500,1,0.459500,75.139161,9.145049,9.720585,273.790305,0
2025-02-27,sz.300604,334.8104396000,341.7711556000,323.6732940000,330.4251885200,334.8104396000,29061404,1384705267.3100,6.023800,1,-1.309800,74.155010,9.025269,9.593267,270.204279,0
2025-02-28,sz.300604,327.2232591600,330.6340100000,305.3666109200,306.8979684400,330.4251885200,28561499,1298444625.7600,5.920200,1,-7.120300,68.874961,8.382644,8.910199,250.964960,0
2025-03-03,sz.300604,307.1763970800,311.0047908800,300.8421455200,303.9048605600,306.8979684400,18535923,815215112.0200,3.842100,1,-0.975300,68.203238,8.300890,8.823300,248.517354,0
2025-03-04,sz.300604,300.7725383600,326.8752233600,299.3107880000,323.1164367200,303.9048605600,31426038,1431297466.6400,6.513900,1,6.321600,72.514758,8.825637,9.381072,264.227567,0
2025-03-05,sz.300604,322.6987937600,326.1095446000,314.8331846800,319.1488286000,323.1164367200,16670806,765154513.4800,3.455500,1,-1.227900,71.624335,8.717266,9.265880,260.983067,0
2025-03-06,sz.300604,321.5850792000,331.2604744400,321.5850792000,326.1095446000,319.1488286000,25955620,1219902001.5900,5.380000,1,2.181000,73.186480,8.907391,9.467971,266.675173,0
2025-03-07,sz.300604,323.6732940000,329.1722596400,318.8703999600,322.2115436400,326.1095446000,20908048,971960230.5500,4.333800,1,-1.195300,72.311679,8.800921,9.354800,263.487593,0
2025-03-10,sz.300604,321.3762577200,325.6222944800,316.4341493600,320.1233288400,322.2115436400,14301383,658116083.5200,2.964400,1,-0.648100,71.843036,8.743883,9.294172,261.779962,0
2025-03-11,sz.300604,314.9723990000,320.0537216800,313.4410414800,317.2694352800,320.1233288400,12541480,569875435.8400,2.599600,1,-0.891500,71.202556,8.665932,9.211315,259.446198,0
2025-03-12,sz.300604,318.1047212000,319.0792214400,312.5361484000,312.5361484000,317.2694352800,17686073,800985419.5100,3.665900,1,-1.491900,70.140298,8.536646,9.073893,255.575566,0
2025-03-13,sz.300604,313.2322200000,313.6498629600,300.7029312000,305.7842538800,312.5361484000,18170610,797470767.4900,3.766400,1,-2.160400,68.625017,8.352224,8.877865,250.054223,0
2025-03-14,sz.300604,305.5058252400,329.6595097600,304.6705393200,324.4389727600,305.7842538800,45785844,2116489979.0500,9.490400,1,6.100600,72.811565,8.861761,9.419469,265.309067,0
2025-03-17,sz.300604,324.9262228800,326.0399374400,317.0606138000,320.7497932800,324.4389727600,21810729,1004130288.6000,4.520900,1,-1.137100,71.983629,8.760995,9.312361,262.292251,0
2025-03-18,sz.300604,322.0723293200,325.4134730000,318.8007928000,319.4968644000,320.7497932800,16848471,776887061.1700,3.492300,1,-0.390600,71.702443,8.726772,9.275984,261.267672,0
2025-03-19,sz.300604,319.5664715600,320.0537216800,311.8400768000,313.9282916000,319.4968644000,15502981,700149514.7100,3.213400,1,-1.742900,70.452727,8.574671,9.114311,256.713987,0
2025-03-20,sz.300604,314.3459345600,315.4596491200,309.9606834800,310.0302906400,313.9282916000,13381995,600956605.8000,2.773800,1,-1.241700,69.577926,8.468201,9.001140,253.526408,0
2025-03-21,sz.300604,308.9165760800,311.1440052000,301.7470386000,302.7911460000,310.0302906400,18359385,806300067.1000,3.805500,1,-2.335000,67.953295,8.270470,8.790965,247.606617,0
2025-03-24,sz.300604,301.3990028000,307.1763970800,292.3500720000,303.8352534000,302.7911460000,16841806,728865703.2900,3.490900,1,0.344800,68.187617,8.298989,8.821279,248.460433,0
2025-03-25,sz.300604,302.3735030400,305.2970037600,292.4196791600,294.9951440800,303.8352534000,12528453,536259474.4600,2.596900,1,-2.909500,66.203693,8.057529,8.564623,241.231458,0
2025-03-26,sz.300604,294.2990724800,298.7539307200,294.1598581600,294.7167154400,294.9951440800,8958931,381260319.5600,1.857000,1,-0.094400,66.141207,8.049924,8.556540,241.003774,0
2025-03-27,sz.300604,292.4196791600,302.0950744000,290.9579288000,293.6726080400,294.7167154400,12041928,511641017.6700,2.496000,1,-0.354300,65.906886,8.021405,8.526226,240.149958,0
2025-03-28,sz.300604,295.2039655600,300.0068596000,288.8697140000,289.0089283200,293.6726080400,11168500,469088305.5000,2.297400,1,-1.588100,65.241303,7.940398,8.440121,237.724722,0
2025-03-31,sz.300604,287.4775708000,292.2804648400,284.6932844000,290.1226428800,289.0089283200,10259482,424560914.6900,2.110500,1,0.385400,65.492714,7.970997,8.472646,238.640810,0
2025-04-01,sz.300604,291.0275359600,298.8235378800,288.8697140000,294.2990724800,290.1226428800,13252269,559647871.4400,2.726100,1,1.439500,66.435507,8.085743,8.594613,242.076138,0
2025-04-02,sz.300604,293.1157507600,295.8304300000,291.7236075600,293.3941794000,294.2990724800,7929214,334168006.9400,1.631100,1,-0.307500,66.231236,8.060881,8.568186,241.331817,0
2025-04-03,sz.300604,291.6540004000,297.7794304800,291.0275359600,294.9255369200,293.3941794000,10849008,459795919.5500,2.231700,1,0.521900,66.576926,8.102955,8.612908,242.591437,0
2025-04-07,sz.300604,281.9089980000,289.5657856000,248.4279540400,257.4072776800,294.9255369200,26926751,1038938424.1800,5.539000,1,-12.721300,58.107499,7.072156,7.517237,211.730738,0
2025-04-08,sz.300604,262.5582075200,271.4679240000,256.0847416400,262.6278146800,257.4072776800,19501636,735678501.8700,4.011600,1,2.028100,59.285991,7.215589,7.669696,216.024898,0
2025-04-09,sz.300604,257.5464920000,277.5933540800,247.1750251600,275.7835679200,262.6278146800,25902225,998144173.9800,5.328300,1,5.009300,62.255790,7.577037,8.053892,226.846182,0
2025-04-10,sz.300604,280.4472476400,287.6167851200,277.8717827200,278.2198185200,275.7835679200,20118703,816445676.8000,4.138600,1,0.883400,62.805753,7.643972,8.125039,228.850124,0
2025-04-11,sz.300604,274.9482820000,297.1529660400,273.3473173200,289.2177498000,278.2198185200,25816869,1067373075.1400,5.310700,1,3.953000,65.288442,7.946136,8.446219,237.896489,0
2025-04-14,sz.300604,294.5775011200,295.8304300000,285.3893560000,288.0344280800,289.2177498000,19050640,792386403.0000,3.918900,1,-0.409100,65.021317,7.913625,8.411662,236.923145,0
2025-04-15,sz.300604,288.2432495600,288.5216782000,282.7442839200,284.3452486000,288.0344280800,9495497,387665106.4200,1.953300,1,-1.280800,64.188517,7.812266,8.303924,233.888605,0
2025-04-16,sz.300604,285.0413202000,288.1040352400,281.1433192400,285.2501416800,284.3452486000,11004800,450375630.1900,2.263800,1,0.318200,64.392788,7.837127,8.330351,234.632927,0
2025-04-17,sz.300604,283.2315340400,288.6608925200,281.6305693600,281.6305693600,285.2501416800,9890580,405529621.2000,2.034600,1,-1.268900,63.575701,7.737681,8.224646,231.655642,0
2025-04-18,sz.300604,281.5609622000,281.9089980000,276.3404252000,279.4727474000,281.6305693600,7341133,294256038.5300,1.510100,1,-0.766200,63.088591,7.678396,8.161630,229.880722,0
2025-04-21,sz.300604,279.4727474000,283.2315340400,277.9413898800,283.1619268800,279.4727474000,7220968,292403623.1600,1.485400,1,1.320000,63.921392,7.779755,8.269367,232.915262,0
2025-04-22,sz.300604,282.5354624400,288.8001068400,281.3521407200,285.3197488400,283.1619268800,11956590,492008685.8200,2.459600,1,0.762000,64.408502,7.839040,8.332383,234.690182,0
2025-04-23,sz.300604,286.9207135200,292.0716433600,283.6491770000,289.3569641200,285.3197488400,12606202,520793627.2000,2.593200,1,1.415000,65.319869,7.949961,8.450285,238.010999,0
2025-04-24,sz.300604,289.3569641200,291.2363574400,284.8324987200,285.8766061200,289.3569641200,9171218,378259950.7900,1.886600,1,-1.202800,64.534207,7.854339,8.348646,235.148226,0
2025-04-25,sz.300604,286.5726777200,295.8304300000,285.3893560000,294.1598581600,285.8766061200,15390450,644554572.0500,3.165900,1,2.897500,66.404081,8.081918,8.590547,241.961627,0
2025-04-28,sz.300604,293.7422152000,304.3921106800,291.7932147200,302.5823245200,294.1598581600,20611156,886060017.2900,4.239900,1,2.863200,68.305381,8.313322,8.836514,248.889539,0
2025-04-29,sz.300604,297.0833588800,297.2921803600,290.6098930000,292.4196791600,302.5823245200,20056652,844849663.3700,4.125800,1,-3.358600,46.847896,7.646268,6.795797,43.622630,0
2025-04-30,sz.300604,293.0461436000,295.0647512400,291.5147860800,291.5147860800,292.4196791600,12850756,541651380.9100,2.643500,1,-0.309500,46.702925,7.622606,6.774768,43.487640,0
2025-05-06,sz.300604,294.0902510000,298.7539307200,294.0206438400,298.7539307200,291.5147860800,15996934,681697212.1300,3.290700,1,2.483300,47.862692,7.811898,6.943005,44.567562,0
2025-05-07,sz.300604,302.6519316800,304.8793608000,295.1343584000,298.2666806000,298.7539307200,15878412,683395924.5700,3.266300,1,-0.163100,47.784631,7.799157,6.931681,44.494875,0
2025-05-08,sz.300604,297.9186448000,299.3107880000,296.5265016000,298.3362877600,298.2666806000,10424740,446437355.6000,2.144500,1,0.023300,47.795783,7.800977,6.933299,44.505259,0
2025-05-09,sz.300604,298.6147164000,298.6147164000,291.5843932400,293.7422152000,298.3362877600,10209379,431574663.3200,2.100200,1,-1.539900,47.059777,7.680850,6.826533,43.819923,0
2025-05-12,sz.300604,295.8304300000,299.2411808400,293.6030008800,297.6402161600,293.7422152000,12380218,528156335.9800,2.546700,1,1.327000,47.684267,7.782776,6.917122,44.401420,0
2025-05-13,sz.300604,299.9372524400,306.5499326400,296.6657159200,297.0833588800,297.6402161600,16305750,705336926.8000,3.354200,1,-0.187100,47.595054,7.768215,6.904181,44.318349,0
2025-05-14,sz.300604,297.2225732000,305.4362180800,297.1529660400,300.7725383600,297.0833588800,17700638,768627448.9600,3.641200,1,1.241800,48.186089,7.864681,6.989917,44.868694,0
2025-05-15,sz.300604,300.0068596000,300.5637168800,288.5216782000,289.2873569600,300.7725383600,14200645,598263124.1800,2.921200,1,-3.818600,46.346074,7.564363,6.723003,43.155356,0
2025-05-16,sz.300604,290.9579288000,293.5333937200,289.3569641200,290.6098930000,289.2873569600,7344290,307642565.5900,1.510800,1,0.457200,46.557954,7.598945,6.753738,43.352649,0
2025-05-19,sz.300604,289.9834285600,292.2804648400,285.9462132800,289.1481426400,290.6098930000,6949400,288034343.0000,1.429500,1,-0.503000,46.323771,7.560723,6.719767,43.134588,0
2025-05-20,sz.300604,289.4961784400,291.5147860800,288.6608925200,289.3569641200,289.1481426400,6517726,271678724.2800,1.340700,1,0.072200,46.357225,7.566183,6.724620,43.165740,0
2025-05-21,sz.300604,290.6795001600,301.0509670000,289.8442142400,295.2735727200,289.3569641200,17310457,739505621.3800,3.560900,1,2.044700,47.305112,7.720892,6.862122,44.048368,0
2025-05-22,sz.300604,295.2735727200,312.1881126000,294.7863226000,304.7401464800,295.2735727200,33737949,1476559925.6800,6.940200,1,3.206000,48.821730,7.968427,7.082124,45.460574,0
2025-05-23,sz.300604,301.9558600800,306.1322896800,298.2666806000,299.5196094800,304.7401464800,17948814,775869711.8500,3.692200,1,-1.713100,47.985360,7.831919,6.960799,44.681784,0
2025-05-26,sz.300604,303.4872176000,304.0440748800,295.8304300000,299.2411808400,299.5196094800,13271000,570156833.8000,2.730000,1,-0.093000,47.940753,7.824638,6.954328,44.640249,0
2025-05-27,sz.300604,297.9186448000,299.2411808400,291.8628218800,293.8814295200,299.2411808400,10191293,429989016.9100,2.096400,1,-1.791100,47.082080,7.684490,6.829768,43.840691,0
2025-05-28,sz.300604,293.3941794000,294.9255369200,286.0854276000,286.1550347600,293.8814295200,11477483,475666122.7400,2.361000,1,-2.629100,45.844252,7.482458,6.650208,42.688082,0
2025-05-29,sz.300604,286.0854276000,291.3059646000,285.5981774800,290.6795001600,286.1550347600,10204647,424088324.9900,2.099200,1,1.581100,46.569106,7.600765,6.755356,43.363033,0
2025-05-30,sz.300604,290.1922500400,294.0902510000,285.5981774800,286.5726777200,290.6795001600,8436739,349456232.7200,1.735500,1,-1.412800,45.911161,7.493379,6.659914,42.750385,0
2025-06-03,sz.300604,283.5795698400,295.2735727200,283.3011412000,290.3314643600,286.5726777200,11080859,464392696.8600,2.279400,1,1.311600,46.513348,7.591665,6.747268,43.311114,0
2025-06-04,sz.300604,289.9138214000,292.1412505200,288.8001068400,289.7049999200,290.3314643600,7334624,305714216.3900,1.508800,1,-0.215800,46.412983,7.575284,6.732709,43.217659,0
2025-06-05,sz.300604,291.0275359600,296.9441445600,288.6608925200,294.6471082800,289.7049999200,11607309,488653921.0800,2.387700,1,1.705900,47.204747,7.704511,6.847563,43.954914,0
2025-06-06,sz.300604,294.0902510000,296.3176801200,292.6981078000,295.4127870400,294.6471082800,7818633,330831812.1100,1.608400,1,0.259900,47.327415,7.724532,6.865357,44.069136,0
2025-06-09,sz.300604,295.3431798800,296.8049302400,293.6726080400,295.2735727200,295.4127870400,8569156,363256725.7200,1.762700,1,-0.047100,47.305112,7.720892,6.862122,44.048368,0
2025-06-10,sz.300604,295.2735727200,295.3431798800,285.3893560000,286.9903206800,295.2735727200,11367100,472694037.3000,2.338300,1,-2.805300,45.978071,7.504300,6.669620,42.812688,0
2025-06-11,sz.300604,287.4775708000,290.1922500400,286.7814992000,287.2687493200,286.9903206800,6088258,252078688.7200,1.252400,1,0.097000,46.022677,7.511580,6.676090,42.854224,0
2025-06-12,sz.300604,286.5030705600,288.6608925200,285.4589631600,285.8766061200,287.2687493200,6133050,252512189.3000,1.261600,1,-0.484600,45.799645,7.475178,6.643737,42.646546,0
2025-06-13,sz.300604,285.2501416800,288.0344280800,280.3080333200,285.5981774800,285.8766061200,9451160,386042632.6800,1.944200,1,-0.097400,45.755039,7.467897,6.637267,42.605011,0
2025-06-16,sz.300604,284.7628915600,288.6608925200,283.3707483600,285.9462132800,285.5981774800,5510785,226918636.8000,1.133600,1,0.121900,45.810797,7.476998,6.645355,42.656930,0
2025-06-17,sz.300604,285.9462132800,289.7746070800,285.7373918000,287.4079636400,285.9462132800,6681786,275897217.9800,1.374500,1,0.511200,46.044980,7.515220,6.679326,42.874991,0
2025-06-18,sz.300604,287.5471779600,290.5402858400,284.0668199600,288.1040352400,287.4079636400,6808596,280909314.2400,1.400600,1,0.242200,46.156497,7.533421,6.695502,42.978830,0
2025-06-19,sz.300604,287.9648209200,290.6098930000,283.3011412000,284.2060342800,288.1040352400,9098499,375710763.7000,1.871600,1,-1.353000,45.532007,7.431495,6.604913,42.397333,0
2025-06-20,sz.300604,283.9276056400,291.6540004000,283.3011412000,285.6677846400,284.2060342800,9795255,405496308.2200,2.015000,1,0.514300,45.766190,7.469717,6.638884,42.615395,0
2025-06-23,sz.300604,285.0413202000,298.9627522000,282.6050696000,295.5520013600,285.6677846400,21773802,923230724.5600,4.479000,1,3.460000,47.349718,7.728173,6.868592,44.089904,0
2025-06-24,sz.300604,295.6216085200,299.8676452800,295.2735727200,298.6147164000,295.5520013600,14950730,640241900.6000,3.075500,1,1.036300,47.840389,7.808257,6.939769,44.546794,0
2025-06-25,sz.300604,292.4892863200,307.3852185600,291.5843932400,306.0626825200,298.6147164000,26560640,1148170473.8000,5.463700,1,2.494200,49.033611,8.003009,7.112859,45.657868,0
2025-06-26,sz.300604,321.3066505600,324.7174014000,310.7263622400,311.7704696400,306.0626825200,42256606,1926400964.5300,8.692500,1,1.864900,49.948043,8.152257,7.245507,46.509345,0
2025-06-27,sz.300604,313.2322200000,315.8772920800,309.0557904000,309.1253975600,311.7704696400,21298104,953634349.6800,4.381200,1,-0.848400,49.524282,8.083093,7.184036,46.114758,0
2025-06-30,sz.300604,312.2577197600,316.3645422000,310.6567550800,312.6057555600,309.1253975600,16077261,722796810.4200,3.307200,1,1.125900,50.081862,8.174099,7.264919,46.633952,0
2025-07-01,sz.300604,311.8400768000,316.3645422000,311.0047908800,313.3018271600,312.6057555600,16349113,736759591.5100,3.363100,1,0.222700,50.193378,8.192300,7.281096,46.737790,0
2025-07-02,sz.300604,311.9096839600,311.9096839600,304.5313250000,305.7146467200,313.3018271600,13834670,611364526.7300,2.845900,1,-2.421700,48.977853,7.993908,7.104771,45.605949,0
2025-07-03,sz.300604,305.9234682000,310.7263622400,305.4362180800,310.0998978000,305.7146467200,10510570,465283508.7000,2.162100,1,1.434400,49.680404,8.108575,7.206683,46.260132,0
2025-07-04,sz.300604,310.0998978000,317.6174710800,307.1763970800,311.7704696400,310.0998978000,18091126,812390457.9100,3.721500,1,0.538700,49.948043,8.152257,7.245507,46.509345,0
2025-07-07,sz.300604,314.9723990000,317.6174710800,311.2136123600,312.3273269200,311.7704696400,13945653,628950953.7500,2.868700,1,0.178600,50.037255,8.166818,7.258449,46.592416,0
2025-07-08,sz.300604,312.3969340800,316.4341493600,309.4038262000,313.2322200000,312.3273269200,17547800,791389739.1500,3.609700,1,0.289700,50.182226,8.190480,7.279478,46.727406,0
2025-07-09,sz.300604,312.5361484000,312.9537913600,305.0185751200,306.2715040000,313.2322200000,18814174,833811682.4500,3.870200,1,-2.222200,49.067066,8.008469,7.117712,45.689020,0
2025-07-10,sz.300604,305.5058252400,307.3156114000,303.8352534000,305.2970037600,306.2715040000,11891837,521771667.8400,2.446200,1,-0.318200,48.910943,7.982988,7.095065,45.543645,0
2025-07-11,sz.300604,304.8793608000,310.3087192800,300.1460739200,308.8469689200,305.2970037600,15538900,684690448.7600,3.196500,1,1.162800,49.479675,8.075813,7.177566,46.073223,0
2025-07-14,sz.300604,307.4548257200,309.2646118800,305.8538610400,305.9930753600,308.8469689200,8654125,381564037.3100,1.780200,1,-0.924000,49.022459,8.001189,7.111241,45.647484,0
2025-07-15,sz.300604,305.9930753600,311.2136123600,305.5754324000,307.6636472000,305.9930753600,13394980,593232007.1500,2.755500,1,0.546000,49.290098,8.044871,7.150065,45.896697,0
2025-07-16,sz.300604,307.1067899200,312.2577197600,305.6450395600,309.1950047200,307.6636472000,12147301,540063026.0700,2.498800,1,0.497700,49.535433,8.084914,7.185654,46.125142,0
2025-07-17,sz.300604,308.4293259600,313.0233985200,306.4107183200,312.4665412400,309.1950047200,13785971,613108076.5000,2.835900,1,1.058100,50.059559,8.170459,7.261684,46.613184,0
2025-07-18,sz.300604,311.5596376200,313.9315650000,308.1412716900,311.0015370600,312.4665510300,14773942,657149463.1600,3.039100,1,-0.468900,49.713859,8.114035,7.211536,46.291284,0
2025-07-21,sz.300604,311.0712996300,311.4898750500,308.3505594000,309.6062856600,311.0015370600,11486042,510059221.2200,2.362800,1,-0.448600,49.490827,8.077633,7.179183,46.083607,0
2025-07-22,sz.300604,305.7693443100,309.4667605200,297.9559364700,306.3972074400,309.6062856600,24759097,1081221757.8300,5.099100,1,-1.036500,41.293028,7.318960,6.469246,188.912679,0
2025-07-23,sz.300604,306.6762577200,316.0244421000,306.5367325800,314.0710901400,306.3972074400,33686996,1512868585.3400,6.937800,1,2.504600,42.327235,7.502267,6.631272,193.644098,0
2025-07-24,sz.300604,315.0477661200,318.6754197600,312.1875007500,314.8384784100,314.0710901400,23371160,1055146707.3700,4.813200,1,0.244300,42.430655,7.520598,6.647475,194.117240,0
2025-07-25,sz.300604,314.8384784100,316.7220678000,311.2108247700,316.0942046700,314.8384784100,17508761,787759694.6500,3.605900,1,0.398800,42.599889,7.550594,6.673988,194.891472,0
2025-07-28,sz.300604,317.9777940600,318.7451823300,313.1641767300,314.5594281300,316.0942046700,15223720,688079626.5500,3.135300,1,-0.485500,42.393048,7.513932,6.641583,193.945188,0
2025-07-29,sz.300604,312.7456013100,315.5361041100,311.7689253300,314.2803778500,314.5594281300,13459781,604779345.8400,2.772000,1,-0.088700,42.355440,7.507267,6.635691,193.773137,0
2025-07-30,sz.300604,313.2339393000,314.9780035500,307.1645957100,309.3272353800,314.2803778500,15381000,686726002.9400,3.167700,1,-1.576000,41.687907,7.388950,6.531111,190.719221,0
2025-07-31,sz.300604,308.7691348200,312.2572633200,301.7231152500,303.0486040800,309.3272353800,16492737,724854585.8100,3.396600,1,-2.029800,40.841738,7.238971,6.398544,186.848059,0
2025-08-01,sz.300604,303.4671795000,308.9086599600,300.8162018400,304.7229057600,303.0486040800,13421970,587576382.0800,2.764200,1,0.552500,41.067383,7.278966,6.433895,187.880369,0
2025-08-04,sz.300604,303.8159923500,310.0248610800,302.4207409500,307.7924588400,304.7229057600,11331107,498523185.2500,2.333600,1,1.007300,41.481066,7.352289,6.498705,189.772937,0
2025-08-05,sz.300604,307.3041208500,308.0017465500,305.9088694500,307.2343582800,307.7924588400,9368590,412038134.4800,1.929400,1,-0.181300,41.405851,7.338957,6.486922,189.428833,0
2025-08-06,sz.300604,306.9553080000,311.4898750500,305.0019560400,310.1643862200,307.2343582800,11492640,508332285.5100,2.366900,1,0.953700,41.800730,7.408947,6.548786,191.235375,0
2025-08-07,sz.300604,310.7922493500,315.3965789700,308.7691348200,311.6991627600,310.1643862200,20056362,897561605.5800,4.130600,1,0.494800,42.007571,7.445609,6.581191,192.181659,0
2025-08-08,sz.300604,311.5596376200,311.6294001900,305.2810063200,305.6298191700,311.6991627600,13210475,581673661.2700,2.720700,1,-1.947200,41.189608,7.300629,6.453044,188.439537,0
2025-08-11,sz.300604,305.5600566000,309.6062856600,304.8624309000,307.2343582800,305.6298191700,11347023,500379170.4400,2.336900,1,0.525000,41.405851,7.338957,6.486922,189.428833,0
2025-08-12,sz.300604,307.3041208500,312.5363136000,304.5833806200,311.8386879000,307.2343582800,18983275,840350521.1000,3.909600,1,1.498600,42.026375,7.448942,6.584137,192.267685,0
2025-08-13,sz.300604,311.6294001900,317.1406432200,310.3039113600,316.2337298100,311.8386879000,25310641,1143703659.3200,5.212700,1,1.409400,42.618693,7.553927,6.676934,194.977498,0
2025-08-14,sz.300604,317.4894560700,322.1635482600,311.4898750500,312.8153638800,316.2337298100,26203279,1191210080.8700,5.396500,1,-1.081000,42.158001,7.472272,6.604759,192.869866,0
2025-08-15,sz.300604,311.4201124800,319.6520957400,311.2805873400,318.3963694800,312.8153638800,22265460,1009254294.5200,4.585500,1,1.784100,42.910151,7.605586,6.722596,196.310898,0
2025-08-18,sz.300604,320.7682968600,362.0677383000,318.3963694800,345.6735343500,318.3963694800,58091392,2821194718.6900,11.963800,1,8.567000,46.586283,8.257160,7.298523,213.128944,0
2025-08-19,sz.300604,346.0223472000,346.3013974800,336.5346376800,337.7903639400,345.6735343500,30265570,1477792225.7500,6.233100,1,-2.280500,45.523872,8.068854,7.132079,208.268486,0
2025-08-20,sz.300604,336.1160622600,345.2549589300,330.1862438100,344.9759086500,337.7903639400,32934742,1596265547.2900,6.782800,1,2.127200,46.492264,8.240496,7.283794,212.698815,0
2025-08-21,sz.300604,345.3247215000,348.0454617300,338.4182270700,340.1622913200,344.9759086500,26481280,1300777490.4100,5.453800,1,-1.395300,45.843535,8.125512,7.182159,209.730925,0
2025-08-22,sz.300604,340.1622913200,361.9282131600,339.6041907600,356.8355455500,340.1622913200,51203761,2588069825.2900,10.545300,1,4.901600,48.090583,8.523789,7.534197,220.011009,0
2025-08-25,sz.300604,362.7653640000,379.4386182300,353.2078919100,357.9517466700,356.8355455500,53755778,2785849189.0900,11.070900,1,0.312800,48.241013,8.550452,7.557765,220.699215,0
2025-08-26,sz.300604,353.9752801800,362.8351265700,350.2778639700,355.3705315800,357.9517466700,33419675,1706433382.3300,6.882700,1,-0.721100,47.893144,8.488794,7.503265,219.107738,0
2025-08-27,sz.300604,356.6960204100,426.4585904100,353.9055176100,415.7151546300,355.3705315800,126532140,7356357328.7000,26.059000,1,16.980800,56.025764,9.930256,8.777377,256.313901,0
2025-08-28,sz.300604,418.6451825700,436.0160625000,407.6226965100,427.7840792400,415.7151546300,95350434,5778191223.4300,19.637200,1,2.903200,57.652288,10.218548,9.032199,263.755133,0
2025-08-29,sz.300604,424.1564256000,429.3886183500,405.8088696900,416.8313557500,427.7840792400,64807822,3866722720.7400,13.347000,1,-2.560300,56.176194,9.956919,8.800944,257.002107,0
2025-09-01,sz.300604,422.3425987800,450.3173893500,403.5067048800,436.0160625000,416.8313557500,78283692,4770825952.0300,16.122300,1,4.602500,58.761709,10.415187,9.206008,268.830656,0
2025-09-02,sz.300604,442.5039815100,443.0620820700,408.1807970700,410.9712998700,436.0160625000,54932429,3320491573.0500,11.313200,1,-5.744000,55.386437,9.816938,8.677215,253.389023,0
2025-09-03,sz.300604,414.9477663600,428.5514675100,408.4598473500,414.1106155200,410.9712998700,45034249,2701118538.0400,9.274700,1,0.763900,55.809521,9.891928,8.743498,255.324604,0
2025-09-04,sz.300604,416.8313557500,420.6682971000,372.2530735200,377.8340791200,414.1106155200,56655606,3168632449.0900,11.668100,1,-8.760100,50.920547,9.025384,7.977559,232.957893,0
2025-09-05,sz.300604,381.6710204700,400.4371518000,376.3690651500,398.0652244200,377.8340791200,38111635,2109174503.4300,7.849000,1,5.354500,53.647090,9.508649,8.404717,245.431636,0
2025-09-08,sz.300604,403.6462300200,410.6224870200,394.8561462000,408.1110345000,398.0652244200,35657666,2063681590.7200,7.343600,1,2.523700,55.000960,9.748615,8.616824,251.625494,0
2025-09-09,sz.300604,405.8786322600,406.0181574000,385.0893864000,388.6472774700,408.1110345000,26338089,1488526674.4500,5.424300,1,-4.769200,52.377837,9.283681,8.205868,239.624893,0
2025-09-10,sz.300604,390.0425288700,400.9952523600,387.8798892000,393.8097076500,388.6472774700,22031937,1245073187.9600,4.537400,1,1.328300,53.073576,9.406997,8.314867,242.807848,0
2025-09-11,sz.300604,390.8796797100,417.5289814500,387.9496517700,412.2967887000,393.8097076500,38791765,2256436226.8600,7.989100,1,4.694400,55.565072,9.848601,8.705201,254.206268,0
2025-09-12,sz.300604,424.2261881700,437.8298893200,415.4361043500,426.8771658300,412.2967887000,47316330,2909551275.7500,9.744700,1,3.536400,57.530064,10.196884,9.013050,263.195965,0
2025-09-15,sz.300604,433.9929479700,435.1091490900,409.7853361800,417.5987440200,426.8771658300,33759079,2019753690.4200,6.952600,1,-2.173600,56.279615,9.975249,8.817147,257.475249,0
2025-09-16,sz.300604,418.5754200000,426.5981155500,414.2501406600,416.6220680400,417.5987440200,26435039,1584695075.4600,5.444200,1,-0.233900,56.147989,9.951919,8.796525,256.873068,0
2025-09-17,sz.300604,418.6451825700,454.1543307000,417.1801686000,451.7126407500,416.6220680400,48981176,3078968466.1100,10.087600,1,8.422600,60.877131,10.790134,9.537425,278.508560,0
2025-09-18,sz.300604,465.6651547500,480.5245821600,444.1085206200,452.6893167300,451.7126407500,56638185,3750239228.7500,11.664500,1,0.216200,61.008757,10.813464,9.558046,279.110740,0
2025-09-19,sz.300604,459.5260485900,468.3161324100,445.0851966000,446.4106854300,452.6893167300,34410608,2244184863.4300,7.086800,1,-1.387000,60.162589,10.663485,9.425480,275.239579,0
2025-09-22,sz.300604,446.5502105700,472.9902246000,446.4804480000,466.6418307300,446.4106854300,38231839,2515256453.8000,7.873800,1,4.532000,62.889132,11.146750,9.852638,287.713321,0
2025-09-23,sz.300604,559.9841493900,559.9841493900,543.3108951600,559.9841493900,466.6418307300,53037424,4240697124.1700,10.922900,1,20.003000,75.468839,13.376433,11.823461,345.264588,0
2025-09-24,sz.300604,607.0738841400,671.9530742400,601.4928785400,671.9530742400,559.9841493900,123924507,11289732801.9700,25.521900,1,19.995000,90.558846,16.051053,14.187564,414.300300,0
2025-09-25,sz.300604,681.7895966100,694.1375715000,644.6061468000,659.8841496300,671.9530742400,111816886,10587162080.0200,23.028400,1,-1.796100,88.932321,15.762760,13.932741,406.859068,0
2025-09-26,sz.300604,656.6750714100,674.3250016200,628.6305182700,666.9301692000,659.8841496300,110585252,10361598436.8500,22.774800,1,1.067800,89.881911,15.931070,14.081510,411.203371,0
2025-09-29,sz.300604,662.7444150000,746.3897364300,659.6050993500,726.3678788400,666.9301692000,111226172,11046704195.4900,22.906800,1,8.912100,97.892307,17.350868,15.336473,447.850366,0
2025-09-30,sz.300604,725.5307280000,751.0638286200,683.7429485700,694.9747223400,726.3678788400,94031734,9636292006.6300,19.365600,1,-4.321900,93.661464,16.600975,14.673641,428.494559,0
2025-10-09,sz.300604,705.9972084000,715.6942056300,662.7444150000,666.5115937800,694.9747223400,81266638,8047662455.8200,16.736700,1,-4.095600,89.825499,15.921071,14.072673,410.945294,0
2025-10-10,sz.300604,659.3260490700,688.9751413200,652.3497920700,661.0003507500,666.5115937800,64597575,6185127858.0300,13.303700,1,-0.826900,89.082751,15.789423,13.956309,407.547274,0
2025-10-13,sz.300604,641.8854065700,666.3023060700,634.5603367200,643.6294708200,661.0003507500,58747419,5468588237.3900,12.098900,1,-2.628000,86.741685,15.374482,13.589541,396.837061,0
2025-10-14,sz.300604,652.2800295000,655.4891077200,583.2150852000,585.5172500100,643.6294708200,78044126,6849536056.4900,16.073000,1,-9.028800,78.909924,13.986346,12.362564,361.007311,0
2025-10-15,sz.300604,586.2148757100,595.5630600900,579.8664818400,591.4470684600,585.5172500100,49718190,4194761616.1200,10.239300,1,1.012700,79.709084,14.127993,12.487766,364.663408,0
2025-10-16,sz.300604,586.0055880000,610.0736746500,582.0988840800,592.9818450000,591.4470684600,47788048,4085074680.9200,9.841800,1,0.259500,79.915925,14.164654,12.520171,365.609692,0
2025-10-17,sz.300604,592.9818450000,596.5397360700,575.1226270800,577.8433673100,592.9818450000,36398859,3043133268.9500,7.496300,1,-2.552900,77.875718,13.803039,12.200539,356.275892,0
2025-10-20,sz.300604,590.1913422000,593.0516075700,568.5649455000,572.4018868500,577.8433673100,37218822,3096288072.5400,7.665100,1,-0.941700,77.142372,13.673057,12.085648,352.920885,0
2025-10-21,sz.300604,574.8435768000,594.8654343900,565.2163421400,592.0749315900,572.4018868500,49050062,4091350603.0300,10.101700,1,3.436900,79.793700,14.142990,12.501023,365.050524,0
2025-10-22,sz.300604,581.8198338000,608.8179483900,575.6109650700,595.0747221000,592.0749315900,47620667,4039817827.3000,9.807400,1,0.506700,80.197981,14.214647,12.564360,366.900079,0
2025-10-23,sz.300604,584.1219986100,587.7496522500,568.7044706400,582.0291215100,595.0747221000,30077860,2495328440.2900,6.194500,1,-2.192300,78.439831,13.903025,12.288916,358.856666,0
2025-10-24,sz.300604,591.5865936000,619.4916216000,586.2148757100,618.2358953400,582.0291215100,64777200,5620148646.1200,13.340700,1,6.220800,83.319403,14.767902,13.053383,381.180364,0
2025-10-27,sz.300604,631.2117333600,648.0245127300,621.6542612700,633.5138981700,618.2358953400,69962662,6365268454.8100,14.408600,1,2.471200,85.378413,15.132850,13.375962,390.600190,0
2025-10-28,sz.300604,621.8635489800,638.3275155000,610.2131997900,614.9570545500,633.5138981700,51144905,4569079649.2900,10.533200,1,-2.929200,82.877515,14.689579,12.984154,379.158757,0
2025-10-29,sz.300604,605.8879204500,645.4432976400,605.8879204500,645.4432976400,614.9570545500,55443028,4999820174.3700,11.418400,1,4.957500,86.986134,15.417809,13.627838,397.955397,0
2025-10-30,sz.300604,643.9085211000,654.2333814600,613.9106160000,613.9106160000,645.4432976400,53579508,4848077704.2300,11.034600,1,-4.885400,57.407829,12.904869,11.357385,192.794124,0
2025-10-31,sz.300604,626.1888283200,626.3283534600,581.2617332400,583.2150852000,613.9106160000,43033830,3665868533.4200,8.862700,1,-5.000000,54.537437,12.259625,10.789516,183.154418,0
2025-11-03,sz.300604,576.5876410500,582.5174595000,550.2871521600,574.9831019400,583.2150852000,46042360,3729955402.4000,9.482300,1,-1.411500,53.767650,12.086583,10.637224,180.569224,0
2025-11-04,sz.300604,572.0530740000,579.0293310000,562.2863142000,567.2394566700,574.9831019400,24993333,2044940478.6300,5.147300,1,-1.346800,53.043529,11.923805,10.493966,178.137389,0
2025-11-05,sz.300604,551.1243030000,564.9372918600,549.1709510400,557.2634091600,567.2394566700,25262457,2014213633.1200,5.202700,1,-1.758700,52.110652,11.714101,10.309408,175.004484,0
2025-11-06,sz.300604,565.1465795700,587.1915516900,557.4726968700,580.8431578200,557.2634091600,39946357,3295832306.7200,8.226900,1,4.231300,54.315634,12.209766,10.745635,182.409532,0
2025-11-07,sz.300604,572.1925991400,589.2146662200,569.2625712000,578.6107555800,580.8431578200,25214677,2090585718.8400,5.192900,1,-0.384300,54.106878,12.162839,10.704336,181.708462,0
2025-11-10,sz.300604,576.3783533400,586.7032137000,561.5886885000,573.1692751200,578.6107555800,26218830,2156140223.8600,5.356300,1,-0.940400,53.932714,12.123688,10.669879,181.123560,0
2025-11-11,sz.300604,581.1222081000,589.0751410800,555.2402946300,556.4262583200,573.1692751200,28941196,2360187956.2700,5.912400,1,-2.921100,52.357269,11.769539,10.358198,175.832706,0
2025-11-12,sz.300604,550.2173895900,563.4025153200,542.8923197400,555.3100572000,556.4262583200,21520390,1703236716.7000,4.396400,1,-0.200600,52.252240,11.745929,10.337420,175.479983,0
2025-11-13,sz.300604,555.4495823400,565.0768170000,551.1243030000,560.1934371000,555.3100572000,19355133,1548644320.7500,3.954100,1,0.879400,52.711744,11.849223,10.428327,177.023148,0
2025-11-14,sz.300604,552.5195544000,566.3325432600,542.8225571700,548.4035627700,560.1934371000,19788368,1568707630.9400,4.042600,1,-2.104600,51.602369,11.599843,10.208851,173.297505,0
2025-11-17,sz.300604,551.1243030000,555.7286326200,532.6372219500,537.1717890000,548.4035627700,22117642,1713977763.2500,4.518400,1,-2.048100,50.545508,11.362268,9.999765,169.748224,0
2025-11-18,sz.300604,534.3812862000,564.2396661600,533.6836605000,551.8219287000,537.1717890000,34084467,2705338709.2400,6.963200,1,2.727300,51.924022,11.672148,10.272486,174.377721,0
2025-11-19,sz.300604,547.4268867900,561.1003505100,543.6597080100,547.2873616500,551.8219287000,18476920,1458256274.3300,3.774700,1,-0.821700,51.497339,11.576233,10.188072,172.944782,0
2025-11-20,sz.300604,553.9148058000,557.5424594400,538.9856158200,539.6134789500,547.2873616500,14633078,1143772102.5000,2.989400,1,-1.402200,50.775260,11.413915,10.045219,170.519807,0
2025-11-21,sz.300604,527.4747917700,536.9625012900,513.4525152000,513.4525152000,539.6134789500,21027265,1574227820.6400,4.295700,1,-4.848100,48.313629,10.860558,9.558217,162.252848,0
2025-11-24,sz.300604,516.2430180000,525.6609649500,508.7784230100,513.5920403400,513.4525152000,20063677,1483106713.9300,4.098800,1,0.027200,48.326757,10.863509,9.560814,162.296939,0
2025-11-25,sz.300604,521.6844984600,539.5437163800,520.4287722000,528.3119426100,513.5920403400,21831203,1662733926.5800,4.459900,1,2.866100,49.711835,11.174865,9.834834,166.948481,0
2025-11-26,sz.300604,523.8471381300,545.2642471200,522.3821241600,537.1717890000,528.3119426100,23395372,1805161076.2400,4.779500,1,1.677000,50.545508,11.362268,9.999765,169.748224,0
2025-11-27,sz.300604,541.3575432000,549.7290516000,528.7305180300,529.5676688700,537.1717890000,20034431,1547766435.6800,4.092900,1,-1.415600,49.829994,11.201426,9.858210,167.345295,0
2025-11-28,sz.300604,531.8000711100,540.6599175000,526.0097778000,537.9391772700,529.5676688700,17800702,1364627383.9800,3.636500,1,1.580800,50.617716,11.378500,10.014051,169.990722,0
2025-12-01,sz.300604,523.2192750000,564.9372918600,522.3821241600,553.9845683700,537.9391772700,34932390,2751319832.5000,7.136400,1,2.982800,52.127517,11.717892,10.312745,175.061123,0
2025-12-02,sz.300604,551.2638281400,558.9377108400,544.9154342700,548.8919007600,553.9845683700,18362910,1451891319.7200,3.751400,1,-0.919300,51.648319,11.610172,10.217942,173.451822,0
2025-12-03,sz.300604,549.8685767400,595.4235349500,549.8685767400,570.7275851700,548.8919007600,53875749,4473998887.8000,11.006300,1,3.978100,53.702961,12.072041,10.624426,180.351977,0
2025-12-04,sz.300604,575.5412025000,619.5613841700,568.5649455000,610.4224875000,570.7275851700,63285012,5418902916.5300,12.928600,1,6.955100,57.438077,12.911668,11.363369,192.895710,0
2025-12-05,sz.300604,599.9581020000,607.0738841400,586.5636885600,597.3768869100,610.4224875000,42671663,3644598452.2000,8.717400,1,-2.137100,56.210544,12.635728,11.120518,188.773253,0
2025-12-08,sz.300604,592.9818450000,615.4453925400,590.8192053300,612.6548897400,597.3768869100,42861494,3718811721.6800,8.756200,1,2.557500,57.648137,12.958888,11.404927,193.601157,0
2025-12-09,sz.300604,604.1438562000,620.7473478600,593.0516075700,607.7715098400,612.6548897400,34362004,2988577457.7400,7.019900,1,-0.797100,57.188632,12.855595,11.314020,192.057991,0
2025-12-10,sz.300604,600.6557277000,631.3512585000,600.6557277000,627.8631300000,607.7715098400,43295555,3836906183.8900,8.844900,1,3.305800,59.079165,13.280573,11.688037,198.407016,0
2025-12-11,sz.300604,632.0488842000,635.1881998500,617.6080322100,622.1425992600,627.8631300000,32810529,2949323499.3100,6.702900,1,-0.911100,58.540888,13.159572,11.581546,196.599307,0
2025-12-12,sz.300604,628.1421802800,662.7444150000,615.5849176800,652.2800295000,622.1425992600,52229824,4813074840.1700,10.670100,1,4.844100,61.376688,13.797040,12.142572,206.122844,0
2025-12-15,sz.300604,649.0011887100,651.5824038000,609.0272361000,619.4916216000,652.2800295000,38262464,3432739883.2600,7.816700,1,-5.026700,58.291443,13.103499,11.532197,195.761589,0
2025-12-16,sz.300604,624.3750015000,627.1655043000,599.9581020000,610.8410629200,619.4916216000,31136108,2737642665.4400,6.360800,1,-1.396400,57.477463,12.920522,11.371162,193.027981,0
2025-12-17,sz.300604,609.5853366600,630.5838702300,601.2138282600,627.7236048600,610.8410629200,27205350,2410676887.3100,5.557800,1,2.763800,59.066037,13.277622,11.685440,198.362925,0
2025-12-18,sz.300604,620.6775852900,630.7233953700,612.8641774500,617.3289819300,627.7236048600,18863509,1675820021.5700,3.853600,1,-1.655900,58.087948,13.057755,11.491938,195.078187,0
2025-12-19,sz.300604,620.8868730000,627.7933674300,605.5391076000,608.6784232500,617.3289819300,19942207,1754810936.6500,4.074000,1,-1.401300,57.273969,12.874778,11.330903,192.344579,0
2025-12-22,sz.300604,611.3991634800,664.3489541100,611.3294009100,659.7446244900,608.6784232500,40665591,3805751532.0400,8.307600,1,8.389700,62.079074,13.954931,12.281530,208.481683,0
2025-12-23,sz.300604,658.3493730900,685.0684374000,657.7912725300,677.3247921300,659.7446244900,35103119,3382305391.0500,7.171300,1,2.664700,63.733291,14.326787,12.608795,214.037079,0
2025-12-24,sz.300604,677.3247921300,696.8583117300,662.1165518700,689.1844290300,677.3247921300,32607759,3184808109.3900,6.661500,1,1.751000,64.849230,14.577643,12.829569,217.784767,0
2025-12-25,sz.300604,696.9280743000,765.0163426200,690.7192055700,741.2273062500,689.1844290300,54594803,5738468059.5400,11.153200,1,7.551400,69.746237,15.678455,13.798377,234.230504,0
2025-12-26,sz.300604,750.0871526400,754.2729068400,726.1585911300,732.7162727100,741.2273062500,32270303,3400652168.0600,6.592500,1,-1.148200,68.945386,15.498429,13.639939,231.540987,0
2025-12-29,sz.300604,744.5061470400,759.3655744500,732.5069850000,739.5530045700,732.7162727100,28878598,3082067847.2900,5.899600,1,0.933100,69.588692,15.643040,13.767209,233.701419,0
2025-12-30,sz.300604,743.9480464800,781.3407840000,730.2745827600,737.3903649000,739.5530045700,38077161,4099787810.5300,7.778800,1,-0.292400,69.385197,15.597296,13.726950,233.018017,0
2025-12-31,sz.300604,767.5277951400,774.3645270000,703.1369430300,706.7645966700,737.3903649000,33668850,3473376128.5400,6.878200,1,-4.153300,66.503447,14.949499,13.156834,223.340164,0
2026-01-05,sz.300604,711.7177391400,746.1804487200,711.5782140000,739.4832420000,706.7645966700,36926491,3865610099.9700,7.543800,1,4.629400,69.582128,15.641564,13.765910,233.679374,0
2026-01-06,sz.300604,752.7381303000,821.5937868900,737.3903649000,776.6666918100,739.4832420000,43938975,4906848641.8800,8.976300,1,5.028300,73.080927,16.428069,14.458102,245.429478,0
2026-01-07,sz.300604,802.2695550000,905.8669714500,786.9217896000,878.3107563000,776.6666918100,60122809,7123268315.1700,12.282600,1,13.087200,82.645188,18.578046,16.350265,277.549370,0
2026-01-08,sz.300604,871.9623624300,891.5656446000,854.5914825000,862.6141780500,878.3107563000,35153053,4383991597.1800,7.181500,1,-1.787100,81.168209,18.246032,16.058064,272.589194,0
2026-01-09,sz.300604,844.0573344300,875.5202535000,823.8959517000,862.2653652000,862.6141780500,36485949,4451707633.3400,7.453800,1,-0.040400,81.135387,18.238654,16.051571,272.478968,0
2026-01-12,sz.300604,872.7297507000,912.4944156000,860.1724881000,897.5652256200,862.2653652000,46119961,5857833101.7300,9.421900,1,4.093900,84.456949,18.985317,16.708699,283.633851,0
2026-01-13,sz.300604,888.6356166600,899.1697647300,851.1033540000,856.7541221700,897.5652256200,33490339,4172951882.4200,6.841800,1,-4.546900,80.616803,18.122080,15.948976,270.737395,0
2026-01-14,sz.300604,863.8699043100,931.3303095000,849.0802394700,900.2859658500,856.7541221700,41388743,5324948364.8000,8.455400,1,5.081000,84.712959,19.042866,16.759347,284.493615,0
2026-01-15,sz.300604,886.4729769900,960.5608263300,882.0779350800,957.8400861000,900.2859658500,40268958,5292998775.0700,8.226600,1,6.392900,90.128549,20.260252,17.830750,302.680925,0
2026-01-16,sz.300604,958.5377118000,999.9069158100,939.7715804700,966.2115945000,957.8400861000,50686018,7037189209.4500,10.354700,1,0.874000,90.916271,20.437327,17.986591,305.326352,0
2026-01-19,sz.300604,969.6997230000,990.5587314300,939.3530050500,964.4675302500,966.2115945000,29017139,4001522737.9000,5.927900,1,-0.180500,90.752162,20.400436,17.954124,304.775221,0
2026-01-20,sz.300604,956.8634101200,979.5362453700,934.8882005700,952.2590805000,964.4675302500,25696572,3509766718.7100,5.249600,1,-1.265800,89.603401,20.142203,17.726856,300.917307,0
2026-01-21,sz.300604,953.6543319000,1010.7201141600,941.7946950000,966.9092202000,952.2590805000,33297328,4640068912.9900,6.802300,1,1.538500,90.981915,20.452083,17.999577,305.546804,0
2026-01-22,sz.300604,975.9783543000,976.6759800000,917.3777955000,940.1203933200,966.9092202000,33975394,4553862426.8000,6.940900,1,-2.770600,88.461204,19.885445,17.500888,297.081438,0
2026-01-23,sz.300604,927.1445553000,982.9546113000,905.5181586000,977.3736057000,940.1203933200,33628724,4530789009.5800,6.870100,1,3.962600,91.966567,20.673426,18.194378,308.853588,0
2026-01-26,sz.300604,956.5843598400,960.3515386200,900.0069155700,908.0993736900,977.3736057000,32222774,4228243022.6700,6.582800,1,-7.087800,85.448166,19.208136,16.904798,286.962680,0
2026-01-27,sz.300604,903.1462312200,929.3769575400,890.1703932000,914.1687172800,908.0993736900,28145884,3676352790.6600,5.750400,1,0.668400,86.019265,19.336515,17.017782,288.880615,0
2026-01-28,sz.300604,918.0056586300,933.6324743100,899.6581027200,925.6795413300,914.1687172800,25744504,3379244227.9700,5.259800,1,1.259200,87.102383,19.579992,17.232063,292.518077,0
2026-01-29,sz.300604,922.9588011000,948.2128514400,875.1714406500,876.3574043400,925.6795413300,39552311,5132580083.5100,8.080900,1,-5.328200,82.461386,18.536729,16.313903,276.932103,0
2026-01-30,sz.300604,868.1254210800,898.1233261800,847.0571249400,889.6820552100,876.3574043400,32934983,4139684991.5300,6.728900,1,1.520500,83.715177,18.818572,16.561949,281.142741,0
2026-02-02,sz.300604,868.7532842100,875.4504909300,837.1508400000,841.4063567700,889.6820552100,31479513,3836420266.1800,6.431500,1,-5.426200,79.172646,17.797444,15.663269,265.887446,0
2026-02-03,sz.300604,879.0083820000,905.5181586000,862.9629909000,900.9835915500,841.4063567700,31445602,3999797170.9800,6.424600,1,7.080700,84.778602,19.057623,16.772333,284.714067,0
2026-02-04,sz.300604,889.5425300700,922.4007005400,887.5891781100,904.4019574800,900.9835915500,20070443,2601551754.6700,4.100600,1,0.379400,85.100255,19.129928,16.835968,285.794283,0
2026-02-05,sz.300604,885.9846390000,903.4252815000,865.1256305700,894.7049602500,904.4019574800,19214027,2432567460.6600,3.925600,1,-1.072200,84.187811,18.924817,16.655453,282.729997,0
2026-02-06,sz.300604,880.7524462500,903.9833820600,872.1716501400,879.2176697100,894.7049602500,15723198,2000628310.2100,3.212400,1,-1.731000,82.730524,18.597229,16.367148,277.835957,0
2026-02-09,sz.300604,899.9371530000,916.1918318100,884.6591501700,913.4710915800,879.2176697100,21884714,2834856375.5600,4.471200,1,3.895900,85.953621,19.321759,17.004795,288.660162,0
2026-02-10,sz.300604,896.4490245000,911.8665524700,879.8455328400,894.3561474000,913.4710915800,20086169,2570741367.8500,4.103800,1,-2.092600,84.154989,18.917439,16.648960,282.619771,0
2026-02-11,sz.300604,892.9608960000,910.4015385000,884.4498624600,899.2395273000,894.3561474000,14842421,1916258560.8200,3.032400,1,0.546000,84.614493,19.020732,16.739867,284.162937,0
2026-02-12,sz.300604,907.3319854200,924.3540525000,892.9608960000,901.3324044000,899.2395273000,17840259,2312141015.4900,3.644900,1,0.232700,84.811424,19.065001,16.778827,284.824293,0
2026-02-13,sz.300604,892.8213708600,934.7486754300,889.5425300700,911.0294016300,901.3324044000,21477705,2824150330.5300,4.388100,1,1.075900,85.723869,19.270112,16.959342,287.888580,0
2026-02-24,sz.300604,922.8192759600,940.5389687400,887.5891781100,921.2147368500,911.0294016300,20404659,2674438018.0800,4.168800,1,1.118000,86.682264,19.485552,17.148948,291.107182,0
2026-02-25,sz.300604,941.6551698600,994.1166225000,893.1004211400,976.5364548600,921.2147368500,35296782,4778626587.3200,7.211400,1,6.005300,91.887795,20.655718,18.178794,308.589045,0
2026-02-26,sz.300604,975.5597788800,1054.1124327000,933.9812871600,1033.8812874000,976.5364548600,38516184,5485692259.7900,7.869200,1,5.872300,97.283692,21.868677,19.246301,326.710219,0
2026-02-27,sz.300604,1003.8833823000,1021.6030750800,981.5593599000,1008.0691365000,1033.8812874000,24933034,3570892859.4400,5.094000,1,-2.496600,94.854882,21.322698,18.765793,318.553486,0
2026-03-02,sz.300604,980.8617342000,1026.3469298400,977.5131308400,978.0712314000,1008.0691365000,22919586,3279567910.9500,4.682700,1,-2.975800,92.032211,20.688182,18.207365,309.074040,0
2026-03-03,sz.300604,985.7451141000,987.1403655000,897.0071250600,899.2395273000,978.0712314000,24915751,3329332240.7100,5.090500,1,-8.059900,84.614493,19.020732,16.739867,284.162937,0
2026-03-04,sz.300604,883.1243736300,920.0287731600,883.1243736300,900.6347787000,899.2395273000,16380864,2120541216.7300,3.346800,1,0.155200,84.745780,19.050245,16.765840,284.603841,0
2026-03-05,sz.300604,927.8421810000,940.7482564500,901.4021669700,912.8432284500,900.6347787000,18456280,2439822468.9700,3.770800,1,1.355500,85.894542,19.308478,16.993107,288.461755,0
2026-03-06,sz.300604,917.9358960600,922.1216502600,893.7282842700,899.5883401500,912.8432284500,12952151,1678860562.4400,2.646200,1,-1.452000,84.647315,19.028110,16.746360,284.273163,0
2026-03-09,sz.300604,854.7310076400,889.4727675000,839.2437171000,885.2870133000,899.5883401500,21712796,2678318080.8100,4.436100,1,-1.589800,83.301623,18.725608,16.480132,279.753892,0
2026-03-10,sz.300604,906.9134100000,933.1441363200,902.3788429500,925.4004910500,885.2870133000,17901203,2364679696.9600,3.657400,1,4.531100,87.076125,19.574089,17.226868,292.429896,0
2026-03-11,sz.300604,921.8425999800,936.7717899600,891.5656446000,899.7278652900,925.4004910500,17704196,2312495198.0900,3.617100,1,-2.774200,84.660444,19.031062,16.748957,284.317253,0
2026-03-12,sz.300604,900.0069155700,903.4252815000,859.8236752500,869.1718596300,899.7278652900,17531843,2203819369.3300,3.581900,1,-3.396100,81.785258,18.384740,16.180139,274.661445,0
2026-03-13,sz.300604,862.1956026300,893.6585217000,854.6612450700,866.4511194000,869.1718596300,14071083,1755792703.0100,2.874800,1,-0.313000,81.529248,18.327191,16.129491,273.801681,0
2026-03-16,sz.300604,864.9163428600,868.1254210800,828.2212310400,862.1258400600,866.4511194000,17754185,2155423971.2100,3.627300,1,-0.499200,81.122258,18.235703,16.048974,272.434878,0
2026-03-17,sz.300604,868.2649462200,885.2870133000,845.5921109700,848.3128512000,862.1258400600,15162985,1877445683.8500,3.097900,1,-1.602200,79.822517,17.943530,15.791837,268.069923,0
2026-03-18,sz.300604,865.0558680000,898.8907144500,858.0796110000,897.4954630500,848.3128512000,21163171,2679710664.7000,4.323800,1,5.797700,84.450385,18.983842,16.707400,283.611806,0
2026-03-19,sz.300604,879.0083820000,884.9382004500,862.9629909000,867.4975579500,897.4954630500,14960138,1868534783.4500,3.056500,1,-3.342400,81.627713,18.349325,16.148971,274.132360,0
2026-03-20,sz.300604,878.4502814400,896.4490245000,861.9165523500,862.4048903400,867.4975579500,17676025,2229806653.5800,3.611400,1,-0.587100,81.148516,18.241605,16.054168,272.523058,0
2026-03-23,sz.300604,844.7549601300,860.5213009500,802.1997924300,816.2220690000,862.4048903400,18492262,2198318213.8700,3.778100,1,-5.355100,76.802915,17.264745,15.194448,257.929120,0
2026-03-24,sz.300604,830.1745830000,847.6152255000,813.0827533500,843.5689964400,816.2220690000,14813093,1765495754.6300,3.026400,1,3.350400,79.376141,17.843188,15.703527,266.570848,0
2026-03-25,sz.300604,864.2187171600,886.4032144200,851.1731165700,866.0325439800,843.5689964400,16800148,2097916465.6200,3.432400,1,2.662900,81.489862,18.318337,16.121699,273.669410,0
2026-03-26,sz.300604,862.2653652000,871.2647367300,840.2203930800,843.3597087300,866.0325439800,10842498,1325936815.0400,2.215200,1,-2.618000,79.356448,17.838761,15.699631,266.504712,0
2026-03-27,sz.300604,829.5467198700,868.4044713600,823.1285634300,858.7074741300,843.3597087300,11482935,1402868283.1500,2.346000,1,1.819800,80.802643,18.163855,15.985742,271.361505,0
2026-03-30,sz.300604,845.8013986800,885.1474881600,835.7555886000,875.4504909300,858.7074741300,16231787,2005092872.8900,3.316200,1,1.949800,82.378127,18.518013,16.297431,276.652492,0
2026-03-31,sz.300604,872.7995132700,876.2178792000,843.4294713000,844.4759098500,875.4504909300,12884994,1585190592.5700,2.632400,1,-3.538100,79.463481,17.862822,15.720807,266.864166,0
2026-04-01,sz.300604,865.0558680000,892.1935077300,858.0796110000,868.4044713600,844.4759098500,15086436,1890043334.5500,3.082200,1,2.833500,81.715111,18.368972,16.166262,274.425869,0
2026-04-02,sz.300604,865.0558680000,867.5673205200,799.1302393500,807.8505606000,868.4044713600,21190875,2497061998.5000,4.329300,1,-6.973000,76.017110,17.088102,15.038987,255.290132,0
2026-04-03,sz.300604,817.0592198400,819.7101975000,800.1766779000,802.2695550000,807.8505606000,10180248,1179998656.2600,2.079800,1,-0.690800,75.491948,16.970049,14.935091,253.526469,0
2026-04-07,sz.300604,812.7339405000,851.1033540000,805.7576835000,830.0350578600,802.2695550000,14919582,1771605404.0700,3.048100,1,3.460900,78.104626,17.557361,15.451975,262.300690,0
2026-04-08,sz.300604,872.0321250000,914.3780049900,860.5213009500,910.4713010700,830.0350578600,25328804,3227026734.0900,5.174700,1,9.690700,85.673515,19.258793,16.949380,287.719474,0
2026-04-09,sz.300604,898.5419016000,949.8871531200,893.0306585700,936.2136894000,910.4713010700,22730685,3034237418.2700,4.643900,1,2.827400,88.095822,19.803310,17.428602,295.854367,0
2026-04-10,sz.300604,949.2592899900,982.9546113000,942.4923207000,963.0722788500,936.2136894000,19234414,2656317234.2200,3.929600,1,2.868900,90.623161,20.371438,17.928603,304.341992,0
2026-04-13,sz.300604,955.4681587200,969.6997230000,941.8644575700,943.8178095300,963.0722788500,14971700,2044839134.4900,3.058700,1,-1.999300,88.811354,19.964156,17.570160,298.257357,0
2026-04-14,sz.300604,957.0029352600,992.7213711000,948.7709520000,975.4202537400,943.8178095300,22266187,3105437259.2300,4.549000,1,3.348400,91.785080,20.632629,18.158473,308.244095,0
2026-04-15,sz.300604,983.6522370000,1032.4860360000,971.7926001000,985.1172509700,975.4202537400,22875382,3267359938.5900,4.673500,1,0.994100,92.697548,20.837745,18.338993,311.308459,0
2026-04-16,sz.300604,985.1870135400,1077.9014690700,985.1870135400,1074.9714411300,985.1172509700,30752410,4617869922.2100,6.282800,1,9.121200,101.152646,22.738391,20.011723,339.703423,0
2026-04-17,sz.300604,1072.2507009000,1072.2507009000,1037.7182287500,1051.3219299000,1074.9714411300,21362973,3215622312.4800,4.364500,1,-2.200000,98.927275,22.238143,19.571463,332.229904,0
2026-04-20,sz.300604,1053.3450444300,1085.1567763500,1049.9266785000,1058.9958126000,1051.3219299000,18929279,2888571746.5400,3.867300,1,0.729900,99.649372,22.400465,19.714320,334.654940,0
2026-04-21,sz.300604,1056.4843600800,1056.4843600800,1021.3937873700,1034.5789131000,1058.9958126000,15510705,2300590881.9400,3.168900,1,-2.305700,97.351791,21.883985,19.259774,326.938917,0
2026-04-22,sz.300604,1032.4860360000,1066.7394578700,1027.3236058200,1062.4839411000,1034.5789131000,18274317,2749154630.7500,3.733500,1,2.697200,99.977598,22.474248,19.779255,335.757229,0
2026-04-23,sz.300604,1070.9949746400,1113.8989551900,1059.9027260100,1085.5753517700,1062.4839411000,20844848,3240245450.0100,4.258600,1,2.173300,102.150453,22.962690,20.209126,343.054382,0
2026-04-24,sz.300604,1098.7604775000,1125.2702541000,1078.9479076200,1102.2486060000,1085.5753517700,18531116,2920757716.0500,3.785900,1,1.535900,103.719373,23.315372,20.519516,348.323323,0
2026-04-27,sz.300604,1121.9914133100,1248.7500030000,1106.2948350600,1220.9845001400,1102.2486060000,43626621,7359775161.9000,8.913000,1,10.772200,70.592115,21.800992,18.965066,348.351112,0
2026-04-28,sz.300604,1231.0303102200,1311.5363160000,1213.7989554300,1250.9126426700,1220.9845001400,39156617,7072236148.7600,7.999800,1,2.451100,72.322433,22.335367,19.429928,356.889715,0
2026-04-29,sz.300604,1247.6338018800,1259.7724890600,1199.4278660100,1215.9615951000,1250.9126426700,27752192,4867648520.3800,5.669800,1,-2.794000,70.301713,21.711307,18.887048,346.918060,0
2026-04-30,sz.300604,1229.8443465300,1236.8206035300,1167.2673212400,1215.2639694000,1215.9615951000,32691596,5617993935.5500,6.679000,1,-0.057400,70.261379,21.698851,18.876212,346.719025,0
2026-05-06,sz.300604,1239.6808689000,1280.1431595000,1223.3564275200,1229.2164834000,1215.2639694000,34217263,6127315750.6200,6.990700,1,1.148100,71.068054,21.947976,19.092930,350.699726,0
2026-05-07,sz.300604,1240.2389694600,1308.6760506300,1210.0317766500,1296.1885506000,1229.2164834000,30511274,5525587284.4100,6.233500,1,5.448400,74.940093,23.143780,20.133181,369.807089,0
2026-05-08,sz.300604,1255.7960225700,1308.0481875000,1252.0288437900,1269.7485365700,1296.1885506000,21966950,4006336156.3900,4.487900,1,-2.039800,73.411444,22.671687,19.722499,362.263661,0
2026-05-11,sz.300604,1297.5838020000,1523.6842913700,1283.4917628600,1523.6842913700,1269.7485365700,47062419,9729833581.9600,9.614900,1,19.998900,88.092926,27.205775,23.666782,434.712413,0
2026-05-12,sz.300604,1534.7067774300,1534.7765400000,1458.0377130000,1486.5008415600,1523.6842913700,30759785,6545371892.5300,6.284300,1,-2.440400,85.943138,26.541855,23.089226,424.103845,0
2026-05-13,sz.300604,1465.8511208400,1590.5865960000,1414.8546821700,1590.5865960000,1486.5008415600,40642719,8787811300.9100,8.303400,1,7.002100,91.960932,28.400333,24.705949,453.799872,0
2026-05-14,sz.300604,1569.6578250000,1578.3083836800,1453.1543331000,1457.1307995900,1590.5865960000,38671499,8291834451.5000,7.900700,1,-8.390400,84.245087,26.017445,22.633033,415.724471,0
2026-05-15,sz.300604,1486.2217912800,1529.9629226700,1360.2305898600,1461.5258415000,1457.1307995900,43401186,8974817236.5900,8.866900,1,0.301600,84.499190,26.095920,22.701299,416.978391,0
2026-05-18,sz.300604,1471.9902270000,1492.9189980000,1418.3428106700,1459.2236766900,1461.5258415000,28939171,6061852395.4600,5.912300,1,-0.157500,84.366088,26.054814,22.665541,416.321576,0
2026-05-19,sz.300604,1454.4798219300,1588.3541937600,1417.2266095500,1563.0303808500,1459.2236766900,38988639,8421963133.2700,7.965500,1,7.113800,90.367749,27.908309,24.277929,445.937988,0
2026-05-20,sz.300604,1603.2833837400,1742.4597108900,1591.0749339900,1685.1846409200,1563.0303808500,38125273,9048867134.8300,7.789100,1,7.815200,97.430187,30.089405,26.175302,480.789022,0
2026-05-21,sz.300604,1702.2067080000,1800.0138311400,1632.4441380000,1637.8158558900,1685.1846409200,42675381,10477285227.0200,8.718700,1,-2.810900,94.691526,29.243623,25.439542,467.274544,0
2026-05-22,sz.300604,1658.3260514700,1686.6496548900,1601.0509815000,1646.5361771400,1637.8158558900,34870971,8186842432.3600,7.124200,1,0.532400,95.195698,29.399327,25.574991,469.762482,0
2026-05-25,sz.300604,1646.3966520000,1804.6181607600,1576.8433697100,1730.1117360000,1646.5361771400,38332283,9208390944.7700,7.831400,1,5.075800,100.027680,30.891590,26.873137,493.606878,0
2026-05-26,sz.300604,1698.9976297800,1729.6233980100,1597.5628530000,1640.1180207000,1730.1117360000,31527121,7424947227.8500,6.441100,1,-5.201600,94.824628,29.284729,25.475300,467.931359,0
2026-05-27,sz.300604,1632.4441380000,1646.3966520000,1528.9164841200,1536.1717914000,1640.1180207000,34339677,7805080599.7000,7.015700,1,-6.337700,88.814900,27.428742,23.860745,438.275140,0
2026-05-28,sz.300604,1544.5432998000,1555.7053110000,1493.0585231400,1528.0095707100,1536.1717914000,27093219,5924919737.3500,5.535200,1,-0.531300,88.342995,27.283004,23.733965,435.946430,0
2026-05-29,sz.300604,1552.2171825000,1559.8910652000,1448.8290537600,1470.5252130300,1528.0095707100,28825266,6157272613.4700,5.889100,1,-3.762000,85.019495,26.256606,22.841083,419.545943,0
2026-06-01,sz.300604,1458.0377130000,1525.0097802000,1417.7847101100,1420.6449754800,1470.5252130300,26556974,5576107030.9300,5.425600,1,-3.392000,82.135632,25.365981,22.066313,405.314938,0
2026-06-02,sz.300604,1430.1326850000,1481.0593611000,1393.3678106100,1448.4104783400,1420.6449754800,23297335,4818477593.7500,4.759700,1,1.954400,83.740915,25.861741,22.497584,413.236533,0
2026-06-03,sz.300604,1452.5264699700,1552.8450456300,1437.1089420000,1494.6630622500,1448.4104783400,31618664,6798802005.6400,6.459800,1,3.193300,86.415043,26.687593,23.216006,426.432555,0
2026-06-04,sz.300604,1493.6159960000,1590.3520600400,1472.6774540000,1558.8744519000,1494.6629231000,27308877,6090663867.2400,5.579300,1,4.296100,90.085413,27.821115,24.202077,444.544743,0
2026-06-05,sz.300604,1524.0466770400,1525.0936041400,1434.9880784000,1442.8749292200,1558.8744519000,30596287,6466971413.2700,6.250900,1,-7.441200,83.381945,25.750881,22.401144,411.465121,0
2026-06-08,sz.300604,1326.1076600000,1437.7798840000,1326.1076600000,1398.6946056000,1442.8749292200,22756107,4587365819.8300,4.649100,1,-3.062000,80.828819,24.962398,21.715228,398.866203,0
2026-06-09,sz.300604,1446.2948910800,1493.5462008600,1418.2372448000,1484.7520132200,1398.6946056000,21497054,4507630947.2400,4.391900,1,6.152700,85.801970,26.498258,23.051300,423.407223,0
2026-06-10,sz.300604,1483.1467250000,1625.1798349000,1471.2117560600,1582.5350043600,1484.7520132200,36304240,8189959401.0600,7.417000,1,6.585800,91.452727,28.243383,24.569416,451.292031,0
2026-06-11,sz.300604,1598.3087060000,1635.0907447800,1570.4604451400,1625.1100397600,1582.5350043600,29225374,6725441899.2600,5.970800,1,2.690300,93.913085,29.003217,25.230408,463.433168,0
2026-06-12,sz.300604,1724.6379094000,1768.4692573200,1557.2691636800,1557.2691636800,1625.1100397600,37551028,8947298842.2200,7.671800,1,-4.174500,89.992645,27.792466,24.177155,444.086963,0
2026-06-15,sz.300604,1605.2882200000,1622.7370050000,1536.7493925200,1615.4085153000,1557.2691636800,23313537,5339289282.2600,4.763000,1,3.733400,93.352446,28.830074,25.079789,460.666581,0
2026-06-16,sz.300604,1615.7574910000,1699.4418638600,1601.7984630000,1677.8751656000,1615.4085153000,23841524,5663077205.0000,4.870900,1,3.866900,96.962316,29.944912,26.049605,478.480216,0
2026-06-17,sz.300604,1647.1653040000,1849.5712100000,1647.1653040000,1842.6614911400,1677.8751656000,31318795,7877377085.1500,6.398500,1,9.821100,106.485113,32.885841,28.607971,525.472387,0
2026-06-18,sz.300604,1835.6121820000,1892.9139919400,1825.5616818400,1843.2896474000,1842.6614911400,22018140,5840972984.3300,4.498400,1,0.034100,106.521413,32.897052,28.617724,525.651519,0
2026-06-22,sz.300604,1863.5302380000,1877.1402903000,1777.8218060800,1873.9297138600,1843.2896474000,24664014,6470814696.1200,5.038900,1,1.662200,108.292064,33.443883,29.093422,534.389156,0
2026-06-23,sz.300604,1884.3291897200,2058.7472445800,1875.9537729200,1950.0762116000,1873.9297138600,45545097,12701921747.5300,9.305000,1,4.063500,112.692476,34.802864,30.275623,556.103878,0
2026-06-24,sz.300604,1921.1810236400,2195.9644898200,1903.1738775200,2145.1536279000,1950.0762116000,40548051,11868736306.1000,8.284000,1,10.003600,123.965756,38.284396,33.304269,611.734170,0
2026-06-25,sz.300604,2163.7191351400,2209.0161810000,2086.1767346000,2163.5795448600,2145.1536279000,32422887,9958511376.2300,6.624100,1,0.859000,125.030567,38.613242,33.590338,616.988695,0
2026-06-26,sz.300604,2170.6288540000,2317.1986480000,2170.2798783000,2197.8489586000,2163.5795448600,35155374,11288282236.7300,7.182300,1,1.583900,127.010954,39.224845,34.122382,626.761315,0
2026-06-29,sz.300604,2219.4854520000,2359.0757320000,2170.8382394200,2358.3777806000,2197.8489586000,35678690,11694486937.2000,7.289200,1,7.303900,136.287715,42.089791,36.614649,672.539372,0
2026-06-30,sz.300604,2310.2191340000,2410.9335210200,2261.3625360000,2382.9456698800,2358.3777806000,28099742,9456545579.4600,5.740800,1,1.041700,137.707462,42.528252,36.996074,679.545405,0
2026-07-01,sz.300604,2442.2017437400,2537.6117001200,2268.3420500000,2328.8544363800,2382.9456698800,32402561,11190942175.3300,6.619900,1,-2.269900,134.581597,41.562890,36.156289,664.120190,0
2026-07-02,sz.300604,2212.4361428600,2303.1698248600,2079.8253768600,2104.0442904400,2328.8544363800,39524682,12372749899.0800,8.075000,1,-9.653300,121.590099,37.550720,32.666032,600.011006,0
2026-07-03,sz.300604,2093.8542000000,2186.0535799400,1996.1410040000,2112.7686829400,2104.0442904400,34274992,10268910549.6300,7.002400,1,0.414600,122.094271,37.706424,32.801481,602.498944,0
2026-07-06,sz.300604,2145.9213744400,2188.0776390000,2023.9892648600,2121.7722560000,2112.7686829400,26299421,7952964501.6000,5.373000,1,0.426200,122.614576,37.867110,32.941265,605.066496,0
2026-07-07,sz.300604,2079.8951720000,2176.7708263200,2063.5631092400,2124.0754956200,2121.7722560000,20276689,6151253409.0800,4.142600,1,0.108600,122.747677,37.908216,32.977023,605.723312,0
2026-07-08,sz.300604,2128.8913602800,2318.4549605200,2007.2384312600,2214.0414310800,2124.0754956200,31132847,9707940984.7100,6.360500,1,4.235500,127.946697,39.513831,34.373776,631.378927,0
2026-07-09,sz.300604,2268.3420500000,2618.5740625200,2167.0693018600,2610.3382360000,2214.0414310800,39785020,13456200988.0500,8.128200,1,17.899200,150.848196,46.586511,40.526424,744.391018,0
2026-07-10,sz.300604,2649.4235144000,2756.9080300000,2437.1066985200,2458.9525773400,2610.3382360000,38716235,14616432987.5600,7.909800,1,-5.799500,142.099807,43.884742,38.176108,701.220320,0
2026-07-13,sz.300604,2457.6962648200,2504.8079843200,2234.4914071000,2270.0171333600,2458.9525773400,35162511,11922819546.2800,7.183800,1,-7.683600,131.181463,40.512825,35.242819,647.341537,0
2026-07-14,sz.300604,2317.1986480000,2383.5040310000,2177.6781631400,2342.4644886800,2270.0171333600,33684469,11101954879.0900,6.881800,1,3.191500,135.368105,41.805788,36.367590,668.001373,0
2026-07-15,sz.300604,2400.9528160000,2401.0924062800,2114.7927420000,2124.8432421600,2342.4644886800,34357535,10787215944.0000,7.019300,1,-9.290300,122.792045,37.921918,32.988943,605.942250,0
2026-07-16,sz.300604,2115.1417177000,2163.4399545800,2010.1000320000,2045.9049388200,2124.8432421600,25496152,7572872634.1500,5.208900,1,-3.715000,118.230298,36.513112,31.763398,583.431388,0
2026-07-17,sz.300604,2037.2503414600,2072.9156580000,1909.3856449800,1945.6093226400,2045.9049388200,33097004,9459544562.6200,6.761800,1,-4.902300,112.434340,34.723143,30.206273,554.830054,0
2026-07-20,sz.300604,2017.0097508600,2070.5426232400,1765.8868371400,1849.5712100000,1945.6093226400,36240845,9930692552.9500,7.404100,1,-4.936100,106.884417,33.009159,28.715247,527.442834,0
2026-07-21,sz.300604,1919.3663500000,2219.4854520000,1807.6941260000,2219.4854520000,1849.5712100000,41481677,12047998280.9300,8.474800,1,20.000000,128.261300,39.610990,34.458297,632.931401,0
2026-07-22,sz.300604,2187.8682535800,2301.7041269200,2149.6903120000,2157.0188017000,2219.4854520000,37562046,11890881906.6300,7.674000,1,-2.814500,124.651430,38.496153,33.488480,615.117765,0
2026-07-23,sz.300604,2158.6240899200,2184.5878820000,1996.1410040000,2032.7136573600,2157.0188017000,28668562,8465943736.5200,5.857000,1,-5.762800,117.467991,36.277688,31.558599,579.669626,0
2026-07-24,sz.300604,1992.0928858800,2165.6036039200,1970.9449584600,2118.2824990000,2032.7136573600,29296826,8803806517.5000,5.985400,1,4.209600,122.412907,37.804829,32.887085,604.071321,0
2026-07-27,sz.300604,2106.9756863200,2178.5854999600,1982.2517711400,2126.6579158000,2118.2824990000,28036247,8384316794.7900,5.727900,1,0.395400,122.896912,37.954304,33.017116,606.459741,0
2026-07-28,sz.300604,2051.9771160000,2109.8372870600,1912.3868360000,1929.1376696000,2126.6579158000,27271824,7819032681.0900,5.571700,1,-9.287800,111.482463,34.429175,29.950545,550.132827,0
2026-07-29,sz.300604,1947.2844060000,1996.1410040000,1737.8989860000,1891.4482940000,1929.1376696000,34102519,9116829589.5800,6.967200,1,-1.953700,109.304441,33.756536,29.365404,539.384936,0
2026-07-30,sz.300604,1884.5385751400,1940.3048920000,1702.6524403000,1713.4706870000,1891.4482940000,34742639,8969833161.1100,7.098000,1,-9.409600,99.019337,30.580183,26.602238,488.631003,0
2026-07-31,sz.300604,1937.6526766800,1978.9713995600,1808.9504385200,1812.1610149600,1713.4706870000,34973012,9557081780.4300,7.145100,1,5.759700,104.722528,32.341502,28.134441,516.774556,0
2026-08-03,sz.300604,1780.1948408400,1800.5750217200,1580.0223793200,1587.2810738800,1812.1610149600,35791310,8428104340.2500,7.312200,1,-12.409500,91.726996,28.328086,24.643100,452.645469,0
2026-08-04,sz.300604,1595.4471052600,1744.7389097200,1565.1560145000,1715.7041314800,1587.2810738800,29984722,7228112164.2400,6.125900,1,8.090800,99.148405,30.620043,26.636913,489.267915,0
2026-08-05,sz.300604,1703.2108014200,1954.2639200000,1701.3263326400,1898.4278080000,1715.7041314800,30706973,8138201329.0100,6.273500,1,10.650100,109.707779,33.881099,29.473763,541.375286,0
2026-08-06,sz.300604,1828.6326680000,2016.8003654400,1822.0719248400,1944.0040344200,1898.4278080000,26496481,7359189707.2800,5.413300,1,2.400700,112.341572,34.694494,30.181350,554.372274,0
2026-08-07,sz.300604,1954.3337151400,1999.4213755800,1893.7515336200,1976.6681599400,1944.0040344200,22053043,6192469921.4600,4.505500,1,1.680200,116.239231,35.898210,31.228484,573.606063,0
2026-08-10,sz.300604,1983.2986982400,2051.1395743200,1940.3048920000,2010.6583931200,1976.6681599400,22492725,6442589104.0700,4.595300,1,1.719600,118.238048,36.515505,31.765480,583.469632,0
2026-08-11,sz.300604,1975.5514377000,2021.6860252400,1946.4468643200,1961.5226145600,2010.6583931200,16920286,4811629099.6700,3.456800,1,-2.443800,115.348588,35.623152,30.989206,569.211002,0
2026-08-12,sz.300604,1990.9761636400,2035.6450532400,1954.2639200000,2003.8882645400,1961.5226145600,15122988,4338211487.9400,3.089700,1,2.159800,117.839927,36.392553,31.658522,581.505020,0
2026-08-13,sz.300604,2044.9976020000,2101.8108459600,1961.2434340000,1966.0592986600,2003.8882645400,22375855,6537531035.9000,4.571400,1,-1.887800,115.615370,35.705542,31.060879,570.527495,0
2026-08-14,sz.300604,2003.1903131400,2030.9687788600,1940.3048920000,1975.5514377000,1966.0592986600,15176846,4305511523.3900,3.100700,1,0.482800,116.173561,35.877929,31.210841,573.282003,0
2026-08-17,sz.300604,1957.8234721400,2119.6784018000,1957.8234721400,2111.7915509800,1975.5514377000,20883696,6196593865.6200,4.266600,1,6.896300,124.185248,38.352181,33.363237,612.817296,0
2026-08-18,sz.300604,2119.6784018000,2130.0080825200,2049.0457201200,2101.0430994200,2111.7915509800,18224564,5454995393.7100,3.723300,1,-0.509000,123.553179,38.156979,33.193427,609.698220,0
2026-08-19,sz.300604,2020.6390981400,2087.8518179600,1884.4687800000,1905.4073220000,2101.0430994200,26826334,7615182018.5600,5.480700,1,-9.311400,112.048692,34.604044,30.102666,552.926998,0
2026-08-20,sz.300604,1937.7922669600,1990.1386219600,1898.4278080000,1924.5311903600,1905.4073220000,14968594,4157797800.2900,3.058100,1,1.003700,113.173283,34.951352,30.404795,558.476522,0
2026-08-21,sz.300604,1912.7358117000,1986.2300941200,1884.6083702800,1950.2158018800,1924.5311903600,12882692,3587691575.8700,2.632000,1,1.334600,114.683683,35.417809,30.810575,565.929897,0
2026-08-24,sz.300604,1975.2722571400,1992.6512470000,1845.2439113200,1892.1462454000,1950.2158018800,17257195,4695429793.3600,3.525700,1,-2.977600,111.268866,34.363210,29.893160,549.078788,0
2026-08-25,sz.300604,1871.7660645200,1878.4663979600,1765.8170420000,1839.9394806800,1892.1462454000,18236921,4772992504.6600,3.725800,1,-2.759100,108.198814,33.415084,29.068369,533.928993,0
