date,code,open,high,low,close,preclose,volume,amount,turn,tradestatus,pctChg,peTTM,pbMRQ,psTTM,pcfNcfTTM,isST
2016-08-29,sz.300160,84.6881838000,88.5680532000,84.5543952000,87.2301672000,85.0895496000,14829608,192936806.0000,2.480863,1,2.515700,85.966661,6.603688,6.696327,-172.040602,0
2016-08-30,sz.300160,87.0294843000,90.2404107000,87.0294843000,88.3673703000,87.2301672000,13482671,179531896.0000,2.255532,1,1.303700,87.087392,6.689779,6.783626,-174.283462,0
2016-08-31,sz.300160,88.6349475000,89.9728335000,87.0963786000,89.5714677000,88.3673703000,14587071,193405201.0000,2.440289,1,1.362600,88.274049,6.780935,6.876060,-176.658256,0
2016-09-01,sz.300160,89.7721506000,89.8390449000,87.4977444000,88.3673703000,89.5714677000,10675488,141192736.0000,1.785915,1,-1.344300,87.087392,6.689779,6.783626,-174.283462,0
2016-09-02,sz.300160,88.5680532000,88.9694190000,86.7619071000,87.2970615000,88.3673703000,8875228,116324659.0000,1.484748,1,-1.211200,86.032587,6.608753,6.701462,-172.172535,0
2016-09-05,sz.300160,87.2970615000,88.6349475000,86.2936470000,86.9625900000,87.2970615000,7027989,92036971.0000,1.175721,1,-0.383143,85.702960,6.583432,6.675786,-171.512870,0
2016-09-06,sz.300160,86.5612242000,87.8322159000,84.5543952000,87.2970615000,86.9625900000,7631439,98338858.0000,1.276673,1,0.384617,86.032587,6.608753,6.701462,-172.172535,0
2016-09-07,sz.300160,87.6315330000,90.5079879000,87.6315330000,89.2369962000,87.2970615000,14987859,200493690.0000,2.507337,1,2.222222,87.944422,6.755614,6.850384,-175.998591,0
2016-09-08,sz.300160,91.0431423000,92.9161827000,86.2936470000,86.4943299000,89.2369962000,24138436,323092912.0000,4.038148,1,-3.073462,85.241482,6.547982,6.639840,-170.589339,0
2016-09-09,sz.300160,85.5578097000,86.2936470000,82.3468833000,82.3468833000,86.4943299000,21204195,266098764.0000,3.547276,1,-4.795049,81.154110,6.234003,6.321456,-162.409494,0
2016-09-12,sz.300160,77.5973880000,80.7414201000,77.3967051000,78.4670139000,82.3468833000,14170723,167772229.0000,2.370638,1,-4.711624,77.330440,5.940281,6.023613,-154.757382,0
2016-09-13,sz.300160,79.4035341000,79.8717942000,78.1325424000,78.8683797000,78.4670139000,6684790,78871895.0000,1.118307,1,0.511513,77.725992,5.970666,6.054425,-155.548980,0
2016-09-14,sz.300160,78.7345911000,79.6042170000,78.1994367000,79.1359569000,78.8683797000,4842769,57225195.0000,0.810153,1,0.339270,77.989694,5.990923,6.074965,-156.076712,0
2016-09-19,sz.300160,78.7345911000,80.8752087000,78.7345911000,80.8752087000,79.1359569000,4754118,56643032.0000,0.795322,1,2.197804,79.703753,6.122591,6.208481,-159.506969,0
2016-09-20,sz.300160,80.9421030000,81.2096802000,79.3366398000,79.6042170000,80.8752087000,4885620,58297575.0000,0.817321,1,-1.571551,78.451171,6.026372,6.110912,-157.000242,0
2016-09-21,sz.300160,79.6042170000,79.9386885000,78.7345911000,78.9352740000,79.6042170000,4503187,53312852.0000,0.753344,1,-0.840331,77.791917,5.975730,6.059560,-155.680913,0
2016-09-22,sz.300160,79.7380056000,80.0055828000,78.9352740000,79.2028512000,78.9352740000,3972154,47149414.0000,0.664506,1,0.338983,78.055619,5.995987,6.080101,-156.208645,0
2016-09-23,sz.300160,79.6711113000,79.6711113000,76.6608678000,77.1291279000,79.2028512000,9040713,105008616.0000,1.512432,1,-2.618247,76.011933,5.838997,5.920909,-152.118722,0
2016-09-26,sz.300160,76.6608678000,77.2629165000,74.8547217000,74.9885103000,77.1291279000,5552975,63049026.0000,0.928964,1,-2.775366,73.902322,5.676944,5.756582,-147.896867,0
2016-09-27,sz.300160,75.3898761000,76.7277621000,75.0554046000,76.6608678000,74.9885103000,3772488,42752938.0000,0.631104,1,2.230152,75.550455,5.803548,5.884962,-151.195191,0
2016-09-28,sz.300160,76.6608678000,79.6042170000,76.3263963000,78.3332253000,76.6608678000,8010559,93758905.0000,1.340096,1,2.181501,77.198589,5.930153,6.013343,-154.493516,0
2016-09-29,sz.300160,79.0021683000,80.2062657000,78.3332253000,79.1359569000,78.3332253000,7445487,88447845.0000,1.245565,1,1.024764,77.989694,5.990923,6.074965,-156.076712,0
2016-09-30,sz.300160,78.6676968000,80.4738429000,78.6676968000,79.6042170000,79.1359569000,5196495,62031449.0000,0.869328,1,0.591713,78.451171,6.026372,6.110912,-157.000242,0
2016-10-10,sz.300160,79.7380056000,81.0089973000,79.7380056000,80.2731600000,79.6042170000,6132917,73781500.0000,1.025983,1,0.840339,79.110425,6.077014,6.162264,-158.319572,0
2016-10-11,sz.300160,80.3400543000,80.8083144000,78.9352740000,79.6711113000,80.2731600000,4671897,55593198.0000,0.781567,1,-0.750001,78.517096,6.031436,6.116047,-157.132175,0
2016-10-12,sz.300160,78.9352740000,81.0758916000,78.8014854000,80.1393714000,79.6711113000,5260125,62976515.0000,0.879973,1,0.587739,78.978574,6.066885,6.151994,-158.055706,0
2016-10-13,sz.300160,80.1393714000,80.8083144000,79.5373227000,80.3400543000,80.1393714000,4256373,50995499.0000,0.712054,1,0.250423,79.176350,6.082078,6.167399,-158.451505,0
2016-10-14,sz.300160,80.2731600000,80.5407372000,79.4035341000,80.4069486000,80.3400543000,4145980,49648149.0000,0.693586,1,0.083266,79.242275,6.087142,6.172535,-158.583438,0
2016-10-17,sz.300160,80.8752087000,80.9421030000,79.1359569000,79.6711113000,80.4069486000,4612276,55348159.0000,0.771593,1,-0.915146,78.517096,6.031436,6.116047,-157.132175,0
2016-10-18,sz.300160,79.0690626000,81.6779403000,79.0690626000,81.5441517000,79.6711113000,8952676,108198537.0000,1.497704,1,2.350963,80.363006,6.173233,6.259833,-160.826299,0
2016-10-19,sz.300160,82.9489320000,85.4909154000,82.0124118000,82.2799890000,81.5441517000,14326019,179352884.0000,2.396617,1,0.902384,81.088185,6.228939,6.316321,-162.277561,0
2016-10-20,sz.300160,82.2799890000,83.4840864000,80.7414201000,82.5475662000,82.2799890000,8733985,106806948.0000,1.461119,1,0.325203,81.351887,6.249196,6.336862,-162.805293,0
2016-10-21,sz.300160,81.8786232000,82.7482491000,80.8083144000,81.4772574000,82.5475662000,7317227,89257846.0000,1.224108,1,-1.296595,80.297081,6.168169,6.254698,-160.694366,0
2016-10-24,sz.300160,81.4772574000,81.8786232000,81.0758916000,81.5441517000,81.4772574000,4855242,59173734.0000,0.812239,1,0.082096,80.363006,6.173233,6.259833,-160.826299,0
2016-10-25,sz.300160,81.6110460000,81.8786232000,81.0758916000,81.4772574000,81.5441517000,3740352,45525019.0000,0.625728,1,-0.082029,74.575067,6.094797,6.272179,102.714572,0
2016-10-26,sz.300160,81.6110460000,82.8151434000,81.0758916000,81.5441517000,81.4772574000,7143524,87175832.0000,1.195049,1,0.082096,74.636295,6.099801,6.277328,102.798903,0
2016-10-27,sz.300160,82.0124118000,82.0124118000,80.3400543000,80.7414201000,81.5441517000,3654859,44180676.0000,0.611426,1,-0.984413,73.901565,6.039754,6.215534,101.786936,0
2016-10-28,sz.300160,81.0089973000,81.0758916000,79.3366398000,79.3366398000,80.7414201000,4373320,52299709.0000,0.731618,1,-1.739851,72.615788,5.934671,6.107392,100.015996,0
2016-10-31,sz.300160,78.2663310000,80.1393714000,78.2663310000,79.1359569000,79.3366398000,3113488,36845898.0000,0.520859,1,-0.252949,72.432106,5.919659,6.091944,99.763004,0
2016-11-01,sz.300160,79.6042170000,80.8083144000,78.5339082000,80.8083144000,79.1359569000,4390280,52573696.0000,0.734455,1,2.113271,73.962793,6.044758,6.220683,101.871267,0
2016-11-02,sz.300160,80.9421030000,82.0793061000,80.3400543000,80.6745258000,80.8083144000,5951828,72246801.0000,0.995689,1,-0.165559,73.840338,6.034750,6.210384,101.702606,0
2016-11-03,sz.300160,80.3400543000,80.6745258000,79.2697455000,80.2731600000,80.6745258000,6783664,81224647.0000,1.134847,1,-0.497516,73.472973,6.004726,6.179487,101.196623,0
2016-11-04,sz.300160,79.6042170000,80.6745258000,79.4035341000,79.5373227000,80.2731600000,4620668,55109672.0000,0.772997,1,-0.916664,72.799471,5.949683,6.122841,100.268987,0
2016-11-07,sz.300160,80.2731600000,80.8752087000,78.9352740000,80.8083144000,79.5373227000,7329543,87648394.0000,1.226168,1,1.597978,73.962793,6.044758,6.220683,101.871267,0
2016-11-08,sz.300160,80.8752087000,81.0758916000,80.2062657000,80.6076315000,80.8083144000,4522208,54548101.0000,0.756526,1,-0.248342,73.779110,6.029746,6.205234,101.618275,0
2016-11-09,sz.300160,80.8083144000,80.8083144000,78.2663310000,79.2697455000,80.6076315000,4785800,56935096.0000,0.800622,1,-1.659750,72.554561,5.929667,6.102243,99.931665,0
2016-11-10,sz.300160,79.6711113000,80.8083144000,79.6711113000,80.1393714000,79.2697455000,3438093,41241138.0000,0.575163,1,1.097039,73.350518,5.994718,6.169187,101.027962,0
2016-11-11,sz.300160,80.7414201000,80.7414201000,79.7380056000,80.4738429000,80.1393714000,3609729,43235404.0000,0.603876,1,0.417364,73.656655,6.019738,6.194935,101.449614,0
2016-11-14,sz.300160,80.2731600000,81.2765745000,80.0055828000,81.2765745000,80.4738429000,7734394,93394488.0000,1.293896,1,0.997505,74.391385,6.079785,6.256730,102.461581,0
2016-11-15,sz.300160,81.6110460000,89.4376791000,81.2765745000,89.4376791000,81.2765745000,20963767,271897088.0000,3.507054,1,10.041150,81.861137,6.690266,6.884978,112.749904,0
2016-11-16,sz.300160,93.5182314000,98.4015153000,92.3141340000,94.8561174000,89.4376791000,61999931,882657920.0000,10.372044,1,6.058343,86.820563,7.095585,7.302093,119.580676,0
2016-11-17,sz.300160,91.6451910000,92.5817112000,89.3038905000,90.1735164000,94.8561174000,37234264,502467824.0000,6.228965,1,-4.936536,82.534639,6.745309,6.941623,113.677540,0
2016-11-18,sz.300160,90.3073050000,93.3175485000,89.5045734000,90.6417765000,90.1735164000,26279846,361035280.0000,4.396388,1,0.519293,82.963232,6.780337,6.977670,114.267853,0
2016-11-21,sz.300160,89.3707848000,94.3209630000,89.3707848000,91.3107195000,90.6417765000,17425965,239955108.0000,2.915211,1,0.738003,83.575507,6.830376,7.029166,115.111158,0
2016-11-22,sz.300160,91.7120853000,96.5953692000,89.5045734000,95.7926376000,91.3107195000,29052337,404910864.0000,4.860201,1,4.908426,87.677748,7.165640,7.374187,120.761303,0
2016-11-23,sz.300160,95.2574832000,96.5953692000,93.6520200000,93.9864915000,95.7926376000,18745184,265631607.0000,3.135905,1,-1.885471,86.024606,7.030534,7.235149,118.484379,0
2016-11-24,sz.300160,93.0499713000,94.7892231000,90.8424594000,91.4445081000,93.9864915000,11989916,166686242.0000,2.005808,1,-2.704627,83.697961,6.840384,7.039465,115.279819,0
2016-11-25,sz.300160,92.0465568000,92.5817112000,87.4977444000,91.2438252000,91.4445081000,10986661,148429949.0000,1.837972,1,-0.219457,83.514279,6.825372,7.024016,115.026828,0
2016-11-28,sz.300160,91.2438252000,92.9830770000,89.9728335000,91.1100366000,91.2438252000,9323188,127370503.0000,1.559687,1,-0.146631,83.391824,6.815364,7.013717,114.858167,0
2016-11-29,sz.300160,91.1769309000,93.4513371000,89.3038905000,89.6383620000,91.1100366000,13310673,181918748.0000,2.226759,1,-1.615274,82.044820,6.705278,6.900427,113.002895,0
2016-11-30,sz.300160,88.4342646000,91.5114024000,88.2335817000,88.4342646000,89.6383620000,8917038,119649385.0000,1.491742,1,-1.343279,80.942725,6.615207,6.807734,111.484946,0
2016-12-01,sz.300160,88.7018418000,89.9728335000,87.7653216000,89.5045734000,88.4342646000,7854451,104253303.0000,1.313981,1,1.210286,81.922365,6.695270,6.890127,112.834234,0
2016-12-02,sz.300160,89.3707848000,89.6383620000,81.5441517000,84.3537123000,89.5045734000,15006256,191508782.0000,2.510415,1,-5.754861,77.207849,6.309967,6.493610,106.340784,0
2016-12-05,sz.300160,82.9489320000,86.5612242000,80.9421030000,84.2199237000,84.3537123000,7515214,95071213.0000,1.257229,1,-0.158600,77.085394,6.299959,6.483311,106.172123,0
2016-12-06,sz.300160,83.9523465000,85.0895496000,82.2799890000,82.4137776000,84.2199237000,7415509,92154161.0000,1.240550,1,-2.144563,75.432252,6.164852,6.344273,103.895199,0
2016-12-07,sz.300160,82.6144605000,83.4840864000,82.3468833000,83.4171921000,82.4137776000,5529977,68472623.0000,0.925117,1,1.217537,76.350664,6.239911,6.421516,105.160157,0
2016-12-08,sz.300160,83.6178750000,83.6178750000,81.6110460000,81.9455175000,83.4171921000,5895276,72486729.0000,0.986228,1,-1.764236,75.003660,6.129825,6.308226,103.304886,0
2016-12-09,sz.300160,82.8151434000,82.8151434000,78.9352740000,79.2697455000,81.9455175000,11649169,139582699.0000,1.948804,1,-3.265303,72.554561,5.929667,6.102243,99.931665,0
2016-12-12,sz.300160,79.6711113000,79.6711113000,72.2458440000,73.5837300000,79.2697455000,11104383,125922121.0000,1.857666,1,-7.172999,67.350225,5.504332,5.664529,92.763571,0
2016-12-13,sz.300160,73.9850958000,74.7878274000,70.6403808000,73.7175186000,73.5837300000,7495550,81477443.0000,1.253940,1,0.181822,67.472680,5.514340,5.674828,92.932232,0
2016-12-14,sz.300160,74.1188844000,74.1188844000,71.5769010000,72.7141041000,73.7175186000,5440562,59066888.0000,0.910158,1,-1.361167,66.554268,5.439281,5.597585,91.667274,0
2016-12-15,sz.300160,72.7809984000,75.6574533000,71.6437953000,74.4533559000,72.7141041000,6174124,68491611.0000,1.032877,1,2.391906,68.146182,5.569384,5.731474,93.859868,0
2016-12-16,sz.300160,74.5202502000,75.9250305000,73.6506243000,75.2560875000,74.4533559000,4514855,50599733.0000,0.755296,1,1.078166,68.880912,5.629431,5.793269,94.871834,0
2016-12-19,sz.300160,74.7878274000,76.1257134000,74.3864616000,75.5905590000,75.2560875000,3479032,39212255.0000,0.582012,1,0.444446,69.187049,5.654451,5.819016,95.293486,0
2016-12-20,sz.300160,75.9250305000,76.3932906000,74.6540388000,75.6574533000,75.5905590000,4513384,51077627.0000,0.755050,1,0.088498,69.248277,5.659455,5.824166,95.377817,0
2016-12-21,sz.300160,76.1257134000,76.4601849000,74.9885103000,76.2595020000,75.6574533000,3756164,42624838.0000,0.628373,1,0.795749,69.799324,5.704490,5.870512,96.136792,0
2016-12-22,sz.300160,76.2595020000,76.9284450000,75.7243476000,76.1257134000,76.2595020000,3568754,40655750.0000,0.597021,1,-0.175434,69.676869,5.694482,5.860213,95.968131,0
2016-12-23,sz.300160,76.1257134000,80.6076315000,73.6506243000,79.0021683000,76.1257134000,11049466,127544096.0000,1.848479,1,3.778562,72.309651,5.909651,6.081645,99.594343,0
2016-12-26,sz.300160,78.4001196000,80.6745258000,78.4001196000,79.8048999000,79.0021683000,7232159,86099845.0000,1.209877,1,1.016087,73.044380,5.969699,6.143439,100.606309,0
2016-12-27,sz.300160,79.8717942000,82.0793061000,79.0021683000,81.1427859000,79.8048999000,6908082,83496898.0000,1.155661,1,1.676444,74.268930,6.069778,6.246431,102.292920,0
2016-12-28,sz.300160,80.3400543000,81.6110460000,79.4704284000,79.6711113000,81.1427859000,3606156,43232063.0000,0.603278,1,-1.813687,72.921925,5.959691,6.133140,100.437648,0
2016-12-29,sz.300160,80.2062657000,80.6076315000,77.5973880000,79.9386885000,79.6711113000,6775096,80412275.0000,1.133414,1,0.335852,73.166835,5.979707,6.153739,100.774970,0
2016-12-30,sz.300160,79.5373227000,80.6076315000,79.2028512000,80.4069486000,79.9386885000,3408300,40733747.0000,0.570179,1,0.585780,73.595428,6.014734,6.189786,101.365284,0
2017-01-03,sz.300160,80.4069486000,81.1427859000,79.6711113000,80.4069486000,80.4069486000,3185312,38163471.0000,0.537713,1,0.000000,73.595428,6.014734,6.189786,101.365284,0
2017-01-04,sz.300160,80.4069486000,80.9421030000,79.6711113000,80.3400543000,80.4069486000,3493000,41872804.0000,0.589654,1,-0.083197,73.534200,6.009730,6.184636,101.280953,0
2017-01-05,sz.300160,80.7414201000,80.8752087000,79.3366398000,79.3366398000,80.3400543000,3730042,44605570.0000,0.629669,1,-1.248964,72.615788,5.934671,6.107392,100.015996,0
2017-01-06,sz.300160,79.3366398000,79.9386885000,78.3332253000,78.4001196000,79.3366398000,3588748,42526897.0000,0.605817,1,-1.180433,71.758603,5.864616,6.035298,98.835368,0
2017-01-09,sz.300160,78.2663310000,83.2834035000,74.2526730000,80.5407372000,78.4001196000,12601779,148806937.0000,2.127309,1,2.730373,73.717883,6.024742,6.200085,101.533945,0
2017-01-10,sz.300160,80.4738429000,80.6076315000,79.0690626000,79.8048999000,80.5407372000,7802818,93114694.0000,1.317196,1,-0.913618,73.044380,5.969699,6.143439,100.606309,0
2017-01-11,sz.300160,79.2028512000,80.2731600000,78.6008025000,79.4035341000,79.8048999000,4356384,51594492.0000,0.735402,1,-0.502937,72.677016,5.939675,6.112542,100.100326,0
2017-01-12,sz.300160,78.7345911000,79.8717942000,78.4001196000,78.4001196000,79.4035341000,3301400,39050655.0000,0.557310,1,-1.263687,71.758603,5.864616,6.035298,98.835368,0
2017-01-13,sz.300160,78.1325424000,78.9352740000,75.5905590000,75.7243476000,78.4001196000,5340428,61369677.0000,0.901519,1,-3.412974,69.309504,5.664458,5.829316,95.462148,0
2017-01-16,sz.300160,76.9284450000,76.9284450000,68.1652917000,73.5168357000,75.7243476000,5630227,62405196.0000,0.950440,1,-2.915194,67.288998,5.499329,5.659380,92.679240,0
2017-01-17,sz.300160,72.5803155000,74.9885103000,71.5769010000,74.3195673000,73.5168357000,3345089,36754128.0000,0.564685,1,1.091901,68.023727,5.559376,5.721175,93.691207,0
2017-01-18,sz.300160,73.6506243000,74.2526730000,71.1755352000,71.3762181000,74.3195673000,4263212,46145764.0000,0.719674,1,-3.960392,65.329718,5.339202,5.494593,89.980664,0
2017-01-19,sz.300160,70.9079580000,71.4431124000,68.9011290000,69.5700720000,71.3762181000,4108583,42861393.0000,0.693571,1,-2.530463,63.676576,5.204096,5.355555,87.703740,0
2017-01-20,sz.300160,69.5700720000,71.5100067000,69.1687062000,70.3059093000,69.5700720000,3195989,33712488.0000,0.539516,1,1.057698,64.350079,5.259139,5.412200,88.631375,0
2017-01-23,sz.300160,70.5734865000,77.3298108000,70.5734865000,77.3298108000,70.3059093000,10105704,116248823.0000,1.705946,1,9.990486,70.778964,5.784553,5.952905,97.486080,0
2017-01-24,sz.300160,77.9987538000,82.5475662000,77.8649652000,78.8683797000,77.3298108000,33624228,401209680.0000,5.676114,1,1.989615,72.187196,5.899644,6.071345,99.425682,0
2017-01-25,sz.300160,78.1325424000,78.6008025000,75.4567704000,76.0588191000,78.8683797000,13547876,154884835.0000,2.287020,1,-3.562342,69.615642,5.689478,5.855063,95.883800,0
2017-01-26,sz.300160,76.1257134000,76.5939735000,75.3229818000,75.9919248000,76.0588191000,6515509,74055428.0000,1.099885,1,-0.087953,69.554414,5.684474,5.849914,95.799470,0
2017-02-03,sz.300160,75.9250305000,80.7414201000,75.5905590000,79.2028512000,75.9919248000,15463385,182621020.0000,2.610378,1,4.225357,72.493333,5.924663,6.097093,99.847334,0
2017-02-06,sz.300160,79.1359569000,79.6042170000,77.6642823000,79.2697455000,79.2028512000,7330619,86216198.0000,1.237484,1,0.084461,72.554561,5.929667,6.102243,99.931665,0
2017-02-07,sz.300160,77.9318595000,82.1462004000,77.9318595000,82.0124118000,79.2697455000,24966746,302383456.0000,4.214642,1,3.459914,75.064887,6.134829,6.313375,103.389216,0
2017-02-08,sz.300160,81.4103631000,83.4171921000,80.3400543000,82.4137776000,82.0124118000,14704072,180257002.0000,2.482198,1,0.489392,75.432252,6.164852,6.344273,103.895199,0
2017-02-09,sz.300160,81.8786232000,82.7482491000,80.2731600000,80.9421030000,82.4137776000,15229087,184593659.0000,2.570826,1,-1.785709,74.085248,6.054766,6.230982,102.039928,0
2017-02-10,sz.300160,81.1427859000,82.0124118000,79.6711113000,81.0758916000,80.9421030000,10757603,130470504.0000,1.815994,1,0.165285,74.207703,6.064774,6.241281,102.208589,0
2017-02-13,sz.300160,81.0758916000,82.2130947000,80.5407372000,81.6779403000,81.0758916000,7768922,94324535.0000,1.311474,1,0.742576,74.758750,6.109809,6.287628,102.967564,0
2017-02-14,sz.300160,81.6779403000,86.3605413000,80.9421030000,86.2936470000,81.6779403000,23282762,291786224.0000,3.930369,1,5.651102,78.983446,6.455081,6.642948,108.786370,0
2017-02-15,sz.300160,85.4909154000,88.3004760000,85.0226553000,87.6315330000,86.2936470000,23436195,303671072.0000,3.956270,1,1.550394,80.207995,6.555160,6.745939,110.472980,0
2017-02-16,sz.300160,86.8956957000,94.1871744000,86.4274356000,88.7018418000,87.6315330000,23781840,318708048.0000,4.014618,1,1.221373,81.187635,6.635223,6.828333,111.822268,0
2017-02-17,sz.300160,88.3004760000,89.7721506000,85.8253869000,86.2267527000,88.7018418000,11824640,154995491.0000,1.996120,1,-2.790346,78.922218,6.450077,6.637798,108.702039,0
2017-02-20,sz.300160,86.6281185000,88.4342646000,85.3571268000,87.2970615000,86.2267527000,12796613,166697506.0000,2.160199,1,1.241271,79.901858,6.530140,6.720192,110.051327,0
2017-02-21,sz.300160,86.8956957000,89.5045734000,86.2267527000,86.6950128000,87.2970615000,17956657,235161963.0000,3.031268,1,-0.689656,79.350811,6.485104,6.673845,109.292353,0
2017-02-22,sz.300160,85.8922812000,87.6984273000,85.6247040000,86.5612242000,86.6950128000,10533820,136588155.0000,1.778217,1,-0.154325,79.228356,6.475097,6.663546,109.123692,0
2017-02-23,sz.300160,86.4274356000,87.2970615000,83.9523465000,86.0260698000,86.5612242000,11337580,146007383.0000,1.913900,1,-0.618237,78.738536,6.435065,6.622350,108.449047,0
2017-02-24,sz.300160,85.8922812000,86.6950128000,84.3537123000,85.0895496000,86.0260698000,12662123,161431034.0000,2.137496,1,-1.088642,77.881351,6.365010,6.550256,107.268420,0
2017-02-27,sz.300160,85.0895496000,86.9625900000,83.9523465000,86.6281185000,85.0895496000,25879797,331339808.0000,4.368775,1,1.808172,67.461850,6.480100,6.675652,109.208022,0
2017-02-28,sz.300160,86.6950128000,89.5714677000,85.8922812000,86.9625900000,86.6281185000,18928800,247856680.0000,3.195375,1,0.386102,67.722320,6.505120,6.701427,109.629675,0
2017-03-01,sz.300160,86.9625900000,88.3673703000,86.0929641000,87.5646387000,86.9625900000,11152378,145585299.0000,1.882636,1,0.692309,68.191167,6.550156,6.747821,110.388649,0
2017-03-02,sz.300160,87.5646387000,87.9660045000,86.1598584000,86.4274356000,87.5646387000,10476309,135994905.0000,1.768508,1,-1.298702,67.305567,6.465089,6.660187,108.955031,0
2017-03-03,sz.300160,86.5612242000,89.2369962000,85.8253869000,87.7653216000,86.4274356000,8139158,106878232.0000,1.373973,1,1.547986,68.347449,6.565167,6.763286,110.641641,0
2017-03-06,sz.300160,87.6315330000,92.9830770000,87.1632729000,90.5748822000,87.7653216000,34830134,471094400.0000,5.879683,1,3.201220,70.535401,6.775333,6.979794,114.183523,0
2017-03-07,sz.300160,90.7755651000,91.9796625000,89.2369962000,90.4410936000,90.5748822000,27072635,366730448.0000,4.570138,1,-0.147707,70.431213,6.765325,6.969484,114.014862,0
2017-03-08,sz.300160,90.6417765000,90.9762480000,89.4376791000,90.1735164000,90.4410936000,10387202,140277998.0000,1.753466,1,-0.295865,70.222837,6.745309,6.948864,113.677540,0
2017-03-09,sz.300160,90.2404107000,91.4445081000,88.5011589000,89.9728335000,90.1735164000,34525024,467111328.0000,5.828178,1,-0.222550,70.066554,6.730297,6.933399,113.424548,0
2017-03-10,sz.300160,89.5045734000,90.7755651000,88.7687361000,89.1032076000,89.9728335000,18593202,249425714.0000,3.138723,1,-0.966544,69.389331,6.665246,6.866385,112.328251,0
2017-03-13,sz.300160,88.9694190000,88.9694190000,80.3400543000,84.6212895000,89.1032076000,24731294,312290960.0000,4.174896,1,-5.030031,65.899027,6.329982,6.521004,106.678107,0
2017-03-14,sz.300160,83.8185579000,85.0895496000,81.6110460000,82.9489320000,84.6212895000,17203379,213992458.0000,2.904107,1,-1.976285,64.596675,6.204884,6.392130,104.569844,0
2017-03-15,sz.300160,83.1496149000,84.8888667000,82.2799890000,83.3502978000,82.9489320000,10595906,131957349.0000,1.788697,1,0.483874,64.909239,6.234907,6.423060,105.075827,0
2017-03-16,sz.300160,83.3502978000,84.2199237000,82.6144605000,83.8854522000,83.3502978000,7283930,90805776.0000,1.229602,1,0.642054,65.325992,6.274939,6.464299,105.750471,0
2017-03-17,sz.300160,84.2868180000,85.6247040000,83.6847693000,83.8854522000,83.8854522000,14811403,188709032.0000,2.500317,1,0.000000,65.325992,6.274939,6.464299,105.750471,0
2017-03-20,sz.300160,83.8854522000,87.8991102000,82.9489320000,86.4943299000,83.8854522000,38893949,497298576.0000,6.565697,1,3.110051,67.357661,6.470093,6.665342,109.039361,0
2017-03-21,sz.300160,85.0895496000,87.1632729000,83.0827206000,84.1530294000,86.4943299000,27787112,353348080.0000,4.690749,1,-2.706886,65.534368,6.294955,6.484919,106.087793,0
2017-03-22,sz.300160,82.9489320000,85.7584926000,82.4137776000,84.4206066000,84.1530294000,18185808,231345252.0000,3.069951,1,0.317965,65.742745,6.314971,6.505539,106.425115,0
2017-03-23,sz.300160,84.0192408000,85.9591755000,83.8185579000,85.6247040000,84.4206066000,24568544,313527648.0000,4.147422,1,1.426310,66.680438,6.405041,6.598328,107.943064,0
2017-03-24,sz.300160,85.5578097000,87.0963786000,84.4206066000,85.7584926000,85.6247040000,10754415,137674889.0000,1.815455,1,0.156246,66.784626,6.415049,6.608638,108.111725,0
2017-03-27,sz.300160,85.7584926000,86.1598584000,84.4206066000,84.6212895000,85.7584926000,7056867,89662854.0000,1.191271,1,-1.326054,65.899027,6.329982,6.521004,106.678107,0
2017-03-28,sz.300160,83.4840864000,85.6247040000,83.4840864000,85.0895496000,84.6212895000,8452260,107352022.0000,1.426828,1,0.553365,66.263685,6.365010,6.557088,107.268420,0
2017-03-29,sz.300160,84.4206066000,86.0929641000,84.4206066000,84.7550781000,85.0895496000,10938145,139411273.0000,1.846471,1,-0.393083,66.003215,6.339990,6.531314,106.846768,0
2017-03-30,sz.300160,86.2936470000,86.2936470000,80.6076315000,81.8117289000,84.7550781000,9089642,113554533.0000,1.534425,1,-3.472775,63.711075,6.119817,6.304496,103.136225,0
2017-03-31,sz.300160,82.9489320000,82.9489320000,78.2663310000,80.5407372000,81.8117289000,11510709,138807385.0000,1.943126,1,-1.553553,62.721287,6.024742,6.206552,101.533945,0
2017-04-05,sz.300160,80.2731600000,82.8151434000,80.2731600000,82.1462004000,80.5407372000,4932255,60367533.0000,0.832615,1,1.993354,63.971545,6.144837,6.330271,103.557877,0
2017-04-06,sz.300160,82.2130947000,82.8820377000,81.7448346000,81.8117289000,82.1462004000,4892531,60126130.0000,0.825909,1,-0.407168,63.711075,6.119817,6.304496,103.136225,0
2017-04-07,sz.300160,81.9455175000,82.1462004000,81.0758916000,81.2096802000,81.8117289000,5605713,68384050.0000,0.946302,1,-0.735889,63.242228,6.074781,6.258102,102.377250,0
2017-04-10,sz.300160,80.2731600000,81.3434688000,78.6008025000,78.9352740000,81.2096802000,9841371,116314533.0000,1.661324,1,-2.800660,61.471029,5.904648,6.082834,99.510012,0
2017-04-11,sz.300160,78.8683797000,79.6042170000,71.0417466000,71.0417466000,78.9352740000,13947908,153286695.0000,2.354550,1,-10.000000,55.323926,5.314183,5.474550,89.559011,0
2017-04-12,sz.300160,63.9509508000,68.7004461000,63.9509508000,66.1584627000,71.0417466000,49289273,483802800.0000,8.320534,1,-6.873818,51.521057,4.948895,5.098239,83.402883,0
2017-04-13,sz.300160,64.0178451000,66.1584627000,63.6164793000,64.4861052000,66.1584627000,24245390,235618471.0000,4.092870,1,-2.527806,50.218705,4.823797,4.969366,81.294620,0
2017-04-14,sz.300160,64.6867881000,65.2219425000,63.5495850000,64.6867881000,64.4861052000,13133137,126352346.0000,2.217008,1,0.311200,50.374987,4.838809,4.984831,81.547612,0
2017-04-17,sz.300160,63.5495850000,64.6198938000,58.1980410000,58.1980410000,64.6867881000,43694092,390488320.0000,7.376010,1,-10.031030,45.321860,4.353427,4.484801,73.367552,0
2017-04-18,sz.300160,58.5325125000,59.3352441000,57.1946265000,58.5325125000,58.1980410000,13836798,121369249.0000,2.335793,1,0.574715,45.582331,4.378446,4.510576,73.789204,0
2017-04-19,sz.300160,58.8000897000,58.8000897000,55.3884804000,57.4622037000,58.5325125000,17424179,148149133.0000,2.941380,1,-1.828570,44.748825,4.298383,4.428097,72.439916,0
2017-04-20,sz.300160,57.7297809000,58.3987239000,55.7898462000,56.8601550000,57.4622037000,12119556,103748618.0000,2.045905,1,-1.047732,44.279979,4.253348,4.381702,71.680941,0
2017-04-21,sz.300160,57.1946265000,58.1311467000,56.7932607000,57.5959923000,56.8601550000,9724763,83348647.0000,1.641640,1,1.294114,44.853014,4.308391,4.438407,72.608577,0
2017-04-24,sz.300160,57.5959923000,57.8635695000,54.7864317000,55.2546918000,57.5959923000,9042499,75592468.0000,1.526466,1,-4.065034,43.029720,4.133253,4.257983,69.657009,0
2017-04-25,sz.300160,56.0574234000,59.2014555000,55.8567405000,58.6663011000,55.2546918000,16300673,140865745.0000,2.751721,1,6.174337,35.941951,4.063904,4.321955,-721.142033,0
2017-04-26,sz.300160,58.7331954000,59.1345612000,58.1980410000,58.6663011000,58.6663011000,10359943,90908418.0000,1.748864,1,0.000000,35.941951,4.063904,4.321955,-721.142033,0
2017-04-27,sz.300160,58.8669840000,62.4792762000,58.2649353000,61.4758617000,58.6663011000,16803108,152420420.0000,2.836537,1,4.789043,37.663230,4.258526,4.528935,-755.677912,0
2017-04-28,sz.300160,61.6096503000,64.5529995000,61.0744959000,63.2151135000,61.4758617000,17912505,169338201.0000,3.023814,1,2.829165,38.728784,4.379007,4.657066,-777.057265,0
2017-05-02,sz.300160,64.1516337000,64.1516337000,61.6765446000,62.6799591000,63.2151135000,10289020,96000845.0000,1.736892,1,-0.846560,38.400921,4.341936,4.617642,-770.479002,0
2017-05-03,sz.300160,62.7468534000,62.7468534000,61.0744959000,61.5427560000,62.6799591000,8638006,79733916.0000,1.458184,1,-1.814302,37.704213,4.263160,4.533864,-756.500194,0
2017-05-04,sz.300160,61.2751788000,62.0110161000,60.3386586000,60.8738130000,61.5427560000,12807435,116567966.0000,2.162026,1,-1.086950,37.294384,4.216822,4.484582,-748.277366,0
2017-05-05,sz.300160,60.8738130000,61.8772275000,60.4724472000,61.0076016000,60.8738130000,9322784,85430982.0000,1.573781,1,0.219775,37.376350,4.226089,4.494439,-749.921932,0
2017-05-08,sz.300160,60.7400244000,61.3420731000,58.3987239000,58.3987239000,61.0076016000,8566608,76504794.0000,1.446131,1,-4.276320,35.778019,4.045368,4.302242,-717.852902,0
2017-05-09,sz.300160,58.3318296000,59.8703985000,57.7297809000,59.6697156000,58.3987239000,7000509,61623315.0000,1.181758,1,2.176409,36.556693,4.133412,4.395876,-733.476275,0
2017-05-10,sz.300160,59.6697156000,60.6731301000,57.7966752000,57.7966752000,59.6697156000,8684080,76776687.0000,1.465962,1,-3.139010,35.409174,4.003664,4.257889,-710.452357,0
2017-05-11,sz.300160,57.5290980000,59.3352441000,56.9939436000,59.2683498000,57.7966752000,8986800,78041699.0000,1.517064,1,2.546288,36.310796,4.105609,4.366308,-728.542579,0
2017-05-12,sz.300160,59.2683498000,59.7366099000,58.1980410000,59.3352441000,59.2683498000,5965921,52611979.0000,1.007109,1,0.112869,36.351779,4.110243,4.371236,-729.364861,0
2017-05-15,sz.300160,59.5359270000,60.4724472000,59.2683498000,59.4690327000,59.3352441000,7256786,64959138.0000,1.225020,1,0.225484,36.433745,4.119510,4.381092,-731.009427,0
2017-05-16,sz.300160,60.0710814000,62.6799591000,59.8035042000,62.5461705000,59.4690327000,13021672,119008095.0000,2.198192,1,5.174353,38.318955,4.332668,4.607785,-768.834437,0
2017-05-17,sz.300160,62.5461705000,63.4157964000,61.4089674000,62.0779104000,62.5461705000,10930850,101644355.0000,1.845239,1,-0.748670,38.032075,4.300231,4.573288,-763.078457,0
2017-05-18,sz.300160,61.4089674000,62.0779104000,60.9407073000,61.2082845000,62.0779104000,5521026,50687375.0000,0.932006,1,-1.400863,37.499299,4.239991,4.509223,-752.388780,0
2017-05-19,sz.300160,61.2751788000,61.8772275000,61.0076016000,61.2082845000,61.2082845000,3768423,34607292.0000,0.636148,1,0.000000,37.499299,4.239991,4.509223,-752.388780,0
2017-05-22,sz.300160,61.8772275000,63.4157964000,60.9407073000,61.5427560000,61.2082845000,11714933,109254239.0000,1.977601,1,0.546450,37.704213,4.263160,4.533864,-756.500194,0
2017-05-23,sz.300160,61.6096503000,61.8772275000,58.5994068000,59.2014555000,61.5427560000,8217682,73576585.0000,1.387229,1,-3.804342,36.269813,4.100975,4.361380,-727.720296,0
2017-05-24,sz.300160,58.5325125000,59.8703985000,56.9270493000,59.5359270000,59.2014555000,6368184,55664798.0000,1.075015,1,0.564963,36.474728,4.124144,4.386020,-731.831710,0
2017-05-25,sz.300160,59.5359270000,60.9407073000,57.9304638000,60.0041871000,59.5359270000,7735724,68747151.0000,1.305869,1,0.786524,36.761607,4.156581,4.420517,-737.587690,0
2017-05-26,sz.300160,60.2048700000,61.0744959000,59.8035042000,60.8069187000,60.0041871000,5329290,48146433.0000,0.899639,1,1.337791,37.253401,4.212188,4.479654,-747.455083,0
2017-05-31,sz.300160,62.2785933000,62.6130648000,59.2683498000,59.5359270000,60.8069187000,7027775,63820094.0000,1.186360,1,-2.090215,36.474728,4.124144,4.386020,-731.831710,0
2017-06-01,sz.300160,59.4021384000,59.4021384000,57.1277322000,57.3953094000,59.5359270000,9148714,79339257.0000,1.544397,1,-3.595502,35.163277,3.975860,4.228321,-705.518660,0
2017-06-02,sz.300160,57.1277322000,59.2014555000,56.7263664000,58.5325125000,57.3953094000,6344037,54893470.0000,1.070938,1,1.981353,35.859985,4.054636,4.312099,-719.497468,0
2017-06-05,sz.300160,58.8000897000,59.6697156000,58.5994068000,58.6663011000,58.5325125000,4946143,43733375.0000,0.834960,1,0.228577,35.941951,4.063904,4.321955,-721.142033,0
2017-06-06,sz.300160,58.5325125000,59.2683498000,58.3318296000,58.9338783000,58.6663011000,4663217,41024344.0000,0.787199,1,0.456100,36.105882,4.082439,4.341667,-724.431164,0
2017-06-07,sz.300160,59.2014555000,61.8103332000,58.8669840000,61.1413902000,58.9338783000,13731876,124428278.0000,2.318081,1,3.745743,37.458316,4.235357,4.504295,-751.566498,0
2017-06-08,sz.300160,61.2751788000,61.5427560000,60.6062358000,60.6731301000,61.1413902000,6824663,62198290.0000,1.152073,1,-0.765871,37.171436,4.202920,4.469798,-745.810518,0
2017-06-09,sz.300160,60.6731298600,61.1434642000,59.3293174600,60.8075111000,60.6731298600,7031311,63070504.0000,1.186957,1,0.221489,37.089470,4.193652,4.459942,-744.165952,0
2017-06-12,sz.300160,60.5387486200,60.6059392400,58.1870769200,58.3214581600,60.8075111000,10203944,90058564.0000,1.722530,1,-4.088397,35.573105,4.022199,4.277602,-713.741488,0
2017-06-13,sz.300160,58.3214581600,59.5980799400,58.2542675400,59.3293174600,58.3214581600,5463874,48101513.0000,0.922358,1,1.728106,36.187848,4.091707,4.351523,-726.075730,0
2017-06-14,sz.300160,59.7324611800,59.9340330400,59.1277456000,59.5308893200,59.3293174600,5123096,45381551.0000,0.864831,1,0.339748,36.310796,4.105609,4.366308,-728.542579,0
2017-06-15,sz.300160,59.5308893200,62.1513235000,59.1949362200,61.8153704000,59.5308893200,13764811,125533605.0000,2.323641,1,3.837474,37.704213,4.263160,4.533864,-756.500194,0
2017-06-16,sz.300160,61.9497516400,62.4200859800,60.8075111000,61.0762735800,61.8153704000,7912914,72188709.0000,1.335781,1,-1.195649,37.253401,4.212188,4.479654,-747.455083,0
2017-06-19,sz.300160,61.0090829600,62.4872766000,60.8075111000,62.2857047400,61.0762735800,9083935,83617276.0000,1.533461,1,1.980201,37.991093,4.295597,4.568360,-762.256174,0
2017-06-20,sz.300160,62.2857047400,62.8904203200,61.7481797800,62.2857047400,62.2857047400,9225633,85585358.0000,1.557381,1,0.000000,37.991093,4.295597,4.568360,-762.256174,0
2017-06-21,sz.300160,62.3528953600,62.4872766000,61.0762735800,62.0169422600,62.2857047400,8288980,76140931.0000,1.399265,1,-0.431509,37.827161,4.277062,4.548648,-758.967043,0
2017-06-22,sz.300160,61.9497516400,62.0169422600,59.6652705600,59.7996518000,62.0169422600,9492865,85968525.0000,1.602493,1,-3.575297,36.474728,4.124144,4.386020,-731.831710,0
2017-06-23,sz.300160,59.7996518000,60.4043673800,58.7917925000,60.1356049000,59.7996518000,7335645,65056577.0000,1.238332,1,0.561800,36.679642,4.147313,4.410661,-735.943124,0
2017-06-26,sz.300160,59.9340330400,60.9418923400,59.6652705600,60.6731298600,60.1356049000,7743670,69496252.0000,1.307211,1,0.893854,37.007504,4.184384,4.450086,-742.521387,0
2017-06-27,sz.300160,60.9418923400,61.0090829600,59.9340330400,60.6059392400,60.6731298600,6790221,61203297.0000,1.146259,1,-0.110734,36.966522,4.179751,4.445158,-741.699104,0
2017-06-28,sz.300160,60.2699861400,60.4715580000,59.5980799400,59.7996518000,60.6059392400,5376173,47938868.0000,0.907553,1,-1.330386,36.474728,4.124144,4.386020,-731.831710,0
2017-06-29,sz.300160,59.9340330400,60.8075111000,59.9340330400,60.3371767600,59.7996518000,4885758,43964314.0000,0.824766,1,0.898876,36.802590,4.161215,4.425445,-738.409972,0
2017-06-30,sz.300160,60.2027955200,60.7403204800,59.8668424200,60.2699861400,60.3371767600,3983014,35718825.0000,0.672374,1,-0.111351,36.761607,4.156581,4.420517,-737.587690,0
2017-07-03,sz.300160,60.2699861400,61.6137985400,60.0684142800,61.3450360600,60.2699861400,7541993,68617103.0000,1.273166,1,1.783722,37.417333,4.230723,4.499367,-750.744215,0
2017-07-04,sz.300160,62.7560390800,63.5623265200,61.1434642000,61.6809891600,61.3450360600,15290481,141628151.0000,2.581190,1,0.547647,37.622247,4.253892,4.524007,-754.855629,0
2017-07-05,sz.300160,61.4122266800,62.1513235000,60.9418923400,61.9497516400,61.6809891600,9272912,84960525.0000,1.565363,1,0.435729,37.786178,4.272428,4.543720,-758.144760,0
2017-07-06,sz.300160,62.0169422600,62.6888484600,61.6809891600,62.0841328800,61.9497516400,10230466,94553393.0000,1.727007,1,0.216914,37.868144,4.281696,4.553576,-759.789326,0
2017-07-07,sz.300160,61.8153704000,67.1234293800,61.5466079200,66.1827607000,62.0841328800,29470671,282587648.0000,4.974951,1,6.601738,40.368097,4.564362,4.854191,-809.948578,0
2017-07-10,sz.300160,65.5108545000,66.5859044200,64.4358045800,64.6373764400,66.1827607000,21225231,206104636.0000,3.583036,1,-2.335030,39.425492,4.457783,4.740844,-791.036073,0
2017-07-11,sz.300160,63.9654702400,64.5701858200,61.6137985400,62.2185141200,64.6373764400,24820156,232638522.0000,4.189897,1,-3.742200,37.950110,4.290963,4.563432,-761.433891,0
2017-07-12,sz.300160,62.0841328800,62.7560390800,60.1356049000,62.7560390800,62.2185141200,20479935,187190629.0000,3.457223,1,0.863930,38.277972,4.328034,4.602857,-768.012154,0
2017-07-13,sz.300160,62.3528953600,63.4951359000,61.9497516400,63.0248015600,62.7560390800,12137771,113227347.0000,2.048980,1,0.428265,38.441904,4.346570,4.622570,-771.301285,0
2017-07-14,sz.300160,62.6888484600,63.6295171400,62.0169422600,62.3528953600,63.0248015600,12888747,120443480.0000,2.175753,1,-1.066102,38.032075,4.300231,4.573288,-763.078457,0
2017-07-17,sz.300160,61.8153704000,62.0169422600,57.8511238200,58.3214581600,62.3528953600,17104191,151281194.0000,2.887363,1,-6.465511,35.573105,4.022199,4.277602,-713.741488,0
2017-07-18,sz.300160,57.8511238200,59.0605549800,57.3807894800,58.7246018800,58.3214581600,8675900,75189862.0000,1.464581,1,0.691238,35.819002,4.050002,4.307170,-718.675185,0
2017-07-19,sz.300160,58.7917925000,59.5308893200,58.1198863000,59.3293174600,58.7246018800,7581083,66407979.0000,1.279764,1,1.029750,36.187848,4.091707,4.351523,-726.075730,0
2017-07-20,sz.300160,59.5308893200,60.2699861400,58.4558394000,58.4558394000,59.3293174600,9362157,82908853.0000,1.580428,1,-1.472255,35.655071,4.031467,4.287458,-715.386053,0
2017-07-21,sz.300160,58.2542675400,58.9933643600,57.9183144400,58.5230300200,58.4558394000,7822475,68019069.0000,1.320514,1,0.114945,35.696054,4.036101,4.292386,-716.208336,0
2017-07-24,sz.300160,58.2542675400,58.8589831200,57.7839332000,58.6574112600,58.5230300200,6062458,52667757.0000,1.023405,1,0.229615,35.778019,4.045368,4.302242,-717.852902,0
2017-07-25,sz.300160,58.8589831200,60.0012236600,58.5902206400,59.6652705600,58.6574112600,8784182,77680538.0000,1.482860,1,1.718220,36.392762,4.114876,4.376164,-730.187144,0
2017-07-26,sz.300160,59.6652705600,59.6652705600,59.6652705600,59.6652705600,59.6652705600,0,0.0000,,0,0.000000,36.392762,4.114876,4.376164,-730.187144,0
2017-07-27,sz.300160,59.6652705600,59.6652705600,59.6652705600,59.6652705600,59.6652705600,0,0.0000,,0,0.000000,36.392762,4.114876,4.376164,-730.187144,0
2017-07-28,sz.300160,59.6652705600,59.6652705600,59.6652705600,59.6652705600,59.6652705600,0,0.0000,,0,0.000000,36.392762,4.114876,4.376164,-730.187144,0
2017-07-31,sz.300160,59.6652705600,59.6652705600,59.6652705600,59.6652705600,59.6652705600,0,0.0000,,0,0.000000,36.392762,4.114876,4.376164,-730.187144,0
2017-08-01,sz.300160,61.3450360600,64.7045670600,60.3371767600,60.6059392400,59.6652705600,24323973,223334091.0000,4.106136,1,1.576581,36.966522,4.179751,4.445158,-741.699104,0
2017-08-02,sz.300160,59.9340330400,61.0090829600,59.5980799400,59.7324611800,60.6059392400,11782938,105419740.0000,1.989081,1,-1.441243,36.433745,4.119510,4.381092,-731.009427,0
2017-08-03,sz.300160,59.7324611800,61.4794173000,59.3965080800,60.1356049000,59.7324611800,10866143,97836922.0000,1.834316,1,0.674910,36.679642,4.147313,4.410661,-735.943124,0
2017-08-04,sz.300160,59.8668424200,60.2027955200,59.1277456000,59.1277456000,60.1356049000,9397033,83226099.0000,1.586315,1,-1.675973,36.064899,4.077805,4.336739,-723.608882,0
2017-08-07,sz.300160,59.1277456000,60.0684142800,59.0605549800,59.3965080800,59.1277456000,6172665,54625316.0000,1.042009,1,0.454545,36.228830,4.096341,4.356452,-726.898013,0
2017-08-08,sz.300160,59.3293174600,60.0012236600,58.3214581600,59.9340330400,59.3965080800,9602170,84866176.0000,1.620945,1,0.904976,36.556693,4.133412,4.395876,-733.476275,0
2017-08-09,sz.300160,59.7996518000,61.8153704000,59.5308893200,60.6059392400,59.9340330400,13922556,126195594.0000,2.350270,1,1.121081,36.966522,4.179751,4.445158,-741.699104,0
2017-08-10,sz.300160,60.7403204800,61.2778454400,59.1949362200,59.7996518000,60.6059392400,9581706,85729717.0000,1.617490,1,-1.330386,36.474728,4.124144,4.386020,-731.831710,0
2017-08-11,sz.300160,59.1277456000,59.9340330400,58.6574112600,58.7917925000,59.7996518000,10155259,89534075.0000,1.714312,1,-1.685389,35.859985,4.054636,4.312099,-719.497468,0
2017-08-14,sz.300160,58.9933643600,59.8668424200,58.5902206400,59.7996518000,58.7917925000,10148624,89683743.0000,1.713192,1,1.714281,36.474728,4.124144,4.386020,-731.831710,0
2017-08-15,sz.300160,60.0684142800,60.6731298600,59.5308893200,59.7996518000,59.7996518000,11175997,99912432.0000,1.886623,1,0.000000,36.474728,4.124144,4.386020,-731.831710,0
2017-08-16,sz.300160,59.7996518000,62.1513235000,59.5308893200,61.4794173000,59.7996518000,24083449,219569054.0000,4.065533,1,2.808989,37.499299,4.239991,4.509223,-752.388780,0
2017-08-17,sz.300160,61.6137985400,62.4200859800,61.0090829600,61.8153704000,61.4794173000,15592740,143277059.0000,2.632214,1,0.546450,37.704213,4.263160,4.533864,-756.500194,0
2017-08-18,sz.300160,61.3450360600,61.6137985400,60.8075111000,61.1434642000,61.8153704000,11041053,100382700.0000,1.863843,1,-1.086950,37.294384,4.216822,4.484582,-748.277366,0
2017-08-21,sz.300160,61.0762735800,61.5466079200,60.9418923400,61.4122266800,61.1434642000,7614203,69400593.0000,1.285355,1,0.439560,37.458316,4.235357,4.504295,-751.566498,0
2017-08-22,sz.300160,61.2778454400,61.3450360600,60.1356049000,60.1356049000,61.4122266800,11459110,103248114.0000,1.934415,1,-2.078780,33.230495,4.061399,4.238321,57.888778,0
2017-08-23,sz.300160,60.2699861400,60.4715580000,59.5308893200,59.6652705600,60.1356049000,8240790,73448633.0000,1.391130,1,-0.782119,32.970591,4.029634,4.205172,57.436017,0
2017-08-24,sz.300160,59.3293174600,59.9340330400,59.3293174600,59.5980799400,59.6652705600,5228155,46387038.0000,0.882566,1,-0.112615,32.933462,4.025096,4.200436,57.371336,0
2017-08-25,sz.300160,59.7324611800,60.2027955200,59.3293174600,59.9340330400,59.5980799400,8469716,75447266.0000,1.429775,1,0.563700,33.119107,4.047785,4.224114,57.694737,0
2017-08-28,sz.300160,60.0012236600,60.8747017200,59.9340330400,60.5387486200,59.9340330400,8766972,78947300.0000,1.479955,1,1.008970,33.453269,4.088626,4.266734,58.276859,0
2017-08-29,sz.300160,60.4715580000,60.7403204800,59.7324611800,59.8668424200,60.5387486200,8017120,71858732.0000,1.353372,1,-1.109882,33.081978,4.043247,4.219378,57.630057,0
2017-08-30,sz.300160,59.8668424200,60.1356049000,59.5308893200,59.6652705600,59.8668424200,7464720,66396865.0000,1.260121,1,-0.336697,32.970591,4.029634,4.205172,57.436017,0
2017-08-31,sz.300160,59.5980799400,59.8668424200,59.5308893200,59.7996518000,59.6652705600,6476512,57556387.0000,1.093302,1,0.225220,33.044849,4.038709,4.214643,57.565377,0
2017-09-01,sz.300160,59.9340330400,60.0684142800,59.3965080800,59.9340330400,59.7996518000,8449093,75067686.0000,1.426293,1,0.224724,33.119107,4.047785,4.224114,57.694737,0
2017-09-04,sz.300160,59.7996518000,60.2027955200,59.4636987000,60.1356049000,59.9340330400,9059973,80868509.0000,1.529416,1,0.336320,33.230495,4.061399,4.238321,57.888778,0
2017-09-05,sz.300160,60.0012236600,61.0762735800,60.0012236600,60.5387486200,60.1356049000,13617947,122790533.0000,2.298849,1,0.670396,33.453269,4.088626,4.266734,58.276859,0
2017-09-06,sz.300160,60.4043673800,60.6059392400,59.5980799400,60.4715580000,60.5387486200,9565603,85443093.0000,1.614772,1,-0.110990,33.416140,4.084088,4.261998,58.212179,0
2017-09-07,sz.300160,60.6059392400,61.2778454400,60.3371767600,60.7403204800,60.4715580000,15957893,144504212.0000,2.693856,1,0.444444,33.564656,4.102240,4.280941,58.470900,0
2017-09-08,sz.300160,60.8747017200,61.1434642000,60.1356049000,60.6059392400,60.7403204800,10286819,92881406.0000,1.736520,1,-0.221233,33.490398,4.093164,4.271470,58.341539,0
2017-09-11,sz.300160,60.5387486200,60.5387486200,59.9340330400,60.5387486200,60.6059392400,9549718,85590491.0000,1.612090,1,-0.110867,33.453269,4.088626,4.266734,58.276859,0
2017-09-12,sz.300160,60.5387486200,60.6731298600,59.7324611800,59.7996518000,60.5387486200,10605362,94814453.8600,1.790294,1,-1.220872,33.044849,4.038709,4.214643,57.565377,0
2017-09-13,sz.300160,59.5308893200,60.0012236600,59.4636987000,59.7996518000,59.7996518000,6322535,56169550.7600,1.067309,1,0.000000,33.044849,4.038709,4.214643,57.565377,0
2017-09-14,sz.300160,59.7996518000,60.0012236600,59.3293174600,59.7996518000,59.7996518000,7741886,68754409.4000,1.306910,1,0.000000,33.044849,4.038709,4.214643,57.565377,0
2017-09-15,sz.300160,59.7324611800,59.7996518000,59.2621268400,59.3293174600,59.7996518000,5963721,52797091.3800,1.006737,1,-0.786513,32.784946,4.006944,4.181494,57.112616,0
2017-09-18,sz.300160,59.1949362200,59.5308893200,59.1277456000,59.4636987000,59.3293174600,4856970,42893472.1400,0.819906,1,0.226506,32.859204,4.016020,4.190965,57.241976,0
2017-09-19,sz.300160,59.4636987000,59.5308893200,58.9933643600,59.0605549800,59.4636987000,5737087,50566488.8700,0.968479,1,-0.677971,32.636430,3.988793,4.162552,56.853895,0
2017-09-20,sz.300160,58.9261737400,59.2621268400,58.3886487800,58.8589831200,59.0605549800,6611020,57865746.9200,1.116008,1,-0.341294,32.525043,3.975179,4.148345,56.659854,0
2017-09-21,sz.300160,58.8589831200,59.6652705600,58.7917925000,59.0605549800,58.8589831200,7187304,63345185.0800,1.213291,1,0.342463,32.636430,3.988793,4.162552,56.853895,0
2017-09-22,sz.300160,58.9933643600,58.9933643600,57.5823613400,58.2542675400,59.0605549800,8751036,75592321.3200,1.477265,1,-1.365186,32.190881,3.934338,4.105725,56.077732,0
2017-09-25,sz.300160,58.2542675400,58.4558394000,57.1792176200,57.2464082400,58.2542675400,5245928,45090514.9000,0.885566,1,-1.730099,31.633946,3.866270,4.034692,55.107529,0
2017-09-26,sz.300160,57.2464082400,57.4479801000,56.4401208000,56.7760739000,57.2464082400,5534910,46900440.8000,0.934350,1,-0.821604,31.374042,3.834505,4.001543,54.654768,0
2017-09-27,sz.300160,56.9104551400,57.1792176200,56.7088832800,57.1792176200,56.7760739000,3377678,28636042.4600,0.570187,1,0.710064,31.596817,3.861732,4.029956,55.042849,0
2017-09-28,sz.300160,57.2464082400,59.0605549800,56.7760739000,57.5823613400,57.1792176200,8691405,74990551.4100,1.467198,1,0.705047,31.819591,3.888959,4.058370,55.430930,0
2017-09-29,sz.300160,57.3807894800,58.5902206400,57.1120270000,58.3214581600,57.5823613400,6145980,53074330.0000,1.037504,1,1.283554,32.228010,3.938876,4.110461,56.142413,0
2017-10-09,sz.300160,58.8589831200,58.9261737400,58.1198863000,58.6574112600,58.3214581600,6817260,59322330.5500,1.150823,1,0.576028,32.413656,3.961565,4.134138,56.465814,0
2017-10-10,sz.300160,58.3214581600,60.2699861400,58.2542675400,59.5980799400,58.6574112600,12829409,113325968.6100,2.165736,1,1.603670,32.933462,4.025096,4.200436,57.371336,0
2017-10-11,sz.300160,59.4636987000,59.6652705600,59.0605549800,59.3293174600,59.5980799400,6766193,59705806.2700,1.142203,1,-0.450958,32.784946,4.006944,4.181494,57.112616,0
2017-10-12,sz.300160,59.0605549800,59.3293174600,58.0526956800,58.2542675400,59.3293174600,7377233,64375179.5600,1.245352,1,-1.812003,32.190881,3.934338,4.105725,56.077732,0
2017-10-13,sz.300160,58.3214581600,58.7246018800,58.2542675400,58.5230300200,58.2542675400,3925020,34185973.0000,0.662584,1,0.461361,32.339397,3.952490,4.124667,56.336453,0
2017-10-16,sz.300160,58.3214581600,58.6574112600,57.1792176200,57.3135988600,58.5230300200,5926246,50926398.6300,1.000411,1,-2.066594,31.671075,3.870808,4.039427,55.172210,0
2017-10-17,sz.300160,57.3135988600,57.7167425800,57.0448363800,57.4479801000,57.3135988600,3043220,25974324.2000,0.513727,1,0.234472,31.745333,3.879884,4.048899,55.301570,0
2017-10-18,sz.300160,57.5151707200,57.9183144400,56.8432645200,57.0448363800,57.4479801000,4103580,35091976.2000,0.692726,1,-0.701759,31.522559,3.852656,4.020485,54.913489,0
2017-10-19,sz.300160,57.0448363800,57.3135988600,56.5073114200,56.7760739000,57.0448363800,3960404,33529000.6800,0.668557,1,-0.471142,31.374042,3.834505,4.001543,54.654768,0
2017-10-20,sz.300160,56.9104551400,57.5823613400,56.9104551400,57.3807894800,56.7760739000,2930063,24994881.4200,0.494625,1,1.065091,31.708204,3.875346,4.044163,55.236890,0
2017-10-23,sz.300160,57.3807894800,57.7167425800,57.2464082400,57.5823613400,57.3807894800,3000900,25687873.8000,0.506583,1,0.351285,31.819591,3.888959,4.058370,55.430930,0
2017-10-24,sz.300160,57.3807894800,57.9183144400,57.1792176200,57.7839332000,57.5823613400,3816246,32610686.8200,0.644221,1,0.350066,31.930978,3.902573,4.072576,55.624971,0
2017-10-25,sz.300160,57.7839332000,57.9855050600,57.4479801000,57.9183144400,57.7839332000,3793778,32577907.4400,0.640429,1,0.232552,32.005236,3.911649,4.082047,55.754331,0
2017-10-26,sz.300160,59.6652705600,60.4043673800,58.7246018800,58.7917925000,57.9183144400,14305499,126364341.3100,2.414915,1,1.508122,32.487914,3.970641,4.143610,56.595174,0
2017-10-27,sz.300160,58.4558394000,59.1277456000,58.1870769200,58.3886487800,58.7917925000,8365546,72927351.9100,1.412190,1,-0.685719,32.265139,3.943414,4.115196,56.207093,0
2017-10-30,sz.300160,58.2542675400,58.7246018800,56.6416926600,57.1792176200,58.3886487800,7917819,67607960.7200,1.336609,1,-2.071339,30.301960,3.800880,3.852797,374.770465,0
2017-10-31,sz.300160,57.1792176200,57.5823613400,57.0448363800,57.4479801000,57.1792176200,3014906,25722498.1200,0.508947,1,0.470035,30.444390,3.818746,3.870906,376.532018,0
2017-11-01,sz.300160,57.4479801000,57.7839332000,57.3135988600,57.3135988600,57.4479801000,3581673,30646051.3100,0.604623,1,-0.233924,30.373175,3.809813,3.861851,375.651242,0
2017-11-02,sz.300160,57.5151707200,57.5151707200,56.5073114200,56.5745020400,57.3135988600,4008240,33917841.4000,0.676632,1,-1.289562,29.981493,3.760683,3.812050,370.806970,0
2017-11-03,sz.300160,56.7760739000,56.8432645200,55.7010239800,56.0369770800,56.5745020400,4363080,36471701.0000,0.736533,1,-0.950118,29.696633,3.724952,3.775831,367.283863,0
2017-11-06,sz.300160,55.9025958400,56.7088832800,54.9619271600,56.3057395600,56.0369770800,4499083,37294963.6100,0.759491,1,0.479616,29.839063,3.742817,3.793941,369.045417,0
2017-11-07,sz.300160,56.1041677000,56.3057395600,55.6338333600,55.9697864600,56.3057395600,3395620,28212446.2000,0.573215,1,-0.596661,29.661026,3.720486,3.771304,366.843475,0
2017-11-08,sz.300160,56.0369770800,57.1120270000,55.7682146000,56.6416926600,55.9697864600,6174324,51780790.4000,1.042289,1,1.200485,30.017101,3.765149,3.816578,371.247358,0
2017-11-09,sz.300160,56.4401208000,58.3214581600,56.1713583200,57.5823613400,56.6416926600,8473243,72337450.2200,1.430370,1,1.660728,30.515605,3.827678,3.879961,377.412795,0
2017-11-10,sz.300160,57.1792176200,57.5151707200,56.8432645200,56.8432645200,57.5823613400,5143580,43682749.4000,0.868289,1,-1.283543,30.123923,3.778548,3.830160,372.568523,0
2017-11-13,sz.300160,57.1120270000,57.1120270000,55.9697864600,56.1041677000,56.8432645200,4256466,35711427.7600,0.718535,1,-1.300232,29.732241,3.729418,3.780359,367.724252,0
2017-11-14,sz.300160,56.1041677000,56.4401208000,55.4994521200,55.7010239800,56.1041677000,3770848,31389437.4400,0.636558,1,-0.718568,29.518596,3.702620,3.753194,365.081922,0
2017-11-15,sz.300160,55.7010239800,56.0369770800,55.2306896400,55.7010239800,55.7010239800,3591417,29708311.9900,0.606268,1,0.000000,29.518596,3.702620,3.753194,365.081922,0
2017-11-16,sz.300160,55.6338333600,55.9025958400,55.0963084000,55.2978802600,55.7010239800,3369540,27849277.0000,0.568813,1,-0.723769,29.304951,3.675822,3.726030,362.439592,0
2017-11-17,sz.300160,55.4322615000,55.4994521200,52.4086836000,52.4086836000,55.2978802600,9255126,73970343.8500,1.562360,1,-5.224780,27.773830,3.483768,3.531353,343.502894,0
2017-11-20,sz.300160,52.0055398800,52.6102554600,50.5945368600,52.1399211200,52.4086836000,4320558,33313281.6000,0.729354,1,-0.512820,27.631400,3.465903,3.513243,341.741341,0
2017-11-21,sz.300160,52.1399211200,52.8118273200,50.9304899600,51.4008243000,52.1399211200,5457373,41891617.8800,0.921260,1,-1.417527,27.239718,3.416772,3.463442,336.897069,0
2017-11-22,sz.300160,51.2664430600,51.9383492600,50.9976805800,51.3336336800,51.4008243000,3673789,28159782.2900,0.620173,1,-0.130722,27.204110,3.412306,3.458915,336.456681,0
2017-11-23,sz.300160,50.9976805800,51.6023961600,49.9898212800,50.2585837600,51.3336336800,4230771,31986910.4600,0.714197,1,-2.094239,26.634391,3.340844,3.386477,329.410467,0
2017-11-24,sz.300160,50.2585837600,50.5945368600,49.8554400400,50.0570119000,50.2585837600,2665420,19884897.0000,0.449950,1,-0.401072,26.527568,3.327445,3.372895,328.089302,0
2017-11-27,sz.300160,50.0570119000,50.1242025200,49.2507244600,49.3179150800,50.0570119000,3203840,23668424.0000,0.540841,1,-1.476506,26.135886,3.278315,3.323094,323.245031,0
2017-11-28,sz.300160,49.3179150800,50.0570119000,49.3179150800,50.0570119000,49.3179150800,3324090,24569139.5000,0.561140,1,1.498633,26.527568,3.327445,3.372895,328.089302,0
2017-11-29,sz.300160,50.0570119000,50.1242025200,49.4522963200,49.9226306600,50.0570119000,2771700,20516731.6000,0.467891,1,-0.268456,26.456353,3.318512,3.363840,327.208526,0
2017-11-30,sz.300160,49.9226306600,50.2585837600,49.4522963200,49.9226306600,49.9226306600,3012367,22384947.6000,0.508518,1,0.000000,26.456353,3.318512,3.363840,327.208526,0
2017-12-01,sz.300160,49.8554400400,50.5945368600,49.7210588000,50.5945368600,49.9226306600,4479915,33543908.0500,0.756256,1,1.345900,26.812428,3.363176,3.409114,331.612409,0
2017-12-04,sz.300160,50.3929650000,52.2071117400,50.3929650000,51.2664430600,50.5945368600,7078612,54067757.6000,1.194942,1,1.328020,27.168503,3.407840,3.454388,336.016292,0
2017-12-05,sz.300160,51.1320618200,51.3336336800,50.3929650000,50.5273462400,51.2664430600,4105860,30969529.4000,0.693111,1,-1.441679,26.776821,3.358710,3.404586,331.172021,0
2017-12-06,sz.300160,50.6617274800,52.7446367000,50.3929650000,52.3414929800,50.5273462400,8940077,68946749.3900,1.509177,1,3.590425,27.738222,3.479302,3.526826,343.062505,0
2017-12-07,sz.300160,52.2743023600,53.5509241400,52.1399211200,52.7446367000,52.3414929800,7372680,57912112.8000,1.244584,1,0.770217,27.951867,3.506100,3.553990,345.704835,0
2017-12-08,sz.300160,52.9462085600,53.2821616600,52.4086836000,53.1477804200,52.7446367000,5253020,41383555.4000,0.886764,1,0.764331,28.165512,3.532898,3.581154,348.347165,0
2017-12-11,sz.300160,53.2821616600,53.6181147600,52.9462085600,53.1477804200,53.1477804200,3787400,30026217.5000,0.639352,1,0.000000,28.165512,3.532898,3.581154,348.347165,0
2017-12-12,sz.300160,52.6774460800,53.2821616600,52.5430648400,53.0805898000,53.1477804200,3436223,27074341.8400,0.580070,1,-0.126419,28.129905,3.528432,3.576627,347.906777,0
2017-12-13,sz.300160,53.0805898000,54.0884491000,52.6102554600,53.6853053800,53.0805898000,4916823,39129151.9100,0.830010,1,1.139236,28.450372,3.568629,3.617373,351.870272,0
2017-12-14,sz.300160,53.8196866200,54.2228303400,53.4165429000,54.1556397200,53.6853053800,3821302,30650672.7200,0.645075,1,0.876103,28.699624,3.599894,3.649065,354.952990,0
2017-12-15,sz.300160,54.2900209600,54.2900209600,52.9462085600,53.5509241400,54.1556397200,2737100,21829158.0000,0.462051,1,-1.116633,28.379157,3.559696,3.608318,350.989495,0
2017-12-18,sz.300160,53.6853053800,53.6853053800,52.4758742200,52.7446367000,53.5509241400,2873600,22637538.4000,0.485093,1,-1.505645,27.951867,3.506100,3.553990,345.704835,0
2017-12-19,sz.300160,53.1477804200,53.6853053800,52.5430648400,52.7446367000,52.7446367000,2313440,18290595.8000,0.390532,1,0.000000,27.951867,3.506100,3.553990,345.704835,0
2017-12-20,sz.300160,52.5430648400,52.9462085600,52.0055398800,52.4086836000,52.7446367000,2114400,16460933.0000,0.356932,1,-0.636939,27.773830,3.483768,3.531353,343.502894,0
2017-12-21,sz.300160,51.9383492600,52.5430648400,51.8039680200,52.2071117400,52.4086836000,2674260,20791659.8000,0.451442,1,-0.384618,27.667007,3.470369,3.517771,342.181729,0
2017-12-22,sz.300160,52.2071117400,52.4086836000,51.0648712000,51.2664430600,52.2071117400,3197360,24532387.0000,0.539747,1,-1.801800,27.168503,3.407840,3.454388,336.016292,0
2017-12-25,sz.300160,51.3336336800,51.4680149200,50.5273462400,50.7961087200,51.2664430600,2118286,16039819.0400,0.357588,1,-0.917433,26.919250,3.376575,3.422696,332.933574,0
2017-12-26,sz.300160,50.7961087200,50.9976805800,49.6538681800,50.9304899600,50.7961087200,2128977,16023730.6400,0.359393,1,0.264550,26.990465,3.385508,3.431751,333.814351,0
2017-12-27,sz.300160,51.0648712000,51.0648712000,50.5273462400,50.6617274800,50.9304899600,1741300,13164527.0000,0.293949,1,-0.527704,26.848035,3.367642,3.413641,332.052797,0
2017-12-28,sz.300160,50.6617274800,53.2149710400,50.1913931400,51.9383492600,50.6617274800,8277039,63957216.4700,1.397249,1,2.519895,27.524577,3.452503,3.499661,340.420176,0
2017-12-29,sz.300160,53.7524960000,53.7524960000,51.9383492600,52.7446367000,51.9383492600,7389520,58071156.8000,1.247427,1,1.552392,27.951867,3.506100,3.553990,345.704835,0
2018-01-02,sz.300160,52.7446367000,53.7524960000,52.6102554600,53.6181147600,52.7446367000,6531038,51904850.2500,1.102506,1,1.656052,28.414764,3.564163,3.612846,351.429884,0
2018-01-03,sz.300160,53.6181147600,56.5073114200,52.9462085600,53.0133991800,53.6181147600,14268966,114814169.2000,2.408748,1,-1.127821,28.094297,3.523965,3.572099,347.466389,0
2018-01-04,sz.300160,52.9462085600,54.0212584800,52.4758742200,53.0805898000,53.0133991800,8277440,65505092.6000,1.397317,1,0.126746,28.129905,3.528432,3.576627,347.906777,0
2018-01-05,sz.300160,52.9462085600,53.3493522800,52.6774460800,52.9462085600,53.0805898000,2291880,18090699.2000,0.386893,1,-0.253164,28.058690,3.519499,3.567572,347.026000,0
2018-01-08,sz.300160,52.7446367000,53.1477804200,52.4086836000,52.6774460800,52.9462085600,2566840,20112466.6000,0.433309,1,-0.507614,27.916260,3.501633,3.549462,345.264447,0
2018-01-09,sz.300160,52.7446367000,52.9462085600,52.0727305000,52.2743023600,52.6774460800,2321758,18148399.7800,0.391937,1,-0.765305,27.702615,3.474835,3.522298,342.622117,0
2018-01-10,sz.300160,52.5430648400,52.5430648400,51.0648712000,51.6023961600,52.2743023600,3895580,29887642.0000,0.657614,1,-1.285352,27.346540,3.430172,3.477024,338.218234,0
2018-01-11,sz.300160,51.4008243000,52.0055398800,51.1320618200,51.6023961600,51.6023961600,2219447,17019873.9600,0.374665,1,0.000000,27.346540,3.430172,3.477024,338.218234,0
2018-01-12,sz.300160,51.7367774000,52.0727305000,50.9976805800,51.0648712000,51.6023961600,2580040,19689973.4000,0.435537,1,-1.041666,27.061680,3.394441,3.440805,334.695127,0
2018-01-15,sz.300160,50.9304899600,51.0648712000,50.0570119000,50.3929650000,51.0648712000,3850597,28941620.6000,0.650020,1,-1.315788,26.705606,3.349777,3.395532,330.291244,0
2018-01-16,sz.300160,50.5273462400,50.8632993400,50.0570119000,50.6617274800,50.3929650000,1729723,13015653.8700,0.291995,1,0.533333,26.848035,3.367642,3.413641,332.052797,0
2018-01-17,sz.300160,50.5273462400,51.4680149200,50.3257743800,51.1992524400,50.6617274800,3385895,25678950.5500,0.571574,1,1.061007,27.132895,3.403373,3.449860,335.575904,0
2018-01-18,sz.300160,51.1992524400,51.3336336800,50.6617274800,50.7961087200,51.1992524400,2639518,20003406.0400,0.445578,1,-0.787401,26.919250,3.376575,3.422696,332.933574,0
2018-01-19,sz.300160,50.9976805800,51.4008243000,50.7289181000,50.9304899600,50.7961087200,2165300,16452647.0000,0.365525,1,0.264550,26.990465,3.385508,3.431751,333.814351,0
2018-01-22,sz.300160,50.9304899600,51.6023961600,50.3929650000,51.2664430600,50.9304899600,3591960,27348271.8000,0.606360,1,0.659633,27.168503,3.407840,3.454388,336.016292,0
2018-01-23,sz.300160,51.1320618200,52.9462085600,51.1320618200,51.3336336800,51.2664430600,4943400,38020618.0000,0.834497,1,0.131058,27.204110,3.412306,3.458915,336.456681,0
2018-01-24,sz.300160,51.1992524400,51.8711586400,50.6617274800,51.6695867800,51.3336336800,3585406,27406679.4400,0.605253,1,0.654453,27.382148,3.434638,3.481552,338.658622,0
2018-01-25,sz.300160,51.2664430600,52.1399211200,51.2664430600,51.2664430600,51.6695867800,4941246,38084835.7600,0.834133,1,-0.780233,27.168503,3.407840,3.454388,336.016292,0
2018-01-26,sz.300160,51.6023961600,51.6023961600,50.9976805800,51.1320618200,51.2664430600,2978580,22703594.0000,0.502815,1,-0.262123,27.097288,3.398907,3.445333,335.135516,0
2018-01-29,sz.300160,51.0648712000,51.4008243000,49.9226306600,50.2585837600,51.1320618200,3837435,28815974.4000,0.647798,1,-1.708280,26.634391,3.340844,3.386477,329.410467,0
2018-01-30,sz.300160,50.1913931400,50.3257743800,49.7210588000,49.9898212800,50.2585837600,2290388,17033030.3200,0.386641,1,-0.534759,26.491961,3.322979,3.368367,327.648914,0
2018-01-31,sz.300160,49.3851057000,49.5866775600,47.9741026800,48.3772464000,49.9898212800,6078957,43954381.0200,1.026190,1,-3.225810,25.637381,3.215786,3.259710,317.079594,0
2018-02-01,sz.300160,48.3772464000,48.6460088800,45.8911934600,46.0255747000,48.3772464000,4227180,29511110.0000,0.713591,1,-4.861110,24.391120,3.059463,3.101252,301.666003,0
2018-02-02,sz.300160,45.8240028400,46.0255747000,44.5473810600,44.9505247800,46.0255747000,3733040,25047169.8000,0.630175,1,-2.335764,23.821400,2.988001,3.028814,294.619790,0
2018-02-05,sz.300160,44.3458092000,44.4129998200,41.7925656400,41.7925656400,44.9505247800,7291825,47011898.4300,1.230935,1,-7.025414,22.147849,2.778082,2.816028,273.921538,0
2018-02-06,sz.300160,40.8518969600,41.1206594400,37.6939378200,37.8283190600,41.7925656400,12539436,73332942.5100,2.136347,1,-9.485526,20.047008,2.514566,2.548912,247.938627,0
2018-02-07,sz.300160,38.6346065000,39.1721314600,36.9548410000,38.6346065000,37.8283190600,10524009,60028851.8600,1.792978,1,2.131437,20.474298,2.568162,2.603241,253.223287,0
2018-02-08,sz.300160,38.4330346400,39.7768470400,38.0298909200,39.4408939400,38.6346065000,6394233,37326203.4700,1.089387,1,2.086955,20.901587,2.621759,2.657569,258.507947,0
2018-02-09,sz.300160,38.3658440200,39.3065127000,37.4251753400,38.0298909200,39.4408939400,4872580,27817928.0100,0.830143,1,-3.577514,20.153830,2.527965,2.562495,249.259792,0
2018-02-12,sz.300160,38.7689877400,39.3737033200,38.0970815400,39.1721314600,38.0298909200,3172583,18386443.2200,0.540514,1,3.003535,20.759157,2.603893,2.639460,256.746394,0
2018-02-13,sz.300160,39.7096564200,39.8440376600,38.7017971200,39.3065127000,39.1721314600,3778100,22140954.8000,0.643676,1,0.343053,20.830372,2.612826,2.648515,257.627170,0
2018-02-14,sz.300160,39.6424658000,39.6424658000,38.9705596000,39.3065127000,39.3065127000,1896406,11105762.0400,0.323091,1,0.000000,20.830372,2.612826,2.648515,257.627170,0
2018-02-22,sz.300160,39.6424658000,40.6503251000,39.4408939400,39.9784189000,39.3065127000,6989600,41513850.0000,1.190820,1,1.709400,21.186447,2.657490,2.693788,262.031054,0
2018-02-23,sz.300160,39.9784189000,40.0456095200,39.5080845600,39.5752751800,39.9784189000,3543303,20927457.6400,0.603673,1,-1.008402,20.972802,2.630691,2.666624,259.388724,0
2018-02-26,sz.300160,39.9784189000,40.6503251000,39.6424658000,40.6503251000,39.5752751800,4592558,27494293.2800,0.782435,1,2.716474,21.542522,2.702153,2.739062,266.434937,0
2018-02-27,sz.300160,40.7175157200,40.8518969600,40.3143720000,40.5159438600,40.6503251000,4510063,27215604.5200,0.768380,1,-0.330578,21.471307,2.693221,2.730007,265.554160,0
2018-02-28,sz.300160,40.1799907600,40.7847063400,39.7096564200,40.3815626200,40.5159438600,4881720,29379009.4000,0.831700,1,-0.331675,29.619296,2.684288,2.625004,264.673384,0
2018-03-01,sz.300160,40.0456095200,41.5238031600,39.8440376600,41.4566125400,40.3815626200,7845860,47915907.8500,1.336701,1,2.662227,30.407829,2.755750,2.694888,271.719597,0
2018-03-02,sz.300160,41.1206594400,41.3222313000,40.4487532400,40.5159438600,41.4566125400,4983563,30331066.8500,0.849051,1,-2.269042,29.717862,2.693221,2.633740,265.554160,0
2018-03-05,sz.300160,40.4487532400,40.8518969600,40.1799907600,40.7847063400,40.5159438600,3405899,20520157.0700,0.580264,1,0.663349,29.914996,2.711086,2.651211,267.315714,0
2018-03-06,sz.300160,41.5909937800,41.9941375000,40.9862782000,41.5238031600,40.7847063400,6177356,38060524.1000,1.052438,1,1.812185,30.457113,2.760216,2.699256,272.159985,0
2018-03-07,sz.300160,41.2550406800,41.5238031600,40.7847063400,40.7847063400,41.5238031600,4078711,24972090.6500,0.694891,1,-1.779930,29.914996,2.711086,2.651211,267.315714,0
2018-03-08,sz.300160,40.7175157200,41.3894219200,40.7175157200,41.3894219200,40.7847063400,2752682,16861567.2800,0.468975,1,1.482696,30.358546,2.751283,2.690520,271.279208,0
2018-03-09,sz.300160,41.5238031600,43.6739030000,41.1878500600,43.0691874200,41.3894219200,12900419,81856080.6200,2.197847,1,4.058442,31.590630,2.862943,2.799713,282.288917,0
2018-03-12,sz.300160,43.0019968000,44.2786185800,42.8676155600,44.0770467200,43.0691874200,8398997,54507914.8300,1.430939,1,2.340095,32.329880,2.929938,2.865229,288.894741,0
2018-03-13,sz.300160,44.0770467200,44.1442373400,43.4051405200,43.9426654800,44.0770467200,4780440,31158358.8700,0.814445,1,-0.304878,32.231313,2.921005,2.856494,288.013965,0
2018-03-14,sz.300160,43.7410936200,46.8318621400,43.6067123800,45.2192872600,43.9426654800,22444419,151255678.6100,3.823861,1,2.905200,33.167697,3.005866,2.939481,296.381343,0
2018-03-15,sz.300160,45.0849060200,45.2192872600,43.6739030000,44.8833341600,45.2192872600,10927528,72425024.7600,1.861725,1,-0.742945,32.921280,2.983535,2.917642,294.179401,0
2018-03-16,sz.300160,44.8161435400,46.0255747000,44.4129998200,45.3536685000,44.8833341600,7825737,52492342.6500,1.333273,1,1.047907,33.266264,3.014799,2.948216,297.262120,0
2018-03-19,sz.300160,45.2192872600,46.9662433800,44.8833341600,45.4880497400,45.3536685000,9585779,65793441.9300,1.633131,1,0.296296,33.364831,3.023732,2.956952,298.142896,0
2018-03-20,sz.300160,45.0177154000,45.4208591200,44.1442373400,44.9505247800,45.4880497400,3569056,23826936.6900,0.608061,1,-1.181683,32.970564,2.988001,2.922010,294.619790,0
2018-03-21,sz.300160,45.0177154000,45.6224309800,44.4129998200,44.5473810600,44.9505247800,5173753,34525417.7900,0.881453,1,-0.896860,32.674864,2.961203,2.895803,291.977460,0
2018-03-22,sz.300160,44.2114279600,46.8990527600,43.4051405200,45.5552403600,44.5473810600,13354027,90527691.5600,2.275129,1,2.262445,33.414114,3.028198,2.961319,298.583285,0
2018-03-23,sz.300160,44.3458092000,45.0849060200,42.3972812200,43.7410936200,45.5552403600,7802165,50869911.1500,1.329257,1,-3.982300,32.083463,2.907606,2.843391,286.692800,0
2018-03-26,sz.300160,42.3300906000,44.0098561000,42.3300906000,43.8082842400,43.7410936200,3208799,20775314.1500,0.546684,1,0.153606,32.132747,2.912073,2.847758,287.133188,0
2018-03-27,sz.300160,44.0098561000,44.9505247800,44.0098561000,44.8161435400,43.8082842400,5170924,34378995.8000,0.880971,1,2.300615,32.871997,2.979068,2.913274,293.739013,0
2018-03-28,sz.300160,44.3458092000,45.8240028400,44.0098561000,45.2864778800,44.8161435400,5538444,37136633.7000,0.943586,1,1.049471,33.216981,3.010333,2.943848,296.821731,0
2018-03-29,sz.300160,45.2192872600,45.8240028400,44.8161435400,45.3536685000,45.2864778800,5528571,37352771.1700,0.941904,1,0.148371,33.266264,3.014799,2.948216,297.262120,0
2018-03-30,sz.300160,45.6896216000,45.6896216000,44.9505247800,44.9505247800,45.3536685000,4799016,32407749.5900,0.817609,1,-0.888888,32.970564,2.988001,2.922010,294.619790,0
2018-04-02,sz.300160,45.2864778800,45.4880497400,44.4801904400,44.9505247800,44.9505247800,3807200,25480632.3200,0.648634,1,0.000000,32.970564,2.988001,2.922010,294.619790,0
2018-04-03,sz.300160,44.4801904400,44.4801904400,43.8082842400,43.9426654800,44.9505247800,2729402,17901375.9000,0.465009,1,-2.242154,32.231313,2.921005,2.856494,288.013965,0
2018-04-04,sz.300160,44.0098561000,44.4129998200,43.2035686600,43.2707592800,43.9426654800,2718352,17726102.2800,0.463126,1,-1.529050,31.738480,2.876342,2.812817,283.610082,0
2018-04-09,sz.300160,42.6660437000,43.2707592800,42.3972812200,42.6660437000,43.2707592800,2338840,14896134.8000,0.398469,1,-1.397518,31.294930,2.836144,2.773507,279.646587,0
2018-04-10,sz.300160,42.1957093600,42.6660437000,40.7175157200,42.1957093600,42.6660437000,4801256,29912090.2300,0.817991,1,-1.102358,30.949946,2.804880,2.742933,276.563868,0
2018-04-11,sz.300160,42.1957093600,42.3972812200,41.5909937800,41.9941375000,42.1957093600,3369294,21061145.7400,0.574027,1,-0.477710,30.802096,2.791481,2.729830,275.242703,0
2018-04-12,sz.300160,41.7925656400,42.3972812200,40.7847063400,41.8597562600,41.9941375000,2750669,17222018.1200,0.468632,1,-0.320000,30.703530,2.782548,2.721094,274.361927,0
2018-04-13,sz.300160,42.0613281200,42.2628999800,41.3222313000,41.3894219200,41.8597562600,2341100,14533991.0000,0.398854,1,-1.123598,30.358546,2.751283,2.690520,271.279208,0
2018-04-16,sz.300160,41.1206594400,41.3894219200,40.1799907600,40.2471813800,41.3894219200,3106960,18852613.4000,0.529333,1,-2.759742,29.520729,2.675355,2.616269,263.792607,0
2018-04-17,sz.300160,39.9784189000,40.7175157200,38.8361783600,39.0377502200,40.2471813800,3651774,21450378.8000,0.622154,1,-3.005006,28.633629,2.594961,2.537650,255.865617,0
2018-04-18,sz.300160,39.1721314600,40.7847063400,38.7689877400,40.6503251000,39.0377502200,4065766,24032645.6000,0.692685,1,4.130813,29.816429,2.702153,2.642475,266.434937,0
2018-04-19,sz.300160,40.5831344800,40.7175157200,39.9784189000,40.6503251000,40.6503251000,2603126,15631677.7000,0.443495,1,0.000000,29.816429,2.702153,2.642475,266.434937,0
2018-04-20,sz.300160,40.3815626200,40.5831344800,40.0456095200,40.2471813800,40.6503251000,2400600,14409851.6000,0.408991,1,-0.991742,29.520729,2.675355,2.616269,263.792607,0
2018-04-23,sz.300160,40.2471813800,41.8597562600,39.1721314600,40.7847063400,40.2471813800,2324860,14049945.7400,0.396087,1,1.335566,29.914996,2.711086,2.651211,267.315714,0
2018-04-24,sz.300160,40.4487532400,41.7253750200,40.4487532400,41.5238031600,40.7847063400,2859920,17605592.2000,0.482784,1,1.812185,30.457113,2.760216,2.699256,272.159985,0
2018-04-25,sz.300160,41.1878500600,41.9941375000,40.9862782000,41.7253750200,41.5238031600,2515453,15546838.5400,0.424634,1,0.485440,47.573561,2.763701,2.755517,74.798864,0
2018-04-26,sz.300160,41.5238031600,41.5238031600,40.3143720000,40.3143720000,41.7253750200,1816400,11042840.6000,0.306627,1,-3.381643,45.964793,2.670242,2.662336,72.269434,0
2018-04-27,sz.300160,40.9190875800,41.2550406800,40.3815626200,40.7175157200,40.3143720000,2070040,12599186.2000,0.349444,1,0.999999,46.424441,2.696945,2.688959,72.992128,0
2018-05-02,sz.300160,40.7175157200,40.7175157200,39.9784189000,40.2471813800,40.7175157200,1652773,9911041.2800,0.279005,1,-1.155118,45.888185,2.665792,2.657898,72.148985,0
2018-05-03,sz.300160,40.2471813800,41.7925656400,39.9784189000,41.7253750200,40.2471813800,4186215,25657922.3200,0.706676,1,3.672793,47.573561,2.763701,2.755517,74.798864,0
2018-05-04,sz.300160,41.7253750200,41.8597562600,41.2550406800,41.5909937800,41.7253750200,1891760,11715547.0000,0.319348,1,-0.322061,47.420345,2.754800,2.746643,74.557966,0
2018-05-07,sz.300160,41.6581844000,41.9941375000,41.5238031600,41.6581844000,41.5909937800,1920400,11930169.0000,0.324183,1,0.161547,47.496953,2.759250,2.751080,74.678415,0
2018-05-08,sz.300160,41.7925656400,42.1285187400,41.3894219200,41.7253750200,41.6581844000,2240166,13920949.0400,0.378163,1,0.161294,47.573561,2.763701,2.755517,74.798864,0
2018-05-09,sz.300160,41.6581844000,41.9941375000,41.3894219200,41.5238031600,41.7253750200,1949255,12076942.4200,0.329054,1,-0.483095,47.343737,2.750349,2.742206,74.437517,0
2018-05-10,sz.300160,41.4566125400,43.0019968000,41.4566125400,41.7253750200,41.5238031600,3900340,24428405.9200,0.658417,1,0.485440,47.573561,2.763701,2.755517,74.798864,0
2018-05-11,sz.300160,41.5909937800,45.5552403600,41.4566125400,41.7925656400,41.7253750200,17829005,112454539.8300,3.009719,1,0.161027,47.650169,2.768151,2.759955,74.919313,0
2018-05-14,sz.300160,41.3894219200,41.4566125400,38.2314627800,38.4330346400,41.7925656400,11171590,65581632.8400,1.885879,1,-8.038586,43.819770,2.545631,2.538093,68.896860,0
2018-05-15,sz.300160,38.3658440200,38.9705596000,38.0970815400,38.6346065000,38.4330346400,3762160,21583789.8000,0.635091,1,0.524479,44.049594,2.558982,2.551405,69.258207,0
2018-05-16,sz.300160,38.5002252600,38.8361783600,38.4330346400,38.4330346400,38.6346065000,2412203,13859667.3900,0.407205,1,-0.521743,43.819770,2.545631,2.538093,68.896860,0
2018-05-17,sz.300160,38.6346065000,38.8361783600,38.2986534000,38.4330346400,38.4330346400,2342923,13441378.5600,0.395509,1,0.000000,43.819770,2.545631,2.538093,68.896860,0
2018-05-18,sz.300160,38.5674158800,38.6346065000,37.8283190600,38.3658440200,38.4330346400,3023140,17222877.0000,0.510337,1,-0.174821,43.743162,2.541180,2.533656,68.776411,0
2018-05-21,sz.300160,38.6346065000,39.1049408400,38.3658440200,38.9033689800,38.3658440200,3122040,18012785.2000,0.527032,1,1.401049,44.356025,2.576784,2.569154,69.740004,0
2018-05-22,sz.300160,38.9033689800,39.4408939400,38.5674158800,38.7689877400,38.9033689800,4957800,28700794.0000,0.836927,1,-0.345423,44.202810,2.567883,2.560279,69.499106,0
2018-05-23,sz.300160,38.7689877400,39.4408939400,37.6267472000,38.7017971200,38.7689877400,5207360,29967813.6000,0.879056,1,-0.173306,44.126202,2.563433,2.555842,69.378656,0
2018-05-24,sz.300160,38.5674158800,38.9033689800,38.1642721600,38.2314627800,38.7017971200,2254520,12907764.2000,0.380586,1,-1.215281,43.589946,2.532280,2.524782,68.535513,0
2018-05-25,sz.300160,38.3658440200,38.5002252600,36.2829348000,37.0220316200,38.2314627800,4405820,24554638.8000,0.743748,1,-3.163442,42.211002,2.452172,2.444912,66.367430,0
2018-05-28,sz.300160,37.0220316200,38.9705596000,36.5516972800,37.4251753400,37.0220316200,4191383,23413179.4100,0.707548,1,1.088928,42.670650,2.478875,2.471535,67.090124,0
2018-05-29,sz.300160,37.0220316200,37.6267472000,35.4766473600,35.6110286000,37.4251753400,2899946,15857714.5700,0.489541,1,-4.847396,40.602234,2.358714,2.351730,63.838000,0
2018-05-30,sz.300160,34.3344068200,35.3422661200,33.8640724800,34.1328349600,35.6110286000,4641240,23956194.0000,0.783489,1,-4.150949,38.916858,2.260805,2.254111,61.188121,0
2018-05-31,sz.300160,34.2672162000,35.6110286000,34.1328349600,35.4094567400,34.1328349600,5404792,28112973.9700,0.912384,1,3.740159,40.372410,2.345363,2.338418,63.476653,0
2018-06-01,sz.300160,35.3422661200,35.3422661200,34.6703599200,34.9391224000,35.4094567400,2533820,13181774.7700,0.427735,1,-1.328277,39.836154,2.314210,2.307358,62.633509,0
2018-06-04,sz.300160,34.8719317800,35.3422661200,34.6703599200,34.7375505400,34.9391224000,1342577,6985286.3200,0.226641,1,-0.576918,39.606330,2.300859,2.294046,62.272162,0
2018-06-05,sz.300160,34.5359786800,35.4094567400,34.5359786800,35.0063130200,34.7375505400,2207940,11504471.2000,0.372723,1,0.773694,39.912762,2.318660,2.311795,62.753958,0
2018-06-06,sz.300160,35.0735036400,35.2078848800,34.2672162000,34.5359786800,35.0063130200,2089813,10811630.9600,0.352782,1,-1.343573,39.376506,2.287507,2.280734,61.910815,0
2018-06-07,sz.300160,34.7375505400,34.8047411600,33.4609287600,33.7296912400,34.5359786800,4202820,21221714.4600,0.709479,1,-2.334628,38.457210,2.234103,2.227487,60.465426,0
2018-06-08,sz.300160,33.2593569000,34.9391224000,33.1921662800,34.3344068200,33.7296912400,3920280,19928010.6000,0.661783,1,1.792832,39.146682,2.274156,2.267423,61.549468,0
2018-06-11,sz.300160,34.2672162000,34.2672162000,33.3937381400,33.6625006200,34.3344068200,2132699,10700544.9900,0.360021,1,-1.956945,38.380602,2.229652,2.223050,60.344977,0
2018-06-12,sz.300160,33.9312631000,33.9312631000,33.2593569000,33.8640724800,33.6625006200,2319520,11607109.4000,0.391559,1,0.598797,38.610426,2.243003,2.236362,60.706324,0
2018-06-13,sz.300160,33.6625006200,33.7968818600,32.5874507000,32.5874507000,33.8640724800,2415500,11933417.2000,0.407761,1,-3.769843,37.154875,2.158446,2.152055,58.417792,0
2018-06-14,sz.300160,32.7223874000,32.9247939200,29.3489454000,30.6983222000,32.5874497200,7075481,32748401.4800,1.194414,1,-5.797096,34.856635,2.024934,2.018938,54.804321,0
2018-06-15,sz.300160,30.2935091600,30.9681975600,29.8886961200,30.2935091600,30.6983222000,3160160,14249068.3200,0.533467,1,-1.318690,34.396987,1.998231,1.992315,54.081626,0
2018-06-19,sz.300160,30.0236338000,30.0236338000,27.2574113600,27.3923490400,30.2935091600,5635694,23667713.7800,0.951363,1,-9.576834,31.102843,1.806864,1.801514,48.902317,0
2018-06-20,sz.300160,27.5272867200,28.2019751200,27.1224736800,27.7971620800,27.3923490400,4762803,19590237.8200,0.804010,1,1.477831,31.562491,1.833566,1.828137,49.625011,0
2018-06-21,sz.300160,27.9320997600,28.2694439600,27.1224736800,27.1224736800,27.7971620800,3441125,14118836.9500,0.580897,1,-2.427182,30.796411,1.789062,1.783765,48.420521,0
2018-06-22,sz.300160,27.0550048400,27.8646309200,26.8525983200,27.3248802000,27.1224736800,3149140,12815028.4000,0.531607,1,0.746274,31.026235,1.802413,1.797077,48.781868,0
2018-06-25,sz.300160,27.9320997600,28.1345062800,27.3248802000,27.5272867200,27.3248802000,2564060,10540970.2000,0.432840,1,0.740734,31.256059,1.815765,1.810388,49.143215,0
2018-06-26,sz.300160,27.2574113600,27.9320997600,26.9875360000,27.9320997600,27.5272867200,2426806,9933258.4100,0.409670,1,1.470587,31.715707,1.842467,1.837012,49.865909,0
2018-06-27,sz.300160,27.7971620800,27.9995686000,27.3923490400,27.4598178800,27.9320997600,1989940,8168815.8000,0.335922,1,-1.690814,31.179451,1.811314,1.805951,49.022766,0
2018-06-28,sz.300160,27.3923490400,27.8646309200,27.1899425200,27.1899425200,27.4598178800,1928980,7883697.8000,0.325632,1,-0.982800,30.873019,1.793513,1.788202,48.540970,0
2018-06-29,sz.300160,27.1899425200,28.8766635200,27.1899425200,28.3369128000,27.1899425200,5686574,23889818.6600,0.959952,1,4.218352,32.175355,1.869170,1.863635,50.588604,0
2018-07-02,sz.300160,28.2694439600,28.4718504800,27.5947555600,27.6622244000,28.3369128000,3390700,14057804.2000,0.572385,1,-2.380950,31.409275,1.824666,1.819263,49.384113,0
2018-07-03,sz.300160,27.5947555600,28.4043816400,27.5947555600,28.3369128000,27.6622244000,3441143,14302082.8200,0.580900,1,2.439022,32.175355,1.869170,1.863635,50.588604,0
2018-07-04,sz.300160,28.3369128000,31.0356664000,28.1345062800,28.9441323600,28.3369128000,10202655,44608992.3200,1.722313,1,2.142861,32.864827,1.909223,1.903570,51.672645,0
2018-07-05,sz.300160,28.4718504800,28.8766635200,27.5947555600,27.7296932400,28.9441323600,5973577,24875965.5500,1.008401,1,-4.195800,31.485883,1.829116,1.823700,49.504562,0
2018-07-06,sz.300160,27.5272867200,28.1345062800,26.3803164400,27.5272867200,27.7296932400,4302400,17508619.0000,0.726289,1,-0.729932,31.256059,1.815765,1.810388,49.143215,0
2018-07-09,sz.300160,27.3923490400,27.9995686000,27.3248802000,27.9320997600,27.5272867200,2428361,10003263.0800,0.409932,1,1.470587,31.715707,1.842467,1.837012,49.865909,0
2018-07-10,sz.300160,27.8646309200,28.0670374400,27.6622244000,28.0670374400,27.9320997600,1650200,6817012.7900,0.278571,1,0.483091,31.868923,1.851368,1.845886,50.106807,0
2018-07-11,sz.300160,27.7971620800,27.7971620800,26.9200671600,27.1224736800,28.0670374400,2559500,10338544.0000,0.432070,1,-3.365381,30.796411,1.789062,1.783765,48.420521,0
2018-07-12,sz.300160,27.1899425200,27.9320997600,27.1224736800,27.7971620800,27.1224736800,2403120,9865747.2000,0.405671,1,2.487560,31.562491,1.833566,1.828137,49.625011,0
2018-07-13,sz.300160,27.8646309200,28.3369128000,27.5947555600,28.2019751200,27.7971620800,2850400,11828954.8000,0.481177,1,1.456309,32.022139,1.860269,1.854761,50.347706,0
2018-07-16,sz.300160,28.1345062800,28.2694439600,27.7971620800,28.0670374400,28.2019751200,1687700,6999970.0000,0.284901,1,-0.478469,31.868923,1.851368,1.845886,50.106807,0
2018-07-17,sz.300160,27.8646309200,28.2694439600,27.7971620800,28.2019751200,28.0670374400,1845058,7667176.9600,0.311465,1,0.480769,32.022139,1.860269,1.854761,50.347706,0
2018-07-18,sz.300160,28.1345062800,29.1465388800,28.1345062800,28.1345062800,28.2019751200,4274240,18158853.4200,0.721535,1,-0.239229,31.945531,1.855818,1.850323,50.227257,0
2018-07-19,sz.300160,27.8646309200,28.4718504800,27.5947555600,27.6622244000,28.1345062800,2650040,10949583.4000,0.447354,1,-1.678661,31.409275,1.824666,1.819263,49.384113,0
2018-07-20,sz.300160,27.6622244000,28.1345062800,27.6622244000,28.1345062800,27.6622244000,1929360,7994235.8000,0.325696,1,1.707321,31.945531,1.855818,1.850323,50.227257,0
2018-07-23,sz.300160,28.2019751200,28.7417258400,27.9320997600,28.6742570000,28.1345062800,2350940,9878434.2000,0.396863,1,1.918463,32.558395,1.891422,1.885821,51.190849,0
2018-07-24,sz.300160,28.5393193200,29.4838830800,28.4718504800,29.2814765600,28.6742570000,4036500,17436834.4000,0.681403,1,2.117651,33.247867,1.931475,1.925756,52.274890,0
2018-07-25,sz.300160,29.2814765600,30.6308533600,28.8766635200,29.8212272800,29.2814765600,7045012,30946398.9600,1.189270,1,1.843316,33.860731,1.967078,1.961254,53.238483,0
2018-07-26,sz.300160,29.5513519200,30.0911026400,29.3489454000,30.0236338000,29.8212272800,4731928,20919426.4800,0.798798,1,0.678727,34.090555,1.980430,1.974566,53.599830,0
2018-07-27,sz.300160,30.0236338000,30.0911026400,29.1465388800,29.3489454000,30.0236338000,3397848,14889235.8000,0.573592,1,-2.247189,33.324475,1.935926,1.930193,52.395340,0
2018-07-30,sz.300160,29.3489454000,30.6308533600,29.2814765600,30.4284468400,29.3489454000,11412840,50991139.8200,1.926604,1,3.678168,34.550203,2.007132,2.001189,54.322524,0
2018-07-31,sz.300160,30.0236338000,33.4645446400,29.6862896000,32.7223874000,30.4284468400,15798207,74320798.7200,2.666899,1,7.538795,37.154875,2.158446,2.152055,58.417792,0
2018-08-01,sz.300160,31.8452924800,33.0597316000,31.2380729200,31.3055417600,32.7223874000,12397316,59116327.5600,2.092794,1,-4.329898,35.546107,2.064987,2.058873,55.888362,0
2018-08-02,sz.300160,31.0356664000,33.4645446400,30.4959156800,33.1272004400,31.3055417600,16901915,80416013.8800,2.853216,1,5.818965,37.614522,2.185148,2.178678,59.140487,0
2018-08-03,sz.300160,32.9247939200,35.4211410000,32.0476990000,34.2067018800,33.1272004400,21813055,110511955.5000,3.682267,1,3.258663,38.840250,2.256355,2.249674,61.067672,0
2018-08-06,sz.300160,33.7344200000,35.4211410000,32.8573250800,33.6669511600,34.2067018800,16728159,85182949.4800,2.823885,1,-1.577917,38.227386,2.220751,2.214176,60.104079,0
2018-08-07,sz.300160,33.4645446400,34.1392330400,31.0356664000,33.7344200000,33.6669511600,14922515,71758206.0100,2.519073,1,0.200405,38.303994,2.225202,2.218613,60.224528,0
2018-08-08,sz.300160,33.0597316000,34.2067018800,32.3850432000,32.9247939200,33.7344200000,10379384,51160573.0400,1.752146,1,-2.399998,37.384699,2.171797,2.165366,58.779140,0
2018-08-09,sz.300160,32.1151678400,33.3970758000,32.1151678400,33.1272004400,32.9247939200,9471723,46067214.6300,1.598924,1,0.614749,37.614522,2.185148,2.178678,59.140487,0
2018-08-10,sz.300160,32.9922627600,33.3296069600,32.4525120400,33.0597316000,33.1272004400,6025963,29354373.7900,1.017244,1,-0.203661,37.537914,2.180698,2.174241,59.020038,0
2018-08-13,sz.300160,32.7223874000,33.2621381200,31.3055417600,33.1272004400,33.0597316000,8735253,41892415.1100,1.474600,1,0.204077,37.614522,2.185148,2.178678,59.140487,0
2018-08-14,sz.300160,32.7223874000,34.0717642000,32.6549185600,33.3970758000,33.1272004400,8512350,42224096.5000,1.436972,1,0.814663,37.920954,2.202950,2.196427,59.622283,0
2018-08-15,sz.300160,33.3970758000,33.3970758000,32.0476990000,32.5199808800,33.3970758000,4060884,19554367.0400,0.685519,1,-2.626255,36.925051,2.145095,2.138743,58.056445,0
2018-08-16,sz.300160,32.2501055200,33.5994823200,31.7103548000,32.2501055200,32.5199808800,4092600,19820019.2000,0.690873,1,-0.829875,36.618619,2.127293,2.120994,57.574649,0
2018-08-17,sz.300160,32.4525120400,32.7223874000,31.0356664000,31.5079482800,32.2501055200,3449500,16281045.7700,0.582311,1,-2.301258,35.775931,2.078339,2.072185,56.249709,0
2018-08-20,sz.300160,31.6428859600,32.5199808800,30.0236338000,31.7778236400,31.5079482800,4488130,20651553.6700,0.757642,1,0.856530,36.082363,2.096140,2.089933,56.731506,0
2018-08-21,sz.300160,31.4404794400,32.4525120400,31.4404794400,31.9802301600,31.7778236400,2742423,12940312.0400,0.462949,1,0.636937,36.312187,2.109491,2.103245,57.092853,0
2018-08-22,sz.300160,31.9802301600,32.4525120400,31.4404794400,32.3850432000,31.9802301600,2557823,12119581.5800,0.431787,1,1.265832,36.771835,2.136194,2.129869,57.815547,0
2018-08-23,sz.300160,32.3850432000,33.0597316000,32.1151678400,32.9922627600,32.3850432000,3497943,16950098.1700,0.590489,1,1.874993,37.461307,2.176247,2.169804,58.899589,0
2018-08-24,sz.300160,33.1946692800,33.5320134800,32.5199808800,33.5320134800,32.9922627600,4117603,20241779.3600,0.695094,1,1.635990,38.074170,2.211851,2.205301,59.863181,0
2018-08-27,sz.300160,33.5994823200,34.2067018800,33.3296069600,34.0717642000,33.5320134800,5449115,27341562.6000,0.920259,1,1.609666,38.687034,2.247454,2.240799,60.826773,0
2018-08-28,sz.300160,34.0717642000,34.2067018800,33.5994823200,33.7344200000,34.0717642000,6279195,31475993.2500,1.060445,1,-0.990103,49.545700,2.190081,2.174569,-71.649962,0
2018-08-29,sz.300160,33.4645446400,33.8693576800,33.3970758000,33.4645446400,33.7344200000,2899860,14427385.4000,0.489735,1,-0.799999,49.149335,2.172561,2.157173,-71.076762,0
2018-08-30,sz.300160,33.5320134800,33.6669511600,31.9802301600,32.3850432000,33.4645446400,4714503,22724435.8000,0.796196,1,-3.225803,47.563872,2.102478,2.087587,-68.783964,0
2018-08-31,sz.300160,32.6549185600,32.6549185600,31.8452924800,31.8452924800,32.3850432000,2877200,13682143.1000,0.485908,1,-1.666675,46.771141,2.067437,2.052793,-67.637564,0
2018-09-03,sz.300160,31.7103548000,32.5199808800,30.9681975600,31.4404794400,31.8452924800,1711331,7969253.5500,0.289014,1,-1.271185,46.176593,2.041156,2.026699,-66.777765,0
2018-09-04,sz.300160,31.4404794400,31.4404794400,30.4959156800,30.9007287200,31.4404794400,4134100,18953372.0000,0.698176,1,-1.716737,45.383861,2.006115,1.991905,-65.631365,0
2018-09-05,sz.300160,30.9007287200,31.0356664000,30.2260403200,30.2935091600,30.9007287200,2550061,11572238.9800,0.430660,1,-1.965069,44.492039,1.966693,1.952763,-64.341666,0
2018-09-06,sz.300160,30.2260403200,30.4284468400,29.4838830800,29.6862896000,30.2935091600,3148160,13936089.4000,0.531669,1,-2.004447,43.600216,1.927272,1.913621,-63.051967,0
2018-09-07,sz.300160,29.6188207600,30.1585714800,29.3489454000,29.8212272800,29.6862896000,1623669,7175611.3300,0.274209,1,0.454545,43.798399,1.936032,1.922319,-63.338566,0
2018-09-10,sz.300160,30.0236338000,30.0236338000,28.6067881600,28.6067881600,29.8212272800,1509749,6546993.2200,0.254970,1,-4.072405,42.014754,1.857189,1.844035,-60.759168,0
2018-09-11,sz.300160,28.6742570000,29.0116012000,28.4043816400,28.9441323600,28.6067881600,1630339,6944678.5800,0.275335,1,1.179250,42.510211,1.879090,1.865780,-61.475667,0
2018-09-12,sz.300160,28.9441323600,29.3489454000,28.6742570000,29.0116012000,28.9441323600,999640,4307244.6000,0.168822,1,0.233106,42.609302,1.883470,1.870130,-61.618967,0
2018-09-13,sz.300160,29.2814765600,29.3489454000,28.6742570000,29.0790700400,29.0116012000,1013322,4364701.1800,0.171132,1,0.232552,42.708394,1.887850,1.874479,-61.762267,0
2018-09-14,sz.300160,29.0116012000,29.5513519200,28.7417258400,28.8091946800,29.0790700400,1116040,4796998.4000,0.188479,1,-0.928073,42.312028,1.870329,1.857082,-61.189068,0
2018-09-17,sz.300160,28.8091946800,29.0116012000,27.3248802000,27.6622244000,28.8091946800,2555900,10532899.0000,0.431646,1,-3.981266,40.627474,1.795867,1.783147,-58.752969,0
2018-09-18,sz.300160,27.6622244000,28.0670374400,27.3248802000,27.9995686000,27.6622244000,3434500,14184613.5100,0.580026,1,1.219517,41.122931,1.817768,1.804893,-59.469468,0
2018-09-19,sz.300160,27.9995686000,28.5393193200,27.7296932400,28.4718504800,27.9995686000,4420200,18425367.0000,0.746494,1,1.686740,41.816571,1.848429,1.835336,-60.472568,0
2018-09-20,sz.300160,28.4043816400,28.8766635200,28.3369128000,28.6067881600,28.4718504800,2713500,11499124.0000,0.458262,1,0.473933,42.014754,1.857189,1.844035,-60.759168,0
2018-09-21,sz.300160,28.6067881600,29.5513519200,28.6067881600,29.4164142400,28.6067881600,3440580,14866165.6000,0.581053,1,2.830197,43.203851,1.909751,1.896224,-62.478767,0
2018-09-25,sz.300160,29.1335664800,29.4164166400,28.6385787000,29.0628539400,29.4164166400,3164140,12989548.0000,0.534367,1,-1.201916,40.726566,1.800247,1.787496,-58.896269,0
2018-09-26,sz.300160,29.4164166400,30.6892423600,29.0628539400,30.3356796600,29.0628539400,5046220,21213719.4000,0.852217,1,4.379558,42.510211,1.879090,1.865780,-61.475667,0
2018-09-27,sz.300160,29.8406918800,29.8406918800,29.1335664800,29.2042790200,30.3356796600,5498580,22942461.6000,0.928613,1,-3.729600,40.924748,1.809007,1.796194,-59.182869,0
2018-09-28,sz.300160,29.2042790200,29.4164166400,29.1335664800,29.2749915600,29.2042790200,1882200,7787575.0000,0.317870,1,0.242125,41.023840,1.813387,1.800543,-59.326169,0
2018-10-08,sz.300160,29.0628539400,29.1335664800,27.7900282200,27.8607407600,29.2749915600,3365500,13556080.0000,0.568373,1,-4.830913,39.042012,1.725784,1.713561,-56.460170,0
2018-10-09,sz.300160,28.1435909200,28.4264410800,27.6486031400,27.8607407600,27.8607407600,1808700,7158224.0000,0.305457,1,0.000000,39.042012,1.725784,1.713561,-56.460170,0
2018-10-10,sz.300160,28.0021658400,28.2850160000,27.7900282200,28.1435909200,27.8607407600,1516900,6019879.0000,0.256178,1,1.015227,39.438377,1.743305,1.730957,-57.033370,0
2018-10-11,sz.300160,27.4364655200,27.7193156800,25.3150893200,25.3150893200,28.1435909200,9329800,33981176.8000,1.573448,1,-10.050250,35.189410,1.555487,1.544469,-50.888774,0
2018-10-12,sz.300160,24.8908140800,25.4565144000,23.9715510600,24.8201015400,25.3150893200,3495800,12332536.0000,0.589558,1,-1.955305,34.501349,1.525072,1.514270,-49.893742,0
2018-10-15,sz.300160,25.3150893200,25.4565144000,24.2544012200,24.7493890000,24.8201015400,1620607,5736361.2200,0.273311,1,-0.284900,34.403055,1.520727,1.509956,-49.751594,0
2018-10-16,sz.300160,24.6079639200,25.1736642400,23.4765632800,24.1129761400,24.7493890000,1986960,6865353.8000,0.335096,1,-2.571426,33.518405,1.481623,1.471129,-48.472268,0
2018-10-17,sz.300160,24.6079639200,24.6079639200,23.9715510600,24.3251137600,24.1129761400,1570803,5410858.2600,0.264912,1,0.879765,33.813288,1.494657,1.484071,-48.898710,0
2018-10-18,sz.300160,24.1836886800,24.2544012200,23.1937131200,23.3351382000,24.3251137600,2585107,8689988.6600,0.435972,1,-4.069770,32.437166,1.433828,1.423673,-46.908646,0
2018-10-19,sz.300160,23.1937131200,24.5372513800,22.5573002600,23.9008385200,23.3351382000,2847702,9528783.5600,0.480258,1,2.424247,33.223522,1.468588,1.458186,-48.045825,0
2018-10-22,sz.300160,24.3251137600,25.4565144000,24.1129761400,25.2443767800,23.9008385200,3928270,13910619.0200,0.662493,1,5.621296,35.091116,1.551142,1.540155,-50.746626,0
2018-10-23,sz.300160,25.3858018600,25.5272269400,24.8201015400,25.0322391600,25.2443767800,3084588,10967225.8400,0.520208,1,-0.840335,34.796233,1.538107,1.527213,-50.320184,0
2018-10-24,sz.300160,25.1029517000,25.5272269400,24.8201015400,25.0322391600,25.0322391600,2118600,7545823.2400,0.357297,1,0.000000,34.796233,1.538107,1.527213,-50.320184,0
2018-10-25,sz.300160,24.6079639200,25.5979394800,23.9008385200,25.2443767800,25.0322391600,3011753,10595213.0300,0.507925,1,0.847457,35.091116,1.551142,1.540155,-50.746626,0
2018-10-26,sz.300160,25.3150893200,25.8100771000,25.3150893200,25.5272269400,25.2443767800,2483672,8952900.2600,0.418865,1,1.120447,35.484294,1.568521,1.557412,-51.315216,0
2018-10-29,sz.300160,25.3150893200,25.4565144000,24.8201015400,24.9615266200,25.5272269400,1337100,4755462.0000,0.225499,1,-2.216064,34.321788,1.653368,1.515439,-52.947080,0
2018-10-30,sz.300160,24.9615266200,25.5272269400,24.8201015400,25.4565144000,24.9615266200,1947600,6955259.0000,0.328458,1,1.983001,35.002390,1.686155,1.545491,-53.997022,0
2018-10-31,sz.300160,25.5272269400,25.8807896400,25.2443767800,25.7393645600,25.4565144000,4506835,16267996.8500,0.760067,1,1.111117,35.391305,1.704890,1.562663,-54.596989,0
2018-11-01,sz.300160,25.6686520200,26.3050648800,25.5272269400,25.8807896400,25.7393645600,4507744,16563118.1800,0.760220,1,0.549450,35.585763,1.714257,1.571249,-54.896973,0
2018-11-02,sz.300160,26.1636398000,26.5172025000,25.9515021800,26.5172025000,25.8807896400,3542348,13210313.4400,0.597408,1,2.459014,36.460823,1.756411,1.609886,-56.246898,0
2018-11-05,sz.300160,26.5879150400,26.8707652000,26.2343523400,26.8000526600,26.5172025000,3275300,12332138.5000,0.552371,1,1.066666,36.849738,1.775146,1.627058,-56.846865,0
2018-11-06,sz.300160,26.8000526600,26.9414777400,26.4464899600,26.9414777400,26.8000526600,2446000,9219755.0000,0.412512,1,0.527704,37.044196,1.784514,1.635644,-57.146849,0
2018-11-07,sz.300160,27.0121902800,27.5778906000,26.7293401200,26.9414777400,26.9414777400,3179943,12204917.2300,0.536290,1,0.000000,37.044196,1.784514,1.635644,-57.146849,0
2018-11-08,sz.300160,26.9414777400,27.3657529800,26.5879150400,26.7293401200,26.9414777400,2084500,7979509.0000,0.351546,1,-0.787401,36.752509,1.770463,1.622765,-56.696874,0
2018-11-09,sz.300160,26.5172025000,27.0121902800,26.3050648800,26.8000526600,26.7293401200,1957349,7411131.1900,0.330102,1,0.264550,36.849738,1.775146,1.627058,-56.846865,0
2018-11-12,sz.300160,26.3757774200,27.9314533000,26.3757774200,27.8607407600,26.8000526600,4694514,18294127.2700,0.791718,1,3.957786,38.308171,1.845403,1.691454,-59.096741,0
2018-11-13,sz.300160,27.5778906000,29.3457041000,27.4364655200,28.7092912400,27.8607407600,6922980,27954063.8000,1.167544,1,3.045682,39.474917,1.901608,1.742970,-60.896642,0
2018-11-14,sz.300160,28.6385787000,29.9114044200,28.4264410800,29.2042790200,28.7092912400,6548683,26970108.6200,1.104420,1,1.724142,40.155519,1.934394,1.773021,-61.946584,0
2018-11-15,sz.300160,29.2042790200,29.4164166400,28.9214288600,29.2749915600,29.2042790200,3291088,13568592.8100,0.555034,1,0.242125,40.252748,1.939078,1.777314,-62.096576,0
2018-11-16,sz.300160,27.5071780600,28.9921414000,27.5071780600,28.4971536200,29.2749915600,19502272,77383070.0700,3.289011,1,-2.656997,39.183231,1.887557,1.730091,-60.446667,0
2018-11-19,sz.300160,28.0728783800,28.4264410800,27.7193156800,28.0021658400,28.4971536200,9528090,37725981.6400,1.606889,1,-1.736977,38.502629,1.854770,1.700040,-59.396725,0
2018-11-20,sz.300160,27.7193156800,27.9314533000,27.2243279000,27.2950404400,28.0021658400,6080230,23792084.3400,1.025416,1,-2.525256,37.530340,1.807933,1.657109,-57.896807,0
2018-11-21,sz.300160,27.2243279000,27.5778906000,27.0829028200,27.5778906000,27.2950404400,4655580,17988171.3600,0.785152,1,1.036275,37.919256,1.826668,1.674281,-58.496774,0
2018-11-22,sz.300160,27.5778906000,27.8607407600,27.4364655200,27.6486031400,27.5778906000,4013234,15706867.6500,0.676822,1,0.256410,38.016485,1.831351,1.678574,-58.646766,0
2018-11-23,sz.300160,27.5071780600,27.8607407600,25.5979394800,25.7393645600,27.6486031400,7033300,26294728.0000,1.186149,1,-6.905370,35.391305,1.704890,1.562663,-54.596989,0
2018-11-26,sz.300160,25.7393645600,26.0929272600,25.3150893200,25.4565144000,25.7393645600,2676161,9739913.8800,0.451328,1,-1.098907,35.002390,1.686155,1.545491,-53.997022,0
2018-11-27,sz.300160,25.9515021800,26.3757774200,25.7393645600,26.1636398000,25.4565144000,3380572,12505997.4100,0.570125,1,2.777782,35.974678,1.732992,1.588421,-55.496940,0
2018-11-28,sz.300160,26.0929272600,26.7293401200,26.0222147200,26.6586275800,26.1636398000,3236145,12112810.6000,0.545768,1,1.891890,36.655280,1.765779,1.618472,-56.546882,0
2018-11-29,sz.300160,26.6586275800,27.3657529800,26.5172025000,26.6586275800,26.6586275800,5405079,20643467.0200,0.911554,1,0.000000,36.655280,1.765779,1.618472,-56.546882,0
2018-11-30,sz.300160,26.5879150400,26.5879150400,24.9615266200,26.0222147200,26.6586275800,5297501,19354884.1100,0.893411,1,-2.387266,35.780221,1.723625,1.579835,-55.196956,0
2018-12-03,sz.300160,26.8000526600,27.0121902800,26.3757774200,26.8000526600,26.0222147200,4211760,15950113.9700,0.710303,1,2.989127,36.849738,1.775146,1.627058,-56.846865,0
2018-12-04,sz.300160,26.7293401200,27.2950404400,26.7293401200,27.2950404400,26.8000526600,4112509,15733805.4200,0.693565,1,1.846964,37.530340,1.807933,1.657109,-57.896807,0
2018-12-05,sz.300160,26.6586275800,27.3657529800,26.4464899600,27.2243279000,27.2950404400,4241269,16239458.7200,0.715280,1,-0.259067,37.433111,1.803249,1.652816,-57.746816,0
2018-12-06,sz.300160,26.7293401200,27.2243279000,26.2343523400,26.6586275800,27.2243279000,3992974,15143901.2400,0.673405,1,-2.077920,36.655280,1.765779,1.618472,-56.546882,0
2018-12-07,sz.300160,26.8707652000,27.2243279000,26.4464899600,27.2243279000,26.6586275800,3084604,11724072.8200,0.520211,1,2.122014,37.433111,1.803249,1.652816,-57.746816,0
2018-12-10,sz.300160,26.8707652000,27.0829028200,26.0222147200,26.0929272600,27.2243279000,3632687,13570081.6000,0.612644,1,-4.155840,35.877450,1.728309,1.584128,-55.346948,0
2018-12-11,sz.300160,26.0222147200,27.4364655200,26.0222147200,27.2950404400,26.0929272600,6452521,24611704.6400,1.088202,1,4.607041,37.530340,1.807933,1.657109,-57.896807,0
2018-12-12,sz.300160,27.2243279000,27.7193156800,26.8000526600,27.1536153600,27.2950404400,3815520,14683309.5300,0.643478,1,-0.518134,37.335882,1.798565,1.648523,-57.596824,0
2018-12-13,sz.300160,27.4364655200,27.4364655200,26.8707652000,27.1536153600,27.1536153600,3004074,11557131.4200,0.506630,1,0.000000,37.335882,1.798565,1.648523,-57.596824,0
2018-12-14,sz.300160,27.1536153600,27.2243279000,25.8807896400,25.9515021800,27.1536153600,6452420,24203502.8000,1.088185,1,-4.427079,35.682992,1.718941,1.575542,-55.046965,0
2018-12-17,sz.300160,25.8807896400,26.9414777400,25.5272269400,26.8707652000,25.9515021800,4808840,18055897.3200,0.810999,1,3.542231,36.946967,1.779830,1.631351,-56.996857,0
2018-12-18,sz.300160,27.0121902800,27.0829028200,26.2343523400,26.7293401200,26.8707652000,3612537,13656171.0500,0.609246,1,-0.526315,36.752509,1.770463,1.622765,-56.696874,0
2018-12-19,sz.300160,26.8707652000,26.9414777400,26.1636398000,26.2343523400,26.7293401200,2104200,7872914.0000,0.354868,1,-1.851850,36.071907,1.737676,1.592714,-55.646932,0
2018-12-20,sz.300160,26.1636398000,26.9414777400,25.9515021800,26.7293401200,26.2343523400,2562604,9557635.2000,0.432177,1,1.886791,36.752509,1.770463,1.622765,-56.696874,0
2018-12-21,sz.300160,26.8707652000,26.8707652000,26.2343523400,26.5172025000,26.7293401200,2394905,8959326.9500,0.403895,1,-0.793650,36.460823,1.756411,1.609886,-56.246898,0
2018-12-24,sz.300160,26.3757774200,26.7293401200,26.1636398000,26.5879150400,26.5172025000,2037040,7622413.9500,0.343542,1,0.266666,36.558052,1.761095,1.614179,-56.396890,0
2018-12-25,sz.300160,26.2343523400,26.3757774200,25.1029517000,26.0929272600,26.5879150400,3405726,12434779.1200,0.574367,1,-1.861700,35.877450,1.728309,1.584128,-55.346948,0
2018-12-26,sz.300160,25.8100771000,26.2343523400,25.1029517000,25.4565144000,26.0929272600,3677988,13309505.4800,0.620284,1,-2.439029,35.002390,1.686155,1.545491,-53.997022,0
2018-12-27,sz.300160,25.8100771000,25.9515021800,24.8908140800,25.0322391600,25.4565144000,2612390,9355984.3400,0.440573,1,-1.666665,34.419017,1.658052,1.519732,-53.097072,0
2018-12-28,sz.300160,24.9615266200,24.9615266200,24.1129761400,24.3958263000,25.0322391600,3294342,11380185.5600,0.555583,1,-2.542371,33.543957,1.615898,1.481095,-51.747147,0
2019-01-02,sz.300160,24.1129761400,24.3958263000,24.0422636000,24.1129761400,24.3958263000,1668916,5707503.6200,0.281459,1,-1.159419,33.155041,1.597163,1.463923,-51.147180,0
2019-01-03,sz.300160,24.0422636000,24.3958263000,23.8301259800,23.9008385200,24.1129761400,1881120,6419485.2000,0.317246,1,-0.879765,32.863355,1.583112,1.451044,-50.697204,0
2019-01-04,sz.300160,23.8301259800,24.7493890000,23.4765632800,24.5372513800,23.9008385200,2247715,7734029.2000,0.379072,1,2.662719,33.738415,1.625266,1.489681,-52.047130,0
2019-01-07,sz.300160,24.8201015400,25.6686520200,24.6079639200,25.3150893200,24.5372513800,3971424,14182904.0200,0.669771,1,3.170026,34.807932,1.676787,1.536904,-53.697039,0
2019-01-08,sz.300160,25.5272269400,25.8807896400,25.2443767800,25.5979394800,25.3150893200,2622439,9496989.7900,0.442268,1,1.117317,35.196848,1.695522,1.554077,-54.297006,0
2019-01-09,sz.300160,25.7393645600,25.9515021800,25.4565144000,25.4565144000,25.5979394800,2639304,9628875.8800,0.445112,1,-0.552486,35.002390,1.686155,1.545491,-53.997022,0
2019-01-10,sz.300160,25.3858018600,26.0222147200,25.3858018600,25.5979394800,25.4565144000,2511718,9154283.4300,0.423595,1,0.555555,35.196848,1.695522,1.554077,-54.297006,0
2019-01-11,sz.300160,25.6686520200,26.3757774200,25.4565144000,26.2343523400,25.5979394800,3848896,14156293.8400,0.649107,1,2.486192,36.071907,1.737676,1.592714,-55.646932,0
2019-01-14,sz.300160,26.3757774200,26.3757774200,25.6686520200,25.8807896400,26.2343523400,2919800,10722604.0000,0.492417,1,-1.347708,35.585763,1.714257,1.571249,-54.896973,0
2019-01-15,sz.300160,25.6686520200,26.5172025000,25.6686520200,26.4464899600,25.8807896400,2939763,10909052.0500,0.495784,1,2.185790,36.363594,1.751728,1.605593,-56.096907,0
2019-01-16,sz.300160,26.3050648800,26.8707652000,25.9515021800,26.6586275800,26.4464899600,3655865,13732056.3900,0.616553,1,0.802138,36.655280,1.765779,1.618472,-56.546882,0
2019-01-17,sz.300160,26.6586275800,26.6586275800,25.9515021800,25.9515021800,26.6586275800,2923673,10821487.9100,0.493070,1,-2.652517,35.682992,1.718941,1.575542,-55.046965,0
2019-01-18,sz.300160,26.0222147200,26.6586275800,26.0222147200,26.5879150400,25.9515021800,2386333,8906463.4100,0.402449,1,2.452314,36.558052,1.761095,1.614179,-56.396890,0
2019-01-21,sz.300160,26.6586275800,26.8707652000,26.2343523400,26.5879150400,26.5879150400,2808495,10587590.7800,0.473646,1,0.000000,36.558052,1.761095,1.614179,-56.396890,0
2019-01-22,sz.300160,26.6586275800,27.2243279000,26.3757774200,26.3757774200,26.5879150400,3343194,12655614.9400,0.563822,1,-0.797872,36.266365,1.747044,1.601300,-55.946915,0
2019-01-23,sz.300160,26.3050648800,26.8707652000,26.2343523400,26.7293401200,26.3757774200,2404400,9084423.6000,0.405496,1,1.340481,36.752509,1.770463,1.622765,-56.696874,0
2019-01-24,sz.300160,26.7293401200,27.1536153600,26.5172025000,26.8000526600,26.7293401200,3031220,11517072.4000,0.511208,1,0.264550,36.849738,1.775146,1.627058,-56.846865,0
2019-01-25,sz.300160,26.8707652000,27.7900282200,26.4464899600,26.7293401200,26.8000526600,6347060,24403680.8000,1.070416,1,-0.263852,36.752509,1.770463,1.622765,-56.696874,0
2019-01-28,sz.300160,26.7293401200,27.6486031400,25.8807896400,26.3050648800,26.7293401200,7027762,26603408.9400,1.185215,1,-1.587300,36.169136,1.742360,1.597007,-55.796923,0
2019-01-29,sz.300160,26.1636398000,26.4464899600,24.4665388400,24.8908140800,26.3050648800,6276600,22444915.0000,1.058533,1,-5.376345,34.224559,1.648685,1.511146,-52.797089,0
2019-01-30,sz.300160,24.8201015400,25.4565144000,24.1836886800,24.3958263000,24.8908140800,5048707,17874256.4100,0.851452,1,-1.988634,33.543957,1.615898,1.481095,-51.747147,0
2019-01-31,sz.300160,24.3958263000,24.9615266200,22.2744501000,22.6987253400,24.3958263000,12748228,42114534.1900,2.149958,1,-6.956522,31.210464,1.503488,1.378062,-48.147345,0
2019-02-01,sz.300160,22.7694378800,23.6887009000,22.7694378800,23.6179883600,22.6987253400,4675000,15399734.5800,0.788428,1,4.049840,32.474439,1.564377,1.433872,-50.097238,0
2019-02-11,sz.300160,24.0422636000,24.3251137600,23.6887009000,24.2544012200,23.6179883600,4586871,15638394.9800,0.773565,1,2.694615,33.349499,1.606531,1.472509,-51.447163,0
2019-02-12,sz.300160,24.3958263000,26.1636398000,24.3251137600,25.9515021800,24.2544012200,9063954,32658073.8900,1.528614,1,6.997085,35.682992,1.718941,1.575542,-55.046965,0
2019-02-13,sz.300160,25.7393645600,26.0929272600,25.2443767800,25.9515021800,25.9515021800,6550434,23892581.6100,1.104715,1,0.000000,35.682992,1.718941,1.575542,-55.046965,0
2019-02-14,sz.300160,25.8100771000,26.3050648800,25.3150893200,25.5979394800,25.9515021800,8917798,32437305.5100,1.503965,1,-1.362403,35.196848,1.695522,1.554077,-54.297006,0
2019-02-15,sz.300160,25.5979394800,25.8100771000,25.3150893200,25.5272269400,25.5979394800,5255667,19044381.6400,0.886356,1,-0.276243,35.099619,1.690839,1.549784,-54.147014,0
2019-02-18,sz.300160,25.5979394800,26.3050648800,25.5272269400,26.2343523400,25.5272269400,6872605,25316330.8400,1.159048,1,2.770087,36.071907,1.737676,1.592714,-55.646932,0
2019-02-19,sz.300160,26.3050648800,26.7293401200,25.9515021800,26.2343523400,26.2343523400,7342656,27278927.0400,1.238321,1,0.000000,36.071907,1.737676,1.592714,-55.646932,0
2019-02-20,sz.300160,26.2343523400,26.7293401200,26.0222147200,26.7293401200,26.2343523400,6434240,23906603.2000,1.085119,1,1.886791,36.752509,1.770463,1.622765,-56.696874,0
2019-02-21,sz.300160,27.1536153600,29.4164166400,27.1536153600,29.4164166400,26.7293401200,14557381,59770333.3300,2.455067,1,10.052910,-12.187409,1.948446,1.713899,-62.396559,0
2019-02-22,sz.300160,30.2649671200,32.3863433200,29.6992668000,31.5377928400,29.4164166400,58844010,260720242.9800,9.923901,1,7.211544,-13.066309,2.088958,1.837497,-66.896311,0
2019-02-25,sz.300160,30.2649671200,33.4470314200,30.2649671200,32.4570558600,31.5377928400,52912518,236326017.7400,8.923569,1,2.914801,-13.447166,2.149847,1.891057,-68.846204,0
2019-02-26,sz.300160,31.3256552200,31.7499304600,30.5478172800,30.6892423600,32.4570558600,33471070,146634412.9400,5.644815,1,-5.446623,-12.714749,2.032753,1.788058,-65.096410,0
2019-02-27,sz.300160,30.2649671200,30.6892423600,28.9921414000,29.8406918800,30.6892423600,20872952,88494643.8100,3.520173,1,-2.764985,-12.363189,1.976548,1.738619,-63.296510,0
2019-02-28,sz.300160,29.5578417200,30.1235420400,29.2749915600,30.1235420400,29.8406918800,10650944,44810851.4700,1.796256,1,0.947878,-12.480376,1.995283,1.755098,-63.896477,0
2019-03-01,sz.300160,30.1235420400,30.1942545800,29.4164166400,29.9114044200,30.1235420400,7275256,30612116.3000,1.226954,1,-0.704230,-12.392486,1.981232,1.742739,-63.446501,0
2019-03-04,sz.300160,29.9821169600,30.6892423600,29.7699793400,30.3356796600,29.9114044200,14898497,63730917.2500,2.512596,1,1.418438,-12.568266,2.009334,1.767458,-64.346452,0
2019-03-05,sz.300160,29.8406918800,30.9720925200,29.8406918800,30.9720925200,30.3356796600,15283445,65883022.9900,2.577516,1,2.097906,-12.831936,2.051488,1.804538,-65.696377,0
2019-03-06,sz.300160,31.3256552200,31.4670803000,30.1235420400,30.9720925200,30.9720925200,18021685,78272678.6100,3.039314,1,0.000000,-12.831936,2.051488,1.804538,-65.696377,0
2019-03-07,sz.300160,30.8306674400,34.0834442800,30.6185298200,34.0834442800,30.9720925200,40720660,187974077.8300,6.867441,1,10.045660,-14.120989,2.257574,1.985816,-72.296013,0
2019-03-08,sz.300160,33.9420192000,36.4876706400,32.5277684000,34.6491446000,34.0834442800,50565092,248410620.2800,8.527681,1,1.659750,-14.355362,2.295044,2.018775,-73.495947,0
2019-03-11,sz.300160,35.0027073000,36.6998082600,33.5177439600,34.3662944400,34.6491446000,32600631,158915392.9300,5.498018,1,-0.816326,-14.238175,2.276309,2.002295,-72.895980,0
2019-03-12,sz.300160,34.6491446000,34.9319947600,32.8106185600,33.9420192000,34.3662944400,31530457,151026896.3900,5.317536,1,-1.234567,-14.062395,2.248206,1.977576,-71.996030,0
2019-03-13,sz.300160,33.8713066600,33.8713066600,32.5984809400,33.0227561800,33.9420192000,19006064,89348631.5200,3.205327,1,-2.708336,-13.681539,2.187317,1.924016,-70.046138,0
2019-03-14,sz.300160,32.6691934800,33.3763188800,31.2549426800,31.9620680800,33.0227561800,15193187,68647919.7600,2.562294,1,-3.211993,-13.242089,2.117061,1.862217,-67.796262,0
2019-03-15,sz.300160,31.8913555400,32.5277684000,31.6792179200,32.1742057000,31.9620680800,12394957,56336012.4700,2.090380,1,0.663721,-13.329979,2.131112,1.874577,-68.246237,0
2019-03-18,sz.300160,32.1742057000,32.8106185600,31.2549426800,32.3863433200,32.1742057000,17277083,78287688.3500,2.913738,1,0.659335,-13.417869,2.145164,1.886937,-68.696212,0
2019-03-19,sz.300160,32.3156307800,32.9520436400,32.1034931600,32.6691934800,32.3863433200,16364732,75446620.6200,2.759873,1,0.873362,-13.535056,2.163899,1.903417,-69.296179,0
2019-03-20,sz.300160,33.1641812600,33.7298815800,32.3156307800,33.5177439600,32.6691934800,24432787,114427696.7300,4.120531,1,2.597400,-13.886616,2.220104,1.952856,-71.096080,0
2019-03-21,sz.300160,33.5884565000,33.9420192000,32.3863433200,32.9520436400,33.5177439600,27484349,128380939.8900,4.635169,1,-1.687762,-13.652242,2.182634,1.919896,-69.896146,0
2019-03-22,sz.300160,32.6691934800,32.8106185600,31.4670803000,32.3863433200,32.9520436400,20141646,91103410.2000,3.396840,1,-1.716737,-13.417869,2.145164,1.886937,-68.696212,0
2019-03-25,sz.300160,31.8913555400,31.8913555400,30.6892423600,31.1842301400,32.3863433200,20795930,92082275.3600,3.507184,1,-3.711792,-12.919826,2.065540,1.816898,-66.146353,0
2019-03-26,sz.300160,31.3256552200,31.3963677600,29.4164166400,30.0528295000,31.1842301400,18149000,78013814.2000,3.060785,1,-3.628115,-12.451079,1.990599,1.750978,-63.746485,0
2019-03-27,sz.300160,30.0528295000,30.2649671200,29.4871291800,30.0528295000,30.0528295000,7659900,32465160.0000,1.291824,1,0.000000,-12.451079,1.990599,1.750978,-63.746485,0
2019-03-28,sz.300160,29.9821169600,30.3356796600,29.3457041000,29.4871291800,30.0528295000,7759362,32652956.8200,1.308598,1,-1.882351,-12.216706,1.953129,1.718019,-62.546551,0
2019-03-29,sz.300160,29.4164166400,30.4771047400,29.0628539400,30.1235420400,29.4871291800,13348623,56313638.5500,2.251213,1,2.158277,-12.480376,1.995283,1.755098,-63.896477,0
2019-04-01,sz.300160,30.1235420400,31.3256552200,30.1235420400,30.9720925200,30.1235420400,12851256,56027894.4500,2.167333,1,2.816899,-12.831936,2.051488,1.804538,-65.696377,0
2019-04-02,sz.300160,31.1135176000,31.2549426800,30.6892423600,30.7599549000,30.9720925200,12293788,53664870.2900,2.073318,1,-0.684936,-12.744046,2.037437,1.792178,-65.246402,0
2019-04-03,sz.300160,30.6892423600,31.3963677600,30.6185298200,31.1135176000,30.7599549000,14414300,63364615.0000,2.430937,1,1.149430,-12.890529,2.060856,1.812778,-65.996361,0
2019-04-04,sz.300160,31.3256552200,31.3256552200,30.9013799800,31.1842301400,31.1135176000,9681284,42614464.4400,1.632725,1,0.227267,-12.919826,2.065540,1.816898,-66.146353,0
2019-04-08,sz.300160,31.3256552200,31.4670803000,29.7699793400,30.4771047400,31.1842301400,11462000,49849733.0000,1.933039,1,-2.267571,-12.626859,2.018702,1.775698,-64.646435,0
2019-04-09,sz.300160,30.3356796600,31.0428050600,30.2649671200,30.8306674400,30.4771047400,9212033,40061124.2900,1.553587,1,1.160097,-12.773343,2.042121,1.796298,-65.396394,0
2019-04-10,sz.300160,31.2549426800,32.0327806200,30.8306674400,31.6792179200,30.8306674400,16879276,75261221.8400,2.846649,1,2.752291,-13.124902,2.098326,1.845737,-67.196295,0
2019-04-11,sz.300160,31.6085053800,31.9620680800,31.1842301400,31.8206430000,31.6792179200,12080634,53939552.6800,2.037370,1,0.446428,-13.183496,2.107694,1.853977,-67.496278,0
2019-04-12,sz.300160,31.8206430000,32.1034931600,30.5478172800,30.9720925200,31.8206430000,11297366,49912230.1800,1.905274,1,-2.666664,-12.831936,2.051488,1.804538,-65.696377,0
2019-04-15,sz.300160,31.1135176000,31.6085053800,30.2649671200,30.3356796600,30.9720925200,9613816,42309913.7400,1.621347,1,-2.054798,-12.568266,2.009334,1.767458,-64.346452,0
2019-04-16,sz.300160,30.1235420400,31.0428050600,29.5578417200,31.0428050600,30.3356796600,10762068,46055662.6400,1.814997,1,2.331000,-12.861233,2.056172,1.808658,-65.846369,0
2019-04-17,sz.300160,31.1135176000,31.6085053800,30.9013799800,31.3256552200,31.0428050600,11930511,52758724.6500,2.012052,1,0.911161,-12.978419,2.074907,1.825138,-66.446336,0
2019-04-18,sz.300160,31.4670803000,31.7499304600,31.1135176000,31.3963677600,31.3256552200,9788182,43595238.2600,1.650753,1,0.225739,-13.007716,2.079591,1.829257,-66.596328,0
2019-04-19,sz.300160,31.4670803000,32.3863433200,31.1135176000,32.3863433200,31.3963677600,17335500,78100792.2300,2.923590,1,3.153150,-13.417869,2.145164,1.886937,-68.696212,0
2019-04-22,sz.300160,32.5277684000,32.7399060200,30.9720925200,31.0428050600,32.3863433200,18392164,82440440.0400,3.101794,1,-4.148473,-12.861233,2.056172,1.808658,-65.846369,0
2019-04-23,sz.300160,31.0428050600,31.1135176000,30.0528295000,30.4771047400,31.0428050600,11942800,51523710.6000,2.014124,1,-1.822322,-12.626859,2.018702,1.775698,-64.646435,0
2019-04-24,sz.300160,30.4771047400,30.8306674400,30.1942545800,30.8306674400,30.4771047400,6880700,29709371.0000,1.160414,1,1.160097,-12.773343,2.042121,1.796298,-65.396394,0
2019-04-25,sz.300160,30.6892423600,31.3256552200,28.9921414000,28.9921414000,30.8306674400,12725020,54307133.8000,2.146044,1,-5.963308,-12.011629,1.920343,1.689179,-61.496609,0
2019-04-26,sz.300160,28.9921414000,29.3457041000,28.2850160000,28.3557285400,28.9921414000,9508657,38424704.7100,1.654499,1,-2.195114,-10.189818,2.629616,1.713512,-886.963149,0
2019-04-29,sz.300160,28.2850160000,28.2850160000,27.0829028200,27.1536153600,28.3557285400,9551660,37308053.4000,1.661981,1,-4.239409,-9.757831,2.518136,1.640869,-849.361220,0
2019-04-30,sz.300160,27.1536153600,27.8607407600,26.8707652000,27.5778906000,27.1536153600,6968932,27143196.5500,1.212589,1,1.562505,-9.910297,2.557482,1.666508,-862.632489,0
2019-05-06,sz.300160,27.0829028200,27.0829028200,24.8201015400,25.1029517000,27.5778906000,14640695,53079131.3100,2.547469,1,-8.974362,-9.020911,2.327965,1.516950,-785.216753,0
2019-05-07,sz.300160,25.3150893200,25.9515021800,25.1736642400,25.6686520200,25.1029517000,8314633,30086590.2600,1.446740,1,2.253526,-9.224199,2.380426,1.551134,-802.911778,0
2019-05-08,sz.300160,25.3150893200,26.6586275800,25.1029517000,25.8807896400,25.6686520200,6695034,24591196.5000,1.164931,1,0.826446,-9.300432,2.400099,1.563954,-809.547413,0
2019-05-09,sz.300160,25.5272269400,26.5172025000,25.5272269400,26.1636398000,25.8807896400,5674354,21059334.8200,0.987333,1,1.092895,-9.402076,2.426329,1.581046,-818.394926,0
2019-05-10,sz.300160,27.7900282200,28.1435909200,26.2343523400,27.0121902800,26.1636398000,12762745,49351649.9200,2.220708,1,3.243240,-9.707008,2.505021,1.632323,-844.937464,0
2019-05-13,sz.300160,26.5879150400,26.8707652000,26.3050648800,26.5172025000,27.0121902800,8211042,30826695.1600,1.428715,1,-1.832459,-9.529131,2.459117,1.602411,-829.454316,0
2019-05-14,sz.300160,26.1636398000,26.6586275800,25.9515021800,25.9515021800,26.5172025000,4865300,18098465.0000,0.846558,1,-2.133331,-9.325843,2.406656,1.568227,-811.759291,0
2019-05-15,sz.300160,26.3757774200,26.6586275800,26.2343523400,26.5879150400,25.9515021800,4984060,18643456.9600,0.867223,1,2.452314,-9.554542,2.465675,1.606685,-831.666195,0
2019-05-16,sz.300160,26.7293401200,29.2749915600,26.5879150400,29.2749915600,26.5879150400,36032997,146158883.6400,6.269713,1,10.106380,-10.520161,2.714866,1.769062,-915.717565,0
2019-05-17,sz.300160,28.7800037800,28.7800037800,26.8707652000,27.1536153600,29.2749915600,33666062,132071749.5900,5.857868,1,-7.246376,-9.757831,2.518136,1.640869,-849.361220,0
2019-05-20,sz.300160,26.6586275800,27.0121902800,25.3150893200,27.0121902800,27.1536153600,17516306,64808785.8600,3.047823,1,-0.520833,-9.707008,2.505021,1.632323,-844.937464,0
2019-05-21,sz.300160,27.0121902800,27.4364655200,26.6586275800,27.2243279000,27.0121902800,13615122,52287674.2600,2.369021,1,0.785340,-9.783242,2.524694,1.645142,-851.573098,0
2019-05-22,sz.300160,26.8000526600,27.7193156800,26.7293401200,27.2950404400,27.2243279000,14599900,56279698.8000,2.540371,1,0.259740,-9.808653,2.531252,1.649416,-853.784976,0
2019-05-23,sz.300160,26.8707652000,27.0829028200,25.4565144000,25.6686520200,27.2950404400,13229200,48440246.9100,2.301870,1,-5.958544,-9.224199,2.380426,1.551134,-802.911778,0
2019-05-24,sz.300160,25.6686520200,25.8807896400,24.9615266200,25.1029517000,25.6686520200,6625120,23759095.8000,1.152766,1,-2.203861,-9.020911,2.327965,1.516950,-785.216753,0
2019-05-27,sz.300160,25.1736642400,25.9515021800,24.9615266200,25.8807896400,25.1029517000,6352695,22949649.7500,1.105364,1,3.098595,-9.300432,2.400099,1.563954,-809.547413,0
2019-05-28,sz.300160,25.8807896400,26.3757774200,25.6686520200,25.7393645600,25.8807896400,7138384,26329028.6800,1.242073,1,-0.546448,-9.249610,2.386983,1.555407,-805.123656,0
2019-05-29,sz.300160,25.6686520200,26.3050648800,25.5272269400,25.9515021800,25.7393645600,7250936,26739853.6000,1.261657,1,0.824175,-9.325843,2.406656,1.568227,-811.759291,0
2019-05-30,sz.300160,26.1636398000,26.2343523400,25.5272269400,25.9515021800,25.9515021800,6220520,22683252.2000,1.082366,1,0.000000,-9.325843,2.406656,1.568227,-811.759291,0
2019-05-31,sz.300160,25.7393645600,26.4464899600,25.6686520200,25.8100771000,25.9515021800,6010900,22107138.0000,1.045892,1,-0.544959,-9.275021,2.393541,1.559681,-807.335535,0
2019-06-03,sz.300160,25.8100771000,25.9515021800,24.8201015400,25.2443767800,25.8100771000,7201520,25793004.4000,1.253059,1,-2.191785,-9.071733,2.341080,1.525496,-789.640509,0
2019-06-04,sz.300160,25.0322391600,25.3150893200,24.6786764600,25.1029517000,25.2443767800,5552560,19614095.2000,0.966141,1,-0.560223,-9.020911,2.327965,1.516950,-785.216753,0
2019-06-05,sz.300160,25.2443767800,25.5979394800,25.0322391600,25.0322391600,25.1029517000,4069820,14587502.4000,0.708145,1,-0.281690,-8.995500,2.321407,1.512676,-783.004875,0
2019-06-06,sz.300160,25.0322391600,25.1736642400,24.3251137600,24.4665388400,25.0322391600,4914620,17154863.2000,0.855140,1,-2.259885,-8.792212,2.268946,1.478492,-765.309849,0
2019-06-10,sz.300160,24.5372513800,24.9615266200,24.3958263000,24.6786764600,24.4665388400,3062924,10694478.3800,0.532946,1,0.867051,-8.868445,2.288619,1.491311,-771.945484,0
2019-06-11,sz.300160,25.0322391600,25.8100771000,24.8908140800,25.8100771000,24.6786764600,6514957,23509658.3400,1.133597,1,4.584529,-9.275021,2.393541,1.559681,-807.335535,0
2019-06-12,sz.300160,25.8100771000,25.8807896400,25.5272269400,25.5979394800,25.8100771000,4108262,14924862.2000,0.714834,1,-0.821924,-9.198788,2.373868,1.546861,-800.699900,0
2019-06-13,sz.300160,25.7393645600,25.9515021800,25.5979394800,25.8100771000,25.5979394800,4372580,15951989.6000,0.760825,1,0.828735,-9.275021,2.393541,1.559681,-807.335535,0
2019-06-14,sz.300160,25.6686520200,26.0222147200,24.8908140800,25.1029517000,25.8100771000,6312020,22764149.1400,1.098287,1,-2.739730,-9.020911,2.327965,1.516950,-785.216753,0
2019-06-17,sz.300160,25.0322391600,25.1736642400,24.6786764600,24.8908140800,25.1029517000,3562800,12535422.0000,0.619924,1,-0.845070,-8.944678,2.308292,1.504130,-778.581118,0
2019-06-18,sz.300160,24.8908140800,25.1736642400,24.7493890000,24.8908140800,24.8908140800,2977802,10503535.8800,0.518135,1,0.000000,-8.944678,2.308292,1.504130,-778.581118,0
2019-06-19,sz.300160,25.4565144000,25.8100771000,24.8908140800,24.9615266200,24.8908140800,5239300,18694311.3800,0.911634,1,0.284091,-8.970089,2.314849,1.508403,-780.792997,0
2019-06-20,sz.300160,24.8201015400,25.5979394800,24.7493890000,25.3858018600,24.9615266200,7059320,25185895.0000,1.228316,1,1.699715,-9.122555,2.354195,1.534042,-794.064266,0
2019-06-21,sz.300160,26.8707652000,27.9314533000,26.1636398000,27.9314533000,25.3858018600,43465878,169465492.9700,7.563029,1,10.027860,-10.037352,2.590270,1.687873,-873.691880,0
2019-06-24,sz.300160,27.5071780600,27.6486031400,26.2343523400,26.8707652000,27.9314533000,38768150,147783513.2300,6.745628,1,-3.797471,-9.656186,2.491906,1.623777,-840.513707,0
2019-06-25,sz.300160,26.9414777400,27.2243279000,26.1636398000,26.3757774200,26.8707652000,17021600,64080523.0000,2.961745,1,-1.842103,-9.478309,2.446002,1.593865,-825.030560,0
2019-06-26,sz.300160,26.1636398000,26.7293401200,25.8807896400,26.3050648800,26.3757774200,12340852,45917108.8000,2.147299,1,-0.268096,-9.452898,2.439445,1.589592,-822.818682,0
2019-06-27,sz.300160,26.3757774200,26.6586275800,26.0222147200,26.3757774200,26.3050648800,11859864,44272202.4400,2.063607,1,0.268817,-9.478309,2.446002,1.593865,-825.030560,0
2019-06-28,sz.300160,26.3050648800,26.3757774200,25.5272269400,25.7393645600,26.3757774200,9456224,34550522.4800,1.645376,1,-2.412866,-9.249610,2.386983,1.555407,-805.123656,0
2019-07-01,sz.300160,26.0929272600,26.6586275800,25.9515021800,26.5172025000,25.7393645600,10670442,39796377.9000,1.856649,1,3.021975,-9.529131,2.459117,1.602411,-829.454316,0
2019-07-02,sz.300160,26.5172025000,26.6586275800,26.2343523400,26.2343523400,26.5172025000,6686400,24944481.0000,1.163428,1,-1.066666,-9.427487,2.432887,1.585319,-820.606804,0
2019-07-03,sz.300160,26.2343523400,26.3050648800,25.6686520200,25.7393645600,26.2343523400,6579600,24086687.0000,1.144845,1,-1.886791,-9.249610,2.386983,1.555407,-805.123656,0
2019-07-04,sz.300160,25.7393645600,26.0222147200,25.7393645600,26.0222147200,25.7393645600,4020600,14701222.0000,0.699581,1,1.098900,-9.351254,2.413214,1.572500,-813.971169,0
2019-07-05,sz.300160,25.8807896400,26.0929272600,25.7393645600,25.9515021800,26.0222147200,3681000,13500513.0000,0.640491,1,-0.271739,-9.325843,2.406656,1.568227,-811.759291,0
2019-07-08,sz.300160,25.9515021800,25.9515021800,24.7493890000,24.8201015400,25.9515021800,7503238,26663265.2000,1.305558,1,-4.359675,-8.919267,2.301734,1.499857,-776.369240,0
2019-07-09,sz.300160,24.8908140800,25.1736642400,24.6786764600,25.1736642400,24.8201015400,3267072,11552065.1600,0.568468,1,1.424500,-9.046322,2.334522,1.521223,-787.428631,0
2019-07-10,sz.300160,26.5879150400,27.2950404400,25.8100771000,26.0222147200,25.1736642400,23637724,88794277.2000,4.112945,1,3.370790,-9.351254,2.413214,1.572500,-813.971169,0
2019-07-11,sz.300160,26.0222147200,26.5879150400,25.8100771000,25.9515021800,26.0222147200,10296800,38080784.0000,1.791635,1,-0.271739,-9.325843,2.406656,1.568227,-811.759291,0
2019-07-12,sz.300160,26.2343523400,26.4464899600,25.8100771000,26.3050648800,25.9515021800,7303200,27095049.0000,1.270751,1,1.362396,-9.452898,2.439445,1.589592,-822.818682,0
2019-07-15,sz.300160,26.1636398000,26.7293401200,26.0222147200,26.6586275800,26.3050648800,8812003,32894557.7000,1.533282,1,1.344085,-9.579953,2.472233,1.610958,-833.878073,0
2019-07-16,sz.300160,26.2343523400,26.7293401200,26.2343523400,26.6586275800,26.6586275800,6215183,23285193.9200,1.081437,1,0.000000,-9.579953,2.472233,1.610958,-833.878073,0
2019-07-17,sz.300160,26.6586275800,26.6586275800,26.2343523400,26.3757774200,26.6586275800,6752800,25277504.0000,1.174982,1,-1.061007,-9.478309,2.446002,1.593865,-825.030560,0
2019-07-18,sz.300160,26.3050648800,26.3757774200,25.7393645600,25.8807896400,26.3757774200,5424603,19921764.1800,0.943877,1,-1.876674,-9.300432,2.400099,1.563954,-809.547413,0
2019-07-19,sz.300160,25.8807896400,26.3050648800,25.8100771000,26.0222147200,25.8807896400,3759603,13855690.3900,0.654168,1,0.546448,-9.351254,2.413214,1.572500,-813.971169,0
2019-07-22,sz.300160,25.9515021800,26.1636398000,25.4565144000,25.4565144000,26.0222147200,5380249,19599354.3400,0.936159,1,-2.173917,-9.147966,2.360753,1.538315,-796.276144,0
2019-07-23,sz.300160,25.6686520200,26.1636398000,25.4565144000,25.9515021800,25.4565144000,4025688,14679285.2900,0.700467,1,1.944449,-9.325843,2.406656,1.568227,-811.759291,0
2019-07-24,sz.300160,26.0929272600,26.4464899600,25.9515021800,26.4464899600,25.9515021800,6147432,22849726.5000,1.069648,1,1.907355,-9.503720,2.452560,1.598138,-827.242438,0
2019-07-25,sz.300160,26.3757774200,26.5172025000,26.1636398000,26.3757774200,26.4464899600,4340000,16160320.0000,0.755157,1,-0.267379,-9.478309,2.446002,1.593865,-825.030560,0
2019-07-26,sz.300160,26.3050648800,26.4464899600,26.0222147200,26.2343523400,26.3757774200,4487500,16609094.0000,0.780800,1,-0.536200,-9.427487,2.432887,1.585319,-820.606804,0
2019-07-29,sz.300160,26.1636398000,26.3050648800,25.9515021800,26.0929272600,26.2343523400,3240200,11963547.0000,0.563792,1,-0.539083,-9.376665,2.419772,1.576773,-816.183047,0
2019-07-30,sz.300160,26.0929272600,26.5172025000,26.0222147200,26.2343523400,26.0929272600,5686542,21142386.5600,0.989500,1,0.542000,-9.427487,2.432887,1.585319,-820.606804,0
2019-07-31,sz.300160,26.1636398000,26.1636398000,25.5979394800,25.9515021800,26.2343523400,5928698,21702912.0800,1.031600,1,-1.078200,-9.325843,2.406656,1.568227,-811.759291,0
2019-08-01,sz.300160,25.8807896400,25.9515021800,25.3150893200,25.5272269400,25.9515021800,7332072,26478813.2000,1.275800,1,-1.634900,-9.173377,2.367310,1.542588,-798.488022,0
2019-08-02,sz.300160,24.9615266200,25.2443767800,24.7493890000,24.9615266200,25.5272269400,5786043,20463824.9300,1.006800,1,-2.216100,-8.970089,2.314849,1.508403,-780.792997,0
2019-08-05,sz.300160,24.9615266200,25.2443767800,24.8201015400,24.8908140800,24.9615266200,4068083,14393154.7600,0.707800,1,-0.283300,-8.944678,2.308292,1.504130,-778.581118,0
2019-08-06,sz.300160,24.6079639200,24.6079639200,23.2644256600,23.9008385200,24.8908140800,8361067,28178145.1900,1.454800,1,-3.977300,-8.588924,2.216485,1.444307,-747.614824,0
2019-08-07,sz.300160,23.9715510600,24.1129761400,23.6179883600,23.6179883600,23.9008385200,3301940,11131846.0000,0.574500,1,-1.183400,-8.487280,2.190254,1.427214,-738.767311,0
2019-08-08,sz.300160,23.8301259800,23.9715510600,23.6887009000,23.8301259800,23.6179883600,2968698,10001085.2800,0.516600,1,0.898200,-8.563513,2.209927,1.440034,-745.402946,0
2019-08-09,sz.300160,24.1129761400,24.1129761400,23.5472758200,23.6887009000,23.8301259800,3434706,11541146.4200,0.597600,1,-0.593500,-8.512691,2.196812,1.431488,-740.979189,0
2019-08-12,sz.300160,23.6179883600,24.0422636000,23.5472758200,24.0422636000,23.6887009000,2520800,8481590.0000,0.438600,1,1.492500,-8.639746,2.229600,1.452853,-752.038580,0
2019-08-13,sz.300160,23.7594134400,24.0422636000,23.6887009000,23.9715510600,24.0422636000,1982147,6670708.8600,0.344900,1,-0.294100,-8.614335,2.223042,1.448580,-749.826702,0
2019-08-14,sz.300160,24.3958263000,24.3958263000,23.9008385200,23.9008385200,23.9715510600,3581900,12210646.0000,0.623200,1,-0.295000,-8.588924,2.216485,1.444307,-747.614824,0
2019-08-15,sz.300160,23.4058507400,23.9715510600,23.3351382000,23.9715510600,23.9008385200,4009383,13392086.2100,0.697600,1,0.295900,-8.614335,2.223042,1.448580,-749.826702,0
2019-08-16,sz.300160,23.9008385200,24.1129761400,23.6887009000,23.9715510600,23.9715510600,3679504,12475186.6000,0.640200,1,0.000000,-8.614335,2.223042,1.448580,-749.826702,0
2019-08-19,sz.300160,24.1129761400,24.6786764600,23.9715510600,24.6079639200,23.9715510600,6376611,21985466.9500,1.109500,1,2.654900,-8.843034,2.282061,1.487038,-769.733606,0
2019-08-20,sz.300160,24.5372513800,24.7493890000,24.3958263000,24.5372513800,24.6079639200,4834029,16810679.3400,0.841100,1,-0.287400,-8.817623,2.275503,1.482765,-767.521727,0
2019-08-21,sz.300160,24.4665388400,25.0322391600,24.3958263000,25.0322391600,24.5372513800,8493827,29776243.8100,1.477900,1,2.017300,-8.995500,2.321407,1.512676,-783.004875,0
2019-08-22,sz.300160,25.1029517000,25.1029517000,24.6079639200,24.8201015400,25.0322391600,6943487,24352459.5000,1.208200,1,-0.847500,-8.919267,2.301734,1.499857,-776.369240,0
2019-08-23,sz.300160,24.8201015400,24.9615266200,24.5372513800,24.6079639200,24.8201015400,4776474,16695758.9200,0.831100,1,-0.854700,-8.843034,2.282061,1.487038,-769.733606,0
2019-08-26,sz.300160,23.9008385200,24.3958263000,23.6887009000,24.3958263000,24.6079639200,5573900,19019338.0000,0.969900,1,-0.862100,-8.766801,2.262388,1.474219,-763.097971,0
2019-08-27,sz.300160,24.4665388400,24.9615266200,24.3958263000,24.8201015400,24.3958263000,4669400,16343168.0000,0.812500,1,1.739100,-8.919267,2.301734,1.499857,-776.369240,0
2019-08-28,sz.300160,24.8201015400,25.2443767800,24.7493890000,25.1029517000,24.8201015400,6046200,21434373.0000,1.052000,1,1.139600,-9.020911,2.327965,1.516950,-785.216753,0
2019-08-29,sz.300160,25.2443767800,25.3858018600,25.0322391600,25.3150893200,25.1029517000,4999300,17825308.0000,0.869900,1,0.845100,-9.097144,2.347637,1.529769,-791.852387,0
2019-08-30,sz.300160,24.9615266200,25.3150893200,24.1836886800,24.3251137600,25.3150893200,8893700,31168479.0000,1.532100,1,-3.910600,-9.274726,2.144566,1.499694,-76.274698,0
2019-09-02,sz.300160,24.3958263000,25.1736642400,24.2544012200,25.0322391600,24.3251137600,7052720,24847560.0000,1.215000,1,2.907000,-9.544340,2.206908,1.543289,-78.491985,0
2019-09-03,sz.300160,25.1029517000,25.1029517000,24.8201015400,24.9615266200,25.0322391600,4289100,15148548.0000,0.738900,1,-0.282500,-9.517378,2.200674,1.538930,-78.270257,0
2019-09-04,sz.300160,24.8908140800,25.4565144000,24.8201015400,25.2443767800,24.9615266200,6031589,21445615.9800,1.039100,1,1.133100,-9.625224,2.225610,1.556368,-79.157172,0
2019-09-05,sz.300160,25.3150893200,25.7393645600,25.2443767800,25.3858018600,25.2443767800,7293600,26329909.0000,1.256500,1,0.560200,-9.679147,2.238079,1.565087,-79.600629,0
2019-09-06,sz.300160,25.3858018600,25.6686520200,25.2443767800,25.5272269400,25.3858018600,4857400,17477235.4000,0.836800,1,0.557100,-9.733070,2.250547,1.573806,-80.044087,0
2019-09-09,sz.300160,25.7393645600,25.9515021800,25.5272269400,25.8100771000,25.5272269400,6802780,24782543.8000,1.171900,1,1.108000,-9.840915,2.275484,1.591245,-80.931002,0
2019-09-10,sz.300160,25.8100771000,26.1636398000,25.8100771000,25.8100771000,25.8100771000,5488600,20120486.0000,0.945500,1,0.000000,-9.840915,2.275484,1.591245,-80.931002,0
2019-09-11,sz.300160,25.8100771000,26.3757774200,25.8100771000,25.8807896400,25.8100771000,6378460,23506672.4000,1.098800,1,0.274000,-9.867877,2.281718,1.595604,-81.152731,0
2019-09-12,sz.300160,25.8807896400,26.0929272600,25.6686520200,26.0222147200,25.8807896400,4452148,16294037.2500,0.767000,1,0.546400,-9.921799,2.294187,1.604323,-81.596188,0
2019-09-16,sz.300160,26.0222147200,26.3050648800,25.9515021800,26.1636398000,26.0222147200,5780096,21387786.3100,0.995800,1,0.543500,-9.975722,2.306655,1.613042,-82.039646,0
2019-09-17,sz.300160,25.9515021800,26.0929272600,25.2443767800,25.4565144000,26.1636398000,6305260,22804697.8000,1.086200,1,-2.702700,-9.706108,2.244313,1.569447,-79.822358,0
2019-09-18,sz.300160,25.4565144000,26.6586275800,25.4565144000,26.1636398000,25.4565144000,14956061,55215954.8100,2.576500,1,2.777800,-9.975722,2.306655,1.613042,-82.039646,0
2019-09-19,sz.300160,26.2343523400,26.2343523400,25.5979394800,26.0222147200,26.1636398000,6994800,25536326.0000,1.205000,1,-0.540500,-9.921799,2.294187,1.604323,-81.596188,0
2019-09-20,sz.300160,25.9515021800,26.3757774200,25.8100771000,26.1636398000,26.0222147200,10756160,39674520.4000,1.853000,1,0.543500,-9.975722,2.306655,1.613042,-82.039646,0
2019-09-23,sz.300160,26.0929272600,26.0929272600,25.1736642400,25.5272269400,26.1636398000,8132900,29275074.0000,1.401100,1,-2.432400,-9.733070,2.250547,1.573806,-80.044087,0
2019-09-24,sz.300160,25.5272269400,25.8100771000,25.3858018600,25.5272269400,25.5272269400,6130980,22237685.6000,1.056200,1,0.000000,-9.733070,2.250547,1.573806,-80.044087,0
2019-09-25,sz.300160,25.3150893200,25.5272269400,24.6786764600,24.7493890000,25.5272269400,6485420,22932789.2000,1.117300,1,-3.047100,-9.436494,2.181971,1.525851,-77.605070,0
2019-09-26,sz.300160,24.8908140800,25.0322391600,24.0422636000,24.1836886800,24.7493890000,5516580,19079129.8000,0.950400,1,-2.285700,-9.220803,2.132097,1.490974,-75.831240,0
2019-09-27,sz.300160,24.1129761400,24.6079639200,23.9008385200,24.5372513800,24.1836886800,4512675,15584719.9500,0.777400,1,1.462000,-9.355610,2.163268,1.512772,-76.939884,0
2019-09-30,sz.300160,24.5372513800,24.6786764600,24.3251137600,24.3251137600,24.5372513800,2755859,9553603.1300,0.474800,1,-0.864600,-9.274726,2.144566,1.499694,-76.274698,0
2019-10-08,sz.300160,24.3251137600,24.6786764600,24.3251137600,24.6786764600,24.3251137600,3187000,11063953.0000,0.549000,1,1.453500,-9.409533,2.175737,1.521491,-77.383342,0
2019-10-09,sz.300160,24.6079639200,24.8908140800,24.4665388400,24.8908140800,24.6786764600,3190916,11163389.3600,0.549700,1,0.859600,-9.490417,2.194439,1.534570,-78.048528,0
2019-10-10,sz.300160,24.8908140800,25.4565144000,24.7493890000,25.4565144000,24.8908140800,4486700,15987730.0000,0.772900,1,2.272700,-9.706108,2.244313,1.569447,-79.822358,0
2019-10-11,sz.300160,25.4565144000,25.6686520200,25.1736642400,25.6686520200,25.4565144000,4927480,17756712.7500,0.848900,1,0.833300,-9.786992,2.263016,1.582525,-80.487544,0
2019-10-14,sz.300160,25.8100771000,26.3050648800,25.6686520200,26.3050648800,25.6686520200,7934154,29201378.6300,1.366800,1,2.479300,-10.029645,2.319123,1.621762,-82.483103,0
2019-10-15,sz.300160,26.1636398000,26.4464899600,25.9515021800,26.1636398000,26.3050648800,6962700,25747794.0000,1.199500,1,-0.537600,-9.975722,2.306655,1.613042,-82.039646,0
2019-10-16,sz.300160,26.2343523400,26.6586275800,25.8807896400,25.8807896400,26.1636398000,6774500,25128391.1500,1.167100,1,-1.081100,-9.867877,2.281718,1.595604,-81.152731,0
2019-10-17,sz.300160,26.0929272600,26.0929272600,25.8100771000,25.8807896400,25.8807896400,5284460,19395460.6000,0.910400,1,0.000000,-9.867877,2.281718,1.595604,-81.152731,0
2019-10-18,sz.300160,26.0929272600,26.1636398000,25.5979394800,25.7393645600,25.8807896400,8787460,32171255.0000,1.513800,1,-0.546400,-9.813954,2.269250,1.586885,-80.709273,0
2019-10-21,sz.300160,26.4464899600,26.4464899600,25.8100771000,26.1636398000,25.7393645600,11738871,43493177.8600,2.022300,1,1.648400,-9.975722,2.306655,1.613042,-82.039646,0
2019-10-22,sz.300160,25.9515021800,28.7800037800,25.8807896400,26.7293401200,26.1636398000,28312787,107842182.7000,4.877500,1,2.162200,-10.191414,2.356529,1.647919,-83.813476,0
2019-10-23,sz.300160,26.7293401200,27.0829028200,26.0929272600,26.3757774200,26.7293401200,16054862,60148879.5000,2.765800,1,-1.322800,-10.056606,2.325358,1.626121,-82.704832,0
2019-10-24,sz.300160,26.2343523400,26.3757774200,25.6686520200,25.8100771000,26.3757774200,10844042,39767737.6800,1.868100,1,-2.144800,-9.840915,2.275484,1.591245,-80.931002,0
2019-10-25,sz.300160,25.8100771000,26.0929272600,25.5979394800,25.9515021800,25.8100771000,6172600,22552997.0000,1.063400,1,0.547900,-9.894838,2.287952,1.599964,-81.374459,0
2019-10-28,sz.300160,25.7393645600,26.2343523400,25.6686520200,26.2343523400,25.9515021800,8083600,29734601.6500,1.392600,1,1.089900,-10.507086,2.237209,1.673143,-48.453168,0
2019-10-29,sz.300160,26.3050648800,26.3050648800,25.3150893200,25.3858018600,26.2343523400,5983700,21861500.0000,1.030800,1,-3.234500,-10.167235,2.164847,1.619025,-46.885950,0
2019-10-30,sz.300160,25.3150893200,25.4565144000,24.8201015400,25.2443767800,25.3858018600,5436100,19347904.8000,0.936500,1,-0.557100,-10.110593,2.152786,1.610006,-46.624747,0
2019-10-31,sz.300160,25.3150893200,25.3858018600,24.8201015400,25.1736642400,25.2443767800,3524837,12503560.1200,0.607200,1,-0.280100,-10.082272,2.146756,1.605496,-46.494145,0
2019-11-01,sz.300160,25.1029517000,25.5979394800,24.8908140800,25.5979394800,25.1736642400,6799300,24356404.2000,1.171300,1,1.685400,-10.252198,2.182937,1.632555,-47.277755,0
2019-11-04,sz.300160,27.4364655200,28.1435909200,25.4565144000,25.9515021800,25.5979394800,22812123,85665164.2400,3.929900,1,1.381200,-10.393803,2.213089,1.655104,-47.930762,0
2019-11-05,sz.300160,25.5979394800,25.6686520200,24.6786764600,24.9615266200,25.9515021800,14458562,51323511.8800,2.490800,1,-3.814700,-9.997309,2.128666,1.591966,-46.102341,0
2019-11-06,sz.300160,24.8908140800,24.9615266200,24.3251137600,24.3251137600,24.9615266200,6528589,22699002.4400,1.124700,1,-2.549600,-9.742420,2.074394,1.551378,-44.926927,0
2019-11-07,sz.300160,24.4665388400,24.6786764600,24.2544012200,24.4665388400,24.3251137600,2854492,9881796.3800,0.491800,1,0.581400,-9.799062,2.086454,1.560398,-45.188130,0
2019-11-08,sz.300160,24.4665388400,24.6786764600,24.1836886800,24.2544012200,24.4665388400,4062590,14048196.4000,0.699900,1,-0.867100,-9.714099,2.068363,1.546868,-44.796325,0
2019-11-11,sz.300160,24.2544012200,24.2544012200,23.6179883600,23.6179883600,24.2544012200,4533600,15302675.0000,0.781000,1,-2.623900,-9.459210,2.014092,1.506280,-43.620912,0
2019-11-12,sz.300160,23.6179883600,23.8301259800,23.4765632800,23.8301259800,23.6179883600,2942400,9841510.0000,0.506900,1,0.898200,-9.544173,2.032182,1.519809,-44.012716,0
2019-11-13,sz.300160,23.8301259800,23.9715510600,23.6179883600,23.8301259800,23.8301259800,1986840,6684777.4000,0.342300,1,0.000000,-9.544173,2.032182,1.519809,-44.012716,0
2019-11-14,sz.300160,23.8301259800,24.1129761400,23.6887009000,24.0422636000,23.8301259800,2114750,7166861.2000,0.364300,1,0.890200,-9.629136,2.050273,1.533339,-44.404521,0
2019-11-15,sz.300160,24.0422636000,24.0422636000,23.7594134400,23.7594134400,24.0422636000,2209700,7456997.0000,0.380700,1,-1.176500,-9.515852,2.026152,1.515299,-43.882115,0
2019-11-18,sz.300160,23.7594134400,23.9008385200,23.6887009000,23.8301259800,23.7594134400,2193400,7381728.0000,0.377900,1,0.297600,-9.544173,2.032182,1.519809,-44.012716,0
2019-11-19,sz.300160,23.7594134400,24.2544012200,23.7594134400,24.2544012200,23.8301259800,2763900,9423847.0000,0.476100,1,1.780400,-9.714099,2.068363,1.546868,-44.796325,0
2019-11-20,sz.300160,24.1836886800,24.3251137600,23.9008385200,23.9715510600,24.2544012200,2219800,7565020.0000,0.382400,1,-1.166200,-9.600815,2.044243,1.528829,-44.273919,0
2019-11-21,sz.300160,23.9715510600,24.1836886800,23.8301259800,24.0422636000,23.9715510600,1824420,6191531.6000,0.314300,1,0.295000,-9.629136,2.050273,1.533339,-44.404521,0
2019-11-22,sz.300160,24.1836886800,24.6079639200,23.9008385200,24.0422636000,24.0422636000,4078100,13968146.0000,0.702500,1,0.000000,-9.629136,2.050273,1.533339,-44.404521,0
2019-11-25,sz.300160,23.9008385200,24.3251137600,23.9008385200,24.1836886800,24.0422636000,2392523,8159512.3700,0.412200,1,0.588200,-9.685778,2.062333,1.542358,-44.665724,0
2019-11-26,sz.300160,24.2544012200,24.3251137600,24.1129761400,24.2544012200,24.1836886800,2603483,8923279.8900,0.448500,1,0.292400,-9.714099,2.068363,1.546868,-44.796325,0
2019-11-27,sz.300160,24.2544012200,24.2544012200,23.9715510600,24.1129761400,24.2544012200,1384600,4725076.0000,0.238500,1,-0.583100,-9.657457,2.056303,1.537848,-44.535122,0
2019-11-28,sz.300160,24.1129761400,24.2544012200,23.8301259800,23.8301259800,24.1129761400,2092700,7107325.0000,0.360500,1,-1.173000,-9.544173,2.032182,1.519809,-44.012716,0
2019-11-29,sz.300160,23.9715510600,24.0422636000,23.5472758200,23.8301259800,23.8301259800,2758100,9271594.0000,0.475100,1,0.000000,-9.544173,2.032182,1.519809,-44.012716,0
2019-12-02,sz.300160,23.8301259800,24.1129761400,23.7594134400,23.9715510600,23.8301259800,2159177,7323253.2900,0.372000,1,0.593500,-9.600815,2.044243,1.528829,-44.273919,0
2019-12-03,sz.300160,23.7594134400,24.2544012200,23.6887009000,24.2544012200,23.9715510600,2220680,7545683.4000,0.382600,1,1.179900,-9.714099,2.068363,1.546868,-44.796325,0
2019-12-04,sz.300160,24.1129761400,24.3251137600,24.0422636000,24.2544012200,24.2544012200,2220040,7588411.4000,0.382500,1,0.000000,-9.714099,2.068363,1.546868,-44.796325,0
2019-12-05,sz.300160,24.2544012200,24.4665388400,24.1836886800,24.3958263000,24.2544012200,2474240,8510356.4800,0.426200,1,0.583100,-9.770741,2.080424,1.555888,-45.057528,0
2019-12-06,sz.300160,24.4665388400,24.5372513800,24.3251137600,24.5372513800,24.3958263000,2566400,8866039.2800,0.442100,1,0.579700,-9.827383,2.092484,1.564907,-45.318732,0
2019-12-09,sz.300160,24.5372513800,24.5372513800,24.2544012200,24.3958263000,24.5372513800,2792640,9617854.6000,0.481100,1,-0.576400,-9.770741,2.080424,1.555888,-45.057528,0
2019-12-10,sz.300160,24.3251137600,24.7493890000,24.1836886800,24.5372513800,24.3958263000,4260260,14730649.6000,0.733900,1,0.579700,-9.827383,2.092484,1.564907,-45.318732,0
2019-12-11,sz.300160,24.5372513800,24.6079639200,24.3958263000,24.4665388400,24.5372513800,3161800,10951061.0000,0.544700,1,-0.288200,-9.799062,2.086454,1.560398,-45.188130,0
2019-12-12,sz.300160,24.4665388400,24.5372513800,24.2544012200,24.2544012200,24.4665388400,2622190,9042061.1000,0.451200,1,-0.867100,-9.714099,2.068363,1.546868,-44.796325,0
2019-12-13,sz.300160,24.3958263000,24.6786764600,24.3251137600,24.6079639200,24.2544012200,4097460,14230262.6000,0.705100,1,1.457700,-10.280381,2.188938,1.637042,-47.407720,0
2019-12-16,sz.300160,24.6786764600,25.0322391600,24.5372513800,25.0322391600,24.6079639200,4793568,16847485.5800,0.824800,1,1.724100,-10.457629,2.226679,1.665267,-48.225095,0
2019-12-17,sz.300160,25.1029517000,25.3150893200,24.9615266200,25.1736642400,25.0322391600,6047619,21497751.6700,1.040600,1,0.565000,-10.516711,2.239259,1.674676,-48.497553,0
2019-12-18,sz.300160,25.1736642400,25.3150893200,25.0322391600,25.1029517000,25.1736642400,4670500,16605079.0000,0.803700,1,-0.280900,-10.487170,2.232969,1.669972,-48.361324,0
2019-12-19,sz.300160,25.2443767800,27.5778906000,25.1736642400,26.8707652000,25.1029517000,39165431,146992875.2400,6.739300,1,7.042300,-11.225703,2.390220,1.787575,-51.767051,0
2019-12-20,sz.300160,28.2850160000,29.5578417200,27.2243279000,29.5578417200,26.8707652000,41503935,171484089.3800,7.141700,1,10.000000,-12.348273,2.629242,1.966333,-56.943756,0
2019-12-23,sz.300160,28.9214288600,29.3457041000,26.5879150400,26.6586275800,29.5578417200,50246826,196279769.5700,8.646100,1,-9.808600,-11.137079,2.371350,1.773463,-51.358364,0
2019-12-24,sz.300160,26.3757774200,26.8000526600,25.8100771000,26.6586275800,26.6586275800,20326433,75860962.4400,3.497600,1,0.000000,-11.137079,2.371350,1.773463,-51.358364,0
2019-12-25,sz.300160,26.6586275800,26.8707652000,26.0929272600,26.5172025000,26.6586275800,12872079,48321722.2100,2.214900,1,-0.530500,-11.077996,2.358770,1.764054,-51.085906,0
2019-12-26,sz.300160,26.7293401200,28.0728783800,26.4464899600,27.2243279000,26.5172025000,22469378,87024435.5900,3.866400,1,2.666700,-11.373410,2.421670,1.811096,-52.448196,0
2019-12-27,sz.300160,27.5071780600,27.7900282200,26.8000526600,27.2243279000,27.2243279000,24097139,92958115.7100,4.146500,1,0.000000,-11.373410,2.421670,1.811096,-52.448196,0
2019-12-30,sz.300160,26.8707652000,26.9414777400,25.8807896400,26.9414777400,27.2243279000,15353212,57499141.4900,2.641900,1,-1.039000,-11.255244,2.396510,1.792279,-51.903280,0
2019-12-31,sz.300160,26.8707652000,26.8707652000,26.3050648800,26.5172025000,26.9414777400,11122215,41787748.8500,1.913800,1,-1.574800,-11.077996,2.358770,1.764054,-51.085906,0
2020-01-02,sz.300160,26.8000526600,27.1536153600,26.5879150400,26.8000526600,26.5172025000,14310875,54313119.5100,2.462500,1,1.066700,-11.196162,2.383930,1.782871,-51.630822,0
2020-01-03,sz.300160,26.8000526600,27.2243279000,26.5879150400,26.8000526600,26.8000526600,13415037,50858619.6900,2.308400,1,0.000000,-11.196162,2.383930,1.782871,-51.630822,0
2020-01-06,sz.300160,26.7293401200,29.4871291800,26.0929272600,28.8507163200,26.8000526600,49038159,197470154.7600,8.438100,1,7.651700,-12.052860,2.566342,1.919291,-55.581465,0
2020-01-07,sz.300160,28.8507163200,29.4871291800,28.1435909200,28.8507163200,28.8507163200,37454871,152791430.1300,6.445000,1,0.000000,-12.052860,2.566342,1.919291,-55.581465,0
2020-01-08,sz.300160,29.0628539400,31.6792179200,28.7800037800,30.4063922000,28.8507163200,47884414,205025052.7600,8.239600,1,5.392200,-12.702769,2.704723,2.022782,-58.578505,0
2020-01-09,sz.300160,31.8913555400,32.8813311000,30.6892423600,31.2549426800,30.4063922000,40628450,180684482.8100,6.991000,1,2.790700,-13.057265,2.780203,2.079232,-60.213254,0
2020-01-10,sz.300160,30.9720925200,31.3963677600,29.7699793400,30.3356796600,31.2549426800,26748791,115198116.5600,4.602700,1,-2.941200,-12.673228,2.698433,2.018078,-58.442276,0
2020-01-13,sz.300160,30.3356796600,31.7499304600,29.8406918800,30.9013799800,30.3356796600,26528489,115615002.3200,4.564800,1,1.864800,-12.909559,2.748753,2.055711,-59.532109,0
2020-01-14,sz.300160,32.3156307800,34.0127317400,32.3156307800,34.0127317400,30.9013799800,40628970,194311056.4600,6.991100,1,10.068700,-14.209377,3.025515,2.262694,-65.526188,0
2020-01-15,sz.300160,33.0934687200,33.6591690400,31.0428050600,31.1842301400,34.0127317400,53695520,243421696.1600,9.239500,1,-8.316000,-13.027724,2.773913,2.074528,-60.077025,0
2020-01-16,sz.300160,31.3963677600,31.8913555400,30.8306674400,31.1135176000,31.1842301400,27266311,120552095.6300,4.691800,1,-0.226800,-12.998183,2.767623,2.069824,-59.940796,0
2020-01-17,sz.300160,30.8306674400,31.3256552200,29.9114044200,30.0528295000,31.1135176000,25365182,109562109.8600,4.364600,1,-3.409100,-12.555063,2.673272,1.999262,-57.897360,0
2020-01-20,sz.300160,30.3356796600,30.6185298200,29.4871291800,30.6185298200,30.0528295000,17963625,76807119.0400,3.091000,1,1.882400,-12.791393,2.723593,2.036895,-58.987192,0
2020-01-21,sz.300160,30.6185298200,30.6892423600,29.7699793400,29.7699793400,30.6185298200,15148360,64542449.0900,2.606600,1,-2.771400,-12.436897,2.648112,1.980445,-57.352443,0
2020-01-22,sz.300160,29.8406918800,31.8206430000,29.4871291800,31.1135176000,29.7699793400,23457160,101120530.3600,4.036300,1,4.513100,-12.998183,2.767623,2.069824,-59.940796,0
2020-01-23,sz.300160,30.5478172800,31.7499304600,29.6285542600,31.1135176000,31.1135176000,24780715,108046553.9100,4.264100,1,0.000000,-12.998183,2.767623,2.069824,-59.940796,0
2020-02-03,sz.300160,28.0021658400,29.3457041000,28.0021658400,28.0021658400,31.1135176000,26794059,107916899.9700,4.610500,1,-10.000000,-11.698364,2.490861,1.862841,-53.946716,0
2020-02-04,sz.300160,29.1335664800,30.8306674400,28.6385787000,30.8306674400,28.0021658400,47572416,205458797.3900,8.185900,1,10.101000,-12.880017,2.742463,2.051007,-59.395879,0
2020-02-05,sz.300160,33.0934687200,33.9420192000,32.1742057000,33.9420192000,30.8306674400,36073103,170337471.2600,6.207200,1,10.091700,-14.179835,3.019225,2.257990,-65.389959,0
2020-02-06,sz.300160,36.7705208000,37.3362211200,34.7198571400,37.3362211200,33.9420192000,56375159,289054253.6700,9.700600,1,10.000000,-15.597819,3.321148,2.483789,-71.928955,0
2020-02-07,sz.300160,41.0839857400,41.0839857400,38.8918970000,41.0839857400,37.3362211200,90941246,524863352.6500,15.648500,1,10.037900,-17.163509,3.654521,2.733108,-79.149096,0
2020-02-10,sz.300160,40.0232976400,45.1853130600,39.2454597000,45.1853130600,41.0839857400,67257250,412022541.9700,11.573100,1,9.982800,-18.876906,4.019344,3.005949,-87.050383,0
2020-02-11,sz.300160,49.3573529200,49.7109156200,47.3774018000,49.7109156200,45.1853130600,60363568,420719339.9700,10.386900,1,10.015700,-20.767551,4.421907,3.307014,-95.769044,0
2020-02-12,sz.300160,54.6607934200,54.6607934200,52.4687046800,54.6607934200,49.7109156200,43220634,333490738.8200,7.437100,1,9.957300,-22.835443,4.862211,3.636304,-105.305080,0
2020-02-13,sz.300160,60.1056590000,60.1056590000,60.1056590000,60.1056590000,54.6607934200,10895320,92610220.0000,1.874800,1,9.961200,-25.110125,5.346545,3.998523,-115.794719,0
2020-02-14,sz.300160,61.4491972600,66.1162249000,61.4491972600,66.1162249000,60.1056590000,89828019,821902807.9400,15.456900,1,10.000000,-27.621138,5.881199,4.398376,-127.374191,0
2020-02-17,sz.300160,67.1769130000,72.7632036600,63.7827110800,72.7632036600,66.1162249000,112509269,1098971333.0400,19.359700,1,10.053500,-30.398022,6.472464,4.840565,-140.179725,0
2020-02-18,sz.300160,77.7837940000,80.0465952800,75.7331303400,80.0465952800,72.7632036600,101571744,1130503755.9900,17.477700,1,10.009700,-33.440779,7.120340,5.325092,-154.211320,0
2020-02-19,sz.300160,80.9658583000,84.8550480000,74.5310171600,80.2587329000,80.0465952800,175561444,1975553969.1300,30.209300,1,0.265000,-33.529403,7.139210,5.339205,-154.620007,0
2020-02-20,sz.300160,79.3394698800,88.3199624600,76.3695432000,88.3199624600,80.2587329000,131589117,1546665389.9600,22.642900,1,10.044000,-36.897114,7.856276,5.875477,-170.150123,0
2020-02-21,sz.300160,93.3405528000,97.1590299600,83.0872345000,85.4207483200,88.3199624600,207402898,2725350735.1100,35.688300,1,-3.282600,-35.685919,7.598384,5.682607,-164.564730,0
2020-02-24,sz.300160,80.9658583000,84.9964730800,78.4909194000,82.1679714800,85.4207483200,139212787,1598084571.1500,23.954700,1,-3.807900,-34.327018,7.309041,5.466217,-158.298193,0
2020-02-25,sz.300160,79.2687573400,90.1584885000,77.6423689200,85.9157361000,82.1679714800,163343507,1950033199.3000,28.106900,1,4.561100,-35.892709,7.642414,5.715536,-165.518334,0
2020-02-26,sz.300160,78.5616319400,80.9658583000,77.3595187600,77.3595187600,85.9157361000,113981813,1254220534.1400,19.613100,1,-9.958800,-32.318208,6.881318,5.146335,-149.034615,0
2020-02-27,sz.300160,73.5410416000,74.2481670000,69.6518519000,69.6518519000,77.3595187600,100321494,1001974905.4000,17.262600,1,-9.963400,-29.098204,6.195702,4.633583,-134.185645,0
2020-02-28,sz.300160,65.7626622000,76.6523933600,64.7726866400,73.7531792200,69.6518519000,158193980,1604562459.5500,27.220800,1,5.888300,-30.811601,6.560525,4.906423,-142.086932,0
2020-03-02,sz.300160,72.8339162000,75.2381425600,68.5204512600,74.6724422400,73.7531792200,119888258,1217635541.3700,20.629500,1,1.246400,52.864414,6.642296,5.213408,-143.857910,0
2020-03-03,sz.300160,75.6624178000,77.7837940000,71.4903779400,72.5510660400,74.6724422400,122974058,1305805887.7900,21.160400,1,-2.840900,51.362584,6.453594,5.065300,-139.771038,0
2020-03-04,sz.300160,69.5811393600,79.8344576600,69.2982892000,79.8344576600,72.5510660400,147417787,1572327395.0300,25.366500,1,10.039000,56.518866,7.101470,5.573805,-153.802633,0
2020-03-05,sz.300160,80.9658583000,87.8249746800,79.9051702000,87.8249746800,79.8344576600,101325659,1223694342.1200,17.435400,1,10.008900,62.175759,7.812246,6.131679,-169.196519,0
2020-03-06,sz.300160,89.0978004000,96.0276293200,80.6122956000,84.7136229200,87.8249746800,186683571,2341412347.7300,32.123100,1,-3.542700,59.973075,7.535483,5.914454,-163.202440,0
2020-03-09,sz.300160,76.2281181200,79.1980448000,76.2281181200,76.2281181200,84.7136229200,90654484,982217317.8800,15.599100,1,-10.016700,53.965756,6.780677,5.322021,-146.854950,0
2020-03-10,sz.300160,70.8539650800,75.5917052600,68.5911638000,72.8339162000,76.2281181200,101053271,1009847729.6100,17.388500,1,-4.452700,51.562828,6.478754,5.085048,-140.315954,0
2020-03-11,sz.300160,72.1267908000,73.8238917600,67.7426133200,67.8840384000,72.8339162000,71875934,716820798.0300,12.367900,1,-6.796100,48.058558,6.038451,4.739462,-130.779918,0
2020-03-12,sz.300160,65.4798120400,68.9447265000,63.8534236200,65.9040872800,67.8840384000,56327014,525759211.0900,9.692300,1,-2.916700,46.656850,5.862329,4.601228,-126.965504,0
2020-03-13,sz.300160,61.2370596400,64.7726866400,59.8228088400,63.7119985400,65.9040872800,61795904,542465877.9100,10.633400,1,-3.326200,45.104959,5.667338,4.448182,-122.742402,0
2020-03-16,sz.300160,57.3478699400,58.0549953400,57.3478699400,57.3478699400,63.7119985400,26503761,215043544.5100,4.560600,1,-9.988900,40.599469,5.101233,4.003858,-110.481785,0
2020-03-17,sz.300160,51.6201542000,55.8629066000,51.6201542000,53.9536680200,57.3478699400,108089055,803384062.8400,18.599100,1,-5.918600,38.196541,4.799310,3.766885,-103.942789,0
2020-03-18,sz.300160,52.6808423000,54.8022185000,50.2766159400,50.7008911800,53.9536680200,80590854,601157353.8900,13.838900,1,-6.028800,35.893735,4.509968,3.539786,-97.676251,0
2020-03-19,sz.300160,51.1958789600,54.3072307200,50.7716037200,52.8222673800,50.7008911800,77021008,573709486.3400,13.253200,1,4.184100,37.395565,4.698669,3.687894,-101.763124,0
2020-03-20,sz.300160,53.6708178600,54.6607934200,51.0544538800,52.3979921400,52.8222673800,58001269,431811977.5100,9.980400,1,-0.803200,37.095199,4.660929,3.658272,-100.945749,0
2020-03-23,sz.300160,49.7109156200,50.3473284800,47.4481143400,48.9330776800,52.3979921400,56174071,388299176.1400,9.666000,1,-6.612700,34.642210,4.352716,3.416362,-94.270524,0
2020-03-24,sz.300160,49.8523407000,50.2059034000,46.1752886200,48.7916526000,48.9330776800,50961262,348775895.6300,8.769000,1,-0.289000,34.542088,4.340136,3.406488,-93.998066,0
2020-03-25,sz.300160,50.7008911800,52.1858545200,50.2059034000,50.7008911800,48.7916526000,64900470,467275284.7700,11.167600,1,3.913000,35.893735,4.509968,3.539786,-97.676251,0
2020-03-26,sz.300160,50.2766159400,52.6101297600,48.9330776800,49.6402030800,50.7008911800,58045909,417019210.9400,9.988100,1,-2.092100,35.142820,4.415617,3.465732,-95.632815,0
2020-03-27,sz.300160,50.4887535600,51.0544538800,47.3774018000,47.5895394200,49.6402030800,44527119,305967418.6600,7.661900,1,-4.131100,33.691051,4.233206,3.322560,-91.682172,0
2020-03-30,sz.300160,47.0238391000,48.4380899000,45.3267381400,46.8117014800,47.5895394200,41041849,271715578.0900,7.062200,1,-1.634500,33.140381,4.164015,3.268254,-90.183652,0
2020-03-31,sz.300160,47.8016770400,49.8523407000,46.7409889400,46.9531265600,46.8117014800,43564170,294598740.9500,7.496200,1,0.302100,33.240503,4.176595,3.278128,-90.456110,0
2020-04-01,sz.300160,47.6602519600,49.1452153000,47.2359767200,47.8016770400,46.9531265600,45088560,305641559.4000,7.758500,1,1.807200,33.841234,4.252076,3.337371,-92.090859,0
2020-04-02,sz.300160,47.0945516400,51.7615792800,46.0338635400,50.2059034000,47.8016770400,66532429,463697007.8000,11.448400,1,5.029600,35.543308,4.465937,3.505227,-96.722648,0
2020-04-03,sz.300160,49.9937657800,50.4180410200,47.6602519600,47.8723895800,50.2059034000,47393592,327272605.7300,8.155100,1,-4.647900,33.891295,4.258366,3.342308,-92.227088,0
2020-04-07,sz.300160,49.2159278400,50.9837413400,48.6502275200,50.2059034000,47.8723895800,59096020,417397642.0000,10.168800,1,4.874400,35.543308,4.465937,3.505227,-96.722648,0
2020-04-08,sz.300160,50.1351908600,51.1958789600,49.3573529200,49.7816281600,50.2059034000,51592480,366027799.0000,8.877600,1,-0.845100,35.242942,4.428197,3.475605,-95.905273,0
2020-04-09,sz.300160,50.1351908600,54.3779432600,49.0745027600,52.6808423000,49.7816281600,96066585,701450123.0800,16.530400,1,5.823900,37.295443,4.686089,3.678020,-101.490666,0
2020-04-10,sz.300160,51.2665915000,51.4080165800,47.4481143400,47.4481143400,52.6808423000,68711572,479933259.7500,11.823400,1,-9.932900,33.590929,4.220625,3.312686,-91.409714,0
2020-04-13,sz.300160,45.5388757600,46.2460011600,42.9932243200,43.9124873400,47.4481143400,46506129,290751081.1400,8.002400,1,-7.451600,31.087880,3.906123,3.065839,-84.598260,0
2020-04-14,sz.300160,44.6196127400,48.2966648200,44.5489002000,48.2966648200,43.9124873400,31725577,210253756.9100,5.459100,1,9.983900,34.191661,4.296106,3.371930,-93.044463,0
2020-04-15,sz.300160,52.1858545200,52.1858545200,49.2159278400,49.4987780000,48.2966648200,94010458,673022099.0900,16.176600,1,2.489000,35.042698,4.403037,3.455858,-95.360357,0
2020-04-16,sz.300160,48.4380899000,51.6908667400,48.4380899000,49.4280654600,49.4987780000,63492047,450319856.3200,10.925200,1,-0.142900,34.992637,4.396747,3.450921,-95.224128,0
2020-04-17,sz.300160,49.5694905400,50.8423162600,47.7309645000,47.8723895800,49.4280654600,55269051,386225148.1500,9.510300,1,-3.147400,33.891295,4.258366,3.342308,-92.227088,0
2020-04-20,sz.300160,47.9431021200,48.7916526000,47.1652641800,47.5188268800,47.8723895800,33283480,224480107.4000,5.715400,1,-0.738600,33.640990,4.226915,3.317623,-91.545943,0
2020-04-21,sz.300160,47.6602519600,47.8016770400,45.6803008400,46.3874262400,47.5188268800,33713400,221313690.0000,5.801100,1,-2.381000,32.840015,4.126275,3.238632,-89.366277,0
2020-04-22,sz.300160,46.1045760800,46.8824140200,45.5388757600,46.5995638600,46.3874262400,24271672,158843132.5600,4.176500,1,0.457300,32.990198,4.145145,3.253443,-89.774965,0
2020-04-23,sz.300160,46.9531265600,47.0945516400,44.7610378200,44.8317503600,46.5995638600,31887512,206100804.9600,5.487000,1,-3.793600,31.738673,3.987893,3.130020,-86.369238,0
2020-04-24,sz.300160,44.6903252800,45.2560256000,42.8517992400,43.2053619400,44.8317503600,25505080,158111483.0000,4.388700,1,-3.627800,30.587270,3.843222,3.016470,-83.235969,0
2020-04-27,sz.300160,43.4174995600,43.7710622600,41.2961233600,41.6496860600,43.2053619400,27680390,165028833.5100,4.753200,1,-3.600700,28.424735,3.494073,3.021045,-49.097605,0
2020-04-28,sz.300160,42.0739613000,42.3568114600,38.6090468400,40.7304230400,41.6496860600,29664847,170493030.2100,5.094000,1,-2.207100,27.797364,3.416954,2.954366,-48.013957,0
2020-04-29,sz.300160,40.7304230400,42.0739613000,40.5182854200,40.8718481200,40.7304230400,24437958,142204049.8700,4.196400,1,0.347200,27.893882,3.428818,2.964624,-48.180672,0
2020-04-30,sz.300160,41.6496860600,44.0539124200,41.5789735200,42.7810867000,40.8718481200,41254998,249794997.6800,7.084200,1,4.671300,29.196884,3.588988,3.103110,-50.431326,0
2020-05-06,sz.300160,41.8618236800,44.1246249600,41.7203986000,43.7003497200,42.7810867000,35079325,213736335.1800,6.023700,1,2.148800,29.824255,3.666107,3.169789,-51.514974,0
2020-05-07,sz.300160,44.0539124200,44.6903252800,43.3467870200,43.7003497200,43.7003497200,32708243,203270610.1700,5.616600,1,0.000000,29.824255,3.666107,3.169789,-51.514974,0
2020-05-08,sz.300160,44.0539124200,48.0845272000,43.5589246400,46.4581387800,43.7003497200,69019209,448475782.4000,11.851800,1,6.310700,31.706368,3.897463,3.369824,-54.765919,0
2020-05-11,sz.300160,45.9631510000,46.9531265600,45.2560256000,46.1752886200,46.4581387800,38867171,253659750.1300,6.674200,1,-0.608800,31.513331,3.873734,3.349308,-54.432489,0
2020-05-12,sz.300160,45.6803008400,49.0745027600,45.0438879800,48.2966648200,46.1752886200,48234944,319491199.7900,8.282800,1,4.594200,32.961110,4.051701,3.503181,-56.933216,0
2020-05-13,sz.300160,47.3774018000,47.5188268800,46.1045760800,46.7409889400,48.2966648200,36224881,238607235.5100,6.220500,1,-3.221100,31.899405,3.921192,3.390340,-55.099350,0
2020-05-14,sz.300160,46.0338635400,46.2460011600,44.9731754400,45.1146005200,46.7409889400,24919652,160875333.4000,4.279100,1,-3.479600,30.789441,3.784751,3.272371,-53.182126,0
2020-05-15,sz.300160,45.4681632200,47.0238391000,45.3267381400,45.8217259200,45.1146005200,27473500,179300816.0000,4.717700,1,1.567400,31.272034,3.844073,3.323662,-54.015701,0
2020-05-18,sz.300160,45.4681632200,45.5388757600,42.9932243200,43.0639368600,45.8217259200,30744900,191337990.8000,5.279400,1,-6.018500,29.389921,3.612717,3.123627,-50.764756,0
2020-05-19,sz.300160,43.8417748000,44.4074751200,43.2053619400,43.9124873400,43.0639368600,17228320,106629487.4000,2.958400,1,1.970400,29.969033,3.683903,3.185176,-51.765047,0
2020-05-20,sz.300160,44.2660500400,45.6095883000,43.5589246400,44.1246249600,43.9124873400,27505773,173638358.5200,4.723200,1,0.483100,30.113811,3.701700,3.200563,-52.015120,0
2020-05-21,sz.300160,44.7610378200,45.6803008400,44.2660500400,44.6903252800,44.1246249600,25989040,164977964.2000,4.462800,1,1.282100,30.499885,3.749158,3.241596,-52.681980,0
2020-05-22,sz.300160,44.6903252800,44.7610378200,41.1546982800,41.4375484400,44.6903252800,27043503,162956411.3400,4.643900,1,-7.278500,28.279957,3.476276,3.005657,-48.847532,0
2020-05-25,sz.300160,43.7003497200,45.6095883000,43.7003497200,45.6095883000,41.4375484400,14014703,89465831.5400,2.406600,1,10.068300,31.127256,3.826277,3.308275,-53.765629,0
2020-05-26,sz.300160,49.2866403800,49.2866403800,45.9631510000,46.8824140200,45.6095883000,69301014,464475160.2800,11.900200,1,2.790700,31.995924,3.933056,3.400599,-55.266065,0
2020-05-27,sz.300160,46.9553280000,47.3928000000,44.6950560000,44.8408800000,46.8824160000,44102691,276183787.1200,7.573200,1,-4.354600,29.679477,3.648310,3.154401,-51.264902,0
2020-05-28,sz.300160,44.1117600000,44.3304960000,42.1431360000,43.3097280000,44.8408800000,34521250,204482955.3400,5.927900,1,-3.414600,28.666031,3.523734,3.046690,-49.514393,0
2020-05-29,sz.300160,42.9451680000,43.6013760000,42.3618720000,42.9451680000,43.3097280000,18588745,109818440.6000,3.192000,1,-0.841800,28.424735,3.494073,3.021045,-49.097605,0
2020-06-01,sz.300160,43.4555520000,45.5700000000,43.1639040000,45.4970880000,42.9451680000,34106452,208946565.0400,5.856700,1,5.942300,30.113811,3.701700,3.200563,-52.015120,0
2020-06-02,sz.300160,45.4241760000,46.9553280000,45.2783520000,46.2262080000,45.4970880000,35594800,225850082.0000,6.112300,1,1.602600,30.596404,3.761022,3.251855,-52.848695,0
2020-06-03,sz.300160,46.3720320000,46.6636800000,45.2054400000,45.2783520000,46.2262080000,29592054,186436791.5200,5.081500,1,-2.050500,29.969033,3.683903,3.185176,-51.765047,0
2020-06-04,sz.300160,46.0074720000,46.2262080000,44.2575840000,44.3304960000,45.2783520000,27684983,170978918.9200,4.754000,1,-2.093400,29.341662,3.606785,3.118498,-50.681399,0
2020-06-05,sz.300160,44.2575840000,44.4763200000,43.6013760000,44.1846720000,44.3304960000,17908247,108052477.4700,3.075200,1,-0.328900,29.245143,3.594920,3.108240,-50.514684,0
2020-06-08,sz.300160,44.4763200000,46.5907680000,44.0388480000,46.5907680000,44.1846720000,40492996,253052249.1700,6.953400,1,5.445500,30.837700,3.790683,3.277500,-53.265483,0
2020-06-09,sz.300160,47.9760960000,51.2571360000,47.9760960000,51.2571360000,46.5907680000,27700315,191591661.8000,4.756600,1,10.015700,33.926296,4.170345,3.605763,-58.600367,0
2020-06-10,sz.300160,53.0070240000,56.3609760000,51.7675200000,53.3715840000,51.2571360000,128753760,960843564.5900,22.109300,1,4.125200,35.325816,4.342379,3.754507,-61.017737,0
2020-06-11,sz.300160,55.9964160000,58.6941600000,55.9235040000,58.6941600000,53.3715840000,77418770,618446772.4000,13.294200,1,9.972700,38.848746,4.775430,4.128932,-67.102839,0
2020-06-12,sz.300160,56.1422400000,64.3083840000,56.1422400000,61.2460800000,58.6941600000,140326545,1174310612.1100,24.096600,1,4.347800,40.537822,4.983058,4.308451,-70.020353,0
2020-06-15,sz.300160,58.7670720000,59.7149280000,55.1214720000,55.1214720000,61.2460800000,99314413,762236142.3500,17.054100,1,-10.000000,36.484040,4.484752,3.877606,-63.018318,0
2020-06-16,sz.300160,54.7569120000,55.8505920000,52.7153760000,55.1214720000,55.1214720000,70710769,526444301.6500,12.142300,1,0.000000,36.484040,4.484752,3.877606,-63.018318,0
2020-06-17,sz.300160,54.3194400000,54.4652640000,52.2049920000,53.0070240000,55.1214720000,59584933,434953437.1300,10.231800,1,-3.836000,35.084520,4.312718,3.728862,-60.600949,0
2020-06-18,sz.300160,52.6424640000,55.7776800000,51.8404320000,54.1736160000,53.0070240000,65101298,485260551.7200,11.179100,1,2.200800,35.856669,4.407633,3.810927,-61.934670,0
2020-06-19,sz.300160,53.0799360000,55.1214720000,53.0799360000,54.2465280000,54.1736160000,45862192,339209245.3200,7.875400,1,0.134600,35.904928,4.413566,3.816056,-62.018027,0
2020-06-22,sz.300160,54.1007040000,59.6420160000,52.7882880000,59.1316320000,54.2465280000,89566380,693830708.0600,15.380100,1,9.005400,39.138302,4.811024,4.159707,-67.602984,0
2020-06-23,sz.300160,57.6004800000,58.6941600000,56.1422400000,57.0900960000,59.1316320000,60127504,472939670.2700,10.325000,1,-3.452500,37.787041,4.644922,4.016092,-65.268972,0
2020-06-24,sz.300160,56.9442720000,60.5898720000,56.1422400000,58.1108640000,57.0900960000,58762130,473499595.1800,10.090500,1,1.788000,38.462672,4.727973,4.087899,-66.435978,0
2020-06-29,sz.300160,56.7984480000,56.7984480000,53.8090560000,54.1736160000,58.1108640000,45586347,344147638.7900,7.828000,1,-6.775400,35.856669,4.407633,3.810927,-61.934670,0
2020-06-30,sz.300160,54.6110880000,59.5691040000,54.6110880000,59.5691040000,54.1736160000,96490210,777523375.1700,16.569100,1,9.959600,39.427858,4.846617,4.190481,-68.103129,0
2020-07-01,sz.300160,61.2460800000,63.8709120000,59.1316320000,61.1731680000,59.5691040000,117010417,992341604.9600,20.092800,1,2.692800,40.489563,4.977126,4.303322,-69.936996,0
2020-07-02,sz.300160,61.0273440000,62.9959680000,59.2045440000,62.1939360000,61.1731680000,83397857,702195731.4700,14.320900,1,1.668600,41.165193,5.060177,4.375129,-71.104002,0
2020-07-03,sz.300160,63.4334400000,67.0790400000,60.6627840000,60.8815200000,62.1939360000,82603707,714698304.3400,14.184500,1,-2.110200,40.296526,4.953397,4.282805,-69.603566,0
2020-07-06,sz.300160,60.0794880000,65.4749760000,59.8607520000,63.7250880000,60.8815200000,84238989,719685729.1000,14.465300,1,4.670700,42.178639,5.184753,4.482840,-72.854511,0
2020-07-07,sz.300160,65.4749760000,67.4436000000,62.6314080000,64.8916800000,63.7250880000,93306516,839590220.4100,16.022400,1,1.830700,42.950788,5.279668,4.564906,-74.188232,0
2020-07-08,sz.300160,64.6729440000,64.6729440000,62.4855840000,64.2354720000,64.8916800000,68044123,593677358.2400,11.684400,1,-1.011200,42.516454,5.226279,4.518744,-73.438014,0
2020-07-09,sz.300160,63.4334400000,66.1311840000,62.7043200000,65.4749760000,64.2354720000,70971298,628165365.3500,12.187000,1,1.929600,43.336862,5.327126,4.605939,-74.855092,0
2020-07-10,sz.300160,64.6000320000,65.2562400000,62.4126720000,62.6314080000,65.4749760000,53945700,469784105.7200,9.263400,1,-4.343000,41.454749,5.095770,4.405904,-71.604147,0
2020-07-13,sz.300160,63.8709120000,65.6208000000,63.5063520000,64.7458560000,62.6314080000,55004611,486190415.3800,9.445300,1,3.376000,42.854269,5.267804,4.554648,-74.021516,0
2020-07-14,sz.300160,63.2147040000,63.4334400000,59.7149280000,61.2460800000,64.7458560000,61959810,524392001.3900,10.639600,1,-5.405400,40.537822,4.983058,4.308451,-70.020353,0
2020-07-15,sz.300160,61.3919040000,62.5584960000,57.7463040000,58.4025120000,61.2460800000,34960760,287709057.0000,6.003400,1,-4.642800,38.655709,4.751702,4.108416,-66.769408,0
2020-07-16,sz.300160,58.5483360000,59.9336640000,53.0799360000,54.4652640000,58.4025120000,32038406,251966494.4200,5.501600,1,-6.741600,36.049706,4.431362,3.831444,-62.268100,0
2020-07-17,sz.300160,54.6840000000,55.8505920000,53.5174080000,55.7776800000,54.4652640000,23079343,174357385.8300,3.963100,1,2.409600,36.918374,4.538142,3.923768,-63.768536,0
2020-07-20,sz.300160,56.1422400000,57.2359200000,54.6840000000,57.1630080000,55.7776800000,22937220,176512060.2000,3.938700,1,2.483700,37.835301,4.650854,4.021221,-65.352330,0
2020-07-21,sz.300160,57.8192160000,58.7670720000,56.5797120000,56.6526240000,57.1630080000,20636129,162671957.9700,3.543600,1,-0.892900,37.497485,4.609329,3.985317,-64.768827,0
2020-07-22,sz.300160,56.8713600000,57.1630080000,55.2672960000,55.7047680000,56.6526240000,21125330,163081886.3600,3.627600,1,-1.673100,36.870114,4.532210,3.918639,-63.685179,0
2020-07-23,sz.300160,55.4131200000,56.2151520000,53.2257600000,55.7047680000,55.7047680000,21805647,163449696.4600,3.744400,1,0.000000,36.870114,4.532210,3.918639,-63.685179,0
2020-07-24,sz.300160,55.0485600000,55.6318560000,50.5280160000,51.9133440000,55.7047680000,23387835,170952062.8100,4.016100,1,-6.806300,34.360630,4.223735,3.651925,-59.350585,0
2020-07-27,sz.300160,51.9862560000,52.3508160000,49.5072480000,50.2363680000,51.9133440000,18042318,125086634.5400,3.098200,1,-3.230300,33.250666,4.087294,3.533955,-57.433361,0
2020-07-28,sz.300160,50.9654880000,52.7882880000,50.7467520000,52.3508160000,50.2363680000,18634585,132495236.8000,3.199900,1,4.209000,34.650186,4.259328,3.682700,-59.850731,0
2020-07-29,sz.300160,51.6946080000,53.2986720000,51.3300480000,53.1528480000,52.3508160000,20580301,148176732.3800,3.534000,1,1.532000,35.181038,4.324582,3.739120,-60.767664,0
2020-07-30,sz.300160,53.0799360000,53.3715840000,51.7675200000,52.1320800000,53.1528480000,18244780,131165399.6000,3.133000,1,-1.920400,34.505408,4.241531,3.667312,-59.600658,0
2020-07-31,sz.300160,52.4966400000,53.5174080000,51.9862560000,52.9341120000,52.1320800000,16483906,119080747.8000,2.830600,1,1.538500,35.036261,4.306786,3.723732,-60.517591,0
2020-08-03,sz.300160,53.0070240000,54.6840000000,53.0070240000,54.1007040000,52.9341120000,21342800,157737174.0000,3.664900,1,2.203900,35.808410,4.401701,3.805798,-61.851312,0
2020-08-04,sz.300160,54.1736160000,58.2566880000,53.5903200000,56.4338880000,54.1007040000,42131899,323929837.8800,7.234800,1,4.312700,37.352708,4.591532,3.969930,-64.518754,0
2020-08-05,sz.300160,55.4860320000,55.5589440000,54.0277920000,55.0485600000,56.4338880000,25371548,190166404.5600,4.356700,1,-2.454800,36.435781,4.478820,3.872477,-62.934961,0
2020-08-06,sz.300160,54.9756480000,54.9756480000,53.2257600000,53.8090560000,55.0485600000,16467330,121805092.7000,2.827700,1,-2.251700,35.615372,4.377972,3.785282,-61.517882,0
2020-08-07,sz.300160,53.8090560000,53.8090560000,51.3300480000,51.6946080000,53.8090560000,19042750,136194037.6000,3.265700,1,-3.929500,41.526882,4.620903,3.897818,-173.763864,0
2020-08-10,sz.300160,52.2049920000,53.2257600000,51.7675200000,52.4966400000,51.6946080000,11024800,79070441.0000,1.890700,1,1.551500,42.171164,4.692595,3.958292,-176.459778,0
2020-08-11,sz.300160,52.2779040000,52.7882880000,51.1842240000,51.1842240000,52.4966400000,10962700,78443556.8000,1.880000,1,-2.500000,41.116885,4.575281,3.859334,-172.048283,0
2020-08-12,sz.300160,51.4758720000,51.8404320000,48.9968640000,50.8196640000,51.1842240000,14892630,102543671.7000,2.554000,1,-0.712300,40.824029,4.542693,3.831846,-170.822868,0
2020-08-13,sz.300160,51.3300480000,52.7882880000,51.1842240000,51.6216960000,50.8196640000,15121539,107981976.2500,2.593200,1,1.578200,41.468311,4.614386,3.892320,-173.518781,0
2020-08-14,sz.300160,51.2571360000,51.4029600000,50.0176320000,51.1842240000,51.6216960000,11248620,78410974.2000,1.929100,1,-0.847500,41.116885,4.575281,3.859334,-172.048283,0
2020-08-17,sz.300160,51.4029600000,52.4237280000,50.8196640000,52.3508160000,51.1842240000,13123850,93376690.2600,2.250600,1,2.279200,42.054022,4.679560,3.947296,-175.969612,0
2020-08-18,sz.300160,52.8612000000,53.6632320000,52.2049920000,53.3715840000,52.3508160000,20488234,148993100.4900,3.513600,1,1.949900,42.874017,4.770805,4.024263,-179.400774,0
2020-08-19,sz.300160,53.0799360000,53.0799360000,51.6216960000,51.6216960000,53.3715840000,14136809,101005856.0700,2.424400,1,-3.278700,41.468311,4.614386,3.892320,-173.518781,0
2020-08-20,sz.300160,50.8925760000,51.1842240000,50.1634560000,50.3821920000,51.6216960000,10526030,73085164.2700,1.805100,1,-2.401100,40.472603,4.503588,3.798860,-169.352370,0
2020-08-21,sz.300160,50.5280160000,51.1842240000,50.1634560000,50.5280160000,50.3821920000,8090559,56313516.2900,1.387500,1,0.289400,40.589745,4.516623,3.809856,-169.842536,0
2020-08-24,sz.300160,50.6009280000,52.6424640000,48.9239520000,52.0591680000,50.5280160000,17189098,120851872.9200,2.947800,1,3.030300,41.819737,4.653490,3.925306,-174.989280,0
2020-08-25,sz.300160,51.5487840000,56.0693280000,51.4029600000,54.1736160000,52.0591680000,35274156,262065645.1200,6.049300,1,4.061600,43.518298,4.842498,4.084737,-182.096687,0
2020-08-26,sz.300160,53.9548800000,54.7569120000,51.1113120000,51.6946080000,54.1736160000,23819780,172516149.4000,4.084900,1,-4.576000,41.526882,4.620903,3.897818,-173.763864,0
2020-08-27,sz.300160,51.7675200000,62.0481120000,51.7675200000,62.0481120000,51.6946080000,82517855,666723923.6700,14.151200,1,20.028200,49.843973,5.546387,4.678481,-208.565654,0
2020-08-28,sz.300160,62.7043200000,71.0162880000,62.3397600000,63.2876160000,62.0481120000,141949601,1279281411.8000,24.343300,1,1.997600,50.839681,5.657184,4.771941,-212.732065,0
2020-08-31,sz.300160,63.0688800000,66.9332160000,59.0587200000,64.8187680000,63.2876160000,95043551,823588002.1800,16.299300,1,2.419400,52.069673,5.794052,4.887391,-217.878809,0
2020-09-01,sz.300160,64.0896480000,74.8806240000,63.5063520000,72.7661760000,64.8187680000,128312662,1222066342.6600,22.004700,1,12.261000,58.453919,6.504459,5.486632,-244.592859,0
2020-09-02,sz.300160,68.9747520000,76.4846880000,68.4643680000,72.7661760000,72.7661760000,123573514,1226768080.1100,21.191900,1,0.000000,58.453919,6.504459,5.486632,-244.592859,0
2020-09-03,sz.300160,70.0684320000,70.9433760000,63.5063520000,65.1104160000,72.7661760000,83786099,766627294.1700,14.368700,1,-10.521000,52.303957,5.820122,4.909381,-218.859141,0
2020-09-04,sz.300160,62.5584960000,67.0790400000,61.9752000000,65.5478880000,65.1104160000,53648745,481108058.0500,9.200400,1,0.671900,52.655384,5.859227,4.942367,-220.329639,0
2020-09-07,sz.300160,65.8395360000,76.1201280000,64.2354720000,73.0578240000,65.5478880000,102700845,991665769.0500,17.612400,1,11.457200,58.688203,6.530529,5.508623,-245.573191,0
2020-09-08,sz.300160,71.5266720000,75.8284800000,68.5372800000,73.7869440000,73.0578240000,95384548,944814792.9800,16.357700,1,0.998000,59.273914,6.595704,5.563599,-248.024021,0
2020-09-09,sz.300160,70.0684320000,78.8907840000,68.6101920000,68.9747520000,73.7869440000,104648718,1049337949.7600,17.946500,1,-6.521700,55.408224,6.165549,5.200755,-231.848541,0
2020-09-10,sz.300160,69.7767840000,69.7767840000,55.1943840000,55.6318560000,68.9747520000,77084277,648580797.5100,13.219400,1,-19.344600,44.689719,4.972848,4.194690,-186.998348,0
2020-09-11,sz.300160,53.8090560000,60.2982240000,52.9341120000,58.7670720000,55.6318560000,44498426,349756992.0500,7.631100,1,5.635600,47.208275,5.253100,4.431088,-197.536918,0
2020-09-14,sz.300160,59.1316320000,63.2876160000,58.6212480000,62.5584960000,58.7670720000,51317958,431772727.6100,8.800600,1,6.451600,50.253970,5.592010,4.716964,-210.281235,0
2020-09-15,sz.300160,66.3499200000,72.6203520000,64.7458560000,64.8916800000,62.5584960000,81286110,754318918.3500,13.940000,1,3.729600,52.128244,5.800569,4.892888,-218.123892,0
2020-09-16,sz.300160,62.6314080000,69.5580480000,62.6314080000,65.1833280000,64.8916800000,62522156,567519972.8700,10.722100,1,0.449400,52.362528,5.826639,4.914879,-219.104224,0
2020-09-17,sz.300160,65.5478880000,66.2040960000,61.1731680000,63.2876160000,65.1833280000,47031903,410870165.8100,8.065600,1,-2.908300,50.839681,5.657184,4.771941,-212.732065,0
2020-09-18,sz.300160,64.5271200000,64.5271200000,60.2253120000,61.2460800000,63.2876160000,40305750,341566059.3900,6.912100,1,-3.225800,49.199691,5.474695,4.618007,-205.869741,0
2020-09-21,sz.300160,61.6835520000,62.6314080000,60.5898720000,60.8086080000,61.2460800000,31384587,264441951.0300,5.382200,1,-0.714300,48.848265,5.435590,4.585021,-204.399243,0
2020-09-22,sz.300160,59.7878400000,61.1731680000,58.4025120000,58.9128960000,60.8086080000,30164240,246397530.0000,5.172900,1,-3.117500,47.325417,5.266135,4.442083,-198.027084,0
2020-09-23,sz.300160,58.9858080000,61.2460800000,57.7463040000,60.8815200000,58.9128960000,35944397,294319205.7000,6.164200,1,3.341600,48.906836,5.442107,4.590519,-204.644326,0
2020-09-24,sz.300160,59.7149280000,59.7149280000,55.4860320000,56.4338880000,60.8815200000,32729200,257589823.0000,5.612800,1,-7.305400,45.334001,5.044540,4.255164,-189.694261,0
2020-09-25,sz.300160,56.8713600000,57.5275680000,55.3402080000,55.6318560000,56.4338880000,16276616,125492291.8800,2.791300,1,-1.421200,44.689719,4.972848,4.194690,-186.998348,0
2020-09-28,sz.300160,56.7255360000,61.2460800000,56.7255360000,59.2045440000,55.6318560000,41650147,338895813.6800,7.142700,1,6.422000,47.559701,5.292205,4.464073,-199.007416,0
2020-09-29,sz.300160,59.2774560000,59.7878400000,57.4546560000,58.2566880000,59.2045440000,26589400,213238322.0000,4.559900,1,-1.601000,46.798278,5.207477,4.392604,-195.821337,0
2020-09-30,sz.300160,58.4754240000,60.0065760000,57.6733920000,58.1837760000,58.2566880000,24986000,201695150.0000,4.284900,1,-0.125200,46.739707,5.200960,4.387107,-195.576254,0
2020-10-09,sz.300160,65.1104160000,66.6415680000,60.8815200000,61.5377280000,58.1837760000,48447731,416701976.5800,8.308400,1,5.764400,49.433975,5.500765,4.639997,-206.850073,0
2020-10-12,sz.300160,62.4126720000,66.2040960000,62.4126720000,64.3083840000,61.5377280000,55778383,490029600.8800,9.565600,1,4.502400,51.659676,5.748429,4.848907,-216.163228,0
2020-10-13,sz.300160,63.3605280000,68.8289280000,61.9752000000,67.0790400000,64.3083840000,74776524,676545556.5200,12.823600,1,4.308400,53.885376,5.996094,5.057817,-225.476383,0
2020-10-14,sz.300160,66.2040960000,69.9955200000,65.6937120000,67.8081600000,67.0790400000,73661212,682723147.4700,12.632300,1,1.087000,54.471087,6.061269,5.112793,-227.927213,0
2020-10-15,sz.300160,68.1727200000,69.2664000000,65.4020640000,65.4020640000,67.8081600000,43714228,398725138.4900,7.496700,1,-3.548400,52.538242,5.846192,4.931372,-219.839473,0
2020-10-16,sz.300160,64.1625600000,65.8395360000,63.6521760000,64.6000320000,65.4020640000,26665963,236539538.7600,4.573000,1,-1.226300,51.893960,5.774499,4.870898,-217.143560,0
2020-10-19,sz.300160,64.6000320000,67.0061280000,64.1625600000,65.4749760000,64.6000320000,31188736,280327416.5900,5.348600,1,1.354400,52.596813,5.852709,4.936869,-220.084556,0
2020-10-20,sz.300160,64.8916800000,68.9018400000,63.7980000000,68.3185440000,65.4749760000,55978386,514196505.6800,9.599900,1,4.343000,54.881084,6.106892,5.151277,-229.642794,0
2020-10-21,sz.300160,67.6623360000,68.0998080000,64.9645920000,65.6208000000,68.3185440000,38290068,348398991.4600,6.566500,1,-3.948800,52.713955,5.865744,4.947865,-220.574722,0
2020-10-22,sz.300160,64.9645920000,66.7144800000,63.8709120000,65.4020640000,65.6208000000,26136600,234397439.0000,4.482200,1,-0.333300,52.538242,5.846192,4.931372,-219.839473,0
2020-10-23,sz.300160,65.1104160000,68.2456320000,64.6000320000,65.4749760000,65.4020640000,38850393,355552956.6800,6.662500,1,0.111500,52.596813,5.852709,4.936869,-220.084556,0
2020-10-26,sz.300160,64.3083840000,68.7560160000,63.0688800000,68.5372800000,65.4749760000,54728546,504104192.4200,9.385500,1,4.677100,55.056797,6.126444,5.167770,-230.378043,0
2020-10-27,sz.300160,72.0370560000,75.6097440000,66.3499200000,66.7144800000,68.5372800000,87547833,851994292.4900,15.013800,1,-2.659600,53.592521,5.963507,5.030329,-224.250968,0
2020-10-28,sz.300160,64.3812960000,71.3808480000,64.3812960000,70.0684320000,66.7144800000,77845873,732924622.4500,13.350000,1,5.027300,55.037346,6.007387,5.049629,-340.672143,0
2020-10-29,sz.300160,67.8081600000,74.9535360000,67.1519520000,71.8183200000,70.0684320000,77340467,753432851.2000,13.263300,1,2.497400,56.411848,6.157416,5.175738,-349.180084,0
2020-10-30,sz.300160,70.7975520000,72.5474400000,66.3499200000,66.7144800000,71.8183200000,57794540,547453288.8000,9.911300,1,-7.106600,52.402884,5.719833,4.807919,-324.365256,0
2020-11-02,sz.300160,66.6415680000,69.9955200000,66.0582720000,69.9226080000,66.7144800000,48669286,456555666.3700,8.346400,1,4.808700,54.922804,5.994885,5.039119,-339.963148,0
2020-11-03,sz.300160,69.9955200000,72.0370560000,67.5165120000,71.8183200000,69.9226080000,64101900,614404190.5500,10.993000,1,2.711200,56.411848,6.157416,5.175738,-349.180084,0
2020-11-04,sz.300160,74.0056800000,86.1819840000,74.0056800000,86.1819840000,71.8183200000,187641176,2154010589.3500,32.179000,1,20.000000,67.694218,7.388899,6.210886,-419.016101,0
2020-11-05,sz.300160,80.7135840000,85.8174240000,80.1302880000,82.6822080000,86.1819840000,151087448,1705081676.0100,25.910400,1,-4.060900,64.945214,7.088842,5.958667,-402.000219,0
2020-11-06,sz.300160,81.0052320000,81.6614400000,74.5160640000,75.6097440000,82.6822080000,99261140,1058592557.1000,17.022500,1,-8.553800,59.389935,6.482477,5.448975,-367.613957,0
2020-11-09,sz.300160,76.0472160000,79.2553440000,75.1722720000,76.9221600000,75.6097440000,70729178,746360285.9900,12.129500,1,1.735800,60.420812,6.594999,5.543557,-373.994913,0
2020-11-10,sz.300160,76.4846880000,76.4846880000,72.0370560000,72.7661760000,76.9221600000,60897667,612855748.0200,10.443500,1,-5.402800,57.156370,6.238681,5.244047,-353.788553,0
2020-11-11,sz.300160,72.4745280000,74.1515040000,71.5995840000,72.7661760000,72.7661760000,37001773,369648666.3500,6.345500,1,0.000000,57.156370,6.238681,5.244047,-353.788553,0
2020-11-12,sz.300160,72.7661760000,73.1307360000,68.9018400000,69.7038720000,72.7661760000,41161342,400284095.3900,7.058900,1,-4.208400,54.750992,5.976132,5.023356,-338.899656,0
2020-11-13,sz.300160,70.5059040000,70.9433760000,68.3914560000,69.0476640000,69.7038720000,26586080,253205853.4000,4.559300,1,-0.941400,54.235553,5.919871,4.976065,-335.709178,0
2020-11-16,sz.300160,68.6831040000,70.2871680000,68.3914560000,68.8289280000,69.0476640000,24467107,232363984.8700,4.195900,1,-0.316800,54.063741,5.901117,4.960301,-334.645685,0
2020-11-17,sz.300160,68.3185440000,68.8289280000,65.6937120000,67.2977760000,68.8289280000,32686503,300020444.4700,5.605500,1,-2.224600,52.861051,5.769843,4.849955,-327.201236,0
2020-11-18,sz.300160,67.1519520000,71.1621120000,66.4957440000,70.5788160000,67.2977760000,46003258,439101906.1800,7.889200,1,4.875400,55.438242,6.051146,5.086410,-343.153626,0
2020-11-19,sz.300160,70.3600800000,71.0892000000,68.9747520000,69.6309600000,70.5788160000,30684576,293521776.4900,5.262200,1,-1.343000,54.693721,5.969880,5.018101,-338.545158,0
2020-11-20,sz.300160,69.0476640000,73.4223840000,67.8810720000,72.6932640000,69.6309600000,48923886,479535559.6400,8.390100,1,4.397900,57.099099,6.232430,5.238793,-353.434055,0
2020-11-23,sz.300160,72.6932640000,74.8077120000,71.1621120000,72.5474400000,72.6932640000,41134053,410514215.9000,7.054200,1,-0.200600,56.984557,6.219928,5.228284,-352.725060,0
2020-11-24,sz.300160,73.2036480000,74.6618880000,70.2871680000,70.7246400000,72.5474400000,32949467,325119819.5700,5.650600,1,-2.512600,55.552784,6.063648,5.096920,-343.862621,0
2020-11-25,sz.300160,70.7975520000,71.1621120000,67.0790400000,67.1519520000,70.7246400000,33007307,309602983.0100,5.660500,1,-5.051500,52.746510,5.757340,4.839446,-326.492241,0
2020-11-26,sz.300160,67.7352480000,69.6309600000,67.1519520000,69.1934880000,67.1519520000,27091867,254702339.5800,4.646100,1,3.040200,54.350095,5.932373,4.986574,-336.418173,0
2020-11-27,sz.300160,69.1934880000,69.1934880000,65.6937120000,66.6415680000,69.1934880000,27003680,249308330.4900,4.630900,1,-3.688100,52.345613,5.713582,4.802664,-324.010759,0
2020-11-30,sz.300160,65.9853600000,66.1311840000,63.5063520000,63.5792640000,66.6415680000,31294240,276355581.6000,5.366700,1,-4.595200,49.940235,5.451032,4.581973,-309.121862,0
2020-12-01,sz.300160,63.6521760000,64.8187680000,62.9230560000,64.2354720000,63.5792640000,20060120,176491190.0800,3.440200,1,1.032100,50.455673,5.507293,4.629264,-312.312339,0
2020-12-02,sz.300160,64.1625600000,65.2562400000,63.6521760000,64.7458560000,64.2354720000,18003542,158899788.1200,3.087500,1,0.794600,50.856570,5.551051,4.666046,-314.793822,0
2020-12-03,sz.300160,64.4542080000,64.4542080000,62.4855840000,62.7772320000,64.7458560000,20451500,177200926.0000,3.507300,1,-3.040500,49.310255,5.382269,4.524173,-305.222389,0
2020-12-04,sz.300160,62.9230560000,63.3605280000,62.3397600000,63.1417920000,62.7772320000,12173160,105063645.2000,2.087600,1,0.580700,49.596609,5.413525,4.550446,-306.994876,0
2020-12-07,sz.300160,63.2876160000,64.1625600000,62.6314080000,62.7772320000,63.1417920000,14189520,123235544.6000,2.433400,1,-0.577400,49.310255,5.382269,4.524173,-305.222389,0
2020-12-08,sz.300160,63.2147040000,64.3812960000,63.0688800000,64.3812960000,62.7772320000,17806661,155985902.3400,3.053700,1,2.555200,50.570215,5.519795,4.639773,-313.021335,0
2020-12-09,sz.300160,64.3083840000,64.3083840000,61.1002560000,61.3919040000,64.3812960000,20370420,174879796.6000,3.493400,1,-4.643300,48.222108,5.263497,4.424336,-298.486935,0
2020-12-10,sz.300160,60.7356960000,61.0273440000,59.1316320000,59.6420160000,61.3919040000,18147340,149180806.0000,3.112100,1,-2.850400,46.847606,5.113468,4.298227,-289.978994,0
2020-12-11,sz.300160,58.9858080000,59.6420160000,55.9964160000,56.7984480000,59.6420160000,25723195,201825016.9600,4.411300,1,-4.767700,44.614040,4.869672,4.093299,-276.153590,0
2020-12-14,sz.300160,57.6004800000,59.1316320000,56.3609760000,58.0379520000,56.7984480000,15553032,123941895.1800,2.667200,1,2.182300,45.587646,4.975942,4.182627,-282.180048,0
2020-12-15,sz.300160,58.2566880000,62.1939360000,57.8192160000,61.1002560000,58.0379520000,29812720,247812216.0000,5.112700,1,5.276400,47.993024,5.238492,4.403318,-297.068945,0
2020-12-16,sz.300160,60.8815200000,61.1731680000,59.4232800000,59.4961920000,61.1002560000,16950540,139746668.4000,2.906900,1,-2.625300,46.733064,5.100966,4.287718,-289.269999,0
2020-12-17,sz.300160,59.4232800000,60.6627840000,58.4025120000,60.2982240000,59.4961920000,16157067,132359151.9500,2.770800,1,1.348000,47.363044,5.169729,4.345518,-293.169472,0
2020-12-18,sz.300160,60.2982240000,63.3605280000,59.6420160000,61.6106400000,60.2982240000,24096924,202936094.9600,4.132400,1,2.176500,48.393920,5.282250,4.440100,-299.550428,0
2020-12-21,sz.300160,60.6627840000,63.8709120000,60.6627840000,62.7772320000,61.6106400000,24164360,206836581.2000,4.144000,1,1.893500,49.310255,5.382269,4.524173,-305.222389,0
2020-12-22,sz.300160,61.9752000000,62.8501440000,59.4232800000,59.4961920000,62.7772320000,21846100,182656788.0000,3.746400,1,-5.226500,46.733064,5.100966,4.287718,-289.269999,0
2020-12-23,sz.300160,59.2774560000,61.6106400000,59.2774560000,61.1002560000,59.4961920000,17675003,147606396.0000,3.031100,1,2.696100,47.993024,5.238492,4.403318,-297.068945,0
2020-12-24,sz.300160,61.1002560000,61.1002560000,57.9650400000,58.1837760000,61.1002560000,20711031,167672556.5300,3.551800,1,-4.773300,45.702187,4.988445,4.193136,-282.889043,0
2020-12-25,sz.300160,59.1316320000,62.6314080000,58.6941600000,61.3189920000,58.1837760000,32388679,272557446.6400,5.554400,1,5.388500,48.164837,5.257245,4.419082,-298.132438,0
2020-12-28,sz.300160,61.5377280000,61.7564640000,59.2045440000,59.7878400000,61.3189920000,20622157,170026466.0300,3.536500,1,-2.497000,46.962148,5.125971,4.308736,-290.687989,0
2020-12-29,sz.300160,59.4232800000,60.1524000000,58.1108640000,58.1837760000,59.7878400000,16470661,132467243.3900,2.824600,1,-2.682900,45.702187,4.988445,4.193136,-282.889043,0
2020-12-30,sz.300160,58.0379520000,58.9858080000,57.6733920000,58.0379520000,58.1837760000,10778365,86313262.7800,1.848400,1,-0.250600,45.587646,4.975942,4.182627,-282.180048,0
2020-12-31,sz.300160,58.4025120000,60.5169600000,58.4025120000,59.2045440000,58.0379520000,15889542,129702531.5600,2.724900,1,2.010100,46.503980,5.075961,4.266700,-287.852009,0
2021-01-04,sz.300160,60.8815200000,62.7043200000,60.8086080000,61.9752000000,59.2045440000,31407572,266156049.4600,5.386200,1,4.679800,48.680275,5.313506,4.466373,-301.322916,0
2021-01-05,sz.300160,60.8815200000,61.7564640000,59.2774560000,60.2982240000,61.9752000000,25204920,208483945.0000,4.322500,1,-2.705900,47.363044,5.169729,4.345518,-293.169472,0
2021-01-06,sz.300160,60.8815200000,60.8815200000,58.4754240000,58.6941600000,60.2982240000,16933358,136818125.3200,2.903900,1,-2.660200,46.103084,5.032203,4.229918,-285.370526,0
2021-01-07,sz.300160,58.2566880000,58.4025120000,53.5903200000,54.7569120000,58.6941600000,27278193,208936729.9400,4.678000,1,-6.708100,43.010455,4.694639,3.946172,-266.227658,0
2021-01-08,sz.300160,54.7569120000,55.8505920000,53.0070240000,53.6632320000,54.7569120000,14763000,109451115.2000,2.531700,1,-1.997300,42.151391,4.600871,3.867353,-260.910195,0
2021-01-11,sz.300160,53.5174080000,53.5903200000,49.0697760000,49.7259840000,53.6632320000,26147984,182882404.6900,4.484200,1,-7.337000,39.058762,4.263307,3.583607,-241.767327,0
2021-01-12,sz.300160,49.7259840000,51.4029600000,49.2156000000,49.9447200000,49.7259840000,13585600,93432366.0000,2.329800,1,0.439900,39.230574,4.282061,3.599371,-242.830820,0
2021-01-13,sz.300160,54.6840000000,58.3296000000,53.8090560000,57.3088320000,49.9447200000,50869372,396455359.1300,8.723700,1,14.744500,45.014937,4.913430,4.130081,-278.635072,0
2021-01-14,sz.300160,55.1214720000,57.7463040000,53.0070240000,53.2257600000,57.3088320000,34688717,260525792.4700,5.948900,1,-7.124700,41.807766,4.563364,3.835826,-258.783210,0
2021-01-15,sz.300160,54.6840000000,56.5068000000,53.7361440000,54.3194400000,53.2257600000,22995360,173403390.0000,3.943500,1,2.054800,42.666829,4.657132,3.914644,-264.100673,0
2021-01-18,sz.300160,53.2257600000,54.4652640000,51.7675200000,53.8819680000,54.3194400000,20284680,148902733.6000,3.478700,1,-0.805400,42.323204,4.619625,3.883117,-261.973688,0
2021-01-19,sz.300160,53.9548800000,57.1630080000,53.0070240000,54.2465280000,53.8819680000,25453744,192823587.2400,4.365100,1,0.676600,42.609558,4.650881,3.909390,-263.746175,0
2021-01-20,sz.300160,53.6632320000,56.5068000000,53.5903200000,54.9756480000,54.2465280000,17879400,134854686.4000,3.066200,1,1.344100,43.182267,4.713392,3.961935,-267.291151,0
2021-01-21,sz.300160,54.3194400000,56.0693280000,53.8090560000,55.1943840000,54.9756480000,19789286,148618801.2400,3.393700,1,0.397900,43.354080,4.732146,3.977699,-268.354644,0
2021-01-22,sz.300160,55.1214720000,55.1214720000,52.6424640000,53.0070240000,55.1943840000,17456032,128099555.7200,2.993600,1,-3.963000,41.635953,4.544611,3.820062,-257.719717,0
2021-01-25,sz.300160,52.5695520000,52.5695520000,50.3821920000,50.8925760000,53.0070240000,17465000,122741698.0000,2.995100,1,-3.989000,39.975096,4.363326,3.667680,-247.439288,0
2021-01-26,sz.300160,50.4551040000,52.7153760000,50.0176320000,51.4758720000,50.8925760000,11888681,83689678.9800,2.038800,1,1.146100,40.433264,4.413336,3.709717,-250.275269,0
2021-01-27,sz.300160,51.0384000000,51.4758720000,50.1634560000,50.6738400000,51.4758720000,8999820,62481061.6000,1.543400,1,-1.558100,39.803284,4.344573,3.651917,-246.375796,0
2021-01-28,sz.300160,50.0176320000,51.2571360000,49.7259840000,49.8718080000,50.6738400000,8758280,60546690.0000,1.502000,1,-1.582700,39.173304,4.275810,3.594117,-242.476323,0
2021-01-29,sz.300160,50.2363680000,50.6738400000,47.0282400000,48.4135680000,49.8718080000,11991481,80133240.6000,2.056400,1,-2.924000,38.027885,4.150786,3.489025,-235.386372,0
2021-02-01,sz.300160,48.2677440000,49.5801600000,47.3928000000,49.4343360000,48.4135680000,10079056,67459643.8000,1.728500,1,2.108400,38.829678,4.238303,3.562589,-240.349337,0
2021-02-02,sz.300160,49.2156000000,50.5280160000,48.4864800000,49.5801600000,49.4343360000,9182235,62405585.3500,1.574700,1,0.295000,38.944220,4.250805,3.573098,-241.058332,0
2021-02-03,sz.300160,49.2156000000,50.0176320000,48.1219200000,48.4135680000,49.5801600000,8315307,55447200.2700,1.426000,1,-2.352900,38.027885,4.150786,3.489025,-235.386372,0
2021-02-04,sz.300160,48.6323040000,49.9447200000,48.1219200000,48.2677440000,48.4135680000,9488040,63510060.6500,1.627100,1,-0.301200,37.913344,4.138284,3.478516,-234.677377,0
2021-02-05,sz.300160,47.8302720000,48.4864800000,45.7158240000,45.7158240000,48.2677440000,10834300,69614842.8000,1.858000,1,-5.287000,35.908862,3.919492,3.294607,-222.269962,0
2021-02-08,sz.300160,45.7887360000,47.1011520000,43.1639040000,46.8095040000,45.7158240000,14742262,91525035.7600,2.528200,1,2.392300,36.767925,4.013260,3.373425,-227.587426,0
2021-02-09,sz.300160,46.5907680000,47.1011520000,46.1532960000,46.5178560000,46.8095040000,8570700,54891719.0000,1.469800,1,-0.623100,36.538842,3.988255,3.352407,-226.169435,0
2021-02-10,sz.300160,46.5178560000,46.8095040000,45.2054400000,45.6429120000,46.5178560000,8035300,50739158.0000,1.378000,1,-1.880900,35.851591,3.913241,3.289352,-221.915465,0
2021-02-18,sz.300160,46.1532960000,48.7052160000,46.1532960000,48.3406560000,45.6429120000,15748043,103342650.8600,2.700700,1,5.910500,37.970614,4.144535,3.483771,-235.031874,0
2021-02-19,sz.300160,48.7052160000,49.7988960000,47.9031840000,49.7259840000,48.3406560000,13304940,89593183.0000,2.281700,1,2.865800,39.058762,4.263307,3.583607,-241.767327,0
2021-02-22,sz.300160,49.7259840000,52.1320800000,49.1426880000,50.3092800000,49.7259840000,19804480,138495785.0000,3.395000,1,1.173000,34.999647,4.232926,3.317688,-98.460715,0
2021-02-23,sz.300160,50.6009280000,51.8404320000,49.6530720000,49.7259840000,50.3092800000,12944700,89583915.0000,2.219000,1,-1.159400,34.593854,4.183849,3.279222,-97.319141,0
2021-02-24,sz.300160,49.6530720000,50.8196640000,49.5072480000,49.9447200000,49.7259840000,11012301,75763299.8400,1.887800,1,0.439900,34.746027,4.202253,3.293647,-97.747231,0
2021-02-25,sz.300160,55.0485600000,55.0485600000,51.1842240000,51.7675200000,49.9447200000,30251104,219787178.8800,5.185800,1,3.649600,36.014130,4.355620,3.413853,-101.314648,0
2021-02-26,sz.300160,49.7259840000,53.3715840000,49.6530720000,51.7675200000,51.7675200000,18299524,129999333.4400,3.137000,1,0.000000,36.014130,4.355620,3.413853,-101.314648,0
2021-03-01,sz.300160,51.2571360000,52.2049920000,51.2571360000,52.0591680000,51.7675200000,14807058,104901719.4400,2.538300,1,0.563400,36.217027,4.380159,3.433086,-101.885435,0
2021-03-02,sz.300160,52.0591680000,52.0591680000,50.2363680000,50.4551040000,52.0591680000,14528664,101563060.6400,2.490600,1,-3.081200,35.101096,4.245196,3.327305,-98.746108,0
2021-03-03,sz.300160,50.4551040000,51.0384000000,49.7988960000,50.6738400000,50.4551040000,8703928,60223945.7000,1.492100,1,0.433500,35.253268,4.263600,3.341729,-99.174198,0
2021-03-04,sz.300160,50.6738400000,50.7467520000,49.4343360000,49.6530720000,50.6738400000,9823891,67300201.8400,1.684100,1,-2.014400,34.543130,4.177714,3.274414,-97.176444,0
2021-03-05,sz.300160,49.7988960000,50.6738400000,49.7988960000,50.6009280000,49.6530720000,9320700,64374073.0000,1.597800,1,1.909000,35.202544,4.257465,3.336921,-99.031501,0
2021-03-08,sz.300160,51.5487840000,53.9548800000,51.4758720000,52.4966400000,50.6009280000,28969440,208716932.9800,4.966100,1,3.746400,36.521371,4.416967,3.461935,-102.741615,0
2021-03-09,sz.300160,57.3088320000,59.6420160000,54.1736160000,54.3923520000,52.4966400000,50606097,391757812.2100,8.675100,1,3.611100,37.840199,4.576468,3.586950,-106.451729,0
2021-03-10,sz.300160,54.9027360000,58.1837760000,53.4444960000,53.5174080000,54.3923520000,38527417,293842375.9200,6.604600,1,-1.608600,37.231509,4.502852,3.529251,-104.739369,0
2021-03-11,sz.300160,51.6216960000,54.5381760000,50.3821920000,53.5174080000,53.5174080000,32652620,234815500.2000,5.597500,1,0.000000,37.231509,4.502852,3.529251,-104.739369,0
2021-03-12,sz.300160,53.0799360000,53.5174080000,51.5487840000,51.7675200000,53.5174080000,24104252,171865268.1200,4.132100,1,-3.269800,36.014130,4.355620,3.413853,-101.314648,0
2021-03-15,sz.300160,51.3300480000,52.2049920000,50.9654880000,51.4758720000,51.7675200000,14847229,104779882.1500,2.545200,1,-0.563400,35.811234,4.331081,3.394620,-100.743862,0
2021-03-16,sz.300160,51.4029600000,52.7882880000,51.0384000000,52.6424640000,51.4758720000,16701471,118874190.3900,2.863000,1,2.266300,36.622820,4.429236,3.471552,-103.027009,0
2021-03-17,sz.300160,52.3508160000,53.1528480000,51.6216960000,52.0591680000,52.6424640000,16517020,118498511.8000,2.831400,1,-1.108000,36.217027,4.380159,3.433086,-101.885435,0
2021-03-18,sz.300160,51.8404320000,52.7153760000,51.4758720000,51.9133440000,52.0591680000,12964171,92506786.3000,2.222400,1,-0.280100,36.115578,4.367889,3.423469,-101.600042,0
2021-03-19,sz.300160,51.2571360000,51.7675200000,49.6530720000,49.7259840000,51.9133440000,18170843,125646909.7400,3.114900,1,-4.213500,34.593854,4.183849,3.279222,-97.319141,0
2021-03-22,sz.300160,49.4343360000,50.1634560000,48.9968640000,49.9447200000,49.7259840000,11615171,79041276.9300,1.991100,1,0.439900,34.746027,4.202253,3.293647,-97.747231,0
2021-03-23,sz.300160,49.5801600000,49.7988960000,48.3406560000,48.6323040000,49.9447200000,11516978,77090101.4800,1.974300,1,-2.627700,33.832993,4.091829,3.207098,-95.178691,0
2021-03-24,sz.300160,48.6323040000,49.1426880000,48.1948320000,48.1948320000,48.6323040000,6755356,44924888.7200,1.158000,1,-0.899600,33.528648,4.055021,3.178249,-94.322511,0
2021-03-25,sz.300160,48.0490080000,48.3406560000,46.5907680000,47.3928000000,48.1948320000,7721956,50291932.8000,1.323700,1,-1.664100,32.970682,3.987539,3.125358,-92.752847,0
2021-03-26,sz.300160,47.7573600000,49.7988960000,47.6844480000,49.1426880000,47.3928000000,12235296,82303938.4000,2.097400,1,3.692300,34.188061,4.134772,3.240756,-96.177568,0
2021-03-29,sz.300160,49.1426880000,49.3614240000,48.2677440000,48.5593920000,49.1426880000,8020160,53551549.0000,1.374900,1,-1.186900,33.782268,4.085694,3.202290,-95.035994,0
2021-03-30,sz.300160,48.7052160000,48.9968640000,47.5386240000,47.6844480000,48.5593920000,6446000,42283148.0000,1.105000,1,-1.801800,33.173579,4.012078,3.144591,-93.323634,0
2021-03-31,sz.300160,47.6115360000,48.3406560000,47.3928000000,47.8302720000,47.6844480000,5415807,35537113.6500,0.928400,1,0.305800,33.275027,4.024347,3.154208,-93.609027,0
2021-04-01,sz.300160,47.7573600000,48.1948320000,46.8824160000,47.7573600000,47.8302720000,6087600,39817134.6000,1.043600,1,-0.152400,33.224303,4.018213,3.149400,-93.466331,0
2021-04-02,sz.300160,47.6844480000,48.0490080000,47.1740640000,48.0490080000,47.7573600000,5010860,32753193.0000,0.859000,1,0.610700,33.427200,4.042751,3.168633,-94.037117,0
2021-04-06,sz.300160,48.0490080000,49.0697760000,48.0490080000,48.7781280000,48.0490080000,6934640,46308872.8000,1.188800,1,1.517500,33.934441,4.104098,3.216715,-95.464084,0
2021-04-07,sz.300160,48.7781280000,48.8510400000,48.1219200000,48.7781280000,48.7781280000,6035527,40094289.6200,1.034600,1,0.000000,33.934441,4.104098,3.216715,-95.464084,0
2021-04-08,sz.300160,48.6323040000,48.7052160000,47.5386240000,47.5386240000,48.7781280000,7515056,49588363.7200,1.288300,1,-2.541100,33.072131,3.999809,3.134975,-93.038240,0
2021-04-09,sz.300160,48.0490080000,48.0490080000,47.4657120000,47.9031840000,47.5386240000,4249447,27812253.3800,0.728500,1,0.766900,33.325751,4.030482,3.159016,-93.751724,0
2021-04-12,sz.300160,47.0282400000,47.3198880000,45.3512640000,45.4241760000,47.9031840000,10114200,63584890.4000,1.733800,1,-5.175000,31.601131,3.821903,2.995536,-88.900037,0
2021-04-13,sz.300160,45.2054400000,45.6429120000,44.4763200000,44.6950560000,45.4241760000,5693600,35137432.6000,0.976000,1,-1.605100,31.093890,3.760556,2.947453,-87.473070,0
2021-04-14,sz.300160,45.0596160000,45.8616480000,44.9137920000,45.5700000000,44.6950560000,4235596,26434092.8400,0.726100,1,1.957600,31.702579,3.834172,3.005152,-89.185430,0
2021-04-15,sz.300160,45.6429120000,45.6429120000,44.7679680000,45.0596160000,45.5700000000,4059240,25150520.2000,0.695900,1,-1.120000,31.347510,3.791230,2.971495,-88.186553,0
2021-04-16,sz.300160,45.2054400000,46.2991200000,45.2054400000,45.9345600000,45.0596160000,5300000,33286361.0000,0.908600,1,1.941700,31.956200,3.864846,3.029193,-89.898913,0
2021-04-19,sz.300160,46.2991200000,47.3198880000,45.8616480000,46.8824160000,45.9345600000,6345447,40711324.9300,1.087800,1,2.063500,32.615614,3.944597,3.091701,-91.753970,0
2021-04-20,sz.300160,46.5178560000,47.1740640000,46.2991200000,46.3720320000,46.8824160000,6556800,41956725.0000,1.124000,1,-1.088600,36.685938,3.824610,2.936944,-269.302292,0
2021-04-21,sz.300160,46.7365920000,46.9553280000,45.7158240000,45.7887360000,46.3720320000,5387856,34090344.0400,0.923600,1,-1.257900,36.224480,3.776502,2.900001,-265.914842,0
2021-04-22,sz.300160,46.1532960000,48.1219200000,45.5700000000,47.1011520000,45.7887360000,10475240,67116214.4000,1.795700,1,2.866200,37.262761,3.884745,2.983122,-273.536605,0
2021-04-23,sz.300160,46.2262080000,46.5907680000,45.9345600000,45.9345600000,47.1011520000,6966340,44112207.4000,1.194200,1,-2.476800,36.339845,3.788529,2.909237,-266.761705,0
2021-04-26,sz.300160,46.0074720000,46.4449440000,45.0596160000,45.0596160000,45.9345600000,6182180,38550294.4000,1.059800,1,-1.904800,35.647657,3.716366,2.853823,-261.680529,0
2021-04-27,sz.300160,45.3512640000,46.2991200000,44.6221440000,45.7887360000,45.0596160000,6842720,42732444.6000,1.173000,1,1.618100,36.224480,3.776502,2.900001,-265.914842,0
2021-04-28,sz.300160,45.9345600000,46.0074720000,44.6950560000,44.9137920000,45.7887360000,5659900,34994216.0000,0.970200,1,-1.910800,35.532293,3.704339,2.844587,-260.833667,0
2021-04-29,sz.300160,44.9867040000,45.7158240000,44.8408800000,44.9137920000,44.9137920000,6820560,42238607.6800,1.169200,1,0.000000,35.532293,3.704339,2.844587,-260.833667,0
2021-04-30,sz.300160,44.9137920000,45.2054400000,43.6013760000,43.8201120000,44.9137920000,8031900,48787263.0000,1.376900,1,-2.435100,34.667058,3.614136,2.775320,-254.482198,0
2021-05-06,sz.300160,43.4555520000,43.7472000000,43.1639040000,43.3826400000,43.8201120000,4689300,27949447.0000,0.803400,1,-0.998300,34.320964,3.578055,2.747613,-251.941610,0
2021-05-07,sz.300160,43.3097280000,46.1532960000,41.9244000000,44.5492320000,43.3826400000,13039147,78794191.8600,2.198300,1,2.689100,35.243881,3.674271,2.821498,-258.716511,0
2021-05-10,sz.300160,44.4763200000,44.9137920000,43.8201120000,44.6950560000,44.5492320000,6982487,42490314.8200,1.177200,1,0.327300,35.359246,3.686299,2.830734,-259.563373,0
2021-05-11,sz.300160,44.6950560000,47.7573600000,44.2575840000,46.5178560000,44.6950560000,15504840,97994335.8000,2.614100,1,4.078300,36.801303,3.836637,2.946179,-270.149155,0
2021-05-12,sz.300160,45.9345600000,46.7365920000,45.5700000000,46.2991200000,46.5178560000,10360747,65685335.3900,1.746800,1,-0.470200,36.628256,3.818596,2.932326,-268.878861,0
2021-05-13,sz.300160,45.8616480000,47.3928000000,45.7887360000,46.2262080000,46.2991200000,10133040,64765723.2000,1.708400,1,-0.157500,36.570574,3.812583,2.927708,-268.455430,0
2021-05-14,sz.300160,46.5178560000,46.7365920000,45.9345600000,46.5178560000,46.2262080000,7607740,48362817.2000,1.282600,1,0.630900,36.801303,3.836637,2.946179,-270.149155,0
2021-05-17,sz.300160,46.5907680000,46.9553280000,45.0596160000,45.0596160000,46.5178560000,9172340,57381436.6000,1.546400,1,-3.134800,35.647657,3.716366,2.853823,-261.680529,0
2021-05-18,sz.300160,44.8408800000,45.6429120000,44.8408800000,44.9867040000,45.0596160000,4604900,28488575.4000,0.776400,1,-0.161800,35.589975,3.710353,2.849205,-261.257098,0
2021-05-19,sz.300160,45.1325280000,45.6429120000,44.6950560000,45.3512640000,44.9867040000,5025675,31205055.3900,0.847300,1,0.810400,35.878386,3.740420,2.872294,-263.374255,0
2021-05-20,sz.300160,44.9867040000,45.2783520000,44.3304960000,44.4034080000,45.3512640000,6658520,40813790.6000,1.122600,1,-2.090000,35.128517,3.662244,2.812262,-257.869648,0
2021-05-21,sz.300160,44.1846720000,44.6221440000,43.7472000000,43.8201120000,44.4034080000,6242990,37794098.0000,1.052500,1,-1.313600,34.667058,3.614136,2.775320,-254.482198,0
2021-05-24,sz.300160,44.1117600000,44.9137920000,43.8201120000,44.6221440000,43.8201120000,4782400,29224773.0000,0.806300,1,1.830300,35.301563,3.680285,2.826116,-259.139942,0
2021-05-25,sz.300160,44.7679680000,44.9867040000,44.2575840000,44.7679680000,44.6221440000,4304200,26337223.0000,0.725700,1,0.326800,35.416928,3.692312,2.835351,-259.986804,0
2021-05-26,sz.300160,44.9137920000,45.5700000000,44.6950560000,45.0596160000,44.7679680000,7105900,44010485.1200,1.198000,1,0.651500,35.647657,3.716366,2.853823,-261.680529,0
2021-05-27,sz.300160,44.9867040000,45.4970880000,44.8408800000,45.2054400000,45.0596160000,6729700,41778820.0000,1.134600,1,0.323600,35.763022,3.728393,2.863058,-262.527392,0
2021-05-28,sz.300160,45.4970880000,45.4970880000,44.3304960000,44.4763200000,45.2054400000,7643300,46970965.0000,1.288600,1,-1.612900,35.186199,3.668258,2.816880,-258.293079,0
2021-05-31,sz.300160,44.3304960000,44.4763200000,43.9659360000,44.4763200000,44.4763200000,5155107,31266208.3500,0.869100,1,0.000000,35.186199,3.668258,2.816880,-258.293079,0
2021-06-01,sz.300160,44.4034080000,45.2783520000,44.1117600000,45.0596160000,44.4763200000,8356300,51544566.0000,1.408800,1,1.311500,35.647657,3.716366,2.853823,-261.680529,0
2021-06-02,sz.300160,45.2783520000,45.2783520000,44.4763200000,44.5492320000,45.0596160000,5539700,34005258.0000,0.934000,1,-1.132700,35.243881,3.674271,2.821498,-258.716511,0
2021-06-03,sz.300160,44.4034080000,44.6950560000,44.1846720000,44.1846720000,44.5492320000,4663640,28430460.2000,0.786300,1,-0.818300,34.955470,3.644204,2.798409,-256.599354,0
2021-06-04,sz.300160,44.5492320000,44.6221440000,44.1117600000,44.3304960000,44.1846720000,4694760,28510679.8000,0.791500,1,0.330000,35.070834,3.656231,2.807644,-257.446217,0
2021-06-07,sz.300160,44.3304960000,44.6950560000,44.1117600000,44.4034080000,44.3304960000,4427146,26916481.8800,0.746400,1,0.164500,35.128517,3.662244,2.812262,-257.869648,0
2021-06-08,sz.300160,44.4763200000,44.4763200000,43.6013760000,43.7472000000,44.4034080000,7272240,43831016.8000,1.226100,1,-1.477800,34.609376,3.608123,2.770702,-254.058766,0
2021-06-09,sz.300160,43.7472000000,44.1117600000,43.3826400000,43.8201120000,43.7472000000,5294903,31773928.8500,0.892700,1,0.166700,34.667058,3.614136,2.775320,-254.482198,0
2021-06-10,sz.300160,44.1117600000,46.3720320000,43.3826400000,45.4970880000,43.8201120000,20746210,128746947.5000,3.497700,1,3.827000,35.993751,3.752447,2.881530,-264.221117,0
2021-06-11,sz.300160,46.8824160000,49.5072480000,46.5178560000,46.5907680000,45.4970880000,31188080,204445417.2200,5.258200,1,2.403800,36.858985,3.842651,2.950797,-270.572586,0
2021-06-15,sz.300160,45.9345600000,46.7365920000,45.1325280000,45.4970880000,46.5907680000,14034078,87697546.0800,2.366100,1,-2.347400,35.993751,3.752447,2.881530,-264.221117,0
2021-06-16,sz.300160,45.4241760000,45.7887360000,44.5492320000,44.8408800000,45.4970880000,8490763,52416377.1900,1.431500,1,-1.442300,35.474610,3.698326,2.839969,-260.410236,0
2021-06-17,sz.300160,44.9137920000,45.1325280000,44.1846720000,44.4034080000,44.8408800000,8719620,53216631.0000,1.470100,1,-0.975600,35.128517,3.662244,2.812262,-257.869648,0
2021-06-18,sz.300160,44.6950560000,45.2783520000,43.8930240000,45.2783520000,44.4034080000,9707348,59528089.6000,1.636600,1,1.970400,35.820704,3.734407,2.867676,-262.950823,0
2021-06-21,sz.300160,45.2783520000,45.7887360000,44.9137920000,45.6429120000,45.2783520000,8611900,53551984.3300,1.451900,1,0.805200,36.109115,3.764475,2.890765,-265.067980,0
2021-06-22,sz.300160,45.4241760000,46.9553280000,45.3512640000,46.8095040000,45.6429120000,18338626,116868202.2200,3.091800,1,2.555900,37.032032,3.860691,2.964651,-271.842880,0
2021-06-23,sz.300160,52.4966400000,54.6840000000,48.7052160000,49.4343360000,46.8095040000,51227664,356623165.1600,8.636800,1,5.607500,39.108595,4.077178,3.130893,-287.086406,0
2021-06-24,sz.300160,53.5903200000,59.3503680000,52.5695520000,59.3503680000,49.4343360000,119690452,924622882.7100,20.179300,1,20.059000,46.953387,4.895020,3.758919,-344.673060,0
2021-06-25,sz.300160,59.9336640000,70.6517280000,59.3503680000,63.7980000000,59.3503680000,152004773,1353361037.9500,25.627400,1,7.493900,50.472006,5.261845,4.040607,-370.502368,0
2021-06-28,sz.300160,61.9752000000,64.6000320000,58.8399840000,60.8815200000,63.7980000000,102735031,858124693.5000,17.320700,1,-4.571400,48.164715,5.021304,3.855893,-353.565117,0
2021-06-29,sz.300160,59.3503680000,59.7149280000,56.2151520000,57.8921280000,60.8815200000,88137125,696896109.9700,14.859600,1,-4.910200,45.799741,4.774749,3.666562,-336.204434,0
2021-06-30,sz.300160,56.2151520000,60.1524000000,55.4860320000,56.8713600000,57.8921280000,68562269,544251778.4800,11.559300,1,-1.763200,44.992189,4.690559,3.601912,-330.276396,0
2021-07-01,sz.300160,56.1422400000,57.0900960000,52.6424640000,52.7882880000,56.8713600000,58198386,436690916.7900,9.812000,1,-7.179500,41.761980,4.353801,3.343313,-306.564245,0
2021-07-02,sz.300160,52.2049920000,59.4232800000,51.9133440000,57.0171840000,52.7882880000,78374057,603197204.3800,13.213500,1,8.011000,45.107553,4.702586,3.611148,-331.123259,0
2021-07-05,sz.300160,57.3817440000,59.2045440000,55.1943840000,57.8192160000,57.0171840000,59711361,467984754.3100,10.067100,1,1.406600,45.742058,4.768735,3.661944,-335.781003,0
2021-07-06,sz.300160,57.6004800000,57.6004800000,54.7569120000,56.0693280000,57.8192160000,43560920,332948752.2000,7.344200,1,-3.026500,44.357683,4.624410,3.551116,-325.618652,0
2021-07-07,sz.300160,55.9964160000,58.7670720000,54.6110880000,56.8713600000,56.0693280000,52157973,406696078.1400,8.793600,1,1.430400,44.992189,4.690559,3.601912,-330.276396,0
2021-07-08,sz.300160,56.1422400000,58.0379520000,55.7047680000,55.9964160000,56.8713600000,40743920,316812446.6000,6.869300,1,-1.538500,44.300001,4.618397,3.546498,-325.195221,0
2021-07-09,sz.300160,54.7569120000,64.9645920000,54.0277920000,60.9544320000,55.9964160000,75715383,612438922.4500,12.765300,1,8.854200,48.222397,5.027317,3.860511,-353.988548,0
2021-07-12,sz.300160,61.5377280000,64.1625600000,59.7878400000,61.9752000000,60.9544320000,70248120,599176415.9400,11.843500,1,1.674600,49.029949,5.111507,3.925161,-359.916586,0
2021-07-13,sz.300160,60.8086080000,69.9955200000,60.3711360000,64.2354720000,61.9752000000,82636140,736632913.6500,13.932100,1,3.647100,50.818100,5.297927,4.068314,-373.042955,0
2021-07-14,sz.300160,62.3397600000,63.2876160000,59.5691040000,60.3711360000,64.2354720000,58361527,491709570.4000,9.839500,1,-6.015900,47.760939,4.979209,3.823568,-350.601098,0
2021-07-15,sz.300160,59.0587200000,64.5271200000,58.6941600000,62.0481120000,60.3711360000,56561279,481135403.1000,9.536000,1,2.777800,49.087631,5.117520,3.929779,-360.340017,0
2021-07-16,sz.300160,61.3189920000,66.4228320000,61.0273440000,64.0896480000,62.0481120000,59517952,524266669.5000,10.034500,1,3.290200,50.702736,5.285900,4.059078,-372.196093,0
2021-07-19,sz.300160,62.7772320000,66.2770080000,61.3919040000,61.6835520000,64.0896480000,52366283,455975431.2100,8.828700,1,-3.754300,48.799220,5.087453,3.906689,-358.222861,0
2021-07-20,sz.300160,60.5169600000,62.9230560000,59.6420160000,60.3711360000,61.6835520000,38683403,322726830.4900,6.521900,1,-2.127700,47.760939,4.979209,3.823568,-350.601098,0
2021-07-21,sz.300160,60.8815200000,64.6729440000,60.2982240000,63.8709120000,60.3711360000,57237843,490934163.2300,9.650100,1,5.797100,50.529689,5.267859,4.045225,-370.925799,0
2021-07-22,sz.300160,62.7043200000,68.1727200000,62.0481120000,64.0896480000,63.8709120000,67169846,598302933.7600,11.324600,1,0.342500,50.702736,5.285900,4.059078,-372.196093,0
2021-07-23,sz.300160,63.5063520000,72.9120000000,62.4126720000,69.1934880000,64.0896480000,104759684,972174637.3300,17.662100,1,7.963600,54.740496,5.706847,4.382327,-401.836282,0
2021-07-26,sz.300160,68.1727200000,72.7661760000,66.1311840000,69.1205760000,69.1934880000,84168882,800420324.3600,14.190500,1,-0.105400,54.682814,5.700834,4.377709,-401.412851,0
2021-07-27,sz.300160,69.0476640000,70.2142560000,62.3397600000,62.7043200000,69.1205760000,67932540,616249860.6000,11.453200,1,-9.282700,49.606772,5.171642,3.971339,-364.150899,0
2021-07-28,sz.300160,61.1002560000,62.7043200000,57.2359200000,58.1837760000,62.7043200000,46648235,378224095.1400,7.864700,1,-7.209300,46.030470,4.798803,3.685033,-337.898159,0
2021-07-29,sz.300160,59.5691040000,68.7560160000,59.4232800000,65.0375040000,58.1837760000,72605033,643245669.7900,12.240900,1,11.779400,51.452605,5.364076,4.119110,-377.700700,0
2021-07-30,sz.300160,65.3291520000,66.3499200000,63.4334400000,65.3291520000,65.0375040000,54783809,486947596.9400,9.236300,1,0.448400,51.683335,5.388130,4.137581,-379.394425,0
2021-08-02,sz.300160,64.8916800000,68.1727200000,63.7250880000,65.9124480000,65.3291520000,50298466,457629439.1900,8.480100,1,0.892900,52.144793,5.436238,4.174524,-382.781875,0
2021-08-03,sz.300160,65.8395360000,68.9747520000,64.7458560000,67.5894240000,65.9124480000,59619949,548207722.2700,10.051700,1,2.544200,53.471486,5.574549,4.280734,-392.520794,0
2021-08-04,sz.300160,66.3499200000,68.0268960000,65.3291520000,67.1519520000,67.5894240000,49815620,455863997.4000,8.398700,1,-0.647200,53.125392,5.538468,4.253027,-389.980207,0
2021-08-05,sz.300160,65.9853600000,66.1311840000,62.2668480000,62.7772320000,67.1519520000,51375640,448674007.9700,8.661700,1,-6.514700,49.664454,5.177656,3.975957,-364.574330,0
2021-08-06,sz.300160,62.3397600000,65.3291520000,62.0481120000,62.9959680000,62.7772320000,29098122,253103378.2400,4.905800,1,0.348400,49.837501,5.195696,3.989810,-365.844624,0
2021-08-09,sz.300160,61.9752000000,63.0688800000,59.6420160000,60.6627840000,62.9959680000,28618737,238595189.1700,4.825000,1,-3.703700,47.991668,5.003263,3.842040,-352.294823,0
2021-08-10,sz.300160,60.5169600000,63.0688800000,60.0065760000,60.6627840000,60.6627840000,28896120,242705934.0000,4.871800,1,0.000000,47.991668,5.003263,3.842040,-352.294823,0
2021-08-11,sz.300160,60.2253120000,63.1417920000,59.8607520000,62.4126720000,60.6627840000,35233600,297876841.5300,5.940200,1,2.884600,49.376043,5.147588,3.952868,-362.457174,0
2021-08-12,sz.300160,61.7564640000,63.5792640000,61.3919040000,61.9022880000,62.4126720000,26392580,225445356.5600,4.449700,1,-0.817800,48.972267,5.105493,3.920543,-359.493155,0
2021-08-13,sz.300160,61.6835520000,65.4749760000,60.5898720000,64.8187680000,61.9022880000,47618862,414635606.5600,8.039300,1,4.711400,51.279559,5.346035,4.105256,-376.430406,0
2021-08-16,sz.300160,64.8916800000,65.1833280000,59.9336640000,60.5169600000,64.8187680000,42040003,356070836.6000,7.097400,1,-6.636700,45.482902,4.755873,3.660416,49.778798,0
2021-08-17,sz.300160,59.9336640000,61.9752000000,58.1837760000,58.6212480000,60.5169600000,27774533,228731537.8700,4.689100,1,-3.132500,44.058136,4.606893,3.545753,48.219462,0
2021-08-18,sz.300160,57.8921280000,59.7878400000,57.7463040000,58.5483360000,58.6212480000,18769624,151040721.8800,3.168800,1,-0.124400,44.003337,4.601164,3.541342,48.159488,0
2021-08-19,sz.300160,58.3296000000,58.3296000000,55.4860320000,57.1630080000,58.5483360000,22734603,176814986.4000,3.838200,1,-2.366100,42.962163,4.492294,3.457550,47.019973,0
2021-08-20,sz.300160,56.5797120000,57.3088320000,54.8298240000,55.5589440000,57.1630080000,18002360,137997923.4000,3.039300,1,-2.806100,41.756592,4.366235,3.360527,45.700535,0
2021-08-23,sz.300160,55.5589440000,57.6733920000,55.2672960000,57.6004800000,55.5589440000,18763827,146709905.0300,3.167800,1,3.674500,43.290955,4.526674,3.484011,47.379820,0
2021-08-24,sz.300160,57.4546560000,58.9128960000,57.0171840000,57.0900960000,57.6004800000,18918967,149794179.1800,3.194000,1,-0.886100,42.907364,4.486564,3.453140,46.959999,0
2021-08-25,sz.300160,57.0171840000,58.8399840000,55.9235040000,58.6941600000,57.0900960000,22266164,176871255.2900,3.759100,1,2.809700,44.112935,4.612623,3.550163,48.279437,0
2021-08-26,sz.300160,58.8399840000,60.0794880000,57.3817440000,58.5483360000,58.6941600000,28337300,229107571.0000,4.784100,1,-0.248400,44.003337,4.601164,3.541342,48.159488,0
2021-08-27,sz.300160,57.8192160000,58.4754240000,55.7776800000,56.3609760000,58.5483360000,22342483,174292819.7500,3.772000,1,-3.736000,42.359377,4.429265,3.409038,46.360254,0
2021-08-30,sz.300160,56.4338880000,59.7878400000,55.8505920000,59.1316320000,56.3609760000,24745140,198006730.2000,4.177600,1,4.915900,44.441727,4.647003,3.576624,48.639283,0
2021-08-31,sz.300160,60.8815200000,62.9959680000,58.9128960000,60.5169600000,59.1316320000,41564920,348423094.3400,7.017200,1,2.342800,45.482902,4.755873,3.660416,49.778798,0
2021-09-01,sz.300160,59.4961920000,60.2982240000,56.7984480000,57.9650400000,60.5169600000,27170200,217722241.8200,4.587000,1,-4.216900,43.564948,4.555324,3.506061,47.679692,0
2021-09-02,sz.300160,57.8921280000,63.4334400000,56.9442720000,62.7043200000,57.9650400000,57005293,480976588.4900,9.624000,1,8.176100,47.126862,4.927772,3.792720,51.578032,0
2021-09-03,sz.300160,61.9752000000,65.0375040000,60.9544320000,61.8293760000,62.7043200000,48655425,419852240.0500,8.214300,1,-1.395300,46.469278,4.859012,3.739799,50.858338,0
2021-09-06,sz.300160,62.1210240000,63.2876160000,59.6420160000,61.2460800000,61.8293760000,30310120,252821078.4300,5.117100,1,-0.943400,46.030889,4.813172,3.704518,50.378542,0
2021-09-07,sz.300160,60.9544320000,63.2876160000,59.2045440000,63.2876160000,61.2460800000,37735141,316068551.0000,6.370700,1,3.333300,47.565251,4.973611,3.828002,52.057827,0
2021-09-08,sz.300160,62.7043200000,64.8916800000,61.3919040000,61.5377280000,63.2876160000,36882294,317792624.9100,6.226700,1,-2.765000,46.250083,4.836092,3.722158,50.618440,0
2021-09-09,sz.300160,60.2982240000,61.0273440000,59.2774560000,60.0065760000,61.5377280000,23639327,194771970.6700,3.990900,1,-2.488200,45.099311,4.715763,3.629545,49.358977,0
2021-09-10,sz.300160,59.7878400000,60.5898720000,58.4754240000,58.9128960000,60.0065760000,17365126,141561100.4900,2.931700,1,-1.822600,44.277331,4.629813,3.563393,48.459360,0
2021-09-13,sz.300160,58.6212480000,59.4961920000,57.4546560000,58.1837760000,58.9128960000,15640188,124685016.8000,2.640500,1,-1.237600,43.729344,4.572514,3.519292,47.859615,0
2021-09-14,sz.300160,58.1108640000,60.3711360000,57.6733920000,60.0794880000,58.1837760000,22713593,184512578.3500,3.834600,1,3.258100,45.154110,4.721493,3.633955,49.418951,0
2021-09-15,sz.300160,61.1731680000,63.1417920000,60.2253120000,60.8815200000,60.0794880000,42479392,360192452.6000,7.171600,1,1.335000,45.756895,4.784522,3.682467,50.078670,0
2021-09-16,sz.300160,59.5691040000,61.9752000000,57.9650400000,58.1108640000,60.8815200000,29445700,241392451.0000,4.971200,1,-4.550900,43.674545,4.566784,3.514882,47.799641,0
2021-09-17,sz.300160,57.8921280000,60.1524000000,57.1630080000,58.6212480000,58.1108640000,18477514,149252611.7200,3.119500,1,0.878300,44.058136,4.606893,3.545753,48.219462,0
2021-09-22,sz.300160,57.9650400000,58.8399840000,56.2151520000,57.0171840000,58.6212480000,17235384,135130140.0800,2.909800,1,-2.736300,42.852565,4.480834,3.448730,46.900024,0
2021-09-23,sz.300160,57.6004800000,57.8921280000,56.3609760000,56.5068000000,57.0171840000,13991172,109190989.8800,2.362100,1,-0.895100,42.468975,4.440724,3.417859,46.480203,0
2021-09-24,sz.300160,56.5797120000,56.5797120000,54.6840000000,54.7569120000,56.5068000000,15439363,117092283.6500,2.606600,1,-3.096800,41.153806,4.303205,3.312015,45.040816,0
2021-09-27,sz.300160,54.9756480000,55.3402080000,50.3821920000,51.9133440000,54.7569120000,18065123,130025424.3300,3.049900,1,-5.193100,39.016658,4.079737,3.140020,42.701812,0
2021-09-28,sz.300160,52.1320800000,52.4237280000,51.1842240000,52.1320800000,51.9133440000,8306140,59204690.4000,1.402300,1,0.421300,39.181054,4.096926,3.153250,42.881736,0
2021-09-29,sz.300160,51.4758720000,52.2779040000,50.2363680000,50.3821920000,52.1320800000,9258780,64988034.8000,1.563100,1,-3.356600,37.865886,3.959407,3.047407,41.442349,0
2021-09-30,sz.300160,50.8925760000,51.6946080000,50.7467520000,51.4758720000,50.3821920000,6111660,42937825.9400,1.031800,1,2.170800,38.687866,4.045357,3.113559,42.341965,0
2021-10-08,sz.300160,52.3508160000,52.4237280000,51.4758720000,51.9133440000,51.4758720000,6526480,46489747.0000,1.101800,1,0.849900,39.016658,4.079737,3.140020,42.701812,0
2021-10-11,sz.300160,52.0591680000,52.3508160000,51.1113120000,51.5487840000,51.9133440000,5395293,38174757.3700,0.910900,1,-0.702200,38.742665,4.051087,3.117969,42.401940,0
2021-10-12,sz.300160,51.2571360000,51.4029600000,48.7781280000,49.7259840000,51.5487840000,10037000,68775778.8000,1.694500,1,-3.536100,37.372698,3.907838,3.007716,40.902579,0
2021-10-13,sz.300160,49.6530720000,50.5280160000,49.1426880000,50.3821920000,49.7259840000,5876303,40239576.7000,0.992100,1,1.319600,37.865886,3.959407,3.047407,41.442349,0
2021-10-14,sz.300160,50.1634560000,51.7675200000,50.0176320000,51.4758720000,50.3821920000,7857100,55217054.9000,1.326500,1,2.170800,38.687866,4.045357,3.113559,42.341965,0
2021-10-15,sz.300160,52.0591680000,52.7882880000,51.1113120000,51.2571360000,51.4758720000,7787200,55351117.0000,1.314700,1,-0.424900,38.523470,4.028167,3.100328,42.162042,0
2021-10-18,sz.300160,50.8925760000,52.1320800000,50.8925760000,51.9862560000,51.2571360000,5778090,40972408.9000,0.975500,1,1.422500,39.050610,4.083287,3.142752,42.738971,0
2021-10-19,sz.300160,51.6946080000,52.4966400000,51.6216960000,52.2049920000,51.9862560000,7243950,51847846.5000,1.223000,1,0.420800,39.214918,4.100467,3.155976,42.918799,0
2021-10-20,sz.300160,52.1320800000,52.4966400000,51.6216960000,52.1320800000,52.2049920000,6244200,44599560.0000,1.054200,1,-0.139700,39.160149,4.094741,3.151568,42.858856,0
2021-10-21,sz.300160,51.7675200000,51.9133440000,50.6738400000,50.8196640000,52.1320800000,9405763,66140499.6500,1.587900,1,-2.517500,38.174299,3.991656,3.072228,41.779892,0
2021-10-22,sz.300160,51.8404320000,53.0070240000,51.0384000000,51.6946080000,50.8196640000,9757690,69431056.7000,1.647300,1,1.721700,38.831532,4.060379,3.125121,42.499201,0
2021-10-25,sz.300160,51.6946080000,54.2465280000,51.0384000000,53.5903200000,51.6946080000,17881198,130022230.3800,3.018800,1,3.667100,35.253041,3.995177,3.150949,-470.445273,0
2021-10-26,sz.300160,54.1007040000,55.1943840000,53.1528480000,53.2257600000,53.5903200000,15956913,118189349.9000,2.693900,1,-0.680300,35.013225,3.967999,3.129514,-467.244965,0
2021-10-27,sz.300160,53.0070240000,54.6840000000,52.3508160000,54.3194400000,53.2257600000,16628570,122220372.1700,2.807300,1,2.054800,35.732675,4.049533,3.193819,-476.845889,0
2021-10-28,sz.300160,53.5174080000,53.8090560000,51.8404320000,52.0591680000,54.3194400000,12837247,92559481.1100,2.167300,1,-4.161100,34.245812,3.881029,3.060922,-457.003979,0
2021-10-29,sz.300160,51.9862560000,53.4444960000,50.3092800000,53.2257600000,52.0591680000,14042753,100057172.5100,2.370800,1,2.240900,35.013225,3.967999,3.129514,-467.244965,0
2021-11-01,sz.300160,53.2257600000,54.6110880000,52.7153760000,54.1007040000,53.2257600000,14420168,106368114.4000,2.434500,1,1.643800,35.588785,4.033226,3.180958,-474.925704,0
2021-11-02,sz.300160,54.6840000000,56.8713600000,53.9548800000,54.6110880000,54.1007040000,23806660,180377139.6000,4.019200,1,0.943400,35.924528,4.071276,3.210967,-479.406135,0
2021-11-03,sz.300160,55.6318560000,59.7878400000,54.6110880000,57.6004800000,54.6110880000,41060261,322012473.5900,6.932000,1,5.474000,37.891024,4.294136,3.386734,-505.648661,0
2021-11-04,sz.300160,58.2566880000,58.2566880000,56.0693280000,57.6004800000,57.6004800000,29620908,232941672.6000,5.000800,1,0.000000,37.891024,4.294136,3.386734,-505.648661,0
2021-11-05,sz.300160,57.6004800000,57.6004800000,55.9964160000,56.0693280000,57.6004800000,19828001,153660512.4000,3.347500,1,-2.658200,36.883794,4.179988,3.296707,-492.207367,0
2021-11-08,sz.300160,56.5797120000,57.1630080000,56.0693280000,57.1630080000,56.0693280000,13814947,107383564.5300,2.332300,1,1.950600,37.603244,4.261522,3.361012,-501.808291,0
2021-11-09,sz.300160,57.3817440000,58.2566880000,55.7776800000,56.0693280000,57.1630080000,16265689,126939191.9800,2.746100,1,-1.913300,36.883794,4.179988,3.296707,-492.207367,0
2021-11-10,sz.300160,55.1214720000,56.0693280000,54.6110880000,55.9964160000,56.0693280000,14876287,112968354.0700,2.511500,1,-0.130000,36.835831,4.174552,3.292420,-491.567306,0
2021-11-11,sz.300160,55.6318560000,58.6941600000,55.6318560000,57.4546560000,55.9964160000,22446693,177839392.0700,3.789600,1,2.604200,37.795097,4.283265,3.378160,-504.368537,0
2021-11-12,sz.300160,59.7878400000,65.1104160000,59.1316320000,59.5691040000,57.4546560000,58873365,498151832.7400,9.939300,1,3.680200,39.186034,4.440897,3.502483,-522.930324,0
2021-11-15,sz.300160,59.7149280000,61.0273440000,57.3088320000,58.5483360000,59.5691040000,36754710,294088095.9200,6.205100,1,-1.713600,38.514547,4.364799,3.442465,-513.969461,0
2021-11-16,sz.300160,57.3088320000,60.5169600000,56.7255360000,60.2253120000,58.5483360000,39558160,318051892.0000,6.678400,1,2.864300,39.617704,4.489818,3.541066,-528.690878,0
2021-11-17,sz.300160,58.9128960000,61.9022880000,58.5483360000,61.3189920000,60.2253120000,38538545,320525338.8900,6.506300,1,1.816000,40.337153,4.571352,3.605371,-538.291802,0
2021-11-18,sz.300160,60.6627840000,61.1731680000,59.1316320000,59.2774560000,61.3189920000,23315400,192371372.0000,3.936200,1,-3.329400,38.994180,4.419155,3.485335,-520.370077,0
2021-11-19,sz.300160,59.6420160000,61.7564640000,58.6212480000,60.6627840000,59.2774560000,24119918,198951364.1200,4.072100,1,2.337000,39.905484,4.522432,3.566788,-532.531248,0
2021-11-22,sz.300160,60.3711360000,60.8086080000,59.4961920000,60.2982240000,60.6627840000,19570061,161137809.1900,3.303900,1,-0.601000,39.665667,4.495254,3.545353,-529.330940,0
2021-11-23,sz.300160,60.5169600000,61.4648160000,59.6420160000,59.6420160000,60.2982240000,22248022,184454898.7600,3.756000,1,-1.088300,39.233997,4.446333,3.506770,-523.570385,0
2021-11-24,sz.300160,59.0587200000,60.8086080000,57.4546560000,60.1524000000,59.6420160000,30055900,243043752.0000,5.074200,1,0.855700,39.569740,4.484382,3.536779,-528.050816,0
2021-11-25,sz.300160,61.1731680000,62.4855840000,60.0065760000,60.2253120000,60.1524000000,29002000,242782252.4300,4.896300,1,0.121200,39.617704,4.489818,3.541066,-528.690878,0
2021-11-26,sz.300160,58.8399840000,60.1524000000,58.6212480000,58.9858080000,60.2253120000,16130300,131137060.0000,2.723200,1,-2.058100,38.802327,4.397412,3.468187,-517.809831,0
2021-11-29,sz.300160,57.4546560000,60.4440480000,56.8713600000,59.3503680000,58.9858080000,19283200,155215287.0000,3.255500,1,0.618000,39.042144,4.424591,3.489622,-521.010139,0
2021-11-30,sz.300160,59.1316320000,59.7878400000,58.0379520000,58.2566880000,59.3503680000,19400732,156868518.0400,3.275300,1,-1.842800,38.322694,4.343056,3.425317,-511.409215,0
2021-12-01,sz.300160,57.8192160000,58.9128960000,57.8192160000,58.6212480000,58.2566880000,11070320,88629276.8000,1.869000,1,0.625800,38.562511,4.370234,3.446752,-514.609523,0
2021-12-02,sz.300160,58.3296000000,58.9128960000,57.1630080000,57.5275680000,58.6212480000,12304100,97633860.0000,2.077200,1,-1.865700,37.843061,4.288700,3.382447,-505.008599,0
2021-12-03,sz.300160,57.4546560000,58.7670720000,56.9442720000,57.4546560000,57.5275680000,11564220,91744572.4000,1.952300,1,-0.126700,37.795097,4.283265,3.378160,-504.368537,0
2021-12-06,sz.300160,57.1630080000,58.2566880000,56.5797120000,56.8713600000,57.4546560000,12306520,96957005.8000,2.077700,1,-1.015200,37.411391,4.239780,3.343864,-499.248045,0
2021-12-07,sz.300160,57.6733920000,57.7463040000,54.5381760000,55.1214720000,56.8713600000,15625020,119165825.8000,2.637900,1,-3.076900,36.260271,4.109325,3.240976,-483.886566,0
2021-12-08,sz.300160,55.2672960000,57.6004800000,55.1943840000,56.7255360000,55.1214720000,13998000,108822623.0000,2.363200,1,2.910100,37.315464,4.228908,3.335290,-497.967921,0
2021-12-09,sz.300160,56.0693280000,57.3817440000,56.0693280000,56.7984480000,56.7255360000,10308420,80333678.6000,1.740300,1,0.128500,37.363428,4.234344,3.339577,-498.607983,0
2021-12-10,sz.300160,56.2880640000,57.1630080000,56.2151520000,56.9442720000,56.7984480000,9291872,72381979.4000,1.568700,1,0.256700,37.459354,4.245215,3.348151,-499.888106,0
2021-12-13,sz.300160,57.4546560000,57.4546560000,56.1422400000,56.9442720000,56.9442720000,9520580,74105811.0000,1.607300,1,0.000000,37.459354,4.245215,3.348151,-499.888106,0
2021-12-14,sz.300160,56.7255360000,56.9442720000,56.1422400000,56.2880640000,56.9442720000,8373703,64875041.2800,1.413700,1,-1.152400,37.027684,4.196295,3.309568,-494.127552,0
2021-12-15,sz.300160,56.6526240000,57.2359200000,55.8505920000,55.9964160000,56.2880640000,10623800,82515819.0000,1.793600,1,-0.518100,36.835831,4.174552,3.292420,-491.567306,0
2021-12-16,sz.300160,56.1422400000,57.8921280000,56.0693280000,57.8192160000,55.9964160000,14736715,115329698.3500,2.487900,1,3.255200,38.034914,4.310443,3.399595,-507.568845,0
2021-12-17,sz.300160,58.0379520000,58.6212480000,56.9442720000,58.2566880000,57.8192160000,17439035,138159155.8500,2.944200,1,0.756600,38.322694,4.343056,3.425317,-511.409215,0
2021-12-20,sz.300160,58.1108640000,59.5691040000,57.8921280000,58.4025120000,58.2566880000,24006720,193124022.3000,4.053000,1,0.250300,38.418621,4.353928,3.433891,-512.689338,0
2021-12-21,sz.300160,57.6733920000,58.6941600000,57.6004800000,58.6941600000,58.4025120000,13030300,104015419.0000,2.199900,1,0.499400,38.610474,4.375670,3.451039,-515.249585,0
2021-12-22,sz.300160,58.4754240000,58.9128960000,57.2359200000,57.5275680000,58.6941600000,11918000,94502642.6000,2.012100,1,-1.987600,37.843061,4.288700,3.382447,-505.008599,0
2021-12-23,sz.300160,57.7463040000,57.8192160000,56.5068000000,56.8713600000,57.5275680000,9254540,72338877.8000,1.562400,1,-1.140700,37.411391,4.239780,3.343864,-499.248045,0
2021-12-24,sz.300160,56.6526240000,57.2359200000,54.4652640000,54.4652640000,56.8713600000,13718400,104036523.0000,2.316000,1,-4.230800,35.828601,4.060404,3.202393,-478.126012,0
2021-12-27,sz.300160,54.6110880000,54.9027360000,54.2465280000,54.4652640000,54.4652640000,5784400,43309316.0000,0.976600,1,0.000000,35.828601,4.060404,3.202393,-478.126012,0
2021-12-28,sz.300160,54.6840000000,56.1422400000,53.8090560000,56.1422400000,54.4652640000,10111038,76569539.4400,1.707000,1,3.079000,36.931758,4.185423,3.300994,-492.847429,0
2021-12-29,sz.300160,56.1422400000,56.6526240000,55.6318560000,55.7047680000,56.1422400000,8504038,65413694.6000,1.435700,1,-0.779200,36.643978,4.152810,3.275272,-489.007059,0
2021-12-30,sz.300160,55.6318560000,56.0693280000,55.4131200000,55.6318560000,55.7047680000,6353438,48539432.0800,1.072600,1,-0.130900,36.596014,4.147374,3.270985,-488.366998,0
2021-12-31,sz.300160,55.6318560000,56.4338880000,55.5589440000,55.7776800000,55.6318560000,6133500,47073272.0000,1.035500,1,0.262100,36.691941,4.158245,3.279559,-489.647121,0
2022-01-04,sz.300160,55.9235040000,57.0900960000,55.5589440000,56.7255360000,55.7776800000,10048800,77812650.0000,1.696500,1,1.699300,37.315464,4.228908,3.335290,-497.967921,0
2022-01-05,sz.300160,57.0171840000,58.7670720000,56.8713600000,58.6212480000,56.7255360000,28513374,227448857.9400,4.813800,1,3.341900,38.562511,4.370234,3.446752,-514.609523,0
2022-01-06,sz.300160,57.5275680000,58.1837760000,56.7984480000,57.7463040000,58.6212480000,15150680,119355154.1200,2.557800,1,-1.492500,37.986951,4.305007,3.395308,-506.928784,0
2022-01-07,sz.300160,57.4546560000,58.3296000000,56.5797120000,56.5797120000,57.7463040000,11383091,89678758.5200,1.921800,1,-2.020200,37.219538,4.218037,3.326716,-496.687798,0
2022-01-10,sz.300160,55.7776800000,57.4546560000,55.4860320000,57.4546560000,56.5797120000,9306859,72327447.9400,1.571200,1,1.546400,37.795097,4.283265,3.378160,-504.368537,0
2022-01-11,sz.300160,57.3817440000,58.9858080000,56.6526240000,57.0171840000,57.4546560000,12486898,99010754.8000,2.108100,1,-0.761400,37.507318,4.250651,3.352438,-500.528168,0
2022-01-12,sz.300160,57.2359200000,58.1837760000,57.0171840000,57.8921280000,57.0171840000,10003362,79325983.0900,1.684100,1,1.534500,38.082877,4.315878,3.403882,-508.208907,0
2022-01-13,sz.300160,58.1837760000,58.1837760000,55.9964160000,56.2151520000,57.8921280000,9779500,76377673.9500,1.646400,1,-2.896700,36.979721,4.190859,3.305281,-493.487490,0
2022-01-14,sz.300160,56.4338880000,56.4338880000,54.1007040000,54.3194400000,56.2151520000,9500591,71948671.1000,1.581800,1,-3.372200,35.732675,4.049533,3.193819,-476.845889,0
2022-01-17,sz.300160,54.2465280000,54.8298240000,54.1736160000,54.8298240000,54.3194400000,6475840,48410761.6000,1.078200,1,0.939600,36.068418,4.087582,3.223828,-481.326320,0
2022-01-18,sz.300160,54.6840000000,55.0485600000,52.2779040000,52.4237280000,54.8298240000,13755993,100296346.0800,2.290300,1,-4.388300,34.485628,3.908207,3.082357,-460.204287,0
2022-01-19,sz.300160,52.5695520000,52.8612000000,51.8404320000,52.7153760000,52.4237280000,6617953,47586986.8800,1.101900,1,0.556300,34.677482,3.929950,3.099505,-462.764534,0
2022-01-20,sz.300160,52.8612000000,52.8612000000,51.0384000000,51.1113120000,52.7153760000,8697701,61650216.0800,1.448100,1,-3.042900,33.622288,3.810366,3.005191,-448.683179,0
2022-01-21,sz.300160,51.1113120000,51.8404320000,50.5280160000,51.2571360000,51.1113120000,7394500,51871992.0000,1.231200,1,0.285300,33.718215,3.821237,3.013765,-449.963302,0
2022-01-24,sz.300160,50.8925760000,51.5487840000,50.7467520000,50.9654880000,51.2571360000,4678600,32797650.0000,0.779000,1,-0.569000,33.526362,3.799495,2.996617,-447.403055,0
2022-01-25,sz.300160,51.2571360000,51.2571360000,48.6323040000,48.8510400000,50.9654880000,7625000,51860687.0000,1.269500,1,-4.148800,32.135425,3.641862,2.872294,-428.841269,0
2022-01-26,sz.300160,49.2885120000,49.9447200000,48.7781280000,49.3614240000,48.8510400000,4533864,30756322.5600,0.754900,1,1.044800,32.471169,3.679911,2.902303,-433.321700,0
2022-01-27,sz.300160,49.3614240000,49.5072480000,47.4657120000,47.6115360000,49.3614240000,5024725,33388719.0000,0.836600,1,-3.545100,31.320049,3.549457,2.799414,-417.960222,0
2022-01-28,sz.300160,47.8302720000,49.4343360000,47.7573600000,49.0697760000,47.6115360000,5560716,37222932.9100,0.925800,1,3.062800,32.279315,3.658169,2.885155,-430.761454,0
2022-02-07,sz.300160,50.3092800000,50.6738400000,49.6530720000,50.3092800000,49.0697760000,6119791,42166972.0800,1.018900,1,2.526000,33.094692,3.750574,2.958034,-441.642501,0
2022-02-08,sz.300160,50.3092800000,51.0384000000,49.9447200000,50.8925760000,50.3092800000,4799491,33286563.5400,0.799100,1,1.159400,33.478398,3.794059,2.992330,-446.762994,0
2022-02-09,sz.300160,50.6738400000,51.8404320000,50.6009280000,51.6216960000,50.8925760000,6340300,44695164.0000,1.055600,1,1.432700,33.958032,3.848415,3.035200,-453.163610,0
2022-02-10,sz.300160,51.3300480000,51.7675200000,51.1113120000,51.5487840000,51.6216960000,3855400,27193092.0000,0.641900,1,-0.141200,33.910068,3.842980,3.030913,-452.523548,0
2022-02-11,sz.300160,51.5487840000,51.6216960000,50.7467520000,50.9654880000,51.5487840000,4003413,28047105.9300,0.666600,1,-1.131500,33.526362,3.799495,2.996617,-447.403055,0
2022-02-14,sz.300160,50.8196640000,51.1842240000,50.2363680000,50.7467520000,50.9654880000,2789820,19442870.2000,0.464500,1,-0.429200,33.382472,3.783188,2.983756,-445.482871,0
2022-02-15,sz.300160,50.6009280000,50.9654880000,50.3092800000,50.6009280000,50.7467520000,3198500,22223941.0000,0.532500,1,-0.287400,33.286545,3.772317,2.975182,-444.202747,0
2022-02-16,sz.300160,50.6009280000,51.1842240000,50.6009280000,51.0384000000,50.6009280000,2872600,20094089.0000,0.478300,1,0.864600,33.574325,3.804930,3.000904,-448.043117,0
2022-02-17,sz.300160,50.6009280000,51.3300480000,50.5280160000,50.7467520000,51.0384000000,3388993,23652596.4200,0.564300,1,-0.571400,33.382472,3.783188,2.983756,-445.482871,0
2022-02-18,sz.300160,50.3092800000,50.6738400000,49.9447200000,50.6009280000,50.7467520000,3423653,23636469.8900,0.570000,1,-0.287400,33.286545,3.772317,2.975182,-444.202747,0
2022-02-21,sz.300160,50.6738400000,51.6216960000,50.3821920000,51.5487840000,50.6009280000,4743553,33372649.5900,0.789800,1,1.873200,33.910068,3.842980,3.030913,-452.523548,0
2022-02-22,sz.300160,51.1113120000,51.6216960000,50.8196640000,51.0384000000,51.5487840000,4397100,30873139.0000,0.732100,1,-0.990100,33.574325,3.804930,3.000904,-448.043117,0
2022-02-23,sz.300160,50.8925760000,51.9133440000,50.8196640000,51.7675200000,51.0384000000,6084400,42957613.0000,1.013000,1,1.428600,34.053958,3.859287,3.043774,-454.443733,0
2022-02-24,sz.300160,51.5487840000,52.4966400000,50.3092800000,50.8925760000,51.7675200000,9446100,66775060.0000,1.572800,1,-1.690100,33.478398,3.794059,2.992330,-446.762994,0
2022-02-25,sz.300160,52.4966400000,53.0070240000,51.4029600000,51.6216960000,50.8925760000,9797900,70014620.8000,1.631300,1,1.432700,32.043672,3.848415,3.002237,-453.163610,0
2022-02-28,sz.300160,51.0384000000,51.4029600000,49.7988960000,50.6009280000,51.6216960000,6659000,46146892.0000,1.108700,1,-1.977400,31.410040,3.772317,2.942870,0.000000,0
2022-03-01,sz.300160,50.8196640000,58.2566880000,50.6738400000,55.0485600000,50.6009280000,36012733,274310576.0000,5.996000,1,8.789600,34.170865,4.103889,3.201538,-483.246505,0
2022-03-02,sz.300160,53.2257600000,55.3402080000,52.7882880000,54.6110880000,55.0485600000,23727462,175768147.0000,3.950600,1,-0.794700,33.899308,4.071276,3.176095,-479.406135,0
2022-03-03,sz.300160,54.6840000000,55.2672960000,53.9548800000,54.1007040000,54.6110880000,13981500,104497854.0000,2.327900,1,-0.934600,33.582492,4.033226,3.146412,-474.925704,0
2022-03-04,sz.300160,54.1736160000,54.5381760000,53.0070240000,53.0799360000,54.1007040000,11469350,84329625.0000,1.909600,1,-1.886800,32.948860,3.957128,3.087045,-465.964842,0
2022-03-07,sz.300160,53.0799360000,53.6632320000,52.1320800000,52.4237280000,53.0799360000,9410132,68250487.0000,1.566800,1,-1.236300,32.541525,3.908207,3.048881,-460.204287,0
2022-03-08,sz.300160,52.4237280000,52.8612000000,50.4551040000,50.6738400000,52.4237280000,9236591,65207398.0000,1.537900,1,-3.338000,31.455299,3.777752,2.947111,-444.842809,0
2022-03-09,sz.300160,50.8925760000,51.9862560000,47.4657120000,49.5801600000,50.6738400000,11481620,78642585.0000,1.911700,1,-2.158300,30.776408,3.696218,2.883504,-435.241885,0
2022-03-10,sz.300160,50.4551040000,54.1007040000,50.1634560000,52.0591680000,49.5801600000,19623080,139843150.0000,3.267200,1,5.000000,32.315228,3.881029,3.027679,-457.003979,0
2022-03-11,sz.300160,51.1113120000,51.9862560000,50.0176320000,51.5487840000,52.0591680000,12886660,90317879.0000,2.145600,1,-0.980400,31.998412,3.842980,2.997996,-452.523548,0
2022-03-14,sz.300160,50.8925760000,53.4444960000,50.6738400000,52.2779040000,51.5487840000,14940900,107173728.0000,2.487600,1,1.414400,32.451007,3.897336,3.040401,-458.924164,0
2022-03-15,sz.300160,51.6946080000,53.3715840000,50.6738400000,50.6738400000,52.2779040000,15750300,112758878.0000,2.622400,1,-3.068300,31.455299,3.777752,2.947111,-444.842809,0
2022-03-16,sz.300160,51.3300480000,54.4652640000,51.3300480000,54.1736160000,50.6738400000,28575760,209280851.0000,4.757800,1,6.906500,33.627752,4.038662,3.150652,-475.565766,0
2022-03-17,sz.300160,54.3194400000,57.5275680000,53.5174080000,55.1943840000,54.1736160000,36954700,278949824.0000,6.152900,1,1.884300,34.261384,4.114761,3.210018,-484.526628,0
2022-03-18,sz.300160,54.3923520000,58.1108640000,54.1007040000,57.0900960000,55.1943840000,37412840,290127703.4000,6.229200,1,3.434600,35.438129,4.256087,3.320270,-501.168229,0
2022-03-21,sz.300160,57.8921280000,58.1837760000,55.8505920000,57.4546560000,57.0900960000,33501645,260600175.4000,5.578000,1,0.638600,35.555091,4.117339,3.341472,288.838022,0
2022-03-22,sz.300160,57.1630080000,57.2359200000,55.7776800000,56.6526240000,57.4546560000,22274010,172084088.6800,3.708600,1,-1.395900,35.058764,4.059863,3.294827,284.806019,0
2022-03-23,sz.300160,57.4546560000,57.8192160000,55.7776800000,55.9235040000,56.6526240000,18722120,144566218.2000,3.117200,1,-1.287000,34.607557,4.007613,3.252423,281.140562,0
2022-03-24,sz.300160,55.2672960000,55.4860320000,53.8090560000,54.3194400000,55.9235040000,16657207,124466365.8700,2.773400,1,-2.868300,33.614902,3.892662,3.159133,273.076556,0
2022-03-25,sz.300160,54.3194400000,55.5589440000,53.7361440000,53.7361440000,54.3194400000,14117403,105482742.3500,2.350500,1,-1.073800,33.253937,3.850861,3.125209,270.144190,0
2022-03-28,sz.300160,52.3508160000,54.0277920000,51.1113120000,54.0277920000,53.7361440000,12107300,88006130.0000,2.015800,1,0.542700,33.434420,3.871762,3.142171,271.610373,0
2022-03-29,sz.300160,53.3715840000,53.9548800000,52.5695520000,53.7361440000,54.0277920000,10418800,76066372.0000,1.734700,1,-0.539800,33.253937,3.850861,3.125209,270.144190,0
2022-03-30,sz.300160,54.2465280000,55.7047680000,53.1528480000,54.8298240000,53.7361440000,14878796,111313643.9300,2.477300,1,2.035300,33.930747,3.929237,3.188816,275.642376,0
2022-03-31,sz.300160,53.9548800000,55.4860320000,53.3715840000,55.3402080000,54.8298240000,14995226,112467596.9000,2.496700,1,0.930900,34.246592,3.965813,3.218499,278.208196,0
2022-04-01,sz.300160,54.6840000000,56.3609760000,54.5381760000,55.9235040000,55.3402080000,17177127,131210081.4200,2.860000,1,1.054000,34.607557,4.007613,3.252423,281.140562,0
2022-04-06,sz.300160,55.2672960000,56.3609760000,55.1214720000,55.8505920000,55.9235040000,12054030,91967320.4500,2.007000,1,-0.130400,34.562436,4.002388,3.248182,280.774016,0
2022-04-07,sz.300160,55.4131200000,55.7047680000,54.4652640000,54.6840000000,55.8505920000,11994816,90478276.6400,1.997100,1,-2.088800,33.840506,3.918787,3.180335,274.909285,0
2022-04-08,sz.300160,56.3609760000,57.2359200000,55.1943840000,56.0693280000,54.6840000000,26099489,201468214.1900,4.345500,1,2.533300,34.697798,4.018063,3.260904,281.873653,0
2022-04-11,sz.300160,54.9027360000,56.8713600000,54.6840000000,55.1214720000,56.0693280000,18210800,139371939.0000,3.032100,1,-1.690500,34.111230,3.950137,3.205778,277.108559,0
2022-04-12,sz.300160,54.6110880000,57.0900960000,52.4966400000,56.7984480000,55.1214720000,20132000,152016752.0000,3.351900,1,3.042300,35.149005,4.070314,3.303308,285.539110,0
2022-04-13,sz.300160,56.2880640000,56.2880640000,54.1007040000,54.2465280000,56.7984480000,16817420,126472295.4000,2.800100,1,-4.492900,33.569782,3.887437,3.154893,272.710010,0
2022-04-14,sz.300160,54.6110880000,55.1214720000,53.6632320000,53.7361440000,54.2465280000,11989200,88792301.0000,1.996200,1,-0.940900,33.253937,3.850861,3.125209,270.144190,0
2022-04-15,sz.300160,53.4444960000,53.5174080000,51.7675200000,51.7675200000,53.7361440000,9950460,71712326.2000,1.656700,1,-3.663500,32.035679,3.709785,3.010717,260.247456,0
2022-04-18,sz.300160,51.1113120000,53.3715840000,50.1634560000,52.7882880000,51.7675200000,7880420,56564051.6000,1.312100,1,1.971800,32.667368,3.782936,3.070084,265.379096,0
2022-04-19,sz.300160,53.0070240000,55.7047680000,52.8612000000,54.3194400000,52.7882880000,11291640,84794956.0000,1.880000,1,2.900600,33.614902,3.892662,3.159133,273.076556,0
2022-04-20,sz.300160,54.3923520000,55.4131200000,53.9548800000,54.2465280000,54.3194400000,7737540,58103288.2000,1.288300,1,-0.134200,33.569782,3.887437,3.154893,272.710010,0
2022-04-21,sz.300160,53.9548800000,55.2672960000,52.2779040000,52.6424640000,54.2465280000,9821200,72481894.0000,1.635200,1,-2.957000,32.577127,3.772486,3.061603,264.646005,0
2022-04-22,sz.300160,51.9133440000,53.2257600000,51.3300480000,51.4758720000,52.6424640000,7568372,54142378.1900,1.260100,1,-2.216100,31.855196,3.688885,2.993756,258.781273,0
2022-04-25,sz.300160,51.2539889400,51.2539889400,46.8903737200,46.8903737200,51.4758676800,10864020,71936896.6800,1.808800,1,-8.908000,28.606507,3.312681,2.688443,232.389982,0
2022-04-26,sz.300160,47.1122524600,48.6654036400,45.1893033800,45.4111821200,46.8903737200,9788020,62538807.6000,1.629700,1,-3.154600,27.704094,3.208180,2.603635,225.059068,0
2022-04-27,sz.300160,46.0028587600,49.1831207000,45.8549396000,49.1091611200,45.4111821200,17079636,110487749.1000,2.843700,1,8.143300,22.970541,3.268252,2.656612,174.646738,0
2022-04-28,sz.300160,48.1476865800,49.4049994400,47.6299695200,47.9997674200,49.1091611200,9775640,64018221.2000,1.627600,1,-2.259000,22.451628,3.194421,2.596598,170.701405,0
2022-04-29,sz.300160,48.7393632200,49.7008377600,48.4435249000,49.3310398600,47.9997674200,8712920,57945623.2000,1.450700,1,2.773500,23.074323,3.283018,2.668615,175.435805,0
2022-05-05,sz.300160,49.4049994400,50.6623123000,49.4049994400,49.7747973400,49.3310398600,7431393,50316679.2900,1.237300,1,0.899600,23.281888,3.312551,2.692620,177.013938,0
2022-05-06,sz.300160,48.3695653200,49.4789590200,47.7039291000,48.9612419600,49.7747973400,6093640,40259698.8000,1.014600,1,-1.634500,22.901352,3.258408,2.648610,174.120694,0
2022-05-09,sz.300160,49.0352015400,50.5143931400,48.5914440600,50.2925144000,48.9612419600,5710500,38726610.0000,0.950800,1,2.719000,23.524048,3.347005,2.720627,178.855093,0
2022-05-10,sz.300160,49.8487569200,52.9550592800,49.7008377600,52.5113018000,50.2925144000,11722896,82297306.9200,1.951800,1,4.411800,24.561873,3.494667,2.840654,186.745759,0
2022-05-11,sz.300160,52.5113018000,56.2092808000,52.4373422200,54.2863317200,52.5113018000,21350796,158968654.0400,3.554900,1,3.380300,25.392134,3.612797,2.936676,193.058292,0
2022-05-12,sz.300160,54.2123721400,54.8780083600,53.3988167600,54.2863317200,54.2863317200,10210500,74812716.0000,1.700000,1,0.000000,25.392134,3.612797,2.936676,193.058292,0
2022-05-13,sz.300160,54.3602913000,55.0259275200,53.6206955000,54.7300892000,54.2863317200,6904200,50857984.0000,1.149500,1,0.817400,25.599699,3.642329,2.960682,194.636425,0
2022-05-16,sz.300160,54.7300892000,56.2092808000,54.5821700400,55.5436445800,54.7300892000,10885548,81660864.6000,1.812400,1,1.486500,25.980235,3.696472,3.004692,197.529669,0
2022-05-17,sz.300160,55.3217658400,56.6530382800,54.6561296200,55.9134424800,55.5436445800,11714738,88126619.8600,1.950500,1,0.665800,26.153206,3.721082,3.024697,198.844780,0
2022-05-18,sz.300160,56.2832403800,57.2447149200,55.9134424800,56.7269978600,55.9134424800,14881700,114139909.0000,2.477800,1,1.455000,26.533742,3.775225,3.068707,201.738024,0
2022-05-19,sz.300160,55.4696850000,57.9843107200,54.8040487800,57.2447149200,56.7269978600,16897900,130117075.0000,2.813500,1,0.912600,26.775901,3.809679,3.096713,203.579180,0
2022-05-20,sz.300160,57.8363915600,58.7978661000,56.5790787000,57.0228361800,57.2447149200,15031700,116421813.8000,2.502700,1,-0.387600,26.672119,3.794913,3.084711,202.790113,0
2022-05-23,sz.300160,57.0228361800,57.5405532400,55.8394829000,57.0228361800,57.0228361800,9759480,74755020.0000,1.624900,1,0.000000,26.672119,3.794913,3.084711,202.790113,0
2022-05-24,sz.300160,56.9488766000,57.1707553400,54.2123721400,54.4342508800,57.0228361800,10851425,81568558.0000,1.806700,1,-4.539600,25.461322,3.622641,2.944678,193.584336,0
2022-05-25,sz.300160,54.5821700400,56.4311595400,54.2123721400,56.3571999600,54.4342508800,9358400,70260606.0000,1.558200,1,3.532600,26.360771,3.750614,3.048702,200.422914,0
2022-05-26,sz.300160,55.9134424800,57.4665936600,54.8780083600,57.3186745000,56.3571999600,15687853,119607827.5200,2.612000,1,1.706000,26.810496,3.814601,3.100714,203.842202,0
2022-05-27,sz.300160,57.3186745000,57.4665936600,55.6915637400,56.5790787000,57.3186745000,15767800,120146887.0000,2.625300,1,-1.290300,26.464554,3.765381,3.060705,201.211980,0
2022-05-30,sz.300160,56.5051191200,57.0967957600,55.3217658400,56.8749170200,56.5790787000,11037200,84180526.2000,1.837700,1,0.522900,26.602930,3.785069,3.076709,202.264069,0
2022-05-31,sz.300160,57.9103511400,58.7978661000,55.9134424800,56.9488766000,56.8749170200,16327400,125874373.0000,2.718500,1,0.130000,26.637525,3.789991,3.080710,202.527091,0
2022-06-01,sz.300160,56.2092808000,57.8363915600,56.2092808000,56.8009574400,56.9488766000,11256200,86837172.6000,1.874100,1,-0.259700,26.568336,3.780147,3.072708,202.001047,0
2022-06-02,sz.300160,56.8749170200,57.1707553400,56.1353212200,56.8009574400,56.8009574400,8638460,66185484.4000,1.438300,1,0.000000,26.568336,3.780147,3.072708,202.001047,0
2022-06-06,sz.300160,56.4311595400,58.7239065200,56.2832403800,58.4280682000,56.8009574400,18478948,144474163.8000,3.076700,1,2.864600,27.329408,3.888432,3.160728,207.787535,0
2022-06-07,sz.300160,58.7978661000,60.2030981200,57.3926340800,58.0582703000,58.4280682000,19909947,157771015.7500,3.315000,1,-0.632900,27.156437,3.863822,3.140723,206.472424,0
2022-06-08,sz.300160,57.7624319800,59.3155831600,56.5790787000,57.6884724000,58.0582703000,15163007,118817616.6700,2.524600,1,-0.636900,26.983466,3.839212,3.120719,205.157313,0
2022-06-09,sz.300160,56.9488766000,57.0967957600,54.5082104600,55.2478062600,57.6884724000,14981700,112554383.0000,2.494400,1,-4.230800,25.841858,3.676783,2.988688,196.477581,0
2022-06-10,sz.300160,55.1738466800,59.7593406400,55.1738466800,58.5020277800,55.2478062600,28240407,222801322.1400,4.702000,1,5.890200,27.364003,3.893354,3.164729,208.050557,0
2022-06-13,sz.300160,58.2061894600,59.6853810600,57.7624319800,59.3155831600,58.5020277800,18926860,150880158.4700,3.151300,1,1.390600,27.744539,3.947497,3.208739,210.943801,0
2022-06-14,sz.300160,58.8718256800,59.0937044200,56.7269978600,58.6499469400,59.3155831600,13722724,107467332.2300,2.284800,1,-1.122200,27.433191,3.903199,3.172731,208.576602,0
2022-06-15,sz.300160,58.7978661000,59.0197448400,57.0967957600,57.0967957600,58.6499469400,13512853,105624321.6900,2.249900,1,-2.648200,26.706713,3.799835,3.088711,203.053135,0
2022-06-16,sz.300160,57.0967957600,60.4249768600,57.0967957600,59.6853810600,57.0967957600,27886353,224328497.0000,4.643000,1,4.533700,27.917510,3.972107,3.228744,212.258912,0
2022-06-17,sz.300160,59.0197448400,61.9041684600,58.6499469400,60.7208151800,59.6853810600,24902300,204644154.0000,4.146200,1,1.734800,28.401828,4.041016,3.284757,215.941223,0
2022-06-20,sz.300160,60.7208151800,62.6437642600,60.2770577000,60.4989364400,60.7208151800,19719076,163629469.5200,3.283200,1,-0.365400,28.298046,4.026250,3.272754,215.152156,0
2022-06-21,sz.300160,60.6468556000,61.4604109800,59.5374619000,60.7947747600,60.4989364400,16969516,138740323.9200,2.825400,1,0.489000,28.436422,4.045938,3.288758,216.204245,0
2022-06-22,sz.300160,60.7208151800,60.7208151800,58.8718256800,58.9457852600,60.7947747600,12293300,98994353.0000,2.046800,1,-3.041400,27.571568,3.922887,3.188735,209.628690,0
2022-06-23,sz.300160,59.1676640000,60.1291385400,58.2061894600,59.9072598000,58.9457852600,11257620,90080558.6000,1.874400,1,1.631100,28.021292,3.986874,3.240747,213.047979,0
2022-06-24,sz.300160,60.6468556000,64.3448346000,60.2770577000,62.4958451000,59.9072598000,26672048,226251534.9100,4.440800,1,4.321000,29.232089,4.159146,3.380779,222.253756,0
2022-06-27,sz.300160,63.6052388000,64.1229558600,60.6468556000,61.9781280400,62.4958451000,21457776,179248949.0400,3.572700,1,-0.828400,28.989929,4.124692,3.352772,220.412600,0
2022-06-28,sz.300160,61.4604109800,64.1229558600,60.8687343400,63.9010771200,61.9781280400,24554176,209524675.8300,4.088200,1,3.102600,29.889378,4.252665,3.456796,227.251178,0
2022-06-29,sz.300160,63.3094004800,63.6052388000,60.4989364400,60.5728960200,63.9010771200,18572200,155271076.0000,3.092200,1,-5.208300,28.332640,4.031172,3.276755,215.415179,0
2022-06-30,sz.300160,61.1645726600,61.9781280400,59.9812193800,60.1291385400,60.5728960200,12734400,104759305.0000,2.120300,1,-0.732600,28.125075,4.001640,3.252749,213.837046,0
2022-07-01,sz.300160,60.4989364400,61.4604109800,59.5374619000,60.6468556000,60.1291385400,11625371,95161264.2500,1.935600,1,0.861000,28.367234,4.036094,3.280756,215.678201,0
2022-07-04,sz.300160,60.2030981200,61.7562493000,59.0197448400,60.7947747600,60.6468556000,12096400,98919780.0000,2.014000,1,0.243900,28.436422,4.045938,3.288758,216.204245,0
2022-07-05,sz.300160,61.0166535000,62.2000067800,58.8718256800,60.2770577000,60.7947747600,13941900,113540549.6000,2.321300,1,-0.851600,28.194263,4.011484,3.260751,214.363090,0
2022-07-06,sz.300160,60.4989364400,62.4958451000,59.1676640000,61.4604109800,60.2770577000,24992934,207041523.5900,4.161300,1,1.963200,28.747770,4.090237,3.324766,218.571445,0
2022-07-07,sz.300160,60.5728960200,61.0906130800,59.3155831600,60.6468556000,61.4604109800,15220380,124056730.2000,2.534200,1,-1.323700,28.367234,4.036094,3.280756,215.678201,0
2022-07-08,sz.300160,60.5728960200,62.6437642600,60.5728960200,60.6468556000,60.6468556000,14139700,117400650.0000,2.354200,1,0.000000,28.367234,4.036094,3.280756,215.678201,0
2022-07-11,sz.300160,60.1291385400,61.4604109800,58.4280682000,59.1676640000,60.6468556000,13220700,106431980.2000,2.201200,1,-2.439000,27.675350,3.937653,3.200737,210.417757,0
2022-07-12,sz.300160,60.2030981200,64.0489962800,59.6114214800,61.0906130800,59.1676640000,31028155,260232483.7000,5.166100,1,3.250000,28.574799,4.065627,3.304761,217.256334,0
2022-07-13,sz.300160,60.4989364400,63.1614813200,60.4989364400,62.4218855200,61.0906130800,23226733,194988611.9200,3.867200,1,2.179200,29.197495,4.154224,3.376778,221.990734,0
2022-07-14,sz.300160,62.5698046800,64.7885920800,61.9781280400,63.4573196400,62.4218855200,28706996,247730701.9600,4.779700,1,1.658800,29.681813,4.223133,3.432791,225.673044,0
2022-07-15,sz.300160,62.7916834200,63.7531579600,61.6083301400,62.4958451000,63.4573196400,18240323,154245016.5700,3.037000,1,-1.515200,29.232089,4.159146,3.380779,222.253756,0
2022-07-18,sz.300160,63.0875217400,65.8979857800,62.6437642600,65.4542283000,62.4958451000,29066088,253764009.4600,4.839400,1,4.733700,30.615856,4.356029,3.540816,232.774644,0
2022-07-19,sz.300160,65.4542283000,66.2677836800,64.5667133400,65.6021474600,65.4542283000,22409976,198106651.7000,3.731200,1,0.226000,30.685045,4.365873,3.548817,233.300688,0
2022-07-20,sz.300160,65.7500666200,66.1938241000,64.1229558600,64.7885920800,65.6021474600,17243401,150634160.4300,2.871000,1,-1.240100,30.304509,4.311730,3.504807,230.407444,0
2022-07-21,sz.300160,64.5667133400,65.0104708200,63.0135621600,63.9010771200,64.7885920800,15103000,130447250.0000,2.514600,1,-1.369900,29.889378,4.252665,3.456796,227.251178,0
2022-07-22,sz.300160,64.3448346000,66.1198645200,63.6052388000,64.5667133400,63.9010771200,17565310,153857727.3500,2.924600,1,1.041700,30.200726,4.296964,3.492805,229.618377,0
2022-07-25,sz.300160,64.0489962800,65.8979857800,63.2354409000,63.6791983800,64.5667133400,15605200,135912784.0000,2.598200,1,-1.374600,29.785596,4.237899,3.444793,226.462111,0
2022-07-26,sz.300160,63.1614813200,64.6406729200,62.1260472000,64.4927537600,63.6791983800,12236540,105084378.6000,2.037400,1,1.277600,30.166132,4.292042,3.488804,229.355355,0
2022-07-27,sz.300160,64.1229558600,66.3417432600,63.9010771200,65.6761070400,64.4927537600,15700083,138639238.0600,2.614000,1,1.834900,30.719639,4.370795,3.552818,233.563710,0
2022-07-28,sz.300160,66.1938241000,67.8209348600,65.5281878800,67.1552986400,65.6761070400,21357920,192886598.6000,3.556000,1,2.252300,31.411523,4.469236,3.632837,238.824154,0
2022-07-29,sz.300160,67.5250965400,70.1136818400,67.3771773800,70.0397222600,67.1552986400,34353252,321049178.3200,5.719700,1,4.295200,32.760696,4.661197,3.788873,249.082020,0
2022-08-01,sz.300160,75.4387716000,78.2492356400,66.7855007400,68.6344902400,70.0397222600,64417025,613566489.2500,10.725300,1,-2.006300,32.103406,4.567677,3.712855,244.084598,0
2022-08-02,sz.300160,65.8979857800,67.3032178000,63.3094004800,64.4927537600,68.6344902400,48550469,429377701.1400,8.083500,1,-6.034500,25.916515,4.297911,3.409153,-54.541998,0
2022-08-03,sz.300160,64.3448346000,66.8594603200,60.4989364400,60.7208151800,64.4927537600,49246900,425178307.5800,8.199500,1,-5.848600,24.400756,4.046542,3.209765,-51.352042,0
2022-08-04,sz.300160,61.9041684600,64.7885920800,60.7947747600,63.2354409000,60.7208151800,37917808,322165397.0400,6.313200,1,4.141300,25.411262,4.214121,3.342690,-53.478679,0
2022-08-05,sz.300160,63.2354409000,65.3802687200,61.0166535000,62.0520876200,63.2354409000,29267540,248672348.8000,4.873000,1,-1.871300,24.935730,4.135260,3.280137,-52.477909,0
2022-08-08,sz.300160,61.8302088800,63.5312792200,61.6822897200,63.2354409000,62.0520876200,18472900,156793001.0000,3.075700,1,1.907000,25.411262,4.214121,3.342690,-53.478679,0
2022-08-09,sz.300160,63.0875217400,66.9334199000,62.8656430000,64.8625516600,63.2354409000,31308711,276772861.1400,5.212800,1,2.573100,26.065119,4.322555,3.428701,-54.854739,0
2022-08-10,sz.300160,64.1969154400,69.1522073000,64.0489962800,67.6730157000,64.8625516600,39954703,364550818.4600,6.652400,1,4.333000,27.194509,4.509849,3.577265,-57.231569,0
2022-08-11,sz.300160,68.4126115000,68.4126115000,66.3417432600,66.9334199000,67.6730157000,24677709,223420941.5800,4.108800,1,-1.092900,26.897301,4.460561,3.538169,-56.606087,0
2022-08-12,sz.300160,66.6375815800,67.6730157000,65.8240262000,65.8979857800,66.9334199000,17978100,161782763.0000,2.993300,1,-1.547000,26.481210,4.391558,3.483435,-55.730413,0
2022-08-15,sz.300160,65.8240262000,66.7855007400,64.7885920800,66.4157028400,65.8979857800,15794000,141180021.0000,2.629700,1,0.785600,26.689256,4.426059,3.510802,-56.168250,0
2022-08-16,sz.300160,66.1938241000,67.8948944400,65.8240262000,67.7469752800,66.4157028400,23067026,209863850.0800,3.840600,1,2.004500,27.224229,4.514778,3.581175,-57.294117,0
2022-08-17,sz.300160,67.1552986400,69.8918031000,67.1552986400,67.8209348600,67.7469752800,24511861,227001325.1200,4.081200,1,0.109200,27.253950,4.519707,3.585084,-57.356665,0
2022-08-18,sz.300160,67.3032178000,69.6699243600,67.1552986400,69.0042881400,67.8209348600,25789652,239241262.9900,4.293900,1,1.744800,27.729483,4.598567,3.647638,-58.357436,0
2022-08-19,sz.300160,68.9303285600,70.0397222600,67.3032178000,67.3771773800,69.0042881400,20306000,187577757.0000,3.380900,1,-2.358000,27.075626,4.490134,3.561627,-56.981376,0
2022-08-22,sz.300160,66.8594603200,67.8209348600,65.9719453600,66.3417432600,67.3771773800,16780000,150977393.0000,2.793800,1,-1.536800,26.659535,4.421131,3.506893,-56.105702,0
2022-08-23,sz.300160,66.2677836800,68.4865710800,65.4542283000,67.8948944400,66.3417432600,19040207,173532739.2800,3.170200,1,2.341100,27.283671,4.524635,3.588994,-57.419214,0
2022-08-24,sz.300160,67.4511369600,68.0428136000,63.5312792200,63.5312792200,67.8948944400,22870600,200452746.0000,3.807900,1,-6.427000,25.530145,4.233836,3.358329,-53.728872,0
2022-08-25,sz.300160,64.0489962800,64.2708750200,59.9072598000,60.7208151800,63.5312792200,20839600,172366563.0000,3.469700,1,-4.423700,24.400756,4.046542,3.209765,-51.352042,0
2022-08-26,sz.300160,60.6468556000,61.4604109800,59.6114214800,59.8333002200,60.7208151800,11518400,94229899.0000,1.917800,1,-1.461600,24.044107,3.987397,3.162850,-50.601464,0
2022-08-29,sz.300160,59.1676640000,61.0166535000,58.3541086200,60.7208151800,59.8333002200,12671600,103317130.0000,2.109800,1,1.483300,24.400756,4.046542,3.209765,-51.352042,0
2022-08-30,sz.300160,61.0906130800,61.3864514000,59.5374619000,59.9072598000,60.7208151800,11070000,90267590.0000,1.843100,1,-1.339800,24.073827,3.992325,3.166759,-50.664012,0
2022-08-31,sz.300160,59.3155831600,60.4989364400,56.8749170200,58.0582703000,59.9072598000,18743626,147239270.5400,3.120800,1,-3.086400,23.330808,3.869105,3.069020,-49.100308,0
2022-09-01,sz.300160,58.0582703000,58.5020277800,56.5790787000,56.8009574400,58.0582703000,14871000,115756087.0000,2.476000,1,-2.165600,22.825555,3.785316,3.002557,-48.036989,0
2022-09-02,sz.300160,56.9488766000,57.5405532400,56.0613616400,57.2447149200,56.8009574400,9067474,69807635.7900,1.509700,1,0.781300,23.003879,3.814889,3.026014,-48.412278,0
2022-09-05,sz.300160,56.8749170200,57.6145128200,56.3571999600,56.8009574400,57.2447149200,8976960,69015846.4000,1.494600,1,-0.775200,22.825555,3.785316,3.002557,-48.036989,0
2022-09-06,sz.300160,57.0967957600,58.2801490400,56.6530382800,58.1322298800,56.8009574400,12526133,97633771.8500,2.085600,1,2.343800,23.360529,3.874034,3.072929,-49.162856,0
2022-09-07,sz.300160,57.7624319800,58.4280682000,57.5405532400,58.3541086200,58.1322298800,9988400,78461401.0000,1.663000,1,0.381700,23.449691,3.888821,3.084658,-49.350501,0
2022-09-08,sz.300160,58.2801490400,58.6499469400,56.8749170200,56.9488766000,58.3541086200,8738400,67931874.0000,1.454900,1,-2.408100,22.884996,3.795173,3.010376,-48.162085,0
2022-09-09,sz.300160,56.9488766000,57.2447149200,55.5436445800,55.8394829000,56.9488766000,8632300,65282316.2400,1.437300,1,-1.948100,22.439185,3.721241,2.951732,-47.223863,0
2022-09-13,sz.300160,56.0613616400,56.5051191200,54.9519679400,55.2478062600,55.8394829000,8543702,64147334.9000,1.422500,1,-1.059600,22.201419,3.681811,2.920456,-46.723478,0
2022-09-14,sz.300160,54.2863317200,54.8040487800,53.6206955000,53.9165338200,55.2478062600,8397851,61441350.0000,1.398200,1,-2.409600,21.666445,3.593093,2.850083,-45.597611,0
2022-09-15,sz.300160,54.0644529800,54.3602913000,51.1800293600,52.0675443200,53.9165338200,12153044,86212735.8000,2.023500,1,-3.429400,20.923425,3.469873,2.752344,-44.033907,0
2022-09-16,sz.300160,51.9935847400,52.0675443200,50.5143931400,50.5883527200,52.0675443200,8224500,56961047.0000,1.369400,1,-2.840900,20.329010,3.371297,2.674152,-42.782943,0
2022-09-19,sz.300160,50.1445952400,50.7362718800,49.5529186000,50.2925144000,50.5883527200,7097708,48083231.5200,1.181800,1,-0.584800,20.210127,3.351582,2.658514,-42.532751,0
2022-09-20,sz.300160,50.4404335600,51.9935847400,50.4404335600,51.6237868400,50.2925144000,8964381,62289159.3600,1.492600,1,2.647100,20.745101,3.440300,2.728886,-43.658618,0
2022-09-21,sz.300160,51.3279485200,51.9935847400,51.0321102000,51.7717060000,51.6237868400,7104888,49612446.2000,1.182900,1,0.286500,20.804542,3.450158,2.736706,-43.783714,0
2022-09-22,sz.300160,51.4758676800,54.1384125600,51.1060697800,53.1029784400,51.7717060000,14488720,103827071.8000,2.412300,1,2.571400,21.339516,3.538876,2.807078,-44.909581,0
2022-09-23,sz.300160,53.7686146600,53.9904934000,50.8102314600,51.5498272600,53.1029784400,10689248,75239596.4800,1.779700,1,-2.924800,20.715380,3.435371,2.724977,-43.596070,0
2022-09-26,sz.300160,50.8102314600,52.1415039000,50.4404335600,50.7362718800,51.5498272600,7289400,50597343.0000,1.213700,1,-1.578200,20.388451,3.381155,2.681971,-42.908040,0
2022-09-27,sz.300160,51.1060697800,51.9196251600,50.5143931400,51.5498272600,50.7362718800,7472120,51603196.4000,1.244100,1,1.603500,20.715380,3.435371,2.724977,-43.596070,0
2022-09-28,sz.300160,51.1800293600,51.8456655800,49.6268781800,49.6268781800,51.5498272600,8456200,57700032.0000,1.407900,1,-3.730300,19.942640,3.307223,2.623328,-41.969817,0
2022-09-29,sz.300160,50.5143931400,50.7362718800,49.4789590200,50.1445952400,49.6268781800,7784412,52643418.6000,1.296100,1,1.043200,20.150685,3.341724,2.650695,-42.407654,0
2022-09-30,sz.300160,49.9227165000,50.3664739800,48.5914440600,48.5914440600,50.1445952400,9125085,60997727.2900,1.519300,1,-3.097300,19.526549,3.238219,2.568594,-41.094143,0
2022-10-10,sz.300160,48.5914440600,49.2570802800,48.2956057400,48.5914440600,48.5914440600,9406200,62146394.0000,1.566100,1,0.000000,19.526549,3.238219,2.568594,-41.094143,0
2022-10-11,sz.300160,48.5914440600,49.9227165000,47.4820503600,49.7747973400,48.5914440600,9084000,60038085.0000,1.512500,1,2.435300,20.002081,3.317080,2.631147,-42.094914,0
2022-10-12,sz.300160,49.1831207000,50.4404335600,47.7039291000,50.4404335600,49.7747973400,13898000,91904328.0000,2.314000,1,1.337300,20.269568,3.361439,2.666333,-42.657847,0
2022-10-13,sz.300160,49.5529186000,51.4019081000,49.3310398600,50.4404335600,50.4404335600,13808033,94472339.7000,2.299000,1,0.000000,20.269568,3.361439,2.666333,-42.657847,0
2022-10-14,sz.300160,50.6623123000,52.2154634800,50.5143931400,51.4019081000,50.4404335600,14426700,99971298.0000,2.402000,1,1.906200,20.655938,3.425514,2.717158,-43.470973,0
2022-10-17,sz.300160,50.8102314600,51.6237868400,50.8102314600,51.4758676800,51.4019081000,11661436,80783703.4400,1.941600,1,0.143900,20.685659,3.430442,2.721067,-43.533521,0
2022-10-18,sz.300160,51.5498272600,52.2894230600,50.9581506200,51.8456655800,51.4758676800,11232133,78450749.6700,1.870100,1,0.718400,20.834263,3.455086,2.740615,-43.846262,0
2022-10-19,sz.300160,51.5498272600,51.9196251600,51.1060697800,51.1060697800,51.8456655800,7804661,54335668.5600,1.299500,1,-1.426500,20.537055,3.405798,2.701519,-43.220781,0
2022-10-20,sz.300160,50.8102314600,51.1060697800,49.4789590200,50.4404335600,51.1060697800,10696848,72839370.5600,1.781000,1,-1.302500,20.269568,3.361439,2.666333,-42.657847,0
2022-10-21,sz.300160,50.3664739800,51.6977464200,50.1445952400,51.4019081000,50.4404335600,10711748,73921771.6000,1.783500,1,1.906200,20.655938,3.425514,2.717158,-43.470973,0
2022-10-24,sz.300160,51.4758676800,52.0675443200,49.5529186000,49.8487569200,51.4019081000,15235500,104827703.4000,2.536700,1,-3.021600,20.031802,3.322009,2.635056,-42.157462,0
2022-10-25,sz.300160,49.2570802800,50.0706356600,47.9997674200,49.4049994400,49.8487569200,14308520,94627197.8000,2.382300,1,-0.890200,20.955279,3.189209,2.601291,28.762149,0
2022-10-26,sz.300160,49.4049994400,51.0321102000,49.2570802800,50.2925144000,49.4049994400,12944020,88002081.6000,2.155200,1,1.796400,21.331721,3.246500,2.648021,29.278834,0
2022-10-27,sz.300160,50.3664739800,51.4019081000,50.1445952400,50.2925144000,50.2925144000,9377900,64385942.0000,1.561400,1,0.000000,21.331721,3.246500,2.648021,29.278834,0
2022-10-28,sz.300160,50.1445952400,50.1445952400,46.2986970800,46.8903737200,50.2925144000,15985840,103928469.4000,2.661600,1,-6.764700,19.888693,3.026884,2.468890,27.298207,0
2022-10-31,sz.300160,46.8164141400,47.8518482600,46.5945354000,47.7039291000,46.8903737200,9363809,59864471.5700,1.559100,1,1.735000,20.233765,3.079400,2.511726,27.771835,0
2022-11-01,sz.300160,47.7778886800,49.4049994400,47.7039291000,49.4049994400,47.7039291000,11858340,78016953.8000,1.974400,1,3.565900,20.955279,3.189209,2.601291,28.762149,0
2022-11-02,sz.300160,49.0352015400,50.0706356600,49.0352015400,49.9227165000,49.4049994400,9890800,66271430.0000,1.646800,1,1.047900,21.174871,3.222628,2.628550,29.063549,0
2022-11-03,sz.300160,49.4049994400,50.4404335600,49.1831207000,50.3664739800,49.9227165000,9761648,65863116.0400,1.625300,1,0.888900,21.363092,3.251274,2.651915,29.321891,0
2022-11-04,sz.300160,51.4758676800,52.5113018000,50.3664739800,52.2154634800,50.3664739800,25076436,175508569.0500,4.175200,1,3.671100,22.147346,3.370631,2.749269,30.398319,0
2022-11-07,sz.300160,52.2154634800,52.2154634800,51.2539889400,51.6977464200,52.2154634800,16185009,113099008.8200,2.694800,1,-0.991500,21.927755,3.337211,2.722010,30.096919,0
2022-11-08,sz.300160,51.6237868400,51.6237868400,50.8841910400,51.1800293600,51.6977464200,9186725,63483822.2500,1.529600,1,-1.001400,21.708164,3.303791,2.694751,29.795520,0
2022-11-09,sz.300160,51.2539889400,51.4019081000,50.8841910400,51.0321102000,51.1800293600,6405325,44250860.2500,1.066500,1,-0.289000,21.645423,3.294242,2.686962,29.709405,0
2022-11-10,sz.300160,50.8102314600,51.1060697800,50.4404335600,50.6623123000,51.0321102000,7760200,53232002.0000,1.292100,1,-0.724600,21.488572,3.270371,2.667492,29.494120,0
2022-11-11,sz.300160,51.4019081000,51.8456655800,50.7362718800,51.4019081000,50.6623123000,15445440,107327760.4000,2.571600,1,1.459900,21.802274,3.318114,2.706433,29.924691,0
2022-11-14,sz.300160,51.6237868400,52.5113018000,50.7362718800,50.8841910400,51.4019081000,20766786,145520125.8200,3.457600,1,-1.007200,21.582683,3.284694,2.679174,29.623291,0
2022-11-15,sz.300160,50.4404335600,51.5498272600,49.8487569200,51.5498272600,50.8841910400,13328247,91848224.3400,2.219100,1,1.308100,21.865014,3.327662,2.714221,30.010805,0
2022-11-16,sz.300160,51.4019081000,51.5498272600,50.9581506200,51.1060697800,51.5498272600,9045000,62670897.0000,1.506000,1,-0.860800,21.676793,3.299017,2.690857,29.752462,0
2022-11-17,sz.300160,50.9581506200,50.9581506200,50.0706356600,50.5883527200,51.1060697800,9089500,62049443.6000,1.513400,1,-1.013000,21.457202,3.265597,2.663598,29.451063,0
2022-11-18,sz.300160,50.7362718800,50.9581506200,49.6268781800,49.7008377600,50.5883527200,7704675,52420164.8000,1.282800,1,-1.754400,21.080760,3.208306,2.616868,28.934377,0
2022-11-21,sz.300160,49.6268781800,49.8487569200,48.8872823800,49.7747973400,49.7008377600,5858800,39101123.0000,0.975500,1,0.148800,21.112130,3.213080,2.620762,28.977434,0
2022-11-22,sz.300160,49.7747973400,49.8487569200,48.4435249000,48.5914440600,49.7747973400,8987800,59633926.0000,1.496400,1,-2.377400,20.610207,3.136692,2.558456,28.288521,0
2022-11-23,sz.300160,48.5174844800,49.5529186000,47.7778886800,49.5529186000,48.5914440600,10029253,65985188.1500,1.669800,1,1.978700,21.018020,3.198757,2.609079,28.848263,0
2022-11-24,sz.300160,49.9227165000,49.9227165000,48.9612419600,49.0352015400,49.5529186000,7004403,46803854.8900,1.166200,1,-1.044800,20.798428,3.165337,2.581820,28.546863,0
2022-11-25,sz.300160,48.9612419600,49.0352015400,48.4435249000,48.4435249000,49.0352015400,5099000,33544608.0000,0.849000,1,-1.206600,20.547467,3.127143,2.550667,28.202407,0
2022-11-28,sz.300160,47.9997674200,48.2216461600,47.3341312000,47.9997674200,48.4435249000,4322800,27975850.0000,0.719700,1,-0.916000,20.359246,3.098497,2.527302,27.944064,0
2022-11-29,sz.300160,48.1476865800,49.1091611200,48.0737270000,49.0352015400,47.9997674200,6350400,41916166.8000,1.057300,1,2.157200,20.798428,3.165337,2.581820,28.546863,0
2022-11-30,sz.300160,49.1091611200,49.3310398600,48.7393632200,48.9612419600,49.0352015400,5527100,36662992.0000,0.920300,1,-0.150800,20.767058,3.160563,2.577926,28.503806,0
2022-12-01,sz.300160,49.1831207000,49.6268781800,49.1831207000,49.2570802800,48.9612419600,6427020,42884411.6000,1.070100,1,0.604200,20.892539,3.179660,2.593503,28.676035,0
2022-12-02,sz.300160,49.0352015400,49.4049994400,49.0352015400,49.4049994400,49.2570802800,5689800,37923840.0000,0.947300,1,0.300300,20.955279,3.189209,2.601291,28.762149,0
2022-12-05,sz.300160,49.5529186000,49.7747973400,49.4049994400,49.7008377600,49.4049994400,6677800,44792549.0000,1.111800,1,0.598800,21.080760,3.208306,2.616868,28.934377,0
2022-12-06,sz.300160,49.5529186000,49.7747973400,49.3310398600,49.4789590200,49.7008377600,5226103,35020938.0700,0.870100,1,-0.446400,20.986649,3.193983,2.605185,28.805206,0
2022-12-07,sz.300160,49.2570802800,52.2154634800,49.1831207000,51.9196251600,49.4789590200,28304434,195304863.7800,4.712600,1,4.932700,22.021865,3.351533,2.733692,30.226091,0
2022-12-08,sz.300160,52.2154634800,52.7331805400,50.9581506200,51.1800293600,51.9196251600,18662100,130776277.0000,3.107200,1,-1.424500,21.708164,3.303791,2.694751,29.795520,0
2022-12-09,sz.300160,51.4019081000,51.8456655800,50.5883527200,51.0321102000,51.1800293600,10703500,73832891.1100,1.782100,1,-0.289000,21.645423,3.294242,2.686962,29.709405,0
2022-12-12,sz.300160,51.1800293600,51.5498272600,50.3664739800,51.2539889400,51.0321102000,7983586,55076701.2100,1.329300,1,0.434800,21.739534,3.308565,2.698645,29.838577,0
2022-12-13,sz.300160,51.1060697800,51.3279485200,50.4404335600,50.6623123000,51.2539889400,8555900,58862026.0000,1.424500,1,-1.154400,21.488572,3.270371,2.667492,29.494120,0
2022-12-14,sz.300160,50.6623123000,50.8841910400,49.9227165000,50.0706356600,50.6623123000,5469800,37297308.0000,0.910700,1,-1.167900,21.237611,3.232177,2.636339,29.149663,0
2022-12-15,sz.300160,50.0706356600,50.6623123000,49.9966760800,50.4404335600,50.0706356600,4726000,32118101.0000,0.786900,1,0.738600,21.394462,3.256048,2.655809,29.364948,0
2022-12-16,sz.300160,50.1445952400,50.3664739800,49.1831207000,49.3310398600,50.4404335600,6044760,40509757.4000,1.006400,1,-2.199400,20.923909,3.184434,2.597397,28.719092,0
2022-12-19,sz.300160,49.4049994400,49.6268781800,47.8518482600,48.0737270000,49.3310398600,5672040,37240896.4000,0.944400,1,-2.548700,20.390616,3.103272,2.531197,27.987121,0
2022-12-20,sz.300160,47.9258078400,48.5174844800,47.5560099400,48.2956057400,48.0737270000,3322821,21594238.7300,0.553200,1,0.461500,20.484727,3.117595,2.542879,28.116292,0
2022-12-21,sz.300160,48.3695653200,48.5914440600,47.1862120400,47.4080907800,48.2956057400,4957981,31932126.0700,0.825500,1,-1.837700,20.108284,3.060303,2.496149,27.599607,0
2022-12-22,sz.300160,47.7039291000,47.7778886800,46.8903737200,47.1862120400,47.4080907800,5181747,33113736.8000,0.862700,1,-0.468000,20.014174,3.045981,2.484467,27.470436,0
2022-12-23,sz.300160,46.9643333000,47.7039291000,46.1507779200,46.6684949800,47.1862120400,7386800,46692267.0000,1.229900,1,-1.097200,19.794583,3.012561,2.457208,27.169036,0
2022-12-26,sz.300160,46.5945354000,47.4080907800,46.5945354000,47.4080907800,46.6684949800,3984854,25378772.9800,0.663500,1,1.584800,20.108284,3.060303,2.496149,27.599607,0
2022-12-27,sz.300160,47.2601716200,47.7039291000,46.8164141400,47.4080907800,47.4080907800,4727000,30141144.0000,0.787000,1,0.000000,20.108284,3.060303,2.496149,27.599607,0
2022-12-28,sz.300160,47.1862120400,47.1862120400,46.5945354000,46.6684949800,47.4080907800,3937301,24902182.7100,0.655600,1,-1.560100,19.794583,3.012561,2.457208,27.169036,0
2022-12-29,sz.300160,46.4466162400,46.7424545600,46.1507779200,46.1507779200,46.6684949800,3613500,22681762.0000,0.601600,1,-1.109400,19.574991,2.979141,2.429949,26.867636,0
2022-12-30,sz.300160,46.3726566600,46.7424545600,46.1507779200,46.4466162400,46.1507779200,2832301,17743687.2600,0.471600,1,0.641000,19.700472,2.998238,2.445525,27.039865,0
2023-01-03,sz.300160,46.4466162400,47.4820503600,46.2986970800,47.4820503600,46.4466162400,4816820,30723202.0000,0.802000,1,2.229300,20.139655,3.065078,2.500043,27.642664,0
2023-01-04,sz.300160,47.4820503600,48.1476865800,47.2601716200,48.0737270000,47.4820503600,5965200,38579945.0000,0.993200,1,1.246100,20.390616,3.103272,2.531197,27.987121,0
2023-01-05,sz.300160,48.0737270000,48.3695653200,47.7039291000,48.1476865800,48.0737270000,3940703,25602500.4100,0.656100,1,0.153800,25.535106,3.886218,3.169810,35.048186,0
2023-01-06,sz.300160,48.2216461600,49.1091611200,47.9258078400,48.1476865800,48.1476865800,9000201,59117923.5300,1.498500,1,0.000000,25.535106,3.886218,3.169810,35.048186,0
2023-01-09,sz.300160,48.4435249000,48.8872823800,48.2956057400,48.4435249000,48.1476865800,5374400,35238438.0000,0.894800,1,0.614400,25.692004,3.910096,3.189286,35.263536,0
2023-01-10,sz.300160,49.2570802800,49.5529186000,48.5174844800,48.5914440600,48.4435249000,7431820,49285105.4000,1.237400,1,0.305300,25.770453,3.922035,3.199024,35.371211,0
2023-01-11,sz.300160,48.4435249000,48.8872823800,48.1476865800,48.2216461600,48.5914440600,4923900,32306253.0000,0.819800,1,-0.761000,25.574331,3.892187,3.174679,35.102024,0
2023-01-12,sz.300160,48.5174844800,48.6654036400,47.7778886800,48.5174844800,48.2216461600,4755766,31066060.3200,0.791800,1,0.613500,25.731228,3.916066,3.194155,35.317374,0
2023-01-13,sz.300160,48.5914440600,48.7393632200,47.9258078400,48.2216461600,48.5174844800,3573500,23354387.0000,0.595000,1,-0.609800,25.574331,3.892187,3.174679,35.102024,0
2023-01-16,sz.300160,48.4435249000,49.0352015400,48.2216461600,48.8133228000,48.2216461600,4660500,30727117.0000,0.776000,1,1.227000,25.888126,3.939944,3.213632,35.532723,0
2023-01-17,sz.300160,48.8133228000,49.0352015400,48.2956057400,48.5174844800,48.8133228000,3507700,23047581.0000,0.583700,1,-0.606100,25.731228,3.916066,3.194155,35.317374,0
2023-01-18,sz.300160,48.5914440600,48.8872823800,48.4435249000,48.6654036400,48.5174844800,3610411,23756501.1600,0.600800,1,0.304900,25.809677,3.928005,3.203894,35.425048,0
2023-01-19,sz.300160,48.5174844800,49.0352015400,48.2216461600,48.9612419600,48.6654036400,3382311,22300547.8200,0.562900,1,0.607900,25.966575,3.951883,3.223370,35.640398,0
2023-01-20,sz.300160,49.0352015400,49.7008377600,48.8872823800,49.6268781800,48.9612419600,6160014,41083955.1100,1.013900,1,1.359500,26.319595,4.005610,3.267192,36.124935,0
2023-01-30,sz.300160,50.3664739800,50.7362718800,49.9227165000,50.5883527200,49.6268781800,8973270,61241880.4300,1.477000,1,1.937400,26.829513,4.083215,3.330491,36.824822,0
2023-01-31,sz.300160,50.5143931400,51.0321102000,50.4404335600,50.8841910400,50.5883527200,7380011,50647564.2400,1.214700,1,0.584800,26.986410,4.107093,3.349968,37.040172,0
2023-02-01,sz.300160,51.1060697800,51.9935847400,50.8841910400,51.6977464200,50.8841910400,10819271,75366525.4700,1.780800,1,1.598800,27.417879,4.172759,3.403528,37.632384,0
2023-02-02,sz.300160,51.6977464200,51.7717060000,50.8841910400,51.2539889400,51.6977464200,7659772,53080490.2900,1.260800,1,-0.858400,27.182532,4.136941,3.374314,37.309360,0
2023-02-03,sz.300160,51.1060697800,55.3217658400,50.3664739800,53.9165338200,51.2539889400,29312737,208850685.0100,4.824800,1,5.194800,28.594612,4.351848,3.549603,39.247508,0
2023-02-06,sz.300160,53.5467359200,55.0998871000,52.7331805400,53.1029784400,53.9165338200,28275550,205258318.6400,4.654100,1,-1.508900,28.163143,4.286182,3.496042,38.655296,0
2023-02-07,sz.300160,53.2508976000,53.6206955000,52.6592209600,53.3988167600,53.1029784400,12161260,87517766.9400,2.001700,1,0.557100,28.320041,4.310060,3.515519,38.870646,0
2023-02-08,sz.300160,53.2508976000,60.6468556000,52.7331805400,57.6884724000,53.3988167600,52315385,402550288.9700,8.611100,1,8.033200,30.595058,4.656298,3.797929,41.993219,0
2023-02-09,sz.300160,58.7978661000,63.6052388000,58.7978661000,60.1291385400,57.6884724000,69831411,570355263.8500,11.494200,1,4.230800,31.889465,4.853295,3.958610,43.769855,0
2023-02-10,sz.300160,59.3155831600,59.5374619000,57.3186745000,57.9103511400,60.1291385400,40060904,315482150.6300,6.594000,1,-3.690000,30.712732,4.674207,3.812536,42.154731,0
2023-02-13,sz.300160,57.5405532400,58.5759873600,57.5405532400,57.7624319800,57.9103511400,21350823,167167406.5400,3.514300,1,-0.255400,30.634283,4.662267,3.802798,42.047056,0
2023-02-14,sz.300160,57.5405532400,61.2385322400,56.8009574400,60.1291385400,57.7624319800,38720760,311826990.1900,6.373400,1,4.097300,31.889465,4.853295,3.958610,43.769855,0
2023-02-15,sz.300160,59.6114214800,59.9812193800,58.8718256800,59.5374619000,60.1291385400,21092071,169055870.4200,3.471700,1,-0.984000,31.575669,4.805538,3.919657,43.339155,0
2023-02-16,sz.300160,58.5020277800,58.8718256800,55.5436445800,55.9134424800,59.5374619000,31050150,240595764.4100,5.110800,1,-6.087000,29.653672,4.513027,3.681069,40.701120,0
2023-02-17,sz.300160,56.0613616400,58.5759873600,55.9874020600,57.3186745000,55.9134424800,24354891,189093341.3600,4.008800,1,2.513200,30.398936,4.626450,3.773583,41.724031,0
2023-02-20,sz.300160,57.3926340800,59.6853810600,56.2832403800,59.6853810600,57.3186745000,27782440,220401036.5600,4.573000,1,4.129000,31.654118,4.817477,3.929395,43.446830,0
2023-02-21,sz.300160,59.1676640000,63.4573196400,58.5759873600,61.9781280400,59.6853810600,48750617,404217273.8300,8.024300,1,3.841400,32.870075,5.002535,4.080339,45.115791,0
2023-02-22,sz.300160,61.3124918200,61.7562493000,59.9812193800,60.9426939200,61.9781280400,28829781,236616657.8500,4.745400,1,-1.670600,32.320933,4.918961,4.012171,44.362067,0
2023-02-23,sz.300160,60.4249768600,61.6083301400,60.1291385400,60.6468556000,60.9426939200,19881151,163379861.6700,3.272400,1,-0.485400,32.164036,4.895082,3.992694,44.146717,0
2023-02-24,sz.300160,60.1291385400,60.9426939200,58.5759873600,59.0197448400,60.6468556000,21328500,171063314.0000,3.510600,1,-2.682900,31.301098,4.763751,3.885573,42.962293,0
2023-02-27,sz.300160,58.7239065200,60.3510172800,58.5759873600,59.0197448400,59.0197448400,17467511,140318157.5500,2.875100,1,0.000000,31.301098,4.763751,3.885573,42.962293,0
2023-02-28,sz.300160,59.0197448400,59.8333002200,57.9843107200,59.4635023200,59.0197448400,17828280,142450653.4000,2.934500,1,0.751900,34.019068,4.799568,4.138156,43.285318,0
2023-03-01,sz.300160,59.3895427400,61.0166535000,58.5020277800,60.5728960200,59.4635023200,24969720,201820720.6000,4.110000,1,1.865700,34.653752,4.889113,4.215360,44.092879,0
2023-03-02,sz.300160,58.7978661000,58.7978661000,51.3279485200,55.9874020600,60.5728960200,38430931,291380637.2600,6.325700,1,-7.570200,32.030391,4.518997,3.896249,40.754957,0
2023-03-03,sz.300160,55.9874020600,56.2092808000,54.5821700400,55.6915637400,55.9874020600,17894100,133939824.4000,2.945300,1,-0.528400,31.861142,4.495118,3.875661,40.539607,0
2023-03-06,sz.300160,55.6176041600,55.9874020600,54.5821700400,54.8780083600,55.6915637400,10735530,79932815.7700,1.767100,1,-1.460800,31.395707,4.429452,3.819044,39.947395,0
2023-03-07,sz.300160,55.0998871000,55.0998871000,53.0290188600,53.1769380200,54.8780083600,13418854,97613459.9000,2.208700,1,-3.099700,30.422525,4.292151,3.700664,38.709134,0
2023-03-08,sz.300160,53.2508976000,53.7686146600,52.8810997000,53.6946550800,53.1769380200,6307800,45570458.0000,1.038300,1,0.973600,30.718711,4.333939,3.736693,39.085996,0
2023-03-09,sz.300160,53.8425742400,54.8040487800,53.3248571800,54.7300892000,53.6946550800,12364820,90583760.8000,2.035200,1,1.928400,31.311083,4.417513,3.808750,39.839720,0
2023-03-10,sz.300160,54.3602913000,54.7300892000,53.2508976000,53.2508976000,54.7300892000,11995779,87251421.8000,1.974500,1,-2.702700,30.464837,4.298121,3.705811,38.762971,0
2023-03-13,sz.300160,52.4373422200,53.2508976000,52.2154634800,52.9550592800,53.2508976000,6855200,48834476.0000,1.128400,1,-0.555600,30.295588,4.274243,3.685223,38.547621,0
2023-03-14,sz.300160,52.8810997000,52.8810997000,51.4758676800,51.9935847400,52.9550592800,8738500,61451157.0000,1.438300,1,-1.815600,29.745528,4.196638,3.618313,37.847734,0
2023-03-15,sz.300160,52.1415039000,53.1769380200,52.1415039000,52.7331805400,51.9935847400,6654200,47470847.0000,1.095300,1,1.422500,30.168651,4.256334,3.669782,38.386109,0
2023-03-16,sz.300160,52.5852613800,52.6592209600,51.6237868400,51.6977464200,52.7331805400,6052800,42635514.0000,0.996300,1,-1.963500,29.576279,4.172759,3.597725,37.632384,0
2023-03-17,sz.300160,51.9935847400,52.2154634800,51.5498272600,51.6977464200,51.6977464200,6279300,44064929.0000,1.033600,1,0.000000,29.576279,4.172759,3.597725,37.632384,0
2023-03-20,sz.300160,51.9935847400,51.9935847400,51.0321102000,51.4758676800,51.6977464200,6187400,43061231.0000,1.018400,1,-0.429200,29.449343,4.154850,3.582284,37.470872,0
2023-03-21,sz.300160,51.6237868400,52.6592209600,51.4019081000,52.6592209600,51.4758676800,6432300,45452477.0000,1.058700,1,2.298900,30.126339,4.250364,3.664635,38.332271,0
2023-03-22,sz.300160,52.8810997000,53.2508976000,52.1415039000,52.5113018000,52.6592209600,8009900,57040118.0000,1.318400,1,-0.280900,30.041714,4.238425,3.654342,38.224596,0
2023-03-23,sz.300160,52.2154634800,53.1029784400,52.1415039000,52.9550592800,52.5113018000,8039220,57280610.4000,1.323200,1,0.845100,30.295588,4.274243,3.685223,38.547621,0
2023-03-24,sz.300160,53.3248571800,55.3217658400,52.9550592800,54.7300892000,52.9550592800,20480623,150609806.6700,3.371100,1,3.352000,31.311083,4.417513,3.808750,39.839720,0
2023-03-27,sz.300160,54.1384125600,55.4696850000,53.9904934000,55.0259275200,54.7300892000,12496531,92583195.3300,2.056900,1,0.540500,31.480332,4.441392,3.829338,40.055070,0
2023-03-28,sz.300160,55.0998871000,56.5790787000,53.9165338200,55.1738466800,55.0259275200,14964240,111541485.0000,2.463100,1,0.268800,31.564956,4.453331,3.839632,40.162745,0
2023-03-29,sz.300160,55.0259275200,55.9134424800,54.0644529800,54.5082104600,55.1738466800,10175220,75583696.2000,1.674800,1,-1.206400,31.184146,4.399604,3.793309,39.678208,0
2023-03-30,sz.300160,54.2863317200,54.5821700400,53.1769380200,53.8425742400,54.5082104600,8120655,58941624.4500,1.336700,1,-1.221200,30.803335,4.345878,3.746987,39.193671,0
2023-03-31,sz.300160,53.9904934000,56.2092808000,53.5467359200,55.6915637400,53.8425742400,15069826,112052361.1600,2.480500,1,3.434100,31.861142,4.495118,3.875661,40.539607,0
2023-04-03,sz.300160,54.8780083600,55.3217658400,54.6561296200,55.1738466800,55.6915637400,10944771,81444021.9200,1.801500,1,-0.929600,31.564956,4.453331,3.839632,40.162745,0
2023-04-04,sz.300160,55.3217658400,55.3217658400,53.2508976000,53.3248571800,55.1738466800,12858203,93653221.8100,2.116400,1,-3.351200,30.507149,4.304091,3.710958,38.816808,0
2023-04-06,sz.300160,52.8810997000,53.1769380200,51.5498272600,51.9196251600,53.3248571800,14078003,99241000.9400,2.317200,1,-2.635200,29.703216,4.190668,3.613166,37.793897,0
2023-04-07,sz.300160,51.9196251600,52.6592209600,51.9196251600,52.6592209600,51.9196251600,6089250,43179749.5000,1.002300,1,1.424500,30.126339,4.250364,3.664635,38.332271,0
2023-04-10,sz.300160,52.5113018000,52.8071401200,51.6237868400,51.7717060000,52.6592209600,7201500,50736074.4000,1.185400,1,-1.685400,29.618592,4.178729,3.602872,37.686222,0
2023-04-11,sz.300160,51.4758676800,52.1415039000,51.4758676800,51.9935847400,51.7717060000,4311900,30211228.0000,0.709700,1,0.428600,29.745528,4.196638,3.618313,37.847734,0
2023-04-12,sz.300160,52.4373422200,52.5113018000,51.7717060000,52.0675443200,51.9935847400,5332213,37512536.2600,0.877700,1,0.142200,29.554015,2.424924,3.610706,66.899063,0
2023-04-13,sz.300160,52.2154634800,52.2154634800,51.1060697800,51.1060697800,52.0675443200,6951000,48405609.0000,1.144100,1,-1.846600,29.008274,2.380145,3.544031,65.663711,0
2023-04-14,sz.300160,51.3279485200,52.3633826400,50.8841910400,52.3633826400,51.1060697800,7235013,50432813.8300,1.190900,1,2.460200,29.721936,2.438702,3.631221,67.279172,0
2023-04-17,sz.300160,51.9935847400,52.5852613800,51.9196251600,52.2894230600,52.3633826400,5607033,39651605.6400,0.922900,1,-0.141200,29.679956,2.435257,3.626092,67.184144,0
2023-04-18,sz.300160,52.2894230600,52.7331805400,52.1415039000,52.5852613800,52.2894230600,5431200,38512900.0000,0.894000,1,0.565800,29.847876,2.449035,3.646608,67.564253,0
2023-04-19,sz.300160,52.2894230600,52.4373422200,51.6977464200,51.9196251600,52.5852613800,4520732,31788429.6000,0.744100,1,-1.265800,29.470055,2.418035,3.600448,66.709009,0
2023-04-20,sz.300160,51.5498272600,51.8456655800,50.7362718800,50.8102314600,51.9196251600,7619907,52643097.0200,1.254200,1,-2.136800,28.840353,2.366367,3.523516,65.283603,0
2023-04-21,sz.300160,51.0321102000,51.0321102000,49.2570802800,49.2570802800,50.8102314600,8387432,56584672.9700,1.380600,1,-3.056800,27.958770,2.294033,3.415810,63.288034,0
2023-04-24,sz.300160,49.4049994400,50.2925144000,49.2570802800,49.4789590200,49.2570802800,3803600,25557028.0000,0.626100,1,0.450500,28.084711,2.304366,3.431196,63.573115,0
2023-04-25,sz.300160,49.4049994400,50.5883527200,48.2216461600,48.7393632200,49.4789590200,6250379,41604645.6100,1.028800,1,-1.494800,27.664909,2.269922,3.379908,62.622845,0
2023-04-26,sz.300160,48.5914440600,49.7008377600,48.2956057400,49.4049994400,48.7393632200,5116700,34081348.0000,0.842200,1,1.365700,28.042731,2.300922,3.426068,63.478088,0
2023-04-27,sz.300160,49.2570802800,49.9227165000,48.7393632200,48.7393632200,49.4049994400,5691800,37944767.0000,0.936900,1,-1.347300,27.218416,2.196822,3.542740,10.716528,0
2023-04-28,sz.300160,48.7393632200,49.9227165000,48.6654036400,49.8487569200,48.7393632200,8095253,54091130.7200,1.332500,1,2.276200,27.837955,2.246826,3.623379,10.960455,0
2023-05-04,sz.300160,49.9966760800,50.6623123000,49.7008377600,50.5143931400,49.8487569200,8122053,55245424.9000,1.336900,1,1.335300,28.209679,2.276828,3.671762,11.106811,0
2023-05-05,sz.300160,50.2185548200,50.2925144000,49.2570802800,49.7747973400,50.5143931400,6605600,44355734.0000,1.087300,1,-1.464100,27.796653,2.243492,3.618003,10.944193,0
2023-05-08,sz.300160,49.7747973400,50.2925144000,49.7747973400,50.1445952400,49.7747973400,4036000,27335845.0000,0.664300,1,0.742900,28.003166,2.260160,3.644883,11.025502,0
2023-05-09,sz.300160,50.2925144000,50.3664739800,49.1831207000,49.1831207000,50.1445952400,6373968,42577825.8800,1.049100,1,-1.917400,27.466232,2.216824,3.574996,10.814099,0
2023-05-10,sz.300160,49.1831207000,49.9227165000,48.8872823800,49.6268781800,49.1831207000,3815668,25514232.6400,0.628100,1,0.902300,27.714047,2.236825,3.607251,10.911670,0
2023-05-11,sz.300160,49.7008377600,49.8487569200,49.3310398600,49.7008377600,49.6268781800,3059268,20513185.6000,0.503600,1,0.149000,27.755350,2.240159,3.612627,10.927932,0
2023-05-12,sz.300160,49.4049994400,49.7008377600,49.2570802800,49.3310398600,49.7008377600,2747100,18355197.0000,0.452200,1,-0.744000,27.548837,2.223491,3.585747,10.846623,0
2023-05-15,sz.300160,49.1831207000,49.8487569200,49.1831207000,49.8487569200,49.3310398600,3887903,26065708.1300,0.639900,1,1.049500,27.837955,2.246826,3.623379,10.960455,0
2023-05-16,sz.300160,50.2241246700,50.2241246700,49.5484638000,49.5484638000,49.8487575200,4033050,26804648.0000,0.663800,1,-0.602400,27.259719,2.200156,3.548116,10.732790,0
2023-05-17,sz.300160,49.9238309500,50.7496386800,49.5484638000,50.5994918200,49.5484638000,5806553,38898629.1300,0.955800,1,2.121200,27.837955,2.246826,3.623379,10.960455,0
2023-05-18,sz.300160,50.6745652500,50.8997855400,50.1490512400,50.6745652500,50.5994918200,4852187,32628737.1800,0.798700,1,0.148400,27.879258,2.250159,3.628755,10.976717,0
2023-05-19,sz.300160,50.5994918200,51.3502261200,50.2241246700,51.2751526900,50.6745652500,7967800,54077434.0000,1.311500,1,1.185200,28.209679,2.276828,3.671762,11.106811,0
2023-05-22,sz.300160,51.2751526900,51.2751526900,50.7496386800,51.0499324000,51.2751526900,6495769,44169016.8200,1.069200,1,-0.439200,28.085771,2.266827,3.655635,11.058026,0
2023-05-23,sz.300160,51.0499324000,51.3502261200,50.5994918200,50.6745652500,51.0499324000,4606100,31235535.0000,0.758200,1,-0.735300,27.879258,2.250159,3.628755,10.976717,0
2023-05-24,sz.300160,50.5244183900,51.3502261200,50.2991981000,50.8247121100,50.6745652500,4603000,31237740.9700,0.757600,1,0.296300,27.961863,2.256826,3.639507,11.009241,0
2023-05-25,sz.300160,50.5244183900,52.4012541400,50.5244183900,51.6505198400,50.8247121100,9668303,66485608.9600,1.591400,1,1.624800,28.416192,2.293496,3.698642,11.188121,0
2023-05-26,sz.300160,51.2000792600,51.3502261200,50.2241246700,51.2000792600,51.6505198400,7274700,49120022.0000,1.197400,1,-0.872100,28.168376,2.273494,3.666386,11.090550,0
2023-05-29,sz.300160,51.2751526900,51.2751526900,50.2241246700,50.3742715300,51.2000792600,4113000,27726294.0000,0.677000,1,-1.612900,27.714047,2.236825,3.607251,10.911670,0
2023-05-30,sz.300160,50.2241246700,50.3742715300,49.3232435100,50.2991981000,50.3742715300,6874969,45676297.6400,1.131600,1,-0.149000,27.672745,2.233491,3.601875,10.895408,0
2023-05-31,sz.300160,49.9989043800,52.0258869900,49.4733903700,51.2000792600,50.2991981000,12161273,82432220.2700,2.001700,1,1.791000,28.168376,2.273494,3.666386,11.090550,0
2023-06-01,sz.300160,50.1490512400,50.8997855400,49.7736840900,50.2991981000,51.2000792600,7570500,50812520.0000,1.246100,1,-1.759500,27.672745,2.233491,3.601875,10.895408,0
2023-06-02,sz.300160,50.6745652500,51.4252995500,50.3742715300,51.0499324000,50.2991981000,6062070,41078608.4000,0.997800,1,1.492500,28.085771,2.266827,3.655635,11.058026,0
2023-06-05,sz.300160,50.9748589700,51.1250058300,50.3742715300,50.5994918200,51.0499324000,4750520,32052171.8000,0.781900,1,-0.882400,27.837955,2.246826,3.623379,10.960455,0
2023-06-06,sz.300160,50.2991981000,50.5994918200,49.6235372300,49.7736840900,50.5994918200,4411300,29378688.8000,0.726100,1,-1.632000,27.383627,2.210156,3.564244,10.781575,0
2023-06-07,sz.300160,49.4733903700,49.9989043800,49.4733903700,49.6986106600,49.7736840900,2654770,17577200.4000,0.437000,1,-0.150800,27.342324,2.206823,3.558868,10.765314,0
2023-06-08,sz.300160,49.3983169400,49.7736840900,49.0980232200,49.3232435100,49.6986106600,3928100,25869717.0000,0.646600,1,-0.755300,27.135811,2.190155,3.531988,10.684005,0
2023-06-09,sz.300160,49.5484638000,49.9238309500,49.0980232200,49.4733903700,49.3232435100,3024400,19927891.0000,0.497800,1,0.304400,27.218416,2.196822,3.542740,10.716528,0
2023-06-12,sz.300160,49.4733903700,50.2991981000,49.3983169400,50.0739778100,49.4733903700,4385268,29164079.4400,0.721800,1,1.214000,27.548837,2.223491,3.585747,10.846623,0
2023-06-13,sz.300160,50.0739778100,50.5994918200,49.9238309500,50.1490512400,50.0739778100,3269200,21867917.6800,0.538100,1,0.149900,27.590140,2.226824,3.591123,10.862884,0
2023-06-14,sz.300160,49.9989043800,50.0739778100,49.4733903700,49.4733903700,50.1490512400,3968500,26228513.0000,0.653200,1,-1.347300,27.218416,2.196822,3.542740,10.716528,0
2023-06-15,sz.300160,49.4733903700,50.2241246700,49.2481700800,50.2241246700,49.4733903700,4826000,32020139.0000,0.794400,1,1.517500,27.631442,2.230158,3.596499,10.879146,0
2023-06-16,sz.300160,50.0739778100,50.2991981000,49.9989043800,50.0739778100,50.2241246700,3904800,26080537.0000,0.642700,1,-0.299000,27.548837,2.223491,3.585747,10.846623,0
2023-06-19,sz.300160,50.0739778100,50.0739778100,49.3983169400,49.3983169400,50.0739778100,4364200,28831923.0000,0.718300,1,-1.349300,27.177114,2.193489,3.537364,10.700266,0
2023-06-20,sz.300160,49.3983169400,49.5484638000,48.4974357800,48.6475826400,49.3983169400,5732170,37457794.8000,0.943500,1,-1.519800,26.764087,2.160153,3.483605,10.537648,0
2023-06-21,sz.300160,48.5725092100,49.5484638000,48.0469952000,48.1971420600,48.6475826400,5130100,33257325.3000,0.844400,1,-0.925900,26.516272,2.140151,3.451349,10.440078,0
2023-06-26,sz.300160,48.1220686300,48.1220686300,46.9959671800,46.9959671800,48.1971420600,5412620,34137252.8000,0.890900,1,-2.492200,25.855430,2.086814,3.365334,10.179889,0
2023-06-27,sz.300160,47.0710406100,47.8217749100,46.8458203200,47.5965546200,46.9959671800,2558900,16198279.0000,0.421200,1,1.278000,26.185851,2.113483,3.408342,10.309983,0
2023-06-28,sz.300160,47.4464077600,47.7467014800,46.3953797400,47.5965546200,47.5965546200,5073200,31818123.0000,0.835000,1,0.000000,26.185851,2.113483,3.408342,10.309983,0
2023-06-29,sz.300160,47.3713343300,48.2722154900,47.2962609000,48.0469952000,47.5965546200,3858670,24675106.6000,0.635100,1,0.946400,26.433667,2.133484,3.440597,10.407554,0
2023-06-30,sz.300160,48.1971420600,48.7977295000,47.8968483400,48.7226560700,48.0469952000,3924250,25404781.0000,0.645900,1,1.406300,26.805390,2.163486,3.488981,10.553910,0
2023-07-03,sz.300160,48.9478763600,50.2241246700,48.7226560700,49.6235372300,48.7226560700,8411180,55374053.2500,1.384500,1,1.849000,27.301021,2.203489,3.553492,10.749052,0
2023-07-04,sz.300160,49.2481700800,49.8487575200,49.0980232200,49.3983169400,49.6235372300,5554869,36539754.7100,0.914300,1,-0.453900,27.177114,2.193489,3.537364,10.700266,0
2023-07-05,sz.300160,49.3983169400,49.5484638000,48.7977295000,48.8728029300,49.3983169400,4880235,31947021.6000,0.803300,1,-1.063800,26.887995,2.170154,3.499732,10.586434,0
2023-07-06,sz.300160,48.9478763600,49.0980232200,48.4974357800,48.7977295000,48.8728029300,2714607,17669659.5000,0.446800,1,-0.153600,26.846693,2.166820,3.494357,10.570172,0
2023-07-07,sz.300160,48.2722154900,48.4974357800,45.8698657300,46.4704531700,48.7977295000,31460493,194479254.3400,4.347900,1,-4.769200,25.566312,2.063479,3.327703,10.066056,0
2023-07-10,sz.300160,46.4704531700,46.8458203200,46.3203063100,46.6956734600,46.4704531700,9944831,61719460.7000,1.374400,1,0.484700,25.690220,2.073480,3.343830,10.114842,0
2023-07-11,sz.300160,46.6956734600,46.9208937500,46.3203063100,46.5455266000,46.6956734600,6642734,41247516.9900,0.918000,1,-0.321500,25.607615,2.066813,3.333079,10.082318,0
2023-07-12,sz.300160,46.6206000300,46.7707468900,46.0200125900,46.0950860200,46.5455266000,7044807,43449052.7400,0.973600,1,-0.967700,25.359799,2.046812,3.300823,9.984747,0
2023-07-13,sz.300160,46.0200125900,46.3203063100,45.8698657300,46.1701594500,46.0950860200,10494045,64515979.7600,1.450300,1,0.162900,25.401102,2.050145,3.306199,10.001009,0
2023-07-14,sz.300160,46.3203063100,46.3203063100,45.9449391600,46.0950860200,46.1701594500,9829260,60313857.8000,1.358400,1,-0.162600,25.359799,2.046812,3.300823,9.984747,0
2023-07-17,sz.300160,45.1942048600,45.1942048600,44.2933237000,44.5185439900,46.0950860200,20998826,124548735.1800,2.902000,1,-3.420200,24.492444,1.976807,3.187928,9.643249,0
2023-07-18,sz.300160,44.5185439900,47.5965546200,44.3683971300,46.6206000300,44.5185439900,25648495,158217925.1700,3.544600,1,4.721800,25.648917,2.070146,3.338454,10.098580,0
2023-07-19,sz.300160,46.8458203200,47.4464077600,45.7947923000,46.9959671800,46.6206000300,19764400,122353741.0800,2.731400,1,0.805200,25.855430,2.086814,3.365334,10.179889,0
2023-07-20,sz.300160,46.8458203200,46.9208937500,46.0200125900,46.0950860200,46.9959671800,9230419,57038554.0700,1.275600,1,-1.916900,25.359799,2.046812,3.300823,9.984747,0
2023-07-21,sz.300160,45.7947923000,46.3203063100,45.7947923000,45.8698657300,46.0950860200,4621376,28325097.1200,0.638700,1,-0.488600,25.235891,2.036811,3.284695,9.935962,0
2023-07-24,sz.300160,45.2692782900,45.7197188700,44.8188377100,44.8939111400,45.8698657300,8294300,49961506.0000,1.146300,1,-2.127700,24.698957,1.993474,3.214808,9.724558,0
2023-07-25,sz.300160,45.2692782900,46.3203063100,45.1191314300,46.2452328800,44.8939111400,9947404,60768560.8000,1.374700,1,3.010000,25.442404,2.053479,3.311575,10.017271,0
2023-07-26,sz.300160,46.0200125900,46.3203063100,45.4944985800,45.6446454400,46.2452328800,7228837,44129344.5800,0.999000,1,-1.298700,25.111983,2.026810,3.268567,9.887176,0
2023-07-27,sz.300160,45.4944985800,46.2452328800,45.3443517200,45.8698657300,45.6446454400,11461675,69886900.7400,1.584000,1,0.493400,25.235891,2.036811,3.284695,9.935962,0
2023-07-28,sz.300160,45.7197188700,46.1701594500,45.1191314300,46.0200125900,45.8698657300,8811794,53659810.4600,1.217800,1,0.327300,25.318496,2.043478,3.295447,9.968485,0
2023-07-31,sz.300160,46.2452328800,46.7707468900,45.9449391600,46.5455266000,46.0200125900,10156038,62829922.6800,1.403600,1,1.141900,25.607615,2.066813,3.333079,10.082318,0
2023-08-01,sz.300160,46.6956734600,46.8458203200,46.0950860200,46.3953797400,46.5455266000,7960593,49126926.9900,1.100200,1,-0.322600,25.525009,2.060146,3.322327,10.049794,0
2023-08-02,sz.300160,46.3953797400,46.6956734600,46.2452328800,46.6206000300,46.3953797400,5366652,33262439.0200,0.741700,1,0.485400,25.648917,2.070146,3.338454,10.098580,0
2023-08-03,sz.300160,46.6206000300,46.6956734600,46.2452328800,46.4704531700,46.6206000300,5176659,31997780.6200,0.715400,1,-0.322100,25.566312,2.063479,3.327703,10.066056,0
2023-08-04,sz.300160,46.6206000300,46.9208937500,46.3953797400,46.6206000300,46.4704531700,7445900,46264249.0000,1.029000,1,0.323100,25.648917,2.070146,3.338454,10.098580,0
2023-08-07,sz.300160,46.4704531700,46.5455266000,45.8698657300,45.9449391600,46.6206000300,5935092,36476236.9600,0.820200,1,-1.449300,25.277194,2.040144,3.290071,9.952223,0
2023-08-08,sz.300160,45.8698657300,46.2452328800,45.3443517200,45.4944985800,45.9449391600,6338532,38494981.5200,0.876000,1,-0.980400,25.029378,2.020143,3.257815,9.854653,0
2023-08-09,sz.300160,45.4194251500,45.4944985800,45.1191314300,45.1942048600,45.4944985800,4914963,29646258.5200,0.679200,1,-0.660100,24.864168,2.006809,3.236312,9.789605,0
2023-08-10,sz.300160,45.0440580000,45.3443517200,44.8939111400,45.1942048600,45.1942048600,3674780,22105818.0000,0.507900,1,0.000000,24.864168,2.006809,3.236312,9.789605,0
2023-08-11,sz.300160,45.1942048600,45.4194251500,44.3683971300,44.5185439900,45.1942048600,5216992,31152509.1600,0.721000,1,-1.495000,24.492444,1.976807,3.187928,9.643249,0
2023-08-14,sz.300160,44.3683971300,44.4434705600,43.6927362600,44.2182502700,44.5185439900,5230036,30657841.9700,0.722800,1,-0.674500,24.327234,1.963472,3.166425,9.578202,0
2023-08-15,sz.300160,44.1431768400,44.3683971300,43.7678096900,44.1431768400,44.2182502700,2911151,17076547.8400,0.402300,1,-0.169800,24.285931,1.960139,3.161049,9.561940,0
2023-08-16,sz.300160,44.1431768400,44.5185439900,43.8428831200,44.1431768400,44.1431768400,2716900,15986881.0000,0.375500,1,0.000000,24.285931,1.960139,3.161049,9.561940,0
2023-08-17,sz.300160,44.2182502700,45.1191314300,43.6176628300,44.9689845700,44.1431768400,5114177,30268481.0500,0.706800,1,1.870700,24.740260,1.996808,3.220184,9.740820,0
2023-08-18,sz.300160,45.1191314300,45.1191314300,44.2182502700,44.2933237000,44.9689845700,4576677,27189006.5500,0.632500,1,-1.502500,24.368536,1.966806,3.171801,9.594464,0
2023-08-21,sz.300160,44.2933237000,45.1942048600,44.2933237000,44.6686908500,44.2933237000,6062613,36199059.8300,0.837900,1,0.847500,24.519805,1.998628,3.268207,8.101185,0
2023-08-22,sz.300160,44.8939111400,45.0440580000,43.6927362600,44.3683971300,44.6686908500,6436250,37861950.8400,0.889500,1,-0.672300,24.354965,1.985192,3.246236,8.046723,0
2023-08-23,sz.300160,44.1431768400,44.8188377100,43.7678096900,44.2182502700,44.3683971300,3981400,23528500.0000,0.550200,1,-0.338400,24.272546,1.978474,3.235251,8.019492,0
2023-08-24,sz.300160,44.0681034100,44.5185439900,43.7678096900,44.0681034100,44.2182502700,3275100,19264678.0000,0.452600,1,-0.339600,24.190126,1.971755,3.224265,7.992261,0
2023-08-25,sz.300160,44.0681034100,44.8939111400,43.6927362600,43.9179565500,44.0681034100,5720295,33654464.3900,0.790500,1,-0.340700,24.107707,1.965037,3.213280,7.965031,0
2023-08-28,sz.300160,45.7197188700,46.1701594500,44.5185439900,44.5936174200,43.9179565500,8864800,53383218.4000,1.225100,1,1.538500,24.478595,1.995269,3.262715,8.087569,0
2023-08-29,sz.300160,44.3683971300,45.3443517200,44.3683971300,45.3443517200,44.5936174200,6293900,37796080.0000,0.869800,1,1.683500,24.890692,2.028859,3.317643,8.223724,0
2023-08-30,sz.300160,45.2692782900,47.8968483400,45.1942048600,46.3953797400,45.3443517200,20022697,124457150.7200,2.767100,1,2.317900,25.467629,2.075886,3.394542,8.414340,0
2023-08-31,sz.300160,46.4704531700,46.4704531700,45.2692782900,45.5695720100,46.3953797400,12573622,76402970.8800,1.737700,1,-1.779900,25.014322,2.038936,3.334121,8.264570,0
2023-09-01,sz.300160,45.6446454400,45.9449391600,45.1942048600,45.4944985800,45.5695720100,5309950,32126555.5000,0.733800,1,-0.164700,24.973112,2.035577,3.328628,8.250955,0
2023-09-04,sz.300160,45.5695720100,45.7947923000,45.2692782900,45.7197188700,45.4944985800,7665376,46494604.3200,1.059400,1,0.495000,25.096741,2.045654,3.345106,8.291801,0
2023-09-05,sz.300160,45.7197188700,45.7197188700,45.2692782900,45.4944985800,45.7197188700,4828936,29256680.3600,0.667400,1,-0.492600,24.973112,2.035577,3.328628,8.250955,0
2023-09-06,sz.300160,45.4194251500,45.7197188700,45.2692782900,45.5695720100,45.4944985800,3983800,24145779.0000,0.550600,1,0.165000,25.014322,2.038936,3.334121,8.264570,0
2023-09-07,sz.300160,45.5695720100,45.5695720100,44.8188377100,44.8188377100,45.5695720100,6832489,41052714.3500,0.944300,1,-1.647400,24.602224,2.005346,3.279193,8.128416,0
2023-09-08,sz.300160,44.7437642800,45.0440580000,44.5185439900,44.8188377100,44.8188377100,3417800,20368495.0000,0.472300,1,0.000000,24.602224,2.005346,3.279193,8.128416,0
2023-09-11,sz.300160,44.8939111400,45.3443517200,44.4434705600,45.1191314300,44.8188377100,4748000,28367049.0000,0.656200,1,0.670000,24.767063,2.018782,3.301164,8.182878,0
2023-09-12,sz.300160,45.1191314300,45.4944985800,44.9689845700,45.2692782900,45.1191314300,4030800,24294453.0000,0.557100,1,0.332800,24.849483,2.025500,3.312150,8.210108,0
2023-09-13,sz.300160,45.2692782900,45.2692782900,44.4434705600,44.5936174200,45.2692782900,4648600,27679671.0000,0.642400,1,-1.492500,24.478595,1.995269,3.262715,8.087569,0
2023-09-14,sz.300160,44.3683971300,44.6686908500,43.8428831200,44.1431768400,44.5936174200,4345600,25577854.0000,0.600600,1,-1.010100,24.231336,1.975115,3.229758,8.005877,0
2023-09-15,sz.300160,44.2182502700,45.0440580000,43.9179565500,44.2182502700,44.1431768400,4820733,28464051.3800,0.666200,1,0.170100,24.272546,1.978474,3.235251,8.019492,0
2023-09-18,sz.300160,44.2182502700,44.8188377100,43.7678096900,44.5936174200,44.2182502700,4436913,26298141.1800,0.613200,1,0.848900,24.478595,1.995269,3.262715,8.087569,0
2023-09-19,sz.300160,44.7437642800,44.7437642800,44.0681034100,44.2182502700,44.5936174200,2926300,17253366.0000,0.404400,1,-0.841800,24.272546,1.978474,3.235251,8.019492,0
2023-09-20,sz.300160,43.9930299800,44.3683971300,43.9179565500,43.9930299800,44.2182502700,2314800,13607232.0000,0.319900,1,-0.509300,24.148917,1.968396,3.218772,7.978646,0
2023-09-21,sz.300160,43.9930299800,44.0681034100,43.6176628300,43.7678096900,43.9930299800,3054400,17824022.0000,0.422100,1,-0.511900,24.025287,1.958319,3.202294,7.937800,0
2023-09-22,sz.300160,43.6927362600,44.3683971300,43.5425894000,44.3683971300,43.7678096900,4207150,24689517.0000,0.581400,1,1.372200,24.354965,1.985192,3.246236,8.046723,0
2023-09-25,sz.300160,44.3683971300,44.3683971300,43.6927362600,43.7678096900,44.3683971300,3702650,21657838.5000,0.511700,1,-1.353600,24.025287,1.958319,3.202294,7.937800,0
2023-09-26,sz.300160,43.9179565500,43.9179565500,43.1672222500,43.1672222500,43.7678096900,3882776,22425084.5200,0.536600,1,-1.372200,23.695609,1.931447,3.158352,7.828876,0
2023-09-27,sz.300160,43.0170753900,43.6927362600,42.9420019600,43.2422956800,43.1672222500,3426410,19790951.6000,0.473500,1,0.173900,23.736819,1.934806,3.163845,7.842492,0
2023-09-28,sz.300160,43.3924425400,44.1431768400,43.2422956800,43.9179565500,43.2422956800,4102864,23939641.5800,0.567000,1,1.562500,24.107707,1.965037,3.213280,7.965031,0
2023-10-09,sz.300160,43.7678096900,44.0681034100,43.6176628300,43.7678096900,43.9179565500,2975700,17352484.0000,0.411200,1,-0.341900,24.025287,1.958319,3.202294,7.937800,0
2023-10-10,sz.300160,43.8428831200,44.1431768400,43.5425894000,44.0681034100,43.7678096900,4784910,27989641.1000,0.661300,1,0.686100,24.190126,1.971755,3.224265,7.992261,0
2023-10-11,sz.300160,44.4434705600,44.6686908500,44.0681034100,44.2933237000,44.0681034100,4269130,25195388.9000,0.590000,1,0.511100,24.313756,1.981833,3.240744,8.033108,0
2023-10-12,sz.300160,44.3683971300,44.8939111400,44.0681034100,44.8188377100,44.2933237000,5535326,32887982.9000,0.765000,1,1.186400,24.602224,2.005346,3.279193,8.128416,0
2023-10-13,sz.300160,44.7437642800,44.8188377100,44.4434705600,44.5936174200,44.8188377100,3931800,23361814.5000,0.543400,1,-0.502500,24.478595,1.995269,3.262715,8.087569,0
2023-10-16,sz.300160,44.7437642800,46.0200125900,44.0681034100,44.7437642800,44.5936174200,9773250,58551370.2800,1.350700,1,0.336700,24.561014,2.001987,3.273700,8.114800,0
2023-10-17,sz.300160,44.4434705600,46.9208937500,44.2933237000,45.6446454400,44.7437642800,13728719,83306998.1400,1.897300,1,2.013400,25.055531,2.042295,3.339614,8.278186,0
2023-10-18,sz.300160,45.3443517200,45.5695720100,44.5185439900,44.5936174200,45.6446454400,8130700,48712556.0000,1.123700,1,-2.302600,24.478595,1.995269,3.262715,8.087569,0
2023-10-19,sz.300160,44.4434705600,45.4194251500,44.1431768400,44.6686908500,44.5936174200,8887192,53031107.1600,1.228200,1,0.168400,24.519805,1.998628,3.268207,8.101185,0
2023-10-20,sz.300160,44.2182502700,45.0440580000,43.7678096900,43.8428831200,44.6686908500,7271150,42928239.0000,1.004900,1,-1.848700,24.066497,1.961678,3.207787,7.951415,0
2023-10-23,sz.300160,43.5425894000,43.7678096900,42.7918551000,42.9420019600,43.8428831200,5012188,28850050.9800,0.692700,1,-2.054800,23.571980,1.921370,3.141873,7.788030,0
2023-10-24,sz.300160,43.0921488200,44.2933237000,42.9420019600,44.1431768400,42.9420019600,7085637,41453419.4600,0.979200,1,2.797200,24.231336,1.975115,3.229758,8.005877,0
2023-10-25,sz.300160,44.4434705600,44.9689845700,44.3683971300,44.5936174200,44.1431768400,3970621,23604166.7400,0.548700,1,1.020400,24.478595,1.995269,3.262715,8.087569,0
2023-10-26,sz.300160,44.2182502700,45.1191314300,43.9179565500,45.1191314300,44.5936174200,6915156,41023022.4800,0.955700,1,1.178500,22.955628,1.972002,3.310325,16.368755,0
2023-10-27,sz.300160,44.9689845700,45.8698657300,44.8939111400,45.5695720100,45.1191314300,9169149,55615079.9400,1.267200,1,0.998300,23.184803,1.991689,3.343373,16.532170,0
2023-10-30,sz.300160,45.4194251500,45.8698657300,45.0440580000,45.6446454400,45.5695720100,8859400,53778348.0000,1.224400,1,0.164700,23.222998,1.994971,3.348881,16.559406,0
2023-10-31,sz.300160,45.6446454400,45.7197188700,44.8939111400,45.1942048600,45.6446454400,6424750,38674479.5000,0.887900,1,-0.986800,22.993824,1.975283,3.315833,16.395991,0
2023-11-01,sz.300160,45.2692782900,45.9449391600,45.0440580000,45.6446454400,45.1942048600,6843284,41519481.2000,0.945700,1,0.996700,23.222998,1.994971,3.348881,16.559406,0
2023-11-02,sz.300160,45.4194251500,45.7197188700,45.0440580000,45.0440580000,45.6446454400,4873800,29392751.0000,0.673600,1,-1.315800,22.917433,1.968721,3.304817,16.341519,0
2023-11-03,sz.300160,45.1942048600,46.0200125900,45.1942048600,45.8698657300,45.0440580000,10156340,61878873.8000,1.403600,1,1.833300,23.337586,2.004814,3.365405,16.641113,0
2023-11-06,sz.300160,46.0950860200,46.3203063100,45.6446454400,46.2452328800,45.8698657300,11100200,68112197.0000,1.534100,1,0.818300,23.528564,2.021220,3.392945,16.777293,0
2023-11-07,sz.300160,46.3953797400,47.7467014800,46.0200125900,47.5214811900,46.2452328800,27502291,173093262.9000,3.800800,1,2.759700,24.177891,2.077001,3.486582,17.240302,0
2023-11-08,sz.300160,47.4464077600,47.9719217700,47.1461140400,47.6716280500,47.5214811900,18134587,114945605.8400,2.506200,1,0.316000,24.254283,2.083563,3.497598,17.294774,0
2023-11-09,sz.300160,47.5965546200,47.7467014800,47.0710406100,47.2962609000,47.6716280500,9457324,59625257.9300,1.307000,1,-0.787400,24.063304,2.067157,3.470058,17.158595,0
2023-11-10,sz.300160,47.2962609000,47.6716280500,46.8458203200,47.5214811900,47.2962609000,7740483,48869915.6700,1.069700,1,0.476200,24.177891,2.077001,3.486582,17.240302,0
2023-11-13,sz.300160,47.5965546200,47.6716280500,47.1461140400,47.2962609000,47.5214811900,8242100,51952091.0000,1.139100,1,-0.473900,24.063304,2.067157,3.470058,17.158595,0
2023-11-14,sz.300160,47.2211874700,47.4464077600,46.9959671800,47.3713343300,47.2962609000,7206400,45326343.0000,0.995900,1,0.158700,24.101500,2.070438,3.475566,17.185831,0
2023-11-15,sz.300160,47.6716280500,48.7977295000,47.5965546200,48.1220686300,47.3713343300,14743380,94463478.3800,2.037500,1,1.584800,24.483457,2.103250,3.530646,17.458189,0
2023-11-16,sz.300160,47.8968483400,48.1220686300,47.5214811900,47.7467014800,48.1220686300,9360060,59574496.8000,1.293600,1,-0.780000,24.292479,2.086844,3.503106,17.322010,0
2023-11-17,sz.300160,47.5214811900,47.8968483400,47.4464077600,47.6716280500,47.7467014800,7720200,49050917.0000,1.066900,1,-0.157200,24.254283,2.083563,3.497598,17.294774,0
2023-11-20,sz.300160,47.5214811900,47.8217749100,47.2211874700,47.7467014800,47.6716280500,5966100,37823548.0000,0.824500,1,0.157500,24.292479,2.086844,3.503106,17.322010,0
2023-11-21,sz.300160,47.7467014800,47.9719217700,47.2211874700,47.3713343300,47.7467014800,7157480,45315565.4000,0.989200,1,-0.786200,24.101500,2.070438,3.475566,17.185831,0
2023-11-22,sz.300160,47.3713343300,47.5214811900,46.6206000300,46.7707468900,47.3713343300,7901110,49487462.5300,1.091900,1,-1.267800,23.795934,2.044189,3.431501,16.967944,0
2023-11-23,sz.300160,46.9208937500,47.2962609000,46.5455266000,47.2211874700,46.7707468900,5988200,37522149.0000,0.827600,1,0.963100,24.025109,2.063876,3.464550,17.131359,0
2023-11-24,sz.300160,47.2962609000,47.5214811900,46.6206000300,46.6206000300,47.2211874700,4895600,30555501.0000,0.676600,1,-1.271900,23.719543,2.037626,3.420485,16.913472,0
2023-11-27,sz.300160,46.7707468900,46.7707468900,46.0950860200,46.5455266000,46.6206000300,8037178,49650871.7000,1.110700,1,-0.161000,23.681347,2.034345,3.414977,16.886236,0
2023-11-28,sz.300160,46.4704531700,48.2722154900,46.3203063100,48.1971420600,46.5455266000,30245566,191955116.1000,4.179900,1,3.548400,24.521653,2.106531,3.536154,17.485425,0
2023-11-29,sz.300160,47.8217749100,47.8217749100,45.9449391600,46.1701594500,48.1971420600,26190100,162560022.0000,3.619500,1,-4.205600,23.490368,2.017939,3.387437,16.750057,0
2023-11-30,sz.300160,46.2452328800,46.3953797400,45.4194251500,45.7947923000,46.1701594500,9733573,59423501.8500,1.345200,1,-0.813000,23.299390,2.001533,3.359897,16.613877,0
2023-12-01,sz.300160,45.7197188700,46.3953797400,45.4194251500,45.9449391600,45.7947923000,7837700,47997134.0000,1.083200,1,0.327900,23.375781,2.008095,3.370913,16.668349,0
2023-12-04,sz.300160,46.0200125900,46.1701594500,45.6446454400,45.7197188700,45.9449391600,8580449,52442464.8300,1.185800,1,-0.490200,23.261194,1.998252,3.354389,16.586642,0
2023-12-05,sz.300160,45.5695720100,45.7197188700,44.8188377100,44.8939111400,45.7197188700,8077649,48685922.0200,1.116300,1,-1.806200,22.841041,1.962159,3.293801,16.287047,0
2023-12-06,sz.300160,44.6686908500,45.5695720100,44.6686908500,45.0440580000,44.8939111400,7709392,46369757.0800,1.065400,1,0.334400,22.917433,1.968721,3.304817,16.341519,0
2023-12-07,sz.300160,45.2692782900,45.4944985800,44.3683971300,44.7437642800,45.0440580000,7974200,47728502.0000,1.102000,1,-0.666700,22.764650,1.955596,3.282785,16.232575,0
2023-12-08,sz.300160,44.7437642800,45.0440580000,43.8428831200,43.9179565500,44.7437642800,9234800,54488173.0000,1.276300,1,-1.845600,22.344497,1.919503,3.222196,15.932981,0
2023-12-11,sz.300160,43.6927362600,44.2933237000,43.3924425400,44.1431768400,43.9179565500,7674049,44894215.6700,1.060600,1,0.512800,22.459084,1.929347,3.238720,16.014688,0
2023-12-12,sz.300160,44.2182502700,44.2182502700,43.8428831200,44.1431768400,44.1431768400,4797700,28135209.0000,0.663000,1,0.000000,22.459084,1.929347,3.238720,16.014688,0
2023-12-13,sz.300160,44.1431768400,44.6686908500,43.9930299800,44.0681034100,44.1431768400,5841800,34450106.0000,0.807300,1,-0.170100,22.420888,1.926065,3.233212,15.987453,0
2023-12-14,sz.300160,44.1431768400,44.5185439900,43.9930299800,44.0681034100,44.0681034100,4129900,24338904.0000,0.570800,1,0.000000,22.420888,1.926065,3.233212,15.987453,0
2023-12-15,sz.300160,44.0681034100,44.4434705600,43.9179565500,44.1431768400,44.0681034100,4972300,29245574.0000,0.687200,1,0.170400,22.459084,1.929347,3.238720,16.014688,0
2023-12-18,sz.300160,43.9179565500,44.0681034100,43.3924425400,43.3924425400,44.1431768400,7281800,42373924.7200,1.006300,1,-1.700700,22.077127,1.896535,3.183640,15.742330,0
2023-12-19,sz.300160,43.6176628300,43.6927362600,43.0921488200,43.4675159700,43.3924425400,4269600,24677941.0000,0.590100,1,0.173000,22.115323,1.899816,3.189148,15.769566,0
2023-12-20,sz.300160,43.3924425400,43.7678096900,43.0921488200,43.0921488200,43.4675159700,3406900,19700040.0000,0.470800,1,-0.863600,21.924344,1.883410,3.161608,15.633386,0
2023-12-21,sz.300160,43.0921488200,43.7678096900,42.4164879500,43.6176628300,43.0921488200,5467566,31433209.6200,0.755600,1,1.219500,22.191714,1.906378,3.200164,15.824037,0
2023-12-22,sz.300160,43.6176628300,44.2933237000,42.8669285300,43.2422956800,43.6176628300,8137600,47057265.0000,1.124600,1,-0.860600,22.000735,1.889972,3.172624,15.687858,0
2023-12-25,sz.300160,43.1672222500,43.3173691100,42.4915613800,42.6417082400,43.2422956800,6098100,34710280.0000,0.842800,1,-1.388900,21.695170,1.863723,3.128560,15.469971,0
2023-12-26,sz.300160,42.7918551000,43.2422956800,41.8909739400,42.2663410900,42.6417082400,4058000,22878780.0000,0.560800,1,-0.880300,21.504191,1.847317,3.101020,15.333792,0
2023-12-27,sz.300160,42.1912676600,42.5666348100,41.8159005100,42.3414145200,42.2663410900,4874800,27405560.0000,0.673700,1,0.177600,21.542387,1.850598,3.106528,15.361028,0
2023-12-28,sz.300160,42.2663410900,44.5936174200,42.1161942300,43.7678096900,42.3414145200,11623100,67458800.0000,1.606300,1,3.368800,22.268105,1.912941,3.211180,15.878509,0
2023-12-29,sz.300160,43.7678096900,44.3683971300,43.6176628300,44.2933237000,43.7678096900,7514900,44099675.0000,1.038600,1,1.200700,22.535475,1.935909,3.249736,16.069160,0
2024-01-02,sz.300160,44.2182502700,44.6686908500,44.1431768400,44.2933237000,44.2933237000,8241400,48814373.0000,1.139000,1,0.000000,22.535475,1.935909,3.249736,16.069160,0
2024-01-03,sz.300160,44.1431768400,44.3683971300,43.6927362600,44.1431768400,44.2933237000,5126200,30091670.0000,0.708400,1,-0.339000,22.459084,1.929347,3.238720,16.014688,0
2024-01-04,sz.300160,44.1431768400,44.2182502700,43.7678096900,44.0681034100,44.1431768400,5360900,31402737.0000,0.740900,1,-0.170100,22.420888,1.926065,3.233212,15.987453,0
2024-01-05,sz.300160,43.9930299800,44.3683971300,43.3173691100,43.5425894000,44.0681034100,5348200,31201876.0000,0.739100,1,-1.192500,22.153518,1.903097,3.194656,15.796802,0
2024-01-08,sz.300160,43.2422956800,43.3173691100,42.4164879500,42.4164879500,43.5425894000,7404700,42268075.0000,1.023300,1,-2.586200,21.580582,1.853879,3.112036,15.388264,0
2024-01-09,sz.300160,42.4915613800,43.8428831200,42.4164879500,42.9420019600,42.4164879500,7073300,40582788.7200,0.977500,1,1.238900,21.847952,1.876847,3.150592,15.578915,0
2024-01-10,sz.300160,43.2422956800,43.3924425400,42.2663410900,42.8669285300,42.9420019600,5932203,33878857.1900,0.819800,1,-0.174800,21.809757,1.873566,3.145084,15.551679,0
2024-01-11,sz.300160,42.7918551000,43.7678096900,42.6417082400,43.6176628300,42.8669285300,6630600,38275235.0000,0.916400,1,1.751300,22.191714,1.906378,3.200164,15.824037,0
2024-01-12,sz.300160,43.5425894000,44.8939111400,43.3924425400,43.6927362600,43.6176628300,9240600,54308854.0000,1.277100,1,0.172100,22.229910,1.909659,3.205672,15.851273,0
2024-01-15,sz.300160,43.5425894000,43.8428831200,42.8669285300,43.4675159700,43.6927362600,7450300,43128827.0000,1.029600,1,-0.515500,22.115323,1.899816,3.189148,15.769566,0
2024-01-16,sz.300160,43.6176628300,44.4434705600,43.0170753900,43.8428831200,43.4675159700,9265600,53862338.0000,1.280500,1,0.863600,22.306301,1.916222,3.216688,15.905745,0
2024-01-17,sz.300160,43.3924425400,43.8428831200,42.6417082400,42.6417082400,43.8428831200,7562103,43566253.2800,1.045100,1,-2.739700,21.695170,1.863723,3.128560,15.469971,0
2024-01-18,sz.300160,42.5666348100,42.8669285300,40.8399459200,41.9660473700,42.6417082400,10657100,59102970.2800,1.472800,1,-1.584500,21.351408,1.834192,3.078988,15.224848,0
2024-01-19,sz.300160,41.8159005100,42.4915613800,41.2153130700,41.4405333600,41.9660473700,5495800,30487250.0000,0.759500,1,-1.252200,21.084038,1.811223,3.040431,15.034197,0
2024-01-22,sz.300160,41.5156067900,41.5156067900,37.9120821500,38.2874493000,41.4405333600,11476200,60642991.0000,1.586000,1,-7.608700,19.479818,1.673413,2.809094,13.890291,0
2024-01-23,sz.300160,38.2874493000,38.8880367400,37.0862744200,38.0622290100,38.2874493000,9950200,50224036.0000,1.375100,1,-0.588200,19.365231,1.663569,2.792570,13.808583,0
2024-01-24,sz.300160,38.2874493000,39.0381836000,37.2364212800,38.9631101700,38.0622290100,9226655,47087874.3500,1.275100,1,2.366900,19.823579,1.702944,2.858666,14.135414,0
2024-01-25,sz.300160,39.1132570300,40.3895053400,38.7378898800,40.3144319100,38.9631101700,7455300,39485694.0000,1.030300,1,3.468200,20.511102,1.762005,2.957811,14.625659,0
2024-01-26,sz.300160,40.3895053400,41.1402396400,40.0892116200,40.4645787700,40.3144319100,7142100,38825530.0000,0.987000,1,0.372400,20.587494,1.768568,2.968827,14.680131,0
2024-01-29,sz.300160,40.6147256300,41.0651662100,39.4135507500,39.6387710400,40.4645787700,7839220,41658893.4000,1.083400,1,-2.040800,20.167341,1.732474,2.908239,14.380537,0
2024-01-30,sz.300160,40.0141381900,40.9900927800,37.9871555800,38.0622290100,39.6387710400,14213745,74985379.4300,1.964300,1,-3.977300,19.365231,1.663569,2.792570,13.808583,0
2024-01-31,sz.300160,38.3625227300,38.3625227300,36.1103198300,36.1853932600,38.0622290100,12197600,60221156.4500,1.685700,1,-4.931000,18.410338,1.581539,2.654869,13.127687,0
2024-02-01,sz.300160,35.8850995400,36.1853932600,34.3836309400,34.7589980900,36.1853932600,11247200,52632156.0000,1.554400,1,-3.941900,17.684619,1.519196,2.550217,12.610205,0
2024-02-02,sz.300160,34.9091449500,35.3595855300,31.6059140300,33.0323092000,34.7589980900,13667671,60869959.0600,1.888900,1,-4.967600,16.806117,1.443729,2.423532,11.983780,0
2024-02-05,sz.300160,32.2815749000,32.4317217600,28.4528299700,29.1284908400,33.0323092000,19260500,76708096.0000,2.661800,1,-11.818200,14.819940,1.273106,2.137115,10.567516,0
2024-02-06,sz.300160,28.3777565400,31.1554734500,27.7020956700,29.9542985700,29.1284908400,18259310,70732337.2000,2.523400,1,2.835100,15.240093,1.309199,2.197703,10.867110,0
2024-02-07,sz.300160,29.9542985700,30.5548860100,29.0534174100,29.5789314200,29.9542985700,16809129,66766435.0500,2.323000,1,-1.253100,15.049114,1.292793,2.170163,10.730931,0
2024-02-08,sz.300160,29.7290782800,33.1824560600,29.3537111300,32.8821623400,29.5789314200,18075919,75231976.5100,2.498100,1,11.167500,16.729726,1.437166,2.412516,11.929309,0
2024-02-19,sz.300160,33.5578232100,34.9091449500,33.2575294900,34.3085575100,32.8821623400,16452326,74867607.5200,2.273700,1,4.337900,17.455445,1.499509,2.517169,12.446790,0
2024-02-20,sz.300160,34.1584106500,34.3836309400,33.4076763500,34.2334840800,34.3085575100,8760761,39633067.8100,1.210700,1,-0.218800,17.417249,1.496228,2.511661,12.419554,0
2024-02-21,sz.300160,33.8581169300,35.8100261100,33.5578232100,34.4587043700,34.2334840800,13778100,64072809.0000,1.904100,1,0.657900,17.531836,1.506072,2.528185,12.501262,0
2024-02-22,sz.300160,34.3085575100,35.2094386700,34.2334840800,35.0592918100,34.4587043700,8129195,37632336.6800,1.123500,1,1.742900,17.837402,1.532321,2.572249,12.719149,0
2024-02-23,sz.300160,35.1343652400,35.8850995400,34.8340715200,35.8100261100,35.0592918100,9754299,45933749.2900,1.348000,1,2.141300,18.219359,1.565133,2.627329,12.991507,0
2024-02-26,sz.300160,36.0352464000,37.0112009900,35.7349526800,36.4856869800,35.8100261100,11862203,57523851.5200,1.639400,1,1.886800,18.563120,1.594664,2.676902,13.236630,0
2024-02-27,sz.300160,36.4106135500,37.2364212800,36.0352464000,37.2364212800,36.4856869800,9598527,46849125.8600,1.326500,1,2.057600,18.945078,1.627476,2.731982,13.508989,0
2024-02-28,sz.300160,37.3114947100,38.2874493000,34.8340715200,35.0592918100,37.2364212800,18711925,91607790.2500,2.586000,1,-5.846800,17.837402,1.532321,2.572249,12.719149,0
2024-02-29,sz.300160,34.7589980900,36.4106135500,34.6088512300,36.4106135500,35.0592918100,11905215,56631372.8500,1.645300,1,3.854400,18.055267,1.591383,2.607405,13.209394,0
2024-03-01,sz.300160,36.4106135500,37.1613478500,36.2604666900,37.0862744200,36.4106135500,8917307,43628444.0200,1.232400,1,1.855700,18.390313,1.620914,2.655790,13.454517,0
2024-03-04,sz.300160,36.8610541300,37.2364212800,36.1853932600,36.7109072700,37.0862744200,7301400,35668752.0000,1.009100,1,-1.012100,18.204176,1.604508,2.628909,13.318338,0
2024-03-05,sz.300160,36.4856869800,36.6358338400,35.5848058200,35.5848058200,36.7109072700,7471400,35770561.0000,1.032600,1,-3.067500,17.645766,1.555290,2.548268,12.909800,0
2024-03-06,sz.300160,35.5848058200,36.4856869800,35.3595855300,35.9601729700,35.5848058200,8833600,42259950.0000,1.220800,1,1.054900,17.831903,1.571696,2.575148,13.045979,0
2024-03-07,sz.300160,36.1103198300,36.5607604100,35.6598792500,35.8100261100,35.9601729700,6868238,33038865.6400,0.949200,1,-0.417500,17.757448,1.565133,2.564396,12.991507,0
2024-03-08,sz.300160,35.8100261100,37.2364212800,35.5848058200,36.4106135500,35.8100261100,8941001,43390478.8900,1.235600,1,1.677100,18.055267,1.591383,2.607405,13.209394,0
2024-03-11,sz.300160,36.4856869800,38.5877430200,36.4856869800,37.9871555800,36.4106135500,17955710,89970329.3000,2.481500,1,4.329900,18.837041,1.660288,2.720303,13.781348,0
2024-03-12,sz.300160,37.6868618600,37.9120821500,36.9361275600,37.6117884300,37.9871555800,14768112,73497527.7600,2.041000,1,-0.988100,18.650905,1.643882,2.693422,13.645168,0
2024-03-13,sz.300160,37.5367150000,37.5367150000,36.9361275600,37.2364212800,37.6117884300,8108400,40232852.0000,1.120600,1,-0.998000,18.464768,1.627476,2.666542,13.508989,0
2024-03-14,sz.300160,37.3114947100,37.6117884300,36.8610541300,37.1613478500,37.2364212800,8145920,40411998.8000,1.125800,1,-0.201600,18.427541,1.624195,2.661166,13.481753,0
2024-03-15,sz.300160,37.1613478500,37.6868618600,36.9361275600,37.6868618600,37.1613478500,6131357,30494836.4900,0.847400,1,1.414100,18.688132,1.647163,2.698798,13.672404,0
2024-03-18,sz.300160,37.5367150000,38.1373024400,37.5367150000,38.1373024400,37.6868618600,8459450,42689412.5000,1.169100,1,1.195200,18.911496,1.666850,2.731055,13.835819,0
2024-03-19,sz.300160,37.9871555800,38.2874493000,37.8370087200,38.0622290100,38.1373024400,6269350,31787294.0000,0.866400,1,-0.196900,18.874269,1.663569,2.725679,13.808583,0
2024-03-20,sz.300160,38.0622290100,38.5126695900,37.9120821500,38.4375961600,38.0622290100,7224673,36750792.3800,0.998500,1,0.986200,19.060406,1.679975,2.752559,13.944763,0
2024-03-21,sz.300160,38.4375961600,38.6628164500,37.6117884300,38.2123758700,38.4375961600,8086300,41066306.0000,1.117500,1,-0.585900,18.948724,1.670132,2.736431,13.863055,0
2024-03-22,sz.300160,37.9871555800,38.2123758700,37.2364212800,37.5367150000,38.2123758700,7122200,35703570.0000,0.984300,1,-1.768200,18.613677,1.640601,2.688046,13.617932,0
2024-03-25,sz.300160,37.2364212800,37.9871555800,36.8610541300,36.9361275600,37.5367150000,6523699,32579573.3800,0.901600,1,-1.600000,18.315859,1.614351,2.645038,13.400045,0
2024-03-26,sz.300160,36.9361275600,37.2364212800,36.1853932600,37.0862744200,36.9361275600,5972900,29285066.0000,0.825500,1,0.406500,18.390313,1.620914,2.655790,13.454517,0
2024-03-27,sz.300160,37.4616415700,37.5367150000,35.7349526800,35.7349526800,37.0862744200,6611700,32189064.0000,0.913700,1,-3.643700,17.720221,1.561852,2.559020,12.964272,0
2024-03-28,sz.300160,35.8850995400,37.1613478500,35.8850995400,36.7109072700,35.7349526800,6957400,33908164.0000,0.961500,1,2.731100,18.204176,1.604508,2.628909,13.318338,0
2024-03-29,sz.300160,36.8610541300,37.2364212800,36.6358338400,37.0862744200,36.7109072700,4669373,22948115.9700,0.645300,1,1.022500,18.390313,1.620914,2.655790,13.454517,0
2024-04-01,sz.300160,37.0862744200,38.2874493000,37.0112009900,38.2874493000,37.0862744200,9737793,49162038.8000,1.345800,1,3.238900,18.985951,1.673413,2.741807,13.890291,0
2024-04-02,sz.300160,38.5126695900,39.1132570300,38.1373024400,38.8129633100,38.2874493000,9983270,51353467.8000,1.379700,1,1.372500,19.246542,1.696381,2.779440,14.080942,0
2024-04-03,sz.300160,38.4375961600,39.0381836000,38.1373024400,38.5877430200,38.8129633100,8059879,41331777.0600,1.113900,1,-0.580300,19.134860,1.686538,2.763312,13.999234,0
2024-04-08,sz.300160,38.5877430200,38.6628164500,37.5367150000,37.6117884300,38.5877430200,5826100,29443260.8000,0.805200,1,-2.529200,18.650905,1.643882,2.693422,13.645168,0
2024-04-09,sz.300160,37.6868618600,38.2123758700,37.2364212800,38.2123758700,37.6117884300,6869300,34632783.0000,0.949300,1,1.596800,18.948724,1.670132,2.736431,13.863055,0
2024-04-10,sz.300160,37.9871555800,38.1373024400,36.6358338400,36.9361275600,38.2123758700,8932500,44141458.0000,1.234500,1,-3.339900,18.280426,1.593437,2.645507,15.675686,0
2024-04-11,sz.300160,37.1613478500,38.4375961600,36.7109072700,38.2123758700,36.9361275600,12866700,65235168.0000,1.778200,1,3.455300,18.912067,1.648495,2.736917,16.217325,0
2024-04-12,sz.300160,38.1373024400,41.0651662100,38.1373024400,39.4886241800,38.2123758700,29296220,155885104.4700,4.048700,1,3.339900,19.543708,1.703553,2.828327,16.758965,0
2024-04-15,sz.300160,38.4375961600,40.7648724900,36.6358338400,39.6387710400,39.4886241800,32122872,165520946.6800,4.439400,1,0.380200,19.618019,1.710030,2.839081,16.822687,0
2024-04-16,sz.300160,38.4375961600,38.7378898800,35.7349526800,36.7859807000,39.6387710400,26974942,133183618.1600,3.727900,1,-7.197000,18.206116,1.586960,2.634753,15.611963,0
2024-04-17,sz.300160,37.4616415700,39.7889179000,37.3865681400,39.7889179000,36.7859807000,26019602,135445227.9300,3.595900,1,8.163300,19.692329,1.716507,2.849835,16.886409,0
2024-04-18,sz.300160,39.6387710400,42.1912676600,39.2634038900,40.8399459200,39.7889179000,39824971,217410217.5200,5.503800,1,2.641500,20.212504,1.761849,2.925113,17.332465,0
2024-04-19,sz.300160,40.0141381900,41.8909739400,39.8639913300,40.2393584800,40.8399459200,29282893,158578021.2400,4.046900,1,-1.470600,19.915261,1.735940,2.882097,17.077576,0
2024-04-22,sz.300160,39.9390647600,40.3144319100,38.3625227300,38.5877430200,40.2393584800,20577839,106730265.6700,2.843900,1,-4.104500,19.097844,1.664688,2.763802,16.376631,0
2024-04-23,sz.300160,38.5877430200,39.0381836000,37.4616415700,37.8370087200,38.5877430200,16440606,83337009.1500,2.272100,1,-1.945500,18.726291,1.632301,2.710032,16.058019,0
2024-04-24,sz.300160,37.9871555800,39.6387710400,37.9871555800,38.8129633100,37.8370087200,16125379,83309774.2700,2.228500,1,2.579400,18.263680,1.624324,2.681073,-25.011343,0
2024-04-25,sz.300160,38.2874493000,41.6657536500,38.1373024400,39.9390647600,38.8129633100,26111044,139482833.8000,3.608600,1,2.901400,18.793574,1.671451,2.758860,-25.737010,0
2024-04-26,sz.300160,39.2634038900,40.0141381900,38.8880367400,39.8639913300,39.9390647600,21316332,112011294.4000,2.945900,1,-0.188000,18.758248,1.668309,2.753674,-25.688632,0
2024-04-29,sz.300160,39.8639913300,40.8399459200,39.5636976100,40.3895053400,39.8639913300,19421766,104377534.1200,2.684100,1,1.318300,19.005532,1.690302,2.789975,-26.027277,0
2024-04-30,sz.300160,40.6147256300,43.0921488200,40.0141381900,42.7918551000,40.3895053400,42015232,232754978.3300,5.806500,1,5.948000,20.135972,1.790840,2.955922,-27.575368,0
2024-05-06,sz.300160,42.3414145200,43.7678096900,42.0411208000,43.4675159700,42.7918551000,39269501,224440204.1200,5.427100,1,1.578900,20.453909,1.819117,3.002594,-28.010769,0
2024-05-07,sz.300160,42.9420019600,43.0170753900,41.8909739400,42.5666348100,43.4675159700,25565650,144522828.5000,3.533200,1,-2.072500,20.029993,1.781415,2.940364,-27.430235,0
2024-05-08,sz.300160,42.4164879500,47.9719217700,41.7408270800,44.4434705600,42.5666348100,56170306,336249776.0000,7.762800,1,4.409200,20.913150,1.859961,3.070010,-28.639681,0
2024-05-09,sz.300160,43.5425894000,45.5695720100,43.3924425400,44.6686908500,44.4434705600,37689560,222968080.4300,5.208700,1,0.506800,21.019129,1.869386,3.085567,-28.784814,0
2024-05-10,sz.300160,43.9179565500,44.0681034100,42.8669285300,43.0170753900,44.6686908500,25086806,144766907.2600,3.467000,1,-3.697500,20.241951,1.800266,2.971479,-27.720502,0
2024-05-13,sz.300160,43.0170753900,44.5936174200,42.1912676600,44.5936174200,43.0170753900,28716101,166748844.8300,3.968600,1,3.664900,20.983803,1.866244,3.080382,-28.736436,0
2024-05-14,sz.300160,43.9930299800,44.4434705600,43.1672222500,43.3173691100,44.5936174200,20017000,116411837.0000,2.766400,1,-2.862000,20.383256,1.812833,2.992223,-27.914013,0
2024-05-15,sz.300160,43.3173691100,43.6176628300,41.8159005100,41.9660473700,43.3173691100,17256401,97743024.6500,2.384800,1,-3.119600,19.747383,1.756280,2.898878,-27.043212,0
2024-05-16,sz.300160,42.1161942300,42.4915613800,41.8909739400,42.1161942300,41.9660473700,10769907,60475672.2700,1.488400,1,0.357800,19.818036,1.762564,2.909249,-27.139968,0
2024-05-17,sz.300160,42.1926333600,42.5748130100,41.4282740600,42.2690692900,42.1161974300,12303790,67670461.4000,1.700400,1,0.363000,19.535426,1.737429,2.867763,-26.752945,0
2024-05-20,sz.300160,42.8041208000,45.3265064900,42.8041208000,44.2564034700,42.2690692900,28959520,167757270.5000,4.002200,1,4.701600,20.453909,1.819117,3.002594,-28.010769,0
2024-05-21,sz.300160,44.2564034700,44.5621471900,43.1863004500,43.6449160300,44.2564034700,16569551,94460567.8900,2.289900,1,-1.381700,20.171299,1.793982,2.961108,-27.623746,0
2024-05-22,sz.300160,43.5684801000,45.0971987000,43.2627363800,45.0971987000,43.6449160300,25567521,148833095.1700,3.533400,1,3.327500,20.842498,1.853677,3.059638,-28.542925,0
2024-05-23,sz.300160,44.5621471900,44.7150190500,42.8041208000,43.7213519600,45.0971987000,21305522,121639452.0100,2.944400,1,-3.050800,20.206625,1.797124,2.966293,-27.672124,0
2024-05-24,sz.300160,43.0334285900,44.0270956800,42.8805567300,42.9569926600,43.7213519600,11720650,66582466.9000,1.619800,1,-1.748300,19.853362,1.765706,2.914435,-27.188345,0
2024-05-27,sz.300160,42.8041208000,42.8805567300,40.9696584800,41.8868896400,42.9569926600,15229200,82814523.0000,2.104700,1,-2.491100,19.358794,1.721720,2.841834,-26.511056,0
2024-05-28,sz.300160,41.6575818500,41.7340177800,40.4346069700,40.5110429000,41.8868896400,13127300,70257915.7000,1.814200,1,-3.284700,18.722922,1.665167,2.748489,-25.640255,0
2024-05-29,sz.300160,40.4346069700,41.5047099900,40.3581710400,40.7403506900,40.5110429000,8392600,45008259.0000,1.159900,1,0.566000,18.828900,1.674593,2.764046,-25.785388,0
2024-05-30,sz.300160,40.7403506900,40.8932225500,39.8231195300,39.8995554600,40.7403506900,9541400,50102846.0000,1.318600,1,-2.063800,18.440311,1.640033,2.707002,-25.253232,0
2024-05-31,sz.300160,39.8995554600,40.1288632500,39.6702476700,39.8995554600,39.8995554600,8788100,45917285.0000,1.214500,1,0.000000,18.440311,1.640033,2.707002,-25.253232,0
2024-06-03,sz.300160,39.8995554600,39.9759913900,38.4472727900,38.8294524400,39.8995554600,11102049,56512289.4700,1.534300,1,-2.682000,17.945744,1.596047,2.634400,-24.575942,0
2024-06-04,sz.300160,38.3708368600,38.8294524400,37.6829134900,38.8294524400,38.8294524400,9487103,47443358.9400,1.311100,1,0.000000,17.945744,1.596047,2.634400,-24.575942,0
2024-06-05,sz.300160,38.6001446500,38.9058883700,38.0650931400,38.1415290700,38.8294524400,6710300,33826676.0000,0.927400,1,-1.771700,17.627807,1.567771,2.587728,-24.140542,0
2024-06-06,sz.300160,38.1415290700,38.6001446500,36.1541948900,36.3835026800,38.1415290700,13626100,65827758.0000,1.883100,1,-4.609200,16.815303,1.495509,2.468454,-23.027851,0
2024-06-07,sz.300160,36.8421182600,37.3771697700,36.4599386100,37.2242979100,36.3835026800,7696100,37223713.0000,1.063600,1,2.310900,17.203892,1.530069,2.525498,-23.560008,0
2024-06-11,sz.300160,37.1478619800,37.8357853500,36.5363745400,37.6829134900,37.2242979100,6558296,31927560.8000,0.906400,1,1.232000,17.415850,1.548920,2.556613,-23.850275,0
2024-06-12,sz.300160,37.4536057000,38.2179650000,37.4536057000,38.1415290700,37.6829134900,5720741,28440728.3800,0.790600,1,1.217000,17.627807,1.567771,2.587728,-24.140542,0
2024-06-13,sz.300160,37.9122212800,38.2179650000,37.3007338400,37.4536057000,38.1415290700,5530745,27254527.1100,0.764400,1,-1.803600,17.309871,1.539494,2.541056,-23.705141,0
2024-06-14,sz.300160,37.5300416300,37.8357853500,37.0714260500,37.4536057000,37.4536057000,5401321,26465255.2700,0.746500,1,0.000000,17.309871,1.539494,2.541056,-23.705141,0
2024-06-17,sz.300160,37.4536057000,37.6064775600,36.8421182600,37.0714260500,37.4536057000,4172400,20256195.0000,0.576600,1,-1.020400,17.133240,1.523785,2.515126,-23.463252,0
2024-06-18,sz.300160,37.0714260500,38.0650931400,36.8421182600,37.9886572100,37.0714260500,6798600,33451826.0000,0.939600,1,2.474200,17.557155,1.561487,2.577356,-24.043786,0
2024-06-19,sz.300160,38.1415290700,38.1415290700,37.5300416300,37.8357853500,37.9886572100,4364200,21617573.0000,0.603100,1,-0.402400,17.486502,1.555203,2.566985,-23.947030,0
2024-06-20,sz.300160,37.6064775600,37.9886572100,36.7656823300,36.9949901200,37.8357853500,4781340,23360055.6600,0.660800,1,-2.222200,17.097913,1.520643,2.509941,-23.414874,0
2024-06-21,sz.300160,36.9185541900,37.6829134900,36.6128104700,36.6892464000,36.9949901200,4825800,23463956.0000,0.666900,1,-0.826400,16.956608,1.508076,2.489197,-23.221363,0
2024-06-24,sz.300160,36.4599386100,36.4599386100,34.9312200100,35.3133996600,36.6892464000,7595803,35375454.0700,1.049700,1,-3.750000,16.320735,1.451523,2.395852,-22.350562,0
2024-06-25,sz.300160,35.6955793100,35.9248871000,35.0840918700,35.3133996600,35.3133996600,4521206,21018693.1400,0.624800,1,0.000000,16.320735,1.451523,2.395852,-22.350562,0
2024-06-26,sz.300160,35.3898355900,36.3835026800,35.2369637300,36.3070667500,35.3133996600,5157600,24204423.0000,0.712800,1,2.813900,16.779977,1.492367,2.463268,-22.979473,0
2024-06-27,sz.300160,36.0777589600,36.6892464000,35.4662715200,35.5427074500,36.3070667500,4413300,20826239.0000,0.609900,1,-2.105300,16.426714,1.460949,2.411410,-22.495695,0
2024-06-28,sz.300160,35.5427074500,36.6892464000,35.3133996600,35.7720152400,35.5427074500,5000200,23589121.0000,0.691000,1,0.645200,16.532693,1.470374,2.426967,-22.640829,0
2024-07-01,sz.300160,35.6191433800,36.2306308200,35.3133996600,35.8484511700,35.7720152400,5030700,23456929.0000,0.695200,1,0.213700,16.568019,1.473516,2.432153,-22.689206,0
2024-07-02,sz.300160,35.9248871000,36.2306308200,35.6955793100,36.0013230300,35.8484511700,3884603,18283867.1000,0.536900,1,0.426400,16.638672,1.479800,2.442525,-22.785962,0
2024-07-03,sz.300160,36.6892464000,37.1478619800,35.9248871000,36.0013230300,36.0013230300,7710903,36629025.2500,1.070000,1,0.000000,16.638672,1.479800,2.442525,-22.785962,0
2024-07-04,sz.300160,35.6955793100,36.0013230300,34.5490403600,34.7019122200,36.0013230300,7824200,35975055.0000,1.085700,1,-3.609300,16.038125,1.426389,2.354366,-21.963539,0
2024-07-05,sz.300160,34.7019122200,35.6191433800,34.3961685000,35.4662715200,34.7019122200,6119100,28115942.0000,0.805800,1,2.202600,16.391388,1.457807,2.406224,-22.447317,0
2024-07-08,sz.300160,35.3898355900,35.4662715200,34.1668607100,34.2432966400,35.4662715200,5073882,22985085.1800,0.668200,1,-3.448300,15.826168,1.407538,2.323251,-21.673272,0
2024-07-09,sz.300160,34.3197325700,35.0076559400,33.4789373400,34.8547840800,34.2432966400,6152060,27633629.0000,0.810100,1,1.785700,16.108778,1.432672,2.364737,-22.060295,0
2024-07-10,sz.300160,34.7019122200,35.3133996600,34.6254762900,34.6254762900,34.8547840800,4430800,20240907.0000,0.583500,1,-0.657900,16.002799,1.423247,2.349180,-21.915161,0
2024-07-11,sz.300160,35.1605278000,36.1541948900,35.0840918700,36.0777589600,34.6254762900,7697300,36001813.0000,1.013600,1,4.194300,16.673998,1.482942,2.447711,-22.834340,0
2024-07-12,sz.300160,36.0777589600,36.4599386100,35.9248871000,36.3070667500,36.0777589600,5364400,25417426.0000,0.706400,1,0.635600,16.779977,1.492367,2.463268,-22.979473,0
2024-07-15,sz.300160,35.9248871000,36.1541948900,35.3133996600,35.4662715200,36.3070667500,4618800,21483829.4000,0.608200,1,-2.315800,16.391388,1.457807,2.406224,-22.447317,0
2024-07-16,sz.300160,35.3898355900,35.5427074500,34.9312200100,35.2369637300,35.4662715200,4185800,19257204.0000,0.551200,1,-0.646600,16.285409,1.448381,2.390667,-22.302184,0
2024-07-17,sz.300160,35.1605278000,35.3133996600,34.5490403600,34.7019122200,35.2369637300,4620900,21030951.0000,0.608500,1,-1.518400,16.038125,1.426389,2.354366,-21.963539,0
2024-07-18,sz.300160,34.3961685000,34.7783481500,33.7846810600,34.5490403600,34.7019122200,4128900,18481257.0000,0.543700,1,-0.440500,15.967473,1.420105,2.343994,-21.866783,0
2024-07-19,sz.300160,34.3197325700,34.7019122200,34.0904247800,34.5490403600,34.5490403600,3233700,14577394.0000,0.425800,1,0.000000,15.967473,1.420105,2.343994,-21.866783,0
2024-07-22,sz.300160,34.3197325700,34.7019122200,34.2432966400,34.5490403600,34.5490403600,3298100,14869287.0000,0.434300,1,0.000000,15.967473,1.420105,2.343994,-21.866783,0
2024-07-23,sz.300160,34.4726044300,34.8547840800,33.6318092000,33.6318092000,34.5490403600,5546200,24807308.0000,0.730300,1,-2.654900,15.543558,1.382403,2.281764,-21.286249,0
2024-07-24,sz.300160,33.7846810600,33.8611169900,32.9438858300,33.1731936200,33.6318092000,4217300,18397711.0000,0.555400,1,-1.363600,15.331600,1.363552,2.250649,-20.995982,0
2024-07-25,sz.300160,32.9438858300,33.7082451300,32.7910139700,33.4025014100,33.1731936200,3520600,15336532.0000,0.463600,1,0.691200,15.437579,1.372978,2.266207,-21.141116,0
2024-07-26,sz.300160,33.4025014100,34.8547840800,33.4025014100,34.6254762900,33.4025014100,6156400,27718160.0000,0.810700,1,3.661300,16.002799,1.423247,2.349180,-21.915161,0
2024-07-29,sz.300160,34.6254762900,34.6254762900,34.1668607100,34.3961685000,34.6254762900,3614000,16278202.1000,0.475900,1,-0.662300,15.896820,1.413821,2.333622,-21.770027,0
2024-07-30,sz.300160,34.4726044300,34.7783481500,34.2432966400,34.5490403600,34.3961685000,3426400,15491756.0000,0.451200,1,0.444400,15.967473,1.420105,2.343994,-21.866783,0
2024-07-31,sz.300160,34.5490403600,35.7720152400,34.4726044300,35.6955793100,34.5490403600,7005800,32411472.0000,0.922600,1,3.318600,16.497367,1.467232,2.421782,-22.592451,0
2024-08-01,sz.300160,35.8484511700,36.0013230300,35.5427074500,35.6955793100,35.6955793100,5164900,24178234.8900,0.680100,1,0.000000,16.497367,1.467232,2.421782,-22.592451,0
2024-08-02,sz.300160,35.5427074500,36.0777589600,35.2369637300,35.3898355900,35.6955793100,4265300,19896270.0000,0.561700,1,-0.856500,16.356062,1.454665,2.401038,-22.398939,0
2024-08-05,sz.300160,35.7720152400,35.8484511700,34.8547840800,34.8547840800,35.3898355900,5304100,24531198.0000,0.698500,1,-1.511900,16.108778,1.432672,2.364737,-22.060295,0
2024-08-06,sz.300160,34.8547840800,35.6191433800,34.8547840800,35.4662715200,34.8547840800,5238500,24134076.0000,0.689800,1,1.754400,16.391388,1.457807,2.406224,-22.447317,0
2024-08-07,sz.300160,35.4662715200,35.8484511700,35.2369637300,35.5427074500,35.4662715200,5098300,23727349.0000,0.671400,1,0.215500,16.426714,1.460949,2.411410,-22.495695,0
2024-08-08,sz.300160,35.5427074500,36.0013230300,35.2369637300,35.7720152400,35.5427074500,4984000,23274795.0000,0.656300,1,0.645200,16.532693,1.470374,2.426967,-22.640829,0
2024-08-09,sz.300160,35.9248871000,36.0777589600,35.3898355900,35.4662715200,35.7720152400,3040300,14208007.0000,0.400400,1,-0.854700,16.391388,1.457807,2.406224,-22.447317,0
2024-08-12,sz.300160,35.2369637300,35.6191433800,35.0076559400,35.1605278000,35.4662715200,3667420,16949841.0000,0.482900,1,-0.862100,16.250083,1.445240,2.385481,-22.253806,0
2024-08-13,sz.300160,35.2369637300,35.4662715200,34.7783481500,35.3133996600,35.1605278000,4773820,21912680.6000,0.628600,1,0.434800,16.320735,1.451523,2.395852,-22.350562,0
2024-08-14,sz.300160,35.3133996600,35.5427074500,35.1605278000,35.2369637300,35.3133996600,3354400,15496087.0000,0.441700,1,-0.216500,16.285409,1.448381,2.390667,-22.302184,0
2024-08-15,sz.300160,35.1605278000,35.8484511700,34.7783481500,35.6955793100,35.2369637300,4929380,22884965.0000,0.649100,1,1.301500,16.497367,1.467232,2.421782,-22.592451,0
2024-08-16,sz.300160,35.7720152400,35.9248871000,35.3898355900,35.4662715200,35.6955793100,5025880,23423355.4000,0.661800,1,-0.642400,16.391388,1.457807,2.406224,-22.447317,0
2024-08-19,sz.300160,34.9312200100,35.2369637300,33.6318092000,34.0139888500,35.4662715200,13220900,58853887.0000,1.741000,1,-4.094800,16.635890,1.415153,2.262815,-14.074778,0
2024-08-20,sz.300160,34.3197325700,34.3197325700,33.0203217600,33.3260654800,34.0139888500,6696700,29293385.0000,0.881900,1,-2.022500,16.299434,1.386532,2.217050,-13.790119,0
2024-08-21,sz.300160,33.0203217600,33.5553732700,32.9438858300,33.2496295500,33.3260654800,3561803,15505885.0500,0.469000,1,-0.229400,16.262050,1.383352,2.211965,-13.758491,0
2024-08-22,sz.300160,33.4025014100,33.4025014100,32.5617061800,32.7145780400,33.2496295500,4392703,18911993.8400,0.578500,1,-1.609200,16.000362,1.361091,2.176371,-13.537090,0
2024-08-23,sz.300160,32.4852702500,32.7145780400,32.0266546700,32.3323983900,32.7145780400,4197100,17746797.0000,0.552700,1,-1.168200,15.813442,1.345190,2.150946,-13.378946,0
2024-08-26,sz.300160,32.4088343200,33.1731936200,32.4088343200,33.0203217600,32.3323983900,4068980,17521998.2000,0.535800,1,2.127700,16.149898,1.373811,2.196710,-13.663604,0
2024-08-27,sz.300160,33.0967576900,33.2496295500,32.4852702500,32.6381421100,33.0203217600,3334900,14312373.0000,0.439200,1,-1.157400,15.962978,1.357911,2.171286,-13.505461,0
2024-08-28,sz.300160,32.5617061800,34.3197325700,32.4852702500,33.1731936200,32.6381421100,9439100,41359961.0000,1.243000,1,1.639300,16.224666,1.380172,2.206880,-13.726862,0
2024-08-29,sz.300160,33.0203217600,34.0139888500,32.7910139700,33.8611169900,33.1731936200,8410980,36960454.0000,1.107600,1,2.073700,16.561122,1.408793,2.252645,-14.011520,0
2024-08-30,sz.300160,33.8611169900,35.0840918700,33.7082451300,34.4726044300,33.8611169900,8796319,39730921.6900,1.158300,1,1.805900,16.860195,1.434234,2.293325,-14.264550,0
2024-09-02,sz.300160,34.3961685000,35.3133996600,33.8611169900,33.9375529200,34.4726044300,10555621,47337755.5500,1.390000,1,-1.552100,16.598506,1.411973,2.257730,-14.043149,0
2024-09-03,sz.300160,33.8611169900,34.7019122200,33.8611169900,34.3197325700,33.9375529200,6016500,27009844.0000,0.792300,1,1.126100,16.785427,1.427873,2.283155,-14.201293,0
2024-09-04,sz.300160,34.0904247800,36.1541948900,33.8611169900,34.7019122200,34.3197325700,10237680,46208171.8000,1.348100,1,1.113600,16.972347,1.443774,2.308580,-14.359436,0
2024-09-05,sz.300160,34.3961685000,38.9823243000,34.1668607100,36.9185541900,34.7019122200,38290377,183397794.1100,5.042200,1,6.387700,18.056483,1.535997,2.456044,-15.276669,0
2024-09-06,sz.300160,35.6191433800,36.3835026800,34.7019122200,34.9312200100,36.9185541900,23589000,108942133.6400,3.106300,1,-5.383000,17.084499,1.453314,2.323835,-14.454322,0
2024-09-09,sz.300160,34.3961685000,35.4662715200,34.0139888500,34.4726044300,34.9312200100,10962800,49520786.0000,1.443600,1,-1.312900,16.860195,1.434234,2.293325,-14.264550,0
2024-09-10,sz.300160,34.5490403600,34.7019122200,33.5553732700,34.1668607100,34.4726044300,9205109,40930149.6000,1.212200,1,-0.886900,16.710659,1.421513,2.272985,-14.138035,0
2024-09-11,sz.300160,33.8611169900,34.2432966400,33.7082451300,33.9375529200,34.1668607100,5279003,23467318.2300,0.695200,1,-0.671100,16.598506,1.411973,2.257730,-14.043149,0
2024-09-12,sz.300160,34.0904247800,34.5490403600,33.9375529200,34.1668607100,33.9375529200,7262254,32606101.3800,0.956300,1,0.675700,16.710659,1.421513,2.272985,-14.138035,0
2024-09-13,sz.300160,34.0139888500,34.3961685000,33.0967576900,33.1731936200,34.1668607100,7359528,32335697.9200,0.969100,1,-2.908300,16.224666,1.380172,2.206880,-13.726862,0
2024-09-18,sz.300160,33.3260654800,33.3260654800,31.8737828100,32.3323983900,33.1731936200,7437165,31516021.9800,0.979400,1,-2.534600,15.813442,1.345190,2.150946,-13.378946,0
2024-09-19,sz.300160,32.5617061800,33.4789373400,32.4852702500,33.3260654800,32.3323983900,6905165,29869502.2000,0.909300,1,3.073300,16.299434,1.386532,2.217050,-13.790119,0
2024-09-20,sz.300160,33.2496295500,33.4025014100,32.8674499000,33.0967576900,33.3260654800,4265200,18448172.6000,0.561700,1,-0.688100,16.187282,1.376991,2.201795,-13.695233,0
2024-09-23,sz.300160,33.1731936200,33.4789373400,32.9438858300,33.3260654800,33.0967576900,4313000,18796650.0000,0.568000,1,0.692800,16.299434,1.386532,2.217050,-13.790119,0
2024-09-24,sz.300160,33.4789373400,34.7019122200,33.3260654800,34.7019122200,33.3260654800,9478000,42266845.0000,1.248100,1,4.128400,16.972347,1.443774,2.308580,-14.359436,0
2024-09-25,sz.300160,35.1605278000,35.8484511700,34.8547840800,35.0076559400,34.7019122200,11525400,53320016.0000,1.517700,1,0.881100,17.121883,1.456494,2.328920,-14.485951,0
2024-09-26,sz.300160,35.0076559400,35.9248871000,34.7783481500,35.8484511700,35.0076559400,9969600,46220308.0000,1.312800,1,2.401700,17.533107,1.491476,2.384855,-14.833867,0
2024-09-27,sz.300160,36.5363745400,38.0650931400,36.3070667500,37.5300416300,35.8484511700,17258223,83732170.7600,2.272600,1,4.690800,18.355556,1.561438,2.496724,-15.529699,0
2024-09-30,sz.300160,39.3645039500,43.1098645200,38.6001446500,42.1926333600,37.5300416300,37256189,198052598.6000,4.906100,1,12.423600,20.635981,1.755426,2.806908,-17.459050,0
2024-10-08,sz.300160,50.2948419400,50.2948419400,43.9506597500,47.0080969500,42.1926333600,54430950,332004322.2100,7.167700,1,11.413000,22.991174,1.955773,3.127261,-19.451659,0
2024-10-09,sz.300160,45.4793783500,45.7086861400,40.8932225500,40.9696584800,47.0080969500,34049513,192765764.2800,4.483800,1,-12.845500,20.037837,1.704544,2.725548,-16.952991,0
2024-10-10,sz.300160,41.9633255700,42.8805567300,40.5110429000,41.6575818500,40.9696584800,21045269,115542513.8500,2.771300,1,1.679100,20.374293,1.733165,2.771313,-17.237649,0
2024-10-11,sz.300160,41.7340177800,41.8868896400,39.3645039500,39.7466836000,41.6575818500,15011320,79259881.6000,1.976800,1,-4.587200,19.439692,1.653662,2.644188,-16.446931,0
2024-10-14,sz.300160,40.1288632500,41.6575818500,38.9823243000,41.5811459200,39.7466836000,18108635,96059110.6100,2.384600,1,4.615400,20.336909,1.729985,2.766228,-17.206020,0
2024-10-15,sz.300160,41.8868896400,43.4920441700,41.1989662700,41.5811459200,41.5811459200,28143650,154956045.1200,3.706100,1,0.000000,20.336909,1.729985,2.766228,-17.206020,0
2024-10-16,sz.300160,40.8932225500,42.0397615000,40.5874788300,40.9696584800,41.5811459200,14255181,76970499.6200,1.877200,1,-1.470600,20.037837,1.704544,2.725548,-16.952991,0
2024-10-17,sz.300160,41.2754022000,41.8868896400,40.9696584800,41.0460944100,40.9696584800,13891385,75364080.6000,1.829300,1,0.186600,20.075221,1.707724,2.730633,-16.984619,0
2024-10-18,sz.300160,40.8932225500,42.6512489400,40.8167866200,41.8868896400,41.0460944100,16239800,88504078.0000,2.138500,1,2.048400,20.486445,1.742705,2.786568,-17.332535,0
2024-10-21,sz.300160,41.9633255700,42.9569926600,41.6575818500,42.4219411500,41.8868896400,20343820,112242236.8000,2.679000,1,1.277400,20.748133,1.764966,2.822163,-17.553936,0
2024-10-22,sz.300160,42.1926333600,43.0334285900,41.9633255700,42.7276848700,42.4219411500,16860835,93673518.3600,2.220300,1,0.720700,20.897669,1.777686,2.842503,-17.680451,0
2024-10-23,sz.300160,43.0334285900,44.2564034700,43.0334285900,43.4920441700,42.7276848700,25762681,146820082.8700,3.392500,1,1.788900,20.678929,1.765533,2.914288,-235.402336,0
2024-10-24,sz.300160,43.7213519600,43.9506597500,42.8041208000,42.9569926600,43.4920441700,14614705,82700682.1000,1.924500,1,-1.230200,20.424531,1.743813,2.878436,-232.506349,0
2024-10-25,sz.300160,43.5684801000,44.4857112600,43.4156082400,44.2564034700,42.9569926600,20815246,119808777.5800,2.741000,1,3.024900,21.042355,1.796561,2.965506,-239.539459,0
2024-10-28,sz.300160,44.2564034700,45.0971987000,44.1799675400,45.0971987000,44.2564034700,18482865,107998303.9000,2.433900,1,1.899800,21.442124,1.830693,3.021846,-244.090295,0
2024-10-29,sz.300160,45.2500705600,45.4029424200,43.2627363800,43.3391723100,45.0971987000,25491314,147158691.9400,3.356800,1,-3.898300,20.606244,1.759327,2.904045,-234.574911,0
2024-10-30,sz.300160,43.1098645200,43.7977878900,42.4983770800,42.9569926600,43.3391723100,15525094,87539769.4800,2.044400,1,-0.881800,20.424531,1.743813,2.878436,-232.506349,0
2024-10-31,sz.300160,44.3328394000,46.6259173000,44.1035316100,45.0971987000,42.9569926600,46519613,276357468.5000,6.125900,1,4.982200,21.442124,1.830693,3.021846,-244.090295,0
2024-11-01,sz.300160,44.4092753300,46.3201735800,43.0334285900,43.9506597500,45.0971987000,41969639,246336794.6900,5.526700,1,-2.542400,20.896985,1.784150,2.945019,-237.884610,0
2024-11-04,sz.300160,43.7977878900,44.4092753300,43.1863004500,43.8742238200,43.9506597500,21763932,124719493.8400,2.866000,1,-0.173900,20.860642,1.781047,2.939897,-237.470897,0
2024-11-05,sz.300160,43.8742238200,44.9443268400,43.6449160300,44.8678909100,43.8742238200,25378892,147276350.0000,3.342000,1,2.264800,21.333096,1.821384,3.006480,-242.849158,0
2024-11-06,sz.300160,45.0971987000,46.6259173000,44.3328394000,45.7086861400,44.8678909100,41560646,249151452.5900,5.472900,1,1.873900,21.732864,1.855516,3.062820,-247.399994,0
2024-11-07,sz.300160,45.8615580000,48.8425592700,45.7086861400,48.1546359000,45.7086861400,52176001,323659117.6500,6.870800,1,5.351200,22.895827,1.954808,3.226717,-260.638790,0
2024-11-08,sz.300160,49.3011748500,50.0655341500,47.2374047400,47.4667125300,48.1546359000,54298346,343462796.6200,7.150200,1,-1.428600,22.568744,1.926882,3.180621,-256.915379,0
2024-11-11,sz.300160,47.1609688100,47.4667125300,46.3201735800,47.3138406700,47.4667125300,29798059,183113106.2900,3.923900,1,-0.322100,22.496059,1.920676,3.170377,-256.087954,0
2024-11-12,sz.300160,47.4667125300,48.4603796200,46.6259173000,46.9316610200,47.3138406700,26217149,163238159.3700,3.452400,1,-0.807800,22.314346,1.905162,3.144768,-254.019392,0
2024-11-13,sz.300160,46.3201735800,48.6896874100,45.5558142800,48.2310718300,46.9316610200,37951740,234466732.3400,4.997700,1,2.768700,22.932170,1.957911,3.231838,-261.052502,0
2024-11-14,sz.300160,48.0781999700,48.5368155500,46.7023532300,46.7023532300,48.2310718300,23925820,149279363.6000,3.150700,1,-3.169600,22.205318,1.895853,3.129403,-252.778255,0
2024-11-15,sz.300160,46.4730454400,47.1609688100,45.4029424200,45.4029424200,46.7023532300,19360300,116525637.0000,2.549400,1,-2.782300,21.587494,1.843104,3.042333,-245.745145,0
2024-11-18,sz.300160,45.4029424200,45.9379939300,43.3391723100,43.9506597500,45.4029424200,18079886,104818318.6600,2.380800,1,-3.198700,20.896985,1.784150,2.945019,-237.884610,0
2024-11-19,sz.300160,44.0270956800,45.1736346300,43.7213519600,45.1736346300,43.9506597500,11910980,69309732.4000,1.568500,1,2.782600,21.478466,1.833796,3.026967,-244.504008,0
2024-11-20,sz.300160,44.8678909100,45.7086861400,44.7914549800,45.5558142800,45.1736346300,13349220,79112293.0000,1.757900,1,0.846000,21.660179,1.849310,3.052576,-246.572569,0
2024-11-21,sz.300160,45.4793783500,45.7086861400,44.7150190500,45.2500705600,45.5558142800,11079240,65660688.2000,1.459000,1,-0.671100,21.514809,1.836899,3.032089,-244.917720,0
2024-11-22,sz.300160,45.2500705600,45.6322502100,43.0334285900,43.1098645200,45.2500705600,14409190,83814128.6000,1.897500,1,-4.729700,20.497217,1.750018,2.888680,-233.333774,0
2024-11-25,sz.300160,43.1863004500,44.2564034700,42.6512489400,44.1799675400,43.1098645200,11938300,68106893.0000,1.572100,1,2.482300,21.006013,1.793459,2.960384,-239.125747,0
2024-11-26,sz.300160,43.9506597500,46.4730454400,43.9506597500,44.5621471900,44.1799675400,14986571,87929033.7700,1.973500,1,0.865100,21.187726,1.808973,2.985993,-241.194309,0
2024-11-27,sz.300160,44.3328394000,44.8678909100,43.0334285900,44.8678909100,44.5621471900,12413800,71506425.0000,1.634700,1,0.686100,21.333096,1.821384,3.006480,-242.849158,0
2024-11-28,sz.300160,44.9443268400,45.5558142800,44.7914549800,44.9443268400,44.8678909100,11925700,70607064.0000,1.570400,1,0.170400,21.369439,1.824487,3.011602,-243.262871,0
2024-11-29,sz.300160,44.7914549800,45.7086861400,44.4857112600,45.3265064900,44.9443268400,11877900,70189571.0000,1.564100,1,0.850300,21.551151,1.840002,3.037211,-245.331432,0
2024-12-02,sz.300160,45.2500705600,46.4730454400,45.0971987000,46.4730454400,45.3265064900,16006700,96577737.0000,2.107800,1,2.529500,22.096290,1.886545,3.114038,-251.537118,0
2024-12-03,sz.300160,46.6259173000,46.7787891600,45.9379939300,46.4730454400,46.4730454400,12615500,76557694.0000,1.661300,1,0.000000,22.096290,1.886545,3.114038,-251.537118,0
2024-12-04,sz.300160,46.5494813700,46.5494813700,45.0971987000,45.4793783500,46.4730454400,12058300,72200905.0000,1.587900,1,-2.138200,21.623837,1.846207,3.047455,-246.158857,0
2024-12-05,sz.300160,45.2500705600,46.6259173000,45.2500705600,46.6259173000,45.4793783500,13119297,79096169.7600,1.727600,1,2.521000,22.168975,1.892750,3.124281,-252.364543,0
2024-12-06,sz.300160,46.5494813700,46.7787891600,45.9379939300,46.6259173000,46.6259173000,13648100,83000232.0000,1.797200,1,0.000000,22.168975,1.892750,3.124281,-252.364543,0
2024-12-09,sz.300160,46.7023532300,48.8425592700,46.3201735800,48.0017640400,46.6259173000,38909965,242311892.7900,5.123800,1,2.950800,22.823142,1.948602,3.216473,-259.811365,0
2024-12-10,sz.300160,48.9954311300,50.0655341500,46.9316610200,47.1609688100,48.0017640400,57088194,364126726.0800,7.517600,1,-1.751600,22.423373,1.914470,3.160134,-255.260529,0
2024-12-11,sz.300160,47.0080969500,47.4667125300,46.6259173000,47.2374047400,47.1609688100,23095860,142282965.6000,3.041400,1,0.162100,22.459716,1.917573,3.165255,-255.674241,0
2024-12-12,sz.300160,47.0080969500,47.2374047400,46.4730454400,47.0845328800,47.2374047400,18700415,114738668.6500,2.462600,1,-0.323600,22.387031,1.911368,3.155012,-254.846817,0
2024-12-13,sz.300160,46.8552250900,46.9316610200,45.8615580000,46.0144298600,47.0845328800,16854820,102047593.4000,2.219500,1,-2.272700,21.878235,1.867927,3.083307,-249.054844,0
2024-12-16,sz.300160,46.0144298600,46.2437376500,45.0971987000,45.3265064900,46.0144298600,13370865,79807121.1500,1.760700,1,-1.495000,21.551151,1.840002,3.037211,-245.331432,0
2024-12-17,sz.300160,45.4029424200,45.4793783500,43.1863004500,43.1863004500,45.3265064900,17428600,100320666.0000,2.295100,1,-4.721800,20.533559,1.753121,2.893801,-233.747486,0
2024-12-18,sz.300160,43.4156082400,43.8742238200,42.9569926600,43.4156082400,43.1863004500,11592100,65936202.0000,1.526500,1,0.531000,20.642587,1.762430,2.909167,-234.988623,0
2024-12-19,sz.300160,43.0334285900,43.6449160300,42.5748130100,43.4920441700,43.4156082400,10041600,56614379.0000,1.322300,1,0.176100,20.678929,1.765533,2.914288,-235.402336,0
2024-12-20,sz.300160,43.4920441700,44.0270956800,43.2627363800,43.6449160300,43.4920441700,9715565,55653451.4500,1.279400,1,0.351500,20.751615,1.771738,2.924532,-236.229760,0
2024-12-23,sz.300160,43.6449160300,43.8742238200,41.5047099900,41.7340177800,43.6449160300,12138183,67405258.3900,1.598400,1,-4.378300,19.843050,1.694167,2.796488,-225.886951,0
2024-12-24,sz.300160,41.9633255700,42.8041208000,41.9633255700,42.4219411500,41.7340177800,7539080,41751805.0000,0.992800,1,1.648400,20.170133,1.722093,2.842584,-229.610362,0
2024-12-25,sz.300160,42.2690692900,42.6512489400,41.0460944100,41.5811459200,42.4219411500,7830119,42530356.6000,1.031100,1,-1.982000,19.770365,1.687961,2.786244,-225.059526,0
2024-12-26,sz.300160,41.5047099900,42.2690692900,41.5047099900,42.0397615000,41.5811459200,5304229,29192838.5900,0.698500,1,1.102900,19.988420,1.706578,2.816975,-227.541801,0
2024-12-27,sz.300160,42.0397615000,44.1035316100,42.0397615000,43.1863004500,42.0397615000,14848100,84121729.0000,1.955300,1,2.727300,20.533559,1.753121,2.893801,-233.747486,0
2024-12-30,sz.300160,42.8805567300,43.1863004500,42.1926333600,42.8041208000,43.1863004500,7757900,43360304.0000,1.021600,1,-0.885000,20.351846,1.737607,2.868192,-231.678924,0
2024-12-31,sz.300160,42.8041208000,43.1098645200,41.5047099900,41.5811459200,42.8041208000,7944065,43837468.8500,1.046100,1,-2.857100,19.770365,1.687961,2.786244,-225.059526,0
2025-01-02,sz.300160,41.5811459200,42.0397615000,40.2052991800,40.5110429000,41.5811459200,8843400,47576141.0000,1.164500,1,-2.573500,19.261569,1.644521,2.714539,-219.267553,0
2025-01-03,sz.300160,40.6639147600,40.8932225500,38.7530165100,38.8294524400,40.5110429000,10359405,53789845.1000,1.364200,1,-4.150900,18.462032,1.576258,2.601860,-210.165881,0
2025-01-06,sz.300160,38.8294524400,39.3645039500,37.4536057000,38.8294524400,38.8294524400,7989100,40316159.0000,1.052000,1,0.000000,18.462032,1.576258,2.601860,-210.165881,0
2025-01-07,sz.300160,38.9823243000,40.2052991800,38.9823243000,40.2052991800,38.8294524400,8131200,42143148.0000,1.070800,1,3.543300,19.116198,1.632109,2.694052,-217.612704,0
2025-01-08,sz.300160,39.9759913900,40.0524273200,38.3708368600,39.5938117400,40.2052991800,10060900,51805810.0000,1.324900,1,-1.520900,18.825458,1.607286,2.653078,-214.303005,0
2025-01-09,sz.300160,39.5173758100,40.1288632500,39.2116320900,39.6702476700,39.5938117400,5829600,30345802.0000,0.767700,1,0.193100,18.861800,1.610389,2.658200,-214.716717,0
2025-01-10,sz.300160,39.7466836000,39.9759913900,38.2179650000,38.2179650000,39.6702476700,7943200,40558231.0000,1.046000,1,-3.660900,18.171291,1.551435,2.560886,-206.856182,0
2025-01-13,sz.300160,37.8357853500,38.4472727900,37.0714260500,38.4472727900,38.2179650000,7038605,34933021.8500,0.926900,1,0.600000,18.280319,1.560743,2.576251,-208.097320,0
2025-01-14,sz.300160,38.4472727900,40.0524273200,38.4472727900,39.9759913900,38.4472727900,8478400,43828673.0000,1.116500,1,3.976100,19.007171,1.622801,2.678687,-216.371567,0
2025-01-15,sz.300160,40.0524273200,40.5110429000,39.6702476700,40.2817351100,39.9759913900,8779300,46113093.0000,1.156100,1,0.764800,19.152541,1.635212,2.699174,-218.026416,0
2025-01-16,sz.300160,40.5110429000,41.3518381300,40.4346069700,40.8167866200,40.2817351100,9217400,49314849.0000,1.213800,1,1.328300,19.406939,1.656932,2.735026,-220.922403,0
2025-01-17,sz.300160,40.8167866200,40.8167866200,40.1288632500,40.3581710400,40.8167866200,7424393,39284323.9700,0.977700,1,-1.123600,19.188884,1.638315,2.704296,-218.440129,0
2025-01-20,sz.300160,40.5110429000,40.9696584800,40.2817351100,40.8932225500,40.3581710400,7013293,37429217.7600,0.923500,1,1.325800,19.443282,1.660035,2.740148,-221.336115,0
2025-01-21,sz.300160,41.0460944100,41.1225303400,40.3581710400,40.5110429000,40.8932225500,5297100,28141825.0000,0.697500,1,-0.934600,19.261569,1.644521,2.714539,-219.267553,0
2025-01-22,sz.300160,40.5110429000,40.5874788300,39.8231195300,40.0524273200,40.5110429000,4973600,26110014.0000,0.654900,1,-1.132100,19.043513,1.625904,2.683809,-216.785279,0
2025-01-23,sz.300160,40.5110429000,41.0460944100,40.1288632500,40.1288632500,40.0524273200,7247905,38600669.7500,0.954400,1,0.190800,19.079856,1.629006,2.688930,-217.198992,0
2025-01-24,sz.300160,40.3581710400,40.8932225500,40.0524273200,40.8167866200,40.1288632500,6862405,36383466.6000,0.903700,1,1.714300,19.406939,1.656932,2.735026,-220.922403,0
2025-01-27,sz.300160,40.8932225500,41.6575818500,40.8932225500,40.8932225500,40.8167866200,7319919,39491026.0300,0.963900,1,0.187300,19.443282,1.660035,2.740148,-221.336115,0
2025-02-05,sz.300160,41.2754022000,41.2754022000,40.5874788300,40.8167866200,40.8932225500,6846538,36621812.0600,0.901600,1,-0.186900,19.406939,1.656932,2.735026,-220.922403,0
2025-02-06,sz.300160,40.7403506900,41.4282740600,40.5110429000,41.4282740600,40.8167866200,7541100,40516274.0000,0.993000,1,1.498100,19.697680,1.681755,2.776001,-224.232102,0
2025-02-07,sz.300160,41.3518381300,42.4219411500,41.3518381300,41.9633255700,41.4282740600,11720396,64362015.8000,1.543400,1,1.291500,19.952078,1.703475,2.811853,-227.128088,0
2025-02-10,sz.300160,41.9633255700,42.2690692900,41.6575818500,42.1926333600,41.9633255700,7728500,42458419.6000,1.017700,1,0.546400,20.061106,1.712784,2.827218,-228.369225,0
2025-02-11,sz.300160,42.1161974300,42.2690692900,41.6575818500,41.8868896400,42.1926333600,6076000,33257812.0000,0.800100,1,-0.724600,19.915735,1.700372,2.806731,-226.714376,0
2025-02-12,sz.300160,41.9633255700,42.1161974300,41.5047099900,41.9633255700,41.8868896400,7454800,40775976.0000,0.981700,1,0.182500,19.952078,1.703475,2.811853,-227.128088,0
2025-02-13,sz.300160,42.0397615000,42.0397615000,41.3518381300,41.3518381300,41.9633255700,7930919,43259302.1700,1.044400,1,-1.457200,19.661337,1.678652,2.770879,-223.818389,0
2025-02-14,sz.300160,41.3518381300,41.6575818500,41.1225303400,41.1989662700,41.3518381300,6189940,33451387.4000,0.815100,1,-0.369700,19.588652,1.672447,2.760635,-222.990965,0
2025-02-17,sz.300160,41.2754022000,41.8104537100,41.1225303400,41.5811459200,41.1989662700,8650233,46946235.5200,1.139100,1,0.927600,19.770365,1.687961,2.786244,-225.059526,0
2025-02-18,sz.300160,41.6575818500,42.4219411500,40.7403506900,40.9696584800,41.5811459200,15394762,83891319.6200,2.027200,1,-1.470600,19.479624,1.663138,2.745270,-221.749828,0
2025-02-19,sz.300160,40.7403506900,41.1225303400,40.5110429000,40.9696584800,40.9696584800,12875090,68791931.2200,1.695400,1,0.000000,19.479624,1.663138,2.745270,-221.749828,0
2025-02-20,sz.300160,40.8932225500,41.1989662700,40.5110429000,41.0460944100,40.9696584800,10060607,53838126.2400,1.324800,1,0.186600,19.515967,1.666241,2.750392,-222.163540,0
2025-02-21,sz.300160,40.9696584800,41.1225303400,40.2817351100,40.8167866200,41.0460944100,8922300,47569612.0000,1.174900,1,-0.558700,19.406939,1.656932,2.735026,-220.922403,0
2025-02-24,sz.300160,40.7403506900,41.2754022000,40.5874788300,41.0460944100,40.8167866200,10737200,57501026.0000,1.413900,1,0.561800,19.515967,1.666241,2.750392,-222.163540,0
2025-02-25,sz.300160,40.8167866200,41.0460944100,40.3581710400,40.7403506900,41.0460944100,8555400,45602869.0000,1.126600,1,-0.744900,19.370596,1.653829,2.729905,-220.508690,0
2025-02-26,sz.300160,40.9696584800,41.8868896400,40.8167866200,41.8104537100,40.7403506900,12781327,69380493.3600,1.683100,1,2.626600,19.879393,1.697270,2.801609,-226.300664,0
2025-02-27,sz.300160,41.8868896400,41.8868896400,41.0460944100,41.6575818500,41.8104537100,11374900,61762338.0000,1.497900,1,-0.365600,19.806707,1.691064,2.791366,-225.473239,0
2025-02-28,sz.300160,41.9633255700,42.2690692900,40.4346069700,40.5874788300,41.6575818500,12187140,65977339.8000,1.604900,1,-2.568800,18.418579,1.647624,2.577112,-219.681266,0
2025-03-03,sz.300160,40.8167866200,41.8868896400,40.8167866200,41.1989662700,40.5874788300,15530540,84258407.4000,2.045100,1,1.506600,18.696072,1.672447,2.615939,-222.990965,0
2025-03-04,sz.300160,41.1989662700,41.5811459200,40.8167866200,41.4282740600,41.1989662700,7310280,39592511.6000,0.962600,1,0.556600,18.800132,1.681755,2.630499,-224.232102,0
2025-03-05,sz.300160,41.5047099900,41.5047099900,40.3581710400,40.8167866200,41.4282740600,10918900,58182600.2000,1.437800,1,-1.476000,18.522639,1.656932,2.591672,-220.922403,0
2025-03-06,sz.300160,40.8167866200,41.5811459200,40.5874788300,41.5047099900,40.8167866200,10985600,59265626.0000,1.446600,1,1.685400,18.834818,1.684858,2.635352,-224.645814,0
2025-03-07,sz.300160,41.4282740600,41.9633255700,41.2754022000,41.5047099900,41.5047099900,11943000,65032197.0000,1.572700,1,0.000000,18.834818,1.684858,2.635352,-224.645814,0
2025-03-10,sz.300160,41.6575818500,41.8868896400,41.1989662700,41.5811459200,41.5047099900,8774520,47608726.2000,1.155500,1,0.184200,18.869505,1.687961,2.640205,-225.059526,0
2025-03-11,sz.300160,41.1225303400,41.5811459200,40.7403506900,41.5047099900,41.5811459200,8813200,47495342.0000,1.160600,1,-0.183800,18.834818,1.684858,2.635352,-224.645814,0
2025-03-12,sz.300160,41.5047099900,42.3455052200,41.5047099900,42.0397615000,41.5047099900,15191647,83405371.0900,2.000500,1,1.289100,19.077624,1.706578,2.669325,-227.541801,0
2025-03-13,sz.300160,41.9633255700,42.1161974300,41.1989662700,41.7340177800,42.0397615000,10048046,54613026.0000,1.323200,1,-0.727300,18.938878,1.694167,2.649912,-225.886951,0
2025-03-14,sz.300160,41.7340177800,42.7276848700,41.3518381300,42.6512489400,41.7340177800,14128212,78075081.8400,1.860500,1,2.197800,19.355117,1.731401,2.708152,-230.851500,0
2025-03-17,sz.300160,42.6512489400,43.0334285900,42.4983770800,42.8805567300,42.6512489400,11999200,67076299.0000,1.580100,1,0.537600,19.459177,1.740710,2.722712,-232.092637,0
2025-03-18,sz.300160,42.9569926600,43.5684801000,42.7276848700,43.4920441700,42.8805567300,11898500,67217963.0000,1.566800,1,1.426000,19.736670,1.765533,2.761538,-235.402336,0
2025-03-19,sz.300160,43.6449160300,43.6449160300,42.8805567300,43.5684801000,43.4920441700,16018044,90712135.8000,2.109300,1,0.175700,19.771356,1.768636,2.766392,-235.816048,0
2025-03-20,sz.300160,43.4156082400,43.7213519600,43.1863004500,43.2627363800,43.5684801000,13240503,75285829.9800,1.743600,1,-0.701800,19.632610,1.756224,2.746978,-234.161199,0
2025-03-21,sz.300160,43.2627363800,43.7213519600,42.7276848700,43.4920441700,43.2627363800,17680600,99916351.0000,2.328300,1,0.530000,19.736670,1.765533,2.761538,-235.402336,0
2025-03-24,sz.300160,43.3391723100,43.4920441700,42.1161974300,43.0334285900,43.4920441700,17274700,96896649.0000,2.274800,1,-1.054500,19.528550,1.746916,2.732419,-232.920061,0
2025-03-25,sz.300160,43.0334285900,43.1863004500,42.1161974300,42.3455052200,43.0334285900,20208939,112556131.2800,2.661200,1,-1.598600,19.216371,1.718990,2.688739,-229.196650,0
2025-03-26,sz.300160,42.1926333600,44.1035316100,42.1161974300,43.2627363800,42.3455052200,19472159,110309469.7900,2.564200,1,2.166100,19.632610,1.756224,2.746978,-234.161199,0
2025-03-27,sz.300160,43.3391723100,43.4156082400,42.1926333600,42.9569926600,43.2627363800,13616100,76362698.0000,1.793000,1,-0.706700,19.493864,1.743813,2.727565,-232.506349,0
2025-03-28,sz.300160,42.8041208000,42.9569926600,42.2690692900,42.4219411500,42.9569926600,10099203,56188754.7700,1.329900,1,-1.245600,19.251057,1.722093,2.693592,-229.610362,0
2025-03-31,sz.300160,42.1161974300,42.4983770800,40.8167866200,41.3518381300,42.4219411500,13625261,74125983.5700,1.794200,1,-2.522500,18.765445,1.678652,2.625646,-223.818389,0
2025-04-01,sz.300160,41.3518381300,42.6512489400,41.3518381300,41.8868896400,41.3518381300,14023761,77289586.4500,1.846700,1,1.293900,19.008251,1.700372,2.659619,-226.714376,0
2025-04-02,sz.300160,41.7340177800,42.8805567300,41.5811459200,42.1161974300,41.8868896400,10135503,56112927.5300,1.334700,1,0.547400,19.112311,1.709681,2.674179,-227.955513,0
2025-04-03,sz.300160,41.8868896400,42.6512489400,41.7340177800,42.2690692900,42.1161974300,9886561,54534352.7200,1.301900,1,0.363000,19.181684,1.715887,2.683885,-228.782938,0
2025-04-07,sz.300160,39.5938117400,40.1288632500,34.2432966400,35.0840918700,42.2690692900,24807868,119723342.0500,3.266800,1,-16.998200,15.921145,1.424217,2.227673,-189.893975,0
2025-04-08,sz.300160,35.3898355900,36.9949901200,35.1605278000,36.0777589600,35.0840918700,17517650,82759090.0000,2.306800,1,2.832200,16.372070,1.464554,2.290767,-195.272236,0
2025-04-09,sz.300160,35.6191433800,37.3771697700,33.7082451300,36.9949901200,36.0777589600,19440277,91096944.5800,2.560000,1,2.542400,16.788310,1.501789,2.349006,-200.236785,0
2025-04-10,sz.300160,38.8294524400,40.0524273200,38.5237087200,38.6001446500,36.9949901200,19341760,99160621.8000,2.547000,1,4.338800,17.516728,1.566949,2.450926,-208.924744,0
2025-04-11,sz.300160,38.2944009300,38.9823243000,38.2179650000,38.2944009300,38.6001446500,11713762,59115729.2700,1.542500,1,-0.792100,17.377982,1.554538,2.431513,-207.269895,0
2025-04-14,sz.300160,38.7530165100,39.2116320900,38.6001446500,38.8294524400,38.2944009300,8734349,44518704.7800,1.150200,1,1.397200,17.620788,1.576258,2.465486,-210.165881,0
2025-04-15,sz.300160,38.6765805800,39.3645039500,38.6765805800,39.0587602300,38.8294524400,9820100,50162377.0000,1.293200,1,0.590600,17.724847,1.585566,2.480046,-211.407018,0
2025-04-16,sz.300160,38.9823243000,39.2116320900,38.0650931400,38.8294524400,39.0587602300,8467300,42825779.0000,1.115000,1,-0.587100,17.620788,1.576258,2.465486,-210.165881,0
2025-04-17,sz.300160,38.6765805800,39.2116320900,38.6001446500,38.6765805800,38.8294524400,9797520,49878375.2000,1.285200,1,-0.393700,17.826262,1.548940,2.464747,4.228194,0
2025-04-18,sz.300160,38.6765805800,38.9058883700,38.0650931400,38.7530165100,38.6765805800,8546100,43048533.0000,1.121000,1,0.197600,17.861492,1.552001,2.469618,4.236550,0
2025-04-21,sz.300160,38.4472727900,39.4409398800,38.4472727900,39.4409398800,38.7530165100,7899700,40432072.0000,1.036200,1,1.775100,18.178560,1.579552,2.513458,4.311755,0
2025-04-22,sz.300160,39.2880680200,39.9759913900,39.2880680200,39.8231195300,39.4409398800,7136619,37043431.1800,0.936100,1,0.969000,18.354709,1.594858,2.537813,4.353536,0
2025-04-23,sz.300160,40.1288632500,40.7403506900,39.9759913900,40.5874788300,39.8231195300,9427500,49856714.0000,1.236600,1,1.919400,18.707006,1.625469,2.586523,4.437097,0
2025-04-24,sz.300160,40.8932225500,41.3518381300,40.5110429000,40.7403506900,40.5874788300,12764600,68406245.0000,1.674400,1,0.376600,17.916175,1.578982,2.510620,8.382929,0
2025-04-25,sz.300160,40.8932225500,41.5047099900,40.8932225500,41.2754022000,40.7403506900,10288420,55477675.4000,1.349500,1,1.313300,18.151472,1.599719,2.543593,8.493024,0
2025-04-28,sz.300160,41.4282740600,41.4282740600,40.5110429000,40.6639147600,41.2754022000,9302020,49656077.2000,1.220200,1,-1.481500,17.882561,1.576019,2.505910,8.367201,0
2025-04-29,sz.300160,40.7403506900,41.2754022000,40.2817351100,40.8167866200,40.6639147600,7554800,40461513.0000,0.991000,1,0.375900,17.949789,1.581944,2.515331,8.398657,0
2025-04-30,sz.300160,40.9696584800,41.4282740600,40.7403506900,40.7403506900,40.8167866200,7344980,39464829.4000,0.963500,1,-0.187300,17.916175,1.578982,2.510620,8.382929,0
2025-05-06,sz.300160,40.9696584800,42.2690692900,40.9696584800,42.2690692900,40.7403506900,12927700,70694331.0500,1.695700,1,3.752300,18.588452,1.638231,2.604827,8.697485,0
2025-05-07,sz.300160,42.6512489400,42.6512489400,41.8868896400,42.4219411500,42.2690692900,10715700,59183279.0000,1.405600,1,0.361700,18.655680,1.644155,2.614248,8.728941,0
2025-05-08,sz.300160,42.1161974300,42.7276848700,41.9633255700,42.5748130100,42.4219411500,8277200,45988676.0000,1.085700,1,0.360400,18.722907,1.650080,2.623669,8.760396,0
2025-05-09,sz.300160,42.4983770800,42.6512489400,42.1161974300,42.3455052200,42.5748130100,7075195,39177775.3000,0.928100,1,-0.538600,18.622066,1.641193,2.609538,8.713213,0
2025-05-12,sz.300160,42.5748130100,42.9569926600,42.4219411500,42.5748130100,42.3455052200,8178300,45673460.7700,1.072800,1,0.541500,18.722907,1.650080,2.623669,8.760396,0
2025-05-13,sz.300160,43.1098645200,43.1863004500,42.4219411500,42.4983770800,42.5748130100,7875900,43965342.0000,1.033100,1,-0.179500,18.689293,1.647118,2.618958,8.744669,0
2025-05-14,sz.300160,42.4983770800,42.8041208000,42.0397615000,42.5748130100,42.4983770800,7745800,43003801.0000,1.016000,1,0.179900,18.722907,1.650080,2.623669,8.760396,0
2025-05-15,sz.300160,42.4219411500,42.4983770800,42.0397615000,42.2690692900,42.5748130100,6286500,34787049.0000,0.824600,1,-0.718100,18.588452,1.638231,2.604827,8.697485,0
2025-05-16,sz.300160,42.0397615000,42.5748130100,42.0397615000,42.1926333600,42.2690692900,5550200,30761530.0000,0.728000,1,-0.180800,18.554838,1.635268,2.600117,8.681757,0
2025-05-19,sz.300160,42.4261681000,42.6597066400,42.1147833800,42.5040142800,42.1926295600,7589603,41402395.8800,0.995500,1,0.738000,18.353155,1.617493,2.571855,8.587390,0
2025-05-20,sz.300160,42.7375528200,42.8932451800,42.4261681000,42.7375528200,42.5040142800,6331100,34691234.0000,0.830500,1,0.549500,18.453997,1.626381,2.585986,8.634574,0
2025-05-21,sz.300160,42.6597066400,42.9710913600,42.2704757400,42.3483219200,42.7375528200,5587003,30552231.3500,0.732900,1,-0.910700,18.285927,1.611569,2.562434,8.555935,0
2025-05-22,sz.300160,41.9590910200,41.9590910200,40.8692445000,41.0249368600,42.3483219200,13270900,70311339.0000,1.740800,1,-3.125000,17.714492,1.561207,2.482358,8.288562,0
2025-05-23,sz.300160,41.1806292200,41.4920139400,40.7135521400,40.7913983200,41.0249368600,8681700,45875563.0000,1.138800,1,-0.569300,17.613651,1.552320,2.468227,8.241378,0
2025-05-26,sz.300160,40.8692445000,41.4141677600,40.6357059600,41.1806292200,40.7913983200,6693595,35317904.7500,0.878000,1,0.954200,17.781720,1.567132,2.491779,8.320017,0
2025-05-27,sz.300160,41.0249368600,41.2584754000,40.4800136000,41.1027830400,41.1806292200,6261800,32934579.0000,0.821400,1,-0.189000,17.748106,1.564169,2.487068,8.304290,0
2025-05-28,sz.300160,41.1806292200,41.6477063000,40.9470906800,41.2584754000,41.1027830400,8526151,45322720.4100,1.118400,1,0.378800,17.815334,1.570094,2.496489,8.335745,0
2025-05-29,sz.300160,41.1027830400,42.0369372000,41.1027830400,41.8812448400,41.2584754000,7728821,41436411.3500,1.013800,1,1.509400,18.084244,1.593794,2.534172,8.461568,0
2025-05-30,sz.300160,41.8812448400,42.3483219200,41.6477063000,41.8812448400,41.8812448400,8576191,46309495.9400,1.125000,1,0.000000,18.084244,1.593794,2.534172,8.461568,0
2025-06-03,sz.300160,41.7255524800,42.3483219200,41.4141677600,42.2704757400,41.8812448400,7332120,39680265.6000,0.961800,1,0.929400,18.252314,1.608606,2.557724,8.540207,0
2025-06-04,sz.300160,42.3483219200,42.7375528200,42.1926295600,42.6597066400,42.2704757400,6350421,34703533.8700,0.833000,1,0.920800,18.420383,1.623418,2.581276,8.618846,0
2025-06-05,sz.300160,42.7375528200,42.8153990000,42.1147833800,42.4261681000,42.6597066400,6108000,33302363.0000,0.801200,1,-0.547400,18.319541,1.614531,2.567144,8.571663,0
2025-06-06,sz.300160,42.3483219200,42.7375528200,42.1926295600,42.5818604600,42.4261681000,5336200,29113090.0000,0.700000,1,0.367000,18.386769,1.620456,2.576565,8.603118,0
2025-06-09,sz.300160,42.5040142800,42.7375528200,42.1147833800,42.5818604600,42.5818604600,7489669,40915273.8100,0.982400,1,0.000000,18.386769,1.620456,2.576565,8.603118,0
2025-06-10,sz.300160,42.5818604600,43.2046299000,42.1147833800,42.4261681000,42.5818604600,7948800,43585372.0000,1.042700,1,-0.365600,18.319541,1.614531,2.567144,8.571663,0
2025-06-11,sz.300160,42.4261681000,43.0489375400,42.3483219200,42.7375528200,42.4261681000,6816220,37478050.6000,0.894100,1,0.733900,18.453997,1.626381,2.585986,8.634574,0
2025-06-12,sz.300160,42.8153990000,42.9710913600,42.3483219200,42.5818604600,42.7375528200,5893632,32304690.7200,0.773100,1,-0.364300,18.386769,1.620456,2.576565,8.603118,0
2025-06-13,sz.300160,42.5818604600,42.5818604600,41.8033986600,41.8033986600,42.5818604600,6115300,33086248.0000,0.802200,1,-1.828200,18.050631,1.590831,2.529462,8.445840,0
2025-06-16,sz.300160,41.8033986600,42.2704757400,41.4920139400,41.7255524800,41.8033986600,6737400,36264112.0000,0.883800,1,-0.186200,18.017017,1.587869,2.524751,8.430112,0
2025-06-17,sz.300160,41.7255524800,42.2704757400,41.6477063000,41.9590910200,41.7255524800,5942500,32016578.0000,0.779500,1,0.559700,18.117858,1.596756,2.538882,8.477296,0
2025-06-18,sz.300160,41.9590910200,42.1147833800,41.5698601200,41.8033986600,41.9590910200,4791923,25697757.0500,0.628600,1,-0.371100,18.050631,1.590831,2.529462,8.445840,0
2025-06-19,sz.300160,41.8033986600,41.9590910200,40.7135521400,40.9470906800,41.8033986600,7876200,41731972.0000,1.033100,1,-2.048400,17.680878,1.558245,2.477648,8.272834,0
2025-06-20,sz.300160,40.9470906800,41.8033986600,40.8692445000,41.1806292200,40.9470906800,6375400,33884179.0000,0.836300,1,0.570300,17.781720,1.567132,2.491779,8.320017,0
2025-06-23,sz.300160,40.8692445000,42.1147833800,40.7913983200,41.9590910200,41.1806292200,6865500,36711500.0000,0.900600,1,1.890400,18.117858,1.596756,2.538882,8.477296,0
2025-06-24,sz.300160,42.0369372000,42.8932451800,41.9590910200,42.8153990000,41.9590910200,9616203,52633353.4700,1.261400,1,2.040800,18.487610,1.629343,2.590696,8.650302,0
2025-06-25,sz.300160,42.7375528200,43.0489375400,42.4261681000,42.8153990000,42.8153990000,6242100,34281143.0000,0.818800,1,0.000000,18.487610,1.629343,2.590696,8.650302,0
2025-06-26,sz.300160,42.8153990000,42.9710913600,42.3483219200,42.4261681000,42.8153990000,6931700,37960043.0000,0.909200,1,-0.909100,18.319541,1.614531,2.567144,8.571663,0
2025-06-27,sz.300160,42.5818604600,42.9710913600,42.4261681000,42.7375528200,42.4261681000,7000898,38495161.0200,0.918300,1,0.733900,18.453997,1.626381,2.585986,8.634574,0
2025-06-30,sz.300160,42.9710913600,43.7495531600,42.7375528200,43.7495531600,42.7375528200,14146198,78606804.0200,1.855600,1,2.367900,18.890976,1.664893,2.647221,8.839036,0
2025-07-01,sz.300160,43.2824760800,43.5160146200,42.6597066400,43.0489375400,43.7495531600,20063098,110698933.0000,2.631700,1,-1.601400,18.588452,1.638231,2.604827,8.697485,0
2025-07-02,sz.300160,42.9710913600,51.6898635200,42.9710913600,51.6898635200,43.0489375400,149841733,951120913.9700,19.655000,1,20.072300,22.319588,1.967062,3.127677,10.443273,0
2025-07-03,sz.300160,52.5461715000,53.8695565600,48.7317086800,53.0910947600,51.6898635200,195703331,1281279235.8600,25.670700,1,2.710800,22.924637,2.020386,3.212463,10.726374,0
2025-07-04,sz.300160,53.1689409400,54.3366336400,49.1987857600,49.6658628400,53.0910947600,127246646,832435225.8700,16.691200,1,-6.451600,21.445628,1.890038,3.005208,10.034350,0
2025-07-07,sz.300160,47.7197083400,49.2766319400,47.7197083400,48.2646316000,49.6658628400,89488197,554772915.1000,11.738300,1,-2.821300,20.840579,1.836714,2.920421,9.751249,0
2025-07-08,sz.300160,47.8754007000,51.6120173400,47.2526312600,50.6778631800,48.2646316000,126557176,806417696.3900,16.600700,1,5.000000,21.882608,1.928550,3.066442,10.238812,0
2025-07-09,sz.300160,49.9772475600,52.3126329600,49.1987857600,49.5101704800,50.6778631800,93118941,599883460.0600,12.214600,1,-2.304100,21.378400,1.884113,2.995787,10.002894,0
2025-07-10,sz.300160,49.5101704800,50.9114017200,48.5760163200,48.8095548600,49.5101704800,83880540,533407668.4000,11.002800,1,-1.415100,21.075876,1.857451,2.953394,9.861344,0
2025-07-11,sz.300160,49.3544781200,49.9772475600,47.7975545200,48.1867854200,48.8095548600,64582940,403855470.6000,8.471500,1,-1.275900,20.806965,1.833752,2.915711,9.735521,0
2025-07-14,sz.300160,48.2646316000,48.8095548600,47.9532468800,48.2646316000,48.1867854200,38785056,240671137.2800,5.087500,1,0.161600,20.840579,1.836714,2.920421,9.751249,0
2025-07-15,sz.300160,48.1867854200,48.1867854200,46.5520156400,46.7077080000,48.2646316000,50069040,302344080.0000,6.567600,1,-3.225800,20.168302,1.777465,2.826214,9.436693,0
2025-07-16,sz.300160,47.3304774400,47.6418621600,46.7855541800,47.0969389000,46.7077080000,28825516,174302847.6400,3.781100,1,0.833300,20.336371,1.792278,2.849766,9.515332,0
2025-07-17,sz.300160,47.1747850800,48.3424777800,46.7855541800,47.1747850800,47.0969389000,31188416,189106381.6100,4.091000,1,0.165300,20.369985,1.795240,2.854476,9.531060,0
2025-07-18,sz.300160,47.2526312600,47.4861698000,46.5520156400,46.7855541800,47.1747850800,25553940,153738249.6000,3.352000,1,-0.825100,20.201916,1.780428,2.830924,9.452421,0
2025-07-21,sz.300160,46.8634003600,47.9532468800,46.8634003600,47.8754007000,46.7855541800,37189040,227708281.8000,4.878100,1,2.329500,20.672510,1.821902,2.896869,9.672610,0
2025-07-22,sz.300160,47.6418621600,48.1089392400,47.1747850800,48.1089392400,47.8754007000,32855100,201146296.0000,4.309700,1,0.487800,20.773351,1.830789,2.911001,9.719794,0
2025-07-23,sz.300160,48.2646316000,49.8215552000,47.7975545200,48.0310930600,48.1089392400,53460178,334216981.6600,7.012500,1,-0.161800,20.739738,1.827827,2.906290,9.704066,0
2025-07-24,sz.300160,47.7197083400,49.0430934000,46.8634003600,48.8874010400,48.0310930600,43719665,270408905.3800,5.734800,1,1.782800,21.109490,1.860414,2.958104,9.877072,0
2025-07-25,sz.300160,48.8095548600,48.8874010400,47.6418621600,47.7197083400,48.8874010400,30973649,191606445.6000,4.062900,1,-2.388500,20.605282,1.815977,2.887449,9.641154,0
2025-07-28,sz.300160,47.7975545200,48.9652472200,47.1747850800,47.7975545200,47.7197083400,26247160,161460730.2000,3.442900,1,0.163100,20.638896,1.818939,2.892159,9.656882,0
2025-07-29,sz.300160,47.7975545200,47.9532468800,46.7077080000,47.4861698000,47.7975545200,25400300,154047713.0000,3.331800,1,-0.651500,20.504441,1.807090,2.873318,9.593971,0
2025-07-30,sz.300160,47.2526312600,47.4861698000,46.7855541800,47.0969389000,47.4861698000,19083800,115562814.9300,2.503300,1,-0.819700,20.336371,1.792278,2.849766,9.515332,0
2025-07-31,sz.300160,47.1747850800,47.3304774400,45.7735538400,46.0070923800,47.0969389000,26828300,160226153.0000,3.519100,1,-2.314000,19.865778,1.750803,2.783821,9.295142,0
2025-08-01,sz.300160,46.3184771000,46.6298618200,46.0070923800,46.4741694600,46.0070923800,17914478,106794094.6600,2.349900,1,1.015200,20.067461,1.768578,2.812083,9.389509,0
2025-08-04,sz.300160,46.1627847400,46.7855541800,45.8514000200,46.7077080000,46.4741694600,16373400,97584190.0000,2.147700,1,0.502500,20.168302,1.777465,2.826214,9.436693,0
2025-08-05,sz.300160,46.7855541800,47.0190927200,46.6298618200,46.9412465400,46.7077080000,14490900,87176214.0000,1.900800,1,0.500000,20.269144,1.786353,2.840345,9.483876,0
2025-08-06,sz.300160,47.0969389000,47.0969389000,46.7077080000,46.8634003600,46.9412465400,14349100,86406412.0000,1.882200,1,-0.165800,20.235530,1.783390,2.835635,9.468148,0
2025-08-07,sz.300160,46.8634003600,48.0310930600,46.3963232800,47.7197083400,46.8634003600,35423100,215290232.0000,4.646500,1,1.827200,20.605282,1.815977,2.887449,9.641154,0
2025-08-08,sz.300160,48.1867854200,49.2766319400,47.9532468800,48.3424777800,47.7197083400,54174632,338074843.1100,7.106200,1,1.305100,20.874193,1.839677,2.925132,9.766977,0
2025-08-11,sz.300160,47.9532468800,48.5760163200,47.5640159800,48.3424777800,48.3424777800,30971566,192105915.9800,4.062600,1,0.000000,20.874193,1.839677,2.925132,9.766977,0
2025-08-12,sz.300160,48.2646316000,49.1987857600,47.9532468800,49.1209395800,48.3424777800,41814565,261495278.1700,5.484900,1,1.610300,21.210331,1.869301,2.972235,9.924255,0
2025-08-13,sz.300160,49.1209395800,49.3544781200,48.3424777800,48.7317086800,49.1209395800,31711635,198338626.3000,4.159700,1,-0.792400,21.042262,1.854489,2.948683,9.845616,0
2025-08-14,sz.300160,48.6538625000,48.8095548600,47.2526312600,47.3304774400,48.7317086800,29744800,182909397.0200,3.901700,1,-2.875400,20.437213,1.801165,2.863897,9.562515,0
2025-08-15,sz.300160,47.5640159800,48.1867854200,47.1747850800,48.0310930600,47.3304774400,20254100,124728013.0000,2.656800,1,1.480300,20.739738,1.827827,2.906290,9.704066,0
2025-08-18,sz.300160,48.1867854200,49.1987857600,47.9532468800,49.1209395800,48.0310930600,35471927,221561210.1300,4.652900,1,2.269000,21.210331,1.869301,2.972235,9.924255,0
2025-08-19,sz.300160,49.1209395800,49.2766319400,48.4981701400,48.7317086800,49.1209395800,28208527,176841911.4800,3.700200,1,-0.792400,21.042262,1.854489,2.948683,9.845616,0
2025-08-20,sz.300160,48.7317086800,49.5880166600,48.4203239600,49.5880166600,48.7317086800,36515264,230246950.3200,4.789800,1,1.757200,21.412014,1.887076,3.000497,10.018622,0
2025-08-21,sz.300160,49.5101704800,50.6000170000,49.0430934000,50.5221708200,49.5880166600,51691280,331897353.9700,6.780400,1,1.883800,21.815380,1.922625,3.057022,10.207356,0
2025-08-22,sz.300160,50.6000170000,52.0790944200,49.5101704800,50.0550937400,50.5221708200,63677930,413438082.0700,8.352700,1,-0.924500,21.578597,1.926447,2.975547,-165.211490,0
2025-08-25,sz.300160,49.7437090200,49.8994013800,49.0430934000,49.5880166600,50.0550937400,41290311,261920186.6300,5.416100,1,-0.933100,21.377241,1.908471,2.947782,-163.669858,0
2025-08-26,sz.300160,49.4323243000,50.5221708200,48.8874010400,49.7437090200,49.5880166600,38687178,247660895.8000,5.074700,1,0.314000,21.444360,1.914463,2.957037,-164.183735,0
2025-08-27,sz.300160,49.6658628400,49.7437090200,47.8754007000,47.8754007000,49.7437090200,35042930,220219381.1000,4.596600,1,-3.755900,20.638938,1.842558,2.845974,-158.017210,0
2025-08-28,sz.300160,47.8754007000,48.3424777800,46.4741694600,48.1089392400,47.8754007000,29921240,182832563.8000,3.924800,1,0.487800,20.739615,1.851546,2.859857,-158.788026,0
2025-08-29,sz.300160,48.0310930600,48.0310930600,47.3304774400,47.4083236200,48.1089392400,15651600,95763158.0000,2.053000,1,-1.456300,20.437582,1.824582,2.818209,-156.475579,0
2025-09-01,sz.300160,47.6418621600,47.7197083400,47.0969389000,47.4861698000,47.4083236200,15281680,93048887.2000,2.004500,1,0.164200,20.471141,1.827578,2.822836,-156.732517,0
2025-09-02,sz.300160,47.5640159800,47.6418621600,46.5520156400,47.0190927200,47.4861698000,17189465,103693585.5800,2.254800,1,-0.983600,20.269786,1.809602,2.795071,-155.190886,0
2025-09-03,sz.300160,47.0969389000,47.4861698000,46.4741694600,47.3304774400,47.0190927200,19454352,117616624.2400,2.551900,1,0.662300,20.404023,1.821586,2.813581,-156.218640,0
2025-09-04,sz.300160,47.0190927200,48.1867854200,47.0190927200,47.8754007000,47.3304774400,24607981,151135702.9400,3.227900,1,1.151300,20.638938,1.842558,2.845974,-158.017210,0
2025-09-05,sz.300160,47.8754007000,48.4203239600,47.5640159800,48.3424777800,47.8754007000,22383542,138132831.2000,2.936100,1,0.975600,20.840293,1.860534,2.873740,-159.558841,0
2025-09-08,sz.300160,48.4203239600,48.4203239600,47.7975545200,48.3424777800,48.3424777800,17349743,107212786.5400,2.275800,1,0.000000,20.840293,1.860534,2.873740,-159.558841,0
2025-09-09,sz.300160,48.1867854200,48.1867854200,47.4083236200,47.5640159800,48.3424777800,13422127,82407362.7000,1.760600,1,-1.610300,20.504701,1.830574,2.827464,-156.989456,0
2025-09-10,sz.300160,47.4861698000,47.7975545200,47.3304774400,47.6418621600,47.5640159800,10077583,61531397.4700,1.321900,1,0.163700,20.538260,1.833570,2.832092,-157.246394,0
2025-09-11,sz.300160,47.6418621600,47.7975545200,46.9412465400,47.7197083400,47.6418621600,15868200,96498362.0000,2.081500,1,0.163400,20.571819,1.836566,2.836719,-157.503333,0
2025-09-12,sz.300160,47.7197083400,47.7197083400,47.0969389000,47.0969389000,47.7197083400,13417905,81665892.2100,1.760000,1,-1.305100,20.303345,1.812598,2.799698,-155.447825,0
2025-09-15,sz.300160,47.0969389000,47.2526312600,46.8634003600,46.9412465400,47.0969389000,10662893,64352817.0900,1.398700,1,-0.330600,20.236227,1.806606,2.790443,-154.933947,0
2025-09-16,sz.300160,46.8634003600,47.2526312600,46.7855541800,47.2526312600,46.9412465400,8241146,49815624.8400,1.081000,1,0.663300,20.370464,1.818590,2.808954,-155.961702,0
2025-09-17,sz.300160,47.0969389000,47.9532468800,47.0190927200,47.5640159800,47.2526312600,13709419,83915975.2000,1.798300,1,0.659000,20.504701,1.830574,2.827464,-156.989456,0
2025-09-18,sz.300160,47.5640159800,47.7975545200,46.6298618200,46.8634003600,47.5640159800,18385900,111334236.4000,2.411700,1,-1.473000,20.202667,1.803610,2.785816,-154.677009,0
2025-09-19,sz.300160,46.8634003600,47.0190927200,46.1627847400,46.3184771000,46.8634003600,13365140,79890008.6000,1.753100,1,-1.162800,19.967753,1.782638,2.753422,-152.878439,0
2025-09-22,sz.300160,45.8514000200,46.1627847400,44.6837073200,45.0729382200,46.3184771000,17108380,99169768.6000,2.244100,1,-2.689100,19.430805,1.734701,2.679381,-148.767422,0
2025-09-23,sz.300160,45.1507844000,45.2286305800,43.5160146200,44.5280149600,45.0729382200,14506900,82301698.0000,1.902900,1,-1.209000,19.195890,1.713729,2.646987,-146.968852,0
2025-09-24,sz.300160,44.2944764200,44.9950920400,44.2166302400,44.8393996800,44.5280149600,8192900,47010972.0000,1.074700,1,0.699300,19.330127,1.725713,2.665498,-147.996607,0
2025-09-25,sz.300160,44.9172458600,45.3843229400,44.4501687800,44.5280149600,44.8393996800,10004438,57615705.9200,1.312300,1,-0.694400,19.195890,1.713729,2.646987,-146.968852,0
2025-09-26,sz.300160,44.6837073200,45.0729382200,44.0609378800,44.6837073200,44.5280149600,7868300,45207554.0000,1.032100,1,0.349700,19.263009,1.719721,2.656243,-147.482729,0
2025-09-29,sz.300160,44.6837073200,45.0729382200,43.9830917000,44.9172458600,44.6837073200,8464703,48609944.7800,1.110300,1,0.522600,19.363686,1.728709,2.670126,-148.253545,0
2025-09-30,sz.300160,45.0729382200,45.0729382200,44.6058611400,44.7615535000,44.9172458600,7491123,43082039.2500,0.982600,1,-0.346600,19.296568,1.722717,2.660870,-147.739668,0
2025-10-09,sz.300160,44.8393996800,45.4621691200,44.6058611400,45.4621691200,44.7615535000,9458500,54875168.0000,1.240700,1,1.565200,19.598601,1.749681,2.702519,-150.052115,0
2025-10-10,sz.300160,45.3843229400,46.0849385600,45.1507844000,45.8514000200,45.4621691200,10528436,61964711.3500,1.381000,1,0.856200,19.766397,1.764662,2.725657,-151.336808,0
2025-10-13,sz.300160,44.8393996800,45.7735538400,44.2944764200,45.4621691200,45.8514000200,8935099,51713156.2600,1.172000,1,-0.848900,19.598601,1.749681,2.702519,-150.052115,0
2025-10-14,sz.300160,45.6178614800,46.4741694600,45.4621691200,45.6957076600,45.4621691200,12823923,75753831.9300,1.682100,1,0.513700,19.699279,1.758669,2.716402,-150.822931,0
2025-10-15,sz.300160,45.7735538400,46.1627847400,45.4621691200,46.1627847400,45.6957076600,9270600,54757449.0000,1.216000,1,1.022100,19.900634,1.776646,2.744167,-152.364562,0
2025-10-16,sz.300160,46.0849385600,46.2406309200,45.3843229400,45.7735538400,46.1627847400,8021000,47196515.0000,1.052100,1,-0.843200,19.732838,1.761666,2.721029,-151.079869,0
2025-10-17,sz.300160,45.6957076600,45.9292462000,44.7615535000,44.7615535000,45.7735538400,8189000,47773642.0000,1.074200,1,-2.210900,19.296568,1.722717,2.660870,-147.739668,0
2025-10-20,sz.300160,45.1507844000,45.6178614800,45.0729382200,45.3843229400,44.7615535000,5044100,29378160.0000,0.661600,1,1.391300,19.565042,1.746685,2.697891,-149.795176,0
2025-10-21,sz.300160,45.3843229400,46.1627847400,45.2286305800,46.1627847400,45.3843229400,9021520,53202955.2000,1.183400,1,1.715300,19.900634,1.776646,2.744167,-152.364562,0
2025-10-22,sz.300160,46.1627847400,46.4741694600,45.9292462000,46.0070923800,46.1627847400,7667100,45516263.0000,1.005700,1,-0.337300,19.833516,1.770654,2.734912,-151.850685,0
2025-10-23,sz.300160,46.0070923800,46.5520156400,45.6957076600,46.4741694600,46.0070923800,8711020,51630716.6000,1.142600,1,1.015200,20.034871,1.788630,2.762678,-153.392316,0
2025-10-24,sz.300160,46.2406309200,46.3184771000,45.6178614800,45.7735538400,46.4741694600,10118200,59660663.0000,1.327200,1,-1.507500,21.780221,1.735524,2.687876,-39.099966,0
2025-10-27,sz.300160,45.6957076600,46.0070923800,45.4621691200,45.7735538400,45.7735538400,7397000,43397742.0000,0.970300,1,0.000000,21.780221,1.735524,2.687876,-39.099966,0
2025-10-28,sz.300160,45.8514000200,46.1627847400,45.5400153000,46.0070923800,45.7735538400,8344500,49096631.0000,1.094600,1,0.510200,21.891345,1.744378,2.701590,-39.299456,0
2025-10-29,sz.300160,45.9292462000,45.9292462000,45.2286305800,45.5400153000,46.0070923800,8801729,51430041.0700,1.154500,1,-1.015200,21.669098,1.726669,2.674162,-38.900477,0
2025-10-30,sz.300160,45.5400153000,45.5400153000,45.0729382200,45.0729382200,45.5400153000,8298801,48279186.8200,1.088600,1,-1.025600,21.446851,1.708959,2.646735,-38.501497,0
2025-10-31,sz.300160,44.9950920400,45.5400153000,44.8393996800,45.3843229400,45.0729382200,6097034,35554435.6200,0.799800,1,0.690800,21.595016,1.720766,2.665020,-38.767484,0
2025-11-03,sz.300160,45.3843229400,45.9292462000,45.3064767600,45.8514000200,45.3843229400,9089719,53209583.7700,1.192300,1,1.029200,21.817263,1.738475,2.692447,-39.166463,0
2025-11-04,sz.300160,45.6957076600,46.0070923800,45.3843229400,45.6957076600,45.8514000200,7390100,43429047.0000,0.969400,1,-0.339600,21.743180,1.732572,2.683305,-39.033470,0
2025-11-05,sz.300160,45.5400153000,46.5520156400,45.4621691200,46.3963232800,45.6957076600,14205589,84465164.8800,1.863400,1,1.533200,22.076551,1.759136,2.724446,-39.631939,0
2025-11-06,sz.300160,46.3184771000,46.4741694600,46.1627847400,46.3963232800,46.3963232800,9406900,55972638.0000,1.233900,1,0.000000,22.076551,1.759136,2.724446,-39.631939,0
2025-11-07,sz.300160,46.3963232800,46.7855541800,46.2406309200,46.5520156400,46.3963232800,9601029,57469851.0000,1.259400,1,0.335600,22.150633,1.765039,2.733588,-39.764932,0
2025-11-10,sz.300160,46.5520156400,47.1747850800,46.3963232800,47.0190927200,46.5520156400,12635520,76206348.8000,1.657400,1,1.003300,22.372881,1.782749,2.761016,-40.163911,0
2025-11-11,sz.300160,47.2526312600,47.8754007000,47.0969389000,47.7197083400,47.0190927200,20561361,125734741.6900,2.697100,1,1.490100,22.706251,1.809313,2.802156,-40.762380,0
2025-11-12,sz.300160,47.7975545200,47.9532468800,47.0969389000,47.3304774400,47.7197083400,15154900,92354559.0000,1.987900,1,-0.815700,22.521045,1.794555,2.779300,-40.429897,0
2025-11-13,sz.300160,47.2526312600,47.8754007000,46.9412465400,47.5640159800,47.3304774400,14766900,90046598.0000,1.937000,1,0.493400,22.632169,1.803410,2.793014,-40.629387,0
2025-11-14,sz.300160,47.3304774400,47.8754007000,47.2526312600,47.3304774400,47.5640159800,12868400,78721231.0000,1.688000,1,-0.491000,22.521045,1.794555,2.779300,-40.429897,0
2025-11-17,sz.300160,47.3304774400,47.4083236200,46.9412465400,47.2526312600,47.3304774400,10815300,65481628.0000,1.418700,1,-0.164500,22.484004,1.791603,2.774729,-40.363401,0
2025-11-18,sz.300160,47.0969389000,47.2526312600,46.1627847400,46.4741694600,47.2526312600,12011400,71788083.0000,1.575600,1,-1.647400,22.113592,1.762088,2.729017,-39.698435,0
2025-11-19,sz.300160,46.4741694600,46.7855541800,45.3064767600,45.6178614800,46.4741694600,9651400,56784605.0000,1.266000,1,-1.842500,21.706139,1.729620,2.678734,-38.966973,0
2025-11-20,sz.300160,45.7735538400,45.9292462000,45.0729382200,45.3843229400,45.6178614800,8795100,51273374.0000,1.153700,1,-0.511900,21.595016,1.720766,2.665020,-38.767484,0
2025-11-21,sz.300160,45.1507844000,45.3064767600,43.3603222600,43.3603222600,45.3843229400,15822300,89573128.0000,2.075400,1,-4.459700,20.631944,1.644025,2.546168,-37.038574,0
2025-11-24,sz.300160,43.5938608000,43.9830917000,43.0489375400,43.7495531600,43.3603222600,9072065,50706675.6500,1.190000,1,0.897700,20.817150,1.658783,2.569024,-37.371056,0
2025-11-25,sz.300160,43.9830917000,44.4501687800,43.6717069800,44.1387840600,43.7495531600,7925303,44956551.9300,1.039600,1,0.889700,21.002356,1.673541,2.591880,-37.703539,0
2025-11-26,sz.300160,44.2166302400,44.6058611400,43.9052455200,43.9052455200,44.1387840600,7383115,41893770.9000,0.968500,1,-0.529100,20.891233,1.664686,2.578167,-37.504049,0
2025-11-27,sz.300160,43.9052455200,44.3723226000,43.7495531600,43.9052455200,43.9052455200,6403765,36304215.6000,0.840000,1,0.000000,20.891233,1.664686,2.578167,-37.504049,0
2025-11-28,sz.300160,43.9052455200,44.4501687800,43.6717069800,44.3723226000,43.9052455200,5973000,33830323.0000,0.783500,1,1.063800,21.113480,1.682395,2.605594,-37.903029,0
2025-12-01,sz.300160,44.3723226000,44.8393996800,44.2166302400,44.6837073200,44.3723226000,7398600,42478705.0000,0.970500,1,0.701800,21.261645,1.694202,2.623879,-38.169015,0
2025-12-02,sz.300160,44.6837073200,44.8393996800,44.1387840600,44.5280149600,44.6837073200,6345400,36263370.0000,0.832300,1,-0.348400,21.187562,1.688298,2.614737,-38.036022,0
2025-12-03,sz.300160,44.4501687800,44.8393996800,44.0609378800,44.2944764200,44.5280149600,7376800,42027906.0000,0.967600,1,-0.524500,21.076439,1.679444,2.601023,-37.836532,0
2025-12-04,sz.300160,44.0609378800,44.2944764200,43.4381684400,43.6717069800,44.2944764200,6609300,37188806.0000,0.867000,1,-1.406000,20.780109,1.655831,2.564453,-37.304560,0
2025-12-05,sz.300160,43.5160146200,44.4501687800,43.2824760800,44.2944764200,43.6717069800,6410400,36116959.0000,0.840900,1,1.426000,21.076439,1.679444,2.601023,-37.836532,0
2025-12-08,sz.300160,44.2944764200,44.5280149600,44.2166302400,44.2944764200,44.2944764200,6439600,36739226.0000,0.844700,1,0.000000,21.076439,1.679444,2.601023,-37.836532,0
2025-12-09,sz.300160,44.2166302400,44.4501687800,43.9052455200,44.0609378800,44.2944764200,5093660,28906810.2000,0.668100,1,-0.527200,20.965315,1.670589,2.587309,-37.637042,0
2025-12-10,sz.300160,44.0609378800,44.1387840600,43.5938608000,43.8273993400,44.0609378800,5337300,30029111.0000,0.700100,1,-0.530000,20.854192,1.661734,2.573596,-37.437553,0
2025-12-11,sz.300160,43.8273993400,43.9830917000,42.7375528200,42.7375528200,43.8273993400,8965220,49742337.4000,1.176000,1,-2.486700,20.335615,1.620412,2.509599,-36.506601,0
2025-12-12,sz.300160,42.6597066400,43.1267837200,42.3483219200,42.4261681000,42.7375528200,11034766,60557641.1100,1.447400,1,-0.728600,20.187450,1.608606,2.491314,-36.240615,0
2025-12-15,sz.300160,42.4261681000,42.8153990000,42.0369372000,42.5818604600,42.4261681000,8290815,45342374.0500,1.087500,1,0.367000,20.261533,1.614509,2.500456,-36.373608,0
2025-12-16,sz.300160,42.5040142800,42.5818604600,41.6477063000,41.7255524800,42.5818604600,7684680,41465904.0000,1.008000,1,-2.011000,19.854079,1.582042,2.450173,-35.642146,0
2025-12-17,sz.300160,41.7255524800,42.1926295600,41.1027830400,42.0369372000,41.7255524800,8243497,44071841.8300,1.081300,1,0.746300,20.002244,1.593848,2.468458,-35.908132,0
2025-12-18,sz.300160,41.9590910200,42.8153990000,41.8033986600,42.5818604600,42.0369372000,7480420,40924970.4000,0.981200,1,1.296300,20.261533,1.614509,2.500456,-36.373608,0
2025-12-19,sz.300160,42.5818604600,43.1267837200,42.4261681000,43.1267837200,42.5818604600,6461020,35604929.4000,0.847500,1,1.279700,20.520821,1.635170,2.532455,-36.839084,0
2025-12-22,sz.300160,43.1267837200,43.2824760800,42.7375528200,42.8153990000,43.1267837200,6578000,36359068.0000,0.862800,1,-0.722000,20.372656,1.623364,2.514170,-36.573098,0
2025-12-23,sz.300160,42.7375528200,42.8932451800,42.2704757400,42.4261681000,42.8153990000,5345100,29235658.0000,0.701100,1,-0.909100,20.187450,1.608606,2.491314,-36.240615,0
2025-12-24,sz.300160,42.5818604600,43.0489375400,42.2704757400,43.0489375400,42.4261681000,6401497,35215330.5300,0.839700,1,1.467900,20.483780,1.632219,2.527883,-36.772587,0
2025-12-25,sz.300160,43.0489375400,43.2824760800,42.8153990000,43.1267837200,43.0489375400,7107997,39349293.3800,0.932400,1,0.180800,20.520821,1.635170,2.532455,-36.839084,0
2025-12-26,sz.300160,43.1267837200,43.5160146200,42.8932451800,43.0489375400,43.1267837200,6190800,34375735.0000,0.812100,1,-0.180500,20.483780,1.632219,2.527883,-36.772587,0
2025-12-29,sz.300160,43.1267837200,43.1267837200,42.6597066400,42.7375528200,43.0489375400,6203500,34166904.0000,0.813700,1,-0.723300,20.335615,1.620412,2.509599,-36.506601,0
2025-12-30,sz.300160,42.5818604600,42.7375528200,42.1926295600,42.3483219200,42.7375528200,7391493,40337314.7800,0.969600,1,-0.910700,20.150409,1.605654,2.486742,-36.174119,0
2025-12-31,sz.300160,42.4261681000,42.5818604600,41.8812448400,42.3483219200,42.3483219200,5952600,32266236.0000,0.780800,1,0.000000,20.150409,1.605654,2.486742,-36.174119,0
2026-01-05,sz.300160,42.3483219200,42.9710913600,42.2704757400,42.8153990000,42.3483219200,7867348,43223427.4800,1.032000,1,1.102900,20.372656,1.623364,2.514170,-36.573098,0
2026-01-06,sz.300160,42.7375528200,44.3723226000,42.6597066400,43.9830917000,42.8153990000,17578468,98781195.7200,2.305800,1,2.727300,20.928274,1.667637,2.582738,-37.570546,0
2026-01-07,sz.300160,43.9052455200,43.9052455200,43.2046299000,43.2824760800,43.9830917000,12156435,67843185.6700,1.594600,1,-1.592900,20.594903,1.641073,2.541597,-36.972077,0
2026-01-08,sz.300160,43.2046299000,43.9830917000,42.9710913600,43.8273993400,43.2824760800,12950640,72603927.4000,1.698800,1,1.259000,20.854192,1.661734,2.573596,-37.437553,0
2026-01-09,sz.300160,43.8273993400,44.0609378800,43.5160146200,44.0609378800,43.8273993400,11098800,62543905.0000,1.455800,1,0.532900,20.965315,1.670589,2.587309,-37.637042,0
2026-01-12,sz.300160,44.1387840600,45.3064767600,43.9830917000,44.9950920400,44.0609378800,20135312,116083215.2900,2.641200,1,2.120100,21.409810,1.706008,2.642164,-38.435001,0
2026-01-13,sz.300160,44.9172458600,45.3843229400,44.3723226000,44.9950920400,44.9950920400,16558400,95579299.0000,2.172000,1,0.000000,21.409810,1.706008,2.642164,-38.435001,0
2026-01-14,sz.300160,44.9950920400,45.3064767600,44.4501687800,44.7615535000,44.9950920400,19397260,112010461.6000,2.544400,1,-0.519000,21.298686,1.697153,2.628450,-38.235511,0
2026-01-15,sz.300160,44.6837073200,44.9172458600,44.0609378800,44.2166302400,44.7615535000,10668620,60868532.2000,1.399400,1,-1.217400,21.039398,1.676492,2.596452,-37.770035,0
2026-01-16,sz.300160,44.2944764200,44.7615535000,44.1387840600,44.2944764200,44.2166302400,9331440,53225856.8000,1.224000,1,0.176100,21.076439,1.679444,2.601023,-37.836532,0
2026-01-19,sz.300160,44.2944764200,45.4621691200,44.1387840600,45.1507844000,44.2944764200,24136800,138836061.0000,3.166100,1,1.933200,21.483892,1.711911,2.651306,-38.567994,0
2026-01-20,sz.300160,44.9950920400,45.3843229400,44.7615535000,45.1507844000,45.1507844000,18506115,107105303.1400,2.427500,1,0.000000,21.483892,1.711911,2.651306,-38.567994,0
2026-01-21,sz.300160,45.1507844000,47.0969389000,45.0729382200,45.7735538400,45.1507844000,32617159,192851233.6700,4.278400,1,1.379300,21.780221,1.735524,2.687876,-39.099966,0
2026-01-22,sz.300160,45.5400153000,45.8514000200,45.1507844000,45.7735538400,45.7735538400,17845723,104357166.2400,2.340900,1,0.000000,21.780221,1.735524,2.687876,-39.099966,0
2026-01-23,sz.300160,45.7735538400,47.6418621600,45.6178614800,47.0190927200,45.7735538400,30931505,185870222.3000,4.057300,1,2.721100,22.372881,1.782749,2.761016,-40.163911,0
2026-01-26,sz.300160,48.1867854200,48.8095548600,46.7855541800,46.7855541800,47.0190927200,38257795,234611240.8400,5.018300,1,-0.496700,22.261757,1.773894,2.747302,-39.964421,0
2026-01-27,sz.300160,46.2406309200,46.9412465400,45.3843229400,46.7855541800,46.7855541800,27739322,164506875.2200,3.638600,1,0.000000,22.261757,1.773894,2.747302,-39.964421,0
2026-01-28,sz.300160,46.4741694600,47.3304774400,45.8514000200,45.8514000200,46.7855541800,18715800,111294732.0000,2.455000,1,-1.996700,21.817263,1.738475,2.692447,-39.166463,0
2026-01-29,sz.300160,45.8514000200,46.4741694600,45.5400153000,45.6957076600,45.8514000200,13746100,81161204.0000,1.803100,1,-0.339600,21.743180,1.732572,2.683305,-39.033470,0
2026-01-30,sz.300160,45.6178614800,45.9292462000,44.7615535000,45.4621691200,45.6957076600,14836130,86389280.0000,1.946100,1,-0.511100,21.632057,1.723717,2.669591,-38.833980,0
2026-02-02,sz.300160,45.3064767600,45.7735538400,44.6837073200,44.7615535000,45.4621691200,10983360,63919653.0000,1.440700,1,-1.541100,21.298686,1.697153,2.628450,-38.235511,0
2026-02-03,sz.300160,45.0729382200,46.2406309200,44.9950920400,46.0070923800,44.7615535000,13903020,81555437.8000,1.823700,1,2.782600,21.891345,1.744378,2.701590,-39.299456,0
2026-02-04,sz.300160,45.7735538400,47.0969389000,45.7735538400,46.9412465400,46.0070923800,20608100,123288930.0000,2.703200,1,2.030500,22.335839,1.779797,2.756444,-40.097414,0
2026-02-05,sz.300160,46.5520156400,46.8634003600,46.2406309200,46.3963232800,46.9412465400,14232720,85045316.0000,1.866900,1,-1.160900,22.076551,1.759136,2.724446,-39.631939,0
2026-02-06,sz.300160,46.0849385600,46.8634003600,46.0070923800,46.2406309200,46.3963232800,11266940,67273115.6000,1.477900,1,-0.335600,22.002469,1.753233,2.715303,-39.498946,0
2026-02-09,sz.300160,46.7077080000,47.7975545200,46.5520156400,47.1747850800,46.2406309200,19455794,118058476.2400,2.552000,1,2.020200,22.446963,1.788652,2.770158,-40.296904,0
2026-02-10,sz.300160,47.1747850800,47.2526312600,46.7077080000,46.7077080000,47.1747850800,12835200,77382471.0000,1.683600,1,-0.990100,22.224716,1.770942,2.742731,-39.897925,0
2026-02-11,sz.300160,46.6298618200,47.3304774400,46.5520156400,46.7855541800,46.7077080000,9274800,55925811.0000,1.216600,1,0.166700,22.261757,1.773894,2.747302,-39.964421,0
2026-02-12,sz.300160,46.7077080000,46.7855541800,45.9292462000,46.1627847400,46.7855541800,11722800,69729818.0000,1.537700,1,-1.331100,21.965427,1.750281,2.710732,-39.432449,0
2026-02-13,sz.300160,46.0070923800,46.3184771000,45.3843229400,45.3843229400,46.1627847400,11963000,70315236.0000,1.569200,1,-1.686300,21.595016,1.720766,2.665020,-38.767484,0
2026-02-24,sz.300160,45.9292462000,46.3184771000,45.7735538400,46.1627847400,45.3843229400,10110310,59873961.4000,1.326200,1,1.715300,21.965427,1.750281,2.710732,-39.432449,0
2026-02-25,sz.300160,46.0849385600,47.0190927200,46.0849385600,46.4741694600,46.1627847400,13129784,78728278.6400,1.722300,1,0.674500,22.113592,1.762088,2.729017,-39.698435,0
2026-02-26,sz.300160,46.4741694600,46.7077080000,46.0070923800,46.5520156400,46.4741694600,12429430,73950937.3000,1.630400,1,0.167500,22.150633,1.765039,2.733588,-39.764932,0
2026-02-27,sz.300160,46.4741694600,46.8634003600,46.3184771000,46.8634003600,46.5520156400,11511200,68965622.0000,1.509900,1,0.668900,22.298798,1.776846,2.751873,-40.030918,0
2026-03-02,sz.300160,46.1627847400,46.6298618200,45.0729382200,45.6957076600,46.8634003600,14474200,85084752.0000,1.898600,1,-2.491700,21.743180,1.732572,2.683305,-39.033470,0
2026-03-03,sz.300160,45.4621691200,46.1627847400,44.0609378800,44.1387840600,45.6957076600,14887900,86242366.0000,1.952900,1,-3.407200,21.002356,1.673541,2.591880,-37.703539,0
2026-03-04,sz.300160,43.7495531600,44.4501687800,43.2824760800,43.5938608000,44.1387840600,10571900,59522329.0000,1.386700,1,-1.234600,20.743068,1.652880,2.559882,-37.238063,0
2026-03-05,sz.300160,44.1387840600,45.3843229400,44.0609378800,44.9172458600,43.5938608000,12157000,70119117.0000,1.594700,1,3.035700,21.372768,1.703056,2.637593,-38.368504,0
2026-03-06,sz.300160,44.9172458600,46.3184771000,44.6837073200,46.0849385600,44.9172458600,12040060,70867113.2000,1.579300,1,2.599700,21.928386,1.747330,2.706161,-39.365952,0
2026-03-09,sz.300160,45.2286305800,46.4741694600,45.2286305800,45.9292462000,46.0849385600,13381047,78754927.4200,1.755200,1,-0.337800,21.854304,1.741427,2.697018,-39.232959,0
2026-03-10,sz.300160,46.0849385600,46.4741694600,45.8514000200,46.3184771000,45.9292462000,12461400,74048125.0000,1.634600,1,0.847500,22.039510,1.756185,2.719875,-39.565442,0
2026-03-11,sz.300160,46.3184771000,46.7855541800,46.0849385600,46.5520156400,46.3184771000,12471822,74522740.2400,1.636000,1,0.504200,22.150633,1.765039,2.733588,-39.764932,0
2026-03-12,sz.300160,46.5520156400,46.7077080000,46.1627847400,46.3184771000,46.5520156400,10822393,64565044.2800,1.419600,1,-0.501700,22.039510,1.756185,2.719875,-39.565442,0
2026-03-13,sz.300160,46.2406309200,47.0969389000,46.0849385600,46.3963232800,46.3184771000,14069000,84392148.0000,1.845500,1,0.168100,22.076551,1.759136,2.724446,-39.631939,0
2026-03-16,sz.300160,46.3963232800,46.7077080000,46.0070923800,46.2406309200,46.3963232800,11462500,68157237.0000,1.503600,1,-0.335600,22.002469,1.753233,2.715303,-39.498946,0
2026-03-17,sz.300160,46.3963232800,46.7855541800,45.7735538400,45.8514000200,46.2406309200,11965400,71295126.0000,1.569500,1,-0.841800,21.817263,1.738475,2.692447,-39.166463,0
2026-03-18,sz.300160,46.1627847400,46.6298618200,45.7735538400,46.6298618200,45.8514000200,14271005,84807880.6000,1.872000,1,1.697800,22.187675,1.767991,2.738159,-39.831428,0
2026-03-19,sz.300160,46.1627847400,46.7855541800,45.9292462000,46.0849385600,46.6298618200,16166700,96406480.0000,2.120600,1,-1.168600,21.928386,1.747330,2.706161,-39.365952,0
2026-03-20,sz.300160,46.1627847400,47.6418621600,44.9172458600,46.2406309200,46.0849385600,28188000,167593484.0000,3.697500,1,0.337800,22.002469,1.753233,2.715303,-39.498946,0
2026-03-23,sz.300160,45.4621691200,47.0190927200,44.7615535000,45.0729382200,46.2406309200,35022390,205695913.6400,4.593900,1,-2.525300,21.446851,1.708959,2.646735,-38.501497,0
2026-03-24,sz.300160,45.9292462000,47.1747850800,44.2166302400,46.6298618200,45.0729382200,39802007,233700228.9300,5.220900,1,3.454200,22.187675,1.767991,2.738159,-39.831428,0
2026-03-25,sz.300160,46.6298618200,47.5640159800,46.0070923800,47.3304774400,46.6298618200,39101351,236890056.2100,5.129000,1,1.502500,22.521045,1.794555,2.779300,-40.429897,0
2026-03-26,sz.300160,47.5640159800,48.0310930600,46.7077080000,47.2526312600,47.3304774400,33463740,202886896.8000,4.389500,1,-0.164500,22.484004,1.791603,2.774729,-40.363401,0
2026-03-27,sz.300160,46.7077080000,47.0969389000,46.0849385600,46.9412465400,47.2526312600,32584160,195075938.6000,4.274100,1,-0.659000,22.335839,1.779797,2.756444,-40.097414,0
2026-03-30,sz.300160,46.3963232800,47.0190927200,44.2944764200,45.6957076600,46.9412465400,32137960,187159652.2000,4.215600,1,-2.653400,21.743180,1.732572,2.683305,-39.033470,0
2026-03-31,sz.300160,45.6957076600,46.2406309200,43.5160146200,43.5938608000,45.6957076600,32478140,186863160.6000,4.260200,1,-4.599700,20.743068,1.652880,2.559882,-37.238063,0
2026-04-01,sz.300160,44.3723226000,45.0729382200,43.5938608000,44.5280149600,43.5938608000,20386120,115724620.6000,2.674100,1,2.142900,21.187562,1.688298,2.614737,-38.036022,0
2026-04-02,sz.300160,44.4501687800,44.5280149600,42.4261681000,43.1267837200,44.5280149600,22160500,122962522.0000,2.906800,1,-3.146900,20.520821,1.635170,2.532455,-36.839084,0
2026-04-03,sz.300160,43.0489375400,43.1267837200,40.7135521400,40.7913983200,43.1267837200,17098400,91185402.0600,2.242800,1,-5.415200,19.409585,1.546623,2.395318,-34.844188,0
2026-04-07,sz.300160,40.9470906800,41.5698601200,40.7913983200,41.4920139400,40.7913983200,8158700,43256261.0000,1.070200,1,1.717600,19.742956,1.573187,2.436459,-35.442657,0
2026-04-08,sz.300160,42.2704757400,42.8153990000,41.8812448400,42.8153990000,41.4920139400,10061480,54893442.2000,1.319800,1,3.189500,20.372656,1.623364,2.514170,-36.573098,0
2026-04-09,sz.300160,42.4261681000,42.6597066400,41.6477063000,41.8033986600,42.8153990000,8639000,46694651.0000,1.133200,1,-2.363600,19.891121,1.584993,2.454744,-35.708643,0
2026-04-10,sz.300160,42.0369372000,42.7375528200,42.0369372000,42.2704757400,41.8033986600,9177000,50044429.0000,1.203800,1,1.117300,20.113368,1.602703,2.482171,-36.107622,0
2026-04-13,sz.300160,42.2704757400,42.3483219200,41.8033986600,42.2704757400,42.2704757400,6070300,32812555.0000,0.796300,1,0.000000,20.113368,1.602703,2.482171,-36.107622,0
2026-04-14,sz.300160,42.5818604600,42.5818604600,41.8812448400,42.3483219200,42.2704757400,6219910,33746005.4000,0.815900,1,0.184200,20.150409,1.605654,2.486742,-36.174119,0
2026-04-15,sz.300160,42.5818604600,42.6597066400,41.9590910200,42.0369372000,42.3483219200,5639600,30643217.0000,0.739800,1,-0.735300,20.002244,1.593848,2.468458,-35.908132,0
2026-04-16,sz.300160,41.9590910200,42.9710913600,41.8812448400,42.8153990000,42.0369372000,8992000,49185853.0000,1.179500,1,1.851900,20.372656,1.623364,2.514170,-36.573098,0
2026-04-17,sz.300160,42.5818604600,42.7375528200,41.8812448400,42.2704757400,42.8153990000,10219169,55362276.0300,1.340800,1,-1.272700,21.733956,1.589645,2.516196,722.625445,0
2026-04-20,sz.300160,42.2704757400,42.3483219200,41.7255524800,42.1926295600,42.2704757400,9917200,53575805.1200,1.301200,1,-0.184200,21.693930,1.586718,2.511562,721.294643,0
2026-04-21,sz.300160,42.1926295600,42.1926295600,41.4920139400,41.6477063000,42.1926295600,8060400,43167581.8000,1.057600,1,-1.291500,21.413750,1.566225,2.479125,711.979030,0
2026-04-22,sz.300160,41.4920139400,41.6477063000,41.3363215800,41.4920139400,41.6477063000,7341400,39135209.0000,0.963200,1,-0.373800,21.333699,1.560370,2.469857,709.317426,0
2026-04-23,sz.300160,41.1027830400,41.1027830400,39.9350903400,40.1686288800,41.4920139400,16382681,84909050.9600,2.149500,1,-3.189500,27.239234,1.489481,2.542867,-7.323698,0
2026-04-24,sz.300160,39.8572441600,40.4800136000,39.5458594400,40.3243212400,40.1686288800,10666222,54853308.1000,1.399500,1,0.387600,27.344812,1.495254,2.552724,-7.352085,0
2026-04-27,sz.300160,40.4021674200,40.6357059600,39.6237056200,40.5578597800,40.3243212400,8865127,45631242.7000,1.163200,1,0.579200,27.503180,1.503914,2.567508,-7.394664,0
2026-04-28,sz.300160,40.3243212400,40.4021674200,39.9350903400,40.1686288800,40.5578597800,6904520,35551790.6000,0.905900,1,-0.959700,27.239234,1.489481,2.542867,-7.323698,0
2026-04-29,sz.300160,40.1686288800,40.8692445000,39.9350903400,40.7913983200,40.1686288800,7307947,38183665.8700,0.958800,1,1.550400,27.661547,1.512574,2.582292,-7.437244,0
2026-04-30,sz.300160,40.7913983200,41.1027830400,40.6357059600,40.9470906800,40.7913983200,6935400,36418635.0000,0.910000,1,0.381700,27.767126,1.518347,2.592148,-7.465631,0
2026-05-06,sz.300160,41.1027830400,41.2584754000,40.6357059600,40.8692445000,40.9470906800,7838700,41222927.0000,1.028500,1,-0.190100,27.714337,1.515460,2.587220,-7.451437,0
2026-05-07,sz.300160,40.7913983200,41.1027830400,40.7135521400,40.9470906800,40.8692445000,7203760,37862931.4000,0.945200,1,0.190500,27.767126,1.518347,2.592148,-7.465631,0
2026-05-08,sz.300160,40.8692445000,41.2584754000,40.7135521400,41.1027830400,40.9470906800,6426180,33874159.2000,0.843200,1,0.380200,27.872704,1.524120,2.602004,-7.494017,0
2026-05-11,sz.300160,41.1027830400,41.1806292200,40.6357059600,40.8692445000,41.1027830400,8815800,46286940.0000,1.156700,1,-0.568200,27.714337,1.515460,2.587220,-7.451437,0
2026-05-12,sz.300160,40.9470906800,40.9470906800,40.1686288800,40.1686288800,40.8692445000,8980991,46691517.3300,1.178400,1,-1.714300,27.239234,1.489481,2.542867,-7.323698,0
2026-05-13,sz.300160,40.1686288800,40.7135521400,40.0907827000,40.4800136000,40.1686288800,7167800,37280172.0000,0.940500,1,0.775200,27.450390,1.501027,2.562580,-7.380471,0
2026-05-14,sz.300160,40.5578597800,40.5578597800,39.7015518000,39.7793979800,40.4800136000,7339624,37751103.6000,0.963000,1,-1.730800,26.975288,1.475048,2.518227,-7.252732,0
2026-05-15,sz.300160,39.8572441600,40.0907827000,39.3123209000,39.6237056200,39.7793979800,6912975,35244087.0000,0.907000,1,-0.391400,26.869709,1.469275,2.508371,-7.224346,0
2026-05-18,sz.300160,39.6237056200,39.7015518000,38.7673976400,39.4680132600,39.6237056200,7012600,35276711.0000,0.920100,1,-0.392900,26.764131,1.463502,2.498515,-7.195959,0
2026-05-19,sz.300160,39.3123209000,40.0129365200,39.3123209000,40.0129365200,39.4680132600,6037300,30763980.0000,0.792100,1,1.380700,27.133655,1.483708,2.533011,-7.295312,0
2026-05-20,sz.300160,39.7793979800,39.9350903400,39.0009361800,39.1566285400,40.0129365200,5434929,27380440.5800,0.713100,1,-2.140100,26.552974,1.451955,2.478803,-7.139187,0
2026-05-21,sz.300160,39.4724100000,40.2618582000,39.3145203600,39.3934651800,39.1566307200,10988400,55444052.5800,1.441700,1,0.604800,26.341817,1.440409,2.459091,-7.082414,0
2026-05-22,sz.300160,39.3934651800,39.6302996400,38.5250721600,38.9987410800,39.3934651800,8753400,43145010.0000,1.148500,1,-1.002000,26.077871,1.425976,2.434451,-7.011448,0
2026-05-25,sz.300160,38.9197962600,39.2355755400,38.6829618000,39.2355755400,38.9987410800,7158200,35352065.0000,0.939200,1,0.607300,26.236239,1.434636,2.449235,-7.054027,0
2026-05-26,sz.300160,39.0776859000,39.1566307200,38.1303480600,38.5250721600,39.2355755400,7801100,38074607.0000,1.023600,1,-1.810900,25.761136,1.408656,2.404882,-6.926288,0
2026-05-27,sz.300160,38.5250721600,38.6829618000,37.2619550400,37.6566791400,38.5250721600,7349000,35170816.0000,0.964200,1,-2.254100,25.180454,1.376904,2.350674,-6.770163,0
2026-05-28,sz.300160,37.5777343200,39.5513548200,37.3408998600,39.3934651800,37.6566791400,12878480,62983010.7800,1.689700,1,4.612200,26.341817,1.440409,2.459091,-7.082414,0
2026-05-29,sz.300160,39.4724100000,40.2618582000,38.5250721600,39.6302996400,39.3934651800,17800203,88879581.0600,2.335500,1,0.601200,26.500185,1.449069,2.473875,-7.124993,0
2026-06-01,sz.300160,39.0776859000,39.9460789200,38.9197962600,39.6302996400,39.6302996400,7452302,37297733.0200,0.977800,1,0.000000,26.500185,1.449069,2.473875,-7.124993,0
2026-06-02,sz.300160,39.2355755400,39.6302996400,38.7619066200,38.9987410800,39.6302996400,6063180,30005824.0600,0.795500,1,-1.593600,26.077871,1.425976,2.434451,-7.011448,0
2026-06-03,sz.300160,38.6829618000,39.1566307200,38.4461273400,38.4461273400,38.9987410800,4329500,21263422.0000,0.568100,1,-1.417000,25.708346,1.405770,2.399954,-6.912095,0
2026-06-04,sz.300160,38.2882377000,38.5250721600,37.1040654000,37.4198446800,38.4461273400,7210500,34382196.0000,0.946100,1,-2.669400,25.022087,1.368244,2.335890,-6.727583,0
2026-06-05,sz.300160,37.0251205800,40.3408030200,36.7882861200,39.7092444600,37.4198446800,22096601,109817155.9400,2.899200,1,6.118100,26.552974,1.451955,2.478803,-7.139187,0
2026-06-08,sz.300160,38.5250721600,39.1566307200,37.9724584200,38.1303480600,39.7092444600,14449900,70554179.0200,1.895900,1,-3.976100,25.497190,1.394224,2.380242,-6.855322,0
2026-06-09,sz.300160,38.5250721600,38.6040169800,37.5777343200,38.0514032400,38.1303480600,7161200,34421040.0000,0.939600,1,-0.207000,25.444400,1.391337,2.375314,-6.841129,0
2026-06-10,sz.300160,37.8935136000,37.8935136000,36.7093413000,37.1830102200,38.0514032400,7540100,35451323.0000,0.989300,1,-2.282200,24.863719,1.359584,2.321106,-6.685004,0
2026-06-11,sz.300160,37.0251205800,37.1830102200,35.6830586400,35.9988379200,37.1830102200,8122000,37240092.0000,1.065700,1,-3.184700,24.071881,1.316286,2.247185,-6.472106,0
2026-06-12,sz.300160,36.1567275600,36.8672309400,35.8409482800,36.4725068400,35.9988379200,5906420,27260905.6000,0.775000,1,1.315800,24.388616,1.333605,2.276753,-6.557265,0
2026-06-15,sz.300160,36.7882861200,37.2619550400,36.5514516600,36.8672309400,36.4725068400,5286200,24699868.0000,0.693600,1,1.082300,24.652562,1.348038,2.301394,-6.628231,0
2026-06-16,sz.300160,36.7093413000,37.1040654000,36.3146172000,36.8672309400,36.8672309400,6174320,28714357.0000,0.810100,1,0.000000,24.652562,1.348038,2.301394,-6.628231,0
2026-06-17,sz.300160,36.7093413000,37.8145687800,36.5514516600,36.9461757600,36.8672309400,8685740,40915034.0000,1.139600,1,0.214100,24.705351,1.350925,2.306322,-6.642424,0
2026-06-18,sz.300160,36.7093413000,36.9461757600,35.5251690000,35.6830586400,36.9461757600,9376220,42543560.0000,1.230200,1,-3.418800,23.860724,1.304739,2.227473,-6.415333,0
2026-06-22,sz.300160,35.6830586400,35.6830586400,33.9462726000,35.1304449000,35.6830586400,9192392,40288675.4800,1.206100,1,-1.548700,23.491200,1.284533,2.192977,-6.315980,0
2026-06-23,sz.300160,35.0515000800,36.0777827400,34.8146656200,35.3672793600,35.1304449000,7865900,35512105.0000,1.032100,1,0.674200,23.649567,1.293193,2.207761,-6.358560,0
2026-06-24,sz.300160,34.9725552600,35.2883345400,33.9462726000,34.0252174200,35.3672793600,7631700,33195357.0000,1.001300,1,-3.794600,22.752151,1.244121,2.123984,-6.117275,0
2026-06-25,sz.300160,34.0252174200,34.1831070600,33.1568244000,33.3936588600,34.0252174200,6487520,27488366.0000,0.851200,1,-1.856100,22.329837,1.221028,2.084560,-6.003729,0
2026-06-26,sz.300160,33.3147140400,33.4726036800,32.7621003000,32.7621003000,33.3936588600,8505060,35680736.4000,1.115900,1,-1.891300,21.907523,1.197935,2.045136,-5.890184,0
2026-06-29,sz.300160,32.6042106600,32.9989347600,31.7358176400,32.8410451200,32.7621003000,7987620,32828668.6000,1.048000,1,0.241000,21.960312,1.200822,2.050064,-5.904377,0
2026-06-30,sz.300160,32.5252658400,33.6304933200,32.2884313800,32.9199899400,32.8410451200,8373620,34866162.2000,1.098700,1,0.240400,22.013102,1.203708,2.054992,-5.918570,0
2026-07-01,sz.300160,32.9199899400,33.7094381400,32.4463210200,33.4726036800,32.9199899400,8137965,34286722.3500,1.067800,1,1.678700,22.382626,1.223915,2.089488,-6.017923,0
2026-07-02,sz.300160,33.2357692200,34.0252174200,33.2357692200,33.4726036800,33.4726036800,7586165,32380203.8500,0.995400,1,0.000000,22.382626,1.223915,2.089488,-6.017923,0
2026-07-03,sz.300160,33.7094381400,34.7357208000,33.4726036800,34.4988863400,33.4726036800,11085060,48015238.2000,1.454400,1,3.066000,23.068886,1.261440,2.153553,-6.202434,0
2026-07-06,sz.300160,34.4988863400,36.0777827400,34.3409967000,34.6567759800,34.4988863400,12969492,57800645.8800,1.701700,1,0.457700,23.174464,1.267213,2.163409,-6.230821,0
2026-07-07,sz.300160,34.5778311600,34.8146656200,33.3936588600,33.6304933200,34.6567759800,6801000,29144128.0000,0.892300,1,-2.961300,22.488205,1.229688,2.099344,-6.046309,0
2026-07-08,sz.300160,33.6304933200,33.7883829600,32.9199899400,33.3936588600,33.6304933200,4698100,19906726.0000,0.616400,1,-0.704200,22.329837,1.221028,2.084560,-6.003729,0
2026-07-09,sz.300160,33.5515485000,33.7094381400,32.6042106600,32.9989347600,33.3936588600,5885720,24648652.4000,0.772200,1,-1.182000,22.065891,1.206595,2.059920,-5.932763,0
2026-07-10,sz.300160,32.9989347600,34.5778311600,32.6042106600,34.0252174200,32.9989347600,9027000,38763469.0000,1.184400,1,3.110000,22.752151,1.244121,2.123984,-6.117275,0
2026-07-13,sz.300160,33.9462726000,33.9462726000,32.8410451200,32.9989347600,34.0252174200,7425600,31210418.0000,0.974300,1,-3.016200,22.065891,1.206595,2.059920,-5.932763,0
2026-07-14,sz.300160,33.0778795800,33.7094381400,32.6042106600,33.7094381400,32.9989347600,5695200,23996852.0000,0.747200,1,2.153100,22.540994,1.232574,2.104272,-6.060502,0
2026-07-15,sz.300160,33.6304933200,34.2620518800,33.3936588600,34.1041622400,33.7094381400,6320000,27180662.0000,0.829200,1,1.171000,22.804940,1.247007,2.128912,-6.131468,0
2026-07-16,sz.300160,33.9462726000,34.6567759800,33.7094381400,34.2620518800,34.1041622400,5888002,25585416.6600,0.772500,1,0.463000,22.910518,1.252781,2.138768,-6.159855,0
2026-07-17,sz.300160,34.2620518800,34.6567759800,33.0778795800,33.3147140400,34.2620518800,8073800,34582418.0000,1.059300,1,-2.765000,22.277048,1.218141,2.079632,-5.989536,0
2026-07-20,sz.300160,33.6304933200,34.0252174200,32.6042106600,32.9199899400,33.3147140400,8073920,34073953.4000,1.059300,1,-1.184800,22.013102,1.203708,2.054992,-5.918570,0
2026-07-21,sz.300160,32.9989347600,33.1568244000,32.1305417400,32.6042106600,32.9199899400,8801000,36340650.0000,1.154700,1,-0.959200,21.801945,1.192162,2.035280,-5.861797,0
2026-07-22,sz.300160,32.5252658400,32.6831554800,31.7358176400,31.9726521000,32.6042106600,7825967,31838705.0400,1.026800,1,-1.937000,21.379631,1.169069,1.995855,-5.748252,0
2026-07-23,sz.300160,31.9726521000,33.0778795800,31.7358176400,32.9199899400,31.9726521000,6331799,26134697.8500,0.830800,1,2.963000,22.013102,1.203708,2.054992,-5.918570,0
2026-07-24,sz.300160,32.6831554800,32.8410451200,32.0515969200,32.1305417400,32.9199899400,4623100,18977590.0000,0.606600,1,-2.398100,21.485209,1.174843,2.005711,-5.776638,0
2026-07-27,sz.300160,31.9726521000,32.9199899400,31.9726521000,32.8410451200,32.1305417400,5031600,20820015.0000,0.660200,1,2.211300,21.960312,1.200822,2.050064,-5.904377,0
2026-07-28,sz.300160,32.6831554800,33.3936588600,32.5252658400,32.9989347600,32.8410451200,4793300,20063505.0000,0.628900,1,0.480800,22.065891,1.206595,2.059920,-5.932763,0
2026-07-29,sz.300160,32.8410451200,33.7883829600,32.8410451200,33.5515485000,32.9989347600,7249000,30776761.0000,0.951100,1,1.674600,22.435415,1.226801,2.094416,-6.032116,0
2026-07-30,sz.300160,33.4726036800,33.9462726000,33.1568244000,33.3147140400,33.5515485000,5961500,25378835.2000,0.782200,1,-0.705900,22.277048,1.218141,2.079632,-5.989536,0
2026-07-31,sz.300160,33.6304933200,34.1041622400,33.6304933200,34.0252174200,33.3147140400,6931229,29717394.8300,0.909400,1,2.132700,22.752151,1.244121,2.123984,-6.117275,0
2026-08-03,sz.300160,33.9462726000,34.7357208000,33.7883829600,34.5778311600,34.0252174200,5303503,23100985.9600,0.695900,1,1.624100,23.121675,1.264327,2.158481,-6.216628,0
2026-08-04,sz.300160,34.7357208000,35.0515000800,34.4199415200,34.4199415200,34.5778311600,6775906,29746836.2800,0.889000,1,-0.456600,23.016097,1.258554,2.148624,-6.188241,0
2026-08-05,sz.300160,34.4988863400,34.5778311600,33.9462726000,34.2620518800,34.4199415200,7438942,32322714.1200,0.976000,1,-0.458700,22.910518,1.252781,2.138768,-6.159855,0
2026-08-06,sz.300160,34.1831070600,34.4199415200,33.8673277800,34.2620518800,34.2620518800,6707700,29043368.0000,0.880100,1,0.000000,22.910518,1.252781,2.138768,-6.159855,0
2026-08-07,sz.300160,34.1831070600,34.3409967000,33.5515485000,33.8673277800,34.2620518800,6145720,26339676.0000,0.806400,1,-1.152100,22.646572,1.238348,2.114128,-6.088889,0
2026-08-10,sz.300160,33.8673277800,34.8146656200,33.7094381400,34.6567759800,33.8673277800,8051303,35140424.1700,1.056400,1,2.331000,23.174464,1.267213,2.163409,-6.230821,0
2026-08-11,sz.300160,34.7357208000,34.7357208000,34.1831070600,34.4988863400,34.6567759800,4929700,21525469.0000,0.646800,1,-0.455600,23.068886,1.261440,2.153553,-6.202434,0
2026-08-12,sz.300160,34.3409967000,35.0515000800,34.3409967000,34.9725552600,34.4988863400,6300633,27770531.9300,0.826700,1,1.373000,23.385621,1.278760,2.183121,-6.287594,0
2026-08-13,sz.300160,34.9725552600,35.0515000800,34.4988863400,34.4988863400,34.9725552600,5965600,26236952.0000,0.782700,1,-1.354400,23.068886,1.261440,2.153553,-6.202434,0
2026-08-14,sz.300160,34.4988863400,34.7357208000,34.1041622400,34.2620518800,34.4988863400,4361700,18978726.0000,0.572300,1,-0.686500,22.910518,1.252781,2.138768,-6.159855,0
2026-08-17,sz.300160,34.5778311600,34.9725552600,34.1831070600,34.8146656200,34.2620518800,5267203,23124194.2300,0.691100,1,1.612900,23.280043,1.272987,2.173265,-6.259207,0
2026-08-18,sz.300160,34.7357208000,34.8146656200,34.2620518800,34.8146656200,34.8146656200,6731800,29438448.0000,0.883300,1,0.000000,23.280043,1.272987,2.173265,-6.259207,0
2026-08-19,sz.300160,34.5778311600,34.6567759800,33.5515485000,33.6304933200,34.8146656200,7343233,31592461.9000,0.963500,1,-3.401400,22.488205,1.229688,2.099344,-6.046309,0
2026-08-20,sz.300160,33.9462726000,34.5778311600,33.7094381400,34.2620518800,33.6304933200,6512800,28351208.0000,0.854500,1,1.877900,22.910518,1.252781,2.138768,-6.159855,0
2026-08-21,sz.300160,34.4199415200,34.4988863400,33.7883829600,34.2620518800,34.2620518800,5764088,24944906.9200,0.755500,1,0.000000,22.910518,1.252781,2.138768,-6.159855,0
2026-08-24,sz.300160,34.4199415200,34.8936104400,33.8673277800,34.1041622400,34.2620518800,6460200,27966051.0000,0.846700,1,-0.460800,27.611189,1.263721,2.122243,-60.168873,0
2026-08-25,sz.300160,33.9462726000,34.8936104400,33.8673277800,34.8146656200,34.1041622400,6282300,27508792.0000,0.823400,1,2.083300,28.186422,1.290048,2.166457,-61.422391,0
2026-08-26,sz.300160,34.7357208000,35.2093897200,34.7357208000,34.8146656200,34.8146656200,6591400,29181140.0000,0.863900,1,0.000000,28.186422,1.290048,2.166457,-61.422391,0
2026-08-27,sz.300160,34.7357208000,34.8936104400,34.3409967000,34.7357208000,34.8146656200,5244660,23024241.8000,0.687400,1,-0.226800,28.122507,1.287123,2.161544,-61.283111,0
